Downloaded data: 30,528 candles, 2023-03-25 00:00:00+00:00 to 2026-09-16 23:00:00+00:00; no missing hours
dev_train: 28,152 candles, 2023-04-01 00:00:00+00:00 to 2026-06-16 23:00:00+00:00; no missing hours
val: 1,464 candles, 2026-06-17 00:00:00+00:00 to 2026-08-16 23:00:00+00:00; no missing hours
eval: 744 candles, 2026-08-17 00:00:00+00:00 to 2026-09-16 23:00:00+00:00; no missing hours
episode   1/1013  eps 1.000  train return   -7.57%  loss 5.57e-04  maxQ +0.1810  changes   598  0.0 min
episode   2/1013  eps 0.991  train return   -2.08%  loss 5.48e-05  maxQ +0.1414  changes   570  0.0 min
episode   3/1013  eps 0.982  train return  -11.19%  loss 4.46e-05  maxQ +0.1120  changes   563  0.0 min
episode   4/1013  eps 0.973  train return  -13.21%  loss 4.31e-05  maxQ +0.0923  changes   583  0.1 min
episode   5/1013  eps 0.964  train return  -15.96%  loss 4.53e-05  maxQ +0.0709  changes   574  0.1 min
episode   6/1013  eps 0.955  train return  -21.26%  loss 4.65e-05  maxQ +0.0589  changes   589  0.1 min
episode   7/1013  eps 0.947  train return  -13.90%  loss 4.34e-05  maxQ +0.0501  changes   569  0.1 min
episode   8/1013  eps 0.938  train return  -15.08%  loss 4.26e-05  maxQ +0.0405  changes   592  0.1 min
episode   9/1013  eps 0.929  train return   -7.40%  loss 4.19e-05  maxQ +0.0405  changes   567  0.1 min
episode  10/1013  eps 0.921  train return  -14.41%  loss 4.04e-05  maxQ +0.0363  changes   563  0.1 min | val return -7.05% (best -7.05%)
episode  11/1013  eps 0.913  train return  -20.19%  loss 4.16e-05  maxQ +0.0344  changes   563  0.2 min
episode  12/1013  eps 0.904  train return  -19.45%  loss 3.93e-05  maxQ +0.0363  changes   565  0.2 min
episode  13/1013  eps 0.896  train return   +7.19%  loss 3.74e-05  maxQ +0.0325  changes   571  0.2 min
episode  14/1013  eps 0.888  train return   -8.79%  loss 3.74e-05  maxQ +0.0292  changes   578  0.2 min
episode  15/1013  eps 0.880  train return   -2.00%  loss 3.89e-05  maxQ +0.0280  changes   564  0.2 min
episode  16/1013  eps 0.872  train return   -5.97%  loss 4.14e-05  maxQ +0.0385  changes   576  0.2 min
episode  17/1013  eps 0.864  train return   +0.20%  loss 3.92e-05  maxQ +0.0390  changes   570  0.2 min
episode  18/1013  eps 0.856  train return  +10.18%  loss 3.79e-05  maxQ +0.0357  changes   571  0.2 min
episode  19/1013  eps 0.848  train return  -16.85%  loss 3.51e-05  maxQ +0.0355  changes   558  0.3 min
episode  20/1013  eps 0.841  train return  +20.78%  loss 3.47e-05  maxQ +0.0306  changes   595  0.3 min | val return +18.86% (best +18.86%)
episode  21/1013  eps 0.833  train return  -27.81%  loss 3.47e-05  maxQ +0.0269  changes   551  0.3 min
episode  22/1013  eps 0.825  train return   -5.53%  loss 3.44e-05  maxQ +0.0262  changes   556  0.3 min
episode  23/1013  eps 0.818  train return   -3.81%  loss 3.36e-05  maxQ +0.0226  changes   568  0.3 min
episode  24/1013  eps 0.810  train return  -15.55%  loss 3.28e-05  maxQ +0.0225  changes   573  0.3 min
episode  25/1013  eps 0.803  train return   -3.25%  loss 3.47e-05  maxQ +0.0272  changes   578  0.3 min
episode  26/1013  eps 0.796  train return   -1.07%  loss 3.31e-05  maxQ +0.0304  changes   564  0.3 min
episode  27/1013  eps 0.788  train return  -21.78%  loss 3.49e-05  maxQ +0.0263  changes   560  0.4 min
episode  28/1013  eps 0.781  train return  -18.84%  loss 3.24e-05  maxQ +0.0220  changes   543  0.4 min
episode  29/1013  eps 0.774  train return   -2.86%  loss 3.28e-05  maxQ +0.0225  changes   564  0.4 min
episode  30/1013  eps 0.767  train return   +8.39%  loss 3.38e-05  maxQ +0.0228  changes   540  0.4 min | val return -6.44% (best +18.86%)
episode  31/1013  eps 0.760  train return  +50.41%  loss 3.16e-05  maxQ +0.0216  changes   573  0.4 min
episode  32/1013  eps 0.753  train return   -8.00%  loss 3.23e-05  maxQ +0.0217  changes   561  0.4 min
episode  33/1013  eps 0.746  train return  -31.79%  loss 3.35e-05  maxQ +0.0253  changes   567  0.4 min
episode  34/1013  eps 0.740  train return  -27.26%  loss 3.28e-05  maxQ +0.0269  changes   554  0.4 min
episode  35/1013  eps 0.733  train return  -16.86%  loss 3.66e-05  maxQ +0.0264  changes   574  0.5 min
episode  36/1013  eps 0.726  train return   -8.60%  loss 3.67e-05  maxQ +0.0324  changes   549  0.5 min
episode  37/1013  eps 0.720  train return   -5.70%  loss 3.71e-05  maxQ +0.0277  changes   572  0.5 min
episode  38/1013  eps 0.713  train return  -39.60%  loss 3.47e-05  maxQ +0.0284  changes   566  0.5 min
episode  39/1013  eps 0.707  train return   +9.87%  loss 3.45e-05  maxQ +0.0267  changes   549  0.5 min
episode  40/1013  eps 0.700  train return   -9.49%  loss 3.85e-05  maxQ +0.0273  changes   529  0.5 min | val return -22.85% (best +18.86%)
episode  41/1013  eps 0.694  train return   -0.13%  loss 3.63e-05  maxQ +0.0233  changes   543  0.5 min
episode  42/1013  eps 0.687  train return   +4.27%  loss 3.47e-05  maxQ +0.0220  changes   551  0.6 min
episode  43/1013  eps 0.681  train return   +9.45%  loss 3.41e-05  maxQ +0.0231  changes   543  0.6 min
episode  44/1013  eps 0.675  train return   -2.30%  loss 3.59e-05  maxQ +0.0229  changes   561  0.6 min
episode  45/1013  eps 0.669  train return   -4.95%  loss 3.53e-05  maxQ +0.0241  changes   528  0.6 min
episode  46/1013  eps 0.663  train return   -4.08%  loss 3.32e-05  maxQ +0.0218  changes   553  0.6 min
episode  47/1013  eps 0.657  train return  -24.63%  loss 3.38e-05  maxQ +0.0223  changes   540  0.6 min
episode  48/1013  eps 0.651  train return   +6.99%  loss 3.38e-05  maxQ +0.0232  changes   547  0.6 min
episode  49/1013  eps 0.645  train return  -18.59%  loss 3.45e-05  maxQ +0.0250  changes   522  0.6 min
episode  50/1013  eps 0.639  train return  -15.25%  loss 3.36e-05  maxQ +0.0267  changes   544  0.7 min | val return -19.02% (best +18.86%)
episode  51/1013  eps 0.633  train return  -13.05%  loss 3.45e-05  maxQ +0.0227  changes   541  0.7 min
episode  52/1013  eps 0.627  train return   -9.07%  loss 3.46e-05  maxQ +0.0243  changes   506  0.7 min
episode  53/1013  eps 0.622  train return   +5.04%  loss 3.49e-05  maxQ +0.0217  changes   520  0.7 min
episode  54/1013  eps 0.616  train return   -7.12%  loss 3.53e-05  maxQ +0.0233  changes   517  0.7 min
episode  55/1013  eps 0.610  train return  -18.24%  loss 3.41e-05  maxQ +0.0198  changes   513  0.7 min
episode  56/1013  eps 0.605  train return  -10.64%  loss 3.35e-05  maxQ +0.0163  changes   515  0.7 min
episode  57/1013  eps 0.599  train return  -29.88%  loss 3.48e-05  maxQ +0.0208  changes   525  0.8 min
episode  58/1013  eps 0.594  train return  -21.01%  loss 3.55e-05  maxQ +0.0207  changes   513  0.8 min
episode  59/1013  eps 0.588  train return  -22.14%  loss 3.45e-05  maxQ +0.0195  changes   540  0.8 min
episode  60/1013  eps 0.583  train return  +25.20%  loss 3.56e-05  maxQ +0.0203  changes   516  0.8 min | val return -24.60% (best +18.86%)
episode  61/1013  eps 0.578  train return  +11.38%  loss 3.41e-05  maxQ +0.0179  changes   530  0.8 min
episode  62/1013  eps 0.573  train return   -8.13%  loss 3.31e-05  maxQ +0.0153  changes   512  0.8 min
episode  63/1013  eps 0.567  train return  -14.95%  loss 3.50e-05  maxQ +0.0127  changes   507  0.8 min
episode  64/1013  eps 0.562  train return  +43.96%  loss 3.44e-05  maxQ +0.0170  changes   547  0.9 min
episode  65/1013  eps 0.557  train return  +11.97%  loss 3.32e-05  maxQ +0.0165  changes   496  0.9 min
episode  66/1013  eps 0.552  train return  -21.10%  loss 3.36e-05  maxQ +0.0124  changes   516  0.9 min
episode  67/1013  eps 0.547  train return   -2.02%  loss 3.32e-05  maxQ +0.0123  changes   483  0.9 min
episode  68/1013  eps 0.542  train return  +12.19%  loss 3.36e-05  maxQ +0.0136  changes   507  0.9 min
episode  69/1013  eps 0.537  train return   -5.99%  loss 3.46e-05  maxQ +0.0167  changes   479  0.9 min
episode  70/1013  eps 0.532  train return  +13.93%  loss 3.47e-05  maxQ +0.0154  changes   515  0.9 min | val return -2.98% (best +18.86%)
episode  71/1013  eps 0.527  train return  -27.96%  loss 3.40e-05  maxQ +0.0208  changes   504  1.0 min
episode  72/1013  eps 0.523  train return   +1.23%  loss 3.36e-05  maxQ +0.0157  changes   518  1.0 min
episode  73/1013  eps 0.518  train return  -13.85%  loss 3.48e-05  maxQ +0.0152  changes   497  1.0 min
episode  74/1013  eps 0.513  train return   -4.62%  loss 3.41e-05  maxQ +0.0154  changes   501  1.0 min
episode  75/1013  eps 0.508  train return  -25.98%  loss 3.45e-05  maxQ +0.0172  changes   470  1.0 min
episode  76/1013  eps 0.504  train return  -13.60%  loss 3.53e-05  maxQ +0.0208  changes   482  1.0 min
episode  77/1013  eps 0.499  train return  +12.56%  loss 3.53e-05  maxQ +0.0178  changes   525  1.0 min
episode  78/1013  eps 0.495  train return   -0.09%  loss 3.39e-05  maxQ +0.0149  changes   510  1.0 min
episode  79/1013  eps 0.490  train return   -5.44%  loss 3.47e-05  maxQ +0.0147  changes   474  1.1 min
episode  80/1013  eps 0.486  train return  -14.96%  loss 3.35e-05  maxQ +0.0148  changes   479  1.1 min | val return -8.14% (best +18.86%)
episode  81/1013  eps 0.481  train return   -6.69%  loss 3.52e-05  maxQ +0.0150  changes   472  1.1 min
episode  82/1013  eps 0.477  train return   -2.95%  loss 3.51e-05  maxQ +0.0158  changes   460  1.1 min
episode  83/1013  eps 0.473  train return  -25.30%  loss 3.56e-05  maxQ +0.0166  changes   483  1.1 min
episode  84/1013  eps 0.468  train return   +9.91%  loss 3.53e-05  maxQ +0.0154  changes   480  1.1 min
episode  85/1013  eps 0.464  train return  -11.77%  loss 3.64e-05  maxQ +0.0159  changes   512  1.1 min
episode  86/1013  eps 0.460  train return  +39.01%  loss 3.42e-05  maxQ +0.0160  changes   520  1.1 min
episode  87/1013  eps 0.456  train return   +2.53%  loss 3.46e-05  maxQ +0.0156  changes   483  1.2 min
episode  88/1013  eps 0.451  train return   -4.16%  loss 3.53e-05  maxQ +0.0174  changes   495  1.2 min
episode  89/1013  eps 0.447  train return  -46.28%  loss 3.56e-05  maxQ +0.0142  changes   499  1.2 min
episode  90/1013  eps 0.443  train return  +32.06%  loss 3.78e-05  maxQ +0.0145  changes   458  1.2 min | val return +2.64% (best +18.86%)
episode  91/1013  eps 0.439  train return   +9.69%  loss 3.58e-05  maxQ +0.0140  changes   490  1.2 min
episode  92/1013  eps 0.435  train return   +5.87%  loss 3.62e-05  maxQ +0.0132  changes   480  1.2 min
episode  93/1013  eps 0.431  train return  -14.43%  loss 3.65e-05  maxQ +0.0140  changes   481  1.2 min
episode  94/1013  eps 0.427  train return  +29.40%  loss 3.55e-05  maxQ +0.0149  changes   449  1.3 min
episode  95/1013  eps 0.423  train return  +21.74%  loss 3.46e-05  maxQ +0.0143  changes   490  1.3 min
episode  96/1013  eps 0.420  train return   +1.44%  loss 3.66e-05  maxQ +0.0158  changes   464  1.3 min
episode  97/1013  eps 0.416  train return  -30.14%  loss 3.55e-05  maxQ +0.0133  changes   478  1.3 min
episode  98/1013  eps 0.412  train return   +4.26%  loss 3.66e-05  maxQ +0.0136  changes   455  1.3 min
episode  99/1013  eps 0.408  train return  -24.98%  loss 3.62e-05  maxQ +0.0135  changes   444  1.3 min
episode 100/1013  eps 0.405  train return  -25.13%  loss 3.76e-05  maxQ +0.0124  changes   454  1.3 min | val return -51.69% (best +18.86%)
episode 101/1013  eps 0.401  train return  -25.15%  loss 3.58e-05  maxQ +0.0131  changes   466  1.3 min
episode 102/1013  eps 0.397  train return  +21.81%  loss 3.57e-05  maxQ +0.0121  changes   453  1.4 min
episode 103/1013  eps 0.394  train return   -2.67%  loss 3.73e-05  maxQ +0.0136  changes   432  1.4 min
episode 104/1013  eps 0.390  train return   -5.25%  loss 3.55e-05  maxQ +0.0143  changes   465  1.4 min
episode 105/1013  eps 0.386  train return  -10.93%  loss 3.62e-05  maxQ +0.0127  changes   464  1.4 min
episode 106/1013  eps 0.383  train return   +1.07%  loss 3.50e-05  maxQ +0.0128  changes   446  1.4 min
episode 107/1013  eps 0.379  train return   -0.87%  loss 3.43e-05  maxQ +0.0110  changes   433  1.4 min
episode 108/1013  eps 0.376  train return  -18.55%  loss 3.54e-05  maxQ +0.0105  changes   475  1.4 min
episode 109/1013  eps 0.373  train return  -13.27%  loss 3.61e-05  maxQ +0.0117  changes   464  1.5 min
episode 110/1013  eps 0.369  train return  -23.60%  loss 3.47e-05  maxQ +0.0113  changes   465  1.5 min | val return -2.58% (best +18.86%)
episode 111/1013  eps 0.366  train return  -12.73%  loss 3.46e-05  maxQ +0.0103  changes   457  1.5 min
episode 112/1013  eps 0.363  train return  +21.74%  loss 3.52e-05  maxQ +0.0127  changes   449  1.5 min
episode 113/1013  eps 0.359  train return   -4.67%  loss 3.65e-05  maxQ +0.0112  changes   442  1.5 min
episode 114/1013  eps 0.356  train return   +1.34%  loss 3.42e-05  maxQ +0.0112  changes   429  1.5 min
episode 115/1013  eps 0.353  train return  -16.14%  loss 3.62e-05  maxQ +0.0112  changes   395  1.5 min
episode 116/1013  eps 0.349  train return  -21.80%  loss 3.50e-05  maxQ +0.0106  changes   463  1.5 min
episode 117/1013  eps 0.346  train return   -0.47%  loss 3.58e-05  maxQ +0.0086  changes   442  1.6 min
episode 118/1013  eps 0.343  train return  -17.02%  loss 3.58e-05  maxQ +0.0086  changes   429  1.6 min
episode 119/1013  eps 0.340  train return  +19.45%  loss 3.51e-05  maxQ +0.0080  changes   430  1.6 min
episode 120/1013  eps 0.337  train return   +2.62%  loss 3.50e-05  maxQ +0.0087  changes   410  1.6 min | val return +10.03% (best +18.86%)
episode 121/1013  eps 0.334  train return  +10.36%  loss 3.48e-05  maxQ +0.0087  changes   459  1.6 min
episode 122/1013  eps 0.331  train return   +3.58%  loss 3.51e-05  maxQ +0.0100  changes   451  1.6 min
episode 123/1013  eps 0.328  train return  -16.07%  loss 3.40e-05  maxQ +0.0097  changes   434  1.7 min
episode 124/1013  eps 0.325  train return  +16.49%  loss 3.42e-05  maxQ +0.0076  changes   409  1.7 min
episode 125/1013  eps 0.322  train return   +3.52%  loss 3.41e-05  maxQ +0.0082  changes   424  1.7 min
episode 126/1013  eps 0.319  train return   -0.97%  loss 3.58e-05  maxQ +0.0085  changes   405  1.7 min
episode 127/1013  eps 0.316  train return   -4.51%  loss 3.21e-05  maxQ +0.0086  changes   377  1.7 min
episode 128/1013  eps 0.313  train return   +3.61%  loss 3.52e-05  maxQ +0.0092  changes   383  1.7 min
episode 129/1013  eps 0.310  train return   -5.89%  loss 3.46e-05  maxQ +0.0085  changes   425  1.7 min
episode 130/1013  eps 0.308  train return   +9.98%  loss 3.37e-05  maxQ +0.0089  changes   438  1.7 min | val return -0.56% (best +18.86%)
episode 131/1013  eps 0.305  train return   -6.55%  loss 3.47e-05  maxQ +0.0084  changes   416  1.8 min
episode 132/1013  eps 0.302  train return  +10.74%  loss 3.54e-05  maxQ +0.0081  changes   399  1.8 min
episode 133/1013  eps 0.299  train return   -3.78%  loss 3.80e-05  maxQ +0.0094  changes   443  1.8 min
episode 134/1013  eps 0.296  train return  +15.89%  loss 3.60e-05  maxQ +0.0077  changes   400  1.8 min
episode 135/1013  eps 0.294  train return   -8.76%  loss 3.60e-05  maxQ +0.0077  changes   372  1.8 min
episode 136/1013  eps 0.291  train return  -19.75%  loss 3.59e-05  maxQ +0.0075  changes   399  1.8 min
episode 137/1013  eps 0.288  train return   -2.16%  loss 3.59e-05  maxQ +0.0080  changes   428  1.9 min
episode 138/1013  eps 0.286  train return  -28.21%  loss 3.61e-05  maxQ +0.0078  changes   400  1.9 min
episode 139/1013  eps 0.283  train return  +14.70%  loss 3.70e-05  maxQ +0.0069  changes   406  1.9 min
episode 140/1013  eps 0.281  train return   +1.27%  loss 3.71e-05  maxQ +0.0071  changes   445  1.9 min | val return +1.01% (best +18.86%)
episode 141/1013  eps 0.278  train return  -14.46%  loss 3.52e-05  maxQ +0.0081  changes   397  1.9 min
episode 142/1013  eps 0.276  train return   -7.22%  loss 3.54e-05  maxQ +0.0085  changes   398  1.9 min
episode 143/1013  eps 0.273  train return  -10.66%  loss 3.63e-05  maxQ +0.0096  changes   413  2.0 min
episode 144/1013  eps 0.271  train return   -5.14%  loss 3.68e-05  maxQ +0.0093  changes   406  2.0 min
episode 145/1013  eps 0.268  train return   +0.00%  loss 3.63e-05  maxQ +0.0089  changes   362  2.0 min
episode 146/1013  eps 0.266  train return   +4.00%  loss 3.59e-05  maxQ +0.0082  changes   368  2.0 min
episode 147/1013  eps 0.263  train return  +27.33%  loss 3.41e-05  maxQ +0.0094  changes   416  2.0 min
episode 148/1013  eps 0.261  train return  -25.43%  loss 3.60e-05  maxQ +0.0086  changes   382  2.0 min
episode 149/1013  eps 0.258  train return   +5.93%  loss 3.69e-05  maxQ +0.0073  changes   299  2.0 min
episode 150/1013  eps 0.256  train return  +11.69%  loss 3.58e-05  maxQ +0.0088  changes   357  2.0 min | val return -4.27% (best +18.86%)
episode 151/1013  eps 0.254  train return   +4.70%  loss 3.66e-05  maxQ +0.0096  changes   381  2.1 min
episode 152/1013  eps 0.251  train return  -10.46%  loss 3.56e-05  maxQ +0.0088  changes   350  2.1 min
episode 153/1013  eps 0.249  train return  -16.00%  loss 3.62e-05  maxQ +0.0082  changes   365  2.1 min
episode 154/1013  eps 0.247  train return  +32.89%  loss 3.64e-05  maxQ +0.0090  changes   353  2.1 min
episode 155/1013  eps 0.245  train return  -20.37%  loss 3.55e-05  maxQ +0.0083  changes   365  2.1 min
episode 156/1013  eps 0.242  train return   +2.38%  loss 3.48e-05  maxQ +0.0074  changes   332  2.1 min
episode 157/1013  eps 0.240  train return  -12.57%  loss 3.62e-05  maxQ +0.0071  changes   364  2.1 min
episode 158/1013  eps 0.238  train return  -22.66%  loss 3.55e-05  maxQ +0.0073  changes   378  2.2 min
episode 159/1013  eps 0.236  train return  -32.36%  loss 3.42e-05  maxQ +0.0060  changes   360  2.2 min
episode 160/1013  eps 0.234  train return  -42.87%  loss 3.62e-05  maxQ +0.0080  changes   363  2.2 min | val return -10.19% (best +18.86%)
episode 161/1013  eps 0.232  train return  -21.81%  loss 3.74e-05  maxQ +0.0082  changes   314  2.2 min
episode 162/1013  eps 0.230  train return   +4.57%  loss 3.52e-05  maxQ +0.0080  changes   358  2.2 min
episode 163/1013  eps 0.227  train return  -12.43%  loss 3.57e-05  maxQ +0.0089  changes   367  2.2 min
episode 164/1013  eps 0.225  train return  -16.92%  loss 3.64e-05  maxQ +0.0080  changes   311  2.3 min
episode 165/1013  eps 0.223  train return   -6.64%  loss 3.66e-05  maxQ +0.0071  changes   336  2.3 min
episode 166/1013  eps 0.221  train return   -4.29%  loss 3.57e-05  maxQ +0.0069  changes   343  2.3 min
episode 167/1013  eps 0.219  train return  +14.61%  loss 3.55e-05  maxQ +0.0057  changes   314  2.3 min
episode 168/1013  eps 0.217  train return  -10.85%  loss 3.62e-05  maxQ +0.0052  changes   346  2.3 min
episode 169/1013  eps 0.215  train return   +1.90%  loss 3.72e-05  maxQ +0.0044  changes   295  2.3 min
episode 170/1013  eps 0.213  train return   +3.64%  loss 3.31e-05  maxQ +0.0044  changes   322  2.3 min | val return -15.72% (best +18.86%)
episode 171/1013  eps 0.211  train return   -4.47%  loss 3.49e-05  maxQ +0.0052  changes   366  2.4 min
episode 172/1013  eps 0.209  train return  -12.03%  loss 3.61e-05  maxQ +0.0049  changes   308  2.4 min
episode 173/1013  eps 0.208  train return  -12.00%  loss 3.66e-05  maxQ +0.0057  changes   341  2.4 min
episode 174/1013  eps 0.206  train return  -20.40%  loss 3.60e-05  maxQ +0.0056  changes   304  2.4 min
episode 175/1013  eps 0.204  train return  +49.42%  loss 3.48e-05  maxQ +0.0066  changes   292  2.4 min
episode 176/1013  eps 0.202  train return  +26.40%  loss 3.58e-05  maxQ +0.0054  changes   362  2.4 min
episode 177/1013  eps 0.200  train return  +12.44%  loss 3.69e-05  maxQ +0.0049  changes   312  2.4 min
episode 178/1013  eps 0.198  train return  -31.51%  loss 3.81e-05  maxQ +0.0047  changes   340  2.5 min
episode 179/1013  eps 0.196  train return   -1.80%  loss 3.83e-05  maxQ +0.0057  changes   287  2.5 min
episode 180/1013  eps 0.195  train return   +5.95%  loss 3.83e-05  maxQ +0.0056  changes   327  2.5 min | val return -6.50% (best +18.86%)
episode 181/1013  eps 0.193  train return  +52.44%  loss 3.84e-05  maxQ +0.0068  changes   289  2.5 min
episode 182/1013  eps 0.191  train return  -11.15%  loss 3.85e-05  maxQ +0.0061  changes   294  2.5 min
episode 183/1013  eps 0.189  train return  -14.59%  loss 3.95e-05  maxQ +0.0052  changes   317  2.5 min
episode 184/1013  eps 0.188  train return  -22.51%  loss 3.83e-05  maxQ +0.0053  changes   306  2.6 min
episode 185/1013  eps 0.186  train return  +15.53%  loss 3.99e-05  maxQ +0.0064  changes   273  2.6 min
episode 186/1013  eps 0.184  train return  +38.62%  loss 3.94e-05  maxQ +0.0060  changes   329  2.6 min
episode 187/1013  eps 0.183  train return   -3.89%  loss 3.92e-05  maxQ +0.0061  changes   288  2.6 min
episode 188/1013  eps 0.181  train return   +0.80%  loss 3.91e-05  maxQ +0.0078  changes   271  2.6 min
episode 189/1013  eps 0.179  train return   +7.16%  loss 3.89e-05  maxQ +0.0074  changes   253  2.6 min
episode 190/1013  eps 0.178  train return   -5.49%  loss 3.95e-05  maxQ +0.0078  changes   317  2.6 min | val return -20.24% (best +18.86%)
episode 191/1013  eps 0.176  train return  -22.20%  loss 3.93e-05  maxQ +0.0074  changes   265  2.7 min
episode 192/1013  eps 0.174  train return  +34.06%  loss 4.00e-05  maxQ +0.0070  changes   257  2.7 min
episode 193/1013  eps 0.173  train return   +0.59%  loss 4.08e-05  maxQ +0.0068  changes   301  2.7 min
episode 194/1013  eps 0.171  train return   -0.47%  loss 3.98e-05  maxQ +0.0075  changes   264  2.7 min
episode 195/1013  eps 0.170  train return   -0.78%  loss 4.05e-05  maxQ +0.0074  changes   238  2.7 min
episode 196/1013  eps 0.168  train return  -29.05%  loss 4.04e-05  maxQ +0.0077  changes   316  2.7 min
episode 197/1013  eps 0.167  train return   +8.45%  loss 4.03e-05  maxQ +0.0058  changes   269  2.8 min
episode 198/1013  eps 0.165  train return   -0.98%  loss 3.88e-05  maxQ +0.0054  changes   257  2.8 min
episode 199/1013  eps 0.164  train return   -0.17%  loss 3.89e-05  maxQ +0.0047  changes   295  2.8 min
episode 200/1013  eps 0.162  train return  -20.06%  loss 3.98e-05  maxQ +0.0052  changes   267  2.8 min | val return -1.76% (best +18.86%)
episode 201/1013  eps 0.161  train return  +12.20%  loss 3.78e-05  maxQ +0.0052  changes   251  2.8 min
episode 202/1013  eps 0.159  train return   +5.06%  loss 3.90e-05  maxQ +0.0043  changes   290  2.8 min
episode 203/1013  eps 0.158  train return  -19.69%  loss 3.95e-05  maxQ +0.0042  changes   263  2.9 min
episode 204/1013  eps 0.156  train return  +42.45%  loss 3.81e-05  maxQ +0.0063  changes   262  2.9 min
episode 205/1013  eps 0.155  train return  -24.12%  loss 3.85e-05  maxQ +0.0067  changes   266  2.9 min
episode 206/1013  eps 0.154  train return  +19.39%  loss 3.79e-05  maxQ +0.0061  changes   270  2.9 min
episode 207/1013  eps 0.152  train return   +6.53%  loss 3.82e-05  maxQ +0.0061  changes   246  2.9 min
episode 208/1013  eps 0.151  train return   -4.93%  loss 3.86e-05  maxQ +0.0065  changes   226  2.9 min
episode 209/1013  eps 0.149  train return  -14.65%  loss 3.80e-05  maxQ +0.0070  changes   271  2.9 min
episode 210/1013  eps 0.148  train return   +6.40%  loss 3.77e-05  maxQ +0.0065  changes   252  3.0 min | val return -12.64% (best +18.86%)
episode 211/1013  eps 0.147  train return  -33.50%  loss 3.86e-05  maxQ +0.0060  changes   257  3.0 min
episode 212/1013  eps 0.145  train return  -28.60%  loss 3.92e-05  maxQ +0.0064  changes   251  3.0 min
episode 213/1013  eps 0.144  train return  +16.89%  loss 3.91e-05  maxQ +0.0065  changes   243  3.0 min
episode 214/1013  eps 0.143  train return  -11.09%  loss 3.86e-05  maxQ +0.0070  changes   290  3.0 min
episode 215/1013  eps 0.141  train return  -21.37%  loss 3.75e-05  maxQ +0.0064  changes   260  3.0 min
episode 216/1013  eps 0.140  train return  -31.34%  loss 3.79e-05  maxQ +0.0065  changes   231  3.0 min
episode 217/1013  eps 0.139  train return   -4.77%  loss 3.86e-05  maxQ +0.0057  changes   232  3.1 min
episode 218/1013  eps 0.138  train return  -10.33%  loss 3.67e-05  maxQ +0.0055  changes   246  3.1 min
episode 219/1013  eps 0.136  train return   -5.11%  loss 3.65e-05  maxQ +0.0053  changes   240  3.1 min
episode 220/1013  eps 0.135  train return   -1.22%  loss 3.77e-05  maxQ +0.0052  changes   267  3.1 min | val return -4.78% (best +18.86%)
episode 221/1013  eps 0.134  train return  +18.65%  loss 3.68e-05  maxQ +0.0052  changes   202  3.1 min
episode 222/1013  eps 0.133  train return   +2.71%  loss 3.80e-05  maxQ +0.0056  changes   277  3.1 min
episode 223/1013  eps 0.131  train return  -12.89%  loss 3.64e-05  maxQ +0.0070  changes   246  3.2 min
episode 224/1013  eps 0.130  train return   -1.83%  loss 3.53e-05  maxQ +0.0059  changes   225  3.2 min
episode 225/1013  eps 0.129  train return  -26.80%  loss 3.59e-05  maxQ +0.0048  changes   247  3.2 min
episode 226/1013  eps 0.128  train return  -23.39%  loss 3.70e-05  maxQ +0.0034  changes   230  3.2 min
episode 227/1013  eps 0.127  train return   +7.87%  loss 3.73e-05  maxQ +0.0037  changes   287  3.2 min
episode 228/1013  eps 0.126  train return   -4.38%  loss 3.64e-05  maxQ +0.0051  changes   281  3.2 min
episode 229/1013  eps 0.124  train return   +3.04%  loss 3.64e-05  maxQ +0.0048  changes   204  3.2 min
episode 230/1013  eps 0.123  train return   +6.42%  loss 3.54e-05  maxQ +0.0052  changes   255  3.3 min | val return -8.61% (best +18.86%)
episode 231/1013  eps 0.122  train return  +19.99%  loss 3.68e-05  maxQ +0.0046  changes   185  3.3 min
episode 232/1013  eps 0.121  train return   -3.53%  loss 3.82e-05  maxQ +0.0049  changes   221  3.3 min
episode 233/1013  eps 0.120  train return  -14.21%  loss 3.66e-05  maxQ +0.0040  changes   235  3.3 min
episode 234/1013  eps 0.119  train return  +10.78%  loss 3.74e-05  maxQ +0.0044  changes   237  3.3 min
episode 235/1013  eps 0.118  train return  -13.41%  loss 3.64e-05  maxQ +0.0036  changes   268  3.3 min
episode 236/1013  eps 0.117  train return  +32.12%  loss 3.68e-05  maxQ +0.0042  changes   228  3.4 min
episode 237/1013  eps 0.116  train return   -4.03%  loss 3.78e-05  maxQ +0.0039  changes   181  3.4 min
episode 238/1013  eps 0.115  train return  +32.71%  loss 3.63e-05  maxQ +0.0037  changes   234  3.4 min
episode 239/1013  eps 0.114  train return  -13.83%  loss 3.92e-05  maxQ +0.0043  changes   200  3.4 min
episode 240/1013  eps 0.112  train return  +23.91%  loss 3.96e-05  maxQ +0.0030  changes   209  3.4 min | val return -3.95% (best +18.86%)
episode 241/1013  eps 0.111  train return  -23.23%  loss 4.04e-05  maxQ +0.0050  changes   164  3.4 min
episode 242/1013  eps 0.110  train return   -6.74%  loss 3.99e-05  maxQ +0.0052  changes   218  3.5 min
episode 243/1013  eps 0.109  train return  -14.15%  loss 4.12e-05  maxQ +0.0042  changes   182  3.5 min
episode 244/1013  eps 0.108  train return   -7.38%  loss 4.24e-05  maxQ +0.0040  changes   179  3.5 min
episode 245/1013  eps 0.107  train return  +11.35%  loss 4.08e-05  maxQ +0.0045  changes   201  3.5 min
episode 246/1013  eps 0.106  train return   +8.57%  loss 3.97e-05  maxQ +0.0028  changes   217  3.5 min
episode 247/1013  eps 0.106  train return   -9.24%  loss 3.91e-05  maxQ +0.0038  changes   190  3.5 min
episode 248/1013  eps 0.105  train return   +7.83%  loss 3.77e-05  maxQ +0.0047  changes   208  3.5 min
episode 249/1013  eps 0.104  train return  -15.75%  loss 3.81e-05  maxQ +0.0054  changes   154  3.6 min
episode 250/1013  eps 0.103  train return   -7.20%  loss 3.76e-05  maxQ +0.0048  changes   139  3.6 min | val return -7.67% (best +18.86%)
episode 251/1013  eps 0.102  train return  +39.91%  loss 3.91e-05  maxQ +0.0045  changes   198  3.6 min
episode 252/1013  eps 0.101  train return  -25.25%  loss 4.14e-05  maxQ +0.0045  changes   155  3.6 min
episode 253/1013  eps 0.100  train return  +23.27%  loss 4.10e-05  maxQ +0.0046  changes   147  3.6 min
episode 254/1013  eps 0.099  train return   +6.67%  loss 3.84e-05  maxQ +0.0051  changes   146  3.6 min
episode 255/1013  eps 0.098  train return  +13.14%  loss 4.01e-05  maxQ +0.0046  changes   183  3.6 min
episode 256/1013  eps 0.097  train return   +3.84%  loss 3.94e-05  maxQ +0.0049  changes   175  3.7 min
episode 257/1013  eps 0.096  train return  -14.50%  loss 4.25e-05  maxQ +0.0046  changes   183  3.7 min
episode 258/1013  eps 0.095  train return   +9.01%  loss 4.01e-05  maxQ +0.0047  changes   144  3.7 min
episode 259/1013  eps 0.095  train return  +23.64%  loss 4.27e-05  maxQ +0.0047  changes   156  3.7 min
episode 260/1013  eps 0.094  train return  -24.17%  loss 3.94e-05  maxQ +0.0041  changes   229  3.7 min | val return +6.86% (best +18.86%)
episode 261/1013  eps 0.093  train return   +2.51%  loss 4.01e-05  maxQ +0.0045  changes   224  3.7 min
episode 262/1013  eps 0.092  train return   -1.86%  loss 3.93e-05  maxQ +0.0040  changes   215  3.8 min
episode 263/1013  eps 0.091  train return   -7.73%  loss 4.22e-05  maxQ +0.0035  changes   191  3.8 min
episode 264/1013  eps 0.090  train return  -14.07%  loss 3.92e-05  maxQ +0.0034  changes   180  3.8 min
episode 265/1013  eps 0.090  train return   +6.54%  loss 3.91e-05  maxQ +0.0038  changes   188  3.8 min
episode 266/1013  eps 0.089  train return   -9.38%  loss 3.86e-05  maxQ +0.0041  changes   196  3.8 min
episode 267/1013  eps 0.088  train return  +27.64%  loss 4.01e-05  maxQ +0.0046  changes   190  3.8 min
episode 268/1013  eps 0.087  train return   -9.43%  loss 3.90e-05  maxQ +0.0045  changes   146  3.8 min
episode 269/1013  eps 0.086  train return   +0.01%  loss 3.97e-05  maxQ +0.0043  changes   156  3.9 min
episode 270/1013  eps 0.086  train return  +14.40%  loss 3.94e-05  maxQ +0.0047  changes   162  3.9 min | val return -8.53% (best +18.86%)
episode 271/1013  eps 0.085  train return   -1.57%  loss 4.16e-05  maxQ +0.0051  changes   153  3.9 min
episode 272/1013  eps 0.084  train return   +7.48%  loss 4.17e-05  maxQ +0.0051  changes   254  3.9 min
episode 273/1013  eps 0.083  train return   -2.76%  loss 4.05e-05  maxQ +0.0044  changes   273  3.9 min
episode 274/1013  eps 0.082  train return  +17.61%  loss 4.05e-05  maxQ +0.0039  changes   188  3.9 min
episode 275/1013  eps 0.082  train return   -9.11%  loss 4.21e-05  maxQ +0.0036  changes   227  3.9 min
episode 276/1013  eps 0.081  train return   +2.10%  loss 4.09e-05  maxQ +0.0036  changes   243  4.0 min
episode 277/1013  eps 0.080  train return  +12.87%  loss 4.05e-05  maxQ +0.0047  changes   265  4.0 min
episode 278/1013  eps 0.079  train return  -10.16%  loss 4.03e-05  maxQ +0.0041  changes   221  4.0 min
episode 279/1013  eps 0.079  train return  -12.87%  loss 4.25e-05  maxQ +0.0037  changes   173  4.0 min
episode 280/1013  eps 0.078  train return  -15.41%  loss 4.38e-05  maxQ +0.0037  changes   201  4.0 min | val return -8.02% (best +18.86%)
episode 281/1013  eps 0.077  train return  +43.43%  loss 4.23e-05  maxQ +0.0032  changes   189  4.0 min
episode 282/1013  eps 0.077  train return  -17.77%  loss 4.18e-05  maxQ +0.0033  changes   203  4.1 min
episode 283/1013  eps 0.076  train return  +12.16%  loss 4.12e-05  maxQ +0.0030  changes   183  4.1 min
episode 284/1013  eps 0.075  train return  -12.60%  loss 4.47e-05  maxQ +0.0042  changes   157  4.1 min
episode 285/1013  eps 0.075  train return  -40.07%  loss 4.13e-05  maxQ +0.0046  changes   212  4.1 min
episode 286/1013  eps 0.074  train return   +3.04%  loss 4.31e-05  maxQ +0.0049  changes   186  4.1 min
episode 287/1013  eps 0.073  train return  +18.62%  loss 4.31e-05  maxQ +0.0059  changes   189  4.1 min
episode 288/1013  eps 0.073  train return  -13.23%  loss 4.47e-05  maxQ +0.0046  changes   250  4.1 min
episode 289/1013  eps 0.072  train return  +11.58%  loss 4.59e-05  maxQ +0.0049  changes   169  4.2 min
episode 290/1013  eps 0.071  train return   -5.54%  loss 4.47e-05  maxQ +0.0042  changes   149  4.2 min | val return +1.83% (best +18.86%)
episode 291/1013  eps 0.071  train return  -13.86%  loss 4.47e-05  maxQ +0.0044  changes   177  4.2 min
episode 292/1013  eps 0.070  train return  +23.19%  loss 4.57e-05  maxQ +0.0045  changes   160  4.2 min
episode 293/1013  eps 0.069  train return   +1.45%  loss 4.46e-05  maxQ +0.0048  changes   166  4.2 min
episode 294/1013  eps 0.069  train return   +5.22%  loss 4.38e-05  maxQ +0.0051  changes   217  4.2 min
episode 295/1013  eps 0.068  train return  -16.14%  loss 4.51e-05  maxQ +0.0055  changes   174  4.3 min
episode 296/1013  eps 0.067  train return   -8.43%  loss 4.68e-05  maxQ +0.0054  changes   156  4.3 min
episode 297/1013  eps 0.067  train return   -3.74%  loss 4.52e-05  maxQ +0.0052  changes   135  4.3 min
episode 298/1013  eps 0.066  train return   +7.79%  loss 4.62e-05  maxQ +0.0043  changes   182  4.3 min
episode 299/1013  eps 0.066  train return  -25.64%  loss 4.38e-05  maxQ +0.0042  changes   276  4.3 min
episode 300/1013  eps 0.065  train return   +8.77%  loss 4.16e-05  maxQ +0.0043  changes   182  4.3 min | val return -7.54% (best +18.86%)
episode 301/1013  eps 0.064  train return  +27.35%  loss 4.33e-05  maxQ +0.0053  changes   182  4.4 min
episode 302/1013  eps 0.064  train return  +33.98%  loss 4.64e-05  maxQ +0.0044  changes   193  4.4 min
episode 303/1013  eps 0.063  train return   +2.83%  loss 4.18e-05  maxQ +0.0040  changes   170  4.4 min
episode 304/1013  eps 0.063  train return   +4.96%  loss 4.38e-05  maxQ +0.0042  changes   152  4.4 min
episode 305/1013  eps 0.062  train return   -0.24%  loss 4.32e-05  maxQ +0.0044  changes   226  4.4 min
episode 306/1013  eps 0.062  train return  +17.86%  loss 4.41e-05  maxQ +0.0051  changes   106  4.4 min
episode 307/1013  eps 0.061  train return  +23.62%  loss 4.38e-05  maxQ +0.0051  changes   143  4.4 min
episode 308/1013  eps 0.060  train return   -8.02%  loss 4.44e-05  maxQ +0.0051  changes   222  4.5 min
episode 309/1013  eps 0.060  train return  +38.02%  loss 4.17e-05  maxQ +0.0046  changes   187  4.5 min
episode 310/1013  eps 0.059  train return   +0.28%  loss 4.41e-05  maxQ +0.0046  changes   160  4.5 min | val return +9.29% (best +18.86%)
episode 311/1013  eps 0.059  train return   +5.83%  loss 4.21e-05  maxQ +0.0043  changes   132  4.5 min
episode 312/1013  eps 0.058  train return  -27.48%  loss 4.01e-05  maxQ +0.0041  changes   150  4.5 min
episode 313/1013  eps 0.058  train return   -6.65%  loss 4.03e-05  maxQ +0.0041  changes   188  4.5 min
episode 314/1013  eps 0.057  train return  -19.23%  loss 4.27e-05  maxQ +0.0035  changes   189  4.6 min
episode 315/1013  eps 0.057  train return  +15.56%  loss 4.32e-05  maxQ +0.0038  changes   127  4.6 min
episode 316/1013  eps 0.056  train return   -0.52%  loss 4.31e-05  maxQ +0.0038  changes   126  4.6 min
episode 317/1013  eps 0.056  train return  -29.59%  loss 4.22e-05  maxQ +0.0033  changes   218  4.6 min
episode 318/1013  eps 0.055  train return  +14.38%  loss 4.05e-05  maxQ +0.0040  changes   155  4.6 min
episode 319/1013  eps 0.055  train return   -3.59%  loss 4.15e-05  maxQ +0.0040  changes   171  4.6 min
episode 320/1013  eps 0.054  train return   -7.11%  loss 4.25e-05  maxQ +0.0043  changes   208  4.6 min | val return -10.52% (best +18.86%)
episode 321/1013  eps 0.054  train return   -6.03%  loss 4.34e-05  maxQ +0.0039  changes   209  4.7 min
episode 322/1013  eps 0.053  train return  +14.96%  loss 4.14e-05  maxQ +0.0037  changes   204  4.7 min
episode 323/1013  eps 0.053  train return  -14.34%  loss 4.17e-05  maxQ +0.0033  changes   172  4.7 min
episode 324/1013  eps 0.052  train return  +12.98%  loss 4.07e-05  maxQ +0.0053  changes   185  4.7 min
episode 325/1013  eps 0.052  train return  -12.75%  loss 4.04e-05  maxQ +0.0043  changes   141  4.7 min
episode 326/1013  eps 0.051  train return   -0.45%  loss 3.91e-05  maxQ +0.0053  changes   134  4.7 min
episode 327/1013  eps 0.051  train return   +3.78%  loss 4.15e-05  maxQ +0.0044  changes   198  4.7 min
episode 328/1013  eps 0.050  train return  +16.18%  loss 3.95e-05  maxQ +0.0041  changes   162  4.8 min
episode 329/1013  eps 0.050  train return   -8.65%  loss 3.92e-05  maxQ +0.0035  changes   124  4.8 min
episode 330/1013  eps 0.049  train return  -15.95%  loss 3.96e-05  maxQ +0.0036  changes   222  4.8 min | val return +1.57% (best +18.86%)
episode 331/1013  eps 0.049  train return  +13.86%  loss 3.91e-05  maxQ +0.0031  changes   130  4.8 min
episode 332/1013  eps 0.049  train return   +9.18%  loss 3.94e-05  maxQ +0.0029  changes   174  4.8 min
episode 333/1013  eps 0.048  train return  +37.63%  loss 4.09e-05  maxQ +0.0035  changes   179  4.8 min
episode 334/1013  eps 0.048  train return  -16.82%  loss 3.88e-05  maxQ +0.0033  changes   203  4.9 min
episode 335/1013  eps 0.047  train return   -3.79%  loss 3.98e-05  maxQ +0.0033  changes   113  4.9 min
episode 336/1013  eps 0.047  train return  +18.98%  loss 4.09e-05  maxQ +0.0032  changes   138  4.9 min
episode 337/1013  eps 0.046  train return  -12.43%  loss 4.10e-05  maxQ +0.0025  changes   132  4.9 min
episode 338/1013  eps 0.046  train return  -22.43%  loss 3.99e-05  maxQ +0.0033  changes   198  4.9 min
episode 339/1013  eps 0.046  train return  +12.69%  loss 4.40e-05  maxQ +0.0027  changes   138  4.9 min
episode 340/1013  eps 0.045  train return   +6.69%  loss 4.27e-05  maxQ +0.0031  changes   151  4.9 min | val return -0.59% (best +18.86%)
episode 341/1013  eps 0.045  train return  +22.45%  loss 4.19e-05  maxQ +0.0035  changes   123  5.0 min
episode 342/1013  eps 0.044  train return  +11.91%  loss 4.26e-05  maxQ +0.0040  changes   150  5.0 min
episode 343/1013  eps 0.044  train return  -16.22%  loss 4.21e-05  maxQ +0.0038  changes   179  5.0 min
episode 344/1013  eps 0.043  train return  +11.75%  loss 4.22e-05  maxQ +0.0039  changes   174  5.0 min
episode 345/1013  eps 0.043  train return   +6.23%  loss 4.32e-05  maxQ +0.0041  changes   163  5.0 min
episode 346/1013  eps 0.043  train return  -43.09%  loss 4.20e-05  maxQ +0.0044  changes   164  5.0 min
episode 347/1013  eps 0.042  train return  +15.12%  loss 4.28e-05  maxQ +0.0042  changes   155  5.0 min
episode 348/1013  eps 0.042  train return   -1.89%  loss 4.30e-05  maxQ +0.0047  changes   164  5.1 min
episode 349/1013  eps 0.042  train return   +6.55%  loss 4.24e-05  maxQ +0.0055  changes   220  5.1 min
episode 350/1013  eps 0.041  train return   +0.58%  loss 4.22e-05  maxQ +0.0045  changes   196  5.1 min | val return -7.44% (best +18.86%)
episode 351/1013  eps 0.041  train return   -6.53%  loss 4.30e-05  maxQ +0.0041  changes   155  5.1 min
episode 352/1013  eps 0.040  train return  -11.18%  loss 4.05e-05  maxQ +0.0038  changes   140  5.1 min
episode 353/1013  eps 0.040  train return  +21.75%  loss 4.50e-05  maxQ +0.0044  changes   181  5.1 min
episode 354/1013  eps 0.040  train return  -10.77%  loss 4.47e-05  maxQ +0.0045  changes   161  5.2 min
episode 355/1013  eps 0.039  train return  +20.33%  loss 4.15e-05  maxQ +0.0048  changes   149  5.2 min
episode 356/1013  eps 0.039  train return   -9.42%  loss 4.02e-05  maxQ +0.0052  changes   150  5.2 min
episode 357/1013  eps 0.039  train return   +5.39%  loss 4.32e-05  maxQ +0.0045  changes   140  5.2 min
episode 358/1013  eps 0.038  train return  +14.63%  loss 4.08e-05  maxQ +0.0040  changes   138  5.2 min
episode 359/1013  eps 0.038  train return   +9.23%  loss 4.23e-05  maxQ +0.0040  changes   268  5.2 min
episode 360/1013  eps 0.038  train return   -7.45%  loss 4.20e-05  maxQ +0.0032  changes   249  5.2 min | val return -5.68% (best +18.86%)
episode 361/1013  eps 0.037  train return   -1.10%  loss 4.13e-05  maxQ +0.0044  changes   232  5.3 min
episode 362/1013  eps 0.037  train return  -17.91%  loss 4.29e-05  maxQ +0.0048  changes   234  5.3 min
episode 363/1013  eps 0.037  train return  -15.95%  loss 4.45e-05  maxQ +0.0043  changes   169  5.3 min
episode 364/1013  eps 0.036  train return   +7.95%  loss 4.35e-05  maxQ +0.0045  changes   250  5.3 min
episode 365/1013  eps 0.036  train return   +2.76%  loss 4.48e-05  maxQ +0.0046  changes   172  5.3 min
episode 366/1013  eps 0.036  train return  -13.18%  loss 4.47e-05  maxQ +0.0053  changes   162  5.3 min
episode 367/1013  eps 0.035  train return   +2.29%  loss 4.53e-05  maxQ +0.0046  changes   123  5.3 min
episode 368/1013  eps 0.035  train return  +25.28%  loss 4.65e-05  maxQ +0.0051  changes   199  5.4 min
episode 369/1013  eps 0.035  train return  +58.70%  loss 4.54e-05  maxQ +0.0053  changes   167  5.4 min
episode 370/1013  eps 0.034  train return   -7.70%  loss 4.61e-05  maxQ +0.0049  changes   201  5.4 min | val return -1.05% (best +18.86%)
episode 371/1013  eps 0.034  train return  -14.78%  loss 4.67e-05  maxQ +0.0053  changes   209  5.4 min
episode 372/1013  eps 0.034  train return   -2.54%  loss 4.85e-05  maxQ +0.0034  changes   201  5.4 min
episode 373/1013  eps 0.033  train return   +7.44%  loss 4.93e-05  maxQ +0.0037  changes   152  5.4 min
episode 374/1013  eps 0.033  train return  +22.11%  loss 4.61e-05  maxQ +0.0035  changes   150  5.5 min
episode 375/1013  eps 0.033  train return  -28.93%  loss 4.90e-05  maxQ +0.0043  changes   263  5.5 min
episode 376/1013  eps 0.032  train return  +23.62%  loss 4.75e-05  maxQ +0.0043  changes   336  5.5 min
episode 377/1013  eps 0.032  train return  +10.47%  loss 4.99e-05  maxQ +0.0044  changes   237  5.5 min
episode 378/1013  eps 0.032  train return  -14.10%  loss 4.81e-05  maxQ +0.0038  changes   176  5.5 min
episode 379/1013  eps 0.032  train return   -2.75%  loss 4.72e-05  maxQ +0.0037  changes   243  5.5 min
episode 380/1013  eps 0.031  train return  -22.61%  loss 5.10e-05  maxQ +0.0042  changes   273  5.5 min | val return +6.83% (best +18.86%)
episode 381/1013  eps 0.031  train return  -11.28%  loss 4.74e-05  maxQ +0.0037  changes   221  5.6 min
episode 382/1013  eps 0.031  train return   -4.76%  loss 4.74e-05  maxQ +0.0034  changes   290  5.6 min
episode 383/1013  eps 0.030  train return   -5.38%  loss 4.80e-05  maxQ +0.0041  changes   150  5.6 min
episode 384/1013  eps 0.030  train return  +10.42%  loss 4.65e-05  maxQ +0.0045  changes   135  5.6 min
episode 385/1013  eps 0.030  train return   -2.74%  loss 4.56e-05  maxQ +0.0046  changes   261  5.6 min
episode 386/1013  eps 0.030  train return  -21.92%  loss 4.53e-05  maxQ +0.0055  changes   141  5.6 min
episode 387/1013  eps 0.029  train return   +4.34%  loss 4.58e-05  maxQ +0.0052  changes   197  5.7 min
episode 388/1013  eps 0.029  train return  -14.71%  loss 4.55e-05  maxQ +0.0051  changes   173  5.7 min
episode 389/1013  eps 0.029  train return  -33.70%  loss 5.12e-05  maxQ +0.0052  changes   264  5.7 min
episode 390/1013  eps 0.029  train return  +18.27%  loss 4.73e-05  maxQ +0.0050  changes   196  5.7 min | val return -16.36% (best +18.86%)
episode 391/1013  eps 0.028  train return  -15.48%  loss 4.75e-05  maxQ +0.0056  changes   190  5.7 min
episode 392/1013  eps 0.028  train return   +1.98%  loss 4.86e-05  maxQ +0.0048  changes   151  5.7 min
episode 393/1013  eps 0.028  train return  +22.00%  loss 4.84e-05  maxQ +0.0046  changes   197  5.8 min
episode 394/1013  eps 0.028  train return  +24.54%  loss 4.74e-05  maxQ +0.0039  changes   219  5.8 min
episode 395/1013  eps 0.027  train return  +22.74%  loss 4.74e-05  maxQ +0.0037  changes   196  5.8 min
episode 396/1013  eps 0.027  train return  +17.35%  loss 5.24e-05  maxQ +0.0039  changes   184  5.8 min
episode 397/1013  eps 0.027  train return  +23.78%  loss 4.77e-05  maxQ +0.0045  changes   174  5.8 min
episode 398/1013  eps 0.027  train return   -9.71%  loss 4.74e-05  maxQ +0.0036  changes   154  5.8 min
episode 399/1013  eps 0.026  train return   -1.87%  loss 4.64e-05  maxQ +0.0036  changes   179  5.8 min
episode 400/1013  eps 0.026  train return  +18.53%  loss 4.86e-05  maxQ +0.0034  changes   184  5.9 min | val return -4.13% (best +18.86%)
episode 401/1013  eps 0.026  train return  -14.39%  loss 4.72e-05  maxQ +0.0042  changes   205  5.9 min
episode 402/1013  eps 0.026  train return   -4.15%  loss 4.83e-05  maxQ +0.0045  changes   179  5.9 min
episode 403/1013  eps 0.025  train return   +0.14%  loss 4.73e-05  maxQ +0.0045  changes   179  5.9 min
episode 404/1013  eps 0.025  train return  -25.33%  loss 4.71e-05  maxQ +0.0048  changes   162  5.9 min
episode 405/1013  eps 0.025  train return  -20.85%  loss 4.81e-05  maxQ +0.0038  changes   192  5.9 min
episode 406/1013  eps 0.025  train return  +19.87%  loss 4.99e-05  maxQ +0.0034  changes   175  6.0 min
episode 407/1013  eps 0.024  train return  +37.81%  loss 5.04e-05  maxQ +0.0035  changes   163  6.0 min
episode 408/1013  eps 0.024  train return   -0.41%  loss 4.93e-05  maxQ +0.0044  changes   190  6.0 min
episode 409/1013  eps 0.024  train return  +14.13%  loss 4.67e-05  maxQ +0.0043  changes   138  6.0 min
episode 410/1013  eps 0.024  train return   +8.29%  loss 4.61e-05  maxQ +0.0039  changes   180  6.0 min | val return -2.18% (best +18.86%)
episode 411/1013  eps 0.024  train return   +8.36%  loss 4.69e-05  maxQ +0.0032  changes   136  6.0 min
episode 412/1013  eps 0.023  train return  -14.05%  loss 4.79e-05  maxQ +0.0033  changes   188  6.1 min
episode 413/1013  eps 0.023  train return   -1.64%  loss 4.50e-05  maxQ +0.0036  changes   175  6.1 min
episode 414/1013  eps 0.023  train return  -14.32%  loss 4.70e-05  maxQ +0.0031  changes   161  6.1 min
episode 415/1013  eps 0.023  train return   -4.21%  loss 4.53e-05  maxQ +0.0030  changes   162  6.1 min
episode 416/1013  eps 0.023  train return   -8.81%  loss 4.55e-05  maxQ +0.0034  changes   209  6.1 min
episode 417/1013  eps 0.022  train return   +9.96%  loss 4.56e-05  maxQ +0.0028  changes   124  6.1 min
episode 418/1013  eps 0.022  train return   +5.26%  loss 4.56e-05  maxQ +0.0039  changes   207  6.1 min
episode 419/1013  eps 0.022  train return  -24.24%  loss 4.52e-05  maxQ +0.0037  changes   150  6.2 min
episode 420/1013  eps 0.022  train return  -15.37%  loss 4.41e-05  maxQ +0.0032  changes   108  6.2 min | val return +7.82% (best +18.86%)
episode 421/1013  eps 0.022  train return   +0.71%  loss 4.39e-05  maxQ +0.0032  changes   126  6.2 min
episode 422/1013  eps 0.021  train return   +6.89%  loss 4.47e-05  maxQ +0.0042  changes   194  6.2 min
episode 423/1013  eps 0.021  train return   +6.55%  loss 4.43e-05  maxQ +0.0041  changes   211  6.2 min
episode 424/1013  eps 0.021  train return   -9.37%  loss 4.41e-05  maxQ +0.0035  changes   231  6.2 min
episode 425/1013  eps 0.021  train return  -17.73%  loss 4.40e-05  maxQ +0.0043  changes   160  6.3 min
episode 426/1013  eps 0.021  train return  +21.65%  loss 4.32e-05  maxQ +0.0043  changes   147  6.3 min
episode 427/1013  eps 0.020  train return   +0.95%  loss 4.37e-05  maxQ +0.0044  changes   141  6.3 min
episode 428/1013  eps 0.020  train return   -3.67%  loss 4.61e-05  maxQ +0.0044  changes    87  6.3 min
episode 429/1013  eps 0.020  train return   +5.44%  loss 4.43e-05  maxQ +0.0036  changes   161  6.3 min
episode 430/1013  eps 0.020  train return   -6.87%  loss 4.39e-05  maxQ +0.0028  changes   146  6.3 min | val return -3.76% (best +18.86%)
episode 431/1013  eps 0.020  train return  -10.03%  loss 4.46e-05  maxQ +0.0028  changes   159  6.4 min
episode 432/1013  eps 0.019  train return   +6.34%  loss 4.45e-05  maxQ +0.0037  changes   139  6.4 min
episode 433/1013  eps 0.019  train return   +2.45%  loss 4.48e-05  maxQ +0.0035  changes   207  6.4 min
episode 434/1013  eps 0.019  train return  +19.76%  loss 4.39e-05  maxQ +0.0032  changes   150  6.4 min
episode 435/1013  eps 0.019  train return  -27.52%  loss 4.18e-05  maxQ +0.0038  changes    85  6.4 min
episode 436/1013  eps 0.019  train return   -5.48%  loss 4.07e-05  maxQ +0.0038  changes   202  6.4 min
episode 437/1013  eps 0.019  train return   -5.72%  loss 4.15e-05  maxQ +0.0033  changes   163  6.4 min
episode 438/1013  eps 0.018  train return  -48.35%  loss 4.18e-05  maxQ +0.0031  changes   153  6.5 min
episode 439/1013  eps 0.018  train return  -10.71%  loss 4.21e-05  maxQ +0.0035  changes   117  6.5 min
episode 440/1013  eps 0.018  train return   +7.37%  loss 4.31e-05  maxQ +0.0030  changes   145  6.5 min | val return +1.62% (best +18.86%)
episode 441/1013  eps 0.018  train return  +13.23%  loss 4.21e-05  maxQ +0.0036  changes   165  6.5 min
episode 442/1013  eps 0.018  train return   -7.51%  loss 4.29e-05  maxQ +0.0033  changes   170  6.5 min
episode 443/1013  eps 0.018  train return   +4.16%  loss 4.16e-05  maxQ +0.0039  changes    95  6.5 min
episode 444/1013  eps 0.017  train return  -22.42%  loss 4.15e-05  maxQ +0.0037  changes    89  6.6 min
episode 445/1013  eps 0.017  train return  -35.61%  loss 4.10e-05  maxQ +0.0033  changes   132  6.6 min
episode 446/1013  eps 0.017  train return  +14.12%  loss 4.26e-05  maxQ +0.0031  changes   170  6.6 min
episode 447/1013  eps 0.017  train return   +2.90%  loss 4.08e-05  maxQ +0.0025  changes   145  6.6 min
episode 448/1013  eps 0.017  train return  +10.73%  loss 3.97e-05  maxQ +0.0024  changes   117  6.6 min
episode 449/1013  eps 0.017  train return   +6.21%  loss 4.15e-05  maxQ +0.0025  changes    85  6.6 min
episode 450/1013  eps 0.016  train return   -2.45%  loss 4.13e-05  maxQ +0.0033  changes   143  6.7 min | val return +5.22% (best +18.86%)
episode 451/1013  eps 0.016  train return   +0.58%  loss 4.08e-05  maxQ +0.0026  changes   139  6.7 min
episode 452/1013  eps 0.016  train return   +1.15%  loss 4.02e-05  maxQ +0.0032  changes   170  6.7 min
episode 453/1013  eps 0.016  train return   -7.20%  loss 4.06e-05  maxQ +0.0027  changes   126  6.7 min
episode 454/1013  eps 0.016  train return  -20.05%  loss 4.09e-05  maxQ +0.0025  changes   127  6.7 min
episode 455/1013  eps 0.016  train return  -12.01%  loss 4.00e-05  maxQ +0.0029  changes   147  6.7 min
episode 456/1013  eps 0.016  train return   +6.63%  loss 3.97e-05  maxQ +0.0027  changes   107  6.8 min
episode 457/1013  eps 0.015  train return   +7.87%  loss 4.13e-05  maxQ +0.0021  changes   162  6.8 min
episode 458/1013  eps 0.015  train return   +7.22%  loss 4.00e-05  maxQ +0.0029  changes   113  6.8 min
episode 459/1013  eps 0.015  train return   +1.60%  loss 4.11e-05  maxQ +0.0027  changes   128  6.8 min
episode 460/1013  eps 0.015  train return   -4.81%  loss 3.88e-05  maxQ +0.0035  changes   112  6.8 min | val return -9.65% (best +18.86%)
episode 461/1013  eps 0.015  train return  +10.75%  loss 4.19e-05  maxQ +0.0031  changes   133  6.8 min
episode 462/1013  eps 0.015  train return   +0.99%  loss 4.30e-05  maxQ +0.0034  changes   119  6.8 min
episode 463/1013  eps 0.015  train return   +4.87%  loss 4.14e-05  maxQ +0.0034  changes   168  6.9 min
episode 464/1013  eps 0.015  train return   -0.84%  loss 4.03e-05  maxQ +0.0032  changes   162  6.9 min
episode 465/1013  eps 0.014  train return   +8.10%  loss 4.11e-05  maxQ +0.0030  changes   163  6.9 min
episode 466/1013  eps 0.014  train return  -24.63%  loss 4.16e-05  maxQ +0.0026  changes   247  6.9 min
episode 467/1013  eps 0.014  train return  +13.08%  loss 4.04e-05  maxQ +0.0027  changes   211  6.9 min
episode 468/1013  eps 0.014  train return  -28.46%  loss 4.16e-05  maxQ +0.0027  changes   151  6.9 min
episode 469/1013  eps 0.014  train return   +4.04%  loss 4.27e-05  maxQ +0.0025  changes   141  6.9 min
episode 470/1013  eps 0.014  train return  -14.47%  loss 3.94e-05  maxQ +0.0021  changes   126  7.0 min | val return +2.01% (best +18.86%)
episode 471/1013  eps 0.014  train return   +4.22%  loss 4.08e-05  maxQ +0.0024  changes   156  7.0 min
episode 472/1013  eps 0.013  train return  +20.30%  loss 3.94e-05  maxQ +0.0018  changes   186  7.0 min
episode 473/1013  eps 0.013  train return  +12.54%  loss 3.91e-05  maxQ +0.0030  changes    99  7.0 min
episode 474/1013  eps 0.013  train return   -3.45%  loss 3.96e-05  maxQ +0.0026  changes   146  7.0 min
episode 475/1013  eps 0.013  train return  -28.63%  loss 3.65e-05  maxQ +0.0028  changes   219  7.1 min
episode 476/1013  eps 0.013  train return  +37.74%  loss 4.07e-05  maxQ +0.0024  changes   220  7.1 min
episode 477/1013  eps 0.013  train return  -20.73%  loss 4.10e-05  maxQ +0.0024  changes   145  7.1 min
episode 478/1013  eps 0.013  train return   +6.24%  loss 4.13e-05  maxQ +0.0034  changes   193  7.1 min
episode 479/1013  eps 0.013  train return   -1.86%  loss 4.01e-05  maxQ +0.0037  changes   121  7.1 min
episode 480/1013  eps 0.013  train return   -5.69%  loss 3.97e-05  maxQ +0.0038  changes    97  7.1 min | val return -11.72% (best +18.86%)
episode 481/1013  eps 0.012  train return   -7.27%  loss 4.01e-05  maxQ +0.0037  changes   176  7.2 min
episode 482/1013  eps 0.012  train return  +13.84%  loss 4.10e-05  maxQ +0.0031  changes   175  7.2 min
episode 483/1013  eps 0.012  train return  +16.39%  loss 4.21e-05  maxQ +0.0028  changes   163  7.2 min
episode 484/1013  eps 0.012  train return  +16.60%  loss 4.17e-05  maxQ +0.0028  changes   100  7.2 min
episode 485/1013  eps 0.012  train return   -8.52%  loss 4.16e-05  maxQ +0.0026  changes   138  7.2 min
episode 486/1013  eps 0.012  train return  +18.38%  loss 4.18e-05  maxQ +0.0030  changes   119  7.2 min
episode 487/1013  eps 0.012  train return   -3.58%  loss 4.03e-05  maxQ +0.0029  changes   135  7.2 min
episode 488/1013  eps 0.012  train return   +2.29%  loss 4.29e-05  maxQ +0.0033  changes   120  7.3 min
episode 489/1013  eps 0.012  train return   +1.24%  loss 4.17e-05  maxQ +0.0034  changes   113  7.3 min
episode 490/1013  eps 0.011  train return   -3.47%  loss 4.23e-05  maxQ +0.0031  changes   135  7.3 min | val return -7.93% (best +18.86%)
episode 491/1013  eps 0.011  train return  -11.49%  loss 4.20e-05  maxQ +0.0023  changes   146  7.3 min
episode 492/1013  eps 0.011  train return   +0.80%  loss 3.99e-05  maxQ +0.0023  changes   188  7.3 min
episode 493/1013  eps 0.011  train return   -5.54%  loss 4.11e-05  maxQ +0.0029  changes   198  7.3 min
episode 494/1013  eps 0.011  train return   -3.57%  loss 4.15e-05  maxQ +0.0022  changes   185  7.4 min
episode 495/1013  eps 0.011  train return  -10.42%  loss 3.97e-05  maxQ +0.0032  changes   189  7.4 min
episode 496/1013  eps 0.011  train return  +36.90%  loss 4.41e-05  maxQ +0.0029  changes    90  7.4 min
episode 497/1013  eps 0.011  train return  -13.16%  loss 3.91e-05  maxQ +0.0035  changes   130  7.4 min
episode 498/1013  eps 0.011  train return  +21.29%  loss 4.06e-05  maxQ +0.0038  changes   164  7.4 min
episode 499/1013  eps 0.011  train return  +29.34%  loss 4.17e-05  maxQ +0.0037  changes   266  7.4 min
episode 500/1013  eps 0.010  train return   -6.89%  loss 4.22e-05  maxQ +0.0038  changes   180  7.4 min | val return -11.60% (best +18.86%)
episode 501/1013  eps 0.010  train return  -39.97%  loss 4.21e-05  maxQ +0.0036  changes   199  7.5 min
episode 502/1013  eps 0.010  train return   -9.74%  loss 4.31e-05  maxQ +0.0026  changes   133  7.5 min
episode 503/1013  eps 0.010  train return   -4.65%  loss 4.17e-05  maxQ +0.0032  changes   160  7.5 min
episode 504/1013  eps 0.010  train return   -6.39%  loss 4.30e-05  maxQ +0.0030  changes    71  7.5 min
episode 505/1013  eps 0.010  train return   +7.62%  loss 4.18e-05  maxQ +0.0036  changes   121  7.5 min
episode 506/1013  eps 0.010  train return  -11.39%  loss 4.43e-05  maxQ +0.0038  changes   133  7.5 min
episode 507/1013  eps 0.010  train return  +30.54%  loss 4.28e-05  maxQ +0.0040  changes    85  7.6 min
episode 508/1013  eps 0.010  train return   -6.69%  loss 4.17e-05  maxQ +0.0036  changes    68  7.6 min
episode 509/1013  eps 0.010  train return  -10.51%  loss 4.46e-05  maxQ +0.0032  changes    98  7.6 min
episode 510/1013  eps 0.010  train return  +55.62%  loss 4.27e-05  maxQ +0.0036  changes   101  7.6 min | val return -9.45% (best +18.86%)
episode 511/1013  eps 0.010  train return   -9.71%  loss 4.37e-05  maxQ +0.0031  changes   152  7.6 min
episode 512/1013  eps 0.010  train return  +22.40%  loss 4.25e-05  maxQ +0.0026  changes   238  7.7 min
episode 513/1013  eps 0.010  train return  -19.98%  loss 4.29e-05  maxQ +0.0041  changes   163  7.7 min
episode 514/1013  eps 0.010  train return   +7.77%  loss 4.41e-05  maxQ +0.0038  changes   111  7.7 min
episode 515/1013  eps 0.010  train return   -1.35%  loss 4.21e-05  maxQ +0.0031  changes   256  7.7 min
episode 516/1013  eps 0.010  train return   -3.69%  loss 4.51e-05  maxQ +0.0025  changes   108  7.7 min
episode 517/1013  eps 0.010  train return  +15.58%  loss 4.27e-05  maxQ +0.0029  changes   102  7.7 min
episode 518/1013  eps 0.010  train return  -11.65%  loss 4.43e-05  maxQ +0.0032  changes   123  7.7 min
episode 519/1013  eps 0.010  train return  -11.66%  loss 4.12e-05  maxQ +0.0040  changes   213  7.8 min
episode 520/1013  eps 0.010  train return  -16.89%  loss 4.31e-05  maxQ +0.0036  changes   183  7.8 min | val return -8.93% (best +18.86%)
episode 521/1013  eps 0.010  train return  -24.07%  loss 4.71e-05  maxQ +0.0037  changes   246  7.8 min
episode 522/1013  eps 0.010  train return  -12.55%  loss 4.31e-05  maxQ +0.0035  changes   212  7.8 min
episode 523/1013  eps 0.010  train return   -4.32%  loss 4.49e-05  maxQ +0.0028  changes   238  7.8 min
episode 524/1013  eps 0.010  train return  +36.08%  loss 4.51e-05  maxQ +0.0029  changes   223  7.8 min
episode 525/1013  eps 0.010  train return  -15.20%  loss 4.53e-05  maxQ +0.0036  changes   162  7.9 min
episode 526/1013  eps 0.010  train return  -15.15%  loss 4.57e-05  maxQ +0.0034  changes   146  7.9 min
episode 527/1013  eps 0.010  train return  -26.26%  loss 4.44e-05  maxQ +0.0034  changes   133  7.9 min
episode 528/1013  eps 0.010  train return  +31.32%  loss 4.60e-05  maxQ +0.0027  changes   210  7.9 min
episode 529/1013  eps 0.010  train return   -4.95%  loss 4.66e-05  maxQ +0.0027  changes   151  7.9 min
episode 530/1013  eps 0.010  train return  +12.73%  loss 4.41e-05  maxQ +0.0026  changes   184  7.9 min | val return -5.90% (best +18.86%)
episode 531/1013  eps 0.010  train return  +72.73%  loss 4.70e-05  maxQ +0.0027  changes   147  8.0 min
episode 532/1013  eps 0.010  train return  -11.41%  loss 4.58e-05  maxQ +0.0033  changes   223  8.0 min
episode 533/1013  eps 0.010  train return  -12.44%  loss 4.49e-05  maxQ +0.0037  changes   212  8.0 min
episode 534/1013  eps 0.010  train return   +1.50%  loss 4.61e-05  maxQ +0.0036  changes   145  8.0 min
episode 535/1013  eps 0.010  train return  -22.75%  loss 5.03e-05  maxQ +0.0033  changes   123  8.0 min
episode 536/1013  eps 0.010  train return   -1.88%  loss 4.83e-05  maxQ +0.0029  changes   154  8.0 min
episode 537/1013  eps 0.010  train return  -10.46%  loss 4.75e-05  maxQ +0.0027  changes   148  8.0 min
episode 538/1013  eps 0.010  train return   -2.63%  loss 4.94e-05  maxQ +0.0026  changes   111  8.1 min
episode 539/1013  eps 0.010  train return   +4.04%  loss 4.67e-05  maxQ +0.0026  changes   108  8.1 min
episode 540/1013  eps 0.010  train return   +7.46%  loss 4.74e-05  maxQ +0.0028  changes   231  8.1 min | val return -11.62% (best +18.86%)
episode 541/1013  eps 0.010  train return   +3.40%  loss 5.03e-05  maxQ +0.0027  changes   271  8.1 min
episode 542/1013  eps 0.010  train return  -23.78%  loss 4.76e-05  maxQ +0.0035  changes   227  8.1 min
episode 543/1013  eps 0.010  train return   +6.00%  loss 4.78e-05  maxQ +0.0030  changes   172  8.1 min
episode 544/1013  eps 0.010  train return   +7.65%  loss 4.60e-05  maxQ +0.0027  changes   161  8.2 min
episode 545/1013  eps 0.010  train return   +0.93%  loss 4.71e-05  maxQ +0.0028  changes   196  8.2 min
episode 546/1013  eps 0.010  train return   -0.59%  loss 4.58e-05  maxQ +0.0024  changes   151  8.2 min
episode 547/1013  eps 0.010  train return  +37.62%  loss 4.67e-05  maxQ +0.0027  changes   186  8.2 min
episode 548/1013  eps 0.010  train return  -12.99%  loss 4.70e-05  maxQ +0.0030  changes   285  8.2 min
episode 549/1013  eps 0.010  train return   -9.47%  loss 4.54e-05  maxQ +0.0032  changes   159  8.2 min
episode 550/1013  eps 0.010  train return  -43.06%  loss 4.80e-05  maxQ +0.0031  changes   166  8.2 min | val return +7.65% (best +18.86%)
episode 551/1013  eps 0.010  train return   -8.97%  loss 4.87e-05  maxQ +0.0032  changes    98  8.3 min
episode 552/1013  eps 0.010  train return  -19.95%  loss 4.91e-05  maxQ +0.0032  changes   163  8.3 min
episode 553/1013  eps 0.010  train return   -5.72%  loss 4.91e-05  maxQ +0.0033  changes   186  8.3 min
episode 554/1013  eps 0.010  train return  -22.46%  loss 4.63e-05  maxQ +0.0040  changes   146  8.3 min
episode 555/1013  eps 0.010  train return  +18.95%  loss 4.79e-05  maxQ +0.0044  changes   385  8.3 min
episode 556/1013  eps 0.010  train return  -21.83%  loss 4.87e-05  maxQ +0.0040  changes   239  8.3 min
episode 557/1013  eps 0.010  train return   -8.59%  loss 4.95e-05  maxQ +0.0040  changes   173  8.4 min
episode 558/1013  eps 0.010  train return   -1.46%  loss 4.92e-05  maxQ +0.0037  changes   170  8.4 min
episode 559/1013  eps 0.010  train return   -0.79%  loss 4.75e-05  maxQ +0.0030  changes   165  8.4 min
episode 560/1013  eps 0.010  train return  +27.48%  loss 4.90e-05  maxQ +0.0034  changes   149  8.4 min | val return -5.79% (best +18.86%)
episode 561/1013  eps 0.010  train return  +36.73%  loss 4.95e-05  maxQ +0.0030  changes   231  8.4 min
episode 562/1013  eps 0.010  train return  +30.69%  loss 4.84e-05  maxQ +0.0034  changes   241  8.4 min
episode 563/1013  eps 0.010  train return   +6.97%  loss 5.06e-05  maxQ +0.0033  changes   226  8.5 min
episode 564/1013  eps 0.010  train return   +7.79%  loss 5.03e-05  maxQ +0.0041  changes   316  8.5 min
episode 565/1013  eps 0.010  train return   -6.69%  loss 5.11e-05  maxQ +0.0043  changes    88  8.5 min
episode 566/1013  eps 0.010  train return  +14.32%  loss 5.04e-05  maxQ +0.0039  changes   159  8.5 min
episode 567/1013  eps 0.010  train return  -21.45%  loss 4.94e-05  maxQ +0.0038  changes   131  8.5 min
episode 568/1013  eps 0.010  train return   +4.65%  loss 4.86e-05  maxQ +0.0032  changes   247  8.5 min
episode 569/1013  eps 0.010  train return  -15.98%  loss 4.94e-05  maxQ +0.0030  changes   186  8.6 min
episode 570/1013  eps 0.010  train return   -6.61%  loss 4.77e-05  maxQ +0.0035  changes   110  8.6 min | val return -8.53% (best +18.86%)
episode 571/1013  eps 0.010  train return  -10.64%  loss 5.13e-05  maxQ +0.0034  changes    86  8.6 min
episode 572/1013  eps 0.010  train return   +0.73%  loss 4.76e-05  maxQ +0.0034  changes   144  8.6 min
episode 573/1013  eps 0.010  train return  -28.78%  loss 4.88e-05  maxQ +0.0032  changes   120  8.6 min
episode 574/1013  eps 0.010  train return  -19.84%  loss 4.79e-05  maxQ +0.0028  changes   121  8.6 min
episode 575/1013  eps 0.010  train return  +21.89%  loss 4.83e-05  maxQ +0.0025  changes   104  8.7 min
episode 576/1013  eps 0.010  train return  -13.11%  loss 4.66e-05  maxQ +0.0030  changes   200  8.7 min
episode 577/1013  eps 0.010  train return  +12.05%  loss 4.76e-05  maxQ +0.0030  changes   156  8.7 min
episode 578/1013  eps 0.010  train return   +3.86%  loss 4.77e-05  maxQ +0.0032  changes   166  8.7 min
episode 579/1013  eps 0.010  train return   -1.23%  loss 4.86e-05  maxQ +0.0035  changes   169  8.7 min
episode 580/1013  eps 0.010  train return   -2.10%  loss 4.64e-05  maxQ +0.0031  changes   160  8.7 min | val return +0.76% (best +18.86%)
episode 581/1013  eps 0.010  train return  +10.16%  loss 4.67e-05  maxQ +0.0032  changes   143  8.8 min
episode 582/1013  eps 0.010  train return  +16.85%  loss 4.73e-05  maxQ +0.0034  changes   187  8.8 min
episode 583/1013  eps 0.010  train return  -25.21%  loss 4.64e-05  maxQ +0.0037  changes   203  8.8 min
episode 584/1013  eps 0.010  train return  +15.37%  loss 4.66e-05  maxQ +0.0033  changes   153  8.8 min
episode 585/1013  eps 0.010  train return   -4.13%  loss 4.55e-05  maxQ +0.0032  changes   108  8.8 min
episode 586/1013  eps 0.010  train return  +48.56%  loss 4.44e-05  maxQ +0.0033  changes   259  8.8 min
episode 587/1013  eps 0.010  train return   -6.96%  loss 4.95e-05  maxQ +0.0027  changes   149  8.8 min
episode 588/1013  eps 0.010  train return   +8.03%  loss 4.42e-05  maxQ +0.0029  changes   143  8.9 min
episode 589/1013  eps 0.010  train return   -0.89%  loss 4.46e-05  maxQ +0.0026  changes   162  8.9 min
episode 590/1013  eps 0.010  train return  +43.94%  loss 4.60e-05  maxQ +0.0027  changes   215  8.9 min | val return -13.20% (best +18.86%)
episode 591/1013  eps 0.010  train return   -0.26%  loss 4.48e-05  maxQ +0.0028  changes   103  8.9 min
episode 592/1013  eps 0.010  train return  +20.92%  loss 4.30e-05  maxQ +0.0026  changes   113  8.9 min
episode 593/1013  eps 0.010  train return   -2.71%  loss 4.70e-05  maxQ +0.0028  changes   140  8.9 min
episode 594/1013  eps 0.010  train return  +20.71%  loss 4.31e-05  maxQ +0.0023  changes   130  9.0 min
episode 595/1013  eps 0.010  train return  -27.56%  loss 4.35e-05  maxQ +0.0020  changes   169  9.0 min
episode 596/1013  eps 0.010  train return  +20.73%  loss 4.50e-05  maxQ +0.0027  changes   128  9.0 min
episode 597/1013  eps 0.010  train return  -10.75%  loss 4.73e-05  maxQ +0.0032  changes   136  9.0 min
episode 598/1013  eps 0.010  train return   -9.01%  loss 4.56e-05  maxQ +0.0035  changes    89  9.0 min
episode 599/1013  eps 0.010  train return  +16.13%  loss 4.44e-05  maxQ +0.0031  changes   100  9.0 min
episode 600/1013  eps 0.010  train return  +11.27%  loss 4.65e-05  maxQ +0.0032  changes    99  9.0 min | val return -9.83% (best +18.86%)
episode 601/1013  eps 0.010  train return  +16.62%  loss 4.45e-05  maxQ +0.0030  changes   102  9.1 min
episode 602/1013  eps 0.010  train return  -18.87%  loss 4.40e-05  maxQ +0.0026  changes   129  9.1 min
episode 603/1013  eps 0.010  train return  +16.47%  loss 4.48e-05  maxQ +0.0024  changes   180  9.1 min
episode 604/1013  eps 0.010  train return  -11.08%  loss 4.66e-05  maxQ +0.0023  changes   117  9.1 min
episode 605/1013  eps 0.010  train return   +6.28%  loss 4.88e-05  maxQ +0.0020  changes    82  9.1 min
episode 606/1013  eps 0.010  train return  -14.00%  loss 4.62e-05  maxQ +0.0022  changes   129  9.1 min
episode 607/1013  eps 0.010  train return  +28.31%  loss 4.46e-05  maxQ +0.0024  changes   119  9.2 min
episode 608/1013  eps 0.010  train return   -4.16%  loss 4.64e-05  maxQ +0.0027  changes   153  9.2 min
episode 609/1013  eps 0.010  train return  +29.34%  loss 4.41e-05  maxQ +0.0026  changes   113  9.2 min
episode 610/1013  eps 0.010  train return  +52.63%  loss 4.59e-05  maxQ +0.0029  changes   128  9.2 min | val return -7.69% (best +18.86%)
episode 611/1013  eps 0.010  train return  +49.21%  loss 4.61e-05  maxQ +0.0029  changes   135  9.2 min
episode 612/1013  eps 0.010  train return   -2.09%  loss 4.78e-05  maxQ +0.0032  changes   153  9.2 min
episode 613/1013  eps 0.010  train return  +24.59%  loss 4.83e-05  maxQ +0.0031  changes   120  9.2 min
episode 614/1013  eps 0.010  train return   +3.83%  loss 4.45e-05  maxQ +0.0029  changes    68  9.3 min
episode 615/1013  eps 0.010  train return  +11.54%  loss 4.32e-05  maxQ +0.0029  changes    94  9.3 min
episode 616/1013  eps 0.010  train return   +2.52%  loss 5.01e-05  maxQ +0.0028  changes    68  9.3 min
episode 617/1013  eps 0.010  train return   -3.36%  loss 5.14e-05  maxQ +0.0034  changes   147  9.3 min
episode 618/1013  eps 0.010  train return  -16.60%  loss 5.14e-05  maxQ +0.0032  changes    65  9.3 min
episode 619/1013  eps 0.010  train return  +18.42%  loss 5.32e-05  maxQ +0.0036  changes    96  9.3 min
episode 620/1013  eps 0.010  train return   -4.38%  loss 5.21e-05  maxQ +0.0041  changes    68  9.4 min | val return -8.53% (best +18.86%)
episode 621/1013  eps 0.010  train return   +7.30%  loss 5.19e-05  maxQ +0.0034  changes    77  9.4 min
episode 622/1013  eps 0.010  train return  +11.96%  loss 5.26e-05  maxQ +0.0051  changes   132  9.4 min
episode 623/1013  eps 0.010  train return  +25.27%  loss 5.19e-05  maxQ +0.0049  changes   119  9.4 min
episode 624/1013  eps 0.010  train return  -32.25%  loss 5.30e-05  maxQ +0.0053  changes   108  9.4 min
episode 625/1013  eps 0.010  train return   +4.58%  loss 5.52e-05  maxQ +0.0043  changes    95  9.4 min
episode 626/1013  eps 0.010  train return  -35.90%  loss 5.34e-05  maxQ +0.0043  changes   156  9.5 min
episode 627/1013  eps 0.010  train return   +9.73%  loss 5.40e-05  maxQ +0.0037  changes    72  9.5 min
episode 628/1013  eps 0.010  train return  +11.43%  loss 5.56e-05  maxQ +0.0038  changes    85  9.5 min
episode 629/1013  eps 0.010  train return  -21.41%  loss 5.32e-05  maxQ +0.0040  changes   179  9.5 min
episode 630/1013  eps 0.010  train return   +6.89%  loss 5.46e-05  maxQ +0.0042  changes   129  9.5 min | val return +11.59% (best +18.86%)
episode 631/1013  eps 0.010  train return   +3.14%  loss 5.54e-05  maxQ +0.0038  changes   143  9.5 min
episode 632/1013  eps 0.010  train return  -30.78%  loss 5.30e-05  maxQ +0.0036  changes   117  9.6 min
episode 633/1013  eps 0.010  train return   -4.15%  loss 5.40e-05  maxQ +0.0028  changes    77  9.6 min
episode 634/1013  eps 0.010  train return  -38.28%  loss 5.56e-05  maxQ +0.0034  changes    97  9.6 min
episode 635/1013  eps 0.010  train return  +25.06%  loss 5.19e-05  maxQ +0.0031  changes    60  9.6 min
episode 636/1013  eps 0.010  train return  -20.21%  loss 5.32e-05  maxQ +0.0033  changes    91  9.6 min
episode 637/1013  eps 0.010  train return  -14.34%  loss 5.52e-05  maxQ +0.0037  changes   105  9.6 min
episode 638/1013  eps 0.010  train return  -37.97%  loss 5.36e-05  maxQ +0.0033  changes    91  9.6 min
episode 639/1013  eps 0.010  train return  -30.02%  loss 5.35e-05  maxQ +0.0034  changes    77  9.7 min
episode 640/1013  eps 0.010  train return  -38.12%  loss 5.55e-05  maxQ +0.0032  changes    91  9.7 min | val return +1.70% (best +18.86%)
episode 641/1013  eps 0.010  train return  -15.58%  loss 5.34e-05  maxQ +0.0028  changes    54  9.7 min
episode 642/1013  eps 0.010  train return   -1.55%  loss 5.64e-05  maxQ +0.0031  changes    85  9.7 min
episode 643/1013  eps 0.010  train return   -7.11%  loss 5.76e-05  maxQ +0.0028  changes    72  9.7 min
episode 644/1013  eps 0.010  train return  -19.89%  loss 5.63e-05  maxQ +0.0032  changes   103  9.7 min
episode 645/1013  eps 0.010  train return  -22.36%  loss 5.51e-05  maxQ +0.0029  changes    91  9.8 min
episode 646/1013  eps 0.010  train return   +4.91%  loss 5.42e-05  maxQ +0.0034  changes    73  9.8 min
episode 647/1013  eps 0.010  train return  +18.59%  loss 5.52e-05  maxQ +0.0033  changes    80  9.8 min
episode 648/1013  eps 0.010  train return  +30.53%  loss 5.50e-05  maxQ +0.0030  changes    60  9.8 min
episode 649/1013  eps 0.010  train return  +65.78%  loss 5.66e-05  maxQ +0.0025  changes    45  9.8 min
episode 650/1013  eps 0.010  train return   -4.11%  loss 5.95e-05  maxQ +0.0029  changes   109  9.8 min | val return -1.73% (best +18.86%)
episode 651/1013  eps 0.010  train return   +5.15%  loss 5.79e-05  maxQ +0.0027  changes   114  9.9 min
episode 652/1013  eps 0.010  train return  +15.84%  loss 5.74e-05  maxQ +0.0036  changes   184  9.9 min
episode 653/1013  eps 0.010  train return   -0.93%  loss 5.80e-05  maxQ +0.0038  changes    82  9.9 min
episode 654/1013  eps 0.010  train return   -4.58%  loss 6.03e-05  maxQ +0.0039  changes   135  9.9 min
episode 655/1013  eps 0.010  train return   +5.46%  loss 5.69e-05  maxQ +0.0032  changes   141  9.9 min
episode 656/1013  eps 0.010  train return  +20.71%  loss 5.91e-05  maxQ +0.0029  changes   108  9.9 min
episode 657/1013  eps 0.010  train return  -20.98%  loss 5.66e-05  maxQ +0.0033  changes   105  9.9 min
episode 658/1013  eps 0.010  train return   +1.90%  loss 5.52e-05  maxQ +0.0033  changes   141  10.0 min
episode 659/1013  eps 0.010  train return  +39.84%  loss 5.67e-05  maxQ +0.0030  changes   188  10.0 min
episode 660/1013  eps 0.010  train return  +39.02%  loss 6.05e-05  maxQ +0.0020  changes   111  10.0 min | val return -7.15% (best +18.86%)
episode 661/1013  eps 0.010  train return  -14.36%  loss 5.92e-05  maxQ +0.0018  changes   144  10.0 min
episode 662/1013  eps 0.010  train return   +4.08%  loss 5.91e-05  maxQ +0.0020  changes   141  10.0 min
episode 663/1013  eps 0.010  train return  +25.41%  loss 5.60e-05  maxQ +0.0019  changes    92  10.0 min
episode 664/1013  eps 0.010  train return  -14.58%  loss 5.59e-05  maxQ +0.0023  changes   102  10.1 min
episode 665/1013  eps 0.010  train return  +11.26%  loss 5.51e-05  maxQ +0.0023  changes   123  10.1 min
episode 666/1013  eps 0.010  train return  -17.40%  loss 5.57e-05  maxQ +0.0019  changes   136  10.1 min
episode 667/1013  eps 0.010  train return  -21.30%  loss 5.89e-05  maxQ +0.0023  changes    86  10.1 min
episode 668/1013  eps 0.010  train return   +6.86%  loss 5.78e-05  maxQ +0.0024  changes   111  10.1 min
episode 669/1013  eps 0.010  train return   -1.73%  loss 5.59e-05  maxQ +0.0021  changes   101  10.1 min
episode 670/1013  eps 0.010  train return   +9.10%  loss 5.50e-05  maxQ +0.0025  changes    57  10.2 min | val return -8.53% (best +18.86%)
episode 671/1013  eps 0.010  train return   -2.65%  loss 5.38e-05  maxQ +0.0030  changes    71  10.2 min
episode 672/1013  eps 0.010  train return  -16.30%  loss 5.75e-05  maxQ +0.0023  changes    73  10.2 min
episode 673/1013  eps 0.010  train return  +18.17%  loss 5.63e-05  maxQ +0.0020  changes    91  10.2 min
episode 674/1013  eps 0.010  train return  +30.53%  loss 5.73e-05  maxQ +0.0021  changes    63  10.2 min
episode 675/1013  eps 0.010  train return  +11.04%  loss 5.53e-05  maxQ +0.0022  changes    74  10.2 min
episode 676/1013  eps 0.010  train return   +9.13%  loss 5.66e-05  maxQ +0.0024  changes    71  10.2 min
episode 677/1013  eps 0.010  train return  -35.41%  loss 5.92e-05  maxQ +0.0023  changes    49  10.3 min
episode 678/1013  eps 0.010  train return  +24.11%  loss 5.78e-05  maxQ +0.0021  changes   115  10.3 min
episode 679/1013  eps 0.010  train return  +20.14%  loss 5.69e-05  maxQ +0.0028  changes   106  10.3 min
episode 680/1013  eps 0.010  train return  +10.68%  loss 5.91e-05  maxQ +0.0028  changes    89  10.3 min | val return +0.98% (best +18.86%)
episode 681/1013  eps 0.010  train return   +7.04%  loss 5.52e-05  maxQ +0.0023  changes   121  10.3 min
episode 682/1013  eps 0.010  train return  +20.66%  loss 5.51e-05  maxQ +0.0026  changes   100  10.3 min
episode 683/1013  eps 0.010  train return  +10.84%  loss 5.55e-05  maxQ +0.0022  changes    69  10.4 min
episode 684/1013  eps 0.010  train return  -22.09%  loss 5.50e-05  maxQ +0.0022  changes    98  10.4 min
episode 685/1013  eps 0.010  train return  -10.90%  loss 5.54e-05  maxQ +0.0027  changes    71  10.4 min
episode 686/1013  eps 0.010  train return   +9.88%  loss 5.25e-05  maxQ +0.0033  changes    61  10.4 min
episode 687/1013  eps 0.010  train return  +46.74%  loss 5.18e-05  maxQ +0.0030  changes    85  10.4 min
episode 688/1013  eps 0.010  train return   +0.70%  loss 5.15e-05  maxQ +0.0031  changes    70  10.4 min
episode 689/1013  eps 0.010  train return   -3.48%  loss 5.18e-05  maxQ +0.0026  changes    62  10.4 min
episode 690/1013  eps 0.010  train return  +34.96%  loss 5.02e-05  maxQ +0.0025  changes    58  10.5 min | val return -8.53% (best +18.86%)
episode 691/1013  eps 0.010  train return  +12.16%  loss 4.86e-05  maxQ +0.0025  changes    84  10.5 min
episode 692/1013  eps 0.010  train return   -1.71%  loss 5.13e-05  maxQ +0.0026  changes    92  10.5 min
episode 693/1013  eps 0.010  train return  +17.48%  loss 5.14e-05  maxQ +0.0024  changes    92  10.5 min
episode 694/1013  eps 0.010  train return  +15.75%  loss 4.91e-05  maxQ +0.0027  changes    76  10.5 min
episode 695/1013  eps 0.010  train return  +60.40%  loss 4.92e-05  maxQ +0.0029  changes    85  10.6 min
episode 696/1013  eps 0.010  train return  -13.99%  loss 5.03e-05  maxQ +0.0029  changes    31  10.6 min
episode 697/1013  eps 0.010  train return  -11.63%  loss 4.92e-05  maxQ +0.0027  changes    79  10.6 min
episode 698/1013  eps 0.010  train return   -7.89%  loss 4.93e-05  maxQ +0.0029  changes    43  10.6 min
episode 699/1013  eps 0.010  train return   +5.54%  loss 4.89e-05  maxQ +0.0031  changes    34  10.6 min
episode 700/1013  eps 0.010  train return   +1.21%  loss 5.11e-05  maxQ +0.0024  changes    43  10.6 min | val return +0.45% (best +18.86%)
episode 701/1013  eps 0.010  train return  -26.72%  loss 5.07e-05  maxQ +0.0023  changes    50  10.7 min
episode 702/1013  eps 0.010  train return  -18.29%  loss 5.03e-05  maxQ +0.0022  changes    82  10.7 min
episode 703/1013  eps 0.010  train return   +9.18%  loss 5.18e-05  maxQ +0.0022  changes    74  10.7 min
episode 704/1013  eps 0.010  train return   +2.46%  loss 5.14e-05  maxQ +0.0020  changes    68  10.7 min
episode 705/1013  eps 0.010  train return  +99.30%  loss 5.04e-05  maxQ +0.0023  changes    73  10.7 min
episode 706/1013  eps 0.010  train return  +21.47%  loss 5.03e-05  maxQ +0.0023  changes    86  10.7 min
episode 707/1013  eps 0.010  train return   -0.17%  loss 5.18e-05  maxQ +0.0023  changes    57  10.7 min
episode 708/1013  eps 0.010  train return   +9.17%  loss 5.03e-05  maxQ +0.0028  changes    71  10.8 min
episode 709/1013  eps 0.010  train return   -0.88%  loss 5.12e-05  maxQ +0.0027  changes   107  10.8 min
episode 710/1013  eps 0.010  train return  -10.46%  loss 5.03e-05  maxQ +0.0033  changes    71  10.8 min | val return -8.53% (best +18.86%)
episode 711/1013  eps 0.010  train return  -17.19%  loss 4.98e-05  maxQ +0.0032  changes    55  10.8 min
episode 712/1013  eps 0.010  train return   +8.28%  loss 4.99e-05  maxQ +0.0033  changes    56  10.8 min
episode 713/1013  eps 0.010  train return   +8.72%  loss 4.85e-05  maxQ +0.0030  changes    87  10.8 min
episode 714/1013  eps 0.010  train return   -9.81%  loss 4.95e-05  maxQ +0.0031  changes    46  10.9 min
episode 715/1013  eps 0.010  train return  -32.33%  loss 5.13e-05  maxQ +0.0036  changes    68  10.9 min
episode 716/1013  eps 0.010  train return   -0.66%  loss 5.06e-05  maxQ +0.0035  changes    73  10.9 min
episode 717/1013  eps 0.010  train return  +17.37%  loss 5.10e-05  maxQ +0.0038  changes    69  10.9 min
episode 718/1013  eps 0.010  train return  +27.78%  loss 4.96e-05  maxQ +0.0033  changes    64  10.9 min
episode 719/1013  eps 0.010  train return  +24.12%  loss 4.87e-05  maxQ +0.0032  changes    92  10.9 min
episode 720/1013  eps 0.010  train return   -6.50%  loss 4.99e-05  maxQ +0.0032  changes    88  10.9 min | val return -3.07% (best +18.86%)
episode 721/1013  eps 0.010  train return  +38.88%  loss 5.02e-05  maxQ +0.0038  changes    82  11.0 min
episode 722/1013  eps 0.010  train return  -21.28%  loss 5.35e-05  maxQ +0.0036  changes    59  11.0 min
episode 723/1013  eps 0.010  train return   -2.19%  loss 5.12e-05  maxQ +0.0033  changes    88  11.0 min
episode 724/1013  eps 0.010  train return  +27.57%  loss 4.99e-05  maxQ +0.0033  changes    86  11.0 min
episode 725/1013  eps 0.010  train return   +1.98%  loss 5.02e-05  maxQ +0.0029  changes    86  11.0 min
episode 726/1013  eps 0.010  train return  +64.79%  loss 5.10e-05  maxQ +0.0034  changes   121  11.0 min
episode 727/1013  eps 0.010  train return   +3.29%  loss 5.10e-05  maxQ +0.0030  changes    72  11.1 min
episode 728/1013  eps 0.010  train return  +18.59%  loss 4.97e-05  maxQ +0.0031  changes   153  11.1 min
episode 729/1013  eps 0.010  train return  -13.13%  loss 5.15e-05  maxQ +0.0027  changes   119  11.1 min
episode 730/1013  eps 0.010  train return   -4.53%  loss 5.10e-05  maxQ +0.0025  changes   148  11.1 min | val return +5.06% (best +18.86%)
episode 731/1013  eps 0.010  train return  -14.51%  loss 5.11e-05  maxQ +0.0027  changes   100  11.1 min
episode 732/1013  eps 0.010  train return  -16.82%  loss 5.00e-05  maxQ +0.0035  changes   117  11.1 min
episode 733/1013  eps 0.010  train return   -0.91%  loss 5.11e-05  maxQ +0.0031  changes   167  11.2 min
episode 734/1013  eps 0.010  train return   -4.37%  loss 5.04e-05  maxQ +0.0031  changes   160  11.2 min
episode 735/1013  eps 0.010  train return  +11.96%  loss 5.10e-05  maxQ +0.0036  changes    97  11.2 min
episode 736/1013  eps 0.010  train return  +14.69%  loss 5.07e-05  maxQ +0.0033  changes    54  11.2 min
episode 737/1013  eps 0.010  train return  -14.81%  loss 5.04e-05  maxQ +0.0029  changes    89  11.2 min
episode 738/1013  eps 0.010  train return   +2.86%  loss 4.80e-05  maxQ +0.0031  changes    85  11.2 min
episode 739/1013  eps 0.010  train return   +0.43%  loss 4.91e-05  maxQ +0.0037  changes   100  11.2 min
episode 740/1013  eps 0.010  train return   -5.96%  loss 5.02e-05  maxQ +0.0039  changes    86  11.3 min | val return -3.82% (best +18.86%)
episode 741/1013  eps 0.010  train return  +19.65%  loss 4.94e-05  maxQ +0.0040  changes   112  11.3 min
episode 742/1013  eps 0.010  train return   +2.13%  loss 4.87e-05  maxQ +0.0041  changes   134  11.3 min
episode 743/1013  eps 0.010  train return  -22.68%  loss 4.76e-05  maxQ +0.0043  changes    64  11.3 min
episode 744/1013  eps 0.010  train return   +4.95%  loss 4.91e-05  maxQ +0.0041  changes   127  11.3 min
episode 745/1013  eps 0.010  train return  +14.85%  loss 4.93e-05  maxQ +0.0039  changes   141  11.3 min
episode 746/1013  eps 0.010  train return   -6.31%  loss 4.78e-05  maxQ +0.0034  changes   123  11.4 min
episode 747/1013  eps 0.010  train return   +8.78%  loss 4.87e-05  maxQ +0.0034  changes    84  11.4 min
episode 748/1013  eps 0.010  train return   -0.30%  loss 4.75e-05  maxQ +0.0032  changes    71  11.4 min
episode 749/1013  eps 0.010  train return   +7.71%  loss 4.65e-05  maxQ +0.0032  changes   119  11.4 min
episode 750/1013  eps 0.010  train return  +22.94%  loss 4.83e-05  maxQ +0.0033  changes    87  11.4 min | val return -2.41% (best +18.86%)
episode 751/1013  eps 0.010  train return   -3.73%  loss 4.89e-05  maxQ +0.0037  changes   100  11.4 min
episode 752/1013  eps 0.010  train return  -16.65%  loss 4.83e-05  maxQ +0.0031  changes    72  11.5 min
episode 753/1013  eps 0.010  train return  +19.09%  loss 4.80e-05  maxQ +0.0034  changes    76  11.5 min
episode 754/1013  eps 0.010  train return  +16.67%  loss 4.85e-05  maxQ +0.0038  changes   125  11.5 min
episode 755/1013  eps 0.010  train return  -21.46%  loss 5.04e-05  maxQ +0.0036  changes   114  11.5 min
episode 756/1013  eps 0.010  train return  +32.35%  loss 4.94e-05  maxQ +0.0040  changes    85  11.5 min
episode 757/1013  eps 0.010  train return  +12.62%  loss 4.75e-05  maxQ +0.0033  changes   113  11.5 min
episode 758/1013  eps 0.010  train return   -6.04%  loss 4.80e-05  maxQ +0.0030  changes   119  11.5 min
episode 759/1013  eps 0.010  train return  -11.93%  loss 4.96e-05  maxQ +0.0032  changes   135  11.6 min
episode 760/1013  eps 0.010  train return   +1.05%  loss 4.94e-05  maxQ +0.0039  changes    91  11.6 min | val return +0.42% (best +18.86%)
episode 761/1013  eps 0.010  train return  +12.96%  loss 4.95e-05  maxQ +0.0035  changes   105  11.6 min
episode 762/1013  eps 0.010  train return  -11.20%  loss 4.90e-05  maxQ +0.0034  changes    99  11.6 min
episode 763/1013  eps 0.010  train return   -0.57%  loss 5.15e-05  maxQ +0.0038  changes   109  11.6 min
episode 764/1013  eps 0.010  train return  +17.77%  loss 4.77e-05  maxQ +0.0029  changes   123  11.7 min
episode 765/1013  eps 0.010  train return   +0.54%  loss 4.81e-05  maxQ +0.0029  changes    65  11.7 min
episode 766/1013  eps 0.010  train return   +2.69%  loss 4.95e-05  maxQ +0.0032  changes    92  11.7 min
episode 767/1013  eps 0.010  train return  -13.78%  loss 4.66e-05  maxQ +0.0034  changes    84  11.7 min
episode 768/1013  eps 0.010  train return  +19.03%  loss 4.91e-05  maxQ +0.0033  changes    58  11.7 min
episode 769/1013  eps 0.010  train return  -11.51%  loss 4.37e-05  maxQ +0.0034  changes   150  11.7 min
episode 770/1013  eps 0.010  train return  -38.31%  loss 4.62e-05  maxQ +0.0031  changes   111  11.7 min | val return -5.02% (best +18.86%)
episode 771/1013  eps 0.010  train return  -19.31%  loss 4.92e-05  maxQ +0.0033  changes    82  11.8 min
episode 772/1013  eps 0.010  train return   +7.84%  loss 4.49e-05  maxQ +0.0037  changes    81  11.8 min
episode 773/1013  eps 0.010  train return   +8.28%  loss 4.72e-05  maxQ +0.0034  changes    78  11.8 min
episode 774/1013  eps 0.010  train return  +99.50%  loss 4.56e-05  maxQ +0.0033  changes    65  11.8 min
episode 775/1013  eps 0.010  train return  -13.89%  loss 4.75e-05  maxQ +0.0032  changes    95  11.8 min
episode 776/1013  eps 0.010  train return   +9.22%  loss 4.38e-05  maxQ +0.0032  changes    85  11.8 min
episode 777/1013  eps 0.010  train return   -2.85%  loss 4.61e-05  maxQ +0.0032  changes   116  11.9 min
episode 778/1013  eps 0.010  train return   +1.96%  loss 4.71e-05  maxQ +0.0033  changes    62  11.9 min
episode 779/1013  eps 0.010  train return  -12.60%  loss 4.53e-05  maxQ +0.0029  changes   120  11.9 min
episode 780/1013  eps 0.010  train return   +9.07%  loss 4.43e-05  maxQ +0.0033  changes    84  11.9 min | val return -3.63% (best +18.86%)
episode 781/1013  eps 0.010  train return  -16.62%  loss 4.36e-05  maxQ +0.0032  changes    76  11.9 min
episode 782/1013  eps 0.010  train return  -11.67%  loss 4.45e-05  maxQ +0.0027  changes    91  11.9 min
episode 783/1013  eps 0.010  train return   +2.12%  loss 4.38e-05  maxQ +0.0027  changes    72  12.0 min
episode 784/1013  eps 0.010  train return  -27.21%  loss 4.48e-05  maxQ +0.0031  changes    78  12.0 min
episode 785/1013  eps 0.010  train return   -7.66%  loss 4.61e-05  maxQ +0.0026  changes    85  12.0 min
episode 786/1013  eps 0.010  train return  -19.87%  loss 4.38e-05  maxQ +0.0030  changes    61  12.0 min
episode 787/1013  eps 0.010  train return   -2.52%  loss 4.24e-05  maxQ +0.0028  changes   132  12.0 min
episode 788/1013  eps 0.010  train return   +6.86%  loss 4.47e-05  maxQ +0.0026  changes    88  12.0 min
episode 789/1013  eps 0.010  train return   -2.51%  loss 4.38e-05  maxQ +0.0030  changes    70  12.0 min
episode 790/1013  eps 0.010  train return  -37.92%  loss 4.28e-05  maxQ +0.0032  changes    78  12.1 min | val return -0.61% (best +18.86%)
episode 791/1013  eps 0.010  train return  +19.10%  loss 4.48e-05  maxQ +0.0031  changes    65  12.1 min
episode 792/1013  eps 0.010  train return  -14.56%  loss 4.24e-05  maxQ +0.0031  changes    83  12.1 min
episode 793/1013  eps 0.010  train return  +14.07%  loss 4.14e-05  maxQ +0.0031  changes    96  12.1 min
episode 794/1013  eps 0.010  train return  +14.22%  loss 4.17e-05  maxQ +0.0028  changes   106  12.1 min
episode 795/1013  eps 0.010  train return  -10.33%  loss 4.33e-05  maxQ +0.0027  changes   102  12.1 min
episode 796/1013  eps 0.010  train return  -13.65%  loss 4.33e-05  maxQ +0.0028  changes    93  12.2 min
episode 797/1013  eps 0.010  train return  -12.62%  loss 4.34e-05  maxQ +0.0031  changes    60  12.2 min
episode 798/1013  eps 0.010  train return  +14.01%  loss 4.36e-05  maxQ +0.0027  changes    81  12.2 min
episode 799/1013  eps 0.010  train return   +5.30%  loss 4.13e-05  maxQ +0.0027  changes    69  12.2 min
episode 800/1013  eps 0.010  train return   +4.83%  loss 4.17e-05  maxQ +0.0025  changes    78  12.2 min | val return +1.59% (best +18.86%)
episode 801/1013  eps 0.010  train return   -0.09%  loss 4.31e-05  maxQ +0.0022  changes   104  12.2 min
episode 802/1013  eps 0.010  train return   -5.23%  loss 4.25e-05  maxQ +0.0024  changes    76  12.3 min
episode 803/1013  eps 0.010  train return   -2.98%  loss 4.24e-05  maxQ +0.0024  changes   111  12.3 min
episode 804/1013  eps 0.010  train return   +2.25%  loss 4.28e-05  maxQ +0.0028  changes   118  12.3 min
episode 805/1013  eps 0.010  train return   +9.78%  loss 4.10e-05  maxQ +0.0029  changes   120  12.3 min
episode 806/1013  eps 0.010  train return   -1.12%  loss 3.88e-05  maxQ +0.0026  changes    59  12.3 min
episode 807/1013  eps 0.010  train return   -2.75%  loss 4.17e-05  maxQ +0.0028  changes   148  12.3 min
episode 808/1013  eps 0.010  train return   -8.73%  loss 4.01e-05  maxQ +0.0021  changes    60  12.3 min
episode 809/1013  eps 0.010  train return  +17.72%  loss 3.95e-05  maxQ +0.0028  changes    50  12.4 min
episode 810/1013  eps 0.010  train return   -5.06%  loss 4.15e-05  maxQ +0.0026  changes    90  12.4 min | val return -4.41% (best +18.86%)
episode 811/1013  eps 0.010  train return   -6.11%  loss 4.10e-05  maxQ +0.0026  changes    51  12.4 min
episode 812/1013  eps 0.010  train return   +5.86%  loss 4.34e-05  maxQ +0.0026  changes    50  12.4 min
episode 813/1013  eps 0.010  train return  -21.29%  loss 4.27e-05  maxQ +0.0024  changes    81  12.4 min
episode 814/1013  eps 0.010  train return  +16.57%  loss 4.29e-05  maxQ +0.0024  changes    70  12.4 min
episode 815/1013  eps 0.010  train return  +55.48%  loss 4.40e-05  maxQ +0.0023  changes    91  12.5 min
episode 816/1013  eps 0.010  train return  +12.02%  loss 4.29e-05  maxQ +0.0024  changes    69  12.5 min
episode 817/1013  eps 0.010  train return  -10.62%  loss 4.28e-05  maxQ +0.0021  changes    61  12.5 min
episode 818/1013  eps 0.010  train return  +18.05%  loss 4.27e-05  maxQ +0.0027  changes    47  12.5 min
episode 819/1013  eps 0.010  train return  +10.37%  loss 4.42e-05  maxQ +0.0021  changes    58  12.5 min
episode 820/1013  eps 0.010  train return  -11.14%  loss 4.56e-05  maxQ +0.0022  changes    61  12.5 min | val return +4.85% (best +18.86%)
episode 821/1013  eps 0.010  train return   +2.21%  loss 4.30e-05  maxQ +0.0021  changes    62  12.6 min
episode 822/1013  eps 0.010  train return  +14.43%  loss 4.30e-05  maxQ +0.0023  changes    58  12.6 min
episode 823/1013  eps 0.010  train return   -1.45%  loss 4.36e-05  maxQ +0.0026  changes    51  12.6 min
episode 824/1013  eps 0.010  train return  -29.04%  loss 4.59e-05  maxQ +0.0026  changes    72  12.6 min
episode 825/1013  eps 0.010  train return  +11.16%  loss 4.65e-05  maxQ +0.0024  changes    66  12.6 min
episode 826/1013  eps 0.010  train return  +22.24%  loss 4.53e-05  maxQ +0.0027  changes    71  12.6 min
episode 827/1013  eps 0.010  train return  +28.04%  loss 4.65e-05  maxQ +0.0032  changes    63  12.7 min
episode 828/1013  eps 0.010  train return  -14.57%  loss 4.64e-05  maxQ +0.0028  changes    54  12.7 min
episode 829/1013  eps 0.010  train return  -16.98%  loss 4.70e-05  maxQ +0.0026  changes    62  12.7 min
episode 830/1013  eps 0.010  train return  -11.90%  loss 4.58e-05  maxQ +0.0031  changes    56  12.7 min | val return -2.71% (best +18.86%)
episode 831/1013  eps 0.010  train return   +1.92%  loss 4.57e-05  maxQ +0.0030  changes    57  12.7 min
episode 832/1013  eps 0.010  train return   +3.68%  loss 4.72e-05  maxQ +0.0024  changes    46  12.7 min
episode 833/1013  eps 0.010  train return   -1.95%  loss 4.83e-05  maxQ +0.0025  changes    59  12.8 min
episode 834/1013  eps 0.010  train return  -30.34%  loss 4.80e-05  maxQ +0.0027  changes    91  12.8 min
episode 835/1013  eps 0.010  train return   -4.65%  loss 4.79e-05  maxQ +0.0028  changes    80  12.8 min
episode 836/1013  eps 0.010  train return  +58.46%  loss 5.15e-05  maxQ +0.0034  changes   128  12.8 min
episode 837/1013  eps 0.010  train return   -2.45%  loss 5.08e-05  maxQ +0.0029  changes    84  12.8 min
episode 838/1013  eps 0.010  train return   -3.61%  loss 5.12e-05  maxQ +0.0024  changes   111  12.8 min
episode 839/1013  eps 0.010  train return   -3.03%  loss 5.23e-05  maxQ +0.0023  changes    93  12.8 min
episode 840/1013  eps 0.010  train return  +37.78%  loss 5.14e-05  maxQ +0.0029  changes   114  12.9 min | val return -11.13% (best +18.86%)
episode 841/1013  eps 0.010  train return  -32.58%  loss 4.93e-05  maxQ +0.0030  changes   161  12.9 min
episode 842/1013  eps 0.010  train return  -18.15%  loss 5.04e-05  maxQ +0.0028  changes   118  12.9 min
episode 843/1013  eps 0.010  train return  +10.43%  loss 4.93e-05  maxQ +0.0027  changes    83  12.9 min
episode 844/1013  eps 0.010  train return   +5.15%  loss 5.23e-05  maxQ +0.0033  changes    60  12.9 min
episode 845/1013  eps 0.010  train return   +2.26%  loss 4.88e-05  maxQ +0.0028  changes    57  12.9 min
episode 846/1013  eps 0.010  train return  +13.85%  loss 4.91e-05  maxQ +0.0030  changes    52  13.0 min
episode 847/1013  eps 0.010  train return   +2.53%  loss 4.69e-05  maxQ +0.0030  changes    54  13.0 min
episode 848/1013  eps 0.010  train return   +8.57%  loss 4.88e-05  maxQ +0.0025  changes    50  13.0 min
episode 849/1013  eps 0.010  train return   -3.39%  loss 4.93e-05  maxQ +0.0029  changes    68  13.0 min
episode 850/1013  eps 0.010  train return  +32.23%  loss 5.12e-05  maxQ +0.0026  changes    47  13.0 min | val return +1.61% (best +18.86%)
episode 851/1013  eps 0.010  train return   -7.82%  loss 4.91e-05  maxQ +0.0027  changes    56  13.0 min
episode 852/1013  eps 0.010  train return  +13.01%  loss 4.87e-05  maxQ +0.0022  changes    75  13.1 min
episode 853/1013  eps 0.010  train return  +53.29%  loss 4.95e-05  maxQ +0.0026  changes    92  13.1 min
episode 854/1013  eps 0.010  train return   -7.43%  loss 4.86e-05  maxQ +0.0026  changes    51  13.1 min
episode 855/1013  eps 0.010  train return   -9.13%  loss 4.79e-05  maxQ +0.0025  changes    75  13.1 min
episode 856/1013  eps 0.010  train return  -32.78%  loss 4.66e-05  maxQ +0.0025  changes    81  13.1 min
episode 857/1013  eps 0.010  train return   -3.05%  loss 5.03e-05  maxQ +0.0026  changes    56  13.1 min
episode 858/1013  eps 0.010  train return  -32.77%  loss 5.08e-05  maxQ +0.0034  changes    62  13.1 min
episode 859/1013  eps 0.010  train return   +3.19%  loss 4.99e-05  maxQ +0.0030  changes    83  13.2 min
episode 860/1013  eps 0.010  train return  -36.44%  loss 5.01e-05  maxQ +0.0021  changes    94  13.2 min | val return -8.46% (best +18.86%)
episode 861/1013  eps 0.010  train return   +0.53%  loss 4.96e-05  maxQ +0.0024  changes   147  13.2 min
episode 862/1013  eps 0.010  train return  -12.86%  loss 5.15e-05  maxQ +0.0024  changes   159  13.2 min
episode 863/1013  eps 0.010  train return  -28.02%  loss 5.19e-05  maxQ +0.0029  changes   131  13.2 min
episode 864/1013  eps 0.010  train return   +0.20%  loss 5.15e-05  maxQ +0.0033  changes   219  13.2 min
episode 865/1013  eps 0.010  train return   +4.36%  loss 5.03e-05  maxQ +0.0031  changes    77  13.3 min
episode 866/1013  eps 0.010  train return   -9.82%  loss 5.01e-05  maxQ +0.0031  changes    69  13.3 min
episode 867/1013  eps 0.010  train return   +9.41%  loss 4.74e-05  maxQ +0.0033  changes    57  13.3 min
episode 868/1013  eps 0.010  train return   +4.98%  loss 4.82e-05  maxQ +0.0035  changes    74  13.3 min
episode 869/1013  eps 0.010  train return   -0.47%  loss 4.68e-05  maxQ +0.0029  changes    66  13.3 min
episode 870/1013  eps 0.010  train return   +9.31%  loss 4.76e-05  maxQ +0.0025  changes    75  13.3 min | val return -13.12% (best +18.86%)
episode 871/1013  eps 0.010  train return  +20.91%  loss 4.51e-05  maxQ +0.0027  changes    60  13.4 min
episode 872/1013  eps 0.010  train return   +4.47%  loss 4.91e-05  maxQ +0.0028  changes   111  13.4 min
episode 873/1013  eps 0.010  train return   -4.71%  loss 5.03e-05  maxQ +0.0027  changes   100  13.4 min
episode 874/1013  eps 0.010  train return   -9.35%  loss 4.88e-05  maxQ +0.0027  changes   166  13.4 min
episode 875/1013  eps 0.010  train return  -15.45%  loss 4.66e-05  maxQ +0.0026  changes   100  13.4 min
episode 876/1013  eps 0.010  train return  -13.42%  loss 4.43e-05  maxQ +0.0026  changes    83  13.4 min
episode 877/1013  eps 0.010  train return  +11.69%  loss 4.93e-05  maxQ +0.0028  changes    79  13.4 min
episode 878/1013  eps 0.010  train return  +33.55%  loss 4.81e-05  maxQ +0.0023  changes    72  13.5 min
episode 879/1013  eps 0.010  train return   -5.48%  loss 4.81e-05  maxQ +0.0027  changes    64  13.5 min
episode 880/1013  eps 0.010  train return   +6.14%  loss 5.00e-05  maxQ +0.0022  changes    82  13.5 min | val return -0.56% (best +18.86%)
episode 881/1013  eps 0.010  train return   +6.42%  loss 4.84e-05  maxQ +0.0031  changes    64  13.5 min
episode 882/1013  eps 0.010  train return  +27.10%  loss 4.92e-05  maxQ +0.0025  changes    60  13.5 min
episode 883/1013  eps 0.010  train return   -1.17%  loss 4.94e-05  maxQ +0.0029  changes    60  13.5 min
episode 884/1013  eps 0.010  train return  +29.60%  loss 4.73e-05  maxQ +0.0026  changes    52  13.6 min
episode 885/1013  eps 0.010  train return  -32.38%  loss 4.62e-05  maxQ +0.0026  changes    57  13.6 min
episode 886/1013  eps 0.010  train return   -2.05%  loss 4.98e-05  maxQ +0.0031  changes    39  13.6 min
episode 887/1013  eps 0.010  train return  +29.80%  loss 4.86e-05  maxQ +0.0033  changes    49  13.6 min
episode 888/1013  eps 0.010  train return  -29.48%  loss 4.47e-05  maxQ +0.0031  changes    67  13.6 min
episode 889/1013  eps 0.010  train return   -4.39%  loss 4.44e-05  maxQ +0.0026  changes    53  13.6 min
episode 890/1013  eps 0.010  train return  -21.76%  loss 4.41e-05  maxQ +0.0025  changes    59  13.7 min | val return -2.45% (best +18.86%)
episode 891/1013  eps 0.010  train return  -12.59%  loss 4.44e-05  maxQ +0.0025  changes    51  13.7 min
episode 892/1013  eps 0.010  train return   +7.40%  loss 4.35e-05  maxQ +0.0025  changes    59  13.7 min
episode 893/1013  eps 0.010  train return  +23.49%  loss 4.11e-05  maxQ +0.0020  changes    58  13.7 min
episode 894/1013  eps 0.010  train return  +13.22%  loss 4.42e-05  maxQ +0.0031  changes    46  13.7 min
episode 895/1013  eps 0.010  train return   +5.49%  loss 4.28e-05  maxQ +0.0026  changes    52  13.7 min
episode 896/1013  eps 0.010  train return   +5.77%  loss 4.01e-05  maxQ +0.0029  changes    69  13.8 min
episode 897/1013  eps 0.010  train return   +2.47%  loss 4.12e-05  maxQ +0.0021  changes    64  13.8 min
episode 898/1013  eps 0.010  train return   -6.47%  loss 4.52e-05  maxQ +0.0020  changes    56  13.8 min
episode 899/1013  eps 0.010  train return  +14.56%  loss 4.25e-05  maxQ +0.0022  changes    47  13.8 min
episode 900/1013  eps 0.010  train return  +34.27%  loss 4.08e-05  maxQ +0.0019  changes    65  13.8 min | val return +0.24% (best +18.86%)
episode 901/1013  eps 0.010  train return   -8.05%  loss 4.01e-05  maxQ +0.0021  changes    44  13.8 min
episode 902/1013  eps 0.010  train return  +28.42%  loss 4.24e-05  maxQ +0.0022  changes    44  13.9 min
episode 903/1013  eps 0.010  train return  -28.00%  loss 3.99e-05  maxQ +0.0025  changes    67  13.9 min
episode 904/1013  eps 0.010  train return  -17.28%  loss 3.91e-05  maxQ +0.0022  changes    37  13.9 min
episode 905/1013  eps 0.010  train return   -6.87%  loss 3.74e-05  maxQ +0.0021  changes    49  13.9 min
episode 906/1013  eps 0.010  train return   -9.20%  loss 3.76e-05  maxQ +0.0020  changes    57  13.9 min
episode 907/1013  eps 0.010  train return  +13.33%  loss 3.76e-05  maxQ +0.0023  changes    43  13.9 min
episode 908/1013  eps 0.010  train return  +16.07%  loss 3.67e-05  maxQ +0.0021  changes    41  13.9 min
episode 909/1013  eps 0.010  train return   +2.91%  loss 3.64e-05  maxQ +0.0020  changes    53  14.0 min
episode 910/1013  eps 0.010  train return  +45.59%  loss 3.65e-05  maxQ +0.0026  changes    84  14.0 min | val return -8.36% (best +18.86%)
episode 911/1013  eps 0.010  train return  +84.45%  loss 3.68e-05  maxQ +0.0023  changes    45  14.0 min
episode 912/1013  eps 0.010  train return   -2.48%  loss 3.68e-05  maxQ +0.0025  changes    39  14.0 min
episode 913/1013  eps 0.010  train return   +7.45%  loss 3.57e-05  maxQ +0.0020  changes    60  14.0 min
episode 914/1013  eps 0.010  train return  -27.53%  loss 3.58e-05  maxQ +0.0020  changes    71  14.0 min
episode 915/1013  eps 0.010  train return   -9.76%  loss 4.08e-05  maxQ +0.0020  changes    66  14.1 min
episode 916/1013  eps 0.010  train return  +47.63%  loss 3.89e-05  maxQ +0.0026  changes    68  14.1 min
episode 917/1013  eps 0.010  train return   +5.75%  loss 3.73e-05  maxQ +0.0026  changes    67  14.1 min
episode 918/1013  eps 0.010  train return  -11.90%  loss 3.63e-05  maxQ +0.0034  changes    80  14.1 min
episode 919/1013  eps 0.010  train return  +16.84%  loss 3.65e-05  maxQ +0.0028  changes    65  14.1 min
episode 920/1013  eps 0.010  train return  +12.37%  loss 4.06e-05  maxQ +0.0031  changes    59  14.1 min | val return -11.14% (best +18.86%)
episode 921/1013  eps 0.010  train return   -7.67%  loss 3.79e-05  maxQ +0.0033  changes    70  14.2 min
episode 922/1013  eps 0.010  train return  +21.28%  loss 3.79e-05  maxQ +0.0033  changes    63  14.2 min
episode 923/1013  eps 0.010  train return   -6.59%  loss 3.93e-05  maxQ +0.0032  changes    92  14.2 min
episode 924/1013  eps 0.010  train return   -8.20%  loss 3.91e-05  maxQ +0.0036  changes    88  14.2 min
episode 925/1013  eps 0.010  train return  +24.22%  loss 3.82e-05  maxQ +0.0034  changes    62  14.2 min
episode 926/1013  eps 0.010  train return   +1.04%  loss 3.85e-05  maxQ +0.0035  changes    72  14.2 min
episode 927/1013  eps 0.010  train return   +7.60%  loss 3.90e-05  maxQ +0.0034  changes    80  14.2 min
episode 928/1013  eps 0.010  train return   -1.60%  loss 4.05e-05  maxQ +0.0029  changes   100  14.3 min
episode 929/1013  eps 0.010  train return   -8.58%  loss 4.02e-05  maxQ +0.0046  changes   379  14.3 min
episode 930/1013  eps 0.010  train return   -6.71%  loss 3.91e-05  maxQ +0.0043  changes   297  14.3 min | val return +15.04% (best +18.86%)
episode 931/1013  eps 0.010  train return  +19.13%  loss 3.88e-05  maxQ +0.0044  changes   102  14.3 min
episode 932/1013  eps 0.010  train return   -2.35%  loss 3.99e-05  maxQ +0.0042  changes   180  14.3 min
episode 933/1013  eps 0.010  train return   +0.11%  loss 3.70e-05  maxQ +0.0047  changes   230  14.4 min
episode 934/1013  eps 0.010  train return  -11.87%  loss 4.18e-05  maxQ +0.0043  changes   160  14.4 min
episode 935/1013  eps 0.010  train return  -13.09%  loss 3.96e-05  maxQ +0.0039  changes   142  14.4 min
episode 936/1013  eps 0.010  train return   -2.13%  loss 3.87e-05  maxQ +0.0037  changes   134  14.4 min
episode 937/1013  eps 0.010  train return   -3.76%  loss 4.00e-05  maxQ +0.0036  changes   150  14.4 min
episode 938/1013  eps 0.010  train return  +45.79%  loss 3.86e-05  maxQ +0.0030  changes    64  14.4 min
episode 939/1013  eps 0.010  train return  -20.27%  loss 4.10e-05  maxQ +0.0030  changes   103  14.4 min
episode 940/1013  eps 0.010  train return  +50.42%  loss 4.26e-05  maxQ +0.0033  changes    82  14.5 min | val return -2.76% (best +18.86%)
episode 941/1013  eps 0.010  train return   -0.78%  loss 4.11e-05  maxQ +0.0033  changes   123  14.5 min
episode 942/1013  eps 0.010  train return  -13.91%  loss 4.32e-05  maxQ +0.0029  changes    87  14.5 min
episode 943/1013  eps 0.010  train return   +9.92%  loss 4.21e-05  maxQ +0.0031  changes    48  14.5 min
episode 944/1013  eps 0.010  train return  +27.53%  loss 4.16e-05  maxQ +0.0034  changes    61  14.5 min
episode 945/1013  eps 0.010  train return  -19.91%  loss 4.27e-05  maxQ +0.0032  changes   101  14.5 min
episode 946/1013  eps 0.010  train return   -4.33%  loss 4.20e-05  maxQ +0.0032  changes    62  14.6 min
episode 947/1013  eps 0.010  train return  +17.39%  loss 4.25e-05  maxQ +0.0030  changes    69  14.6 min
episode 948/1013  eps 0.010  train return   -4.55%  loss 4.10e-05  maxQ +0.0036  changes   105  14.6 min
episode 949/1013  eps 0.010  train return  +14.61%  loss 4.11e-05  maxQ +0.0032  changes    66  14.6 min
episode 950/1013  eps 0.010  train return   -2.28%  loss 4.16e-05  maxQ +0.0033  changes    56  14.6 min | val return -8.53% (best +18.86%)
episode 951/1013  eps 0.010  train return   +7.86%  loss 4.11e-05  maxQ +0.0042  changes    47  14.7 min
episode 952/1013  eps 0.010  train return   -0.43%  loss 4.08e-05  maxQ +0.0034  changes    57  14.7 min
episode 953/1013  eps 0.010  train return  +19.58%  loss 4.06e-05  maxQ +0.0035  changes    64  14.7 min
episode 954/1013  eps 0.010  train return  -13.54%  loss 4.11e-05  maxQ +0.0038  changes    77  14.7 min
episode 955/1013  eps 0.010  train return  -11.53%  loss 4.13e-05  maxQ +0.0034  changes   118  14.7 min
episode 956/1013  eps 0.010  train return   +3.70%  loss 4.24e-05  maxQ +0.0038  changes    61  14.7 min
episode 957/1013  eps 0.010  train return   -4.17%  loss 4.09e-05  maxQ +0.0034  changes    48  14.7 min
episode 958/1013  eps 0.010  train return   -3.26%  loss 4.02e-05  maxQ +0.0028  changes    56  14.8 min
episode 959/1013  eps 0.010  train return  +13.69%  loss 4.20e-05  maxQ +0.0033  changes    78  14.8 min
episode 960/1013  eps 0.010  train return  -29.38%  loss 4.26e-05  maxQ +0.0033  changes   107  14.8 min | val return -9.19% (best +18.86%)
episode 961/1013  eps 0.010  train return  +19.26%  loss 4.11e-05  maxQ +0.0033  changes    68  14.8 min
episode 962/1013  eps 0.010  train return   -5.23%  loss 4.12e-05  maxQ +0.0029  changes   158  14.8 min
episode 963/1013  eps 0.010  train return   -0.78%  loss 4.09e-05  maxQ +0.0029  changes    61  14.9 min
episode 964/1013  eps 0.010  train return  -22.75%  loss 4.11e-05  maxQ +0.0033  changes    60  14.9 min
episode 965/1013  eps 0.010  train return  +48.25%  loss 4.00e-05  maxQ +0.0031  changes    65  14.9 min
episode 966/1013  eps 0.010  train return   +1.22%  loss 4.10e-05  maxQ +0.0029  changes    77  14.9 min
episode 967/1013  eps 0.010  train return  -15.20%  loss 4.03e-05  maxQ +0.0028  changes    74  14.9 min
episode 968/1013  eps 0.010  train return  -18.24%  loss 3.81e-05  maxQ +0.0031  changes    64  14.9 min
episode 969/1013  eps 0.010  train return  +19.89%  loss 3.94e-05  maxQ +0.0034  changes    59  15.0 min
episode 970/1013  eps 0.010  train return  -30.65%  loss 4.25e-05  maxQ +0.0026  changes    83  15.0 min | val return -3.90% (best +18.86%)
episode 971/1013  eps 0.010  train return  -17.95%  loss 4.20e-05  maxQ +0.0027  changes    67  15.0 min
episode 972/1013  eps 0.010  train return   -3.39%  loss 4.20e-05  maxQ +0.0029  changes    56  15.0 min
episode 973/1013  eps 0.010  train return   -6.54%  loss 4.30e-05  maxQ +0.0031  changes    63  15.0 min
episode 974/1013  eps 0.010  train return  +11.90%  loss 4.11e-05  maxQ +0.0028  changes    62  15.0 min
episode 975/1013  eps 0.010  train return   +9.09%  loss 4.14e-05  maxQ +0.0027  changes    69  15.1 min
episode 976/1013  eps 0.010  train return  -11.59%  loss 4.15e-05  maxQ +0.0033  changes    80  15.1 min
episode 977/1013  eps 0.010  train return  -38.87%  loss 4.40e-05  maxQ +0.0034  changes    74  15.1 min
episode 978/1013  eps 0.010  train return   +3.61%  loss 4.28e-05  maxQ +0.0035  changes    66  15.1 min
episode 979/1013  eps 0.010  train return  +13.84%  loss 4.26e-05  maxQ +0.0042  changes    60  15.1 min
episode 980/1013  eps 0.010  train return   -3.34%  loss 4.34e-05  maxQ +0.0040  changes    75  15.1 min | val return +1.97% (best +18.86%)
episode 981/1013  eps 0.010  train return   +4.16%  loss 4.15e-05  maxQ +0.0046  changes    66  15.2 min
episode 982/1013  eps 0.010  train return  +11.12%  loss 4.37e-05  maxQ +0.0047  changes    78  15.2 min
episode 983/1013  eps 0.010  train return  -17.68%  loss 4.23e-05  maxQ +0.0040  changes    80  15.2 min
episode 984/1013  eps 0.010  train return   +8.34%  loss 4.10e-05  maxQ +0.0041  changes    67  15.2 min
episode 985/1013  eps 0.010  train return   -6.63%  loss 4.13e-05  maxQ +0.0030  changes    63  15.2 min
episode 986/1013  eps 0.010  train return  +30.86%  loss 4.05e-05  maxQ +0.0027  changes    65  15.2 min
episode 987/1013  eps 0.010  train return   -1.92%  loss 4.16e-05  maxQ +0.0022  changes    79  15.2 min
episode 988/1013  eps 0.010  train return   -5.21%  loss 4.13e-05  maxQ +0.0018  changes    80  15.3 min
episode 989/1013  eps 0.010  train return   +9.70%  loss 4.03e-05  maxQ +0.0032  changes    86  15.3 min
episode 990/1013  eps 0.010  train return  -25.54%  loss 4.08e-05  maxQ +0.0026  changes    62  15.3 min | val return -6.07% (best +18.86%)
episode 991/1013  eps 0.010  train return   +4.10%  loss 4.08e-05  maxQ +0.0023  changes    62  15.3 min
episode 992/1013  eps 0.010  train return   -8.39%  loss 4.09e-05  maxQ +0.0022  changes    62  15.3 min
episode 993/1013  eps 0.010  train return   +5.91%  loss 3.99e-05  maxQ +0.0025  changes    70  15.3 min
episode 994/1013  eps 0.010  train return   +1.99%  loss 3.86e-05  maxQ +0.0028  changes    81  15.4 min
episode 995/1013  eps 0.010  train return  +14.93%  loss 3.85e-05  maxQ +0.0024  changes    68  15.4 min
episode 996/1013  eps 0.010  train return   -6.56%  loss 3.86e-05  maxQ +0.0027  changes    66  15.4 min
episode 997/1013  eps 0.010  train return   +8.29%  loss 3.96e-05  maxQ +0.0024  changes    56  15.4 min
episode 998/1013  eps 0.010  train return   +1.47%  loss 3.83e-05  maxQ +0.0026  changes    91  15.4 min
episode 999/1013  eps 0.010  train return  +19.34%  loss 4.03e-05  maxQ +0.0026  changes   149  15.4 min
episode 1000/1013  eps 0.010  train return  +10.49%  loss 4.08e-05  maxQ +0.0026  changes    88  15.4 min | val return -4.65% (best +18.86%)
episode 1001/1013  eps 0.010  train return  +30.44%  loss 4.15e-05  maxQ +0.0029  changes   103  15.5 min
episode 1002/1013  eps 0.010  train return  +37.34%  loss 4.03e-05  maxQ +0.0031  changes    76  15.5 min
episode 1003/1013  eps 0.010  train return  -13.68%  loss 3.99e-05  maxQ +0.0029  changes   110  15.5 min
episode 1004/1013  eps 0.010  train return   +7.87%  loss 4.10e-05  maxQ +0.0025  changes   108  15.5 min
episode 1005/1013  eps 0.010  train return  +24.17%  loss 3.97e-05  maxQ +0.0030  changes    72  15.5 min
episode 1006/1013  eps 0.010  train return   +7.75%  loss 3.81e-05  maxQ +0.0028  changes   140  15.5 min
episode 1007/1013  eps 0.010  train return  +13.12%  loss 4.11e-05  maxQ +0.0023  changes    98  15.5 min
episode 1008/1013  eps 0.010  train return   -9.98%  loss 3.98e-05  maxQ +0.0017  changes    70  15.5 min
episode 1009/1013  eps 0.010  train return  -14.35%  loss 3.86e-05  maxQ +0.0021  changes   112  15.6 min
episode 1010/1013  eps 0.010  train return   -8.23%  loss 3.97e-05  maxQ +0.0026  changes    64  15.6 min | val return -2.95% (best +18.86%)
episode 1011/1013  eps 0.010  train return   +0.41%  loss 3.84e-05  maxQ +0.0026  changes   101  15.6 min
episode 1012/1013  eps 0.010  train return   +0.38%  loss 3.85e-05  maxQ +0.0027  changes   209  15.6 min
episode 1013/1013  eps 0.010  train return  +15.22%  loss 3.87e-05  maxQ +0.0033  changes   121  15.6 min | val return -2.47% (best +18.86%)
model    env  portfolio_return  excess_return  n_changes
 last    val         -0.024672       0.017946        3.6
 last val_w1         -0.008675       0.018241        3.6
 last val_w2         -0.015508      -0.000074        0.6
 best    val          0.188614       0.231232       73.4
 best val_w1          0.327489       0.354405       33.4
 best val_w2         -0.067642      -0.052209       41.4
