Downloaded data: 30,528 candles, 2023-03-25 00:00:00+00:00 to 2026-09-16 23:00:00+00:00; no missing hours
dev_train: 28,152 candles, 2023-04-01 00:00:00+00:00 to 2026-06-16 23:00:00+00:00; no missing hours
val: 1,464 candles, 2026-06-17 00:00:00+00:00 to 2026-08-16 23:00:00+00:00; no missing hours
eval: 744 candles, 2026-08-17 00:00:00+00:00 to 2026-09-16 23:00:00+00:00; no missing hours
episode   1/1013  eps 1.000  train return   -8.48%  loss 8.03e-04  maxQ +0.1482  changes   590  0.0 min
episode   2/1013  eps 0.991  train return   -5.42%  loss 3.26e-05  maxQ +0.1139  changes   571  0.0 min
episode   3/1013  eps 0.982  train return  -19.56%  loss 3.27e-05  maxQ +0.0871  changes   571  0.0 min
episode   4/1013  eps 0.973  train return   -2.00%  loss 3.28e-05  maxQ +0.0688  changes   582  0.1 min
episode   5/1013  eps 0.964  train return  +10.34%  loss 3.38e-05  maxQ +0.0603  changes   595  0.1 min
episode   6/1013  eps 0.955  train return   +5.83%  loss 3.80e-05  maxQ +0.0481  changes   578  0.1 min
episode   7/1013  eps 0.947  train return  -16.15%  loss 3.70e-05  maxQ +0.0471  changes   566  0.1 min
episode   8/1013  eps 0.938  train return   -4.02%  loss 3.77e-05  maxQ +0.0420  changes   569  0.1 min
episode   9/1013  eps 0.929  train return   -8.08%  loss 3.49e-05  maxQ +0.0354  changes   562  0.1 min
episode  10/1013  eps 0.921  train return  +15.92%  loss 3.47e-05  maxQ +0.0361  changes   565  0.1 min | val return -9.78% (best -9.78%)
episode  11/1013  eps 0.913  train return  -17.20%  loss 3.69e-05  maxQ +0.0321  changes   540  0.1 min
episode  12/1013  eps 0.904  train return  -22.91%  loss 3.38e-05  maxQ +0.0313  changes   558  0.2 min
episode  13/1013  eps 0.896  train return  +28.32%  loss 3.44e-05  maxQ +0.0386  changes   569  0.2 min
episode  14/1013  eps 0.888  train return   -6.82%  loss 3.99e-05  maxQ +0.0361  changes   577  0.2 min
episode  15/1013  eps 0.880  train return   -0.84%  loss 3.70e-05  maxQ +0.0307  changes   595  0.2 min
episode  16/1013  eps 0.872  train return   -9.48%  loss 3.61e-05  maxQ +0.0304  changes   567  0.2 min
episode  17/1013  eps 0.864  train return   -2.12%  loss 3.74e-05  maxQ +0.0269  changes   567  0.2 min
episode  18/1013  eps 0.856  train return  -17.89%  loss 3.61e-05  maxQ +0.0274  changes   577  0.3 min
episode  19/1013  eps 0.848  train return   -9.13%  loss 3.82e-05  maxQ +0.0284  changes   579  0.3 min
episode  20/1013  eps 0.841  train return  -16.30%  loss 3.77e-05  maxQ +0.0245  changes   561  0.3 min | val return +1.71% (best +1.71%)
episode  21/1013  eps 0.833  train return   -9.16%  loss 3.56e-05  maxQ +0.0214  changes   573  0.3 min
episode  22/1013  eps 0.825  train return  -21.52%  loss 3.91e-05  maxQ +0.0308  changes   551  0.3 min
episode  23/1013  eps 0.818  train return  -15.64%  loss 3.74e-05  maxQ +0.0250  changes   593  0.3 min
episode  24/1013  eps 0.810  train return  -25.18%  loss 3.73e-05  maxQ +0.0211  changes   565  0.3 min
episode  25/1013  eps 0.803  train return   -9.56%  loss 3.55e-05  maxQ +0.0210  changes   569  0.4 min
episode  26/1013  eps 0.796  train return   -0.91%  loss 3.79e-05  maxQ +0.0236  changes   571  0.4 min
episode  27/1013  eps 0.788  train return  -21.05%  loss 3.56e-05  maxQ +0.0284  changes   556  0.4 min
episode  28/1013  eps 0.781  train return   -3.82%  loss 3.55e-05  maxQ +0.0271  changes   585  0.4 min
episode  29/1013  eps 0.774  train return  +22.29%  loss 3.87e-05  maxQ +0.0287  changes   556  0.4 min
episode  30/1013  eps 0.767  train return   -5.61%  loss 3.62e-05  maxQ +0.0251  changes   561  0.4 min | val return -9.13% (best +1.71%)
episode  31/1013  eps 0.760  train return   -3.85%  loss 3.63e-05  maxQ +0.0206  changes   557  0.4 min
episode  32/1013  eps 0.753  train return  -10.45%  loss 3.46e-05  maxQ +0.0233  changes   559  0.4 min
episode  33/1013  eps 0.746  train return   -3.53%  loss 3.61e-05  maxQ +0.0238  changes   553  0.5 min
episode  34/1013  eps 0.740  train return   -4.45%  loss 3.82e-05  maxQ +0.0216  changes   574  0.5 min
episode  35/1013  eps 0.733  train return  +13.48%  loss 3.51e-05  maxQ +0.0213  changes   554  0.5 min
episode  36/1013  eps 0.726  train return   -2.50%  loss 3.41e-05  maxQ +0.0237  changes   545  0.5 min
episode  37/1013  eps 0.720  train return  -29.45%  loss 3.53e-05  maxQ +0.0240  changes   537  0.5 min
episode  38/1013  eps 0.713  train return  -27.45%  loss 3.42e-05  maxQ +0.0247  changes   561  0.5 min
episode  39/1013  eps 0.707  train return   -4.31%  loss 3.65e-05  maxQ +0.0247  changes   555  0.5 min
episode  40/1013  eps 0.700  train return   -0.44%  loss 3.85e-05  maxQ +0.0270  changes   544  0.5 min | val return -4.27% (best +1.71%)
episode  41/1013  eps 0.694  train return  -12.35%  loss 3.53e-05  maxQ +0.0241  changes   552  0.6 min
episode  42/1013  eps 0.687  train return  -11.55%  loss 3.66e-05  maxQ +0.0256  changes   522  0.6 min
episode  43/1013  eps 0.681  train return  +14.31%  loss 3.55e-05  maxQ +0.0213  changes   548  0.6 min
episode  44/1013  eps 0.675  train return   -0.65%  loss 3.45e-05  maxQ +0.0210  changes   541  0.6 min
episode  45/1013  eps 0.669  train return  -39.91%  loss 3.70e-05  maxQ +0.0240  changes   517  0.6 min
episode  46/1013  eps 0.663  train return   +2.85%  loss 3.55e-05  maxQ +0.0294  changes   530  0.6 min
episode  47/1013  eps 0.657  train return   +0.26%  loss 3.44e-05  maxQ +0.0239  changes   539  0.6 min
episode  48/1013  eps 0.651  train return  -13.72%  loss 3.37e-05  maxQ +0.0236  changes   552  0.6 min
episode  49/1013  eps 0.645  train return   -4.84%  loss 3.49e-05  maxQ +0.0235  changes   546  0.6 min
episode  50/1013  eps 0.639  train return   -2.92%  loss 3.42e-05  maxQ +0.0213  changes   532  0.6 min | val return -3.10% (best +1.71%)
episode  51/1013  eps 0.633  train return   -1.62%  loss 3.47e-05  maxQ +0.0220  changes   531  0.7 min
episode  52/1013  eps 0.627  train return   +1.58%  loss 3.61e-05  maxQ +0.0225  changes   538  0.7 min
episode  53/1013  eps 0.622  train return   -8.92%  loss 3.47e-05  maxQ +0.0225  changes   544  0.7 min
episode  54/1013  eps 0.616  train return  +12.47%  loss 3.47e-05  maxQ +0.0244  changes   544  0.7 min
episode  55/1013  eps 0.610  train return  +14.42%  loss 3.25e-05  maxQ +0.0237  changes   502  0.7 min
episode  56/1013  eps 0.605  train return  -13.54%  loss 3.32e-05  maxQ +0.0188  changes   532  0.7 min
episode  57/1013  eps 0.599  train return   +8.16%  loss 3.29e-05  maxQ +0.0200  changes   556  0.7 min
episode  58/1013  eps 0.594  train return  -19.56%  loss 3.38e-05  maxQ +0.0204  changes   531  0.7 min
episode  59/1013  eps 0.588  train return  -20.14%  loss 3.31e-05  maxQ +0.0201  changes   531  0.7 min
episode  60/1013  eps 0.583  train return  -17.45%  loss 3.35e-05  maxQ +0.0187  changes   538  0.7 min | val return +2.54% (best +2.54%)
episode  61/1013  eps 0.578  train return  +13.26%  loss 3.22e-05  maxQ +0.0176  changes   537  0.8 min
episode  62/1013  eps 0.573  train return  -14.85%  loss 3.31e-05  maxQ +0.0182  changes   521  0.8 min
episode  63/1013  eps 0.567  train return  -16.57%  loss 3.41e-05  maxQ +0.0174  changes   510  0.8 min
episode  64/1013  eps 0.562  train return  -31.68%  loss 3.31e-05  maxQ +0.0167  changes   512  0.8 min
episode  65/1013  eps 0.557  train return   -0.65%  loss 3.21e-05  maxQ +0.0165  changes   497  0.8 min
episode  66/1013  eps 0.552  train return  -15.04%  loss 3.19e-05  maxQ +0.0131  changes   496  0.8 min
episode  67/1013  eps 0.547  train return  +28.45%  loss 3.31e-05  maxQ +0.0183  changes   508  0.8 min
episode  68/1013  eps 0.542  train return  -12.79%  loss 3.35e-05  maxQ +0.0159  changes   506  0.8 min
episode  69/1013  eps 0.537  train return  +17.68%  loss 3.34e-05  maxQ +0.0179  changes   487  0.8 min
episode  70/1013  eps 0.532  train return   +3.38%  loss 3.30e-05  maxQ +0.0180  changes   468  0.8 min | val return -1.99% (best +2.54%)
episode  71/1013  eps 0.527  train return  -27.27%  loss 3.31e-05  maxQ +0.0159  changes   517  0.9 min
episode  72/1013  eps 0.523  train return  +37.01%  loss 3.44e-05  maxQ +0.0155  changes   471  0.9 min
episode  73/1013  eps 0.518  train return  +35.57%  loss 3.39e-05  maxQ +0.0183  changes   490  0.9 min
episode  74/1013  eps 0.513  train return  -16.22%  loss 3.26e-05  maxQ +0.0184  changes   509  0.9 min
episode  75/1013  eps 0.508  train return   +9.11%  loss 3.26e-05  maxQ +0.0163  changes   491  0.9 min
episode  76/1013  eps 0.504  train return  -11.29%  loss 3.40e-05  maxQ +0.0160  changes   518  0.9 min
episode  77/1013  eps 0.499  train return   -2.89%  loss 3.25e-05  maxQ +0.0143  changes   482  0.9 min
episode  78/1013  eps 0.495  train return   -1.50%  loss 3.50e-05  maxQ +0.0152  changes   465  0.9 min
episode  79/1013  eps 0.490  train return   -0.83%  loss 3.35e-05  maxQ +0.0135  changes   477  0.9 min
episode  80/1013  eps 0.486  train return  -18.67%  loss 3.36e-05  maxQ +0.0170  changes   492  0.9 min | val return -0.25% (best +2.54%)
episode  81/1013  eps 0.481  train return  +28.07%  loss 3.15e-05  maxQ +0.0183  changes   487  1.0 min
episode  82/1013  eps 0.477  train return  -13.04%  loss 3.22e-05  maxQ +0.0180  changes   485  1.0 min
episode  83/1013  eps 0.473  train return   -9.04%  loss 3.24e-05  maxQ +0.0176  changes   461  1.0 min
episode  84/1013  eps 0.468  train return   -4.18%  loss 3.28e-05  maxQ +0.0162  changes   479  1.0 min
episode  85/1013  eps 0.464  train return   -2.10%  loss 3.20e-05  maxQ +0.0157  changes   485  1.0 min
episode  86/1013  eps 0.460  train return   -9.75%  loss 3.36e-05  maxQ +0.0138  changes   492  1.0 min
episode  87/1013  eps 0.456  train return  -18.56%  loss 3.13e-05  maxQ +0.0126  changes   468  1.0 min
episode  88/1013  eps 0.451  train return  +11.16%  loss 3.20e-05  maxQ +0.0107  changes   480  1.0 min
episode  89/1013  eps 0.447  train return   +5.28%  loss 3.34e-05  maxQ +0.0113  changes   476  1.0 min
episode  90/1013  eps 0.443  train return   +1.24%  loss 3.27e-05  maxQ +0.0142  changes   445  1.0 min | val return -8.53% (best +2.54%)
episode  91/1013  eps 0.439  train return   +4.31%  loss 3.32e-05  maxQ +0.0105  changes   470  1.1 min
episode  92/1013  eps 0.435  train return   +8.57%  loss 3.09e-05  maxQ +0.0110  changes   464  1.1 min
episode  93/1013  eps 0.431  train return   -3.66%  loss 3.03e-05  maxQ +0.0126  changes   460  1.1 min
episode  94/1013  eps 0.427  train return  -16.55%  loss 3.24e-05  maxQ +0.0126  changes   466  1.1 min
episode  95/1013  eps 0.423  train return   -7.33%  loss 3.00e-05  maxQ +0.0105  changes   468  1.1 min
episode  96/1013  eps 0.420  train return  -15.30%  loss 3.35e-05  maxQ +0.0112  changes   444  1.1 min
episode  97/1013  eps 0.416  train return  +30.35%  loss 3.07e-05  maxQ +0.0118  changes   441  1.1 min
episode  98/1013  eps 0.412  train return   +1.89%  loss 3.25e-05  maxQ +0.0104  changes   474  1.1 min
episode  99/1013  eps 0.408  train return   +3.49%  loss 3.35e-05  maxQ +0.0104  changes   462  1.1 min
episode 100/1013  eps 0.405  train return  -15.03%  loss 3.35e-05  maxQ +0.0123  changes   440  1.1 min | val return -23.28% (best +2.54%)
episode 101/1013  eps 0.401  train return  -11.24%  loss 3.34e-05  maxQ +0.0110  changes   439  1.2 min
episode 102/1013  eps 0.397  train return   +5.90%  loss 3.32e-05  maxQ +0.0117  changes   444  1.2 min
episode 103/1013  eps 0.394  train return  -24.02%  loss 3.29e-05  maxQ +0.0102  changes   452  1.2 min
episode 104/1013  eps 0.390  train return   -8.09%  loss 3.35e-05  maxQ +0.0102  changes   408  1.2 min
episode 105/1013  eps 0.386  train return   -4.90%  loss 3.30e-05  maxQ +0.0109  changes   426  1.2 min
episode 106/1013  eps 0.383  train return   +0.09%  loss 3.31e-05  maxQ +0.0102  changes   482  1.2 min
episode 107/1013  eps 0.379  train return   +7.38%  loss 3.36e-05  maxQ +0.0087  changes   431  1.2 min
episode 108/1013  eps 0.376  train return  -19.07%  loss 3.41e-05  maxQ +0.0092  changes   413  1.2 min
episode 109/1013  eps 0.373  train return   -9.46%  loss 3.53e-05  maxQ +0.0091  changes   451  1.2 min
episode 110/1013  eps 0.369  train return   +5.38%  loss 3.50e-05  maxQ +0.0090  changes   431  1.2 min | val return -21.89% (best +2.54%)
episode 111/1013  eps 0.366  train return   -1.61%  loss 3.49e-05  maxQ +0.0087  changes   465  1.3 min
episode 112/1013  eps 0.363  train return  -34.58%  loss 3.57e-05  maxQ +0.0077  changes   461  1.3 min
episode 113/1013  eps 0.359  train return   -4.98%  loss 3.72e-05  maxQ +0.0096  changes   377  1.3 min
episode 114/1013  eps 0.356  train return  -24.38%  loss 3.51e-05  maxQ +0.0099  changes   371  1.3 min
episode 115/1013  eps 0.353  train return  +17.43%  loss 3.58e-05  maxQ +0.0091  changes   481  1.3 min
episode 116/1013  eps 0.349  train return   +5.73%  loss 3.65e-05  maxQ +0.0107  changes   382  1.3 min
episode 117/1013  eps 0.346  train return  +14.87%  loss 3.66e-05  maxQ +0.0093  changes   442  1.3 min
episode 118/1013  eps 0.343  train return  -31.48%  loss 3.73e-05  maxQ +0.0106  changes   360  1.3 min
episode 119/1013  eps 0.340  train return  +33.95%  loss 3.68e-05  maxQ +0.0106  changes   460  1.3 min
episode 120/1013  eps 0.337  train return  -39.14%  loss 3.74e-05  maxQ +0.0112  changes   421  1.3 min | val return +1.86% (best +2.54%)
episode 121/1013  eps 0.334  train return  -14.25%  loss 3.72e-05  maxQ +0.0092  changes   435  1.3 min
episode 122/1013  eps 0.331  train return  -12.26%  loss 3.59e-05  maxQ +0.0094  changes   402  1.4 min
episode 123/1013  eps 0.328  train return   -9.06%  loss 3.59e-05  maxQ +0.0090  changes   436  1.4 min
episode 124/1013  eps 0.325  train return   -5.07%  loss 3.71e-05  maxQ +0.0076  changes   462  1.4 min
episode 125/1013  eps 0.322  train return   -8.32%  loss 3.89e-05  maxQ +0.0080  changes   397  1.4 min
episode 126/1013  eps 0.319  train return   +7.29%  loss 3.76e-05  maxQ +0.0075  changes   397  1.4 min
episode 127/1013  eps 0.316  train return  +14.71%  loss 3.61e-05  maxQ +0.0079  changes   401  1.4 min
episode 128/1013  eps 0.313  train return   -9.05%  loss 3.64e-05  maxQ +0.0076  changes   371  1.4 min
episode 129/1013  eps 0.310  train return   -9.60%  loss 3.77e-05  maxQ +0.0089  changes   353  1.4 min
episode 130/1013  eps 0.308  train return  -12.22%  loss 3.69e-05  maxQ +0.0084  changes   405  1.4 min | val return -20.26% (best +2.54%)
episode 131/1013  eps 0.305  train return  -12.68%  loss 3.91e-05  maxQ +0.0095  changes   386  1.4 min
episode 132/1013  eps 0.302  train return   -2.08%  loss 3.86e-05  maxQ +0.0072  changes   397  1.5 min
episode 133/1013  eps 0.299  train return  -30.87%  loss 3.76e-05  maxQ +0.0076  changes   442  1.5 min
episode 134/1013  eps 0.296  train return   -1.98%  loss 3.95e-05  maxQ +0.0080  changes   396  1.5 min
episode 135/1013  eps 0.294  train return  -12.70%  loss 3.82e-05  maxQ +0.0069  changes   404  1.5 min
episode 136/1013  eps 0.291  train return  +10.60%  loss 3.64e-05  maxQ +0.0066  changes   396  1.5 min
episode 137/1013  eps 0.288  train return  -20.11%  loss 3.75e-05  maxQ +0.0062  changes   384  1.5 min
episode 138/1013  eps 0.286  train return   -3.47%  loss 3.72e-05  maxQ +0.0063  changes   354  1.5 min
episode 139/1013  eps 0.283  train return  -16.69%  loss 3.72e-05  maxQ +0.0062  changes   374  1.5 min
episode 140/1013  eps 0.281  train return   -1.04%  loss 3.73e-05  maxQ +0.0058  changes   371  1.5 min | val return -6.86% (best +2.54%)
episode 141/1013  eps 0.278  train return  -16.83%  loss 3.79e-05  maxQ +0.0067  changes   431  1.6 min
episode 142/1013  eps 0.276  train return  +10.50%  loss 3.80e-05  maxQ +0.0066  changes   430  1.6 min
episode 143/1013  eps 0.273  train return  -11.43%  loss 3.65e-05  maxQ +0.0066  changes   397  1.6 min
episode 144/1013  eps 0.271  train return  -21.86%  loss 3.77e-05  maxQ +0.0061  changes   344  1.6 min
episode 145/1013  eps 0.268  train return  -30.83%  loss 4.04e-05  maxQ +0.0063  changes   392  1.6 min
episode 146/1013  eps 0.266  train return  -16.20%  loss 3.81e-05  maxQ +0.0067  changes   386  1.6 min
episode 147/1013  eps 0.263  train return   -5.24%  loss 3.75e-05  maxQ +0.0071  changes   393  1.6 min
episode 148/1013  eps 0.261  train return  -13.01%  loss 3.66e-05  maxQ +0.0073  changes   325  1.6 min
episode 149/1013  eps 0.258  train return   -0.53%  loss 3.90e-05  maxQ +0.0072  changes   397  1.6 min
episode 150/1013  eps 0.256  train return   -5.73%  loss 3.85e-05  maxQ +0.0071  changes   398  1.6 min | val return -20.19% (best +2.54%)
episode 151/1013  eps 0.254  train return  -23.06%  loss 3.76e-05  maxQ +0.0067  changes   396  1.7 min
episode 152/1013  eps 0.251  train return  +11.17%  loss 3.85e-05  maxQ +0.0063  changes   330  1.7 min
episode 153/1013  eps 0.249  train return   +4.51%  loss 3.86e-05  maxQ +0.0061  changes   420  1.7 min
episode 154/1013  eps 0.247  train return  +27.91%  loss 3.65e-05  maxQ +0.0055  changes   404  1.7 min
episode 155/1013  eps 0.245  train return  +17.10%  loss 3.65e-05  maxQ +0.0072  changes   319  1.7 min
episode 156/1013  eps 0.242  train return  -12.53%  loss 3.68e-05  maxQ +0.0067  changes   373  1.7 min
episode 157/1013  eps 0.240  train return  -13.65%  loss 3.66e-05  maxQ +0.0064  changes   406  1.7 min
episode 158/1013  eps 0.238  train return   -8.91%  loss 3.87e-05  maxQ +0.0057  changes   389  1.7 min
episode 159/1013  eps 0.236  train return   -4.34%  loss 3.79e-05  maxQ +0.0058  changes   383  1.7 min
episode 160/1013  eps 0.234  train return  -37.74%  loss 3.82e-05  maxQ +0.0054  changes   339  1.7 min | val return +4.24% (best +4.24%)
episode 161/1013  eps 0.232  train return   +4.65%  loss 3.74e-05  maxQ +0.0061  changes   353  1.8 min
episode 162/1013  eps 0.230  train return  -23.65%  loss 3.64e-05  maxQ +0.0053  changes   359  1.8 min
episode 163/1013  eps 0.227  train return  -13.35%  loss 3.74e-05  maxQ +0.0062  changes   397  1.8 min
episode 164/1013  eps 0.225  train return   -7.19%  loss 3.84e-05  maxQ +0.0063  changes   373  1.8 min
episode 165/1013  eps 0.223  train return   -6.79%  loss 3.60e-05  maxQ +0.0062  changes   367  1.8 min
episode 166/1013  eps 0.221  train return  -27.02%  loss 3.58e-05  maxQ +0.0059  changes   381  1.8 min
episode 167/1013  eps 0.219  train return  +22.53%  loss 3.69e-05  maxQ +0.0062  changes   382  1.8 min
episode 168/1013  eps 0.217  train return   -2.65%  loss 3.59e-05  maxQ +0.0055  changes   343  1.8 min
episode 169/1013  eps 0.215  train return   -3.81%  loss 3.59e-05  maxQ +0.0061  changes   410  1.8 min
episode 170/1013  eps 0.213  train return  -19.12%  loss 3.61e-05  maxQ +0.0064  changes   391  1.8 min | val return +4.24% (best +4.24%)
episode 171/1013  eps 0.211  train return  -12.86%  loss 3.68e-05  maxQ +0.0063  changes   343  1.9 min
episode 172/1013  eps 0.209  train return  -27.36%  loss 3.43e-05  maxQ +0.0057  changes   350  1.9 min
episode 173/1013  eps 0.208  train return   +3.33%  loss 3.44e-05  maxQ +0.0059  changes   429  1.9 min
episode 174/1013  eps 0.206  train return   -4.80%  loss 3.62e-05  maxQ +0.0058  changes   406  1.9 min
episode 175/1013  eps 0.204  train return  -16.51%  loss 3.39e-05  maxQ +0.0057  changes   356  1.9 min
episode 176/1013  eps 0.202  train return  -13.62%  loss 3.33e-05  maxQ +0.0051  changes   387  1.9 min
episode 177/1013  eps 0.200  train return  -14.92%  loss 3.31e-05  maxQ +0.0052  changes   410  1.9 min
episode 178/1013  eps 0.198  train return   -7.08%  loss 3.35e-05  maxQ +0.0050  changes   381  1.9 min
episode 179/1013  eps 0.196  train return   -9.89%  loss 3.53e-05  maxQ +0.0048  changes   378  1.9 min
episode 180/1013  eps 0.195  train return   +7.74%  loss 3.31e-05  maxQ +0.0050  changes   351  1.9 min | val return -20.94% (best +4.24%)
episode 181/1013  eps 0.193  train return  -16.54%  loss 3.25e-05  maxQ +0.0047  changes   291  2.0 min
episode 182/1013  eps 0.191  train return   -3.84%  loss 3.38e-05  maxQ +0.0053  changes   413  2.0 min
episode 183/1013  eps 0.189  train return  -20.36%  loss 3.29e-05  maxQ +0.0055  changes   340  2.0 min
episode 184/1013  eps 0.188  train return  +28.81%  loss 3.27e-05  maxQ +0.0053  changes   395  2.0 min
episode 185/1013  eps 0.186  train return   +6.42%  loss 3.30e-05  maxQ +0.0058  changes   333  2.0 min
episode 186/1013  eps 0.184  train return  -10.48%  loss 3.21e-05  maxQ +0.0050  changes   337  2.0 min
episode 187/1013  eps 0.183  train return   +0.89%  loss 3.26e-05  maxQ +0.0052  changes   350  2.0 min
episode 188/1013  eps 0.181  train return  +19.58%  loss 3.20e-05  maxQ +0.0052  changes   363  2.0 min
episode 189/1013  eps 0.179  train return   -5.37%  loss 3.27e-05  maxQ +0.0046  changes   380  2.0 min
episode 190/1013  eps 0.178  train return   +7.22%  loss 3.12e-05  maxQ +0.0050  changes   325  2.1 min | val return +4.29% (best +4.29%)
episode 191/1013  eps 0.176  train return  +13.73%  loss 3.27e-05  maxQ +0.0052  changes   394  2.1 min
episode 192/1013  eps 0.174  train return  -14.14%  loss 3.21e-05  maxQ +0.0049  changes   361  2.1 min
episode 193/1013  eps 0.173  train return   -4.92%  loss 3.19e-05  maxQ +0.0055  changes   315  2.1 min
episode 194/1013  eps 0.171  train return  -10.19%  loss 3.22e-05  maxQ +0.0056  changes   323  2.1 min
episode 195/1013  eps 0.170  train return  +11.41%  loss 3.25e-05  maxQ +0.0051  changes   380  2.1 min
episode 196/1013  eps 0.168  train return   +3.43%  loss 3.24e-05  maxQ +0.0061  changes   430  2.1 min
episode 197/1013  eps 0.167  train return  -14.00%  loss 3.40e-05  maxQ +0.0053  changes   318  2.1 min
episode 198/1013  eps 0.165  train return  +10.90%  loss 3.28e-05  maxQ +0.0049  changes   308  2.1 min
episode 199/1013  eps 0.164  train return  -10.80%  loss 3.23e-05  maxQ +0.0043  changes   344  2.1 min
episode 200/1013  eps 0.162  train return   +9.88%  loss 3.14e-05  maxQ +0.0045  changes   309  2.2 min | val return -13.21% (best +4.29%)
episode 201/1013  eps 0.161  train return   -8.46%  loss 3.21e-05  maxQ +0.0055  changes   338  2.2 min
episode 202/1013  eps 0.159  train return   -9.15%  loss 3.18e-05  maxQ +0.0054  changes   298  2.2 min
episode 203/1013  eps 0.158  train return  -22.81%  loss 3.20e-05  maxQ +0.0047  changes   321  2.2 min
episode 204/1013  eps 0.156  train return  -18.36%  loss 3.16e-05  maxQ +0.0047  changes   314  2.2 min
episode 205/1013  eps 0.155  train return   -0.53%  loss 3.13e-05  maxQ +0.0044  changes   330  2.2 min
episode 206/1013  eps 0.154  train return   -5.41%  loss 2.99e-05  maxQ +0.0043  changes   311  2.2 min
episode 207/1013  eps 0.152  train return  -13.28%  loss 3.11e-05  maxQ +0.0044  changes   365  2.2 min
episode 208/1013  eps 0.151  train return   +4.00%  loss 3.04e-05  maxQ +0.0047  changes   321  2.2 min
episode 209/1013  eps 0.149  train return  -16.75%  loss 3.19e-05  maxQ +0.0054  changes   272  2.2 min
episode 210/1013  eps 0.148  train return  +11.76%  loss 3.16e-05  maxQ +0.0043  changes   289  2.3 min | val return -1.90% (best +4.29%)
episode 211/1013  eps 0.147  train return   -2.02%  loss 2.97e-05  maxQ +0.0038  changes   308  2.3 min
episode 212/1013  eps 0.145  train return  -10.58%  loss 3.05e-05  maxQ +0.0039  changes   293  2.3 min
episode 213/1013  eps 0.144  train return  +10.43%  loss 2.99e-05  maxQ +0.0037  changes   345  2.3 min
episode 214/1013  eps 0.143  train return   +0.57%  loss 2.85e-05  maxQ +0.0039  changes   273  2.3 min
episode 215/1013  eps 0.141  train return   -5.36%  loss 3.07e-05  maxQ +0.0041  changes   281  2.3 min
episode 216/1013  eps 0.140  train return   -9.33%  loss 2.90e-05  maxQ +0.0043  changes   263  2.3 min
episode 217/1013  eps 0.139  train return   +7.65%  loss 3.00e-05  maxQ +0.0046  changes   277  2.3 min
episode 218/1013  eps 0.138  train return  +22.11%  loss 3.02e-05  maxQ +0.0048  changes   281  2.3 min
episode 219/1013  eps 0.136  train return   +0.50%  loss 2.88e-05  maxQ +0.0049  changes   265  2.3 min
episode 220/1013  eps 0.135  train return  +31.55%  loss 2.96e-05  maxQ +0.0053  changes   331  2.4 min | val return -4.66% (best +4.29%)
episode 221/1013  eps 0.134  train return   -5.30%  loss 3.05e-05  maxQ +0.0045  changes   271  2.4 min
episode 222/1013  eps 0.133  train return   +8.78%  loss 2.99e-05  maxQ +0.0053  changes   353  2.4 min
episode 223/1013  eps 0.131  train return  -12.09%  loss 2.90e-05  maxQ +0.0051  changes   284  2.4 min
episode 224/1013  eps 0.130  train return  -15.27%  loss 2.84e-05  maxQ +0.0057  changes   288  2.4 min
episode 225/1013  eps 0.129  train return   -6.87%  loss 2.71e-05  maxQ +0.0060  changes   265  2.4 min
episode 226/1013  eps 0.128  train return   +4.39%  loss 2.93e-05  maxQ +0.0048  changes   304  2.4 min
episode 227/1013  eps 0.127  train return   -3.08%  loss 3.08e-05  maxQ +0.0050  changes   216  2.4 min
episode 228/1013  eps 0.126  train return   -9.19%  loss 2.86e-05  maxQ +0.0043  changes   249  2.4 min
episode 229/1013  eps 0.124  train return  +26.72%  loss 2.99e-05  maxQ +0.0044  changes   280  2.4 min
episode 230/1013  eps 0.123  train return  -14.77%  loss 2.99e-05  maxQ +0.0043  changes   250  2.5 min | val return -19.93% (best +4.29%)
episode 231/1013  eps 0.122  train return   -9.99%  loss 2.98e-05  maxQ +0.0043  changes   378  2.5 min
episode 232/1013  eps 0.121  train return   +3.87%  loss 2.99e-05  maxQ +0.0042  changes   286  2.5 min
episode 233/1013  eps 0.120  train return   +2.58%  loss 3.02e-05  maxQ +0.0050  changes   306  2.5 min
episode 234/1013  eps 0.119  train return  +20.26%  loss 3.12e-05  maxQ +0.0042  changes   291  2.5 min
episode 235/1013  eps 0.118  train return  +42.70%  loss 2.94e-05  maxQ +0.0044  changes   317  2.5 min
episode 236/1013  eps 0.117  train return   +8.58%  loss 3.04e-05  maxQ +0.0051  changes   298  2.5 min
episode 237/1013  eps 0.116  train return  -19.32%  loss 3.20e-05  maxQ +0.0057  changes   246  2.5 min
episode 238/1013  eps 0.115  train return   +0.52%  loss 3.03e-05  maxQ +0.0049  changes   367  2.5 min
episode 239/1013  eps 0.114  train return  +41.05%  loss 3.15e-05  maxQ +0.0050  changes   328  2.5 min
episode 240/1013  eps 0.112  train return  -14.23%  loss 3.20e-05  maxQ +0.0053  changes   263  2.6 min | val return -23.98% (best +4.29%)
episode 241/1013  eps 0.111  train return  +10.19%  loss 3.09e-05  maxQ +0.0051  changes   282  2.6 min
episode 242/1013  eps 0.110  train return   -1.01%  loss 3.10e-05  maxQ +0.0048  changes   263  2.6 min
episode 243/1013  eps 0.109  train return  -19.58%  loss 2.96e-05  maxQ +0.0045  changes   313  2.6 min
episode 244/1013  eps 0.108  train return  -16.60%  loss 3.09e-05  maxQ +0.0056  changes   312  2.6 min
episode 245/1013  eps 0.107  train return   -1.48%  loss 3.16e-05  maxQ +0.0051  changes   334  2.6 min
episode 246/1013  eps 0.106  train return  -23.70%  loss 3.24e-05  maxQ +0.0051  changes   274  2.6 min
episode 247/1013  eps 0.106  train return   -7.51%  loss 3.27e-05  maxQ +0.0044  changes   308  2.6 min
episode 248/1013  eps 0.105  train return  +25.56%  loss 3.28e-05  maxQ +0.0040  changes   265  2.6 min
episode 249/1013  eps 0.104  train return  -23.19%  loss 3.29e-05  maxQ +0.0041  changes   349  2.7 min
episode 250/1013  eps 0.103  train return   +5.71%  loss 3.07e-05  maxQ +0.0038  changes   306  2.7 min | val return -2.24% (best +4.29%)
episode 251/1013  eps 0.102  train return   -7.66%  loss 3.20e-05  maxQ +0.0041  changes   274  2.7 min
episode 252/1013  eps 0.101  train return   +5.94%  loss 3.33e-05  maxQ +0.0035  changes   226  2.7 min
episode 253/1013  eps 0.100  train return   +4.13%  loss 3.28e-05  maxQ +0.0041  changes   254  2.7 min
episode 254/1013  eps 0.099  train return  +37.36%  loss 3.08e-05  maxQ +0.0044  changes   300  2.7 min
episode 255/1013  eps 0.098  train return  +24.48%  loss 3.21e-05  maxQ +0.0043  changes   199  2.7 min
episode 256/1013  eps 0.097  train return   -4.86%  loss 3.36e-05  maxQ +0.0042  changes   217  2.7 min
episode 257/1013  eps 0.096  train return   +4.17%  loss 3.35e-05  maxQ +0.0042  changes   205  2.7 min
episode 258/1013  eps 0.095  train return  +14.13%  loss 3.19e-05  maxQ +0.0056  changes   327  2.7 min
episode 259/1013  eps 0.095  train return   +7.19%  loss 3.21e-05  maxQ +0.0048  changes   266  2.8 min
episode 260/1013  eps 0.094  train return   -1.07%  loss 3.18e-05  maxQ +0.0048  changes   227  2.8 min | val return +16.50% (best +16.50%)
episode 261/1013  eps 0.093  train return  +15.79%  loss 3.20e-05  maxQ +0.0045  changes   177  2.8 min
episode 262/1013  eps 0.092  train return  -16.03%  loss 3.31e-05  maxQ +0.0043  changes   216  2.8 min
episode 263/1013  eps 0.091  train return  -18.15%  loss 3.36e-05  maxQ +0.0046  changes   224  2.8 min
episode 264/1013  eps 0.090  train return   +4.92%  loss 3.30e-05  maxQ +0.0044  changes   209  2.8 min
episode 265/1013  eps 0.090  train return   +5.86%  loss 3.34e-05  maxQ +0.0041  changes   198  2.8 min
episode 266/1013  eps 0.089  train return  +12.73%  loss 3.29e-05  maxQ +0.0039  changes   256  2.8 min
episode 267/1013  eps 0.088  train return   +9.48%  loss 3.28e-05  maxQ +0.0039  changes   244  2.8 min
episode 268/1013  eps 0.087  train return  +16.84%  loss 3.22e-05  maxQ +0.0037  changes   246  2.8 min
episode 269/1013  eps 0.086  train return   -0.36%  loss 3.12e-05  maxQ +0.0037  changes   196  2.9 min
episode 270/1013  eps 0.086  train return  -11.97%  loss 3.54e-05  maxQ +0.0042  changes   245  2.9 min | val return -8.75% (best +16.50%)
episode 271/1013  eps 0.085  train return   +3.25%  loss 3.39e-05  maxQ +0.0042  changes   353  2.9 min
episode 272/1013  eps 0.084  train return  -10.72%  loss 3.38e-05  maxQ +0.0040  changes   300  2.9 min
episode 273/1013  eps 0.083  train return   +7.23%  loss 3.43e-05  maxQ +0.0036  changes   249  2.9 min
episode 274/1013  eps 0.082  train return  -16.24%  loss 3.38e-05  maxQ +0.0041  changes   193  2.9 min
episode 275/1013  eps 0.082  train return  -18.51%  loss 3.67e-05  maxQ +0.0042  changes   279  2.9 min
episode 276/1013  eps 0.081  train return   -0.43%  loss 3.63e-05  maxQ +0.0047  changes   340  2.9 min
episode 277/1013  eps 0.080  train return   -0.37%  loss 3.64e-05  maxQ +0.0042  changes   299  2.9 min
episode 278/1013  eps 0.079  train return  -11.11%  loss 3.42e-05  maxQ +0.0046  changes   262  2.9 min
episode 279/1013  eps 0.079  train return  +16.83%  loss 3.56e-05  maxQ +0.0042  changes   238  3.0 min
episode 280/1013  eps 0.078  train return  -35.98%  loss 3.73e-05  maxQ +0.0043  changes   226  3.0 min | val return -5.21% (best +16.50%)
episode 281/1013  eps 0.077  train return  +14.27%  loss 3.61e-05  maxQ +0.0039  changes   238  3.0 min
episode 282/1013  eps 0.077  train return  +12.77%  loss 3.67e-05  maxQ +0.0042  changes   187  3.0 min
episode 283/1013  eps 0.076  train return   +6.99%  loss 3.79e-05  maxQ +0.0041  changes   200  3.0 min
episode 284/1013  eps 0.075  train return   -7.19%  loss 3.55e-05  maxQ +0.0039  changes   206  3.0 min
episode 285/1013  eps 0.075  train return  -14.43%  loss 3.65e-05  maxQ +0.0046  changes   178  3.0 min
episode 286/1013  eps 0.074  train return  -20.14%  loss 3.73e-05  maxQ +0.0054  changes   202  3.0 min
episode 287/1013  eps 0.073  train return   +9.91%  loss 3.54e-05  maxQ +0.0048  changes   157  3.0 min
episode 288/1013  eps 0.073  train return   -5.97%  loss 3.67e-05  maxQ +0.0051  changes   158  3.0 min
episode 289/1013  eps 0.072  train return   +2.75%  loss 3.73e-05  maxQ +0.0045  changes   211  3.1 min
episode 290/1013  eps 0.071  train return  -18.63%  loss 3.79e-05  maxQ +0.0043  changes   205  3.1 min | val return -6.02% (best +16.50%)
episode 291/1013  eps 0.071  train return   -6.92%  loss 3.81e-05  maxQ +0.0043  changes   241  3.1 min
episode 292/1013  eps 0.070  train return  -10.78%  loss 3.63e-05  maxQ +0.0043  changes   195  3.1 min
episode 293/1013  eps 0.069  train return   -9.20%  loss 3.66e-05  maxQ +0.0046  changes   175  3.1 min
episode 294/1013  eps 0.069  train return  +29.90%  loss 3.82e-05  maxQ +0.0041  changes   212  3.1 min
episode 295/1013  eps 0.068  train return   -6.20%  loss 3.88e-05  maxQ +0.0041  changes   232  3.1 min
episode 296/1013  eps 0.067  train return   -0.45%  loss 3.82e-05  maxQ +0.0042  changes   234  3.1 min
episode 297/1013  eps 0.067  train return   +8.99%  loss 3.44e-05  maxQ +0.0043  changes   254  3.1 min
episode 298/1013  eps 0.066  train return   -8.32%  loss 3.76e-05  maxQ +0.0035  changes   186  3.1 min
episode 299/1013  eps 0.066  train return  +12.45%  loss 3.60e-05  maxQ +0.0031  changes   187  3.2 min
episode 300/1013  eps 0.065  train return  +17.22%  loss 3.74e-05  maxQ +0.0028  changes   300  3.2 min | val return -26.60% (best +16.50%)
episode 301/1013  eps 0.064  train return   -7.80%  loss 3.76e-05  maxQ +0.0028  changes   276  3.2 min
episode 302/1013  eps 0.064  train return   -1.59%  loss 3.84e-05  maxQ +0.0035  changes   237  3.2 min
episode 303/1013  eps 0.063  train return   +8.25%  loss 3.92e-05  maxQ +0.0039  changes   193  3.2 min
episode 304/1013  eps 0.063  train return   +6.32%  loss 3.97e-05  maxQ +0.0035  changes   163  3.2 min
episode 305/1013  eps 0.062  train return  +10.99%  loss 3.67e-05  maxQ +0.0043  changes   190  3.2 min
episode 306/1013  eps 0.062  train return   -5.80%  loss 3.67e-05  maxQ +0.0043  changes   193  3.2 min
episode 307/1013  eps 0.061  train return   +8.88%  loss 3.83e-05  maxQ +0.0038  changes   177  3.2 min
episode 308/1013  eps 0.060  train return   -5.67%  loss 3.74e-05  maxQ +0.0038  changes   222  3.3 min
episode 309/1013  eps 0.060  train return   -3.32%  loss 3.80e-05  maxQ +0.0037  changes   220  3.3 min
episode 310/1013  eps 0.059  train return   +9.05%  loss 3.48e-05  maxQ +0.0039  changes   206  3.3 min | val return +4.39% (best +16.50%)
episode 311/1013  eps 0.059  train return   +5.59%  loss 3.70e-05  maxQ +0.0035  changes   170  3.3 min
episode 312/1013  eps 0.058  train return   -7.77%  loss 3.57e-05  maxQ +0.0031  changes   219  3.3 min
episode 313/1013  eps 0.058  train return  -10.40%  loss 3.76e-05  maxQ +0.0036  changes   237  3.3 min
episode 314/1013  eps 0.057  train return   +7.18%  loss 3.72e-05  maxQ +0.0029  changes   168  3.3 min
episode 315/1013  eps 0.057  train return   -4.61%  loss 3.59e-05  maxQ +0.0031  changes   164  3.3 min
episode 316/1013  eps 0.056  train return   +7.29%  loss 3.54e-05  maxQ +0.0037  changes   150  3.3 min
episode 317/1013  eps 0.056  train return   -9.39%  loss 3.63e-05  maxQ +0.0037  changes   177  3.3 min
episode 318/1013  eps 0.055  train return  -11.43%  loss 3.66e-05  maxQ +0.0037  changes   182  3.3 min
episode 319/1013  eps 0.055  train return  +17.38%  loss 3.64e-05  maxQ +0.0031  changes   224  3.4 min
episode 320/1013  eps 0.054  train return   +4.66%  loss 3.67e-05  maxQ +0.0032  changes   179  3.4 min | val return -4.84% (best +16.50%)
episode 321/1013  eps 0.054  train return   +9.88%  loss 3.72e-05  maxQ +0.0028  changes   223  3.4 min
episode 322/1013  eps 0.053  train return   -3.68%  loss 3.52e-05  maxQ +0.0029  changes   174  3.4 min
episode 323/1013  eps 0.053  train return  -14.87%  loss 3.68e-05  maxQ +0.0034  changes   181  3.4 min
episode 324/1013  eps 0.052  train return   -9.83%  loss 3.61e-05  maxQ +0.0034  changes   148  3.4 min
episode 325/1013  eps 0.052  train return   +6.94%  loss 3.50e-05  maxQ +0.0033  changes   160  3.4 min
episode 326/1013  eps 0.051  train return  -27.98%  loss 3.62e-05  maxQ +0.0031  changes   195  3.4 min
episode 327/1013  eps 0.051  train return   -2.00%  loss 3.53e-05  maxQ +0.0027  changes   148  3.4 min
episode 328/1013  eps 0.050  train return  -48.90%  loss 3.64e-05  maxQ +0.0033  changes   196  3.5 min
episode 329/1013  eps 0.050  train return  +27.87%  loss 3.61e-05  maxQ +0.0030  changes   184  3.5 min
episode 330/1013  eps 0.049  train return  +10.68%  loss 3.52e-05  maxQ +0.0027  changes   182  3.5 min | val return -13.79% (best +16.50%)
episode 331/1013  eps 0.049  train return  -20.03%  loss 3.55e-05  maxQ +0.0029  changes   254  3.5 min
episode 332/1013  eps 0.049  train return  -15.12%  loss 3.70e-05  maxQ +0.0025  changes   170  3.5 min
episode 333/1013  eps 0.048  train return  +42.11%  loss 3.68e-05  maxQ +0.0033  changes   140  3.5 min
episode 334/1013  eps 0.048  train return  +18.06%  loss 3.68e-05  maxQ +0.0029  changes   153  3.5 min
episode 335/1013  eps 0.047  train return  -12.14%  loss 3.68e-05  maxQ +0.0032  changes   213  3.5 min
episode 336/1013  eps 0.047  train return   +0.14%  loss 3.54e-05  maxQ +0.0031  changes   145  3.5 min
episode 337/1013  eps 0.046  train return   -1.17%  loss 3.62e-05  maxQ +0.0037  changes   195  3.5 min
episode 338/1013  eps 0.046  train return   +1.97%  loss 3.74e-05  maxQ +0.0031  changes   117  3.6 min
episode 339/1013  eps 0.046  train return   +2.80%  loss 3.68e-05  maxQ +0.0031  changes   172  3.6 min
episode 340/1013  eps 0.045  train return   -3.41%  loss 3.54e-05  maxQ +0.0035  changes   136  3.6 min | val return +2.16% (best +16.50%)
episode 341/1013  eps 0.045  train return  -14.85%  loss 3.76e-05  maxQ +0.0036  changes   191  3.6 min
episode 342/1013  eps 0.044  train return   +6.55%  loss 3.63e-05  maxQ +0.0025  changes   161  3.6 min
episode 343/1013  eps 0.044  train return  -14.99%  loss 3.57e-05  maxQ +0.0033  changes   154  3.6 min
episode 344/1013  eps 0.043  train return  -24.34%  loss 3.48e-05  maxQ +0.0029  changes   152  3.6 min
episode 345/1013  eps 0.043  train return   +2.29%  loss 3.55e-05  maxQ +0.0036  changes   298  3.6 min
episode 346/1013  eps 0.043  train return  -24.55%  loss 3.67e-05  maxQ +0.0030  changes   167  3.6 min
episode 347/1013  eps 0.042  train return   -0.30%  loss 3.84e-05  maxQ +0.0031  changes   143  3.7 min
episode 348/1013  eps 0.042  train return   -4.99%  loss 3.83e-05  maxQ +0.0029  changes   171  3.7 min
episode 349/1013  eps 0.042  train return  -15.37%  loss 3.74e-05  maxQ +0.0025  changes   178  3.7 min
episode 350/1013  eps 0.041  train return   -2.84%  loss 3.80e-05  maxQ +0.0027  changes   135  3.7 min | val return -20.49% (best +16.50%)
episode 351/1013  eps 0.041  train return   -0.37%  loss 3.60e-05  maxQ +0.0028  changes   139  3.7 min
episode 352/1013  eps 0.040  train return  -13.15%  loss 3.45e-05  maxQ +0.0028  changes   126  3.7 min
episode 353/1013  eps 0.040  train return  -23.52%  loss 3.56e-05  maxQ +0.0031  changes   113  3.7 min
episode 354/1013  eps 0.040  train return  +12.52%  loss 3.88e-05  maxQ +0.0030  changes   142  3.7 min
episode 355/1013  eps 0.039  train return  +39.77%  loss 3.67e-05  maxQ +0.0030  changes   124  3.7 min
episode 356/1013  eps 0.039  train return  +22.45%  loss 3.64e-05  maxQ +0.0027  changes   135  3.7 min
episode 357/1013  eps 0.039  train return  +11.37%  loss 3.60e-05  maxQ +0.0025  changes   155  3.8 min
episode 358/1013  eps 0.038  train return   -5.85%  loss 3.74e-05  maxQ +0.0026  changes   108  3.8 min
episode 359/1013  eps 0.038  train return  +10.98%  loss 3.56e-05  maxQ +0.0027  changes   109  3.8 min
episode 360/1013  eps 0.038  train return   -5.51%  loss 3.57e-05  maxQ +0.0027  changes   156  3.8 min | val return -2.39% (best +16.50%)
episode 361/1013  eps 0.037  train return   +4.98%  loss 3.49e-05  maxQ +0.0023  changes   207  3.8 min
episode 362/1013  eps 0.037  train return   -6.18%  loss 3.47e-05  maxQ +0.0033  changes   130  3.8 min
episode 363/1013  eps 0.037  train return   -2.37%  loss 3.77e-05  maxQ +0.0031  changes   160  3.8 min
episode 364/1013  eps 0.036  train return   -0.22%  loss 3.86e-05  maxQ +0.0029  changes   182  3.8 min
episode 365/1013  eps 0.036  train return   -4.98%  loss 3.62e-05  maxQ +0.0027  changes   129  3.8 min
episode 366/1013  eps 0.036  train return   -0.78%  loss 3.46e-05  maxQ +0.0028  changes   129  3.9 min
episode 367/1013  eps 0.035  train return   -7.06%  loss 3.63e-05  maxQ +0.0029  changes   125  3.9 min
episode 368/1013  eps 0.035  train return  -29.00%  loss 3.77e-05  maxQ +0.0028  changes   145  3.9 min
episode 369/1013  eps 0.035  train return  +31.19%  loss 3.69e-05  maxQ +0.0029  changes   131  3.9 min
episode 370/1013  eps 0.034  train return   -2.87%  loss 3.74e-05  maxQ +0.0027  changes   150  3.9 min | val return -7.51% (best +16.50%)
episode 371/1013  eps 0.034  train return  -13.10%  loss 3.64e-05  maxQ +0.0025  changes   111  3.9 min
episode 372/1013  eps 0.034  train return  -10.92%  loss 3.61e-05  maxQ +0.0035  changes   151  3.9 min
episode 373/1013  eps 0.033  train return  -13.48%  loss 3.66e-05  maxQ +0.0034  changes   124  3.9 min
episode 374/1013  eps 0.033  train return   -5.77%  loss 3.92e-05  maxQ +0.0039  changes    75  3.9 min
episode 375/1013  eps 0.033  train return  -14.79%  loss 3.71e-05  maxQ +0.0040  changes   110  3.9 min
episode 376/1013  eps 0.032  train return   +1.79%  loss 3.70e-05  maxQ +0.0035  changes   169  4.0 min
episode 377/1013  eps 0.032  train return   -0.09%  loss 3.62e-05  maxQ +0.0034  changes   138  4.0 min
episode 378/1013  eps 0.032  train return  +29.41%  loss 3.48e-05  maxQ +0.0034  changes   148  4.0 min
episode 379/1013  eps 0.032  train return  +19.39%  loss 3.73e-05  maxQ +0.0033  changes   128  4.0 min
episode 380/1013  eps 0.031  train return  +40.69%  loss 3.62e-05  maxQ +0.0030  changes   183  4.0 min | val return -2.39% (best +16.50%)
episode 381/1013  eps 0.031  train return  -17.17%  loss 3.67e-05  maxQ +0.0029  changes   124  4.0 min
episode 382/1013  eps 0.031  train return  +12.17%  loss 3.57e-05  maxQ +0.0028  changes   140  4.0 min
episode 383/1013  eps 0.030  train return   -9.39%  loss 3.69e-05  maxQ +0.0022  changes   131  4.0 min
episode 384/1013  eps 0.030  train return   -1.18%  loss 3.63e-05  maxQ +0.0028  changes   109  4.0 min
episode 385/1013  eps 0.030  train return   +2.02%  loss 3.64e-05  maxQ +0.0028  changes   122  4.1 min
episode 386/1013  eps 0.030  train return  -16.65%  loss 3.76e-05  maxQ +0.0032  changes   134  4.1 min
episode 387/1013  eps 0.029  train return  +36.74%  loss 3.70e-05  maxQ +0.0031  changes   148  4.1 min
episode 388/1013  eps 0.029  train return   -0.34%  loss 3.76e-05  maxQ +0.0035  changes   104  4.1 min
episode 389/1013  eps 0.029  train return  +18.27%  loss 3.69e-05  maxQ +0.0033  changes   129  4.1 min
episode 390/1013  eps 0.029  train return  -30.62%  loss 3.83e-05  maxQ +0.0035  changes   152  4.1 min | val return -2.81% (best +16.50%)
episode 391/1013  eps 0.028  train return   -4.75%  loss 3.89e-05  maxQ +0.0036  changes   128  4.1 min
episode 392/1013  eps 0.028  train return  -11.99%  loss 3.62e-05  maxQ +0.0033  changes   175  4.1 min
episode 393/1013  eps 0.028  train return  -13.13%  loss 3.71e-05  maxQ +0.0031  changes   135  4.1 min
episode 394/1013  eps 0.028  train return  -15.69%  loss 3.97e-05  maxQ +0.0025  changes   146  4.1 min
episode 395/1013  eps 0.027  train return  -10.06%  loss 3.82e-05  maxQ +0.0026  changes   135  4.2 min
episode 396/1013  eps 0.027  train return   +6.52%  loss 3.90e-05  maxQ +0.0021  changes   122  4.2 min
episode 397/1013  eps 0.027  train return  -25.13%  loss 4.02e-05  maxQ +0.0023  changes    91  4.2 min
episode 398/1013  eps 0.027  train return   -5.61%  loss 3.89e-05  maxQ +0.0026  changes   138  4.2 min
episode 399/1013  eps 0.026  train return   +5.12%  loss 3.96e-05  maxQ +0.0027  changes   161  4.2 min
episode 400/1013  eps 0.026  train return  -13.92%  loss 3.88e-05  maxQ +0.0021  changes   122  4.2 min | val return -0.01% (best +16.50%)
episode 401/1013  eps 0.026  train return   -2.11%  loss 3.78e-05  maxQ +0.0020  changes   129  4.2 min
episode 402/1013  eps 0.026  train return  -22.82%  loss 3.98e-05  maxQ +0.0016  changes   118  4.2 min
episode 403/1013  eps 0.025  train return   -8.49%  loss 3.87e-05  maxQ +0.0024  changes   155  4.2 min
episode 404/1013  eps 0.025  train return   -4.04%  loss 3.84e-05  maxQ +0.0021  changes   131  4.3 min
episode 405/1013  eps 0.025  train return   -9.87%  loss 4.00e-05  maxQ +0.0022  changes    79  4.3 min
episode 406/1013  eps 0.025  train return   -5.46%  loss 3.84e-05  maxQ +0.0025  changes   109  4.3 min
episode 407/1013  eps 0.024  train return   -3.10%  loss 3.97e-05  maxQ +0.0033  changes   109  4.3 min
episode 408/1013  eps 0.024  train return   -9.42%  loss 3.95e-05  maxQ +0.0028  changes   109  4.3 min
episode 409/1013  eps 0.024  train return  -21.40%  loss 3.82e-05  maxQ +0.0029  changes    92  4.3 min
episode 410/1013  eps 0.024  train return   +4.45%  loss 3.99e-05  maxQ +0.0029  changes   129  4.3 min | val return -1.58% (best +16.50%)
episode 411/1013  eps 0.024  train return   -0.22%  loss 4.10e-05  maxQ +0.0033  changes   133  4.3 min
episode 412/1013  eps 0.023  train return  +22.85%  loss 3.94e-05  maxQ +0.0036  changes    76  4.3 min
episode 413/1013  eps 0.023  train return  +26.56%  loss 3.97e-05  maxQ +0.0030  changes   135  4.3 min
episode 414/1013  eps 0.023  train return  -33.07%  loss 3.87e-05  maxQ +0.0034  changes   113  4.4 min
episode 415/1013  eps 0.023  train return  +14.02%  loss 4.08e-05  maxQ +0.0031  changes   110  4.4 min
episode 416/1013  eps 0.023  train return  +10.24%  loss 3.99e-05  maxQ +0.0028  changes   105  4.4 min
episode 417/1013  eps 0.022  train return   -1.95%  loss 3.80e-05  maxQ +0.0033  changes   109  4.4 min
episode 418/1013  eps 0.022  train return  -12.40%  loss 3.85e-05  maxQ +0.0028  changes   117  4.4 min
episode 419/1013  eps 0.022  train return   +1.15%  loss 3.78e-05  maxQ +0.0023  changes    98  4.4 min
episode 420/1013  eps 0.022  train return   +2.25%  loss 3.81e-05  maxQ +0.0027  changes   150  4.4 min | val return -11.18% (best +16.50%)
episode 421/1013  eps 0.022  train return  +19.42%  loss 3.88e-05  maxQ +0.0025  changes   121  4.4 min
episode 422/1013  eps 0.021  train return  -13.26%  loss 3.79e-05  maxQ +0.0027  changes    92  4.4 min
episode 423/1013  eps 0.021  train return   -7.96%  loss 3.68e-05  maxQ +0.0025  changes   132  4.4 min
episode 424/1013  eps 0.021  train return   +0.93%  loss 3.79e-05  maxQ +0.0026  changes    94  4.5 min
episode 425/1013  eps 0.021  train return   -2.47%  loss 3.60e-05  maxQ +0.0021  changes   140  4.5 min
episode 426/1013  eps 0.021  train return  +16.28%  loss 3.66e-05  maxQ +0.0026  changes   154  4.5 min
episode 427/1013  eps 0.020  train return  -23.90%  loss 3.82e-05  maxQ +0.0024  changes   167  4.5 min
episode 428/1013  eps 0.020  train return   -7.20%  loss 3.76e-05  maxQ +0.0030  changes   162  4.5 min
episode 429/1013  eps 0.020  train return   -8.34%  loss 3.61e-05  maxQ +0.0022  changes   143  4.5 min
episode 430/1013  eps 0.020  train return   -3.24%  loss 3.87e-05  maxQ +0.0021  changes    84  4.5 min | val return +7.70% (best +16.50%)
episode 431/1013  eps 0.020  train return   +8.90%  loss 3.88e-05  maxQ +0.0025  changes   147  4.5 min
episode 432/1013  eps 0.019  train return  +27.75%  loss 4.01e-05  maxQ +0.0030  changes   150  4.5 min
episode 433/1013  eps 0.019  train return  -18.48%  loss 4.00e-05  maxQ +0.0025  changes   169  4.6 min
episode 434/1013  eps 0.019  train return   -3.54%  loss 4.19e-05  maxQ +0.0028  changes   151  4.6 min
episode 435/1013  eps 0.019  train return   -4.28%  loss 3.97e-05  maxQ +0.0025  changes   177  4.6 min
episode 436/1013  eps 0.019  train return   +6.42%  loss 4.02e-05  maxQ +0.0026  changes   125  4.6 min
episode 437/1013  eps 0.019  train return   -5.48%  loss 3.81e-05  maxQ +0.0025  changes   121  4.6 min
episode 438/1013  eps 0.018  train return  +16.79%  loss 3.77e-05  maxQ +0.0029  changes    90  4.6 min
episode 439/1013  eps 0.018  train return   -4.84%  loss 3.95e-05  maxQ +0.0037  changes   102  4.6 min
episode 440/1013  eps 0.018  train return  -22.08%  loss 3.88e-05  maxQ +0.0034  changes   154  4.6 min | val return +0.16% (best +16.50%)
episode 441/1013  eps 0.018  train return  +31.62%  loss 3.89e-05  maxQ +0.0033  changes   155  4.6 min
episode 442/1013  eps 0.018  train return   -5.11%  loss 3.89e-05  maxQ +0.0036  changes   125  4.6 min
episode 443/1013  eps 0.018  train return  -24.25%  loss 3.85e-05  maxQ +0.0035  changes    81  4.7 min
episode 444/1013  eps 0.017  train return   -3.78%  loss 3.72e-05  maxQ +0.0034  changes   134  4.7 min
episode 445/1013  eps 0.017  train return   -6.51%  loss 4.02e-05  maxQ +0.0034  changes   138  4.7 min
episode 446/1013  eps 0.017  train return  +13.68%  loss 3.88e-05  maxQ +0.0039  changes   109  4.7 min
episode 447/1013  eps 0.017  train return  +12.32%  loss 3.72e-05  maxQ +0.0033  changes   137  4.7 min
episode 448/1013  eps 0.017  train return   +5.72%  loss 3.88e-05  maxQ +0.0039  changes    70  4.7 min
episode 449/1013  eps 0.017  train return   +7.38%  loss 3.96e-05  maxQ +0.0035  changes   159  4.7 min
episode 450/1013  eps 0.016  train return   -5.08%  loss 3.73e-05  maxQ +0.0037  changes   105  4.7 min | val return -3.17% (best +16.50%)
episode 451/1013  eps 0.016  train return   +6.15%  loss 3.72e-05  maxQ +0.0033  changes   139  4.7 min
episode 452/1013  eps 0.016  train return   -0.30%  loss 4.04e-05  maxQ +0.0034  changes    98  4.7 min
episode 453/1013  eps 0.016  train return   -3.81%  loss 3.71e-05  maxQ +0.0034  changes   157  4.8 min
episode 454/1013  eps 0.016  train return   +4.68%  loss 3.78e-05  maxQ +0.0035  changes   183  4.8 min
episode 455/1013  eps 0.016  train return  +21.86%  loss 3.81e-05  maxQ +0.0032  changes   179  4.8 min
episode 456/1013  eps 0.016  train return   -1.62%  loss 3.85e-05  maxQ +0.0032  changes   170  4.8 min
episode 457/1013  eps 0.015  train return  +21.51%  loss 3.79e-05  maxQ +0.0030  changes   168  4.8 min
episode 458/1013  eps 0.015  train return  -15.80%  loss 3.78e-05  maxQ +0.0030  changes   245  4.8 min
episode 459/1013  eps 0.015  train return  +57.72%  loss 3.77e-05  maxQ +0.0037  changes   181  4.8 min
episode 460/1013  eps 0.015  train return  -10.56%  loss 3.90e-05  maxQ +0.0033  changes   261  4.8 min | val return -19.69% (best +16.50%)
episode 461/1013  eps 0.015  train return   -8.30%  loss 3.88e-05  maxQ +0.0039  changes   201  4.8 min
episode 462/1013  eps 0.015  train return   +6.69%  loss 3.92e-05  maxQ +0.0033  changes   241  4.8 min
episode 463/1013  eps 0.015  train return   +8.92%  loss 3.83e-05  maxQ +0.0028  changes    91  4.9 min
episode 464/1013  eps 0.015  train return   +1.13%  loss 3.77e-05  maxQ +0.0027  changes   111  4.9 min
episode 465/1013  eps 0.014  train return  -22.67%  loss 3.94e-05  maxQ +0.0034  changes    93  4.9 min
episode 466/1013  eps 0.014  train return   -6.18%  loss 3.86e-05  maxQ +0.0033  changes   144  4.9 min
episode 467/1013  eps 0.014  train return  -29.40%  loss 3.79e-05  maxQ +0.0035  changes   183  4.9 min
episode 468/1013  eps 0.014  train return   +6.94%  loss 3.77e-05  maxQ +0.0034  changes    98  4.9 min
episode 469/1013  eps 0.014  train return   -8.83%  loss 3.66e-05  maxQ +0.0027  changes   133  4.9 min
episode 470/1013  eps 0.014  train return  -50.49%  loss 3.68e-05  maxQ +0.0032  changes   118  4.9 min | val return -9.65% (best +16.50%)
episode 471/1013  eps 0.014  train return   -8.90%  loss 3.81e-05  maxQ +0.0028  changes   108  4.9 min
episode 472/1013  eps 0.013  train return  -15.15%  loss 3.77e-05  maxQ +0.0023  changes   126  4.9 min
episode 473/1013  eps 0.013  train return  -15.31%  loss 3.86e-05  maxQ +0.0028  changes   129  5.0 min
episode 474/1013  eps 0.013  train return  +13.45%  loss 3.91e-05  maxQ +0.0031  changes   135  5.0 min
episode 475/1013  eps 0.013  train return  +11.56%  loss 3.95e-05  maxQ +0.0030  changes   148  5.0 min
episode 476/1013  eps 0.013  train return  +32.40%  loss 3.83e-05  maxQ +0.0025  changes   142  5.0 min
episode 477/1013  eps 0.013  train return  +53.73%  loss 4.00e-05  maxQ +0.0024  changes   144  5.0 min
episode 478/1013  eps 0.013  train return   -8.52%  loss 4.22e-05  maxQ +0.0027  changes    62  5.0 min
episode 479/1013  eps 0.013  train return  +21.44%  loss 3.96e-05  maxQ +0.0034  changes   109  5.0 min
episode 480/1013  eps 0.013  train return   -1.06%  loss 4.06e-05  maxQ +0.0031  changes   111  5.0 min | val return -3.75% (best +16.50%)
episode 481/1013  eps 0.012  train return   +6.77%  loss 3.93e-05  maxQ +0.0031  changes   144  5.0 min
episode 482/1013  eps 0.012  train return   -1.89%  loss 4.10e-05  maxQ +0.0035  changes   104  5.0 min
episode 483/1013  eps 0.012  train return  +46.15%  loss 3.99e-05  maxQ +0.0037  changes   194  5.1 min
episode 484/1013  eps 0.012  train return  +49.97%  loss 4.25e-05  maxQ +0.0039  changes    93  5.1 min
episode 485/1013  eps 0.012  train return  -14.75%  loss 4.19e-05  maxQ +0.0035  changes    76  5.1 min
episode 486/1013  eps 0.012  train return  +44.73%  loss 4.37e-05  maxQ +0.0038  changes    99  5.1 min
episode 487/1013  eps 0.012  train return   -1.97%  loss 4.29e-05  maxQ +0.0045  changes    56  5.1 min
episode 488/1013  eps 0.012  train return  +21.86%  loss 4.30e-05  maxQ +0.0042  changes   217  5.1 min
episode 489/1013  eps 0.012  train return   -6.01%  loss 4.07e-05  maxQ +0.0036  changes   206  5.1 min
episode 490/1013  eps 0.011  train return  -18.99%  loss 4.25e-05  maxQ +0.0036  changes   109  5.1 min | val return -4.00% (best +16.50%)
episode 491/1013  eps 0.011  train return  +13.61%  loss 4.17e-05  maxQ +0.0031  changes   110  5.1 min
episode 492/1013  eps 0.011  train return   -9.65%  loss 4.39e-05  maxQ +0.0030  changes   201  5.2 min
episode 493/1013  eps 0.011  train return   +3.25%  loss 4.27e-05  maxQ +0.0034  changes   139  5.2 min
episode 494/1013  eps 0.011  train return  +38.68%  loss 4.49e-05  maxQ +0.0035  changes   156  5.2 min
episode 495/1013  eps 0.011  train return   +0.64%  loss 4.51e-05  maxQ +0.0039  changes   167  5.2 min
episode 496/1013  eps 0.011  train return  +31.21%  loss 4.65e-05  maxQ +0.0034  changes   101  5.2 min
episode 497/1013  eps 0.011  train return  +16.75%  loss 4.53e-05  maxQ +0.0035  changes   114  5.2 min
episode 498/1013  eps 0.011  train return   -3.41%  loss 4.58e-05  maxQ +0.0029  changes   142  5.2 min
episode 499/1013  eps 0.011  train return  +13.21%  loss 4.52e-05  maxQ +0.0029  changes   137  5.2 min
episode 500/1013  eps 0.010  train return   +5.74%  loss 4.64e-05  maxQ +0.0027  changes   158  5.2 min | val return +0.34% (best +16.50%)
episode 501/1013  eps 0.010  train return  -18.08%  loss 4.70e-05  maxQ +0.0036  changes   137  5.3 min
episode 502/1013  eps 0.010  train return  +10.80%  loss 4.67e-05  maxQ +0.0032  changes   130  5.3 min
episode 503/1013  eps 0.010  train return   -3.09%  loss 4.48e-05  maxQ +0.0036  changes   143  5.3 min
episode 504/1013  eps 0.010  train return  +13.93%  loss 4.56e-05  maxQ +0.0040  changes    97  5.3 min
episode 505/1013  eps 0.010  train return  -10.01%  loss 4.68e-05  maxQ +0.0040  changes   164  5.3 min
episode 506/1013  eps 0.010  train return  +22.01%  loss 4.77e-05  maxQ +0.0028  changes   155  5.3 min
episode 507/1013  eps 0.010  train return  -52.19%  loss 4.64e-05  maxQ +0.0042  changes   167  5.3 min
episode 508/1013  eps 0.010  train return  +11.57%  loss 4.72e-05  maxQ +0.0032  changes   109  5.3 min
episode 509/1013  eps 0.010  train return   -1.49%  loss 4.99e-05  maxQ +0.0033  changes   141  5.3 min
episode 510/1013  eps 0.010  train return  +11.23%  loss 4.69e-05  maxQ +0.0036  changes   208  5.3 min | val return +7.09% (best +16.50%)
episode 511/1013  eps 0.010  train return   +1.54%  loss 5.11e-05  maxQ +0.0039  changes   150  5.4 min
episode 512/1013  eps 0.010  train return  -12.33%  loss 5.07e-05  maxQ +0.0028  changes   108  5.4 min
episode 513/1013  eps 0.010  train return   +2.71%  loss 4.85e-05  maxQ +0.0033  changes   110  5.4 min
episode 514/1013  eps 0.010  train return  -13.16%  loss 5.22e-05  maxQ +0.0037  changes    61  5.4 min
episode 515/1013  eps 0.010  train return  -33.58%  loss 5.05e-05  maxQ +0.0030  changes   134  5.4 min
episode 516/1013  eps 0.010  train return   -6.25%  loss 5.05e-05  maxQ +0.0030  changes   118  5.4 min
episode 517/1013  eps 0.010  train return  +21.31%  loss 5.07e-05  maxQ +0.0031  changes    75  5.4 min
episode 518/1013  eps 0.010  train return   +6.10%  loss 4.88e-05  maxQ +0.0035  changes    86  5.4 min
episode 519/1013  eps 0.010  train return   -2.50%  loss 5.18e-05  maxQ +0.0033  changes   105  5.4 min
episode 520/1013  eps 0.010  train return   +1.39%  loss 5.20e-05  maxQ +0.0034  changes   124  5.4 min | val return -7.68% (best +16.50%)
episode 521/1013  eps 0.010  train return   +4.26%  loss 5.29e-05  maxQ +0.0033  changes   120  5.5 min
episode 522/1013  eps 0.010  train return   -1.16%  loss 4.95e-05  maxQ +0.0031  changes   111  5.5 min
episode 523/1013  eps 0.010  train return   +7.16%  loss 5.00e-05  maxQ +0.0035  changes   118  5.5 min
episode 524/1013  eps 0.010  train return  -13.59%  loss 5.14e-05  maxQ +0.0048  changes   127  5.5 min
episode 525/1013  eps 0.010  train return  +27.20%  loss 5.35e-05  maxQ +0.0044  changes   168  5.5 min
episode 526/1013  eps 0.010  train return  +35.28%  loss 4.87e-05  maxQ +0.0042  changes    93  5.5 min
episode 527/1013  eps 0.010  train return  +15.63%  loss 5.04e-05  maxQ +0.0045  changes    92  5.5 min
episode 528/1013  eps 0.010  train return  +44.96%  loss 5.31e-05  maxQ +0.0042  changes   102  5.5 min
episode 529/1013  eps 0.010  train return   +1.46%  loss 4.97e-05  maxQ +0.0035  changes    79  5.5 min
episode 530/1013  eps 0.010  train return  +34.16%  loss 4.85e-05  maxQ +0.0037  changes   122  5.5 min | val return +1.25% (best +16.50%)
episode 531/1013  eps 0.010  train return   +0.30%  loss 5.31e-05  maxQ +0.0036  changes    95  5.6 min
episode 532/1013  eps 0.010  train return  +34.47%  loss 5.09e-05  maxQ +0.0038  changes    68  5.6 min
episode 533/1013  eps 0.010  train return  -11.61%  loss 4.95e-05  maxQ +0.0036  changes   173  5.6 min
episode 534/1013  eps 0.010  train return   -1.02%  loss 5.02e-05  maxQ +0.0034  changes    91  5.6 min
episode 535/1013  eps 0.010  train return  +10.41%  loss 5.16e-05  maxQ +0.0030  changes   129  5.6 min
episode 536/1013  eps 0.010  train return  +25.02%  loss 4.86e-05  maxQ +0.0035  changes   102  5.6 min
episode 537/1013  eps 0.010  train return  -21.27%  loss 5.02e-05  maxQ +0.0033  changes   116  5.6 min
episode 538/1013  eps 0.010  train return  +19.33%  loss 5.28e-05  maxQ +0.0041  changes    73  5.6 min
episode 539/1013  eps 0.010  train return   -8.08%  loss 5.26e-05  maxQ +0.0040  changes    81  5.6 min
episode 540/1013  eps 0.010  train return   -1.49%  loss 5.23e-05  maxQ +0.0040  changes    98  5.7 min | val return +5.10% (best +16.50%)
episode 541/1013  eps 0.010  train return  -21.42%  loss 5.30e-05  maxQ +0.0039  changes   126  5.7 min
episode 542/1013  eps 0.010  train return   +6.37%  loss 5.11e-05  maxQ +0.0031  changes   152  5.7 min
episode 543/1013  eps 0.010  train return  +16.80%  loss 5.32e-05  maxQ +0.0025  changes   102  5.7 min
episode 544/1013  eps 0.010  train return   -1.89%  loss 5.12e-05  maxQ +0.0036  changes    78  5.7 min
episode 545/1013  eps 0.010  train return  -22.17%  loss 4.91e-05  maxQ +0.0029  changes   112  5.7 min
episode 546/1013  eps 0.010  train return  -24.99%  loss 5.08e-05  maxQ +0.0033  changes   126  5.7 min
episode 547/1013  eps 0.010  train return  -23.61%  loss 5.05e-05  maxQ +0.0036  changes   149  5.7 min
episode 548/1013  eps 0.010  train return   -5.32%  loss 4.90e-05  maxQ +0.0032  changes   110  5.7 min
episode 549/1013  eps 0.010  train return   -8.13%  loss 5.21e-05  maxQ +0.0032  changes   134  5.7 min
episode 550/1013  eps 0.010  train return  +11.02%  loss 4.99e-05  maxQ +0.0033  changes    86  5.8 min | val return +0.11% (best +16.50%)
episode 551/1013  eps 0.010  train return  +13.36%  loss 5.06e-05  maxQ +0.0035  changes    99  5.8 min
episode 552/1013  eps 0.010  train return  +15.04%  loss 4.81e-05  maxQ +0.0033  changes    71  5.8 min
episode 553/1013  eps 0.010  train return   +0.25%  loss 4.86e-05  maxQ +0.0031  changes   161  5.8 min
episode 554/1013  eps 0.010  train return   -2.90%  loss 5.24e-05  maxQ +0.0029  changes   134  5.8 min
episode 555/1013  eps 0.010  train return  +13.11%  loss 4.73e-05  maxQ +0.0036  changes   143  5.8 min
episode 556/1013  eps 0.010  train return   +8.99%  loss 4.78e-05  maxQ +0.0036  changes   105  5.8 min
episode 557/1013  eps 0.010  train return  -14.63%  loss 4.81e-05  maxQ +0.0031  changes   136  5.8 min
episode 558/1013  eps 0.010  train return  -16.10%  loss 4.89e-05  maxQ +0.0032  changes   134  5.8 min
episode 559/1013  eps 0.010  train return  +17.63%  loss 4.85e-05  maxQ +0.0033  changes   101  5.8 min
episode 560/1013  eps 0.010  train return  +12.41%  loss 4.94e-05  maxQ +0.0031  changes   109  5.9 min | val return -12.47% (best +16.50%)
episode 561/1013  eps 0.010  train return  +28.62%  loss 4.75e-05  maxQ +0.0031  changes   167  5.9 min
episode 562/1013  eps 0.010  train return   +1.66%  loss 4.98e-05  maxQ +0.0039  changes   135  5.9 min
episode 563/1013  eps 0.010  train return  +19.39%  loss 4.85e-05  maxQ +0.0033  changes    91  5.9 min
episode 564/1013  eps 0.010  train return   +8.34%  loss 4.81e-05  maxQ +0.0034  changes   132  5.9 min
episode 565/1013  eps 0.010  train return  +16.56%  loss 4.61e-05  maxQ +0.0032  changes   105  5.9 min
episode 566/1013  eps 0.010  train return   -5.54%  loss 4.55e-05  maxQ +0.0035  changes    68  5.9 min
episode 567/1013  eps 0.010  train return  -22.44%  loss 4.63e-05  maxQ +0.0031  changes   119  5.9 min
episode 568/1013  eps 0.010  train return  -11.28%  loss 4.69e-05  maxQ +0.0031  changes   122  5.9 min
episode 569/1013  eps 0.010  train return   -1.88%  loss 4.65e-05  maxQ +0.0027  changes    89  6.0 min
episode 570/1013  eps 0.010  train return   +4.53%  loss 4.94e-05  maxQ +0.0026  changes   129  6.0 min | val return -0.18% (best +16.50%)
episode 571/1013  eps 0.010  train return   -8.17%  loss 4.71e-05  maxQ +0.0023  changes    87  6.0 min
episode 572/1013  eps 0.010  train return  -15.97%  loss 4.66e-05  maxQ +0.0023  changes    92  6.0 min
episode 573/1013  eps 0.010  train return  +10.53%  loss 4.73e-05  maxQ +0.0024  changes   129  6.0 min
episode 574/1013  eps 0.010  train return   +5.74%  loss 4.59e-05  maxQ +0.0025  changes   110  6.0 min
episode 575/1013  eps 0.010  train return  +12.57%  loss 4.52e-05  maxQ +0.0029  changes   117  6.0 min
episode 576/1013  eps 0.010  train return  -20.11%  loss 4.39e-05  maxQ +0.0034  changes    77  6.0 min
episode 577/1013  eps 0.010  train return   -3.73%  loss 4.22e-05  maxQ +0.0033  changes   107  6.0 min
episode 578/1013  eps 0.010  train return   -5.69%  loss 4.14e-05  maxQ +0.0027  changes    69  6.1 min
episode 579/1013  eps 0.010  train return  -38.15%  loss 4.18e-05  maxQ +0.0031  changes    85  6.1 min
episode 580/1013  eps 0.010  train return   +0.88%  loss 4.28e-05  maxQ +0.0031  changes    97  6.1 min | val return -7.93% (best +16.50%)
episode 581/1013  eps 0.010  train return   +4.24%  loss 4.11e-05  maxQ +0.0026  changes    94  6.1 min
episode 582/1013  eps 0.010  train return  +34.10%  loss 4.20e-05  maxQ +0.0023  changes   117  6.1 min
episode 583/1013  eps 0.010  train return  +23.61%  loss 4.17e-05  maxQ +0.0026  changes    99  6.1 min
episode 584/1013  eps 0.010  train return  +13.42%  loss 4.08e-05  maxQ +0.0024  changes   125  6.1 min
episode 585/1013  eps 0.010  train return  +11.10%  loss 4.29e-05  maxQ +0.0032  changes   133  6.1 min
episode 586/1013  eps 0.010  train return   +2.10%  loss 4.18e-05  maxQ +0.0030  changes   112  6.1 min
episode 587/1013  eps 0.010  train return   -9.04%  loss 4.30e-05  maxQ +0.0029  changes   147  6.2 min
episode 588/1013  eps 0.010  train return  -26.66%  loss 4.11e-05  maxQ +0.0039  changes    77  6.2 min
episode 589/1013  eps 0.010  train return   +2.39%  loss 4.06e-05  maxQ +0.0034  changes    90  6.2 min
episode 590/1013  eps 0.010  train return   -3.06%  loss 4.01e-05  maxQ +0.0034  changes   115  6.2 min | val return -8.61% (best +16.50%)
episode 591/1013  eps 0.010  train return   +9.63%  loss 3.93e-05  maxQ +0.0033  changes   113  6.2 min
episode 592/1013  eps 0.010  train return   -5.08%  loss 4.04e-05  maxQ +0.0035  changes   129  6.2 min
episode 593/1013  eps 0.010  train return  +11.21%  loss 3.92e-05  maxQ +0.0033  changes   113  6.2 min
episode 594/1013  eps 0.010  train return  -15.71%  loss 3.97e-05  maxQ +0.0031  changes   197  6.2 min
episode 595/1013  eps 0.010  train return  +16.74%  loss 4.15e-05  maxQ +0.0032  changes   144  6.2 min
episode 596/1013  eps 0.010  train return  +25.99%  loss 3.92e-05  maxQ +0.0035  changes   220  6.3 min
episode 597/1013  eps 0.010  train return  -10.33%  loss 4.27e-05  maxQ +0.0043  changes   129  6.3 min
episode 598/1013  eps 0.010  train return  +32.25%  loss 4.01e-05  maxQ +0.0039  changes   108  6.3 min
episode 599/1013  eps 0.010  train return  -12.16%  loss 3.88e-05  maxQ +0.0044  changes   183  6.3 min
episode 600/1013  eps 0.010  train return   +0.88%  loss 3.99e-05  maxQ +0.0040  changes   148  6.3 min | val return +4.09% (best +16.50%)
episode 601/1013  eps 0.010  train return  -10.64%  loss 3.90e-05  maxQ +0.0036  changes   172  6.3 min
episode 602/1013  eps 0.010  train return   -6.85%  loss 3.82e-05  maxQ +0.0033  changes   106  6.3 min
episode 603/1013  eps 0.010  train return  -11.32%  loss 3.81e-05  maxQ +0.0033  changes   137  6.3 min
episode 604/1013  eps 0.010  train return  -14.84%  loss 3.75e-05  maxQ +0.0034  changes   184  6.3 min
episode 605/1013  eps 0.010  train return  -24.04%  loss 3.87e-05  maxQ +0.0035  changes   151  6.3 min
episode 606/1013  eps 0.010  train return  -24.11%  loss 4.07e-05  maxQ +0.0031  changes   108  6.4 min
episode 607/1013  eps 0.010  train return  -13.22%  loss 3.99e-05  maxQ +0.0031  changes   117  6.4 min
episode 608/1013  eps 0.010  train return  -12.70%  loss 3.84e-05  maxQ +0.0026  changes    90  6.4 min
episode 609/1013  eps 0.010  train return   +2.60%  loss 3.62e-05  maxQ +0.0030  changes   118  6.4 min
episode 610/1013  eps 0.010  train return  -11.55%  loss 3.83e-05  maxQ +0.0033  changes   108  6.4 min | val return -1.83% (best +16.50%)
episode 611/1013  eps 0.010  train return   -5.20%  loss 3.87e-05  maxQ +0.0028  changes   117  6.4 min
episode 612/1013  eps 0.010  train return  +39.30%  loss 3.83e-05  maxQ +0.0029  changes   122  6.4 min
episode 613/1013  eps 0.010  train return   -4.53%  loss 3.76e-05  maxQ +0.0029  changes   127  6.4 min
episode 614/1013  eps 0.010  train return  -26.14%  loss 4.02e-05  maxQ +0.0026  changes   121  6.4 min
episode 615/1013  eps 0.010  train return   -9.52%  loss 3.95e-05  maxQ +0.0023  changes    99  6.5 min
episode 616/1013  eps 0.010  train return  -14.01%  loss 3.86e-05  maxQ +0.0023  changes    87  6.5 min
episode 617/1013  eps 0.010  train return  -21.00%  loss 3.69e-05  maxQ +0.0023  changes   101  6.5 min
episode 618/1013  eps 0.010  train return  +28.65%  loss 3.90e-05  maxQ +0.0029  changes   138  6.5 min
episode 619/1013  eps 0.010  train return   +0.59%  loss 3.90e-05  maxQ +0.0029  changes   117  6.5 min
episode 620/1013  eps 0.010  train return   +2.11%  loss 3.80e-05  maxQ +0.0026  changes    81  6.5 min | val return -10.94% (best +16.50%)
episode 621/1013  eps 0.010  train return  -11.36%  loss 3.94e-05  maxQ +0.0028  changes   120  6.5 min
episode 622/1013  eps 0.010  train return   -4.83%  loss 3.92e-05  maxQ +0.0032  changes    92  6.5 min
episode 623/1013  eps 0.010  train return  -19.48%  loss 3.98e-05  maxQ +0.0026  changes   105  6.5 min
episode 624/1013  eps 0.010  train return  +23.74%  loss 3.78e-05  maxQ +0.0025  changes   118  6.5 min
episode 625/1013  eps 0.010  train return  -16.60%  loss 3.93e-05  maxQ +0.0027  changes   121  6.6 min
episode 626/1013  eps 0.010  train return  -15.36%  loss 3.96e-05  maxQ +0.0028  changes   108  6.6 min
episode 627/1013  eps 0.010  train return   +2.40%  loss 3.76e-05  maxQ +0.0024  changes    87  6.6 min
episode 628/1013  eps 0.010  train return  -11.26%  loss 3.72e-05  maxQ +0.0024  changes   111  6.6 min
episode 629/1013  eps 0.010  train return  +23.64%  loss 3.82e-05  maxQ +0.0025  changes    72  6.6 min
episode 630/1013  eps 0.010  train return   +2.47%  loss 3.73e-05  maxQ +0.0024  changes    67  6.6 min | val return +5.51% (best +16.50%)
episode 631/1013  eps 0.010  train return   -0.86%  loss 3.70e-05  maxQ +0.0025  changes   126  6.6 min
episode 632/1013  eps 0.010  train return   +3.50%  loss 3.80e-05  maxQ +0.0028  changes   114  6.6 min
episode 633/1013  eps 0.010  train return  +18.56%  loss 3.60e-05  maxQ +0.0026  changes   124  6.6 min
episode 634/1013  eps 0.010  train return  -23.75%  loss 3.51e-05  maxQ +0.0027  changes   149  6.7 min
episode 635/1013  eps 0.010  train return  -18.40%  loss 3.52e-05  maxQ +0.0025  changes   138  6.7 min
episode 636/1013  eps 0.010  train return  +20.81%  loss 3.72e-05  maxQ +0.0025  changes   108  6.7 min
episode 637/1013  eps 0.010  train return  +14.00%  loss 3.67e-05  maxQ +0.0029  changes   104  6.7 min
episode 638/1013  eps 0.010  train return   +8.63%  loss 3.40e-05  maxQ +0.0024  changes   117  6.7 min
episode 639/1013  eps 0.010  train return   +7.84%  loss 3.58e-05  maxQ +0.0026  changes   136  6.7 min
episode 640/1013  eps 0.010  train return  +11.45%  loss 3.35e-05  maxQ +0.0022  changes    76  6.7 min | val return -0.07% (best +16.50%)
episode 641/1013  eps 0.010  train return  +11.00%  loss 3.54e-05  maxQ +0.0029  changes   102  6.7 min
episode 642/1013  eps 0.010  train return   +9.17%  loss 3.32e-05  maxQ +0.0024  changes    61  6.7 min
episode 643/1013  eps 0.010  train return   +1.31%  loss 3.52e-05  maxQ +0.0022  changes    83  6.8 min
episode 644/1013  eps 0.010  train return   -9.47%  loss 3.44e-05  maxQ +0.0027  changes    70  6.8 min
episode 645/1013  eps 0.010  train return   -2.17%  loss 3.34e-05  maxQ +0.0023  changes   118  6.8 min
episode 646/1013  eps 0.010  train return  +44.88%  loss 3.22e-05  maxQ +0.0023  changes   107  6.8 min
episode 647/1013  eps 0.010  train return   -4.36%  loss 3.27e-05  maxQ +0.0024  changes    72  6.8 min
episode 648/1013  eps 0.010  train return  +30.18%  loss 3.43e-05  maxQ +0.0024  changes   125  6.8 min
episode 649/1013  eps 0.010  train return   +6.32%  loss 3.46e-05  maxQ +0.0027  changes    91  6.8 min
episode 650/1013  eps 0.010  train return   -8.28%  loss 3.43e-05  maxQ +0.0031  changes    92  6.8 min | val return -1.49% (best +16.50%)
episode 651/1013  eps 0.010  train return  +14.43%  loss 3.41e-05  maxQ +0.0027  changes   124  6.8 min
episode 652/1013  eps 0.010  train return  +11.04%  loss 3.36e-05  maxQ +0.0026  changes   146  6.9 min
episode 653/1013  eps 0.010  train return   -3.08%  loss 3.21e-05  maxQ +0.0029  changes   125  6.9 min
episode 654/1013  eps 0.010  train return  +18.17%  loss 3.45e-05  maxQ +0.0027  changes    93  6.9 min
episode 655/1013  eps 0.010  train return  +48.46%  loss 3.48e-05  maxQ +0.0030  changes   150  6.9 min
episode 656/1013  eps 0.010  train return  +21.35%  loss 3.27e-05  maxQ +0.0025  changes   162  6.9 min
episode 657/1013  eps 0.010  train return  +57.43%  loss 3.47e-05  maxQ +0.0026  changes   159  6.9 min
episode 658/1013  eps 0.010  train return  +35.09%  loss 3.34e-05  maxQ +0.0028  changes   131  6.9 min
episode 659/1013  eps 0.010  train return  -40.13%  loss 3.45e-05  maxQ +0.0033  changes   107  6.9 min
episode 660/1013  eps 0.010  train return   -9.07%  loss 3.36e-05  maxQ +0.0035  changes    83  6.9 min | val return -10.53% (best +16.50%)
episode 661/1013  eps 0.010  train return  +11.81%  loss 3.49e-05  maxQ +0.0033  changes   106  7.0 min
episode 662/1013  eps 0.010  train return  +14.10%  loss 3.50e-05  maxQ +0.0027  changes   117  7.0 min
episode 663/1013  eps 0.010  train return   +1.89%  loss 3.61e-05  maxQ +0.0030  changes   112  7.0 min
episode 664/1013  eps 0.010  train return   -9.55%  loss 3.39e-05  maxQ +0.0030  changes   156  7.0 min
episode 665/1013  eps 0.010  train return  -13.13%  loss 3.65e-05  maxQ +0.0030  changes   145  7.0 min
episode 666/1013  eps 0.010  train return  -11.10%  loss 3.51e-05  maxQ +0.0028  changes   138  7.0 min
episode 667/1013  eps 0.010  train return   -2.97%  loss 3.68e-05  maxQ +0.0027  changes   142  7.0 min
episode 668/1013  eps 0.010  train return  -14.01%  loss 3.55e-05  maxQ +0.0022  changes   113  7.0 min
episode 669/1013  eps 0.010  train return   +2.51%  loss 3.55e-05  maxQ +0.0031  changes   179  7.1 min
episode 670/1013  eps 0.010  train return  +32.71%  loss 3.43e-05  maxQ +0.0030  changes   264  7.1 min | val return -22.00% (best +16.50%)
episode 671/1013  eps 0.010  train return  -21.24%  loss 3.55e-05  maxQ +0.0034  changes   217  7.1 min
episode 672/1013  eps 0.010  train return   +5.02%  loss 3.60e-05  maxQ +0.0039  changes   148  7.1 min
episode 673/1013  eps 0.010  train return   +6.48%  loss 3.58e-05  maxQ +0.0036  changes   152  7.1 min
episode 674/1013  eps 0.010  train return   +5.71%  loss 3.63e-05  maxQ +0.0033  changes   178  7.1 min
episode 675/1013  eps 0.010  train return  +24.61%  loss 3.56e-05  maxQ +0.0037  changes   165  7.1 min
episode 676/1013  eps 0.010  train return  -25.68%  loss 3.49e-05  maxQ +0.0042  changes   229  7.2 min
episode 677/1013  eps 0.010  train return   +2.00%  loss 3.47e-05  maxQ +0.0044  changes   195  7.2 min
episode 678/1013  eps 0.010  train return  +23.43%  loss 3.44e-05  maxQ +0.0035  changes   195  7.2 min
episode 679/1013  eps 0.010  train return   +3.56%  loss 3.55e-05  maxQ +0.0036  changes   182  7.2 min
episode 680/1013  eps 0.010  train return   -0.22%  loss 3.56e-05  maxQ +0.0034  changes   197  7.2 min | val return -24.65% (best +16.50%)
episode 681/1013  eps 0.010  train return  +41.63%  loss 3.67e-05  maxQ +0.0035  changes   225  7.2 min
episode 682/1013  eps 0.010  train return  -12.55%  loss 3.61e-05  maxQ +0.0034  changes   236  7.2 min
episode 683/1013  eps 0.010  train return   +5.78%  loss 3.81e-05  maxQ +0.0036  changes   205  7.2 min
episode 684/1013  eps 0.010  train return  -16.47%  loss 3.47e-05  maxQ +0.0035  changes   138  7.3 min
episode 685/1013  eps 0.010  train return  +16.75%  loss 3.50e-05  maxQ +0.0037  changes   187  7.3 min
episode 686/1013  eps 0.010  train return   +1.29%  loss 3.67e-05  maxQ +0.0036  changes   163  7.3 min
episode 687/1013  eps 0.010  train return  +36.37%  loss 3.61e-05  maxQ +0.0041  changes   168  7.3 min
episode 688/1013  eps 0.010  train return   -6.08%  loss 3.65e-05  maxQ +0.0038  changes   123  7.3 min
episode 689/1013  eps 0.010  train return   +6.47%  loss 3.58e-05  maxQ +0.0034  changes   136  7.3 min
episode 690/1013  eps 0.010  train return   -8.12%  loss 3.75e-05  maxQ +0.0035  changes   113  7.3 min | val return +6.13% (best +16.50%)
episode 691/1013  eps 0.010  train return  -18.47%  loss 3.65e-05  maxQ +0.0035  changes   133  7.3 min
episode 692/1013  eps 0.010  train return  -14.80%  loss 3.73e-05  maxQ +0.0031  changes   186  7.3 min
episode 693/1013  eps 0.010  train return   +6.90%  loss 3.58e-05  maxQ +0.0030  changes   160  7.4 min
episode 694/1013  eps 0.010  train return  +14.00%  loss 3.53e-05  maxQ +0.0030  changes   158  7.4 min
episode 695/1013  eps 0.010  train return   -0.45%  loss 3.57e-05  maxQ +0.0033  changes   109  7.4 min
episode 696/1013  eps 0.010  train return  -15.72%  loss 3.80e-05  maxQ +0.0036  changes   127  7.4 min
episode 697/1013  eps 0.010  train return  -18.72%  loss 3.66e-05  maxQ +0.0035  changes   121  7.4 min
episode 698/1013  eps 0.010  train return  +14.68%  loss 3.69e-05  maxQ +0.0037  changes   193  7.4 min
episode 699/1013  eps 0.010  train return  -20.62%  loss 3.81e-05  maxQ +0.0035  changes   124  7.4 min
episode 700/1013  eps 0.010  train return   -0.29%  loss 3.78e-05  maxQ +0.0033  changes   125  7.5 min | val return -12.51% (best +16.50%)
episode 701/1013  eps 0.010  train return   +3.98%  loss 3.79e-05  maxQ +0.0035  changes   153  7.5 min
episode 702/1013  eps 0.010  train return  +14.96%  loss 3.96e-05  maxQ +0.0040  changes   192  7.5 min
episode 703/1013  eps 0.010  train return   -2.48%  loss 3.82e-05  maxQ +0.0037  changes   204  7.5 min
episode 704/1013  eps 0.010  train return   +0.49%  loss 3.92e-05  maxQ +0.0037  changes   156  7.5 min
episode 705/1013  eps 0.010  train return   -9.13%  loss 3.73e-05  maxQ +0.0037  changes   184  7.5 min
episode 706/1013  eps 0.010  train return  -14.45%  loss 4.08e-05  maxQ +0.0038  changes   135  7.5 min
episode 707/1013  eps 0.010  train return  +18.20%  loss 3.88e-05  maxQ +0.0037  changes   198  7.6 min
episode 708/1013  eps 0.010  train return  +11.12%  loss 3.94e-05  maxQ +0.0037  changes   142  7.6 min
episode 709/1013  eps 0.010  train return  -21.42%  loss 3.87e-05  maxQ +0.0034  changes   128  7.6 min
episode 710/1013  eps 0.010  train return   +7.17%  loss 3.91e-05  maxQ +0.0032  changes   117  7.6 min | val return +2.09% (best +16.50%)
episode 711/1013  eps 0.010  train return   +9.35%  loss 3.88e-05  maxQ +0.0033  changes   152  7.7 min
episode 712/1013  eps 0.010  train return   +0.88%  loss 4.17e-05  maxQ +0.0037  changes   166  7.7 min
episode 713/1013  eps 0.010  train return  +44.35%  loss 4.14e-05  maxQ +0.0035  changes   153  7.7 min
episode 714/1013  eps 0.010  train return   -9.45%  loss 3.97e-05  maxQ +0.0033  changes   122  7.7 min
episode 715/1013  eps 0.010  train return   -3.03%  loss 4.19e-05  maxQ +0.0033  changes   114  7.7 min
episode 716/1013  eps 0.010  train return   +6.55%  loss 3.94e-05  maxQ +0.0034  changes   125  7.7 min
episode 717/1013  eps 0.010  train return  +17.33%  loss 3.99e-05  maxQ +0.0033  changes   121  7.8 min
episode 718/1013  eps 0.010  train return   -5.78%  loss 3.89e-05  maxQ +0.0039  changes   108  7.8 min
episode 719/1013  eps 0.010  train return   -5.04%  loss 3.97e-05  maxQ +0.0038  changes   138  7.8 min
episode 720/1013  eps 0.010  train return   +7.82%  loss 3.98e-05  maxQ +0.0038  changes   189  7.8 min | val return -21.32% (best +16.50%)
episode 721/1013  eps 0.010  train return   -1.19%  loss 3.96e-05  maxQ +0.0039  changes   173  7.8 min
episode 722/1013  eps 0.010  train return  +70.64%  loss 4.06e-05  maxQ +0.0041  changes   196  7.8 min
episode 723/1013  eps 0.010  train return  -27.39%  loss 4.07e-05  maxQ +0.0041  changes   234  7.8 min
episode 724/1013  eps 0.010  train return  -18.71%  loss 4.33e-05  maxQ +0.0038  changes   181  7.8 min
episode 725/1013  eps 0.010  train return  +15.76%  loss 4.38e-05  maxQ +0.0033  changes   203  7.9 min
episode 726/1013  eps 0.010  train return  -12.45%  loss 4.33e-05  maxQ +0.0038  changes   188  7.9 min
episode 727/1013  eps 0.010  train return  +16.75%  loss 4.30e-05  maxQ +0.0036  changes   142  7.9 min
episode 728/1013  eps 0.010  train return   -6.64%  loss 4.04e-05  maxQ +0.0037  changes   198  7.9 min
episode 729/1013  eps 0.010  train return  -17.04%  loss 4.01e-05  maxQ +0.0036  changes   196  7.9 min
episode 730/1013  eps 0.010  train return  -18.16%  loss 4.22e-05  maxQ +0.0035  changes   106  7.9 min | val return -13.43% (best +16.50%)
episode 731/1013  eps 0.010  train return  -15.64%  loss 4.24e-05  maxQ +0.0036  changes   183  7.9 min
episode 732/1013  eps 0.010  train return   +9.21%  loss 4.08e-05  maxQ +0.0036  changes   195  7.9 min
episode 733/1013  eps 0.010  train return   +1.45%  loss 4.12e-05  maxQ +0.0032  changes   158  8.0 min
episode 734/1013  eps 0.010  train return   -8.27%  loss 4.07e-05  maxQ +0.0027  changes   163  8.0 min
episode 735/1013  eps 0.010  train return  +16.73%  loss 4.08e-05  maxQ +0.0028  changes   167  8.0 min
episode 736/1013  eps 0.010  train return   -4.05%  loss 4.07e-05  maxQ +0.0031  changes   167  8.0 min
episode 737/1013  eps 0.010  train return  -10.39%  loss 4.23e-05  maxQ +0.0032  changes   232  8.0 min
episode 738/1013  eps 0.010  train return   +2.71%  loss 4.16e-05  maxQ +0.0029  changes   142  8.0 min
episode 739/1013  eps 0.010  train return  -26.74%  loss 3.96e-05  maxQ +0.0033  changes   139  8.0 min
episode 740/1013  eps 0.010  train return   +6.11%  loss 4.01e-05  maxQ +0.0033  changes   185  8.1 min | val return -5.79% (best +16.50%)
episode 741/1013  eps 0.010  train return  -25.94%  loss 4.19e-05  maxQ +0.0032  changes   122  8.1 min
episode 742/1013  eps 0.010  train return  +41.19%  loss 4.05e-05  maxQ +0.0028  changes   144  8.1 min
episode 743/1013  eps 0.010  train return  -26.34%  loss 4.02e-05  maxQ +0.0029  changes   164  8.1 min
episode 744/1013  eps 0.010  train return  +14.68%  loss 4.12e-05  maxQ +0.0025  changes   105  8.1 min
episode 745/1013  eps 0.010  train return   +0.22%  loss 3.99e-05  maxQ +0.0027  changes   178  8.1 min
episode 746/1013  eps 0.010  train return  -35.38%  loss 4.04e-05  maxQ +0.0026  changes   107  8.1 min
episode 747/1013  eps 0.010  train return  -11.80%  loss 4.19e-05  maxQ +0.0024  changes   112  8.2 min
episode 748/1013  eps 0.010  train return  -16.25%  loss 4.16e-05  maxQ +0.0022  changes   121  8.2 min
episode 749/1013  eps 0.010  train return   +5.44%  loss 4.16e-05  maxQ +0.0022  changes   123  8.2 min
episode 750/1013  eps 0.010  train return  +18.29%  loss 3.97e-05  maxQ +0.0023  changes   117  8.2 min | val return -4.81% (best +16.50%)
episode 751/1013  eps 0.010  train return   -4.57%  loss 3.97e-05  maxQ +0.0021  changes   147  8.2 min
episode 752/1013  eps 0.010  train return   -5.77%  loss 3.85e-05  maxQ +0.0022  changes   117  8.2 min
episode 753/1013  eps 0.010  train return  -12.20%  loss 3.75e-05  maxQ +0.0021  changes   120  8.2 min
episode 754/1013  eps 0.010  train return   +8.32%  loss 3.92e-05  maxQ +0.0028  changes   158  8.2 min
episode 755/1013  eps 0.010  train return  -13.86%  loss 3.93e-05  maxQ +0.0026  changes   137  8.2 min
episode 756/1013  eps 0.010  train return  -12.24%  loss 3.80e-05  maxQ +0.0026  changes   142  8.3 min
episode 757/1013  eps 0.010  train return  -17.25%  loss 3.97e-05  maxQ +0.0027  changes   151  8.3 min
episode 758/1013  eps 0.010  train return   -2.49%  loss 3.85e-05  maxQ +0.0023  changes   125  8.3 min
episode 759/1013  eps 0.010  train return  +22.15%  loss 3.89e-05  maxQ +0.0024  changes   150  8.3 min
episode 760/1013  eps 0.010  train return   +6.61%  loss 3.96e-05  maxQ +0.0026  changes   172  8.3 min | val return -3.04% (best +16.50%)
episode 761/1013  eps 0.010  train return   +6.85%  loss 4.05e-05  maxQ +0.0025  changes   177  8.3 min
episode 762/1013  eps 0.010  train return  -14.79%  loss 3.88e-05  maxQ +0.0027  changes   123  8.3 min
episode 763/1013  eps 0.010  train return  -22.90%  loss 4.10e-05  maxQ +0.0026  changes   127  8.4 min
episode 764/1013  eps 0.010  train return  -30.40%  loss 3.99e-05  maxQ +0.0028  changes   146  8.4 min
episode 765/1013  eps 0.010  train return   -1.05%  loss 4.15e-05  maxQ +0.0025  changes   127  8.4 min
episode 766/1013  eps 0.010  train return   -6.14%  loss 4.13e-05  maxQ +0.0025  changes    98  8.4 min
episode 767/1013  eps 0.010  train return  +26.44%  loss 4.06e-05  maxQ +0.0024  changes    99  8.4 min
episode 768/1013  eps 0.010  train return   -0.33%  loss 3.95e-05  maxQ +0.0024  changes    87  8.5 min
episode 769/1013  eps 0.010  train return   +9.53%  loss 3.98e-05  maxQ +0.0024  changes   109  8.5 min
episode 770/1013  eps 0.010  train return  -21.64%  loss 3.97e-05  maxQ +0.0022  changes   132  8.5 min | val return -7.58% (best +16.50%)
episode 771/1013  eps 0.010  train return   +4.04%  loss 3.92e-05  maxQ +0.0028  changes   170  8.5 min
episode 772/1013  eps 0.010  train return  -10.33%  loss 3.95e-05  maxQ +0.0028  changes   126  8.5 min
episode 773/1013  eps 0.010  train return  +51.20%  loss 3.95e-05  maxQ +0.0032  changes   203  8.5 min
episode 774/1013  eps 0.010  train return   +1.78%  loss 4.06e-05  maxQ +0.0034  changes    92  8.6 min
episode 775/1013  eps 0.010  train return  +33.48%  loss 4.21e-05  maxQ +0.0029  changes   105  8.6 min
episode 776/1013  eps 0.010  train return   +4.49%  loss 4.17e-05  maxQ +0.0034  changes   106  8.6 min
episode 777/1013  eps 0.010  train return   +3.43%  loss 4.20e-05  maxQ +0.0033  changes   164  8.6 min
episode 778/1013  eps 0.010  train return  -17.53%  loss 4.06e-05  maxQ +0.0035  changes   365  8.6 min
episode 779/1013  eps 0.010  train return   +4.05%  loss 4.05e-05  maxQ +0.0036  changes   139  8.6 min
episode 780/1013  eps 0.010  train return  +15.54%  loss 4.23e-05  maxQ +0.0037  changes   241  8.7 min | val return +1.74% (best +16.50%)
episode 781/1013  eps 0.010  train return  -31.79%  loss 4.17e-05  maxQ +0.0037  changes   186  8.7 min
episode 782/1013  eps 0.010  train return   +3.31%  loss 4.06e-05  maxQ +0.0036  changes   188  8.7 min
episode 783/1013  eps 0.010  train return   -8.24%  loss 4.33e-05  maxQ +0.0035  changes   183  8.7 min
episode 784/1013  eps 0.010  train return   +2.94%  loss 4.21e-05  maxQ +0.0029  changes   183  8.7 min
episode 785/1013  eps 0.010  train return   +0.64%  loss 4.03e-05  maxQ +0.0028  changes   217  8.7 min
episode 786/1013  eps 0.010  train return   -1.24%  loss 4.09e-05  maxQ +0.0026  changes   163  8.7 min
episode 787/1013  eps 0.010  train return  +15.32%  loss 4.23e-05  maxQ +0.0031  changes   146  8.8 min
episode 788/1013  eps 0.010  train return  -18.40%  loss 4.30e-05  maxQ +0.0023  changes   142  8.8 min
episode 789/1013  eps 0.010  train return  -15.47%  loss 4.07e-05  maxQ +0.0027  changes   148  8.8 min
episode 790/1013  eps 0.010  train return  +13.53%  loss 4.01e-05  maxQ +0.0029  changes   142  8.8 min | val return -23.68% (best +16.50%)
episode 791/1013  eps 0.010  train return  +15.26%  loss 4.05e-05  maxQ +0.0034  changes   156  8.8 min
episode 792/1013  eps 0.010  train return  +85.76%  loss 4.08e-05  maxQ +0.0035  changes   118  8.8 min
episode 793/1013  eps 0.010  train return  +34.64%  loss 4.28e-05  maxQ +0.0035  changes   166  8.8 min
episode 794/1013  eps 0.010  train return   +2.36%  loss 4.09e-05  maxQ +0.0033  changes   192  8.9 min
episode 795/1013  eps 0.010  train return  +32.36%  loss 4.19e-05  maxQ +0.0030  changes   162  8.9 min
episode 796/1013  eps 0.010  train return  +30.67%  loss 4.25e-05  maxQ +0.0029  changes   148  8.9 min
episode 797/1013  eps 0.010  train return   +2.16%  loss 4.18e-05  maxQ +0.0030  changes   128  8.9 min
episode 798/1013  eps 0.010  train return  +23.00%  loss 3.81e-05  maxQ +0.0027  changes   152  8.9 min
episode 799/1013  eps 0.010  train return   +2.73%  loss 3.85e-05  maxQ +0.0029  changes   127  8.9 min
episode 800/1013  eps 0.010  train return   +2.75%  loss 3.92e-05  maxQ +0.0024  changes    91  8.9 min | val return +4.78% (best +16.50%)
episode 801/1013  eps 0.010  train return  +28.25%  loss 3.87e-05  maxQ +0.0028  changes    91  8.9 min
episode 802/1013  eps 0.010  train return   +7.80%  loss 4.06e-05  maxQ +0.0032  changes    94  8.9 min
episode 803/1013  eps 0.010  train return  +33.29%  loss 4.02e-05  maxQ +0.0035  changes   106  9.0 min
episode 804/1013  eps 0.010  train return   +4.96%  loss 4.07e-05  maxQ +0.0033  changes    90  9.0 min
episode 805/1013  eps 0.010  train return  +30.33%  loss 4.02e-05  maxQ +0.0034  changes   123  9.0 min
episode 806/1013  eps 0.010  train return   -4.39%  loss 4.09e-05  maxQ +0.0035  changes   102  9.0 min
episode 807/1013  eps 0.010  train return   -7.96%  loss 4.18e-05  maxQ +0.0033  changes   128  9.0 min
episode 808/1013  eps 0.010  train return  +16.94%  loss 4.01e-05  maxQ +0.0029  changes   153  9.0 min
episode 809/1013  eps 0.010  train return  +19.45%  loss 3.86e-05  maxQ +0.0036  changes   141  9.0 min
episode 810/1013  eps 0.010  train return  -13.00%  loss 3.89e-05  maxQ +0.0032  changes   105  9.0 min | val return -4.90% (best +16.50%)
episode 811/1013  eps 0.010  train return  +16.36%  loss 3.93e-05  maxQ +0.0036  changes   138  9.1 min
episode 812/1013  eps 0.010  train return   +9.71%  loss 3.99e-05  maxQ +0.0036  changes    94  9.1 min
episode 813/1013  eps 0.010  train return   -3.62%  loss 3.82e-05  maxQ +0.0030  changes    94  9.1 min
episode 814/1013  eps 0.010  train return   -2.39%  loss 3.73e-05  maxQ +0.0048  changes   107  9.1 min
episode 815/1013  eps 0.010  train return  +12.48%  loss 3.92e-05  maxQ +0.0052  changes   102  9.1 min
episode 816/1013  eps 0.010  train return  -47.72%  loss 3.90e-05  maxQ +0.0046  changes   124  9.1 min
episode 817/1013  eps 0.010  train return  +37.04%  loss 3.97e-05  maxQ +0.0043  changes    95  9.1 min
episode 818/1013  eps 0.010  train return  -20.52%  loss 3.99e-05  maxQ +0.0045  changes   102  9.1 min
episode 819/1013  eps 0.010  train return  -19.26%  loss 4.08e-05  maxQ +0.0040  changes   127  9.1 min
episode 820/1013  eps 0.010  train return  -14.24%  loss 4.08e-05  maxQ +0.0041  changes   116  9.2 min | val return -3.49% (best +16.50%)
episode 821/1013  eps 0.010  train return   +5.90%  loss 3.95e-05  maxQ +0.0042  changes    84  9.2 min
episode 822/1013  eps 0.010  train return  +15.20%  loss 3.90e-05  maxQ +0.0046  changes    66  9.2 min
episode 823/1013  eps 0.010  train return   +1.28%  loss 3.97e-05  maxQ +0.0046  changes    59  9.2 min
episode 824/1013  eps 0.010  train return  +14.77%  loss 4.03e-05  maxQ +0.0043  changes    68  9.2 min
episode 825/1013  eps 0.010  train return  -12.02%  loss 4.08e-05  maxQ +0.0043  changes    59  9.2 min
episode 826/1013  eps 0.010  train return   -6.55%  loss 3.82e-05  maxQ +0.0036  changes    94  9.2 min
episode 827/1013  eps 0.010  train return   +4.60%  loss 4.06e-05  maxQ +0.0037  changes    94  9.3 min
episode 828/1013  eps 0.010  train return  +14.62%  loss 3.86e-05  maxQ +0.0035  changes   106  9.3 min
episode 829/1013  eps 0.010  train return  +21.91%  loss 4.02e-05  maxQ +0.0038  changes    80  9.3 min
episode 830/1013  eps 0.010  train return  +18.88%  loss 3.95e-05  maxQ +0.0036  changes   131  9.3 min | val return -1.71% (best +16.50%)
episode 831/1013  eps 0.010  train return   +3.39%  loss 3.79e-05  maxQ +0.0041  changes   139  9.3 min
episode 832/1013  eps 0.010  train return  -11.07%  loss 3.93e-05  maxQ +0.0049  changes   124  9.3 min
episode 833/1013  eps 0.010  train return  +15.24%  loss 4.11e-05  maxQ +0.0044  changes    93  9.3 min
episode 834/1013  eps 0.010  train return  -33.73%  loss 4.30e-05  maxQ +0.0042  changes   112  9.3 min
episode 835/1013  eps 0.010  train return   +1.24%  loss 4.02e-05  maxQ +0.0033  changes   103  9.3 min
episode 836/1013  eps 0.010  train return   -6.13%  loss 4.11e-05  maxQ +0.0038  changes   102  9.3 min
episode 837/1013  eps 0.010  train return  +14.27%  loss 4.03e-05  maxQ +0.0032  changes    93  9.4 min
episode 838/1013  eps 0.010  train return  +14.89%  loss 4.18e-05  maxQ +0.0049  changes    63  9.4 min
episode 839/1013  eps 0.010  train return  +24.35%  loss 4.15e-05  maxQ +0.0042  changes    84  9.4 min
episode 840/1013  eps 0.010  train return  +17.30%  loss 4.26e-05  maxQ +0.0043  changes    72  9.4 min | val return -5.52% (best +16.50%)
episode 841/1013  eps 0.010  train return  +12.68%  loss 4.18e-05  maxQ +0.0040  changes    76  9.4 min
episode 842/1013  eps 0.010  train return  +24.68%  loss 4.12e-05  maxQ +0.0033  changes    63  9.4 min
episode 843/1013  eps 0.010  train return  -16.76%  loss 4.06e-05  maxQ +0.0036  changes    95  9.4 min
episode 844/1013  eps 0.010  train return   +2.68%  loss 4.32e-05  maxQ +0.0042  changes   105  9.4 min
episode 845/1013  eps 0.010  train return   +6.81%  loss 4.33e-05  maxQ +0.0039  changes    78  9.4 min
episode 846/1013  eps 0.010  train return   -7.60%  loss 4.34e-05  maxQ +0.0035  changes    67  9.5 min
episode 847/1013  eps 0.010  train return  +41.50%  loss 4.27e-05  maxQ +0.0036  changes    92  9.5 min
episode 848/1013  eps 0.010  train return  -26.00%  loss 4.21e-05  maxQ +0.0038  changes    93  9.5 min
episode 849/1013  eps 0.010  train return  -12.60%  loss 4.23e-05  maxQ +0.0037  changes    70  9.5 min
episode 850/1013  eps 0.010  train return  -13.69%  loss 4.30e-05  maxQ +0.0035  changes    84  9.5 min | val return -10.76% (best +16.50%)
episode 851/1013  eps 0.010  train return   -5.73%  loss 4.49e-05  maxQ +0.0038  changes    80  9.5 min
episode 852/1013  eps 0.010  train return  -16.93%  loss 4.55e-05  maxQ +0.0039  changes    71  9.5 min
episode 853/1013  eps 0.010  train return  +16.50%  loss 4.20e-05  maxQ +0.0039  changes    79  9.5 min
episode 854/1013  eps 0.010  train return   -6.22%  loss 4.40e-05  maxQ +0.0040  changes    79  9.5 min
episode 855/1013  eps 0.010  train return   +7.03%  loss 4.38e-05  maxQ +0.0039  changes    75  9.6 min
episode 856/1013  eps 0.010  train return  -10.42%  loss 4.46e-05  maxQ +0.0039  changes   105  9.6 min
episode 857/1013  eps 0.010  train return   +3.60%  loss 4.47e-05  maxQ +0.0041  changes    84  9.6 min
episode 858/1013  eps 0.010  train return   +4.34%  loss 4.68e-05  maxQ +0.0038  changes    73  9.6 min
episode 859/1013  eps 0.010  train return   -6.96%  loss 4.40e-05  maxQ +0.0039  changes    86  9.6 min
episode 860/1013  eps 0.010  train return   +1.91%  loss 4.43e-05  maxQ +0.0033  changes    91  9.6 min | val return -8.53% (best +16.50%)
episode 861/1013  eps 0.010  train return  +14.68%  loss 4.47e-05  maxQ +0.0035  changes   114  9.6 min
episode 862/1013  eps 0.010  train return   -9.06%  loss 4.51e-05  maxQ +0.0031  changes   100  9.6 min
episode 863/1013  eps 0.010  train return   -8.13%  loss 4.36e-05  maxQ +0.0032  changes    81  9.6 min
episode 864/1013  eps 0.010  train return   -6.64%  loss 4.49e-05  maxQ +0.0036  changes   126  9.7 min
episode 865/1013  eps 0.010  train return   +3.47%  loss 4.23e-05  maxQ +0.0034  changes   119  9.7 min
episode 866/1013  eps 0.010  train return  -24.36%  loss 4.33e-05  maxQ +0.0029  changes   102  9.7 min
episode 867/1013  eps 0.010  train return   +3.50%  loss 4.64e-05  maxQ +0.0031  changes    90  9.7 min
episode 868/1013  eps 0.010  train return   +0.16%  loss 4.22e-05  maxQ +0.0035  changes    99  9.7 min
episode 869/1013  eps 0.010  train return   -5.75%  loss 4.51e-05  maxQ +0.0031  changes    75  9.7 min
episode 870/1013  eps 0.010  train return  -23.52%  loss 4.60e-05  maxQ +0.0037  changes   116  9.7 min | val return -8.03% (best +16.50%)
episode 871/1013  eps 0.010  train return   -6.67%  loss 4.35e-05  maxQ +0.0035  changes    90  9.7 min
episode 872/1013  eps 0.010  train return  -20.15%  loss 4.51e-05  maxQ +0.0032  changes    89  9.7 min
episode 873/1013  eps 0.010  train return  -12.05%  loss 4.20e-05  maxQ +0.0033  changes    89  9.8 min
episode 874/1013  eps 0.010  train return  -19.39%  loss 4.39e-05  maxQ +0.0034  changes    71  9.8 min
episode 875/1013  eps 0.010  train return   +8.16%  loss 4.40e-05  maxQ +0.0026  changes    85  9.8 min
episode 876/1013  eps 0.010  train return   -3.98%  loss 4.43e-05  maxQ +0.0025  changes    88  9.8 min
episode 877/1013  eps 0.010  train return   +6.07%  loss 4.37e-05  maxQ +0.0031  changes    93  9.8 min
episode 878/1013  eps 0.010  train return   +7.83%  loss 4.29e-05  maxQ +0.0030  changes    89  9.8 min
episode 879/1013  eps 0.010  train return   -7.47%  loss 4.35e-05  maxQ +0.0032  changes   121  9.8 min
episode 880/1013  eps 0.010  train return   -5.88%  loss 4.33e-05  maxQ +0.0028  changes    67  9.8 min | val return +0.10% (best +16.50%)
episode 881/1013  eps 0.010  train return   +1.18%  loss 4.26e-05  maxQ +0.0027  changes    98  9.8 min
episode 882/1013  eps 0.010  train return  +10.86%  loss 4.29e-05  maxQ +0.0028  changes   100  9.9 min
episode 883/1013  eps 0.010  train return   -0.01%  loss 4.42e-05  maxQ +0.0024  changes    91  9.9 min
episode 884/1013  eps 0.010  train return  +11.26%  loss 4.29e-05  maxQ +0.0027  changes    86  9.9 min
episode 885/1013  eps 0.010  train return  +25.55%  loss 4.30e-05  maxQ +0.0030  changes   114  9.9 min
episode 886/1013  eps 0.010  train return  -15.03%  loss 4.32e-05  maxQ +0.0034  changes   104  9.9 min
episode 887/1013  eps 0.010  train return   -5.39%  loss 4.24e-05  maxQ +0.0030  changes    86  9.9 min
episode 888/1013  eps 0.010  train return   -5.91%  loss 4.33e-05  maxQ +0.0030  changes    89  9.9 min
episode 889/1013  eps 0.010  train return  +43.79%  loss 4.45e-05  maxQ +0.0036  changes   111  9.9 min
episode 890/1013  eps 0.010  train return   -0.30%  loss 4.27e-05  maxQ +0.0034  changes   116  9.9 min | val return -9.45% (best +16.50%)
episode 891/1013  eps 0.010  train return  +11.73%  loss 4.25e-05  maxQ +0.0034  changes   107  10.0 min
episode 892/1013  eps 0.010  train return   +4.86%  loss 4.24e-05  maxQ +0.0028  changes   132  10.0 min
episode 893/1013  eps 0.010  train return   -6.79%  loss 4.23e-05  maxQ +0.0034  changes   101  10.0 min
episode 894/1013  eps 0.010  train return   -7.38%  loss 4.24e-05  maxQ +0.0035  changes    84  10.0 min
episode 895/1013  eps 0.010  train return   -1.98%  loss 4.13e-05  maxQ +0.0032  changes    92  10.0 min
episode 896/1013  eps 0.010  train return   -7.89%  loss 4.41e-05  maxQ +0.0032  changes   127  10.0 min
episode 897/1013  eps 0.010  train return  -32.01%  loss 4.37e-05  maxQ +0.0031  changes   156  10.0 min
episode 898/1013  eps 0.010  train return  -29.26%  loss 4.45e-05  maxQ +0.0035  changes   100  10.0 min
episode 899/1013  eps 0.010  train return  -25.40%  loss 4.34e-05  maxQ +0.0031  changes   112  10.0 min
episode 900/1013  eps 0.010  train return  -29.31%  loss 4.09e-05  maxQ +0.0033  changes    85  10.1 min | val return +3.85% (best +16.50%)
episode 901/1013  eps 0.010  train return  +15.79%  loss 4.06e-05  maxQ +0.0031  changes   120  10.1 min
episode 902/1013  eps 0.010  train return   +8.30%  loss 3.91e-05  maxQ +0.0028  changes    92  10.1 min
episode 903/1013  eps 0.010  train return   -5.38%  loss 4.00e-05  maxQ +0.0025  changes    87  10.1 min
episode 904/1013  eps 0.010  train return   -7.67%  loss 3.85e-05  maxQ +0.0026  changes    97  10.1 min
episode 905/1013  eps 0.010  train return   -2.59%  loss 3.64e-05  maxQ +0.0027  changes    87  10.1 min
episode 906/1013  eps 0.010  train return   -6.85%  loss 3.82e-05  maxQ +0.0030  changes    88  10.1 min
episode 907/1013  eps 0.010  train return  +16.35%  loss 3.49e-05  maxQ +0.0030  changes   146  10.1 min
episode 908/1013  eps 0.010  train return   +7.02%  loss 3.63e-05  maxQ +0.0029  changes   105  10.1 min
episode 909/1013  eps 0.010  train return   -0.73%  loss 3.63e-05  maxQ +0.0030  changes    80  10.2 min
episode 910/1013  eps 0.010  train return   -1.57%  loss 3.61e-05  maxQ +0.0035  changes   102  10.2 min | val return +5.37% (best +16.50%)
episode 911/1013  eps 0.010  train return   -3.06%  loss 3.44e-05  maxQ +0.0030  changes   107  10.2 min
episode 912/1013  eps 0.010  train return   -7.22%  loss 3.53e-05  maxQ +0.0028  changes    86  10.2 min
episode 913/1013  eps 0.010  train return  +20.72%  loss 3.42e-05  maxQ +0.0034  changes   105  10.2 min
episode 914/1013  eps 0.010  train return  +10.30%  loss 3.31e-05  maxQ +0.0031  changes   125  10.2 min
episode 915/1013  eps 0.010  train return   -5.18%  loss 3.57e-05  maxQ +0.0035  changes    81  10.2 min
episode 916/1013  eps 0.010  train return   +4.09%  loss 3.33e-05  maxQ +0.0034  changes    92  10.2 min
episode 917/1013  eps 0.010  train return  +18.50%  loss 3.19e-05  maxQ +0.0027  changes   102  10.3 min
episode 918/1013  eps 0.010  train return  +12.49%  loss 3.26e-05  maxQ +0.0024  changes    84  10.3 min
episode 919/1013  eps 0.010  train return   +8.34%  loss 3.29e-05  maxQ +0.0027  changes   116  10.3 min
episode 920/1013  eps 0.010  train return   -3.11%  loss 3.10e-05  maxQ +0.0028  changes   130  10.3 min | val return -5.24% (best +16.50%)
episode 921/1013  eps 0.010  train return   -0.18%  loss 2.97e-05  maxQ +0.0034  changes   126  10.3 min
episode 922/1013  eps 0.010  train return  +10.58%  loss 3.06e-05  maxQ +0.0034  changes   162  10.3 min
episode 923/1013  eps 0.010  train return   +0.18%  loss 3.10e-05  maxQ +0.0033  changes   121  10.3 min
episode 924/1013  eps 0.010  train return   -3.00%  loss 2.91e-05  maxQ +0.0033  changes   134  10.3 min
episode 925/1013  eps 0.010  train return   -0.05%  loss 2.98e-05  maxQ +0.0032  changes   127  10.3 min
episode 926/1013  eps 0.010  train return   +4.04%  loss 2.84e-05  maxQ +0.0032  changes   103  10.3 min
episode 927/1013  eps 0.010  train return   -8.65%  loss 2.80e-05  maxQ +0.0030  changes   121  10.4 min
episode 928/1013  eps 0.010  train return   -1.54%  loss 2.86e-05  maxQ +0.0034  changes   121  10.4 min
episode 929/1013  eps 0.010  train return  +13.40%  loss 2.86e-05  maxQ +0.0029  changes    91  10.4 min
episode 930/1013  eps 0.010  train return  +13.67%  loss 2.92e-05  maxQ +0.0029  changes   105  10.4 min | val return +9.93% (best +16.50%)
episode 931/1013  eps 0.010  train return  +28.70%  loss 2.97e-05  maxQ +0.0029  changes    62  10.4 min
episode 932/1013  eps 0.010  train return   -0.86%  loss 3.02e-05  maxQ +0.0029  changes   110  10.4 min
episode 933/1013  eps 0.010  train return  -26.50%  loss 2.90e-05  maxQ +0.0032  changes    71  10.4 min
episode 934/1013  eps 0.010  train return  -31.04%  loss 2.98e-05  maxQ +0.0029  changes   102  10.4 min
episode 935/1013  eps 0.010  train return   -6.55%  loss 3.00e-05  maxQ +0.0027  changes    87  10.4 min
episode 936/1013  eps 0.010  train return  -15.91%  loss 2.97e-05  maxQ +0.0021  changes    88  10.5 min
episode 937/1013  eps 0.010  train return   +0.24%  loss 2.95e-05  maxQ +0.0027  changes   108  10.5 min
episode 938/1013  eps 0.010  train return   +3.18%  loss 2.91e-05  maxQ +0.0026  changes   112  10.5 min
episode 939/1013  eps 0.010  train return   +8.58%  loss 3.01e-05  maxQ +0.0025  changes   101  10.5 min
episode 940/1013  eps 0.010  train return  +36.92%  loss 3.01e-05  maxQ +0.0029  changes    92  10.5 min | val return -4.03% (best +16.50%)
episode 941/1013  eps 0.010  train return  -11.72%  loss 3.10e-05  maxQ +0.0030  changes   143  10.5 min
episode 942/1013  eps 0.010  train return  -34.64%  loss 3.12e-05  maxQ +0.0032  changes   140  10.5 min
episode 943/1013  eps 0.010  train return   -7.33%  loss 3.23e-05  maxQ +0.0031  changes   142  10.5 min
episode 944/1013  eps 0.010  train return   +2.97%  loss 3.16e-05  maxQ +0.0033  changes   130  10.5 min
episode 945/1013  eps 0.010  train return   +1.64%  loss 3.00e-05  maxQ +0.0031  changes   118  10.6 min
episode 946/1013  eps 0.010  train return  +20.29%  loss 3.22e-05  maxQ +0.0033  changes    87  10.6 min
episode 947/1013  eps 0.010  train return   -1.99%  loss 3.16e-05  maxQ +0.0034  changes   127  10.6 min
episode 948/1013  eps 0.010  train return  +14.50%  loss 3.14e-05  maxQ +0.0033  changes   166  10.6 min
episode 949/1013  eps 0.010  train return   -1.69%  loss 3.19e-05  maxQ +0.0035  changes   107  10.6 min
episode 950/1013  eps 0.010  train return  +15.17%  loss 3.20e-05  maxQ +0.0030  changes    88  10.6 min | val return -7.40% (best +16.50%)
episode 951/1013  eps 0.010  train return   -8.70%  loss 3.24e-05  maxQ +0.0037  changes    93  10.6 min
episode 952/1013  eps 0.010  train return  +12.80%  loss 3.22e-05  maxQ +0.0036  changes    97  10.6 min
episode 953/1013  eps 0.010  train return  -20.85%  loss 3.07e-05  maxQ +0.0041  changes    99  10.7 min
episode 954/1013  eps 0.010  train return  +15.38%  loss 3.19e-05  maxQ +0.0041  changes    74  10.7 min
episode 955/1013  eps 0.010  train return   -5.27%  loss 3.15e-05  maxQ +0.0039  changes    81  10.7 min
episode 956/1013  eps 0.010  train return  +31.98%  loss 3.03e-05  maxQ +0.0039  changes    91  10.7 min
episode 957/1013  eps 0.010  train return  +11.89%  loss 3.05e-05  maxQ +0.0036  changes    70  10.7 min
episode 958/1013  eps 0.010  train return  -26.02%  loss 3.15e-05  maxQ +0.0038  changes    96  10.7 min
episode 959/1013  eps 0.010  train return   -3.58%  loss 3.24e-05  maxQ +0.0032  changes    63  10.7 min
episode 960/1013  eps 0.010  train return  -10.15%  loss 3.40e-05  maxQ +0.0041  changes    65  10.7 min | val return +8.05% (best +16.50%)
episode 961/1013  eps 0.010  train return  +13.36%  loss 3.19e-05  maxQ +0.0031  changes    87  10.7 min
episode 962/1013  eps 0.010  train return  +35.46%  loss 3.32e-05  maxQ +0.0030  changes    87  10.8 min
episode 963/1013  eps 0.010  train return   -7.36%  loss 3.48e-05  maxQ +0.0041  changes    89  10.8 min
episode 964/1013  eps 0.010  train return  +50.61%  loss 3.29e-05  maxQ +0.0035  changes   105  10.8 min
episode 965/1013  eps 0.010  train return   -1.78%  loss 3.50e-05  maxQ +0.0036  changes    83  10.8 min
episode 966/1013  eps 0.010  train return  +15.05%  loss 3.42e-05  maxQ +0.0037  changes    77  10.8 min
episode 967/1013  eps 0.010  train return  +11.73%  loss 3.30e-05  maxQ +0.0034  changes   114  10.8 min
episode 968/1013  eps 0.010  train return   +3.00%  loss 3.23e-05  maxQ +0.0037  changes    81  10.8 min
episode 969/1013  eps 0.010  train return   -2.17%  loss 3.20e-05  maxQ +0.0037  changes    79  10.8 min
episode 970/1013  eps 0.010  train return   +3.69%  loss 3.13e-05  maxQ +0.0042  changes   105  10.8 min | val return +11.84% (best +16.50%)
episode 971/1013  eps 0.010  train return   -7.13%  loss 3.23e-05  maxQ +0.0041  changes    90  10.9 min
episode 972/1013  eps 0.010  train return  +16.68%  loss 3.42e-05  maxQ +0.0044  changes    60  10.9 min
episode 973/1013  eps 0.010  train return  +22.87%  loss 3.31e-05  maxQ +0.0037  changes    88  10.9 min
episode 974/1013  eps 0.010  train return  -18.26%  loss 3.30e-05  maxQ +0.0038  changes    85  10.9 min
episode 975/1013  eps 0.010  train return   -9.04%  loss 3.34e-05  maxQ +0.0038  changes    92  10.9 min
episode 976/1013  eps 0.010  train return  +11.89%  loss 3.42e-05  maxQ +0.0041  changes    85  10.9 min
episode 977/1013  eps 0.010  train return   -2.43%  loss 3.40e-05  maxQ +0.0033  changes    92  10.9 min
episode 978/1013  eps 0.010  train return  -12.01%  loss 3.39e-05  maxQ +0.0032  changes    83  10.9 min
episode 979/1013  eps 0.010  train return   +0.35%  loss 3.45e-05  maxQ +0.0031  changes   102  10.9 min
episode 980/1013  eps 0.010  train return   -4.72%  loss 3.49e-05  maxQ +0.0037  changes    68  10.9 min | val return +1.84% (best +16.50%)
episode 981/1013  eps 0.010  train return   -5.62%  loss 3.69e-05  maxQ +0.0037  changes    86  11.0 min
episode 982/1013  eps 0.010  train return   +5.07%  loss 3.53e-05  maxQ +0.0037  changes    82  11.0 min
episode 983/1013  eps 0.010  train return  +13.34%  loss 3.38e-05  maxQ +0.0034  changes    89  11.0 min
episode 984/1013  eps 0.010  train return  -16.91%  loss 3.42e-05  maxQ +0.0040  changes   100  11.0 min
episode 985/1013  eps 0.010  train return   +3.24%  loss 3.57e-05  maxQ +0.0038  changes    88  11.0 min
episode 986/1013  eps 0.010  train return  -11.76%  loss 3.55e-05  maxQ +0.0031  changes    57  11.0 min
episode 987/1013  eps 0.010  train return   -9.39%  loss 3.51e-05  maxQ +0.0035  changes    59  11.0 min
episode 988/1013  eps 0.010  train return  +38.87%  loss 3.53e-05  maxQ +0.0034  changes    80  11.0 min
episode 989/1013  eps 0.010  train return  -11.67%  loss 3.55e-05  maxQ +0.0037  changes   108  11.0 min
episode 990/1013  eps 0.010  train return  -20.15%  loss 3.62e-05  maxQ +0.0032  changes    86  11.0 min | val return -8.42% (best +16.50%)
episode 991/1013  eps 0.010  train return  -13.40%  loss 3.72e-05  maxQ +0.0029  changes   114  11.1 min
episode 992/1013  eps 0.010  train return  +37.65%  loss 3.88e-05  maxQ +0.0026  changes    75  11.1 min
episode 993/1013  eps 0.010  train return  +22.79%  loss 3.75e-05  maxQ +0.0031  changes    70  11.1 min
episode 994/1013  eps 0.010  train return  +19.05%  loss 3.72e-05  maxQ +0.0027  changes    76  11.1 min
episode 995/1013  eps 0.010  train return   +7.92%  loss 3.60e-05  maxQ +0.0028  changes    68  11.1 min
episode 996/1013  eps 0.010  train return   -1.89%  loss 3.70e-05  maxQ +0.0031  changes   108  11.1 min
episode 997/1013  eps 0.010  train return  -15.19%  loss 3.79e-05  maxQ +0.0031  changes    95  11.1 min
episode 998/1013  eps 0.010  train return  +39.09%  loss 3.68e-05  maxQ +0.0029  changes    71  11.1 min
episode 999/1013  eps 0.010  train return  +30.24%  loss 3.93e-05  maxQ +0.0033  changes    95  11.1 min
episode 1000/1013  eps 0.010  train return  +14.89%  loss 3.80e-05  maxQ +0.0035  changes    74  11.2 min | val return +9.03% (best +16.50%)
episode 1001/1013  eps 0.010  train return   -2.81%  loss 3.87e-05  maxQ +0.0028  changes    84  11.2 min
episode 1002/1013  eps 0.010  train return   +8.57%  loss 4.03e-05  maxQ +0.0026  changes   108  11.2 min
episode 1003/1013  eps 0.010  train return  -17.54%  loss 3.69e-05  maxQ +0.0036  changes   108  11.2 min
episode 1004/1013  eps 0.010  train return  +33.30%  loss 3.74e-05  maxQ +0.0034  changes   101  11.2 min
episode 1005/1013  eps 0.010  train return  -23.25%  loss 3.87e-05  maxQ +0.0032  changes   131  11.2 min
episode 1006/1013  eps 0.010  train return  -16.60%  loss 4.04e-05  maxQ +0.0037  changes    67  11.2 min
episode 1007/1013  eps 0.010  train return   -5.33%  loss 3.90e-05  maxQ +0.0030  changes    91  11.2 min
episode 1008/1013  eps 0.010  train return  -15.65%  loss 3.78e-05  maxQ +0.0030  changes   113  11.2 min
episode 1009/1013  eps 0.010  train return   +5.15%  loss 3.72e-05  maxQ +0.0031  changes   106  11.2 min
episode 1010/1013  eps 0.010  train return  +15.93%  loss 3.82e-05  maxQ +0.0036  changes    67  11.2 min | val return -8.80% (best +16.50%)
episode 1011/1013  eps 0.010  train return  +20.96%  loss 3.71e-05  maxQ +0.0031  changes    57  11.3 min
episode 1012/1013  eps 0.010  train return   -7.23%  loss 3.72e-05  maxQ +0.0028  changes    75  11.3 min
episode 1013/1013  eps 0.010  train return  +14.77%  loss 3.75e-05  maxQ +0.0037  changes    62  11.3 min | val return -8.26% (best +16.50%)
model    env  portfolio_return  excess_return  n_changes
 last    val         -0.082615      -0.039997      113.6
 last val_w1         -0.021782       0.005133       48.6
 last val_w2         -0.061587      -0.046153       65.6
 best    val          0.166196       0.208814      618.1
 best val_w1          0.194738       0.221654      415.1
 best val_w2         -0.014499       0.000935      151.9
