Downloaded data: 30,528 candles, 2023-03-25 00:00:00+00:00 to 2026-09-16 23:00:00+00:00; no missing hours
dev_train: 28,152 candles, 2023-04-01 00:00:00+00:00 to 2026-06-16 23:00:00+00:00; no missing hours
val: 1,464 candles, 2026-06-17 00:00:00+00:00 to 2026-08-16 23:00:00+00:00; no missing hours
eval: 744 candles, 2026-08-17 00:00:00+00:00 to 2026-09-16 23:00:00+00:00; no missing hours
episode   1/1013  eps 1.000  train return   -6.98%  loss 1.69e-04  maxQ +0.1233  changes   585  0.0 min
episode   2/1013  eps 0.991  train return   +8.24%  loss 3.26e-05  maxQ +0.0959  changes   569  0.0 min
episode   3/1013  eps 0.982  train return  -11.90%  loss 2.25e-05  maxQ +0.0745  changes   563  0.0 min
episode   4/1013  eps 0.973  train return  -19.53%  loss 1.98e-05  maxQ +0.0594  changes   582  0.1 min
episode   5/1013  eps 0.964  train return   -2.67%  loss 2.05e-05  maxQ +0.0486  changes   577  0.1 min
episode   6/1013  eps 0.955  train return  -11.39%  loss 2.66e-05  maxQ +0.0430  changes   547  0.1 min
episode   7/1013  eps 0.947  train return  -23.35%  loss 2.57e-05  maxQ +0.0418  changes   589  0.1 min
episode   8/1013  eps 0.938  train return   -4.55%  loss 2.56e-05  maxQ +0.0348  changes   567  0.1 min
episode   9/1013  eps 0.929  train return  -27.19%  loss 2.39e-05  maxQ +0.0313  changes   584  0.1 min
episode  10/1013  eps 0.921  train return  -11.41%  loss 2.40e-05  maxQ +0.0283  changes   582  0.1 min | val return -14.14% (best -14.14%)
episode  11/1013  eps 0.913  train return  -20.97%  loss 2.41e-05  maxQ +0.0251  changes   576  0.1 min
episode  12/1013  eps 0.904  train return  -17.83%  loss 2.52e-05  maxQ +0.0248  changes   577  0.2 min
episode  13/1013  eps 0.896  train return   +6.46%  loss 2.78e-05  maxQ +0.0230  changes   558  0.2 min
episode  14/1013  eps 0.888  train return  -16.78%  loss 2.71e-05  maxQ +0.0223  changes   558  0.2 min
episode  15/1013  eps 0.880  train return  -21.42%  loss 2.79e-05  maxQ +0.0214  changes   561  0.2 min
episode  16/1013  eps 0.872  train return   +1.00%  loss 2.84e-05  maxQ +0.0180  changes   576  0.2 min
episode  17/1013  eps 0.864  train return  -18.02%  loss 3.01e-05  maxQ +0.0194  changes   561  0.2 min
episode  18/1013  eps 0.856  train return  -13.17%  loss 2.84e-05  maxQ +0.0206  changes   548  0.2 min
episode  19/1013  eps 0.848  train return   -7.21%  loss 2.96e-05  maxQ +0.0175  changes   576  0.2 min
episode  20/1013  eps 0.841  train return  -20.71%  loss 2.88e-05  maxQ +0.0170  changes   557  0.3 min | val return -0.67% (best -0.67%)
episode  21/1013  eps 0.833  train return  -31.31%  loss 3.10e-05  maxQ +0.0169  changes   550  0.3 min
episode  22/1013  eps 0.825  train return   +6.74%  loss 3.21e-05  maxQ +0.0154  changes   572  0.3 min
episode  23/1013  eps 0.818  train return   -6.54%  loss 3.23e-05  maxQ +0.0167  changes   553  0.3 min
episode  24/1013  eps 0.810  train return  -28.21%  loss 3.15e-05  maxQ +0.0171  changes   574  0.3 min
episode  25/1013  eps 0.803  train return  -14.06%  loss 3.12e-05  maxQ +0.0177  changes   572  0.3 min
episode  26/1013  eps 0.796  train return  -13.80%  loss 3.05e-05  maxQ +0.0177  changes   547  0.3 min
episode  27/1013  eps 0.788  train return  -23.46%  loss 3.27e-05  maxQ +0.0168  changes   578  0.3 min
episode  28/1013  eps 0.781  train return  -17.11%  loss 3.48e-05  maxQ +0.0177  changes   565  0.4 min
episode  29/1013  eps 0.774  train return   -0.63%  loss 3.55e-05  maxQ +0.0184  changes   555  0.4 min
episode  30/1013  eps 0.767  train return  +23.79%  loss 3.28e-05  maxQ +0.0193  changes   551  0.4 min | val return -7.03% (best -0.67%)
episode  31/1013  eps 0.760  train return   +2.66%  loss 3.61e-05  maxQ +0.0239  changes   541  0.4 min
episode  32/1013  eps 0.753  train return   -9.76%  loss 3.34e-05  maxQ +0.0241  changes   565  0.4 min
episode  33/1013  eps 0.746  train return  +15.90%  loss 3.54e-05  maxQ +0.0215  changes   564  0.4 min
episode  34/1013  eps 0.740  train return  +16.66%  loss 3.49e-05  maxQ +0.0214  changes   545  0.4 min
episode  35/1013  eps 0.733  train return   -7.31%  loss 3.25e-05  maxQ +0.0209  changes   544  0.4 min
episode  36/1013  eps 0.726  train return   +0.11%  loss 3.59e-05  maxQ +0.0187  changes   558  0.5 min
episode  37/1013  eps 0.720  train return  -23.51%  loss 3.47e-05  maxQ +0.0186  changes   561  0.5 min
episode  38/1013  eps 0.713  train return   +3.40%  loss 3.53e-05  maxQ +0.0224  changes   554  0.5 min
episode  39/1013  eps 0.707  train return  -35.48%  loss 3.43e-05  maxQ +0.0204  changes   553  0.5 min
episode  40/1013  eps 0.700  train return  -13.00%  loss 3.51e-05  maxQ +0.0200  changes   524  0.5 min | val return -6.72% (best -0.67%)
episode  41/1013  eps 0.694  train return  -16.81%  loss 3.65e-05  maxQ +0.0192  changes   557  0.5 min
episode  42/1013  eps 0.687  train return   +6.29%  loss 3.57e-05  maxQ +0.0208  changes   560  0.5 min
episode  43/1013  eps 0.681  train return   -5.12%  loss 3.40e-05  maxQ +0.0197  changes   538  0.5 min
episode  44/1013  eps 0.675  train return   -9.77%  loss 3.45e-05  maxQ +0.0194  changes   535  0.6 min
episode  45/1013  eps 0.669  train return  +13.36%  loss 3.74e-05  maxQ +0.0177  changes   548  0.6 min
episode  46/1013  eps 0.663  train return  +14.36%  loss 3.73e-05  maxQ +0.0175  changes   563  0.6 min
episode  47/1013  eps 0.657  train return   -5.80%  loss 3.69e-05  maxQ +0.0143  changes   540  0.6 min
episode  48/1013  eps 0.651  train return   -1.62%  loss 3.85e-05  maxQ +0.0144  changes   543  0.6 min
episode  49/1013  eps 0.645  train return  -18.38%  loss 3.65e-05  maxQ +0.0143  changes   536  0.6 min
episode  50/1013  eps 0.639  train return  -23.17%  loss 3.46e-05  maxQ +0.0128  changes   509  0.6 min | val return -9.48% (best -0.67%)
episode  51/1013  eps 0.633  train return   +8.75%  loss 3.65e-05  maxQ +0.0122  changes   516  0.7 min
episode  52/1013  eps 0.627  train return  +26.43%  loss 3.73e-05  maxQ +0.0122  changes   535  0.7 min
episode  53/1013  eps 0.622  train return  -18.76%  loss 3.51e-05  maxQ +0.0119  changes   533  0.7 min
episode  54/1013  eps 0.616  train return  -21.36%  loss 3.83e-05  maxQ +0.0123  changes   534  0.7 min
episode  55/1013  eps 0.610  train return  -25.11%  loss 3.64e-05  maxQ +0.0128  changes   529  0.7 min
episode  56/1013  eps 0.605  train return   -6.87%  loss 3.62e-05  maxQ +0.0107  changes   526  0.7 min
episode  57/1013  eps 0.599  train return  -23.24%  loss 3.70e-05  maxQ +0.0128  changes   514  0.7 min
episode  58/1013  eps 0.594  train return  +31.81%  loss 3.57e-05  maxQ +0.0131  changes   516  0.7 min
episode  59/1013  eps 0.588  train return  -20.12%  loss 3.67e-05  maxQ +0.0129  changes   514  0.8 min
episode  60/1013  eps 0.583  train return   -4.66%  loss 3.68e-05  maxQ +0.0132  changes   523  0.8 min | val return -11.33% (best -0.67%)
episode  61/1013  eps 0.578  train return  -12.41%  loss 3.52e-05  maxQ +0.0120  changes   495  0.8 min
episode  62/1013  eps 0.573  train return   +4.64%  loss 3.60e-05  maxQ +0.0103  changes   515  0.8 min
episode  63/1013  eps 0.567  train return   -5.07%  loss 3.58e-05  maxQ +0.0088  changes   502  0.8 min
episode  64/1013  eps 0.562  train return   +2.20%  loss 3.63e-05  maxQ +0.0098  changes   494  0.8 min
episode  65/1013  eps 0.557  train return  -16.07%  loss 3.62e-05  maxQ +0.0110  changes   505  0.8 min
episode  66/1013  eps 0.552  train return   -9.35%  loss 3.83e-05  maxQ +0.0121  changes   504  0.9 min
episode  67/1013  eps 0.547  train return   +5.94%  loss 3.54e-05  maxQ +0.0118  changes   522  0.9 min
episode  68/1013  eps 0.542  train return  +12.08%  loss 3.66e-05  maxQ +0.0107  changes   515  0.9 min
episode  69/1013  eps 0.537  train return   +6.04%  loss 3.67e-05  maxQ +0.0121  changes   475  0.9 min
episode  70/1013  eps 0.532  train return  -16.25%  loss 3.52e-05  maxQ +0.0118  changes   512  0.9 min | val return -20.05% (best -0.67%)
episode  71/1013  eps 0.527  train return   -8.49%  loss 3.48e-05  maxQ +0.0138  changes   485  0.9 min
episode  72/1013  eps 0.523  train return   -1.54%  loss 3.72e-05  maxQ +0.0111  changes   483  0.9 min
episode  73/1013  eps 0.518  train return   -6.09%  loss 3.88e-05  maxQ +0.0111  changes   477  1.0 min
episode  74/1013  eps 0.513  train return   +6.46%  loss 3.68e-05  maxQ +0.0108  changes   501  1.0 min
episode  75/1013  eps 0.508  train return   +9.60%  loss 3.70e-05  maxQ +0.0107  changes   506  1.0 min
episode  76/1013  eps 0.504  train return  -25.31%  loss 3.75e-05  maxQ +0.0129  changes   486  1.0 min
episode  77/1013  eps 0.499  train return   -6.54%  loss 3.89e-05  maxQ +0.0120  changes   502  1.0 min
episode  78/1013  eps 0.495  train return   -8.37%  loss 3.83e-05  maxQ +0.0111  changes   486  1.0 min
episode  79/1013  eps 0.490  train return   +5.59%  loss 3.72e-05  maxQ +0.0118  changes   445  1.0 min
episode  80/1013  eps 0.486  train return  +33.19%  loss 3.87e-05  maxQ +0.0093  changes   463  1.0 min | val return -27.01% (best -0.67%)
episode  81/1013  eps 0.481  train return  -30.99%  loss 3.75e-05  maxQ +0.0108  changes   459  1.1 min
episode  82/1013  eps 0.477  train return  -15.55%  loss 3.82e-05  maxQ +0.0099  changes   491  1.1 min
episode  83/1013  eps 0.473  train return  -14.43%  loss 3.86e-05  maxQ +0.0089  changes   472  1.1 min
episode  84/1013  eps 0.468  train return   -6.27%  loss 3.89e-05  maxQ +0.0092  changes   478  1.1 min
episode  85/1013  eps 0.464  train return   -7.01%  loss 3.78e-05  maxQ +0.0088  changes   477  1.1 min
episode  86/1013  eps 0.460  train return  -15.54%  loss 3.84e-05  maxQ +0.0085  changes   464  1.1 min
episode  87/1013  eps 0.456  train return  +10.88%  loss 3.96e-05  maxQ +0.0086  changes   476  1.1 min
episode  88/1013  eps 0.451  train return  -11.21%  loss 3.72e-05  maxQ +0.0097  changes   458  1.1 min
episode  89/1013  eps 0.447  train return   -7.99%  loss 3.64e-05  maxQ +0.0098  changes   457  1.2 min
episode  90/1013  eps 0.443  train return   -1.45%  loss 3.81e-05  maxQ +0.0100  changes   461  1.2 min | val return -18.06% (best -0.67%)
episode  91/1013  eps 0.439  train return  -12.98%  loss 3.69e-05  maxQ +0.0076  changes   473  1.2 min
episode  92/1013  eps 0.435  train return  -13.11%  loss 3.67e-05  maxQ +0.0070  changes   461  1.2 min
episode  93/1013  eps 0.431  train return  -34.26%  loss 3.86e-05  maxQ +0.0076  changes   435  1.2 min
episode  94/1013  eps 0.427  train return  -19.08%  loss 3.80e-05  maxQ +0.0080  changes   449  1.2 min
episode  95/1013  eps 0.423  train return  -14.44%  loss 3.88e-05  maxQ +0.0089  changes   516  1.2 min
episode  96/1013  eps 0.420  train return   -3.49%  loss 3.91e-05  maxQ +0.0083  changes   483  1.3 min
episode  97/1013  eps 0.416  train return   -5.74%  loss 3.89e-05  maxQ +0.0078  changes   435  1.3 min
episode  98/1013  eps 0.412  train return   -8.68%  loss 3.94e-05  maxQ +0.0105  changes   417  1.3 min
episode  99/1013  eps 0.408  train return   -9.52%  loss 3.89e-05  maxQ +0.0102  changes   469  1.3 min
episode 100/1013  eps 0.405  train return  +11.95%  loss 3.84e-05  maxQ +0.0088  changes   427  1.3 min | val return -5.42% (best -0.67%)
episode 101/1013  eps 0.401  train return  -29.58%  loss 3.91e-05  maxQ +0.0078  changes   464  1.3 min
episode 102/1013  eps 0.397  train return  -37.27%  loss 3.85e-05  maxQ +0.0084  changes   423  1.3 min
episode 103/1013  eps 0.394  train return  +22.38%  loss 3.77e-05  maxQ +0.0076  changes   425  1.3 min
episode 104/1013  eps 0.390  train return   +5.87%  loss 3.89e-05  maxQ +0.0080  changes   414  1.4 min
episode 105/1013  eps 0.386  train return   +2.73%  loss 3.84e-05  maxQ +0.0077  changes   414  1.4 min
episode 106/1013  eps 0.383  train return  +17.48%  loss 3.93e-05  maxQ +0.0082  changes   450  1.4 min
episode 107/1013  eps 0.379  train return  -32.83%  loss 3.86e-05  maxQ +0.0077  changes   418  1.4 min
episode 108/1013  eps 0.376  train return  -12.37%  loss 3.93e-05  maxQ +0.0075  changes   448  1.4 min
episode 109/1013  eps 0.373  train return  -20.82%  loss 3.83e-05  maxQ +0.0077  changes   448  1.4 min
episode 110/1013  eps 0.369  train return  -13.78%  loss 3.88e-05  maxQ +0.0088  changes   431  1.4 min | val return -3.76% (best -0.67%)
episode 111/1013  eps 0.366  train return   +7.02%  loss 3.85e-05  maxQ +0.0084  changes   450  1.5 min
episode 112/1013  eps 0.363  train return  +16.20%  loss 3.77e-05  maxQ +0.0075  changes   432  1.5 min
episode 113/1013  eps 0.359  train return   +2.09%  loss 3.97e-05  maxQ +0.0068  changes   387  1.5 min
episode 114/1013  eps 0.356  train return   +6.96%  loss 3.74e-05  maxQ +0.0061  changes   424  1.5 min
episode 115/1013  eps 0.353  train return  -17.51%  loss 3.89e-05  maxQ +0.0057  changes   412  1.5 min
episode 116/1013  eps 0.349  train return   -7.66%  loss 3.81e-05  maxQ +0.0058  changes   431  1.5 min
episode 117/1013  eps 0.346  train return   -2.23%  loss 3.90e-05  maxQ +0.0069  changes   439  1.5 min
episode 118/1013  eps 0.343  train return   -2.21%  loss 3.79e-05  maxQ +0.0062  changes   389  1.5 min
episode 119/1013  eps 0.340  train return  +10.68%  loss 3.69e-05  maxQ +0.0067  changes   404  1.6 min
episode 120/1013  eps 0.337  train return  -15.07%  loss 3.77e-05  maxQ +0.0052  changes   360  1.6 min | val return -15.00% (best -0.67%)
episode 121/1013  eps 0.334  train return   -9.30%  loss 3.60e-05  maxQ +0.0056  changes   431  1.6 min
episode 122/1013  eps 0.331  train return  +13.06%  loss 3.71e-05  maxQ +0.0053  changes   428  1.6 min
episode 123/1013  eps 0.328  train return   -2.92%  loss 3.76e-05  maxQ +0.0054  changes   397  1.6 min
episode 124/1013  eps 0.325  train return   -7.86%  loss 3.66e-05  maxQ +0.0055  changes   369  1.6 min
episode 125/1013  eps 0.322  train return   -6.77%  loss 3.60e-05  maxQ +0.0061  changes   407  1.6 min
episode 126/1013  eps 0.319  train return   -3.95%  loss 3.68e-05  maxQ +0.0061  changes   402  1.6 min
episode 127/1013  eps 0.316  train return  -17.23%  loss 3.62e-05  maxQ +0.0061  changes   387  1.7 min
episode 128/1013  eps 0.313  train return   -4.77%  loss 3.53e-05  maxQ +0.0071  changes   364  1.7 min
episode 129/1013  eps 0.310  train return  +14.19%  loss 3.52e-05  maxQ +0.0073  changes   351  1.7 min
episode 130/1013  eps 0.308  train return   +2.48%  loss 3.41e-05  maxQ +0.0068  changes   387  1.7 min | val return -12.65% (best -0.67%)
episode 131/1013  eps 0.305  train return  +10.03%  loss 3.43e-05  maxQ +0.0065  changes   385  1.7 min
episode 132/1013  eps 0.302  train return   +1.14%  loss 3.51e-05  maxQ +0.0062  changes   405  1.7 min
episode 133/1013  eps 0.299  train return   +6.48%  loss 3.56e-05  maxQ +0.0060  changes   399  1.7 min
episode 134/1013  eps 0.296  train return   -9.65%  loss 3.61e-05  maxQ +0.0058  changes   401  1.8 min
episode 135/1013  eps 0.294  train return   -1.14%  loss 3.49e-05  maxQ +0.0052  changes   340  1.8 min
episode 136/1013  eps 0.291  train return   -9.99%  loss 3.51e-05  maxQ +0.0050  changes   346  1.8 min
episode 137/1013  eps 0.288  train return   +3.67%  loss 3.57e-05  maxQ +0.0056  changes   312  1.8 min
episode 138/1013  eps 0.286  train return  -18.29%  loss 3.58e-05  maxQ +0.0056  changes   345  1.8 min
episode 139/1013  eps 0.283  train return  +10.12%  loss 3.45e-05  maxQ +0.0053  changes   351  1.8 min
episode 140/1013  eps 0.281  train return  -15.81%  loss 3.34e-05  maxQ +0.0048  changes   332  1.8 min | val return -2.27% (best -0.67%)
episode 141/1013  eps 0.278  train return   -5.57%  loss 3.43e-05  maxQ +0.0043  changes   349  1.9 min
episode 142/1013  eps 0.276  train return  -31.36%  loss 3.40e-05  maxQ +0.0045  changes   364  1.9 min
episode 143/1013  eps 0.273  train return   +3.11%  loss 3.38e-05  maxQ +0.0040  changes   364  1.9 min
episode 144/1013  eps 0.271  train return   -7.40%  loss 3.20e-05  maxQ +0.0043  changes   335  1.9 min
episode 145/1013  eps 0.268  train return   -1.41%  loss 3.37e-05  maxQ +0.0036  changes   366  1.9 min
episode 146/1013  eps 0.266  train return  -17.95%  loss 3.53e-05  maxQ +0.0036  changes   362  1.9 min
episode 147/1013  eps 0.263  train return  -20.35%  loss 3.33e-05  maxQ +0.0041  changes   323  1.9 min
episode 148/1013  eps 0.261  train return  -30.52%  loss 3.47e-05  maxQ +0.0038  changes   380  2.0 min
episode 149/1013  eps 0.258  train return  -31.25%  loss 3.39e-05  maxQ +0.0033  changes   315  2.0 min
episode 150/1013  eps 0.256  train return   -7.40%  loss 3.54e-05  maxQ +0.0032  changes   304  2.0 min | val return -13.20% (best -0.67%)
episode 151/1013  eps 0.254  train return  +19.56%  loss 3.39e-05  maxQ +0.0033  changes   314  2.0 min
episode 152/1013  eps 0.251  train return   -1.41%  loss 3.52e-05  maxQ +0.0041  changes   327  2.0 min
episode 153/1013  eps 0.249  train return   -8.82%  loss 3.35e-05  maxQ +0.0039  changes   340  2.0 min
episode 154/1013  eps 0.247  train return   -5.19%  loss 3.52e-05  maxQ +0.0035  changes   356  2.1 min
episode 155/1013  eps 0.245  train return   +1.97%  loss 3.42e-05  maxQ +0.0038  changes   321  2.1 min
episode 156/1013  eps 0.242  train return   -4.02%  loss 3.43e-05  maxQ +0.0036  changes   303  2.1 min
episode 157/1013  eps 0.240  train return   -2.07%  loss 3.40e-05  maxQ +0.0030  changes   275  2.1 min
episode 158/1013  eps 0.238  train return   +0.39%  loss 3.42e-05  maxQ +0.0025  changes   305  2.1 min
episode 159/1013  eps 0.236  train return  -22.67%  loss 3.56e-05  maxQ +0.0033  changes   299  2.1 min
episode 160/1013  eps 0.234  train return   -0.40%  loss 3.41e-05  maxQ +0.0033  changes   252  2.1 min | val return +4.16% (best +4.16%)
episode 161/1013  eps 0.232  train return   -4.67%  loss 3.44e-05  maxQ +0.0038  changes   280  2.2 min
episode 162/1013  eps 0.230  train return   -2.56%  loss 3.49e-05  maxQ +0.0025  changes   280  2.2 min
episode 163/1013  eps 0.227  train return   +7.05%  loss 3.30e-05  maxQ +0.0024  changes   284  2.2 min
episode 164/1013  eps 0.225  train return  -13.56%  loss 3.18e-05  maxQ +0.0027  changes   321  2.2 min
episode 165/1013  eps 0.223  train return  +19.85%  loss 3.28e-05  maxQ +0.0035  changes   285  2.2 min
episode 166/1013  eps 0.221  train return  -20.15%  loss 3.38e-05  maxQ +0.0030  changes   262  2.2 min
episode 167/1013  eps 0.219  train return  +16.14%  loss 3.22e-05  maxQ +0.0024  changes   303  2.3 min
episode 168/1013  eps 0.217  train return   +0.66%  loss 3.24e-05  maxQ +0.0026  changes   263  2.3 min
episode 169/1013  eps 0.215  train return  -19.17%  loss 3.26e-05  maxQ +0.0021  changes   248  2.3 min
episode 170/1013  eps 0.213  train return   -6.94%  loss 3.36e-05  maxQ +0.0030  changes   325  2.3 min | val return +6.06% (best +6.06%)
episode 171/1013  eps 0.211  train return  +12.26%  loss 3.21e-05  maxQ +0.0040  changes   273  2.3 min
episode 172/1013  eps 0.209  train return  +17.07%  loss 3.26e-05  maxQ +0.0031  changes   304  2.3 min
episode 173/1013  eps 0.208  train return   -4.18%  loss 3.20e-05  maxQ +0.0033  changes   275  2.3 min
episode 174/1013  eps 0.206  train return  -27.98%  loss 3.31e-05  maxQ +0.0036  changes   269  2.4 min
episode 175/1013  eps 0.204  train return   -1.50%  loss 3.39e-05  maxQ +0.0041  changes   263  2.4 min
episode 176/1013  eps 0.202  train return   -0.75%  loss 3.23e-05  maxQ +0.0038  changes   312  2.4 min
episode 177/1013  eps 0.200  train return  +60.34%  loss 3.11e-05  maxQ +0.0042  changes   317  2.4 min
episode 178/1013  eps 0.198  train return  -22.94%  loss 3.33e-05  maxQ +0.0038  changes   263  2.4 min
episode 179/1013  eps 0.196  train return   -0.80%  loss 3.24e-05  maxQ +0.0037  changes   290  2.4 min
episode 180/1013  eps 0.195  train return  -27.17%  loss 3.29e-05  maxQ +0.0032  changes   256  2.4 min | val return -10.29% (best +6.06%)
episode 181/1013  eps 0.193  train return   -3.85%  loss 3.19e-05  maxQ +0.0027  changes   300  2.5 min
episode 182/1013  eps 0.191  train return   -5.76%  loss 3.32e-05  maxQ +0.0030  changes   292  2.5 min
episode 183/1013  eps 0.189  train return  +64.55%  loss 3.42e-05  maxQ +0.0034  changes   239  2.5 min
episode 184/1013  eps 0.188  train return   +2.20%  loss 3.41e-05  maxQ +0.0031  changes   286  2.5 min
episode 185/1013  eps 0.186  train return   +1.62%  loss 3.38e-05  maxQ +0.0039  changes   274  2.5 min
episode 186/1013  eps 0.184  train return  +10.98%  loss 3.48e-05  maxQ +0.0041  changes   272  2.5 min
episode 187/1013  eps 0.183  train return  -42.73%  loss 3.38e-05  maxQ +0.0045  changes   346  2.6 min
episode 188/1013  eps 0.181  train return  +20.29%  loss 3.54e-05  maxQ +0.0038  changes   335  2.6 min
episode 189/1013  eps 0.179  train return   -7.14%  loss 3.40e-05  maxQ +0.0033  changes   291  2.6 min
episode 190/1013  eps 0.178  train return  +16.73%  loss 3.60e-05  maxQ +0.0037  changes   294  2.6 min | val return -7.07% (best +6.06%)
episode 191/1013  eps 0.176  train return   +0.61%  loss 3.55e-05  maxQ +0.0028  changes   338  2.6 min
episode 192/1013  eps 0.174  train return  -13.28%  loss 3.69e-05  maxQ +0.0030  changes   307  2.6 min
episode 193/1013  eps 0.173  train return   +8.05%  loss 3.70e-05  maxQ +0.0028  changes   321  2.6 min
episode 194/1013  eps 0.171  train return   +6.77%  loss 3.51e-05  maxQ +0.0038  changes   282  2.7 min
episode 195/1013  eps 0.170  train return  -13.87%  loss 3.57e-05  maxQ +0.0035  changes   270  2.7 min
episode 196/1013  eps 0.168  train return   +7.10%  loss 3.58e-05  maxQ +0.0038  changes   287  2.7 min
episode 197/1013  eps 0.167  train return   -8.53%  loss 3.67e-05  maxQ +0.0033  changes   232  2.7 min
episode 198/1013  eps 0.165  train return   +0.70%  loss 3.59e-05  maxQ +0.0032  changes   249  2.7 min
episode 199/1013  eps 0.164  train return  -16.11%  loss 3.62e-05  maxQ +0.0027  changes   243  2.7 min
episode 200/1013  eps 0.162  train return  -21.42%  loss 3.61e-05  maxQ +0.0028  changes   254  2.8 min | val return -9.60% (best +6.06%)
episode 201/1013  eps 0.161  train return   +5.03%  loss 3.73e-05  maxQ +0.0023  changes   236  2.8 min
episode 202/1013  eps 0.159  train return   +7.47%  loss 3.61e-05  maxQ +0.0023  changes   249  2.8 min
episode 203/1013  eps 0.158  train return  +13.62%  loss 3.62e-05  maxQ +0.0025  changes   219  2.8 min
episode 204/1013  eps 0.156  train return   -8.11%  loss 3.82e-05  maxQ +0.0028  changes   228  2.8 min
episode 205/1013  eps 0.155  train return   +7.46%  loss 3.90e-05  maxQ +0.0026  changes   211  2.8 min
episode 206/1013  eps 0.154  train return  +11.49%  loss 3.60e-05  maxQ +0.0028  changes   207  2.9 min
episode 207/1013  eps 0.152  train return  +14.37%  loss 3.60e-05  maxQ +0.0030  changes   241  2.9 min
episode 208/1013  eps 0.151  train return   -7.08%  loss 3.67e-05  maxQ +0.0024  changes   254  2.9 min
episode 209/1013  eps 0.149  train return   -8.40%  loss 3.46e-05  maxQ +0.0034  changes   224  2.9 min
episode 210/1013  eps 0.148  train return   -4.63%  loss 3.58e-05  maxQ +0.0035  changes   215  2.9 min | val return -9.81% (best +6.06%)
episode 211/1013  eps 0.147  train return  +12.08%  loss 3.62e-05  maxQ +0.0033  changes   207  2.9 min
episode 212/1013  eps 0.145  train return   +1.46%  loss 3.45e-05  maxQ +0.0031  changes   168  2.9 min
episode 213/1013  eps 0.144  train return  +50.28%  loss 3.73e-05  maxQ +0.0034  changes   230  3.0 min
episode 214/1013  eps 0.143  train return   -5.93%  loss 3.67e-05  maxQ +0.0034  changes   264  3.0 min
episode 215/1013  eps 0.141  train return  -20.48%  loss 3.60e-05  maxQ +0.0030  changes   226  3.0 min
episode 216/1013  eps 0.140  train return  -10.08%  loss 3.57e-05  maxQ +0.0029  changes   273  3.0 min
episode 217/1013  eps 0.139  train return   -8.54%  loss 3.44e-05  maxQ +0.0030  changes   271  3.0 min
episode 218/1013  eps 0.138  train return  -25.80%  loss 3.70e-05  maxQ +0.0034  changes   296  3.0 min
episode 219/1013  eps 0.136  train return   -4.04%  loss 3.63e-05  maxQ +0.0024  changes   265  3.0 min
episode 220/1013  eps 0.135  train return   -8.25%  loss 3.43e-05  maxQ +0.0025  changes   261  3.1 min | val return +2.80% (best +6.06%)
episode 221/1013  eps 0.134  train return   +3.67%  loss 3.59e-05  maxQ +0.0025  changes   205  3.1 min
episode 222/1013  eps 0.133  train return   +4.31%  loss 3.60e-05  maxQ +0.0030  changes   247  3.1 min
episode 223/1013  eps 0.131  train return   +3.75%  loss 3.62e-05  maxQ +0.0041  changes   248  3.1 min
episode 224/1013  eps 0.130  train return  +28.01%  loss 3.58e-05  maxQ +0.0038  changes   222  3.1 min
episode 225/1013  eps 0.129  train return  +18.97%  loss 3.52e-05  maxQ +0.0038  changes   255  3.1 min
episode 226/1013  eps 0.128  train return  -33.54%  loss 3.79e-05  maxQ +0.0047  changes   222  3.2 min
episode 227/1013  eps 0.127  train return   -2.23%  loss 3.62e-05  maxQ +0.0046  changes   247  3.2 min
episode 228/1013  eps 0.126  train return  -30.72%  loss 3.68e-05  maxQ +0.0047  changes   232  3.2 min
episode 229/1013  eps 0.124  train return   -9.23%  loss 3.71e-05  maxQ +0.0047  changes   200  3.2 min
episode 230/1013  eps 0.123  train return  +31.45%  loss 3.68e-05  maxQ +0.0043  changes   244  3.2 min | val return -6.75% (best +6.06%)
episode 231/1013  eps 0.122  train return  -25.76%  loss 3.77e-05  maxQ +0.0044  changes   260  3.2 min
episode 232/1013  eps 0.121  train return  +15.72%  loss 3.81e-05  maxQ +0.0038  changes   223  3.3 min
episode 233/1013  eps 0.120  train return   -8.79%  loss 3.62e-05  maxQ +0.0043  changes   236  3.3 min
episode 234/1013  eps 0.119  train return   +8.76%  loss 3.75e-05  maxQ +0.0038  changes   229  3.3 min
episode 235/1013  eps 0.118  train return   -8.01%  loss 3.56e-05  maxQ +0.0040  changes   234  3.3 min
episode 236/1013  eps 0.117  train return   +8.51%  loss 3.62e-05  maxQ +0.0033  changes   249  3.3 min
episode 237/1013  eps 0.116  train return  +15.69%  loss 3.46e-05  maxQ +0.0028  changes   309  3.3 min
episode 238/1013  eps 0.115  train return  -33.76%  loss 3.68e-05  maxQ +0.0035  changes   294  3.4 min
episode 239/1013  eps 0.114  train return  +26.13%  loss 3.61e-05  maxQ +0.0034  changes   210  3.4 min
episode 240/1013  eps 0.112  train return   -1.75%  loss 3.92e-05  maxQ +0.0031  changes   267  3.4 min | val return +2.45% (best +6.06%)
episode 241/1013  eps 0.111  train return  -14.30%  loss 4.04e-05  maxQ +0.0034  changes   244  3.4 min
episode 242/1013  eps 0.110  train return   +9.65%  loss 3.64e-05  maxQ +0.0036  changes   257  3.4 min
episode 243/1013  eps 0.109  train return   +1.80%  loss 3.57e-05  maxQ +0.0041  changes   296  3.4 min
episode 244/1013  eps 0.108  train return  +20.02%  loss 3.77e-05  maxQ +0.0040  changes   201  3.4 min
episode 245/1013  eps 0.107  train return   +4.16%  loss 4.00e-05  maxQ +0.0036  changes   323  3.5 min
episode 246/1013  eps 0.106  train return  -26.77%  loss 3.90e-05  maxQ +0.0037  changes   228  3.5 min
episode 247/1013  eps 0.106  train return   +9.64%  loss 3.77e-05  maxQ +0.0034  changes   226  3.5 min
episode 248/1013  eps 0.105  train return  -11.00%  loss 3.76e-05  maxQ +0.0036  changes   209  3.5 min
episode 249/1013  eps 0.104  train return  +28.31%  loss 4.02e-05  maxQ +0.0031  changes   192  3.5 min
episode 250/1013  eps 0.103  train return  +27.21%  loss 3.88e-05  maxQ +0.0034  changes   204  3.5 min | val return -12.24% (best +6.06%)
episode 251/1013  eps 0.102  train return   -4.67%  loss 3.76e-05  maxQ +0.0031  changes   203  3.6 min
episode 252/1013  eps 0.101  train return   -4.89%  loss 3.75e-05  maxQ +0.0031  changes   162  3.6 min
episode 253/1013  eps 0.100  train return  -16.52%  loss 3.83e-05  maxQ +0.0029  changes   174  3.6 min
episode 254/1013  eps 0.099  train return   -1.79%  loss 3.85e-05  maxQ +0.0027  changes   164  3.6 min
episode 255/1013  eps 0.098  train return   -5.20%  loss 3.77e-05  maxQ +0.0036  changes   243  3.6 min
episode 256/1013  eps 0.097  train return  +10.64%  loss 3.78e-05  maxQ +0.0038  changes   185  3.6 min
episode 257/1013  eps 0.096  train return  +13.15%  loss 3.66e-05  maxQ +0.0042  changes   182  3.6 min
episode 258/1013  eps 0.095  train return  -12.18%  loss 3.73e-05  maxQ +0.0034  changes   162  3.7 min
episode 259/1013  eps 0.095  train return   -4.38%  loss 3.77e-05  maxQ +0.0036  changes   155  3.7 min
episode 260/1013  eps 0.094  train return  +32.43%  loss 3.60e-05  maxQ +0.0030  changes   190  3.7 min | val return -3.80% (best +6.06%)
episode 261/1013  eps 0.093  train return   +4.51%  loss 3.85e-05  maxQ +0.0031  changes   157  3.7 min
episode 262/1013  eps 0.092  train return  -13.58%  loss 3.80e-05  maxQ +0.0027  changes   188  3.7 min
episode 263/1013  eps 0.091  train return   -4.17%  loss 3.72e-05  maxQ +0.0027  changes   185  3.7 min
episode 264/1013  eps 0.090  train return  +39.87%  loss 3.76e-05  maxQ +0.0026  changes   202  3.8 min
episode 265/1013  eps 0.090  train return  -14.46%  loss 3.88e-05  maxQ +0.0030  changes   179  3.8 min
episode 266/1013  eps 0.089  train return   -2.42%  loss 3.80e-05  maxQ +0.0032  changes   187  3.8 min
episode 267/1013  eps 0.088  train return  +10.54%  loss 3.83e-05  maxQ +0.0033  changes   158  3.8 min
episode 268/1013  eps 0.087  train return   -8.77%  loss 3.79e-05  maxQ +0.0032  changes   138  3.8 min
episode 269/1013  eps 0.086  train return  -13.85%  loss 3.80e-05  maxQ +0.0034  changes   192  3.8 min
episode 270/1013  eps 0.086  train return  -12.79%  loss 3.68e-05  maxQ +0.0037  changes   200  3.8 min | val return -8.98% (best +6.06%)
episode 271/1013  eps 0.085  train return  -23.09%  loss 4.02e-05  maxQ +0.0048  changes   268  3.9 min
episode 272/1013  eps 0.084  train return   -4.20%  loss 3.99e-05  maxQ +0.0042  changes   310  3.9 min
episode 273/1013  eps 0.083  train return   -3.88%  loss 4.13e-05  maxQ +0.0041  changes   336  3.9 min
episode 274/1013  eps 0.082  train return   +4.99%  loss 3.83e-05  maxQ +0.0038  changes   255  3.9 min
episode 275/1013  eps 0.082  train return   -4.94%  loss 3.83e-05  maxQ +0.0035  changes   234  3.9 min
episode 276/1013  eps 0.081  train return   +9.47%  loss 3.80e-05  maxQ +0.0033  changes   197  3.9 min
episode 277/1013  eps 0.080  train return  -29.40%  loss 3.94e-05  maxQ +0.0032  changes   175  3.9 min
episode 278/1013  eps 0.079  train return  +31.44%  loss 3.92e-05  maxQ +0.0030  changes   194  4.0 min
episode 279/1013  eps 0.079  train return   +0.52%  loss 4.19e-05  maxQ +0.0025  changes   179  4.0 min
episode 280/1013  eps 0.078  train return  +21.40%  loss 3.98e-05  maxQ +0.0026  changes   159  4.0 min | val return -2.89% (best +6.06%)
episode 281/1013  eps 0.077  train return   +4.99%  loss 4.28e-05  maxQ +0.0029  changes   156  4.0 min
episode 282/1013  eps 0.077  train return  +12.98%  loss 4.15e-05  maxQ +0.0023  changes   152  4.0 min
episode 283/1013  eps 0.076  train return  +46.46%  loss 4.27e-05  maxQ +0.0024  changes   167  4.0 min
episode 284/1013  eps 0.075  train return  -13.48%  loss 4.19e-05  maxQ +0.0026  changes   151  4.1 min
episode 285/1013  eps 0.075  train return  +10.12%  loss 4.24e-05  maxQ +0.0023  changes   187  4.1 min
episode 286/1013  eps 0.074  train return  -18.86%  loss 4.11e-05  maxQ +0.0024  changes   127  4.1 min
episode 287/1013  eps 0.073  train return  +40.00%  loss 4.21e-05  maxQ +0.0028  changes   134  4.1 min
episode 288/1013  eps 0.073  train return  -14.68%  loss 4.30e-05  maxQ +0.0025  changes   131  4.1 min
episode 289/1013  eps 0.072  train return   +5.76%  loss 4.21e-05  maxQ +0.0023  changes   129  4.1 min
episode 290/1013  eps 0.071  train return  -35.67%  loss 4.42e-05  maxQ +0.0028  changes   107  4.1 min | val return -9.99% (best +6.06%)
episode 291/1013  eps 0.071  train return   -6.74%  loss 4.53e-05  maxQ +0.0029  changes   129  4.2 min
episode 292/1013  eps 0.070  train return  +28.93%  loss 4.46e-05  maxQ +0.0032  changes   116  4.2 min
episode 293/1013  eps 0.069  train return   -0.20%  loss 4.51e-05  maxQ +0.0038  changes   127  4.2 min
episode 294/1013  eps 0.069  train return   +3.78%  loss 4.56e-05  maxQ +0.0031  changes   121  4.2 min
episode 295/1013  eps 0.068  train return   +0.42%  loss 4.63e-05  maxQ +0.0030  changes   125  4.2 min
episode 296/1013  eps 0.067  train return  +13.99%  loss 4.62e-05  maxQ +0.0030  changes   140  4.2 min
episode 297/1013  eps 0.067  train return  -40.98%  loss 4.43e-05  maxQ +0.0031  changes   188  4.3 min
episode 298/1013  eps 0.066  train return  -12.28%  loss 4.56e-05  maxQ +0.0033  changes   151  4.3 min
episode 299/1013  eps 0.066  train return   +2.43%  loss 4.56e-05  maxQ +0.0032  changes   126  4.3 min
episode 300/1013  eps 0.065  train return  +12.89%  loss 4.33e-05  maxQ +0.0030  changes   119  4.3 min | val return +2.40% (best +6.06%)
episode 301/1013  eps 0.064  train return  -15.58%  loss 4.44e-05  maxQ +0.0030  changes   126  4.3 min
episode 302/1013  eps 0.064  train return   +5.14%  loss 4.36e-05  maxQ +0.0031  changes   115  4.3 min
episode 303/1013  eps 0.063  train return  +10.46%  loss 4.52e-05  maxQ +0.0025  changes   113  4.4 min
episode 304/1013  eps 0.063  train return  -20.42%  loss 4.53e-05  maxQ +0.0029  changes   113  4.4 min
episode 305/1013  eps 0.062  train return  +11.59%  loss 4.50e-05  maxQ +0.0027  changes   124  4.4 min
episode 306/1013  eps 0.062  train return   +2.45%  loss 4.31e-05  maxQ +0.0025  changes   172  4.4 min
episode 307/1013  eps 0.061  train return   -3.92%  loss 4.61e-05  maxQ +0.0022  changes   116  4.4 min
episode 308/1013  eps 0.060  train return   -0.38%  loss 4.08e-05  maxQ +0.0028  changes   119  4.4 min
episode 309/1013  eps 0.060  train return  +25.18%  loss 4.21e-05  maxQ +0.0030  changes   125  4.4 min
episode 310/1013  eps 0.059  train return  +65.90%  loss 4.24e-05  maxQ +0.0028  changes   214  4.4 min | val return -10.63% (best +6.06%)
episode 311/1013  eps 0.059  train return  -43.94%  loss 4.01e-05  maxQ +0.0033  changes   129  4.5 min
episode 312/1013  eps 0.058  train return  -20.79%  loss 4.16e-05  maxQ +0.0028  changes   121  4.5 min
episode 313/1013  eps 0.058  train return  +13.78%  loss 4.16e-05  maxQ +0.0028  changes   132  4.5 min
episode 314/1013  eps 0.057  train return  +51.27%  loss 4.11e-05  maxQ +0.0030  changes   126  4.5 min
episode 315/1013  eps 0.057  train return  -24.84%  loss 4.37e-05  maxQ +0.0030  changes   112  4.5 min
episode 316/1013  eps 0.056  train return  +10.22%  loss 4.02e-05  maxQ +0.0030  changes   119  4.5 min
episode 317/1013  eps 0.056  train return  +26.15%  loss 4.14e-05  maxQ +0.0026  changes   113  4.6 min
episode 318/1013  eps 0.055  train return   +6.70%  loss 4.04e-05  maxQ +0.0028  changes    96  4.6 min
episode 319/1013  eps 0.055  train return  -35.01%  loss 4.25e-05  maxQ +0.0026  changes   123  4.6 min
episode 320/1013  eps 0.054  train return  +21.87%  loss 4.52e-05  maxQ +0.0032  changes   116  4.6 min | val return -8.53% (best +6.06%)
episode 321/1013  eps 0.054  train return  -16.42%  loss 4.17e-05  maxQ +0.0023  changes   107  4.6 min
episode 322/1013  eps 0.053  train return   -9.76%  loss 4.25e-05  maxQ +0.0019  changes   130  4.6 min
episode 323/1013  eps 0.053  train return  -26.53%  loss 4.20e-05  maxQ +0.0020  changes   117  4.7 min
episode 324/1013  eps 0.052  train return  +20.15%  loss 4.26e-05  maxQ +0.0025  changes   104  4.7 min
episode 325/1013  eps 0.052  train return  +16.81%  loss 4.13e-05  maxQ +0.0023  changes   129  4.7 min
episode 326/1013  eps 0.051  train return  +14.41%  loss 4.11e-05  maxQ +0.0024  changes   121  4.7 min
episode 327/1013  eps 0.051  train return  -28.56%  loss 4.15e-05  maxQ +0.0023  changes   136  4.7 min
episode 328/1013  eps 0.050  train return   +0.23%  loss 4.07e-05  maxQ +0.0023  changes   123  4.7 min
episode 329/1013  eps 0.050  train return  +13.07%  loss 4.08e-05  maxQ +0.0023  changes   112  4.7 min
episode 330/1013  eps 0.049  train return  +16.04%  loss 4.13e-05  maxQ +0.0025  changes   127  4.8 min | val return -4.34% (best +6.06%)
episode 331/1013  eps 0.049  train return   +6.63%  loss 4.14e-05  maxQ +0.0027  changes   240  4.8 min
episode 332/1013  eps 0.049  train return   +3.44%  loss 4.14e-05  maxQ +0.0029  changes   135  4.8 min
episode 333/1013  eps 0.048  train return  -27.58%  loss 4.03e-05  maxQ +0.0022  changes   136  4.8 min
episode 334/1013  eps 0.048  train return   +7.61%  loss 4.21e-05  maxQ +0.0020  changes   113  4.8 min
episode 335/1013  eps 0.047  train return   -8.17%  loss 4.12e-05  maxQ +0.0026  changes   111  4.8 min
episode 336/1013  eps 0.047  train return  +31.43%  loss 4.20e-05  maxQ +0.0018  changes   114  4.9 min
episode 337/1013  eps 0.046  train return   -2.71%  loss 4.37e-05  maxQ +0.0021  changes   106  4.9 min
episode 338/1013  eps 0.046  train return   -4.13%  loss 4.22e-05  maxQ +0.0025  changes   120  4.9 min
episode 339/1013  eps 0.046  train return  +26.94%  loss 4.05e-05  maxQ +0.0021  changes   104  4.9 min
episode 340/1013  eps 0.045  train return  +17.07%  loss 4.19e-05  maxQ +0.0021  changes    98  4.9 min | val return -17.24% (best +6.06%)
episode 341/1013  eps 0.045  train return  +17.88%  loss 4.12e-05  maxQ +0.0023  changes   104  4.9 min
episode 342/1013  eps 0.044  train return  -33.98%  loss 3.96e-05  maxQ +0.0030  changes   101  5.0 min
episode 343/1013  eps 0.044  train return   +2.89%  loss 4.14e-05  maxQ +0.0030  changes   108  5.0 min
episode 344/1013  eps 0.043  train return   +0.68%  loss 4.14e-05  maxQ +0.0029  changes   112  5.0 min
episode 345/1013  eps 0.043  train return   -4.29%  loss 4.11e-05  maxQ +0.0025  changes   113  5.0 min
episode 346/1013  eps 0.043  train return   +8.19%  loss 4.13e-05  maxQ +0.0027  changes    97  5.0 min
episode 347/1013  eps 0.042  train return  +24.11%  loss 3.98e-05  maxQ +0.0021  changes   123  5.0 min
episode 348/1013  eps 0.042  train return   -2.09%  loss 4.17e-05  maxQ +0.0033  changes   101  5.0 min
episode 349/1013  eps 0.042  train return   -8.82%  loss 3.88e-05  maxQ +0.0032  changes    99  5.1 min
episode 350/1013  eps 0.041  train return   +2.77%  loss 3.97e-05  maxQ +0.0032  changes    79  5.1 min | val return -14.90% (best +6.06%)
episode 351/1013  eps 0.041  train return  +18.21%  loss 3.82e-05  maxQ +0.0035  changes   103  5.1 min
episode 352/1013  eps 0.040  train return  +99.74%  loss 3.99e-05  maxQ +0.0034  changes   128  5.1 min
episode 353/1013  eps 0.040  train return   +0.35%  loss 4.01e-05  maxQ +0.0035  changes    91  5.1 min
episode 354/1013  eps 0.040  train return   +3.33%  loss 4.01e-05  maxQ +0.0036  changes   109  5.1 min
episode 355/1013  eps 0.039  train return   +1.58%  loss 3.97e-05  maxQ +0.0035  changes    95  5.2 min
episode 356/1013  eps 0.039  train return   -9.48%  loss 3.92e-05  maxQ +0.0037  changes   126  5.2 min
episode 357/1013  eps 0.039  train return  -13.70%  loss 4.03e-05  maxQ +0.0036  changes    89  5.2 min
episode 358/1013  eps 0.038  train return   -3.78%  loss 4.13e-05  maxQ +0.0032  changes   114  5.2 min
episode 359/1013  eps 0.038  train return  +18.46%  loss 3.92e-05  maxQ +0.0032  changes    85  5.2 min
episode 360/1013  eps 0.038  train return  +35.86%  loss 3.78e-05  maxQ +0.0027  changes   112  5.2 min | val return -14.48% (best +6.06%)
episode 361/1013  eps 0.037  train return  +17.68%  loss 3.91e-05  maxQ +0.0031  changes    97  5.3 min
episode 362/1013  eps 0.037  train return  -13.61%  loss 3.79e-05  maxQ +0.0035  changes    81  5.3 min
episode 363/1013  eps 0.037  train return  +16.58%  loss 4.01e-05  maxQ +0.0035  changes   105  5.3 min
episode 364/1013  eps 0.036  train return  +12.71%  loss 3.91e-05  maxQ +0.0036  changes    57  5.3 min
episode 365/1013  eps 0.036  train return   +1.37%  loss 4.03e-05  maxQ +0.0036  changes    94  5.3 min
episode 366/1013  eps 0.036  train return  +14.60%  loss 4.28e-05  maxQ +0.0036  changes   105  5.3 min
episode 367/1013  eps 0.035  train return   +7.53%  loss 4.01e-05  maxQ +0.0035  changes    97  5.3 min
episode 368/1013  eps 0.035  train return   +1.82%  loss 4.27e-05  maxQ +0.0037  changes    86  5.4 min
episode 369/1013  eps 0.035  train return  +84.13%  loss 4.29e-05  maxQ +0.0037  changes    84  5.4 min
episode 370/1013  eps 0.034  train return   +5.86%  loss 4.31e-05  maxQ +0.0029  changes    96  5.4 min | val return -8.53% (best +6.06%)
episode 371/1013  eps 0.034  train return   -2.12%  loss 4.45e-05  maxQ +0.0029  changes    73  5.4 min
episode 372/1013  eps 0.034  train return  -13.51%  loss 4.46e-05  maxQ +0.0036  changes   122  5.4 min
episode 373/1013  eps 0.033  train return  -36.44%  loss 4.62e-05  maxQ +0.0030  changes    63  5.4 min
episode 374/1013  eps 0.033  train return   -9.32%  loss 4.56e-05  maxQ +0.0029  changes    84  5.5 min
episode 375/1013  eps 0.033  train return  +15.06%  loss 4.87e-05  maxQ +0.0037  changes    80  5.5 min
episode 376/1013  eps 0.032  train return  -16.54%  loss 4.75e-05  maxQ +0.0036  changes    61  5.5 min
episode 377/1013  eps 0.032  train return   -3.86%  loss 5.10e-05  maxQ +0.0034  changes   101  5.5 min
episode 378/1013  eps 0.032  train return  -41.10%  loss 4.94e-05  maxQ +0.0030  changes    70  5.5 min
episode 379/1013  eps 0.032  train return  -18.34%  loss 4.93e-05  maxQ +0.0031  changes    90  5.5 min
episode 380/1013  eps 0.031  train return   -4.65%  loss 5.15e-05  maxQ +0.0030  changes    98  5.5 min | val return +6.70% (best +6.70%)
episode 381/1013  eps 0.031  train return  +29.41%  loss 5.39e-05  maxQ +0.0036  changes    82  5.6 min
episode 382/1013  eps 0.031  train return  +17.56%  loss 4.98e-05  maxQ +0.0036  changes    58  5.6 min
episode 383/1013  eps 0.030  train return   +1.50%  loss 5.12e-05  maxQ +0.0035  changes    63  5.6 min
episode 384/1013  eps 0.030  train return   +1.86%  loss 5.30e-05  maxQ +0.0030  changes    64  5.6 min
episode 385/1013  eps 0.030  train return  -27.29%  loss 5.01e-05  maxQ +0.0025  changes    59  5.6 min
episode 386/1013  eps 0.030  train return  +10.09%  loss 5.07e-05  maxQ +0.0023  changes    55  5.6 min
episode 387/1013  eps 0.029  train return   -1.83%  loss 5.10e-05  maxQ +0.0019  changes    63  5.6 min
episode 388/1013  eps 0.029  train return  -16.89%  loss 5.09e-05  maxQ +0.0028  changes    65  5.7 min
episode 389/1013  eps 0.029  train return  -13.19%  loss 5.20e-05  maxQ +0.0024  changes    54  5.7 min
episode 390/1013  eps 0.029  train return   -3.27%  loss 4.92e-05  maxQ +0.0028  changes    67  5.7 min | val return -5.97% (best +6.70%)
episode 391/1013  eps 0.028  train return  +11.07%  loss 5.01e-05  maxQ +0.0030  changes    60  5.7 min
episode 392/1013  eps 0.028  train return   +2.43%  loss 4.94e-05  maxQ +0.0022  changes    57  5.7 min
episode 393/1013  eps 0.028  train return  -12.65%  loss 4.83e-05  maxQ +0.0022  changes    63  5.7 min
episode 394/1013  eps 0.028  train return   +1.14%  loss 5.17e-05  maxQ +0.0025  changes    66  5.8 min
episode 395/1013  eps 0.027  train return   -6.05%  loss 5.22e-05  maxQ +0.0026  changes    55  5.8 min
episode 396/1013  eps 0.027  train return  -30.64%  loss 5.28e-05  maxQ +0.0026  changes    85  5.8 min
episode 397/1013  eps 0.027  train return   -1.70%  loss 5.14e-05  maxQ +0.0027  changes    70  5.8 min
episode 398/1013  eps 0.027  train return   -6.40%  loss 4.99e-05  maxQ +0.0027  changes    73  5.8 min
episode 399/1013  eps 0.026  train return   -1.52%  loss 4.92e-05  maxQ +0.0027  changes    67  5.8 min
episode 400/1013  eps 0.026  train return  -10.78%  loss 4.96e-05  maxQ +0.0025  changes    61  5.8 min | val return -2.59% (best +6.70%)
episode 401/1013  eps 0.026  train return   +3.03%  loss 5.07e-05  maxQ +0.0024  changes    70  5.9 min
episode 402/1013  eps 0.026  train return  +27.46%  loss 5.02e-05  maxQ +0.0029  changes    62  5.9 min
episode 403/1013  eps 0.025  train return   +9.60%  loss 5.06e-05  maxQ +0.0025  changes    94  5.9 min
episode 404/1013  eps 0.025  train return   +1.44%  loss 4.81e-05  maxQ +0.0025  changes    66  5.9 min
episode 405/1013  eps 0.025  train return   +3.79%  loss 5.32e-05  maxQ +0.0029  changes    68  5.9 min
episode 406/1013  eps 0.025  train return   -1.10%  loss 5.09e-05  maxQ +0.0028  changes    62  5.9 min
episode 407/1013  eps 0.024  train return  -36.36%  loss 5.13e-05  maxQ +0.0028  changes    78  6.0 min
episode 408/1013  eps 0.024  train return   -5.85%  loss 5.30e-05  maxQ +0.0024  changes    78  6.0 min
episode 409/1013  eps 0.024  train return  +12.55%  loss 5.16e-05  maxQ +0.0022  changes    56  6.0 min
episode 410/1013  eps 0.024  train return   -8.96%  loss 5.06e-05  maxQ +0.0021  changes    45  6.0 min | val return -5.46% (best +6.70%)
episode 411/1013  eps 0.024  train return  -17.86%  loss 5.23e-05  maxQ +0.0018  changes    61  6.0 min
episode 412/1013  eps 0.023  train return  +21.45%  loss 5.15e-05  maxQ +0.0015  changes    69  6.0 min
episode 413/1013  eps 0.023  train return  +18.15%  loss 5.16e-05  maxQ +0.0018  changes    78  6.1 min
episode 414/1013  eps 0.023  train return   +0.13%  loss 5.15e-05  maxQ +0.0019  changes    54  6.1 min
episode 415/1013  eps 0.023  train return  -16.14%  loss 5.17e-05  maxQ +0.0024  changes    57  6.1 min
episode 416/1013  eps 0.023  train return   -6.24%  loss 5.53e-05  maxQ +0.0020  changes    47  6.1 min
episode 417/1013  eps 0.022  train return   +9.45%  loss 5.29e-05  maxQ +0.0018  changes    62  6.1 min
episode 418/1013  eps 0.022  train return  -13.55%  loss 5.13e-05  maxQ +0.0021  changes    75  6.1 min
episode 419/1013  eps 0.022  train return   -9.42%  loss 5.22e-05  maxQ +0.0020  changes    68  6.1 min
episode 420/1013  eps 0.022  train return  +39.23%  loss 5.15e-05  maxQ +0.0026  changes    41  6.2 min | val return -12.91% (best +6.70%)
episode 421/1013  eps 0.022  train return  +18.57%  loss 5.26e-05  maxQ +0.0024  changes    48  6.2 min
episode 422/1013  eps 0.021  train return  +14.59%  loss 5.12e-05  maxQ +0.0022  changes    62  6.2 min
episode 423/1013  eps 0.021  train return   +9.63%  loss 5.09e-05  maxQ +0.0025  changes    97  6.2 min
episode 424/1013  eps 0.021  train return   -3.88%  loss 5.22e-05  maxQ +0.0020  changes    81  6.2 min
episode 425/1013  eps 0.021  train return  -15.06%  loss 4.99e-05  maxQ +0.0014  changes    70  6.2 min
episode 426/1013  eps 0.021  train return  +18.84%  loss 5.07e-05  maxQ +0.0022  changes    80  6.3 min
episode 427/1013  eps 0.020  train return  +35.10%  loss 5.14e-05  maxQ +0.0021  changes    82  6.3 min
episode 428/1013  eps 0.020  train return  +21.73%  loss 4.85e-05  maxQ +0.0025  changes    41  6.3 min
episode 429/1013  eps 0.020  train return   +4.27%  loss 5.03e-05  maxQ +0.0026  changes    63  6.3 min
episode 430/1013  eps 0.020  train return   +5.41%  loss 5.01e-05  maxQ +0.0022  changes    56  6.3 min | val return -8.10% (best +6.70%)
episode 431/1013  eps 0.020  train return  -11.40%  loss 4.95e-05  maxQ +0.0022  changes    69  6.3 min
episode 432/1013  eps 0.019  train return   +6.51%  loss 4.65e-05  maxQ +0.0028  changes    67  6.4 min
episode 433/1013  eps 0.019  train return   +2.04%  loss 4.60e-05  maxQ +0.0022  changes    63  6.4 min
episode 434/1013  eps 0.019  train return  -12.69%  loss 4.76e-05  maxQ +0.0023  changes    72  6.4 min
episode 435/1013  eps 0.019  train return  +30.88%  loss 4.42e-05  maxQ +0.0021  changes    60  6.4 min
episode 436/1013  eps 0.019  train return  +11.91%  loss 4.64e-05  maxQ +0.0023  changes    59  6.4 min
episode 437/1013  eps 0.019  train return   -0.85%  loss 4.69e-05  maxQ +0.0022  changes    57  6.4 min
episode 438/1013  eps 0.018  train return  +23.79%  loss 4.41e-05  maxQ +0.0024  changes    77  6.4 min
episode 439/1013  eps 0.018  train return  +25.04%  loss 4.73e-05  maxQ +0.0025  changes    68  6.5 min
episode 440/1013  eps 0.018  train return  -14.51%  loss 4.44e-05  maxQ +0.0023  changes    57  6.5 min | val return +2.95% (best +6.70%)
episode 441/1013  eps 0.018  train return  -18.92%  loss 4.29e-05  maxQ +0.0022  changes   107  6.5 min
episode 442/1013  eps 0.018  train return  -13.34%  loss 4.20e-05  maxQ +0.0029  changes    62  6.5 min
episode 443/1013  eps 0.018  train return   -7.74%  loss 4.36e-05  maxQ +0.0021  changes    49  6.5 min
episode 444/1013  eps 0.017  train return   +7.82%  loss 4.28e-05  maxQ +0.0027  changes    63  6.5 min
episode 445/1013  eps 0.017  train return  +65.03%  loss 4.32e-05  maxQ +0.0025  changes    64  6.6 min
episode 446/1013  eps 0.017  train return   -5.32%  loss 4.09e-05  maxQ +0.0022  changes    80  6.6 min
episode 447/1013  eps 0.017  train return   -0.75%  loss 4.14e-05  maxQ +0.0025  changes    79  6.6 min
episode 448/1013  eps 0.017  train return  -15.86%  loss 4.09e-05  maxQ +0.0025  changes    68  6.6 min
episode 449/1013  eps 0.017  train return  +35.52%  loss 3.87e-05  maxQ +0.0021  changes    97  6.6 min
episode 450/1013  eps 0.016  train return  +38.78%  loss 4.24e-05  maxQ +0.0026  changes    73  6.6 min | val return -8.53% (best +6.70%)
episode 451/1013  eps 0.016  train return  +42.80%  loss 3.99e-05  maxQ +0.0022  changes    42  6.7 min
episode 452/1013  eps 0.016  train return   +3.20%  loss 4.22e-05  maxQ +0.0020  changes    69  6.7 min
episode 453/1013  eps 0.016  train return  +55.79%  loss 4.20e-05  maxQ +0.0025  changes    64  6.7 min
episode 454/1013  eps 0.016  train return  -22.52%  loss 4.39e-05  maxQ +0.0027  changes    75  6.7 min
episode 455/1013  eps 0.016  train return  +27.65%  loss 4.29e-05  maxQ +0.0030  changes    77  6.7 min
episode 456/1013  eps 0.016  train return   -9.79%  loss 4.32e-05  maxQ +0.0029  changes    74  6.7 min
episode 457/1013  eps 0.015  train return  -15.66%  loss 4.23e-05  maxQ +0.0028  changes    59  6.7 min
episode 458/1013  eps 0.015  train return   +8.07%  loss 4.21e-05  maxQ +0.0030  changes    66  6.8 min
episode 459/1013  eps 0.015  train return   +4.49%  loss 4.22e-05  maxQ +0.0032  changes    76  6.8 min
episode 460/1013  eps 0.015  train return  -16.52%  loss 4.23e-05  maxQ +0.0030  changes    61  6.8 min | val return -8.53% (best +6.70%)
episode 461/1013  eps 0.015  train return  -10.59%  loss 4.40e-05  maxQ +0.0031  changes    89  6.8 min
episode 462/1013  eps 0.015  train return   -4.05%  loss 4.42e-05  maxQ +0.0026  changes    63  6.8 min
episode 463/1013  eps 0.015  train return  +72.81%  loss 4.36e-05  maxQ +0.0027  changes    65  6.8 min
episode 464/1013  eps 0.015  train return   -0.94%  loss 4.26e-05  maxQ +0.0027  changes    60  6.9 min
episode 465/1013  eps 0.014  train return   +7.47%  loss 4.48e-05  maxQ +0.0027  changes    78  6.9 min
episode 466/1013  eps 0.014  train return  +19.31%  loss 4.59e-05  maxQ +0.0026  changes    73  6.9 min
episode 467/1013  eps 0.014  train return  +26.46%  loss 4.19e-05  maxQ +0.0023  changes    56  6.9 min
episode 468/1013  eps 0.014  train return   +2.22%  loss 4.49e-05  maxQ +0.0033  changes    50  6.9 min
episode 469/1013  eps 0.014  train return  +47.50%  loss 4.66e-05  maxQ +0.0031  changes    79  6.9 min
episode 470/1013  eps 0.014  train return  +47.42%  loss 4.70e-05  maxQ +0.0033  changes    72  6.9 min | val return -8.53% (best +6.70%)
episode 471/1013  eps 0.014  train return  +69.53%  loss 4.48e-05  maxQ +0.0034  changes    51  7.0 min
episode 472/1013  eps 0.013  train return   -4.58%  loss 4.44e-05  maxQ +0.0035  changes    75  7.0 min
episode 473/1013  eps 0.013  train return  -12.78%  loss 4.79e-05  maxQ +0.0037  changes    57  7.0 min
episode 474/1013  eps 0.013  train return  +38.29%  loss 4.47e-05  maxQ +0.0037  changes    51  7.0 min
episode 475/1013  eps 0.013  train return  +18.98%  loss 4.67e-05  maxQ +0.0033  changes    54  7.0 min
episode 476/1013  eps 0.013  train return  +14.79%  loss 4.67e-05  maxQ +0.0028  changes    81  7.0 min
episode 477/1013  eps 0.013  train return   +3.86%  loss 4.43e-05  maxQ +0.0034  changes   108  7.1 min
episode 478/1013  eps 0.013  train return  -20.35%  loss 4.57e-05  maxQ +0.0036  changes   374  7.1 min
episode 479/1013  eps 0.013  train return   -6.68%  loss 4.58e-05  maxQ +0.0042  changes   352  7.1 min
episode 480/1013  eps 0.013  train return  +16.74%  loss 4.61e-05  maxQ +0.0041  changes   125  7.1 min | val return +4.00% (best +6.70%)
episode 481/1013  eps 0.012  train return   -0.72%  loss 4.28e-05  maxQ +0.0045  changes   398  7.1 min
episode 482/1013  eps 0.012  train return  -33.45%  loss 4.51e-05  maxQ +0.0043  changes   268  7.1 min
episode 483/1013  eps 0.012  train return   -8.40%  loss 4.31e-05  maxQ +0.0039  changes   107  7.2 min
episode 484/1013  eps 0.012  train return  -10.41%  loss 4.39e-05  maxQ +0.0040  changes   173  7.2 min
episode 485/1013  eps 0.012  train return   -7.74%  loss 4.30e-05  maxQ +0.0039  changes   107  7.2 min
episode 486/1013  eps 0.012  train return  -11.72%  loss 4.52e-05  maxQ +0.0039  changes    52  7.2 min
episode 487/1013  eps 0.012  train return   +6.37%  loss 4.42e-05  maxQ +0.0035  changes    72  7.2 min
episode 488/1013  eps 0.012  train return   +6.64%  loss 4.55e-05  maxQ +0.0036  changes    69  7.2 min
episode 489/1013  eps 0.012  train return  -31.72%  loss 4.43e-05  maxQ +0.0043  changes    91  7.2 min
episode 490/1013  eps 0.011  train return   -7.88%  loss 4.71e-05  maxQ +0.0043  changes    94  7.3 min | val return -8.53% (best +6.70%)
episode 491/1013  eps 0.011  train return   +0.59%  loss 4.72e-05  maxQ +0.0038  changes   105  7.3 min
episode 492/1013  eps 0.011  train return  +30.85%  loss 4.80e-05  maxQ +0.0033  changes    65  7.3 min
episode 493/1013  eps 0.011  train return   +0.46%  loss 4.51e-05  maxQ +0.0038  changes    87  7.3 min
episode 494/1013  eps 0.011  train return  +12.75%  loss 4.74e-05  maxQ +0.0037  changes    54  7.3 min
episode 495/1013  eps 0.011  train return   -6.92%  loss 4.68e-05  maxQ +0.0034  changes    82  7.3 min
episode 496/1013  eps 0.011  train return   +8.88%  loss 4.63e-05  maxQ +0.0031  changes    87  7.4 min
episode 497/1013  eps 0.011  train return  +33.84%  loss 4.85e-05  maxQ +0.0033  changes    63  7.4 min
episode 498/1013  eps 0.011  train return   +0.59%  loss 4.78e-05  maxQ +0.0036  changes    58  7.4 min
episode 499/1013  eps 0.011  train return  +20.99%  loss 4.85e-05  maxQ +0.0032  changes    93  7.4 min
episode 500/1013  eps 0.010  train return   -9.29%  loss 4.62e-05  maxQ +0.0036  changes   117  7.4 min | val return -2.48% (best +6.70%)
episode 501/1013  eps 0.010  train return   +9.31%  loss 4.91e-05  maxQ +0.0037  changes    88  7.4 min
episode 502/1013  eps 0.010  train return  +41.92%  loss 4.97e-05  maxQ +0.0034  changes    99  7.5 min
episode 503/1013  eps 0.010  train return  -14.12%  loss 4.95e-05  maxQ +0.0034  changes    83  7.5 min
episode 504/1013  eps 0.010  train return  -10.89%  loss 4.83e-05  maxQ +0.0032  changes   105  7.5 min
episode 505/1013  eps 0.010  train return   -3.95%  loss 4.87e-05  maxQ +0.0037  changes   194  7.5 min
episode 506/1013  eps 0.010  train return  +15.33%  loss 4.96e-05  maxQ +0.0043  changes   224  7.5 min
episode 507/1013  eps 0.010  train return  -14.22%  loss 4.86e-05  maxQ +0.0039  changes   202  7.5 min
episode 508/1013  eps 0.010  train return   -2.92%  loss 4.88e-05  maxQ +0.0035  changes   209  7.6 min
episode 509/1013  eps 0.010  train return  +27.80%  loss 4.97e-05  maxQ +0.0033  changes   304  7.6 min
episode 510/1013  eps 0.010  train return   +6.96%  loss 4.94e-05  maxQ +0.0030  changes   201  7.6 min | val return +1.15% (best +6.70%)
episode 511/1013  eps 0.010  train return  -22.12%  loss 5.14e-05  maxQ +0.0040  changes   152  7.6 min
episode 512/1013  eps 0.010  train return   -2.08%  loss 4.91e-05  maxQ +0.0042  changes   175  7.6 min
episode 513/1013  eps 0.010  train return  -12.65%  loss 5.03e-05  maxQ +0.0047  changes   152  7.6 min
episode 514/1013  eps 0.010  train return  -13.41%  loss 4.92e-05  maxQ +0.0041  changes   170  7.7 min
episode 515/1013  eps 0.010  train return   -5.33%  loss 4.90e-05  maxQ +0.0038  changes    63  7.7 min
episode 516/1013  eps 0.010  train return   +1.03%  loss 4.80e-05  maxQ +0.0037  changes    70  7.7 min
episode 517/1013  eps 0.010  train return   -2.19%  loss 4.99e-05  maxQ +0.0033  changes    86  7.7 min
episode 518/1013  eps 0.010  train return   +5.34%  loss 4.85e-05  maxQ +0.0039  changes   327  7.7 min
episode 519/1013  eps 0.010  train return  -28.99%  loss 5.05e-05  maxQ +0.0036  changes    70  7.7 min
episode 520/1013  eps 0.010  train return  -14.39%  loss 5.22e-05  maxQ +0.0034  changes   117  7.7 min | val return +8.40% (best +8.40%)
episode 521/1013  eps 0.010  train return   -1.04%  loss 4.98e-05  maxQ +0.0034  changes   115  7.8 min
episode 522/1013  eps 0.010  train return  +11.37%  loss 4.88e-05  maxQ +0.0041  changes   159  7.8 min
episode 523/1013  eps 0.010  train return  +24.58%  loss 4.75e-05  maxQ +0.0041  changes   118  7.8 min
episode 524/1013  eps 0.010  train return   -0.21%  loss 4.89e-05  maxQ +0.0041  changes    64  7.8 min
episode 525/1013  eps 0.010  train return  +11.83%  loss 4.83e-05  maxQ +0.0037  changes    96  7.8 min
episode 526/1013  eps 0.010  train return   -4.19%  loss 4.66e-05  maxQ +0.0031  changes    92  7.8 min
episode 527/1013  eps 0.010  train return  +14.28%  loss 4.78e-05  maxQ +0.0033  changes   105  7.8 min
episode 528/1013  eps 0.010  train return   +9.88%  loss 4.78e-05  maxQ +0.0034  changes    75  7.9 min
episode 529/1013  eps 0.010  train return   -4.52%  loss 4.89e-05  maxQ +0.0035  changes   103  7.9 min
episode 530/1013  eps 0.010  train return   +5.04%  loss 4.84e-05  maxQ +0.0032  changes    76  7.9 min | val return -12.77% (best +8.40%)
episode 531/1013  eps 0.010  train return  -20.59%  loss 4.91e-05  maxQ +0.0031  changes    67  7.9 min
episode 532/1013  eps 0.010  train return  +12.93%  loss 4.86e-05  maxQ +0.0032  changes   203  7.9 min
episode 533/1013  eps 0.010  train return   +6.75%  loss 4.91e-05  maxQ +0.0034  changes   115  7.9 min
episode 534/1013  eps 0.010  train return   -3.67%  loss 4.55e-05  maxQ +0.0029  changes   128  8.0 min
episode 535/1013  eps 0.010  train return   +8.91%  loss 4.67e-05  maxQ +0.0032  changes    80  8.0 min
episode 536/1013  eps 0.010  train return   -1.18%  loss 4.55e-05  maxQ +0.0033  changes   113  8.0 min
episode 537/1013  eps 0.010  train return  +28.45%  loss 4.74e-05  maxQ +0.0031  changes   115  8.0 min
episode 538/1013  eps 0.010  train return   +8.63%  loss 4.86e-05  maxQ +0.0028  changes    63  8.0 min
episode 539/1013  eps 0.010  train return  +15.09%  loss 4.69e-05  maxQ +0.0030  changes    61  8.0 min
episode 540/1013  eps 0.010  train return  -38.60%  loss 4.89e-05  maxQ +0.0033  changes    92  8.0 min | val return -8.58% (best +8.40%)
episode 541/1013  eps 0.010  train return   +7.73%  loss 4.91e-05  maxQ +0.0030  changes    89  8.1 min
episode 542/1013  eps 0.010  train return   -3.01%  loss 4.50e-05  maxQ +0.0031  changes   174  8.1 min
episode 543/1013  eps 0.010  train return  +12.97%  loss 4.72e-05  maxQ +0.0028  changes   116  8.1 min
episode 544/1013  eps 0.010  train return  -12.73%  loss 4.54e-05  maxQ +0.0030  changes   173  8.1 min
episode 545/1013  eps 0.010  train return   -6.42%  loss 4.46e-05  maxQ +0.0031  changes   142  8.1 min
episode 546/1013  eps 0.010  train return  +25.21%  loss 4.50e-05  maxQ +0.0030  changes   106  8.1 min
episode 547/1013  eps 0.010  train return   +6.27%  loss 4.52e-05  maxQ +0.0021  changes    85  8.2 min
episode 548/1013  eps 0.010  train return   -5.82%  loss 4.34e-05  maxQ +0.0023  changes   130  8.2 min
episode 549/1013  eps 0.010  train return  +14.76%  loss 4.52e-05  maxQ +0.0030  changes   103  8.2 min
episode 550/1013  eps 0.010  train return  +16.89%  loss 4.59e-05  maxQ +0.0031  changes   138  8.2 min | val return +3.81% (best +8.40%)
episode 551/1013  eps 0.010  train return  -19.82%  loss 4.46e-05  maxQ +0.0031  changes   103  8.2 min
episode 552/1013  eps 0.010  train return   -6.38%  loss 4.62e-05  maxQ +0.0032  changes   101  8.2 min
episode 553/1013  eps 0.010  train return  +10.31%  loss 4.42e-05  maxQ +0.0031  changes    94  8.3 min
episode 554/1013  eps 0.010  train return   +1.59%  loss 4.42e-05  maxQ +0.0034  changes    97  8.3 min
episode 555/1013  eps 0.010  train return  +10.34%  loss 4.38e-05  maxQ +0.0034  changes   184  8.3 min
episode 556/1013  eps 0.010  train return  -34.62%  loss 4.20e-05  maxQ +0.0033  changes   318  8.3 min
episode 557/1013  eps 0.010  train return  -21.14%  loss 4.22e-05  maxQ +0.0034  changes    70  8.3 min
episode 558/1013  eps 0.010  train return   +6.49%  loss 4.26e-05  maxQ +0.0028  changes    57  8.3 min
episode 559/1013  eps 0.010  train return   -1.58%  loss 4.23e-05  maxQ +0.0033  changes    71  8.4 min
episode 560/1013  eps 0.010  train return   +7.19%  loss 4.39e-05  maxQ +0.0035  changes   101  8.4 min | val return +0.07% (best +8.40%)
episode 561/1013  eps 0.010  train return   -2.41%  loss 4.30e-05  maxQ +0.0030  changes    76  8.4 min
episode 562/1013  eps 0.010  train return  +13.56%  loss 4.05e-05  maxQ +0.0035  changes    62  8.4 min
episode 563/1013  eps 0.010  train return   -5.13%  loss 4.20e-05  maxQ +0.0038  changes    51  8.4 min
episode 564/1013  eps 0.010  train return  +19.14%  loss 4.03e-05  maxQ +0.0035  changes    64  8.4 min
episode 565/1013  eps 0.010  train return   -4.20%  loss 4.02e-05  maxQ +0.0037  changes    58  8.5 min
episode 566/1013  eps 0.010  train return  +13.12%  loss 4.03e-05  maxQ +0.0038  changes    66  8.5 min
episode 567/1013  eps 0.010  train return  +10.21%  loss 4.16e-05  maxQ +0.0034  changes    65  8.5 min
episode 568/1013  eps 0.010  train return  +12.69%  loss 4.05e-05  maxQ +0.0030  changes    75  8.5 min
episode 569/1013  eps 0.010  train return   -3.60%  loss 3.96e-05  maxQ +0.0028  changes    73  8.5 min
episode 570/1013  eps 0.010  train return  -26.22%  loss 4.06e-05  maxQ +0.0031  changes    64  8.5 min | val return -8.53% (best +8.40%)
episode 571/1013  eps 0.010  train return  +12.91%  loss 3.75e-05  maxQ +0.0029  changes    64  8.6 min
episode 572/1013  eps 0.010  train return  +24.10%  loss 3.98e-05  maxQ +0.0030  changes    58  8.6 min
episode 573/1013  eps 0.010  train return  -12.56%  loss 4.05e-05  maxQ +0.0027  changes    71  8.6 min
episode 574/1013  eps 0.010  train return  -16.80%  loss 3.97e-05  maxQ +0.0027  changes    58  8.6 min
episode 575/1013  eps 0.010  train return   -7.07%  loss 3.75e-05  maxQ +0.0025  changes    50  8.6 min
episode 576/1013  eps 0.010  train return  -10.20%  loss 3.70e-05  maxQ +0.0024  changes    54  8.6 min
episode 577/1013  eps 0.010  train return  -19.21%  loss 3.93e-05  maxQ +0.0026  changes    66  8.6 min
episode 578/1013  eps 0.010  train return  +20.52%  loss 3.99e-05  maxQ +0.0028  changes    88  8.7 min
episode 579/1013  eps 0.010  train return   -8.59%  loss 3.88e-05  maxQ +0.0030  changes    66  8.7 min
episode 580/1013  eps 0.010  train return  +15.78%  loss 3.86e-05  maxQ +0.0027  changes    78  8.7 min | val return -0.79% (best +8.40%)
episode 581/1013  eps 0.010  train return   -3.72%  loss 3.87e-05  maxQ +0.0025  changes    70  8.7 min
episode 582/1013  eps 0.010  train return  -16.53%  loss 3.87e-05  maxQ +0.0032  changes    62  8.7 min
episode 583/1013  eps 0.010  train return   +3.83%  loss 3.86e-05  maxQ +0.0028  changes    83  8.7 min
episode 584/1013  eps 0.010  train return  +45.38%  loss 3.80e-05  maxQ +0.0025  changes    50  8.8 min
episode 585/1013  eps 0.010  train return  -12.77%  loss 3.79e-05  maxQ +0.0027  changes    71  8.8 min
episode 586/1013  eps 0.010  train return  -23.20%  loss 3.72e-05  maxQ +0.0028  changes    56  8.8 min
episode 587/1013  eps 0.010  train return  -15.72%  loss 3.85e-05  maxQ +0.0024  changes    50  8.8 min
episode 588/1013  eps 0.010  train return   -6.87%  loss 3.72e-05  maxQ +0.0029  changes    56  8.8 min
episode 589/1013  eps 0.010  train return   +3.74%  loss 3.70e-05  maxQ +0.0024  changes    77  8.8 min
episode 590/1013  eps 0.010  train return   -0.94%  loss 3.48e-05  maxQ +0.0026  changes    63  8.8 min | val return -6.79% (best +8.40%)
episode 591/1013  eps 0.010  train return   +3.25%  loss 3.88e-05  maxQ +0.0025  changes    55  8.9 min
episode 592/1013  eps 0.010  train return  +22.78%  loss 3.74e-05  maxQ +0.0028  changes    77  8.9 min
episode 593/1013  eps 0.010  train return   +8.75%  loss 3.66e-05  maxQ +0.0030  changes    76  8.9 min
episode 594/1013  eps 0.010  train return  -17.28%  loss 3.70e-05  maxQ +0.0024  changes    67  8.9 min
episode 595/1013  eps 0.010  train return   +0.50%  loss 3.66e-05  maxQ +0.0023  changes    58  8.9 min
episode 596/1013  eps 0.010  train return   -8.60%  loss 3.77e-05  maxQ +0.0019  changes   134  8.9 min
episode 597/1013  eps 0.010  train return  +16.99%  loss 3.61e-05  maxQ +0.0026  changes   103  9.0 min
episode 598/1013  eps 0.010  train return   +8.50%  loss 3.77e-05  maxQ +0.0023  changes   112  9.0 min
episode 599/1013  eps 0.010  train return  +19.73%  loss 3.37e-05  maxQ +0.0031  changes    58  9.0 min
episode 600/1013  eps 0.010  train return  +45.32%  loss 3.42e-05  maxQ +0.0027  changes    68  9.0 min | val return +4.24% (best +8.40%)
episode 601/1013  eps 0.010  train return   +3.83%  loss 3.53e-05  maxQ +0.0027  changes    62  9.0 min
episode 602/1013  eps 0.010  train return  +11.98%  loss 3.71e-05  maxQ +0.0026  changes    57  9.0 min
episode 603/1013  eps 0.010  train return   -3.15%  loss 3.60e-05  maxQ +0.0028  changes    80  9.1 min
episode 604/1013  eps 0.010  train return   -2.39%  loss 3.40e-05  maxQ +0.0036  changes   148  9.1 min
episode 605/1013  eps 0.010  train return   -2.20%  loss 3.42e-05  maxQ +0.0037  changes   220  9.1 min
episode 606/1013  eps 0.010  train return  +12.30%  loss 3.48e-05  maxQ +0.0034  changes    61  9.1 min
episode 607/1013  eps 0.010  train return   -9.32%  loss 3.50e-05  maxQ +0.0029  changes    79  9.1 min
episode 608/1013  eps 0.010  train return   +7.99%  loss 3.54e-05  maxQ +0.0023  changes   110  9.1 min
episode 609/1013  eps 0.010  train return   +1.93%  loss 3.63e-05  maxQ +0.0026  changes    86  9.1 min
episode 610/1013  eps 0.010  train return  -26.18%  loss 3.66e-05  maxQ +0.0031  changes    68  9.2 min | val return -8.53% (best +8.40%)
episode 611/1013  eps 0.010  train return  +23.35%  loss 3.51e-05  maxQ +0.0031  changes    87  9.2 min
episode 612/1013  eps 0.010  train return  +30.55%  loss 3.51e-05  maxQ +0.0027  changes    85  9.2 min
episode 613/1013  eps 0.010  train return  -18.27%  loss 3.50e-05  maxQ +0.0024  changes    71  9.2 min
episode 614/1013  eps 0.010  train return  -14.96%  loss 3.63e-05  maxQ +0.0032  changes    67  9.2 min
episode 615/1013  eps 0.010  train return   -9.87%  loss 3.76e-05  maxQ +0.0028  changes    79  9.2 min
episode 616/1013  eps 0.010  train return   +2.17%  loss 3.59e-05  maxQ +0.0021  changes    77  9.3 min
episode 617/1013  eps 0.010  train return   -2.91%  loss 3.65e-05  maxQ +0.0025  changes    61  9.3 min
episode 618/1013  eps 0.010  train return  +31.08%  loss 3.73e-05  maxQ +0.0021  changes    73  9.3 min
episode 619/1013  eps 0.010  train return   -1.20%  loss 3.70e-05  maxQ +0.0022  changes    72  9.3 min
episode 620/1013  eps 0.010  train return  +10.84%  loss 3.66e-05  maxQ +0.0021  changes   106  9.3 min | val return -2.76% (best +8.40%)
episode 621/1013  eps 0.010  train return   +4.19%  loss 3.76e-05  maxQ +0.0023  changes    72  9.3 min
episode 622/1013  eps 0.010  train return  +19.88%  loss 3.82e-05  maxQ +0.0024  changes    85  9.4 min
episode 623/1013  eps 0.010  train return   +7.12%  loss 3.52e-05  maxQ +0.0027  changes    57  9.4 min
episode 624/1013  eps 0.010  train return   +5.93%  loss 3.79e-05  maxQ +0.0023  changes    74  9.4 min
episode 625/1013  eps 0.010  train return  +17.56%  loss 3.68e-05  maxQ +0.0027  changes    98  9.4 min
episode 626/1013  eps 0.010  train return  +30.21%  loss 3.62e-05  maxQ +0.0024  changes    95  9.4 min
episode 627/1013  eps 0.010  train return  -14.23%  loss 3.78e-05  maxQ +0.0029  changes    67  9.4 min
episode 628/1013  eps 0.010  train return  +31.99%  loss 3.61e-05  maxQ +0.0028  changes    84  9.5 min
episode 629/1013  eps 0.010  train return  +10.61%  loss 3.52e-05  maxQ +0.0028  changes    53  9.5 min
episode 630/1013  eps 0.010  train return  +29.22%  loss 3.61e-05  maxQ +0.0025  changes    77  9.5 min | val return +9.32% (best +9.32%)
episode 631/1013  eps 0.010  train return   +5.20%  loss 3.79e-05  maxQ +0.0030  changes    82  9.5 min
episode 632/1013  eps 0.010  train return  -15.34%  loss 3.89e-05  maxQ +0.0036  changes    73  9.5 min
episode 633/1013  eps 0.010  train return  -32.29%  loss 3.84e-05  maxQ +0.0035  changes   130  9.5 min
episode 634/1013  eps 0.010  train return  -15.77%  loss 4.09e-05  maxQ +0.0039  changes    73  9.5 min
episode 635/1013  eps 0.010  train return  -15.46%  loss 3.89e-05  maxQ +0.0031  changes    57  9.6 min
episode 636/1013  eps 0.010  train return  +29.12%  loss 3.74e-05  maxQ +0.0041  changes    81  9.6 min
episode 637/1013  eps 0.010  train return   -5.50%  loss 3.91e-05  maxQ +0.0038  changes    86  9.6 min
episode 638/1013  eps 0.010  train return  -34.52%  loss 3.86e-05  maxQ +0.0038  changes   125  9.6 min
episode 639/1013  eps 0.010  train return   +1.28%  loss 3.99e-05  maxQ +0.0032  changes    77  9.6 min
episode 640/1013  eps 0.010  train return  -12.75%  loss 3.93e-05  maxQ +0.0031  changes    79  9.6 min | val return +4.78% (best +9.32%)
episode 641/1013  eps 0.010  train return   -6.63%  loss 3.91e-05  maxQ +0.0029  changes    68  9.7 min
episode 642/1013  eps 0.010  train return   -8.58%  loss 3.76e-05  maxQ +0.0033  changes    87  9.7 min
episode 643/1013  eps 0.010  train return  +29.99%  loss 3.84e-05  maxQ +0.0033  changes    70  9.7 min
episode 644/1013  eps 0.010  train return   +8.25%  loss 3.77e-05  maxQ +0.0031  changes    94  9.7 min
episode 645/1013  eps 0.010  train return   +9.33%  loss 3.83e-05  maxQ +0.0027  changes    70  9.7 min
episode 646/1013  eps 0.010  train return   +1.10%  loss 3.85e-05  maxQ +0.0027  changes    74  9.7 min
episode 647/1013  eps 0.010  train return   -9.60%  loss 3.92e-05  maxQ +0.0028  changes    69  9.8 min
episode 648/1013  eps 0.010  train return   +2.96%  loss 3.83e-05  maxQ +0.0026  changes    70  9.8 min
episode 649/1013  eps 0.010  train return  +32.73%  loss 3.80e-05  maxQ +0.0026  changes    49  9.8 min
episode 650/1013  eps 0.010  train return  +33.69%  loss 3.96e-05  maxQ +0.0031  changes    52  9.8 min | val return -8.53% (best +9.32%)
episode 651/1013  eps 0.010  train return   -0.22%  loss 3.65e-05  maxQ +0.0025  changes    68  9.8 min
episode 652/1013  eps 0.010  train return   -6.46%  loss 3.75e-05  maxQ +0.0027  changes    84  9.8 min
episode 653/1013  eps 0.010  train return  -31.62%  loss 3.81e-05  maxQ +0.0029  changes    72  9.8 min
episode 654/1013  eps 0.010  train return   -7.94%  loss 3.90e-05  maxQ +0.0032  changes    70  9.9 min
episode 655/1013  eps 0.010  train return  +17.98%  loss 3.77e-05  maxQ +0.0032  changes    62  9.9 min
episode 656/1013  eps 0.010  train return   +3.53%  loss 3.72e-05  maxQ +0.0029  changes    84  9.9 min
episode 657/1013  eps 0.010  train return   -8.75%  loss 3.66e-05  maxQ +0.0031  changes    55  9.9 min
episode 658/1013  eps 0.010  train return  -14.73%  loss 3.77e-05  maxQ +0.0032  changes    83  9.9 min
episode 659/1013  eps 0.010  train return   -9.59%  loss 3.84e-05  maxQ +0.0035  changes    77  9.9 min
episode 660/1013  eps 0.010  train return  +13.59%  loss 3.70e-05  maxQ +0.0028  changes    77  9.9 min | val return -7.00% (best +9.32%)
episode 661/1013  eps 0.010  train return  +23.78%  loss 3.81e-05  maxQ +0.0032  changes    50  10.0 min
episode 662/1013  eps 0.010  train return  -12.93%  loss 3.75e-05  maxQ +0.0029  changes    59  10.0 min
episode 663/1013  eps 0.010  train return  -23.11%  loss 3.81e-05  maxQ +0.0026  changes    62  10.0 min
episode 664/1013  eps 0.010  train return  -16.83%  loss 3.80e-05  maxQ +0.0030  changes    58  10.0 min
episode 665/1013  eps 0.010  train return  +26.72%  loss 3.77e-05  maxQ +0.0035  changes    94  10.0 min
episode 666/1013  eps 0.010  train return  +22.84%  loss 3.82e-05  maxQ +0.0030  changes    85  10.0 min
episode 667/1013  eps 0.010  train return  -15.13%  loss 3.90e-05  maxQ +0.0029  changes    73  10.1 min
episode 668/1013  eps 0.010  train return  -13.61%  loss 3.88e-05  maxQ +0.0025  changes    75  10.1 min
episode 669/1013  eps 0.010  train return  -17.04%  loss 3.86e-05  maxQ +0.0024  changes    57  10.1 min
episode 670/1013  eps 0.010  train return  +26.63%  loss 3.92e-05  maxQ +0.0029  changes    81  10.1 min | val return -3.99% (best +9.32%)
episode 671/1013  eps 0.010  train return  -17.89%  loss 3.98e-05  maxQ +0.0021  changes    65  10.1 min
episode 672/1013  eps 0.010  train return   -3.96%  loss 3.98e-05  maxQ +0.0026  changes    69  10.2 min
episode 673/1013  eps 0.010  train return   -5.95%  loss 4.13e-05  maxQ +0.0027  changes    73  10.2 min
episode 674/1013  eps 0.010  train return   -5.27%  loss 3.99e-05  maxQ +0.0024  changes    88  10.2 min
episode 675/1013  eps 0.010  train return  +14.15%  loss 4.03e-05  maxQ +0.0023  changes    92  10.2 min
episode 676/1013  eps 0.010  train return   +1.04%  loss 3.97e-05  maxQ +0.0025  changes    81  10.2 min
episode 677/1013  eps 0.010  train return   -7.98%  loss 3.78e-05  maxQ +0.0024  changes    75  10.2 min
episode 678/1013  eps 0.010  train return  +27.69%  loss 3.74e-05  maxQ +0.0027  changes    79  10.2 min
episode 679/1013  eps 0.010  train return  -18.35%  loss 3.82e-05  maxQ +0.0029  changes    96  10.2 min
episode 680/1013  eps 0.010  train return   -6.31%  loss 3.72e-05  maxQ +0.0026  changes    76  10.3 min | val return +4.03% (best +9.32%)
episode 681/1013  eps 0.010  train return  +53.23%  loss 3.71e-05  maxQ +0.0025  changes    62  10.3 min
episode 682/1013  eps 0.010  train return   -4.09%  loss 3.94e-05  maxQ +0.0023  changes   100  10.3 min
episode 683/1013  eps 0.010  train return  +17.79%  loss 3.94e-05  maxQ +0.0028  changes    90  10.3 min
episode 684/1013  eps 0.010  train return  -19.51%  loss 3.62e-05  maxQ +0.0028  changes   123  10.3 min
episode 685/1013  eps 0.010  train return   -6.18%  loss 3.72e-05  maxQ +0.0028  changes    65  10.4 min
episode 686/1013  eps 0.010  train return  +11.00%  loss 3.74e-05  maxQ +0.0034  changes    70  10.4 min
episode 687/1013  eps 0.010  train return  -15.53%  loss 3.99e-05  maxQ +0.0036  changes    96  10.4 min
episode 688/1013  eps 0.010  train return   -0.81%  loss 3.69e-05  maxQ +0.0035  changes    82  10.4 min
episode 689/1013  eps 0.010  train return  +15.78%  loss 3.51e-05  maxQ +0.0031  changes    81  10.4 min
episode 690/1013  eps 0.010  train return  +25.42%  loss 3.53e-05  maxQ +0.0035  changes    71  10.4 min | val return -8.54% (best +9.32%)
episode 691/1013  eps 0.010  train return  +18.05%  loss 3.79e-05  maxQ +0.0031  changes    85  10.4 min
episode 692/1013  eps 0.010  train return  +29.49%  loss 3.84e-05  maxQ +0.0032  changes    77  10.5 min
episode 693/1013  eps 0.010  train return  -16.13%  loss 3.86e-05  maxQ +0.0027  changes    98  10.5 min
episode 694/1013  eps 0.010  train return  -10.35%  loss 3.81e-05  maxQ +0.0026  changes    81  10.5 min
episode 695/1013  eps 0.010  train return   +3.38%  loss 3.70e-05  maxQ +0.0028  changes    64  10.5 min
episode 696/1013  eps 0.010  train return   +5.88%  loss 3.84e-05  maxQ +0.0025  changes    90  10.5 min
episode 697/1013  eps 0.010  train return  -15.44%  loss 4.00e-05  maxQ +0.0025  changes    60  10.5 min
episode 698/1013  eps 0.010  train return  -17.20%  loss 3.78e-05  maxQ +0.0025  changes    86  10.5 min
episode 699/1013  eps 0.010  train return  +14.92%  loss 3.75e-05  maxQ +0.0027  changes    75  10.6 min
episode 700/1013  eps 0.010  train return   +6.57%  loss 3.84e-05  maxQ +0.0021  changes    87  10.6 min | val return -2.00% (best +9.32%)
episode 701/1013  eps 0.010  train return   -9.89%  loss 3.97e-05  maxQ +0.0020  changes    76  10.6 min
episode 702/1013  eps 0.010  train return  +10.18%  loss 3.87e-05  maxQ +0.0023  changes    89  10.6 min
episode 703/1013  eps 0.010  train return  -23.69%  loss 3.66e-05  maxQ +0.0025  changes    80  10.6 min
episode 704/1013  eps 0.010  train return  -24.59%  loss 4.07e-05  maxQ +0.0027  changes    62  10.6 min
episode 705/1013  eps 0.010  train return   +3.30%  loss 3.81e-05  maxQ +0.0022  changes    74  10.6 min
episode 706/1013  eps 0.010  train return   -1.50%  loss 3.73e-05  maxQ +0.0021  changes    74  10.7 min
episode 707/1013  eps 0.010  train return   +9.24%  loss 3.75e-05  maxQ +0.0022  changes    67  10.7 min
episode 708/1013  eps 0.010  train return  -13.54%  loss 3.77e-05  maxQ +0.0024  changes    59  10.7 min
episode 709/1013  eps 0.010  train return   +4.70%  loss 3.75e-05  maxQ +0.0022  changes    49  10.7 min
episode 710/1013  eps 0.010  train return   +0.02%  loss 3.71e-05  maxQ +0.0027  changes    64  10.7 min | val return +2.47% (best +9.32%)
episode 711/1013  eps 0.010  train return  +13.95%  loss 3.80e-05  maxQ +0.0024  changes    65  10.7 min
episode 712/1013  eps 0.010  train return  -16.59%  loss 3.78e-05  maxQ +0.0026  changes    56  10.8 min
episode 713/1013  eps 0.010  train return  -10.18%  loss 4.00e-05  maxQ +0.0035  changes    60  10.8 min
episode 714/1013  eps 0.010  train return   +1.72%  loss 3.70e-05  maxQ +0.0033  changes    68  10.8 min
episode 715/1013  eps 0.010  train return   +9.25%  loss 3.88e-05  maxQ +0.0029  changes    58  10.8 min
episode 716/1013  eps 0.010  train return  -14.43%  loss 3.73e-05  maxQ +0.0026  changes    69  10.8 min
episode 717/1013  eps 0.010  train return  -16.93%  loss 3.83e-05  maxQ +0.0026  changes    66  10.8 min
episode 718/1013  eps 0.010  train return  +22.46%  loss 3.79e-05  maxQ +0.0027  changes    63  10.8 min
episode 719/1013  eps 0.010  train return  +36.95%  loss 3.88e-05  maxQ +0.0022  changes    81  10.9 min
episode 720/1013  eps 0.010  train return  -25.88%  loss 4.06e-05  maxQ +0.0020  changes    68  10.9 min | val return +3.37% (best +9.32%)
episode 721/1013  eps 0.010  train return  -14.60%  loss 3.91e-05  maxQ +0.0023  changes    74  10.9 min
episode 722/1013  eps 0.010  train return  +49.01%  loss 3.91e-05  maxQ +0.0025  changes    62  10.9 min
episode 723/1013  eps 0.010  train return  +12.67%  loss 4.05e-05  maxQ +0.0025  changes    53  10.9 min
episode 724/1013  eps 0.010  train return  +17.80%  loss 3.95e-05  maxQ +0.0024  changes    64  10.9 min
episode 725/1013  eps 0.010  train return  +19.02%  loss 3.87e-05  maxQ +0.0026  changes    54  11.0 min
episode 726/1013  eps 0.010  train return   -8.77%  loss 3.94e-05  maxQ +0.0030  changes    69  11.0 min
episode 727/1013  eps 0.010  train return  -13.60%  loss 4.29e-05  maxQ +0.0026  changes    72  11.0 min
episode 728/1013  eps 0.010  train return  +10.30%  loss 4.08e-05  maxQ +0.0029  changes    70  11.0 min
episode 729/1013  eps 0.010  train return  +12.79%  loss 3.97e-05  maxQ +0.0026  changes    72  11.0 min
episode 730/1013  eps 0.010  train return   +3.10%  loss 4.06e-05  maxQ +0.0024  changes    63  11.0 min | val return +1.80% (best +9.32%)
episode 731/1013  eps 0.010  train return   -2.87%  loss 4.00e-05  maxQ +0.0024  changes    63  11.1 min
episode 732/1013  eps 0.010  train return   -6.07%  loss 3.96e-05  maxQ +0.0029  changes    78  11.1 min
episode 733/1013  eps 0.010  train return   +3.59%  loss 3.95e-05  maxQ +0.0023  changes    68  11.1 min
episode 734/1013  eps 0.010  train return   +1.19%  loss 4.14e-05  maxQ +0.0026  changes    59  11.1 min
episode 735/1013  eps 0.010  train return   -8.08%  loss 3.98e-05  maxQ +0.0027  changes    93  11.1 min
episode 736/1013  eps 0.010  train return   -0.04%  loss 4.06e-05  maxQ +0.0024  changes    65  11.1 min
episode 737/1013  eps 0.010  train return   -0.57%  loss 3.87e-05  maxQ +0.0021  changes    80  11.1 min
episode 738/1013  eps 0.010  train return   +0.89%  loss 4.07e-05  maxQ +0.0028  changes    72  11.2 min
episode 739/1013  eps 0.010  train return   -8.86%  loss 3.98e-05  maxQ +0.0029  changes    57  11.2 min
episode 740/1013  eps 0.010  train return  -26.37%  loss 3.88e-05  maxQ +0.0027  changes    77  11.2 min | val return -10.77% (best +9.32%)
episode 741/1013  eps 0.010  train return  -15.00%  loss 3.81e-05  maxQ +0.0028  changes    59  11.2 min
episode 742/1013  eps 0.010  train return  -12.65%  loss 3.83e-05  maxQ +0.0029  changes    71  11.2 min
episode 743/1013  eps 0.010  train return  -25.13%  loss 3.94e-05  maxQ +0.0024  changes    64  11.2 min
episode 744/1013  eps 0.010  train return   -6.05%  loss 3.80e-05  maxQ +0.0023  changes    67  11.3 min
episode 745/1013  eps 0.010  train return   +4.49%  loss 3.98e-05  maxQ +0.0024  changes    95  11.3 min
episode 746/1013  eps 0.010  train return   +4.53%  loss 4.08e-05  maxQ +0.0026  changes    66  11.3 min
episode 747/1013  eps 0.010  train return  +13.07%  loss 4.08e-05  maxQ +0.0027  changes    78  11.3 min
episode 748/1013  eps 0.010  train return   -7.68%  loss 4.03e-05  maxQ +0.0024  changes    69  11.3 min
episode 749/1013  eps 0.010  train return   -5.37%  loss 4.08e-05  maxQ +0.0028  changes    84  11.3 min
episode 750/1013  eps 0.010  train return   -2.84%  loss 4.10e-05  maxQ +0.0026  changes    70  11.3 min | val return +2.30% (best +9.32%)
episode 751/1013  eps 0.010  train return   -9.14%  loss 4.03e-05  maxQ +0.0025  changes    87  11.4 min
episode 752/1013  eps 0.010  train return   -4.67%  loss 4.10e-05  maxQ +0.0025  changes    72  11.4 min
episode 753/1013  eps 0.010  train return  -19.87%  loss 4.20e-05  maxQ +0.0024  changes    71  11.4 min
episode 754/1013  eps 0.010  train return   +5.44%  loss 4.03e-05  maxQ +0.0021  changes    76  11.4 min
episode 755/1013  eps 0.010  train return  -13.80%  loss 3.88e-05  maxQ +0.0024  changes    93  11.4 min
episode 756/1013  eps 0.010  train return  +24.96%  loss 3.94e-05  maxQ +0.0024  changes   106  11.4 min
episode 757/1013  eps 0.010  train return  -21.50%  loss 4.11e-05  maxQ +0.0027  changes    81  11.5 min
episode 758/1013  eps 0.010  train return   -7.36%  loss 4.05e-05  maxQ +0.0022  changes    76  11.5 min
episode 759/1013  eps 0.010  train return   +9.93%  loss 4.10e-05  maxQ +0.0024  changes   106  11.5 min
episode 760/1013  eps 0.010  train return  +60.74%  loss 4.10e-05  maxQ +0.0021  changes    79  11.5 min | val return -5.73% (best +9.32%)
episode 761/1013  eps 0.010  train return   -8.75%  loss 4.12e-05  maxQ +0.0030  changes    70  11.5 min
episode 762/1013  eps 0.010  train return  -14.75%  loss 3.97e-05  maxQ +0.0031  changes    74  11.5 min
episode 763/1013  eps 0.010  train return   -6.53%  loss 4.08e-05  maxQ +0.0024  changes    71  11.6 min
episode 764/1013  eps 0.010  train return   +5.51%  loss 4.13e-05  maxQ +0.0022  changes    71  11.6 min
episode 765/1013  eps 0.010  train return   -5.02%  loss 3.97e-05  maxQ +0.0021  changes    62  11.6 min
episode 766/1013  eps 0.010  train return   +1.32%  loss 3.86e-05  maxQ +0.0027  changes    85  11.6 min
episode 767/1013  eps 0.010  train return  -14.64%  loss 3.98e-05  maxQ +0.0028  changes    94  11.6 min
episode 768/1013  eps 0.010  train return  +13.18%  loss 3.97e-05  maxQ +0.0024  changes    87  11.6 min
episode 769/1013  eps 0.010  train return  -27.68%  loss 3.73e-05  maxQ +0.0021  changes    71  11.6 min
episode 770/1013  eps 0.010  train return   +8.04%  loss 3.91e-05  maxQ +0.0025  changes    63  11.7 min | val return -0.44% (best +9.32%)
episode 771/1013  eps 0.010  train return  +14.36%  loss 3.64e-05  maxQ +0.0024  changes    55  11.7 min
episode 772/1013  eps 0.010  train return  +10.72%  loss 3.78e-05  maxQ +0.0025  changes    79  11.7 min
episode 773/1013  eps 0.010  train return  +22.91%  loss 3.99e-05  maxQ +0.0024  changes    74  11.7 min
episode 774/1013  eps 0.010  train return  -12.84%  loss 3.76e-05  maxQ +0.0023  changes    80  11.7 min
episode 775/1013  eps 0.010  train return  -13.14%  loss 3.65e-05  maxQ +0.0023  changes    76  11.7 min
episode 776/1013  eps 0.010  train return   -0.53%  loss 3.78e-05  maxQ +0.0025  changes    82  11.8 min
episode 777/1013  eps 0.010  train return  +10.17%  loss 3.83e-05  maxQ +0.0027  changes    80  11.8 min
episode 778/1013  eps 0.010  train return  +30.89%  loss 3.98e-05  maxQ +0.0021  changes    76  11.8 min
episode 779/1013  eps 0.010  train return   -8.61%  loss 3.96e-05  maxQ +0.0022  changes    82  11.8 min
episode 780/1013  eps 0.010  train return  +39.28%  loss 3.70e-05  maxQ +0.0021  changes    87  11.8 min | val return +0.35% (best +9.32%)
episode 781/1013  eps 0.010  train return   -2.66%  loss 3.68e-05  maxQ +0.0019  changes    94  11.8 min
episode 782/1013  eps 0.010  train return  +20.86%  loss 3.76e-05  maxQ +0.0025  changes    99  11.8 min
episode 783/1013  eps 0.010  train return   -4.72%  loss 3.80e-05  maxQ +0.0030  changes    74  11.9 min
episode 784/1013  eps 0.010  train return  -13.85%  loss 3.89e-05  maxQ +0.0033  changes    65  11.9 min
episode 785/1013  eps 0.010  train return   +1.72%  loss 3.90e-05  maxQ +0.0033  changes    70  11.9 min
episode 786/1013  eps 0.010  train return  -16.91%  loss 3.85e-05  maxQ +0.0032  changes    67  11.9 min
episode 787/1013  eps 0.010  train return   +7.92%  loss 3.87e-05  maxQ +0.0028  changes    71  11.9 min
episode 788/1013  eps 0.010  train return  -11.05%  loss 3.76e-05  maxQ +0.0029  changes    90  11.9 min
episode 789/1013  eps 0.010  train return  +24.75%  loss 3.57e-05  maxQ +0.0028  changes    55  11.9 min
episode 790/1013  eps 0.010  train return  +14.55%  loss 3.86e-05  maxQ +0.0028  changes    88  12.0 min | val return -1.60% (best +9.32%)
episode 791/1013  eps 0.010  train return  +44.28%  loss 3.69e-05  maxQ +0.0033  changes    77  12.0 min
episode 792/1013  eps 0.010  train return   -0.41%  loss 3.82e-05  maxQ +0.0030  changes    75  12.0 min
episode 793/1013  eps 0.010  train return   +5.52%  loss 3.71e-05  maxQ +0.0025  changes    74  12.0 min
episode 794/1013  eps 0.010  train return   +7.02%  loss 3.77e-05  maxQ +0.0027  changes    56  12.0 min
episode 795/1013  eps 0.010  train return  +36.39%  loss 3.57e-05  maxQ +0.0027  changes    79  12.0 min
episode 796/1013  eps 0.010  train return  +10.76%  loss 3.70e-05  maxQ +0.0023  changes    76  12.1 min
episode 797/1013  eps 0.010  train return  +13.54%  loss 3.76e-05  maxQ +0.0025  changes    69  12.1 min
episode 798/1013  eps 0.010  train return   -8.38%  loss 3.57e-05  maxQ +0.0025  changes    46  12.1 min
episode 799/1013  eps 0.010  train return  +20.48%  loss 3.74e-05  maxQ +0.0027  changes    61  12.1 min
episode 800/1013  eps 0.010  train return   +9.91%  loss 3.66e-05  maxQ +0.0022  changes    63  12.1 min | val return +3.64% (best +9.32%)
episode 801/1013  eps 0.010  train return   +1.21%  loss 3.66e-05  maxQ +0.0026  changes    54  12.1 min
episode 802/1013  eps 0.010  train return  +10.90%  loss 3.65e-05  maxQ +0.0026  changes    65  12.2 min
episode 803/1013  eps 0.010  train return   +8.73%  loss 3.78e-05  maxQ +0.0037  changes    72  12.2 min
episode 804/1013  eps 0.010  train return   +6.28%  loss 3.56e-05  maxQ +0.0027  changes    68  12.2 min
episode 805/1013  eps 0.010  train return   +3.95%  loss 3.63e-05  maxQ +0.0023  changes    59  12.2 min
episode 806/1013  eps 0.010  train return   -4.39%  loss 3.62e-05  maxQ +0.0029  changes    50  12.2 min
episode 807/1013  eps 0.010  train return  -30.41%  loss 3.57e-05  maxQ +0.0030  changes    57  12.2 min
episode 808/1013  eps 0.010  train return  -15.68%  loss 3.73e-05  maxQ +0.0034  changes    85  12.3 min
episode 809/1013  eps 0.010  train return  +37.97%  loss 3.75e-05  maxQ +0.0038  changes    85  12.3 min
episode 810/1013  eps 0.010  train return  +12.40%  loss 3.71e-05  maxQ +0.0030  changes    57  12.3 min | val return -0.09% (best +9.32%)
episode 811/1013  eps 0.010  train return  -30.75%  loss 3.72e-05  maxQ +0.0023  changes    54  12.3 min
episode 812/1013  eps 0.010  train return  +19.98%  loss 3.86e-05  maxQ +0.0029  changes    80  12.3 min
episode 813/1013  eps 0.010  train return  -22.18%  loss 3.78e-05  maxQ +0.0029  changes    68  12.3 min
episode 814/1013  eps 0.010  train return   +1.33%  loss 3.74e-05  maxQ +0.0023  changes    56  12.4 min
episode 815/1013  eps 0.010  train return   +0.58%  loss 3.62e-05  maxQ +0.0027  changes    66  12.4 min
episode 816/1013  eps 0.010  train return  -13.56%  loss 3.72e-05  maxQ +0.0029  changes    69  12.4 min
episode 817/1013  eps 0.010  train return  -23.29%  loss 3.77e-05  maxQ +0.0033  changes    75  12.4 min
episode 818/1013  eps 0.010  train return   -1.45%  loss 3.70e-05  maxQ +0.0027  changes    61  12.4 min
episode 819/1013  eps 0.010  train return  -14.30%  loss 3.61e-05  maxQ +0.0029  changes    56  12.4 min
episode 820/1013  eps 0.010  train return   -7.12%  loss 3.82e-05  maxQ +0.0028  changes    57  12.4 min | val return -1.66% (best +9.32%)
episode 821/1013  eps 0.010  train return  -11.11%  loss 3.81e-05  maxQ +0.0030  changes    55  12.5 min
episode 822/1013  eps 0.010  train return   +3.94%  loss 3.91e-05  maxQ +0.0030  changes    49  12.5 min
episode 823/1013  eps 0.010  train return   -3.71%  loss 3.78e-05  maxQ +0.0024  changes    72  12.5 min
episode 824/1013  eps 0.010  train return   +8.46%  loss 3.77e-05  maxQ +0.0027  changes    83  12.5 min
episode 825/1013  eps 0.010  train return  +10.24%  loss 3.69e-05  maxQ +0.0022  changes    71  12.5 min
episode 826/1013  eps 0.010  train return  +23.74%  loss 3.86e-05  maxQ +0.0027  changes    70  12.5 min
episode 827/1013  eps 0.010  train return   +7.91%  loss 3.85e-05  maxQ +0.0023  changes    68  12.6 min
episode 828/1013  eps 0.010  train return   -8.02%  loss 3.76e-05  maxQ +0.0026  changes    68  12.6 min
episode 829/1013  eps 0.010  train return   +7.10%  loss 3.67e-05  maxQ +0.0030  changes    60  12.6 min
episode 830/1013  eps 0.010  train return   -4.88%  loss 3.76e-05  maxQ +0.0035  changes    47  12.6 min | val return +9.52% (best +9.52%)
episode 831/1013  eps 0.010  train return   +5.00%  loss 3.65e-05  maxQ +0.0030  changes    59  12.6 min
episode 832/1013  eps 0.010  train return  -10.93%  loss 3.71e-05  maxQ +0.0029  changes    65  12.6 min
episode 833/1013  eps 0.010  train return  -21.34%  loss 3.60e-05  maxQ +0.0028  changes    67  12.7 min
episode 834/1013  eps 0.010  train return  -15.33%  loss 3.78e-05  maxQ +0.0029  changes    56  12.7 min
episode 835/1013  eps 0.010  train return   +7.86%  loss 3.73e-05  maxQ +0.0027  changes    69  12.7 min
episode 836/1013  eps 0.010  train return   -4.64%  loss 3.88e-05  maxQ +0.0022  changes    72  12.7 min
episode 837/1013  eps 0.010  train return  -27.93%  loss 3.87e-05  maxQ +0.0029  changes    44  12.7 min
episode 838/1013  eps 0.010  train return  +13.67%  loss 3.90e-05  maxQ +0.0030  changes    52  12.7 min
episode 839/1013  eps 0.010  train return  -31.54%  loss 4.17e-05  maxQ +0.0037  changes    67  12.7 min
episode 840/1013  eps 0.010  train return  +14.66%  loss 3.88e-05  maxQ +0.0034  changes    65  12.8 min | val return +4.89% (best +9.52%)
episode 841/1013  eps 0.010  train return  +20.48%  loss 3.83e-05  maxQ +0.0030  changes    51  12.8 min
episode 842/1013  eps 0.010  train return   +8.09%  loss 3.96e-05  maxQ +0.0028  changes    61  12.8 min
episode 843/1013  eps 0.010  train return   -4.40%  loss 3.97e-05  maxQ +0.0026  changes    73  12.8 min
episode 844/1013  eps 0.010  train return   -1.27%  loss 4.15e-05  maxQ +0.0024  changes    46  12.8 min
episode 845/1013  eps 0.010  train return   -4.94%  loss 4.02e-05  maxQ +0.0023  changes    60  12.8 min
episode 846/1013  eps 0.010  train return  -24.27%  loss 4.10e-05  maxQ +0.0025  changes    63  12.8 min
episode 847/1013  eps 0.010  train return   -9.07%  loss 4.11e-05  maxQ +0.0029  changes    61  12.9 min
episode 848/1013  eps 0.010  train return   +7.82%  loss 4.18e-05  maxQ +0.0026  changes    65  12.9 min
episode 849/1013  eps 0.010  train return  -14.37%  loss 4.11e-05  maxQ +0.0027  changes    64  12.9 min
episode 850/1013  eps 0.010  train return  +10.05%  loss 4.09e-05  maxQ +0.0028  changes    65  12.9 min | val return +11.57% (best +11.57%)
episode 851/1013  eps 0.010  train return  +16.95%  loss 4.12e-05  maxQ +0.0028  changes    55  12.9 min
episode 852/1013  eps 0.010  train return   +3.99%  loss 4.08e-05  maxQ +0.0028  changes    56  12.9 min
episode 853/1013  eps 0.010  train return  -18.95%  loss 4.00e-05  maxQ +0.0023  changes    70  13.0 min
episode 854/1013  eps 0.010  train return  -19.90%  loss 4.21e-05  maxQ +0.0026  changes    60  13.0 min
episode 855/1013  eps 0.010  train return   +0.04%  loss 4.10e-05  maxQ +0.0024  changes    55  13.0 min
episode 856/1013  eps 0.010  train return   +7.46%  loss 4.11e-05  maxQ +0.0025  changes    56  13.0 min
episode 857/1013  eps 0.010  train return  +12.15%  loss 4.14e-05  maxQ +0.0024  changes    52  13.0 min
episode 858/1013  eps 0.010  train return   -7.63%  loss 4.16e-05  maxQ +0.0031  changes    59  13.0 min
episode 859/1013  eps 0.010  train return  +47.76%  loss 4.02e-05  maxQ +0.0039  changes    68  13.0 min
episode 860/1013  eps 0.010  train return   +2.42%  loss 3.98e-05  maxQ +0.0034  changes    76  13.1 min | val return -4.86% (best +11.57%)
episode 861/1013  eps 0.010  train return   +0.20%  loss 4.21e-05  maxQ +0.0037  changes    62  13.1 min
episode 862/1013  eps 0.010  train return  +41.31%  loss 4.18e-05  maxQ +0.0036  changes    60  13.1 min
episode 863/1013  eps 0.010  train return  +14.62%  loss 4.03e-05  maxQ +0.0028  changes    54  13.1 min
episode 864/1013  eps 0.010  train return   -9.95%  loss 4.11e-05  maxQ +0.0026  changes    60  13.1 min
episode 865/1013  eps 0.010  train return  +14.94%  loss 4.43e-05  maxQ +0.0025  changes    86  13.1 min
episode 866/1013  eps 0.010  train return   -3.36%  loss 4.26e-05  maxQ +0.0032  changes    69  13.2 min
episode 867/1013  eps 0.010  train return   +4.71%  loss 3.93e-05  maxQ +0.0027  changes    59  13.2 min
episode 868/1013  eps 0.010  train return   +8.92%  loss 4.01e-05  maxQ +0.0029  changes    48  13.2 min
episode 869/1013  eps 0.010  train return   +3.10%  loss 4.16e-05  maxQ +0.0029  changes    84  13.2 min
episode 870/1013  eps 0.010  train return  -49.17%  loss 4.26e-05  maxQ +0.0035  changes    62  13.2 min | val return -7.95% (best +11.57%)
episode 871/1013  eps 0.010  train return   +5.09%  loss 4.30e-05  maxQ +0.0031  changes    75  13.2 min
episode 872/1013  eps 0.010  train return  -17.94%  loss 4.35e-05  maxQ +0.0034  changes   157  13.3 min
episode 873/1013  eps 0.010  train return  -24.08%  loss 4.27e-05  maxQ +0.0029  changes   109  13.3 min
episode 874/1013  eps 0.010  train return   -0.49%  loss 4.22e-05  maxQ +0.0031  changes   118  13.3 min
episode 875/1013  eps 0.010  train return   +4.22%  loss 4.45e-05  maxQ +0.0034  changes   110  13.3 min
episode 876/1013  eps 0.010  train return  -17.07%  loss 4.06e-05  maxQ +0.0027  changes    89  13.3 min
episode 877/1013  eps 0.010  train return  -14.48%  loss 4.20e-05  maxQ +0.0027  changes    85  13.3 min
episode 878/1013  eps 0.010  train return  +19.11%  loss 3.95e-05  maxQ +0.0024  changes    80  13.3 min
episode 879/1013  eps 0.010  train return   -4.16%  loss 4.19e-05  maxQ +0.0025  changes   112  13.4 min
episode 880/1013  eps 0.010  train return   -0.81%  loss 4.12e-05  maxQ +0.0025  changes   113  13.4 min | val return -11.36% (best +11.57%)
episode 881/1013  eps 0.010  train return  +13.18%  loss 4.14e-05  maxQ +0.0024  changes   108  13.4 min
episode 882/1013  eps 0.010  train return   +4.40%  loss 4.05e-05  maxQ +0.0027  changes   121  13.4 min
episode 883/1013  eps 0.010  train return   +1.14%  loss 3.95e-05  maxQ +0.0024  changes   112  13.4 min
episode 884/1013  eps 0.010  train return  +23.37%  loss 3.98e-05  maxQ +0.0029  changes    61  13.4 min
episode 885/1013  eps 0.010  train return  +26.73%  loss 4.03e-05  maxQ +0.0022  changes    82  13.5 min
episode 886/1013  eps 0.010  train return   -5.14%  loss 4.14e-05  maxQ +0.0021  changes    96  13.5 min
episode 887/1013  eps 0.010  train return  -18.69%  loss 4.04e-05  maxQ +0.0023  changes    75  13.5 min
episode 888/1013  eps 0.010  train return   -3.93%  loss 4.15e-05  maxQ +0.0028  changes    84  13.5 min
episode 889/1013  eps 0.010  train return  +35.51%  loss 4.08e-05  maxQ +0.0024  changes   103  13.5 min
episode 890/1013  eps 0.010  train return   +1.41%  loss 4.15e-05  maxQ +0.0023  changes    59  13.5 min | val return +2.80% (best +11.57%)
episode 891/1013  eps 0.010  train return  -26.11%  loss 3.87e-05  maxQ +0.0020  changes    57  13.6 min
episode 892/1013  eps 0.010  train return  -18.45%  loss 4.39e-05  maxQ +0.0024  changes    86  13.6 min
episode 893/1013  eps 0.010  train return   -1.12%  loss 4.41e-05  maxQ +0.0026  changes    73  13.6 min
episode 894/1013  eps 0.010  train return  -12.46%  loss 4.15e-05  maxQ +0.0033  changes    64  13.6 min
episode 895/1013  eps 0.010  train return   -1.15%  loss 4.38e-05  maxQ +0.0026  changes   101  13.6 min
episode 896/1013  eps 0.010  train return   +7.05%  loss 4.33e-05  maxQ +0.0033  changes    31  13.6 min
episode 897/1013  eps 0.010  train return  +17.55%  loss 4.36e-05  maxQ +0.0030  changes    73  13.6 min
episode 898/1013  eps 0.010  train return   -5.24%  loss 4.43e-05  maxQ +0.0033  changes    50  13.7 min
episode 899/1013  eps 0.010  train return   +0.43%  loss 4.57e-05  maxQ +0.0040  changes    74  13.7 min
episode 900/1013  eps 0.010  train return  +23.45%  loss 4.61e-05  maxQ +0.0033  changes    97  13.7 min | val return -8.53% (best +11.57%)
episode 901/1013  eps 0.010  train return  -13.42%  loss 4.76e-05  maxQ +0.0034  changes   161  13.7 min
episode 902/1013  eps 0.010  train return   -9.23%  loss 4.71e-05  maxQ +0.0030  changes    91  13.7 min
episode 903/1013  eps 0.010  train return   +5.75%  loss 4.62e-05  maxQ +0.0030  changes    67  13.7 min
episode 904/1013  eps 0.010  train return  +17.39%  loss 4.51e-05  maxQ +0.0034  changes    88  13.8 min
episode 905/1013  eps 0.010  train return  -35.34%  loss 4.41e-05  maxQ +0.0029  changes    68  13.8 min
episode 906/1013  eps 0.010  train return  +28.17%  loss 5.03e-05  maxQ +0.0033  changes   119  13.8 min
episode 907/1013  eps 0.010  train return  -16.39%  loss 4.81e-05  maxQ +0.0033  changes   103  13.8 min
episode 908/1013  eps 0.010  train return   -1.88%  loss 4.67e-05  maxQ +0.0039  changes   175  13.8 min
episode 909/1013  eps 0.010  train return  +27.08%  loss 4.85e-05  maxQ +0.0039  changes   110  13.8 min
episode 910/1013  eps 0.010  train return  -28.40%  loss 4.81e-05  maxQ +0.0040  changes   116  13.8 min | val return +4.93% (best +11.57%)
episode 911/1013  eps 0.010  train return  +11.00%  loss 4.58e-05  maxQ +0.0033  changes   117  13.9 min
episode 912/1013  eps 0.010  train return   +6.40%  loss 4.78e-05  maxQ +0.0031  changes   173  13.9 min
episode 913/1013  eps 0.010  train return  -30.55%  loss 4.86e-05  maxQ +0.0035  changes   168  13.9 min
episode 914/1013  eps 0.010  train return  -35.55%  loss 4.87e-05  maxQ +0.0035  changes   175  13.9 min
episode 915/1013  eps 0.010  train return   +3.96%  loss 4.82e-05  maxQ +0.0028  changes   125  13.9 min
episode 916/1013  eps 0.010  train return  +45.74%  loss 5.28e-05  maxQ +0.0029  changes   139  13.9 min
episode 917/1013  eps 0.010  train return  -23.33%  loss 5.24e-05  maxQ +0.0025  changes   178  14.0 min
episode 918/1013  eps 0.010  train return  -13.92%  loss 5.13e-05  maxQ +0.0035  changes   221  14.0 min
episode 919/1013  eps 0.010  train return  +16.34%  loss 5.08e-05  maxQ +0.0030  changes   142  14.0 min
episode 920/1013  eps 0.010  train return   +3.07%  loss 4.77e-05  maxQ +0.0028  changes   140  14.0 min | val return +19.86% (best +19.86%)
episode 921/1013  eps 0.010  train return  +10.98%  loss 5.10e-05  maxQ +0.0030  changes   116  14.0 min
episode 922/1013  eps 0.010  train return  +10.43%  loss 4.96e-05  maxQ +0.0032  changes   111  14.0 min
episode 923/1013  eps 0.010  train return   -5.14%  loss 4.83e-05  maxQ +0.0028  changes   134  14.1 min
episode 924/1013  eps 0.010  train return  -28.94%  loss 4.73e-05  maxQ +0.0032  changes    70  14.1 min
episode 925/1013  eps 0.010  train return  +19.03%  loss 4.78e-05  maxQ +0.0036  changes    89  14.1 min
episode 926/1013  eps 0.010  train return  +19.09%  loss 4.98e-05  maxQ +0.0035  changes    81  14.1 min
episode 927/1013  eps 0.010  train return  -21.44%  loss 5.02e-05  maxQ +0.0036  changes   124  14.1 min
episode 928/1013  eps 0.010  train return  +26.06%  loss 5.02e-05  maxQ +0.0032  changes    94  14.1 min
episode 929/1013  eps 0.010  train return   -0.67%  loss 4.97e-05  maxQ +0.0025  changes   101  14.1 min
episode 930/1013  eps 0.010  train return   +3.91%  loss 5.10e-05  maxQ +0.0029  changes    88  14.2 min | val return +1.96% (best +19.86%)
episode 931/1013  eps 0.010  train return  -29.33%  loss 4.95e-05  maxQ +0.0027  changes    91  14.2 min
episode 932/1013  eps 0.010  train return  +66.39%  loss 5.19e-05  maxQ +0.0027  changes   137  14.2 min
episode 933/1013  eps 0.010  train return  +11.64%  loss 5.07e-05  maxQ +0.0031  changes   172  14.2 min
episode 934/1013  eps 0.010  train return  +14.01%  loss 4.97e-05  maxQ +0.0034  changes    75  14.2 min
episode 935/1013  eps 0.010  train return  +72.21%  loss 4.96e-05  maxQ +0.0030  changes   125  14.2 min
episode 936/1013  eps 0.010  train return  -19.61%  loss 5.10e-05  maxQ +0.0032  changes   107  14.3 min
episode 937/1013  eps 0.010  train return  +18.06%  loss 5.35e-05  maxQ +0.0034  changes   207  14.3 min
episode 938/1013  eps 0.010  train return   +1.58%  loss 5.10e-05  maxQ +0.0035  changes   129  14.3 min
episode 939/1013  eps 0.010  train return   +6.45%  loss 5.00e-05  maxQ +0.0032  changes   106  14.3 min
episode 940/1013  eps 0.010  train return   -6.89%  loss 4.87e-05  maxQ +0.0033  changes   137  14.3 min | val return +6.12% (best +19.86%)
episode 941/1013  eps 0.010  train return  -20.61%  loss 5.03e-05  maxQ +0.0032  changes   102  14.3 min
episode 942/1013  eps 0.010  train return  +21.80%  loss 5.05e-05  maxQ +0.0030  changes   106  14.4 min
episode 943/1013  eps 0.010  train return   -8.27%  loss 5.38e-05  maxQ +0.0031  changes    82  14.4 min
episode 944/1013  eps 0.010  train return   -3.99%  loss 5.18e-05  maxQ +0.0032  changes   137  14.4 min
episode 945/1013  eps 0.010  train return   +5.90%  loss 5.21e-05  maxQ +0.0031  changes   136  14.4 min
episode 946/1013  eps 0.010  train return  -22.72%  loss 5.34e-05  maxQ +0.0035  changes   184  14.4 min
episode 947/1013  eps 0.010  train return   -9.88%  loss 5.12e-05  maxQ +0.0028  changes   159  14.4 min
episode 948/1013  eps 0.010  train return   +5.54%  loss 5.27e-05  maxQ +0.0038  changes   144  14.4 min
episode 949/1013  eps 0.010  train return   +1.76%  loss 5.02e-05  maxQ +0.0031  changes   116  14.5 min
episode 950/1013  eps 0.010  train return   +5.03%  loss 5.26e-05  maxQ +0.0030  changes   155  14.5 min | val return +2.32% (best +19.86%)
episode 951/1013  eps 0.010  train return  -25.79%  loss 5.09e-05  maxQ +0.0042  changes   130  14.5 min
episode 952/1013  eps 0.010  train return  +11.57%  loss 4.88e-05  maxQ +0.0039  changes    83  14.5 min
episode 953/1013  eps 0.010  train return  +18.83%  loss 5.32e-05  maxQ +0.0036  changes    69  14.5 min
episode 954/1013  eps 0.010  train return  -25.36%  loss 5.34e-05  maxQ +0.0036  changes   112  14.6 min
episode 955/1013  eps 0.010  train return   +3.82%  loss 5.30e-05  maxQ +0.0036  changes    71  14.6 min
episode 956/1013  eps 0.010  train return  +18.67%  loss 5.14e-05  maxQ +0.0034  changes   112  14.6 min
episode 957/1013  eps 0.010  train return  +32.79%  loss 5.04e-05  maxQ +0.0036  changes    90  14.6 min
episode 958/1013  eps 0.010  train return  -18.85%  loss 5.11e-05  maxQ +0.0031  changes   140  14.6 min
episode 959/1013  eps 0.010  train return  -21.06%  loss 4.88e-05  maxQ +0.0029  changes   211  14.6 min
episode 960/1013  eps 0.010  train return  +23.91%  loss 5.35e-05  maxQ +0.0030  changes   175  14.6 min | val return +1.51% (best +19.86%)
episode 961/1013  eps 0.010  train return   +4.70%  loss 4.94e-05  maxQ +0.0032  changes    93  14.7 min
episode 962/1013  eps 0.010  train return  -12.37%  loss 5.06e-05  maxQ +0.0034  changes   165  14.7 min
episode 963/1013  eps 0.010  train return   -2.77%  loss 4.98e-05  maxQ +0.0036  changes   191  14.7 min
episode 964/1013  eps 0.010  train return  -10.13%  loss 5.04e-05  maxQ +0.0038  changes   201  14.7 min
episode 965/1013  eps 0.010  train return   -0.99%  loss 4.74e-05  maxQ +0.0031  changes   107  14.7 min
episode 966/1013  eps 0.010  train return  -11.68%  loss 4.70e-05  maxQ +0.0033  changes    96  14.7 min
episode 967/1013  eps 0.010  train return   -7.58%  loss 4.91e-05  maxQ +0.0033  changes   115  14.8 min
episode 968/1013  eps 0.010  train return  +11.45%  loss 4.76e-05  maxQ +0.0031  changes    72  14.8 min
episode 969/1013  eps 0.010  train return   -3.34%  loss 4.66e-05  maxQ +0.0031  changes   117  14.8 min
episode 970/1013  eps 0.010  train return  +48.53%  loss 4.71e-05  maxQ +0.0033  changes    78  14.8 min | val return -3.18% (best +19.86%)
episode 971/1013  eps 0.010  train return  -26.10%  loss 4.64e-05  maxQ +0.0029  changes    90  14.8 min
episode 972/1013  eps 0.010  train return  +25.18%  loss 4.65e-05  maxQ +0.0026  changes    90  14.9 min
episode 973/1013  eps 0.010  train return  +27.18%  loss 4.77e-05  maxQ +0.0026  changes    84  14.9 min
episode 974/1013  eps 0.010  train return   +7.85%  loss 4.75e-05  maxQ +0.0029  changes    75  14.9 min
episode 975/1013  eps 0.010  train return  +15.12%  loss 4.77e-05  maxQ +0.0027  changes    84  14.9 min
episode 976/1013  eps 0.010  train return   +4.97%  loss 4.58e-05  maxQ +0.0025  changes    96  14.9 min
episode 977/1013  eps 0.010  train return   -6.53%  loss 4.71e-05  maxQ +0.0029  changes    92  14.9 min
episode 978/1013  eps 0.010  train return  -14.31%  loss 4.70e-05  maxQ +0.0028  changes   108  15.0 min
episode 979/1013  eps 0.010  train return  +10.97%  loss 4.85e-05  maxQ +0.0034  changes   104  15.0 min
episode 980/1013  eps 0.010  train return   +8.75%  loss 4.94e-05  maxQ +0.0027  changes   117  15.0 min | val return +9.02% (best +19.86%)
episode 981/1013  eps 0.010  train return  -11.63%  loss 4.79e-05  maxQ +0.0030  changes   112  15.0 min
episode 982/1013  eps 0.010  train return   -1.08%  loss 4.79e-05  maxQ +0.0033  changes    64  15.0 min
episode 983/1013  eps 0.010  train return   -2.54%  loss 4.75e-05  maxQ +0.0031  changes    76  15.0 min
episode 984/1013  eps 0.010  train return  -19.17%  loss 4.88e-05  maxQ +0.0030  changes    70  15.1 min
episode 985/1013  eps 0.010  train return  -10.11%  loss 4.84e-05  maxQ +0.0034  changes    78  15.1 min
episode 986/1013  eps 0.010  train return   -6.91%  loss 4.92e-05  maxQ +0.0035  changes   115  15.1 min
episode 987/1013  eps 0.010  train return  +11.15%  loss 4.71e-05  maxQ +0.0036  changes    62  15.1 min
episode 988/1013  eps 0.010  train return  +17.92%  loss 4.94e-05  maxQ +0.0042  changes    80  15.1 min
episode 989/1013  eps 0.010  train return   -4.38%  loss 4.98e-05  maxQ +0.0040  changes    73  15.1 min
episode 990/1013  eps 0.010  train return  -35.71%  loss 5.12e-05  maxQ +0.0041  changes    77  15.1 min | val return -10.43% (best +19.86%)
episode 991/1013  eps 0.010  train return   +2.15%  loss 4.85e-05  maxQ +0.0039  changes    99  15.2 min
episode 992/1013  eps 0.010  train return   -7.64%  loss 5.16e-05  maxQ +0.0038  changes    67  15.2 min
episode 993/1013  eps 0.010  train return   -7.40%  loss 5.09e-05  maxQ +0.0030  changes    77  15.2 min
episode 994/1013  eps 0.010  train return  +18.85%  loss 4.79e-05  maxQ +0.0026  changes    99  15.2 min
episode 995/1013  eps 0.010  train return   +4.17%  loss 4.71e-05  maxQ +0.0029  changes    69  15.2 min
episode 996/1013  eps 0.010  train return   +4.11%  loss 4.93e-05  maxQ +0.0031  changes    99  15.2 min
episode 997/1013  eps 0.010  train return  -11.50%  loss 4.87e-05  maxQ +0.0030  changes    84  15.3 min
episode 998/1013  eps 0.010  train return   -9.47%  loss 4.79e-05  maxQ +0.0033  changes    80  15.3 min
episode 999/1013  eps 0.010  train return   +6.75%  loss 4.80e-05  maxQ +0.0032  changes   103  15.3 min
episode 1000/1013  eps 0.010  train return   -4.68%  loss 4.93e-05  maxQ +0.0029  changes    66  15.3 min | val return -0.51% (best +19.86%)
episode 1001/1013  eps 0.010  train return  -15.26%  loss 4.61e-05  maxQ +0.0039  changes   105  15.3 min
episode 1002/1013  eps 0.010  train return   -4.25%  loss 4.72e-05  maxQ +0.0033  changes    97  15.3 min
episode 1003/1013  eps 0.010  train return  +12.85%  loss 4.89e-05  maxQ +0.0035  changes   101  15.4 min
episode 1004/1013  eps 0.010  train return   -6.61%  loss 4.78e-05  maxQ +0.0032  changes    72  15.4 min
episode 1005/1013  eps 0.010  train return  +16.75%  loss 4.67e-05  maxQ +0.0033  changes    84  15.4 min
episode 1006/1013  eps 0.010  train return  -16.71%  loss 4.80e-05  maxQ +0.0035  changes    79  15.4 min
episode 1007/1013  eps 0.010  train return   +4.38%  loss 4.96e-05  maxQ +0.0033  changes    96  15.4 min
episode 1008/1013  eps 0.010  train return  +10.72%  loss 4.64e-05  maxQ +0.0032  changes    79  15.4 min
episode 1009/1013  eps 0.010  train return   +5.62%  loss 4.61e-05  maxQ +0.0029  changes    99  15.4 min
episode 1010/1013  eps 0.010  train return  +11.45%  loss 4.70e-05  maxQ +0.0029  changes    99  15.5 min | val return -7.95% (best +19.86%)
episode 1011/1013  eps 0.010  train return   +0.62%  loss 4.70e-05  maxQ +0.0030  changes   106  15.5 min
episode 1012/1013  eps 0.010  train return   +8.88%  loss 4.72e-05  maxQ +0.0028  changes   147  15.5 min
episode 1013/1013  eps 0.010  train return   +0.70%  loss 4.80e-05  maxQ +0.0025  changes    73  15.5 min | val return -0.58% (best +19.86%)
model    env  portfolio_return  excess_return  n_changes
 last    val         -0.005787       0.036831      178.9
 last val_w1          0.039135       0.066051       79.9
 last val_w2         -0.041875      -0.026441      101.9
 best    val          0.198624       0.241242       75.0
 best val_w1          0.254364       0.281279       41.0
 best val_w2         -0.046823      -0.031389       35.0
