Downloaded data: 30,528 candles, 2023-03-25 00:00:00+00:00 to 2026-09-16 23:00:00+00:00; no missing hours
dev_train: 28,152 candles, 2023-04-01 00:00:00+00:00 to 2026-06-16 23:00:00+00:00; no missing hours
val: 1,464 candles, 2026-06-17 00:00:00+00:00 to 2026-08-16 23:00:00+00:00; no missing hours
eval: 744 candles, 2026-08-17 00:00:00+00:00 to 2026-09-16 23:00:00+00:00; no missing hours
episode   1/1013  eps 1.000  train return   +2.29%  loss 6.14e-04  maxQ +0.0804  changes   599  0.0 min
episode   2/1013  eps 0.991  train return  -10.07%  loss 2.96e-05  maxQ +0.0660  changes   577  0.0 min
episode   3/1013  eps 0.982  train return   +9.63%  loss 3.33e-05  maxQ +0.0528  changes   569  0.0 min
episode   4/1013  eps 0.973  train return   -0.80%  loss 3.56e-05  maxQ +0.0474  changes   577  0.1 min
episode   5/1013  eps 0.964  train return  -12.69%  loss 3.74e-05  maxQ +0.0421  changes   570  0.1 min
episode   6/1013  eps 0.955  train return  +14.08%  loss 3.93e-05  maxQ +0.0371  changes   593  0.1 min
episode   7/1013  eps 0.947  train return   -2.95%  loss 4.00e-05  maxQ +0.0346  changes   573  0.1 min
episode   8/1013  eps 0.938  train return   -2.48%  loss 3.77e-05  maxQ +0.0363  changes   562  0.1 min
episode   9/1013  eps 0.929  train return  -21.27%  loss 3.55e-05  maxQ +0.0334  changes   586  0.1 min
episode  10/1013  eps 0.921  train return   +8.82%  loss 3.62e-05  maxQ +0.0327  changes   562  0.1 min | val return -4.78% (best -4.78%)
episode  11/1013  eps 0.913  train return  -21.88%  loss 3.44e-05  maxQ +0.0269  changes   575  0.2 min
episode  12/1013  eps 0.904  train return   -4.80%  loss 3.25e-05  maxQ +0.0255  changes   573  0.2 min
episode  13/1013  eps 0.896  train return  -14.67%  loss 3.25e-05  maxQ +0.0312  changes   563  0.2 min
episode  14/1013  eps 0.888  train return  +15.03%  loss 3.09e-05  maxQ +0.0278  changes   574  0.2 min
episode  15/1013  eps 0.880  train return  -26.40%  loss 3.23e-05  maxQ +0.0302  changes   580  0.2 min
episode  16/1013  eps 0.872  train return  -15.24%  loss 3.19e-05  maxQ +0.0266  changes   591  0.2 min
episode  17/1013  eps 0.864  train return  -21.19%  loss 3.19e-05  maxQ +0.0229  changes   574  0.2 min
episode  18/1013  eps 0.856  train return  -22.81%  loss 3.43e-05  maxQ +0.0260  changes   580  0.2 min
episode  19/1013  eps 0.848  train return  -32.93%  loss 3.47e-05  maxQ +0.0236  changes   563  0.3 min
episode  20/1013  eps 0.841  train return   +4.72%  loss 3.41e-05  maxQ +0.0250  changes   572  0.3 min | val return -4.69% (best -4.69%)
episode  21/1013  eps 0.833  train return  +12.55%  loss 3.52e-05  maxQ +0.0265  changes   569  0.3 min
episode  22/1013  eps 0.825  train return   -9.48%  loss 3.52e-05  maxQ +0.0269  changes   566  0.3 min
episode  23/1013  eps 0.818  train return  -26.63%  loss 3.55e-05  maxQ +0.0257  changes   575  0.3 min
episode  24/1013  eps 0.810  train return  -24.91%  loss 3.66e-05  maxQ +0.0203  changes   562  0.3 min
episode  25/1013  eps 0.803  train return  +15.01%  loss 3.76e-05  maxQ +0.0204  changes   571  0.3 min
episode  26/1013  eps 0.796  train return   -3.34%  loss 3.80e-05  maxQ +0.0206  changes   572  0.3 min
episode  27/1013  eps 0.788  train return   -8.00%  loss 3.78e-05  maxQ +0.0216  changes   565  0.4 min
episode  28/1013  eps 0.781  train return  +12.55%  loss 3.69e-05  maxQ +0.0222  changes   560  0.4 min
episode  29/1013  eps 0.774  train return  -21.60%  loss 3.53e-05  maxQ +0.0244  changes   558  0.4 min
episode  30/1013  eps 0.767  train return   -0.46%  loss 3.81e-05  maxQ +0.0275  changes   551  0.4 min | val return -15.53% (best -4.69%)
episode  31/1013  eps 0.760  train return  -16.31%  loss 3.63e-05  maxQ +0.0241  changes   542  0.4 min
episode  32/1013  eps 0.753  train return  -37.62%  loss 3.63e-05  maxQ +0.0250  changes   536  0.4 min
episode  33/1013  eps 0.746  train return   -4.64%  loss 3.57e-05  maxQ +0.0228  changes   561  0.4 min
episode  34/1013  eps 0.740  train return  -23.57%  loss 3.39e-05  maxQ +0.0238  changes   569  0.4 min
episode  35/1013  eps 0.733  train return  -27.47%  loss 3.62e-05  maxQ +0.0251  changes   569  0.5 min
episode  36/1013  eps 0.726  train return  +37.07%  loss 3.64e-05  maxQ +0.0228  changes   563  0.5 min
episode  37/1013  eps 0.720  train return   +3.93%  loss 3.73e-05  maxQ +0.0216  changes   544  0.5 min
episode  38/1013  eps 0.713  train return  -27.13%  loss 3.66e-05  maxQ +0.0220  changes   557  0.5 min
episode  39/1013  eps 0.707  train return  -12.02%  loss 3.63e-05  maxQ +0.0214  changes   551  0.5 min
episode  40/1013  eps 0.700  train return  +15.42%  loss 3.64e-05  maxQ +0.0245  changes   553  0.5 min | val return -12.41% (best -4.69%)
episode  41/1013  eps 0.694  train return  -12.80%  loss 3.71e-05  maxQ +0.0252  changes   549  0.5 min
episode  42/1013  eps 0.687  train return  -21.92%  loss 3.69e-05  maxQ +0.0233  changes   543  0.6 min
episode  43/1013  eps 0.681  train return  -13.61%  loss 3.82e-05  maxQ +0.0228  changes   532  0.6 min
episode  44/1013  eps 0.675  train return   -7.18%  loss 3.76e-05  maxQ +0.0226  changes   554  0.6 min
episode  45/1013  eps 0.669  train return  -11.62%  loss 3.55e-05  maxQ +0.0198  changes   546  0.6 min
episode  46/1013  eps 0.663  train return  +15.41%  loss 3.69e-05  maxQ +0.0195  changes   537  0.6 min
episode  47/1013  eps 0.657  train return   +5.18%  loss 3.78e-05  maxQ +0.0171  changes   546  0.6 min
episode  48/1013  eps 0.651  train return   +6.96%  loss 3.81e-05  maxQ +0.0171  changes   565  0.6 min
episode  49/1013  eps 0.645  train return   -4.28%  loss 3.60e-05  maxQ +0.0159  changes   527  0.6 min
episode  50/1013  eps 0.639  train return   +9.32%  loss 3.61e-05  maxQ +0.0169  changes   524  0.7 min | val return -2.41% (best -2.41%)
episode  51/1013  eps 0.633  train return  +28.25%  loss 3.55e-05  maxQ +0.0186  changes   530  0.7 min
episode  52/1013  eps 0.627  train return  -15.35%  loss 3.67e-05  maxQ +0.0218  changes   561  0.7 min
episode  53/1013  eps 0.622  train return   -2.96%  loss 3.45e-05  maxQ +0.0208  changes   534  0.7 min
episode  54/1013  eps 0.616  train return   -3.24%  loss 3.72e-05  maxQ +0.0224  changes   528  0.7 min
episode  55/1013  eps 0.610  train return   +0.51%  loss 3.57e-05  maxQ +0.0207  changes   534  0.7 min
episode  56/1013  eps 0.605  train return   -1.32%  loss 3.56e-05  maxQ +0.0222  changes   536  0.7 min
episode  57/1013  eps 0.599  train return   +1.84%  loss 3.49e-05  maxQ +0.0184  changes   529  0.8 min
episode  58/1013  eps 0.594  train return  -13.96%  loss 3.54e-05  maxQ +0.0176  changes   535  0.8 min
episode  59/1013  eps 0.588  train return  -18.73%  loss 3.60e-05  maxQ +0.0207  changes   520  0.8 min
episode  60/1013  eps 0.583  train return  +36.74%  loss 3.48e-05  maxQ +0.0201  changes   461  0.8 min | val return +3.85% (best +3.85%)
episode  61/1013  eps 0.578  train return   -7.24%  loss 3.50e-05  maxQ +0.0190  changes   509  0.8 min
episode  62/1013  eps 0.573  train return  -13.03%  loss 3.62e-05  maxQ +0.0200  changes   481  0.8 min
episode  63/1013  eps 0.567  train return   -5.90%  loss 3.50e-05  maxQ +0.0213  changes   518  0.8 min
episode  64/1013  eps 0.562  train return  -13.44%  loss 3.64e-05  maxQ +0.0188  changes   519  0.9 min
episode  65/1013  eps 0.557  train return  +24.40%  loss 3.79e-05  maxQ +0.0186  changes   516  0.9 min
episode  66/1013  eps 0.552  train return   -7.35%  loss 3.61e-05  maxQ +0.0181  changes   521  0.9 min
episode  67/1013  eps 0.547  train return  -11.52%  loss 3.57e-05  maxQ +0.0177  changes   493  0.9 min
episode  68/1013  eps 0.542  train return  +39.68%  loss 3.55e-05  maxQ +0.0193  changes   480  0.9 min
episode  69/1013  eps 0.537  train return   +9.17%  loss 3.61e-05  maxQ +0.0196  changes   503  0.9 min
episode  70/1013  eps 0.532  train return  -29.46%  loss 3.64e-05  maxQ +0.0179  changes   477  0.9 min | val return -3.28% (best +3.85%)
episode  71/1013  eps 0.527  train return   -6.56%  loss 3.63e-05  maxQ +0.0163  changes   493  1.0 min
episode  72/1013  eps 0.523  train return  -10.04%  loss 3.63e-05  maxQ +0.0156  changes   519  1.0 min
episode  73/1013  eps 0.518  train return   +9.19%  loss 3.59e-05  maxQ +0.0155  changes   484  1.0 min
episode  74/1013  eps 0.513  train return  -24.53%  loss 3.69e-05  maxQ +0.0144  changes   508  1.0 min
episode  75/1013  eps 0.508  train return  -12.85%  loss 3.74e-05  maxQ +0.0180  changes   503  1.0 min
episode  76/1013  eps 0.504  train return  +40.00%  loss 3.73e-05  maxQ +0.0205  changes   467  1.0 min
episode  77/1013  eps 0.499  train return   -5.62%  loss 3.78e-05  maxQ +0.0184  changes   478  1.0 min
episode  78/1013  eps 0.495  train return  -24.90%  loss 3.78e-05  maxQ +0.0185  changes   473  1.0 min
episode  79/1013  eps 0.490  train return  +18.15%  loss 3.81e-05  maxQ +0.0157  changes   513  1.0 min
episode  80/1013  eps 0.486  train return  -28.24%  loss 3.89e-05  maxQ +0.0168  changes   515  1.1 min | val return -4.15% (best +3.85%)
episode  81/1013  eps 0.481  train return  -17.46%  loss 3.92e-05  maxQ +0.0163  changes   473  1.1 min
episode  82/1013  eps 0.477  train return   -2.67%  loss 3.86e-05  maxQ +0.0153  changes   476  1.1 min
episode  83/1013  eps 0.473  train return  +13.46%  loss 3.81e-05  maxQ +0.0153  changes   461  1.1 min
episode  84/1013  eps 0.468  train return   +4.14%  loss 3.99e-05  maxQ +0.0146  changes   465  1.1 min
episode  85/1013  eps 0.464  train return  -21.21%  loss 3.93e-05  maxQ +0.0163  changes   447  1.1 min
episode  86/1013  eps 0.460  train return   +8.98%  loss 3.96e-05  maxQ +0.0155  changes   450  1.1 min
episode  87/1013  eps 0.456  train return  -13.25%  loss 3.79e-05  maxQ +0.0172  changes   448  1.2 min
episode  88/1013  eps 0.451  train return  +36.39%  loss 3.97e-05  maxQ +0.0154  changes   481  1.2 min
episode  89/1013  eps 0.447  train return  +15.63%  loss 3.78e-05  maxQ +0.0141  changes   452  1.2 min
episode  90/1013  eps 0.443  train return   +3.22%  loss 3.82e-05  maxQ +0.0155  changes   455  1.2 min | val return -47.37% (best +3.85%)
episode  91/1013  eps 0.439  train return  -10.90%  loss 3.83e-05  maxQ +0.0131  changes   461  1.2 min
episode  92/1013  eps 0.435  train return   -2.33%  loss 3.88e-05  maxQ +0.0117  changes   470  1.2 min
episode  93/1013  eps 0.431  train return  +10.72%  loss 3.84e-05  maxQ +0.0127  changes   451  1.2 min
episode  94/1013  eps 0.427  train return  -17.51%  loss 3.81e-05  maxQ +0.0118  changes   459  1.3 min
episode  95/1013  eps 0.423  train return   -4.68%  loss 3.78e-05  maxQ +0.0134  changes   436  1.3 min
episode  96/1013  eps 0.420  train return  -47.29%  loss 3.78e-05  maxQ +0.0116  changes   431  1.3 min
episode  97/1013  eps 0.416  train return  +14.72%  loss 4.01e-05  maxQ +0.0131  changes   426  1.3 min
episode  98/1013  eps 0.412  train return  +18.22%  loss 3.81e-05  maxQ +0.0119  changes   449  1.3 min
episode  99/1013  eps 0.408  train return   -3.50%  loss 3.84e-05  maxQ +0.0116  changes   450  1.3 min
episode 100/1013  eps 0.405  train return  -35.60%  loss 3.93e-05  maxQ +0.0122  changes   443  1.3 min | val return -10.26% (best +3.85%)
episode 101/1013  eps 0.401  train return   +0.89%  loss 3.89e-05  maxQ +0.0142  changes   410  1.3 min
episode 102/1013  eps 0.397  train return  -15.43%  loss 3.87e-05  maxQ +0.0108  changes   416  1.4 min
episode 103/1013  eps 0.394  train return   +0.25%  loss 3.84e-05  maxQ +0.0104  changes   425  1.4 min
episode 104/1013  eps 0.390  train return  +26.52%  loss 3.86e-05  maxQ +0.0091  changes   433  1.4 min
episode 105/1013  eps 0.386  train return   +9.82%  loss 3.90e-05  maxQ +0.0106  changes   411  1.4 min
episode 106/1013  eps 0.383  train return  +34.23%  loss 3.83e-05  maxQ +0.0150  changes   424  1.4 min
episode 107/1013  eps 0.379  train return   -0.63%  loss 3.94e-05  maxQ +0.0114  changes   432  1.4 min
episode 108/1013  eps 0.376  train return   +4.81%  loss 4.10e-05  maxQ +0.0125  changes   391  1.4 min
episode 109/1013  eps 0.373  train return   -7.00%  loss 4.15e-05  maxQ +0.0114  changes   461  1.4 min
episode 110/1013  eps 0.369  train return  +39.36%  loss 3.91e-05  maxQ +0.0120  changes   415  1.5 min | val return -4.89% (best +3.85%)
episode 111/1013  eps 0.366  train return   +3.75%  loss 3.97e-05  maxQ +0.0101  changes   431  1.5 min
episode 112/1013  eps 0.363  train return  +33.00%  loss 3.90e-05  maxQ +0.0101  changes   402  1.5 min
episode 113/1013  eps 0.359  train return   +6.20%  loss 3.88e-05  maxQ +0.0111  changes   424  1.5 min
episode 114/1013  eps 0.356  train return   -8.49%  loss 4.01e-05  maxQ +0.0114  changes   408  1.5 min
episode 115/1013  eps 0.353  train return  -23.06%  loss 3.89e-05  maxQ +0.0103  changes   400  1.5 min
episode 116/1013  eps 0.349  train return   +8.81%  loss 3.91e-05  maxQ +0.0106  changes   383  1.5 min
episode 117/1013  eps 0.346  train return  -17.10%  loss 4.15e-05  maxQ +0.0097  changes   406  1.6 min
episode 118/1013  eps 0.343  train return   +5.56%  loss 3.88e-05  maxQ +0.0096  changes   415  1.6 min
episode 119/1013  eps 0.340  train return  +22.03%  loss 4.00e-05  maxQ +0.0108  changes   387  1.6 min
episode 120/1013  eps 0.337  train return  +14.52%  loss 4.10e-05  maxQ +0.0098  changes   427  1.6 min | val return -3.68% (best +3.85%)
episode 121/1013  eps 0.334  train return  -12.37%  loss 3.90e-05  maxQ +0.0098  changes   409  1.6 min
episode 122/1013  eps 0.331  train return  -29.89%  loss 4.10e-05  maxQ +0.0095  changes   398  1.6 min
episode 123/1013  eps 0.328  train return   +7.63%  loss 4.18e-05  maxQ +0.0096  changes   360  1.6 min
episode 124/1013  eps 0.325  train return   -6.81%  loss 4.12e-05  maxQ +0.0094  changes   406  1.7 min
episode 125/1013  eps 0.322  train return  +39.21%  loss 4.07e-05  maxQ +0.0094  changes   372  1.7 min
episode 126/1013  eps 0.319  train return  -16.64%  loss 4.23e-05  maxQ +0.0104  changes   357  1.7 min
episode 127/1013  eps 0.316  train return   +1.99%  loss 4.15e-05  maxQ +0.0094  changes   369  1.7 min
episode 128/1013  eps 0.313  train return   -0.64%  loss 4.09e-05  maxQ +0.0107  changes   374  1.7 min
episode 129/1013  eps 0.310  train return   +2.79%  loss 4.11e-05  maxQ +0.0109  changes   352  1.7 min
episode 130/1013  eps 0.308  train return  +31.94%  loss 4.01e-05  maxQ +0.0114  changes   371  1.7 min | val return -3.36% (best +3.85%)
episode 131/1013  eps 0.305  train return  -43.55%  loss 3.95e-05  maxQ +0.0129  changes   376  1.8 min
episode 132/1013  eps 0.302  train return  -10.64%  loss 4.04e-05  maxQ +0.0111  changes   348  1.8 min
episode 133/1013  eps 0.299  train return   +9.15%  loss 3.84e-05  maxQ +0.0109  changes   383  1.8 min
episode 134/1013  eps 0.296  train return  +29.17%  loss 3.94e-05  maxQ +0.0089  changes   375  1.8 min
episode 135/1013  eps 0.294  train return   -1.08%  loss 3.94e-05  maxQ +0.0100  changes   375  1.8 min
episode 136/1013  eps 0.291  train return  -11.48%  loss 3.83e-05  maxQ +0.0113  changes   325  1.8 min
episode 137/1013  eps 0.288  train return   -2.99%  loss 4.06e-05  maxQ +0.0113  changes   299  1.8 min
episode 138/1013  eps 0.286  train return  -13.82%  loss 3.84e-05  maxQ +0.0098  changes   336  1.9 min
episode 139/1013  eps 0.283  train return   +4.83%  loss 3.86e-05  maxQ +0.0094  changes   404  1.9 min
episode 140/1013  eps 0.281  train return   -8.88%  loss 3.94e-05  maxQ +0.0105  changes   396  1.9 min | val return -12.09% (best +3.85%)
episode 141/1013  eps 0.278  train return  +27.32%  loss 3.83e-05  maxQ +0.0097  changes   354  1.9 min
episode 142/1013  eps 0.276  train return  -21.86%  loss 3.90e-05  maxQ +0.0089  changes   366  1.9 min
episode 143/1013  eps 0.273  train return   -1.92%  loss 3.87e-05  maxQ +0.0089  changes   409  1.9 min
episode 144/1013  eps 0.271  train return   -7.15%  loss 3.80e-05  maxQ +0.0092  changes   341  1.9 min
episode 145/1013  eps 0.268  train return  -43.89%  loss 3.63e-05  maxQ +0.0093  changes   354  2.0 min
episode 146/1013  eps 0.266  train return  -17.88%  loss 3.76e-05  maxQ +0.0083  changes   335  2.0 min
episode 147/1013  eps 0.263  train return  -21.88%  loss 3.48e-05  maxQ +0.0077  changes   359  2.0 min
episode 148/1013  eps 0.261  train return  +12.99%  loss 3.76e-05  maxQ +0.0077  changes   348  2.0 min
episode 149/1013  eps 0.258  train return   +0.25%  loss 3.87e-05  maxQ +0.0076  changes   360  2.0 min
episode 150/1013  eps 0.256  train return   -1.46%  loss 3.59e-05  maxQ +0.0064  changes   340  2.0 min | val return -21.81% (best +3.85%)
episode 151/1013  eps 0.254  train return  +11.33%  loss 3.66e-05  maxQ +0.0071  changes   377  2.1 min
episode 152/1013  eps 0.251  train return   -8.11%  loss 3.71e-05  maxQ +0.0078  changes   371  2.1 min
episode 153/1013  eps 0.249  train return  +11.48%  loss 3.71e-05  maxQ +0.0086  changes   380  2.1 min
episode 154/1013  eps 0.247  train return   -8.63%  loss 3.71e-05  maxQ +0.0071  changes   336  2.1 min
episode 155/1013  eps 0.245  train return  +12.82%  loss 3.51e-05  maxQ +0.0064  changes   370  2.1 min
episode 156/1013  eps 0.242  train return   +6.34%  loss 3.61e-05  maxQ +0.0079  changes   324  2.1 min
episode 157/1013  eps 0.240  train return  +13.94%  loss 3.79e-05  maxQ +0.0066  changes   352  2.1 min
episode 158/1013  eps 0.238  train return   +6.40%  loss 3.63e-05  maxQ +0.0073  changes   329  2.1 min
episode 159/1013  eps 0.236  train return   -6.30%  loss 3.84e-05  maxQ +0.0072  changes   313  2.2 min
episode 160/1013  eps 0.234  train return  +40.65%  loss 3.79e-05  maxQ +0.0079  changes   334  2.2 min | val return -6.36% (best +3.85%)
episode 161/1013  eps 0.232  train return  +11.81%  loss 3.75e-05  maxQ +0.0076  changes   369  2.2 min
episode 162/1013  eps 0.230  train return   -5.15%  loss 3.64e-05  maxQ +0.0067  changes   319  2.2 min
episode 163/1013  eps 0.227  train return   -0.23%  loss 3.68e-05  maxQ +0.0077  changes   337  2.2 min
episode 164/1013  eps 0.225  train return   +2.71%  loss 3.42e-05  maxQ +0.0097  changes   349  2.2 min
episode 165/1013  eps 0.223  train return  -15.32%  loss 3.68e-05  maxQ +0.0091  changes   370  2.3 min
episode 166/1013  eps 0.221  train return   -0.45%  loss 3.71e-05  maxQ +0.0084  changes   326  2.3 min
episode 167/1013  eps 0.219  train return   +4.10%  loss 3.65e-05  maxQ +0.0082  changes   366  2.3 min
episode 168/1013  eps 0.217  train return  -29.81%  loss 3.44e-05  maxQ +0.0086  changes   384  2.3 min
episode 169/1013  eps 0.215  train return  -22.58%  loss 3.72e-05  maxQ +0.0070  changes   325  2.3 min
episode 170/1013  eps 0.213  train return   -4.79%  loss 3.75e-05  maxQ +0.0077  changes   343  2.3 min | val return -5.14% (best +3.85%)
episode 171/1013  eps 0.211  train return  -11.05%  loss 3.67e-05  maxQ +0.0085  changes   363  2.3 min
episode 172/1013  eps 0.209  train return  +13.39%  loss 3.60e-05  maxQ +0.0100  changes   317  2.4 min
episode 173/1013  eps 0.208  train return   -7.73%  loss 3.78e-05  maxQ +0.0083  changes   342  2.4 min
episode 174/1013  eps 0.206  train return  +17.47%  loss 3.61e-05  maxQ +0.0095  changes   316  2.4 min
episode 175/1013  eps 0.204  train return   -4.23%  loss 3.59e-05  maxQ +0.0072  changes   317  2.4 min
episode 176/1013  eps 0.202  train return  -15.03%  loss 3.53e-05  maxQ +0.0071  changes   291  2.4 min
episode 177/1013  eps 0.200  train return  +32.18%  loss 3.51e-05  maxQ +0.0078  changes   314  2.4 min
episode 178/1013  eps 0.198  train return  -42.35%  loss 3.46e-05  maxQ +0.0060  changes   309  2.4 min
episode 179/1013  eps 0.196  train return  -19.90%  loss 3.64e-05  maxQ +0.0063  changes   331  2.5 min
episode 180/1013  eps 0.195  train return   -6.39%  loss 3.60e-05  maxQ +0.0062  changes   338  2.5 min | val return +2.71% (best +3.85%)
episode 181/1013  eps 0.193  train return   -6.06%  loss 3.56e-05  maxQ +0.0059  changes   355  2.5 min
episode 182/1013  eps 0.191  train return  -21.38%  loss 3.52e-05  maxQ +0.0069  changes   316  2.5 min
episode 183/1013  eps 0.189  train return   -6.41%  loss 3.57e-05  maxQ +0.0068  changes   342  2.5 min
episode 184/1013  eps 0.188  train return  +22.82%  loss 3.55e-05  maxQ +0.0079  changes   359  2.5 min
episode 185/1013  eps 0.186  train return   +6.00%  loss 3.66e-05  maxQ +0.0080  changes   344  2.5 min
episode 186/1013  eps 0.184  train return  +27.02%  loss 3.73e-05  maxQ +0.0080  changes   325  2.6 min
episode 187/1013  eps 0.183  train return   -5.11%  loss 3.65e-05  maxQ +0.0067  changes   339  2.6 min
episode 188/1013  eps 0.181  train return  +23.03%  loss 3.55e-05  maxQ +0.0062  changes   318  2.6 min
episode 189/1013  eps 0.179  train return   -0.87%  loss 3.75e-05  maxQ +0.0074  changes   319  2.6 min
episode 190/1013  eps 0.178  train return  -35.26%  loss 3.57e-05  maxQ +0.0061  changes   358  2.6 min | val return -6.15% (best +3.85%)
episode 191/1013  eps 0.176  train return   +8.81%  loss 3.52e-05  maxQ +0.0066  changes   314  2.6 min
episode 192/1013  eps 0.174  train return   +2.84%  loss 3.80e-05  maxQ +0.0045  changes   228  2.7 min
episode 193/1013  eps 0.173  train return  +14.87%  loss 3.62e-05  maxQ +0.0056  changes   285  2.7 min
episode 194/1013  eps 0.171  train return  +17.68%  loss 3.65e-05  maxQ +0.0052  changes   320  2.7 min
episode 195/1013  eps 0.170  train return   +0.89%  loss 3.57e-05  maxQ +0.0061  changes   296  2.7 min
episode 196/1013  eps 0.168  train return  -12.57%  loss 3.51e-05  maxQ +0.0075  changes   317  2.7 min
episode 197/1013  eps 0.167  train return   -1.63%  loss 3.53e-05  maxQ +0.0076  changes   284  2.7 min
episode 198/1013  eps 0.165  train return   +2.74%  loss 3.69e-05  maxQ +0.0071  changes   316  2.7 min
episode 199/1013  eps 0.164  train return   -5.89%  loss 3.48e-05  maxQ +0.0064  changes   262  2.8 min
episode 200/1013  eps 0.162  train return  +11.48%  loss 3.61e-05  maxQ +0.0077  changes   248  2.8 min | val return -2.78% (best +3.85%)
episode 201/1013  eps 0.161  train return   +7.16%  loss 3.41e-05  maxQ +0.0075  changes   282  2.8 min
episode 202/1013  eps 0.159  train return  -17.33%  loss 3.52e-05  maxQ +0.0083  changes   281  2.8 min
episode 203/1013  eps 0.158  train return  -19.83%  loss 3.57e-05  maxQ +0.0087  changes   283  2.8 min
episode 204/1013  eps 0.156  train return  -21.59%  loss 3.51e-05  maxQ +0.0095  changes   305  2.8 min
episode 205/1013  eps 0.155  train return   -0.13%  loss 3.63e-05  maxQ +0.0075  changes   294  2.9 min
episode 206/1013  eps 0.154  train return  +12.30%  loss 3.75e-05  maxQ +0.0070  changes   286  2.9 min
episode 207/1013  eps 0.152  train return   +5.99%  loss 3.75e-05  maxQ +0.0069  changes   280  2.9 min
episode 208/1013  eps 0.151  train return  +25.68%  loss 3.80e-05  maxQ +0.0068  changes   279  2.9 min
episode 209/1013  eps 0.149  train return  +22.21%  loss 3.53e-05  maxQ +0.0065  changes   259  2.9 min
episode 210/1013  eps 0.148  train return   -5.40%  loss 3.52e-05  maxQ +0.0066  changes   261  2.9 min | val return +6.50% (best +6.50%)
episode 211/1013  eps 0.147  train return   -2.29%  loss 3.70e-05  maxQ +0.0064  changes   379  2.9 min
episode 212/1013  eps 0.145  train return   -6.43%  loss 3.57e-05  maxQ +0.0055  changes   291  3.0 min
episode 213/1013  eps 0.144  train return  -19.02%  loss 3.62e-05  maxQ +0.0059  changes   372  3.0 min
episode 214/1013  eps 0.143  train return  +51.55%  loss 3.81e-05  maxQ +0.0054  changes   254  3.0 min
episode 215/1013  eps 0.141  train return   +2.90%  loss 3.66e-05  maxQ +0.0053  changes   325  3.0 min
episode 216/1013  eps 0.140  train return   +5.31%  loss 3.71e-05  maxQ +0.0058  changes   295  3.0 min
episode 217/1013  eps 0.139  train return   -1.32%  loss 3.62e-05  maxQ +0.0071  changes   282  3.0 min
episode 218/1013  eps 0.138  train return  +18.86%  loss 3.58e-05  maxQ +0.0063  changes   324  3.0 min
episode 219/1013  eps 0.136  train return  +16.74%  loss 3.75e-05  maxQ +0.0067  changes   204  3.1 min
episode 220/1013  eps 0.135  train return  -11.98%  loss 3.64e-05  maxQ +0.0060  changes   261  3.1 min | val return -8.68% (best +6.50%)
episode 221/1013  eps 0.134  train return  +47.20%  loss 3.67e-05  maxQ +0.0060  changes   248  3.1 min
episode 222/1013  eps 0.133  train return   +1.32%  loss 3.61e-05  maxQ +0.0059  changes   227  3.1 min
episode 223/1013  eps 0.131  train return  -10.22%  loss 3.69e-05  maxQ +0.0057  changes   274  3.1 min
episode 224/1013  eps 0.130  train return  +26.75%  loss 3.73e-05  maxQ +0.0059  changes   249  3.1 min
episode 225/1013  eps 0.129  train return  -22.03%  loss 3.73e-05  maxQ +0.0063  changes   279  3.2 min
episode 226/1013  eps 0.128  train return   +3.67%  loss 3.74e-05  maxQ +0.0061  changes   317  3.2 min
episode 227/1013  eps 0.127  train return  -11.98%  loss 3.71e-05  maxQ +0.0062  changes   213  3.2 min
episode 228/1013  eps 0.126  train return   +1.00%  loss 3.80e-05  maxQ +0.0076  changes   225  3.2 min
episode 229/1013  eps 0.124  train return   +1.48%  loss 3.71e-05  maxQ +0.0076  changes   252  3.2 min
episode 230/1013  eps 0.123  train return   -4.85%  loss 3.73e-05  maxQ +0.0082  changes   253  3.2 min | val return -2.62% (best +6.50%)
episode 231/1013  eps 0.122  train return   -3.30%  loss 3.82e-05  maxQ +0.0065  changes   258  3.3 min
episode 232/1013  eps 0.121  train return  +47.22%  loss 3.82e-05  maxQ +0.0055  changes   273  3.3 min
episode 233/1013  eps 0.120  train return   +2.98%  loss 3.79e-05  maxQ +0.0054  changes   268  3.3 min
episode 234/1013  eps 0.119  train return   -8.60%  loss 3.84e-05  maxQ +0.0046  changes   282  3.3 min
episode 235/1013  eps 0.118  train return   +7.02%  loss 3.71e-05  maxQ +0.0043  changes   228  3.3 min
episode 236/1013  eps 0.117  train return  +14.93%  loss 3.58e-05  maxQ +0.0039  changes   270  3.3 min
episode 237/1013  eps 0.116  train return   -0.96%  loss 3.80e-05  maxQ +0.0044  changes   226  3.3 min
episode 238/1013  eps 0.115  train return   +2.75%  loss 3.72e-05  maxQ +0.0038  changes   246  3.4 min
episode 239/1013  eps 0.114  train return  +16.96%  loss 3.74e-05  maxQ +0.0039  changes   263  3.4 min
episode 240/1013  eps 0.112  train return  -16.51%  loss 3.54e-05  maxQ +0.0045  changes   288  3.4 min | val return -8.61% (best +6.50%)
episode 241/1013  eps 0.111  train return  +55.28%  loss 3.81e-05  maxQ +0.0052  changes   275  3.4 min
episode 242/1013  eps 0.110  train return   +2.73%  loss 3.67e-05  maxQ +0.0046  changes   231  3.4 min
episode 243/1013  eps 0.109  train return   +1.39%  loss 3.83e-05  maxQ +0.0045  changes   241  3.4 min
episode 244/1013  eps 0.108  train return   +6.34%  loss 3.65e-05  maxQ +0.0058  changes   209  3.5 min
episode 245/1013  eps 0.107  train return   -7.05%  loss 3.85e-05  maxQ +0.0060  changes   238  3.5 min
episode 246/1013  eps 0.106  train return   -7.82%  loss 3.93e-05  maxQ +0.0057  changes   240  3.5 min
episode 247/1013  eps 0.106  train return  +14.52%  loss 4.02e-05  maxQ +0.0061  changes   233  3.5 min
episode 248/1013  eps 0.105  train return   -7.81%  loss 3.82e-05  maxQ +0.0064  changes   236  3.5 min
episode 249/1013  eps 0.104  train return  -14.05%  loss 3.71e-05  maxQ +0.0059  changes   216  3.5 min
episode 250/1013  eps 0.103  train return   +4.68%  loss 3.78e-05  maxQ +0.0056  changes   223  3.5 min | val return +27.49% (best +27.49%)
episode 251/1013  eps 0.102  train return   +9.05%  loss 3.85e-05  maxQ +0.0059  changes   215  3.6 min
episode 252/1013  eps 0.101  train return  +10.03%  loss 3.62e-05  maxQ +0.0058  changes   194  3.6 min
episode 253/1013  eps 0.100  train return   -4.54%  loss 3.71e-05  maxQ +0.0059  changes   209  3.6 min
episode 254/1013  eps 0.099  train return   -2.34%  loss 3.73e-05  maxQ +0.0060  changes   242  3.6 min
episode 255/1013  eps 0.098  train return  -19.01%  loss 3.37e-05  maxQ +0.0066  changes   244  3.6 min
episode 256/1013  eps 0.097  train return   +1.18%  loss 3.62e-05  maxQ +0.0064  changes   226  3.6 min
episode 257/1013  eps 0.096  train return  -13.82%  loss 3.56e-05  maxQ +0.0060  changes   203  3.6 min
episode 258/1013  eps 0.095  train return  +32.18%  loss 3.44e-05  maxQ +0.0060  changes   221  3.7 min
episode 259/1013  eps 0.095  train return   -8.59%  loss 3.68e-05  maxQ +0.0057  changes   229  3.7 min
episode 260/1013  eps 0.094  train return   -6.81%  loss 3.43e-05  maxQ +0.0062  changes   233  3.7 min | val return -13.92% (best +27.49%)
episode 261/1013  eps 0.093  train return  +15.34%  loss 3.57e-05  maxQ +0.0055  changes   174  3.7 min
episode 262/1013  eps 0.092  train return  -17.45%  loss 3.63e-05  maxQ +0.0049  changes   249  3.7 min
episode 263/1013  eps 0.091  train return  -14.36%  loss 3.72e-05  maxQ +0.0046  changes   219  3.7 min
episode 264/1013  eps 0.090  train return  -28.06%  loss 3.69e-05  maxQ +0.0047  changes   257  3.8 min
episode 265/1013  eps 0.090  train return   -1.41%  loss 3.89e-05  maxQ +0.0049  changes   217  3.8 min
episode 266/1013  eps 0.089  train return  +13.78%  loss 3.71e-05  maxQ +0.0048  changes   216  3.8 min
episode 267/1013  eps 0.088  train return  -20.23%  loss 3.71e-05  maxQ +0.0043  changes   221  3.8 min
episode 268/1013  eps 0.087  train return  -19.79%  loss 3.80e-05  maxQ +0.0044  changes   211  3.8 min
episode 269/1013  eps 0.086  train return   +2.04%  loss 3.89e-05  maxQ +0.0046  changes   218  3.8 min
episode 270/1013  eps 0.086  train return   -1.55%  loss 3.75e-05  maxQ +0.0059  changes   163  3.8 min | val return -13.53% (best +27.49%)
episode 271/1013  eps 0.085  train return  -11.96%  loss 3.81e-05  maxQ +0.0045  changes   207  3.9 min
episode 272/1013  eps 0.084  train return   +6.77%  loss 3.73e-05  maxQ +0.0042  changes   209  3.9 min
episode 273/1013  eps 0.083  train return  +18.18%  loss 3.82e-05  maxQ +0.0042  changes   181  3.9 min
episode 274/1013  eps 0.082  train return  +33.96%  loss 3.76e-05  maxQ +0.0047  changes   285  3.9 min
episode 275/1013  eps 0.082  train return  -28.47%  loss 3.80e-05  maxQ +0.0039  changes   239  3.9 min
episode 276/1013  eps 0.081  train return   -9.39%  loss 3.72e-05  maxQ +0.0046  changes   233  3.9 min
episode 277/1013  eps 0.080  train return   +5.62%  loss 3.74e-05  maxQ +0.0055  changes   230  3.9 min
episode 278/1013  eps 0.079  train return  +29.52%  loss 3.90e-05  maxQ +0.0049  changes   241  4.0 min
episode 279/1013  eps 0.079  train return  -32.14%  loss 3.81e-05  maxQ +0.0058  changes   237  4.0 min
episode 280/1013  eps 0.078  train return  +24.06%  loss 3.85e-05  maxQ +0.0052  changes   218  4.0 min | val return +0.23% (best +27.49%)
episode 281/1013  eps 0.077  train return   +4.69%  loss 4.04e-05  maxQ +0.0051  changes   205  4.0 min
episode 282/1013  eps 0.077  train return  -25.44%  loss 3.73e-05  maxQ +0.0046  changes   205  4.0 min
episode 283/1013  eps 0.076  train return  -18.23%  loss 3.70e-05  maxQ +0.0053  changes   163  4.0 min
episode 284/1013  eps 0.075  train return   -4.93%  loss 3.73e-05  maxQ +0.0048  changes   174  4.1 min
episode 285/1013  eps 0.075  train return   -3.67%  loss 3.69e-05  maxQ +0.0061  changes   210  4.1 min
episode 286/1013  eps 0.074  train return  +21.70%  loss 3.83e-05  maxQ +0.0052  changes   174  4.1 min
episode 287/1013  eps 0.073  train return   +5.04%  loss 3.80e-05  maxQ +0.0057  changes   217  4.1 min
episode 288/1013  eps 0.073  train return   +6.77%  loss 3.57e-05  maxQ +0.0052  changes   210  4.1 min
episode 289/1013  eps 0.072  train return  +21.53%  loss 3.82e-05  maxQ +0.0039  changes   196  4.1 min
episode 290/1013  eps 0.071  train return  +24.05%  loss 3.75e-05  maxQ +0.0044  changes   233  4.1 min | val return -2.20% (best +27.49%)
episode 291/1013  eps 0.071  train return   +9.08%  loss 3.67e-05  maxQ +0.0055  changes   142  4.2 min
episode 292/1013  eps 0.070  train return  +32.42%  loss 3.59e-05  maxQ +0.0049  changes   160  4.2 min
episode 293/1013  eps 0.069  train return   +4.78%  loss 3.78e-05  maxQ +0.0050  changes   235  4.2 min
episode 294/1013  eps 0.069  train return   +9.17%  loss 3.64e-05  maxQ +0.0038  changes   236  4.2 min
episode 295/1013  eps 0.068  train return  -16.37%  loss 3.74e-05  maxQ +0.0054  changes   160  4.2 min
episode 296/1013  eps 0.067  train return  +10.67%  loss 3.69e-05  maxQ +0.0054  changes   174  4.2 min
episode 297/1013  eps 0.067  train return   +8.00%  loss 3.71e-05  maxQ +0.0061  changes   160  4.2 min
episode 298/1013  eps 0.066  train return   +4.58%  loss 3.66e-05  maxQ +0.0055  changes   156  4.3 min
episode 299/1013  eps 0.066  train return   -0.66%  loss 3.89e-05  maxQ +0.0047  changes   214  4.3 min
episode 300/1013  eps 0.065  train return  +15.25%  loss 3.71e-05  maxQ +0.0056  changes   162  4.3 min | val return -21.87% (best +27.49%)
episode 301/1013  eps 0.064  train return   +5.56%  loss 3.89e-05  maxQ +0.0052  changes   145  4.3 min
episode 302/1013  eps 0.064  train return   -6.02%  loss 3.90e-05  maxQ +0.0042  changes   192  4.3 min
episode 303/1013  eps 0.063  train return   -3.51%  loss 4.00e-05  maxQ +0.0041  changes   145  4.3 min
episode 304/1013  eps 0.063  train return   -5.57%  loss 3.96e-05  maxQ +0.0050  changes   193  4.4 min
episode 305/1013  eps 0.062  train return   +0.41%  loss 3.87e-05  maxQ +0.0049  changes   206  4.4 min
episode 306/1013  eps 0.062  train return   +5.33%  loss 3.90e-05  maxQ +0.0047  changes   190  4.4 min
episode 307/1013  eps 0.061  train return  -12.46%  loss 3.94e-05  maxQ +0.0061  changes   200  4.4 min
episode 308/1013  eps 0.060  train return  -13.12%  loss 3.87e-05  maxQ +0.0045  changes   197  4.4 min
episode 309/1013  eps 0.060  train return   -4.08%  loss 3.76e-05  maxQ +0.0053  changes   196  4.4 min
episode 310/1013  eps 0.059  train return   +0.41%  loss 3.81e-05  maxQ +0.0052  changes   199  4.4 min | val return -3.42% (best +27.49%)
episode 311/1013  eps 0.059  train return  -26.90%  loss 3.55e-05  maxQ +0.0049  changes   182  4.5 min
episode 312/1013  eps 0.058  train return   +2.90%  loss 3.63e-05  maxQ +0.0042  changes   170  4.5 min
episode 313/1013  eps 0.058  train return   +1.59%  loss 3.82e-05  maxQ +0.0041  changes   191  4.5 min
episode 314/1013  eps 0.057  train return   -5.17%  loss 3.69e-05  maxQ +0.0043  changes   170  4.5 min
episode 315/1013  eps 0.057  train return  -23.21%  loss 3.50e-05  maxQ +0.0044  changes   189  4.5 min
episode 316/1013  eps 0.056  train return   +2.65%  loss 3.60e-05  maxQ +0.0041  changes   214  4.5 min
episode 317/1013  eps 0.056  train return  -17.52%  loss 3.68e-05  maxQ +0.0040  changes   147  4.5 min
episode 318/1013  eps 0.055  train return   -6.24%  loss 3.50e-05  maxQ +0.0051  changes   145  4.6 min
episode 319/1013  eps 0.055  train return   -8.78%  loss 3.66e-05  maxQ +0.0039  changes   267  4.6 min
episode 320/1013  eps 0.054  train return  +11.87%  loss 3.65e-05  maxQ +0.0040  changes   160  4.6 min | val return -8.29% (best +27.49%)
episode 321/1013  eps 0.054  train return   +1.75%  loss 3.59e-05  maxQ +0.0038  changes   160  4.6 min
episode 322/1013  eps 0.053  train return   +8.76%  loss 3.63e-05  maxQ +0.0037  changes   147  4.6 min
episode 323/1013  eps 0.053  train return  +11.31%  loss 3.74e-05  maxQ +0.0039  changes   150  4.6 min
episode 324/1013  eps 0.052  train return   -0.74%  loss 3.81e-05  maxQ +0.0031  changes   118  4.7 min
episode 325/1013  eps 0.052  train return   -1.79%  loss 3.59e-05  maxQ +0.0032  changes   175  4.7 min
episode 326/1013  eps 0.051  train return  +12.33%  loss 3.73e-05  maxQ +0.0033  changes   151  4.7 min
episode 327/1013  eps 0.051  train return   +9.57%  loss 3.56e-05  maxQ +0.0034  changes   163  4.7 min
episode 328/1013  eps 0.050  train return   -8.32%  loss 3.62e-05  maxQ +0.0024  changes   158  4.7 min
episode 329/1013  eps 0.050  train return   +7.46%  loss 3.72e-05  maxQ +0.0032  changes   154  4.7 min
episode 330/1013  eps 0.049  train return   -4.19%  loss 3.62e-05  maxQ +0.0042  changes   162  4.7 min | val return +3.25% (best +27.49%)
episode 331/1013  eps 0.049  train return  -12.97%  loss 3.69e-05  maxQ +0.0037  changes   207  4.8 min
episode 332/1013  eps 0.049  train return   -3.04%  loss 3.44e-05  maxQ +0.0044  changes   127  4.8 min
episode 333/1013  eps 0.048  train return  -15.68%  loss 3.54e-05  maxQ +0.0043  changes   133  4.8 min
episode 334/1013  eps 0.048  train return  +10.39%  loss 3.44e-05  maxQ +0.0040  changes   163  4.8 min
episode 335/1013  eps 0.047  train return   -2.05%  loss 3.39e-05  maxQ +0.0052  changes   159  4.8 min
episode 336/1013  eps 0.047  train return   -9.40%  loss 3.37e-05  maxQ +0.0043  changes   156  4.8 min
episode 337/1013  eps 0.046  train return   -2.42%  loss 3.50e-05  maxQ +0.0040  changes   160  4.9 min
episode 338/1013  eps 0.046  train return   +4.10%  loss 3.30e-05  maxQ +0.0033  changes   145  4.9 min
episode 339/1013  eps 0.046  train return  -12.73%  loss 3.53e-05  maxQ +0.0038  changes   185  4.9 min
episode 340/1013  eps 0.045  train return  +10.51%  loss 3.27e-05  maxQ +0.0040  changes   165  4.9 min | val return +1.62% (best +27.49%)
episode 341/1013  eps 0.045  train return  -25.03%  loss 3.49e-05  maxQ +0.0043  changes   180  4.9 min
episode 342/1013  eps 0.044  train return  -24.79%  loss 3.34e-05  maxQ +0.0035  changes   211  4.9 min
episode 343/1013  eps 0.044  train return  -12.62%  loss 3.38e-05  maxQ +0.0034  changes   217  4.9 min
episode 344/1013  eps 0.043  train return   -3.49%  loss 3.45e-05  maxQ +0.0039  changes   159  5.0 min
episode 345/1013  eps 0.043  train return  +31.17%  loss 3.36e-05  maxQ +0.0037  changes   191  5.0 min
episode 346/1013  eps 0.043  train return   -2.59%  loss 3.49e-05  maxQ +0.0035  changes   144  5.0 min
episode 347/1013  eps 0.042  train return  -11.49%  loss 3.42e-05  maxQ +0.0032  changes   183  5.0 min
episode 348/1013  eps 0.042  train return   -7.43%  loss 3.57e-05  maxQ +0.0031  changes   195  5.0 min
episode 349/1013  eps 0.042  train return   +1.18%  loss 3.48e-05  maxQ +0.0032  changes   162  5.0 min
episode 350/1013  eps 0.041  train return   +9.93%  loss 3.41e-05  maxQ +0.0033  changes   168  5.0 min | val return -7.21% (best +27.49%)
episode 351/1013  eps 0.041  train return   -3.68%  loss 3.67e-05  maxQ +0.0028  changes   172  5.1 min
episode 352/1013  eps 0.040  train return  +22.70%  loss 3.69e-05  maxQ +0.0036  changes   191  5.1 min
episode 353/1013  eps 0.040  train return   -4.31%  loss 3.73e-05  maxQ +0.0041  changes   155  5.1 min
episode 354/1013  eps 0.040  train return  -16.82%  loss 3.41e-05  maxQ +0.0038  changes   190  5.1 min
episode 355/1013  eps 0.039  train return  -11.22%  loss 3.70e-05  maxQ +0.0052  changes   202  5.1 min
episode 356/1013  eps 0.039  train return   +4.16%  loss 3.35e-05  maxQ +0.0034  changes   155  5.1 min
episode 357/1013  eps 0.039  train return   -8.92%  loss 3.76e-05  maxQ +0.0039  changes   167  5.1 min
episode 358/1013  eps 0.038  train return  +18.53%  loss 3.48e-05  maxQ +0.0039  changes   134  5.2 min
episode 359/1013  eps 0.038  train return  -22.67%  loss 3.67e-05  maxQ +0.0040  changes   180  5.2 min
episode 360/1013  eps 0.038  train return   +7.93%  loss 3.59e-05  maxQ +0.0034  changes   184  5.2 min | val return -14.64% (best +27.49%)
episode 361/1013  eps 0.037  train return   -7.71%  loss 3.52e-05  maxQ +0.0042  changes   191  5.2 min
episode 362/1013  eps 0.037  train return   -1.87%  loss 3.49e-05  maxQ +0.0045  changes   168  5.2 min
episode 363/1013  eps 0.037  train return  +12.55%  loss 3.62e-05  maxQ +0.0041  changes   200  5.2 min
episode 364/1013  eps 0.036  train return   +3.79%  loss 3.51e-05  maxQ +0.0046  changes   191  5.3 min
episode 365/1013  eps 0.036  train return  -15.44%  loss 3.51e-05  maxQ +0.0041  changes   206  5.3 min
episode 366/1013  eps 0.036  train return   -2.38%  loss 3.48e-05  maxQ +0.0041  changes   187  5.3 min
episode 367/1013  eps 0.035  train return   -7.11%  loss 3.34e-05  maxQ +0.0043  changes   199  5.3 min
episode 368/1013  eps 0.035  train return  -10.08%  loss 3.43e-05  maxQ +0.0058  changes   176  5.3 min
episode 369/1013  eps 0.035  train return  +22.56%  loss 3.62e-05  maxQ +0.0062  changes   153  5.3 min
episode 370/1013  eps 0.034  train return   +5.84%  loss 3.52e-05  maxQ +0.0054  changes   183  5.3 min | val return -7.71% (best +27.49%)
episode 371/1013  eps 0.034  train return  -22.20%  loss 3.57e-05  maxQ +0.0045  changes   208  5.4 min
episode 372/1013  eps 0.034  train return  +36.76%  loss 3.35e-05  maxQ +0.0047  changes   253  5.4 min
episode 373/1013  eps 0.033  train return  -35.87%  loss 3.37e-05  maxQ +0.0043  changes   171  5.4 min
episode 374/1013  eps 0.033  train return  -19.85%  loss 3.35e-05  maxQ +0.0048  changes   232  5.4 min
episode 375/1013  eps 0.033  train return  +11.66%  loss 3.31e-05  maxQ +0.0043  changes   206  5.4 min
episode 376/1013  eps 0.032  train return   +5.29%  loss 3.44e-05  maxQ +0.0044  changes   189  5.4 min
episode 377/1013  eps 0.032  train return  -14.37%  loss 3.37e-05  maxQ +0.0042  changes   196  5.4 min
episode 378/1013  eps 0.032  train return  -20.99%  loss 3.54e-05  maxQ +0.0042  changes   228  5.5 min
episode 379/1013  eps 0.032  train return   +1.15%  loss 3.58e-05  maxQ +0.0042  changes   190  5.5 min
episode 380/1013  eps 0.031  train return   -2.72%  loss 3.51e-05  maxQ +0.0047  changes   192  5.5 min | val return -11.13% (best +27.49%)
episode 381/1013  eps 0.031  train return  +10.74%  loss 3.40e-05  maxQ +0.0042  changes   283  5.5 min
episode 382/1013  eps 0.031  train return   +0.91%  loss 3.48e-05  maxQ +0.0045  changes   315  5.5 min
episode 383/1013  eps 0.030  train return   +5.22%  loss 3.34e-05  maxQ +0.0041  changes   244  5.5 min
episode 384/1013  eps 0.030  train return   -6.34%  loss 3.64e-05  maxQ +0.0041  changes   362  5.6 min
episode 385/1013  eps 0.030  train return  +14.55%  loss 3.58e-05  maxQ +0.0050  changes   257  5.6 min
episode 386/1013  eps 0.030  train return   +2.84%  loss 3.24e-05  maxQ +0.0045  changes   205  5.6 min
episode 387/1013  eps 0.029  train return  -23.12%  loss 3.29e-05  maxQ +0.0047  changes   214  5.6 min
episode 388/1013  eps 0.029  train return   -9.84%  loss 3.46e-05  maxQ +0.0047  changes   227  5.6 min
episode 389/1013  eps 0.029  train return  +11.51%  loss 3.32e-05  maxQ +0.0045  changes   211  5.6 min
episode 390/1013  eps 0.029  train return   -2.93%  loss 3.27e-05  maxQ +0.0054  changes   269  5.6 min | val return -8.95% (best +27.49%)
episode 391/1013  eps 0.028  train return  +46.92%  loss 3.60e-05  maxQ +0.0043  changes   271  5.7 min
episode 392/1013  eps 0.028  train return   -0.37%  loss 3.56e-05  maxQ +0.0050  changes   243  5.7 min
episode 393/1013  eps 0.028  train return   -3.61%  loss 3.49e-05  maxQ +0.0045  changes   213  5.7 min
episode 394/1013  eps 0.028  train return  +11.41%  loss 3.45e-05  maxQ +0.0049  changes   249  5.7 min
episode 395/1013  eps 0.027  train return  +31.31%  loss 3.43e-05  maxQ +0.0048  changes   284  5.7 min
episode 396/1013  eps 0.027  train return   -6.54%  loss 3.53e-05  maxQ +0.0051  changes   278  5.7 min
episode 397/1013  eps 0.027  train return   +4.02%  loss 3.48e-05  maxQ +0.0051  changes   366  5.7 min
episode 398/1013  eps 0.027  train return  +28.02%  loss 3.77e-05  maxQ +0.0054  changes   199  5.8 min
episode 399/1013  eps 0.026  train return  -10.03%  loss 3.67e-05  maxQ +0.0055  changes   220  5.8 min
episode 400/1013  eps 0.026  train return  -19.26%  loss 3.46e-05  maxQ +0.0050  changes   312  5.8 min | val return -12.53% (best +27.49%)
episode 401/1013  eps 0.026  train return  +11.54%  loss 3.57e-05  maxQ +0.0050  changes   275  5.8 min
episode 402/1013  eps 0.026  train return  -20.79%  loss 3.54e-05  maxQ +0.0046  changes   237  5.8 min
episode 403/1013  eps 0.025  train return  -14.32%  loss 3.52e-05  maxQ +0.0046  changes   270  5.8 min
episode 404/1013  eps 0.025  train return  -11.60%  loss 3.62e-05  maxQ +0.0045  changes   238  5.9 min
episode 405/1013  eps 0.025  train return  +23.61%  loss 3.48e-05  maxQ +0.0043  changes   335  5.9 min
episode 406/1013  eps 0.025  train return  +11.40%  loss 3.50e-05  maxQ +0.0041  changes   241  5.9 min
episode 407/1013  eps 0.024  train return  +31.13%  loss 3.53e-05  maxQ +0.0041  changes   196  5.9 min
episode 408/1013  eps 0.024  train return   +8.07%  loss 3.65e-05  maxQ +0.0055  changes   222  5.9 min
episode 409/1013  eps 0.024  train return  -20.89%  loss 3.50e-05  maxQ +0.0046  changes   261  5.9 min
episode 410/1013  eps 0.024  train return  -11.38%  loss 3.44e-05  maxQ +0.0044  changes   205  5.9 min | val return -38.77% (best +27.49%)
episode 411/1013  eps 0.024  train return  +36.61%  loss 3.34e-05  maxQ +0.0041  changes   247  6.0 min
episode 412/1013  eps 0.023  train return   +7.73%  loss 3.45e-05  maxQ +0.0039  changes   198  6.0 min
episode 413/1013  eps 0.023  train return   -9.26%  loss 3.33e-05  maxQ +0.0038  changes   224  6.0 min
episode 414/1013  eps 0.023  train return  +19.10%  loss 3.45e-05  maxQ +0.0039  changes   184  6.0 min
episode 415/1013  eps 0.023  train return   -9.40%  loss 3.42e-05  maxQ +0.0040  changes   227  6.0 min
episode 416/1013  eps 0.023  train return  -14.50%  loss 3.36e-05  maxQ +0.0036  changes   161  6.0 min
episode 417/1013  eps 0.022  train return   -0.50%  loss 3.34e-05  maxQ +0.0035  changes   183  6.0 min
episode 418/1013  eps 0.022  train return   -3.91%  loss 3.38e-05  maxQ +0.0031  changes   107  6.1 min
episode 419/1013  eps 0.022  train return  +14.41%  loss 3.38e-05  maxQ +0.0031  changes   154  6.1 min
episode 420/1013  eps 0.022  train return   -9.86%  loss 3.36e-05  maxQ +0.0028  changes   248  6.1 min | val return -16.82% (best +27.49%)
episode 421/1013  eps 0.022  train return  +18.67%  loss 3.42e-05  maxQ +0.0030  changes   200  6.1 min
episode 422/1013  eps 0.021  train return   -4.05%  loss 3.27e-05  maxQ +0.0036  changes   183  6.1 min
episode 423/1013  eps 0.021  train return  -13.36%  loss 3.38e-05  maxQ +0.0047  changes   234  6.1 min
episode 424/1013  eps 0.021  train return   +4.09%  loss 3.45e-05  maxQ +0.0047  changes   224  6.2 min
episode 425/1013  eps 0.021  train return   +4.18%  loss 3.38e-05  maxQ +0.0038  changes   276  6.2 min
episode 426/1013  eps 0.021  train return  -18.86%  loss 3.37e-05  maxQ +0.0041  changes   182  6.2 min
episode 427/1013  eps 0.020  train return   +0.97%  loss 3.39e-05  maxQ +0.0035  changes   247  6.2 min
episode 428/1013  eps 0.020  train return  -26.62%  loss 3.43e-05  maxQ +0.0040  changes   196  6.2 min
episode 429/1013  eps 0.020  train return   -5.21%  loss 3.44e-05  maxQ +0.0043  changes   204  6.2 min
episode 430/1013  eps 0.020  train return   +4.40%  loss 3.32e-05  maxQ +0.0038  changes   131  6.2 min | val return -2.56% (best +27.49%)
episode 431/1013  eps 0.020  train return  +14.36%  loss 3.45e-05  maxQ +0.0040  changes   140  6.3 min
episode 432/1013  eps 0.019  train return  +10.29%  loss 3.58e-05  maxQ +0.0042  changes   184  6.3 min
episode 433/1013  eps 0.019  train return  +13.59%  loss 3.52e-05  maxQ +0.0037  changes   209  6.3 min
episode 434/1013  eps 0.019  train return   +4.21%  loss 3.65e-05  maxQ +0.0040  changes   189  6.3 min
episode 435/1013  eps 0.019  train return  -22.62%  loss 3.48e-05  maxQ +0.0037  changes   209  6.3 min
episode 436/1013  eps 0.019  train return   +1.69%  loss 3.47e-05  maxQ +0.0037  changes   176  6.3 min
episode 437/1013  eps 0.019  train return  -11.77%  loss 3.66e-05  maxQ +0.0038  changes   199  6.4 min
episode 438/1013  eps 0.018  train return   -6.73%  loss 3.59e-05  maxQ +0.0037  changes   121  6.4 min
episode 439/1013  eps 0.018  train return   -2.33%  loss 3.43e-05  maxQ +0.0035  changes   233  6.4 min
episode 440/1013  eps 0.018  train return   +7.50%  loss 3.43e-05  maxQ +0.0042  changes   342  6.4 min | val return -1.55% (best +27.49%)
episode 441/1013  eps 0.018  train return  -16.58%  loss 3.49e-05  maxQ +0.0047  changes   177  6.4 min
episode 442/1013  eps 0.018  train return   -0.41%  loss 3.46e-05  maxQ +0.0037  changes   177  6.4 min
episode 443/1013  eps 0.018  train return   -5.61%  loss 3.45e-05  maxQ +0.0044  changes   165  6.5 min
episode 444/1013  eps 0.017  train return   +6.82%  loss 3.37e-05  maxQ +0.0042  changes   233  6.5 min
episode 445/1013  eps 0.017  train return  -20.77%  loss 3.26e-05  maxQ +0.0041  changes   183  6.5 min
episode 446/1013  eps 0.017  train return  +20.44%  loss 3.28e-05  maxQ +0.0040  changes   145  6.5 min
episode 447/1013  eps 0.017  train return   +5.98%  loss 3.12e-05  maxQ +0.0039  changes   138  6.5 min
episode 448/1013  eps 0.017  train return  +26.46%  loss 3.41e-05  maxQ +0.0045  changes   178  6.5 min
episode 449/1013  eps 0.017  train return  -23.10%  loss 3.34e-05  maxQ +0.0042  changes   152  6.5 min
episode 450/1013  eps 0.016  train return  -10.79%  loss 3.50e-05  maxQ +0.0032  changes   139  6.6 min | val return -10.64% (best +27.49%)
episode 451/1013  eps 0.016  train return  +47.97%  loss 3.35e-05  maxQ +0.0039  changes   175  6.6 min
episode 452/1013  eps 0.016  train return  +18.74%  loss 3.40e-05  maxQ +0.0041  changes   197  6.6 min
episode 453/1013  eps 0.016  train return   -8.49%  loss 3.37e-05  maxQ +0.0046  changes   160  6.6 min
episode 454/1013  eps 0.016  train return  +12.33%  loss 3.58e-05  maxQ +0.0049  changes   149  6.6 min
episode 455/1013  eps 0.016  train return  -10.41%  loss 3.51e-05  maxQ +0.0045  changes   191  6.6 min
episode 456/1013  eps 0.016  train return   -2.95%  loss 3.30e-05  maxQ +0.0052  changes   128  6.6 min
episode 457/1013  eps 0.015  train return   -5.27%  loss 3.18e-05  maxQ +0.0049  changes   142  6.7 min
episode 458/1013  eps 0.015  train return  -10.80%  loss 3.34e-05  maxQ +0.0046  changes   167  6.7 min
episode 459/1013  eps 0.015  train return  +20.17%  loss 3.43e-05  maxQ +0.0044  changes   203  6.7 min
episode 460/1013  eps 0.015  train return   -5.29%  loss 3.28e-05  maxQ +0.0041  changes   172  6.7 min | val return -2.86% (best +27.49%)
episode 461/1013  eps 0.015  train return  +33.72%  loss 3.27e-05  maxQ +0.0046  changes   175  6.7 min
episode 462/1013  eps 0.015  train return  +15.44%  loss 3.23e-05  maxQ +0.0038  changes   143  6.8 min
episode 463/1013  eps 0.015  train return  -22.57%  loss 3.28e-05  maxQ +0.0047  changes   147  6.8 min
episode 464/1013  eps 0.015  train return  -11.14%  loss 3.29e-05  maxQ +0.0045  changes   263  6.8 min
episode 465/1013  eps 0.014  train return   -0.48%  loss 3.30e-05  maxQ +0.0043  changes   202  6.8 min
episode 466/1013  eps 0.014  train return  -11.72%  loss 3.17e-05  maxQ +0.0039  changes   124  6.8 min
episode 467/1013  eps 0.014  train return   -6.19%  loss 3.21e-05  maxQ +0.0042  changes   194  6.8 min
episode 468/1013  eps 0.014  train return   +9.21%  loss 3.42e-05  maxQ +0.0045  changes   160  6.8 min
episode 469/1013  eps 0.014  train return   -8.08%  loss 3.10e-05  maxQ +0.0040  changes   163  6.8 min
episode 470/1013  eps 0.014  train return  -17.38%  loss 3.30e-05  maxQ +0.0037  changes   224  6.9 min | val return -14.78% (best +27.49%)
episode 471/1013  eps 0.014  train return  +12.91%  loss 3.27e-05  maxQ +0.0036  changes   221  6.9 min
episode 472/1013  eps 0.013  train return   -0.80%  loss 3.32e-05  maxQ +0.0036  changes   208  6.9 min
episode 473/1013  eps 0.013  train return   +7.07%  loss 3.24e-05  maxQ +0.0035  changes   181  6.9 min
episode 474/1013  eps 0.013  train return   +7.08%  loss 3.29e-05  maxQ +0.0033  changes   171  6.9 min
episode 475/1013  eps 0.013  train return  -18.80%  loss 3.29e-05  maxQ +0.0034  changes   137  6.9 min
episode 476/1013  eps 0.013  train return  +28.67%  loss 3.35e-05  maxQ +0.0046  changes   228  7.0 min
episode 477/1013  eps 0.013  train return  +20.88%  loss 3.32e-05  maxQ +0.0048  changes   226  7.0 min
episode 478/1013  eps 0.013  train return   +9.09%  loss 3.30e-05  maxQ +0.0043  changes   237  7.0 min
episode 479/1013  eps 0.013  train return  +16.65%  loss 3.28e-05  maxQ +0.0038  changes   176  7.0 min
episode 480/1013  eps 0.013  train return  -13.25%  loss 3.25e-05  maxQ +0.0039  changes   205  7.0 min | val return -2.39% (best +27.49%)
episode 481/1013  eps 0.012  train return   -3.60%  loss 3.21e-05  maxQ +0.0034  changes   170  7.0 min
episode 482/1013  eps 0.012  train return   -8.25%  loss 3.36e-05  maxQ +0.0035  changes   158  7.1 min
episode 483/1013  eps 0.012  train return   -7.19%  loss 3.17e-05  maxQ +0.0040  changes   169  7.1 min
episode 484/1013  eps 0.012  train return   +1.35%  loss 3.13e-05  maxQ +0.0049  changes   150  7.1 min
episode 485/1013  eps 0.012  train return   +5.83%  loss 3.46e-05  maxQ +0.0040  changes   200  7.1 min
episode 486/1013  eps 0.012  train return  +10.96%  loss 3.22e-05  maxQ +0.0046  changes   177  7.1 min
episode 487/1013  eps 0.012  train return  -15.12%  loss 3.31e-05  maxQ +0.0045  changes   192  7.1 min
episode 488/1013  eps 0.012  train return   -2.11%  loss 3.40e-05  maxQ +0.0047  changes   246  7.1 min
episode 489/1013  eps 0.012  train return  -23.10%  loss 3.13e-05  maxQ +0.0050  changes   152  7.2 min
episode 490/1013  eps 0.011  train return   +4.87%  loss 3.20e-05  maxQ +0.0043  changes   163  7.2 min | val return +3.37% (best +27.49%)
episode 491/1013  eps 0.011  train return   +4.01%  loss 3.09e-05  maxQ +0.0037  changes   170  7.2 min
episode 492/1013  eps 0.011  train return   -1.98%  loss 3.11e-05  maxQ +0.0035  changes   141  7.2 min
episode 493/1013  eps 0.011  train return   +5.11%  loss 3.28e-05  maxQ +0.0035  changes   165  7.2 min
episode 494/1013  eps 0.011  train return  +14.26%  loss 3.12e-05  maxQ +0.0033  changes   152  7.2 min
episode 495/1013  eps 0.011  train return  -15.00%  loss 3.09e-05  maxQ +0.0033  changes   172  7.3 min
episode 496/1013  eps 0.011  train return   -4.64%  loss 3.14e-05  maxQ +0.0028  changes   210  7.3 min
episode 497/1013  eps 0.011  train return   -1.38%  loss 3.21e-05  maxQ +0.0026  changes   159  7.3 min
episode 498/1013  eps 0.011  train return  +15.31%  loss 3.24e-05  maxQ +0.0033  changes   208  7.3 min
episode 499/1013  eps 0.011  train return  +11.48%  loss 3.11e-05  maxQ +0.0031  changes    88  7.3 min
episode 500/1013  eps 0.010  train return  -13.90%  loss 3.25e-05  maxQ +0.0033  changes   142  7.3 min | val return -10.23% (best +27.49%)
episode 501/1013  eps 0.010  train return   -3.57%  loss 3.37e-05  maxQ +0.0037  changes   117  7.3 min
episode 502/1013  eps 0.010  train return   -9.01%  loss 3.25e-05  maxQ +0.0039  changes   122  7.4 min
episode 503/1013  eps 0.010  train return   -4.50%  loss 3.49e-05  maxQ +0.0032  changes    91  7.4 min
episode 504/1013  eps 0.010  train return   +4.98%  loss 3.31e-05  maxQ +0.0033  changes   129  7.4 min
episode 505/1013  eps 0.010  train return  -22.35%  loss 3.30e-05  maxQ +0.0040  changes   125  7.4 min
episode 506/1013  eps 0.010  train return  +15.71%  loss 3.41e-05  maxQ +0.0036  changes   115  7.4 min
episode 507/1013  eps 0.010  train return  +24.86%  loss 3.45e-05  maxQ +0.0032  changes   114  7.4 min
episode 508/1013  eps 0.010  train return   -1.73%  loss 3.47e-05  maxQ +0.0032  changes    81  7.4 min
episode 509/1013  eps 0.010  train return  -12.48%  loss 3.58e-05  maxQ +0.0036  changes   126  7.5 min
episode 510/1013  eps 0.010  train return   +1.53%  loss 3.47e-05  maxQ +0.0039  changes   193  7.5 min | val return -11.83% (best +27.49%)
episode 511/1013  eps 0.010  train return  +17.35%  loss 3.32e-05  maxQ +0.0034  changes   159  7.5 min
episode 512/1013  eps 0.010  train return  +19.65%  loss 3.54e-05  maxQ +0.0032  changes    98  7.5 min
episode 513/1013  eps 0.010  train return  +16.69%  loss 3.36e-05  maxQ +0.0038  changes   144  7.5 min
episode 514/1013  eps 0.010  train return  -17.90%  loss 3.62e-05  maxQ +0.0039  changes   119  7.5 min
episode 515/1013  eps 0.010  train return   +6.83%  loss 3.54e-05  maxQ +0.0043  changes   260  7.6 min
episode 516/1013  eps 0.010  train return  -20.52%  loss 3.45e-05  maxQ +0.0045  changes    84  7.6 min
episode 517/1013  eps 0.010  train return   +0.72%  loss 3.25e-05  maxQ +0.0039  changes   149  7.6 min
episode 518/1013  eps 0.010  train return  +23.14%  loss 3.62e-05  maxQ +0.0044  changes   277  7.6 min
episode 519/1013  eps 0.010  train return  +25.24%  loss 3.54e-05  maxQ +0.0045  changes   120  7.6 min
episode 520/1013  eps 0.010  train return  +15.93%  loss 3.65e-05  maxQ +0.0037  changes   108  7.6 min | val return +9.79% (best +27.49%)
episode 521/1013  eps 0.010  train return  +22.50%  loss 3.52e-05  maxQ +0.0039  changes    82  7.7 min
episode 522/1013  eps 0.010  train return   -9.87%  loss 3.59e-05  maxQ +0.0037  changes    99  7.7 min
episode 523/1013  eps 0.010  train return   +0.29%  loss 3.64e-05  maxQ +0.0036  changes   124  7.7 min
episode 524/1013  eps 0.010  train return   -0.55%  loss 3.68e-05  maxQ +0.0033  changes   156  7.7 min
episode 525/1013  eps 0.010  train return   +3.73%  loss 3.49e-05  maxQ +0.0033  changes    92  7.7 min
episode 526/1013  eps 0.010  train return   -0.27%  loss 3.63e-05  maxQ +0.0041  changes    85  7.7 min
episode 527/1013  eps 0.010  train return  +15.95%  loss 3.73e-05  maxQ +0.0049  changes    80  7.7 min
episode 528/1013  eps 0.010  train return  -22.37%  loss 3.50e-05  maxQ +0.0046  changes   119  7.8 min
episode 529/1013  eps 0.010  train return  +19.39%  loss 3.75e-05  maxQ +0.0040  changes    84  7.8 min
episode 530/1013  eps 0.010  train return   +9.10%  loss 3.57e-05  maxQ +0.0049  changes   123  7.8 min | val return -10.50% (best +27.49%)
episode 531/1013  eps 0.010  train return  -12.17%  loss 3.61e-05  maxQ +0.0034  changes    91  7.8 min
episode 532/1013  eps 0.010  train return   +1.38%  loss 3.68e-05  maxQ +0.0037  changes   135  7.8 min
episode 533/1013  eps 0.010  train return  -32.32%  loss 3.73e-05  maxQ +0.0037  changes    75  7.8 min
episode 534/1013  eps 0.010  train return  +14.45%  loss 3.90e-05  maxQ +0.0035  changes   117  7.9 min
episode 535/1013  eps 0.010  train return  +53.46%  loss 4.01e-05  maxQ +0.0034  changes   130  7.9 min
episode 536/1013  eps 0.010  train return   -6.08%  loss 4.04e-05  maxQ +0.0032  changes   119  7.9 min
episode 537/1013  eps 0.010  train return  +16.89%  loss 4.10e-05  maxQ +0.0040  changes   135  7.9 min
episode 538/1013  eps 0.010  train return   -2.30%  loss 3.86e-05  maxQ +0.0039  changes   118  7.9 min
episode 539/1013  eps 0.010  train return  +10.30%  loss 4.03e-05  maxQ +0.0035  changes   103  7.9 min
episode 540/1013  eps 0.010  train return   +9.50%  loss 3.91e-05  maxQ +0.0037  changes   135  7.9 min | val return -8.06% (best +27.49%)
episode 541/1013  eps 0.010  train return   +8.56%  loss 4.12e-05  maxQ +0.0028  changes   113  8.0 min
episode 542/1013  eps 0.010  train return  +14.60%  loss 3.96e-05  maxQ +0.0032  changes    96  8.0 min
episode 543/1013  eps 0.010  train return  -13.07%  loss 3.92e-05  maxQ +0.0036  changes    90  8.0 min
episode 544/1013  eps 0.010  train return  +19.65%  loss 3.90e-05  maxQ +0.0035  changes    77  8.0 min
episode 545/1013  eps 0.010  train return   +7.06%  loss 4.22e-05  maxQ +0.0034  changes   140  8.0 min
episode 546/1013  eps 0.010  train return   -5.09%  loss 4.01e-05  maxQ +0.0034  changes    65  8.0 min
episode 547/1013  eps 0.010  train return  -10.77%  loss 4.11e-05  maxQ +0.0044  changes   108  8.1 min
episode 548/1013  eps 0.010  train return   -4.35%  loss 4.05e-05  maxQ +0.0035  changes    99  8.1 min
episode 549/1013  eps 0.010  train return  +26.62%  loss 4.01e-05  maxQ +0.0032  changes    92  8.1 min
episode 550/1013  eps 0.010  train return   -6.21%  loss 4.01e-05  maxQ +0.0034  changes    81  8.1 min | val return -25.92% (best +27.49%)
episode 551/1013  eps 0.010  train return   -7.60%  loss 4.33e-05  maxQ +0.0036  changes   138  8.1 min
episode 552/1013  eps 0.010  train return  +17.87%  loss 4.21e-05  maxQ +0.0035  changes    99  8.1 min
episode 553/1013  eps 0.010  train return  -26.41%  loss 4.11e-05  maxQ +0.0037  changes    85  8.2 min
episode 554/1013  eps 0.010  train return  +40.19%  loss 4.20e-05  maxQ +0.0035  changes   171  8.2 min
episode 555/1013  eps 0.010  train return   -2.84%  loss 4.44e-05  maxQ +0.0036  changes    76  8.2 min
episode 556/1013  eps 0.010  train return   -0.91%  loss 4.24e-05  maxQ +0.0029  changes   105  8.2 min
episode 557/1013  eps 0.010  train return  -21.08%  loss 4.49e-05  maxQ +0.0031  changes    79  8.2 min
episode 558/1013  eps 0.010  train return   -4.74%  loss 4.44e-05  maxQ +0.0031  changes   138  8.2 min
episode 559/1013  eps 0.010  train return  +48.54%  loss 4.50e-05  maxQ +0.0030  changes   112  8.2 min
episode 560/1013  eps 0.010  train return  -11.36%  loss 4.49e-05  maxQ +0.0032  changes   109  8.3 min | val return -16.44% (best +27.49%)
episode 561/1013  eps 0.010  train return  -20.19%  loss 4.49e-05  maxQ +0.0027  changes   132  8.3 min
episode 562/1013  eps 0.010  train return  -19.47%  loss 4.56e-05  maxQ +0.0036  changes   132  8.3 min
episode 563/1013  eps 0.010  train return  +11.51%  loss 4.51e-05  maxQ +0.0030  changes   127  8.3 min
episode 564/1013  eps 0.010  train return   +2.50%  loss 4.55e-05  maxQ +0.0033  changes   120  8.3 min
episode 565/1013  eps 0.010  train return   -4.18%  loss 4.47e-05  maxQ +0.0031  changes   109  8.3 min
episode 566/1013  eps 0.010  train return   +8.26%  loss 4.28e-05  maxQ +0.0034  changes   150  8.4 min
episode 567/1013  eps 0.010  train return  -26.29%  loss 4.51e-05  maxQ +0.0033  changes   134  8.4 min
episode 568/1013  eps 0.010  train return   -3.04%  loss 4.35e-05  maxQ +0.0031  changes    89  8.4 min
episode 569/1013  eps 0.010  train return  -17.08%  loss 4.40e-05  maxQ +0.0033  changes   116  8.4 min
episode 570/1013  eps 0.010  train return  +23.54%  loss 4.31e-05  maxQ +0.0028  changes   136  8.4 min | val return +5.01% (best +27.49%)
episode 571/1013  eps 0.010  train return  -11.82%  loss 4.39e-05  maxQ +0.0034  changes   155  8.4 min
episode 572/1013  eps 0.010  train return  +11.37%  loss 4.50e-05  maxQ +0.0034  changes   164  8.4 min
episode 573/1013  eps 0.010  train return  -10.34%  loss 4.49e-05  maxQ +0.0034  changes   218  8.5 min
episode 574/1013  eps 0.010  train return  +27.88%  loss 4.37e-05  maxQ +0.0032  changes   131  8.5 min
episode 575/1013  eps 0.010  train return   +9.79%  loss 4.21e-05  maxQ +0.0031  changes   156  8.5 min
episode 576/1013  eps 0.010  train return   -6.46%  loss 4.32e-05  maxQ +0.0026  changes   158  8.5 min
episode 577/1013  eps 0.010  train return  +14.15%  loss 4.42e-05  maxQ +0.0029  changes   152  8.5 min
episode 578/1013  eps 0.010  train return  +10.54%  loss 4.16e-05  maxQ +0.0029  changes   162  8.5 min
episode 579/1013  eps 0.010  train return  -18.17%  loss 4.36e-05  maxQ +0.0032  changes   141  8.5 min
episode 580/1013  eps 0.010  train return  +35.05%  loss 4.23e-05  maxQ +0.0033  changes   130  8.6 min | val return -2.35% (best +27.49%)
episode 581/1013  eps 0.010  train return   +7.64%  loss 4.32e-05  maxQ +0.0043  changes   127  8.6 min
episode 582/1013  eps 0.010  train return   -0.35%  loss 4.26e-05  maxQ +0.0045  changes   127  8.6 min
episode 583/1013  eps 0.010  train return  +18.44%  loss 4.10e-05  maxQ +0.0044  changes   101  8.6 min
episode 584/1013  eps 0.010  train return  -13.86%  loss 4.44e-05  maxQ +0.0035  changes   155  8.6 min
episode 585/1013  eps 0.010  train return   +0.15%  loss 4.34e-05  maxQ +0.0036  changes   140  8.6 min
episode 586/1013  eps 0.010  train return  +20.39%  loss 4.24e-05  maxQ +0.0035  changes   172  8.7 min
episode 587/1013  eps 0.010  train return  +10.50%  loss 4.45e-05  maxQ +0.0026  changes   194  8.7 min
episode 588/1013  eps 0.010  train return  +22.97%  loss 4.28e-05  maxQ +0.0033  changes   189  8.7 min
episode 589/1013  eps 0.010  train return  +18.35%  loss 4.74e-05  maxQ +0.0027  changes   188  8.7 min
episode 590/1013  eps 0.010  train return  -28.84%  loss 4.45e-05  maxQ +0.0028  changes   188  8.7 min | val return -14.20% (best +27.49%)
episode 591/1013  eps 0.010  train return   +1.92%  loss 4.44e-05  maxQ +0.0029  changes   180  8.7 min
episode 592/1013  eps 0.010  train return   +8.56%  loss 4.55e-05  maxQ +0.0033  changes   146  8.8 min
episode 593/1013  eps 0.010  train return  +44.84%  loss 4.49e-05  maxQ +0.0030  changes   121  8.8 min
episode 594/1013  eps 0.010  train return   +3.98%  loss 4.63e-05  maxQ +0.0033  changes   180  8.8 min
episode 595/1013  eps 0.010  train return  +14.03%  loss 4.38e-05  maxQ +0.0036  changes   126  8.8 min
episode 596/1013  eps 0.010  train return   -5.55%  loss 4.54e-05  maxQ +0.0037  changes   144  8.8 min
episode 597/1013  eps 0.010  train return   -1.85%  loss 4.57e-05  maxQ +0.0034  changes   141  8.8 min
episode 598/1013  eps 0.010  train return  +16.84%  loss 4.43e-05  maxQ +0.0033  changes   222  8.8 min
episode 599/1013  eps 0.010  train return   +6.35%  loss 4.39e-05  maxQ +0.0034  changes   187  8.9 min
episode 600/1013  eps 0.010  train return  -19.38%  loss 4.43e-05  maxQ +0.0033  changes   236  8.9 min | val return -1.93% (best +27.49%)
episode 601/1013  eps 0.010  train return   +0.52%  loss 4.66e-05  maxQ +0.0036  changes   185  8.9 min
episode 602/1013  eps 0.010  train return   -1.43%  loss 4.57e-05  maxQ +0.0025  changes   168  8.9 min
episode 603/1013  eps 0.010  train return   -0.66%  loss 4.32e-05  maxQ +0.0029  changes   189  8.9 min
episode 604/1013  eps 0.010  train return   +4.37%  loss 4.58e-05  maxQ +0.0030  changes   201  8.9 min
episode 605/1013  eps 0.010  train return   -5.82%  loss 4.24e-05  maxQ +0.0030  changes   126  9.0 min
episode 606/1013  eps 0.010  train return  +29.48%  loss 4.30e-05  maxQ +0.0030  changes   145  9.0 min
episode 607/1013  eps 0.010  train return   -0.90%  loss 4.18e-05  maxQ +0.0032  changes   244  9.0 min
episode 608/1013  eps 0.010  train return   +0.07%  loss 4.37e-05  maxQ +0.0030  changes   342  9.0 min
episode 609/1013  eps 0.010  train return   +8.86%  loss 4.17e-05  maxQ +0.0041  changes   217  9.0 min
episode 610/1013  eps 0.010  train return  -14.31%  loss 4.18e-05  maxQ +0.0035  changes   305  9.0 min | val return -8.32% (best +27.49%)
episode 611/1013  eps 0.010  train return  -14.08%  loss 4.35e-05  maxQ +0.0034  changes   242  9.1 min
episode 612/1013  eps 0.010  train return   -3.74%  loss 4.04e-05  maxQ +0.0031  changes   161  9.1 min
episode 613/1013  eps 0.010  train return   +9.04%  loss 4.18e-05  maxQ +0.0028  changes   175  9.1 min
episode 614/1013  eps 0.010  train return   +8.79%  loss 3.94e-05  maxQ +0.0026  changes   239  9.1 min
episode 615/1013  eps 0.010  train return   -8.86%  loss 4.13e-05  maxQ +0.0035  changes   112  9.1 min
episode 616/1013  eps 0.010  train return  -20.91%  loss 3.97e-05  maxQ +0.0028  changes   136  9.1 min
episode 617/1013  eps 0.010  train return   +3.23%  loss 4.28e-05  maxQ +0.0026  changes   152  9.1 min
episode 618/1013  eps 0.010  train return   -4.08%  loss 4.05e-05  maxQ +0.0024  changes   219  9.2 min
episode 619/1013  eps 0.010  train return   -9.82%  loss 3.95e-05  maxQ +0.0025  changes   213  9.2 min
episode 620/1013  eps 0.010  train return   -9.76%  loss 4.16e-05  maxQ +0.0032  changes   245  9.2 min | val return +8.90% (best +27.49%)
episode 621/1013  eps 0.010  train return  -10.48%  loss 4.08e-05  maxQ +0.0029  changes   217  9.2 min
episode 622/1013  eps 0.010  train return   -7.67%  loss 4.02e-05  maxQ +0.0032  changes   113  9.2 min
episode 623/1013  eps 0.010  train return   +8.92%  loss 3.83e-05  maxQ +0.0031  changes   187  9.2 min
episode 624/1013  eps 0.010  train return  +26.03%  loss 3.84e-05  maxQ +0.0031  changes   204  9.3 min
episode 625/1013  eps 0.010  train return   +1.87%  loss 3.85e-05  maxQ +0.0032  changes   272  9.3 min
episode 626/1013  eps 0.010  train return   +2.99%  loss 3.80e-05  maxQ +0.0025  changes   271  9.3 min
episode 627/1013  eps 0.010  train return   +7.45%  loss 3.86e-05  maxQ +0.0025  changes   321  9.3 min
episode 628/1013  eps 0.010  train return  +40.06%  loss 3.74e-05  maxQ +0.0022  changes   276  9.3 min
episode 629/1013  eps 0.010  train return   -5.45%  loss 3.91e-05  maxQ +0.0025  changes   197  9.3 min
episode 630/1013  eps 0.010  train return  +10.14%  loss 3.79e-05  maxQ +0.0023  changes   239  9.3 min | val return -9.78% (best +27.49%)
episode 631/1013  eps 0.010  train return   +6.51%  loss 3.72e-05  maxQ +0.0026  changes   260  9.4 min
episode 632/1013  eps 0.010  train return   -2.86%  loss 3.86e-05  maxQ +0.0027  changes   321  9.4 min
episode 633/1013  eps 0.010  train return   -6.39%  loss 3.66e-05  maxQ +0.0028  changes   192  9.4 min
episode 634/1013  eps 0.010  train return  -19.61%  loss 3.77e-05  maxQ +0.0028  changes   241  9.4 min
episode 635/1013  eps 0.010  train return  +65.64%  loss 3.72e-05  maxQ +0.0033  changes   118  9.4 min
episode 636/1013  eps 0.010  train return  +15.03%  loss 3.73e-05  maxQ +0.0033  changes   163  9.4 min
episode 637/1013  eps 0.010  train return  -12.33%  loss 3.79e-05  maxQ +0.0037  changes   151  9.4 min
episode 638/1013  eps 0.010  train return  +18.04%  loss 3.91e-05  maxQ +0.0036  changes   277  9.5 min
episode 639/1013  eps 0.010  train return  -14.05%  loss 3.91e-05  maxQ +0.0034  changes   117  9.5 min
episode 640/1013  eps 0.010  train return  -27.12%  loss 3.99e-05  maxQ +0.0033  changes   170  9.5 min | val return -2.58% (best +27.49%)
episode 641/1013  eps 0.010  train return  -17.31%  loss 4.04e-05  maxQ +0.0038  changes   124  9.5 min
episode 642/1013  eps 0.010  train return   +2.55%  loss 4.00e-05  maxQ +0.0037  changes   221  9.5 min
episode 643/1013  eps 0.010  train return   -1.26%  loss 4.07e-05  maxQ +0.0034  changes   237  9.5 min
episode 644/1013  eps 0.010  train return  -12.15%  loss 4.07e-05  maxQ +0.0029  changes   264  9.6 min
episode 645/1013  eps 0.010  train return  -13.93%  loss 3.96e-05  maxQ +0.0035  changes   332  9.6 min
episode 646/1013  eps 0.010  train return   +1.89%  loss 4.10e-05  maxQ +0.0035  changes   360  9.6 min
episode 647/1013  eps 0.010  train return   -9.48%  loss 3.89e-05  maxQ +0.0029  changes   182  9.6 min
episode 648/1013  eps 0.010  train return  +27.77%  loss 3.83e-05  maxQ +0.0024  changes   188  9.6 min
episode 649/1013  eps 0.010  train return   +5.53%  loss 4.00e-05  maxQ +0.0028  changes   179  9.6 min
episode 650/1013  eps 0.010  train return   +7.98%  loss 3.94e-05  maxQ +0.0031  changes   227  9.6 min | val return +0.46% (best +27.49%)
episode 651/1013  eps 0.010  train return  +16.59%  loss 3.92e-05  maxQ +0.0030  changes   251  9.7 min
episode 652/1013  eps 0.010  train return   -4.00%  loss 4.15e-05  maxQ +0.0030  changes   184  9.7 min
episode 653/1013  eps 0.010  train return   -3.64%  loss 4.04e-05  maxQ +0.0033  changes   202  9.7 min
episode 654/1013  eps 0.010  train return   +4.89%  loss 4.14e-05  maxQ +0.0027  changes   284  9.7 min
episode 655/1013  eps 0.010  train return  -20.22%  loss 4.09e-05  maxQ +0.0025  changes   201  9.7 min
episode 656/1013  eps 0.010  train return  +35.19%  loss 4.04e-05  maxQ +0.0030  changes   120  9.7 min
episode 657/1013  eps 0.010  train return  +21.21%  loss 4.14e-05  maxQ +0.0031  changes   158  9.8 min
episode 658/1013  eps 0.010  train return  +29.22%  loss 4.03e-05  maxQ +0.0026  changes   206  9.8 min
episode 659/1013  eps 0.010  train return   +9.24%  loss 3.93e-05  maxQ +0.0021  changes   196  9.8 min
episode 660/1013  eps 0.010  train return   -1.27%  loss 3.84e-05  maxQ +0.0025  changes   192  9.8 min | val return +1.70% (best +27.49%)
episode 661/1013  eps 0.010  train return  +45.06%  loss 3.89e-05  maxQ +0.0029  changes   232  9.8 min
episode 662/1013  eps 0.010  train return   -5.50%  loss 3.85e-05  maxQ +0.0040  changes   118  9.8 min
episode 663/1013  eps 0.010  train return   +0.14%  loss 3.88e-05  maxQ +0.0035  changes   198  9.9 min
episode 664/1013  eps 0.010  train return   -7.57%  loss 4.10e-05  maxQ +0.0033  changes   212  9.9 min
episode 665/1013  eps 0.010  train return   -9.70%  loss 4.10e-05  maxQ +0.0036  changes   134  9.9 min
episode 666/1013  eps 0.010  train return   +0.17%  loss 3.99e-05  maxQ +0.0035  changes   122  9.9 min
episode 667/1013  eps 0.010  train return  +21.81%  loss 3.84e-05  maxQ +0.0039  changes   134  9.9 min
episode 668/1013  eps 0.010  train return   -3.39%  loss 3.78e-05  maxQ +0.0044  changes    98  9.9 min
episode 669/1013  eps 0.010  train return  +21.17%  loss 3.88e-05  maxQ +0.0036  changes   223  9.9 min
episode 670/1013  eps 0.010  train return  -11.72%  loss 4.00e-05  maxQ +0.0031  changes   175  10.0 min | val return -7.92% (best +27.49%)
episode 671/1013  eps 0.010  train return   +2.70%  loss 4.13e-05  maxQ +0.0037  changes   147  10.0 min
episode 672/1013  eps 0.010  train return   -4.45%  loss 4.10e-05  maxQ +0.0034  changes   194  10.0 min
episode 673/1013  eps 0.010  train return   -6.96%  loss 3.71e-05  maxQ +0.0031  changes   104  10.0 min
episode 674/1013  eps 0.010  train return   -7.32%  loss 3.87e-05  maxQ +0.0031  changes   173  10.0 min
episode 675/1013  eps 0.010  train return   -9.46%  loss 3.72e-05  maxQ +0.0033  changes   120  10.0 min
episode 676/1013  eps 0.010  train return   -2.58%  loss 3.77e-05  maxQ +0.0027  changes   148  10.1 min
episode 677/1013  eps 0.010  train return  -35.32%  loss 3.90e-05  maxQ +0.0029  changes   164  10.1 min
episode 678/1013  eps 0.010  train return   -1.24%  loss 3.91e-05  maxQ +0.0031  changes   133  10.1 min
episode 679/1013  eps 0.010  train return  +23.58%  loss 3.91e-05  maxQ +0.0029  changes   115  10.1 min
episode 680/1013  eps 0.010  train return  -18.34%  loss 4.18e-05  maxQ +0.0038  changes   164  10.1 min | val return -1.51% (best +27.49%)
episode 681/1013  eps 0.010  train return   +3.47%  loss 3.87e-05  maxQ +0.0034  changes   228  10.1 min
episode 682/1013  eps 0.010  train return  +41.97%  loss 4.07e-05  maxQ +0.0031  changes   170  10.2 min
episode 683/1013  eps 0.010  train return   +0.46%  loss 4.10e-05  maxQ +0.0033  changes   166  10.2 min
episode 684/1013  eps 0.010  train return   -1.07%  loss 4.07e-05  maxQ +0.0032  changes   177  10.2 min
episode 685/1013  eps 0.010  train return   +8.61%  loss 3.94e-05  maxQ +0.0033  changes   110  10.2 min
episode 686/1013  eps 0.010  train return   -7.22%  loss 4.09e-05  maxQ +0.0033  changes   174  10.2 min
episode 687/1013  eps 0.010  train return   +1.68%  loss 3.90e-05  maxQ +0.0031  changes   233  10.2 min
episode 688/1013  eps 0.010  train return   +3.67%  loss 3.86e-05  maxQ +0.0037  changes   210  10.2 min
episode 689/1013  eps 0.010  train return  +10.25%  loss 3.84e-05  maxQ +0.0043  changes   121  10.3 min
episode 690/1013  eps 0.010  train return  -14.81%  loss 4.03e-05  maxQ +0.0040  changes   142  10.3 min | val return +1.27% (best +27.49%)
episode 691/1013  eps 0.010  train return  -27.50%  loss 4.18e-05  maxQ +0.0043  changes   228  10.3 min
episode 692/1013  eps 0.010  train return   +6.77%  loss 4.16e-05  maxQ +0.0035  changes   188  10.3 min
episode 693/1013  eps 0.010  train return   -4.43%  loss 3.89e-05  maxQ +0.0032  changes   195  10.3 min
episode 694/1013  eps 0.010  train return  +10.66%  loss 3.91e-05  maxQ +0.0031  changes   185  10.3 min
episode 695/1013  eps 0.010  train return  +33.03%  loss 4.13e-05  maxQ +0.0028  changes   185  10.4 min
episode 696/1013  eps 0.010  train return  +27.29%  loss 3.89e-05  maxQ +0.0039  changes   239  10.4 min
episode 697/1013  eps 0.010  train return   -3.96%  loss 4.05e-05  maxQ +0.0030  changes   170  10.4 min
episode 698/1013  eps 0.010  train return   +0.19%  loss 4.14e-05  maxQ +0.0035  changes   228  10.4 min
episode 699/1013  eps 0.010  train return  +21.14%  loss 3.87e-05  maxQ +0.0038  changes   144  10.4 min
episode 700/1013  eps 0.010  train return   -8.67%  loss 4.06e-05  maxQ +0.0034  changes   157  10.4 min | val return -0.70% (best +27.49%)
episode 701/1013  eps 0.010  train return   +5.82%  loss 4.05e-05  maxQ +0.0035  changes   241  10.5 min
episode 702/1013  eps 0.010  train return   +4.05%  loss 3.85e-05  maxQ +0.0033  changes   134  10.5 min
episode 703/1013  eps 0.010  train return   +7.44%  loss 4.00e-05  maxQ +0.0028  changes   215  10.5 min
episode 704/1013  eps 0.010  train return   -4.93%  loss 3.88e-05  maxQ +0.0036  changes   251  10.5 min
episode 705/1013  eps 0.010  train return   +7.79%  loss 3.80e-05  maxQ +0.0037  changes   187  10.5 min
episode 706/1013  eps 0.010  train return   +3.98%  loss 3.81e-05  maxQ +0.0035  changes   350  10.5 min
episode 707/1013  eps 0.010  train return  -45.60%  loss 3.88e-05  maxQ +0.0034  changes   248  10.5 min
episode 708/1013  eps 0.010  train return   +2.26%  loss 3.82e-05  maxQ +0.0030  changes   209  10.6 min
episode 709/1013  eps 0.010  train return   -6.09%  loss 3.63e-05  maxQ +0.0033  changes   154  10.6 min
episode 710/1013  eps 0.010  train return  +19.05%  loss 3.92e-05  maxQ +0.0034  changes   219  10.6 min | val return +0.79% (best +27.49%)
episode 711/1013  eps 0.010  train return   +2.92%  loss 3.84e-05  maxQ +0.0035  changes   204  10.6 min
episode 712/1013  eps 0.010  train return  +21.90%  loss 3.50e-05  maxQ +0.0029  changes   209  10.6 min
episode 713/1013  eps 0.010  train return  +14.53%  loss 3.57e-05  maxQ +0.0031  changes   216  10.6 min
episode 714/1013  eps 0.010  train return  -19.21%  loss 3.57e-05  maxQ +0.0035  changes   160  10.6 min
episode 715/1013  eps 0.010  train return   +3.50%  loss 3.80e-05  maxQ +0.0031  changes   195  10.7 min
episode 716/1013  eps 0.010  train return   +0.85%  loss 3.89e-05  maxQ +0.0031  changes   158  10.7 min
episode 717/1013  eps 0.010  train return   +5.18%  loss 3.80e-05  maxQ +0.0032  changes   190  10.7 min
episode 718/1013  eps 0.010  train return   +4.03%  loss 3.68e-05  maxQ +0.0033  changes   190  10.7 min
episode 719/1013  eps 0.010  train return   +0.34%  loss 3.90e-05  maxQ +0.0030  changes   241  10.7 min
episode 720/1013  eps 0.010  train return  -35.21%  loss 3.73e-05  maxQ +0.0031  changes   163  10.7 min | val return +2.11% (best +27.49%)
episode 721/1013  eps 0.010  train return  +13.94%  loss 3.79e-05  maxQ +0.0031  changes   224  10.8 min
episode 722/1013  eps 0.010  train return   -2.75%  loss 3.80e-05  maxQ +0.0033  changes   235  10.8 min
episode 723/1013  eps 0.010  train return   +1.28%  loss 3.71e-05  maxQ +0.0032  changes   228  10.8 min
episode 724/1013  eps 0.010  train return  +17.51%  loss 3.83e-05  maxQ +0.0032  changes   122  10.8 min
episode 725/1013  eps 0.010  train return  -17.30%  loss 3.84e-05  maxQ +0.0034  changes   293  10.8 min
episode 726/1013  eps 0.010  train return   +7.71%  loss 3.80e-05  maxQ +0.0028  changes   152  10.8 min
episode 727/1013  eps 0.010  train return  +39.64%  loss 3.63e-05  maxQ +0.0030  changes   141  10.8 min
episode 728/1013  eps 0.010  train return   +2.52%  loss 3.52e-05  maxQ +0.0028  changes   184  10.9 min
episode 729/1013  eps 0.010  train return   -1.04%  loss 3.47e-05  maxQ +0.0028  changes   106  10.9 min
episode 730/1013  eps 0.010  train return   +4.98%  loss 3.58e-05  maxQ +0.0029  changes   155  10.9 min | val return +5.80% (best +27.49%)
episode 731/1013  eps 0.010  train return  -18.00%  loss 3.60e-05  maxQ +0.0030  changes   230  10.9 min
episode 732/1013  eps 0.010  train return  -24.27%  loss 3.48e-05  maxQ +0.0038  changes   161  10.9 min
episode 733/1013  eps 0.010  train return  -10.95%  loss 3.95e-05  maxQ +0.0035  changes   203  10.9 min
episode 734/1013  eps 0.010  train return  -12.93%  loss 3.56e-05  maxQ +0.0036  changes   133  11.0 min
episode 735/1013  eps 0.010  train return   +7.49%  loss 3.49e-05  maxQ +0.0038  changes   209  11.0 min
episode 736/1013  eps 0.010  train return  +10.17%  loss 3.67e-05  maxQ +0.0034  changes   146  11.0 min
episode 737/1013  eps 0.010  train return  -22.46%  loss 3.61e-05  maxQ +0.0033  changes   191  11.0 min
episode 738/1013  eps 0.010  train return  +16.79%  loss 3.57e-05  maxQ +0.0034  changes   284  11.0 min
episode 739/1013  eps 0.010  train return   -1.83%  loss 3.61e-05  maxQ +0.0038  changes   181  11.0 min
episode 740/1013  eps 0.010  train return  +15.79%  loss 3.59e-05  maxQ +0.0028  changes   198  11.0 min | val return -3.13% (best +27.49%)
episode 741/1013  eps 0.010  train return  +13.03%  loss 3.40e-05  maxQ +0.0028  changes   198  11.1 min
episode 742/1013  eps 0.010  train return  +16.57%  loss 3.54e-05  maxQ +0.0023  changes   227  11.1 min
episode 743/1013  eps 0.010  train return  +15.03%  loss 3.57e-05  maxQ +0.0032  changes   188  11.1 min
episode 744/1013  eps 0.010  train return  +14.24%  loss 3.55e-05  maxQ +0.0032  changes   241  11.1 min
episode 745/1013  eps 0.010  train return  +23.54%  loss 3.57e-05  maxQ +0.0039  changes   238  11.1 min
episode 746/1013  eps 0.010  train return   -3.58%  loss 3.69e-05  maxQ +0.0039  changes   237  11.1 min
episode 747/1013  eps 0.010  train return   +0.16%  loss 3.53e-05  maxQ +0.0037  changes   107  11.2 min
episode 748/1013  eps 0.010  train return   +2.52%  loss 3.50e-05  maxQ +0.0038  changes   188  11.2 min
episode 749/1013  eps 0.010  train return   +1.61%  loss 3.47e-05  maxQ +0.0036  changes   198  11.2 min
episode 750/1013  eps 0.010  train return  -28.06%  loss 3.71e-05  maxQ +0.0033  changes   180  11.2 min | val return +5.46% (best +27.49%)
episode 751/1013  eps 0.010  train return  +20.56%  loss 3.90e-05  maxQ +0.0033  changes   218  11.2 min
episode 752/1013  eps 0.010  train return  +26.97%  loss 3.60e-05  maxQ +0.0033  changes   233  11.2 min
episode 753/1013  eps 0.010  train return  -18.61%  loss 3.91e-05  maxQ +0.0033  changes   228  11.3 min
episode 754/1013  eps 0.010  train return   +3.06%  loss 3.93e-05  maxQ +0.0032  changes   274  11.3 min
episode 755/1013  eps 0.010  train return   +7.33%  loss 3.82e-05  maxQ +0.0028  changes   190  11.3 min
episode 756/1013  eps 0.010  train return  -11.22%  loss 3.83e-05  maxQ +0.0032  changes   157  11.3 min
episode 757/1013  eps 0.010  train return  +17.90%  loss 3.70e-05  maxQ +0.0033  changes   284  11.3 min
episode 758/1013  eps 0.010  train return  -25.17%  loss 3.88e-05  maxQ +0.0040  changes   114  11.3 min
episode 759/1013  eps 0.010  train return   -0.34%  loss 3.73e-05  maxQ +0.0032  changes   152  11.3 min
episode 760/1013  eps 0.010  train return  +24.69%  loss 3.69e-05  maxQ +0.0033  changes   195  11.4 min | val return -12.43% (best +27.49%)
episode 761/1013  eps 0.010  train return  -10.53%  loss 3.61e-05  maxQ +0.0037  changes   176  11.4 min
episode 762/1013  eps 0.010  train return   +3.63%  loss 3.69e-05  maxQ +0.0033  changes   141  11.4 min
episode 763/1013  eps 0.010  train return  +15.40%  loss 3.79e-05  maxQ +0.0036  changes   218  11.4 min
episode 764/1013  eps 0.010  train return   +3.51%  loss 3.92e-05  maxQ +0.0036  changes   186  11.4 min
episode 765/1013  eps 0.010  train return  +27.96%  loss 3.96e-05  maxQ +0.0034  changes   118  11.4 min
episode 766/1013  eps 0.010  train return   +1.92%  loss 3.72e-05  maxQ +0.0032  changes   169  11.4 min
episode 767/1013  eps 0.010  train return   -7.34%  loss 3.58e-05  maxQ +0.0028  changes   125  11.5 min
episode 768/1013  eps 0.010  train return  +17.79%  loss 3.58e-05  maxQ +0.0028  changes   105  11.5 min
episode 769/1013  eps 0.010  train return  +18.05%  loss 3.68e-05  maxQ +0.0036  changes   106  11.5 min
episode 770/1013  eps 0.010  train return  -10.76%  loss 3.78e-05  maxQ +0.0031  changes   128  11.5 min | val return +11.86% (best +27.49%)
episode 771/1013  eps 0.010  train return  +11.75%  loss 3.80e-05  maxQ +0.0030  changes   263  11.5 min
episode 772/1013  eps 0.010  train return  -24.52%  loss 3.92e-05  maxQ +0.0028  changes   237  11.5 min
episode 773/1013  eps 0.010  train return   +1.24%  loss 4.01e-05  maxQ +0.0028  changes   160  11.6 min
episode 774/1013  eps 0.010  train return  +12.41%  loss 3.99e-05  maxQ +0.0030  changes   120  11.6 min
episode 775/1013  eps 0.010  train return  +25.48%  loss 4.20e-05  maxQ +0.0036  changes   202  11.6 min
episode 776/1013  eps 0.010  train return   +6.68%  loss 4.37e-05  maxQ +0.0047  changes   128  11.6 min
episode 777/1013  eps 0.010  train return  -23.40%  loss 4.06e-05  maxQ +0.0043  changes   145  11.6 min
episode 778/1013  eps 0.010  train return   +4.66%  loss 3.75e-05  maxQ +0.0047  changes   155  11.6 min
episode 779/1013  eps 0.010  train return  +37.67%  loss 3.74e-05  maxQ +0.0047  changes   141  11.6 min
episode 780/1013  eps 0.010  train return  +14.91%  loss 3.57e-05  maxQ +0.0038  changes   186  11.7 min | val return -6.41% (best +27.49%)
episode 781/1013  eps 0.010  train return  -27.84%  loss 4.03e-05  maxQ +0.0038  changes   195  11.7 min
episode 782/1013  eps 0.010  train return   -7.50%  loss 4.20e-05  maxQ +0.0037  changes   205  11.7 min
episode 783/1013  eps 0.010  train return  +19.28%  loss 3.81e-05  maxQ +0.0036  changes    89  11.7 min
episode 784/1013  eps 0.010  train return   -1.03%  loss 4.00e-05  maxQ +0.0036  changes   184  11.7 min
episode 785/1013  eps 0.010  train return  -10.16%  loss 3.72e-05  maxQ +0.0038  changes   171  11.7 min
episode 786/1013  eps 0.010  train return   -0.23%  loss 4.04e-05  maxQ +0.0040  changes    77  11.8 min
episode 787/1013  eps 0.010  train return   -5.37%  loss 3.98e-05  maxQ +0.0043  changes   148  11.8 min
episode 788/1013  eps 0.010  train return   -0.54%  loss 3.87e-05  maxQ +0.0039  changes   150  11.8 min
episode 789/1013  eps 0.010  train return  +32.94%  loss 3.77e-05  maxQ +0.0035  changes   173  11.8 min
episode 790/1013  eps 0.010  train return   -0.18%  loss 3.75e-05  maxQ +0.0038  changes   150  11.8 min | val return -8.95% (best +27.49%)
episode 791/1013  eps 0.010  train return  +32.30%  loss 3.70e-05  maxQ +0.0031  changes   152  11.8 min
episode 792/1013  eps 0.010  train return   +4.42%  loss 3.79e-05  maxQ +0.0032  changes   168  11.9 min
episode 793/1013  eps 0.010  train return   +3.79%  loss 3.90e-05  maxQ +0.0033  changes    91  11.9 min
episode 794/1013  eps 0.010  train return  +41.76%  loss 3.75e-05  maxQ +0.0037  changes   170  11.9 min
episode 795/1013  eps 0.010  train return   -4.51%  loss 3.95e-05  maxQ +0.0036  changes   146  11.9 min
episode 796/1013  eps 0.010  train return   -7.53%  loss 3.66e-05  maxQ +0.0038  changes   199  11.9 min
episode 797/1013  eps 0.010  train return   +3.85%  loss 3.84e-05  maxQ +0.0034  changes   123  11.9 min
episode 798/1013  eps 0.010  train return  +14.18%  loss 3.55e-05  maxQ +0.0039  changes   142  11.9 min
episode 799/1013  eps 0.010  train return   +0.73%  loss 3.73e-05  maxQ +0.0039  changes   166  12.0 min
episode 800/1013  eps 0.010  train return   +1.17%  loss 3.73e-05  maxQ +0.0038  changes   154  12.0 min | val return +2.97% (best +27.49%)
episode 801/1013  eps 0.010  train return  +58.18%  loss 3.79e-05  maxQ +0.0040  changes   197  12.0 min
episode 802/1013  eps 0.010  train return   +4.43%  loss 3.77e-05  maxQ +0.0037  changes   162  12.0 min
episode 803/1013  eps 0.010  train return  +25.62%  loss 3.57e-05  maxQ +0.0043  changes   107  12.0 min
episode 804/1013  eps 0.010  train return   -1.12%  loss 3.40e-05  maxQ +0.0042  changes   208  12.0 min
episode 805/1013  eps 0.010  train return  +40.56%  loss 3.50e-05  maxQ +0.0043  changes   193  12.1 min
episode 806/1013  eps 0.010  train return   +4.45%  loss 3.91e-05  maxQ +0.0040  changes   188  12.1 min
episode 807/1013  eps 0.010  train return  +12.41%  loss 3.51e-05  maxQ +0.0042  changes   116  12.1 min
episode 808/1013  eps 0.010  train return   +7.84%  loss 3.61e-05  maxQ +0.0040  changes   254  12.1 min
episode 809/1013  eps 0.010  train return  +16.48%  loss 3.52e-05  maxQ +0.0039  changes   186  12.1 min
episode 810/1013  eps 0.010  train return   -9.31%  loss 3.56e-05  maxQ +0.0048  changes   195  12.1 min | val return +2.01% (best +27.49%)
episode 811/1013  eps 0.010  train return  -17.87%  loss 3.66e-05  maxQ +0.0037  changes   233  12.2 min
episode 812/1013  eps 0.010  train return  -10.23%  loss 3.78e-05  maxQ +0.0044  changes   232  12.2 min
episode 813/1013  eps 0.010  train return   +3.35%  loss 3.73e-05  maxQ +0.0040  changes   238  12.2 min
episode 814/1013  eps 0.010  train return   -3.96%  loss 3.57e-05  maxQ +0.0037  changes   203  12.2 min
episode 815/1013  eps 0.010  train return   -3.63%  loss 3.84e-05  maxQ +0.0038  changes   355  12.2 min
episode 816/1013  eps 0.010  train return  +12.42%  loss 3.85e-05  maxQ +0.0037  changes   385  12.2 min
episode 817/1013  eps 0.010  train return  +28.88%  loss 3.76e-05  maxQ +0.0035  changes   223  12.2 min
episode 818/1013  eps 0.010  train return   -2.39%  loss 3.61e-05  maxQ +0.0038  changes   222  12.3 min
episode 819/1013  eps 0.010  train return   -5.76%  loss 3.83e-05  maxQ +0.0041  changes   174  12.3 min
episode 820/1013  eps 0.010  train return  +11.63%  loss 3.59e-05  maxQ +0.0032  changes   168  12.3 min | val return -11.39% (best +27.49%)
episode 821/1013  eps 0.010  train return  +32.49%  loss 3.58e-05  maxQ +0.0033  changes   162  12.3 min
episode 822/1013  eps 0.010  train return   -5.18%  loss 3.69e-05  maxQ +0.0036  changes   203  12.3 min
episode 823/1013  eps 0.010  train return   +8.40%  loss 3.65e-05  maxQ +0.0032  changes   205  12.3 min
episode 824/1013  eps 0.010  train return  -19.59%  loss 3.65e-05  maxQ +0.0028  changes   210  12.4 min
episode 825/1013  eps 0.010  train return   -5.76%  loss 3.70e-05  maxQ +0.0036  changes   201  12.4 min
episode 826/1013  eps 0.010  train return   -6.59%  loss 3.83e-05  maxQ +0.0039  changes   248  12.4 min
episode 827/1013  eps 0.010  train return   -8.06%  loss 3.80e-05  maxQ +0.0039  changes   188  12.4 min
episode 828/1013  eps 0.010  train return  -18.75%  loss 3.78e-05  maxQ +0.0037  changes   132  12.4 min
episode 829/1013  eps 0.010  train return  +13.41%  loss 3.55e-05  maxQ +0.0036  changes   145  12.4 min
episode 830/1013  eps 0.010  train return   -3.44%  loss 3.71e-05  maxQ +0.0039  changes   172  12.4 min | val return +22.55% (best +27.49%)
episode 831/1013  eps 0.010  train return   -6.17%  loss 3.58e-05  maxQ +0.0039  changes   134  12.5 min
episode 832/1013  eps 0.010  train return  -10.43%  loss 3.66e-05  maxQ +0.0040  changes   248  12.5 min
episode 833/1013  eps 0.010  train return  -12.75%  loss 3.60e-05  maxQ +0.0036  changes   156  12.5 min
episode 834/1013  eps 0.010  train return  -13.54%  loss 3.80e-05  maxQ +0.0036  changes   163  12.5 min
episode 835/1013  eps 0.010  train return  +14.08%  loss 3.61e-05  maxQ +0.0032  changes   183  12.5 min
episode 836/1013  eps 0.010  train return  -11.69%  loss 3.84e-05  maxQ +0.0032  changes   115  12.5 min
episode 837/1013  eps 0.010  train return  +18.80%  loss 3.71e-05  maxQ +0.0037  changes   115  12.6 min
episode 838/1013  eps 0.010  train return  +11.63%  loss 3.78e-05  maxQ +0.0039  changes   200  12.6 min
episode 839/1013  eps 0.010  train return  +19.15%  loss 3.70e-05  maxQ +0.0046  changes   192  12.6 min
episode 840/1013  eps 0.010  train return   +6.29%  loss 3.46e-05  maxQ +0.0039  changes   137  12.6 min | val return -3.21% (best +27.49%)
episode 841/1013  eps 0.010  train return  -14.71%  loss 3.54e-05  maxQ +0.0044  changes   248  12.6 min
episode 842/1013  eps 0.010  train return   +9.29%  loss 3.65e-05  maxQ +0.0039  changes   133  12.6 min
episode 843/1013  eps 0.010  train return   -0.26%  loss 3.36e-05  maxQ +0.0038  changes   137  12.7 min
episode 844/1013  eps 0.010  train return   +3.25%  loss 3.49e-05  maxQ +0.0036  changes   126  12.7 min
episode 845/1013  eps 0.010  train return   -8.92%  loss 3.62e-05  maxQ +0.0035  changes   187  12.7 min
episode 846/1013  eps 0.010  train return  -28.00%  loss 3.59e-05  maxQ +0.0035  changes   205  12.7 min
episode 847/1013  eps 0.010  train return   +1.75%  loss 3.66e-05  maxQ +0.0039  changes   183  12.7 min
episode 848/1013  eps 0.010  train return   +7.59%  loss 3.54e-05  maxQ +0.0042  changes   119  12.7 min
episode 849/1013  eps 0.010  train return   -9.26%  loss 3.57e-05  maxQ +0.0038  changes   119  12.7 min
episode 850/1013  eps 0.010  train return  +44.57%  loss 3.42e-05  maxQ +0.0043  changes   144  12.8 min | val return -13.74% (best +27.49%)
episode 851/1013  eps 0.010  train return  -12.07%  loss 3.48e-05  maxQ +0.0041  changes   146  12.8 min
episode 852/1013  eps 0.010  train return   +2.57%  loss 3.51e-05  maxQ +0.0036  changes   125  12.8 min
episode 853/1013  eps 0.010  train return  -24.49%  loss 3.40e-05  maxQ +0.0039  changes   164  12.8 min
episode 854/1013  eps 0.010  train return   -8.33%  loss 3.36e-05  maxQ +0.0035  changes   119  12.8 min
episode 855/1013  eps 0.010  train return   -4.89%  loss 3.51e-05  maxQ +0.0034  changes   146  12.8 min
episode 856/1013  eps 0.010  train return   -3.08%  loss 3.71e-05  maxQ +0.0035  changes   125  12.9 min
episode 857/1013  eps 0.010  train return  +39.63%  loss 3.70e-05  maxQ +0.0037  changes   156  12.9 min
episode 858/1013  eps 0.010  train return   +4.15%  loss 3.55e-05  maxQ +0.0043  changes   142  12.9 min
episode 859/1013  eps 0.010  train return   +5.06%  loss 3.54e-05  maxQ +0.0039  changes   122  12.9 min
episode 860/1013  eps 0.010  train return   +4.15%  loss 3.62e-05  maxQ +0.0030  changes   168  12.9 min | val return -14.86% (best +27.49%)
episode 861/1013  eps 0.010  train return  -29.99%  loss 3.53e-05  maxQ +0.0031  changes   160  12.9 min
episode 862/1013  eps 0.010  train return   +5.86%  loss 3.82e-05  maxQ +0.0030  changes   167  13.0 min
episode 863/1013  eps 0.010  train return  +30.71%  loss 3.70e-05  maxQ +0.0033  changes    80  13.0 min
episode 864/1013  eps 0.010  train return  +22.75%  loss 3.66e-05  maxQ +0.0031  changes    96  13.0 min
episode 865/1013  eps 0.010  train return   -1.06%  loss 3.69e-05  maxQ +0.0034  changes    88  13.0 min
episode 866/1013  eps 0.010  train return  -18.70%  loss 3.50e-05  maxQ +0.0032  changes    97  13.0 min
episode 867/1013  eps 0.010  train return  +10.28%  loss 3.61e-05  maxQ +0.0031  changes    73  13.0 min
episode 868/1013  eps 0.010  train return  -20.35%  loss 3.56e-05  maxQ +0.0028  changes   104  13.0 min
episode 869/1013  eps 0.010  train return  +25.31%  loss 3.77e-05  maxQ +0.0033  changes    89  13.1 min
episode 870/1013  eps 0.010  train return  +12.75%  loss 3.73e-05  maxQ +0.0032  changes   101  13.1 min | val return -3.10% (best +27.49%)
episode 871/1013  eps 0.010  train return  +18.41%  loss 3.73e-05  maxQ +0.0028  changes   110  13.1 min
episode 872/1013  eps 0.010  train return   +2.71%  loss 3.89e-05  maxQ +0.0028  changes   169  13.1 min
episode 873/1013  eps 0.010  train return  -17.48%  loss 3.77e-05  maxQ +0.0029  changes   114  13.1 min
episode 874/1013  eps 0.010  train return  +23.62%  loss 3.63e-05  maxQ +0.0029  changes   144  13.1 min
episode 875/1013  eps 0.010  train return  -13.62%  loss 3.75e-05  maxQ +0.0036  changes   214  13.2 min
episode 876/1013  eps 0.010  train return   +8.20%  loss 3.77e-05  maxQ +0.0037  changes   183  13.2 min
episode 877/1013  eps 0.010  train return  -18.26%  loss 3.71e-05  maxQ +0.0036  changes   148  13.2 min
episode 878/1013  eps 0.010  train return   -8.62%  loss 3.74e-05  maxQ +0.0029  changes   194  13.2 min
episode 879/1013  eps 0.010  train return   +8.36%  loss 3.76e-05  maxQ +0.0030  changes   126  13.2 min
episode 880/1013  eps 0.010  train return  +34.65%  loss 3.65e-05  maxQ +0.0033  changes   268  13.2 min | val return -0.71% (best +27.49%)
episode 881/1013  eps 0.010  train return   -3.49%  loss 3.76e-05  maxQ +0.0035  changes   213  13.3 min
episode 882/1013  eps 0.010  train return  +38.76%  loss 3.58e-05  maxQ +0.0037  changes   122  13.3 min
episode 883/1013  eps 0.010  train return  -18.02%  loss 3.92e-05  maxQ +0.0037  changes   131  13.3 min
episode 884/1013  eps 0.010  train return  +34.76%  loss 3.76e-05  maxQ +0.0028  changes   120  13.3 min
episode 885/1013  eps 0.010  train return  -13.42%  loss 3.92e-05  maxQ +0.0032  changes   104  13.3 min
episode 886/1013  eps 0.010  train return  -13.19%  loss 3.91e-05  maxQ +0.0031  changes   104  13.3 min
episode 887/1013  eps 0.010  train return   -9.59%  loss 4.00e-05  maxQ +0.0028  changes   188  13.3 min
episode 888/1013  eps 0.010  train return   +4.38%  loss 3.90e-05  maxQ +0.0029  changes   130  13.4 min
episode 889/1013  eps 0.010  train return  +40.37%  loss 3.92e-05  maxQ +0.0031  changes   150  13.4 min
episode 890/1013  eps 0.010  train return   +0.09%  loss 3.83e-05  maxQ +0.0033  changes   150  13.4 min | val return -4.27% (best +27.49%)
episode 891/1013  eps 0.010  train return  +22.05%  loss 3.97e-05  maxQ +0.0036  changes   216  13.4 min
episode 892/1013  eps 0.010  train return  -14.85%  loss 3.96e-05  maxQ +0.0033  changes   213  13.4 min
episode 893/1013  eps 0.010  train return  +10.70%  loss 3.99e-05  maxQ +0.0029  changes   157  13.4 min
episode 894/1013  eps 0.010  train return   +8.23%  loss 3.89e-05  maxQ +0.0034  changes   199  13.5 min
episode 895/1013  eps 0.010  train return  -15.19%  loss 3.77e-05  maxQ +0.0035  changes   179  13.5 min
episode 896/1013  eps 0.010  train return  -14.57%  loss 3.96e-05  maxQ +0.0033  changes   190  13.5 min
episode 897/1013  eps 0.010  train return   -2.32%  loss 3.90e-05  maxQ +0.0035  changes   173  13.5 min
episode 898/1013  eps 0.010  train return   +1.37%  loss 3.95e-05  maxQ +0.0031  changes   292  13.5 min
episode 899/1013  eps 0.010  train return   +6.03%  loss 3.86e-05  maxQ +0.0028  changes   247  13.5 min
episode 900/1013  eps 0.010  train return   +3.94%  loss 4.01e-05  maxQ +0.0040  changes   270  13.5 min | val return +2.68% (best +27.49%)
episode 901/1013  eps 0.010  train return  -21.15%  loss 4.10e-05  maxQ +0.0039  changes   153  13.6 min
episode 902/1013  eps 0.010  train return  -10.50%  loss 3.96e-05  maxQ +0.0034  changes   186  13.6 min
episode 903/1013  eps 0.010  train return   -3.57%  loss 4.10e-05  maxQ +0.0029  changes   182  13.6 min
episode 904/1013  eps 0.010  train return  -19.26%  loss 4.06e-05  maxQ +0.0037  changes   224  13.6 min
episode 905/1013  eps 0.010  train return  -16.92%  loss 3.85e-05  maxQ +0.0031  changes   159  13.6 min
episode 906/1013  eps 0.010  train return   +1.57%  loss 3.94e-05  maxQ +0.0030  changes   162  13.6 min
episode 907/1013  eps 0.010  train return   -5.83%  loss 4.02e-05  maxQ +0.0028  changes    73  13.7 min
episode 908/1013  eps 0.010  train return   +2.85%  loss 4.06e-05  maxQ +0.0030  changes   119  13.7 min
episode 909/1013  eps 0.010  train return  -11.11%  loss 3.93e-05  maxQ +0.0033  changes   259  13.7 min
episode 910/1013  eps 0.010  train return  +37.66%  loss 4.00e-05  maxQ +0.0032  changes   181  13.7 min | val return -8.14% (best +27.49%)
episode 911/1013  eps 0.010  train return   +1.99%  loss 4.06e-05  maxQ +0.0032  changes   112  13.7 min
episode 912/1013  eps 0.010  train return   -7.54%  loss 3.95e-05  maxQ +0.0033  changes   112  13.7 min
episode 913/1013  eps 0.010  train return   +2.25%  loss 4.07e-05  maxQ +0.0039  changes   222  13.7 min
episode 914/1013  eps 0.010  train return  +64.98%  loss 4.22e-05  maxQ +0.0033  changes   237  13.8 min
episode 915/1013  eps 0.010  train return   -1.90%  loss 4.04e-05  maxQ +0.0030  changes   107  13.8 min
episode 916/1013  eps 0.010  train return  +11.59%  loss 3.84e-05  maxQ +0.0024  changes   142  13.8 min
episode 917/1013  eps 0.010  train return   -6.13%  loss 3.75e-05  maxQ +0.0024  changes   126  13.8 min
episode 918/1013  eps 0.010  train return   -0.15%  loss 3.92e-05  maxQ +0.0030  changes   194  13.8 min
episode 919/1013  eps 0.010  train return   -6.82%  loss 3.90e-05  maxQ +0.0025  changes   183  13.8 min
episode 920/1013  eps 0.010  train return  -12.87%  loss 3.97e-05  maxQ +0.0028  changes   109  13.8 min | val return -3.39% (best +27.49%)
episode 921/1013  eps 0.010  train return   -9.08%  loss 4.01e-05  maxQ +0.0024  changes   151  13.9 min
episode 922/1013  eps 0.010  train return  -24.37%  loss 3.85e-05  maxQ +0.0024  changes   184  13.9 min
episode 923/1013  eps 0.010  train return +105.00%  loss 4.04e-05  maxQ +0.0029  changes   193  13.9 min
episode 924/1013  eps 0.010  train return  +44.13%  loss 4.40e-05  maxQ +0.0028  changes   284  13.9 min
episode 925/1013  eps 0.010  train return   +8.41%  loss 4.43e-05  maxQ +0.0032  changes   176  13.9 min
episode 926/1013  eps 0.010  train return  +48.64%  loss 4.31e-05  maxQ +0.0033  changes   273  13.9 min
episode 927/1013  eps 0.010  train return  -12.74%  loss 4.25e-05  maxQ +0.0038  changes   177  14.0 min
episode 928/1013  eps 0.010  train return  -19.90%  loss 4.11e-05  maxQ +0.0030  changes   153  14.0 min
episode 929/1013  eps 0.010  train return   +8.22%  loss 4.32e-05  maxQ +0.0035  changes   219  14.0 min
episode 930/1013  eps 0.010  train return  -20.14%  loss 4.32e-05  maxQ +0.0035  changes   256  14.0 min | val return -4.47% (best +27.49%)
episode 931/1013  eps 0.010  train return   +2.85%  loss 4.34e-05  maxQ +0.0036  changes   286  14.0 min
episode 932/1013  eps 0.010  train return  -15.79%  loss 4.56e-05  maxQ +0.0035  changes   158  14.0 min
episode 933/1013  eps 0.010  train return  +18.57%  loss 4.72e-05  maxQ +0.0036  changes   281  14.1 min
episode 934/1013  eps 0.010  train return   -9.59%  loss 4.68e-05  maxQ +0.0040  changes   227  14.1 min
episode 935/1013  eps 0.010  train return   +8.39%  loss 4.71e-05  maxQ +0.0040  changes   194  14.1 min
episode 936/1013  eps 0.010  train return   +1.85%  loss 4.66e-05  maxQ +0.0034  changes   209  14.1 min
episode 937/1013  eps 0.010  train return   +6.82%  loss 4.56e-05  maxQ +0.0028  changes   244  14.1 min
episode 938/1013  eps 0.010  train return   -9.26%  loss 4.36e-05  maxQ +0.0031  changes   319  14.1 min
episode 939/1013  eps 0.010  train return   -1.16%  loss 4.40e-05  maxQ +0.0035  changes   266  14.2 min
episode 940/1013  eps 0.010  train return   -4.04%  loss 4.50e-05  maxQ +0.0038  changes   165  14.2 min | val return -20.47% (best +27.49%)
episode 941/1013  eps 0.010  train return  -10.03%  loss 4.21e-05  maxQ +0.0038  changes   171  14.2 min
episode 942/1013  eps 0.010  train return   -8.08%  loss 4.51e-05  maxQ +0.0031  changes   183  14.2 min
episode 943/1013  eps 0.010  train return  -16.23%  loss 4.27e-05  maxQ +0.0027  changes   163  14.2 min
episode 944/1013  eps 0.010  train return  +27.67%  loss 4.26e-05  maxQ +0.0041  changes   163  14.2 min
episode 945/1013  eps 0.010  train return   +3.26%  loss 4.19e-05  maxQ +0.0035  changes   202  14.2 min
episode 946/1013  eps 0.010  train return   +8.90%  loss 4.32e-05  maxQ +0.0040  changes   173  14.3 min
episode 947/1013  eps 0.010  train return   -5.75%  loss 4.39e-05  maxQ +0.0037  changes   203  14.3 min
episode 948/1013  eps 0.010  train return   +8.06%  loss 4.16e-05  maxQ +0.0032  changes   184  14.3 min
episode 949/1013  eps 0.010  train return  -17.26%  loss 4.35e-05  maxQ +0.0030  changes   126  14.3 min
episode 950/1013  eps 0.010  train return  -10.09%  loss 4.20e-05  maxQ +0.0028  changes   162  14.3 min | val return -0.86% (best +27.49%)
episode 951/1013  eps 0.010  train return   +8.30%  loss 4.32e-05  maxQ +0.0033  changes   201  14.3 min
episode 952/1013  eps 0.010  train return  -16.13%  loss 4.42e-05  maxQ +0.0034  changes   203  14.4 min
episode 953/1013  eps 0.010  train return   -3.05%  loss 4.13e-05  maxQ +0.0034  changes   201  14.4 min
episode 954/1013  eps 0.010  train return   -2.86%  loss 4.31e-05  maxQ +0.0034  changes   146  14.4 min
episode 955/1013  eps 0.010  train return  -36.54%  loss 4.13e-05  maxQ +0.0031  changes   235  14.4 min
episode 956/1013  eps 0.010  train return  +47.66%  loss 4.20e-05  maxQ +0.0031  changes   214  14.4 min
episode 957/1013  eps 0.010  train return  +67.45%  loss 4.18e-05  maxQ +0.0036  changes   249  14.4 min
episode 958/1013  eps 0.010  train return   +1.96%  loss 4.33e-05  maxQ +0.0036  changes   140  14.4 min
episode 959/1013  eps 0.010  train return  -28.00%  loss 4.01e-05  maxQ +0.0039  changes   135  14.5 min
episode 960/1013  eps 0.010  train return   -9.18%  loss 4.26e-05  maxQ +0.0036  changes   264  14.5 min | val return -1.40% (best +27.49%)
episode 961/1013  eps 0.010  train return  -12.13%  loss 4.09e-05  maxQ +0.0037  changes   296  14.5 min
episode 962/1013  eps 0.010  train return  +35.19%  loss 4.16e-05  maxQ +0.0043  changes   205  14.5 min
episode 963/1013  eps 0.010  train return   -6.93%  loss 4.31e-05  maxQ +0.0033  changes   231  14.5 min
episode 964/1013  eps 0.010  train return   +6.78%  loss 4.20e-05  maxQ +0.0029  changes   243  14.5 min
episode 965/1013  eps 0.010  train return  +24.31%  loss 4.33e-05  maxQ +0.0029  changes   292  14.6 min
episode 966/1013  eps 0.010  train return   -1.13%  loss 4.30e-05  maxQ +0.0031  changes   167  14.6 min
episode 967/1013  eps 0.010  train return  -20.05%  loss 4.53e-05  maxQ +0.0038  changes   173  14.6 min
episode 968/1013  eps 0.010  train return   +5.19%  loss 4.60e-05  maxQ +0.0033  changes   180  14.6 min
episode 969/1013  eps 0.010  train return   -0.94%  loss 4.29e-05  maxQ +0.0034  changes   253  14.6 min
episode 970/1013  eps 0.010  train return   -4.48%  loss 4.44e-05  maxQ +0.0032  changes   265  14.6 min | val return -6.89% (best +27.49%)
episode 971/1013  eps 0.010  train return   +5.61%  loss 4.19e-05  maxQ +0.0035  changes   191  14.7 min
episode 972/1013  eps 0.010  train return   +9.30%  loss 4.66e-05  maxQ +0.0035  changes   253  14.7 min
episode 973/1013  eps 0.010  train return  -16.20%  loss 4.28e-05  maxQ +0.0034  changes   232  14.7 min
episode 974/1013  eps 0.010  train return  -15.18%  loss 4.47e-05  maxQ +0.0036  changes   211  14.7 min
episode 975/1013  eps 0.010  train return   -2.82%  loss 4.39e-05  maxQ +0.0033  changes   220  14.7 min
episode 976/1013  eps 0.010  train return  +18.37%  loss 4.46e-05  maxQ +0.0031  changes   215  14.7 min
episode 977/1013  eps 0.010  train return   +3.84%  loss 4.50e-05  maxQ +0.0033  changes   210  14.7 min
episode 978/1013  eps 0.010  train return  -10.72%  loss 4.55e-05  maxQ +0.0031  changes   286  14.8 min
episode 979/1013  eps 0.010  train return  +21.77%  loss 4.57e-05  maxQ +0.0036  changes   265  14.8 min
episode 980/1013  eps 0.010  train return   +2.07%  loss 4.81e-05  maxQ +0.0034  changes   192  14.8 min | val return -17.54% (best +27.49%)
episode 981/1013  eps 0.010  train return   +7.56%  loss 4.50e-05  maxQ +0.0029  changes   242  14.8 min
episode 982/1013  eps 0.010  train return   -9.67%  loss 4.56e-05  maxQ +0.0028  changes   228  14.8 min
episode 983/1013  eps 0.010  train return  +30.56%  loss 4.78e-05  maxQ +0.0038  changes   178  14.9 min
episode 984/1013  eps 0.010  train return  +20.21%  loss 4.86e-05  maxQ +0.0036  changes   220  14.9 min
episode 985/1013  eps 0.010  train return   +1.34%  loss 4.72e-05  maxQ +0.0037  changes   223  14.9 min
episode 986/1013  eps 0.010  train return  -13.29%  loss 4.78e-05  maxQ +0.0031  changes   255  14.9 min
episode 987/1013  eps 0.010  train return   -0.39%  loss 4.58e-05  maxQ +0.0031  changes   258  14.9 min
episode 988/1013  eps 0.010  train return  +13.40%  loss 4.65e-05  maxQ +0.0036  changes   330  14.9 min
episode 989/1013  eps 0.010  train return   +8.29%  loss 4.53e-05  maxQ +0.0029  changes   308  14.9 min
episode 990/1013  eps 0.010  train return  +25.39%  loss 4.67e-05  maxQ +0.0026  changes   287  15.0 min | val return -2.92% (best +27.49%)
episode 991/1013  eps 0.010  train return  -13.37%  loss 4.86e-05  maxQ +0.0032  changes   279  15.0 min
episode 992/1013  eps 0.010  train return   +5.15%  loss 4.52e-05  maxQ +0.0037  changes   299  15.0 min
episode 993/1013  eps 0.010  train return  -11.29%  loss 4.34e-05  maxQ +0.0032  changes   379  15.0 min
episode 994/1013  eps 0.010  train return   +9.23%  loss 4.59e-05  maxQ +0.0028  changes   219  15.0 min
episode 995/1013  eps 0.010  train return  -12.19%  loss 4.54e-05  maxQ +0.0030  changes   263  15.1 min
episode 996/1013  eps 0.010  train return  -15.32%  loss 4.43e-05  maxQ +0.0027  changes   180  15.1 min
episode 997/1013  eps 0.010  train return  +42.55%  loss 4.55e-05  maxQ +0.0031  changes   278  15.1 min
episode 998/1013  eps 0.010  train return  -16.63%  loss 4.48e-05  maxQ +0.0025  changes   145  15.1 min
episode 999/1013  eps 0.010  train return  +22.38%  loss 4.36e-05  maxQ +0.0029  changes   233  15.1 min
episode 1000/1013  eps 0.010  train return   -7.30%  loss 4.60e-05  maxQ +0.0029  changes   200  15.1 min | val return -32.52% (best +27.49%)
episode 1001/1013  eps 0.010  train return  -20.93%  loss 4.54e-05  maxQ +0.0032  changes   345  15.2 min
episode 1002/1013  eps 0.010  train return   +3.89%  loss 4.24e-05  maxQ +0.0035  changes   385  15.2 min
episode 1003/1013  eps 0.010  train return  -18.99%  loss 4.13e-05  maxQ +0.0026  changes   177  15.2 min
episode 1004/1013  eps 0.010  train return  +14.54%  loss 4.40e-05  maxQ +0.0027  changes   305  15.2 min
episode 1005/1013  eps 0.010  train return   -5.49%  loss 4.27e-05  maxQ +0.0028  changes   262  15.2 min
episode 1006/1013  eps 0.010  train return  -12.79%  loss 4.25e-05  maxQ +0.0038  changes   273  15.2 min
episode 1007/1013  eps 0.010  train return   +4.71%  loss 4.35e-05  maxQ +0.0036  changes   247  15.2 min
episode 1008/1013  eps 0.010  train return  +11.78%  loss 4.53e-05  maxQ +0.0035  changes   293  15.3 min
episode 1009/1013  eps 0.010  train return   -8.92%  loss 4.45e-05  maxQ +0.0029  changes   228  15.3 min
episode 1010/1013  eps 0.010  train return   -2.83%  loss 4.30e-05  maxQ +0.0032  changes   172  15.3 min | val return -28.23% (best +27.49%)
episode 1011/1013  eps 0.010  train return  -13.96%  loss 4.32e-05  maxQ +0.0032  changes   331  15.3 min
episode 1012/1013  eps 0.010  train return   +6.11%  loss 4.23e-05  maxQ +0.0036  changes   291  15.3 min
episode 1013/1013  eps 0.010  train return  +26.71%  loss 4.47e-05  maxQ +0.0035  changes   287  15.3 min | val return -0.93% (best +27.49%)
model    env  portfolio_return  excess_return  n_changes
 last    val         -0.011423       0.031195      170.2
 last val_w1          0.082666       0.109582      102.2
 last val_w2         -0.087206      -0.071772       72.8
 best    val          0.272288       0.314906       38.2
 best val_w1          0.258028       0.284943       20.2
 best val_w2         -0.001164       0.014270       19.2
