episode,steps,epsilon,train_reward,train_portfolio_return,train_position_changes,mean_loss,mean_max_q,updates,minutes,action_share_-1,action_share_0,action_share_0.5,action_share_1,action_share_2
1,720,1.0,-0.07086717706908709,-0.0684143801571051,590,0.0009224507373820697,0.19585976004600525,657,0.01641165018081665,0.22083333333333333,0.20277777777777778,0.1763888888888889,0.17777777777777778,0.2222222222222222
2,720,0.9909,0.049691551222965695,0.050946883096183004,567,4.440852732285647e-05,0.20275653898715973,1377,0.029820549488067626,0.20972222222222223,0.19305555555555556,0.2,0.19027777777777777,0.20694444444444443
3,720,0.98188281,-0.06874912846158261,-0.0664391454490949,568,3.8045878618378186e-05,0.20630532503128052,2097,0.05269949833552043,0.17777777777777778,0.21944444444444444,0.19027777777777777,0.1986111111111111,0.21388888888888888
4,720,0.972947676429,-0.2707440529538983,-0.23718828917416002,580,3.6228593152524506e-05,0.21526195108890533,2817,0.07689838409423828,0.20416666666666666,0.18194444444444444,0.1986111111111111,0.20833333333333334,0.20694444444444443
5,720,0.9640938525734961,-0.2560895488288026,-0.22592735161055832,591,3.762148447018869e-05,0.22361555695533752,3537,0.09182241360346476,0.18611111111111112,0.18055555555555555,0.20555555555555555,0.19722222222222222,0.23055555555555557
6,720,0.9553205985150773,-0.35317789392130206,-0.29754777971839985,580,3.2847919293191e-05,0.24196773767471313,4257,0.10718879699707032,0.2013888888888889,0.20833333333333334,0.17777777777777778,0.2111111111111111,0.2013888888888889
7,720,0.9466271810685901,-0.01450052390547267,-0.0143958976311368,560,3.1232212554894226e-05,0.23589852452278137,4977,0.12422603368759155,0.24166666666666667,0.1736111111111111,0.20694444444444443,0.18055555555555555,0.19722222222222222
8,720,0.938012873720866,0.05050518331857025,0.051802315167345014,566,3.135836264062972e-05,0.23766973614692688,5697,0.1398146669069926,0.20972222222222223,0.19583333333333333,0.18888888888888888,0.19305555555555556,0.2125
9,720,0.9294769565700061,-0.20860778815662875,-0.1882864631188368,558,2.9658752012235506e-05,0.23984676599502563,6417,0.1546730120976766,0.24166666666666667,0.1875,0.18194444444444444,0.1875,0.2013888888888889
10,720,0.921018716265219,-0.16646616339362558,-0.1533485357368939,558,2.7787206048262508e-05,0.23701559007167816,7137,0.1696148157119751,0.20555555555555555,0.18472222222222223,0.18888888888888888,0.17777777777777778,0.24305555555555555
11,720,0.9126374459472055,0.07281128985339277,0.07552755480036755,549,2.828273454093101e-05,0.2394547164440155,7857,0.19223037958145142,0.20972222222222223,0.2,0.17222222222222222,0.18055555555555555,0.2375
12,720,0.904332445189086,-0.09308745115034744,-0.08888618113948143,574,2.897315225077869e-05,0.2357460856437683,8577,0.20210571686426798,0.17916666666666667,0.2125,0.20277777777777778,0.20555555555555555,0.2
13,720,0.8961030199378652,-0.2241073547715813,-0.20077067131839832,575,2.9543811708915907e-05,0.24629417061805725,9297,0.21098180214564005,0.225,0.16805555555555557,0.18888888888888888,0.19305555555555556,0.225
14,720,0.8879484824564307,-0.27665058107622975,-0.24168057802076737,567,2.8413405001022814e-05,0.2515583634376526,10017,0.22354034980138143,0.20694444444444443,0.19305555555555556,0.19444444444444445,0.18055555555555555,0.225
15,720,0.8798681512660771,0.06367712468745132,0.06574823940831998,591,2.7206738618209177e-05,0.2503258287906647,10737,0.23598451614379884,0.19722222222222222,0.175,0.19583333333333333,0.20833333333333334,0.22361111111111112
16,720,0.8718613510895558,-0.11459262996669026,-0.10827066626612936,574,2.8068447586014777e-05,0.2522740364074707,11457,0.25118856827418007,0.19305555555555556,0.19444444444444445,0.18055555555555555,0.225,0.20694444444444443
17,720,0.8639274127946408,-0.09117156244957633,-0.08713891521975947,567,2.798943691067911e-05,0.25168871879577637,12177,0.2644738833109538,0.23055555555555557,0.1736111111111111,0.17222222222222222,0.19444444444444445,0.22916666666666666
18,720,0.8560656733382096,-0.04564302438049884,-0.044617050254680546,569,2.647225996573373e-05,0.24744254350662231,12897,0.2747799317042033,0.21666666666666667,0.20833333333333334,0.15,0.2111111111111111,0.21388888888888888
19,720,0.8482754757108318,-0.12170913955954032,-0.11459413940772223,569,2.766543708629696e-05,0.2566453814506531,13617,0.28472379843393963,0.15416666666666667,0.20277777777777778,0.18611111111111112,0.23194444444444445,0.225
20,720,0.8405561688818632,-0.2153592632437657,-0.19374826847275206,570,2.7955237943110154e-05,0.25909990072250366,14337,0.29995964765548705,0.2,0.1763888888888889,0.16527777777777777,0.22083333333333333,0.2375
21,720,0.8329071077450383,-0.20133174116169378,-0.18235885866479407,566,2.9925910424329535e-05,0.2557564377784729,15057,0.32944573163986207,0.2013888888888889,0.1763888888888889,0.19583333333333333,0.18888888888888888,0.2375
22,720,0.8253276530645585,0.04695649224028382,0.04807640863112694,559,2.7517296618700333e-05,0.253635048866272,15777,0.34304738442103067,0.1763888888888889,0.20555555555555555,0.15833333333333333,0.21805555555555556,0.24166666666666667
23,720,0.817817171421671,0.024706977080359595,0.02501472370798785,594,2.8387286402499337e-05,0.2531384229660034,16497,0.3573386152585348,0.2638888888888889,0.16111111111111112,0.19305555555555556,0.18194444444444444,0.2
24,720,0.8103750351617338,-0.14059676122746548,-0.13116040911999782,563,2.968656838472978e-05,0.2516990900039673,17217,0.36805109977722167,0.16805555555555557,0.16666666666666666,0.1875,0.22777777777777777,0.25
25,720,0.8030006223417621,0.009789415204248707,0.009837488270284078,575,2.8235425187025006e-05,0.2533894181251526,17937,0.37840654850006106,0.2125,0.17083333333333334,0.17222222222222222,0.20972222222222223,0.23472222222222222
26,720,0.795693316678452,-0.23510857548341355,-0.20951498232372745,571,2.818782933849838e-05,0.2508249878883362,18657,0.3907711625099182,0.18888888888888888,0.19583333333333333,0.18472222222222223,0.19583333333333333,0.23472222222222222
27,720,0.7884525074966781,-0.15481109063435927,-0.14342302238618432,567,3.0606550068215354e-05,0.24770405888557434,19377,0.4013437986373901,0.225,0.18472222222222223,0.17222222222222222,0.1597222222222222,0.25833333333333336
28,720,0.7812775896784583,0.0715711398124087,0.07419456598310892,579,2.9650083787499978e-05,0.24727223813533783,20097,0.41433606545130414,0.19583333333333333,0.19305555555555556,0.16666666666666666,0.2111111111111111,0.23333333333333334
29,720,0.7741679636123843,0.04693216001400616,0.048050906909050006,566,2.976910571482626e-05,0.24568916857242584,20817,0.4267140507698059,0.1986111111111111,0.19305555555555556,0.18333333333333332,0.20972222222222223,0.2152777777777778
30,720,0.7671230351435115,-0.25978121950962985,-0.22877970469788989,556,3.06262482038417e-05,0.24755020439624786,21537,0.43659336964289347,0.2375,0.1986111111111111,0.17777777777777778,0.1625,0.22361111111111112
31,720,0.7601422155237056,-0.11184220013614565,-0.1058146513057382,568,3.408319784815224e-05,0.24808886647224426,22257,0.4552420496940613,0.1875,0.15555555555555556,0.1388888888888889,0.24305555555555555,0.275
32,720,0.7532249213624399,-0.2712328381847896,-0.23756104916515264,568,3.35410241897686e-05,0.24448513984680176,22977,0.4650700330734253,0.25972222222222224,0.18333333333333332,0.1736111111111111,0.19444444444444445,0.18888888888888888
33,720,0.7463705745780417,0.06931391611513306,0.07177260303770416,570,3.3506874199752526e-05,0.24122704565525055,23697,0.47589686314264934,0.21388888888888888,0.18194444444444444,0.2,0.16527777777777777,0.2388888888888889
34,720,0.7395786023493816,-0.15943689555384752,-0.14737622995040134,567,3.4438186353074544e-05,0.2449333667755127,24417,0.48524845043818154,0.21805555555555556,0.2013888888888889,0.16666666666666666,0.18888888888888888,0.225
35,720,0.7328484370680022,-0.10816246489731393,-0.10251822469911775,552,3.3461411037352365e-05,0.24928709864616394,25137,0.4955377181371053,0.20694444444444443,0.20277777777777778,0.15138888888888888,0.21388888888888888,0.225
36,720,0.7261795162906833,-0.3478488116738169,-0.29379436180802365,549,3.3671832588626986e-05,0.24435344338417053,25857,0.5122874816258748,0.1763888888888889,0.16805555555555557,0.1625,0.2222222222222222,0.2708333333333333
37,720,0.7195712826924381,-0.127382537257485,-0.11960317641377649,553,3.4185592758401776e-05,0.24872423708438873,26577,0.5261429826418559,0.19027777777777777,0.16111111111111112,0.15555555555555556,0.23333333333333334,0.25972222222222224
38,720,0.7130231840199369,-0.11939032865628978,-0.11253866844113725,555,3.414061012563252e-05,0.2509312629699707,27297,0.5407650311787923,0.29444444444444445,0.15138888888888888,0.12222222222222222,0.15833333333333333,0.27361111111111114
39,720,0.7065346730453554,-0.1032242328745705,-0.09807529036502549,546,3.627277061216066e-05,0.253448486328125,28017,0.551406983534495,0.2375,0.14583333333333334,0.14027777777777778,0.1638888888888889,0.3125
40,720,0.7001052075206428,-0.14820308278411512,-0.1377440121866298,549,3.615924675020526e-05,0.2523566484451294,28737,0.5618184487024943,0.25972222222222224,0.19305555555555556,0.15833333333333333,0.18194444444444444,0.20694444444444443
41,720,0.6937342501322049,-0.04262695184354369,-0.04173119619273047,569,3.48289833318126e-05,0.24967122077941895,29457,0.5870081663131714,0.2388888888888889,0.1625,0.16944444444444445,0.2152777777777778,0.21388888888888888
42,720,0.6874212684560018,0.053532166429282116,0.0549909265128401,560,3.585839668226577e-05,0.25047677755355835,30177,0.5973921020825704,0.18333333333333332,0.15138888888888888,0.15138888888888888,0.20277777777777778,0.3111111111111111
43,720,0.6811657349130522,-0.12078524252609718,-0.11377573755842052,540,3.5417192768565856e-05,0.24799229204654694,30897,0.6109633008639018,0.26805555555555555,0.17222222222222222,0.175,0.1875,0.19722222222222222
44,720,0.6749671267253434,-0.23173912209384714,-0.2068469875837502,540,3.737587815066945e-05,0.24357983469963074,31617,0.6219449679056803,0.17083333333333334,0.13472222222222222,0.23194444444444445,0.19027777777777777,0.2722222222222222
45,720,0.6688249258721428,-0.2027300619091099,-0.18350138424189,555,3.4902492162321624e-05,0.2425127923488617,32337,0.6333128809928894,0.22361111111111112,0.1527777777777778,0.15138888888888888,0.21666666666666667,0.25555555555555554
46,720,0.6627386190467063,-0.0294833246325976,-0.029052931594706233,526,3.4695304921367804e-05,0.23959356546401978,33057,0.6447238167126973,0.25972222222222224,0.18888888888888888,0.14722222222222223,0.17916666666666667,0.225
47,720,0.6567076976133812,-0.0512960884200371,-0.050002654327152896,521,3.472898744310745e-05,0.24022190272808075,33777,0.6559887806574504,0.175,0.19305555555555556,0.15833333333333333,0.19583333333333333,0.2777777777777778
48,720,0.6507316575650994,-0.33684610070350773,-0.28598128157416136,551,3.6449341664340154e-05,0.23843736946582794,34497,0.6655577500661214,0.19444444444444445,0.14166666666666666,0.20277777777777778,0.2569444444444444,0.20416666666666666
49,720,0.6448099994812571,-0.03516769434805319,-0.03455649673686201,538,3.45570791586801e-05,0.24102097749710083,35217,0.6766899307568868,0.28055555555555556,0.16111111111111112,0.11388888888888889,0.18888888888888888,0.25555555555555554
50,720,0.6389422284859776,0.08825184866249154,0.09226317241026893,546,3.4861787790103134e-05,0.23954236507415771,35937,0.6920178850491842,0.2,0.15555555555555556,0.16805555555555557,0.1986111111111111,0.2777777777777778
51,720,0.6331278542067552,-0.0694605687487369,-0.06710308204790616,541,3.543633371868459e-05,0.24156531691551208,36657,0.7122429013252258,0.18611111111111112,0.14027777777777778,0.17916666666666667,0.22777777777777777,0.26666666666666666
52,720,0.6273663907334738,0.11358474154327035,0.1202868197040401,532,3.520337983723544e-05,0.24495872855186462,37377,0.7221245169639587,0.2902777777777778,0.1625,0.125,0.18333333333333332,0.2388888888888889
53,720,0.6216573565777992,-0.04740026434877146,-0.04629441316278193,553,3.4553469424104656e-05,0.2390008568763733,38097,0.7330705165863037,0.23055555555555557,0.2125,0.18055555555555555,0.19027777777777777,0.18611111111111112
54,720,0.6160002746329413,-0.4348843410819382,-0.3526604666614792,541,3.5750636691823777e-05,0.25188717246055603,38817,0.7442249496777852,0.2972222222222222,0.16527777777777777,0.14722222222222223,0.15833333333333333,0.23194444444444445
55,720,0.6103946721337815,-0.04446277617648191,-0.043488795564780136,507,3.461017943714574e-05,0.25168725848197937,39537,0.757278565565745,0.3138888888888889,0.1361111111111111,0.13472222222222222,0.19583333333333333,0.21944444444444444
56,720,0.604840080617364,-0.1977661210007582,-0.17943825714329598,548,3.40645191967168e-05,0.248281329870224,40257,0.767280101776123,0.2569444444444444,0.16666666666666666,0.14583333333333334,0.1625,0.26805555555555555
57,720,0.5993360358837461,0.08585288844707094,0.08964601699589081,549,3.5130724444343284e-05,0.24537590146064758,40977,0.7778741161028544,0.2,0.18055555555555555,0.1527777777777778,0.25555555555555554,0.2111111111111111
58,720,0.5938820779572039,-0.2719183047484592,-0.23808349649224336,523,3.4681681297065044e-05,0.2440260648727417,41697,0.7872751990954081,0.2361111111111111,0.1527777777777778,0.1638888888888889,0.2513888888888889,0.19583333333333333
59,720,0.5884777510477934,-0.03570377037244192,-0.035073909153278904,524,3.586671112998374e-05,0.24177080392837524,42417,0.7970974485079447,0.1625,0.16111111111111112,0.1763888888888889,0.23055555555555557,0.26944444444444443
60,720,0.5831226035132585,-0.0969389195867241,-0.09238855827780446,549,3.575449156301147e-05,0.24071498215198517,43137,0.8091097990671794,0.24305555555555555,0.1736111111111111,0.16666666666666666,0.18888888888888888,0.22777777777777777
61,720,0.5778161878212879,-0.3279967318228805,-0.2796346260169138,534,3.6440566692716756e-05,0.2403527796268463,43857,0.8257297992706298,0.1736111111111111,0.1388888888888889,0.1638888888888889,0.19722222222222222,0.3263888888888889
62,720,0.5725580605121141,-0.04627481701513329,-0.04522046352948683,514,3.550117446719823e-05,0.2376081943511963,44577,0.8362623810768127,0.19444444444444445,0.09722222222222222,0.15416666666666667,0.2861111111111111,0.26805555555555555
63,720,0.5673477821614539,0.0034100198958048784,0.0034158406280411224,537,3.526558352101953e-05,0.2345127910375595,45297,0.8477754831314087,0.2611111111111111,0.1625,0.1527777777777778,0.17916666666666667,0.24444444444444444
64,720,0.5621849173437846,-0.01964117082368503,-0.01944953969873231,510,3.3987635602114904e-05,0.2331738919019699,46017,0.8590275486310323,0.34444444444444444,0.14722222222222223,0.1736111111111111,0.15694444444444444,0.17777777777777778
65,720,0.5570690345959561,0.07372189556138835,0.07650738238146282,530,3.4778801592791654e-05,0.23018613457679749,46737,0.8714975476264953,0.20694444444444443,0.15833333333333333,0.14444444444444443,0.19583333333333333,0.29444444444444445
66,720,0.5519997063811329,-0.03846746648108913,-0.03773698996758723,542,3.3527539572257106e-05,0.2274671494960785,47457,0.8820958336194357,0.26805555555555555,0.1527777777777778,0.20416666666666666,0.19027777777777777,0.18472222222222223
67,720,0.5469765090530646,-0.06790286189458325,-0.06564876972252276,511,3.316161528788244e-05,0.22763687372207642,48177,0.8948106487592061,0.24861111111111112,0.14166666666666666,0.20416666666666666,0.17916666666666667,0.2263888888888889
68,720,0.5419990228206817,-0.1429323205053067,-0.13318726764197042,517,3.496521250225568e-05,0.2214672863483429,48897,0.9096302509307861,0.24722222222222223,0.2,0.14722222222222223,0.19166666666666668,0.21388888888888888
69,720,0.5370668317130135,-0.18267739104527048,-0.16696314245818167,473,3.458655881129542e-05,0.2263527363538742,49617,0.9234867652257284,0.4444444444444444,0.16111111111111112,0.11527777777777778,0.11944444444444445,0.1597222222222222
70,720,0.5321795235444251,0.18137349719379897,0.19886286759963312,480,3.5990467654301026e-05,0.2299145758152008,50337,0.9355404138565063,0.2152777777777778,0.1625,0.1597222222222222,0.21666666666666667,0.24583333333333332
71,720,0.5273366898801708,0.05330195609997599,0.05474808465765846,527,3.500968311603477e-05,0.2274652123451233,51057,0.9547292311986287,0.17916666666666667,0.13055555555555556,0.18055555555555555,0.1875,0.32222222222222224
72,720,0.5225379260022612,-0.20611494778414186,-0.18626046664948015,473,3.475699505012623e-05,0.22592692077159882,51777,0.9658444126447042,0.3277777777777778,0.15555555555555556,0.18472222222222223,0.14027777777777778,0.19166666666666668
73,720,0.5177828308756407,-0.14738264491852474,-0.13703629444487653,481,3.475921441299255e-05,0.22495946288108826,52497,0.9763255675633749,0.2152777777777778,0.1388888888888889,0.1527777777777778,0.22083333333333333,0.2722222222222222
74,720,0.5130710071146724,-0.260713993890242,-0.22949874382838287,511,3.5255822025545866e-05,0.22457759082317352,53217,0.9862084984779358,0.12916666666666668,0.15,0.18472222222222223,0.21805555555555556,0.31805555555555554
75,720,0.5084020609499288,-0.011694903550175679,-0.011626783974870714,525,3.358348943783716e-05,0.21985124051570892,53937,0.9960159182548523,0.24722222222222223,0.19027777777777777,0.16666666666666666,0.18472222222222223,0.2111111111111111
76,720,0.5037756021952844,-0.33853473728585853,-0.2871859822654833,513,3.319464494590345e-05,0.2183791548013687,54657,1.0085662643114726,0.20277777777777778,0.16944444444444445,0.19166666666666668,0.18194444444444444,0.25416666666666665
77,720,0.4991912442153073,-0.1411875569776733,-0.13167356425803745,493,3.332325680073862e-05,0.2151896357536316,55377,1.0193484822909038,0.23194444444444445,0.175,0.1486111111111111,0.2569444444444444,0.1875
78,720,0.494648603892948,-0.09481955264091568,-0.09046295678127225,486,3.5579124686238276e-05,0.21434031426906586,56097,1.0297966678937276,0.16111111111111112,0.15694444444444444,0.1527777777777778,0.1875,0.3416666666666667
79,720,0.4901473015975222,-0.06652659065374372,-0.06436196370150116,506,3.452005617721928e-05,0.21115592122077942,56817,1.0403250853220622,0.19166666666666668,0.16666666666666666,0.175,0.19722222222222222,0.26944444444444443
80,720,0.4856869611529847,-0.2999758437043161,-0.25916388367815,504,3.4769580338434025e-05,0.2128264158964157,57537,1.0499892155329387,0.19027777777777777,0.13472222222222222,0.13194444444444445,0.2013888888888889,0.3416666666666667
81,720,0.48126720980649257,-0.463403646306688,-0.370861368236726,487,3.4816955475333896e-05,0.21102575957775116,58257,1.0695048650105794,0.20833333333333334,0.1388888888888889,0.14027777777777778,0.20833333333333334,0.30416666666666664
82,720,0.4768876781972535,-0.08164625270874414,-0.07840208619428435,487,3.451469613588011e-05,0.20863103866577148,58977,1.0803109844525656,0.28888888888888886,0.15555555555555556,0.13194444444444445,0.1527777777777778,0.2708333333333333
83,720,0.47254800032565847,0.0014472600539092457,0.001448307840151708,496,3.484189076061739e-05,0.20614497363567352,59697,1.0930780490239462,0.1736111111111111,0.17083333333333334,0.1986111111111111,0.1986111111111111,0.25833333333333336
84,720,0.46824781352269496,-0.3526347806169251,-0.2971661649512276,468,3.6100282990345374e-05,0.2051810473203659,60417,1.1057387153307596,0.10694444444444444,0.19444444444444445,0.23055555555555557,0.18888888888888888,0.2791666666666667
85,720,0.46398675841963843,0.03445746352281137,0.03505799971871504,484,3.5823893817147716e-05,0.20351077616214752,61137,1.1158658663431804,0.28888888888888886,0.20555555555555555,0.14583333333333334,0.17083333333333334,0.18888888888888888
86,720,0.45976447891801975,0.1371713140330475,0.14702463310553737,501,3.7160866972701316e-05,0.2040269672870636,61857,1.127364949385325,0.19722222222222222,0.18611111111111112,0.15694444444444444,0.16944444444444445,0.2902777777777778
87,720,0.4555806221598658,-0.023194882562059236,-0.02292794908673934,497,3.604589422820936e-05,0.20468755066394806,62577,1.138517681757609,0.18055555555555555,0.13055555555555556,0.16805555555555557,0.22083333333333333,0.3
88,720,0.451434838498211,0.1403801706830647,0.15071118236797654,484,3.749203727920758e-05,0.2035672813653946,63297,1.1489283005396524,0.15694444444444444,0.17777777777777778,0.17083333333333334,0.24583333333333332,0.24861111111111112
89,720,0.44732678146787724,-0.1528374100881585,-0.1417307436096359,465,3.505295039316378e-05,0.20284253358840942,64017,1.1587479988733926,0.2777777777777778,0.125,0.15555555555555556,0.2125,0.22916666666666666
90,720,0.4432561077565196,-0.1687408530926547,-0.15527221638358568,471,3.6380549234612164e-05,0.2035328596830368,64737,1.1694507837295531,0.4388888888888889,0.17916666666666667,0.1111111111111111,0.12638888888888888,0.14444444444444443
91,720,0.43922247717593527,0.08802714196967776,0.09201776113892546,494,3.591023039588335e-05,0.1999630481004715,65457,1.1900302648544312,0.30972222222222223,0.1527777777777778,0.14166666666666666,0.1736111111111111,0.2222222222222222
92,720,0.43522555263363427,-0.22237034415212265,-0.19938119506895813,456,3.422970603171254e-05,0.19996334612369537,66177,1.1990686813990274,0.25277777777777777,0.2,0.18472222222222223,0.17916666666666667,0.18333333333333332
93,720,0.43126500010466823,0.2236519316555732,0.2506356369856857,471,3.433777209364861e-05,0.19383753836154938,66897,1.209907599290212,0.1986111111111111,0.18888888888888888,0.19305555555555556,0.19722222222222222,0.2222222222222222
94,720,0.42734048860371576,0.07131951159087425,0.07392430231930147,438,3.674604808262908e-05,0.19289550185203552,67617,1.2203810850779215,0.20833333333333334,0.11527777777777778,0.11388888888888889,0.23472222222222222,0.3277777777777778
95,720,0.42345169015742196,0.1643083955036404,0.1785777271242599,481,3.571312468327253e-05,0.1925976425409317,68337,1.2307079156239829,0.23055555555555557,0.15138888888888888,0.14444444444444443,0.23055555555555557,0.24305555555555555
96,720,0.41959827977698944,0.024946422413063774,0.02526018808600705,461,3.634685831836274e-05,0.18888281285762787,69057,1.2402703007062277,0.38333333333333336,0.18611111111111112,0.14444444444444443,0.11388888888888889,0.17222222222222222
97,720,0.4157799354310188,-0.0664353187829053,-0.0642765623701902,448,3.477870154079533e-05,0.18763898313045502,69777,1.2522180994351706,0.1625,0.18194444444444444,0.2152777777777778,0.24305555555555555,0.19722222222222222
98,720,0.41199633801859653,-0.27485846944276215,-0.24032036650135258,473,3.3631181228580927e-05,0.18618126213550568,70497,1.262496034304301,0.1986111111111111,0.12777777777777777,0.1763888888888889,0.19305555555555556,0.30416666666666664
99,720,0.4082471713426273,0.16150332177708954,0.17527636215798137,446,3.396754709936229e-05,0.18626464903354645,71217,1.2755311965942382,0.44722222222222224,0.18472222222222223,0.1,0.13194444444444445,0.1361111111111111
100,720,0.4045321220834094,0.03084670542455803,0.03132739487306502,502,3.494675854022312e-05,0.1837024837732315,71937,1.287827698389689,0.2013888888888889,0.1875,0.22083333333333333,0.18472222222222223,0.20555555555555555
101,720,0.4008508797724504,-0.052548977549482886,-0.051192150365621636,434,3.413913953459592e-05,0.18294468522071838,72657,1.3082266807556153,0.2833333333333333,0.1638888888888889,0.12638888888888888,0.14166666666666666,0.2847222222222222
102,720,0.3972031367665211,-0.20137669368642885,-0.1823956128723213,445,3.4519648368637316e-05,0.18576978147029877,73377,1.3206371982892355,0.325,0.10555555555555556,0.1638888888888889,0.1638888888888889,0.24166666666666667
103,720,0.39358858822194576,-0.037612048647567564,-0.036913500864849125,486,3.264387691817521e-05,0.18249258399009705,74097,1.3314713994661966,0.23055555555555557,0.14583333333333334,0.19027777777777777,0.25,0.18333333333333332
104,720,0.39000693206912607,-0.11913423364036245,-0.11231136491289018,458,3.3107362804053584e-05,0.18181870877742767,74817,1.3448390007019042,0.3611111111111111,0.18194444444444444,0.15,0.13055555555555556,0.1763888888888889
105,720,0.386457868987297,-0.018422730488584664,-0.01825406931052931,443,3.249628422028965e-05,0.17926664650440216,75537,1.3551583488782246,0.2708333333333333,0.2013888888888889,0.1638888888888889,0.1736111111111111,0.19027777777777777
106,720,0.3829411023795126,-0.2559049864801653,-0.22578447376002342,411,3.3095278110471956e-05,0.1770307421684265,76257,1.3658469319343567,0.11388888888888889,0.1125,0.14444444444444443,0.21805555555555556,0.4111111111111111
107,720,0.3794563383478591,0.15048202672649377,0.16239441288268064,464,3.268283280830373e-05,0.17737677693367004,76977,1.3756512681643167,0.19305555555555556,0.16666666666666666,0.1625,0.1986111111111111,0.2791666666666667
108,720,0.37600328566889357,-0.06316984061023989,-0.061215983501880955,428,3.3496297585442236e-05,0.17389321327209473,77697,1.3868124842643739,0.29583333333333334,0.14722222222222223,0.125,0.15555555555555556,0.2763888888888889
109,720,0.37258165576930663,-0.22404132910331617,-0.20071789992576106,432,3.210563716417407e-05,0.1729864627122879,78417,1.3984731674194335,0.32916666666666666,0.18194444444444444,0.15555555555555556,0.14166666666666666,0.19166666666666668
110,720,0.36919116270180596,-0.07217685039746756,-0.06963365439675884,451,3.248058431495338e-05,0.17126241326332092,79137,1.409448750813802,0.24027777777777778,0.1361111111111111,0.14583333333333334,0.175,0.30277777777777776
111,720,0.3658315231212195,-0.09556836892856362,-0.09114377799663087,441,3.2251628401051376e-05,0.16986438632011414,79857,1.4288326978683472,0.26666666666666666,0.1763888888888889,0.14166666666666666,0.15,0.2652777777777778
112,720,0.36250245626081645,-0.07645789034414141,-0.07360807648742573,409,3.3147189612413464e-05,0.16946478188037872,80577,1.4393657326698304,0.16666666666666666,0.16527777777777777,0.16944444444444445,0.22916666666666666,0.26944444444444443
113,720,0.359203683908843,-0.08489973437263827,-0.08139561577096444,404,3.224089624672565e-05,0.173709437251091,81297,1.4498329480489096,0.4888888888888889,0.11805555555555555,0.1486111111111111,0.12916666666666668,0.11527777777777778
114,720,0.3559349303852725,-0.1301023604966093,-0.12199444676377824,409,3.26353889628687e-05,0.16954880952835083,82017,1.4592792471249898,0.28194444444444444,0.12361111111111112,0.1111111111111111,0.17222222222222222,0.3111111111111111
115,720,0.3526959225187665,0.24180323811013418,0.27354358331952344,441,3.222346210299697e-05,0.16744989156723022,82737,1.469653034210205,0.33055555555555555,0.11388888888888889,0.14444444444444443,0.15694444444444444,0.25416666666666665
116,720,0.34948638962384576,-0.47557428055702533,-0.37847197750296535,429,3.3241193633810126e-05,0.16666734218597412,83457,1.4795211672782898,0.2652777777777778,0.18611111111111112,0.16805555555555557,0.15833333333333333,0.2222222222222222
117,720,0.34630606347826876,-0.1663128354961239,-0.15321871049530178,432,3.337062544359368e-05,0.16376766562461853,84177,1.4895427306493123,0.15833333333333333,0.1361111111111111,0.18888888888888888,0.18472222222222223,0.33194444444444443
118,720,0.3431546783006165,-0.00955917316661085,-0.009513629506235244,419,3.2642892436898466e-05,0.16300004720687866,84897,1.5012351353963216,0.16805555555555557,0.10694444444444444,0.14166666666666666,0.25277777777777777,0.33055555555555555
119,720,0.3400319707280809,-0.3783954343328624,-0.31504040943291056,440,3.293900057441432e-05,0.16146624088287354,85617,1.5121793627738953,0.21666666666666667,0.1375,0.1763888888888889,0.20555555555555555,0.2638888888888889
120,720,0.3369376797944554,-0.050852710475504985,-0.04958135306577649,434,3.5671932774524366e-05,0.15963388979434967,86337,1.5245322664578755,0.2013888888888889,0.15416666666666667,0.20694444444444443,0.175,0.2625
121,720,0.3338715469083258,-0.04413382657449909,-0.04317409982810938,417,3.465638604704206e-05,0.15917617082595825,87057,1.5447458505630494,0.2708333333333333,0.10833333333333334,0.18888888888888888,0.20277777777777778,0.22916666666666666
122,720,0.3308333158314601,0.06037563816785129,0.062235487804353395,438,3.356513740237056e-05,0.15717139840126038,87777,1.5547765811284384,0.2791666666666667,0.1875,0.1736111111111111,0.17916666666666667,0.18055555555555555
123,720,0.3278227326573938,-0.18705818863339319,-0.17060452640790624,434,3.36137956044998e-05,0.15710872411727905,88497,1.5650993188222249,0.20833333333333334,0.23194444444444445,0.15833333333333333,0.18055555555555555,0.22083333333333333
124,720,0.3248395457902115,-0.03662933245524388,-0.03596659497386956,423,3.196142222350318e-05,0.15539973974227905,89217,1.5795087973276773,0.33194444444444443,0.1875,0.14722222222222223,0.16944444444444445,0.1638888888888889
125,720,0.3218835059235206,-0.05700440351949007,-0.05541009016271281,427,3.418863593967419e-05,0.1591879278421402,89937,1.5920113801956177,0.1875,0.1597222222222222,0.1527777777777778,0.1597222222222222,0.3402777777777778
126,720,0.3189543660196166,-0.2626947699603242,-0.23102342375531548,413,3.34710607641379e-05,0.1567738950252533,90657,1.6043967167536417,0.2125,0.16944444444444445,0.23194444444444445,0.19027777777777777,0.19583333333333333
127,720,0.31605188128883804,-0.1050672854069168,-0.09973605407760822,430,3.259360682490195e-05,0.1542675793170929,91377,1.6179223815600077,0.39444444444444443,0.1375,0.18888888888888888,0.12222222222222222,0.15694444444444444
128,720,0.31317580916910964,-0.12718349223700157,-0.11942792036864969,410,3.309428380412606e-05,0.15482811629772186,92097,1.631340535481771,0.2777777777777778,0.1763888888888889,0.19027777777777777,0.15694444444444444,0.1986111111111111
129,720,0.3103259093056707,-0.1072117702373338,-0.10166458785821042,369,3.327644207678936e-05,0.1517224907875061,92817,1.6428006331125895,0.2111111111111111,0.12638888888888888,0.15555555555555556,0.2791666666666667,0.22777777777777777
130,720,0.30750194353098914,-0.3327288390139969,-0.283035419377896,386,3.2985655037818004e-05,0.15192633867263794,93537,1.6555901010831198,0.1986111111111111,0.15555555555555556,0.15,0.25555555555555554,0.24027777777777778
131,720,0.30470367584485714,-0.25882642436974146,-0.22804299566101427,383,3.319742179807387e-05,0.15015050768852234,94257,1.6772560477256775,0.31805555555555554,0.11388888888888889,0.1736111111111111,0.19305555555555556,0.2013888888888889
132,720,0.3019308723946689,0.05413424782745166,0.05562630818147585,412,3.4468857385642575e-05,0.14942187070846558,94977,1.6933077812194823,0.28888888888888886,0.1736111111111111,0.14027777777777778,0.15416666666666667,0.24305555555555555
133,720,0.29918330145587746,0.00516527269070818,0.005178635709664814,419,3.2388071592019214e-05,0.15100131928920746,95697,1.7078240831693015,0.28194444444444444,0.09166666666666666,0.13055555555555556,0.14166666666666666,0.3541666666666667
134,720,0.29646073341262896,0.020772583344453924,0.020989835139923807,373,3.5115986343549186e-05,0.14894168078899384,96417,1.722934933503469,0.3958333333333333,0.12916666666666668,0.14027777777777778,0.15138888888888888,0.18333333333333332
135,720,0.29376294073857406,-0.023193936952852018,-0.022927025157976955,416,3.4119839029421606e-05,0.1473720818758011,97137,1.7349306146303813,0.25,0.19444444444444445,0.1763888888888889,0.14027777777777778,0.2388888888888889
136,720,0.29108969797785306,-0.20186225103819744,-0.18279251032729105,405,3.339906059207149e-05,0.14911264181137085,97857,1.7483140349388122,0.2652777777777778,0.09722222222222222,0.12777777777777777,0.19722222222222222,0.3125
137,720,0.2884407817262546,0.12033588922798727,0.1278756292365164,375,3.382641359179514e-05,0.14698946475982666,98577,1.7606881459554036,0.38333333333333336,0.11805555555555555,0.15555555555555556,0.16111111111111112,0.18194444444444444
138,720,0.28581597061254566,0.10366120478640044,0.10922459126644757,405,3.282424005167033e-05,0.14454194903373718,99297,1.77312833070755,0.4013888888888889,0.15694444444444444,0.1625,0.13055555555555556,0.1486111111111111
139,720,0.2832150452799715,-0.19996674750160592,-0.18124202162631453,405,3.411396609433521e-05,0.14394600689411163,100017,1.7855440338452657,0.24027777777777778,0.14027777777777778,0.2,0.1875,0.23194444444444445
140,720,0.28063778836792375,0.07365853715131716,0.0764391787459453,353,3.2821416328311496e-05,0.1407589167356491,100737,1.7975452144940693,0.36944444444444446,0.15,0.10694444444444444,0.15555555555555556,0.21805555555555556
141,720,0.27808398449377564,-0.4278715345766867,-0.3481048445931746,394,3.3325845633195666e-05,0.1386750042438507,101457,1.820594847202301,0.28888888888888886,0.14583333333333334,0.15694444444444444,0.16944444444444445,0.2388888888888889
142,720,0.2755534202348823,-0.4621251325464282,-0.37005649142550445,398,3.3437190491112134e-05,0.13778305053710938,102177,1.8338601311047873,0.12777777777777777,0.1375,0.15694444444444444,0.28055555555555556,0.2972222222222222
143,720,0.2730458841107448,-0.1930710525775324,-0.17557660534914632,401,3.41697277532502e-05,0.1385379433631897,102897,1.8474039475123087,0.21944444444444444,0.15,0.1361111111111111,0.18055555555555555,0.3138888888888889
144,720,0.270561166565337,0.08769380942220455,0.09165381673734507,390,3.507832892574293e-05,0.1366712898015976,103617,1.8635364691416423,0.24583333333333332,0.18472222222222223,0.20416666666666666,0.1638888888888889,0.2013888888888889
145,720,0.26809905994959243,-0.07172308230661734,-0.06921138803806959,387,3.6493087222627054e-05,0.13533543050289154,104337,1.8765118678410848,0.24027777777777778,0.17222222222222222,0.23472222222222222,0.17916666666666667,0.1736111111111111
146,720,0.26565935850405115,-0.1875815052576762,-0.17103844929790712,388,3.603279003780497e-05,0.13666066527366638,105057,1.889589015642802,0.35555555555555557,0.14027777777777778,0.175,0.125,0.20416666666666666
147,720,0.2632418583416643,-0.08291558165032241,-0.07957115497538958,401,3.4558089584556404e-05,0.13663333654403687,105777,1.904627501964569,0.2111111111111111,0.12083333333333333,0.17083333333333334,0.2375,0.25972222222222224
148,720,0.2608463574307552,0.15865120094392438,0.1719291076169991,374,3.574186223052796e-05,0.13602542877197266,106497,1.9171688318252564,0.3388888888888889,0.14027777777777778,0.19444444444444445,0.2,0.12638888888888888
149,720,0.2584726555781353,-0.1268824682246539,-0.11916280712735494,351,3.661702726655373e-05,0.13704483211040497,107217,1.9325604995091756,0.3055555555555556,0.09444444444444444,0.10833333333333334,0.1527777777777778,0.3388888888888889
150,720,0.2561205544123743,0.23386817389367798,0.263477921853996,373,3.579263994753192e-05,0.13562731444835663,107937,1.9459942817687987,0.3597222222222222,0.1388888888888889,0.15,0.17777777777777778,0.1736111111111111
151,720,0.2537898573672217,-0.15546912117319628,-0.14398649078627923,393,3.376986188767559e-05,0.13443095982074738,108657,1.9746533473332724,0.2125,0.12361111111111112,0.1763888888888889,0.21666666666666667,0.2708333333333333
152,720,0.25148036966518,-0.038622588346215014,-0.03788624642367844,327,3.528270197850563e-05,0.13520342111587524,109377,1.9914482315381368,0.1111111111111111,0.16111111111111112,0.2,0.1763888888888889,0.35138888888888886
153,720,0.24919189830122687,-0.11159602985746711,-0.10559450235330725,341,3.546510946913865e-05,0.13347932696342468,110097,2.0043922503789267,0.14305555555555555,0.22916666666666666,0.15138888888888888,0.12361111111111112,0.3527777777777778
154,720,0.24692425202668572,-0.14735530907621788,-0.1370127042826791,437,3.416015574405012e-05,0.13250145316123962,110817,2.017624231179555,0.20833333333333334,0.17222222222222222,0.1375,0.16944444444444445,0.3125
155,720,0.24467724133324287,0.041034194701508306,0.041887731976356646,380,3.2841382258336834e-05,0.12981736660003662,111537,2.0316871484120687,0.15833333333333333,0.19722222222222222,0.2625,0.20416666666666666,0.17777777777777778
156,720,0.24245067843711035,-0.14380245477637027,-0.1339411830556012,320,3.541673949409111e-05,0.1316107213497162,112257,2.0468901991844177,0.15,0.12638888888888888,0.23194444444444445,0.17916666666666667,0.3125
157,720,0.24024437726333264,0.1930260365438678,0.21291437320629147,336,3.3940012639909075e-05,0.12992066144943237,112977,2.0600974996884664,0.3055555555555556,0.16666666666666666,0.1486111111111111,0.20972222222222223,0.16944444444444445
158,720,0.2380581534302363,0.03525081328001784,0.035879488552382766,351,3.393138297522253e-05,0.13038405776023865,113697,2.0730825503667196,0.28055555555555556,0.11388888888888889,0.12638888888888888,0.1875,0.2916666666666667
159,720,0.23589182423402116,-0.02460257354192089,-0.02430239697357195,348,3.361921123238668e-05,0.13070455193519592,114417,2.087815499305725,0.30694444444444446,0.13333333333333333,0.1875,0.20972222222222223,0.1625
160,720,0.23374520863349157,-0.01925019538098335,-0.019066093594303002,359,3.236335952199928e-05,0.12719768285751343,115137,2.101096785068512,0.2916666666666667,0.11527777777777778,0.16944444444444445,0.17916666666666667,0.24444444444444444
161,720,0.2316181272349268,-0.09490348440678696,-0.09053929262788585,345,3.4343614351605036e-05,0.1269659399986267,115857,2.123176650206248,0.18333333333333332,0.13472222222222222,0.19583333333333333,0.24861111111111112,0.2375
162,720,0.22951040227708897,0.0318173647282564,0.032328948409050984,367,3.428599255496718e-05,0.12471124529838562,116577,2.138121545314789,0.2611111111111111,0.08055555555555556,0.16527777777777777,0.3347222222222222,0.15833333333333333
163,720,0.22742185761636746,0.10142922441754361,0.10675158463187384,343,3.461269726459351e-05,0.12442304939031601,117297,2.149953349431356,0.275,0.1125,0.1388888888888889,0.16805555555555557,0.3055555555555556
164,720,0.22535231871205852,-0.024249843181402577,-0.023958178101647132,347,3.421432728853486e-05,0.12476886808872223,118017,2.1626694321632387,0.2791666666666667,0.07916666666666666,0.16805555555555557,0.2263888888888889,0.24722222222222223
165,720,0.22330161261177878,0.1396429908658183,0.14986321389987767,362,3.357964943057191e-05,0.1239151656627655,118737,2.174233281612396,0.28055555555555556,0.09722222222222222,0.22916666666666666,0.23194444444444445,0.16111111111111112
166,720,0.22126956793701158,-0.05590712931729292,-0.05437304716678093,338,3.3248532688250834e-05,0.12558069825172424,119457,2.1864810307820637,0.3902777777777778,0.1597222222222222,0.12222222222222222,0.18194444444444444,0.14583333333333334
167,720,0.21925601486878477,-0.43387106752507676,-0.35200420219847384,327,3.353527806034941e-05,0.12404067814350128,120177,2.1989542643229165,0.3263888888888889,0.18333333333333332,0.11527777777777778,0.13055555555555556,0.24444444444444444
168,720,0.21726078513347882,-0.309033986928945,-0.2658441820993759,339,3.403503640255521e-05,0.12349141389131546,120897,2.212980596224467,0.4597222222222222,0.16111111111111112,0.10972222222222222,0.08888888888888889,0.18055555555555555
169,720,0.21528371198876417,-0.060796634693035416,-0.05898540996068935,336,3.31726500159372e-05,0.1225748360157013,121617,2.2279649297396342,0.20555555555555555,0.14444444444444443,0.23055555555555557,0.2152777777777778,0.20416666666666666
170,720,0.2133246302096664,0.0024771705745035575,0.002480241296576091,356,3.452483770792646e-05,0.12125630676746368,122337,2.2438073833783467,0.2875,0.06805555555555555,0.2013888888888889,0.24027777777777778,0.20277777777777778
171,720,0.21138337607475843,-0.08988079176870013,-0.08595986011463219,347,3.3683432509532294e-05,0.12005756795406342,123057,2.2663766980171203,0.1986111111111111,0.1736111111111111,0.16666666666666666,0.1486111111111111,0.3125
172,720,0.20945978735247814,-0.06715586527193945,-0.0649505517583775,315,3.3079195369130805e-05,0.11950656771659851,123777,2.2793821175893147,0.19027777777777777,0.14027777777777778,0.19305555555555556,0.2611111111111111,0.2152777777777778
173,720,0.20755370328757058,-0.10787414871977867,-0.10225942887853923,297,3.348918926728099e-05,0.11931192874908447,124497,2.2907497684160867,0.35,0.0875,0.10416666666666667,0.14722222222222223,0.3111111111111111
174,720,0.20566496458765368,0.03446587536412884,0.03506670649898358,342,3.27684177913549e-05,0.11719150096178055,125217,2.3008936802546183,0.4166666666666667,0.17222222222222222,0.14305555555555555,0.15138888888888888,0.11666666666666667
175,720,0.20379341340990603,0.10581504912028318,0.11161626308715822,324,3.289841568327271e-05,0.1161477267742157,125937,2.3111915667851766,0.3972222222222222,0.12222222222222222,0.1111111111111111,0.16805555555555557,0.2013888888888889
176,720,0.20193889334787588,-0.005282643843389706,-0.0052687152178514385,308,3.345670739349771e-05,0.11729661375284195,126657,2.3238218983014423,0.3236111111111111,0.23333333333333334,0.14583333333333334,0.125,0.17222222222222222
177,720,0.2001012494184102,0.1477666182639102,0.15924231880536022,323,3.3808060605780254e-05,0.11587139219045639,127377,2.3347949822743734,0.2847222222222222,0.15555555555555556,0.22083333333333333,0.16111111111111112,0.17777777777777778
178,720,0.19828032804870266,0.07695798190226656,0.07999669603248405,353,3.3027181399979274e-05,0.11507895588874817,128097,2.346288863817851,0.39305555555555555,0.16527777777777777,0.175,0.1125,0.15416666666666667
179,720,0.19647597706345946,-0.1294130611861078,-0.12138902950843822,347,3.2978412987934766e-05,0.11282394826412201,128817,2.3589231967926025,0.28055555555555556,0.0763888888888889,0.2513888888888889,0.19444444444444445,0.19722222222222222
180,720,0.19468804567218198,0.03930882315122668,0.040091638434935906,310,3.2417238245190874e-05,0.11082058399915695,129537,2.3745968341827393,0.33055555555555555,0.175,0.15138888888888888,0.18333333333333332,0.1597222222222222
181,720,0.19291638445656512,0.001577024895069524,0.0015782690527650356,315,3.2767051693680417e-05,0.11046713590621948,130257,2.3941497842470807,0.24722222222222223,0.14444444444444443,0.19305555555555556,0.22361111111111112,0.19166666666666668
182,720,0.19116084535801037,0.015173614621288599,0.015289318385667938,364,3.127735387048839e-05,0.10993830859661102,130977,2.4060103495915732,0.24305555555555555,0.16666666666666666,0.2125,0.20416666666666666,0.1736111111111111
183,720,0.18942128166525246,0.11827501728580313,0.1255536155062611,320,3.2723828869999734e-05,0.10819952189922333,131697,2.4189494331677754,0.32083333333333336,0.1486111111111111,0.1625,0.18194444444444444,0.18611111111111112
184,720,0.18769754800209867,0.15959122382145283,0.1730312657347619,329,3.236540257489651e-05,0.10958940535783768,132417,2.4321408828099567,0.3597222222222222,0.06944444444444445,0.15,0.17083333333333334,0.25
185,720,0.18598950031527958,-0.03265807877089412,-0.03213056187349128,381,3.177868407722902e-05,0.10922729223966599,133137,2.445489299297333,0.3527777777777778,0.1527777777777778,0.15416666666666667,0.11805555555555555,0.2222222222222222
186,720,0.18429699586241055,-0.018966099375721947,-0.0187873746004652,319,3.3146986990888965e-05,0.10694320499897003,133857,2.4580072283744814,0.36666666666666664,0.1527777777777778,0.1388888888888889,0.16805555555555557,0.1736111111111111
187,720,0.1826198932000626,-0.02230035764152303,-0.022053542757221045,329,3.220734917653721e-05,0.10769578069448471,134577,2.4703428149223328,0.4,0.12361111111111112,0.18055555555555555,0.15416666666666667,0.14166666666666666
188,720,0.18095805217194205,-0.0669410665354782,-0.06474968274593274,316,3.18871569454081e-05,0.10713236033916473,135297,2.4825701157251996,0.2361111111111111,0.23472222222222222,0.17083333333333334,0.15138888888888888,0.20694444444444443
189,720,0.17931133389717738,0.021744736352355343,0.021982876094861936,276,3.1833008011972194e-05,0.10551266372203827,136017,2.495243513584137,0.3875,0.10972222222222222,0.22777777777777777,0.1625,0.1125
190,720,0.17767960075871306,-0.2779390069351232,-0.24265698722283813,306,3.0244937460742627e-05,0.10570415109395981,136737,2.5074461340904235,0.3111111111111111,0.19583333333333333,0.17083333333333334,0.15833333333333333,0.1638888888888889
191,720,0.17606271639180876,0.008479935846883425,0.008515992349747092,289,3.2880523572960856e-05,0.10748641192913055,137457,2.534106381734212,0.08888888888888889,0.08472222222222223,0.10555555555555556,0.26805555555555555,0.4527777777777778
192,720,0.1744605456726433,-0.213116906162944,-0.1919383356942339,341,3.143334025581781e-05,0.10469408333301544,138177,2.546561817328135,0.2111111111111111,0.28888888888888886,0.19027777777777777,0.14166666666666666,0.16805555555555557
193,720,0.17287295470702224,-0.02519866651955118,-0.024883830151694597,307,3.27179079218038e-05,0.10469742119312286,138897,2.5597588499387105,0.4666666666666667,0.18333333333333332,0.15833333333333333,0.09861111111111111,0.09305555555555556
194,720,0.17129981081918835,0.151429743780957,0.16349655606923785,310,3.2460407116887935e-05,0.10438522696495056,139617,2.5740378657976786,0.18194444444444444,0.1763888888888889,0.2,0.21666666666666667,0.225
195,720,0.16974098254073375,-0.0038960272318982843,-0.003888447564528552,342,3.295845542083953e-05,0.10400509089231491,140337,2.5869087974230447,0.1638888888888889,0.21805555555555556,0.13333333333333333,0.1638888888888889,0.32083333333333336
196,720,0.16819633959961308,-0.09138788282352202,-0.08733636431407987,368,3.078736332074388e-05,0.10212294012308121,141057,2.6007470647493998,0.25555555555555554,0.1597222222222222,0.2375,0.1875,0.1597222222222222
197,720,0.16666575290925661,0.07373738136563872,0.07652405309313726,297,2.9966097448171542e-05,0.10232904553413391,141777,2.614670232931773,0.09166666666666666,0.13194444444444445,0.22083333333333333,0.25277777777777777,0.30277777777777776
198,720,0.16514909455778237,-0.24066172389386853,-0.21389249719896208,262,2.999890636045974e-05,0.10218387097120285,142497,2.6285722653071084,0.46944444444444444,0.1625,0.1527777777777778,0.1111111111111111,0.10416666666666667
199,720,0.16364623779730655,-0.022008370882626183,-0.021767953648702543,298,3.0329818419734995e-05,0.10187552124261856,143217,2.6400781353314717,0.16805555555555557,0.1527777777777778,0.2125,0.16805555555555557,0.2986111111111111
200,720,0.16215705703335107,-0.2060154080702142,-0.18617946321765522,306,3.225489994760109e-05,0.10151208937168121,143937,2.6552448987960817,0.3763888888888889,0.18888888888888888,0.17222222222222222,0.09583333333333334,0.16666666666666666
201,720,0.16068142781434758,-0.04066341204555418,-0.03984774875241803,357,2.977671665070779e-05,0.10084591060876846,144657,2.6753276308377583,0.24583333333333332,0.19305555555555556,0.14722222222222223,0.1375,0.2763888888888889
202,720,0.15921922682123701,-0.265895240214168,-0.23348057629429697,335,3.093155473834486e-05,0.10110772401094437,145377,2.6898223797480267,0.1986111111111111,0.24583333333333332,0.16805555555555557,0.1388888888888889,0.24861111111111112
203,720,0.15777033185716377,-0.3414985954422684,-0.289295534155391,329,3.000635891036533e-05,0.10072862356901169,146097,2.7045849680900576,0.2375,0.21944444444444444,0.1388888888888889,0.12083333333333333,0.2833333333333333
204,720,0.15633462183726357,0.16794457550776698,0.18287104880370286,264,3.0374138753409676e-05,0.0995790958404541,146817,2.7186757644017536,0.12777777777777777,0.2388888888888889,0.19444444444444445,0.21944444444444444,0.21944444444444444
205,720,0.15491197677854449,0.05719988247820532,0.05886743829209817,251,3.1596856822741555e-05,0.09962622076272964,147537,2.730821164449056,0.40694444444444444,0.15138888888888888,0.24027777777777778,0.09861111111111111,0.10277777777777777
206,720,0.15350227778985973,-0.03951820842080279,-0.03874754905787925,248,3.142288755510789e-05,0.10002998262643814,148257,2.7428932507832844,0.10277777777777777,0.1361111111111111,0.17916666666666667,0.1625,0.41944444444444445
207,720,0.152105407061972,0.11457583885678142,0.1213976833574697,260,3.1934260391608404e-05,0.1003909558057785,148977,2.7570144136746726,0.40555555555555556,0.14166666666666666,0.15555555555555556,0.14583333333333334,0.15138888888888888
208,720,0.15072124785770807,0.08441527795268322,0.0880806559060534,275,3.160129577079513e-05,0.1002824455499649,149697,2.7683069348335265,0.38055555555555554,0.14583333333333334,0.19166666666666668,0.11805555555555555,0.1638888888888889
209,720,0.14934968450220293,-0.17722709107569748,-0.16241044618880396,231,3.22545184922597e-05,0.0994458869099617,150417,2.7807993332544965,0.19305555555555556,0.06527777777777778,0.2111111111111111,0.2611111111111111,0.26944444444444443
210,720,0.1479906023732329,-0.07412035875946141,-0.07144007320552404,241,3.045672086917269e-05,0.09866628050804138,151137,2.792268367608388,0.11388888888888889,0.18055555555555555,0.17083333333333334,0.24861111111111112,0.2861111111111111
211,720,0.14664388789163646,0.1744838911518211,0.1906315625274535,258,3.0121625419117965e-05,0.09874579310417175,151857,2.812967097759247,0.44027777777777777,0.16805555555555557,0.08611111111111111,0.2013888888888889,0.10416666666666667
212,720,0.14530942851182257,0.03554084752989637,0.03617997265604522,285,2.9390469988281134e-05,0.09782063215970993,152577,2.8264694968859354,0.3333333333333333,0.2263888888888889,0.15833333333333333,0.14166666666666666,0.14027777777777778
213,720,0.143987112712365,-0.15445404070172863,-0.1431171270273267,314,2.983374929183608e-05,0.09882529079914093,153297,2.8391525308291117,0.24166666666666667,0.12083333333333333,0.11388888888888889,0.12916666666666668,0.39444444444444443
214,720,0.1426768299866825,0.1640948341958026,0.17832605539809565,267,3.0802200582355807e-05,0.09662581980228424,154017,2.8549533009529116,0.17777777777777778,0.12222222222222222,0.17083333333333334,0.1638888888888889,0.36527777777777776
215,720,0.14137847083380367,-0.1956787787304798,-0.17772367509479858,281,3.102989065584754e-05,0.09586968272924423,154737,2.86885799964269,0.12777777777777777,0.1125,0.20972222222222223,0.21388888888888888,0.33611111111111114
216,720,0.14009192674921606,-0.012423766119279991,-0.012346909748095936,223,3.183503780898415e-05,0.09645263850688934,155457,2.880647917588552,0.2263888888888889,0.1527777777777778,0.18472222222222223,0.23333333333333334,0.20277777777777778
217,720,0.1388170902157982,0.045182469440123794,0.04621874544152571,238,3.073586966151096e-05,0.09514595568180084,156177,2.892532018820445,0.43194444444444446,0.10694444444444444,0.14166666666666666,0.13194444444444445,0.1875
218,720,0.13755385469483442,-0.05133404049805122,-0.050038708016369005,273,3.080517842653939e-05,0.09494002163410187,156897,2.9054709990819294,0.175,0.18194444444444444,0.15,0.1388888888888889,0.3541666666666667
219,720,0.13630211461711142,0.008811160838381446,0.008850093378991453,235,2.9295249315610918e-05,0.09231996536254883,157617,2.918571615219116,0.13472222222222222,0.17916666666666667,0.12638888888888888,0.31666666666666665,0.24305555555555555
220,720,0.1350617653740957,-0.045120003202359364,-0.04411723404289647,271,3.0592506182832345e-05,0.09351427853107452,158337,2.930092147986094,0.3402777777777778,0.14027777777777778,0.23055555555555557,0.14305555555555555,0.14583333333333334
221,720,0.13383270330919142,0.17020096813599406,0.1855430837646852,284,2.9614631769921593e-05,0.09350122511386871,159057,2.952944366137187,0.23333333333333334,0.11666666666666667,0.1527777777777778,0.26805555555555555,0.22916666666666666
222,720,0.1326148257090778,-0.10100531602474379,-0.09607177243173304,294,3.019744094735365e-05,0.09318923950195312,159777,2.966600449879964,0.20833333333333334,0.23333333333333334,0.18194444444444444,0.19583333333333333,0.18055555555555555
223,720,0.13140803079512517,-0.052673728152645656,-0.05131050733444498,319,3.024512486275752e-05,0.09404688328504562,160497,2.9791258136431376,0.25555555555555554,0.12777777777777777,0.1527777777777778,0.22777777777777777,0.2361111111111111
224,720,0.13021221771488953,-0.14481484615879484,-0.13481752986072282,329,3.0161393878971568e-05,0.09379822760820389,161217,2.9938825329144794,0.22361111111111112,0.24027777777777778,0.17777777777777778,0.10833333333333334,0.25
225,720,0.12902728653368403,0.17549917819415306,0.19184100918894909,298,3.021566479901594e-05,0.09255339205265045,161937,3.0054695844650268,0.19583333333333333,0.16666666666666666,0.24722222222222223,0.14027777777777778,0.25
226,720,0.12785313822622751,-0.0636789581917993,-0.061693813303871026,227,3.2047236981548446e-05,0.09290330111980438,162657,3.017683486143748,0.16805555555555557,0.0875,0.16666666666666666,0.1875,0.3902777777777778
227,720,0.12668967466836883,-0.149094014336748,-0.1385118811424848,304,3.0862765303001855e-05,0.09123727679252625,163377,3.0287813981374105,0.2125,0.06527777777777778,0.18472222222222223,0.1986111111111111,0.3388888888888889
228,720,0.12553679862888667,0.06786140317733147,0.07021696952781231,245,3.210707294809052e-05,0.09162678569555283,164097,3.039368450641632,0.1597222222222222,0.14444444444444443,0.11805555555555555,0.17083333333333334,0.40694444444444444
229,720,0.1243944137613638,-0.14111806789205833,-0.1316132229514949,251,3.1644894709693795e-05,0.09049652516841888,164817,3.0508687337239584,0.2569444444444444,0.20833333333333334,0.2375,0.1375,0.1597222222222222
230,720,0.12326242459613539,-0.15357950704121903,-0.14236742634033528,255,3.188365493921689e-05,0.09022973477840424,165537,3.0619646827379863,0.3138888888888889,0.2791666666666667,0.19305555555555556,0.13194444444444445,0.08194444444444444
231,720,0.12214073653231056,-0.08500977517591768,-0.08149669417382088,309,3.189273893503418e-05,0.09037217497825623,166257,3.0855884154637656,0.11527777777777778,0.23194444444444445,0.25277777777777777,0.2222222222222222,0.17777777777777778
232,720,0.12102925582986652,0.00525478849876402,0.005268619114890072,242,3.191560141873298e-05,0.0902349129319191,166977,3.0967263182004294,0.4888888888888889,0.18194444444444444,0.16527777777777777,0.03888888888888889,0.125
233,720,0.11992788960181475,0.03319699901473497,0.03375416773586348,258,3.186488744088618e-05,0.09026046097278595,167697,3.108238168557485,0.32916666666666666,0.24027777777777778,0.13055555555555556,0.10972222222222222,0.19027777777777777
234,720,0.11883654580643824,0.06852720198759166,0.07092975597270113,236,3.147456738664308e-05,0.08968044072389603,168417,3.1217813809712727,0.17083333333333334,0.19166666666666668,0.1125,0.3055555555555556,0.21944444444444444
235,720,0.11775513323959964,-0.052836983296252346,-0.051465373132145054,283,3.145388010226371e-05,0.0884857028722763,169137,3.1326180974642437,0.25555555555555554,0.19305555555555556,0.18194444444444444,0.15138888888888888,0.21805555555555556
236,720,0.11668356152711928,0.03485075022798797,0.035465154328090165,313,3.2062331666161805e-05,0.08690613508224487,169857,3.143703850110372,0.31666666666666665,0.16111111111111112,0.1638888888888889,0.14305555555555555,0.2152777777777778
237,720,0.1156217411172225,-0.12564992128647381,-0.11807646459569332,214,3.146072362041095e-05,0.08594212681055069,170577,3.1548901995023093,0.3263888888888889,0.08194444444444444,0.075,0.31527777777777777,0.2013888888888889
238,720,0.11456958327305578,0.08517999027816078,0.0889130428224445,297,3.07867910300451e-05,0.08564825356006622,171297,3.167192014058431,0.28194444444444444,0.12638888888888888,0.1527777777777778,0.2263888888888889,0.2125
239,720,0.11352700006527097,0.06225582483377097,0.06423456753720491,263,3.2139485693960526e-05,0.08497586846351624,172017,3.1787942171096804,0.31527777777777777,0.12361111111111112,0.18472222222222223,0.16527777777777777,0.2111111111111111
240,720,0.112493904364677,0.3202897923912924,0.3775269033148252,265,3.206453400568737e-05,0.08515115082263947,172737,3.189381182193756,0.39305555555555555,0.14027777777777778,0.2111111111111111,0.14444444444444443,0.1111111111111111
241,720,0.11147020983495844,-0.11053793413139995,-0.10464763486899686,299,3.188511484495393e-05,0.08383219689130783,173457,3.213366464773814,0.22777777777777777,0.2125,0.2611111111111111,0.17222222222222222,0.12638888888888888
242,720,0.11045583092546031,0.0028385129920909195,0.002842545384524886,220,3.2273076075423685e-05,0.08346603065729141,174177,3.2250590840975444,0.2361111111111111,0.08888888888888889,0.1763888888888889,0.3,0.1986111111111111
243,720,0.10945068286403863,-0.03398677954304505,-0.033415716761053926,268,3.11458118498346e-05,0.08266928791999817,174897,3.2370686332384744,0.3458333333333333,0.07083333333333333,0.23055555555555557,0.18333333333333332,0.16944444444444445
244,720,0.10845468164997588,-0.1698646897106577,-0.15622101914955056,241,3.265226116076924e-05,0.08387847244739532,175617,3.249328331152598,0.3638888888888889,0.13194444444444445,0.1986111111111111,0.1388888888888889,0.16666666666666666
245,720,0.10746774404696109,0.11592754663738243,0.12291451025361955,236,3.2895065803965436e-05,0.08276937156915665,176337,3.26034406820933,0.16805555555555557,0.03611111111111111,0.25416666666666665,0.32916666666666666,0.2125
246,720,0.10648978757613374,-0.07499343445484645,-0.07225042250970126,252,3.2062237393246403e-05,0.08274731040000916,177057,3.272575847307841,0.2791666666666667,0.15694444444444444,0.16944444444444445,0.11388888888888889,0.28055555555555556
247,720,0.10552073050919092,-0.1373683785378801,-0.12835092982775564,208,3.3149683835947345e-05,0.08270393311977386,177777,3.285983900229136,0.26805555555555555,0.10416666666666667,0.14305555555555555,0.17222222222222222,0.3125
248,720,0.10456049186155728,0.10073830028021244,0.10598716735560498,264,3.459255562587613e-05,0.08301829546689987,178497,3.2983811656634012,0.3333333333333333,0.1361111111111111,0.19583333333333333,0.21944444444444444,0.11527777777777778
249,720,0.1036089913856171,-0.0554502481780618,-0.053940909336986365,236,3.438042322790756e-05,0.08366239815950394,179217,3.3106201688448587,0.2125,0.09444444444444444,0.20833333333333334,0.18194444444444444,0.30277777777777776
250,720,0.10266614956400799,0.08204610039857553,0.08550585092846585,250,3.422706354664721e-05,0.0840209424495697,179937,3.3230216185251873,0.10277777777777777,0.1111111111111111,0.1763888888888889,0.22361111111111112,0.3861111111111111
251,720,0.10173188760297552,-0.3175117899381136,-0.27204190185720956,255,3.306331585943351e-05,0.08274180442094803,180657,3.3471358815828958,0.3013888888888889,0.22361111111111112,0.17222222222222222,0.05138888888888889,0.2513888888888889
252,720,0.10080612742578844,0.13444913458541113,0.1439064722455996,256,3.425333700685466e-05,0.08258049190044403,181377,3.3592544476191204,0.3638888888888889,0.16527777777777777,0.15833333333333333,0.125,0.1875
253,720,0.09988879166621377,0.039402751262045455,0.040189336865854575,313,3.3502070622641136e-05,0.08159326016902924,182097,3.372398817539215,0.33194444444444443,0.12916666666666668,0.1527777777777778,0.12083333333333333,0.2652777777777778
254,720,0.09897980366205122,-0.09196227696047525,-0.08786044242731983,262,3.202283045564198e-05,0.08135810494422913,182817,3.3838587681452434,0.37222222222222223,0.09166666666666666,0.16944444444444445,0.15555555555555556,0.2111111111111111
255,720,0.09807908744872657,-0.006875536157695699,-0.006851953737181837,269,3.219744226801898e-05,0.08054612576961517,183537,3.3966612974802652,0.17777777777777778,0.09722222222222222,0.19305555555555556,0.2569444444444444,0.275
256,720,0.09718656775294315,-0.08337753891934582,-0.07999625557425194,270,3.40273759510031e-05,0.08056775480508804,184257,3.4094016512235004,0.08888888888888889,0.16666666666666666,0.2125,0.25277777777777777,0.2791666666666667
257,720,0.09630216998639138,-0.05857038789623233,-0.05688814559603428,243,3.376325252651845e-05,0.08012700080871582,184977,3.420315698782603,0.2861111111111111,0.12222222222222222,0.15416666666666667,0.225,0.2125
258,720,0.09542582023951522,0.1436111247642682,0.15443509000671884,228,3.237520194450857e-05,0.08028261363506317,185697,3.4332084973653156,0.2013888888888889,0.075,0.20277777777777778,0.2111111111111111,0.30972222222222223
259,720,0.09455744527533563,-0.22343865925759238,-0.20023605152265345,252,3.4262228926864836e-05,0.08065648376941681,186417,3.445351032416026,0.17777777777777778,0.1111111111111111,0.20694444444444443,0.23333333333333334,0.2708333333333333
260,720,0.09369697252333008,-0.07576172662658649,-0.07296293150483224,272,3.489608129838315e-05,0.08055946975946426,187137,3.4571367303530374,0.20277777777777778,0.0763888888888889,0.17222222222222222,0.2722222222222222,0.2763888888888889
261,720,0.09284433007336777,-0.007249075395261665,-0.007222864222050318,245,3.460947479412526e-05,0.07926258444786072,187857,3.47752814690272,0.36527777777777776,0.08194444444444444,0.2388888888888889,0.10555555555555556,0.20833333333333334
262,720,0.09199944666970013,-0.15882403725196792,-0.146853532241094,278,3.433250708692665e-05,0.07889413833618164,188577,3.4893646319707234,0.3263888888888889,0.12083333333333333,0.24166666666666667,0.1736111111111111,0.1375
263,720,0.09116225170500586,0.12025436467837114,0.12778368343179114,241,3.380155336571988e-05,0.07856068015098572,189297,3.501979951063792,0.19583333333333333,0.24722222222222223,0.19583333333333333,0.1986111111111111,0.1625
264,720,0.0903326752144903,0.13348286351257363,0.1428016823606526,231,3.3717101838546015e-05,0.07664934545755386,190017,3.5171145677566527,0.2777777777777778,0.11666666666666667,0.21388888888888888,0.15555555555555556,0.2361111111111111
265,720,0.08951064787003844,0.1019566323318531,0.107335448130361,242,3.469644255586799e-05,0.07615619897842407,190737,3.5305782159169516,0.48333333333333334,0.10416666666666667,0.14027777777777778,0.09722222222222222,0.175
266,720,0.0886961009744211,-0.13902930333348426,-0.1297974717502527,300,3.433148920572017e-05,0.07618415355682373,191457,3.542285935084025,0.3138888888888889,0.14444444444444443,0.2,0.11805555555555555,0.22361111111111112
267,720,0.08788896645555387,-0.45066917652997157,-0.3627983914399219,268,3.503861509873079e-05,0.07490038126707077,192177,3.5547903021176657,0.3638888888888889,0.14305555555555555,0.25972222222222224,0.14722222222222223,0.08611111111111111
268,720,0.08708917686080833,0.08164643093082505,0.0850720940682479,217,3.484044936688709e-05,0.07348106056451797,192897,3.568432601292928,0.11388888888888889,0.05138888888888889,0.18611111111111112,0.25,0.39861111111111114
269,720,0.08629666535137498,0.13422774792337944,0.14365325464056533,217,3.508639565426266e-05,0.07363268733024597,193617,3.5843645016352337,0.26944444444444443,0.15555555555555556,0.2013888888888889,0.16666666666666666,0.20694444444444443
270,720,0.08551136569667747,-0.016068819276235095,-0.015940404544199538,256,3.564140145044803e-05,0.07276278734207153,194337,3.597071981430054,0.17777777777777778,0.16666666666666666,0.17222222222222222,0.21388888888888888,0.26944444444444443
271,720,0.0847332122688377,0.08233039666775525,0.08581450006387747,258,3.5617748591221246e-05,0.07280153781175613,195057,3.6190037647883098,0.2361111111111111,0.1527777777777778,0.2569444444444444,0.1486111111111111,0.20555555555555555
272,720,0.08396214003719128,0.2075993012920687,0.23071992285089715,280,3.355706366316251e-05,0.07143039256334305,195777,3.630884349346161,0.3138888888888889,0.12916666666666668,0.25833333333333336,0.09305555555555556,0.20555555555555555
273,720,0.08319808456285284,-0.4273924995017463,-0.3477924891399159,258,3.255597427293348e-05,0.07409599423408508,196497,3.6435462991396586,0.325,0.1375,0.21805555555555556,0.125,0.19444444444444445
274,720,0.08244098199333087,-0.23479548741556103,-0.2092674521495287,325,3.522130890461186e-05,0.07487647235393524,197217,3.6551933805147807,0.13472222222222222,0.15555555555555556,0.14444444444444443,0.11944444444444445,0.44583333333333336
275,720,0.08169076905719157,-0.0325889446215379,-0.032063646730165485,287,3.552683801899548e-05,0.07348671555519104,197937,3.6668018341064452,0.29444444444444445,0.15416666666666667,0.24166666666666667,0.09583333333333334,0.21388888888888888
276,720,0.08094738305877112,-0.009469535503475457,-0.009424840643265098,312,3.489422951916923e-05,0.07150999456644058,198657,3.6816538135210672,0.2361111111111111,0.30277777777777776,0.1638888888888889,0.1361111111111111,0.16111111111111112
277,720,0.08021076187293631,-0.1343835986085829,-0.12574536258971247,261,3.4252734435035056e-05,0.07237540185451508,199377,3.6958590825398763,0.17083333333333334,0.05,0.15138888888888888,0.2111111111111111,0.4166666666666667
278,720,0.07948084393989259,-0.10870189547759158,-0.10300222326040864,256,3.505008279742267e-05,0.07336875796318054,200097,3.71136056582133,0.4236111111111111,0.16111111111111112,0.16111111111111112,0.06944444444444445,0.18472222222222223
279,720,0.07875756826003957,-0.45264119507615264,-0.3640537266506805,222,3.506819287445574e-05,0.07332403212785721,200817,3.724973499774933,0.2708333333333333,0.13055555555555556,0.14722222222222223,0.1125,0.3388888888888889
280,720,0.07804087438887321,-0.33390716145175187,-0.28387973729325455,216,3.592932915176384e-05,0.07143685221672058,201537,3.737399935722351,0.39166666666666666,0.0763888888888889,0.1597222222222222,0.11944444444444445,0.25277777777777777
281,720,0.07733070243193446,-0.16770819611041263,-0.15439945178406966,289,3.41349757705858e-05,0.07060837000608444,202257,3.759073301156362,0.22916666666666666,0.15555555555555556,0.2513888888888889,0.175,0.18888888888888888
282,720,0.07662699303980386,-0.11879527199470483,-0.11201042151105511,240,3.4945411343617e-05,0.07019199430942535,202977,3.7717170317967734,0.39166666666666666,0.14027777777777778,0.13472222222222222,0.20694444444444443,0.12638888888888888
283,720,0.07592968740314164,0.042750539188170913,0.043677505735655764,202,3.4548596948348454e-05,0.0699896439909935,203697,3.7817073305447897,0.30833333333333335,0.21944444444444444,0.1875,0.08055555555555556,0.20416666666666666
284,720,0.07523872724777306,-0.043110523664367274,-0.042194475959481226,235,3.3315878671500186e-05,0.06908570230007172,204417,3.7920567472775777,0.4125,0.10555555555555556,0.18055555555555555,0.1361111111111111,0.16527777777777777
285,720,0.07455405482981832,-0.011778986809641583,-0.011709886122642676,213,3.341523397782314e-05,0.06857965886592865,205137,3.8020641009012857,0.4041666666666667,0.2722222222222222,0.18333333333333332,0.07777777777777778,0.0625
286,720,0.07387561293086697,0.22936961673276185,0.257806859563698,203,3.512899362729311e-05,0.06811816990375519,205857,3.8144656658172607,0.28194444444444444,0.175,0.26666666666666666,0.16527777777777777,0.1111111111111111
287,720,0.07320334485319609,0.10835179640226973,0.11443973232100468,197,3.5098271337119516e-05,0.067088782787323,206577,3.826155896981557,0.23055555555555557,0.2375,0.20694444444444443,0.14027777777777778,0.18472222222222223
288,720,0.07253719441503201,0.19281020864563173,0.21265262069414526,218,3.3876356632036835e-05,0.06784297525882721,207297,3.838974396387736,0.16527777777777777,0.24305555555555555,0.1361111111111111,0.12222222222222222,0.3333333333333333
289,720,0.07187710594585521,-0.11438147378387807,-0.10808235222277818,235,3.265243793053843e-05,0.06700079143047333,208017,3.8503479997317,0.08333333333333333,0.09444444444444444,0.24722222222222223,0.15833333333333333,0.4166666666666667
290,720,0.07122302428174793,0.19349435414678504,0.21348253538788775,211,3.4172199742796593e-05,0.06611427664756775,208737,3.8629764676094056,0.5055555555555555,0.125,0.12777777777777777,0.10694444444444444,0.13472222222222222
291,720,0.07057489476078402,0.08817474313177656,0.09217895612549087,215,3.378025114102457e-05,0.06644188612699509,209457,3.8824033459027607,0.2847222222222222,0.19027777777777777,0.20277777777777778,0.11527777777777778,0.20694444444444443
292,720,0.06993266321846088,-0.1154788274294736,-0.10906056448458001,237,3.400371565855191e-05,0.06607595831155777,210177,3.894247996807098,0.24861111111111112,0.17222222222222222,0.15416666666666667,0.0625,0.3625
293,720,0.06929627598317288,-0.17417043386346354,-0.15984630518464005,236,3.488167883713484e-05,0.06545966863632202,210897,3.9064022342363995,0.11388888888888889,0.2,0.2638888888888889,0.1875,0.23472222222222222
294,720,0.068665679871726,-0.09605514625635107,-0.09158608093946541,233,3.372335359964988e-05,0.06472275406122208,211617,3.9171029329299927,0.3,0.17916666666666667,0.24861111111111112,0.12222222222222222,0.15
295,720,0.0680408221848933,-0.18329980706170718,-0.16748147661412172,203,3.424681782336039e-05,0.06514324992895126,212337,3.9307141661643983,0.11527777777777778,0.11944444444444445,0.1486111111111111,0.22916666666666666,0.3875
296,720,0.06742165070301076,0.09459466697574047,0.09921321739864397,267,3.5178646539356525e-05,0.06417789310216904,213057,3.9429489970207214,0.35138888888888886,0.1638888888888889,0.225,0.14166666666666666,0.11805555555555555
297,720,0.06680811368161337,-0.10417439215270305,-0.09893185549496808,291,3.394577743039109e-05,0.06365641951560974,213777,3.9553064187367757,0.18888888888888888,0.16111111111111112,0.175,0.2708333333333333,0.20416666666666666
298,720,0.06620015984711068,0.053724016697943466,0.05519334622204197,224,3.444239201636871e-05,0.06289730966091156,214497,3.9668798645337424,0.30694444444444446,0.19166666666666668,0.18055555555555555,0.11666666666666667,0.20416666666666666
299,720,0.06559773839250198,0.04413877607137143,0.04512738349732581,143,3.2847218705632664e-05,0.06194817274808884,215217,3.9799423456192016,0.25416666666666665,0.09166666666666666,0.2,0.06805555555555555,0.3861111111111111
300,720,0.06500079897313021,-0.1704825943850949,-0.15674223307916202,247,3.399756445029804e-05,0.06190019100904465,215937,3.993689413865407,0.3402777777777778,0.18611111111111112,0.21805555555555556,0.06944444444444445,0.18611111111111112
301,720,0.06440929170247472,0.11417836069506121,0.12095204084018407,184,3.6584236398893056e-05,0.0604870542883873,216657,4.014141682783762,0.3597222222222222,0.1,0.14444444444444443,0.1375,0.25833333333333336
302,720,0.06382316714798221,-0.05618712778482593,-0.05463778419972287,217,3.5071838720392004e-05,0.06079905480146408,217377,4.027331880728403,0.23055555555555557,0.22083333333333333,0.225,0.10694444444444444,0.21666666666666667
303,720,0.06324237632693558,-0.18782067144990977,-0.1712366851688928,205,3.427649773534035e-05,0.06037762016057968,218097,4.039664618174235,0.39444444444444443,0.18611111111111112,0.1736111111111111,0.11666666666666667,0.12916666666666668
304,720,0.06266687070236046,-0.05882773919481986,-0.05713082542815462,248,3.538042109628097e-05,0.06009121611714363,218817,4.051391315460205,0.41388888888888886,0.14444444444444443,0.20555555555555555,0.12777777777777777,0.10833333333333334
305,720,0.06209660217896898,-0.05212878186308362,-0.05079338162540292,291,3.341801568947429e-05,0.05879753828048706,219537,4.063143348693847,0.275,0.175,0.2125,0.16805555555555557,0.16944444444444445
306,720,0.06153152309914036,-0.292995789541848,-0.2539747182011626,232,3.578735513972081e-05,0.05898062884807587,220257,4.07528444925944,0.3888888888888889,0.075,0.15833333333333333,0.23194444444444445,0.14583333333333334
307,720,0.06097158623893818,-0.006342598297795406,-0.006322526479456636,234,3.257354268018591e-05,0.05884679779410362,220977,4.088462849458058,0.30694444444444446,0.24444444444444444,0.2638888888888889,0.10555555555555556,0.07916666666666666
308,720,0.06041674480416385,-0.061319543455898705,-0.05947734610573263,193,3.358651933922374e-05,0.05900951474905014,221697,4.102795696258545,0.18888888888888888,0.10416666666666667,0.18055555555555555,0.21388888888888888,0.3125
309,720,0.059866952426445956,0.07178174928969686,0.07442082536450778,198,3.430858939105342e-05,0.05848471820354462,222417,4.11543333530426,0.39305555555555555,0.12083333333333333,0.15694444444444444,0.08333333333333333,0.24583333333333332
310,720,0.059322163159365296,-0.07685412576630005,-0.07397507306899975,250,3.3927807555755864e-05,0.058319829404354095,223137,4.1282814304033915,0.35555555555555557,0.2375,0.11944444444444445,0.12638888888888888,0.16111111111111112
311,720,0.05878233147461507,0.06504364141286192,0.06720559772801926,258,3.337076540219641e-05,0.056588806211948395,223857,4.160507782300313,0.35833333333333334,0.18888888888888888,0.16944444444444445,0.05416666666666667,0.22916666666666666
312,720,0.058247412258196074,-0.2796091369851917,-0.2439207928930105,211,3.1539495683495664e-05,0.05689528211951256,224577,4.173379913965861,0.4375,0.20277777777777778,0.19027777777777777,0.06666666666666667,0.10277777777777777
313,720,0.05771736080664649,-0.18991111062973173,-0.17296735491285087,278,3.157607161483611e-05,0.05716198682785034,225297,4.188508868217468,0.25555555555555554,0.17916666666666667,0.18611111111111112,0.08888888888888889,0.2902777777777778
314,720,0.057192132823306006,0.015440392438296799,0.015560211186151696,244,3.2531199699784945e-05,0.05706387385725975,226017,4.20310198465983,0.4638888888888889,0.2,0.11805555555555555,0.07361111111111111,0.14444444444444443
315,720,0.05667168441461392,-0.06015829152720628,-0.058384527964141286,331,3.412061352858271e-05,0.05644215643405914,226737,4.214758650461833,0.2388888888888889,0.14027777777777778,0.16666666666666666,0.14583333333333334,0.30833333333333335
316,720,0.056155972086440936,-0.10394831768184777,-0.09872812396261277,267,3.180047784149388e-05,0.05699242278933525,227457,4.226308929920196,0.30972222222222223,0.1486111111111111,0.18888888888888888,0.1125,0.24027777777777778
317,720,0.05564495274045432,-0.018772494879266424,-0.018597389033774725,276,3.202903405331704e-05,0.05654018744826317,228177,4.238092565536499,0.45416666666666666,0.075,0.08194444444444444,0.04583333333333333,0.34305555555555556
318,720,0.05513858367051619,-0.03329439630997674,-0.032746238268894334,243,3.2984310852649896e-05,0.05686649680137634,228897,4.254254380861918,0.4791666666666667,0.15555555555555556,0.18194444444444444,0.08333333333333333,0.1
319,720,0.05463682255911449,0.17075606134016724,0.18620135335732302,192,3.164584958565481e-05,0.05715682730078697,229617,4.270106768608093,0.39444444444444443,0.14305555555555555,0.15,0.10138888888888889,0.2111111111111111
320,720,0.05413962747382655,-0.04035096956234607,-0.03954770952871933,257,3.158952427055637e-05,0.05629654601216316,230337,4.283746449152629,0.38055555555555554,0.18194444444444444,0.2,0.14305555555555555,0.09444444444444444
321,720,0.05364695686381473,0.07684148533881027,0.07987088745712745,185,3.265273309378042e-05,0.055067479610443115,231057,4.30397318204244,0.06388888888888888,0.18194444444444444,0.125,0.2763888888888889,0.3527777777777778
322,720,0.05315876955635402,0.04943052128553237,0.05067259029791393,201,3.286273237866529e-05,0.05534476041793823,231777,4.316471850872039,0.275,0.20555555555555555,0.22083333333333333,0.1875,0.1111111111111111
323,720,0.0526750247533912,0.047835914043891925,0.04899851527764043,211,3.214144419290379e-05,0.05419443920254707,232497,4.329246266682943,0.4097222222222222,0.24305555555555555,0.13472222222222222,0.10555555555555556,0.10694444444444444
324,720,0.052195682028135335,0.03931169036021978,0.04009462059931024,149,3.3296104715595395e-05,0.053134314715862274,233217,4.343046466509501,0.28194444444444444,0.20694444444444443,0.15694444444444444,0.17777777777777778,0.1763888888888889
325,720,0.0517207013216793,-0.030039668219743895,-0.029592961534646967,225,3.184283840861705e-05,0.052826154977083206,233937,4.357235650221507,0.4486111111111111,0.10833333333333334,0.15694444444444444,0.1638888888888889,0.12222222222222222
326,720,0.05125004293965202,0.07122922858868827,0.0738273495858246,218,3.336209012571898e-05,0.05227777361869812,234657,4.369418032964071,0.3527777777777778,0.23333333333333334,0.2791666666666667,0.07083333333333333,0.06388888888888888
327,720,0.050783667548901186,0.09950659247446654,0.10462575293302057,180,3.466029141729147e-05,0.0524873249232769,235377,4.3817634661992395,0.33194444444444443,0.14305555555555555,0.12361111111111112,0.1486111111111111,0.25277777777777777
328,720,0.050321536174206184,-0.1176401257607584,-0.11098407101535124,185,3.233101622741843e-05,0.05323776602745056,236097,4.393236569563547,0.3375,0.11944444444444445,0.1486111111111111,0.2,0.19444444444444445
329,720,0.049863610195020905,0.05887443664531939,0.060642054604194584,202,3.141307703344864e-05,0.0525103397667408,236817,4.4042333642641704,0.3388888888888889,0.2569444444444444,0.15555555555555556,0.1638888888888889,0.08472222222222223
330,720,0.049409851342246215,-0.09669990781246536,-0.09217160253032519,193,3.155646970753878e-05,0.05261284112930298,237537,4.41495201587677,0.24722222222222223,0.36944444444444446,0.20416666666666666,0.059722222222222225,0.11944444444444445
331,720,0.04896022169503177,-0.29324380759684493,-0.2541597229973185,166,3.09896710531474e-05,0.052802879363298416,238257,4.437317132949829,0.35138888888888886,0.2263888888888889,0.14305555555555555,0.09027777777777778,0.18888888888888888
332,720,0.04851468367760699,0.11440656471949749,0.12120787579727677,180,3.334305815706607e-05,0.052055519074201584,238977,4.44969445069631,0.2722222222222222,0.29305555555555557,0.17916666666666667,0.1527777777777778,0.10277777777777777
333,720,0.04807320005614076,-0.157894373638561,-0.14606002422249298,197,3.1681764873307354e-05,0.05154423788189888,239697,4.4639967997868855,0.3013888888888889,0.1638888888888889,0.2152777777777778,0.1597222222222222,0.1597222222222222
334,720,0.04763573393562988,0.021457608997173618,0.02168947897779394,222,3.066143036739454e-05,0.05139325559139252,240417,4.479442282517751,0.5402777777777777,0.11944444444444445,0.08472222222222223,0.15138888888888888,0.10416666666666667
335,720,0.04720224875681565,0.1708222356760212,0.18627985204133934,247,3.3369124427432935e-05,0.05253802239894867,241137,4.492352966467539,0.4861111111111111,0.18055555555555555,0.15416666666666667,0.11527777777777778,0.06388888888888888
336,720,0.04677270829312862,-0.05101349118106717,-0.04973414976270063,192,3.237369038515681e-05,0.052242033183574677,241857,4.504238696893056,0.4666666666666667,0.14444444444444443,0.12361111111111112,0.07361111111111111,0.19166666666666668
337,720,0.046347076647661155,0.05348454335975451,0.05494068580291245,212,3.0977763185546794e-05,0.05228852480649948,242577,4.518326564629873,0.41388888888888886,0.23472222222222222,0.14166666666666666,0.04583333333333333,0.1638888888888889
338,720,0.045925318250167435,0.1355067995774422,0.1451169821195628,212,3.322767826274584e-05,0.05187063291668892,243297,4.531231717268626,0.30972222222222223,0.2569444444444444,0.08472222222222223,0.0625,0.2861111111111111
339,720,0.045507397854090914,-0.10959696185294672,-0.1038047366042043,234,3.092699238386053e-05,0.051814544945955276,244017,4.5455542008082075,0.3416666666666667,0.25555555555555554,0.16111111111111112,0.12916666666666668,0.1125
340,720,0.04509328053361869,-0.3124741374215821,-0.2683654493421016,173,3.1417850576392286e-05,0.05159307271242142,244737,4.557345000902812,0.20833333333333334,0.21388888888888888,0.14583333333333334,0.19305555555555556,0.2388888888888889
341,720,0.04468293168076276,-0.09841323954898211,-0.09372568202799192,194,3.185159009717608e-05,0.05162154883146286,245457,4.579203196366628,0.42777777777777776,0.2263888888888889,0.12916666666666668,0.0875,0.12916666666666668
342,720,0.04427631700246782,-0.2858708985814164,-0.24864038872268168,287,3.263972237037807e-05,0.05147458612918854,246177,4.590389696756999,0.39166666666666666,0.19027777777777777,0.20833333333333334,0.15833333333333333,0.05138888888888889
343,720,0.043873402517745366,-0.0011375281349368942,-0.001136881395058964,171,3.1996001877764176e-05,0.05101221799850464,246897,4.603682847817739,0.5958333333333333,0.17083333333333334,0.12777777777777777,0.08194444444444444,0.02361111111111111
344,720,0.04347415455483388,-0.10168251610155478,-0.09668370547293659,205,2.903716334180394e-05,0.0504063218832016,247617,4.615705100695292,0.3736111111111111,0.19722222222222222,0.1388888888888889,0.09305555555555556,0.19722222222222222
345,720,0.043078539748384895,-0.01388843070567087,-0.013792431392430804,214,3.070773668822666e-05,0.0499420203268528,248337,4.628609816233317,0.35138888888888886,0.14166666666666666,0.19027777777777777,0.09861111111111111,0.21805555555555556
346,720,0.04268652503667459,-0.07501655921442824,-0.07227187624757492,194,2.908556201583047e-05,0.04956845939159393,249057,4.640788046518962,0.3638888888888889,0.20555555555555555,0.1597222222222222,0.18888888888888888,0.08194444444444444
347,720,0.04229807765884085,-0.15586327736624908,-0.1443238273262627,142,3.0568553134142143e-05,0.05027112364768982,249777,4.65313347975413,0.10555555555555556,0.2263888888888889,0.1,0.041666666666666664,0.5263888888888889
348,720,0.0419131651521454,0.06630820114516807,0.06855599660306755,186,3.0535741672110817e-05,0.050238918513059616,250497,4.663755281766256,0.11944444444444445,0.21944444444444444,0.28888888888888886,0.1125,0.25972222222222224
349,720,0.04153175534926088,-0.38467775657904346,-0.3193300577215372,162,2.8821377329930126e-05,0.050330694764852524,251217,4.677310216426849,0.2361111111111111,0.2708333333333333,0.125,0.06388888888888888,0.30416666666666664
350,720,0.04115381637558261,0.10242907474031898,0.10785872395557061,237,2.950158772768595e-05,0.05002029240131378,251937,4.693849349021912,0.3819444444444444,0.30277777777777776,0.15833333333333333,0.027777777777777776,0.12916666666666668
351,720,0.040779316646564805,0.1414302965718502,0.15192020867490363,228,3.0075001802742918e-05,0.04982474446296692,252657,4.717224764823913,0.3125,0.20555555555555555,0.2972222222222222,0.11944444444444445,0.06527777777777778
352,720,0.04040822486508106,0.005949596634090801,0.005967330636752477,227,2.989018201131128e-05,0.04913519322872162,253377,4.72869489590327,0.3347222222222222,0.2861111111111111,0.20555555555555555,0.09305555555555556,0.08055555555555556
353,720,0.040040510018808824,0.21270853997314207,0.23702405563207085,182,2.816629909274424e-05,0.04848671704530716,254097,4.741508368651072,0.45694444444444443,0.15,0.25,0.08611111111111111,0.05694444444444444
354,720,0.03967614137763766,-0.055957053794011516,-0.05442025591912658,175,3.091555881774689e-05,0.04789254069328308,254817,4.753754734992981,0.24027777777777778,0.20833333333333334,0.28888888888888886,0.15833333333333333,0.10416666666666667
355,720,0.03931508849110116,0.3371130979515852,0.40089749341621705,171,3.090151832591598e-05,0.04811050742864609,255537,4.764879151185354,0.5027777777777778,0.1111111111111111,0.18888888888888888,0.03888888888888889,0.15833333333333333
356,720,0.03895732118583214,-0.026950167896910876,-0.026590252629367317,146,3.132242500088169e-05,0.048387765884399414,256257,4.778915119171143,0.41388888888888886,0.08194444444444444,0.14583333333333334,0.11666666666666667,0.24166666666666667
357,720,0.03860280956304107,0.0030997683870132324,0.003104577636942496,209,3.136331213542892e-05,0.0487729050219059,256977,4.791205783685048,0.2902777777777778,0.4708333333333333,0.14166666666666666,0.058333333333333334,0.03888888888888889
358,720,0.038251523996017396,-0.03338258996321439,-0.03283154015015333,201,3.097561828124324e-05,0.04780307784676552,257697,4.8054542144139605,0.45555555555555555,0.15555555555555556,0.24861111111111112,0.10972222222222222,0.030555555555555555
359,720,0.03790343512765364,-0.23994170038549523,-0.213326277495547,201,2.9613182644854735e-05,0.04764415696263313,258417,4.818892649809519,0.5125,0.09027777777777778,0.17083333333333334,0.0375,0.18888888888888888
360,720,0.037558513867991986,-0.02673912575644275,-0.026384800473959524,195,2.9111320350870705e-05,0.048556357622146606,259137,4.834859800338745,0.3958333333333333,0.08055555555555556,0.3611111111111111,0.09722222222222222,0.06527777777777778
361,720,0.03721673139179326,-0.025008153408725683,-0.024698040039595304,167,2.923622897191712e-05,0.04810070991516113,259857,4.860270031293234,0.5819444444444445,0.14305555555555555,0.17222222222222222,0.06805555555555555,0.034722222222222224
362,720,0.03687805913612794,0.07930687234913864,0.08253647161402511,115,2.921057062571385e-05,0.047423675656318665,260577,4.873546997706096,0.2611111111111111,0.2791666666666667,0.15416666666666667,0.175,0.13055555555555556
363,720,0.036542468797989176,0.026137840371231746,0.026482429441461397,168,2.845267186254811e-05,0.046814173460006714,261297,4.885514080524445,0.3527777777777778,0.2722222222222222,0.24722222222222223,0.09166666666666666,0.03611111111111111
364,720,0.03620993233192747,0.007831823983890738,0.007862572938395651,123,2.9002474137642923e-05,0.04708939045667648,262017,4.897991065184275,0.35555555555555557,0.1486111111111111,0.19305555555555556,0.13055555555555556,0.17222222222222222
365,720,0.03588042194770693,-0.40504229702411404,-0.333051399679164,120,2.9350811382124044e-05,0.04716045781970024,262737,4.911641335487365,0.21944444444444444,0.2152777777777778,0.13333333333333333,0.0375,0.39444444444444443
366,720,0.0355539101079828,0.12998984680444983,0.1388168206360454,155,2.9305313672188682e-05,0.04716905578970909,263457,4.924977699915568,0.3597222222222222,0.33611111111111114,0.12916666666666668,0.12083333333333333,0.05416666666666667
367,720,0.03523036952600015,-0.023621743948316794,-0.023344934413068064,177,2.933696521646804e-05,0.0466330349445343,264177,4.936956246693929,0.49444444444444446,0.12777777777777777,0.2361111111111111,0.10416666666666667,0.0375
368,720,0.03490977316331355,-0.006675300824085303,-0.006653070495753033,195,2.831231511335217e-05,0.04718214273452759,264897,4.949273300170899,0.47638888888888886,0.20277777777777778,0.16527777777777777,0.08194444444444444,0.07361111111111111
369,720,0.0345920942275274,0.06131403231047247,0.06323275120408112,184,2.778014696850227e-05,0.0458926260471344,265617,4.961023596922557,0.31666666666666665,0.2722222222222222,0.22083333333333333,0.11527777777777778,0.075
370,720,0.0342773061700569,-0.05428506499873776,-0.05283793473896381,156,2.852784384496469e-05,0.046289168298244476,266337,4.9719491322835285,0.25833333333333336,0.23055555555555557,0.19166666666666668,0.22916666666666666,0.09027777777777778
371,720,0.03396538268390938,-0.031123278108571028,-0.030643934672432982,186,2.65460898169244e-05,0.0447816327214241,267057,4.9932969331741335,0.2652777777777778,0.09583333333333334,0.3013888888888889,0.20416666666666666,0.13333333333333333
372,720,0.03365629770148581,0.09035878006847145,0.0945669220608345,174,2.786960264858054e-05,0.04384579136967659,267777,5.004583732287089,0.5055555555555555,0.2361111111111111,0.16666666666666666,0.058333333333333334,0.03333333333333333
373,720,0.03335002539240229,-0.13494974716115368,-0.12624018050382202,220,2.615190109306948e-05,0.04333745688199997,268497,5.017544082800547,0.2777777777777778,0.23472222222222222,0.2625,0.05555555555555555,0.16944444444444445
374,720,0.03304654016133143,0.21826063893408063,0.24391123707055584,164,2.740142356919427e-05,0.04320717602968216,269217,5.031049946943919,0.22916666666666666,0.4097222222222222,0.23194444444444445,0.0625,0.06666666666666667
375,720,0.03274581664586331,-0.08929247926971617,-0.0854219606647939,127,2.675259945400891e-05,0.043023526668548584,269937,5.050715331236521,0.46805555555555556,0.1486111111111111,0.22361111111111112,0.0875,0.07222222222222222
376,720,0.03244782971438596,0.0730840046519082,0.07582090707970846,158,2.7386693553429116e-05,0.042638927698135376,270657,5.065945831934611,0.3888888888888889,0.19027777777777777,0.25277777777777777,0.07083333333333333,0.09722222222222222
377,720,0.032152554463985045,0.029353701820101386,0.029788768228515394,162,2.6844532630497673e-05,0.042727094143629074,271377,5.081982668240865,0.5736111111111111,0.1388888888888889,0.15833333333333333,0.09583333333333334,0.03333333333333333
378,720,0.03185996621836278,0.0017405534719914652,0.0017420691144114375,238,2.826259241525501e-05,0.04205477982759476,272097,5.097082996368409,0.4513888888888889,0.25,0.20277777777777778,0.05,0.04583333333333333
379,720,0.03157004052577568,0.08037806719047293,0.0836967004025786,180,2.810803201593141e-05,0.04213974252343178,272817,5.113039263089498,0.4111111111111111,0.25972222222222224,0.20833333333333334,0.08888888888888889,0.03194444444444444
380,720,0.031282753156991125,-0.04523493857298536,-0.044227092469441454,165,2.708649626710111e-05,0.04222634434700012,273537,5.128332316875458,0.275,0.3347222222222222,0.18611111111111112,0.13333333333333333,0.07083333333333333
381,720,0.030998080103262507,-0.004479183446261089,-0.0044691668650377325,136,2.7111460022095143e-05,0.04186324030160904,274257,5.1525547981262205,0.2986111111111111,0.1875,0.22777777777777777,0.1763888888888889,0.10972222222222222
382,720,0.030715997574322817,-0.1871111120480863,-0.17064841968699784,176,2.7310355671438124e-05,0.04141360521316528,274977,5.166458646456401,0.25,0.2986111111111111,0.15555555555555556,0.05277777777777778,0.24305555555555555
383,720,0.03043648199639648,0.17906212689328804,0.196095051529247,159,2.6508385387715963e-05,0.040821623057127,275697,5.182383131980896,0.19166666666666668,0.2611111111111111,0.29444444444444445,0.06527777777777778,0.1875
384,720,0.030159510010229273,0.037206262051357325,0.037907079604655,136,2.6833701267984602e-05,0.040172070264816284,276417,5.196226898829142,0.23333333333333334,0.26666666666666666,0.2152777777777778,0.13194444444444445,0.1527777777777778
385,720,0.029885058469136187,0.2063629406648121,0.22919924943917946,156,2.802317350124718e-05,0.039733558893203735,277137,5.21271409591039,0.1875,0.24444444444444444,0.49027777777777776,0.043055555555555555,0.034722222222222224
386,720,0.029613104437067047,0.07864550758933332,0.08182075684084977,196,2.7709626497577725e-05,0.04033876955509186,277857,5.227472817897796,0.4597222222222222,0.24722222222222223,0.2152777777777778,0.04027777777777778,0.0375
387,720,0.029343625186689738,0.06076643523959404,0.06265068744660507,151,2.7162447342258626e-05,0.041442882269620895,278577,5.2405381321907045,0.4888888888888889,0.26805555555555555,0.18888888888888888,0.0125,0.041666666666666664
388,720,0.029076598197490863,-0.1441327189115987,-0.13422716399461365,187,2.613974949099429e-05,0.04213739559054375,279297,5.256543850898742,0.2638888888888889,0.22361111111111112,0.225,0.09444444444444444,0.19305555555555556
389,720,0.028812001153893697,0.04912824225375073,0.05035504200111318,183,2.7332165872293343e-05,0.04248308017849922,280017,5.271513648827871,0.2847222222222222,0.2763888888888889,0.18611111111111112,0.030555555555555555,0.2222222222222222
390,720,0.028549811943393264,0.01244217076605593,0.01251989659758368,170,2.4664549766208035e-05,0.04197220131754875,280737,5.286772501468659,0.19722222222222222,0.2916666666666667,0.25416666666666665,0.22916666666666666,0.027777777777777776
391,720,0.028290008654708387,-0.06031419381232084,-0.05853131652529486,171,2.597164658545302e-05,0.041478198021650314,281457,5.311668745676676,0.20555555555555555,0.37916666666666665,0.28055555555555556,0.07777777777777778,0.05694444444444444
392,720,0.02803256957595054,-0.04780693182441109,-0.04668217535580543,144,2.410618756003815e-05,0.04132239893078804,282177,5.323493297894796,0.17916666666666667,0.3458333333333333,0.23333333333333334,0.15694444444444444,0.08472222222222223
393,720,0.02777747319280939,0.08111270305365181,0.08449311536518267,173,2.545365874387547e-05,0.04095350578427315,282897,5.335119648774465,0.2847222222222222,0.35555555555555557,0.24166666666666667,0.07083333333333333,0.04722222222222222
394,720,0.027524698186754824,0.32846566559436813,0.38883555466618813,157,2.476597495552192e-05,0.04089099168777466,283617,5.346909681955974,0.5444444444444444,0.13055555555555556,0.1388888888888889,0.07777777777777778,0.10833333333333334
395,720,0.027274223433255355,-0.08941105946842273,-0.08553040508062493,169,2.409268692910397e-05,0.04067111760377884,284337,5.358389349778493,0.38055555555555554,0.29444444444444445,0.18333333333333332,0.027777777777777776,0.11388888888888889
396,720,0.027026028000012733,0.09157496915232707,0.09589893222692303,185,2.4440963916403134e-05,0.040400825440883636,285057,5.372660080591838,0.4111111111111111,0.25416666666666665,0.1527777777777778,0.12222222222222222,0.059722222222222225
397,720,0.02678009114521262,-0.02956801673789539,-0.029135159663976395,179,2.3842398724127635e-05,0.040516674518585205,285777,5.384201264381408,0.3277777777777778,0.22777777777777777,0.19166666666666668,0.1486111111111111,0.10416666666666667
398,720,0.026536392315791184,0.16301571355830738,0.17705518526843544,152,2.5823816997040516e-05,0.040666207671165466,286497,5.395879483222961,0.32916666666666666,0.15833333333333333,0.36527777777777776,0.12638888888888888,0.020833333333333332
399,720,0.026294911145717484,-0.1875739130518606,-0.17103215562731022,142,2.3908254151984288e-05,0.04018338769674301,287217,5.407867515087128,0.32083333333333336,0.2652777777777778,0.20416666666666666,0.15,0.059722222222222225
400,720,0.026055627454291456,0.022270951793031724,0.02252080078409424,211,2.3791814709284153e-05,0.04098412021994591,287937,5.419569432735443,0.4361111111111111,0.2111111111111111,0.16805555555555557,0.05138888888888889,0.13333333333333333
401,720,0.025818521244457403,0.09330880678684764,0.09780069123349722,155,2.4748768709691327e-05,0.04078194126486778,288657,5.444056312243144,0.36944444444444446,0.12777777777777777,0.2125,0.1125,0.17777777777777778
402,720,0.02558357270113284,-0.08945470016601051,-0.08557031230087198,199,2.4583603570565375e-05,0.040188662707805634,289377,5.459105416138967,0.30833333333333335,0.24722222222222223,0.16944444444444445,0.1486111111111111,0.12638888888888888
403,720,0.025350762189552532,0.3043798512087903,0.35578395446505695,167,2.349563400545978e-05,0.039497606456279755,290097,5.473763163884481,0.2777777777777778,0.2263888888888889,0.2361111111111111,0.15138888888888888,0.10833333333333334
404,720,0.025120070253627603,0.030691025838164833,0.03116685074784531,162,2.4338979117841417e-05,0.0395658016204834,290817,5.4869451006253565,0.25416666666666665,0.20694444444444443,0.1638888888888889,0.19444444444444445,0.18055555555555555
405,720,0.02489147761431959,0.007298882600859983,0.007325584369295646,172,2.3145756766654004e-05,0.039671629667282104,291537,5.499647517999013,0.25833333333333336,0.15694444444444444,0.2388888888888889,0.10833333333333334,0.2375
406,720,0.024664965168029282,0.2671263047699525,0.3062054158867744,142,2.4250710896467354e-05,0.04006749764084816,292257,5.513603667418162,0.30277777777777776,0.14583333333333334,0.25972222222222224,0.15,0.14166666666666666
407,720,0.024440513985000214,0.1405076443667996,0.1508578771109692,120,2.3865387002943963e-05,0.04034873843193054,292977,5.527165381113688,0.44305555555555554,0.12638888888888888,0.19166666666666668,0.11388888888888889,0.125
408,720,0.02421810530773671,0.11047640420865398,0.1168099967255618,115,2.339207504115216e-05,0.03958719223737717,293697,5.544542447725932,0.2111111111111111,0.17222222222222222,0.24305555555555555,0.06666666666666667,0.30694444444444446
409,720,0.023997720549436306,-0.01474723665480623,-0.014639028735981996,162,2.4853707320618116e-05,0.03890252858400345,294417,5.557732081413269,0.39444444444444443,0.24305555555555555,0.09722222222222222,0.1986111111111111,0.06666666666666667
410,720,0.023779341292436435,0.18293195298296386,0.20073269902240654,166,2.432679262432834e-05,0.039117492735385895,295137,5.571093312899271,0.2763888888888889,0.2722222222222222,0.22083333333333333,0.12222222222222222,0.10833333333333334
411,720,0.023562949286675263,-0.1391770615620892,-0.12992604183547485,129,2.473784491977919e-05,0.03844586759805679,295857,5.5918200492858885,0.28194444444444444,0.17916666666666667,0.20972222222222223,0.2,0.12916666666666668
412,720,0.02334852644816652,0.10846345291499597,0.11456417372237548,143,2.5283074177195885e-05,0.03831486403942108,296577,5.605375428994496,0.3625,0.25,0.24305555555555555,0.03888888888888889,0.10555555555555556
413,720,0.023136054857488205,-0.014150891250229112,-0.014051238003186306,127,2.425314061156314e-05,0.038384124636650085,297297,5.617743682861328,0.4236111111111111,0.13194444444444445,0.13472222222222222,0.019444444444444445,0.2902777777777778
414,720,0.022925516758285063,-0.015175948805903644,-0.015061374418746998,210,2.473489247639312e-05,0.037961892783641815,298017,5.631331984202067,0.39444444444444443,0.18055555555555555,0.15,0.11805555555555555,0.15694444444444444
415,720,0.02271689455578467,-0.10997123936318151,-0.10414009957274672,191,2.561257936059115e-05,0.039155248552560806,298737,5.643972746531168,0.43472222222222223,0.08611111111111111,0.1,0.06805555555555555,0.3111111111111111
416,720,0.022510170815327028,-0.21115736363113935,-0.19035335208047166,196,2.3793923263484532e-05,0.03965908661484718,299457,5.655246166388194,0.30833333333333335,0.43194444444444446,0.08333333333333333,0.07361111111111111,0.10277777777777777
417,720,0.022305328260907552,0.2099606871286885,0.23362956148324865,112,2.4237020961158528e-05,0.039875902235507965,300177,5.666670914491018,0.3388888888888889,0.18055555555555555,0.17777777777777778,0.04027777777777778,0.2625
418,720,0.022102349773733293,-0.38131528561108813,-0.3170374725864248,151,2.435095353676944e-05,0.04013745114207268,300897,5.677462430795034,0.3125,0.19722222222222222,0.25416666666666665,0.034722222222222224,0.2013888888888889
419,720,0.02190121839079232,0.024248469995525934,0.02454485492242342,162,2.3839054859485664e-05,0.039770305156707764,301617,5.690781799952189,0.49027777777777776,0.075,0.31666666666666665,0.025,0.09305555555555556
420,720,0.021701917303436107,-0.006869284992826676,-0.006845745385601676,163,2.6051080350776426e-05,0.040367260575294495,302337,5.703405451774597,0.3402777777777778,0.125,0.13472222222222222,0.30277777777777776,0.09722222222222222
421,720,0.021504429855974838,-0.0710333321074691,-0.0685691549428652,189,2.6468731395349702e-05,0.04055998846888542,303057,5.730360416571299,0.3486111111111111,0.2722222222222222,0.19583333333333333,0.11388888888888889,0.06944444444444445
422,720,0.021308739544285468,0.027485941296802596,0.027867164526280686,157,2.4780974934578303e-05,0.04051002487540245,303777,5.746906216939291,0.19722222222222222,0.13055555555555556,0.28194444444444444,0.18472222222222223,0.20555555555555555
423,720,0.02111483001443247,-0.05101609158331653,-0.04973662083294017,188,2.5398526457188888e-05,0.04023710638284683,304497,5.762449963887533,0.35555555555555557,0.18055555555555555,0.22777777777777777,0.08055555555555556,0.15555555555555556
424,720,0.020922685061301134,-0.0831964146278819,-0.07982960545615858,212,2.5567012456425195e-05,0.040349047631025314,305217,5.780754133065542,0.3819444444444444,0.09583333333333334,0.13194444444444445,0.125,0.2652777777777778
425,720,0.020732288627243294,0.041746092257295364,0.042629713382194234,166,2.4958080184155228e-05,0.040662702172994614,305937,5.791630617777506,0.27361111111111114,0.19305555555555556,0.30694444444444446,0.03194444444444444,0.19444444444444445
426,720,0.02054362480073538,0.0881569780111413,0.09215955360692685,171,2.427282175858636e-05,0.040913522243499756,306657,5.801745533943176,0.2763888888888889,0.10416666666666667,0.3388888888888889,0.14444444444444443,0.1361111111111111
427,720,0.02035667781504869,-0.09063888759907097,-0.08665252754615049,151,2.5632851993704108e-05,0.04140089452266693,307377,5.813993465900421,0.43472222222222223,0.08611111111111111,0.17916666666666667,0.07222222222222222,0.22777777777777777
428,720,0.020171432046931746,0.22524612885379205,0.2526309868821759,212,2.499645952790767e-05,0.040822409093379974,308097,5.824833965301513,0.4513888888888889,0.1597222222222222,0.15555555555555556,0.03333333333333333,0.2
429,720,0.019987872015304668,0.0372591707991652,0.03796199542133216,175,2.553766039707423e-05,0.040893904864788055,308817,5.835419634977977,0.33055555555555555,0.15138888888888888,0.17222222222222222,0.04027777777777778,0.3055555555555556
430,720,0.019805982379965396,0.09261113004724086,0.09703504834317256,220,2.4622468776493e-05,0.04062420129776001,309537,5.846597663561503,0.48333333333333334,0.22916666666666666,0.11527777777777778,0.043055555555555555,0.12916666666666668
431,720,0.01962574794030771,-0.01835250803712624,-0.018185126283918884,308,2.4958537989050455e-05,0.040993109345436096,310257,5.867714965343476,0.42777777777777776,0.10694444444444444,0.11388888888888889,0.08055555555555556,0.2708333333333333
432,720,0.01944715363405091,0.08088006543619285,0.08424085081492172,122,2.7010964031306786e-05,0.040869344025850296,310977,5.878932782014211,0.4527777777777778,0.09444444444444444,0.3416666666666667,0.027777777777777776,0.08333333333333333
433,720,0.019270184535981047,-0.3354895948734988,-0.2850120537869335,185,2.3922700505510066e-05,0.04076288267970085,311697,5.890799383322398,0.20972222222222223,0.1638888888888889,0.21666666666666667,0.16111111111111112,0.24861111111111112
434,720,0.01909482585670362,0.1026670957605527,0.10812244900412771,207,2.6794922164046714e-05,0.04082225635647774,312417,5.904003115495046,0.4041666666666667,0.16666666666666666,0.17916666666666667,0.04583333333333333,0.20416666666666666
435,720,0.018921062941407617,-0.23856425636370918,-0.21224193183811657,201,2.4874074485599826e-05,0.04018552601337433,313137,5.915608084201812,0.2986111111111111,0.25833333333333336,0.11944444444444445,0.043055555555555555,0.28055555555555556
436,720,0.01874888126864081,0.03374590481415679,0.03432175715602037,175,2.6043287094681647e-05,0.04035035893321037,313857,5.927637068430583,0.15138888888888888,0.0875,0.3,0.11666666666666667,0.34444444444444444
437,720,0.018578266449096176,0.035484100327341735,0.036121174009600354,218,2.5721163415129115e-05,0.04105034098029137,314577,5.938742530345917,0.40694444444444444,0.08055555555555556,0.15833333333333333,0.11805555555555555,0.2361111111111111
438,720,0.018409204224409403,-0.11110617714185586,-0.10515626806505929,194,2.6467649445294227e-05,0.04094032198190689,315297,5.949095229307811,0.3638888888888889,0.0375,0.09722222222222222,0.08611111111111111,0.4152777777777778
439,720,0.01824168046596728,-0.15960742666587177,-0.14752161643323525,198,2.597663527505271e-05,0.04006234183907509,316017,5.959362280368805,0.30694444444444446,0.06805555555555555,0.1388888888888889,0.030555555555555555,0.45555555555555555
440,720,0.018075681173726977,0.005338468535611873,0.00535274354969939,164,2.758496432306856e-05,0.04111267253756523,316737,5.970997051397959,0.3125,0.175,0.24444444444444444,0.1361111111111111,0.13194444444444445
441,720,0.01791119247504606,-0.2243666002481527,-0.20097784105153405,151,2.6532867135150203e-05,0.040213100612163544,317457,5.991144065062205,0.46805555555555556,0.13472222222222222,0.12222222222222222,0.15694444444444444,0.11805555555555555
442,720,0.01774820062352314,-0.12447509705283663,-0.11703975059495775,157,2.763472298220727e-05,0.03985317423939705,318177,6.0008775671323145,0.3486111111111111,0.1388888888888889,0.22916666666666666,0.15138888888888888,0.13194444444444445
443,720,0.017586691997849083,-0.13295765935260084,-0.12449783934770331,153,2.6224136838158705e-05,0.039832182228565216,318897,6.010126729806264,0.41805555555555557,0.2569444444444444,0.11805555555555555,0.04027777777777778,0.16666666666666666
444,720,0.017426653100668658,-0.13085958681028728,-0.12265904401522376,108,2.633245738429145e-05,0.03944773226976395,319617,6.022161964575449,0.36944444444444446,0.1875,0.0763888888888889,0.08611111111111111,0.28055555555555556
445,720,0.017268070557452574,0.08314508243802449,0.08669945811865376,150,2.5595433598053002e-05,0.03885987773537636,320337,6.03679024775823,0.3236111111111111,0.19583333333333333,0.19027777777777777,0.09722222222222222,0.19305555555555556
446,720,0.017110931115379754,-0.05444480271755588,-0.052989220163305206,157,2.658091769123732e-05,0.038779936730861664,321057,6.0472886800765995,0.20833333333333334,0.1486111111111111,0.30833333333333335,0.08888888888888889,0.24583333333333332
447,720,0.016955221642229797,0.000939817569886715,0.0009402593368028622,202,2.6578862411952285e-05,0.03883755952119827,321777,6.060025882720947,0.20555555555555555,0.29444444444444445,0.27361111111111114,0.15694444444444444,0.06944444444444445
448,720,0.016800929125285507,0.17033921259110055,0.18570698985159795,226,2.7694452829665454e-05,0.03892107680439949,322497,6.071224784851074,0.25277777777777777,0.12083333333333333,0.3458333333333333,0.15,0.13055555555555556
449,720,0.016648040670245407,-0.21382998617629612,-0.19251434292257674,142,2.629899993470038e-05,0.03900415822863579,323217,6.081036865711212,0.25555555555555554,0.11527777777777778,0.2916666666666667,0.16944444444444445,0.16805555555555557
450,720,0.016496543500146173,0.05579108407200737,0.05737675781334284,138,2.7470281068215424e-05,0.03860907256603241,323937,6.092024767398835,0.4625,0.125,0.10277777777777777,0.04722222222222222,0.2625
451,720,0.016346424954294843,0.35384154353861896,0.42452944270045556,142,2.793983736827007e-05,0.03810654580593109,324657,6.111477847894033,0.3402777777777778,0.10277777777777777,0.0763888888888889,0.08055555555555556,0.4
452,720,0.01619767248721076,-0.013562168011059469,-0.0134706161583511,93,2.72938666771299e-05,0.03837092965841293,325377,6.12147898276647,0.4222222222222222,0.08611111111111111,0.25,0.17222222222222222,0.06944444444444445
453,720,0.016050273667577143,0.0857053489221913,0.08948526299933346,154,2.8346274991817053e-05,0.03831620514392853,326097,6.131036182244618,0.17916666666666667,0.29583333333333334,0.2513888888888889,0.0625,0.2111111111111111
454,720,0.015904216177202193,-0.15574376423669703,-0.14422155667776215,116,2.829903173733328e-05,0.037645064294338226,326817,6.139995714028676,0.31805555555555554,0.07222222222222222,0.12916666666666668,0.17777777777777778,0.30277777777777776
455,720,0.015759487809989654,-0.028620547220639194,-0.02821485891277531,116,2.6516045558208944e-05,0.03802795708179474,327537,6.150064730644226,0.16944444444444445,0.13333333333333333,0.35555555555555557,0.10277777777777777,0.2388888888888889
456,720,0.015616076470918748,0.14212522692118384,0.15272099119973248,182,2.7501922717318747e-05,0.037846170365810394,328257,6.159716018040975,0.21805555555555556,0.10277777777777777,0.2638888888888889,0.22361111111111112,0.19166666666666668
457,720,0.015473970175033387,-0.0536241749355439,-0.0522117578475485,138,2.8416625848295653e-05,0.038022011518478394,328977,6.169764963785807,0.2875,0.1736111111111111,0.20277777777777778,0.1625,0.1736111111111111
458,720,0.015333157046440584,-0.053238180466712116,-0.0518458462130611,128,2.7347019588811843e-05,0.03768952190876007,329697,6.179235649108887,0.48194444444444445,0.10138888888888889,0.2,0.1125,0.10416666666666667
459,720,0.015193625317317975,-0.04351574444024503,-0.0425825200300054,80,2.9135857282527568e-05,0.03708266466856003,330417,6.1930118799209595,0.4930555555555556,0.06111111111111111,0.1527777777777778,0.02638888888888889,0.26666666666666666
460,720,0.01505536332693038,0.022830176742307834,0.023092779844620548,138,2.837582288748308e-05,0.03703289479017258,331137,6.211073116461436,0.4361111111111111,0.10694444444444444,0.21666666666666667,0.08472222222222223,0.15555555555555556
461,720,0.014918359520655315,0.17944000609055144,0.1965471163747401,138,2.8837821212669547e-05,0.03684743866324425,331857,6.234742466608683,0.5708333333333333,0.09027777777777778,0.1375,0.08194444444444444,0.11944444444444445
462,720,0.014782602449017352,-0.01022521787485851,-0.010173118063084519,130,2.876137655663216e-05,0.03666757419705391,332577,6.249016880989075,0.5166666666666667,0.05555555555555555,0.09861111111111111,0.0763888888888889,0.25277777777777777
463,720,0.014648080766731294,-0.20651904004387653,-0.18658922606730444,130,3.125861216959594e-05,0.03707131743431091,333297,6.263124064604441,0.39444444444444443,0.12361111111111112,0.2152777777777778,0.04861111111111111,0.21805555555555556
464,720,0.01451478323175404,0.15298992468588712,0.1653132379866762,111,3.0479882595576177e-05,0.036669135093688965,334017,6.278765364487966,0.5125,0.18472222222222223,0.1736111111111111,0.016666666666666666,0.1125
465,720,0.014382698704345078,0.01128174727559151,0.011345626182267754,91,3.069606121989131e-05,0.03688398003578186,334737,6.291090035438538,0.5569444444444445,0.059722222222222225,0.13194444444444445,0.10416666666666667,0.14722222222222223
466,720,0.014251816146135538,-0.052343279089443244,-0.05099696197779191,155,3.0020360137288864e-05,0.03622324764728546,335457,6.3022465666135155,0.2513888888888889,0.18611111111111112,0.2111111111111111,0.10416666666666667,0.24722222222222223
467,720,0.014122124619205706,0.19350719067341612,0.2134981123887456,108,3.042669072215176e-05,0.03707807511091232,336177,6.315218663215637,0.45694444444444443,0.09861111111111111,0.1361111111111111,0.12083333333333333,0.1875
468,720,0.013993613285170934,-0.007788089464970295,-0.0077578408733985915,138,3.077686914707556e-05,0.037384528666734695,336897,6.326498281955719,0.4486111111111111,0.09861111111111111,0.2125,0.11527777777777778,0.125
469,720,0.013866271404275878,0.051358548814635835,0.05270027005915923,162,2.8634873985487908e-05,0.036771055310964584,337617,6.337560530503591,0.5013888888888889,0.13472222222222222,0.22361111111111112,0.011111111111111112,0.12916666666666668
470,720,0.013740088334496968,-0.07597055756371984,-0.07315650531180184,133,3.078079737785326e-05,0.036758143454790115,338337,6.348707548777262,0.4222222222222222,0.25972222222222224,0.2,0.04027777777777778,0.07777777777777778
471,720,0.013615053530653046,0.14678067001819584,0.15809992913586468,196,2.95617460513616e-05,0.036947399377822876,339057,6.371123433113098,0.3055555555555556,0.2013888888888889,0.26944444444444443,0.004166666666666667,0.21944444444444444
472,720,0.013491156543524103,-0.06146642868219124,-0.05961548484306578,140,3.155339824161274e-05,0.036829594522714615,339777,6.382357617219289,0.20694444444444443,0.30833333333333335,0.35555555555555557,0.04861111111111111,0.08055555555555556
473,720,0.013368387018978033,-0.216703931916775,-0.19483168133977857,224,3.0125171394325257e-05,0.03678363189101219,340497,6.393503665924072,0.2916666666666667,0.13333333333333333,0.24444444444444444,0.06944444444444445,0.2611111111111111
474,720,0.013246734697105333,0.03179689664842899,0.03230781883396716,125,2.7837394528912935e-05,0.03662968799471855,341217,6.405351666609446,0.49027777777777776,0.16111111111111112,0.20555555555555555,0.041666666666666664,0.10138888888888889
475,720,0.013126189411361674,-0.013503944330811023,-0.013413175114752263,116,2.974606055343227e-05,0.03611578047275543,341937,6.4176034490267435,0.3277777777777778,0.21666666666666667,0.3638888888888889,0.06666666666666667,0.025
476,720,0.013006741087718283,-0.08798473079303612,-0.08422514022756311,188,2.823023744250956e-05,0.03566554933786392,342657,6.430535082022349,0.125,0.24722222222222223,0.2847222222222222,0.15555555555555556,0.1875
477,720,0.012888379743820046,0.13130524647598815,0.14031580557386292,155,2.8379029281369285e-05,0.035518139600753784,343377,6.443618516127269,0.19166666666666668,0.18333333333333332,0.35694444444444445,0.1638888888888889,0.10416666666666667
478,720,0.012771095488151283,-0.1790389207687331,-0.1639266418540415,127,2.8700616878217666e-05,0.03575488179922104,344097,6.459298900763193,0.4847222222222222,0.1111111111111111,0.1638888888888889,0.025,0.2152777777777778
479,720,0.012654878519209106,-0.010403223111265564,-0.010349296750376213,154,2.904835383914259e-05,0.036468811333179474,344817,6.471890548865001,0.28888888888888886,0.11388888888888889,0.11666666666666667,0.075,0.40555555555555556
480,720,0.012539719124684302,-0.01724383216632705,-0.017096008195925494,103,3.257779251081653e-05,0.03653770685195923,345537,6.486944031715393,0.18333333333333332,0.06666666666666667,0.19583333333333333,0.14166666666666666,0.4125
481,720,0.012425607680649675,-0.118285028584344,-0.11155721506719185,162,2.9834987609294532e-05,0.0363897979259491,346257,6.510472349325815,0.25833333333333336,0.18611111111111112,0.2722222222222222,0.12083333333333333,0.1625
482,720,0.012312534650755763,0.11277004047984532,0.11937449252811017,158,3.0550765745829264e-05,0.03641001880168915,346977,6.527210080623627,0.10555555555555556,0.29305555555555557,0.25833333333333336,0.1388888888888889,0.20416666666666666
483,720,0.012200490585433887,-0.0722424905883157,-0.06969472181698577,124,3.051567246201456e-05,0.03652725741267204,347697,6.547027949492136,0.3458333333333333,0.225,0.3125,0.02361111111111111,0.09305555555555556
484,720,0.01208946612110644,-0.15725579860143404,-0.14551454532469055,135,3.135421436897761e-05,0.037164803594350815,348417,6.567945965131124,0.49027777777777776,0.15,0.11388888888888889,0.03888888888888889,0.20694444444444443
485,720,0.01197945197940437,-0.05981649354898889,-0.0580626306907529,161,2.9481518700751822e-05,0.03625117987394333,349137,6.584521500269572,0.19444444444444445,0.13055555555555556,0.1986111111111111,0.19444444444444445,0.28194444444444444
486,720,0.01187043896639179,0.06907261978312214,0.07151401943873248,137,2.9305785195927254e-05,0.035971127450466156,349857,6.597181749343872,0.3763888888888889,0.11944444444444445,0.175,0.07361111111111111,0.25555555555555554
487,720,0.011762417971797624,0.188668612803673,0.20764068950328807,121,3.056614815035472e-05,0.036168117076158524,350577,6.614893865585327,0.44027777777777777,0.09861111111111111,0.32222222222222224,0.05555555555555555,0.08333333333333333
488,720,0.011655379968254265,0.10146046173264764,0.10678615711983674,114,2.876306559819063e-05,0.03563205897808075,351297,6.627674766381582,0.30972222222222223,0.16666666666666666,0.20694444444444443,0.14305555555555555,0.1736111111111111
489,720,0.011549316010543152,0.015679521726743386,0.01580309041543737,135,2.993099728125041e-05,0.035516396164894104,352017,6.637934501965841,0.46111111111111114,0.17083333333333334,0.16111111111111112,0.0763888888888889,0.13055555555555556
490,720,0.011444217234847209,-0.14869133472812573,-0.13816490758905664,161,3.094715517148769e-05,0.03511154651641846,352737,6.649471219380697,0.4861111111111111,0.11805555555555555,0.2125,0.10416666666666667,0.07916666666666666
491,720,0.011340074858010099,0.04259407292558946,0.04351421819181933,165,2.8345810862144086e-05,0.03444747254252434,353457,6.6708246986071265,0.2111111111111111,0.22361111111111112,0.35138888888888886,0.10416666666666667,0.10972222222222222
492,720,0.011236880176802208,-0.15893421337427663,-0.14694752343278317,171,3.0426940494029017e-05,0.03436225652694702,354177,6.696099249521891,0.3333333333333333,0.22777777777777777,0.15555555555555556,0.07361111111111111,0.20972222222222223
493,720,0.011134624567193307,0.049372079342680696,0.05061118874466497,132,3.102340994840031e-05,0.03518383577466011,354897,6.7084122021993,0.46111111111111114,0.15138888888888888,0.23472222222222222,0.07916666666666666,0.07361111111111111
494,720,0.011033299483631848,0.013897293003839243,0.013994309280504602,183,3.0286678419441966e-05,0.03492090478539467,355617,6.719251449902853,0.2263888888888889,0.14583333333333334,0.3402777777777778,0.16944444444444445,0.11805555555555555
495,720,0.010932896458330798,0.0010268778960767662,0.0010274053157015572,186,3.1550792207073956e-05,0.03486064076423645,356337,6.737503298123678,0.225,0.17222222222222222,0.3236111111111111,0.20416666666666666,0.075
496,720,0.010833407100559987,0.06966145841823866,0.07214515409144373,165,3.0363389640165727e-05,0.03476347401738167,357057,6.754792618751526,0.2847222222222222,0.09444444444444444,0.16666666666666666,0.25,0.20416666666666666
497,720,0.010734823095944892,0.17074866119663137,0.18619257532952305,145,3.0103137050395568e-05,0.034720808267593384,357777,6.768332215150197,0.55,0.05277777777777778,0.22916666666666666,0.07777777777777778,0.09027777777777778
498,720,0.010637136205771794,-0.15963812005206587,-0.1475477814799363,149,3.19331820631103e-05,0.034859828650951385,358497,6.780547082424164,0.33194444444444443,0.0875,0.3125,0.1375,0.13055555555555556
499,720,0.01054033826629927,0.09676220788334321,0.10159839106043589,142,2.9764179836888614e-05,0.03476730361580849,359217,6.793130950133006,0.0763888888888889,0.23472222222222222,0.3194444444444444,0.3486111111111111,0.020833333333333332
500,720,0.010444421188075948,0.031566035668948694,0.03206952674701857,166,3.080384479466779e-05,0.034573640674352646,359937,6.806439499060313,0.28194444444444444,0.2833333333333333,0.2791666666666667,0.11527777777777778,0.04027777777777778
501,720,0.010349376955264456,0.18737339356526367,0.20607754257667077,130,3.0784992317320655e-05,0.03471636772155762,360657,6.827663548787435,0.4777777777777778,0.05277777777777778,0.18055555555555555,0.15555555555555556,0.13333333333333333
502,720,0.01025519762497155,-0.08171948899825615,-0.07846957813445266,102,3.100726888444822e-05,0.034469958394765854,361377,6.838976085186005,0.2847222222222222,0.1638888888888889,0.3527777777777778,0.11666666666666667,0.08194444444444444
503,720,0.010161875326584309,-0.02329748780094039,-0.023028196654879207,133,3.103230664641564e-05,0.03425503149628639,362097,6.850881230831146,0.4875,0.16805555555555557,0.18055555555555555,0.05277777777777778,0.1111111111111111
504,720,0.010069402261112392,0.04558804341000832,0.046643150589506854,164,3.0272940948508323e-05,0.035754088312387466,362817,6.864421514670054,0.3472222222222222,0.16944444444444445,0.2013888888888889,0.10138888888888889,0.18055555555555555
505,720,0.01,-0.156528300187966,-0.14489268233734265,181,2.9960363850831427e-05,0.03540147840976715,363537,6.88847105105718,0.22777777777777777,0.2111111111111111,0.37777777777777777,0.14166666666666666,0.041666666666666664
506,720,0.01,0.04942691418020704,0.05066880041805599,160,2.9872667768257896e-05,0.03533722460269928,364257,6.906037549177806,0.37083333333333335,0.20277777777777778,0.20277777777777778,0.14305555555555555,0.08055555555555556
507,720,0.01,-0.014843290178667555,-0.014733671584082675,189,2.8769729724192278e-05,0.035333096981048584,364977,6.920709749062856,0.20555555555555555,0.16805555555555557,0.2986111111111111,0.21944444444444444,0.10833333333333334
508,720,0.01,-0.047366767204759866,-0.046262466214333386,148,2.765651168867104e-05,0.03532187268137932,365697,6.9374921480814615,0.11805555555555555,0.175,0.2722222222222222,0.26666666666666666,0.16805555555555557
509,720,0.01,0.17059868083381838,0.18601468307721603,150,2.8606431243992525e-05,0.035287268459796906,366417,6.950559218724568,0.6347222222222222,0.10277777777777777,0.13055555555555556,0.0375,0.09444444444444444
510,720,0.01,0.07938420888047913,0.08262019446716518,144,2.837391381326092e-05,0.034949760884046555,367137,6.963242812951406,0.4625,0.1,0.1875,0.1125,0.1375
511,720,0.01,-0.13067029348849457,-0.1224929535119047,220,2.8092479167046097e-05,0.03557971864938736,367857,6.983375465869903,0.2875,0.1638888888888889,0.19166666666666668,0.06805555555555555,0.28888888888888886
512,720,0.01,0.17863098809809372,0.19557947969928313,213,2.8609212034780284e-05,0.03488030284643173,368577,6.994736651579539,0.4652777777777778,0.16944444444444445,0.14722222222222223,0.027777777777777776,0.19027777777777777
513,720,0.01,0.04419352301071621,0.0451846025890672,206,2.9414216361247884e-05,0.03508536517620087,369297,7.005175769329071,0.325,0.2722222222222222,0.1361111111111111,0.18472222222222223,0.08194444444444444
514,720,0.01,-0.10653299515503115,-0.10105461317050912,164,2.9090319845358357e-05,0.034964125603437424,370017,7.016644382476807,0.2861111111111111,0.12222222222222222,0.25416666666666665,0.12777777777777777,0.20972222222222223
515,720,0.01,0.019846785041451702,0.020045041894644067,140,2.8270209587491184e-05,0.03562512248754501,370737,7.0260837316513065,0.39861111111111114,0.10277777777777777,0.2375,0.17916666666666667,0.08194444444444444
516,720,0.01,-0.03871450679010922,-0.03797467835842894,280,2.9016494452902306e-05,0.036105796694755554,371457,7.0398300329844155,0.2,0.15,0.20694444444444443,0.20555555555555555,0.2375
517,720,0.01,-0.01969659242692988,-0.019503881871427264,243,2.940264238620532e-05,0.03692257031798363,372177,7.053291197617849,0.24166666666666667,0.30277777777777776,0.2013888888888889,0.10138888888888889,0.1527777777777778
518,720,0.01,-0.06929320805436706,-0.06694693870617818,248,2.929144684521311e-05,0.03837699443101883,372897,7.066040118535359,0.1375,0.13333333333333333,0.2708333333333333,0.2861111111111111,0.17222222222222222
519,720,0.01,0.16675708886814344,0.18146723890456662,160,2.763617412395231e-05,0.03820088505744934,373617,7.079189916451772,0.24305555555555555,0.16111111111111112,0.2263888888888889,0.13472222222222222,0.23472222222222222
520,720,0.01,0.019898090662636,0.02009737728169192,153,2.8936863227121042e-05,0.038358867168426514,374337,7.0970114668210345,0.49583333333333335,0.23472222222222222,0.15416666666666667,0.059722222222222225,0.05555555555555555
521,720,0.01,0.02846194084506932,0.028870852134189162,189,2.785122142338676e-05,0.03894827514886856,375057,7.123433399200439,0.07083333333333333,0.20277777777777778,0.20694444444444443,0.3347222222222222,0.18472222222222223
522,720,0.01,0.012954113412705146,0.013038381419155254,264,2.8611773003856594e-05,0.038993485271930695,375777,7.135923067728679,0.14027777777777778,0.16111111111111112,0.21666666666666667,0.28194444444444444,0.2
523,720,0.01,0.20940332004352138,0.2329421685532762,230,2.9302853234488188e-05,0.03909183293581009,376497,7.150177117188772,0.2708333333333333,0.18055555555555555,0.16944444444444445,0.13055555555555556,0.24861111111111112
524,720,0.01,0.04442966612808304,0.04543144488325224,145,2.7650671548447765e-05,0.038695260882377625,377217,7.171698113282521,0.425,0.1597222222222222,0.20833333333333334,0.10416666666666667,0.10277777777777777
525,720,0.01,-0.1624709932892383,-0.14995925324612802,174,2.8949936525022067e-05,0.039081186056137085,377937,7.191241029898325,0.30694444444444446,0.2513888888888889,0.18611111111111112,0.10138888888888889,0.15416666666666667
526,720,0.01,-0.06033118538663788,-0.05854731342449038,278,2.674732010127122e-05,0.03943357244133949,378657,7.21201868057251,0.2777777777777778,0.16527777777777777,0.06388888888888888,0.1486111111111111,0.34444444444444444
527,720,0.01,-0.07283723580420641,-0.07024785192845162,203,2.6099351333641608e-05,0.04031631723046303,379377,7.23531563282013,0.09305555555555556,0.12083333333333333,0.10138888888888889,0.20972222222222223,0.475
528,720,0.01,0.0732741184940621,0.07602545496889745,187,2.6097279403656e-05,0.03936634212732315,380097,7.261350464820862,0.22916666666666666,0.1875,0.1763888888888889,0.2375,0.16944444444444445
529,720,0.01,-0.09027910289919476,-0.086323859978655,247,2.7322633045893477e-05,0.03955988585948944,380817,7.280293095111847,0.17222222222222222,0.18333333333333332,0.25555555555555554,0.15,0.2388888888888889
530,720,0.01,-0.02002061147103648,-0.019821529821601458,248,3.0092380313817557e-05,0.03924456611275673,381537,7.3034562508265175,0.22361111111111112,0.13472222222222222,0.14305555555555555,0.31666666666666665,0.18194444444444444
531,720,0.01,-0.26220288811814657,-0.23064508509907122,210,2.7461142541243237e-05,0.03913301229476929,382257,7.349237235387166,0.2875,0.05277777777777778,0.1111111111111111,0.20555555555555555,0.34305555555555556
532,720,0.01,-0.13808387716465886,-0.1289743704784343,228,2.6462077091259237e-05,0.03912169113755226,382977,7.373187681039174,0.23472222222222222,0.06666666666666667,0.14027777777777778,0.2611111111111111,0.2972222222222222
533,720,0.01,0.040641280690933305,0.04147844010253876,279,2.7648648800651347e-05,0.038514867424964905,383697,7.392021997769674,0.3402777777777778,0.12916666666666668,0.19722222222222222,0.16666666666666666,0.16666666666666666
534,720,0.01,-0.10328380053220823,-0.0981290143072231,247,2.8421497574350318e-05,0.038484543561935425,384417,7.408614365259806,0.31527777777777777,0.1375,0.19166666666666668,0.15833333333333333,0.19722222222222222
535,720,0.01,-0.027606159881721673,-0.02722859222585794,207,2.8037301319727703e-05,0.03929317742586136,385137,7.42603303194046,0.47638888888888886,0.10416666666666667,0.10972222222222222,0.11527777777777778,0.19444444444444445
536,720,0.01,-0.15858016550289777,-0.14664544854795203,275,2.7171542255170302e-05,0.039258573204278946,385857,7.444163250923157,0.17222222222222222,0.2875,0.24027777777777778,0.12083333333333333,0.17916666666666667
537,720,0.01,0.049293970036435354,0.050529129438419806,245,2.5724363944037677e-05,0.03917735069990158,386577,7.467293767134349,0.29583333333333334,0.2388888888888889,0.19722222222222222,0.10972222222222222,0.15833333333333333
538,720,0.01,0.06653839114402636,0.06880199581889523,212,2.6823411292929853e-05,0.03913026303052902,387297,7.4862885991732275,0.3333333333333333,0.10416666666666667,0.125,0.20694444444444443,0.23055555555555557
539,720,0.01,-0.0656256743610622,-0.06351865233111154,201,2.6795400995322576e-05,0.03953489661216736,388017,7.502966030438741,0.25555555555555554,0.15833333333333333,0.24583333333333332,0.20694444444444443,0.13333333333333333
540,720,0.01,0.24899784672700356,0.2827392709790051,281,2.645113555041058e-05,0.03945839777588844,388737,7.523052116235097,0.2375,0.28055555555555556,0.1875,0.0875,0.20694444444444443
541,720,0.01,-0.12870771941419093,-0.12076908988072987,232,2.5739014565968117e-05,0.03917500749230385,389457,7.546937465667725,0.15,0.2777777777777778,0.22361111111111112,0.16805555555555557,0.18055555555555555
542,720,0.01,-0.30974625453370364,-0.2663669113216659,178,2.780850711461527e-05,0.039276622235774994,390177,7.560332798957825,0.46805555555555556,0.15138888888888888,0.11527777777777778,0.15416666666666667,0.1111111111111111
543,720,0.01,-0.06896680773943974,-0.0666423401853049,217,2.884528727994014e-05,0.03910459205508232,390897,7.574211732546488,0.2222222222222222,0.2,0.3625,0.1486111111111111,0.06666666666666667
544,720,0.01,-0.26217893357496314,-0.23062665533280036,254,2.8904998628655043e-05,0.03994894400238991,391617,7.586428034305572,0.19444444444444445,0.25277777777777777,0.17222222222222222,0.2388888888888889,0.14166666666666666
545,720,0.01,0.07591253039314566,0.07886820185252663,168,2.8314734976851875e-05,0.03946497291326523,392337,7.598892033100128,0.2722222222222222,0.34444444444444444,0.18611111111111112,0.08611111111111111,0.1111111111111111
546,720,0.01,-0.12419732540846747,-0.11679445520809417,185,2.9010228408626263e-05,0.03981005400419235,393057,7.6113885323206585,0.31666666666666665,0.19166666666666668,0.25277777777777777,0.13194444444444445,0.10694444444444444
547,720,0.01,-0.05436053083755222,-0.052909410421694725,255,2.7215054684069806e-05,0.03976051136851311,393777,7.623843467235565,0.25972222222222224,0.17083333333333334,0.2375,0.14444444444444443,0.1875
548,720,0.01,0.01929876541687292,0.019486190338527498,159,2.9082870181203665e-05,0.03941356763243675,394497,7.6375958800315855,0.25,0.39861111111111114,0.23333333333333334,0.08472222222222223,0.03333333333333333
549,720,0.01,-0.08114853942482905,-0.07794328050277877,167,2.6449020444058786e-05,0.03931912034749985,395217,7.650009485085805,0.09861111111111111,0.26666666666666666,0.23333333333333334,0.20416666666666666,0.19722222222222222
550,720,0.01,0.06773570559570274,0.07008245429722293,190,2.6664000714996897e-05,0.03903189301490784,395937,7.663667817910512,0.38055555555555554,0.24861111111111112,0.1875,0.12638888888888888,0.05694444444444444
551,720,0.01,-0.10538360034256415,-0.10002077597646153,107,2.75525344553292e-05,0.03926941007375717,396657,7.691261863708496,0.25416666666666665,0.2263888888888889,0.23472222222222222,0.13472222222222222,0.15
552,720,0.01,0.20576064539555933,0.22845913145342678,152,2.6814157275920377e-05,0.03918510675430298,397377,7.705002582073211,0.4222222222222222,0.14583333333333334,0.14027777777777778,0.19722222222222222,0.09444444444444444
553,720,0.01,-0.039837435931468074,-0.039054358311330084,145,2.8323873268871264e-05,0.038680121302604675,398097,7.7192521850268045,0.40694444444444444,0.14027777777777778,0.17916666666666667,0.17222222222222222,0.10138888888888889
554,720,0.01,0.08472342704156195,0.08841599863392036,199,2.7407544256953365e-05,0.039247214794158936,398817,7.734065246582031,0.09861111111111111,0.21666666666666667,0.2111111111111111,0.08333333333333333,0.3902777777777778
555,720,0.01,0.10638090041581082,0.1122454505862478,106,2.6735371799683588e-05,0.03969110921025276,399537,7.758574346701304,0.5194444444444445,0.19305555555555556,0.15,0.09722222222222222,0.04027777777777778
556,720,0.01,0.04268858295805913,0.043612845415021084,220,2.719696032550524e-05,0.03901016339659691,400257,7.774895199139913,0.34305555555555556,0.1527777777777778,0.16527777777777777,0.13472222222222222,0.20416666666666666
557,720,0.01,-0.03121345371843938,-0.030731343005696132,242,2.6513428598996648e-05,0.03937793895602226,400977,7.792055412133535,0.25555555555555554,0.07777777777777778,0.14444444444444443,0.25555555555555554,0.26666666666666666
558,720,0.01,-0.15325689139371496,-0.1420906960158973,178,2.9045178248073474e-05,0.03941577300429344,401697,7.812392417589823,0.43333333333333335,0.175,0.11388888888888889,0.10833333333333334,0.16944444444444445
559,720,0.01,0.11410032752103813,0.1208645728072566,161,2.7506574792823812e-05,0.03964528441429138,402417,7.82870526711146,0.3388888888888889,0.2861111111111111,0.15694444444444444,0.10416666666666667,0.11388888888888889
560,720,0.01,-0.05260900500850191,-0.05124910318055165,195,2.665052333302103e-05,0.039634596556425095,403137,7.842537466684977,0.31805555555555554,0.15555555555555556,0.13194444444444445,0.10555555555555556,0.28888888888888886
561,720,0.01,-0.11454748169744271,-0.10823040532122719,158,2.6711375482414545e-05,0.03859362751245499,403857,7.872437131404877,0.34305555555555556,0.2625,0.14722222222222223,0.06805555555555555,0.17916666666666667
562,720,0.01,0.08137699619274488,0.08477977733469189,150,2.7898746206271124e-05,0.038034770637750626,404577,7.887489000956218,0.24583333333333332,0.12916666666666668,0.25416666666666665,0.28194444444444444,0.08888888888888889
563,720,0.01,0.0838582773092481,0.08747476303762669,139,2.8322034925546783e-05,0.03757984936237335,405297,7.9025314490000405,0.3763888888888889,0.15555555555555556,0.043055555555555555,0.19166666666666668,0.23333333333333334
564,720,0.01,0.10107444044405661,0.10635899655311065,135,2.7735433206999005e-05,0.03776128590106964,406017,7.917838966846466,0.3138888888888889,0.09722222222222222,0.23333333333333334,0.19305555555555556,0.1625
565,720,0.01,-0.03561199933426238,-0.034985352820763094,89,2.681120624477747e-05,0.03775167465209961,406737,7.944836183389028,0.425,0.12638888888888888,0.23055555555555557,0.11805555555555555,0.1
566,720,0.01,-0.14760917764538098,-0.13723176182555885,203,2.7962240007658087e-05,0.037611573934555054,407457,7.964323818683624,0.3625,0.11666666666666667,0.16111111111111112,0.12777777777777777,0.23194444444444445
567,720,0.01,-0.06188646661469431,-0.0600103990652866,142,2.7204272765225648e-05,0.03731120750308037,408177,7.981538899739584,0.3236111111111111,0.20694444444444443,0.12638888888888888,0.1597222222222222,0.18333333333333332
568,720,0.01,-0.10102983653941958,-0.09609393694536039,120,2.714099637475758e-05,0.0378023236989975,408897,8.001633683840433,0.19444444444444445,0.1375,0.1527777777777778,0.19166666666666668,0.3236111111111111
569,720,0.01,-0.19197736432604878,-0.17467444991969916,145,2.8534192387673505e-05,0.03802552819252014,409617,8.025077346960703,0.3902777777777778,0.2013888888888889,0.1361111111111111,0.1388888888888889,0.13333333333333333
570,720,0.01,-0.2342839407597885,-0.2088628520819823,184,2.7356724568032103e-05,0.037722937762737274,410337,8.045668983459473,0.3,0.3111111111111111,0.09027777777777778,0.10277777777777777,0.19583333333333333
571,720,0.01,-0.18175792441764005,-0.1661968406275942,123,2.639424692966309e-05,0.03755062073469162,411057,8.073984599113464,0.37222222222222223,0.1875,0.13333333333333333,0.16944444444444445,0.1375
572,720,0.01,0.09529380463650518,0.09998198746287712,188,2.719042053627163e-05,0.03694313392043114,411777,8.09933026234309,0.44722222222222224,0.14166666666666666,0.09583333333333334,0.16666666666666666,0.1486111111111111
573,720,0.01,0.03778173966463522,0.03850454379077384,141,2.6065008031789855e-05,0.03634904325008392,412497,8.113153115908306,0.2708333333333333,0.25277777777777777,0.1527777777777778,0.10972222222222222,0.21388888888888888
574,720,0.01,-0.1669914489239866,-0.15379315271467597,135,2.641576539619766e-05,0.03604436665773392,413217,8.134602550665537,0.16666666666666666,0.20694444444444443,0.37777777777777777,0.07222222222222222,0.1763888888888889
575,720,0.01,0.05453386368476794,0.05604823749283616,145,2.7581540014251813e-05,0.036310046911239624,413937,8.149173883597056,0.17222222222222222,0.24583333333333332,0.3638888888888889,0.16805555555555557,0.05
576,720,0.01,0.23151860157156845,0.260512773878105,117,2.756462149528084e-05,0.035720501095056534,414657,8.162010431289673,0.3763888888888889,0.1,0.25,0.13333333333333333,0.14027777777777778
577,720,0.01,-0.11215547763314083,-0.10609473557928484,216,2.61646757463849e-05,0.03472879156470299,415377,8.175337731838226,0.4375,0.14305555555555555,0.13194444444444445,0.09027777777777778,0.19722222222222222
578,720,0.01,-0.1024527929905539,-0.09737924122611874,106,2.6403313087383948e-05,0.03456874564290047,416097,8.185829146703083,0.3972222222222222,0.26666666666666666,0.175,0.08472222222222223,0.0763888888888889
579,720,0.01,0.1858329484018689,0.2042210765187178,189,2.7301296612197096e-05,0.033696550875902176,416817,8.197568249702453,0.32083333333333336,0.23055555555555557,0.20694444444444443,0.05555555555555555,0.18611111111111112
580,720,0.01,0.4230362034954461,0.5265895628443127,143,2.6818200664517158e-05,0.03396594524383545,417537,8.208559918403626,0.37916666666666665,0.2875,0.22083333333333333,0.027777777777777776,0.08472222222222223
581,720,0.01,-0.009580104377197259,-0.009534361368069177,124,2.6281426322485558e-05,0.033397696912288666,418257,8.231122314929962,0.4263888888888889,0.11944444444444445,0.18333333333333332,0.10694444444444444,0.1638888888888889
582,720,0.01,-0.187157203883504,-0.17068664514259468,119,2.6938401868569094e-05,0.03320253640413284,418977,8.245949784914652,0.4097222222222222,0.09861111111111111,0.14027777777777778,0.18611111111111112,0.16527777777777777
583,720,0.01,-0.14997440809901116,-0.13926999613976798,107,2.9514801834314616e-05,0.03305806219577789,419697,8.260130262374878,0.5375,0.24027777777777778,0.075,0.058333333333333334,0.08888888888888889
584,720,0.01,-0.09651547063393728,-0.0920041497803259,109,2.761392803576099e-05,0.033562641590833664,420417,8.281135698159536,0.4388888888888889,0.21666666666666667,0.24027777777777778,0.06111111111111111,0.043055555555555555
585,720,0.01,-0.11445415079455666,-0.10814717177572075,146,2.722642503145936e-05,0.03320217877626419,421137,8.323014549414317,0.21388888888888888,0.11944444444444445,0.2652777777777778,0.2902777777777778,0.1111111111111111
586,720,0.01,-0.2317561466340562,-0.20686049053416122,162,2.7452553357913227e-05,0.03361590951681137,421857,8.350596165657043,0.4722222222222222,0.2388888888888889,0.15416666666666667,0.034722222222222224,0.1
587,720,0.01,0.11507316528743658,0.12195552276732324,126,2.6952979656395352e-05,0.03319929540157318,422577,8.381998896598816,0.3888888888888889,0.2763888888888889,0.13055555555555556,0.1486111111111111,0.05555555555555555
588,720,0.01,-0.015252341496890903,-0.01513661365691299,113,2.7152974810936335e-05,0.03313850611448288,423297,8.411685681343078,0.3236111111111111,0.0875,0.2375,0.16805555555555557,0.18333333333333332
589,720,0.01,0.11513712830372821,0.12202728872186408,110,2.699479483365192e-05,0.03279201686382294,424017,8.444366014003753,0.2708333333333333,0.1638888888888889,0.15138888888888888,0.12222222222222222,0.2916666666666667
590,720,0.01,0.0868932579369168,0.09078024137061846,97,2.6549751996501276e-05,0.03264510631561279,424737,8.465560750166576,0.1625,0.18333333333333332,0.28888888888888886,0.1638888888888889,0.2013888888888889
591,720,0.01,0.04850529188330732,0.049700926700439796,130,2.6502565723123754e-05,0.03280213102698326,425457,8.501354463895161,0.5430555555555555,0.0625,0.08333333333333333,0.058333333333333334,0.25277777777777777
592,720,0.01,-0.06270417133739584,-0.060778718829103906,210,2.6538230168347986e-05,0.03337609022855759,426177,8.518040800094605,0.3472222222222222,0.2611111111111111,0.15138888888888888,0.059722222222222225,0.18055555555555555
593,720,0.01,-0.19518655424924938,-0.17731883092841583,269,2.7743718869841257e-05,0.0339413583278656,426897,8.533921631177266,0.5055555555555555,0.13333333333333333,0.11944444444444445,0.04027777777777778,0.2013888888888889
594,720,0.01,-0.0532143285970754,-0.05182323069408157,230,2.711163932960719e-05,0.034454215317964554,427617,8.54948045015335,0.39861111111111114,0.15138888888888888,0.21666666666666667,0.04583333333333333,0.1875
595,720,0.01,0.08273669158142338,0.08625575060529567,164,2.6172473486793833e-05,0.03385968133807182,428337,8.561070617039999,0.18472222222222223,0.2375,0.2833333333333333,0.15833333333333333,0.1361111111111111
596,720,0.01,0.05001613350737029,0.05128805720282603,166,2.6340441230053733e-05,0.03367965668439865,429057,8.575157050291697,0.4263888888888889,0.2013888888888889,0.12083333333333333,0.09583333333333334,0.15555555555555556
597,720,0.01,-0.08873808929573528,-0.08491478719640988,165,2.4666420142693823e-05,0.033238064497709274,429777,8.58583121697108,0.3472222222222222,0.12777777777777777,0.12361111111111112,0.17777777777777778,0.22361111111111112
598,720,0.01,0.23672798504860337,0.26709640172731897,157,2.6384442959523665e-05,0.03398516774177551,430497,8.597882918516795,0.3,0.2861111111111111,0.175,0.044444444444444446,0.19444444444444445
599,720,0.01,0.05811724347372137,0.05983924766126236,162,2.4779002330888034e-05,0.03369373828172684,431217,8.613447229067484,0.5083333333333333,0.08611111111111111,0.2,0.034722222222222224,0.17083333333333334
600,720,0.01,0.003190493734869231,0.003195588777131775,109,2.4940101795007446e-05,0.03318600729107857,431937,8.626480130354564,0.2652777777777778,0.1625,0.13194444444444445,0.25555555555555554,0.18472222222222223
601,720,0.01,0.30971869621748915,0.3630416314305003,134,2.4997864220368786e-05,0.03242267295718193,432657,8.658329264322917,0.08888888888888889,0.21944444444444444,0.13333333333333333,0.27361111111111114,0.2847222222222222
602,720,0.01,-0.035199228034177875,-0.03458694024926445,134,2.5123243084913662e-05,0.033181965351104736,433377,8.681983935832978,0.19583333333333333,0.09305555555555556,0.2125,0.30277777777777776,0.19583333333333333
603,720,0.01,-0.10449732629405774,-0.09922279418296798,121,2.603353103785998e-05,0.03295272961258888,434097,8.712865817546845,0.21666666666666667,0.09444444444444444,0.33611111111111114,0.07361111111111111,0.2791666666666667
604,720,0.01,0.05666885306835619,0.05830529781100613,111,2.5207046937541437e-05,0.03216007724404335,434817,8.772760180632273,0.2,0.21388888888888888,0.20416666666666666,0.18194444444444444,0.2
605,720,0.01,-0.271802536674343,-0.23799528578010354,104,2.6392742491528527e-05,0.03206094354391098,435537,8.792297832171123,0.3902777777777778,0.15833333333333333,0.175,0.14027777777777778,0.1361111111111111
606,720,0.01,0.1620804975069292,0.17595489894872318,158,2.6484406261159973e-05,0.03278037905693054,436257,8.805194262663523,0.28888888888888886,0.14166666666666666,0.12916666666666668,0.08611111111111111,0.3541666666666667
607,720,0.01,-0.05818654811044758,-0.056526072259239224,212,2.652661966888243e-05,0.03267341107130051,436977,8.818477014700571,0.26805555555555555,0.10833333333333334,0.14722222222222223,0.075,0.4013888888888889
608,720,0.01,-0.05413797365887402,-0.05269860515487934,163,2.7498229215754894e-05,0.032760631293058395,437697,8.83092733224233,0.2638888888888889,0.14305555555555555,0.1638888888888889,0.041666666666666664,0.3875
609,720,0.01,-0.30505750497119705,-0.26291901264804096,146,2.6271036242380634e-05,0.03214900195598602,438417,8.847968983650208,0.1875,0.10833333333333334,0.21388888888888888,0.22777777777777777,0.2625
610,720,0.01,-0.06719679634172307,-0.06498882354933666,118,2.7569837646347474e-05,0.031841836869716644,439137,8.870578630765278,0.32222222222222224,0.2652777777777778,0.21805555555555556,0.08888888888888889,0.10555555555555556
611,720,0.01,-0.11243677971044114,-0.10634615762264699,147,2.6780739501772485e-05,0.03234747052192688,439857,8.89635221560796,0.3,0.18472222222222223,0.1125,0.12361111111111112,0.2791666666666667
612,720,0.01,-0.003877341801308535,-0.003869834617361456,125,2.6572107590381065e-05,0.03175054490566254,440577,8.910276667277019,0.45416666666666666,0.075,0.10555555555555556,0.1736111111111111,0.19166666666666668
613,720,0.01,0.12310327646587632,0.13100122072502685,141,2.941035150140831e-05,0.03236698731780052,441297,8.92348254919052,0.3458333333333333,0.08055555555555556,0.1361111111111111,0.24027777777777778,0.19722222222222222
614,720,0.01,0.23150603464146982,0.2604969332017273,187,2.6977901459683077e-05,0.03234768286347389,442017,8.935210049152374,0.3611111111111111,0.17222222222222222,0.09166666666666666,0.14305555555555555,0.23194444444444445
615,720,0.01,0.040511816421646744,0.041343614585046096,122,2.6941558628045137e-05,0.03206726536154747,442737,8.948555898666381,0.4708333333333333,0.14583333333333334,0.05138888888888889,0.1763888888888889,0.15555555555555556
616,720,0.01,0.21929827343971325,0.24520263217427818,195,2.7364705261511014e-05,0.031138725578784943,443457,8.965074567000071,0.3875,0.15416666666666667,0.14583333333333334,0.18055555555555555,0.13194444444444445
617,720,0.01,-0.27753186635538224,-0.24234857937113807,139,2.8838144555089054e-05,0.031493693590164185,444177,8.979160432020823,0.2861111111111111,0.11527777777777778,0.19722222222222222,0.0625,0.3388888888888889
618,720,0.01,-0.020432704609852862,-0.02022537142808334,147,2.9596696665142495e-05,0.032012857496738434,444897,8.989810419082641,0.25277777777777777,0.06527777777777778,0.19444444444444445,0.15694444444444444,0.33055555555555555
619,720,0.01,-0.13273327166589008,-0.12430136540082248,170,2.9594295916821366e-05,0.03128451853990555,445617,9.002532132466634,0.28055555555555556,0.14444444444444443,0.2388888888888889,0.24027777777777778,0.09583333333333334
620,720,0.01,0.15498985005523122,0.16764610950145964,130,2.959529658141946e-05,0.03155104070901871,446337,9.01654321750005,0.3611111111111111,0.10416666666666667,0.12916666666666668,0.2013888888888889,0.20416666666666666
621,720,0.01,0.03016271373231068,0.030622216698488858,145,3.00202941389216e-05,0.030885465443134308,447057,9.037232450644176,0.16944444444444445,0.12638888888888888,0.2152777777777778,0.2625,0.2263888888888889
622,720,0.01,0.08404442231386032,0.08767720987405658,142,2.78028715904889e-05,0.030854586511850357,447777,9.050758163134256,0.4013888888888889,0.1763888888888889,0.17916666666666667,0.1763888888888889,0.06666666666666667
623,720,0.01,0.10217487575483244,0.10757714318216838,166,2.8486057368581895e-05,0.031656987965106964,448497,9.063345317045847,0.36666666666666664,0.12222222222222222,0.16111111111111112,0.12361111111111112,0.2263888888888889
624,720,0.01,0.23092551230594655,0.259765398934682,226,2.8946325123671258e-05,0.031513310968875885,449217,9.077505449453989,0.35138888888888886,0.2,0.16944444444444445,0.059722222222222225,0.21944444444444444
625,720,0.01,-0.2967223658453275,-0.25674966460196913,148,2.800245043961998e-05,0.0312763936817646,449937,9.089859966437022,0.35694444444444445,0.16527777777777777,0.225,0.1361111111111111,0.11666666666666667
626,720,0.01,-0.02701184780757783,-0.026650290604041893,145,3.2308281272561445e-05,0.03163072466850281,450657,9.100661218166351,0.21944444444444444,0.19305555555555556,0.16666666666666666,0.24166666666666667,0.17916666666666667
627,720,0.01,0.06612524083921276,0.0683605111545813,134,2.8283340350930707e-05,0.031030714511871338,451377,9.114319614569347,0.2902777777777778,0.12777777777777777,0.3138888888888889,0.17916666666666667,0.08888888888888889
628,720,0.01,-0.10186892893153691,-0.09685207952573782,189,2.8299502051886014e-05,0.03054175153374672,452097,9.129373749097189,0.325,0.20833333333333334,0.16666666666666666,0.10833333333333334,0.19166666666666668
629,720,0.01,0.24338295673336827,0.2755570137436525,192,2.930766128328186e-05,0.030345886945724487,452817,9.147394279638926,0.25277777777777777,0.21388888888888888,0.25416666666666665,0.18472222222222223,0.09444444444444444
630,720,0.01,0.07982798616247222,0.08310074333494644,201,2.8385119351368202e-05,0.02967701107263565,453537,9.163255516688029,0.1388888888888889,0.28194444444444444,0.18611111111111112,0.2,0.19305555555555556
631,720,0.01,0.1428932224704542,0.15360661582488122,132,3.1831138733195986e-05,0.03020767867565155,454257,9.189740832646688,0.30833333333333335,0.22083333333333333,0.17777777777777778,0.10138888888888889,0.19166666666666668
632,720,0.01,-0.02900437702973919,-0.028587787442843293,197,2.9554239279781944e-05,0.03051595389842987,454977,9.205080449581146,0.3236111111111111,0.04861111111111111,0.30833333333333335,0.19166666666666668,0.12777777777777777
633,720,0.01,-0.03293386179777027,-0.0323974470338676,190,2.9420443610206348e-05,0.030309278517961502,455697,9.217018298308055,0.36666666666666664,0.1111111111111111,0.12916666666666668,0.19027777777777777,0.20277777777777778
634,720,0.01,0.1557626858392365,0.1685488569907847,161,2.8744679971421445e-05,0.03027961403131485,456417,9.230209314823151,0.3111111111111111,0.24166666666666667,0.16666666666666666,0.19722222222222222,0.08333333333333333
635,720,0.01,0.0678959187671767,0.0702539093352803,220,2.8549893337033912e-05,0.030026530846953392,457137,9.243914198875427,0.40694444444444444,0.11388888888888889,0.17777777777777778,0.23194444444444445,0.06944444444444445
636,720,0.01,0.12620132725431632,0.1345105531868649,191,2.8156066040689135e-05,0.02960352599620819,457857,9.258216933409374,0.3416666666666667,0.1486111111111111,0.15138888888888888,0.225,0.13333333333333333
637,720,0.01,0.08033149528939922,0.08364623176227037,196,3.0408726151639105e-05,0.03013245388865471,458577,9.273523100217183,0.21388888888888888,0.23194444444444445,0.20833333333333334,0.1388888888888889,0.20694444444444443
638,720,0.01,-0.07727781751133266,-0.0743673390804317,162,3.041521160740659e-05,0.030768990516662598,459297,9.284569517771404,0.3597222222222222,0.12222222222222222,0.225,0.20972222222222223,0.08333333333333333
639,720,0.01,0.44174240805857484,0.5554150264495887,91,3.0352585211959296e-05,0.031050749123096466,460017,9.295021831989288,0.4930555555555556,0.1875,0.10694444444444444,0.15416666666666667,0.058333333333333334
640,720,0.01,0.1549628645026268,0.1676146003510952,99,3.04348825731419e-05,0.0316338986158371,460737,9.3074080824852,0.5305555555555556,0.15,0.11527777777777778,0.08888888888888889,0.11527777777777778
641,720,0.01,0.07496710868231672,0.07784869843763964,158,2.9023169306204486e-05,0.03149494156241417,461457,9.330441284179688,0.31527777777777777,0.12638888888888888,0.16805555555555557,0.30416666666666664,0.08611111111111111
642,720,0.01,0.10799828212220537,0.1140458315902293,171,2.981216110779567e-05,0.03160450607538223,462177,9.34796226421992,0.15138888888888888,0.14583333333333334,0.18472222222222223,0.45,0.06805555555555555
643,720,0.01,-0.013226418824738826,-0.013139334109718015,137,2.9931694957794106e-05,0.03186042606830597,462897,9.363142283757528,0.3875,0.16666666666666666,0.20833333333333334,0.2,0.0375
644,720,0.01,0.22573752886047482,0.2532466810211631,179,3.0623135468961964e-05,0.03183891624212265,463617,9.394021113713583,0.14444444444444443,0.1763888888888889,0.24583333333333332,0.18194444444444444,0.2513888888888889
645,720,0.01,0.10025827589606205,0.10545639394899853,172,3.1932904554802614e-05,0.03224390745162964,464337,9.41721111536026,0.2777777777777778,0.09027777777777778,0.28055555555555556,0.23194444444444445,0.11944444444444445
646,720,0.01,0.01951674154233897,0.01970843820974877,146,2.95860636811085e-05,0.03217364847660065,465057,9.43372666835785,0.23333333333333334,0.20694444444444443,0.11805555555555555,0.16111111111111112,0.28055555555555556
647,720,0.01,-0.04406250741180161,-0.04310585737259165,177,2.9575271052964227e-05,0.03206299990415573,465777,9.447207498550416,0.3861111111111111,0.07916666666666666,0.13472222222222222,0.1638888888888889,0.2361111111111111
648,720,0.01,0.029368847413487026,0.029804365108585085,218,2.810351500796868e-05,0.03215232491493225,466497,9.459906435012817,0.19722222222222222,0.14305555555555555,0.21388888888888888,0.2625,0.18333333333333332
649,720,0.01,0.030892278669525833,0.03137439688008592,214,2.95276081633094e-05,0.03223973885178566,467217,9.471652082602183,0.37777777777777777,0.16666666666666666,0.24305555555555555,0.09722222222222222,0.11527777777777778
650,720,0.01,0.1364114051224955,0.14615332996365504,149,2.9712914141555302e-05,0.03180346637964249,467937,9.487501883506775,0.3055555555555556,0.19166666666666668,0.15416666666666667,0.2375,0.1111111111111111
651,720,0.01,0.04343495181495976,0.04439205629469578,193,2.915968016105176e-05,0.032561637461185455,468657,9.510005497932434,0.20555555555555555,0.2263888888888889,0.25972222222222224,0.23333333333333334,0.075
652,720,0.01,0.00017866472204384077,0.0001786806835359922,144,3.067948088326173e-05,0.03282643109560013,469377,9.525251917044322,0.275,0.08888888888888889,0.10694444444444444,0.32222222222222224,0.20694444444444443
653,720,0.01,0.27733404580871907,0.31960710664104885,113,3.0026607330708226e-05,0.03260740265250206,470097,9.539014116923015,0.5194444444444445,0.19305555555555556,0.0763888888888889,0.09861111111111111,0.1125
654,720,0.01,-0.030318173049438013,-0.02986318695033785,213,2.947851539071659e-05,0.03305661678314209,470817,9.551614300409954,0.2013888888888889,0.19027777777777777,0.14305555555555555,0.18055555555555555,0.2847222222222222
655,720,0.01,-0.06767167534017801,-0.06543273530982541,182,3.103706968090592e-05,0.0333951897919178,471537,9.564059750239055,0.1625,0.16944444444444445,0.24166666666666667,0.19305555555555556,0.23333333333333334
656,720,0.01,-0.16650704306226202,-0.15338314586077462,170,3.316552160678536e-05,0.03373265638947487,472257,9.577645532290141,0.48194444444444445,0.14444444444444443,0.1111111111111111,0.1736111111111111,0.08888888888888889
657,720,0.01,0.17631388009676283,0.192812399969974,190,3.138067371663864e-05,0.03382953628897667,472977,9.590930314858754,0.2708333333333333,0.21388888888888888,0.11805555555555555,0.1527777777777778,0.24444444444444444
658,720,0.01,0.2319933094469527,0.26111129126811217,296,3.3228380530343e-05,0.03422500938177109,473697,9.603032696247102,0.3013888888888889,0.16666666666666666,0.16111111111111112,0.2,0.17083333333333334
659,720,0.01,0.08439623219347929,0.08805993278123037,141,3.426698468160794e-05,0.03447975218296051,474417,9.615071682135264,0.42777777777777776,0.15833333333333333,0.10972222222222222,0.15555555555555556,0.1486111111111111
660,720,0.01,0.06105789607555591,0.06296045364446723,195,3.20222418300394e-05,0.035106219351291656,475137,9.626322078704835,0.24305555555555555,0.36527777777777776,0.10277777777777777,0.17083333333333334,0.11805555555555555
661,720,0.01,0.03111356928724548,0.031602655612297026,146,3.2066037761700906e-05,0.03579407185316086,475857,9.652919749418894,0.3638888888888889,0.20833333333333334,0.1125,0.1638888888888889,0.15138888888888888
662,720,0.01,0.04444469810963374,0.04544715990756054,189,3.0854562445862636e-05,0.0358632430434227,476577,9.667182501157125,0.3416666666666667,0.25972222222222224,0.11388888888888889,0.1125,0.17222222222222222
663,720,0.01,-0.06839344335335194,-0.06610703269522344,149,3.3019414499019855e-05,0.03588825464248657,477297,9.6841206630071,0.40694444444444444,0.17083333333333334,0.21805555555555556,0.08888888888888889,0.11527777777777778
664,720,0.01,0.11756481278140683,0.1247545260506393,224,3.2896599287823845e-05,0.036994196474552155,478017,9.698748763402303,0.45,0.2111111111111111,0.1763888888888889,0.10416666666666667,0.058333333333333334
665,720,0.01,-0.14744659880985642,-0.13709148256715897,153,3.323718646394506e-05,0.03687945753335953,478737,9.709694397449493,0.43333333333333335,0.11805555555555555,0.14583333333333334,0.09027777777777778,0.2125
666,720,0.01,0.0374742595576657,0.03818527338972255,188,3.367841648645885e-05,0.03657589107751846,479457,9.720956202348074,0.3972222222222222,0.18055555555555555,0.13333333333333333,0.14722222222222223,0.14166666666666666
667,720,0.01,0.08235712949243298,0.08584352734053113,196,3.268449323804311e-05,0.03712620958685875,480177,9.732835467656454,0.14305555555555555,0.4041666666666667,0.11805555555555555,0.13055555555555556,0.20416666666666666
668,720,0.01,-0.022605986266209827,-0.022352385518183193,142,3.236972919593326e-05,0.03712838888168335,480897,9.745390780766805,0.45555555555555555,0.18472222222222223,0.07222222222222222,0.20277777777777778,0.08472222222222223
669,720,0.01,-0.24641513127837397,-0.21840230808078465,173,3.3733390553910186e-05,0.03737446665763855,481617,9.757203682263691,0.2652777777777778,0.30277777777777776,0.14166666666666666,0.13194444444444445,0.15833333333333333
670,720,0.01,0.13424502795349805,0.14367301717400038,160,3.3734482348614215e-05,0.03719399869441986,482337,9.767521699269613,0.25555555555555554,0.1486111111111111,0.25833333333333336,0.23472222222222222,0.10277777777777777
671,720,0.01,-0.023623841909051785,-0.023346983394897713,156,3.21280260689289e-05,0.037579238414764404,483057,9.789450184504192,0.3458333333333333,0.13055555555555556,0.16944444444444445,0.2611111111111111,0.09305555555555556
672,720,0.01,-0.022239921295935584,-0.021994437461127836,170,3.218006179079364e-05,0.03708646446466446,483777,9.801193869113922,0.29444444444444445,0.21388888888888888,0.1125,0.24166666666666667,0.1375
673,720,0.01,-0.17763586301196008,-0.16275275932374067,144,3.379546386162878e-05,0.03738490119576454,484497,9.81353653271993,0.35694444444444445,0.275,0.1625,0.16527777777777777,0.04027777777777778
674,720,0.01,0.0436533059754528,0.0446201285447303,189,3.334368877037579e-05,0.03764576092362404,485217,9.825497563680013,0.38333333333333336,0.2569444444444444,0.21388888888888888,0.015277777777777777,0.13055555555555556
675,720,0.01,0.13190196885476274,0.1409964605947629,158,3.107223990986717e-05,0.03756196051836014,485937,9.838727064927419,0.35555555555555557,0.15694444444444444,0.14444444444444443,0.2638888888888889,0.07916666666666666
676,720,0.01,-0.06115589704104454,-0.05932342035097993,173,3.461655759148622e-05,0.037662409245967865,486657,9.852581950028737,0.4305555555555556,0.1597222222222222,0.13472222222222222,0.20694444444444443,0.06805555555555555
677,720,0.01,0.07901361807963482,0.0822190597153023,168,2.996180250407734e-05,0.03727016970515251,487377,9.869412263234457,0.425,0.12777777777777777,0.19305555555555556,0.23333333333333334,0.020833333333333332
678,720,0.01,0.04255560158820569,0.04347407357647981,134,3.121043407835108e-05,0.038056835532188416,488097,9.884726230303446,0.5722222222222222,0.10972222222222222,0.10972222222222222,0.1486111111111111,0.059722222222222225
679,720,0.01,0.033923829935401745,0.0345058053529812,176,3.381416602539705e-05,0.037371546030044556,488817,9.906118933359782,0.3458333333333333,0.1875,0.16666666666666666,0.19305555555555556,0.10694444444444444
680,720,0.01,-0.11590056833606951,-0.10943623086733012,211,3.147670013971846e-05,0.037116147577762604,489537,9.9203932483991,0.1486111111111111,0.1736111111111111,0.32222222222222224,0.2388888888888889,0.11666666666666667
681,720,0.01,0.10956728414668758,0.11579514373363886,175,3.2030791818568914e-05,0.037697337567806244,490257,9.943760633468628,0.1986111111111111,0.17222222222222222,0.29444444444444445,0.18472222222222223,0.15
682,720,0.01,-0.00556912135247681,-0.0055536425439431936,99,3.0675004779191617e-05,0.038328517228364944,490977,9.956952067216237,0.4875,0.225,0.07777777777777778,0.03611111111111111,0.1736111111111111
683,720,0.01,0.061319691090457144,0.06323876782131177,122,3.148022263859376e-05,0.03840874508023262,491697,9.972195398807525,0.4125,0.14444444444444443,0.1375,0.14722222222222223,0.15833333333333333
684,720,0.01,-0.007056746810112496,-0.00703190643742424,65,3.095780245606269e-05,0.03886445239186287,492417,9.986948815981547,0.7805555555555556,0.1111111111111111,0.03888888888888889,0.04027777777777778,0.029166666666666667
685,720,0.01,0.2523258895653182,0.2870153938364226,115,3.077073299032741e-05,0.038274288177490234,493137,10.001997482776641,0.5388888888888889,0.09166666666666666,0.14583333333333334,0.1111111111111111,0.1125
686,720,0.01,0.043401821099408766,0.04435745541173364,154,3.0302119417531987e-05,0.03817964345216751,493857,10.013952048619588,0.2833333333333333,0.08472222222222223,0.25,0.23472222222222222,0.14722222222222223
687,720,0.01,-0.09323971224352912,-0.08902489776471334,164,2.947042693980014e-05,0.03891373425722122,494577,10.02797354857127,0.1736111111111111,0.2722222222222222,0.22361111111111112,0.25972222222222224,0.07083333333333333
688,720,0.01,0.25118070795392106,0.2855423710740894,146,2.9226535994237364e-05,0.03854876011610031,495297,10.043521134058635,0.5291666666666667,0.15,0.15694444444444444,0.09027777777777778,0.07361111111111111
689,720,0.01,0.031736181697977824,0.03224514421856295,188,2.811097164744246e-05,0.03881155699491501,496017,10.05343318382899,0.1763888888888889,0.3194444444444444,0.33194444444444443,0.09583333333333334,0.0763888888888889
690,720,0.01,0.10343791336688078,0.10897693858328661,116,2.965019355403658e-05,0.038864150643348694,496737,10.064860630035401,0.20833333333333334,0.1388888888888889,0.20416666666666666,0.14444444444444443,0.30416666666666664
691,720,0.01,0.12743328132506687,0.13590907936430363,117,2.900058164654082e-05,0.038807276636362076,497457,10.088754097620646,0.5027777777777778,0.2263888888888889,0.11388888888888889,0.11388888888888889,0.043055555555555555
692,720,0.01,0.16857580187952106,0.18361794390923802,129,2.889789870184561e-05,0.03933029994368553,498177,10.104518949985504,0.47638888888888886,0.1736111111111111,0.0625,0.14027777777777778,0.14722222222222223
693,720,0.01,0.11500136455834274,0.12187496843474155,118,2.8838294612872537e-05,0.03909755498170853,498897,10.118357479572296,0.7166666666666667,0.02638888888888889,0.03611111111111111,0.05138888888888889,0.16944444444444445
694,720,0.01,-0.11082206416006425,-0.10490199522474608,174,2.9066690742891093e-05,0.03910988196730614,499617,10.132737517356873,0.15694444444444444,0.1638888888888889,0.11805555555555555,0.2902777777777778,0.2708333333333333
695,720,0.01,-0.03092003089128651,-0.030446895726465306,123,3.076087818385531e-05,0.040169425308704376,500337,10.14839524825414,0.5138888888888888,0.20416666666666666,0.07777777777777778,0.08611111111111111,0.11805555555555555
696,720,0.01,-0.0027180344176141614,-0.002714343906467853,145,2.9493248087596334e-05,0.039890535175800323,501057,10.160288099447886,0.3458333333333333,0.22916666666666666,0.18055555555555555,0.10694444444444444,0.1375
697,720,0.01,0.09223190481777807,0.09661910384854466,145,2.9957044337910094e-05,0.03976080194115639,501777,10.17341416279475,0.4583333333333333,0.2152777777777778,0.12222222222222222,0.03194444444444444,0.17222222222222222
698,720,0.01,-0.06032178644445195,-0.058538464723535966,179,3.103023614888419e-05,0.0401262491941452,502497,10.188492500782013,0.5486111111111112,0.07361111111111111,0.12222222222222222,0.08611111111111111,0.16944444444444445
699,720,0.01,-0.28272290952577656,-0.2462713900549598,183,3.054784663921358e-05,0.04088636860251427,503217,10.200664496421814,0.31527777777777777,0.0875,0.14305555555555555,0.20277777777777778,0.2513888888888889
700,720,0.01,-0.002287043088451861,-0.0022844297980233463,172,2.893632503742083e-05,0.04133060202002525,503937,10.21466855208079,0.46944444444444444,0.1,0.10694444444444444,0.20416666666666666,0.11944444444444445
701,720,0.01,0.06696413753862236,0.06925713129442457,170,2.632458892814308e-05,0.04078264161944389,504657,10.250586446126302,0.30972222222222223,0.12361111111111112,0.1625,0.20416666666666666,0.2
702,720,0.01,0.17350627422566053,0.18946814973778392,227,2.9144062072974623e-05,0.040966738015413284,505377,10.268770249684652,0.2388888888888889,0.2847222222222222,0.14444444444444443,0.10416666666666667,0.22777777777777777
703,720,0.01,-0.017091328679840187,-0.01694610047986067,146,2.731492302435375e-05,0.04111797362565994,506097,10.285072696208953,0.4013888888888889,0.12638888888888888,0.17222222222222222,0.175,0.125
704,720,0.01,-0.029813880726400295,-0.029373831024372743,216,2.7757819345374122e-05,0.04038574919104576,506817,10.296449649333955,0.35694444444444445,0.1486111111111111,0.21388888888888888,0.05555555555555555,0.225
705,720,0.01,-0.21208122045844296,-0.19110100424889898,164,2.8868070557387504e-05,0.0403633639216423,507537,10.309629384676615,0.22916666666666666,0.12083333333333333,0.18333333333333332,0.2861111111111111,0.18055555555555555
706,720,0.01,0.07369919316957771,0.07648294336649641,192,2.8787145917400874e-05,0.04031725972890854,508257,10.324820681413014,0.3819444444444444,0.21805555555555556,0.07222222222222222,0.11666666666666667,0.2111111111111111
707,720,0.01,-0.08271157776569525,-0.07938336476116725,149,2.9384942917608392e-05,0.04062874615192413,508977,10.341356035073598,0.39444444444444443,0.10416666666666667,0.10972222222222222,0.14166666666666666,0.25
708,720,0.01,0.034668369854519925,0.035276323026616874,175,2.803506206545434e-05,0.0400380976498127,509697,10.361006732781728,0.33194444444444443,0.10277777777777777,0.23055555555555557,0.10277777777777777,0.23194444444444445
709,720,0.01,0.09637927451736544,0.10117663303835678,228,2.956688491811595e-05,0.040171388536691666,510417,10.373780699570974,0.39305555555555555,0.14305555555555555,0.1486111111111111,0.0875,0.22777777777777777
710,720,0.01,0.2004707667423294,0.22197788932339169,190,3.021696036916587e-05,0.040726907551288605,511137,10.384196718533834,0.11805555555555555,0.18194444444444444,0.275,0.20972222222222223,0.2152777777777778
711,720,0.01,0.02252349947584572,0.02277906865406676,181,2.9645635879660404e-05,0.04040863364934921,511857,10.404109950860342,0.22777777777777777,0.18194444444444444,0.22083333333333333,0.2111111111111111,0.15833333333333333
712,720,0.01,0.12440901861745289,0.13247898126957147,201,3.147621250718657e-05,0.03974003717303276,512577,10.416663181781768,0.2777777777777778,0.13472222222222222,0.225,0.2111111111111111,0.15138888888888888
713,720,0.01,0.2283678217915816,0.25654742596723756,226,3.1453851023065405e-05,0.03994657099246979,513297,10.426818815867106,0.35138888888888886,0.1763888888888889,0.23333333333333334,0.15833333333333333,0.08055555555555556
714,720,0.01,0.07164653889942388,0.07427556232615151,210,3.0331756911058012e-05,0.03968086093664169,514017,10.439685249328614,0.23472222222222222,0.1875,0.2986111111111111,0.1527777777777778,0.12638888888888888
715,720,0.01,-0.02757521137865622,-0.02719848594109453,196,2.978166591813331e-05,0.03968532010912895,514737,10.451318748792012,0.44027777777777777,0.18472222222222223,0.1111111111111111,0.12361111111111112,0.14027777777777778
716,720,0.01,-0.2679542710826189,-0.2350572396926347,243,3.0531344435126406e-05,0.03940248116850853,515457,10.463913814226787,0.19722222222222222,0.27361111111111114,0.17916666666666667,0.11944444444444445,0.23055555555555557
717,720,0.01,0.10089772782208789,0.10616350622730497,207,2.9551366168334425e-05,0.038940563797950745,516177,10.47639531691869,0.26944444444444443,0.20694444444444443,0.24305555555555555,0.17777777777777778,0.10277777777777777
718,720,0.01,0.06648022434636311,0.06873982883751095,185,3.183525295816657e-05,0.03898626193404198,516897,10.489180918534597,0.2652777777777778,0.34444444444444444,0.08055555555555556,0.12638888888888888,0.18333333333333332
719,720,0.01,0.009083964607725061,0.009125349030850938,195,3.13468872674447e-05,0.03930940106511116,517617,10.500663614273071,0.43333333333333335,0.19722222222222222,0.19722222222222222,0.08055555555555556,0.09166666666666666
720,720,0.01,-0.03911128376912798,-0.03835631214253099,226,3.011591446566955e-05,0.039508190006017685,518337,10.511493968963624,0.3111111111111111,0.23055555555555557,0.21944444444444444,0.09444444444444444,0.14444444444444443
721,720,0.01,-0.031383251699954824,-0.030895908895323676,196,2.9352129413635135e-05,0.03931783139705658,519057,10.530999199549358,0.2875,0.1111111111111111,0.20833333333333334,0.02638888888888889,0.36666666666666664
722,720,0.01,-0.020179484573671136,-0.0199772414467706,215,2.9866270310523963e-05,0.039135731756687164,519777,10.542466282844543,0.125,0.22777777777777777,0.29583333333333334,0.15694444444444444,0.19444444444444445
723,720,0.01,-0.09616824041203557,-0.09168881143543384,133,2.9338574909034935e-05,0.03915634751319885,520497,10.553891213734945,0.12638888888888888,0.14583333333333334,0.17916666666666667,0.02361111111111111,0.525
724,720,0.01,0.1059077330316144,0.11171929680503179,184,2.9989266456216985e-05,0.03895476087927818,521217,10.567980949083964,0.24305555555555555,0.1625,0.2388888888888889,0.23194444444444445,0.12361111111111112
725,720,0.01,0.010903524540982635,0.010963184602506448,189,3.0135534884342027e-05,0.03875352069735527,521937,10.581229102611541,0.18472222222222223,0.17777777777777778,0.22083333333333333,0.30277777777777776,0.11388888888888889
726,720,0.01,0.005842549665878207,0.005859650647404457,177,2.8982597154304637e-05,0.039200469851493835,522657,10.595094732443492,0.3736111111111111,0.12361111111111112,0.2625,0.10555555555555556,0.13472222222222222
727,720,0.01,0.03455658875225328,0.03516060516573294,196,2.8921239775551535e-05,0.039175961166620255,523377,10.607304616769154,0.19583333333333333,0.19305555555555556,0.3472222222222222,0.14444444444444443,0.11944444444444445
728,720,0.01,-0.072570777366298,-0.07000007861425683,233,3.04696267897321e-05,0.03887445479631424,524097,10.621682516733806,0.24444444444444444,0.20833333333333334,0.25972222222222224,0.20972222222222223,0.07777777777777778
729,720,0.01,-0.08498583506981555,-0.08147470484401331,122,2.9352290332932777e-05,0.0388234481215477,524817,10.633987267812094,0.4638888888888889,0.18472222222222223,0.2152777777777778,0.0875,0.04861111111111111
730,720,0.01,0.09464745525073091,0.09927124449980163,269,2.8964696911594323e-05,0.03972318023443222,525537,10.647542834281921,0.18194444444444444,0.2013888888888889,0.24861111111111112,0.23333333333333334,0.13472222222222222
731,720,0.01,-0.10902861297817766,-0.10329524026255676,158,2.8795376804661523e-05,0.039826102554798126,526257,10.669219835599263,0.21666666666666667,0.44166666666666665,0.16666666666666666,0.10972222222222222,0.06527777777777778
732,720,0.01,0.00042512372433375824,0.0004252141022322853,272,2.751788213875746e-05,0.03931033983826637,526977,10.680660398801168,0.2611111111111111,0.19166666666666668,0.24583333333333332,0.16944444444444445,0.13194444444444445
733,720,0.01,-0.05850441538358635,-0.0568259240848622,149,2.8104644818919648e-05,0.038523562252521515,527697,10.696475231647492,0.36666666666666664,0.20972222222222223,0.1375,0.11805555555555555,0.16805555555555557
734,720,0.01,0.10617109426557148,0.11201211912818332,204,2.793751156294396e-05,0.03862626105546951,528417,10.71002424955368,0.2361111111111111,0.23472222222222222,0.1736111111111111,0.10694444444444444,0.24861111111111112
735,720,0.01,0.015254335823826683,0.015371277068230826,152,2.7449525825002437e-05,0.037592094391584396,529137,10.722334965070088,0.12777777777777777,0.15694444444444444,0.25416666666666665,0.13472222222222222,0.3263888888888889
736,720,0.01,-0.025348056762725654,-0.025029492112923823,172,2.7711861415329824e-05,0.03766680508852005,529857,10.735595599810283,0.075,0.1625,0.27361111111111114,0.21388888888888888,0.275
737,720,0.01,-0.18145751063253018,-0.1659463170359613,176,2.784782185156271e-05,0.03730317950248718,530577,10.751261166731517,0.1986111111111111,0.23055555555555557,0.30694444444444446,0.18333333333333332,0.08055555555555556
738,720,0.01,-0.2266841473392378,-0.20282746840460675,113,2.7177292524685174e-05,0.037549104541540146,531297,10.766424099604288,0.14305555555555555,0.07083333333333333,0.21944444444444444,0.08055555555555556,0.4861111111111111
739,720,0.01,0.07836089629073609,0.08151290224192098,131,2.696103487854392e-05,0.037591829895973206,532017,10.779541464646657,0.24722222222222223,0.14722222222222223,0.13055555555555556,0.17083333333333334,0.30416666666666664
740,720,0.01,0.012268685623835675,0.012344254675394684,225,2.8064499668466346e-05,0.03805413097143173,532737,10.793611164887746,0.25277777777777777,0.18472222222222223,0.20416666666666666,0.16805555555555557,0.19027777777777777
741,720,0.01,0.0625119666964799,0.0645071974761735,190,2.886820463206479e-05,0.03821830824017525,533457,10.81438364982605,0.30833333333333335,0.09305555555555556,0.19444444444444445,0.08888888888888889,0.31527777777777777
742,720,0.01,0.08312588612398686,0.08667859769481456,196,2.991530308804613e-05,0.037874966859817505,534177,10.826191413402558,0.3277777777777778,0.15138888888888888,0.225,0.06111111111111111,0.23472222222222222
743,720,0.01,-0.11563196272067953,-0.10919698830856739,124,2.9004966057755156e-05,0.037953052669763565,534897,10.839512900511425,0.38472222222222224,0.1125,0.22083333333333333,0.043055555555555555,0.2388888888888889
744,720,0.01,0.1309926693960229,0.1399594246902669,190,2.9529368291352715e-05,0.037740133702754974,535617,10.850466517607371,0.28055555555555556,0.12638888888888888,0.2152777777777778,0.1527777777777778,0.225
745,720,0.01,-0.04080465554974639,-0.03998335444400458,181,2.828660556701834e-05,0.03798781707882881,536337,10.861826952298482,0.3111111111111111,0.14444444444444443,0.16111111111111112,0.21388888888888888,0.16944444444444445
746,720,0.01,0.06637088710432136,0.06862298216012919,171,2.7665258190583903e-05,0.03837486356496811,537057,10.872997645537058,0.3736111111111111,0.17777777777777778,0.22083333333333333,0.14027777777777778,0.0875
747,720,0.01,0.05556382368993349,0.057136485270617765,200,2.8421325983648178e-05,0.03805239871144295,537777,10.884007132053375,0.28055555555555556,0.10694444444444444,0.20833333333333334,0.19166666666666668,0.2125
748,720,0.01,-0.08593365422405436,-0.08234488825901487,194,2.8023668556897972e-05,0.037718236446380615,538497,10.894842517375945,0.2972222222222222,0.18055555555555555,0.17083333333333334,0.1125,0.2388888888888889
749,720,0.01,0.22387335062201985,0.2509125820951512,173,2.992758636221677e-05,0.03804907202720642,539217,10.907364499568938,0.2708333333333333,0.04861111111111111,0.4125,0.18472222222222223,0.08333333333333333
750,720,0.01,-0.050555302634367236,-0.04929864907070747,159,2.7341520926585062e-05,0.03791274130344391,539937,10.917762998739878,0.16111111111111112,0.1875,0.2,0.30972222222222223,0.14166666666666666
751,720,0.01,-0.037571571656812186,-0.03687451723256285,191,2.7885709522479372e-05,0.03807981312274933,540657,10.937496662139893,0.2013888888888889,0.22916666666666666,0.15138888888888888,0.23055555555555557,0.1875
752,720,0.01,0.07005394485152974,0.0725660391093712,379,2.8602773680732854e-05,0.038018763065338135,541377,10.947964100042979,0.1527777777777778,0.2361111111111111,0.2916666666666667,0.06527777777777778,0.25416666666666665
753,720,0.01,0.022181836658122425,0.022429682765043424,271,2.9324843056757447e-05,0.03799505531787872,542097,10.960532796382903,0.20694444444444443,0.2361111111111111,0.14305555555555555,0.18055555555555555,0.23333333333333334
754,720,0.01,-0.33993810762696086,-0.28818562271975146,231,2.9126870380322444e-05,0.03883126378059387,542817,10.975755949815115,0.28055555555555556,0.1486111111111111,0.20694444444444443,0.16527777777777777,0.1986111111111111
755,720,0.01,0.023512565639309858,0.02379116525631164,169,2.945131396738058e-05,0.03849869221448898,543537,10.987079966068269,0.3055555555555556,0.17777777777777778,0.31527777777777777,0.0875,0.11388888888888889
756,720,0.01,-0.056532059663469546,-0.05496381353262858,211,2.8730129926341557e-05,0.03762654960155487,544257,10.997930749257405,0.2013888888888889,0.2722222222222222,0.28194444444444444,0.15833333333333333,0.08611111111111111
757,720,0.01,-0.279737648002275,-0.2440179511578231,265,2.8706626963841903e-05,0.038113027811050415,544977,11.010384817918142,0.1,0.23472222222222222,0.2513888888888889,0.23472222222222222,0.17916666666666667
758,720,0.01,0.05179207352612608,0.05315674057849806,169,2.9718237048352118e-05,0.038136325776576996,545697,11.025775567690532,0.07083333333333333,0.22916666666666666,0.30972222222222223,0.16527777777777777,0.225
759,720,0.01,-0.25824956588156006,-0.22759755724543784,223,2.877105256339342e-05,0.038165174424648285,546417,11.035523362954457,0.08472222222222223,0.15694444444444444,0.3680555555555556,0.16111111111111112,0.22916666666666666
760,720,0.01,0.12733832988155314,0.13580122827790664,130,2.8579922992675063e-05,0.03771674260497093,547137,11.04902351697286,0.2569444444444444,0.15416666666666667,0.2847222222222222,0.07222222222222222,0.23194444444444445
761,720,0.01,-0.10355829669907797,-0.09837654046176114,214,2.8089741133878e-05,0.038071759045124054,547857,11.07092696428299,0.06805555555555555,0.1527777777777778,0.3402777777777778,0.275,0.1638888888888889
762,720,0.01,0.09170011284783283,0.09603608565096833,153,2.8694774078985576e-05,0.037577833980321884,548577,11.083420964082082,0.27361111111111114,0.26805555555555555,0.22916666666666666,0.11666666666666667,0.1125
763,720,0.01,-0.10286113318206842,-0.09774774231759764,194,2.932070857279238e-05,0.03720533847808838,549297,11.095161398251852,0.2833333333333333,0.19444444444444445,0.3416666666666667,0.09583333333333334,0.08472222222222223
764,720,0.01,-0.16106707607957402,-0.1487650283125279,211,2.833987442348492e-05,0.03698355332016945,550017,11.10674118200938,0.15833333333333333,0.2375,0.28194444444444444,0.21944444444444444,0.10277777777777777
765,720,0.01,0.13030592615465197,0.13917683401011205,186,2.885622260906631e-05,0.03747346252202988,550737,11.117959813276928,0.36944444444444446,0.09305555555555556,0.20416666666666666,0.2013888888888889,0.13194444444444445
766,720,0.01,-0.021668372448325427,-0.021435299736862423,244,2.9437888320495e-05,0.0373687781393528,551457,11.128743219375611,0.18472222222222223,0.20416666666666666,0.28055555555555556,0.1736111111111111,0.15694444444444444
767,720,0.01,-0.07456703233640462,-0.07185474377134426,193,2.9443153101738063e-05,0.03640693798661232,552177,11.139857800801595,0.2152777777777778,0.19583333333333333,0.14444444444444443,0.22083333333333333,0.22361111111111112
768,720,0.01,0.02976796856879942,0.030215463850177926,217,3.05270913359992e-05,0.03648265823721886,552897,11.153133682409923,0.2513888888888889,0.18194444444444444,0.24444444444444444,0.20416666666666666,0.11805555555555555
769,720,0.01,-0.07686641192464772,-0.073986450287996,206,2.822483907354783e-05,0.03646448627114296,553617,11.165063699086508,0.2902777777777778,0.16666666666666666,0.23194444444444445,0.1375,0.1736111111111111
770,720,0.01,-0.3445419907235351,-0.29145520074661313,331,2.7721107505840338e-05,0.03605999797582626,554337,11.1761243502299,0.275,0.14444444444444443,0.20555555555555555,0.12361111111111112,0.2513888888888889
771,720,0.01,-0.13362229760073124,-0.12507953823891604,281,2.837659845214249e-05,0.03589349985122681,555057,11.195984514554342,0.2638888888888889,0.23194444444444445,0.17916666666666667,0.1527777777777778,0.17222222222222222
772,720,0.01,-0.12514395796054006,-0.11763013072573625,263,3.069626787919333e-05,0.036071307957172394,555777,11.2070245663325,0.19444444444444445,0.2777777777777778,0.18888888888888888,0.13194444444444445,0.20694444444444443
773,720,0.01,0.1404425202382033,0.15078293093501172,304,2.927763355400101e-05,0.035766955465078354,556497,11.218495217959086,0.2513888888888889,0.19166666666666668,0.21805555555555556,0.15555555555555556,0.18333333333333332
774,720,0.01,0.011226607166905662,0.011289862011956586,223,2.9384922902409018e-05,0.035963598638772964,557217,11.228426218032837,0.04722222222222222,0.29583333333333334,0.1875,0.3486111111111111,0.12083333333333333
775,720,0.01,-0.024408458474138844,-0.02411298098357406,231,2.9313128179511397e-05,0.03567412495613098,557937,11.238543383280437,0.09027777777777778,0.24861111111111112,0.2972222222222222,0.2125,0.15138888888888888
776,720,0.01,-0.11777205696124371,-0.11110135221741813,207,2.9746802429523692e-05,0.03559460490942001,558657,11.251283248265585,0.11388888888888889,0.22083333333333333,0.2972222222222222,0.2111111111111111,0.15694444444444444
777,720,0.01,0.12879584266952476,0.13745788009504256,196,2.8281549070167482e-05,0.035390615463256836,559377,11.2644833167394,0.1597222222222222,0.25,0.175,0.2,0.2152777777777778
778,720,0.01,0.05414678105817345,0.05563953867246596,174,2.9359640000671384e-05,0.03472556546330452,560097,11.276974030335744,0.13055555555555556,0.20277777777777778,0.2791666666666667,0.23333333333333334,0.15416666666666667
779,720,0.01,0.01982914339605223,0.02002704678045686,175,2.847301561688356e-05,0.035478223115205765,560817,11.2879438996315,0.25833333333333336,0.16944444444444445,0.24444444444444444,0.20694444444444443,0.12083333333333333
780,720,0.01,0.251111191839387,0.28545300826949505,196,2.7758085887954722e-05,0.034984298050403595,561537,11.299500036239625,0.1375,0.16666666666666666,0.20972222222222223,0.22916666666666666,0.2569444444444444
781,720,0.01,-0.034322749285886515,-0.03374040528831135,237,2.7876236292614624e-05,0.035282790660858154,562257,11.320943748950958,0.2222222222222222,0.2652777777777778,0.15833333333333333,0.12083333333333333,0.23333333333333334
782,720,0.01,-0.0156470356597101,-0.015525256784042707,171,2.7713328478284893e-05,0.03567501902580261,562977,11.332296498616536,0.1486111111111111,0.35,0.3055555555555556,0.10416666666666667,0.09166666666666666
783,720,0.01,0.08443912718012783,0.08810660609854093,292,2.6204643844115102e-05,0.03533169999718666,563697,11.344857315222422,0.08472222222222223,0.18055555555555555,0.24861111111111112,0.1486111111111111,0.3375
784,720,0.01,0.18188506058849388,0.19947631885417838,266,2.8261115979451763e-05,0.03460761532187462,564417,11.357890566190084,0.24861111111111112,0.19027777777777777,0.19027777777777777,0.23055555555555557,0.14027777777777778
785,720,0.01,0.09137027379011065,0.09567462975565966,244,2.752590135249496e-05,0.03447277471423149,565137,11.372106615702311,0.3472222222222222,0.2111111111111111,0.13472222222222222,0.1375,0.16944444444444445
786,720,0.01,-0.10911220415707598,-0.10337019373777745,272,2.7049507121369567e-05,0.035288624465465546,565857,11.385748366514841,0.11388888888888889,0.1388888888888889,0.3902777777777778,0.17777777777777778,0.17916666666666667
787,720,0.01,0.035616692714463195,0.036258564897697854,415,2.7861966700331525e-05,0.03582410141825676,566577,11.397791449228922,0.2111111111111111,0.19722222222222222,0.20833333333333334,0.08611111111111111,0.2972222222222222
788,720,0.01,0.026068639312477576,0.026411398228294747,399,3.030423088211541e-05,0.03545401617884636,567297,11.410496350129446,0.3138888888888889,0.15555555555555556,0.20833333333333334,0.09027777777777778,0.23194444444444445
789,720,0.01,-0.03757951093511117,-0.03688216372345354,405,2.9481558613674175e-05,0.035770483314991,568017,11.421803331375122,0.2361111111111111,0.1527777777777778,0.17083333333333334,0.14722222222222223,0.29305555555555557
790,720,0.01,0.0021599285076362787,0.002162262833570905,244,2.858878314605641e-05,0.03554153814911842,568737,11.432237033049265,0.23194444444444445,0.3541666666666667,0.14027777777777778,0.1486111111111111,0.125
791,720,0.01,0.005259463957278171,0.00527331921760088,296,2.8465684685998994e-05,0.03560757264494896,569457,11.453862849871317,0.1875,0.21805555555555556,0.32083333333333336,0.12361111111111112,0.15
792,720,0.01,0.16070630560770552,0.17434002108290292,291,2.8636987262113205e-05,0.03592278063297272,570177,11.46544828414917,0.33055555555555555,0.2652777777777778,0.18333333333333332,0.10555555555555556,0.11527777777777778
793,720,0.01,0.1549724905585407,0.16762583992861635,322,2.8652188773826814e-05,0.036297477781772614,570897,11.477325085798899,0.18333333333333332,0.10277777777777777,0.13055555555555556,0.24722222222222223,0.33611111111111114
794,720,0.01,0.08898363815231476,0.09306277165343912,319,2.956596652615594e-05,0.036323510110378265,571617,11.490472197532654,0.125,0.2125,0.225,0.09583333333333334,0.3416666666666667
795,720,0.01,-0.02362761201978968,-0.023350665477983257,279,2.9968684503955956e-05,0.036719612777233124,572337,11.500894633928935,0.2375,0.18888888888888888,0.2111111111111111,0.1375,0.225
796,720,0.01,-0.09697173264583274,-0.09241833929708332,252,2.885826296505911e-05,0.037319473922252655,573057,11.511328434944152,0.08888888888888889,0.3013888888888889,0.19444444444444445,0.26944444444444443,0.14583333333333334
797,720,0.01,-0.07316066276516663,-0.07054851021703024,267,2.8379566383465417e-05,0.037392374128103256,573777,11.522598600387573,0.19722222222222222,0.3861111111111111,0.1763888888888889,0.14027777777777778,0.1
798,720,0.01,-0.14406267855185834,-0.13416652283008523,231,3.0922636390566065e-05,0.03754115104675293,574497,11.53299913406372,0.2263888888888889,0.27361111111111114,0.25416666666666665,0.16805555555555557,0.07777777777777778
799,720,0.01,0.026660935655927587,0.027019518022129763,289,2.9510526725415627e-05,0.03754139691591263,575217,11.54363678296407,0.14027777777777778,0.2833333333333333,0.2361111111111111,0.12222222222222222,0.21805555555555556
800,720,0.01,0.04136780212710931,0.04223537144472034,289,2.9469184779726573e-05,0.03811860829591751,575937,11.55423289934794,0.2625,0.175,0.175,0.10833333333333334,0.2791666666666667
801,720,0.01,0.06946715250470371,0.0719368501858324,318,3.023039490509897e-05,0.03762243688106537,576657,11.574061965942382,0.24444444444444444,0.2222222222222222,0.15416666666666667,0.15694444444444444,0.2222222222222222
802,720,0.01,0.29411872127767796,0.34194321142280537,211,2.8234085136268228e-05,0.037196084856987,577377,11.585961012045543,0.22083333333333333,0.2152777777777778,0.18194444444444444,0.19027777777777777,0.19166666666666668
803,720,0.01,-0.1069764134272519,-0.10145313361860464,268,2.9855277016900397e-05,0.03696499019861221,578097,11.598741436004639,0.24027777777777778,0.23472222222222222,0.15138888888888888,0.17777777777777778,0.19583333333333333
804,720,0.01,0.09791830856910251,0.10287268618057133,217,2.7818916899175546e-05,0.03646096587181091,578817,11.610650114218394,0.2791666666666667,0.20833333333333334,0.18333333333333332,0.17916666666666667,0.15
805,720,0.01,0.1099786312064736,0.11625421719812579,267,3.0197185097020135e-05,0.03602975979447365,579537,11.622181916236878,0.2833333333333333,0.19027777777777777,0.14722222222222223,0.23472222222222222,0.14444444444444443
806,720,0.01,-0.19309513664496314,-0.17559646057867684,242,2.9859616360757477e-05,0.0359494723379612,580257,11.633494516213736,0.29305555555555557,0.2263888888888889,0.1527777777777778,0.13472222222222222,0.19305555555555556
807,720,0.01,0.13608298021122361,0.14577696646491956,187,3.0182510686118905e-05,0.03571118786931038,580977,11.644418533643087,0.24305555555555555,0.25555555555555554,0.13194444444444445,0.23194444444444445,0.1375
808,720,0.01,-0.1868665800377012,-0.17044559187981367,200,2.9976738039118168e-05,0.03663882613182068,581697,11.656991597016653,0.33055555555555555,0.1986111111111111,0.1375,0.13055555555555556,0.20277777777777778
809,720,0.01,0.14182325252778302,0.1523729515298351,255,2.7382485785033673e-05,0.036924805492162704,582417,11.669530550638834,0.2791666666666667,0.15555555555555556,0.18055555555555555,0.10555555555555556,0.2791666666666667
810,720,0.01,0.1116332629196135,0.11810273571276464,230,2.7807791394707237e-05,0.03656952083110809,583137,11.68090413014094,0.17777777777777778,0.32083333333333336,0.17916666666666667,0.13333333333333333,0.18888888888888888
811,720,0.01,-0.006116716220249949,-0.0060980471953612225,213,2.7880942955486413e-05,0.03611819073557854,583857,11.7013822833697,0.2611111111111111,0.2611111111111111,0.175,0.10416666666666667,0.1986111111111111
812,720,0.01,0.007510312505146017,0.007538585637808293,266,2.913274406826834e-05,0.03648970648646355,584577,11.713952513535817,0.21388888888888888,0.21805555555555556,0.26944444444444443,0.1361111111111111,0.1625
813,720,0.01,0.1974571190722469,0.21830082198000444,263,3.1307265171183944e-05,0.0364638976752758,585297,11.726272650559743,0.33611111111111114,0.31805555555555554,0.10138888888888889,0.11388888888888889,0.13055555555555556
814,720,0.01,-0.15249391785544644,-0.141435884148424,244,2.9405538153544816e-05,0.036678023636341095,586017,11.739819232622782,0.3875,0.275,0.1625,0.06388888888888888,0.1111111111111111
815,720,0.01,-0.11099471835582307,-0.10505652431045509,224,2.966757371609674e-05,0.036965738981962204,586737,11.752635014057159,0.35,0.4013888888888889,0.10416666666666667,0.05694444444444444,0.0875
816,720,0.01,-0.11021827483988794,-0.10436138141695417,239,3.0377225389581023e-05,0.03695961833000183,587457,11.765250766277314,0.19027777777777777,0.39305555555555555,0.2,0.14166666666666666,0.075
817,720,0.01,-0.13658183800833393,-0.1276650728147135,208,3.0484458466162324e-05,0.037684861570596695,588177,11.77841606537501,0.275,0.20972222222222223,0.18472222222222223,0.10138888888888889,0.22916666666666666
818,720,0.01,-0.14171869243775906,-0.1321346407611098,201,2.910069885299688e-05,0.037094857543706894,588897,11.792954897880554,0.18472222222222223,0.3527777777777778,0.15138888888888888,0.2013888888888889,0.10972222222222222
819,720,0.01,0.03113529277186373,0.031625065860131585,178,2.982592193916389e-05,0.03746071457862854,589617,11.80502636830012,0.19166666666666668,0.3388888888888889,0.30277777777777776,0.07083333333333333,0.09583333333333334
820,720,0.01,-0.12486333991891704,-0.11738248707601973,207,2.9011963014606106e-05,0.03725181519985199,590337,11.817094413439433,0.3277777777777778,0.27361111111111114,0.16805555555555557,0.08055555555555556,0.15
821,720,0.01,0.08314379048044226,0.08669805414995646,137,2.8662590408304014e-05,0.0380534827709198,591057,11.83838356733322,0.35555555555555557,0.24166666666666667,0.15694444444444444,0.175,0.07083333333333333
822,720,0.01,0.16898623781240535,0.18410384295261806,253,2.9815268582448577e-05,0.03891546279191971,591777,11.849815464019775,0.32083333333333336,0.18333333333333332,0.12222222222222222,0.12777777777777777,0.24583333333333332
823,720,0.01,0.008323913458402452,0.00835865355030796,191,2.95395040495805e-05,0.03886875882744789,592497,11.860973914464315,0.31527777777777777,0.30833333333333335,0.1361111111111111,0.05694444444444444,0.18333333333333332
824,720,0.01,-0.22971878581554914,-0.20524293195825083,140,2.9953398436393602e-05,0.03903849795460701,593217,11.871973566214244,0.375,0.12777777777777777,0.2388888888888889,0.06111111111111111,0.19722222222222222
825,720,0.01,-0.035680736549111726,-0.03505168296019878,265,2.9871998635952776e-05,0.039013102650642395,593937,11.88302671511968,0.24861111111111112,0.1875,0.18333333333333332,0.09583333333333334,0.2847222222222222
826,720,0.01,-0.07173493877720223,-0.06922242384044774,166,2.8577504076565673e-05,0.03934125602245331,594657,11.89569133122762,0.2847222222222222,0.38333333333333336,0.17222222222222222,0.05555555555555555,0.10416666666666667
827,720,0.01,-0.04130225320574457,-0.040460937644558936,176,2.8607363577116807e-05,0.03956840559840202,595377,11.906707898775737,0.20972222222222223,0.20555555555555555,0.16666666666666666,0.17777777777777778,0.24027777777777778
828,720,0.01,-0.16558243803165568,-0.15259999766285126,147,2.9516831021207204e-05,0.03948031738400459,596097,11.920009450117748,0.41388888888888886,0.1361111111111111,0.08194444444444444,0.18194444444444444,0.18611111111111112
829,720,0.01,-0.11270958022122798,-0.10658991359742531,131,2.8740928948738857e-05,0.03924105316400528,596817,11.933515099684397,0.25833333333333336,0.24722222222222223,0.18333333333333332,0.15555555555555556,0.15555555555555556
830,720,0.01,0.14649218240444659,0.15776587983768242,138,3.0245069960225617e-05,0.03929220885038376,597537,11.946901830037435,0.32083333333333336,0.16111111111111112,0.18888888888888888,0.21388888888888888,0.11527777777777778
831,720,0.01,-0.01671050903977221,-0.01657166295562229,176,3.0173594913346986e-05,0.03917963057756424,598257,11.968937281767527,0.3541666666666667,0.2125,0.18333333333333332,0.09583333333333334,0.15416666666666667
832,720,0.01,0.09168538589598539,0.09601994449916362,144,3.121290133284068e-05,0.039398442953825,598977,11.980907917022705,0.4041666666666667,0.22361111111111112,0.08472222222222223,0.17083333333333334,0.11666666666666667
833,720,0.01,-0.04329467156571385,-0.0423708375978199,262,2.9810383258816526e-05,0.03967580571770668,599697,11.993312966823577,0.14166666666666666,0.2791666666666667,0.23472222222222222,0.24722222222222223,0.09722222222222222
834,720,0.01,-0.07766904121701595,-0.07472939769256448,242,2.9031642689384778e-05,0.03921469673514366,600417,12.006046748161316,0.33055555555555555,0.2375,0.18611111111111112,0.08472222222222223,0.16111111111111112
835,720,0.01,0.11235748936193543,0.11891278857464349,187,3.08500490480886e-05,0.039344482123851776,601137,12.018916447957357,0.2222222222222222,0.25,0.19583333333333333,0.2611111111111111,0.07083333333333333
836,720,0.01,0.1932171795905834,0.21314623551371614,113,2.9528604972660508e-05,0.039558857679367065,601857,12.03005256652832,0.3375,0.18333333333333332,0.24861111111111112,0.11944444444444445,0.1111111111111111
837,720,0.01,-0.040627602485617885,-0.03981336550720893,113,2.890557599547113e-05,0.03853655606508255,602577,12.042802147070567,0.2611111111111111,0.1638888888888889,0.1875,0.2222222222222222,0.16527777777777777
838,720,0.01,-0.18370166011245073,-0.16781595951155914,155,3.21100151779774e-05,0.03868218883872032,603297,12.054014547665913,0.13194444444444445,0.46111111111111114,0.2152777777777778,0.10833333333333334,0.08333333333333333
839,720,0.01,-0.04540650225277891,-0.044391054321154866,95,3.071400257049895e-05,0.038920048624277115,604017,12.066129151980082,0.3638888888888889,0.1638888888888889,0.15555555555555556,0.21944444444444444,0.09722222222222222
840,720,0.01,-0.014524253992817013,-0.014419285825069017,210,2.8040282629465058e-05,0.03868953511118889,604737,12.077248664697011,0.17083333333333334,0.175,0.2777777777777778,0.2569444444444444,0.11944444444444445
841,720,0.01,0.21518881409151805,0.24009602246614659,235,2.898371104846673e-05,0.03873535618185997,605457,12.097548683484396,0.2986111111111111,0.21666666666666667,0.1875,0.2388888888888889,0.058333333333333334
842,720,0.01,-0.04599886479418064,-0.04495695363947738,164,2.7377445174655198e-05,0.03848107531666756,606177,12.110922201474507,0.3472222222222222,0.20555555555555555,0.1638888888888889,0.09583333333333334,0.1875
843,720,0.01,0.035509547597530916,0.03614754080054139,127,2.7761479772278916e-05,0.038589660078287125,606897,12.122897867361704,0.28055555555555556,0.19166666666666668,0.16666666666666666,0.29305555555555557,0.06805555555555555
844,720,0.01,0.0019749328445226623,0.0019768843088514565,182,2.8985185166953264e-05,0.03811885416507721,607617,12.134692200024922,0.25416666666666665,0.13333333333333333,0.17916666666666667,0.20555555555555555,0.22777777777777777
845,720,0.01,0.16897387498966618,0.18408920417718977,140,2.7380873291981012e-05,0.038273707032203674,608337,12.146968547503153,0.18888888888888888,0.20972222222222223,0.30694444444444446,0.14166666666666666,0.1527777777777778
846,720,0.01,0.03257011750514586,0.033106329442787574,204,2.7664776076916396e-05,0.03791280835866928,609057,12.159246798356374,0.3416666666666667,0.12916666666666668,0.24305555555555555,0.19583333333333333,0.09027777777777778
847,720,0.01,-0.03845244390086499,-0.03772253418573934,180,2.882140272914866e-05,0.038101404905319214,609777,12.171796580155691,0.3958333333333333,0.10833333333333334,0.1375,0.17083333333333334,0.1875
848,720,0.01,-0.0315823642684588,-0.03108885049086596,190,2.8184370768258306e-05,0.037902213633060455,610497,12.181835635503132,0.28055555555555556,0.22083333333333333,0.2152777777777778,0.2111111111111111,0.07222222222222222
849,720,0.01,0.02361202831508825,0.023892999329311992,243,2.7202396510498753e-05,0.03748871758580208,611217,12.192878484725952,0.3194444444444444,0.14444444444444443,0.16805555555555557,0.15694444444444444,0.2111111111111111
850,720,0.01,0.036156177370817985,0.036817761318858944,237,2.7312859784463703e-05,0.03757636994123459,611937,12.204406615098318,0.2125,0.1625,0.10416666666666667,0.3611111111111111,0.1597222222222222
851,720,0.01,0.15211078803114264,0.1642892185973499,157,2.561620016321184e-05,0.038319602608680725,612657,12.222987496852875,0.3013888888888889,0.16666666666666666,0.20972222222222223,0.1986111111111111,0.12361111111111112
852,720,0.01,-0.02093910025383716,-0.020721399428269782,150,2.734704796378335e-05,0.03911806270480156,613377,12.233815483252208,0.35555555555555557,0.15833333333333333,0.19027777777777777,0.09583333333333334,0.2
853,720,0.01,0.19324446774844475,0.21317934049138643,202,2.589756271428693e-05,0.03851833939552307,614097,12.246768550078075,0.38472222222222224,0.13194444444444445,0.14444444444444443,0.225,0.11388888888888889
854,720,0.01,0.1097443799197647,0.11599276383554136,197,2.5531351096219623e-05,0.03857056796550751,614817,12.257942700386048,0.3277777777777778,0.19583333333333333,0.25416666666666665,0.1638888888888889,0.058333333333333334
855,720,0.01,0.06877242589377948,0.07119240575339791,172,2.5624739812555063e-05,0.038487840443849564,615537,12.268948578834534,0.23055555555555557,0.2111111111111111,0.25555555555555554,0.1597222222222222,0.14305555555555555
856,720,0.01,-0.11607463808750001,-0.10959123758987388,159,2.840719653502472e-05,0.03909905254840851,616257,12.281084779898325,0.30416666666666664,0.15416666666666667,0.21388888888888888,0.18055555555555555,0.14722222222222223
857,720,0.01,0.02245510886924251,0.022709122564994022,155,2.490749628552496e-05,0.03907331824302673,616977,12.292845996220906,0.25833333333333336,0.21944444444444444,0.275,0.18472222222222223,0.0625
858,720,0.01,-0.09775284759399296,-0.0931269880948179,160,2.586084375353595e-05,0.03897859901189804,617697,12.305999847253164,0.32916666666666666,0.13055555555555556,0.26805555555555555,0.14166666666666666,0.13055555555555556
859,720,0.01,0.14337962645018756,0.154167871161214,190,2.5755367261126594e-05,0.03839178383350372,618417,12.317438050111134,0.2777777777777778,0.18194444444444444,0.26666666666666666,0.2013888888888889,0.07222222222222222
860,720,0.01,-0.07453487670060471,-0.0718248981906685,170,2.671904690600968e-05,0.03810930997133255,619137,12.331986951828004,0.17916666666666667,0.23055555555555557,0.19305555555555556,0.2569444444444444,0.14027777777777778
861,720,0.01,0.047440521549654724,0.04858383112513476,175,2.643905415690521e-05,0.03756403923034668,619857,12.35641481479009,0.31805555555555554,0.17222222222222222,0.1638888888888889,0.06805555555555555,0.2777777777777778
862,720,0.01,0.02290265383764691,0.023166933324747285,163,2.6257791688522047e-05,0.03747130557894707,620577,12.368645298480988,0.2388888888888889,0.19444444444444445,0.25833333333333336,0.21944444444444444,0.08888888888888889
863,720,0.01,0.0206854271806967,0.020900853460366964,162,2.464148138933019e-05,0.03757163882255554,621297,12.381324779987334,0.3875,0.1486111111111111,0.18611111111111112,0.19583333333333333,0.08194444444444444
864,720,0.01,-0.03580013524086354,-0.03516688964895942,199,2.554579585655069e-05,0.03757169842720032,622017,12.392211214701335,0.3333333333333333,0.11666666666666667,0.13333333333333333,0.19027777777777777,0.2263888888888889
865,720,0.01,0.12664223740607516,0.13501088069867917,158,2.708689969684504e-05,0.036782458424568176,622737,12.403653848171235,0.42777777777777776,0.21666666666666667,0.12916666666666668,0.10833333333333334,0.11805555555555555
866,720,0.01,-0.02778383293527723,-0.027401412139114845,130,2.519827599137948e-05,0.036928556859493256,623457,12.41530109643936,0.3,0.2375,0.21666666666666667,0.17083333333333334,0.075
867,720,0.01,0.11172897595741996,0.11820975784380305,155,2.4679646799086186e-05,0.03646311163902283,624177,12.427629764874776,0.2916666666666667,0.17083333333333334,0.1597222222222222,0.18888888888888888,0.18888888888888888
868,720,0.01,0.06492998550175394,0.06708431039611407,184,2.4819917184181073e-05,0.036258067935705185,624897,12.43936148484548,0.25416666666666665,0.1875,0.18194444444444444,0.19305555555555556,0.18333333333333332
869,720,0.01,-0.008630208695849505,-0.008593075344420442,185,2.5511340588637822e-05,0.035788893699645996,625617,12.450788815816244,0.3375,0.2111111111111111,0.20833333333333334,0.09722222222222222,0.14583333333333334
870,720,0.01,-0.10847002892381385,-0.10279421536306399,180,2.681086792159072e-05,0.035453736782073975,626337,12.462695980072022,0.19166666666666668,0.17222222222222222,0.2972222222222222,0.15138888888888888,0.1875
871,720,0.01,0.03586663397221545,0.036517601037325154,181,2.759369737582852e-05,0.03535113111138344,627057,12.485265564918517,0.24166666666666667,0.09305555555555556,0.175,0.18333333333333332,0.30694444444444446
872,720,0.01,0.19466879520863523,0.21490853631839935,160,2.5812719343952673e-05,0.03492195904254913,627777,12.496487232049306,0.4708333333333333,0.04722222222222222,0.21805555555555556,0.12083333333333333,0.14305555555555555
873,720,0.01,-0.037861896191345334,-0.03715409560385141,142,2.6266984527486177e-05,0.03482433408498764,628497,12.506398765246074,0.37777777777777777,0.15,0.25277777777777777,0.05416666666666667,0.16527777777777777
874,720,0.01,0.045808490147939314,0.0468739050914353,101,2.648372925540975e-05,0.035119324922561646,629217,12.518104819456736,0.4263888888888889,0.05555555555555555,0.15833333333333333,0.1486111111111111,0.2111111111111111
875,720,0.01,-0.0036945726456799467,-0.003687756109477802,161,2.83701487477275e-05,0.03483659401535988,629937,12.529537467161814,0.3875,0.1625,0.1361111111111111,0.2,0.11388888888888889
876,720,0.01,-0.029000717546875946,-0.028584232569994095,198,2.607845557412879e-05,0.03496713936328888,630657,12.540674599011739,0.20972222222222223,0.1388888888888889,0.23055555555555557,0.22777777777777777,0.19305555555555556
877,720,0.01,-0.24585080845920143,-0.2179611101905118,161,2.7627956668159945e-05,0.03535455837845802,631377,12.553409485022227,0.49722222222222223,0.07361111111111111,0.0375,0.23194444444444445,0.1597222222222222
878,720,0.01,0.07354456492558466,0.07631650156790615,148,2.6989244974452553e-05,0.03620468080043793,632097,12.564962951342265,0.29444444444444445,0.1375,0.22916666666666666,0.1638888888888889,0.175
879,720,0.01,-0.003779435698364548,-0.0037723026204325993,151,2.655092733903075e-05,0.035264987498521805,632817,12.577473080158233,0.4583333333333333,0.1125,0.22083333333333333,0.1736111111111111,0.034722222222222224
880,720,0.01,0.019134569346262603,0.019318808454133363,235,2.624503703587935e-05,0.03511509299278259,633537,12.5894957502683,0.2791666666666667,0.18194444444444444,0.1527777777777778,0.16944444444444445,0.21666666666666667
881,720,0.01,0.22923039790466299,0.2576317613555008,129,2.7391442161059684e-05,0.03489051014184952,634257,12.610091400146484,0.4027777777777778,0.08333333333333333,0.11805555555555555,0.2875,0.10833333333333334
882,720,0.01,-0.10396303131644966,-0.09874138485011408,176,2.6594891741322297e-05,0.03461519628763199,634977,12.620838248729706,0.24305555555555555,0.25,0.175,0.16111111111111112,0.17083333333333334
883,720,0.01,0.10598088472562019,0.11180062392942691,201,2.6059955435660715e-05,0.0345919169485569,635697,12.631033535798391,0.4125,0.09166666666666666,0.15,0.17083333333333334,0.175
884,720,0.01,0.03664363676021452,0.03732329107430776,202,2.544852528419344e-05,0.03424547612667084,636417,12.63978746732076,0.4125,0.10277777777777777,0.14444444444444443,0.25,0.09027777777777778
885,720,0.01,-0.13956695746891518,-0.13026521398518554,198,2.5321324862185672e-05,0.03460293263196945,637137,12.650241967042287,0.3625,0.05416666666666667,0.059722222222222225,0.3875,0.1361111111111111
886,720,0.01,-0.227621640555964,-0.20357446204009266,200,2.7133891294144835e-05,0.03476763516664505,637857,12.6620574315389,0.37777777777777777,0.14027777777777778,0.17777777777777778,0.1875,0.11666666666666667
887,720,0.01,0.21956656484814996,0.2455367541612763,162,2.6007438016348615e-05,0.03515184670686722,638577,12.67400004863739,0.475,0.10416666666666667,0.12222222222222222,0.2625,0.03611111111111111
888,720,0.01,-0.16962088574795384,-0.15601527741106525,215,2.5453656490349707e-05,0.03461211174726486,639297,12.687795797983805,0.3333333333333333,0.26666666666666666,0.19166666666666668,0.12222222222222222,0.08611111111111111
889,720,0.01,0.20918762651247505,0.2326762595818226,170,2.8069459737404638e-05,0.034717969596385956,640017,12.69939679702123,0.2791666666666667,0.17916666666666667,0.21944444444444444,0.2722222222222222,0.05
890,720,0.01,0.08700971668542698,0.09090727966964396,210,2.7734383595796114e-05,0.03564506024122238,640737,12.712524966398876,0.2625,0.1111111111111111,0.25555555555555554,0.25277777777777777,0.11805555555555555
891,720,0.01,-0.14480134610688697,-0.13480584977362609,136,2.9534476966040935e-05,0.036432113498449326,641457,12.73488742907842,0.49166666666666664,0.0763888888888889,0.1986111111111111,0.1361111111111111,0.09722222222222222
892,720,0.01,-0.07496326404885309,-0.07222243150604091,189,2.7448888891336133e-05,0.03653654456138611,642177,12.748581147193908,0.37083333333333335,0.15833333333333333,0.20694444444444443,0.12777777777777777,0.1361111111111111
893,720,0.01,0.12407970468388285,0.1321061015621725,147,2.9230326072769862e-05,0.036155492067337036,642897,12.763210447629293,0.31527777777777777,0.17222222222222222,0.25416666666666665,0.15833333333333333,0.1
894,720,0.01,0.17287097882534996,0.18871272607743617,148,2.9729762877650502e-05,0.036256954073905945,643617,12.775649849573771,0.3486111111111111,0.20416666666666666,0.11805555555555555,0.12777777777777777,0.2013888888888889
895,720,0.01,0.1461408083395705,0.157359142396986,151,2.727250374050527e-05,0.036708295345306396,644337,12.786364483833314,0.5611111111111111,0.07916666666666666,0.10138888888888889,0.14305555555555555,0.11527777777777778
896,720,0.01,-0.16660500327341488,-0.1534660765645509,168,2.8279008428297754e-05,0.036985792219638824,645057,12.797137117385864,0.40694444444444444,0.09861111111111111,0.18333333333333332,0.26944444444444443,0.041666666666666664
897,720,0.01,0.25411127964244223,0.2893152708275366,223,2.77572771071593e-05,0.037765856832265854,645777,12.808705647786459,0.33194444444444443,0.16944444444444445,0.1597222222222222,0.1763888888888889,0.1625
898,720,0.01,-0.022891736065133755,-0.022631708217338398,224,2.738916441305466e-05,0.03744073957204819,646497,12.820811033248901,0.24583333333333332,0.2763888888888889,0.15555555555555556,0.20555555555555555,0.11666666666666667
899,720,0.01,0.025909347152615933,0.026247911961154946,195,2.8244317291460496e-05,0.03695748746395111,647217,12.832457447052002,0.33611111111111114,0.20694444444444443,0.15416666666666667,0.1486111111111111,0.15416666666666667
900,720,0.01,0.05051184128828291,0.05180931805861677,190,2.799199018568288e-05,0.037468742579221725,647937,12.844999682903289,0.3763888888888889,0.1361111111111111,0.1125,0.20694444444444443,0.16805555555555557
901,720,0.01,0.018790443183250412,0.0189680945320736,220,2.766333352547513e-05,0.03698474541306496,648657,12.866217029094695,0.3472222222222222,0.1,0.0875,0.1763888888888889,0.28888888888888886
902,720,0.01,-0.08695554805345282,-0.08328215537991102,237,2.9043338127444764e-05,0.03694573789834976,649377,12.880636151631673,0.41388888888888886,0.21388888888888888,0.04861111111111111,0.11527777777777778,0.20833333333333334
903,720,0.01,0.02772886889208343,0.028116892156467177,154,2.8208945246256513e-05,0.0369611531496048,650097,12.8926953514417,0.46111111111111114,0.2111111111111111,0.07916666666666666,0.15555555555555556,0.09305555555555556
904,720,0.01,0.20802266388777946,0.23124107394218507,141,2.8815980684587178e-05,0.037524882704019547,650817,12.904489799340565,0.32222222222222224,0.26805555555555555,0.21805555555555556,0.1625,0.029166666666666667
905,720,0.01,-0.037564698105350694,-0.036867897117241366,156,2.607551888837002e-05,0.03765973076224327,651537,12.917291967074076,0.28888888888888886,0.23055555555555557,0.17777777777777778,0.19583333333333333,0.10694444444444444
906,720,0.01,-0.09136539029618995,-0.0873158359714391,203,2.764271076658689e-05,0.03787684068083763,652257,12.931191062927246,0.5486111111111112,0.044444444444444446,0.04722222222222222,0.15694444444444444,0.20277777777777778
907,720,0.01,0.01081282418930621,0.010871494044377705,183,2.8191088659291885e-05,0.03806000575423241,652977,12.943573462963105,0.2513888888888889,0.2986111111111111,0.22083333333333333,0.11388888888888889,0.11527777777777778
908,720,0.01,-0.04506237558652735,-0.0440621472108319,179,2.950962653534993e-05,0.03838803619146347,653697,12.956964202721913,0.31666666666666665,0.22361111111111112,0.09166666666666666,0.15,0.21805555555555556
909,720,0.01,0.10505913732298208,0.11077629675004785,142,2.9034839935270106e-05,0.038292694836854935,654417,12.969157433509826,0.5402777777777777,0.17083333333333334,0.0763888888888889,0.13055555555555556,0.08194444444444444
910,720,0.01,0.04460657261281279,0.045616404845022274,178,2.883077425192621e-05,0.03867213800549507,655137,12.981974013646443,0.4375,0.13333333333333333,0.0875,0.16805555555555557,0.1736111111111111
911,720,0.01,0.2783650256130353,0.32096829647667136,204,2.8917598951415535e-05,0.03874390199780464,655857,13.004315634568533,0.41388888888888886,0.15694444444444444,0.04861111111111111,0.2513888888888889,0.12916666666666668
912,720,0.01,0.03351694674143273,0.034084967948359024,181,2.9414460449414846e-05,0.03895656019449234,656577,13.017937882741291,0.2638888888888889,0.18333333333333332,0.1375,0.34305555555555556,0.07222222222222222
913,720,0.01,0.3396707303102784,0.40448506005919227,162,2.771046729384984e-05,0.03840161859989166,657297,13.03240088224411,0.47638888888888886,0.03333333333333333,0.10972222222222222,0.18472222222222223,0.19583333333333333
914,720,0.01,-0.22060483040791318,-0.19796644305039768,236,2.87557201678131e-05,0.03851095214486122,658017,13.046089080969493,0.34444444444444444,0.1763888888888889,0.09166666666666666,0.15138888888888888,0.2361111111111111
915,720,0.01,0.01635675151749316,0.01649125552645825,225,3.0307282819169105e-05,0.037726983428001404,658737,13.057667450110118,0.31666666666666665,0.16666666666666666,0.25972222222222224,0.14583333333333334,0.1111111111111111
916,720,0.01,-0.047830343861634934,-0.046704494206938674,272,3.1659934854941536e-05,0.0388651043176651,659457,13.069366451104482,0.36666666666666664,0.17222222222222222,0.06111111111111111,0.12916666666666668,0.2708333333333333
917,720,0.01,0.18152667197706368,0.19904651722442668,203,2.9124701940948703e-05,0.039757490158081055,660177,13.085013016064961,0.3638888888888889,0.2263888888888889,0.11388888888888889,0.2013888888888889,0.09444444444444444
918,720,0.01,0.0997259742032276,0.10486811422417941,247,3.025664496918681e-05,0.03971393406391144,660897,13.096340080102285,0.4013888888888889,0.20555555555555555,0.09583333333333334,0.12638888888888888,0.17083333333333334
919,720,0.01,0.2829276877093551,0.3270091992726589,246,2.9430602419072076e-05,0.0396965928375721,661617,13.107667116324107,0.36944444444444446,0.19722222222222222,0.09583333333333334,0.14166666666666666,0.19583333333333333
920,720,0.01,0.054948081837180605,0.05648576245176118,194,2.8886241479616123e-05,0.039850279688835144,662337,13.120970034599305,0.5763888888888888,0.0875,0.030555555555555555,0.175,0.13055555555555556
921,720,0.01,0.023552566975139706,0.02383211908963312,233,2.933608228280112e-05,0.03918980807065964,663057,13.145530263582865,0.30277777777777776,0.25833333333333336,0.08472222222222223,0.1986111111111111,0.15555555555555556
922,720,0.01,0.054285843083543214,0.05578634825235773,240,2.8939801473547454e-05,0.03858834132552147,663777,13.159121668338775,0.4027777777777778,0.28888888888888886,0.15138888888888888,0.10833333333333334,0.04861111111111111
923,720,0.01,-0.09272297664268449,-0.08855404285463642,165,3.0264731643430625e-05,0.03871135041117668,664497,13.17136378288269,0.39166666666666666,0.19305555555555556,0.09722222222222222,0.22083333333333333,0.09722222222222222
924,720,0.01,0.32242012516779883,0.38046462207573595,200,2.9426721339910322e-05,0.038967300206422806,665217,13.182986966768901,0.3347222222222222,0.15833333333333333,0.10416666666666667,0.2902777777777778,0.1125
925,720,0.01,-0.07555471708278362,-0.0727710061196849,194,2.9012817916888403e-05,0.03879953920841217,665937,13.195195547739665,0.5069444444444444,0.14305555555555555,0.1527777777777778,0.10416666666666667,0.09305555555555556
926,720,0.01,0.21510358714176814,0.23999033736842867,201,2.947648927021065e-05,0.038274772465229034,666657,13.20688985188802,0.4791666666666667,0.12361111111111112,0.1388888888888889,0.16527777777777777,0.09305555555555556
927,720,0.01,0.02517707638621099,0.02549669569656321,202,2.9804233426173394e-05,0.0380396768450737,667377,13.219778080781301,0.36666666666666664,0.20416666666666666,0.12916666666666668,0.2013888888888889,0.09861111111111111
928,720,0.01,0.21294067136306527,0.23731124107656343,257,2.942790197772006e-05,0.037978582084178925,668097,13.234416313966115,0.3541666666666667,0.1763888888888889,0.1361111111111111,0.18888888888888888,0.14444444444444443
929,720,0.01,0.06019935251756753,0.062048247435010806,275,2.8921991949775676e-05,0.037997931241989136,668817,13.246630946795145,0.48333333333333334,0.1375,0.13472222222222222,0.16666666666666666,0.07777777777777778
930,720,0.01,0.5129979377763408,0.6702911253231105,251,3.0194682477081694e-05,0.038111381232738495,669537,13.259918196996052,0.3763888888888889,0.22916666666666666,0.15694444444444444,0.14166666666666666,0.09583333333333334
931,720,0.01,0.2514824911109912,0.2859303846544128,258,2.8335532950526005e-05,0.038294319063425064,670257,13.282641700903575,0.41388888888888886,0.10138888888888889,0.07777777777777778,0.3597222222222222,0.04722222222222222
932,720,0.01,-0.02749602852710851,-0.02712145369344554,305,3.14799835873853e-05,0.03830462321639061,670977,13.294094117482503,0.3972222222222222,0.2833333333333333,0.12777777777777777,0.09305555555555556,0.09861111111111111
933,720,0.01,-0.014603951874034224,-0.014497831389757132,243,3.077345995987141e-05,0.03854852914810181,671697,13.306647018591564,0.3680555555555556,0.30416666666666664,0.059722222222222225,0.15694444444444444,0.1111111111111111
934,720,0.01,-0.058573305378684506,-0.05689089710430739,237,2.956472844933463e-05,0.03867106884717941,672417,13.318759767214457,0.46805555555555556,0.14027777777777778,0.15138888888888888,0.19583333333333333,0.044444444444444446
935,720,0.01,0.28039746623861567,0.32365581629462614,335,3.0125493838618745e-05,0.03913913667201996,673137,13.331501082579296,0.41805555555555557,0.2791666666666667,0.09444444444444444,0.09305555555555556,0.11527777777777778
936,720,0.01,0.17254489097041242,0.18832516448744974,326,2.8863275124674854e-05,0.03934205323457718,673857,13.344308213392894,0.42916666666666664,0.32222222222222224,0.0875,0.11666666666666667,0.044444444444444446
937,720,0.01,0.0029764990915712615,0.002980933263337482,213,2.8891343041929456e-05,0.03921306133270264,674577,13.356146331628164,0.3194444444444444,0.2222222222222222,0.15833333333333333,0.21388888888888888,0.08611111111111111
938,720,0.01,-0.04928447490980036,-0.04808970341804186,255,3.0173271386502166e-05,0.03992047160863876,675297,13.369226384162904,0.30694444444444446,0.26944444444444443,0.125,0.14722222222222223,0.15138888888888888
939,720,0.01,-0.07576522803423572,-0.07296617743383349,267,2.7250709438754306e-05,0.0396517850458622,676017,13.381666350364686,0.29444444444444445,0.31527777777777777,0.13055555555555556,0.17916666666666667,0.08055555555555556
940,720,0.01,0.09410660093127159,0.09867685965125328,254,2.8058578966591894e-05,0.040183357894420624,676737,13.393033798535665,0.35555555555555557,0.3486111111111111,0.09583333333333334,0.14166666666666666,0.058333333333333334
941,720,0.01,0.21010883748889952,0.23381233768599485,254,2.8495405352183904e-05,0.04047278314828873,677457,13.416064635912578,0.45416666666666666,0.23333333333333334,0.05277777777777778,0.19722222222222222,0.0625
942,720,0.01,0.16887475868665194,0.18397184744891137,282,2.6644957761669098e-05,0.04015306010842323,678177,13.427089850107828,0.3625,0.3138888888888889,0.06666666666666667,0.15416666666666667,0.10277777777777777
943,720,0.01,-0.09550649329013851,-0.0910875401978044,232,2.8284457834438905e-05,0.04123476892709732,678897,13.439548965295156,0.4361111111111111,0.15,0.20833333333333334,0.15,0.05555555555555555
944,720,0.01,0.15592612441728929,0.1687398585624451,284,2.6778546091084838e-05,0.04090198501944542,679617,13.453974397977193,0.2847222222222222,0.1625,0.10833333333333334,0.2722222222222222,0.17222222222222222
945,720,0.01,0.07233840857490033,0.07501907818920817,249,2.9381458711618e-05,0.040836550295352936,680337,13.465545030434926,0.30277777777777776,0.3402777777777778,0.15,0.175,0.03194444444444444
946,720,0.01,-0.19662063938623142,-0.17849778020658602,236,2.9233158089583514e-05,0.04045455902814865,681057,13.478073716163635,0.3138888888888889,0.23194444444444445,0.1638888888888889,0.1986111111111111,0.09166666666666666
947,720,0.01,-0.01794360538970438,-0.01778357749119419,226,3.0184754309124806e-05,0.041035521775484085,681777,13.491644763946534,0.39861111111111114,0.2388888888888889,0.175,0.1625,0.025
948,720,0.01,0.14577148110181895,0.15693177706552675,228,3.071151868804615e-05,0.04087845981121063,682497,13.503781350453695,0.4486111111111111,0.19583333333333333,0.1597222222222222,0.14027777777777778,0.05555555555555555
949,720,0.01,0.01681460622327916,0.01695676739145524,239,2.8895791265565802e-05,0.041134532541036606,683217,13.513387084007263,0.25555555555555554,0.41944444444444445,0.12638888888888888,0.1125,0.08611111111111111
950,720,0.01,0.21914454417965354,0.2450112228079966,294,2.8172742522908973e-05,0.04095952585339546,683937,13.523379198710124,0.4652777777777778,0.30416666666666664,0.08472222222222223,0.11805555555555555,0.027777777777777776
951,720,0.01,0.13188105414679382,0.14097259723654543,213,2.9022043315131265e-05,0.04173316806554794,684657,13.544307434558869,0.3611111111111111,0.2,0.13194444444444445,0.18055555555555555,0.12638888888888888
952,720,0.01,0.11062411433824734,0.11697497305894489,196,2.9307668397551525e-05,0.041498858481645584,685377,13.554825047651926,0.3277777777777778,0.2652777777777778,0.15416666666666667,0.07222222222222222,0.18055555555555555
953,720,0.01,-0.14648169589781404,-0.13625845779648138,174,2.842276324170396e-05,0.04088439419865608,686097,13.565070168177288,0.29583333333333334,0.3375,0.075,0.17222222222222222,0.11944444444444445
954,720,0.01,-0.06923567331843741,-0.06689325420033876,140,2.9390605531413407e-05,0.041321348398923874,686817,13.575534248352051,0.45694444444444443,0.23194444444444445,0.1486111111111111,0.07222222222222222,0.09027777777777778
955,720,0.01,0.20377817278581986,0.22602615732226417,152,3.073012446053427e-05,0.041196659207344055,687537,13.587901266415914,0.44722222222222224,0.22777777777777777,0.20277777777777778,0.1,0.022222222222222223
956,720,0.01,0.1756036348435502,0.19196551140981222,172,2.9000971164173786e-05,0.040999121963977814,688257,13.600732517242431,0.36527777777777776,0.19444444444444445,0.20277777777777778,0.15555555555555556,0.08194444444444444
957,720,0.01,0.2833982352892763,0.32763376717284265,226,2.8622919793658893e-05,0.040640488266944885,688977,13.612883679072063,0.23333333333333334,0.30833333333333335,0.1638888888888889,0.1375,0.15694444444444444
958,720,0.01,0.6655197908448032,0.9455015124368238,187,2.924241123688868e-05,0.042135708034038544,689697,13.625788350900015,0.39166666666666666,0.1361111111111111,0.10138888888888889,0.030555555555555555,0.3402777777777778
959,720,0.01,0.06628793474888611,0.06853434104323108,234,3.060438513734375e-05,0.04268087446689606,690417,13.637749250729879,0.36527777777777776,0.2361111111111111,0.15416666666666667,0.1875,0.05694444444444444
960,720,0.01,0.558676786857987,0.7483575193807059,203,2.8912215452060588e-05,0.042327795177698135,691137,13.649401799837749,0.5069444444444444,0.19166666666666668,0.10694444444444444,0.14166666666666666,0.05277777777777778
961,720,0.01,-0.020909216715751574,-0.0206921346816501,166,3.0139846102707046e-05,0.04266440495848656,691857,13.66984691619873,0.2222222222222222,0.3819444444444444,0.1597222222222222,0.1597222222222222,0.0763888888888889
962,720,0.01,0.21568550609037943,0.24071212123132257,212,2.915517350553879e-05,0.042526356875896454,692577,13.680856863657633,0.4,0.2111111111111111,0.06111111111111111,0.12916666666666668,0.1986111111111111
963,720,0.01,0.03412792617715417,0.0347169656477031,169,3.0225236658528352e-05,0.04239837825298309,693297,13.69198083082835,0.44027777777777777,0.2652777777777778,0.07361111111111111,0.1388888888888889,0.08194444444444444
964,720,0.01,0.03516302012255727,0.03578854941330922,198,3.108647265435138e-05,0.04224370792508125,694017,13.70129401286443,0.35555555555555557,0.17916666666666667,0.10416666666666667,0.175,0.18611111111111112
965,720,0.01,-0.06637755968007225,-0.06422251426306458,142,2.990729227387116e-05,0.04208671674132347,694737,13.710859147707621,0.39166666666666666,0.11805555555555555,0.10555555555555556,0.14166666666666666,0.24305555555555555
966,720,0.01,0.09510687032440607,0.09977638230465846,191,3.098662004137825e-05,0.04300272464752197,695457,13.720513963699341,0.2791666666666667,0.27361111111111114,0.2833333333333333,0.07777777777777778,0.08611111111111111
967,720,0.01,0.022565929523659517,0.022822466139522657,139,3.0111531896181986e-05,0.043457262217998505,696177,13.730115532875061,0.4444444444444444,0.20694444444444443,0.0875,0.15416666666666667,0.10694444444444444
968,720,0.01,0.07425305767472684,0.0770793342038345,125,3.062038735429774e-05,0.04348231852054596,696897,13.740246597925822,0.33194444444444443,0.225,0.1111111111111111,0.29305555555555557,0.03888888888888889
969,720,0.01,-0.16190642457938415,-0.1494792113428427,243,3.0495054902404365e-05,0.043326884508132935,697617,13.751127099990844,0.43333333333333335,0.11805555555555555,0.13055555555555556,0.22083333333333333,0.09722222222222222
970,720,0.01,-0.026423021144518825,-0.02607698757117738,201,2.9154487930958972e-05,0.04359288513660431,698337,13.760746316115062,0.5361111111111111,0.11527777777777778,0.04861111111111111,0.17083333333333334,0.12916666666666668
971,720,0.01,0.049549208128935276,0.05079729871158367,146,3.0035377146633537e-05,0.04385807365179062,699057,13.779278047879536,0.35833333333333334,0.23055555555555557,0.125,0.12777777777777777,0.15833333333333333
972,720,0.01,0.006378143459746776,0.006398527130356824,219,2.7868529507991803e-05,0.043317124247550964,699777,13.788061165809632,0.2902777777777778,0.14166666666666666,0.11944444444444445,0.1486111111111111,0.3
973,720,0.01,0.0984753232746986,0.10348717360855364,173,2.88138481854124e-05,0.04359288141131401,700497,13.798182316621144,0.41388888888888886,0.2152777777777778,0.2,0.09444444444444444,0.0763888888888889
974,720,0.01,0.048048659510714575,0.0492217086973199,184,3.0088855407939263e-05,0.043693896383047104,701217,13.808447062969208,0.27361111111111114,0.13472222222222222,0.2152777777777778,0.25833333333333336,0.11805555555555555
975,720,0.01,-0.09685194990750383,-0.09230962016929922,210,2.8532095088470064e-05,0.04334595054388046,701937,13.818829663594563,0.19583333333333333,0.24166666666666667,0.3138888888888889,0.09027777777777778,0.15833333333333333
976,720,0.01,-0.018593701778695036,-0.018421905330882282,184,2.918323821303501e-05,0.0431981161236763,702657,13.828743263085682,0.3347222222222222,0.25833333333333336,0.1,0.16944444444444445,0.1375
977,720,0.01,0.12582631412506726,0.1340851766000395,170,2.9898085166577303e-05,0.043638043105602264,703377,13.839548083146413,0.3611111111111111,0.18055555555555555,0.22916666666666666,0.19444444444444445,0.034722222222222224
978,720,0.01,0.07751870843298775,0.0806024486479513,175,3.0348585290893325e-05,0.04324489086866379,704097,13.851838696002961,0.5444444444444444,0.06527777777777778,0.1486111111111111,0.17222222222222222,0.06944444444444445
979,720,0.01,0.0878121209815273,0.09178297964322502,145,3.122166834891181e-05,0.042908720672130585,704817,13.863408267498016,0.4,0.12638888888888888,0.1361111111111111,0.16805555555555557,0.16944444444444445
980,720,0.01,0.1369015127017632,0.1467152060762984,181,2.9454228420415045e-05,0.043039724230766296,705537,13.872600416342417,0.21944444444444444,0.19444444444444445,0.12916666666666668,0.1486111111111111,0.30833333333333335
981,720,0.01,0.07582702480766113,0.07877595653906644,162,2.8864512989280734e-05,0.043243151158094406,706257,13.891622797648113,0.38333333333333336,0.12916666666666668,0.1361111111111111,0.25833333333333336,0.09305555555555556
982,720,0.01,-0.10981494264832582,-0.1040000686704412,137,3.199694301151289e-05,0.043496981263160706,706977,13.90166156689326,0.4125,0.1597222222222222,0.10277777777777777,0.14027777777777778,0.18472222222222223
983,720,0.01,0.49478399460440503,0.6401439208546427,133,3.276714972963014e-05,0.04382302612066269,707697,13.912336651484171,0.5944444444444444,0.20555555555555555,0.09444444444444444,0.06666666666666667,0.03888888888888889
984,720,0.01,0.27907812980957103,0.3219106204600417,181,3.11383883608111e-05,0.043854646384716034,708417,13.921817231178284,0.3138888888888889,0.2652777777777778,0.2013888888888889,0.11805555555555555,0.10138888888888889
985,720,0.01,0.14906671267395535,0.1607504233906778,180,3.084005193474897e-05,0.04356643185019493,709137,13.931044065952301,0.5236111111111111,0.18888888888888888,0.2,0.05138888888888889,0.03611111111111111
986,720,0.01,-0.12373994142488656,-0.11639039874026191,112,3.067976599469249e-05,0.04352511093020439,709857,13.94181186358134,0.4236111111111111,0.0875,0.2152777777777778,0.18055555555555555,0.09305555555555556
987,720,0.01,0.03131334235129438,0.031808762622318465,177,3.107724367623632e-05,0.043648481369018555,710577,13.952882448832193,0.4652777777777778,0.1388888888888889,0.1361111111111111,0.1125,0.14722222222222223
988,720,0.01,0.18584121033777995,0.2042310257571749,189,3.2811934654041074e-05,0.04324880242347717,711297,13.964509129524231,0.3277777777777778,0.2,0.15833333333333333,0.26805555555555555,0.04583333333333333
989,720,0.01,-0.07699906391441734,-0.0741092796809576,126,3.182354890011791e-05,0.04331805557012558,712017,13.974767279624938,0.28888888888888886,0.1125,0.3902777777777778,0.16944444444444445,0.03888888888888889
990,720,0.01,-0.07698890932238706,-0.07409987759068914,125,3.0999249600603836e-05,0.0438368022441864,712737,13.986072496573131,0.5638888888888889,0.1527777777777778,0.12916666666666668,0.08888888888888889,0.06527777777777778
991,720,0.01,0.24931997657056734,0.28315254614025576,149,3.338306538580582e-05,0.04430002346634865,713457,14.004790528615315,0.5513888888888889,0.14444444444444443,0.0875,0.06388888888888888,0.1527777777777778
992,720,0.01,-0.04713408997953737,-0.04604052739232867,131,3.1052357116499885e-05,0.044096942991018295,714177,14.015812230110168,0.5375,0.16666666666666666,0.05416666666666667,0.05277777777777778,0.18888888888888888
993,720,0.01,0.25151421043358496,0.28597117414202256,120,3.24772218858824e-05,0.04464792460203171,714897,14.027924466133118,0.3902777777777778,0.22916666666666666,0.19166666666666668,0.08194444444444444,0.10694444444444444
994,720,0.01,0.11672676637001682,0.12381232441588175,119,3.038544249420738e-05,0.044278692454099655,715617,14.037157197793325,0.6305555555555555,0.11805555555555555,0.06388888888888888,0.07222222222222222,0.11527777777777778
995,720,0.01,0.08172591712091555,0.08515834574283976,149,3.0972025067891686e-05,0.04414257034659386,716337,14.048605199654897,0.39861111111111114,0.2111111111111111,0.15416666666666667,0.075,0.16111111111111112
996,720,0.01,0.2955502737072004,0.34386564919431617,110,3.2795907797359786e-05,0.04476102069020271,717057,14.05943743387858,0.7388888888888889,0.1597222222222222,0.03888888888888889,0.025,0.0375
997,720,0.01,0.2558042992634739,0.29149995571409737,39,3.184842472971165e-05,0.044441960752010345,717777,14.068970866998036,0.8611111111111112,0.05555555555555555,0.03611111111111111,0.02638888888888889,0.020833333333333332
998,720,0.01,0.04521060526773118,0.046248182085900646,91,3.253709921169603e-05,0.0443371944129467,718497,14.081450096766154,0.5055555555555555,0.1486111111111111,0.13194444444444445,0.075,0.1388888888888889
999,720,0.01,0.36231770558287507,0.4366553028726967,131,3.212201453885023e-05,0.044515591114759445,719217,14.092096849282582,0.5611111111111111,0.24861111111111112,0.0875,0.06388888888888888,0.03888888888888889
1000,720,0.01,-0.061923227228355436,-0.06004495302473789,164,3.054991424215182e-05,0.044031042605638504,719937,14.101385633150736,0.2638888888888889,0.3263888888888889,0.175,0.1875,0.04722222222222222
1001,720,0.01,0.06079284807032397,0.06267875543001389,90,3.318217011888515e-05,0.04441254585981369,720657,14.118499529361724,0.5875,0.19305555555555556,0.15416666666666667,0.05277777777777778,0.0125
1002,720,0.01,0.07475260751625504,0.07761752342952999,150,2.9045565141435267e-05,0.04427619278430939,721377,14.127249717712402,0.3,0.18472222222222223,0.2902777777777778,0.1736111111111111,0.05138888888888889
1003,720,0.01,-0.13859317140921568,-0.1294178658739995,165,3.304481636455926e-05,0.04468538612127304,722097,14.13923928340276,0.37916666666666665,0.14583333333333334,0.12916666666666668,0.16944444444444445,0.1763888888888889
1004,720,0.01,-0.014818098216537592,-0.014708850479406177,121,2.9809350833273937e-05,0.044539567083120346,722817,14.149897933006287,0.6097222222222223,0.16944444444444445,0.09305555555555556,0.059722222222222225,0.06805555555555555
1005,720,0.01,0.09725866988141589,0.10214542857916542,196,3.019425252798808e-05,0.04434489831328392,723537,14.160412315527598,0.5069444444444444,0.16944444444444445,0.125,0.029166666666666667,0.16944444444444445
1006,720,0.01,0.21730579390343865,0.24272406148183512,179,2.9188845893991634e-05,0.04410892352461815,724257,14.168675299485525,0.5388888888888889,0.15694444444444444,0.07083333333333333,0.1111111111111111,0.12222222222222222
1007,720,0.01,0.03728729159530655,0.03799118414940672,159,3.0211721907688924e-05,0.04401372745633125,724977,14.176240948836009,0.29305555555555557,0.30833333333333335,0.23333333333333334,0.10555555555555556,0.059722222222222225
1008,720,0.01,0.21513695554517487,0.24003171455656802,136,2.9888834023318445e-05,0.04386679083108902,725697,14.18594523270925,0.3972222222222222,0.2111111111111111,0.1375,0.10972222222222222,0.14444444444444443
1009,720,0.01,-0.11033629432452584,-0.10446707798788957,107,2.9019805631631042e-05,0.04340466856956482,726417,14.194301533699036,0.39444444444444443,0.2152777777777778,0.22916666666666666,0.09305555555555556,0.06805555555555555
1010,720,0.01,0.020535397439068067,0.020747699458208313,143,3.1618773406686765e-05,0.043918319046497345,727137,14.201735365390778,0.5944444444444444,0.125,0.09166666666666666,0.04722222222222222,0.14166666666666666
1011,720,0.01,0.44943314245286214,0.56742342781485,162,2.954744476571452e-05,0.04370304197072983,727857,14.216206133365631,0.47638888888888886,0.15555555555555556,0.20694444444444443,0.10555555555555556,0.05555555555555555
1012,720,0.01,0.03488527991723001,0.03550090923539018,143,2.835099295958167e-05,0.04359077289700508,728577,14.22452845176061,0.3736111111111111,0.32222222222222224,0.15694444444444444,0.08333333333333333,0.06388888888888888
1013,720,0.01,0.22903577602447409,0.2573870225140604,103,2.8144527819525442e-05,0.044191207736730576,729297,14.233791184425353,0.6097222222222223,0.14722222222222223,0.0875,0.07777777777777778,0.07777777777777778
