episode,steps,epsilon,train_reward,train_portfolio_return,train_position_changes,mean_loss,mean_max_q,updates,minutes,action_share_-1,action_share_0,action_share_0.5,action_share_1,action_share_2
1,720,1.0,-0.45337906570397973,-0.05031892920397285,561,0.0011908424206384949,0.12992453575134277,657,0.014945093790690105,0.2,0.18472222222222223,0.2111111111111111,0.18472222222222223,0.21944444444444444
2,720,0.9909,-0.5403154190612014,-0.12961132920998664,559,0.0005484106553720065,0.16275933384895325,1377,0.02651897668838501,0.22777777777777777,0.18472222222222223,0.2111111111111111,0.18055555555555555,0.19583333333333333
3,720,0.98188281,-0.6819558427422076,-0.23429311776493233,575,0.00095824333788591,0.18942414224147797,2097,0.03837823073069255,0.20833333333333334,0.20277777777777778,0.19583333333333333,0.1736111111111111,0.21944444444444444
4,720,0.972947676429,-0.6265986371131602,-0.18787307309448498,579,0.0007495165209952069,0.19244901835918427,2817,0.05043422778447469,0.1875,0.19583333333333333,0.20833333333333334,0.18888888888888888,0.21944444444444444
5,720,0.9640938525734961,-0.5791386719380595,-0.15897901925147517,577,0.0005969954140608832,0.1858569085597992,3537,0.06393377780914307,0.2152777777777778,0.18611111111111112,0.19722222222222222,0.21944444444444444,0.18194444444444444
6,720,0.9553205985150773,-0.2724603045894662,0.1543526323992921,595,0.0005527955248908256,0.17808806896209717,4257,0.07586356401443481,0.1986111111111111,0.19166666666666668,0.19722222222222222,0.1986111111111111,0.21388888888888888
7,720,0.9466271810685901,-0.3309153796614298,0.04428727615421768,562,0.0004775671617203948,0.16977524757385254,4977,0.08729491233825684,0.19305555555555556,0.2111111111111111,0.21388888888888888,0.19166666666666668,0.19027777777777777
8,720,0.938012873720866,-0.3256427232810958,0.06674000847472095,556,0.0004543461096950018,0.1720777451992035,5697,0.0977704127629598,0.18333333333333332,0.17916666666666667,0.22083333333333333,0.18611111111111112,0.23055555555555557
9,720,0.9294769565700061,-0.3748216500142563,0.03684075053469238,602,0.00040460582096986603,0.1615391969680786,6417,0.1083702286084493,0.20555555555555555,0.2013888888888889,0.2111111111111111,0.20416666666666666,0.17777777777777778
10,720,0.921018716265219,-0.6365443245046972,-0.19751677249742483,574,0.00034797449968916935,0.15698066353797913,7137,0.11824391682942709,0.2375,0.20555555555555555,0.18611111111111112,0.1625,0.20833333333333334
11,720,0.9126374459472055,-0.17121676479914594,0.2786223831761938,576,0.00029396061570676266,0.14509668946266174,7857,0.13941664695739747,0.2,0.1763888888888889,0.2111111111111111,0.18888888888888888,0.22361111111111112
12,720,0.904332445189086,-0.3068815704458281,0.10364510085233603,577,0.0003380201760086897,0.13698463141918182,8577,0.15076341231664023,0.18611111111111112,0.20277777777777778,0.19583333333333333,0.19583333333333333,0.21944444444444444
13,720,0.8961030199378652,-0.5529462543788103,-0.1507878607909643,573,0.00032879457976378037,0.12886033952236176,9297,0.1625936468442281,0.19722222222222222,0.22083333333333333,0.18888888888888888,0.20694444444444443,0.18611111111111112
14,720,0.8879484824564307,-0.16931409071366493,0.26957971075596543,575,0.0002806871491682412,0.1231907457113266,10017,0.17743341525395712,0.2152777777777778,0.1986111111111111,0.19722222222222222,0.18194444444444444,0.20694444444444443
15,720,0.8798681512660771,-0.7018899334361541,-0.2570599570653568,586,0.00030456311260422807,0.1192132830619812,10737,0.1895984450976054,0.2,0.22083333333333333,0.19722222222222222,0.17777777777777778,0.20416666666666666
16,720,0.8718613510895558,-0.5846251132361849,-0.18911181975813418,579,0.00027579810532390385,0.10920549929141998,11457,0.202299698193868,0.18472222222222223,0.20277777777777778,0.22083333333333333,0.21388888888888888,0.17777777777777778
17,720,0.8639274127946408,-0.5573085894765507,-0.1354607643112138,583,0.00023994538215548446,0.10477453470230103,12177,0.21375459829966229,0.22083333333333333,0.22083333333333333,0.18888888888888888,0.18194444444444444,0.1875
18,720,0.8560656733382096,-0.3266913576946757,0.06269553976055575,585,0.00023838621736002905,0.09967932850122452,12897,0.224863862991333,0.19166666666666668,0.19444444444444445,0.20277777777777778,0.20833333333333334,0.20277777777777778
19,720,0.8482754757108318,-0.6130013455239831,-0.18127034854314172,572,0.00021641064896458476,0.0984906405210495,13617,0.2358350952466329,0.2,0.20694444444444443,0.2,0.18472222222222223,0.20833333333333334
20,720,0.8405561688818632,-0.4080137276699949,-0.013915992465891813,561,0.0001872639050967943,0.09297250211238861,14337,0.2493302822113037,0.20277777777777778,0.19305555555555556,0.19722222222222222,0.19166666666666668,0.2152777777777778
21,720,0.8329071077450383,-0.43085045944827144,-0.04026728911384703,567,0.00018952494864505652,0.09052416682243347,15057,0.2725706934928894,0.18611111111111112,0.21805555555555556,0.19027777777777777,0.19722222222222222,0.20833333333333334
22,720,0.8253276530645585,-0.46669514390031086,-0.04752854782505811,574,0.00021855369936929492,0.09274247288703918,15777,0.28462984959284465,0.20555555555555555,0.19027777777777777,0.19444444444444445,0.18333333333333332,0.2263888888888889
23,720,0.817817171421671,-0.32458356529995597,0.07268669868699473,561,0.00017947165824807598,0.08826576173305511,16497,0.29632502794265747,0.21805555555555556,0.23333333333333334,0.17083333333333334,0.1875,0.19027777777777777
24,720,0.8103750351617338,-0.4875681914735552,-0.09250587933806487,571,0.00019806131194349694,0.08395518362522125,17217,0.30792051553726196,0.19722222222222222,0.23333333333333334,0.2,0.1986111111111111,0.17083333333333334
25,720,0.8030006223417621,-0.5348184017190469,-0.12830736649151875,573,0.00018323022814001889,0.08190210908651352,17937,0.32261386315027873,0.20833333333333334,0.21944444444444444,0.16944444444444445,0.19583333333333333,0.20694444444444443
26,720,0.795693316678452,-0.33968184819798714,0.04688401967382472,564,0.00015013212125470293,0.07722016423940659,18657,0.3342826803525289,0.17222222222222222,0.21388888888888888,0.2,0.19583333333333333,0.21805555555555556
27,720,0.7884525074966781,-0.5807250734102148,-0.18349731112928613,552,0.00014831954164138653,0.0759943425655365,19377,0.3454652150472005,0.1875,0.1986111111111111,0.21666666666666667,0.19027777777777777,0.20694444444444443
28,720,0.7812775896784583,-0.2810577154118899,0.1623482177610187,574,0.0001380178338422411,0.07523807138204575,20097,0.35682316223780314,0.2,0.19305555555555556,0.17777777777777778,0.18888888888888888,0.24027777777777778
29,720,0.7741679636123843,-0.3619736632971184,0.0429219455144767,558,0.0001209098234489324,0.07253064960241318,20817,0.36941041151682535,0.19166666666666668,0.18888888888888888,0.15138888888888888,0.22083333333333333,0.24722222222222223
30,720,0.7671230351435115,-0.48045175908133225,-0.09918174734122498,546,0.00013547831094911088,0.07029446959495544,21537,0.3815755645434062,0.20972222222222223,0.20416666666666666,0.2152777777777778,0.18888888888888888,0.18194444444444444
31,720,0.7601422155237056,-0.6195588387708679,-0.19913175915458892,567,0.000128426596292128,0.0663667768239975,22257,0.4038672169049581,0.19305555555555556,0.2263888888888889,0.18472222222222223,0.19583333333333333,0.2
32,720,0.7532249213624399,-0.46273521438301707,-0.07779267325188277,557,0.00010677465097109638,0.06670615077018738,22977,0.4169923782348633,0.20972222222222223,0.19027777777777777,0.18333333333333332,0.23055555555555557,0.18611111111111112
33,720,0.7463705745780417,-0.4176762814019593,-0.028511921433908127,544,0.00011501485066421285,0.06320284307003021,23697,0.43132362763086957,0.2,0.2111111111111111,0.1638888888888889,0.20833333333333334,0.21666666666666667
34,720,0.7395786023493816,-0.46007813052548807,-0.08522590099873972,549,9.122653291342431e-05,0.061904143542051315,24417,0.44190888007481893,0.18611111111111112,0.20833333333333334,0.21944444444444444,0.19444444444444445,0.19166666666666668
35,720,0.7328484370680022,-0.527858962286415,-0.12834272212227915,569,0.00010619238154908493,0.06286798417568207,25137,0.45319176514943443,0.1875,0.19027777777777777,0.19722222222222222,0.21388888888888888,0.2111111111111111
36,720,0.7261795162906833,-0.4283307487801658,-0.03808649959701038,555,0.00010017302161031693,0.057883135974407196,25857,0.4648043473561605,0.1736111111111111,0.22361111111111112,0.20694444444444443,0.18194444444444444,0.21388888888888888
37,720,0.7195712826924381,-0.5811781977210166,-0.16738022842914313,561,9.768007411265797e-05,0.05717683956027031,26577,0.4779732624689738,0.2,0.2,0.19305555555555556,0.19583333333333333,0.2111111111111111
38,720,0.7130231840199369,-0.5621417921088651,-0.1581402043704888,561,0.00010639584876217769,0.054881758987903595,27297,0.49186124801635744,0.1875,0.20555555555555555,0.19027777777777777,0.2013888888888889,0.2152777777777778
39,720,0.7065346730453554,-0.4036903389041144,-0.026337299694300764,532,9.752020068339738e-05,0.05496898293495178,28017,0.503325895468394,0.19166666666666668,0.1986111111111111,0.19166666666666668,0.20555555555555555,0.2125
40,720,0.7001052075206428,-0.5104671119332262,-0.12625535301219903,558,8.917662168338817e-05,0.051676832139492035,28737,0.5150688966115315,0.14722222222222223,0.2111111111111111,0.1986111111111111,0.21805555555555556,0.225
41,720,0.6937342501322049,-0.383923500328861,-0.003915813457878725,531,8.658654495421716e-05,0.05032481253147125,29457,0.5386444489161174,0.19166666666666668,0.19027777777777777,0.20555555555555555,0.1875,0.225
42,720,0.6874212684560018,-0.5041018536412674,-0.11072775556671599,573,0.00010077847921618539,0.04922734200954437,30177,0.5499233484268189,0.17222222222222222,0.20833333333333334,0.18194444444444444,0.24305555555555555,0.19444444444444445
43,720,0.6811657349130522,-0.7026180867704511,-0.26773886495289956,568,8.962596122425263e-05,0.04864271357655525,30897,0.5622216463088989,0.20277777777777778,0.23333333333333334,0.2,0.19166666666666668,0.17222222222222222
44,720,0.6749671267253434,-0.30665301045138776,0.049797186238006,542,8.515951888057315e-05,0.04861612990498543,31617,0.5744527300198873,0.18888888888888888,0.1986111111111111,0.20416666666666666,0.2152777777777778,0.19305555555555556
45,720,0.6688249258721428,-0.5185311401643106,-0.12871063887348222,563,0.00010135635743356236,0.04591384157538414,32337,0.5876891136169433,0.175,0.22361111111111112,0.1875,0.20555555555555555,0.20833333333333334
46,720,0.6627386190467063,-0.48763600577506677,-0.09573788082131707,569,8.118491567125198e-05,0.04281213879585266,33057,0.5993887464205424,0.19305555555555556,0.20416666666666666,0.20416666666666666,0.20555555555555555,0.19305555555555556
47,720,0.6567076976133812,-0.8028111011489301,-0.3514791347755962,553,7.80632512108544e-05,0.04033803939819336,33777,0.6120090961456299,0.1638888888888889,0.17222222222222222,0.2222222222222222,0.2222222222222222,0.21944444444444444
48,720,0.6507316575650994,-0.24086900496886643,0.14525920927448777,556,8.955976255341133e-05,0.041132207959890366,34497,0.6237498799959819,0.15,0.22083333333333333,0.18888888888888888,0.2152777777777778,0.225
49,720,0.6448099994812571,-0.6401532062812505,-0.21819756129459555,542,7.632135978686468e-05,0.04192556440830231,35217,0.635307228565216,0.18888888888888888,0.2013888888888889,0.19166666666666668,0.16805555555555557,0.25
50,720,0.6389422284859776,-0.2675278241718153,0.09907858175624495,558,6.690655135470378e-05,0.03800569474697113,35937,0.6461651762326558,0.17916666666666667,0.225,0.2013888888888889,0.21388888888888888,0.18055555555555555
51,720,0.6331278542067552,-0.2911076664271456,0.08588175413625843,541,6.981641571302235e-05,0.038142867386341095,36657,0.6733117620150249,0.1597222222222222,0.20555555555555555,0.20555555555555555,0.18611111111111112,0.24305555555555555
52,720,0.6273663907334738,-0.33183278016698886,0.04620279113835468,551,6.438602014340076e-05,0.03615987300872803,37377,0.6857525308926901,0.17083333333333334,0.19722222222222222,0.20555555555555555,0.2222222222222222,0.20416666666666666
53,720,0.6216573565777992,-0.4552447909985499,-0.08171253162022818,545,6.0321884764865295e-05,0.036083560436964035,38097,0.6989900310834248,0.21666666666666667,0.2222222222222222,0.18055555555555555,0.19444444444444445,0.18611111111111112
54,720,0.6160002746329413,-0.2701780761962284,0.10442178199771113,553,5.8930970233935416e-05,0.0345039889216423,38817,0.7102271636327108,0.18888888888888888,0.22083333333333333,0.16111111111111112,0.2375,0.19166666666666668
55,720,0.6103946721337815,-0.45596255014654424,-0.09625907779544163,530,6.712991096264886e-05,0.035523489117622375,39537,0.7235463976860046,0.18611111111111112,0.2111111111111111,0.21805555555555556,0.1875,0.19722222222222222
56,720,0.604840080617364,-0.27370989373720594,0.11381393827994635,557,6.789204987095824e-05,0.034928418695926666,40257,0.7362672170003255,0.18888888888888888,0.2125,0.1763888888888889,0.2013888888888889,0.22083333333333333
57,720,0.5993360358837461,-0.25245370455945393,0.13037144990693905,548,6.481376461932894e-05,0.034137967973947525,40977,0.7479079961776733,0.19305555555555556,0.24583333333333332,0.18055555555555555,0.20972222222222223,0.17083333333333334
58,720,0.5938820779572039,-0.3591735351672801,0.004586952841132419,546,6.090210188681845e-05,0.03284503519535065,41697,0.7617270310719808,0.18888888888888888,0.23055555555555557,0.19166666666666668,0.18611111111111112,0.20277777777777778
59,720,0.5884777510477934,-0.344929011868463,0.015946802591598308,542,6.0719273670252325e-05,0.03323392942547798,42417,0.7743764479955038,0.19166666666666668,0.2513888888888889,0.17916666666666667,0.19166666666666668,0.18611111111111112
60,720,0.5831226035132585,-0.7760609325679402,-0.3236610562849238,549,5.5247498120378524e-05,0.03278478980064392,43137,0.7855203668276469,0.17777777777777778,0.1875,0.18472222222222223,0.20416666666666666,0.24583333333333332
61,720,0.5778161878212879,-0.542811574826931,-0.14470733881160203,526,5.5324832320972446e-05,0.03164930269122124,43857,0.8067531784375509,0.1986111111111111,0.20555555555555555,0.16666666666666666,0.18055555555555555,0.24861111111111112
62,720,0.5725580605121141,-0.46303594857545327,-0.0861016686624152,524,5.745368772143896e-05,0.03250274807214737,44577,0.8185274322827657,0.2,0.21388888888888888,0.1736111111111111,0.19305555555555556,0.21944444444444444
63,720,0.5673477821614539,-0.39615046084745903,-0.03622793637087762,528,5.183979511179536e-05,0.03303815424442291,45297,0.8301328976949056,0.23194444444444445,0.20416666666666666,0.19305555555555556,0.18888888888888888,0.18194444444444444
64,720,0.5621849173437846,-0.2914231217072203,0.0860821663723883,526,6.042723746809821e-05,0.031243233010172844,46017,0.8413776954015096,0.20416666666666666,0.18611111111111112,0.17777777777777778,0.18055555555555555,0.2513888888888889
65,720,0.5570690345959561,-0.23578823610863595,0.14506541215188617,545,5.128563504715405e-05,0.030125640332698822,46737,0.8552340785662333,0.20833333333333334,0.2125,0.1597222222222222,0.22361111111111112,0.19583333333333333
66,720,0.5519997063811329,-0.29541751705841923,0.09426453814090663,537,4.966861889038733e-05,0.02865346521139145,47457,0.8671020944913228,0.19722222222222222,0.20972222222222223,0.15,0.2,0.24305555555555555
67,720,0.5469765090530646,-0.4227431000726793,-0.07387225480154802,504,4.8636024214627265e-05,0.02686912566423416,48177,0.8804813305536906,0.17777777777777778,0.2111111111111111,0.1986111111111111,0.1875,0.225
68,720,0.5419990228206817,-0.5297421621641487,-0.13777770795765432,537,4.5485137167765464e-05,0.027130156755447388,48897,0.8913877328236898,0.19027777777777777,0.21666666666666667,0.16805555555555557,0.1875,0.2375
69,720,0.5370668317130135,-0.34714546772901095,0.010408325949405883,532,5.46771244646354e-05,0.025132324546575546,49617,0.9038478453954061,0.18611111111111112,0.2,0.18472222222222223,0.21666666666666667,0.2125
70,720,0.5321795235444251,-0.45179783099362375,-0.07438586402792435,545,5.4068745185355104e-05,0.02563679963350296,50337,0.9158215959866841,0.17916666666666667,0.21805555555555556,0.1986111111111111,0.17777777777777778,0.2263888888888889
71,720,0.5273366898801708,-0.5387438034224035,-0.15927763925291272,541,5.172326349464937e-05,0.026589922606945038,51057,0.9395626823107401,0.18194444444444444,0.2361111111111111,0.18055555555555555,0.2,0.2013888888888889
72,720,0.5225379260022612,-0.39502936721238524,-0.031037499691637604,537,5.42469259787342e-05,0.028483837842941284,51777,0.9516355474789937,0.225,0.18194444444444444,0.175,0.18333333333333332,0.23472222222222222
73,720,0.5177828308756407,-0.23644039288636212,0.1174615135247461,520,5.1733037157141046e-05,0.026825156062841415,52497,0.9637687961260478,0.17777777777777778,0.19166666666666668,0.1986111111111111,0.23055555555555557,0.2013888888888889
74,720,0.5130710071146724,-0.30986382084606384,0.08995474731443154,532,6.350453195914775e-05,0.028761234134435654,53217,0.9763221144676208,0.22777777777777777,0.19027777777777777,0.16944444444444445,0.18333333333333332,0.22916666666666666
75,720,0.5084020609499288,-0.7041367040865929,-0.2922304298024547,531,4.927570533810568e-05,0.02561786025762558,53937,0.989572012424469,0.19444444444444445,0.1875,0.17916666666666667,0.2152777777777778,0.22361111111111112
76,720,0.5037756021952844,-0.3399421476671453,0.0197503600914557,531,4.891906719043012e-05,0.024002742022275925,54657,1.00081756512324,0.16805555555555557,0.20972222222222223,0.18611111111111112,0.19305555555555556,0.24305555555555555
77,720,0.4991912442153073,-0.20553202279565763,0.17611657998607755,529,5.129803296565822e-05,0.02679482288658619,55377,1.0125576655069988,0.15138888888888888,0.17916666666666667,0.1763888888888889,0.20416666666666666,0.28888888888888886
78,720,0.494648603892948,-0.5035682169060219,-0.13848965667575275,511,4.993006170934677e-05,0.02624254859983921,56097,1.0252222975095113,0.15555555555555556,0.17222222222222222,0.17916666666666667,0.21388888888888888,0.2791666666666667
79,720,0.4901473015975222,-0.3634833935664963,-0.005716989031793185,518,4.689354202456444e-05,0.02432863414287567,56817,1.0369576811790466,0.21805555555555556,0.19166666666666668,0.18194444444444444,0.2222222222222222,0.18611111111111112
80,720,0.4856869611529847,-0.44592773563010535,-0.09124317116855674,518,4.537691259227156e-05,0.023532066494226456,57537,1.0497480471928915,0.17777777777777778,0.20694444444444443,0.18055555555555555,0.2375,0.19722222222222222
81,720,0.48126720980649257,-0.314294805833864,0.0509612212025905,527,4.2529967897230055e-05,0.022862868383526802,58257,1.0731942812601725,0.15416666666666667,0.20833333333333334,0.19027777777777777,0.22777777777777777,0.21944444444444444
82,720,0.4768876781972535,-0.6222330049363374,-0.22410106442087052,528,4.533982371160366e-05,0.024948600679636,58977,1.085088594754537,0.15,0.19305555555555556,0.1986111111111111,0.17916666666666667,0.2791666666666667
83,720,0.47254800032565847,-0.4119533479787254,-0.03096383710506856,527,4.2217948929293113e-05,0.022484231740236282,59697,1.0975104451179505,0.22083333333333333,0.18055555555555555,0.17916666666666667,0.18611111111111112,0.23333333333333334
84,720,0.46824781352269496,-0.3446249555209697,0.014225274280587064,516,4.234669469269647e-05,0.022950785234570503,60417,1.1096917629241942,0.2013888888888889,0.18333333333333332,0.1986111111111111,0.18333333333333332,0.23333333333333334
85,720,0.46398675841963843,-0.2590213297419915,0.1207282197854378,523,4.158125842903044e-05,0.020098788663744926,61137,1.1212318778038024,0.22083333333333333,0.2125,0.16527777777777777,0.19027777777777777,0.2111111111111111
86,720,0.45976447891801975,-0.3141190508590884,0.019569978953237754,505,4.3261235397393545e-05,0.01895870640873909,61857,1.1331711292266846,0.21805555555555556,0.2013888888888889,0.18055555555555555,0.20416666666666666,0.19583333333333333
87,720,0.4555806221598658,-0.4637848003128484,-0.09587242007577501,529,4.2672957202840835e-05,0.019547004252672195,62577,1.1452771306037903,0.21944444444444444,0.18611111111111112,0.18194444444444444,0.19166666666666668,0.22083333333333333
88,720,0.451434838498211,-0.46578699165285187,-0.12083878572076734,477,3.8729976203436915e-05,0.020079534500837326,63297,1.1598870793978373,0.24027777777777778,0.18888888888888888,0.18194444444444444,0.18055555555555555,0.20833333333333334
89,720,0.44732678146787724,-0.4481128804328642,-0.1114042581188216,492,4.075446114105337e-05,0.020014572888612747,64017,1.1743144631385802,0.1638888888888889,0.175,0.19444444444444445,0.20416666666666666,0.2625
90,720,0.4432561077565196,-0.345901939943067,-0.026543305936938433,458,4.3246473771634756e-05,0.020492881536483765,64737,1.1862077275911966,0.18611111111111112,0.14583333333333334,0.1638888888888889,0.25555555555555554,0.24861111111111112
91,720,0.43922247717593527,-0.3817497517477054,-0.04567381382888025,463,4.308753735434342e-05,0.020976927131414413,65457,1.211669147014618,0.2875,0.14166666666666666,0.1527777777777778,0.21666666666666667,0.2013888888888889
92,720,0.43522555263363427,-0.21172176233810333,0.15462802712042523,521,4.624896418666443e-05,0.0203094445168972,66177,1.2249846458435059,0.14583333333333334,0.17916666666666667,0.20555555555555555,0.1986111111111111,0.2708333333333333
93,720,0.43126500010466823,-0.3594240168292372,0.012149192249272467,526,4.3901159719755215e-05,0.01876875013113022,66897,1.2370188593864442,0.1375,0.17777777777777778,0.18333333333333332,0.20694444444444443,0.29444444444444445
94,720,0.42734048860371576,-0.2950514082281842,0.0708455732623543,494,3.870144970126906e-05,0.018350379541516304,67617,1.2486517786979676,0.2263888888888889,0.16666666666666666,0.19305555555555556,0.18333333333333332,0.23055555555555557
95,720,0.42345169015742196,-0.23521496673860035,0.13233857916394043,503,3.906369843207358e-05,0.017315968871116638,68337,1.261331311861674,0.19027777777777777,0.20416666666666666,0.16666666666666666,0.19444444444444445,0.24444444444444444
96,720,0.41959827977698944,-0.1872807430177887,0.12605374218254006,480,3.981051403722328e-05,0.016426146030426025,69057,1.2747615973154705,0.20694444444444443,0.2222222222222222,0.21944444444444444,0.1986111111111111,0.1527777777777778
97,720,0.4157799354310188,-0.3997857951616452,-0.06273179073847424,503,3.802419051655508e-05,0.016543660312891006,69777,1.2881991942723592,0.1736111111111111,0.21805555555555556,0.20972222222222223,0.1736111111111111,0.225
98,720,0.41199633801859653,-0.5187492474767459,-0.17819262426581217,481,4.1373874876171615e-05,0.015684938058257103,70497,1.3009853124618531,0.21805555555555556,0.19027777777777777,0.16944444444444445,0.22361111111111112,0.1986111111111111
99,720,0.4082471713426273,-0.8256051801437411,-0.3895782578556689,476,3.6217283273269156e-05,0.017520351335406303,71217,1.3185800115267436,0.14166666666666666,0.1527777777777778,0.18888888888888888,0.20277777777777778,0.3138888888888889
100,720,0.4045321220834094,-0.21199129111093767,0.14741169860975423,509,3.777183168014947e-05,0.016698528081178665,71937,1.331236998240153,0.19444444444444445,0.18055555555555555,0.19444444444444445,0.19305555555555556,0.2375
101,720,0.4008508797724504,-0.42488560980006307,-0.085278480039236,488,3.683366093506872e-05,0.015493964776396751,72657,1.3527931451797486,0.19166666666666668,0.17777777777777778,0.18888888888888888,0.225,0.21666666666666667
102,720,0.3972031367665211,-0.3313490925478624,0.00265442421414841,491,3.709995567330932e-05,0.014451908878982067,73377,1.3667261123657226,0.1625,0.16944444444444445,0.20972222222222223,0.23333333333333334,0.225
103,720,0.39358858822194576,-0.3551187750316824,-0.07514542961131432,441,3.7066864050909015e-05,0.01312788762152195,74097,1.3791295289993286,0.1597222222222222,0.18611111111111112,0.21944444444444444,0.20555555555555555,0.22916666666666666
104,720,0.39000693206912607,-0.3586436564935708,-0.030421324010073025,482,3.3460672582603166e-05,0.012780853547155857,74817,1.3907496651013693,0.1736111111111111,0.1986111111111111,0.20277777777777778,0.18472222222222223,0.24027777777777778
105,720,0.386457868987297,-0.15371457507991998,0.2123194492663687,478,3.3421836034600955e-05,0.011765006929636002,75537,1.4029833952585855,0.21388888888888888,0.15,0.17222222222222222,0.17222222222222222,0.2916666666666667
106,720,0.3829411023795126,-0.61487739512399,-0.2553771237350113,472,3.603585063653251e-05,0.012559749186038971,76257,1.415585712591807,0.2361111111111111,0.2111111111111111,0.19305555555555556,0.16944444444444445,0.19027777777777777
107,720,0.3794563383478591,-0.25075965163821073,0.12270432226768935,503,3.671681403274205e-05,0.012415621429681778,76977,1.4279935479164123,0.2222222222222222,0.18194444444444444,0.1625,0.16944444444444445,0.2638888888888889
108,720,0.37600328566889357,-0.13213586896957896,0.21029499937509133,458,4.255671202220886e-05,0.012404274195432663,77697,1.4405683636665345,0.20972222222222223,0.16527777777777777,0.13333333333333333,0.2111111111111111,0.28055555555555556
109,720,0.37258165576930663,-0.2362844564943791,0.07730822261801262,454,3.87156909722661e-05,0.01418369822204113,78417,1.4510311802228293,0.18055555555555555,0.15416666666666667,0.17083333333333334,0.25,0.24444444444444444
110,720,0.36919116270180596,-0.49060600776291996,-0.15028646824155223,489,3.8854501025929896e-05,0.013362554833292961,79137,1.4634193142255147,0.22083333333333333,0.1986111111111111,0.2013888888888889,0.18472222222222223,0.19444444444444445
111,720,0.3658315231212195,-0.46072252304347133,-0.12472969737459894,477,3.9542065682477796e-05,0.014138907194137573,79857,1.4857311805089315,0.1625,0.16666666666666666,0.18611111111111112,0.22361111111111112,0.2611111111111111
112,720,0.36250245626081645,-0.17285619471988925,0.22463618160893883,527,3.7978132090504206e-05,0.014555828645825386,80577,1.4973199804623922,0.17777777777777778,0.13055555555555556,0.19027777777777777,0.23055555555555557,0.2708333333333333
113,720,0.359203683908843,-0.42282158556923044,-0.10758283822039871,443,3.8394902149876645e-05,0.013512861914932728,81297,1.5100968996683757,0.24027777777777778,0.18888888888888888,0.15694444444444444,0.19027777777777777,0.22361111111111112
114,720,0.3559349303852725,-0.33470212231578533,-0.03410690859329657,442,4.035610281284284e-05,0.013314205221831799,82017,1.5222534815470377,0.22361111111111112,0.1638888888888889,0.22083333333333333,0.16666666666666666,0.225
115,720,0.3526959225187665,-0.2235731139304229,0.10150440469726929,455,4.219823094899766e-05,0.01300002820789814,82737,1.5331415772438048,0.2569444444444444,0.18194444444444444,0.175,0.20694444444444443,0.17916666666666667
116,720,0.34948638962384576,-0.12201993608747043,0.25135887883370334,472,3.910858963283519e-05,0.01336231455206871,83457,1.5453942974408468,0.20694444444444443,0.15416666666666667,0.1486111111111111,0.24444444444444444,0.24583333333333332
117,720,0.34630606347826876,-0.02136525864774219,0.41288645256179657,488,4.0542457290687e-05,0.015470447018742561,84177,1.5599023977915445,0.1986111111111111,0.1125,0.1527777777777778,0.21388888888888888,0.32222222222222224
118,720,0.3431546783006165,-0.20460002365313923,0.10478414980652828,426,3.990234478629241e-05,0.01473136618733406,84897,1.572136648495992,0.21944444444444444,0.125,0.18194444444444444,0.2013888888888889,0.2722222222222222
119,720,0.3400319707280809,-0.3528730875964512,-0.034513430477812745,472,4.131446382997537e-05,0.015667207539081573,85617,1.5851063966751098,0.15555555555555556,0.14722222222222223,0.1875,0.24583333333333332,0.2638888888888889
120,720,0.3369376797944554,-0.4788733326444978,-0.13400256528287446,472,3.8286795881958827e-05,0.015717728063464165,86337,1.5964380304018657,0.21805555555555556,0.1625,0.175,0.19027777777777777,0.25416666666666665
121,720,0.3338715469083258,-0.3787627177950608,-0.057069516761466876,447,3.6507755404121174e-05,0.015489684417843819,87057,1.6192287961641947,0.2263888888888889,0.15,0.19027777777777777,0.2,0.23333333333333334
122,720,0.3308333158314601,-0.3522819913512124,-0.0235014283116467,447,4.201002823896892e-05,0.01551530510187149,87777,1.6324126799901326,0.1736111111111111,0.10555555555555556,0.17916666666666667,0.1763888888888889,0.36527777777777776
123,720,0.3278227326573938,-0.4282015178490694,-0.09353378377500776,424,4.024424989160656e-05,0.016304902732372284,88497,1.644496210416158,0.2375,0.13194444444444445,0.13194444444444445,0.1375,0.3611111111111111
124,720,0.3248395457902115,-0.4032598332089762,-0.11773236962995637,430,3.838742421748975e-05,0.016462188214063644,89217,1.657168730099996,0.16944444444444445,0.1986111111111111,0.22361111111111112,0.19305555555555556,0.2152777777777778
125,720,0.3218835059235206,-0.19357803478329572,0.1450198409729282,470,3.93215860059273e-05,0.015402218326926231,89937,1.670356547832489,0.1875,0.13333333333333333,0.18611111111111112,0.24722222222222223,0.24583333333333332
126,720,0.3189543660196166,-0.014442236376748761,0.3411906492040542,436,3.873927378966376e-05,0.014068638905882835,90657,1.6825325647989908,0.2611111111111111,0.15694444444444444,0.16805555555555557,0.18055555555555555,0.23333333333333334
127,720,0.31605188128883804,-0.1544659411835031,0.14543452040083316,434,3.5892332011321235e-05,0.014435527846217155,91377,1.6951829314231872,0.1986111111111111,0.17777777777777778,0.17777777777777778,0.20277777777777778,0.24305555555555555
128,720,0.31317580916910964,0.1807117202566844,0.6379766338113344,441,3.993747424020613e-05,0.014527197927236557,92097,1.7070866266886393,0.16944444444444445,0.1625,0.17777777777777778,0.2263888888888889,0.2638888888888889
129,720,0.3103259093056707,-0.271067810191401,0.03348045635761232,436,3.630299268403784e-05,0.013561757281422615,92817,1.7199466665585836,0.24166666666666667,0.20694444444444443,0.18472222222222223,0.15416666666666667,0.2125
130,720,0.30750194353098914,-0.17509961623637973,0.14786119896612182,448,3.506482032599302e-05,0.014076613821089268,93537,1.732533864180247,0.21388888888888888,0.18333333333333332,0.2152777777777778,0.1736111111111111,0.21388888888888888
131,720,0.30470367584485714,-0.35569833490070557,-0.053702554469768904,433,3.93776331924932e-05,0.015130579471588135,94257,1.7557421962420146,0.20972222222222223,0.1625,0.175,0.18333333333333332,0.26944444444444443
132,720,0.3019308723946689,-0.07398487992898997,0.3073669073459704,471,4.049670017012532e-05,0.013790138065814972,94977,1.7693714300791423,0.1763888888888889,0.14722222222222223,0.19305555555555556,0.18472222222222223,0.2986111111111111
133,720,0.29918330145587746,-0.15491283664092764,0.1692203549017175,446,4.385959101303645e-05,0.013465102761983871,95697,1.7818632125854492,0.15694444444444444,0.18194444444444444,0.17916666666666667,0.19305555555555556,0.28888888888888886
134,720,0.29646073341262896,-0.29564107431566816,-0.013055107376572672,409,3.8595004223730536e-05,0.01393961999565363,96417,1.7946133136749267,0.16944444444444445,0.12916666666666668,0.18888888888888888,0.24861111111111112,0.2638888888888889
135,720,0.29376294073857406,-0.42234200454497894,-0.11027424531546659,447,3.8644324715480454e-05,0.014105057343840599,97137,1.8090275128682454,0.24027777777777778,0.1375,0.16527777777777777,0.20972222222222223,0.24722222222222223
136,720,0.29108969797785306,-0.30092830982457097,0.0005718536214032177,412,3.9735134664119365e-05,0.015178504399955273,97857,1.8214813987414042,0.15694444444444444,0.12916666666666668,0.18333333333333332,0.16111111111111112,0.36944444444444446
137,720,0.2884407817262546,-0.29246540611237,0.005549938047215042,394,4.1530510697561514e-05,0.01416359469294548,98577,1.8344618837038675,0.2722222222222222,0.12083333333333333,0.16111111111111112,0.1736111111111111,0.2722222222222222
138,720,0.28581597061254566,-0.23523371272757998,0.08982407842223417,475,3.931483991866319e-05,0.012901658192276955,99297,1.846440593401591,0.2,0.2833333333333333,0.16805555555555557,0.14722222222222223,0.2013888888888889
139,720,0.2832150452799715,-0.057038579373017706,0.2981775815904335,458,3.62498926114717e-05,0.012469960376620293,100017,1.8585789958635965,0.18194444444444444,0.16666666666666666,0.175,0.225,0.2513888888888889
140,720,0.28063778836792375,-0.45270588856110466,-0.10255719579984512,461,3.9843146935759754e-05,0.012236001901328564,100737,1.8693994124730429,0.2222222222222222,0.1375,0.15694444444444444,0.18333333333333332,0.3
141,720,0.27808398449377564,-0.11653590718454002,0.22380406396404173,454,3.770559987464771e-05,0.012917597778141499,101457,1.8919713298479717,0.24444444444444444,0.14722222222222223,0.17916666666666667,0.18055555555555555,0.24861111111111112
142,720,0.2755534202348823,-0.21852205797447477,0.0789387746908492,439,3.973710242538194e-05,0.013080068863928318,102177,1.9068471272786458,0.19166666666666668,0.15,0.18472222222222223,0.2375,0.2361111111111111
143,720,0.2730458841107448,-0.18913259678681976,0.11278669275656039,411,4.109540949710006e-05,0.011739294975996017,102897,1.9187984943389893,0.2,0.1597222222222222,0.18611111111111112,0.15694444444444444,0.2972222222222222
144,720,0.270561166565337,-0.3409188737983338,-0.07519176252400406,378,3.908420338802898e-05,0.012113585136830807,103617,1.9309308330217998,0.3055555555555556,0.15694444444444444,0.18055555555555555,0.18194444444444444,0.175
145,720,0.26809905994959243,-0.2703569475737487,0.05880726451042162,440,4.025668322735025e-05,0.011654437519609928,104337,1.9438990791638693,0.2569444444444444,0.14583333333333334,0.1638888888888889,0.17777777777777778,0.25555555555555554
146,720,0.26565935850405115,-0.32968750113780143,-0.04322545566219249,399,4.1060497480632166e-05,0.012161175720393658,105057,1.9565511782964071,0.275,0.15833333333333333,0.1638888888888889,0.16944444444444445,0.23333333333333334
147,720,0.2632418583416643,0.0576172278578325,0.47346567471959133,443,3.8161609042061984e-05,0.011542106047272682,105777,1.9691513458887735,0.2,0.1763888888888889,0.19305555555555556,0.18611111111111112,0.24444444444444444
148,720,0.2608463574307552,-0.25661950085936336,0.04198807522169146,408,4.518222929416677e-05,0.012729501351714134,106497,1.9803966323534647,0.2902777777777778,0.11944444444444445,0.1736111111111111,0.19305555555555556,0.22361111111111112
149,720,0.2584726555781353,-0.21650461544016153,0.10599500250571414,464,4.283296427287395e-05,0.013460882008075714,107217,1.991805628935496,0.2375,0.20277777777777778,0.19722222222222222,0.19027777777777777,0.17222222222222222
150,720,0.2561205544123743,-0.020519221610425,0.3630581000335371,459,4.287779140162861e-05,0.014157348312437534,107937,2.0041545629501343,0.14583333333333334,0.15,0.1763888888888889,0.18888888888888888,0.3388888888888889
151,720,0.2537898573672217,-0.2768931381568654,-0.0003930608881856923,397,4.965756393681255e-05,0.014992120675742626,108657,2.026176393032074,0.1597222222222222,0.12916666666666668,0.1625,0.2388888888888889,0.30972222222222223
152,720,0.25148036966518,-0.05693770067482764,0.30318634386413,440,4.94183510391445e-05,0.013609891757369041,109377,2.038553547859192,0.21666666666666667,0.14166666666666666,0.17083333333333334,0.23194444444444445,0.2388888888888889
153,720,0.24919189830122687,-0.004987220393539533,0.3685650464984316,470,4.494011480144561e-05,0.013661100529134274,110097,2.0511431455612184,0.22083333333333333,0.1736111111111111,0.17916666666666667,0.2388888888888889,0.1875
154,720,0.24692425202668572,-0.09747059121073873,0.21777985361038166,415,5.0619944234616315e-05,0.014317339286208153,110817,2.0630250136057535,0.16111111111111112,0.12361111111111112,0.15833333333333333,0.1986111111111111,0.35833333333333334
155,720,0.24467724133324287,-0.09238341776124744,0.19377025742410714,392,4.7162055948825176e-05,0.014963637106120586,111537,2.075669578711192,0.16527777777777777,0.1125,0.14305555555555555,0.2125,0.36666666666666664
156,720,0.24245067843711035,-0.49640363089775397,-0.17708604228572933,456,4.702914130676719e-05,0.014064133167266846,112257,2.089374077320099,0.20555555555555555,0.1875,0.19027777777777777,0.20694444444444443,0.20972222222222223
157,720,0.24024437726333264,-0.20285365665790298,0.11672058752858039,457,4.1744743339222626e-05,0.013760668225586414,112977,2.1016035318374633,0.27361111111111114,0.20555555555555555,0.15833333333333333,0.1763888888888889,0.18611111111111112
158,720,0.2380581534302363,-0.23403228628789027,0.04468741232965057,405,4.1992079630088284e-05,0.012895168736577034,113697,2.112070461114248,0.2013888888888889,0.17222222222222222,0.20277777777777778,0.1875,0.2361111111111111
159,720,0.23589182423402116,-0.2563365488220666,-0.0058195492599952825,374,4.464885367825546e-05,0.013554693199694157,114417,2.1233368635177614,0.22777777777777777,0.11805555555555555,0.15694444444444444,0.19166666666666668,0.3055555555555556
160,720,0.23374520863349157,-0.3306499860949068,-0.03695003721514112,423,4.425203436918916e-05,0.013123857788741589,115137,2.138484863440196,0.2375,0.16805555555555557,0.18194444444444444,0.2,0.2125
161,720,0.2316181272349268,-0.051576484249295236,0.291008267443553,434,4.970844283383889e-05,0.013033314608037472,115857,2.1626482605934143,0.21388888888888888,0.1375,0.19305555555555556,0.20972222222222223,0.24583333333333332
162,720,0.22951040227708897,-0.1833578033150855,0.08615310983015267,413,4.0744849307985636e-05,0.012899914756417274,116577,2.1751789450645447,0.18472222222222223,0.2152777777777778,0.20833333333333334,0.18611111111111112,0.20555555555555555
163,720,0.22742185761636746,-0.36364557854858015,-0.053179337953447536,437,4.166843687016808e-05,0.01240378525108099,117297,2.189546497662862,0.20833333333333334,0.22083333333333333,0.175,0.14027777777777778,0.25555555555555554
164,720,0.22535231871205852,-0.47618715523298344,-0.16237699567619224,433,4.415393015304087e-05,0.012651460245251656,118017,2.2035255948702495,0.20694444444444443,0.16111111111111112,0.1597222222222222,0.21805555555555556,0.25416666666666665
165,720,0.22330161261177878,-0.37261147485993656,-0.054802590969759035,421,4.4876363455791256e-05,0.0121897729113698,118737,2.2158889969189963,0.30277777777777776,0.16944444444444445,0.14305555555555555,0.19722222222222222,0.1875
166,720,0.22126956793701158,-0.3891557352012911,-0.10631841414712173,398,4.3331322058293156e-05,0.012749919667840004,119457,2.2289356629053754,0.22916666666666666,0.15694444444444444,0.15,0.2111111111111111,0.25277777777777777
167,720,0.21925601486878477,-0.28832164762321744,-0.015204868357918011,396,4.5646454882191596e-05,0.012570034712553024,120177,2.2415092309316,0.21805555555555556,0.12222222222222222,0.15,0.2569444444444444,0.25277777777777777
168,720,0.21726078513347882,-0.05882829850783477,0.2203914909514979,405,4.797289677122131e-05,0.012898101471364498,120897,2.2558887441953024,0.2,0.1597222222222222,0.16111111111111112,0.2625,0.21666666666666667
169,720,0.21528371198876417,-0.2987419372466976,-0.025900609826805088,421,4.552482822014604e-05,0.01172224897891283,121617,2.267705579598745,0.2125,0.2125,0.20694444444444443,0.18472222222222223,0.18333333333333332
170,720,0.2133246302096664,-0.15509070001052216,0.11813184821080958,391,4.411574119810919e-05,0.012599924579262733,122337,2.2803104162216186,0.17222222222222222,0.15,0.1875,0.20416666666666666,0.2861111111111111
171,720,0.21138337607475843,-0.5314872329495847,-0.22642854384860367,436,4.3905239923939616e-05,0.011807957664132118,123057,2.305837798118591,0.21805555555555556,0.17083333333333334,0.19444444444444445,0.24583333333333332,0.17083333333333334
172,720,0.20945978735247814,-0.06843304776752614,0.25115478423018067,444,4.437229730835194e-05,0.01099441573023796,123777,2.320778262615204,0.2111111111111111,0.2125,0.21388888888888888,0.1875,0.175
173,720,0.20755370328757058,-0.16519988650373196,0.09888948800093122,380,4.43265396850418e-05,0.012247017584741116,124497,2.3331566135088604,0.2111111111111111,0.19166666666666668,0.14027777777777778,0.19583333333333333,0.2611111111111111
174,720,0.20566496458765368,-0.3730747419831724,-0.09884205942758562,404,4.2639744834913374e-05,0.01181221753358841,125217,2.3450742959976196,0.17222222222222222,0.21388888888888888,0.1736111111111111,0.21388888888888888,0.2263888888888889
175,720,0.20379341340990603,0.18161175947458308,0.6280154528771524,453,4.028863410970492e-05,0.011613423004746437,125937,2.3571621616681417,0.175,0.175,0.20416666666666666,0.18611111111111112,0.25972222222222224
176,720,0.20193889334787588,-0.06070000872112873,0.22850746721396709,405,4.349272751748383e-05,0.011797552928328514,126657,2.3700127482414244,0.17916666666666667,0.1736111111111111,0.21666666666666667,0.22916666666666666,0.2013888888888889
177,720,0.2001012494184102,-0.2451962037846634,0.021532342161989737,364,4.324926721892553e-05,0.011759595945477486,127377,2.3817614793777464,0.2777777777777778,0.18472222222222223,0.12222222222222222,0.15833333333333333,0.2569444444444444
178,720,0.19828032804870266,-0.018619364345752305,0.35341446905784446,440,4.636156629531898e-05,0.013379675336182117,128097,2.3955812295277914,0.24166666666666667,0.17916666666666667,0.17222222222222222,0.15833333333333333,0.24861111111111112
179,720,0.19647597706345946,-0.32786071490054586,-0.07467542849269537,399,4.209616958582451e-05,0.01389071810990572,128817,2.408990732828776,0.1986111111111111,0.20555555555555555,0.20972222222222223,0.18472222222222223,0.2013888888888889
180,720,0.19468804567218198,0.022759648583781978,0.3885494603881743,418,3.763468936060437e-05,0.013143669813871384,129537,2.4206188480059305,0.26666666666666666,0.14027777777777778,0.16111111111111112,0.18472222222222223,0.24722222222222223
181,720,0.19291638445656512,-0.5534547651642246,-0.26044362453344083,376,4.061445935753404e-05,0.012805941514670849,130257,2.442529312769572,0.22083333333333333,0.12777777777777777,0.22916666666666666,0.18194444444444444,0.24027777777777778
182,720,0.19116084535801037,-0.4222137679955774,-0.13473007438594908,389,4.09599622483054e-05,0.012537060305476189,130977,2.4551988641421,0.14027777777777778,0.12916666666666668,0.1763888888888889,0.24444444444444444,0.30972222222222223
183,720,0.18942128166525246,-0.03299097702295409,0.3552812847064255,478,4.0110885820215316e-05,0.012521644122898579,131697,2.4680929303169252,0.18194444444444444,0.16805555555555557,0.17916666666666667,0.16527777777777777,0.3055555555555556
184,720,0.18769754800209867,-0.15271543696069734,0.09393858351323447,371,4.13872183293683e-05,0.012347386218607426,132417,2.480118278662364,0.1736111111111111,0.1111111111111111,0.1763888888888889,0.24722222222222223,0.2916666666666667
185,720,0.18598950031527958,0.0918718059579261,0.42137086806202295,412,3.820383656526853e-05,0.01136094518005848,133137,2.493973461786906,0.19444444444444445,0.17083333333333334,0.21388888888888888,0.21388888888888888,0.20694444444444443
186,720,0.18429699586241055,-0.2608011162468914,0.007476695700793234,375,3.968849961084844e-05,0.012079758569598198,133857,2.507068415482839,0.20416666666666666,0.14305555555555555,0.14722222222222223,0.2111111111111111,0.29444444444444445
187,720,0.1826198932000626,-0.2014012347383613,0.08339406408930783,404,4.2091688371531035e-05,0.01237054355442524,134577,2.520062331358592,0.21388888888888888,0.19583333333333333,0.20277777777777778,0.1763888888888889,0.2111111111111111
188,720,0.18095805217194205,0.18140837393024745,0.6313507847420556,457,4.368366318203698e-05,0.011197070591151714,135297,2.5324936827023823,0.2125,0.16805555555555557,0.17083333333333334,0.2263888888888889,0.2222222222222222
189,720,0.17931133389717738,0.0468750257798622,0.37798877373933504,406,3.9919928399790986e-05,0.010926389135420322,136017,2.5452960610389708,0.28055555555555556,0.1361111111111111,0.17916666666666667,0.19722222222222222,0.20694444444444443
190,720,0.17767960075871306,-0.22867779190161772,0.06324144400508658,421,4.754970372131437e-05,0.011454282328486443,136737,2.5568954149881997,0.24166666666666667,0.17222222222222222,0.16666666666666666,0.20694444444444443,0.2125
191,720,0.17606271639180876,-0.09759007280165931,0.1669691611416817,377,4.079265299878898e-05,0.01161222718656063,137457,2.580798598130544,0.24166666666666667,0.1375,0.14722222222222223,0.21666666666666667,0.2569444444444444
192,720,0.1744605456726433,-0.36762700823682926,-0.1285763350148671,336,4.1526435153274276e-05,0.012181103229522705,138177,2.5954763968785604,0.2638888888888889,0.14027777777777778,0.18194444444444444,0.18055555555555555,0.23333333333333334
193,720,0.17287295470702224,0.16885017858409607,0.5909800000281664,412,4.088179193912664e-05,0.012493792921304703,138897,2.607941762606303,0.19722222222222222,0.19166666666666668,0.175,0.1597222222222222,0.2763888888888889
194,720,0.17129981081918835,0.1689990346152016,0.6080126451340719,421,4.430006789435639e-05,0.013255787082016468,139617,2.62052903175354,0.18194444444444444,0.12361111111111112,0.1986111111111111,0.19305555555555556,0.30277777777777776
195,720,0.16974098254073375,-0.3496904997720641,-0.08395565121152126,399,4.6654060329526853e-05,0.01281752623617649,140337,2.6336054960886637,0.16805555555555557,0.16944444444444445,0.18611111111111112,0.24305555555555555,0.23333333333333334
196,720,0.16819633959961308,-0.3426553882003689,-0.07517929084782149,363,4.148371799096316e-05,0.012980341911315918,141057,2.6451194127400717,0.2222222222222222,0.1361111111111111,0.19444444444444445,0.225,0.2222222222222222
197,720,0.16666575290925661,-0.01932558195559477,0.3098654447998783,444,4.081431414609445e-05,0.012094937264919281,141777,2.6570783456166587,0.1625,0.20833333333333334,0.18472222222222223,0.2152777777777778,0.22916666666666666
198,720,0.16514909455778237,0.027754036920825467,0.37610086093208905,430,4.060176079924026e-05,0.01297092717140913,142497,2.6700226108233136,0.2013888888888889,0.16805555555555557,0.21388888888888888,0.19305555555555556,0.22361111111111112
199,720,0.16364623779730655,-0.10960341473081686,0.12063622859764012,383,4.14367433323706e-05,0.013395742513239384,143217,2.6832109808921816,0.13472222222222222,0.1375,0.275,0.30277777777777776,0.15
200,720,0.16215705703335107,-0.15685655049390232,0.120352591391649,390,4.780170907249865e-05,0.012831905856728554,143937,2.6950618306795757,0.17083333333333334,0.13055555555555556,0.2222222222222222,0.18472222222222223,0.2916666666666667
201,720,0.16068142781434758,-0.2603723261659231,0.0016289992141282905,388,4.293673387868087e-05,0.013290775939822197,144657,2.7207196791966757,0.17777777777777778,0.12777777777777777,0.1486111111111111,0.2916666666666667,0.25416666666666665
202,720,0.15921922682123701,-0.054432243793118035,0.21995961557171095,405,4.16987864677291e-05,0.012431156821548939,145377,2.7327722469965616,0.16805555555555557,0.17777777777777778,0.22777777777777777,0.225,0.2013888888888889
203,720,0.15777033185716377,-0.0845265876050403,0.2420005326736352,445,3.750624032742659e-05,0.01320484559983015,146097,2.7458831469217935,0.15694444444444444,0.18194444444444444,0.19583333333333333,0.19722222222222222,0.26805555555555555
204,720,0.15633462183726357,-0.1751348136858451,0.060897434567679376,358,3.961183752431276e-05,0.012730398215353489,146817,2.7588231801986693,0.10138888888888889,0.14722222222222223,0.18194444444444444,0.22777777777777777,0.3416666666666667
205,720,0.15491197677854449,-0.21119167668607677,0.0325777269038563,360,4.0653841652884796e-05,0.01163974218070507,147537,2.7712311267852785,0.2125,0.19583333333333333,0.20694444444444443,0.17222222222222222,0.2125
206,720,0.15350227778985973,-0.1603050007784939,0.12265340974631189,396,4.258456399131521e-05,0.012454979121685028,148257,2.783522895971934,0.26805555555555555,0.22916666666666666,0.18611111111111112,0.11527777777777778,0.2013888888888889
207,720,0.152105407061972,0.22728478565892943,0.6833481989825891,436,3.876099407307265e-05,0.012373322620987892,148977,2.7966887950897217,0.17222222222222222,0.19027777777777777,0.18055555555555555,0.2375,0.21944444444444444
208,720,0.15072124785770807,-0.21560123109575902,0.10174883673361235,432,3.784020058345858e-05,0.012343831360340118,149697,2.8097339272499084,0.2222222222222222,0.20277777777777778,0.18194444444444444,0.1527777777777778,0.24027777777777778
209,720,0.14934968450220293,0.06911907127197242,0.363587468560437,361,3.988605817539792e-05,0.012257540598511696,150417,2.8234569787979127,0.18888888888888888,0.15,0.15555555555555556,0.18333333333333332,0.32222222222222224
210,720,0.1479906023732329,-0.10517523068312568,0.14147897642234075,370,3.584189366342293e-05,0.011740367859601974,151137,2.835962879657745,0.19027777777777777,0.16944444444444445,0.18333333333333332,0.2375,0.21944444444444444
211,720,0.14664388789163646,0.04874489584668483,0.38298595316723594,397,3.653853376211676e-05,0.012083260342478752,151857,2.859723381201426,0.25972222222222224,0.13194444444444445,0.16527777777777777,0.1986111111111111,0.24444444444444444
212,720,0.14530942851182257,-0.13777062266290985,0.1473780437374561,413,3.798700433258596e-05,0.011841037310659885,152577,2.8731496651967365,0.21944444444444444,0.1486111111111111,0.21805555555555556,0.22083333333333333,0.19305555555555556
213,720,0.143987112712365,-0.19640737809877493,0.08827363753746154,378,3.589149100662326e-05,0.011936066672205925,153297,2.8852085947990416,0.25972222222222224,0.20416666666666666,0.1736111111111111,0.17777777777777778,0.18472222222222223
214,720,0.1426768299866825,0.12836540105371236,0.4923699115625455,384,4.0354220628715764e-05,0.011303173378109932,154017,2.8998663306236265,0.23333333333333334,0.15694444444444444,0.15416666666666667,0.21805555555555556,0.2375
215,720,0.14137847083380367,0.062019248306770663,0.5181906262161524,472,3.925938348427533e-05,0.011832278221845627,154737,2.911598829428355,0.24166666666666667,0.14305555555555555,0.15694444444444444,0.18333333333333332,0.275
216,720,0.14009192674921606,-0.19489581478598042,0.07988460176972412,379,3.732696199121064e-05,0.011037253774702549,155457,2.925246731440226,0.22361111111111112,0.12777777777777777,0.17083333333333334,0.2625,0.2152777777777778
217,720,0.1388170902157982,0.06907126069501242,0.4979106853114694,468,3.767898073445192e-05,0.010809183120727539,156177,2.937602464358012,0.2611111111111111,0.18194444444444444,0.14305555555555555,0.18333333333333332,0.23055555555555557
218,720,0.13755385469483442,0.13959058473205982,0.5054480849206013,379,3.7525312371952975e-05,0.01224147342145443,156897,2.9499388496081034,0.27361111111111114,0.18055555555555555,0.14166666666666666,0.1763888888888889,0.22777777777777777
219,720,0.13630211461711142,-0.1623968108045276,0.06460430891223079,333,3.696423158190656e-05,0.011610005982220173,157617,2.9626481811205547,0.24027777777777778,0.17777777777777778,0.1388888888888889,0.19027777777777777,0.25277777777777777
220,720,0.1350617653740957,-0.10127364960689116,0.21832425173931114,412,3.665664060766479e-05,0.011187134310603142,158337,2.975249977906545,0.18888888888888888,0.10138888888888889,0.2152777777777778,0.2,0.29444444444444445
221,720,0.13383270330919142,-0.23273920259769043,-0.03317638315126137,303,3.586763141104004e-05,0.010595032013952732,159057,2.999511130650838,0.24305555555555555,0.17916666666666667,0.20694444444444443,0.18611111111111112,0.18472222222222223
222,720,0.1326148257090778,0.0038030342930665496,0.3662271479991259,426,3.398033175522465e-05,0.011044073849916458,159777,3.0118274966875713,0.2791666666666667,0.15555555555555556,0.1375,0.22916666666666666,0.1986111111111111
223,720,0.13140803079512517,0.07790965285240682,0.416812532169863,382,3.929582862206694e-05,0.011136746034026146,160497,3.0241334637006125,0.24722222222222223,0.16944444444444445,0.1597222222222222,0.17916666666666667,0.24444444444444444
224,720,0.13021221771488953,0.2013179234417653,0.5415955067416334,347,3.26749307974852e-05,0.01068643108010292,161217,3.0368717471758524,0.1597222222222222,0.20833333333333334,0.20416666666666666,0.24583333333333332,0.18194444444444444
225,720,0.12902728653368403,0.1225082386989242,0.3944613876851246,324,3.6765985191777874e-05,0.012428522109985352,161937,3.0489675283432005,0.13055555555555556,0.1486111111111111,0.2652777777777778,0.2375,0.21805555555555556
226,720,0.12785313822622751,-0.16653016716763014,0.11067710386793372,376,3.6351869636695885e-05,0.01179041899740696,162657,3.0636940598487854,0.22916666666666666,0.19722222222222222,0.14583333333333334,0.22916666666666666,0.1986111111111111
227,720,0.12668967466836883,0.13029218066476603,0.5132992190676731,395,3.330466178997287e-05,0.011185349896550179,163377,3.0775963306427,0.2111111111111111,0.1125,0.13472222222222222,0.29583333333333334,0.24583333333333332
228,720,0.12553679862888667,-0.21246825264997443,0.060543748995602886,391,3.79418736201842e-05,0.011468575336039066,164097,3.0903557936350503,0.2722222222222222,0.11944444444444445,0.16805555555555557,0.23194444444444445,0.20833333333333334
229,720,0.1243944137613638,0.22126917338535831,0.6060362283330409,388,3.475652073853376e-05,0.010895843617618084,164817,3.103562847773234,0.25555555555555554,0.16527777777777777,0.17083333333333334,0.225,0.18333333333333332
230,720,0.12326242459613539,0.21432876223919545,0.6641737636860854,425,3.600187890368842e-05,0.011126016266644001,165537,3.1154091636339825,0.21666666666666667,0.21805555555555556,0.1361111111111111,0.22083333333333333,0.20833333333333334
231,720,0.12214073653231056,0.024592780047843203,0.39702193275507525,435,3.80273418689588e-05,0.010987008921802044,166257,3.1385917981465656,0.19722222222222222,0.18194444444444444,0.16944444444444445,0.2263888888888889,0.225
232,720,0.12102925582986652,-0.07710527237915275,0.1819253101687648,329,3.791364606008251e-05,0.011568346992135048,166977,3.150214731693268,0.20972222222222223,0.11666666666666667,0.1486111111111111,0.24027777777777778,0.2847222222222222
233,720,0.11992788960181475,-0.42432717037979345,-0.18194619673497703,350,3.430248651233746e-05,0.011658315546810627,167697,3.1635077317555744,0.19027777777777777,0.16111111111111112,0.17916666666666667,0.2763888888888889,0.19305555555555556
234,720,0.11883654580643824,-0.3382751066383737,-0.09676734014161736,346,3.5906136968656535e-05,0.011653426103293896,168417,3.1759541630744934,0.20972222222222223,0.17083333333333334,0.16666666666666666,0.25555555555555554,0.19722222222222222
235,720,0.11775513323959964,-0.15750974099408058,0.08057170656469803,348,3.6654079743433006e-05,0.011709046550095081,169137,3.1880186478296917,0.2361111111111111,0.19305555555555556,0.13055555555555556,0.2569444444444444,0.18333333333333332
236,720,0.11668356152711928,0.16012566212901855,0.5351462634408941,402,3.781626094160452e-05,0.012381334789097309,169857,3.200696647167206,0.20555555555555555,0.14305555555555555,0.19583333333333333,0.23472222222222222,0.22083333333333333
237,720,0.1156217411172225,0.28804099236145975,0.6578821794914451,354,4.214109081885908e-05,0.012522846460342407,170577,3.212756597995758,0.11388888888888889,0.19305555555555556,0.21944444444444444,0.25277777777777777,0.22083333333333333
238,720,0.11456958327305578,0.025680196945336065,0.31742647963840387,371,3.825173725241863e-05,0.011098477058112621,171297,3.2247578938802084,0.24027777777777778,0.16527777777777777,0.15416666666666667,0.2,0.24027777777777778
239,720,0.11352700006527097,-0.1907334192932232,0.013101665162194465,345,4.052203530085939e-05,0.012504350394010544,172017,3.241295309861501,0.15694444444444444,0.1388888888888889,0.2263888888888889,0.32083333333333336,0.15694444444444444
240,720,0.112493904364677,-0.02585831698274449,0.19350180961055052,330,3.856269219239847e-05,0.012412553653120995,172737,3.2542303641637167,0.125,0.19027777777777777,0.14583333333333334,0.35138888888888886,0.1875
241,720,0.11147020983495844,0.6532279904874967,1.5708279086855925,429,3.649883986756524e-05,0.011351777240633965,173457,3.2781647284825643,0.24166666666666667,0.17916666666666667,0.14444444444444443,0.2361111111111111,0.1986111111111111
242,720,0.11045583092546031,0.2689648264407739,0.7779567761880355,403,4.103623248031201e-05,0.012674443423748016,174177,3.291189662615458,0.24722222222222223,0.19583333333333333,0.12638888888888888,0.15833333333333333,0.2722222222222222
243,720,0.10945068286403863,-0.13394867512504793,0.10246802414474288,368,4.394714888904774e-05,0.012555694207549095,174897,3.303923213481903,0.22361111111111112,0.18888888888888888,0.19583333333333333,0.22777777777777777,0.1638888888888889
244,720,0.10845468164997588,-0.3549634503096071,-0.11349051159941637,375,3.822034029023295e-05,0.011646747589111328,175617,3.3183318456013997,0.1625,0.22361111111111112,0.20694444444444443,0.15138888888888888,0.25555555555555554
245,720,0.10746774404696109,-0.08481455028618635,0.13505992819786194,339,3.876427663461375e-05,0.012457632459700108,176337,3.331267750263214,0.15416666666666667,0.17083333333333334,0.15555555555555556,0.3055555555555556,0.21388888888888888
246,720,0.10648978757613374,0.6037627647639853,1.4664078115307682,410,4.011534591907346e-05,0.012535891495645046,177057,3.3439255634943645,0.24722222222222223,0.15833333333333333,0.14305555555555555,0.225,0.2263888888888889
247,720,0.10552073050919092,-0.10997470344553781,0.11046105789326233,361,3.9358565252061654e-05,0.012349543161690235,177777,3.3565597812334698,0.19027777777777777,0.20833333333333334,0.19166666666666668,0.26666666666666666,0.14305555555555555
248,720,0.10456049186155728,-0.05043667860073802,0.11858368868691582,272,3.5434794761436526e-05,0.01207425445318222,178497,3.3699411153793335,0.2152777777777778,0.1986111111111111,0.2611111111111111,0.2388888888888889,0.08611111111111111
249,720,0.1036089913856171,-0.13390958348723467,0.1440680969737682,407,3.777230807726382e-05,0.011414356529712677,179217,3.38416344722112,0.1875,0.14027777777777778,0.18333333333333332,0.25277777777777777,0.2361111111111111
250,720,0.10266614956400799,-0.3775854245110972,-0.08248415047053015,405,3.9899929067309534e-05,0.012244787067174911,179937,3.397175176938375,0.2708333333333333,0.1486111111111111,0.16111111111111112,0.19027777777777777,0.22916666666666666
251,720,0.10173188760297552,0.08071018240603084,0.3122066456240604,281,4.21614339504433e-05,0.011430064216256142,180657,3.425667146841685,0.2361111111111111,0.09027777777777778,0.15138888888888888,0.24583333333333332,0.2763888888888889
252,720,0.10080612742578844,-0.16319857060326737,0.01923406586263865,332,4.350269680218035e-05,0.012186994776129723,181377,3.439207363128662,0.13194444444444445,0.21805555555555556,0.3013888888888889,0.20833333333333334,0.14027777777777778
253,720,0.09988879166621377,-0.06810921739628523,0.18044416964392096,359,4.147966736177801e-05,0.011812830343842506,182097,3.45067671140035,0.19583333333333333,0.16527777777777777,0.16666666666666666,0.29583333333333334,0.1763888888888889
254,720,0.09897980366205122,-0.20224324619243977,0.06476780701339413,367,3.896095993619989e-05,0.012435372918844223,182817,3.4633012811342874,0.25833333333333336,0.19166666666666668,0.12083333333333333,0.19583333333333333,0.23333333333333334
255,720,0.09807908744872657,0.16491792535855285,0.5807792558463787,415,3.931164533494464e-05,0.012326344847679138,183537,3.47872341076533,0.23194444444444445,0.1597222222222222,0.15138888888888888,0.21944444444444444,0.2375
256,720,0.09718656775294315,-0.10502389836974997,0.20078571091701414,397,4.039159290414318e-05,0.011774186044931412,184257,3.4905804793039956,0.24583333333333332,0.17916666666666667,0.15,0.19444444444444445,0.23055555555555557
257,720,0.09630216998639138,0.09658896804987382,0.3720952732675473,325,3.674947150532009e-05,0.011998821049928665,184977,3.503458297252655,0.19166666666666668,0.12916666666666668,0.17777777777777778,0.28194444444444444,0.21944444444444444
258,720,0.09542582023951522,0.09123695756544696,0.39547792834816775,356,3.668785199629888e-05,0.011555703356862068,185697,3.5165807127952577,0.20277777777777778,0.2111111111111111,0.1527777777777778,0.18194444444444444,0.2513888888888889
259,720,0.09455744527533563,-0.15126051756913006,0.1638569917392394,411,3.738399123626045e-05,0.012109474278986454,186417,3.5282220959663393,0.24305555555555555,0.1361111111111111,0.13333333333333333,0.24583333333333332,0.24166666666666667
260,720,0.09369697252333008,0.15168890834748716,0.5123865628588391,387,3.96129450160111e-05,0.012400023639202118,187137,3.540904911359151,0.17916666666666667,0.11388888888888889,0.2375,0.2152777777777778,0.25416666666666665
261,720,0.09284433007336777,0.15502534763741438,0.6040398409565111,433,4.21661020248444e-05,0.012775473296642303,187857,3.563989528020223,0.22777777777777777,0.14305555555555555,0.1375,0.22361111111111112,0.26805555555555555
262,720,0.09199944666970013,0.23168856648343267,0.5812071376209631,326,4.347367804737385e-05,0.012684064917266369,188577,3.5773560484250386,0.2722222222222222,0.1875,0.11944444444444445,0.16111111111111112,0.25972222222222224
263,720,0.09116225170500586,-0.04718486644518147,0.20419962369551703,352,4.0866892931666777e-05,0.011936160735785961,189297,3.5902999440828958,0.11527777777777778,0.1638888888888889,0.19305555555555556,0.25416666666666665,0.27361111111111114
264,720,0.0903326752144903,0.017412639041204242,0.2534661564896097,336,4.077398600530715e-05,0.012601852416992188,190017,3.6026158332824707,0.11666666666666667,0.14305555555555555,0.21944444444444444,0.25972222222222224,0.2611111111111111
265,720,0.08951064787003844,0.11450434463819022,0.4699881575035938,407,4.1018224945017006e-05,0.012316588312387466,190737,3.6152023792266847,0.23333333333333334,0.1361111111111111,0.20694444444444443,0.17916666666666667,0.24444444444444444
266,720,0.0886961009744211,-0.2231188618565242,0.07238070851663037,405,4.311024214808236e-05,0.012643026188015938,191457,3.62719779809316,0.2625,0.1763888888888889,0.1875,0.1638888888888889,0.20972222222222223
267,720,0.08788896645555387,-0.21766877417897532,0.020539313022817085,338,3.885556004408702e-05,0.011871525086462498,192177,3.639904761314392,0.2791666666666667,0.19583333333333333,0.18472222222222223,0.13472222222222222,0.20555555555555555
268,720,0.08708917686080833,0.7047397351707427,1.7579557504503622,433,3.5814482415238066e-05,0.012049999088048935,192897,3.652068642775218,0.20833333333333334,0.17916666666666667,0.1388888888888889,0.18888888888888888,0.2847222222222222
269,720,0.08629666535137498,-0.06653239111388207,0.1986759934621818,370,4.001317971768812e-05,0.012072451412677765,193617,3.6648297468821207,0.30416666666666664,0.23472222222222222,0.18472222222222223,0.14722222222222223,0.12916666666666668
270,720,0.08551136569667747,-0.1182597812170367,0.2062184510788161,425,4.0030342952630034e-05,0.012934161350131035,194337,3.6766432603200276,0.2763888888888889,0.125,0.19305555555555556,0.23194444444444445,0.1736111111111111
271,720,0.0847332122688377,-0.14731674749911544,0.10758642111348804,351,4.4710215546375464e-05,0.014104321599006653,195057,3.699951998392741,0.26805555555555555,0.18472222222222223,0.1388888888888889,0.21805555555555556,0.19027777777777777
272,720,0.08396214003719128,0.1635962731323897,0.5579117039174939,428,4.723256197899496e-05,0.013313310220837593,195777,3.7120496153831484,0.17083333333333334,0.16111111111111112,0.21666666666666667,0.2263888888888889,0.225
273,720,0.08319808456285284,0.11976355101207478,0.4025100876540766,338,4.41649421910976e-05,0.013473904691636562,196497,3.7238828778266906,0.16666666666666666,0.125,0.19027777777777777,0.24583333333333332,0.2722222222222222
274,720,0.08244098199333087,-0.1177114003156293,0.13602871774481073,358,4.241293555524963e-05,0.013876044191420078,197217,3.7368857979774477,0.17916666666666667,0.10555555555555556,0.16111111111111112,0.24583333333333332,0.30833333333333335
275,720,0.08169076905719157,-0.0013425000826944172,0.2271047095169163,328,4.370730669178455e-05,0.013900239020586014,197937,3.749670445919037,0.1388888888888889,0.15416666666666667,0.20416666666666666,0.22083333333333333,0.28194444444444444
276,720,0.08094738305877112,-0.04458084570677057,0.2584982616351432,385,4.333726774600816e-05,0.013353480026125908,198657,3.7624268968900045,0.30416666666666664,0.14444444444444443,0.17916666666666667,0.14722222222222223,0.225
277,720,0.08021076187293631,0.5278436940758062,1.1822221534510349,375,4.059365597615599e-05,0.013332556933164597,199377,3.7749351779619853,0.24166666666666667,0.2152777777777778,0.22777777777777777,0.15416666666666667,0.16111111111111112
278,720,0.07948084393989259,0.23306249652648586,0.6397806723595698,382,4.1624087630983314e-05,0.012956622056663036,200097,3.7874874830245973,0.2708333333333333,0.2263888888888889,0.19166666666666668,0.15416666666666667,0.15694444444444444
279,720,0.07875756826003957,0.37419063712696177,0.9341938740622022,425,4.462101192706945e-05,0.01354859210550785,200817,3.800082047780355,0.23333333333333334,0.18611111111111112,0.1986111111111111,0.18194444444444444,0.2
280,720,0.07804087438887321,-0.22798264867253898,0.03486124127375745,404,4.4327085311124394e-05,0.013438929803669453,201537,3.8138037800788878,0.23333333333333334,0.175,0.18472222222222223,0.2,0.20694444444444443
281,720,0.07733070243193446,0.1813217458869625,0.521690283889829,376,4.386839417773242e-05,0.013840872794389725,202257,3.8355939666430157,0.15416666666666667,0.18472222222222223,0.19166666666666668,0.25833333333333336,0.2111111111111111
282,720,0.07662699303980386,-0.08081423111279838,0.17490320900383383,388,4.490190480308027e-05,0.013880403712391853,202977,3.8480313102404278,0.19027777777777777,0.16944444444444445,0.19166666666666668,0.25555555555555554,0.19305555555555556
283,720,0.07592968740314164,0.14215443119122825,0.5359582159397287,384,4.2540815392536994e-05,0.014464940875768661,203697,3.8609556953112283,0.2638888888888889,0.12777777777777777,0.1361111111111111,0.18611111111111112,0.2861111111111111
284,720,0.07523872724777306,0.41593118868904494,1.026745265119004,401,4.2354297014905266e-05,0.01343305129557848,204417,3.8747209628423054,0.25972222222222224,0.15138888888888888,0.18611111111111112,0.1486111111111111,0.25416666666666665
285,720,0.07455405482981832,-0.09804749029969356,0.14391033306788548,374,4.326907539330528e-05,0.01380434725433588,205137,3.887787946065267,0.1875,0.23333333333333334,0.19722222222222222,0.17083333333333334,0.2111111111111111
286,720,0.07387561293086697,0.30840467124298077,0.7707526306129004,403,4.1411110726130576e-05,0.013106375932693481,205857,3.900339678923289,0.31666666666666665,0.17222222222222222,0.1597222222222222,0.1638888888888889,0.1875
287,720,0.07320334485319609,-0.056346844794055,0.18904820006123768,352,4.3802012143916926e-05,0.012227043509483337,206577,3.913724211851756,0.21666666666666667,0.12638888888888888,0.20833333333333334,0.1875,0.2611111111111111
288,720,0.07253719441503201,-0.3112288951933246,-0.03798852026707866,390,4.01915543003876e-05,0.01281970925629139,207297,3.926722760995229,0.225,0.17083333333333334,0.19305555555555556,0.11944444444444445,0.2916666666666667
289,720,0.07187710594585521,0.5754859799666604,1.400041382627399,419,3.956239431520064e-05,0.01297012623399496,208017,3.9395295143127442,0.2013888888888889,0.14583333333333334,0.11388888888888889,0.25416666666666665,0.2847222222222222
290,720,0.07122302428174793,0.04265043696386139,0.37389591404959055,396,3.963354103386034e-05,0.012554933317005634,208737,3.9525861938794455,0.23055555555555557,0.15,0.1638888888888889,0.2152777777777778,0.24027777777777778
291,720,0.07057489476078402,-0.011695244142009632,0.19698363626259208,305,4.2233669525002266e-05,0.01284739375114441,209457,3.9758586645126344,0.19027777777777777,0.18611111111111112,0.22777777777777777,0.2013888888888889,0.19444444444444445
292,720,0.06993266321846088,-0.07733865687549463,0.1902475885940489,392,3.693024529083131e-05,0.011922033503651619,210177,3.9899104793866473,0.16527777777777777,0.1638888888888889,0.22916666666666666,0.2361111111111111,0.20555555555555555
293,720,0.06929627598317288,0.02359231428668921,0.3186286753648757,411,4.1198398021909574e-05,0.011884639039635658,210897,4.002055780092875,0.1763888888888889,0.20277777777777778,0.18611111111111112,0.25833333333333336,0.1763888888888889
294,720,0.068665679871726,0.6161704178372266,1.4600223071178045,412,4.537309106227541e-05,0.011874986812472343,211617,4.015192226568858,0.22361111111111112,0.19583333333333333,0.1527777777777778,0.2222222222222222,0.20555555555555555
295,720,0.0680408221848933,-0.17845828912536912,0.023309221779713285,312,4.2288960965682536e-05,0.012284912168979645,212337,4.028488461176554,0.20416666666666666,0.1986111111111111,0.19305555555555556,0.18055555555555555,0.22361111111111112
296,720,0.06742165070301076,-0.15748605014495734,-0.00048593204172253657,249,4.290568525675553e-05,0.012272488325834274,213057,4.0418634931246435,0.3125,0.16666666666666666,0.2569444444444444,0.11388888888888889,0.15
297,720,0.06680811368161337,0.09966308317126303,0.398168384364632,374,4.3221324323086364e-05,0.01199575886130333,213777,4.054627044995626,0.2611111111111111,0.18333333333333332,0.175,0.21666666666666667,0.1638888888888889
298,720,0.06620015984711068,-0.13255177963524636,0.124623395846851,360,4.299866491869074e-05,0.01168697327375412,214497,4.067784166336059,0.2611111111111111,0.11944444444444445,0.18472222222222223,0.2375,0.19722222222222222
299,720,0.06559773839250198,0.3262922709962084,0.7758732450565158,383,4.368423243982357e-05,0.01135595329105854,215217,4.079824427763621,0.15694444444444444,0.17916666666666667,0.20694444444444443,0.3,0.15694444444444444
300,720,0.06500079897313021,0.046033157632099746,0.3028226209891889,333,4.180122073320389e-05,0.011313134804368019,215937,4.09138556321462,0.2388888888888889,0.21944444444444444,0.12916666666666668,0.19444444444444445,0.21805555555555556
301,720,0.06440929170247472,0.36666101879958735,0.8694813113834514,403,4.114690375445207e-05,0.011891437694430351,216657,4.115727214018504,0.18888888888888888,0.2875,0.15833333333333333,0.1875,0.17777777777777778
302,720,0.06382316714798221,0.08040621816033894,0.40833227147759654,393,4.1799115384340744e-05,0.012393224984407425,217377,4.127845227718353,0.1638888888888889,0.24861111111111112,0.15694444444444444,0.23333333333333334,0.19722222222222222
303,720,0.06324237632693558,0.5395696981999253,1.240210194287224,395,4.2718012590133485e-05,0.012232315726578236,218097,4.141693909962972,0.18194444444444444,0.2861111111111111,0.15,0.18194444444444444,0.2
304,720,0.06266687070236046,0.38895114289712607,0.886458275750323,371,4.160725049157716e-05,0.012838497757911682,218817,4.152421176433563,0.18055555555555555,0.2833333333333333,0.14166666666666666,0.17777777777777778,0.21666666666666667
305,720,0.06209660217896898,0.040362856981149664,0.35847514931841395,420,4.471051643880249e-05,0.013284310698509216,219537,4.165585164229075,0.14722222222222223,0.17083333333333334,0.225,0.25416666666666665,0.20277777777777778
306,720,0.06153152309914036,-0.12108973471628821,0.06759693250720633,327,4.1622910320408364e-05,0.013027682900428772,220257,4.178805295626322,0.1597222222222222,0.18333333333333332,0.20416666666666666,0.27361111111111114,0.17916666666666667
307,720,0.06097158623893818,0.389690576264323,0.8774990079446039,355,4.536423389254196e-05,0.012823275290429592,220977,4.191411280632019,0.22083333333333333,0.1375,0.23333333333333334,0.22083333333333333,0.1875
308,720,0.06041674480416385,0.22902558036701906,0.6715905200078351,415,4.37173868464116e-05,0.01339801587164402,221697,4.2041063944498696,0.23472222222222222,0.23472222222222222,0.15416666666666667,0.1597222222222222,0.21666666666666667
309,720,0.059866952426445956,-0.2508205712019073,0.01860029878570124,401,4.3167366759967586e-05,0.01299341395497322,222417,4.216453178723653,0.18472222222222223,0.1361111111111111,0.16666666666666666,0.2763888888888889,0.2361111111111111
310,720,0.059322163159365296,-0.11942826096257282,0.10083803422225679,333,4.570400233711148e-05,0.012732308357954025,223137,4.229029166698456,0.1736111111111111,0.2111111111111111,0.17222222222222222,0.22916666666666666,0.21388888888888888
311,720,0.05878233147461507,-0.21102974041798725,-0.013191953689843938,315,4.137051043926476e-05,0.013190151192247868,223857,4.2526432275772095,0.25277777777777777,0.19166666666666668,0.20972222222222223,0.20555555555555555,0.14027777777777778
312,720,0.058247412258196074,0.15420493321222095,0.5146811173545882,373,4.2456796773472485e-05,0.012434582225978374,224577,4.264498281478882,0.2902777777777778,0.1736111111111111,0.1486111111111111,0.18333333333333332,0.20416666666666666
313,720,0.05771736080664649,0.05281302090510925,0.3445548892281549,369,4.2048898915759816e-05,0.013099255971610546,225297,4.276250910758972,0.22777777777777777,0.20277777777777778,0.14722222222222223,0.19305555555555556,0.22916666666666666
314,720,0.057192132823306006,0.6164889409765062,1.4363205770819776,400,4.325436633760344e-05,0.012396018020808697,226017,4.289590382575989,0.22361111111111112,0.18888888888888888,0.1388888888888889,0.2722222222222222,0.1763888888888889
315,720,0.05667168441461392,-0.1797354234844226,0.07225571736024561,368,4.0094626319842065e-05,0.012363944202661514,226737,4.301563147703806,0.2986111111111111,0.24027777777777778,0.1111111111111111,0.15,0.2
316,720,0.056155972086440936,-0.17221950502400304,0.055252943408208965,359,4.479670160182852e-05,0.012855179607868195,227457,4.315761232376099,0.26944444444444443,0.2263888888888889,0.1388888888888889,0.175,0.19027777777777777
317,720,0.05564495274045432,0.5636004728272938,1.348672964804111,433,4.841306750272957e-05,0.013561949133872986,228177,4.3284334143002825,0.23333333333333334,0.2152777777777778,0.13333333333333333,0.2013888888888889,0.21666666666666667
318,720,0.05513858367051619,-0.0550532562094358,0.2201169853638718,380,4.657844489833628e-05,0.014196876436471939,228897,4.340693926811218,0.14027777777777778,0.1597222222222222,0.1625,0.23333333333333334,0.30416666666666664
319,720,0.05463682255911449,-0.16378083155222567,0.08841136352217904,368,4.330288484703083e-05,0.014116281643509865,229617,4.353156395753225,0.16944444444444445,0.16527777777777777,0.16805555555555557,0.21805555555555556,0.2791666666666667
320,720,0.05413962747382655,-0.11904272889430034,0.1711161531402443,391,4.139971453645962e-05,0.013527610339224339,230337,4.366808529694875,0.23472222222222222,0.1375,0.14722222222222223,0.175,0.3055555555555556
321,720,0.05364695686381473,-0.22943366249155944,-0.030460112196743716,314,4.110521380324725e-05,0.013646978884935379,231057,4.386763445536295,0.15138888888888888,0.1388888888888889,0.14027777777777778,0.33194444444444443,0.2375
322,720,0.05315876955635402,0.4021877850406069,1.0298010534827675,419,4.3769514021126574e-05,0.013260014355182648,231777,4.399890196323395,0.23055555555555557,0.21944444444444444,0.15,0.20416666666666666,0.19583333333333333
323,720,0.0526750247533912,0.08917105277208211,0.3400019280057953,325,4.197621553885256e-05,0.013869879767298698,232497,4.4120586315790815,0.18055555555555555,0.25972222222222224,0.19444444444444445,0.17916666666666667,0.18611111111111112
324,720,0.052195682028135335,-0.2435014924099869,-0.05823687191349869,297,4.724264487600117e-05,0.013790512457489967,233217,4.423421164353688,0.13194444444444445,0.1361111111111111,0.19583333333333333,0.21666666666666667,0.3194444444444444
325,720,0.0517207013216793,0.042369991740585075,0.269813439617018,319,4.6050778045506983e-05,0.013895448297262192,233937,4.43601727883021,0.16944444444444445,0.225,0.275,0.1763888888888889,0.15416666666666667
326,720,0.05125004293965202,-0.19797369541605428,0.0413587018496373,364,4.182185032909223e-05,0.013412351720035076,234657,4.448003733158112,0.24027777777777778,0.21805555555555556,0.17777777777777778,0.15138888888888888,0.2125
327,720,0.050783667548901186,-0.28350456462045587,-0.11352695907683052,291,4.248973750691221e-05,0.01387561485171318,235377,4.461473627885183,0.16111111111111112,0.21666666666666667,0.2013888888888889,0.24305555555555555,0.17777777777777778
328,720,0.050321536174206184,-0.12112503285888987,0.11001659664079866,378,3.889344983968436e-05,0.012705941684544086,236097,4.475126147270203,0.22361111111111112,0.2125,0.21944444444444444,0.1986111111111111,0.14583333333333334
329,720,0.049863610195020905,0.001757196271622144,0.23770294289242333,346,4.1932146792886566e-05,0.013429204933345318,236817,4.488053528467814,0.24027777777777778,0.2625,0.1736111111111111,0.1638888888888889,0.1597222222222222
330,720,0.049409851342246215,-0.11990973262055954,0.04638384962983899,273,4.380141847377672e-05,0.013043956831097603,237537,4.50117556254069,0.20694444444444443,0.2513888888888889,0.19722222222222222,0.16527777777777777,0.17916666666666667
331,720,0.04896022169503177,-0.008128198300267108,0.2452941931233108,365,4.355246557628966e-05,0.012839270755648613,238257,4.524240926901499,0.275,0.20277777777777778,0.16111111111111112,0.16805555555555557,0.19305555555555556
332,720,0.04851468367760699,-0.12803699248438372,0.11819190191892681,373,4.2668747975464307e-05,0.012717178091406822,238977,4.53744101524353,0.21805555555555556,0.23194444444444445,0.21805555555555556,0.1486111111111111,0.18333333333333332
333,720,0.04807320005614076,0.38507761519449296,0.9849180232876367,426,4.357862189736907e-05,0.01254323497414589,239697,4.550198463598887,0.25555555555555554,0.16805555555555557,0.1597222222222222,0.16666666666666666,0.25
334,720,0.04763573393562988,0.11946101636035346,0.373635694502644,318,4.1971925002649694e-05,0.012879514135420322,240417,4.563818029562632,0.20416666666666666,0.1875,0.26944444444444443,0.1597222222222222,0.17916666666666667
335,720,0.04720224875681565,-0.15883698748158176,0.04960406543481666,336,4.2466101955243276e-05,0.01319954451173544,241137,4.578333846728007,0.1736111111111111,0.18333333333333332,0.2222222222222222,0.1638888888888889,0.2569444444444444
336,720,0.04677270829312862,-0.039101079837486744,0.2203636891273233,378,3.9368451829583743e-05,0.012762901373207569,241857,4.593950661023458,0.225,0.16527777777777777,0.22777777777777777,0.1763888888888889,0.20555555555555555
337,720,0.046347076647661155,0.3428711623650062,0.8801868540686579,418,3.9146759209213794e-05,0.013192303478717804,242577,4.605493648846944,0.22361111111111112,0.19305555555555556,0.11944444444444445,0.2361111111111111,0.22777777777777777
338,720,0.045925318250167435,-0.07727518181538937,0.14479412595984664,366,3.982318185080658e-05,0.013536497950553894,243297,4.618492062886556,0.16527777777777777,0.21944444444444444,0.30277777777777776,0.15416666666666667,0.15833333333333333
339,720,0.045507397854090914,0.6616085884432834,1.5821143748537758,412,4.308673795271211e-05,0.013243370689451694,244017,4.631681144237518,0.1986111111111111,0.1763888888888889,0.1736111111111111,0.19583333333333333,0.25555555555555554
340,720,0.04509328053361869,0.06741222082430454,0.3433442594248681,386,4.198362998093014e-05,0.012863803654909134,244737,4.64474911292394,0.2125,0.1388888888888889,0.22361111111111112,0.2222222222222222,0.20277777777777778
341,720,0.04468293168076276,0.838443638149171,2.2428210264409527,457,4.448756572704345e-05,0.012987309135496616,245457,4.672378412882487,0.20277777777777778,0.20277777777777778,0.16527777777777777,0.2,0.22916666666666666
342,720,0.04427631700246782,-0.005503748414178807,0.24981588889960626,365,4.1578529637970655e-05,0.012646486982703209,246177,4.68525646130244,0.1875,0.20416666666666666,0.1875,0.20416666666666666,0.21666666666666667
343,720,0.043873402517745366,0.16080557743626073,0.4656598893014545,331,4.3340461979823884e-05,0.011879049241542816,246897,4.699233949184418,0.22916666666666666,0.1625,0.1125,0.2111111111111111,0.2847222222222222
344,720,0.04347415455483388,-0.21807597671329132,0.1251586222657426,445,4.099191147588499e-05,0.012504911050200462,247617,4.712339548269908,0.2111111111111111,0.1986111111111111,0.12777777777777777,0.18194444444444444,0.28055555555555556
345,720,0.043078539748384895,-0.0025960597910173596,0.2329429331816646,360,4.200097099176977e-05,0.013176888227462769,248337,4.7250727335611975,0.16111111111111112,0.18055555555555555,0.1986111111111111,0.275,0.18472222222222223
346,720,0.04268652503667459,0.19395781739944465,0.4932542778226825,344,4.232741584675952e-05,0.013616644777357578,249057,4.7383613109588625,0.14444444444444443,0.09861111111111111,0.2388888888888889,0.23472222222222222,0.2833333333333333
347,720,0.04229807765884085,0.5225736694272889,1.2458266449378428,444,4.032128981003148e-05,0.013058604672551155,249777,4.753387463092804,0.1625,0.2152777777777778,0.1763888888888889,0.20416666666666666,0.24166666666666667
348,720,0.0419131651521454,-0.04887066783903993,0.1710248811399746,346,4.2874864098191915e-05,0.01324502658098936,250497,4.7644888997077945,0.12361111111111112,0.125,0.2861111111111111,0.24861111111111112,0.21666666666666667
349,720,0.04153175534926088,0.4873793931675543,1.1757629685531628,429,4.3150797560226946e-05,0.012794652953743935,251217,4.776043061415354,0.1986111111111111,0.16111111111111112,0.1875,0.20555555555555555,0.24722222222222223
350,720,0.04115381637558261,0.38942244594695413,0.8760573977788866,339,4.1408598396073e-05,0.01260299887508154,251937,4.787901095549265,0.3055555555555556,0.14166666666666666,0.1638888888888889,0.14166666666666666,0.24722222222222223
351,720,0.040779316646564805,0.3466705027143639,0.8694990414689596,399,4.0862078081873835e-05,0.012414699420332909,252657,4.811393181482951,0.2,0.18194444444444444,0.20833333333333334,0.16111111111111112,0.24861111111111112
352,720,0.04040822486508106,-0.12916470424700555,0.14520687295121726,417,4.0902522049337776e-05,0.011961257085204124,253377,4.8236732641855875,0.17916666666666667,0.225,0.21388888888888888,0.1736111111111111,0.20833333333333334
353,720,0.040040510018808824,0.0413353885851897,0.3659298268808826,389,3.828357419782454e-05,0.01215838361531496,254097,4.8364377617836,0.2222222222222222,0.1986111111111111,0.2,0.14583333333333334,0.23333333333333334
354,720,0.03967614137763766,0.1375314267780827,0.48517324207181955,419,3.896018802657232e-05,0.011987033300101757,254817,4.851222896575928,0.16666666666666666,0.16666666666666666,0.23333333333333334,0.17777777777777778,0.25555555555555554
355,720,0.03931508849110116,-0.03660497745852144,0.20670683168388515,368,4.159789004410817e-05,0.012467201799154282,255537,4.864765262603759,0.20694444444444443,0.14305555555555555,0.25833333333333336,0.18888888888888888,0.20277777777777778
356,720,0.03895732118583214,0.05301458642591767,0.3607208368460739,392,4.15063151220036e-05,0.012249183841049671,256257,4.878934399286906,0.16527777777777777,0.12638888888888888,0.21388888888888888,0.24861111111111112,0.24583333333333332
357,720,0.03860280956304107,0.17174863542541347,0.621332975715323,448,3.801650967337385e-05,0.01174275204539299,256977,4.891337378819784,0.17222222222222222,0.14166666666666666,0.225,0.2125,0.24861111111111112
358,720,0.038251523996017396,0.8130004112632551,2.1345963545420146,467,4.166039281269857e-05,0.012205781415104866,257697,4.903122047583262,0.18055555555555555,0.21666666666666667,0.16805555555555557,0.16805555555555557,0.26666666666666666
359,720,0.03790343512765364,0.9373480196589348,2.4002468082827417,414,4.217372451446661e-05,0.013007570058107376,258417,4.9168722112973535,0.1763888888888889,0.1361111111111111,0.17777777777777778,0.18055555555555555,0.32916666666666666
360,720,0.037558513867991986,-0.0832371244080964,0.10187456081685009,298,4.311308525252065e-05,0.01322290487587452,259137,4.929239213466644,0.21388888888888888,0.1638888888888889,0.2375,0.18194444444444444,0.20277777777777778
361,720,0.03721673139179326,-0.08624392232037029,0.1517195398928748,341,4.437612725370046e-05,0.013264409266412258,259857,4.956476843357086,0.24583333333333332,0.1388888888888889,0.20277777777777778,0.20555555555555555,0.20694444444444443
362,720,0.03687805913612794,0.2653495912051024,0.6373835822734939,357,4.41313885542311e-05,0.01372204627841711,260577,4.96711753209432,0.1388888888888889,0.15833333333333333,0.20416666666666666,0.2388888888888889,0.25972222222222224
363,720,0.036542468797989176,0.08551151949272193,0.4806949220371757,471,4.057961074421554e-05,0.013751949183642864,261297,4.979447245597839,0.20555555555555555,0.16805555555555557,0.225,0.2,0.2013888888888889
364,720,0.03620993233192747,-0.015823269669130037,0.1790119183067136,303,4.1151372406349966e-05,0.013050359673798084,262017,4.992384612560272,0.23472222222222222,0.19583333333333333,0.20972222222222223,0.2222222222222222,0.1375
365,720,0.03588042194770693,0.001525909946700199,0.25800346160367416,368,4.109583069041239e-05,0.013196521438658237,262737,5.005672279993693,0.1361111111111111,0.25972222222222224,0.24722222222222223,0.17222222222222222,0.18472222222222223
366,720,0.0355539101079828,0.47638435594266204,1.0841984730457592,400,4.19545135628141e-05,0.012113789096474648,263457,5.019036281108856,0.19305555555555556,0.21666666666666667,0.19583333333333333,0.17222222222222222,0.2222222222222222
367,720,0.03523036952600015,-0.0315060970206709,0.23428752772267303,385,3.977050415389588e-05,0.011781946755945683,264177,5.031140029430389,0.20277777777777778,0.16666666666666666,0.22083333333333333,0.24583333333333332,0.1638888888888889
368,720,0.03490977316331355,-0.17251412593529172,0.03612301181807287,337,4.0937508158044185e-05,0.011836836114525795,264897,5.043192080656687,0.20277777777777778,0.18472222222222223,0.225,0.19583333333333333,0.19166666666666668
369,720,0.0345920942275274,0.136079425632864,0.4587493012796875,383,4.1140283408620034e-05,0.011793883517384529,265617,5.057388293743133,0.1736111111111111,0.17777777777777778,0.18888888888888888,0.21805555555555556,0.24166666666666667
370,720,0.0342773061700569,-0.11140742185860733,0.1177777675009497,377,4.258635781803201e-05,0.012191482819616795,266337,5.0708376288414,0.13333333333333333,0.1527777777777778,0.2638888888888889,0.24722222222222223,0.20277777777777778
371,720,0.03396538268390938,-0.0429541384553569,0.19607559678444186,351,4.464024960194972e-05,0.013613782823085785,267057,5.093884448210399,0.1597222222222222,0.2013888888888889,0.16805555555555557,0.22916666666666666,0.24166666666666667
372,720,0.03365629770148581,0.0827664890898352,0.39586806294564747,399,4.3326075820004915e-05,0.012648578733205795,267777,5.107592594623566,0.225,0.2125,0.18472222222222223,0.1986111111111111,0.17916666666666667
373,720,0.03335002539240229,0.11863006080366524,0.5233015638863108,458,4.588580701465616e-05,0.013276945799589157,268497,5.120030697186788,0.19444444444444445,0.1625,0.17916666666666667,0.2375,0.2263888888888889
374,720,0.03304654016133143,0.25910610369651244,0.7008125436009709,434,4.271633928409655e-05,0.013529694639146328,269217,5.131809548536936,0.15555555555555556,0.23055555555555557,0.26805555555555555,0.17083333333333334,0.175
375,720,0.03274581664586331,-0.006461524994436589,0.18802049800618814,334,4.453492646866329e-05,0.014030630700290203,269937,5.144955929120382,0.14305555555555555,0.175,0.2875,0.25555555555555554,0.1388888888888889
376,720,0.03244782971438596,0.07390250381834923,0.3684141352304291,375,4.5060348692358176e-05,0.01436229981482029,270657,5.15845050017039,0.11388888888888889,0.15555555555555556,0.26944444444444443,0.2222222222222222,0.2388888888888889
377,720,0.032152554463985045,0.15401885673385488,0.46012033963905696,349,4.3712964654534716e-05,0.013965786434710026,271377,5.172552410761515,0.1986111111111111,0.14722222222222223,0.2638888888888889,0.19027777777777777,0.2
378,720,0.03185996621836278,0.01780335066402773,0.3699898768662704,438,4.1295064967370205e-05,0.013287689536809921,272097,5.185844178994497,0.17916666666666667,0.175,0.14722222222222223,0.19583333333333333,0.30277777777777776
379,720,0.03157004052577568,0.03742632283590682,0.396789407732409,433,4.0450038361288735e-05,0.0129397539421916,272817,5.198676045735677,0.18194444444444444,0.1763888888888889,0.20694444444444443,0.2111111111111111,0.22361111111111112
380,720,0.031282753156991125,-0.004516013166517393,0.2204675058193355,325,4.607426655967275e-05,0.013291074894368649,273537,5.210564728577932,0.20972222222222223,0.18611111111111112,0.18333333333333332,0.25555555555555554,0.16527777777777777
381,720,0.030998080103262507,0.143952013222466,0.4695438010776787,377,3.899193619771621e-05,0.012703204527497292,274257,5.235868962605794,0.24027777777777778,0.19722222222222222,0.1875,0.1763888888888889,0.1986111111111111
382,720,0.030715997574322817,0.020264609571366953,0.35766268812971336,413,4.099195713630858e-05,0.01253274641931057,274977,5.248482247193654,0.20555555555555555,0.19583333333333333,0.1361111111111111,0.18611111111111112,0.2763888888888889
383,720,0.03043648199639648,0.2909466259205391,0.6954473442455074,364,4.264488041548652e-05,0.01311512291431427,275697,5.261035295327504,0.20555555555555555,0.20694444444444443,0.175,0.19166666666666668,0.22083333333333333
384,720,0.030159510010229273,0.7243234792619911,1.781731232169983,427,4.424617711341246e-05,0.013081366196274757,276417,5.273603296279907,0.1986111111111111,0.1597222222222222,0.20555555555555555,0.17083333333333334,0.2652777777777778
385,720,0.029885058469136187,0.26274071567560986,0.6413034548085985,379,4.175420591915705e-05,0.012573071755468845,277137,5.286361881097158,0.20833333333333334,0.1986111111111111,0.19583333333333333,0.16527777777777777,0.23194444444444445
386,720,0.029613104437067047,0.36069915775767375,0.9035092527784876,446,4.040708881802857e-05,0.01252206414937973,277857,5.298811495304108,0.1736111111111111,0.21666666666666667,0.2388888888888889,0.15555555555555556,0.2152777777777778
387,720,0.029343625186689738,0.5035930996575828,1.170794217974378,422,4.1717830245286475e-05,0.01295076496899128,278577,5.3119823654492695,0.2013888888888889,0.1736111111111111,0.19027777777777777,0.24305555555555555,0.19166666666666668
388,720,0.029076598197490863,-0.04550657722698554,0.18086051508150303,334,4.487673591787219e-05,0.012489238753914833,279297,5.326171215375265,0.1486111111111111,0.22361111111111112,0.18611111111111112,0.23472222222222222,0.20694444444444443
389,720,0.028812001153893697,-0.0005808467816702158,0.21582049477454768,332,4.1000431114449994e-05,0.01182088814675808,280017,5.34020227988561,0.14583333333333334,0.25972222222222224,0.2611111111111111,0.18611111111111112,0.14722222222222223
390,720,0.028549811943393264,0.015173764874077492,0.33398908443043873,418,4.215222987164048e-05,0.01268681138753891,280737,5.354248960812886,0.12083333333333333,0.16805555555555557,0.22361111111111112,0.2722222222222222,0.2152777777777778
391,720,0.028290008654708387,0.0752277895947933,0.3940703670714587,387,4.017422596057764e-05,0.01188900787383318,281457,5.3776528636614485,0.2125,0.18055555555555555,0.18055555555555555,0.24861111111111112,0.17777777777777778
392,720,0.02803256957595054,-0.014537006207052137,0.31418012722698796,409,4.325093478377716e-05,0.01245816983282566,282177,5.390672743320465,0.25833333333333336,0.1875,0.14444444444444443,0.19027777777777777,0.21944444444444444
393,720,0.02777747319280939,0.1170134336668325,0.44161416493551364,377,3.966311804788347e-05,0.012327968142926693,282897,5.403909397125244,0.16805555555555557,0.19166666666666668,0.22777777777777777,0.1763888888888889,0.2361111111111111
394,720,0.027524698186754824,0.033445413849559485,0.25476137347777206,335,4.003696803162408e-05,0.011628313921391964,283617,5.417902747790019,0.16111111111111112,0.14444444444444443,0.2916666666666667,0.2222222222222222,0.18055555555555555
395,720,0.027274223433255355,-0.08651693340731438,0.18232526922004966,399,4.155531629647966e-05,0.01221859734505415,284337,5.430708547433217,0.20416666666666666,0.18611111111111112,0.18611111111111112,0.2152777777777778,0.20833333333333334
396,720,0.027026028000012733,0.2820274403810929,0.771855744159357,416,4.674107792021055e-05,0.011627504602074623,285057,5.4417312979698185,0.1638888888888889,0.24027777777777778,0.20555555555555555,0.16527777777777777,0.225
397,720,0.02678009114521262,-0.08335800197837256,0.09816652974505957,286,4.4168012937007004e-05,0.012486275285482407,285777,5.456207664807637,0.18611111111111112,0.19722222222222222,0.2902777777777778,0.16944444444444445,0.15694444444444444
398,720,0.026536392315791184,-0.006219165093323547,0.255182317456885,360,4.562281697720512e-05,0.012665973976254463,286497,5.469144213199615,0.20972222222222223,0.20833333333333334,0.2375,0.175,0.16944444444444445
399,720,0.026294911145717484,0.7791954133558076,1.9950035394583345,430,4.694294259605966e-05,0.01288340799510479,287217,5.480834849675497,0.25833333333333336,0.16666666666666666,0.21388888888888888,0.11527777777777778,0.24583333333333332
400,720,0.026055627454291456,0.1535004600567917,0.4183588446983133,356,4.353968656055764e-05,0.013162720017135143,287937,5.493468896547953,0.09722222222222222,0.20277777777777778,0.2763888888888889,0.24583333333333332,0.17777777777777778
401,720,0.025818521244457403,0.047964323177736974,0.2680297567114589,302,4.3825726604356735e-05,0.013255240395665169,288657,5.519387213389079,0.2152777777777778,0.3125,0.2013888888888889,0.12361111111111112,0.14722222222222223
402,720,0.02558357270113284,-0.04280800133580489,0.20134528375967742,351,4.468856612144615e-05,0.012862514704465866,289377,5.53212947845459,0.21388888888888888,0.14444444444444443,0.2847222222222222,0.1625,0.19444444444444445
403,720,0.025350762189552532,-0.1405837142893998,0.12065830584347625,387,4.4690267125386326e-05,0.012410098686814308,290097,5.54453596274058,0.14444444444444443,0.19027777777777777,0.2861111111111111,0.15138888888888888,0.22777777777777777
404,720,0.025120070253627603,0.3848450122854875,0.8829600104201556,393,4.090919196263106e-05,0.012865858152508736,290817,5.558994777997335,0.14166666666666666,0.1875,0.24583333333333332,0.24444444444444444,0.18055555555555555
405,720,0.02489147761431959,0.11727804336153812,0.36995520655675773,349,4.6292244371670675e-05,0.012837780639529228,291537,5.574161930878957,0.12361111111111112,0.25555555555555554,0.26805555555555555,0.15694444444444444,0.19583333333333333
406,720,0.024664965168029282,0.4295381341386049,1.0300047524079297,440,4.8750802232512394e-05,0.013599950820207596,292257,5.587363429864248,0.19166666666666668,0.19166666666666668,0.22083333333333333,0.19583333333333333,0.2
407,720,0.024440513985000214,-0.05402168843417843,0.21741323867383788,400,4.6433787163853896e-05,0.01393800787627697,292977,5.6021679480870565,0.19583333333333333,0.18611111111111112,0.24583333333333332,0.20277777777777778,0.16944444444444445
408,720,0.02421810530773671,0.24305667554667118,0.6389514466307622,425,4.3945148422608324e-05,0.013487914577126503,293697,5.615645209948222,0.14027777777777778,0.2222222222222222,0.26805555555555555,0.19583333333333333,0.1736111111111111
409,720,0.023997720549436306,-0.1171777224700664,0.09836452451374256,371,4.195171498824695e-05,0.013936268165707588,294417,5.628615546226501,0.10972222222222222,0.17777777777777778,0.2861111111111111,0.22361111111111112,0.20277777777777778
410,720,0.023779341292436435,0.14634039578674138,0.44352840210312516,376,4.1734204340728966e-05,0.01250485610216856,295137,5.6413371125857035,0.1388888888888889,0.2777777777777778,0.25972222222222224,0.16666666666666666,0.15694444444444444
411,720,0.023562949286675263,0.024488586385209583,0.29432404562386116,366,4.02027844175892e-05,0.012391666881740093,295857,5.6659258286158245,0.1527777777777778,0.28194444444444444,0.18333333333333332,0.15,0.23194444444444445
412,720,0.02334852644816652,-0.05063663026856147,0.16603997326763342,347,3.888118751294516e-05,0.012475714087486267,296577,5.678990161418914,0.1486111111111111,0.2625,0.25,0.18888888888888888,0.15
413,720,0.023136054857488205,0.2511647190790902,0.733971980036151,450,4.697285835770041e-05,0.013063338585197926,297297,5.692362527052562,0.15694444444444444,0.2,0.18611111111111112,0.23194444444444445,0.225
414,720,0.022925516758285063,0.10838530719045204,0.3749059203175755,371,4.58358086588204e-05,0.012656948529183865,298017,5.70521829922994,0.10972222222222222,0.20694444444444443,0.30416666666666664,0.22916666666666666,0.15
415,720,0.02271689455578467,-0.12845599503904934,0.034112948824977174,306,4.1365004574345224e-05,0.013046656735241413,298737,5.717521397272746,0.10555555555555556,0.2861111111111111,0.2708333333333333,0.20694444444444443,0.13055555555555556
416,720,0.022510170815327028,-0.019431870188806315,0.2618364121070522,393,4.355649297167474e-05,0.012913620099425316,299457,5.730676011244456,0.12222222222222222,0.1986111111111111,0.20972222222222223,0.22916666666666666,0.24027777777777778
417,720,0.022305328260907552,0.11922430458911783,0.43150208860738104,373,4.22841303386829e-05,0.013135405257344246,300177,5.742508896191915,0.15833333333333333,0.19722222222222222,0.2222222222222222,0.16805555555555557,0.25416666666666665
418,720,0.022102349773733293,0.06526286502666297,0.34280789421404356,366,4.1673582824033574e-05,0.012648317962884903,300897,5.755021361509959,0.1361111111111111,0.24166666666666667,0.2125,0.1875,0.2222222222222222
419,720,0.02190121839079232,0.4485995382631608,1.0510452438626738,431,4.112008104155191e-05,0.012565501034259796,301617,5.76801882982254,0.14166666666666666,0.24722222222222223,0.2152777777777778,0.1875,0.20833333333333334
420,720,0.021701917303436107,0.2624983294907471,0.6578114509871129,390,4.111060579437738e-05,0.012364921160042286,302337,5.781642762819926,0.1875,0.24722222222222223,0.26805555555555555,0.15,0.14722222222222223
421,720,0.021504429855974838,0.2981636511126654,0.7597357418709088,437,4.0136197537776755e-05,0.012127216905355453,303057,5.806929095586141,0.17916666666666667,0.22361111111111112,0.2638888888888889,0.18472222222222223,0.1486111111111111
422,720,0.021308739544285468,-0.3280117945971713,-0.14616028878635023,324,4.098231715943257e-05,0.012221007607877254,303777,5.819201731681824,0.11388888888888889,0.3111111111111111,0.2902777777777778,0.18611111111111112,0.09861111111111111
423,720,0.02111483001443247,0.39934338978495165,0.882486274917684,394,4.1636022345099064e-05,0.012173367664217949,304497,5.832302844524383,0.15138888888888888,0.16666666666666666,0.2777777777777778,0.2152777777777778,0.18888888888888888
424,720,0.020922685061301134,0.010884150971750104,0.23261034331477282,345,4.454167513788181e-05,0.01318378932774067,305217,5.845170597235362,0.10972222222222222,0.18194444444444444,0.3333333333333333,0.19583333333333333,0.17916666666666667
425,720,0.020732288627243294,0.4676687525951808,1.0055508327836522,360,4.453090878087096e-05,0.012860648334026337,305937,5.8591934959093726,0.13055555555555556,0.20416666666666666,0.23055555555555557,0.15694444444444444,0.2777777777777778
426,720,0.02054362480073538,0.3429023970933245,0.769863450665855,374,4.099925408303938e-05,0.013065008446574211,306657,5.872053396701813,0.16527777777777777,0.18333333333333332,0.2625,0.20277777777777778,0.18611111111111112
427,720,0.02035667781504869,0.3909894994884877,0.8808795242463352,386,4.235723375561267e-05,0.012880077585577965,307377,5.884284281730652,0.1736111111111111,0.19027777777777777,0.17222222222222222,0.22916666666666666,0.23472222222222222
428,720,0.020171432046931746,0.06815203649355156,0.27781557303635096,312,4.058124354868495e-05,0.012583283707499504,308097,5.896319246292114,0.1986111111111111,0.31805555555555554,0.22083333333333333,0.14583333333333334,0.11666666666666667
429,720,0.019987872015304668,0.4471826268250371,1.0323294080224095,416,3.8300805192648114e-05,0.011778203770518303,308817,5.909631780783335,0.175,0.25277777777777777,0.25416666666666665,0.14444444444444443,0.1736111111111111
430,720,0.019805982379965396,-0.11992470258739146,0.04323378481102336,301,3.5861878774944165e-05,0.011265739798545837,309537,5.92202817996343,0.1486111111111111,0.2777777777777778,0.29305555555555557,0.11527777777777778,0.16527777777777777
431,720,0.01962574794030771,-0.018455761853478317,0.1491749362483561,269,3.817317418300566e-05,0.011127023957669735,310257,5.94600818157196,0.20694444444444443,0.28055555555555556,0.2263888888888889,0.10416666666666667,0.18194444444444444
432,720,0.01944715363405091,0.5998024837718616,1.3573838918501386,392,3.70944812926963e-05,0.011947168968617916,310977,5.960899245738983,0.2569444444444444,0.1986111111111111,0.22916666666666666,0.12777777777777777,0.1875
433,720,0.019270184535981047,-0.0739972975434069,0.1729274320019143,362,3.477330758035654e-05,0.011233707889914513,311697,5.973068161805471,0.2152777777777778,0.22916666666666666,0.20694444444444443,0.19166666666666668,0.15694444444444444
434,720,0.01909482585670362,0.25372580067680733,0.6408687064940479,387,3.619491985773493e-05,0.011423299089074135,312417,5.986770613988241,0.1597222222222222,0.20277777777777778,0.2263888888888889,0.2222222222222222,0.18888888888888888
435,720,0.018921062941407617,0.4045080072419347,1.0258877655765297,444,4.282058051659179e-05,0.01201095525175333,313137,6.000676643848419,0.20277777777777778,0.14166666666666666,0.22083333333333333,0.2263888888888889,0.20833333333333334
436,720,0.01874888126864081,0.29539348410491073,0.7218399959211765,386,4.380350960925878e-05,0.012952575460076332,313857,6.013819495836894,0.13333333333333333,0.19166666666666668,0.2569444444444444,0.16111111111111112,0.2569444444444444
437,720,0.018578266449096176,0.6809354165099576,1.659625747615939,395,3.8952153108261376e-05,0.012489911168813705,314577,6.027875260512034,0.24027777777777778,0.15,0.20972222222222223,0.13055555555555556,0.26944444444444443
438,720,0.018409204224409403,0.7650377529358896,1.8307388432546037,428,3.931382305811187e-05,0.012397339567542076,315297,6.041909464200338,0.17222222222222222,0.19166666666666668,0.22777777777777777,0.2013888888888889,0.20694444444444443
439,720,0.01824168046596728,0.6583523314569701,1.5152000206352545,426,3.9509684388703035e-05,0.012179183773696423,316017,6.054084479808807,0.1625,0.19444444444444445,0.2,0.19583333333333333,0.24722222222222223
440,720,0.018075681173726977,-0.10721110641487185,0.09860247367508213,337,3.8724845973724264e-05,0.012166887521743774,316737,6.067281599839529,0.14166666666666666,0.3138888888888889,0.16944444444444445,0.17777777777777778,0.19722222222222222
441,720,0.01791119247504606,0.01569420742193348,0.2804277572068865,385,4.1812703799829856e-05,0.012304745614528656,317457,6.093119064966838,0.19305555555555556,0.19305555555555556,0.28194444444444444,0.16111111111111112,0.17083333333333334
442,720,0.01774820062352314,0.6969214654811772,1.6675793894155193,432,3.96070414265321e-05,0.012019593268632889,318177,6.106453378995259,0.20833333333333334,0.1625,0.2263888888888889,0.18333333333333332,0.21944444444444444
443,720,0.017586691997849083,-0.10307027139950263,0.10536956674895226,367,4.1591111717783254e-05,0.012437533587217331,318897,6.120134898026785,0.13194444444444445,0.25277777777777777,0.3013888888888889,0.18055555555555555,0.13333333333333333
444,720,0.017426653100668658,-0.12889726520109646,0.11695109290383998,396,3.916975692845881e-05,0.012240247800946236,319617,6.134060982863108,0.13055555555555556,0.20833333333333334,0.23055555555555557,0.22361111111111112,0.20694444444444443
445,720,0.017268070557452574,0.08116329805506345,0.4242755493894441,402,4.2406077947513644e-05,0.01300421729683876,320337,6.146827014287313,0.22777777777777777,0.2013888888888889,0.1986111111111111,0.1638888888888889,0.20833333333333334
446,720,0.017110931115379754,0.07993696996475635,0.323046418046933,355,4.14323219148274e-05,0.01247411035001278,321057,6.160363797346751,0.08472222222222223,0.3013888888888889,0.3375,0.12222222222222222,0.15416666666666667
447,720,0.016955221642229797,0.14075198305706635,0.39654591300199993,341,3.9658235479894046e-05,0.0127140823751688,321777,6.175181210041046,0.13333333333333333,0.24444444444444444,0.2972222222222222,0.20555555555555555,0.11944444444444445
448,720,0.016800929125285507,-0.01128481452613081,0.1591826972718351,280,3.819115407345129e-05,0.012326058000326157,322497,6.187368762493134,0.11805555555555555,0.3402777777777778,0.3138888888888889,0.07777777777777778,0.15
449,720,0.016648040670245407,0.1626926024516371,0.42538592619158,348,4.028909020866599e-05,0.012235010042786598,323217,6.201160430908203,0.10416666666666667,0.225,0.30833333333333335,0.18194444444444444,0.18055555555555555
450,720,0.016496543500146173,-0.055925177740391796,0.1759482251327722,363,3.689338968039617e-05,0.012042527087032795,323937,6.213689311345418,0.1111111111111111,0.26805555555555555,0.2375,0.16666666666666666,0.21666666666666667
451,720,0.016346424954294843,0.13984673656874538,0.5665045509376165,457,3.4801442773692135e-05,0.011388448998332024,324657,6.238979113101959,0.1875,0.1763888888888889,0.20694444444444443,0.175,0.25416666666666665
452,720,0.01619767248721076,0.16121648529267094,0.4502217638038841,350,3.7329815948952374e-05,0.01232188194990158,325377,6.25480412642161,0.12916666666666668,0.26666666666666666,0.2125,0.14583333333333334,0.24583333333333332
453,720,0.016050273667577143,0.5250831483871866,1.1653524623967226,412,3.5905226105923145e-05,0.0117142079398036,326097,6.267547512054444,0.16111111111111112,0.19305555555555556,0.25277777777777777,0.23333333333333334,0.1597222222222222
454,720,0.015904216177202193,-0.0735051251242777,0.15950695373050516,379,3.493915276193446e-05,0.011501127853989601,326817,6.281337296962738,0.1125,0.20277777777777778,0.3,0.18472222222222223,0.2
455,720,0.015759487809989654,0.40172900240359344,0.8621449130864653,348,3.797898559317522e-05,0.01173489261418581,327537,6.294864062468211,0.1638888888888889,0.2638888888888889,0.24166666666666667,0.10833333333333334,0.2222222222222222
456,720,0.015616076470918748,0.3539455491305061,0.9163944867238167,443,3.677941634679074e-05,0.011613113805651665,328257,6.308240898450216,0.16944444444444445,0.19722222222222222,0.25416666666666665,0.16111111111111112,0.21805555555555556
457,720,0.015473970175033387,0.305075120344829,0.705869788165252,356,3.7371572409483635e-05,0.011609767563641071,328977,6.322610012690226,0.18194444444444444,0.22083333333333333,0.24861111111111112,0.14444444444444443,0.20416666666666666
458,720,0.015333157046440584,0.5159588614491343,1.130185066119532,375,3.663180651377237e-05,0.011628183536231518,329697,6.336864097913106,0.1375,0.14583333333333334,0.2763888888888889,0.20694444444444443,0.23333333333333334
459,720,0.015193625317317975,0.7935202269545226,1.8577089202269392,426,4.013155929795984e-05,0.012430401518940926,330417,6.351564796765645,0.18888888888888888,0.14583333333333334,0.2375,0.22916666666666666,0.1986111111111111
460,720,0.01505536332693038,0.30233795174860933,0.8177290581874854,454,4.2851709938279076e-05,0.012744766660034657,331137,6.364282914002737,0.14722222222222223,0.15555555555555556,0.19166666666666668,0.24722222222222223,0.25833333333333336
461,720,0.014918359520655315,0.18550159299773505,0.6396808069713531,470,3.884832849507802e-05,0.012427588924765587,331857,6.392711047331492,0.19166666666666668,0.20833333333333334,0.1763888888888889,0.21805555555555556,0.20555555555555555
462,720,0.014782602449017352,0.3522952875534465,0.8000155208393063,378,3.783905190933486e-05,0.012843354605138302,332577,6.40603255033493,0.2013888888888889,0.24722222222222223,0.2388888888888889,0.13333333333333333,0.17916666666666667
463,720,0.014648080766731294,-0.2294232846239719,-0.011358286640416049,379,3.8713155661045875e-05,0.013050343841314316,333297,6.4205883304278055,0.11944444444444445,0.25833333333333336,0.30416666666666664,0.15555555555555556,0.1625
464,720,0.01451478323175404,1.2480006341845624,3.5928494845325876,424,4.063795342593342e-05,0.013738859444856644,334017,6.434045561154684,0.16944444444444445,0.17777777777777778,0.24583333333333332,0.19305555555555556,0.21388888888888888
465,720,0.014382698704345078,0.1968147112163447,0.5042805006296636,349,4.160955047609605e-05,0.013230681419372559,334737,6.444862695535024,0.20694444444444443,0.2125,0.25555555555555554,0.175,0.15
466,720,0.014251816146135538,-0.12514241576182178,0.05533429521466404,312,4.0816637798949766e-05,0.013270566239953041,335457,6.457686364650726,0.12222222222222222,0.28888888888888886,0.3,0.1361111111111111,0.1527777777777778
467,720,0.014122124619205706,0.944648038194479,2.3775413656517976,428,4.022467018861183e-05,0.013176876120269299,336177,6.47232453028361,0.1638888888888889,0.2,0.2611111111111111,0.15416666666666667,0.22083333333333333
468,720,0.013993613285170934,0.09899714369387216,0.371283474111028,382,4.223289811938634e-05,0.013426486402750015,336897,6.485325682163238,0.13055555555555556,0.16805555555555557,0.32083333333333336,0.225,0.15555555555555556
469,720,0.013866271404275878,-0.2799273699782016,-0.04655865373674872,387,4.048570400275114e-05,0.01329414825886488,337617,6.497447264194489,0.14722222222222223,0.23194444444444445,0.2847222222222222,0.1375,0.1986111111111111
470,720,0.013740088334496968,0.002217360103791539,0.21922737641135903,329,3.83987474290532e-05,0.012460554018616676,338337,6.510123944282531,0.1527777777777778,0.2625,0.25277777777777777,0.12777777777777777,0.20416666666666666
471,720,0.013615053530653046,0.5876476423232955,1.347022825752488,409,3.922239472634222e-05,0.01347020361572504,339057,6.531985930601755,0.19444444444444445,0.21666666666666667,0.25833333333333336,0.13333333333333333,0.19722222222222222
472,720,0.013491156543524103,-0.0520069344203528,0.13540914434990792,281,4.028399454101519e-05,0.01278729923069477,339777,6.5453102151552836,0.1763888888888889,0.23333333333333334,0.23333333333333334,0.13333333333333333,0.22361111111111112
473,720,0.013368387018978033,-0.08243610262185114,0.1414665664003114,362,4.101833509114133e-05,0.013439802452921867,340497,6.557593162854513,0.18333333333333332,0.2708333333333333,0.2763888888888889,0.11944444444444445,0.15
474,720,0.013246734697105333,0.6164171462963168,1.450806480970149,447,4.3234726072367065e-05,0.01280125044286251,341217,6.570589963595072,0.17083333333333334,0.175,0.20555555555555555,0.20833333333333334,0.24027777777777778
475,720,0.013126189411361674,0.6424140011771245,1.460006522041465,412,4.160621374719792e-05,0.013298527337610722,341937,6.582685927549998,0.12916666666666668,0.15416666666666667,0.2833333333333333,0.2263888888888889,0.20694444444444443
476,720,0.013006741087718283,0.6788034483785136,1.5652436089911372,433,3.842609642611529e-05,0.012628787197172642,342657,6.593842780590057,0.11944444444444445,0.17777777777777778,0.325,0.1875,0.19027777777777777
477,720,0.012888379743820046,0.5874854135880455,1.2932852892162603,413,3.623139717395437e-05,0.012401777319610119,343377,6.60799252986908,0.1375,0.22916666666666666,0.2833333333333333,0.20416666666666666,0.14583333333333334
478,720,0.012771095488151283,0.5047099251459172,1.2624763084774093,464,4.07133576383482e-05,0.012716174125671387,344097,6.621451016267141,0.17916666666666667,0.2263888888888889,0.18611111111111112,0.18611111111111112,0.2222222222222222
479,720,0.012654878519209106,0.0685933369500909,0.3002978283382145,354,4.295778751257886e-05,0.013046321459114552,344817,6.634220862388611,0.12361111111111112,0.20416666666666666,0.2722222222222222,0.23194444444444445,0.16805555555555557
480,720,0.012539719124684302,0.12761407975753528,0.510006687700171,461,3.9149116911277006e-05,0.012757180258631706,345537,6.647388931115469,0.175,0.20555555555555555,0.2638888888888889,0.17777777777777778,0.17777777777777778
481,720,0.012425607680649675,0.11321469556802989,0.4314883333397157,410,4.088585052891681e-05,0.013107521459460258,346257,6.671895964940389,0.11527777777777778,0.16111111111111112,0.2902777777777778,0.2638888888888889,0.16944444444444445
482,720,0.012312534650755763,0.37108970404799413,0.7817387334034644,359,3.9622571222884695e-05,0.012859459966421127,346977,6.684294231732687,0.09444444444444444,0.17222222222222222,0.30277777777777776,0.22916666666666666,0.2013888888888889
483,720,0.012200490585433887,0.6700052375956735,1.4936692934304694,403,3.9291286729318627e-05,0.012485910207033157,347697,6.696902096271515,0.1638888888888889,0.20694444444444443,0.21944444444444444,0.19722222222222222,0.2125
484,720,0.01208946612110644,0.4745982142366789,1.0438764273693524,379,4.240771107409576e-05,0.012934373691678047,348417,6.710155777136484,0.17083333333333334,0.20277777777777778,0.2972222222222222,0.1375,0.19166666666666668
485,720,0.01197945197940437,0.2263063441185082,0.6381316328191902,439,4.2477444506201006e-05,0.013141203671693802,349137,6.723891695340474,0.12638888888888888,0.18888888888888888,0.24444444444444444,0.23333333333333334,0.20694444444444443
486,720,0.01187043896639179,0.6446571693644741,1.534907556120182,445,3.988357438957893e-05,0.012807970866560936,349857,6.7373694976170855,0.19305555555555556,0.2111111111111111,0.2708333333333333,0.14305555555555555,0.18194444444444444
487,720,0.011762417971797624,0.21531867891270207,0.5949121859854776,414,3.9963283572635395e-05,0.012596720829606056,350577,6.7509968439737955,0.11805555555555555,0.2652777777777778,0.26805555555555555,0.1736111111111111,0.175
488,720,0.011655379968254265,-0.10425892919673349,0.08952418215746083,342,3.592477090958507e-05,0.012411817908287048,351297,6.765277727444967,0.12361111111111112,0.2763888888888889,0.3263888888888889,0.15694444444444444,0.11666666666666667
489,720,0.011549316010543152,0.8325403043554704,1.9684511081000244,412,3.679262870074732e-05,0.012107270769774914,352017,6.779460779825846,0.18333333333333332,0.2111111111111111,0.24444444444444444,0.15555555555555556,0.20555555555555555
490,720,0.011444217234847209,0.2778032253287083,0.6960520475770746,419,3.945360448496002e-05,0.012279102578759193,352737,6.792080577214559,0.13472222222222222,0.24305555555555555,0.25416666666666665,0.18194444444444444,0.18611111111111112
491,720,0.011340074858010099,0.5337094326845004,1.2038579378106187,397,3.817396095150293e-05,0.013290001079440117,353457,6.815926563739777,0.15138888888888888,0.16805555555555557,0.35,0.15694444444444444,0.1736111111111111
492,720,0.011236880176802208,0.2564335853034597,0.6494362870116859,406,3.7481003523175284e-05,0.013084841892123222,354177,6.832699199517568,0.1375,0.18888888888888888,0.28888888888888886,0.17083333333333334,0.21388888888888888
493,720,0.011134624567193307,0.8708907052104814,2.131902681132585,426,4.443397164221905e-05,0.013190899044275284,354897,6.84819989601771,0.15555555555555556,0.19305555555555556,0.25277777777777777,0.175,0.22361111111111112
494,720,0.011033299483631848,0.2922561727955497,0.7541881771886421,442,4.3130347683018046e-05,0.013788290321826935,355617,6.863383781909943,0.12222222222222222,0.2569444444444444,0.28055555555555556,0.1625,0.17777777777777778
495,720,0.010932896458330798,0.3955028064206638,0.8922239045642317,404,4.253718556760254e-05,0.013151861727237701,356337,6.876028696695964,0.14166666666666666,0.2152777777777778,0.3402777777777778,0.13472222222222222,0.16805555555555557
496,720,0.010833407100559987,0.7857322119933534,1.8270456091558387,426,4.351233988144385e-05,0.013523213565349579,357057,6.88940364519755,0.1361111111111111,0.20416666666666666,0.2791666666666667,0.20277777777777778,0.17777777777777778
497,720,0.010734823095944892,0.019069906797197177,0.2288391051988521,327,4.0792976521212646e-05,0.013024184852838516,357777,6.9031703273455305,0.14166666666666666,0.2833333333333333,0.35833333333333334,0.10138888888888889,0.11527777777777778
498,720,0.010637136205771794,0.12185235513072944,0.4241887525172623,377,3.914257996105637e-05,0.01282421499490738,358497,6.916331593195597,0.14305555555555555,0.19027777777777777,0.26944444444444443,0.19305555555555556,0.20416666666666666
499,720,0.01054033826629927,-0.025956698460549075,0.17826533469097305,325,4.089169030850017e-05,0.012532245367765427,359217,6.928124248981476,0.12083333333333333,0.2833333333333333,0.30416666666666664,0.11388888888888889,0.17777777777777778
500,720,0.010444421188075948,0.8846338849065444,2.2288753408244486,426,3.9092056968254635e-05,0.012988200411200523,359937,6.940518796443939,0.16111111111111112,0.18055555555555555,0.30972222222222223,0.12777777777777777,0.22083333333333333
501,720,0.010349376955264456,0.23572804429986405,0.6363661877871949,410,4.130748703295871e-05,0.013156051747500896,360657,6.965042344729105,0.13194444444444445,0.20277777777777778,0.28055555555555556,0.14166666666666666,0.24305555555555555
502,720,0.01025519762497155,-0.16747491435335513,0.03176928977428717,354,4.313552027623599e-05,0.01349643711000681,361377,6.978495931625366,0.15416666666666667,0.2777777777777778,0.28055555555555556,0.1638888888888889,0.12361111111111112
503,720,0.010161875326584309,0.44587600511287895,0.9716603501481278,402,4.239822262282663e-05,0.01342085562646389,362097,6.9917787988980615,0.1375,0.22361111111111112,0.26805555555555555,0.22083333333333333,0.15
504,720,0.010069402261112392,-0.004696724666726112,0.2738620564340515,427,4.066738236790318e-05,0.01393900066614151,362817,7.0041535298029585,0.12222222222222222,0.225,0.3375,0.14722222222222223,0.16805555555555557
505,720,0.01,0.6641635067245358,1.5926058943883956,423,4.317769432368045e-05,0.014087151736021042,363537,7.018783895174662,0.16111111111111112,0.21388888888888888,0.20277777777777778,0.19166666666666668,0.23055555555555557
506,720,0.01,0.04272361884427789,0.33438914633068784,397,4.560914998516334e-05,0.014164578169584274,364257,7.031678076585134,0.16111111111111112,0.2861111111111111,0.25277777777777777,0.1638888888888889,0.1361111111111111
507,720,0.01,0.777202459758696,1.8999759961215203,430,4.368009859313638e-05,0.014068306423723698,364977,7.04443457921346,0.14722222222222223,0.24305555555555555,0.275,0.14722222222222223,0.1875
508,720,0.01,1.067144373004966,2.9774637722006756,441,4.194105412504238e-05,0.013552702032029629,365697,7.0585977435112,0.25416666666666665,0.1986111111111111,0.225,0.125,0.19722222222222222
509,720,0.01,0.19372769614029672,0.47068414331600006,358,4.223844924303598e-05,0.013764638453722,366417,7.072765445709228,0.09444444444444444,0.20694444444444443,0.4125,0.1125,0.1736111111111111
510,720,0.01,0.6579296308017532,1.5355983147745733,413,4.71493534683355e-05,0.013227274641394615,367137,7.085529180367788,0.1375,0.21666666666666667,0.25972222222222224,0.12916666666666668,0.2569444444444444
511,720,0.01,0.07632323833224722,0.31038794989950036,369,4.344692402027148e-05,0.013376152142882347,367857,7.108548112710317,0.12777777777777777,0.27361111111111114,0.37777777777777777,0.14166666666666666,0.07916666666666666
512,720,0.01,0.4867516415790807,1.1473867582301112,447,4.1604036840049556e-05,0.013293781317770481,368577,7.1212847630182905,0.15,0.2222222222222222,0.2875,0.15416666666666667,0.18611111111111112
513,720,0.01,-0.01936245433485164,0.18428302071767844,340,4.307367876587402e-05,0.013752121478319168,369297,7.134909296035767,0.13194444444444445,0.19444444444444445,0.3388888888888889,0.21666666666666667,0.11805555555555555
514,720,0.01,0.633560894631788,1.6007786855540354,468,4.130854597658779e-05,0.01374097540974617,370017,7.148053046067556,0.1638888888888889,0.21666666666666667,0.2777777777777778,0.15,0.19166666666666668
515,720,0.01,-0.07501671622713486,0.1459491937666899,378,4.300954357177034e-05,0.01357647217810154,370737,7.160944732030233,0.15138888888888888,0.3125,0.2791666666666667,0.1,0.15694444444444444
516,720,0.01,0.32743635824126555,0.7387845910118003,387,4.432842644695888e-05,0.01403442956507206,371457,7.17426122824351,0.14166666666666666,0.25972222222222224,0.29305555555555557,0.14722222222222223,0.15833333333333333
517,720,0.01,0.529346919026119,1.2341188930225537,426,4.170751627599303e-05,0.013941984623670578,372177,7.1876305143038435,0.16805555555555557,0.20555555555555555,0.3,0.13472222222222222,0.19166666666666668
518,720,0.01,0.1615638326893721,0.5439033194250478,410,4.518458733223775e-05,0.013914921320974827,372897,7.201593697071075,0.175,0.20555555555555555,0.2708333333333333,0.14583333333333334,0.20277777777777778
519,720,0.01,0.08658280425610897,0.37689753368229506,395,4.406487392871996e-05,0.013424165546894073,373617,7.214321581522624,0.12638888888888888,0.28888888888888886,0.29583333333333334,0.10833333333333334,0.18055555555555555
520,720,0.01,0.12820016401507317,0.3870790927154799,351,4.4168663094347315e-05,0.013988275080919266,374337,7.228771646817525,0.10416666666666667,0.29305555555555557,0.3277777777777778,0.13472222222222222,0.14027777777777778
521,720,0.01,0.8627860398746221,2.119073616283249,437,4.602154993386244e-05,0.013757932931184769,375057,7.253544628620148,0.1638888888888889,0.1388888888888889,0.31666666666666665,0.175,0.20555555555555555
522,720,0.01,0.23346000369472852,0.5655074234783406,365,4.22124652952031e-05,0.013680213131010532,375777,7.26621664762497,0.12777777777777777,0.24583333333333332,0.3527777777777778,0.11944444444444445,0.15416666666666667
523,720,0.01,1.036720229077214,2.6792915831741433,412,4.1643109386768626e-05,0.013898940756917,376497,7.278929547468821,0.19444444444444445,0.2152777777777778,0.3,0.1375,0.1527777777777778
524,720,0.01,0.9193020907773819,2.2897188025580397,438,4.498147557746456e-05,0.01383172906935215,377217,7.29299654563268,0.16944444444444445,0.22083333333333333,0.30694444444444446,0.11527777777777778,0.1875
525,720,0.01,0.01224316641051392,0.21105655724835826,315,4.4154440567783445e-05,0.013742277398705482,377937,7.305441677570343,0.15138888888888888,0.24027777777777778,0.4152777777777778,0.1,0.09305555555555556
526,720,0.01,0.846917708790472,2.1109175312051285,466,4.313967393853899e-05,0.013808412477374077,378657,7.321123564243317,0.15416666666666667,0.2375,0.3013888888888889,0.14166666666666666,0.16527777777777777
527,720,0.01,-0.055828008161843454,0.13788581440951986,328,4.6620206742570896e-05,0.01346396654844284,379377,7.334329263369242,0.11527777777777778,0.25277777777777777,0.33055555555555555,0.1486111111111111,0.1527777777777778
528,720,0.01,-0.12562356180258866,0.026214139770295297,293,4.287601450919788e-05,0.013567743822932243,380097,7.3483100493748985,0.10138888888888889,0.2569444444444444,0.4625,0.12222222222222222,0.05694444444444444
529,720,0.01,0.19640630364734946,0.5709119390795192,422,4.146729392762912e-05,0.013415783643722534,380817,7.361456926663717,0.15694444444444444,0.29305555555555557,0.30277777777777776,0.11527777777777778,0.13194444444444445
530,720,0.01,0.028890583238439127,0.24345100579326195,343,4.304585728126161e-05,0.013883325271308422,381537,7.374698396523794,0.09305555555555556,0.2763888888888889,0.40694444444444444,0.08611111111111111,0.1375
531,720,0.01,-0.013786681322413764,0.27215627958184907,417,4.613418857388751e-05,0.014509239234030247,382257,7.401790662606557,0.1736111111111111,0.25972222222222224,0.2916666666666667,0.13055555555555556,0.14444444444444443
532,720,0.01,0.5161015198615261,1.1610657868911192,417,4.0218417135899166e-05,0.014173531904816628,382977,7.416557812690735,0.15694444444444444,0.25555555555555554,0.30416666666666664,0.125,0.15833333333333333
533,720,0.01,0.0606165240306826,0.36426595765256065,427,4.502256968963694e-05,0.013991275802254677,383697,7.430553996562958,0.11527777777777778,0.3236111111111111,0.3111111111111111,0.13333333333333333,0.11666666666666667
534,720,0.01,0.39663356989700177,0.8910525331269938,411,4.472383208672505e-05,0.014733891934156418,384417,7.443883828322092,0.125,0.2791666666666667,0.2722222222222222,0.16527777777777777,0.15833333333333333
535,720,0.01,1.0087412403665217,2.631846658844062,434,4.5415765204223944e-05,0.015010971575975418,385137,7.456065766016642,0.20555555555555555,0.3,0.20416666666666666,0.11944444444444445,0.17083333333333334
536,720,0.01,0.09496364510368009,0.38952733854701727,398,4.5926912372983174e-05,0.014668924733996391,385857,7.469278180599213,0.14722222222222223,0.3013888888888889,0.24305555555555555,0.18055555555555555,0.12777777777777777
537,720,0.01,0.25785150374834637,0.6288129593939824,377,4.506995770093959e-05,0.014524813741445541,386577,7.482952197392781,0.13194444444444445,0.29583333333333334,0.3680555555555556,0.06111111111111111,0.14305555555555555
538,720,0.01,0.8019839267073319,2.0176667296819923,427,4.5442020440431306e-05,0.014889275655150414,387297,7.496195296446483,0.20277777777777778,0.2,0.24027777777777778,0.15,0.20694444444444443
539,720,0.01,0.25713131809034584,0.660520849793458,418,4.527474393019778e-05,0.01478629745543003,388017,7.5101025938987735,0.1375,0.3,0.26805555555555555,0.15,0.14444444444444443
540,720,0.01,0.5868406751132718,1.3764093573639107,432,4.5332877487504044e-05,0.01459277980029583,388737,7.522790610790253,0.14722222222222223,0.19305555555555556,0.33055555555555555,0.13472222222222222,0.19444444444444445
541,720,0.01,0.0926626691025009,0.38945650780511887,391,4.2682573414115014e-05,0.014149455353617668,389457,7.547583281993866,0.12361111111111112,0.25555555555555554,0.38055555555555554,0.11805555555555555,0.12222222222222222
542,720,0.01,-0.1336533885407521,0.12366606424152371,409,4.123755998206333e-05,0.014246623031795025,390177,7.563257626692454,0.18194444444444444,0.31666666666666665,0.25277777777777777,0.11388888888888889,0.13472222222222222
543,720,0.01,0.9738667505037135,2.550600522695059,431,4.778584121191266e-05,0.014485361985862255,390897,7.578373710314433,0.18472222222222223,0.28194444444444444,0.2125,0.10277777777777777,0.21805555555555556
544,720,0.01,1.0187451467812392,2.7565280760137303,453,5.161880581757335e-05,0.014559950679540634,391617,7.592244895299276,0.17916666666666667,0.24444444444444444,0.25416666666666665,0.125,0.19722222222222222
545,720,0.01,-0.02822849653036488,0.18325782564547954,387,4.824125162485871e-05,0.014465989544987679,392337,7.605524929364522,0.12638888888888888,0.3541666666666667,0.3055555555555556,0.11805555555555555,0.09583333333333334
546,720,0.01,0.369777753878021,0.8809514775205767,414,4.3415759423876605e-05,0.014074988663196564,393057,7.619457232952118,0.1625,0.25416666666666665,0.28055555555555556,0.11805555555555555,0.18472222222222223
547,720,0.01,0.591306170296114,1.4225147906511917,465,4.5403303163816925e-05,0.013944266363978386,393777,7.6324338952700295,0.17916666666666667,0.23472222222222222,0.27361111111111114,0.14444444444444443,0.16805555555555557
548,720,0.01,0.6151285848295186,1.3764994480759776,407,4.763245465129431e-05,0.013881986029446125,394497,7.646119813124339,0.15138888888888888,0.3375,0.23333333333333334,0.11666666666666667,0.16111111111111112
549,720,0.01,0.7541161372393003,1.797192224890539,417,4.490244575284426e-05,0.013430800288915634,395217,7.660311345259348,0.17916666666666667,0.32083333333333336,0.20972222222222223,0.10555555555555556,0.18472222222222223
550,720,0.01,-0.01133826350262995,0.18905840367413895,346,4.368575426446518e-05,0.013831020332872868,395937,7.674617993831634,0.12777777777777777,0.31805555555555554,0.37222222222222223,0.10833333333333334,0.07361111111111111
551,720,0.01,-0.21973665438714837,-0.080096636736536,279,4.276775230336069e-05,0.014088539406657219,396657,7.703087329864502,0.09722222222222222,0.38472222222222224,0.36944444444444446,0.06666666666666667,0.08194444444444444
552,720,0.01,-0.01141510054766054,0.1523863732088211,293,4.5146224608237795e-05,0.013878713361918926,397377,7.717639962832133,0.0763888888888889,0.3736111111111111,0.37222222222222223,0.07222222222222222,0.10555555555555556
553,720,0.01,0.574042381463151,1.3757005952573977,458,4.6550812568410845e-05,0.01516026258468628,398097,7.732076815764109,0.1597222222222222,0.2569444444444444,0.24444444444444444,0.15,0.18888888888888888
554,720,0.01,0.6070711324735131,1.3398132827129614,402,4.621560060892686e-05,0.014315817505121231,398817,7.745621947447459,0.1763888888888889,0.3138888888888889,0.2638888888888889,0.12916666666666668,0.11666666666666667
555,720,0.01,-0.01317489694450544,0.23099785295713393,396,4.5187170021815995e-05,0.014369316399097443,399537,7.758426944414775,0.11805555555555555,0.3263888888888889,0.3486111111111111,0.1111111111111111,0.09583333333333334
556,720,0.01,0.29162947892649665,0.705962519347789,407,4.3238745061242094e-05,0.014133546501398087,400257,7.773146597544352,0.14305555555555555,0.3125,0.23055555555555557,0.14027777777777778,0.1736111111111111
557,720,0.01,0.5369592033890348,1.1890314886594298,403,4.598090556050415e-05,0.01419837400317192,400977,7.786357696851095,0.15416666666666667,0.23472222222222222,0.27361111111111114,0.14166666666666666,0.19583333333333333
558,720,0.01,-0.04990087295704675,0.10196960319530857,300,4.29952731224148e-05,0.01383149717003107,401697,7.798439300060272,0.07916666666666666,0.25833333333333336,0.5055555555555555,0.08888888888888889,0.06805555555555555
559,720,0.01,-0.11956425269306827,0.12404720431021254,422,4.200945027150737e-05,0.013262969441711903,402417,7.8127613464991255,0.125,0.28055555555555556,0.31527777777777777,0.12361111111111112,0.15555555555555556
560,720,0.01,0.21848141998347498,0.5457070141047169,365,4.481525372991908e-05,0.014107517898082733,403137,7.826318681240082,0.14166666666666666,0.3111111111111111,0.25277777777777777,0.125,0.16944444444444445
561,720,0.01,-0.04841609165844421,0.10830731318831988,287,4.159362982060581e-05,0.01351681724190712,403857,7.851534163951873,0.11666666666666667,0.38333333333333336,0.2611111111111111,0.18333333333333332,0.05555555555555555
562,720,0.01,0.1928121680441124,0.47191190010600703,361,4.6263247224942464e-05,0.013498300686478615,404577,7.864354161421458,0.10694444444444444,0.3111111111111111,0.2777777777777778,0.15555555555555556,0.1486111111111111
563,720,0.01,0.02971211953729394,0.29526087085159736,397,4.165106306193896e-05,0.013704552315175533,405297,7.876490696271261,0.15694444444444444,0.34305555555555556,0.28194444444444444,0.10416666666666667,0.11388888888888889
564,720,0.01,0.04858961613936675,0.27263507884066907,362,4.371287212860706e-05,0.01420542411506176,406017,7.890407299995422,0.09305555555555556,0.34305555555555556,0.3263888888888889,0.14444444444444443,0.09305555555555556
565,720,0.01,0.09189554799466387,0.3296231390647626,350,3.938022034617461e-05,0.013939406722784042,406737,7.903998863697052,0.13472222222222222,0.2875,0.3402777777777778,0.12916666666666668,0.10833333333333334
566,720,0.01,0.11463092113901618,0.38490413569493565,391,3.976691751859107e-05,0.013320354744791985,407457,7.917974547545115,0.12083333333333333,0.3347222222222222,0.3194444444444444,0.10694444444444444,0.11805555555555555
567,720,0.01,0.02893610220344145,0.20073768113744572,303,3.8650647832128014e-05,0.01356756966561079,408177,7.933507629235586,0.10555555555555556,0.48055555555555557,0.25416666666666665,0.10416666666666667,0.05555555555555555
568,720,0.01,-0.07646606683722726,0.13687575360344817,358,4.088930818903059e-05,0.013904393650591373,408897,7.946288446585338,0.1111111111111111,0.26944444444444443,0.3333333333333333,0.11666666666666667,0.16944444444444445
569,720,0.01,0.2930536608270005,0.7113861579535978,406,4.060458482071125e-05,0.013255896046757698,409617,7.960562797387441,0.10138888888888889,0.2388888888888889,0.34444444444444444,0.13333333333333333,0.18194444444444444
570,720,0.01,0.15427904632922723,0.45612536198023235,379,3.7213897383026054e-05,0.013182418420910835,410337,7.974526564280192,0.1388888888888889,0.32916666666666666,0.29444444444444445,0.06944444444444445,0.16805555555555557
571,720,0.01,0.031162560150717902,0.25597549832250643,365,3.681341067678861e-05,0.013393647037446499,411057,7.999095114072164,0.11388888888888889,0.3736111111111111,0.325,0.09305555555555556,0.09444444444444444
572,720,0.01,0.05102103697655724,0.293719026630882,390,3.5970648269135885e-05,0.012254872359335423,411777,8.012587547302246,0.10138888888888889,0.3263888888888889,0.2902777777777778,0.15833333333333333,0.12361111111111112
573,720,0.01,-0.037043537391695615,0.1565673795590068,338,3.750096116543015e-05,0.013068036176264286,412497,8.025971146424611,0.11388888888888889,0.2902777777777778,0.3527777777777778,0.14166666666666666,0.10138888888888889
574,720,0.01,1.0028277617423795,2.5239332337600917,422,3.547283751888447e-05,0.013021801598370075,413217,8.03931746482849,0.1388888888888889,0.21388888888888888,0.33611111111111114,0.1388888888888889,0.17222222222222222
575,720,0.01,0.6302037278729735,1.3642331688683824,389,3.3904051016027854e-05,0.012940123677253723,413937,8.052372046311696,0.12083333333333333,0.3013888888888889,0.2902777777777778,0.14166666666666666,0.14583333333333334
576,720,0.01,0.5190486764233662,1.1512491564514833,415,3.858411707824416e-05,0.013234786689281464,414657,8.065845648447672,0.16111111111111112,0.3486111111111111,0.21805555555555556,0.14305555555555555,0.12916666666666668
577,720,0.01,0.8151096607823601,1.8766017823266847,402,3.707103176174719e-05,0.013500257395207882,415377,8.081519730885823,0.14444444444444443,0.21388888888888888,0.3416666666666667,0.15,0.15
578,720,0.01,1.0222144458150517,2.6536053449518087,427,3.827760032461609e-05,0.012641575187444687,416097,8.09548513094584,0.15,0.2263888888888889,0.2861111111111111,0.13333333333333333,0.20416666666666666
579,720,0.01,0.9934477507409354,2.579409170934822,427,4.0850701581499985e-05,0.012563111260533333,416817,8.109587796529134,0.1597222222222222,0.24583333333333332,0.2638888888888889,0.15,0.18055555555555555
580,720,0.01,-0.030677360713675418,0.23345927333823369,397,4.2079540066374144e-05,0.013044450432062149,417537,8.123418712615967,0.11805555555555555,0.24722222222222223,0.3333333333333333,0.11944444444444445,0.18194444444444444
581,720,0.01,0.33088757694060494,0.8633716782242495,456,4.032558116225321e-05,0.012363349087536335,418257,8.148769728342693,0.17083333333333334,0.2708333333333333,0.24861111111111112,0.14444444444444443,0.16527777777777777
582,720,0.01,0.10324773722535392,0.3037539241532634,322,3.7331736706391894e-05,0.012372906319797039,418977,8.162119547526041,0.1,0.34444444444444444,0.35,0.1388888888888889,0.06666666666666667
583,720,0.01,0.6340922029447125,1.442671220390244,419,3.825824323181829e-05,0.012546319514513016,419697,8.174564596017202,0.12361111111111112,0.2625,0.25833333333333336,0.15138888888888888,0.20416666666666666
584,720,0.01,-0.1724172041409355,-0.001915367479017438,326,3.6901813724752074e-05,0.01312253251671791,420417,8.190004511674244,0.09722222222222222,0.38333333333333336,0.31666666666666665,0.11666666666666667,0.08611111111111111
585,720,0.01,0.0429736209387446,0.28527617950493833,358,3.789352945710157e-05,0.012521296739578247,421137,8.203409512837728,0.12638888888888888,0.33611111111111114,0.28888888888888886,0.08333333333333333,0.16527777777777777
586,720,0.01,0.8247013583469717,2.053234004913678,440,3.7458987517564106e-05,0.012140265665948391,421857,8.215994946161906,0.19444444444444445,0.2125,0.32222222222222224,0.10972222222222222,0.16111111111111112
587,720,0.01,0.3834301371445915,0.7868068374690986,332,3.6593697222997436e-05,0.01268741488456726,422577,8.226689863204957,0.1375,0.3541666666666667,0.2722222222222222,0.13194444444444445,0.10416666666666667
588,720,0.01,-0.03503246490053053,0.15455794036777193,309,4.300663960824143e-05,0.01326659508049488,423297,8.239570796489716,0.1361111111111111,0.39305555555555555,0.2861111111111111,0.09305555555555556,0.09166666666666666
589,720,0.01,0.4894816046430421,1.0854436296721959,420,4.090381718874091e-05,0.013626153580844402,424017,8.25238252878189,0.12222222222222222,0.35,0.2569444444444444,0.11666666666666667,0.15416666666666667
590,720,0.01,0.30510888093209304,0.728249213799993,406,3.724185537395089e-05,0.013362446799874306,424737,8.265762929121653,0.11805555555555555,0.2638888888888889,0.3138888888888889,0.09722222222222222,0.20694444444444443
591,720,0.01,-0.13059671373018264,0.05987744791957961,377,3.9762530678267975e-05,0.012704954482614994,425457,8.291284231344859,0.1,0.3541666666666667,0.32222222222222224,0.12777777777777777,0.09583333333333334
592,720,0.01,1.1836959028914396,3.411416778770146,465,3.500289549391608e-05,0.012892380356788635,426177,8.305118163426718,0.2013888888888889,0.3,0.21805555555555556,0.11944444444444445,0.16111111111111112
593,720,0.01,1.0602183758209385,2.858267991147089,446,4.1732521455944356e-05,0.01296159066259861,426897,8.32200557788213,0.14444444444444443,0.2388888888888889,0.2833333333333333,0.11805555555555555,0.2152777777777778
594,720,0.01,-0.04357374957466674,0.1828493727928342,383,4.197953813268719e-05,0.013245520181953907,427617,8.33534606297811,0.13194444444444445,0.3680555555555556,0.21944444444444444,0.15833333333333333,0.12222222222222222
595,720,0.01,0.7990622801691134,1.976690997887082,451,3.972974373659276e-05,0.01334688626229763,428337,8.346949330965678,0.175,0.24861111111111112,0.25,0.1361111111111111,0.19027777777777777
596,720,0.01,1.1091152352138434,2.884969896783223,389,3.895885573494221e-05,0.013586732558906078,429057,8.360013830661774,0.1486111111111111,0.35694444444444445,0.2375,0.09861111111111111,0.15833333333333333
597,720,0.01,0.06133339333375749,0.339884469337693,388,4.305166404871367e-05,0.012966032139956951,429777,8.373338596026104,0.16111111111111112,0.3875,0.24166666666666667,0.10972222222222222,0.1
598,720,0.01,0.07589348799141883,0.3003630412635778,346,4.119777404159524e-05,0.013107464648783207,430497,8.385886112848917,0.07777777777777778,0.3347222222222222,0.325,0.1527777777777778,0.10972222222222222
599,720,0.01,0.5254440157865682,1.1574867784730056,415,3.958445131249593e-05,0.013414576649665833,431217,8.402334880828857,0.13333333333333333,0.3333333333333333,0.2791666666666667,0.10277777777777777,0.15138888888888888
600,720,0.01,0.06937434338635882,0.2912675636175637,356,3.718541118852651e-05,0.013041709549725056,431937,8.416437315940858,0.1,0.37222222222222223,0.34444444444444444,0.08472222222222223,0.09861111111111111
601,720,0.01,0.09117005865658515,0.30756948461853373,330,3.8216165504915506e-05,0.013078344985842705,432657,8.441400464375814,0.1,0.3819444444444444,0.26944444444444443,0.12916666666666668,0.11944444444444445
602,720,0.01,-0.019773319311920844,0.14794878058637195,300,3.710080255245884e-05,0.013064533472061157,433377,8.454050115744273,0.05694444444444444,0.39166666666666666,0.26805555555555555,0.1625,0.12083333333333333
603,720,0.01,-0.08135443557065573,0.1259707634651086,356,4.1598589651433336e-05,0.013405350036919117,434097,8.468542830149334,0.10138888888888889,0.3347222222222222,0.3055555555555556,0.10138888888888889,0.15694444444444444
604,720,0.01,0.27253857997731734,0.5817606783234648,350,4.2009981147354365e-05,0.01363331452012062,434817,8.480921196937562,0.10694444444444444,0.29583333333333334,0.33611111111111114,0.1388888888888889,0.12222222222222222
605,720,0.01,0.8574805674824342,2.0971445294960787,427,3.922572001834447e-05,0.013347012922167778,435537,8.493460710843404,0.14444444444444443,0.2513888888888889,0.2611111111111111,0.11944444444444445,0.22361111111111112
606,720,0.01,-0.04708489341584165,0.13361892809240805,320,3.993442766411843e-05,0.013135433197021484,436257,8.506205928325652,0.08055555555555556,0.3763888888888889,0.30416666666666664,0.08888888888888889,0.15
607,720,0.01,0.10018239655753186,0.30627868533839164,329,3.81386065163901e-05,0.012908007949590683,436977,8.518671063582103,0.08055555555555556,0.3263888888888889,0.3486111111111111,0.15138888888888888,0.09305555555555556
608,720,0.01,0.028894653836280964,0.19022772437474322,288,3.8620516450767656e-05,0.012544895522296429,437697,8.532988993326823,0.075,0.3486111111111111,0.3277777777777778,0.09166666666666666,0.15694444444444444
609,720,0.01,0.25477619449370403,0.6282831776403348,420,3.6096365488447193e-05,0.012618067674338818,438417,8.545626330375672,0.13194444444444445,0.30694444444444446,0.32222222222222224,0.13194444444444445,0.10694444444444444
610,720,0.01,0.06521152685608096,0.33104124492580733,404,3.853149668328923e-05,0.012926305644214153,439137,8.557816211382548,0.15,0.33611111111111114,0.3013888888888889,0.10694444444444444,0.10555555555555556
611,720,0.01,0.913729933296997,2.2461832879826793,414,3.623902540665667e-05,0.012219473719596863,439857,8.582119512557984,0.1625,0.37083333333333335,0.2125,0.10694444444444444,0.14722222222222223
612,720,0.01,0.14210403695253326,0.42739918552251366,398,3.824006117964826e-05,0.012948296964168549,440577,8.596781611442566,0.07916666666666666,0.29583333333333334,0.3680555555555556,0.10694444444444444,0.15
613,720,0.01,0.08585561396724431,0.3255873098759057,365,3.586544338152938e-05,0.0127402413636446,441297,8.610902015368143,0.10416666666666667,0.37777777777777777,0.2972222222222222,0.10555555555555556,0.11527777777777778
614,720,0.01,0.02308069409160864,0.2221122254971153,347,3.1228568800795784e-05,0.01238650269806385,442017,8.625331366062165,0.0763888888888889,0.3416666666666667,0.36944444444444446,0.10833333333333334,0.10416666666666667
615,720,0.01,0.0910422091802334,0.3468818891084966,378,3.283211616462722e-05,0.01233481615781784,442737,8.638435733318328,0.10694444444444444,0.40694444444444444,0.2777777777777778,0.13472222222222222,0.07361111111111111
616,720,0.01,0.0721469942224981,0.23201001510566766,279,3.37523997308785e-05,0.013426144607365131,443457,8.65136379400889,0.05277777777777778,0.3611111111111111,0.3736111111111111,0.10555555555555556,0.10694444444444444
617,720,0.01,0.19438087968544185,0.49987366268658473,400,3.534210047114862e-05,0.012598088011145592,444177,8.663286793231965,0.08194444444444444,0.35555555555555557,0.2875,0.1388888888888889,0.1361111111111111
618,720,0.01,0.15812082180396966,0.44032793716670393,375,3.810064139442046e-05,0.012832778505980968,444897,8.676354996363322,0.08472222222222223,0.3458333333333333,0.3055555555555556,0.13472222222222222,0.12916666666666668
619,720,0.01,0.07899101961248206,0.2579595702081501,301,3.297885392486124e-05,0.012722164392471313,445617,8.688313579559326,0.058333333333333334,0.3597222222222222,0.34444444444444444,0.1361111111111111,0.10138888888888889
620,720,0.01,0.3882126563215936,0.8649097422002554,394,3.085607990240331e-05,0.011833379976451397,446337,8.701708579063416,0.09583333333333334,0.3277777777777778,0.3055555555555556,0.11944444444444445,0.15138888888888888
621,720,0.01,0.48752135233873933,1.0761627378630498,411,3.3016951532418814e-05,0.012501838617026806,447057,8.726397597789765,0.13194444444444445,0.31805555555555554,0.23194444444444445,0.1125,0.20555555555555555
622,720,0.01,0.025616107339741817,0.2227667357744545,350,3.0509604436525075e-05,0.012191839516162872,447777,8.739558947086334,0.0763888888888889,0.3763888888888889,0.31527777777777777,0.13333333333333333,0.09861111111111111
623,720,0.01,0.10510062051456337,0.39703288610198895,389,3.373791390749324e-05,0.012349598109722137,448497,8.751870361963908,0.13055555555555556,0.3388888888888889,0.2611111111111111,0.11944444444444445,0.15
624,720,0.01,0.5668549707006956,1.339307559186726,433,3.6908764196318266e-05,0.012458201497793198,449217,8.764472365379333,0.09444444444444444,0.2263888888888889,0.25,0.14583333333333334,0.2833333333333333
625,720,0.01,0.0795682703308301,0.2834711844672433,334,3.5115184530493735e-05,0.012771888636052608,449937,8.77749706506729,0.06944444444444445,0.39861111111111114,0.28194444444444444,0.13055555555555556,0.11944444444444445
626,720,0.01,-0.0683048326483261,0.15858005796757824,356,3.5719576307100296e-05,0.012903561815619469,450657,8.792306578159332,0.07361111111111111,0.3277777777777778,0.3333333333333333,0.09166666666666666,0.1736111111111111
627,720,0.01,0.26454470383229617,0.6242476173143654,367,3.370651139360032e-05,0.012789527885615826,451377,8.806617812315624,0.09583333333333334,0.3763888888888889,0.26944444444444443,0.11944444444444445,0.1388888888888889
628,720,0.01,0.20699466872033284,0.5015451361874472,372,3.406898034907297e-05,0.012946581467986107,452097,8.819864610830942,0.09027777777777778,0.30416666666666664,0.29583333333333334,0.12361111111111112,0.18611111111111112
629,720,0.01,0.19520217067781534,0.4750651682464826,399,3.27275566247762e-05,0.013059251010417938,452817,8.835388644536335,0.07916666666666666,0.3763888888888889,0.27361111111111114,0.14027777777777778,0.13055555555555556
630,720,0.01,0.16085174731485485,0.4660940379006242,395,3.1992839250784124e-05,0.011870360001921654,453537,8.849768594900768,0.10138888888888889,0.3763888888888889,0.30277777777777776,0.09583333333333334,0.12361111111111112
631,720,0.01,0.5739106275130934,1.427618237494904,456,3.632616315927508e-05,0.012431709095835686,454257,8.874507494767506,0.18333333333333332,0.29305555555555557,0.1597222222222222,0.13472222222222222,0.22916666666666666
632,720,0.01,-0.027919451084655125,0.256186505817821,422,3.669925951233684e-05,0.012305572628974915,454977,8.887635548909506,0.1638888888888889,0.3388888888888889,0.20972222222222223,0.14166666666666666,0.14583333333333334
633,720,0.01,0.1855488477293052,0.4822316856158906,382,3.6319494380323804e-05,0.012106749229133129,455697,8.900253212451934,0.13055555555555556,0.42916666666666664,0.2625,0.08194444444444444,0.09583333333333334
634,720,0.01,-0.12250861261558732,0.039761528545247726,342,3.25007821137054e-05,0.01194717362523079,456417,8.913383563359579,0.07916666666666666,0.41944444444444445,0.2972222222222222,0.14166666666666666,0.0625
635,720,0.01,0.2087700142554543,0.5710905785877989,423,3.279612756538578e-05,0.011858906596899033,457137,8.926480428377788,0.18194444444444444,0.4041666666666667,0.225,0.075,0.11388888888888889
636,720,0.01,0.4768823587998091,1.020070392947623,403,3.3020343729125064e-05,0.012018352746963501,457857,8.939980693658192,0.11388888888888889,0.3486111111111111,0.29444444444444445,0.10972222222222222,0.13333333333333333
637,720,0.01,0.4028893295926058,0.9667635615066408,445,3.998800426201241e-05,0.012156235054135323,458577,8.952898263931274,0.14583333333333334,0.3527777777777778,0.17916666666666667,0.14722222222222223,0.175
638,720,0.01,0.12292850343031603,0.37050392877633653,357,3.753992994511969e-05,0.011359761469066143,459297,8.970949864387512,0.1125,0.3138888888888889,0.38333333333333336,0.09583333333333334,0.09444444444444444
639,720,0.01,0.3790463630952161,0.9266762404494029,426,3.5231497882806355e-05,0.012253773398697376,460017,8.98532239596049,0.1486111111111111,0.33194444444444443,0.1875,0.1125,0.21944444444444444
640,720,0.01,0.7376529622800838,1.732325183552832,435,3.646228093935456e-05,0.012112068012356758,460737,8.998587759335836,0.15555555555555556,0.30694444444444446,0.23055555555555557,0.15555555555555556,0.15138888888888888
641,720,0.01,0.012443544303598095,0.1713928891902261,283,3.6760181151546726e-05,0.012264552526175976,461457,9.023866081237793,0.05277777777777778,0.47638888888888886,0.2916666666666667,0.0763888888888889,0.10277777777777777
642,720,0.01,0.8542451214455168,2.0748161825694726,445,3.6806869228358765e-05,0.012087083421647549,462177,9.036141395568848,0.1375,0.32222222222222224,0.2263888888888889,0.16111111111111112,0.1527777777777778
643,720,0.01,0.4227958404296163,0.9094129531229631,410,3.637142564482727e-05,0.011954073794186115,462897,9.049439545472463,0.08611111111111111,0.36666666666666664,0.26805555555555555,0.13194444444444445,0.14722222222222223
644,720,0.01,0.22293675493083667,0.5360078646555595,380,3.6602026261789435e-05,0.012278507463634014,463617,9.062123811244964,0.09722222222222222,0.42083333333333334,0.25833333333333336,0.12083333333333333,0.10277777777777777
645,720,0.01,-0.09180997543434677,0.11092169271178509,342,3.536986250512402e-05,0.012506052851676941,464337,9.075583910942077,0.10972222222222222,0.42916666666666664,0.25972222222222224,0.0875,0.11388888888888889
646,720,0.01,0.13116297462775198,0.3233454664986717,296,3.5771204930925806e-05,0.011760341934859753,465057,9.087847248713176,0.06944444444444445,0.4708333333333333,0.2902777777777778,0.07916666666666666,0.09027777777777778
647,720,0.01,0.04007368927308423,0.2675345180311879,386,3.845412375590564e-05,0.01276065781712532,465777,9.101116160551706,0.09444444444444444,0.4041666666666667,0.2875,0.11388888888888889,0.1
648,720,0.01,0.01059125407849604,0.17861645414498306,305,3.776343980095792e-05,0.012644615024328232,466497,9.114058848222097,0.10138888888888889,0.36944444444444446,0.34305555555555556,0.0875,0.09861111111111111
649,720,0.01,0.5821622563754408,1.29943227699157,420,3.4850969259676074e-05,0.012230195105075836,467217,9.12705554564794,0.12361111111111112,0.36944444444444446,0.24583333333333332,0.10972222222222222,0.15138888888888888
650,720,0.01,0.4499983388282094,0.9867464258202097,418,3.2938062518420944e-05,0.01205168105661869,467937,9.139083647727967,0.11388888888888889,0.375,0.24305555555555555,0.15138888888888888,0.11666666666666667
651,720,0.01,1.0069115208310626,2.7188389926833225,459,3.4631531127615746e-05,0.012032474391162395,468657,9.162160396575928,0.175,0.33611111111111114,0.20694444444444443,0.11666666666666667,0.16527777777777777
652,720,0.01,0.07747444669144837,0.34645396855946564,383,3.235260652003389e-05,0.011942197568714619,469377,9.174406278133393,0.11527777777777778,0.46944444444444444,0.17916666666666667,0.12083333333333333,0.11527777777777778
653,720,0.01,0.5948722153013531,1.354603187281472,431,3.360637472901039e-05,0.012137462384998798,470097,9.187918512026469,0.15416666666666667,0.4222222222222222,0.1875,0.10972222222222222,0.12638888888888888
654,720,0.01,0.12055645185805698,0.42269996753835515,403,3.202339852729589e-05,0.011577843688428402,470817,9.201828062534332,0.07083333333333333,0.44166666666666665,0.20555555555555555,0.14583333333333334,0.1361111111111111
655,720,0.01,1.128837458102085,3.1780200334231257,454,3.5395406843008456e-05,0.012191763147711754,471537,9.214755829175314,0.20277777777777778,0.3458333333333333,0.15,0.125,0.1763888888888889
656,720,0.01,0.17545659082931722,0.46039447974220415,395,3.443409545853784e-05,0.011876432225108147,472257,9.229613379637401,0.10138888888888889,0.40694444444444444,0.2569444444444444,0.125,0.10972222222222222
657,720,0.01,0.8146726945900656,1.988951612332293,433,3.384323861723715e-05,0.012273596599698067,472977,9.242651311556498,0.1361111111111111,0.36527777777777776,0.20416666666666666,0.12916666666666668,0.16527777777777777
658,720,0.01,0.8950224718766053,2.1884103569123963,426,3.304503938402882e-05,0.012166461907327175,473697,9.255162211259206,0.12222222222222222,0.375,0.20416666666666666,0.13194444444444445,0.16666666666666666
659,720,0.01,0.26263890290500047,0.593828371364377,363,3.539621007399142e-05,0.01154184527695179,474417,9.267543494701385,0.10833333333333334,0.4236111111111111,0.23472222222222222,0.11666666666666667,0.11666666666666667
660,720,0.01,-0.0940929123429567,0.06786047183821231,334,3.479409954631289e-05,0.011971766129136086,475137,9.28020586570104,0.09166666666666666,0.39444444444444443,0.31805555555555554,0.12361111111111112,0.07222222222222222
661,720,0.01,0.748696398968883,1.760595449324537,436,3.574756982895148e-05,0.012849070131778717,475857,9.304785645008087,0.1527777777777778,0.3013888888888889,0.22916666666666666,0.1388888888888889,0.17777777777777778
662,720,0.01,0.039129311863822985,0.1985701586137838,290,3.417502911133852e-05,0.011572020128369331,476577,9.320896577835082,0.05416666666666667,0.37777777777777777,0.35833333333333334,0.08611111111111111,0.12361111111111112
663,720,0.01,0.824091397873879,1.8729558074997152,396,3.6927935929674684e-05,0.01242703665047884,477297,9.334446529547373,0.13472222222222222,0.35694444444444445,0.24305555555555555,0.12777777777777777,0.1375
664,720,0.01,0.522614008995756,1.1665022678889017,427,3.422985534421564e-05,0.011869676411151886,478017,9.347539365291595,0.12083333333333333,0.31805555555555554,0.25277777777777777,0.16666666666666666,0.14166666666666666
665,720,0.01,0.03741268148265608,0.2897039313913432,376,3.558213806703255e-05,0.012134244665503502,478737,9.360956915219624,0.08055555555555556,0.3861111111111111,0.24722222222222223,0.11388888888888889,0.17222222222222222
666,720,0.01,0.040868028329117026,0.24186965250418568,349,3.566413986138489e-05,0.012344392947852612,479457,9.373821560541789,0.06944444444444445,0.39166666666666666,0.34444444444444444,0.11805555555555555,0.0763888888888889
667,720,0.01,0.37732937947869943,0.9296321318277434,453,3.326628069923269e-05,0.011970017105340958,480177,9.3866241812706,0.13333333333333333,0.3680555555555556,0.2,0.1375,0.16111111111111112
668,720,0.01,0.16469099456630767,0.4669581843557855,382,3.076020572873656e-05,0.012079784646630287,480897,9.400122964382172,0.13472222222222222,0.4375,0.24861111111111112,0.08472222222222223,0.09444444444444444
669,720,0.01,0.32223021799760826,0.7475769316617993,400,3.0678864930501326e-05,0.011990193277597427,481617,9.41301414569219,0.09027777777777778,0.31805555555555554,0.30972222222222223,0.12361111111111112,0.15833333333333333
670,720,0.01,-0.09300697011880274,0.053368400384882664,304,3.194041324642664e-05,0.012111244723200798,482337,9.427676312128703,0.07222222222222222,0.44305555555555554,0.3277777777777778,0.07083333333333333,0.08611111111111111
671,720,0.01,0.28162532180506855,0.6936319771068233,413,3.1603343661067305e-05,0.011998167261481285,483057,9.454268129666646,0.12361111111111112,0.4097222222222222,0.24722222222222223,0.06944444444444445,0.15
672,720,0.01,0.5741804572456096,1.365951951025051,461,3.184262013936253e-05,0.012736443430185318,483777,9.469067263603211,0.14722222222222223,0.3486111111111111,0.20555555555555555,0.12638888888888888,0.17222222222222222
673,720,0.01,0.24163286818474766,0.572053722725357,394,3.415512045295246e-05,0.012580125592648983,484497,9.482210779190064,0.1111111111111111,0.4125,0.2708333333333333,0.09305555555555556,0.1125
674,720,0.01,0.12980065064933308,0.3879122653007818,332,3.498473608879572e-05,0.012804064899682999,485217,9.495190779368082,0.1,0.37083333333333335,0.3,0.1,0.12916666666666668
675,720,0.01,0.8038100832551848,1.9265085263878645,412,3.304755361770933e-05,0.012661874294281006,485937,9.510466710726421,0.10833333333333334,0.3625,0.21805555555555556,0.0875,0.22361111111111112
676,720,0.01,0.20997035753365506,0.45749667441313835,317,3.3715136604920794e-05,0.012799953110516071,486657,9.523418211936951,0.0875,0.3861111111111111,0.33194444444444443,0.07361111111111111,0.12083333333333333
677,720,0.01,0.1055442007777413,0.3364865604653515,346,3.1655529692721354e-05,0.013319260440766811,487377,9.537121764818828,0.09027777777777778,0.3333333333333333,0.3416666666666667,0.10138888888888889,0.13333333333333333
678,720,0.01,1.120139383374791,3.1150022601469107,452,3.239341809136123e-05,0.012704864144325256,488097,9.551045946280162,0.1388888888888889,0.2791666666666667,0.26944444444444443,0.10972222222222222,0.20277777777777778
679,720,0.01,0.11489012534371447,0.35410419546472993,331,3.4046693124562607e-05,0.012862405739724636,488817,9.561294480164845,0.09444444444444444,0.3472222222222222,0.24861111111111112,0.1625,0.14722222222222223
680,720,0.01,0.08141835292996724,0.27273528598732577,317,3.400146591982573e-05,0.012914273887872696,489537,9.572834265232085,0.07777777777777778,0.3638888888888889,0.3402777777777778,0.12222222222222222,0.09583333333333334
681,720,0.01,0.10598280909207151,0.28593079355601336,293,3.278587032582436e-05,0.012925771065056324,490257,9.5960263133049,0.09305555555555556,0.35555555555555557,0.38333333333333336,0.09305555555555556,0.075
682,720,0.01,0.1153481537352073,0.37210787696086345,350,3.5454463840601924e-05,0.01297822780907154,490977,9.611187760035197,0.13472222222222222,0.40694444444444444,0.24027777777777778,0.09166666666666666,0.12638888888888888
683,720,0.01,0.07465784921927897,0.25283357920440896,289,3.2768778967490814e-05,0.013096703216433525,491697,9.624944297472636,0.07777777777777778,0.32083333333333336,0.38472222222222224,0.12222222222222222,0.09444444444444444
684,720,0.01,-0.041363212480540305,0.12371120962385462,333,3.270070256146735e-05,0.013630363158881664,492417,9.63709712823232,0.08611111111111111,0.31666666666666665,0.4111111111111111,0.12361111111111112,0.0625
685,720,0.01,1.1819857382651955,3.1765507992929916,400,3.423811817558291e-05,0.013327250257134438,493137,9.6517049630483,0.14722222222222223,0.325,0.25416666666666665,0.1125,0.16111111111111112
686,720,0.01,0.6921382939100662,1.5501145861607455,392,3.5081229211502634e-05,0.012899266555905342,493857,9.665127861499787,0.14583333333333334,0.33194444444444443,0.24444444444444444,0.10138888888888889,0.1763888888888889
687,720,0.01,0.3297893613763396,0.7865553160683059,411,3.329441918759181e-05,0.012643334455788136,494577,9.678369863828022,0.10972222222222222,0.3402777777777778,0.2638888888888889,0.1361111111111111,0.15
688,720,0.01,0.20191318003583097,0.473165047930036,345,3.3888707405872586e-05,0.013133704662322998,495297,9.692366548379262,0.07083333333333333,0.2847222222222222,0.42916666666666664,0.08888888888888889,0.12638888888888888
689,720,0.01,1.1886539823814077,3.3292918447035307,412,3.6539131196554485e-05,0.013507753610610962,496017,9.705941379070282,0.20277777777777778,0.30833333333333335,0.2125,0.10833333333333334,0.16805555555555557
690,720,0.01,0.24821969062683427,0.563176064965774,363,3.491517958435806e-05,0.01379055343568325,496737,9.719826177755992,0.08055555555555556,0.3597222222222222,0.35138888888888886,0.09444444444444444,0.11388888888888889
691,720,0.01,0.3874684776412809,0.9580879818341936,449,3.462855655382352e-05,0.013764282688498497,497457,9.744362648328146,0.1875,0.32083333333333336,0.20972222222222223,0.10416666666666667,0.17777777777777778
692,720,0.01,0.8747702134324673,2.029114139072778,378,3.453321873823572e-05,0.013029854744672775,498177,9.758759013811748,0.11388888888888889,0.37083333333333335,0.24027777777777778,0.10416666666666667,0.17083333333333334
693,720,0.01,0.8076802988242262,1.949631651992434,440,3.562220373522804e-05,0.013507261872291565,498897,9.773207831382752,0.1763888888888889,0.2763888888888889,0.24861111111111112,0.12361111111111112,0.175
694,720,0.01,0.23917235266779682,0.5048185899070778,324,3.154604002525553e-05,0.012966189533472061,499617,9.786714947223663,0.07777777777777778,0.32222222222222224,0.3888888888888889,0.10972222222222222,0.10138888888888889
695,720,0.01,0.3240958989039302,0.7960609375607344,446,3.2922956754393654e-05,0.013157114386558533,500337,9.798927712440491,0.1125,0.33055555555555555,0.2638888888888889,0.15555555555555556,0.1375
696,720,0.01,0.4221407883217403,0.8397704130541619,312,3.293099686124555e-05,0.012845375575125217,501057,9.812588826815288,0.09861111111111111,0.3055555555555556,0.4097222222222222,0.08472222222222223,0.10138888888888889
697,720,0.01,1.0994638574814626,2.864042276762199,401,3.387167777949192e-05,0.012920107692480087,501777,9.82619262933731,0.16111111111111112,0.34444444444444444,0.26944444444444443,0.09861111111111111,0.12638888888888888
698,720,0.01,0.16435849867044555,0.5126430707344836,403,3.7921445746431145e-05,0.01367794070392847,502497,9.840100395679475,0.14444444444444443,0.3597222222222222,0.26666666666666666,0.10833333333333334,0.12083333333333333
699,720,0.01,0.8964436147241132,2.17067219632602,398,3.759408109292255e-05,0.014013562351465225,503217,9.8550852616628,0.14722222222222223,0.39166666666666666,0.21805555555555556,0.10277777777777777,0.14027777777777778
700,720,0.01,0.19547081870549443,0.43687529049331664,315,3.447564729412989e-05,0.013440830633044243,503937,9.869285798072815,0.058333333333333334,0.3736111111111111,0.36666666666666664,0.08055555555555556,0.12083333333333333
701,720,0.01,0.8352029876206954,1.9261951268825452,411,3.2669960753158496e-05,0.013167948462069035,504657,9.894875196615855,0.12083333333333333,0.3333333333333333,0.27361111111111114,0.12777777777777777,0.14444444444444443
702,720,0.01,0.08056042058803421,0.2527115232895716,290,3.328099445778005e-05,0.012899970635771751,505377,9.908020230134328,0.06527777777777778,0.3472222222222222,0.44166666666666665,0.08472222222222223,0.06111111111111111
703,720,0.01,0.21460641914394016,0.46720087536681243,313,3.1782549655822046e-05,0.01321524940431118,506097,9.921936829884848,0.07916666666666666,0.4375,0.30833333333333335,0.08194444444444444,0.09305555555555556
704,720,0.01,0.257443199250965,0.6200276212462752,385,3.294734248508272e-05,0.01322832889854908,506817,9.93599048058192,0.10972222222222222,0.3819444444444444,0.26944444444444443,0.09166666666666666,0.14722222222222223
705,720,0.01,0.11134565686702551,0.34124147223119095,338,3.2142322006873455e-05,0.013686749152839184,507537,9.94832151333491,0.09305555555555556,0.38055555555555554,0.375,0.0763888888888889,0.075
706,720,0.01,0.4158580846186199,0.9296875229830825,403,3.254079416024069e-05,0.013720246031880379,508257,9.961566948890686,0.125,0.36666666666666664,0.26944444444444443,0.1125,0.12638888888888888
707,720,0.01,0.1879279216178965,0.5918994432154672,442,3.395911299498443e-05,0.013349592685699463,508977,9.975762176513673,0.18055555555555555,0.3347222222222222,0.21944444444444444,0.11666666666666667,0.1486111111111111
708,720,0.01,0.13906835671899706,0.39384812414066195,345,3.4130667630607706e-05,0.013284649699926376,509697,9.989271159966787,0.0763888888888889,0.37777777777777777,0.3402777777777778,0.08055555555555556,0.125
709,720,0.01,0.2613625114789996,0.5814822046120762,363,3.439938580779906e-05,0.013837229460477829,510417,10.004038643836974,0.06388888888888888,0.3902777777777778,0.30972222222222223,0.10416666666666667,0.13194444444444445
710,720,0.01,0.11671384668708919,0.3836346576856182,364,3.436733097651591e-05,0.013630346395075321,511137,10.017713431517283,0.10277777777777777,0.36944444444444446,0.3055555555555556,0.08611111111111111,0.1361111111111111
711,720,0.01,0.7355001126259236,1.7244051552259778,418,3.645822301147443e-05,0.013504108414053917,511857,10.042168879508973,0.13194444444444445,0.31666666666666665,0.28055555555555556,0.09027777777777778,0.18055555555555555
712,720,0.01,0.40788103680273347,0.8919935032105575,387,3.5937757880649065e-05,0.013605003245174885,512577,10.054488428433736,0.1361111111111111,0.3375,0.31805555555555554,0.10555555555555556,0.10277777777777777
713,720,0.01,0.23972717188576909,0.499268274198686,288,3.42720275625652e-05,0.013404241763055325,513297,10.068435382843017,0.07083333333333333,0.4041666666666667,0.3375,0.07083333333333333,0.11666666666666667
714,720,0.01,0.22079617544796773,0.5050049322650099,350,3.198971383603243e-05,0.01344852801412344,514017,10.08125369946162,0.1,0.39861111111111114,0.3263888888888889,0.0763888888888889,0.09861111111111111
715,720,0.01,-0.010070433873789532,0.1728416515306057,295,3.437506945450271e-05,0.013326238840818405,514737,10.095574680964152,0.0625,0.25,0.3638888888888889,0.06944444444444445,0.25416666666666665
716,720,0.01,0.107888830372761,0.36361441208885426,364,3.0841507877236535e-05,0.013505890034139156,515457,10.109637943903605,0.09027777777777778,0.3597222222222222,0.34305555555555556,0.075,0.13194444444444445
717,720,0.01,0.4916801417996661,1.0313084494579314,356,3.3083616929414145e-05,0.014041690155863762,516177,10.124556163946787,0.09722222222222222,0.33611111111111114,0.3236111111111111,0.1,0.14305555555555555
718,720,0.01,0.04567774953133774,0.29910783685970177,369,3.5377675783365706e-05,0.013752670958638191,516897,10.137794613838196,0.09861111111111111,0.2861111111111111,0.3458333333333333,0.08194444444444444,0.1875
719,720,0.01,1.2842386830206678,3.780230098090735,396,3.6363770786667576e-05,0.01345396600663662,517617,10.151560628414154,0.20694444444444443,0.3,0.225,0.10833333333333334,0.1597222222222222
720,720,0.01,0.9440338539624129,2.3544366875686147,434,3.608034428831767e-05,0.012790622189640999,518337,10.164490747451783,0.12638888888888888,0.25555555555555554,0.30833333333333335,0.14305555555555555,0.16666666666666666
721,720,0.01,0.10151394918638201,0.3139185727919729,287,3.442412024065157e-05,0.01314025279134512,519057,10.19120494922002,0.08055555555555556,0.30972222222222223,0.4013888888888889,0.08888888888888889,0.11944444444444445
722,720,0.01,0.08367798186519915,0.30757984480537925,322,3.381735198723214e-05,0.013454228639602661,519777,10.203571915626526,0.10972222222222222,0.22916666666666666,0.48055555555555557,0.05416666666666667,0.12638888888888888
723,720,0.01,0.04499550277865418,0.24575964787190552,312,3.222185754970673e-05,0.01380855217576027,520497,10.21718757947286,0.09027777777777778,0.32916666666666666,0.375,0.08611111111111111,0.11944444444444445
724,720,0.01,1.017896765621831,2.695614201506235,420,3.5776010709772286e-05,0.014233356341719627,521217,10.230039962132771,0.1986111111111111,0.2722222222222222,0.2625,0.09305555555555556,0.1736111111111111
725,720,0.01,0.16655320829062564,0.4312571848504052,332,3.165833626642072e-05,0.013134844601154327,521937,10.243817746639252,0.06111111111111111,0.31666666666666665,0.3736111111111111,0.09722222222222222,0.15138888888888888
726,720,0.01,1.0443003016301464,2.70543366925663,411,3.234709388379997e-05,0.013478511944413185,522657,10.258942345778147,0.15,0.35833333333333334,0.19166666666666668,0.12916666666666668,0.17083333333333334
727,720,0.01,0.635088036101784,1.513278399378767,449,3.334157981574511e-05,0.012764502316713333,523377,10.271453595161438,0.14722222222222223,0.33055555555555555,0.2652777777777778,0.11944444444444445,0.1375
728,720,0.01,-0.03318345815676211,0.1529415450232623,290,3.531625976115215e-05,0.012548470869660378,524097,10.284623344739279,0.07083333333333333,0.4111111111111111,0.2861111111111111,0.05555555555555555,0.1763888888888889
729,720,0.01,0.9871060125659273,2.5161126289282727,425,3.2714903553217786e-05,0.012506647035479546,524817,10.298581445217133,0.14027777777777778,0.3472222222222222,0.2361111111111111,0.10972222222222222,0.16666666666666666
730,720,0.01,0.2585272805552291,0.5632660907556906,349,3.0975676565958565e-05,0.012753518298268318,525537,10.313727529843648,0.09444444444444444,0.4305555555555556,0.25416666666666665,0.10138888888888889,0.11944444444444445
731,720,0.01,-0.05427863424690859,0.08352689687651305,255,3.055659132276863e-05,0.013176113367080688,526257,10.340524796644846,0.058333333333333334,0.375,0.3875,0.08055555555555556,0.09861111111111111
732,720,0.01,1.0243168338139574,2.636664203324379,425,3.225751923739355e-05,0.013343116268515587,526977,10.352819180488586,0.18194444444444444,0.30277777777777776,0.26805555555555555,0.1125,0.13472222222222222
733,720,0.01,0.9763679637235801,2.455157228548566,414,3.3283334535857044e-05,0.012546412646770477,527697,10.366260449091593,0.1375,0.3277777777777778,0.2847222222222222,0.08333333333333333,0.16666666666666666
734,720,0.01,0.27447031072085165,0.6669078290375383,398,3.28759874453984e-05,0.012266647070646286,528417,10.379062549273174,0.12222222222222222,0.2902777777777778,0.3263888888888889,0.10555555555555556,0.15555555555555556
735,720,0.01,0.2709110951212387,0.5440534905193464,296,3.391356809364273e-05,0.01254182681441307,529137,10.392181313037872,0.07083333333333333,0.325,0.40694444444444444,0.059722222222222225,0.1375
736,720,0.01,0.3487556255870573,0.7515579089305744,348,3.30403125449013e-05,0.013136855326592922,529857,10.406705311934154,0.09305555555555556,0.3625,0.3111111111111111,0.07777777777777778,0.15555555555555556
737,720,0.01,0.3411944458993332,0.8453970284230796,430,3.423464969627174e-05,0.013549474999308586,530577,10.419742480913799,0.15416666666666667,0.37222222222222223,0.22361111111111112,0.10277777777777777,0.14722222222222223
738,720,0.01,0.07460460621232344,0.25402026982182035,288,3.447561704458874e-05,0.013552309945225716,531297,10.433176481723786,0.06388888888888888,0.36527777777777776,0.3875,0.043055555555555555,0.14027777777777778
739,720,0.01,0.4854011179547866,1.0060169074718268,390,3.2839204453062446e-05,0.013290593400597572,532017,10.447088261445364,0.07361111111111111,0.3125,0.3888888888888889,0.0875,0.1375
740,720,0.01,0.00806612349120489,0.18035604201965283,303,3.322142998361717e-05,0.012721061706542969,532737,10.461120180288951,0.059722222222222225,0.30277777777777776,0.4722222222222222,0.06944444444444445,0.09583333333333334
741,720,0.01,0.04381014234027584,0.21690426034960542,293,3.397021728233085e-05,0.013484136201441288,533457,10.483973296483358,0.030555555555555555,0.3611111111111111,0.38472222222222224,0.05694444444444444,0.16666666666666666
742,720,0.01,0.7586606190577446,1.846700541989121,421,3.438370936174174e-05,0.01316910795867443,534177,10.497675697008768,0.1361111111111111,0.30416666666666664,0.22361111111111112,0.1,0.2361111111111111
743,720,0.01,-0.19098433965350836,0.004274771225620144,369,3.5276549180530816e-05,0.013293096795678139,534897,10.511925995349884,0.08611111111111111,0.37777777777777777,0.32916666666666666,0.10972222222222222,0.09722222222222222
744,720,0.01,0.07045455977574254,0.25101417177226937,282,3.482217731137401e-05,0.013560504652559757,535617,10.52625002861023,0.07361111111111111,0.3402777777777778,0.36666666666666664,0.07777777777777778,0.14166666666666666
745,720,0.01,-0.02493504385346404,0.16860993899500465,318,3.5637879788434174e-05,0.013753722421824932,536337,10.539405743281046,0.06666666666666667,0.3625,0.3402777777777778,0.075,0.15555555555555556
746,720,0.01,-0.0647255592745099,0.07575682887075397,229,3.730396189212115e-05,0.013797832652926445,537057,10.553116099039714,0.06111111111111111,0.4263888888888889,0.3138888888888889,0.05277777777777778,0.14583333333333334
747,720,0.01,0.5824515100340117,1.364227925385765,434,3.6205840183356484e-05,0.013952692970633507,537777,10.57155083020528,0.11805555555555555,0.31805555555555554,0.24722222222222223,0.10972222222222222,0.20694444444444443
748,720,0.01,-0.020945087430460255,0.1688903881022943,321,3.5135571091713146e-05,0.013794610276818275,538497,10.58748551607132,0.07361111111111111,0.30694444444444446,0.3541666666666667,0.10138888888888889,0.1638888888888889
749,720,0.01,0.5104080990848865,1.1840000899856689,455,3.290651500517722e-05,0.013180887326598167,539217,10.600423844655355,0.13055555555555556,0.30972222222222223,0.2722222222222222,0.10694444444444444,0.18055555555555555
750,720,0.01,0.5729392378523178,1.1365432896682375,325,3.342149124326473e-05,0.012974168173968792,539937,10.61461996237437,0.08472222222222223,0.3972222222222222,0.30416666666666664,0.075,0.1388888888888889
751,720,0.01,0.4342984751032272,0.8688036655640741,349,3.455271254577181e-05,0.01316381711512804,540657,10.639881579081218,0.0763888888888889,0.3625,0.3763888888888889,0.07777777777777778,0.10694444444444444
752,720,0.01,0.1090057161397776,0.3132509656171172,308,3.481298385723777e-05,0.013229729607701302,541377,10.652678978443145,0.059722222222222225,0.36527777777777776,0.35694444444444445,0.1,0.11805555555555555
753,720,0.01,0.5993292281869795,1.328744376665452,410,3.393518094551635e-05,0.013330618850886822,542097,10.66612506310145,0.10833333333333334,0.32083333333333336,0.3138888888888889,0.10694444444444444,0.15
754,720,0.01,0.5077210793039129,1.0192397502396031,320,3.424486055160337e-05,0.013236211612820625,542817,10.678449197610218,0.09583333333333334,0.37222222222222223,0.24305555555555555,0.06666666666666667,0.2222222222222222
755,720,0.01,0.1764519328443475,0.44188593363317796,345,3.1325968861513806e-05,0.012822345830500126,543537,10.691148511568706,0.07777777777777778,0.3541666666666667,0.3458333333333333,0.13055555555555556,0.09166666666666666
756,720,0.01,0.130045427034056,0.43053060376634167,396,3.3705285212211795e-05,0.012992442585527897,544257,10.706461679935455,0.08055555555555556,0.38333333333333336,0.29583333333333334,0.10833333333333334,0.13194444444444445
757,720,0.01,-0.06213678688921233,0.1293172122027435,319,3.234642152720982e-05,0.013197075575590134,544977,10.720575678348542,0.075,0.3,0.31805555555555554,0.12777777777777777,0.17916666666666667
758,720,0.01,0.574725617745929,1.3151526334624175,414,3.300444251787364e-05,0.013494513928890228,545697,10.736432560284932,0.12638888888888888,0.3277777777777778,0.28055555555555556,0.11388888888888889,0.15138888888888888
759,720,0.01,0.6871289362532557,1.4747241524489252,384,3.3225363366303404e-05,0.013420847244560719,546417,10.74976152976354,0.09166666666666666,0.35,0.3,0.12222222222222222,0.1361111111111111
760,720,0.01,0.18180706785465056,0.4230565635910486,316,3.1285348703451947e-05,0.013077075593173504,547137,10.763512313365936,0.0763888888888889,0.3333333333333333,0.37916666666666665,0.0875,0.12361111111111112
761,720,0.01,-0.15978115814324376,-0.022034766495647173,250,3.1436117792004044e-05,0.01347784698009491,547857,10.789398880799611,0.03333333333333333,0.40555555555555556,0.25277777777777777,0.10555555555555556,0.20277777777777778
762,720,0.01,-0.18966212055640103,-0.028498164243858648,293,3.182991767845225e-05,0.013810010626912117,548577,10.804347165425618,0.06527777777777778,0.4527777777777778,0.24444444444444444,0.08472222222222223,0.1527777777777778
763,720,0.01,0.2871849394745906,0.7086181415655224,417,3.1582080332428735e-05,0.013387935236096382,549297,10.817874360084534,0.10833333333333334,0.33194444444444443,0.29583333333333334,0.10555555555555556,0.15833333333333333
764,720,0.01,0.5120371638037424,1.1712155321804434,431,3.3823048167707586e-05,0.01381558645516634,550017,10.832436561584473,0.1638888888888889,0.3111111111111111,0.25277777777777777,0.10277777777777777,0.16944444444444445
765,720,0.01,0.26079826650276333,0.5908974110887064,361,3.391047607061005e-05,0.013239496387541294,550737,10.84914371172587,0.09027777777777778,0.3763888888888889,0.30833333333333335,0.11388888888888889,0.1111111111111111
766,720,0.01,0.06258786688531122,0.27263285268054394,345,3.446242683745974e-05,0.013449076563119888,551457,10.865020712216696,0.059722222222222225,0.33611111111111114,0.3763888888888889,0.125,0.10277777777777777
767,720,0.01,0.24823463642308188,0.5507437218819591,352,3.0866288183359655e-05,0.013008490204811096,552177,10.878618613878887,0.05694444444444444,0.3111111111111111,0.38333333333333336,0.12083333333333333,0.12777777777777777
768,720,0.01,0.9032158642789242,2.319173692929628,442,3.2457101831242756e-05,0.012663884088397026,552897,10.892315411567688,0.14305555555555555,0.3263888888888889,0.24027777777777778,0.11805555555555555,0.17222222222222222
769,720,0.01,0.1406848152539617,0.44474786038204095,388,3.0603041884407704e-05,0.012731626629829407,553617,10.90812513033549,0.09722222222222222,0.42777777777777776,0.30277777777777776,0.05416666666666667,0.11805555555555555
770,720,0.01,0.697298415877823,1.5981467849876831,412,3.478352354085877e-05,0.013260355219244957,554337,10.923196029663085,0.10138888888888889,0.2916666666666667,0.31666666666666665,0.125,0.16527777777777777
771,720,0.01,0.7804524199033819,1.8184932112673016,435,3.438983767346649e-05,0.012879819609224796,555057,10.950334012508392,0.10138888888888889,0.29444444444444445,0.29444444444444445,0.13333333333333333,0.1763888888888889
772,720,0.01,1.1297412231139021,3.017827055827686,394,3.4278219628605354e-05,0.012715045362710953,555777,10.964603630701701,0.15138888888888888,0.2847222222222222,0.30833333333333335,0.1,0.15555555555555556
773,720,0.01,0.25534145126364605,0.5822398207703559,377,3.3250818976032155e-05,0.013051586225628853,556497,10.977921597162883,0.06944444444444445,0.38333333333333336,0.3486111111111111,0.09583333333333334,0.10277777777777777
774,720,0.01,0.7774081887801871,1.8897158884016028,453,3.363204839009389e-05,0.012932984158396721,557217,10.990945680936177,0.14166666666666666,0.2986111111111111,0.25555555555555554,0.13472222222222222,0.16944444444444445
775,720,0.01,-0.03005885165806894,0.13677027368387384,321,3.368466040569729e-05,0.013133391737937927,557937,11.004929081598918,0.0625,0.39305555555555555,0.36944444444444446,0.06805555555555555,0.10694444444444444
776,720,0.01,0.5717263038473954,1.268743839935507,428,3.291285351754899e-05,0.013475941494107246,558657,11.020100597540537,0.11666666666666667,0.35833333333333334,0.2638888888888889,0.10555555555555556,0.15555555555555556
777,720,0.01,0.22156869708640017,0.5335245247166791,390,3.2637076337020214e-05,0.01311807706952095,559377,11.034211162726084,0.0625,0.3486111111111111,0.3638888888888889,0.10555555555555556,0.11944444444444445
778,720,0.01,0.27140039532378635,0.6167216003853393,370,3.3399737438028546e-05,0.012946262955665588,560097,11.047744278113047,0.0763888888888889,0.35833333333333334,0.3541666666666667,0.09444444444444444,0.11666666666666667
779,720,0.01,1.2505144382700724,3.642553036340627,424,3.0859329562973574e-05,0.013014642521739006,560817,11.060732328891755,0.14166666666666666,0.325,0.25,0.09444444444444444,0.18888888888888888
780,720,0.01,0.015184269652580134,0.22132247757100143,343,3.289117097374906e-05,0.0128821711987257,561537,11.076993147532145,0.09444444444444444,0.3736111111111111,0.32916666666666666,0.07777777777777778,0.125
781,720,0.01,0.5307333182038522,1.1027233085830779,381,3.439014160701643e-05,0.013067059218883514,562257,11.120028293132782,0.08472222222222223,0.2722222222222222,0.41805555555555557,0.10138888888888889,0.12361111111111112
782,720,0.01,0.023867961482435536,0.2124195140756333,316,3.396828839565084e-05,0.012763616628944874,562977,11.136978483200073,0.059722222222222225,0.3416666666666667,0.3638888888888889,0.06805555555555555,0.16666666666666666
783,720,0.01,0.14242596149517148,0.4200271078911877,362,3.506529655194552e-05,0.01317022368311882,563697,11.151623177528382,0.05,0.3111111111111111,0.3458333333333333,0.10555555555555556,0.1875
784,720,0.01,0.17971769145471525,0.4272045793371211,315,3.2345753100394684e-05,0.012772057205438614,564417,11.1643692612648,0.08888888888888889,0.33611111111111114,0.39444444444444443,0.06111111111111111,0.11944444444444445
785,720,0.01,0.9433874609046241,2.318083844053803,424,3.406929215164685e-05,0.012781484052538872,565137,11.180255063374837,0.14444444444444443,0.29583333333333334,0.275,0.11527777777777778,0.16944444444444445
786,720,0.01,0.5585840550618654,1.2593655754816497,416,3.444786035389471e-05,0.012830534018576145,565857,11.198849511146545,0.1,0.275,0.3402777777777778,0.10277777777777777,0.18194444444444444
787,720,0.01,0.4676402350580784,1.0130283601498262,393,3.5072698189095615e-05,0.013217831961810589,566577,11.217565063635508,0.09444444444444444,0.33611111111111114,0.30972222222222223,0.09444444444444444,0.16527777777777777
788,720,0.01,0.5402470981911022,1.3157812374529803,459,3.671215049381418e-05,0.013168676756322384,567297,11.23450821240743,0.1486111111111111,0.2791666666666667,0.2875,0.10694444444444444,0.17777777777777778
789,720,0.01,1.0368762236890006,2.698310980572702,423,3.519883635413458e-05,0.013209229335188866,568017,11.254012064139049,0.175,0.32222222222222224,0.24444444444444444,0.10277777777777777,0.15555555555555556
790,720,0.01,0.5922954610699948,1.304342672296725,391,3.51424181682584e-05,0.013382038101553917,568737,11.268304228782654,0.09583333333333334,0.3486111111111111,0.2708333333333333,0.11388888888888889,0.17083333333333334
791,720,0.01,0.829269610959462,1.932248723122639,412,3.788780505576344e-05,0.013031096197664738,569457,11.298633015155792,0.12222222222222222,0.24861111111111112,0.3347222222222222,0.1111111111111111,0.18333333333333332
792,720,0.01,0.9473148191990346,2.4137616934562622,435,3.75322517483154e-05,0.013329307548701763,570177,11.326465511322022,0.12222222222222222,0.3458333333333333,0.24861111111111112,0.10277777777777777,0.18055555555555555
793,720,0.01,0.2652974778131999,0.6092970645926261,387,3.3571422275397505e-05,0.013122092932462692,570897,11.345639860630035,0.08333333333333333,0.3416666666666667,0.3861111111111111,0.08472222222222223,0.10416666666666667
794,720,0.01,0.9014008310688963,2.3197876866154457,462,3.5502863976135914e-05,0.01285608485341072,571617,11.370386815071106,0.13055555555555556,0.29305555555555557,0.2625,0.12083333333333333,0.19305555555555556
795,720,0.01,0.7144548680107565,1.5830086631306153,370,3.578268636551406e-05,0.012896697036921978,572337,11.393432128429414,0.1375,0.35,0.2722222222222222,0.08333333333333333,0.15694444444444444
796,720,0.01,0.8620143097393156,2.061069331749627,420,3.831684285968448e-05,0.013547621667385101,573057,11.415531512101492,0.09444444444444444,0.30277777777777776,0.2708333333333333,0.13333333333333333,0.1986111111111111
797,720,0.01,0.5359822169649066,1.0729697002402858,365,3.761805623349169e-05,0.013808222487568855,573777,11.436515629291534,0.0763888888888889,0.3861111111111111,0.3333333333333333,0.08611111111111111,0.11805555555555555
798,720,0.01,0.5400950333407527,1.2047079107422567,412,3.824889797291083e-05,0.014678861945867538,574497,11.453130010763804,0.12777777777777777,0.3125,0.2861111111111111,0.09444444444444444,0.17916666666666667
799,720,0.01,0.4597420279652916,0.9280170277411266,350,3.566573203417849e-05,0.013999815098941326,575217,11.468143328030903,0.08055555555555556,0.2916666666666667,0.4166666666666667,0.07361111111111111,0.1375
800,720,0.01,-0.058083155211001845,0.11506962263635345,310,3.723177301127281e-05,0.013801970519125462,575937,11.48265148003896,0.06111111111111111,0.2902777777777778,0.45555555555555555,0.07083333333333333,0.12222222222222222
801,720,0.01,0.3362278991138139,0.7345151104854424,360,3.544997324524957e-05,0.013300945982336998,576657,11.512236177921295,0.06527777777777778,0.34444444444444444,0.35694444444444445,0.0625,0.17083333333333334
802,720,0.01,0.10832533419441955,0.36762455604110245,356,3.6316702547386134e-05,0.0134560102596879,577377,11.528927230834961,0.07083333333333333,0.3527777777777778,0.35833333333333334,0.08333333333333333,0.13472222222222222
803,720,0.01,0.24126147574948206,0.5461399588880891,328,3.664289082255184e-05,0.013565071858465672,578097,11.54439944823583,0.06111111111111111,0.3055555555555556,0.39166666666666666,0.06527777777777778,0.1763888888888889
804,720,0.01,0.1973659579412402,0.4327790614672222,296,3.387590829914997e-05,0.013604178093373775,578817,11.56506439447403,0.06944444444444445,0.2972222222222222,0.34444444444444444,0.0375,0.2513888888888889
805,720,0.01,0.5567396935753872,1.2417116276780114,425,3.8198423590074525e-05,0.013117587193846703,579537,11.582568995157878,0.09444444444444444,0.33055555555555555,0.2861111111111111,0.11388888888888889,0.175
806,720,0.01,0.27622903223368994,0.6007608256157819,371,3.4764386762415396e-05,0.013203641399741173,580257,11.601663362979888,0.0625,0.43472222222222223,0.28888888888888886,0.09722222222222222,0.11666666666666667
807,720,0.01,-0.0545222119455933,0.1939030190010762,411,3.503049326177966e-05,0.012730007991194725,580977,11.615937348206838,0.07916666666666666,0.375,0.32916666666666666,0.08888888888888889,0.12777777777777777
808,720,0.01,0.3705844949546059,0.765765831163415,371,3.510002817077091e-05,0.012574907392263412,581697,11.630852695306142,0.08055555555555556,0.34444444444444444,0.4097222222222222,0.06666666666666667,0.09861111111111111
809,720,0.01,1.0929979400352334,2.9059379247036636,419,3.592349207540085e-05,0.012205630540847778,582417,11.644269629319508,0.13055555555555556,0.3055555555555556,0.3055555555555556,0.09027777777777778,0.16805555555555557
810,720,0.01,0.04460519300816227,0.23288283212979222,302,3.548671773816952e-05,0.013199635781347752,583137,11.658107697963715,0.08194444444444444,0.3972222222222222,0.3736111111111111,0.059722222222222225,0.0875
811,720,0.01,-0.0036186149059597335,0.15186386793304263,296,3.707347650308495e-05,0.013098234310746193,583857,11.687694660822551,0.06666666666666667,0.3347222222222222,0.41944444444444445,0.0763888888888889,0.10277777777777777
812,720,0.01,0.09815888318050156,0.33263593009115233,351,3.551492209605082e-05,0.013055633753538132,584577,11.701164964834849,0.05694444444444444,0.36666666666666664,0.3458333333333333,0.08888888888888889,0.14166666666666666
813,720,0.01,0.5547160893326978,1.1961725370228264,423,3.411868756491761e-05,0.012718020007014275,585297,11.71552482843399,0.10972222222222222,0.34444444444444444,0.26944444444444443,0.09722222222222222,0.17916666666666667
814,720,0.01,0.5018814935791778,0.9369827785084712,301,3.5852211316169913e-05,0.01249475684016943,586017,11.730872944990795,0.075,0.38055555555555554,0.35555555555555557,0.05555555555555555,0.13333333333333333
815,720,0.01,0.837994835028807,2.0176996475403364,447,3.455869898895496e-05,0.013212675228714943,586737,11.748440611362458,0.12222222222222222,0.3819444444444444,0.2361111111111111,0.10833333333333334,0.15138888888888888
816,720,0.01,0.7947850060172608,1.7920748855632964,382,3.433900279282574e-05,0.01378060132265091,587457,11.76687574783961,0.14583333333333334,0.38333333333333336,0.30694444444444446,0.05694444444444444,0.10694444444444444
817,720,0.01,0.3610947077717742,0.765783864699094,367,3.714691348856529e-05,0.014105845242738724,588177,11.783634229501088,0.075,0.4236111111111111,0.29444444444444445,0.0625,0.14444444444444443
818,720,0.01,0.16714573498084964,0.4346138730373579,345,3.403158792391676e-05,0.013356133364140987,588897,11.797612694899241,0.07777777777777778,0.3458333333333333,0.33055555555555555,0.06944444444444445,0.1763888888888889
819,720,0.01,0.8358313310338896,1.9221841435372107,389,3.2732517591840506e-05,0.01293330267071724,589617,11.81227562824885,0.12916666666666668,0.35555555555555557,0.29305555555555557,0.07916666666666666,0.14305555555555555
820,720,0.01,0.08225773958083399,0.25421231687394985,289,3.476472913664313e-05,0.012701611034572124,590337,11.827684799830118,0.0625,0.33055555555555555,0.44722222222222224,0.04583333333333333,0.11388888888888889
821,720,0.01,0.2703192345327588,0.5699899758528921,337,3.354535919268326e-05,0.01242027897387743,591057,11.855923748016357,0.06805555555555555,0.3138888888888889,0.39166666666666666,0.075,0.15138888888888888
822,720,0.01,0.14543298759701864,0.3565340953508327,305,3.3293569789647235e-05,0.013617625460028648,591777,11.871289996306102,0.05694444444444444,0.3875,0.41388888888888886,0.06805555555555555,0.07361111111111111
823,720,0.01,0.3666950277978057,0.7989353681811322,375,3.298100640765572e-05,0.01329974364489317,592497,11.88557263215383,0.12361111111111112,0.36527777777777776,0.3194444444444444,0.059722222222222225,0.13194444444444445
824,720,0.01,-0.004951391284851553,0.17945044888890793,343,3.550875567018213e-05,0.013489674776792526,593217,11.899825048446655,0.07222222222222222,0.3819444444444444,0.38055555555555554,0.07083333333333333,0.09444444444444444
825,720,0.01,0.23836351690548596,0.5747767511126651,375,3.4487346818600094e-05,0.013386284001171589,593937,11.914335962136587,0.075,0.3763888888888889,0.30277777777777776,0.05694444444444444,0.18888888888888888
826,720,0.01,0.05089729904697368,0.23293474503508582,316,3.365082881524965e-05,0.012674923986196518,594657,11.93080366452535,0.07222222222222222,0.3763888888888889,0.38333333333333336,0.06111111111111111,0.10694444444444444
827,720,0.01,0.3833292984193441,0.8782289752730639,419,3.510999707082697e-05,0.012322960421442986,595377,11.944499961535136,0.11805555555555555,0.3611111111111111,0.2875,0.06527777777777778,0.16805555555555557
828,720,0.01,0.6728892018209849,1.5834848428460062,415,3.677791392091321e-05,0.012575134634971619,596097,11.959830077489217,0.14583333333333334,0.3125,0.2902777777777778,0.07916666666666666,0.17222222222222222
829,720,0.01,0.5491296891133044,1.1622074968723441,379,3.625277835731645e-05,0.012884996831417084,596817,11.974410665035247,0.09027777777777778,0.37083333333333335,0.35138888888888886,0.06111111111111111,0.12638888888888888
830,720,0.01,0.06159848186134353,0.33188932837580043,387,3.603755541992844e-05,0.013305449858307838,597537,11.989214181900024,0.07361111111111111,0.36527777777777776,0.3388888888888889,0.075,0.14722222222222223
831,720,0.01,0.690878478352458,1.700342126098012,474,3.773754270671109e-05,0.013588648289442062,598257,12.017606977621714,0.1527777777777778,0.33055555555555555,0.2513888888888889,0.10277777777777777,0.1625
832,720,0.01,0.5530987878758429,1.2912529046287808,451,3.6024293876835145e-05,0.01347966305911541,598977,12.033237000306448,0.12361111111111112,0.3013888888888889,0.2986111111111111,0.09444444444444444,0.18194444444444444
833,720,0.01,1.0663407969939007,2.851030585383962,432,3.51542256794346e-05,0.01302795298397541,599697,12.04854946533839,0.125,0.3125,0.24722222222222223,0.11805555555555555,0.19722222222222222
834,720,0.01,0.054715610221876355,0.22197158818565832,286,3.5355660996730064e-05,0.013480628840625286,600417,12.065012729167938,0.044444444444444446,0.3458333333333333,0.4444444444444444,0.06666666666666667,0.09861111111111111
835,720,0.01,1.030596374603776,2.6641499624982816,425,3.575291883761464e-05,0.01349778100848198,601137,12.080386543273926,0.14027777777777778,0.3138888888888889,0.29305555555555557,0.10416666666666667,0.1486111111111111
836,720,0.01,0.014866624700291134,0.19675846752664605,301,3.793548478749169e-05,0.012965215370059013,601857,12.095795329411825,0.07222222222222222,0.3388888888888889,0.375,0.05555555555555555,0.15833333333333333
837,720,0.01,1.2194644224126052,3.4591779032341057,414,3.746389810935903e-05,0.013494923710823059,602577,12.110391096274059,0.18888888888888888,0.3625,0.18611111111111112,0.1111111111111111,0.15138888888888888
838,720,0.01,0.10742735998703616,0.29165889841272996,265,3.59163363763552e-05,0.013631200417876244,603297,12.124805613358815,0.058333333333333334,0.4125,0.37916666666666665,0.041666666666666664,0.10833333333333334
839,720,0.01,-0.08703884882883658,0.08487107079479306,294,3.549099405467536e-05,0.01337913703173399,604017,12.138296647866566,0.059722222222222225,0.35833333333333334,0.36944444444444446,0.05555555555555555,0.15694444444444444
840,720,0.01,-0.04406629190378275,0.13875289072531283,332,3.478369045145276e-05,0.013588778674602509,604737,12.153755362828573,0.06805555555555555,0.3194444444444444,0.4041666666666667,0.058333333333333334,0.15
841,720,0.01,0.06763360884688487,0.25876818125983436,290,3.686058678466806e-05,0.013521783985197544,605457,12.182118995984395,0.06388888888888888,0.3402777777777778,0.3902777777777778,0.05555555555555555,0.15
842,720,0.01,-0.045653644536300386,0.18068686187254257,358,3.5137588090745134e-05,0.013308153487741947,606177,12.196437446276347,0.08194444444444444,0.2763888888888889,0.4305555555555556,0.06527777777777778,0.14583333333333334
843,720,0.01,1.0497623008206505,2.663841916498483,393,3.386100248690127e-05,0.013292272575199604,606897,12.210809497038523,0.14305555555555555,0.33055555555555555,0.275,0.09722222222222222,0.15416666666666667
844,720,0.01,0.8983933744221705,2.2638039613008534,432,3.585723120396425e-05,0.012922467663884163,607617,12.226124731699626,0.12222222222222222,0.3236111111111111,0.29305555555555557,0.0763888888888889,0.18472222222222223
845,720,0.01,0.8347477585681918,2.0229940833021334,436,3.9522980814076114e-05,0.013257613405585289,608337,12.241121661663055,0.12222222222222222,0.32222222222222224,0.28888888888888886,0.09722222222222222,0.16944444444444445
846,720,0.01,0.8505527669040119,2.026941691050238,409,3.690121516355147e-05,0.013633755035698414,609057,12.255401881535848,0.1,0.32222222222222224,0.30694444444444446,0.08888888888888889,0.18194444444444444
847,720,0.01,-0.06857904799355029,0.08890320097496707,302,3.580448631497448e-05,0.013246090151369572,609777,12.270747927824656,0.05,0.49027777777777776,0.33611111111111114,0.034722222222222224,0.08888888888888889
848,720,0.01,0.49505451704095615,1.0494152673848962,401,3.5484281074281574e-05,0.0131495026871562,610497,12.285674850145975,0.08888888888888889,0.38472222222222224,0.30833333333333335,0.09305555555555556,0.125
849,720,0.01,-0.14830374194954596,-0.014694705275063558,265,3.40651338098673e-05,0.013483542017638683,611217,12.303868746757507,0.03888888888888889,0.37083333333333335,0.4513888888888889,0.041666666666666664,0.09722222222222222
850,720,0.01,0.18980502432351093,0.43125978406287824,304,3.539228032549444e-05,0.013010134920477867,611937,12.323292378584544,0.0625,0.3972222222222222,0.3875,0.058333333333333334,0.09444444444444444
851,720,0.01,0.2906559033921559,0.6801883553193997,371,3.467783469533161e-05,0.013185236603021622,612657,12.351086179415384,0.10694444444444444,0.3527777777777778,0.2972222222222222,0.08333333333333333,0.1597222222222222
852,720,0.01,0.5019958870071267,1.0875599314494226,382,3.643940045145023e-05,0.013787966221570969,613377,12.368340595563252,0.12638888888888888,0.375,0.2777777777777778,0.09027777777777778,0.13055555555555556
853,720,0.01,0.28757701840518995,0.6324419431888431,349,3.755843210405551e-05,0.01358785480260849,614097,12.3844193816185,0.07916666666666666,0.44166666666666665,0.275,0.07916666666666666,0.125
854,720,0.01,0.11428030803329833,0.3505748383871443,342,3.583769329161947e-05,0.012958390638232231,614817,12.39961119890213,0.08611111111111111,0.42083333333333334,0.34444444444444444,0.05277777777777778,0.09583333333333334
855,720,0.01,0.30794747876933376,0.6836220904164947,384,3.278519991327913e-05,0.012875738553702831,615537,12.415281065305074,0.10277777777777777,0.3902777777777778,0.31805555555555554,0.10833333333333334,0.08055555555555556
856,720,0.01,0.48935125560296605,1.0633920516310162,400,3.136871131977791e-05,0.01309902686625719,616257,12.430464347203573,0.11388888888888889,0.325,0.32916666666666666,0.1,0.13194444444444445
857,720,0.01,0.9585013632990409,2.2969617524153985,374,3.328605770068154e-05,0.012847634963691235,616977,12.445380862553915,0.10277777777777777,0.3472222222222222,0.3138888888888889,0.06944444444444445,0.16666666666666666
858,720,0.01,0.2607815100350739,0.526964091182649,320,3.5219004501464545e-05,0.013299429789185524,617697,12.46075399319331,0.06388888888888888,0.5125,0.26944444444444443,0.06388888888888888,0.09027777777777778
859,720,0.01,0.20593400784845478,0.4898627592785836,346,3.3876722364488564e-05,0.01313970610499382,618417,12.475279879570007,0.08333333333333333,0.40555555555555556,0.3597222222222222,0.05277777777777778,0.09861111111111111
860,720,0.01,0.24743862891363708,0.5572767596425421,358,3.513788890485456e-05,0.012865118682384491,619137,12.489515813191732,0.044444444444444446,0.3472222222222222,0.38055555555555554,0.07777777777777778,0.15
861,720,0.01,0.13934158711549233,0.3570884877835119,318,3.104492590435055e-05,0.012399783357977867,619857,12.518235663572947,0.06527777777777778,0.40555555555555556,0.37777777777777777,0.06111111111111111,0.09027777777777778
862,720,0.01,-0.061918979770153766,0.13607690972484954,340,3.3734789787508314e-05,0.01297377236187458,620577,12.532303631305695,0.09305555555555556,0.3736111111111111,0.31666666666666665,0.05138888888888889,0.16527777777777777
863,720,0.01,0.7297980830049317,1.6692514652282155,425,3.265411440149061e-05,0.013011796399950981,621297,12.547272129853566,0.13333333333333333,0.33194444444444443,0.2861111111111111,0.09722222222222222,0.15138888888888888
864,720,0.01,0.9030865299846064,2.213422376130931,420,3.477800436763169e-05,0.012636587955057621,622017,12.562751797835032,0.14583333333333334,0.33055555555555555,0.2791666666666667,0.07777777777777778,0.16666666666666666
865,720,0.01,0.011491023779986814,0.20772813911076726,331,3.283771195709859e-05,0.012217647396028042,622737,12.578239981333414,0.08472222222222223,0.4013888888888889,0.3388888888888889,0.058333333333333334,0.11666666666666667
866,720,0.01,0.4370141975504558,0.9088752562841376,368,3.312369986727188e-05,0.01254638098180294,623457,12.59600818157196,0.09305555555555556,0.35138888888888886,0.35138888888888886,0.07777777777777778,0.12638888888888888
867,720,0.01,0.7716848019627065,1.7709349822456355,410,3.467132477352506e-05,0.01336307730525732,624177,12.610927697022756,0.11527777777777778,0.38333333333333336,0.2861111111111111,0.07916666666666666,0.1361111111111111
868,720,0.01,0.40081251760071085,0.865095983771559,379,3.470705329138784e-05,0.013574589043855667,624897,12.625460398197173,0.10833333333333334,0.3958333333333333,0.3013888888888889,0.04861111111111111,0.14583333333333334
869,720,0.01,0.11854999378362123,0.3146230805510486,287,3.431184779350992e-05,0.013599710538983345,625617,12.639908460776011,0.0763888888888889,0.4263888888888889,0.3638888888888889,0.04722222222222222,0.08611111111111111
870,720,0.01,1.413626730411341,4.433734932723757,408,3.379081566537126e-05,0.013874511234462261,626337,12.6535692969958,0.14583333333333334,0.3416666666666667,0.24861111111111112,0.07777777777777778,0.18611111111111112
871,720,0.01,0.06387032891523152,0.3349186169598286,396,3.477699997094735e-05,0.013802691362798214,627057,12.681800679365795,0.08194444444444444,0.4486111111111111,0.2791666666666667,0.07361111111111111,0.11666666666666667
872,720,0.01,0.14132409359509066,0.4381018633256535,385,3.5111896775358924e-05,0.013876146636903286,627777,12.697100047270457,0.09722222222222222,0.41944444444444445,0.30694444444444446,0.05694444444444444,0.11944444444444445
873,720,0.01,0.024262292095898207,0.21562979476416322,310,3.553747105797811e-05,0.01351703330874443,628497,12.715523759524027,0.05416666666666667,0.4222222222222222,0.2847222222222222,0.0763888888888889,0.1625
874,720,0.01,0.027952457979433163,0.2597993446191307,359,3.2607887627970435e-05,0.012944571673870087,629217,12.731707644462585,0.08888888888888889,0.4722222222222222,0.26666666666666666,0.05277777777777778,0.11944444444444445
875,720,0.01,0.6656007882871564,1.5956858756065961,454,3.315421470486197e-05,0.013370564207434654,629937,12.746632464726765,0.13194444444444445,0.3819444444444444,0.2111111111111111,0.10138888888888889,0.1736111111111111
876,720,0.01,0.7618720376762976,1.8501511776873016,446,3.437975485793585e-05,0.013443026691675186,630657,12.7632772286733,0.125,0.35694444444444445,0.26805555555555555,0.0875,0.1625
877,720,0.01,0.08862001644048995,0.29126197638480167,307,3.4586822597601794e-05,0.012899509631097317,631377,12.779006977876028,0.06805555555555555,0.4722222222222222,0.325,0.05138888888888889,0.08333333333333333
878,720,0.01,0.23615003066109305,0.5317333929139179,358,3.228621230593692e-05,0.013370159082114697,632097,12.793497093518575,0.08472222222222223,0.43194444444444446,0.3347222222222222,0.05694444444444444,0.09166666666666666
879,720,0.01,0.09544194075384771,0.31810083701691827,339,3.19515149082387e-05,0.013159711845219135,632817,12.809362081686656,0.06388888888888888,0.5138888888888888,0.26805555555555555,0.058333333333333334,0.09583333333333334
880,720,0.01,0.1264895764142252,0.3726450562271775,346,3.15765123837587e-05,0.012813081033527851,633537,12.824105381965637,0.08888888888888889,0.40555555555555556,0.34305555555555556,0.06805555555555555,0.09444444444444444
881,720,0.01,0.654940393096219,1.402933765442389,384,3.4552502228911586e-05,0.013713554479181767,634257,12.852936979134878,0.0875,0.44305555555555554,0.24444444444444444,0.08333333333333333,0.14166666666666666
882,720,0.01,0.3149008209014183,0.6692940640168366,347,3.1736337672327866e-05,0.013638895004987717,634977,12.867467331886292,0.08333333333333333,0.45,0.29583333333333334,0.05138888888888889,0.11944444444444445
883,720,0.01,1.128782746874596,3.0868836950041647,431,3.278260811043765e-05,0.013822347857058048,635697,12.882291042804718,0.18472222222222223,0.3763888888888889,0.1986111111111111,0.08888888888888889,0.15138888888888888
884,720,0.01,-0.06217884002335939,0.10083739677030623,297,3.341361445766072e-05,0.013803851790726185,636417,12.89673579931259,0.0625,0.4513888888888889,0.3194444444444444,0.043055555555555555,0.12361111111111112
885,720,0.01,0.06169442481641376,0.27978798157389884,326,3.352435335525823e-05,0.01357654482126236,637137,12.908861295382183,0.07222222222222222,0.4527777777777778,0.31527777777777777,0.05555555555555555,0.10416666666666667
886,720,0.01,0.22184037822774152,0.4785921399117514,317,3.340501369216832e-05,0.013201527297496796,637857,12.924018510182698,0.043055555555555555,0.4888888888888889,0.30416666666666664,0.04583333333333333,0.11805555555555555
887,720,0.01,-0.034047089729222824,0.08567608230885582,238,3.5908967487330304e-05,0.01413569226861,638577,12.937121212482452,0.04722222222222222,0.4777777777777778,0.3597222222222222,0.04583333333333333,0.06944444444444445
888,720,0.01,1.0553330738490674,2.6503865782997007,383,3.400461212347889e-05,0.014090080745518208,639297,12.95169537862142,0.11527777777777778,0.3527777777777778,0.29444444444444445,0.08055555555555556,0.15694444444444444
889,720,0.01,1.0901665586121918,2.894894366264968,411,3.443380320946845e-05,0.013230301439762115,640017,12.966874345143635,0.12222222222222222,0.37777777777777777,0.22777777777777777,0.10416666666666667,0.16805555555555557
890,720,0.01,0.827536261311098,1.9082056076369263,414,3.383507231041626e-05,0.013518521562218666,640737,12.980973112583161,0.09444444444444444,0.4166666666666667,0.2375,0.10555555555555556,0.14583333333333334
891,720,0.01,0.8452122789603513,2.144680449036252,458,3.43355092607251e-05,0.013000193983316422,641457,13.007687862714132,0.19166666666666668,0.3416666666666667,0.22916666666666666,0.08472222222222223,0.1527777777777778
892,720,0.01,0.10591445141143195,0.3095249677488032,318,3.39974413552429e-05,0.013120518065989017,642177,13.023224413394928,0.06805555555555555,0.40555555555555556,0.35555555555555557,0.06944444444444445,0.10138888888888889
893,720,0.01,-0.16510197989376357,0.030091898500066883,379,3.354127824574486e-05,0.013010757975280285,642897,13.039332731564839,0.09722222222222222,0.4263888888888889,0.31805555555555554,0.08888888888888889,0.06944444444444445
894,720,0.01,0.553206505042783,1.1451436182694716,400,3.323240713876253e-05,0.013105148449540138,643617,13.053909262021383,0.10138888888888889,0.4305555555555556,0.30277777777777776,0.05138888888888889,0.11388888888888889
895,720,0.01,0.6802478402799852,1.6691173581300243,470,3.2345828083180093e-05,0.012923402711749077,644337,13.071180816491445,0.15138888888888888,0.31666666666666665,0.25833333333333336,0.1125,0.16111111111111112
896,720,0.01,1.200656818341926,3.278732489164458,397,3.825440474227233e-05,0.012581983581185341,645057,13.087642526626587,0.13472222222222222,0.37083333333333335,0.2791666666666667,0.07083333333333333,0.14444444444444443
897,720,0.01,0.22914897602969045,0.5221883082984686,336,3.494613843978793e-05,0.01296144723892212,645777,13.102904061476389,0.09722222222222222,0.4166666666666667,0.3277777777777778,0.06527777777777778,0.09305555555555556
898,720,0.01,0.1816373673174625,0.5440168539557586,421,3.773092355585403e-05,0.013252653181552887,646497,13.117482964197794,0.12777777777777777,0.4222222222222222,0.2625,0.07083333333333333,0.11666666666666667
899,720,0.01,0.20930766597162812,0.5023907399857861,379,3.5618553999307146e-05,0.013200616464018822,647217,13.135077913602194,0.06527777777777778,0.4041666666666667,0.3236111111111111,0.08333333333333333,0.12361111111111112
900,720,0.01,0.26327308143289574,0.6417669681386149,394,3.436266040984669e-05,0.013168321922421455,647937,13.149587913354237,0.07916666666666666,0.40555555555555556,0.26805555555555555,0.07777777777777778,0.16944444444444445
901,720,0.01,0.262264659880565,0.5492402661245683,329,3.477277799296038e-05,0.01392347738146782,648657,13.174884947141011,0.0625,0.4152777777777778,0.3819444444444444,0.058333333333333334,0.08194444444444444
902,720,0.01,0.2583828946051842,0.4842103717019588,267,3.135884934850866e-05,0.01331914123147726,649377,13.189535895983378,0.06805555555555555,0.44305555555555554,0.37777777777777777,0.06111111111111111,0.05
903,720,0.01,0.193258309400946,0.4918370938623271,338,3.237551967458785e-05,0.013002529740333557,650097,13.204821296532948,0.09861111111111111,0.42083333333333334,0.31527777777777777,0.06666666666666667,0.09861111111111111
904,720,0.01,0.2346610821077329,0.5479184332924467,371,3.3017209301533515e-05,0.012587773613631725,650817,13.220301393667857,0.09722222222222222,0.38055555555555554,0.34444444444444444,0.0763888888888889,0.10138888888888889
905,720,0.01,0.22403272978548627,0.4759217793969579,299,3.332601488889648e-05,0.01339765265583992,651537,13.2352197488149,0.059722222222222225,0.46111111111111114,0.3194444444444444,0.0375,0.12222222222222222
906,720,0.01,0.07028167632473792,0.2567533338281127,291,3.22507045470704e-05,0.013497813604772091,652257,13.248798497517903,0.0763888888888889,0.5291666666666667,0.2625,0.06805555555555555,0.06388888888888888
907,720,0.01,0.0734304081600643,0.2578833257621822,320,3.0248808932734998e-05,0.012968115508556366,652977,13.263012711207072,0.06666666666666667,0.41805555555555557,0.3819444444444444,0.0625,0.07083333333333333
908,720,0.01,0.2155324490483259,0.47150023596524937,339,3.025543523259936e-05,0.012997262179851532,653697,13.279269909858703,0.075,0.45555555555555555,0.31527777777777777,0.0625,0.09166666666666666
909,720,0.01,0.09057149425989595,0.3398685260482799,364,3.140233456330558e-05,0.01345272921025753,654417,13.297407062848409,0.08611111111111111,0.4125,0.32916666666666666,0.058333333333333334,0.11388888888888889
910,720,0.01,0.7673593247619543,1.6700823770447104,394,2.9906875082967113e-05,0.01255176030099392,655137,13.311257247130076,0.10416666666666667,0.39444444444444443,0.3277777777777778,0.058333333333333334,0.11527777777777778
911,720,0.01,0.768784935185084,1.872793597269495,461,3.3283706408029605e-05,0.013074147514998913,655857,13.342377730210622,0.13055555555555556,0.325,0.2625,0.12222222222222222,0.1597222222222222
912,720,0.01,0.29056430023565166,0.6267176944366353,348,3.2757517888310556e-05,0.012937834486365318,656577,13.358410147825877,0.075,0.36944444444444446,0.3458333333333333,0.07222222222222222,0.1375
913,720,0.01,0.030357177592294636,0.1881021208913085,282,3.11227937048544e-05,0.012511065229773521,657297,13.373375598589579,0.05,0.4083333333333333,0.4041666666666667,0.06111111111111111,0.0763888888888889
914,720,0.01,1.227319563441863,3.359335177204816,403,3.18920559872519e-05,0.01236729510128498,658017,13.389060878753662,0.12083333333333333,0.3055555555555556,0.30972222222222223,0.10138888888888889,0.1625
915,720,0.01,0.14693192483567938,0.3773783208687278,308,3.359717377659561e-05,0.012567361816763878,658737,13.402222895622254,0.07083333333333333,0.44583333333333336,0.28194444444444444,0.1,0.10138888888888889
916,720,0.01,0.5973835081204942,1.3411295067931395,407,3.164444898718304e-05,0.013210847973823547,659457,13.419358678658803,0.10277777777777777,0.37083333333333335,0.2791666666666667,0.09166666666666666,0.15555555555555556
917,720,0.01,-0.09904641165545153,0.07192231036133445,289,3.316975713561179e-05,0.012804204598069191,660177,13.43527941306432,0.043055555555555555,0.3611111111111111,0.3347222222222222,0.09861111111111111,0.1625
918,720,0.01,0.3452350203986766,0.7185570604590421,335,3.207783950705966e-05,0.012493363581597805,660897,13.450554394721985,0.07222222222222222,0.4125,0.31666666666666665,0.08055555555555556,0.11805555555555555
919,720,0.01,0.7898858346767839,1.8274799408492446,409,3.2329858385082844e-05,0.01271987147629261,661617,13.464874343077343,0.10972222222222222,0.40694444444444444,0.24722222222222223,0.10277777777777777,0.13333333333333333
920,720,0.01,-0.023467272164627892,0.15723406119688144,321,3.190668579943829e-05,0.01280007604509592,662337,13.479062879085541,0.06666666666666667,0.39166666666666666,0.41388888888888886,0.0625,0.06527777777777778
921,720,0.01,0.5804488634135953,1.2596249844102023,376,3.1449780149412414e-05,0.013342931866645813,663057,13.50758779446284,0.09444444444444444,0.375,0.30833333333333335,0.0763888888888889,0.14583333333333334
922,720,0.01,0.7134200080770354,1.772972939654566,458,3.226999439031412e-05,0.013368183746933937,663777,13.523430029551188,0.15138888888888888,0.37222222222222223,0.23194444444444445,0.08333333333333333,0.16111111111111112
923,720,0.01,0.4754684324715054,1.119581010239009,460,3.322041035984411e-05,0.013329675421118736,664497,13.538604295253753,0.14583333333333334,0.35555555555555557,0.28194444444444444,0.08055555555555556,0.1361111111111111
924,720,0.01,-0.07666907334616875,0.10969025480104033,357,3.127630297525583e-05,0.013331260532140732,665217,13.553811915715535,0.05694444444444444,0.37083333333333335,0.41944444444444445,0.0763888888888889,0.0763888888888889
925,720,0.01,0.5805699796122984,1.2212497315076996,361,3.136516183543689e-05,0.01365202572196722,665937,13.56884327729543,0.1,0.3736111111111111,0.31527777777777777,0.08611111111111111,0.125
926,720,0.01,0.2616653712964988,0.5713189642638514,327,3.196693146365861e-05,0.013649003580212593,666657,13.582698849836985,0.06666666666666667,0.4652777777777778,0.275,0.075,0.11805555555555555
927,720,0.01,0.030051113016028506,0.2564636060228216,352,3.0011766894707156e-05,0.013804000802338123,667377,13.598148878415426,0.09166666666666666,0.4083333333333333,0.3458333333333333,0.06111111111111111,0.09305555555555556
928,720,0.01,0.5408869182962305,1.1040980979641115,354,3.2123802683751515e-05,0.013663085177540779,668097,13.612641294797262,0.10555555555555556,0.3194444444444444,0.4041666666666667,0.06388888888888888,0.10694444444444444
929,720,0.01,0.10016984581710761,0.2945586753288443,315,2.9508666705169163e-05,0.012936355546116829,668817,13.627835945288341,0.06111111111111111,0.3680555555555556,0.39861111111111114,0.09444444444444444,0.07777777777777778
930,720,0.01,0.7467907588174859,1.687310176119103,392,3.170137361697319e-05,0.013626918196678162,669537,13.642256430784862,0.11388888888888889,0.3611111111111111,0.29444444444444445,0.08888888888888889,0.14166666666666666
931,720,0.01,0.27614950169699487,0.5626756334149798,319,3.134699988246818e-05,0.014097003266215324,670257,13.667428565025329,0.05277777777777778,0.4513888888888889,0.32222222222222224,0.05694444444444444,0.11666666666666667
932,720,0.01,0.5703268638214527,1.2030149716416196,383,3.1760956212818e-05,0.013689530082046986,670977,13.682950564225514,0.11388888888888889,0.35694444444444445,0.33194444444444443,0.07083333333333333,0.12638888888888888
933,720,0.01,0.23630682039336973,0.5465966704839866,348,3.233456416561846e-05,0.013763634487986565,671697,13.698731879393259,0.0625,0.3347222222222222,0.38472222222222224,0.06527777777777778,0.1527777777777778
934,720,0.01,0.15481224706992336,0.3703446082388624,296,3.138986867649388e-05,0.013713471591472626,672417,13.7142844637235,0.05138888888888889,0.4236111111111111,0.3680555555555556,0.059722222222222225,0.09722222222222222
935,720,0.01,0.7446181212957161,1.7397539615015036,436,3.0968882463690127e-05,0.013449247926473618,673137,13.729230844974518,0.10555555555555556,0.3277777777777778,0.2902777777777778,0.125,0.15138888888888888
936,720,0.01,0.5793507212117481,1.2758434278466395,407,3.2811077930242996e-05,0.013364232145249844,673857,13.743977264563243,0.10833333333333334,0.3416666666666667,0.3416666666666667,0.058333333333333334,0.15
937,720,0.01,0.6237952670077308,1.462175397269848,456,3.425020585533882e-05,0.014011108316481113,674577,13.75936138232549,0.1388888888888889,0.275,0.33194444444444443,0.09305555555555556,0.16111111111111112
938,720,0.01,0.13115843347982745,0.39501955553513124,365,3.2683616721998176e-05,0.013232498429715633,675297,13.774192909399668,0.07777777777777778,0.3597222222222222,0.37083333333333335,0.07916666666666666,0.1125
939,720,0.01,0.48262035760355987,1.134794432717642,434,3.342434256789299e-05,0.013650578446686268,676017,13.793013497193654,0.12361111111111112,0.3388888888888889,0.2902777777777778,0.07916666666666666,0.16805555555555557
940,720,0.01,1.1466942449103512,3.1493190851380986,413,3.222858591508763e-05,0.013364069163799286,676737,13.808902847766877,0.12777777777777777,0.3055555555555556,0.31527777777777777,0.07916666666666666,0.17222222222222222
941,720,0.01,1.1284328362711546,3.0783106091053263,421,3.263715439692937e-05,0.012954708188772202,677457,13.836374811331432,0.18055555555555555,0.2986111111111111,0.27361111111111114,0.08888888888888889,0.15833333333333333
942,720,0.01,0.19890729772927299,0.5654249140725478,398,3.443546604178967e-05,0.013073890469968319,678177,13.849690194924673,0.12361111111111112,0.3333333333333333,0.32222222222222224,0.07916666666666666,0.14166666666666666
943,720,0.01,0.3832529389668117,0.8344650974168248,384,3.4030042963372075e-05,0.013398573733866215,678897,13.866599011421204,0.08888888888888889,0.43194444444444446,0.2375,0.08888888888888889,0.1527777777777778
944,720,0.01,0.2389292024351456,0.6030838852735787,401,3.282216076109358e-05,0.013302743434906006,679617,13.884356347719828,0.10277777777777777,0.3236111111111111,0.36527777777777776,0.06666666666666667,0.14166666666666666
945,720,0.01,0.1356347422909353,0.401278090981557,351,3.4165412655637636e-05,0.013636644929647446,680337,13.89964143037796,0.075,0.3486111111111111,0.3736111111111111,0.06666666666666667,0.1361111111111111
946,720,0.01,1.3093384033158553,3.9029565627834604,444,3.270573919849085e-05,0.012842039577662945,681057,13.91425001223882,0.18472222222222223,0.2611111111111111,0.275,0.09305555555555556,0.18611111111111112
947,720,0.01,0.7637850923701753,1.6380370327019227,364,3.0273695665528065e-05,0.012853661552071571,681777,13.932113460699718,0.09861111111111111,0.2722222222222222,0.4263888888888889,0.08333333333333333,0.11944444444444445
948,720,0.01,-0.07423229909641314,0.11769407452262692,328,3.511873212952802e-05,0.013519305735826492,682497,13.947664896647135,0.07222222222222222,0.3541666666666667,0.4166666666666667,0.05555555555555555,0.10138888888888889
949,720,0.01,0.21016346533682084,0.4879710273238371,343,3.234476750498693e-05,0.01334022544324398,683217,13.962174880504609,0.08888888888888889,0.3541666666666667,0.38472222222222224,0.09027777777777778,0.08194444444444444
950,720,0.01,0.276177924526785,0.5764538478873491,305,3.308211125651421e-05,0.013632392510771751,683937,13.977111113071441,0.06944444444444445,0.3138888888888889,0.40555555555555556,0.05138888888888889,0.1597222222222222
951,720,0.01,0.9685209663512765,2.341002682746085,362,3.229885949293829e-05,0.013437626883387566,684657,14.005727962652843,0.1,0.3111111111111111,0.3277777777777778,0.0763888888888889,0.18472222222222223
952,720,0.01,0.5441414558726547,1.1509109624606082,391,3.3134355079609024e-05,0.012888619676232338,685377,14.02217698097229,0.10833333333333334,0.29305555555555557,0.3888888888888889,0.09583333333333334,0.11388888888888889
953,720,0.01,0.44650561754797496,0.9189067398687252,356,2.9914054827410534e-05,0.012920297682285309,686097,14.034562798341115,0.12083333333333333,0.2875,0.41944444444444445,0.06388888888888888,0.10833333333333334
954,720,0.01,0.5413437962159962,1.0716466957334863,346,3.181016968609482e-05,0.013093003071844578,686817,14.04959539969762,0.08472222222222223,0.31805555555555554,0.4263888888888889,0.05555555555555555,0.11527777777777778
955,720,0.01,0.07167942615855144,0.2407045778091359,277,3.0317711036786932e-05,0.01273044291883707,687537,14.064352377255757,0.05555555555555555,0.325,0.5013888888888889,0.041666666666666664,0.0763888888888889
956,720,0.01,0.05464026746797327,0.23077034177247424,285,3.2277915813791775e-05,0.013253760524094105,688257,14.078892048199972,0.0625,0.3486111111111111,0.39444444444444443,0.06111111111111111,0.13333333333333333
957,720,0.01,0.8964721950331398,2.1715556062108834,424,3.0686704217765106e-05,0.01331953052431345,688977,14.093615579605103,0.10694444444444444,0.3263888888888889,0.30416666666666664,0.10277777777777777,0.1597222222222222
958,720,0.01,0.5920973235568802,1.2582661386617633,379,3.052470863672675e-05,0.013170390389859676,689697,14.106982179482777,0.09305555555555556,0.31805555555555554,0.39305555555555555,0.06388888888888888,0.13194444444444445
959,720,0.01,0.7626812459308754,1.6589498349017302,365,3.1770498568069644e-05,0.013388440944254398,690417,14.121446681022643,0.11388888888888889,0.3638888888888889,0.3055555555555556,0.09305555555555556,0.12361111111111112
960,720,0.01,0.19326601102127375,0.4937145601912789,362,3.212941432795762e-05,0.013299284502863884,691137,14.134130664666493,0.0763888888888889,0.35694444444444445,0.39861111111111114,0.06111111111111111,0.10694444444444444
961,720,0.01,-0.062236491060244856,0.09720222606574258,304,3.156656360690451e-05,0.013739077374339104,691857,14.163012011845906,0.06666666666666667,0.41805555555555557,0.4013888888888889,0.044444444444444446,0.06944444444444445
962,720,0.01,0.4392003375531834,0.8481780898692779,327,3.2444508065054833e-05,0.013566064648330212,692577,14.17958957751592,0.059722222222222225,0.38472222222222224,0.3875,0.06111111111111111,0.10694444444444444
963,720,0.01,0.3574755374771451,0.8238972128810762,396,3.3420523127208275e-05,0.013705759309232235,693297,14.193645779291789,0.11805555555555555,0.3819444444444444,0.29583333333333334,0.06111111111111111,0.14305555555555555
964,720,0.01,0.4200938560580572,0.9090273204947716,384,3.18518279685678e-05,0.01344042643904686,694017,14.206464183330535,0.11388888888888889,0.3236111111111111,0.3486111111111111,0.08055555555555556,0.13333333333333333
965,720,0.01,0.4918693979879364,1.078963387286365,397,3.330022810814626e-05,0.014060869812965393,694737,14.220829530556996,0.12222222222222222,0.34305555555555556,0.3333333333333333,0.07777777777777778,0.12361111111111112
966,720,0.01,0.2925284901893968,0.6757796005979371,369,3.3835461848260215e-05,0.013587393797934055,695457,14.23449564774831,0.11805555555555555,0.2902777777777778,0.3819444444444444,0.06527777777777778,0.14444444444444443
967,720,0.01,0.6528704700321379,1.5202811683266586,448,3.246125282001028e-05,0.013273688033223152,696177,14.250401031970977,0.12361111111111112,0.28194444444444444,0.33611111111111114,0.09722222222222222,0.16111111111111112
968,720,0.01,0.2850415161752108,0.6758014294214145,380,3.222846143242148e-05,0.013346920721232891,696897,14.26711106300354,0.08611111111111111,0.37916666666666665,0.3333333333333333,0.06944444444444445,0.13194444444444445
969,720,0.01,0.4034819346100803,0.808923531924463,353,3.217320720396957e-05,0.013428967446088791,697617,14.281735996405283,0.06666666666666667,0.3388888888888889,0.39861111111111114,0.08472222222222223,0.1111111111111111
970,720,0.01,0.9138023883413677,2.247230204941594,413,3.112553494462291e-05,0.01332823932170868,698337,14.296616113185882,0.14722222222222223,0.3236111111111111,0.2847222222222222,0.08472222222222223,0.1597222222222222
971,720,0.01,0.3764905663811425,0.8134671517197201,380,3.252262976679453e-05,0.013389869593083858,699057,14.324470182259878,0.09861111111111111,0.26666666666666666,0.4166666666666667,0.07361111111111111,0.14444444444444443
972,720,0.01,0.8434269776826816,1.945200739746738,380,3.2912090306227685e-05,0.012772100046277046,699777,14.338281432787577,0.12361111111111112,0.30416666666666664,0.35138888888888886,0.058333333333333334,0.1625
973,720,0.01,0.01134310763977288,0.20845551167800247,345,3.184576876265055e-05,0.012822341173887253,700497,14.353147399425506,0.07361111111111111,0.2638888888888889,0.4930555555555556,0.07361111111111111,0.09583333333333334
974,720,0.01,-0.10613409537361897,0.040151010094445994,278,3.35699331496168e-05,0.013138549402356148,701217,14.367824025948842,0.04027777777777778,0.2986111111111111,0.45,0.0625,0.1486111111111111
975,720,0.01,1.0503200567668802,2.7464924543492333,427,3.4149034711895685e-05,0.013447046279907227,701937,14.381377065181733,0.17916666666666667,0.25277777777777777,0.2986111111111111,0.10555555555555556,0.1638888888888889
976,720,0.01,0.7890614505400705,1.717769346204003,365,3.422889943244122e-05,0.013552860356867313,702657,14.398717963695526,0.09166666666666666,0.30277777777777776,0.38055555555555554,0.08888888888888889,0.1361111111111111
977,720,0.01,0.08415046286618166,0.3010224597937545,371,3.377483489417601e-05,0.013741698116064072,703377,14.414710013071696,0.05694444444444444,0.3680555555555556,0.3819444444444444,0.1,0.09305555555555556
978,720,0.01,-0.00835795899426735,0.13274290497533503,257,3.374400594174808e-05,0.013048936612904072,704097,14.429555630683899,0.043055555555555555,0.4125,0.3611111111111111,0.044444444444444446,0.1388888888888889
979,720,0.01,0.004318588089572975,0.2036018322607156,359,3.45406965354616e-05,0.013468235731124878,704817,14.444422729810078,0.0763888888888889,0.3125,0.45416666666666666,0.07361111111111111,0.08333333333333333
980,720,0.01,-0.05898054828572881,0.13203789086261053,329,3.2889630102772574e-05,0.013523404486477375,705537,14.460138046741486,0.059722222222222225,0.2791666666666667,0.4263888888888889,0.09861111111111111,0.1361111111111111
981,720,0.01,-0.009897979592113372,0.11026865814985043,236,3.352314352266856e-05,0.012969553470611572,706257,14.485403295358022,0.03888888888888889,0.42916666666666664,0.39444444444444443,0.04722222222222222,0.09027777777777778
982,720,0.01,-0.04236123569151102,0.12568165116059582,319,3.10703909425077e-05,0.01354118250310421,706977,14.499670048554739,0.05555555555555555,0.31805555555555554,0.4638888888888889,0.07916666666666666,0.08333333333333333
983,720,0.01,1.0550621310299997,2.74646276075349,438,3.159222452811466e-05,0.013469118624925613,707697,14.514715345700582,0.15555555555555556,0.2569444444444444,0.35,0.09305555555555556,0.14444444444444443
984,720,0.01,0.2780550673037629,0.6833823403991155,404,3.241386808162537e-05,0.013361918739974499,708417,14.529709796110788,0.10555555555555556,0.3125,0.38055555555555554,0.09166666666666666,0.10972222222222222
985,720,0.01,0.0318655332882238,0.2717139191425322,387,3.485687617386348e-05,0.013442724011838436,709137,14.544175446033478,0.1,0.2986111111111111,0.4388888888888889,0.08472222222222223,0.07777777777777778
986,720,0.01,0.5053896775388159,1.0490774706344381,368,3.4895040844023446e-05,0.013409342616796494,709857,14.561891043186188,0.09861111111111111,0.3680555555555556,0.3625,0.05,0.12083333333333333
987,720,0.01,0.5130688027498406,1.156677413158858,437,3.2852606261712934e-05,0.012728981673717499,710577,14.577363578478495,0.14305555555555555,0.26666666666666666,0.38055555555555554,0.09722222222222222,0.1125
988,720,0.01,0.047982191581437406,0.2401498158855655,317,3.353624681368375e-05,0.01292741484940052,711297,14.591331760088602,0.06805555555555555,0.3597222222222222,0.30972222222222223,0.11388888888888889,0.1486111111111111
989,720,0.01,-0.09926717055837632,0.006252293941670262,217,3.326090030921276e-05,0.012749768793582916,712017,14.605165680249533,0.027777777777777776,0.3958333333333333,0.46805555555555556,0.03611111111111111,0.07222222222222222
990,720,0.01,0.5602813915800012,1.1935722769189523,377,3.176858477268575e-05,0.013007077388465405,712737,14.61970649957657,0.12777777777777777,0.3263888888888889,0.3625,0.0625,0.12083333333333333
991,720,0.01,0.9770527774907378,2.412867262704589,408,3.2848139017637044e-05,0.012942932546138763,713457,14.646795443693797,0.1361111111111111,0.2763888888888889,0.32916666666666666,0.09583333333333334,0.1625
992,720,0.01,0.9441937815716324,2.268050996145313,412,3.26174648812917e-05,0.013440961018204689,714177,14.661239079634349,0.10555555555555556,0.3111111111111111,0.29583333333333334,0.13055555555555556,0.15694444444444444
993,720,0.01,0.08850549134100498,0.2930522273305749,319,3.3962704179025926e-05,0.013031615875661373,714897,14.67436584631602,0.05,0.325,0.42777777777777776,0.1,0.09722222222222222
994,720,0.01,0.031039434509995422,0.22603996456842568,322,3.093224575978739e-05,0.01383665669709444,715617,14.68847723007202,0.05555555555555555,0.3125,0.425,0.12361111111111112,0.08333333333333333
995,720,0.01,0.06769627094053424,0.26010653747501356,315,2.9202447382835492e-05,0.012887035496532917,716337,14.703782896200815,0.0625,0.30972222222222223,0.49583333333333335,0.06805555555555555,0.06388888888888888
996,720,0.01,0.15523020085734615,0.4003611965164746,324,3.1170235149602374e-05,0.01255021058022976,717057,14.718807097276052,0.10416666666666667,0.4027777777777778,0.36527777777777776,0.04722222222222222,0.08055555555555556
997,720,0.01,0.178466804263653,0.47177153971546715,385,2.9968336443491554e-05,0.012677624821662903,717777,14.731896777947744,0.11805555555555555,0.35694444444444445,0.375,0.06944444444444445,0.08055555555555556
998,720,0.01,0.08786573281164431,0.26790474735598857,294,2.8948285423919313e-05,0.012751663103699684,718497,14.746086049079896,0.058333333333333334,0.36527777777777776,0.4375,0.075,0.06388888888888888
999,720,0.01,0.6220269308661057,1.378635326171275,393,3.112633819581687e-05,0.012384654954075813,719217,14.76223971048991,0.12083333333333333,0.3375,0.28888888888888886,0.07777777777777778,0.175
1000,720,0.01,0.30477765710794646,0.6989792968225819,412,2.9759444945890815e-05,0.01267971284687519,719937,14.779360846678417,0.10694444444444444,0.31805555555555554,0.34444444444444444,0.11944444444444445,0.1111111111111111
1001,720,0.01,0.4599886480155356,0.9615572008182554,412,3.1569636051800546e-05,0.012697013095021248,720657,14.810711395740508,0.10277777777777777,0.30416666666666664,0.39305555555555555,0.09722222222222222,0.10277777777777777
1002,720,0.01,0.08399983225501526,0.2579706562050099,299,2.9748230289467553e-05,0.012942725792527199,721377,14.826053349177043,0.05138888888888889,0.31805555555555554,0.48194444444444445,0.06666666666666667,0.08194444444444444
1003,720,0.01,0.5978242180287673,1.2791993477550605,403,3.1407164378707524e-05,0.013177305459976196,722097,14.841279248396555,0.0763888888888889,0.34305555555555556,0.3472222222222222,0.09305555555555556,0.14027777777777778
1004,720,0.01,0.31605838111614803,0.6670546407337501,346,3.254661722406935e-05,0.012699699960649014,722817,14.857314761479696,0.05694444444444444,0.3402777777777778,0.41944444444444445,0.06527777777777778,0.11805555555555555
1005,720,0.01,0.17194746649871645,0.4794900483847204,391,3.092673374504153e-05,0.013247045688331127,723537,14.871761047840119,0.12638888888888888,0.3486111111111111,0.3597222222222222,0.0625,0.10277777777777777
1006,720,0.01,0.4131173997020738,0.9167238485114042,420,3.136871452195717e-05,0.013037140481173992,724257,14.887519431114196,0.10833333333333334,0.32222222222222224,0.35833333333333334,0.08888888888888889,0.12222222222222222
1007,720,0.01,0.2074385395416985,0.391578256762269,228,2.8850757674566316e-05,0.012666022405028343,724977,14.90041686296463,0.07222222222222222,0.4652777777777778,0.3402777777777778,0.058333333333333334,0.06388888888888888
1008,720,0.01,0.10723165153380443,0.2991778632607933,289,2.8503464581161906e-05,0.012779866345226765,725697,14.915083515644074,0.06944444444444445,0.34305555555555556,0.43333333333333335,0.03888888888888889,0.11527777777777778
1009,720,0.01,0.04439861725660424,0.22188972742756685,316,2.9526780467550554e-05,0.012515425682067871,726417,14.928988643487294,0.06527777777777778,0.37916666666666665,0.4444444444444444,0.04722222222222222,0.06388888888888888
1010,720,0.01,0.3668421067369579,0.9080697075936559,446,2.8931889490498484e-05,0.012017175555229187,727137,14.943626244862875,0.15416666666666667,0.33611111111111114,0.2763888888888889,0.09444444444444444,0.1388888888888889
1011,720,0.01,0.0847349337388356,0.27122999749397914,314,2.886568370033476e-05,0.011969693005084991,727857,14.969652128219604,0.05694444444444444,0.41805555555555557,0.33611111111111114,0.09722222222222222,0.09166666666666666
1012,720,0.01,0.3957526832592998,0.8107709308808075,359,2.873935275084073e-05,0.012247424572706223,728577,14.983286277453105,0.08194444444444444,0.3972222222222222,0.3333333333333333,0.07222222222222222,0.11527777777777778
1013,720,0.01,0.7190841943217271,1.5051138793496213,357,3.075216900975243e-05,0.012183699756860733,729297,14.997316781679789,0.08611111111111111,0.3527777777777778,0.37222222222222223,0.0625,0.12638888888888888
