Downloaded data: 9,672 candles, 2025-08-10 00:00:00+00:00 to 2026-09-16 23:00:00+00:00; no missing hours
dev_train: 7,296 candles, 2025-08-17 00:00:00+00:00 to 2026-06-16 23:00:00+00:00; no missing hours
val: 1,464 candles, 2026-06-17 00:00:00+00:00 to 2026-08-16 23:00:00+00:00; no missing hours
eval: 744 candles, 2026-08-17 00:00:00+00:00 to 2026-09-16 23:00:00+00:00; no missing hours
episode   1/1013  eps 1.000  train return  -29.04%  loss 9.35e-04  maxQ +0.1982  changes   590  0.0 min
episode   2/1013  eps 0.991  train return  +10.76%  loss 6.39e-05  maxQ +0.2032  changes   569  0.0 min
episode   3/1013  eps 0.982  train return   -6.28%  loss 5.13e-05  maxQ +0.2100  changes   569  0.0 min
episode   4/1013  eps 0.973  train return   -8.66%  loss 4.59e-05  maxQ +0.2095  changes   587  0.0 min
episode   5/1013  eps 0.964  train return  +20.46%  loss 4.41e-05  maxQ +0.2150  changes   598  0.0 min
episode   6/1013  eps 0.955  train return  -35.92%  loss 4.65e-05  maxQ +0.2160  changes   574  0.0 min
episode   7/1013  eps 0.947  train return   -4.47%  loss 5.30e-05  maxQ +0.2183  changes   569  0.0 min
episode   8/1013  eps 0.938  train return   -7.77%  loss 5.43e-05  maxQ +0.2201  changes   572  0.1 min
episode   9/1013  eps 0.929  train return   +7.27%  loss 5.21e-05  maxQ +0.2273  changes   567  0.1 min
episode  10/1013  eps 0.921  train return  -13.91%  loss 5.24e-05  maxQ +0.2336  changes   568  0.1 min | val return +5.51% (best +5.51%)
episode  11/1013  eps 0.913  train return   -6.55%  loss 5.32e-05  maxQ +0.2383  changes   550  0.1 min
episode  12/1013  eps 0.904  train return  -19.19%  loss 5.07e-05  maxQ +0.2434  changes   561  0.1 min
episode  13/1013  eps 0.896  train return  +17.21%  loss 4.99e-05  maxQ +0.2469  changes   579  0.1 min
episode  14/1013  eps 0.888  train return   -6.06%  loss 4.81e-05  maxQ +0.2491  changes   568  0.1 min
episode  15/1013  eps 0.880  train return  -12.47%  loss 4.67e-05  maxQ +0.2599  changes   596  0.1 min
episode  16/1013  eps 0.872  train return  -16.72%  loss 4.88e-05  maxQ +0.2590  changes   568  0.1 min
episode  17/1013  eps 0.864  train return   +6.37%  loss 5.31e-05  maxQ +0.2575  changes   563  0.1 min
episode  18/1013  eps 0.856  train return   -5.04%  loss 5.44e-05  maxQ +0.2597  changes   573  0.1 min
episode  19/1013  eps 0.848  train return  -10.06%  loss 5.15e-05  maxQ +0.2617  changes   572  0.1 min
episode  20/1013  eps 0.841  train return  -16.01%  loss 4.91e-05  maxQ +0.2601  changes   563  0.1 min | val return -35.77% (best +5.51%)
episode  21/1013  eps 0.833  train return  +40.15%  loss 5.00e-05  maxQ +0.2582  changes   568  0.2 min
episode  22/1013  eps 0.825  train return  -34.34%  loss 5.06e-05  maxQ +0.2568  changes   558  0.2 min
episode  23/1013  eps 0.818  train return  -37.57%  loss 5.18e-05  maxQ +0.2569  changes   594  0.2 min
episode  24/1013  eps 0.810  train return   -2.46%  loss 5.63e-05  maxQ +0.2657  changes   560  0.2 min
episode  25/1013  eps 0.803  train return   -8.91%  loss 5.05e-05  maxQ +0.2643  changes   569  0.2 min
episode  26/1013  eps 0.796  train return  -13.33%  loss 4.78e-05  maxQ +0.2679  changes   572  0.2 min
episode  27/1013  eps 0.788  train return  -31.70%  loss 5.18e-05  maxQ +0.2677  changes   568  0.2 min
episode  28/1013  eps 0.781  train return  -23.77%  loss 4.82e-05  maxQ +0.2640  changes   580  0.2 min
episode  29/1013  eps 0.774  train return   +9.38%  loss 4.86e-05  maxQ +0.2717  changes   566  0.2 min
episode  30/1013  eps 0.767  train return  -18.76%  loss 5.04e-05  maxQ +0.2754  changes   539  0.2 min | val return +4.47% (best +5.51%)
episode  31/1013  eps 0.760  train return   +0.50%  loss 5.01e-05  maxQ +0.2748  changes   580  0.2 min
episode  32/1013  eps 0.753  train return   +5.39%  loss 4.81e-05  maxQ +0.2757  changes   568  0.2 min
episode  33/1013  eps 0.746  train return  -11.75%  loss 4.97e-05  maxQ +0.2810  changes   566  0.2 min
episode  34/1013  eps 0.740  train return   -0.36%  loss 4.60e-05  maxQ +0.2819  changes   571  0.2 min
episode  35/1013  eps 0.733  train return  -11.84%  loss 4.89e-05  maxQ +0.2853  changes   573  0.3 min
episode  36/1013  eps 0.726  train return  +17.13%  loss 4.69e-05  maxQ +0.2859  changes   554  0.3 min
episode  37/1013  eps 0.720  train return  +50.81%  loss 5.06e-05  maxQ +0.2820  changes   550  0.3 min
episode  38/1013  eps 0.713  train return  +22.84%  loss 4.84e-05  maxQ +0.2821  changes   546  0.3 min
episode  39/1013  eps 0.707  train return  +13.78%  loss 4.85e-05  maxQ +0.2790  changes   561  0.3 min
episode  40/1013  eps 0.700  train return  +12.57%  loss 5.10e-05  maxQ +0.2779  changes   559  0.3 min | val return -0.13% (best +5.51%)
episode  41/1013  eps 0.694  train return  +19.07%  loss 5.18e-05  maxQ +0.2818  changes   562  0.3 min
episode  42/1013  eps 0.687  train return   -1.86%  loss 5.22e-05  maxQ +0.2781  changes   554  0.3 min
episode  43/1013  eps 0.681  train return  -57.43%  loss 5.44e-05  maxQ +0.2763  changes   539  0.3 min
episode  44/1013  eps 0.675  train return  +12.89%  loss 6.46e-05  maxQ +0.2748  changes   515  0.3 min
episode  45/1013  eps 0.669  train return   +2.78%  loss 6.77e-05  maxQ +0.2766  changes   538  0.3 min
episode  46/1013  eps 0.663  train return   +6.25%  loss 6.33e-05  maxQ +0.2755  changes   528  0.3 min
episode  47/1013  eps 0.657  train return  -37.49%  loss 6.57e-05  maxQ +0.2726  changes   540  0.3 min
episode  48/1013  eps 0.651  train return  +18.78%  loss 6.48e-05  maxQ +0.2738  changes   555  0.4 min
episode  49/1013  eps 0.645  train return  -13.32%  loss 6.85e-05  maxQ +0.2720  changes   534  0.4 min
episode  50/1013  eps 0.639  train return   +6.78%  loss 6.41e-05  maxQ +0.2750  changes   523  0.4 min | val return -8.95% (best +5.51%)
episode  51/1013  eps 0.633  train return  -20.03%  loss 6.69e-05  maxQ +0.2796  changes   526  0.4 min
episode  52/1013  eps 0.627  train return  -23.92%  loss 7.11e-05  maxQ +0.2771  changes   538  0.4 min
episode  53/1013  eps 0.622  train return  -17.19%  loss 6.15e-05  maxQ +0.2786  changes   553  0.4 min
episode  54/1013  eps 0.616  train return   +8.32%  loss 6.55e-05  maxQ +0.2737  changes   565  0.4 min
episode  55/1013  eps 0.610  train return  -13.60%  loss 5.84e-05  maxQ +0.2712  changes   534  0.4 min
episode  56/1013  eps 0.605  train return  +15.74%  loss 6.48e-05  maxQ +0.2688  changes   532  0.4 min
episode  57/1013  eps 0.599  train return  -30.96%  loss 6.53e-05  maxQ +0.2752  changes   540  0.4 min
episode  58/1013  eps 0.594  train return  -20.35%  loss 6.81e-05  maxQ +0.2718  changes   543  0.4 min
episode  59/1013  eps 0.588  train return  -10.71%  loss 7.19e-05  maxQ +0.2720  changes   534  0.4 min
episode  60/1013  eps 0.583  train return  -16.87%  loss 6.34e-05  maxQ +0.2683  changes   530  0.4 min | val return -5.73% (best +5.51%)
episode  61/1013  eps 0.578  train return  -11.83%  loss 6.76e-05  maxQ +0.2683  changes   539  0.5 min
episode  62/1013  eps 0.573  train return   -5.53%  loss 6.95e-05  maxQ +0.2686  changes   530  0.5 min
episode  63/1013  eps 0.567  train return   -4.15%  loss 7.11e-05  maxQ +0.2648  changes   521  0.5 min
episode  64/1013  eps 0.562  train return   -9.86%  loss 7.29e-05  maxQ +0.2638  changes   533  0.5 min
episode  65/1013  eps 0.557  train return  -11.33%  loss 6.59e-05  maxQ +0.2623  changes   514  0.5 min
episode  66/1013  eps 0.552  train return  +52.59%  loss 7.38e-05  maxQ +0.2625  changes   499  0.5 min
episode  67/1013  eps 0.547  train return  -14.05%  loss 7.31e-05  maxQ +0.2622  changes   491  0.5 min
episode  68/1013  eps 0.542  train return  -29.96%  loss 7.47e-05  maxQ +0.2595  changes   526  0.5 min
episode  69/1013  eps 0.537  train return   +4.85%  loss 7.21e-05  maxQ +0.2632  changes   454  0.5 min
episode  70/1013  eps 0.532  train return   +0.13%  loss 7.34e-05  maxQ +0.2614  changes   492  0.5 min | val return +7.07% (best +7.07%)
episode  71/1013  eps 0.527  train return   +0.45%  loss 7.49e-05  maxQ +0.2655  changes   529  0.5 min
episode  72/1013  eps 0.523  train return  -22.54%  loss 7.04e-05  maxQ +0.2660  changes   475  0.5 min
episode  73/1013  eps 0.518  train return  -19.39%  loss 7.57e-05  maxQ +0.2625  changes   491  0.5 min
episode  74/1013  eps 0.513  train return  -14.72%  loss 7.48e-05  maxQ +0.2634  changes   521  0.6 min
episode  75/1013  eps 0.508  train return  -22.76%  loss 7.30e-05  maxQ +0.2591  changes   491  0.6 min
episode  76/1013  eps 0.504  train return   -0.46%  loss 7.44e-05  maxQ +0.2600  changes   505  0.6 min
episode  77/1013  eps 0.499  train return +131.12%  loss 7.35e-05  maxQ +0.2554  changes   542  0.6 min
episode  78/1013  eps 0.495  train return   -1.72%  loss 7.44e-05  maxQ +0.2539  changes   486  0.6 min
episode  79/1013  eps 0.490  train return   -8.78%  loss 7.80e-05  maxQ +0.2502  changes   501  0.6 min
episode  80/1013  eps 0.486  train return  +11.33%  loss 7.18e-05  maxQ +0.2469  changes   500  0.6 min | val return -8.83% (best +7.07%)
episode  81/1013  eps 0.481  train return   +5.86%  loss 7.70e-05  maxQ +0.2448  changes   460  0.6 min
episode  82/1013  eps 0.477  train return   +8.64%  loss 7.37e-05  maxQ +0.2466  changes   482  0.6 min
episode  83/1013  eps 0.473  train return  -23.79%  loss 7.29e-05  maxQ +0.2448  changes   505  0.6 min
episode  84/1013  eps 0.468  train return  +13.24%  loss 7.15e-05  maxQ +0.2449  changes   479  0.6 min
episode  85/1013  eps 0.464  train return   -4.07%  loss 7.57e-05  maxQ +0.2464  changes   471  0.6 min
episode  86/1013  eps 0.460  train return  -23.06%  loss 7.42e-05  maxQ +0.2462  changes   492  0.6 min
episode  87/1013  eps 0.456  train return  +24.99%  loss 7.86e-05  maxQ +0.2503  changes   513  0.6 min
episode  88/1013  eps 0.451  train return   +8.52%  loss 7.69e-05  maxQ +0.2497  changes   497  0.7 min
episode  89/1013  eps 0.447  train return  -11.35%  loss 8.26e-05  maxQ +0.2460  changes   460  0.7 min
episode  90/1013  eps 0.443  train return  +21.60%  loss 9.27e-05  maxQ +0.2450  changes   437  0.7 min | val return -27.92% (best +7.07%)
episode  91/1013  eps 0.439  train return   +8.68%  loss 8.45e-05  maxQ +0.2426  changes   477  0.7 min
episode  92/1013  eps 0.435  train return  -19.26%  loss 8.48e-05  maxQ +0.2428  changes   460  0.7 min
episode  93/1013  eps 0.431  train return +158.53%  loss 8.75e-05  maxQ +0.2457  changes   450  0.7 min
episode  94/1013  eps 0.427  train return   -0.06%  loss 8.82e-05  maxQ +0.2466  changes   475  0.7 min
episode  95/1013  eps 0.423  train return  -13.74%  loss 8.81e-05  maxQ +0.2480  changes   463  0.7 min
episode  96/1013  eps 0.420  train return  -20.60%  loss 8.90e-05  maxQ +0.2479  changes   416  0.7 min
episode  97/1013  eps 0.416  train return  -19.19%  loss 8.71e-05  maxQ +0.2469  changes   452  0.7 min
episode  98/1013  eps 0.412  train return   -8.29%  loss 9.18e-05  maxQ +0.2474  changes   452  0.7 min
episode  99/1013  eps 0.408  train return  -25.21%  loss 9.16e-05  maxQ +0.2431  changes   460  0.7 min
episode 100/1013  eps 0.405  train return  +13.78%  loss 9.39e-05  maxQ +0.2441  changes   454  0.7 min | val return -8.13% (best +7.07%)
episode 101/1013  eps 0.401  train return   -3.68%  loss 9.02e-05  maxQ +0.2384  changes   451  0.8 min
episode 102/1013  eps 0.397  train return  -27.48%  loss 8.68e-05  maxQ +0.2375  changes   439  0.8 min
episode 103/1013  eps 0.394  train return   -8.38%  loss 9.32e-05  maxQ +0.2325  changes   489  0.8 min
episode 104/1013  eps 0.390  train return  -24.68%  loss 9.45e-05  maxQ +0.2296  changes   432  0.8 min
episode 105/1013  eps 0.386  train return   -1.11%  loss 8.90e-05  maxQ +0.2314  changes   443  0.8 min
episode 106/1013  eps 0.383  train return  +26.86%  loss 9.42e-05  maxQ +0.2350  changes   419  0.8 min
episode 107/1013  eps 0.379  train return  +27.58%  loss 8.59e-05  maxQ +0.2334  changes   435  0.8 min
episode 108/1013  eps 0.376  train return   -2.45%  loss 9.25e-05  maxQ +0.2292  changes   433  0.8 min
episode 109/1013  eps 0.373  train return  +20.11%  loss 9.07e-05  maxQ +0.2293  changes   439  0.8 min
episode 110/1013  eps 0.369  train return   -8.18%  loss 8.75e-05  maxQ +0.2274  changes   426  0.8 min | val return -13.51% (best +7.07%)
episode 111/1013  eps 0.366  train return  -30.37%  loss 9.58e-05  maxQ +0.2286  changes   440  0.8 min
episode 112/1013  eps 0.363  train return  -19.10%  loss 9.23e-05  maxQ +0.2266  changes   407  0.8 min
episode 113/1013  eps 0.359  train return   +7.78%  loss 9.02e-05  maxQ +0.2311  changes   404  0.8 min
episode 114/1013  eps 0.356  train return   +2.85%  loss 8.87e-05  maxQ +0.2259  changes   469  0.9 min
episode 115/1013  eps 0.353  train return   +1.43%  loss 8.06e-05  maxQ +0.2273  changes   457  0.9 min
episode 116/1013  eps 0.349  train return  -42.23%  loss 8.13e-05  maxQ +0.2238  changes   437  0.9 min
episode 117/1013  eps 0.346  train return   +9.24%  loss 8.48e-05  maxQ +0.2212  changes   419  0.9 min
episode 118/1013  eps 0.343  train return  -11.54%  loss 8.33e-05  maxQ +0.2227  changes   393  0.9 min
episode 119/1013  eps 0.340  train return   -1.90%  loss 7.54e-05  maxQ +0.2193  changes   412  0.9 min
episode 120/1013  eps 0.337  train return   -2.52%  loss 7.89e-05  maxQ +0.2200  changes   448  0.9 min | val return -16.41% (best +7.07%)
episode 121/1013  eps 0.334  train return  -19.07%  loss 8.24e-05  maxQ +0.2148  changes   435  0.9 min
episode 122/1013  eps 0.331  train return   -9.30%  loss 7.91e-05  maxQ +0.2159  changes   427  0.9 min
episode 123/1013  eps 0.328  train return   +4.01%  loss 7.79e-05  maxQ +0.2110  changes   419  0.9 min
episode 124/1013  eps 0.325  train return  +40.49%  loss 7.85e-05  maxQ +0.2083  changes   416  0.9 min
episode 125/1013  eps 0.322  train return  -15.01%  loss 8.38e-05  maxQ +0.2095  changes   452  0.9 min
episode 126/1013  eps 0.319  train return  -22.56%  loss 8.47e-05  maxQ +0.2081  changes   441  0.9 min
episode 127/1013  eps 0.316  train return  +21.76%  loss 7.99e-05  maxQ +0.2048  changes   412  0.9 min
episode 128/1013  eps 0.313  train return  -22.42%  loss 7.52e-05  maxQ +0.2059  changes   400  1.0 min
episode 129/1013  eps 0.310  train return   +0.46%  loss 7.83e-05  maxQ +0.2053  changes   364  1.0 min
episode 130/1013  eps 0.308  train return   +7.71%  loss 7.75e-05  maxQ +0.2032  changes   346  1.0 min | val return -0.09% (best +7.07%)
episode 131/1013  eps 0.305  train return  -20.06%  loss 7.82e-05  maxQ +0.2039  changes   422  1.0 min
episode 132/1013  eps 0.302  train return  +20.50%  loss 7.74e-05  maxQ +0.2022  changes   415  1.0 min
episode 133/1013  eps 0.299  train return  -19.45%  loss 7.62e-05  maxQ +0.2000  changes   386  1.0 min
episode 134/1013  eps 0.296  train return  +23.06%  loss 7.40e-05  maxQ +0.2026  changes   388  1.0 min
episode 135/1013  eps 0.294  train return   -0.26%  loss 7.54e-05  maxQ +0.1985  changes   416  1.0 min
episode 136/1013  eps 0.291  train return  -15.45%  loss 7.35e-05  maxQ +0.1979  changes   362  1.0 min
episode 137/1013  eps 0.288  train return  -20.61%  loss 7.34e-05  maxQ +0.1960  changes   396  1.0 min
episode 138/1013  eps 0.286  train return   -6.73%  loss 7.59e-05  maxQ +0.1944  changes   419  1.0 min
episode 139/1013  eps 0.283  train return   +3.21%  loss 7.41e-05  maxQ +0.1913  changes   397  1.0 min
episode 140/1013  eps 0.281  train return  -13.01%  loss 7.62e-05  maxQ +0.1886  changes   371  1.0 min | val return +19.42% (best +19.42%)
episode 141/1013  eps 0.278  train return  -14.69%  loss 7.39e-05  maxQ +0.1867  changes   384  1.1 min
episode 142/1013  eps 0.276  train return  +57.55%  loss 7.11e-05  maxQ +0.1853  changes   400  1.1 min
episode 143/1013  eps 0.273  train return  -10.68%  loss 7.62e-05  maxQ +0.1856  changes   403  1.1 min
episode 144/1013  eps 0.271  train return  -38.24%  loss 7.16e-05  maxQ +0.1861  changes   410  1.1 min
episode 145/1013  eps 0.268  train return   -1.75%  loss 7.21e-05  maxQ +0.1837  changes   388  1.1 min
episode 146/1013  eps 0.266  train return  +21.66%  loss 7.00e-05  maxQ +0.1814  changes   386  1.1 min
episode 147/1013  eps 0.263  train return  -16.77%  loss 7.31e-05  maxQ +0.1819  changes   366  1.1 min
episode 148/1013  eps 0.261  train return   +1.97%  loss 6.83e-05  maxQ +0.1803  changes   365  1.1 min
episode 149/1013  eps 0.258  train return  +25.34%  loss 6.97e-05  maxQ +0.1787  changes   435  1.1 min
episode 150/1013  eps 0.256  train return   -4.75%  loss 7.17e-05  maxQ +0.1771  changes   385  1.1 min | val return -0.10% (best +19.42%)
episode 151/1013  eps 0.254  train return  -26.91%  loss 7.24e-05  maxQ +0.1747  changes   381  1.1 min
episode 152/1013  eps 0.251  train return  -35.90%  loss 7.08e-05  maxQ +0.1759  changes   329  1.1 min
episode 153/1013  eps 0.249  train return   -0.48%  loss 7.48e-05  maxQ +0.1741  changes   416  1.1 min
episode 154/1013  eps 0.247  train return  -18.52%  loss 6.96e-05  maxQ +0.1724  changes   391  1.1 min
episode 155/1013  eps 0.245  train return  -10.03%  loss 7.40e-05  maxQ +0.1724  changes   393  1.2 min
episode 156/1013  eps 0.242  train return  -13.26%  loss 7.64e-05  maxQ +0.1747  changes   343  1.2 min
episode 157/1013  eps 0.240  train return   -4.71%  loss 7.23e-05  maxQ +0.1742  changes   379  1.2 min
episode 158/1013  eps 0.238  train return   +1.83%  loss 6.70e-05  maxQ +0.1740  changes   389  1.2 min
episode 159/1013  eps 0.236  train return   -4.32%  loss 6.48e-05  maxQ +0.1724  changes   378  1.2 min
episode 160/1013  eps 0.234  train return  -17.27%  loss 5.94e-05  maxQ +0.1685  changes   364  1.2 min | val return +3.50% (best +19.42%)
episode 161/1013  eps 0.232  train return  +51.54%  loss 6.30e-05  maxQ +0.1696  changes   359  1.2 min
episode 162/1013  eps 0.230  train return  -19.97%  loss 6.04e-05  maxQ +0.1670  changes   385  1.2 min
episode 163/1013  eps 0.227  train return   +8.37%  loss 6.18e-05  maxQ +0.1683  changes   321  1.2 min
episode 164/1013  eps 0.225  train return  +32.17%  loss 6.25e-05  maxQ +0.1671  changes   339  1.2 min
episode 165/1013  eps 0.223  train return  +10.43%  loss 5.50e-05  maxQ +0.1638  changes   361  1.2 min
episode 166/1013  eps 0.221  train return  +34.32%  loss 5.75e-05  maxQ +0.1623  changes   359  1.2 min
episode 167/1013  eps 0.219  train return  -29.71%  loss 5.96e-05  maxQ +0.1604  changes   349  1.2 min
episode 168/1013  eps 0.217  train return  +27.30%  loss 5.70e-05  maxQ +0.1598  changes   371  1.2 min
episode 169/1013  eps 0.215  train return  -24.53%  loss 6.09e-05  maxQ +0.1579  changes   337  1.2 min
episode 170/1013  eps 0.213  train return   +5.65%  loss 6.03e-05  maxQ +0.1564  changes   304  1.3 min | val return -12.48% (best +19.42%)
episode 171/1013  eps 0.211  train return  +11.84%  loss 5.85e-05  maxQ +0.1528  changes   366  1.3 min
episode 172/1013  eps 0.209  train return   +3.67%  loss 5.77e-05  maxQ +0.1547  changes   285  1.3 min
episode 173/1013  eps 0.208  train return   -7.28%  loss 6.08e-05  maxQ +0.1548  changes   345  1.3 min
episode 174/1013  eps 0.206  train return  -21.73%  loss 6.10e-05  maxQ +0.1523  changes   351  1.3 min
episode 175/1013  eps 0.204  train return   +0.87%  loss 6.72e-05  maxQ +0.1476  changes   326  1.3 min
episode 176/1013  eps 0.202  train return   +3.20%  loss 5.77e-05  maxQ +0.1483  changes   324  1.3 min
episode 177/1013  eps 0.200  train return   +4.30%  loss 6.35e-05  maxQ +0.1475  changes   325  1.3 min
episode 178/1013  eps 0.198  train return   +8.72%  loss 5.94e-05  maxQ +0.1464  changes   374  1.3 min
episode 179/1013  eps 0.196  train return  -24.80%  loss 6.76e-05  maxQ +0.1435  changes   321  1.3 min
episode 180/1013  eps 0.195  train return  +44.99%  loss 6.53e-05  maxQ +0.1435  changes   313  1.3 min | val return +4.91% (best +19.42%)
episode 181/1013  eps 0.193  train return  -15.27%  loss 6.06e-05  maxQ +0.1454  changes   325  1.3 min
episode 182/1013  eps 0.191  train return   -5.10%  loss 5.93e-05  maxQ +0.1448  changes   331  1.3 min
episode 183/1013  eps 0.189  train return  +31.92%  loss 6.05e-05  maxQ +0.1456  changes   292  1.3 min
episode 184/1013  eps 0.188  train return   -8.32%  loss 6.25e-05  maxQ +0.1450  changes   370  1.4 min
episode 185/1013  eps 0.186  train return   +7.94%  loss 6.18e-05  maxQ +0.1440  changes   401  1.4 min
episode 186/1013  eps 0.184  train return   -1.73%  loss 6.50e-05  maxQ +0.1419  changes   329  1.4 min
episode 187/1013  eps 0.183  train return  -21.84%  loss 6.41e-05  maxQ +0.1416  changes   329  1.4 min
episode 188/1013  eps 0.181  train return   +2.89%  loss 6.53e-05  maxQ +0.1395  changes   374  1.4 min
episode 189/1013  eps 0.179  train return  -18.65%  loss 6.02e-05  maxQ +0.1375  changes   329  1.4 min
episode 190/1013  eps 0.178  train return   -3.03%  loss 6.31e-05  maxQ +0.1390  changes   320  1.4 min | val return +12.46% (best +19.42%)
episode 191/1013  eps 0.176  train return  -47.20%  loss 6.02e-05  maxQ +0.1415  changes   273  1.4 min
episode 192/1013  eps 0.174  train return  -27.88%  loss 6.67e-05  maxQ +0.1399  changes   373  1.4 min
episode 193/1013  eps 0.173  train return  +20.73%  loss 6.44e-05  maxQ +0.1379  changes   320  1.4 min
episode 194/1013  eps 0.171  train return  +16.58%  loss 6.17e-05  maxQ +0.1339  changes   337  1.4 min
episode 195/1013  eps 0.170  train return   -0.95%  loss 6.06e-05  maxQ +0.1341  changes   279  1.4 min
episode 196/1013  eps 0.168  train return  -27.19%  loss 5.98e-05  maxQ +0.1308  changes   319  1.4 min
episode 197/1013  eps 0.167  train return   -0.05%  loss 6.41e-05  maxQ +0.1301  changes   311  1.4 min
episode 198/1013  eps 0.165  train return  +13.73%  loss 6.65e-05  maxQ +0.1316  changes   309  1.5 min
episode 199/1013  eps 0.164  train return  -11.01%  loss 7.03e-05  maxQ +0.1301  changes   339  1.5 min
episode 200/1013  eps 0.162  train return  +11.24%  loss 6.40e-05  maxQ +0.1282  changes   289  1.5 min | val return -12.34% (best +19.42%)
episode 201/1013  eps 0.161  train return   -5.95%  loss 6.19e-05  maxQ +0.1275  changes   322  1.5 min
episode 202/1013  eps 0.159  train return  -11.39%  loss 5.77e-05  maxQ +0.1260  changes   352  1.5 min
episode 203/1013  eps 0.158  train return   -2.98%  loss 5.95e-05  maxQ +0.1254  changes   301  1.5 min
episode 204/1013  eps 0.156  train return  +14.14%  loss 6.47e-05  maxQ +0.1255  changes   359  1.5 min
episode 205/1013  eps 0.155  train return   +9.47%  loss 5.59e-05  maxQ +0.1272  changes   273  1.5 min
episode 206/1013  eps 0.154  train return  +46.44%  loss 5.57e-05  maxQ +0.1278  changes   332  1.5 min
episode 207/1013  eps 0.152  train return  +30.04%  loss 6.14e-05  maxQ +0.1264  changes   295  1.5 min
episode 208/1013  eps 0.151  train return  -35.01%  loss 6.35e-05  maxQ +0.1257  changes   316  1.5 min
episode 209/1013  eps 0.149  train return  -12.33%  loss 6.18e-05  maxQ +0.1249  changes   318  1.5 min
episode 210/1013  eps 0.148  train return  +14.07%  loss 6.40e-05  maxQ +0.1228  changes   340  1.5 min | val return -8.61% (best +19.42%)
episode 211/1013  eps 0.147  train return  +10.96%  loss 6.09e-05  maxQ +0.1230  changes   236  1.6 min
episode 212/1013  eps 0.145  train return   -5.27%  loss 5.93e-05  maxQ +0.1237  changes   230  1.6 min
episode 213/1013  eps 0.144  train return  +44.80%  loss 5.85e-05  maxQ +0.1223  changes   251  1.6 min
episode 214/1013  eps 0.143  train return   +3.39%  loss 5.95e-05  maxQ +0.1206  changes   334  1.6 min
episode 215/1013  eps 0.141  train return  -11.72%  loss 5.81e-05  maxQ +0.1197  changes   336  1.6 min
episode 216/1013  eps 0.140  train return  +51.61%  loss 6.11e-05  maxQ +0.1201  changes   259  1.6 min
episode 217/1013  eps 0.139  train return   -3.85%  loss 6.00e-05  maxQ +0.1194  changes   266  1.6 min
episode 218/1013  eps 0.138  train return   -0.30%  loss 6.31e-05  maxQ +0.1177  changes   331  1.6 min
episode 219/1013  eps 0.136  train return  -24.35%  loss 6.29e-05  maxQ +0.1157  changes   267  1.6 min
episode 220/1013  eps 0.135  train return   -4.51%  loss 6.17e-05  maxQ +0.1193  changes   280  1.6 min | val return +1.01% (best +19.42%)
episode 221/1013  eps 0.134  train return  +21.27%  loss 6.11e-05  maxQ +0.1202  changes   289  1.6 min
episode 222/1013  eps 0.133  train return  -38.85%  loss 5.91e-05  maxQ +0.1204  changes   313  1.6 min
episode 223/1013  eps 0.131  train return   -5.92%  loss 6.10e-05  maxQ +0.1217  changes   308  1.6 min
episode 224/1013  eps 0.130  train return   -3.84%  loss 5.48e-05  maxQ +0.1236  changes   237  1.6 min
episode 225/1013  eps 0.129  train return   +3.04%  loss 5.90e-05  maxQ +0.1236  changes   221  1.7 min
episode 226/1013  eps 0.128  train return   +4.25%  loss 5.79e-05  maxQ +0.1211  changes   310  1.7 min
episode 227/1013  eps 0.127  train return  -14.66%  loss 6.04e-05  maxQ +0.1184  changes   219  1.7 min
episode 228/1013  eps 0.126  train return  -30.18%  loss 6.05e-05  maxQ +0.1198  changes   243  1.7 min
episode 229/1013  eps 0.124  train return  -33.41%  loss 6.53e-05  maxQ +0.1193  changes   251  1.7 min
episode 230/1013  eps 0.123  train return  +13.11%  loss 6.12e-05  maxQ +0.1179  changes   313  1.7 min | val return -2.19% (best +19.42%)
episode 231/1013  eps 0.122  train return  -15.43%  loss 6.14e-05  maxQ +0.1149  changes   304  1.7 min
episode 232/1013  eps 0.121  train return  +27.43%  loss 6.15e-05  maxQ +0.1143  changes   268  1.7 min
episode 233/1013  eps 0.120  train return  +47.20%  loss 6.53e-05  maxQ +0.1132  changes   305  1.7 min
episode 234/1013  eps 0.119  train return   +6.52%  loss 6.26e-05  maxQ +0.1112  changes   308  1.7 min
episode 235/1013  eps 0.118  train return  +23.71%  loss 6.23e-05  maxQ +0.1104  changes   272  1.7 min
episode 236/1013  eps 0.117  train return   -7.92%  loss 6.19e-05  maxQ +0.1099  changes   298  1.7 min
episode 237/1013  eps 0.116  train return   +6.57%  loss 6.14e-05  maxQ +0.1104  changes   263  1.7 min
episode 238/1013  eps 0.115  train return  -16.23%  loss 6.39e-05  maxQ +0.1100  changes   275  1.7 min
episode 239/1013  eps 0.114  train return   -7.95%  loss 6.08e-05  maxQ +0.1102  changes   282  1.7 min
episode 240/1013  eps 0.112  train return  +39.53%  loss 5.57e-05  maxQ +0.1092  changes   313  1.8 min | val return -0.69% (best +19.42%)
episode 241/1013  eps 0.111  train return   -7.00%  loss 6.00e-05  maxQ +0.1084  changes   308  1.8 min
episode 242/1013  eps 0.110  train return  -46.41%  loss 5.80e-05  maxQ +0.1086  changes   261  1.8 min
episode 243/1013  eps 0.109  train return   +0.00%  loss 5.58e-05  maxQ +0.1079  changes   276  1.8 min
episode 244/1013  eps 0.108  train return  -14.58%  loss 6.00e-05  maxQ +0.1071  changes   211  1.8 min
episode 245/1013  eps 0.107  train return  -34.03%  loss 5.77e-05  maxQ +0.1060  changes   297  1.8 min
episode 246/1013  eps 0.106  train return   -9.30%  loss 6.13e-05  maxQ +0.1050  changes   321  1.8 min
episode 247/1013  eps 0.106  train return  +60.90%  loss 6.14e-05  maxQ +0.1049  changes   250  1.8 min
episode 248/1013  eps 0.105  train return  +23.26%  loss 5.82e-05  maxQ +0.1061  changes   276  1.8 min
episode 249/1013  eps 0.104  train return  -14.61%  loss 5.46e-05  maxQ +0.1066  changes   216  1.8 min
episode 250/1013  eps 0.103  train return  -25.78%  loss 5.64e-05  maxQ +0.1060  changes   250  1.8 min | val return +1.12% (best +19.42%)
episode 251/1013  eps 0.102  train return   +2.55%  loss 5.56e-05  maxQ +0.1062  changes   249  1.8 min
episode 252/1013  eps 0.101  train return   +0.98%  loss 5.60e-05  maxQ +0.1058  changes   239  1.8 min
episode 253/1013  eps 0.100  train return   -2.62%  loss 5.59e-05  maxQ +0.1050  changes   303  1.9 min
episode 254/1013  eps 0.099  train return  -17.93%  loss 5.33e-05  maxQ +0.1036  changes   297  1.9 min
episode 255/1013  eps 0.098  train return  -10.34%  loss 5.31e-05  maxQ +0.1037  changes   237  1.9 min
episode 256/1013  eps 0.097  train return  -15.41%  loss 5.03e-05  maxQ +0.1040  changes   259  1.9 min
episode 257/1013  eps 0.096  train return  -13.16%  loss 5.24e-05  maxQ +0.1045  changes   247  1.9 min
episode 258/1013  eps 0.095  train return   +5.67%  loss 4.93e-05  maxQ +0.1040  changes   305  1.9 min
episode 259/1013  eps 0.095  train return   -3.51%  loss 5.30e-05  maxQ +0.1044  changes   253  1.9 min
episode 260/1013  eps 0.094  train return  +18.37%  loss 5.65e-05  maxQ +0.1030  changes   295  1.9 min | val return -8.73% (best +19.42%)
episode 261/1013  eps 0.093  train return  -16.43%  loss 5.56e-05  maxQ +0.1021  changes   238  1.9 min
episode 262/1013  eps 0.092  train return   +0.38%  loss 5.21e-05  maxQ +0.1009  changes   212  1.9 min
episode 263/1013  eps 0.091  train return   -9.77%  loss 5.50e-05  maxQ +0.0992  changes   238  1.9 min
episode 264/1013  eps 0.090  train return  -20.93%  loss 5.23e-05  maxQ +0.0982  changes   267  1.9 min
episode 265/1013  eps 0.090  train return  -34.78%  loss 5.51e-05  maxQ +0.0975  changes   273  1.9 min
episode 266/1013  eps 0.089  train return  +16.82%  loss 5.47e-05  maxQ +0.0980  changes   259  2.0 min
episode 267/1013  eps 0.088  train return  +10.91%  loss 5.06e-05  maxQ +0.0963  changes   211  2.0 min
episode 268/1013  eps 0.087  train return  -16.32%  loss 5.41e-05  maxQ +0.0955  changes   267  2.0 min
episode 269/1013  eps 0.086  train return   +8.89%  loss 5.36e-05  maxQ +0.0944  changes   269  2.0 min
episode 270/1013  eps 0.086  train return   +5.37%  loss 5.28e-05  maxQ +0.0936  changes   244  2.0 min | val return -4.86% (best +19.42%)
episode 271/1013  eps 0.085  train return  -14.17%  loss 5.30e-05  maxQ +0.0912  changes   250  2.0 min
episode 272/1013  eps 0.084  train return   -4.12%  loss 5.54e-05  maxQ +0.0930  changes   206  2.0 min
episode 273/1013  eps 0.083  train return   +2.59%  loss 5.21e-05  maxQ +0.0923  changes   222  2.0 min
episode 274/1013  eps 0.082  train return  -42.15%  loss 5.43e-05  maxQ +0.0914  changes   273  2.0 min
episode 275/1013  eps 0.082  train return   -2.63%  loss 5.19e-05  maxQ +0.0903  changes   239  2.0 min
episode 276/1013  eps 0.081  train return  +25.93%  loss 5.26e-05  maxQ +0.0912  changes   236  2.0 min
episode 277/1013  eps 0.080  train return   +0.08%  loss 5.40e-05  maxQ +0.0901  changes   210  2.0 min
episode 278/1013  eps 0.079  train return  -40.18%  loss 5.63e-05  maxQ +0.0882  changes   224  2.1 min
episode 279/1013  eps 0.079  train return   +5.61%  loss 5.53e-05  maxQ +0.0879  changes   253  2.1 min
episode 280/1013  eps 0.078  train return   -3.37%  loss 5.50e-05  maxQ +0.0870  changes   224  2.1 min | val return -21.82% (best +19.42%)
episode 281/1013  eps 0.077  train return   +3.07%  loss 5.57e-05  maxQ +0.0876  changes   275  2.1 min
episode 282/1013  eps 0.077  train return  -12.27%  loss 5.50e-05  maxQ +0.0875  changes   257  2.1 min
episode 283/1013  eps 0.076  train return  -17.79%  loss 5.74e-05  maxQ +0.0848  changes   240  2.1 min
episode 284/1013  eps 0.075  train return  -14.86%  loss 5.65e-05  maxQ +0.0856  changes   166  2.1 min
episode 285/1013  eps 0.075  train return  -14.66%  loss 5.66e-05  maxQ +0.0846  changes   248  2.1 min
episode 286/1013  eps 0.074  train return   -1.65%  loss 5.71e-05  maxQ +0.0833  changes   210  2.1 min
episode 287/1013  eps 0.073  train return   -2.06%  loss 5.43e-05  maxQ +0.0832  changes   164  2.1 min
episode 288/1013  eps 0.073  train return  -14.12%  loss 5.52e-05  maxQ +0.0824  changes   328  2.1 min
episode 289/1013  eps 0.072  train return   +0.70%  loss 5.41e-05  maxQ +0.0809  changes   266  2.2 min
episode 290/1013  eps 0.071  train return  +14.73%  loss 5.71e-05  maxQ +0.0822  changes   203  2.2 min | val return +2.18% (best +19.42%)
episode 291/1013  eps 0.071  train return  -15.28%  loss 5.79e-05  maxQ +0.0811  changes   258  2.2 min
episode 292/1013  eps 0.070  train return   +9.82%  loss 5.37e-05  maxQ +0.0796  changes   193  2.2 min
episode 293/1013  eps 0.069  train return  +19.81%  loss 5.37e-05  maxQ +0.0791  changes   234  2.2 min
episode 294/1013  eps 0.069  train return  -18.24%  loss 5.19e-05  maxQ +0.0779  changes   248  2.2 min
episode 295/1013  eps 0.068  train return   +8.02%  loss 5.36e-05  maxQ +0.0786  changes   200  2.2 min
episode 296/1013  eps 0.067  train return  -12.40%  loss 5.65e-05  maxQ +0.0791  changes   208  2.2 min
episode 297/1013  eps 0.067  train return   -5.13%  loss 5.42e-05  maxQ +0.0781  changes   294  2.2 min
episode 298/1013  eps 0.066  train return   -2.33%  loss 5.65e-05  maxQ +0.0783  changes   200  2.2 min
episode 299/1013  eps 0.066  train return  -21.15%  loss 5.57e-05  maxQ +0.0791  changes   314  2.2 min
episode 300/1013  eps 0.065  train return  -13.77%  loss 5.23e-05  maxQ +0.0785  changes   234  2.3 min | val return +1.10% (best +19.42%)
episode 301/1013  eps 0.064  train return   -5.07%  loss 5.28e-05  maxQ +0.0779  changes   209  2.3 min
episode 302/1013  eps 0.064  train return  -21.14%  loss 5.50e-05  maxQ +0.0772  changes   187  2.3 min
episode 303/1013  eps 0.063  train return   +8.20%  loss 5.41e-05  maxQ +0.0762  changes   173  2.3 min
episode 304/1013  eps 0.063  train return   -7.72%  loss 4.87e-05  maxQ +0.0750  changes   207  2.3 min
episode 305/1013  eps 0.062  train return  +12.09%  loss 5.11e-05  maxQ +0.0760  changes   201  2.3 min
episode 306/1013  eps 0.062  train return  +16.07%  loss 4.75e-05  maxQ +0.0742  changes   197  2.3 min
episode 307/1013  eps 0.061  train return  -19.84%  loss 4.93e-05  maxQ +0.0751  changes   250  2.3 min
episode 308/1013  eps 0.060  train return  -10.99%  loss 5.26e-05  maxQ +0.0746  changes   254  2.3 min
episode 309/1013  eps 0.060  train return  +37.87%  loss 5.16e-05  maxQ +0.0742  changes   160  2.3 min
episode 310/1013  eps 0.059  train return  +15.29%  loss 4.97e-05  maxQ +0.0743  changes   177  2.3 min | val return +11.24% (best +19.42%)
episode 311/1013  eps 0.059  train return   -1.96%  loss 5.35e-05  maxQ +0.0729  changes   195  2.3 min
episode 312/1013  eps 0.058  train return   +3.15%  loss 4.97e-05  maxQ +0.0721  changes   205  2.3 min
episode 313/1013  eps 0.058  train return   +8.29%  loss 4.92e-05  maxQ +0.0724  changes   184  2.4 min
episode 314/1013  eps 0.057  train return   +2.76%  loss 5.12e-05  maxQ +0.0730  changes   187  2.4 min
episode 315/1013  eps 0.057  train return  +17.04%  loss 4.98e-05  maxQ +0.0740  changes   214  2.4 min
episode 316/1013  eps 0.056  train return   -9.74%  loss 5.43e-05  maxQ +0.0744  changes   226  2.4 min
episode 317/1013  eps 0.056  train return  -14.37%  loss 5.59e-05  maxQ +0.0743  changes   199  2.4 min
episode 318/1013  eps 0.055  train return   -3.32%  loss 5.65e-05  maxQ +0.0751  changes   154  2.4 min
episode 319/1013  eps 0.055  train return  +10.44%  loss 5.31e-05  maxQ +0.0738  changes   269  2.4 min
episode 320/1013  eps 0.054  train return   +5.09%  loss 5.77e-05  maxQ +0.0741  changes   291  2.4 min | val return -12.97% (best +19.42%)
episode 321/1013  eps 0.054  train return   -2.17%  loss 5.30e-05  maxQ +0.0742  changes   191  2.4 min
episode 322/1013  eps 0.053  train return  -11.98%  loss 5.12e-05  maxQ +0.0735  changes   276  2.4 min
episode 323/1013  eps 0.053  train return   -7.94%  loss 5.50e-05  maxQ +0.0737  changes   201  2.4 min
episode 324/1013  eps 0.052  train return  +38.20%  loss 5.34e-05  maxQ +0.0728  changes   163  2.4 min
episode 325/1013  eps 0.052  train return  +20.58%  loss 5.35e-05  maxQ +0.0745  changes   216  2.4 min
episode 326/1013  eps 0.051  train return  -20.28%  loss 5.51e-05  maxQ +0.0742  changes   240  2.5 min
episode 327/1013  eps 0.051  train return  +19.34%  loss 5.78e-05  maxQ +0.0723  changes   190  2.5 min
episode 328/1013  eps 0.050  train return   +8.85%  loss 5.09e-05  maxQ +0.0708  changes   194  2.5 min
episode 329/1013  eps 0.050  train return  +19.03%  loss 5.05e-05  maxQ +0.0712  changes   189  2.5 min
episode 330/1013  eps 0.049  train return   +3.83%  loss 5.01e-05  maxQ +0.0724  changes   156  2.5 min | val return +1.98% (best +19.42%)
episode 331/1013  eps 0.049  train return  +23.10%  loss 5.28e-05  maxQ +0.0730  changes   158  2.5 min
episode 332/1013  eps 0.049  train return  +28.78%  loss 5.11e-05  maxQ +0.0730  changes   229  2.5 min
episode 333/1013  eps 0.048  train return   -0.40%  loss 5.48e-05  maxQ +0.0746  changes   201  2.5 min
episode 334/1013  eps 0.048  train return   -8.31%  loss 5.18e-05  maxQ +0.0746  changes   180  2.5 min
episode 335/1013  eps 0.047  train return   -8.73%  loss 4.79e-05  maxQ +0.0756  changes   163  2.5 min
episode 336/1013  eps 0.047  train return +165.95%  loss 5.04e-05  maxQ +0.0773  changes   209  2.6 min
episode 337/1013  eps 0.046  train return   -4.76%  loss 5.34e-05  maxQ +0.0775  changes   159  2.6 min
episode 338/1013  eps 0.046  train return  -21.57%  loss 5.41e-05  maxQ +0.0770  changes   210  2.6 min
episode 339/1013  eps 0.046  train return  +10.42%  loss 5.68e-05  maxQ +0.0762  changes   186  2.6 min
episode 340/1013  eps 0.045  train return  +24.09%  loss 6.15e-05  maxQ +0.0755  changes   190  2.6 min | val return +1.68% (best +19.42%)
episode 341/1013  eps 0.045  train return  -17.53%  loss 6.03e-05  maxQ +0.0758  changes   121  2.6 min
episode 342/1013  eps 0.044  train return   -3.45%  loss 5.84e-05  maxQ +0.0751  changes   214  2.6 min
episode 343/1013  eps 0.044  train return   +9.19%  loss 6.07e-05  maxQ +0.0749  changes   174  2.6 min
episode 344/1013  eps 0.043  train return  -25.30%  loss 5.94e-05  maxQ +0.0753  changes   147  2.6 min
episode 345/1013  eps 0.043  train return  +11.94%  loss 5.92e-05  maxQ +0.0780  changes   144  2.6 min
episode 346/1013  eps 0.043  train return   +9.63%  loss 5.74e-05  maxQ +0.0764  changes   146  2.6 min
episode 347/1013  eps 0.042  train return   +5.35%  loss 5.74e-05  maxQ +0.0758  changes   149  2.6 min
episode 348/1013  eps 0.042  train return  -26.46%  loss 5.71e-05  maxQ +0.0748  changes   182  2.6 min
episode 349/1013  eps 0.042  train return   +8.67%  loss 5.84e-05  maxQ +0.0751  changes   129  2.7 min
episode 350/1013  eps 0.041  train return  +34.61%  loss 5.74e-05  maxQ +0.0741  changes   162  2.7 min | val return -2.69% (best +19.42%)
episode 351/1013  eps 0.041  train return   -2.53%  loss 5.57e-05  maxQ +0.0752  changes   122  2.7 min
episode 352/1013  eps 0.040  train return  +29.58%  loss 5.86e-05  maxQ +0.0746  changes   196  2.7 min
episode 353/1013  eps 0.040  train return  -26.43%  loss 5.57e-05  maxQ +0.0740  changes   168  2.7 min
episode 354/1013  eps 0.040  train return  -26.70%  loss 5.76e-05  maxQ +0.0746  changes   229  2.7 min
episode 355/1013  eps 0.039  train return  +29.40%  loss 6.20e-05  maxQ +0.0739  changes   193  2.7 min
episode 356/1013  eps 0.039  train return   -8.25%  loss 5.64e-05  maxQ +0.0727  changes   180  2.7 min
episode 357/1013  eps 0.039  train return   -4.76%  loss 6.19e-05  maxQ +0.0721  changes   103  2.7 min
episode 358/1013  eps 0.038  train return   +1.84%  loss 5.66e-05  maxQ +0.0717  changes   237  2.7 min
episode 359/1013  eps 0.038  train return   -9.44%  loss 6.36e-05  maxQ +0.0715  changes   154  2.7 min
episode 360/1013  eps 0.038  train return  +22.92%  loss 6.18e-05  maxQ +0.0716  changes   177  2.8 min | val return +7.68% (best +19.42%)
episode 361/1013  eps 0.037  train return  +25.53%  loss 6.27e-05  maxQ +0.0704  changes   169  2.8 min
episode 362/1013  eps 0.037  train return  -22.66%  loss 6.42e-05  maxQ +0.0696  changes   105  2.8 min
episode 363/1013  eps 0.037  train return   -2.94%  loss 6.01e-05  maxQ +0.0697  changes   207  2.8 min
episode 364/1013  eps 0.036  train return   -5.57%  loss 6.79e-05  maxQ +0.0716  changes   188  2.8 min
episode 365/1013  eps 0.036  train return   +1.81%  loss 6.65e-05  maxQ +0.0708  changes   190  2.8 min
episode 366/1013  eps 0.036  train return  -11.43%  loss 6.46e-05  maxQ +0.0705  changes   203  2.8 min
episode 367/1013  eps 0.035  train return   +7.04%  loss 6.41e-05  maxQ +0.0730  changes   287  2.8 min
episode 368/1013  eps 0.035  train return  +21.24%  loss 6.71e-05  maxQ +0.0709  changes   206  2.8 min
episode 369/1013  eps 0.035  train return  +49.34%  loss 6.59e-05  maxQ +0.0700  changes   224  2.8 min
episode 370/1013  eps 0.034  train return  +13.15%  loss 6.27e-05  maxQ +0.0724  changes   180  2.8 min | val return -0.16% (best +19.42%)
episode 371/1013  eps 0.034  train return   -3.75%  loss 6.07e-05  maxQ +0.0728  changes   283  2.9 min
episode 372/1013  eps 0.034  train return   +6.43%  loss 6.33e-05  maxQ +0.0730  changes   109  2.9 min
episode 373/1013  eps 0.033  train return   -0.88%  loss 6.47e-05  maxQ +0.0735  changes   209  2.9 min
episode 374/1013  eps 0.033  train return  -23.21%  loss 6.35e-05  maxQ +0.0752  changes   145  2.9 min
episode 375/1013  eps 0.033  train return   +2.19%  loss 6.07e-05  maxQ +0.0738  changes   132  2.9 min
episode 376/1013  eps 0.032  train return  +15.65%  loss 6.44e-05  maxQ +0.0739  changes   268  2.9 min
episode 377/1013  eps 0.032  train return   -1.45%  loss 6.54e-05  maxQ +0.0748  changes   205  2.9 min
episode 378/1013  eps 0.032  train return   -7.03%  loss 6.32e-05  maxQ +0.0739  changes   232  2.9 min
episode 379/1013  eps 0.032  train return  +12.89%  loss 6.24e-05  maxQ +0.0759  changes   264  2.9 min
episode 380/1013  eps 0.031  train return   +9.89%  loss 6.63e-05  maxQ +0.0744  changes   175  2.9 min | val return -13.39% (best +19.42%)
episode 381/1013  eps 0.031  train return   -0.61%  loss 6.93e-05  maxQ +0.0750  changes   208  2.9 min
episode 382/1013  eps 0.031  train return   +0.98%  loss 6.59e-05  maxQ +0.0737  changes   154  2.9 min
episode 383/1013  eps 0.030  train return   -8.18%  loss 6.69e-05  maxQ +0.0749  changes   242  3.0 min
episode 384/1013  eps 0.030  train return  -19.83%  loss 7.28e-05  maxQ +0.0751  changes   243  3.0 min
episode 385/1013  eps 0.030  train return  +15.61%  loss 6.35e-05  maxQ +0.0741  changes   241  3.0 min
episode 386/1013  eps 0.030  train return   +9.88%  loss 6.04e-05  maxQ +0.0736  changes   149  3.0 min
episode 387/1013  eps 0.029  train return  -14.86%  loss 6.33e-05  maxQ +0.0736  changes   230  3.0 min
episode 388/1013  eps 0.029  train return   -0.40%  loss 6.46e-05  maxQ +0.0727  changes   270  3.0 min
episode 389/1013  eps 0.029  train return  -16.56%  loss 6.34e-05  maxQ +0.0719  changes   217  3.0 min
episode 390/1013  eps 0.029  train return  +19.29%  loss 6.25e-05  maxQ +0.0726  changes   225  3.0 min | val return -23.02% (best +19.42%)
episode 391/1013  eps 0.028  train return   -6.92%  loss 6.25e-05  maxQ +0.0711  changes   236  3.0 min
episode 392/1013  eps 0.028  train return  -18.38%  loss 6.22e-05  maxQ +0.0712  changes   125  3.0 min
episode 393/1013  eps 0.028  train return  -11.44%  loss 6.95e-05  maxQ +0.0718  changes   168  3.0 min
episode 394/1013  eps 0.028  train return  -16.26%  loss 7.04e-05  maxQ +0.0717  changes   242  3.0 min
episode 395/1013  eps 0.027  train return  +20.70%  loss 6.32e-05  maxQ +0.0734  changes   140  3.0 min
episode 396/1013  eps 0.027  train return  -33.97%  loss 6.34e-05  maxQ +0.0731  changes   198  3.0 min
episode 397/1013  eps 0.027  train return   +7.21%  loss 6.18e-05  maxQ +0.0737  changes   221  3.1 min
episode 398/1013  eps 0.027  train return  +33.43%  loss 6.49e-05  maxQ +0.0737  changes   384  3.1 min
episode 399/1013  eps 0.026  train return   -1.69%  loss 6.75e-05  maxQ +0.0734  changes   234  3.1 min
episode 400/1013  eps 0.026  train return  -11.12%  loss 6.82e-05  maxQ +0.0738  changes   206  3.1 min | val return -5.36% (best +19.42%)
episode 401/1013  eps 0.026  train return   -4.86%  loss 6.66e-05  maxQ +0.0723  changes   207  3.1 min
episode 402/1013  eps 0.026  train return   -4.84%  loss 6.46e-05  maxQ +0.0722  changes   264  3.1 min
episode 403/1013  eps 0.025  train return   -1.89%  loss 6.28e-05  maxQ +0.0708  changes   254  3.1 min
episode 404/1013  eps 0.025  train return  -32.78%  loss 6.59e-05  maxQ +0.0700  changes   389  3.1 min
episode 405/1013  eps 0.025  train return   +4.01%  loss 6.31e-05  maxQ +0.0707  changes   254  3.1 min
episode 406/1013  eps 0.025  train return   -1.14%  loss 5.99e-05  maxQ +0.0702  changes   265  3.1 min
episode 407/1013  eps 0.024  train return   -7.66%  loss 6.25e-05  maxQ +0.0697  changes   172  3.1 min
episode 408/1013  eps 0.024  train return  +41.97%  loss 5.90e-05  maxQ +0.0688  changes   263  3.1 min
episode 409/1013  eps 0.024  train return  -10.36%  loss 5.43e-05  maxQ +0.0690  changes   240  3.1 min
episode 410/1013  eps 0.024  train return  +64.99%  loss 5.45e-05  maxQ +0.0681  changes   346  3.2 min | val return -9.82% (best +19.42%)
episode 411/1013  eps 0.024  train return  +14.20%  loss 6.08e-05  maxQ +0.0687  changes   306  3.2 min
episode 412/1013  eps 0.023  train return   +4.82%  loss 6.06e-05  maxQ +0.0687  changes   291  3.2 min
episode 413/1013  eps 0.023  train return  -16.89%  loss 5.74e-05  maxQ +0.0695  changes   233  3.2 min
episode 414/1013  eps 0.023  train return  +30.37%  loss 5.80e-05  maxQ +0.0699  changes   199  3.2 min
episode 415/1013  eps 0.023  train return  -14.95%  loss 6.01e-05  maxQ +0.0690  changes   294  3.2 min
episode 416/1013  eps 0.023  train return   -8.59%  loss 5.81e-05  maxQ +0.0697  changes   165  3.2 min
episode 417/1013  eps 0.022  train return  +15.04%  loss 6.03e-05  maxQ +0.0696  changes   270  3.2 min
episode 418/1013  eps 0.022  train return   +5.67%  loss 6.08e-05  maxQ +0.0697  changes   246  3.2 min
episode 419/1013  eps 0.022  train return  +36.02%  loss 6.03e-05  maxQ +0.0706  changes   288  3.2 min
episode 420/1013  eps 0.022  train return   +5.21%  loss 6.11e-05  maxQ +0.0701  changes   297  3.2 min | val return -6.09% (best +19.42%)
episode 421/1013  eps 0.022  train return   +0.76%  loss 6.19e-05  maxQ +0.0698  changes   163  3.2 min
episode 422/1013  eps 0.021  train return  -27.36%  loss 5.91e-05  maxQ +0.0703  changes   230  3.2 min
episode 423/1013  eps 0.021  train return  +19.65%  loss 6.34e-05  maxQ +0.0701  changes   252  3.3 min
episode 424/1013  eps 0.021  train return  +26.11%  loss 5.85e-05  maxQ +0.0698  changes   308  3.3 min
episode 425/1013  eps 0.021  train return   -0.04%  loss 5.87e-05  maxQ +0.0683  changes   250  3.3 min
episode 426/1013  eps 0.021  train return   +7.85%  loss 5.95e-05  maxQ +0.0686  changes   305  3.3 min
episode 427/1013  eps 0.020  train return  +76.40%  loss 6.12e-05  maxQ +0.0695  changes   325  3.3 min
episode 428/1013  eps 0.020  train return  -42.27%  loss 5.95e-05  maxQ +0.0701  changes   170  3.3 min
episode 429/1013  eps 0.020  train return  -20.23%  loss 5.84e-05  maxQ +0.0698  changes   298  3.3 min
episode 430/1013  eps 0.020  train return  +11.89%  loss 6.07e-05  maxQ +0.0701  changes   306  3.3 min | val return -10.47% (best +19.42%)
episode 431/1013  eps 0.020  train return   -6.59%  loss 5.91e-05  maxQ +0.0693  changes   327  3.3 min
episode 432/1013  eps 0.019  train return  -23.38%  loss 6.04e-05  maxQ +0.0703  changes   204  3.3 min
episode 433/1013  eps 0.019  train return   +3.66%  loss 5.47e-05  maxQ +0.0700  changes   254  3.3 min
episode 434/1013  eps 0.019  train return  -13.85%  loss 5.44e-05  maxQ +0.0709  changes   208  3.3 min
episode 435/1013  eps 0.019  train return  -10.50%  loss 5.32e-05  maxQ +0.0690  changes   293  3.3 min
episode 436/1013  eps 0.019  train return  -15.57%  loss 5.49e-05  maxQ +0.0679  changes   311  3.3 min
episode 437/1013  eps 0.019  train return   +4.10%  loss 5.57e-05  maxQ +0.0680  changes   327  3.3 min
episode 438/1013  eps 0.018  train return  +25.96%  loss 5.85e-05  maxQ +0.0681  changes   199  3.4 min
episode 439/1013  eps 0.018  train return  +17.30%  loss 5.52e-05  maxQ +0.0677  changes   288  3.4 min
episode 440/1013  eps 0.018  train return   +8.45%  loss 5.76e-05  maxQ +0.0685  changes   296  3.4 min | val return -3.59% (best +19.42%)
episode 441/1013  eps 0.018  train return  -17.93%  loss 5.45e-05  maxQ +0.0668  changes   272  3.4 min
episode 442/1013  eps 0.018  train return  -23.97%  loss 5.58e-05  maxQ +0.0675  changes   288  3.4 min
episode 443/1013  eps 0.018  train return  -14.31%  loss 5.72e-05  maxQ +0.0673  changes   212  3.4 min
episode 444/1013  eps 0.017  train return   +9.07%  loss 5.65e-05  maxQ +0.0670  changes   270  3.4 min
episode 445/1013  eps 0.017  train return  +31.26%  loss 5.48e-05  maxQ +0.0662  changes   230  3.4 min
episode 446/1013  eps 0.017  train return  +13.69%  loss 5.77e-05  maxQ +0.0660  changes   208  3.4 min
episode 447/1013  eps 0.017  train return  +13.54%  loss 6.12e-05  maxQ +0.0653  changes   225  3.4 min
episode 448/1013  eps 0.017  train return  +11.07%  loss 5.56e-05  maxQ +0.0651  changes   370  3.4 min
episode 449/1013  eps 0.017  train return  -46.49%  loss 5.83e-05  maxQ +0.0651  changes   139  3.4 min
episode 450/1013  eps 0.016  train return   +1.62%  loss 5.54e-05  maxQ +0.0656  changes   224  3.4 min | val return -5.39% (best +19.42%)
episode 451/1013  eps 0.016  train return   +0.44%  loss 5.78e-05  maxQ +0.0655  changes   214  3.5 min
episode 452/1013  eps 0.016  train return  -14.10%  loss 5.30e-05  maxQ +0.0648  changes   217  3.5 min
episode 453/1013  eps 0.016  train return   -8.31%  loss 5.62e-05  maxQ +0.0656  changes   267  3.5 min
episode 454/1013  eps 0.016  train return  -13.88%  loss 5.76e-05  maxQ +0.0659  changes   305  3.5 min
episode 455/1013  eps 0.016  train return  -27.50%  loss 5.52e-05  maxQ +0.0665  changes   273  3.5 min
episode 456/1013  eps 0.016  train return  +13.68%  loss 5.44e-05  maxQ +0.0661  changes   227  3.5 min
episode 457/1013  eps 0.015  train return  +49.20%  loss 5.63e-05  maxQ +0.0659  changes   301  3.5 min
episode 458/1013  eps 0.015  train return  -27.11%  loss 5.43e-05  maxQ +0.0644  changes   293  3.5 min
episode 459/1013  eps 0.015  train return   -5.42%  loss 5.61e-05  maxQ +0.0641  changes   361  3.5 min
episode 460/1013  eps 0.015  train return   +0.37%  loss 5.65e-05  maxQ +0.0650  changes   259  3.5 min | val return +5.34% (best +19.42%)
episode 461/1013  eps 0.015  train return  +16.35%  loss 5.40e-05  maxQ +0.0650  changes   230  3.5 min
episode 462/1013  eps 0.015  train return  -23.21%  loss 5.51e-05  maxQ +0.0655  changes   375  3.5 min
episode 463/1013  eps 0.015  train return   +1.68%  loss 5.33e-05  maxQ +0.0648  changes   281  3.5 min
episode 464/1013  eps 0.015  train return   +6.13%  loss 5.49e-05  maxQ +0.0645  changes   217  3.5 min
episode 465/1013  eps 0.014  train return  -21.92%  loss 5.66e-05  maxQ +0.0654  changes   197  3.6 min
episode 466/1013  eps 0.014  train return  -21.70%  loss 5.51e-05  maxQ +0.0649  changes   227  3.6 min
episode 467/1013  eps 0.014  train return   -6.94%  loss 5.84e-05  maxQ +0.0649  changes   116  3.6 min
episode 468/1013  eps 0.014  train return  -27.45%  loss 5.08e-05  maxQ +0.0635  changes   240  3.6 min
episode 469/1013  eps 0.014  train return   +9.42%  loss 5.49e-05  maxQ +0.0631  changes   161  3.6 min
episode 470/1013  eps 0.014  train return   -2.38%  loss 5.29e-05  maxQ +0.0636  changes   129  3.6 min | val return -12.14% (best +19.42%)
episode 471/1013  eps 0.014  train return  -12.20%  loss 5.41e-05  maxQ +0.0624  changes   179  3.6 min
episode 472/1013  eps 0.013  train return  -19.71%  loss 5.69e-05  maxQ +0.0645  changes   168  3.6 min
episode 473/1013  eps 0.013  train return   -4.88%  loss 5.39e-05  maxQ +0.0641  changes   168  3.6 min
episode 474/1013  eps 0.013  train return  +46.38%  loss 5.47e-05  maxQ +0.0636  changes   270  3.6 min
episode 475/1013  eps 0.013  train return +347.56%  loss 6.17e-05  maxQ +0.0628  changes   308  3.6 min
episode 476/1013  eps 0.013  train return  -24.45%  loss 6.64e-05  maxQ +0.0626  changes   146  3.6 min
episode 477/1013  eps 0.013  train return   +4.80%  loss 6.68e-05  maxQ +0.0625  changes   185  3.6 min
episode 478/1013  eps 0.013  train return   -8.10%  loss 6.63e-05  maxQ +0.0623  changes   137  3.6 min
episode 479/1013  eps 0.013  train return  +16.32%  loss 6.74e-05  maxQ +0.0622  changes   290  3.7 min
episode 480/1013  eps 0.013  train return  -11.48%  loss 6.17e-05  maxQ +0.0608  changes   158  3.7 min | val return +0.25% (best +19.42%)
episode 481/1013  eps 0.012  train return   +0.21%  loss 6.11e-05  maxQ +0.0605  changes   129  3.7 min
episode 482/1013  eps 0.012  train return  -39.06%  loss 6.64e-05  maxQ +0.0603  changes   268  3.7 min
episode 483/1013  eps 0.012  train return  -17.72%  loss 6.73e-05  maxQ +0.0599  changes   108  3.7 min
episode 484/1013  eps 0.012  train return   -9.95%  loss 6.75e-05  maxQ +0.0592  changes   175  3.7 min
episode 485/1013  eps 0.012  train return   +5.22%  loss 6.41e-05  maxQ +0.0592  changes   148  3.7 min
episode 486/1013  eps 0.012  train return  +17.47%  loss 6.63e-05  maxQ +0.0582  changes   200  3.7 min
episode 487/1013  eps 0.012  train return  -15.11%  loss 6.73e-05  maxQ +0.0590  changes   138  3.7 min
episode 488/1013  eps 0.012  train return   -6.30%  loss 6.99e-05  maxQ +0.0580  changes   152  3.7 min
episode 489/1013  eps 0.012  train return   +8.00%  loss 6.54e-05  maxQ +0.0572  changes   162  3.7 min
episode 490/1013  eps 0.011  train return   -9.07%  loss 6.60e-05  maxQ +0.0574  changes   208  3.7 min | val return -18.76% (best +19.42%)
episode 491/1013  eps 0.011  train return  +25.02%  loss 6.45e-05  maxQ +0.0567  changes   233  3.7 min
episode 492/1013  eps 0.011  train return   -1.74%  loss 6.87e-05  maxQ +0.0566  changes   153  3.8 min
episode 493/1013  eps 0.011  train return  -14.10%  loss 6.73e-05  maxQ +0.0568  changes   163  3.8 min
episode 494/1013  eps 0.011  train return  +23.61%  loss 6.48e-05  maxQ +0.0579  changes   202  3.8 min
episode 495/1013  eps 0.011  train return   +2.65%  loss 6.29e-05  maxQ +0.0576  changes   176  3.8 min
episode 496/1013  eps 0.011  train return   -2.41%  loss 5.73e-05  maxQ +0.0574  changes   194  3.8 min
episode 497/1013  eps 0.011  train return  -39.59%  loss 6.24e-05  maxQ +0.0581  changes   287  3.8 min
episode 498/1013  eps 0.011  train return  -10.16%  loss 6.46e-05  maxQ +0.0581  changes   210  3.8 min
episode 499/1013  eps 0.011  train return   +6.21%  loss 6.52e-05  maxQ +0.0584  changes   295  3.8 min
episode 500/1013  eps 0.010  train return   -5.22%  loss 7.33e-05  maxQ +0.0579  changes   161  3.8 min | val return -5.74% (best +19.42%)
episode 501/1013  eps 0.010  train return  -28.52%  loss 6.86e-05  maxQ +0.0579  changes   120  3.8 min
episode 502/1013  eps 0.010  train return   +8.00%  loss 7.41e-05  maxQ +0.0577  changes   163  3.8 min
episode 503/1013  eps 0.010  train return  +15.39%  loss 7.43e-05  maxQ +0.0580  changes   165  3.8 min
episode 504/1013  eps 0.010  train return   -8.40%  loss 7.21e-05  maxQ +0.0572  changes   198  3.8 min
episode 505/1013  eps 0.010  train return  -12.14%  loss 7.29e-05  maxQ +0.0572  changes   212  3.8 min
episode 506/1013  eps 0.010  train return   +0.73%  loss 7.72e-05  maxQ +0.0560  changes   176  3.9 min
episode 507/1013  eps 0.010  train return   +9.19%  loss 7.55e-05  maxQ +0.0566  changes   163  3.9 min
episode 508/1013  eps 0.010  train return   +1.54%  loss 7.15e-05  maxQ +0.0551  changes   223  3.9 min
episode 509/1013  eps 0.010  train return  +39.54%  loss 7.14e-05  maxQ +0.0549  changes   128  3.9 min
episode 510/1013  eps 0.010  train return  +12.21%  loss 7.62e-05  maxQ +0.0553  changes   263  3.9 min | val return -15.76% (best +19.42%)
episode 511/1013  eps 0.010  train return  -23.75%  loss 7.19e-05  maxQ +0.0553  changes   253  3.9 min
episode 512/1013  eps 0.010  train return   -1.39%  loss 7.48e-05  maxQ +0.0561  changes   150  3.9 min
episode 513/1013  eps 0.010  train return   -5.57%  loss 7.31e-05  maxQ +0.0556  changes   158  3.9 min
episode 514/1013  eps 0.010  train return   -4.12%  loss 7.11e-05  maxQ +0.0559  changes   258  3.9 min
episode 515/1013  eps 0.010  train return   +0.02%  loss 6.93e-05  maxQ +0.0569  changes   258  3.9 min
episode 516/1013  eps 0.010  train return  -12.38%  loss 7.05e-05  maxQ +0.0560  changes   221  3.9 min
episode 517/1013  eps 0.010  train return   -4.32%  loss 7.29e-05  maxQ +0.0571  changes   185  3.9 min
episode 518/1013  eps 0.010  train return  +60.14%  loss 7.03e-05  maxQ +0.0553  changes   185  3.9 min
episode 519/1013  eps 0.010  train return  -55.02%  loss 7.69e-05  maxQ +0.0551  changes   212  3.9 min
episode 520/1013  eps 0.010  train return  -32.22%  loss 7.15e-05  maxQ +0.0542  changes   204  4.0 min | val return -5.66% (best +19.42%)
episode 521/1013  eps 0.010  train return   -8.11%  loss 7.08e-05  maxQ +0.0539  changes   201  4.0 min
episode 522/1013  eps 0.010  train return  -10.17%  loss 7.13e-05  maxQ +0.0539  changes   229  4.0 min
episode 523/1013  eps 0.010  train return  +30.32%  loss 7.21e-05  maxQ +0.0536  changes   170  4.0 min
episode 524/1013  eps 0.010  train return  +26.49%  loss 6.97e-05  maxQ +0.0541  changes   236  4.0 min
episode 525/1013  eps 0.010  train return  -12.43%  loss 7.55e-05  maxQ +0.0533  changes   172  4.0 min
episode 526/1013  eps 0.010  train return   +1.12%  loss 7.52e-05  maxQ +0.0530  changes   204  4.0 min
episode 527/1013  eps 0.010  train return  +33.39%  loss 7.73e-05  maxQ +0.0527  changes   220  4.0 min
episode 528/1013  eps 0.010  train return  +18.16%  loss 7.59e-05  maxQ +0.0527  changes   185  4.0 min
episode 529/1013  eps 0.010  train return   -6.40%  loss 7.52e-05  maxQ +0.0527  changes   267  4.0 min
episode 530/1013  eps 0.010  train return  +10.57%  loss 8.09e-05  maxQ +0.0534  changes   279  4.0 min | val return +2.23% (best +19.42%)
episode 531/1013  eps 0.010  train return  -17.44%  loss 7.76e-05  maxQ +0.0539  changes   232  4.0 min
episode 532/1013  eps 0.010  train return  +13.07%  loss 7.63e-05  maxQ +0.0536  changes   296  4.0 min
episode 533/1013  eps 0.010  train return  -28.01%  loss 7.81e-05  maxQ +0.0542  changes   175  4.1 min
episode 534/1013  eps 0.010  train return   -8.01%  loss 7.44e-05  maxQ +0.0548  changes   203  4.1 min
episode 535/1013  eps 0.010  train return   +4.40%  loss 7.69e-05  maxQ +0.0533  changes   412  4.1 min
episode 536/1013  eps 0.010  train return   +0.68%  loss 7.65e-05  maxQ +0.0533  changes   242  4.1 min
episode 537/1013  eps 0.010  train return  +28.21%  loss 7.54e-05  maxQ +0.0538  changes   228  4.1 min
episode 538/1013  eps 0.010  train return  -26.09%  loss 7.59e-05  maxQ +0.0522  changes   267  4.1 min
episode 539/1013  eps 0.010  train return   -6.23%  loss 8.01e-05  maxQ +0.0523  changes   307  4.1 min
episode 540/1013  eps 0.010  train return   -6.72%  loss 8.14e-05  maxQ +0.0524  changes   218  4.1 min | val return -6.68% (best +19.42%)
episode 541/1013  eps 0.010  train return  +25.83%  loss 8.20e-05  maxQ +0.0522  changes   329  4.1 min
episode 542/1013  eps 0.010  train return   +1.61%  loss 7.93e-05  maxQ +0.0523  changes   205  4.1 min
episode 543/1013  eps 0.010  train return   -0.69%  loss 8.02e-05  maxQ +0.0533  changes   213  4.1 min
episode 544/1013  eps 0.010  train return   -8.89%  loss 7.36e-05  maxQ +0.0528  changes   190  4.1 min
episode 545/1013  eps 0.010  train return  -14.21%  loss 6.51e-05  maxQ +0.0530  changes   122  4.1 min
episode 546/1013  eps 0.010  train return   +2.62%  loss 7.13e-05  maxQ +0.0530  changes   144  4.1 min
episode 547/1013  eps 0.010  train return   -6.67%  loss 6.82e-05  maxQ +0.0537  changes   140  4.2 min
episode 548/1013  eps 0.010  train return  +27.88%  loss 7.15e-05  maxQ +0.0535  changes   285  4.2 min
episode 549/1013  eps 0.010  train return  -11.63%  loss 7.16e-05  maxQ +0.0537  changes   229  4.2 min
episode 550/1013  eps 0.010  train return  +28.36%  loss 7.73e-05  maxQ +0.0536  changes   351  4.2 min | val return -6.95% (best +19.42%)
episode 551/1013  eps 0.010  train return   +5.50%  loss 7.99e-05  maxQ +0.0536  changes   184  4.2 min
episode 552/1013  eps 0.010  train return  +18.84%  loss 7.67e-05  maxQ +0.0542  changes   178  4.2 min
episode 553/1013  eps 0.010  train return   +6.11%  loss 7.40e-05  maxQ +0.0541  changes   204  4.2 min
episode 554/1013  eps 0.010  train return  +19.55%  loss 8.24e-05  maxQ +0.0542  changes   178  4.2 min
episode 555/1013  eps 0.010  train return   -3.41%  loss 7.58e-05  maxQ +0.0531  changes   180  4.2 min
episode 556/1013  eps 0.010  train return  -12.80%  loss 7.05e-05  maxQ +0.0533  changes   206  4.2 min
episode 557/1013  eps 0.010  train return  +30.52%  loss 7.68e-05  maxQ +0.0531  changes   212  4.2 min
episode 558/1013  eps 0.010  train return  -13.33%  loss 7.26e-05  maxQ +0.0524  changes   142  4.2 min
episode 559/1013  eps 0.010  train return  +13.99%  loss 7.38e-05  maxQ +0.0526  changes   136  4.2 min
episode 560/1013  eps 0.010  train return  -15.08%  loss 7.51e-05  maxQ +0.0522  changes   191  4.2 min | val return +3.76% (best +19.42%)
episode 561/1013  eps 0.010  train return  +17.35%  loss 7.46e-05  maxQ +0.0518  changes   150  4.3 min
episode 562/1013  eps 0.010  train return  +21.80%  loss 7.37e-05  maxQ +0.0527  changes   196  4.3 min
episode 563/1013  eps 0.010  train return  +23.74%  loss 7.09e-05  maxQ +0.0532  changes   141  4.3 min
episode 564/1013  eps 0.010  train return   -4.67%  loss 7.40e-05  maxQ +0.0531  changes   123  4.3 min
episode 565/1013  eps 0.010  train return  +22.66%  loss 7.85e-05  maxQ +0.0530  changes   170  4.3 min
episode 566/1013  eps 0.010  train return   +0.31%  loss 6.99e-05  maxQ +0.0530  changes   186  4.3 min
episode 567/1013  eps 0.010  train return   -8.43%  loss 7.28e-05  maxQ +0.0527  changes   132  4.3 min
episode 568/1013  eps 0.010  train return  -15.87%  loss 7.41e-05  maxQ +0.0528  changes   157  4.3 min
episode 569/1013  eps 0.010  train return   -9.01%  loss 6.67e-05  maxQ +0.0525  changes   207  4.3 min
episode 570/1013  eps 0.010  train return   +4.52%  loss 6.17e-05  maxQ +0.0512  changes   180  4.3 min | val return -7.36% (best +19.42%)
episode 571/1013  eps 0.010  train return  +15.74%  loss 6.20e-05  maxQ +0.0512  changes    97  4.3 min
episode 572/1013  eps 0.010  train return   -6.18%  loss 6.16e-05  maxQ +0.0514  changes   134  4.3 min
episode 573/1013  eps 0.010  train return   +7.83%  loss 5.99e-05  maxQ +0.0513  changes   111  4.3 min
episode 574/1013  eps 0.010  train return  -25.91%  loss 6.20e-05  maxQ +0.0510  changes   110  4.4 min
episode 575/1013  eps 0.010  train return  +38.69%  loss 6.03e-05  maxQ +0.0506  changes    75  4.4 min
episode 576/1013  eps 0.010  train return  -15.76%  loss 6.19e-05  maxQ +0.0503  changes   121  4.4 min
episode 577/1013  eps 0.010  train return  +27.75%  loss 6.18e-05  maxQ +0.0508  changes   181  4.4 min
episode 578/1013  eps 0.010  train return   -6.63%  loss 6.31e-05  maxQ +0.0500  changes   145  4.4 min
episode 579/1013  eps 0.010  train return  -17.13%  loss 6.08e-05  maxQ +0.0492  changes   171  4.4 min
episode 580/1013  eps 0.010  train return   -4.48%  loss 6.28e-05  maxQ +0.0489  changes   162  4.4 min | val return +6.52% (best +19.42%)
episode 581/1013  eps 0.010  train return   +8.99%  loss 6.15e-05  maxQ +0.0485  changes   141  4.4 min
episode 582/1013  eps 0.010  train return  -10.06%  loss 6.01e-05  maxQ +0.0482  changes   202  4.4 min
episode 583/1013  eps 0.010  train return   -9.80%  loss 5.98e-05  maxQ +0.0499  changes   162  4.4 min
episode 584/1013  eps 0.010  train return   -6.83%  loss 6.59e-05  maxQ +0.0492  changes   128  4.4 min
episode 585/1013  eps 0.010  train return  -15.46%  loss 6.56e-05  maxQ +0.0492  changes   151  4.4 min
episode 586/1013  eps 0.010  train return   +6.21%  loss 6.33e-05  maxQ +0.0480  changes   195  4.4 min
episode 587/1013  eps 0.010  train return  -14.43%  loss 6.58e-05  maxQ +0.0477  changes   183  4.4 min
episode 588/1013  eps 0.010  train return  -22.92%  loss 6.17e-05  maxQ +0.0472  changes   146  4.5 min
episode 589/1013  eps 0.010  train return  -14.04%  loss 6.40e-05  maxQ +0.0478  changes   156  4.5 min
episode 590/1013  eps 0.010  train return   +3.58%  loss 6.08e-05  maxQ +0.0472  changes   132  4.5 min | val return -2.78% (best +19.42%)
episode 591/1013  eps 0.010  train return   -4.89%  loss 5.87e-05  maxQ +0.0465  changes   213  4.5 min
episode 592/1013  eps 0.010  train return  -24.30%  loss 6.02e-05  maxQ +0.0461  changes   154  4.5 min
episode 593/1013  eps 0.010  train return  -12.01%  loss 6.08e-05  maxQ +0.0465  changes   184  4.5 min
episode 594/1013  eps 0.010  train return   +7.67%  loss 5.43e-05  maxQ +0.0469  changes   152  4.5 min
episode 595/1013  eps 0.010  train return   -7.81%  loss 5.78e-05  maxQ +0.0471  changes   146  4.5 min
episode 596/1013  eps 0.010  train return   +2.11%  loss 5.66e-05  maxQ +0.0478  changes    96  4.5 min
episode 597/1013  eps 0.010  train return   -1.39%  loss 5.83e-05  maxQ +0.0489  changes   202  4.5 min
episode 598/1013  eps 0.010  train return   -2.20%  loss 5.85e-05  maxQ +0.0492  changes   137  4.5 min
episode 599/1013  eps 0.010  train return  -14.33%  loss 5.58e-05  maxQ +0.0499  changes   180  4.5 min
episode 600/1013  eps 0.010  train return   +7.22%  loss 5.77e-05  maxQ +0.0488  changes   194  4.5 min | val return -2.20% (best +19.42%)
episode 601/1013  eps 0.010  train return  -11.99%  loss 5.76e-05  maxQ +0.0491  changes   181  4.6 min
episode 602/1013  eps 0.010  train return   +5.52%  loss 5.70e-05  maxQ +0.0485  changes   183  4.6 min
episode 603/1013  eps 0.010  train return   -3.89%  loss 5.52e-05  maxQ +0.0496  changes   209  4.6 min
episode 604/1013  eps 0.010  train return  -26.54%  loss 5.42e-05  maxQ +0.0491  changes   294  4.6 min
episode 605/1013  eps 0.010  train return  +21.30%  loss 5.21e-05  maxQ +0.0485  changes   186  4.6 min
episode 606/1013  eps 0.010  train return  +11.18%  loss 5.54e-05  maxQ +0.0486  changes   252  4.6 min
episode 607/1013  eps 0.010  train return  -11.58%  loss 5.45e-05  maxQ +0.0475  changes   170  4.6 min
episode 608/1013  eps 0.010  train return   -4.75%  loss 5.46e-05  maxQ +0.0474  changes   136  4.6 min
episode 609/1013  eps 0.010  train return  +50.55%  loss 5.92e-05  maxQ +0.0470  changes   212  4.6 min
episode 610/1013  eps 0.010  train return   -6.56%  loss 7.09e-05  maxQ +0.0471  changes   168  4.6 min | val return -1.73% (best +19.42%)
episode 611/1013  eps 0.010  train return  -17.44%  loss 6.68e-05  maxQ +0.0467  changes   154  4.6 min
episode 612/1013  eps 0.010  train return  +10.88%  loss 6.50e-05  maxQ +0.0465  changes   104  4.6 min
episode 613/1013  eps 0.010  train return  +15.74%  loss 6.31e-05  maxQ +0.0468  changes   193  4.6 min
episode 614/1013  eps 0.010  train return   -8.36%  loss 6.74e-05  maxQ +0.0467  changes   222  4.6 min
episode 615/1013  eps 0.010  train return   -4.41%  loss 6.49e-05  maxQ +0.0464  changes   231  4.7 min
episode 616/1013  eps 0.010  train return  +21.60%  loss 6.13e-05  maxQ +0.0474  changes   149  4.7 min
episode 617/1013  eps 0.010  train return  +29.47%  loss 6.36e-05  maxQ +0.0471  changes   216  4.7 min
episode 618/1013  eps 0.010  train return  -14.55%  loss 6.30e-05  maxQ +0.0469  changes   137  4.7 min
episode 619/1013  eps 0.010  train return   -0.66%  loss 5.85e-05  maxQ +0.0466  changes   252  4.7 min
episode 620/1013  eps 0.010  train return  +47.91%  loss 5.86e-05  maxQ +0.0463  changes   162  4.7 min | val return -11.50% (best +19.42%)
episode 621/1013  eps 0.010  train return   -3.40%  loss 5.79e-05  maxQ +0.0457  changes   147  4.7 min
episode 622/1013  eps 0.010  train return   -9.95%  loss 5.53e-05  maxQ +0.0460  changes    88  4.7 min
episode 623/1013  eps 0.010  train return  +42.02%  loss 5.70e-05  maxQ +0.0466  changes   115  4.7 min
episode 624/1013  eps 0.010  train return  +14.41%  loss 5.54e-05  maxQ +0.0468  changes   177  4.7 min
episode 625/1013  eps 0.010  train return  -11.85%  loss 6.13e-05  maxQ +0.0460  changes   166  4.7 min
episode 626/1013  eps 0.010  train return  +12.61%  loss 5.78e-05  maxQ +0.0461  changes   165  4.7 min
episode 627/1013  eps 0.010  train return  +14.40%  loss 6.01e-05  maxQ +0.0460  changes   262  4.7 min
episode 628/1013  eps 0.010  train return   +2.88%  loss 5.80e-05  maxQ +0.0460  changes   206  4.7 min
episode 629/1013  eps 0.010  train return  -14.00%  loss 5.54e-05  maxQ +0.0447  changes   204  4.8 min
episode 630/1013  eps 0.010  train return   -0.49%  loss 5.99e-05  maxQ +0.0447  changes   170  4.8 min | val return -5.75% (best +19.42%)
episode 631/1013  eps 0.010  train return   +0.08%  loss 5.51e-05  maxQ +0.0440  changes   161  4.8 min
episode 632/1013  eps 0.010  train return  +21.74%  loss 5.58e-05  maxQ +0.0434  changes   181  4.8 min
episode 633/1013  eps 0.010  train return  +11.03%  loss 5.79e-05  maxQ +0.0435  changes   312  4.8 min
episode 634/1013  eps 0.010  train return   -1.53%  loss 5.98e-05  maxQ +0.0437  changes   211  4.8 min
episode 635/1013  eps 0.010  train return  -31.54%  loss 6.19e-05  maxQ +0.0437  changes   181  4.8 min
episode 636/1013  eps 0.010  train return   -3.72%  loss 6.11e-05  maxQ +0.0430  changes   244  4.8 min
episode 637/1013  eps 0.010  train return  -13.01%  loss 6.36e-05  maxQ +0.0432  changes   142  4.8 min
episode 638/1013  eps 0.010  train return   -7.59%  loss 6.28e-05  maxQ +0.0431  changes   265  4.8 min
episode 639/1013  eps 0.010  train return  +26.75%  loss 5.84e-05  maxQ +0.0425  changes   237  4.8 min
episode 640/1013  eps 0.010  train return   +7.68%  loss 5.88e-05  maxQ +0.0422  changes   214  4.8 min | val return +12.34% (best +19.42%)
episode 641/1013  eps 0.010  train return  +12.97%  loss 6.07e-05  maxQ +0.0419  changes   223  4.8 min
episode 642/1013  eps 0.010  train return  +17.81%  loss 6.39e-05  maxQ +0.0420  changes   176  4.9 min
episode 643/1013  eps 0.010  train return   +7.82%  loss 6.22e-05  maxQ +0.0426  changes   160  4.9 min
episode 644/1013  eps 0.010  train return  +16.79%  loss 5.72e-05  maxQ +0.0421  changes   168  4.9 min
episode 645/1013  eps 0.010  train return   -8.99%  loss 6.02e-05  maxQ +0.0429  changes   143  4.9 min
episode 646/1013  eps 0.010  train return   +5.73%  loss 6.11e-05  maxQ +0.0428  changes   268  4.9 min
episode 647/1013  eps 0.010  train return +137.36%  loss 6.17e-05  maxQ +0.0429  changes   235  4.9 min
episode 648/1013  eps 0.010  train return  -19.67%  loss 5.79e-05  maxQ +0.0432  changes   281  4.9 min
episode 649/1013  eps 0.010  train return  -23.44%  loss 6.28e-05  maxQ +0.0425  changes   300  4.9 min
episode 650/1013  eps 0.010  train return   +8.21%  loss 6.19e-05  maxQ +0.0433  changes   372  4.9 min | val return +0.92% (best +19.42%)
episode 651/1013  eps 0.010  train return  -15.27%  loss 6.12e-05  maxQ +0.0434  changes   159  4.9 min
episode 652/1013  eps 0.010  train return   +3.62%  loss 6.36e-05  maxQ +0.0431  changes   143  4.9 min
episode 653/1013  eps 0.010  train return   -2.59%  loss 5.77e-05  maxQ +0.0430  changes    75  4.9 min
episode 654/1013  eps 0.010  train return  -17.17%  loss 6.19e-05  maxQ +0.0426  changes   143  4.9 min
episode 655/1013  eps 0.010  train return  -13.39%  loss 6.42e-05  maxQ +0.0432  changes   160  4.9 min
episode 656/1013  eps 0.010  train return  +26.88%  loss 6.70e-05  maxQ +0.0425  changes   165  5.0 min
episode 657/1013  eps 0.010  train return  -14.32%  loss 6.60e-05  maxQ +0.0430  changes   122  5.0 min
episode 658/1013  eps 0.010  train return   +2.93%  loss 6.58e-05  maxQ +0.0427  changes   222  5.0 min
episode 659/1013  eps 0.010  train return  -13.18%  loss 6.63e-05  maxQ +0.0424  changes   198  5.0 min
episode 660/1013  eps 0.010  train return  +44.57%  loss 6.66e-05  maxQ +0.0430  changes   179  5.0 min | val return +10.18% (best +19.42%)
episode 661/1013  eps 0.010  train return  +78.68%  loss 6.58e-05  maxQ +0.0428  changes   342  5.0 min
episode 662/1013  eps 0.010  train return  +26.24%  loss 7.07e-05  maxQ +0.0427  changes   191  5.0 min
episode 663/1013  eps 0.010  train return  +19.90%  loss 7.29e-05  maxQ +0.0426  changes   173  5.0 min
episode 664/1013  eps 0.010  train return  +15.12%  loss 7.50e-05  maxQ +0.0420  changes   297  5.0 min
episode 665/1013  eps 0.010  train return  +18.94%  loss 7.28e-05  maxQ +0.0424  changes   169  5.0 min
episode 666/1013  eps 0.010  train return  -10.57%  loss 7.87e-05  maxQ +0.0424  changes   216  5.0 min
episode 667/1013  eps 0.010  train return   +2.53%  loss 7.62e-05  maxQ +0.0426  changes   127  5.0 min
episode 668/1013  eps 0.010  train return  +29.56%  loss 7.49e-05  maxQ +0.0421  changes   178  5.0 min
episode 669/1013  eps 0.010  train return  -12.23%  loss 8.12e-05  maxQ +0.0423  changes   200  5.0 min
episode 670/1013  eps 0.010  train return  +51.14%  loss 7.95e-05  maxQ +0.0429  changes   429  5.1 min | val return -17.05% (best +19.42%)
episode 671/1013  eps 0.010  train return  +73.62%  loss 7.88e-05  maxQ +0.0440  changes   247  5.1 min
episode 672/1013  eps 0.010  train return  +17.23%  loss 8.23e-05  maxQ +0.0423  changes    67  5.1 min
episode 673/1013  eps 0.010  train return   +6.95%  loss 7.71e-05  maxQ +0.0429  changes   263  5.1 min
episode 674/1013  eps 0.010  train return  -11.56%  loss 8.03e-05  maxQ +0.0441  changes   166  5.1 min
episode 675/1013  eps 0.010  train return  -37.35%  loss 7.77e-05  maxQ +0.0435  changes   236  5.1 min
episode 676/1013  eps 0.010  train return   +1.36%  loss 7.97e-05  maxQ +0.0453  changes   219  5.1 min
episode 677/1013  eps 0.010  train return  -15.93%  loss 8.19e-05  maxQ +0.0453  changes   218  5.1 min
episode 678/1013  eps 0.010  train return   -3.69%  loss 8.00e-05  maxQ +0.0455  changes    95  5.1 min
episode 679/1013  eps 0.010  train return  -20.43%  loss 7.54e-05  maxQ +0.0467  changes   345  5.1 min
episode 680/1013  eps 0.010  train return  -19.80%  loss 8.32e-05  maxQ +0.0472  changes   133  5.1 min | val return -9.25% (best +19.42%)
episode 681/1013  eps 0.010  train return   +4.53%  loss 8.90e-05  maxQ +0.0468  changes   144  5.1 min
episode 682/1013  eps 0.010  train return   -7.46%  loss 8.91e-05  maxQ +0.0472  changes   140  5.1 min
episode 683/1013  eps 0.010  train return   +7.48%  loss 8.48e-05  maxQ +0.0471  changes   170  5.2 min
episode 684/1013  eps 0.010  train return  -27.25%  loss 7.87e-05  maxQ +0.0467  changes   178  5.2 min
episode 685/1013  eps 0.010  train return  -20.33%  loss 8.80e-05  maxQ +0.0485  changes   166  5.2 min
episode 686/1013  eps 0.010  train return  -24.55%  loss 8.43e-05  maxQ +0.0479  changes   236  5.2 min
episode 687/1013  eps 0.010  train return   +0.82%  loss 8.63e-05  maxQ +0.0476  changes   187  5.2 min
episode 688/1013  eps 0.010  train return   -5.29%  loss 8.82e-05  maxQ +0.0473  changes   137  5.2 min
episode 689/1013  eps 0.010  train return  -26.34%  loss 8.81e-05  maxQ +0.0480  changes    69  5.2 min
episode 690/1013  eps 0.010  train return   +7.90%  loss 8.84e-05  maxQ +0.0475  changes   139  5.2 min | val return +25.93% (best +25.93%)
episode 691/1013  eps 0.010  train return  -12.05%  loss 8.57e-05  maxQ +0.0473  changes   183  5.2 min
episode 692/1013  eps 0.010  train return  -15.76%  loss 9.42e-05  maxQ +0.0465  changes   338  5.2 min
episode 693/1013  eps 0.010  train return  -22.50%  loss 8.37e-05  maxQ +0.0468  changes   175  5.2 min
episode 694/1013  eps 0.010  train return  -15.03%  loss 9.07e-05  maxQ +0.0474  changes   117  5.2 min
episode 695/1013  eps 0.010  train return  -20.94%  loss 9.16e-05  maxQ +0.0480  changes   196  5.2 min
episode 696/1013  eps 0.010  train return   -2.92%  loss 9.23e-05  maxQ +0.0474  changes   152  5.3 min
episode 697/1013  eps 0.010  train return  -40.20%  loss 9.80e-05  maxQ +0.0470  changes   185  5.3 min
episode 698/1013  eps 0.010  train return  +39.64%  loss 9.93e-05  maxQ +0.0469  changes   240  5.3 min
episode 699/1013  eps 0.010  train return  +21.81%  loss 1.01e-04  maxQ +0.0466  changes   157  5.3 min
episode 700/1013  eps 0.010  train return   +3.35%  loss 1.03e-04  maxQ +0.0469  changes   235  5.3 min | val return -26.13% (best +25.93%)
episode 701/1013  eps 0.010  train return  -14.63%  loss 1.04e-04  maxQ +0.0466  changes   250  5.3 min
episode 702/1013  eps 0.010  train return  -22.75%  loss 9.86e-05  maxQ +0.0464  changes   162  5.3 min
episode 703/1013  eps 0.010  train return   +5.70%  loss 9.70e-05  maxQ +0.0462  changes   157  5.3 min
episode 704/1013  eps 0.010  train return   -4.18%  loss 9.43e-05  maxQ +0.0456  changes   221  5.3 min
episode 705/1013  eps 0.010  train return  -13.71%  loss 9.31e-05  maxQ +0.0458  changes   121  5.3 min
episode 706/1013  eps 0.010  train return  +16.52%  loss 8.98e-05  maxQ +0.0446  changes   196  5.3 min
episode 707/1013  eps 0.010  train return  -10.78%  loss 9.74e-05  maxQ +0.0444  changes   189  5.3 min
episode 708/1013  eps 0.010  train return   -4.76%  loss 9.92e-05  maxQ +0.0444  changes   176  5.3 min
episode 709/1013  eps 0.010  train return  -13.60%  loss 1.00e-04  maxQ +0.0451  changes   152  5.4 min
episode 710/1013  eps 0.010  train return  +43.79%  loss 9.73e-05  maxQ +0.0448  changes   258  5.4 min | val return -29.34% (best +25.93%)
episode 711/1013  eps 0.010  train return   -5.21%  loss 9.72e-05  maxQ +0.0436  changes   191  5.4 min
episode 712/1013  eps 0.010  train return  +10.86%  loss 1.00e-04  maxQ +0.0439  changes   115  5.4 min
episode 713/1013  eps 0.010  train return   +3.47%  loss 9.76e-05  maxQ +0.0444  changes   171  5.4 min
episode 714/1013  eps 0.010  train return  -12.01%  loss 1.00e-04  maxQ +0.0438  changes   200  5.4 min
episode 715/1013  eps 0.010  train return  +36.56%  loss 9.60e-05  maxQ +0.0441  changes   251  5.4 min
episode 716/1013  eps 0.010  train return   -5.41%  loss 9.87e-05  maxQ +0.0442  changes   210  5.4 min
episode 717/1013  eps 0.010  train return   -0.88%  loss 9.88e-05  maxQ +0.0437  changes   279  5.4 min
episode 718/1013  eps 0.010  train return  -11.23%  loss 9.73e-05  maxQ +0.0437  changes   130  5.4 min
episode 719/1013  eps 0.010  train return   -8.90%  loss 9.48e-05  maxQ +0.0435  changes   228  5.4 min
episode 720/1013  eps 0.010  train return  -13.02%  loss 9.58e-05  maxQ +0.0442  changes   123  5.4 min | val return -2.72% (best +25.93%)
episode 721/1013  eps 0.010  train return   -5.42%  loss 1.00e-04  maxQ +0.0446  changes   217  5.4 min
episode 722/1013  eps 0.010  train return  -22.91%  loss 9.99e-05  maxQ +0.0435  changes   248  5.5 min
episode 723/1013  eps 0.010  train return   -5.71%  loss 1.00e-04  maxQ +0.0433  changes   240  5.5 min
episode 724/1013  eps 0.010  train return   -4.44%  loss 9.87e-05  maxQ +0.0434  changes   308  5.5 min
episode 725/1013  eps 0.010  train return   -1.32%  loss 9.95e-05  maxQ +0.0431  changes   278  5.5 min
episode 726/1013  eps 0.010  train return  +62.20%  loss 9.04e-05  maxQ +0.0431  changes   191  5.5 min
episode 727/1013  eps 0.010  train return   +9.39%  loss 9.51e-05  maxQ +0.0421  changes   252  5.5 min
episode 728/1013  eps 0.010  train return  -33.35%  loss 9.44e-05  maxQ +0.0418  changes   236  5.5 min
episode 729/1013  eps 0.010  train return   -2.88%  loss 9.48e-05  maxQ +0.0425  changes   273  5.5 min
episode 730/1013  eps 0.010  train return  -13.66%  loss 9.34e-05  maxQ +0.0418  changes   189  5.5 min | val return -2.71% (best +25.93%)
episode 731/1013  eps 0.010  train return   -3.54%  loss 9.18e-05  maxQ +0.0410  changes   155  5.5 min
episode 732/1013  eps 0.010  train return   -2.29%  loss 8.48e-05  maxQ +0.0412  changes   134  5.5 min
episode 733/1013  eps 0.010  train return   +1.51%  loss 8.65e-05  maxQ +0.0411  changes   186  5.5 min
episode 734/1013  eps 0.010  train return   +2.95%  loss 9.20e-05  maxQ +0.0407  changes   240  5.5 min
episode 735/1013  eps 0.010  train return  -32.99%  loss 8.74e-05  maxQ +0.0415  changes   103  5.5 min
episode 736/1013  eps 0.010  train return  -32.18%  loss 8.14e-05  maxQ +0.0402  changes   143  5.6 min
episode 737/1013  eps 0.010  train return   +5.52%  loss 9.01e-05  maxQ +0.0396  changes   135  5.6 min
episode 738/1013  eps 0.010  train return  -30.49%  loss 8.69e-05  maxQ +0.0395  changes   157  5.6 min
episode 739/1013  eps 0.010  train return  -22.94%  loss 8.59e-05  maxQ +0.0388  changes    93  5.6 min
episode 740/1013  eps 0.010  train return  +14.91%  loss 9.04e-05  maxQ +0.0381  changes   120  5.6 min | val return +13.22% (best +25.93%)
episode 741/1013  eps 0.010  train return   -3.90%  loss 8.37e-05  maxQ +0.0383  changes    90  5.6 min
episode 742/1013  eps 0.010  train return  -22.16%  loss 8.91e-05  maxQ +0.0378  changes   106  5.6 min
episode 743/1013  eps 0.010  train return  -13.24%  loss 9.01e-05  maxQ +0.0374  changes    67  5.6 min
episode 744/1013  eps 0.010  train return   -3.12%  loss 8.64e-05  maxQ +0.0366  changes    75  5.6 min
episode 745/1013  eps 0.010  train return   +3.07%  loss 8.22e-05  maxQ +0.0372  changes    85  5.6 min
episode 746/1013  eps 0.010  train return   +9.41%  loss 8.56e-05  maxQ +0.0372  changes    49  5.6 min
episode 747/1013  eps 0.010  train return  -10.88%  loss 8.33e-05  maxQ +0.0374  changes    58  5.6 min
episode 748/1013  eps 0.010  train return   +1.06%  loss 8.25e-05  maxQ +0.0365  changes    71  5.6 min
episode 749/1013  eps 0.010  train return  -18.60%  loss 6.76e-05  maxQ +0.0359  changes    79  5.6 min
episode 750/1013  eps 0.010  train return  +15.99%  loss 6.77e-05  maxQ +0.0355  changes    85  5.7 min | val return +6.15% (best +25.93%)
episode 751/1013  eps 0.010  train return  -29.62%  loss 6.60e-05  maxQ +0.0348  changes    94  5.7 min
episode 752/1013  eps 0.010  train return  -15.26%  loss 7.08e-05  maxQ +0.0344  changes    76  5.7 min
episode 753/1013  eps 0.010  train return  -21.40%  loss 6.78e-05  maxQ +0.0345  changes    62  5.7 min
episode 754/1013  eps 0.010  train return   -8.91%  loss 6.86e-05  maxQ +0.0338  changes    85  5.7 min
episode 755/1013  eps 0.010  train return   +3.42%  loss 6.97e-05  maxQ +0.0336  changes    82  5.7 min
episode 756/1013  eps 0.010  train return  -11.67%  loss 6.80e-05  maxQ +0.0334  changes    64  5.7 min
episode 757/1013  eps 0.010  train return   -8.32%  loss 6.86e-05  maxQ +0.0332  changes   121  5.7 min
episode 758/1013  eps 0.010  train return  -34.85%  loss 6.12e-05  maxQ +0.0331  changes    88  5.7 min
episode 759/1013  eps 0.010  train return   -1.05%  loss 5.99e-05  maxQ +0.0327  changes   161  5.7 min
episode 760/1013  eps 0.010  train return  +14.69%  loss 6.10e-05  maxQ +0.0334  changes   138  5.7 min | val return -22.00% (best +25.93%)
episode 761/1013  eps 0.010  train return   -4.56%  loss 5.94e-05  maxQ +0.0333  changes   142  5.7 min
episode 762/1013  eps 0.010  train return   +0.15%  loss 6.06e-05  maxQ +0.0324  changes    64  5.7 min
episode 763/1013  eps 0.010  train return   -5.20%  loss 6.07e-05  maxQ +0.0324  changes   130  5.8 min
episode 764/1013  eps 0.010  train return  -13.38%  loss 5.95e-05  maxQ +0.0327  changes   110  5.8 min
episode 765/1013  eps 0.010  train return  +12.19%  loss 6.21e-05  maxQ +0.0334  changes   242  5.8 min
episode 766/1013  eps 0.010  train return   +5.72%  loss 6.03e-05  maxQ +0.0334  changes   208  5.8 min
episode 767/1013  eps 0.010  train return   -9.82%  loss 5.27e-05  maxQ +0.0328  changes    75  5.8 min
episode 768/1013  eps 0.010  train return   -3.09%  loss 5.59e-05  maxQ +0.0324  changes   118  5.8 min
episode 769/1013  eps 0.010  train return  -15.81%  loss 5.67e-05  maxQ +0.0325  changes    95  5.8 min
episode 770/1013  eps 0.010  train return  -17.64%  loss 5.50e-05  maxQ +0.0327  changes    94  5.8 min | val return -10.44% (best +25.93%)
episode 771/1013  eps 0.010  train return   +3.67%  loss 5.22e-05  maxQ +0.0330  changes    94  5.8 min
episode 772/1013  eps 0.010  train return   -2.55%  loss 5.04e-05  maxQ +0.0327  changes   101  5.8 min
episode 773/1013  eps 0.010  train return  -11.24%  loss 4.96e-05  maxQ +0.0328  changes    89  5.8 min
episode 774/1013  eps 0.010  train return   -7.01%  loss 4.51e-05  maxQ +0.0323  changes   137  5.8 min
episode 775/1013  eps 0.010  train return   -3.60%  loss 4.77e-05  maxQ +0.0323  changes   119  5.8 min
episode 776/1013  eps 0.010  train return  +11.67%  loss 4.53e-05  maxQ +0.0323  changes    98  5.8 min
episode 777/1013  eps 0.010  train return  +32.70%  loss 4.55e-05  maxQ +0.0328  changes    72  5.9 min
episode 778/1013  eps 0.010  train return  -29.71%  loss 4.42e-05  maxQ +0.0325  changes    96  5.9 min
episode 779/1013  eps 0.010  train return  +10.38%  loss 4.63e-05  maxQ +0.0324  changes   134  5.9 min
episode 780/1013  eps 0.010  train return  -13.64%  loss 4.88e-05  maxQ +0.0320  changes   219  5.9 min | val return +1.52% (best +25.93%)
episode 781/1013  eps 0.010  train return  -25.88%  loss 4.73e-05  maxQ +0.0323  changes   120  5.9 min
episode 782/1013  eps 0.010  train return   +3.96%  loss 5.00e-05  maxQ +0.0319  changes   232  5.9 min
episode 783/1013  eps 0.010  train return  -29.38%  loss 5.12e-05  maxQ +0.0326  changes   117  5.9 min
episode 784/1013  eps 0.010  train return  +19.45%  loss 4.88e-05  maxQ +0.0332  changes   174  5.9 min
episode 785/1013  eps 0.010  train return   +1.14%  loss 4.97e-05  maxQ +0.0325  changes   149  5.9 min
episode 786/1013  eps 0.010  train return  +19.39%  loss 5.10e-05  maxQ +0.0324  changes    76  5.9 min
episode 787/1013  eps 0.010  train return   -0.70%  loss 5.05e-05  maxQ +0.0324  changes    88  5.9 min
episode 788/1013  eps 0.010  train return  +48.14%  loss 4.78e-05  maxQ +0.0313  changes   164  5.9 min
episode 789/1013  eps 0.010  train return   +7.72%  loss 4.47e-05  maxQ +0.0319  changes    59  5.9 min
episode 790/1013  eps 0.010  train return  -11.80%  loss 4.68e-05  maxQ +0.0318  changes    83  6.0 min | val return -2.71% (best +25.93%)
episode 791/1013  eps 0.010  train return  -11.30%  loss 4.91e-05  maxQ +0.0316  changes    92  6.0 min
episode 792/1013  eps 0.010  train return   -6.78%  loss 4.99e-05  maxQ +0.0315  changes   123  6.0 min
episode 793/1013  eps 0.010  train return   -1.05%  loss 4.84e-05  maxQ +0.0312  changes    97  6.0 min
episode 794/1013  eps 0.010  train return   +2.34%  loss 4.93e-05  maxQ +0.0311  changes    83  6.0 min
episode 795/1013  eps 0.010  train return  +12.37%  loss 4.89e-05  maxQ +0.0306  changes    64  6.0 min
episode 796/1013  eps 0.010  train return  -26.03%  loss 4.84e-05  maxQ +0.0304  changes    44  6.0 min
episode 797/1013  eps 0.010  train return  -13.25%  loss 4.86e-05  maxQ +0.0305  changes   101  6.0 min
episode 798/1013  eps 0.010  train return  +12.02%  loss 4.75e-05  maxQ +0.0298  changes    64  6.0 min
episode 799/1013  eps 0.010  train return   +6.94%  loss 4.77e-05  maxQ +0.0300  changes    90  6.0 min
episode 800/1013  eps 0.010  train return  -30.48%  loss 4.81e-05  maxQ +0.0297  changes   132  6.0 min | val return -0.75% (best +25.93%)
episode 801/1013  eps 0.010  train return   +4.45%  loss 5.04e-05  maxQ +0.0293  changes    70  6.0 min
episode 802/1013  eps 0.010  train return  -20.77%  loss 4.88e-05  maxQ +0.0294  changes    89  6.0 min
episode 803/1013  eps 0.010  train return +101.69%  loss 5.35e-05  maxQ +0.0295  changes   150  6.1 min
episode 804/1013  eps 0.010  train return  +10.53%  loss 4.91e-05  maxQ +0.0297  changes   144  6.1 min
episode 805/1013  eps 0.010  train return  +12.75%  loss 5.02e-05  maxQ +0.0294  changes   164  6.1 min
episode 806/1013  eps 0.010  train return   -8.89%  loss 5.01e-05  maxQ +0.0297  changes   154  6.1 min
episode 807/1013  eps 0.010  train return   -5.56%  loss 5.47e-05  maxQ +0.0295  changes   187  6.1 min
episode 808/1013  eps 0.010  train return  -14.83%  loss 5.35e-05  maxQ +0.0294  changes   100  6.1 min
episode 809/1013  eps 0.010  train return  +13.41%  loss 5.06e-05  maxQ +0.0300  changes   100  6.1 min
episode 810/1013  eps 0.010  train return  -16.31%  loss 5.25e-05  maxQ +0.0303  changes   202  6.1 min | val return -7.47% (best +25.93%)
episode 811/1013  eps 0.010  train return  +18.55%  loss 5.32e-05  maxQ +0.0305  changes   214  6.1 min
episode 812/1013  eps 0.010  train return  -25.38%  loss 5.24e-05  maxQ +0.0304  changes   166  6.1 min
episode 813/1013  eps 0.010  train return  +43.79%  loss 5.26e-05  maxQ +0.0313  changes   167  6.1 min
episode 814/1013  eps 0.010  train return  -38.32%  loss 4.81e-05  maxQ +0.0324  changes   123  6.1 min
episode 815/1013  eps 0.010  train return   -0.83%  loss 4.86e-05  maxQ +0.0323  changes   138  6.2 min
episode 816/1013  eps 0.010  train return  -19.38%  loss 5.22e-05  maxQ +0.0325  changes   176  6.2 min
episode 817/1013  eps 0.010  train return  +16.76%  loss 5.33e-05  maxQ +0.0329  changes   177  6.2 min
episode 818/1013  eps 0.010  train return  -16.90%  loss 5.30e-05  maxQ +0.0328  changes    98  6.2 min
episode 819/1013  eps 0.010  train return  +30.09%  loss 5.51e-05  maxQ +0.0326  changes   241  6.2 min
episode 820/1013  eps 0.010  train return  +18.77%  loss 5.90e-05  maxQ +0.0324  changes    96  6.2 min | val return +4.16% (best +25.93%)
episode 821/1013  eps 0.010  train return  -19.56%  loss 5.58e-05  maxQ +0.0331  changes   203  6.2 min
episode 822/1013  eps 0.010  train return  +60.81%  loss 5.89e-05  maxQ +0.0332  changes   314  6.2 min
episode 823/1013  eps 0.010  train return  -13.67%  loss 6.08e-05  maxQ +0.0328  changes   175  6.2 min
episode 824/1013  eps 0.010  train return   +3.20%  loss 6.34e-05  maxQ +0.0334  changes   304  6.2 min
episode 825/1013  eps 0.010  train return  +15.01%  loss 6.23e-05  maxQ +0.0336  changes   273  6.2 min
episode 826/1013  eps 0.010  train return  +23.02%  loss 6.54e-05  maxQ +0.0337  changes   314  6.2 min
episode 827/1013  eps 0.010  train return  -14.11%  loss 6.37e-05  maxQ +0.0338  changes   196  6.2 min
episode 828/1013  eps 0.010  train return  +12.35%  loss 6.00e-05  maxQ +0.0345  changes   251  6.3 min
episode 829/1013  eps 0.010  train return  +36.62%  loss 6.29e-05  maxQ +0.0347  changes   106  6.3 min
episode 830/1013  eps 0.010  train return  +42.50%  loss 6.30e-05  maxQ +0.0343  changes   286  6.3 min | val return -0.23% (best +25.93%)
episode 831/1013  eps 0.010  train return  +22.00%  loss 6.37e-05  maxQ +0.0342  changes   238  6.3 min
episode 832/1013  eps 0.010  train return   -4.70%  loss 6.67e-05  maxQ +0.0352  changes   179  6.3 min
episode 833/1013  eps 0.010  train return  +35.08%  loss 6.51e-05  maxQ +0.0350  changes   174  6.3 min
episode 834/1013  eps 0.010  train return  +28.06%  loss 6.34e-05  maxQ +0.0348  changes   202  6.3 min
episode 835/1013  eps 0.010  train return   +9.08%  loss 6.77e-05  maxQ +0.0357  changes   363  6.3 min
episode 836/1013  eps 0.010  train return  -32.57%  loss 7.03e-05  maxQ +0.0375  changes   247  6.3 min
episode 837/1013  eps 0.010  train return  +26.84%  loss 6.94e-05  maxQ +0.0377  changes   161  6.3 min
episode 838/1013  eps 0.010  train return  -32.53%  loss 7.01e-05  maxQ +0.0376  changes    97  6.3 min
episode 839/1013  eps 0.010  train return  -16.52%  loss 7.32e-05  maxQ +0.0376  changes   175  6.3 min
episode 840/1013  eps 0.010  train return  -19.23%  loss 7.17e-05  maxQ +0.0372  changes   138  6.3 min | val return -11.60% (best +25.93%)
episode 841/1013  eps 0.010  train return  -28.79%  loss 7.82e-05  maxQ +0.0374  changes   239  6.4 min
episode 842/1013  eps 0.010  train return  +14.77%  loss 7.17e-05  maxQ +0.0375  changes   223  6.4 min
episode 843/1013  eps 0.010  train return  -12.25%  loss 6.82e-05  maxQ +0.0379  changes   334  6.4 min
episode 844/1013  eps 0.010  train return  -14.46%  loss 7.07e-05  maxQ +0.0389  changes   159  6.4 min
episode 845/1013  eps 0.010  train return  +26.33%  loss 7.21e-05  maxQ +0.0394  changes   131  6.4 min
episode 846/1013  eps 0.010  train return  +17.84%  loss 6.82e-05  maxQ +0.0393  changes   164  6.4 min
episode 847/1013  eps 0.010  train return  -26.63%  loss 6.81e-05  maxQ +0.0392  changes   180  6.4 min
episode 848/1013  eps 0.010  train return   -2.14%  loss 6.75e-05  maxQ +0.0391  changes   203  6.4 min
episode 849/1013  eps 0.010  train return  -16.50%  loss 7.08e-05  maxQ +0.0395  changes   138  6.4 min
episode 850/1013  eps 0.010  train return   +6.36%  loss 6.62e-05  maxQ +0.0394  changes   222  6.4 min | val return -4.60% (best +25.93%)
episode 851/1013  eps 0.010  train return  +34.43%  loss 6.58e-05  maxQ +0.0390  changes   284  6.4 min
episode 852/1013  eps 0.010  train return   -0.66%  loss 6.17e-05  maxQ +0.0382  changes   135  6.4 min
episode 853/1013  eps 0.010  train return   -8.78%  loss 6.60e-05  maxQ +0.0392  changes   173  6.5 min
episode 854/1013  eps 0.010  train return   -8.38%  loss 6.27e-05  maxQ +0.0384  changes   188  6.5 min
episode 855/1013  eps 0.010  train return   +9.19%  loss 6.21e-05  maxQ +0.0388  changes    90  6.5 min
episode 856/1013  eps 0.010  train return   -6.86%  loss 6.26e-05  maxQ +0.0389  changes   145  6.5 min
episode 857/1013  eps 0.010  train return   +2.04%  loss 6.19e-05  maxQ +0.0393  changes   100  6.5 min
episode 858/1013  eps 0.010  train return   -8.56%  loss 6.43e-05  maxQ +0.0392  changes   230  6.5 min
episode 859/1013  eps 0.010  train return   +0.63%  loss 6.56e-05  maxQ +0.0390  changes   101  6.5 min
episode 860/1013  eps 0.010  train return  -40.29%  loss 6.14e-05  maxQ +0.0389  changes   346  6.5 min | val return -17.20% (best +25.93%)
episode 861/1013  eps 0.010  train return  -14.49%  loss 7.00e-05  maxQ +0.0384  changes   137  6.5 min
episode 862/1013  eps 0.010  train return  +11.90%  loss 6.19e-05  maxQ +0.0392  changes   150  6.5 min
episode 863/1013  eps 0.010  train return   -9.90%  loss 6.42e-05  maxQ +0.0391  changes   132  6.5 min
episode 864/1013  eps 0.010  train return  +13.33%  loss 6.06e-05  maxQ +0.0389  changes   141  6.5 min
episode 865/1013  eps 0.010  train return  -10.83%  loss 6.30e-05  maxQ +0.0388  changes   138  6.5 min
episode 866/1013  eps 0.010  train return   -2.61%  loss 6.60e-05  maxQ +0.0388  changes   153  6.5 min
episode 867/1013  eps 0.010  train return  +18.08%  loss 6.91e-05  maxQ +0.0390  changes   195  6.6 min
episode 868/1013  eps 0.010  train return   -3.00%  loss 6.34e-05  maxQ +0.0398  changes   137  6.6 min
episode 869/1013  eps 0.010  train return  +19.86%  loss 6.13e-05  maxQ +0.0400  changes   238  6.6 min
episode 870/1013  eps 0.010  train return  -16.75%  loss 6.32e-05  maxQ +0.0396  changes   269  6.6 min | val return -2.03% (best +25.93%)
episode 871/1013  eps 0.010  train return  -27.55%  loss 6.07e-05  maxQ +0.0397  changes   177  6.6 min
episode 872/1013  eps 0.010  train return  -11.11%  loss 6.02e-05  maxQ +0.0387  changes   185  6.6 min
episode 873/1013  eps 0.010  train return   -2.18%  loss 5.83e-05  maxQ +0.0393  changes    97  6.6 min
episode 874/1013  eps 0.010  train return  -14.20%  loss 5.73e-05  maxQ +0.0391  changes   103  6.6 min
episode 875/1013  eps 0.010  train return  -36.79%  loss 5.71e-05  maxQ +0.0394  changes   219  6.6 min
episode 876/1013  eps 0.010  train return   +5.70%  loss 6.34e-05  maxQ +0.0389  changes   102  6.6 min
episode 877/1013  eps 0.010  train return   +4.81%  loss 6.25e-05  maxQ +0.0393  changes   137  6.6 min
episode 878/1013  eps 0.010  train return  -17.03%  loss 5.78e-05  maxQ +0.0397  changes    92  6.6 min
episode 879/1013  eps 0.010  train return   -2.79%  loss 6.12e-05  maxQ +0.0399  changes   276  6.6 min
episode 880/1013  eps 0.010  train return   +3.89%  loss 5.88e-05  maxQ +0.0395  changes   162  6.7 min | val return -10.10% (best +25.93%)
episode 881/1013  eps 0.010  train return  -12.62%  loss 6.17e-05  maxQ +0.0395  changes   142  6.7 min
episode 882/1013  eps 0.010  train return   -3.06%  loss 6.05e-05  maxQ +0.0393  changes    83  6.7 min
episode 883/1013  eps 0.010  train return   +3.93%  loss 5.70e-05  maxQ +0.0384  changes    86  6.7 min
episode 884/1013  eps 0.010  train return  -12.72%  loss 6.02e-05  maxQ +0.0385  changes   137  6.7 min
episode 885/1013  eps 0.010  train return  +33.84%  loss 6.12e-05  maxQ +0.0386  changes   111  6.7 min
episode 886/1013  eps 0.010  train return  +28.03%  loss 6.17e-05  maxQ +0.0387  changes    98  6.7 min
episode 887/1013  eps 0.010  train return  +11.46%  loss 5.89e-05  maxQ +0.0388  changes   175  6.7 min
episode 888/1013  eps 0.010  train return   +9.91%  loss 6.09e-05  maxQ +0.0385  changes   203  6.7 min
episode 889/1013  eps 0.010  train return  -15.72%  loss 5.96e-05  maxQ +0.0395  changes    91  6.7 min
episode 890/1013  eps 0.010  train return  +58.47%  loss 6.19e-05  maxQ +0.0391  changes   163  6.7 min | val return +2.03% (best +25.93%)
episode 891/1013  eps 0.010  train return   -7.77%  loss 5.94e-05  maxQ +0.0388  changes    62  6.7 min
episode 892/1013  eps 0.010  train return  -39.36%  loss 5.60e-05  maxQ +0.0388  changes    88  6.7 min
episode 893/1013  eps 0.010  train return   -7.46%  loss 5.64e-05  maxQ +0.0398  changes   217  6.8 min
episode 894/1013  eps 0.010  train return  -16.97%  loss 5.72e-05  maxQ +0.0396  changes    76  6.8 min
episode 895/1013  eps 0.010  train return   -8.25%  loss 5.60e-05  maxQ +0.0394  changes    85  6.8 min
episode 896/1013  eps 0.010  train return   -1.66%  loss 5.45e-05  maxQ +0.0398  changes    80  6.8 min
episode 897/1013  eps 0.010  train return  -15.91%  loss 5.45e-05  maxQ +0.0389  changes   117  6.8 min
episode 898/1013  eps 0.010  train return   -3.49%  loss 5.57e-05  maxQ +0.0391  changes    75  6.8 min
episode 899/1013  eps 0.010  train return   -8.58%  loss 5.67e-05  maxQ +0.0389  changes    54  6.8 min
episode 900/1013  eps 0.010  train return   -2.71%  loss 5.62e-05  maxQ +0.0381  changes    94  6.8 min | val return -8.53% (best +25.93%)
episode 901/1013  eps 0.010  train return   -8.85%  loss 5.42e-05  maxQ +0.0375  changes    70  6.8 min
episode 902/1013  eps 0.010  train return   -0.88%  loss 5.68e-05  maxQ +0.0373  changes   100  6.8 min
episode 903/1013  eps 0.010  train return  -10.24%  loss 5.22e-05  maxQ +0.0372  changes    86  6.8 min
episode 904/1013  eps 0.010  train return   +7.85%  loss 5.55e-05  maxQ +0.0372  changes   106  6.8 min
episode 905/1013  eps 0.010  train return  +16.46%  loss 5.37e-05  maxQ +0.0377  changes    50  6.8 min
episode 906/1013  eps 0.010  train return  -24.72%  loss 5.39e-05  maxQ +0.0371  changes    86  6.8 min
episode 907/1013  eps 0.010  train return  +15.57%  loss 5.35e-05  maxQ +0.0368  changes    55  6.8 min
episode 908/1013  eps 0.010  train return   -1.61%  loss 5.22e-05  maxQ +0.0373  changes    73  6.9 min
episode 909/1013  eps 0.010  train return  +37.67%  loss 5.41e-05  maxQ +0.0375  changes    75  6.9 min
episode 910/1013  eps 0.010  train return +100.19%  loss 5.75e-05  maxQ +0.0371  changes    70  6.9 min | val return -5.04% (best +25.93%)
episode 911/1013  eps 0.010  train return  -11.29%  loss 5.88e-05  maxQ +0.0380  changes    38  6.9 min
episode 912/1013  eps 0.010  train return  +27.41%  loss 6.06e-05  maxQ +0.0377  changes    71  6.9 min
episode 913/1013  eps 0.010  train return   +5.54%  loss 5.78e-05  maxQ +0.0378  changes    87  6.9 min
episode 914/1013  eps 0.010  train return  +12.35%  loss 6.22e-05  maxQ +0.0376  changes    82  6.9 min
episode 915/1013  eps 0.010  train return  +71.64%  loss 6.41e-05  maxQ +0.0374  changes   101  6.9 min
episode 916/1013  eps 0.010  train return   -7.75%  loss 6.32e-05  maxQ +0.0368  changes    81  6.9 min
episode 917/1013  eps 0.010  train return  +17.42%  loss 6.29e-05  maxQ +0.0369  changes    79  6.9 min
episode 918/1013  eps 0.010  train return  +38.26%  loss 6.30e-05  maxQ +0.0369  changes    60  6.9 min
episode 919/1013  eps 0.010  train return  +39.46%  loss 5.96e-05  maxQ +0.0375  changes    59  6.9 min
episode 920/1013  eps 0.010  train return  -10.89%  loss 6.12e-05  maxQ +0.0380  changes    51  6.9 min | val return -5.37% (best +25.93%)
episode 921/1013  eps 0.010  train return   +8.89%  loss 6.19e-05  maxQ +0.0381  changes    51  6.9 min
episode 922/1013  eps 0.010  train return   +2.16%  loss 6.27e-05  maxQ +0.0377  changes   108  7.0 min
episode 923/1013  eps 0.010  train return  +12.56%  loss 6.73e-05  maxQ +0.0379  changes    73  7.0 min
episode 924/1013  eps 0.010  train return  -42.07%  loss 6.67e-05  maxQ +0.0377  changes    96  7.0 min
episode 925/1013  eps 0.010  train return  -42.43%  loss 6.98e-05  maxQ +0.0378  changes    64  7.0 min
episode 926/1013  eps 0.010  train return  -12.50%  loss 6.91e-05  maxQ +0.0374  changes    56  7.0 min
episode 927/1013  eps 0.010  train return  +38.82%  loss 6.91e-05  maxQ +0.0372  changes    62  7.0 min
episode 928/1013  eps 0.010  train return   -6.03%  loss 6.97e-05  maxQ +0.0368  changes    59  7.0 min
episode 929/1013  eps 0.010  train return   -5.95%  loss 6.79e-05  maxQ +0.0370  changes    43  7.0 min
episode 930/1013  eps 0.010  train return   +4.72%  loss 6.68e-05  maxQ +0.0367  changes    80  7.0 min | val return -3.41% (best +25.93%)
episode 931/1013  eps 0.010  train return   -4.57%  loss 6.44e-05  maxQ +0.0373  changes    45  7.0 min
episode 932/1013  eps 0.010  train return  -11.47%  loss 6.63e-05  maxQ +0.0371  changes    76  7.0 min
episode 933/1013  eps 0.010  train return  -46.41%  loss 6.85e-05  maxQ +0.0367  changes    77  7.0 min
episode 934/1013  eps 0.010  train return   +1.31%  loss 6.89e-05  maxQ +0.0369  changes   113  7.0 min
episode 935/1013  eps 0.010  train return   -5.27%  loss 6.85e-05  maxQ +0.0367  changes    79  7.0 min
episode 936/1013  eps 0.010  train return   -2.93%  loss 6.85e-05  maxQ +0.0368  changes    50  7.0 min
episode 937/1013  eps 0.010  train return   +8.92%  loss 6.84e-05  maxQ +0.0364  changes    67  7.1 min
episode 938/1013  eps 0.010  train return   +6.61%  loss 7.05e-05  maxQ +0.0359  changes    79  7.1 min
episode 939/1013  eps 0.010  train return   -7.12%  loss 7.03e-05  maxQ +0.0357  changes    68  7.1 min
episode 940/1013  eps 0.010  train return   +2.37%  loss 6.98e-05  maxQ +0.0355  changes    64  7.1 min | val return -3.32% (best +25.93%)
episode 941/1013  eps 0.010  train return   -2.81%  loss 6.64e-05  maxQ +0.0356  changes    48  7.1 min
episode 942/1013  eps 0.010  train return   -7.85%  loss 6.77e-05  maxQ +0.0354  changes    65  7.1 min
episode 943/1013  eps 0.010  train return   +1.84%  loss 6.70e-05  maxQ +0.0352  changes    57  7.1 min
episode 944/1013  eps 0.010  train return  +15.98%  loss 6.57e-05  maxQ +0.0350  changes    62  7.1 min
episode 945/1013  eps 0.010  train return  +19.70%  loss 6.70e-05  maxQ +0.0352  changes    72  7.1 min
episode 946/1013  eps 0.010  train return   -0.54%  loss 6.66e-05  maxQ +0.0356  changes    91  7.1 min
episode 947/1013  eps 0.010  train return  -20.92%  loss 6.66e-05  maxQ +0.0362  changes    82  7.1 min
episode 948/1013  eps 0.010  train return  +17.33%  loss 6.71e-05  maxQ +0.0362  changes    72  7.1 min
episode 949/1013  eps 0.010  train return  -10.27%  loss 6.67e-05  maxQ +0.0361  changes    71  7.1 min
episode 950/1013  eps 0.010  train return  +36.39%  loss 6.78e-05  maxQ +0.0366  changes    80  7.1 min | val return -8.53% (best +25.93%)
episode 951/1013  eps 0.010  train return  +11.99%  loss 6.68e-05  maxQ +0.0356  changes    66  7.2 min
episode 952/1013  eps 0.010  train return  +23.63%  loss 6.64e-05  maxQ +0.0351  changes    70  7.2 min
episode 953/1013  eps 0.010  train return   -1.77%  loss 6.70e-05  maxQ +0.0355  changes    69  7.2 min
episode 954/1013  eps 0.010  train return   +6.68%  loss 6.46e-05  maxQ +0.0358  changes    99  7.2 min
episode 955/1013  eps 0.010  train return   +1.83%  loss 6.62e-05  maxQ +0.0357  changes   102  7.2 min
episode 956/1013  eps 0.010  train return  -10.26%  loss 6.44e-05  maxQ +0.0356  changes    75  7.2 min
episode 957/1013  eps 0.010  train return   -3.75%  loss 6.38e-05  maxQ +0.0354  changes    88  7.2 min
episode 958/1013  eps 0.010  train return  -56.31%  loss 6.55e-05  maxQ +0.0350  changes   139  7.2 min
episode 959/1013  eps 0.010  train return   +2.74%  loss 6.52e-05  maxQ +0.0345  changes    95  7.2 min
episode 960/1013  eps 0.010  train return  -28.60%  loss 6.45e-05  maxQ +0.0345  changes    83  7.2 min | val return -7.76% (best +25.93%)
episode 961/1013  eps 0.010  train return   +7.40%  loss 6.47e-05  maxQ +0.0346  changes    79  7.2 min
episode 962/1013  eps 0.010  train return   +8.00%  loss 6.51e-05  maxQ +0.0346  changes   121  7.2 min
episode 963/1013  eps 0.010  train return  -13.70%  loss 6.43e-05  maxQ +0.0347  changes   110  7.2 min
episode 964/1013  eps 0.010  train return   +2.93%  loss 6.82e-05  maxQ +0.0343  changes    60  7.2 min
episode 965/1013  eps 0.010  train return  -18.19%  loss 6.70e-05  maxQ +0.0339  changes   132  7.2 min
episode 966/1013  eps 0.010  train return   -4.34%  loss 6.83e-05  maxQ +0.0350  changes    92  7.3 min
episode 967/1013  eps 0.010  train return   -5.36%  loss 6.96e-05  maxQ +0.0350  changes    64  7.3 min
episode 968/1013  eps 0.010  train return  +18.64%  loss 6.96e-05  maxQ +0.0346  changes    80  7.3 min
episode 969/1013  eps 0.010  train return  +15.68%  loss 6.47e-05  maxQ +0.0351  changes    88  7.3 min
episode 970/1013  eps 0.010  train return  +26.57%  loss 6.65e-05  maxQ +0.0348  changes    83  7.3 min | val return -8.53% (best +25.93%)
episode 971/1013  eps 0.010  train return  -16.64%  loss 6.56e-05  maxQ +0.0353  changes    60  7.3 min
episode 972/1013  eps 0.010  train return  -21.38%  loss 6.68e-05  maxQ +0.0350  changes    74  7.3 min
episode 973/1013  eps 0.010  train return  +35.40%  loss 6.65e-05  maxQ +0.0354  changes    71  7.3 min
episode 974/1013  eps 0.010  train return  +23.90%  loss 6.69e-05  maxQ +0.0360  changes    69  7.3 min
episode 975/1013  eps 0.010  train return   +0.15%  loss 6.53e-05  maxQ +0.0355  changes    61  7.3 min
episode 976/1013  eps 0.010  train return  +26.03%  loss 6.13e-05  maxQ +0.0368  changes    72  7.3 min
episode 977/1013  eps 0.010  train return   +5.90%  loss 6.51e-05  maxQ +0.0360  changes    97  7.3 min
episode 978/1013  eps 0.010  train return  +16.09%  loss 6.61e-05  maxQ +0.0364  changes    67  7.3 min
episode 979/1013  eps 0.010  train return   +2.22%  loss 6.44e-05  maxQ +0.0371  changes    64  7.3 min
episode 980/1013  eps 0.010  train return  +46.05%  loss 5.91e-05  maxQ +0.0367  changes    87  7.3 min | val return -3.33% (best +25.93%)
episode 981/1013  eps 0.010  train return  +19.71%  loss 6.51e-05  maxQ +0.0370  changes    71  7.4 min
episode 982/1013  eps 0.010  train return  -11.42%  loss 6.28e-05  maxQ +0.0379  changes    83  7.4 min
episode 983/1013  eps 0.010  train return  -12.74%  loss 6.22e-05  maxQ +0.0377  changes    65  7.4 min
episode 984/1013  eps 0.010  train return  +20.88%  loss 6.62e-05  maxQ +0.0373  changes    69  7.4 min
episode 985/1013  eps 0.010  train return  +27.42%  loss 6.22e-05  maxQ +0.0371  changes    91  7.4 min
episode 986/1013  eps 0.010  train return   -1.10%  loss 6.62e-05  maxQ +0.0369  changes    85  7.4 min
episode 987/1013  eps 0.010  train return  +29.17%  loss 6.22e-05  maxQ +0.0360  changes    78  7.4 min
episode 988/1013  eps 0.010  train return   -9.41%  loss 6.60e-05  maxQ +0.0357  changes    75  7.4 min
episode 989/1013  eps 0.010  train return  +33.57%  loss 6.59e-05  maxQ +0.0361  changes    91  7.4 min
episode 990/1013  eps 0.010  train return  -13.26%  loss 6.33e-05  maxQ +0.0360  changes    70  7.4 min | val return -3.46% (best +25.93%)
episode 991/1013  eps 0.010  train return   +1.55%  loss 6.35e-05  maxQ +0.0374  changes    93  7.4 min
episode 992/1013  eps 0.010  train return  +20.94%  loss 6.51e-05  maxQ +0.0367  changes    64  7.4 min
episode 993/1013  eps 0.010  train return  +30.93%  loss 6.23e-05  maxQ +0.0375  changes    79  7.4 min
episode 994/1013  eps 0.010  train return   +7.44%  loss 6.07e-05  maxQ +0.0379  changes    73  7.4 min
episode 995/1013  eps 0.010  train return  -10.66%  loss 5.57e-05  maxQ +0.0374  changes    80  7.4 min
episode 996/1013  eps 0.010  train return  +29.65%  loss 5.96e-05  maxQ +0.0380  changes    62  7.5 min
episode 997/1013  eps 0.010  train return   +0.72%  loss 5.86e-05  maxQ +0.0383  changes    72  7.5 min
episode 998/1013  eps 0.010  train return  +21.75%  loss 6.23e-05  maxQ +0.0382  changes    69  7.5 min
episode 999/1013  eps 0.010  train return  -19.81%  loss 5.89e-05  maxQ +0.0377  changes    70  7.5 min
episode 1000/1013  eps 0.010  train return  -20.59%  loss 6.32e-05  maxQ +0.0378  changes    95  7.5 min | val return +1.01% (best +25.93%)
episode 1001/1013  eps 0.010  train return   +6.21%  loss 6.10e-05  maxQ +0.0385  changes    59  7.5 min
episode 1002/1013  eps 0.010  train return  +49.79%  loss 6.29e-05  maxQ +0.0387  changes    78  7.5 min
episode 1003/1013  eps 0.010  train return  -63.70%  loss 6.37e-05  maxQ +0.0393  changes   135  7.5 min
episode 1004/1013  eps 0.010  train return   +0.96%  loss 6.61e-05  maxQ +0.0390  changes    68  7.5 min
episode 1005/1013  eps 0.010  train return   +3.31%  loss 6.81e-05  maxQ +0.0390  changes    79  7.5 min
episode 1006/1013  eps 0.010  train return  -35.19%  loss 7.03e-05  maxQ +0.0400  changes    64  7.5 min
episode 1007/1013  eps 0.010  train return   -4.93%  loss 7.00e-05  maxQ +0.0396  changes    89  7.5 min
episode 1008/1013  eps 0.010  train return  -11.38%  loss 7.59e-05  maxQ +0.0394  changes   111  7.5 min
episode 1009/1013  eps 0.010  train return   -3.49%  loss 6.99e-05  maxQ +0.0397  changes   123  7.5 min
episode 1010/1013  eps 0.010  train return   +1.60%  loss 7.79e-05  maxQ +0.0389  changes   106  7.5 min | val return -2.51% (best +25.93%)
episode 1011/1013  eps 0.010  train return   -7.85%  loss 7.32e-05  maxQ +0.0381  changes   116  7.6 min
episode 1012/1013  eps 0.010  train return   -7.56%  loss 7.43e-05  maxQ +0.0384  changes   108  7.6 min
episode 1013/1013  eps 0.010  train return  -18.55%  loss 7.40e-05  maxQ +0.0382  changes   259  7.6 min | val return -20.12% (best +25.93%)
model    env  portfolio_return  excess_return  n_changes
 last    val         -0.201220      -0.158602     1375.8
 last val_w1         -0.153463      -0.126548      696.8
 last val_w2         -0.063660      -0.048227      701.2
 best    val          0.259332       0.301950      264.0
 best val_w1          0.240374       0.267289      140.0
 best val_w2          0.027638       0.043071      131.6
