Downloaded data: 9,672 candles, 2025-08-10 00:00:00+00:00 to 2026-09-16 23:00:00+00:00; no missing hours
dev_train: 7,296 candles, 2025-08-17 00:00:00+00:00 to 2026-06-16 23:00:00+00:00; no missing hours
val: 1,464 candles, 2026-06-17 00:00:00+00:00 to 2026-08-16 23:00:00+00:00; no missing hours
eval: 744 candles, 2026-08-17 00:00:00+00:00 to 2026-09-16 23:00:00+00:00; no missing hours
episode   1/1013  eps 1.000  train return  +12.27%  loss 5.64e-04  maxQ +0.1487  changes   566  0.0 min
episode   2/1013  eps 0.991  train return   +3.52%  loss 7.74e-05  maxQ +0.1617  changes   570  0.0 min
episode   3/1013  eps 0.982  train return  -25.82%  loss 6.16e-05  maxQ +0.1710  changes   566  0.0 min
episode   4/1013  eps 0.973  train return  -16.16%  loss 5.86e-05  maxQ +0.1736  changes   585  0.0 min
episode   5/1013  eps 0.964  train return  -16.97%  loss 5.45e-05  maxQ +0.1782  changes   573  0.0 min
episode   6/1013  eps 0.955  train return  -13.59%  loss 4.91e-05  maxQ +0.1808  changes   579  0.0 min
episode   7/1013  eps 0.947  train return  -10.40%  loss 4.84e-05  maxQ +0.1872  changes   555  0.0 min
episode   8/1013  eps 0.938  train return   -4.06%  loss 5.08e-05  maxQ +0.1866  changes   586  0.0 min
episode   9/1013  eps 0.929  train return   -3.11%  loss 5.22e-05  maxQ +0.2003  changes   590  0.1 min
episode  10/1013  eps 0.921  train return   -3.90%  loss 5.55e-05  maxQ +0.2055  changes   566  0.1 min | val return -23.52% (best -23.52%)
episode  11/1013  eps 0.913  train return  -26.54%  loss 4.40e-05  maxQ +0.2085  changes   582  0.1 min
episode  12/1013  eps 0.904  train return  -18.05%  loss 4.67e-05  maxQ +0.2075  changes   585  0.1 min
episode  13/1013  eps 0.896  train return  -30.77%  loss 4.70e-05  maxQ +0.2111  changes   571  0.1 min
episode  14/1013  eps 0.888  train return  -18.20%  loss 4.42e-05  maxQ +0.2131  changes   590  0.1 min
episode  15/1013  eps 0.880  train return   -9.09%  loss 4.73e-05  maxQ +0.2108  changes   581  0.1 min
episode  16/1013  eps 0.872  train return   -0.67%  loss 5.13e-05  maxQ +0.2104  changes   575  0.1 min
episode  17/1013  eps 0.864  train return  +38.32%  loss 5.40e-05  maxQ +0.2110  changes   556  0.1 min
episode  18/1013  eps 0.856  train return   +7.04%  loss 5.16e-05  maxQ +0.2110  changes   573  0.1 min
episode  19/1013  eps 0.848  train return  -17.64%  loss 5.20e-05  maxQ +0.2185  changes   577  0.1 min
episode  20/1013  eps 0.841  train return  -19.51%  loss 5.18e-05  maxQ +0.2195  changes   570  0.1 min | val return +1.88% (best +1.88%)
episode  21/1013  eps 0.833  train return  -10.48%  loss 4.69e-05  maxQ +0.2273  changes   562  0.1 min
episode  22/1013  eps 0.825  train return   -3.12%  loss 5.37e-05  maxQ +0.2249  changes   567  0.1 min
episode  23/1013  eps 0.818  train return   -2.61%  loss 4.91e-05  maxQ +0.2249  changes   558  0.1 min
episode  24/1013  eps 0.810  train return  -20.21%  loss 4.91e-05  maxQ +0.2240  changes   540  0.2 min
episode  25/1013  eps 0.803  train return   +9.97%  loss 5.50e-05  maxQ +0.2349  changes   568  0.2 min
episode  26/1013  eps 0.796  train return  +21.55%  loss 5.63e-05  maxQ +0.2374  changes   572  0.2 min
episode  27/1013  eps 0.788  train return  -34.97%  loss 5.30e-05  maxQ +0.2394  changes   558  0.2 min
episode  28/1013  eps 0.781  train return  -22.24%  loss 5.61e-05  maxQ +0.2419  changes   568  0.2 min
episode  29/1013  eps 0.774  train return   +1.18%  loss 5.24e-05  maxQ +0.2369  changes   546  0.2 min
episode  30/1013  eps 0.767  train return  -11.41%  loss 5.48e-05  maxQ +0.2445  changes   568  0.2 min | val return -22.49% (best +1.88%)
episode  31/1013  eps 0.760  train return  +12.94%  loss 5.04e-05  maxQ +0.2490  changes   569  0.2 min
episode  32/1013  eps 0.753  train return   -2.15%  loss 5.27e-05  maxQ +0.2481  changes   551  0.2 min
episode  33/1013  eps 0.746  train return   +5.32%  loss 5.03e-05  maxQ +0.2526  changes   567  0.2 min
episode  34/1013  eps 0.740  train return   -4.90%  loss 4.94e-05  maxQ +0.2552  changes   544  0.2 min
episode  35/1013  eps 0.733  train return  -19.64%  loss 5.12e-05  maxQ +0.2522  changes   557  0.2 min
episode  36/1013  eps 0.726  train return  +10.94%  loss 4.95e-05  maxQ +0.2536  changes   561  0.2 min
episode  37/1013  eps 0.720  train return  -24.22%  loss 5.31e-05  maxQ +0.2498  changes   540  0.2 min
episode  38/1013  eps 0.713  train return  -18.80%  loss 5.03e-05  maxQ +0.2461  changes   568  0.2 min
episode  39/1013  eps 0.707  train return  -14.64%  loss 5.03e-05  maxQ +0.2428  changes   568  0.2 min
episode  40/1013  eps 0.700  train return   +0.28%  loss 5.14e-05  maxQ +0.2432  changes   519  0.3 min | val return -0.77% (best +1.88%)
episode  41/1013  eps 0.694  train return  -13.76%  loss 5.87e-05  maxQ +0.2421  changes   555  0.3 min
episode  42/1013  eps 0.687  train return  -15.59%  loss 5.67e-05  maxQ +0.2485  changes   566  0.3 min
episode  43/1013  eps 0.681  train return  -34.78%  loss 5.29e-05  maxQ +0.2471  changes   538  0.3 min
episode  44/1013  eps 0.675  train return   -9.50%  loss 5.48e-05  maxQ +0.2532  changes   560  0.3 min
episode  45/1013  eps 0.669  train return  +26.63%  loss 5.40e-05  maxQ +0.2557  changes   544  0.3 min
episode  46/1013  eps 0.663  train return  -13.94%  loss 5.39e-05  maxQ +0.2538  changes   553  0.3 min
episode  47/1013  eps 0.657  train return  -21.50%  loss 5.42e-05  maxQ +0.2493  changes   543  0.3 min
episode  48/1013  eps 0.651  train return  -22.41%  loss 5.08e-05  maxQ +0.2522  changes   513  0.3 min
episode  49/1013  eps 0.645  train return  -15.45%  loss 5.13e-05  maxQ +0.2618  changes   521  0.3 min
episode  50/1013  eps 0.639  train return   -8.84%  loss 5.32e-05  maxQ +0.2636  changes   541  0.3 min | val return -11.62% (best +1.88%)
episode  51/1013  eps 0.633  train return  -15.03%  loss 5.24e-05  maxQ +0.2714  changes   522  0.3 min
episode  52/1013  eps 0.627  train return  +40.58%  loss 5.35e-05  maxQ +0.2666  changes   532  0.3 min
episode  53/1013  eps 0.622  train return   +6.57%  loss 5.17e-05  maxQ +0.2661  changes   527  0.3 min
episode  54/1013  eps 0.616  train return  -57.32%  loss 5.64e-05  maxQ +0.2634  changes   520  0.3 min
episode  55/1013  eps 0.610  train return   +7.60%  loss 5.42e-05  maxQ +0.2636  changes   515  0.4 min
episode  56/1013  eps 0.605  train return   -4.41%  loss 5.36e-05  maxQ +0.2629  changes   529  0.4 min
episode  57/1013  eps 0.599  train return  -17.91%  loss 5.66e-05  maxQ +0.2614  changes   516  0.4 min
episode  58/1013  eps 0.594  train return  -21.99%  loss 5.51e-05  maxQ +0.2594  changes   498  0.4 min
episode  59/1013  eps 0.588  train return  +10.47%  loss 5.60e-05  maxQ +0.2573  changes   535  0.4 min
episode  60/1013  eps 0.583  train return  -15.54%  loss 5.67e-05  maxQ +0.2615  changes   523  0.4 min | val return -21.67% (best +1.88%)
episode  61/1013  eps 0.578  train return  -27.21%  loss 5.72e-05  maxQ +0.2557  changes   492  0.4 min
episode  62/1013  eps 0.573  train return  -11.60%  loss 5.38e-05  maxQ +0.2556  changes   510  0.4 min
episode  63/1013  eps 0.567  train return   -1.49%  loss 5.32e-05  maxQ +0.2578  changes   505  0.4 min
episode  64/1013  eps 0.562  train return   +2.50%  loss 5.56e-05  maxQ +0.2556  changes   495  0.4 min
episode  65/1013  eps 0.557  train return  -20.49%  loss 5.60e-05  maxQ +0.2544  changes   503  0.4 min
episode  66/1013  eps 0.552  train return  -26.81%  loss 5.79e-05  maxQ +0.2500  changes   519  0.4 min
episode  67/1013  eps 0.547  train return   -0.55%  loss 5.36e-05  maxQ +0.2514  changes   490  0.4 min
episode  68/1013  eps 0.542  train return   +1.89%  loss 5.75e-05  maxQ +0.2529  changes   508  0.4 min
episode  69/1013  eps 0.537  train return  -22.09%  loss 5.72e-05  maxQ +0.2535  changes   523  0.4 min
episode  70/1013  eps 0.532  train return  -26.73%  loss 5.87e-05  maxQ +0.2535  changes   507  0.5 min | val return -14.70% (best +1.88%)
episode  71/1013  eps 0.527  train return   -4.48%  loss 5.52e-05  maxQ +0.2522  changes   487  0.5 min
episode  72/1013  eps 0.523  train return   +0.82%  loss 5.66e-05  maxQ +0.2536  changes   496  0.5 min
episode  73/1013  eps 0.518  train return  +25.12%  loss 5.63e-05  maxQ +0.2485  changes   515  0.5 min
episode  74/1013  eps 0.513  train return  -42.74%  loss 5.92e-05  maxQ +0.2451  changes   498  0.5 min
episode  75/1013  eps 0.508  train return   -8.15%  loss 6.13e-05  maxQ +0.2428  changes   497  0.5 min
episode  76/1013  eps 0.504  train return   +4.10%  loss 6.09e-05  maxQ +0.2449  changes   493  0.5 min
episode  77/1013  eps 0.499  train return  +28.14%  loss 6.04e-05  maxQ +0.2405  changes   469  0.5 min
episode  78/1013  eps 0.495  train return   -1.09%  loss 6.19e-05  maxQ +0.2392  changes   494  0.5 min
episode  79/1013  eps 0.490  train return  +16.81%  loss 6.10e-05  maxQ +0.2379  changes   453  0.5 min
episode  80/1013  eps 0.486  train return  -25.47%  loss 6.15e-05  maxQ +0.2374  changes   480  0.5 min | val return -2.18% (best +1.88%)
episode  81/1013  eps 0.481  train return   +8.38%  loss 5.95e-05  maxQ +0.2355  changes   473  0.5 min
episode  82/1013  eps 0.477  train return   -6.32%  loss 5.92e-05  maxQ +0.2339  changes   490  0.5 min
episode  83/1013  eps 0.473  train return  -42.03%  loss 6.42e-05  maxQ +0.2321  changes   496  0.5 min
episode  84/1013  eps 0.468  train return   +3.52%  loss 6.15e-05  maxQ +0.2299  changes   474  0.6 min
episode  85/1013  eps 0.464  train return  +16.39%  loss 6.01e-05  maxQ +0.2304  changes   469  0.6 min
episode  86/1013  eps 0.460  train return  -46.24%  loss 6.56e-05  maxQ +0.2271  changes   482  0.6 min
episode  87/1013  eps 0.456  train return  -17.39%  loss 5.92e-05  maxQ +0.2254  changes   466  0.6 min
episode  88/1013  eps 0.451  train return  -10.34%  loss 6.48e-05  maxQ +0.2209  changes   482  0.6 min
episode  89/1013  eps 0.447  train return   -7.82%  loss 6.34e-05  maxQ +0.2198  changes   470  0.6 min
episode  90/1013  eps 0.443  train return  +51.16%  loss 6.39e-05  maxQ +0.2208  changes   471  0.6 min | val return -14.96% (best +1.88%)
episode  91/1013  eps 0.439  train return  -27.34%  loss 6.66e-05  maxQ +0.2182  changes   457  0.6 min
episode  92/1013  eps 0.435  train return   +6.29%  loss 6.78e-05  maxQ +0.2180  changes   464  0.6 min
episode  93/1013  eps 0.431  train return   -4.99%  loss 6.62e-05  maxQ +0.2169  changes   466  0.6 min
episode  94/1013  eps 0.427  train return   -8.78%  loss 7.13e-05  maxQ +0.2189  changes   462  0.6 min
episode  95/1013  eps 0.423  train return   +4.40%  loss 6.64e-05  maxQ +0.2196  changes   449  0.6 min
episode  96/1013  eps 0.420  train return   -9.88%  loss 6.99e-05  maxQ +0.2152  changes   456  0.6 min
episode  97/1013  eps 0.416  train return  +13.98%  loss 6.60e-05  maxQ +0.2120  changes   453  0.6 min
episode  98/1013  eps 0.412  train return   +7.59%  loss 6.55e-05  maxQ +0.2085  changes   429  0.6 min
episode  99/1013  eps 0.408  train return  +15.05%  loss 6.78e-05  maxQ +0.2052  changes   456  0.6 min
episode 100/1013  eps 0.405  train return  -23.01%  loss 6.82e-05  maxQ +0.2040  changes   463  0.6 min | val return +4.41% (best +4.41%)
episode 101/1013  eps 0.401  train return  -30.22%  loss 6.74e-05  maxQ +0.2046  changes   434  0.7 min
episode 102/1013  eps 0.397  train return   +8.15%  loss 6.64e-05  maxQ +0.1990  changes   408  0.7 min
episode 103/1013  eps 0.394  train return   +1.03%  loss 6.79e-05  maxQ +0.1957  changes   436  0.7 min
episode 104/1013  eps 0.390  train return  -46.43%  loss 6.81e-05  maxQ +0.1962  changes   424  0.7 min
episode 105/1013  eps 0.386  train return  -13.38%  loss 6.98e-05  maxQ +0.1935  changes   414  0.7 min
episode 106/1013  eps 0.383  train return  -10.90%  loss 6.90e-05  maxQ +0.1932  changes   435  0.7 min
episode 107/1013  eps 0.379  train return  -15.48%  loss 7.04e-05  maxQ +0.1891  changes   448  0.7 min
episode 108/1013  eps 0.376  train return   -3.34%  loss 6.48e-05  maxQ +0.1900  changes   478  0.7 min
episode 109/1013  eps 0.373  train return   +9.37%  loss 7.12e-05  maxQ +0.1879  changes   443  0.7 min
episode 110/1013  eps 0.369  train return  -21.10%  loss 6.57e-05  maxQ +0.1873  changes   457  0.7 min | val return -1.46% (best +4.41%)
episode 111/1013  eps 0.366  train return   +7.40%  loss 6.09e-05  maxQ +0.1841  changes   443  0.7 min
episode 112/1013  eps 0.363  train return  -26.16%  loss 6.46e-05  maxQ +0.1800  changes   457  0.7 min
episode 113/1013  eps 0.359  train return  +14.06%  loss 6.45e-05  maxQ +0.1778  changes   460  0.7 min
episode 114/1013  eps 0.356  train return   -0.66%  loss 6.50e-05  maxQ +0.1787  changes   403  0.7 min
episode 115/1013  eps 0.353  train return   -6.09%  loss 6.41e-05  maxQ +0.1791  changes   411  0.7 min
episode 116/1013  eps 0.349  train return   +8.66%  loss 6.75e-05  maxQ +0.1793  changes   415  0.8 min
episode 117/1013  eps 0.346  train return  -19.65%  loss 6.44e-05  maxQ +0.1762  changes   402  0.8 min
episode 118/1013  eps 0.343  train return  -31.83%  loss 6.45e-05  maxQ +0.1728  changes   422  0.8 min
episode 119/1013  eps 0.340  train return   +1.12%  loss 6.67e-05  maxQ +0.1742  changes   452  0.8 min
episode 120/1013  eps 0.337  train return  -15.29%  loss 6.59e-05  maxQ +0.1723  changes   405  0.8 min | val return +1.29% (best +4.41%)
episode 121/1013  eps 0.334  train return  +12.50%  loss 6.55e-05  maxQ +0.1696  changes   416  0.8 min
episode 122/1013  eps 0.331  train return   -0.38%  loss 6.42e-05  maxQ +0.1674  changes   407  0.8 min
episode 123/1013  eps 0.328  train return  -27.54%  loss 6.49e-05  maxQ +0.1687  changes   413  0.8 min
episode 124/1013  eps 0.325  train return  +22.18%  loss 6.13e-05  maxQ +0.1687  changes   380  0.8 min
episode 125/1013  eps 0.322  train return  +37.66%  loss 6.44e-05  maxQ +0.1696  changes   414  0.8 min
episode 126/1013  eps 0.319  train return  -10.92%  loss 6.66e-05  maxQ +0.1700  changes   343  0.8 min
episode 127/1013  eps 0.316  train return  +18.29%  loss 7.02e-05  maxQ +0.1713  changes   394  0.8 min
episode 128/1013  eps 0.313  train return  +56.89%  loss 6.58e-05  maxQ +0.1708  changes   406  0.8 min
episode 129/1013  eps 0.310  train return  +28.17%  loss 6.68e-05  maxQ +0.1712  changes   396  0.8 min
episode 130/1013  eps 0.308  train return  +11.10%  loss 6.48e-05  maxQ +0.1716  changes   362  0.8 min | val return -19.90% (best +4.41%)
episode 131/1013  eps 0.305  train return   -8.38%  loss 6.46e-05  maxQ +0.1675  changes   399  0.9 min
episode 132/1013  eps 0.302  train return  +22.45%  loss 6.85e-05  maxQ +0.1697  changes   348  0.9 min
episode 133/1013  eps 0.299  train return  +33.67%  loss 6.78e-05  maxQ +0.1670  changes   416  0.9 min
episode 134/1013  eps 0.296  train return   -4.47%  loss 6.65e-05  maxQ +0.1652  changes   393  0.9 min
episode 135/1013  eps 0.294  train return  -10.21%  loss 6.81e-05  maxQ +0.1622  changes   422  0.9 min
episode 136/1013  eps 0.291  train return  -13.06%  loss 6.58e-05  maxQ +0.1630  changes   365  0.9 min
episode 137/1013  eps 0.288  train return  -24.59%  loss 6.50e-05  maxQ +0.1624  changes   435  0.9 min
episode 138/1013  eps 0.286  train return   -0.28%  loss 6.87e-05  maxQ +0.1619  changes   379  0.9 min
episode 139/1013  eps 0.283  train return   -7.20%  loss 6.63e-05  maxQ +0.1596  changes   414  0.9 min
episode 140/1013  eps 0.281  train return   -9.46%  loss 6.37e-05  maxQ +0.1562  changes   380  0.9 min | val return -3.08% (best +4.41%)
episode 141/1013  eps 0.278  train return  +40.99%  loss 6.59e-05  maxQ +0.1563  changes   333  0.9 min
episode 142/1013  eps 0.276  train return  -16.75%  loss 6.29e-05  maxQ +0.1572  changes   370  0.9 min
episode 143/1013  eps 0.273  train return  +25.25%  loss 6.37e-05  maxQ +0.1547  changes   368  0.9 min
episode 144/1013  eps 0.271  train return  +17.62%  loss 5.98e-05  maxQ +0.1510  changes   389  0.9 min
episode 145/1013  eps 0.268  train return   -0.05%  loss 6.13e-05  maxQ +0.1492  changes   404  0.9 min
episode 146/1013  eps 0.266  train return   +6.87%  loss 5.88e-05  maxQ +0.1480  changes   370  1.0 min
episode 147/1013  eps 0.263  train return  -19.54%  loss 6.00e-05  maxQ +0.1481  changes   404  1.0 min
episode 148/1013  eps 0.261  train return   -2.35%  loss 6.13e-05  maxQ +0.1485  changes   382  1.0 min
episode 149/1013  eps 0.258  train return  +46.72%  loss 6.27e-05  maxQ +0.1456  changes   410  1.0 min
episode 150/1013  eps 0.256  train return   -5.88%  loss 6.09e-05  maxQ +0.1454  changes   347  1.0 min | val return -14.86% (best +4.41%)
episode 151/1013  eps 0.254  train return   +7.71%  loss 6.23e-05  maxQ +0.1459  changes   345  1.0 min
episode 152/1013  eps 0.251  train return   +2.41%  loss 6.43e-05  maxQ +0.1455  changes   356  1.0 min
episode 153/1013  eps 0.249  train return   -5.18%  loss 5.93e-05  maxQ +0.1489  changes   355  1.0 min
episode 154/1013  eps 0.247  train return  -16.42%  loss 6.50e-05  maxQ +0.1472  changes   366  1.0 min
episode 155/1013  eps 0.245  train return  -20.64%  loss 6.14e-05  maxQ +0.1446  changes   363  1.0 min
episode 156/1013  eps 0.242  train return  -23.95%  loss 6.01e-05  maxQ +0.1432  changes   339  1.0 min
episode 157/1013  eps 0.240  train return  -17.96%  loss 6.13e-05  maxQ +0.1449  changes   336  1.0 min
episode 158/1013  eps 0.238  train return   -1.89%  loss 6.10e-05  maxQ +0.1442  changes   328  1.0 min
episode 159/1013  eps 0.236  train return   -5.62%  loss 6.11e-05  maxQ +0.1408  changes   368  1.0 min
episode 160/1013  eps 0.234  train return  -25.59%  loss 5.88e-05  maxQ +0.1408  changes   301  1.0 min | val return +6.96% (best +6.96%)
episode 161/1013  eps 0.232  train return  +10.56%  loss 5.55e-05  maxQ +0.1371  changes   332  1.0 min
episode 162/1013  eps 0.230  train return  +13.62%  loss 5.57e-05  maxQ +0.1368  changes   425  1.1 min
episode 163/1013  eps 0.227  train return  -17.78%  loss 5.61e-05  maxQ +0.1380  changes   329  1.1 min
episode 164/1013  eps 0.225  train return   +2.68%  loss 5.56e-05  maxQ +0.1359  changes   322  1.1 min
episode 165/1013  eps 0.223  train return   -3.41%  loss 5.49e-05  maxQ +0.1342  changes   355  1.1 min
episode 166/1013  eps 0.221  train return   -6.24%  loss 5.60e-05  maxQ +0.1337  changes   351  1.1 min
episode 167/1013  eps 0.219  train return +121.85%  loss 5.91e-05  maxQ +0.1319  changes   354  1.1 min
episode 168/1013  eps 0.217  train return  -24.45%  loss 6.11e-05  maxQ +0.1313  changes   328  1.1 min
episode 169/1013  eps 0.215  train return   -6.49%  loss 5.81e-05  maxQ +0.1336  changes   320  1.1 min
episode 170/1013  eps 0.213  train return   +9.33%  loss 5.38e-05  maxQ +0.1327  changes   353  1.1 min | val return +13.32% (best +13.32%)
episode 171/1013  eps 0.211  train return   +5.15%  loss 5.81e-05  maxQ +0.1320  changes   357  1.1 min
episode 172/1013  eps 0.209  train return  -21.45%  loss 5.87e-05  maxQ +0.1313  changes   318  1.1 min
episode 173/1013  eps 0.208  train return  +14.68%  loss 5.84e-05  maxQ +0.1294  changes   337  1.1 min
episode 174/1013  eps 0.206  train return  +40.02%  loss 6.08e-05  maxQ +0.1275  changes   388  1.1 min
episode 175/1013  eps 0.204  train return  -32.46%  loss 5.37e-05  maxQ +0.1278  changes   353  1.1 min
episode 176/1013  eps 0.202  train return  +21.16%  loss 5.96e-05  maxQ +0.1285  changes   384  1.1 min
episode 177/1013  eps 0.200  train return  +12.30%  loss 5.76e-05  maxQ +0.1248  changes   263  1.1 min
episode 178/1013  eps 0.198  train return  +24.69%  loss 5.80e-05  maxQ +0.1257  changes   315  1.2 min
episode 179/1013  eps 0.196  train return  -30.95%  loss 5.78e-05  maxQ +0.1249  changes   276  1.2 min
episode 180/1013  eps 0.195  train return  +29.58%  loss 5.90e-05  maxQ +0.1236  changes   324  1.2 min | val return +6.14% (best +13.32%)
episode 181/1013  eps 0.193  train return  +10.91%  loss 5.84e-05  maxQ +0.1231  changes   395  1.2 min
episode 182/1013  eps 0.191  train return  +12.85%  loss 6.37e-05  maxQ +0.1228  changes   299  1.2 min
episode 183/1013  eps 0.189  train return   -6.67%  loss 6.24e-05  maxQ +0.1222  changes   322  1.2 min
episode 184/1013  eps 0.188  train return   -5.49%  loss 5.78e-05  maxQ +0.1203  changes   323  1.2 min
episode 185/1013  eps 0.186  train return   -4.15%  loss 6.16e-05  maxQ +0.1199  changes   354  1.2 min
episode 186/1013  eps 0.184  train return  +16.52%  loss 6.41e-05  maxQ +0.1216  changes   326  1.2 min
episode 187/1013  eps 0.183  train return  -20.93%  loss 6.39e-05  maxQ +0.1217  changes   354  1.2 min
episode 188/1013  eps 0.181  train return   -4.59%  loss 6.45e-05  maxQ +0.1239  changes   269  1.2 min
episode 189/1013  eps 0.179  train return   -7.77%  loss 6.03e-05  maxQ +0.1241  changes   251  1.2 min
episode 190/1013  eps 0.178  train return  +16.23%  loss 6.10e-05  maxQ +0.1244  changes   285  1.2 min | val return -31.95% (best +13.32%)
episode 191/1013  eps 0.176  train return  -12.10%  loss 6.12e-05  maxQ +0.1256  changes   333  1.2 min
episode 192/1013  eps 0.174  train return   +1.99%  loss 6.08e-05  maxQ +0.1254  changes   363  1.2 min
episode 193/1013  eps 0.173  train return   -7.25%  loss 6.51e-05  maxQ +0.1241  changes   296  1.2 min
episode 194/1013  eps 0.171  train return  -14.70%  loss 6.15e-05  maxQ +0.1272  changes   325  1.3 min
episode 195/1013  eps 0.170  train return  -31.57%  loss 5.88e-05  maxQ +0.1234  changes   322  1.3 min
episode 196/1013  eps 0.168  train return   +9.18%  loss 6.50e-05  maxQ +0.1241  changes   295  1.3 min
episode 197/1013  eps 0.167  train return  -20.50%  loss 5.83e-05  maxQ +0.1240  changes   315  1.3 min
episode 198/1013  eps 0.165  train return   +5.07%  loss 6.39e-05  maxQ +0.1217  changes   334  1.3 min
episode 199/1013  eps 0.164  train return   +0.28%  loss 6.03e-05  maxQ +0.1197  changes   288  1.3 min
episode 200/1013  eps 0.162  train return   -7.28%  loss 6.12e-05  maxQ +0.1194  changes   318  1.3 min | val return +4.14% (best +13.32%)
episode 201/1013  eps 0.161  train return   +0.53%  loss 5.66e-05  maxQ +0.1173  changes   367  1.3 min
episode 202/1013  eps 0.159  train return  +12.74%  loss 6.23e-05  maxQ +0.1173  changes   321  1.3 min
episode 203/1013  eps 0.158  train return  +10.56%  loss 5.70e-05  maxQ +0.1154  changes   292  1.3 min
episode 204/1013  eps 0.156  train return  +22.70%  loss 5.84e-05  maxQ +0.1150  changes   286  1.3 min
episode 205/1013  eps 0.155  train return  -35.53%  loss 5.69e-05  maxQ +0.1118  changes   314  1.3 min
episode 206/1013  eps 0.154  train return   +2.65%  loss 6.22e-05  maxQ +0.1129  changes   303  1.3 min
episode 207/1013  eps 0.152  train return   -4.91%  loss 6.14e-05  maxQ +0.1117  changes   274  1.3 min
episode 208/1013  eps 0.151  train return   +8.53%  loss 5.87e-05  maxQ +0.1107  changes   300  1.3 min
episode 209/1013  eps 0.149  train return  -10.57%  loss 5.61e-05  maxQ +0.1093  changes   263  1.3 min
episode 210/1013  eps 0.148  train return  -25.85%  loss 5.68e-05  maxQ +0.1099  changes   289  1.3 min | val return +2.18% (best +13.32%)
episode 211/1013  eps 0.147  train return  +11.25%  loss 5.59e-05  maxQ +0.1099  changes   230  1.4 min
episode 212/1013  eps 0.145  train return  -10.71%  loss 5.43e-05  maxQ +0.1080  changes   320  1.4 min
episode 213/1013  eps 0.144  train return  -45.27%  loss 6.08e-05  maxQ +0.1076  changes   297  1.4 min
episode 214/1013  eps 0.143  train return  +12.42%  loss 6.47e-05  maxQ +0.1078  changes   237  1.4 min
episode 215/1013  eps 0.141  train return  +15.01%  loss 6.95e-05  maxQ +0.1086  changes   274  1.4 min
episode 216/1013  eps 0.140  train return  +16.58%  loss 6.56e-05  maxQ +0.1057  changes   249  1.4 min
episode 217/1013  eps 0.139  train return  +12.74%  loss 5.89e-05  maxQ +0.1072  changes   317  1.4 min
episode 218/1013  eps 0.138  train return  -21.02%  loss 6.11e-05  maxQ +0.1042  changes   264  1.4 min
episode 219/1013  eps 0.136  train return  -30.99%  loss 6.04e-05  maxQ +0.1054  changes   223  1.4 min
episode 220/1013  eps 0.135  train return   -0.15%  loss 6.49e-05  maxQ +0.1036  changes   246  1.4 min | val return +7.80% (best +13.32%)
episode 221/1013  eps 0.134  train return  -41.94%  loss 5.99e-05  maxQ +0.1028  changes   253  1.4 min
episode 222/1013  eps 0.133  train return  -14.35%  loss 6.88e-05  maxQ +0.1014  changes   262  1.4 min
episode 223/1013  eps 0.131  train return  +13.42%  loss 6.81e-05  maxQ +0.1018  changes   222  1.4 min
episode 224/1013  eps 0.130  train return   +7.94%  loss 6.20e-05  maxQ +0.1023  changes   267  1.4 min
episode 225/1013  eps 0.129  train return  +79.71%  loss 6.21e-05  maxQ +0.1035  changes   247  1.4 min
episode 226/1013  eps 0.128  train return  -18.08%  loss 6.40e-05  maxQ +0.1025  changes   235  1.4 min
episode 227/1013  eps 0.127  train return   +3.09%  loss 6.65e-05  maxQ +0.0994  changes   260  1.5 min
episode 228/1013  eps 0.126  train return  +12.49%  loss 6.63e-05  maxQ +0.0996  changes   227  1.5 min
episode 229/1013  eps 0.124  train return  -21.84%  loss 7.21e-05  maxQ +0.1001  changes   229  1.5 min
episode 230/1013  eps 0.123  train return   +2.02%  loss 6.83e-05  maxQ +0.1030  changes   266  1.5 min | val return -11.91% (best +13.32%)
episode 231/1013  eps 0.122  train return   -1.34%  loss 6.64e-05  maxQ +0.1015  changes   265  1.5 min
episode 232/1013  eps 0.121  train return   +8.61%  loss 6.90e-05  maxQ +0.0998  changes   272  1.5 min
episode 233/1013  eps 0.120  train return   +6.25%  loss 6.90e-05  maxQ +0.0988  changes   264  1.5 min
episode 234/1013  eps 0.119  train return  +49.85%  loss 6.95e-05  maxQ +0.1003  changes   263  1.5 min
episode 235/1013  eps 0.118  train return  +22.78%  loss 6.99e-05  maxQ +0.0972  changes   212  1.5 min
episode 236/1013  eps 0.117  train return  +10.91%  loss 7.32e-05  maxQ +0.0976  changes   210  1.5 min
episode 237/1013  eps 0.116  train return  +19.62%  loss 7.50e-05  maxQ +0.0955  changes   195  1.5 min
episode 238/1013  eps 0.115  train return  -19.41%  loss 6.82e-05  maxQ +0.0963  changes   225  1.5 min
episode 239/1013  eps 0.114  train return  +35.67%  loss 7.39e-05  maxQ +0.0931  changes   261  1.5 min
episode 240/1013  eps 0.112  train return  +18.59%  loss 7.24e-05  maxQ +0.0951  changes   216  1.5 min | val return -12.39% (best +13.32%)
episode 241/1013  eps 0.111  train return  +41.51%  loss 7.65e-05  maxQ +0.0923  changes   226  1.5 min
episode 242/1013  eps 0.110  train return  +63.81%  loss 7.28e-05  maxQ +0.0912  changes   255  1.6 min
episode 243/1013  eps 0.109  train return   -3.12%  loss 7.70e-05  maxQ +0.0898  changes   181  1.6 min
episode 244/1013  eps 0.108  train return   -9.21%  loss 7.43e-05  maxQ +0.0929  changes   243  1.6 min
episode 245/1013  eps 0.107  train return  +13.99%  loss 7.96e-05  maxQ +0.0923  changes   292  1.6 min
episode 246/1013  eps 0.106  train return   +9.54%  loss 7.87e-05  maxQ +0.0908  changes   209  1.6 min
episode 247/1013  eps 0.106  train return  +15.93%  loss 7.64e-05  maxQ +0.0894  changes   252  1.6 min
episode 248/1013  eps 0.105  train return  -13.16%  loss 7.84e-05  maxQ +0.0883  changes   251  1.6 min
episode 249/1013  eps 0.104  train return  +30.29%  loss 7.78e-05  maxQ +0.0880  changes   242  1.6 min
episode 250/1013  eps 0.103  train return  -20.13%  loss 7.58e-05  maxQ +0.0886  changes   279  1.6 min | val return +18.44% (best +18.44%)
episode 251/1013  eps 0.102  train return  -16.23%  loss 7.48e-05  maxQ +0.0887  changes   286  1.6 min
episode 252/1013  eps 0.101  train return  -25.54%  loss 7.65e-05  maxQ +0.0854  changes   231  1.6 min
episode 253/1013  eps 0.100  train return   +6.26%  loss 7.30e-05  maxQ +0.0860  changes   199  1.6 min
episode 254/1013  eps 0.099  train return  -15.21%  loss 7.44e-05  maxQ +0.0839  changes   249  1.6 min
episode 255/1013  eps 0.098  train return   +0.87%  loss 7.51e-05  maxQ +0.0837  changes   228  1.6 min
episode 256/1013  eps 0.097  train return   -4.81%  loss 7.15e-05  maxQ +0.0823  changes   216  1.6 min
episode 257/1013  eps 0.096  train return  +33.98%  loss 7.23e-05  maxQ +0.0821  changes   162  1.6 min
episode 258/1013  eps 0.095  train return  +39.87%  loss 7.04e-05  maxQ +0.0838  changes   193  1.6 min
episode 259/1013  eps 0.095  train return  +11.08%  loss 7.42e-05  maxQ +0.0834  changes   224  1.7 min
episode 260/1013  eps 0.094  train return   -1.77%  loss 7.60e-05  maxQ +0.0819  changes   198  1.7 min | val return +0.14% (best +18.44%)
episode 261/1013  eps 0.093  train return  +30.72%  loss 7.06e-05  maxQ +0.0793  changes   274  1.7 min
episode 262/1013  eps 0.092  train return   -6.16%  loss 7.25e-05  maxQ +0.0784  changes   172  1.7 min
episode 263/1013  eps 0.091  train return   -3.47%  loss 7.16e-05  maxQ +0.0774  changes   203  1.7 min
episode 264/1013  eps 0.090  train return   -6.83%  loss 7.72e-05  maxQ +0.0757  changes   209  1.7 min
episode 265/1013  eps 0.090  train return   -1.66%  loss 7.08e-05  maxQ +0.0758  changes   264  1.7 min
episode 266/1013  eps 0.089  train return   -8.68%  loss 7.69e-05  maxQ +0.0776  changes   281  1.7 min
episode 267/1013  eps 0.088  train return  +29.36%  loss 7.44e-05  maxQ +0.0779  changes   162  1.7 min
episode 268/1013  eps 0.087  train return  -14.83%  loss 7.34e-05  maxQ +0.0788  changes   229  1.7 min
episode 269/1013  eps 0.086  train return   +5.53%  loss 7.20e-05  maxQ +0.0784  changes   249  1.7 min
episode 270/1013  eps 0.086  train return  -19.87%  loss 7.70e-05  maxQ +0.0774  changes   224  1.7 min | val return -1.43% (best +18.44%)
episode 271/1013  eps 0.085  train return  -21.83%  loss 7.50e-05  maxQ +0.0776  changes   187  1.7 min
episode 272/1013  eps 0.084  train return  +18.15%  loss 7.79e-05  maxQ +0.0761  changes   266  1.7 min
episode 273/1013  eps 0.083  train return  -25.98%  loss 8.24e-05  maxQ +0.0766  changes   268  1.7 min
episode 274/1013  eps 0.082  train return  +18.12%  loss 7.43e-05  maxQ +0.0768  changes   186  1.7 min
episode 275/1013  eps 0.082  train return  -16.47%  loss 7.53e-05  maxQ +0.0769  changes   255  1.8 min
episode 276/1013  eps 0.081  train return  +27.49%  loss 7.90e-05  maxQ +0.0788  changes   253  1.8 min
episode 277/1013  eps 0.080  train return  -28.71%  loss 7.79e-05  maxQ +0.0780  changes   262  1.8 min
episode 278/1013  eps 0.079  train return   -3.54%  loss 7.43e-05  maxQ +0.0786  changes   204  1.8 min
episode 279/1013  eps 0.079  train return   +6.33%  loss 7.49e-05  maxQ +0.0788  changes   215  1.8 min
episode 280/1013  eps 0.078  train return   -9.39%  loss 7.45e-05  maxQ +0.0794  changes   185  1.8 min | val return +0.16% (best +18.44%)
episode 281/1013  eps 0.077  train return  -12.22%  loss 7.30e-05  maxQ +0.0789  changes   178  1.8 min
episode 282/1013  eps 0.077  train return  +11.50%  loss 7.86e-05  maxQ +0.0789  changes   233  1.8 min
episode 283/1013  eps 0.076  train return   +5.02%  loss 7.45e-05  maxQ +0.0790  changes   229  1.8 min
episode 284/1013  eps 0.075  train return   +2.45%  loss 7.46e-05  maxQ +0.0778  changes   182  1.8 min
episode 285/1013  eps 0.075  train return   +1.44%  loss 7.64e-05  maxQ +0.0787  changes   231  1.8 min
episode 286/1013  eps 0.074  train return   -0.57%  loss 7.24e-05  maxQ +0.0772  changes   162  1.8 min
episode 287/1013  eps 0.073  train return   +2.86%  loss 7.10e-05  maxQ +0.0781  changes   235  1.8 min
episode 288/1013  eps 0.073  train return  -27.08%  loss 6.98e-05  maxQ +0.0795  changes   206  1.8 min
episode 289/1013  eps 0.072  train return   +8.67%  loss 7.37e-05  maxQ +0.0796  changes   275  1.8 min
episode 290/1013  eps 0.071  train return  -18.64%  loss 8.27e-05  maxQ +0.0780  changes   318  1.8 min | val return -9.34% (best +18.44%)
episode 291/1013  eps 0.071  train return   +1.82%  loss 7.80e-05  maxQ +0.0761  changes   225  1.9 min
episode 292/1013  eps 0.070  train return  -26.05%  loss 8.13e-05  maxQ +0.0767  changes   186  1.9 min
episode 293/1013  eps 0.069  train return  +21.76%  loss 8.00e-05  maxQ +0.0758  changes   227  1.9 min
episode 294/1013  eps 0.069  train return  -18.91%  loss 9.02e-05  maxQ +0.0757  changes   301  1.9 min
episode 295/1013  eps 0.068  train return  +20.58%  loss 8.44e-05  maxQ +0.0740  changes   301  1.9 min
episode 296/1013  eps 0.067  train return   -7.33%  loss 8.43e-05  maxQ +0.0733  changes   210  1.9 min
episode 297/1013  eps 0.067  train return   -2.82%  loss 8.45e-05  maxQ +0.0752  changes   207  1.9 min
episode 298/1013  eps 0.066  train return   -3.76%  loss 7.71e-05  maxQ +0.0746  changes   184  1.9 min
episode 299/1013  eps 0.066  train return  +28.05%  loss 7.86e-05  maxQ +0.0743  changes   220  1.9 min
episode 300/1013  eps 0.065  train return  +12.38%  loss 8.30e-05  maxQ +0.0751  changes   220  1.9 min | val return +4.24% (best +18.44%)
episode 301/1013  eps 0.064  train return  -15.41%  loss 8.36e-05  maxQ +0.0752  changes   213  1.9 min
episode 302/1013  eps 0.064  train return  +37.26%  loss 7.37e-05  maxQ +0.0761  changes   214  1.9 min
episode 303/1013  eps 0.063  train return   +9.99%  loss 7.72e-05  maxQ +0.0739  changes   215  1.9 min
episode 304/1013  eps 0.063  train return  -19.37%  loss 7.34e-05  maxQ +0.0746  changes   150  1.9 min
episode 305/1013  eps 0.062  train return   +1.81%  loss 7.30e-05  maxQ +0.0749  changes   229  2.0 min
episode 306/1013  eps 0.062  train return  -39.69%  loss 7.69e-05  maxQ +0.0749  changes   209  2.0 min
episode 307/1013  eps 0.061  train return  +32.87%  loss 7.43e-05  maxQ +0.0742  changes   214  2.0 min
episode 308/1013  eps 0.060  train return  +31.89%  loss 7.39e-05  maxQ +0.0735  changes   266  2.0 min
episode 309/1013  eps 0.060  train return  -21.09%  loss 7.39e-05  maxQ +0.0750  changes   221  2.0 min
episode 310/1013  eps 0.059  train return   +5.57%  loss 7.09e-05  maxQ +0.0746  changes   204  2.0 min | val return -8.83% (best +18.44%)
episode 311/1013  eps 0.059  train return  -18.05%  loss 7.34e-05  maxQ +0.0733  changes   228  2.0 min
episode 312/1013  eps 0.058  train return  -30.20%  loss 7.35e-05  maxQ +0.0728  changes   182  2.0 min
episode 313/1013  eps 0.058  train return  +12.19%  loss 7.46e-05  maxQ +0.0741  changes   225  2.0 min
episode 314/1013  eps 0.057  train return  -14.08%  loss 7.40e-05  maxQ +0.0740  changes   271  2.0 min
episode 315/1013  eps 0.057  train return   -0.16%  loss 7.17e-05  maxQ +0.0740  changes   154  2.0 min
episode 316/1013  eps 0.056  train return  +25.23%  loss 7.46e-05  maxQ +0.0725  changes   310  2.0 min
episode 317/1013  eps 0.056  train return  +27.18%  loss 7.10e-05  maxQ +0.0720  changes   212  2.0 min
episode 318/1013  eps 0.055  train return  +15.07%  loss 7.76e-05  maxQ +0.0718  changes   258  2.1 min
episode 319/1013  eps 0.055  train return  +13.68%  loss 7.47e-05  maxQ +0.0713  changes   233  2.1 min
episode 320/1013  eps 0.054  train return   -0.05%  loss 7.15e-05  maxQ +0.0711  changes   229  2.1 min | val return +20.40% (best +20.40%)
episode 321/1013  eps 0.054  train return   +7.59%  loss 7.39e-05  maxQ +0.0713  changes   247  2.1 min
episode 322/1013  eps 0.053  train return  -10.75%  loss 7.41e-05  maxQ +0.0726  changes   227  2.1 min
episode 323/1013  eps 0.053  train return   -3.82%  loss 6.98e-05  maxQ +0.0734  changes   213  2.1 min
episode 324/1013  eps 0.052  train return   -5.68%  loss 7.06e-05  maxQ +0.0732  changes   173  2.1 min
episode 325/1013  eps 0.052  train return   +4.18%  loss 7.22e-05  maxQ +0.0744  changes   172  2.1 min
episode 326/1013  eps 0.051  train return  +29.29%  loss 8.05e-05  maxQ +0.0729  changes   367  2.1 min
episode 327/1013  eps 0.051  train return   -2.85%  loss 7.47e-05  maxQ +0.0726  changes   222  2.1 min
episode 328/1013  eps 0.050  train return  -17.83%  loss 7.63e-05  maxQ +0.0716  changes   242  2.1 min
episode 329/1013  eps 0.050  train return   -8.88%  loss 7.36e-05  maxQ +0.0711  changes   151  2.1 min
episode 330/1013  eps 0.049  train return   +3.82%  loss 7.29e-05  maxQ +0.0717  changes   217  2.1 min | val return -3.09% (best +20.40%)
episode 331/1013  eps 0.049  train return   +9.07%  loss 7.41e-05  maxQ +0.0713  changes   261  2.2 min
episode 332/1013  eps 0.049  train return  -32.96%  loss 7.77e-05  maxQ +0.0704  changes   258  2.2 min
episode 333/1013  eps 0.048  train return   +3.03%  loss 7.64e-05  maxQ +0.0695  changes   265  2.2 min
episode 334/1013  eps 0.048  train return  -11.50%  loss 7.77e-05  maxQ +0.0687  changes   197  2.2 min
episode 335/1013  eps 0.047  train return  -54.95%  loss 7.57e-05  maxQ +0.0674  changes   245  2.2 min
episode 336/1013  eps 0.047  train return   +5.08%  loss 7.18e-05  maxQ +0.0680  changes   230  2.2 min
episode 337/1013  eps 0.046  train return   +1.95%  loss 7.27e-05  maxQ +0.0675  changes   193  2.2 min
episode 338/1013  eps 0.046  train return   -0.21%  loss 7.58e-05  maxQ +0.0673  changes   220  2.2 min
episode 339/1013  eps 0.046  train return   -4.40%  loss 7.03e-05  maxQ +0.0683  changes   168  2.2 min
episode 340/1013  eps 0.045  train return   +1.48%  loss 7.00e-05  maxQ +0.0680  changes   162  2.2 min | val return -8.93% (best +20.40%)
episode 341/1013  eps 0.045  train return  +11.94%  loss 7.07e-05  maxQ +0.0689  changes   172  2.2 min
episode 342/1013  eps 0.044  train return  -37.86%  loss 6.92e-05  maxQ +0.0687  changes   192  2.2 min
episode 343/1013  eps 0.044  train return  +55.54%  loss 6.79e-05  maxQ +0.0672  changes   190  2.3 min
episode 344/1013  eps 0.043  train return  -25.46%  loss 7.15e-05  maxQ +0.0677  changes   192  2.3 min
episode 345/1013  eps 0.043  train return   -1.20%  loss 7.61e-05  maxQ +0.0666  changes   168  2.3 min
episode 346/1013  eps 0.043  train return   -9.65%  loss 6.99e-05  maxQ +0.0678  changes   268  2.3 min
episode 347/1013  eps 0.042  train return   +7.18%  loss 7.18e-05  maxQ +0.0669  changes   205  2.3 min
episode 348/1013  eps 0.042  train return  -26.44%  loss 7.08e-05  maxQ +0.0662  changes   221  2.3 min
episode 349/1013  eps 0.042  train return   -8.15%  loss 6.89e-05  maxQ +0.0650  changes   156  2.3 min
episode 350/1013  eps 0.041  train return   -9.46%  loss 7.35e-05  maxQ +0.0648  changes   290  2.3 min | val return +8.92% (best +20.40%)
episode 351/1013  eps 0.041  train return  -12.59%  loss 7.17e-05  maxQ +0.0639  changes   204  2.3 min
episode 352/1013  eps 0.040  train return  -14.42%  loss 7.42e-05  maxQ +0.0630  changes   302  2.3 min
episode 353/1013  eps 0.040  train return  -14.46%  loss 7.34e-05  maxQ +0.0648  changes   261  2.3 min
episode 354/1013  eps 0.040  train return  -11.22%  loss 7.32e-05  maxQ +0.0644  changes   149  2.3 min
episode 355/1013  eps 0.039  train return   -2.23%  loss 7.15e-05  maxQ +0.0625  changes   236  2.3 min
episode 356/1013  eps 0.039  train return   +1.43%  loss 7.21e-05  maxQ +0.0618  changes   215  2.3 min
episode 357/1013  eps 0.039  train return  -10.51%  loss 7.12e-05  maxQ +0.0615  changes   209  2.3 min
episode 358/1013  eps 0.038  train return  +12.32%  loss 6.77e-05  maxQ +0.0615  changes   230  2.3 min
episode 359/1013  eps 0.038  train return  +60.81%  loss 7.09e-05  maxQ +0.0611  changes   337  2.4 min
episode 360/1013  eps 0.038  train return   -3.97%  loss 7.12e-05  maxQ +0.0614  changes   316  2.4 min | val return -4.03% (best +20.40%)
episode 361/1013  eps 0.037  train return   +0.69%  loss 7.03e-05  maxQ +0.0607  changes   251  2.4 min
episode 362/1013  eps 0.037  train return  -25.44%  loss 6.60e-05  maxQ +0.0617  changes   250  2.4 min
episode 363/1013  eps 0.037  train return  +11.06%  loss 6.32e-05  maxQ +0.0618  changes   316  2.4 min
episode 364/1013  eps 0.036  train return   -2.29%  loss 5.98e-05  maxQ +0.0602  changes   256  2.4 min
episode 365/1013  eps 0.036  train return  +13.61%  loss 6.38e-05  maxQ +0.0610  changes   253  2.4 min
episode 366/1013  eps 0.036  train return   -5.88%  loss 6.41e-05  maxQ +0.0608  changes   314  2.4 min
episode 367/1013  eps 0.035  train return  -20.40%  loss 6.28e-05  maxQ +0.0596  changes   283  2.4 min
episode 368/1013  eps 0.035  train return   +0.42%  loss 6.17e-05  maxQ +0.0597  changes   199  2.4 min
episode 369/1013  eps 0.035  train return   -8.39%  loss 5.97e-05  maxQ +0.0589  changes   210  2.4 min
episode 370/1013  eps 0.034  train return  +18.34%  loss 6.20e-05  maxQ +0.0582  changes   260  2.4 min | val return +2.58% (best +20.40%)
episode 371/1013  eps 0.034  train return  -17.48%  loss 5.87e-05  maxQ +0.0593  changes   280  2.4 min
episode 372/1013  eps 0.034  train return   +8.90%  loss 6.10e-05  maxQ +0.0591  changes   394  2.4 min
episode 373/1013  eps 0.033  train return  -17.23%  loss 5.77e-05  maxQ +0.0577  changes   309  2.5 min
episode 374/1013  eps 0.033  train return   +0.52%  loss 6.63e-05  maxQ +0.0580  changes   234  2.5 min
episode 375/1013  eps 0.033  train return  +10.03%  loss 6.42e-05  maxQ +0.0576  changes   230  2.5 min
episode 376/1013  eps 0.032  train return   +1.34%  loss 6.25e-05  maxQ +0.0586  changes   144  2.5 min
episode 377/1013  eps 0.032  train return   +2.47%  loss 6.44e-05  maxQ +0.0588  changes   184  2.5 min
episode 378/1013  eps 0.032  train return  +28.51%  loss 6.33e-05  maxQ +0.0588  changes   170  2.5 min
episode 379/1013  eps 0.032  train return  +29.00%  loss 6.60e-05  maxQ +0.0592  changes   264  2.5 min
episode 380/1013  eps 0.031  train return  +15.09%  loss 6.51e-05  maxQ +0.0585  changes   192  2.5 min | val return +10.63% (best +20.40%)
episode 381/1013  eps 0.031  train return   -3.43%  loss 6.30e-05  maxQ +0.0588  changes   245  2.5 min
episode 382/1013  eps 0.031  train return  -10.54%  loss 5.91e-05  maxQ +0.0579  changes   161  2.5 min
episode 383/1013  eps 0.030  train return  +11.93%  loss 5.78e-05  maxQ +0.0565  changes   121  2.5 min
episode 384/1013  eps 0.030  train return   -4.90%  loss 6.06e-05  maxQ +0.0561  changes   192  2.5 min
episode 385/1013  eps 0.030  train return   -3.69%  loss 6.06e-05  maxQ +0.0566  changes   185  2.6 min
episode 386/1013  eps 0.030  train return   +3.27%  loss 6.27e-05  maxQ +0.0558  changes   297  2.6 min
episode 387/1013  eps 0.029  train return   +3.11%  loss 6.03e-05  maxQ +0.0560  changes   176  2.6 min
episode 388/1013  eps 0.029  train return   +1.36%  loss 5.92e-05  maxQ +0.0559  changes   277  2.6 min
episode 389/1013  eps 0.029  train return  -14.62%  loss 5.69e-05  maxQ +0.0556  changes   253  2.6 min
episode 390/1013  eps 0.029  train return   +0.67%  loss 5.72e-05  maxQ +0.0561  changes   218  2.6 min | val return +9.74% (best +20.40%)
episode 391/1013  eps 0.028  train return   +8.93%  loss 6.02e-05  maxQ +0.0574  changes   137  2.6 min
episode 392/1013  eps 0.028  train return   +8.92%  loss 5.89e-05  maxQ +0.0571  changes   152  2.6 min
episode 393/1013  eps 0.028  train return  +28.81%  loss 5.82e-05  maxQ +0.0572  changes   187  2.6 min
episode 394/1013  eps 0.028  train return  -13.46%  loss 5.67e-05  maxQ +0.0558  changes   114  2.6 min
episode 395/1013  eps 0.027  train return  -19.68%  loss 5.54e-05  maxQ +0.0556  changes   146  2.6 min
episode 396/1013  eps 0.027  train return   +3.54%  loss 5.61e-05  maxQ +0.0555  changes   187  2.6 min
episode 397/1013  eps 0.027  train return  -11.11%  loss 5.14e-05  maxQ +0.0548  changes   239  2.6 min
episode 398/1013  eps 0.027  train return   +3.96%  loss 5.31e-05  maxQ +0.0539  changes   241  2.6 min
episode 399/1013  eps 0.026  train return  +12.19%  loss 5.02e-05  maxQ +0.0541  changes   176  2.7 min
episode 400/1013  eps 0.026  train return  -13.07%  loss 5.00e-05  maxQ +0.0544  changes   176  2.7 min | val return +12.74% (best +20.40%)
episode 401/1013  eps 0.026  train return   -6.97%  loss 5.07e-05  maxQ +0.0535  changes   201  2.7 min
episode 402/1013  eps 0.026  train return  +25.59%  loss 5.21e-05  maxQ +0.0538  changes   182  2.7 min
episode 403/1013  eps 0.025  train return  -10.64%  loss 5.18e-05  maxQ +0.0532  changes   172  2.7 min
episode 404/1013  eps 0.025  train return  +33.98%  loss 5.06e-05  maxQ +0.0539  changes   192  2.7 min
episode 405/1013  eps 0.025  train return  +16.97%  loss 5.07e-05  maxQ +0.0527  changes   112  2.7 min
episode 406/1013  eps 0.025  train return  -12.69%  loss 5.19e-05  maxQ +0.0523  changes   175  2.7 min
episode 407/1013  eps 0.024  train return  -54.06%  loss 5.47e-05  maxQ +0.0517  changes   202  2.7 min
episode 408/1013  eps 0.024  train return  +50.69%  loss 5.27e-05  maxQ +0.0514  changes   154  2.7 min
episode 409/1013  eps 0.024  train return   -1.06%  loss 5.54e-05  maxQ +0.0502  changes   232  2.7 min
episode 410/1013  eps 0.024  train return  -36.53%  loss 5.55e-05  maxQ +0.0500  changes   154  2.7 min | val return -3.78% (best +20.40%)
episode 411/1013  eps 0.024  train return  -22.61%  loss 5.81e-05  maxQ +0.0513  changes   159  2.7 min
episode 412/1013  eps 0.023  train return   +9.38%  loss 5.55e-05  maxQ +0.0518  changes   146  2.8 min
episode 413/1013  eps 0.023  train return  -21.89%  loss 5.50e-05  maxQ +0.0512  changes   243  2.8 min
episode 414/1013  eps 0.023  train return  -19.58%  loss 5.47e-05  maxQ +0.0522  changes   169  2.8 min
episode 415/1013  eps 0.023  train return  +23.43%  loss 5.56e-05  maxQ +0.0521  changes   155  2.8 min
episode 416/1013  eps 0.023  train return   -1.17%  loss 5.85e-05  maxQ +0.0519  changes   150  2.8 min
episode 417/1013  eps 0.022  train return   +4.82%  loss 5.76e-05  maxQ +0.0513  changes   172  2.8 min
episode 418/1013  eps 0.022  train return  +77.17%  loss 5.81e-05  maxQ +0.0502  changes   189  2.8 min
episode 419/1013  eps 0.022  train return  -10.87%  loss 5.48e-05  maxQ +0.0497  changes   187  2.8 min
episode 420/1013  eps 0.022  train return  -11.07%  loss 5.69e-05  maxQ +0.0495  changes   105  2.8 min | val return +2.50% (best +20.40%)
episode 421/1013  eps 0.022  train return  +13.83%  loss 5.88e-05  maxQ +0.0497  changes   173  2.8 min
episode 422/1013  eps 0.021  train return   -5.00%  loss 5.87e-05  maxQ +0.0496  changes   213  2.8 min
episode 423/1013  eps 0.021  train return   -1.22%  loss 5.67e-05  maxQ +0.0489  changes   128  2.9 min
episode 424/1013  eps 0.021  train return   +3.75%  loss 5.63e-05  maxQ +0.0486  changes   266  2.9 min
episode 425/1013  eps 0.021  train return  -10.20%  loss 5.47e-05  maxQ +0.0477  changes   175  2.9 min
episode 426/1013  eps 0.021  train return   -7.08%  loss 5.31e-05  maxQ +0.0484  changes   203  2.9 min
episode 427/1013  eps 0.020  train return  +53.01%  loss 5.72e-05  maxQ +0.0481  changes   234  2.9 min
episode 428/1013  eps 0.020  train return  +43.15%  loss 5.36e-05  maxQ +0.0478  changes   260  2.9 min
episode 429/1013  eps 0.020  train return  +23.71%  loss 5.20e-05  maxQ +0.0478  changes   129  2.9 min
episode 430/1013  eps 0.020  train return   +3.41%  loss 6.31e-05  maxQ +0.0479  changes   185  2.9 min | val return -3.01% (best +20.40%)
episode 431/1013  eps 0.020  train return  -10.90%  loss 5.94e-05  maxQ +0.0475  changes   156  2.9 min
episode 432/1013  eps 0.019  train return   +0.38%  loss 5.57e-05  maxQ +0.0474  changes   161  2.9 min
episode 433/1013  eps 0.019  train return  +17.71%  loss 5.53e-05  maxQ +0.0470  changes   180  2.9 min
episode 434/1013  eps 0.019  train return   -0.63%  loss 5.30e-05  maxQ +0.0466  changes   135  2.9 min
episode 435/1013  eps 0.019  train return  -24.97%  loss 5.72e-05  maxQ +0.0469  changes   160  2.9 min
episode 436/1013  eps 0.019  train return  -17.24%  loss 5.69e-05  maxQ +0.0458  changes   104  2.9 min
episode 437/1013  eps 0.019  train return  +18.44%  loss 5.34e-05  maxQ +0.0458  changes   186  2.9 min
episode 438/1013  eps 0.018  train return  -22.99%  loss 5.69e-05  maxQ +0.0457  changes   200  3.0 min
episode 439/1013  eps 0.018  train return  -12.97%  loss 5.82e-05  maxQ +0.0461  changes   243  3.0 min
episode 440/1013  eps 0.018  train return   +7.32%  loss 5.66e-05  maxQ +0.0466  changes   168  3.0 min | val return -9.81% (best +20.40%)
episode 441/1013  eps 0.018  train return  +10.00%  loss 5.48e-05  maxQ +0.0469  changes    75  3.0 min
episode 442/1013  eps 0.018  train return  -10.38%  loss 5.29e-05  maxQ +0.0478  changes   125  3.0 min
episode 443/1013  eps 0.018  train return  +25.26%  loss 4.87e-05  maxQ +0.0481  changes    92  3.0 min
episode 444/1013  eps 0.017  train return +142.59%  loss 5.78e-05  maxQ +0.0486  changes   241  3.0 min
episode 445/1013  eps 0.017  train return   -0.17%  loss 6.28e-05  maxQ +0.0495  changes   189  3.0 min
episode 446/1013  eps 0.017  train return  +15.70%  loss 5.96e-05  maxQ +0.0484  changes   127  3.0 min
episode 447/1013  eps 0.017  train return  -34.30%  loss 6.15e-05  maxQ +0.0486  changes   183  3.0 min
episode 448/1013  eps 0.017  train return  +28.22%  loss 6.34e-05  maxQ +0.0485  changes   222  3.0 min
episode 449/1013  eps 0.017  train return  +22.19%  loss 6.19e-05  maxQ +0.0485  changes   144  3.0 min
episode 450/1013  eps 0.016  train return   +5.58%  loss 6.34e-05  maxQ +0.0488  changes   168  3.0 min | val return -18.41% (best +20.40%)
episode 451/1013  eps 0.016  train return   -7.68%  loss 6.03e-05  maxQ +0.0483  changes   206  3.0 min
episode 452/1013  eps 0.016  train return   -8.80%  loss 6.25e-05  maxQ +0.0484  changes   170  3.0 min
episode 453/1013  eps 0.016  train return   -9.74%  loss 6.37e-05  maxQ +0.0478  changes   289  3.1 min
episode 454/1013  eps 0.016  train return   +9.28%  loss 5.93e-05  maxQ +0.0488  changes   233  3.1 min
episode 455/1013  eps 0.016  train return   +4.91%  loss 6.00e-05  maxQ +0.0491  changes   217  3.1 min
episode 456/1013  eps 0.016  train return  +22.19%  loss 6.09e-05  maxQ +0.0491  changes   241  3.1 min
episode 457/1013  eps 0.015  train return   -9.82%  loss 6.18e-05  maxQ +0.0490  changes   236  3.1 min
episode 458/1013  eps 0.015  train return  +15.62%  loss 5.99e-05  maxQ +0.0488  changes   188  3.1 min
episode 459/1013  eps 0.015  train return  +18.53%  loss 6.47e-05  maxQ +0.0490  changes   153  3.1 min
episode 460/1013  eps 0.015  train return   -6.64%  loss 6.21e-05  maxQ +0.0500  changes   218  3.1 min | val return -24.36% (best +20.40%)
episode 461/1013  eps 0.015  train return  -52.11%  loss 6.36e-05  maxQ +0.0504  changes   266  3.1 min
episode 462/1013  eps 0.015  train return   -4.38%  loss 6.03e-05  maxQ +0.0502  changes   272  3.1 min
episode 463/1013  eps 0.015  train return  -30.73%  loss 6.54e-05  maxQ +0.0499  changes   245  3.1 min
episode 464/1013  eps 0.015  train return  +10.75%  loss 6.54e-05  maxQ +0.0502  changes   284  3.1 min
episode 465/1013  eps 0.014  train return  +27.84%  loss 6.41e-05  maxQ +0.0503  changes    82  3.1 min
episode 466/1013  eps 0.014  train return   +1.17%  loss 6.65e-05  maxQ +0.0504  changes   269  3.1 min
episode 467/1013  eps 0.014  train return  +14.05%  loss 7.02e-05  maxQ +0.0509  changes   176  3.1 min
episode 468/1013  eps 0.014  train return  -18.65%  loss 6.99e-05  maxQ +0.0513  changes   161  3.1 min
episode 469/1013  eps 0.014  train return  -12.66%  loss 7.08e-05  maxQ +0.0515  changes   225  3.2 min
episode 470/1013  eps 0.014  train return   -0.80%  loss 7.18e-05  maxQ +0.0535  changes   153  3.2 min | val return +15.16% (best +20.40%)
episode 471/1013  eps 0.014  train return  +12.38%  loss 7.00e-05  maxQ +0.0522  changes   189  3.2 min
episode 472/1013  eps 0.013  train return  -18.13%  loss 7.15e-05  maxQ +0.0529  changes   172  3.2 min
episode 473/1013  eps 0.013  train return  +30.21%  loss 6.99e-05  maxQ +0.0525  changes   260  3.2 min
episode 474/1013  eps 0.013  train return  +22.64%  loss 6.69e-05  maxQ +0.0518  changes   235  3.2 min
episode 475/1013  eps 0.013  train return   -9.31%  loss 6.91e-05  maxQ +0.0520  changes   185  3.2 min
episode 476/1013  eps 0.013  train return  -10.24%  loss 7.27e-05  maxQ +0.0524  changes   195  3.2 min
episode 477/1013  eps 0.013  train return   -9.53%  loss 6.84e-05  maxQ +0.0532  changes   145  3.2 min
episode 478/1013  eps 0.013  train return  +17.06%  loss 7.18e-05  maxQ +0.0527  changes    73  3.2 min
episode 479/1013  eps 0.013  train return   +8.98%  loss 7.21e-05  maxQ +0.0527  changes   145  3.2 min
episode 480/1013  eps 0.013  train return  -17.13%  loss 6.72e-05  maxQ +0.0521  changes   159  3.2 min | val return +6.54% (best +20.40%)
episode 481/1013  eps 0.012  train return   -2.01%  loss 7.28e-05  maxQ +0.0521  changes   260  3.2 min
episode 482/1013  eps 0.012  train return   -3.78%  loss 6.60e-05  maxQ +0.0525  changes    86  3.2 min
episode 483/1013  eps 0.012  train return   +9.69%  loss 7.11e-05  maxQ +0.0526  changes   223  3.2 min
episode 484/1013  eps 0.012  train return   -6.29%  loss 7.03e-05  maxQ +0.0526  changes   217  3.3 min
episode 485/1013  eps 0.012  train return   -9.56%  loss 6.94e-05  maxQ +0.0532  changes   230  3.3 min
episode 486/1013  eps 0.012  train return  -16.15%  loss 6.70e-05  maxQ +0.0527  changes   184  3.3 min
episode 487/1013  eps 0.012  train return  -13.95%  loss 6.78e-05  maxQ +0.0532  changes   154  3.3 min
episode 488/1013  eps 0.012  train return   +4.88%  loss 6.88e-05  maxQ +0.0528  changes   158  3.3 min
episode 489/1013  eps 0.012  train return   -9.67%  loss 6.74e-05  maxQ +0.0517  changes   172  3.3 min
episode 490/1013  eps 0.011  train return  +28.35%  loss 6.35e-05  maxQ +0.0517  changes   126  3.3 min | val return -6.87% (best +20.40%)
episode 491/1013  eps 0.011  train return   +2.45%  loss 6.98e-05  maxQ +0.0521  changes   140  3.3 min
episode 492/1013  eps 0.011  train return   -5.84%  loss 6.66e-05  maxQ +0.0513  changes   194  3.3 min
episode 493/1013  eps 0.011  train return  +17.20%  loss 6.45e-05  maxQ +0.0503  changes   171  3.3 min
episode 494/1013  eps 0.011  train return  -11.22%  loss 6.68e-05  maxQ +0.0501  changes   178  3.3 min
episode 495/1013  eps 0.011  train return +102.83%  loss 6.89e-05  maxQ +0.0489  changes   209  3.3 min
episode 496/1013  eps 0.011  train return  -37.70%  loss 6.99e-05  maxQ +0.0488  changes   146  3.3 min
episode 497/1013  eps 0.011  train return   +5.42%  loss 7.13e-05  maxQ +0.0481  changes   109  3.3 min
episode 498/1013  eps 0.011  train return  +11.69%  loss 6.76e-05  maxQ +0.0482  changes   161  3.3 min
episode 499/1013  eps 0.011  train return   -2.82%  loss 6.77e-05  maxQ +0.0476  changes   221  3.3 min
episode 500/1013  eps 0.010  train return  +13.46%  loss 6.63e-05  maxQ +0.0470  changes   160  3.3 min | val return -8.53% (best +20.40%)
episode 501/1013  eps 0.010  train return  +50.42%  loss 6.86e-05  maxQ +0.0465  changes   164  3.4 min
episode 502/1013  eps 0.010  train return   -0.53%  loss 6.41e-05  maxQ +0.0467  changes   152  3.4 min
episode 503/1013  eps 0.010  train return  +10.40%  loss 6.84e-05  maxQ +0.0459  changes   229  3.4 min
episode 504/1013  eps 0.010  train return   +0.70%  loss 6.84e-05  maxQ +0.0460  changes    73  3.4 min
episode 505/1013  eps 0.010  train return   -2.04%  loss 6.97e-05  maxQ +0.0471  changes    70  3.4 min
episode 506/1013  eps 0.010  train return  +33.60%  loss 7.09e-05  maxQ +0.0467  changes   153  3.4 min
episode 507/1013  eps 0.010  train return  -17.54%  loss 7.00e-05  maxQ +0.0470  changes   250  3.4 min
episode 508/1013  eps 0.010  train return   -7.31%  loss 7.38e-05  maxQ +0.0479  changes   207  3.4 min
episode 509/1013  eps 0.010  train return  -11.62%  loss 6.78e-05  maxQ +0.0486  changes   153  3.4 min
episode 510/1013  eps 0.010  train return  -12.11%  loss 7.26e-05  maxQ +0.0485  changes   128  3.4 min | val return -13.61% (best +20.40%)
episode 511/1013  eps 0.010  train return   -3.64%  loss 7.55e-05  maxQ +0.0491  changes   179  3.4 min
episode 512/1013  eps 0.010  train return  -14.82%  loss 7.07e-05  maxQ +0.0482  changes   206  3.4 min
episode 513/1013  eps 0.010  train return  +17.49%  loss 7.06e-05  maxQ +0.0481  changes   276  3.4 min
episode 514/1013  eps 0.010  train return  +25.29%  loss 6.51e-05  maxQ +0.0486  changes    66  3.4 min
episode 515/1013  eps 0.010  train return   -9.94%  loss 6.47e-05  maxQ +0.0482  changes    83  3.4 min
episode 516/1013  eps 0.010  train return  +17.82%  loss 6.31e-05  maxQ +0.0474  changes   115  3.5 min
episode 517/1013  eps 0.010  train return   -7.10%  loss 6.35e-05  maxQ +0.0472  changes   106  3.5 min
episode 518/1013  eps 0.010  train return  +21.90%  loss 6.24e-05  maxQ +0.0466  changes   104  3.5 min
episode 519/1013  eps 0.010  train return  +18.63%  loss 6.36e-05  maxQ +0.0460  changes   137  3.5 min
episode 520/1013  eps 0.010  train return  -24.62%  loss 6.48e-05  maxQ +0.0455  changes   104  3.5 min | val return -15.86% (best +20.40%)
episode 521/1013  eps 0.010  train return  +23.41%  loss 6.38e-05  maxQ +0.0450  changes   167  3.5 min
episode 522/1013  eps 0.010  train return  +64.21%  loss 6.75e-05  maxQ +0.0449  changes   154  3.5 min
episode 523/1013  eps 0.010  train return  -26.57%  loss 7.23e-05  maxQ +0.0451  changes   104  3.5 min
episode 524/1013  eps 0.010  train return   +5.00%  loss 7.07e-05  maxQ +0.0456  changes   123  3.5 min
episode 525/1013  eps 0.010  train return   +1.75%  loss 6.70e-05  maxQ +0.0459  changes   134  3.5 min
episode 526/1013  eps 0.010  train return  +10.53%  loss 6.89e-05  maxQ +0.0451  changes   157  3.5 min
episode 527/1013  eps 0.010  train return  -23.66%  loss 6.46e-05  maxQ +0.0445  changes   103  3.5 min
episode 528/1013  eps 0.010  train return  +54.25%  loss 6.28e-05  maxQ +0.0448  changes    60  3.5 min
episode 529/1013  eps 0.010  train return   -3.18%  loss 6.67e-05  maxQ +0.0450  changes   174  3.5 min
episode 530/1013  eps 0.010  train return  +37.66%  loss 6.72e-05  maxQ +0.0439  changes    77  3.5 min | val return -13.77% (best +20.40%)
episode 531/1013  eps 0.010  train return  +26.40%  loss 6.53e-05  maxQ +0.0442  changes   142  3.6 min
episode 532/1013  eps 0.010  train return   +9.09%  loss 6.46e-05  maxQ +0.0441  changes   140  3.6 min
episode 533/1013  eps 0.010  train return  +14.80%  loss 6.63e-05  maxQ +0.0440  changes   196  3.6 min
episode 534/1013  eps 0.010  train return  +37.14%  loss 6.14e-05  maxQ +0.0431  changes   157  3.6 min
episode 535/1013  eps 0.010  train return  -32.82%  loss 6.28e-05  maxQ +0.0433  changes    72  3.6 min
episode 536/1013  eps 0.010  train return   -5.90%  loss 6.08e-05  maxQ +0.0417  changes   113  3.6 min
episode 537/1013  eps 0.010  train return  +23.87%  loss 6.32e-05  maxQ +0.0418  changes   106  3.6 min
episode 538/1013  eps 0.010  train return   +7.12%  loss 6.42e-05  maxQ +0.0425  changes    73  3.6 min
episode 539/1013  eps 0.010  train return  -12.07%  loss 6.29e-05  maxQ +0.0419  changes   112  3.6 min
episode 540/1013  eps 0.010  train return  +52.24%  loss 6.57e-05  maxQ +0.0420  changes    81  3.6 min | val return -10.71% (best +20.40%)
episode 541/1013  eps 0.010  train return   -2.87%  loss 6.54e-05  maxQ +0.0423  changes   155  3.6 min
episode 542/1013  eps 0.010  train return   -4.71%  loss 6.59e-05  maxQ +0.0425  changes    76  3.6 min
episode 543/1013  eps 0.010  train return  +21.76%  loss 6.83e-05  maxQ +0.0419  changes   207  3.6 min
episode 544/1013  eps 0.010  train return  -21.01%  loss 6.57e-05  maxQ +0.0416  changes    97  3.6 min
episode 545/1013  eps 0.010  train return  +26.57%  loss 6.75e-05  maxQ +0.0413  changes   276  3.6 min
episode 546/1013  eps 0.010  train return   +0.91%  loss 6.86e-05  maxQ +0.0415  changes   128  3.6 min
episode 547/1013  eps 0.010  train return  +72.23%  loss 6.84e-05  maxQ +0.0412  changes   145  3.6 min
episode 548/1013  eps 0.010  train return  +21.30%  loss 7.12e-05  maxQ +0.0413  changes   180  3.7 min
episode 549/1013  eps 0.010  train return   -1.48%  loss 6.83e-05  maxQ +0.0409  changes   113  3.7 min
episode 550/1013  eps 0.010  train return   +4.35%  loss 7.05e-05  maxQ +0.0422  changes   126  3.7 min | val return -38.78% (best +20.40%)
episode 551/1013  eps 0.010  train return  -13.79%  loss 7.76e-05  maxQ +0.0428  changes   225  3.7 min
episode 552/1013  eps 0.010  train return   -9.28%  loss 7.02e-05  maxQ +0.0426  changes   145  3.7 min
episode 553/1013  eps 0.010  train return  -12.89%  loss 7.02e-05  maxQ +0.0416  changes   128  3.7 min
episode 554/1013  eps 0.010  train return   +5.01%  loss 7.16e-05  maxQ +0.0425  changes   175  3.7 min
episode 555/1013  eps 0.010  train return  -14.38%  loss 7.32e-05  maxQ +0.0427  changes   157  3.7 min
episode 556/1013  eps 0.010  train return  +43.54%  loss 7.18e-05  maxQ +0.0439  changes    72  3.7 min
episode 557/1013  eps 0.010  train return  -32.81%  loss 7.19e-05  maxQ +0.0447  changes   126  3.7 min
episode 558/1013  eps 0.010  train return  +19.78%  loss 7.16e-05  maxQ +0.0449  changes   126  3.7 min
episode 559/1013  eps 0.010  train return  -35.97%  loss 7.22e-05  maxQ +0.0449  changes   108  3.7 min
episode 560/1013  eps 0.010  train return  -21.14%  loss 7.31e-05  maxQ +0.0446  changes   260  3.7 min | val return -11.83% (best +20.40%)
episode 561/1013  eps 0.010  train return   +8.32%  loss 7.22e-05  maxQ +0.0449  changes   182  3.7 min
episode 562/1013  eps 0.010  train return  +29.58%  loss 7.22e-05  maxQ +0.0457  changes   208  3.7 min
episode 563/1013  eps 0.010  train return  +53.14%  loss 7.03e-05  maxQ +0.0472  changes   232  3.8 min
episode 564/1013  eps 0.010  train return  -49.10%  loss 7.49e-05  maxQ +0.0477  changes   189  3.8 min
episode 565/1013  eps 0.010  train return   -3.62%  loss 7.13e-05  maxQ +0.0474  changes   179  3.8 min
episode 566/1013  eps 0.010  train return  +11.18%  loss 7.26e-05  maxQ +0.0474  changes   217  3.8 min
episode 567/1013  eps 0.010  train return  -32.97%  loss 7.23e-05  maxQ +0.0469  changes   130  3.8 min
episode 568/1013  eps 0.010  train return   +2.08%  loss 7.51e-05  maxQ +0.0475  changes   147  3.8 min
episode 569/1013  eps 0.010  train return   +0.80%  loss 7.25e-05  maxQ +0.0491  changes   169  3.8 min
episode 570/1013  eps 0.010  train return   -0.36%  loss 7.11e-05  maxQ +0.0487  changes   267  3.8 min | val return +0.67% (best +20.40%)
episode 571/1013  eps 0.010  train return   -1.34%  loss 7.24e-05  maxQ +0.0484  changes   188  3.8 min
episode 572/1013  eps 0.010  train return   +8.83%  loss 6.85e-05  maxQ +0.0481  changes   189  3.8 min
episode 573/1013  eps 0.010  train return  +15.60%  loss 7.21e-05  maxQ +0.0478  changes   203  3.8 min
episode 574/1013  eps 0.010  train return   -6.48%  loss 7.32e-05  maxQ +0.0476  changes   134  3.8 min
episode 575/1013  eps 0.010  train return  +17.68%  loss 6.88e-05  maxQ +0.0466  changes    92  3.8 min
episode 576/1013  eps 0.010  train return   +5.99%  loss 7.08e-05  maxQ +0.0478  changes   125  3.8 min
episode 577/1013  eps 0.010  train return  -36.55%  loss 7.36e-05  maxQ +0.0474  changes   163  3.8 min
episode 578/1013  eps 0.010  train return   +7.40%  loss 7.38e-05  maxQ +0.0475  changes   173  3.8 min
episode 579/1013  eps 0.010  train return  -16.51%  loss 6.95e-05  maxQ +0.0478  changes   201  3.9 min
episode 580/1013  eps 0.010  train return  +14.60%  loss 7.08e-05  maxQ +0.0479  changes   121  3.9 min | val return -3.83% (best +20.40%)
episode 581/1013  eps 0.010  train return   -3.29%  loss 7.01e-05  maxQ +0.0475  changes   190  3.9 min
episode 582/1013  eps 0.010  train return  +10.16%  loss 7.43e-05  maxQ +0.0477  changes   126  3.9 min
episode 583/1013  eps 0.010  train return  +66.46%  loss 7.36e-05  maxQ +0.0473  changes   231  3.9 min
episode 584/1013  eps 0.010  train return  +28.24%  loss 7.38e-05  maxQ +0.0473  changes   246  3.9 min
episode 585/1013  eps 0.010  train return   +8.96%  loss 7.65e-05  maxQ +0.0469  changes   198  3.9 min
episode 586/1013  eps 0.010  train return  +28.80%  loss 7.69e-05  maxQ +0.0470  changes   129  3.9 min
episode 587/1013  eps 0.010  train return   -4.52%  loss 7.58e-05  maxQ +0.0469  changes   335  3.9 min
episode 588/1013  eps 0.010  train return  +14.35%  loss 7.29e-05  maxQ +0.0464  changes   212  3.9 min
episode 589/1013  eps 0.010  train return   +0.47%  loss 7.35e-05  maxQ +0.0464  changes   287  3.9 min
episode 590/1013  eps 0.010  train return  -31.92%  loss 7.86e-05  maxQ +0.0463  changes   329  3.9 min | val return -11.61% (best +20.40%)
episode 591/1013  eps 0.010  train return  -27.75%  loss 6.62e-05  maxQ +0.0459  changes   204  3.9 min
episode 592/1013  eps 0.010  train return  +14.92%  loss 7.01e-05  maxQ +0.0457  changes   200  3.9 min
episode 593/1013  eps 0.010  train return   -8.26%  loss 7.14e-05  maxQ +0.0454  changes   246  3.9 min
episode 594/1013  eps 0.010  train return   -8.56%  loss 6.99e-05  maxQ +0.0456  changes   160  4.0 min
episode 595/1013  eps 0.010  train return  +16.49%  loss 6.97e-05  maxQ +0.0455  changes   203  4.0 min
episode 596/1013  eps 0.010  train return   -7.67%  loss 6.86e-05  maxQ +0.0452  changes   198  4.0 min
episode 597/1013  eps 0.010  train return  +21.86%  loss 6.48e-05  maxQ +0.0455  changes   186  4.0 min
episode 598/1013  eps 0.010  train return  -15.09%  loss 6.81e-05  maxQ +0.0454  changes   174  4.0 min
episode 599/1013  eps 0.010  train return  +18.60%  loss 6.42e-05  maxQ +0.0452  changes   229  4.0 min
episode 600/1013  eps 0.010  train return   -9.97%  loss 6.88e-05  maxQ +0.0454  changes   188  4.0 min | val return +0.53% (best +20.40%)
episode 601/1013  eps 0.010  train return   -6.97%  loss 6.52e-05  maxQ +0.0461  changes   121  4.0 min
episode 602/1013  eps 0.010  train return  -13.85%  loss 6.89e-05  maxQ +0.0451  changes   115  4.0 min
episode 603/1013  eps 0.010  train return   -7.12%  loss 6.84e-05  maxQ +0.0445  changes   124  4.0 min
episode 604/1013  eps 0.010  train return   +9.79%  loss 6.83e-05  maxQ +0.0443  changes   311  4.0 min
episode 605/1013  eps 0.010  train return  +19.42%  loss 6.92e-05  maxQ +0.0439  changes   278  4.0 min
episode 606/1013  eps 0.010  train return   +5.17%  loss 7.20e-05  maxQ +0.0444  changes   174  4.0 min
episode 607/1013  eps 0.010  train return   +6.70%  loss 6.76e-05  maxQ +0.0441  changes   275  4.0 min
episode 608/1013  eps 0.010  train return   -8.52%  loss 7.03e-05  maxQ +0.0437  changes   163  4.0 min
episode 609/1013  eps 0.010  train return  -24.79%  loss 7.01e-05  maxQ +0.0438  changes   227  4.0 min
episode 610/1013  eps 0.010  train return  +17.36%  loss 6.35e-05  maxQ +0.0436  changes   176  4.1 min | val return +5.22% (best +20.40%)
episode 611/1013  eps 0.010  train return   -1.37%  loss 6.56e-05  maxQ +0.0430  changes   172  4.1 min
episode 612/1013  eps 0.010  train return  +36.97%  loss 6.62e-05  maxQ +0.0430  changes   159  4.1 min
episode 613/1013  eps 0.010  train return   -7.39%  loss 6.74e-05  maxQ +0.0428  changes   179  4.1 min
episode 614/1013  eps 0.010  train return  -12.75%  loss 6.63e-05  maxQ +0.0433  changes   116  4.1 min
episode 615/1013  eps 0.010  train return  +24.35%  loss 6.25e-05  maxQ +0.0432  changes   154  4.1 min
episode 616/1013  eps 0.010  train return   +4.10%  loss 6.31e-05  maxQ +0.0435  changes   219  4.1 min
episode 617/1013  eps 0.010  train return  -10.70%  loss 6.08e-05  maxQ +0.0428  changes   113  4.1 min
episode 618/1013  eps 0.010  train return  +24.56%  loss 6.45e-05  maxQ +0.0428  changes   186  4.1 min
episode 619/1013  eps 0.010  train return   -5.69%  loss 6.16e-05  maxQ +0.0425  changes    64  4.1 min
episode 620/1013  eps 0.010  train return  -37.51%  loss 5.52e-05  maxQ +0.0425  changes   117  4.1 min | val return +11.20% (best +20.40%)
episode 621/1013  eps 0.010  train return  -25.62%  loss 5.69e-05  maxQ +0.0426  changes    69  4.1 min
episode 622/1013  eps 0.010  train return  -24.78%  loss 5.39e-05  maxQ +0.0424  changes   177  4.1 min
episode 623/1013  eps 0.010  train return  -15.35%  loss 5.69e-05  maxQ +0.0427  changes   184  4.1 min
episode 624/1013  eps 0.010  train return   -4.86%  loss 5.54e-05  maxQ +0.0417  changes   147  4.1 min
episode 625/1013  eps 0.010  train return  +17.36%  loss 5.77e-05  maxQ +0.0418  changes   267  4.2 min
episode 626/1013  eps 0.010  train return  +18.37%  loss 5.25e-05  maxQ +0.0416  changes   132  4.2 min
episode 627/1013  eps 0.010  train return  +18.95%  loss 5.82e-05  maxQ +0.0418  changes   110  4.2 min
episode 628/1013  eps 0.010  train return   +9.95%  loss 5.57e-05  maxQ +0.0418  changes   126  4.2 min
episode 629/1013  eps 0.010  train return   -6.49%  loss 5.54e-05  maxQ +0.0421  changes   131  4.2 min
episode 630/1013  eps 0.010  train return  +12.66%  loss 5.55e-05  maxQ +0.0414  changes   154  4.2 min | val return +4.11% (best +20.40%)
episode 631/1013  eps 0.010  train return  +61.59%  loss 5.55e-05  maxQ +0.0411  changes   374  4.2 min
episode 632/1013  eps 0.010  train return   -2.30%  loss 5.78e-05  maxQ +0.0412  changes   140  4.2 min
episode 633/1013  eps 0.010  train return   -9.88%  loss 5.49e-05  maxQ +0.0411  changes   180  4.2 min
episode 634/1013  eps 0.010  train return  +30.01%  loss 5.27e-05  maxQ +0.0405  changes   237  4.2 min
episode 635/1013  eps 0.010  train return  +30.73%  loss 5.50e-05  maxQ +0.0407  changes   210  4.2 min
episode 636/1013  eps 0.010  train return  +20.04%  loss 5.57e-05  maxQ +0.0400  changes   381  4.2 min
episode 637/1013  eps 0.010  train return  -16.65%  loss 6.11e-05  maxQ +0.0406  changes    83  4.2 min
episode 638/1013  eps 0.010  train return +178.74%  loss 6.34e-05  maxQ +0.0415  changes   190  4.2 min
episode 639/1013  eps 0.010  train return  +11.77%  loss 6.36e-05  maxQ +0.0411  changes   218  4.2 min
episode 640/1013  eps 0.010  train return   -4.68%  loss 6.43e-05  maxQ +0.0416  changes   151  4.2 min | val return +1.69% (best +20.40%)
episode 641/1013  eps 0.010  train return   -5.44%  loss 6.03e-05  maxQ +0.0414  changes   184  4.3 min
episode 642/1013  eps 0.010  train return  +81.09%  loss 6.14e-05  maxQ +0.0418  changes   184  4.3 min
episode 643/1013  eps 0.010  train return  -14.32%  loss 6.05e-05  maxQ +0.0422  changes   117  4.3 min
episode 644/1013  eps 0.010  train return  -18.10%  loss 6.21e-05  maxQ +0.0427  changes   109  4.3 min
episode 645/1013  eps 0.010  train return   -9.64%  loss 6.30e-05  maxQ +0.0427  changes   100  4.3 min
episode 646/1013  eps 0.010  train return   +7.78%  loss 6.23e-05  maxQ +0.0425  changes   161  4.3 min
episode 647/1013  eps 0.010  train return   -3.72%  loss 5.92e-05  maxQ +0.0418  changes   206  4.3 min
episode 648/1013  eps 0.010  train return +125.48%  loss 6.31e-05  maxQ +0.0414  changes   252  4.3 min
episode 649/1013  eps 0.010  train return  -10.37%  loss 6.64e-05  maxQ +0.0414  changes   137  4.3 min
episode 650/1013  eps 0.010  train return  +21.54%  loss 6.52e-05  maxQ +0.0412  changes   236  4.3 min | val return +0.43% (best +20.40%)
episode 651/1013  eps 0.010  train return   +8.82%  loss 6.65e-05  maxQ +0.0424  changes   313  4.3 min
episode 652/1013  eps 0.010  train return  +15.11%  loss 6.03e-05  maxQ +0.0430  changes   244  4.3 min
episode 653/1013  eps 0.010  train return  -22.30%  loss 5.64e-05  maxQ +0.0435  changes   206  4.3 min
episode 654/1013  eps 0.010  train return  -21.34%  loss 5.33e-05  maxQ +0.0438  changes   264  4.3 min
episode 655/1013  eps 0.010  train return  +48.97%  loss 5.44e-05  maxQ +0.0447  changes   137  4.3 min
episode 656/1013  eps 0.010  train return  -24.82%  loss 5.52e-05  maxQ +0.0443  changes   251  4.3 min
episode 657/1013  eps 0.010  train return  -40.49%  loss 6.08e-05  maxQ +0.0443  changes   200  4.4 min
episode 658/1013  eps 0.010  train return  -15.34%  loss 5.96e-05  maxQ +0.0455  changes   173  4.4 min
episode 659/1013  eps 0.010  train return  -34.03%  loss 5.59e-05  maxQ +0.0456  changes   160  4.4 min
episode 660/1013  eps 0.010  train return   -2.70%  loss 5.26e-05  maxQ +0.0467  changes    95  4.4 min | val return -7.51% (best +20.40%)
episode 661/1013  eps 0.010  train return   -1.89%  loss 5.49e-05  maxQ +0.0475  changes   156  4.4 min
episode 662/1013  eps 0.010  train return   +0.83%  loss 5.66e-05  maxQ +0.0478  changes   151  4.4 min
episode 663/1013  eps 0.010  train return  +53.22%  loss 5.52e-05  maxQ +0.0470  changes   246  4.4 min
episode 664/1013  eps 0.010  train return   -6.17%  loss 5.83e-05  maxQ +0.0477  changes   160  4.4 min
episode 665/1013  eps 0.010  train return  -11.04%  loss 5.82e-05  maxQ +0.0473  changes   209  4.4 min
episode 666/1013  eps 0.010  train return  -14.02%  loss 5.89e-05  maxQ +0.0468  changes   155  4.4 min
episode 667/1013  eps 0.010  train return   +3.78%  loss 6.15e-05  maxQ +0.0462  changes   294  4.4 min
episode 668/1013  eps 0.010  train return  -10.52%  loss 6.23e-05  maxQ +0.0456  changes   178  4.4 min
episode 669/1013  eps 0.010  train return   +2.45%  loss 6.43e-05  maxQ +0.0457  changes   193  4.4 min
episode 670/1013  eps 0.010  train return   +6.79%  loss 6.60e-05  maxQ +0.0460  changes   275  4.4 min | val return -3.74% (best +20.40%)
episode 671/1013  eps 0.010  train return   -9.22%  loss 6.54e-05  maxQ +0.0453  changes   149  4.4 min
episode 672/1013  eps 0.010  train return  -15.78%  loss 6.53e-05  maxQ +0.0461  changes   252  4.5 min
episode 673/1013  eps 0.010  train return  +10.09%  loss 6.05e-05  maxQ +0.0458  changes   277  4.5 min
episode 674/1013  eps 0.010  train return   +7.84%  loss 6.51e-05  maxQ +0.0460  changes   219  4.5 min
episode 675/1013  eps 0.010  train return  -42.72%  loss 6.13e-05  maxQ +0.0455  changes   236  4.5 min
episode 676/1013  eps 0.010  train return  +76.19%  loss 6.87e-05  maxQ +0.0458  changes   373  4.5 min
episode 677/1013  eps 0.010  train return  -27.74%  loss 7.31e-05  maxQ +0.0458  changes   301  4.5 min
episode 678/1013  eps 0.010  train return  +29.80%  loss 6.86e-05  maxQ +0.0455  changes   293  4.5 min
episode 679/1013  eps 0.010  train return  -37.66%  loss 6.63e-05  maxQ +0.0452  changes   190  4.5 min
episode 680/1013  eps 0.010  train return   +0.80%  loss 6.94e-05  maxQ +0.0449  changes   282  4.5 min | val return +2.06% (best +20.40%)
episode 681/1013  eps 0.010  train return   +5.96%  loss 7.22e-05  maxQ +0.0452  changes   217  4.5 min
episode 682/1013  eps 0.010  train return   -5.91%  loss 7.20e-05  maxQ +0.0461  changes   215  4.5 min
episode 683/1013  eps 0.010  train return   -0.41%  loss 7.01e-05  maxQ +0.0459  changes   135  4.5 min
episode 684/1013  eps 0.010  train return  -15.25%  loss 7.50e-05  maxQ +0.0463  changes   288  4.5 min
episode 685/1013  eps 0.010  train return  +24.96%  loss 7.06e-05  maxQ +0.0454  changes   170  4.5 min
episode 686/1013  eps 0.010  train return   +6.92%  loss 6.87e-05  maxQ +0.0453  changes   185  4.5 min
episode 687/1013  eps 0.010  train return   +6.36%  loss 6.68e-05  maxQ +0.0454  changes   250  4.5 min
episode 688/1013  eps 0.010  train return  +25.74%  loss 6.86e-05  maxQ +0.0443  changes   210  4.6 min
episode 689/1013  eps 0.010  train return   +7.80%  loss 7.05e-05  maxQ +0.0445  changes   151  4.6 min
episode 690/1013  eps 0.010  train return  -26.40%  loss 7.10e-05  maxQ +0.0445  changes   141  4.6 min | val return -7.24% (best +20.40%)
episode 691/1013  eps 0.010  train return   +0.80%  loss 7.24e-05  maxQ +0.0444  changes   151  4.6 min
episode 692/1013  eps 0.010  train return  -13.10%  loss 7.20e-05  maxQ +0.0442  changes   113  4.6 min
episode 693/1013  eps 0.010  train return   +4.37%  loss 6.91e-05  maxQ +0.0437  changes   143  4.6 min
episode 694/1013  eps 0.010  train return  +14.03%  loss 6.68e-05  maxQ +0.0439  changes   223  4.6 min
episode 695/1013  eps 0.010  train return   -8.04%  loss 6.82e-05  maxQ +0.0434  changes   257  4.6 min
episode 696/1013  eps 0.010  train return   +3.83%  loss 7.16e-05  maxQ +0.0441  changes   188  4.6 min
episode 697/1013  eps 0.010  train return  +31.78%  loss 7.30e-05  maxQ +0.0439  changes   243  4.6 min
episode 698/1013  eps 0.010  train return   -7.27%  loss 7.40e-05  maxQ +0.0437  changes   216  4.6 min
episode 699/1013  eps 0.010  train return  -24.10%  loss 7.09e-05  maxQ +0.0437  changes   331  4.6 min
episode 700/1013  eps 0.010  train return   -4.73%  loss 7.58e-05  maxQ +0.0436  changes   241  4.6 min | val return -15.98% (best +20.40%)
episode 701/1013  eps 0.010  train return   +4.85%  loss 6.87e-05  maxQ +0.0431  changes   151  4.6 min
episode 702/1013  eps 0.010  train return   -5.94%  loss 7.65e-05  maxQ +0.0447  changes   214  4.6 min
episode 703/1013  eps 0.010  train return   +1.92%  loss 6.97e-05  maxQ +0.0443  changes   234  4.6 min
episode 704/1013  eps 0.010  train return  -15.47%  loss 6.68e-05  maxQ +0.0447  changes   246  4.7 min
episode 705/1013  eps 0.010  train return  -36.27%  loss 6.79e-05  maxQ +0.0442  changes   268  4.7 min
episode 706/1013  eps 0.010  train return   +6.80%  loss 6.58e-05  maxQ +0.0445  changes   295  4.7 min
episode 707/1013  eps 0.010  train return   +9.44%  loss 6.29e-05  maxQ +0.0443  changes   176  4.7 min
episode 708/1013  eps 0.010  train return  +64.70%  loss 5.86e-05  maxQ +0.0458  changes   253  4.7 min
episode 709/1013  eps 0.010  train return   +6.85%  loss 5.85e-05  maxQ +0.0460  changes   242  4.7 min
episode 710/1013  eps 0.010  train return   -2.51%  loss 5.99e-05  maxQ +0.0454  changes   267  4.7 min | val return -6.25% (best +20.40%)
episode 711/1013  eps 0.010  train return   +0.34%  loss 5.87e-05  maxQ +0.0450  changes   261  4.7 min
episode 712/1013  eps 0.010  train return   -1.76%  loss 5.67e-05  maxQ +0.0449  changes   251  4.7 min
episode 713/1013  eps 0.010  train return   -5.45%  loss 6.08e-05  maxQ +0.0449  changes   193  4.7 min
episode 714/1013  eps 0.010  train return  +25.61%  loss 5.77e-05  maxQ +0.0446  changes   224  4.7 min
episode 715/1013  eps 0.010  train return  +20.19%  loss 5.76e-05  maxQ +0.0447  changes   192  4.7 min
episode 716/1013  eps 0.010  train return  -27.41%  loss 5.91e-05  maxQ +0.0443  changes   201  4.7 min
episode 717/1013  eps 0.010  train return  +33.38%  loss 5.67e-05  maxQ +0.0443  changes   240  4.7 min
episode 718/1013  eps 0.010  train return  -26.90%  loss 5.87e-05  maxQ +0.0439  changes   126  4.7 min
episode 719/1013  eps 0.010  train return  -11.85%  loss 5.95e-05  maxQ +0.0435  changes   147  4.8 min
episode 720/1013  eps 0.010  train return   +6.07%  loss 5.94e-05  maxQ +0.0431  changes   190  4.8 min | val return -6.30% (best +20.40%)
episode 721/1013  eps 0.010  train return  +11.80%  loss 5.89e-05  maxQ +0.0431  changes   283  4.8 min
episode 722/1013  eps 0.010  train return  +27.44%  loss 5.93e-05  maxQ +0.0427  changes   194  4.8 min
episode 723/1013  eps 0.010  train return   -4.87%  loss 6.07e-05  maxQ +0.0422  changes   191  4.8 min
episode 724/1013  eps 0.010  train return   -4.89%  loss 6.10e-05  maxQ +0.0413  changes   189  4.8 min
episode 725/1013  eps 0.010  train return  -25.15%  loss 5.91e-05  maxQ +0.0412  changes   162  4.8 min
episode 726/1013  eps 0.010  train return   +6.53%  loss 5.70e-05  maxQ +0.0403  changes   101  4.8 min
episode 727/1013  eps 0.010  train return  -11.00%  loss 5.91e-05  maxQ +0.0409  changes   140  4.8 min
episode 728/1013  eps 0.010  train return  -35.23%  loss 5.66e-05  maxQ +0.0418  changes   156  4.8 min
episode 729/1013  eps 0.010  train return  -24.51%  loss 5.70e-05  maxQ +0.0414  changes   200  4.8 min
episode 730/1013  eps 0.010  train return  +33.07%  loss 6.05e-05  maxQ +0.0410  changes   194  4.8 min | val return -4.03% (best +20.40%)
episode 731/1013  eps 0.010  train return   -4.65%  loss 6.02e-05  maxQ +0.0408  changes   234  4.8 min
episode 732/1013  eps 0.010  train return  +14.74%  loss 6.13e-05  maxQ +0.0402  changes   176  4.8 min
episode 733/1013  eps 0.010  train return   -7.72%  loss 6.23e-05  maxQ +0.0409  changes   171  4.8 min
episode 734/1013  eps 0.010  train return   +8.84%  loss 6.13e-05  maxQ +0.0412  changes   146  4.9 min
episode 735/1013  eps 0.010  train return  -40.26%  loss 6.14e-05  maxQ +0.0401  changes   165  4.9 min
episode 736/1013  eps 0.010  train return  -11.00%  loss 6.35e-05  maxQ +0.0402  changes   188  4.9 min
episode 737/1013  eps 0.010  train return   -9.53%  loss 6.19e-05  maxQ +0.0401  changes   148  4.9 min
episode 738/1013  eps 0.010  train return   -8.39%  loss 6.43e-05  maxQ +0.0404  changes   137  4.9 min
episode 739/1013  eps 0.010  train return   +0.37%  loss 6.58e-05  maxQ +0.0402  changes   158  4.9 min
episode 740/1013  eps 0.010  train return   -5.70%  loss 6.59e-05  maxQ +0.0404  changes   184  4.9 min | val return +4.96% (best +20.40%)
episode 741/1013  eps 0.010  train return   +1.75%  loss 6.17e-05  maxQ +0.0398  changes   184  4.9 min
episode 742/1013  eps 0.010  train return  +14.38%  loss 6.75e-05  maxQ +0.0394  changes   254  4.9 min
episode 743/1013  eps 0.010  train return   +8.25%  loss 6.70e-05  maxQ +0.0399  changes   119  4.9 min
episode 744/1013  eps 0.010  train return  +23.27%  loss 6.68e-05  maxQ +0.0392  changes   261  4.9 min
episode 745/1013  eps 0.010  train return  +47.95%  loss 6.09e-05  maxQ +0.0388  changes   234  4.9 min
episode 746/1013  eps 0.010  train return   -5.15%  loss 6.63e-05  maxQ +0.0385  changes   145  4.9 min
episode 747/1013  eps 0.010  train return   +9.37%  loss 6.05e-05  maxQ +0.0387  changes   239  4.9 min
episode 748/1013  eps 0.010  train return  +32.79%  loss 6.93e-05  maxQ +0.0399  changes   255  4.9 min
episode 749/1013  eps 0.010  train return   -7.50%  loss 6.83e-05  maxQ +0.0402  changes   245  4.9 min
episode 750/1013  eps 0.010  train return  -15.98%  loss 6.92e-05  maxQ +0.0401  changes   264  5.0 min | val return -14.89% (best +20.40%)
episode 751/1013  eps 0.010  train return  -10.54%  loss 6.67e-05  maxQ +0.0404  changes   292  5.0 min
episode 752/1013  eps 0.010  train return  -14.93%  loss 6.73e-05  maxQ +0.0392  changes   175  5.0 min
episode 753/1013  eps 0.010  train return   +0.49%  loss 6.51e-05  maxQ +0.0391  changes   112  5.0 min
episode 754/1013  eps 0.010  train return  -12.41%  loss 7.01e-05  maxQ +0.0401  changes   223  5.0 min
episode 755/1013  eps 0.010  train return  +26.28%  loss 7.10e-05  maxQ +0.0398  changes   209  5.0 min
episode 756/1013  eps 0.010  train return  +11.40%  loss 6.82e-05  maxQ +0.0392  changes   163  5.0 min
episode 757/1013  eps 0.010  train return   -6.74%  loss 6.73e-05  maxQ +0.0396  changes   157  5.0 min
episode 758/1013  eps 0.010  train return  -16.77%  loss 7.06e-05  maxQ +0.0399  changes   260  5.0 min
episode 759/1013  eps 0.010  train return  -14.07%  loss 7.31e-05  maxQ +0.0398  changes   183  5.0 min
episode 760/1013  eps 0.010  train return   -3.01%  loss 6.91e-05  maxQ +0.0396  changes   192  5.0 min | val return -2.06% (best +20.40%)
episode 761/1013  eps 0.010  train return  -31.45%  loss 7.10e-05  maxQ +0.0395  changes   186  5.0 min
episode 762/1013  eps 0.010  train return   -8.45%  loss 7.30e-05  maxQ +0.0394  changes   218  5.0 min
episode 763/1013  eps 0.010  train return +115.46%  loss 7.48e-05  maxQ +0.0400  changes   330  5.0 min
episode 764/1013  eps 0.010  train return  -28.06%  loss 7.78e-05  maxQ +0.0397  changes   397  5.0 min
episode 765/1013  eps 0.010  train return   +0.62%  loss 7.93e-05  maxQ +0.0395  changes   284  5.1 min
episode 766/1013  eps 0.010  train return   +1.88%  loss 8.21e-05  maxQ +0.0393  changes   282  5.1 min
episode 767/1013  eps 0.010  train return  -15.11%  loss 7.74e-05  maxQ +0.0393  changes   204  5.1 min
episode 768/1013  eps 0.010  train return  +11.39%  loss 8.21e-05  maxQ +0.0397  changes   234  5.1 min
episode 769/1013  eps 0.010  train return  +61.25%  loss 7.67e-05  maxQ +0.0392  changes   285  5.1 min
episode 770/1013  eps 0.010  train return   -1.25%  loss 7.55e-05  maxQ +0.0388  changes   201  5.1 min | val return -19.07% (best +20.40%)
episode 771/1013  eps 0.010  train return  -12.64%  loss 8.01e-05  maxQ +0.0404  changes   224  5.1 min
episode 772/1013  eps 0.010  train return  -29.37%  loss 8.11e-05  maxQ +0.0389  changes   237  5.1 min
episode 773/1013  eps 0.010  train return  -18.70%  loss 8.03e-05  maxQ +0.0395  changes   235  5.1 min
episode 774/1013  eps 0.010  train return  -35.60%  loss 7.81e-05  maxQ +0.0396  changes   210  5.1 min
episode 775/1013  eps 0.010  train return   +8.96%  loss 8.29e-05  maxQ +0.0395  changes   201  5.1 min
episode 776/1013  eps 0.010  train return  -13.78%  loss 8.54e-05  maxQ +0.0392  changes   242  5.1 min
episode 777/1013  eps 0.010  train return  +22.63%  loss 8.28e-05  maxQ +0.0400  changes   292  5.1 min
episode 778/1013  eps 0.010  train return  -15.92%  loss 8.21e-05  maxQ +0.0403  changes   122  5.1 min
episode 779/1013  eps 0.010  train return  +48.58%  loss 8.38e-05  maxQ +0.0401  changes   248  5.1 min
episode 780/1013  eps 0.010  train return  +11.65%  loss 8.63e-05  maxQ +0.0407  changes   309  5.1 min | val return +6.74% (best +20.40%)
episode 781/1013  eps 0.010  train return   -1.31%  loss 9.01e-05  maxQ +0.0416  changes   219  5.2 min
episode 782/1013  eps 0.010  train return  -16.45%  loss 8.50e-05  maxQ +0.0414  changes   160  5.2 min
episode 783/1013  eps 0.010  train return  -52.08%  loss 9.03e-05  maxQ +0.0414  changes   302  5.2 min
episode 784/1013  eps 0.010  train return   -9.69%  loss 8.98e-05  maxQ +0.0407  changes   217  5.2 min
episode 785/1013  eps 0.010  train return   +0.98%  loss 9.37e-05  maxQ +0.0406  changes   154  5.2 min
episode 786/1013  eps 0.010  train return  +11.05%  loss 8.91e-05  maxQ +0.0409  changes   189  5.2 min
episode 787/1013  eps 0.010  train return   +0.95%  loss 8.82e-05  maxQ +0.0405  changes   196  5.2 min
episode 788/1013  eps 0.010  train return   +9.93%  loss 7.82e-05  maxQ +0.0403  changes   145  5.2 min
episode 789/1013  eps 0.010  train return  +39.62%  loss 8.46e-05  maxQ +0.0403  changes   195  5.2 min
episode 790/1013  eps 0.010  train return   -5.53%  loss 8.54e-05  maxQ +0.0397  changes   195  5.2 min | val return +3.31% (best +20.40%)
episode 791/1013  eps 0.010  train return   +3.52%  loss 8.35e-05  maxQ +0.0395  changes   209  5.2 min
episode 792/1013  eps 0.010  train return  +20.88%  loss 7.78e-05  maxQ +0.0392  changes   130  5.2 min
episode 793/1013  eps 0.010  train return   +2.00%  loss 8.36e-05  maxQ +0.0389  changes   190  5.2 min
episode 794/1013  eps 0.010  train return  -13.68%  loss 8.17e-05  maxQ +0.0393  changes   178  5.2 min
episode 795/1013  eps 0.010  train return  +54.33%  loss 7.98e-05  maxQ +0.0387  changes   199  5.2 min
episode 796/1013  eps 0.010  train return   +8.18%  loss 8.23e-05  maxQ +0.0381  changes   154  5.3 min
episode 797/1013  eps 0.010  train return  -15.80%  loss 8.23e-05  maxQ +0.0374  changes   124  5.3 min
episode 798/1013  eps 0.010  train return   -9.93%  loss 7.99e-05  maxQ +0.0374  changes   163  5.3 min
episode 799/1013  eps 0.010  train return  -16.01%  loss 8.21e-05  maxQ +0.0373  changes   185  5.3 min
episode 800/1013  eps 0.010  train return   -3.96%  loss 7.75e-05  maxQ +0.0376  changes   199  5.3 min | val return -8.50% (best +20.40%)
episode 801/1013  eps 0.010  train return  -25.50%  loss 8.03e-05  maxQ +0.0365  changes   285  5.3 min
episode 802/1013  eps 0.010  train return   -7.71%  loss 7.93e-05  maxQ +0.0369  changes   202  5.3 min
episode 803/1013  eps 0.010  train return   -0.86%  loss 7.74e-05  maxQ +0.0362  changes   117  5.3 min
episode 804/1013  eps 0.010  train return   -6.05%  loss 8.19e-05  maxQ +0.0362  changes    89  5.3 min
episode 805/1013  eps 0.010  train return   +4.35%  loss 7.62e-05  maxQ +0.0361  changes   201  5.3 min
episode 806/1013  eps 0.010  train return  +13.91%  loss 7.73e-05  maxQ +0.0361  changes   138  5.3 min
episode 807/1013  eps 0.010  train return  -10.19%  loss 7.68e-05  maxQ +0.0356  changes   236  5.3 min
episode 808/1013  eps 0.010  train return  +16.02%  loss 7.78e-05  maxQ +0.0356  changes   146  5.3 min
episode 809/1013  eps 0.010  train return  -21.43%  loss 7.50e-05  maxQ +0.0350  changes   119  5.3 min
episode 810/1013  eps 0.010  train return  +13.57%  loss 7.83e-05  maxQ +0.0353  changes   135  5.3 min | val return +16.57% (best +20.40%)
episode 811/1013  eps 0.010  train return  -15.03%  loss 7.73e-05  maxQ +0.0358  changes   170  5.4 min
episode 812/1013  eps 0.010  train return   +5.94%  loss 7.77e-05  maxQ +0.0349  changes   234  5.4 min
episode 813/1013  eps 0.010  train return  +49.53%  loss 7.63e-05  maxQ +0.0349  changes   200  5.4 min
episode 814/1013  eps 0.010  train return   +3.22%  loss 7.35e-05  maxQ +0.0342  changes   168  5.4 min
episode 815/1013  eps 0.010  train return  +10.05%  loss 7.53e-05  maxQ +0.0340  changes   202  5.4 min
episode 816/1013  eps 0.010  train return  -40.97%  loss 7.84e-05  maxQ +0.0340  changes   178  5.4 min
episode 817/1013  eps 0.010  train return  +18.98%  loss 7.95e-05  maxQ +0.0341  changes   193  5.4 min
episode 818/1013  eps 0.010  train return  +52.34%  loss 7.88e-05  maxQ +0.0340  changes   205  5.4 min
episode 819/1013  eps 0.010  train return   +4.41%  loss 7.89e-05  maxQ +0.0339  changes    93  5.4 min
episode 820/1013  eps 0.010  train return   -2.32%  loss 7.31e-05  maxQ +0.0337  changes   105  5.4 min | val return -4.15% (best +20.40%)
episode 821/1013  eps 0.010  train return   -2.83%  loss 7.50e-05  maxQ +0.0345  changes   174  5.4 min
episode 822/1013  eps 0.010  train return   +7.24%  loss 7.02e-05  maxQ +0.0338  changes    96  5.4 min
episode 823/1013  eps 0.010  train return  +10.12%  loss 7.05e-05  maxQ +0.0344  changes   127  5.4 min
episode 824/1013  eps 0.010  train return  +12.44%  loss 7.08e-05  maxQ +0.0343  changes   216  5.4 min
episode 825/1013  eps 0.010  train return  +17.07%  loss 6.74e-05  maxQ +0.0348  changes   105  5.4 min
episode 826/1013  eps 0.010  train return   +9.77%  loss 7.48e-05  maxQ +0.0354  changes    76  5.5 min
episode 827/1013  eps 0.010  train return  -13.79%  loss 6.90e-05  maxQ +0.0349  changes    84  5.5 min
episode 828/1013  eps 0.010  train return  +18.50%  loss 6.74e-05  maxQ +0.0341  changes    63  5.5 min
episode 829/1013  eps 0.010  train return  -14.00%  loss 6.84e-05  maxQ +0.0342  changes    99  5.5 min
episode 830/1013  eps 0.010  train return   +3.01%  loss 6.52e-05  maxQ +0.0347  changes    82  5.5 min | val return -10.66% (best +20.40%)
episode 831/1013  eps 0.010  train return  -33.57%  loss 6.61e-05  maxQ +0.0343  changes   124  5.5 min
episode 832/1013  eps 0.010  train return  +38.25%  loss 6.34e-05  maxQ +0.0345  changes    92  5.5 min
episode 833/1013  eps 0.010  train return  +20.66%  loss 6.80e-05  maxQ +0.0338  changes   103  5.5 min
episode 834/1013  eps 0.010  train return  -12.60%  loss 6.29e-05  maxQ +0.0349  changes    48  5.5 min
episode 835/1013  eps 0.010  train return   +1.48%  loss 5.85e-05  maxQ +0.0350  changes    85  5.5 min
episode 836/1013  eps 0.010  train return  -63.37%  loss 6.88e-05  maxQ +0.0346  changes   216  5.5 min
episode 837/1013  eps 0.010  train return  -25.72%  loss 8.05e-05  maxQ +0.0342  changes   104  5.5 min
episode 838/1013  eps 0.010  train return   -2.68%  loss 7.55e-05  maxQ +0.0339  changes   150  5.5 min
episode 839/1013  eps 0.010  train return   -3.54%  loss 7.68e-05  maxQ +0.0335  changes    96  5.5 min
episode 840/1013  eps 0.010  train return   +7.53%  loss 7.91e-05  maxQ +0.0335  changes    79  5.5 min | val return -5.77% (best +20.40%)
episode 841/1013  eps 0.010  train return  +14.63%  loss 7.83e-05  maxQ +0.0337  changes   169  5.6 min
episode 842/1013  eps 0.010  train return   -3.23%  loss 7.07e-05  maxQ +0.0338  changes   123  5.6 min
episode 843/1013  eps 0.010  train return  +28.92%  loss 7.81e-05  maxQ +0.0340  changes   137  5.6 min
episode 844/1013  eps 0.010  train return   -5.86%  loss 7.49e-05  maxQ +0.0339  changes   161  5.6 min
episode 845/1013  eps 0.010  train return  -10.47%  loss 7.48e-05  maxQ +0.0338  changes    92  5.6 min
episode 846/1013  eps 0.010  train return   +5.31%  loss 7.64e-05  maxQ +0.0344  changes    98  5.6 min
episode 847/1013  eps 0.010  train return  +14.30%  loss 7.35e-05  maxQ +0.0339  changes   179  5.6 min
episode 848/1013  eps 0.010  train return   -2.10%  loss 8.11e-05  maxQ +0.0342  changes    89  5.6 min
episode 849/1013  eps 0.010  train return  +21.31%  loss 8.19e-05  maxQ +0.0342  changes   114  5.6 min
episode 850/1013  eps 0.010  train return  +25.65%  loss 7.64e-05  maxQ +0.0343  changes   103  5.6 min | val return +1.18% (best +20.40%)
episode 851/1013  eps 0.010  train return   -6.46%  loss 7.07e-05  maxQ +0.0340  changes   101  5.6 min
episode 852/1013  eps 0.010  train return  -39.57%  loss 7.85e-05  maxQ +0.0342  changes   169  5.6 min
episode 853/1013  eps 0.010  train return   +1.95%  loss 7.31e-05  maxQ +0.0343  changes   173  5.6 min
episode 854/1013  eps 0.010  train return   -4.84%  loss 7.06e-05  maxQ +0.0342  changes   145  5.6 min
episode 855/1013  eps 0.010  train return  -24.69%  loss 7.19e-05  maxQ +0.0343  changes    78  5.6 min
episode 856/1013  eps 0.010  train return   +9.06%  loss 7.22e-05  maxQ +0.0346  changes    67  5.6 min
episode 857/1013  eps 0.010  train return  +36.80%  loss 8.02e-05  maxQ +0.0344  changes   154  5.7 min
episode 858/1013  eps 0.010  train return   -2.21%  loss 7.86e-05  maxQ +0.0346  changes   131  5.7 min
episode 859/1013  eps 0.010  train return   -9.97%  loss 7.17e-05  maxQ +0.0344  changes    81  5.7 min
episode 860/1013  eps 0.010  train return   +9.63%  loss 7.30e-05  maxQ +0.0345  changes   100  5.7 min | val return -1.83% (best +20.40%)
episode 861/1013  eps 0.010  train return   -7.75%  loss 7.54e-05  maxQ +0.0343  changes   109  5.7 min
episode 862/1013  eps 0.010  train return  +54.71%  loss 7.56e-05  maxQ +0.0341  changes   119  5.7 min
episode 863/1013  eps 0.010  train return   -8.03%  loss 7.59e-05  maxQ +0.0334  changes   119  5.7 min
episode 864/1013  eps 0.010  train return  -18.80%  loss 7.65e-05  maxQ +0.0337  changes    89  5.7 min
episode 865/1013  eps 0.010  train return  +37.65%  loss 7.32e-05  maxQ +0.0335  changes   123  5.7 min
episode 866/1013  eps 0.010  train return  +16.31%  loss 7.62e-05  maxQ +0.0331  changes   105  5.7 min
episode 867/1013  eps 0.010  train return   -2.92%  loss 7.42e-05  maxQ +0.0336  changes   117  5.7 min
episode 868/1013  eps 0.010  train return  -24.90%  loss 7.82e-05  maxQ +0.0338  changes   162  5.7 min
episode 869/1013  eps 0.010  train return  -15.64%  loss 7.73e-05  maxQ +0.0335  changes   177  5.7 min
episode 870/1013  eps 0.010  train return   -0.30%  loss 7.52e-05  maxQ +0.0335  changes   125  5.7 min | val return +2.94% (best +20.40%)
episode 871/1013  eps 0.010  train return  +14.14%  loss 7.14e-05  maxQ +0.0331  changes    66  5.7 min
episode 872/1013  eps 0.010  train return  +36.53%  loss 7.50e-05  maxQ +0.0335  changes   169  5.7 min
episode 873/1013  eps 0.010  train return  -14.02%  loss 7.05e-05  maxQ +0.0331  changes   175  5.8 min
episode 874/1013  eps 0.010  train return   -1.56%  loss 7.43e-05  maxQ +0.0331  changes   133  5.8 min
episode 875/1013  eps 0.010  train return   -1.92%  loss 7.05e-05  maxQ +0.0331  changes   128  5.8 min
episode 876/1013  eps 0.010  train return   +3.91%  loss 7.35e-05  maxQ +0.0335  changes    66  5.8 min
episode 877/1013  eps 0.010  train return  -12.44%  loss 7.16e-05  maxQ +0.0336  changes    76  5.8 min
episode 878/1013  eps 0.010  train return  +18.20%  loss 6.63e-05  maxQ +0.0335  changes   111  5.8 min
episode 879/1013  eps 0.010  train return  +10.58%  loss 6.63e-05  maxQ +0.0332  changes   114  5.8 min
episode 880/1013  eps 0.010  train return   +9.16%  loss 7.00e-05  maxQ +0.0339  changes   145  5.8 min | val return -5.06% (best +20.40%)
episode 881/1013  eps 0.010  train return  +29.79%  loss 7.29e-05  maxQ +0.0344  changes   168  5.8 min
episode 882/1013  eps 0.010  train return   +8.01%  loss 6.91e-05  maxQ +0.0341  changes   205  5.8 min
episode 883/1013  eps 0.010  train return  +40.30%  loss 6.48e-05  maxQ +0.0337  changes   171  5.8 min
episode 884/1013  eps 0.010  train return  -10.82%  loss 6.56e-05  maxQ +0.0335  changes   147  5.8 min
episode 885/1013  eps 0.010  train return  +10.35%  loss 6.90e-05  maxQ +0.0330  changes   133  5.8 min
episode 886/1013  eps 0.010  train return   -8.91%  loss 7.62e-05  maxQ +0.0332  changes   103  5.8 min
episode 887/1013  eps 0.010  train return  +27.49%  loss 6.99e-05  maxQ +0.0345  changes   167  5.8 min
episode 888/1013  eps 0.010  train return  -57.34%  loss 6.88e-05  maxQ +0.0348  changes   111  5.9 min
episode 889/1013  eps 0.010  train return  -27.45%  loss 7.08e-05  maxQ +0.0345  changes    74  5.9 min
episode 890/1013  eps 0.010  train return  -10.64%  loss 7.12e-05  maxQ +0.0342  changes   182  5.9 min | val return -5.50% (best +20.40%)
episode 891/1013  eps 0.010  train return   +5.44%  loss 7.34e-05  maxQ +0.0336  changes   204  5.9 min
episode 892/1013  eps 0.010  train return  +74.64%  loss 7.21e-05  maxQ +0.0340  changes   232  5.9 min
episode 893/1013  eps 0.010  train return   +6.38%  loss 7.17e-05  maxQ +0.0338  changes   103  5.9 min
episode 894/1013  eps 0.010  train return  -13.08%  loss 7.76e-05  maxQ +0.0328  changes   270  5.9 min
episode 895/1013  eps 0.010  train return  -17.66%  loss 7.51e-05  maxQ +0.0338  changes   112  5.9 min
episode 896/1013  eps 0.010  train return   +4.75%  loss 7.94e-05  maxQ +0.0329  changes   146  5.9 min
episode 897/1013  eps 0.010  train return  +36.62%  loss 7.60e-05  maxQ +0.0331  changes   176  5.9 min
episode 898/1013  eps 0.010  train return   -5.22%  loss 8.02e-05  maxQ +0.0328  changes   121  5.9 min
episode 899/1013  eps 0.010  train return   -2.04%  loss 8.00e-05  maxQ +0.0333  changes   159  5.9 min
episode 900/1013  eps 0.010  train return  +73.58%  loss 7.72e-05  maxQ +0.0331  changes   182  5.9 min | val return -2.22% (best +20.40%)
episode 901/1013  eps 0.010  train return +124.62%  loss 8.51e-05  maxQ +0.0347  changes   206  5.9 min
episode 902/1013  eps 0.010  train return  +18.64%  loss 9.09e-05  maxQ +0.0344  changes    95  5.9 min
episode 903/1013  eps 0.010  train return   -4.07%  loss 9.11e-05  maxQ +0.0346  changes    71  5.9 min
episode 904/1013  eps 0.010  train return   -8.24%  loss 8.96e-05  maxQ +0.0356  changes    85  6.0 min
episode 905/1013  eps 0.010  train return  +10.82%  loss 8.25e-05  maxQ +0.0351  changes    92  6.0 min
episode 906/1013  eps 0.010  train return  -19.95%  loss 8.12e-05  maxQ +0.0358  changes    74  6.0 min
episode 907/1013  eps 0.010  train return  +20.76%  loss 7.82e-05  maxQ +0.0350  changes    69  6.0 min
episode 908/1013  eps 0.010  train return  +15.09%  loss 7.83e-05  maxQ +0.0359  changes    75  6.0 min
episode 909/1013  eps 0.010  train return  +10.16%  loss 8.05e-05  maxQ +0.0360  changes    56  6.0 min
episode 910/1013  eps 0.010  train return  -25.10%  loss 7.61e-05  maxQ +0.0364  changes    50  6.0 min | val return -7.65% (best +20.40%)
episode 911/1013  eps 0.010  train return   -0.12%  loss 8.06e-05  maxQ +0.0365  changes    93  6.0 min
episode 912/1013  eps 0.010  train return   +0.77%  loss 7.96e-05  maxQ +0.0365  changes    86  6.0 min
episode 913/1013  eps 0.010  train return  -32.75%  loss 8.56e-05  maxQ +0.0367  changes    92  6.0 min
episode 914/1013  eps 0.010  train return  +31.17%  loss 8.82e-05  maxQ +0.0362  changes    48  6.0 min
episode 915/1013  eps 0.010  train return  -23.14%  loss 8.39e-05  maxQ +0.0363  changes    84  6.0 min
episode 916/1013  eps 0.010  train return  -32.76%  loss 8.79e-05  maxQ +0.0363  changes    90  6.0 min
episode 917/1013  eps 0.010  train return   -0.21%  loss 8.41e-05  maxQ +0.0365  changes    73  6.0 min
episode 918/1013  eps 0.010  train return  -19.41%  loss 8.48e-05  maxQ +0.0373  changes    91  6.0 min
episode 919/1013  eps 0.010  train return   -3.84%  loss 8.59e-05  maxQ +0.0367  changes    81  6.1 min
episode 920/1013  eps 0.010  train return   +9.83%  loss 8.81e-05  maxQ +0.0369  changes   108  6.1 min | val return -10.58% (best +20.40%)
episode 921/1013  eps 0.010  train return  +12.09%  loss 9.16e-05  maxQ +0.0371  changes   124  6.1 min
episode 922/1013  eps 0.010  train return  +55.11%  loss 9.30e-05  maxQ +0.0375  changes    71  6.1 min
episode 923/1013  eps 0.010  train return   -3.26%  loss 8.86e-05  maxQ +0.0368  changes    70  6.1 min
episode 924/1013  eps 0.010  train return  -17.20%  loss 9.02e-05  maxQ +0.0373  changes    90  6.1 min
episode 925/1013  eps 0.010  train return  +20.93%  loss 9.09e-05  maxQ +0.0383  changes    75  6.1 min
episode 926/1013  eps 0.010  train return   +5.05%  loss 8.87e-05  maxQ +0.0376  changes   166  6.1 min
episode 927/1013  eps 0.010  train return  +10.13%  loss 8.76e-05  maxQ +0.0372  changes    94  6.1 min
episode 928/1013  eps 0.010  train return  +19.73%  loss 8.47e-05  maxQ +0.0371  changes   145  6.1 min
episode 929/1013  eps 0.010  train return  -17.47%  loss 9.33e-05  maxQ +0.0369  changes    65  6.1 min
episode 930/1013  eps 0.010  train return  +22.24%  loss 9.12e-05  maxQ +0.0368  changes    90  6.1 min | val return -5.19% (best +20.40%)
episode 931/1013  eps 0.010  train return   +8.10%  loss 9.29e-05  maxQ +0.0362  changes    73  6.1 min
episode 932/1013  eps 0.010  train return  +49.96%  loss 9.00e-05  maxQ +0.0368  changes    81  6.2 min
episode 933/1013  eps 0.010  train return   +3.83%  loss 1.02e-04  maxQ +0.0381  changes   166  6.2 min
episode 934/1013  eps 0.010  train return  +16.88%  loss 9.40e-05  maxQ +0.0381  changes    78  6.2 min
episode 935/1013  eps 0.010  train return  +22.95%  loss 9.60e-05  maxQ +0.0383  changes   121  6.2 min
episode 936/1013  eps 0.010  train return  +15.33%  loss 9.24e-05  maxQ +0.0387  changes   107  6.2 min
episode 937/1013  eps 0.010  train return   -3.65%  loss 9.31e-05  maxQ +0.0383  changes    95  6.2 min
episode 938/1013  eps 0.010  train return  +29.10%  loss 9.30e-05  maxQ +0.0387  changes    72  6.2 min
episode 939/1013  eps 0.010  train return  -17.59%  loss 9.43e-05  maxQ +0.0394  changes   126  6.2 min
episode 940/1013  eps 0.010  train return   -3.91%  loss 9.45e-05  maxQ +0.0400  changes   163  6.2 min | val return -0.19% (best +20.40%)
episode 941/1013  eps 0.010  train return  -30.96%  loss 9.12e-05  maxQ +0.0401  changes   124  6.2 min
episode 942/1013  eps 0.010  train return   +5.71%  loss 8.92e-05  maxQ +0.0405  changes   172  6.2 min
episode 943/1013  eps 0.010  train return  -13.36%  loss 9.15e-05  maxQ +0.0403  changes   180  6.2 min
episode 944/1013  eps 0.010  train return  +56.70%  loss 8.78e-05  maxQ +0.0414  changes   224  6.2 min
episode 945/1013  eps 0.010  train return   +6.44%  loss 9.08e-05  maxQ +0.0414  changes   217  6.2 min
episode 946/1013  eps 0.010  train return   +8.94%  loss 9.22e-05  maxQ +0.0399  changes   230  6.3 min
episode 947/1013  eps 0.010  train return  +18.16%  loss 9.22e-05  maxQ +0.0398  changes   123  6.3 min
episode 948/1013  eps 0.010  train return   -4.57%  loss 9.78e-05  maxQ +0.0404  changes   192  6.3 min
episode 949/1013  eps 0.010  train return  -28.42%  loss 9.53e-05  maxQ +0.0407  changes   129  6.3 min
episode 950/1013  eps 0.010  train return   -7.66%  loss 8.91e-05  maxQ +0.0407  changes   129  6.3 min | val return -1.92% (best +20.40%)
episode 951/1013  eps 0.010  train return  -12.95%  loss 9.33e-05  maxQ +0.0406  changes   129  6.3 min
episode 952/1013  eps 0.010  train return  -15.34%  loss 9.32e-05  maxQ +0.0407  changes   293  6.3 min
episode 953/1013  eps 0.010  train return   +4.49%  loss 9.43e-05  maxQ +0.0410  changes   154  6.3 min
episode 954/1013  eps 0.010  train return  -20.04%  loss 9.42e-05  maxQ +0.0415  changes    96  6.3 min
episode 955/1013  eps 0.010  train return  -23.09%  loss 9.32e-05  maxQ +0.0411  changes    97  6.3 min
episode 956/1013  eps 0.010  train return   -6.67%  loss 9.58e-05  maxQ +0.0415  changes    70  6.3 min
episode 957/1013  eps 0.010  train return   +5.75%  loss 8.77e-05  maxQ +0.0416  changes   131  6.3 min
episode 958/1013  eps 0.010  train return +334.52%  loss 8.77e-05  maxQ +0.0422  changes   227  6.3 min
episode 959/1013  eps 0.010  train return  -28.34%  loss 9.10e-05  maxQ +0.0429  changes    78  6.3 min
episode 960/1013  eps 0.010  train return   +4.47%  loss 9.09e-05  maxQ +0.0428  changes   117  6.3 min | val return +1.99% (best +20.40%)
episode 961/1013  eps 0.010  train return   +1.66%  loss 8.64e-05  maxQ +0.0431  changes   133  6.4 min
episode 962/1013  eps 0.010  train return  +13.88%  loss 8.68e-05  maxQ +0.0427  changes   292  6.4 min
episode 963/1013  eps 0.010  train return  -23.82%  loss 8.81e-05  maxQ +0.0430  changes   276  6.4 min
episode 964/1013  eps 0.010  train return  -57.54%  loss 8.95e-05  maxQ +0.0431  changes   164  6.4 min
episode 965/1013  eps 0.010  train return  +11.43%  loss 9.24e-05  maxQ +0.0434  changes   321  6.4 min
episode 966/1013  eps 0.010  train return   +0.52%  loss 1.01e-04  maxQ +0.0433  changes   194  6.4 min
episode 967/1013  eps 0.010  train return  +25.94%  loss 9.61e-05  maxQ +0.0437  changes   169  6.4 min
episode 968/1013  eps 0.010  train return  -24.14%  loss 8.59e-05  maxQ +0.0439  changes   100  6.4 min
episode 969/1013  eps 0.010  train return   +4.04%  loss 8.36e-05  maxQ +0.0444  changes   229  6.4 min
episode 970/1013  eps 0.010  train return   +2.75%  loss 8.68e-05  maxQ +0.0444  changes   102  6.4 min | val return -10.79% (best +20.40%)
episode 971/1013  eps 0.010  train return   +1.44%  loss 8.98e-05  maxQ +0.0445  changes   126  6.4 min
episode 972/1013  eps 0.010  train return   +2.22%  loss 8.29e-05  maxQ +0.0449  changes   183  6.4 min
episode 973/1013  eps 0.010  train return  -33.88%  loss 8.73e-05  maxQ +0.0456  changes   206  6.4 min
episode 974/1013  eps 0.010  train return  -11.33%  loss 8.11e-05  maxQ +0.0450  changes   139  6.4 min
episode 975/1013  eps 0.010  train return  -12.15%  loss 9.09e-05  maxQ +0.0450  changes   232  6.5 min
episode 976/1013  eps 0.010  train return  +12.86%  loss 9.21e-05  maxQ +0.0452  changes   127  6.5 min
episode 977/1013  eps 0.010  train return  -35.43%  loss 9.62e-05  maxQ +0.0447  changes   120  6.5 min
episode 978/1013  eps 0.010  train return   +7.79%  loss 8.71e-05  maxQ +0.0441  changes   198  6.5 min
episode 979/1013  eps 0.010  train return   +8.16%  loss 8.39e-05  maxQ +0.0444  changes   229  6.5 min
episode 980/1013  eps 0.010  train return +104.08%  loss 8.89e-05  maxQ +0.0444  changes   294  6.5 min | val return +18.84% (best +20.40%)
episode 981/1013  eps 0.010  train return  -41.33%  loss 8.40e-05  maxQ +0.0442  changes   122  6.5 min
episode 982/1013  eps 0.010  train return  +11.48%  loss 7.96e-05  maxQ +0.0443  changes   139  6.5 min
episode 983/1013  eps 0.010  train return   -3.58%  loss 8.65e-05  maxQ +0.0443  changes   131  6.5 min
episode 984/1013  eps 0.010  train return   -2.47%  loss 7.99e-05  maxQ +0.0436  changes   131  6.5 min
episode 985/1013  eps 0.010  train return   -4.52%  loss 7.74e-05  maxQ +0.0433  changes    95  6.5 min
episode 986/1013  eps 0.010  train return  -14.97%  loss 8.37e-05  maxQ +0.0426  changes   186  6.5 min
episode 987/1013  eps 0.010  train return  -46.56%  loss 8.64e-05  maxQ +0.0423  changes   117  6.5 min
episode 988/1013  eps 0.010  train return  -23.78%  loss 8.45e-05  maxQ +0.0420  changes   128  6.5 min
episode 989/1013  eps 0.010  train return  -18.86%  loss 8.83e-05  maxQ +0.0408  changes   111  6.5 min
episode 990/1013  eps 0.010  train return   +6.44%  loss 8.74e-05  maxQ +0.0408  changes    87  6.5 min | val return -7.15% (best +20.40%)
episode 991/1013  eps 0.010  train return   +6.07%  loss 8.12e-05  maxQ +0.0402  changes   121  6.6 min
episode 992/1013  eps 0.010  train return  +20.37%  loss 8.63e-05  maxQ +0.0407  changes   162  6.6 min
episode 993/1013  eps 0.010  train return   +7.96%  loss 8.25e-05  maxQ +0.0408  changes   122  6.6 min
episode 994/1013  eps 0.010  train return   +1.43%  loss 8.72e-05  maxQ +0.0398  changes   177  6.6 min
episode 995/1013  eps 0.010  train return   +2.82%  loss 8.71e-05  maxQ +0.0395  changes   145  6.6 min
episode 996/1013  eps 0.010  train return  -15.41%  loss 8.28e-05  maxQ +0.0393  changes   115  6.6 min
episode 997/1013  eps 0.010  train return  -20.60%  loss 8.03e-05  maxQ +0.0388  changes   112  6.6 min
episode 998/1013  eps 0.010  train return   +4.22%  loss 8.27e-05  maxQ +0.0383  changes   144  6.6 min
episode 999/1013  eps 0.010  train return   +0.72%  loss 8.11e-05  maxQ +0.0376  changes   114  6.6 min
episode 1000/1013  eps 0.010  train return  -12.07%  loss 8.37e-05  maxQ +0.0374  changes   105  6.6 min | val return +6.59% (best +20.40%)
episode 1001/1013  eps 0.010  train return  +16.39%  loss 7.97e-05  maxQ +0.0378  changes   100  6.6 min
episode 1002/1013  eps 0.010  train return  -10.34%  loss 8.61e-05  maxQ +0.0372  changes   126  6.6 min
episode 1003/1013  eps 0.010  train return   +4.54%  loss 8.10e-05  maxQ +0.0375  changes    92  6.6 min
episode 1004/1013  eps 0.010  train return   -2.33%  loss 7.89e-05  maxQ +0.0368  changes   114  6.6 min
episode 1005/1013  eps 0.010  train return   +5.28%  loss 8.31e-05  maxQ +0.0374  changes   162  6.6 min
episode 1006/1013  eps 0.010  train return  -21.98%  loss 8.26e-05  maxQ +0.0366  changes   119  6.7 min
episode 1007/1013  eps 0.010  train return   -0.71%  loss 8.07e-05  maxQ +0.0364  changes   202  6.7 min
episode 1008/1013  eps 0.010  train return   -5.90%  loss 7.95e-05  maxQ +0.0363  changes   140  6.7 min
episode 1009/1013  eps 0.010  train return  +14.13%  loss 8.00e-05  maxQ +0.0355  changes   117  6.7 min
episode 1010/1013  eps 0.010  train return  -14.64%  loss 8.61e-05  maxQ +0.0362  changes   120  6.7 min | val return +14.15% (best +20.40%)
episode 1011/1013  eps 0.010  train return  +51.55%  loss 8.16e-05  maxQ +0.0354  changes   115  6.7 min
episode 1012/1013  eps 0.010  train return   -3.44%  loss 8.39e-05  maxQ +0.0350  changes   124  6.7 min
episode 1013/1013  eps 0.010  train return   -0.70%  loss 8.36e-05  maxQ +0.0346  changes   174  6.7 min | val return -12.88% (best +20.40%)
model    env  portfolio_return  excess_return  n_changes
 last    val         -0.128557      -0.085939     1257.9
 last val_w1         -0.069364      -0.042449      653.9
 last val_w2         -0.064265      -0.048831      622.1
 best    val          0.204427       0.247045      436.2
 best val_w1          0.206301       0.233216      220.2
 best val_w2          0.006228       0.021661      225.2
