Downloaded data: 9,672 candles, 2025-08-10 00:00:00+00:00 to 2026-09-16 23:00:00+00:00; no missing hours
dev_train: 7,296 candles, 2025-08-17 00:00:00+00:00 to 2026-06-16 23:00:00+00:00; no missing hours
val: 1,464 candles, 2026-06-17 00:00:00+00:00 to 2026-08-16 23:00:00+00:00; no missing hours
eval: 744 candles, 2026-08-17 00:00:00+00:00 to 2026-09-16 23:00:00+00:00; no missing hours
episode   1/1013  eps 1.000  train return  +13.78%  loss 2.18e-04  maxQ +0.1152  changes   566  0.0 min
episode   2/1013  eps 0.991  train return   -5.48%  loss 8.96e-05  maxQ +0.1194  changes   582  0.0 min
episode   3/1013  eps 0.982  train return  -17.06%  loss 6.50e-05  maxQ +0.1201  changes   553  0.0 min
episode   4/1013  eps 0.973  train return  -16.24%  loss 5.62e-05  maxQ +0.1268  changes   563  0.0 min
episode   5/1013  eps 0.964  train return   -4.59%  loss 5.41e-05  maxQ +0.1300  changes   552  0.0 min
episode   6/1013  eps 0.955  train return  -21.16%  loss 4.84e-05  maxQ +0.1354  changes   575  0.0 min
episode   7/1013  eps 0.947  train return  +16.36%  loss 5.79e-05  maxQ +0.1414  changes   550  0.0 min
episode   8/1013  eps 0.938  train return   -0.30%  loss 6.29e-05  maxQ +0.1454  changes   583  0.1 min
episode   9/1013  eps 0.929  train return  +39.88%  loss 7.18e-05  maxQ +0.1562  changes   577  0.1 min
episode  10/1013  eps 0.921  train return   +0.85%  loss 7.43e-05  maxQ +0.1599  changes   585  0.1 min | val return -8.90% (best -8.90%)
episode  11/1013  eps 0.913  train return  -18.29%  loss 6.98e-05  maxQ +0.1661  changes   576  0.1 min
episode  12/1013  eps 0.904  train return   +4.57%  loss 6.29e-05  maxQ +0.1740  changes   589  0.1 min
episode  13/1013  eps 0.896  train return   +5.82%  loss 6.70e-05  maxQ +0.1791  changes   582  0.1 min
episode  14/1013  eps 0.888  train return  +12.56%  loss 5.81e-05  maxQ +0.1804  changes   580  0.1 min
episode  15/1013  eps 0.880  train return  -22.45%  loss 5.81e-05  maxQ +0.1787  changes   574  0.1 min
episode  16/1013  eps 0.872  train return  +10.13%  loss 5.99e-05  maxQ +0.1779  changes   566  0.1 min
episode  17/1013  eps 0.864  train return  -20.23%  loss 5.06e-05  maxQ +0.1836  changes   566  0.1 min
episode  18/1013  eps 0.856  train return   -1.34%  loss 5.56e-05  maxQ +0.1885  changes   566  0.1 min
episode  19/1013  eps 0.848  train return  -42.23%  loss 5.34e-05  maxQ +0.1892  changes   564  0.1 min
episode  20/1013  eps 0.841  train return   -5.14%  loss 5.43e-05  maxQ +0.1978  changes   581  0.1 min | val return +3.90% (best +3.90%)
episode  21/1013  eps 0.833  train return   +0.72%  loss 5.46e-05  maxQ +0.1953  changes   575  0.2 min
episode  22/1013  eps 0.825  train return   +5.41%  loss 4.94e-05  maxQ +0.1973  changes   584  0.2 min
episode  23/1013  eps 0.818  train return  -18.87%  loss 4.88e-05  maxQ +0.2031  changes   562  0.2 min
episode  24/1013  eps 0.810  train return  -31.77%  loss 4.93e-05  maxQ +0.2036  changes   574  0.2 min
episode  25/1013  eps 0.803  train return   -6.02%  loss 4.85e-05  maxQ +0.2097  changes   574  0.2 min
episode  26/1013  eps 0.796  train return   -8.86%  loss 4.71e-05  maxQ +0.2083  changes   562  0.2 min
episode  27/1013  eps 0.788  train return  +13.60%  loss 4.75e-05  maxQ +0.2170  changes   567  0.2 min
episode  28/1013  eps 0.781  train return  -13.74%  loss 4.40e-05  maxQ +0.2154  changes   551  0.2 min
episode  29/1013  eps 0.774  train return   -3.91%  loss 4.54e-05  maxQ +0.2156  changes   583  0.2 min
episode  30/1013  eps 0.767  train return   +3.66%  loss 4.45e-05  maxQ +0.2204  changes   583  0.2 min | val return -8.02% (best +3.90%)
episode  31/1013  eps 0.760  train return  -19.91%  loss 4.55e-05  maxQ +0.2158  changes   562  0.2 min
episode  32/1013  eps 0.753  train return   +1.63%  loss 4.82e-05  maxQ +0.2150  changes   559  0.2 min
episode  33/1013  eps 0.746  train return  +11.43%  loss 4.44e-05  maxQ +0.2140  changes   567  0.2 min
episode  34/1013  eps 0.740  train return   -8.19%  loss 4.55e-05  maxQ +0.2143  changes   575  0.2 min
episode  35/1013  eps 0.733  train return   -7.94%  loss 4.60e-05  maxQ +0.2159  changes   556  0.2 min
episode  36/1013  eps 0.726  train return  -25.15%  loss 4.57e-05  maxQ +0.2145  changes   551  0.3 min
episode  37/1013  eps 0.720  train return  -29.04%  loss 4.57e-05  maxQ +0.2140  changes   539  0.3 min
episode  38/1013  eps 0.713  train return  -27.19%  loss 4.67e-05  maxQ +0.2103  changes   564  0.3 min
episode  39/1013  eps 0.707  train return   -5.22%  loss 4.43e-05  maxQ +0.2084  changes   562  0.3 min
episode  40/1013  eps 0.700  train return  +57.91%  loss 4.53e-05  maxQ +0.2100  changes   550  0.3 min | val return -13.47% (best +3.90%)
episode  41/1013  eps 0.694  train return   -1.38%  loss 4.93e-05  maxQ +0.2116  changes   532  0.3 min
episode  42/1013  eps 0.687  train return   +0.91%  loss 4.80e-05  maxQ +0.2149  changes   549  0.3 min
episode  43/1013  eps 0.681  train return  -40.32%  loss 4.55e-05  maxQ +0.2153  changes   573  0.3 min
episode  44/1013  eps 0.675  train return  +29.03%  loss 4.67e-05  maxQ +0.2143  changes   569  0.3 min
episode  45/1013  eps 0.669  train return   -7.19%  loss 4.70e-05  maxQ +0.2166  changes   542  0.3 min
episode  46/1013  eps 0.663  train return   +9.57%  loss 4.99e-05  maxQ +0.2184  changes   538  0.3 min
episode  47/1013  eps 0.657  train return   +7.53%  loss 4.78e-05  maxQ +0.2201  changes   569  0.3 min
episode  48/1013  eps 0.651  train return   -5.38%  loss 4.44e-05  maxQ +0.2218  changes   551  0.3 min
episode  49/1013  eps 0.645  train return   -5.41%  loss 4.88e-05  maxQ +0.2219  changes   510  0.4 min
episode  50/1013  eps 0.639  train return  +14.01%  loss 5.13e-05  maxQ +0.2241  changes   538  0.4 min | val return +12.59% (best +12.59%)
episode  51/1013  eps 0.633  train return  -28.85%  loss 5.08e-05  maxQ +0.2170  changes   530  0.4 min
episode  52/1013  eps 0.627  train return  -23.33%  loss 4.89e-05  maxQ +0.2162  changes   516  0.4 min
episode  53/1013  eps 0.622  train return  -21.35%  loss 5.17e-05  maxQ +0.2203  changes   544  0.4 min
episode  54/1013  eps 0.616  train return  -20.23%  loss 4.99e-05  maxQ +0.2233  changes   552  0.4 min
episode  55/1013  eps 0.610  train return  -12.70%  loss 4.96e-05  maxQ +0.2241  changes   538  0.4 min
episode  56/1013  eps 0.605  train return   -9.46%  loss 5.07e-05  maxQ +0.2253  changes   508  0.4 min
episode  57/1013  eps 0.599  train return   -9.26%  loss 4.86e-05  maxQ +0.2228  changes   505  0.4 min
episode  58/1013  eps 0.594  train return  -25.48%  loss 4.72e-05  maxQ +0.2238  changes   532  0.4 min
episode  59/1013  eps 0.588  train return  -26.67%  loss 5.04e-05  maxQ +0.2238  changes   527  0.4 min
episode  60/1013  eps 0.583  train return  +32.83%  loss 5.16e-05  maxQ +0.2255  changes   518  0.4 min | val return -14.37% (best +12.59%)
episode  61/1013  eps 0.578  train return   -2.37%  loss 5.24e-05  maxQ +0.2268  changes   532  0.5 min
episode  62/1013  eps 0.573  train return   -2.29%  loss 5.10e-05  maxQ +0.2280  changes   529  0.5 min
episode  63/1013  eps 0.567  train return  -20.50%  loss 5.28e-05  maxQ +0.2276  changes   517  0.5 min
episode  64/1013  eps 0.562  train return  +13.78%  loss 5.12e-05  maxQ +0.2258  changes   540  0.5 min
episode  65/1013  eps 0.557  train return   +2.37%  loss 5.06e-05  maxQ +0.2236  changes   517  0.5 min
episode  66/1013  eps 0.552  train return  +14.74%  loss 4.97e-05  maxQ +0.2206  changes   522  0.5 min
episode  67/1013  eps 0.547  train return  +18.34%  loss 4.90e-05  maxQ +0.2182  changes   522  0.5 min
episode  68/1013  eps 0.542  train return   -9.76%  loss 5.13e-05  maxQ +0.2202  changes   493  0.5 min
episode  69/1013  eps 0.537  train return   +3.70%  loss 5.07e-05  maxQ +0.2206  changes   512  0.5 min
episode  70/1013  eps 0.532  train return   +8.22%  loss 5.15e-05  maxQ +0.2203  changes   514  0.5 min | val return -1.29% (best +12.59%)
episode  71/1013  eps 0.527  train return  -11.73%  loss 4.67e-05  maxQ +0.2157  changes   515  0.5 min
episode  72/1013  eps 0.523  train return   +1.21%  loss 4.79e-05  maxQ +0.2162  changes   512  0.5 min
episode  73/1013  eps 0.518  train return  -25.56%  loss 4.78e-05  maxQ +0.2151  changes   502  0.5 min
episode  74/1013  eps 0.513  train return   +1.57%  loss 4.89e-05  maxQ +0.2172  changes   522  0.5 min
episode  75/1013  eps 0.508  train return  +62.11%  loss 5.08e-05  maxQ +0.2173  changes   518  0.6 min
episode  76/1013  eps 0.504  train return   +2.81%  loss 4.86e-05  maxQ +0.2138  changes   533  0.6 min
episode  77/1013  eps 0.499  train return   +2.10%  loss 4.98e-05  maxQ +0.2111  changes   473  0.6 min
episode  78/1013  eps 0.495  train return  -16.99%  loss 4.87e-05  maxQ +0.2128  changes   514  0.6 min
episode  79/1013  eps 0.490  train return   -6.62%  loss 5.30e-05  maxQ +0.2080  changes   517  0.6 min
episode  80/1013  eps 0.486  train return   +9.03%  loss 4.82e-05  maxQ +0.2101  changes   498  0.6 min | val return -8.64% (best +12.59%)
episode  81/1013  eps 0.481  train return  -11.50%  loss 5.02e-05  maxQ +0.2098  changes   479  0.6 min
episode  82/1013  eps 0.477  train return  -10.54%  loss 5.07e-05  maxQ +0.2089  changes   497  0.6 min
episode  83/1013  eps 0.473  train return +124.83%  loss 5.46e-05  maxQ +0.2073  changes   532  0.6 min
episode  84/1013  eps 0.468  train return   -0.07%  loss 5.56e-05  maxQ +0.2058  changes   475  0.6 min
episode  85/1013  eps 0.464  train return +219.98%  loss 5.59e-05  maxQ +0.2055  changes   483  0.6 min
episode  86/1013  eps 0.460  train return   -0.21%  loss 5.98e-05  maxQ +0.2058  changes   447  0.6 min
episode  87/1013  eps 0.456  train return   +3.96%  loss 6.33e-05  maxQ +0.2067  changes   495  0.6 min
episode  88/1013  eps 0.451  train return  -31.31%  loss 6.18e-05  maxQ +0.2054  changes   454  0.6 min
episode  89/1013  eps 0.447  train return   +6.39%  loss 6.29e-05  maxQ +0.2026  changes   455  0.7 min
episode  90/1013  eps 0.443  train return  -32.03%  loss 6.13e-05  maxQ +0.2079  changes   465  0.7 min | val return -8.53% (best +12.59%)
episode  91/1013  eps 0.439  train return  +10.16%  loss 6.46e-05  maxQ +0.2048  changes   465  0.7 min
episode  92/1013  eps 0.435  train return  +12.19%  loss 6.56e-05  maxQ +0.2041  changes   484  0.7 min
episode  93/1013  eps 0.431  train return   +7.47%  loss 6.52e-05  maxQ +0.2056  changes   487  0.7 min
episode  94/1013  eps 0.427  train return  -14.61%  loss 6.67e-05  maxQ +0.2004  changes   447  0.7 min
episode  95/1013  eps 0.423  train return  +22.34%  loss 6.39e-05  maxQ +0.1995  changes   450  0.7 min
episode  96/1013  eps 0.420  train return +133.98%  loss 6.52e-05  maxQ +0.1988  changes   478  0.7 min
episode  97/1013  eps 0.416  train return  -14.85%  loss 7.57e-05  maxQ +0.1987  changes   440  0.7 min
episode  98/1013  eps 0.412  train return   +6.15%  loss 6.89e-05  maxQ +0.1940  changes   459  0.7 min
episode  99/1013  eps 0.408  train return  -11.52%  loss 6.99e-05  maxQ +0.1914  changes   473  0.7 min
episode 100/1013  eps 0.405  train return  -36.06%  loss 7.16e-05  maxQ +0.1908  changes   470  0.7 min | val return +14.95% (best +14.95%)
episode 101/1013  eps 0.401  train return   -7.73%  loss 7.47e-05  maxQ +0.1865  changes   489  0.7 min
episode 102/1013  eps 0.397  train return  -14.09%  loss 7.53e-05  maxQ +0.1856  changes   463  0.7 min
episode 103/1013  eps 0.394  train return  +19.50%  loss 7.20e-05  maxQ +0.1844  changes   458  0.8 min
episode 104/1013  eps 0.390  train return   -5.72%  loss 7.14e-05  maxQ +0.1839  changes   477  0.8 min
episode 105/1013  eps 0.386  train return  +55.64%  loss 7.52e-05  maxQ +0.1830  changes   471  0.8 min
episode 106/1013  eps 0.383  train return  -14.34%  loss 7.48e-05  maxQ +0.1816  changes   437  0.8 min
episode 107/1013  eps 0.379  train return  +21.76%  loss 7.11e-05  maxQ +0.1806  changes   442  0.8 min
episode 108/1013  eps 0.376  train return  -16.95%  loss 7.28e-05  maxQ +0.1810  changes   464  0.8 min
episode 109/1013  eps 0.373  train return  -15.25%  loss 7.16e-05  maxQ +0.1826  changes   429  0.8 min
episode 110/1013  eps 0.369  train return  -12.08%  loss 7.28e-05  maxQ +0.1832  changes   433  0.8 min | val return -11.33% (best +14.95%)
episode 111/1013  eps 0.366  train return  -19.31%  loss 6.78e-05  maxQ +0.1829  changes   410  0.8 min
episode 112/1013  eps 0.363  train return   +9.59%  loss 7.15e-05  maxQ +0.1795  changes   453  0.8 min
episode 113/1013  eps 0.359  train return  +10.15%  loss 6.69e-05  maxQ +0.1790  changes   452  0.8 min
episode 114/1013  eps 0.356  train return  +48.62%  loss 7.29e-05  maxQ +0.1788  changes   480  0.8 min
episode 115/1013  eps 0.353  train return  -23.43%  loss 7.32e-05  maxQ +0.1764  changes   426  0.8 min
episode 116/1013  eps 0.349  train return  +37.58%  loss 7.33e-05  maxQ +0.1750  changes   497  0.9 min
episode 117/1013  eps 0.346  train return  +24.53%  loss 6.96e-05  maxQ +0.1751  changes   444  0.9 min
episode 118/1013  eps 0.343  train return  -16.55%  loss 7.61e-05  maxQ +0.1746  changes   457  0.9 min
episode 119/1013  eps 0.340  train return  +32.44%  loss 7.58e-05  maxQ +0.1728  changes   447  0.9 min
episode 120/1013  eps 0.337  train return   -0.80%  loss 7.75e-05  maxQ +0.1759  changes   413  0.9 min | val return -9.54% (best +14.95%)
episode 121/1013  eps 0.334  train return   -6.50%  loss 7.32e-05  maxQ +0.1729  changes   413  0.9 min
episode 122/1013  eps 0.331  train return   +2.22%  loss 7.03e-05  maxQ +0.1729  changes   425  0.9 min
episode 123/1013  eps 0.328  train return  -41.14%  loss 7.47e-05  maxQ +0.1724  changes   409  0.9 min
episode 124/1013  eps 0.325  train return  +49.41%  loss 7.19e-05  maxQ +0.1680  changes   410  0.9 min
episode 125/1013  eps 0.322  train return  +31.43%  loss 7.58e-05  maxQ +0.1646  changes   403  0.9 min
episode 126/1013  eps 0.319  train return  +14.15%  loss 7.67e-05  maxQ +0.1626  changes   410  0.9 min
episode 127/1013  eps 0.316  train return  -37.94%  loss 7.33e-05  maxQ +0.1648  changes   320  0.9 min
episode 128/1013  eps 0.313  train return  +14.08%  loss 7.34e-05  maxQ +0.1649  changes   394  0.9 min
episode 129/1013  eps 0.310  train return   -8.02%  loss 6.84e-05  maxQ +0.1636  changes   385  0.9 min
episode 130/1013  eps 0.308  train return   -2.07%  loss 7.08e-05  maxQ +0.1636  changes   379  0.9 min | val return +0.74% (best +14.95%)
episode 131/1013  eps 0.305  train return  +13.44%  loss 7.56e-05  maxQ +0.1640  changes   428  1.0 min
episode 132/1013  eps 0.302  train return  +32.54%  loss 7.75e-05  maxQ +0.1634  changes   423  1.0 min
episode 133/1013  eps 0.299  train return  -50.33%  loss 7.73e-05  maxQ +0.1611  changes   452  1.0 min
episode 134/1013  eps 0.296  train return  -38.45%  loss 7.99e-05  maxQ +0.1608  changes   427  1.0 min
episode 135/1013  eps 0.294  train return  +19.59%  loss 7.40e-05  maxQ +0.1583  changes   413  1.0 min
episode 136/1013  eps 0.291  train return +255.40%  loss 8.31e-05  maxQ +0.1600  changes   481  1.0 min
episode 137/1013  eps 0.288  train return  +12.63%  loss 8.98e-05  maxQ +0.1585  changes   409  1.0 min
episode 138/1013  eps 0.286  train return  -21.49%  loss 9.41e-05  maxQ +0.1592  changes   410  1.0 min
episode 139/1013  eps 0.283  train return   +6.59%  loss 8.80e-05  maxQ +0.1577  changes   447  1.0 min
episode 140/1013  eps 0.281  train return  -21.79%  loss 8.68e-05  maxQ +0.1594  changes   362  1.0 min | val return -8.53% (best +14.95%)
episode 141/1013  eps 0.278  train return  +22.69%  loss 8.21e-05  maxQ +0.1598  changes   428  1.0 min
episode 142/1013  eps 0.276  train return  -17.31%  loss 8.60e-05  maxQ +0.1589  changes   369  1.0 min
episode 143/1013  eps 0.273  train return  +17.50%  loss 8.73e-05  maxQ +0.1581  changes   344  1.0 min
episode 144/1013  eps 0.271  train return  -29.86%  loss 8.76e-05  maxQ +0.1567  changes   392  1.1 min
episode 145/1013  eps 0.268  train return  -11.55%  loss 8.95e-05  maxQ +0.1566  changes   366  1.1 min
episode 146/1013  eps 0.266  train return   -6.57%  loss 9.02e-05  maxQ +0.1558  changes   401  1.1 min
episode 147/1013  eps 0.263  train return +109.61%  loss 8.53e-05  maxQ +0.1568  changes   432  1.1 min
episode 148/1013  eps 0.261  train return   +8.05%  loss 8.39e-05  maxQ +0.1570  changes   333  1.1 min
episode 149/1013  eps 0.258  train return  -10.86%  loss 9.12e-05  maxQ +0.1571  changes   414  1.1 min
episode 150/1013  eps 0.256  train return  -23.84%  loss 8.55e-05  maxQ +0.1570  changes   380  1.1 min | val return -0.13% (best +14.95%)
episode 151/1013  eps 0.254  train return   -6.13%  loss 9.16e-05  maxQ +0.1541  changes   372  1.1 min
episode 152/1013  eps 0.251  train return  -32.74%  loss 9.25e-05  maxQ +0.1556  changes   374  1.1 min
episode 153/1013  eps 0.249  train return  +43.75%  loss 9.04e-05  maxQ +0.1503  changes   389  1.1 min
episode 154/1013  eps 0.247  train return  -14.14%  loss 8.64e-05  maxQ +0.1512  changes   402  1.1 min
episode 155/1013  eps 0.245  train return   -6.22%  loss 8.66e-05  maxQ +0.1533  changes   315  1.1 min
episode 156/1013  eps 0.242  train return   -6.42%  loss 8.57e-05  maxQ +0.1516  changes   339  1.1 min
episode 157/1013  eps 0.240  train return  +38.71%  loss 8.19e-05  maxQ +0.1547  changes   347  1.1 min
episode 158/1013  eps 0.238  train return  +35.81%  loss 9.35e-05  maxQ +0.1497  changes   394  1.1 min
episode 159/1013  eps 0.236  train return   +6.16%  loss 8.58e-05  maxQ +0.1504  changes   415  1.2 min
episode 160/1013  eps 0.234  train return  -25.98%  loss 8.91e-05  maxQ +0.1442  changes   391  1.2 min | val return -14.56% (best +14.95%)
episode 161/1013  eps 0.232  train return   -8.15%  loss 8.22e-05  maxQ +0.1465  changes   371  1.2 min
episode 162/1013  eps 0.230  train return  +57.44%  loss 8.40e-05  maxQ +0.1444  changes   403  1.2 min
episode 163/1013  eps 0.227  train return  -28.74%  loss 8.66e-05  maxQ +0.1436  changes   404  1.2 min
episode 164/1013  eps 0.225  train return   -2.87%  loss 8.54e-05  maxQ +0.1437  changes   354  1.2 min
episode 165/1013  eps 0.223  train return  +10.37%  loss 8.65e-05  maxQ +0.1450  changes   401  1.2 min
episode 166/1013  eps 0.221  train return   -2.77%  loss 8.51e-05  maxQ +0.1419  changes   343  1.2 min
episode 167/1013  eps 0.219  train return   -2.76%  loss 8.02e-05  maxQ +0.1437  changes   335  1.2 min
episode 168/1013  eps 0.217  train return  -35.14%  loss 8.16e-05  maxQ +0.1424  changes   357  1.2 min
episode 169/1013  eps 0.215  train return   +1.13%  loss 8.09e-05  maxQ +0.1403  changes   386  1.2 min
episode 170/1013  eps 0.213  train return  -21.38%  loss 7.83e-05  maxQ +0.1384  changes   368  1.2 min | val return -7.32% (best +14.95%)
episode 171/1013  eps 0.211  train return   +4.32%  loss 8.07e-05  maxQ +0.1365  changes   337  1.2 min
episode 172/1013  eps 0.209  train return   +2.50%  loss 8.29e-05  maxQ +0.1358  changes   366  1.3 min
episode 173/1013  eps 0.208  train return  -21.47%  loss 7.89e-05  maxQ +0.1347  changes   375  1.3 min
episode 174/1013  eps 0.206  train return   +5.30%  loss 8.00e-05  maxQ +0.1341  changes   364  1.3 min
episode 175/1013  eps 0.204  train return   +6.97%  loss 7.26e-05  maxQ +0.1356  changes   317  1.3 min
episode 176/1013  eps 0.202  train return   +8.28%  loss 7.66e-05  maxQ +0.1325  changes   371  1.3 min
episode 177/1013  eps 0.200  train return  +12.42%  loss 7.99e-05  maxQ +0.1309  changes   387  1.3 min
episode 178/1013  eps 0.198  train return   -3.19%  loss 7.57e-05  maxQ +0.1327  changes   312  1.3 min
episode 179/1013  eps 0.196  train return  -21.41%  loss 7.77e-05  maxQ +0.1337  changes   343  1.3 min
episode 180/1013  eps 0.195  train return   +7.20%  loss 7.84e-05  maxQ +0.1338  changes   337  1.3 min | val return +13.71% (best +14.95%)
episode 181/1013  eps 0.193  train return   +6.98%  loss 7.80e-05  maxQ +0.1337  changes   354  1.3 min
episode 182/1013  eps 0.191  train return   +2.71%  loss 8.11e-05  maxQ +0.1322  changes   353  1.3 min
episode 183/1013  eps 0.189  train return  +18.09%  loss 7.66e-05  maxQ +0.1323  changes   303  1.3 min
episode 184/1013  eps 0.188  train return  -21.67%  loss 7.97e-05  maxQ +0.1313  changes   371  1.3 min
episode 185/1013  eps 0.186  train return   -9.61%  loss 7.74e-05  maxQ +0.1320  changes   326  1.3 min
episode 186/1013  eps 0.184  train return  +54.93%  loss 7.71e-05  maxQ +0.1314  changes   303  1.3 min
episode 187/1013  eps 0.183  train return  -24.59%  loss 7.50e-05  maxQ +0.1288  changes   400  1.4 min
episode 188/1013  eps 0.181  train return  -26.10%  loss 8.03e-05  maxQ +0.1273  changes   305  1.4 min
episode 189/1013  eps 0.179  train return  -17.41%  loss 7.92e-05  maxQ +0.1246  changes   306  1.4 min
episode 190/1013  eps 0.178  train return  +22.22%  loss 7.43e-05  maxQ +0.1247  changes   314  1.4 min | val return -4.25% (best +14.95%)
episode 191/1013  eps 0.176  train return  -18.01%  loss 7.66e-05  maxQ +0.1234  changes   324  1.4 min
episode 192/1013  eps 0.174  train return   -7.39%  loss 7.41e-05  maxQ +0.1225  changes   275  1.4 min
episode 193/1013  eps 0.173  train return  +20.53%  loss 7.47e-05  maxQ +0.1230  changes   359  1.4 min
episode 194/1013  eps 0.171  train return   -2.88%  loss 8.17e-05  maxQ +0.1221  changes   281  1.4 min
episode 195/1013  eps 0.170  train return  -11.51%  loss 7.44e-05  maxQ +0.1226  changes   320  1.4 min
episode 196/1013  eps 0.168  train return   +0.39%  loss 7.77e-05  maxQ +0.1210  changes   267  1.4 min
episode 197/1013  eps 0.167  train return  -36.31%  loss 7.73e-05  maxQ +0.1198  changes   308  1.4 min
episode 198/1013  eps 0.165  train return   +6.24%  loss 7.13e-05  maxQ +0.1187  changes   299  1.4 min
episode 199/1013  eps 0.164  train return   +1.15%  loss 7.84e-05  maxQ +0.1157  changes   310  1.4 min
episode 200/1013  eps 0.162  train return   -2.12%  loss 7.45e-05  maxQ +0.1179  changes   289  1.4 min | val return -4.25% (best +14.95%)
episode 201/1013  eps 0.161  train return  +16.39%  loss 8.01e-05  maxQ +0.1152  changes   261  1.5 min
episode 202/1013  eps 0.159  train return  -21.15%  loss 7.77e-05  maxQ +0.1163  changes   326  1.5 min
episode 203/1013  eps 0.158  train return  -15.95%  loss 8.21e-05  maxQ +0.1148  changes   303  1.5 min
episode 204/1013  eps 0.156  train return +101.73%  loss 7.69e-05  maxQ +0.1148  changes   320  1.5 min
episode 205/1013  eps 0.155  train return  +36.17%  loss 7.89e-05  maxQ +0.1143  changes   309  1.5 min
episode 206/1013  eps 0.154  train return  -11.45%  loss 7.17e-05  maxQ +0.1131  changes   281  1.5 min
episode 207/1013  eps 0.152  train return   -8.10%  loss 6.81e-05  maxQ +0.1117  changes   261  1.5 min
episode 208/1013  eps 0.151  train return  +22.02%  loss 7.07e-05  maxQ +0.1118  changes   304  1.5 min
episode 209/1013  eps 0.149  train return   -9.16%  loss 6.92e-05  maxQ +0.1132  changes   288  1.5 min
episode 210/1013  eps 0.148  train return +134.09%  loss 7.10e-05  maxQ +0.1113  changes   346  1.5 min | val return -0.10% (best +14.95%)
episode 211/1013  eps 0.147  train return   -9.27%  loss 7.59e-05  maxQ +0.1110  changes   210  1.5 min
episode 212/1013  eps 0.145  train return  -17.08%  loss 7.67e-05  maxQ +0.1126  changes   280  1.5 min
episode 213/1013  eps 0.144  train return  -16.43%  loss 7.58e-05  maxQ +0.1106  changes   279  1.5 min
episode 214/1013  eps 0.143  train return  -13.89%  loss 6.81e-05  maxQ +0.1096  changes   264  1.5 min
episode 215/1013  eps 0.141  train return  -23.84%  loss 7.35e-05  maxQ +0.1100  changes   304  1.6 min
episode 216/1013  eps 0.140  train return   +6.33%  loss 6.91e-05  maxQ +0.1081  changes   326  1.6 min
episode 217/1013  eps 0.139  train return  +13.87%  loss 7.09e-05  maxQ +0.1057  changes   305  1.6 min
episode 218/1013  eps 0.138  train return   +0.25%  loss 7.06e-05  maxQ +0.1044  changes   277  1.6 min
episode 219/1013  eps 0.136  train return  +23.29%  loss 6.86e-05  maxQ +0.1058  changes   226  1.6 min
episode 220/1013  eps 0.135  train return  -21.03%  loss 7.39e-05  maxQ +0.1019  changes   324  1.6 min | val return +1.74% (best +14.95%)
episode 221/1013  eps 0.134  train return   -9.03%  loss 7.09e-05  maxQ +0.1030  changes   278  1.6 min
episode 222/1013  eps 0.133  train return  +16.89%  loss 7.37e-05  maxQ +0.0998  changes   279  1.6 min
episode 223/1013  eps 0.131  train return   -9.45%  loss 6.90e-05  maxQ +0.1006  changes   267  1.6 min
episode 224/1013  eps 0.130  train return  -28.14%  loss 6.60e-05  maxQ +0.0990  changes   275  1.6 min
episode 225/1013  eps 0.129  train return  -15.45%  loss 6.34e-05  maxQ +0.0989  changes   245  1.6 min
episode 226/1013  eps 0.128  train return  -43.70%  loss 6.56e-05  maxQ +0.0974  changes   308  1.6 min
episode 227/1013  eps 0.127  train return   +0.41%  loss 6.78e-05  maxQ +0.0970  changes   243  1.6 min
episode 228/1013  eps 0.126  train return  -29.05%  loss 6.83e-05  maxQ +0.1023  changes   211  1.6 min
episode 229/1013  eps 0.124  train return  +30.74%  loss 6.75e-05  maxQ +0.1002  changes   289  1.6 min
episode 230/1013  eps 0.123  train return  +11.98%  loss 6.84e-05  maxQ +0.1009  changes   249  1.7 min | val return +0.45% (best +14.95%)
episode 231/1013  eps 0.122  train return   -9.54%  loss 6.79e-05  maxQ +0.1007  changes   298  1.7 min
episode 232/1013  eps 0.121  train return  -19.14%  loss 6.62e-05  maxQ +0.1004  changes   271  1.7 min
episode 233/1013  eps 0.120  train return  +27.23%  loss 6.72e-05  maxQ +0.0996  changes   295  1.7 min
episode 234/1013  eps 0.119  train return  -21.17%  loss 7.12e-05  maxQ +0.0977  changes   267  1.7 min
episode 235/1013  eps 0.118  train return   +5.27%  loss 6.95e-05  maxQ +0.0976  changes   289  1.7 min
episode 236/1013  eps 0.117  train return   -2.06%  loss 6.74e-05  maxQ +0.0962  changes   275  1.7 min
episode 237/1013  eps 0.116  train return   -2.00%  loss 6.97e-05  maxQ +0.0973  changes   227  1.7 min
episode 238/1013  eps 0.115  train return   -0.81%  loss 6.93e-05  maxQ +0.0971  changes   214  1.7 min
episode 239/1013  eps 0.114  train return  +11.15%  loss 6.99e-05  maxQ +0.0951  changes   222  1.7 min
episode 240/1013  eps 0.112  train return  -21.13%  loss 6.71e-05  maxQ +0.0963  changes   226  1.7 min | val return -2.98% (best +14.95%)
episode 241/1013  eps 0.111  train return   +3.98%  loss 6.93e-05  maxQ +0.0936  changes   240  1.7 min
episode 242/1013  eps 0.110  train return   +4.96%  loss 7.04e-05  maxQ +0.0952  changes   280  1.7 min
episode 243/1013  eps 0.109  train return   -5.91%  loss 7.27e-05  maxQ +0.0943  changes   258  1.7 min
episode 244/1013  eps 0.108  train return  -11.02%  loss 6.95e-05  maxQ +0.0936  changes   262  1.8 min
episode 245/1013  eps 0.107  train return   +8.36%  loss 7.10e-05  maxQ +0.0939  changes   224  1.8 min
episode 246/1013  eps 0.106  train return  -23.02%  loss 6.77e-05  maxQ +0.0917  changes   316  1.8 min
episode 247/1013  eps 0.106  train return  +12.45%  loss 7.06e-05  maxQ +0.0904  changes   259  1.8 min
episode 248/1013  eps 0.105  train return  -16.92%  loss 6.57e-05  maxQ +0.0918  changes   231  1.8 min
episode 249/1013  eps 0.104  train return   +4.77%  loss 7.16e-05  maxQ +0.0901  changes   246  1.8 min
episode 250/1013  eps 0.103  train return   -5.20%  loss 6.72e-05  maxQ +0.0896  changes   242  1.8 min | val return -16.09% (best +14.95%)
episode 251/1013  eps 0.102  train return  +10.96%  loss 7.10e-05  maxQ +0.0893  changes   223  1.8 min
episode 252/1013  eps 0.101  train return   -1.19%  loss 6.93e-05  maxQ +0.0895  changes   317  1.8 min
episode 253/1013  eps 0.100  train return   -1.33%  loss 6.94e-05  maxQ +0.0905  changes   263  1.8 min
episode 254/1013  eps 0.099  train return   +6.32%  loss 6.87e-05  maxQ +0.0896  changes   349  1.8 min
episode 255/1013  eps 0.098  train return   -8.94%  loss 6.93e-05  maxQ +0.0875  changes   310  1.8 min
episode 256/1013  eps 0.097  train return   +2.70%  loss 6.63e-05  maxQ +0.0864  changes   252  1.8 min
episode 257/1013  eps 0.096  train return  +21.13%  loss 7.09e-05  maxQ +0.0864  changes   312  1.8 min
episode 258/1013  eps 0.095  train return  -11.03%  loss 6.82e-05  maxQ +0.0867  changes   216  1.9 min
episode 259/1013  eps 0.095  train return  +18.26%  loss 6.97e-05  maxQ +0.0860  changes   246  1.9 min
episode 260/1013  eps 0.094  train return +124.07%  loss 6.68e-05  maxQ +0.0873  changes   266  1.9 min | val return -6.38% (best +14.95%)
episode 261/1013  eps 0.093  train return  +52.75%  loss 6.90e-05  maxQ +0.0856  changes   262  1.9 min
episode 262/1013  eps 0.092  train return  +14.84%  loss 7.58e-05  maxQ +0.0848  changes   302  1.9 min
episode 263/1013  eps 0.091  train return  -13.59%  loss 6.80e-05  maxQ +0.0837  changes   222  1.9 min
episode 264/1013  eps 0.090  train return   -4.69%  loss 6.93e-05  maxQ +0.0841  changes   263  1.9 min
episode 265/1013  eps 0.090  train return   +5.65%  loss 7.30e-05  maxQ +0.0841  changes   204  1.9 min
episode 266/1013  eps 0.089  train return  +11.07%  loss 7.38e-05  maxQ +0.0832  changes   301  1.9 min
episode 267/1013  eps 0.088  train return   +9.12%  loss 7.08e-05  maxQ +0.0845  changes   205  1.9 min
episode 268/1013  eps 0.087  train return   -1.58%  loss 7.20e-05  maxQ +0.0839  changes   264  1.9 min
episode 269/1013  eps 0.086  train return  -34.13%  loss 7.89e-05  maxQ +0.0811  changes   347  1.9 min
episode 270/1013  eps 0.086  train return  +20.54%  loss 8.02e-05  maxQ +0.0817  changes   277  1.9 min | val return -36.88% (best +14.95%)
episode 271/1013  eps 0.085  train return  -26.92%  loss 7.47e-05  maxQ +0.0824  changes   218  2.0 min
episode 272/1013  eps 0.084  train return  -17.86%  loss 7.48e-05  maxQ +0.0824  changes   233  2.0 min
episode 273/1013  eps 0.083  train return  +34.11%  loss 7.52e-05  maxQ +0.0836  changes   208  2.0 min
episode 274/1013  eps 0.082  train return   +7.22%  loss 7.21e-05  maxQ +0.0846  changes   274  2.0 min
episode 275/1013  eps 0.082  train return  -37.59%  loss 7.19e-05  maxQ +0.0849  changes   216  2.0 min
episode 276/1013  eps 0.081  train return  -13.51%  loss 7.54e-05  maxQ +0.0852  changes   304  2.0 min
episode 277/1013  eps 0.080  train return   -9.81%  loss 7.68e-05  maxQ +0.0845  changes   231  2.0 min
episode 278/1013  eps 0.079  train return  -12.86%  loss 8.10e-05  maxQ +0.0861  changes   223  2.0 min
episode 279/1013  eps 0.079  train return  -29.98%  loss 7.47e-05  maxQ +0.0862  changes   158  2.0 min
episode 280/1013  eps 0.078  train return   -8.41%  loss 6.71e-05  maxQ +0.0875  changes   221  2.0 min | val return -19.25% (best +14.95%)
episode 281/1013  eps 0.077  train return   +0.47%  loss 6.87e-05  maxQ +0.0875  changes   279  2.0 min
episode 282/1013  eps 0.077  train return  +26.36%  loss 6.89e-05  maxQ +0.0886  changes   287  2.0 min
episode 283/1013  eps 0.076  train return   -7.22%  loss 7.15e-05  maxQ +0.0872  changes   319  2.1 min
episode 284/1013  eps 0.075  train return  +10.12%  loss 7.35e-05  maxQ +0.0873  changes   261  2.1 min
episode 285/1013  eps 0.075  train return  -39.55%  loss 7.57e-05  maxQ +0.0852  changes   291  2.1 min
episode 286/1013  eps 0.074  train return  -26.53%  loss 7.94e-05  maxQ +0.0842  changes   301  2.1 min
episode 287/1013  eps 0.073  train return  +17.77%  loss 8.13e-05  maxQ +0.0826  changes   263  2.1 min
episode 288/1013  eps 0.073  train return  -37.97%  loss 8.41e-05  maxQ +0.0821  changes   273  2.1 min
episode 289/1013  eps 0.072  train return  -30.11%  loss 8.08e-05  maxQ +0.0818  changes   220  2.1 min
episode 290/1013  eps 0.071  train return  -17.16%  loss 7.59e-05  maxQ +0.0823  changes   282  2.1 min | val return -7.18% (best +14.95%)
episode 291/1013  eps 0.071  train return   +1.38%  loss 7.76e-05  maxQ +0.0819  changes   319  2.1 min
episode 292/1013  eps 0.070  train return  +46.04%  loss 8.44e-05  maxQ +0.0808  changes   293  2.1 min
episode 293/1013  eps 0.069  train return  -36.34%  loss 8.18e-05  maxQ +0.0794  changes   233  2.1 min
episode 294/1013  eps 0.069  train return  +25.51%  loss 7.87e-05  maxQ +0.0789  changes   268  2.2 min
episode 295/1013  eps 0.068  train return   -3.68%  loss 8.34e-05  maxQ +0.0776  changes   263  2.2 min
episode 296/1013  eps 0.067  train return  -51.29%  loss 7.80e-05  maxQ +0.0768  changes   271  2.2 min
episode 297/1013  eps 0.067  train return  -17.51%  loss 8.14e-05  maxQ +0.0763  changes   207  2.2 min
episode 298/1013  eps 0.066  train return  -10.27%  loss 8.53e-05  maxQ +0.0767  changes   247  2.2 min
episode 299/1013  eps 0.066  train return  -21.96%  loss 8.27e-05  maxQ +0.0761  changes   252  2.2 min
episode 300/1013  eps 0.065  train return   -7.19%  loss 7.92e-05  maxQ +0.0752  changes   223  2.2 min | val return -20.47% (best +14.95%)
episode 301/1013  eps 0.064  train return  -19.42%  loss 8.80e-05  maxQ +0.0748  changes   186  2.2 min
episode 302/1013  eps 0.064  train return  -12.82%  loss 8.49e-05  maxQ +0.0744  changes   320  2.2 min
episode 303/1013  eps 0.063  train return   +8.42%  loss 8.15e-05  maxQ +0.0729  changes   230  2.2 min
episode 304/1013  eps 0.063  train return  -14.99%  loss 7.94e-05  maxQ +0.0715  changes   302  2.2 min
episode 305/1013  eps 0.062  train return  +13.70%  loss 7.71e-05  maxQ +0.0720  changes   238  2.2 min
episode 306/1013  eps 0.062  train return   +4.71%  loss 8.35e-05  maxQ +0.0697  changes   265  2.3 min
episode 307/1013  eps 0.061  train return   +0.07%  loss 8.06e-05  maxQ +0.0688  changes   260  2.3 min
episode 308/1013  eps 0.060  train return  -17.87%  loss 7.78e-05  maxQ +0.0693  changes   304  2.3 min
episode 309/1013  eps 0.060  train return  -27.40%  loss 7.95e-05  maxQ +0.0685  changes   264  2.3 min
episode 310/1013  eps 0.059  train return  -12.40%  loss 8.13e-05  maxQ +0.0676  changes   275  2.3 min | val return -3.37% (best +14.95%)
episode 311/1013  eps 0.059  train return  -37.72%  loss 8.12e-05  maxQ +0.0672  changes   264  2.3 min
episode 312/1013  eps 0.058  train return  +10.31%  loss 8.63e-05  maxQ +0.0676  changes   306  2.3 min
episode 313/1013  eps 0.058  train return   +0.81%  loss 8.56e-05  maxQ +0.0681  changes   271  2.3 min
episode 314/1013  eps 0.057  train return  +16.72%  loss 8.78e-05  maxQ +0.0678  changes   274  2.3 min
episode 315/1013  eps 0.057  train return  -21.59%  loss 9.20e-05  maxQ +0.0666  changes   256  2.3 min
episode 316/1013  eps 0.056  train return  -11.99%  loss 8.48e-05  maxQ +0.0669  changes   273  2.3 min
episode 317/1013  eps 0.056  train return  -12.55%  loss 8.65e-05  maxQ +0.0688  changes   244  2.3 min
episode 318/1013  eps 0.055  train return  -22.30%  loss 8.32e-05  maxQ +0.0691  changes   300  2.3 min
episode 319/1013  eps 0.055  train return  +19.59%  loss 7.83e-05  maxQ +0.0705  changes   250  2.4 min
episode 320/1013  eps 0.054  train return   +2.07%  loss 7.69e-05  maxQ +0.0712  changes   241  2.4 min | val return -6.91% (best +14.95%)
episode 321/1013  eps 0.054  train return   +9.67%  loss 8.62e-05  maxQ +0.0705  changes   249  2.4 min
episode 322/1013  eps 0.053  train return  -18.93%  loss 8.26e-05  maxQ +0.0710  changes   218  2.4 min
episode 323/1013  eps 0.053  train return  +28.47%  loss 8.38e-05  maxQ +0.0706  changes   228  2.4 min
episode 324/1013  eps 0.052  train return  +17.03%  loss 7.85e-05  maxQ +0.0715  changes   283  2.4 min
episode 325/1013  eps 0.052  train return   -6.69%  loss 8.15e-05  maxQ +0.0701  changes   259  2.4 min
episode 326/1013  eps 0.051  train return  -20.75%  loss 8.23e-05  maxQ +0.0704  changes   258  2.4 min
episode 327/1013  eps 0.051  train return   +8.78%  loss 8.03e-05  maxQ +0.0709  changes   265  2.4 min
episode 328/1013  eps 0.050  train return  -16.28%  loss 7.89e-05  maxQ +0.0707  changes   186  2.4 min
episode 329/1013  eps 0.050  train return  +17.16%  loss 7.89e-05  maxQ +0.0711  changes   238  2.4 min
episode 330/1013  eps 0.049  train return  -15.43%  loss 7.81e-05  maxQ +0.0732  changes   238  2.4 min | val return -4.07% (best +14.95%)
episode 331/1013  eps 0.049  train return  +39.50%  loss 8.18e-05  maxQ +0.0731  changes   273  2.5 min
episode 332/1013  eps 0.049  train return   -7.12%  loss 8.00e-05  maxQ +0.0703  changes   249  2.5 min
episode 333/1013  eps 0.048  train return  -24.52%  loss 7.95e-05  maxQ +0.0704  changes   228  2.5 min
episode 334/1013  eps 0.048  train return   -9.69%  loss 7.76e-05  maxQ +0.0700  changes   192  2.5 min
episode 335/1013  eps 0.047  train return   +7.21%  loss 7.47e-05  maxQ +0.0694  changes   276  2.5 min
episode 336/1013  eps 0.047  train return   -0.77%  loss 8.02e-05  maxQ +0.0691  changes   303  2.5 min
episode 337/1013  eps 0.046  train return  -28.10%  loss 7.72e-05  maxQ +0.0703  changes   240  2.5 min
episode 338/1013  eps 0.046  train return  -35.35%  loss 8.20e-05  maxQ +0.0692  changes   246  2.5 min
episode 339/1013  eps 0.046  train return   +3.56%  loss 7.90e-05  maxQ +0.0684  changes   225  2.5 min
episode 340/1013  eps 0.045  train return  +23.76%  loss 7.45e-05  maxQ +0.0669  changes   269  2.5 min | val return -1.14% (best +14.95%)
episode 341/1013  eps 0.045  train return  +12.32%  loss 7.99e-05  maxQ +0.0671  changes   183  2.5 min
episode 342/1013  eps 0.044  train return  +31.26%  loss 7.70e-05  maxQ +0.0662  changes   178  2.6 min
episode 343/1013  eps 0.044  train return   -7.23%  loss 7.56e-05  maxQ +0.0655  changes   178  2.6 min
episode 344/1013  eps 0.043  train return  +16.86%  loss 7.72e-05  maxQ +0.0649  changes   186  2.6 min
episode 345/1013  eps 0.043  train return  -12.64%  loss 7.11e-05  maxQ +0.0647  changes   251  2.6 min
episode 346/1013  eps 0.043  train return   -1.67%  loss 6.58e-05  maxQ +0.0641  changes   194  2.6 min
episode 347/1013  eps 0.042  train return  +44.29%  loss 6.93e-05  maxQ +0.0634  changes   242  2.6 min
episode 348/1013  eps 0.042  train return  +23.93%  loss 7.22e-05  maxQ +0.0629  changes   277  2.6 min
episode 349/1013  eps 0.042  train return  -31.01%  loss 7.08e-05  maxQ +0.0620  changes   305  2.6 min
episode 350/1013  eps 0.041  train return   +5.21%  loss 6.97e-05  maxQ +0.0612  changes   244  2.6 min | val return -7.06% (best +14.95%)
episode 351/1013  eps 0.041  train return   -2.76%  loss 6.85e-05  maxQ +0.0612  changes   147  2.6 min
episode 352/1013  eps 0.040  train return +131.63%  loss 6.86e-05  maxQ +0.0602  changes   232  2.6 min
episode 353/1013  eps 0.040  train return  -53.15%  loss 7.35e-05  maxQ +0.0610  changes   291  2.6 min
episode 354/1013  eps 0.040  train return   +2.89%  loss 6.75e-05  maxQ +0.0606  changes   275  2.7 min
episode 355/1013  eps 0.039  train return   +3.43%  loss 6.93e-05  maxQ +0.0596  changes   177  2.7 min
episode 356/1013  eps 0.039  train return  -13.50%  loss 6.58e-05  maxQ +0.0590  changes   228  2.7 min
episode 357/1013  eps 0.039  train return  -15.40%  loss 7.09e-05  maxQ +0.0592  changes   267  2.7 min
episode 358/1013  eps 0.038  train return  -11.96%  loss 6.51e-05  maxQ +0.0585  changes   151  2.7 min
episode 359/1013  eps 0.038  train return   -4.71%  loss 6.23e-05  maxQ +0.0575  changes   184  2.7 min
episode 360/1013  eps 0.038  train return  -21.03%  loss 6.32e-05  maxQ +0.0566  changes   170  2.7 min | val return -31.94% (best +14.95%)
episode 361/1013  eps 0.037  train return  +22.92%  loss 6.49e-05  maxQ +0.0568  changes   180  2.7 min
episode 362/1013  eps 0.037  train return  -12.13%  loss 7.04e-05  maxQ +0.0576  changes   246  2.7 min
episode 363/1013  eps 0.037  train return  -12.22%  loss 6.41e-05  maxQ +0.0574  changes   170  2.7 min
episode 364/1013  eps 0.036  train return  +22.71%  loss 6.37e-05  maxQ +0.0567  changes   209  2.7 min
episode 365/1013  eps 0.036  train return  +13.78%  loss 5.84e-05  maxQ +0.0570  changes   174  2.7 min
episode 366/1013  eps 0.036  train return   +4.65%  loss 6.38e-05  maxQ +0.0563  changes   115  2.8 min
episode 367/1013  eps 0.035  train return  -11.38%  loss 6.02e-05  maxQ +0.0562  changes   138  2.8 min
episode 368/1013  eps 0.035  train return   +8.23%  loss 5.84e-05  maxQ +0.0563  changes   160  2.8 min
episode 369/1013  eps 0.035  train return  -20.44%  loss 6.16e-05  maxQ +0.0555  changes   126  2.8 min
episode 370/1013  eps 0.034  train return  -10.75%  loss 6.27e-05  maxQ +0.0553  changes   154  2.8 min | val return -7.54% (best +14.95%)
episode 371/1013  eps 0.034  train return  +38.44%  loss 6.13e-05  maxQ +0.0546  changes   186  2.8 min
episode 372/1013  eps 0.034  train return  -13.38%  loss 6.23e-05  maxQ +0.0544  changes   172  2.8 min
episode 373/1013  eps 0.033  train return  +31.73%  loss 6.28e-05  maxQ +0.0544  changes   149  2.8 min
episode 374/1013  eps 0.033  train return   -2.87%  loss 6.06e-05  maxQ +0.0545  changes   240  2.8 min
episode 375/1013  eps 0.033  train return  +36.42%  loss 6.17e-05  maxQ +0.0537  changes   175  2.8 min
episode 376/1013  eps 0.032  train return  -38.44%  loss 6.23e-05  maxQ +0.0541  changes   168  2.8 min
episode 377/1013  eps 0.032  train return  +21.27%  loss 6.39e-05  maxQ +0.0537  changes   137  2.9 min
episode 378/1013  eps 0.032  train return  +21.52%  loss 7.39e-05  maxQ +0.0527  changes   164  2.9 min
episode 379/1013  eps 0.032  train return  +18.58%  loss 7.19e-05  maxQ +0.0529  changes   137  2.9 min
episode 380/1013  eps 0.031  train return   -5.09%  loss 7.23e-05  maxQ +0.0531  changes   151  2.9 min | val return -2.04% (best +14.95%)
episode 381/1013  eps 0.031  train return  -18.73%  loss 6.52e-05  maxQ +0.0544  changes    97  2.9 min
episode 382/1013  eps 0.031  train return  +45.35%  loss 7.31e-05  maxQ +0.0544  changes   140  2.9 min
episode 383/1013  eps 0.030  train return   +5.35%  loss 7.80e-05  maxQ +0.0531  changes   254  2.9 min
episode 384/1013  eps 0.030  train return  +19.11%  loss 7.23e-05  maxQ +0.0529  changes   260  2.9 min
episode 385/1013  eps 0.030  train return  -13.27%  loss 7.17e-05  maxQ +0.0529  changes   151  2.9 min
episode 386/1013  eps 0.030  train return  +10.84%  loss 7.16e-05  maxQ +0.0522  changes   143  2.9 min
episode 387/1013  eps 0.029  train return  +44.89%  loss 7.09e-05  maxQ +0.0521  changes   123  2.9 min
episode 388/1013  eps 0.029  train return   -8.71%  loss 6.98e-05  maxQ +0.0536  changes   183  2.9 min
episode 389/1013  eps 0.029  train return  -30.29%  loss 7.42e-05  maxQ +0.0537  changes   169  2.9 min
episode 390/1013  eps 0.029  train return  +19.68%  loss 7.56e-05  maxQ +0.0535  changes   235  3.0 min | val return -0.12% (best +14.95%)
episode 391/1013  eps 0.028  train return  +12.93%  loss 7.42e-05  maxQ +0.0528  changes   166  3.0 min
episode 392/1013  eps 0.028  train return  +26.55%  loss 7.30e-05  maxQ +0.0532  changes   225  3.0 min
episode 393/1013  eps 0.028  train return  +10.98%  loss 7.20e-05  maxQ +0.0527  changes   184  3.0 min
episode 394/1013  eps 0.028  train return  +11.40%  loss 7.19e-05  maxQ +0.0524  changes   152  3.0 min
episode 395/1013  eps 0.027  train return   -8.93%  loss 7.37e-05  maxQ +0.0526  changes   145  3.0 min
episode 396/1013  eps 0.027  train return  +16.39%  loss 7.00e-05  maxQ +0.0522  changes   158  3.0 min
episode 397/1013  eps 0.027  train return  -37.97%  loss 7.05e-05  maxQ +0.0525  changes   137  3.0 min
episode 398/1013  eps 0.027  train return  -25.41%  loss 7.71e-05  maxQ +0.0521  changes   105  3.0 min
episode 399/1013  eps 0.026  train return  -37.63%  loss 7.04e-05  maxQ +0.0530  changes   104  3.0 min
episode 400/1013  eps 0.026  train return  +19.01%  loss 7.44e-05  maxQ +0.0531  changes   231  3.0 min | val return +3.50% (best +14.95%)
episode 401/1013  eps 0.026  train return   -2.02%  loss 7.47e-05  maxQ +0.0528  changes   139  3.0 min
episode 402/1013  eps 0.026  train return  +17.67%  loss 7.20e-05  maxQ +0.0531  changes   149  3.0 min
episode 403/1013  eps 0.025  train return   -2.30%  loss 7.01e-05  maxQ +0.0528  changes   148  3.1 min
episode 404/1013  eps 0.025  train return   +9.67%  loss 7.47e-05  maxQ +0.0523  changes   123  3.1 min
episode 405/1013  eps 0.025  train return  +15.42%  loss 7.45e-05  maxQ +0.0523  changes   127  3.1 min
episode 406/1013  eps 0.025  train return  -20.50%  loss 7.32e-05  maxQ +0.0543  changes   143  3.1 min
episode 407/1013  eps 0.024  train return   -6.09%  loss 8.16e-05  maxQ +0.0539  changes   160  3.1 min
episode 408/1013  eps 0.024  train return   -0.26%  loss 8.30e-05  maxQ +0.0532  changes   124  3.1 min
episode 409/1013  eps 0.024  train return  -15.25%  loss 7.23e-05  maxQ +0.0545  changes    98  3.1 min
episode 410/1013  eps 0.024  train return  -34.22%  loss 7.72e-05  maxQ +0.0537  changes   115  3.1 min | val return -4.90% (best +14.95%)
episode 411/1013  eps 0.024  train return  -11.51%  loss 7.27e-05  maxQ +0.0545  changes   171  3.1 min
episode 412/1013  eps 0.023  train return  -14.79%  loss 8.23e-05  maxQ +0.0546  changes   153  3.1 min
episode 413/1013  eps 0.023  train return   +2.88%  loss 8.54e-05  maxQ +0.0537  changes   168  3.1 min
episode 414/1013  eps 0.023  train return   -2.98%  loss 8.66e-05  maxQ +0.0528  changes   174  3.1 min
episode 415/1013  eps 0.023  train return   -4.94%  loss 8.46e-05  maxQ +0.0537  changes   205  3.1 min
episode 416/1013  eps 0.023  train return  -33.74%  loss 8.50e-05  maxQ +0.0527  changes    69  3.1 min
episode 417/1013  eps 0.022  train return  +19.31%  loss 8.44e-05  maxQ +0.0525  changes   218  3.2 min
episode 418/1013  eps 0.022  train return +125.10%  loss 8.69e-05  maxQ +0.0526  changes   253  3.2 min
episode 419/1013  eps 0.022  train return   -9.37%  loss 9.37e-05  maxQ +0.0512  changes    88  3.2 min
episode 420/1013  eps 0.022  train return  -14.32%  loss 8.84e-05  maxQ +0.0518  changes   126  3.2 min | val return -4.68% (best +14.95%)
episode 421/1013  eps 0.022  train return  +17.03%  loss 9.17e-05  maxQ +0.0512  changes    91  3.2 min
episode 422/1013  eps 0.021  train return   -7.28%  loss 9.15e-05  maxQ +0.0510  changes   105  3.2 min
episode 423/1013  eps 0.021  train return +114.15%  loss 9.02e-05  maxQ +0.0515  changes   150  3.2 min
episode 424/1013  eps 0.021  train return   +9.55%  loss 9.46e-05  maxQ +0.0516  changes   185  3.2 min
episode 425/1013  eps 0.021  train return  +24.73%  loss 8.84e-05  maxQ +0.0513  changes   191  3.2 min
episode 426/1013  eps 0.021  train return   +3.93%  loss 9.78e-05  maxQ +0.0510  changes   172  3.2 min
episode 427/1013  eps 0.020  train return  -17.98%  loss 9.62e-05  maxQ +0.0518  changes   172  3.2 min
episode 428/1013  eps 0.020  train return  +57.85%  loss 9.97e-05  maxQ +0.0510  changes   182  3.2 min
episode 429/1013  eps 0.020  train return   +4.11%  loss 1.01e-04  maxQ +0.0512  changes   251  3.2 min
episode 430/1013  eps 0.020  train return  -14.12%  loss 1.04e-04  maxQ +0.0507  changes   146  3.2 min | val return -6.01% (best +14.95%)
episode 431/1013  eps 0.020  train return  -19.09%  loss 1.05e-04  maxQ +0.0508  changes   265  3.3 min
episode 432/1013  eps 0.019  train return  +10.57%  loss 9.82e-05  maxQ +0.0501  changes   206  3.3 min
episode 433/1013  eps 0.019  train return  +24.98%  loss 9.53e-05  maxQ +0.0503  changes   181  3.3 min
episode 434/1013  eps 0.019  train return  +53.82%  loss 9.03e-05  maxQ +0.0502  changes   108  3.3 min
episode 435/1013  eps 0.019  train return  -33.17%  loss 9.33e-05  maxQ +0.0517  changes   116  3.3 min
episode 436/1013  eps 0.019  train return  +22.12%  loss 9.45e-05  maxQ +0.0513  changes   200  3.3 min
episode 437/1013  eps 0.019  train return  +32.01%  loss 9.79e-05  maxQ +0.0517  changes   126  3.3 min
episode 438/1013  eps 0.018  train return   +8.41%  loss 8.97e-05  maxQ +0.0519  changes   208  3.3 min
episode 439/1013  eps 0.018  train return  -12.18%  loss 9.54e-05  maxQ +0.0521  changes   135  3.3 min
episode 440/1013  eps 0.018  train return   -0.01%  loss 9.56e-05  maxQ +0.0515  changes   172  3.3 min | val return +22.34% (best +22.34%)
episode 441/1013  eps 0.018  train return  +66.05%  loss 9.41e-05  maxQ +0.0521  changes   267  3.3 min
episode 442/1013  eps 0.018  train return  -16.94%  loss 9.45e-05  maxQ +0.0519  changes   194  3.3 min
episode 443/1013  eps 0.018  train return  -31.44%  loss 9.10e-05  maxQ +0.0514  changes   150  3.3 min
episode 444/1013  eps 0.017  train return  +10.22%  loss 8.92e-05  maxQ +0.0519  changes   181  3.3 min
episode 445/1013  eps 0.017  train return   +5.06%  loss 9.38e-05  maxQ +0.0523  changes   151  3.4 min
episode 446/1013  eps 0.017  train return  -19.44%  loss 8.93e-05  maxQ +0.0528  changes   199  3.4 min
episode 447/1013  eps 0.017  train return   +7.01%  loss 8.19e-05  maxQ +0.0543  changes    92  3.4 min
episode 448/1013  eps 0.017  train return   +1.86%  loss 7.83e-05  maxQ +0.0535  changes    91  3.4 min
episode 449/1013  eps 0.017  train return  +26.78%  loss 8.37e-05  maxQ +0.0532  changes   197  3.4 min
episode 450/1013  eps 0.016  train return  +17.96%  loss 8.39e-05  maxQ +0.0518  changes   193  3.4 min | val return +7.45% (best +22.34%)
episode 451/1013  eps 0.016  train return  -13.25%  loss 8.08e-05  maxQ +0.0519  changes   153  3.4 min
episode 452/1013  eps 0.016  train return  +14.93%  loss 8.22e-05  maxQ +0.0525  changes   129  3.4 min
episode 453/1013  eps 0.016  train return  -13.04%  loss 8.19e-05  maxQ +0.0522  changes   193  3.4 min
episode 454/1013  eps 0.016  train return  +16.80%  loss 7.94e-05  maxQ +0.0519  changes   257  3.4 min
episode 455/1013  eps 0.016  train return   +6.90%  loss 8.06e-05  maxQ +0.0526  changes   204  3.4 min
episode 456/1013  eps 0.016  train return  -20.68%  loss 8.08e-05  maxQ +0.0544  changes   163  3.4 min
episode 457/1013  eps 0.015  train return  -10.84%  loss 8.39e-05  maxQ +0.0542  changes   226  3.4 min
episode 458/1013  eps 0.015  train return  +35.18%  loss 7.59e-05  maxQ +0.0542  changes   215  3.4 min
episode 459/1013  eps 0.015  train return   +4.03%  loss 8.09e-05  maxQ +0.0536  changes   162  3.4 min
episode 460/1013  eps 0.015  train return  +43.55%  loss 8.35e-05  maxQ +0.0538  changes   226  3.5 min | val return -2.55% (best +22.34%)
episode 461/1013  eps 0.015  train return   +4.99%  loss 8.15e-05  maxQ +0.0532  changes   169  3.5 min
episode 462/1013  eps 0.015  train return  -28.35%  loss 8.09e-05  maxQ +0.0532  changes   206  3.5 min
episode 463/1013  eps 0.015  train return  -41.27%  loss 8.14e-05  maxQ +0.0533  changes   145  3.5 min
episode 464/1013  eps 0.015  train return  +17.18%  loss 8.50e-05  maxQ +0.0537  changes   106  3.5 min
episode 465/1013  eps 0.014  train return   -7.95%  loss 7.94e-05  maxQ +0.0544  changes   189  3.5 min
episode 466/1013  eps 0.014  train return  +35.38%  loss 8.25e-05  maxQ +0.0550  changes   179  3.5 min
episode 467/1013  eps 0.014  train return  -20.74%  loss 8.01e-05  maxQ +0.0543  changes   135  3.5 min
episode 468/1013  eps 0.014  train return   +6.53%  loss 7.94e-05  maxQ +0.0531  changes   198  3.5 min
episode 469/1013  eps 0.014  train return   -7.28%  loss 7.82e-05  maxQ +0.0536  changes   131  3.5 min
episode 470/1013  eps 0.014  train return  +21.29%  loss 7.32e-05  maxQ +0.0535  changes   120  3.5 min | val return -7.76% (best +22.34%)
episode 471/1013  eps 0.014  train return  +13.72%  loss 7.37e-05  maxQ +0.0525  changes   195  3.5 min
episode 472/1013  eps 0.013  train return  +28.24%  loss 7.41e-05  maxQ +0.0520  changes   131  3.5 min
episode 473/1013  eps 0.013  train return  +15.33%  loss 7.71e-05  maxQ +0.0521  changes   293  3.6 min
episode 474/1013  eps 0.013  train return  +38.25%  loss 7.63e-05  maxQ +0.0518  changes   157  3.6 min
episode 475/1013  eps 0.013  train return   +3.45%  loss 7.93e-05  maxQ +0.0515  changes   129  3.6 min
episode 476/1013  eps 0.013  train return   -7.84%  loss 8.05e-05  maxQ +0.0517  changes   155  3.6 min
episode 477/1013  eps 0.013  train return   +5.23%  loss 8.10e-05  maxQ +0.0516  changes   110  3.6 min
episode 478/1013  eps 0.013  train return  -18.31%  loss 7.96e-05  maxQ +0.0510  changes   117  3.6 min
episode 479/1013  eps 0.013  train return  +13.47%  loss 8.13e-05  maxQ +0.0512  changes   157  3.6 min
episode 480/1013  eps 0.013  train return   +0.29%  loss 7.59e-05  maxQ +0.0507  changes   114  3.6 min | val return -3.38% (best +22.34%)
episode 481/1013  eps 0.012  train return   -0.01%  loss 7.18e-05  maxQ +0.0501  changes    86  3.6 min
episode 482/1013  eps 0.012  train return  -16.50%  loss 7.36e-05  maxQ +0.0498  changes    86  3.6 min
episode 483/1013  eps 0.012  train return  +34.48%  loss 6.94e-05  maxQ +0.0499  changes   214  3.6 min
episode 484/1013  eps 0.012  train return  -23.24%  loss 7.26e-05  maxQ +0.0505  changes   210  3.6 min
episode 485/1013  eps 0.012  train return  +20.67%  loss 7.30e-05  maxQ +0.0499  changes   151  3.6 min
episode 486/1013  eps 0.012  train return  +10.64%  loss 7.26e-05  maxQ +0.0498  changes   123  3.6 min
episode 487/1013  eps 0.012  train return  -20.10%  loss 6.98e-05  maxQ +0.0493  changes   169  3.7 min
episode 488/1013  eps 0.012  train return  -24.21%  loss 6.13e-05  maxQ +0.0485  changes   101  3.7 min
episode 489/1013  eps 0.012  train return  +15.59%  loss 5.82e-05  maxQ +0.0479  changes   129  3.7 min
episode 490/1013  eps 0.011  train return  -11.12%  loss 5.91e-05  maxQ +0.0485  changes   108  3.7 min | val return -9.95% (best +22.34%)
episode 491/1013  eps 0.011  train return   +5.87%  loss 6.03e-05  maxQ +0.0488  changes   192  3.7 min
episode 492/1013  eps 0.011  train return   -3.74%  loss 5.88e-05  maxQ +0.0484  changes   157  3.7 min
episode 493/1013  eps 0.011  train return   +5.23%  loss 5.81e-05  maxQ +0.0492  changes   152  3.7 min
episode 494/1013  eps 0.011  train return  -23.44%  loss 5.72e-05  maxQ +0.0481  changes   141  3.7 min
episode 495/1013  eps 0.011  train return  -34.85%  loss 5.92e-05  maxQ +0.0479  changes   147  3.7 min
episode 496/1013  eps 0.011  train return  -19.75%  loss 5.71e-05  maxQ +0.0478  changes   131  3.7 min
episode 497/1013  eps 0.011  train return   -0.95%  loss 5.64e-05  maxQ +0.0470  changes   220  3.7 min
episode 498/1013  eps 0.011  train return  -11.40%  loss 5.34e-05  maxQ +0.0481  changes   129  3.7 min
episode 499/1013  eps 0.011  train return   -1.16%  loss 5.04e-05  maxQ +0.0480  changes   237  3.7 min
episode 500/1013  eps 0.010  train return   +3.58%  loss 5.28e-05  maxQ +0.0484  changes   199  3.7 min | val return +5.14% (best +22.34%)
episode 501/1013  eps 0.010  train return   -3.62%  loss 5.01e-05  maxQ +0.0481  changes   105  3.8 min
episode 502/1013  eps 0.010  train return  +27.39%  loss 5.34e-05  maxQ +0.0472  changes   200  3.8 min
episode 503/1013  eps 0.010  train return  +35.32%  loss 5.10e-05  maxQ +0.0469  changes   246  3.8 min
episode 504/1013  eps 0.010  train return   +2.39%  loss 5.27e-05  maxQ +0.0464  changes   198  3.8 min
episode 505/1013  eps 0.010  train return  +17.54%  loss 5.07e-05  maxQ +0.0460  changes   178  3.8 min
episode 506/1013  eps 0.010  train return  -27.39%  loss 5.06e-05  maxQ +0.0463  changes   130  3.8 min
episode 507/1013  eps 0.010  train return   +7.89%  loss 5.42e-05  maxQ +0.0466  changes   119  3.8 min
episode 508/1013  eps 0.010  train return  +21.73%  loss 4.98e-05  maxQ +0.0460  changes   145  3.8 min
episode 509/1013  eps 0.010  train return   -9.10%  loss 5.36e-05  maxQ +0.0453  changes   312  3.8 min
episode 510/1013  eps 0.010  train return  -44.54%  loss 5.66e-05  maxQ +0.0449  changes   196  3.8 min | val return -6.87% (best +22.34%)
episode 511/1013  eps 0.010  train return   +7.29%  loss 5.89e-05  maxQ +0.0442  changes   173  3.8 min
episode 512/1013  eps 0.010  train return  -41.31%  loss 5.42e-05  maxQ +0.0440  changes   171  3.8 min
episode 513/1013  eps 0.010  train return   -7.30%  loss 5.93e-05  maxQ +0.0434  changes   108  3.8 min
episode 514/1013  eps 0.010  train return  +10.77%  loss 5.89e-05  maxQ +0.0428  changes   183  3.9 min
episode 515/1013  eps 0.010  train return   +4.77%  loss 5.67e-05  maxQ +0.0437  changes   213  3.9 min
episode 516/1013  eps 0.010  train return  +15.11%  loss 5.74e-05  maxQ +0.0427  changes   235  3.9 min
episode 517/1013  eps 0.010  train return  +51.86%  loss 6.37e-05  maxQ +0.0431  changes   365  3.9 min
episode 518/1013  eps 0.010  train return   +0.28%  loss 6.64e-05  maxQ +0.0437  changes   165  3.9 min
episode 519/1013  eps 0.010  train return  +25.32%  loss 6.78e-05  maxQ +0.0437  changes   227  3.9 min
episode 520/1013  eps 0.010  train return  +19.04%  loss 6.60e-05  maxQ +0.0468  changes   244  3.9 min | val return +0.96% (best +22.34%)
episode 521/1013  eps 0.010  train return   +1.02%  loss 6.58e-05  maxQ +0.0466  changes   180  3.9 min
episode 522/1013  eps 0.010  train return  +47.81%  loss 6.60e-05  maxQ +0.0462  changes   159  3.9 min
episode 523/1013  eps 0.010  train return   -0.28%  loss 6.50e-05  maxQ +0.0454  changes   189  3.9 min
episode 524/1013  eps 0.010  train return   -8.52%  loss 6.99e-05  maxQ +0.0457  changes   278  3.9 min
episode 525/1013  eps 0.010  train return  +34.72%  loss 6.65e-05  maxQ +0.0447  changes   269  3.9 min
episode 526/1013  eps 0.010  train return   +0.24%  loss 6.60e-05  maxQ +0.0446  changes   163  3.9 min
episode 527/1013  eps 0.010  train return  +23.48%  loss 7.00e-05  maxQ +0.0445  changes   202  3.9 min
episode 528/1013  eps 0.010  train return   -5.98%  loss 7.05e-05  maxQ +0.0443  changes   396  4.0 min
episode 529/1013  eps 0.010  train return  +95.68%  loss 7.55e-05  maxQ +0.0455  changes   337  4.0 min
episode 530/1013  eps 0.010  train return  +60.57%  loss 7.56e-05  maxQ +0.0457  changes   414  4.0 min | val return -47.95% (best +22.34%)
episode 531/1013  eps 0.010  train return   -5.50%  loss 7.79e-05  maxQ +0.0463  changes   224  4.0 min
episode 532/1013  eps 0.010  train return   +8.03%  loss 8.36e-05  maxQ +0.0461  changes   449  4.0 min
episode 533/1013  eps 0.010  train return  -47.37%  loss 8.98e-05  maxQ +0.0457  changes   259  4.0 min
episode 534/1013  eps 0.010  train return   +3.64%  loss 8.50e-05  maxQ +0.0467  changes   373  4.0 min
episode 535/1013  eps 0.010  train return  -13.36%  loss 8.59e-05  maxQ +0.0475  changes   224  4.0 min
episode 536/1013  eps 0.010  train return   -5.28%  loss 8.52e-05  maxQ +0.0479  changes   258  4.0 min
episode 537/1013  eps 0.010  train return  -21.86%  loss 8.02e-05  maxQ +0.0485  changes   429  4.0 min
episode 538/1013  eps 0.010  train return  +22.41%  loss 8.12e-05  maxQ +0.0483  changes   190  4.0 min
episode 539/1013  eps 0.010  train return  +49.74%  loss 8.13e-05  maxQ +0.0493  changes   225  4.0 min
episode 540/1013  eps 0.010  train return  -20.41%  loss 8.66e-05  maxQ +0.0494  changes   284  4.0 min | val return -6.45% (best +22.34%)
episode 541/1013  eps 0.010  train return   -9.65%  loss 8.04e-05  maxQ +0.0496  changes   166  4.1 min
episode 542/1013  eps 0.010  train return  +11.83%  loss 8.31e-05  maxQ +0.0502  changes   202  4.1 min
episode 543/1013  eps 0.010  train return   +1.83%  loss 7.87e-05  maxQ +0.0509  changes   267  4.1 min
episode 544/1013  eps 0.010  train return   +2.14%  loss 7.82e-05  maxQ +0.0503  changes   267  4.1 min
episode 545/1013  eps 0.010  train return  -13.27%  loss 8.14e-05  maxQ +0.0506  changes   327  4.1 min
episode 546/1013  eps 0.010  train return  +11.08%  loss 8.31e-05  maxQ +0.0517  changes   327  4.1 min
episode 547/1013  eps 0.010  train return  +58.98%  loss 8.32e-05  maxQ +0.0504  changes   371  4.1 min
episode 548/1013  eps 0.010  train return  +50.02%  loss 8.64e-05  maxQ +0.0505  changes   370  4.1 min
episode 549/1013  eps 0.010  train return  -33.78%  loss 8.43e-05  maxQ +0.0498  changes   398  4.1 min
episode 550/1013  eps 0.010  train return   -1.03%  loss 8.70e-05  maxQ +0.0504  changes   282  4.1 min | val return -9.53% (best +22.34%)
episode 551/1013  eps 0.010  train return   -3.62%  loss 8.57e-05  maxQ +0.0513  changes   196  4.1 min
episode 552/1013  eps 0.010  train return  +25.03%  loss 8.96e-05  maxQ +0.0512  changes   244  4.1 min
episode 553/1013  eps 0.010  train return  +14.06%  loss 9.07e-05  maxQ +0.0520  changes   134  4.1 min
episode 554/1013  eps 0.010  train return  +29.33%  loss 9.02e-05  maxQ +0.0519  changes   255  4.1 min
episode 555/1013  eps 0.010  train return  +29.71%  loss 8.52e-05  maxQ +0.0518  changes   349  4.2 min
episode 556/1013  eps 0.010  train return  +15.95%  loss 9.54e-05  maxQ +0.0523  changes   378  4.2 min
episode 557/1013  eps 0.010  train return   -6.87%  loss 9.00e-05  maxQ +0.0538  changes   279  4.2 min
episode 558/1013  eps 0.010  train return  -31.63%  loss 9.11e-05  maxQ +0.0527  changes   280  4.2 min
episode 559/1013  eps 0.010  train return  +23.17%  loss 9.05e-05  maxQ +0.0537  changes   196  4.2 min
episode 560/1013  eps 0.010  train return  +17.69%  loss 8.97e-05  maxQ +0.0534  changes   307  4.2 min | val return -1.84% (best +22.34%)
episode 561/1013  eps 0.010  train return   -5.55%  loss 8.97e-05  maxQ +0.0542  changes   212  4.2 min
episode 562/1013  eps 0.010  train return  +24.17%  loss 9.39e-05  maxQ +0.0542  changes   205  4.2 min
episode 563/1013  eps 0.010  train return   -2.24%  loss 8.34e-05  maxQ +0.0560  changes   210  4.2 min
episode 564/1013  eps 0.010  train return  +68.82%  loss 8.25e-05  maxQ +0.0573  changes   317  4.2 min
episode 565/1013  eps 0.010  train return  +51.65%  loss 9.29e-05  maxQ +0.0582  changes   301  4.2 min
episode 566/1013  eps 0.010  train return   +1.27%  loss 9.52e-05  maxQ +0.0584  changes   168  4.2 min
episode 567/1013  eps 0.010  train return   -3.97%  loss 9.96e-05  maxQ +0.0578  changes   222  4.2 min
episode 568/1013  eps 0.010  train return  +38.01%  loss 9.54e-05  maxQ +0.0576  changes   249  4.2 min
episode 569/1013  eps 0.010  train return   +2.96%  loss 9.99e-05  maxQ +0.0579  changes   305  4.2 min
episode 570/1013  eps 0.010  train return  +10.69%  loss 9.75e-05  maxQ +0.0583  changes   294  4.3 min | val return +2.92% (best +22.34%)
episode 571/1013  eps 0.010  train return   +8.02%  loss 1.06e-04  maxQ +0.0575  changes   178  4.3 min
episode 572/1013  eps 0.010  train return  -26.29%  loss 1.01e-04  maxQ +0.0576  changes   226  4.3 min
episode 573/1013  eps 0.010  train return  -21.82%  loss 9.90e-05  maxQ +0.0577  changes   225  4.3 min
episode 574/1013  eps 0.010  train return  -26.23%  loss 1.03e-04  maxQ +0.0581  changes   261  4.3 min
episode 575/1013  eps 0.010  train return  +12.31%  loss 9.55e-05  maxQ +0.0583  changes   228  4.3 min
episode 576/1013  eps 0.010  train return   -2.43%  loss 1.04e-04  maxQ +0.0576  changes   224  4.3 min
episode 577/1013  eps 0.010  train return   -7.65%  loss 9.26e-05  maxQ +0.0575  changes   219  4.3 min
episode 578/1013  eps 0.010  train return   +3.04%  loss 1.03e-04  maxQ +0.0577  changes   248  4.3 min
episode 579/1013  eps 0.010  train return   -4.90%  loss 9.57e-05  maxQ +0.0578  changes   237  4.3 min
episode 580/1013  eps 0.010  train return  +60.39%  loss 9.44e-05  maxQ +0.0572  changes   296  4.3 min | val return +2.46% (best +22.34%)
episode 581/1013  eps 0.010  train return   +9.17%  loss 9.59e-05  maxQ +0.0574  changes   184  4.3 min
episode 582/1013  eps 0.010  train return  +46.44%  loss 9.75e-05  maxQ +0.0574  changes   232  4.3 min
episode 583/1013  eps 0.010  train return  +38.87%  loss 9.07e-05  maxQ +0.0575  changes   220  4.4 min
episode 584/1013  eps 0.010  train return  +29.51%  loss 9.50e-05  maxQ +0.0580  changes   211  4.4 min
episode 585/1013  eps 0.010  train return  -15.70%  loss 9.89e-05  maxQ +0.0586  changes   232  4.4 min
episode 586/1013  eps 0.010  train return  -24.54%  loss 9.81e-05  maxQ +0.0579  changes   268  4.4 min
episode 587/1013  eps 0.010  train return  +58.98%  loss 8.93e-05  maxQ +0.0576  changes   210  4.4 min
episode 588/1013  eps 0.010  train return  -29.72%  loss 9.16e-05  maxQ +0.0585  changes   223  4.4 min
episode 589/1013  eps 0.010  train return  +48.57%  loss 8.84e-05  maxQ +0.0583  changes   245  4.4 min
episode 590/1013  eps 0.010  train return  -17.71%  loss 9.13e-05  maxQ +0.0585  changes   123  4.4 min | val return +0.47% (best +22.34%)
episode 591/1013  eps 0.010  train return   -5.64%  loss 9.39e-05  maxQ +0.0576  changes   207  4.4 min
episode 592/1013  eps 0.010  train return   -6.80%  loss 8.84e-05  maxQ +0.0588  changes   149  4.4 min
episode 593/1013  eps 0.010  train return  +13.60%  loss 9.71e-05  maxQ +0.0589  changes   247  4.4 min
episode 594/1013  eps 0.010  train return +133.15%  loss 9.61e-05  maxQ +0.0579  changes   195  4.4 min
episode 595/1013  eps 0.010  train return  -11.51%  loss 9.67e-05  maxQ +0.0578  changes   177  4.4 min
episode 596/1013  eps 0.010  train return   -5.70%  loss 9.68e-05  maxQ +0.0587  changes   110  4.4 min
episode 597/1013  eps 0.010  train return  +35.01%  loss 9.73e-05  maxQ +0.0590  changes   157  4.5 min
episode 598/1013  eps 0.010  train return   +8.25%  loss 9.40e-05  maxQ +0.0583  changes   151  4.5 min
episode 599/1013  eps 0.010  train return   +1.90%  loss 8.95e-05  maxQ +0.0580  changes   142  4.5 min
episode 600/1013  eps 0.010  train return   +6.99%  loss 8.46e-05  maxQ +0.0582  changes   137  4.5 min | val return -4.69% (best +22.34%)
episode 601/1013  eps 0.010  train return   +3.47%  loss 8.12e-05  maxQ +0.0586  changes   219  4.5 min
episode 602/1013  eps 0.010  train return  -13.77%  loss 7.68e-05  maxQ +0.0582  changes   187  4.5 min
episode 603/1013  eps 0.010  train return   +3.05%  loss 7.90e-05  maxQ +0.0580  changes   131  4.5 min
episode 604/1013  eps 0.010  train return  +21.35%  loss 7.63e-05  maxQ +0.0586  changes   146  4.5 min
episode 605/1013  eps 0.010  train return  -16.03%  loss 7.51e-05  maxQ +0.0597  changes   111  4.5 min
episode 606/1013  eps 0.010  train return  +31.06%  loss 7.95e-05  maxQ +0.0580  changes   171  4.5 min
episode 607/1013  eps 0.010  train return  +28.19%  loss 7.63e-05  maxQ +0.0579  changes   159  4.5 min
episode 608/1013  eps 0.010  train return  -15.97%  loss 7.61e-05  maxQ +0.0567  changes   213  4.5 min
episode 609/1013  eps 0.010  train return   +0.17%  loss 7.38e-05  maxQ +0.0563  changes   235  4.5 min
episode 610/1013  eps 0.010  train return  -31.71%  loss 7.92e-05  maxQ +0.0557  changes   247  4.5 min | val return -12.14% (best +22.34%)
episode 611/1013  eps 0.010  train return  -41.41%  loss 7.77e-05  maxQ +0.0550  changes   245  4.6 min
episode 612/1013  eps 0.010  train return  -16.54%  loss 8.26e-05  maxQ +0.0551  changes   131  4.6 min
episode 613/1013  eps 0.010  train return  +23.45%  loss 7.94e-05  maxQ +0.0549  changes   174  4.6 min
episode 614/1013  eps 0.010  train return +309.46%  loss 8.63e-05  maxQ +0.0557  changes   362  4.6 min
episode 615/1013  eps 0.010  train return   +3.95%  loss 8.80e-05  maxQ +0.0570  changes   146  4.6 min
episode 616/1013  eps 0.010  train return  +11.55%  loss 9.31e-05  maxQ +0.0554  changes    92  4.6 min
episode 617/1013  eps 0.010  train return  -18.52%  loss 9.74e-05  maxQ +0.0558  changes   183  4.6 min
episode 618/1013  eps 0.010  train return   -3.21%  loss 9.34e-05  maxQ +0.0558  changes   190  4.6 min
episode 619/1013  eps 0.010  train return   -2.61%  loss 9.33e-05  maxQ +0.0550  changes   160  4.6 min
episode 620/1013  eps 0.010  train return   +2.45%  loss 9.19e-05  maxQ +0.0555  changes   241  4.6 min | val return -20.94% (best +22.34%)
episode 621/1013  eps 0.010  train return  -16.85%  loss 9.44e-05  maxQ +0.0554  changes   224  4.6 min
episode 622/1013  eps 0.010  train return  +17.73%  loss 9.55e-05  maxQ +0.0550  changes   152  4.6 min
episode 623/1013  eps 0.010  train return  -28.52%  loss 1.00e-04  maxQ +0.0548  changes   262  4.6 min
episode 624/1013  eps 0.010  train return   +5.64%  loss 9.54e-05  maxQ +0.0543  changes   125  4.7 min
episode 625/1013  eps 0.010  train return  -32.44%  loss 1.04e-04  maxQ +0.0540  changes   164  4.7 min
episode 626/1013  eps 0.010  train return  +24.15%  loss 1.02e-04  maxQ +0.0541  changes    78  4.7 min
episode 627/1013  eps 0.010  train return  -21.20%  loss 9.83e-05  maxQ +0.0537  changes    72  4.7 min
episode 628/1013  eps 0.010  train return  +61.47%  loss 1.03e-04  maxQ +0.0532  changes   231  4.7 min
episode 629/1013  eps 0.010  train return  -22.57%  loss 9.61e-05  maxQ +0.0521  changes   191  4.7 min
episode 630/1013  eps 0.010  train return   +8.20%  loss 9.61e-05  maxQ +0.0511  changes   112  4.7 min | val return -14.43% (best +22.34%)
episode 631/1013  eps 0.010  train return  +11.24%  loss 1.02e-04  maxQ +0.0510  changes   116  4.7 min
episode 632/1013  eps 0.010  train return  -31.73%  loss 1.02e-04  maxQ +0.0509  changes   153  4.7 min
episode 633/1013  eps 0.010  train return  -37.84%  loss 1.04e-04  maxQ +0.0518  changes   173  4.7 min
episode 634/1013  eps 0.010  train return   -9.87%  loss 1.03e-04  maxQ +0.0512  changes   116  4.7 min
episode 635/1013  eps 0.010  train return  +15.37%  loss 9.64e-05  maxQ +0.0505  changes   118  4.7 min
episode 636/1013  eps 0.010  train return  -11.70%  loss 1.03e-04  maxQ +0.0493  changes   183  4.7 min
episode 637/1013  eps 0.010  train return  -10.44%  loss 1.05e-04  maxQ +0.0498  changes   114  4.7 min
episode 638/1013  eps 0.010  train return  +48.46%  loss 9.47e-05  maxQ +0.0498  changes    91  4.8 min
episode 639/1013  eps 0.010  train return  +17.15%  loss 9.97e-05  maxQ +0.0495  changes   191  4.8 min
episode 640/1013  eps 0.010  train return  +65.40%  loss 9.94e-05  maxQ +0.0492  changes   185  4.8 min | val return -2.62% (best +22.34%)
episode 641/1013  eps 0.010  train return   +1.55%  loss 1.02e-04  maxQ +0.0485  changes    99  4.8 min
episode 642/1013  eps 0.010  train return   +9.14%  loss 1.04e-04  maxQ +0.0476  changes   124  4.8 min
episode 643/1013  eps 0.010  train return  -26.49%  loss 9.52e-05  maxQ +0.0481  changes    95  4.8 min
episode 644/1013  eps 0.010  train return   -3.54%  loss 9.60e-05  maxQ +0.0484  changes   158  4.8 min
episode 645/1013  eps 0.010  train return  -24.05%  loss 9.19e-05  maxQ +0.0482  changes   164  4.8 min
episode 646/1013  eps 0.010  train return  -10.23%  loss 9.20e-05  maxQ +0.0490  changes   117  4.8 min
episode 647/1013  eps 0.010  train return  -38.40%  loss 9.77e-05  maxQ +0.0483  changes    80  4.8 min
episode 648/1013  eps 0.010  train return  +35.81%  loss 1.02e-04  maxQ +0.0487  changes   195  4.8 min
episode 649/1013  eps 0.010  train return  +11.61%  loss 1.01e-04  maxQ +0.0487  changes   252  4.8 min
episode 650/1013  eps 0.010  train return  -62.39%  loss 9.76e-05  maxQ +0.0485  changes   134  4.8 min | val return -29.60% (best +22.34%)
episode 651/1013  eps 0.010  train return  +64.66%  loss 1.06e-04  maxQ +0.0477  changes   251  4.9 min
episode 652/1013  eps 0.010  train return   +9.21%  loss 1.00e-04  maxQ +0.0470  changes   190  4.9 min
episode 653/1013  eps 0.010  train return  -12.75%  loss 1.02e-04  maxQ +0.0472  changes   170  4.9 min
episode 654/1013  eps 0.010  train return   -6.77%  loss 9.41e-05  maxQ +0.0474  changes   138  4.9 min
episode 655/1013  eps 0.010  train return +174.51%  loss 1.03e-04  maxQ +0.0464  changes   207  4.9 min
episode 656/1013  eps 0.010  train return  -24.45%  loss 1.00e-04  maxQ +0.0470  changes   140  4.9 min
episode 657/1013  eps 0.010  train return   -3.31%  loss 1.04e-04  maxQ +0.0467  changes   187  4.9 min
episode 658/1013  eps 0.010  train return   +7.69%  loss 1.02e-04  maxQ +0.0468  changes   137  4.9 min
episode 659/1013  eps 0.010  train return  +14.91%  loss 1.02e-04  maxQ +0.0466  changes   198  4.9 min
episode 660/1013  eps 0.010  train return  -25.50%  loss 9.81e-05  maxQ +0.0481  changes    42  4.9 min | val return -8.53% (best +22.34%)
episode 661/1013  eps 0.010  train return  -37.35%  loss 9.56e-05  maxQ +0.0474  changes   125  4.9 min
episode 662/1013  eps 0.010  train return  +29.40%  loss 1.06e-04  maxQ +0.0477  changes   140  4.9 min
episode 663/1013  eps 0.010  train return  +44.70%  loss 1.08e-04  maxQ +0.0475  changes   130  4.9 min
episode 664/1013  eps 0.010  train return  +11.07%  loss 1.04e-04  maxQ +0.0481  changes   159  4.9 min
episode 665/1013  eps 0.010  train return   +0.29%  loss 9.91e-05  maxQ +0.0477  changes   240  5.0 min
episode 666/1013  eps 0.010  train return  -19.59%  loss 9.86e-05  maxQ +0.0473  changes   273  5.0 min
episode 667/1013  eps 0.010  train return   -9.15%  loss 1.05e-04  maxQ +0.0470  changes   251  5.0 min
episode 668/1013  eps 0.010  train return  +25.11%  loss 1.03e-04  maxQ +0.0470  changes   214  5.0 min
episode 669/1013  eps 0.010  train return   -5.07%  loss 1.03e-04  maxQ +0.0466  changes   209  5.0 min
episode 670/1013  eps 0.010  train return   -2.81%  loss 1.04e-04  maxQ +0.0471  changes   271  5.0 min | val return -7.81% (best +22.34%)
episode 671/1013  eps 0.010  train return   +6.09%  loss 1.08e-04  maxQ +0.0468  changes   307  5.0 min
episode 672/1013  eps 0.010  train return   -4.96%  loss 1.02e-04  maxQ +0.0470  changes   219  5.0 min
episode 673/1013  eps 0.010  train return  +11.88%  loss 1.06e-04  maxQ +0.0467  changes   173  5.0 min
episode 674/1013  eps 0.010  train return  +47.47%  loss 1.01e-04  maxQ +0.0470  changes   189  5.0 min
episode 675/1013  eps 0.010  train return  -12.32%  loss 1.05e-04  maxQ +0.0468  changes   269  5.0 min
episode 676/1013  eps 0.010  train return   -8.87%  loss 1.08e-04  maxQ +0.0466  changes   223  5.0 min
episode 677/1013  eps 0.010  train return   +2.25%  loss 1.10e-04  maxQ +0.0458  changes   145  5.0 min
episode 678/1013  eps 0.010  train return   +9.09%  loss 1.08e-04  maxQ +0.0455  changes   151  5.0 min
episode 679/1013  eps 0.010  train return   -6.14%  loss 1.08e-04  maxQ +0.0452  changes   154  5.1 min
episode 680/1013  eps 0.010  train return  +21.67%  loss 1.08e-04  maxQ +0.0450  changes   233  5.1 min | val return -13.80% (best +22.34%)
episode 681/1013  eps 0.010  train return  -21.16%  loss 9.89e-05  maxQ +0.0451  changes    78  5.1 min
episode 682/1013  eps 0.010  train return  -10.05%  loss 1.02e-04  maxQ +0.0453  changes   248  5.1 min
episode 683/1013  eps 0.010  train return  +24.54%  loss 1.06e-04  maxQ +0.0450  changes   225  5.1 min
episode 684/1013  eps 0.010  train return  +14.97%  loss 9.26e-05  maxQ +0.0442  changes   198  5.1 min
episode 685/1013  eps 0.010  train return  -23.86%  loss 9.37e-05  maxQ +0.0436  changes   199  5.1 min
episode 686/1013  eps 0.010  train return   -2.32%  loss 9.62e-05  maxQ +0.0432  changes   132  5.1 min
episode 687/1013  eps 0.010  train return  -50.29%  loss 9.16e-05  maxQ +0.0431  changes   174  5.1 min
episode 688/1013  eps 0.010  train return   -7.91%  loss 9.59e-05  maxQ +0.0424  changes   117  5.1 min
episode 689/1013  eps 0.010  train return  +15.75%  loss 9.72e-05  maxQ +0.0415  changes   107  5.1 min
episode 690/1013  eps 0.010  train return  -24.99%  loss 9.39e-05  maxQ +0.0415  changes   112  5.1 min | val return -14.34% (best +22.34%)
episode 691/1013  eps 0.010  train return   +6.75%  loss 9.33e-05  maxQ +0.0414  changes   109  5.1 min
episode 692/1013  eps 0.010  train return  +20.67%  loss 9.06e-05  maxQ +0.0401  changes    68  5.1 min
episode 693/1013  eps 0.010  train return   -9.40%  loss 8.88e-05  maxQ +0.0405  changes   247  5.2 min
episode 694/1013  eps 0.010  train return  -15.45%  loss 8.76e-05  maxQ +0.0403  changes   179  5.2 min
episode 695/1013  eps 0.010  train return   -5.40%  loss 8.94e-05  maxQ +0.0393  changes   115  5.2 min
episode 696/1013  eps 0.010  train return   -5.02%  loss 9.02e-05  maxQ +0.0399  changes   120  5.2 min
episode 697/1013  eps 0.010  train return  +13.41%  loss 8.55e-05  maxQ +0.0394  changes   105  5.2 min
episode 698/1013  eps 0.010  train return   +8.86%  loss 8.49e-05  maxQ +0.0394  changes   149  5.2 min
episode 699/1013  eps 0.010  train return  +24.69%  loss 8.46e-05  maxQ +0.0389  changes   219  5.2 min
episode 700/1013  eps 0.010  train return  +73.39%  loss 8.92e-05  maxQ +0.0391  changes   232  5.2 min | val return -1.46% (best +22.34%)
episode 701/1013  eps 0.010  train return   -6.19%  loss 8.70e-05  maxQ +0.0392  changes   229  5.2 min
episode 702/1013  eps 0.010  train return  +12.87%  loss 9.15e-05  maxQ +0.0387  changes   154  5.2 min
episode 703/1013  eps 0.010  train return   +0.84%  loss 9.17e-05  maxQ +0.0387  changes   136  5.2 min
episode 704/1013  eps 0.010  train return   -3.54%  loss 8.44e-05  maxQ +0.0385  changes   155  5.2 min
episode 705/1013  eps 0.010  train return   -0.57%  loss 8.51e-05  maxQ +0.0380  changes   280  5.2 min
episode 706/1013  eps 0.010  train return  +21.60%  loss 8.63e-05  maxQ +0.0382  changes   100  5.3 min
episode 707/1013  eps 0.010  train return  -18.09%  loss 8.74e-05  maxQ +0.0384  changes   123  5.3 min
episode 708/1013  eps 0.010  train return   +4.65%  loss 8.81e-05  maxQ +0.0392  changes    53  5.3 min
episode 709/1013  eps 0.010  train return  -14.88%  loss 8.25e-05  maxQ +0.0391  changes   106  5.3 min
episode 710/1013  eps 0.010  train return   +7.81%  loss 8.30e-05  maxQ +0.0388  changes   166  5.3 min | val return +3.23% (best +22.34%)
episode 711/1013  eps 0.010  train return  +11.48%  loss 8.50e-05  maxQ +0.0382  changes   190  5.3 min
episode 712/1013  eps 0.010  train return  -21.60%  loss 8.77e-05  maxQ +0.0375  changes   145  5.3 min
episode 713/1013  eps 0.010  train return  +19.46%  loss 8.71e-05  maxQ +0.0378  changes    84  5.3 min
episode 714/1013  eps 0.010  train return   -1.99%  loss 8.47e-05  maxQ +0.0376  changes   184  5.3 min
episode 715/1013  eps 0.010  train return   +4.62%  loss 9.11e-05  maxQ +0.0371  changes   115  5.3 min
episode 716/1013  eps 0.010  train return   +1.14%  loss 8.92e-05  maxQ +0.0373  changes   161  5.3 min
episode 717/1013  eps 0.010  train return  +23.66%  loss 8.26e-05  maxQ +0.0380  changes   142  5.3 min
episode 718/1013  eps 0.010  train return   +3.55%  loss 8.81e-05  maxQ +0.0373  changes   253  5.3 min
episode 719/1013  eps 0.010  train return   +6.15%  loss 8.88e-05  maxQ +0.0374  changes   142  5.4 min
episode 720/1013  eps 0.010  train return  -10.87%  loss 7.78e-05  maxQ +0.0374  changes   224  5.4 min | val return +0.30% (best +22.34%)
episode 721/1013  eps 0.010  train return   -7.04%  loss 8.15e-05  maxQ +0.0372  changes   143  5.4 min
episode 722/1013  eps 0.010  train return  -17.55%  loss 8.12e-05  maxQ +0.0375  changes   123  5.4 min
episode 723/1013  eps 0.010  train return   +1.87%  loss 7.96e-05  maxQ +0.0374  changes    97  5.4 min
episode 724/1013  eps 0.010  train return   +0.07%  loss 8.20e-05  maxQ +0.0374  changes   124  5.4 min
episode 725/1013  eps 0.010  train return +111.18%  loss 7.19e-05  maxQ +0.0369  changes   164  5.4 min
episode 726/1013  eps 0.010  train return  -13.79%  loss 7.52e-05  maxQ +0.0369  changes   111  5.4 min
episode 727/1013  eps 0.010  train return  -19.96%  loss 7.61e-05  maxQ +0.0373  changes    95  5.4 min
episode 728/1013  eps 0.010  train return  +17.21%  loss 7.40e-05  maxQ +0.0366  changes   103  5.4 min
episode 729/1013  eps 0.010  train return  +11.08%  loss 6.64e-05  maxQ +0.0366  changes   123  5.4 min
episode 730/1013  eps 0.010  train return  +27.37%  loss 7.63e-05  maxQ +0.0358  changes   165  5.4 min | val return -10.02% (best +22.34%)
episode 731/1013  eps 0.010  train return   -2.31%  loss 7.45e-05  maxQ +0.0364  changes   123  5.4 min
episode 732/1013  eps 0.010  train return  -10.64%  loss 6.86e-05  maxQ +0.0360  changes   136  5.5 min
episode 733/1013  eps 0.010  train return   -8.25%  loss 6.57e-05  maxQ +0.0354  changes    74  5.5 min
episode 734/1013  eps 0.010  train return   +0.95%  loss 6.95e-05  maxQ +0.0359  changes   141  5.5 min
episode 735/1013  eps 0.010  train return   +2.21%  loss 7.06e-05  maxQ +0.0357  changes   153  5.5 min
episode 736/1013  eps 0.010  train return  +20.18%  loss 7.16e-05  maxQ +0.0353  changes   115  5.5 min
episode 737/1013  eps 0.010  train return   -7.76%  loss 7.12e-05  maxQ +0.0354  changes    99  5.5 min
episode 738/1013  eps 0.010  train return  -16.98%  loss 7.34e-05  maxQ +0.0357  changes    87  5.5 min
episode 739/1013  eps 0.010  train return  +19.40%  loss 7.60e-05  maxQ +0.0356  changes   177  5.5 min
episode 740/1013  eps 0.010  train return   +1.47%  loss 7.14e-05  maxQ +0.0350  changes    98  5.5 min | val return -4.81% (best +22.34%)
episode 741/1013  eps 0.010  train return  +21.40%  loss 7.80e-05  maxQ +0.0350  changes   113  5.5 min
episode 742/1013  eps 0.010  train return  -19.64%  loss 7.41e-05  maxQ +0.0351  changes    84  5.5 min
episode 743/1013  eps 0.010  train return  +20.29%  loss 7.45e-05  maxQ +0.0344  changes   139  5.5 min
episode 744/1013  eps 0.010  train return   -2.96%  loss 7.15e-05  maxQ +0.0355  changes    65  5.5 min
episode 745/1013  eps 0.010  train return   -2.10%  loss 6.96e-05  maxQ +0.0352  changes    61  5.5 min
episode 746/1013  eps 0.010  train return   -2.35%  loss 7.04e-05  maxQ +0.0345  changes   148  5.6 min
episode 747/1013  eps 0.010  train return  +14.08%  loss 7.54e-05  maxQ +0.0341  changes    93  5.6 min
episode 748/1013  eps 0.010  train return  -15.94%  loss 6.98e-05  maxQ +0.0342  changes    64  5.6 min
episode 749/1013  eps 0.010  train return  +16.70%  loss 7.13e-05  maxQ +0.0337  changes   118  5.6 min
episode 750/1013  eps 0.010  train return  +11.05%  loss 6.41e-05  maxQ +0.0341  changes    67  5.6 min | val return +3.55% (best +22.34%)
episode 751/1013  eps 0.010  train return   -0.96%  loss 6.58e-05  maxQ +0.0338  changes    85  5.6 min
episode 752/1013  eps 0.010  train return   -0.36%  loss 6.73e-05  maxQ +0.0340  changes    26  5.6 min
episode 753/1013  eps 0.010  train return  -42.69%  loss 6.63e-05  maxQ +0.0340  changes    37  5.6 min
episode 754/1013  eps 0.010  train return  +25.03%  loss 7.26e-05  maxQ +0.0334  changes    79  5.6 min
episode 755/1013  eps 0.010  train return   +4.54%  loss 7.43e-05  maxQ +0.0332  changes    72  5.6 min
episode 756/1013  eps 0.010  train return   +0.43%  loss 6.45e-05  maxQ +0.0343  changes    60  5.6 min
episode 757/1013  eps 0.010  train return  +67.81%  loss 6.43e-05  maxQ +0.0347  changes    98  5.6 min
episode 758/1013  eps 0.010  train return   +3.21%  loss 6.62e-05  maxQ +0.0339  changes    64  5.6 min
episode 759/1013  eps 0.010  train return  +26.76%  loss 6.62e-05  maxQ +0.0340  changes    72  5.6 min
episode 760/1013  eps 0.010  train return  +13.56%  loss 6.50e-05  maxQ +0.0340  changes    61  5.7 min | val return -8.45% (best +22.34%)
episode 761/1013  eps 0.010  train return  +60.96%  loss 6.62e-05  maxQ +0.0356  changes   128  5.7 min
episode 762/1013  eps 0.010  train return  -15.75%  loss 6.66e-05  maxQ +0.0353  changes    98  5.7 min
episode 763/1013  eps 0.010  train return   +0.51%  loss 7.01e-05  maxQ +0.0347  changes    69  5.7 min
episode 764/1013  eps 0.010  train return   +7.95%  loss 6.27e-05  maxQ +0.0358  changes    85  5.7 min
episode 765/1013  eps 0.010  train return  +21.70%  loss 6.13e-05  maxQ +0.0359  changes    92  5.7 min
episode 766/1013  eps 0.010  train return  -12.80%  loss 6.64e-05  maxQ +0.0363  changes   183  5.7 min
episode 767/1013  eps 0.010  train return  -27.70%  loss 6.76e-05  maxQ +0.0362  changes   130  5.7 min
episode 768/1013  eps 0.010  train return   +1.15%  loss 6.74e-05  maxQ +0.0362  changes   163  5.7 min
episode 769/1013  eps 0.010  train return   +3.71%  loss 6.67e-05  maxQ +0.0351  changes   265  5.7 min
episode 770/1013  eps 0.010  train return  +18.11%  loss 6.11e-05  maxQ +0.0354  changes   233  5.7 min | val return -16.95% (best +22.34%)
episode 771/1013  eps 0.010  train return  +20.22%  loss 6.01e-05  maxQ +0.0358  changes   170  5.7 min
episode 772/1013  eps 0.010  train return  -21.67%  loss 5.99e-05  maxQ +0.0354  changes   132  5.7 min
episode 773/1013  eps 0.010  train return   +0.86%  loss 6.12e-05  maxQ +0.0358  changes    85  5.7 min
episode 774/1013  eps 0.010  train return   -4.95%  loss 6.34e-05  maxQ +0.0359  changes    94  5.8 min
episode 775/1013  eps 0.010  train return  +29.14%  loss 6.44e-05  maxQ +0.0356  changes    60  5.8 min
episode 776/1013  eps 0.010  train return  +36.54%  loss 6.29e-05  maxQ +0.0356  changes   134  5.8 min
episode 777/1013  eps 0.010  train return   +2.62%  loss 5.90e-05  maxQ +0.0367  changes   114  5.8 min
episode 778/1013  eps 0.010  train return   +5.44%  loss 5.79e-05  maxQ +0.0365  changes    85  5.8 min
episode 779/1013  eps 0.010  train return   +4.35%  loss 6.02e-05  maxQ +0.0360  changes   153  5.8 min
episode 780/1013  eps 0.010  train return  -11.67%  loss 6.27e-05  maxQ +0.0359  changes   125  5.8 min | val return +3.28% (best +22.34%)
episode 781/1013  eps 0.010  train return   -2.11%  loss 6.02e-05  maxQ +0.0358  changes   141  5.8 min
episode 782/1013  eps 0.010  train return  +19.78%  loss 5.96e-05  maxQ +0.0353  changes   210  5.8 min
episode 783/1013  eps 0.010  train return  -10.34%  loss 6.03e-05  maxQ +0.0358  changes   194  5.8 min
episode 784/1013  eps 0.010  train return   -2.33%  loss 6.15e-05  maxQ +0.0356  changes   273  5.8 min
episode 785/1013  eps 0.010  train return  -17.85%  loss 6.07e-05  maxQ +0.0373  changes   309  5.8 min
episode 786/1013  eps 0.010  train return   +2.50%  loss 6.44e-05  maxQ +0.0369  changes   187  5.8 min
episode 787/1013  eps 0.010  train return  -15.62%  loss 6.18e-05  maxQ +0.0375  changes   129  5.8 min
episode 788/1013  eps 0.010  train return   +8.21%  loss 6.41e-05  maxQ +0.0380  changes   147  5.9 min
episode 789/1013  eps 0.010  train return  -28.30%  loss 6.50e-05  maxQ +0.0390  changes   258  5.9 min
episode 790/1013  eps 0.010  train return   +4.43%  loss 7.06e-05  maxQ +0.0389  changes   200  5.9 min | val return -3.33% (best +22.34%)
episode 791/1013  eps 0.010  train return  -12.46%  loss 6.87e-05  maxQ +0.0385  changes    82  5.9 min
episode 792/1013  eps 0.010  train return   -5.36%  loss 6.86e-05  maxQ +0.0387  changes   113  5.9 min
episode 793/1013  eps 0.010  train return  -20.15%  loss 6.72e-05  maxQ +0.0383  changes   130  5.9 min
episode 794/1013  eps 0.010  train return  +42.98%  loss 6.87e-05  maxQ +0.0380  changes   182  5.9 min
episode 795/1013  eps 0.010  train return   +6.37%  loss 6.84e-05  maxQ +0.0381  changes   160  5.9 min
episode 796/1013  eps 0.010  train return  -19.16%  loss 6.74e-05  maxQ +0.0373  changes   151  5.9 min
episode 797/1013  eps 0.010  train return   -2.02%  loss 7.03e-05  maxQ +0.0369  changes    71  5.9 min
episode 798/1013  eps 0.010  train return   +9.04%  loss 6.77e-05  maxQ +0.0372  changes   105  5.9 min
episode 799/1013  eps 0.010  train return  -17.53%  loss 6.53e-05  maxQ +0.0374  changes   133  5.9 min
episode 800/1013  eps 0.010  train return   +4.44%  loss 6.44e-05  maxQ +0.0374  changes   173  5.9 min | val return -14.17% (best +22.34%)
episode 801/1013  eps 0.010  train return   -7.59%  loss 6.97e-05  maxQ +0.0383  changes   192  6.0 min
episode 802/1013  eps 0.010  train return   -4.57%  loss 6.69e-05  maxQ +0.0393  changes   145  6.0 min
episode 803/1013  eps 0.010  train return   -9.82%  loss 6.92e-05  maxQ +0.0384  changes   196  6.0 min
episode 804/1013  eps 0.010  train return  +28.26%  loss 6.22e-05  maxQ +0.0392  changes   174  6.0 min
episode 805/1013  eps 0.010  train return  -21.54%  loss 6.59e-05  maxQ +0.0397  changes   223  6.0 min
episode 806/1013  eps 0.010  train return  -26.19%  loss 6.76e-05  maxQ +0.0402  changes   260  6.0 min
episode 807/1013  eps 0.010  train return  -11.88%  loss 6.48e-05  maxQ +0.0403  changes   178  6.0 min
episode 808/1013  eps 0.010  train return  +27.35%  loss 6.66e-05  maxQ +0.0402  changes   150  6.0 min
episode 809/1013  eps 0.010  train return   +5.87%  loss 6.59e-05  maxQ +0.0401  changes   160  6.0 min
episode 810/1013  eps 0.010  train return   +5.04%  loss 6.33e-05  maxQ +0.0393  changes   180  6.0 min | val return -12.32% (best +22.34%)
episode 811/1013  eps 0.010  train return  -27.89%  loss 6.71e-05  maxQ +0.0388  changes    93  6.0 min
episode 812/1013  eps 0.010  train return  -29.11%  loss 6.65e-05  maxQ +0.0396  changes   131  6.0 min
episode 813/1013  eps 0.010  train return  -18.89%  loss 6.71e-05  maxQ +0.0390  changes    86  6.0 min
episode 814/1013  eps 0.010  train return  -20.10%  loss 6.25e-05  maxQ +0.0388  changes   110  6.1 min
episode 815/1013  eps 0.010  train return  +17.63%  loss 6.92e-05  maxQ +0.0389  changes   170  6.1 min
episode 816/1013  eps 0.010  train return   -4.43%  loss 6.39e-05  maxQ +0.0381  changes   114  6.1 min
episode 817/1013  eps 0.010  train return  +14.91%  loss 6.25e-05  maxQ +0.0384  changes   164  6.1 min
episode 818/1013  eps 0.010  train return   -3.31%  loss 6.93e-05  maxQ +0.0389  changes   165  6.1 min
episode 819/1013  eps 0.010  train return  -28.21%  loss 6.95e-05  maxQ +0.0387  changes   152  6.1 min
episode 820/1013  eps 0.010  train return  -33.27%  loss 7.19e-05  maxQ +0.0379  changes   164  6.1 min | val return +4.32% (best +22.34%)
episode 821/1013  eps 0.010  train return   +6.57%  loss 6.98e-05  maxQ +0.0375  changes   191  6.1 min
episode 822/1013  eps 0.010  train return   -5.91%  loss 6.67e-05  maxQ +0.0374  changes   174  6.1 min
episode 823/1013  eps 0.010  train return   -4.53%  loss 6.43e-05  maxQ +0.0371  changes   202  6.1 min
episode 824/1013  eps 0.010  train return  -36.73%  loss 7.16e-05  maxQ +0.0370  changes   124  6.1 min
episode 825/1013  eps 0.010  train return  +30.86%  loss 6.52e-05  maxQ +0.0366  changes   150  6.1 min
episode 826/1013  eps 0.010  train return   -6.06%  loss 7.04e-05  maxQ +0.0369  changes   129  6.1 min
episode 827/1013  eps 0.010  train return   +5.77%  loss 6.75e-05  maxQ +0.0371  changes   157  6.2 min
episode 828/1013  eps 0.010  train return  -18.71%  loss 6.83e-05  maxQ +0.0373  changes   160  6.2 min
episode 829/1013  eps 0.010  train return  +13.78%  loss 7.00e-05  maxQ +0.0368  changes   175  6.2 min
episode 830/1013  eps 0.010  train return   +4.01%  loss 6.97e-05  maxQ +0.0368  changes   133  6.2 min | val return -3.54% (best +22.34%)
episode 831/1013  eps 0.010  train return   +3.64%  loss 6.71e-05  maxQ +0.0376  changes   146  6.2 min
episode 832/1013  eps 0.010  train return   +7.25%  loss 6.38e-05  maxQ +0.0379  changes   127  6.2 min
episode 833/1013  eps 0.010  train return   -1.95%  loss 6.47e-05  maxQ +0.0376  changes   155  6.2 min
episode 834/1013  eps 0.010  train return   +1.15%  loss 6.58e-05  maxQ +0.0370  changes   110  6.2 min
episode 835/1013  eps 0.010  train return  -12.04%  loss 6.54e-05  maxQ +0.0374  changes    97  6.2 min
episode 836/1013  eps 0.010  train return  -11.99%  loss 6.20e-05  maxQ +0.0369  changes    81  6.2 min
episode 837/1013  eps 0.010  train return  +22.17%  loss 6.42e-05  maxQ +0.0378  changes   122  6.2 min
episode 838/1013  eps 0.010  train return  +15.54%  loss 6.70e-05  maxQ +0.0376  changes   130  6.2 min
episode 839/1013  eps 0.010  train return  +34.45%  loss 6.43e-05  maxQ +0.0372  changes   120  6.3 min
episode 840/1013  eps 0.010  train return  +19.63%  loss 6.06e-05  maxQ +0.0376  changes   106  6.3 min | val return -4.19% (best +22.34%)
episode 841/1013  eps 0.010  train return  +11.13%  loss 6.36e-05  maxQ +0.0369  changes    88  6.3 min
episode 842/1013  eps 0.010  train return  -24.69%  loss 6.58e-05  maxQ +0.0366  changes   129  6.3 min
episode 843/1013  eps 0.010  train return  +95.65%  loss 6.52e-05  maxQ +0.0372  changes   216  6.3 min
episode 844/1013  eps 0.010  train return  -19.80%  loss 7.30e-05  maxQ +0.0360  changes   132  6.3 min
episode 845/1013  eps 0.010  train return   -2.88%  loss 7.85e-05  maxQ +0.0362  changes   105  6.3 min
episode 846/1013  eps 0.010  train return  -11.32%  loss 7.67e-05  maxQ +0.0360  changes   121  6.3 min
episode 847/1013  eps 0.010  train return   +4.89%  loss 7.56e-05  maxQ +0.0362  changes   122  6.3 min
episode 848/1013  eps 0.010  train return  -44.87%  loss 7.33e-05  maxQ +0.0361  changes   114  6.3 min
episode 849/1013  eps 0.010  train return  +20.70%  loss 7.55e-05  maxQ +0.0362  changes   133  6.3 min
episode 850/1013  eps 0.010  train return  +36.05%  loss 7.19e-05  maxQ +0.0363  changes   149  6.3 min | val return +1.88% (best +22.34%)
episode 851/1013  eps 0.010  train return  -13.71%  loss 7.50e-05  maxQ +0.0360  changes   128  6.3 min
episode 852/1013  eps 0.010  train return  +37.86%  loss 7.34e-05  maxQ +0.0361  changes   142  6.4 min
episode 853/1013  eps 0.010  train return   +3.28%  loss 7.61e-05  maxQ +0.0366  changes   129  6.4 min
episode 854/1013  eps 0.010  train return   +9.73%  loss 7.77e-05  maxQ +0.0370  changes    98  6.4 min
episode 855/1013  eps 0.010  train return   +3.03%  loss 7.67e-05  maxQ +0.0372  changes   131  6.4 min
episode 856/1013  eps 0.010  train return  -20.09%  loss 7.56e-05  maxQ +0.0376  changes   127  6.4 min
episode 857/1013  eps 0.010  train return  +14.39%  loss 7.42e-05  maxQ +0.0371  changes   178  6.4 min
episode 858/1013  eps 0.010  train return   -1.99%  loss 7.33e-05  maxQ +0.0361  changes   189  6.4 min
episode 859/1013  eps 0.010  train return   -1.13%  loss 7.33e-05  maxQ +0.0360  changes   185  6.4 min
episode 860/1013  eps 0.010  train return  +11.30%  loss 7.49e-05  maxQ +0.0362  changes   143  6.4 min | val return -9.90% (best +22.34%)
episode 861/1013  eps 0.010  train return  -17.44%  loss 7.22e-05  maxQ +0.0356  changes   200  6.4 min
episode 862/1013  eps 0.010  train return   -9.16%  loss 7.52e-05  maxQ +0.0351  changes   274  6.4 min
episode 863/1013  eps 0.010  train return   -3.40%  loss 7.31e-05  maxQ +0.0351  changes   178  6.4 min
episode 864/1013  eps 0.010  train return  -20.78%  loss 7.97e-05  maxQ +0.0352  changes   107  6.4 min
episode 865/1013  eps 0.010  train return   +5.13%  loss 7.03e-05  maxQ +0.0357  changes    78  6.5 min
episode 866/1013  eps 0.010  train return  +12.43%  loss 7.46e-05  maxQ +0.0357  changes   116  6.5 min
episode 867/1013  eps 0.010  train return  -13.65%  loss 7.31e-05  maxQ +0.0354  changes   150  6.5 min
episode 868/1013  eps 0.010  train return  -10.37%  loss 7.08e-05  maxQ +0.0351  changes   143  6.5 min
episode 869/1013  eps 0.010  train return  +25.84%  loss 7.09e-05  maxQ +0.0347  changes   113  6.5 min
episode 870/1013  eps 0.010  train return   -0.72%  loss 6.86e-05  maxQ +0.0339  changes   107  6.5 min | val return -2.78% (best +22.34%)
episode 871/1013  eps 0.010  train return  +25.79%  loss 6.77e-05  maxQ +0.0336  changes   183  6.5 min
episode 872/1013  eps 0.010  train return   +3.07%  loss 6.46e-05  maxQ +0.0343  changes   123  6.5 min
episode 873/1013  eps 0.010  train return +127.69%  loss 6.83e-05  maxQ +0.0346  changes   197  6.5 min
episode 874/1013  eps 0.010  train return  +11.93%  loss 7.09e-05  maxQ +0.0344  changes   143  6.5 min
episode 875/1013  eps 0.010  train return   -3.89%  loss 6.71e-05  maxQ +0.0349  changes   195  6.5 min
episode 876/1013  eps 0.010  train return   +1.82%  loss 6.79e-05  maxQ +0.0361  changes   115  6.5 min
episode 877/1013  eps 0.010  train return  +15.53%  loss 6.91e-05  maxQ +0.0357  changes    86  6.5 min
episode 878/1013  eps 0.010  train return   -3.40%  loss 6.52e-05  maxQ +0.0362  changes   121  6.5 min
episode 879/1013  eps 0.010  train return   -4.03%  loss 6.55e-05  maxQ +0.0367  changes   151  6.6 min
episode 880/1013  eps 0.010  train return   +0.41%  loss 6.56e-05  maxQ +0.0371  changes   106  6.6 min | val return -5.26% (best +22.34%)
episode 881/1013  eps 0.010  train return   -9.76%  loss 6.83e-05  maxQ +0.0381  changes    94  6.6 min
episode 882/1013  eps 0.010  train return  +30.84%  loss 6.63e-05  maxQ +0.0377  changes    91  6.6 min
episode 883/1013  eps 0.010  train return  +29.97%  loss 6.97e-05  maxQ +0.0382  changes    92  6.6 min
episode 884/1013  eps 0.010  train return  -18.06%  loss 6.91e-05  maxQ +0.0379  changes    96  6.6 min
episode 885/1013  eps 0.010  train return  +11.26%  loss 6.62e-05  maxQ +0.0372  changes    95  6.6 min
episode 886/1013  eps 0.010  train return   -1.01%  loss 7.07e-05  maxQ +0.0377  changes    74  6.6 min
episode 887/1013  eps 0.010  train return  +76.53%  loss 6.78e-05  maxQ +0.0375  changes    86  6.6 min
episode 888/1013  eps 0.010  train return  +15.85%  loss 6.21e-05  maxQ +0.0378  changes    74  6.6 min
episode 889/1013  eps 0.010  train return   -8.02%  loss 6.23e-05  maxQ +0.0382  changes    67  6.6 min
episode 890/1013  eps 0.010  train return   -3.53%  loss 6.02e-05  maxQ +0.0401  changes   159  6.6 min | val return +16.30% (best +22.34%)
episode 891/1013  eps 0.010  train return  +28.60%  loss 6.33e-05  maxQ +0.0405  changes   158  6.6 min
episode 892/1013  eps 0.010  train return  -31.15%  loss 6.44e-05  maxQ +0.0408  changes    66  6.7 min
episode 893/1013  eps 0.010  train return   +3.62%  loss 6.68e-05  maxQ +0.0411  changes   133  6.7 min
episode 894/1013  eps 0.010  train return   -1.97%  loss 6.76e-05  maxQ +0.0414  changes   100  6.7 min
episode 895/1013  eps 0.010  train return   +6.75%  loss 6.55e-05  maxQ +0.0411  changes   128  6.7 min
episode 896/1013  eps 0.010  train return  +16.82%  loss 6.52e-05  maxQ +0.0409  changes   101  6.7 min
episode 897/1013  eps 0.010  train return   -3.84%  loss 6.53e-05  maxQ +0.0409  changes   118  6.7 min
episode 898/1013  eps 0.010  train return   -8.11%  loss 6.36e-05  maxQ +0.0406  changes   137  6.7 min
episode 899/1013  eps 0.010  train return  +17.15%  loss 6.69e-05  maxQ +0.0405  changes   141  6.7 min
episode 900/1013  eps 0.010  train return   +4.31%  loss 6.64e-05  maxQ +0.0402  changes   100  6.7 min | val return +1.30% (best +22.34%)
episode 901/1013  eps 0.010  train return  +39.59%  loss 6.64e-05  maxQ +0.0398  changes    99  6.7 min
episode 902/1013  eps 0.010  train return  +17.66%  loss 6.91e-05  maxQ +0.0397  changes   121  6.7 min
episode 903/1013  eps 0.010  train return  +11.55%  loss 6.65e-05  maxQ +0.0392  changes   118  6.7 min
episode 904/1013  eps 0.010  train return   +8.27%  loss 6.65e-05  maxQ +0.0395  changes    95  6.7 min
episode 905/1013  eps 0.010  train return  +16.58%  loss 6.60e-05  maxQ +0.0392  changes   154  6.7 min
episode 906/1013  eps 0.010  train return  +14.40%  loss 6.59e-05  maxQ +0.0393  changes   118  6.8 min
episode 907/1013  eps 0.010  train return  +13.80%  loss 6.84e-05  maxQ +0.0391  changes   131  6.8 min
episode 908/1013  eps 0.010  train return  -27.99%  loss 6.90e-05  maxQ +0.0391  changes   141  6.8 min
episode 909/1013  eps 0.010  train return  -23.51%  loss 6.83e-05  maxQ +0.0392  changes    82  6.8 min
episode 910/1013  eps 0.010  train return  -13.26%  loss 7.23e-05  maxQ +0.0392  changes   113  6.8 min | val return -5.17% (best +22.34%)
episode 911/1013  eps 0.010  train return  -15.66%  loss 6.60e-05  maxQ +0.0387  changes   158  6.8 min
episode 912/1013  eps 0.010  train return  +22.59%  loss 6.33e-05  maxQ +0.0383  changes   147  6.8 min
episode 913/1013  eps 0.010  train return  +38.61%  loss 5.90e-05  maxQ +0.0388  changes   183  6.8 min
episode 914/1013  eps 0.010  train return  +15.11%  loss 5.72e-05  maxQ +0.0388  changes   148  6.8 min
episode 915/1013  eps 0.010  train return   +4.15%  loss 5.55e-05  maxQ +0.0385  changes   158  6.8 min
episode 916/1013  eps 0.010  train return  +11.03%  loss 5.70e-05  maxQ +0.0390  changes   154  6.8 min
episode 917/1013  eps 0.010  train return   -2.93%  loss 5.51e-05  maxQ +0.0389  changes   112  6.8 min
episode 918/1013  eps 0.010  train return   +0.64%  loss 5.72e-05  maxQ +0.0383  changes   125  6.8 min
episode 919/1013  eps 0.010  train return  -11.74%  loss 5.66e-05  maxQ +0.0385  changes   120  6.8 min
episode 920/1013  eps 0.010  train return  +16.48%  loss 6.00e-05  maxQ +0.0384  changes   117  6.8 min | val return +0.96% (best +22.34%)
episode 921/1013  eps 0.010  train return  +13.56%  loss 6.02e-05  maxQ +0.0379  changes    94  6.9 min
episode 922/1013  eps 0.010  train return   -8.92%  loss 5.86e-05  maxQ +0.0380  changes   102  6.9 min
episode 923/1013  eps 0.010  train return  -11.70%  loss 5.40e-05  maxQ +0.0381  changes   145  6.9 min
episode 924/1013  eps 0.010  train return  -17.14%  loss 5.29e-05  maxQ +0.0379  changes   123  6.9 min
episode 925/1013  eps 0.010  train return  -21.14%  loss 5.49e-05  maxQ +0.0379  changes    86  6.9 min
episode 926/1013  eps 0.010  train return   -9.80%  loss 5.48e-05  maxQ +0.0377  changes    93  6.9 min
episode 927/1013  eps 0.010  train return  -18.60%  loss 5.64e-05  maxQ +0.0376  changes   119  6.9 min
episode 928/1013  eps 0.010  train return  -20.89%  loss 5.72e-05  maxQ +0.0379  changes   128  6.9 min
episode 929/1013  eps 0.010  train return   -2.96%  loss 5.44e-05  maxQ +0.0380  changes   113  6.9 min
episode 930/1013  eps 0.010  train return  +17.45%  loss 5.40e-05  maxQ +0.0383  changes    95  6.9 min | val return -4.67% (best +22.34%)
episode 931/1013  eps 0.010  train return  -18.92%  loss 5.43e-05  maxQ +0.0384  changes    93  6.9 min
episode 932/1013  eps 0.010  train return  -15.37%  loss 5.56e-05  maxQ +0.0381  changes    97  6.9 min
episode 933/1013  eps 0.010  train return   +5.13%  loss 5.37e-05  maxQ +0.0377  changes    73  6.9 min
episode 934/1013  eps 0.010  train return   -8.59%  loss 5.43e-05  maxQ +0.0371  changes   129  6.9 min
episode 935/1013  eps 0.010  train return   +0.70%  loss 5.39e-05  maxQ +0.0385  changes   110  7.0 min
episode 936/1013  eps 0.010  train return   -4.98%  loss 5.60e-05  maxQ +0.0381  changes    82  7.0 min
episode 937/1013  eps 0.010  train return  -29.71%  loss 5.48e-05  maxQ +0.0384  changes    51  7.0 min
episode 938/1013  eps 0.010  train return  +21.53%  loss 5.72e-05  maxQ +0.0395  changes   228  7.0 min
episode 939/1013  eps 0.010  train return  -16.55%  loss 5.76e-05  maxQ +0.0389  changes   302  7.0 min
episode 940/1013  eps 0.010  train return   +5.51%  loss 5.68e-05  maxQ +0.0389  changes   120  7.0 min | val return +1.02% (best +22.34%)
episode 941/1013  eps 0.010  train return  +53.82%  loss 5.76e-05  maxQ +0.0388  changes   208  7.0 min
episode 942/1013  eps 0.010  train return  -20.26%  loss 6.15e-05  maxQ +0.0384  changes    87  7.0 min
episode 943/1013  eps 0.010  train return  +17.05%  loss 5.50e-05  maxQ +0.0381  changes   124  7.0 min
episode 944/1013  eps 0.010  train return   +9.88%  loss 5.70e-05  maxQ +0.0380  changes   110  7.0 min
episode 945/1013  eps 0.010  train return   +7.71%  loss 5.70e-05  maxQ +0.0382  changes   136  7.0 min
episode 946/1013  eps 0.010  train return   -8.33%  loss 5.99e-05  maxQ +0.0377  changes    94  7.0 min
episode 947/1013  eps 0.010  train return  -18.95%  loss 5.95e-05  maxQ +0.0384  changes    94  7.0 min
episode 948/1013  eps 0.010  train return   -0.72%  loss 5.76e-05  maxQ +0.0382  changes   154  7.0 min
episode 949/1013  eps 0.010  train return  +13.94%  loss 5.84e-05  maxQ +0.0387  changes   102  7.0 min
episode 950/1013  eps 0.010  train return   +0.51%  loss 6.04e-05  maxQ +0.0381  changes    89  7.1 min | val return +0.38% (best +22.34%)
episode 951/1013  eps 0.010  train return  +43.22%  loss 5.66e-05  maxQ +0.0375  changes   126  7.1 min
episode 952/1013  eps 0.010  train return   +6.50%  loss 5.96e-05  maxQ +0.0375  changes   113  7.1 min
episode 953/1013  eps 0.010  train return  +29.00%  loss 5.88e-05  maxQ +0.0371  changes   161  7.1 min
episode 954/1013  eps 0.010  train return   +1.60%  loss 5.90e-05  maxQ +0.0370  changes   143  7.1 min
episode 955/1013  eps 0.010  train return   -9.27%  loss 5.51e-05  maxQ +0.0373  changes   223  7.1 min
episode 956/1013  eps 0.010  train return   +9.67%  loss 5.65e-05  maxQ +0.0368  changes   108  7.1 min
episode 957/1013  eps 0.010  train return  -10.99%  loss 5.71e-05  maxQ +0.0368  changes    93  7.1 min
episode 958/1013  eps 0.010  train return   +5.75%  loss 5.60e-05  maxQ +0.0366  changes   106  7.1 min
episode 959/1013  eps 0.010  train return  -20.09%  loss 5.60e-05  maxQ +0.0361  changes    90  7.1 min
episode 960/1013  eps 0.010  train return  +26.81%  loss 5.37e-05  maxQ +0.0368  changes    85  7.1 min | val return -8.30% (best +22.34%)
episode 961/1013  eps 0.010  train return  +38.25%  loss 5.70e-05  maxQ +0.0369  changes    73  7.1 min
episode 962/1013  eps 0.010  train return  +35.64%  loss 5.74e-05  maxQ +0.0372  changes   144  7.1 min
episode 963/1013  eps 0.010  train return  -26.63%  loss 5.71e-05  maxQ +0.0375  changes    87  7.1 min
episode 964/1013  eps 0.010  train return  -20.79%  loss 5.77e-05  maxQ +0.0372  changes   102  7.2 min
episode 965/1013  eps 0.010  train return   +4.03%  loss 5.25e-05  maxQ +0.0372  changes   121  7.2 min
episode 966/1013  eps 0.010  train return   -3.38%  loss 5.74e-05  maxQ +0.0367  changes    71  7.2 min
episode 967/1013  eps 0.010  train return   +4.08%  loss 5.63e-05  maxQ +0.0369  changes    80  7.2 min
episode 968/1013  eps 0.010  train return   +8.99%  loss 5.59e-05  maxQ +0.0374  changes    82  7.2 min
episode 969/1013  eps 0.010  train return   -0.44%  loss 5.68e-05  maxQ +0.0377  changes   109  7.2 min
episode 970/1013  eps 0.010  train return  -30.59%  loss 5.99e-05  maxQ +0.0370  changes   152  7.2 min | val return -8.81% (best +22.34%)
episode 971/1013  eps 0.010  train return  -16.26%  loss 6.08e-05  maxQ +0.0378  changes    90  7.2 min
episode 972/1013  eps 0.010  train return   -1.86%  loss 6.30e-05  maxQ +0.0381  changes   126  7.2 min
episode 973/1013  eps 0.010  train return  +20.37%  loss 5.98e-05  maxQ +0.0384  changes    89  7.2 min
episode 974/1013  eps 0.010  train return  +45.80%  loss 5.61e-05  maxQ +0.0380  changes   149  7.2 min
episode 975/1013  eps 0.010  train return  -13.37%  loss 5.98e-05  maxQ +0.0377  changes   125  7.2 min
episode 976/1013  eps 0.010  train return   +2.69%  loss 5.74e-05  maxQ +0.0379  changes   179  7.2 min
episode 977/1013  eps 0.010  train return  -32.49%  loss 5.86e-05  maxQ +0.0383  changes   145  7.2 min
episode 978/1013  eps 0.010  train return  +52.01%  loss 5.98e-05  maxQ +0.0381  changes   137  7.2 min
episode 979/1013  eps 0.010  train return  +24.95%  loss 5.79e-05  maxQ +0.0376  changes   131  7.3 min
episode 980/1013  eps 0.010  train return   +9.78%  loss 5.93e-05  maxQ +0.0375  changes   113  7.3 min | val return -8.40% (best +22.34%)
episode 981/1013  eps 0.010  train return  -19.68%  loss 5.57e-05  maxQ +0.0377  changes   140  7.3 min
episode 982/1013  eps 0.010  train return   +2.46%  loss 5.89e-05  maxQ +0.0374  changes   122  7.3 min
episode 983/1013  eps 0.010  train return  +10.24%  loss 5.79e-05  maxQ +0.0369  changes    96  7.3 min
episode 984/1013  eps 0.010  train return   +2.24%  loss 5.97e-05  maxQ +0.0366  changes   142  7.3 min
episode 985/1013  eps 0.010  train return +163.54%  loss 5.64e-05  maxQ +0.0370  changes   169  7.3 min
episode 986/1013  eps 0.010  train return  +68.02%  loss 5.74e-05  maxQ +0.0366  changes   136  7.3 min
episode 987/1013  eps 0.010  train return  +14.73%  loss 6.17e-05  maxQ +0.0368  changes   212  7.3 min
episode 988/1013  eps 0.010  train return   -2.42%  loss 6.04e-05  maxQ +0.0367  changes    95  7.3 min
episode 989/1013  eps 0.010  train return   +5.95%  loss 5.51e-05  maxQ +0.0371  changes   110  7.3 min
episode 990/1013  eps 0.010  train return  -17.53%  loss 6.07e-05  maxQ +0.0367  changes   112  7.3 min | val return -13.10% (best +22.34%)
episode 991/1013  eps 0.010  train return  -32.96%  loss 6.02e-05  maxQ +0.0364  changes   120  7.3 min
episode 992/1013  eps 0.010  train return  +16.19%  loss 5.83e-05  maxQ +0.0360  changes   121  7.3 min
episode 993/1013  eps 0.010  train return  +17.02%  loss 6.47e-05  maxQ +0.0364  changes    81  7.3 min
episode 994/1013  eps 0.010  train return  +44.40%  loss 5.77e-05  maxQ +0.0363  changes   133  7.4 min
episode 995/1013  eps 0.010  train return   +9.02%  loss 5.60e-05  maxQ +0.0359  changes   120  7.4 min
episode 996/1013  eps 0.010  train return   -3.67%  loss 5.84e-05  maxQ +0.0366  changes    94  7.4 min
episode 997/1013  eps 0.010  train return   -8.27%  loss 5.76e-05  maxQ +0.0362  changes   106  7.4 min
episode 998/1013  eps 0.010  train return  +14.18%  loss 6.01e-05  maxQ +0.0360  changes   101  7.4 min
episode 999/1013  eps 0.010  train return   +2.25%  loss 6.01e-05  maxQ +0.0355  changes   120  7.4 min
episode 1000/1013  eps 0.010  train return  -27.85%  loss 5.80e-05  maxQ +0.0363  changes   122  7.4 min | val return -8.51% (best +22.34%)
episode 1001/1013  eps 0.010  train return  +13.86%  loss 5.73e-05  maxQ +0.0360  changes   182  7.4 min
episode 1002/1013  eps 0.010  train return  +39.91%  loss 6.44e-05  maxQ +0.0358  changes   158  7.4 min
episode 1003/1013  eps 0.010  train return  +30.29%  loss 5.86e-05  maxQ +0.0361  changes   151  7.4 min
episode 1004/1013  eps 0.010  train return   +6.45%  loss 6.26e-05  maxQ +0.0358  changes   184  7.4 min
episode 1005/1013  eps 0.010  train return  +18.17%  loss 6.23e-05  maxQ +0.0365  changes   163  7.4 min
episode 1006/1013  eps 0.010  train return   +1.51%  loss 6.13e-05  maxQ +0.0367  changes   122  7.4 min
episode 1007/1013  eps 0.010  train return  +22.91%  loss 6.35e-05  maxQ +0.0369  changes   152  7.4 min
episode 1008/1013  eps 0.010  train return  -29.31%  loss 6.13e-05  maxQ +0.0368  changes   212  7.4 min
episode 1009/1013  eps 0.010  train return   -3.91%  loss 6.85e-05  maxQ +0.0366  changes   140  7.4 min
episode 1010/1013  eps 0.010  train return  +19.76%  loss 6.76e-05  maxQ +0.0372  changes   161  7.5 min | val return -7.50% (best +22.34%)
episode 1011/1013  eps 0.010  train return   -0.89%  loss 6.58e-05  maxQ +0.0379  changes    92  7.5 min
episode 1012/1013  eps 0.010  train return   -2.70%  loss 6.22e-05  maxQ +0.0393  changes    88  7.5 min
episode 1013/1013  eps 0.010  train return   -7.37%  loss 6.08e-05  maxQ +0.0392  changes   146  7.5 min | val return +5.49% (best +22.34%)
model    env  portfolio_return  excess_return  n_changes
 last    val          0.055133       0.097751       92.9
 last val_w1          0.135858       0.162774       48.9
 last val_w2         -0.072954      -0.057520       44.9
 best    val          0.222680       0.265298      138.4
 best val_w1          0.089628       0.116543       63.4
 best val_w2          0.089538       0.104972       78.0
