Downloaded data: 9,672 candles, 2025-08-10 00:00:00+00:00 to 2026-09-16 23:00:00+00:00; no missing hours
dev_train: 7,296 candles, 2025-08-17 00:00:00+00:00 to 2026-06-16 23:00:00+00:00; no missing hours
val: 1,464 candles, 2026-06-17 00:00:00+00:00 to 2026-08-16 23:00:00+00:00; no missing hours
eval: 744 candles, 2026-08-17 00:00:00+00:00 to 2026-09-16 23:00:00+00:00; no missing hours
episode   1/1013  eps 1.000  train return  +13.78%  loss 2.74e-03  maxQ +0.1517  changes   566  0.0 min
episode   2/1013  eps 0.991  train return   -6.03%  loss 1.33e-03  maxQ +0.1913  changes   581  0.0 min
episode   3/1013  eps 0.982  train return  -17.25%  loss 6.49e-04  maxQ +0.1937  changes   558  0.0 min
episode   4/1013  eps 0.973  train return  -18.56%  loss 5.44e-04  maxQ +0.1918  changes   559  0.0 min
episode   5/1013  eps 0.964  train return   -8.38%  loss 5.67e-04  maxQ +0.1891  changes   550  0.1 min
episode   6/1013  eps 0.955  train return  -11.21%  loss 4.44e-04  maxQ +0.1739  changes   567  0.1 min
episode   7/1013  eps 0.947  train return   -6.25%  loss 4.50e-04  maxQ +0.1726  changes   550  0.1 min
episode   8/1013  eps 0.938  train return   -1.31%  loss 4.71e-04  maxQ +0.1621  changes   580  0.1 min
episode   9/1013  eps 0.929  train return  +36.47%  loss 5.08e-04  maxQ +0.1589  changes   574  0.1 min
episode  10/1013  eps 0.921  train return   -0.15%  loss 5.06e-04  maxQ +0.1564  changes   596  0.1 min | val return -26.92% (best -26.92%)
episode  11/1013  eps 0.913  train return  -17.98%  loss 4.16e-04  maxQ +0.1482  changes   579  0.1 min
episode  12/1013  eps 0.904  train return   +1.56%  loss 3.49e-04  maxQ +0.1417  changes   580  0.2 min
episode  13/1013  eps 0.896  train return   +9.00%  loss 4.16e-04  maxQ +0.1402  changes   578  0.2 min
episode  14/1013  eps 0.888  train return  +25.98%  loss 4.28e-04  maxQ +0.1379  changes   582  0.2 min
episode  15/1013  eps 0.880  train return  -18.84%  loss 3.97e-04  maxQ +0.1371  changes   574  0.2 min
episode  16/1013  eps 0.872  train return   +7.23%  loss 3.97e-04  maxQ +0.1360  changes   575  0.2 min
episode  17/1013  eps 0.864  train return  -27.26%  loss 3.45e-04  maxQ +0.1329  changes   559  0.2 min
episode  18/1013  eps 0.856  train return   -2.43%  loss 3.68e-04  maxQ +0.1327  changes   570  0.2 min
episode  19/1013  eps 0.848  train return  -42.38%  loss 3.15e-04  maxQ +0.1290  changes   569  0.2 min
episode  20/1013  eps 0.841  train return   +4.03%  loss 3.45e-04  maxQ +0.1221  changes   584  0.3 min | val return -39.99% (best -26.92%)
episode  21/1013  eps 0.833  train return   -7.78%  loss 3.88e-04  maxQ +0.1205  changes   569  0.3 min
episode  22/1013  eps 0.825  train return   +4.50%  loss 4.51e-04  maxQ +0.1168  changes   594  0.3 min
episode  23/1013  eps 0.818  train return  -17.84%  loss 3.42e-04  maxQ +0.1205  changes   572  0.3 min
episode  24/1013  eps 0.810  train return  -17.31%  loss 3.91e-04  maxQ +0.1224  changes   581  0.3 min
episode  25/1013  eps 0.803  train return   -3.24%  loss 3.69e-04  maxQ +0.1191  changes   580  0.3 min
episode  26/1013  eps 0.796  train return  -10.74%  loss 3.70e-04  maxQ +0.1151  changes   562  0.4 min
episode  27/1013  eps 0.788  train return  +18.38%  loss 3.86e-04  maxQ +0.1147  changes   574  0.4 min
episode  28/1013  eps 0.781  train return   -9.14%  loss 4.51e-04  maxQ +0.1152  changes   578  0.4 min
episode  29/1013  eps 0.774  train return  -10.65%  loss 3.40e-04  maxQ +0.1135  changes   558  0.4 min
episode  30/1013  eps 0.767  train return   -6.55%  loss 3.19e-04  maxQ +0.1104  changes   587  0.4 min | val return +0.19% (best +0.19%)
episode  31/1013  eps 0.760  train return  -10.27%  loss 3.67e-04  maxQ +0.1090  changes   573  0.4 min
episode  32/1013  eps 0.753  train return  +12.42%  loss 4.28e-04  maxQ +0.1103  changes   563  0.4 min
episode  33/1013  eps 0.746  train return   -3.88%  loss 4.16e-04  maxQ +0.1088  changes   570  0.5 min
episode  34/1013  eps 0.740  train return   -5.33%  loss 3.70e-04  maxQ +0.1026  changes   587  0.5 min
episode  35/1013  eps 0.733  train return  -15.09%  loss 2.80e-04  maxQ +0.1023  changes   568  0.5 min
episode  36/1013  eps 0.726  train return  -15.97%  loss 2.82e-04  maxQ +0.0981  changes   559  0.5 min
episode  37/1013  eps 0.720  train return  -28.47%  loss 3.17e-04  maxQ +0.1033  changes   566  0.5 min
episode  38/1013  eps 0.713  train return  -32.49%  loss 3.28e-04  maxQ +0.0969  changes   566  0.5 min
episode  39/1013  eps 0.707  train return   +5.04%  loss 2.87e-04  maxQ +0.0990  changes   574  0.5 min
episode  40/1013  eps 0.700  train return  +26.43%  loss 3.55e-04  maxQ +0.0957  changes   585  0.5 min | val return -9.66% (best +0.19%)
episode  41/1013  eps 0.694  train return  +18.06%  loss 3.19e-04  maxQ +0.0985  changes   558  0.6 min
episode  42/1013  eps 0.687  train return   +2.04%  loss 4.36e-04  maxQ +0.0996  changes   548  0.6 min
episode  43/1013  eps 0.681  train return  -25.27%  loss 2.74e-04  maxQ +0.0949  changes   561  0.6 min
episode  44/1013  eps 0.675  train return  +12.35%  loss 3.67e-04  maxQ +0.0936  changes   567  0.6 min
episode  45/1013  eps 0.669  train return   -6.03%  loss 3.09e-04  maxQ +0.0887  changes   573  0.6 min
episode  46/1013  eps 0.663  train return  +10.85%  loss 2.82e-04  maxQ +0.0883  changes   573  0.6 min
episode  47/1013  eps 0.657  train return   -1.78%  loss 3.50e-04  maxQ +0.0909  changes   574  0.6 min
episode  48/1013  eps 0.651  train return  +17.69%  loss 2.78e-04  maxQ +0.0872  changes   580  0.6 min
episode  49/1013  eps 0.645  train return   +5.49%  loss 2.41e-04  maxQ +0.0826  changes   551  0.6 min
episode  50/1013  eps 0.639  train return   +1.75%  loss 2.65e-04  maxQ +0.0842  changes   568  0.7 min | val return -22.65% (best +0.19%)
episode  51/1013  eps 0.633  train return  -36.79%  loss 2.52e-04  maxQ +0.0827  changes   567  0.7 min
episode  52/1013  eps 0.627  train return  -40.21%  loss 2.38e-04  maxQ +0.0842  changes   564  0.7 min
episode  53/1013  eps 0.622  train return   -4.24%  loss 1.97e-04  maxQ +0.0808  changes   574  0.7 min
episode  54/1013  eps 0.616  train return  -12.01%  loss 2.16e-04  maxQ +0.0793  changes   585  0.7 min
episode  55/1013  eps 0.610  train return   -3.10%  loss 1.81e-04  maxQ +0.0744  changes   544  0.7 min
episode  56/1013  eps 0.605  train return   -3.21%  loss 1.70e-04  maxQ +0.0707  changes   549  0.7 min
episode  57/1013  eps 0.599  train return  -18.92%  loss 1.74e-04  maxQ +0.0741  changes   540  0.8 min
episode  58/1013  eps 0.594  train return   -9.98%  loss 1.83e-04  maxQ +0.0717  changes   558  0.8 min
episode  59/1013  eps 0.588  train return  -21.29%  loss 1.54e-04  maxQ +0.0694  changes   556  0.8 min
episode  60/1013  eps 0.583  train return   +4.44%  loss 1.62e-04  maxQ +0.0682  changes   556  0.8 min | val return -0.36% (best +0.19%)
episode  61/1013  eps 0.578  train return  -20.60%  loss 1.39e-04  maxQ +0.0638  changes   523  0.8 min
episode  62/1013  eps 0.573  train return   +6.11%  loss 1.71e-04  maxQ +0.0640  changes   557  0.8 min
episode  63/1013  eps 0.567  train return   -6.76%  loss 1.29e-04  maxQ +0.0631  changes   563  0.8 min
episode  64/1013  eps 0.562  train return  +13.77%  loss 1.21e-04  maxQ +0.0599  changes   560  0.8 min
episode  65/1013  eps 0.557  train return  -11.75%  loss 1.14e-04  maxQ +0.0579  changes   569  0.9 min
episode  66/1013  eps 0.552  train return   -0.50%  loss 1.19e-04  maxQ +0.0585  changes   559  0.9 min
episode  67/1013  eps 0.547  train return   +4.95%  loss 1.40e-04  maxQ +0.0578  changes   549  0.9 min
episode  68/1013  eps 0.542  train return  -18.15%  loss 1.15e-04  maxQ +0.0527  changes   558  0.9 min
episode  69/1013  eps 0.537  train return   +8.84%  loss 1.15e-04  maxQ +0.0513  changes   542  0.9 min
episode  70/1013  eps 0.532  train return  -18.98%  loss 1.11e-04  maxQ +0.0512  changes   569  0.9 min | val return -40.58% (best +0.19%)
episode  71/1013  eps 0.527  train return   -0.98%  loss 1.03e-04  maxQ +0.0511  changes   542  0.9 min
episode  72/1013  eps 0.523  train return   -2.84%  loss 1.10e-04  maxQ +0.0476  changes   534  0.9 min
episode  73/1013  eps 0.518  train return   -5.41%  loss 9.59e-05  maxQ +0.0476  changes   534  1.0 min
episode  74/1013  eps 0.513  train return   +3.57%  loss 8.82e-05  maxQ +0.0471  changes   557  1.0 min
episode  75/1013  eps 0.508  train return  +66.50%  loss 1.03e-04  maxQ +0.0491  changes   572  1.0 min
episode  76/1013  eps 0.504  train return   -9.31%  loss 1.19e-04  maxQ +0.0483  changes   572  1.0 min
episode  77/1013  eps 0.499  train return  -14.94%  loss 9.00e-05  maxQ +0.0477  changes   533  1.0 min
episode  78/1013  eps 0.495  train return  -16.20%  loss 8.40e-05  maxQ +0.0436  changes   552  1.0 min
episode  79/1013  eps 0.490  train return  -16.94%  loss 9.74e-05  maxQ +0.0424  changes   578  1.0 min
episode  80/1013  eps 0.486  train return  -12.37%  loss 8.46e-05  maxQ +0.0414  changes   555  1.0 min | val return -6.01% (best +0.19%)
episode  81/1013  eps 0.481  train return  -15.14%  loss 7.46e-05  maxQ +0.0402  changes   535  1.1 min
episode  82/1013  eps 0.477  train return  -18.20%  loss 7.22e-05  maxQ +0.0397  changes   548  1.1 min
episode  83/1013  eps 0.473  train return +207.28%  loss 7.45e-05  maxQ +0.0381  changes   568  1.1 min
episode  84/1013  eps 0.468  train return   -9.12%  loss 8.92e-05  maxQ +0.0359  changes   526  1.1 min
episode  85/1013  eps 0.464  train return +109.64%  loss 8.99e-05  maxQ +0.0378  changes   554  1.1 min
episode  86/1013  eps 0.460  train return  +12.21%  loss 8.89e-05  maxQ +0.0383  changes   530  1.1 min
episode  87/1013  eps 0.456  train return   +3.30%  loss 9.40e-05  maxQ +0.0386  changes   521  1.1 min
episode  88/1013  eps 0.451  train return  -11.95%  loss 8.24e-05  maxQ +0.0369  changes   535  1.1 min
episode  89/1013  eps 0.447  train return   +4.37%  loss 7.80e-05  maxQ +0.0363  changes   518  1.2 min
episode  90/1013  eps 0.443  train return   +5.31%  loss 7.45e-05  maxQ +0.0361  changes   540  1.2 min | val return -3.71% (best +0.19%)
episode  91/1013  eps 0.439  train return   +4.58%  loss 8.05e-05  maxQ +0.0339  changes   538  1.2 min
episode  92/1013  eps 0.435  train return   +3.80%  loss 7.99e-05  maxQ +0.0321  changes   543  1.2 min
episode  93/1013  eps 0.431  train return  +21.88%  loss 7.30e-05  maxQ +0.0295  changes   541  1.2 min
episode  94/1013  eps 0.427  train return  -15.44%  loss 7.50e-05  maxQ +0.0278  changes   502  1.2 min
episode  95/1013  eps 0.423  train return  +16.09%  loss 7.46e-05  maxQ +0.0285  changes   496  1.2 min
episode  96/1013  eps 0.420  train return +493.03%  loss 7.21e-05  maxQ +0.0293  changes   563  1.3 min
episode  97/1013  eps 0.416  train return  -12.36%  loss 8.51e-05  maxQ +0.0290  changes   480  1.3 min
episode  98/1013  eps 0.412  train return   +1.21%  loss 8.20e-05  maxQ +0.0285  changes   533  1.3 min
episode  99/1013  eps 0.408  train return   -5.56%  loss 7.84e-05  maxQ +0.0275  changes   516  1.3 min
episode 100/1013  eps 0.405  train return  -41.97%  loss 8.14e-05  maxQ +0.0319  changes   547  1.3 min | val return -37.13% (best +0.19%)
episode 101/1013  eps 0.401  train return  -31.98%  loss 7.79e-05  maxQ +0.0309  changes   493  1.3 min
episode 102/1013  eps 0.397  train return  -18.78%  loss 8.87e-05  maxQ +0.0303  changes   513  1.3 min
episode 103/1013  eps 0.394  train return  -16.00%  loss 9.72e-05  maxQ +0.0292  changes   505  1.3 min
episode 104/1013  eps 0.390  train return  -27.97%  loss 9.23e-05  maxQ +0.0324  changes   533  1.4 min
episode 105/1013  eps 0.386  train return +311.78%  loss 9.25e-05  maxQ +0.0299  changes   578  1.4 min
episode 106/1013  eps 0.383  train return  -14.27%  loss 8.95e-05  maxQ +0.0298  changes   491  1.4 min
episode 107/1013  eps 0.379  train return   +2.64%  loss 9.19e-05  maxQ +0.0300  changes   534  1.4 min
episode 108/1013  eps 0.376  train return  +12.47%  loss 9.24e-05  maxQ +0.0274  changes   511  1.4 min
episode 109/1013  eps 0.373  train return  +21.73%  loss 8.78e-05  maxQ +0.0261  changes   540  1.4 min
episode 110/1013  eps 0.369  train return   -5.17%  loss 8.69e-05  maxQ +0.0261  changes   500  1.4 min | val return -4.27% (best +0.19%)
episode 111/1013  eps 0.366  train return  +31.03%  loss 9.31e-05  maxQ +0.0267  changes   503  1.5 min
episode 112/1013  eps 0.363  train return  +19.07%  loss 8.79e-05  maxQ +0.0263  changes   525  1.5 min
episode 113/1013  eps 0.359  train return  +10.28%  loss 9.30e-05  maxQ +0.0286  changes   524  1.5 min
episode 114/1013  eps 0.356  train return +286.78%  loss 1.03e-04  maxQ +0.0306  changes   540  1.5 min
episode 115/1013  eps 0.353  train return  -20.49%  loss 8.70e-05  maxQ +0.0285  changes   506  1.5 min
episode 116/1013  eps 0.349  train return  +10.79%  loss 1.01e-04  maxQ +0.0290  changes   542  1.5 min
episode 117/1013  eps 0.346  train return  +42.55%  loss 9.96e-05  maxQ +0.0303  changes   502  1.5 min
episode 118/1013  eps 0.343  train return  -17.85%  loss 1.04e-04  maxQ +0.0320  changes   510  1.5 min
episode 119/1013  eps 0.340  train return  -38.19%  loss 8.77e-05  maxQ +0.0283  changes   541  1.6 min
episode 120/1013  eps 0.337  train return   +2.84%  loss 9.82e-05  maxQ +0.0292  changes   510  1.6 min | val return -17.46% (best +0.19%)
episode 121/1013  eps 0.334  train return   +8.65%  loss 1.12e-04  maxQ +0.0304  changes   495  1.6 min
episode 122/1013  eps 0.331  train return  -16.74%  loss 1.03e-04  maxQ +0.0331  changes   462  1.6 min
episode 123/1013  eps 0.328  train return   -6.66%  loss 9.94e-05  maxQ +0.0313  changes   476  1.6 min
episode 124/1013  eps 0.325  train return   -1.86%  loss 9.49e-05  maxQ +0.0290  changes   517  1.6 min
episode 125/1013  eps 0.322  train return  +49.01%  loss 9.99e-05  maxQ +0.0278  changes   492  1.6 min
episode 126/1013  eps 0.319  train return   +6.45%  loss 1.05e-04  maxQ +0.0282  changes   515  1.6 min
episode 127/1013  eps 0.316  train return  -21.70%  loss 1.04e-04  maxQ +0.0294  changes   529  1.7 min
episode 128/1013  eps 0.313  train return   +1.51%  loss 1.07e-04  maxQ +0.0284  changes   514  1.7 min
episode 129/1013  eps 0.310  train return  +35.81%  loss 1.06e-04  maxQ +0.0294  changes   502  1.7 min
episode 130/1013  eps 0.308  train return   +2.17%  loss 9.88e-05  maxQ +0.0278  changes   466  1.7 min | val return -26.89% (best +0.19%)
episode 131/1013  eps 0.305  train return  +34.47%  loss 9.88e-05  maxQ +0.0254  changes   512  1.7 min
episode 132/1013  eps 0.302  train return   -2.37%  loss 9.81e-05  maxQ +0.0265  changes   498  1.7 min
episode 133/1013  eps 0.299  train return   +8.45%  loss 9.01e-05  maxQ +0.0251  changes   523  1.7 min
episode 134/1013  eps 0.296  train return  -38.44%  loss 1.05e-04  maxQ +0.0255  changes   503  1.8 min
episode 135/1013  eps 0.294  train return  +33.06%  loss 9.79e-05  maxQ +0.0254  changes   498  1.8 min
episode 136/1013  eps 0.291  train return +859.45%  loss 1.09e-04  maxQ +0.0269  changes   521  1.8 min
episode 137/1013  eps 0.288  train return   +1.83%  loss 1.27e-04  maxQ +0.0276  changes   483  1.8 min
episode 138/1013  eps 0.286  train return   -5.83%  loss 1.18e-04  maxQ +0.0258  changes   515  1.8 min
episode 139/1013  eps 0.283  train return   +6.03%  loss 1.20e-04  maxQ +0.0246  changes   522  1.8 min
episode 140/1013  eps 0.281  train return  +11.66%  loss 1.15e-04  maxQ +0.0261  changes   492  1.8 min | val return -10.28% (best +0.19%)
episode 141/1013  eps 0.278  train return  -13.46%  loss 1.18e-04  maxQ +0.0282  changes   504  1.9 min
episode 142/1013  eps 0.276  train return  -12.39%  loss 1.30e-04  maxQ +0.0271  changes   464  1.9 min
episode 143/1013  eps 0.273  train return   +2.59%  loss 1.16e-04  maxQ +0.0281  changes   457  1.9 min
episode 144/1013  eps 0.271  train return  +10.45%  loss 1.09e-04  maxQ +0.0263  changes   516  1.9 min
episode 145/1013  eps 0.268  train return  -22.54%  loss 1.21e-04  maxQ +0.0277  changes   458  1.9 min
episode 146/1013  eps 0.266  train return  +30.46%  loss 1.19e-04  maxQ +0.0266  changes   531  1.9 min
episode 147/1013  eps 0.263  train return +196.94%  loss 1.21e-04  maxQ +0.0262  changes   565  1.9 min
episode 148/1013  eps 0.261  train return  -12.86%  loss 1.18e-04  maxQ +0.0258  changes   484  1.9 min
episode 149/1013  eps 0.258  train return  -20.61%  loss 1.26e-04  maxQ +0.0246  changes   520  2.0 min
episode 150/1013  eps 0.256  train return   -4.23%  loss 1.20e-04  maxQ +0.0270  changes   509  2.0 min | val return -38.51% (best +0.19%)
episode 151/1013  eps 0.254  train return   -9.07%  loss 1.22e-04  maxQ +0.0275  changes   530  2.0 min
episode 152/1013  eps 0.251  train return  -20.18%  loss 1.13e-04  maxQ +0.0280  changes   490  2.0 min
episode 153/1013  eps 0.249  train return  +99.34%  loss 1.18e-04  maxQ +0.0267  changes   559  2.0 min
episode 154/1013  eps 0.247  train return  -20.69%  loss 1.28e-04  maxQ +0.0302  changes   567  2.0 min
episode 155/1013  eps 0.245  train return   +4.04%  loss 1.32e-04  maxQ +0.0292  changes   498  2.1 min
episode 156/1013  eps 0.242  train return   -0.93%  loss 1.19e-04  maxQ +0.0278  changes   466  2.1 min
episode 157/1013  eps 0.240  train return  +47.94%  loss 1.06e-04  maxQ +0.0261  changes   501  2.1 min
episode 158/1013  eps 0.238  train return  +29.33%  loss 1.12e-04  maxQ +0.0258  changes   506  2.1 min
episode 159/1013  eps 0.236  train return  +13.75%  loss 1.10e-04  maxQ +0.0248  changes   541  2.1 min
episode 160/1013  eps 0.234  train return   +0.05%  loss 1.02e-04  maxQ +0.0245  changes   515  2.1 min | val return -24.98% (best +0.19%)
episode 161/1013  eps 0.232  train return  -23.80%  loss 1.03e-04  maxQ +0.0254  changes   498  2.1 min
episode 162/1013  eps 0.230  train return   +7.32%  loss 1.05e-04  maxQ +0.0271  changes   554  2.2 min
episode 163/1013  eps 0.227  train return  -39.31%  loss 1.03e-04  maxQ +0.0259  changes   494  2.2 min
episode 164/1013  eps 0.225  train return  -15.34%  loss 9.57e-05  maxQ +0.0239  changes   486  2.2 min
episode 165/1013  eps 0.223  train return   +8.94%  loss 9.68e-05  maxQ +0.0239  changes   497  2.2 min
episode 166/1013  eps 0.221  train return  -25.26%  loss 9.78e-05  maxQ +0.0257  changes   499  2.2 min
episode 167/1013  eps 0.219  train return  -23.20%  loss 9.12e-05  maxQ +0.0236  changes   479  2.2 min
episode 168/1013  eps 0.217  train return  +34.26%  loss 8.59e-05  maxQ +0.0247  changes   484  2.2 min
episode 169/1013  eps 0.215  train return  +29.39%  loss 8.91e-05  maxQ +0.0250  changes   494  2.2 min
episode 170/1013  eps 0.213  train return   -5.74%  loss 8.66e-05  maxQ +0.0241  changes   497  2.3 min | val return -20.44% (best +0.19%)
episode 171/1013  eps 0.211  train return   +6.49%  loss 8.52e-05  maxQ +0.0242  changes   498  2.3 min
episode 172/1013  eps 0.209  train return  +16.67%  loss 9.22e-05  maxQ +0.0256  changes   529  2.3 min
episode 173/1013  eps 0.208  train return  -33.39%  loss 8.77e-05  maxQ +0.0239  changes   495  2.3 min
episode 174/1013  eps 0.206  train return   +7.98%  loss 9.36e-05  maxQ +0.0234  changes   445  2.3 min
episode 175/1013  eps 0.204  train return  -13.71%  loss 8.91e-05  maxQ +0.0217  changes   499  2.3 min
episode 176/1013  eps 0.202  train return   +3.92%  loss 8.59e-05  maxQ +0.0224  changes   470  2.3 min
episode 177/1013  eps 0.200  train return  -13.24%  loss 8.87e-05  maxQ +0.0235  changes   489  2.4 min
episode 178/1013  eps 0.198  train return   -9.81%  loss 8.94e-05  maxQ +0.0248  changes   523  2.4 min
episode 179/1013  eps 0.196  train return   +6.40%  loss 8.42e-05  maxQ +0.0241  changes   509  2.4 min
episode 180/1013  eps 0.195  train return  +10.90%  loss 8.84e-05  maxQ +0.0235  changes   455  2.4 min | val return -26.56% (best +0.19%)
episode 181/1013  eps 0.193  train return   +9.52%  loss 8.62e-05  maxQ +0.0252  changes   447  2.4 min
episode 182/1013  eps 0.191  train return   +4.86%  loss 8.41e-05  maxQ +0.0239  changes   476  2.4 min
episode 183/1013  eps 0.189  train return   +0.03%  loss 8.52e-05  maxQ +0.0242  changes   485  2.4 min
episode 184/1013  eps 0.188  train return  -29.72%  loss 8.31e-05  maxQ +0.0223  changes   456  2.5 min
episode 185/1013  eps 0.186  train return   -6.39%  loss 9.04e-05  maxQ +0.0224  changes   440  2.5 min
episode 186/1013  eps 0.184  train return  +28.32%  loss 8.38e-05  maxQ +0.0218  changes   436  2.5 min
episode 187/1013  eps 0.183  train return   -9.26%  loss 8.47e-05  maxQ +0.0230  changes   522  2.5 min
episode 188/1013  eps 0.181  train return   -0.03%  loss 8.89e-05  maxQ +0.0214  changes   481  2.5 min
episode 189/1013  eps 0.179  train return   -1.43%  loss 8.85e-05  maxQ +0.0210  changes   530  2.5 min
episode 190/1013  eps 0.178  train return  -11.05%  loss 9.11e-05  maxQ +0.0200  changes   490  2.5 min | val return -25.33% (best +0.19%)
episode 191/1013  eps 0.176  train return   -5.45%  loss 9.13e-05  maxQ +0.0217  changes   422  2.6 min
episode 192/1013  eps 0.174  train return   -6.93%  loss 1.11e-04  maxQ +0.0226  changes   407  2.6 min
episode 193/1013  eps 0.173  train return  +11.77%  loss 8.85e-05  maxQ +0.0217  changes   515  2.6 min
episode 194/1013  eps 0.171  train return   -4.44%  loss 8.71e-05  maxQ +0.0211  changes   505  2.6 min
episode 195/1013  eps 0.170  train return   +0.73%  loss 8.24e-05  maxQ +0.0224  changes   477  2.6 min
episode 196/1013  eps 0.168  train return   -2.77%  loss 8.13e-05  maxQ +0.0223  changes   412  2.6 min
episode 197/1013  eps 0.167  train return  -10.46%  loss 8.14e-05  maxQ +0.0220  changes   480  2.6 min
episode 198/1013  eps 0.165  train return   +6.32%  loss 7.57e-05  maxQ +0.0203  changes   494  2.7 min
episode 199/1013  eps 0.164  train return  +47.18%  loss 7.93e-05  maxQ +0.0184  changes   487  2.7 min
episode 200/1013  eps 0.162  train return  +10.82%  loss 8.19e-05  maxQ +0.0199  changes   377  2.7 min | val return -16.51% (best +0.19%)
episode 201/1013  eps 0.161  train return  +45.88%  loss 7.67e-05  maxQ +0.0208  changes   495  2.7 min
episode 202/1013  eps 0.159  train return  -21.03%  loss 8.05e-05  maxQ +0.0192  changes   529  2.7 min
episode 203/1013  eps 0.158  train return   -1.19%  loss 8.38e-05  maxQ +0.0196  changes   445  2.7 min
episode 204/1013  eps 0.156  train return  +79.48%  loss 8.19e-05  maxQ +0.0206  changes   534  2.7 min
episode 205/1013  eps 0.155  train return  +39.30%  loss 9.35e-05  maxQ +0.0208  changes   503  2.8 min
episode 206/1013  eps 0.154  train return   -4.34%  loss 6.62e-05  maxQ +0.0197  changes   499  2.8 min
episode 207/1013  eps 0.152  train return  -19.37%  loss 6.78e-05  maxQ +0.0186  changes   484  2.8 min
episode 208/1013  eps 0.151  train return  -11.91%  loss 6.28e-05  maxQ +0.0173  changes   530  2.8 min
episode 209/1013  eps 0.149  train return   +3.08%  loss 6.03e-05  maxQ +0.0186  changes   483  2.8 min
episode 210/1013  eps 0.148  train return +556.25%  loss 6.32e-05  maxQ +0.0176  changes   543  2.8 min | val return -31.46% (best +0.19%)
episode 211/1013  eps 0.147  train return   +4.03%  loss 7.70e-05  maxQ +0.0164  changes   435  2.8 min
episode 212/1013  eps 0.145  train return   +2.99%  loss 7.73e-05  maxQ +0.0164  changes   514  2.9 min
episode 213/1013  eps 0.144  train return  -12.67%  loss 9.11e-05  maxQ +0.0169  changes   469  2.9 min
episode 214/1013  eps 0.143  train return  +19.30%  loss 7.09e-05  maxQ +0.0164  changes   443  2.9 min
episode 215/1013  eps 0.141  train return   +7.76%  loss 7.17e-05  maxQ +0.0178  changes   488  2.9 min
episode 216/1013  eps 0.140  train return  +33.02%  loss 6.69e-05  maxQ +0.0163  changes   507  2.9 min
episode 217/1013  eps 0.139  train return  +27.99%  loss 6.58e-05  maxQ +0.0154  changes   457  2.9 min
episode 218/1013  eps 0.138  train return  -13.99%  loss 6.63e-05  maxQ +0.0160  changes   451  2.9 min
episode 219/1013  eps 0.136  train return   -6.41%  loss 7.43e-05  maxQ +0.0160  changes   468  2.9 min
episode 220/1013  eps 0.135  train return  -42.23%  loss 6.78e-05  maxQ +0.0156  changes   501  3.0 min | val return -20.18% (best +0.19%)
episode 221/1013  eps 0.134  train return  -21.00%  loss 6.46e-05  maxQ +0.0157  changes   449  3.0 min
episode 222/1013  eps 0.133  train return   -2.10%  loss 6.53e-05  maxQ +0.0163  changes   484  3.0 min
episode 223/1013  eps 0.131  train return   -8.19%  loss 6.63e-05  maxQ +0.0158  changes   442  3.0 min
episode 224/1013  eps 0.130  train return  -13.01%  loss 5.92e-05  maxQ +0.0149  changes   457  3.0 min
episode 225/1013  eps 0.129  train return   -7.50%  loss 5.69e-05  maxQ +0.0140  changes   470  3.0 min
episode 226/1013  eps 0.128  train return  -45.45%  loss 6.09e-05  maxQ +0.0144  changes   529  3.0 min
episode 227/1013  eps 0.127  train return   -7.62%  loss 6.06e-05  maxQ +0.0153  changes   435  3.1 min
episode 228/1013  eps 0.126  train return  -15.84%  loss 6.16e-05  maxQ +0.0159  changes   490  3.1 min
episode 229/1013  eps 0.124  train return  -16.63%  loss 5.70e-05  maxQ +0.0146  changes   472  3.1 min
episode 230/1013  eps 0.123  train return   -3.53%  loss 6.14e-05  maxQ +0.0152  changes   422  3.1 min | val return -17.27% (best +0.19%)
episode 231/1013  eps 0.122  train return  +15.46%  loss 6.52e-05  maxQ +0.0158  changes   474  3.1 min
episode 232/1013  eps 0.121  train return  -31.60%  loss 5.48e-05  maxQ +0.0147  changes   464  3.1 min
episode 233/1013  eps 0.120  train return  -16.07%  loss 6.10e-05  maxQ +0.0144  changes   516  3.1 min
episode 234/1013  eps 0.119  train return  -12.10%  loss 5.82e-05  maxQ +0.0151  changes   451  3.2 min
episode 235/1013  eps 0.118  train return  +37.26%  loss 6.27e-05  maxQ +0.0152  changes   504  3.2 min
episode 236/1013  eps 0.117  train return   -7.71%  loss 5.84e-05  maxQ +0.0133  changes   406  3.2 min
episode 237/1013  eps 0.116  train return  +11.06%  loss 5.69e-05  maxQ +0.0152  changes   456  3.2 min
episode 238/1013  eps 0.115  train return   -1.25%  loss 6.01e-05  maxQ +0.0136  changes   473  3.2 min
episode 239/1013  eps 0.114  train return   -6.01%  loss 5.96e-05  maxQ +0.0129  changes   430  3.2 min
episode 240/1013  eps 0.112  train return   +5.09%  loss 6.12e-05  maxQ +0.0143  changes   476  3.2 min | val return -11.64% (best +0.19%)
episode 241/1013  eps 0.111  train return  +21.86%  loss 5.70e-05  maxQ +0.0137  changes   456  3.3 min
episode 242/1013  eps 0.110  train return  +28.89%  loss 6.00e-05  maxQ +0.0149  changes   420  3.3 min
episode 243/1013  eps 0.109  train return   -3.93%  loss 6.89e-05  maxQ +0.0153  changes   438  3.3 min
episode 244/1013  eps 0.108  train return  -13.55%  loss 6.30e-05  maxQ +0.0161  changes   439  3.3 min
episode 245/1013  eps 0.107  train return   +1.53%  loss 6.55e-05  maxQ +0.0161  changes   413  3.3 min
episode 246/1013  eps 0.106  train return   +5.91%  loss 6.54e-05  maxQ +0.0168  changes   474  3.3 min
episode 247/1013  eps 0.106  train return  +44.27%  loss 6.19e-05  maxQ +0.0157  changes   491  3.3 min
episode 248/1013  eps 0.105  train return  -12.79%  loss 6.07e-05  maxQ +0.0170  changes   447  3.3 min
episode 249/1013  eps 0.104  train return   -9.88%  loss 6.77e-05  maxQ +0.0157  changes   431  3.4 min
episode 250/1013  eps 0.103  train return   +6.85%  loss 6.40e-05  maxQ +0.0162  changes   459  3.4 min | val return -19.28% (best +0.19%)
episode 251/1013  eps 0.102  train return  +23.56%  loss 6.11e-05  maxQ +0.0158  changes   411  3.4 min
episode 252/1013  eps 0.101  train return   -0.66%  loss 6.46e-05  maxQ +0.0173  changes   445  3.4 min
episode 253/1013  eps 0.100  train return   -4.01%  loss 6.53e-05  maxQ +0.0172  changes   520  3.4 min
episode 254/1013  eps 0.099  train return  +13.06%  loss 6.48e-05  maxQ +0.0170  changes   488  3.4 min
episode 255/1013  eps 0.098  train return  -24.70%  loss 6.60e-05  maxQ +0.0179  changes   467  3.4 min
episode 256/1013  eps 0.097  train return   +3.00%  loss 6.67e-05  maxQ +0.0173  changes   423  3.5 min
episode 257/1013  eps 0.096  train return   -0.76%  loss 6.85e-05  maxQ +0.0176  changes   444  3.5 min
episode 258/1013  eps 0.095  train return   -3.20%  loss 6.38e-05  maxQ +0.0164  changes   447  3.5 min
episode 259/1013  eps 0.095  train return  +69.37%  loss 6.76e-05  maxQ +0.0165  changes   527  3.5 min
episode 260/1013  eps 0.094  train return +114.03%  loss 7.11e-05  maxQ +0.0190  changes   532  3.5 min | val return -28.72% (best +0.19%)
episode 261/1013  eps 0.093  train return  +26.71%  loss 7.41e-05  maxQ +0.0173  changes   449  3.5 min
episode 262/1013  eps 0.092  train return   -2.52%  loss 7.58e-05  maxQ +0.0168  changes   461  3.5 min
episode 263/1013  eps 0.091  train return   -1.07%  loss 7.40e-05  maxQ +0.0174  changes   490  3.5 min
episode 264/1013  eps 0.090  train return  +25.47%  loss 7.50e-05  maxQ +0.0172  changes   437  3.6 min
episode 265/1013  eps 0.090  train return  +16.09%  loss 7.55e-05  maxQ +0.0167  changes   438  3.6 min
episode 266/1013  eps 0.089  train return  +54.16%  loss 7.87e-05  maxQ +0.0173  changes   521  3.6 min
episode 267/1013  eps 0.088  train return   +6.70%  loss 8.39e-05  maxQ +0.0169  changes   466  3.6 min
episode 268/1013  eps 0.087  train return  +20.91%  loss 8.51e-05  maxQ +0.0175  changes   478  3.6 min
episode 269/1013  eps 0.086  train return   +4.20%  loss 8.58e-05  maxQ +0.0159  changes   490  3.6 min
episode 270/1013  eps 0.086  train return  +22.78%  loss 8.33e-05  maxQ +0.0181  changes   519  3.6 min | val return -6.70% (best +0.19%)
episode 271/1013  eps 0.085  train return   -5.99%  loss 9.13e-05  maxQ +0.0173  changes   415  3.7 min
episode 272/1013  eps 0.084  train return   -5.95%  loss 8.46e-05  maxQ +0.0172  changes   438  3.7 min
episode 273/1013  eps 0.083  train return  +35.73%  loss 8.08e-05  maxQ +0.0175  changes   477  3.7 min
episode 274/1013  eps 0.082  train return   -6.04%  loss 8.42e-05  maxQ +0.0180  changes   428  3.7 min
episode 275/1013  eps 0.082  train return  +45.58%  loss 7.98e-05  maxQ +0.0187  changes   521  3.7 min
episode 276/1013  eps 0.081  train return   -8.41%  loss 8.01e-05  maxQ +0.0174  changes   407  3.7 min
episode 277/1013  eps 0.080  train return   +7.92%  loss 7.98e-05  maxQ +0.0161  changes   418  3.7 min
episode 278/1013  eps 0.079  train return   -4.98%  loss 7.47e-05  maxQ +0.0160  changes   414  3.8 min
episode 279/1013  eps 0.079  train return   -3.56%  loss 6.53e-05  maxQ +0.0159  changes   447  3.8 min
episode 280/1013  eps 0.078  train return   -5.59%  loss 6.31e-05  maxQ +0.0166  changes   377  3.8 min | val return -23.90% (best +0.19%)
episode 281/1013  eps 0.077  train return   -5.24%  loss 6.39e-05  maxQ +0.0174  changes   423  3.8 min
episode 282/1013  eps 0.077  train return  -14.89%  loss 5.81e-05  maxQ +0.0158  changes   442  3.8 min
episode 283/1013  eps 0.076  train return   -7.70%  loss 6.59e-05  maxQ +0.0159  changes   423  3.8 min
episode 284/1013  eps 0.075  train return +1117.40%  loss 7.13e-05  maxQ +0.0146  changes   529  3.8 min
episode 285/1013  eps 0.075  train return  +82.78%  loss 7.44e-05  maxQ +0.0148  changes   503  3.9 min
episode 286/1013  eps 0.074  train return  +17.55%  loss 7.48e-05  maxQ +0.0146  changes   479  3.9 min
episode 287/1013  eps 0.073  train return  -14.48%  loss 7.88e-05  maxQ +0.0143  changes   448  3.9 min
episode 288/1013  eps 0.073  train return   -7.10%  loss 7.34e-05  maxQ +0.0142  changes   435  3.9 min
episode 289/1013  eps 0.072  train return  +60.84%  loss 6.85e-05  maxQ +0.0142  changes   473  3.9 min
episode 290/1013  eps 0.071  train return  -19.06%  loss 6.79e-05  maxQ +0.0143  changes   410  3.9 min | val return -32.87% (best +0.19%)
episode 291/1013  eps 0.071  train return  +27.98%  loss 6.95e-05  maxQ +0.0149  changes   437  4.0 min
episode 292/1013  eps 0.070  train return  +95.76%  loss 6.99e-05  maxQ +0.0152  changes   486  4.0 min
episode 293/1013  eps 0.069  train return   -5.05%  loss 7.08e-05  maxQ +0.0145  changes   441  4.0 min
episode 294/1013  eps 0.069  train return  +21.25%  loss 7.18e-05  maxQ +0.0151  changes   339  4.0 min
episode 295/1013  eps 0.068  train return   +5.28%  loss 7.89e-05  maxQ +0.0156  changes   316  4.0 min
episode 296/1013  eps 0.067  train return   +7.83%  loss 6.98e-05  maxQ +0.0159  changes   459  4.0 min
episode 297/1013  eps 0.067  train return   +7.14%  loss 7.55e-05  maxQ +0.0155  changes   434  4.0 min
episode 298/1013  eps 0.066  train return  +19.98%  loss 7.39e-05  maxQ +0.0154  changes   483  4.0 min
episode 299/1013  eps 0.066  train return   -0.16%  loss 7.03e-05  maxQ +0.0156  changes   352  4.1 min
episode 300/1013  eps 0.065  train return  +10.57%  loss 6.83e-05  maxQ +0.0145  changes   474  4.1 min | val return -24.20% (best +0.19%)
episode 301/1013  eps 0.064  train return   -5.67%  loss 7.95e-05  maxQ +0.0147  changes   451  4.1 min
episode 302/1013  eps 0.064  train return  -14.46%  loss 7.27e-05  maxQ +0.0146  changes   479  4.1 min
episode 303/1013  eps 0.063  train return   +8.19%  loss 6.81e-05  maxQ +0.0160  changes   430  4.1 min
episode 304/1013  eps 0.063  train return  +37.84%  loss 7.07e-05  maxQ +0.0149  changes   517  4.1 min
episode 305/1013  eps 0.062  train return   -0.44%  loss 6.76e-05  maxQ +0.0154  changes   461  4.1 min
episode 306/1013  eps 0.062  train return   -0.05%  loss 7.64e-05  maxQ +0.0162  changes   457  4.2 min
episode 307/1013  eps 0.061  train return  +20.82%  loss 8.00e-05  maxQ +0.0169  changes   406  4.2 min
episode 308/1013  eps 0.060  train return  -18.52%  loss 7.17e-05  maxQ +0.0166  changes   396  4.2 min
episode 309/1013  eps 0.060  train return  +23.62%  loss 7.17e-05  maxQ +0.0174  changes   434  4.2 min
episode 310/1013  eps 0.059  train return  +12.85%  loss 7.62e-05  maxQ +0.0168  changes   425  4.2 min | val return -0.73% (best +0.19%)
episode 311/1013  eps 0.059  train return  -35.78%  loss 6.87e-05  maxQ +0.0161  changes   502  4.2 min
episode 312/1013  eps 0.058  train return  +10.20%  loss 6.79e-05  maxQ +0.0154  changes   389  4.2 min
episode 313/1013  eps 0.058  train return  +69.18%  loss 7.56e-05  maxQ +0.0156  changes   470  4.3 min
episode 314/1013  eps 0.057  train return  -31.26%  loss 8.22e-05  maxQ +0.0161  changes   448  4.3 min
episode 315/1013  eps 0.057  train return   -8.33%  loss 7.77e-05  maxQ +0.0169  changes   436  4.3 min
episode 316/1013  eps 0.056  train return   +2.08%  loss 7.76e-05  maxQ +0.0166  changes   416  4.3 min
episode 317/1013  eps 0.056  train return   -4.22%  loss 8.57e-05  maxQ +0.0174  changes   417  4.3 min
episode 318/1013  eps 0.055  train return  +18.08%  loss 7.83e-05  maxQ +0.0174  changes   378  4.3 min
episode 319/1013  eps 0.055  train return  +24.47%  loss 7.50e-05  maxQ +0.0172  changes   385  4.3 min
episode 320/1013  eps 0.054  train return   +5.08%  loss 8.82e-05  maxQ +0.0176  changes   435  4.4 min | val return -2.72% (best +0.19%)
episode 321/1013  eps 0.054  train return  +10.89%  loss 8.63e-05  maxQ +0.0172  changes   346  4.4 min
episode 322/1013  eps 0.053  train return   -4.22%  loss 7.99e-05  maxQ +0.0170  changes   489  4.4 min
episode 323/1013  eps 0.053  train return  +30.79%  loss 7.59e-05  maxQ +0.0165  changes   425  4.4 min
episode 324/1013  eps 0.052  train return   +5.20%  loss 7.28e-05  maxQ +0.0170  changes   496  4.4 min
episode 325/1013  eps 0.052  train return  -18.41%  loss 7.49e-05  maxQ +0.0171  changes   412  4.4 min
episode 326/1013  eps 0.051  train return   -3.74%  loss 8.22e-05  maxQ +0.0156  changes   431  4.4 min
episode 327/1013  eps 0.051  train return  +12.46%  loss 7.90e-05  maxQ +0.0162  changes   389  4.5 min
episode 328/1013  eps 0.050  train return   +4.90%  loss 7.58e-05  maxQ +0.0174  changes   421  4.5 min
episode 329/1013  eps 0.050  train return  +17.30%  loss 7.05e-05  maxQ +0.0153  changes   441  4.5 min
episode 330/1013  eps 0.049  train return   -3.30%  loss 6.88e-05  maxQ +0.0149  changes   448  4.5 min | val return -22.39% (best +0.19%)
episode 331/1013  eps 0.049  train return +149.33%  loss 7.66e-05  maxQ +0.0151  changes   506  4.5 min
episode 332/1013  eps 0.049  train return   +8.15%  loss 7.67e-05  maxQ +0.0157  changes   425  4.5 min
episode 333/1013  eps 0.048  train return  +39.27%  loss 8.17e-05  maxQ +0.0158  changes   472  4.5 min
episode 334/1013  eps 0.048  train return  +12.68%  loss 7.93e-05  maxQ +0.0164  changes   369  4.6 min
episode 335/1013  eps 0.047  train return   +9.37%  loss 6.97e-05  maxQ +0.0157  changes   469  4.6 min
episode 336/1013  eps 0.047  train return  -17.22%  loss 6.88e-05  maxQ +0.0153  changes   388  4.6 min
episode 337/1013  eps 0.046  train return   -0.54%  loss 6.79e-05  maxQ +0.0146  changes   430  4.6 min
episode 338/1013  eps 0.046  train return  -19.98%  loss 6.66e-05  maxQ +0.0159  changes   419  4.6 min
episode 339/1013  eps 0.046  train return  +27.39%  loss 7.72e-05  maxQ +0.0147  changes   472  4.6 min
episode 340/1013  eps 0.045  train return   +6.62%  loss 6.79e-05  maxQ +0.0144  changes   310  4.6 min | val return -29.21% (best +0.19%)
episode 341/1013  eps 0.045  train return  +19.05%  loss 7.27e-05  maxQ +0.0134  changes   414  4.7 min
episode 342/1013  eps 0.044  train return  +12.26%  loss 6.49e-05  maxQ +0.0140  changes   406  4.7 min
episode 343/1013  eps 0.044  train return   +6.96%  loss 6.49e-05  maxQ +0.0137  changes   377  4.7 min
episode 344/1013  eps 0.043  train return   +5.66%  loss 7.02e-05  maxQ +0.0131  changes   378  4.7 min
episode 345/1013  eps 0.043  train return   -1.16%  loss 6.68e-05  maxQ +0.0137  changes   388  4.7 min
episode 346/1013  eps 0.043  train return   +6.72%  loss 6.90e-05  maxQ +0.0124  changes   399  4.7 min
episode 347/1013  eps 0.042  train return  +12.82%  loss 6.37e-05  maxQ +0.0133  changes   361  4.7 min
episode 348/1013  eps 0.042  train return   +7.16%  loss 6.64e-05  maxQ +0.0145  changes   409  4.7 min
episode 349/1013  eps 0.042  train return  -37.87%  loss 6.49e-05  maxQ +0.0141  changes   425  4.8 min
episode 350/1013  eps 0.041  train return  +43.07%  loss 6.35e-05  maxQ +0.0156  changes   428  4.8 min | val return -32.96% (best +0.19%)
episode 351/1013  eps 0.041  train return   +5.23%  loss 7.58e-05  maxQ +0.0155  changes   445  4.8 min
episode 352/1013  eps 0.040  train return  +29.04%  loss 8.86e-05  maxQ +0.0159  changes   497  4.8 min
episode 353/1013  eps 0.040  train return  +23.63%  loss 8.68e-05  maxQ +0.0168  changes   456  4.8 min
episode 354/1013  eps 0.040  train return  -19.80%  loss 7.09e-05  maxQ +0.0163  changes   413  4.8 min
episode 355/1013  eps 0.039  train return  +22.64%  loss 6.62e-05  maxQ +0.0153  changes   368  4.8 min
episode 356/1013  eps 0.039  train return   -8.48%  loss 6.78e-05  maxQ +0.0148  changes   421  4.9 min
episode 357/1013  eps 0.039  train return  -16.81%  loss 6.02e-05  maxQ +0.0153  changes   420  4.9 min
episode 358/1013  eps 0.038  train return   -5.23%  loss 6.30e-05  maxQ +0.0154  changes   424  4.9 min
episode 359/1013  eps 0.038  train return   +7.07%  loss 5.74e-05  maxQ +0.0144  changes   369  4.9 min
episode 360/1013  eps 0.038  train return  -10.91%  loss 6.22e-05  maxQ +0.0135  changes   380  4.9 min | val return -16.39% (best +0.19%)
episode 361/1013  eps 0.037  train return  +22.04%  loss 6.12e-05  maxQ +0.0142  changes   404  4.9 min
episode 362/1013  eps 0.037  train return  +23.21%  loss 6.11e-05  maxQ +0.0140  changes   502  4.9 min
episode 363/1013  eps 0.037  train return   +5.77%  loss 5.19e-05  maxQ +0.0132  changes   417  5.0 min
episode 364/1013  eps 0.036  train return  +17.52%  loss 5.52e-05  maxQ +0.0137  changes   405  5.0 min
episode 365/1013  eps 0.036  train return   -8.94%  loss 5.52e-05  maxQ +0.0129  changes   400  5.0 min
episode 366/1013  eps 0.036  train return  +16.48%  loss 5.53e-05  maxQ +0.0126  changes   406  5.0 min
episode 367/1013  eps 0.035  train return  +26.92%  loss 5.24e-05  maxQ +0.0117  changes   436  5.0 min
episode 368/1013  eps 0.035  train return  +92.62%  loss 5.39e-05  maxQ +0.0126  changes   475  5.0 min
episode 369/1013  eps 0.035  train return  +10.04%  loss 5.73e-05  maxQ +0.0113  changes   479  5.0 min
episode 370/1013  eps 0.034  train return  -18.61%  loss 5.33e-05  maxQ +0.0124  changes   446  5.0 min | val return -15.91% (best +0.19%)
episode 371/1013  eps 0.034  train return  +48.51%  loss 5.49e-05  maxQ +0.0114  changes   402  5.1 min
episode 372/1013  eps 0.034  train return  -12.53%  loss 5.68e-05  maxQ +0.0121  changes   404  5.1 min
episode 373/1013  eps 0.033  train return +174.07%  loss 5.96e-05  maxQ +0.0128  changes   481  5.1 min
episode 374/1013  eps 0.033  train return +162.71%  loss 5.12e-05  maxQ +0.0124  changes   465  5.1 min
episode 375/1013  eps 0.033  train return   +4.21%  loss 5.73e-05  maxQ +0.0121  changes   416  5.1 min
episode 376/1013  eps 0.032  train return   -5.13%  loss 6.08e-05  maxQ +0.0133  changes   383  5.1 min
episode 377/1013  eps 0.032  train return +305.27%  loss 7.02e-05  maxQ +0.0128  changes   482  5.1 min
episode 378/1013  eps 0.032  train return  -15.01%  loss 8.76e-05  maxQ +0.0133  changes   387  5.2 min
episode 379/1013  eps 0.032  train return   +6.46%  loss 7.62e-05  maxQ +0.0127  changes   413  5.2 min
episode 380/1013  eps 0.031  train return   +2.39%  loss 7.16e-05  maxQ +0.0136  changes   355  5.2 min | val return -21.87% (best +0.19%)
episode 381/1013  eps 0.031  train return  -24.85%  loss 6.28e-05  maxQ +0.0134  changes   417  5.2 min
episode 382/1013  eps 0.031  train return  +48.33%  loss 6.70e-05  maxQ +0.0135  changes   503  5.2 min
episode 383/1013  eps 0.030  train return  -13.19%  loss 6.56e-05  maxQ +0.0142  changes   469  5.2 min
episode 384/1013  eps 0.030  train return  +20.94%  loss 7.39e-05  maxQ +0.0130  changes   456  5.3 min
episode 385/1013  eps 0.030  train return  -16.04%  loss 7.21e-05  maxQ +0.0135  changes   410  5.3 min
episode 386/1013  eps 0.030  train return  +12.18%  loss 7.17e-05  maxQ +0.0140  changes   356  5.3 min
episode 387/1013  eps 0.029  train return  +73.73%  loss 6.68e-05  maxQ +0.0138  changes   390  5.3 min
episode 388/1013  eps 0.029  train return   -3.34%  loss 6.89e-05  maxQ +0.0147  changes   360  5.3 min
episode 389/1013  eps 0.029  train return  -17.94%  loss 7.46e-05  maxQ +0.0147  changes   388  5.3 min
episode 390/1013  eps 0.029  train return  +11.82%  loss 7.46e-05  maxQ +0.0148  changes   470  5.3 min | val return -30.89% (best +0.19%)
episode 391/1013  eps 0.028  train return  +16.56%  loss 7.51e-05  maxQ +0.0133  changes   442  5.3 min
episode 392/1013  eps 0.028  train return  +20.45%  loss 6.90e-05  maxQ +0.0142  changes   466  5.4 min
episode 393/1013  eps 0.028  train return   +4.51%  loss 7.60e-05  maxQ +0.0146  changes   356  5.4 min
episode 394/1013  eps 0.028  train return   +4.59%  loss 6.76e-05  maxQ +0.0141  changes   418  5.4 min
episode 395/1013  eps 0.027  train return   -0.51%  loss 7.03e-05  maxQ +0.0148  changes   409  5.4 min
episode 396/1013  eps 0.027  train return   -3.68%  loss 7.25e-05  maxQ +0.0148  changes   478  5.4 min
episode 397/1013  eps 0.027  train return   +2.36%  loss 7.64e-05  maxQ +0.0155  changes   446  5.4 min
episode 398/1013  eps 0.027  train return   -6.71%  loss 7.57e-05  maxQ +0.0142  changes   482  5.4 min
episode 399/1013  eps 0.026  train return +132.02%  loss 7.13e-05  maxQ +0.0143  changes   453  5.5 min
episode 400/1013  eps 0.026  train return +106.70%  loss 7.35e-05  maxQ +0.0139  changes   488  5.5 min | val return -15.03% (best +0.19%)
episode 401/1013  eps 0.026  train return  -12.25%  loss 7.21e-05  maxQ +0.0139  changes   313  5.5 min
episode 402/1013  eps 0.026  train return   -9.63%  loss 7.00e-05  maxQ +0.0147  changes   365  5.5 min
episode 403/1013  eps 0.025  train return  -23.35%  loss 6.82e-05  maxQ +0.0151  changes   406  5.5 min
episode 404/1013  eps 0.025  train return   +9.84%  loss 7.08e-05  maxQ +0.0144  changes   355  5.5 min
episode 405/1013  eps 0.025  train return   -9.67%  loss 7.35e-05  maxQ +0.0144  changes   394  5.5 min
episode 406/1013  eps 0.025  train return  -12.62%  loss 8.69e-05  maxQ +0.0154  changes   392  5.6 min
episode 407/1013  eps 0.024  train return   -2.71%  loss 7.43e-05  maxQ +0.0150  changes   446  5.6 min
episode 408/1013  eps 0.024  train return +167.16%  loss 8.81e-05  maxQ +0.0152  changes   486  5.6 min
episode 409/1013  eps 0.024  train return  -26.52%  loss 7.98e-05  maxQ +0.0165  changes   401  5.6 min
episode 410/1013  eps 0.024  train return   -1.42%  loss 7.62e-05  maxQ +0.0161  changes   379  5.6 min | val return -11.35% (best +0.19%)
episode 411/1013  eps 0.024  train return +114.35%  loss 8.11e-05  maxQ +0.0161  changes   464  5.6 min
episode 412/1013  eps 0.023  train return   -3.75%  loss 7.83e-05  maxQ +0.0153  changes   401  5.6 min
episode 413/1013  eps 0.023  train return  +15.93%  loss 8.08e-05  maxQ +0.0158  changes   445  5.7 min
episode 414/1013  eps 0.023  train return  +28.38%  loss 8.23e-05  maxQ +0.0146  changes   437  5.7 min
episode 415/1013  eps 0.023  train return  -15.60%  loss 8.42e-05  maxQ +0.0148  changes   372  5.7 min
episode 416/1013  eps 0.023  train return  +19.62%  loss 8.05e-05  maxQ +0.0146  changes   452  5.7 min
episode 417/1013  eps 0.022  train return  +41.51%  loss 7.10e-05  maxQ +0.0145  changes   456  5.7 min
episode 418/1013  eps 0.022  train return +743.54%  loss 8.41e-05  maxQ +0.0145  changes   481  5.7 min
episode 419/1013  eps 0.022  train return  +61.17%  loss 8.88e-05  maxQ +0.0165  changes   466  5.7 min
episode 420/1013  eps 0.022  train return  +10.70%  loss 8.60e-05  maxQ +0.0161  changes   412  5.8 min | val return -9.50% (best +0.19%)
episode 421/1013  eps 0.022  train return   +7.70%  loss 8.16e-05  maxQ +0.0155  changes   386  5.8 min
episode 422/1013  eps 0.021  train return  -12.83%  loss 8.30e-05  maxQ +0.0154  changes   418  5.8 min
episode 423/1013  eps 0.021  train return +106.35%  loss 8.72e-05  maxQ +0.0154  changes   525  5.8 min
episode 424/1013  eps 0.021  train return  +20.04%  loss 8.11e-05  maxQ +0.0152  changes   417  5.8 min
episode 425/1013  eps 0.021  train return  +12.84%  loss 7.31e-05  maxQ +0.0143  changes   432  5.8 min
episode 426/1013  eps 0.021  train return   -9.10%  loss 7.54e-05  maxQ +0.0143  changes   396  5.8 min
episode 427/1013  eps 0.020  train return  +21.43%  loss 7.55e-05  maxQ +0.0150  changes   410  5.9 min
episode 428/1013  eps 0.020  train return  +49.29%  loss 8.13e-05  maxQ +0.0140  changes   461  5.9 min
episode 429/1013  eps 0.020  train return   +4.75%  loss 7.41e-05  maxQ +0.0144  changes   389  5.9 min
episode 430/1013  eps 0.020  train return   -2.59%  loss 7.73e-05  maxQ +0.0147  changes   389  5.9 min | val return -8.98% (best +0.19%)
episode 431/1013  eps 0.020  train return  +33.26%  loss 7.83e-05  maxQ +0.0152  changes   442  5.9 min
episode 432/1013  eps 0.019  train return  +30.61%  loss 7.61e-05  maxQ +0.0151  changes   457  5.9 min
episode 433/1013  eps 0.019  train return  +36.22%  loss 7.92e-05  maxQ +0.0139  changes   360  5.9 min
episode 434/1013  eps 0.019  train return  +20.41%  loss 7.29e-05  maxQ +0.0158  changes   408  6.0 min
episode 435/1013  eps 0.019  train return   +9.52%  loss 7.69e-05  maxQ +0.0154  changes   397  6.0 min
episode 436/1013  eps 0.019  train return  +31.71%  loss 7.16e-05  maxQ +0.0151  changes   391  6.0 min
episode 437/1013  eps 0.019  train return  +27.00%  loss 7.39e-05  maxQ +0.0160  changes   381  6.0 min
episode 438/1013  eps 0.018  train return   +3.82%  loss 7.83e-05  maxQ +0.0155  changes   356  6.0 min
episode 439/1013  eps 0.018  train return  -15.61%  loss 7.64e-05  maxQ +0.0157  changes   412  6.0 min
episode 440/1013  eps 0.018  train return   +8.52%  loss 7.35e-05  maxQ +0.0151  changes   442  6.0 min | val return -2.36% (best +0.19%)
episode 441/1013  eps 0.018  train return  +22.63%  loss 7.51e-05  maxQ +0.0153  changes   446  6.1 min
episode 442/1013  eps 0.018  train return   +8.59%  loss 7.20e-05  maxQ +0.0155  changes   378  6.1 min
episode 443/1013  eps 0.018  train return   -1.73%  loss 6.64e-05  maxQ +0.0150  changes   435  6.1 min
episode 444/1013  eps 0.017  train return  +37.24%  loss 6.84e-05  maxQ +0.0150  changes   438  6.1 min
episode 445/1013  eps 0.017  train return  +16.18%  loss 6.45e-05  maxQ +0.0150  changes   402  6.1 min
episode 446/1013  eps 0.017  train return  -12.61%  loss 6.33e-05  maxQ +0.0148  changes   403  6.1 min
episode 447/1013  eps 0.017  train return   +7.08%  loss 5.93e-05  maxQ +0.0151  changes   317  6.1 min
episode 448/1013  eps 0.017  train return   +7.23%  loss 5.98e-05  maxQ +0.0140  changes   332  6.2 min
episode 449/1013  eps 0.017  train return  +15.79%  loss 6.04e-05  maxQ +0.0141  changes   364  6.2 min
episode 450/1013  eps 0.016  train return  +20.31%  loss 6.07e-05  maxQ +0.0144  changes   367  6.2 min | val return -36.07% (best +0.19%)
episode 451/1013  eps 0.016  train return   -4.55%  loss 6.28e-05  maxQ +0.0150  changes   430  6.2 min
episode 452/1013  eps 0.016  train return   +8.52%  loss 6.03e-05  maxQ +0.0148  changes   377  6.2 min
episode 453/1013  eps 0.016  train return  -15.08%  loss 6.30e-05  maxQ +0.0153  changes   459  6.2 min
episode 454/1013  eps 0.016  train return   -2.89%  loss 6.39e-05  maxQ +0.0150  changes   485  6.2 min
episode 455/1013  eps 0.016  train return   +2.69%  loss 5.97e-05  maxQ +0.0147  changes   382  6.3 min
episode 456/1013  eps 0.016  train return  +16.24%  loss 6.01e-05  maxQ +0.0146  changes   414  6.3 min
episode 457/1013  eps 0.015  train return  +30.58%  loss 6.28e-05  maxQ +0.0148  changes   425  6.3 min
episode 458/1013  eps 0.015  train return  +57.99%  loss 6.13e-05  maxQ +0.0145  changes   494  6.3 min
episode 459/1013  eps 0.015  train return  +10.75%  loss 6.36e-05  maxQ +0.0146  changes   352  6.3 min
episode 460/1013  eps 0.015  train return  +39.57%  loss 6.48e-05  maxQ +0.0140  changes   396  6.3 min | val return -26.25% (best +0.19%)
episode 461/1013  eps 0.015  train return  +51.90%  loss 6.38e-05  maxQ +0.0136  changes   450  6.3 min
episode 462/1013  eps 0.015  train return  +23.18%  loss 6.52e-05  maxQ +0.0132  changes   450  6.4 min
episode 463/1013  eps 0.015  train return  +18.44%  loss 6.49e-05  maxQ +0.0139  changes   508  6.4 min
episode 464/1013  eps 0.015  train return   +8.05%  loss 6.27e-05  maxQ +0.0143  changes   318  6.4 min
episode 465/1013  eps 0.014  train return   +8.62%  loss 6.00e-05  maxQ +0.0141  changes   397  6.4 min
episode 466/1013  eps 0.014  train return   -4.96%  loss 6.75e-05  maxQ +0.0144  changes   507  6.4 min
episode 467/1013  eps 0.014  train return  +17.52%  loss 6.79e-05  maxQ +0.0141  changes   346  6.4 min
episode 468/1013  eps 0.014  train return  +17.13%  loss 6.36e-05  maxQ +0.0152  changes   408  6.4 min
episode 469/1013  eps 0.014  train return   -4.94%  loss 6.05e-05  maxQ +0.0140  changes   458  6.5 min
episode 470/1013  eps 0.014  train return   -3.26%  loss 5.95e-05  maxQ +0.0137  changes   400  6.5 min | val return +2.17% (best +2.17%)
episode 471/1013  eps 0.014  train return   +3.52%  loss 5.55e-05  maxQ +0.0135  changes   402  6.5 min
episode 472/1013  eps 0.013  train return  +51.98%  loss 5.46e-05  maxQ +0.0133  changes   434  6.5 min
episode 473/1013  eps 0.013  train return +199.30%  loss 6.01e-05  maxQ +0.0130  changes   495  6.5 min
episode 474/1013  eps 0.013  train return  +58.28%  loss 5.93e-05  maxQ +0.0132  changes   452  6.5 min
episode 475/1013  eps 0.013  train return  +48.54%  loss 5.98e-05  maxQ +0.0127  changes   454  6.5 min
episode 476/1013  eps 0.013  train return   +1.82%  loss 5.74e-05  maxQ +0.0131  changes   436  6.6 min
episode 477/1013  eps 0.013  train return   +9.99%  loss 5.73e-05  maxQ +0.0126  changes   391  6.6 min
episode 478/1013  eps 0.013  train return  -22.70%  loss 5.42e-05  maxQ +0.0132  changes   407  6.6 min
episode 479/1013  eps 0.013  train return  +15.13%  loss 6.15e-05  maxQ +0.0131  changes   365  6.6 min
episode 480/1013  eps 0.013  train return   +4.53%  loss 5.75e-05  maxQ +0.0125  changes   463  6.6 min | val return -18.30% (best +2.17%)
episode 481/1013  eps 0.012  train return   +2.37%  loss 6.00e-05  maxQ +0.0127  changes   414  6.6 min
episode 482/1013  eps 0.012  train return   -2.27%  loss 5.35e-05  maxQ +0.0128  changes   462  6.6 min
episode 483/1013  eps 0.012  train return  +32.53%  loss 5.90e-05  maxQ +0.0131  changes   512  6.7 min
episode 484/1013  eps 0.012  train return   -5.54%  loss 5.93e-05  maxQ +0.0135  changes   415  6.7 min
episode 485/1013  eps 0.012  train return   +4.06%  loss 5.81e-05  maxQ +0.0135  changes   373  6.7 min
episode 486/1013  eps 0.012  train return   -3.81%  loss 5.78e-05  maxQ +0.0129  changes   384  6.7 min
episode 487/1013  eps 0.012  train return   +3.42%  loss 5.74e-05  maxQ +0.0130  changes   405  6.7 min
episode 488/1013  eps 0.012  train return   +5.07%  loss 4.98e-05  maxQ +0.0125  changes   377  6.7 min
episode 489/1013  eps 0.012  train return  -24.69%  loss 4.64e-05  maxQ +0.0119  changes   419  6.7 min
episode 490/1013  eps 0.011  train return   -3.22%  loss 4.39e-05  maxQ +0.0124  changes   378  6.8 min | val return -9.97% (best +2.17%)
episode 491/1013  eps 0.011  train return  -14.56%  loss 4.60e-05  maxQ +0.0121  changes   433  6.8 min
episode 492/1013  eps 0.011  train return +184.47%  loss 4.59e-05  maxQ +0.0116  changes   446  6.8 min
episode 493/1013  eps 0.011  train return   +2.40%  loss 4.32e-05  maxQ +0.0117  changes   339  6.8 min
episode 494/1013  eps 0.011  train return  +29.96%  loss 4.55e-05  maxQ +0.0117  changes   397  6.8 min
episode 495/1013  eps 0.011  train return   -1.05%  loss 4.33e-05  maxQ +0.0125  changes   344  6.8 min
episode 496/1013  eps 0.011  train return   -5.08%  loss 4.80e-05  maxQ +0.0131  changes   379  6.9 min
episode 497/1013  eps 0.011  train return  +30.63%  loss 4.43e-05  maxQ +0.0121  changes   435  6.9 min
episode 498/1013  eps 0.011  train return  -10.74%  loss 4.25e-05  maxQ +0.0116  changes   347  6.9 min
episode 499/1013  eps 0.011  train return   -1.88%  loss 4.74e-05  maxQ +0.0120  changes   405  6.9 min
episode 500/1013  eps 0.010  train return   -9.58%  loss 4.37e-05  maxQ +0.0125  changes   357  6.9 min | val return -11.88% (best +2.17%)
episode 501/1013  eps 0.010  train return   -8.10%  loss 4.21e-05  maxQ +0.0121  changes   350  6.9 min
episode 502/1013  eps 0.010  train return  +51.12%  loss 4.20e-05  maxQ +0.0124  changes   435  6.9 min
episode 503/1013  eps 0.010  train return +207.85%  loss 4.32e-05  maxQ +0.0128  changes   447  7.0 min
episode 504/1013  eps 0.010  train return +136.91%  loss 4.61e-05  maxQ +0.0121  changes   423  7.0 min
episode 505/1013  eps 0.010  train return  +28.28%  loss 4.08e-05  maxQ +0.0120  changes   408  7.0 min
episode 506/1013  eps 0.010  train return   -8.31%  loss 4.21e-05  maxQ +0.0122  changes   354  7.0 min
episode 507/1013  eps 0.010  train return   +5.56%  loss 4.18e-05  maxQ +0.0122  changes   379  7.0 min
episode 508/1013  eps 0.010  train return   +8.86%  loss 4.21e-05  maxQ +0.0118  changes   383  7.0 min
episode 509/1013  eps 0.010  train return +463.87%  loss 4.84e-05  maxQ +0.0124  changes   493  7.0 min
episode 510/1013  eps 0.010  train return  +57.39%  loss 5.34e-05  maxQ +0.0127  changes   461  7.1 min | val return -11.49% (best +2.17%)
episode 511/1013  eps 0.010  train return +100.05%  loss 5.17e-05  maxQ +0.0123  changes   442  7.1 min
episode 512/1013  eps 0.010  train return   -6.41%  loss 4.62e-05  maxQ +0.0123  changes   370  7.1 min
episode 513/1013  eps 0.010  train return   -8.14%  loss 4.98e-05  maxQ +0.0129  changes   349  7.1 min
episode 514/1013  eps 0.010  train return  +27.38%  loss 5.00e-05  maxQ +0.0132  changes   446  7.1 min
episode 515/1013  eps 0.010  train return  +16.84%  loss 4.98e-05  maxQ +0.0130  changes   405  7.1 min
episode 516/1013  eps 0.010  train return  +66.60%  loss 4.85e-05  maxQ +0.0143  changes   401  7.2 min
episode 517/1013  eps 0.010  train return +1613.72%  loss 5.73e-05  maxQ +0.0140  changes   536  7.2 min
episode 518/1013  eps 0.010  train return   -5.04%  loss 6.19e-05  maxQ +0.0142  changes   414  7.2 min
episode 519/1013  eps 0.010  train return  -29.87%  loss 6.12e-05  maxQ +0.0146  changes   463  7.2 min
episode 520/1013  eps 0.010  train return  +14.93%  loss 6.13e-05  maxQ +0.0141  changes   477  7.2 min | val return -19.33% (best +2.17%)
episode 521/1013  eps 0.010  train return  +18.92%  loss 5.86e-05  maxQ +0.0144  changes   359  7.2 min
episode 522/1013  eps 0.010  train return   -9.67%  loss 6.07e-05  maxQ +0.0141  changes   382  7.2 min
episode 523/1013  eps 0.010  train return   +2.25%  loss 5.93e-05  maxQ +0.0139  changes   315  7.3 min
episode 524/1013  eps 0.010  train return  +39.62%  loss 5.99e-05  maxQ +0.0140  changes   398  7.3 min
episode 525/1013  eps 0.010  train return  +42.51%  loss 5.68e-05  maxQ +0.0146  changes   420  7.3 min
episode 526/1013  eps 0.010  train return  +20.46%  loss 6.16e-05  maxQ +0.0144  changes   369  7.3 min
episode 527/1013  eps 0.010  train return   +2.82%  loss 6.66e-05  maxQ +0.0152  changes   391  7.3 min
episode 528/1013  eps 0.010  train return   +0.32%  loss 6.68e-05  maxQ +0.0142  changes   517  7.3 min
episode 529/1013  eps 0.010  train return  +91.73%  loss 6.94e-05  maxQ +0.0144  changes   491  7.3 min
episode 530/1013  eps 0.010  train return +4830.77%  loss 7.57e-05  maxQ +0.0144  changes   513  7.3 min | val return -28.03% (best +2.17%)
episode 531/1013  eps 0.010  train return   +4.83%  loss 7.90e-05  maxQ +0.0140  changes   421  7.4 min
episode 532/1013  eps 0.010  train return +506.39%  loss 7.57e-05  maxQ +0.0142  changes   502  7.4 min
episode 533/1013  eps 0.010  train return +157.46%  loss 8.26e-05  maxQ +0.0152  changes   456  7.4 min
episode 534/1013  eps 0.010  train return  +38.84%  loss 7.69e-05  maxQ +0.0151  changes   435  7.4 min
episode 535/1013  eps 0.010  train return   -1.59%  loss 7.09e-05  maxQ +0.0161  changes   416  7.4 min
episode 536/1013  eps 0.010  train return  +26.46%  loss 7.89e-05  maxQ +0.0156  changes   403  7.4 min
episode 537/1013  eps 0.010  train return  -36.57%  loss 7.40e-05  maxQ +0.0154  changes   470  7.5 min
episode 538/1013  eps 0.010  train return  +45.80%  loss 7.33e-05  maxQ +0.0147  changes   415  7.5 min
episode 539/1013  eps 0.010  train return  +14.25%  loss 7.13e-05  maxQ +0.0144  changes   398  7.5 min
episode 540/1013  eps 0.010  train return   +9.80%  loss 7.71e-05  maxQ +0.0156  changes   372  7.5 min | val return -18.56% (best +2.17%)
episode 541/1013  eps 0.010  train return   -4.31%  loss 7.25e-05  maxQ +0.0150  changes   320  7.5 min
episode 542/1013  eps 0.010  train return  +74.13%  loss 7.64e-05  maxQ +0.0154  changes   457  7.5 min
episode 543/1013  eps 0.010  train return  +27.64%  loss 7.05e-05  maxQ +0.0145  changes   380  7.6 min
episode 544/1013  eps 0.010  train return  +25.17%  loss 7.03e-05  maxQ +0.0149  changes   455  7.6 min
episode 545/1013  eps 0.010  train return  +48.18%  loss 7.51e-05  maxQ +0.0147  changes   460  7.6 min
episode 546/1013  eps 0.010  train return  +40.87%  loss 6.92e-05  maxQ +0.0152  changes   409  7.6 min
episode 547/1013  eps 0.010  train return  +60.05%  loss 7.11e-05  maxQ +0.0148  changes   414  7.6 min
episode 548/1013  eps 0.010  train return  +23.59%  loss 7.69e-05  maxQ +0.0153  changes   477  7.6 min
episode 549/1013  eps 0.010  train return +407.37%  loss 7.45e-05  maxQ +0.0158  changes   550  7.6 min
episode 550/1013  eps 0.010  train return   +8.75%  loss 7.61e-05  maxQ +0.0164  changes   393  7.7 min | val return -11.22% (best +2.17%)
episode 551/1013  eps 0.010  train return   -9.95%  loss 7.68e-05  maxQ +0.0163  changes   368  7.7 min
episode 552/1013  eps 0.010  train return   +6.49%  loss 7.26e-05  maxQ +0.0150  changes   434  7.7 min
episode 553/1013  eps 0.010  train return  +17.24%  loss 7.68e-05  maxQ +0.0157  changes   388  7.7 min
episode 554/1013  eps 0.010  train return  +38.59%  loss 8.02e-05  maxQ +0.0148  changes   473  7.7 min
episode 555/1013  eps 0.010  train return  +73.83%  loss 7.41e-05  maxQ +0.0156  changes   488  7.7 min
episode 556/1013  eps 0.010  train return  +49.30%  loss 7.74e-05  maxQ +0.0159  changes   416  7.7 min
episode 557/1013  eps 0.010  train return  -19.77%  loss 7.69e-05  maxQ +0.0162  changes   423  7.8 min
episode 558/1013  eps 0.010  train return  +21.33%  loss 7.87e-05  maxQ +0.0162  changes   449  7.8 min
episode 559/1013  eps 0.010  train return   -8.47%  loss 7.79e-05  maxQ +0.0163  changes   373  7.8 min
episode 560/1013  eps 0.010  train return  +67.03%  loss 8.59e-05  maxQ +0.0157  changes   412  7.8 min | val return -23.70% (best +2.17%)
episode 561/1013  eps 0.010  train return   +4.18%  loss 8.19e-05  maxQ +0.0158  changes   419  7.8 min
episode 562/1013  eps 0.010  train return  +25.96%  loss 8.52e-05  maxQ +0.0153  changes   316  7.8 min
episode 563/1013  eps 0.010  train return   +8.24%  loss 8.14e-05  maxQ +0.0156  changes   380  7.9 min
episode 564/1013  eps 0.010  train return +114.93%  loss 8.07e-05  maxQ +0.0153  changes   510  7.9 min
episode 565/1013  eps 0.010  train return +1121.08%  loss 8.54e-05  maxQ +0.0168  changes   521  7.9 min
episode 566/1013  eps 0.010  train return   -3.08%  loss 8.85e-05  maxQ +0.0172  changes   353  7.9 min
episode 567/1013  eps 0.010  train return  +33.09%  loss 9.50e-05  maxQ +0.0170  changes   427  7.9 min
episode 568/1013  eps 0.010  train return   -7.42%  loss 9.09e-05  maxQ +0.0180  changes   390  7.9 min
episode 569/1013  eps 0.010  train return  +19.72%  loss 9.53e-05  maxQ +0.0185  changes   451  7.9 min
episode 570/1013  eps 0.010  train return  -14.98%  loss 9.75e-05  maxQ +0.0199  changes   410  8.0 min | val return -19.64% (best +2.17%)
episode 571/1013  eps 0.010  train return  -21.67%  loss 9.54e-05  maxQ +0.0185  changes   398  8.0 min
episode 572/1013  eps 0.010  train return  -14.56%  loss 9.33e-05  maxQ +0.0177  changes   403  8.0 min
episode 573/1013  eps 0.010  train return  -10.34%  loss 9.04e-05  maxQ +0.0175  changes   392  8.0 min
episode 574/1013  eps 0.010  train return  -20.81%  loss 9.25e-05  maxQ +0.0174  changes   369  8.0 min
episode 575/1013  eps 0.010  train return  +67.52%  loss 9.56e-05  maxQ +0.0179  changes   484  8.0 min
episode 576/1013  eps 0.010  train return   -1.05%  loss 9.59e-05  maxQ +0.0171  changes   390  8.1 min
episode 577/1013  eps 0.010  train return   +4.86%  loss 9.41e-05  maxQ +0.0187  changes   364  8.1 min
episode 578/1013  eps 0.010  train return   +0.91%  loss 9.28e-05  maxQ +0.0174  changes   421  8.1 min
episode 579/1013  eps 0.010  train return  +10.51%  loss 8.54e-05  maxQ +0.0169  changes   366  8.1 min
episode 580/1013  eps 0.010  train return +117.13%  loss 8.87e-05  maxQ +0.0177  changes   467  8.1 min | val return -25.92% (best +2.17%)
episode 581/1013  eps 0.010  train return  -10.36%  loss 8.96e-05  maxQ +0.0172  changes   390  8.1 min
episode 582/1013  eps 0.010  train return +128.75%  loss 8.75e-05  maxQ +0.0167  changes   507  8.1 min
episode 583/1013  eps 0.010  train return  +36.66%  loss 8.80e-05  maxQ +0.0170  changes   382  8.2 min
episode 584/1013  eps 0.010  train return  +58.82%  loss 9.60e-05  maxQ +0.0174  changes   514  8.2 min
episode 585/1013  eps 0.010  train return   +3.64%  loss 9.06e-05  maxQ +0.0169  changes   432  8.2 min
episode 586/1013  eps 0.010  train return +122.51%  loss 9.02e-05  maxQ +0.0167  changes   487  8.2 min
episode 587/1013  eps 0.010  train return  +29.30%  loss 8.53e-05  maxQ +0.0162  changes   433  8.2 min
episode 588/1013  eps 0.010  train return   -5.09%  loss 8.60e-05  maxQ +0.0167  changes   327  8.2 min
episode 589/1013  eps 0.010  train return  +25.61%  loss 8.12e-05  maxQ +0.0162  changes   417  8.2 min
episode 590/1013  eps 0.010  train return  +53.65%  loss 8.58e-05  maxQ +0.0163  changes   381  8.2 min | val return -7.32% (best +2.17%)
episode 591/1013  eps 0.010  train return  +26.31%  loss 8.83e-05  maxQ +0.0159  changes   463  8.3 min
episode 592/1013  eps 0.010  train return  +25.91%  loss 8.72e-05  maxQ +0.0175  changes   399  8.3 min
episode 593/1013  eps 0.010  train return  +12.76%  loss 8.52e-05  maxQ +0.0167  changes   449  8.3 min
episode 594/1013  eps 0.010  train return +145.33%  loss 8.79e-05  maxQ +0.0156  changes   493  8.3 min
episode 595/1013  eps 0.010  train return   +9.33%  loss 9.03e-05  maxQ +0.0156  changes   338  8.3 min
episode 596/1013  eps 0.010  train return   +4.01%  loss 8.17e-05  maxQ +0.0162  changes   331  8.3 min
episode 597/1013  eps 0.010  train return  +13.23%  loss 8.54e-05  maxQ +0.0160  changes   348  8.4 min
episode 598/1013  eps 0.010  train return   +2.09%  loss 7.93e-05  maxQ +0.0155  changes   332  8.4 min
episode 599/1013  eps 0.010  train return   -4.39%  loss 7.59e-05  maxQ +0.0157  changes   355  8.4 min
episode 600/1013  eps 0.010  train return   -1.77%  loss 6.73e-05  maxQ +0.0161  changes   463  8.4 min | val return -6.41% (best +2.17%)
episode 601/1013  eps 0.010  train return  +13.13%  loss 6.47e-05  maxQ +0.0161  changes   359  8.4 min
episode 602/1013  eps 0.010  train return   -9.67%  loss 6.14e-05  maxQ +0.0151  changes   388  8.4 min
episode 603/1013  eps 0.010  train return  +29.04%  loss 6.18e-05  maxQ +0.0149  changes   351  8.4 min
episode 604/1013  eps 0.010  train return  -12.80%  loss 5.88e-05  maxQ +0.0148  changes   311  8.5 min
episode 605/1013  eps 0.010  train return   +3.37%  loss 5.92e-05  maxQ +0.0155  changes   361  8.5 min
episode 606/1013  eps 0.010  train return  -15.53%  loss 6.28e-05  maxQ +0.0147  changes   376  8.5 min
episode 607/1013  eps 0.010  train return   -4.46%  loss 5.92e-05  maxQ +0.0151  changes   408  8.5 min
episode 608/1013  eps 0.010  train return  -22.39%  loss 6.12e-05  maxQ +0.0138  changes   409  8.5 min
episode 609/1013  eps 0.010  train return   -2.24%  loss 5.78e-05  maxQ +0.0141  changes   335  8.5 min
episode 610/1013  eps 0.010  train return  +20.13%  loss 5.97e-05  maxQ +0.0139  changes   477  8.6 min | val return -9.99% (best +2.17%)
episode 611/1013  eps 0.010  train return +151.84%  loss 6.29e-05  maxQ +0.0135  changes   519  8.6 min
episode 612/1013  eps 0.010  train return  -13.12%  loss 6.07e-05  maxQ +0.0141  changes   309  8.6 min
episode 613/1013  eps 0.010  train return   +8.16%  loss 6.01e-05  maxQ +0.0145  changes   393  8.6 min
episode 614/1013  eps 0.010  train return +5593.10%  loss 6.99e-05  maxQ +0.0152  changes   541  8.6 min
episode 615/1013  eps 0.010  train return  +25.73%  loss 7.31e-05  maxQ +0.0153  changes   433  8.6 min
episode 616/1013  eps 0.010  train return   +7.53%  loss 7.02e-05  maxQ +0.0155  changes   323  8.7 min
episode 617/1013  eps 0.010  train return  +15.98%  loss 7.19e-05  maxQ +0.0161  changes   478  8.7 min
episode 618/1013  eps 0.010  train return   -3.19%  loss 7.10e-05  maxQ +0.0167  changes   411  8.7 min
episode 619/1013  eps 0.010  train return   +7.45%  loss 6.56e-05  maxQ +0.0150  changes   353  8.7 min
episode 620/1013  eps 0.010  train return  +51.59%  loss 6.34e-05  maxQ +0.0141  changes   447  8.7 min | val return -20.40% (best +2.17%)
episode 621/1013  eps 0.010  train return  -11.12%  loss 7.12e-05  maxQ +0.0137  changes   495  8.7 min
episode 622/1013  eps 0.010  train return  +31.46%  loss 6.97e-05  maxQ +0.0137  changes   317  8.7 min
episode 623/1013  eps 0.010  train return   +3.95%  loss 7.29e-05  maxQ +0.0132  changes   553  8.8 min
episode 624/1013  eps 0.010  train return  +23.44%  loss 7.15e-05  maxQ +0.0136  changes   425  8.8 min
episode 625/1013  eps 0.010  train return  -13.09%  loss 6.95e-05  maxQ +0.0139  changes   469  8.8 min
episode 626/1013  eps 0.010  train return  +13.31%  loss 6.94e-05  maxQ +0.0136  changes   317  8.8 min
episode 627/1013  eps 0.010  train return   +8.05%  loss 6.86e-05  maxQ +0.0131  changes   429  8.8 min
episode 628/1013  eps 0.010  train return +590.27%  loss 6.77e-05  maxQ +0.0134  changes   519  8.8 min
episode 629/1013  eps 0.010  train return  -25.35%  loss 7.36e-05  maxQ +0.0134  changes   452  8.8 min
episode 630/1013  eps 0.010  train return  +10.64%  loss 7.47e-05  maxQ +0.0133  changes   384  8.9 min | val return -32.80% (best +2.17%)
episode 631/1013  eps 0.010  train return  +11.82%  loss 7.51e-05  maxQ +0.0142  changes   326  8.9 min
episode 632/1013  eps 0.010  train return  -20.25%  loss 7.17e-05  maxQ +0.0138  changes   437  8.9 min
episode 633/1013  eps 0.010  train return +701.18%  loss 7.08e-05  maxQ +0.0142  changes   516  8.9 min
episode 634/1013  eps 0.010  train return  +23.38%  loss 6.99e-05  maxQ +0.0147  changes   397  8.9 min
episode 635/1013  eps 0.010  train return  +20.20%  loss 6.84e-05  maxQ +0.0136  changes   460  8.9 min
episode 636/1013  eps 0.010  train return +184.42%  loss 6.85e-05  maxQ +0.0133  changes   506  8.9 min
episode 637/1013  eps 0.010  train return  +16.89%  loss 7.16e-05  maxQ +0.0133  changes   371  9.0 min
episode 638/1013  eps 0.010  train return  +19.87%  loss 7.34e-05  maxQ +0.0142  changes   407  9.0 min
episode 639/1013  eps 0.010  train return   +7.21%  loss 7.27e-05  maxQ +0.0140  changes   355  9.0 min
episode 640/1013  eps 0.010  train return  +89.63%  loss 7.43e-05  maxQ +0.0138  changes   385  9.0 min | val return -22.80% (best +2.17%)
episode 641/1013  eps 0.010  train return   -5.05%  loss 7.00e-05  maxQ +0.0150  changes   311  9.0 min
episode 642/1013  eps 0.010  train return   -7.69%  loss 6.93e-05  maxQ +0.0146  changes   286  9.0 min
episode 643/1013  eps 0.010  train return  -16.81%  loss 7.00e-05  maxQ +0.0138  changes   260  9.1 min
episode 644/1013  eps 0.010  train return   -1.06%  loss 7.23e-05  maxQ +0.0138  changes   313  9.1 min
episode 645/1013  eps 0.010  train return  -18.92%  loss 6.72e-05  maxQ +0.0140  changes   415  9.1 min
episode 646/1013  eps 0.010  train return   -6.15%  loss 7.22e-05  maxQ +0.0148  changes   294  9.1 min
episode 647/1013  eps 0.010  train return   -7.90%  loss 6.88e-05  maxQ +0.0141  changes   377  9.1 min
episode 648/1013  eps 0.010  train return   -9.01%  loss 6.87e-05  maxQ +0.0142  changes   304  9.1 min
episode 649/1013  eps 0.010  train return  +16.67%  loss 7.04e-05  maxQ +0.0140  changes   420  9.1 min
episode 650/1013  eps 0.010  train return  +27.50%  loss 6.81e-05  maxQ +0.0144  changes   471  9.1 min | val return -21.26% (best +2.17%)
episode 651/1013  eps 0.010  train return +107.97%  loss 7.05e-05  maxQ +0.0140  changes   539  9.2 min
episode 652/1013  eps 0.010  train return   +6.09%  loss 6.79e-05  maxQ +0.0136  changes   336  9.2 min
episode 653/1013  eps 0.010  train return  +10.33%  loss 6.99e-05  maxQ +0.0127  changes   455  9.2 min
episode 654/1013  eps 0.010  train return   +5.62%  loss 7.28e-05  maxQ +0.0130  changes   367  9.2 min
episode 655/1013  eps 0.010  train return +3377.28%  loss 6.99e-05  maxQ +0.0131  changes   533  9.2 min
episode 656/1013  eps 0.010  train return  +13.39%  loss 6.98e-05  maxQ +0.0135  changes   472  9.2 min
episode 657/1013  eps 0.010  train return  +15.13%  loss 7.29e-05  maxQ +0.0130  changes   399  9.2 min
episode 658/1013  eps 0.010  train return  +10.86%  loss 7.29e-05  maxQ +0.0139  changes   315  9.3 min
episode 659/1013  eps 0.010  train return   -7.95%  loss 7.08e-05  maxQ +0.0136  changes   427  9.3 min
episode 660/1013  eps 0.010  train return   +0.32%  loss 7.31e-05  maxQ +0.0132  changes   388  9.3 min | val return -23.39% (best +2.17%)
episode 661/1013  eps 0.010  train return  +34.30%  loss 7.65e-05  maxQ +0.0134  changes   478  9.3 min
episode 662/1013  eps 0.010  train return  +52.43%  loss 7.34e-05  maxQ +0.0127  changes   459  9.3 min
episode 663/1013  eps 0.010  train return  +27.12%  loss 7.14e-05  maxQ +0.0132  changes   268  9.3 min
episode 664/1013  eps 0.010  train return  +25.62%  loss 7.38e-05  maxQ +0.0135  changes   358  9.4 min
episode 665/1013  eps 0.010  train return   +4.93%  loss 7.43e-05  maxQ +0.0139  changes   336  9.4 min
episode 666/1013  eps 0.010  train return   +5.14%  loss 6.78e-05  maxQ +0.0147  changes   409  9.4 min
episode 667/1013  eps 0.010  train return  +15.64%  loss 6.86e-05  maxQ +0.0141  changes   350  9.4 min
episode 668/1013  eps 0.010  train return   -7.59%  loss 6.92e-05  maxQ +0.0135  changes   375  9.4 min
episode 669/1013  eps 0.010  train return  +34.75%  loss 6.83e-05  maxQ +0.0137  changes   456  9.4 min
episode 670/1013  eps 0.010  train return +137.12%  loss 7.37e-05  maxQ +0.0135  changes   488  9.4 min | val return -27.26% (best +2.17%)
episode 671/1013  eps 0.010  train return   +4.89%  loss 7.48e-05  maxQ +0.0140  changes   351  9.5 min
episode 672/1013  eps 0.010  train return   -8.12%  loss 7.60e-05  maxQ +0.0131  changes   468  9.5 min
episode 673/1013  eps 0.010  train return   +6.30%  loss 7.01e-05  maxQ +0.0135  changes   385  9.5 min
episode 674/1013  eps 0.010  train return  +12.96%  loss 7.13e-05  maxQ +0.0132  changes   398  9.5 min
episode 675/1013  eps 0.010  train return +101.09%  loss 6.99e-05  maxQ +0.0131  changes   523  9.5 min
episode 676/1013  eps 0.010  train return   -6.67%  loss 7.80e-05  maxQ +0.0126  changes   454  9.5 min
episode 677/1013  eps 0.010  train return   +0.24%  loss 8.83e-05  maxQ +0.0138  changes   368  9.5 min
episode 678/1013  eps 0.010  train return   -0.92%  loss 8.04e-05  maxQ +0.0144  changes   300  9.6 min
episode 679/1013  eps 0.010  train return +123.97%  loss 8.38e-05  maxQ +0.0148  changes   488  9.6 min
episode 680/1013  eps 0.010  train return +210.68%  loss 8.09e-05  maxQ +0.0143  changes   504  9.6 min | val return -7.60% (best +2.17%)
episode 681/1013  eps 0.010  train return   -3.61%  loss 8.15e-05  maxQ +0.0144  changes   363  9.6 min
episode 682/1013  eps 0.010  train return  +23.81%  loss 8.43e-05  maxQ +0.0149  changes   380  9.6 min
episode 683/1013  eps 0.010  train return  +14.02%  loss 8.43e-05  maxQ +0.0145  changes   410  9.6 min
episode 684/1013  eps 0.010  train return  +25.95%  loss 7.74e-05  maxQ +0.0142  changes   405  9.6 min
episode 685/1013  eps 0.010  train return  +78.68%  loss 7.35e-05  maxQ +0.0139  changes   477  9.7 min
episode 686/1013  eps 0.010  train return   +0.33%  loss 7.66e-05  maxQ +0.0147  changes   291  9.7 min
episode 687/1013  eps 0.010  train return +124.07%  loss 7.18e-05  maxQ +0.0147  changes   484  9.7 min
episode 688/1013  eps 0.010  train return   -0.45%  loss 7.40e-05  maxQ +0.0136  changes   368  9.7 min
episode 689/1013  eps 0.010  train return  +27.63%  loss 6.93e-05  maxQ +0.0133  changes   408  9.7 min
episode 690/1013  eps 0.010  train return  -12.14%  loss 7.11e-05  maxQ +0.0134  changes   403  9.7 min | val return -40.91% (best +2.17%)
episode 691/1013  eps 0.010  train return   -3.66%  loss 6.69e-05  maxQ +0.0144  changes   315  9.7 min
episode 692/1013  eps 0.010  train return   +0.66%  loss 7.01e-05  maxQ +0.0144  changes   339  9.8 min
episode 693/1013  eps 0.010  train return  +78.74%  loss 7.17e-05  maxQ +0.0142  changes   429  9.8 min
episode 694/1013  eps 0.010  train return  +68.55%  loss 6.95e-05  maxQ +0.0144  changes   439  9.8 min
episode 695/1013  eps 0.010  train return  +33.93%  loss 6.99e-05  maxQ +0.0136  changes   371  9.8 min
episode 696/1013  eps 0.010  train return   -5.33%  loss 7.18e-05  maxQ +0.0144  changes   390  9.8 min
episode 697/1013  eps 0.010  train return   +4.84%  loss 6.48e-05  maxQ +0.0141  changes   371  9.8 min
episode 698/1013  eps 0.010  train return  +20.32%  loss 6.42e-05  maxQ +0.0144  changes   351  9.8 min
episode 699/1013  eps 0.010  train return +102.32%  loss 6.67e-05  maxQ +0.0146  changes   422  9.8 min
episode 700/1013  eps 0.010  train return  -29.65%  loss 7.93e-05  maxQ +0.0139  changes   513  9.9 min | val return -10.13% (best +2.17%)
episode 701/1013  eps 0.010  train return +108.50%  loss 7.33e-05  maxQ +0.0137  changes   458  9.9 min
episode 702/1013  eps 0.010  train return   -7.48%  loss 8.12e-05  maxQ +0.0140  changes   387  9.9 min
episode 703/1013  eps 0.010  train return  +18.48%  loss 7.86e-05  maxQ +0.0135  changes   328  9.9 min
episode 704/1013  eps 0.010  train return  +12.42%  loss 7.17e-05  maxQ +0.0131  changes   340  9.9 min
episode 705/1013  eps 0.010  train return +107.16%  loss 6.99e-05  maxQ +0.0132  changes   404  9.9 min
episode 706/1013  eps 0.010  train return  -12.22%  loss 6.50e-05  maxQ +0.0138  changes   331  10.0 min
episode 707/1013  eps 0.010  train return   +8.17%  loss 7.36e-05  maxQ +0.0140  changes   308  10.0 min
episode 708/1013  eps 0.010  train return  +10.52%  loss 6.50e-05  maxQ +0.0133  changes   318  10.0 min
episode 709/1013  eps 0.010  train return  -21.92%  loss 6.16e-05  maxQ +0.0127  changes   322  10.0 min
episode 710/1013  eps 0.010  train return   -8.72%  loss 6.40e-05  maxQ +0.0128  changes   332  10.0 min | val return -6.43% (best +2.17%)
episode 711/1013  eps 0.010  train return +125.26%  loss 6.25e-05  maxQ +0.0125  changes   387  10.0 min
episode 712/1013  eps 0.010  train return   -3.60%  loss 6.99e-05  maxQ +0.0129  changes   395  10.0 min
episode 713/1013  eps 0.010  train return  +15.83%  loss 6.71e-05  maxQ +0.0130  changes   313  10.1 min
episode 714/1013  eps 0.010  train return   +1.11%  loss 6.52e-05  maxQ +0.0132  changes   304  10.1 min
episode 715/1013  eps 0.010  train return   +2.07%  loss 7.16e-05  maxQ +0.0130  changes   191  10.1 min
episode 716/1013  eps 0.010  train return  +18.38%  loss 6.59e-05  maxQ +0.0128  changes   378  10.1 min
episode 717/1013  eps 0.010  train return  +15.83%  loss 6.43e-05  maxQ +0.0138  changes   329  10.1 min
episode 718/1013  eps 0.010  train return  +17.05%  loss 6.16e-05  maxQ +0.0134  changes   445  10.1 min
episode 719/1013  eps 0.010  train return  +28.85%  loss 6.42e-05  maxQ +0.0137  changes   379  10.1 min
episode 720/1013  eps 0.010  train return  +17.62%  loss 6.87e-05  maxQ +0.0141  changes   267  10.2 min | val return -23.83% (best +2.17%)
episode 721/1013  eps 0.010  train return   -0.13%  loss 6.40e-05  maxQ +0.0138  changes   379  10.2 min
episode 722/1013  eps 0.010  train return  +26.59%  loss 6.49e-05  maxQ +0.0152  changes   378  10.2 min
episode 723/1013  eps 0.010  train return   -0.01%  loss 6.45e-05  maxQ +0.0146  changes   277  10.2 min
episode 724/1013  eps 0.010  train return  +73.47%  loss 6.76e-05  maxQ +0.0153  changes   409  10.2 min
episode 725/1013  eps 0.010  train return +211.28%  loss 6.77e-05  maxQ +0.0152  changes   506  10.2 min
episode 726/1013  eps 0.010  train return   -0.60%  loss 6.47e-05  maxQ +0.0153  changes   283  10.2 min
episode 727/1013  eps 0.010  train return  +52.99%  loss 7.10e-05  maxQ +0.0148  changes   318  10.3 min
episode 728/1013  eps 0.010  train return  +15.30%  loss 5.78e-05  maxQ +0.0155  changes   429  10.3 min
episode 729/1013  eps 0.010  train return   +1.74%  loss 5.85e-05  maxQ +0.0147  changes   356  10.3 min
episode 730/1013  eps 0.010  train return  +44.24%  loss 5.95e-05  maxQ +0.0141  changes   470  10.3 min | val return -4.21% (best +2.17%)
episode 731/1013  eps 0.010  train return  +31.51%  loss 6.00e-05  maxQ +0.0155  changes   395  10.3 min
episode 732/1013  eps 0.010  train return   +4.07%  loss 5.97e-05  maxQ +0.0150  changes   387  10.3 min
episode 733/1013  eps 0.010  train return   +1.46%  loss 6.14e-05  maxQ +0.0151  changes   328  10.3 min
episode 734/1013  eps 0.010  train return +157.41%  loss 5.92e-05  maxQ +0.0138  changes   491  10.4 min
episode 735/1013  eps 0.010  train return  +17.24%  loss 6.26e-05  maxQ +0.0149  changes   277  10.4 min
episode 736/1013  eps 0.010  train return  +49.61%  loss 6.28e-05  maxQ +0.0141  changes   376  10.4 min
episode 737/1013  eps 0.010  train return  -10.60%  loss 5.67e-05  maxQ +0.0139  changes   212  10.4 min
episode 738/1013  eps 0.010  train return  +18.40%  loss 6.58e-05  maxQ +0.0144  changes   393  10.4 min
episode 739/1013  eps 0.010  train return +106.06%  loss 6.77e-05  maxQ +0.0148  changes   507  10.4 min
episode 740/1013  eps 0.010  train return  +29.26%  loss 6.60e-05  maxQ +0.0154  changes   377  10.4 min | val return -23.16% (best +2.17%)
episode 741/1013  eps 0.010  train return  +52.17%  loss 6.61e-05  maxQ +0.0152  changes   419  10.5 min
episode 742/1013  eps 0.010  train return  +34.22%  loss 6.21e-05  maxQ +0.0146  changes   399  10.5 min
episode 743/1013  eps 0.010  train return  -22.39%  loss 6.63e-05  maxQ +0.0153  changes   445  10.5 min
episode 744/1013  eps 0.010  train return   +6.91%  loss 6.47e-05  maxQ +0.0151  changes   357  10.5 min
episode 745/1013  eps 0.010  train return  +17.40%  loss 6.99e-05  maxQ +0.0151  changes   272  10.5 min
episode 746/1013  eps 0.010  train return +111.05%  loss 6.38e-05  maxQ +0.0143  changes   517  10.5 min
episode 747/1013  eps 0.010  train return  -12.16%  loss 6.69e-05  maxQ +0.0144  changes   343  10.5 min
episode 748/1013  eps 0.010  train return   -7.24%  loss 6.46e-05  maxQ +0.0143  changes   363  10.6 min
episode 749/1013  eps 0.010  train return  +33.45%  loss 6.45e-05  maxQ +0.0138  changes   390  10.6 min
episode 750/1013  eps 0.010  train return   -6.24%  loss 6.33e-05  maxQ +0.0145  changes   332  10.6 min | val return -24.01% (best +2.17%)
episode 751/1013  eps 0.010  train return   +9.02%  loss 6.26e-05  maxQ +0.0140  changes   319  10.6 min
episode 752/1013  eps 0.010  train return   +1.94%  loss 6.22e-05  maxQ +0.0140  changes   301  10.6 min
episode 753/1013  eps 0.010  train return  -38.42%  loss 5.82e-05  maxQ +0.0143  changes   430  10.6 min
episode 754/1013  eps 0.010  train return  -13.51%  loss 6.74e-05  maxQ +0.0139  changes   452  10.6 min
episode 755/1013  eps 0.010  train return  -14.91%  loss 6.31e-05  maxQ +0.0137  changes   286  10.7 min
episode 756/1013  eps 0.010  train return  +10.66%  loss 5.68e-05  maxQ +0.0131  changes   343  10.7 min
episode 757/1013  eps 0.010  train return  +26.32%  loss 5.89e-05  maxQ +0.0131  changes   343  10.7 min
episode 758/1013  eps 0.010  train return  +13.73%  loss 5.47e-05  maxQ +0.0126  changes   317  10.7 min
episode 759/1013  eps 0.010  train return  +15.48%  loss 5.59e-05  maxQ +0.0125  changes   374  10.7 min
episode 760/1013  eps 0.010  train return  +24.62%  loss 5.68e-05  maxQ +0.0134  changes   288  10.7 min | val return -2.93% (best +2.17%)
episode 761/1013  eps 0.010  train return +164.21%  loss 6.58e-05  maxQ +0.0124  changes   484  10.8 min
episode 762/1013  eps 0.010  train return   -5.22%  loss 6.14e-05  maxQ +0.0127  changes   277  10.8 min
episode 763/1013  eps 0.010  train return  +24.99%  loss 6.35e-05  maxQ +0.0130  changes   270  10.8 min
episode 764/1013  eps 0.010  train return   +0.21%  loss 5.66e-05  maxQ +0.0128  changes   350  10.8 min
episode 765/1013  eps 0.010  train return  +15.94%  loss 5.64e-05  maxQ +0.0133  changes   364  10.8 min
episode 766/1013  eps 0.010  train return   -3.35%  loss 6.44e-05  maxQ +0.0131  changes   368  10.8 min
episode 767/1013  eps 0.010  train return  +47.70%  loss 5.99e-05  maxQ +0.0136  changes   417  10.8 min
episode 768/1013  eps 0.010  train return   +8.10%  loss 5.81e-05  maxQ +0.0141  changes   330  10.8 min
episode 769/1013  eps 0.010  train return  +18.12%  loss 5.71e-05  maxQ +0.0138  changes   392  10.9 min
episode 770/1013  eps 0.010  train return   +5.41%  loss 5.49e-05  maxQ +0.0135  changes   337  10.9 min | val return -4.78% (best +2.17%)
episode 771/1013  eps 0.010  train return  +52.63%  loss 5.79e-05  maxQ +0.0133  changes   460  10.9 min
episode 772/1013  eps 0.010  train return   -7.09%  loss 5.56e-05  maxQ +0.0127  changes   356  10.9 min
episode 773/1013  eps 0.010  train return  +27.90%  loss 5.58e-05  maxQ +0.0127  changes   342  10.9 min
episode 774/1013  eps 0.010  train return  +18.83%  loss 5.24e-05  maxQ +0.0125  changes   322  10.9 min
episode 775/1013  eps 0.010  train return  +18.90%  loss 5.23e-05  maxQ +0.0128  changes   271  11.0 min
episode 776/1013  eps 0.010  train return   +1.78%  loss 5.23e-05  maxQ +0.0130  changes   362  11.0 min
episode 777/1013  eps 0.010  train return  +39.77%  loss 5.34e-05  maxQ +0.0136  changes   317  11.0 min
episode 778/1013  eps 0.010  train return  +28.99%  loss 5.85e-05  maxQ +0.0137  changes   246  11.0 min
episode 779/1013  eps 0.010  train return  +50.38%  loss 5.01e-05  maxQ +0.0127  changes   392  11.0 min
episode 780/1013  eps 0.010  train return   -5.73%  loss 5.55e-05  maxQ +0.0131  changes   291  11.0 min | val return -17.93% (best +2.17%)
episode 781/1013  eps 0.010  train return   +1.64%  loss 5.34e-05  maxQ +0.0134  changes   402  11.0 min
episode 782/1013  eps 0.010  train return  +62.30%  loss 5.58e-05  maxQ +0.0130  changes   421  11.1 min
episode 783/1013  eps 0.010  train return  +12.71%  loss 5.41e-05  maxQ +0.0133  changes   269  11.1 min
episode 784/1013  eps 0.010  train return  +23.43%  loss 5.64e-05  maxQ +0.0138  changes   353  11.1 min
episode 785/1013  eps 0.010  train return  +80.74%  loss 5.55e-05  maxQ +0.0135  changes   428  11.1 min
episode 786/1013  eps 0.010  train return   +9.60%  loss 5.99e-05  maxQ +0.0124  changes   365  11.1 min
episode 787/1013  eps 0.010  train return  -13.58%  loss 6.13e-05  maxQ +0.0132  changes   189  11.1 min
episode 788/1013  eps 0.010  train return  +40.61%  loss 5.77e-05  maxQ +0.0129  changes   415  11.1 min
episode 789/1013  eps 0.010  train return +370.05%  loss 6.62e-05  maxQ +0.0136  changes   506  11.1 min
episode 790/1013  eps 0.010  train return  +68.47%  loss 6.73e-05  maxQ +0.0130  changes   318  11.2 min | val return +6.23% (best +6.23%)
episode 791/1013  eps 0.010  train return   -9.79%  loss 6.67e-05  maxQ +0.0140  changes   291  11.2 min
episode 792/1013  eps 0.010  train return  +15.39%  loss 6.44e-05  maxQ +0.0138  changes   348  11.2 min
episode 793/1013  eps 0.010  train return   +8.35%  loss 6.65e-05  maxQ +0.0125  changes   386  11.2 min
episode 794/1013  eps 0.010  train return   -9.72%  loss 6.07e-05  maxQ +0.0127  changes   323  11.2 min
episode 795/1013  eps 0.010  train return +226.44%  loss 6.18e-05  maxQ +0.0126  changes   485  11.2 min
episode 796/1013  eps 0.010  train return  -25.57%  loss 6.23e-05  maxQ +0.0136  changes   359  11.2 min
episode 797/1013  eps 0.010  train return  +28.66%  loss 5.95e-05  maxQ +0.0130  changes   305  11.3 min
episode 798/1013  eps 0.010  train return  +18.20%  loss 6.03e-05  maxQ +0.0122  changes   393  11.3 min
episode 799/1013  eps 0.010  train return  +36.65%  loss 5.99e-05  maxQ +0.0122  changes   410  11.3 min
episode 800/1013  eps 0.010  train return  +39.16%  loss 6.16e-05  maxQ +0.0121  changes   340  11.3 min | val return -1.02% (best +6.23%)
episode 801/1013  eps 0.010  train return  +67.77%  loss 6.18e-05  maxQ +0.0118  changes   428  11.3 min
episode 802/1013  eps 0.010  train return   +4.72%  loss 5.97e-05  maxQ +0.0123  changes   229  11.3 min
episode 803/1013  eps 0.010  train return  +15.73%  loss 6.47e-05  maxQ +0.0132  changes   337  11.4 min
episode 804/1013  eps 0.010  train return  +58.32%  loss 5.87e-05  maxQ +0.0129  changes   346  11.4 min
episode 805/1013  eps 0.010  train return  +18.34%  loss 5.96e-05  maxQ +0.0128  changes   360  11.4 min
episode 806/1013  eps 0.010  train return   -6.27%  loss 6.00e-05  maxQ +0.0123  changes   457  11.4 min
episode 807/1013  eps 0.010  train return  +42.31%  loss 6.34e-05  maxQ +0.0130  changes   349  11.4 min
episode 808/1013  eps 0.010  train return  +26.52%  loss 5.83e-05  maxQ +0.0134  changes   382  11.4 min
episode 809/1013  eps 0.010  train return  -24.04%  loss 5.86e-05  maxQ +0.0125  changes   379  11.4 min
episode 810/1013  eps 0.010  train return  +15.75%  loss 5.90e-05  maxQ +0.0128  changes   325  11.4 min | val return -16.73% (best +6.23%)
episode 811/1013  eps 0.010  train return   -1.81%  loss 5.69e-05  maxQ +0.0122  changes   308  11.5 min
episode 812/1013  eps 0.010  train return   -7.88%  loss 6.17e-05  maxQ +0.0132  changes   405  11.5 min
episode 813/1013  eps 0.010  train return  +18.56%  loss 5.94e-05  maxQ +0.0133  changes   380  11.5 min
episode 814/1013  eps 0.010  train return   -2.07%  loss 5.65e-05  maxQ +0.0121  changes   350  11.5 min
episode 815/1013  eps 0.010  train return  +18.81%  loss 5.94e-05  maxQ +0.0124  changes   447  11.5 min
episode 816/1013  eps 0.010  train return   +5.23%  loss 5.69e-05  maxQ +0.0121  changes   361  11.5 min
episode 817/1013  eps 0.010  train return +125.19%  loss 5.50e-05  maxQ +0.0121  changes   506  11.6 min
episode 818/1013  eps 0.010  train return  +99.29%  loss 6.47e-05  maxQ +0.0123  changes   476  11.6 min
episode 819/1013  eps 0.010  train return  -19.74%  loss 5.95e-05  maxQ +0.0127  changes   361  11.6 min
episode 820/1013  eps 0.010  train return  -20.66%  loss 6.20e-05  maxQ +0.0131  changes   385  11.6 min | val return -30.34% (best +6.23%)
episode 821/1013  eps 0.010  train return   +4.96%  loss 6.25e-05  maxQ +0.0127  changes   328  11.6 min
episode 822/1013  eps 0.010  train return   +7.26%  loss 6.28e-05  maxQ +0.0133  changes   409  11.6 min
episode 823/1013  eps 0.010  train return   -1.57%  loss 6.07e-05  maxQ +0.0129  changes   304  11.6 min
episode 824/1013  eps 0.010  train return   -8.39%  loss 6.32e-05  maxQ +0.0133  changes   332  11.7 min
episode 825/1013  eps 0.010  train return   +7.22%  loss 5.80e-05  maxQ +0.0127  changes   293  11.7 min
episode 826/1013  eps 0.010  train return   +5.53%  loss 6.42e-05  maxQ +0.0129  changes   320  11.7 min
episode 827/1013  eps 0.010  train return  +23.45%  loss 5.99e-05  maxQ +0.0131  changes   330  11.7 min
episode 828/1013  eps 0.010  train return   +5.39%  loss 6.13e-05  maxQ +0.0126  changes   397  11.7 min
episode 829/1013  eps 0.010  train return  +27.70%  loss 6.35e-05  maxQ +0.0125  changes   393  11.7 min
episode 830/1013  eps 0.010  train return  +42.76%  loss 6.46e-05  maxQ +0.0133  changes   362  11.7 min | val return -24.77% (best +6.23%)
episode 831/1013  eps 0.010  train return  +19.03%  loss 6.20e-05  maxQ +0.0134  changes   290  11.8 min
episode 832/1013  eps 0.010  train return   +8.38%  loss 6.06e-05  maxQ +0.0135  changes   245  11.8 min
episode 833/1013  eps 0.010  train return   -7.10%  loss 5.82e-05  maxQ +0.0136  changes   256  11.8 min
episode 834/1013  eps 0.010  train return   -7.67%  loss 6.16e-05  maxQ +0.0134  changes   342  11.8 min
episode 835/1013  eps 0.010  train return  +25.40%  loss 6.51e-05  maxQ +0.0138  changes   357  11.8 min
episode 836/1013  eps 0.010  train return  +43.99%  loss 6.11e-05  maxQ +0.0133  changes   344  11.8 min
episode 837/1013  eps 0.010  train return  +24.88%  loss 5.87e-05  maxQ +0.0131  changes   261  11.8 min
episode 838/1013  eps 0.010  train return   -1.62%  loss 6.26e-05  maxQ +0.0135  changes   372  11.9 min
episode 839/1013  eps 0.010  train return  +44.65%  loss 6.12e-05  maxQ +0.0130  changes   369  11.9 min
episode 840/1013  eps 0.010  train return  +42.89%  loss 5.85e-05  maxQ +0.0128  changes   308  11.9 min | val return -24.32% (best +6.23%)
episode 841/1013  eps 0.010  train return  +43.47%  loss 5.95e-05  maxQ +0.0129  changes   466  11.9 min
episode 842/1013  eps 0.010  train return  -12.54%  loss 5.95e-05  maxQ +0.0134  changes   373  11.9 min
episode 843/1013  eps 0.010  train return +280.19%  loss 7.22e-05  maxQ +0.0129  changes   544  11.9 min
episode 844/1013  eps 0.010  train return  +41.54%  loss 8.40e-05  maxQ +0.0135  changes   364  12.0 min
episode 845/1013  eps 0.010  train return  +34.69%  loss 7.76e-05  maxQ +0.0143  changes   450  12.0 min
episode 846/1013  eps 0.010  train return   +2.23%  loss 7.67e-05  maxQ +0.0133  changes   369  12.0 min
episode 847/1013  eps 0.010  train return  +38.91%  loss 7.08e-05  maxQ +0.0142  changes   377  12.0 min
episode 848/1013  eps 0.010  train return  +36.43%  loss 7.11e-05  maxQ +0.0129  changes   412  12.0 min
episode 849/1013  eps 0.010  train return  +12.17%  loss 7.57e-05  maxQ +0.0132  changes   463  12.0 min
episode 850/1013  eps 0.010  train return  +15.31%  loss 6.77e-05  maxQ +0.0128  changes   371  12.0 min | val return -19.89% (best +6.23%)
episode 851/1013  eps 0.010  train return   -1.67%  loss 6.99e-05  maxQ +0.0133  changes   336  12.1 min
episode 852/1013  eps 0.010  train return  +39.19%  loss 7.46e-05  maxQ +0.0143  changes   457  12.1 min
episode 853/1013  eps 0.010  train return  +88.19%  loss 7.83e-05  maxQ +0.0128  changes   511  12.1 min
episode 854/1013  eps 0.010  train return   -2.01%  loss 7.63e-05  maxQ +0.0135  changes   313  12.1 min
episode 855/1013  eps 0.010  train return   +1.08%  loss 7.90e-05  maxQ +0.0136  changes   348  12.1 min
episode 856/1013  eps 0.010  train return  +40.70%  loss 7.24e-05  maxQ +0.0133  changes   460  12.1 min
episode 857/1013  eps 0.010  train return  +12.14%  loss 7.21e-05  maxQ +0.0134  changes   325  12.1 min
episode 858/1013  eps 0.010  train return +127.51%  loss 6.83e-05  maxQ +0.0128  changes   468  12.2 min
episode 859/1013  eps 0.010  train return   -2.80%  loss 7.40e-05  maxQ +0.0136  changes   231  12.2 min
episode 860/1013  eps 0.010  train return +279.41%  loss 6.91e-05  maxQ +0.0136  changes   512  12.2 min | val return -37.35% (best +6.23%)
episode 861/1013  eps 0.010  train return  -17.13%  loss 6.97e-05  maxQ +0.0133  changes   364  12.2 min
episode 862/1013  eps 0.010  train return  -10.98%  loss 6.98e-05  maxQ +0.0127  changes   275  12.2 min
episode 863/1013  eps 0.010  train return  +15.81%  loss 7.26e-05  maxQ +0.0133  changes   429  12.2 min
episode 864/1013  eps 0.010  train return   +6.42%  loss 7.67e-05  maxQ +0.0134  changes   323  12.3 min
episode 865/1013  eps 0.010  train return   -0.83%  loss 7.90e-05  maxQ +0.0138  changes   326  12.3 min
episode 866/1013  eps 0.010  train return   +8.14%  loss 7.51e-05  maxQ +0.0135  changes   382  12.3 min
episode 867/1013  eps 0.010  train return  -15.33%  loss 7.51e-05  maxQ +0.0135  changes   221  12.3 min
episode 868/1013  eps 0.010  train return  +30.56%  loss 6.82e-05  maxQ +0.0140  changes   418  12.3 min
episode 869/1013  eps 0.010  train return  +30.74%  loss 6.94e-05  maxQ +0.0129  changes   363  12.3 min
episode 870/1013  eps 0.010  train return  -14.98%  loss 6.57e-05  maxQ +0.0127  changes   478  12.3 min | val return -15.48% (best +6.23%)
episode 871/1013  eps 0.010  train return +199.35%  loss 6.92e-05  maxQ +0.0138  changes   527  12.4 min
episode 872/1013  eps 0.010  train return  +41.53%  loss 7.30e-05  maxQ +0.0140  changes   352  12.4 min
episode 873/1013  eps 0.010  train return +150.10%  loss 8.02e-05  maxQ +0.0134  changes   509  12.4 min
episode 874/1013  eps 0.010  train return   +5.87%  loss 7.50e-05  maxQ +0.0132  changes   354  12.4 min
episode 875/1013  eps 0.010  train return   -4.18%  loss 7.34e-05  maxQ +0.0139  changes   211  12.4 min
episode 876/1013  eps 0.010  train return   +1.52%  loss 7.07e-05  maxQ +0.0148  changes   277  12.4 min
episode 877/1013  eps 0.010  train return  +33.55%  loss 7.12e-05  maxQ +0.0142  changes   281  12.4 min
episode 878/1013  eps 0.010  train return   +3.81%  loss 7.02e-05  maxQ +0.0140  changes   205  12.5 min
episode 879/1013  eps 0.010  train return   +1.29%  loss 7.12e-05  maxQ +0.0130  changes   247  12.5 min
episode 880/1013  eps 0.010  train return   -1.63%  loss 6.82e-05  maxQ +0.0132  changes   215  12.5 min | val return -22.25% (best +6.23%)
episode 881/1013  eps 0.010  train return  +12.61%  loss 6.90e-05  maxQ +0.0134  changes   335  12.5 min
episode 882/1013  eps 0.010  train return  +45.76%  loss 7.11e-05  maxQ +0.0134  changes   328  12.5 min
episode 883/1013  eps 0.010  train return  +15.76%  loss 7.25e-05  maxQ +0.0138  changes   489  12.5 min
episode 884/1013  eps 0.010  train return  -15.73%  loss 7.52e-05  maxQ +0.0136  changes   344  12.6 min
episode 885/1013  eps 0.010  train return  -14.62%  loss 7.56e-05  maxQ +0.0144  changes   340  12.6 min
episode 886/1013  eps 0.010  train return   +1.22%  loss 8.49e-05  maxQ +0.0142  changes   212  12.6 min
episode 887/1013  eps 0.010  train return  +38.04%  loss 8.21e-05  maxQ +0.0147  changes   315  12.6 min
episode 888/1013  eps 0.010  train return  +38.51%  loss 7.32e-05  maxQ +0.0138  changes   382  12.6 min
episode 889/1013  eps 0.010  train return   -5.91%  loss 7.60e-05  maxQ +0.0140  changes   148  12.6 min
episode 890/1013  eps 0.010  train return   +5.46%  loss 7.81e-05  maxQ +0.0141  changes   191  12.6 min | val return -24.51% (best +6.23%)
episode 891/1013  eps 0.010  train return  +70.22%  loss 6.66e-05  maxQ +0.0143  changes   464  12.7 min
episode 892/1013  eps 0.010  train return +165.68%  loss 7.51e-05  maxQ +0.0146  changes   434  12.7 min
episode 893/1013  eps 0.010  train return  +13.32%  loss 7.94e-05  maxQ +0.0144  changes   264  12.7 min
episode 894/1013  eps 0.010  train return  -16.52%  loss 7.71e-05  maxQ +0.0141  changes   323  12.7 min
episode 895/1013  eps 0.010  train return  +40.61%  loss 7.95e-05  maxQ +0.0146  changes   279  12.7 min
episode 896/1013  eps 0.010  train return  -12.84%  loss 7.38e-05  maxQ +0.0144  changes   198  12.7 min
episode 897/1013  eps 0.010  train return   -6.04%  loss 7.94e-05  maxQ +0.0142  changes   238  12.8 min
episode 898/1013  eps 0.010  train return  -12.39%  loss 7.53e-05  maxQ +0.0138  changes   254  12.8 min
episode 899/1013  eps 0.010  train return  -10.04%  loss 7.31e-05  maxQ +0.0140  changes   269  12.8 min
episode 900/1013  eps 0.010  train return   +2.86%  loss 6.76e-05  maxQ +0.0139  changes   193  12.8 min | val return -33.65% (best +6.23%)
episode 901/1013  eps 0.010  train return  +41.74%  loss 7.02e-05  maxQ +0.0143  changes   258  12.8 min
episode 902/1013  eps 0.010  train return  +36.72%  loss 8.25e-05  maxQ +0.0140  changes   292  12.8 min
episode 903/1013  eps 0.010  train return  +23.07%  loss 8.71e-05  maxQ +0.0143  changes   292  12.8 min
episode 904/1013  eps 0.010  train return   +8.20%  loss 8.50e-05  maxQ +0.0155  changes   318  12.9 min
episode 905/1013  eps 0.010  train return  +45.11%  loss 8.06e-05  maxQ +0.0157  changes   371  12.9 min
episode 906/1013  eps 0.010  train return  +50.70%  loss 7.86e-05  maxQ +0.0153  changes   402  12.9 min
episode 907/1013  eps 0.010  train return  +10.21%  loss 7.67e-05  maxQ +0.0153  changes   363  12.9 min
episode 908/1013  eps 0.010  train return  -18.04%  loss 8.83e-05  maxQ +0.0153  changes   391  12.9 min
episode 909/1013  eps 0.010  train return  +44.76%  loss 8.64e-05  maxQ +0.0154  changes   362  12.9 min
episode 910/1013  eps 0.010  train return  -23.58%  loss 8.61e-05  maxQ +0.0164  changes   351  12.9 min | val return -18.16% (best +6.23%)
episode 911/1013  eps 0.010  train return   +6.36%  loss 7.93e-05  maxQ +0.0163  changes   269  13.0 min
episode 912/1013  eps 0.010  train return  +23.23%  loss 7.16e-05  maxQ +0.0149  changes   233  13.0 min
episode 913/1013  eps 0.010  train return  +58.66%  loss 7.39e-05  maxQ +0.0145  changes   350  13.0 min
episode 914/1013  eps 0.010  train return  +16.33%  loss 6.60e-05  maxQ +0.0142  changes   277  13.0 min
episode 915/1013  eps 0.010  train return  +59.86%  loss 6.63e-05  maxQ +0.0141  changes   301  13.0 min
episode 916/1013  eps 0.010  train return   -5.41%  loss 6.49e-05  maxQ +0.0138  changes   303  13.0 min
episode 917/1013  eps 0.010  train return   +2.64%  loss 7.18e-05  maxQ +0.0145  changes   370  13.0 min
episode 918/1013  eps 0.010  train return  +10.05%  loss 6.68e-05  maxQ +0.0135  changes   324  13.1 min
episode 919/1013  eps 0.010  train return  -13.82%  loss 6.57e-05  maxQ +0.0132  changes   345  13.1 min
episode 920/1013  eps 0.010  train return   +6.03%  loss 6.57e-05  maxQ +0.0133  changes   175  13.1 min | val return -8.44% (best +6.23%)
episode 921/1013  eps 0.010  train return  +20.73%  loss 6.60e-05  maxQ +0.0130  changes   240  13.1 min
episode 922/1013  eps 0.010  train return   -2.24%  loss 6.38e-05  maxQ +0.0132  changes   110  13.1 min
episode 923/1013  eps 0.010  train return  -10.16%  loss 5.66e-05  maxQ +0.0130  changes   130  13.1 min
episode 924/1013  eps 0.010  train return  -11.80%  loss 5.77e-05  maxQ +0.0127  changes   375  13.1 min
episode 925/1013  eps 0.010  train return  +11.02%  loss 6.23e-05  maxQ +0.0125  changes   480  13.1 min
episode 926/1013  eps 0.010  train return  +22.43%  loss 6.05e-05  maxQ +0.0118  changes   272  13.2 min
episode 927/1013  eps 0.010  train return  +46.20%  loss 5.60e-05  maxQ +0.0122  changes   256  13.2 min
episode 928/1013  eps 0.010  train return  -10.20%  loss 5.56e-05  maxQ +0.0118  changes   306  13.2 min
episode 929/1013  eps 0.010  train return  -13.57%  loss 5.44e-05  maxQ +0.0115  changes   178  13.2 min
episode 930/1013  eps 0.010  train return  +64.25%  loss 5.53e-05  maxQ +0.0113  changes   248  13.2 min | val return -0.21% (best +6.23%)
episode 931/1013  eps 0.010  train return  +30.07%  loss 5.54e-05  maxQ +0.0125  changes   456  13.2 min
episode 932/1013  eps 0.010  train return  -13.33%  loss 5.52e-05  maxQ +0.0115  changes   136  13.2 min
episode 933/1013  eps 0.010  train return  +10.28%  loss 4.80e-05  maxQ +0.0113  changes   154  13.2 min
episode 934/1013  eps 0.010  train return   -0.86%  loss 4.59e-05  maxQ +0.0110  changes   149  13.2 min
episode 935/1013  eps 0.010  train return  +58.71%  loss 4.86e-05  maxQ +0.0113  changes   331  13.3 min
episode 936/1013  eps 0.010  train return  +45.36%  loss 4.98e-05  maxQ +0.0112  changes   355  13.3 min
episode 937/1013  eps 0.010  train return   +1.82%  loss 4.91e-05  maxQ +0.0121  changes   265  13.3 min
episode 938/1013  eps 0.010  train return   +1.36%  loss 5.14e-05  maxQ +0.0117  changes   205  13.3 min
episode 939/1013  eps 0.010  train return   +8.04%  loss 5.61e-05  maxQ +0.0117  changes   286  13.3 min
episode 940/1013  eps 0.010  train return  +14.48%  loss 5.37e-05  maxQ +0.0122  changes   226  13.3 min | val return -18.25% (best +6.23%)
episode 941/1013  eps 0.010  train return +551.91%  loss 5.88e-05  maxQ +0.0119  changes   492  13.3 min
episode 942/1013  eps 0.010  train return   -0.04%  loss 5.80e-05  maxQ +0.0125  changes   337  13.3 min
episode 943/1013  eps 0.010  train return  +24.72%  loss 5.20e-05  maxQ +0.0118  changes   409  13.4 min
episode 944/1013  eps 0.010  train return   -7.04%  loss 5.44e-05  maxQ +0.0123  changes   204  13.4 min
episode 945/1013  eps 0.010  train return  +23.82%  loss 5.48e-05  maxQ +0.0122  changes   279  13.4 min
episode 946/1013  eps 0.010  train return   +0.52%  loss 5.29e-05  maxQ +0.0117  changes   286  13.4 min
episode 947/1013  eps 0.010  train return  +33.56%  loss 5.13e-05  maxQ +0.0121  changes   255  13.4 min
episode 948/1013  eps 0.010  train return   -5.43%  loss 5.89e-05  maxQ +0.0124  changes   220  13.4 min
episode 949/1013  eps 0.010  train return  +50.35%  loss 6.01e-05  maxQ +0.0124  changes   407  13.4 min
episode 950/1013  eps 0.010  train return  -12.32%  loss 5.54e-05  maxQ +0.0117  changes   244  13.4 min | val return -17.00% (best +6.23%)
episode 951/1013  eps 0.010  train return  +27.82%  loss 5.40e-05  maxQ +0.0119  changes   406  13.5 min
episode 952/1013  eps 0.010  train return   -0.32%  loss 5.36e-05  maxQ +0.0118  changes   187  13.5 min
episode 953/1013  eps 0.010  train return  +29.87%  loss 5.73e-05  maxQ +0.0122  changes   409  13.5 min
episode 954/1013  eps 0.010  train return   -4.94%  loss 5.76e-05  maxQ +0.0121  changes   372  13.5 min
episode 955/1013  eps 0.010  train return   +4.97%  loss 5.14e-05  maxQ +0.0120  changes   133  13.5 min
episode 956/1013  eps 0.010  train return  +14.02%  loss 5.48e-05  maxQ +0.0122  changes   256  13.5 min
episode 957/1013  eps 0.010  train return   -1.94%  loss 5.65e-05  maxQ +0.0130  changes   260  13.5 min
episode 958/1013  eps 0.010  train return   +4.23%  loss 5.47e-05  maxQ +0.0131  changes   267  13.5 min
episode 959/1013  eps 0.010  train return  -15.65%  loss 5.29e-05  maxQ +0.0121  changes   247  13.5 min
episode 960/1013  eps 0.010  train return   +0.76%  loss 5.11e-05  maxQ +0.0118  changes   243  13.5 min | val return -6.88% (best +6.23%)
episode 961/1013  eps 0.010  train return  +37.66%  loss 4.92e-05  maxQ +0.0121  changes   192  13.6 min
episode 962/1013  eps 0.010  train return  +51.63%  loss 5.34e-05  maxQ +0.0112  changes   274  13.6 min
episode 963/1013  eps 0.010  train return  -18.48%  loss 5.34e-05  maxQ +0.0116  changes   408  13.6 min
episode 964/1013  eps 0.010  train return   +1.61%  loss 5.84e-05  maxQ +0.0106  changes   266  13.6 min
episode 965/1013  eps 0.010  train return  +16.10%  loss 5.44e-05  maxQ +0.0113  changes   148  13.6 min
episode 966/1013  eps 0.010  train return   +8.64%  loss 5.19e-05  maxQ +0.0108  changes   287  13.6 min
episode 967/1013  eps 0.010  train return   +1.71%  loss 5.43e-05  maxQ +0.0108  changes   238  13.6 min
episode 968/1013  eps 0.010  train return   -3.16%  loss 5.71e-05  maxQ +0.0113  changes   193  13.6 min
episode 969/1013  eps 0.010  train return  +10.37%  loss 5.69e-05  maxQ +0.0117  changes   288  13.6 min
episode 970/1013  eps 0.010  train return +181.63%  loss 6.93e-05  maxQ +0.0115  changes   536  13.7 min | val return -15.68% (best +6.23%)
episode 971/1013  eps 0.010  train return   +2.44%  loss 6.65e-05  maxQ +0.0121  changes   196  13.7 min
episode 972/1013  eps 0.010  train return   +9.35%  loss 6.61e-05  maxQ +0.0119  changes   170  13.7 min
episode 973/1013  eps 0.010  train return  +42.27%  loss 6.29e-05  maxQ +0.0120  changes   372  13.7 min
episode 974/1013  eps 0.010  train return  +18.92%  loss 5.71e-05  maxQ +0.0114  changes   255  13.7 min
episode 975/1013  eps 0.010  train return  +12.63%  loss 6.11e-05  maxQ +0.0117  changes   210  13.7 min
episode 976/1013  eps 0.010  train return   -5.97%  loss 6.05e-05  maxQ +0.0119  changes   324  13.7 min
episode 977/1013  eps 0.010  train return  +28.39%  loss 5.93e-05  maxQ +0.0115  changes   381  13.7 min
episode 978/1013  eps 0.010  train return  +34.01%  loss 6.50e-05  maxQ +0.0112  changes   431  13.7 min
episode 979/1013  eps 0.010  train return  +29.91%  loss 6.61e-05  maxQ +0.0113  changes   318  13.8 min
episode 980/1013  eps 0.010  train return  +32.11%  loss 6.69e-05  maxQ +0.0111  changes   213  13.8 min | val return -13.59% (best +6.23%)
episode 981/1013  eps 0.010  train return  +45.67%  loss 6.43e-05  maxQ +0.0111  changes   254  13.8 min
episode 982/1013  eps 0.010  train return  +17.47%  loss 6.37e-05  maxQ +0.0111  changes   152  13.8 min
episode 983/1013  eps 0.010  train return   -6.15%  loss 6.15e-05  maxQ +0.0112  changes   239  13.8 min
episode 984/1013  eps 0.010  train return   +9.76%  loss 6.94e-05  maxQ +0.0113  changes   134  13.8 min
episode 985/1013  eps 0.010  train return +102.22%  loss 5.85e-05  maxQ +0.0106  changes   464  13.8 min
episode 986/1013  eps 0.010  train return  +22.16%  loss 5.80e-05  maxQ +0.0104  changes   252  13.8 min
episode 987/1013  eps 0.010  train return   -2.77%  loss 6.43e-05  maxQ +0.0109  changes   235  13.8 min
episode 988/1013  eps 0.010  train return   +5.07%  loss 6.75e-05  maxQ +0.0112  changes   294  13.9 min
episode 989/1013  eps 0.010  train return  -21.27%  loss 5.91e-05  maxQ +0.0108  changes   230  13.9 min
episode 990/1013  eps 0.010  train return   -8.42%  loss 6.72e-05  maxQ +0.0104  changes   298  13.9 min | val return -10.81% (best +6.23%)
episode 991/1013  eps 0.010  train return  +16.13%  loss 6.68e-05  maxQ +0.0109  changes   250  13.9 min
episode 992/1013  eps 0.010  train return  +18.61%  loss 6.11e-05  maxQ +0.0112  changes   172  13.9 min
episode 993/1013  eps 0.010  train return  +21.83%  loss 6.50e-05  maxQ +0.0112  changes   140  13.9 min
episode 994/1013  eps 0.010  train return  -10.24%  loss 6.98e-05  maxQ +0.0112  changes   431  13.9 min
episode 995/1013  eps 0.010  train return  +29.59%  loss 6.11e-05  maxQ +0.0112  changes   363  13.9 min
episode 996/1013  eps 0.010  train return  +28.02%  loss 6.73e-05  maxQ +0.0112  changes   130  13.9 min
episode 997/1013  eps 0.010  train return   +4.93%  loss 6.24e-05  maxQ +0.0112  changes   174  14.0 min
episode 998/1013  eps 0.010  train return  +14.78%  loss 6.31e-05  maxQ +0.0113  changes   229  14.0 min
episode 999/1013  eps 0.010  train return  +29.31%  loss 6.50e-05  maxQ +0.0112  changes   269  14.0 min
episode 1000/1013  eps 0.010  train return  -18.00%  loss 6.98e-05  maxQ +0.0111  changes   217  14.0 min | val return -20.53% (best +6.23%)
episode 1001/1013  eps 0.010  train return  +57.01%  loss 6.98e-05  maxQ +0.0113  changes   478  14.0 min
episode 1002/1013  eps 0.010  train return  +47.79%  loss 6.99e-05  maxQ +0.0109  changes   244  14.0 min
episode 1003/1013  eps 0.010  train return   -9.43%  loss 6.51e-05  maxQ +0.0117  changes   207  14.0 min
episode 1004/1013  eps 0.010  train return  -18.55%  loss 7.19e-05  maxQ +0.0117  changes   222  14.0 min
episode 1005/1013  eps 0.010  train return  +10.88%  loss 7.04e-05  maxQ +0.0125  changes   167  14.0 min
episode 1006/1013  eps 0.010  train return   +4.00%  loss 6.94e-05  maxQ +0.0114  changes   216  14.1 min
episode 1007/1013  eps 0.010  train return  +31.76%  loss 6.53e-05  maxQ +0.0116  changes   283  14.1 min
episode 1008/1013  eps 0.010  train return +201.34%  loss 6.91e-05  maxQ +0.0115  changes   505  14.1 min
episode 1009/1013  eps 0.010  train return   +6.87%  loss 7.30e-05  maxQ +0.0112  changes   155  14.1 min
episode 1010/1013  eps 0.010  train return  +23.34%  loss 7.16e-05  maxQ +0.0114  changes   328  14.1 min | val return -12.52% (best +6.23%)
episode 1011/1013  eps 0.010  train return   -4.41%  loss 6.53e-05  maxQ +0.0118  changes   169  14.1 min
episode 1012/1013  eps 0.010  train return   -1.23%  loss 6.66e-05  maxQ +0.0110  changes   238  14.1 min
episode 1013/1013  eps 0.010  train return   -5.03%  loss 6.42e-05  maxQ +0.0111  changes   141  14.1 min | val return -5.52% (best +6.23%)
model    env  portfolio_return  excess_return  n_changes
 last    val         -0.055185      -0.012567      191.9
 last val_w1          0.007767       0.034682      121.9
 last val_w2         -0.068088      -0.052655       74.9
 best    val          0.062287       0.104905      418.8
 best val_w1          0.038948       0.065863      261.8
 best val_w2          0.017198       0.032632      169.8
