Downloaded data: 9,672 candles, 2025-08-10 00:00:00+00:00 to 2026-09-16 23:00:00+00:00; no missing hours
dev_train: 7,296 candles, 2025-08-17 00:00:00+00:00 to 2026-06-16 23:00:00+00:00; no missing hours
val: 1,464 candles, 2026-06-17 00:00:00+00:00 to 2026-08-16 23:00:00+00:00; no missing hours
eval: 744 candles, 2026-08-17 00:00:00+00:00 to 2026-09-16 23:00:00+00:00; no missing hours
episode   1/1013  eps 1.000  train return  +12.27%  loss 7.35e-03  maxQ +0.2973  changes   566  0.0 min
episode   2/1013  eps 0.991  train return   +5.18%  loss 2.01e-03  maxQ +0.3078  changes   571  0.0 min
episode   3/1013  eps 0.982  train return  -26.93%  loss 1.24e-03  maxQ +0.2986  changes   566  0.0 min
episode   4/1013  eps 0.973  train return  -11.09%  loss 1.10e-03  maxQ +0.2858  changes   581  0.0 min
episode   5/1013  eps 0.964  train return  -17.71%  loss 1.07e-03  maxQ +0.2688  changes   577  0.1 min
episode   6/1013  eps 0.955  train return  -13.15%  loss 8.41e-04  maxQ +0.2512  changes   575  0.1 min
episode   7/1013  eps 0.947  train return  -10.76%  loss 7.30e-04  maxQ +0.2378  changes   567  0.1 min
episode   8/1013  eps 0.938  train return   -0.09%  loss 6.71e-04  maxQ +0.2126  changes   585  0.1 min
episode   9/1013  eps 0.929  train return  -14.36%  loss 6.07e-04  maxQ +0.1989  changes   590  0.1 min
episode  10/1013  eps 0.921  train return   +1.67%  loss 5.25e-04  maxQ +0.1873  changes   578  0.1 min | val return -23.10% (best -23.10%)
episode  11/1013  eps 0.913  train return  -16.97%  loss 4.11e-04  maxQ +0.1716  changes   578  0.1 min
episode  12/1013  eps 0.904  train return  -31.62%  loss 3.51e-04  maxQ +0.1595  changes   575  0.2 min
episode  13/1013  eps 0.896  train return  -40.19%  loss 5.02e-04  maxQ +0.1638  changes   573  0.2 min
episode  14/1013  eps 0.888  train return  -13.86%  loss 3.81e-04  maxQ +0.1572  changes   596  0.2 min
episode  15/1013  eps 0.880  train return  -14.98%  loss 3.79e-04  maxQ +0.1559  changes   580  0.2 min
episode  16/1013  eps 0.872  train return   -9.91%  loss 4.23e-04  maxQ +0.1456  changes   587  0.2 min
episode  17/1013  eps 0.864  train return  +34.95%  loss 3.41e-04  maxQ +0.1385  changes   573  0.2 min
episode  18/1013  eps 0.856  train return   -3.27%  loss 2.85e-04  maxQ +0.1327  changes   581  0.2 min
episode  19/1013  eps 0.848  train return  +12.26%  loss 2.68e-04  maxQ +0.1297  changes   579  0.2 min
episode  20/1013  eps 0.841  train return  -27.49%  loss 2.16e-04  maxQ +0.1205  changes   580  0.3 min | val return -6.79% (best -6.79%)
episode  21/1013  eps 0.833  train return  -13.50%  loss 1.90e-04  maxQ +0.1087  changes   574  0.3 min
episode  22/1013  eps 0.825  train return  -10.93%  loss 2.13e-04  maxQ +0.1041  changes   574  0.3 min
episode  23/1013  eps 0.818  train return  -21.87%  loss 2.05e-04  maxQ +0.1004  changes   576  0.3 min
episode  24/1013  eps 0.810  train return  -21.73%  loss 1.75e-04  maxQ +0.0995  changes   570  0.3 min
episode  25/1013  eps 0.803  train return  +11.21%  loss 1.88e-04  maxQ +0.0993  changes   574  0.3 min
episode  26/1013  eps 0.796  train return  +31.31%  loss 1.74e-04  maxQ +0.0907  changes   581  0.3 min
episode  27/1013  eps 0.788  train return  -19.55%  loss 1.61e-04  maxQ +0.0867  changes   574  0.4 min
episode  28/1013  eps 0.781  train return  -14.88%  loss 2.15e-04  maxQ +0.0832  changes   565  0.4 min
episode  29/1013  eps 0.774  train return   -6.93%  loss 1.44e-04  maxQ +0.0807  changes   563  0.4 min
episode  30/1013  eps 0.767  train return   -5.15%  loss 1.34e-04  maxQ +0.0812  changes   581  0.4 min | val return -9.83% (best -6.79%)
episode  31/1013  eps 0.760  train return  +17.56%  loss 1.29e-04  maxQ +0.0774  changes   570  0.4 min
episode  32/1013  eps 0.753  train return  -19.19%  loss 1.18e-04  maxQ +0.0759  changes   556  0.4 min
episode  33/1013  eps 0.746  train return   +2.18%  loss 1.21e-04  maxQ +0.0720  changes   569  0.4 min
episode  34/1013  eps 0.740  train return   +7.10%  loss 1.52e-04  maxQ +0.0718  changes   566  0.5 min
episode  35/1013  eps 0.733  train return  -15.12%  loss 1.35e-04  maxQ +0.0679  changes   558  0.5 min
episode  36/1013  eps 0.726  train return   +0.69%  loss 1.17e-04  maxQ +0.0677  changes   571  0.5 min
episode  37/1013  eps 0.720  train return  -15.31%  loss 1.19e-04  maxQ +0.0613  changes   547  0.5 min
episode  38/1013  eps 0.713  train return  -15.67%  loss 1.06e-04  maxQ +0.0614  changes   577  0.5 min
episode  39/1013  eps 0.707  train return   -9.73%  loss 1.03e-04  maxQ +0.0602  changes   593  0.5 min
episode  40/1013  eps 0.700  train return   +9.87%  loss 1.08e-04  maxQ +0.0686  changes   559  0.5 min | val return -8.07% (best -6.79%)
episode  41/1013  eps 0.694  train return  -15.20%  loss 1.13e-04  maxQ +0.0615  changes   560  0.5 min
episode  42/1013  eps 0.687  train return  -11.77%  loss 1.04e-04  maxQ +0.0628  changes   569  0.6 min
episode  43/1013  eps 0.681  train return  -27.80%  loss 1.02e-04  maxQ +0.0562  changes   559  0.6 min
episode  44/1013  eps 0.675  train return  -11.47%  loss 1.13e-04  maxQ +0.0575  changes   568  0.6 min
episode  45/1013  eps 0.669  train return  +30.99%  loss 9.84e-05  maxQ +0.0541  changes   564  0.6 min
episode  46/1013  eps 0.663  train return   -6.31%  loss 8.86e-05  maxQ +0.0507  changes   579  0.6 min
episode  47/1013  eps 0.657  train return  -19.41%  loss 1.04e-04  maxQ +0.0558  changes   550  0.6 min
episode  48/1013  eps 0.651  train return  -14.50%  loss 1.33e-04  maxQ +0.0544  changes   549  0.6 min
episode  49/1013  eps 0.645  train return  -15.25%  loss 9.22e-05  maxQ +0.0554  changes   564  0.6 min
episode  50/1013  eps 0.639  train return   -3.27%  loss 9.11e-05  maxQ +0.0532  changes   566  0.7 min | val return -35.70% (best -6.79%)
episode  51/1013  eps 0.633  train return   -2.64%  loss 9.29e-05  maxQ +0.0567  changes   533  0.7 min
episode  52/1013  eps 0.627  train return  +45.90%  loss 9.29e-05  maxQ +0.0533  changes   583  0.7 min
episode  53/1013  eps 0.622  train return   +5.24%  loss 8.73e-05  maxQ +0.0512  changes   567  0.7 min
episode  54/1013  eps 0.616  train return  -32.37%  loss 9.26e-05  maxQ +0.0499  changes   550  0.7 min
episode  55/1013  eps 0.610  train return  +18.59%  loss 8.69e-05  maxQ +0.0523  changes   564  0.7 min
episode  56/1013  eps 0.605  train return   +4.82%  loss 8.29e-05  maxQ +0.0493  changes   553  0.7 min
episode  57/1013  eps 0.599  train return   +1.76%  loss 8.58e-05  maxQ +0.0471  changes   557  0.7 min
episode  58/1013  eps 0.594  train return  -18.76%  loss 7.60e-05  maxQ +0.0457  changes   542  0.8 min
episode  59/1013  eps 0.588  train return   -4.12%  loss 7.79e-05  maxQ +0.0444  changes   560  0.8 min
episode  60/1013  eps 0.583  train return  -14.42%  loss 8.11e-05  maxQ +0.0439  changes   554  0.8 min | val return -12.72% (best -6.79%)
episode  61/1013  eps 0.578  train return   -0.39%  loss 8.11e-05  maxQ +0.0429  changes   545  0.8 min
episode  62/1013  eps 0.573  train return  -10.53%  loss 7.83e-05  maxQ +0.0428  changes   556  0.8 min
episode  63/1013  eps 0.567  train return   -6.51%  loss 6.71e-05  maxQ +0.0402  changes   501  0.8 min
episode  64/1013  eps 0.562  train return   +2.59%  loss 7.53e-05  maxQ +0.0400  changes   514  0.8 min
episode  65/1013  eps 0.557  train return   -6.57%  loss 7.15e-05  maxQ +0.0395  changes   544  0.9 min
episode  66/1013  eps 0.552  train return  -15.60%  loss 7.84e-05  maxQ +0.0379  changes   572  0.9 min
episode  67/1013  eps 0.547  train return  -10.70%  loss 7.78e-05  maxQ +0.0394  changes   538  0.9 min
episode  68/1013  eps 0.542  train return  -15.55%  loss 8.30e-05  maxQ +0.0399  changes   543  0.9 min
episode  69/1013  eps 0.537  train return  -14.64%  loss 7.76e-05  maxQ +0.0432  changes   561  0.9 min
episode  70/1013  eps 0.532  train return  -34.71%  loss 8.81e-05  maxQ +0.0404  changes   566  0.9 min | val return -34.52% (best -6.79%)
episode  71/1013  eps 0.527  train return   +7.58%  loss 7.44e-05  maxQ +0.0377  changes   561  0.9 min
episode  72/1013  eps 0.523  train return  +44.54%  loss 7.62e-05  maxQ +0.0410  changes   562  0.9 min
episode  73/1013  eps 0.518  train return  +33.83%  loss 8.35e-05  maxQ +0.0402  changes   546  1.0 min
episode  74/1013  eps 0.513  train return  -33.03%  loss 7.86e-05  maxQ +0.0375  changes   548  1.0 min
episode  75/1013  eps 0.508  train return  -19.92%  loss 7.94e-05  maxQ +0.0378  changes   519  1.0 min
episode  76/1013  eps 0.504  train return   +5.41%  loss 7.84e-05  maxQ +0.0391  changes   533  1.0 min
episode  77/1013  eps 0.499  train return   +9.78%  loss 7.85e-05  maxQ +0.0354  changes   524  1.0 min
episode  78/1013  eps 0.495  train return   +0.79%  loss 7.72e-05  maxQ +0.0352  changes   560  1.0 min
episode  79/1013  eps 0.490  train return  +15.00%  loss 8.34e-05  maxQ +0.0331  changes   491  1.0 min
episode  80/1013  eps 0.486  train return  -31.30%  loss 7.62e-05  maxQ +0.0337  changes   532  1.0 min | val return -33.34% (best -6.79%)
episode  81/1013  eps 0.481  train return  +20.82%  loss 6.83e-05  maxQ +0.0322  changes   546  1.1 min
episode  82/1013  eps 0.477  train return   -4.26%  loss 6.71e-05  maxQ +0.0322  changes   515  1.1 min
episode  83/1013  eps 0.473  train return  -27.25%  loss 7.20e-05  maxQ +0.0312  changes   520  1.1 min
episode  84/1013  eps 0.468  train return   +5.31%  loss 7.01e-05  maxQ +0.0297  changes   526  1.1 min
episode  85/1013  eps 0.464  train return   +1.35%  loss 7.08e-05  maxQ +0.0317  changes   526  1.1 min
episode  86/1013  eps 0.460  train return  +19.67%  loss 7.39e-05  maxQ +0.0321  changes   556  1.1 min
episode  87/1013  eps 0.456  train return  -15.35%  loss 7.28e-05  maxQ +0.0334  changes   538  1.1 min
episode  88/1013  eps 0.451  train return  +21.69%  loss 6.86e-05  maxQ +0.0304  changes   526  1.1 min
episode  89/1013  eps 0.447  train return  -11.36%  loss 6.99e-05  maxQ +0.0306  changes   512  1.2 min
episode  90/1013  eps 0.443  train return  +77.74%  loss 7.25e-05  maxQ +0.0302  changes   545  1.2 min | val return -20.12% (best -6.79%)
episode  91/1013  eps 0.439  train return  -38.80%  loss 7.39e-05  maxQ +0.0317  changes   526  1.2 min
episode  92/1013  eps 0.435  train return  +10.10%  loss 6.90e-05  maxQ +0.0326  changes   528  1.2 min
episode  93/1013  eps 0.431  train return   +8.20%  loss 7.63e-05  maxQ +0.0336  changes   518  1.2 min
episode  94/1013  eps 0.427  train return  -37.06%  loss 8.30e-05  maxQ +0.0326  changes   531  1.2 min
episode  95/1013  eps 0.423  train return   -0.40%  loss 7.34e-05  maxQ +0.0323  changes   497  1.2 min
episode  96/1013  eps 0.420  train return   -1.89%  loss 6.55e-05  maxQ +0.0290  changes   503  1.2 min
episode  97/1013  eps 0.416  train return  +47.65%  loss 7.14e-05  maxQ +0.0280  changes   498  1.3 min
episode  98/1013  eps 0.412  train return   +0.83%  loss 7.27e-05  maxQ +0.0280  changes   506  1.3 min
episode  99/1013  eps 0.408  train return   -1.58%  loss 6.85e-05  maxQ +0.0248  changes   496  1.3 min
episode 100/1013  eps 0.405  train return  +10.39%  loss 6.92e-05  maxQ +0.0243  changes   504  1.3 min | val return -28.46% (best -6.79%)
episode 101/1013  eps 0.401  train return  -31.87%  loss 7.40e-05  maxQ +0.0273  changes   493  1.3 min
episode 102/1013  eps 0.397  train return   +8.00%  loss 6.97e-05  maxQ +0.0266  changes   494  1.3 min
episode 103/1013  eps 0.394  train return   -0.70%  loss 6.87e-05  maxQ +0.0266  changes   511  1.3 min
episode 104/1013  eps 0.390  train return  -12.78%  loss 7.41e-05  maxQ +0.0287  changes   513  1.4 min
episode 105/1013  eps 0.386  train return   -8.38%  loss 7.25e-05  maxQ +0.0282  changes   510  1.4 min
episode 106/1013  eps 0.383  train return   -6.50%  loss 6.57e-05  maxQ +0.0265  changes   484  1.4 min
episode 107/1013  eps 0.379  train return   +8.14%  loss 6.84e-05  maxQ +0.0267  changes   560  1.4 min
episode 108/1013  eps 0.376  train return  -21.67%  loss 7.38e-05  maxQ +0.0272  changes   497  1.4 min
episode 109/1013  eps 0.373  train return   +8.35%  loss 7.13e-05  maxQ +0.0259  changes   504  1.4 min
episode 110/1013  eps 0.369  train return  -30.11%  loss 7.28e-05  maxQ +0.0258  changes   515  1.4 min | val return -19.35% (best -6.79%)
episode 111/1013  eps 0.366  train return  -12.24%  loss 6.48e-05  maxQ +0.0248  changes   503  1.5 min
episode 112/1013  eps 0.363  train return   +5.05%  loss 6.67e-05  maxQ +0.0245  changes   512  1.5 min
episode 113/1013  eps 0.359  train return   +1.69%  loss 6.73e-05  maxQ +0.0229  changes   518  1.5 min
episode 114/1013  eps 0.356  train return   -6.24%  loss 6.94e-05  maxQ +0.0233  changes   513  1.5 min
episode 115/1013  eps 0.353  train return   +1.45%  loss 6.42e-05  maxQ +0.0231  changes   522  1.5 min
episode 116/1013  eps 0.349  train return  +44.26%  loss 6.77e-05  maxQ +0.0249  changes   510  1.5 min
episode 117/1013  eps 0.346  train return  -15.64%  loss 6.44e-05  maxQ +0.0262  changes   519  1.5 min
episode 118/1013  eps 0.343  train return   +1.69%  loss 7.23e-05  maxQ +0.0239  changes   500  1.5 min
episode 119/1013  eps 0.340  train return  +42.99%  loss 8.08e-05  maxQ +0.0256  changes   541  1.5 min
episode 120/1013  eps 0.337  train return  -21.43%  loss 7.09e-05  maxQ +0.0249  changes   504  1.6 min | val return -34.20% (best -6.79%)
episode 121/1013  eps 0.334  train return   +4.55%  loss 6.92e-05  maxQ +0.0255  changes   529  1.6 min
episode 122/1013  eps 0.331  train return  -12.82%  loss 7.41e-05  maxQ +0.0219  changes   494  1.6 min
episode 123/1013  eps 0.328  train return   -8.00%  loss 7.01e-05  maxQ +0.0240  changes   498  1.6 min
episode 124/1013  eps 0.325  train return   +9.30%  loss 6.39e-05  maxQ +0.0215  changes   511  1.6 min
episode 125/1013  eps 0.322  train return +134.29%  loss 7.23e-05  maxQ +0.0223  changes   525  1.6 min
episode 126/1013  eps 0.319  train return  -10.61%  loss 7.68e-05  maxQ +0.0227  changes   501  1.6 min
episode 127/1013  eps 0.316  train return  +27.50%  loss 6.82e-05  maxQ +0.0228  changes   520  1.7 min
episode 128/1013  eps 0.313  train return  +19.60%  loss 7.59e-05  maxQ +0.0247  changes   512  1.7 min
episode 129/1013  eps 0.310  train return  -14.14%  loss 7.58e-05  maxQ +0.0242  changes   482  1.7 min
episode 130/1013  eps 0.308  train return  +11.82%  loss 7.36e-05  maxQ +0.0235  changes   487  1.7 min | val return -31.74% (best -6.79%)
episode 131/1013  eps 0.305  train return   -4.01%  loss 7.27e-05  maxQ +0.0225  changes   499  1.7 min
episode 132/1013  eps 0.302  train return  +17.02%  loss 7.49e-05  maxQ +0.0245  changes   461  1.7 min
episode 133/1013  eps 0.299  train return  +10.16%  loss 8.49e-05  maxQ +0.0240  changes   484  1.7 min
episode 134/1013  eps 0.296  train return  +17.72%  loss 7.11e-05  maxQ +0.0225  changes   524  1.7 min
episode 135/1013  eps 0.294  train return   +0.90%  loss 8.20e-05  maxQ +0.0237  changes   496  1.8 min
episode 136/1013  eps 0.291  train return   -7.14%  loss 7.97e-05  maxQ +0.0279  changes   474  1.8 min
episode 137/1013  eps 0.288  train return  -21.31%  loss 7.63e-05  maxQ +0.0258  changes   515  1.8 min
episode 138/1013  eps 0.286  train return   +4.41%  loss 7.85e-05  maxQ +0.0272  changes   491  1.8 min
episode 139/1013  eps 0.283  train return  +10.14%  loss 7.85e-05  maxQ +0.0267  changes   471  1.8 min
episode 140/1013  eps 0.281  train return   -2.28%  loss 7.78e-05  maxQ +0.0259  changes   495  1.8 min | val return -41.84% (best -6.79%)
episode 141/1013  eps 0.278  train return  +20.18%  loss 7.91e-05  maxQ +0.0245  changes   522  1.8 min
episode 142/1013  eps 0.276  train return  -18.52%  loss 7.22e-05  maxQ +0.0250  changes   505  1.9 min
episode 143/1013  eps 0.273  train return  +16.15%  loss 6.53e-05  maxQ +0.0234  changes   483  1.9 min
episode 144/1013  eps 0.271  train return  +11.63%  loss 6.60e-05  maxQ +0.0226  changes   522  1.9 min
episode 145/1013  eps 0.268  train return   +0.79%  loss 6.97e-05  maxQ +0.0229  changes   498  1.9 min
episode 146/1013  eps 0.266  train return  +10.92%  loss 6.54e-05  maxQ +0.0224  changes   495  1.9 min
episode 147/1013  eps 0.263  train return  +84.92%  loss 6.77e-05  maxQ +0.0220  changes   526  1.9 min
episode 148/1013  eps 0.261  train return  -12.82%  loss 6.96e-05  maxQ +0.0208  changes   510  1.9 min
episode 149/1013  eps 0.258  train return   -4.29%  loss 7.67e-05  maxQ +0.0203  changes   548  1.9 min
episode 150/1013  eps 0.256  train return   -0.67%  loss 7.06e-05  maxQ +0.0216  changes   464  2.0 min | val return -24.42% (best -6.79%)
episode 151/1013  eps 0.254  train return   -5.27%  loss 7.11e-05  maxQ +0.0204  changes   509  2.0 min
episode 152/1013  eps 0.251  train return   +8.93%  loss 6.75e-05  maxQ +0.0209  changes   490  2.0 min
episode 153/1013  eps 0.249  train return  +24.63%  loss 6.32e-05  maxQ +0.0211  changes   486  2.0 min
episode 154/1013  eps 0.247  train return  -14.71%  loss 7.32e-05  maxQ +0.0208  changes   497  2.0 min
episode 155/1013  eps 0.245  train return  +16.70%  loss 7.47e-05  maxQ +0.0217  changes   504  2.0 min
episode 156/1013  eps 0.242  train return   +3.44%  loss 7.33e-05  maxQ +0.0206  changes   458  2.1 min
episode 157/1013  eps 0.240  train return   +1.36%  loss 6.75e-05  maxQ +0.0202  changes   501  2.1 min
episode 158/1013  eps 0.238  train return   -5.18%  loss 7.30e-05  maxQ +0.0198  changes   489  2.1 min
episode 159/1013  eps 0.236  train return  +70.40%  loss 6.34e-05  maxQ +0.0192  changes   527  2.1 min
episode 160/1013  eps 0.234  train return  +11.01%  loss 6.41e-05  maxQ +0.0197  changes   500  2.1 min | val return -24.72% (best -6.79%)
episode 161/1013  eps 0.232  train return   -0.51%  loss 6.37e-05  maxQ +0.0200  changes   465  2.1 min
episode 162/1013  eps 0.230  train return  +29.01%  loss 6.43e-05  maxQ +0.0200  changes   527  2.1 min
episode 163/1013  eps 0.227  train return   +1.41%  loss 6.17e-05  maxQ +0.0183  changes   491  2.2 min
episode 164/1013  eps 0.225  train return  +50.32%  loss 6.44e-05  maxQ +0.0176  changes   469  2.2 min
episode 165/1013  eps 0.223  train return   +3.03%  loss 6.27e-05  maxQ +0.0174  changes   495  2.2 min
episode 166/1013  eps 0.221  train return  -25.39%  loss 6.26e-05  maxQ +0.0174  changes   488  2.2 min
episode 167/1013  eps 0.219  train return  +88.26%  loss 6.39e-05  maxQ +0.0187  changes   552  2.2 min
episode 168/1013  eps 0.217  train return  -11.88%  loss 6.31e-05  maxQ +0.0186  changes   456  2.2 min
episode 169/1013  eps 0.215  train return  -14.44%  loss 6.85e-05  maxQ +0.0214  changes   431  2.2 min
episode 170/1013  eps 0.213  train return  +23.00%  loss 6.47e-05  maxQ +0.0197  changes   444  2.2 min | val return -27.21% (best -6.79%)
episode 171/1013  eps 0.211  train return  +65.53%  loss 6.34e-05  maxQ +0.0191  changes   480  2.3 min
episode 172/1013  eps 0.209  train return   -3.43%  loss 6.29e-05  maxQ +0.0190  changes   471  2.3 min
episode 173/1013  eps 0.208  train return   -1.83%  loss 6.52e-05  maxQ +0.0196  changes   490  2.3 min
episode 174/1013  eps 0.206  train return  +49.12%  loss 6.72e-05  maxQ +0.0190  changes   498  2.3 min
episode 175/1013  eps 0.204  train return   +0.77%  loss 6.17e-05  maxQ +0.0196  changes   512  2.3 min
episode 176/1013  eps 0.202  train return  +22.31%  loss 6.81e-05  maxQ +0.0213  changes   459  2.3 min
episode 177/1013  eps 0.200  train return  -13.76%  loss 6.79e-05  maxQ +0.0188  changes   433  2.3 min
episode 178/1013  eps 0.198  train return  +37.46%  loss 6.81e-05  maxQ +0.0202  changes   491  2.4 min
episode 179/1013  eps 0.196  train return   -8.71%  loss 6.58e-05  maxQ +0.0189  changes   498  2.4 min
episode 180/1013  eps 0.195  train return  +87.46%  loss 6.23e-05  maxQ +0.0185  changes   515  2.4 min | val return -19.56% (best -6.79%)
episode 181/1013  eps 0.193  train return  -23.63%  loss 6.85e-05  maxQ +0.0179  changes   498  2.4 min
episode 182/1013  eps 0.191  train return  -19.24%  loss 7.57e-05  maxQ +0.0207  changes   499  2.4 min
episode 183/1013  eps 0.189  train return   -7.93%  loss 7.56e-05  maxQ +0.0199  changes   494  2.4 min
episode 184/1013  eps 0.188  train return   -3.04%  loss 7.28e-05  maxQ +0.0179  changes   446  2.4 min
episode 185/1013  eps 0.186  train return  +22.12%  loss 6.52e-05  maxQ +0.0182  changes   500  2.5 min
episode 186/1013  eps 0.184  train return  +27.77%  loss 7.09e-05  maxQ +0.0192  changes   529  2.5 min
episode 187/1013  eps 0.183  train return   +0.48%  loss 7.33e-05  maxQ +0.0191  changes   492  2.5 min
episode 188/1013  eps 0.181  train return   -4.04%  loss 7.66e-05  maxQ +0.0206  changes   458  2.5 min
episode 189/1013  eps 0.179  train return   +1.63%  loss 6.60e-05  maxQ +0.0204  changes   435  2.5 min
episode 190/1013  eps 0.178  train return   +9.38%  loss 6.40e-05  maxQ +0.0188  changes   483  2.5 min | val return -11.22% (best -6.79%)
episode 191/1013  eps 0.176  train return  +17.71%  loss 6.87e-05  maxQ +0.0195  changes   466  2.6 min
episode 192/1013  eps 0.174  train return  +17.47%  loss 5.85e-05  maxQ +0.0186  changes   508  2.6 min
episode 193/1013  eps 0.173  train return  -15.45%  loss 6.33e-05  maxQ +0.0195  changes   433  2.6 min
episode 194/1013  eps 0.171  train return   +9.76%  loss 5.99e-05  maxQ +0.0189  changes   466  2.6 min
episode 195/1013  eps 0.170  train return  -12.02%  loss 5.97e-05  maxQ +0.0193  changes   492  2.6 min
episode 196/1013  eps 0.168  train return  +15.46%  loss 6.30e-05  maxQ +0.0198  changes   488  2.6 min
episode 197/1013  eps 0.167  train return   -5.25%  loss 5.76e-05  maxQ +0.0203  changes   504  2.6 min
episode 198/1013  eps 0.165  train return  +44.96%  loss 6.12e-05  maxQ +0.0204  changes   499  2.6 min
episode 199/1013  eps 0.164  train return  +24.59%  loss 5.89e-05  maxQ +0.0193  changes   463  2.7 min
episode 200/1013  eps 0.162  train return  +26.41%  loss 5.93e-05  maxQ +0.0202  changes   480  2.7 min | val return -19.40% (best -6.79%)
episode 201/1013  eps 0.161  train return  -11.11%  loss 5.88e-05  maxQ +0.0197  changes   485  2.7 min
episode 202/1013  eps 0.159  train return   -0.39%  loss 6.26e-05  maxQ +0.0191  changes   448  2.7 min
episode 203/1013  eps 0.158  train return  +20.60%  loss 5.72e-05  maxQ +0.0190  changes   485  2.7 min
episode 204/1013  eps 0.156  train return   +0.99%  loss 6.23e-05  maxQ +0.0190  changes   499  2.7 min
episode 205/1013  eps 0.155  train return   -2.87%  loss 5.70e-05  maxQ +0.0183  changes   477  2.7 min
episode 206/1013  eps 0.154  train return   +6.27%  loss 5.69e-05  maxQ +0.0185  changes   487  2.8 min
episode 207/1013  eps 0.152  train return   +5.79%  loss 6.19e-05  maxQ +0.0181  changes   438  2.8 min
episode 208/1013  eps 0.151  train return   -6.71%  loss 5.87e-05  maxQ +0.0181  changes   445  2.8 min
episode 209/1013  eps 0.149  train return   +8.04%  loss 5.40e-05  maxQ +0.0167  changes   484  2.8 min
episode 210/1013  eps 0.148  train return   -0.50%  loss 5.98e-05  maxQ +0.0173  changes   499  2.8 min | val return -18.84% (best -6.79%)
episode 211/1013  eps 0.147  train return  +10.74%  loss 5.66e-05  maxQ +0.0170  changes   468  2.8 min
episode 212/1013  eps 0.145  train return   -3.48%  loss 5.63e-05  maxQ +0.0177  changes   468  2.8 min
episode 213/1013  eps 0.144  train return  +85.15%  loss 6.06e-05  maxQ +0.0172  changes   535  2.9 min
episode 214/1013  eps 0.143  train return  +29.76%  loss 6.23e-05  maxQ +0.0168  changes   477  2.9 min
episode 215/1013  eps 0.141  train return  +24.83%  loss 6.31e-05  maxQ +0.0167  changes   448  2.9 min
episode 216/1013  eps 0.140  train return   +9.02%  loss 5.86e-05  maxQ +0.0164  changes   476  2.9 min
episode 217/1013  eps 0.139  train return  +20.69%  loss 5.83e-05  maxQ +0.0159  changes   501  2.9 min
episode 218/1013  eps 0.138  train return   +1.64%  loss 5.95e-05  maxQ +0.0176  changes   456  2.9 min
episode 219/1013  eps 0.136  train return  -19.82%  loss 5.98e-05  maxQ +0.0178  changes   483  2.9 min
episode 220/1013  eps 0.135  train return  -17.47%  loss 6.34e-05  maxQ +0.0186  changes   441  2.9 min | val return -33.93% (best -6.79%)
episode 221/1013  eps 0.134  train return  -26.90%  loss 6.06e-05  maxQ +0.0185  changes   511  3.0 min
episode 222/1013  eps 0.133  train return  +11.44%  loss 5.95e-05  maxQ +0.0181  changes   471  3.0 min
episode 223/1013  eps 0.131  train return  +14.96%  loss 6.13e-05  maxQ +0.0189  changes   481  3.0 min
episode 224/1013  eps 0.130  train return   -1.75%  loss 5.96e-05  maxQ +0.0188  changes   458  3.0 min
episode 225/1013  eps 0.129  train return  +35.12%  loss 5.65e-05  maxQ +0.0184  changes   435  3.0 min
episode 226/1013  eps 0.128  train return  -21.67%  loss 5.79e-05  maxQ +0.0189  changes   430  3.0 min
episode 227/1013  eps 0.127  train return   -2.67%  loss 6.49e-05  maxQ +0.0190  changes   439  3.0 min
episode 228/1013  eps 0.126  train return +285.47%  loss 6.61e-05  maxQ +0.0198  changes   542  3.1 min
episode 229/1013  eps 0.124  train return  +38.78%  loss 7.33e-05  maxQ +0.0210  changes   508  3.1 min
episode 230/1013  eps 0.123  train return  +27.22%  loss 6.38e-05  maxQ +0.0194  changes   487  3.1 min | val return -31.19% (best -6.79%)
episode 231/1013  eps 0.122  train return  +38.87%  loss 6.49e-05  maxQ +0.0204  changes   518  3.1 min
episode 232/1013  eps 0.121  train return  +48.38%  loss 6.29e-05  maxQ +0.0182  changes   528  3.1 min
episode 233/1013  eps 0.120  train return  +35.10%  loss 6.31e-05  maxQ +0.0185  changes   474  3.1 min
episode 234/1013  eps 0.119  train return +158.08%  loss 6.40e-05  maxQ +0.0182  changes   535  3.1 min
episode 235/1013  eps 0.118  train return  -38.56%  loss 6.45e-05  maxQ +0.0180  changes   506  3.2 min
episode 236/1013  eps 0.117  train return   +1.89%  loss 6.46e-05  maxQ +0.0172  changes   448  3.2 min
episode 237/1013  eps 0.116  train return  -12.46%  loss 6.30e-05  maxQ +0.0184  changes   491  3.2 min
episode 238/1013  eps 0.115  train return   +3.67%  loss 6.64e-05  maxQ +0.0199  changes   479  3.2 min
episode 239/1013  eps 0.114  train return  -19.97%  loss 6.52e-05  maxQ +0.0190  changes   508  3.2 min
episode 240/1013  eps 0.112  train return   +4.01%  loss 6.53e-05  maxQ +0.0200  changes   523  3.2 min | val return -16.05% (best -6.79%)
episode 241/1013  eps 0.111  train return   -2.08%  loss 7.09e-05  maxQ +0.0200  changes   421  3.2 min
episode 242/1013  eps 0.110  train return  +49.50%  loss 6.40e-05  maxQ +0.0200  changes   485  3.3 min
episode 243/1013  eps 0.109  train return  +16.27%  loss 6.48e-05  maxQ +0.0185  changes   495  3.3 min
episode 244/1013  eps 0.108  train return  -26.85%  loss 7.36e-05  maxQ +0.0200  changes   470  3.3 min
episode 245/1013  eps 0.107  train return  -26.58%  loss 6.94e-05  maxQ +0.0200  changes   454  3.3 min
episode 246/1013  eps 0.106  train return   +8.92%  loss 7.06e-05  maxQ +0.0180  changes   471  3.3 min
episode 247/1013  eps 0.106  train return  +34.05%  loss 7.22e-05  maxQ +0.0178  changes   520  3.3 min
episode 248/1013  eps 0.105  train return   +4.48%  loss 6.98e-05  maxQ +0.0171  changes   441  3.3 min
episode 249/1013  eps 0.104  train return   -3.02%  loss 6.89e-05  maxQ +0.0175  changes   452  3.3 min
episode 250/1013  eps 0.103  train return  +12.12%  loss 6.29e-05  maxQ +0.0177  changes   493  3.4 min | val return -29.34% (best -6.79%)
episode 251/1013  eps 0.102  train return   -0.99%  loss 6.87e-05  maxQ +0.0185  changes   443  3.4 min
episode 252/1013  eps 0.101  train return  -12.39%  loss 6.58e-05  maxQ +0.0178  changes   454  3.4 min
episode 253/1013  eps 0.100  train return  +47.04%  loss 6.24e-05  maxQ +0.0187  changes   480  3.4 min
episode 254/1013  eps 0.099  train return   +9.44%  loss 6.20e-05  maxQ +0.0170  changes   456  3.4 min
episode 255/1013  eps 0.098  train return  +31.37%  loss 6.54e-05  maxQ +0.0173  changes   501  3.4 min
episode 256/1013  eps 0.097  train return  +61.56%  loss 6.03e-05  maxQ +0.0176  changes   495  3.4 min
episode 257/1013  eps 0.096  train return  +40.45%  loss 6.91e-05  maxQ +0.0165  changes   404  3.5 min
episode 258/1013  eps 0.095  train return  +30.02%  loss 6.63e-05  maxQ +0.0164  changes   450  3.5 min
episode 259/1013  eps 0.095  train return   +8.09%  loss 6.33e-05  maxQ +0.0161  changes   442  3.5 min
episode 260/1013  eps 0.094  train return  +13.24%  loss 6.73e-05  maxQ +0.0176  changes   449  3.5 min | val return -12.43% (best -6.79%)
episode 261/1013  eps 0.093  train return  +49.91%  loss 6.58e-05  maxQ +0.0167  changes   463  3.5 min
episode 262/1013  eps 0.092  train return   +2.12%  loss 5.95e-05  maxQ +0.0179  changes   366  3.5 min
episode 263/1013  eps 0.091  train return  +19.63%  loss 6.94e-05  maxQ +0.0176  changes   396  3.5 min
episode 264/1013  eps 0.090  train return  +30.48%  loss 6.95e-05  maxQ +0.0168  changes   518  3.5 min
episode 265/1013  eps 0.090  train return  -22.31%  loss 6.32e-05  maxQ +0.0175  changes   436  3.6 min
episode 266/1013  eps 0.089  train return   +0.08%  loss 7.31e-05  maxQ +0.0167  changes   465  3.6 min
episode 267/1013  eps 0.088  train return  +18.35%  loss 6.70e-05  maxQ +0.0174  changes   440  3.6 min
episode 268/1013  eps 0.087  train return   -6.96%  loss 6.14e-05  maxQ +0.0171  changes   399  3.6 min
episode 269/1013  eps 0.086  train return  +55.45%  loss 6.46e-05  maxQ +0.0168  changes   518  3.6 min
episode 270/1013  eps 0.086  train return  -18.24%  loss 6.62e-05  maxQ +0.0155  changes   461  3.6 min | val return -31.86% (best -6.79%)
episode 271/1013  eps 0.085  train return  +37.40%  loss 6.45e-05  maxQ +0.0160  changes   505  3.7 min
episode 272/1013  eps 0.084  train return   -8.11%  loss 6.90e-05  maxQ +0.0167  changes   432  3.7 min
episode 273/1013  eps 0.083  train return  +49.95%  loss 6.69e-05  maxQ +0.0169  changes   542  3.7 min
episode 274/1013  eps 0.082  train return   +7.46%  loss 7.05e-05  maxQ +0.0183  changes   455  3.7 min
episode 275/1013  eps 0.082  train return  +12.32%  loss 6.48e-05  maxQ +0.0174  changes   490  3.7 min
episode 276/1013  eps 0.081  train return  +17.94%  loss 6.74e-05  maxQ +0.0176  changes   476  3.7 min
episode 277/1013  eps 0.080  train return   +6.39%  loss 7.09e-05  maxQ +0.0183  changes   474  3.7 min
episode 278/1013  eps 0.079  train return   +3.47%  loss 6.22e-05  maxQ +0.0171  changes   448  3.7 min
episode 279/1013  eps 0.079  train return   -2.11%  loss 6.62e-05  maxQ +0.0174  changes   409  3.8 min
episode 280/1013  eps 0.078  train return   +6.59%  loss 6.95e-05  maxQ +0.0181  changes   449  3.8 min | val return -22.99% (best -6.79%)
episode 281/1013  eps 0.077  train return  +13.55%  loss 6.79e-05  maxQ +0.0184  changes   434  3.8 min
episode 282/1013  eps 0.077  train return  +78.37%  loss 7.15e-05  maxQ +0.0187  changes   470  3.8 min
episode 283/1013  eps 0.076  train return  +35.46%  loss 7.28e-05  maxQ +0.0177  changes   483  3.8 min
episode 284/1013  eps 0.075  train return  +32.83%  loss 7.22e-05  maxQ +0.0189  changes   409  3.8 min
episode 285/1013  eps 0.075  train return  +52.22%  loss 7.45e-05  maxQ +0.0207  changes   468  3.8 min
episode 286/1013  eps 0.074  train return  +49.43%  loss 6.76e-05  maxQ +0.0201  changes   490  3.9 min
episode 287/1013  eps 0.073  train return  +21.19%  loss 6.00e-05  maxQ +0.0202  changes   521  3.9 min
episode 288/1013  eps 0.073  train return  -22.44%  loss 6.86e-05  maxQ +0.0210  changes   471  3.9 min
episode 289/1013  eps 0.072  train return   -4.56%  loss 7.30e-05  maxQ +0.0192  changes   486  3.9 min
episode 290/1013  eps 0.071  train return  -25.09%  loss 7.65e-05  maxQ +0.0183  changes   516  3.9 min | val return -38.23% (best -6.79%)
episode 291/1013  eps 0.071  train return   -1.24%  loss 7.31e-05  maxQ +0.0177  changes   430  3.9 min
episode 292/1013  eps 0.070  train return  -14.32%  loss 7.16e-05  maxQ +0.0179  changes   499  3.9 min
episode 293/1013  eps 0.069  train return +200.68%  loss 7.26e-05  maxQ +0.0171  changes   534  4.0 min
episode 294/1013  eps 0.069  train return   +0.68%  loss 7.56e-05  maxQ +0.0176  changes   471  4.0 min
episode 295/1013  eps 0.068  train return +151.58%  loss 7.74e-05  maxQ +0.0185  changes   509  4.0 min
episode 296/1013  eps 0.067  train return   -6.65%  loss 7.31e-05  maxQ +0.0175  changes   406  4.0 min
episode 297/1013  eps 0.067  train return   -9.78%  loss 7.16e-05  maxQ +0.0168  changes   421  4.0 min
episode 298/1013  eps 0.066  train return  +20.82%  loss 6.00e-05  maxQ +0.0164  changes   490  4.0 min
episode 299/1013  eps 0.066  train return  +21.51%  loss 6.28e-05  maxQ +0.0170  changes   422  4.0 min
episode 300/1013  eps 0.065  train return  +32.49%  loss 6.31e-05  maxQ +0.0164  changes   475  4.0 min | val return -28.74% (best -6.79%)
episode 301/1013  eps 0.064  train return  +16.84%  loss 6.33e-05  maxQ +0.0160  changes   491  4.1 min
episode 302/1013  eps 0.064  train return   -0.78%  loss 6.53e-05  maxQ +0.0173  changes   443  4.1 min
episode 303/1013  eps 0.063  train return   +2.84%  loss 6.75e-05  maxQ +0.0158  changes   469  4.1 min
episode 304/1013  eps 0.063  train return   -5.65%  loss 6.30e-05  maxQ +0.0159  changes   517  4.1 min
episode 305/1013  eps 0.062  train return   +3.71%  loss 6.02e-05  maxQ +0.0140  changes   488  4.1 min
episode 306/1013  eps 0.062  train return  -11.34%  loss 5.88e-05  maxQ +0.0152  changes   495  4.1 min
episode 307/1013  eps 0.061  train return   +6.55%  loss 5.99e-05  maxQ +0.0147  changes   431  4.1 min
episode 308/1013  eps 0.060  train return   +7.34%  loss 6.11e-05  maxQ +0.0149  changes   476  4.1 min
episode 309/1013  eps 0.060  train return  +11.35%  loss 6.29e-05  maxQ +0.0146  changes   426  4.2 min
episode 310/1013  eps 0.059  train return   -1.69%  loss 5.73e-05  maxQ +0.0148  changes   367  4.2 min | val return -24.99% (best -6.79%)
episode 311/1013  eps 0.059  train return +187.39%  loss 6.39e-05  maxQ +0.0150  changes   491  4.2 min
episode 312/1013  eps 0.058  train return  +24.94%  loss 5.99e-05  maxQ +0.0135  changes   502  4.2 min
episode 313/1013  eps 0.058  train return  +32.60%  loss 6.02e-05  maxQ +0.0142  changes   515  4.2 min
episode 314/1013  eps 0.057  train return  +18.36%  loss 5.95e-05  maxQ +0.0149  changes   463  4.2 min
episode 315/1013  eps 0.057  train return   +1.35%  loss 6.23e-05  maxQ +0.0146  changes   387  4.2 min
episode 316/1013  eps 0.056  train return   +9.32%  loss 5.80e-05  maxQ +0.0142  changes   522  4.3 min
episode 317/1013  eps 0.056  train return  +35.30%  loss 5.50e-05  maxQ +0.0149  changes   409  4.3 min
episode 318/1013  eps 0.055  train return +237.88%  loss 6.14e-05  maxQ +0.0158  changes   511  4.3 min
episode 319/1013  eps 0.055  train return  +54.42%  loss 6.43e-05  maxQ +0.0176  changes   505  4.3 min
episode 320/1013  eps 0.054  train return  +14.41%  loss 6.47e-05  maxQ +0.0170  changes   458  4.3 min | val return +7.42% (best +7.42%)
episode 321/1013  eps 0.054  train return   -1.77%  loss 5.95e-05  maxQ +0.0159  changes   487  4.3 min
episode 322/1013  eps 0.053  train return  -13.81%  loss 6.10e-05  maxQ +0.0170  changes   430  4.3 min
episode 323/1013  eps 0.053  train return  +23.16%  loss 6.22e-05  maxQ +0.0170  changes   461  4.4 min
episode 324/1013  eps 0.052  train return   -8.04%  loss 6.03e-05  maxQ +0.0169  changes   449  4.4 min
episode 325/1013  eps 0.052  train return   -1.92%  loss 5.71e-05  maxQ +0.0168  changes   496  4.4 min
episode 326/1013  eps 0.051  train return +570.91%  loss 6.54e-05  maxQ +0.0165  changes   545  4.4 min
episode 327/1013  eps 0.051  train return   -1.71%  loss 6.03e-05  maxQ +0.0167  changes   439  4.4 min
episode 328/1013  eps 0.050  train return  +53.14%  loss 6.52e-05  maxQ +0.0169  changes   481  4.4 min
episode 329/1013  eps 0.050  train return  +41.94%  loss 6.13e-05  maxQ +0.0152  changes   449  4.4 min
episode 330/1013  eps 0.049  train return  -22.91%  loss 5.67e-05  maxQ +0.0149  changes   445  4.4 min | val return -30.81% (best +7.42%)
episode 331/1013  eps 0.049  train return  +43.35%  loss 5.91e-05  maxQ +0.0155  changes   490  4.5 min
episode 332/1013  eps 0.049  train return   +0.95%  loss 5.91e-05  maxQ +0.0155  changes   469  4.5 min
episode 333/1013  eps 0.048  train return  +25.37%  loss 5.93e-05  maxQ +0.0163  changes   472  4.5 min
episode 334/1013  eps 0.048  train return   +2.25%  loss 6.20e-05  maxQ +0.0158  changes   453  4.5 min
episode 335/1013  eps 0.047  train return +162.58%  loss 6.19e-05  maxQ +0.0164  changes   499  4.5 min
episode 336/1013  eps 0.047  train return  -15.97%  loss 6.09e-05  maxQ +0.0160  changes   513  4.5 min
episode 337/1013  eps 0.046  train return   -0.78%  loss 6.09e-05  maxQ +0.0171  changes   443  4.5 min
episode 338/1013  eps 0.046  train return   +1.77%  loss 5.97e-05  maxQ +0.0167  changes   443  4.6 min
episode 339/1013  eps 0.046  train return   -4.70%  loss 5.95e-05  maxQ +0.0169  changes   465  4.6 min
episode 340/1013  eps 0.045  train return  -11.27%  loss 5.93e-05  maxQ +0.0164  changes   448  4.6 min | val return -0.41% (best +7.42%)
episode 341/1013  eps 0.045  train return   -8.77%  loss 5.53e-05  maxQ +0.0164  changes   457  4.6 min
episode 342/1013  eps 0.044  train return   +9.38%  loss 6.08e-05  maxQ +0.0166  changes   481  4.6 min
episode 343/1013  eps 0.044  train return  +23.37%  loss 5.37e-05  maxQ +0.0151  changes   411  4.6 min
episode 344/1013  eps 0.043  train return  +23.82%  loss 5.88e-05  maxQ +0.0157  changes   484  4.6 min
episode 345/1013  eps 0.043  train return   -6.98%  loss 5.94e-05  maxQ +0.0165  changes   445  4.7 min
episode 346/1013  eps 0.043  train return   -0.84%  loss 5.98e-05  maxQ +0.0168  changes   503  4.7 min
episode 347/1013  eps 0.042  train return   +9.64%  loss 6.38e-05  maxQ +0.0168  changes   447  4.7 min
episode 348/1013  eps 0.042  train return   +0.70%  loss 5.68e-05  maxQ +0.0163  changes   493  4.7 min
episode 349/1013  eps 0.042  train return   +8.39%  loss 5.59e-05  maxQ +0.0158  changes   442  4.7 min
episode 350/1013  eps 0.041  train return  -15.84%  loss 6.00e-05  maxQ +0.0168  changes   477  4.7 min | val return -7.63% (best +7.42%)
episode 351/1013  eps 0.041  train return  -12.75%  loss 6.17e-05  maxQ +0.0167  changes   429  4.7 min
episode 352/1013  eps 0.040  train return  +55.06%  loss 5.86e-05  maxQ +0.0164  changes   481  4.8 min
episode 353/1013  eps 0.040  train return   +7.09%  loss 6.02e-05  maxQ +0.0175  changes   455  4.8 min
episode 354/1013  eps 0.040  train return  +81.03%  loss 6.48e-05  maxQ +0.0171  changes   444  4.8 min
episode 355/1013  eps 0.039  train return  +84.46%  loss 6.22e-05  maxQ +0.0167  changes   497  4.8 min
episode 356/1013  eps 0.039  train return  +13.70%  loss 5.93e-05  maxQ +0.0176  changes   462  4.8 min
episode 357/1013  eps 0.039  train return   +1.12%  loss 6.23e-05  maxQ +0.0177  changes   470  4.8 min
episode 358/1013  eps 0.038  train return   -3.68%  loss 5.54e-05  maxQ +0.0174  changes   455  4.8 min
episode 359/1013  eps 0.038  train return +453.67%  loss 6.22e-05  maxQ +0.0167  changes   504  4.8 min
episode 360/1013  eps 0.038  train return  -24.80%  loss 6.03e-05  maxQ +0.0169  changes   442  4.9 min | val return -13.07% (best +7.42%)
episode 361/1013  eps 0.037  train return   -0.37%  loss 6.01e-05  maxQ +0.0165  changes   385  4.9 min
episode 362/1013  eps 0.037  train return +115.46%  loss 5.79e-05  maxQ +0.0174  changes   522  4.9 min
episode 363/1013  eps 0.037  train return   -7.46%  loss 6.29e-05  maxQ +0.0171  changes   467  4.9 min
episode 364/1013  eps 0.036  train return   +6.25%  loss 5.78e-05  maxQ +0.0157  changes   409  4.9 min
episode 365/1013  eps 0.036  train return  +44.13%  loss 5.65e-05  maxQ +0.0168  changes   466  4.9 min
episode 366/1013  eps 0.036  train return  +44.49%  loss 5.72e-05  maxQ +0.0169  changes   476  4.9 min
episode 367/1013  eps 0.035  train return  +16.52%  loss 5.51e-05  maxQ +0.0157  changes   472  5.0 min
episode 368/1013  eps 0.035  train return  +15.79%  loss 5.93e-05  maxQ +0.0158  changes   420  5.0 min
episode 369/1013  eps 0.035  train return  +77.96%  loss 5.56e-05  maxQ +0.0151  changes   447  5.0 min
episode 370/1013  eps 0.034  train return   +3.13%  loss 6.02e-05  maxQ +0.0159  changes   427  5.0 min | val return -22.68% (best +7.42%)
episode 371/1013  eps 0.034  train return   +6.90%  loss 5.47e-05  maxQ +0.0154  changes   440  5.0 min
episode 372/1013  eps 0.034  train return   +9.53%  loss 6.14e-05  maxQ +0.0156  changes   421  5.0 min
episode 373/1013  eps 0.033  train return  +94.35%  loss 5.82e-05  maxQ +0.0160  changes   496  5.0 min
episode 374/1013  eps 0.033  train return   +2.04%  loss 6.88e-05  maxQ +0.0159  changes   422  5.1 min
episode 375/1013  eps 0.033  train return   +4.28%  loss 5.93e-05  maxQ +0.0166  changes   456  5.1 min
episode 376/1013  eps 0.032  train return   -1.79%  loss 5.86e-05  maxQ +0.0161  changes   339  5.1 min
episode 377/1013  eps 0.032  train return  +59.32%  loss 6.61e-05  maxQ +0.0167  changes   436  5.1 min
episode 378/1013  eps 0.032  train return   -2.05%  loss 6.03e-05  maxQ +0.0164  changes   454  5.1 min
episode 379/1013  eps 0.032  train return +306.76%  loss 6.38e-05  maxQ +0.0164  changes   520  5.1 min
episode 380/1013  eps 0.031  train return  -13.56%  loss 6.14e-05  maxQ +0.0167  changes   473  5.1 min | val return +1.42% (best +7.42%)
episode 381/1013  eps 0.031  train return   +4.73%  loss 6.02e-05  maxQ +0.0168  changes   412  5.2 min
episode 382/1013  eps 0.031  train return   -9.96%  loss 6.24e-05  maxQ +0.0168  changes   360  5.2 min
episode 383/1013  eps 0.030  train return   +1.91%  loss 5.85e-05  maxQ +0.0176  changes   407  5.2 min
episode 384/1013  eps 0.030  train return +520.74%  loss 5.93e-05  maxQ +0.0173  changes   517  5.2 min
episode 385/1013  eps 0.030  train return   -2.16%  loss 5.42e-05  maxQ +0.0179  changes   421  5.2 min
episode 386/1013  eps 0.030  train return  +20.33%  loss 6.37e-05  maxQ +0.0172  changes   384  5.2 min
episode 387/1013  eps 0.029  train return  +74.67%  loss 5.80e-05  maxQ +0.0173  changes   453  5.2 min
episode 388/1013  eps 0.029  train return  +34.13%  loss 6.10e-05  maxQ +0.0164  changes   486  5.3 min
episode 389/1013  eps 0.029  train return  +13.36%  loss 5.69e-05  maxQ +0.0153  changes   441  5.3 min
episode 390/1013  eps 0.029  train return  +12.94%  loss 5.71e-05  maxQ +0.0156  changes   417  5.3 min | val return +0.06% (best +7.42%)
episode 391/1013  eps 0.028  train return   -8.17%  loss 5.59e-05  maxQ +0.0156  changes   392  5.3 min
episode 392/1013  eps 0.028  train return   +9.35%  loss 5.50e-05  maxQ +0.0152  changes   346  5.3 min
episode 393/1013  eps 0.028  train return  +32.94%  loss 5.57e-05  maxQ +0.0153  changes   414  5.3 min
episode 394/1013  eps 0.028  train return  -18.91%  loss 5.98e-05  maxQ +0.0158  changes   356  5.3 min
episode 395/1013  eps 0.027  train return  +16.65%  loss 5.92e-05  maxQ +0.0158  changes   430  5.4 min
episode 396/1013  eps 0.027  train return   +7.41%  loss 6.15e-05  maxQ +0.0160  changes   382  5.4 min
episode 397/1013  eps 0.027  train return  +18.96%  loss 5.33e-05  maxQ +0.0159  changes   455  5.4 min
episode 398/1013  eps 0.027  train return  -25.29%  loss 5.57e-05  maxQ +0.0159  changes   419  5.4 min
episode 399/1013  eps 0.026  train return  +39.10%  loss 5.42e-05  maxQ +0.0148  changes   397  5.4 min
episode 400/1013  eps 0.026  train return   -6.66%  loss 5.43e-05  maxQ +0.0160  changes   433  5.4 min | val return +3.69% (best +7.42%)
episode 401/1013  eps 0.026  train return   +9.14%  loss 5.01e-05  maxQ +0.0161  changes   321  5.4 min
episode 402/1013  eps 0.026  train return  +61.35%  loss 5.61e-05  maxQ +0.0160  changes   511  5.5 min
episode 403/1013  eps 0.025  train return  +80.48%  loss 5.51e-05  maxQ +0.0160  changes   418  5.5 min
episode 404/1013  eps 0.025  train return  +25.21%  loss 5.60e-05  maxQ +0.0157  changes   485  5.5 min
episode 405/1013  eps 0.025  train return  +30.92%  loss 5.56e-05  maxQ +0.0147  changes   361  5.5 min
episode 406/1013  eps 0.025  train return  +11.24%  loss 5.35e-05  maxQ +0.0154  changes   331  5.5 min
episode 407/1013  eps 0.024  train return   -5.27%  loss 5.26e-05  maxQ +0.0157  changes   443  5.5 min
episode 408/1013  eps 0.024  train return  +88.06%  loss 5.94e-05  maxQ +0.0157  changes   451  5.5 min
episode 409/1013  eps 0.024  train return  -11.14%  loss 5.65e-05  maxQ +0.0164  changes   359  5.5 min
episode 410/1013  eps 0.024  train return  -18.55%  loss 5.92e-05  maxQ +0.0164  changes   423  5.6 min | val return -22.14% (best +7.42%)
episode 411/1013  eps 0.024  train return  -11.87%  loss 5.78e-05  maxQ +0.0167  changes   449  5.6 min
episode 412/1013  eps 0.023  train return  +10.30%  loss 5.43e-05  maxQ +0.0156  changes   408  5.6 min
episode 413/1013  eps 0.023  train return +232.11%  loss 5.82e-05  maxQ +0.0154  changes   524  5.6 min
episode 414/1013  eps 0.023  train return  +13.68%  loss 6.13e-05  maxQ +0.0155  changes   478  5.6 min
episode 415/1013  eps 0.023  train return  +57.24%  loss 6.57e-05  maxQ +0.0153  changes   538  5.6 min
episode 416/1013  eps 0.023  train return   +4.15%  loss 6.22e-05  maxQ +0.0158  changes   407  5.6 min
episode 417/1013  eps 0.022  train return  +67.16%  loss 5.68e-05  maxQ +0.0162  changes   469  5.7 min
episode 418/1013  eps 0.022  train return  +30.41%  loss 6.19e-05  maxQ +0.0154  changes   460  5.7 min
episode 419/1013  eps 0.022  train return   +2.15%  loss 6.18e-05  maxQ +0.0152  changes   336  5.7 min
episode 420/1013  eps 0.022  train return  +57.19%  loss 5.99e-05  maxQ +0.0158  changes   492  5.7 min | val return -14.17% (best +7.42%)
episode 421/1013  eps 0.022  train return  +11.37%  loss 6.41e-05  maxQ +0.0156  changes   374  5.7 min
episode 422/1013  eps 0.021  train return  +71.45%  loss 6.30e-05  maxQ +0.0158  changes   377  5.7 min
episode 423/1013  eps 0.021  train return   -2.28%  loss 5.64e-05  maxQ +0.0160  changes   352  5.7 min
episode 424/1013  eps 0.021  train return  +38.41%  loss 5.76e-05  maxQ +0.0157  changes   489  5.8 min
episode 425/1013  eps 0.021  train return   +1.69%  loss 5.56e-05  maxQ +0.0149  changes   429  5.8 min
episode 426/1013  eps 0.021  train return   -6.38%  loss 5.60e-05  maxQ +0.0149  changes   349  5.8 min
episode 427/1013  eps 0.020  train return  +50.95%  loss 6.51e-05  maxQ +0.0151  changes   482  5.8 min
episode 428/1013  eps 0.020  train return +127.95%  loss 6.20e-05  maxQ +0.0154  changes   491  5.8 min
episode 429/1013  eps 0.020  train return   +0.59%  loss 5.87e-05  maxQ +0.0145  changes   453  5.8 min
episode 430/1013  eps 0.020  train return  +41.57%  loss 6.04e-05  maxQ +0.0152  changes   437  5.8 min | val return -20.14% (best +7.42%)
episode 431/1013  eps 0.020  train return  -10.62%  loss 6.46e-05  maxQ +0.0152  changes   330  5.9 min
episode 432/1013  eps 0.019  train return   -8.53%  loss 5.80e-05  maxQ +0.0157  changes   402  5.9 min
episode 433/1013  eps 0.019  train return  +50.40%  loss 5.69e-05  maxQ +0.0151  changes   378  5.9 min
episode 434/1013  eps 0.019  train return   -5.67%  loss 5.73e-05  maxQ +0.0146  changes   273  5.9 min
episode 435/1013  eps 0.019  train return  +49.02%  loss 5.97e-05  maxQ +0.0162  changes   465  5.9 min
episode 436/1013  eps 0.019  train return   -3.02%  loss 5.91e-05  maxQ +0.0147  changes   416  5.9 min
episode 437/1013  eps 0.019  train return  +21.66%  loss 5.80e-05  maxQ +0.0150  changes   486  5.9 min
episode 438/1013  eps 0.018  train return  +64.44%  loss 6.49e-05  maxQ +0.0153  changes   493  6.0 min
episode 439/1013  eps 0.018  train return   +1.70%  loss 5.81e-05  maxQ +0.0147  changes   373  6.0 min
episode 440/1013  eps 0.018  train return  +24.77%  loss 5.85e-05  maxQ +0.0152  changes   427  6.0 min | val return -26.91% (best +7.42%)
episode 441/1013  eps 0.018  train return  +56.83%  loss 5.36e-05  maxQ +0.0144  changes   503  6.0 min
episode 442/1013  eps 0.018  train return   -8.33%  loss 5.72e-05  maxQ +0.0153  changes   402  6.0 min
episode 443/1013  eps 0.018  train return  +31.87%  loss 5.34e-05  maxQ +0.0157  changes   437  6.0 min
episode 444/1013  eps 0.017  train return  -38.45%  loss 5.89e-05  maxQ +0.0145  changes   536  6.0 min
episode 445/1013  eps 0.017  train return   -0.64%  loss 6.78e-05  maxQ +0.0136  changes   387  6.1 min
episode 446/1013  eps 0.017  train return  +20.44%  loss 5.60e-05  maxQ +0.0137  changes   396  6.1 min
episode 447/1013  eps 0.017  train return   +6.87%  loss 5.66e-05  maxQ +0.0141  changes   459  6.1 min
episode 448/1013  eps 0.017  train return  +68.40%  loss 5.72e-05  maxQ +0.0138  changes   486  6.1 min
episode 449/1013  eps 0.017  train return  +29.12%  loss 5.62e-05  maxQ +0.0134  changes   385  6.1 min
episode 450/1013  eps 0.016  train return   +7.08%  loss 5.90e-05  maxQ +0.0146  changes   397  6.1 min | val return +4.42% (best +7.42%)
episode 451/1013  eps 0.016  train return   +5.99%  loss 5.55e-05  maxQ +0.0146  changes   351  6.1 min
episode 452/1013  eps 0.016  train return   +5.62%  loss 5.72e-05  maxQ +0.0154  changes   414  6.2 min
episode 453/1013  eps 0.016  train return   +7.18%  loss 5.60e-05  maxQ +0.0150  changes   413  6.2 min
episode 454/1013  eps 0.016  train return  +33.67%  loss 5.19e-05  maxQ +0.0147  changes   488  6.2 min
episode 455/1013  eps 0.016  train return   -4.45%  loss 5.40e-05  maxQ +0.0146  changes   484  6.2 min
episode 456/1013  eps 0.016  train return +137.99%  loss 5.58e-05  maxQ +0.0140  changes   530  6.2 min
episode 457/1013  eps 0.015  train return   -3.27%  loss 5.79e-05  maxQ +0.0144  changes   538  6.2 min
episode 458/1013  eps 0.015  train return  +23.91%  loss 5.90e-05  maxQ +0.0144  changes   347  6.2 min
episode 459/1013  eps 0.015  train return  +91.43%  loss 6.04e-05  maxQ +0.0140  changes   448  6.2 min
episode 460/1013  eps 0.015  train return   +1.82%  loss 6.28e-05  maxQ +0.0144  changes   470  6.3 min | val return -21.57% (best +7.42%)
episode 461/1013  eps 0.015  train return   -3.45%  loss 6.12e-05  maxQ +0.0142  changes   487  6.3 min
episode 462/1013  eps 0.015  train return  -17.77%  loss 5.80e-05  maxQ +0.0141  changes   368  6.3 min
episode 463/1013  eps 0.015  train return +130.22%  loss 5.78e-05  maxQ +0.0148  changes   522  6.3 min
episode 464/1013  eps 0.015  train return  +76.09%  loss 6.58e-05  maxQ +0.0146  changes   490  6.3 min
episode 465/1013  eps 0.014  train return +285.18%  loss 6.33e-05  maxQ +0.0147  changes   489  6.3 min
episode 466/1013  eps 0.014  train return +320.63%  loss 6.26e-05  maxQ +0.0140  changes   530  6.3 min
episode 467/1013  eps 0.014  train return  -17.17%  loss 6.05e-05  maxQ +0.0143  changes   508  6.3 min
episode 468/1013  eps 0.014  train return  +17.13%  loss 6.59e-05  maxQ +0.0145  changes   333  6.4 min
episode 469/1013  eps 0.014  train return  +21.46%  loss 6.27e-05  maxQ +0.0146  changes   499  6.4 min
episode 470/1013  eps 0.014  train return  -14.34%  loss 6.78e-05  maxQ +0.0164  changes   391  6.4 min | val return +15.13% (best +15.13%)
episode 471/1013  eps 0.014  train return  +55.86%  loss 6.33e-05  maxQ +0.0165  changes   452  6.4 min
episode 472/1013  eps 0.013  train return  +25.88%  loss 7.46e-05  maxQ +0.0171  changes   429  6.4 min
episode 473/1013  eps 0.013  train return   +6.45%  loss 6.70e-05  maxQ +0.0160  changes   479  6.4 min
episode 474/1013  eps 0.013  train return  +27.80%  loss 6.46e-05  maxQ +0.0158  changes   532  6.4 min
episode 475/1013  eps 0.013  train return  +50.00%  loss 6.85e-05  maxQ +0.0161  changes   503  6.5 min
episode 476/1013  eps 0.013  train return  +16.58%  loss 6.37e-05  maxQ +0.0159  changes   475  6.5 min
episode 477/1013  eps 0.013  train return  +12.14%  loss 6.27e-05  maxQ +0.0159  changes   345  6.5 min
episode 478/1013  eps 0.013  train return  +25.77%  loss 6.32e-05  maxQ +0.0164  changes   347  6.5 min
episode 479/1013  eps 0.013  train return  +44.05%  loss 6.30e-05  maxQ +0.0154  changes   464  6.5 min
episode 480/1013  eps 0.013  train return   +4.28%  loss 5.95e-05  maxQ +0.0157  changes   433  6.5 min | val return -20.96% (best +15.13%)
episode 481/1013  eps 0.012  train return  +67.30%  loss 6.71e-05  maxQ +0.0155  changes   525  6.6 min
episode 482/1013  eps 0.012  train return  -18.70%  loss 6.69e-05  maxQ +0.0168  changes   503  6.6 min
episode 483/1013  eps 0.012  train return  +32.86%  loss 6.56e-05  maxQ +0.0156  changes   419  6.6 min
episode 484/1013  eps 0.012  train return   +1.45%  loss 6.49e-05  maxQ +0.0156  changes   360  6.6 min
episode 485/1013  eps 0.012  train return  -13.34%  loss 6.30e-05  maxQ +0.0164  changes   410  6.6 min
episode 486/1013  eps 0.012  train return   -2.41%  loss 6.44e-05  maxQ +0.0156  changes   392  6.6 min
episode 487/1013  eps 0.012  train return  +23.83%  loss 6.42e-05  maxQ +0.0152  changes   430  6.6 min
episode 488/1013  eps 0.012  train return  +34.74%  loss 6.03e-05  maxQ +0.0151  changes   500  6.6 min
episode 489/1013  eps 0.012  train return  +79.98%  loss 6.20e-05  maxQ +0.0152  changes   412  6.7 min
episode 490/1013  eps 0.011  train return  +33.67%  loss 6.73e-05  maxQ +0.0162  changes   407  6.7 min | val return -6.71% (best +15.13%)
episode 491/1013  eps 0.011  train return  +12.61%  loss 6.87e-05  maxQ +0.0166  changes   446  6.7 min
episode 492/1013  eps 0.011  train return  +20.42%  loss 6.44e-05  maxQ +0.0168  changes   421  6.7 min
episode 493/1013  eps 0.011  train return  +52.06%  loss 6.32e-05  maxQ +0.0171  changes   477  6.7 min
episode 494/1013  eps 0.011  train return  -16.41%  loss 6.85e-05  maxQ +0.0171  changes   374  6.7 min
episode 495/1013  eps 0.011  train return +346.75%  loss 6.89e-05  maxQ +0.0161  changes   522  6.7 min
episode 496/1013  eps 0.011  train return  +20.12%  loss 6.97e-05  maxQ +0.0164  changes   395  6.8 min
episode 497/1013  eps 0.011  train return   +0.78%  loss 6.90e-05  maxQ +0.0163  changes   291  6.8 min
episode 498/1013  eps 0.011  train return   +0.58%  loss 6.58e-05  maxQ +0.0158  changes   379  6.8 min
episode 499/1013  eps 0.011  train return +434.52%  loss 6.56e-05  maxQ +0.0154  changes   530  6.8 min
episode 500/1013  eps 0.010  train return   +5.83%  loss 6.26e-05  maxQ +0.0147  changes   371  6.8 min | val return -16.06% (best +15.13%)
episode 501/1013  eps 0.010  train return  +36.42%  loss 6.95e-05  maxQ +0.0153  changes   448  6.8 min
episode 502/1013  eps 0.010  train return  +26.23%  loss 6.83e-05  maxQ +0.0162  changes   462  6.9 min
episode 503/1013  eps 0.010  train return +196.50%  loss 6.78e-05  maxQ +0.0158  changes   533  6.9 min
episode 504/1013  eps 0.010  train return   +5.55%  loss 7.17e-05  maxQ +0.0152  changes   391  6.9 min
episode 505/1013  eps 0.010  train return   +2.50%  loss 6.98e-05  maxQ +0.0153  changes   446  6.9 min
episode 506/1013  eps 0.010  train return  +13.46%  loss 7.05e-05  maxQ +0.0147  changes   361  6.9 min
episode 507/1013  eps 0.010  train return  +78.23%  loss 7.64e-05  maxQ +0.0144  changes   374  6.9 min
episode 508/1013  eps 0.010  train return  +72.00%  loss 6.96e-05  maxQ +0.0152  changes   504  6.9 min
episode 509/1013  eps 0.010  train return  +29.67%  loss 6.79e-05  maxQ +0.0150  changes   445  6.9 min
episode 510/1013  eps 0.010  train return  +27.40%  loss 7.18e-05  maxQ +0.0148  changes   472  7.0 min | val return -13.15% (best +15.13%)
episode 511/1013  eps 0.010  train return   +5.94%  loss 7.39e-05  maxQ +0.0155  changes   399  7.0 min
episode 512/1013  eps 0.010  train return  +18.54%  loss 7.65e-05  maxQ +0.0156  changes   411  7.0 min
episode 513/1013  eps 0.010  train return  +63.14%  loss 6.75e-05  maxQ +0.0154  changes   472  7.0 min
episode 514/1013  eps 0.010  train return   +1.66%  loss 6.66e-05  maxQ +0.0139  changes   275  7.0 min
episode 515/1013  eps 0.010  train return  -14.65%  loss 7.76e-05  maxQ +0.0148  changes   358  7.0 min
episode 516/1013  eps 0.010  train return  -12.07%  loss 6.28e-05  maxQ +0.0143  changes   460  7.1 min
episode 517/1013  eps 0.010  train return  -19.89%  loss 6.50e-05  maxQ +0.0139  changes   364  7.1 min
episode 518/1013  eps 0.010  train return  +10.82%  loss 6.53e-05  maxQ +0.0149  changes   424  7.1 min
episode 519/1013  eps 0.010  train return  +33.82%  loss 7.76e-05  maxQ +0.0157  changes   391  7.1 min
episode 520/1013  eps 0.010  train return   +7.29%  loss 7.01e-05  maxQ +0.0155  changes   240  7.1 min | val return -9.62% (best +15.13%)
episode 521/1013  eps 0.010  train return +477.24%  loss 7.68e-05  maxQ +0.0153  changes   528  7.1 min
episode 522/1013  eps 0.010  train return  +99.00%  loss 6.97e-05  maxQ +0.0158  changes   510  7.1 min
episode 523/1013  eps 0.010  train return   -4.15%  loss 7.76e-05  maxQ +0.0155  changes   426  7.2 min
episode 524/1013  eps 0.010  train return   -0.55%  loss 7.50e-05  maxQ +0.0159  changes   435  7.2 min
episode 525/1013  eps 0.010  train return   -8.40%  loss 7.78e-05  maxQ +0.0166  changes   391  7.2 min
episode 526/1013  eps 0.010  train return  +29.80%  loss 7.10e-05  maxQ +0.0161  changes   334  7.2 min
episode 527/1013  eps 0.010  train return  +51.82%  loss 7.41e-05  maxQ +0.0163  changes   488  7.2 min
episode 528/1013  eps 0.010  train return  +60.19%  loss 7.11e-05  maxQ +0.0163  changes   413  7.2 min
episode 529/1013  eps 0.010  train return  +20.52%  loss 6.91e-05  maxQ +0.0160  changes   408  7.2 min
episode 530/1013  eps 0.010  train return  +17.12%  loss 7.03e-05  maxQ +0.0160  changes   358  7.3 min | val return -23.38% (best +15.13%)
episode 531/1013  eps 0.010  train return  +53.95%  loss 6.63e-05  maxQ +0.0169  changes   393  7.3 min
episode 532/1013  eps 0.010  train return  -12.09%  loss 6.89e-05  maxQ +0.0169  changes   390  7.3 min
episode 533/1013  eps 0.010  train return   +7.46%  loss 6.25e-05  maxQ +0.0160  changes   272  7.3 min
episode 534/1013  eps 0.010  train return  -18.58%  loss 6.04e-05  maxQ +0.0155  changes   375  7.3 min
episode 535/1013  eps 0.010  train return  -15.35%  loss 6.39e-05  maxQ +0.0142  changes   389  7.3 min
episode 536/1013  eps 0.010  train return  +23.47%  loss 5.68e-05  maxQ +0.0145  changes   414  7.3 min
episode 537/1013  eps 0.010  train return +111.43%  loss 6.59e-05  maxQ +0.0149  changes   477  7.4 min
episode 538/1013  eps 0.010  train return   +1.78%  loss 6.72e-05  maxQ +0.0156  changes   298  7.4 min
episode 539/1013  eps 0.010  train return  -10.57%  loss 6.48e-05  maxQ +0.0146  changes   311  7.4 min
episode 540/1013  eps 0.010  train return  +48.40%  loss 6.46e-05  maxQ +0.0154  changes   377  7.4 min | val return -27.44% (best +15.13%)
episode 541/1013  eps 0.010  train return  +16.83%  loss 6.20e-05  maxQ +0.0151  changes   370  7.4 min
episode 542/1013  eps 0.010  train return  +47.34%  loss 5.96e-05  maxQ +0.0144  changes   424  7.4 min
episode 543/1013  eps 0.010  train return  +13.28%  loss 6.45e-05  maxQ +0.0151  changes   417  7.4 min
episode 544/1013  eps 0.010  train return  -26.93%  loss 6.85e-05  maxQ +0.0140  changes   366  7.4 min
episode 545/1013  eps 0.010  train return  +46.37%  loss 5.97e-05  maxQ +0.0141  changes   493  7.5 min
episode 546/1013  eps 0.010  train return   -7.15%  loss 5.84e-05  maxQ +0.0133  changes   467  7.5 min
episode 547/1013  eps 0.010  train return +267.45%  loss 6.42e-05  maxQ +0.0139  changes   484  7.5 min
episode 548/1013  eps 0.010  train return  +31.21%  loss 6.08e-05  maxQ +0.0135  changes   378  7.5 min
episode 549/1013  eps 0.010  train return  +22.02%  loss 5.83e-05  maxQ +0.0138  changes   251  7.5 min
episode 550/1013  eps 0.010  train return +172.61%  loss 6.18e-05  maxQ +0.0142  changes   548  7.5 min | val return -32.54% (best +15.13%)
episode 551/1013  eps 0.010  train return   -0.51%  loss 6.84e-05  maxQ +0.0142  changes   278  7.6 min
episode 552/1013  eps 0.010  train return   -1.27%  loss 6.44e-05  maxQ +0.0149  changes   397  7.6 min
episode 553/1013  eps 0.010  train return   -8.14%  loss 6.27e-05  maxQ +0.0139  changes   221  7.6 min
episode 554/1013  eps 0.010  train return  +49.58%  loss 6.71e-05  maxQ +0.0144  changes   437  7.6 min
episode 555/1013  eps 0.010  train return   -8.88%  loss 6.51e-05  maxQ +0.0148  changes   432  7.6 min
episode 556/1013  eps 0.010  train return  +32.45%  loss 6.15e-05  maxQ +0.0148  changes   319  7.6 min
episode 557/1013  eps 0.010  train return  -14.68%  loss 6.13e-05  maxQ +0.0150  changes   494  7.6 min
episode 558/1013  eps 0.010  train return   +0.70%  loss 6.37e-05  maxQ +0.0152  changes   363  7.6 min
episode 559/1013  eps 0.010  train return  +21.15%  loss 6.84e-05  maxQ +0.0152  changes   465  7.7 min
episode 560/1013  eps 0.010  train return  +12.19%  loss 6.24e-05  maxQ +0.0143  changes   435  7.7 min | val return -17.50% (best +15.13%)
episode 561/1013  eps 0.010  train return   +3.17%  loss 6.18e-05  maxQ +0.0151  changes   253  7.7 min
episode 562/1013  eps 0.010  train return +106.37%  loss 6.99e-05  maxQ +0.0153  changes   408  7.7 min
episode 563/1013  eps 0.010  train return  +51.77%  loss 6.35e-05  maxQ +0.0151  changes   479  7.7 min
episode 564/1013  eps 0.010  train return  +15.23%  loss 6.83e-05  maxQ +0.0148  changes   469  7.7 min
episode 565/1013  eps 0.010  train return   +8.61%  loss 6.19e-05  maxQ +0.0154  changes   493  7.8 min
episode 566/1013  eps 0.010  train return  +15.55%  loss 6.33e-05  maxQ +0.0151  changes   318  7.8 min
episode 567/1013  eps 0.010  train return  +25.71%  loss 6.44e-05  maxQ +0.0152  changes   405  7.8 min
episode 568/1013  eps 0.010  train return  -17.20%  loss 6.96e-05  maxQ +0.0161  changes   277  7.8 min
episode 569/1013  eps 0.010  train return   -3.39%  loss 6.66e-05  maxQ +0.0160  changes   214  7.8 min
episode 570/1013  eps 0.010  train return  +33.47%  loss 5.79e-05  maxQ +0.0142  changes   305  7.8 min | val return -6.62% (best +15.13%)
episode 571/1013  eps 0.010  train return   +8.52%  loss 5.68e-05  maxQ +0.0136  changes   402  7.8 min
episode 572/1013  eps 0.010  train return   +5.99%  loss 5.71e-05  maxQ +0.0134  changes   289  7.9 min
episode 573/1013  eps 0.010  train return   -2.06%  loss 5.62e-05  maxQ +0.0137  changes   432  7.9 min
episode 574/1013  eps 0.010  train return   -8.85%  loss 5.91e-05  maxQ +0.0142  changes   237  7.9 min
episode 575/1013  eps 0.010  train return  +15.22%  loss 5.64e-05  maxQ +0.0142  changes   263  7.9 min
episode 576/1013  eps 0.010  train return   -5.90%  loss 5.41e-05  maxQ +0.0140  changes   231  7.9 min
episode 577/1013  eps 0.010  train return   -8.52%  loss 5.61e-05  maxQ +0.0146  changes   522  7.9 min
episode 578/1013  eps 0.010  train return   +5.90%  loss 5.74e-05  maxQ +0.0142  changes   365  7.9 min
episode 579/1013  eps 0.010  train return  -12.96%  loss 5.20e-05  maxQ +0.0146  changes   250  8.0 min
episode 580/1013  eps 0.010  train return  +15.26%  loss 5.29e-05  maxQ +0.0133  changes   198  8.0 min | val return -15.89% (best +15.13%)
episode 581/1013  eps 0.010  train return +118.04%  loss 5.07e-05  maxQ +0.0132  changes   465  8.0 min
episode 582/1013  eps 0.010  train return   -5.35%  loss 5.30e-05  maxQ +0.0133  changes   460  8.0 min
episode 583/1013  eps 0.010  train return +375.12%  loss 5.95e-05  maxQ +0.0135  changes   522  8.0 min
episode 584/1013  eps 0.010  train return   +0.36%  loss 6.20e-05  maxQ +0.0141  changes   368  8.0 min
episode 585/1013  eps 0.010  train return   +8.61%  loss 5.91e-05  maxQ +0.0134  changes   391  8.0 min
episode 586/1013  eps 0.010  train return   +5.80%  loss 6.04e-05  maxQ +0.0136  changes   290  8.1 min
episode 587/1013  eps 0.010  train return  +13.75%  loss 5.61e-05  maxQ +0.0136  changes   425  8.1 min
episode 588/1013  eps 0.010  train return  +39.65%  loss 5.76e-05  maxQ +0.0136  changes   418  8.1 min
episode 589/1013  eps 0.010  train return   +9.81%  loss 5.23e-05  maxQ +0.0133  changes   186  8.1 min
episode 590/1013  eps 0.010  train return   -8.98%  loss 6.18e-05  maxQ +0.0132  changes   520  8.1 min | val return -23.07% (best +15.13%)
episode 591/1013  eps 0.010  train return   -5.29%  loss 5.32e-05  maxQ +0.0131  changes   297  8.1 min
episode 592/1013  eps 0.010  train return   -2.18%  loss 5.30e-05  maxQ +0.0129  changes   223  8.1 min
episode 593/1013  eps 0.010  train return   -8.37%  loss 5.09e-05  maxQ +0.0127  changes   341  8.2 min
episode 594/1013  eps 0.010  train return  +14.93%  loss 5.06e-05  maxQ +0.0128  changes   256  8.2 min
episode 595/1013  eps 0.010  train return  +13.42%  loss 4.79e-05  maxQ +0.0121  changes   359  8.2 min
episode 596/1013  eps 0.010  train return  +20.15%  loss 5.26e-05  maxQ +0.0122  changes   349  8.2 min
episode 597/1013  eps 0.010  train return +103.78%  loss 5.50e-05  maxQ +0.0130  changes   357  8.2 min
episode 598/1013  eps 0.010  train return  +10.91%  loss 5.70e-05  maxQ +0.0127  changes   413  8.2 min
episode 599/1013  eps 0.010  train return  +40.66%  loss 5.39e-05  maxQ +0.0124  changes   263  8.2 min
episode 600/1013  eps 0.010  train return  +34.20%  loss 5.01e-05  maxQ +0.0127  changes   393  8.3 min | val return -11.80% (best +15.13%)
episode 601/1013  eps 0.010  train return   +3.29%  loss 5.23e-05  maxQ +0.0135  changes   357  8.3 min
episode 602/1013  eps 0.010  train return   -3.69%  loss 5.27e-05  maxQ +0.0131  changes   265  8.3 min
episode 603/1013  eps 0.010  train return  +32.79%  loss 4.99e-05  maxQ +0.0129  changes   336  8.3 min
episode 604/1013  eps 0.010  train return  -14.91%  loss 5.50e-05  maxQ +0.0136  changes   379  8.3 min
episode 605/1013  eps 0.010  train return  +67.50%  loss 5.91e-05  maxQ +0.0138  changes   392  8.3 min
episode 606/1013  eps 0.010  train return   +6.04%  loss 5.49e-05  maxQ +0.0137  changes   248  8.4 min
episode 607/1013  eps 0.010  train return  +21.82%  loss 5.60e-05  maxQ +0.0142  changes   426  8.4 min
episode 608/1013  eps 0.010  train return   +6.67%  loss 5.92e-05  maxQ +0.0147  changes   377  8.4 min
episode 609/1013  eps 0.010  train return  +43.84%  loss 5.76e-05  maxQ +0.0138  changes   485  8.4 min
episode 610/1013  eps 0.010  train return   +5.94%  loss 5.52e-05  maxQ +0.0141  changes   212  8.4 min | val return -19.30% (best +15.13%)
episode 611/1013  eps 0.010  train return  +27.49%  loss 5.62e-05  maxQ +0.0135  changes   350  8.4 min
episode 612/1013  eps 0.010  train return  +18.42%  loss 5.51e-05  maxQ +0.0142  changes   326  8.5 min
episode 613/1013  eps 0.010  train return   +4.54%  loss 5.44e-05  maxQ +0.0131  changes   370  8.5 min
episode 614/1013  eps 0.010  train return  +25.56%  loss 5.24e-05  maxQ +0.0129  changes   342  8.5 min
episode 615/1013  eps 0.010  train return  +29.29%  loss 4.91e-05  maxQ +0.0128  changes   310  8.5 min
episode 616/1013  eps 0.010  train return  +27.25%  loss 5.15e-05  maxQ +0.0127  changes   485  8.5 min
episode 617/1013  eps 0.010  train return   -9.69%  loss 4.98e-05  maxQ +0.0126  changes   221  8.5 min
episode 618/1013  eps 0.010  train return  +16.85%  loss 5.18e-05  maxQ +0.0123  changes   482  8.5 min
episode 619/1013  eps 0.010  train return  -13.76%  loss 5.07e-05  maxQ +0.0126  changes   202  8.6 min
episode 620/1013  eps 0.010  train return   -2.56%  loss 4.39e-05  maxQ +0.0135  changes   346  8.6 min | val return -43.21% (best +15.13%)
episode 621/1013  eps 0.010  train return   -2.12%  loss 4.72e-05  maxQ +0.0135  changes   356  8.6 min
episode 622/1013  eps 0.010  train return  +78.68%  loss 4.44e-05  maxQ +0.0131  changes   466  8.6 min
episode 623/1013  eps 0.010  train return   -4.70%  loss 4.83e-05  maxQ +0.0130  changes   439  8.6 min
episode 624/1013  eps 0.010  train return +101.77%  loss 5.22e-05  maxQ +0.0124  changes   361  8.6 min
episode 625/1013  eps 0.010  train return  +37.17%  loss 5.07e-05  maxQ +0.0124  changes   467  8.6 min
episode 626/1013  eps 0.010  train return   -3.66%  loss 5.11e-05  maxQ +0.0122  changes   305  8.7 min
episode 627/1013  eps 0.010  train return  +24.96%  loss 5.19e-05  maxQ +0.0127  changes   326  8.7 min
episode 628/1013  eps 0.010  train return  +23.38%  loss 4.77e-05  maxQ +0.0122  changes   197  8.7 min
episode 629/1013  eps 0.010  train return   -3.03%  loss 4.75e-05  maxQ +0.0130  changes   218  8.7 min
episode 630/1013  eps 0.010  train return  +37.22%  loss 4.88e-05  maxQ +0.0127  changes   238  8.7 min | val return -0.56% (best +15.13%)
episode 631/1013  eps 0.010  train return +710.30%  loss 5.30e-05  maxQ +0.0129  changes   541  8.7 min
episode 632/1013  eps 0.010  train return  +28.27%  loss 5.11e-05  maxQ +0.0128  changes   328  8.7 min
episode 633/1013  eps 0.010  train return   -2.37%  loss 4.89e-05  maxQ +0.0124  changes   225  8.8 min
episode 634/1013  eps 0.010  train return  +29.70%  loss 4.55e-05  maxQ +0.0125  changes   400  8.8 min
episode 635/1013  eps 0.010  train return  +49.98%  loss 4.83e-05  maxQ +0.0115  changes   452  8.8 min
episode 636/1013  eps 0.010  train return +1321.72%  loss 4.85e-05  maxQ +0.0120  changes   532  8.8 min
episode 637/1013  eps 0.010  train return   -3.02%  loss 5.94e-05  maxQ +0.0116  changes   157  8.8 min
episode 638/1013  eps 0.010  train return +183.85%  loss 6.05e-05  maxQ +0.0132  changes   543  8.8 min
episode 639/1013  eps 0.010  train return  +25.97%  loss 6.05e-05  maxQ +0.0135  changes   319  8.8 min
episode 640/1013  eps 0.010  train return   -4.22%  loss 5.91e-05  maxQ +0.0134  changes   148  8.9 min | val return -32.93% (best +15.13%)
episode 641/1013  eps 0.010  train return  -23.92%  loss 5.88e-05  maxQ +0.0145  changes   445  8.9 min
episode 642/1013  eps 0.010  train return   +4.48%  loss 6.32e-05  maxQ +0.0143  changes   497  8.9 min
episode 643/1013  eps 0.010  train return   -4.74%  loss 6.55e-05  maxQ +0.0152  changes   189  8.9 min
episode 644/1013  eps 0.010  train return   +6.30%  loss 6.39e-05  maxQ +0.0147  changes   358  8.9 min
episode 645/1013  eps 0.010  train return   +9.42%  loss 7.16e-05  maxQ +0.0146  changes   211  8.9 min
episode 646/1013  eps 0.010  train return   -1.32%  loss 6.75e-05  maxQ +0.0147  changes   350  8.9 min
episode 647/1013  eps 0.010  train return   +6.96%  loss 6.85e-05  maxQ +0.0143  changes   334  9.0 min
episode 648/1013  eps 0.010  train return +898.70%  loss 6.45e-05  maxQ +0.0144  changes   534  9.0 min
episode 649/1013  eps 0.010  train return  -18.52%  loss 6.06e-05  maxQ +0.0144  changes   266  9.0 min
episode 650/1013  eps 0.010  train return  +52.15%  loss 6.75e-05  maxQ +0.0146  changes   418  9.0 min | val return -5.35% (best +15.13%)
episode 651/1013  eps 0.010  train return   -2.34%  loss 6.97e-05  maxQ +0.0150  changes   210  9.0 min
episode 652/1013  eps 0.010  train return   +2.01%  loss 7.14e-05  maxQ +0.0152  changes   254  9.0 min
episode 653/1013  eps 0.010  train return  +11.03%  loss 7.89e-05  maxQ +0.0152  changes   369  9.0 min
episode 654/1013  eps 0.010  train return   +8.73%  loss 6.81e-05  maxQ +0.0152  changes   482  9.1 min
episode 655/1013  eps 0.010  train return  +31.96%  loss 6.46e-05  maxQ +0.0147  changes   304  9.1 min
episode 656/1013  eps 0.010  train return  +36.22%  loss 6.43e-05  maxQ +0.0148  changes   446  9.1 min
episode 657/1013  eps 0.010  train return +103.93%  loss 7.31e-05  maxQ +0.0154  changes   456  9.1 min
episode 658/1013  eps 0.010  train return   -5.10%  loss 6.76e-05  maxQ +0.0156  changes   396  9.1 min
episode 659/1013  eps 0.010  train return  +38.21%  loss 6.91e-05  maxQ +0.0150  changes   416  9.1 min
episode 660/1013  eps 0.010  train return  +51.45%  loss 7.23e-05  maxQ +0.0142  changes   339  9.1 min | val return -6.06% (best +15.13%)
episode 661/1013  eps 0.010  train return  +20.75%  loss 7.01e-05  maxQ +0.0143  changes   376  9.2 min
episode 662/1013  eps 0.010  train return   -3.36%  loss 6.77e-05  maxQ +0.0146  changes   249  9.2 min
episode 663/1013  eps 0.010  train return  +66.95%  loss 6.29e-05  maxQ +0.0141  changes   327  9.2 min
episode 664/1013  eps 0.010  train return  +11.11%  loss 6.50e-05  maxQ +0.0139  changes   204  9.2 min
episode 665/1013  eps 0.010  train return  +19.57%  loss 7.20e-05  maxQ +0.0140  changes   352  9.2 min
episode 666/1013  eps 0.010  train return  +21.43%  loss 7.99e-05  maxQ +0.0142  changes   338  9.2 min
episode 667/1013  eps 0.010  train return  -16.63%  loss 7.91e-05  maxQ +0.0145  changes   304  9.2 min
episode 668/1013  eps 0.010  train return  +14.65%  loss 7.28e-05  maxQ +0.0146  changes   284  9.3 min
episode 669/1013  eps 0.010  train return  -14.41%  loss 7.31e-05  maxQ +0.0147  changes   265  9.3 min
episode 670/1013  eps 0.010  train return  +19.00%  loss 7.19e-05  maxQ +0.0158  changes   267  9.3 min | val return -7.18% (best +15.13%)
episode 671/1013  eps 0.010  train return  +13.84%  loss 7.90e-05  maxQ +0.0151  changes   309  9.3 min
episode 672/1013  eps 0.010  train return  +18.13%  loss 7.72e-05  maxQ +0.0150  changes   352  9.3 min
episode 673/1013  eps 0.010  train return  -10.88%  loss 7.24e-05  maxQ +0.0153  changes   314  9.3 min
episode 674/1013  eps 0.010  train return  +36.76%  loss 7.93e-05  maxQ +0.0159  changes   475  9.4 min
episode 675/1013  eps 0.010  train return  +33.02%  loss 7.54e-05  maxQ +0.0154  changes   565  9.4 min
episode 676/1013  eps 0.010  train return  +25.31%  loss 8.95e-05  maxQ +0.0153  changes   540  9.4 min
episode 677/1013  eps 0.010  train return   +3.74%  loss 7.99e-05  maxQ +0.0146  changes   404  9.4 min
episode 678/1013  eps 0.010  train return   -4.62%  loss 8.46e-05  maxQ +0.0153  changes   344  9.4 min
episode 679/1013  eps 0.010  train return  +75.36%  loss 8.57e-05  maxQ +0.0155  changes   351  9.4 min
episode 680/1013  eps 0.010  train return  +20.28%  loss 1.01e-04  maxQ +0.0153  changes   397  9.4 min | val return +2.50% (best +15.13%)
episode 681/1013  eps 0.010  train return  +11.42%  loss 8.24e-05  maxQ +0.0149  changes   405  9.5 min
episode 682/1013  eps 0.010  train return  +23.85%  loss 8.41e-05  maxQ +0.0153  changes   324  9.5 min
episode 683/1013  eps 0.010  train return  +18.65%  loss 9.58e-05  maxQ +0.0156  changes   270  9.5 min
episode 684/1013  eps 0.010  train return  +28.66%  loss 8.27e-05  maxQ +0.0148  changes   303  9.5 min
episode 685/1013  eps 0.010  train return  +47.62%  loss 8.11e-05  maxQ +0.0145  changes   361  9.5 min
episode 686/1013  eps 0.010  train return  +73.22%  loss 8.66e-05  maxQ +0.0148  changes   387  9.5 min
episode 687/1013  eps 0.010  train return  +14.01%  loss 8.10e-05  maxQ +0.0144  changes   319  9.5 min
episode 688/1013  eps 0.010  train return  +82.16%  loss 7.99e-05  maxQ +0.0151  changes   459  9.5 min
episode 689/1013  eps 0.010  train return   +5.06%  loss 8.49e-05  maxQ +0.0149  changes   289  9.6 min
episode 690/1013  eps 0.010  train return  +12.26%  loss 7.82e-05  maxQ +0.0149  changes   274  9.6 min | val return -33.54% (best +15.13%)
episode 691/1013  eps 0.010  train return  +15.90%  loss 7.74e-05  maxQ +0.0151  changes   268  9.6 min
episode 692/1013  eps 0.010  train return  +18.26%  loss 7.81e-05  maxQ +0.0149  changes   401  9.6 min
episode 693/1013  eps 0.010  train return  +11.96%  loss 7.62e-05  maxQ +0.0147  changes   231  9.6 min
episode 694/1013  eps 0.010  train return  +25.35%  loss 7.65e-05  maxQ +0.0144  changes   233  9.6 min
episode 695/1013  eps 0.010  train return  +37.39%  loss 7.00e-05  maxQ +0.0142  changes   389  9.7 min
episode 696/1013  eps 0.010  train return   -0.85%  loss 7.29e-05  maxQ +0.0136  changes   313  9.7 min
episode 697/1013  eps 0.010  train return  +28.25%  loss 7.37e-05  maxQ +0.0144  changes   334  9.7 min
episode 698/1013  eps 0.010  train return  +24.22%  loss 8.23e-05  maxQ +0.0141  changes   357  9.7 min
episode 699/1013  eps 0.010  train return  +28.22%  loss 7.88e-05  maxQ +0.0142  changes   339  9.7 min
episode 700/1013  eps 0.010  train return  +27.94%  loss 7.68e-05  maxQ +0.0147  changes   425  9.7 min | val return -17.18% (best +15.13%)
episode 701/1013  eps 0.010  train return  +30.34%  loss 6.93e-05  maxQ +0.0146  changes   265  9.7 min
episode 702/1013  eps 0.010  train return  +15.88%  loss 7.39e-05  maxQ +0.0142  changes   367  9.8 min
episode 703/1013  eps 0.010  train return  +39.66%  loss 7.46e-05  maxQ +0.0138  changes   243  9.8 min
episode 704/1013  eps 0.010  train return  -13.31%  loss 7.48e-05  maxQ +0.0150  changes   374  9.8 min
episode 705/1013  eps 0.010  train return   +7.54%  loss 7.60e-05  maxQ +0.0142  changes   415  9.8 min
episode 706/1013  eps 0.010  train return  +34.85%  loss 6.98e-05  maxQ +0.0145  changes   332  9.8 min
episode 707/1013  eps 0.010  train return   +1.67%  loss 6.92e-05  maxQ +0.0143  changes   235  9.8 min
episode 708/1013  eps 0.010  train return  +36.67%  loss 6.50e-05  maxQ +0.0143  changes   351  9.8 min
episode 709/1013  eps 0.010  train return  +36.31%  loss 6.24e-05  maxQ +0.0138  changes   318  9.9 min
episode 710/1013  eps 0.010  train return  +16.18%  loss 6.51e-05  maxQ +0.0137  changes   280  9.9 min | val return -8.77% (best +15.13%)
episode 711/1013  eps 0.010  train return  +29.54%  loss 6.28e-05  maxQ +0.0144  changes   325  9.9 min
episode 712/1013  eps 0.010  train return   -7.55%  loss 6.30e-05  maxQ +0.0137  changes   276  9.9 min
episode 713/1013  eps 0.010  train return   +9.73%  loss 5.89e-05  maxQ +0.0143  changes   290  9.9 min
episode 714/1013  eps 0.010  train return  +63.97%  loss 6.20e-05  maxQ +0.0143  changes   411  9.9 min
episode 715/1013  eps 0.010  train return  +10.71%  loss 6.41e-05  maxQ +0.0141  changes   427  9.9 min
episode 716/1013  eps 0.010  train return   +1.09%  loss 6.46e-05  maxQ +0.0142  changes   275  10.0 min
episode 717/1013  eps 0.010  train return  +90.03%  loss 6.11e-05  maxQ +0.0137  changes   457  10.0 min
episode 718/1013  eps 0.010  train return  +37.60%  loss 6.89e-05  maxQ +0.0129  changes   535  10.0 min
episode 719/1013  eps 0.010  train return   -8.63%  loss 6.93e-05  maxQ +0.0132  changes   219  10.0 min
episode 720/1013  eps 0.010  train return   -3.04%  loss 6.33e-05  maxQ +0.0138  changes   162  10.0 min | val return -15.13% (best +15.13%)
episode 721/1013  eps 0.010  train return +112.50%  loss 6.42e-05  maxQ +0.0136  changes   517  10.0 min
episode 722/1013  eps 0.010  train return   +9.63%  loss 6.33e-05  maxQ +0.0137  changes   393  10.0 min
episode 723/1013  eps 0.010  train return   +6.25%  loss 5.79e-05  maxQ +0.0134  changes   254  10.1 min
episode 724/1013  eps 0.010  train return   +2.06%  loss 6.44e-05  maxQ +0.0139  changes   432  10.1 min
episode 725/1013  eps 0.010  train return  +40.58%  loss 5.79e-05  maxQ +0.0138  changes   360  10.1 min
episode 726/1013  eps 0.010  train return   +7.53%  loss 5.86e-05  maxQ +0.0123  changes   233  10.1 min
episode 727/1013  eps 0.010  train return   +3.92%  loss 6.05e-05  maxQ +0.0123  changes   297  10.1 min
episode 728/1013  eps 0.010  train return  +35.44%  loss 6.47e-05  maxQ +0.0129  changes   376  10.1 min
episode 729/1013  eps 0.010  train return   +1.92%  loss 6.06e-05  maxQ +0.0125  changes   366  10.1 min
episode 730/1013  eps 0.010  train return  +38.88%  loss 6.25e-05  maxQ +0.0129  changes   506  10.1 min | val return -15.79% (best +15.13%)
episode 731/1013  eps 0.010  train return  +20.01%  loss 5.76e-05  maxQ +0.0128  changes   259  10.2 min
episode 732/1013  eps 0.010  train return  +54.73%  loss 5.98e-05  maxQ +0.0129  changes   308  10.2 min
episode 733/1013  eps 0.010  train return  +65.76%  loss 5.97e-05  maxQ +0.0129  changes   432  10.2 min
episode 734/1013  eps 0.010  train return   -5.84%  loss 5.85e-05  maxQ +0.0133  changes   223  10.2 min
episode 735/1013  eps 0.010  train return  +34.78%  loss 5.67e-05  maxQ +0.0124  changes   424  10.2 min
episode 736/1013  eps 0.010  train return   -0.55%  loss 6.27e-05  maxQ +0.0125  changes   455  10.2 min
episode 737/1013  eps 0.010  train return  +32.95%  loss 6.44e-05  maxQ +0.0136  changes   419  10.2 min
episode 738/1013  eps 0.010  train return  -15.48%  loss 5.85e-05  maxQ +0.0127  changes   226  10.3 min
episode 739/1013  eps 0.010  train return  +22.94%  loss 5.78e-05  maxQ +0.0125  changes   303  10.3 min
episode 740/1013  eps 0.010  train return  -19.40%  loss 6.11e-05  maxQ +0.0122  changes   415  10.3 min | val return -33.67% (best +15.13%)
episode 741/1013  eps 0.010  train return   -3.57%  loss 6.04e-05  maxQ +0.0132  changes   301  10.3 min
episode 742/1013  eps 0.010  train return +514.42%  loss 6.34e-05  maxQ +0.0129  changes   538  10.3 min
episode 743/1013  eps 0.010  train return   -0.82%  loss 6.43e-05  maxQ +0.0126  changes   270  10.3 min
episode 744/1013  eps 0.010  train return  +82.67%  loss 7.12e-05  maxQ +0.0122  changes   472  10.3 min
episode 745/1013  eps 0.010  train return +251.49%  loss 5.82e-05  maxQ +0.0117  changes   436  10.4 min
episode 746/1013  eps 0.010  train return  +28.85%  loss 6.52e-05  maxQ +0.0126  changes   280  10.4 min
episode 747/1013  eps 0.010  train return  +32.65%  loss 6.42e-05  maxQ +0.0124  changes   375  10.4 min
episode 748/1013  eps 0.010  train return +327.87%  loss 5.88e-05  maxQ +0.0123  changes   532  10.4 min
episode 749/1013  eps 0.010  train return  +11.02%  loss 6.14e-05  maxQ +0.0129  changes   456  10.4 min
episode 750/1013  eps 0.010  train return  -11.09%  loss 6.49e-05  maxQ +0.0124  changes   417  10.4 min | val return -11.39% (best +15.13%)
episode 751/1013  eps 0.010  train return  +58.43%  loss 6.40e-05  maxQ +0.0131  changes   441  10.4 min
episode 752/1013  eps 0.010  train return  +18.26%  loss 5.92e-05  maxQ +0.0132  changes   245  10.5 min
episode 753/1013  eps 0.010  train return  +27.54%  loss 5.70e-05  maxQ +0.0132  changes   190  10.5 min
episode 754/1013  eps 0.010  train return  +14.26%  loss 5.82e-05  maxQ +0.0132  changes   295  10.5 min
episode 755/1013  eps 0.010  train return  +43.37%  loss 5.96e-05  maxQ +0.0136  changes   355  10.5 min
episode 756/1013  eps 0.010  train return   -1.37%  loss 5.96e-05  maxQ +0.0136  changes   238  10.5 min
episode 757/1013  eps 0.010  train return  -10.39%  loss 6.18e-05  maxQ +0.0132  changes   282  10.5 min
episode 758/1013  eps 0.010  train return +262.94%  loss 6.19e-05  maxQ +0.0138  changes   532  10.5 min
episode 759/1013  eps 0.010  train return   +8.72%  loss 6.86e-05  maxQ +0.0136  changes   431  10.6 min
episode 760/1013  eps 0.010  train return  +11.38%  loss 6.76e-05  maxQ +0.0140  changes   452  10.6 min | val return -15.78% (best +15.13%)
episode 761/1013  eps 0.010  train return   -5.31%  loss 6.66e-05  maxQ +0.0144  changes   231  10.6 min
episode 762/1013  eps 0.010  train return  +30.30%  loss 6.47e-05  maxQ +0.0144  changes   249  10.6 min
episode 763/1013  eps 0.010  train return  +48.09%  loss 7.12e-05  maxQ +0.0141  changes   522  10.6 min
episode 764/1013  eps 0.010  train return  +17.44%  loss 6.53e-05  maxQ +0.0143  changes   422  10.6 min
episode 765/1013  eps 0.010  train return  +84.13%  loss 7.39e-05  maxQ +0.0137  changes   523  10.6 min
episode 766/1013  eps 0.010  train return   +4.18%  loss 6.68e-05  maxQ +0.0137  changes   278  10.7 min
episode 767/1013  eps 0.010  train return   +3.76%  loss 6.66e-05  maxQ +0.0142  changes   298  10.7 min
episode 768/1013  eps 0.010  train return  +23.70%  loss 7.97e-05  maxQ +0.0144  changes   217  10.7 min
episode 769/1013  eps 0.010  train return   -9.63%  loss 6.90e-05  maxQ +0.0153  changes   443  10.7 min
episode 770/1013  eps 0.010  train return  +14.67%  loss 6.29e-05  maxQ +0.0155  changes   261  10.7 min | val return -25.02% (best +15.13%)
episode 771/1013  eps 0.010  train return   -3.18%  loss 7.00e-05  maxQ +0.0149  changes   408  10.7 min
episode 772/1013  eps 0.010  train return +364.90%  loss 7.21e-05  maxQ +0.0146  changes   534  10.7 min
episode 773/1013  eps 0.010  train return   +0.46%  loss 6.59e-05  maxQ +0.0143  changes   268  10.8 min
episode 774/1013  eps 0.010  train return  +16.26%  loss 6.32e-05  maxQ +0.0138  changes   285  10.8 min
episode 775/1013  eps 0.010  train return   +6.99%  loss 6.33e-05  maxQ +0.0135  changes   297  10.8 min
episode 776/1013  eps 0.010  train return  +12.78%  loss 6.68e-05  maxQ +0.0133  changes   300  10.8 min
episode 777/1013  eps 0.010  train return +244.95%  loss 6.68e-05  maxQ +0.0142  changes   463  10.8 min
episode 778/1013  eps 0.010  train return   -2.05%  loss 6.99e-05  maxQ +0.0139  changes   264  10.8 min
episode 779/1013  eps 0.010  train return  +42.75%  loss 6.88e-05  maxQ +0.0142  changes   442  10.8 min
episode 780/1013  eps 0.010  train return   +1.03%  loss 6.80e-05  maxQ +0.0136  changes   444  10.9 min | val return -6.03% (best +15.13%)
episode 781/1013  eps 0.010  train return  +28.15%  loss 6.75e-05  maxQ +0.0137  changes   351  10.9 min
episode 782/1013  eps 0.010  train return   +8.80%  loss 7.64e-05  maxQ +0.0141  changes   393  10.9 min
episode 783/1013  eps 0.010  train return   -4.24%  loss 7.17e-05  maxQ +0.0146  changes   565  10.9 min
episode 784/1013  eps 0.010  train return  +38.87%  loss 7.37e-05  maxQ +0.0142  changes   427  10.9 min
episode 785/1013  eps 0.010  train return  +16.90%  loss 7.78e-05  maxQ +0.0151  changes   319  10.9 min
episode 786/1013  eps 0.010  train return  +85.68%  loss 8.24e-05  maxQ +0.0162  changes   410  10.9 min
episode 787/1013  eps 0.010  train return  +12.57%  loss 8.22e-05  maxQ +0.0163  changes   301  11.0 min
episode 788/1013  eps 0.010  train return   -9.68%  loss 6.93e-05  maxQ +0.0151  changes   190  11.0 min
episode 789/1013  eps 0.010  train return   +6.75%  loss 6.66e-05  maxQ +0.0150  changes   421  11.0 min
episode 790/1013  eps 0.010  train return   +8.23%  loss 6.71e-05  maxQ +0.0147  changes   324  11.0 min | val return -22.90% (best +15.13%)
episode 791/1013  eps 0.010  train return  +36.62%  loss 6.85e-05  maxQ +0.0144  changes   378  11.0 min
episode 792/1013  eps 0.010  train return  +98.37%  loss 6.88e-05  maxQ +0.0141  changes   342  11.0 min
episode 793/1013  eps 0.010  train return   -6.10%  loss 6.92e-05  maxQ +0.0137  changes   266  11.0 min
episode 794/1013  eps 0.010  train return  +68.52%  loss 7.39e-05  maxQ +0.0140  changes   367  11.1 min
episode 795/1013  eps 0.010  train return  -12.24%  loss 7.25e-05  maxQ +0.0147  changes   348  11.1 min
episode 796/1013  eps 0.010  train return   -9.80%  loss 7.30e-05  maxQ +0.0143  changes   283  11.1 min
episode 797/1013  eps 0.010  train return   +9.78%  loss 6.84e-05  maxQ +0.0132  changes   243  11.1 min
episode 798/1013  eps 0.010  train return  +38.46%  loss 6.60e-05  maxQ +0.0143  changes   285  11.1 min
episode 799/1013  eps 0.010  train return  +10.39%  loss 6.33e-05  maxQ +0.0142  changes   325  11.1 min
episode 800/1013  eps 0.010  train return   -1.21%  loss 6.98e-05  maxQ +0.0152  changes   314  11.1 min | val return -7.51% (best +15.13%)
episode 801/1013  eps 0.010  train return  +30.86%  loss 6.99e-05  maxQ +0.0145  changes   395  11.2 min
episode 802/1013  eps 0.010  train return  -10.44%  loss 6.69e-05  maxQ +0.0142  changes   269  11.2 min
episode 803/1013  eps 0.010  train return  +22.91%  loss 6.69e-05  maxQ +0.0147  changes   329  11.2 min
episode 804/1013  eps 0.010  train return   +4.68%  loss 6.72e-05  maxQ +0.0150  changes   212  11.2 min
episode 805/1013  eps 0.010  train return   -0.70%  loss 6.76e-05  maxQ +0.0143  changes   429  11.2 min
episode 806/1013  eps 0.010  train return  +11.70%  loss 6.56e-05  maxQ +0.0142  changes   392  11.2 min
episode 807/1013  eps 0.010  train return   +9.74%  loss 6.55e-05  maxQ +0.0142  changes   424  11.2 min
episode 808/1013  eps 0.010  train return   +4.83%  loss 6.87e-05  maxQ +0.0140  changes   307  11.3 min
episode 809/1013  eps 0.010  train return   +2.15%  loss 7.14e-05  maxQ +0.0141  changes   361  11.3 min
episode 810/1013  eps 0.010  train return  +10.45%  loss 7.12e-05  maxQ +0.0143  changes   417  11.3 min | val return +9.61% (best +15.13%)
episode 811/1013  eps 0.010  train return  +27.79%  loss 6.87e-05  maxQ +0.0137  changes   409  11.3 min
episode 812/1013  eps 0.010  train return  +51.52%  loss 6.25e-05  maxQ +0.0131  changes   395  11.3 min
episode 813/1013  eps 0.010  train return +237.73%  loss 6.88e-05  maxQ +0.0138  changes   531  11.3 min
episode 814/1013  eps 0.010  train return  +15.93%  loss 6.56e-05  maxQ +0.0134  changes   340  11.3 min
episode 815/1013  eps 0.010  train return  +46.94%  loss 6.30e-05  maxQ +0.0136  changes   328  11.4 min
episode 816/1013  eps 0.010  train return  +19.62%  loss 6.12e-05  maxQ +0.0138  changes   452  11.4 min
episode 817/1013  eps 0.010  train return   -3.61%  loss 6.36e-05  maxQ +0.0134  changes   347  11.4 min
episode 818/1013  eps 0.010  train return  +12.70%  loss 6.38e-05  maxQ +0.0134  changes   497  11.4 min
episode 819/1013  eps 0.010  train return   -5.09%  loss 6.61e-05  maxQ +0.0131  changes   388  11.4 min
episode 820/1013  eps 0.010  train return   -0.17%  loss 6.27e-05  maxQ +0.0123  changes   196  11.4 min | val return -11.12% (best +15.13%)
episode 821/1013  eps 0.010  train return  +80.57%  loss 5.86e-05  maxQ +0.0127  changes   441  11.4 min
episode 822/1013  eps 0.010  train return  +11.21%  loss 6.34e-05  maxQ +0.0122  changes   174  11.5 min
episode 823/1013  eps 0.010  train return  +45.95%  loss 6.49e-05  maxQ +0.0125  changes   331  11.5 min
episode 824/1013  eps 0.010  train return  +40.21%  loss 6.38e-05  maxQ +0.0123  changes   441  11.5 min
episode 825/1013  eps 0.010  train return  +23.54%  loss 6.39e-05  maxQ +0.0126  changes   398  11.5 min
episode 826/1013  eps 0.010  train return   +0.41%  loss 6.27e-05  maxQ +0.0125  changes   179  11.5 min
episode 827/1013  eps 0.010  train return   +9.46%  loss 5.92e-05  maxQ +0.0126  changes   261  11.5 min
episode 828/1013  eps 0.010  train return  +10.66%  loss 5.73e-05  maxQ +0.0113  changes   244  11.5 min
episode 829/1013  eps 0.010  train return   -4.81%  loss 5.48e-05  maxQ +0.0121  changes   404  11.5 min
episode 830/1013  eps 0.010  train return  +29.69%  loss 5.60e-05  maxQ +0.0119  changes   266  11.6 min | val return -26.02% (best +15.13%)
episode 831/1013  eps 0.010  train return  +37.80%  loss 6.10e-05  maxQ +0.0125  changes   251  11.6 min
episode 832/1013  eps 0.010  train return  +21.50%  loss 5.45e-05  maxQ +0.0126  changes   309  11.6 min
episode 833/1013  eps 0.010  train return   -6.62%  loss 5.48e-05  maxQ +0.0120  changes   278  11.6 min
episode 834/1013  eps 0.010  train return   +1.27%  loss 5.62e-05  maxQ +0.0123  changes   207  11.6 min
episode 835/1013  eps 0.010  train return  +71.84%  loss 5.03e-05  maxQ +0.0121  changes   316  11.6 min
episode 836/1013  eps 0.010  train return +106.87%  loss 6.37e-05  maxQ +0.0119  changes   525  11.6 min
episode 837/1013  eps 0.010  train return +153.15%  loss 8.01e-05  maxQ +0.0125  changes   478  11.7 min
episode 838/1013  eps 0.010  train return  -18.56%  loss 6.51e-05  maxQ +0.0127  changes   325  11.7 min
episode 839/1013  eps 0.010  train return +122.71%  loss 6.86e-05  maxQ +0.0125  changes   446  11.7 min
episode 840/1013  eps 0.010  train return   +6.66%  loss 7.02e-05  maxQ +0.0128  changes   238  11.7 min | val return -17.86% (best +15.13%)
episode 841/1013  eps 0.010  train return  +99.11%  loss 6.68e-05  maxQ +0.0130  changes   506  11.7 min
episode 842/1013  eps 0.010  train return   -5.91%  loss 6.44e-05  maxQ +0.0133  changes   310  11.7 min
episode 843/1013  eps 0.010  train return  +97.09%  loss 7.04e-05  maxQ +0.0136  changes   451  11.7 min
episode 844/1013  eps 0.010  train return   -1.26%  loss 7.31e-05  maxQ +0.0134  changes   346  11.8 min
episode 845/1013  eps 0.010  train return   -1.28%  loss 6.39e-05  maxQ +0.0135  changes   149  11.8 min
episode 846/1013  eps 0.010  train return  +20.33%  loss 6.68e-05  maxQ +0.0134  changes   246  11.8 min
episode 847/1013  eps 0.010  train return +228.80%  loss 6.50e-05  maxQ +0.0132  changes   541  11.8 min
episode 848/1013  eps 0.010  train return  +23.66%  loss 6.39e-05  maxQ +0.0134  changes   341  11.8 min
episode 849/1013  eps 0.010  train return   -7.49%  loss 6.46e-05  maxQ +0.0132  changes   219  11.8 min
episode 850/1013  eps 0.010  train return  +12.46%  loss 6.35e-05  maxQ +0.0128  changes   176  11.8 min | val return -27.74% (best +15.13%)
episode 851/1013  eps 0.010  train return  +28.56%  loss 6.23e-05  maxQ +0.0129  changes   332  11.9 min
episode 852/1013  eps 0.010  train return  +87.38%  loss 6.15e-05  maxQ +0.0123  changes   400  11.9 min
episode 853/1013  eps 0.010  train return   +9.98%  loss 5.61e-05  maxQ +0.0123  changes   268  11.9 min
episode 854/1013  eps 0.010  train return  +22.98%  loss 6.23e-05  maxQ +0.0121  changes   397  11.9 min
episode 855/1013  eps 0.010  train return   +0.68%  loss 6.26e-05  maxQ +0.0119  changes   225  11.9 min
episode 856/1013  eps 0.010  train return   +3.74%  loss 6.44e-05  maxQ +0.0130  changes   229  11.9 min
episode 857/1013  eps 0.010  train return +403.61%  loss 6.02e-05  maxQ +0.0136  changes   472  11.9 min
episode 858/1013  eps 0.010  train return   -9.26%  loss 5.92e-05  maxQ +0.0143  changes   180  12.0 min
episode 859/1013  eps 0.010  train return  +12.28%  loss 6.06e-05  maxQ +0.0136  changes   225  12.0 min
episode 860/1013  eps 0.010  train return   -1.77%  loss 5.56e-05  maxQ +0.0135  changes   138  12.0 min | val return -13.61% (best +15.13%)
episode 861/1013  eps 0.010  train return  +12.70%  loss 5.92e-05  maxQ +0.0136  changes   476  12.0 min
episode 862/1013  eps 0.010  train return   +7.64%  loss 5.82e-05  maxQ +0.0138  changes   281  12.0 min
episode 863/1013  eps 0.010  train return  -14.57%  loss 6.01e-05  maxQ +0.0140  changes   274  12.0 min
episode 864/1013  eps 0.010  train return   +4.26%  loss 5.72e-05  maxQ +0.0144  changes   329  12.1 min
episode 865/1013  eps 0.010  train return  +25.71%  loss 6.03e-05  maxQ +0.0139  changes   323  12.1 min
episode 866/1013  eps 0.010  train return   +2.40%  loss 5.82e-05  maxQ +0.0137  changes   268  12.1 min
episode 867/1013  eps 0.010  train return  +13.29%  loss 5.66e-05  maxQ +0.0131  changes   269  12.1 min
episode 868/1013  eps 0.010  train return   +8.93%  loss 5.68e-05  maxQ +0.0132  changes   340  12.1 min
episode 869/1013  eps 0.010  train return   +7.37%  loss 5.50e-05  maxQ +0.0135  changes   411  12.1 min
episode 870/1013  eps 0.010  train return  -12.65%  loss 5.85e-05  maxQ +0.0132  changes   305  12.1 min | val return -18.22% (best +15.13%)
episode 871/1013  eps 0.010  train return   -0.24%  loss 5.74e-05  maxQ +0.0140  changes   162  12.2 min
episode 872/1013  eps 0.010  train return +162.08%  loss 6.01e-05  maxQ +0.0131  changes   492  12.2 min
episode 873/1013  eps 0.010  train return  +37.92%  loss 5.78e-05  maxQ +0.0127  changes   434  12.2 min
episode 874/1013  eps 0.010  train return   -2.70%  loss 6.00e-05  maxQ +0.0123  changes   347  12.2 min
episode 875/1013  eps 0.010  train return  +48.64%  loss 5.71e-05  maxQ +0.0130  changes   406  12.2 min
episode 876/1013  eps 0.010  train return  +32.81%  loss 6.03e-05  maxQ +0.0133  changes   346  12.2 min
episode 877/1013  eps 0.010  train return   +4.93%  loss 5.83e-05  maxQ +0.0136  changes   222  12.2 min
episode 878/1013  eps 0.010  train return  +23.30%  loss 5.62e-05  maxQ +0.0133  changes   238  12.3 min
episode 879/1013  eps 0.010  train return   -5.50%  loss 5.91e-05  maxQ +0.0130  changes   164  12.3 min
episode 880/1013  eps 0.010  train return   +8.99%  loss 5.64e-05  maxQ +0.0132  changes   192  12.3 min | val return -7.69% (best +15.13%)
episode 881/1013  eps 0.010  train return  +23.12%  loss 5.93e-05  maxQ +0.0137  changes   395  12.3 min
episode 882/1013  eps 0.010  train return  +72.58%  loss 5.65e-05  maxQ +0.0132  changes   379  12.3 min
episode 883/1013  eps 0.010  train return   +2.47%  loss 5.53e-05  maxQ +0.0127  changes   282  12.3 min
episode 884/1013  eps 0.010  train return  +11.32%  loss 5.30e-05  maxQ +0.0128  changes   342  12.4 min
episode 885/1013  eps 0.010  train return  +56.22%  loss 5.21e-05  maxQ +0.0122  changes   363  12.4 min
episode 886/1013  eps 0.010  train return   -9.31%  loss 5.92e-05  maxQ +0.0128  changes   449  12.4 min
episode 887/1013  eps 0.010  train return   -7.62%  loss 5.68e-05  maxQ +0.0127  changes   248  12.4 min
episode 888/1013  eps 0.010  train return  +18.54%  loss 5.79e-05  maxQ +0.0126  changes   468  12.4 min
episode 889/1013  eps 0.010  train return  +37.22%  loss 5.76e-05  maxQ +0.0129  changes   431  12.4 min
episode 890/1013  eps 0.010  train return  +14.78%  loss 5.58e-05  maxQ +0.0124  changes   327  12.4 min | val return -21.76% (best +15.13%)
episode 891/1013  eps 0.010  train return   +0.98%  loss 5.66e-05  maxQ +0.0125  changes   300  12.5 min
episode 892/1013  eps 0.010  train return  +76.93%  loss 5.35e-05  maxQ +0.0117  changes   400  12.5 min
episode 893/1013  eps 0.010  train return   +3.29%  loss 5.60e-05  maxQ +0.0123  changes   255  12.5 min
episode 894/1013  eps 0.010  train return +687.13%  loss 5.68e-05  maxQ +0.0121  changes   528  12.5 min
episode 895/1013  eps 0.010  train return   +4.05%  loss 6.12e-05  maxQ +0.0127  changes   275  12.5 min
episode 896/1013  eps 0.010  train return   +9.56%  loss 6.10e-05  maxQ +0.0132  changes   270  12.5 min
episode 897/1013  eps 0.010  train return  +33.58%  loss 5.64e-05  maxQ +0.0133  changes   391  12.6 min
episode 898/1013  eps 0.010  train return  +26.70%  loss 6.19e-05  maxQ +0.0136  changes   283  12.6 min
episode 899/1013  eps 0.010  train return +151.84%  loss 5.82e-05  maxQ +0.0132  changes   501  12.6 min
episode 900/1013  eps 0.010  train return +211.92%  loss 6.41e-05  maxQ +0.0134  changes   499  12.6 min | val return -18.50% (best +15.13%)
episode 901/1013  eps 0.010  train return +143.85%  loss 6.89e-05  maxQ +0.0144  changes   523  12.6 min
episode 902/1013  eps 0.010  train return   -0.68%  loss 6.93e-05  maxQ +0.0139  changes   298  12.6 min
episode 903/1013  eps 0.010  train return  -11.59%  loss 6.56e-05  maxQ +0.0136  changes   261  12.7 min
episode 904/1013  eps 0.010  train return  +50.40%  loss 6.99e-05  maxQ +0.0142  changes   373  12.7 min
episode 905/1013  eps 0.010  train return  +21.89%  loss 6.67e-05  maxQ +0.0136  changes   171  12.7 min
episode 906/1013  eps 0.010  train return  +85.47%  loss 5.93e-05  maxQ +0.0144  changes   429  12.7 min
episode 907/1013  eps 0.010  train return +132.64%  loss 6.11e-05  maxQ +0.0141  changes   448  12.7 min
episode 908/1013  eps 0.010  train return  +26.92%  loss 5.91e-05  maxQ +0.0134  changes   446  12.7 min
episode 909/1013  eps 0.010  train return  +17.85%  loss 5.85e-05  maxQ +0.0135  changes   229  12.7 min
episode 910/1013  eps 0.010  train return  +21.93%  loss 5.67e-05  maxQ +0.0128  changes   347  12.8 min | val return -14.68% (best +15.13%)
episode 911/1013  eps 0.010  train return   +3.88%  loss 5.86e-05  maxQ +0.0133  changes   485  12.8 min
episode 912/1013  eps 0.010  train return   +9.61%  loss 5.43e-05  maxQ +0.0135  changes   308  12.8 min
episode 913/1013  eps 0.010  train return +181.21%  loss 6.32e-05  maxQ +0.0139  changes   525  12.8 min
episode 914/1013  eps 0.010  train return   -3.97%  loss 5.99e-05  maxQ +0.0138  changes   210  12.8 min
episode 915/1013  eps 0.010  train return +101.11%  loss 5.95e-05  maxQ +0.0135  changes   473  12.8 min
episode 916/1013  eps 0.010  train return  -16.73%  loss 6.25e-05  maxQ +0.0137  changes   339  12.9 min
episode 917/1013  eps 0.010  train return   -1.75%  loss 6.18e-05  maxQ +0.0136  changes   246  12.9 min
episode 918/1013  eps 0.010  train return  +14.63%  loss 5.58e-05  maxQ +0.0134  changes   147  12.9 min
episode 919/1013  eps 0.010  train return   +6.43%  loss 5.50e-05  maxQ +0.0134  changes   343  12.9 min
episode 920/1013  eps 0.010  train return   +9.99%  loss 6.05e-05  maxQ +0.0135  changes   341  12.9 min | val return +7.12% (best +15.13%)
episode 921/1013  eps 0.010  train return +340.56%  loss 6.20e-05  maxQ +0.0131  changes   532  12.9 min
episode 922/1013  eps 0.010  train return  -18.85%  loss 5.82e-05  maxQ +0.0132  changes   396  12.9 min
episode 923/1013  eps 0.010  train return  +13.97%  loss 6.16e-05  maxQ +0.0136  changes   265  13.0 min
episode 924/1013  eps 0.010  train return   +2.95%  loss 6.37e-05  maxQ +0.0134  changes   260  13.0 min
episode 925/1013  eps 0.010  train return  +71.74%  loss 6.66e-05  maxQ +0.0142  changes   453  13.0 min
episode 926/1013  eps 0.010  train return   +7.25%  loss 5.99e-05  maxQ +0.0137  changes   322  13.0 min
episode 927/1013  eps 0.010  train return  +89.80%  loss 5.98e-05  maxQ +0.0135  changes   465  13.0 min
episode 928/1013  eps 0.010  train return   +8.80%  loss 5.84e-05  maxQ +0.0129  changes   238  13.0 min
episode 929/1013  eps 0.010  train return  +18.97%  loss 6.70e-05  maxQ +0.0139  changes   317  13.0 min
episode 930/1013  eps 0.010  train return  +14.79%  loss 6.37e-05  maxQ +0.0141  changes   335  13.1 min | val return -5.66% (best +15.13%)
episode 931/1013  eps 0.010  train return  +14.87%  loss 6.46e-05  maxQ +0.0135  changes   286  13.1 min
episode 932/1013  eps 0.010  train return  +14.42%  loss 6.05e-05  maxQ +0.0133  changes   222  13.1 min
episode 933/1013  eps 0.010  train return  +21.28%  loss 6.26e-05  maxQ +0.0131  changes   441  13.1 min
episode 934/1013  eps 0.010  train return   +2.53%  loss 6.46e-05  maxQ +0.0130  changes   244  13.1 min
episode 935/1013  eps 0.010  train return  +80.51%  loss 6.32e-05  maxQ +0.0133  changes   434  13.1 min
episode 936/1013  eps 0.010  train return  +59.98%  loss 6.04e-05  maxQ +0.0134  changes   363  13.1 min
episode 937/1013  eps 0.010  train return  +64.28%  loss 6.02e-05  maxQ +0.0139  changes   339  13.1 min
episode 938/1013  eps 0.010  train return  +10.14%  loss 7.45e-05  maxQ +0.0137  changes   335  13.1 min
episode 939/1013  eps 0.010  train return   +4.21%  loss 6.97e-05  maxQ +0.0149  changes   209  13.2 min
episode 940/1013  eps 0.010  train return  -10.69%  loss 6.77e-05  maxQ +0.0143  changes   179  13.2 min | val return -9.76% (best +15.13%)
episode 941/1013  eps 0.010  train return  +25.53%  loss 6.24e-05  maxQ +0.0148  changes   309  13.2 min
episode 942/1013  eps 0.010  train return   +5.49%  loss 6.77e-05  maxQ +0.0150  changes   178  13.2 min
episode 943/1013  eps 0.010  train return   -7.80%  loss 6.34e-05  maxQ +0.0149  changes   222  13.2 min
episode 944/1013  eps 0.010  train return  +76.20%  loss 6.46e-05  maxQ +0.0145  changes   355  13.2 min
episode 945/1013  eps 0.010  train return  +37.47%  loss 6.50e-05  maxQ +0.0151  changes   268  13.2 min
episode 946/1013  eps 0.010  train return  +22.66%  loss 6.36e-05  maxQ +0.0146  changes   448  13.2 min
episode 947/1013  eps 0.010  train return  +45.51%  loss 6.56e-05  maxQ +0.0145  changes   335  13.3 min
episode 948/1013  eps 0.010  train return   +2.59%  loss 6.39e-05  maxQ +0.0145  changes   206  13.3 min
episode 949/1013  eps 0.010  train return  +45.54%  loss 6.32e-05  maxQ +0.0141  changes   401  13.3 min
episode 950/1013  eps 0.010  train return  +21.09%  loss 6.67e-05  maxQ +0.0148  changes   238  13.3 min | val return +7.48% (best +15.13%)
episode 951/1013  eps 0.010  train return   +8.46%  loss 6.46e-05  maxQ +0.0144  changes   267  13.3 min
episode 952/1013  eps 0.010  train return   -9.77%  loss 5.98e-05  maxQ +0.0143  changes   214  13.3 min
episode 953/1013  eps 0.010  train return   +0.54%  loss 6.20e-05  maxQ +0.0141  changes   275  13.3 min
episode 954/1013  eps 0.010  train return   +9.57%  loss 6.66e-05  maxQ +0.0144  changes   198  13.3 min
episode 955/1013  eps 0.010  train return  +30.17%  loss 6.43e-05  maxQ +0.0143  changes   307  13.3 min
episode 956/1013  eps 0.010  train return   +3.14%  loss 6.07e-05  maxQ +0.0139  changes   101  13.4 min
episode 957/1013  eps 0.010  train return  +28.83%  loss 5.89e-05  maxQ +0.0141  changes   363  13.4 min
episode 958/1013  eps 0.010  train return  +44.29%  loss 6.98e-05  maxQ +0.0148  changes   503  13.4 min
episode 959/1013  eps 0.010  train return  +19.53%  loss 7.34e-05  maxQ +0.0139  changes   135  13.4 min
episode 960/1013  eps 0.010  train return   +3.13%  loss 6.43e-05  maxQ +0.0138  changes   374  13.4 min | val return -11.78% (best +15.13%)
episode 961/1013  eps 0.010  train return  +40.83%  loss 6.21e-05  maxQ +0.0138  changes   293  13.4 min
episode 962/1013  eps 0.010  train return  +23.57%  loss 6.39e-05  maxQ +0.0138  changes   373  13.4 min
episode 963/1013  eps 0.010  train return   -8.06%  loss 6.27e-05  maxQ +0.0142  changes   258  13.4 min
episode 964/1013  eps 0.010  train return  +78.63%  loss 6.62e-05  maxQ +0.0134  changes   424  13.4 min
episode 965/1013  eps 0.010  train return  +19.81%  loss 5.86e-05  maxQ +0.0130  changes   366  13.5 min
episode 966/1013  eps 0.010  train return   +7.71%  loss 6.28e-05  maxQ +0.0133  changes   336  13.5 min
episode 967/1013  eps 0.010  train return   +5.74%  loss 6.07e-05  maxQ +0.0129  changes   290  13.5 min
episode 968/1013  eps 0.010  train return  -10.11%  loss 6.00e-05  maxQ +0.0132  changes   280  13.5 min
episode 969/1013  eps 0.010  train return  +15.71%  loss 5.88e-05  maxQ +0.0131  changes   256  13.5 min
episode 970/1013  eps 0.010  train return  +45.68%  loss 5.68e-05  maxQ +0.0132  changes   352  13.5 min | val return -13.72% (best +15.13%)
episode 971/1013  eps 0.010  train return  +45.37%  loss 5.69e-05  maxQ +0.0134  changes   337  13.5 min
episode 972/1013  eps 0.010  train return   -6.85%  loss 5.49e-05  maxQ +0.0139  changes   398  13.5 min
episode 973/1013  eps 0.010  train return +157.85%  loss 5.73e-05  maxQ +0.0130  changes   455  13.5 min
episode 974/1013  eps 0.010  train return +114.18%  loss 5.43e-05  maxQ +0.0127  changes   312  13.6 min
episode 975/1013  eps 0.010  train return  -20.36%  loss 5.36e-05  maxQ +0.0134  changes   395  13.6 min
episode 976/1013  eps 0.010  train return  +52.27%  loss 5.80e-05  maxQ +0.0136  changes   373  13.6 min
episode 977/1013  eps 0.010  train return  +72.44%  loss 5.78e-05  maxQ +0.0133  changes   428  13.6 min
episode 978/1013  eps 0.010  train return  -11.48%  loss 5.70e-05  maxQ +0.0128  changes   424  13.6 min
episode 979/1013  eps 0.010  train return  -21.32%  loss 5.54e-05  maxQ +0.0132  changes   360  13.6 min
episode 980/1013  eps 0.010  train return +102.52%  loss 5.82e-05  maxQ +0.0129  changes   501  13.6 min | val return -5.51% (best +15.13%)
episode 981/1013  eps 0.010  train return   +5.16%  loss 5.51e-05  maxQ +0.0127  changes   358  13.6 min
episode 982/1013  eps 0.010  train return  +17.01%  loss 5.33e-05  maxQ +0.0127  changes   241  13.6 min
episode 983/1013  eps 0.010  train return  +14.46%  loss 5.02e-05  maxQ +0.0119  changes   298  13.7 min
episode 984/1013  eps 0.010  train return  -12.04%  loss 4.71e-05  maxQ +0.0118  changes   320  13.7 min
episode 985/1013  eps 0.010  train return   +3.91%  loss 5.03e-05  maxQ +0.0120  changes   168  13.7 min
episode 986/1013  eps 0.010  train return  +45.42%  loss 5.63e-05  maxQ +0.0124  changes   413  13.7 min
episode 987/1013  eps 0.010  train return +200.13%  loss 5.70e-05  maxQ +0.0122  changes   546  13.7 min
episode 988/1013  eps 0.010  train return  +28.95%  loss 5.57e-05  maxQ +0.0129  changes   402  13.7 min
episode 989/1013  eps 0.010  train return   -1.89%  loss 5.65e-05  maxQ +0.0126  changes   292  13.7 min
episode 990/1013  eps 0.010  train return   -2.81%  loss 5.36e-05  maxQ +0.0126  changes   222  13.7 min | val return -21.99% (best +15.13%)
episode 991/1013  eps 0.010  train return +146.34%  loss 5.15e-05  maxQ +0.0123  changes   429  13.7 min
episode 992/1013  eps 0.010  train return  +19.26%  loss 5.41e-05  maxQ +0.0119  changes   362  13.8 min
episode 993/1013  eps 0.010  train return +137.10%  loss 5.77e-05  maxQ +0.0119  changes   332  13.8 min
episode 994/1013  eps 0.010  train return  +61.86%  loss 5.51e-05  maxQ +0.0115  changes   243  13.8 min
episode 995/1013  eps 0.010  train return  +27.34%  loss 4.95e-05  maxQ +0.0123  changes   259  13.8 min
episode 996/1013  eps 0.010  train return  +77.66%  loss 5.94e-05  maxQ +0.0125  changes   317  13.8 min
episode 997/1013  eps 0.010  train return  -27.20%  loss 5.20e-05  maxQ +0.0119  changes   239  13.8 min
episode 998/1013  eps 0.010  train return  +13.55%  loss 5.05e-05  maxQ +0.0124  changes   237  13.8 min
episode 999/1013  eps 0.010  train return  +18.32%  loss 5.05e-05  maxQ +0.0118  changes   325  13.8 min
episode 1000/1013  eps 0.010  train return   -3.22%  loss 5.07e-05  maxQ +0.0126  changes   176  13.8 min | val return +5.03% (best +15.13%)
episode 1001/1013  eps 0.010  train return  +63.20%  loss 5.06e-05  maxQ +0.0121  changes   329  13.9 min
episode 1002/1013  eps 0.010  train return  +11.23%  loss 5.41e-05  maxQ +0.0124  changes   341  13.9 min
episode 1003/1013  eps 0.010  train return  +33.40%  loss 4.96e-05  maxQ +0.0120  changes   212  13.9 min
episode 1004/1013  eps 0.010  train return  +26.75%  loss 5.28e-05  maxQ +0.0118  changes   349  13.9 min
episode 1005/1013  eps 0.010  train return   +9.54%  loss 5.14e-05  maxQ +0.0125  changes   194  13.9 min
episode 1006/1013  eps 0.010  train return  +10.03%  loss 4.96e-05  maxQ +0.0125  changes   231  13.9 min
episode 1007/1013  eps 0.010  train return  +27.90%  loss 5.13e-05  maxQ +0.0125  changes   305  13.9 min
episode 1008/1013  eps 0.010  train return   +7.93%  loss 5.05e-05  maxQ +0.0121  changes   396  13.9 min
episode 1009/1013  eps 0.010  train return  +23.69%  loss 5.20e-05  maxQ +0.0127  changes   305  13.9 min
episode 1010/1013  eps 0.010  train return +114.52%  loss 5.36e-05  maxQ +0.0122  changes   350  14.0 min | val return -8.14% (best +15.13%)
episode 1011/1013  eps 0.010  train return  +38.19%  loss 5.74e-05  maxQ +0.0124  changes   282  14.0 min
episode 1012/1013  eps 0.010  train return   +7.47%  loss 5.01e-05  maxQ +0.0118  changes   210  14.0 min
episode 1013/1013  eps 0.010  train return +1319.42%  loss 5.31e-05  maxQ +0.0128  changes   519  14.0 min | val return -19.62% (best +15.13%)
model    env  portfolio_return  excess_return  n_changes
 last    val         -0.196246      -0.153628      344.8
 last val_w1         -0.202878      -0.175962      228.8
 last val_w2          0.004725       0.020158      120.8
 best    val          0.151338       0.193956      694.8
 best val_w1          0.109136       0.136051      439.8
 best val_w2          0.038729       0.054163      270.8
