episode,steps,epsilon,train_reward,train_portfolio_return,train_position_changes,mean_loss,mean_max_q,updates,minutes,action_share_-1,action_share_0,action_share_0.5,action_share_1,action_share_2
1,720,1.0,-0.17888519761345142,-0.1637981081403317,579,0.0031808790850206426,0.25981801748275757,657,0.011735800902048748,0.22777777777777777,0.19444444444444445,0.1875,0.20277777777777778,0.1875
2,720,0.9909,-0.04405577957641252,-0.0430994195246609,594,0.0015181050504502814,0.26221764087677,1377,0.022853684425354005,0.20555555555555555,0.17083333333333334,0.20416666666666666,0.20555555555555555,0.21388888888888888
3,720,0.98188281,0.07553874358701423,0.07846501051161425,583,0.0013521108988142159,0.261233389377594,2097,0.03297463258107503,0.2,0.21666666666666667,0.1875,0.19583333333333333,0.2
4,720,0.972947676429,-0.2019396575296734,-0.1828557650436825,578,0.0012138480619695556,0.26071274280548096,2817,0.04573843479156494,0.18888888888888888,0.20555555555555555,0.19444444444444445,0.21944444444444444,0.19166666666666668
5,720,0.9640938525734961,0.29627803512821294,0.3448440187354471,580,0.0010330948991193307,0.2539352774620056,3537,0.058789634704589845,0.18333333333333332,0.21666666666666667,0.19166666666666668,0.20277777777777778,0.20555555555555555
6,720,0.9553205985150773,0.04223417290016673,0.043138724972225706,590,0.0008689476766448933,0.24043923616409302,4257,0.06990919907887777,0.18194444444444444,0.2111111111111111,0.19305555555555556,0.20972222222222223,0.20416666666666666
7,720,0.9466271810685901,0.02898871089395508,0.029412973257314734,581,0.0007098377095341372,0.22882626950740814,4977,0.08138733307520549,0.20833333333333334,0.18888888888888888,0.175,0.22083333333333333,0.20694444444444443
8,720,0.938012873720866,-0.19227604635335022,-0.17492092301780515,585,0.0007023326287607132,0.22114504873752594,5697,0.09294724861780802,0.2263888888888889,0.16805555555555557,0.19305555555555556,0.21805555555555556,0.19444444444444445
9,720,0.9294769565700061,-0.3056223590905861,-0.2633352383156111,580,0.0006034498945155064,0.2044994980096817,6417,0.10545721848805746,0.18888888888888888,0.2263888888888889,0.19166666666666668,0.20277777777777778,0.19027777777777777
10,720,0.921018716265219,-0.34991130598860176,-0.2952494058959836,578,0.0005340920216541337,0.18956565856933594,7137,0.11739648183186849,0.1986111111111111,0.2111111111111111,0.1763888888888889,0.20972222222222223,0.20416666666666666
11,720,0.9126374459472055,-0.14875248489283013,-0.13821760733558786,563,0.0005712718290346351,0.1837107539176941,7857,0.1384419004122416,0.21388888888888888,0.17916666666666667,0.2,0.20833333333333334,0.1986111111111111
12,720,0.904332445189086,-0.0926371783565285,-0.08847583899875855,580,0.000578505336751631,0.16986851394176483,8577,0.14932955106099446,0.20833333333333334,0.21388888888888888,0.1763888888888889,0.2152777777777778,0.18611111111111112
13,720,0.8961030199378652,0.08879092198691071,0.09285214108414719,576,0.00043103134812554343,0.1670708954334259,9297,0.16353644927342734,0.20277777777777778,0.19305555555555556,0.1763888888888889,0.225,0.20277777777777778
14,720,0.8879484824564307,-0.010438333909160533,-0.010384043566204704,571,0.0004391316048996588,0.15810859203338623,10017,0.17605143388112385,0.2013888888888889,0.20277777777777778,0.19166666666666668,0.175,0.22916666666666666
15,720,0.8798681512660771,-0.3018687193477205,-0.26056486795567424,583,0.00032000191985288336,0.14779652655124664,10737,0.18755473295847574,0.2222222222222222,0.19722222222222222,0.17083333333333334,0.20972222222222223,0.2
16,720,0.8718613510895558,-0.4075098670120582,-0.33469511320569856,572,0.0003094331583270105,0.1397923231124878,11457,0.20286010106404623,0.20694444444444443,0.19583333333333333,0.18055555555555555,0.21944444444444444,0.19722222222222222
17,720,0.8639274127946408,-0.18587563142145583,-0.16962313864984646,586,0.0003332561325199398,0.12695778906345367,12177,0.213403316338857,0.22777777777777777,0.16805555555555557,0.20416666666666666,0.18888888888888888,0.2111111111111111
18,720,0.8560656733382096,-0.027216184671726512,-0.02684916151235872,594,0.00028324344459381085,0.12436248362064362,12897,0.22489168246587118,0.20416666666666666,0.17083333333333334,0.19722222222222222,0.20555555555555555,0.2222222222222222
19,720,0.8482754757108318,-0.2526317985184205,-0.22324616891153515,577,0.0002662084033040123,0.11503149569034576,13617,0.23665949900945027,0.2222222222222222,0.19305555555555556,0.18888888888888888,0.2013888888888889,0.19444444444444445
20,720,0.8405561688818632,-0.23657475630364225,-0.21067312706305064,585,0.00026512988949131493,0.11295322328805923,14337,0.2478397846221924,0.2111111111111111,0.19722222222222222,0.18611111111111112,0.21388888888888888,0.19166666666666668
21,720,0.8329071077450383,-0.1770896536031299,-0.16229532208647557,576,0.00022120738972767462,0.11123097687959671,15057,0.26791043281555177,0.2,0.2152777777777778,0.19166666666666668,0.18055555555555555,0.2125
22,720,0.8253276530645585,-0.11916220485909798,-0.11233619429861341,577,0.00019951553933626403,0.10810317099094391,15777,0.2778180996576945,0.20555555555555555,0.20555555555555555,0.19722222222222222,0.19444444444444445,0.19722222222222222
23,720,0.817817171421671,-0.11919020524322325,-0.11236104887817677,566,0.00018079980298150783,0.09923720359802246,16497,0.2875418186187744,0.17777777777777778,0.20833333333333334,0.22916666666666666,0.20833333333333334,0.1763888888888889
24,720,0.8103750351617338,-0.16315376781696467,-0.1505394413241815,577,0.00015479595781976564,0.09347385168075562,17217,0.297566016515096,0.20416666666666666,0.19444444444444445,0.18611111111111112,0.2013888888888889,0.21388888888888888
25,720,0.8030006223417621,-0.03098431860489833,-0.030509224075269792,587,0.00016566251034520166,0.09395642578601837,17937,0.30755411783854164,0.21805555555555556,0.1875,0.19583333333333333,0.19583333333333333,0.20277777777777778
26,720,0.795693316678452,-0.023380627558099814,-0.023109418476932708,572,0.0001507171846949657,0.0842338427901268,18657,0.31927676598231,0.19305555555555556,0.19583333333333333,0.2111111111111111,0.18055555555555555,0.21944444444444444
27,720,0.7884525074966781,0.10086890047671575,0.1061316189294863,581,0.00012942470226436046,0.08221881091594696,19377,0.33609019915262855,0.22916666666666666,0.23194444444444445,0.18055555555555555,0.1875,0.17083333333333334
28,720,0.7812775896784583,-0.2210459510304531,-0.19832015857099783,583,0.00013545044112611829,0.07935124635696411,20097,0.3465314030647278,0.20833333333333334,0.20277777777777778,0.1986111111111111,0.1986111111111111,0.19166666666666668
29,720,0.7741679636123843,-0.13134682374387366,-0.12308641280894173,581,0.00012728449980841104,0.0757824033498764,20817,0.357251230875651,0.2152777777777778,0.18888888888888888,0.17222222222222222,0.21944444444444444,0.20416666666666666
30,720,0.7671230351435115,0.09258799288549506,0.09700966635945263,580,9.659906444438901e-05,0.07013601809740067,21537,0.36818686723709104,0.2222222222222222,0.18472222222222223,0.1763888888888889,0.19722222222222222,0.21944444444444444
31,720,0.7601422155237056,-0.22158552458498934,-0.19875260713324028,572,0.00010727227666696611,0.06839169561862946,22257,0.39094436963399254,0.2263888888888889,0.17222222222222222,0.1736111111111111,0.19722222222222222,0.23055555555555557
32,720,0.7532249213624399,0.480931301277601,0.6175801553944649,569,0.00010441856637347277,0.06716762483119965,22977,0.4021091341972351,0.1986111111111111,0.17777777777777778,0.2125,0.19027777777777777,0.22083333333333333
33,720,0.7463705745780417,-0.23439097478916768,-0.20894752614713052,566,9.928380269836149e-05,0.06455136090517044,23697,0.41372160116831463,0.2013888888888889,0.1875,0.19722222222222222,0.2013888888888889,0.2125
34,720,0.7395786023493816,-0.02439807167739832,-0.02410284459082168,564,9.410896558013823e-05,0.06390823423862457,24417,0.425061563650767,0.24583333333333332,0.1625,0.175,0.20833333333333334,0.20833333333333334
35,720,0.7328484370680022,-0.1675744909346575,-0.15428638305538356,561,9.76863383887879e-05,0.06485218554735184,25137,0.4362914482752482,0.2125,0.19166666666666668,0.19166666666666668,0.19027777777777777,0.21388888888888888
36,720,0.7261795162906833,0.06427794606395856,0.06638875613132855,567,8.641499413847163e-05,0.058723948895931244,25857,0.4471887509028117,0.19722222222222222,0.20277777777777778,0.22777777777777777,0.1638888888888889,0.20833333333333334
37,720,0.7195712826924381,0.0735203755938058,0.07629046650583837,554,7.946899865803263e-05,0.05601654201745987,26577,0.4577831188837687,0.20833333333333334,0.20416666666666666,0.20277777777777778,0.18055555555555555,0.20416666666666666
38,720,0.7130231840199369,0.09390976384014019,0.09846062057673888,574,7.915414475721466e-05,0.05510964244604111,27297,0.46898069779078166,0.19722222222222222,0.20972222222222223,0.19166666666666668,0.1736111111111111,0.22777777777777777
39,720,0.7065346730453554,-0.014897457991149487,-0.014787039860371776,554,8.218807294421518e-05,0.060098402202129364,28017,0.4795230666796366,0.21388888888888888,0.17083333333333334,0.19583333333333333,0.18888888888888888,0.23055555555555557
40,720,0.7001052075206428,-0.16557105658866877,-0.1525903529731547,569,9.57902312671245e-05,0.05949903652071953,28737,0.4887573003768921,0.20694444444444443,0.15694444444444444,0.20416666666666666,0.20277777777777778,0.22916666666666666
41,720,0.6937342501322049,0.08904863120412762,0.09313381544744215,566,8.542098059681141e-05,0.05543232709169388,29457,0.5072570164998372,0.21805555555555556,0.175,0.18472222222222223,0.16111111111111112,0.2611111111111111
42,720,0.6874212684560018,-0.17499090702582457,-0.16053534603507613,547,8.642750861377458e-05,0.058346763253211975,30177,0.5176058689753215,0.16805555555555557,0.1527777777777778,0.20277777777777778,0.18472222222222223,0.2916666666666667
43,720,0.6811657349130522,-0.020167380986487328,-0.019965379584085396,560,6.518771016948853e-05,0.05394315347075462,30897,0.5279187162717184,0.23472222222222222,0.1736111111111111,0.19444444444444445,0.18333333333333332,0.21388888888888888
44,720,0.6749671267253434,-0.06467220598606227,-0.06262532116850339,581,6.057098740054951e-05,0.05291840806603432,31617,0.538197914759318,0.23194444444444445,0.16944444444444445,0.18194444444444444,0.2222222222222222,0.19444444444444445
45,720,0.6688249258721428,0.050961280554246494,0.05228214871283132,563,7.079030205103562e-05,0.048810746520757675,32337,0.5482217828432719,0.19583333333333333,0.1875,0.16527777777777777,0.19305555555555556,0.25833333333333336
46,720,0.6627386190467063,-0.19478362212504788,-0.17698727946553805,550,6.553569896570682e-05,0.0498233363032341,33057,0.5581990162531535,0.22777777777777777,0.18472222222222223,0.18611111111111112,0.175,0.2263888888888889
47,720,0.6567076976133812,0.02067950748268234,0.020894810053498913,536,6.855394333847977e-05,0.0492837093770504,33777,0.568088964621226,0.20277777777777778,0.15555555555555556,0.14444444444444443,0.20416666666666666,0.29305555555555557
48,720,0.6507316575650994,-0.04295166914526582,-0.04204231213793186,548,7.237727461415489e-05,0.04957858473062515,34497,0.5805969357490539,0.23055555555555557,0.20555555555555555,0.1638888888888889,0.19166666666666668,0.20833333333333334
49,720,0.6448099994812571,-0.11872461478299962,-0.11194767642674308,569,7.848912111209453e-05,0.04765041917562485,35217,0.5935565153757731,0.21666666666666667,0.17222222222222222,0.17777777777777778,0.2013888888888889,0.23194444444444445
50,720,0.6389422284859776,0.16382152085569826,0.17800404717473928,593,6.337393501780753e-05,0.04840248450636864,35937,0.6032161831855773,0.2111111111111111,0.18611111111111112,0.18611111111111112,0.2013888888888889,0.2152777777777778
51,720,0.6331278542067552,0.02162377675843592,0.02185926493730528,541,5.825221142761923e-05,0.042063839733600616,36657,0.6256919980049134,0.21388888888888888,0.20416666666666666,0.18194444444444444,0.19027777777777777,0.20972222222222223
52,720,0.6273663907334738,0.09311222228130817,0.09758490183855129,555,6.88662730125442e-05,0.04573756083846092,37377,0.6371973514556885,0.19583333333333333,0.19027777777777777,0.14305555555555555,0.22083333333333333,0.25
53,720,0.6216573565777992,-0.1398496183083332,-0.13051101920848174,574,6.706276094519126e-05,0.04571737349033356,38097,0.64717564980189,0.2152777777777778,0.17777777777777778,0.2,0.175,0.23194444444444445
54,720,0.6160002746329413,-0.017692772372786665,-0.017537174280930934,551,6.290826341784041e-05,0.043581608682870865,38817,0.6590112487475077,0.2375,0.16666666666666666,0.18194444444444444,0.1763888888888889,0.2375
55,720,0.6103946721337815,-0.08243851072569018,-0.07913194037530857,566,6.347323426325602e-05,0.04272143542766571,39537,0.6696616490681966,0.22916666666666666,0.19166666666666668,0.18333333333333332,0.1527777777777778,0.24305555555555555
56,720,0.604840080617364,-0.18031417482214118,-0.16499216824013752,560,6.092500184675171e-05,0.040923163294792175,40257,0.6820218682289123,0.20416666666666666,0.19722222222222222,0.20277777777777778,0.16666666666666666,0.22916666666666666
57,720,0.5993360358837461,0.19711964103478735,0.21788974157877616,578,6.0051472746636134e-05,0.039608098566532135,40977,0.6923409501711527,0.20277777777777778,0.20972222222222223,0.1875,0.17916666666666667,0.22083333333333333
58,720,0.5938820779572039,0.07491321970973365,0.07779061584370561,575,5.661737392428121e-05,0.03677882254123688,41697,0.7027111172676086,0.2361111111111111,0.175,0.18194444444444444,0.16527777777777777,0.24166666666666667
59,720,0.5884777510477934,-0.013036034866920891,-0.012951433784295419,562,5.605156936780986e-05,0.03801070153713226,42417,0.7128025809923808,0.21805555555555556,0.18055555555555555,0.15833333333333333,0.21388888888888888,0.22916666666666666
60,720,0.5831226035132585,-0.34315546109670547,-0.2904721009995461,555,5.573922965393447e-05,0.03787201642990112,43137,0.7231659134229024,0.27361111111111114,0.14305555555555555,0.1527777777777778,0.1875,0.24305555555555555
61,720,0.5778161878212879,-0.09080382921829712,-0.08680316413371036,554,5.381497790292795e-05,0.03591260313987732,43857,0.7433703819910685,0.2652777777777778,0.175,0.16944444444444445,0.17777777777777778,0.2125
62,720,0.5725580605121141,-0.09093001961474079,-0.0869183935338832,569,5.2444055836531336e-05,0.035916686058044434,44577,0.7530214150746664,0.20277777777777778,0.1986111111111111,0.17083333333333334,0.20277777777777778,0.225
63,720,0.5673477821614539,-0.1805806129831621,-0.16521461655559433,542,5.5589045625007806e-05,0.03441811725497246,45297,0.7644963184992473,0.20416666666666666,0.17222222222222222,0.1527777777777778,0.20694444444444443,0.2638888888888889
64,720,0.5621849173437846,0.21741534197766274,0.24286020696666544,580,5.501022814213583e-05,0.03628072887659073,46017,0.7759866158167521,0.27361111111111114,0.18055555555555555,0.15694444444444444,0.175,0.21388888888888888
65,720,0.5570690345959561,-0.16667277220352583,-0.15352344331897982,575,5.45824298822279e-05,0.03550707548856735,46737,0.7873959024747212,0.21805555555555556,0.16805555555555557,0.17083333333333334,0.17222222222222222,0.2708333333333333
66,720,0.5519997063811329,0.03377193324111695,0.03434867927469787,570,5.485720641015885e-05,0.035984575748443604,47457,0.7981372992197673,0.19722222222222222,0.17222222222222222,0.18194444444444444,0.20277777777777778,0.24583333333333332
67,720,0.5469765090530646,0.17032946846419597,0.1856954362285037,557,5.002220511364107e-05,0.033537257462739944,48177,0.8085972666740417,0.2125,0.1736111111111111,0.1986111111111111,0.1875,0.22777777777777777
68,720,0.5419990228206817,-0.2081881413391334,-0.18794575863359064,553,4.8479878815517924e-05,0.03022540919482708,48897,0.8207801659901937,0.27361111111111114,0.1597222222222222,0.14444444444444443,0.16805555555555557,0.25416666666666665
69,720,0.5370668317130135,-0.0980178667480494,-0.09336729496889984,533,4.937977218004461e-05,0.030188003554940224,49617,0.8316618005434672,0.2652777777777778,0.15,0.16527777777777777,0.18888888888888888,0.23055555555555557
70,720,0.5321795235444251,-0.03391823731169369,-0.03334946264691396,566,4.6334944571905604e-05,0.029706384986639023,50337,0.8420169035593669,0.2263888888888889,0.14305555555555555,0.1486111111111111,0.18055555555555555,0.3013888888888889
71,720,0.5273366898801708,-0.10765833787829109,-0.10206566582311383,539,4.528327895185511e-05,0.02882184088230133,51057,0.8632689833641052,0.24583333333333332,0.18194444444444444,0.16805555555555557,0.19722222222222222,0.20694444444444443
72,720,0.5225379260022612,-0.020677516353959313,-0.02046520240581795,530,4.829720788090223e-05,0.02773308753967285,51777,0.8749052683512369,0.23472222222222222,0.18472222222222223,0.15833333333333333,0.15,0.2722222222222222
73,720,0.5177828308756407,0.012289585385902812,0.01236541265054436,528,4.915912534342068e-05,0.030632227659225464,52497,0.8849855343500773,0.2972222222222222,0.15416666666666667,0.17777777777777778,0.18611111111111112,0.18472222222222223
74,720,0.5130710071146724,-0.019219291129380145,-0.019035778097618028,528,4.6899454496775026e-05,0.027687862515449524,53217,0.8955543835957845,0.21944444444444444,0.16527777777777777,0.1597222222222222,0.20416666666666666,0.2513888888888889
75,720,0.5084020609499288,0.0106968494049081,0.010754265238726246,545,4.886285125849099e-05,0.02888169139623642,53937,0.908861001332601,0.1986111111111111,0.14583333333333334,0.18333333333333332,0.19583333333333333,0.2763888888888889
76,720,0.5037756021952844,-0.15302677445560792,-0.14189325383716622,550,5.221046756105352e-05,0.028866680338978767,54657,0.9187891523043314,0.20416666666666666,0.15833333333333333,0.1625,0.19583333333333333,0.2791666666666667
77,720,0.4991912442153073,-0.12077445038736948,-0.11376617325162897,508,4.9600206842923295e-05,0.028307480737566948,55377,0.9279144008954366,0.18333333333333332,0.16666666666666666,0.16666666666666666,0.17083333333333334,0.3125
78,720,0.494648603892948,-0.20617442046410353,-0.18630886048124717,531,4.235212357141589e-05,0.028374142944812775,56097,0.9388859152793885,0.23333333333333334,0.175,0.16666666666666666,0.20833333333333334,0.21666666666666667
79,720,0.4901473015975222,-0.20141140021426496,-0.18242398858932918,511,4.488338540543029e-05,0.027381055057048798,56817,0.9493398666381836,0.20277777777777778,0.17083333333333334,0.16944444444444445,0.19166666666666668,0.2652777777777778
80,720,0.4856869611529847,0.21872755013773584,0.24449216877470348,548,4.4467686396071965e-05,0.031175486743450165,57537,0.9594610651334127,0.21944444444444444,0.17916666666666667,0.16527777777777777,0.18611111111111112,0.25
81,720,0.48126720980649257,0.030226402074920118,0.030687857409575914,531,4.101243651019912e-05,0.02802223153412342,58257,0.9788372993469239,0.2222222222222222,0.15138888888888888,0.12916666666666668,0.1986111111111111,0.2986111111111111
82,720,0.4768876781972535,0.03460692364098901,0.03521271117098301,555,4.2467763897649196e-05,0.026910342276096344,58977,0.9897353013356527,0.21388888888888888,0.1625,0.1986111111111111,0.2111111111111111,0.21388888888888888
83,720,0.47254800032565847,0.33850565258370663,0.40284967865662225,537,4.331987272255194e-05,0.02815624326467514,59697,1.0019254684448242,0.23194444444444445,0.15416666666666667,0.17222222222222222,0.20694444444444443,0.23472222222222222
84,720,0.46824781352269496,0.057261335241918676,0.05893251062200355,524,4.220578011503069e-05,0.0285172201693058,60417,1.0125248988469442,0.21388888888888888,0.1597222222222222,0.13194444444444445,0.15416666666666667,0.3402777777777778
85,720,0.46398675841963843,0.16008345840057608,0.17360881441920606,534,3.762436644289361e-05,0.026351548731327057,61137,1.0239296833674112,0.24166666666666667,0.14722222222222223,0.14166666666666666,0.19722222222222222,0.2722222222222222
86,720,0.45976447891801975,0.007462408755239678,0.0074903219173982905,568,4.133515350683107e-05,0.02735760435461998,61857,1.0347937186559042,0.21388888888888888,0.16666666666666666,0.17777777777777778,0.20694444444444443,0.23472222222222222
87,720,0.4555806221598658,0.1224008087151979,0.1302070078286246,534,4.393291711090165e-05,0.024258408695459366,62577,1.0462096810340882,0.19722222222222222,0.16805555555555557,0.17083333333333334,0.19722222222222222,0.26666666666666666
88,720,0.451434838498211,-0.2137409435260745,-0.1924424390584466,529,4.341841080430539e-05,0.02447514608502388,63297,1.0570608814557394,0.2111111111111111,0.1638888888888889,0.1486111111111111,0.20833333333333334,0.26805555555555555
89,720,0.44732678146787724,-0.27448730068773275,-0.24003834482198494,518,4.339536608818485e-05,0.02858978696167469,64017,1.0677387992540994,0.18333333333333332,0.13055555555555556,0.1763888888888889,0.2,0.30972222222222223
90,720,0.4432561077565196,0.17234595521865517,0.18808878764020265,531,4.9699930627866706e-05,0.02580139972269535,64737,1.0785229682922364,0.2263888888888889,0.11944444444444445,0.15,0.20416666666666666,0.3
91,720,0.43922247717593527,0.04366813025075832,0.04463561439588637,528,4.4856742719427226e-05,0.026479605585336685,65457,1.0995408018430075,0.19444444444444445,0.15,0.1361111111111111,0.2263888888888889,0.29305555555555557
92,720,0.43522555263363427,-0.17081975914107844,-0.15702650195296297,525,4.4781882210524296e-05,0.02528213895857334,66177,1.1101023515065511,0.225,0.12083333333333333,0.1388888888888889,0.19027777777777777,0.325
93,720,0.43126500010466823,0.03992190416317924,0.04072949437785445,541,4.650126579943188e-05,0.026101963594555855,66897,1.1211049675941467,0.20277777777777778,0.16527777777777777,0.13472222222222222,0.18611111111111112,0.3111111111111111
94,720,0.42734048860371576,0.47113499999855657,0.6018112175906236,536,4.438832579454457e-05,0.024579660966992378,67617,1.1321145335833231,0.19444444444444445,0.1375,0.14305555555555555,0.22361111111111112,0.3013888888888889
95,720,0.42345169015742196,-0.007312472718508418,-0.007285801639986378,532,4.048554809893782e-05,0.02352924272418022,68337,1.142134702205658,0.2652777777777778,0.15555555555555556,0.18194444444444444,0.19583333333333333,0.2013888888888889
96,720,0.41959827977698944,0.029443494200379915,0.02988123956474964,497,4.278268329345438e-05,0.02279292792081833,69057,1.1515594522158306,0.275,0.17083333333333334,0.12361111111111112,0.17916666666666667,0.2513888888888889
97,720,0.4157799354310188,-0.0877033271640807,-0.08396740159612659,529,3.920159437156043e-05,0.022772546857595444,69777,1.1629511356353759,0.24027777777777778,0.15138888888888888,0.14305555555555555,0.20416666666666666,0.2611111111111111
98,720,0.41199633801859653,-0.25632318704323626,-0.2261081834365335,488,4.4466309461515465e-05,0.02257038652896881,70497,1.174088716506958,0.23055555555555557,0.1736111111111111,0.12916666666666668,0.19305555555555556,0.27361111111111114
99,720,0.4082471713426273,0.2589724447217055,0.29559810376986406,549,4.0958480917652194e-05,0.02096119150519371,71217,1.1834382176399232,0.24722222222222223,0.14444444444444443,0.1763888888888889,0.1763888888888889,0.25555555555555554
100,720,0.4045321220834094,0.017627516622410695,0.01778379822857823,539,4.2830286137511093e-05,0.022267388179898262,71937,1.1937981327374776,0.23055555555555557,0.15416666666666667,0.1625,0.19027777777777777,0.2625
101,720,0.4008508797724504,0.09259478839015652,0.09701712111908267,486,4.472025823108399e-05,0.022728867828845978,72657,1.2131687641143798,0.2388888888888889,0.12916666666666668,0.15833333333333333,0.20416666666666666,0.26944444444444443
102,720,0.3972031367665211,-0.1577075536741214,-0.14590047628367953,506,4.0574979277607784e-05,0.02393285557627678,73377,1.2238780498504638,0.25555555555555554,0.15138888888888888,0.1527777777777778,0.1986111111111111,0.24166666666666667
103,720,0.39358858822194576,0.1291431025372834,0.13785294215869848,524,4.3559830420589505e-05,0.025419503450393677,74097,1.234735918045044,0.2611111111111111,0.11527777777777778,0.12916666666666668,0.2,0.29444444444444445
104,720,0.39000693206912607,-0.008130263717163666,-0.008097302511363758,498,4.391148284462866e-05,0.023225534707307816,74817,1.2453814347585042,0.28194444444444444,0.12777777777777777,0.16527777777777777,0.17222222222222222,0.25277777777777777
105,720,0.386457868987297,0.10303882357188325,0.10853444550731872,492,4.230006155820673e-05,0.021415092051029205,75537,1.2573066512743631,0.19583333333333333,0.11805555555555555,0.12222222222222222,0.20694444444444443,0.35694444444444445
106,720,0.3829411023795126,0.07263389567106057,0.07533677939093142,500,4.146206783591172e-05,0.021026521921157837,76257,1.2676580508550008,0.22361111111111112,0.1375,0.11388888888888889,0.1875,0.3375
107,720,0.3794563383478591,0.032614112062923736,0.03315178149870279,523,4.236096382454788e-05,0.023007426410913467,76977,1.2781273325284321,0.25555555555555554,0.16527777777777777,0.13472222222222222,0.1625,0.28194444444444444
108,720,0.37600328566889357,0.15263351081299734,0.16489797818897367,540,4.368892569270126e-05,0.021846100687980652,77697,1.28751190106074,0.2625,0.17083333333333334,0.14444444444444443,0.15,0.2722222222222222
109,720,0.37258165576930663,0.17521212743605738,0.19149893942177387,529,4.4661197270872636e-05,0.02121705934405327,78417,1.2993929147720338,0.23472222222222222,0.14722222222222223,0.16805555555555557,0.18611111111111112,0.2638888888888889
110,720,0.36919116270180596,-0.13088899342489346,-0.12268484326325824,515,4.40010285362607e-05,0.019393205642700195,79137,1.3106089313824971,0.24444444444444444,0.17777777777777778,0.14305555555555555,0.18888888888888888,0.24583333333333332
111,720,0.3658315231212195,0.24482322533444556,0.2773954820857376,490,4.425356011602667e-05,0.02148214355111122,79857,1.3346269687016805,0.21805555555555556,0.1597222222222222,0.13055555555555556,0.20972222222222223,0.28194444444444444
112,720,0.36250245626081645,0.09586499833437392,0.10061046971734977,493,4.3471978245987787e-05,0.02056092396378517,80577,1.3468096653620403,0.32222222222222224,0.16944444444444445,0.125,0.15833333333333333,0.225
113,720,0.359203683908843,0.15035660759769254,0.16224863552991953,493,4.7693810970233444e-05,0.01874433644115925,81297,1.3577779531478882,0.2388888888888889,0.14027777777777778,0.14583333333333334,0.20277777777777778,0.2722222222222222
114,720,0.3559349303852725,-0.00974005892558272,-0.00969277818190506,549,4.315030089906537e-05,0.01916530728340149,82017,1.3687710483868918,0.23194444444444445,0.17916666666666667,0.19583333333333333,0.18333333333333332,0.20972222222222223
115,720,0.3526959225187665,0.1929451784396602,0.21281630321443568,508,4.512699740517847e-05,0.017501603811979294,82737,1.3772573669751484,0.24722222222222223,0.15555555555555556,0.14722222222222223,0.1736111111111111,0.2763888888888889
116,720,0.34948638962384576,0.27654709234719843,0.3185690457670023,534,4.905869538384246e-05,0.017193295061588287,83457,1.3877525011698404,0.22361111111111112,0.21944444444444444,0.14722222222222223,0.15555555555555556,0.25416666666666665
117,720,0.34630606347826876,-0.07326733652498475,-0.07064765301395304,500,5.139975956277946e-05,0.01743774488568306,84177,1.3977889696756998,0.26944444444444443,0.16666666666666666,0.17083333333333334,0.1597222222222222,0.23333333333333334
118,720,0.3431546783006165,-0.1336610568617541,-0.12511344885228903,512,5.103302159391711e-05,0.01821134239435196,84897,1.408272886276245,0.26944444444444443,0.15,0.15694444444444444,0.17777777777777778,0.24583333333333332
119,720,0.3400319707280809,0.17511759776784933,0.19138631274572826,507,4.812750962754661e-05,0.01704963855445385,85617,1.418855365117391,0.22361111111111112,0.19027777777777777,0.1486111111111111,0.19305555555555556,0.24444444444444444
120,720,0.3369376797944554,-0.07903473273516315,-0.07599216943153242,501,4.385116591012977e-05,0.017509140074253082,86337,1.4298755168914794,0.2263888888888889,0.14305555555555555,0.14027777777777778,0.19305555555555556,0.2972222222222222
121,720,0.3338715469083258,0.726826273891914,1.068505309789603,544,4.567530592364872e-05,0.016116833314299583,87057,1.4492534836133322,0.2611111111111111,0.15694444444444444,0.1597222222222222,0.16527777777777777,0.2569444444444444
122,720,0.3308333158314601,0.7590836055991207,1.136317613706031,521,4.791657239846043e-05,0.01926649734377861,87777,1.4587380488713582,0.22777777777777777,0.1111111111111111,0.15416666666666667,0.18472222222222223,0.32222222222222224
123,720,0.3278227326573938,-0.2440204982692952,-0.21652842571305386,465,5.073039282150502e-05,0.02051350846886635,88497,1.4697985847791035,0.21805555555555556,0.10972222222222222,0.175,0.15416666666666667,0.34305555555555556
124,720,0.3248395457902115,0.029534502771755154,0.029974971850203147,481,5.2160046141125346e-05,0.01997952349483967,89217,1.4795222679773967,0.20555555555555555,0.15555555555555556,0.15833333333333333,0.1527777777777778,0.3277777777777778
125,720,0.3218835059235206,-0.19730230096050513,-0.1790575758857177,509,5.006843743255255e-05,0.019534416496753693,89937,1.4892199357350668,0.1986111111111111,0.16527777777777777,0.14722222222222223,0.1986111111111111,0.2902777777777778
126,720,0.3189543660196166,-0.09949946186461242,-0.09470956296280242,519,4.9259801200049777e-05,0.020446408540010452,90657,1.4997747818628946,0.2625,0.16111111111111112,0.15416666666666667,0.1736111111111111,0.24861111111111112
127,720,0.31605188128883804,-0.009241840503816073,-0.009199265952551605,505,4.541745743154024e-05,0.018815426155924797,91377,1.5107868194580079,0.24583333333333332,0.1638888888888889,0.16805555555555557,0.16527777777777777,0.2569444444444444
128,720,0.31317580916910964,0.13382347403986752,0.1431909989431699,495,4.455516429718248e-05,0.018554555252194405,92097,1.5213810165723165,0.24722222222222223,0.175,0.14722222222222223,0.18888888888888888,0.24166666666666667
129,720,0.3103259093056707,0.26067143772943907,0.29780118687045043,499,4.605912716897365e-05,0.01970730349421501,92817,1.5318461497624716,0.22916666666666666,0.1638888888888889,0.11944444444444445,0.1763888888888889,0.3111111111111111
130,720,0.30750194353098914,0.15580809963604092,0.1686019264361649,490,4.741906614198241e-05,0.022508716210722923,93537,1.54073828458786,0.21666666666666667,0.16944444444444445,0.14305555555555555,0.15138888888888888,0.3194444444444444
131,720,0.30470367584485714,-0.010556197009037673,-0.010500675897060274,434,4.49884746381536e-05,0.02086738310754299,94257,1.5609559496243794,0.3055555555555556,0.13472222222222222,0.14583333333333334,0.1486111111111111,0.2652777777777778
132,720,0.3019308723946689,-0.20756454141921774,-0.18743920374632905,506,4.143291956779649e-05,0.019648347049951553,94977,1.5716270804405212,0.26666666666666666,0.16527777777777777,0.1597222222222222,0.17083333333333334,0.2375
133,720,0.29918330145587746,0.6574905758029617,0.9299432065059463,540,4.521886370917451e-05,0.018303511664271355,95697,1.5826543847719827,0.2708333333333333,0.17222222222222222,0.16805555555555557,0.16944444444444445,0.21944444444444444
134,720,0.29646073341262896,0.03980853049661563,0.04061150974747996,473,4.4643414367505504e-05,0.019472390413284302,96417,1.5946521004041037,0.2861111111111111,0.1388888888888889,0.16666666666666666,0.1763888888888889,0.23194444444444445
135,720,0.29376294073857406,0.19963910773618931,0.2209620428839001,505,4.596324044743799e-05,0.019466249272227287,97137,1.6051005164782206,0.25416666666666665,0.13194444444444445,0.15833333333333333,0.17083333333333334,0.2847222222222222
136,720,0.29108969797785306,0.6235727377543668,0.8655813824875638,526,4.668660079561151e-05,0.019745372235774994,97857,1.616664167245229,0.29583333333333334,0.12916666666666668,0.15416666666666667,0.17222222222222222,0.24861111111111112
137,720,0.2884407817262546,-0.1281737810709349,-0.12029950943289369,475,4.697484077067e-05,0.020086076110601425,98577,1.6276506702105205,0.30416666666666664,0.15,0.15,0.13194444444444445,0.2638888888888889
138,720,0.28581597061254566,0.09396765527551562,0.09852421387950216,483,4.62051296987435e-05,0.02041231095790863,99297,1.6421474496523538,0.2902777777777778,0.12916666666666668,0.14583333333333334,0.16111111111111112,0.27361111111111114
139,720,0.2832150452799715,0.23678295043812095,0.26716605008870253,468,4.431029057817189e-05,0.019731469452381134,100017,1.6538629015286763,0.25277777777777777,0.1375,0.18055555555555555,0.15833333333333333,0.2708333333333333
140,720,0.28063778836792375,0.10527892500306066,0.11102045852629283,518,4.306632834969706e-05,0.020470507442951202,100737,1.6657614509264629,0.2263888888888889,0.14444444444444443,0.17222222222222222,0.16805555555555557,0.28888888888888886
141,720,0.27808398449377564,0.2647775026891443,0.30314099815218887,537,4.525595961063623e-05,0.01969808340072632,101457,1.68612353404363,0.24722222222222223,0.17222222222222222,0.175,0.18472222222222223,0.22083333333333333
142,720,0.2755534202348823,0.16026604569219635,0.17382312003819744,475,4.687188163896078e-05,0.019201181828975677,102177,1.696952517827352,0.30277777777777776,0.1986111111111111,0.14722222222222223,0.12777777777777777,0.22361111111111112
143,720,0.2730458841107448,0.22705450640434835,0.2548982660685011,512,4.64154292002503e-05,0.018775824457406998,102897,1.7088969031969705,0.24583333333333332,0.16527777777777777,0.19583333333333333,0.15555555555555556,0.2375
144,720,0.270561166565337,0.20938568705944927,0.23292042829533277,487,4.805307067954345e-05,0.018060842528939247,103617,1.721160316467285,0.23055555555555557,0.14444444444444443,0.16666666666666666,0.14444444444444443,0.3138888888888889
145,720,0.26809905994959243,0.15615234692164626,0.16900428372852305,478,4.914856869441388e-05,0.018824253231287003,104337,1.7346649646759034,0.2847222222222222,0.13472222222222222,0.1388888888888889,0.1638888888888889,0.2777777777777778
146,720,0.26565935850405115,0.22447696252289615,0.25166787574584615,532,5.2264165246166766e-05,0.018815115094184875,105057,1.7471643646558126,0.2361111111111111,0.17083333333333334,0.14583333333333334,0.1361111111111111,0.3111111111111111
147,720,0.2632418583416643,0.06741313724217432,0.06973733522704095,495,5.353228186145821e-05,0.018065761774778366,105777,1.7592276851336162,0.26666666666666666,0.16111111111111112,0.1388888888888889,0.1638888888888889,0.26944444444444443
148,720,0.2608463574307552,-0.07302655184551388,-0.07042385226415204,492,5.6600274754398724e-05,0.01870144158601761,106497,1.7718102176984152,0.2152777777777778,0.125,0.15694444444444444,0.19722222222222222,0.3055555555555556
149,720,0.2584726555781353,-0.005781902059098123,-0.005765219032084268,494,5.191320320692385e-05,0.019811511039733887,107217,1.7839431166648865,0.21805555555555556,0.11805555555555555,0.17777777777777778,0.1638888888888889,0.32222222222222224
150,720,0.2561205544123743,-0.11141748383529208,-0.10543479555240498,485,5.192412694441373e-05,0.020528215914964676,107937,1.79583899974823,0.21388888888888888,0.12777777777777777,0.1736111111111111,0.16527777777777777,0.3194444444444444
151,720,0.2537898573672217,-0.09866691395816916,-0.09395555147293144,504,4.920922662121383e-05,0.019395262002944946,108657,1.8164780497550965,0.21944444444444444,0.10833333333333334,0.125,0.18194444444444444,0.36527777777777776
152,720,0.25148036966518,0.1290571258802221,0.13775511757187875,502,5.770185607111166e-05,0.018730539828538895,109377,1.8289004802703857,0.28194444444444444,0.16944444444444445,0.1597222222222222,0.11805555555555555,0.2708333333333333
153,720,0.24919189830122687,0.09478359399114704,0.0994209080896773,491,5.61153072466267e-05,0.021035922691226006,110097,1.8411710818608602,0.24444444444444444,0.1388888888888889,0.15416666666666667,0.17916666666666667,0.2833333333333333
154,720,0.24692425202668572,0.19063767167187193,0.21002094777782476,491,4.8800066856023884e-05,0.020428895950317383,110817,1.8543781836827595,0.24722222222222223,0.18055555555555555,0.17916666666666667,0.12638888888888888,0.26666666666666666
155,720,0.24467724133324287,0.01002242976462282,0.010072822525752478,473,4.841336865916269e-05,0.019150707870721817,111537,1.865983215967814,0.26805555555555555,0.14305555555555555,0.16527777777777777,0.14305555555555555,0.28055555555555556
156,720,0.24245067843711035,0.4483240637329845,0.5656859954987228,463,4.908102266148894e-05,0.019865110516548157,112257,1.8787889679272969,0.26666666666666666,0.12222222222222222,0.16944444444444445,0.14027777777777778,0.3013888888888889
157,720,0.24024437726333264,0.03724553276038398,0.037947839751911294,481,4.931707772912988e-05,0.019893568009138107,112977,1.8906119465827942,0.2986111111111111,0.16666666666666666,0.1597222222222222,0.1527777777777778,0.2222222222222222
158,720,0.2380581534302363,-0.08456400710073667,-0.0810871634520568,496,5.709561675328385e-05,0.019175700843334198,113697,1.9032583196957906,0.26805555555555555,0.20694444444444443,0.12638888888888888,0.14166666666666666,0.2569444444444444
159,720,0.23589182423402116,0.1453739651445225,0.1564719696190937,467,5.411813133378018e-05,0.020525161176919937,114417,1.9157836516698201,0.2875,0.12222222222222222,0.12361111111111112,0.11666666666666667,0.35
160,720,0.23374520863349157,0.13936029049173101,0.14953819308307614,495,4.992226054759562e-05,0.01864374242722988,115137,1.9288667480150858,0.2847222222222222,0.14722222222222223,0.17083333333333334,0.16805555555555557,0.22916666666666666
161,720,0.2316181272349268,0.37087233954856613,0.44899808182958756,521,5.199112770494847e-05,0.018797870725393295,115857,1.9527915159861247,0.30277777777777776,0.125,0.1638888888888889,0.17083333333333334,0.2375
162,720,0.22951040227708897,-0.029875070524152947,-0.029433221626278594,499,5.603228552975755e-05,0.020335033535957336,116577,1.964499282836914,0.3138888888888889,0.11388888888888889,0.13194444444444445,0.1736111111111111,0.26666666666666666
163,720,0.22742185761636746,0.20142254071718896,0.22314148973075643,542,5.327998171019822e-05,0.019866134971380234,117297,1.9760939319928488,0.2638888888888889,0.16111111111111112,0.1375,0.17083333333333334,0.26666666666666666
164,720,0.22535231871205852,-0.13270733851890684,-0.12427865548495298,525,4.7091972034094295e-05,0.018317334353923798,118017,1.989080282052358,0.27361111111111114,0.17916666666666667,0.14166666666666666,0.15138888888888888,0.25416666666666665
165,720,0.22330161261177878,-0.1660097385432024,-0.15296201476678017,480,4.6568279133730865e-05,0.018397269770503044,118737,2.0008410970369974,0.2513888888888889,0.1638888888888889,0.19027777777777777,0.15138888888888888,0.24305555555555555
166,720,0.22126956793701158,0.13622095947901544,0.14593507083911317,457,5.07726757923087e-05,0.01938919723033905,119457,2.013273016611735,0.26944444444444443,0.1625,0.16111111111111112,0.13055555555555556,0.2763888888888889
167,720,0.21925601486878477,0.36436991145458186,0.4396066426634888,498,5.3716501097116836e-05,0.02121855691075325,120177,2.0245027343432107,0.23194444444444445,0.1111111111111111,0.20833333333333334,0.1625,0.2861111111111111
168,720,0.21726078513347882,0.16263871347409514,0.17661151900083083,489,4.853759124646078e-05,0.0193337295204401,120897,2.0356507500012717,0.2013888888888889,0.11527777777777778,0.2125,0.18888888888888888,0.28194444444444444
169,720,0.21528371198876417,0.39672948034768185,0.48695362546033794,509,5.258857244775249e-05,0.02081799879670143,121617,2.0481438199679056,0.3,0.12777777777777777,0.14722222222222223,0.16111111111111112,0.2638888888888889
170,720,0.2133246302096664,-0.13471468784493124,-0.1260347709773446,489,5.2794643510070375e-05,0.020085958763957024,122337,2.059887699286143,0.27361111111111114,0.10555555555555556,0.11527777777777778,0.18472222222222223,0.32083333333333336
171,720,0.21138337607475843,0.18725974850268803,0.20594048560694067,518,4.931175199595196e-05,0.019469862803816795,123057,2.0847977002461753,0.23055555555555557,0.16805555555555557,0.20416666666666666,0.16111111111111112,0.2361111111111111
172,720,0.20945978735247814,-0.06474098836142868,-0.06268979380820594,478,4.9032165048225176e-05,0.018925674259662628,123777,2.097092664241791,0.2847222222222222,0.1597222222222222,0.15833333333333333,0.1527777777777778,0.24444444444444444
173,720,0.20755370328757058,0.2462159776622007,0.2791758171119667,445,4.909994636616628e-05,0.019680486992001534,124497,2.1093387842178344,0.22083333333333333,0.15555555555555556,0.17777777777777778,0.1486111111111111,0.2972222222222222
174,720,0.20566496458765368,-0.2372362307257106,-0.21119507395385884,469,5.1158165244184296e-05,0.020027438178658485,125217,2.1222068826357523,0.20833333333333334,0.20416666666666666,0.14166666666666666,0.18472222222222223,0.2611111111111111
175,720,0.20379341340990603,0.41799762979836597,0.5189170742582419,505,5.038848750650181e-05,0.01944662258028984,125937,2.1344571987787884,0.2763888888888889,0.12777777777777777,0.13472222222222222,0.14583333333333334,0.31527777777777777
176,720,0.20193889334787588,-0.03448627372553281,-0.033898399428788806,498,4.7444640724986835e-05,0.020830973982810974,126657,2.1475740989049275,0.22361111111111112,0.16527777777777777,0.2388888888888889,0.1388888888888889,0.23333333333333334
177,720,0.2001012494184102,0.3521560025801254,0.4221303624202408,501,4.8964117004541344e-05,0.01955851912498474,127377,2.1610066493352256,0.29583333333333334,0.15694444444444444,0.15555555555555556,0.15833333333333333,0.23333333333333334
178,720,0.19828032804870266,0.026328486400167418,0.026678142895809165,507,5.128884725106925e-05,0.018229523673653603,128097,2.173895617326101,0.2375,0.15416666666666667,0.17777777777777778,0.17222222222222222,0.25833333333333336
179,720,0.19647597706345946,0.010594349017092846,0.010650667844029238,462,5.0708797104764216e-05,0.019703293219208717,128817,2.1887351353963216,0.23194444444444445,0.10833333333333334,0.11805555555555555,0.14722222222222223,0.39444444444444443
180,720,0.19468804567218198,0.4236135424089864,0.5274711768745004,467,5.0537243595903825e-05,0.01865861937403679,129537,2.2011831839879354,0.2791666666666667,0.09027777777777778,0.14444444444444443,0.15555555555555556,0.33055555555555555
181,720,0.19291638445656512,-0.04611693620194228,-0.04506971025963857,523,4.821625995974601e-05,0.018739596009254456,130257,2.2241520206133525,0.25555555555555554,0.14444444444444443,0.18472222222222223,0.15694444444444444,0.25833333333333336
182,720,0.19116084535801037,0.15676688610577463,0.16972290345466434,484,4.997738078474059e-05,0.018375325947999954,130977,2.2357386151949563,0.24583333333333332,0.18472222222222223,0.14166666666666666,0.1875,0.24027777777777778
183,720,0.18942128166525246,-0.0009329749692964804,-0.0009325398834694187,495,4.9222261612966476e-05,0.01869087666273117,131697,2.2477927645047506,0.22083333333333333,0.16944444444444445,0.13472222222222222,0.1875,0.2875
184,720,0.18769754800209867,0.9482478609426417,1.5811831031667207,483,4.8077833577685346e-05,0.017619965597987175,132417,2.260888167222341,0.23472222222222222,0.11527777777777778,0.18194444444444444,0.1625,0.3055555555555556
185,720,0.18598950031527958,-0.1665391846872238,-0.15341035706487705,492,4.753397412666042e-05,0.017691630870103836,133137,2.2730422337849934,0.23055555555555557,0.1597222222222222,0.14027777777777778,0.18333333333333332,0.2861111111111111
186,720,0.18429699586241055,-0.23233945038966658,-0.20732299688479738,472,4.6371346138585066e-05,0.01725008897483349,133857,2.2847784320513407,0.2652777777777778,0.14583333333333334,0.1625,0.18888888888888888,0.2375
187,720,0.1826198932000626,0.5535422786710864,0.7394035701179213,478,4.7006948804866824e-05,0.01757880672812462,134577,2.2966594139734906,0.2638888888888889,0.19444444444444445,0.1375,0.16805555555555557,0.2361111111111111
188,720,0.18095805217194205,0.1143824702781857,0.12118086124536753,514,4.590378698973533e-05,0.01637774147093296,135297,2.3086403528849284,0.2375,0.21805555555555556,0.16527777777777777,0.15694444444444444,0.2222222222222222
189,720,0.17931133389717738,0.11909811579992456,0.12648043839569345,516,4.447783528955066e-05,0.016281533986330032,136017,2.3232885638872784,0.3458333333333333,0.14722222222222223,0.1361111111111111,0.1375,0.23333333333333334
190,720,0.17767960075871306,0.09533328712404575,0.10002541834536482,518,4.226102942715847e-05,0.016230545938014984,136737,2.337551748752594,0.24722222222222223,0.2,0.16666666666666666,0.15416666666666667,0.23194444444444445
191,720,0.17606271639180876,0.0031245720028028018,0.0031294585660501806,513,4.464544637256848e-05,0.01725551299750805,137457,2.3595144351323447,0.16111111111111112,0.10972222222222222,0.18888888888888888,0.18333333333333332,0.35694444444444445
192,720,0.1744605456726433,-0.20048654693434345,-0.1816675009674812,450,4.479087521329145e-05,0.017914466559886932,138177,2.371107264359792,0.20972222222222223,0.1527777777777778,0.18194444444444444,0.14722222222222223,0.30833333333333335
193,720,0.17287295470702224,0.14441229096717575,0.15536035498030265,465,4.711966110133087e-05,0.01782379299402237,138897,2.3836939493815104,0.275,0.1597222222222222,0.16805555555555557,0.14583333333333334,0.2513888888888889
194,720,0.17129981081918835,0.13281848617605385,0.14204268298166545,498,4.7951816720291795e-05,0.017492320388555527,139617,2.396675964196523,0.24305555555555555,0.16527777777777777,0.1375,0.17916666666666667,0.275
195,720,0.16974098254073375,-0.04566686142317091,-0.04463982348740059,489,4.8906722089567565e-05,0.017110012471675873,140337,2.4090455015500387,0.175,0.14444444444444443,0.17777777777777778,0.19166666666666668,0.3111111111111111
196,720,0.16819633959961308,0.4595388406517975,0.5833436428830514,462,4.7908651611629064e-05,0.018697543069720268,141057,2.421776835123698,0.20416666666666666,0.13333333333333333,0.19444444444444445,0.12638888888888888,0.3416666666666667
197,720,0.16666575290925661,0.9538206225537463,1.5956075760194461,499,5.0805397817536385e-05,0.018518369644880295,141777,2.4332919637362163,0.25277777777777777,0.15694444444444444,0.16805555555555557,0.1111111111111111,0.3111111111111111
198,720,0.16514909455778237,0.16725458092811768,0.18205515570488306,475,5.2697439711361466e-05,0.0185480248183012,142497,2.4451635678609214,0.2111111111111111,0.14583333333333334,0.1597222222222222,0.19305555555555556,0.2902777777777778
199,720,0.16364623779730655,0.16810783395571022,0.18306417825982457,505,4.8149528423538056e-05,0.018498321995139122,143217,2.4581597487131757,0.24861111111111112,0.13472222222222222,0.14027777777777778,0.17083333333333334,0.3055555555555556
200,720,0.16215705703335107,0.26742621784512954,0.3065972227209308,494,5.0808437371567076e-05,0.017782535403966904,143937,2.4698737502098083,0.2625,0.12222222222222222,0.13472222222222222,0.18472222222222223,0.29583333333333334
201,720,0.16068142781434758,0.2913948352774373,0.33829288488974685,462,4.757840949499344e-05,0.017485640943050385,144657,2.4927029172579447,0.2611111111111111,0.15416666666666667,0.1388888888888889,0.16666666666666666,0.2791666666666667
202,720,0.15921922682123701,0.504228019492884,0.6557068535549502,536,4.863708926323953e-05,0.017442505806684494,145377,2.5048798004786175,0.2569444444444444,0.15416666666666667,0.17083333333333334,0.14444444444444443,0.27361111111111114
203,720,0.15777033185716377,0.29328679759553633,0.3408272813338282,481,5.120071087958422e-05,0.01827709749341011,146097,2.5168610493342083,0.29583333333333334,0.10277777777777777,0.17083333333333334,0.14722222222222223,0.2833333333333333
204,720,0.15633462183726357,0.16804706634323566,0.18299228845862103,445,5.179631190736068e-05,0.01685374230146408,146817,2.5283691326777142,0.23194444444444445,0.14027777777777778,0.1597222222222222,0.18055555555555555,0.2875
205,720,0.15491197677854449,0.020558895278768287,0.020771685105830606,491,4.9095109586182336e-05,0.017415612936019897,147537,2.542262403170268,0.24583333333333332,0.10277777777777777,0.1597222222222222,0.16527777777777777,0.3263888888888889
206,720,0.15350227778985973,0.2779361773753516,0.3204019230035051,496,4.635491492182256e-05,0.017199471592903137,148257,2.5545804500579834,0.20972222222222223,0.1375,0.1763888888888889,0.17083333333333334,0.3055555555555556
207,720,0.152105407061972,0.6429711296003813,0.9021239487761419,517,4.599346846766316e-05,0.01774602010846138,148977,2.5672878503799437,0.20694444444444443,0.10138888888888889,0.21666666666666667,0.1763888888888889,0.2986111111111111
208,720,0.15072124785770807,0.4680258327513725,0.5968386528901537,471,4.5152296474447616e-05,0.017576806247234344,149697,2.5794280687967936,0.3013888888888889,0.1597222222222222,0.12638888888888888,0.18194444444444444,0.23055555555555557
209,720,0.14934968450220293,0.22495448537501644,0.2522657184902033,501,4.780983865531299e-05,0.017093587666749954,150417,2.5922688325246175,0.20833333333333334,0.13055555555555556,0.16944444444444445,0.19027777777777777,0.3013888888888889
210,720,0.1479906023732329,-0.13021063594030174,-0.12208950805812357,453,5.231487674816688e-05,0.01720428466796875,151137,2.6098273515701296,0.2013888888888889,0.1111111111111111,0.12638888888888888,0.2222222222222222,0.3388888888888889
211,720,0.14664388789163646,0.1474082459863453,0.15882695292757254,435,5.081476940757865e-05,0.019386231899261475,151857,2.6324726859728496,0.18611111111111112,0.10555555555555556,0.175,0.175,0.35833333333333334
212,720,0.14530942851182257,1.3007849568855614,2.6721780380314817,506,5.0265715870207514e-05,0.01846318319439888,152577,2.6462858160336813,0.21944444444444444,0.09166666666666666,0.1486111111111111,0.16805555555555557,0.37222222222222223
213,720,0.143987112712365,0.23192660556935968,0.26102717306044454,490,5.225843658030903e-05,0.018300557509064674,153297,2.657729450861613,0.27361111111111114,0.14027777777777778,0.14027777777777778,0.17222222222222222,0.27361111111111114
214,720,0.1426768299866825,0.37719670869104965,0.4581911200277491,504,4.551863267907821e-05,0.01728203520178795,154017,2.6701727151870727,0.24861111111111112,0.1597222222222222,0.16666666666666666,0.1388888888888889,0.2861111111111111
215,720,0.14137847083380367,0.5092196942477171,0.663992265494211,512,4.866021331508819e-05,0.015598000958561897,154737,2.682988385359446,0.29444444444444445,0.11805555555555555,0.1763888888888889,0.15694444444444444,0.25416666666666665
216,720,0.14009192674921606,0.43509694136616744,0.5451128370406824,501,5.274743823267474e-05,0.015612153336405754,155457,2.6957651495933534,0.25277777777777777,0.13472222222222222,0.1736111111111111,0.18055555555555555,0.25833333333333336
217,720,0.1388170902157982,0.36814257082218566,0.4450480459762476,471,4.7854368259928987e-05,0.01589077338576317,156177,2.7076725165049234,0.2791666666666667,0.13194444444444445,0.11944444444444445,0.1736111111111111,0.29583333333333334
218,720,0.13755385469483442,0.2974704578691921,0.34644859780461834,501,4.7149122320257044e-05,0.016934294253587723,156897,2.721461049715678,0.2013888888888889,0.13472222222222222,0.16944444444444445,0.1763888888888889,0.31805555555555554
219,720,0.13630211461711142,0.5510458035917041,0.7350666082631965,486,5.2747301699835384e-05,0.01747831515967846,157617,2.7348936835924786,0.22777777777777777,0.11944444444444445,0.12638888888888888,0.18611111111111112,0.3402777777777778
220,720,0.1350617653740957,0.2575918984699733,0.2938107047413545,479,4.9064106791421284e-05,0.016559312120079994,158337,2.7459179838498433,0.26805555555555555,0.12638888888888888,0.14444444444444443,0.175,0.2861111111111111
221,720,0.13383270330919142,-0.012505186144400608,-0.012427321213917097,456,4.965990675474232e-05,0.017543334513902664,159057,2.771552368005117,0.2847222222222222,0.13333333333333333,0.12777777777777777,0.20972222222222223,0.24444444444444444
222,720,0.1326148257090778,0.06381276220322515,0.06589280465596525,459,4.9787365008392546e-05,0.017821865156292915,159777,2.7855096499125165,0.26805555555555555,0.1361111111111111,0.08194444444444444,0.21944444444444444,0.29444444444444445
223,720,0.13140803079512517,0.09470568900147264,0.09933526105139423,452,4.6489467159618574e-05,0.017426062375307083,160497,2.7997666001319885,0.2708333333333333,0.1125,0.12222222222222222,0.2013888888888889,0.29305555555555557
224,720,0.13021221771488953,0.03653846837751226,0.03721420319784641,483,4.7112182258186095e-05,0.017774274572730064,161217,2.8134623686472575,0.2708333333333333,0.19166666666666668,0.15833333333333333,0.16111111111111112,0.21805555555555556
225,720,0.12902728653368403,0.4704130075458109,0.600655139370893,484,4.93832050627437e-05,0.015539363026618958,161937,2.826473832130432,0.28194444444444444,0.11944444444444445,0.1527777777777778,0.1736111111111111,0.2722222222222222
226,720,0.12785313822622751,0.5708681244372478,0.7698027937839451,510,4.729378351587204e-05,0.016483895480632782,162657,2.840006482601166,0.30833333333333335,0.15416666666666667,0.13333333333333333,0.1486111111111111,0.25555555555555554
227,720,0.12668967466836883,-0.0428954137405066,-0.041988420324619136,455,5.103169610391787e-05,0.01769886165857315,163377,2.854086116949717,0.23472222222222222,0.2013888888888889,0.1,0.25833333333333336,0.20555555555555555
228,720,0.12553679862888667,0.06967612028151984,0.07216087385235359,471,5.174056231882989e-05,0.018324295058846474,164097,2.867395516236623,0.25,0.1375,0.2,0.2013888888888889,0.2111111111111111
229,720,0.1243944137613638,0.6028373970284117,0.8272962165792648,493,4.8947819904141295e-05,0.01813957467675209,164817,2.8791431466738384,0.2375,0.1736111111111111,0.1638888888888889,0.15416666666666667,0.2708333333333333
230,720,0.12326242459613539,0.09755015805407702,0.10246673776279258,494,4.831132552883193e-05,0.01738862507045269,165537,2.8917356014251707,0.24166666666666667,0.14444444444444443,0.17916666666666667,0.18333333333333332,0.2513888888888889
231,720,0.12214073653231056,0.1304845597433896,0.13938034743280792,442,4.663883067274178e-05,0.017125088721513748,166257,2.9167976498603823,0.25277777777777777,0.1597222222222222,0.13194444444444445,0.175,0.28055555555555556
232,720,0.12102925582986652,0.3411517740668069,0.40656670501165304,468,5.0442302878966274e-05,0.017797961831092834,166977,2.9297315001487734,0.18611111111111112,0.11527777777777778,0.1388888888888889,0.18888888888888888,0.37083333333333335
233,720,0.11992788960181475,0.449531082467095,0.5675769488054851,484,5.028861960959653e-05,0.01925542950630188,167697,2.9436890840530396,0.24166666666666667,0.16805555555555557,0.1875,0.15694444444444444,0.24583333333333332
234,720,0.11883654580643824,0.35434015992479095,0.4252399135346545,466,4.805864842865049e-05,0.01767704263329506,168417,2.955950431029002,0.23055555555555557,0.12777777777777777,0.1763888888888889,0.14027777777777778,0.325
235,720,0.11775513323959964,-0.06591013205067513,-0.06378500376698348,479,4.789574289058388e-05,0.017423812299966812,169137,2.967853299776713,0.225,0.20277777777777778,0.12083333333333333,0.20972222222222223,0.24166666666666667
236,720,0.11668356152711928,-0.05775555112237119,-0.05611935019635783,459,4.7561569824160365e-05,0.01803501322865486,169857,2.980219999949137,0.20972222222222223,0.1638888888888889,0.17222222222222222,0.14722222222222223,0.30694444444444446
237,720,0.1156217411172225,-0.059347977784739256,-0.05762121478721738,446,4.936610257699512e-05,0.018327243626117706,170577,2.994624447822571,0.2361111111111111,0.1986111111111111,0.19305555555555556,0.15,0.2222222222222222
238,720,0.11456958327305578,-0.01237019434384965,-0.012293998001265516,469,4.850677537433512e-05,0.018196916207671165,171297,3.007190001010895,0.2013888888888889,0.1361111111111111,0.14722222222222223,0.18333333333333332,0.33194444444444443
239,720,0.11352700006527097,0.4679185468934626,0.5966673438750127,495,4.907944832868654e-05,0.018584834411740303,172017,3.0195457339286804,0.24861111111111112,0.16666666666666666,0.14722222222222223,0.17777777777777778,0.25972222222222224
240,720,0.112493904364677,-0.13704022791689535,-0.1280648507081419,462,4.829665232869552e-05,0.01978958770632744,172737,3.0323654492696126,0.25555555555555554,0.12361111111111112,0.11666666666666667,0.2125,0.2916666666666667
241,720,0.11147020983495844,0.6749271388497289,0.9638898794811983,458,5.505763474755238e-05,0.019508227705955505,173457,3.0542384028434753,0.25416666666666665,0.1486111111111111,0.11944444444444445,0.16527777777777777,0.3125
242,720,0.11045583092546031,0.4963171129669524,0.64266038414206,437,5.418775924934178e-05,0.0183409471064806,174177,3.06670001745224,0.2375,0.10416666666666667,0.13472222222222222,0.13333333333333333,0.3902777777777778
243,720,0.10945068286403863,0.22592198425347787,0.25347787045165515,471,5.719586351536539e-05,0.019270502030849457,174897,3.0800115704536437,0.22916666666666666,0.13333333333333333,0.1986111111111111,0.14166666666666666,0.2972222222222222
244,720,0.10845468164997588,0.04872904160398105,0.049935823267620805,454,5.645094774738229e-05,0.018417274579405785,175617,3.0927960832913715,0.24166666666666667,0.14722222222222223,0.13194444444444445,0.1597222222222222,0.3194444444444444
245,720,0.10746774404696109,0.25276032912298924,0.2875746457066086,443,5.0738714319070116e-05,0.017357971519231796,176337,3.1064983367919923,0.1736111111111111,0.20833333333333334,0.16666666666666666,0.1986111111111111,0.25277777777777777
246,720,0.10648978757613374,0.46934093136226374,0.5989400346436395,517,4.8532713981330745e-05,0.01718672178685665,177057,3.118047217528025,0.2625,0.15555555555555556,0.1763888888888889,0.1388888888888889,0.26666666666666666
247,720,0.10552073050919092,0.8786061313566786,1.4075415698585805,491,5.1049759335657854e-05,0.01679982803761959,177777,3.130631852149963,0.3138888888888889,0.11388888888888889,0.12361111111111112,0.20277777777777778,0.24583333333333332
248,720,0.10456049186155728,0.6578670119714609,0.9306698436897023,460,5.0037236132993715e-05,0.01814226806163788,178497,3.1439893364906313,0.20416666666666666,0.12638888888888888,0.13472222222222222,0.20277777777777778,0.33194444444444443
249,720,0.1036089913856171,0.2215232502388222,0.24797626362963143,477,5.3663178264034486e-05,0.018566932529211044,179217,3.157065216700236,0.2638888888888889,0.15833333333333333,0.1527777777777778,0.1486111111111111,0.2763888888888889
250,720,0.10266614956400799,1.514684879658969,3.54798773756558,456,5.185978061995734e-05,0.018590323626995087,179937,3.169201497236888,0.2861111111111111,0.10277777777777777,0.13472222222222222,0.15555555555555556,0.32083333333333336
251,720,0.10173188760297552,0.1707705764070275,0.1862185712742328,489,5.2683067206594894e-05,0.01760006509721279,180657,3.1963300506273904,0.2763888888888889,0.12222222222222222,0.1486111111111111,0.17916666666666667,0.27361111111111114
252,720,0.10080612742578844,-0.12948268544239883,-0.12145020001432671,415,5.2676095660646954e-05,0.01764056086540222,181377,3.2086140672365824,0.3347222222222222,0.15694444444444444,0.175,0.16805555555555557,0.16527777777777777
253,720,0.09988879166621377,0.286858243820344,0.3322353474962694,475,5.2295700269648176e-05,0.017106641083955765,182097,3.221639601389567,0.26805555555555555,0.12361111111111112,0.15416666666666667,0.17777777777777778,0.2763888888888889
254,720,0.09897980366205122,0.9886939122779735,1.6877217784903382,459,5.144817084530789e-05,0.018279964104294777,182817,3.2336894631385804,0.2972222222222222,0.11944444444444445,0.16666666666666666,0.12361111111111112,0.29305555555555557
255,720,0.09807908744872657,0.08387828834003694,0.08749652474633085,482,5.271985550305342e-05,0.017247062176465988,183537,3.2458124359448752,0.25277777777777777,0.125,0.18888888888888888,0.12777777777777777,0.3055555555555556
256,720,0.09718656775294315,-0.01948482800976361,-0.019296225696119218,416,4.8814448493633084e-05,0.016890740022063255,184257,3.2620227853457133,0.30277777777777776,0.12083333333333333,0.2222222222222222,0.15555555555555556,0.1986111111111111
257,720,0.09630216998639138,0.2140494378220012,0.23868389111347188,480,4.9700291949900726e-05,0.0170658677816391,184977,3.2782140811284384,0.29444444444444445,0.20277777777777778,0.16944444444444445,0.1111111111111111,0.2222222222222222
258,720,0.09542582023951522,-0.02468331223563038,-0.024381170343422576,398,5.476040874504583e-05,0.01751261204481125,185697,3.290973766644796,0.24444444444444444,0.1486111111111111,0.18333333333333332,0.1638888888888889,0.25972222222222224
259,720,0.09455744527533563,0.24632674624790146,0.27931751745592237,475,5.2368886119640796e-05,0.017017554491758347,186417,3.311105664571126,0.24166666666666667,0.14583333333333334,0.15694444444444444,0.1597222222222222,0.29583333333333334
260,720,0.09369697252333008,-0.020960084183742882,-0.020741948326182702,419,5.301513016951908e-05,0.016765207052230835,187137,3.3250354011853536,0.24166666666666667,0.12777777777777777,0.19583333333333333,0.1625,0.2722222222222222
261,720,0.09284433007336777,0.10626089552691821,0.11211198370302888,443,5.263947416930629e-05,0.016635628417134285,187857,3.351154299577077,0.2361111111111111,0.1527777777777778,0.1597222222222222,0.12083333333333333,0.33055555555555555
262,720,0.09199944666970013,0.5635503287612027,0.7568990097628241,437,5.321276642386389e-05,0.01742769218981266,188577,3.364848001797994,0.275,0.10833333333333334,0.17222222222222222,0.17222222222222222,0.2722222222222222
263,720,0.09116225170500586,0.028246812636939962,0.028649536797812125,480,5.5989861290426135e-05,0.016684401780366898,189297,3.377019182840983,0.2513888888888889,0.15138888888888888,0.14583333333333334,0.14305555555555555,0.30833333333333335
264,720,0.0903326752144903,0.1967022775646761,0.2173815449487475,470,5.813894863927594e-05,0.01823434606194496,190017,3.3881496866544087,0.22361111111111112,0.18888888888888888,0.1597222222222222,0.15694444444444444,0.2708333333333333
265,720,0.08951064787003844,0.03991080442954272,0.04071794262178652,425,5.684055845702258e-05,0.01768583431839943,190737,3.4008597175280255,0.24305555555555555,0.10138888888888889,0.14166666666666666,0.14027777777777778,0.3736111111111111
266,720,0.0886961009744211,0.04591282932814014,0.04698314075514687,442,5.756642421172526e-05,0.01792510226368904,191457,3.4144432663917543,0.2777777777777778,0.18055555555555555,0.17083333333333334,0.1388888888888889,0.23194444444444445
267,720,0.08788896645555387,-0.20806639393589307,-0.18784688711986164,471,5.8774239007814486e-05,0.018024934455752373,192177,3.4281168977419534,0.20555555555555555,0.1736111111111111,0.14166666666666666,0.14583333333333334,0.3333333333333333
268,720,0.08708917686080833,0.3363555654144351,0.3998366698386595,477,5.65570042403528e-05,0.01799321547150612,192897,3.4414953152338663,0.24027777777777778,0.1986111111111111,0.17083333333333334,0.12777777777777777,0.2625
269,720,0.08629666535137498,0.07273597231124465,0.07544655175893866,505,5.253381776431828e-05,0.01867492124438286,193617,3.455679714679718,0.24166666666666667,0.20833333333333334,0.1625,0.13472222222222222,0.25277777777777777
270,720,0.08551136569667747,0.03492583546642429,0.03554290539503713,432,5.477351589509756e-05,0.01838929019868374,194337,3.468435517946879,0.24166666666666667,0.15,0.12777777777777777,0.1527777777777778,0.3277777777777778
271,720,0.0847332122688377,0.8424762343849399,1.3221099518788093,465,6.03687663594125e-05,0.017884178087115288,195057,3.4913212696711224,0.26805555555555555,0.18472222222222223,0.13194444444444445,0.16111111111111112,0.25416666666666665
272,720,0.08396214003719128,0.09184746248349208,0.09619759806796169,492,5.274494040653129e-05,0.01809058152139187,195777,3.509440318743388,0.25277777777777777,0.19166666666666668,0.10833333333333334,0.1375,0.30972222222222223
273,720,0.08319808456285284,0.24894748490431537,0.28267467151797,441,5.123819231206047e-05,0.017548974603414536,196497,3.5250654498736065,0.25833333333333336,0.1388888888888889,0.2125,0.16527777777777777,0.225
274,720,0.08244098199333087,0.2207856773344779,0.2470561295270164,509,5.317978298585836e-05,0.01710950955748558,197217,3.540864098072052,0.19583333333333333,0.24166666666666667,0.16111111111111112,0.14027777777777778,0.2611111111111111
275,720,0.08169076905719157,1.363042197503445,2.908064339195544,491,5.239830821008379e-05,0.017079995945096016,197937,3.5561330477396647,0.24027777777777778,0.16805555555555557,0.1597222222222222,0.14305555555555555,0.28888888888888886
276,720,0.08094738305877112,0.8561542858661239,1.3540901058484858,488,5.5187697653814715e-05,0.018632251769304276,198657,3.570255668958028,0.25277777777777777,0.19166666666666668,0.1486111111111111,0.13055555555555556,0.2763888888888889
277,720,0.08021076187293631,-0.03164678463996902,-0.0311512660966361,489,5.707327157627636e-05,0.018494917079806328,199377,3.5828859329223635,0.24166666666666667,0.225,0.1625,0.16944444444444445,0.2013888888888889
278,720,0.07948084393989259,0.8708399539107626,1.3889165908758767,482,4.8624789613111516e-05,0.01787959411740303,200097,3.595785315831502,0.3055555555555556,0.2222222222222222,0.11388888888888889,0.10555555555555556,0.25277777777777777
279,720,0.07875756826003957,-0.1073612347084106,-0.10179884705169351,427,5.146452441648661e-05,0.01848863624036312,200817,3.6095206340154014,0.2972222222222222,0.1638888888888889,0.17083333333333334,0.16944444444444445,0.1986111111111111
280,720,0.07804087438887321,0.28508663641864984,0.32987723893190046,500,5.548905148518518e-05,0.0184799712151289,201537,3.6215219696362815,0.175,0.225,0.14027777777777778,0.18888888888888888,0.2708333333333333
281,720,0.07733070243193446,0.15229487315125445,0.1645035666465393,399,5.6005690963603326e-05,0.019473787397146225,202257,3.644776399930318,0.32083333333333336,0.18194444444444444,0.1486111111111111,0.1388888888888889,0.20972222222222223
282,720,0.07662699303980386,0.2812957421427365,0.32484535860836994,489,5.4235014845794975e-05,0.018333356827497482,202977,3.6579280813535053,0.18888888888888888,0.2125,0.13472222222222222,0.20555555555555555,0.25833333333333336
283,720,0.07592968740314164,0.3426239646810619,0.4086389643191688,488,5.2331452036469275e-05,0.018333574756979942,203697,3.6711205005645753,0.22361111111111112,0.18888888888888888,0.18472222222222223,0.15833333333333333,0.24444444444444444
284,720,0.07523872724777306,0.26706185179223507,0.3061212297712652,468,4.885350395701001e-05,0.017776429653167725,204417,3.684105630715688,0.1875,0.22083333333333333,0.1388888888888889,0.20694444444444443,0.24583333333333332
285,720,0.07455405482981832,0.7458298774514369,1.10819024878059,463,4.791122162891447e-05,0.01825370080769062,205137,3.6973363161087036,0.2263888888888889,0.20416666666666666,0.1736111111111111,0.14027777777777778,0.25555555555555554
286,720,0.07387561293086697,0.19737878331850722,0.21820538920477883,447,4.906071277698882e-05,0.01802857592701912,205857,3.7089855154355367,0.1875,0.20555555555555555,0.19583333333333333,0.1625,0.24861111111111112
287,720,0.07320334485319609,-0.12086564649176847,-0.11384699063904347,476,4.942886587918515e-05,0.017650965601205826,206577,3.7216540972391763,0.19305555555555556,0.20833333333333334,0.20694444444444443,0.1486111111111111,0.24305555555555555
288,720,0.07253719441503201,0.08937473851215466,0.0934903525048214,464,5.078763560201575e-05,0.017644178122282028,207297,3.736062467098236,0.25833333333333336,0.2,0.14722222222222223,0.13333333333333333,0.2611111111111111
289,720,0.07187710594585521,0.11532259031853523,0.12223540146140643,456,4.6579009097058585e-05,0.017042819410562515,208017,3.74879119793574,0.25277777777777777,0.24861111111111112,0.17916666666666667,0.14166666666666666,0.17777777777777778
290,720,0.07122302428174793,0.0361641761520418,0.03682605463046973,440,4.4984187959724094e-05,0.01692851260304451,208737,3.7628631671269734,0.20972222222222223,0.2152777777777778,0.15416666666666667,0.12083333333333333,0.3
291,720,0.07057489476078402,0.7103422447451275,1.0346875006024345,476,5.162429629940056e-05,0.016688086092472076,209457,3.7871044993400576,0.16805555555555557,0.16666666666666666,0.17222222222222222,0.14722222222222223,0.3458333333333333
292,720,0.06993266321846088,0.31104235208164716,0.3648470240747166,489,5.291460928194485e-05,0.01648595556616783,210177,3.7996975342432657,0.2625,0.24166666666666667,0.16111111111111112,0.1111111111111111,0.22361111111111112
293,720,0.06929627598317288,0.3993034742960891,0.490785965187553,492,5.062735988303757e-05,0.0158518236130476,210897,3.8130596319834393,0.22916666666666666,0.2222222222222222,0.13333333333333333,0.1375,0.2777777777777778
294,720,0.068665679871726,-0.0021637714727718105,-0.0021614322067939895,466,5.4269680730259195e-05,0.017195798456668854,211617,3.825202667713165,0.3597222222222222,0.15555555555555556,0.1597222222222222,0.09444444444444444,0.23055555555555557
295,720,0.0680408221848933,0.5450494666014642,0.7246936950020151,456,5.005704942328117e-05,0.016664166003465652,212337,3.8384666522343953,0.24027777777777778,0.22083333333333333,0.14305555555555555,0.1597222222222222,0.2361111111111111
296,720,0.06742165070301076,0.35611256745425396,0.4277682594564798,469,5.110296096720251e-05,0.01712564378976822,213057,3.8517362157503765,0.25277777777777777,0.17916666666666667,0.15138888888888888,0.16527777777777777,0.2513888888888889
297,720,0.06680811368161337,0.5532400986502504,0.7388780365177354,497,5.219686225548988e-05,0.017396513372659683,213777,3.8635480682055157,0.3055555555555556,0.19166666666666668,0.12222222222222222,0.10833333333333334,0.2722222222222222
298,720,0.06620015984711068,0.10961792646450562,0.1158516516167627,410,5.475575299871909e-05,0.016592251136898994,214497,3.876027552286784,0.2361111111111111,0.22777777777777777,0.17777777777777778,0.1625,0.19583333333333333
299,720,0.06559773839250198,0.2036712262442179,0.22589504507594937,433,4.82116434341151e-05,0.016289861872792244,215217,3.88833566904068,0.30833333333333335,0.18611111111111112,0.14444444444444443,0.15833333333333333,0.20277777777777778
300,720,0.06500079897313021,-0.01802657394259119,-0.01786506718580272,433,4.9868515971714564e-05,0.01833362877368927,215937,3.9020284175872804,0.1527777777777778,0.17777777777777778,0.18194444444444444,0.16805555555555557,0.3194444444444444
301,720,0.06440929170247472,0.4375273318345527,0.5488726315861234,443,4.8981972329582075e-05,0.017709093168377876,216657,3.9239203174908956,0.24305555555555555,0.16527777777777777,0.18194444444444444,0.14444444444444443,0.2652777777777778
302,720,0.06382316714798221,0.19905977444521505,0.22025490377983314,395,4.6551943565494484e-05,0.017246441915631294,217377,3.9362221002578734,0.2569444444444444,0.17777777777777778,0.175,0.12222222222222222,0.26805555555555555
303,720,0.06324237632693558,0.31310865346129724,0.36767012504783114,491,4.543620831580281e-05,0.01695951633155346,218097,3.949047303199768,0.21944444444444444,0.13194444444444445,0.14166666666666666,0.14305555555555555,0.3638888888888889
304,720,0.06266687070236046,0.23748474659447918,0.2680556544760826,464,4.6723469952464964e-05,0.016774047166109085,218817,3.9609205524126687,0.26666666666666666,0.16666666666666666,0.12777777777777777,0.10138888888888889,0.3375
305,720,0.06209660217896898,0.2137095854957456,0.2382629930372291,473,5.1260220756274874e-05,0.017619384452700615,219537,3.9764855980873106,0.2611111111111111,0.14166666666666666,0.1388888888888889,0.16527777777777777,0.29305555555555557
306,720,0.06153152309914036,0.5004683952546949,0.6494937048077525,472,5.041796581255969e-05,0.01719014346599579,220257,3.9887576341629027,0.25555555555555554,0.17222222222222222,0.1375,0.13055555555555556,0.30416666666666664
307,720,0.06097158623893818,0.9659331592547248,1.6272381445378925,475,4.811079432127169e-05,0.016505803912878036,220977,4.0011961181958515,0.23333333333333334,0.2013888888888889,0.1736111111111111,0.125,0.26666666666666666
308,720,0.06041674480416385,0.13744046399995777,0.14733339629751785,471,4.9977361008283576e-05,0.0164782851934433,221697,4.015696465969086,0.26805555555555555,0.23194444444444445,0.16944444444444445,0.14722222222222223,0.18333333333333332
309,720,0.059866952426445956,0.16996568578553733,0.18526417921331317,464,5.24065844678666e-05,0.01781509816646576,222417,4.028605548540751,0.30416666666666664,0.2125,0.19027777777777777,0.11388888888888889,0.17916666666666667
310,720,0.059322163159365296,-0.06322517328571226,-0.061267927496090446,449,5.400941699412619e-05,0.01837107539176941,223137,4.04111001888911,0.31527777777777777,0.16111111111111112,0.1986111111111111,0.08611111111111111,0.2388888888888889
311,720,0.05878233147461507,-0.019458850778701648,-0.019270749396667508,421,4.554095033881822e-05,0.017398251220583916,223857,4.064961401621501,0.325,0.19166666666666668,0.175,0.10416666666666667,0.20416666666666666
312,720,0.058247412258196074,0.8585734469102999,1.3597919229531965,469,4.790680526033005e-05,0.017706293612718582,224577,4.078043166796366,0.21944444444444444,0.1875,0.14305555555555555,0.13472222222222222,0.31527777777777777
313,720,0.05771736080664649,0.6361952552085849,0.8892789629721853,475,4.880967943942475e-05,0.01701071485877037,225297,4.090718400478363,0.2916666666666667,0.18472222222222223,0.15138888888888888,0.12638888888888888,0.24583333333333332
314,720,0.057192132823306006,0.24592430974576954,0.27880277697120626,461,5.402434798421988e-05,0.01746983453631401,226017,4.104709013303121,0.3138888888888889,0.125,0.18055555555555555,0.10694444444444444,0.27361111111111114
315,720,0.05667168441461392,0.6579178227355373,0.9307679449919177,466,5.237923860477167e-05,0.01731223799288273,226737,4.117991014321645,0.2125,0.1625,0.18194444444444444,0.1527777777777778,0.2902777777777778
316,720,0.056155972086440936,0.16384560553029917,0.1780324193605598,442,5.3915097127325376e-05,0.01811612956225872,227457,4.130697997411092,0.2847222222222222,0.18611111111111112,0.1125,0.11666666666666667,0.3
317,720,0.05564495274045432,0.38445397593194225,0.4688120956880937,456,4.820855500863925e-05,0.01859041303396225,228177,4.144301033020019,0.2569444444444444,0.13472222222222222,0.175,0.1875,0.24583333333333332
318,720,0.05513858367051619,0.25116907864030813,0.2855274211856187,474,4.7154691933176055e-05,0.017812777310609818,228897,4.157175215085347,0.2361111111111111,0.23472222222222222,0.1388888888888889,0.11805555555555555,0.2722222222222222
319,720,0.05463682255911449,0.2870321417744347,0.3324670406424617,461,4.9383579079807934e-05,0.017686903476715088,229617,4.1710240006446835,0.29583333333333334,0.17916666666666667,0.16666666666666666,0.12916666666666668,0.22916666666666666
320,720,0.05413962747382655,0.9548431395562103,1.5982629862673559,492,4.28950933193543e-05,0.017560161650180817,230337,4.1833234031995135,0.25416666666666665,0.2013888888888889,0.14444444444444443,0.12638888888888888,0.27361111111111114
321,720,0.05364695686381473,-0.03454901294856601,-0.03395900999122936,459,4.657094955038903e-05,0.017931127920746803,231057,4.208580652872722,0.35,0.17083333333333334,0.1361111111111111,0.15833333333333333,0.18472222222222223
322,720,0.05315876955635402,0.4009229261248904,0.4932021771866355,472,4.850633806401877e-05,0.01688779704272747,231777,4.221396068731944,0.20416666666666666,0.19027777777777777,0.1361111111111111,0.1375,0.33194444444444443
323,720,0.0526750247533912,0.678685419485654,0.9712846158295356,482,4.794532510459249e-05,0.017039243131875992,232497,4.233273116747538,0.28888888888888886,0.2,0.1125,0.1125,0.2861111111111111
324,720,0.052195682028135335,0.20628567601109202,0.22910427945377543,454,4.80885113448595e-05,0.017023466527462006,233217,4.245739833513896,0.3013888888888889,0.23055555555555557,0.1111111111111111,0.1125,0.24444444444444444
325,720,0.0517207013216793,0.2823247759812821,0.32620937100030645,404,5.2229074309353664e-05,0.01753666251897812,233937,4.2581517140070595,0.36944444444444446,0.19722222222222222,0.12083333333333333,0.08055555555555556,0.23194444444444445
326,720,0.05125004293965202,-0.07756620832007419,-0.07463424454372036,455,4.570381772737164e-05,0.016750220209360123,234657,4.27053834994634,0.3138888888888889,0.14444444444444443,0.125,0.125,0.2916666666666667
327,720,0.050783667548901186,0.2772906930384306,0.31954989925734245,425,4.7005210913337374e-05,0.016995955258607864,235377,4.28918286561966,0.3277777777777778,0.22361111111111112,0.1486111111111111,0.12777777777777777,0.17222222222222222
328,720,0.050321536174206184,0.2681256592222243,0.3075114305618256,469,4.6137207109748285e-05,0.01706000231206417,236097,4.308578336238861,0.19166666666666668,0.2111111111111111,0.125,0.15555555555555556,0.31666666666666665
329,720,0.049863610195020905,0.3215035425387411,0.3791998918865138,480,4.3904652898163476e-05,0.015772778540849686,236817,4.323896316687266,0.22777777777777777,0.21388888888888888,0.16111111111111112,0.1625,0.23472222222222222
330,720,0.049409851342246215,0.21876434983132728,0.24453796654786242,450,4.6248881770023014e-05,0.01649811863899231,237537,4.337724451224009,0.26944444444444443,0.28194444444444444,0.14027777777777778,0.10972222222222222,0.1986111111111111
331,720,0.04896022169503177,0.28839194288321807,0.3342801632654433,431,4.3301786462911374e-05,0.016061902046203613,238257,4.362703951199849,0.2833333333333333,0.12638888888888888,0.19444444444444445,0.18333333333333332,0.2125
332,720,0.04851468367760699,0.24195827798589678,0.2737410486655629,473,4.125056981744516e-05,0.015715327113866806,238977,4.3752113858858745,0.26805555555555555,0.23472222222222222,0.12083333333333333,0.14166666666666666,0.23472222222222222
333,720,0.04807320005614076,0.04855454728401215,0.049752631413560344,453,4.326182018606536e-05,0.01555386558175087,239697,4.385427331924438,0.2791666666666667,0.18888888888888888,0.14583333333333334,0.16805555555555557,0.21805555555555556
334,720,0.04763573393562988,0.2523594847207541,0.287058632044918,463,4.2422461708863716e-05,0.015514228492975235,240417,4.398272915681203,0.2652777777777778,0.18888888888888888,0.14305555555555555,0.18333333333333332,0.21944444444444444
335,720,0.04720224875681565,0.002258676211304128,0.0022612289419881026,444,4.473508425159404e-05,0.015616623684763908,241137,4.411044951279958,0.275,0.2152777777777778,0.14444444444444443,0.1361111111111111,0.22916666666666666
336,720,0.04677270829312862,0.2893441232886367,0.3355512437451702,430,4.639155608982845e-05,0.016630586236715317,241857,4.424076966444651,0.3,0.1763888888888889,0.18611111111111112,0.06527777777777778,0.2722222222222222
337,720,0.046347076647661155,0.524564081271095,0.6897221062981382,481,4.690888292013066e-05,0.016186431050300598,242577,4.436976901690165,0.2652777777777778,0.2,0.11944444444444445,0.11805555555555555,0.2972222222222222
338,720,0.045925318250167435,0.24430638046858155,0.2767354373741957,441,4.48453303874885e-05,0.016194995492696762,243297,4.44883410135905,0.30972222222222223,0.18472222222222223,0.13194444444444445,0.11527777777777778,0.25833333333333336
339,720,0.045507397854090914,0.7699893265260809,1.1597432016991633,455,4.449191032891677e-05,0.015628866851329803,244017,4.463626118501027,0.2708333333333333,0.19583333333333333,0.16944444444444445,0.07916666666666666,0.2847222222222222
340,720,0.04509328053361869,0.9329651894220449,1.542035630586168,475,4.844327371655608e-05,0.01633523963391781,244737,4.476484517256419,0.24027777777777778,0.18055555555555555,0.14305555555555555,0.10694444444444444,0.32916666666666666
341,720,0.04468293168076276,0.6489417965435714,0.9135148692155923,478,4.961006998453538e-05,0.01614278554916382,245457,4.500549300511678,0.28055555555555556,0.15833333333333333,0.12083333333333333,0.1597222222222222,0.28055555555555556
342,720,0.04427631700246782,0.30077987458662253,0.3509119387573072,428,4.1280068248599695e-05,0.017165442928671837,246177,4.513507815202077,0.28888888888888886,0.18472222222222223,0.11944444444444445,0.11388888888888889,0.29305555555555557
343,720,0.043873402517745366,0.5175749079869121,0.677953519946257,493,4.195424246391768e-05,0.01675347611308098,246897,4.5265797019004825,0.23194444444444445,0.18194444444444444,0.15833333333333333,0.12777777777777777,0.3
344,720,0.04347415455483388,0.1613091580475371,0.1750481882685162,466,4.4116687872196455e-05,0.017196916043758392,247617,4.5389390985171,0.25,0.19583333333333333,0.15138888888888888,0.10277777777777777,0.3
345,720,0.043078539748384895,0.39209261416508007,0.480074780944993,434,4.441751976982131e-05,0.017408672720193863,248337,4.552163553237915,0.29583333333333334,0.16527777777777777,0.1361111111111111,0.07222222222222222,0.33055555555555555
346,720,0.04268652503667459,0.7517941221806955,1.1208015825161377,446,4.261525479402432e-05,0.016424793750047684,249057,4.56590473651886,0.23472222222222222,0.18333333333333332,0.13333333333333333,0.15694444444444444,0.2916666666666667
347,720,0.04229807765884085,0.48595497874344806,0.625726802300262,497,4.030668295248082e-05,0.016142811626195908,249777,4.581215147177378,0.2513888888888889,0.2125,0.13194444444444445,0.12916666666666668,0.275
348,720,0.0419131651521454,-0.07224604784430909,-0.0696980311451253,445,4.2450079940358087e-05,0.0166318379342556,250497,4.595307981967926,0.2708333333333333,0.1986111111111111,0.08611111111111111,0.18333333333333332,0.2611111111111111
349,720,0.04153175534926088,0.08313096885314994,0.08668412100184764,429,4.075986004434324e-05,0.01656523160636425,251217,4.608406134446462,0.3111111111111111,0.17083333333333334,0.15138888888888888,0.175,0.19166666666666668
350,720,0.04115381637558261,0.252875752671713,0.28772327071870984,451,4.287845227584815e-05,0.016821447759866714,251937,4.6215128342310585,0.3625,0.18194444444444444,0.08472222222222223,0.11805555555555555,0.25277777777777777
351,720,0.040779316646564805,0.5683090489900869,0.7652795250695332,448,4.0663866505181226e-05,0.01682867482304573,252657,4.64847518603007,0.20833333333333334,0.22361111111111112,0.13333333333333333,0.14305555555555555,0.2916666666666667
352,720,0.04040822486508106,0.6928200428719319,0.9993458316313704,472,4.652033916525195e-05,0.01839449815452099,253377,4.6617263674736025,0.25972222222222224,0.2,0.13472222222222222,0.11805555555555555,0.2875
353,720,0.040040510018808824,0.7245707971720703,1.063845101689552,452,4.6207857417357444e-05,0.01763460412621498,254097,4.67431438366572,0.25555555555555554,0.19166666666666668,0.14027777777777778,0.10694444444444444,0.3055555555555556
354,720,0.03967614137763766,0.6758805614257458,0.9657631893151475,457,4.755832203373858e-05,0.017686815932393074,254817,4.6890181183815,0.2111111111111111,0.1763888888888889,0.1486111111111111,0.15,0.3138888888888889
355,720,0.03931508849110116,0.3328315392485605,0.3949122907028835,456,4.5502669804086e-05,0.016984593123197556,255537,4.7032100836435955,0.28055555555555556,0.20277777777777778,0.14583333333333334,0.14722222222222223,0.22361111111111112
356,720,0.03895732118583214,0.28387663424435805,0.32826905772884074,473,4.396792274974359e-05,0.016303440555930138,256257,4.715972050031026,0.2652777777777778,0.19722222222222222,0.08055555555555556,0.14305555555555555,0.3138888888888889
357,720,0.03860280956304107,0.6899125599986549,0.9935412103756764,422,4.375065047194463e-05,0.016554534435272217,256977,4.7285493810971575,0.38333333333333336,0.1388888888888889,0.10694444444444444,0.0875,0.2833333333333333
358,720,0.038251523996017396,0.2062174722985973,0.22902045283754968,430,4.169595988261992e-05,0.016326911747455597,257697,4.741390216350555,0.35,0.13472222222222222,0.11388888888888889,0.13194444444444445,0.26944444444444443
359,720,0.03790343512765364,0.11280166015986187,0.11940988735096547,431,4.728764008885062e-05,0.017181649804115295,258417,4.754914617538452,0.32083333333333336,0.20555555555555555,0.0763888888888889,0.1125,0.2847222222222222
360,720,0.037558513867991986,0.1463031369527917,0.15754703015094051,404,4.8225465857538235e-05,0.017713477835059166,259137,4.767317136128743,0.30277777777777776,0.19305555555555556,0.10833333333333334,0.11388888888888889,0.28194444444444444
361,720,0.03721673139179326,0.2369594303628269,0.26738969919201905,473,5.007320076452339e-05,0.01789223402738571,259857,4.792239864667256,0.25416666666666665,0.18194444444444444,0.1486111111111111,0.12777777777777777,0.2875
362,720,0.03687805913612794,0.15422289528480912,0.16675092107600875,439,4.8323364016293153e-05,0.01734214834868908,260577,4.803427231311798,0.2388888888888889,0.16666666666666666,0.13055555555555556,0.1388888888888889,0.325
363,720,0.036542468797989176,0.048090835308667826,0.049265961393304636,456,4.415072041360367e-05,0.017635254189372063,261297,4.818060119946797,0.24583333333333332,0.17222222222222222,0.12222222222222222,0.17777777777777778,0.28194444444444444
364,720,0.03620993233192747,0.029343511503474917,0.02977827440837988,485,4.726880921326584e-05,0.01762434095144272,262017,4.831188750267029,0.24444444444444444,0.24861111111111112,0.1527777777777778,0.13333333333333333,0.22083333333333333
365,720,0.03588042194770693,0.19101822806936464,0.21048151662125103,450,4.47093549483826e-05,0.017198219895362854,262737,4.847026216983795,0.3111111111111111,0.2222222222222222,0.11805555555555555,0.11944444444444445,0.22916666666666666
366,720,0.0355539101079828,0.265561668860067,0.304163278005136,441,4.5815760078464036e-05,0.01821298338472843,263457,4.862640031178793,0.21666666666666667,0.1763888888888889,0.16527777777777777,0.11805555555555555,0.3236111111111111
367,720,0.03523036952600015,-0.06445246121412977,-0.06241931534996592,417,4.157177705792492e-05,0.016866043210029602,264177,4.875233332316081,0.2972222222222222,0.2222222222222222,0.10416666666666667,0.15694444444444444,0.21944444444444444
368,720,0.03490977316331355,1.1281893419876103,2.0900563963455254,473,4.243976138190596e-05,0.0172433964908123,264897,4.887793684005738,0.2638888888888889,0.2375,0.1111111111111111,0.12916666666666668,0.25833333333333336
369,720,0.0345920942275274,1.2464692882724164,2.4780412922447606,467,4.493722481887138e-05,0.01685524731874466,265617,4.899567917982737,0.26944444444444443,0.21666666666666667,0.14583333333333334,0.13333333333333333,0.23472222222222222
370,720,0.0342773061700569,0.3080968380623658,0.36083276296464417,456,4.662786927711851e-05,0.016635701060295105,266337,4.911126446723938,0.2375,0.2013888888888889,0.13333333333333333,0.1527777777777778,0.275
371,720,0.03396538268390938,1.2860271782590742,2.6183827731193206,495,4.560173640584253e-05,0.016765233129262924,267057,4.936189516385396,0.26944444444444443,0.20416666666666666,0.1486111111111111,0.125,0.25277777777777777
372,720,0.03365629770148581,0.7956876620376324,1.2159643075135977,445,4.6471132316128204e-05,0.01683465763926506,267777,4.947287364800771,0.20555555555555555,0.19166666666666668,0.2,0.1388888888888889,0.2638888888888889
373,720,0.03335002539240229,0.18216726242327536,0.19981486103850155,496,4.9025654647670714e-05,0.017110932618379593,268497,4.95965773264567,0.2638888888888889,0.22083333333333333,0.20555555555555555,0.11805555555555555,0.19166666666666668
374,720,0.03304654016133143,0.17251713636845595,0.1882921834532043,487,4.328189554851431e-05,0.017171639949083328,269217,4.972709584236145,0.25,0.22083333333333333,0.175,0.14305555555555555,0.2111111111111111
375,720,0.03274581664586331,0.06180218068399307,0.06375189324111297,467,4.250914791883689e-05,0.016423482447862625,269937,4.985996933778127,0.2722222222222222,0.2569444444444444,0.1486111111111111,0.1111111111111111,0.2111111111111111
376,720,0.03244782971438596,0.2343199539976277,0.2640488650015378,435,4.389400134085817e-05,0.016113540157675743,270657,4.998146466414133,0.30694444444444446,0.20277777777777778,0.11805555555555555,0.10972222222222222,0.2625
377,720,0.032152554463985045,0.32899796722680275,0.3895750308938617,460,4.762757125844372e-05,0.01672082580626011,271377,5.010362732410431,0.2222222222222222,0.21388888888888888,0.1625,0.1486111111111111,0.25277777777777777
378,720,0.03185996621836278,-0.0839841360113436,-0.08055415794216259,434,4.8218041877134964e-05,0.01713879406452179,272097,5.0232087016105655,0.18888888888888888,0.2125,0.2111111111111111,0.16111111111111112,0.2263888888888889
379,720,0.03157004052577568,0.193904617015437,0.21398048435191175,432,4.351776143115179e-05,0.016187675297260284,272817,5.037352216243744,0.2361111111111111,0.18194444444444444,0.18333333333333332,0.11944444444444445,0.2791666666666667
380,720,0.031282753156991125,0.728153060414999,1.0712515962226044,514,4.866638205006287e-05,0.01674925722181797,273537,5.053018335501353,0.28055555555555556,0.2111111111111111,0.11666666666666667,0.13333333333333333,0.25833333333333336
381,720,0.030998080103262507,0.4899560847815248,0.6322445380059354,445,4.581022407011106e-05,0.017005555331707,274257,5.078430815537771,0.2361111111111111,0.15694444444444444,0.15416666666666667,0.13333333333333333,0.3194444444444444
382,720,0.030715997574322817,-0.03330258502377642,-0.03275415880069299,408,4.381180025853205e-05,0.01656787469983101,274977,5.095139666398366,0.22083333333333333,0.16944444444444445,0.2222222222222222,0.15,0.2375
383,720,0.03043648199639648,0.27738220679858777,0.31967066175597036,460,4.515173140412622e-05,0.017087936401367188,275697,5.110663183530172,0.2763888888888889,0.22777777777777777,0.09305555555555556,0.14583333333333334,0.2569444444444444
384,720,0.030159510010229273,-0.01582099386662175,-0.015696499350166815,460,4.302041703188782e-05,0.016096750274300575,276417,5.122618667284647,0.2388888888888889,0.2361111111111111,0.14583333333333334,0.1388888888888889,0.24027777777777778
385,720,0.029885058469136187,0.2737938852742069,0.3149437450358008,471,4.24019325944553e-05,0.01700008101761341,277137,5.137704316775004,0.24027777777777778,0.20555555555555555,0.15694444444444444,0.14027777777777778,0.2569444444444444
386,720,0.029613104437067047,0.7977687502910257,1.2205807267256832,458,4.002158561762472e-05,0.01649642176926136,277857,5.15106285015742,0.2652777777777778,0.24444444444444444,0.10277777777777777,0.11805555555555555,0.26944444444444443
387,720,0.029343625186689738,0.12186049505185832,0.12959650648585352,471,4.5133661327175405e-05,0.016754373908042908,278577,5.163566235701243,0.2708333333333333,0.1986111111111111,0.1486111111111111,0.12777777777777777,0.25416666666666665
388,720,0.029076598197490863,0.1532379641058366,0.16560231745635767,462,4.4873262428761036e-05,0.017286088317632675,279297,5.1761540850003565,0.19166666666666668,0.1875,0.175,0.1375,0.30833333333333335
389,720,0.028812001153893697,0.9645036554863404,1.6234851807868296,445,4.570515863835883e-05,0.01744072511792183,280017,5.187993514537811,0.2986111111111111,0.22777777777777777,0.1388888888888889,0.09027777777777778,0.24444444444444444
390,720,0.028549811943393264,0.5040903961090383,0.6554790052540933,459,4.5819162878362676e-05,0.017549578100442886,280737,5.200510648886363,0.24722222222222223,0.20277777777777778,0.17777777777777778,0.16111111111111112,0.2111111111111111
391,720,0.028290008654708387,0.7415940860867581,1.0992792805541702,475,4.254906016032894e-05,0.016922716051340103,281457,5.2246550679206845,0.28194444444444444,0.2,0.16111111111111112,0.09722222222222222,0.25972222222222224
392,720,0.02803256957595054,0.10670533855430596,0.11260636397365342,501,4.093980003290198e-05,0.01563023403286934,282177,5.237479635079702,0.28888888888888886,0.18194444444444444,0.2,0.1625,0.16666666666666666
393,720,0.02777747319280939,0.058695377600669535,0.060452154053394214,430,4.3863649034392437e-05,0.016075825318694115,282897,5.24911849896113,0.2222222222222222,0.25555555555555554,0.11666666666666667,0.125,0.28055555555555556
394,720,0.027524698186754824,0.37913199884483145,0.46101587542367994,465,4.5141209842667094e-05,0.016694610938429832,283617,5.26135315100352,0.29583333333333334,0.19722222222222222,0.12083333333333333,0.11944444444444445,0.26666666666666666
395,720,0.027274223433255355,0.0830111620636043,0.08655393666470168,458,4.645997395300583e-05,0.01754944398999214,284337,5.272817631562551,0.18194444444444444,0.24305555555555555,0.18472222222222223,0.17916666666666667,0.2111111111111111
396,720,0.027026028000012733,0.2965142561045213,0.34516173662687377,436,4.2494671328717636e-05,0.01728896051645279,285057,5.284578784306844,0.2625,0.22361111111111112,0.1486111111111111,0.15555555555555556,0.20972222222222223
397,720,0.02678009114521262,0.33148988438554633,0.3930420547307194,433,4.4637141264855824e-05,0.01738707162439823,285777,5.2969051162401835,0.22916666666666666,0.25833333333333336,0.15694444444444444,0.1125,0.24305555555555555
398,720,0.026536392315791184,0.8217956289539321,1.274580475339849,449,4.3460282495288996e-05,0.017007553949952126,286497,5.309110351403555,0.2652777777777778,0.2013888888888889,0.1375,0.11805555555555555,0.2777777777777778
399,720,0.026294911145717484,0.24598440074665182,0.2788796238188853,489,4.476707796988598e-05,0.016833733767271042,287217,5.324841165542603,0.27361111111111114,0.17916666666666667,0.1486111111111111,0.14305555555555555,0.25555555555555554
400,720,0.026055627454291456,0.7583920930438578,1.1348408339188567,510,4.322141680101292e-05,0.016045138239860535,287937,5.337642248471578,0.22916666666666666,0.18472222222222223,0.16944444444444445,0.13472222222222222,0.28194444444444444
401,720,0.025818521244457403,0.4675853713882019,0.5961354620359034,472,4.3761993178274374e-05,0.015523776412010193,288657,5.360447835922241,0.2722222222222222,0.19722222222222222,0.1375,0.11666666666666667,0.2763888888888889
402,720,0.02558357270113284,0.549183224322364,0.7318379169478897,465,4.1174698420339455e-05,0.01570754684507847,289377,5.374087731043498,0.2,0.25833333333333336,0.1638888888888889,0.10694444444444444,0.2708333333333333
403,720,0.025350762189552532,0.3705916419833341,0.4485914086747438,480,4.171715625602701e-05,0.015599748119711876,290097,5.3859778841336565,0.28194444444444444,0.16805555555555557,0.15555555555555556,0.12638888888888888,0.26805555555555555
404,720,0.025120070253627603,0.8227278919656261,1.2767019713265988,464,4.860836508618781e-05,0.01600310020148754,290817,5.397835350036621,0.31527777777777777,0.18611111111111112,0.14027777777777778,0.1111111111111111,0.24722222222222223
405,720,0.02489147761431959,0.06780468500543287,0.07015627049915518,472,4.4790931298798065e-05,0.016816163435578346,291537,5.40905886888504,0.22083333333333333,0.2361111111111111,0.2263888888888889,0.09444444444444444,0.2222222222222222
406,720,0.024664965168029282,0.4344110582818761,0.544053433637403,463,5.105205800898855e-05,0.017440706491470337,292257,5.42227113644282,0.2986111111111111,0.1638888888888889,0.18055555555555555,0.10694444444444444,0.25
407,720,0.024440513985000214,-0.12704762244554113,-0.11930826909551118,428,4.860677524523756e-05,0.016770636662840843,292977,5.434075001875559,0.2847222222222222,0.22083333333333333,0.14166666666666666,0.08055555555555556,0.2722222222222222
408,720,0.02421810530773671,0.34968251023664,0.4186170806863201,460,4.454814499897313e-05,0.016594815999269485,293697,5.44734323422114,0.3375,0.22916666666666666,0.15,0.08055555555555556,0.20277777777777778
409,720,0.023997720549436306,0.47706930323327723,0.6113451116108928,489,4.54372295419287e-05,0.017031896859407425,294417,5.460928169886271,0.28055555555555556,0.22361111111111112,0.1,0.12777777777777777,0.26805555555555555
410,720,0.023779341292436435,0.6531611448706977,0.921605712016595,480,4.7038448422477406e-05,0.016897879540920258,295137,5.472965065638224,0.25972222222222224,0.20972222222222223,0.1375,0.13472222222222222,0.25833333333333336
411,720,0.023562949286675263,0.7216460432939229,1.0578176813815854,530,4.454799954045383e-05,0.01664320006966591,295857,5.496811866760254,0.27361111111111114,0.2152777777777778,0.1486111111111111,0.10555555555555556,0.2569444444444444
412,720,0.02334852644816652,0.24646395816529335,0.2794930671089195,451,5.114707646498573e-05,0.01565460115671158,296577,5.509884532292684,0.33055555555555555,0.2,0.15,0.08472222222222223,0.23472222222222222
413,720,0.023136054857488205,0.19798236169533748,0.2189408935811823,471,4.724110753310621e-05,0.016014190390706062,297297,5.522897803783417,0.3111111111111111,0.2361111111111111,0.18472222222222223,0.075,0.19305555555555556
414,720,0.022925516758285063,0.6200079887628767,0.8589428924409932,485,4.5096602238774925e-05,0.015947438776493073,298017,5.535460801919301,0.225,0.19722222222222222,0.16944444444444445,0.09722222222222222,0.3111111111111111
415,720,0.02271689455578467,0.6744917860355689,0.9630350805785188,495,4.4856050278162403e-05,0.015018932521343231,298737,5.549004785219828,0.29583333333333334,0.24861111111111112,0.13333333333333333,0.11388888888888889,0.20833333333333334
416,720,0.022510170815327028,0.7674188841349697,1.1541988350098982,509,4.500477073053035e-05,0.015301607549190521,299457,5.561666433016459,0.26805555555555555,0.20416666666666666,0.18055555555555555,0.13472222222222222,0.2125
417,720,0.022305328260907552,1.1700992445327738,2.222312419550504,503,4.249328512236793e-05,0.014405027963221073,300177,5.573736333847046,0.3111111111111111,0.2125,0.16527777777777777,0.06805555555555555,0.24305555555555555
418,720,0.022102349773733293,0.4434041132185393,0.5580018162706926,471,4.46693019183739e-05,0.014731200411915779,300897,5.587249131997426,0.29444444444444445,0.1986111111111111,0.1597222222222222,0.15833333333333333,0.18888888888888888
419,720,0.02190121839079232,0.30704651996513294,0.35940420603732015,471,4.667434370730916e-05,0.015540928579866886,301617,5.602523366610209,0.25972222222222224,0.17083333333333334,0.18055555555555555,0.10555555555555556,0.2833333333333333
420,720,0.021701917303436107,0.2314368440233382,0.26040972165691123,489,4.4803310685084496e-05,0.016059651970863342,302337,5.615789449214935,0.2875,0.20416666666666666,0.20555555555555555,0.12777777777777777,0.175
421,720,0.021504429855974838,0.4215910854707486,0.5243850540220985,466,4.5724494485613024e-05,0.01562249194830656,303057,5.6391676704088844,0.3055555555555556,0.28055555555555556,0.13194444444444445,0.09166666666666666,0.19027777777777777
422,720,0.021308739544285468,0.41796504154858805,0.518867576215762,487,4.640736974453022e-05,0.01665596477687359,303777,5.651573618253072,0.20416666666666666,0.2361111111111111,0.19583333333333333,0.1125,0.2513888888888889
423,720,0.02111483001443247,1.038857068696603,1.8259852608496732,480,4.886793683454016e-05,0.016934439539909363,304497,5.665066214402517,0.32083333333333336,0.17777777777777778,0.16805555555555557,0.09166666666666666,0.24166666666666667
424,720,0.020922685061301134,0.21961899525412584,0.2456020598709454,446,4.367522356005793e-05,0.016284937039017677,305217,5.676769113540649,0.25833333333333336,0.22361111111111112,0.1986111111111111,0.09166666666666666,0.22777777777777777
425,720,0.020732288627243294,0.10924348609062734,0.11543390992169655,476,4.48379947164944e-05,0.016797160729765892,305937,5.6901353677113855,0.24861111111111112,0.2013888888888889,0.16666666666666666,0.12083333333333333,0.2625
426,720,0.02054362480073538,0.6455437118288269,0.9070236187427736,477,4.6744446403105634e-05,0.01648573949933052,306657,5.703076831499735,0.2777777777777778,0.25416666666666665,0.09305555555555556,0.1527777777777778,0.2222222222222222
427,720,0.02035667781504869,1.191905209114271,2.293349754008715,495,4.909905072736365e-05,0.01642405427992344,307377,5.717756183942159,0.30416666666666664,0.18194444444444444,0.15694444444444444,0.09722222222222222,0.25972222222222224
428,720,0.020171432046931746,1.2965543429899669,2.656675286796556,515,4.4306562350963456e-05,0.016366180032491684,308097,5.72985516389211,0.29583333333333334,0.20555555555555555,0.1736111111111111,0.1111111111111111,0.21388888888888888
429,720,0.019987872015304668,0.6438318223390013,0.9037617977880819,494,4.6533292430063336e-05,0.016241135075688362,308817,5.743907550970714,0.3111111111111111,0.19444444444444445,0.17083333333333334,0.1,0.22361111111111112
430,720,0.019805982379965396,1.1754320251503434,2.239542205266417,488,4.5091640970440494e-05,0.016678880900144577,309537,5.757892215251923,0.29583333333333334,0.18472222222222223,0.09444444444444444,0.12916666666666668,0.29583333333333334
431,720,0.01962574794030771,0.06728938168907045,0.06960495748285256,483,4.474896103879978e-05,0.016342440620064735,310257,5.780674449602762,0.25416666666666665,0.24166666666666667,0.1361111111111111,0.1125,0.25555555555555554
432,720,0.01944715363405091,0.84680089118074,1.332174026611983,493,5.167601378717437e-05,0.01664883829653263,310977,5.793262418111166,0.26805555555555555,0.20694444444444443,0.19722222222222222,0.12222222222222222,0.20555555555555555
433,720,0.019270184535981047,0.02092988612272493,0.02115045231001167,443,4.712678612072018e-05,0.016744118183851242,311697,5.805848634243011,0.2263888888888889,0.25416666666666665,0.21388888888888888,0.1125,0.19305555555555556
434,720,0.01909482585670362,0.23212950720521575,0.2612830634961305,504,4.4879824673039873e-05,0.016864443197846413,312417,5.8194090843200685,0.2916666666666667,0.21805555555555556,0.13194444444444445,0.11944444444444445,0.2388888888888889
435,720,0.018921062941407617,0.3833076897653515,0.46712938132183623,455,4.688061301041873e-05,0.01653752662241459,313137,5.832479985555013,0.3347222222222222,0.23194444444444445,0.14305555555555555,0.08611111111111111,0.20416666666666666
436,720,0.01874888126864081,0.9328312262288648,1.5416951141847601,505,4.922696417300661e-05,0.017078936100006104,313857,5.845655365784963,0.2791666666666667,0.2,0.12083333333333333,0.13055555555555556,0.26944444444444443
437,720,0.018578266449096176,0.12326812213138717,0.13118767674176457,453,5.0724524133885196e-05,0.01734408736228943,314577,5.8577892502148945,0.2513888888888889,0.1625,0.25,0.14583333333333334,0.19027777777777777
438,720,0.018409204224409403,1.0712228184577586,1.918946660391248,508,4.642069821632807e-05,0.01698901504278183,315297,5.87416874965032,0.2861111111111111,0.16805555555555557,0.1625,0.13333333333333333,0.25
439,720,0.01824168046596728,1.3455078705772765,2.8401363376943927,511,4.8971051987539086e-05,0.01696774549782276,316017,5.887516184647878,0.29444444444444445,0.18611111111111112,0.15694444444444444,0.1375,0.225
440,720,0.018075681173726977,0.38084066478609907,0.4635143974515372,496,4.3949195439078416e-05,0.016381382942199707,316737,5.9016394972801205,0.2763888888888889,0.16527777777777777,0.13055555555555556,0.1875,0.24027777777777778
441,720,0.01791119247504606,1.2594011838472938,2.523311039981705,470,4.751490617991294e-05,0.016090774908661842,317457,5.927221230665842,0.2763888888888889,0.15555555555555556,0.19027777777777777,0.15138888888888888,0.2263888888888889
442,720,0.01774820062352314,0.5388664872487906,0.714062848515699,532,4.408686864204962e-05,0.015579971484839916,318177,5.940206134319306,0.2986111111111111,0.18333333333333332,0.15,0.14444444444444443,0.22361111111111112
443,720,0.017586691997849083,0.08659433419306327,0.09045422998584884,466,4.567853598397657e-05,0.016301190480589867,318897,5.953765285015106,0.32222222222222224,0.19444444444444445,0.15,0.13472222222222222,0.1986111111111111
444,720,0.017426653100668658,0.11083863592962542,0.11721461401085786,440,4.60392724347811e-05,0.01649065874516964,319617,5.96730621655782,0.3111111111111111,0.25277777777777777,0.13055555555555556,0.09027777777777778,0.2152777777777778
445,720,0.017268070557452574,0.24846663593685395,0.2820580469900982,473,5.297368310897986e-05,0.017154045403003693,320337,5.978458499908447,0.3333333333333333,0.18194444444444444,0.15833333333333333,0.1,0.2263888888888889
446,720,0.017110931115379754,0.6861607946413542,0.9860759242817343,470,5.001870528581599e-05,0.016426216810941696,321057,5.990310299396515,0.3277777777777778,0.25416666666666665,0.12361111111111112,0.08055555555555556,0.21388888888888888
447,720,0.016955221642229797,0.5281830144484492,0.6958481759215074,502,4.8228243266142574e-05,0.016829704865813255,321777,6.004147080580394,0.30833333333333335,0.21666666666666667,0.15833333333333333,0.10972222222222222,0.20694444444444443
448,720,0.016800929125285507,0.06222191581422271,0.06419848099828607,448,4.6570684433946655e-05,0.017148926854133606,322497,6.0158328175544735,0.3333333333333333,0.18194444444444444,0.15138888888888888,0.13472222222222222,0.1986111111111111
449,720,0.016648040670245407,0.6825156610090128,0.9788495906110593,501,4.792762960050823e-05,0.017095105722546577,323217,6.028987403710683,0.2861111111111111,0.26666666666666666,0.12777777777777777,0.1,0.21944444444444444
450,720,0.016496543500146173,-0.1085589617780504,-0.10287400288641013,477,4.783427795271362e-05,0.016173366457223892,323937,6.042957015832266,0.30833333333333335,0.2222222222222222,0.18611111111111112,0.08611111111111111,0.19722222222222222
451,720,0.016346424954294843,0.37660877530240644,0.4573340527551806,473,4.63131652888175e-05,0.016701987013220787,324657,6.0674310008684795,0.2847222222222222,0.19027777777777777,0.2,0.09861111111111111,0.2263888888888889
452,720,0.01619767248721076,0.1594493924349355,0.1728649048817883,491,4.486360417104152e-05,0.016708865761756897,325377,6.081205781300863,0.3541666666666667,0.15833333333333333,0.1375,0.11666666666666667,0.23333333333333334
453,720,0.016050273667577143,1.0821784095053368,1.9511012610072194,478,5.0702922857858034e-05,0.016791759058833122,326097,6.093374216556549,0.23333333333333334,0.22361111111111112,0.15555555555555556,0.13055555555555556,0.2569444444444444
454,720,0.015904216177202193,0.4427768476385097,0.5570248418009855,480,5.148330674779168e-05,0.017283212393522263,326817,6.106514684359232,0.2972222222222222,0.2652777777777778,0.12638888888888888,0.10277777777777777,0.20833333333333334
455,720,0.015759487809989654,0.3566737795760209,0.4285697651970959,455,4.8491492808958965e-05,0.017531266435980797,327537,6.119125199317932,0.26805555555555555,0.225,0.16111111111111112,0.11805555555555555,0.22777777777777777
456,720,0.015616076470918748,0.17975067919657992,0.1969189091339092,465,4.998511154149633e-05,0.017255663871765137,328257,6.131907133261363,0.3,0.20833333333333334,0.19305555555555556,0.09444444444444444,0.20416666666666666
457,720,0.015473970175033387,0.784370432586959,1.1910271071619105,496,4.679417752413428e-05,0.016644416376948357,328977,6.144520815213522,0.22916666666666666,0.24583333333333332,0.16944444444444445,0.1111111111111111,0.24444444444444444
458,720,0.015333157046440584,1.4484613231536916,3.256560003501998,503,4.7252437064394646e-05,0.016393978148698807,329697,6.157074948151906,0.2708333333333333,0.22777777777777777,0.13472222222222222,0.1111111111111111,0.25555555555555554
459,720,0.015193625317317975,1.481360273966309,3.398925356640487,462,5.057967465012957e-05,0.016701798886060715,330417,6.168548933664957,0.25416666666666665,0.21666666666666667,0.16666666666666666,0.12638888888888888,0.2361111111111111
460,720,0.01505536332693038,0.6401459584386859,0.8967577068952639,487,4.934023628746016e-05,0.016952037811279297,331137,6.18115404844284,0.24444444444444444,0.20972222222222223,0.1375,0.16527777777777777,0.24305555555555555
461,720,0.014918359520655315,0.8674164164766072,1.3807520293154742,485,4.9104555076458684e-05,0.0168716162443161,331857,6.205782385667165,0.28055555555555556,0.25555555555555554,0.14583333333333334,0.09027777777777778,0.22777777777777777
462,720,0.014782602449017352,0.25213375310396924,0.2867681350074265,478,5.131274186725124e-05,0.017284350469708443,332577,6.218570200602214,0.2833333333333333,0.2222222222222222,0.1527777777777778,0.08888888888888889,0.25277777777777777
463,720,0.014648080766731294,0.08015272649100595,0.08345252694224081,487,5.111092758625091e-05,0.01724572665989399,333297,6.231339633464813,0.25416666666666665,0.24861111111111112,0.17777777777777778,0.11666666666666667,0.20277777777777778
464,720,0.01451478323175404,0.6012201553633374,0.8243434253354733,458,4.8286391720214145e-05,0.01649058610200882,334017,6.2452359636624655,0.32083333333333336,0.23472222222222222,0.1527777777777778,0.07083333333333333,0.22083333333333333
465,720,0.014382698704345078,0.27571162662497106,0.317467886581299,487,4.7152030826206705e-05,0.01643328368663788,334737,6.258251368999481,0.20555555555555555,0.25833333333333336,0.17083333333333334,0.1486111111111111,0.21666666666666667
466,720,0.014251816146135538,0.2682222319830404,0.30763770664779044,473,5.2025836492298874e-05,0.017833054065704346,335457,6.270227535565694,0.23472222222222222,0.21944444444444444,0.19583333333333333,0.11388888888888889,0.2361111111111111
467,720,0.014122124619205706,0.6462140737991039,0.908302443443026,470,4.9873181779326436e-05,0.01883453130722046,336177,6.282805116971334,0.2611111111111111,0.18472222222222223,0.15138888888888888,0.14722222222222223,0.25555555555555554
468,720,0.013993613285170934,0.37198333874342954,0.4506088121262122,441,5.264771085649045e-05,0.01845909282565117,336897,6.294263199965159,0.2875,0.2638888888888889,0.14166666666666666,0.08888888888888889,0.21805555555555556
469,720,0.013866271404275878,0.23643272779138796,0.26672233754441477,439,4.898312779965232e-05,0.01830870285630226,337617,6.307346530755361,0.2361111111111111,0.22777777777777777,0.23333333333333334,0.11805555555555555,0.18472222222222223
470,720,0.013740088334496968,0.04367738400260208,0.044645281239358736,434,5.224305383914422e-05,0.018828390166163445,338337,6.323318632443746,0.27361111111111114,0.21666666666666667,0.18888888888888888,0.09166666666666666,0.22916666666666666
471,720,0.013615053530653046,0.8216563346086082,1.2742636612073643,470,4.4853252619405895e-05,0.018234414979815483,339057,6.3480895002683,0.2902777777777778,0.2375,0.09305555555555556,0.12777777777777777,0.2513888888888889
472,720,0.013491156543524103,0.25372707858051813,0.28882000967734967,410,4.601982275668585e-05,0.017628248780965805,339777,6.36052051782608,0.2,0.24444444444444444,0.20694444444444443,0.1,0.24861111111111112
473,720,0.013368387018978033,1.4390841183558578,3.2168319288744547,490,4.5597295979860064e-05,0.017462793737649918,340497,6.373402949174245,0.24722222222222223,0.22916666666666666,0.13194444444444445,0.14444444444444443,0.24722222222222223
474,720,0.013246734697105333,0.14411059306506055,0.15501183776111827,454,4.811295658808174e-05,0.017756931483745575,341217,6.385454750061035,0.25972222222222224,0.23333333333333334,0.20833333333333334,0.12222222222222222,0.1763888888888889
475,720,0.013126189411361674,0.3846349819801314,0.4690779836240013,480,4.660856083976089e-05,0.01739906519651413,341937,6.397115369637807,0.24722222222222223,0.24444444444444444,0.19583333333333333,0.08888888888888889,0.22361111111111112
476,720,0.013006741087718283,0.7776302922519653,1.1763089339781132,491,5.193708862331429e-05,0.01701764576137066,342657,6.4085620482762655,0.2791666666666667,0.23194444444444445,0.10833333333333334,0.12638888888888888,0.25416666666666665
477,720,0.012888379743820046,0.8157609365341683,1.2608954158807526,461,4.7306706988416e-05,0.017232201993465424,343377,6.422148001194,0.2861111111111111,0.24583333333333332,0.12638888888888888,0.12777777777777777,0.21388888888888888
478,720,0.012771095488151283,0.4177800782752918,0.5185866674768644,427,4.601333778156105e-05,0.016672451049089432,344097,6.435203297932943,0.23194444444444445,0.25833333333333336,0.19722222222222222,0.08055555555555556,0.23194444444444445
479,720,0.012654878519209106,0.914396703919214,1.4952694114602996,487,4.700375503716714e-05,0.0171574205160141,344817,6.448320666948955,0.2708333333333333,0.2777777777777778,0.1388888888888889,0.11944444444444445,0.19305555555555556
480,720,0.012539719124684302,0.8609475159278479,1.365400887245075,477,4.610088946163968e-05,0.016972696408629417,345537,6.460583468278249,0.25972222222222224,0.25555555555555554,0.16111111111111112,0.10972222222222222,0.21388888888888888
481,720,0.012425607680649675,0.0951490854557691,0.09982281048908792,454,4.9123483270502924e-05,0.01723961904644966,346257,6.4873627662658695,0.2638888888888889,0.23472222222222222,0.2125,0.1125,0.1763888888888889
482,720,0.012312534650755763,0.008865610917462605,0.008905026841907304,463,4.9879198618580426e-05,0.01753269135951996,346977,6.5004143158594765,0.26805555555555555,0.2611111111111111,0.19027777777777777,0.1125,0.16805555555555557
483,720,0.012200490585433887,0.3846519451555639,0.4691029040629229,481,4.902001602936757e-05,0.017566636204719543,347697,6.513056417306264,0.2388888888888889,0.25833333333333336,0.16944444444444445,0.14027777777777778,0.19305555555555556
484,720,0.01208946612110644,0.3437735741096742,0.4102592801407867,494,4.881915847868691e-05,0.016995426267385483,348417,6.525285534063975,0.25416666666666665,0.2569444444444444,0.1486111111111111,0.0763888888888889,0.2638888888888889
485,720,0.01197945197940437,0.9692068726750975,1.6358530630032937,499,4.8044487252557e-05,0.01692551001906395,349137,6.536995247999827,0.30277777777777776,0.23472222222222222,0.15138888888888888,0.0875,0.22361111111111112
486,720,0.01187043896639179,1.3736062551709167,2.949568194822349,503,4.938923842448478e-05,0.016787920147180557,349857,6.5488865852355955,0.28888888888888886,0.24166666666666667,0.1486111111111111,0.09027777777777778,0.23055555555555557
487,720,0.011762417971797624,1.0645796726987589,1.8996199384551522,450,5.0119130167382135e-05,0.017248714342713356,350577,6.560771099726359,0.2388888888888889,0.29583333333333334,0.13055555555555556,0.07777777777777778,0.2569444444444444
488,720,0.011655379968254265,1.1879895765037198,2.280479420506938,451,5.12638147155384e-05,0.01738119125366211,351297,6.573270034790039,0.23194444444444445,0.2847222222222222,0.10277777777777777,0.14166666666666666,0.2388888888888889
489,720,0.011549316010543152,-0.027909823047316977,-0.02752394222521859,473,4.915247961510734e-05,0.017463237047195435,352017,6.585978468259175,0.24444444444444444,0.2375,0.21805555555555556,0.12638888888888888,0.1736111111111111
490,720,0.011444217234847209,0.061098465161765196,0.06300357785349853,460,5.308683925527981e-05,0.017863105982542038,352737,6.598995081583658,0.2388888888888889,0.2152777777777778,0.2152777777777778,0.16666666666666666,0.1638888888888889
491,720,0.011340074858010099,0.624172762760908,0.866701113868612,480,5.219925947004513e-05,0.018118537962436676,353457,6.624932765960693,0.29444444444444445,0.24027777777777778,0.17916666666666667,0.1,0.18611111111111112
492,720,0.011236880176802208,0.4796564792899825,0.61551934250952,460,5.285041038531644e-05,0.018349770456552505,354177,6.637781449158987,0.25555555555555554,0.2611111111111111,0.1986111111111111,0.10138888888888889,0.18333333333333332
493,720,0.011134624567193307,1.6454424060659103,4.183302524255375,480,5.659118318009051e-05,0.018833501264452934,354897,6.650378449757894,0.3138888888888889,0.1986111111111111,0.11944444444444445,0.0763888888888889,0.2916666666666667
494,720,0.011033299483631848,0.40400733738067807,0.4978149369561953,452,5.2001908011334307e-05,0.018437925726175308,355617,6.662085549036662,0.2111111111111111,0.2972222222222222,0.16805555555555557,0.11666666666666667,0.20694444444444443
495,720,0.010932896458330798,0.6305132020975424,0.8785744202534518,453,5.38593104364635e-05,0.01834503933787346,356337,6.676322015126546,0.15416666666666667,0.25,0.23333333333333334,0.15555555555555556,0.20694444444444443
496,720,0.010833407100559987,0.14734038988392834,0.15874832211499346,408,5.376574533531513e-05,0.01747768744826317,357057,6.687944030761718,0.25,0.35555555555555557,0.09166666666666666,0.08888888888888889,0.21388888888888888
497,720,0.010734823095944892,1.4868269032421395,3.4230384995339183,489,4.988624275104788e-05,0.01726469397544861,357777,6.700850868225098,0.28055555555555556,0.21944444444444444,0.1486111111111111,0.12916666666666668,0.2222222222222222
498,720,0.010637136205771794,1.3367161688540603,2.8065229802521854,486,5.1010671763328396e-05,0.017607662826776505,358497,6.7147148172060644,0.3013888888888889,0.2375,0.14583333333333334,0.11388888888888889,0.2013888888888889
499,720,0.01054033826629927,1.4268927036498475,3.1657348875747635,478,4.964128015419394e-05,0.01770089566707611,359217,6.726841032505035,0.26944444444444443,0.2361111111111111,0.1125,0.13472222222222222,0.24722222222222223
500,720,0.010444421188075948,1.7482311333978588,4.744432548974346,479,5.1305845475882153e-05,0.01722252555191517,359937,6.74033096631368,0.29305555555555557,0.2152777777777778,0.16805555555555557,0.0875,0.2361111111111111
501,720,0.010349376955264456,1.6742317085292624,4.334694973562735,436,5.437638835827683e-05,0.017575401812791824,360657,6.764724083741506,0.2861111111111111,0.2875,0.09861111111111111,0.10972222222222222,0.21805555555555556
502,720,0.01025519762497155,0.6079259693450618,0.836618243309813,474,5.15927298339294e-05,0.01773555763065815,361377,6.779178484280904,0.28888888888888886,0.22777777777777777,0.14722222222222223,0.1361111111111111,0.2
503,720,0.010161875326584309,-0.030392304485490306,-0.029935101919846607,487,5.24333343744527e-05,0.01726972684264183,362097,6.790201783180237,0.32916666666666666,0.23055555555555557,0.20972222222222223,0.06111111111111111,0.16944444444444445
504,720,0.010069402261112392,1.174070899673277,2.2351357813650026,460,5.2160381747196675e-05,0.018075618892908096,362817,6.802959966659546,0.24861111111111112,0.2263888888888889,0.16527777777777777,0.12083333333333333,0.2388888888888889
505,720,0.01,0.21609771557355942,0.24122365995690287,434,5.46503812491513e-05,0.018037501722574234,363537,6.817815816402435,0.2263888888888889,0.30277777777777776,0.17222222222222222,0.11388888888888889,0.18472222222222223
506,720,0.01,0.5195001647330446,0.6811871230395072,462,5.428500764866031e-05,0.018166277557611465,364257,6.83065173625946,0.24861111111111112,0.28194444444444444,0.16944444444444445,0.09027777777777778,0.20972222222222223
507,720,0.01,0.4218049889470292,0.5247111601607175,434,5.103523673521219e-05,0.0176587775349617,364977,6.843166017532349,0.2125,0.3347222222222222,0.16944444444444445,0.09444444444444444,0.18888888888888888
508,720,0.01,0.15613851294006265,0.1689881118566514,475,5.398365335243701e-05,0.01829220913350582,365697,6.853918647766113,0.24027777777777778,0.2708333333333333,0.1486111111111111,0.11944444444444445,0.22083333333333333
509,720,0.01,1.0368275388673973,1.8202556556349183,476,4.8847357368231316e-05,0.017691444605588913,366417,6.867772249380748,0.2625,0.28194444444444444,0.15694444444444444,0.09027777777777778,0.20833333333333334
510,720,0.01,0.2883188804455182,0.3341826810653268,444,5.148051685510937e-05,0.01829085499048233,367137,6.881074484189352,0.26805555555555555,0.2652777777777778,0.14722222222222223,0.1361111111111111,0.18333333333333332
511,720,0.01,0.30827039061269546,0.3610689594568883,430,5.2835002064613134e-05,0.017848581075668335,367857,6.902688519159953,0.23055555555555557,0.2708333333333333,0.18611111111111112,0.14027777777777778,0.17222222222222222
512,720,0.01,0.9217167911671728,1.5136020175367064,465,4.690527377735836e-05,0.018114712089300156,368577,6.915465299288432,0.26944444444444443,0.24583333333333332,0.1375,0.10138888888888889,0.24583333333333332
513,720,0.01,0.29217290278884694,0.33933457230324215,488,5.0851942718408184e-05,0.0177803672850132,369297,6.928257250785828,0.2611111111111111,0.2777777777777778,0.14722222222222223,0.1111111111111111,0.20277777777777778
514,720,0.01,0.5002165864762993,0.6490784001038519,455,4.857636099586671e-05,0.017611481249332428,370017,6.940066913763682,0.22916666666666666,0.24166666666666667,0.23472222222222222,0.058333333333333334,0.2361111111111111
515,720,0.01,0.07970693081441316,0.0829696361332517,422,4.988224075961827e-05,0.0170220248401165,370737,6.952448383967082,0.18611111111111112,0.17222222222222222,0.2388888888888889,0.18055555555555555,0.2222222222222222
516,720,0.01,0.6152447004347263,0.8501092667140009,462,5.017775408759917e-05,0.017480025067925453,371457,6.964245466391246,0.2361111111111111,0.2625,0.1597222222222222,0.08194444444444444,0.25972222222222224
517,720,0.01,-0.026400118923917165,-0.026054682316076327,433,5.388100193689146e-05,0.018282078206539154,372177,6.978403584162394,0.24027777777777778,0.2722222222222222,0.19722222222222222,0.08055555555555556,0.20972222222222223
518,720,0.01,0.42854358035326967,0.5350202610808703,460,4.861454893519598e-05,0.017539624124765396,372897,6.990439315636952,0.2111111111111111,0.3013888888888889,0.15555555555555556,0.12777777777777777,0.20416666666666666
519,720,0.01,0.36760900645566597,0.444277225490465,500,4.756475474576089e-05,0.018184112384915352,373617,7.00302414894104,0.24305555555555555,0.2722222222222222,0.1763888888888889,0.08611111111111111,0.2222222222222222
520,720,0.01,0.7823692835725033,1.1866469195915226,485,5.0404955973388294e-05,0.017357908189296722,374337,7.015230131149292,0.2013888888888889,0.2638888888888889,0.1527777777777778,0.10277777777777777,0.2791666666666667
521,720,0.01,0.6900221510918162,0.9937596967080502,447,4.761111423350586e-05,0.01708921045064926,375057,7.039992781480153,0.22361111111111112,0.2625,0.16944444444444445,0.11805555555555555,0.2263888888888889
522,720,0.01,0.5926955964213982,0.8088578001141482,446,4.8408120474303156e-05,0.017517752945423126,375777,7.052070351441701,0.225,0.3194444444444444,0.1875,0.09027777777777778,0.17777777777777778
523,720,0.01,1.2487933292845086,2.4861338028705724,476,5.14921495121396e-05,0.017755910754203796,376497,7.06346153418223,0.2861111111111111,0.19722222222222222,0.1597222222222222,0.12222222222222222,0.23472222222222222
524,720,0.01,0.8641806854572317,1.3730610058767243,478,5.541420463638739e-05,0.017843585461378098,377217,7.075019665559133,0.2,0.25972222222222224,0.18472222222222223,0.09444444444444444,0.2611111111111111
525,720,0.01,1.4227100405317386,3.1483474102298086,482,5.0826743012698396e-05,0.01791820302605629,377937,7.087151118119558,0.25277777777777777,0.24027777777777778,0.14722222222222223,0.1361111111111111,0.22361111111111112
526,720,0.01,0.6409843288252958,0.8983485591558336,442,5.058769480683623e-05,0.017324533313512802,378657,7.099103049437205,0.175,0.33194444444444443,0.2111111111111111,0.06527777777777778,0.21666666666666667
527,720,0.01,0.04039096875885739,0.04121777824673001,435,5.484912108436725e-05,0.018133999779820442,379377,7.112046400705974,0.20833333333333334,0.2611111111111111,0.17222222222222222,0.12777777777777777,0.23055555555555557
528,720,0.01,0.7070929667019734,1.0280869644778674,447,5.270772014177459e-05,0.01768576353788376,380097,7.125934334595998,0.19305555555555556,0.2263888888888889,0.24444444444444444,0.10138888888888889,0.23472222222222222
529,720,0.01,-0.021089914471050634,-0.020869077427598914,454,4.8556067424164614e-05,0.017866870388388634,380817,7.1388048013051355,0.20555555555555555,0.2861111111111111,0.2652777777777778,0.06388888888888888,0.17916666666666667
530,720,0.01,-0.004622509375227696,-0.004611842021743806,420,4.869974934536003e-05,0.01841721311211586,381537,7.151594650745392,0.21666666666666667,0.2638888888888889,0.19722222222222222,0.10138888888888889,0.22083333333333333
531,720,0.01,0.9091428083993423,1.4821939054272217,507,4.924032580220228e-05,0.018013227730989456,382257,7.1741647005081175,0.25277777777777777,0.26805555555555555,0.16527777777777777,0.12222222222222222,0.19166666666666668
532,720,0.01,0.7893420178691656,1.2019471076454784,475,5.2823845740274714e-05,0.018944747745990753,382977,7.188517153263092,0.2708333333333333,0.2708333333333333,0.15416666666666667,0.11388888888888889,0.19027777777777777
533,720,0.01,2.073591872127936,6.953339251619837,480,5.225408493995726e-05,0.018725672736763954,383697,7.2018692334493,0.25555555555555554,0.2513888888888889,0.12916666666666668,0.1375,0.2263888888888889
534,720,0.01,0.6950737601695627,1.003856873313012,480,5.5325773458510716e-05,0.019350210204720497,384417,7.215704536437988,0.25,0.24305555555555555,0.1361111111111111,0.13194444444444445,0.2388888888888889
535,720,0.01,1.2650145945452589,2.5431444463136237,490,5.5491587815797374e-05,0.01854288950562477,385137,7.230231102307638,0.2861111111111111,0.2388888888888889,0.14027777777777778,0.11388888888888889,0.22083333333333333
536,720,0.01,0.45419564209988794,0.5749060852702121,473,5.232530438408705e-05,0.018803156912326813,385857,7.244189834594726,0.1986111111111111,0.2763888888888889,0.20833333333333334,0.15555555555555556,0.16111111111111112
537,720,0.01,1.1340816862270462,2.1083178208157776,470,5.219723281015831e-05,0.017859168350696564,386577,7.256130162874857,0.21805555555555556,0.2902777777777778,0.12222222222222222,0.1111111111111111,0.25833333333333336
538,720,0.01,0.4966054159327669,0.643134036277009,466,5.715142367913965e-05,0.017866522073745728,387297,7.268636663754781,0.19722222222222222,0.27361111111111114,0.21666666666666667,0.08055555555555556,0.23194444444444445
539,720,0.01,0.7211371050777697,1.0567706457824695,462,5.648749941100404e-05,0.018374254927039146,388017,7.2842507322629295,0.22083333333333333,0.26666666666666666,0.20833333333333334,0.058333333333333334,0.24583333333333332
540,720,0.01,1.0043632852861892,1.7301683809163295,514,6.061277021242657e-05,0.018603894859552383,388737,7.2967840472857155,0.22777777777777777,0.2388888888888889,0.1763888888888889,0.11944444444444445,0.2375
541,720,0.01,0.7041840996948598,1.0221961012419936,467,5.8805221965485546e-05,0.018616434186697006,389457,7.32946058511734,0.2263888888888889,0.2611111111111111,0.16666666666666666,0.11944444444444445,0.2263888888888889
542,720,0.01,1.5785634915767544,3.847986633160052,479,6.268148780842845e-05,0.019387133419513702,390177,7.341786050796509,0.26666666666666666,0.2152777777777778,0.17222222222222222,0.09444444444444444,0.2513888888888889
543,720,0.01,0.6495453774021255,0.914670178789506,483,5.892534581006556e-05,0.019524188712239265,390897,7.354634165763855,0.20694444444444443,0.21666666666666667,0.2388888888888889,0.1361111111111111,0.2013888888888889
544,720,0.01,1.2519466580582206,2.4971440792875215,490,5.771611931524805e-05,0.01976749673485756,391617,7.368167150020599,0.2611111111111111,0.22916666666666666,0.1875,0.08472222222222223,0.2375
545,720,0.01,0.4790028464767916,0.614463731085622,465,6.153970843014476e-05,0.01957131177186966,392337,7.384838751951853,0.2777777777777778,0.32083333333333336,0.14722222222222223,0.06666666666666667,0.1875
546,720,0.01,0.7239359170360111,1.0625352232824765,474,5.8317533502203235e-05,0.019523270428180695,393057,7.397556416193644,0.20833333333333334,0.30416666666666664,0.16944444444444445,0.075,0.24305555555555555
547,720,0.01,0.2866285537384492,0.3319293813902373,460,5.911265818415106e-05,0.01978655904531479,393777,7.411075683434804,0.2263888888888889,0.28194444444444444,0.15138888888888888,0.09305555555555556,0.24722222222222223
548,720,0.01,1.6793580771809327,4.3621128035492776,452,5.9131465889095125e-05,0.01963484287261963,394497,7.424451231956482,0.25416666666666665,0.2777777777777778,0.18194444444444444,0.07083333333333333,0.2152777777777778
549,720,0.01,-0.04173106888412011,-0.04087231482971254,428,5.6912048648882774e-05,0.019977927207946777,395217,7.437930548191071,0.27361111111111114,0.24027777777777778,0.19027777777777777,0.12638888888888888,0.16944444444444445
550,720,0.01,0.6315890254768264,0.8805965220516421,463,5.946844636481627e-05,0.020237497985363007,395937,7.451802015304565,0.18333333333333332,0.2569444444444444,0.19166666666666668,0.17916666666666667,0.18888888888888888
551,720,0.01,1.618843312280643,4.047248848078609,486,5.9319872117511196e-05,0.020189277827739716,396657,7.475277197360993,0.2833333333333333,0.23472222222222222,0.15555555555555556,0.09861111111111111,0.22777777777777777
552,720,0.01,0.2627486212435255,0.3004997598457302,451,5.468657878837904e-05,0.01988072320818901,397377,7.486608600616455,0.2513888888888889,0.21944444444444444,0.19583333333333333,0.10555555555555556,0.22777777777777777
553,720,0.01,0.7144370606742622,1.0430362530272719,491,5.4964100341850196e-05,0.019420647993683815,398097,7.499027534325918,0.24166666666666667,0.225,0.2,0.09027777777777778,0.24305555555555555
554,720,0.01,1.011443276838217,1.749566538354503,448,5.581888366097903e-05,0.019184386357665062,398817,7.512487137317658,0.19722222222222222,0.2125,0.24861111111111112,0.11527777777777778,0.2263888888888889
555,720,0.01,0.9791617968392522,1.662223822027174,504,5.8328954633503196e-05,0.01960664801299572,399537,7.525236880779266,0.21388888888888888,0.28888888888888886,0.15555555555555556,0.10972222222222222,0.23194444444444445
556,720,0.01,1.8469246198473197,5.340290704529043,457,5.8372372366951214e-05,0.01984289288520813,400257,7.538368117809296,0.28888888888888886,0.24305555555555555,0.12638888888888888,0.06944444444444445,0.2722222222222222
557,720,0.01,0.8818759044774517,1.4154265686241976,483,6.355017273765244e-05,0.020250454545021057,400977,7.551028184096018,0.20972222222222223,0.24305555555555555,0.17777777777777778,0.1111111111111111,0.25833333333333336
558,720,0.01,0.35663642549589336,0.42851640328426677,479,5.897717170834464e-05,0.02073388546705246,401697,7.563208448886871,0.20416666666666666,0.29444444444444445,0.18611111111111112,0.11388888888888889,0.2013888888888889
559,720,0.01,0.41097087037846436,0.5082814202511969,460,6.181164755061116e-05,0.02031826041638851,402417,7.575924785931905,0.18611111111111112,0.32916666666666666,0.15694444444444444,0.09444444444444444,0.23333333333333334
560,720,0.01,1.3345544477545273,2.7983032268180668,494,5.282420248578193e-05,0.01971827819943428,403137,7.5895973165829975,0.21388888888888888,0.22361111111111112,0.2152777777777778,0.10138888888888889,0.24583333333333332
561,720,0.01,-0.008144969800802286,-0.008111889408134565,417,5.565991338648423e-05,0.01978161558508873,403857,7.6140756169954935,0.2222222222222222,0.18194444444444444,0.2986111111111111,0.12638888888888888,0.17083333333333334
562,720,0.01,0.005839362481689444,0.005856444792534665,439,5.6635650551268355e-05,0.020131617784500122,404577,7.626875936985016,0.16111111111111112,0.24861111111111112,0.2791666666666667,0.125,0.18611111111111112
563,720,0.01,0.1078405650329769,0.11387014137943918,468,5.517295145283343e-05,0.018899688497185707,405297,7.639555752277374,0.20277777777777778,0.22916666666666666,0.1986111111111111,0.17777777777777778,0.19166666666666668
564,720,0.01,0.2343386537822855,0.26407250266411686,465,5.331198367836502e-05,0.018722249194979668,406017,7.654009401798248,0.19027777777777777,0.33611111111111114,0.18055555555555555,0.10277777777777777,0.19027777777777777
565,720,0.01,0.5296280320342978,0.6983004777415567,476,5.3795782928823934e-05,0.019037311896681786,406737,7.667712517579397,0.2,0.29305555555555557,0.2,0.12361111111111112,0.18333333333333332
566,720,0.01,0.6683410399146409,0.9509980066129438,487,5.498715980820634e-05,0.019082969054579735,407457,7.68143101533254,0.2222222222222222,0.2722222222222222,0.17777777777777778,0.09861111111111111,0.22916666666666666
567,720,0.01,0.4185224079322529,0.5197143779114635,475,5.122958345332841e-05,0.01867080107331276,408177,7.6936727643013,0.25277777777777777,0.21944444444444444,0.21944444444444444,0.10972222222222222,0.1986111111111111
568,720,0.01,0.5904682285951222,0.8048332921415036,457,5.1652027634140215e-05,0.018345756456255913,408897,7.706114633878072,0.17916666666666667,0.25416666666666665,0.18888888888888888,0.12222222222222222,0.25555555555555554
569,720,0.01,1.2370737862304748,2.4455163813770304,507,5.3053556116032674e-05,0.01869005523622036,409617,7.7189054171244305,0.23055555555555557,0.22361111111111112,0.19305555555555556,0.11527777777777778,0.2375
570,720,0.01,1.4603671833168577,3.3075408951550607,477,5.108738804059006e-05,0.019026504829525948,410337,7.733169349034627,0.26666666666666666,0.24305555555555555,0.16111111111111112,0.09166666666666666,0.2375
571,720,0.01,0.26122612503743486,0.2985212604064704,445,5.384161452689619e-05,0.01957852393388748,411057,7.756703452269236,0.2111111111111111,0.2388888888888889,0.20972222222222223,0.1388888888888889,0.2013888888888889
572,720,0.01,1.1429457211190985,2.135992532035515,489,5.740126110317255e-05,0.01919887587428093,411777,7.7702676653862,0.18472222222222223,0.2722222222222222,0.18055555555555555,0.09027777777777778,0.2722222222222222
573,720,0.01,0.016424441984128697,0.016560064622707316,452,4.889582597671607e-05,0.018390052020549774,412497,7.784275567531585,0.2,0.3111111111111111,0.21388888888888888,0.09444444444444444,0.18055555555555555
574,720,0.01,0.8957926528735568,1.449276446240365,488,5.160620368592896e-05,0.019029786810278893,413217,7.79755228360494,0.20972222222222223,0.25416666666666665,0.18055555555555555,0.11388888888888889,0.24166666666666667
575,720,0.01,0.3942549082616646,0.48327860045805116,488,5.971024766545775e-05,0.018710797652602196,413937,7.811185399691264,0.2361111111111111,0.24583333333333332,0.175,0.13472222222222222,0.20833333333333334
576,720,0.01,0.9738813156270544,1.6482030499430604,518,5.639944945162117e-05,0.01883297599852085,414657,7.824249565601349,0.23472222222222222,0.21666666666666667,0.18611111111111112,0.1111111111111111,0.2513888888888889
577,720,0.01,0.5911604426786846,0.8060830556668614,479,5.5495219263927235e-05,0.01875646971166134,415377,7.836906564235687,0.19305555555555556,0.3,0.22361111111111112,0.09861111111111111,0.18472222222222223
578,720,0.01,0.27194507294730613,0.3125149067557105,507,5.262823327332929e-05,0.019135888665914536,416097,7.850596785545349,0.225,0.2125,0.26944444444444443,0.1,0.19305555555555556
579,720,0.01,1.180541229101755,2.256136041652474,486,5.4915342896795964e-05,0.0191282257437706,416817,7.863858850797017,0.2569444444444444,0.22777777777777777,0.16666666666666666,0.11527777777777778,0.23333333333333334
580,720,0.01,0.5822745079041853,0.7901054127159697,528,5.338673025410874e-05,0.019363965839147568,417537,7.876452366511027,0.2,0.2638888888888889,0.18333333333333332,0.10694444444444444,0.24583333333333332
581,720,0.01,0.6189133224482791,0.8569090836499522,505,5.319605254372719e-05,0.019225353375077248,418257,7.898201735814412,0.20833333333333334,0.2513888888888889,0.20416666666666666,0.12361111111111112,0.2125
582,720,0.01,0.2546236832283883,0.28997608988429024,473,5.724927108935339e-05,0.0197053961455822,418977,7.909922635555267,0.19583333333333333,0.20972222222222223,0.21388888888888888,0.1111111111111111,0.26944444444444443
583,720,0.01,0.8276223702132872,1.287872554389443,513,5.9656180913710464e-05,0.018797455355525017,419697,7.922406069437662,0.2513888888888889,0.1986111111111111,0.22777777777777777,0.10138888888888889,0.22083333333333333
584,720,0.01,0.8168195907845981,1.2632901898176998,496,6.136566757454097e-05,0.019651662558317184,420417,7.9364988525708515,0.175,0.23333333333333334,0.25972222222222224,0.10972222222222222,0.2222222222222222
585,720,0.01,-0.06619652275183593,-0.06405308864584891,501,5.6724578161669745e-05,0.02026556432247162,421137,7.950869182745616,0.21388888888888888,0.21388888888888888,0.21944444444444444,0.13472222222222222,0.21805555555555556
586,720,0.01,0.1504606985959464,0.16236962144727074,515,5.3533530691159587e-05,0.01960461027920246,421857,7.964277815818787,0.22777777777777777,0.2152777777777778,0.24861111111111112,0.08472222222222223,0.22361111111111112
587,720,0.01,0.3944751157964606,0.4836052655478109,503,5.427150428861043e-05,0.019473442807793617,422577,7.976645720005036,0.2263888888888889,0.2847222222222222,0.2,0.08888888888888889,0.2
588,720,0.01,0.7339973639632835,1.0833920610008172,494,5.367054263590237e-05,0.019021742045879364,423297,7.989737216631571,0.2125,0.25833333333333336,0.20277777777777778,0.12638888888888888,0.2
589,720,0.01,1.5550808125717561,3.735469195141077,505,5.4813945651706794e-05,0.018835950642824173,424017,8.002991000811258,0.24166666666666667,0.24166666666666667,0.17777777777777778,0.09583333333333334,0.24305555555555555
590,720,0.01,0.0972640487426611,0.10215135688244437,465,6.07673354301773e-05,0.018582111224532127,424737,8.01567398707072,0.24166666666666667,0.26805555555555555,0.20416666666666666,0.10694444444444444,0.17916666666666667
591,720,0.01,-0.03552644592657227,-0.034902788997469014,455,5.534888565155901e-05,0.018484899774193764,425457,8.043831066290538,0.19166666666666668,0.28055555555555556,0.24305555555555555,0.09027777777777778,0.19444444444444445
592,720,0.01,1.5590397154618654,3.754253616139147,480,5.337179766734658e-05,0.018629109486937523,426177,8.05679943561554,0.22777777777777777,0.22777777777777777,0.20972222222222223,0.0875,0.24722222222222223
593,720,0.01,0.7202827150787513,1.0550141120017433,450,5.379663203939344e-05,0.01856989786028862,426897,8.070256352424622,0.2125,0.2569444444444444,0.24722222222222223,0.08472222222222223,0.1986111111111111
594,720,0.01,0.41899884092809625,0.5204385924915169,491,5.436392632418574e-05,0.018116822466254234,427617,8.084814035892487,0.19722222222222222,0.29583333333333334,0.21388888888888888,0.08888888888888889,0.20416666666666666
595,720,0.01,0.6855490281325174,0.9848612811241393,488,5.297531194198907e-05,0.017557621002197266,428337,8.098701703548432,0.225,0.27361111111111114,0.21944444444444444,0.09305555555555556,0.18888888888888888
596,720,0.01,1.8187601917191316,5.164211270166974,489,4.797489687512603e-05,0.01789155974984169,429057,8.111327302455901,0.2763888888888889,0.20972222222222223,0.1736111111111111,0.075,0.2652777777777778
597,720,0.01,0.410451324863608,0.5074980029322631,491,4.7697589599869796e-05,0.017943650484085083,429777,8.124345970153808,0.26944444444444443,0.26666666666666666,0.19305555555555556,0.08333333333333333,0.1875
598,720,0.01,1.1455527847160685,2.1441789306002312,482,5.4726702001062225e-05,0.01854889653623104,430497,8.137377452850341,0.25277777777777777,0.23055555555555557,0.20277777777777778,0.08333333333333333,0.23055555555555557
599,720,0.01,0.7608333742855845,1.1400589476507643,472,5.372805202973218e-05,0.018728267401456833,431217,8.152093334992726,0.22916666666666666,0.19444444444444445,0.2569444444444444,0.08333333333333333,0.2361111111111111
600,720,0.01,0.22389796558630512,0.2509433736426483,504,5.66572544509351e-05,0.018957506865262985,431937,8.165617350737254,0.22777777777777777,0.22361111111111112,0.24305555555555555,0.10416666666666667,0.2013888888888889
601,720,0.01,0.13922631392755633,0.14938419222206178,479,5.485165563388566e-05,0.019038818776607513,432657,8.189400247732799,0.17777777777777778,0.2152777777777778,0.2833333333333333,0.10833333333333334,0.2152777777777778
602,720,0.01,0.44442357172288566,0.5595909443595184,475,5.678738066813417e-05,0.01963651552796364,433377,8.202042516072591,0.2263888888888889,0.20277777777777778,0.26805555555555555,0.09583333333333334,0.20694444444444443
603,720,0.01,0.08506574299646719,0.0887886445735162,498,5.511381144237425e-05,0.020057175308465958,434097,8.215609049797058,0.21805555555555556,0.25555555555555554,0.20277777777777778,0.10416666666666667,0.21944444444444444
604,720,0.01,0.7920583085374745,1.207936366627715,496,5.014921364742501e-05,0.01910131238400936,434817,8.228997135162354,0.20694444444444443,0.25972222222222224,0.2152777777777778,0.09583333333333334,0.2222222222222222
605,720,0.01,0.039124571125795336,0.03990001709777147,485,4.890634253216477e-05,0.018445365130901337,435537,8.242478648821512,0.22916666666666666,0.2388888888888889,0.2861111111111111,0.08472222222222223,0.16111111111111112
606,720,0.01,0.5731482264790574,0.7738427287293568,493,5.062186662725152e-05,0.018079228699207306,436257,8.257831199963887,0.19583333333333333,0.21388888888888888,0.25833333333333336,0.1111111111111111,0.22083333333333333
607,720,0.01,0.5780953767990991,0.7826399379686277,481,5.3920921893930226e-05,0.01746903546154499,436977,8.270304981867472,0.1763888888888889,0.20972222222222223,0.29444444444444445,0.13472222222222222,0.18472222222222223
608,720,0.01,0.04171253095958463,0.042594721963164384,444,5.0636395964273916e-05,0.017098981887102127,437697,8.281832047303517,0.17916666666666667,0.21666666666666667,0.2611111111111111,0.13055555555555556,0.2125
609,720,0.01,0.8145093678289868,1.2580675199547167,485,4.837830811589406e-05,0.017473358660936356,438417,8.29535408417384,0.21388888888888888,0.19444444444444445,0.24166666666666667,0.14027777777777778,0.20972222222222223
610,720,0.01,1.140529904546459,2.128425693032587,511,5.095777240866381e-05,0.017676958814263344,439137,8.310625751813253,0.23055555555555557,0.225,0.20277777777777778,0.10138888888888889,0.24027777777777778
611,720,0.01,0.49942876890513627,0.647779738785297,478,5.311451871218903e-05,0.018095990642905235,439857,8.335158816973369,0.2013888888888889,0.24583333333333332,0.26805555555555555,0.13194444444444445,0.1527777777777778
612,720,0.01,0.03991627062485526,0.040723631404878446,449,5.6696913515629096e-05,0.018181398510932922,440577,8.349596802393595,0.16666666666666666,0.19583333333333333,0.3,0.14305555555555555,0.19444444444444445
613,720,0.01,0.010445804089443109,0.010500551963446902,436,5.0267457402242145e-05,0.01841316744685173,441297,8.364040799935658,0.18888888888888888,0.25,0.2875,0.1,0.1736111111111111
614,720,0.01,0.2478050115271944,0.2812100866381748,502,4.956572714086684e-05,0.018212134018540382,442017,8.37731913725535,0.22916666666666666,0.25,0.22083333333333333,0.11666666666666667,0.18333333333333332
615,720,0.01,0.2421442315040138,0.2739779273182623,471,4.9524756423124924e-05,0.017718253657221794,442737,8.390497867266337,0.18055555555555555,0.30694444444444446,0.25416666666666665,0.07777777777777778,0.18055555555555555
616,720,0.01,0.8163167014661992,1.2621522914992385,498,4.613730838703608e-05,0.017189159989356995,443457,8.404146615664164,0.1986111111111111,0.22916666666666666,0.24305555555555555,0.125,0.20416666666666666
617,720,0.01,0.7419357421945538,1.0999966346795627,488,4.6050476054107194e-05,0.017013587057590485,444177,8.417985550562541,0.1986111111111111,0.2361111111111111,0.2375,0.0875,0.24027777777777778
618,720,0.01,1.8647084941362546,5.454054217096577,482,4.537340555164822e-05,0.017860420048236847,444897,8.430853335062663,0.25555555555555554,0.24166666666666667,0.1763888888888889,0.08611111111111111,0.24027777777777778
619,720,0.01,0.15414028347569086,0.1666545376528874,453,4.974602152540481e-05,0.017636504024267197,445617,8.443816800912222,0.18611111111111112,0.28194444444444444,0.2916666666666667,0.075,0.16527777777777777
620,720,0.01,0.3844965875901609,0.46887468554061984,488,4.522220817509353e-05,0.017528872936964035,446337,8.456914448738098,0.20277777777777778,0.275,0.21388888888888888,0.11944444444444445,0.18888888888888888
621,720,0.01,1.8851050818721222,5.58704658483549,493,4.854061156467853e-05,0.017595816403627396,447057,8.484089533487955,0.24861111111111112,0.23472222222222222,0.1625,0.10694444444444444,0.24722222222222223
622,720,0.01,0.235746215512056,0.2658530155394452,464,4.874990581053377e-05,0.01721121370792389,447777,8.496465051174164,0.19444444444444445,0.2861111111111111,0.2638888888888889,0.12083333333333333,0.13472222222222222
623,720,0.01,0.5017999465995643,0.6516915533180754,506,4.752864232134218e-05,0.017219850793480873,448497,8.508153148492177,0.21944444444444444,0.2375,0.19444444444444445,0.1125,0.2361111111111111
624,720,0.01,0.7089548508837863,1.0318665449950943,449,4.683324750595198e-05,0.017257850617170334,449217,8.520267482598623,0.20694444444444443,0.32083333333333336,0.24722222222222223,0.058333333333333334,0.16666666666666666
625,720,0.01,0.7004517476625497,1.0146626210592267,473,4.573971074503586e-05,0.017698021605610847,449937,8.532305816809336,0.22083333333333333,0.23333333333333334,0.24027777777777778,0.12361111111111112,0.18194444444444444
626,720,0.01,1.6213351606672572,4.059841509963659,483,4.542014966722895e-05,0.017178300768136978,450657,8.545107134183247,0.24444444444444444,0.225,0.225,0.09027777777777778,0.2152777777777778
627,720,0.01,0.09882781703286522,0.10387621451268614,486,4.53192970856738e-05,0.01763252541422844,451377,8.558486366271973,0.24166666666666667,0.2833333333333333,0.25416666666666665,0.09722222222222222,0.12361111111111112
628,720,0.01,0.21831485263316758,0.24397867592809463,454,4.563133002951266e-05,0.017597967758774757,452097,8.571282617251079,0.21944444444444444,0.22916666666666666,0.25277777777777777,0.14583333333333334,0.1527777777777778
629,720,0.01,0.30110479948359403,0.3513509549996181,478,4.636277655612907e-05,0.016752447932958603,452817,8.583794633547464,0.18888888888888888,0.32083333333333336,0.21388888888888888,0.10277777777777777,0.1736111111111111
630,720,0.01,0.2805394633864833,0.32384378499049493,443,4.48198497527604e-05,0.01681562326848507,453537,8.599255633354186,0.18472222222222223,0.2652777777777778,0.23333333333333334,0.14444444444444443,0.17222222222222222
631,720,0.01,-0.01512155984134705,-0.015007803169920897,467,4.576350773959348e-05,0.01637890562415123,454257,8.622277001539866,0.18333333333333332,0.3013888888888889,0.23333333333333334,0.09305555555555556,0.18888888888888888
632,720,0.01,0.15702772497008805,0.170028052443991,470,4.64077015989359e-05,0.016329579055309296,454977,8.635332000255584,0.19444444444444445,0.32916666666666666,0.20694444444444443,0.10694444444444444,0.1625
633,720,0.01,1.6374201187195534,4.141886928024881,455,4.294401731309942e-05,0.016419656574726105,455697,8.647939984003703,0.2222222222222222,0.24444444444444444,0.21388888888888888,0.10555555555555556,0.21388888888888888
634,720,0.01,0.22892139364870512,0.2572432078242539,444,4.5221508086494094e-05,0.017182916402816772,456417,8.662745718161265,0.1736111111111111,0.2638888888888889,0.2638888888888889,0.12361111111111112,0.175
635,720,0.01,0.4839709757271525,0.6225045529540092,464,4.4801703669842637e-05,0.016406811773777008,457137,8.675932466983795,0.20277777777777778,0.25,0.2611111111111111,0.09305555555555556,0.19305555555555556
636,720,0.01,1.2568287497141146,2.514259202020774,507,4.5610166572866244e-05,0.016147268936038017,457857,8.689580881595612,0.23333333333333334,0.24166666666666667,0.19583333333333333,0.12638888888888888,0.20277777777777778
637,720,0.01,0.8197041709992938,1.2698282571757327,465,5.076630309430483e-05,0.01674991473555565,458577,8.702597153186797,0.18888888888888888,0.23194444444444445,0.25,0.13055555555555556,0.1986111111111111
638,720,0.01,1.451189468892826,3.268188374271725,494,4.998344245829382e-05,0.01687338575720787,459297,8.715177015463512,0.2222222222222222,0.24027777777777778,0.20833333333333334,0.10138888888888889,0.22777777777777777
639,720,0.01,0.7509009493842548,1.1189081859270238,472,4.8065498904432186e-05,0.017457377165555954,460017,8.72807963291804,0.21388888888888888,0.2875,0.19166666666666668,0.11805555555555555,0.18888888888888888
640,720,0.01,0.3869738733627973,0.47251801882650835,476,4.5933669360288655e-05,0.017751052975654602,460737,8.740357720851899,0.1875,0.3055555555555556,0.23472222222222222,0.10555555555555556,0.16666666666666666
641,720,0.01,0.3421754693891645,0.4080073380269891,436,4.5013819276896864e-05,0.016929861158132553,461457,8.763958664735158,0.17777777777777778,0.22777777777777777,0.27361111111111114,0.13472222222222222,0.18611111111111112
642,720,0.01,0.4965324077010088,0.6430140783454903,499,4.7091282671216404e-05,0.016679242253303528,462177,8.777747400601704,0.2,0.2847222222222222,0.19305555555555556,0.15694444444444444,0.16527777777777777
643,720,0.01,0.2879386850491442,0.33367552736692296,453,4.409972599432877e-05,0.016708463430404663,462897,8.790730249881744,0.12222222222222222,0.21944444444444444,0.275,0.20277777777777778,0.18055555555555555
644,720,0.01,1.218096904732707,2.3807477225969835,470,4.623643322929638e-05,0.01584821566939354,463617,8.803662586212159,0.19722222222222222,0.2986111111111111,0.175,0.11805555555555555,0.2111111111111111
645,720,0.01,0.05513393604778827,0.056682133026743964,444,4.2790640554812855e-05,0.016335969790816307,464337,8.816703800360361,0.18194444444444444,0.36666666666666664,0.1736111111111111,0.11527777777777778,0.1625
646,720,0.01,1.3067653224451945,2.6942048035052983,505,4.3878438224156624e-05,0.01672108843922615,465057,8.830231765906015,0.23472222222222222,0.2513888888888889,0.1763888888888889,0.11527777777777778,0.2222222222222222
647,720,0.01,0.6218859509339535,0.8624371969300559,437,4.498767475398482e-05,0.015950771048665047,465777,8.842180033524832,0.16944444444444445,0.2611111111111111,0.24305555555555555,0.10416666666666667,0.2222222222222222
648,720,0.01,0.1570952137717067,0.17010701889975377,426,4.6411245825260674e-05,0.01619255542755127,466497,8.855742569764455,0.18888888888888888,0.24305555555555555,0.28194444444444444,0.13333333333333333,0.1527777777777778
649,720,0.01,0.7817018712804228,1.1851880114597146,471,4.4252320257479975e-05,0.016298633068799973,467217,8.872429915269215,0.14583333333333334,0.35138888888888886,0.2125,0.09444444444444444,0.19583333333333333
650,720,0.01,0.8426779870956388,1.32257849111908,480,4.586735400759305e-05,0.01640203967690468,467937,8.885272399584453,0.2013888888888889,0.2652777777777778,0.19305555555555556,0.12777777777777777,0.2125
651,720,0.01,0.9383254425256308,1.555698169584963,502,4.718379813337176e-05,0.0175206009298563,468657,8.90892426967621,0.24444444444444444,0.24861111111111112,0.2125,0.08333333333333333,0.2111111111111111
652,720,0.01,0.8389174564605049,1.3138607654614702,484,4.664516826551335e-05,0.01777471788227558,469377,8.921301198005676,0.20555555555555555,0.2763888888888889,0.21666666666666667,0.10277777777777777,0.1986111111111111
653,720,0.01,0.11609319530601246,0.12310053495417517,437,4.672812100731486e-05,0.01700075902044773,470097,8.935718297958374,0.14722222222222223,0.26666666666666666,0.26944444444444443,0.1597222222222222,0.15694444444444444
654,720,0.01,1.011533342328968,1.7498141905664233,464,4.561543336573474e-05,0.01762555167078972,470817,8.948339966932933,0.19444444444444445,0.29305555555555557,0.16111111111111112,0.12777777777777777,0.22361111111111112
655,720,0.01,0.19063902458127838,0.210022584827654,403,4.925512496356532e-05,0.01724984496831894,471537,8.96103043158849,0.11944444444444445,0.2569444444444444,0.2722222222222222,0.19583333333333333,0.15555555555555556
656,720,0.01,1.2195990170722137,2.3858298014389585,466,5.1042761506576225e-05,0.018049515783786774,472257,8.976252583662669,0.18888888888888888,0.29444444444444445,0.18611111111111112,0.10555555555555556,0.225
657,720,0.01,0.7469217045934732,1.1104932851448073,465,4.728586056772757e-05,0.017646681517362595,472977,8.98904318412145,0.1763888888888889,0.25,0.23472222222222222,0.08472222222222223,0.25416666666666665
658,720,0.01,0.6313090728202034,0.88007011774684,448,5.043623547559643e-05,0.01735219918191433,473697,9.002312930425008,0.19722222222222222,0.2638888888888889,0.18055555555555555,0.12777777777777777,0.23055555555555557
659,720,0.01,0.9945019742516011,1.7033776542854095,485,4.893893878311751e-05,0.018057672306895256,474417,9.014430650075276,0.19166666666666668,0.23194444444444445,0.21805555555555556,0.11944444444444445,0.2388888888888889
660,720,0.01,0.24702169583103037,0.2802068876292918,467,4.942023768737474e-05,0.01837044395506382,475137,9.027011585235595,0.21944444444444444,0.28055555555555556,0.22083333333333333,0.10972222222222222,0.16944444444444445
661,720,0.01,0.26744655735598954,0.30662379853960053,446,4.724458967631209e-05,0.01754472777247429,475857,9.052174631754557,0.18333333333333332,0.2916666666666667,0.25,0.09583333333333334,0.17916666666666667
662,720,0.01,0.4470942548213421,0.5637616844186175,456,4.7039840516542124e-05,0.017639610916376114,476577,9.064854816595714,0.175,0.26805555555555555,0.2125,0.16111111111111112,0.18333333333333332
663,720,0.01,0.17608885086415732,0.1925440125096094,452,4.752808010329722e-05,0.017633935436606407,477297,9.079001116752625,0.19305555555555556,0.23472222222222222,0.24861111111111112,0.17916666666666667,0.14444444444444443
664,720,0.01,0.3983121856633384,0.48930889822720136,473,4.4989213260275086e-05,0.018077688291668892,478017,9.092245765527089,0.14444444444444443,0.2638888888888889,0.2847222222222222,0.13194444444444445,0.175
665,720,0.01,0.6512817500816426,0.9179976478053615,457,4.755980755690972e-05,0.018179064616560936,478737,9.106202320257824,0.16944444444444445,0.2722222222222222,0.2638888888888889,0.09166666666666666,0.20277777777777778
666,720,0.01,0.9067693002556293,1.4763093842204733,452,4.5095089242547855e-05,0.01753237470984459,479457,9.118926850954692,0.1986111111111111,0.24027777777777778,0.2569444444444444,0.11388888888888889,0.19027777777777777
667,720,0.01,1.2544614766565914,2.5059498300513185,499,4.823979361137592e-05,0.017875302582979202,480177,9.133672082424164,0.19583333333333333,0.2638888888888889,0.2013888888888889,0.1111111111111111,0.22777777777777777
668,720,0.01,0.5763478752637731,0.7795274922340014,492,4.933039644028112e-05,0.017079323530197144,480897,9.145915551980336,0.1986111111111111,0.2652777777777778,0.2361111111111111,0.09305555555555556,0.20694444444444443
669,720,0.01,0.39166158791857963,0.47943696733470076,460,4.5649022456473173e-05,0.01801665686070919,481617,9.158480215072633,0.1361111111111111,0.23472222222222222,0.28888888888888886,0.15416666666666667,0.18611111111111112
670,720,0.01,0.5031610777227316,0.6539412528178432,485,4.497816555739418e-05,0.017612576484680176,482337,9.171093730131785,0.1736111111111111,0.2986111111111111,0.2763888888888889,0.0763888888888889,0.175
671,720,0.01,0.820676086563762,1.2720354109973844,491,4.355497171925688e-05,0.018604766577482224,483057,9.196167051792145,0.24027777777777778,0.21944444444444444,0.20694444444444443,0.13472222222222222,0.1986111111111111
672,720,0.01,0.12983959151595958,0.13864572024081867,407,4.530681068975658e-05,0.017732221633195877,483777,9.209666530291239,0.1986111111111111,0.3111111111111111,0.22777777777777777,0.12222222222222222,0.14027777777777778
673,720,0.01,0.26558993597939945,0.30420014346518576,464,4.823738887327838e-05,0.017887799069285393,484497,9.222295252482096,0.16944444444444445,0.2652777777777778,0.3013888888888889,0.06527777777777778,0.1986111111111111
674,720,0.01,0.9445895684927512,1.5717576315862192,485,5.023621972415842e-05,0.01811671443283558,485217,9.235372165838877,0.20416666666666666,0.2,0.20694444444444443,0.1111111111111111,0.2777777777777778
675,720,0.01,0.134052694746998,0.14345307202747581,440,4.804857075492287e-05,0.01772979274392128,485937,9.248378284772237,0.20555555555555555,0.175,0.25555555555555554,0.175,0.18888888888888888
676,720,0.01,0.23592309884706275,0.2660769436464552,423,4.4652163945910516e-05,0.017713163048028946,486657,9.261372983455658,0.20694444444444443,0.25555555555555554,0.2111111111111111,0.1361111111111111,0.19027777777777777
677,720,0.01,0.6892154854315445,0.9921520477306618,458,4.696677591861468e-05,0.017440710216760635,487377,9.273823285102845,0.2222222222222222,0.25416666666666665,0.2569444444444444,0.08611111111111111,0.18055555555555555
678,720,0.01,0.5190309081105016,0.6803983999195293,442,4.323772643601842e-05,0.017536655068397522,488097,9.287137802441915,0.19722222222222222,0.2861111111111111,0.2375,0.11527777777777778,0.1638888888888889
679,720,0.01,0.1098284955376107,0.11608664020456372,444,4.1842717088355936e-05,0.017120854929089546,488817,9.298963117599488,0.19444444444444445,0.275,0.2763888888888889,0.08888888888888889,0.16527777777777777
680,720,0.01,0.9871751536418083,1.6836428760458446,443,4.204868620263369e-05,0.01744259148836136,489537,9.311724384625753,0.16944444444444445,0.2777777777777778,0.25,0.10138888888888889,0.2013888888888889
681,720,0.01,0.6656890180111684,0.9458307720039794,427,4.7194046573571947e-05,0.018154578283429146,490257,9.33789648214976,0.18472222222222223,0.24861111111111112,0.25555555555555554,0.09861111111111111,0.2125
682,720,0.01,0.9747044261059489,1.6503837109630615,461,4.6925637694686074e-05,0.01836034096777439,490977,9.35161566734314,0.2152777777777778,0.2013888888888889,0.26666666666666666,0.10555555555555556,0.2111111111111111
683,720,0.01,0.9935706887358606,1.7008612097784308,436,4.040014047051146e-05,0.01839883252978325,491697,9.364064264297486,0.14444444444444443,0.26805555555555555,0.25972222222222224,0.11666666666666667,0.2111111111111111
684,720,0.01,-0.001463578840597563,-0.0014625083314062648,444,3.969561617698976e-05,0.01706838235259056,492417,9.378431530793508,0.18611111111111112,0.21388888888888888,0.29583333333333334,0.09722222222222222,0.20694444444444443
685,720,0.01,0.7106310026253615,1.0352751174874704,450,4.1803468598623615e-05,0.017060797661542892,493137,9.391837747891744,0.18472222222222223,0.24027777777777778,0.2763888888888889,0.11944444444444445,0.17916666666666667
686,720,0.01,0.3874251634548769,0.4731827015899046,444,3.980244411978775e-05,0.016977308318018913,493857,9.405338982741037,0.1486111111111111,0.21388888888888888,0.25416666666666665,0.11805555555555555,0.2652777777777778
687,720,0.01,0.18397656562180573,0.2019876549329629,473,4.3955346973234556e-05,0.01710609905421734,494577,9.418801148732504,0.2375,0.21805555555555556,0.2638888888888889,0.13472222222222222,0.14583333333333334
688,720,0.01,0.15955799186128872,0.17299228425418867,434,4.2399328951129674e-05,0.01699431613087654,495297,9.432865464687348,0.16666666666666666,0.2388888888888889,0.2569444444444444,0.19166666666666668,0.14583333333333334
689,720,0.01,0.8024272308136869,1.2309493911495304,441,4.3863156670593325e-05,0.016983695328235626,496017,9.445603048801422,0.16666666666666666,0.3125,0.20555555555555555,0.09305555555555556,0.2222222222222222
690,720,0.01,0.9429301922523705,1.5674936568239728,470,4.3830536316767796e-05,0.016900647431612015,496737,9.458887986342113,0.20555555555555555,0.27361111111111114,0.21944444444444444,0.10972222222222222,0.19166666666666668
691,720,0.01,0.3867692577838096,0.4722167495227645,455,4.333502029744017e-05,0.017589561641216278,497457,9.48359961907069,0.17916666666666667,0.22083333333333333,0.25972222222222224,0.15138888888888888,0.18888888888888888
692,720,0.01,0.6210802212881636,0.8609371804520856,448,4.676040880566587e-05,0.018605276942253113,498177,9.497537465890248,0.16666666666666666,0.23194444444444445,0.23055555555555557,0.11527777777777778,0.25555555555555554
693,720,0.01,0.34317877239950473,0.40942070492688165,499,4.9395800262017376e-05,0.01783605106174946,498897,9.510129348436992,0.20555555555555555,0.2361111111111111,0.2361111111111111,0.1638888888888889,0.15833333333333333
694,720,0.01,0.4500551067779798,0.568398612502913,450,4.6427621077782534e-05,0.018263868987560272,499617,9.524221336841583,0.1486111111111111,0.2222222222222222,0.2222222222222222,0.13055555555555556,0.2763888888888889
695,720,0.01,0.8242038270930743,1.2800647167274,466,4.0864162181403825e-05,0.01784903183579445,500337,9.536944230397543,0.17777777777777778,0.25833333333333336,0.19305555555555556,0.1111111111111111,0.25972222222222224
696,720,0.01,0.20847926099849176,0.23180338342381113,467,4.0515771575479046e-05,0.017740212380886078,501057,9.550392886002859,0.17222222222222222,0.2388888888888889,0.29444444444444445,0.1125,0.18194444444444444
697,720,0.01,0.21372850382323497,0.23828641912364001,478,4.2177980387552654e-05,0.017741575837135315,501777,9.563825583457946,0.14305555555555555,0.31666666666666665,0.2388888888888889,0.12777777777777777,0.1736111111111111
698,720,0.01,0.7623624148389669,1.143333687535379,517,4.3874499342817014e-05,0.017749907448887825,502497,9.576076451937357,0.18888888888888888,0.25972222222222224,0.23194444444444445,0.13194444444444445,0.1875
699,720,0.01,0.527055040249882,0.6939363813645545,460,4.019039864462886e-05,0.01739742048084736,503217,9.591181981563569,0.1736111111111111,0.2833333333333333,0.20416666666666666,0.1527777777777778,0.18611111111111112
700,720,0.01,0.176922307564334,0.19353836062258134,454,4.008710420117091e-05,0.017486728727817535,503937,9.60417601664861,0.1527777777777778,0.3194444444444444,0.25555555555555554,0.12638888888888888,0.14583333333333334
701,720,0.01,0.5981494596213853,0.8187500139747677,446,4.168867470374001e-05,0.017585929483175278,504657,9.62834311723709,0.1638888888888889,0.22361111111111112,0.2569444444444444,0.1388888888888889,0.21666666666666667
702,720,0.01,0.6773779889285856,0.9687089821840837,475,4.175162833032826e-05,0.017637241631746292,505377,9.642569434642791,0.20555555555555555,0.25,0.19305555555555556,0.10972222222222222,0.24166666666666667
703,720,0.01,0.1571882257605022,0.17021585794227545,438,4.106405861976883e-05,0.01736338436603546,506097,9.655277947584787,0.16666666666666666,0.25416666666666665,0.22361111111111112,0.18055555555555555,0.175
704,720,0.01,0.5519078887065134,0.7365630282874154,464,4.2287632719409076e-05,0.017192451283335686,506817,9.66849186817805,0.17777777777777778,0.21805555555555556,0.27361111111111114,0.12638888888888888,0.20416666666666666
705,720,0.01,0.8097758149697419,1.2474040958409613,510,4.1541209759543564e-05,0.016734790056943893,507537,9.682041815916698,0.1986111111111111,0.2611111111111111,0.21805555555555556,0.14166666666666666,0.18055555555555555
706,720,0.01,0.777968763078613,1.177045675737797,454,4.171156441038369e-05,0.018099205568432808,508257,9.695635998249054,0.1638888888888889,0.21666666666666667,0.25277777777777777,0.1388888888888889,0.22777777777777777
707,720,0.01,0.30336404864805305,0.35440744490163345,428,4.32395036164558e-05,0.018739765509963036,508977,9.70930430094401,0.125,0.22361111111111112,0.29583333333333334,0.15,0.20555555555555555
708,720,0.01,1.1921001272246152,2.2939917500857714,497,4.1123187199648075e-05,0.018208753317594528,509697,9.723697551091512,0.20833333333333334,0.19027777777777777,0.2263888888888889,0.1361111111111111,0.2388888888888889
709,720,0.01,0.2116972213282888,0.23577366251998644,455,3.951827189515219e-05,0.018199142068624496,510417,9.737074049313863,0.16666666666666666,0.23472222222222222,0.22777777777777777,0.16111111111111112,0.20972222222222223
710,720,0.01,0.26040491512643876,0.2974553396100499,472,4.134487056843581e-05,0.018277795985341072,511137,9.750173449516296,0.18888888888888888,0.26666666666666666,0.24583333333333332,0.10694444444444444,0.19166666666666668
711,720,0.01,0.28053779595361544,0.3238415775716965,484,4.192907134918439e-05,0.01747702620923519,511857,9.775447531541188,0.2152777777777778,0.19583333333333333,0.20555555555555555,0.15,0.23333333333333334
712,720,0.01,0.9248422967792216,1.5214705849692862,492,3.9906089927575925e-05,0.01774890162050724,512577,9.788274784882864,0.1875,0.25416666666666665,0.22916666666666666,0.1111111111111111,0.21805555555555556
713,720,0.01,0.44979985767965525,0.5679983312591459,481,3.965670259731269e-05,0.017803773283958435,513297,9.801072267691294,0.18055555555555555,0.24166666666666667,0.24861111111111112,0.13055555555555556,0.1986111111111111
714,720,0.01,1.149371814633799,2.156209602127874,487,4.139727816184152e-05,0.01746925711631775,514017,9.813588849703471,0.20694444444444443,0.24166666666666667,0.2263888888888889,0.08888888888888889,0.2361111111111111
715,720,0.01,1.4486331082597648,3.2572912799231,469,4.050583301907156e-05,0.017407989129424095,514737,9.826733334859211,0.24027777777777778,0.18333333333333332,0.24166666666666667,0.10833333333333334,0.2263888888888889
716,720,0.01,0.25053280726513943,0.28470973704761615,488,3.905802649594787e-05,0.017451271414756775,515457,9.839090116818745,0.2361111111111111,0.21944444444444444,0.2625,0.1,0.18194444444444444
717,720,0.01,0.1823932261654205,0.2000860063277301,470,4.103715417740104e-05,0.01724298857152462,516177,9.852546548843383,0.16805555555555557,0.2986111111111111,0.25972222222222224,0.11666666666666667,0.15694444444444444
718,720,0.01,0.5358370731725458,0.7088780997354927,447,4.1791961929346954e-05,0.017584217712283134,516897,9.866903948783875,0.13055555555555556,0.30972222222222223,0.2791666666666667,0.12638888888888888,0.15416666666666667
719,720,0.01,1.0485987912968942,1.853649756472119,459,4.023639258497901e-05,0.017309071496129036,517617,9.882608048121135,0.17777777777777778,0.18472222222222223,0.3138888888888889,0.1,0.22361111111111112
720,720,0.01,0.035382701762564715,0.03601611813596595,432,4.074386055966291e-05,0.01702994480729103,518337,9.894769883155822,0.19166666666666668,0.1986111111111111,0.21944444444444444,0.16944444444444445,0.22083333333333333
721,720,0.01,0.24281405048843638,0.27483154777339336,425,4.1116847749991494e-05,0.017734691500663757,519057,9.918900100390116,0.13194444444444445,0.2916666666666667,0.19305555555555556,0.21388888888888888,0.16944444444444445
722,720,0.01,0.16492058414341207,0.17929945991565854,485,3.933265410549009e-05,0.01703876443207264,519777,9.931887102127074,0.17083333333333334,0.21388888888888888,0.24861111111111112,0.19305555555555556,0.1736111111111111
723,720,0.01,0.3316137413617416,0.39321460339278813,440,3.6202424793272156e-05,0.017118552699685097,520497,9.946196818351746,0.20694444444444443,0.25416666666666665,0.15833333333333333,0.1597222222222222,0.22083333333333333
724,720,0.01,1.0327265902046199,1.80871361480964,462,3.5677041450475773e-05,0.016562283039093018,521217,9.957437364260356,0.19166666666666668,0.20416666666666666,0.2625,0.11527777777777778,0.2263888888888889
725,720,0.01,1.6446833765148572,4.179369737207042,487,3.4711463959208936e-05,0.016524679958820343,521937,9.970100398858389,0.22083333333333333,0.18194444444444444,0.24583333333333332,0.1111111111111111,0.24027777777777778
726,720,0.01,0.5523359111287823,0.7373064752958558,486,3.708443205520477e-05,0.015816856175661087,522657,9.98339813152949,0.1763888888888889,0.2875,0.20555555555555555,0.16527777777777777,0.16527777777777777
727,720,0.01,0.4570145437286332,0.5793518537471838,481,3.916933598273115e-05,0.01598459668457508,523377,9.997198096911113,0.17083333333333334,0.24583333333333332,0.2111111111111111,0.20555555555555555,0.16666666666666666
728,720,0.01,0.9207117649928531,1.5110770507586384,470,3.728722923849798e-05,0.01605030708014965,524097,10.009663697083791,0.20277777777777778,0.2652777777777778,0.2111111111111111,0.0875,0.23333333333333334
729,720,0.01,0.58576910790677,0.796372058428459,468,3.5640420333038494e-05,0.01664876565337181,524817,10.021009115378062,0.20694444444444443,0.25555555555555554,0.21666666666666667,0.10833333333333334,0.2125
730,720,0.01,0.49472022510514063,0.6400393330328789,492,4.249649779618873e-05,0.016836894676089287,525537,10.032732085386913,0.19583333333333333,0.24444444444444444,0.2513888888888889,0.10416666666666667,0.20416666666666666
731,720,0.01,0.884810329007001,1.4225248652107743,465,4.271980508292472e-05,0.01688065566122532,526257,10.057682319482167,0.2625,0.22916666666666666,0.2111111111111111,0.1,0.19722222222222222
732,720,0.01,1.7325451655616324,4.655028591715789,471,4.26965466519707e-05,0.016981638967990875,526977,10.072534998257956,0.23194444444444445,0.24583333333333332,0.20694444444444443,0.11666666666666667,0.1986111111111111
733,720,0.01,0.5244803096089115,0.6895805613974775,438,4.109951732339646e-05,0.0170476995408535,527697,10.086774814128876,0.1625,0.29583333333333334,0.24305555555555555,0.1125,0.18611111111111112
734,720,0.01,1.179558679379182,2.2529382973167515,480,4.543646209640428e-05,0.01754394918680191,528417,10.09918794631958,0.2111111111111111,0.2263888888888889,0.2125,0.10416666666666667,0.24583333333333332
735,720,0.01,0.7511466944710423,1.119428961189429,506,4.214750700586794e-05,0.017269205302000046,529137,10.111672965685527,0.22916666666666666,0.1986111111111111,0.22916666666666666,0.1388888888888889,0.20416666666666666
736,720,0.01,0.38340728163616944,0.4672755027577866,437,4.2846591945059724e-05,0.017237303778529167,529857,10.12165726820628,0.15694444444444444,0.2388888888888889,0.24722222222222223,0.1736111111111111,0.18333333333333332
737,720,0.01,0.15044426052852933,0.16235051449411353,371,4.063094680506967e-05,0.01711835153400898,530577,10.133119634787242,0.11666666666666667,0.34444444444444444,0.19027777777777777,0.14444444444444443,0.20416666666666666
738,720,0.01,0.5131645172952892,0.6705693847907939,399,3.9339870123613864e-05,0.01772638037800789,531297,10.145543785889943,0.18611111111111112,0.29583333333333334,0.2111111111111111,0.09583333333333334,0.2111111111111111
739,720,0.01,0.15766726832672973,0.1707765754429562,430,3.9432398854286375e-05,0.017311573028564453,532017,10.158985149860381,0.15833333333333333,0.2013888888888889,0.16527777777777777,0.2222222222222222,0.25277777777777777
740,720,0.01,0.2747575439351167,0.31621151271385806,433,4.235682262990142e-05,0.017287857830524445,532737,10.173512315750122,0.1763888888888889,0.25555555555555554,0.23333333333333334,0.15,0.18472222222222223
741,720,0.01,0.018929371604797754,0.019109667995113266,428,3.882696182826193e-05,0.01737569086253643,533457,10.198598865667979,0.10694444444444444,0.24583333333333332,0.25,0.19583333333333333,0.2013888888888889
742,720,0.01,1.0658106845537505,1.9031916029039477,472,3.996698172841207e-05,0.01741301640868187,534177,10.210709683100383,0.20277777777777778,0.20972222222222223,0.2375,0.14583333333333334,0.20416666666666666
743,720,0.01,0.4688620779864291,0.5981745600999571,429,3.946201795517684e-05,0.016766104847192764,534897,10.224045932292938,0.14305555555555555,0.2611111111111111,0.23333333333333334,0.14722222222222223,0.2152777777777778
744,720,0.01,0.5984097330451222,0.8192234478762845,464,4.1759587151722775e-05,0.017159027978777885,535617,10.236245731512705,0.16805555555555557,0.23194444444444445,0.2722222222222222,0.14444444444444443,0.18333333333333332
745,720,0.01,0.4969347144266285,0.6436752069388227,419,3.9212628606340635e-05,0.01729634404182434,536337,10.249215682347616,0.16527777777777777,0.24305555555555555,0.21666666666666667,0.14444444444444443,0.23055555555555557
746,720,0.01,1.4462582796011425,3.2471929382451155,496,4.142248520666827e-05,0.01755763217806816,537057,10.263356232643128,0.2263888888888889,0.1986111111111111,0.225,0.13333333333333333,0.21666666666666667
747,720,0.01,0.7501429999376076,1.1173027691292488,452,4.184271405797012e-05,0.01773301139473915,537777,10.277250266075134,0.20416666666666666,0.25972222222222224,0.22916666666666666,0.12777777777777777,0.17916666666666667
748,720,0.01,0.16487136223347856,0.17924141397243498,423,4.050869289358161e-05,0.017837541177868843,538497,10.290346082051595,0.13194444444444445,0.21388888888888888,0.2361111111111111,0.2,0.21805555555555556
749,720,0.01,0.5314619640389047,0.7014179030404035,474,4.147842754617967e-05,0.017586810514330864,539217,10.302408866087596,0.19444444444444445,0.25416666666666665,0.20555555555555555,0.16805555555555557,0.17777777777777778
750,720,0.01,0.6004666103422271,0.822969218258992,432,4.095332772319832e-05,0.01714210957288742,539937,10.316745416323345,0.16527777777777777,0.3111111111111111,0.175,0.17916666666666667,0.16944444444444445
751,720,0.01,0.8137400379093467,1.2563309891192604,484,3.92903637513579e-05,0.016350217163562775,540657,10.341755366325378,0.23333333333333334,0.20972222222222223,0.22916666666666666,0.1361111111111111,0.19166666666666668
752,720,0.01,0.199387813112867,0.22065526023527604,462,3.8212679707309384e-05,0.016588576138019562,541377,10.354514781634013,0.18888888888888888,0.2361111111111111,0.19166666666666668,0.1486111111111111,0.23472222222222222
753,720,0.01,0.3472866159216334,0.41522229248833287,460,4.485396481565355e-05,0.017055615782737732,542097,10.368240749835968,0.16944444444444445,0.29444444444444445,0.2375,0.09166666666666666,0.20694444444444443
754,720,0.01,0.3996390467613067,0.4912863158562646,426,3.948139371535338e-05,0.01677369698882103,542817,10.380925317605337,0.1638888888888889,0.29305555555555557,0.23194444444444445,0.12083333333333333,0.19027777777777777
755,720,0.01,0.6914395269638447,0.9965876072294302,453,4.0999688901087616e-05,0.01717623695731163,543537,10.393551496664683,0.17916666666666667,0.23055555555555557,0.22083333333333333,0.19027777777777777,0.17916666666666667
756,720,0.01,0.7085215320595504,1.0309862897021818,469,4.383548657011084e-05,0.01697779819369316,544257,10.407551900545757,0.17916666666666667,0.2388888888888889,0.2222222222222222,0.19027777777777777,0.16944444444444445
757,720,0.01,1.3201721797565986,2.744065974134118,481,4.0612213361631196e-05,0.017449866980314255,544977,10.425095931688945,0.2013888888888889,0.2111111111111111,0.21805555555555556,0.1625,0.20694444444444443
758,720,0.01,0.5373981925559945,0.7115479458930087,484,4.044374351350497e-05,0.017667168751358986,545697,10.440135065714518,0.17083333333333334,0.28055555555555556,0.22777777777777777,0.1527777777777778,0.16805555555555557
759,720,0.01,1.4151153411309607,3.116961293560892,487,4.2704171121638665e-05,0.018306687474250793,546417,10.453505500157673,0.23055555555555557,0.20416666666666666,0.24166666666666667,0.12222222222222222,0.2013888888888889
760,720,0.01,0.7403430957195705,1.0966547443731751,445,4.672242612034299e-05,0.018406234681606293,547137,10.46581566731135,0.17916666666666667,0.21944444444444444,0.28194444444444444,0.09027777777777778,0.22916666666666666
761,720,0.01,0.4466629670678117,0.5630873985707532,462,4.420227549720342e-05,0.01744651235640049,547857,10.4913600842158,0.1763888888888889,0.2263888888888889,0.1875,0.20694444444444443,0.20277777777777778
762,720,0.01,0.28997017962500604,0.3363876358508333,459,3.811545102886763e-05,0.01780509576201439,548577,10.505212418238322,0.14722222222222223,0.2513888888888889,0.3111111111111111,0.12083333333333333,0.16944444444444445
763,720,0.01,0.2627589276899289,0.30051316344587753,413,4.124678688665679e-05,0.01783425733447075,549297,10.517938566207885,0.17916666666666667,0.24444444444444444,0.24444444444444444,0.1375,0.19444444444444445
764,720,0.01,0.435917551044925,0.5463812919715436,474,3.933423346830346e-05,0.017794568091630936,550017,10.5305126508077,0.16805555555555557,0.28888888888888886,0.23194444444444445,0.1388888888888889,0.17222222222222222
765,720,0.01,0.7963092476408077,1.2173421472025932,441,4.021076149582667e-05,0.017827671021223068,550737,10.543160351117452,0.1625,0.20555555555555555,0.28055555555555556,0.14583333333333334,0.20555555555555555
766,720,0.01,0.24841837821562757,0.2819961792830785,397,4.604012263548106e-05,0.017252257093787193,551457,10.555705483754476,0.12222222222222222,0.275,0.18888888888888888,0.25416666666666665,0.1597222222222222
767,720,0.01,1.754051924913821,4.777967197634698,474,4.180132447686447e-05,0.017968401312828064,552177,10.569185070196788,0.24583333333333332,0.225,0.16666666666666666,0.14027777777777778,0.2222222222222222
768,720,0.01,0.008311563871062064,0.008346200813938776,436,4.612547515863399e-05,0.018049154430627823,552897,10.582315719127655,0.1763888888888889,0.25833333333333336,0.22916666666666666,0.14722222222222223,0.18888888888888888
769,720,0.01,1.2279648453643566,2.4142738854525874,464,4.13583417854271e-05,0.01770242303609848,553617,10.59689296881358,0.2152777777777778,0.21666666666666667,0.21944444444444444,0.10833333333333334,0.24027777777777778
770,720,0.01,0.40246344099324716,0.49550425007553756,420,4.320868408108759e-05,0.01748053915798664,554337,10.60991348028183,0.1388888888888889,0.29583333333333334,0.20555555555555555,0.175,0.18472222222222223
771,720,0.01,0.8240370367296037,1.279684455617378,441,4.1711087164407624e-05,0.01786910928785801,555057,10.633405868212382,0.17083333333333334,0.24861111111111112,0.1986111111111111,0.1527777777777778,0.22916666666666666
772,720,0.01,0.37734364999214,0.45840540427138365,445,4.131176413390373e-05,0.0189044326543808,555777,10.645724085966746,0.14722222222222223,0.18472222222222223,0.2777777777777778,0.17916666666666667,0.2111111111111111
773,720,0.01,0.3523659329384544,0.4224289420961793,401,4.226631337663397e-05,0.01877621002495289,556497,10.658900582790375,0.11388888888888889,0.2263888888888889,0.2847222222222222,0.1597222222222222,0.2152777777777778
774,720,0.01,0.2737931351668378,0.31494275868718047,412,4.397905008772796e-05,0.018070172518491745,557217,10.672302917639415,0.125,0.2708333333333333,0.26805555555555555,0.12916666666666668,0.20694444444444443
775,720,0.01,1.4128556719962384,3.107668826101948,467,4.343268710348032e-05,0.018773362040519714,557937,10.685497399171194,0.18888888888888888,0.2513888888888889,0.1736111111111111,0.17083333333333334,0.2152777777777778
776,720,0.01,0.8968843627559752,1.4519518056339278,497,4.270491549378777e-05,0.01837930455803871,558657,10.699343550205231,0.22777777777777777,0.21666666666666667,0.19027777777777777,0.14027777777777778,0.225
777,720,0.01,0.10614659639827727,0.11198487753654351,445,4.778905083639984e-05,0.01844111457467079,559377,10.712302768230439,0.14444444444444443,0.2111111111111111,0.2263888888888889,0.1986111111111111,0.21944444444444444
778,720,0.01,1.1454474754975144,2.143847837007961,483,4.6977711058894376e-05,0.01829911395907402,560097,10.725826450188954,0.20416666666666666,0.23055555555555557,0.21666666666666667,0.13055555555555556,0.21805555555555556
779,720,0.01,0.4882554491209055,0.6294710437578122,449,4.302749396048158e-05,0.01800445467233658,560817,10.738971281051636,0.15416666666666667,0.2972222222222222,0.2222222222222222,0.16805555555555557,0.15833333333333333
780,720,0.01,0.9616830789500977,1.6160958660055669,497,4.0161953551079125e-05,0.018228750675916672,561537,10.75254426797231,0.2,0.2222222222222222,0.16666666666666666,0.175,0.2361111111111111
781,720,0.01,0.3395691325601761,0.4043423747854116,449,4.59616963768086e-05,0.01728091388940811,562257,10.775438535213471,0.1736111111111111,0.2513888888888889,0.2013888888888889,0.16666666666666666,0.20694444444444443
782,720,0.01,0.24187350425929735,0.2736330734669419,394,4.504938046541914e-05,0.017679572105407715,562977,10.789472099145254,0.10138888888888889,0.2152777777777778,0.2791666666666667,0.2013888888888889,0.20277777777777778
783,720,0.01,0.7069158916864442,1.0277278727411523,471,4.809954473077798e-05,0.018469437956809998,563697,10.802051250139872,0.2,0.19444444444444445,0.18888888888888888,0.20416666666666666,0.2125
784,720,0.01,1.6607401206432786,4.263204809796601,480,4.600044897971303e-05,0.018264999613165855,564417,10.813965117931366,0.21666666666666667,0.19166666666666668,0.18055555555555555,0.1527777777777778,0.25833333333333336
785,720,0.01,1.7429024297647364,4.71390358252694,461,4.5354598666512576e-05,0.018153320997953415,565137,10.825580700238545,0.22361111111111112,0.24166666666666667,0.175,0.12916666666666668,0.23055555555555557
786,720,0.01,0.9698083586053249,1.6374389684369275,498,4.753206209342251e-05,0.01826494187116623,565857,10.838141214847564,0.21666666666666667,0.2125,0.225,0.11527777777777778,0.23055555555555557
787,720,0.01,0.11339475088346707,0.12007399588990353,458,4.762374634184299e-05,0.01855720952153206,566577,10.850798614819844,0.17083333333333334,0.24027777777777778,0.2125,0.21805555555555556,0.15833333333333333
788,720,0.01,0.15159724220020035,0.16369145622544967,465,5.1673194674448394e-05,0.018577411770820618,567297,10.864304002126058,0.17083333333333334,0.2222222222222222,0.225,0.17222222222222222,0.20972222222222223
789,720,0.01,1.0368121759568885,1.8202123286324885,457,5.1813382352368835e-05,0.018296414986252785,568017,10.877624066670736,0.21944444444444444,0.22916666666666666,0.2152777777777778,0.1527777777777778,0.18333333333333332
790,720,0.01,0.24691702727069262,0.28007289722983875,407,4.436967797118996e-05,0.018643919378519058,568737,10.889956498146057,0.15555555555555556,0.24027777777777778,0.23194444444444445,0.2152777777777778,0.15694444444444444
791,720,0.01,0.18670702641066814,0.20527411983339383,441,4.388648958916343e-05,0.018417108803987503,569457,10.912687083085379,0.175,0.2125,0.25972222222222224,0.17916666666666667,0.1736111111111111
792,720,0.01,2.1243939613761866,7.367824726156307,471,4.702206647001124e-05,0.018351495265960693,570177,10.925815916061401,0.25972222222222224,0.16805555555555557,0.15,0.19166666666666668,0.23055555555555557
793,720,0.01,0.278376939189116,0.32098403402671916,434,4.849779743381078e-05,0.01889471337199211,570897,10.937638219197591,0.12083333333333333,0.2625,0.10555555555555556,0.3111111111111111,0.2
794,720,0.01,1.3950803263336218,3.0352987003637066,475,4.772774891913893e-05,0.01898811012506485,571617,10.949945497512818,0.2111111111111111,0.22916666666666666,0.1625,0.1736111111111111,0.22361111111111112
795,720,0.01,0.3944012201122709,0.4834956375722126,432,4.649260420642854e-05,0.01947571337223053,572337,10.961854366461436,0.12222222222222222,0.27361111111111114,0.1638888888888889,0.25277777777777777,0.1875
796,720,0.01,0.9874832857363997,1.6844699199592288,484,4.486522826078322e-05,0.019249994307756424,573057,10.976156266530355,0.2152777777777778,0.2013888888888889,0.22361111111111112,0.15833333333333333,0.2013888888888889
797,720,0.01,0.48419003833360424,0.6228600219639235,478,4.8307663603787254e-05,0.019308412447571754,573777,10.988827518622081,0.16805555555555557,0.24166666666666667,0.1638888888888889,0.2263888888888889,0.2
798,720,0.01,0.28248899308471165,0.32642717514484554,438,4.884229970861674e-05,0.01952529326081276,574497,11.00178405046463,0.15833333333333333,0.2569444444444444,0.27361111111111114,0.125,0.18611111111111112
799,720,0.01,0.8522566215551047,1.344932511066526,460,4.4309765861625134e-05,0.01935347355902195,575217,11.01587246656418,0.1875,0.2916666666666667,0.17083333333333334,0.14027777777777778,0.20972222222222223
800,720,0.01,0.30684515602908335,0.3591304986140389,487,4.5416577036879366e-05,0.01832432672381401,575937,11.028415517012279,0.15833333333333333,0.23472222222222222,0.17777777777777778,0.2263888888888889,0.20277777777777778
801,720,0.01,0.3595228255692177,0.432645629568156,471,4.498962709299626e-05,0.018404699862003326,576657,11.051440600554148,0.1763888888888889,0.2986111111111111,0.18472222222222223,0.17777777777777778,0.1625
802,720,0.01,1.9498463411456612,6.0276076434812245,445,4.6377105501152173e-05,0.018236208707094193,577377,11.063787432511647,0.25833333333333336,0.19722222222222222,0.16666666666666666,0.13472222222222222,0.24305555555555555
803,720,0.01,0.993529286651003,1.7007493908082258,487,4.793155473710916e-05,0.018440373241901398,578097,11.076727513472239,0.19027777777777777,0.28888888888888886,0.18055555555555555,0.14166666666666666,0.1986111111111111
804,720,0.01,1.3582419878819387,2.88934976403007,477,4.834696120118072e-05,0.0184665285050869,578817,11.090145270029703,0.18888888888888888,0.24444444444444444,0.1638888888888889,0.17083333333333334,0.23194444444444445
805,720,0.01,2.304575695671762,9.019925852425086,497,4.583188809116716e-05,0.018254632130265236,579537,11.102741118272146,0.2611111111111111,0.2222222222222222,0.14166666666666666,0.1375,0.2375
806,720,0.01,0.48473068738020064,0.6237376569124276,483,5.1438587163627545e-05,0.01899949088692665,580257,11.115093799432119,0.14166666666666666,0.28055555555555556,0.17222222222222222,0.22777777777777777,0.17777777777777778
807,720,0.01,0.17586879831638147,0.19228161903255936,465,4.7986417812100826e-05,0.01878737285733223,580977,11.127254132429758,0.20416666666666666,0.2708333333333333,0.2013888888888889,0.16666666666666666,0.15694444444444444
808,720,0.01,1.5225116287706346,3.583723361005722,478,4.707711426337685e-05,0.019651617854833603,581697,11.144382099310556,0.20833333333333334,0.2722222222222222,0.1527777777777778,0.15416666666666667,0.2125
809,720,0.01,1.062349303930224,1.8931599234895802,482,4.672475959953064e-05,0.019243944436311722,582417,11.156950100262959,0.19722222222222222,0.25277777777777777,0.14305555555555555,0.17777777777777778,0.22916666666666666
810,720,0.01,0.20388184966189551,0.22615327447368072,447,4.895788548285256e-05,0.019051838666200638,583137,11.169661215941112,0.21388888888888888,0.24027777777777778,0.16666666666666666,0.16111111111111112,0.21805555555555556
811,720,0.01,1.1144202641507142,2.0478007475556144,472,4.83040223444833e-05,0.01849137619137764,583857,11.191281418005625,0.2,0.25416666666666665,0.15,0.16666666666666666,0.22916666666666666
812,720,0.01,0.31507970843512345,0.37036853653542834,405,4.87298872207652e-05,0.018880659714341164,584577,11.203095217545828,0.17916666666666667,0.29444444444444445,0.16111111111111112,0.15416666666666667,0.2111111111111111
813,720,0.01,0.17757019031842855,0.1943118840919793,443,4.954266036065747e-05,0.01913287863135338,585297,11.215827298164367,0.18611111111111112,0.3375,0.10694444444444444,0.17083333333333334,0.1986111111111111
814,720,0.01,0.44828489271515937,0.5656246671858416,469,4.83085277159666e-05,0.01953265443444252,586017,11.229037781556448,0.1986111111111111,0.28055555555555556,0.1763888888888889,0.15138888888888888,0.19305555555555556
815,720,0.01,1.4926690512455383,3.448954172962866,489,4.8734549871672546e-05,0.01982969604432583,586737,11.24312291542689,0.18611111111111112,0.23333333333333334,0.16527777777777777,0.1763888888888889,0.2388888888888889
816,720,0.01,1.0165820819870226,1.7637323916451928,478,5.114325166459821e-05,0.019526731222867966,587457,11.256393114725748,0.20694444444444443,0.325,0.1361111111111111,0.1388888888888889,0.19305555555555556
817,720,0.01,0.23818183908343174,0.26893991471816503,430,4.9423005620812746e-05,0.018885720521211624,588177,11.269726447264354,0.17777777777777778,0.3055555555555556,0.21666666666666667,0.11527777777777778,0.18472222222222223
818,720,0.01,-0.037689377127159945,-0.036987972000136815,380,4.665621650777514e-05,0.01859106682240963,588897,11.281762818495432,0.11388888888888889,0.2513888888888889,0.1875,0.2875,0.1597222222222222
819,720,0.01,0.5647108694523072,0.7589391461554846,456,4.3947843030562376e-05,0.018996987491846085,589617,11.294700102011364,0.1486111111111111,0.3111111111111111,0.16111111111111112,0.14305555555555555,0.2361111111111111
820,720,0.01,-0.012110038199120442,-0.012037006788185867,418,4.687468001520756e-05,0.019035201519727707,590337,11.306856298446656,0.14583333333333334,0.2847222222222222,0.14444444444444443,0.2569444444444444,0.16805555555555557
821,720,0.01,0.31412336831954796,0.36905862459132344,459,4.542499487014437e-05,0.01865633949637413,591057,11.331493135293325,0.15555555555555556,0.3194444444444444,0.17222222222222222,0.18194444444444444,0.17083333333333334
822,720,0.01,0.22833876977955664,0.25651092126658015,443,4.659878179988179e-05,0.018620042130351067,591777,11.345379384358724,0.14027777777777778,0.28888888888888886,0.2013888888888889,0.2125,0.15694444444444444
823,720,0.01,0.5539291942967006,0.7400767027528141,441,4.6314724837278236e-05,0.01871960051357746,592497,11.359349548816681,0.19166666666666668,0.2916666666666667,0.16111111111111112,0.19722222222222222,0.15833333333333333
824,720,0.01,0.20851322021915092,0.23184521521699897,453,4.6818077900449374e-05,0.018730556592345238,593217,11.372295749187469,0.18194444444444444,0.22361111111111112,0.1597222222222222,0.25,0.18472222222222223
825,720,0.01,0.14338659040834892,0.15417590876596954,423,4.4356303687386064e-05,0.018654409795999527,593937,11.384953236579895,0.16111111111111112,0.2611111111111111,0.17777777777777778,0.22777777777777777,0.17222222222222222
826,720,0.01,-0.012438532700481657,-0.012361493899972209,429,4.617056951019549e-05,0.019494961947202682,594657,11.397629249095917,0.14583333333333334,0.34444444444444444,0.1527777777777778,0.20972222222222223,0.14722222222222223
827,720,0.01,0.8729618098793028,1.393990909385253,496,4.36500071714363e-05,0.018678147345781326,595377,11.411244801680247,0.2125,0.2777777777777778,0.20416666666666666,0.14722222222222223,0.15833333333333333
828,720,0.01,0.6882458949281534,0.9902214121380948,467,4.3743776667623834e-05,0.018493294715881348,596097,11.425287516911824,0.17916666666666667,0.31666666666666665,0.17777777777777778,0.1527777777777778,0.1736111111111111
829,720,0.01,0.9423035711849087,1.5658853151710344,481,4.246678638284922e-05,0.018316054716706276,596817,11.43839764992396,0.18055555555555555,0.25555555555555554,0.20277777777777778,0.15555555555555556,0.20555555555555555
830,720,0.01,0.7215662983481281,1.05765358736505,479,4.730305830409836e-05,0.01811116375029087,597537,11.4526295820872,0.17777777777777778,0.2916666666666667,0.14027777777777778,0.20972222222222223,0.18055555555555555
831,720,0.01,-0.0531498709319724,-0.05176211146364451,415,4.2503657507748154e-05,0.018471941351890564,598257,11.477860935529073,0.1625,0.34305555555555556,0.11666666666666667,0.225,0.1527777777777778
832,720,0.01,0.3269369930113038,0.38671410174796783,428,4.992560176712383e-05,0.01958269253373146,598977,11.48962570031484,0.16805555555555557,0.3013888888888889,0.14583333333333334,0.20416666666666666,0.18055555555555555
833,720,0.01,0.7688569500453164,1.1572989434645171,443,4.787360218819635e-05,0.01869402639567852,599697,11.501940433184306,0.18611111111111112,0.28194444444444444,0.21944444444444444,0.1625,0.15
834,720,0.01,0.4919500212995917,0.6355023768792578,426,4.620764181658564e-05,0.018270229920744896,600417,11.514703865845998,0.15,0.2625,0.1736111111111111,0.24444444444444444,0.16944444444444445
835,720,0.01,0.04051326849716015,0.04134512669570767,440,4.704993979329528e-05,0.018226083368062973,601137,11.52803976535797,0.16666666666666666,0.2638888888888889,0.14027777777777778,0.2708333333333333,0.15833333333333333
836,720,0.01,1.11572134567439,2.0517687655938137,439,4.627485848610983e-05,0.019009515643119812,601857,11.540316251913707,0.18333333333333332,0.2625,0.18472222222222223,0.13333333333333333,0.2361111111111111
837,720,0.01,2.3725461415343965,9.724664063086731,485,4.767341566396984e-05,0.01952270045876503,602577,11.553007364273071,0.25277777777777777,0.16666666666666666,0.15694444444444444,0.1361111111111111,0.2875
838,720,0.01,0.3794947159787108,0.4615459070345287,433,4.846158155184336e-05,0.019555620849132538,603297,11.566652949651083,0.16111111111111112,0.28194444444444444,0.23055555555555557,0.15,0.1763888888888889
839,720,0.01,0.4526591424393626,0.5724881006967804,469,4.516452210560197e-05,0.01919476129114628,604017,11.580324717362721,0.16111111111111112,0.2986111111111111,0.1375,0.24722222222222223,0.15555555555555556
840,720,0.01,1.125652449452085,2.082227190465216,471,4.5897341033196425e-05,0.019113631919026375,604737,11.594098766644796,0.1986111111111111,0.2875,0.1597222222222222,0.175,0.17916666666666667
841,720,0.01,0.47493175566050555,0.607904463363389,463,4.5252919200164694e-05,0.018649498000741005,605457,11.618279532591503,0.15416666666666667,0.2652777777777778,0.1375,0.26805555555555555,0.175
842,720,0.01,0.5622458878479406,0.7546087329041931,489,4.367349532433056e-05,0.018323572352528572,606177,11.631274882952372,0.15416666666666667,0.2833333333333333,0.2111111111111111,0.18611111111111112,0.16527777777777777
843,720,0.01,1.2280664386741929,2.4146207704576037,524,4.324169310747392e-05,0.01841837354004383,606897,11.645068367322287,0.24861111111111112,0.2222222222222222,0.19444444444444445,0.11805555555555555,0.21666666666666667
844,720,0.01,2.5753827871409714,12.136344620004767,481,4.57817767002982e-05,0.018198221921920776,607617,11.657623680432637,0.23194444444444445,0.19722222222222222,0.18194444444444444,0.12638888888888888,0.2625
845,720,0.01,0.3875729722430192,0.47340046703316596,434,4.847053106686872e-05,0.01823108270764351,608337,11.671681253115336,0.14305555555555555,0.21944444444444444,0.20972222222222223,0.21944444444444444,0.20833333333333334
846,720,0.01,0.11443832529134244,0.12124348656607431,430,4.3801495574926876e-05,0.01792917773127556,609057,11.685495817661286,0.1638888888888889,0.29305555555555557,0.14444444444444443,0.19722222222222222,0.2013888888888889
847,720,0.01,0.3693125043674819,0.4467396454963659,434,4.368264175127479e-05,0.01783823035657406,609777,11.699870614210765,0.125,0.3138888888888889,0.19027777777777777,0.2013888888888889,0.16944444444444445
848,720,0.01,0.3757903900072065,0.45614187989111765,452,4.358538423174549e-05,0.01778273470699787,610497,11.715592702229818,0.17777777777777778,0.24444444444444444,0.24444444444444444,0.1763888888888889,0.15694444444444444
849,720,0.01,0.40396194048986056,0.4977469423584242,473,4.2356587233724794e-05,0.017807234078645706,611217,11.72756105264028,0.1625,0.24583333333333332,0.2763888888888889,0.14444444444444443,0.17083333333333334
850,720,0.01,0.15116918953200606,0.16319344158851434,457,4.4476094750381083e-05,0.017490170896053314,611937,11.740896817048391,0.1638888888888889,0.28888888888888886,0.2,0.16666666666666666,0.18055555555555555
851,720,0.01,0.8581580825779426,1.358811953092966,448,4.50833666870191e-05,0.017671436071395874,612657,11.7642382979393,0.17083333333333334,0.2652777777777778,0.22361111111111112,0.14583333333333334,0.19444444444444445
852,720,0.01,0.8428718215429813,1.3230287304718509,469,4.577015135206845e-05,0.017939891666173935,613377,11.778850650787353,0.19305555555555556,0.27361111111111114,0.17083333333333334,0.125,0.2375
853,720,0.01,0.28193071510780854,0.3256868667331654,458,4.433817609752724e-05,0.017300965264439583,614097,11.792705086867015,0.19166666666666668,0.2791666666666667,0.24166666666666667,0.14166666666666666,0.14583333333333334
854,720,0.01,1.0145698106409884,1.758176603896353,466,4.86448228735349e-05,0.01752295345067978,614817,11.80364143451055,0.18611111111111112,0.2777777777777778,0.24722222222222223,0.10277777777777777,0.18611111111111112
855,720,0.01,0.7612866323190377,1.1410291664239658,472,4.430588661155828e-05,0.01717006042599678,615537,11.814988601207734,0.18472222222222223,0.34444444444444444,0.16111111111111112,0.14166666666666666,0.16805555555555557
856,720,0.01,0.6891149026015974,0.991951681516895,481,4.7609799273434165e-05,0.01734285056591034,616257,11.828154881795248,0.15416666666666667,0.24722222222222223,0.24583333333333332,0.1388888888888889,0.21388888888888888
857,720,0.01,0.42274557737679425,0.5261459605092202,433,4.465899168432467e-05,0.017196904867887497,616977,11.84149751663208,0.1638888888888889,0.28055555555555556,0.25416666666666665,0.14166666666666666,0.1597222222222222
858,720,0.01,1.0233388985618015,1.7824696553174295,470,4.373368512283883e-05,0.01676163822412491,617697,11.855687681833903,0.16527777777777777,0.25555555555555554,0.1625,0.18055555555555555,0.2361111111111111
859,720,0.01,0.6113309366383433,0.8428825271470792,453,4.042497192434287e-05,0.01670851930975914,618417,11.869631266593933,0.1763888888888889,0.3638888888888889,0.19583333333333333,0.1,0.1638888888888889
860,720,0.01,0.6261798271338579,0.8704514655088187,482,4.4764921844691545e-05,0.01776551455259323,619137,11.882789933681488,0.17777777777777778,0.30972222222222223,0.1875,0.15555555555555556,0.16944444444444445
861,720,0.01,0.4157657222326733,0.5155307721109526,431,4.484954092731641e-05,0.01792575605213642,619857,11.905995082855224,0.18194444444444444,0.2986111111111111,0.18194444444444444,0.14027777777777778,0.19722222222222222
862,720,0.01,0.3868397333664181,0.4723205085121083,445,4.522947249243872e-05,0.0176004096865654,620577,11.91880661646525,0.1527777777777778,0.27361111111111114,0.23055555555555557,0.10833333333333334,0.23472222222222222
863,720,0.01,0.14151720544323212,0.15202032511060115,413,3.959258877001856e-05,0.01772855594754219,621297,11.931355667114257,0.125,0.31527777777777777,0.2611111111111111,0.10694444444444444,0.19166666666666668
864,720,0.01,1.2896708701388022,2.6315910939598224,462,4.649876768780814e-05,0.017978955060243607,622017,11.944127249717713,0.18472222222222223,0.2652777777777778,0.19166666666666668,0.10833333333333334,0.25
865,720,0.01,0.2984917563739197,0.34782442619039977,457,3.9845235188648886e-05,0.01739952154457569,622737,11.957116750876109,0.18888888888888888,0.28888888888888886,0.16527777777777777,0.14444444444444443,0.2125
866,720,0.01,0.6080935119206857,0.8369259808395837,459,4.2796917932719224e-05,0.01735375076532364,623457,11.970891582965852,0.16944444444444445,0.30694444444444446,0.16944444444444445,0.15138888888888888,0.20277777777777778
867,720,0.01,0.134891166882684,0.14441222762326333,384,4.347812846642935e-05,0.017574351280927658,624177,11.986054901281992,0.1361111111111111,0.3055555555555556,0.23055555555555557,0.14722222222222223,0.18055555555555555
868,720,0.01,1.0579609719159941,1.880491593923129,456,4.269583927478177e-05,0.01717722788453102,624897,12.000967065493265,0.19305555555555556,0.34444444444444444,0.15138888888888888,0.14583333333333334,0.16527777777777777
869,720,0.01,2.915036113777887,17.449478671091075,474,4.1792462481124756e-05,0.01701425388455391,625617,12.014127099514008,0.26805555555555555,0.17916666666666667,0.1597222222222222,0.10694444444444444,0.2861111111111111
870,720,0.01,1.388003791548633,3.0068435693513074,479,4.8029914440424665e-05,0.017098678275942802,626337,12.027215699354807,0.2125,0.22916666666666666,0.2013888888888889,0.14166666666666666,0.2152777777777778
871,720,0.01,0.3613647648955172,0.4352869076841632,407,4.3348195988023186e-05,0.016663432121276855,627057,12.051961783568064,0.1638888888888889,0.3611111111111111,0.1597222222222222,0.15416666666666667,0.16111111111111112
872,720,0.01,0.17589462381227514,0.19231241069421934,378,4.549009797251023e-05,0.01710556447505951,627777,12.064901916186015,0.1597222222222222,0.2847222222222222,0.21666666666666667,0.13194444444444445,0.20694444444444443
873,720,0.01,0.2104385420150016,0.23421919826628868,414,4.2376192878792706e-05,0.016615062952041626,628497,12.079382332166036,0.1125,0.33194444444444443,0.1763888888888889,0.1986111111111111,0.18055555555555555
874,720,0.01,1.3031765622932383,2.6809709492811153,454,4.31671018102659e-05,0.016359694302082062,629217,12.091482198238372,0.2111111111111111,0.3138888888888889,0.18472222222222223,0.12638888888888888,0.1638888888888889
875,720,0.01,1.1318810306474145,2.101485004954846,465,4.119549066293378e-05,0.01627429947257042,629937,12.104602881272633,0.18194444444444444,0.33055555555555555,0.1388888888888889,0.15833333333333333,0.19027777777777777
876,720,0.01,0.23785946047066528,0.2685309015608661,476,4.0099018849559795e-05,0.016641125082969666,630657,12.11928436756134,0.1625,0.28194444444444444,0.21805555555555556,0.1736111111111111,0.1638888888888889
877,720,0.01,1.1172930785974495,2.0565691024718133,457,4.5003714093480896e-05,0.01755329594016075,631377,12.133316131432851,0.18055555555555555,0.26944444444444443,0.22916666666666666,0.12222222222222222,0.1986111111111111
878,720,0.01,0.26036192246923595,0.2973995597564707,425,4.424125532093765e-05,0.01759701780974865,632097,12.146899151802064,0.15138888888888888,0.2638888888888889,0.23194444444444445,0.15138888888888888,0.2013888888888889
879,720,0.01,0.4417892473776952,0.5554878827366365,504,4.62950339106606e-05,0.017268965020775795,632817,12.160286251703898,0.18888888888888888,0.30694444444444446,0.18194444444444444,0.175,0.14722222222222223
880,720,0.01,0.3690407716520591,0.4463465724118121,422,4.417967306582998e-05,0.01742696575820446,633537,12.174563483397167,0.1763888888888889,0.28194444444444444,0.18888888888888888,0.14722222222222223,0.20555555555555555
881,720,0.01,0.07568462226774314,0.0786223470403038,390,4.157864010999725e-05,0.01729603298008442,634257,12.200483465194703,0.09027777777777778,0.27361111111111114,0.26944444444444443,0.2111111111111111,0.15555555555555556
882,720,0.01,0.6902139994098632,0.994142232845737,470,3.993689184148429e-05,0.016922231763601303,634977,12.21300315062205,0.18194444444444444,0.3236111111111111,0.18055555555555555,0.1527777777777778,0.16111111111111112
883,720,0.01,0.6483871079844635,0.9124537587300803,469,4.029324382802062e-05,0.01656765677034855,635697,12.225842801729838,0.15555555555555556,0.2708333333333333,0.2013888888888889,0.2,0.17222222222222222
884,720,0.01,-0.03558033317193592,-0.03495479402646051,455,4.095484544248191e-05,0.017916053533554077,636417,12.23864433368047,0.1361111111111111,0.3013888888888889,0.15138888888888888,0.225,0.18611111111111112
885,720,0.01,1.0419104534714583,1.8346272681917144,465,4.1131942215441895e-05,0.017369966953992844,637137,12.251350418726604,0.18611111111111112,0.3236111111111111,0.19444444444444445,0.0875,0.20833333333333334
886,720,0.01,0.673586431481139,0.9612586421024896,510,4.294636394964376e-05,0.017146706581115723,637857,12.263858151435851,0.18055555555555555,0.3125,0.16805555555555557,0.19305555555555556,0.14583333333333334
887,720,0.01,0.5534542953204734,0.7392505382959758,491,3.848448077784875e-05,0.016882192343473434,638577,12.276874200503032,0.1763888888888889,0.29583333333333334,0.21805555555555556,0.1361111111111111,0.1736111111111111
888,720,0.01,1.1835976792356273,2.2661034838283243,460,4.023934836444217e-05,0.01720263808965683,639297,12.289648902416229,0.18194444444444444,0.3,0.17083333333333334,0.11944444444444445,0.22777777777777777
889,720,0.01,1.1216170148943336,2.0698141272433968,483,4.08296359751148e-05,0.016973473131656647,640017,12.304246131579081,0.18888888888888888,0.29583333333333334,0.1597222222222222,0.11666666666666667,0.2388888888888889
890,720,0.01,0.6030945383599942,0.8277661503787059,469,4.5970417785510006e-05,0.017081787809729576,640737,12.317329967021942,0.1625,0.35,0.19583333333333333,0.12222222222222222,0.16944444444444445
891,720,0.01,0.9941649771862449,1.7024667774393958,439,4.378176667564225e-05,0.0169896949082613,641457,12.340774448712667,0.16805555555555557,0.30972222222222223,0.2569444444444444,0.11527777777777778,0.15
892,720,0.01,0.7685033835436298,1.1565363296492719,471,4.4516156217216326e-05,0.017786450684070587,642177,12.354079635938009,0.19583333333333333,0.3416666666666667,0.19305555555555556,0.10972222222222222,0.1597222222222222
893,720,0.01,0.0778367356168986,0.08094616425417822,395,4.702428160120083e-05,0.018025517463684082,642897,12.366803185145061,0.12777777777777777,0.33055555555555555,0.3138888888888889,0.10694444444444444,0.12083333333333333
894,720,0.01,0.16662898155742253,0.18131589400828685,412,4.030591945567923e-05,0.017990291118621826,643617,12.380893870194752,0.12083333333333333,0.2777777777777778,0.2875,0.1875,0.12638888888888888
895,720,0.01,0.8298845433420634,1.2930539766315077,474,4.467206732291137e-05,0.018824871629476547,644337,12.393266435464223,0.16944444444444445,0.2513888888888889,0.23194444444444445,0.14722222222222223,0.2
896,720,0.01,1.3045425547629819,2.6860025636704767,461,4.7265981595501214e-05,0.018678179010748863,645057,12.40575353304545,0.18888888888888888,0.3194444444444444,0.17222222222222222,0.12361111111111112,0.19583333333333333
897,720,0.01,0.5419172769663736,0.7193000786110555,471,4.628036101747865e-05,0.01921287178993225,645777,12.419443229834238,0.16805555555555557,0.31805555555555554,0.2013888888888889,0.14444444444444443,0.16805555555555557
898,720,0.01,1.0071545942709395,1.7377997702757702,482,4.526223514555265e-05,0.019208461046218872,646497,12.432716198762257,0.1986111111111111,0.25277777777777777,0.1638888888888889,0.1736111111111111,0.2111111111111111
899,720,0.01,0.12007287894579946,0.12757902535564192,426,4.999882045619112e-05,0.019985906779766083,647217,12.445419001579285,0.1486111111111111,0.24166666666666667,0.25833333333333336,0.16944444444444445,0.18194444444444444
900,720,0.01,0.888811103914808,1.432236255494808,513,4.727345981463158e-05,0.019650930538773537,647937,12.459902199109395,0.2,0.2388888888888889,0.20972222222222223,0.17083333333333334,0.18055555555555555
901,720,0.01,1.4938716707947228,3.454307790762159,502,4.572082362604609e-05,0.018998097628355026,648657,12.485014200210571,0.19444444444444445,0.2861111111111111,0.19305555555555556,0.12222222222222222,0.20416666666666666
902,720,0.01,0.7306301792313781,1.0763886924971717,446,4.170289665429057e-05,0.0190415121614933,649377,12.498383915424347,0.16527777777777777,0.2847222222222222,0.2861111111111111,0.09722222222222222,0.16666666666666666
903,720,0.01,0.9931548667613102,1.6997383658049738,449,4.2042900945994514e-05,0.018186427652835846,650097,12.510480535030364,0.19583333333333333,0.29305555555555557,0.17083333333333334,0.1527777777777778,0.1875
904,720,0.01,0.9774558732539149,1.657686143186858,456,4.321388840430195e-05,0.018635191023349762,650817,12.523650101820628,0.18333333333333332,0.3194444444444444,0.16111111111111112,0.1527777777777778,0.18333333333333332
905,720,0.01,1.5345215189508035,3.639105274862068,444,4.599467227106086e-05,0.01860523782670498,651537,12.537508900960287,0.24027777777777778,0.2708333333333333,0.14305555555555555,0.14444444444444443,0.2013888888888889
906,720,0.01,0.45898558307011256,0.5824678882894809,472,4.3525850238286996e-05,0.01820455491542816,652257,12.550048466523489,0.15555555555555556,0.3375,0.1875,0.14166666666666666,0.17777777777777778
907,720,0.01,1.1984212838206203,2.314879535694793,465,4.390373368702664e-05,0.018333757296204567,652977,12.5624680519104,0.23055555555555557,0.2986111111111111,0.1527777777777778,0.12638888888888888,0.19166666666666668
908,720,0.01,0.47877861285651835,0.6141017546235688,481,4.69999673593217e-05,0.018848296254873276,653697,12.574134333928425,0.16805555555555557,0.22916666666666666,0.17777777777777778,0.24444444444444444,0.18055555555555555
909,720,0.01,1.038597425937158,1.825251609486156,488,4.613256402055615e-05,0.017980512231588364,654417,12.586900619665782,0.21805555555555556,0.28055555555555556,0.1875,0.1125,0.2013888888888889
910,720,0.01,0.49344001822745115,0.6379410867802631,465,4.857877980207882e-05,0.018354129046201706,655137,12.598200150330861,0.16944444444444445,0.29444444444444445,0.2263888888888889,0.14027777777777778,0.16944444444444445
911,720,0.01,0.3450932703905319,0.4121216226607942,462,4.412211156300651e-05,0.018153775483369827,655857,12.62273501555125,0.16527777777777777,0.30416666666666664,0.20416666666666666,0.14166666666666666,0.18472222222222223
912,720,0.01,0.16890879173107914,0.18401214230107388,452,4.537230082759278e-05,0.01853332668542862,656577,12.63479323387146,0.14444444444444443,0.29444444444444445,0.225,0.16805555555555557,0.16805555555555557
913,720,0.01,0.11891152403441309,0.1262702660307078,466,4.2187445550704676e-05,0.017841901630163193,657297,12.64883351723353,0.1736111111111111,0.28055555555555556,0.20416666666666666,0.15833333333333333,0.18333333333333332
914,720,0.01,1.7241458651871642,4.6077292268080665,470,4.4736563288299495e-05,0.01799853891134262,658017,12.66220958630244,0.19583333333333333,0.2791666666666667,0.1638888888888889,0.10833333333333334,0.25277777777777777
915,720,0.01,0.25735107641615007,0.29349916410461785,427,4.3940433746077666e-05,0.018238738179206848,658737,12.675277014573416,0.1388888888888889,0.30833333333333335,0.20416666666666666,0.20277777777777778,0.14583333333333334
916,720,0.01,0.7298628229903609,1.0747959738446573,446,4.324719306825702e-05,0.018204784020781517,659457,12.688898150126139,0.1763888888888889,0.30972222222222223,0.225,0.13472222222222222,0.15416666666666667
917,720,0.01,0.4983253131064135,0.6459624894890448,450,4.233156870820191e-05,0.018369153141975403,660177,12.701771366596223,0.1375,0.3541666666666667,0.2125,0.14305555555555555,0.1527777777777778
918,720,0.01,0.6609772585192536,0.9366840508912833,481,4.3973921058043034e-05,0.0182208102196455,660897,12.715646350383759,0.18055555555555555,0.31527777777777777,0.18055555555555555,0.17222222222222222,0.15138888888888888
919,720,0.01,0.530971255358944,0.7005832073201068,448,4.287939956005478e-05,0.017930708825588226,661617,12.729921384652455,0.14027777777777778,0.3486111111111111,0.2,0.1388888888888889,0.17222222222222222
920,720,0.01,0.3118240212738578,0.3659143000195342,437,4.357163699321771e-05,0.01804022677242756,662337,12.743306930859884,0.11944444444444445,0.3111111111111111,0.1986111111111111,0.1736111111111111,0.19722222222222222
921,720,0.01,1.1453003638350177,2.1433853743436977,481,4.3098517485557545e-05,0.01789221167564392,663057,12.766426432132722,0.18333333333333332,0.27361111111111114,0.18472222222222223,0.1875,0.17083333333333334
922,720,0.01,0.7070611927138054,1.0280225250904045,434,4.144999264276016e-05,0.018463637679815292,663777,12.780273218949636,0.16944444444444445,0.28194444444444444,0.24722222222222223,0.13472222222222222,0.16666666666666666
923,720,0.01,0.04529683469408557,0.04633840335627126,387,3.9884157400946504e-05,0.017544984817504883,664497,12.795061600208282,0.11527777777777778,0.3055555555555556,0.2263888888888889,0.22777777777777777,0.125
924,720,0.01,0.26432730522855147,0.3025544594230576,433,3.959214738971342e-05,0.017900792881846428,665217,12.810305182139079,0.15694444444444444,0.2861111111111111,0.23055555555555557,0.15138888888888888,0.175
925,720,0.01,1.394564783230896,3.0332188661194426,481,4.23352115186996e-05,0.017919890582561493,665937,12.822137236595154,0.20416666666666666,0.2611111111111111,0.20694444444444443,0.10694444444444444,0.22083333333333333
926,720,0.01,0.29502423994111093,0.34315891638471374,422,4.413654171331574e-05,0.017650900408625603,666657,12.834217802683513,0.13055555555555556,0.3541666666666667,0.24444444444444444,0.14027777777777778,0.13055555555555556
927,720,0.01,0.5896670450287693,0.8033878684699982,491,4.310593177352631e-05,0.01779625192284584,667377,12.847258337338765,0.2013888888888889,0.26666666666666666,0.24583333333333332,0.1111111111111111,0.175
928,720,0.01,0.5064533604275134,0.6593954684825889,490,4.24179767530101e-05,0.017259426414966583,668097,12.860656563440958,0.15555555555555556,0.26944444444444443,0.22777777777777777,0.1388888888888889,0.20833333333333334
929,720,0.01,0.41949531674971297,0.5211936409070819,451,4.2338217541429105e-05,0.018065879121422768,668817,12.8744105497996,0.16527777777777777,0.24722222222222223,0.16527777777777777,0.22916666666666666,0.19305555555555556
930,720,0.01,0.579128649249747,0.784482842653307,461,4.516846262908479e-05,0.019025277346372604,669537,12.886815452575684,0.14027777777777778,0.25,0.24305555555555555,0.17222222222222222,0.19444444444444445
931,720,0.01,0.23357680497419092,0.2631098372839169,435,4.3472492786299376e-05,0.019127361476421356,670257,12.911387185255686,0.15694444444444444,0.3416666666666667,0.18611111111111112,0.15555555555555556,0.1597222222222222
932,720,0.01,0.1618120267951066,0.17563923187551045,413,4.173311268181755e-05,0.019015219062566757,670977,12.924309666951498,0.14166666666666666,0.3263888888888889,0.22916666666666666,0.19166666666666668,0.1111111111111111
933,720,0.01,0.9822131156060404,1.6703595215306852,486,4.0060510625355366e-05,0.01856413669884205,671697,12.937414534886678,0.20555555555555555,0.2513888888888889,0.2,0.1375,0.20555555555555555
934,720,0.01,0.1778833832069634,0.194685992661783,445,4.119985934115296e-05,0.017597392201423645,672417,12.951927602291107,0.12638888888888888,0.2722222222222222,0.20833333333333334,0.23055555555555557,0.1625
935,720,0.01,0.14258284303558277,0.15324861561622538,458,4.087703952993454e-05,0.017750950530171394,673137,12.966092514991761,0.14722222222222223,0.3,0.21944444444444444,0.16944444444444445,0.1638888888888889
936,720,0.01,0.9012705591491449,1.4627301685281018,523,4.310839376936807e-05,0.01857592537999153,673857,12.978224484125773,0.19722222222222222,0.2847222222222222,0.19444444444444445,0.11388888888888889,0.20972222222222223
937,720,0.01,1.22825798558462,2.4152748931620587,489,4.5689827978397564e-05,0.018262086436152458,674577,12.990238082408904,0.21666666666666667,0.25416666666666665,0.15833333333333333,0.13194444444444445,0.2388888888888889
938,720,0.01,0.8945016909983331,1.4461165638091118,481,4.566955498653947e-05,0.019225528463721275,675297,13.00413203239441,0.19166666666666668,0.28194444444444444,0.2111111111111111,0.10972222222222222,0.20555555555555555
939,720,0.01,1.0509020203707897,1.860229940484591,450,4.2100953663116846e-05,0.0182194747030735,676017,13.017221852143605,0.18055555555555555,0.20833333333333334,0.19583333333333333,0.25,0.16527777777777777
940,720,0.01,0.010966400514646145,0.011026751895483189,429,4.2323814895755476e-05,0.01828704960644245,676737,13.031189719835917,0.12777777777777777,0.33055555555555555,0.18472222222222223,0.23194444444444445,0.125
941,720,0.01,1.0495789892564535,1.8564482694650044,474,4.12149005632677e-05,0.017183227464556694,677457,13.05705353418986,0.21944444444444444,0.2861111111111111,0.1597222222222222,0.125,0.20972222222222223
942,720,0.01,1.4113477116708495,3.1014792924408265,504,4.67897188678358e-05,0.01798378862440586,678177,13.07092833518982,0.22916666666666666,0.1986111111111111,0.1597222222222222,0.19166666666666668,0.22083333333333333
943,720,0.01,0.5604407098567198,0.7514442089601849,465,4.107620448950103e-05,0.017152272164821625,678897,13.085538347562155,0.15694444444444444,0.3680555555555556,0.15833333333333333,0.12777777777777777,0.18888888888888888
944,720,0.01,0.002104025708438352,0.0021062407237395497,391,4.4112847650820995e-05,0.017226815223693848,679617,13.097609531879424,0.08611111111111111,0.26666666666666666,0.24861111111111112,0.20694444444444443,0.19166666666666668
945,720,0.01,0.507321706839955,0.6608370243788382,471,3.983494117013227e-05,0.017197884619235992,680337,13.111909198760987,0.1638888888888889,0.31666666666666665,0.18888888888888888,0.15416666666666667,0.1763888888888889
946,720,0.01,0.22965068105894584,0.25816043388738574,419,4.200290700408813e-05,0.01790568232536316,681057,13.126430718104045,0.1388888888888889,0.2722222222222222,0.25,0.15,0.18888888888888888
947,720,0.01,1.0238377361856335,1.7838580021196915,515,4.088162243078841e-05,0.017277849838137627,681777,13.13972510099411,0.18055555555555555,0.2833333333333333,0.175,0.1597222222222222,0.2013888888888889
948,720,0.01,0.6133422721767569,0.8465929124310891,474,4.155104556578711e-05,0.017259374260902405,682497,13.151921451091766,0.14166666666666666,0.31805555555555554,0.23055555555555557,0.14305555555555555,0.16666666666666666
949,720,0.01,0.28399079975892677,0.3284207089058082,428,3.934403168715208e-05,0.01808532513678074,683217,13.165023549397786,0.15,0.37083333333333335,0.17222222222222222,0.15694444444444444,0.15
950,720,0.01,0.012582524668190032,0.012662017689451188,465,4.1736860666535194e-05,0.018797539174556732,683937,13.17765034834544,0.16805555555555557,0.25,0.16527777777777777,0.225,0.19166666666666668
951,720,0.01,1.2920176140407194,2.6401235160027188,475,4.3255693208266165e-05,0.018035778775811195,684657,13.20223244825999,0.19583333333333333,0.25277777777777777,0.16666666666666666,0.15555555555555556,0.22916666666666666
952,720,0.01,0.49267918255466225,0.6366953567295437,452,4.1969128216755454e-05,0.018013861030340195,685377,13.216931335131328,0.1125,0.2791666666666667,0.22916666666666666,0.225,0.15416666666666667
953,720,0.01,0.8964054780961578,1.4507778846364143,517,4.5369259951005205e-05,0.01805090345442295,686097,13.231296948591869,0.16805555555555557,0.2638888888888889,0.17916666666666667,0.17916666666666667,0.20972222222222223
954,720,0.01,0.6373496322900912,0.8914611626059061,428,4.536390534263369e-05,0.018028995022177696,686817,13.244284864266714,0.1597222222222222,0.28888888888888886,0.1875,0.16805555555555557,0.19583333333333333
955,720,0.01,-0.02266196318231558,-0.022407109685021576,428,4.308966426328374e-05,0.017718512564897537,687537,13.25735498269399,0.10833333333333334,0.2708333333333333,0.23472222222222222,0.22916666666666666,0.15694444444444444
956,720,0.01,0.6132502438313019,0.8464229813599953,494,4.388633137498093e-05,0.01741732843220234,688257,13.270706347624461,0.14027777777777778,0.29305555555555557,0.1875,0.19722222222222222,0.18194444444444444
957,720,0.01,0.4845775492358941,0.6234890197792047,430,4.3922339899735464e-05,0.01791434735059738,688977,13.283717580636342,0.14722222222222223,0.31527777777777777,0.22916666666666666,0.1625,0.14583333333333334
958,720,0.01,0.5414735598619234,0.7185373649855455,432,4.218425982950673e-05,0.017650052905082703,689697,13.297982366879781,0.1527777777777778,0.28194444444444444,0.24305555555555555,0.12777777777777777,0.19444444444444445
959,720,0.01,0.6759574370022593,0.9659143143024467,456,4.288043728971995e-05,0.01665455475449562,690417,13.31031418244044,0.16944444444444445,0.35833333333333334,0.17083333333333334,0.13472222222222222,0.16666666666666666
960,720,0.01,0.3042526924154189,0.35561156557394913,402,4.242513573318421e-05,0.01692800410091877,691137,13.322896214326223,0.1361111111111111,0.3013888888888889,0.22777777777777777,0.15138888888888888,0.18333333333333332
961,720,0.01,1.4992368434287564,3.4782701446275146,509,3.9261227987531634e-05,0.016037216410040855,691857,13.347509451707204,0.2222222222222222,0.2791666666666667,0.2111111111111111,0.11388888888888889,0.1736111111111111
962,720,0.01,0.17770893925978604,0.1944776050980881,417,4.2040266845965054e-05,0.017241746187210083,692577,13.35948756535848,0.13333333333333333,0.3,0.20416666666666666,0.2,0.1625
963,720,0.01,0.7964698455442442,1.2176982762986643,468,4.355809926689997e-05,0.016705378890037537,693297,13.371688334147136,0.1763888888888889,0.27361111111111114,0.18611111111111112,0.20694444444444443,0.15694444444444444
964,720,0.01,0.3299535566374843,0.39090352872686984,459,4.0398141499053965e-05,0.017201993614435196,694017,13.384645930926006,0.15555555555555556,0.35555555555555557,0.15694444444444444,0.225,0.10694444444444444
965,720,0.01,0.2799427654437367,0.3230540857568587,427,3.925909166279477e-05,0.017016306519508362,694737,13.397726368904113,0.12777777777777777,0.3125,0.28888888888888886,0.14166666666666666,0.12916666666666668
966,720,0.01,1.0802714949496757,1.9454791252273163,513,4.204075861859262e-05,0.017025737091898918,695457,13.411196434497834,0.21388888888888888,0.30277777777777776,0.2013888888888889,0.09166666666666666,0.19027777777777777
967,720,0.01,1.4545687052050946,3.282635988616792,473,3.951186325063342e-05,0.0171089805662632,696177,13.423964269955952,0.2111111111111111,0.3236111111111111,0.1763888888888889,0.08333333333333333,0.20555555555555555
968,720,0.01,0.3772522775909674,0.4582721523555755,443,4.4110264613866297e-05,0.01797923445701599,696897,13.439284634590148,0.15555555555555556,0.28888888888888886,0.1875,0.19027777777777777,0.17777777777777778
969,720,0.01,0.5456549251866534,0.7257382417894742,459,4.252929657897968e-05,0.017603158950805664,697617,13.453103983402253,0.16805555555555557,0.30833333333333335,0.1638888888888889,0.14166666666666666,0.21805555555555556
970,720,0.01,1.179814811592126,2.253771586312934,455,4.50533735602221e-05,0.018156299367547035,698337,13.468218016624451,0.16805555555555557,0.3611111111111111,0.16805555555555557,0.14583333333333334,0.15694444444444444
971,720,0.01,0.5362126298475547,0.7095200008401996,441,4.320750191482148e-05,0.01789185404777527,699057,13.4919650832812,0.1625,0.33611111111111114,0.2152777777777778,0.14027777777777778,0.14583333333333334
972,720,0.01,0.7959554152318593,1.2165577184755252,475,4.1621089491804416e-05,0.017379039898514748,699777,13.504928433895111,0.18611111111111112,0.3138888888888889,0.1625,0.1388888888888889,0.1986111111111111
973,720,0.01,0.462099802102475,0.5874037215491124,436,4.0878595824425345e-05,0.016810080036520958,700497,13.517975783348083,0.1597222222222222,0.3819444444444444,0.15416666666666667,0.12083333333333333,0.18333333333333332
974,720,0.01,1.196875883038877,2.3097606746336576,484,4.251520236443361e-05,0.017405126243829727,701217,13.531742902596791,0.16666666666666666,0.3277777777777778,0.16944444444444445,0.14166666666666666,0.19444444444444445
975,720,0.01,0.2600352016944243,0.2969757416059353,438,3.8076891130205894e-05,0.017321724444627762,701937,13.546199599901835,0.12361111111111112,0.3763888888888889,0.19722222222222222,0.15555555555555556,0.14722222222222223
976,720,0.01,1.0143520696996329,1.7575761013055642,458,3.654286102927371e-05,0.017015768215060234,702657,13.558723080158234,0.18055555555555555,0.30972222222222223,0.18472222222222223,0.1736111111111111,0.15138888888888888
977,720,0.01,0.42259489627617797,0.5259160164807373,480,4.001804921042801e-05,0.01775195822119713,703377,13.571242666244506,0.14722222222222223,0.32916666666666666,0.21805555555555556,0.15555555555555556,0.15
978,720,0.01,0.44581234964331967,0.5617583745191652,425,3.8534710324711344e-05,0.016970714554190636,704097,13.5841392993927,0.15,0.41805555555555557,0.125,0.16666666666666666,0.14027777777777778
979,720,0.01,0.24619772262163248,0.2791524659186704,436,3.993182106872458e-05,0.017214715480804443,704817,13.598714049657186,0.12222222222222222,0.3111111111111111,0.2361111111111111,0.22777777777777777,0.10277777777777777
980,720,0.01,0.5832425031829191,0.7918390652522764,474,3.926931946125478e-05,0.017898131161928177,705537,13.612498366832734,0.16944444444444445,0.25,0.22777777777777777,0.18055555555555555,0.17222222222222222
981,720,0.01,1.3373911847643296,2.8090933112362184,483,4.180018745753639e-05,0.017922434955835342,706257,13.638563934961955,0.21388888888888888,0.2625,0.16666666666666666,0.15694444444444444,0.2
982,720,0.01,0.5666103186908475,0.7622833368320492,472,4.8145480238619915e-05,0.017903685569763184,706977,13.650478899478912,0.18611111111111112,0.35138888888888886,0.13055555555555556,0.15555555555555556,0.1763888888888889
983,720,0.01,1.0145876395913707,1.7582257797285443,469,4.463732232125039e-05,0.017754076048731804,707697,13.663326919078827,0.16666666666666666,0.31805555555555554,0.19166666666666668,0.13194444444444445,0.19166666666666668
984,720,0.01,0.2671294060790691,0.30620946683982364,435,4.144177378167216e-05,0.01785813271999359,708417,13.676863066355388,0.15138888888888888,0.35,0.25,0.10416666666666667,0.14444444444444443
985,720,0.01,0.4840558790842641,0.622642314885625,486,4.1714105058569355e-05,0.018517719581723213,709137,13.690012800693513,0.1736111111111111,0.3236111111111111,0.22916666666666666,0.14444444444444443,0.12916666666666668
986,720,0.01,1.7698093696000192,4.869734304924582,502,4.2801902727913125e-05,0.018500350415706635,709857,13.702294182777404,0.225,0.2847222222222222,0.15416666666666667,0.125,0.2111111111111111
987,720,0.01,0.12043984392254671,0.12799288329750347,423,4.40985188611699e-05,0.0177907757461071,710577,13.715604933102926,0.1736111111111111,0.31805555555555554,0.14027777777777778,0.17777777777777778,0.19027777777777777
988,720,0.01,0.33087368475033857,0.3921839271408676,448,4.267081809909238e-05,0.01768486201763153,711297,13.728309118747712,0.18333333333333332,0.3,0.19444444444444445,0.16944444444444445,0.1527777777777778
989,720,0.01,0.28307176551259894,0.32720040561693664,420,4.3557046972687706e-05,0.017479155212640762,712017,13.743823452790577,0.14305555555555555,0.2722222222222222,0.20694444444444443,0.20277777777777778,0.175
990,720,0.01,1.6988815627121345,4.46782854726223,496,4.053446255562044e-05,0.017957942560315132,712737,13.757202116648356,0.19583333333333333,0.27361111111111114,0.19583333333333333,0.12222222222222222,0.2125
991,720,0.01,0.3841124770153385,0.46831058358651045,440,4.2510135765244036e-05,0.017886195331811905,713457,13.780677731831869,0.175,0.30833333333333335,0.14722222222222223,0.20555555555555555,0.1638888888888889
992,720,0.01,0.6949341986109432,1.0035772314386016,476,4.374101292038783e-05,0.018510911613702774,714177,13.794523052374522,0.2013888888888889,0.3236111111111111,0.2,0.09444444444444444,0.18055555555555555
993,720,0.01,0.5167959521458695,0.6766469771865191,436,4.1986160689096626e-05,0.017906244844198227,714897,13.80743335088094,0.15138888888888888,0.33611111111111114,0.23472222222222222,0.14027777777777778,0.1375
994,720,0.01,0.5953311187002318,0.8136313728110929,437,4.041566927020944e-05,0.01693078689277172,715617,13.820402165253958,0.15833333333333333,0.3541666666666667,0.2,0.12916666666666668,0.15833333333333333
995,720,0.01,0.561195711643667,0.7527670517791984,447,3.909242971202629e-05,0.017174141481518745,716337,13.833648717403412,0.15555555555555556,0.37777777777777777,0.14444444444444443,0.1625,0.1597222222222222
996,720,0.01,0.20430734408886086,0.22667510686908932,422,4.141469612982797e-05,0.017278514802455902,717057,13.846755317846934,0.14583333333333334,0.39444444444444443,0.21805555555555556,0.13055555555555556,0.1111111111111111
997,720,0.01,1.2302118747542463,2.4219544852533748,453,4.312251086149546e-05,0.017811443656682968,717777,13.859658348560334,0.1625,0.31666666666666665,0.15555555555555556,0.18194444444444444,0.18333333333333332
998,720,0.01,1.0090528275933521,1.74300168869524,477,4.288162158192992e-05,0.01765063963830471,718497,13.873179848988851,0.17777777777777778,0.30972222222222223,0.19027777777777777,0.1361111111111111,0.18611111111111112
999,720,0.01,0.9768790913072001,1.6561536797905272,457,4.289550095614282e-05,0.017671260982751846,719217,13.886747201283773,0.1625,0.2972222222222222,0.1736111111111111,0.1527777777777778,0.21388888888888888
1000,720,0.01,0.5202574774775454,0.6824607896948007,457,4.035207840489521e-05,0.0176295954734087,719937,13.900370466709138,0.13472222222222222,0.3527777777777778,0.15833333333333333,0.19305555555555556,0.16111111111111112
1001,720,0.01,0.315601067374157,0.3710831766975533,429,4.035144333506145e-05,0.017296619713306427,720657,13.925916349887848,0.14166666666666666,0.36666666666666664,0.18472222222222223,0.18055555555555555,0.12638888888888888
1002,720,0.01,0.3223209113919755,0.3803276677621792,442,4.061871299225256e-05,0.017432143911719322,721377,13.939687601725261,0.1638888888888889,0.3416666666666667,0.17222222222222222,0.16111111111111112,0.16111111111111112
1003,720,0.01,1.117810500838453,2.0581510485383436,477,4.01439899064826e-05,0.01815446838736534,722097,13.95467076698939,0.15416666666666667,0.2708333333333333,0.20555555555555555,0.16805555555555557,0.2013888888888889
1004,720,0.01,0.10798876106215301,0.11403522474345862,356,4.282355045638218e-05,0.01795891299843788,722817,13.9694615483284,0.11666666666666667,0.31666666666666665,0.225,0.2375,0.10416666666666667
1005,720,0.01,0.2614469090613221,0.29880798480636406,421,4.049737974835605e-05,0.018552066758275032,723537,13.982553919156393,0.12777777777777777,0.31666666666666665,0.2625,0.18472222222222223,0.10833333333333334
1006,720,0.01,0.9755999588180885,1.6527582793690923,466,4.110842375489988e-05,0.01826774701476097,724257,13.994645003477732,0.18611111111111112,0.31666666666666665,0.2013888888888889,0.10694444444444444,0.18888888888888888
1007,720,0.01,1.5753374323131797,3.8323719414752864,444,4.32257809304954e-05,0.018134156242012978,724977,14.007601749897002,0.20277777777777778,0.29583333333333334,0.20416666666666666,0.1,0.19722222222222222
1008,720,0.01,0.36745602815725925,0.44405629931696877,422,4.437308274039727e-05,0.018508588895201683,725697,14.021470586458841,0.16527777777777777,0.36944444444444446,0.18888888888888888,0.11666666666666667,0.1597222222222222
1009,720,0.01,0.44482073994974386,0.5602104873527674,433,4.209960110680792e-05,0.018725916743278503,726417,14.035977566242218,0.20833333333333334,0.33611111111111114,0.18194444444444444,0.12083333333333333,0.1527777777777778
1010,720,0.01,0.4825264905598606,0.6201625610868811,432,3.960284348194263e-05,0.017877135425806046,727137,14.049019598960877,0.14444444444444443,0.2722222222222222,0.25416666666666665,0.19722222222222222,0.13194444444444445
1011,720,0.01,0.8327849478110455,1.2997144149463145,460,4.0817517808338585e-05,0.01745690032839775,727857,14.07289354801178,0.19583333333333333,0.27361111111111114,0.2222222222222222,0.10972222222222222,0.1986111111111111
1012,720,0.01,1.7762360977732878,4.90757897018226,446,4.414478281660195e-05,0.017327962443232536,728577,14.088442067305246,0.20555555555555555,0.32083333333333336,0.16666666666666666,0.10277777777777777,0.20416666666666666
1013,720,0.01,0.4551583357137725,0.5764229673301531,408,3.9436298459349926e-05,0.017143607139587402,729297,14.099407680829366,0.14583333333333334,0.3347222222222222,0.2152777777777778,0.1875,0.11666666666666667
