episode,steps,epsilon,train_reward,train_portfolio_return,train_position_changes,mean_loss,mean_max_q,updates,minutes,action_share_-1,action_share_0,action_share_0.5,action_share_1,action_share_2
1,720,1.0,0.12913520814749493,0.137843959539506,566,0.002735601005848225,0.15168482065200806,657,0.011848866939544678,0.21666666666666667,0.22083333333333333,0.1875,0.19722222222222222,0.17777777777777778
2,720,0.9909,-0.06224162530436417,-0.06034418526321672,581,0.0013324270668009478,0.1913308948278427,1377,0.025379284222920736,0.2,0.20694444444444443,0.19444444444444445,0.18888888888888888,0.20972222222222223
3,720,0.98188281,-0.1893664389502452,-0.17251677095404028,558,0.0006485519205954107,0.1937497854232788,2097,0.03754166762034098,0.20277777777777778,0.20694444444444443,0.21388888888888888,0.20833333333333334,0.16805555555555557
4,720,0.972947676429,-0.20526703139621402,-0.18557019095696803,559,0.0005436252440227286,0.191830575466156,2817,0.04948426882425944,0.19722222222222222,0.16527777777777777,0.2263888888888889,0.20277777777777778,0.20833333333333334
5,720,0.9640938525734961,-0.08754054189666374,-0.08381827284697885,550,0.0005667543604027337,0.1891489028930664,3537,0.060020701090494795,0.2152777777777778,0.18472222222222223,0.1875,0.21805555555555556,0.19444444444444445
6,720,0.9553205985150773,-0.1188856017109049,-0.11209062973501793,567,0.0004440579361269354,0.1739371418952942,4257,0.07516688505808512,0.20833333333333334,0.2013888888888889,0.18888888888888888,0.1875,0.21388888888888888
7,720,0.9466271810685901,-0.06449310457564429,-0.062457421006306246,550,0.0004496466833289661,0.17262762784957886,4977,0.08717228571573893,0.19583333333333333,0.22083333333333333,0.1986111111111111,0.1597222222222222,0.225
8,720,0.938012873720866,-0.013163763637720106,-0.013077500233048767,580,0.00047078148046340276,0.16213151812553406,5697,0.09986725250879923,0.18333333333333332,0.22361111111111112,0.15833333333333333,0.2152777777777778,0.21944444444444444
9,720,0.9294769565700061,0.3109220372927263,0.3646828226712333,574,0.0005083403369200015,0.15889722108840942,6417,0.11037280162175496,0.20416666666666666,0.20972222222222223,0.19305555555555556,0.19166666666666668,0.2013888888888889
10,720,0.921018716265219,-0.0014651005542148992,-0.00146402781835131,596,0.0005064290450516435,0.15644654631614685,7137,0.12294033368428549,0.18472222222222223,0.17916666666666667,0.19305555555555556,0.20694444444444443,0.2361111111111111
11,720,0.9126374459472055,-0.19814651188083748,-0.17975033198784307,579,0.00041613414715458124,0.14818182587623596,7857,0.14466033379236856,0.18611111111111112,0.20416666666666666,0.175,0.22777777777777777,0.20694444444444443
12,720,0.904332445189086,0.015436154197159945,0.015555907006206127,580,0.0003489611700186086,0.14167886972427368,8577,0.15584603548049927,0.20972222222222223,0.21805555555555556,0.19166666666666668,0.2,0.18055555555555555
13,720,0.8961030199378652,0.08615220288317421,0.08997221259411092,578,0.0004160290873288533,0.14023298025131226,9297,0.16845781803131105,0.23194444444444445,0.18611111111111112,0.18611111111111112,0.17083333333333334,0.225
14,720,0.8879484824564307,0.23095401333121215,0.25980130405180524,582,0.00042801363339701006,0.13785959780216217,10017,0.18045419851938885,0.20555555555555555,0.18888888888888888,0.20833333333333334,0.17916666666666667,0.21805555555555556
15,720,0.8798681512660771,-0.20870351427965886,-0.18836416158978808,574,0.000396836242341831,0.1371462345123291,10737,0.19238969882329304,0.16944444444444445,0.19166666666666668,0.19722222222222222,0.21805555555555556,0.22361111111111112
16,720,0.8718613510895558,0.06983155181366336,0.07232753441149553,575,0.0003969669876924955,0.13600768148899078,11457,0.20328867038091022,0.20972222222222223,0.20277777777777778,0.18888888888888888,0.17916666666666667,0.21944444444444444
17,720,0.8639274127946408,-0.3182558701857593,-0.2725833596301538,559,0.000344842908594324,0.13291868567466736,12177,0.214542285601298,0.19027777777777777,0.17083333333333334,0.2,0.19305555555555556,0.24583333333333332
18,720,0.8560656733382096,-0.024621149304786524,-0.024320521132539352,570,0.00036752234324618864,0.13269592821598053,12897,0.22766833702723185,0.19305555555555556,0.2,0.175,0.21666666666666667,0.2152777777777778
19,720,0.8482754757108318,-0.551295202741412,-0.42379697287331874,569,0.00031549463186214175,0.12898468971252441,13617,0.24001739819844564,0.19027777777777777,0.19722222222222222,0.18472222222222223,0.20555555555555555,0.2222222222222222
20,720,0.8405561688818632,0.03948624264130641,0.04027618733386351,584,0.0003453620844892511,0.12214188277721405,14337,0.2531008164087931,0.2125,0.1986111111111111,0.16666666666666666,0.17777777777777778,0.24444444444444444
21,720,0.8329071077450383,-0.0809892735984796,-0.07779641668252657,569,0.00038813376839041464,0.12049935013055801,15057,0.287363870938619,0.20555555555555555,0.20555555555555555,0.18194444444444444,0.2,0.20694444444444443
22,720,0.8253276530645585,0.04399029382779407,0.044972212158980174,594,0.00045111282026684624,0.11684013158082962,15777,0.3010120987892151,0.19166666666666668,0.20972222222222223,0.18611111111111112,0.2263888888888889,0.18611111111111112
23,720,0.817817171421671,-0.19650633310546026,-0.17840387197614682,572,0.00034190562705084125,0.1205335408449173,16497,0.31313300132751465,0.2125,0.18888888888888888,0.20555555555555555,0.18333333333333332,0.20972222222222223
24,720,0.8103750351617338,-0.19006494711192545,-0.17309457291999775,581,0.00039136377036912666,0.1223657950758934,17217,0.3256864349047343,0.18472222222222223,0.1986111111111111,0.19583333333333333,0.19583333333333333,0.225
25,720,0.8030006223417621,-0.032894932202790994,-0.03235977792516309,580,0.00036949276738798494,0.11909805238246918,17937,0.338611102104187,0.1986111111111111,0.20277777777777778,0.2,0.18194444444444444,0.21666666666666667
26,720,0.795693316678452,-0.11359975425594594,-0.10738485019024646,562,0.0003704960664941205,0.1150674819946289,18657,0.3524890661239624,0.20277777777777778,0.1986111111111111,0.17916666666666667,0.19583333333333333,0.22361111111111112
27,720,0.7884525074966781,0.1687516154481505,0.18382605829798115,574,0.00038593985732909966,0.11472992599010468,19377,0.3653527498245239,0.22083333333333333,0.20694444444444443,0.18611111111111112,0.1763888888888889,0.20972222222222223
28,720,0.7812775896784583,-0.09587729677375767,-0.09142450562636262,578,0.0004512828265736365,0.11517800390720367,20097,0.37638916571935016,0.19305555555555556,0.19722222222222222,0.22777777777777777,0.1986111111111111,0.18333333333333332
29,720,0.7741679636123843,-0.11262684309101374,-0.10651599235279796,558,0.0003403202572472866,0.11346319317817688,20817,0.38893489837646483,0.1875,0.19444444444444445,0.2,0.21944444444444444,0.1986111111111111
30,720,0.7671230351435115,-0.06771457562314254,-0.06547282764993845,587,0.0003187553410801532,0.11041948944330215,21537,0.40180315176645914,0.19305555555555556,0.19166666666666668,0.20416666666666666,0.18888888888888888,0.2222222222222222
31,720,0.7601422155237056,-0.10835281687061672,-0.1026890458674613,573,0.0003671052717032176,0.10898275673389435,22257,0.42575637102127073,0.2111111111111111,0.21666666666666667,0.19583333333333333,0.2125,0.1638888888888889
32,720,0.7532249213624399,0.11710183862339828,0.12423391429517006,563,0.0004275162754968025,0.11025920510292053,22977,0.4382630705833435,0.19305555555555556,0.18333333333333332,0.1638888888888889,0.21805555555555556,0.24166666666666667
33,720,0.7463705745780417,-0.039613527993724716,-0.03883917086422839,570,0.0004162997836525998,0.1088169738650322,23697,0.45058685143788657,0.18055555555555555,0.20833333333333334,0.19027777777777777,0.21666666666666667,0.20416666666666666
34,720,0.7395786023493816,-0.05474680555661354,-0.053275176925382084,587,0.0003701485872220979,0.10264795273542404,24417,0.46253538529078164,0.21388888888888888,0.18333333333333332,0.2013888888888889,0.2125,0.18888888888888888
35,720,0.7328484370680022,-0.1635685783849443,-0.15089173346869922,568,0.0002796188780545587,0.10227341949939728,25137,0.47369025150934857,0.23472222222222222,0.2013888888888889,0.1763888888888889,0.16944444444444445,0.21805555555555556
36,720,0.7261795162906833,-0.17405517923079789,-0.15974946799879963,559,0.000282102470292658,0.09806714206933975,25857,0.485342268149058,0.20833333333333334,0.21388888888888888,0.17083333333333334,0.19166666666666668,0.2152777777777778
37,720,0.7195712826924381,-0.33508871635908416,-0.2847253730229913,566,0.000317430160960915,0.1032707542181015,26577,0.4958350857098897,0.18611111111111112,0.19305555555555556,0.19305555555555556,0.2222222222222222,0.20555555555555555
38,720,0.7130231840199369,-0.39289816457915233,-0.32490250707697677,566,0.0003283468627564111,0.09687576442956924,27297,0.5074410835901896,0.23333333333333334,0.2222222222222222,0.17083333333333334,0.19444444444444445,0.17916666666666667
39,720,0.7065346730453554,0.049202054161709065,0.05043257357213626,574,0.00028709702593611534,0.09903660416603088,28017,0.5184247016906738,0.21388888888888888,0.22777777777777777,0.18888888888888888,0.19027777777777777,0.17916666666666667
40,720,0.7001052075206428,0.2345136850289537,0.26429377421429057,585,0.0003554362864330566,0.09574023634195328,28737,0.53080286582311,0.24722222222222223,0.2,0.18888888888888888,0.15833333333333333,0.20555555555555555
41,720,0.6937342501322049,0.16600898036946973,0.1805837037535254,558,0.0003185663159608036,0.09849077463150024,29457,0.5533478021621704,0.225,0.20555555555555555,0.16805555555555557,0.17777777777777778,0.22361111111111112
42,720,0.6874212684560018,0.020188804962447193,0.020393977287311627,548,0.0004364655887709685,0.09964604675769806,30177,0.5649664163589477,0.2513888888888889,0.1625,0.18333333333333332,0.17777777777777778,0.225
43,720,0.6811657349130522,-0.29127636210587804,-0.25269087844536064,561,0.00027443490409192843,0.09494757652282715,30897,0.576327117284139,0.20972222222222223,0.1986111111111111,0.20555555555555555,0.17777777777777778,0.20833333333333334
44,720,0.6749671267253434,0.11641764858237563,0.12346498772317571,567,0.0003673799579701154,0.0935734212398529,31617,0.588012448946635,0.19722222222222222,0.21805555555555556,0.18194444444444444,0.18194444444444444,0.22083333333333333
45,720,0.6688249258721428,-0.06215182980979503,-0.06025980461616498,573,0.0003094439515734848,0.08865376561880112,32337,0.5993478814760844,0.1986111111111111,0.19583333333333333,0.21388888888888888,0.20277777777777778,0.18888888888888888
46,720,0.6627386190467063,0.10302503105441796,0.10851915613205687,573,0.0002821487204528239,0.0882503092288971,33057,0.6120914022127787,0.20555555555555555,0.1986111111111111,0.1527777777777778,0.20555555555555555,0.2375
47,720,0.6567076976133812,-0.017996112476278435,-0.01783514945996767,574,0.00034959037653202864,0.09094984829425812,33777,0.6232993841171265,0.22083333333333333,0.2152777777777778,0.1625,0.17916666666666667,0.2222222222222222
48,720,0.6507316575650994,0.16287361645374654,0.17688794101744376,580,0.00027765556984983656,0.0871715098619461,34497,0.6344541867574056,0.20416666666666666,0.2,0.1736111111111111,0.1986111111111111,0.22361111111111112
49,720,0.6448099994812571,0.053475900990306885,0.05493156865515725,551,0.00024122341016866104,0.08263003081083298,35217,0.647571321328481,0.1875,0.20972222222222223,0.16527777777777777,0.18472222222222223,0.25277777777777777
50,720,0.6389422284859776,0.017332090179913235,0.017483162391908946,568,0.0002654264885222801,0.08422105759382248,35937,0.6596729159355164,0.22361111111111112,0.2013888888888889,0.20277777777777778,0.2013888888888889,0.17083333333333334
51,720,0.6331278542067552,-0.4587369577817795,-0.36791851284935384,567,0.0002521789815293434,0.08270437270402908,36657,0.6816873351732889,0.225,0.19305555555555556,0.18888888888888888,0.19583333333333333,0.19722222222222222
52,720,0.6273663907334738,-0.514372025572409,-0.40212407245046333,564,0.0002378559065669429,0.08423736691474915,37377,0.6925619840621948,0.19722222222222222,0.19166666666666668,0.1986111111111111,0.19444444444444445,0.21805555555555556
53,720,0.6216573565777992,-0.04334365098253972,-0.04241774056708392,574,0.00019718985246173462,0.08080737292766571,38097,0.7051870187123617,0.25277777777777777,0.18888888888888888,0.17777777777777778,0.17083333333333334,0.20972222222222223
54,720,0.6160002746329413,-0.12790661660846508,-0.12006445332627691,585,0.00021580347524832177,0.0793163925409317,38817,0.7178564190864563,0.21666666666666667,0.21944444444444444,0.1736111111111111,0.19027777777777777,0.2
55,720,0.6103946721337815,-0.031456754264105706,-0.03096713791315897,544,0.00018068375673768362,0.07441278547048569,39537,0.72895188331604,0.18333333333333332,0.19305555555555556,0.1763888888888889,0.19444444444444445,0.25277777777777777
56,720,0.604840080617364,-0.03257964924067298,-0.03205464935129154,549,0.00016994937311917764,0.07070270925760269,40257,0.7408878525098165,0.1986111111111111,0.24166666666666667,0.19305555555555556,0.1736111111111111,0.19305555555555556
57,720,0.5993360358837461,-0.2097698868147313,-0.18922920644433772,540,0.00017431508373293682,0.0741075724363327,40977,0.7527125159899394,0.2388888888888889,0.1638888888888889,0.16805555555555557,0.1986111111111111,0.23055555555555557
58,720,0.5938820779572039,-0.10515960904258459,-0.0998191658815053,558,0.00018287168882630392,0.07173085957765579,41697,0.7649969657262167,0.1875,0.15138888888888888,0.1638888888888889,0.20416666666666666,0.29305555555555557
59,720,0.5884777510477934,-0.23946300369854207,-0.21294960924314366,556,0.00015356759287593985,0.06944580376148224,42417,0.7763195355733236,0.24027777777777778,0.175,0.16805555555555557,0.20555555555555555,0.2111111111111111
60,720,0.5831226035132585,0.04343975963818372,0.04439707755915179,556,0.0001620802009407877,0.06821556389331818,43137,0.7864152352015178,0.19166666666666668,0.18888888888888888,0.18194444444444444,0.22361111111111112,0.21388888888888888
61,720,0.5778161878212879,-0.23063368108217291,-0.20596971892024718,523,0.00013873636048629124,0.06377606093883514,43857,0.8094745675722758,0.2375,0.2,0.1527777777777778,0.21388888888888888,0.19583333333333333
62,720,0.5725580605121141,0.059317288404856776,0.061111865824998945,557,0.00017132701237238104,0.0640045702457428,44577,0.8215396205584208,0.19583333333333333,0.2111111111111111,0.19305555555555556,0.2,0.2
63,720,0.5673477821614539,-0.06994021871254093,-0.06755043872494859,563,0.00012938717044966728,0.06305328011512756,45297,0.8321329673131307,0.21388888888888888,0.1986111111111111,0.1638888888888889,0.175,0.24861111111111112
64,720,0.5621849173437846,0.1290155446645035,0.13770780931447302,560,0.0001213663242550764,0.0599040649831295,46017,0.8432933330535889,0.19305555555555556,0.18194444444444444,0.18611111111111112,0.20833333333333334,0.23055555555555557
65,720,0.5570690345959561,-0.12505214877649465,-0.11754911734918394,569,0.00011367027193753327,0.05793967843055725,46737,0.854967466990153,0.25416666666666665,0.19444444444444445,0.2013888888888889,0.16527777777777777,0.18472222222222223
66,720,0.5519997063811329,-0.004977200253103612,-0.0049648345160144824,559,0.00011850134431167842,0.058492351323366165,47457,0.866855800151825,0.19722222222222222,0.21944444444444444,0.17777777777777778,0.19305555555555556,0.2125
67,720,0.5469765090530646,0.04830536879545439,0.049491088226329305,549,0.00013999435673213157,0.05781421437859535,48177,0.8786743839581808,0.21388888888888888,0.20694444444444443,0.21944444444444444,0.17222222222222222,0.1875
68,720,0.5419990228206817,-0.20029355165123802,-0.18150955141388814,558,0.00011460981231468598,0.05273273587226868,48897,0.8907970190048218,0.17777777777777778,0.18888888888888888,0.19166666666666668,0.1763888888888889,0.2652777777777778
69,720,0.5370668317130135,0.08472739165730572,0.0884203137936801,542,0.00011487222099175496,0.05128566548228264,49617,0.9014048496882121,0.2625,0.2125,0.15833333333333333,0.18333333333333332,0.18333333333333332
70,720,0.5321795235444251,-0.21049043089735833,-0.18981319212302095,569,0.00011097187834063031,0.05120518058538437,50337,0.9129239837328593,0.22916666666666666,0.22777777777777777,0.15555555555555556,0.18055555555555555,0.20694444444444443
71,720,0.5273366898801708,-0.009870448654330535,-0.009821895653956081,542,0.00010292996446423786,0.05110680311918259,51057,0.9354050517082214,0.2013888888888889,0.19166666666666668,0.16944444444444445,0.20277777777777778,0.23472222222222222
72,720,0.5225379260022612,-0.028787065649551788,-0.028376665575440607,534,0.00011041363417613562,0.04756554961204529,51777,0.9460808555285136,0.16111111111111112,0.18472222222222223,0.16944444444444445,0.16666666666666666,0.31805555555555554
73,720,0.5177828308756407,-0.055591498901936244,-0.05407453143104113,534,9.588950329594404e-05,0.047622788697481155,52497,0.9577225526173909,0.21805555555555556,0.19027777777777777,0.18472222222222223,0.19027777777777777,0.21666666666666667
74,720,0.5130710071146724,0.03509696091404068,0.03572012830149052,557,8.824910487166764e-05,0.0470832921564579,53217,0.9690765539805094,0.24305555555555555,0.18055555555555555,0.19722222222222222,0.18055555555555555,0.1986111111111111
75,720,0.5084020609499288,0.5098223979689549,0.6649954621095355,572,0.00010278505743725772,0.04906148836016655,53937,0.9827046195665995,0.20277777777777778,0.23333333333333334,0.1763888888888889,0.18888888888888888,0.1986111111111111
76,720,0.5037756021952844,-0.09771603517445157,-0.09309360329055061,572,0.00011946897879069082,0.048338383436203,54657,0.9951931516329448,0.24861111111111112,0.1986111111111111,0.1736111111111111,0.18194444444444444,0.19722222222222222
77,720,0.4991912442153073,-0.161772816694713,-0.1493655674677128,533,9.004339436463245e-05,0.047709207981824875,55377,1.0062880357106527,0.225,0.19305555555555556,0.14305555555555555,0.17777777777777778,0.2611111111111111
78,720,0.494648603892948,-0.1767260657528754,-0.16199068746611844,552,8.399104167185416e-05,0.04361404851078987,56097,1.0174482862154643,0.20555555555555555,0.1763888888888889,0.17777777777777778,0.21388888888888888,0.2263888888888889
79,720,0.4901473015975222,-0.18557346260475063,-0.1693721867432203,578,9.741755572021147e-05,0.0423835851252079,56817,1.0290056188901266,0.23055555555555557,0.19027777777777777,0.20416666666666666,0.17222222222222222,0.20277777777777778
80,720,0.4856869611529847,-0.13204064168630142,-0.12369462017270483,555,8.456266153744865e-05,0.0414014607667923,57537,1.0406234860420227,0.25,0.21944444444444444,0.19305555555555556,0.18888888888888888,0.1486111111111111
81,720,0.48126720980649257,-0.16412669647520034,-0.15136550393060522,535,7.464526332670276e-05,0.04016545042395592,58257,1.0621670524279276,0.22361111111111112,0.19444444444444445,0.16666666666666666,0.18333333333333332,0.23194444444444445
82,720,0.4768876781972535,-0.20083815321102563,-0.18195518123249854,548,7.218359433459732e-05,0.03971900790929794,58977,1.0740676363309225,0.20277777777777778,0.225,0.18333333333333332,0.16944444444444445,0.21944444444444444
83,720,0.47254800032565847,1.1225967631281284,2.0728232460613536,568,7.448238184477102e-05,0.03805050998926163,59697,1.0856359521547954,0.2152777777777778,0.1763888888888889,0.19305555555555556,0.20694444444444443,0.20833333333333334
84,720,0.46824781352269496,-0.09563333307038661,-0.09120281914333461,526,8.91759432154989e-05,0.03589101880788803,60417,1.0982346018155416,0.21388888888888888,0.19444444444444445,0.17916666666666667,0.225,0.1875
85,720,0.46398675841963843,0.7402071349106821,1.0963697008759792,554,8.990633793675645e-05,0.03783199563622475,61137,1.110117534796397,0.22083333333333333,0.17916666666666667,0.15,0.20694444444444443,0.24305555555555555
86,720,0.45976447891801975,0.1152258612765499,0.1221268539560747,530,8.890701609390008e-05,0.03828975930809975,61857,1.1213010708491007,0.2111111111111111,0.20277777777777778,0.1763888888888889,0.18055555555555555,0.22916666666666666
87,720,0.4555806221598658,0.03251487052926027,0.03304925501892875,521,9.396965653852223e-05,0.038628604263067245,62577,1.1355274041493735,0.2388888888888889,0.2,0.16944444444444445,0.1597222222222222,0.23194444444444445
88,720,0.451434838498211,-0.12730528879810094,-0.11953516448863377,535,8.243179385469072e-05,0.03689724951982498,63297,1.148026132583618,0.25972222222222224,0.1736111111111111,0.1597222222222222,0.15555555555555556,0.2513888888888889
89,720,0.44732678146787724,0.042792052180439744,0.04372083281119532,518,7.796884436983318e-05,0.03626532107591629,64017,1.1592511018117269,0.2388888888888889,0.15555555555555556,0.15416666666666667,0.18055555555555555,0.2708333333333333
90,720,0.4432561077565196,0.051738888076977,0.05310072945373001,540,7.44886707151535e-05,0.036140501499176025,64737,1.1709897875785829,0.25972222222222224,0.16805555555555557,0.16111111111111112,0.19305555555555556,0.21805555555555556
91,720,0.43922247717593527,0.044801836083426826,0.04582059546799844,538,8.051918080632782e-05,0.0339152067899704,65457,1.1935503681500752,0.20555555555555555,0.17222222222222222,0.17222222222222222,0.19444444444444445,0.25555555555555554
92,720,0.43522555263363427,0.03731979269030173,0.038024920547720775,543,7.986542040675381e-05,0.032094329595565796,66177,1.2055872877438862,0.2125,0.175,0.1527777777777778,0.20833333333333334,0.2513888888888889
93,720,0.43126500010466823,0.197861552443828,0.21879364313898075,541,7.3037228220427e-05,0.02948661521077156,66897,1.2170140027999878,0.21666666666666667,0.21666666666666667,0.19444444444444445,0.15416666666666667,0.21805555555555556
94,720,0.42734048860371576,-0.16775834073394943,-0.15444185304211488,502,7.500656700408905e-05,0.02780965529382229,67617,1.228764037291209,0.2388888888888889,0.1875,0.14444444444444443,0.15694444444444444,0.2722222222222222
95,720,0.42345169015742196,0.14917653498353073,0.16087790668314028,496,7.462341302723669e-05,0.028484391048550606,68337,1.2409416675567626,0.24027777777777778,0.14722222222222223,0.1375,0.2013888888888889,0.27361111111111114
96,720,0.41959827977698944,1.7800669205805972,4.930253261303875,563,7.206528009899356e-05,0.029307939112186432,69057,1.2531525850296021,0.19444444444444445,0.1625,0.16111111111111112,0.20277777777777778,0.2791666666666667
97,720,0.4157799354310188,-0.13189236380483454,-0.12356467383362035,480,8.509850577714436e-05,0.029030151665210724,69777,1.2681618531545003,0.2652777777777778,0.16527777777777777,0.12222222222222222,0.16944444444444445,0.2777777777777778
98,720,0.41199633801859653,0.012003771919823188,0.012076106328805514,533,8.204821787987587e-05,0.028533289209008217,70497,1.2797768672307333,0.2375,0.175,0.18333333333333332,0.18333333333333332,0.22083333333333333
99,720,0.4082471713426273,-0.05723261645454828,-0.05562563320267355,516,7.843571858580213e-05,0.027530234307050705,71217,1.2914046009381612,0.1986111111111111,0.12916666666666668,0.14444444444444443,0.18333333333333332,0.34444444444444444
100,720,0.4045321220834094,-0.544204381844028,-0.41969670043873974,547,8.14432740526172e-05,0.031948916614055634,71937,1.3034671545028687,0.2791666666666667,0.14583333333333334,0.11805555555555555,0.19583333333333333,0.2611111111111111
101,720,0.4008508797724504,-0.38531803567136974,-0.3197657369613154,493,7.790186997580248e-05,0.03093249537050724,72657,1.3245920181274413,0.1597222222222222,0.20694444444444443,0.1597222222222222,0.1875,0.2861111111111111
102,720,0.3972031367665211,-0.2079863588841361,-0.18778188380220096,513,8.870528717024071e-05,0.03030398115515709,73377,1.3367666880289713,0.21805555555555556,0.16666666666666666,0.14722222222222223,0.15555555555555556,0.3125
103,720,0.39358858822194576,-0.17441018684808884,-0.16004771039580035,505,9.724014365070212e-05,0.029244612902402878,74097,1.3492692192395528,0.2263888888888889,0.1736111111111111,0.1375,0.20694444444444443,0.25555555555555554
104,720,0.39000693206912607,-0.32808035902431953,-0.2796948656382815,533,9.23325586781074e-05,0.032391056418418884,74817,1.361903965473175,0.225,0.19166666666666668,0.11527777777777778,0.19027777777777777,0.2777777777777778
105,720,0.386457868987297,1.4153273186282933,3.1178340892157568,578,9.24963396578783e-05,0.029877686873078346,75537,1.3739705006281535,0.2111111111111111,0.1736111111111111,0.1388888888888889,0.2125,0.2638888888888889
106,720,0.3829411023795126,-0.1539682728107175,-0.14270077972538942,491,8.946339829789294e-05,0.029806185513734818,76257,1.3846826314926148,0.18888888888888888,0.17222222222222222,0.15694444444444444,0.15833333333333333,0.3236111111111111
107,720,0.3794563383478591,0.02606639990953078,0.02640909968215932,534,9.194399005486452e-05,0.02996204048395157,76977,1.396187134583791,0.2388888888888889,0.1638888888888889,0.17916666666666667,0.1736111111111111,0.24444444444444444
108,720,0.37600328566889357,0.11750035413946411,0.12468202823795216,511,9.241902136080979e-05,0.02739671804010868,77697,1.4089424331982932,0.20972222222222223,0.19583333333333333,0.1763888888888889,0.1486111111111111,0.26944444444444443
109,720,0.37258165576930663,0.19663170669109264,0.2172956363009917,540,8.778277906584562e-05,0.026111990213394165,78417,1.4210569858551025,0.2625,0.18055555555555555,0.15,0.175,0.23194444444444445
110,720,0.36919116270180596,-0.05304138147955754,-0.05165923207379508,500,8.685115604344497e-05,0.026064228266477585,79137,1.4335649212201436,0.22361111111111112,0.1763888888888889,0.17916666666666667,0.17222222222222222,0.24861111111111112
111,720,0.3658315231212195,0.27026492687875087,0.3103115415012634,503,9.307018128765777e-05,0.026686955243349075,79857,1.4594647685686748,0.24444444444444444,0.14583333333333334,0.12916666666666668,0.1486111111111111,0.33194444444444443
112,720,0.36250245626081645,0.17457189297117678,0.1907363448815893,525,8.792155080325555e-05,0.02626364678144455,80577,1.4736271182696024,0.24305555555555555,0.17777777777777778,0.14722222222222223,0.20972222222222223,0.2222222222222222
113,720,0.359203683908843,0.09784638443289399,0.10279336586782462,524,9.295602095941528e-05,0.028592459857463837,81297,1.4850897669792176,0.26666666666666666,0.19027777777777777,0.1125,0.19166666666666668,0.2388888888888889
114,720,0.3559349303852725,1.352684943512312,2.8677964167412155,540,0.00010325239984720409,0.030572399497032166,82017,1.4974753856658936,0.23055555555555557,0.16111111111111112,0.1361111111111111,0.21944444444444444,0.25277777777777777
115,720,0.3526959225187665,-0.2292272042845385,-0.20485214801874807,506,8.70434665911388e-05,0.0285111702978611,82737,1.5091165979703267,0.20972222222222223,0.16111111111111112,0.15138888888888888,0.19027777777777777,0.2875
116,720,0.34948638962384576,0.10250357770778275,0.10794126579280516,542,0.00010096593195309348,0.02902229130268097,83457,1.5205684701601665,0.2722222222222222,0.18194444444444444,0.1763888888888889,0.15833333333333333,0.2111111111111111
117,720,0.34630606347826876,0.3545219770067569,0.42549907005565824,502,9.95718861784351e-05,0.030276203528046608,84177,1.5319130182266236,0.23194444444444445,0.11666666666666667,0.1625,0.2013888888888889,0.2875
118,720,0.3431546783006165,-0.19666801240657864,-0.17853669632616398,510,0.00010372389186967566,0.03195016086101532,84897,1.5423869689305623,0.25555555555555554,0.17916666666666667,0.14166666666666666,0.14305555555555555,0.28055555555555556
119,720,0.3400319707280809,-0.4811065844516446,-0.3819009655547265,541,8.774925406669354e-05,0.028254535049200058,85617,1.5532918016115824,0.23472222222222222,0.14583333333333334,0.18611111111111112,0.2125,0.22083333333333333
120,720,0.3369376797944554,0.02801966258839824,0.0284159055412756,510,9.824300518883118e-05,0.02921871282160282,86337,1.5645437359809875,0.24583333333333332,0.1486111111111111,0.14305555555555555,0.16111111111111112,0.3013888888888889
121,720,0.3338715469083258,0.08294566496504947,0.08648277286496331,495,0.00011203025131483931,0.030406653881072998,87057,1.5870246688524883,0.20277777777777778,0.1736111111111111,0.14444444444444443,0.18472222222222223,0.29444444444444445
122,720,0.3308333158314601,-0.18317654622925375,-0.1673788533633126,462,0.00010305822030305636,0.03311329707503319,87777,1.5989050189654033,0.19027777777777777,0.15,0.16111111111111112,0.16805555555555557,0.33055555555555555
123,720,0.3278227326573938,-0.0688808714065781,-0.06656212740422585,476,9.940819805807325e-05,0.03129734843969345,88497,1.610802952448527,0.31805555555555554,0.1486111111111111,0.13472222222222222,0.16111111111111112,0.2375
124,720,0.3248395457902115,-0.01876108543260415,-0.018586191709152433,517,9.48947810659067e-05,0.02901030145585537,89217,1.622871502240499,0.24583333333333332,0.19305555555555556,0.1361111111111111,0.1625,0.2625
125,720,0.3218835059235206,0.3988517349730875,0.49011267063316466,492,9.987197353085422e-05,0.027793824672698975,89937,1.6347405036290488,0.22777777777777777,0.10833333333333334,0.1763888888888889,0.19166666666666668,0.29583333333333334
126,720,0.3189543660196166,0.06249002145257174,0.06448383686240988,515,0.00010524926090309035,0.02823394350707531,90657,1.6465024868647258,0.21944444444444444,0.1875,0.17083333333333334,0.175,0.24722222222222223
127,720,0.31605188128883804,-0.24466044265747053,-0.21702964355743481,529,0.00010396167294604512,0.029391314834356308,91377,1.6579488158226012,0.22777777777777777,0.1388888888888889,0.15138888888888888,0.225,0.2569444444444444
128,720,0.31317580916910964,0.014958210969162625,0.01507064491090504,514,0.00010696896515330283,0.028373250737786293,92097,1.671146070957184,0.3333333333333333,0.16666666666666666,0.13194444444444445,0.1763888888888889,0.19166666666666668
129,720,0.3103259093056707,0.3060718346855651,0.3580798602837165,502,0.00010643597598926943,0.029409846290946007,92817,1.6833690047264098,0.2013888888888889,0.18194444444444444,0.18611111111111112,0.15,0.28055555555555556
130,720,0.30750194353098914,0.021445649815013984,0.02167726048026286,466,9.875519901672507e-05,0.027787528932094574,93537,1.695330270131429,0.2625,0.14444444444444443,0.17083333333333334,0.1638888888888889,0.25833333333333336
131,720,0.30470367584485714,0.29616901991615047,0.34469741827053935,512,9.878970260059658e-05,0.025397010147571564,94257,1.7205787340799967,0.19166666666666668,0.16666666666666666,0.19444444444444445,0.18611111111111112,0.2611111111111111
132,720,0.3019308723946689,-0.023987297488517356,-0.023701888882889488,498,9.808083444416601e-05,0.02648579329252243,94977,1.733152151107788,0.2125,0.1527777777777778,0.16805555555555557,0.19027777777777777,0.2763888888888889
133,720,0.29918330145587746,0.08107395989867469,0.08445109949425955,523,9.006170445597187e-05,0.025142084807157516,95697,1.7453238526980082,0.2263888888888889,0.19722222222222222,0.15833333333333333,0.18888888888888888,0.22916666666666666
134,720,0.29646073341262896,-0.4850902781171112,-0.38435838471041583,503,0.00010510860032708378,0.025517122820019722,96417,1.7588173031806946,0.23194444444444445,0.20694444444444443,0.1375,0.20555555555555555,0.21805555555555556
135,720,0.29376294073857406,0.28560969226485866,0.330573020947027,498,9.785369770472445e-05,0.0253630168735981,97137,1.7710982362429302,0.19027777777777777,0.19166666666666668,0.1527777777777778,0.17777777777777778,0.2875
136,720,0.29108969797785306,2.2611949274056715,8.594547106980771,521,0.00010861308146559168,0.026860767975449562,97857,1.7824715852737427,0.19166666666666668,0.15694444444444444,0.14444444444444443,0.19444444444444445,0.3125
137,720,0.2884407817262546,0.01812275732208133,0.018287971022066474,483,0.00012740075628193558,0.027632642537355423,98577,1.7940314213434856,0.24305555555555555,0.16805555555555557,0.18611111111111112,0.175,0.22777777777777777
138,720,0.28581597061254566,-0.06007773845166736,-0.058308674886834555,515,0.00011810519989568194,0.02583267353475094,99297,1.8058596014976502,0.2125,0.22777777777777777,0.12361111111111112,0.16111111111111112,0.275
139,720,0.2832150452799715,0.058590351918406114,0.060340785190805546,522,0.00012037460275375149,0.02464175969362259,100017,1.8193422357241313,0.23333333333333334,0.1986111111111111,0.1638888888888889,0.2,0.20416666666666666
140,720,0.28063778836792375,0.1102981888417425,0.11661098175651574,492,0.00011467011977149216,0.026073278859257698,100737,1.8306090315183003,0.175,0.16111111111111112,0.1625,0.21666666666666667,0.2847222222222222
141,720,0.27808398449377564,-0.1445277185170315,-0.13456907639115367,504,0.00011806237402601659,0.028200827538967133,101457,1.854105552037557,0.17222222222222222,0.19583333333333333,0.18333333333333332,0.18611111111111112,0.2625
142,720,0.2755534202348823,-0.13225816719461458,-0.12388521821516807,464,0.0001303060005107505,0.027077453210949898,102177,1.8676185011863708,0.17777777777777778,0.1736111111111111,0.14305555555555555,0.20694444444444443,0.2986111111111111
143,720,0.2730458841107448,0.02558783286393161,0.025918011630398752,457,0.00011615732877443306,0.028136445209383965,102897,1.8806017676989237,0.25555555555555554,0.19027777777777777,0.16944444444444445,0.17222222222222222,0.2125
144,720,0.270561166565337,0.09941782777641306,0.10452770551324031,516,0.00010879295632043472,0.026283813640475273,103617,1.8925019025802612,0.2361111111111111,0.19583333333333333,0.15138888888888888,0.19027777777777777,0.2263888888888889
145,720,0.26809905994959243,-0.2554010199599326,-0.22539419672033412,458,0.00012064984353198977,0.02769257128238678,104337,1.9053444186846415,0.14444444444444443,0.16944444444444445,0.17083333333333334,0.20694444444444443,0.30833333333333335
146,720,0.26565935850405115,0.26592499441069983,0.30463719993499305,531,0.00011887818662014777,0.026620198041200638,105057,1.9180536031723023,0.2111111111111111,0.21388888888888888,0.16805555555555557,0.18194444444444444,0.225
147,720,0.2632418583416643,1.0883589402326703,1.9693971138304498,565,0.00012136401216796204,0.02624090015888214,105777,1.9305504163106282,0.225,0.18611111111111112,0.15138888888888888,0.2111111111111111,0.2263888888888889
148,720,0.2608463574307552,-0.13769253782656682,-0.1286334371791632,484,0.00011810844474287781,0.02584659680724144,106497,1.9431618531545003,0.1597222222222222,0.2388888888888889,0.1597222222222222,0.20277777777777778,0.2388888888888889
149,720,0.2584726555781353,-0.23076152173165518,-0.20607122177885595,520,0.0001256492863982809,0.0246443934738636,107217,1.957496452331543,0.1986111111111111,0.16666666666666666,0.1375,0.20694444444444443,0.2902777777777778
150,720,0.2561205544123743,-0.04327220539143402,-0.04234932309248807,509,0.00011994668644648401,0.02699710801243782,107937,1.970581316947937,0.16666666666666666,0.19583333333333333,0.16805555555555557,0.2361111111111111,0.23333333333333334
151,720,0.2537898573672217,-0.09504549577378275,-0.09066843721595563,530,0.0001221995420741627,0.027517015114426613,108657,1.99585413535436,0.21944444444444444,0.1625,0.1763888888888889,0.18333333333333332,0.25833333333333336
152,720,0.25148036966518,-0.22536458619935876,-0.2017748561697712,490,0.00011335052607440351,0.02796497941017151,109377,2.0083593169848126,0.18194444444444444,0.20277777777777778,0.13194444444444445,0.17916666666666667,0.30416666666666664
153,720,0.24919189830122687,0.6898555415841658,0.9934275450571812,559,0.00011778579234437025,0.02674015611410141,110097,2.0226914167404173,0.20694444444444443,0.16527777777777777,0.19305555555555556,0.2111111111111111,0.22361111111111112
154,720,0.24692425202668572,-0.2317848283846966,-0.20688323883756288,567,0.00012790160150315285,0.030169149860739708,110817,2.037544600168864,0.16527777777777777,0.1527777777777778,0.17916666666666667,0.18194444444444444,0.32083333333333336
155,720,0.24467724133324287,0.039620973068547304,0.040416353631151924,498,0.00013174238614636932,0.029176751151680946,111537,2.052314551671346,0.20416666666666666,0.2013888888888889,0.12638888888888888,0.2013888888888889,0.26666666666666666
156,720,0.24245067843711035,-0.009392542902177593,-0.009348570748894613,466,0.00011910057988997222,0.027800302952528,112257,2.06545774936676,0.25416666666666665,0.12361111111111112,0.10833333333333334,0.16805555555555557,0.3458333333333333
157,720,0.24024437726333264,0.3916594547132867,0.47943381139529695,501,0.00010628319988528447,0.02613919973373413,112977,2.0775983174641928,0.15416666666666667,0.18611111111111112,0.18472222222222223,0.1625,0.3125
158,720,0.2380581534302363,0.25722229954957054,0.29333260206024026,506,0.00011224271997889446,0.025794997811317444,113697,2.0895901878674823,0.18333333333333332,0.225,0.2125,0.18472222222222223,0.19444444444444445
159,720,0.23589182423402116,0.1288675744666389,0.13753947491936636,541,0.00010992371382296066,0.024794474244117737,114417,2.1023673017819724,0.20555555555555555,0.21388888888888888,0.17916666666666667,0.17916666666666667,0.2222222222222222
160,720,0.23374520863349157,0.0005365194697623374,0.0005366634220769217,515,0.00010207006996804719,0.024535221979022026,115137,2.115007801850637,0.25555555555555554,0.17083333333333334,0.1388888888888889,0.15555555555555556,0.2791666666666667
161,720,0.2316181272349268,-0.2717623452552255,-0.23796465911380282,498,0.00010317299055613047,0.025398531928658485,115857,2.1378295183181764,0.22777777777777777,0.17083333333333334,0.15,0.19166666666666668,0.25972222222222224
162,720,0.22951040227708897,0.0706535344529189,0.07320933138963381,554,0.0001053037366369204,0.027065493166446686,116577,2.1517383495966595,0.25972222222222224,0.15138888888888888,0.19305555555555556,0.17083333333333334,0.225
163,720,0.22742185761636746,-0.49946160060183464,-0.3931426966207211,494,0.000102999201089915,0.025901861488819122,117297,2.1646216034889223,0.23055555555555557,0.22361111111111112,0.16666666666666666,0.19305555555555556,0.18611111111111112
164,720,0.22535231871205852,-0.16648389174841716,-0.15336354534138996,486,9.574417750981309e-05,0.023878619074821472,118017,2.17689581712087,0.20694444444444443,0.17222222222222222,0.125,0.17083333333333334,0.325
165,720,0.22330161261177878,0.08559914946302132,0.08936956639719673,497,9.684222890832138e-05,0.023917434737086296,118737,2.1896679520606996,0.1597222222222222,0.2222222222222222,0.17916666666666667,0.2013888888888889,0.2375
166,720,0.22126956793701158,-0.2911200541170399,-0.25257405892985363,499,9.775401935662053e-05,0.025716058909893036,119457,2.2027321020762125,0.1638888888888889,0.17083333333333334,0.1625,0.24166666666666667,0.2611111111111111
167,720,0.21925601486878477,-0.26393455614727224,-0.23197619955145243,479,9.120845418490515e-05,0.02362038753926754,120177,2.2151878515879315,0.225,0.23194444444444445,0.12083333333333333,0.13194444444444445,0.2902777777777778
168,720,0.21726078513347882,0.294631029010269,0.3426308754394718,484,8.58965500709827e-05,0.024698149412870407,120897,2.226542933781942,0.23333333333333334,0.17222222222222222,0.1875,0.2,0.20694444444444443
169,720,0.21528371198876417,0.2576808367675708,0.2939257791800338,494,8.909745655500955e-05,0.024959523230791092,121617,2.238142200311025,0.19305555555555556,0.16944444444444445,0.17916666666666667,0.18888888888888888,0.26944444444444443
170,720,0.2133246302096664,-0.059142044607480085,-0.057427127746002116,497,8.660992949292753e-05,0.02408847026526928,122337,2.253290315469106,0.175,0.2125,0.15833333333333333,0.24444444444444444,0.20972222222222223
171,720,0.21138337607475843,0.0628556264340848,0.06487308860776109,498,8.519938603765494e-05,0.024187540635466576,123057,2.276075216134389,0.18611111111111112,0.17222222222222222,0.17777777777777778,0.22777777777777777,0.2361111111111111
172,720,0.20945978735247814,0.1541410277684984,0.1666554059857921,529,9.217633966045469e-05,0.02560325339436531,123777,2.2875534176826475,0.2513888888888889,0.18333333333333332,0.14027777777777778,0.2013888888888889,0.22361111111111112
173,720,0.20755370328757058,-0.4063315716277495,-0.3339107254989755,495,8.770055404612422e-05,0.02391938492655754,124497,2.30041921933492,0.25416666666666665,0.13333333333333333,0.17083333333333334,0.21944444444444444,0.2222222222222222
174,720,0.20566496458765368,0.07678350687628246,0.0798082800183022,445,9.358251246440987e-05,0.023375321179628372,125217,2.3139674186706545,0.325,0.12222222222222222,0.12222222222222222,0.15138888888888888,0.2791666666666667
175,720,0.20379341340990603,-0.1475140231400293,-0.13714966163458264,499,8.906964268994165e-05,0.02167615480720997,125937,2.3272000352541604,0.3,0.17083333333333334,0.1736111111111111,0.16527777777777777,0.19027777777777777
176,720,0.20193889334787588,0.038434505503359355,0.0391826653835492,470,8.587859918710214e-05,0.022436756640672684,126657,2.3399409373601276,0.1597222222222222,0.12916666666666668,0.1388888888888889,0.24722222222222223,0.325
177,720,0.2001012494184102,-0.1420050351202998,-0.13238311208048836,489,8.8682798365072e-05,0.023513291031122208,127377,2.3526071667671205,0.2708333333333333,0.15833333333333333,0.18472222222222223,0.15416666666666667,0.23194444444444445
178,720,0.19828032804870266,-0.10328081741508258,-0.09812632391642828,523,8.935847796591487e-05,0.024805760011076927,128097,2.36678546667099,0.26805555555555555,0.17222222222222222,0.18333333333333332,0.16527777777777777,0.2111111111111111
179,720,0.19647597706345946,0.062014487854087634,0.06397775937090233,509,8.42195289275575e-05,0.024132495746016502,128817,2.3803752024968463,0.2513888888888889,0.1875,0.17777777777777778,0.18472222222222223,0.1986111111111111
180,720,0.19468804567218198,0.1034785298119549,0.10902198219894799,455,8.843721955397794e-05,0.023527085781097412,129537,2.3939825852711993,0.21805555555555556,0.1625,0.14305555555555555,0.2013888888888889,0.275
181,720,0.19291638445656512,0.09093973833517283,0.09520300451345132,447,8.622449430630594e-05,0.025170570239424706,130257,2.417499534289042,0.2375,0.2125,0.175,0.15,0.225
182,720,0.19116084535801037,0.04741412301763127,0.04855615041665606,476,8.409394739222383e-05,0.02388259395956993,130977,2.4300755858421326,0.2652777777777778,0.18888888888888888,0.13055555555555556,0.1625,0.25277777777777777
183,720,0.18942128166525246,0.0002724884171227172,0.000272525545462976,485,8.520985853819083e-05,0.024210821837186813,131697,2.441978184382121,0.2111111111111111,0.13055555555555556,0.13333333333333333,0.22916666666666666,0.29583333333333334
184,720,0.18769754800209867,-0.35262660192817574,-0.29716041666854154,456,8.310467836862598e-05,0.022296242415905,132417,2.4546584208806355,0.2152777777777778,0.19166666666666668,0.15555555555555556,0.21388888888888888,0.22361111111111112
185,720,0.18598950031527958,-0.06600226433225602,-0.063871255417293,440,9.043891575402085e-05,0.022374000400304794,133137,2.4688661694526672,0.2263888888888889,0.17083333333333334,0.12638888888888888,0.2361111111111111,0.24027777777777778
186,720,0.18429699586241055,0.24934874018385095,0.28318945477468516,436,8.380086372502167e-05,0.021804604679346085,133857,2.481450132528941,0.2,0.19583333333333333,0.18055555555555555,0.15694444444444444,0.26666666666666666
187,720,0.1826198932000626,-0.09722669299034058,-0.09264970713390008,522,8.465960668218031e-05,0.02304805815219879,134577,2.4934138019879657,0.24305555555555555,0.2125,0.12916666666666668,0.2111111111111111,0.20416666666666666
188,720,0.18095805217194205,-0.00034213000670573303,-0.00034207148690801326,481,8.89149325126305e-05,0.021353237330913544,135297,2.508438201745351,0.1375,0.2375,0.10555555555555556,0.2222222222222222,0.2972222222222222
189,720,0.17931133389717738,-0.014365447358075186,-0.014262756639978447,530,8.853266938331217e-05,0.021041888743638992,136017,2.5233303864796954,0.1875,0.19722222222222222,0.14305555555555555,0.2222222222222222,0.25
190,720,0.17767960075871306,-0.11711149618045422,-0.110513986658627,490,9.114020308516046e-05,0.019985593855381012,136737,2.53682191769282,0.25555555555555554,0.21805555555555556,0.1597222222222222,0.225,0.14166666666666666
191,720,0.17606271639180876,-0.05600610659374357,-0.0544666381153458,422,9.13228476343243e-05,0.02170691080391407,137457,2.562779136498769,0.19444444444444445,0.17222222222222222,0.11944444444444445,0.16111111111111112,0.3527777777777778
192,720,0.1744605456726433,-0.07180763120979711,-0.06929008186751973,407,0.00011076603579011943,0.02261761948466301,138177,2.57807050148646,0.1486111111111111,0.09722222222222222,0.11805555555555555,0.22083333333333333,0.4152777777777778
193,720,0.17287295470702224,0.11126035947182655,0.11768586907797007,515,8.849788347081105e-05,0.021650221198797226,138897,2.591425581773122,0.1638888888888889,0.18611111111111112,0.2013888888888889,0.20972222222222223,0.2388888888888889
194,720,0.17129981081918835,-0.04536526558604267,-0.04435164738103292,505,8.706446619726194e-05,0.02111206203699112,139617,2.603333036104838,0.23194444444444445,0.28888888888888886,0.1125,0.2263888888888889,0.14027777777777778
195,720,0.16974098254073375,0.007264697960773255,0.007291149895310323,477,8.239373292882293e-05,0.022419873625040054,140337,2.6153279383977255,0.18472222222222223,0.18333333333333332,0.14444444444444443,0.21805555555555556,0.26944444444444443
196,720,0.16819633959961308,-0.02812124126279124,-0.027729519645772416,412,8.129441752973637e-05,0.022286592051386833,141057,2.627910816669464,0.23472222222222222,0.20833333333333334,0.1375,0.14583333333333334,0.27361111111111114
197,720,0.16666575290925661,-0.1105286844659734,-0.10463935312087713,480,8.1404884981061e-05,0.021988777443766594,141777,2.6403162042299906,0.21666666666666667,0.17083333333333334,0.16805555555555557,0.1875,0.2569444444444444
198,720,0.16514909455778237,0.06131571094789342,0.06323453598785855,494,7.571244143744278e-05,0.020303647965192795,142497,2.652610385417938,0.175,0.2361111111111111,0.18194444444444444,0.20694444444444443,0.2
199,720,0.16364623779730655,0.38649652837295617,0.47181528746376333,487,7.933175027119432e-05,0.01842120662331581,143217,2.6652968525886536,0.19583333333333333,0.21388888888888888,0.16666666666666666,0.18472222222222223,0.2388888888888889
200,720,0.16215705703335107,0.10272320712172411,0.10818462900756964,377,8.194676376105134e-05,0.01992347091436386,143937,2.6778331359227496,0.1388888888888889,0.13055555555555556,0.1,0.19722222222222222,0.43333333333333335
201,720,0.16068142781434758,0.37763735272125615,0.4588338048268985,495,7.666907226343433e-05,0.02075830288231373,144657,2.7015342513720193,0.19166666666666668,0.25833333333333336,0.18888888888888888,0.1763888888888889,0.18472222222222223
202,720,0.15921922682123701,-0.2360783034818359,-0.21028116622267323,529,8.049631026349542e-05,0.01923283562064171,145377,2.714412351449331,0.2152777777777778,0.19305555555555556,0.1875,0.17083333333333334,0.23333333333333334
203,720,0.15777033185716377,-0.011986294257934755,-0.011914744789230047,445,8.381334116367928e-05,0.019573751837015152,146097,2.726745633284251,0.19722222222222222,0.1986111111111111,0.11805555555555555,0.16944444444444445,0.31666666666666665
204,720,0.15633462183726357,0.5849065143016434,0.7948231874975462,534,8.190270508900236e-05,0.02060878649353981,146817,2.7403318723042807,0.14583333333333334,0.25416666666666665,0.1875,0.1638888888888889,0.24861111111111112
205,720,0.15491197677854449,0.3314547181412661,0.3929930675348834,503,9.349792868912724e-05,0.020849578082561493,147537,2.752750901381175,0.1486111111111111,0.2125,0.17222222222222222,0.20277777777777778,0.2638888888888889
206,720,0.15350227778985973,-0.044401902297777504,-0.04343056724547145,499,6.623735959263084e-05,0.019671550020575523,148257,2.766390303770701,0.19583333333333333,0.2222222222222222,0.1736111111111111,0.16666666666666666,0.24166666666666667
207,720,0.152105407061972,-0.2153552733177938,-0.1937450515816106,484,6.778334802169815e-05,0.018619239330291748,148977,2.779135584831238,0.1736111111111111,0.2513888888888889,0.1763888888888889,0.17916666666666667,0.21944444444444444
208,720,0.15072124785770807,-0.12677418090367204,-0.11906741846291902,530,6.283610172962047e-05,0.01729109138250351,149697,2.7927890539169313,0.17083333333333334,0.20694444444444443,0.25416666666666665,0.18611111111111112,0.18194444444444444
209,720,0.14934968450220293,0.030329911758933473,0.03079454910572821,483,6.033565470791776e-05,0.018567457795143127,150417,2.8057133197784423,0.18194444444444444,0.18333333333333332,0.18472222222222223,0.16805555555555557,0.28194444444444444
210,720,0.1479906023732329,1.8813783533445194,5.562544135761625,543,6.324630233444219e-05,0.017641786485910416,151137,2.818300982316335,0.2152777777777778,0.2,0.1875,0.13055555555555556,0.26666666666666666
211,720,0.14664388789163646,0.03951571880490915,0.04030685113687471,435,7.701039382431594e-05,0.016364380717277527,151857,2.842439369360606,0.16111111111111112,0.14305555555555555,0.20833333333333334,0.25277777777777777,0.23472222222222222
212,720,0.14530942851182257,0.029438605656530864,0.02987620495745702,514,7.731557121436102e-05,0.016411108896136284,152577,2.856381134192149,0.1986111111111111,0.1763888888888889,0.20555555555555555,0.2152777777777778,0.20416666666666666
213,720,0.143987112712365,-0.1355268734172426,-0.12674430475150555,469,9.109845117210272e-05,0.016871513798832893,153297,2.868919603029887,0.2111111111111111,0.15416666666666667,0.1486111111111111,0.20694444444444443,0.2791666666666667
214,720,0.1426768299866825,0.17646180721467877,0.1929888623219771,443,7.094627200609062e-05,0.01636631041765213,154017,2.8807645718256634,0.20416666666666666,0.2375,0.12361111111111112,0.1986111111111111,0.2361111111111111
215,720,0.14137847083380367,0.07475682253499187,0.07762206561715357,488,7.174505678146185e-05,0.0178108848631382,154737,2.894413367907206,0.2222222222222222,0.225,0.15,0.2,0.20277777777777778
216,720,0.14009192674921606,0.28530065277531125,0.33016188487174025,507,6.692780137250844e-05,0.0163201242685318,155457,2.9079216003417967,0.25,0.1736111111111111,0.11666666666666667,0.20972222222222223,0.25
217,720,0.1388170902157982,0.2467491803527177,0.2798580589697277,457,6.583190707563821e-05,0.015382999554276466,156177,2.9201481183369955,0.14444444444444443,0.2611111111111111,0.2,0.14166666666666666,0.25277777777777777
218,720,0.13755385469483442,-0.15073586487416324,-0.1399251553634132,451,6.63436049788086e-05,0.01599825546145439,156897,2.933101987838745,0.24444444444444444,0.1388888888888889,0.17083333333333334,0.18472222222222223,0.2611111111111111
219,720,0.13630211461711142,-0.0662560067123163,-0.0641087608191212,468,7.427319270239726e-05,0.0159566942602396,157617,2.947528151671092,0.2763888888888889,0.2111111111111111,0.13055555555555556,0.15138888888888888,0.23055555555555557
220,720,0.1350617653740957,-0.5487056467351115,-0.42230292924364565,501,6.775915208992147e-05,0.015610254369676113,158337,2.960738468170166,0.16944444444444445,0.29583333333333334,0.20277777777777778,0.13055555555555556,0.2013888888888889
221,720,0.13383270330919142,-0.23566653116262554,-0.20995591490681487,449,6.460820235487416e-05,0.015735432505607605,159057,2.984050937493642,0.15,0.2652777777777778,0.21388888888888888,0.13333333333333333,0.2375
222,720,0.1326148257090778,-0.021183491377459347,-0.02096069718348803,484,6.525623099378209e-05,0.016332285478711128,159777,2.9970802863438926,0.20416666666666666,0.19722222222222222,0.20972222222222223,0.14444444444444443,0.24444444444444444
223,720,0.13140803079512517,-0.0854305382977194,-0.0818830851969169,442,6.62540271125383e-05,0.01583092100918293,160497,3.008930750687917,0.15555555555555556,0.13472222222222222,0.18194444444444444,0.26805555555555555,0.25972222222222224
224,720,0.13021221771488953,-0.13935055637602017,-0.13007698206090157,457,5.924089317406672e-05,0.014909008517861366,161217,3.0215073386828104,0.3541666666666667,0.17083333333333334,0.1638888888888889,0.12361111111111112,0.1875
225,720,0.12902728653368403,-0.07795183859987032,-0.0749910248018546,470,5.687381246212276e-05,0.014013840816915035,161937,3.032778068383535,0.3194444444444444,0.2,0.13194444444444445,0.175,0.1736111111111111
226,720,0.12785313822622751,-0.6060354434328981,-0.4544907099052733,529,6.0864840027837395e-05,0.01435021124780178,162657,3.046101001898448,0.15833333333333333,0.2513888888888889,0.18194444444444444,0.19166666666666668,0.21666666666666667
227,720,0.12668967466836883,-0.07928520856334842,-0.076223582075299,435,6.0612978384395116e-05,0.015281600877642632,163377,3.057894766330719,0.18888888888888888,0.1361111111111111,0.2,0.2569444444444444,0.21805555555555556
228,720,0.12553679862888667,-0.17247349455831698,-0.15841940501846263,490,6.161726294193513e-05,0.01586374081671238,164097,3.069847520192464,0.125,0.1986111111111111,0.175,0.20416666666666666,0.2972222222222222
229,720,0.1243944137613638,-0.1818671933694588,-0.16628794444734063,472,5.699317356781345e-05,0.014595668762922287,164817,3.082343701521556,0.24583333333333332,0.20416666666666666,0.14583333333333334,0.175,0.22916666666666666
230,720,0.12326242459613539,-0.03590341454320149,-0.03526653179389583,422,6.14092743224622e-05,0.015194794163107872,165537,3.0950291315714518,0.24305555555555555,0.1375,0.21666666666666667,0.2,0.20277777777777778
231,720,0.12214073653231056,0.14373185973810773,0.15457447911151,474,6.520529204357849e-05,0.01583782397210598,166257,3.1183741887410483,0.21944444444444444,0.14305555555555555,0.16944444444444445,0.20555555555555555,0.2625
232,720,0.12102925582986652,-0.3798649516913841,-0.31604623022457434,464,5.4795549755858194e-05,0.01472022570669651,166977,3.1310865839322406,0.2375,0.19305555555555556,0.1361111111111111,0.22361111111111112,0.20972222222222223
233,720,0.11992788960181475,-0.1751868514294964,-0.16069981832186286,516,6.100228297959297e-05,0.01435626670718193,167697,3.1440767645835876,0.19444444444444445,0.2152777777777778,0.20833333333333334,0.13472222222222222,0.24722222222222223
234,720,0.11883654580643824,-0.1289210508204535,-0.12095663744161067,451,5.822737038746103e-05,0.015149028040468693,168417,3.1568697690963745,0.24444444444444444,0.1597222222222222,0.23194444444444445,0.14583333333333334,0.21805555555555556
235,720,0.11775513323959964,0.3167068299456082,0.3726001076848784,504,6.270484507114007e-05,0.015192445367574692,169137,3.1696720163027448,0.24722222222222223,0.19166666666666668,0.20972222222222223,0.12083333333333333,0.23055555555555557
236,720,0.11668356152711928,-0.08025777592738052,-0.07712158011845371,406,5.8383858319959676e-05,0.013322988525032997,169857,3.182480486234029,0.17916666666666667,0.16666666666666666,0.2375,0.17916666666666667,0.2375
237,720,0.1156217411172225,0.10489177881660014,0.1105904144430283,456,5.694125252249351e-05,0.015208318829536438,170577,3.195225703716278,0.2708333333333333,0.15138888888888888,0.16111111111111112,0.15833333333333333,0.25833333333333336
238,720,0.11456958327305578,-0.012551072224631326,-0.01247263601342341,473,6.014284855887632e-05,0.013616731390357018,171297,3.2071885029474894,0.19305555555555556,0.18472222222222223,0.18611111111111112,0.175,0.2611111111111111
239,720,0.11352700006527097,-0.061962599539194384,-0.0600819604984818,430,5.959879997716497e-05,0.012929616495966911,172017,3.219537921746572,0.16527777777777777,0.1486111111111111,0.2263888888888889,0.20277777777777778,0.2569444444444444
240,720,0.112493904364677,0.04964310554223763,0.050895970492278675,476,6.123173646225648e-05,0.014286208897829056,172737,3.2332059860229494,0.18194444444444444,0.16944444444444445,0.2513888888888889,0.175,0.2222222222222222
241,720,0.11147020983495844,0.1976964187246084,0.21859239582854473,456,5.698229087253518e-05,0.013686011545360088,173457,3.2576496164004007,0.3013888888888889,0.21805555555555556,0.19722222222222222,0.1,0.18333333333333332
242,720,0.11045583092546031,0.25375910155436715,0.28886128218765017,420,5.995949557649914e-05,0.01490192860364914,174177,3.2693666855494183,0.20277777777777778,0.11666666666666667,0.18888888888888888,0.18611111111111112,0.3055555555555556
243,720,0.10945068286403863,-0.04010031122348348,-0.03930693397809604,438,6.888226551053676e-05,0.015258105471730232,174897,3.2815208196640016,0.2791666666666667,0.2125,0.14444444444444443,0.15555555555555556,0.20833333333333334
244,720,0.10845468164997588,-0.14561212436768567,-0.13550704608622532,439,6.297905908670347e-05,0.016055626794695854,175617,3.2936941981315613,0.1388888888888889,0.1486111111111111,0.24305555555555555,0.20833333333333334,0.2611111111111111
245,720,0.10746774404696109,0.015145573111016768,0.015260848538992233,413,6.545026780031548e-05,0.016073282808065414,176337,3.3060438513755797,0.25833333333333336,0.16111111111111112,0.19444444444444445,0.14027777777777778,0.24583333333333332
246,720,0.10648978757613374,0.05746167990357629,0.059144683350691896,474,6.540024731344197e-05,0.016802430152893066,177057,3.318555017312368,0.19027777777777777,0.18888888888888888,0.15138888888888888,0.22916666666666666,0.24027777777777778
247,720,0.10552073050919092,0.3665499357837717,0.44274844352582976,491,6.194562046428271e-05,0.01573771983385086,177777,3.3305956880251566,0.19305555555555556,0.20277777777777778,0.18194444444444444,0.2,0.2222222222222222
248,720,0.10456049186155728,-0.1368789251727833,-0.1279241938320098,447,6.0669934537650585e-05,0.017016123980283737,178497,3.343855786323547,0.29305555555555557,0.15138888888888888,0.2263888888888889,0.12638888888888888,0.20277777777777778
249,720,0.1036089913856171,-0.10408264936588084,-0.09884918520012875,431,6.774153794392785e-05,0.01574474386870861,179217,3.35581667025884,0.20833333333333334,0.15833333333333333,0.23055555555555557,0.18194444444444444,0.22083333333333333
250,720,0.10266614956400799,0.06623591893467472,0.06847876180498313,459,6.401546382651051e-05,0.016161607578396797,179937,3.3686654686927797,0.2388888888888889,0.17222222222222222,0.18194444444444444,0.17222222222222222,0.23472222222222222
251,720,0.10173188760297552,0.21156613455570425,0.2356116795560661,411,6.109251050929742e-05,0.01582745835185051,180657,3.3925129691759746,0.22777777777777777,0.17083333333333334,0.17222222222222222,0.20833333333333334,0.22083333333333333
252,720,0.10080612742578844,-0.0065910339517315725,-0.006569360729908991,445,6.463617390484918e-05,0.017316004261374474,181377,3.4050206502278644,0.1597222222222222,0.225,0.23194444444444445,0.17222222222222222,0.2111111111111111
253,720,0.09988879166621377,-0.04092869625009997,-0.040102428195919804,520,6.530512241119545e-05,0.017176711931824684,182097,3.4168125987052917,0.225,0.23194444444444445,0.2013888888888889,0.15,0.19166666666666668
254,720,0.09897980366205122,0.12275933492304256,0.13061228930889657,488,6.476160403584193e-05,0.017024170607328415,182817,3.428798083464305,0.24444444444444444,0.20972222222222223,0.19444444444444445,0.13194444444444445,0.21944444444444444
255,720,0.09807908744872657,-0.2836704807536277,-0.24698526332305049,467,6.601583879475785e-05,0.017893152311444283,183537,3.4417028347651164,0.1763888888888889,0.24166666666666667,0.1875,0.20277777777777778,0.19166666666666668
256,720,0.09718656775294315,0.02954449177225161,0.029985260322094698,423,6.666350233975512e-05,0.017266780138015747,184257,3.4545100847880046,0.26944444444444443,0.2152777777777778,0.15416666666666667,0.17222222222222222,0.18888888888888888
257,720,0.09630216998639138,-0.007629082679944795,-0.007600055093536784,444,6.850054538871417e-05,0.01756102964282036,184977,3.4659138679504395,0.22083333333333333,0.18472222222222223,0.19027777777777777,0.20416666666666666,0.2
258,720,0.09542582023951522,-0.03252875231826024,-0.032005382658130466,447,6.379190125598042e-05,0.016356296837329865,185697,3.4785635670026145,0.16527777777777777,0.2125,0.23055555555555557,0.2222222222222222,0.16944444444444445
259,720,0.09455744527533563,0.5269003271953422,0.6936743275648904,527,6.759557243438192e-05,0.01650702953338623,186417,3.49052810271581,0.21805555555555556,0.20555555555555555,0.19166666666666668,0.1625,0.2222222222222222
260,720,0.09369697252333008,0.7609428186574985,1.1402931778755026,532,7.10597128545487e-05,0.018979143351316452,187137,3.503133483727773,0.1763888888888889,0.17222222222222222,0.18333333333333332,0.19166666666666668,0.2763888888888889
261,720,0.09284433007336777,0.23675968778545176,0.26713657278786984,449,7.406770331120545e-05,0.017344433814287186,187857,3.526249551773071,0.11527777777777778,0.1736111111111111,0.2013888888888889,0.21805555555555556,0.2916666666666667
262,720,0.09199944666970013,-0.025484805889361025,-0.025162809362654692,461,7.577852732588831e-05,0.0168402548879385,188577,3.5388081828753153,0.18333333333333332,0.18888888888888888,0.18194444444444444,0.19027777777777777,0.25555555555555554
263,720,0.09116225170500586,-0.01071252387362928,-0.010655349133805836,490,7.399016979737401e-05,0.01737530715763569,189297,3.5496443192164104,0.22083333333333333,0.20972222222222223,0.20972222222222223,0.18472222222222223,0.175
264,720,0.0903326752144903,0.22688720766000736,0.25468834072492497,437,7.499957192370251e-05,0.017183780670166016,190017,3.559323751926422,0.2013888888888889,0.20416666666666666,0.1597222222222222,0.19583333333333333,0.2388888888888889
265,720,0.08951064787003844,0.14922067200299918,0.16092914550466397,438,7.553500298374476e-05,0.016726266592741013,190737,3.5721057852109275,0.25,0.24444444444444444,0.18194444444444444,0.1625,0.16111111111111112
266,720,0.0886961009744211,0.432844715221267,0.5416368093818149,521,7.865141491139284e-05,0.017314376309514046,191457,3.584963015715281,0.1763888888888889,0.2625,0.18472222222222223,0.14166666666666666,0.23472222222222222
267,720,0.08788896645555387,0.06486109438122617,0.06701080029439654,466,8.393746407793716e-05,0.016857339069247246,192177,3.5983338673909504,0.18888888888888888,0.2152777777777778,0.1763888888888889,0.18888888888888888,0.23055555555555557
268,720,0.08708917686080833,0.1899009195029485,0.20912979054142866,478,8.507591235482122e-05,0.01754106394946575,192897,3.611465386549632,0.19722222222222222,0.22361111111111112,0.1486111111111111,0.2111111111111111,0.21944444444444444
269,720,0.08629666535137498,0.04112357741830634,0.04198086289452552,490,8.581340132423066e-05,0.01592308096587658,193617,3.6246597011884054,0.19305555555555556,0.24166666666666667,0.1111111111111111,0.2388888888888889,0.2152777777777778
270,720,0.08551136569667747,0.20520912398271915,0.2277817967371043,519,8.328827317048612e-05,0.01810028776526451,194337,3.6405060013135273,0.20555555555555555,0.25416666666666665,0.16527777777777777,0.1527777777777778,0.2222222222222222
271,720,0.0847332122688377,-0.061755723760885874,-0.05988749410801619,415,9.130543707366693e-05,0.017315633594989777,195057,3.6645349343617757,0.22777777777777777,0.1125,0.13333333333333333,0.2972222222222222,0.22916666666666666
272,720,0.08396214003719128,-0.061369309916304245,-0.05952415142447198,438,8.462173560575239e-05,0.017163773998618126,195777,3.6761059045791624,0.3458333333333333,0.14583333333333334,0.13194444444444445,0.15555555555555556,0.22083333333333333
273,720,0.08319808456285284,0.30547129969499126,0.3572645306491098,477,8.076875148819656e-05,0.017525585368275642,196497,3.688743849595388,0.19166666666666668,0.2125,0.1763888888888889,0.18611111111111112,0.23333333333333334
274,720,0.08244098199333087,-0.0622827832556445,-0.0603828587755918,428,8.420445971448013e-05,0.018004324287176132,197217,3.7017374356587727,0.1763888888888889,0.28055555555555556,0.21805555555555556,0.1597222222222222,0.16527777777777777
275,720,0.08169076905719157,0.37553153920156945,0.4557650051716542,521,7.982965684176533e-05,0.01870657503604889,197937,3.716167449951172,0.16944444444444445,0.24583333333333332,0.2125,0.17222222222222222,0.2
276,720,0.08094738305877112,-0.0878941891060835,-0.08414222067311083,407,8.014678394374641e-05,0.017376435920596123,198657,3.729705985387166,0.18055555555555555,0.2513888888888889,0.16527777777777777,0.20833333333333334,0.19444444444444445
277,720,0.08021076187293631,0.076204367392411,0.07918310145860064,418,7.976646607453909e-05,0.01613808237016201,199377,3.7439295212427774,0.15416666666666667,0.20416666666666666,0.20555555555555555,0.22777777777777777,0.20833333333333334
278,720,0.07948084393989259,-0.051074660857065225,-0.04979227543908915,414,7.467921570878389e-05,0.016013335436582565,200097,3.757686670621236,0.1625,0.14166666666666666,0.2263888888888889,0.30694444444444446,0.1625
279,720,0.07875756826003957,-0.03628662116158586,-0.035636153218676525,447,6.526749629958633e-05,0.01594284363090992,200817,3.7702250679334006,0.2125,0.275,0.17916666666666667,0.18333333333333332,0.15
280,720,0.07804087438887321,-0.05752933561488338,-0.05590580560351599,377,6.311957478020405e-05,0.01663670688867569,201537,3.7831013838450116,0.17083333333333334,0.17777777777777778,0.18333333333333332,0.225,0.24305555555555555
281,720,0.07733070243193446,-0.05384059717270004,-0.052416858104336606,423,6.39408916223753e-05,0.017364559695124626,202257,3.80726953347524,0.20694444444444443,0.20555555555555555,0.19722222222222222,0.21666666666666667,0.1736111111111111
282,720,0.07662699303980386,-0.16126834297456163,-0.1489363364922729,442,5.809020385640906e-05,0.015838954597711563,202977,3.8206218202908833,0.23194444444444445,0.16944444444444445,0.20416666666666666,0.1875,0.20694444444444443
283,720,0.07592968740314164,-0.08015788619520811,-0.077029389435889,423,6.59254090351169e-05,0.015932250767946243,203697,3.8335451006889345,0.16805555555555557,0.15,0.2708333333333333,0.2222222222222222,0.18888888888888888
284,720,0.07523872724777306,2.499301076927,11.173982309428878,529,7.126555217761658e-05,0.014600737951695919,204417,3.847749936580658,0.1986111111111111,0.20694444444444443,0.18888888888888888,0.13055555555555556,0.275
285,720,0.07455405482981832,0.6030952659256612,0.8277674801990889,503,7.440802841579676e-05,0.014807574450969696,205137,3.861520302295685,0.20416666666666666,0.23194444444444445,0.2152777777777778,0.13333333333333333,0.2152777777777778
286,720,0.07387561293086697,0.1616626908325675,0.17546367976766764,479,7.481212703371258e-05,0.014581471681594849,205857,3.8759582161903383,0.27361111111111114,0.19722222222222222,0.2263888888888889,0.14166666666666666,0.16111111111111112
287,720,0.07320334485319609,-0.1564662968998224,-0.14483966122820813,448,7.883964440856694e-05,0.014280534349381924,206577,3.8883522351582847,0.3972222222222222,0.18055555555555555,0.1597222222222222,0.12916666666666668,0.13333333333333333
288,720,0.07253719441503201,-0.07363523557719569,-0.07098949797550336,435,7.335521489974579e-05,0.014214815571904182,207297,3.901100734869639,0.19166666666666668,0.20555555555555555,0.25972222222222224,0.1875,0.15555555555555556
289,720,0.07187710594585521,0.4752214681342237,0.608370360827867,473,6.84828285026621e-05,0.014235589653253555,208017,3.914172633488973,0.2125,0.2111111111111111,0.2013888888888889,0.14027777777777778,0.23472222222222222
290,720,0.07122302428174793,-0.21147377570130843,-0.19060949352718537,410,6.787186214549164e-05,0.01431676372885704,208737,3.928380850950877,0.3125,0.17777777777777778,0.15138888888888888,0.1597222222222222,0.1986111111111111
291,720,0.07057489476078402,0.24666867569863718,0.279755028586687,437,6.94936707216382e-05,0.0148615762591362,209457,3.952161951859792,0.21666666666666667,0.21388888888888888,0.20694444444444443,0.18888888888888888,0.1736111111111111
292,720,0.06993266321846088,0.6717118676414252,0.9575855813407124,486,6.985040279232635e-05,0.015218589454889297,210177,3.9646883328755695,0.22083333333333333,0.22916666666666666,0.225,0.14027777777777778,0.18472222222222223
293,720,0.06929627598317288,-0.051845596785170034,-0.05052454241138715,441,7.081197255350465e-05,0.01451763417571783,210897,3.9777679204940797,0.2152777777777778,0.20972222222222223,0.23194444444444445,0.175,0.16805555555555557
294,720,0.068665679871726,0.19272396169177936,0.21254803760958096,339,7.176591137244435e-05,0.015146712772548199,211617,3.9904080867767333,0.16111111111111112,0.19027777777777777,0.2569444444444444,0.16944444444444445,0.2222222222222222
295,720,0.0680408221848933,0.05141857828721591,0.05276346499791629,316,7.894678435604874e-05,0.015556128695607185,212337,4.002899320920308,0.1875,0.14027777777777778,0.2013888888888889,0.30277777777777776,0.16805555555555557
296,720,0.06742165070301076,0.07537142361633925,0.07828457687317725,459,6.976067847972445e-05,0.015931671485304832,213057,4.015656149387359,0.19444444444444445,0.24027777777777778,0.20972222222222223,0.1361111111111111,0.21944444444444444
297,720,0.06680811368161337,0.0689264699433427,0.07135742927956135,434,7.550810815296751e-05,0.015465112403035164,213777,4.029176036516826,0.10138888888888889,0.1486111111111111,0.28888888888888886,0.17777777777777778,0.2833333333333333
298,720,0.06620015984711068,0.18212736164159388,0.19976698844275642,483,7.3917622358345e-05,0.015419687144458294,214497,4.0420578678449,0.26944444444444443,0.24027777777777778,0.1375,0.1388888888888889,0.21388888888888888
299,720,0.06559773839250198,-0.0016224216604818435,-0.0016211062459406955,352,7.030543633466854e-05,0.015607727691531181,215217,4.054244184494019,0.17777777777777778,0.24861111111111112,0.16527777777777777,0.19166666666666668,0.21666666666666667
300,720,0.06500079897313021,0.10048537680290766,0.10570747260755398,474,6.828324905099079e-05,0.014459362253546715,215937,4.066938936710358,0.20972222222222223,0.18472222222222223,0.2013888888888889,0.18194444444444444,0.2222222222222222
301,720,0.06440929170247472,-0.05840280039778406,-0.05673007859493984,451,7.953243308267904e-05,0.014710260555148125,216657,4.09038016796112,0.2152777777777778,0.2375,0.19166666666666668,0.175,0.18055555555555555
302,720,0.06382316714798221,-0.15614685694458813,-0.14456644521213857,479,7.274986140702014e-05,0.014605308882892132,217377,4.103320268789927,0.2222222222222222,0.19305555555555556,0.21388888888888888,0.16805555555555557,0.20277777777777778
303,720,0.06324237632693558,0.07875145033729714,0.0819353739759523,430,6.811990928352113e-05,0.01600671373307705,218097,4.115814769268036,0.1361111111111111,0.21944444444444444,0.2625,0.18194444444444444,0.2
304,720,0.06266687070236046,0.320923161369205,0.37839966248173984,517,7.066414814036964e-05,0.014895242638885975,218817,4.129527771472931,0.18888888888888888,0.24722222222222223,0.18194444444444444,0.15694444444444444,0.225
305,720,0.06209660217896898,-0.00441904686858942,-0.004409297247610078,461,6.755795606573479e-05,0.01542628277093172,219537,4.142275218168894,0.11666666666666667,0.23333333333333334,0.24027777777777778,0.16527777777777777,0.24444444444444444
306,720,0.06153152309914036,-0.0005020658289876191,-0.0005019398150287735,457,7.644868531492143e-05,0.016167249530553818,220257,4.155711603164673,0.09861111111111111,0.18055555555555555,0.2708333333333333,0.21805555555555556,0.23194444444444445
307,720,0.06097158623893818,0.18915932347915848,0.20823343710366915,406,8.004795003494615e-05,0.016884081065654755,220977,4.1689235210418705,0.2986111111111111,0.24305555555555555,0.18888888888888888,0.10555555555555556,0.1638888888888889
308,720,0.06041674480416385,-0.20476977342202493,-0.18516510853311885,396,7.16624188865151e-05,0.016602538526058197,221697,4.1826430002848305,0.24583333333333332,0.25555555555555554,0.1388888888888889,0.13194444444444445,0.22777777777777777
309,720,0.059866952426445956,0.21204047494740122,0.23619791911168453,434,7.166985781168478e-05,0.017377741634845734,222417,4.194558636347453,0.12361111111111112,0.19444444444444445,0.2152777777777778,0.20277777777777778,0.2638888888888889
310,720,0.059322163159365296,0.12087020239111385,0.12847842905918716,425,7.617931607405303e-05,0.01681448519229889,223137,4.206801633040111,0.32222222222222224,0.16666666666666666,0.14305555555555555,0.17777777777777778,0.19027777777777777
311,720,0.05878233147461507,-0.4428154493985428,-0.3577742807055242,502,6.866413621840669e-05,0.016067834571003914,223857,4.234013001124064,0.21666666666666667,0.21388888888888888,0.22777777777777777,0.10138888888888889,0.24027777777777778
312,720,0.058247412258196074,0.0971547308451803,0.10203087859874249,389,6.793096907939698e-05,0.015436696819961071,224577,4.247314349810282,0.18194444444444444,0.18888888888888888,0.2638888888888889,0.21388888888888888,0.15138888888888888
313,720,0.05771736080664649,0.5258175877062439,0.6918415118987682,470,7.563202644607574e-05,0.015597413294017315,225297,4.261160651842753,0.14583333333333334,0.24166666666666667,0.24166666666666667,0.17222222222222222,0.1986111111111111
314,720,0.057192132823306006,-0.3747986579065018,-0.31257232701497617,448,8.221578148853344e-05,0.016146443784236908,226017,4.274399999777476,0.19305555555555556,0.20833333333333334,0.2152777777777778,0.18194444444444444,0.2013888888888889
315,720,0.05667168441461392,-0.0869665494304767,-0.08329224048307005,436,7.767420731220732e-05,0.01692134328186512,226737,4.28792564868927,0.39166666666666666,0.20555555555555555,0.11805555555555555,0.14027777777777778,0.14444444444444443
316,720,0.056155972086440936,0.020579092010440878,0.020792301565843108,416,7.759963866773331e-05,0.016574490815401077,227457,4.301072820027669,0.16944444444444445,0.18472222222222223,0.1763888888888889,0.2111111111111111,0.25833333333333336
317,720,0.05564495274045432,-0.04316180493770639,-0.04224359218697982,417,8.571586772379507e-05,0.017376039177179337,228177,4.313963834444682,0.1388888888888889,0.18055555555555555,0.25416666666666665,0.18333333333333332,0.24305555555555555
318,720,0.05513858367051619,0.16622694057651477,0.18084105206685042,378,7.830744579374974e-05,0.01742945984005928,228897,4.327728919188181,0.3194444444444444,0.17777777777777778,0.22083333333333333,0.11527777777777778,0.16666666666666666
319,720,0.05463682255911449,0.2188653248700116,0.2446636401620197,385,7.498582232933081e-05,0.01721828803420067,229617,4.340197300910949,0.1527777777777778,0.2388888888888889,0.23333333333333334,0.1736111111111111,0.2013888888888889
320,720,0.05413962747382655,0.049506324384922196,0.0507522375554208,435,8.818423776928184e-05,0.01764962077140808,230337,4.353209082285563,0.2111111111111111,0.1763888888888889,0.2013888888888889,0.13472222222222222,0.2763888888888889
321,720,0.05364695686381473,0.10340845743409165,0.10894427311421628,346,8.629966972774935e-05,0.017192762345075607,231057,4.376717102527619,0.2916666666666667,0.1625,0.14305555555555555,0.22361111111111112,0.17916666666666667
322,720,0.05315876955635402,-0.04311608557857648,-0.04219980317681915,489,7.993785176773195e-05,0.01703980565071106,231777,4.38999506632487,0.10694444444444444,0.2569444444444444,0.20277777777777778,0.175,0.25833333333333336
323,720,0.0526750247533912,0.2683871850665331,0.30785342331066934,425,7.59100116965783e-05,0.016515538096427917,232497,4.402377168337504,0.1361111111111111,0.1736111111111111,0.24861111111111112,0.2152777777777778,0.2263888888888889
324,720,0.052195682028135335,0.05067537113209302,0.0519813343366331,496,7.281322959266214e-05,0.017029598355293274,233217,4.414435501893362,0.19583333333333333,0.2513888888888889,0.23055555555555557,0.1597222222222222,0.1625
325,720,0.0517207013216793,-0.2034654872432869,-0.1841016372615445,412,7.485642314198533e-05,0.01709519699215889,233937,4.427513551712036,0.14166666666666666,0.19305555555555556,0.23194444444444445,0.18055555555555555,0.25277777777777777
326,720,0.05125004293965202,-0.03814494579878004,-0.037426590192547904,431,8.224580438107094e-05,0.015597699210047722,234657,4.439677234490713,0.19027777777777777,0.17916666666666667,0.2513888888888889,0.15694444444444444,0.2222222222222222
327,720,0.050783667548901186,0.11745641194692596,0.12463260832954437,389,7.897311165581616e-05,0.016222868114709854,235377,4.452442236741384,0.17916666666666667,0.19583333333333333,0.14305555555555555,0.27361111111111114,0.20833333333333334
328,720,0.050321536174206184,0.04782139725369747,0.04898328729680612,421,7.58299399396694e-05,0.017400018870830536,236097,4.46586598555247,0.10138888888888889,0.22361111111111112,0.21944444444444444,0.21944444444444444,0.2361111111111111
329,720,0.049863610195020905,0.1595385803815259,0.1729695149591921,441,7.05405361410764e-05,0.015272382646799088,236817,4.478644267717997,0.19444444444444445,0.225,0.19166666666666668,0.1597222222222222,0.22916666666666666
330,720,0.049409851342246215,-0.03354155364997233,-0.03298527259498629,448,6.88202235677535e-05,0.014881451614201069,237537,4.490876034895579,0.12916666666666668,0.18611111111111112,0.2763888888888889,0.19583333333333333,0.2125
331,720,0.04896022169503177,0.9136217095028698,1.4933363407553997,506,7.663413587124523e-05,0.015064310282468796,238257,4.514955985546112,0.20972222222222223,0.18055555555555555,0.24027777777777778,0.1597222222222222,0.20972222222222223
332,720,0.04851468367760699,0.07830916483782538,0.08145695545526421,425,7.665724033232538e-05,0.01567559875547886,238977,4.528459068139394,0.22777777777777777,0.18472222222222223,0.18472222222222223,0.17777777777777778,0.225
333,720,0.04807320005614076,0.3312559608900676,0.39271622757472646,472,8.165724576909067e-05,0.015761569142341614,239697,4.541164116064707,0.30694444444444446,0.17916666666666667,0.25,0.07777777777777778,0.18611111111111112
334,720,0.04763573393562988,0.11940476322630655,0.12682592369137846,369,7.933009250741129e-05,0.016400637105107307,240417,4.55376345316569,0.3333333333333333,0.17222222222222222,0.2361111111111111,0.0763888888888889,0.18194444444444444
335,720,0.04720224875681565,0.08954327419810253,0.09367466018223247,469,6.97254917011176e-05,0.015715699642896652,241137,4.566333436965943,0.16111111111111112,0.25277777777777777,0.20277777777777778,0.1638888888888889,0.21944444444444444
336,720,0.04677270829312862,-0.18898435764779398,-0.17220054467590373,388,6.884571975357782e-05,0.015291230753064156,241857,4.57921773592631,0.2847222222222222,0.2222222222222222,0.1638888888888889,0.11388888888888889,0.2152777777777778
337,720,0.046347076647661155,-0.005388396156820517,-0.005373904790339945,430,6.792418842375507e-05,0.014592333696782589,242577,4.592044285933176,0.24861111111111112,0.16111111111111112,0.2513888888888889,0.15138888888888888,0.1875
338,720,0.045925318250167435,-0.22287524161394667,-0.1997853234411776,419,6.661923352642891e-05,0.015909165143966675,243297,4.60785216887792,0.26666666666666666,0.23194444444444445,0.18055555555555555,0.15694444444444444,0.1638888888888889
339,720,0.045507397854090914,0.24208463298803354,0.27390200238693163,472,7.717968657187966e-05,0.014679592102766037,244017,4.620409003893534,0.16527777777777777,0.19305555555555556,0.25277777777777777,0.1625,0.2263888888888889
340,720,0.04509328053361869,0.06406552083020231,0.0661622523089529,310,6.790711816317223e-05,0.014385463669896126,244737,4.631822768847147,0.29444444444444445,0.1361111111111111,0.28055555555555556,0.08888888888888889,0.2
341,720,0.04468293168076276,0.17440655643814104,0.19053948893675643,414,7.272267723945131e-05,0.013381917029619217,245457,4.655528497695923,0.2013888888888889,0.18888888888888888,0.2,0.2013888888888889,0.20833333333333334
342,720,0.04427631700246782,0.1156514530241079,0.1226045235237323,406,6.486694263748581e-05,0.01396787166595459,246177,4.668872535228729,0.28194444444444444,0.16111111111111112,0.1875,0.14027777777777778,0.22916666666666666
343,720,0.043873402517745366,0.06728803717591035,0.06960351938587728,377,6.485355592834215e-05,0.013706272467970848,246897,4.681640303134918,0.2708333333333333,0.2,0.18611111111111112,0.14027777777777778,0.20277777777777778
344,720,0.04347415455483388,0.05504799580164975,0.056591325406212034,378,7.01726874038084e-05,0.01310097984969616,247617,4.69427074988683,0.23333333333333334,0.18055555555555555,0.17222222222222222,0.10833333333333334,0.3055555555555556
345,720,0.043078539748384895,-0.01162245309254715,-0.01155517328897826,388,6.676181800710563e-05,0.013679522089660168,248337,4.707746088504791,0.2861111111111111,0.2722222222222222,0.11944444444444445,0.075,0.24722222222222223
346,720,0.04268652503667459,0.06500230702287571,0.06716148634731445,399,6.895870726819137e-05,0.012442314065992832,249057,4.720501335461934,0.3486111111111111,0.22361111111111112,0.18055555555555555,0.08611111111111111,0.16111111111111112
347,720,0.04229807765884085,0.12065428447555716,0.12823479665228077,361,6.372434847763644e-05,0.013335403054952621,249777,4.733283619085948,0.13472222222222222,0.19305555555555556,0.24305555555555555,0.1763888888888889,0.25277777777777777
348,720,0.0419131651521454,0.06917388208673762,0.07162252891056542,409,6.63937709734657e-05,0.014524156227707863,250497,4.743897585074107,0.15,0.2263888888888889,0.20555555555555555,0.18333333333333332,0.23472222222222222
349,720,0.04153175534926088,-0.4758857506375976,-0.37866553474100306,425,6.487352290933915e-05,0.014148234389722347,251217,4.756450053056081,0.2152777777777778,0.2875,0.20694444444444443,0.09722222222222222,0.19305555555555556
350,720,0.04115381637558261,0.3581437868748447,0.4306713174489494,428,6.353847840803914e-05,0.015601457096636295,251937,4.770394051074982,0.18333333333333332,0.1875,0.19305555555555556,0.20972222222222223,0.2263888888888889
351,720,0.040779316646564805,0.050984806129394246,0.05230690454679232,445,7.584565873407377e-05,0.015518915839493275,252657,4.794007901350657,0.24027777777777778,0.2375,0.225,0.13055555555555556,0.16666666666666666
352,720,0.04040822486508106,0.25495546812785297,0.2904041554805086,497,8.861727047436337e-05,0.015940092504024506,253377,4.807245115439097,0.24444444444444444,0.14583333333333334,0.20694444444444443,0.1388888888888889,0.2638888888888889
353,720,0.040040510018808824,0.21209757442513347,0.2362685073824986,456,8.682263053414217e-05,0.016796531155705452,254097,4.819722668329875,0.2763888888888889,0.2,0.18194444444444444,0.16805555555555557,0.1736111111111111
354,720,0.03967614137763766,-0.22060248764896842,-0.197964564076909,413,7.093721943899962e-05,0.016326643526554108,254817,4.8323820034662885,0.19444444444444445,0.18611111111111112,0.18611111111111112,0.15555555555555556,0.2777777777777778
355,720,0.03931508849110116,0.20406372039645268,0.22637629615033772,368,6.618167410958146e-05,0.015314729884266853,255537,4.845509386062622,0.24444444444444444,0.22083333333333333,0.1486111111111111,0.17222222222222222,0.21388888888888888
356,720,0.03895732118583214,-0.08862550061722332,-0.08481175316145195,421,6.781834626205334e-05,0.014797218143939972,256257,4.8598816871643065,0.25,0.2361111111111111,0.17777777777777778,0.17083333333333334,0.16527777777777777
357,720,0.03860280956304107,-0.18406235716300792,-0.1681160717124378,420,6.018024671953349e-05,0.01534787006676197,256977,4.872277200222015,0.24305555555555555,0.175,0.16666666666666666,0.15138888888888888,0.2638888888888889
358,720,0.038251523996017396,-0.0536920539909983,-0.05227609063474736,424,6.300096445481056e-05,0.015407315455377102,257697,4.884796118736267,0.16805555555555557,0.13472222222222222,0.2111111111111111,0.2222222222222222,0.2638888888888889
359,720,0.03790343512765364,0.06828427894563179,0.07066963405473681,369,5.739096913986133e-05,0.014426704496145248,258417,4.897492484251658,0.24444444444444444,0.175,0.19722222222222222,0.14166666666666666,0.24166666666666667
360,720,0.037558513867991986,-0.11556788174805002,-0.1091399029561344,380,6.218638637468151e-05,0.01348348893225193,259137,4.910300886631012,0.19722222222222222,0.2,0.20555555555555555,0.2375,0.1597222222222222
361,720,0.03721673139179326,0.19915614975968818,0.22037251189709406,404,6.11703331868638e-05,0.014225791208446026,259857,4.933887585004171,0.20555555555555555,0.17916666666666667,0.19583333333333333,0.22777777777777777,0.19166666666666668
362,720,0.03687805913612794,0.20874266386339746,0.2321278866996741,502,6.112504982588183e-05,0.014026576653122902,260577,4.947140816847483,0.27361111111111114,0.1736111111111111,0.18611111111111112,0.1597222222222222,0.20694444444444443
363,720,0.036542468797989176,0.05614374603450817,0.057749720136806015,417,5.193851274043482e-05,0.013248170726001263,261297,4.959490954875946,0.24166666666666667,0.1763888888888889,0.15694444444444444,0.16111111111111112,0.2638888888888889
364,720,0.03620993233192747,0.16139899816322514,0.17515375947588563,405,5.5221068453192854e-05,0.013673292472958565,262017,4.97171733379364,0.22777777777777777,0.16111111111111112,0.18888888888888888,0.175,0.24722222222222223
365,720,0.03588042194770693,-0.09367465788024565,-0.08942103625498976,400,5.517235564664386e-05,0.012870527803897858,262737,4.984206318855286,0.2638888888888889,0.11944444444444445,0.2125,0.15,0.25416666666666665
366,720,0.0355539101079828,0.15255989920918683,0.16481223133653788,406,5.531171337022695e-05,0.012603354640305042,263457,4.996441034475962,0.24583333333333332,0.16805555555555557,0.22916666666666666,0.15833333333333333,0.1986111111111111
367,720,0.03523036952600015,0.23836763510239853,0.2691757006059934,436,5.2382065777894444e-05,0.011666469275951385,264177,5.008361601829529,0.18888888888888888,0.2013888888888889,0.21388888888888888,0.19166666666666668,0.20416666666666666
368,720,0.03490977316331355,0.6555409415597734,0.9261841886887525,475,5.3944915720825926e-05,0.012573988176882267,264897,5.020011750857035,0.18194444444444444,0.14583333333333334,0.2125,0.18055555555555555,0.2791666666666667
369,720,0.0345920942275274,0.0957103683294768,0.10044029547238975,479,5.7270220712426734e-05,0.011268042027950287,265617,5.03201463619868,0.2777777777777778,0.15694444444444444,0.20277777777777778,0.16666666666666666,0.19583333333333333
370,720,0.0342773061700569,-0.2059617139158046,-0.186135764638923,446,5.331728407579956e-05,0.012404147535562515,266337,5.045337903499603,0.20833333333333334,0.14027777777777778,0.2152777777777778,0.20277777777777778,0.23333333333333334
371,720,0.03396538268390938,0.3955034296596549,0.4851316620827353,402,5.489027253891739e-05,0.011399613693356514,267057,5.064685332775116,0.2777777777777778,0.18611111111111112,0.21388888888888888,0.11805555555555555,0.20416666666666666
372,720,0.03365629770148581,-0.1338598548653971,-0.1252873572651758,404,5.681637232505131e-05,0.012111315503716469,267777,5.077569083372752,0.2791666666666667,0.1527777777777778,0.1986111111111111,0.06944444444444445,0.3
373,720,0.03335002539240229,1.0082079263831112,1.7406851020300147,481,5.9646351204870976e-05,0.012833302840590477,268497,5.0899707516034445,0.25555555555555554,0.2111111111111111,0.13055555555555556,0.13055555555555556,0.2722222222222222
374,720,0.03304654016133143,0.9658771185169495,1.627090916299383,465,5.118782959748892e-05,0.012370314449071884,269217,5.102633651097616,0.21666666666666667,0.23194444444444445,0.19722222222222222,0.15833333333333333,0.19583333333333333
375,720,0.03274581664586331,0.04124843486032156,0.04211097008195419,416,5.732212197623691e-05,0.012149766087532043,269937,5.115644001960755,0.24166666666666667,0.22083333333333333,0.2361111111111111,0.10277777777777777,0.1986111111111111
376,720,0.03244782971438596,-0.05263142997587013,-0.05127037864990247,383,6.083131945868243e-05,0.013271419331431389,270657,5.126561486721039,0.24444444444444444,0.18472222222222223,0.22361111111111112,0.09722222222222222,0.25
377,720,0.032152554463985045,1.399394788783379,3.052746456859863,482,7.020669759943606e-05,0.012843931093811989,271377,5.138126933574677,0.2638888888888889,0.19166666666666668,0.1111111111111111,0.12638888888888888,0.30694444444444446
378,720,0.03185996621836278,-0.1626727914266827,-0.15013077257885166,387,8.763548560687518e-05,0.013258516788482666,272097,5.1521122018496195,0.23333333333333334,0.17777777777777778,0.26666666666666666,0.09722222222222222,0.225
379,720,0.03157004052577568,0.06262018579896982,0.06462240372332473,413,7.616945466300724e-05,0.012681961059570312,272817,5.164872201283773,0.3194444444444444,0.11666666666666667,0.2263888888888889,0.11805555555555555,0.21944444444444444
380,720,0.031282753156991125,0.023613910068945792,0.02389492604572463,355,7.163299868453678e-05,0.013624703511595726,273537,5.177852634588877,0.1375,0.20694444444444443,0.24027777777777778,0.20694444444444443,0.20833333333333334
381,720,0.030998080103262507,-0.28564860521693847,-0.24847334790141395,417,6.276178168668088e-05,0.013364157639443874,274257,5.206317822138469,0.12083333333333333,0.1597222222222222,0.23472222222222222,0.18888888888888888,0.29583333333333334
382,720,0.030715997574322817,0.39423580450366635,0.4832502645332859,503,6.704161170066275e-05,0.013525815680623055,274977,5.220814184347788,0.2625,0.17222222222222222,0.16111111111111112,0.12083333333333333,0.2833333333333333
383,720,0.03043648199639648,-0.14145910714737656,-0.13190932643694142,469,6.558076298435683e-05,0.01422288827598095,275697,5.234546816349029,0.19166666666666668,0.18888888888888888,0.19583333333333333,0.15138888888888888,0.2722222222222222
384,720,0.030159510010229273,0.19012965762837938,0.20940639625705204,456,7.389118766746429e-05,0.013036803342401981,276417,5.250394848982493,0.25972222222222224,0.18611111111111112,0.14444444444444443,0.15555555555555556,0.25416666666666665
385,720,0.029885058469136187,-0.1747945692865864,-0.16037051126163282,410,7.207297294118892e-05,0.013453409075737,277137,5.264327752590179,0.21666666666666667,0.10555555555555556,0.23333333333333334,0.13472222222222222,0.30972222222222223
386,720,0.029613104437067047,0.11489410865597187,0.12175464717535478,356,7.17199602655051e-05,0.01397533155977726,277857,5.276324721177419,0.21666666666666667,0.16111111111111112,0.2708333333333333,0.075,0.2763888888888889
387,720,0.029343625186689738,0.5523234658975572,0.737284854249594,390,6.67817577790528e-05,0.013767516240477562,278577,5.288317716121673,0.29583333333333334,0.16527777777777777,0.2791666666666667,0.09722222222222222,0.1625
388,720,0.029076598197490863,-0.033994707932161264,-0.03342338018698454,360,6.89248302756419e-05,0.014675549231469631,279297,5.300956201553345,0.19583333333333333,0.13055555555555556,0.2777777777777778,0.13055555555555556,0.2652777777777778
389,720,0.028812001153893697,-0.19774211535237526,-0.17941855879018476,388,7.462893566728073e-05,0.014726637862622738,280017,5.314100416501363,0.175,0.1388888888888889,0.23472222222222222,0.2375,0.21388888888888888
390,720,0.028549811943393264,0.11168311668904479,0.11815847873823926,470,7.463095747905552e-05,0.014846748672425747,280737,5.325118720531464,0.29583333333333334,0.09166666666666666,0.2125,0.1625,0.2375
391,720,0.028290008654708387,0.15323823666882422,0.16560263515645035,442,7.512287872183758e-05,0.013328254222869873,281457,5.349649735291799,0.2611111111111111,0.13333333333333333,0.24027777777777778,0.09444444444444444,0.2708333333333333
392,720,0.02803256957595054,0.18604019491120333,0.20447067299639965,466,6.896537982154566e-05,0.014220242388546467,282177,5.362667568524679,0.3111111111111111,0.11527777777777778,0.2111111111111111,0.15138888888888888,0.2111111111111111
393,720,0.02777747319280939,0.0440889400482285,0.04507529980268643,356,7.604548576536116e-05,0.014628692530095577,282897,5.376018734773,0.16666666666666666,0.09166666666666666,0.23472222222222222,0.09027777777777778,0.4166666666666667
394,720,0.027524698186754824,0.044878255644947934,0.04590051967317832,418,6.761944841476482e-05,0.014071102254092693,283617,5.388686354955038,0.2722222222222222,0.12638888888888888,0.26805555555555555,0.1361111111111111,0.19722222222222222
395,720,0.027274223433255355,-0.005106664094129687,-0.0050936472520179965,409,7.031185962836793e-05,0.01479114405810833,284337,5.402275164922078,0.24861111111111112,0.1986111111111111,0.24583333333333332,0.14583333333333334,0.16111111111111112
396,720,0.027026028000012733,-0.03745218993504672,-0.036759530790651196,478,7.251809157524905e-05,0.014825820922851562,285057,5.415192933877309,0.2763888888888889,0.15416666666666667,0.23333333333333334,0.1486111111111111,0.1875
397,720,0.02678009114521262,0.02334409373854234,0.023618699740917792,446,7.63549301079062e-05,0.015549421310424805,285777,5.427019619941712,0.18333333333333332,0.175,0.2125,0.1486111111111111,0.28055555555555556
398,720,0.026536392315791184,-0.06941696741744179,-0.06706240561355759,482,7.571723885904349e-05,0.014211133122444153,286497,5.440264487266541,0.325,0.19305555555555556,0.18888888888888888,0.11666666666666667,0.1763888888888889
399,720,0.026294911145717484,0.8416543982431445,1.320202341973879,453,7.13296508934036e-05,0.014347048476338387,287217,5.453358050187429,0.2152777777777778,0.16805555555555557,0.18055555555555555,0.18194444444444444,0.25416666666666665
400,720,0.026055627454291456,0.7261030350231914,1.0670098272101631,488,7.348826831427383e-05,0.013881528750061989,287937,5.468294084072113,0.24027777777777778,0.1486111111111111,0.1763888888888889,0.1875,0.24722222222222223
401,720,0.025818521244457403,-0.13064386573020018,-0.1224697626613408,313,7.211181858919089e-05,0.013892789371311665,288657,5.4936768015225725,0.2875,0.03888888888888889,0.2125,0.12361111111111112,0.3375
402,720,0.02558357270113284,-0.10130143372332963,-0.09633940195129143,365,7.00336443287597e-05,0.014712518081068993,289377,5.5061308662096655,0.2513888888888889,0.13194444444444445,0.2847222222222222,0.1638888888888889,0.16805555555555557
403,720,0.025350762189552532,-0.2659718777795234,-0.2335393182257799,406,6.82105707533588e-05,0.015072088688611984,290097,5.519025003910064,0.225,0.125,0.225,0.2152777777777778,0.20972222222222223
404,720,0.025120070253627603,0.0938356020518931,0.09837915979347334,355,7.079315826861906e-05,0.014401134103536606,290817,5.531927998860677,0.1361111111111111,0.1388888888888889,0.2972222222222222,0.1527777777777778,0.275
405,720,0.02489147761431959,-0.10169484861195509,-0.09669484556184127,394,7.349875229212759e-05,0.014448927715420723,291537,5.5451187014579775,0.21666666666666667,0.2375,0.25833333333333336,0.08611111111111111,0.2013888888888889
406,720,0.024664965168029282,-0.13494470888430393,-0.12623577824886045,392,8.687471177684833e-05,0.015385122038424015,292257,5.55694618622462,0.2263888888888889,0.12222222222222222,0.2638888888888889,0.14166666666666666,0.24583333333333332
407,720,0.024440513985000214,-0.02743384897654342,-0.02706095866192404,446,7.42741317203076e-05,0.014996731653809547,292977,5.569307418664296,0.2125,0.09583333333333334,0.24027777777777778,0.16111111111111112,0.2902777777777778
408,720,0.02421810530773671,0.9826786460113894,1.671602944484309,486,8.812610815690883e-05,0.01515169907361269,293697,5.58143484989802,0.23055555555555557,0.1486111111111111,0.21666666666666667,0.18472222222222223,0.21944444444444444
409,720,0.023997720549436306,-0.30819259026918927,-0.26522620590135504,401,7.980201675208162e-05,0.016509097069501877,294417,5.5930765191713965,0.25,0.08888888888888889,0.30277777777777776,0.1736111111111111,0.18472222222222223
410,720,0.023779341292436435,-0.014293387221846213,-0.014191721720571704,379,7.617544091165958e-05,0.016069678589701653,295137,5.604258684317271,0.19027777777777777,0.10416666666666667,0.2263888888888889,0.18611111111111112,0.29305555555555557
411,720,0.023562949286675263,0.7624528360045824,1.1435274990279045,464,8.110867524667103e-05,0.01613953709602356,295857,5.626890619595845,0.2708333333333333,0.12222222222222222,0.1763888888888889,0.19305555555555556,0.2375
412,720,0.02334852644816652,-0.038201560431763676,-0.03748108439026665,401,7.830768900905444e-05,0.015323804691433907,296577,5.639720602830251,0.34305555555555556,0.16527777777777777,0.19583333333333333,0.09722222222222222,0.1986111111111111
413,720,0.023136054857488205,0.14782519422288043,0.1593102245246638,445,8.082276527198297e-05,0.015790121629834175,297297,5.655225082238515,0.30694444444444446,0.18888888888888888,0.14583333333333334,0.16944444444444445,0.18888888888888888
414,720,0.022925516758285063,0.2498294062104936,0.2838063886090296,437,8.2269343475774e-05,0.014641287736594677,298017,5.668605637550354,0.22916666666666666,0.2263888888888889,0.2388888888888889,0.08333333333333333,0.2222222222222222
415,720,0.02271689455578467,-0.16963825131212293,-0.15602993355466588,372,8.42394254530316e-05,0.014786173589527607,298737,5.683207317193349,0.19027777777777777,0.09305555555555556,0.375,0.16666666666666666,0.175
416,720,0.022510170815327028,0.17918816556970618,0.1962458152672435,452,8.054261431374874e-05,0.01457809004932642,299457,5.695770386854807,0.2638888888888889,0.18333333333333332,0.2708333333333333,0.14166666666666666,0.14027777777777778
417,720,0.022305328260907552,0.3471703345829912,0.4150577381131746,456,7.099335001865054e-05,0.014459935948252678,300177,5.710628517468771,0.2916666666666667,0.20277777777777778,0.1486111111111111,0.13194444444444445,0.225
418,720,0.022102349773733293,2.1324334968027454,7.435369299172644,481,8.4137008639118e-05,0.014497147873044014,300897,5.72379355430603,0.3013888888888889,0.2125,0.14583333333333334,0.1375,0.20277777777777778
419,720,0.02190121839079232,0.47731930037023984,0.6117479936330354,466,8.879383746918595e-05,0.01646161451935768,301617,5.7370654185613,0.21666666666666667,0.1625,0.22916666666666666,0.18611111111111112,0.20555555555555555
420,720,0.021701917303436107,0.10166123227467977,0.10700838948462765,412,8.601785538454957e-05,0.016112783923745155,302337,5.751192136605581,0.21388888888888888,0.18333333333333332,0.2513888888888889,0.15416666666666667,0.19722222222222222
421,720,0.021504429855974838,0.07418132040121371,0.0770020702404286,386,8.158465467557915e-05,0.015510570257902145,303057,5.776078820228577,0.2125,0.19166666666666668,0.30694444444444446,0.13333333333333333,0.15555555555555556
422,720,0.021308739544285468,-0.1373502998012087,-0.12833517137129846,418,8.30479070954324e-05,0.015389387495815754,303777,5.789368601640065,0.30277777777777776,0.20555555555555555,0.18611111111111112,0.14305555555555555,0.1625
423,720,0.02111483001443247,0.7244056219086714,1.0635042336835192,525,8.719634904031813e-05,0.015412861481308937,304497,5.80055216550827,0.28055555555555556,0.2222222222222222,0.16805555555555557,0.14583333333333334,0.18333333333333332
424,720,0.020922685061301134,0.1826486508507507,0.20039257706946678,417,8.109379594619288e-05,0.015212825499475002,305217,5.813588583469391,0.2861111111111111,0.17083333333333334,0.25,0.14444444444444443,0.1486111111111111
425,720,0.020732288627243294,0.12081606398216176,0.1284173366862369,432,7.309914356281094e-05,0.014276113361120224,305937,5.827066270510356,0.2625,0.2569444444444444,0.2375,0.1125,0.13055555555555556
426,720,0.02054362480073538,-0.09537561077181178,-0.09096857166084493,396,7.543862721427609e-05,0.014269296079874039,306657,5.839457269509634,0.18611111111111112,0.1875,0.29305555555555557,0.1625,0.17083333333333334
427,720,0.02035667781504869,0.19414331219411604,0.21427029022679456,410,7.550769272105148e-05,0.014991380274295807,307377,5.8524843692779545,0.10555555555555556,0.14027777777777778,0.2916666666666667,0.24305555555555555,0.21944444444444444
428,720,0.020171432046931746,0.40068744958222474,0.49285060449563245,461,8.126973709876337e-05,0.014003896154463291,308097,5.865835869312287,0.29444444444444445,0.19722222222222222,0.2388888888888889,0.1125,0.15694444444444444
429,720,0.019987872015304668,0.046389978245320124,0.047482826829918334,389,7.40642033633776e-05,0.014351224526762962,308817,5.877818866570791,0.22361111111111112,0.13194444444444445,0.2986111111111111,0.15833333333333333,0.1875
430,720,0.019805982379965396,-0.02621475452957736,-0.02587413079875056,389,7.732625011966674e-05,0.01472881343215704,309537,5.891154217720032,0.20833333333333334,0.14444444444444443,0.3638888888888889,0.15,0.13333333333333333
431,720,0.01962574794030771,0.2871086742338184,0.3325690215245074,442,7.829032112138318e-05,0.015163639560341835,310257,5.915397103627523,0.2625,0.16805555555555557,0.18333333333333332,0.14305555555555555,0.24305555555555555
432,720,0.01944715363405091,0.26703855687661293,0.3060908041418089,457,7.612540299912022e-05,0.015073694288730621,310977,5.927686353524526,0.20277777777777778,0.14166666666666666,0.2847222222222222,0.16944444444444445,0.2013888888888889
433,720,0.019270184535981047,0.30913230510019973,0.3622425902235602,360,7.919672521994572e-05,0.013926524668931961,311697,5.941033518314361,0.14583333333333334,0.10555555555555556,0.41944444444444445,0.14722222222222223,0.18194444444444444
434,720,0.01909482585670362,0.18569378298168474,0.2040535022471499,408,7.289881436665585e-05,0.01582731492817402,312417,5.954909618695577,0.24861111111111112,0.08194444444444444,0.37083333333333335,0.10277777777777777,0.19583333333333333
435,720,0.018921062941407617,0.09091630850285402,0.09517734439130554,397,7.689527836747503e-05,0.0153916971758008,313137,5.969197833538056,0.18055555555555555,0.14027777777777778,0.30833333333333335,0.13055555555555556,0.24027777777777778
436,720,0.01874888126864081,0.2753989849924674,0.31705605565157247,391,7.163931232096527e-05,0.015120787546038628,313857,5.984089887142181,0.16111111111111112,0.1125,0.39166666666666666,0.14583333333333334,0.18888888888888888
437,720,0.018578266449096176,0.2389818700100969,0.2699555120945083,381,7.386700885060943e-05,0.016044164076447487,314577,5.997438136736552,0.23472222222222222,0.12777777777777777,0.30833333333333335,0.09722222222222222,0.23194444444444445
438,720,0.018409204224409403,0.03745300153924065,0.038163203862630724,356,7.83299475642707e-05,0.01550048217177391,315297,6.010386117299398,0.08055555555555556,0.0375,0.4708333333333333,0.10416666666666667,0.30694444444444446
439,720,0.01824168046596728,-0.1697497756013792,-0.15612405146816666,412,7.643819969871402e-05,0.015747932717204094,316017,6.02365658680598,0.15138888888888888,0.09722222222222222,0.35138888888888886,0.19583333333333333,0.20416666666666666
440,720,0.018075681173726977,0.08179798946146973,0.08523655846314337,442,7.34857573206682e-05,0.015130831860005856,316737,6.0374213854471845,0.15,0.17777777777777778,0.32222222222222224,0.15,0.2
441,720,0.01791119247504606,0.2040055699426889,0.226304983885667,446,7.510498549486833e-05,0.015276344493031502,317457,6.06176960070928,0.2902777777777778,0.21805555555555556,0.24305555555555555,0.09861111111111111,0.15
442,720,0.01774820062352314,0.0824522107841206,0.08594677565409237,378,7.200181006889276e-05,0.015510396100580692,318177,6.07548615137736,0.25416666666666665,0.19166666666666668,0.25833333333333336,0.10694444444444444,0.18888888888888888
443,720,0.017586691997849083,-0.017423174545157925,-0.01727226873001786,435,6.637652252013342e-05,0.014973660930991173,318897,6.088514900207519,0.1986111111111111,0.14305555555555555,0.27361111111111114,0.12083333333333333,0.2638888888888889
444,720,0.017426653100668658,0.3165301950239985,0.37235767998368874,438,6.843384902974018e-05,0.015028808265924454,319617,6.100004537900289,0.19722222222222222,0.1638888888888889,0.2972222222222222,0.11944444444444445,0.2222222222222222
445,720,0.017268070557452574,0.14998000051960705,0.16181100687948002,402,6.451364704389562e-05,0.01495602447539568,320337,6.112266465028127,0.1986111111111111,0.11388888888888889,0.3125,0.18055555555555555,0.19444444444444445
446,720,0.017110931115379754,-0.1348031226722069,-0.12611205652399815,403,6.331841716473718e-05,0.014806324616074562,321057,6.124599885940552,0.13055555555555556,0.11527777777777778,0.43472222222222223,0.14305555555555555,0.1763888888888889
447,720,0.016955221642229797,0.06839363434447794,0.07078672396169039,317,5.932009411127284e-05,0.01509944535791874,321777,6.1382735013961796,0.17222222222222222,0.13055555555555556,0.2569444444444444,0.16666666666666666,0.27361111111111114
448,720,0.016800929125285507,0.06978820383571446,0.07228105218864478,332,5.984618546916762e-05,0.014007160440087318,322497,6.150463918844859,0.1361111111111111,0.09861111111111111,0.2847222222222222,0.3013888888888889,0.17916666666666667
449,720,0.016648040670245407,0.14659177152548028,0.15788118646556804,364,6.039771181652516e-05,0.014077816158533096,323217,6.163452100753784,0.22916666666666666,0.13472222222222222,0.35138888888888886,0.12916666666666668,0.15555555555555556
450,720,0.016496543500146173,0.1849092643299005,0.2031092702491306,367,6.066595811565397e-05,0.014403320848941803,323937,6.17702126900355,0.19722222222222222,0.16111111111111112,0.33611111111111114,0.12222222222222222,0.18333333333333332
451,720,0.016346424954294843,-0.04657240570030605,-0.04550455284339339,430,6.278677767820935e-05,0.01502278633415699,324657,6.200964132944743,0.2638888888888889,0.0763888888888889,0.2222222222222222,0.17916666666666667,0.25833333333333336
452,720,0.01619767248721076,0.08176386643765339,0.08519952754202142,377,6.028800242019214e-05,0.014793820679187775,325377,6.213837667306264,0.1388888888888889,0.13333333333333333,0.35833333333333334,0.1527777777777778,0.21666666666666667
453,720,0.016050273667577143,-0.16347243098789832,-0.15081008999422052,459,6.29994718312648e-05,0.015269972383975983,326097,6.226360968748728,0.2513888888888889,0.15694444444444444,0.20833333333333334,0.20555555555555555,0.17777777777777778
454,720,0.015904216177202193,-0.02934829174771877,-0.028921812958528692,485,6.391690908584578e-05,0.014991352334618568,326817,6.240573501586914,0.32083333333333336,0.13055555555555556,0.23194444444444445,0.1597222222222222,0.15694444444444444
455,720,0.015759487809989654,0.026590409788117917,0.026947089133449342,382,5.969957327604586e-05,0.014652409590780735,327537,6.255265867710113,0.1736111111111111,0.175,0.30416666666666664,0.14583333333333334,0.2013888888888889
456,720,0.015616076470918748,0.1505191128393781,0.162437522372469,414,6.013175502251518e-05,0.014615276828408241,328257,6.268451035022736,0.22361111111111112,0.1597222222222222,0.2777777777777778,0.1736111111111111,0.16527777777777777
457,720,0.015473970175033387,0.2668378183126845,0.3058286476627612,425,6.277400780163589e-05,0.01481237169355154,328977,6.281333637237549,0.21944444444444444,0.10694444444444444,0.29583333333333334,0.15416666666666667,0.22361111111111112
458,720,0.015333157046440584,0.45733149471834933,0.5798525102179364,494,6.126344655841523e-05,0.014450659975409508,329697,6.295706403255463,0.3055555555555556,0.08888888888888889,0.225,0.1486111111111111,0.23194444444444445
459,720,0.015193625317317975,0.10210230845405933,0.10749677221467757,352,6.35885405384013e-05,0.014553645625710487,330417,6.3084861199061075,0.1875,0.14583333333333334,0.21388888888888888,0.2513888888888889,0.2013888888888889
460,720,0.01505536332693038,0.3333682670488301,0.395661179865082,396,6.484982307660579e-05,0.013960916548967361,331137,6.32254361708959,0.2611111111111111,0.15,0.25555555555555554,0.1527777777777778,0.18055555555555555
461,720,0.014918359520655315,0.41806371332908804,0.5190174529780358,450,6.382013778597361e-05,0.013617249205708504,331857,6.347490052382152,0.28055555555555556,0.1763888888888889,0.20555555555555555,0.15416666666666667,0.18333333333333332
462,720,0.014782602449017352,0.20847657510399675,0.23180007493432542,450,6.518035513952075e-05,0.013198801316320896,332577,6.360042587916056,0.15416666666666667,0.14166666666666666,0.275,0.175,0.25416666666666665
463,720,0.014648080766731294,0.16921278260734784,0.18437212590281615,508,6.493885030446714e-05,0.013917583972215652,333297,6.372480837504069,0.2708333333333333,0.14166666666666666,0.22083333333333333,0.1625,0.20416666666666666
464,720,0.01451478323175404,0.07744166903343293,0.08051920289078973,318,6.271367355642118e-05,0.014322475530207157,334017,6.385421665509542,0.17083333333333334,0.1638888888888889,0.20972222222222223,0.28888888888888886,0.16666666666666666
465,720,0.014382698704345078,0.08273124775510299,0.08624983723374657,397,6.004076565078422e-05,0.014085426926612854,334737,6.3981343348821005,0.2625,0.14722222222222223,0.2777777777777778,0.15,0.1625
466,720,0.014251816146135538,-0.05084782651792768,-0.04957671125008789,507,6.750432534216897e-05,0.014401083812117577,335457,6.411807302633921,0.2861111111111111,0.14166666666666666,0.20277777777777778,0.16666666666666666,0.20277777777777778
467,720,0.014122124619205706,0.16141062094788838,0.175167418114353,346,6.791352650831565e-05,0.014052508398890495,336177,6.424471815427144,0.12777777777777777,0.19305555555555556,0.2986111111111111,0.25833333333333336,0.12222222222222222
468,720,0.013993613285170934,0.1581328285900699,0.1713217693942024,408,6.355637649069952e-05,0.015169001184403896,336897,6.438285621007283,0.26944444444444443,0.17777777777777778,0.21666666666666667,0.1388888888888889,0.19722222222222222
469,720,0.013866271404275878,-0.05066156955697106,-0.04939967180980287,458,6.051346328806378e-05,0.01397412084043026,337617,6.453531801700592,0.17916666666666667,0.1638888888888889,0.23333333333333334,0.2513888888888889,0.17222222222222222
470,720,0.013740088334496968,-0.03313692567349197,-0.032593912210267306,400,5.94590244696115e-05,0.013740645721554756,338337,6.466530203819275,0.22777777777777777,0.1125,0.3194444444444444,0.19444444444444445,0.14583333333333334
471,720,0.013615053530653046,0.03454990323387355,0.03515368460361468,402,5.552827587204471e-05,0.01350821927189827,339057,6.4920393347740175,0.23333333333333334,0.1111111111111111,0.28194444444444444,0.20833333333333334,0.16527777777777777
472,720,0.013491156543524103,0.41854892801635907,0.5197546813990066,434,5.4646776684169004e-05,0.013328914530575275,339777,6.504364101092021,0.2638888888888889,0.13055555555555556,0.21666666666666667,0.19583333333333333,0.19305555555555556
473,720,0.013368387018978033,1.096292392038107,1.993048376751422,495,6.0095454639647665e-05,0.012971315532922745,340497,6.517384584744772,0.20277777777777778,0.14444444444444443,0.3263888888888889,0.1388888888888889,0.1875
474,720,0.013246734697105333,0.4591855697466594,0.5827843924304563,452,5.9281784499237094e-05,0.013216525316238403,341217,6.531036134560903,0.24722222222222223,0.175,0.26805555555555555,0.12083333333333333,0.18888888888888888
475,720,0.013126189411361674,0.39571476062650807,0.4854455495586907,454,5.9800233447680915e-05,0.012716791592538357,341937,6.543095334370931,0.2111111111111111,0.18472222222222223,0.2652777777777778,0.1625,0.1763888888888889
476,720,0.013006741087718283,0.018030618934046328,0.018194151932095393,436,5.744592499847083e-05,0.013120204210281372,342657,6.556230600674947,0.17777777777777778,0.22083333333333333,0.24583333333333332,0.1986111111111111,0.15694444444444444
477,720,0.012888379743820046,0.09517942775432141,0.09985618214744041,391,5.732062494164186e-05,0.012604541145265102,343377,6.570178886254628,0.16527777777777777,0.1986111111111111,0.23472222222222222,0.17222222222222222,0.22916666666666666
478,720,0.012771095488151283,-0.25750477533014543,-0.22702206492016463,407,5.419850141253038e-05,0.01324414648115635,344097,6.58310600121816,0.16944444444444445,0.18333333333333332,0.2611111111111111,0.2388888888888889,0.14722222222222223
479,720,0.012654878519209106,0.14090132836917962,0.15131104064196488,365,6.146621506230885e-05,0.013133006170392036,344817,6.596056934197744,0.16805555555555557,0.22916666666666666,0.29583333333333334,0.19027777777777777,0.11666666666666667
480,720,0.012539719124684302,0.044272714573643644,0.04526737566871564,463,5.7509635805925224e-05,0.012500401586294174,345537,6.60940728187561,0.3,0.2125,0.18055555555555555,0.12777777777777777,0.17916666666666667
481,720,0.012425607680649675,0.023455363738165976,0.023732604130208612,414,5.998037250441889e-05,0.012720396742224693,346257,6.633759951591491,0.18055555555555555,0.20555555555555555,0.1597222222222222,0.24861111111111112,0.20555555555555555
482,720,0.012312534650755763,-0.02296784769067224,-0.02270609447591143,462,5.3469471279438745e-05,0.012766369618475437,346977,6.646301349004109,0.15833333333333333,0.1388888888888889,0.3416666666666667,0.20694444444444443,0.15416666666666667
483,720,0.012200490585433887,0.28167338103886796,0.32534576622788336,512,5.903188278908702e-05,0.013068998232483864,347697,6.660452167193095,0.2638888888888889,0.13055555555555556,0.2361111111111111,0.13333333333333333,0.2361111111111111
484,720,0.01208946612110644,-0.05695935054901435,-0.0553675326227302,415,5.929839606374622e-05,0.013488419353961945,348417,6.67552166779836,0.19444444444444445,0.13472222222222222,0.23055555555555557,0.20277777777777778,0.2375
485,720,0.01197945197940437,0.03975582891321497,0.040556669318309924,373,5.814725386699138e-05,0.013468610122799873,349137,6.688819766044617,0.1486111111111111,0.14444444444444443,0.3194444444444444,0.19722222222222222,0.19027777777777777
486,720,0.01187043896639179,-0.03882575039825002,-0.03808169157395325,384,5.7820782368859604e-05,0.012908251956105232,349857,6.7033816496531164,0.14722222222222223,0.15555555555555556,0.29583333333333334,0.20277777777777778,0.1986111111111111
487,720,0.011762417971797624,0.03359164472449412,0.03416221489483995,405,5.737270003136372e-05,0.012986600399017334,350577,6.715784653027852,0.2722222222222222,0.14583333333333334,0.19722222222222222,0.18472222222222223,0.2
488,720,0.011655379968254265,0.04940953371837759,0.05065053946776388,377,4.978693519761792e-05,0.012549130246043205,351297,6.728817021846771,0.31805555555555554,0.13194444444444445,0.23472222222222222,0.1763888888888889,0.1388888888888889
489,720,0.011549316010543152,-0.28354926934866803,-0.24689398381691718,419,4.641981574877718e-05,0.011926919221878052,352017,6.741897718111674,0.2125,0.14583333333333334,0.3111111111111111,0.1486111111111111,0.18194444444444444
490,720,0.011444217234847209,-0.03269055150074946,-0.03216199072599657,378,4.391858351229732e-05,0.012358246371150017,352737,6.755657203992208,0.12361111111111112,0.13194444444444445,0.31666666666666665,0.21666666666666667,0.2111111111111111
491,720,0.011340074858010099,-0.15731019358433485,-0.1455610237822781,433,4.597503857060777e-05,0.01213843747973442,353457,6.780645767847697,0.24027777777777778,0.1763888888888889,0.23472222222222222,0.12916666666666668,0.21944444444444444
492,720,0.011236880176802208,1.045448094612305,1.844672920714769,446,4.593197961008223e-05,0.011569949798285961,354177,6.7929911335309345,0.21805555555555556,0.17083333333333334,0.2722222222222222,0.15555555555555556,0.18333333333333332
493,720,0.011134624567193307,0.02376459925808308,0.024049227567388476,339,4.320198507533253e-05,0.01172218844294548,354897,6.805606468518575,0.1375,0.10416666666666667,0.2902777777777778,0.23333333333333334,0.23472222222222222
494,720,0.011033299483631848,0.2620549700698108,0.2995979794575703,397,4.5502994801912185e-05,0.011736617423593998,355617,6.820962186654409,0.17777777777777778,0.13472222222222222,0.325,0.13333333333333333,0.22916666666666666
495,720,0.010932896458330798,-0.010539248788057058,-0.010483905501742052,344,4.3302146679656695e-05,0.012498639523983002,356337,6.835568654537201,0.2875,0.09722222222222222,0.2375,0.12222222222222222,0.25555555555555554
496,720,0.010833407100559987,-0.05216279978674619,-0.05082567111446923,379,4.801427255390283e-05,0.013108314946293831,357057,6.850487701098124,0.3013888888888889,0.0763888888888889,0.24166666666666667,0.19583333333333333,0.18472222222222223
497,720,0.010734823095944892,0.2671773889316399,0.3062721439998015,435,4.4325981574249656e-05,0.012076452374458313,357777,6.867110653718313,0.2013888888888889,0.12083333333333333,0.2375,0.17916666666666667,0.2611111111111111
498,720,0.010637136205771794,-0.11358895823676547,-0.10737521344794954,347,4.249712372244277e-05,0.011597172357141972,358497,6.880136970678965,0.14444444444444443,0.14305555555555555,0.2986111111111111,0.2638888888888889,0.15
499,720,0.01054033826629927,-0.019006450536750135,-0.018826966870316708,405,4.742778185118368e-05,0.012028578668832779,359217,6.896056199073792,0.2111111111111111,0.10138888888888889,0.3263888888888889,0.25277777777777777,0.10833333333333334
500,720,0.010444421188075948,-0.10072570523246244,-0.09581898900501695,357,4.370203584661188e-05,0.012501872144639492,359937,6.910264348983764,0.21944444444444444,0.07777777777777778,0.2638888888888889,0.2375,0.2013888888888889
501,720,0.010349376955264456,-0.08445437226648055,-0.08098641307275378,350,4.210148437095995e-05,0.012069260701537132,360657,6.934608236948649,0.24861111111111112,0.15,0.2513888888888889,0.16805555555555557,0.18194444444444444
502,720,0.01025519762497155,0.41287264454870837,0.5111525601622016,435,4.200987701021101e-05,0.012407580390572548,361377,6.94807460308075,0.18472222222222223,0.1527777777777778,0.25416666666666665,0.20416666666666666,0.20416666666666666
503,720,0.010161875326584309,1.1244348647755082,2.078476601661463,447,4.318325441722158e-05,0.012849073857069016,362097,6.963307118415832,0.2652777777777778,0.16805555555555557,0.19166666666666668,0.175,0.2
504,720,0.010069402261112392,0.8625138531338205,1.3691088058291307,423,4.6129624716842145e-05,0.01207596156746149,362817,6.977379337946574,0.3263888888888889,0.12222222222222222,0.1736111111111111,0.14444444444444443,0.23333333333333334
505,720,0.01,0.24900674368914405,0.2827506835124993,408,4.0766042088257056e-05,0.012024424970149994,363537,6.991916835308075,0.2263888888888889,0.18194444444444444,0.16527777777777777,0.21805555555555556,0.20833333333333334
506,720,0.01,-0.08678197282082914,-0.08312302205637956,354,4.209896521463937e-05,0.012164498679339886,364257,7.003319569428762,0.2361111111111111,0.0875,0.2513888888888889,0.13055555555555556,0.29444444444444445
507,720,0.01,0.05408504664215246,0.055574371393569244,379,4.1808987787008944e-05,0.012155787087976933,364977,7.014235250155131,0.2388888888888889,0.16111111111111112,0.225,0.21666666666666667,0.15833333333333333
508,720,0.01,0.0848996626590074,0.08860783320302201,383,4.212733007370338e-05,0.011757371947169304,365697,7.02810449997584,0.2361111111111111,0.10416666666666667,0.2916666666666667,0.14444444444444443,0.22361111111111112
509,720,0.01,1.7296496801414343,4.638678221430299,493,4.8413056691111304e-05,0.01236390694975853,366417,7.04077863295873,0.32083333333333336,0.13333333333333333,0.17916666666666667,0.15138888888888888,0.2152777777777778
510,720,0.01,0.4535356374846764,0.5738669829292975,461,5.342374439325997e-05,0.012711018323898315,367137,7.054557736714681,0.16527777777777777,0.15833333333333333,0.2125,0.25416666666666665,0.20972222222222223
511,720,0.01,0.6933852257055634,1.0004761469612253,442,5.174355645370573e-05,0.012256845831871033,367857,7.07919776837031,0.24166666666666667,0.16527777777777777,0.2972222222222222,0.10416666666666667,0.19166666666666668
512,720,0.01,-0.06620231117351891,-0.06405850628556453,370,4.6223239859146916e-05,0.012254614382982254,368577,7.092374749978384,0.16111111111111112,0.1875,0.3138888888888889,0.16111111111111112,0.1763888888888889
513,720,0.01,-0.08489675614173729,-0.0813928799509257,349,4.982316153877441e-05,0.012924275361001492,369297,7.106574436028798,0.12916666666666668,0.19027777777777777,0.26944444444444443,0.2013888888888889,0.20972222222222223
514,720,0.01,0.24200296127693194,0.2737979648791393,446,4.995648406899515e-05,0.013222739100456238,370017,7.121690420309703,0.2111111111111111,0.1638888888888889,0.2722222222222222,0.1763888888888889,0.1763888888888889
515,720,0.01,0.15564514999593235,0.16841151868668147,405,4.975257902388977e-05,0.013037201948463917,370737,7.135772633552551,0.17777777777777778,0.1875,0.3,0.13333333333333333,0.2013888888888889
516,720,0.01,0.5104390956365568,0.6660225776048965,401,4.854811035228421e-05,0.0142772626131773,371457,7.151928933461507,0.1986111111111111,0.11666666666666667,0.2652777777777778,0.1625,0.2569444444444444
517,720,0.01,2.841254028192402,16.137242653304067,536,5.727970163004809e-05,0.014002390205860138,372177,7.165214284261068,0.30972222222222223,0.1486111111111111,0.2013888888888889,0.1486111111111111,0.19166666666666668
518,720,0.01,-0.051756111443371396,-0.05043957447390224,414,6.191024121638596e-05,0.014176858589053154,372897,7.178741884231568,0.20972222222222223,0.26805555555555555,0.2652777777777778,0.06388888888888888,0.19305555555555556
519,720,0.01,-0.3547778988345176,-0.29867080805713975,463,6.121183303157018e-05,0.014645075425505638,373617,7.1915489673614506,0.22777777777777777,0.22916666666666666,0.15833333333333333,0.13055555555555556,0.25416666666666665
520,720,0.01,0.13912468732925207,0.14926739015166302,477,6.132109688602819e-05,0.014124235138297081,374337,7.203857334454854,0.2152777777777778,0.2263888888888889,0.24027777777777778,0.12638888888888888,0.19166666666666668
521,720,0.01,0.17332144696751114,0.18924832391654123,359,5.864917870768396e-05,0.01443393249064684,375057,7.229768653710683,0.13055555555555556,0.18611111111111112,0.43333333333333335,0.12638888888888888,0.12361111111111112
522,720,0.01,-0.10171101749297552,-0.09670945087733285,382,6.068018597539372e-05,0.014146191067993641,375777,7.242543617884318,0.13472222222222222,0.12361111111111112,0.4013888888888889,0.15555555555555556,0.18472222222222223
523,720,0.01,0.022247373837771516,0.022496692118618933,315,5.926202449902323e-05,0.013903269544243813,376497,7.256061832110087,0.11388888888888889,0.2763888888888889,0.3875,0.08888888888888889,0.13333333333333333
524,720,0.01,0.33373010761745436,0.3961662780770099,398,5.988142588017177e-05,0.01400388590991497,377217,7.269553065299988,0.125,0.25416666666666665,0.32222222222222224,0.12777777777777777,0.17083333333333334
525,720,0.01,0.3542437536986888,0.4251025181562873,420,5.68488136928459e-05,0.014615153893828392,377937,7.283117882410685,0.12638888888888888,0.16944444444444445,0.3236111111111111,0.08611111111111111,0.29444444444444445
526,720,0.01,0.18613705429304428,0.204587342931432,369,6.15664894654502e-05,0.014440925791859627,378657,7.295468282699585,0.08333333333333333,0.14027777777777778,0.39861111111111114,0.12777777777777777,0.25
527,720,0.01,0.02784771784068613,0.028239090029540392,391,6.659351604159585e-05,0.015157073736190796,379377,7.308709001541137,0.09305555555555556,0.225,0.29583333333333334,0.18611111111111112,0.2
528,720,0.01,0.0032177862146498737,0.003222968846087193,517,6.681196968353713e-05,0.014187471009790897,380097,7.320943403244018,0.175,0.1597222222222222,0.29583333333333334,0.12222222222222222,0.24722222222222223
529,720,0.01,0.6509262442362773,0.9173159096183081,491,6.936091683150557e-05,0.014383452013134956,380817,7.333887020746867,0.19166666666666668,0.2611111111111111,0.24166666666666667,0.12083333333333333,0.18472222222222223
530,720,0.01,3.8980793561727154,48.307655657967594,513,7.566171041667581e-05,0.014433972537517548,381537,7.348062137762706,0.2861111111111111,0.20555555555555555,0.23472222222222222,0.09583333333333334,0.17777777777777778
531,720,0.01,0.047189857214348006,0.04832102149596995,421,7.902975828655043e-05,0.014026199467480183,382257,7.3727197527885435,0.21944444444444444,0.1763888888888889,0.24166666666666667,0.14444444444444443,0.21805555555555556
532,720,0.01,1.8023516697837598,5.063890979014538,502,7.572213805562771e-05,0.014176096767187119,382977,7.386106884479522,0.19722222222222222,0.24722222222222223,0.22777777777777777,0.09305555555555556,0.23472222222222222
533,720,0.01,0.9456758906455274,1.5745529068828255,456,8.255091831238638e-05,0.015172040089964867,383697,7.397896269957225,0.1597222222222222,0.2013888888888889,0.22083333333333333,0.14583333333333334,0.2722222222222222
534,720,0.01,0.32812595258740007,0.3883638292938889,435,7.692784447752073e-05,0.015103595331311226,384417,7.409296035766602,0.19305555555555556,0.15416666666666667,0.26944444444444443,0.1527777777777778,0.23055555555555557
535,720,0.01,-0.01599478513925749,-0.015867547844406582,416,7.093525943370574e-05,0.01610923372209072,385137,7.4218584855397545,0.11805555555555555,0.24722222222222223,0.2791666666666667,0.10277777777777777,0.25277777777777777
536,720,0.01,0.23474664371101825,0.26458833673478965,403,7.892316515381025e-05,0.015612276270985603,385857,7.438636136054993,0.12083333333333333,0.19444444444444445,0.3333333333333333,0.1486111111111111,0.20277777777777778
537,720,0.01,-0.45521065758006,-0.36568566924903556,470,7.404893411957244e-05,0.015446078032255173,386577,7.4510814865430195,0.1736111111111111,0.2625,0.23472222222222222,0.11805555555555555,0.2111111111111111
538,720,0.01,0.37707088089493934,0.4580076505958264,415,7.328970670338701e-05,0.01474101934581995,387297,7.46411303281784,0.14027777777777778,0.2013888888888889,0.37777777777777777,0.09305555555555556,0.1875
539,720,0.01,0.13317575147026287,0.14245076808978463,398,7.128869230604727e-05,0.014403184875845909,388017,7.478463685512542,0.1111111111111111,0.13333333333333333,0.2708333333333333,0.19722222222222222,0.2875
540,720,0.01,0.09350203571062873,0.09801283857542731,372,7.707941935879919e-05,0.015627723187208176,388737,7.492534267902374,0.12361111111111112,0.15,0.25416666666666665,0.25972222222222224,0.2125
541,720,0.01,-0.04408216143731386,-0.043124664009671965,320,7.25190534025286e-05,0.015033921226859093,389457,7.521565969785055,0.04861111111111111,0.1763888888888889,0.325,0.21805555555555556,0.23194444444444445
542,720,0.01,0.5546083679856538,0.741258918485548,457,7.640584132483734e-05,0.01543053612112999,390177,7.536050017674764,0.15694444444444444,0.25833333333333336,0.22361111111111112,0.1125,0.24861111111111112
543,720,0.01,0.24407257730990167,0.27643696748910185,380,7.053839966980983e-05,0.014544590376317501,390897,7.552509665489197,0.09027777777777778,0.15416666666666667,0.3347222222222222,0.17222222222222222,0.24861111111111112
544,720,0.01,0.2244726356687074,0.25166245997317227,455,7.025086922567425e-05,0.014881446957588196,391617,7.565807902812958,0.18194444444444444,0.2111111111111111,0.25,0.09583333333333334,0.2611111111111111
545,720,0.01,0.3932659869113777,0.481812479640209,460,7.506241062300331e-05,0.01471756398677826,392337,7.579886901378631,0.17777777777777778,0.2,0.2638888888888889,0.15694444444444444,0.2013888888888889
546,720,0.01,0.34269637205831704,0.408740963864791,409,6.92034028639278e-05,0.015178447589278221,393057,7.594170665740966,0.19027777777777777,0.1375,0.30277777777777776,0.18055555555555555,0.18888888888888888
547,720,0.01,0.4703451141042555,0.600546469073781,414,7.114523787979325e-05,0.014833541586995125,393777,7.6074675679206845,0.14722222222222223,0.08888888888888889,0.31805555555555554,0.21388888888888888,0.23194444444444445
548,720,0.01,0.21176997444380954,0.23586357217457654,477,7.685638218693688e-05,0.01530939806252718,394497,7.622105268637339,0.1986111111111111,0.225,0.2152777777777778,0.18333333333333332,0.17777777777777778
549,720,0.01,1.6240706147670996,4.073701422100921,550,7.45395525124574e-05,0.015779661014676094,395217,7.635682769616445,0.20555555555555555,0.17777777777777778,0.23472222222222222,0.1527777777777778,0.22916666666666666
550,720,0.01,0.08386375265870838,0.087480717358285,393,7.61433772317509e-05,0.016356471925973892,395937,7.650950900713602,0.12777777777777777,0.17777777777777778,0.30277777777777776,0.21388888888888888,0.17777777777777778
551,720,0.01,-0.10481823834759814,-0.09951181806776677,368,7.683051392683006e-05,0.016265053302049637,396657,7.677227532863617,0.24583333333333332,0.11666666666666667,0.2777777777777778,0.2125,0.14722222222222223
552,720,0.01,0.06288046194263064,0.06489953560086104,434,7.259720496474782e-05,0.015045407228171825,397377,7.689883701006571,0.22083333333333333,0.175,0.2388888888888889,0.20694444444444443,0.15833333333333333
553,720,0.01,0.1590551586833921,0.17240261308178573,388,7.678219135414111e-05,0.015657372772693634,398097,7.7065190037091575,0.12777777777777777,0.18888888888888888,0.4,0.12638888888888888,0.15694444444444444
554,720,0.01,0.3263291926162542,0.3858715124580949,473,8.024318320217894e-05,0.014816559851169586,398817,7.719918564955393,0.23055555555555557,0.17222222222222222,0.24583333333333332,0.175,0.1763888888888889
555,720,0.01,0.5529168388208465,0.738316017944201,488,7.407404661484584e-05,0.015614258125424385,399537,7.73527641693751,0.18472222222222223,0.2708333333333333,0.2,0.1375,0.20694444444444443
556,720,0.01,0.4007744688081378,0.49298051685199495,416,7.739250276143948e-05,0.015947021543979645,400257,7.7487132032712305,0.09444444444444444,0.1875,0.2861111111111111,0.2375,0.19444444444444445
557,720,0.01,-0.2202502807081939,-0.19768203187764932,423,7.685246701435567e-05,0.01624581776559353,400977,7.763980233669281,0.14166666666666666,0.2375,0.2916666666666667,0.09583333333333334,0.23333333333333334
558,720,0.01,0.1933824179367715,0.21334671035396746,449,7.874870108379482e-05,0.016168121248483658,401697,7.777770717938741,0.14027777777777778,0.3458333333333333,0.22083333333333333,0.08333333333333333,0.20972222222222223
559,720,0.01,-0.08846693096250817,-0.08466662057064411,373,7.786964553638933e-05,0.016266362741589546,402417,7.791624454657237,0.16666666666666666,0.1625,0.30694444444444446,0.18194444444444444,0.18194444444444444
560,720,0.01,0.5129883118137074,0.6702750472405337,412,8.589089066946245e-05,0.015679143369197845,403137,7.807215019067129,0.15138888888888888,0.17916666666666667,0.2513888888888889,0.22777777777777777,0.19027777777777777
561,720,0.01,0.0409509426894181,0.04180099633680667,419,8.187623196818095e-05,0.01583932898938656,403857,7.832632418473562,0.1638888888888889,0.18472222222222223,0.2,0.2513888888888889,0.2
562,720,0.01,0.23077296814781242,0.25957324373890045,316,8.51696628893074e-05,0.015313828364014626,404577,7.845676203568776,0.16666666666666666,0.16666666666666666,0.2972222222222222,0.19722222222222222,0.17222222222222222
563,720,0.01,0.07917328150481655,0.08239186431209289,380,8.141218693253904e-05,0.015640918165445328,405297,7.858449137210846,0.1111111111111111,0.17222222222222222,0.2569444444444444,0.23333333333333334,0.2263888888888889
564,720,0.01,0.7651618295141197,1.1493421735120184,510,8.068682819965842e-05,0.015291434712707996,406017,7.871416985988617,0.20416666666666666,0.3194444444444444,0.17083333333333334,0.14444444444444443,0.16111111111111112
565,720,0.01,2.5023215348309606,11.210808899102108,521,8.542450104363929e-05,0.01677352376282215,406737,7.885069235165914,0.19166666666666668,0.2,0.24444444444444444,0.11527777777777778,0.24861111111111112
566,720,0.01,-0.03125769293002297,-0.030774221738425034,353,8.84971342316021e-05,0.017160525545477867,407457,7.897595802942912,0.12222222222222222,0.15,0.25972222222222224,0.25972222222222224,0.20833333333333334
567,720,0.01,0.285841636469468,0.33088167544197056,427,9.495287658612344e-05,0.016956642270088196,408177,7.915279650688172,0.22083333333333333,0.20416666666666666,0.23472222222222222,0.17777777777777778,0.1625
568,720,0.01,-0.07713918325198296,-0.07423900578656484,390,9.087391024422686e-05,0.01804005168378353,408897,7.929967431227366,0.1597222222222222,0.19027777777777777,0.19722222222222222,0.24027777777777778,0.2125
569,720,0.01,0.18002533865105225,0.197247699379147,451,9.528255080668816e-05,0.01847536861896515,409617,7.943476116657257,0.19166666666666668,0.25,0.2263888888888889,0.1527777777777778,0.17916666666666667
570,720,0.01,-0.16233978696546383,-0.14984771520760065,410,9.753594151536365e-05,0.019898373633623123,410337,7.956754235426585,0.19166666666666668,0.175,0.24027777777777778,0.18194444444444444,0.2111111111111111
571,720,0.01,-0.24422852325806538,-0.21669139042754193,398,9.53606697647855e-05,0.018480844795703888,411057,7.982382766405741,0.2513888888888889,0.12777777777777777,0.2152777777777778,0.2263888888888889,0.17916666666666667
572,720,0.01,-0.15729886160586573,-0.14555134124333635,403,9.325606643212975e-05,0.017740657553076744,411777,7.996799651781718,0.175,0.2388888888888889,0.15416666666666667,0.2902777777777778,0.14166666666666666
573,720,0.01,-0.10916671696920471,-0.10341907021774743,392,9.036555372606219e-05,0.017473017796874046,412497,8.009987338383992,0.2638888888888889,0.13194444444444445,0.16944444444444445,0.20277777777777778,0.23194444444444445
574,720,0.01,-0.23333168086642492,-0.208109125090833,369,9.245319642003677e-05,0.017382478341460228,413217,8.02455755074819,0.22083333333333333,0.1763888888888889,0.30972222222222223,0.16805555555555557,0.125
575,720,0.01,0.5159440610270919,0.6752192647314526,484,9.555436772138314e-05,0.017889250069856644,413937,8.038328917821248,0.1875,0.20833333333333334,0.2375,0.13333333333333333,0.23333333333333334
576,720,0.01,-0.010505594814952501,-0.010450603793344504,390,9.589880989753712e-05,0.017143823206424713,414657,8.051126766204835,0.19027777777777777,0.13055555555555556,0.3055555555555556,0.22083333333333333,0.1527777777777778
577,720,0.01,0.04747699940872849,0.04862208191600237,364,9.409351081457215e-05,0.01871289312839508,415377,8.064172836144765,0.09166666666666666,0.175,0.33055555555555555,0.21388888888888888,0.18888888888888888
578,720,0.01,0.009015900874040186,0.009056666529259072,421,9.275748577692866e-05,0.017414648085832596,416097,8.076892817020417,0.16111111111111112,0.20694444444444443,0.30694444444444446,0.15,0.175
579,720,0.01,0.09994022822342112,0.10510486202061475,366,8.54383095404248e-05,0.01686151698231697,416817,8.09042685031891,0.2,0.08055555555555556,0.2861111111111111,0.21805555555555556,0.2152777777777778
580,720,0.01,0.7753357672487728,1.1713210632997817,467,8.868871977433123e-05,0.017665281891822815,417537,8.103659303983052,0.20555555555555555,0.25555555555555554,0.1986111111111111,0.15,0.19027777777777777
581,720,0.01,-0.10938322409496784,-0.10361316536562071,390,8.959726553459606e-05,0.017151860520243645,418257,8.127023100852966,0.2388888888888889,0.10138888888888889,0.24583333333333332,0.21388888888888888,0.2
582,720,0.01,0.8274484029576628,1.2874745740987135,507,8.746684666978884e-05,0.016703031957149506,418977,8.140320769945781,0.22083333333333333,0.20555555555555555,0.2125,0.1361111111111111,0.225
583,720,0.01,0.31236243612608966,0.36664992658390294,382,8.804453191512746e-05,0.01696491613984108,419697,8.153061401844024,0.15138888888888888,0.14722222222222223,0.30416666666666664,0.2388888888888889,0.15833333333333333
584,720,0.01,0.46263037803204443,0.5882461832294557,514,9.603585367585765e-05,0.01741304062306881,420417,8.167746202150981,0.2375,0.24027777777777778,0.15833333333333333,0.15416666666666667,0.20972222222222223
585,720,0.01,0.03576017394771432,0.03640725922172483,432,9.055837169853475e-05,0.01686243899166584,421137,8.182204568386078,0.24305555555555555,0.1361111111111111,0.1527777777777778,0.2388888888888889,0.22916666666666666
586,720,0.01,0.7998222706994791,1.225145419807749,487,9.019286546592613e-05,0.016656646504998207,421857,8.194265369574229,0.2,0.22916666666666666,0.19583333333333333,0.15694444444444444,0.21805555555555556
587,720,0.01,0.2569575276918639,0.29299020931454156,433,8.528677565462001e-05,0.0161578506231308,422577,8.20701200167338,0.24305555555555555,0.15,0.1597222222222222,0.2569444444444444,0.19027777777777777
588,720,0.01,-0.05227140473964294,-0.05092875055017987,327,8.59795840395034e-05,0.016721628606319427,423297,8.220254969596862,0.325,0.0875,0.17777777777777778,0.24861111111111112,0.16111111111111112
589,720,0.01,0.22804986883345219,0.2561479665041435,417,8.123216038661162e-05,0.016238104552030563,424017,8.233916501204172,0.25,0.15,0.23194444444444445,0.10833333333333334,0.25972222222222224
590,720,0.01,0.42948257607435897,0.5364623154733117,381,8.580231760788593e-05,0.016347963362932205,424737,8.246788517634075,0.3527777777777778,0.16527777777777777,0.18888888888888888,0.125,0.16805555555555557
591,720,0.01,0.23356083649645595,0.26308966750364426,463,8.833478654095315e-05,0.0159336868673563,425457,8.272231900691986,0.19027777777777777,0.2,0.23194444444444445,0.1375,0.24027777777777778
592,720,0.01,0.23042740608264317,0.25913805820369906,399,8.717976918938398e-05,0.01747438684105873,426177,8.286320165793102,0.22777777777777777,0.07222222222222222,0.30972222222222223,0.20694444444444443,0.18333333333333332
593,720,0.01,0.12006199733289168,0.1275667555439235,449,8.515521345265774e-05,0.0166802778840065,426897,8.299130666255952,0.19305555555555556,0.0875,0.15,0.2708333333333333,0.2986111111111111
594,720,0.01,0.8974378415468325,1.453309284587799,493,8.788831428571737e-05,0.015633702278137207,427617,8.311507685979207,0.21805555555555556,0.1736111111111111,0.20694444444444443,0.15694444444444444,0.24444444444444444
595,720,0.01,0.0892057349282543,0.0933055643316576,338,9.034118529472026e-05,0.01558145321905613,428337,8.324336167176565,0.14166666666666666,0.10694444444444444,0.4388888888888889,0.1763888888888889,0.1361111111111111
596,720,0.01,0.03931127037977678,0.04009418378000307,331,8.173826371754937e-05,0.016180962324142456,429057,8.338533051808675,0.11666666666666667,0.16944444444444445,0.2611111111111111,0.26666666666666666,0.18611111111111112
597,720,0.01,0.12428516619415987,0.13233872968884142,348,8.539809399634476e-05,0.015965580940246582,429777,8.351906085014344,0.18333333333333332,0.11388888888888889,0.2833333333333333,0.20555555555555555,0.21388888888888888
598,720,0.01,0.02069885784384321,0.020914564927913215,332,7.932272882271718e-05,0.015475302934646606,430497,8.366202370325725,0.19722222222222222,0.19027777777777777,0.2111111111111111,0.24861111111111112,0.1527777777777778
599,720,0.01,-0.044942320459579306,-0.04394737508120383,355,7.585214571008692e-05,0.015713689848780632,431217,8.382395052909851,0.24861111111111112,0.10972222222222222,0.23194444444444445,0.18194444444444444,0.22777777777777777
600,720,0.01,-0.017846923971171384,-0.017688610823478612,463,6.733145278556347e-05,0.0161109771579504,431937,8.39576055208842,0.22361111111111112,0.16944444444444445,0.2,0.15138888888888888,0.25555555555555554
601,720,0.01,0.1233868834845167,0.1313220260984964,359,6.47057617243263e-05,0.016050828620791435,432657,8.419923436641692,0.13194444444444445,0.1486111111111111,0.39166666666666666,0.15555555555555556,0.17222222222222222
602,720,0.01,-0.10167991405929643,-0.09668135500270736,388,6.1386117810495e-05,0.015124823898077011,433377,8.43395741780599,0.09305555555555556,0.22777777777777777,0.21944444444444444,0.22083333333333333,0.2388888888888889
603,720,0.01,0.25498650357958536,0.29044420437785945,351,6.181886762482868e-05,0.01490237656980753,434097,8.449696532885234,0.17222222222222222,0.1986111111111111,0.18055555555555555,0.2569444444444444,0.19166666666666668
604,720,0.01,-0.13702051322080666,-0.12804766060221695,311,5.875818442165028e-05,0.01484815962612629,434817,8.469645734628042,0.23055555555555557,0.18194444444444444,0.23194444444444445,0.1625,0.19305555555555556
605,720,0.01,0.03311728035150957,0.03367176152020823,361,5.924775309469826e-05,0.015466064214706421,435537,8.484441816806793,0.16527777777777777,0.25416666666666665,0.15694444444444444,0.25416666666666665,0.16944444444444445
606,720,0.01,-0.16875451752357318,-0.15528375902916636,376,6.27824582453387e-05,0.014746064320206642,436257,8.50039521853129,0.2833333333333333,0.18888888888888888,0.20416666666666666,0.175,0.1486111111111111
607,720,0.01,-0.04562747766406851,-0.044602197071421656,408,5.9217003562631966e-05,0.015114346519112587,436977,8.515738769372303,0.18055555555555555,0.22916666666666666,0.225,0.16666666666666666,0.1986111111111111
608,720,0.01,-0.2534932579535468,-0.2239150226915323,409,6.124071533627607e-05,0.01383164618164301,437697,8.52910583416621,0.2763888888888889,0.15,0.11527777777777778,0.2263888888888889,0.23194444444444445
609,720,0.01,-0.022649106305135964,-0.022394540812503694,335,5.780079358146395e-05,0.014056026935577393,438417,8.543057918548584,0.325,0.22361111111111112,0.1736111111111111,0.14166666666666666,0.1361111111111111
610,720,0.01,0.18338341011804318,0.20127490074791465,477,5.965517929603771e-05,0.013925361447036266,439137,8.558283102512359,0.14444444444444443,0.1486111111111111,0.16944444444444445,0.275,0.2625
611,720,0.01,0.9236356142702504,1.5184298055141716,519,6.293657166149084e-05,0.01353382132947445,439857,8.583407866954804,0.2152777777777778,0.17222222222222222,0.15555555555555556,0.19166666666666668,0.2652777777777778
612,720,0.01,-0.14059250421398992,-0.131156710450278,309,6.0652765466784333e-05,0.014101953245699406,440577,8.596818168958029,0.09166666666666666,0.2388888888888889,0.21388888888888888,0.2652777777777778,0.19027777777777777
613,720,0.01,0.07839811493387999,0.08155315543376451,393,6.007567442591406e-05,0.014541029930114746,441297,8.610619084040325,0.21666666666666667,0.26666666666666666,0.19305555555555556,0.16805555555555557,0.15555555555555556
614,720,0.01,4.0418407421742355,55.93104178362821,541,6.989324423961484e-05,0.015183105133473873,442017,8.623701802889506,0.22777777777777777,0.14583333333333334,0.20277777777777778,0.15555555555555556,0.26805555555555555
615,720,0.01,0.22894600060498893,0.25727414513354097,433,7.309559133419598e-05,0.01527203805744648,442737,8.636654365062714,0.15416666666666667,0.22777777777777777,0.1986111111111111,0.16666666666666666,0.25277777777777777
616,720,0.01,0.07256421003462686,0.0752618464739847,323,7.022973569140353e-05,0.015461917966604233,443457,8.652436482906342,0.15138888888888888,0.2638888888888889,0.2638888888888889,0.18888888888888888,0.13194444444444445
617,720,0.01,0.148251240535785,0.15980424960264372,478,7.190095198994742e-05,0.01608738675713539,444177,8.664480165640514,0.15416666666666667,0.14444444444444443,0.2222222222222222,0.23472222222222222,0.24444444444444444
618,720,0.01,-0.03241336285485775,-0.03189367983411617,411,7.102324052791826e-05,0.016743458807468414,444897,8.677258316675822,0.11944444444444445,0.1375,0.20972222222222223,0.2777777777777778,0.25555555555555554
619,720,0.01,0.07189451964156277,0.07454199501107817,353,6.555695647800045e-05,0.014989354647696018,445617,8.690342354774476,0.15,0.18888888888888888,0.18611111111111112,0.3625,0.1125
620,720,0.01,0.4160420606502012,0.5159496293567378,447,6.339015618929503e-05,0.014075160957872868,446337,8.706814535458882,0.1875,0.1986111111111111,0.20833333333333334,0.19583333333333333,0.20972222222222223
621,720,0.01,-0.11785132335656404,-0.11117180921655823,495,7.120273060460629e-05,0.013732237741351128,447057,8.732618367671966,0.15,0.1736111111111111,0.19722222222222222,0.2847222222222222,0.19444444444444445
622,720,0.01,0.27356693879916083,0.314645357048315,317,6.968501462552012e-05,0.013721521012485027,447777,8.744887419541676,0.10138888888888889,0.40694444444444444,0.2569444444444444,0.09444444444444444,0.14027777777777778
623,720,0.01,0.03873840434692926,0.039498519785277963,553,7.293422805787486e-05,0.013232981786131859,448497,8.758197832107545,0.14027777777777778,0.20694444444444443,0.21666666666666667,0.2263888888888889,0.20972222222222223
624,720,0.01,0.2105933724178392,0.23441030771634375,425,7.1476876002584e-05,0.01359016913920641,449217,8.771647000312806,0.13472222222222222,0.22916666666666666,0.18611111111111112,0.2125,0.2375
625,720,0.01,-0.14027130641234753,-0.13087759507247843,469,6.945013683434809e-05,0.01385452039539814,449937,8.784043419361115,0.12083333333333333,0.19722222222222222,0.18194444444444444,0.20555555555555555,0.29444444444444445
626,720,0.01,0.12496920392705249,0.1331135570817359,317,6.940148980952978e-05,0.013640506193041801,450657,8.797746070226033,0.09166666666666666,0.2569444444444444,0.44583333333333336,0.09861111111111111,0.10694444444444444
627,720,0.01,0.077377863518242,0.08045026200580607,429,6.859725940810475e-05,0.013143752701580524,451377,8.81273338397344,0.19027777777777777,0.225,0.23055555555555557,0.16666666666666666,0.1875
628,720,0.01,1.931905821135868,5.90265293564953,519,6.770519097093105e-05,0.01336347684264183,452097,8.8268772204717,0.1527777777777778,0.2125,0.2263888888888889,0.14583333333333334,0.2625
629,720,0.01,-0.2923025690432181,-0.25345737888893205,452,7.362283299698902e-05,0.01344519853591919,452817,8.840268703301748,0.17083333333333334,0.20555555555555555,0.22083333333333333,0.21666666666666667,0.18611111111111112
630,720,0.01,0.10114904204244138,0.10644153578138238,384,7.47320484492775e-05,0.013276435434818268,453537,8.853209749857585,0.13333333333333333,0.29305555555555557,0.2722222222222222,0.10972222222222222,0.19166666666666668
631,720,0.01,0.1116854139550518,0.11816104744865052,326,7.50736115441618e-05,0.01417846791446209,454257,8.88060630162557,0.175,0.18472222222222223,0.3111111111111111,0.2152777777777778,0.11388888888888889
632,720,0.01,-0.22629371743708845,-0.2025161676444901,437,7.173372510149218e-05,0.013781653717160225,454977,8.893195450305939,0.11527777777777778,0.19305555555555556,0.15694444444444444,0.3458333333333333,0.18888888888888888
633,720,0.01,2.080918514410515,7.011824511936714,516,7.077053848484462e-05,0.014165296219289303,455697,8.905913666884105,0.12638888888888888,0.20277777777777778,0.23055555555555557,0.15694444444444444,0.2833333333333333
634,720,0.01,0.2100638054729156,0.23375677788007532,397,6.991476960062452e-05,0.014688191004097462,456417,8.918824970722198,0.14722222222222223,0.19722222222222222,0.2611111111111111,0.1736111111111111,0.22083333333333333
635,720,0.01,0.1839593116358957,0.201966916033814,460,6.843553284044092e-05,0.013639910146594048,457137,8.932594803969065,0.15138888888888888,0.21805555555555556,0.2111111111111111,0.2513888888888889,0.16805555555555557
636,720,0.01,1.045290266314821,1.8442239862590015,506,6.84677165888085e-05,0.01328212395310402,457857,8.945551351706188,0.10555555555555556,0.22777777777777777,0.2125,0.2152777777777778,0.2388888888888889
637,720,0.01,0.1560552015258908,0.16889072586064313,371,7.161636413760183e-05,0.013318142853677273,458577,8.960060135523479,0.06805555555555555,0.26944444444444443,0.19444444444444445,0.2652777777777778,0.20277777777777778
638,720,0.01,0.18121659730723808,0.19867478090747848,407,7.339987206352008e-05,0.014192280359566212,459297,8.973211900393169,0.15555555555555556,0.12777777777777777,0.21388888888888888,0.23472222222222222,0.26805555555555555
639,720,0.01,0.0696562782198003,0.07213960018118004,355,7.266222872001689e-05,0.013999564573168755,460017,8.986538418134053,0.20416666666666666,0.2902777777777778,0.175,0.1527777777777778,0.17777777777777778
640,720,0.01,0.6399066582889109,0.8963038667960783,385,7.425873150673902e-05,0.01377827674150467,460737,8.99996658563614,0.09305555555555556,0.24861111111111112,0.24861111111111112,0.14305555555555555,0.26666666666666666
641,720,0.01,-0.05185744234913594,-0.050535789417043175,311,6.998948266780442e-05,0.014983529224991798,461457,9.025624084472657,0.10833333333333334,0.25555555555555554,0.36527777777777776,0.11388888888888889,0.15694444444444444
642,720,0.01,-0.08002002478708993,-0.07690213863658002,286,6.934054294763174e-05,0.014597950503230095,462177,9.038556134700775,0.15555555555555556,0.3111111111111111,0.21805555555555556,0.2,0.11527777777777778
643,720,0.01,-0.18406878309049882,-0.16812141732106523,260,6.995434695606188e-05,0.013826066628098488,462897,9.051158968607584,0.10138888888888889,0.18194444444444444,0.36527777777777776,0.20833333333333334,0.14305555555555555
644,720,0.01,-0.010665066191551716,-0.010608396015765797,313,7.230182618513936e-05,0.013790003955364227,463617,9.066303368409475,0.21388888888888888,0.2861111111111111,0.21944444444444444,0.18611111111111112,0.09444444444444444
645,720,0.01,-0.20978862317749739,-0.1892443971977359,415,6.715934800922696e-05,0.013971209526062012,464337,9.079164151350657,0.09166666666666666,0.23194444444444445,0.19444444444444445,0.30833333333333335,0.1736111111111111
646,720,0.01,-0.06345576193567752,-0.061484363502567474,294,7.218721325696404e-05,0.014820265583693981,465057,9.092528716723125,0.20833333333333334,0.23472222222222222,0.32222222222222224,0.15,0.08472222222222223
647,720,0.01,-0.08232598974058132,-0.07902831756432238,377,6.88228745654366e-05,0.014126226305961609,465777,9.10665494998296,0.1625,0.2263888888888889,0.225,0.2375,0.1486111111111111
648,720,0.01,-0.09441931083826449,-0.09009884917483246,304,6.871532717822346e-05,0.014238269068300724,466497,9.120433417956034,0.2152777777777778,0.23055555555555557,0.3125,0.14027777777777778,0.10138888888888889
649,720,0.01,0.15415200308476376,0.16666821046811076,420,7.038317011291737e-05,0.013959072530269623,467217,9.134741000334422,0.12777777777777777,0.2125,0.15833333333333333,0.2513888888888889,0.25
650,720,0.01,0.2429215914082507,0.2749686517026566,471,6.813567483479548e-05,0.01438826322555542,467937,9.147479236125946,0.1388888888888889,0.2611111111111111,0.15,0.21805555555555556,0.23194444444444445
651,720,0.01,0.7322210433059528,1.0796945735794181,539,7.04892390356488e-05,0.013972021639347076,468657,9.171080533663432,0.15833333333333333,0.2263888888888889,0.2125,0.15,0.25277777777777777
652,720,0.01,0.05914529951217774,0.0609293820632284,336,6.786929152313961e-05,0.013579779304564,469377,9.183747565746307,0.1125,0.21388888888888888,0.3055555555555556,0.14722222222222223,0.22083333333333333
653,720,0.01,0.09826108319741939,0.10325078775376784,455,6.994774383252257e-05,0.012666020542383194,470097,9.196441984176635,0.16527777777777777,0.2569444444444444,0.20833333333333334,0.175,0.19444444444444445
654,720,0.01,0.05468681206115014,0.05620977070894684,367,7.28020651119247e-05,0.012987791560590267,470817,9.209535221258799,0.10277777777777777,0.26944444444444443,0.3375,0.11944444444444445,0.17083333333333334
655,720,0.01,3.5488353212286756,33.77279475832665,533,6.992822416502046e-05,0.013136637397110462,471537,9.222459268569946,0.2125,0.19166666666666668,0.20833333333333334,0.11388888888888889,0.27361111111111114
656,720,0.01,0.12562719771124925,0.13385938410695153,472,6.983235094821793e-05,0.013459885492920876,472257,9.234471603234608,0.11666666666666667,0.25555555555555554,0.2375,0.1875,0.20277777777777778
657,720,0.01,0.14090297570771798,0.1513129372425761,399,7.294135720409637e-05,0.01299312338232994,472977,9.24741161664327,0.09444444444444444,0.20277777777777778,0.2569444444444444,0.2569444444444444,0.18888888888888888
658,720,0.01,0.1031080319423996,0.10861116802484294,315,7.285468853094952e-05,0.013905649073421955,473697,9.260648969809214,0.23333333333333334,0.24166666666666667,0.32222222222222224,0.10833333333333334,0.09444444444444444
659,720,0.01,-0.082811174140061,-0.07947505027436885,427,7.075919879121608e-05,0.01363464631140232,474417,9.2768079996109,0.14583333333333334,0.2791666666666667,0.24583333333333332,0.17083333333333334,0.15833333333333333
660,720,0.01,0.0031870528205819207,0.003192136873035434,388,7.30611879690615e-05,0.013190452009439468,475137,9.294624749819437,0.12638888888888888,0.25555555555555554,0.18888888888888888,0.25,0.17916666666666667
661,720,0.01,0.2949305930669222,0.34303313964004833,478,7.650052470151221e-05,0.01339446846395731,475857,9.31819996436437,0.14027777777777778,0.2222222222222222,0.12222222222222222,0.25555555555555554,0.25972222222222224
662,720,0.01,0.4215303934120418,0.5242925387624036,459,7.339308213355859e-05,0.012658922001719475,476577,9.331325451532999,0.15416666666666667,0.2902777777777778,0.14305555555555555,0.22361111111111112,0.18888888888888888
663,720,0.01,0.23999938016963207,0.27124836236282035,268,7.140602715480782e-05,0.01320546492934227,477297,9.345842385292054,0.075,0.175,0.48194444444444445,0.14583333333333334,0.12222222222222222
664,720,0.01,0.22807543217525547,0.2561800782544088,358,7.382791282755837e-05,0.0135246142745018,478017,9.358991551399232,0.15833333333333333,0.25833333333333336,0.20555555555555555,0.2611111111111111,0.11666666666666667
665,720,0.01,0.048170259884339525,0.04934930220666556,336,7.433710929060706e-05,0.013879104517400265,478737,9.371283066272735,0.30277777777777776,0.29444444444444445,0.2152777777777778,0.10555555555555556,0.08194444444444444
666,720,0.01,0.050135511005797655,0.05141356483246473,409,6.781876176218147e-05,0.01467862632125616,479457,9.383908983071645,0.10694444444444444,0.1875,0.25,0.2652777777777778,0.19027777777777777
667,720,0.01,0.1453007071548086,0.15638725191060376,350,6.863280808728531e-05,0.01407354511320591,480177,9.39718423684438,0.1625,0.13194444444444445,0.23194444444444445,0.29305555555555557,0.18055555555555555
668,720,0.01,-0.07888482642277653,-0.07585364444241216,375,6.918861654791423e-05,0.013472371734678745,480897,9.41143567164739,0.25972222222222224,0.3388888888888889,0.1736111111111111,0.12222222222222222,0.10555555555555556
669,720,0.01,0.29824161234895197,0.34748731812802314,456,6.82787702645429e-05,0.013674444518983364,481617,9.42480814854304,0.15833333333333333,0.19444444444444445,0.23055555555555557,0.2125,0.20416666666666666
670,720,0.01,0.8633788597670489,1.3711589872434455,488,7.370904873419528e-05,0.013502569869160652,482337,9.439078684647878,0.15694444444444444,0.23055555555555557,0.15416666666666667,0.2625,0.19583333333333333
671,720,0.01,0.04777366064947888,0.04893321359197711,351,7.480744787295003e-05,0.01399887166917324,483057,9.463913933436077,0.1763888888888889,0.2902777777777778,0.3333333333333333,0.10277777777777777,0.09722222222222222
672,720,0.01,-0.0846559982488476,-0.08117169141093317,468,7.59516852844576e-05,0.013128504157066345,483777,9.476458736260732,0.1375,0.16111111111111112,0.19027777777777777,0.3375,0.1736111111111111
673,720,0.01,0.061063063713213316,0.06296594665312827,385,7.011032368306283e-05,0.013548756018280983,484497,9.491480668385824,0.11388888888888889,0.24722222222222223,0.30694444444444446,0.2013888888888889,0.13055555555555556
674,720,0.01,0.12182938661092663,0.129561367046225,398,7.12819921773189e-05,0.013178165070712566,485217,9.505701621373495,0.12222222222222222,0.2513888888888889,0.22777777777777777,0.24305555555555555,0.15555555555555556
675,720,0.01,0.6985735145844036,1.0108821664818417,523,6.987008071569612e-05,0.013118533417582512,485937,9.519339001178741,0.19583333333333333,0.22361111111111112,0.13055555555555556,0.24722222222222223,0.20277777777777778
676,720,0.01,-0.06901183659255153,-0.0666843672640457,454,7.802944299378901e-05,0.01263876911252737,486657,9.532958153883616,0.17777777777777778,0.20555555555555555,0.13055555555555556,0.2708333333333333,0.2152777777777778
677,720,0.01,0.002355384438235546,0.0023581605353251156,368,8.834430693443412e-05,0.01380174607038498,487377,9.546122984091442,0.1638888888888889,0.30694444444444446,0.29583333333333334,0.125,0.10833333333333334
678,720,0.01,-0.009282101536055392,-0.00923915580984036,300,8.040934638226342e-05,0.014379766769707203,488097,9.559027516841889,0.22361111111111112,0.24166666666666667,0.2611111111111111,0.1638888888888889,0.10972222222222222
679,720,0.01,0.8063434758739552,1.2397034660451882,488,8.379005026502758e-05,0.014802578836679459,488817,9.5713543176651,0.19444444444444445,0.24861111111111112,0.09305555555555556,0.23055555555555557,0.23333333333333334
680,720,0.01,1.1335833060469362,2.1067690827826207,504,8.093222953801969e-05,0.014319894835352898,489537,9.584303267796834,0.21805555555555556,0.25,0.21388888888888888,0.12361111111111112,0.19444444444444445
681,720,0.01,-0.03678672994556295,-0.03611831947156363,363,8.145568316295895e-05,0.014447626657783985,490257,9.610600864887237,0.1875,0.3611111111111111,0.1763888888888889,0.12083333333333333,0.15416666666666667
682,720,0.01,0.213616013855946,0.23814713215919725,380,8.429484489372245e-05,0.01489771157503128,490977,9.622978421052297,0.1875,0.2847222222222222,0.23333333333333334,0.20694444444444443,0.0875
683,720,0.01,0.1311750968370973,0.1401674035409919,410,8.42551433050984e-05,0.01453946903347969,491697,9.635063167413076,0.26666666666666666,0.2152777777777778,0.18888888888888888,0.19027777777777777,0.1388888888888889
684,720,0.01,0.23068376852545397,0.2594608952920212,405,7.742264522221376e-05,0.014177686534821987,492417,9.646217600504558,0.2638888888888889,0.28888888888888886,0.11666666666666667,0.17916666666666667,0.15138888888888888
685,720,0.01,0.5804100377103786,0.7867709240235345,477,7.353696876685312e-05,0.013873963616788387,493137,9.659169085820515,0.13194444444444445,0.20833333333333334,0.1625,0.28888888888888886,0.20833333333333334
686,720,0.01,0.0033233208967236505,0.0033288492500842537,291,7.66397756895761e-05,0.014704108238220215,493857,9.671996887524923,0.18888888888888888,0.2986111111111111,0.28194444444444444,0.12083333333333333,0.10972222222222222
687,720,0.01,0.8067891531384707,1.2407018734264805,484,7.183605660606594e-05,0.01474760938435793,494577,9.686737684408824,0.1763888888888889,0.20833333333333334,0.1486111111111111,0.23472222222222222,0.23194444444444445
688,720,0.01,-0.0044822154258338295,-0.0044721852896125736,368,7.404016608916208e-05,0.013624205254018307,495297,9.698305817445119,0.25,0.2791666666666667,0.25,0.11805555555555555,0.10277777777777777
689,720,0.01,0.2439846006912121,0.27632467582032194,408,6.929586733879962e-05,0.013335693627595901,496017,9.708409686883291,0.22083333333333333,0.21805555555555556,0.25277777777777777,0.1527777777777778,0.15555555555555556
690,720,0.01,-0.12938507475076472,-0.12136443997523416,403,7.109105943830703e-05,0.013351015746593475,496737,9.719401518503824,0.18888888888888888,0.2916666666666667,0.14444444444444443,0.2152777777777778,0.1597222222222222
691,720,0.01,-0.037328990543801364,-0.036640852840843285,315,6.686237089626148e-05,0.014371433295309544,497457,9.743798685073852,0.2875,0.29583333333333334,0.2652777777777778,0.10138888888888889,0.05
692,720,0.01,0.0065961980843157976,0.00661800091112652,339,7.01088555805048e-05,0.014422591775655746,498177,9.756799368063609,0.2652777777777778,0.1986111111111111,0.3013888888888889,0.09861111111111111,0.1361111111111111
693,720,0.01,0.5807532613657664,0.7873842913264801,429,7.169224101062354e-05,0.014234596863389015,498897,9.769973182678223,0.15555555555555556,0.2861111111111111,0.12361111111111112,0.25277777777777777,0.18194444444444444
694,720,0.01,0.5220870252348963,0.6855417495816472,439,6.953420227975786e-05,0.014364328235387802,499617,9.782534484068552,0.2013888888888889,0.29444444444444445,0.16944444444444445,0.17916666666666667,0.15555555555555556
695,720,0.01,0.2921335576479809,0.33928187703248813,371,6.989073074553037e-05,0.013622654601931572,500337,9.796155087153117,0.15833333333333333,0.28055555555555556,0.2791666666666667,0.12638888888888888,0.15555555555555556
696,720,0.01,-0.05482334144911362,-0.053347632581903115,390,7.180116752781234e-05,0.01441609114408493,501057,9.80955241918564,0.22083333333333333,0.24444444444444444,0.18611111111111112,0.15416666666666667,0.19444444444444445
697,720,0.01,0.04722834117873899,0.04836136582112993,371,6.480620536422065e-05,0.014101075008511543,501777,9.822993099689484,0.11666666666666667,0.21805555555555556,0.25416666666666665,0.23472222222222222,0.1763888888888889
698,720,0.01,0.18498585158784717,0.20320141661772184,351,6.419457053097075e-05,0.014368877746164799,502497,9.836181286970774,0.1763888888888889,0.29305555555555557,0.19583333333333333,0.14166666666666666,0.19305555555555556
699,720,0.01,0.704698389046312,1.0232363626381606,422,6.668246021111676e-05,0.014597883448004723,503217,9.848858535289764,0.18611111111111112,0.2611111111111111,0.18611111111111112,0.17222222222222222,0.19444444444444445
700,720,0.01,-0.35168495190152393,-0.2964982760527275,513,7.932742820457861e-05,0.013862838968634605,503937,9.86290903488795,0.19722222222222222,0.23333333333333334,0.16805555555555557,0.1736111111111111,0.22777777777777777
701,720,0.01,0.7347698467767632,1.0850020673327316,458,7.334395292875544e-05,0.01369002740830183,504657,9.887044266859691,0.2,0.21666666666666667,0.18055555555555555,0.1763888888888889,0.2263888888888889
702,720,0.01,-0.07777048662268694,-0.07482325738327189,387,8.117939663760707e-05,0.014013432897627354,505377,9.901574353377024,0.2569444444444444,0.30277777777777776,0.125,0.1486111111111111,0.16666666666666666
703,720,0.01,0.16958586460417263,0.18481407625726587,328,7.860802890415167e-05,0.013469161465764046,506097,9.915183134873708,0.22916666666666666,0.3388888888888889,0.14444444444444443,0.21388888888888888,0.07361111111111111
704,720,0.01,0.11703149792115579,0.12415483767333435,340,7.166378515093028e-05,0.013086867518723011,506817,9.928425300121308,0.24583333333333332,0.3527777777777778,0.2125,0.09583333333333334,0.09305555555555556
705,720,0.01,0.7283441262788803,1.0716473795072878,404,6.986469622789728e-05,0.013210177421569824,507537,9.941767168045043,0.15694444444444444,0.23194444444444445,0.16944444444444445,0.275,0.16666666666666666
706,720,0.01,-0.13035789693608682,-0.12221878051274793,331,6.501948113661153e-05,0.013788783922791481,508257,9.954724152882894,0.2,0.3458333333333333,0.26805555555555555,0.08888888888888889,0.09722222222222222
707,720,0.01,0.07851752726981226,0.08168231393389469,308,7.364178418482779e-05,0.014031875878572464,508977,9.968140415350597,0.2222222222222222,0.3527777777777778,0.26944444444444443,0.05555555555555555,0.1
708,720,0.01,0.10000877452139151,0.10518061546405555,318,6.499133684580253e-05,0.013316514901816845,509697,9.982096735636393,0.075,0.28888888888888886,0.275,0.2375,0.12361111111111112
709,720,0.01,-0.24739501717665996,-0.21916780952394221,322,6.160535576529784e-05,0.012749727815389633,510417,9.995135815938314,0.24305555555555555,0.3388888888888889,0.1486111111111111,0.14166666666666666,0.12777777777777777
710,720,0.01,-0.09124050815847717,-0.08720185090477983,332,6.402635254719119e-05,0.012805614620447159,511137,10.008631920814514,0.19722222222222222,0.32083333333333336,0.24583333333333332,0.1597222222222222,0.0763888888888889
711,720,0.01,0.8121040905923366,1.252642768181464,387,6.246980823208207e-05,0.01253371499478817,511857,10.035006117820739,0.175,0.275,0.19027777777777777,0.18194444444444444,0.17777777777777778
712,720,0.01,-0.036679078667138126,-0.036014550791088396,395,6.987805045481663e-05,0.012892244383692741,512577,10.047977185249328,0.29444444444444445,0.23194444444444445,0.20833333333333334,0.0875,0.17777777777777778
713,720,0.01,0.14692632883725787,0.15826862888990156,313,6.712334939922787e-05,0.012992627918720245,513297,10.061271953582764,0.13472222222222222,0.3763888888888889,0.20972222222222223,0.09583333333333334,0.18333333333333332
714,720,0.01,0.011059549937957583,0.011120932840759767,304,6.515506172743497e-05,0.013200289569795132,514017,10.073995101451874,0.2013888888888889,0.35,0.18194444444444444,0.15416666666666667,0.1125
715,720,0.01,0.02052189138109321,0.02073391327370122,191,7.162140113652842e-05,0.012976162135601044,514737,10.08621895313263,0.1638888888888889,0.525,0.20972222222222223,0.05277777777777778,0.04861111111111111
716,720,0.01,0.16871965271676012,0.18378822058836786,378,6.587230601174572e-05,0.012817289680242538,515457,10.098316168785095,0.20833333333333334,0.2638888888888889,0.2111111111111111,0.18611111111111112,0.13055555555555556
717,720,0.01,0.14693464782627386,0.15827826455398375,329,6.428742571466097e-05,0.013835025951266289,516177,10.111726303895315,0.175,0.3263888888888889,0.24722222222222223,0.12638888888888888,0.125
718,720,0.01,0.15744312664442392,0.17051418501914517,445,6.162849021696578e-05,0.01337338611483574,516897,10.125489171346029,0.11944444444444445,0.3388888888888889,0.24027777777777778,0.10277777777777777,0.1986111111111111
719,720,0.01,0.253496118011745,0.28852237744684506,379,6.421564459060391e-05,0.013660185970366001,517617,10.139128820101421,0.1736111111111111,0.25555555555555554,0.23055555555555557,0.15694444444444444,0.18333333333333332
720,720,0.01,0.16226174481907013,0.17616805692992954,267,6.870468880985452e-05,0.01412927731871605,518337,10.152380633354188,0.22083333333333333,0.4152777777777778,0.20833333333333334,0.08194444444444444,0.07361111111111111
721,720,0.01,-0.0012677309741659006,-0.001266927742715862,379,6.395630393474979e-05,0.013827374204993248,519057,10.176102117697399,0.25972222222222224,0.24166666666666667,0.20972222222222223,0.13194444444444445,0.15694444444444444
722,720,0.01,0.2357572482158991,0.26586698139791465,378,6.492365251031313e-05,0.015179052948951721,519777,10.188945249716442,0.22361111111111112,0.24305555555555555,0.1625,0.1625,0.20833333333333334
723,720,0.01,-5.370200210056027e-05,-5.370056017295344e-05,277,6.45068285065362e-05,0.014554837718605995,520497,10.201607052485148,0.475,0.19583333333333333,0.14166666666666666,0.043055555555555555,0.14444444444444443
724,720,0.01,0.5508426219680065,0.7347141104242569,409,6.756626311370282e-05,0.015312380157411098,521217,10.213586632410685,0.24583333333333332,0.16944444444444445,0.1527777777777778,0.24027777777777778,0.19166666666666668
725,720,0.01,1.135509268721619,2.112758369795189,506,6.772585369011116e-05,0.01524756383150816,521937,10.22831950187683,0.21666666666666667,0.21388888888888888,0.20416666666666666,0.14166666666666666,0.22361111111111112
726,720,0.01,-0.006027101644943422,-0.0060089751029435146,283,6.469694775685437e-05,0.015305334702134132,522657,10.241520531972249,0.2,0.40694444444444444,0.20555555555555555,0.11805555555555555,0.06944444444444445
727,720,0.01,0.42520600986777457,0.52990556284367,318,7.09871085645217e-05,0.014751391485333443,523377,10.256449985504151,0.26666666666666666,0.31666666666666665,0.14444444444444443,0.11805555555555555,0.15416666666666667
728,720,0.01,0.1423614589891608,0.15299333302995666,429,5.782605182831604e-05,0.015522096306085587,524097,10.269361718495686,0.1625,0.26805555555555555,0.2388888888888889,0.11666666666666667,0.21388888888888888
729,720,0.01,0.01721458814772848,0.017363613076396556,356,5.85457653818998e-05,0.014709112234413624,524817,10.282496217886607,0.19722222222222222,0.2361111111111111,0.24722222222222223,0.12222222222222222,0.19722222222222222
730,720,0.01,0.3663096194692751,0.44240176919455365,470,5.949507004869601e-05,0.01408227626234293,525537,10.296655368804931,0.20972222222222223,0.25,0.1736111111111111,0.15833333333333333,0.20833333333333334
731,720,0.01,0.27391051839832625,0.31509711997695233,395,6.004391363679436e-05,0.015461599454283714,526257,10.321462269624075,0.19166666666666668,0.2361111111111111,0.27361111111111114,0.11527777777777778,0.18333333333333332
732,720,0.01,0.039917470114090206,0.040724879742418674,387,5.971005507363871e-05,0.014979837462306023,526977,10.335627249876659,0.2,0.25972222222222224,0.19166666666666668,0.11805555555555555,0.23055555555555557
733,720,0.01,0.014479909945092635,0.014585251673234101,328,6.143851033028922e-05,0.01505034789443016,527697,10.349253638585408,0.18333333333333332,0.29305555555555557,0.1875,0.1597222222222222,0.1763888888888889
734,720,0.01,0.9454951677874484,1.5740876683641054,491,5.917238330918432e-05,0.013790869154036045,528417,10.36170863310496,0.1625,0.2611111111111111,0.1388888888888889,0.19305555555555556,0.24444444444444444
735,720,0.01,0.15906124615144052,0.17240975006695902,277,6.263735852674775e-05,0.014856488443911076,529137,10.374973332881927,0.2708333333333333,0.39444444444444443,0.17083333333333334,0.04722222222222222,0.11666666666666667
736,720,0.01,0.40286997788145923,0.4961123513190915,376,6.276159989384824e-05,0.014100599102675915,529857,10.388218100865682,0.1486111111111111,0.19583333333333333,0.20555555555555555,0.21666666666666667,0.23333333333333334
737,720,0.01,-0.11205724689723422,-0.10600692229441777,212,5.668478154600759e-05,0.013893618248403072,530577,10.40163333415985,0.059722222222222225,0.3958333333333333,0.27361111111111114,0.16111111111111112,0.10972222222222222
738,720,0.01,0.16886669642311075,0.18396230199433217,393,6.577387640744645e-05,0.014422905631363392,531297,10.414623884359996,0.14722222222222223,0.11805555555555555,0.20416666666666666,0.28055555555555556,0.25
739,720,0.01,0.7229824294141094,1.0605695587446626,507,6.767722850579756e-05,0.014776838943362236,532017,10.427747452259064,0.18333333333333332,0.21388888888888888,0.21388888888888888,0.18055555555555555,0.20833333333333334
740,720,0.01,0.2566789173310147,0.29263001902444996,377,6.603063007635986e-05,0.015414468944072723,532737,10.440734966595967,0.22083333333333333,0.36666666666666664,0.13333333333333333,0.08611111111111111,0.19305555555555556
741,720,0.01,0.4198496950763011,0.5217328144940321,419,6.614526395196663e-05,0.01520622055977583,533457,10.465308817227681,0.2652777777777778,0.2625,0.13055555555555556,0.1388888888888889,0.20277777777777778
742,720,0.01,0.2942904219841938,0.3421736438024445,399,6.21432811158229e-05,0.01463923417031765,534177,10.478250034650166,0.10972222222222222,0.23333333333333334,0.1625,0.175,0.3194444444444444
743,720,0.01,-0.25346165906677676,-0.2238904988827517,445,6.629903643266112e-05,0.015301652252674103,534897,10.491985948880513,0.1486111111111111,0.25277777777777777,0.15694444444444444,0.16111111111111112,0.28055555555555556
744,720,0.01,0.06680145679844722,0.06908319790105666,357,6.466118807995574e-05,0.015122955664992332,535617,10.504313433170319,0.20972222222222223,0.2111111111111111,0.15833333333333333,0.17916666666666667,0.24166666666666667
745,720,0.01,0.1603756442255386,0.17395177638070192,272,6.988880164221377e-05,0.015123920515179634,536337,10.517463449637095,0.2375,0.20277777777777778,0.275,0.09722222222222222,0.1875
746,720,0.01,0.746938954746525,1.1105296917910064,517,6.376325677087556e-05,0.014260435476899147,537057,10.531497486432393,0.18194444444444444,0.225,0.16944444444444445,0.175,0.24861111111111112
747,720,0.01,-0.12960685209506362,-0.12155927983001424,343,6.68955824279591e-05,0.014442956075072289,537777,10.545291165510813,0.1763888888888889,0.23472222222222222,0.19305555555555556,0.09722222222222222,0.2986111111111111
748,720,0.01,-0.07517340929228834,-0.07241737906465529,363,6.463001982663425e-05,0.014346654526889324,538497,10.5582377354304,0.3597222222222222,0.22777777777777777,0.08472222222222223,0.09861111111111111,0.22916666666666666
749,720,0.01,0.28855653466058684,0.33449979288313725,390,6.448881762000585e-05,0.01384579949080944,539217,10.57038688659668,0.14583333333333334,0.24583333333333332,0.16805555555555557,0.24305555555555555,0.19722222222222222
750,720,0.01,-0.0644357171733371,-0.062403616329305245,332,6.332926378844503e-05,0.014467515051364899,539937,10.583702234427134,0.17222222222222222,0.2222222222222222,0.19166666666666668,0.09305555555555556,0.32083333333333336
751,720,0.01,0.0863450132416512,0.09018239078876866,319,6.260266718022144e-05,0.01398085243999958,540657,10.607410482565562,0.21388888888888888,0.20277777777777778,0.2513888888888889,0.18194444444444444,0.15
752,720,0.01,0.019173623677967714,0.01935861804635608,301,6.222488016318392e-05,0.013983674347400665,541377,10.620959734916687,0.19305555555555556,0.1527777777777778,0.18888888888888888,0.2388888888888889,0.2263888888888889
753,720,0.01,-0.4848494135620466,-0.3842100806067865,430,5.8197427757830966e-05,0.014276508241891861,542097,10.633584801355997,0.1875,0.16111111111111112,0.18055555555555555,0.1125,0.35833333333333334
754,720,0.01,-0.14517385000608446,-0.1351280779487961,452,6.743643823988855e-05,0.01385987177491188,542817,10.646524965763092,0.19027777777777777,0.18611111111111112,0.16111111111111112,0.22916666666666666,0.23333333333333334
755,720,0.01,-0.1615063874859452,-0.14913890341528158,286,6.314104542500192e-05,0.013743672519922256,543537,10.661255133152007,0.15416666666666667,0.2708333333333333,0.18611111111111112,0.15555555555555556,0.23333333333333334
756,720,0.01,0.10129265304912204,0.10660044437440686,343,5.682765127832883e-05,0.013112745247781277,544257,10.674705318609874,0.2152777777777778,0.2263888888888889,0.19305555555555556,0.08333333333333333,0.28194444444444444
757,720,0.01,0.23363669102622323,0.2631854822103712,343,5.887192139400415e-05,0.013070689514279366,544977,10.687119368712107,0.2652777777777778,0.2263888888888889,0.16111111111111112,0.19444444444444445,0.1527777777777778
758,720,0.01,0.12865960006084026,0.13730292042248582,317,5.471950105654994e-05,0.012647212482988834,545697,10.701514649391175,0.12361111111111112,0.2847222222222222,0.19166666666666668,0.1361111111111111,0.2638888888888889
759,720,0.01,0.14394349359900468,0.15481885202409762,374,5.585283959387905e-05,0.012492796406149864,546417,10.715467504660289,0.17222222222222222,0.2875,0.3055555555555556,0.12222222222222222,0.1125
760,720,0.01,0.22007193487818383,0.24616637018927112,288,5.676799261335772e-05,0.013357747346162796,547137,10.730438069502513,0.09861111111111111,0.18888888888888888,0.16666666666666666,0.32083333333333336,0.225
761,720,0.01,0.9715862170209936,1.6421321321569113,484,6.584772725343808e-05,0.012418866157531738,547857,10.75168715318044,0.1736111111111111,0.1527777777777778,0.1986111111111111,0.22777777777777777,0.24722222222222223
762,720,0.01,-0.053573514579276726,-0.05216374134127777,277,6.143507810697378e-05,0.012695679441094398,548577,10.765091820557911,0.16944444444444445,0.32916666666666666,0.23333333333333334,0.125,0.14305555555555555
763,720,0.01,0.2230396859501009,0.24987017503713926,270,6.350016486117561e-05,0.01296109426766634,549297,10.779467085997263,0.15416666666666667,0.21666666666666667,0.18055555555555555,0.15555555555555556,0.29305555555555557
764,720,0.01,0.0021064988138888643,0.002108719041211682,350,5.6564046078872505e-05,0.012789343483746052,550017,10.793938668568929,0.18472222222222223,0.12361111111111112,0.24722222222222223,0.20833333333333334,0.2361111111111111
765,720,0.01,0.14793357404271298,0.1594358771669131,364,5.637023119030952e-05,0.013256669975817204,550737,10.80635898510615,0.20694444444444443,0.16944444444444445,0.11666666666666667,0.21944444444444444,0.2875
766,720,0.01,-0.03407459497316642,-0.033500594048813115,368,6.437150352035638e-05,0.013096487149596214,551457,10.82026508251826,0.17916666666666667,0.2152777777777778,0.14444444444444443,0.2013888888888889,0.25972222222222224
767,720,0.01,0.389988824056392,0.4769642873208215,417,5.9908288772526754e-05,0.013601049780845642,552177,10.83085834980011,0.12222222222222222,0.17916666666666667,0.17777777777777778,0.22361111111111112,0.2972222222222222
768,720,0.01,0.07789186231443541,0.0810057548889278,330,5.811391173185459e-05,0.014088031835854053,552897,10.843867484728495,0.4513888888888889,0.23055555555555557,0.13194444444444445,0.05277777777777778,0.13333333333333333
769,720,0.01,0.16651775326310836,0.18118450556353993,392,5.712308789169482e-05,0.013792422600090504,553617,10.85934629837672,0.25972222222222224,0.22916666666666666,0.17777777777777778,0.1527777777777778,0.18055555555555555
770,720,0.01,0.05265532189648554,0.05406626893648836,337,5.494539202572923e-05,0.013544340617954731,554337,10.872988764444987,0.16527777777777777,0.19722222222222222,0.1736111111111111,0.16944444444444445,0.29444444444444445
771,720,0.01,0.4228549375987388,0.5263128692966084,460,5.7875117114589454e-05,0.01334821991622448,555057,10.89732353289922,0.18472222222222223,0.19444444444444445,0.19444444444444445,0.22083333333333333,0.20555555555555555
772,720,0.01,-0.0735756476803344,-0.07093413854416775,356,5.5612117991030475e-05,0.012666805647313595,555777,10.91018363237381,0.20416666666666666,0.15694444444444444,0.10277777777777777,0.25277777777777777,0.2833333333333333
773,720,0.01,0.24609118968813434,0.2790162013125528,342,5.5752092254755956e-05,0.012679395265877247,556497,10.923178517818451,0.11805555555555555,0.16944444444444445,0.2013888888888889,0.25277777777777777,0.25833333333333336
774,720,0.01,0.17255967221422208,0.1883427295412472,322,5.23803461469975e-05,0.012537375092506409,557217,10.93672330379486,0.21388888888888888,0.14166666666666666,0.14444444444444443,0.17916666666666667,0.32083333333333336
775,720,0.01,0.1730780944862297,0.18895895259709494,271,5.2257936128323e-05,0.012822045013308525,557937,10.95094378789266,0.2,0.25277777777777777,0.08888888888888889,0.20416666666666666,0.25416666666666665
776,720,0.01,0.017689375656127944,0.017846759298203674,362,5.2300150364064594e-05,0.013044018298387527,558657,10.964538117249807,0.4013888888888889,0.1111111111111111,0.11388888888888889,0.14444444444444443,0.22916666666666666
777,720,0.01,0.33481760765531365,0.3976854348490806,317,5.343758199261275e-05,0.01363566517829895,559377,10.976306251684825,0.1736111111111111,0.2,0.11666666666666667,0.19583333333333333,0.3138888888888889
778,720,0.01,0.2545904378526322,0.28993320485733376,246,5.848110076587747e-05,0.013650165870785713,560097,10.98987191915512,0.1527777777777778,0.13333333333333333,0.13194444444444445,0.23194444444444445,0.35
779,720,0.01,0.4080185706237069,0.5038350880663456,392,5.012264501955441e-05,0.012684974819421768,560817,11.003233170509338,0.20694444444444443,0.14444444444444443,0.13055555555555556,0.2,0.31805555555555554
780,720,0.01,-0.05900684347231345,-0.0572996822085019,291,5.5467416879966754e-05,0.013114954344928265,561537,11.015668535232544,0.23333333333333334,0.2013888888888889,0.11527777777777778,0.175,0.275
781,720,0.01,0.01622689652258635,0.01635926762947615,402,5.3356398979708e-05,0.013422856107354164,562257,11.039032566547395,0.2361111111111111,0.17916666666666667,0.1361111111111111,0.19305555555555556,0.25555555555555554
782,720,0.01,0.48429315835594355,0.6230273799544703,421,5.583774725816208e-05,0.013042963109910488,562977,11.050377051035563,0.25972222222222224,0.14583333333333334,0.17222222222222222,0.1875,0.23472222222222222
783,720,0.01,0.11960397545461399,0.12705042355536622,269,5.405677453861952e-05,0.013326361775398254,563697,11.06362488269806,0.39305555555555555,0.1375,0.1375,0.10972222222222222,0.2222222222222222
784,720,0.01,0.2104675278058827,0.23425497360435954,353,5.6430328159725224e-05,0.01377574447542429,564417,11.077719334761301,0.26805555555555555,0.10972222222222222,0.15138888888888888,0.2611111111111111,0.20972222222222223
785,720,0.01,0.5919103519831065,0.8074379621198484,428,5.5451516635053445e-05,0.013461829163134098,565137,11.09098463455836,0.15138888888888888,0.1375,0.19722222222222222,0.21666666666666667,0.2972222222222222
786,720,0.01,0.09164495064230227,0.09597562755065603,365,5.993180024764418e-05,0.012442723847925663,565857,11.10397998491923,0.19027777777777777,0.21944444444444444,0.13333333333333333,0.26805555555555555,0.18888888888888888
787,720,0.01,-0.14595551631689238,-0.13580385504292503,189,6.131614842767401e-05,0.013204753398895264,566577,11.116897519429525,0.20555555555555555,0.4236111111111111,0.19305555555555556,0.08611111111111111,0.09166666666666666
788,720,0.01,0.3408468991033672,0.40613794340154796,415,5.7705398417814044e-05,0.012856816872954369,567297,11.130062083403269,0.19305555555555556,0.21944444444444444,0.14583333333333334,0.19444444444444445,0.24722222222222223
789,720,0.01,1.5476792723108412,3.7005488209361976,506,6.617780024574434e-05,0.01355888694524765,568017,11.142548203468323,0.1736111111111111,0.19583333333333333,0.175,0.20555555555555555,0.25
790,720,0.01,0.5215729666540211,0.6846755050511426,318,6.729009256029409e-05,0.013022320345044136,568737,11.15626276731491,0.23055555555555557,0.32916666666666666,0.08055555555555556,0.13472222222222222,0.225
791,720,0.01,-0.10297984312625319,-0.09785484227570784,291,6.672115335327867e-05,0.013958660885691643,569457,11.179929554462433,0.18194444444444444,0.21666666666666667,0.19722222222222222,0.0625,0.3416666666666667
792,720,0.01,0.14317507113088204,0.15393180412900676,348,6.440112370253499e-05,0.013781405054032803,570177,11.193785536289216,0.2111111111111111,0.2111111111111111,0.11944444444444445,0.1736111111111111,0.2847222222222222
793,720,0.01,0.08018274450398984,0.08348505052240851,386,6.64622554760778e-05,0.012544585391879082,570897,11.208418786525726,0.1638888888888889,0.17083333333333334,0.12222222222222222,0.30833333333333335,0.23472222222222222
794,720,0.01,-0.1022068260859058,-0.09715719908562315,323,6.072015560221189e-05,0.012692082673311234,571617,11.22145781914393,0.2902777777777778,0.17777777777777778,0.20416666666666666,0.1361111111111111,0.19166666666666668
795,720,0.01,1.1830662539722834,2.2643682550373585,485,6.18147931113021e-05,0.01262735016644001,572337,11.23500678539276,0.1875,0.21388888888888888,0.17916666666666667,0.175,0.24444444444444444
796,720,0.01,-0.2952685124848052,-0.2556683017230851,359,6.234256443096657e-05,0.013622220605611801,573057,11.248732248942057,0.21944444444444444,0.24305555555555555,0.1361111111111111,0.18194444444444444,0.21944444444444444
797,720,0.01,0.2519777160869024,0.28656736720999554,305,5.9531467746233425e-05,0.012994267046451569,573777,11.263203501701355,0.19583333333333333,0.15416666666666667,0.2652777777777778,0.20416666666666666,0.18055555555555555
798,720,0.01,0.16723982886136146,0.1820377180769397,393,6.026982068129251e-05,0.012240136042237282,574497,11.276976549625397,0.2111111111111111,0.22083333333333333,0.15694444444444444,0.19583333333333333,0.2152777777777778
799,720,0.01,0.3122303440532213,0.36646941488456375,410,5.9855036542760194e-05,0.012245621532201767,575217,11.290110468864441,0.20833333333333334,0.2263888888888889,0.15416666666666667,0.22916666666666666,0.18194444444444444
800,720,0.01,0.33046382095109494,0.39161343826660167,340,6.163225676295447e-05,0.012137657031416893,575937,11.303606188297271,0.10833333333333334,0.2916666666666667,0.10138888888888889,0.19722222222222222,0.3013888888888889
801,720,0.01,0.5173996141547023,0.677659410821986,428,6.1801900757372e-05,0.011754394508898258,576657,11.327766684691111,0.12222222222222222,0.2152777777777778,0.16666666666666666,0.22777777777777777,0.26805555555555555
802,720,0.01,0.046110589349613464,0.04719021263813894,229,5.973593351629663e-05,0.012341408059000969,577377,11.340293935934703,0.15694444444444444,0.3388888888888889,0.14027777777777778,0.2152777777777778,0.1486111111111111
803,720,0.01,0.1461072665512406,0.15732032315264854,337,6.469610672436627e-05,0.013219552114605904,578097,11.353838535149892,0.19722222222222222,0.1875,0.19305555555555556,0.17777777777777778,0.24444444444444444
804,720,0.01,0.4594267876927864,0.5831662344824864,346,5.874251716527902e-05,0.012876639142632484,578817,11.366899383068084,0.16666666666666666,0.16111111111111112,0.10138888888888889,0.18888888888888888,0.3819444444444444
805,720,0.01,0.1684186037240819,0.18343189597529208,360,5.960204405507991e-05,0.01283608190715313,579537,11.381933287779491,0.21944444444444444,0.18472222222222223,0.14166666666666666,0.225,0.22916666666666666
806,720,0.01,-0.06478767241250337,-0.0627335502243721,457,6.0032178511290924e-05,0.012307490222156048,580257,11.39559646844864,0.1986111111111111,0.17916666666666667,0.12638888888888888,0.19166666666666668,0.30416666666666664
807,720,0.01,0.35284039152527313,0.4231039858493886,349,6.339988726596049e-05,0.012968390248715878,580977,11.408293902873993,0.27361111111111114,0.16111111111111112,0.11527777777777778,0.14583333333333334,0.30416666666666664
808,720,0.01,0.23520850583508562,0.26517253708968846,382,5.830227288722906e-05,0.013368401676416397,581697,11.420869386196136,0.3736111111111111,0.22361111111111112,0.12638888888888888,0.13194444444444445,0.14444444444444443
809,720,0.01,-0.27496651192033245,-0.24040243973733866,379,5.8569204003965245e-05,0.012535572052001953,582417,11.433823982874552,0.2388888888888889,0.2263888888888889,0.09722222222222222,0.175,0.2625
810,720,0.01,0.14623308108935013,0.15746594003472003,325,5.895654059284223e-05,0.012835897505283356,583137,11.447722633679708,0.14166666666666666,0.2125,0.18611111111111112,0.23055555555555557,0.22916666666666666
811,720,0.01,-0.018246425047129613,-0.018080966901823814,308,5.688709227848044e-05,0.012177839875221252,583857,11.47289880514145,0.12916666666666668,0.2222222222222222,0.2388888888888889,0.13055555555555556,0.2791666666666667
812,720,0.01,-0.08210805476287,-0.07882758374857235,405,6.173444931821198e-05,0.013165947049856186,584577,11.486327536900838,0.18333333333333332,0.18472222222222223,0.13333333333333333,0.23333333333333334,0.2652777777777778
813,720,0.01,0.17023883327275774,0.1855879753655978,380,5.941000454691271e-05,0.013346556574106216,585297,11.49946423371633,0.11666666666666667,0.18611111111111112,0.2152777777777778,0.19722222222222222,0.2847222222222222
814,720,0.01,-0.020903437486321622,-0.020686475020456063,350,5.652701557260621e-05,0.012118630111217499,586017,11.512315201759339,0.20416666666666666,0.24444444444444444,0.23333333333333334,0.13194444444444445,0.18611111111111112
815,720,0.01,0.1723699506690739,0.18811729670784105,447,5.938109095495747e-05,0.012385200709104538,586737,11.525822933514913,0.22361111111111112,0.2013888888888889,0.1625,0.1986111111111111,0.21388888888888888
816,720,0.01,0.05096649282027705,0.05228763350162291,361,5.6909124886159485e-05,0.012094463221728802,587457,11.537960251172384,0.21944444444444444,0.20694444444444443,0.2791666666666667,0.075,0.21944444444444444
817,720,0.01,0.811771787742648,1.2518943329307368,506,5.501997345618293e-05,0.012121383100748062,588177,11.551653297742208,0.25555555555555554,0.19444444444444445,0.1597222222222222,0.17916666666666667,0.2111111111111111
818,720,0.01,0.6895960540886673,0.9929103426427441,476,6.468477273150105e-05,0.012258019298315048,588897,11.565025921662649,0.18888888888888888,0.18333333333333332,0.14444444444444443,0.2611111111111111,0.2222222222222222
819,720,0.01,-0.2198455228994534,-0.1973572216846613,361,5.948965511935158e-05,0.012717338278889656,589617,11.576274367173513,0.23472222222222222,0.24722222222222223,0.19305555555555556,0.09444444444444444,0.23055555555555557
820,720,0.01,-0.23141831720040995,-0.20659249939777702,385,6.195089799045187e-05,0.013125072233378887,590337,11.58945296605428,0.1527777777777778,0.28055555555555556,0.14444444444444443,0.18055555555555555,0.24166666666666667
821,720,0.01,0.04839065743788576,0.04958060171367329,328,6.251188240690277e-05,0.012653497979044914,591057,11.613542783260346,0.16527777777777777,0.2013888888888889,0.1763888888888889,0.2375,0.21944444444444444
822,720,0.01,0.07007139042861965,0.07258475080610527,409,6.275817103945277e-05,0.013340296223759651,591777,11.626258317629496,0.10416666666666667,0.20277777777777778,0.20833333333333334,0.23194444444444445,0.25277777777777777
823,720,0.01,-0.015862439359752435,-0.015737293448770173,304,6.0731345941652154e-05,0.012876427732408047,592497,11.641472967465718,0.14305555555555555,0.16111111111111112,0.12083333333333333,0.24305555555555555,0.33194444444444443
824,720,0.01,-0.08766019588353273,-0.08392789108506815,332,6.321733945040049e-05,0.013308482244610786,593217,11.655843599637349,0.09583333333333334,0.2611111111111111,0.13472222222222222,0.17916666666666667,0.32916666666666666
825,720,0.01,0.06968391855551381,0.07216923488921267,293,5.8024719975138494e-05,0.012652965262532234,593937,11.668828884760538,0.13472222222222222,0.2263888888888889,0.25972222222222224,0.1,0.2791666666666667
826,720,0.01,0.053829362043520734,0.05530451178503659,320,6.42471869418336e-05,0.012946441769599915,594657,11.685041153430939,0.14444444444444443,0.20555555555555555,0.125,0.24305555555555555,0.28194444444444444
827,720,0.01,0.21068930957927617,0.2345287392182116,330,5.987421373371641e-05,0.013109742663800716,595377,11.699501419067383,0.20694444444444443,0.22361111111111112,0.18888888888888888,0.20277777777777778,0.17777777777777778
828,720,0.01,0.052507952006335894,0.05391094275170949,397,6.12779501428425e-05,0.012631261721253395,596097,11.714066569010416,0.21666666666666667,0.13333333333333333,0.2152777777777778,0.15833333333333333,0.2763888888888889
829,720,0.01,0.24452639375530835,0.27701636703704957,393,6.346568010131805e-05,0.012504766695201397,596817,11.727514735857646,0.1,0.21666666666666667,0.1736111111111111,0.15555555555555556,0.3541666666666667
830,720,0.01,0.35602606813917287,0.4276447638211647,362,6.455006503453357e-05,0.013314289040863514,597537,11.74142363468806,0.20277777777777778,0.2847222222222222,0.13472222222222222,0.1388888888888889,0.2388888888888889
831,720,0.01,0.17424048750153934,0.19034179372581894,290,6.196804542166015e-05,0.013419309630990028,598257,11.766834318637848,0.041666666666666664,0.21388888888888888,0.15,0.3,0.29444444444444445
832,720,0.01,0.08051344986637259,0.08384342409343959,245,6.06146335030644e-05,0.013513656333088875,598977,11.78360511859258,0.3333333333333333,0.20555555555555555,0.24444444444444444,0.04027777777777778,0.1763888888888889
833,720,0.01,-0.07359827301710402,-0.0709551587343703,256,5.8202254172101676e-05,0.013632983900606632,599697,11.79766887029012,0.1875,0.2125,0.275,0.03611111111111111,0.28888888888888886
834,720,0.01,-0.07978282614136897,-0.07668315510372536,342,6.156427089207582e-05,0.013442350551486015,600417,11.807727603117625,0.13333333333333333,0.23333333333333334,0.18888888888888888,0.07361111111111111,0.37083333333333335
835,720,0.01,0.22633195062979158,0.253991859583925,357,6.508846015170396e-05,0.013785243034362793,601137,11.821534101168314,0.0875,0.25972222222222224,0.2222222222222222,0.1375,0.29305555555555557
836,720,0.01,0.36456039224983694,0.4398808861998684,344,6.10585985542558e-05,0.013309204019606113,601857,11.834791700045267,0.10972222222222222,0.2111111111111111,0.32222222222222224,0.11944444444444445,0.2375
837,720,0.01,0.22215120558596596,0.24876018310493553,261,5.8655353901965804e-05,0.013072488829493523,602577,11.848764832814535,0.20833333333333334,0.25972222222222224,0.1875,0.1527777777777778,0.19166666666666668
838,720,0.01,-0.01631771248301237,-0.016185299814922005,372,6.261584028758686e-05,0.013521486893296242,603297,11.862455149491629,0.08472222222222223,0.30694444444444446,0.22361111111111112,0.12916666666666668,0.25555555555555554
839,720,0.01,0.36916200958569445,0.4465219351116638,369,6.124439810011811e-05,0.013029017485678196,604017,11.878929018974304,0.10694444444444444,0.2611111111111111,0.19166666666666668,0.20277777777777778,0.2375
840,720,0.01,0.3568795390556183,0.4288637372112778,308,5.853439964893267e-05,0.012817395851016045,604737,11.893681553999583,0.18333333333333332,0.28055555555555556,0.2263888888888889,0.10555555555555556,0.20416666666666666
841,720,0.01,0.3609256867279964,0.4346568428728437,466,5.949358285053879e-05,0.012918006628751755,605457,11.914607334136964,0.12916666666666668,0.23055555555555557,0.18333333333333332,0.14027777777777778,0.31666666666666665
842,720,0.01,-0.13398855514731242,-0.12539992578493464,373,5.9477510097217924e-05,0.0133781423792243,606177,11.928017834822336,0.25972222222222224,0.2388888888888889,0.1763888888888889,0.09861111111111111,0.2263888888888889
843,720,0.01,1.335501902124989,2.8019036511602082,544,7.222381194272505e-05,0.012938965111970901,606897,11.941277567545573,0.2361111111111111,0.23472222222222222,0.1763888888888889,0.11944444444444445,0.23333333333333334
844,720,0.01,0.3474220031501776,0.41541390848317183,364,8.399030761615399e-05,0.013484293594956398,607617,11.9539235830307,0.1625,0.275,0.20555555555555555,0.15138888888888888,0.20555555555555555
845,720,0.01,0.2978298263765556,0.3469325559819101,450,7.755065478628845e-05,0.014336097054183483,608337,11.967207467556,0.19583333333333333,0.18472222222222223,0.18055555555555555,0.15694444444444444,0.28194444444444444
846,720,0.01,0.02209626789314052,0.022342198462822038,369,7.670074299363074e-05,0.013340409845113754,609057,11.981827338536581,0.1,0.30972222222222223,0.2111111111111111,0.08055555555555556,0.2986111111111111
847,720,0.01,0.32868172527015116,0.38913565844483977,377,7.075522597814497e-05,0.014180636033415794,609777,11.998293618361155,0.11388888888888889,0.2125,0.2763888888888889,0.12083333333333333,0.2763888888888889
848,720,0.01,0.31065771482906973,0.3643221540139481,412,7.113007373189046e-05,0.012930386699736118,610497,12.011031885941824,0.10416666666666667,0.1638888888888889,0.3486111111111111,0.1486111111111111,0.23472222222222222
849,720,0.01,0.11485939726775389,0.12171571019009031,463,7.56514552411621e-05,0.013213930651545525,611217,12.024750065803527,0.24027777777777778,0.27361111111111114,0.14583333333333334,0.1111111111111111,0.22916666666666666
850,720,0.01,0.14243540211109354,0.15307859210869212,371,6.77353017913952e-05,0.012806465849280357,611937,12.038109719753265,0.16111111111111112,0.325,0.1986111111111111,0.12222222222222222,0.19305555555555556
851,720,0.01,-0.016849367286149372,-0.016708210609339358,336,6.992577880029986e-05,0.013297313824295998,612657,12.064532299836477,0.16805555555555557,0.2222222222222222,0.2638888888888889,0.1388888888888889,0.20694444444444443
852,720,0.01,0.3306357706385878,0.3918527463363035,457,7.464388275669383e-05,0.014306292869150639,613377,12.078561850388844,0.1625,0.2638888888888889,0.15,0.20416666666666666,0.21944444444444444
853,720,0.01,0.6322824398923442,0.8819010070118773,511,7.826555760175325e-05,0.012849170714616776,614097,12.09199908177058,0.2722222222222222,0.19166666666666668,0.17222222222222222,0.14305555555555555,0.22083333333333333
854,720,0.01,-0.02026496508610551,-0.020061010714000127,313,7.634092142628409e-05,0.013511896133422852,614817,12.10651585261027,0.12777777777777777,0.15833333333333333,0.3013888888888889,0.12361111111111112,0.28888888888888886
855,720,0.01,0.010741172015635604,0.010799065499392801,348,7.903967322135941e-05,0.01358206570148468,615537,12.119274683793385,0.15138888888888888,0.1986111111111111,0.2375,0.18472222222222223,0.22777777777777777
856,720,0.01,0.3414489471765661,0.40698476092787716,460,7.243886672970095e-05,0.013336282223463058,616257,12.132550768057506,0.15694444444444444,0.19305555555555556,0.2375,0.13333333333333333,0.2791666666666667
857,720,0.01,0.1145453196421317,0.12136345970310747,325,7.208927320081986e-05,0.013372715562582016,616977,12.144893769423167,0.11388888888888889,0.2972222222222222,0.1736111111111111,0.22916666666666666,0.18611111111111112
858,720,0.01,0.8220038491616898,1.2750541382703764,468,6.829909528581387e-05,0.01276057492941618,617697,12.158606986204783,0.18888888888888888,0.1986111111111111,0.18194444444444444,0.15555555555555556,0.275
859,720,0.01,-0.028439066490091675,-0.028038482631473016,231,7.401890728841762e-05,0.013552138581871986,618417,12.171883670488993,0.11805555555555555,0.46944444444444444,0.22916666666666666,0.0375,0.14583333333333334
860,720,0.01,1.3334397274847283,2.7940715402318905,512,6.91473550811376e-05,0.013645478524267673,619137,12.184693602720897,0.20416666666666666,0.25555555555555554,0.16527777777777777,0.13194444444444445,0.24305555555555555
861,720,0.01,-0.18786874394813263,-0.1712765249342667,364,6.972009600758611e-05,0.013346442021429539,619857,12.209857451915742,0.23194444444444445,0.2638888888888889,0.1625,0.15833333333333333,0.18333333333333332
862,720,0.01,-0.11628331835941552,-0.10977702894635877,275,6.97950659539654e-05,0.01266508549451828,620577,12.222562019030253,0.18333333333333332,0.4361111111111111,0.19027777777777777,0.10416666666666667,0.08611111111111111
863,720,0.01,0.1467736744089644,0.15809182754964612,429,7.264027990459e-05,0.013322807848453522,621297,12.236790200074514,0.17777777777777778,0.33194444444444443,0.10138888888888889,0.1638888888888889,0.225
864,720,0.01,0.06225196755385265,0.06423046249449471,323,7.671984823724011e-05,0.013430207967758179,622017,12.250003671646118,0.22083333333333333,0.2791666666666667,0.20972222222222223,0.16111111111111112,0.12916666666666668
865,720,0.01,-0.00838333014809963,-0.00834828802750709,326,7.89855500923093e-05,0.013817362487316132,622737,12.264403382937113,0.14166666666666666,0.29444444444444445,0.22916666666666666,0.18472222222222223,0.15
866,720,0.01,0.078301572559891,0.08144874476465103,382,7.511144713892767e-05,0.013482930138707161,623457,12.277920917669933,0.2152777777777778,0.3888888888888889,0.08472222222222223,0.12083333333333333,0.19027777777777777
867,720,0.01,-0.16638833436226622,-0.15328263910922912,221,7.514983149500646e-05,0.013528700917959213,624177,12.291949133078257,0.25833333333333336,0.35555555555555557,0.23333333333333334,0.08194444444444444,0.07083333333333333
868,720,0.01,0.26666665667488015,0.30560515901962204,418,6.823402593454375e-05,0.013976074755191803,624897,12.304948417345683,0.13194444444444445,0.22083333333333333,0.17222222222222222,0.16666666666666666,0.30833333333333335
869,720,0.01,0.2680403667531845,0.30739991443942194,363,6.944427714819944e-05,0.012871820479631424,625617,12.31823045015335,0.12083333333333333,0.25277777777777777,0.18333333333333332,0.24166666666666667,0.2013888888888889
870,720,0.01,-0.16225205956626695,-0.14977313028721329,478,6.572676842072016e-05,0.012708020396530628,626337,12.331270917256672,0.25,0.23194444444444445,0.13333333333333333,0.16666666666666666,0.21805555555555556
871,720,0.01,1.0964528312021353,1.9935286174545626,527,6.92498617177585e-05,0.01383600290864706,627057,12.35794193347295,0.14027777777777778,0.2263888888888889,0.14583333333333334,0.2361111111111111,0.2513888888888889
872,720,0.01,0.34736499966901657,0.41533322726268573,352,7.301980797996698e-05,0.01400839164853096,627777,12.371654001871745,0.1361111111111111,0.23333333333333334,0.2125,0.21666666666666667,0.2013888888888889
873,720,0.01,0.9166776868509506,1.500967574633826,509,8.017251412992564e-05,0.01336787547916174,628497,12.384453586737315,0.15555555555555556,0.2611111111111111,0.17777777777777778,0.1736111111111111,0.23194444444444445
874,720,0.01,0.057012426853203554,0.05866896623759299,354,7.50449052740502e-05,0.01324915699660778,629217,12.397698632876079,0.06944444444444445,0.1875,0.23055555555555557,0.1763888888888889,0.33611111111111114
875,720,0.01,-0.042738492782462965,-0.041838076433974525,211,7.34267609611076e-05,0.013868886977434158,629937,12.411452066898345,0.07083333333333333,0.23055555555555557,0.26805555555555555,0.2791666666666667,0.15138888888888888
876,720,0.01,0.015113137071467785,0.015227918032025167,277,7.072530144240672e-05,0.014754918403923512,630657,12.425401651859284,0.02638888888888889,0.16527777777777777,0.29305555555555557,0.3402777777777778,0.175
877,720,0.01,0.28929689074648307,0.33548816375447843,281,7.117220976245638e-05,0.014180179685354233,631377,12.440706884860992,0.10694444444444444,0.14027777777777778,0.1986111111111111,0.3,0.25416666666666665
878,720,0.01,0.03738782805070249,0.0380955453497589,205,7.019605809293555e-05,0.013990171253681183,632097,12.453369537989298,0.10694444444444444,0.2569444444444444,0.15138888888888888,0.35555555555555557,0.12916666666666668
879,720,0.01,0.012801493219833008,0.012883783103706303,247,7.12092692285498e-05,0.012986009940505028,632817,12.466331819693247,0.10833333333333334,0.2361111111111111,0.27361111111111114,0.2263888888888889,0.15555555555555556
880,720,0.01,-0.016398304396946208,-0.016264584129685677,215,6.82104603015432e-05,0.01316936407238245,633537,12.48065016667048,0.05694444444444444,0.22083333333333333,0.25,0.3388888888888889,0.13333333333333333
881,720,0.01,0.118796429627963,0.12614064608234377,335,6.903102642026068e-05,0.013392860069870949,634257,12.506273217995961,0.14583333333333334,0.22916666666666666,0.15416666666666667,0.2625,0.20833333333333334
882,720,0.01,0.37679561941706363,0.45760637248590363,328,7.113251016587836e-05,0.013386640697717667,634977,12.522905635833741,0.12638888888888888,0.2791666666666667,0.18194444444444444,0.19583333333333333,0.21666666666666667
883,720,0.01,0.1463136988806374,0.1575592561437189,489,7.24556400074208e-05,0.013792891055345535,635697,12.536079835891723,0.14444444444444443,0.2611111111111111,0.20694444444444443,0.12777777777777777,0.25972222222222224
884,720,0.01,-0.17119942142047573,-0.15734648644583782,344,7.517879881030846e-05,0.013627276755869389,636417,12.550147688388824,0.04722222222222222,0.225,0.18055555555555555,0.2902777777777778,0.2569444444444444
885,720,0.01,-0.15810340934932926,-0.14623850951673578,340,7.558294839403364e-05,0.014350621029734612,637137,12.569174520174663,0.10694444444444444,0.18194444444444444,0.08472222222222223,0.3472222222222222,0.2791666666666667
886,720,0.01,0.012116712856715261,0.01219041760755113,212,8.492166857649863e-05,0.014223592355847359,637857,12.583574402332307,0.02638888888888889,0.30833333333333335,0.36527777777777776,0.1986111111111111,0.10138888888888889
887,720,0.01,0.32237630735058254,0.38040413445447663,315,8.213862059847088e-05,0.014712119475007057,638577,12.597513703505198,0.08611111111111111,0.28194444444444444,0.11388888888888889,0.3333333333333333,0.18472222222222223
888,720,0.01,0.3257896715250181,0.3851240072129336,382,7.32479025145949e-05,0.013844123110175133,639297,12.612918670972189,0.07222222222222222,0.2361111111111111,0.19444444444444445,0.19583333333333333,0.3013888888888889
889,720,0.01,-0.060868201443979225,-0.05905275290770318,148,7.595957732746683e-05,0.014014162123203278,640017,12.626363551616668,0.016666666666666666,0.21805555555555556,0.17222222222222222,0.4875,0.10555555555555556
890,720,0.01,0.05320610646597575,0.0546469922846895,191,7.807669959194956e-05,0.014120574109256268,640737,12.638368034362793,0.016666666666666666,0.2708333333333333,0.29305555555555557,0.32083333333333336,0.09861111111111111
891,720,0.01,0.5319293899151205,0.7022133756923072,464,6.65761870158753e-05,0.014329146593809128,641457,12.665832269191743,0.11944444444444445,0.26666666666666666,0.15833333333333333,0.18333333333333332,0.2722222222222222
892,720,0.01,0.9771056962640828,1.65675564558226,434,7.506773987036771e-05,0.014647254720330238,642177,12.681838083267213,0.14444444444444443,0.2791666666666667,0.14722222222222223,0.21666666666666667,0.2125
893,720,0.01,0.12506109295424112,0.13321768256811062,264,7.943638862697197e-05,0.014438350684940815,642897,12.69488863547643,0.11527777777777778,0.09722222222222222,0.18472222222222223,0.37777777777777777,0.225
894,720,0.01,-0.1805193509249569,-0.16516347431832312,323,7.705560255999444e-05,0.014098997227847576,643617,12.711741848786671,0.09583333333333334,0.36944444444444446,0.175,0.1486111111111111,0.2111111111111111
895,720,0.01,0.3408129342206038,0.40609018490221427,279,7.949401413548508e-05,0.014604116789996624,644337,12.72646803855896,0.12361111111111112,0.29444444444444445,0.17222222222222222,0.18611111111111112,0.22361111111111112
896,720,0.01,-0.13746241111908844,-0.12843288938623576,198,7.384426692927567e-05,0.014411757700145245,645057,12.740888253847759,0.14583333333333334,0.29444444444444445,0.2625,0.1986111111111111,0.09861111111111111
897,720,0.01,-0.062302693301880374,-0.06040156641008276,238,7.93934488948859e-05,0.014176883734762669,645777,12.75439656972885,0.14305555555555555,0.29305555555555557,0.1527777777777778,0.13194444444444445,0.2791666666666667
898,720,0.01,-0.13226581602890494,-0.1238919194463246,254,7.531515577107308e-05,0.013807886280119419,646497,12.76960518360138,0.17777777777777778,0.18472222222222223,0.21388888888888888,0.2916666666666667,0.13194444444444445
899,720,0.01,-0.10585456817950958,-0.10044453744805049,269,7.306392291184238e-05,0.014024129137396812,647217,12.782942136128744,0.1388888888888889,0.30833333333333335,0.16666666666666666,0.24722222222222223,0.1388888888888889
900,720,0.01,0.028173995866272502,0.02857463658742332,193,6.760954141150755e-05,0.013920504599809647,647937,12.796391586462656,0.16527777777777777,0.19305555555555556,0.30277777777777776,0.24166666666666667,0.09722222222222222
901,720,0.01,0.3487988260666539,0.4173640249631425,258,7.020014917063438e-05,0.014257828705012798,648657,12.82130293448766,0.17083333333333334,0.1875,0.19305555555555556,0.25,0.1986111111111111
902,720,0.01,0.3127632329907491,0.3671977853722779,292,8.251248235511513e-05,0.014029034413397312,649377,12.836174869537354,0.05138888888888889,0.21944444444444444,0.2847222222222222,0.2513888888888889,0.19305555555555556
903,720,0.01,0.2076208498517291,0.23074644337832062,292,8.714590340888308e-05,0.014295494183897972,650097,12.848931284745534,0.13333333333333333,0.18472222222222223,0.24027777777777778,0.24166666666666667,0.2
904,720,0.01,0.07880398882443901,0.08199221871694262,318,8.495317015836514e-05,0.015469171106815338,650817,12.862351965904235,0.05694444444444444,0.28194444444444444,0.16944444444444445,0.22916666666666666,0.2625
905,720,0.01,0.3723094244339835,0.45108191203380055,371,8.056136612140108e-05,0.01565619930624962,651537,12.876879886786144,0.2777777777777778,0.23333333333333334,0.11805555555555555,0.2152777777777778,0.15555555555555556
906,720,0.01,0.4101007106565189,0.5069695453630549,402,7.856577004127353e-05,0.015321985818445683,652257,12.889582983652751,0.15694444444444444,0.3263888888888889,0.11944444444444445,0.1638888888888889,0.23333333333333334
907,720,0.01,0.09725863635555575,0.10214539162879865,363,7.6660287738327e-05,0.01532864011824131,652977,12.902832984924316,0.10555555555555556,0.2125,0.25555555555555554,0.20555555555555555,0.22083333333333333
908,720,0.01,-0.19898452230301025,-0.18043742182399158,391,8.829125332820493e-05,0.015274018049240112,653697,12.9166504184405,0.0875,0.19166666666666668,0.14166666666666666,0.29583333333333334,0.2833333333333333
909,720,0.01,0.36989456422576866,0.4475819796900802,362,8.63519083244076e-05,0.015375795774161816,654417,12.92888348499934,0.10972222222222222,0.22916666666666666,0.1763888888888889,0.20694444444444443,0.2777777777777778
910,720,0.01,-0.2689103108064559,-0.2357882058859151,351,8.610471528148385e-05,0.016417887061834335,655137,12.940676152706146,0.175,0.30972222222222223,0.10555555555555556,0.19444444444444445,0.2152777777777778
911,720,0.01,0.061627855974841744,0.06356647116400982,269,7.932354507273784e-05,0.01633618026971817,655857,12.964454384644826,0.059722222222222225,0.22777777777777777,0.3736111111111111,0.1486111111111111,0.19027777777777777
912,720,0.01,0.20886631957817456,0.23228025577466194,233,7.163831429200703e-05,0.014850074425339699,656577,12.97651123603185,0.09027777777777778,0.20555555555555555,0.13055555555555556,0.4625,0.1111111111111111
913,720,0.01,0.46161495823616117,0.5866342651395406,350,7.39188596437796e-05,0.01452100370079279,657297,12.989671798547109,0.10277777777777777,0.20694444444444443,0.17916666666666667,0.25,0.2611111111111111
914,720,0.01,0.15127211630898538,0.16331317150206015,277,6.599141317135744e-05,0.014209182001650333,658017,13.0032177845637,0.10694444444444444,0.30416666666666664,0.11388888888888889,0.2875,0.1875
915,720,0.01,0.4691389888662413,0.5986171733028631,301,6.629063737667214e-05,0.014072955586016178,658737,13.017147135734557,0.29305555555555557,0.17916666666666667,0.16944444444444445,0.2013888888888889,0.15694444444444444
916,720,0.01,-0.055667592316113075,-0.05414650739101923,303,6.493918190876179e-05,0.013832667842507362,659457,13.033328251043956,0.05416666666666667,0.16944444444444445,0.18472222222222223,0.39305555555555555,0.1986111111111111
917,720,0.01,0.02608516490961793,0.026428360429719078,370,7.179847590919053e-05,0.014545666985213757,660177,13.045519904295604,0.12083333333333333,0.2375,0.10694444444444444,0.275,0.25972222222222224
918,720,0.01,0.09576678908871157,0.10050238490090058,324,6.675255677919267e-05,0.013469072058796883,660897,13.058042867978413,0.1375,0.19305555555555556,0.19166666666666668,0.28055555555555556,0.19722222222222222
919,720,0.01,-0.1487252577936501,-0.13819414318148426,345,6.569891149865725e-05,0.013171004131436348,661617,13.070105250676473,0.2875,0.18333333333333332,0.18055555555555555,0.1763888888888889,0.17222222222222222
920,720,0.01,0.05857837853832089,0.06032808940356804,175,6.565275369009921e-05,0.013284850865602493,662337,13.081629920005799,0.06944444444444445,0.2916666666666667,0.3236111111111111,0.2361111111111111,0.07916666666666666
921,720,0.01,0.1884217889327002,0.20734265173649202,240,6.602376854516478e-05,0.012998746708035469,663057,13.102001818021138,0.05555555555555555,0.2777777777777778,0.28055555555555556,0.22777777777777777,0.15833333333333333
922,720,0.01,-0.022633158402207473,-0.02237894993121836,110,6.380939284882617e-05,0.013239283114671707,663777,13.11242949962616,0.1736111111111111,0.28888888888888886,0.25,0.225,0.0625
923,720,0.01,-0.10717337059214563,-0.10163009143480206,130,5.658899875445261e-05,0.012959623709321022,664497,13.122533969084422,0.1375,0.25416666666666665,0.2777777777777778,0.2638888888888889,0.06666666666666667
924,720,0.01,-0.1255688238077722,-0.11800493992036576,375,5.766748684234497e-05,0.012669943273067474,665217,13.133599217732748,0.12361111111111112,0.2513888888888889,0.18472222222222223,0.1763888888888889,0.2638888888888889
925,720,0.01,0.10450512717720394,0.11016108584423634,480,6.229146566233289e-05,0.012549720704555511,665937,13.144675532976786,0.11527777777777778,0.23472222222222222,0.20277777777777778,0.1527777777777778,0.29444444444444445
926,720,0.01,0.20237612694387885,0.2243084169030678,272,6.0548908804018237e-05,0.011839961633086205,666657,13.154872786998748,0.12638888888888888,0.23472222222222222,0.09444444444444444,0.33611111111111114,0.20833333333333334
927,720,0.01,0.37983100803513886,0.4620374959672642,256,5.5981458513088e-05,0.012234633788466454,667377,13.16547481616338,0.12916666666666668,0.2125,0.24583333333333332,0.2708333333333333,0.14166666666666666
928,720,0.01,-0.10753297105305616,-0.10195308758972776,306,5.558285399855676e-05,0.01176948007196188,668097,13.175704101721445,0.10138888888888889,0.16666666666666666,0.15833333333333333,0.3347222222222222,0.2388888888888889
929,720,0.01,-0.1458155848244086,-0.1356829183253324,178,5.438756204006899e-05,0.011500993743538857,668817,13.185590354601542,0.08611111111111111,0.1875,0.22916666666666666,0.24861111111111112,0.24861111111111112
930,720,0.01,0.4962043073763161,0.642475093318335,248,5.5285290193296534e-05,0.011343692429363728,669537,13.196588718891144,0.08055555555555556,0.15694444444444444,0.3472222222222222,0.23055555555555557,0.18472222222222223
931,720,0.01,0.2629245712650875,0.3007286029384044,456,5.5386885346959185e-05,0.012511713430285454,670257,13.215892684459686,0.1763888888888889,0.20833333333333334,0.1625,0.16944444444444445,0.2833333333333333
932,720,0.01,-0.14308499205222117,-0.13331959518112257,136,5.5162007791093655e-05,0.011511960998177528,670977,13.226193968454997,0.2388888888888889,0.24861111111111112,0.17777777777777778,0.24861111111111112,0.08611111111111111
933,720,0.01,0.09781485454261354,0.10275859546215571,154,4.8009551966919796e-05,0.011333710514008999,671697,13.237974003950756,0.07083333333333333,0.20694444444444443,0.3680555555555556,0.2722222222222222,0.08194444444444444
934,720,0.01,-0.008649479865953375,-0.008612180731817243,149,4.585393812830161e-05,0.01102315355092287,672417,13.248225049177806,0.027777777777777776,0.40555555555555556,0.16527777777777777,0.3138888888888889,0.0875
935,720,0.01,0.46189775534877886,0.5870830241793914,331,4.855846826280362e-05,0.011297287419438362,673137,13.259633966286977,0.10416666666666667,0.2625,0.2263888888888889,0.1986111111111111,0.20833333333333334
936,720,0.01,0.37402584426185237,0.4535747165370121,355,4.9788361985115946e-05,0.011157652363181114,673857,13.27023108402888,0.09444444444444444,0.28194444444444444,0.16527777777777777,0.2111111111111111,0.24722222222222223
937,720,0.01,0.018081245496278243,0.01824570090655464,265,4.908231523409591e-05,0.012102791108191013,674577,13.280154466629028,0.09583333333333334,0.15138888888888888,0.1,0.2791666666666667,0.3736111111111111
938,720,0.01,0.013463855074863945,0.013554900922101432,205,5.1372931846395256e-05,0.011656958609819412,675297,13.290711069107056,0.16666666666666666,0.15694444444444444,0.2013888888888889,0.36527777777777776,0.10972222222222222
939,720,0.01,0.07728864013926058,0.08035386488310992,286,5.610132806168622e-05,0.011674889363348484,676017,13.301685019334156,0.1597222222222222,0.26944444444444443,0.14722222222222223,0.22361111111111112,0.2
940,720,0.01,0.1352067132693824,0.14477339974686498,226,5.366928728183969e-05,0.012176424264907837,676737,13.313354651133219,0.17916666666666667,0.13472222222222222,0.2111111111111111,0.3,0.175
941,720,0.01,1.874740984460504,5.519130345566608,492,5.8784934217075916e-05,0.011938070878386497,677457,13.33408380349477,0.28194444444444444,0.21388888888888888,0.1375,0.13194444444444445,0.23472222222222222
942,720,0.01,-0.00042183887626650717,-0.00042174991475585344,337,5.803858736044276e-05,0.012475863099098206,678177,13.344370317459106,0.06944444444444445,0.28194444444444444,0.23194444444444445,0.2111111111111111,0.20555555555555555
943,720,0.01,0.22093023529723507,0.24723641445104128,409,5.196781685678313e-05,0.011840860359370708,678897,13.354220000902812,0.2611111111111111,0.16944444444444445,0.15416666666666667,0.11944444444444445,0.29583333333333334
944,720,0.01,-0.07296933809291596,-0.07037066620294263,204,5.4436910502570554e-05,0.012258614413440228,679617,13.366080419222515,0.1875,0.19166666666666668,0.24722222222222223,0.25,0.12361111111111112
945,720,0.01,0.21363618472762155,0.23817210691799273,279,5.483279090867654e-05,0.012213646434247494,680337,13.376880137125651,0.16111111111111112,0.2388888888888889,0.15138888888888888,0.26805555555555555,0.18055555555555555
946,720,0.01,0.005147697926218487,0.00516097008710692,286,5.2858026160467694e-05,0.01168452762067318,681057,13.386917368570964,0.25833333333333336,0.1986111111111111,0.14583333333333334,0.2152777777777778,0.18194444444444444
947,720,0.01,0.28937726928256163,0.3355955126522481,255,5.128719775105613e-05,0.012065022252500057,681777,13.39748165210088,0.26666666666666666,0.15416666666666667,0.27361111111111114,0.19444444444444445,0.1111111111111111
948,720,0.01,-0.05582003339089445,-0.054290683324568545,220,5.892147408859374e-05,0.012366944923996925,682497,13.408111604054769,0.16666666666666666,0.09166666666666666,0.2111111111111111,0.3125,0.21805555555555556
949,720,0.01,0.407811651480087,0.503523947989301,407,6.009387495977434e-05,0.012375430203974247,683217,13.41939725081126,0.19166666666666668,0.25416666666666665,0.17222222222222222,0.1388888888888889,0.24305555555555555
950,720,0.01,-0.13149256519371103,-0.12321420615390155,244,5.537739082102335e-05,0.011744996532797813,683937,13.430777565638225,0.15555555555555556,0.40555555555555556,0.11944444444444445,0.13333333333333333,0.18611111111111112
951,720,0.01,0.245444160002825,0.27818890753298775,406,5.400213737958539e-05,0.011897582560777664,684657,13.450133498509725,0.16944444444444445,0.25416666666666665,0.20833333333333334,0.1597222222222222,0.20833333333333334
952,720,0.01,-0.0032542208713067355,-0.003248931633571983,187,5.35655644865882e-05,0.011801694519817829,685377,13.459837317466736,0.2388888888888889,0.2013888888888889,0.19583333333333333,0.1125,0.2513888888888889
953,720,0.01,0.2613279570675161,0.2986534981954294,409,5.725916955599233e-05,0.012187507003545761,686097,13.470934470494589,0.18194444444444444,0.22361111111111112,0.24861111111111112,0.1125,0.23333333333333334
954,720,0.01,-0.05071273085186344,-0.049448304509450036,372,5.760403017928992e-05,0.012095553800463676,686817,13.48103088537852,0.15833333333333333,0.2611111111111111,0.17777777777777778,0.20277777777777778,0.2
955,720,0.01,0.0485408903410329,0.04973829509962746,133,5.136125848947712e-05,0.011980148032307625,687537,13.491322203477223,0.19722222222222222,0.21388888888888888,0.1638888888888889,0.2569444444444444,0.16805555555555557
956,720,0.01,0.13119137193728908,0.14018596003072492,256,5.477915201734302e-05,0.012240173295140266,688257,13.50143636862437,0.16666666666666666,0.20416666666666666,0.20555555555555555,0.1736111111111111,0.25
957,720,0.01,-0.019548441344539112,-0.019358609549385397,260,5.6482653030798245e-05,0.012990446761250496,688977,13.510470485687256,0.20416666666666666,0.24861111111111112,0.0875,0.1736111111111111,0.2861111111111111
958,720,0.01,0.04141814089264881,0.04228783760724775,267,5.473744222778502e-05,0.013136908411979675,689697,13.521063220500945,0.16111111111111112,0.18472222222222223,0.11388888888888889,0.2,0.3402777777777778
959,720,0.01,-0.1701653275414433,-0.15647465290415352,247,5.2888722196560895e-05,0.012144280597567558,690417,13.531066298484802,0.21944444444444444,0.20972222222222223,0.14722222222222223,0.16111111111111112,0.2625
960,720,0.01,0.00755694984283296,0.007585575650797205,243,5.1063631697919236e-05,0.01182585209608078,691137,13.54025152126948,0.09861111111111111,0.20416666666666666,0.19166666666666668,0.24583333333333332,0.25972222222222224
961,720,0.01,0.3196379428998141,0.3766292557007569,192,4.920295081597538e-05,0.012075867503881454,691857,13.559006786346435,0.06805555555555555,0.3333333333333333,0.10694444444444444,0.22083333333333333,0.2708333333333333
962,720,0.01,0.41630471494493115,0.5163478523326812,274,5.343338923466945e-05,0.011238573119044304,692577,13.569342768192291,0.12222222222222222,0.275,0.20694444444444443,0.24861111111111112,0.14722222222222223
963,720,0.01,-0.20437977600890683,-0.184847263057899,408,5.337816207631679e-05,0.011615613475441933,693297,13.579572649796804,0.15555555555555556,0.2222222222222222,0.2652777777777778,0.11944444444444445,0.2375
964,720,0.01,0.015928789283639326,0.016056328730806868,266,5.838199171345574e-05,0.010606574825942516,694017,13.59067135254542,0.14166666666666666,0.21666666666666667,0.10972222222222222,0.20694444444444443,0.325
965,720,0.01,0.14927758897669885,0.16099522395878152,148,5.441392067445526e-05,0.011251850053668022,694737,13.60171043475469,0.09166666666666666,0.19722222222222222,0.19444444444444445,0.17777777777777778,0.3388888888888889
966,720,0.01,0.08289915897105782,0.0864322460785627,287,5.185245819095346e-05,0.010755803436040878,695457,13.61223095258077,0.10277777777777777,0.15,0.2791666666666667,0.2125,0.25555555555555554
967,720,0.01,0.016922666730578753,0.01706666619339514,238,5.431366975269864e-05,0.010783839970827103,696177,13.621458586057027,0.23333333333333334,0.25416666666666665,0.15833333333333333,0.19027777777777777,0.1638888888888889
968,720,0.01,-0.03209170274574504,-0.031582228561499615,193,5.713019292367486e-05,0.011330675333738327,696897,13.63154323498408,0.12083333333333333,0.22916666666666666,0.3375,0.16111111111111112,0.15138888888888888
969,720,0.01,0.098679799942984,0.10371283405967047,288,5.6854396891342025e-05,0.011714027263224125,697617,13.641113388538361,0.1486111111111111,0.2361111111111111,0.12777777777777777,0.2569444444444444,0.23055555555555557
970,720,0.01,1.0354222295330908,1.8162951075862863,536,6.930195101833508e-05,0.011484065093100071,698337,13.650833467642466,0.175,0.1986111111111111,0.22083333333333333,0.1388888888888889,0.26666666666666666
971,720,0.01,0.024118900930437916,0.02441211420316125,196,6.646133700769497e-05,0.012091374024748802,699057,13.669781831900279,0.20277777777777778,0.15138888888888888,0.16666666666666666,0.16527777777777777,0.3138888888888889
972,720,0.01,0.08937248656918655,0.09348789002968405,170,6.607772409097378e-05,0.011895974166691303,699777,13.679020937283834,0.20972222222222223,0.27361111111111114,0.08055555555555556,0.08472222222222223,0.35138888888888886
973,720,0.01,0.35257155482790986,0.4227214546953344,372,6.291759743059326e-05,0.01197928935289383,700497,13.689264770348867,0.275,0.18333333333333332,0.18888888888888888,0.0763888888888889,0.2763888888888889
974,720,0.01,0.17325990377208852,0.18917513602666736,255,5.7107101060991126e-05,0.011369396932423115,701217,13.699818682670593,0.18888888888888888,0.2902777777777778,0.17916666666666667,0.10972222222222222,0.23194444444444445
975,720,0.01,0.11891216122876769,0.12627098368398992,210,6.106966824543431e-05,0.011718342080712318,701937,13.712752250830333,0.2847222222222222,0.10277777777777777,0.25555555555555554,0.08888888888888889,0.26805555555555555
976,720,0.01,-0.061520231793316046,-0.059666079094556235,324,6.049459766472864e-05,0.011887805536389351,702657,13.722455632686614,0.16666666666666666,0.19166666666666668,0.20694444444444443,0.13055555555555556,0.30416666666666664
977,720,0.01,0.2499018840658945,0.2838994395148522,381,5.93339383246732e-05,0.011542138643562794,703377,13.733609334627788,0.18333333333333332,0.21388888888888888,0.14583333333333334,0.12083333333333333,0.33611111111111114
978,720,0.01,0.2927741035843065,0.34014002340816396,431,6.501302469183024e-05,0.011174765415489674,704097,13.743410483996074,0.2361111111111111,0.2777777777777778,0.11805555555555555,0.14027777777777778,0.22777777777777777
979,720,0.01,0.26164924661918965,0.29907080903086025,318,6.60773413440236e-05,0.011264066211879253,704817,13.753653053442637,0.18194444444444444,0.23472222222222222,0.09305555555555556,0.14444444444444443,0.3458333333333333
980,720,0.01,0.27844423950476793,0.3210729396608376,213,6.693010306990901e-05,0.011126106604933739,705537,13.764364035924276,0.22361111111111112,0.20972222222222223,0.10555555555555556,0.13194444444444445,0.32916666666666666
981,720,0.01,0.3761892593324479,0.45672280606932736,254,6.42988783548996e-05,0.011055780574679375,706257,13.783515485127767,0.22083333333333333,0.1486111111111111,0.19583333333333333,0.125,0.30972222222222223
982,720,0.01,0.16099289651209583,0.17467662448303822,152,6.370350774128989e-05,0.01105518825352192,706977,13.79416298866272,0.22361111111111112,0.2222222222222222,0.16805555555555557,0.07361111111111111,0.3125
983,720,0.01,-0.06344200669437361,-0.06147145390473352,239,6.154254888062699e-05,0.011213315650820732,707697,13.803618999322255,0.4111111111111111,0.15694444444444444,0.12222222222222222,0.17916666666666667,0.13055555555555556
984,720,0.01,0.09311555950886773,0.09758856473524524,134,6.940355678908519e-05,0.011297432705760002,708417,13.814694452285767,0.19166666666666668,0.2222222222222222,0.15,0.1486111111111111,0.2875
985,720,0.01,0.7042003110190576,1.022228883984312,464,5.851281686722763e-05,0.01061110571026802,709137,13.824695054690043,0.15,0.24166666666666667,0.14444444444444443,0.20972222222222223,0.25416666666666665
986,720,0.01,0.2001881939433335,0.22163264039216868,252,5.796315539959728e-05,0.0103691928088665,709857,13.8344771027565,0.23194444444444445,0.2875,0.1625,0.1375,0.18055555555555555
987,720,0.01,-0.028069975032778426,-0.027679673725998444,235,6.431175812495995e-05,0.010868392884731293,710577,13.845044151941936,0.1736111111111111,0.275,0.17083333333333334,0.14027777777777778,0.24027777777777778
988,720,0.01,0.04945196870228571,0.050695124752479614,294,6.75451172734635e-05,0.011174353770911694,711297,13.85494596560796,0.16666666666666666,0.24027777777777778,0.14305555555555555,0.1625,0.2875
989,720,0.01,-0.23911181584249222,-0.21267315816351984,230,5.913752239873955e-05,0.010841574519872665,712017,13.865642603238424,0.30694444444444446,0.18333333333333332,0.11527777777777778,0.2708333333333333,0.12361111111111112
990,720,0.01,-0.087987846876615,-0.08422799385411839,298,6.721263857545839e-05,0.010430650785565376,712737,13.876147452990214,0.15833333333333333,0.1638888888888889,0.24305555555555555,0.2263888888888889,0.20833333333333334
991,720,0.01,0.14956602502507513,0.1613301451327085,250,6.67805852066926e-05,0.010878660716116428,713457,13.895605385303497,0.19444444444444445,0.22361111111111112,0.15833333333333333,0.13194444444444445,0.2916666666666667
992,720,0.01,0.17068600466501807,0.1861182549452809,172,6.105280750085108e-05,0.011205874383449554,714177,13.904861768086752,0.3263888888888889,0.14583333333333334,0.13333333333333333,0.1388888888888889,0.25555555555555554
993,720,0.01,0.19742647950204048,0.2182634943382895,140,6.498601331562289e-05,0.011206487193703651,714897,13.914574384689331,0.31527777777777777,0.11805555555555555,0.10555555555555556,0.0763888888888889,0.38472222222222224
994,720,0.01,-0.10808321754206646,-0.10244709882380976,431,6.976053023208806e-05,0.011158298701047897,715617,13.925858203570048,0.3527777777777778,0.1736111111111111,0.125,0.09861111111111111,0.25
995,720,0.01,0.2591906918254017,0.2958808951616463,363,6.108936956050255e-05,0.011225876398384571,716337,13.935991648832957,0.1875,0.1625,0.19583333333333333,0.18472222222222223,0.26944444444444443
996,720,0.01,0.24704666121820368,0.2802388488888603,130,6.73366141515746e-05,0.01116935908794403,717057,13.947429084777832,0.2875,0.2777777777777778,0.075,0.16111111111111112,0.1986111111111111
997,720,0.01,0.0481626238508386,0.049341289370833596,174,6.240018726657581e-05,0.01117754727602005,717777,13.95723341703415,0.3333333333333333,0.12777777777777777,0.22916666666666666,0.06111111111111111,0.24861111111111112
998,720,0.01,0.13788341635103088,0.14784172289679254,229,6.308075889162662e-05,0.011274266056716442,718497,13.96794730424881,0.4875,0.15694444444444444,0.06666666666666667,0.09444444444444444,0.19444444444444445
999,720,0.01,0.2570455873699339,0.2931040746295177,269,6.502994086253643e-05,0.011152302846312523,719217,13.977925237019857,0.11388888888888889,0.20277777777777778,0.09166666666666666,0.20416666666666666,0.3875
1000,720,0.01,-0.19850543820661445,-0.18004468835811882,217,6.977024124302666e-05,0.011085262522101402,719937,13.988041337331136,0.1361111111111111,0.15138888888888888,0.19166666666666668,0.09166666666666666,0.42916666666666664
1001,720,0.01,0.45112358427812976,0.5700753067271438,478,6.975412412910172e-05,0.011306686326861382,720657,14.006654433409373,0.18055555555555555,0.2791666666666667,0.11944444444444445,0.19722222222222222,0.22361111111111112
1002,720,0.01,0.3905915015235052,0.4778546887019923,244,6.987443191393241e-05,0.010913566686213017,721377,14.016816584269206,0.2513888888888889,0.23333333333333334,0.16111111111111112,0.2,0.15416666666666667
1003,720,0.01,-0.09902604490691387,-0.09428088165377324,207,6.506500765731794e-05,0.011673212051391602,722097,14.027498149871827,0.31666666666666665,0.3013888888888889,0.1375,0.07916666666666666,0.16527777777777777
1004,720,0.01,-0.20515065600342422,-0.18547540585282196,222,7.188390939442495e-05,0.01170158851891756,722817,14.037799370288848,0.31527777777777777,0.10833333333333334,0.10833333333333334,0.21666666666666667,0.2513888888888889
1005,720,0.01,0.10331116631251883,0.10883638793034667,167,7.037038954346523e-05,0.012483444064855576,723537,14.048332134882608,0.2638888888888889,0.24166666666666667,0.20555555555555555,0.1375,0.15138888888888888
1006,720,0.01,0.03917598202747682,0.039953480669601804,216,6.935368655957872e-05,0.011402993462979794,724257,14.058953169981638,0.3541666666666667,0.2375,0.10277777777777777,0.11388888888888889,0.19166666666666668
1007,720,0.01,0.2758457879914149,0.31764465173047673,283,6.533843223274339e-05,0.01164330169558525,724977,14.067255886395772,0.26805555555555555,0.20972222222222223,0.14444444444444443,0.07777777777777778,0.3
1008,720,0.01,1.103055078998951,2.0133580224669103,505,6.907356105582747e-05,0.011471588164567947,725697,14.076028720537822,0.16666666666666666,0.26944444444444443,0.12638888888888888,0.19583333333333333,0.24166666666666667
1009,720,0.01,0.06641350563141239,0.06866852626814657,155,7.296715450719502e-05,0.011160526424646378,726417,14.083589665095012,0.1486111111111111,0.35,0.1875,0.08055555555555556,0.23333333333333334
1010,720,0.01,0.20976764961327155,0.23339144768093933,328,7.160349468651676e-05,0.011445585638284683,727137,14.090955650806427,0.1736111111111111,0.18055555555555555,0.13333333333333333,0.14166666666666666,0.37083333333333335
1011,720,0.01,-0.045107169647502145,-0.04410496659026231,169,6.53234065200397e-05,0.01183578185737133,727857,14.104606032371521,0.18611111111111112,0.3,0.24861111111111112,0.04027777777777778,0.225
1012,720,0.01,-0.012336121127287774,-0.01226034310739954,238,6.662412308805364e-05,0.010964224115014076,728577,14.111866438388825,0.21666666666666667,0.2013888888888889,0.12638888888888888,0.17083333333333334,0.2847222222222222
1013,720,0.01,-0.051583232903978676,-0.0502754016639001,141,6.42421416197673e-05,0.011065383441746235,729297,14.119071833292644,0.19166666666666668,0.17777777777777778,0.15694444444444444,0.175,0.2986111111111111
