Downloaded data: 9,672 candles, 2025-08-10 00:00:00+00:00 to 2026-09-16 23:00:00+00:00; no missing hours
dev_train: 7,296 candles, 2025-08-17 00:00:00+00:00 to 2026-06-16 23:00:00+00:00; no missing hours
val: 1,464 candles, 2026-06-17 00:00:00+00:00 to 2026-08-16 23:00:00+00:00; no missing hours
eval: 744 candles, 2026-08-17 00:00:00+00:00 to 2026-09-16 23:00:00+00:00; no missing hours
episode   1/1013  eps 1.000  train return  -16.20%  loss 3.89e-04  maxQ +0.1337  changes   566  0.0 min
episode   2/1013  eps 0.991  train return  +14.74%  loss 4.40e-05  maxQ +0.1398  changes   569  0.0 min
episode   3/1013  eps 0.982  train return   -1.07%  loss 4.50e-05  maxQ +0.1427  changes   568  0.1 min
episode   4/1013  eps 0.973  train return   -5.62%  loss 3.54e-05  maxQ +0.1545  changes   585  0.1 min
episode   5/1013  eps 0.964  train return   -3.91%  loss 2.78e-05  maxQ +0.1608  changes   572  0.1 min
episode   6/1013  eps 0.955  train return  -25.93%  loss 2.83e-05  maxQ +0.1642  changes   583  0.1 min
episode   7/1013  eps 0.947  train return  -23.11%  loss 3.19e-05  maxQ +0.1633  changes   563  0.1 min
episode   8/1013  eps 0.938  train return  -12.54%  loss 3.14e-05  maxQ +0.1697  changes   583  0.1 min
episode   9/1013  eps 0.929  train return  +17.05%  loss 3.15e-05  maxQ +0.1731  changes   589  0.2 min
episode  10/1013  eps 0.921  train return   +4.30%  loss 3.02e-05  maxQ +0.1733  changes   577  0.2 min | val return -34.43% (best -34.43%)
episode  11/1013  eps 0.913  train return   -1.14%  loss 3.02e-05  maxQ +0.1761  changes   564  0.2 min
episode  12/1013  eps 0.904  train return  -35.01%  loss 3.06e-05  maxQ +0.1776  changes   576  0.2 min
episode  13/1013  eps 0.896  train return   -9.67%  loss 3.00e-05  maxQ +0.1788  changes   561  0.2 min
episode  14/1013  eps 0.888  train return   -2.30%  loss 2.95e-05  maxQ +0.1818  changes   590  0.2 min
episode  15/1013  eps 0.880  train return   +6.60%  loss 2.95e-05  maxQ +0.1853  changes   583  0.2 min
episode  16/1013  eps 0.872  train return   -8.69%  loss 3.06e-05  maxQ +0.1855  changes   573  0.3 min
episode  17/1013  eps 0.864  train return   -4.87%  loss 3.09e-05  maxQ +0.1892  changes   577  0.3 min
episode  18/1013  eps 0.856  train return   -3.68%  loss 3.10e-05  maxQ +0.1908  changes   566  0.3 min
episode  19/1013  eps 0.848  train return  +21.07%  loss 3.05e-05  maxQ +0.1964  changes   577  0.3 min
episode  20/1013  eps 0.841  train return   +1.24%  loss 2.91e-05  maxQ +0.2010  changes   572  0.3 min | val return -11.18% (best -11.18%)
episode  21/1013  eps 0.833  train return  -17.84%  loss 2.93e-05  maxQ +0.2005  changes   579  0.3 min
episode  22/1013  eps 0.825  train return  -13.42%  loss 2.85e-05  maxQ +0.2025  changes   560  0.3 min
episode  23/1013  eps 0.818  train return  -12.03%  loss 3.00e-05  maxQ +0.2058  changes   570  0.4 min
episode  24/1013  eps 0.810  train return  -10.29%  loss 3.00e-05  maxQ +0.2065  changes   554  0.4 min
episode  25/1013  eps 0.803  train return  -25.49%  loss 3.06e-05  maxQ +0.2034  changes   563  0.4 min
episode  26/1013  eps 0.796  train return  -21.38%  loss 3.16e-05  maxQ +0.2039  changes   582  0.4 min
episode  27/1013  eps 0.788  train return   -6.40%  loss 3.19e-05  maxQ +0.2067  changes   548  0.4 min
episode  28/1013  eps 0.781  train return  -14.49%  loss 3.02e-05  maxQ +0.2064  changes   562  0.4 min
episode  29/1013  eps 0.774  train return   -9.39%  loss 3.11e-05  maxQ +0.2062  changes   558  0.4 min
episode  30/1013  eps 0.767  train return   -7.48%  loss 3.15e-05  maxQ +0.2106  changes   562  0.4 min | val return -6.32% (best -6.32%)
episode  31/1013  eps 0.760  train return  +10.93%  loss 3.03e-05  maxQ +0.2189  changes   555  0.5 min
episode  32/1013  eps 0.753  train return  -17.74%  loss 3.20e-05  maxQ +0.2150  changes   549  0.5 min
episode  33/1013  eps 0.746  train return  -15.14%  loss 3.26e-05  maxQ +0.2165  changes   564  0.5 min
episode  34/1013  eps 0.740  train return   -2.04%  loss 3.43e-05  maxQ +0.2160  changes   546  0.5 min
episode  35/1013  eps 0.733  train return  -28.84%  loss 3.16e-05  maxQ +0.2160  changes   547  0.5 min
episode  36/1013  eps 0.726  train return  +28.07%  loss 3.14e-05  maxQ +0.2172  changes   547  0.5 min
episode  37/1013  eps 0.720  train return  -10.17%  loss 3.08e-05  maxQ +0.2166  changes   534  0.5 min
episode  38/1013  eps 0.713  train return  -51.30%  loss 3.21e-05  maxQ +0.2154  changes   558  0.5 min
episode  39/1013  eps 0.707  train return   -9.90%  loss 3.38e-05  maxQ +0.2264  changes   579  0.6 min
episode  40/1013  eps 0.700  train return  -12.83%  loss 3.17e-05  maxQ +0.2237  changes   528  0.6 min | val return -6.84% (best -6.32%)
episode  41/1013  eps 0.694  train return  -37.68%  loss 3.25e-05  maxQ +0.2194  changes   555  0.6 min
episode  42/1013  eps 0.687  train return  -25.22%  loss 3.30e-05  maxQ +0.2233  changes   573  0.6 min
episode  43/1013  eps 0.681  train return  -14.35%  loss 3.19e-05  maxQ +0.2292  changes   541  0.6 min
episode  44/1013  eps 0.675  train return  -11.70%  loss 3.23e-05  maxQ +0.2294  changes   551  0.6 min
episode  45/1013  eps 0.669  train return   +1.43%  loss 3.16e-05  maxQ +0.2280  changes   538  0.6 min
episode  46/1013  eps 0.663  train return  -23.40%  loss 3.35e-05  maxQ +0.2245  changes   553  0.7 min
episode  47/1013  eps 0.657  train return  -21.26%  loss 3.22e-05  maxQ +0.2235  changes   533  0.7 min
episode  48/1013  eps 0.651  train return  -20.15%  loss 3.17e-05  maxQ +0.2199  changes   518  0.7 min
episode  49/1013  eps 0.645  train return  -20.88%  loss 3.13e-05  maxQ +0.2182  changes   520  0.7 min
episode  50/1013  eps 0.639  train return   -0.67%  loss 3.16e-05  maxQ +0.2176  changes   550  0.7 min | val return +4.02% (best +4.02%)
episode  51/1013  eps 0.633  train return  -17.43%  loss 3.29e-05  maxQ +0.2173  changes   504  0.7 min
episode  52/1013  eps 0.627  train return  -19.59%  loss 3.45e-05  maxQ +0.2161  changes   531  0.7 min
episode  53/1013  eps 0.622  train return  -15.16%  loss 3.14e-05  maxQ +0.2160  changes   531  0.7 min
episode  54/1013  eps 0.616  train return  -23.85%  loss 3.23e-05  maxQ +0.2180  changes   530  0.8 min
episode  55/1013  eps 0.610  train return   -5.87%  loss 3.29e-05  maxQ +0.2202  changes   502  0.8 min
episode  56/1013  eps 0.605  train return   -5.95%  loss 3.18e-05  maxQ +0.2170  changes   525  0.8 min
episode  57/1013  eps 0.599  train return  +10.43%  loss 3.26e-05  maxQ +0.2174  changes   535  0.8 min
episode  58/1013  eps 0.594  train return  -16.22%  loss 3.13e-05  maxQ +0.2157  changes   501  0.8 min
episode  59/1013  eps 0.588  train return  -16.33%  loss 3.12e-05  maxQ +0.2129  changes   521  0.8 min
episode  60/1013  eps 0.583  train return  -11.47%  loss 3.12e-05  maxQ +0.2104  changes   522  0.8 min | val return -34.10% (best +4.02%)
episode  61/1013  eps 0.578  train return  +17.22%  loss 3.08e-05  maxQ +0.2110  changes   510  0.8 min
episode  62/1013  eps 0.573  train return  -18.06%  loss 3.11e-05  maxQ +0.2095  changes   521  0.9 min
episode  63/1013  eps 0.567  train return  -21.68%  loss 3.10e-05  maxQ +0.2108  changes   526  0.9 min
episode  64/1013  eps 0.562  train return  +12.73%  loss 3.11e-05  maxQ +0.2127  changes   496  0.9 min
episode  65/1013  eps 0.557  train return   +6.36%  loss 3.16e-05  maxQ +0.2087  changes   485  0.9 min
episode  66/1013  eps 0.552  train return   -5.88%  loss 3.13e-05  maxQ +0.2073  changes   505  0.9 min
episode  67/1013  eps 0.547  train return   -4.68%  loss 3.12e-05  maxQ +0.2069  changes   508  0.9 min
episode  68/1013  eps 0.542  train return  -11.38%  loss 3.23e-05  maxQ +0.2034  changes   495  0.9 min
episode  69/1013  eps 0.537  train return  -26.71%  loss 3.21e-05  maxQ +0.2019  changes   518  0.9 min
episode  70/1013  eps 0.532  train return  -35.23%  loss 3.00e-05  maxQ +0.1985  changes   522  0.9 min | val return -2.14% (best +4.02%)
episode  71/1013  eps 0.527  train return   -4.85%  loss 3.15e-05  maxQ +0.2003  changes   477  1.0 min
episode  72/1013  eps 0.523  train return   +2.78%  loss 3.15e-05  maxQ +0.2030  changes   527  1.0 min
episode  73/1013  eps 0.518  train return  -19.12%  loss 3.18e-05  maxQ +0.1997  changes   520  1.0 min
episode  74/1013  eps 0.513  train return  -23.89%  loss 3.06e-05  maxQ +0.1982  changes   478  1.0 min
episode  75/1013  eps 0.508  train return   +0.20%  loss 3.28e-05  maxQ +0.1970  changes   494  1.0 min
episode  76/1013  eps 0.504  train return   +6.06%  loss 3.09e-05  maxQ +0.1999  changes   477  1.0 min
episode  77/1013  eps 0.499  train return   -0.32%  loss 3.03e-05  maxQ +0.1982  changes   505  1.0 min
episode  78/1013  eps 0.495  train return  -17.05%  loss 2.95e-05  maxQ +0.1964  changes   497  1.0 min
episode  79/1013  eps 0.490  train return  -22.26%  loss 3.10e-05  maxQ +0.1901  changes   482  1.1 min
episode  80/1013  eps 0.486  train return   -2.06%  loss 2.96e-05  maxQ +0.1901  changes   513  1.1 min | val return -19.93% (best +4.02%)
episode  81/1013  eps 0.481  train return   +0.08%  loss 3.10e-05  maxQ +0.1890  changes   527  1.1 min
episode  82/1013  eps 0.477  train return   -2.31%  loss 3.03e-05  maxQ +0.1876  changes   490  1.1 min
episode  83/1013  eps 0.473  train return  -19.14%  loss 3.14e-05  maxQ +0.1857  changes   453  1.1 min
episode  84/1013  eps 0.468  train return   -0.95%  loss 3.18e-05  maxQ +0.1833  changes   461  1.1 min
episode  85/1013  eps 0.464  train return   +5.27%  loss 3.12e-05  maxQ +0.1821  changes   485  1.1 min
episode  86/1013  eps 0.460  train return   -2.58%  loss 3.11e-05  maxQ +0.1822  changes   489  1.1 min
episode  87/1013  eps 0.456  train return  -12.26%  loss 3.00e-05  maxQ +0.1807  changes   468  1.2 min
episode  88/1013  eps 0.451  train return   +8.25%  loss 3.05e-05  maxQ +0.1758  changes   490  1.2 min
episode  89/1013  eps 0.447  train return   -9.00%  loss 3.07e-05  maxQ +0.1739  changes   461  1.2 min
episode  90/1013  eps 0.443  train return   -0.75%  loss 3.00e-05  maxQ +0.1740  changes   495  1.2 min | val return +1.77% (best +4.02%)
episode  91/1013  eps 0.439  train return  -23.81%  loss 3.12e-05  maxQ +0.1758  changes   442  1.2 min
episode  92/1013  eps 0.435  train return   -8.86%  loss 3.29e-05  maxQ +0.1746  changes   486  1.2 min
episode  93/1013  eps 0.431  train return   -4.99%  loss 3.06e-05  maxQ +0.1741  changes   490  1.2 min
episode  94/1013  eps 0.427  train return  -24.88%  loss 3.20e-05  maxQ +0.1722  changes   493  1.2 min
episode  95/1013  eps 0.423  train return  +13.00%  loss 3.20e-05  maxQ +0.1722  changes   462  1.3 min
episode  96/1013  eps 0.420  train return  -12.33%  loss 3.11e-05  maxQ +0.1750  changes   449  1.3 min
episode  97/1013  eps 0.416  train return   -2.43%  loss 3.13e-05  maxQ +0.1736  changes   444  1.3 min
episode  98/1013  eps 0.412  train return   +4.80%  loss 3.18e-05  maxQ +0.1728  changes   462  1.3 min
episode  99/1013  eps 0.408  train return  -12.29%  loss 3.09e-05  maxQ +0.1707  changes   452  1.3 min
episode 100/1013  eps 0.405  train return   +6.21%  loss 3.21e-05  maxQ +0.1681  changes   458  1.3 min | val return -29.36% (best +4.02%)
episode 101/1013  eps 0.401  train return  -30.54%  loss 3.10e-05  maxQ +0.1643  changes   466  1.3 min
episode 102/1013  eps 0.397  train return  -22.16%  loss 3.20e-05  maxQ +0.1644  changes   410  1.3 min
episode 103/1013  eps 0.394  train return  -15.65%  loss 3.04e-05  maxQ +0.1646  changes   435  1.4 min
episode 104/1013  eps 0.390  train return   +7.68%  loss 3.04e-05  maxQ +0.1661  changes   420  1.4 min
episode 105/1013  eps 0.386  train return  +16.19%  loss 3.08e-05  maxQ +0.1631  changes   427  1.4 min
episode 106/1013  eps 0.383  train return   +6.60%  loss 3.08e-05  maxQ +0.1595  changes   465  1.4 min
episode 107/1013  eps 0.379  train return   +2.29%  loss 3.12e-05  maxQ +0.1602  changes   446  1.4 min
episode 108/1013  eps 0.376  train return  +16.39%  loss 3.06e-05  maxQ +0.1601  changes   447  1.4 min
episode 109/1013  eps 0.373  train return  +11.91%  loss 3.17e-05  maxQ +0.1604  changes   412  1.4 min
episode 110/1013  eps 0.369  train return  -24.34%  loss 3.12e-05  maxQ +0.1593  changes   438  1.4 min | val return -11.90% (best +4.02%)
episode 111/1013  eps 0.366  train return  +16.20%  loss 3.04e-05  maxQ +0.1593  changes   414  1.5 min
episode 112/1013  eps 0.363  train return  -12.00%  loss 3.04e-05  maxQ +0.1584  changes   429  1.5 min
episode 113/1013  eps 0.359  train return   +0.33%  loss 3.17e-05  maxQ +0.1580  changes   437  1.5 min
episode 114/1013  eps 0.356  train return   -2.67%  loss 3.23e-05  maxQ +0.1560  changes   420  1.5 min
episode 115/1013  eps 0.353  train return  -24.84%  loss 3.10e-05  maxQ +0.1568  changes   389  1.5 min
episode 116/1013  eps 0.349  train return  -11.52%  loss 3.06e-05  maxQ +0.1549  changes   422  1.5 min
episode 117/1013  eps 0.346  train return  -37.86%  loss 3.29e-05  maxQ +0.1545  changes   413  1.5 min
episode 118/1013  eps 0.343  train return  -26.79%  loss 3.31e-05  maxQ +0.1536  changes   402  1.5 min
episode 119/1013  eps 0.340  train return   -7.33%  loss 3.28e-05  maxQ +0.1540  changes   459  1.5 min
episode 120/1013  eps 0.337  train return  -10.55%  loss 3.31e-05  maxQ +0.1517  changes   427  1.6 min | val return -3.81% (best +4.02%)
episode 121/1013  eps 0.334  train return  -10.21%  loss 3.27e-05  maxQ +0.1510  changes   443  1.6 min
episode 122/1013  eps 0.331  train return  -27.47%  loss 3.23e-05  maxQ +0.1492  changes   420  1.6 min
episode 123/1013  eps 0.328  train return  -19.79%  loss 3.37e-05  maxQ +0.1489  changes   433  1.6 min
episode 124/1013  eps 0.325  train return   +0.06%  loss 3.43e-05  maxQ +0.1474  changes   469  1.6 min
episode 125/1013  eps 0.322  train return   -0.90%  loss 3.35e-05  maxQ +0.1485  changes   413  1.6 min
episode 126/1013  eps 0.319  train return  -13.70%  loss 3.40e-05  maxQ +0.1475  changes   415  1.6 min
episode 127/1013  eps 0.316  train return  -16.28%  loss 3.41e-05  maxQ +0.1496  changes   398  1.6 min
episode 128/1013  eps 0.313  train return   -4.30%  loss 3.34e-05  maxQ +0.1475  changes   455  1.7 min
episode 129/1013  eps 0.310  train return  -15.36%  loss 3.54e-05  maxQ +0.1459  changes   392  1.7 min
episode 130/1013  eps 0.308  train return   +4.89%  loss 3.41e-05  maxQ +0.1446  changes   403  1.7 min | val return -2.48% (best +4.02%)
episode 131/1013  eps 0.305  train return  -13.02%  loss 3.32e-05  maxQ +0.1431  changes   404  1.7 min
episode 132/1013  eps 0.302  train return  -18.15%  loss 3.40e-05  maxQ +0.1410  changes   379  1.7 min
episode 133/1013  eps 0.299  train return   -9.21%  loss 3.32e-05  maxQ +0.1408  changes   426  1.7 min
episode 134/1013  eps 0.296  train return  -12.98%  loss 3.30e-05  maxQ +0.1389  changes   381  1.8 min
episode 135/1013  eps 0.294  train return   +5.35%  loss 3.41e-05  maxQ +0.1373  changes   449  1.8 min
episode 136/1013  eps 0.291  train return   -6.58%  loss 3.40e-05  maxQ +0.1350  changes   388  1.8 min
episode 137/1013  eps 0.288  train return  -45.86%  loss 3.25e-05  maxQ +0.1323  changes   401  1.8 min
episode 138/1013  eps 0.286  train return   -3.23%  loss 3.46e-05  maxQ +0.1323  changes   403  1.8 min
episode 139/1013  eps 0.283  train return  -24.52%  loss 3.35e-05  maxQ +0.1312  changes   356  1.8 min
episode 140/1013  eps 0.281  train return   -6.51%  loss 3.27e-05  maxQ +0.1286  changes   350  1.8 min | val return +7.82% (best +7.82%)
episode 141/1013  eps 0.278  train return  -22.17%  loss 3.33e-05  maxQ +0.1318  changes   377  1.9 min
episode 142/1013  eps 0.276  train return   +4.63%  loss 3.35e-05  maxQ +0.1304  changes   371  1.9 min
episode 143/1013  eps 0.273  train return   -0.17%  loss 3.17e-05  maxQ +0.1294  changes   371  1.9 min
episode 144/1013  eps 0.271  train return  -25.65%  loss 3.37e-05  maxQ +0.1285  changes   374  1.9 min
episode 145/1013  eps 0.268  train return  -18.22%  loss 3.45e-05  maxQ +0.1266  changes   385  1.9 min
episode 146/1013  eps 0.266  train return  -25.09%  loss 3.45e-05  maxQ +0.1271  changes   424  1.9 min
episode 147/1013  eps 0.263  train return  +19.11%  loss 3.43e-05  maxQ +0.1234  changes   396  1.9 min
episode 148/1013  eps 0.261  train return  -16.32%  loss 3.43e-05  maxQ +0.1231  changes   395  2.0 min
episode 149/1013  eps 0.258  train return  -15.43%  loss 3.38e-05  maxQ +0.1249  changes   357  2.0 min
episode 150/1013  eps 0.256  train return  -12.31%  loss 3.36e-05  maxQ +0.1250  changes   323  2.0 min | val return -4.37% (best +7.82%)
episode 151/1013  eps 0.254  train return   -1.50%  loss 3.39e-05  maxQ +0.1264  changes   379  2.0 min
episode 152/1013  eps 0.251  train return   -6.42%  loss 3.48e-05  maxQ +0.1235  changes   338  2.0 min
episode 153/1013  eps 0.249  train return   -4.46%  loss 3.42e-05  maxQ +0.1226  changes   325  2.0 min
episode 154/1013  eps 0.247  train return  -15.56%  loss 3.49e-05  maxQ +0.1216  changes   336  2.1 min
episode 155/1013  eps 0.245  train return   +8.13%  loss 3.34e-05  maxQ +0.1216  changes   337  2.1 min
episode 156/1013  eps 0.242  train return   -9.60%  loss 3.45e-05  maxQ +0.1182  changes   355  2.1 min
episode 157/1013  eps 0.240  train return   +5.09%  loss 3.33e-05  maxQ +0.1207  changes   352  2.1 min
episode 158/1013  eps 0.238  train return  -17.55%  loss 3.36e-05  maxQ +0.1196  changes   354  2.1 min
episode 159/1013  eps 0.236  train return  -20.52%  loss 3.31e-05  maxQ +0.1183  changes   353  2.1 min
episode 160/1013  eps 0.234  train return   +2.02%  loss 3.38e-05  maxQ +0.1138  changes   365  2.1 min | val return -4.60% (best +7.82%)
episode 161/1013  eps 0.232  train return  +10.91%  loss 3.25e-05  maxQ +0.1129  changes   290  2.2 min
episode 162/1013  eps 0.230  train return  -13.02%  loss 3.22e-05  maxQ +0.1101  changes   337  2.2 min
episode 163/1013  eps 0.227  train return   -4.28%  loss 3.27e-05  maxQ +0.1096  changes   327  2.2 min
episode 164/1013  eps 0.225  train return   -4.40%  loss 3.25e-05  maxQ +0.1085  changes   356  2.2 min
episode 165/1013  eps 0.223  train return   -1.49%  loss 3.25e-05  maxQ +0.1085  changes   319  2.2 min
episode 166/1013  eps 0.221  train return  -40.43%  loss 3.35e-05  maxQ +0.1058  changes   323  2.2 min
episode 167/1013  eps 0.219  train return   +5.82%  loss 3.37e-05  maxQ +0.1047  changes   366  2.3 min
episode 168/1013  eps 0.217  train return  +12.94%  loss 3.48e-05  maxQ +0.1034  changes   308  2.3 min
episode 169/1013  eps 0.215  train return  +20.43%  loss 3.33e-05  maxQ +0.1013  changes   310  2.3 min
episode 170/1013  eps 0.213  train return   +2.14%  loss 3.41e-05  maxQ +0.1008  changes   312  2.3 min | val return -4.77% (best +7.82%)
episode 171/1013  eps 0.211  train return   +5.77%  loss 3.26e-05  maxQ +0.1017  changes   335  2.3 min
episode 172/1013  eps 0.209  train return   -1.33%  loss 3.35e-05  maxQ +0.0997  changes   317  2.3 min
episode 173/1013  eps 0.208  train return  -16.97%  loss 3.19e-05  maxQ +0.0998  changes   304  2.3 min
episode 174/1013  eps 0.206  train return  -11.15%  loss 3.18e-05  maxQ +0.0986  changes   374  2.4 min
episode 175/1013  eps 0.204  train return   +8.10%  loss 3.21e-05  maxQ +0.0970  changes   332  2.4 min
episode 176/1013  eps 0.202  train return   -4.40%  loss 3.19e-05  maxQ +0.0961  changes   369  2.4 min
episode 177/1013  eps 0.200  train return  -21.29%  loss 3.17e-05  maxQ +0.0956  changes   303  2.4 min
episode 178/1013  eps 0.198  train return   -1.56%  loss 3.28e-05  maxQ +0.0957  changes   305  2.4 min
episode 179/1013  eps 0.196  train return  -14.00%  loss 3.13e-05  maxQ +0.0947  changes   314  2.4 min
episode 180/1013  eps 0.195  train return  -22.07%  loss 3.30e-05  maxQ +0.0941  changes   312  2.4 min | val return +1.64% (best +7.82%)
episode 181/1013  eps 0.193  train return  -11.06%  loss 3.17e-05  maxQ +0.0939  changes   295  2.5 min
episode 182/1013  eps 0.191  train return   -4.30%  loss 3.26e-05  maxQ +0.0923  changes   296  2.5 min
episode 183/1013  eps 0.189  train return  -14.88%  loss 3.01e-05  maxQ +0.0910  changes   274  2.5 min
episode 184/1013  eps 0.188  train return  -13.27%  loss 3.08e-05  maxQ +0.0891  changes   250  2.5 min
episode 185/1013  eps 0.186  train return   -7.51%  loss 3.00e-05  maxQ +0.0906  changes   294  2.5 min
episode 186/1013  eps 0.184  train return  +10.98%  loss 3.12e-05  maxQ +0.0888  changes   369  2.5 min
episode 187/1013  eps 0.183  train return  -28.04%  loss 3.02e-05  maxQ +0.0878  changes   309  2.5 min
episode 188/1013  eps 0.181  train return  +60.70%  loss 3.16e-05  maxQ +0.0874  changes   293  2.6 min
episode 189/1013  eps 0.179  train return   -1.37%  loss 3.25e-05  maxQ +0.0862  changes   308  2.6 min
episode 190/1013  eps 0.178  train return  -19.68%  loss 3.22e-05  maxQ +0.0869  changes   295  2.6 min | val return +8.16% (best +8.16%)
episode 191/1013  eps 0.176  train return  +15.13%  loss 2.99e-05  maxQ +0.0848  changes   294  2.6 min
episode 192/1013  eps 0.174  train return   +2.96%  loss 3.05e-05  maxQ +0.0852  changes   290  2.6 min
episode 193/1013  eps 0.173  train return   -2.68%  loss 2.95e-05  maxQ +0.0834  changes   234  2.6 min
episode 194/1013  eps 0.171  train return   +6.06%  loss 2.98e-05  maxQ +0.0839  changes   269  2.6 min
episode 195/1013  eps 0.170  train return   +8.66%  loss 3.08e-05  maxQ +0.0830  changes   289  2.7 min
episode 196/1013  eps 0.168  train return   +9.08%  loss 3.09e-05  maxQ +0.0811  changes   275  2.7 min
episode 197/1013  eps 0.167  train return  +26.60%  loss 3.15e-05  maxQ +0.0807  changes   259  2.7 min
episode 198/1013  eps 0.165  train return   -9.50%  loss 3.04e-05  maxQ +0.0794  changes   273  2.7 min
episode 199/1013  eps 0.164  train return   -8.58%  loss 3.16e-05  maxQ +0.0781  changes   282  2.7 min
episode 200/1013  eps 0.162  train return  -18.50%  loss 3.07e-05  maxQ +0.0766  changes   286  2.7 min | val return -8.26% (best +8.16%)
episode 201/1013  eps 0.161  train return   -2.39%  loss 3.11e-05  maxQ +0.0758  changes   270  2.8 min
episode 202/1013  eps 0.159  train return  -35.11%  loss 3.16e-05  maxQ +0.0751  changes   248  2.8 min
episode 203/1013  eps 0.158  train return  -26.50%  loss 3.24e-05  maxQ +0.0741  changes   297  2.8 min
episode 204/1013  eps 0.156  train return  +18.24%  loss 3.25e-05  maxQ +0.0747  changes   264  2.8 min
episode 205/1013  eps 0.155  train return  -20.74%  loss 3.35e-05  maxQ +0.0723  changes   258  2.8 min
episode 206/1013  eps 0.154  train return  +16.40%  loss 3.10e-05  maxQ +0.0722  changes   278  2.8 min
episode 207/1013  eps 0.152  train return   +0.71%  loss 3.08e-05  maxQ +0.0703  changes   275  2.8 min
episode 208/1013  eps 0.151  train return   -3.21%  loss 3.15e-05  maxQ +0.0705  changes   295  2.9 min
episode 209/1013  eps 0.149  train return  -46.20%  loss 3.07e-05  maxQ +0.0691  changes   268  2.9 min
episode 210/1013  eps 0.148  train return   +3.82%  loss 3.21e-05  maxQ +0.0690  changes   249  2.9 min | val return +13.59% (best +13.59%)
episode 211/1013  eps 0.147  train return   -8.47%  loss 3.16e-05  maxQ +0.0686  changes   263  2.9 min
episode 212/1013  eps 0.145  train return   -9.69%  loss 3.00e-05  maxQ +0.0688  changes   256  2.9 min
episode 213/1013  eps 0.144  train return   +9.47%  loss 3.05e-05  maxQ +0.0687  changes   292  2.9 min
episode 214/1013  eps 0.143  train return  -23.41%  loss 3.17e-05  maxQ +0.0708  changes   286  2.9 min
episode 215/1013  eps 0.141  train return   -5.43%  loss 3.08e-05  maxQ +0.0698  changes   261  3.0 min
episode 216/1013  eps 0.140  train return  -14.55%  loss 3.08e-05  maxQ +0.0691  changes   300  3.0 min
episode 217/1013  eps 0.139  train return  +16.32%  loss 3.14e-05  maxQ +0.0672  changes   247  3.0 min
episode 218/1013  eps 0.138  train return  -11.86%  loss 3.10e-05  maxQ +0.0664  changes   240  3.0 min
episode 219/1013  eps 0.136  train return   +2.05%  loss 3.12e-05  maxQ +0.0662  changes   272  3.0 min
episode 220/1013  eps 0.135  train return  +13.50%  loss 3.15e-05  maxQ +0.0670  changes   278  3.0 min | val return +5.01% (best +13.59%)
episode 221/1013  eps 0.134  train return   -5.41%  loss 3.08e-05  maxQ +0.0668  changes   257  3.0 min
episode 222/1013  eps 0.133  train return  -12.51%  loss 3.13e-05  maxQ +0.0657  changes   256  3.1 min
episode 223/1013  eps 0.131  train return   -7.41%  loss 2.97e-05  maxQ +0.0651  changes   235  3.1 min
episode 224/1013  eps 0.130  train return   +7.85%  loss 2.84e-05  maxQ +0.0644  changes   289  3.1 min
episode 225/1013  eps 0.129  train return   -8.70%  loss 2.86e-05  maxQ +0.0638  changes   256  3.1 min
episode 226/1013  eps 0.128  train return  -12.15%  loss 2.98e-05  maxQ +0.0637  changes   230  3.1 min
episode 227/1013  eps 0.127  train return  +35.45%  loss 3.06e-05  maxQ +0.0640  changes   311  3.1 min
episode 228/1013  eps 0.126  train return  -23.34%  loss 3.03e-05  maxQ +0.0636  changes   238  3.1 min
episode 229/1013  eps 0.124  train return   +2.41%  loss 3.03e-05  maxQ +0.0652  changes   232  3.1 min
episode 230/1013  eps 0.123  train return  -26.68%  loss 3.13e-05  maxQ +0.0660  changes   247  3.2 min | val return +4.52% (best +13.59%)
episode 231/1013  eps 0.122  train return   -2.94%  loss 3.07e-05  maxQ +0.0659  changes   255  3.2 min
episode 232/1013  eps 0.121  train return   -5.63%  loss 2.98e-05  maxQ +0.0657  changes   283  3.2 min
episode 233/1013  eps 0.120  train return   -9.90%  loss 3.13e-05  maxQ +0.0654  changes   305  3.2 min
episode 234/1013  eps 0.119  train return  -18.79%  loss 3.04e-05  maxQ +0.0652  changes   232  3.2 min
episode 235/1013  eps 0.118  train return  -20.30%  loss 3.06e-05  maxQ +0.0638  changes   281  3.2 min
episode 236/1013  eps 0.117  train return   -5.58%  loss 3.06e-05  maxQ +0.0636  changes   222  3.2 min
episode 237/1013  eps 0.116  train return  -19.79%  loss 3.02e-05  maxQ +0.0636  changes   267  3.3 min
episode 238/1013  eps 0.115  train return   -7.08%  loss 3.10e-05  maxQ +0.0627  changes   263  3.3 min
episode 239/1013  eps 0.114  train return   +2.30%  loss 3.10e-05  maxQ +0.0633  changes   268  3.3 min
episode 240/1013  eps 0.112  train return  +18.21%  loss 3.15e-05  maxQ +0.0630  changes   240  3.3 min | val return -15.79% (best +13.59%)
episode 241/1013  eps 0.111  train return   +4.04%  loss 3.10e-05  maxQ +0.0629  changes   239  3.3 min
episode 242/1013  eps 0.110  train return  +13.19%  loss 3.16e-05  maxQ +0.0633  changes   199  3.3 min
episode 243/1013  eps 0.109  train return  +28.64%  loss 3.17e-05  maxQ +0.0614  changes   227  3.3 min
episode 244/1013  eps 0.108  train return  -14.66%  loss 3.13e-05  maxQ +0.0614  changes   238  3.4 min
episode 245/1013  eps 0.107  train return  -10.93%  loss 3.18e-05  maxQ +0.0615  changes   204  3.4 min
episode 246/1013  eps 0.106  train return   -6.20%  loss 3.15e-05  maxQ +0.0609  changes   184  3.4 min
episode 247/1013  eps 0.106  train return   +5.70%  loss 3.21e-05  maxQ +0.0608  changes   230  3.4 min
episode 248/1013  eps 0.105  train return   -0.92%  loss 3.22e-05  maxQ +0.0606  changes   198  3.4 min
episode 249/1013  eps 0.104  train return   -7.93%  loss 3.06e-05  maxQ +0.0613  changes   162  3.4 min
episode 250/1013  eps 0.103  train return  -16.52%  loss 3.08e-05  maxQ +0.0623  changes   223  3.4 min | val return -23.38% (best +13.59%)
episode 251/1013  eps 0.102  train return   -7.34%  loss 3.12e-05  maxQ +0.0616  changes   289  3.5 min
episode 252/1013  eps 0.101  train return  -21.70%  loss 3.06e-05  maxQ +0.0614  changes   314  3.5 min
episode 253/1013  eps 0.100  train return  +16.37%  loss 3.06e-05  maxQ +0.0600  changes   290  3.5 min
episode 254/1013  eps 0.099  train return   -1.41%  loss 3.07e-05  maxQ +0.0605  changes   276  3.5 min
episode 255/1013  eps 0.098  train return   -9.07%  loss 3.04e-05  maxQ +0.0593  changes   278  3.5 min
episode 256/1013  eps 0.097  train return   +9.38%  loss 2.97e-05  maxQ +0.0588  changes   223  3.5 min
episode 257/1013  eps 0.096  train return  +14.00%  loss 2.93e-05  maxQ +0.0580  changes   242  3.5 min
episode 258/1013  eps 0.095  train return  -16.92%  loss 2.97e-05  maxQ +0.0591  changes   253  3.6 min
episode 259/1013  eps 0.095  train return   -1.19%  loss 2.90e-05  maxQ +0.0594  changes   198  3.6 min
episode 260/1013  eps 0.094  train return  +13.13%  loss 2.90e-05  maxQ +0.0589  changes   238  3.6 min | val return -1.24% (best +13.59%)
episode 261/1013  eps 0.093  train return   -2.05%  loss 2.91e-05  maxQ +0.0584  changes   208  3.6 min
episode 262/1013  eps 0.092  train return  +21.66%  loss 3.06e-05  maxQ +0.0588  changes   243  3.6 min
episode 263/1013  eps 0.091  train return  +11.20%  loss 2.98e-05  maxQ +0.0592  changes   234  3.6 min
episode 264/1013  eps 0.090  train return  -21.60%  loss 2.80e-05  maxQ +0.0583  changes   208  3.6 min
episode 265/1013  eps 0.090  train return   +8.82%  loss 2.77e-05  maxQ +0.0573  changes   287  3.7 min
episode 266/1013  eps 0.089  train return   +8.26%  loss 2.81e-05  maxQ +0.0565  changes   219  3.7 min
episode 267/1013  eps 0.088  train return   -6.65%  loss 2.87e-05  maxQ +0.0563  changes   266  3.7 min
episode 268/1013  eps 0.087  train return   -0.59%  loss 2.90e-05  maxQ +0.0553  changes   239  3.7 min
episode 269/1013  eps 0.086  train return   +2.43%  loss 2.87e-05  maxQ +0.0550  changes   220  3.7 min
episode 270/1013  eps 0.086  train return   +3.31%  loss 2.95e-05  maxQ +0.0561  changes   246  3.7 min | val return -7.48% (best +13.59%)
episode 271/1013  eps 0.085  train return   -5.00%  loss 2.81e-05  maxQ +0.0553  changes   232  3.8 min
episode 272/1013  eps 0.084  train return   +9.87%  loss 2.77e-05  maxQ +0.0552  changes   238  3.8 min
episode 273/1013  eps 0.083  train return  -10.04%  loss 2.84e-05  maxQ +0.0552  changes   190  3.8 min
episode 274/1013  eps 0.082  train return  -31.46%  loss 2.68e-05  maxQ +0.0550  changes   217  3.8 min
episode 275/1013  eps 0.082  train return   -7.43%  loss 2.84e-05  maxQ +0.0549  changes   259  3.8 min
episode 276/1013  eps 0.081  train return   +8.80%  loss 2.74e-05  maxQ +0.0541  changes   219  3.8 min
episode 277/1013  eps 0.080  train return  -11.03%  loss 2.88e-05  maxQ +0.0549  changes   228  3.8 min
episode 278/1013  eps 0.079  train return  -15.20%  loss 2.82e-05  maxQ +0.0543  changes   271  3.8 min
episode 279/1013  eps 0.079  train return  +11.61%  loss 2.80e-05  maxQ +0.0545  changes   209  3.9 min
episode 280/1013  eps 0.078  train return  -12.90%  loss 2.80e-05  maxQ +0.0533  changes   205  3.9 min | val return +2.57% (best +13.59%)
episode 281/1013  eps 0.077  train return   -9.25%  loss 2.66e-05  maxQ +0.0535  changes   188  3.9 min
episode 282/1013  eps 0.077  train return   +4.17%  loss 2.94e-05  maxQ +0.0541  changes   195  3.9 min
episode 283/1013  eps 0.076  train return  -10.88%  loss 2.80e-05  maxQ +0.0537  changes   205  3.9 min
episode 284/1013  eps 0.075  train return   +4.01%  loss 2.72e-05  maxQ +0.0530  changes   252  3.9 min
episode 285/1013  eps 0.075  train return   -9.91%  loss 2.86e-05  maxQ +0.0530  changes   195  3.9 min
episode 286/1013  eps 0.074  train return   +1.27%  loss 2.84e-05  maxQ +0.0522  changes   259  4.0 min
episode 287/1013  eps 0.073  train return   +7.25%  loss 2.93e-05  maxQ +0.0512  changes   232  4.0 min
episode 288/1013  eps 0.073  train return  -17.72%  loss 2.77e-05  maxQ +0.0523  changes   262  4.0 min
episode 289/1013  eps 0.072  train return  -11.43%  loss 2.85e-05  maxQ +0.0522  changes   223  4.0 min
episode 290/1013  eps 0.071  train return   -4.69%  loss 2.97e-05  maxQ +0.0527  changes   242  4.0 min | val return -6.68% (best +13.59%)
episode 291/1013  eps 0.071  train return  +24.67%  loss 2.92e-05  maxQ +0.0534  changes   214  4.0 min
episode 292/1013  eps 0.070  train return  -11.68%  loss 3.03e-05  maxQ +0.0522  changes   233  4.0 min
episode 293/1013  eps 0.069  train return   -1.73%  loss 3.02e-05  maxQ +0.0526  changes   261  4.1 min
episode 294/1013  eps 0.069  train return  -10.91%  loss 2.94e-05  maxQ +0.0526  changes   255  4.1 min
episode 295/1013  eps 0.068  train return  -18.48%  loss 2.99e-05  maxQ +0.0513  changes   269  4.1 min
episode 296/1013  eps 0.067  train return  -18.54%  loss 3.08e-05  maxQ +0.0514  changes   230  4.1 min
episode 297/1013  eps 0.067  train return   -1.90%  loss 3.05e-05  maxQ +0.0511  changes   241  4.1 min
episode 298/1013  eps 0.066  train return  +20.58%  loss 2.97e-05  maxQ +0.0510  changes   188  4.1 min
episode 299/1013  eps 0.066  train return  -18.11%  loss 3.02e-05  maxQ +0.0520  changes   192  4.1 min
episode 300/1013  eps 0.065  train return  -10.23%  loss 3.18e-05  maxQ +0.0523  changes   155  4.2 min | val return -2.32% (best +13.59%)
episode 301/1013  eps 0.064  train return   +5.09%  loss 2.95e-05  maxQ +0.0531  changes   272  4.2 min
episode 302/1013  eps 0.064  train return  -21.83%  loss 3.02e-05  maxQ +0.0525  changes   198  4.2 min
episode 303/1013  eps 0.063  train return  -13.81%  loss 2.97e-05  maxQ +0.0517  changes   207  4.2 min
episode 304/1013  eps 0.063  train return  +11.93%  loss 2.86e-05  maxQ +0.0520  changes   165  4.2 min
episode 305/1013  eps 0.062  train return   +9.49%  loss 2.99e-05  maxQ +0.0515  changes   245  4.2 min
episode 306/1013  eps 0.062  train return  +21.25%  loss 3.07e-05  maxQ +0.0509  changes   186  4.3 min
episode 307/1013  eps 0.061  train return  -13.06%  loss 2.96e-05  maxQ +0.0511  changes   219  4.3 min
episode 308/1013  eps 0.060  train return   +4.08%  loss 2.83e-05  maxQ +0.0505  changes   179  4.3 min
episode 309/1013  eps 0.060  train return  -12.47%  loss 2.89e-05  maxQ +0.0500  changes   225  4.3 min
episode 310/1013  eps 0.059  train return  -12.89%  loss 2.89e-05  maxQ +0.0499  changes   224  4.3 min | val return -14.76% (best +13.59%)
episode 311/1013  eps 0.059  train return  -23.16%  loss 2.90e-05  maxQ +0.0499  changes   184  4.3 min
episode 312/1013  eps 0.058  train return   +2.12%  loss 2.90e-05  maxQ +0.0501  changes   224  4.4 min
episode 313/1013  eps 0.058  train return   +1.64%  loss 2.99e-05  maxQ +0.0500  changes   210  4.4 min
episode 314/1013  eps 0.057  train return  +21.13%  loss 2.93e-05  maxQ +0.0491  changes   196  4.4 min
episode 315/1013  eps 0.057  train return  -12.06%  loss 2.90e-05  maxQ +0.0493  changes   173  4.4 min
episode 316/1013  eps 0.056  train return  +28.97%  loss 3.06e-05  maxQ +0.0489  changes   310  4.4 min
episode 317/1013  eps 0.056  train return  -12.30%  loss 3.08e-05  maxQ +0.0482  changes   240  4.4 min
episode 318/1013  eps 0.055  train return  +22.73%  loss 2.97e-05  maxQ +0.0482  changes   152  4.4 min
episode 319/1013  eps 0.055  train return  -11.99%  loss 3.13e-05  maxQ +0.0500  changes   152  4.4 min
episode 320/1013  eps 0.054  train return   -2.83%  loss 3.19e-05  maxQ +0.0492  changes   224  4.5 min | val return -14.93% (best +13.59%)
episode 321/1013  eps 0.054  train return   -3.35%  loss 3.14e-05  maxQ +0.0491  changes   238  4.5 min
episode 322/1013  eps 0.053  train return  -15.26%  loss 3.13e-05  maxQ +0.0486  changes   197  4.5 min
episode 323/1013  eps 0.053  train return  -10.02%  loss 3.15e-05  maxQ +0.0486  changes   205  4.5 min
episode 324/1013  eps 0.052  train return  +11.18%  loss 3.18e-05  maxQ +0.0484  changes   166  4.5 min
episode 325/1013  eps 0.052  train return   -4.96%  loss 3.31e-05  maxQ +0.0486  changes   199  4.5 min
episode 326/1013  eps 0.051  train return  +13.11%  loss 3.23e-05  maxQ +0.0484  changes   229  4.5 min
episode 327/1013  eps 0.051  train return   -2.59%  loss 3.07e-05  maxQ +0.0475  changes   204  4.6 min
episode 328/1013  eps 0.050  train return  +11.59%  loss 3.12e-05  maxQ +0.0474  changes   186  4.6 min
episode 329/1013  eps 0.050  train return   -3.97%  loss 3.25e-05  maxQ +0.0482  changes   217  4.6 min
episode 330/1013  eps 0.049  train return  -17.12%  loss 3.41e-05  maxQ +0.0482  changes   229  4.6 min | val return -12.86% (best +13.59%)
episode 331/1013  eps 0.049  train return   -6.80%  loss 3.27e-05  maxQ +0.0484  changes   236  4.6 min
episode 332/1013  eps 0.049  train return   -6.19%  loss 3.14e-05  maxQ +0.0480  changes   236  4.6 min
episode 333/1013  eps 0.048  train return   -7.80%  loss 3.19e-05  maxQ +0.0475  changes   282  4.6 min
episode 334/1013  eps 0.048  train return   +6.13%  loss 3.27e-05  maxQ +0.0475  changes   246  4.7 min
episode 335/1013  eps 0.047  train return   +0.23%  loss 3.08e-05  maxQ +0.0476  changes   184  4.7 min
episode 336/1013  eps 0.047  train return   -9.45%  loss 3.06e-05  maxQ +0.0480  changes   206  4.7 min
episode 337/1013  eps 0.046  train return  +10.90%  loss 3.14e-05  maxQ +0.0472  changes   234  4.7 min
episode 338/1013  eps 0.046  train return  +16.09%  loss 3.28e-05  maxQ +0.0479  changes   187  4.7 min
episode 339/1013  eps 0.046  train return   -0.12%  loss 3.38e-05  maxQ +0.0479  changes   230  4.7 min
episode 340/1013  eps 0.045  train return  -12.48%  loss 3.33e-05  maxQ +0.0475  changes   207  4.7 min | val return -15.15% (best +13.59%)
episode 341/1013  eps 0.045  train return   +2.19%  loss 3.38e-05  maxQ +0.0484  changes   287  4.8 min
episode 342/1013  eps 0.044  train return   -4.61%  loss 3.48e-05  maxQ +0.0478  changes   158  4.8 min
episode 343/1013  eps 0.044  train return   -9.47%  loss 3.33e-05  maxQ +0.0485  changes   219  4.8 min
episode 344/1013  eps 0.043  train return   -3.62%  loss 3.46e-05  maxQ +0.0474  changes   150  4.8 min
episode 345/1013  eps 0.043  train return   -2.87%  loss 3.36e-05  maxQ +0.0471  changes   204  4.8 min
episode 346/1013  eps 0.043  train return  +32.78%  loss 3.42e-05  maxQ +0.0467  changes   179  4.9 min
episode 347/1013  eps 0.042  train return  -36.26%  loss 3.51e-05  maxQ +0.0468  changes   219  4.9 min
episode 348/1013  eps 0.042  train return   -8.70%  loss 3.43e-05  maxQ +0.0466  changes   184  4.9 min
episode 349/1013  eps 0.042  train return   -2.69%  loss 3.60e-05  maxQ +0.0471  changes   205  4.9 min
episode 350/1013  eps 0.041  train return  -11.37%  loss 3.62e-05  maxQ +0.0470  changes   171  4.9 min | val return -9.34% (best +13.59%)
episode 351/1013  eps 0.041  train return   -1.82%  loss 3.53e-05  maxQ +0.0474  changes   252  4.9 min
episode 352/1013  eps 0.040  train return  +24.18%  loss 3.52e-05  maxQ +0.0471  changes   238  4.9 min
episode 353/1013  eps 0.040  train return  +10.77%  loss 3.61e-05  maxQ +0.0483  changes   232  5.0 min
episode 354/1013  eps 0.040  train return   +1.93%  loss 3.68e-05  maxQ +0.0482  changes   254  5.0 min
episode 355/1013  eps 0.039  train return   -1.22%  loss 3.62e-05  maxQ +0.0492  changes   323  5.0 min
episode 356/1013  eps 0.039  train return  +16.61%  loss 3.60e-05  maxQ +0.0496  changes   186  5.0 min
episode 357/1013  eps 0.039  train return  +15.02%  loss 3.65e-05  maxQ +0.0489  changes   242  5.0 min
episode 358/1013  eps 0.038  train return  -12.63%  loss 3.57e-05  maxQ +0.0494  changes   247  5.0 min
episode 359/1013  eps 0.038  train return   +8.94%  loss 3.57e-05  maxQ +0.0483  changes   162  5.0 min
episode 360/1013  eps 0.038  train return  -25.29%  loss 3.71e-05  maxQ +0.0484  changes   181  5.1 min | val return +18.17% (best +18.17%)
episode 361/1013  eps 0.037  train return  -33.03%  loss 3.52e-05  maxQ +0.0485  changes   203  5.1 min
episode 362/1013  eps 0.037  train return   -3.98%  loss 3.61e-05  maxQ +0.0479  changes   282  5.1 min
episode 363/1013  eps 0.037  train return  -12.99%  loss 3.81e-05  maxQ +0.0471  changes   244  5.1 min
episode 364/1013  eps 0.036  train return  +12.92%  loss 3.77e-05  maxQ +0.0469  changes   272  5.1 min
episode 365/1013  eps 0.036  train return  -17.05%  loss 3.56e-05  maxQ +0.0461  changes   203  5.1 min
episode 366/1013  eps 0.036  train return   +5.94%  loss 3.67e-05  maxQ +0.0458  changes   183  5.2 min
episode 367/1013  eps 0.035  train return   +4.33%  loss 3.82e-05  maxQ +0.0456  changes   220  5.2 min
episode 368/1013  eps 0.035  train return  +16.73%  loss 3.87e-05  maxQ +0.0455  changes   221  5.2 min
episode 369/1013  eps 0.035  train return  +12.27%  loss 3.76e-05  maxQ +0.0452  changes   195  5.2 min
episode 370/1013  eps 0.034  train return   -3.02%  loss 3.66e-05  maxQ +0.0454  changes   230  5.2 min | val return -23.82% (best +18.17%)
episode 371/1013  eps 0.034  train return  +13.62%  loss 3.66e-05  maxQ +0.0453  changes   207  5.3 min
episode 372/1013  eps 0.034  train return   -2.36%  loss 3.76e-05  maxQ +0.0459  changes   206  5.3 min
episode 373/1013  eps 0.033  train return   -9.96%  loss 3.66e-05  maxQ +0.0463  changes   218  5.3 min
episode 374/1013  eps 0.033  train return   -2.74%  loss 3.65e-05  maxQ +0.0468  changes   256  5.3 min
episode 375/1013  eps 0.033  train return   -7.27%  loss 3.86e-05  maxQ +0.0464  changes   225  5.3 min
episode 376/1013  eps 0.032  train return   +9.09%  loss 3.65e-05  maxQ +0.0464  changes   269  5.3 min
episode 377/1013  eps 0.032  train return   +2.20%  loss 3.86e-05  maxQ +0.0470  changes   270  5.3 min
episode 378/1013  eps 0.032  train return   -5.40%  loss 3.79e-05  maxQ +0.0464  changes   252  5.4 min
episode 379/1013  eps 0.032  train return   +1.61%  loss 3.91e-05  maxQ +0.0466  changes   232  5.4 min
episode 380/1013  eps 0.031  train return   -8.29%  loss 3.83e-05  maxQ +0.0475  changes   227  5.4 min | val return -27.11% (best +18.17%)
episode 381/1013  eps 0.031  train return   -8.72%  loss 3.96e-05  maxQ +0.0477  changes   282  5.4 min
episode 382/1013  eps 0.031  train return   -9.47%  loss 3.66e-05  maxQ +0.0473  changes   240  5.4 min
episode 383/1013  eps 0.030  train return  +34.29%  loss 3.89e-05  maxQ +0.0476  changes   220  5.4 min
episode 384/1013  eps 0.030  train return   -3.05%  loss 3.83e-05  maxQ +0.0488  changes   208  5.4 min
episode 385/1013  eps 0.030  train return  -15.08%  loss 3.74e-05  maxQ +0.0489  changes   207  5.5 min
episode 386/1013  eps 0.030  train return   -3.11%  loss 3.70e-05  maxQ +0.0480  changes   247  5.5 min
episode 387/1013  eps 0.029  train return   -5.66%  loss 3.70e-05  maxQ +0.0485  changes   181  5.5 min
episode 388/1013  eps 0.029  train return  +12.16%  loss 3.71e-05  maxQ +0.0488  changes   113  5.5 min
episode 389/1013  eps 0.029  train return   +3.59%  loss 3.57e-05  maxQ +0.0479  changes   232  5.5 min
episode 390/1013  eps 0.029  train return  -12.39%  loss 3.55e-05  maxQ +0.0477  changes   235  5.5 min | val return -1.22% (best +18.17%)
episode 391/1013  eps 0.028  train return  +41.54%  loss 3.64e-05  maxQ +0.0475  changes   189  5.6 min
episode 392/1013  eps 0.028  train return   -9.10%  loss 3.57e-05  maxQ +0.0475  changes   233  5.6 min
episode 393/1013  eps 0.028  train return   +8.51%  loss 3.51e-05  maxQ +0.0468  changes   275  5.6 min
episode 394/1013  eps 0.028  train return   +2.06%  loss 3.56e-05  maxQ +0.0470  changes   192  5.6 min
episode 395/1013  eps 0.027  train return  -20.23%  loss 3.67e-05  maxQ +0.0475  changes   237  5.6 min
episode 396/1013  eps 0.027  train return  -19.51%  loss 3.57e-05  maxQ +0.0469  changes   231  5.6 min
episode 397/1013  eps 0.027  train return   -3.67%  loss 3.58e-05  maxQ +0.0467  changes   224  5.6 min
episode 398/1013  eps 0.027  train return   -3.42%  loss 3.53e-05  maxQ +0.0467  changes   233  5.7 min
episode 399/1013  eps 0.026  train return   -4.42%  loss 3.33e-05  maxQ +0.0464  changes   283  5.7 min
episode 400/1013  eps 0.026  train return   +2.54%  loss 3.30e-05  maxQ +0.0463  changes   277  5.7 min | val return +1.66% (best +18.17%)
episode 401/1013  eps 0.026  train return   -3.04%  loss 3.50e-05  maxQ +0.0462  changes   183  5.7 min
episode 402/1013  eps 0.026  train return   +3.59%  loss 3.27e-05  maxQ +0.0462  changes   225  5.7 min
episode 403/1013  eps 0.025  train return  -14.68%  loss 3.39e-05  maxQ +0.0464  changes   293  5.7 min
episode 404/1013  eps 0.025  train return   -2.74%  loss 3.59e-05  maxQ +0.0467  changes   267  5.8 min
episode 405/1013  eps 0.025  train return  -27.83%  loss 3.53e-05  maxQ +0.0469  changes   311  5.8 min
episode 406/1013  eps 0.025  train return  -29.89%  loss 3.33e-05  maxQ +0.0461  changes   303  5.8 min
episode 407/1013  eps 0.024  train return   -9.15%  loss 3.38e-05  maxQ +0.0459  changes   192  5.8 min
episode 408/1013  eps 0.024  train return   -1.70%  loss 3.43e-05  maxQ +0.0451  changes   218  5.8 min
episode 409/1013  eps 0.024  train return   -1.49%  loss 3.30e-05  maxQ +0.0442  changes   234  5.8 min
episode 410/1013  eps 0.024  train return  +17.40%  loss 3.33e-05  maxQ +0.0444  changes   151  5.8 min | val return -28.72% (best +18.17%)
episode 411/1013  eps 0.024  train return   -3.21%  loss 3.38e-05  maxQ +0.0447  changes   286  5.9 min
episode 412/1013  eps 0.023  train return   -5.58%  loss 3.48e-05  maxQ +0.0448  changes   175  5.9 min
episode 413/1013  eps 0.023  train return  +10.63%  loss 3.31e-05  maxQ +0.0445  changes   217  5.9 min
episode 414/1013  eps 0.023  train return   -3.28%  loss 3.27e-05  maxQ +0.0436  changes   201  5.9 min
episode 415/1013  eps 0.023  train return  +12.13%  loss 3.27e-05  maxQ +0.0441  changes   198  5.9 min
episode 416/1013  eps 0.023  train return  +24.46%  loss 3.23e-05  maxQ +0.0435  changes   235  5.9 min
episode 417/1013  eps 0.022  train return  -23.05%  loss 3.19e-05  maxQ +0.0432  changes   184  5.9 min
episode 418/1013  eps 0.022  train return  -15.63%  loss 3.14e-05  maxQ +0.0426  changes   199  5.9 min
episode 419/1013  eps 0.022  train return  +12.14%  loss 3.23e-05  maxQ +0.0425  changes   237  6.0 min
episode 420/1013  eps 0.022  train return   -2.32%  loss 3.09e-05  maxQ +0.0428  changes   206  6.0 min | val return -11.54% (best +18.17%)
episode 421/1013  eps 0.022  train return   +5.09%  loss 3.06e-05  maxQ +0.0428  changes   197  6.0 min
episode 422/1013  eps 0.021  train return  +12.82%  loss 3.12e-05  maxQ +0.0418  changes   224  6.0 min
episode 423/1013  eps 0.021  train return   +7.95%  loss 3.11e-05  maxQ +0.0412  changes   176  6.0 min
episode 424/1013  eps 0.021  train return   -2.65%  loss 3.06e-05  maxQ +0.0412  changes   252  6.0 min
episode 425/1013  eps 0.021  train return   -8.35%  loss 3.10e-05  maxQ +0.0410  changes   213  6.0 min
episode 426/1013  eps 0.021  train return   -3.34%  loss 3.07e-05  maxQ +0.0408  changes   224  6.1 min
episode 427/1013  eps 0.020  train return  +31.46%  loss 3.06e-05  maxQ +0.0401  changes   245  6.1 min
episode 428/1013  eps 0.020  train return  +20.68%  loss 3.19e-05  maxQ +0.0397  changes   173  6.1 min
episode 429/1013  eps 0.020  train return  +31.46%  loss 2.95e-05  maxQ +0.0400  changes   229  6.1 min
episode 430/1013  eps 0.020  train return   -2.20%  loss 2.97e-05  maxQ +0.0398  changes   259  6.1 min | val return +8.77% (best +18.17%)
episode 431/1013  eps 0.020  train return  +24.26%  loss 3.12e-05  maxQ +0.0398  changes   244  6.1 min
episode 432/1013  eps 0.019  train return  -14.72%  loss 2.78e-05  maxQ +0.0398  changes   186  6.1 min
episode 433/1013  eps 0.019  train return  -14.33%  loss 2.92e-05  maxQ +0.0397  changes   274  6.1 min
episode 434/1013  eps 0.019  train return   -1.25%  loss 3.40e-05  maxQ +0.0396  changes   401  6.2 min
episode 435/1013  eps 0.019  train return   -7.20%  loss 3.05e-05  maxQ +0.0393  changes   279  6.2 min
episode 436/1013  eps 0.019  train return   +2.25%  loss 3.05e-05  maxQ +0.0387  changes   184  6.2 min
episode 437/1013  eps 0.019  train return   +3.60%  loss 3.08e-05  maxQ +0.0387  changes   256  6.2 min
episode 438/1013  eps 0.018  train return  +13.98%  loss 3.25e-05  maxQ +0.0389  changes   220  6.2 min
episode 439/1013  eps 0.018  train return   +9.75%  loss 3.09e-05  maxQ +0.0393  changes   280  6.2 min
episode 440/1013  eps 0.018  train return   -7.97%  loss 3.16e-05  maxQ +0.0391  changes   218  6.2 min | val return +14.41% (best +18.17%)
episode 441/1013  eps 0.018  train return  -11.29%  loss 3.03e-05  maxQ +0.0386  changes   223  6.3 min
episode 442/1013  eps 0.018  train return   +6.73%  loss 3.15e-05  maxQ +0.0386  changes   225  6.3 min
episode 443/1013  eps 0.018  train return   +4.07%  loss 3.23e-05  maxQ +0.0394  changes   217  6.3 min
episode 444/1013  eps 0.017  train return   -4.89%  loss 3.00e-05  maxQ +0.0403  changes   250  6.3 min
episode 445/1013  eps 0.017  train return  -26.79%  loss 3.13e-05  maxQ +0.0395  changes   285  6.3 min
episode 446/1013  eps 0.017  train return   +5.93%  loss 3.05e-05  maxQ +0.0389  changes   267  6.3 min
episode 447/1013  eps 0.017  train return  -14.04%  loss 3.06e-05  maxQ +0.0392  changes   242  6.3 min
episode 448/1013  eps 0.017  train return  -10.09%  loss 3.13e-05  maxQ +0.0399  changes   329  6.4 min
episode 449/1013  eps 0.017  train return   -4.26%  loss 3.01e-05  maxQ +0.0399  changes   231  6.4 min
episode 450/1013  eps 0.016  train return  -12.48%  loss 2.95e-05  maxQ +0.0397  changes   191  6.4 min | val return -18.89% (best +18.17%)
episode 451/1013  eps 0.016  train return  +13.10%  loss 2.98e-05  maxQ +0.0404  changes   234  6.4 min
episode 452/1013  eps 0.016  train return  -10.69%  loss 3.01e-05  maxQ +0.0406  changes   324  6.4 min
episode 453/1013  eps 0.016  train return  -14.04%  loss 2.91e-05  maxQ +0.0411  changes   273  6.4 min
episode 454/1013  eps 0.016  train return  +11.65%  loss 3.01e-05  maxQ +0.0419  changes   237  6.4 min
episode 455/1013  eps 0.016  train return   +0.57%  loss 2.89e-05  maxQ +0.0416  changes   268  6.5 min
episode 456/1013  eps 0.016  train return   +4.78%  loss 3.10e-05  maxQ +0.0414  changes   326  6.5 min
episode 457/1013  eps 0.015  train return  +11.59%  loss 3.15e-05  maxQ +0.0408  changes   262  6.5 min
episode 458/1013  eps 0.015  train return   -8.31%  loss 3.18e-05  maxQ +0.0411  changes   245  6.5 min
episode 459/1013  eps 0.015  train return   +0.30%  loss 3.13e-05  maxQ +0.0413  changes   146  6.5 min
episode 460/1013  eps 0.015  train return   -3.94%  loss 3.20e-05  maxQ +0.0425  changes   194  6.5 min | val return -13.57% (best +18.17%)
episode 461/1013  eps 0.015  train return  -23.17%  loss 3.26e-05  maxQ +0.0419  changes   196  6.6 min
episode 462/1013  eps 0.015  train return  +18.33%  loss 3.22e-05  maxQ +0.0412  changes   237  6.6 min
episode 463/1013  eps 0.015  train return   -2.34%  loss 3.26e-05  maxQ +0.0405  changes   254  6.6 min
episode 464/1013  eps 0.015  train return  -27.21%  loss 3.22e-05  maxQ +0.0411  changes   196  6.6 min
episode 465/1013  eps 0.014  train return  -21.72%  loss 3.27e-05  maxQ +0.0412  changes   123  6.6 min
episode 466/1013  eps 0.014  train return  -13.35%  loss 3.28e-05  maxQ +0.0409  changes   148  6.7 min
episode 467/1013  eps 0.014  train return  +34.83%  loss 3.18e-05  maxQ +0.0405  changes   129  6.7 min
episode 468/1013  eps 0.014  train return  -19.86%  loss 3.28e-05  maxQ +0.0403  changes   194  6.7 min
episode 469/1013  eps 0.014  train return   +0.50%  loss 3.20e-05  maxQ +0.0394  changes   141  6.7 min
episode 470/1013  eps 0.014  train return   +9.26%  loss 3.46e-05  maxQ +0.0388  changes   164  6.7 min | val return -43.62% (best +18.17%)
episode 471/1013  eps 0.014  train return  -16.52%  loss 3.34e-05  maxQ +0.0390  changes   142  6.8 min
episode 472/1013  eps 0.013  train return  -24.75%  loss 3.26e-05  maxQ +0.0383  changes   122  6.8 min
episode 473/1013  eps 0.013  train return   +5.77%  loss 3.33e-05  maxQ +0.0385  changes   186  6.8 min
episode 474/1013  eps 0.013  train return  -21.00%  loss 3.56e-05  maxQ +0.0381  changes   147  6.8 min
episode 475/1013  eps 0.013  train return   +1.85%  loss 3.48e-05  maxQ +0.0382  changes   144  6.8 min
episode 476/1013  eps 0.013  train return   +6.36%  loss 3.29e-05  maxQ +0.0376  changes   143  6.8 min
episode 477/1013  eps 0.013  train return  -21.62%  loss 3.39e-05  maxQ +0.0372  changes   140  6.8 min
episode 478/1013  eps 0.013  train return  -10.51%  loss 3.41e-05  maxQ +0.0369  changes   198  6.8 min
episode 479/1013  eps 0.013  train return   +8.45%  loss 3.35e-05  maxQ +0.0374  changes   200  6.9 min
episode 480/1013  eps 0.013  train return  -23.57%  loss 3.62e-05  maxQ +0.0367  changes   127  6.9 min | val return -35.85% (best +18.17%)
episode 481/1013  eps 0.012  train return   -0.94%  loss 3.90e-05  maxQ +0.0371  changes   174  6.9 min
episode 482/1013  eps 0.012  train return   -5.63%  loss 3.37e-05  maxQ +0.0372  changes   161  6.9 min
episode 483/1013  eps 0.012  train return   +3.52%  loss 3.60e-05  maxQ +0.0362  changes   106  6.9 min
episode 484/1013  eps 0.012  train return  +16.51%  loss 3.56e-05  maxQ +0.0350  changes   145  7.0 min
episode 485/1013  eps 0.012  train return   -9.05%  loss 3.49e-05  maxQ +0.0343  changes   118  7.0 min
episode 486/1013  eps 0.012  train return   -8.78%  loss 3.42e-05  maxQ +0.0348  changes    78  7.0 min
episode 487/1013  eps 0.012  train return  +59.70%  loss 3.52e-05  maxQ +0.0345  changes    97  7.0 min
episode 488/1013  eps 0.012  train return   +0.09%  loss 3.46e-05  maxQ +0.0342  changes   165  7.0 min
episode 489/1013  eps 0.012  train return  -11.88%  loss 3.52e-05  maxQ +0.0344  changes   107  7.0 min
episode 490/1013  eps 0.011  train return   +4.31%  loss 3.45e-05  maxQ +0.0337  changes   156  7.0 min | val return -0.38% (best +18.17%)
episode 491/1013  eps 0.011  train return   +6.31%  loss 3.56e-05  maxQ +0.0334  changes   123  7.0 min
episode 492/1013  eps 0.011  train return  -10.08%  loss 3.51e-05  maxQ +0.0335  changes   129  7.1 min
episode 493/1013  eps 0.011  train return  +27.62%  loss 3.56e-05  maxQ +0.0337  changes   132  7.1 min
episode 494/1013  eps 0.011  train return  +12.88%  loss 3.77e-05  maxQ +0.0338  changes   118  7.1 min
episode 495/1013  eps 0.011  train return  +15.25%  loss 3.63e-05  maxQ +0.0345  changes   119  7.1 min
episode 496/1013  eps 0.011  train return   -8.54%  loss 3.67e-05  maxQ +0.0337  changes   106  7.1 min
episode 497/1013  eps 0.011  train return   -8.92%  loss 3.63e-05  maxQ +0.0343  changes   124  7.1 min
episode 498/1013  eps 0.011  train return   -2.62%  loss 3.71e-05  maxQ +0.0346  changes    93  7.2 min
episode 499/1013  eps 0.011  train return   +7.98%  loss 3.66e-05  maxQ +0.0346  changes   132  7.2 min
episode 500/1013  eps 0.010  train return   +8.76%  loss 3.62e-05  maxQ +0.0353  changes    80  7.2 min | val return +5.65% (best +18.17%)
episode 501/1013  eps 0.010  train return   +9.36%  loss 3.36e-05  maxQ +0.0344  changes   147  7.2 min
episode 502/1013  eps 0.010  train return   -7.82%  loss 3.51e-05  maxQ +0.0347  changes   125  7.3 min
episode 503/1013  eps 0.010  train return   -5.23%  loss 3.57e-05  maxQ +0.0348  changes   154  7.3 min
episode 504/1013  eps 0.010  train return   +0.18%  loss 3.47e-05  maxQ +0.0344  changes   149  7.3 min
episode 505/1013  eps 0.010  train return   -2.37%  loss 3.67e-05  maxQ +0.0342  changes   166  7.3 min
episode 506/1013  eps 0.010  train return   -6.92%  loss 3.45e-05  maxQ +0.0336  changes   176  7.4 min
episode 507/1013  eps 0.010  train return   +6.37%  loss 3.46e-05  maxQ +0.0332  changes   153  7.4 min
episode 508/1013  eps 0.010  train return   -7.28%  loss 3.49e-05  maxQ +0.0331  changes   192  7.4 min
episode 509/1013  eps 0.010  train return   +3.39%  loss 3.38e-05  maxQ +0.0333  changes   109  7.4 min
episode 510/1013  eps 0.010  train return   +4.55%  loss 3.52e-05  maxQ +0.0332  changes    82  7.5 min | val return +5.44% (best +18.17%)
episode 511/1013  eps 0.010  train return   -2.19%  loss 3.33e-05  maxQ +0.0326  changes   126  7.5 min
episode 512/1013  eps 0.010  train return  -17.73%  loss 3.41e-05  maxQ +0.0326  changes   163  7.5 min
episode 513/1013  eps 0.010  train return  +21.15%  loss 3.39e-05  maxQ +0.0323  changes   171  7.5 min
episode 514/1013  eps 0.010  train return   -5.75%  loss 3.21e-05  maxQ +0.0320  changes   167  7.5 min
episode 515/1013  eps 0.010  train return  +17.16%  loss 3.27e-05  maxQ +0.0316  changes   111  7.6 min
episode 516/1013  eps 0.010  train return   -7.27%  loss 3.26e-05  maxQ +0.0312  changes   142  7.6 min
episode 517/1013  eps 0.010  train return   +1.56%  loss 3.30e-05  maxQ +0.0311  changes   114  7.6 min
episode 518/1013  eps 0.010  train return   -1.60%  loss 3.40e-05  maxQ +0.0308  changes    99  7.6 min
episode 519/1013  eps 0.010  train return   -3.66%  loss 3.46e-05  maxQ +0.0304  changes    76  7.6 min
episode 520/1013  eps 0.010  train return  +15.98%  loss 3.45e-05  maxQ +0.0303  changes   176  7.6 min | val return -21.16% (best +18.17%)
episode 521/1013  eps 0.010  train return  -11.57%  loss 3.47e-05  maxQ +0.0294  changes   160  7.6 min
episode 522/1013  eps 0.010  train return  +45.63%  loss 3.32e-05  maxQ +0.0294  changes   121  7.7 min
episode 523/1013  eps 0.010  train return  -16.90%  loss 3.26e-05  maxQ +0.0299  changes   160  7.7 min
episode 524/1013  eps 0.010  train return  +11.93%  loss 3.48e-05  maxQ +0.0297  changes   129  7.7 min
episode 525/1013  eps 0.010  train return   -6.24%  loss 3.35e-05  maxQ +0.0291  changes   117  7.7 min
episode 526/1013  eps 0.010  train return  +10.70%  loss 3.23e-05  maxQ +0.0294  changes   120  7.7 min
episode 527/1013  eps 0.010  train return   +8.42%  loss 3.40e-05  maxQ +0.0294  changes    85  7.7 min
episode 528/1013  eps 0.010  train return   -6.76%  loss 3.37e-05  maxQ +0.0291  changes    89  7.7 min
episode 529/1013  eps 0.010  train return   -4.19%  loss 3.21e-05  maxQ +0.0295  changes   108  7.8 min
episode 530/1013  eps 0.010  train return   -5.12%  loss 3.25e-05  maxQ +0.0289  changes   116  7.8 min | val return +3.83% (best +18.17%)
episode 531/1013  eps 0.010  train return  +15.18%  loss 3.22e-05  maxQ +0.0293  changes   104  7.8 min
episode 532/1013  eps 0.010  train return   -6.54%  loss 3.05e-05  maxQ +0.0294  changes   126  7.8 min
episode 533/1013  eps 0.010  train return  -25.71%  loss 3.14e-05  maxQ +0.0285  changes    92  7.8 min
episode 534/1013  eps 0.010  train return  -13.18%  loss 3.18e-05  maxQ +0.0288  changes   123  7.9 min
episode 535/1013  eps 0.010  train return   -1.48%  loss 3.19e-05  maxQ +0.0288  changes   117  7.9 min
episode 536/1013  eps 0.010  train return   +0.49%  loss 3.11e-05  maxQ +0.0292  changes    83  7.9 min
episode 537/1013  eps 0.010  train return  +28.30%  loss 3.06e-05  maxQ +0.0288  changes   134  7.9 min
episode 538/1013  eps 0.010  train return   -0.80%  loss 3.15e-05  maxQ +0.0293  changes    97  7.9 min
episode 539/1013  eps 0.010  train return  +19.17%  loss 3.18e-05  maxQ +0.0292  changes   150  8.0 min
episode 540/1013  eps 0.010  train return   -0.97%  loss 3.12e-05  maxQ +0.0295  changes   138  8.0 min | val return +5.58% (best +18.17%)
episode 541/1013  eps 0.010  train return   -4.67%  loss 3.06e-05  maxQ +0.0299  changes   138  8.0 min
episode 542/1013  eps 0.010  train return  -11.06%  loss 2.99e-05  maxQ +0.0296  changes   133  8.0 min
episode 543/1013  eps 0.010  train return  +16.58%  loss 2.92e-05  maxQ +0.0295  changes    87  8.1 min
episode 544/1013  eps 0.010  train return   +0.06%  loss 2.99e-05  maxQ +0.0298  changes   100  8.1 min
episode 545/1013  eps 0.010  train return   +5.50%  loss 3.07e-05  maxQ +0.0292  changes   161  8.1 min
episode 546/1013  eps 0.010  train return   -3.17%  loss 3.01e-05  maxQ +0.0297  changes   160  8.1 min
episode 547/1013  eps 0.010  train return   +2.83%  loss 2.88e-05  maxQ +0.0295  changes   178  8.1 min
episode 548/1013  eps 0.010  train return   +2.12%  loss 2.89e-05  maxQ +0.0297  changes   138  8.2 min
episode 549/1013  eps 0.010  train return  +14.64%  loss 3.08e-05  maxQ +0.0299  changes   196  8.2 min
episode 550/1013  eps 0.010  train return   -0.40%  loss 2.96e-05  maxQ +0.0303  changes   201  8.2 min | val return -4.52% (best +18.17%)
episode 551/1013  eps 0.010  train return   -7.79%  loss 3.05e-05  maxQ +0.0301  changes   245  8.2 min
episode 552/1013  eps 0.010  train return   -0.32%  loss 2.73e-05  maxQ +0.0305  changes   202  8.2 min
episode 553/1013  eps 0.010  train return   -5.93%  loss 2.79e-05  maxQ +0.0305  changes   259  8.2 min
episode 554/1013  eps 0.010  train return   +1.19%  loss 2.86e-05  maxQ +0.0308  changes   183  8.3 min
episode 555/1013  eps 0.010  train return  +12.15%  loss 2.78e-05  maxQ +0.0305  changes   206  8.3 min
episode 556/1013  eps 0.010  train return   +2.56%  loss 2.87e-05  maxQ +0.0304  changes   240  8.3 min
episode 557/1013  eps 0.010  train return   +5.30%  loss 2.74e-05  maxQ +0.0305  changes   227  8.3 min
episode 558/1013  eps 0.010  train return   +3.41%  loss 2.87e-05  maxQ +0.0312  changes   224  8.4 min
episode 559/1013  eps 0.010  train return   +8.77%  loss 2.91e-05  maxQ +0.0315  changes   292  8.4 min
episode 560/1013  eps 0.010  train return  +28.32%  loss 3.11e-05  maxQ +0.0313  changes   202  8.4 min | val return +1.77% (best +18.17%)
episode 561/1013  eps 0.010  train return   +5.61%  loss 3.00e-05  maxQ +0.0313  changes   194  8.5 min
episode 562/1013  eps 0.010  train return   -9.99%  loss 2.94e-05  maxQ +0.0306  changes   152  8.5 min
episode 563/1013  eps 0.010  train return   +8.65%  loss 2.81e-05  maxQ +0.0309  changes   210  8.5 min
episode 564/1013  eps 0.010  train return  +23.78%  loss 2.95e-05  maxQ +0.0311  changes   330  8.5 min
episode 565/1013  eps 0.010  train return  +20.32%  loss 2.84e-05  maxQ +0.0312  changes   243  8.6 min
episode 566/1013  eps 0.010  train return  -11.35%  loss 2.83e-05  maxQ +0.0315  changes   301  8.6 min
episode 567/1013  eps 0.010  train return  +15.25%  loss 2.91e-05  maxQ +0.0316  changes   311  8.6 min
episode 568/1013  eps 0.010  train return  +14.05%  loss 2.81e-05  maxQ +0.0315  changes   259  8.6 min
episode 569/1013  eps 0.010  train return  -16.43%  loss 2.88e-05  maxQ +0.0311  changes   252  8.6 min
episode 570/1013  eps 0.010  train return   -9.75%  loss 2.74e-05  maxQ +0.0307  changes   315  8.6 min | val return -8.63% (best +18.17%)
episode 571/1013  eps 0.010  train return   +7.87%  loss 2.89e-05  maxQ +0.0307  changes   190  8.7 min
episode 572/1013  eps 0.010  train return  -21.65%  loss 2.83e-05  maxQ +0.0309  changes   186  8.7 min
episode 573/1013  eps 0.010  train return   +0.19%  loss 2.88e-05  maxQ +0.0309  changes   277  8.7 min
episode 574/1013  eps 0.010  train return   -6.34%  loss 2.81e-05  maxQ +0.0304  changes   175  8.8 min
episode 575/1013  eps 0.010  train return   -9.67%  loss 2.81e-05  maxQ +0.0303  changes   165  8.8 min
episode 576/1013  eps 0.010  train return   -2.08%  loss 2.89e-05  maxQ +0.0298  changes   298  8.8 min
episode 577/1013  eps 0.010  train return   -9.14%  loss 2.90e-05  maxQ +0.0300  changes   243  8.8 min
episode 578/1013  eps 0.010  train return  -11.18%  loss 2.89e-05  maxQ +0.0309  changes   275  8.8 min
episode 579/1013  eps 0.010  train return  -11.63%  loss 2.78e-05  maxQ +0.0311  changes   311  8.8 min
episode 580/1013  eps 0.010  train return   -0.34%  loss 2.89e-05  maxQ +0.0311  changes   282  8.9 min | val return -9.18% (best +18.17%)
episode 581/1013  eps 0.010  train return  -11.55%  loss 2.83e-05  maxQ +0.0307  changes   260  8.9 min
episode 582/1013  eps 0.010  train return   +8.32%  loss 2.88e-05  maxQ +0.0307  changes   256  8.9 min
episode 583/1013  eps 0.010  train return   -0.81%  loss 2.90e-05  maxQ +0.0307  changes   259  8.9 min
episode 584/1013  eps 0.010  train return  +26.74%  loss 2.73e-05  maxQ +0.0302  changes   219  8.9 min
episode 585/1013  eps 0.010  train return  +43.12%  loss 2.73e-05  maxQ +0.0300  changes   173  9.0 min
episode 586/1013  eps 0.010  train return   -9.38%  loss 2.88e-05  maxQ +0.0296  changes   248  9.0 min
episode 587/1013  eps 0.010  train return  -12.70%  loss 2.78e-05  maxQ +0.0292  changes   292  9.0 min
episode 588/1013  eps 0.010  train return   +6.39%  loss 2.77e-05  maxQ +0.0286  changes   236  9.0 min
episode 589/1013  eps 0.010  train return   -7.72%  loss 2.83e-05  maxQ +0.0289  changes   217  9.0 min
episode 590/1013  eps 0.010  train return   -0.27%  loss 2.71e-05  maxQ +0.0286  changes   220  9.0 min | val return +9.55% (best +18.17%)
episode 591/1013  eps 0.010  train return  -19.15%  loss 2.90e-05  maxQ +0.0291  changes   217  9.0 min
episode 592/1013  eps 0.010  train return   +1.35%  loss 2.70e-05  maxQ +0.0296  changes   369  9.1 min
episode 593/1013  eps 0.010  train return  +12.46%  loss 2.56e-05  maxQ +0.0297  changes   226  9.1 min
episode 594/1013  eps 0.010  train return  +22.32%  loss 2.75e-05  maxQ +0.0296  changes   227  9.1 min
episode 595/1013  eps 0.010  train return  -17.52%  loss 2.66e-05  maxQ +0.0299  changes   161  9.1 min
episode 596/1013  eps 0.010  train return  -12.67%  loss 2.67e-05  maxQ +0.0306  changes   186  9.1 min
episode 597/1013  eps 0.010  train return  +19.41%  loss 2.79e-05  maxQ +0.0306  changes   201  9.1 min
episode 598/1013  eps 0.010  train return   +5.43%  loss 2.83e-05  maxQ +0.0308  changes   292  9.1 min
episode 599/1013  eps 0.010  train return   -7.76%  loss 2.78e-05  maxQ +0.0306  changes   256  9.2 min
episode 600/1013  eps 0.010  train return   -3.06%  loss 2.84e-05  maxQ +0.0307  changes   274  9.2 min | val return -21.45% (best +18.17%)
episode 601/1013  eps 0.010  train return   +2.80%  loss 2.81e-05  maxQ +0.0303  changes   230  9.2 min
episode 602/1013  eps 0.010  train return  +10.70%  loss 2.69e-05  maxQ +0.0301  changes   301  9.2 min
episode 603/1013  eps 0.010  train return   -8.16%  loss 2.69e-05  maxQ +0.0305  changes   258  9.2 min
episode 604/1013  eps 0.010  train return  -10.30%  loss 2.73e-05  maxQ +0.0309  changes   219  9.3 min
episode 605/1013  eps 0.010  train return   +0.09%  loss 2.64e-05  maxQ +0.0308  changes   220  9.3 min
episode 606/1013  eps 0.010  train return   +2.12%  loss 2.74e-05  maxQ +0.0313  changes   243  9.3 min
episode 607/1013  eps 0.010  train return  -11.77%  loss 2.75e-05  maxQ +0.0306  changes   188  9.3 min
episode 608/1013  eps 0.010  train return   -0.22%  loss 2.61e-05  maxQ +0.0302  changes   228  9.3 min
episode 609/1013  eps 0.010  train return   -2.58%  loss 2.58e-05  maxQ +0.0298  changes   153  9.3 min
episode 610/1013  eps 0.010  train return   +9.53%  loss 2.53e-05  maxQ +0.0300  changes   143  9.3 min | val return -1.20% (best +18.17%)
episode 611/1013  eps 0.010  train return  +10.66%  loss 2.54e-05  maxQ +0.0295  changes   213  9.4 min
episode 612/1013  eps 0.010  train return   +7.50%  loss 2.54e-05  maxQ +0.0294  changes   160  9.4 min
episode 613/1013  eps 0.010  train return  +15.62%  loss 2.75e-05  maxQ +0.0299  changes   179  9.4 min
episode 614/1013  eps 0.010  train return   +8.27%  loss 2.79e-05  maxQ +0.0297  changes   214  9.4 min
episode 615/1013  eps 0.010  train return  +25.68%  loss 2.62e-05  maxQ +0.0300  changes   141  9.4 min
episode 616/1013  eps 0.010  train return   +6.23%  loss 2.53e-05  maxQ +0.0300  changes   131  9.5 min
episode 617/1013  eps 0.010  train return   -7.06%  loss 2.75e-05  maxQ +0.0301  changes   162  9.5 min
episode 618/1013  eps 0.010  train return  -15.63%  loss 2.60e-05  maxQ +0.0298  changes   159  9.5 min
episode 619/1013  eps 0.010  train return   -7.14%  loss 2.74e-05  maxQ +0.0303  changes   139  9.5 min
episode 620/1013  eps 0.010  train return  +13.13%  loss 2.67e-05  maxQ +0.0302  changes   153  9.5 min | val return -2.78% (best +18.17%)
episode 621/1013  eps 0.010  train return   +9.09%  loss 2.72e-05  maxQ +0.0303  changes   184  9.5 min
episode 622/1013  eps 0.010  train return   -6.63%  loss 2.94e-05  maxQ +0.0303  changes   121  9.6 min
episode 623/1013  eps 0.010  train return   +1.46%  loss 2.66e-05  maxQ +0.0302  changes   120  9.6 min
episode 624/1013  eps 0.010  train return   -1.38%  loss 2.66e-05  maxQ +0.0300  changes   172  9.6 min
episode 625/1013  eps 0.010  train return  +51.70%  loss 2.67e-05  maxQ +0.0303  changes   127  9.6 min
episode 626/1013  eps 0.010  train return  +19.14%  loss 2.86e-05  maxQ +0.0305  changes   163  9.6 min
episode 627/1013  eps 0.010  train return  +13.74%  loss 2.60e-05  maxQ +0.0308  changes   107  9.6 min
episode 628/1013  eps 0.010  train return  -30.98%  loss 2.66e-05  maxQ +0.0306  changes   102  9.7 min
episode 629/1013  eps 0.010  train return   -3.55%  loss 2.85e-05  maxQ +0.0313  changes    94  9.7 min
episode 630/1013  eps 0.010  train return  +12.24%  loss 2.92e-05  maxQ +0.0311  changes   103  9.7 min | val return +0.65% (best +18.17%)
episode 631/1013  eps 0.010  train return   -3.16%  loss 2.76e-05  maxQ +0.0313  changes   161  9.7 min
episode 632/1013  eps 0.010  train return  +13.74%  loss 2.81e-05  maxQ +0.0309  changes    87  9.7 min
episode 633/1013  eps 0.010  train return  -19.91%  loss 2.83e-05  maxQ +0.0306  changes   122  9.7 min
episode 634/1013  eps 0.010  train return  +33.17%  loss 2.84e-05  maxQ +0.0305  changes   121  9.7 min
episode 635/1013  eps 0.010  train return  +32.57%  loss 3.07e-05  maxQ +0.0299  changes   137  9.7 min
episode 636/1013  eps 0.010  train return  -21.78%  loss 3.10e-05  maxQ +0.0295  changes   130  9.8 min
episode 637/1013  eps 0.010  train return  +27.80%  loss 3.00e-05  maxQ +0.0296  changes    88  9.8 min
episode 638/1013  eps 0.010  train return  +23.81%  loss 2.99e-05  maxQ +0.0295  changes   134  9.8 min
episode 639/1013  eps 0.010  train return   -1.93%  loss 2.91e-05  maxQ +0.0294  changes    86  9.8 min
episode 640/1013  eps 0.010  train return  +15.35%  loss 2.92e-05  maxQ +0.0294  changes    74  9.8 min | val return -2.20% (best +18.17%)
episode 641/1013  eps 0.010  train return   -7.50%  loss 2.98e-05  maxQ +0.0291  changes    69  9.8 min
episode 642/1013  eps 0.010  train return  -14.02%  loss 3.11e-05  maxQ +0.0289  changes   114  9.8 min
episode 643/1013  eps 0.010  train return   +0.89%  loss 3.08e-05  maxQ +0.0292  changes   142  9.8 min
episode 644/1013  eps 0.010  train return   +9.82%  loss 3.17e-05  maxQ +0.0297  changes    84  9.8 min
episode 645/1013  eps 0.010  train return   -5.64%  loss 3.26e-05  maxQ +0.0295  changes    72  9.9 min
episode 646/1013  eps 0.010  train return  -17.68%  loss 3.26e-05  maxQ +0.0297  changes    72  9.9 min
episode 647/1013  eps 0.010  train return  +55.89%  loss 3.20e-05  maxQ +0.0295  changes    74  9.9 min
episode 648/1013  eps 0.010  train return  +14.68%  loss 3.28e-05  maxQ +0.0292  changes    67  9.9 min
episode 649/1013  eps 0.010  train return  -18.29%  loss 3.49e-05  maxQ +0.0288  changes    51  9.9 min
episode 650/1013  eps 0.010  train return  +21.41%  loss 3.34e-05  maxQ +0.0294  changes    43  9.9 min | val return +4.48% (best +18.17%)
episode 651/1013  eps 0.010  train return  +17.69%  loss 3.47e-05  maxQ +0.0287  changes    68  9.9 min
episode 652/1013  eps 0.010  train return   +6.00%  loss 3.43e-05  maxQ +0.0293  changes   101  10.0 min
episode 653/1013  eps 0.010  train return  +11.93%  loss 3.30e-05  maxQ +0.0285  changes   112  10.0 min
episode 654/1013  eps 0.010  train return  +16.51%  loss 3.59e-05  maxQ +0.0289  changes    98  10.0 min
episode 655/1013  eps 0.010  train return   +0.29%  loss 3.56e-05  maxQ +0.0286  changes   117  10.0 min
episode 656/1013  eps 0.010  train return  +11.84%  loss 3.46e-05  maxQ +0.0290  changes    63  10.0 min
episode 657/1013  eps 0.010  train return   -8.61%  loss 3.55e-05  maxQ +0.0291  changes   142  10.0 min
episode 658/1013  eps 0.010  train return   -6.92%  loss 3.49e-05  maxQ +0.0292  changes   119  10.0 min
episode 659/1013  eps 0.010  train return   +5.90%  loss 3.52e-05  maxQ +0.0287  changes    74  10.0 min
episode 660/1013  eps 0.010  train return  +51.90%  loss 3.70e-05  maxQ +0.0292  changes    56  10.0 min | val return +6.90% (best +18.17%)
episode 661/1013  eps 0.010  train return  -21.35%  loss 3.53e-05  maxQ +0.0289  changes    87  10.1 min
episode 662/1013  eps 0.010  train return  -15.28%  loss 3.71e-05  maxQ +0.0292  changes    79  10.1 min
episode 663/1013  eps 0.010  train return  +13.04%  loss 3.60e-05  maxQ +0.0289  changes   104  10.1 min
episode 664/1013  eps 0.010  train return   -7.02%  loss 3.98e-05  maxQ +0.0287  changes   100  10.1 min
episode 665/1013  eps 0.010  train return  -11.11%  loss 3.70e-05  maxQ +0.0297  changes    34  10.1 min
episode 666/1013  eps 0.010  train return   -4.44%  loss 3.77e-05  maxQ +0.0303  changes   126  10.1 min
episode 667/1013  eps 0.010  train return  -19.79%  loss 3.77e-05  maxQ +0.0306  changes    71  10.1 min
episode 668/1013  eps 0.010  train return  -13.09%  loss 3.87e-05  maxQ +0.0304  changes   103  10.1 min
episode 669/1013  eps 0.010  train return   -3.27%  loss 3.91e-05  maxQ +0.0302  changes   132  10.2 min
episode 670/1013  eps 0.010  train return  +14.57%  loss 3.71e-05  maxQ +0.0302  changes   105  10.2 min | val return -12.30% (best +18.17%)
episode 671/1013  eps 0.010  train return   -6.18%  loss 3.75e-05  maxQ +0.0295  changes    89  10.2 min
episode 672/1013  eps 0.010  train return  -34.32%  loss 3.92e-05  maxQ +0.0296  changes    82  10.2 min
episode 673/1013  eps 0.010  train return  +24.96%  loss 4.00e-05  maxQ +0.0298  changes    90  10.2 min
episode 674/1013  eps 0.010  train return   -6.01%  loss 4.07e-05  maxQ +0.0298  changes    58  10.2 min
episode 675/1013  eps 0.010  train return   +2.94%  loss 4.07e-05  maxQ +0.0300  changes   137  10.2 min
episode 676/1013  eps 0.010  train return   -3.04%  loss 4.08e-05  maxQ +0.0298  changes   156  10.3 min
episode 677/1013  eps 0.010  train return   -2.85%  loss 4.10e-05  maxQ +0.0299  changes    93  10.3 min
episode 678/1013  eps 0.010  train return   +8.07%  loss 4.01e-05  maxQ +0.0301  changes    87  10.3 min
episode 679/1013  eps 0.010  train return   +5.37%  loss 4.00e-05  maxQ +0.0295  changes   128  10.3 min
episode 680/1013  eps 0.010  train return  -23.82%  loss 4.16e-05  maxQ +0.0298  changes    88  10.3 min | val return +2.55% (best +18.17%)
episode 681/1013  eps 0.010  train return   +7.83%  loss 4.02e-05  maxQ +0.0294  changes    93  10.3 min
episode 682/1013  eps 0.010  train return   +7.24%  loss 3.99e-05  maxQ +0.0293  changes   126  10.3 min
episode 683/1013  eps 0.010  train return  +17.95%  loss 3.99e-05  maxQ +0.0290  changes   104  10.4 min
episode 684/1013  eps 0.010  train return   +3.70%  loss 3.94e-05  maxQ +0.0293  changes    65  10.4 min
episode 685/1013  eps 0.010  train return   +2.31%  loss 3.88e-05  maxQ +0.0294  changes    83  10.4 min
episode 686/1013  eps 0.010  train return  -10.24%  loss 4.04e-05  maxQ +0.0299  changes   165  10.4 min
episode 687/1013  eps 0.010  train return  -10.23%  loss 4.02e-05  maxQ +0.0299  changes   187  10.4 min
episode 688/1013  eps 0.010  train return  +34.87%  loss 4.10e-05  maxQ +0.0299  changes   187  10.4 min
episode 689/1013  eps 0.010  train return  +13.60%  loss 4.06e-05  maxQ +0.0301  changes   103  10.4 min
episode 690/1013  eps 0.010  train return  -21.85%  loss 4.39e-05  maxQ +0.0299  changes    96  10.4 min | val return +5.75% (best +18.17%)
episode 691/1013  eps 0.010  train return   +2.27%  loss 3.99e-05  maxQ +0.0305  changes    95  10.5 min
episode 692/1013  eps 0.010  train return  +32.41%  loss 4.14e-05  maxQ +0.0304  changes    88  10.5 min
episode 693/1013  eps 0.010  train return   +0.38%  loss 4.14e-05  maxQ +0.0305  changes   137  10.5 min
episode 694/1013  eps 0.010  train return   -6.23%  loss 4.05e-05  maxQ +0.0300  changes   197  10.5 min
episode 695/1013  eps 0.010  train return   +1.27%  loss 3.97e-05  maxQ +0.0304  changes   158  10.5 min
episode 696/1013  eps 0.010  train return   -7.36%  loss 4.09e-05  maxQ +0.0300  changes   108  10.5 min
episode 697/1013  eps 0.010  train return  -11.38%  loss 4.15e-05  maxQ +0.0300  changes   259  10.5 min
episode 698/1013  eps 0.010  train return   +6.32%  loss 4.01e-05  maxQ +0.0299  changes   124  10.5 min
episode 699/1013  eps 0.010  train return   +5.59%  loss 3.67e-05  maxQ +0.0299  changes    87  10.5 min
episode 700/1013  eps 0.010  train return   +9.83%  loss 3.95e-05  maxQ +0.0301  changes   142  10.6 min | val return +1.80% (best +18.17%)
episode 701/1013  eps 0.010  train return   -1.98%  loss 3.99e-05  maxQ +0.0302  changes   146  10.6 min
episode 702/1013  eps 0.010  train return  +12.92%  loss 3.70e-05  maxQ +0.0307  changes   167  10.6 min
episode 703/1013  eps 0.010  train return  +37.57%  loss 3.89e-05  maxQ +0.0314  changes   176  10.6 min
episode 704/1013  eps 0.010  train return   -5.53%  loss 3.69e-05  maxQ +0.0309  changes   247  10.6 min
episode 705/1013  eps 0.010  train return   -5.95%  loss 3.44e-05  maxQ +0.0305  changes    90  10.6 min
episode 706/1013  eps 0.010  train return  +41.84%  loss 3.36e-05  maxQ +0.0311  changes    75  10.6 min
episode 707/1013  eps 0.010  train return  +17.22%  loss 3.73e-05  maxQ +0.0313  changes   126  10.6 min
episode 708/1013  eps 0.010  train return   +1.07%  loss 3.42e-05  maxQ +0.0314  changes    89  10.6 min
episode 709/1013  eps 0.010  train return  -17.37%  loss 3.35e-05  maxQ +0.0311  changes   129  10.7 min
episode 710/1013  eps 0.010  train return   +3.99%  loss 3.31e-05  maxQ +0.0316  changes   188  10.7 min | val return +5.98% (best +18.17%)
episode 711/1013  eps 0.010  train return  -16.16%  loss 3.07e-05  maxQ +0.0317  changes   152  10.7 min
episode 712/1013  eps 0.010  train return  +36.02%  loss 3.33e-05  maxQ +0.0319  changes   127  10.7 min
episode 713/1013  eps 0.010  train return   +6.84%  loss 3.35e-05  maxQ +0.0317  changes   165  10.7 min
episode 714/1013  eps 0.010  train return   +9.44%  loss 3.24e-05  maxQ +0.0316  changes    94  10.7 min
episode 715/1013  eps 0.010  train return   -2.38%  loss 3.47e-05  maxQ +0.0314  changes   135  10.7 min
episode 716/1013  eps 0.010  train return   -6.29%  loss 3.48e-05  maxQ +0.0311  changes    74  10.7 min
episode 717/1013  eps 0.010  train return   +0.93%  loss 3.20e-05  maxQ +0.0311  changes   138  10.7 min
episode 718/1013  eps 0.010  train return   +8.71%  loss 3.37e-05  maxQ +0.0314  changes   100  10.8 min
episode 719/1013  eps 0.010  train return  -22.89%  loss 3.09e-05  maxQ +0.0313  changes    74  10.8 min
episode 720/1013  eps 0.010  train return  -14.24%  loss 3.14e-05  maxQ +0.0309  changes   182  10.8 min | val return -10.92% (best +18.17%)
episode 721/1013  eps 0.010  train return  +16.91%  loss 3.20e-05  maxQ +0.0307  changes   149  10.8 min
episode 722/1013  eps 0.010  train return   -1.03%  loss 3.01e-05  maxQ +0.0305  changes   102  10.8 min
episode 723/1013  eps 0.010  train return   +9.87%  loss 2.98e-05  maxQ +0.0308  changes   168  10.8 min
episode 724/1013  eps 0.010  train return   +6.62%  loss 2.86e-05  maxQ +0.0306  changes   156  10.8 min
episode 725/1013  eps 0.010  train return  +15.14%  loss 2.90e-05  maxQ +0.0307  changes   110  10.8 min
episode 726/1013  eps 0.010  train return   -6.16%  loss 2.98e-05  maxQ +0.0310  changes   162  10.9 min
episode 727/1013  eps 0.010  train return   -7.75%  loss 2.81e-05  maxQ +0.0307  changes   102  10.9 min
episode 728/1013  eps 0.010  train return  -10.07%  loss 2.98e-05  maxQ +0.0308  changes   107  10.9 min
episode 729/1013  eps 0.010  train return  +25.29%  loss 2.94e-05  maxQ +0.0303  changes   156  10.9 min
episode 730/1013  eps 0.010  train return   +8.89%  loss 2.86e-05  maxQ +0.0303  changes    90  10.9 min | val return +1.44% (best +18.17%)
episode 731/1013  eps 0.010  train return   -4.67%  loss 2.85e-05  maxQ +0.0303  changes   127  10.9 min
episode 732/1013  eps 0.010  train return  -16.68%  loss 2.99e-05  maxQ +0.0303  changes   143  10.9 min
episode 733/1013  eps 0.010  train return   -0.54%  loss 2.77e-05  maxQ +0.0302  changes    80  10.9 min
episode 734/1013  eps 0.010  train return   -4.11%  loss 2.77e-05  maxQ +0.0296  changes    67  11.0 min
episode 735/1013  eps 0.010  train return  -15.48%  loss 2.90e-05  maxQ +0.0294  changes   198  11.0 min
episode 736/1013  eps 0.010  train return   +4.16%  loss 2.75e-05  maxQ +0.0291  changes   112  11.0 min
episode 737/1013  eps 0.010  train return  -13.89%  loss 2.72e-05  maxQ +0.0297  changes   101  11.0 min
episode 738/1013  eps 0.010  train return  +24.74%  loss 2.62e-05  maxQ +0.0297  changes   120  11.0 min
episode 739/1013  eps 0.010  train return  -15.47%  loss 2.47e-05  maxQ +0.0301  changes   132  11.0 min
episode 740/1013  eps 0.010  train return   +6.32%  loss 2.55e-05  maxQ +0.0298  changes    74  11.0 min | val return +5.22% (best +18.17%)
episode 741/1013  eps 0.010  train return  +11.31%  loss 2.62e-05  maxQ +0.0303  changes    69  11.0 min
episode 742/1013  eps 0.010  train return   +0.84%  loss 2.43e-05  maxQ +0.0298  changes    94  11.0 min
episode 743/1013  eps 0.010  train return  +12.73%  loss 2.40e-05  maxQ +0.0291  changes    91  11.1 min
episode 744/1013  eps 0.010  train return  -12.89%  loss 2.44e-05  maxQ +0.0298  changes   166  11.1 min
episode 745/1013  eps 0.010  train return   -4.37%  loss 2.46e-05  maxQ +0.0290  changes   137  11.1 min
episode 746/1013  eps 0.010  train return   -7.24%  loss 2.55e-05  maxQ +0.0294  changes   105  11.1 min
episode 747/1013  eps 0.010  train return  +14.37%  loss 2.46e-05  maxQ +0.0290  changes    81  11.1 min
episode 748/1013  eps 0.010  train return  -12.98%  loss 2.45e-05  maxQ +0.0290  changes    76  11.1 min
episode 749/1013  eps 0.010  train return   -2.85%  loss 2.51e-05  maxQ +0.0296  changes    77  11.1 min
episode 750/1013  eps 0.010  train return   -7.79%  loss 2.51e-05  maxQ +0.0300  changes    75  11.1 min | val return -2.88% (best +18.17%)
episode 751/1013  eps 0.010  train return   -9.79%  loss 2.59e-05  maxQ +0.0294  changes    78  11.1 min
episode 752/1013  eps 0.010  train return   -5.82%  loss 2.46e-05  maxQ +0.0293  changes   102  11.2 min
episode 753/1013  eps 0.010  train return   -1.17%  loss 2.45e-05  maxQ +0.0296  changes   152  11.2 min
episode 754/1013  eps 0.010  train return   +6.99%  loss 2.49e-05  maxQ +0.0295  changes    88  11.2 min
episode 755/1013  eps 0.010  train return   -0.81%  loss 2.42e-05  maxQ +0.0289  changes   108  11.2 min
episode 756/1013  eps 0.010  train return   +0.68%  loss 2.41e-05  maxQ +0.0283  changes    62  11.2 min
episode 757/1013  eps 0.010  train return  -10.24%  loss 2.43e-05  maxQ +0.0284  changes   102  11.2 min
episode 758/1013  eps 0.010  train return   +6.53%  loss 2.40e-05  maxQ +0.0282  changes    96  11.2 min
episode 759/1013  eps 0.010  train return  +10.17%  loss 2.52e-05  maxQ +0.0283  changes   105  11.2 min
episode 760/1013  eps 0.010  train return  +23.96%  loss 2.44e-05  maxQ +0.0278  changes   114  11.2 min | val return -4.30% (best +18.17%)
episode 761/1013  eps 0.010  train return   -5.25%  loss 2.48e-05  maxQ +0.0277  changes   107  11.3 min
episode 762/1013  eps 0.010  train return   -7.13%  loss 2.29e-05  maxQ +0.0278  changes   142  11.3 min
episode 763/1013  eps 0.010  train return   -2.90%  loss 2.36e-05  maxQ +0.0278  changes   147  11.3 min
episode 764/1013  eps 0.010  train return   +4.43%  loss 2.35e-05  maxQ +0.0273  changes    79  11.3 min
episode 765/1013  eps 0.010  train return   -9.21%  loss 2.29e-05  maxQ +0.0279  changes    97  11.3 min
episode 766/1013  eps 0.010  train return   -9.10%  loss 2.39e-05  maxQ +0.0280  changes   130  11.3 min
episode 767/1013  eps 0.010  train return   -3.60%  loss 2.35e-05  maxQ +0.0283  changes    89  11.3 min
episode 768/1013  eps 0.010  train return   +8.30%  loss 2.42e-05  maxQ +0.0289  changes   102  11.3 min
episode 769/1013  eps 0.010  train return  +20.95%  loss 2.37e-05  maxQ +0.0286  changes    99  11.3 min
episode 770/1013  eps 0.010  train return   -2.36%  loss 2.53e-05  maxQ +0.0288  changes    91  11.3 min | val return -3.36% (best +18.17%)
episode 771/1013  eps 0.010  train return  +18.34%  loss 2.56e-05  maxQ +0.0288  changes    93  11.4 min
episode 772/1013  eps 0.010  train return   +0.70%  loss 2.69e-05  maxQ +0.0290  changes   114  11.4 min
episode 773/1013  eps 0.010  train return  -16.26%  loss 2.65e-05  maxQ +0.0291  changes    93  11.4 min
episode 774/1013  eps 0.010  train return  +29.98%  loss 2.55e-05  maxQ +0.0289  changes    86  11.4 min
episode 775/1013  eps 0.010  train return   -6.50%  loss 2.74e-05  maxQ +0.0287  changes    90  11.4 min
episode 776/1013  eps 0.010  train return  +25.62%  loss 2.55e-05  maxQ +0.0288  changes    93  11.4 min
episode 777/1013  eps 0.010  train return   +6.08%  loss 2.54e-05  maxQ +0.0291  changes   115  11.4 min
episode 778/1013  eps 0.010  train return   +2.59%  loss 2.58e-05  maxQ +0.0288  changes   122  11.4 min
episode 779/1013  eps 0.010  train return   -6.54%  loss 2.57e-05  maxQ +0.0292  changes    67  11.5 min
episode 780/1013  eps 0.010  train return   -6.41%  loss 2.53e-05  maxQ +0.0287  changes    87  11.5 min | val return -1.66% (best +18.17%)
episode 781/1013  eps 0.010  train return   -7.95%  loss 2.52e-05  maxQ +0.0285  changes   140  11.5 min
episode 782/1013  eps 0.010  train return   +9.93%  loss 2.49e-05  maxQ +0.0284  changes   136  11.5 min
episode 783/1013  eps 0.010  train return  +14.28%  loss 2.36e-05  maxQ +0.0279  changes   140  11.5 min
episode 784/1013  eps 0.010  train return   +8.98%  loss 2.41e-05  maxQ +0.0274  changes   106  11.5 min
episode 785/1013  eps 0.010  train return   -6.74%  loss 2.49e-05  maxQ +0.0273  changes   118  11.5 min
episode 786/1013  eps 0.010  train return   -4.08%  loss 2.32e-05  maxQ +0.0285  changes   115  11.5 min
episode 787/1013  eps 0.010  train return   +8.65%  loss 2.54e-05  maxQ +0.0282  changes   107  11.5 min
episode 788/1013  eps 0.010  train return   +6.11%  loss 2.41e-05  maxQ +0.0282  changes    96  11.6 min
episode 789/1013  eps 0.010  train return   +7.20%  loss 2.31e-05  maxQ +0.0287  changes    99  11.6 min
episode 790/1013  eps 0.010  train return   -2.67%  loss 2.41e-05  maxQ +0.0291  changes    95  11.6 min | val return -9.34% (best +18.17%)
episode 791/1013  eps 0.010  train return   -6.86%  loss 2.39e-05  maxQ +0.0296  changes   110  11.6 min
episode 792/1013  eps 0.010  train return  -10.94%  loss 2.39e-05  maxQ +0.0297  changes    94  11.6 min
episode 793/1013  eps 0.010  train return   +5.07%  loss 2.35e-05  maxQ +0.0299  changes    86  11.6 min
episode 794/1013  eps 0.010  train return   +9.77%  loss 2.41e-05  maxQ +0.0297  changes    88  11.6 min
episode 795/1013  eps 0.010  train return   +6.29%  loss 2.46e-05  maxQ +0.0302  changes    83  11.6 min
episode 796/1013  eps 0.010  train return  +13.49%  loss 2.31e-05  maxQ +0.0301  changes   127  11.6 min
episode 797/1013  eps 0.010  train return   +3.26%  loss 2.46e-05  maxQ +0.0302  changes   103  11.7 min
episode 798/1013  eps 0.010  train return  +11.20%  loss 2.50e-05  maxQ +0.0303  changes    67  11.7 min
episode 799/1013  eps 0.010  train return  -30.12%  loss 2.52e-05  maxQ +0.0300  changes    86  11.7 min
episode 800/1013  eps 0.010  train return  +26.98%  loss 2.68e-05  maxQ +0.0300  changes   104  11.7 min | val return -5.14% (best +18.17%)
episode 801/1013  eps 0.010  train return   -0.20%  loss 2.79e-05  maxQ +0.0295  changes   115  11.7 min
episode 802/1013  eps 0.010  train return   -9.66%  loss 2.64e-05  maxQ +0.0295  changes    92  11.7 min
episode 803/1013  eps 0.010  train return   -6.01%  loss 2.69e-05  maxQ +0.0297  changes   114  11.7 min
episode 804/1013  eps 0.010  train return   +9.66%  loss 2.61e-05  maxQ +0.0294  changes   105  11.7 min
episode 805/1013  eps 0.010  train return  -13.64%  loss 2.60e-05  maxQ +0.0296  changes   134  11.7 min
episode 806/1013  eps 0.010  train return  +13.63%  loss 2.63e-05  maxQ +0.0298  changes   113  11.8 min
episode 807/1013  eps 0.010  train return  +14.86%  loss 2.77e-05  maxQ +0.0298  changes   119  11.8 min
episode 808/1013  eps 0.010  train return   -6.16%  loss 2.65e-05  maxQ +0.0303  changes   143  11.8 min
episode 809/1013  eps 0.010  train return  +14.71%  loss 2.63e-05  maxQ +0.0303  changes    86  11.8 min
episode 810/1013  eps 0.010  train return   +1.55%  loss 2.62e-05  maxQ +0.0309  changes   124  11.8 min | val return -5.62% (best +18.17%)
episode 811/1013  eps 0.010  train return  +14.22%  loss 2.75e-05  maxQ +0.0307  changes   114  11.8 min
episode 812/1013  eps 0.010  train return  -13.06%  loss 2.78e-05  maxQ +0.0309  changes    87  11.8 min
episode 813/1013  eps 0.010  train return   +1.00%  loss 2.71e-05  maxQ +0.0311  changes    85  11.8 min
episode 814/1013  eps 0.010  train return   +9.67%  loss 2.63e-05  maxQ +0.0316  changes   109  11.9 min
episode 815/1013  eps 0.010  train return   +7.47%  loss 2.59e-05  maxQ +0.0316  changes    67  11.9 min
episode 816/1013  eps 0.010  train return  +15.74%  loss 2.76e-05  maxQ +0.0316  changes   113  11.9 min
episode 817/1013  eps 0.010  train return  -11.23%  loss 2.77e-05  maxQ +0.0317  changes    90  11.9 min
episode 818/1013  eps 0.010  train return   -6.63%  loss 2.74e-05  maxQ +0.0312  changes   116  11.9 min
episode 819/1013  eps 0.010  train return  +24.31%  loss 2.77e-05  maxQ +0.0307  changes   110  11.9 min
episode 820/1013  eps 0.010  train return  +10.36%  loss 2.91e-05  maxQ +0.0310  changes   163  11.9 min | val return -5.12% (best +18.17%)
episode 821/1013  eps 0.010  train return  +63.58%  loss 2.65e-05  maxQ +0.0314  changes   122  11.9 min
episode 822/1013  eps 0.010  train return  -30.40%  loss 2.73e-05  maxQ +0.0314  changes   125  11.9 min
episode 823/1013  eps 0.010  train return  +27.06%  loss 2.87e-05  maxQ +0.0314  changes    77  12.0 min
episode 824/1013  eps 0.010  train return   +5.57%  loss 2.75e-05  maxQ +0.0317  changes    85  12.0 min
episode 825/1013  eps 0.010  train return   -0.53%  loss 2.79e-05  maxQ +0.0315  changes    99  12.0 min
episode 826/1013  eps 0.010  train return  -13.47%  loss 2.93e-05  maxQ +0.0316  changes   103  12.0 min
episode 827/1013  eps 0.010  train return   +5.44%  loss 2.98e-05  maxQ +0.0317  changes    75  12.0 min
episode 828/1013  eps 0.010  train return  +13.06%  loss 3.47e-05  maxQ +0.0325  changes    54  12.0 min
episode 829/1013  eps 0.010  train return   -7.01%  loss 3.13e-05  maxQ +0.0329  changes    80  12.0 min
episode 830/1013  eps 0.010  train return  +25.46%  loss 3.11e-05  maxQ +0.0326  changes   101  12.0 min | val return -1.70% (best +18.17%)
episode 831/1013  eps 0.010  train return  +32.88%  loss 3.08e-05  maxQ +0.0325  changes    90  12.1 min
episode 832/1013  eps 0.010  train return   -0.48%  loss 3.19e-05  maxQ +0.0326  changes    79  12.1 min
episode 833/1013  eps 0.010  train return  +18.49%  loss 3.34e-05  maxQ +0.0329  changes    96  12.1 min
episode 834/1013  eps 0.010  train return   -5.62%  loss 3.16e-05  maxQ +0.0332  changes    90  12.1 min
episode 835/1013  eps 0.010  train return  +12.80%  loss 3.08e-05  maxQ +0.0331  changes    95  12.1 min
episode 836/1013  eps 0.010  train return  +18.16%  loss 3.08e-05  maxQ +0.0331  changes   115  12.1 min
episode 837/1013  eps 0.010  train return   -8.82%  loss 2.98e-05  maxQ +0.0333  changes   110  12.1 min
episode 838/1013  eps 0.010  train return   -5.31%  loss 3.08e-05  maxQ +0.0332  changes   100  12.1 min
episode 839/1013  eps 0.010  train return  +13.66%  loss 2.85e-05  maxQ +0.0330  changes   119  12.1 min
episode 840/1013  eps 0.010  train return  +46.21%  loss 2.98e-05  maxQ +0.0328  changes    99  12.2 min | val return -6.67% (best +18.17%)
episode 841/1013  eps 0.010  train return  -15.25%  loss 2.82e-05  maxQ +0.0327  changes   141  12.2 min
episode 842/1013  eps 0.010  train return   -5.38%  loss 3.17e-05  maxQ +0.0333  changes   134  12.2 min
episode 843/1013  eps 0.010  train return  +10.39%  loss 3.12e-05  maxQ +0.0336  changes   118  12.2 min
episode 844/1013  eps 0.010  train return  +28.74%  loss 3.28e-05  maxQ +0.0326  changes    94  12.2 min
episode 845/1013  eps 0.010  train return  +15.35%  loss 3.02e-05  maxQ +0.0340  changes    79  12.2 min
episode 846/1013  eps 0.010  train return  +23.02%  loss 2.92e-05  maxQ +0.0341  changes    62  12.2 min
episode 847/1013  eps 0.010  train return  +22.39%  loss 2.98e-05  maxQ +0.0345  changes    88  12.2 min
episode 848/1013  eps 0.010  train return   -1.83%  loss 3.11e-05  maxQ +0.0339  changes   115  12.3 min
episode 849/1013  eps 0.010  train return  +16.91%  loss 3.06e-05  maxQ +0.0342  changes   108  12.3 min
episode 850/1013  eps 0.010  train return  +35.88%  loss 3.07e-05  maxQ +0.0338  changes   109  12.3 min | val return +1.16% (best +18.17%)
episode 851/1013  eps 0.010  train return   +2.23%  loss 3.15e-05  maxQ +0.0342  changes    87  12.3 min
episode 852/1013  eps 0.010  train return   -6.04%  loss 3.20e-05  maxQ +0.0347  changes   129  12.3 min
episode 853/1013  eps 0.010  train return  +13.32%  loss 3.21e-05  maxQ +0.0350  changes   118  12.3 min
episode 854/1013  eps 0.010  train return   +5.09%  loss 3.27e-05  maxQ +0.0351  changes   122  12.3 min
episode 855/1013  eps 0.010  train return   -5.02%  loss 3.17e-05  maxQ +0.0352  changes    86  12.3 min
episode 856/1013  eps 0.010  train return   -9.47%  loss 3.17e-05  maxQ +0.0354  changes   113  12.3 min
episode 857/1013  eps 0.010  train return   -9.04%  loss 2.97e-05  maxQ +0.0360  changes    59  12.4 min
episode 858/1013  eps 0.010  train return   +1.16%  loss 3.05e-05  maxQ +0.0360  changes   103  12.4 min
episode 859/1013  eps 0.010  train return  +23.49%  loss 3.06e-05  maxQ +0.0352  changes    88  12.4 min
episode 860/1013  eps 0.010  train return  -22.95%  loss 3.17e-05  maxQ +0.0351  changes    80  12.4 min | val return +10.36% (best +18.17%)
episode 861/1013  eps 0.010  train return  +23.94%  loss 3.10e-05  maxQ +0.0345  changes   109  12.4 min
episode 862/1013  eps 0.010  train return   +0.02%  loss 3.21e-05  maxQ +0.0342  changes   111  12.4 min
episode 863/1013  eps 0.010  train return   +6.80%  loss 3.15e-05  maxQ +0.0343  changes    64  12.4 min
episode 864/1013  eps 0.010  train return   -9.64%  loss 3.36e-05  maxQ +0.0344  changes    94  12.4 min
episode 865/1013  eps 0.010  train return   -1.13%  loss 3.26e-05  maxQ +0.0341  changes   106  12.4 min
episode 866/1013  eps 0.010  train return   -6.01%  loss 3.06e-05  maxQ +0.0342  changes    93  12.5 min
episode 867/1013  eps 0.010  train return  +37.26%  loss 3.28e-05  maxQ +0.0340  changes    91  12.5 min
episode 868/1013  eps 0.010  train return  +11.75%  loss 3.36e-05  maxQ +0.0343  changes   100  12.5 min
episode 869/1013  eps 0.010  train return  +10.56%  loss 3.18e-05  maxQ +0.0343  changes    66  12.5 min
episode 870/1013  eps 0.010  train return   -0.50%  loss 3.35e-05  maxQ +0.0342  changes   109  12.5 min | val return -1.52% (best +18.17%)
episode 871/1013  eps 0.010  train return   +1.72%  loss 3.26e-05  maxQ +0.0339  changes   123  12.5 min
episode 872/1013  eps 0.010  train return   +5.33%  loss 3.11e-05  maxQ +0.0347  changes    93  12.5 min
episode 873/1013  eps 0.010  train return   +1.33%  loss 3.16e-05  maxQ +0.0346  changes   132  12.5 min
episode 874/1013  eps 0.010  train return   -1.61%  loss 3.08e-05  maxQ +0.0347  changes   122  12.5 min
episode 875/1013  eps 0.010  train return  +69.08%  loss 3.15e-05  maxQ +0.0340  changes   128  12.6 min
episode 876/1013  eps 0.010  train return   -2.19%  loss 3.26e-05  maxQ +0.0343  changes    94  12.6 min
episode 877/1013  eps 0.010  train return  +53.55%  loss 3.26e-05  maxQ +0.0340  changes   117  12.6 min
episode 878/1013  eps 0.010  train return   -3.40%  loss 3.27e-05  maxQ +0.0336  changes   103  12.6 min
episode 879/1013  eps 0.010  train return  +33.12%  loss 3.13e-05  maxQ +0.0342  changes   113  12.6 min
episode 880/1013  eps 0.010  train return   +3.45%  loss 3.17e-05  maxQ +0.0338  changes    85  12.6 min | val return -12.66% (best +18.17%)
episode 881/1013  eps 0.010  train return  -19.78%  loss 3.16e-05  maxQ +0.0344  changes    65  12.6 min
episode 882/1013  eps 0.010  train return  +19.09%  loss 3.21e-05  maxQ +0.0344  changes    86  12.6 min
episode 883/1013  eps 0.010  train return   +0.92%  loss 3.11e-05  maxQ +0.0340  changes    69  12.6 min
episode 884/1013  eps 0.010  train return   -5.39%  loss 3.16e-05  maxQ +0.0338  changes   103  12.7 min
episode 885/1013  eps 0.010  train return  +16.60%  loss 3.19e-05  maxQ +0.0338  changes    81  12.7 min
episode 886/1013  eps 0.010  train return  +19.59%  loss 3.16e-05  maxQ +0.0345  changes    69  12.7 min
episode 887/1013  eps 0.010  train return   +7.48%  loss 3.02e-05  maxQ +0.0340  changes    84  12.7 min
episode 888/1013  eps 0.010  train return   +5.48%  loss 3.12e-05  maxQ +0.0338  changes    85  12.7 min
episode 889/1013  eps 0.010  train return   +7.66%  loss 3.13e-05  maxQ +0.0337  changes   105  12.7 min
episode 890/1013  eps 0.010  train return   -1.31%  loss 3.13e-05  maxQ +0.0332  changes    59  12.7 min | val return -6.69% (best +18.17%)
episode 891/1013  eps 0.010  train return  +63.58%  loss 3.03e-05  maxQ +0.0330  changes   101  12.7 min
episode 892/1013  eps 0.010  train return  +17.13%  loss 3.40e-05  maxQ +0.0332  changes   100  12.8 min
episode 893/1013  eps 0.010  train return  +15.41%  loss 3.10e-05  maxQ +0.0331  changes    69  12.8 min
episode 894/1013  eps 0.010  train return  -20.03%  loss 3.18e-05  maxQ +0.0339  changes    62  12.8 min
episode 895/1013  eps 0.010  train return   +9.92%  loss 3.09e-05  maxQ +0.0336  changes   105  12.8 min
episode 896/1013  eps 0.010  train return   +4.68%  loss 3.19e-05  maxQ +0.0338  changes    94  12.8 min
episode 897/1013  eps 0.010  train return  +12.40%  loss 2.97e-05  maxQ +0.0330  changes    65  12.8 min
episode 898/1013  eps 0.010  train return  -33.25%  loss 3.07e-05  maxQ +0.0329  changes    70  12.8 min
episode 899/1013  eps 0.010  train return  -10.33%  loss 2.99e-05  maxQ +0.0327  changes   145  12.8 min
episode 900/1013  eps 0.010  train return   -2.92%  loss 3.11e-05  maxQ +0.0330  changes   129  12.8 min | val return +5.51% (best +18.17%)
episode 901/1013  eps 0.010  train return   +0.60%  loss 3.00e-05  maxQ +0.0324  changes    97  12.9 min
episode 902/1013  eps 0.010  train return   -6.94%  loss 3.00e-05  maxQ +0.0335  changes    90  12.9 min
episode 903/1013  eps 0.010  train return  +19.84%  loss 3.02e-05  maxQ +0.0330  changes    94  12.9 min
episode 904/1013  eps 0.010  train return  -11.11%  loss 2.91e-05  maxQ +0.0338  changes   106  12.9 min
episode 905/1013  eps 0.010  train return  -20.92%  loss 2.94e-05  maxQ +0.0338  changes    85  12.9 min
episode 906/1013  eps 0.010  train return   +0.98%  loss 3.00e-05  maxQ +0.0340  changes    91  12.9 min
episode 907/1013  eps 0.010  train return  +17.33%  loss 2.86e-05  maxQ +0.0344  changes   103  12.9 min
episode 908/1013  eps 0.010  train return   -4.51%  loss 3.19e-05  maxQ +0.0344  changes   129  12.9 min
episode 909/1013  eps 0.010  train return  +22.32%  loss 3.09e-05  maxQ +0.0339  changes   114  12.9 min
episode 910/1013  eps 0.010  train return  +17.97%  loss 2.98e-05  maxQ +0.0347  changes   122  13.0 min | val return +4.48% (best +18.17%)
episode 911/1013  eps 0.010  train return  -12.69%  loss 2.99e-05  maxQ +0.0342  changes    80  13.0 min
episode 912/1013  eps 0.010  train return  +12.32%  loss 2.96e-05  maxQ +0.0341  changes   167  13.0 min
episode 913/1013  eps 0.010  train return  -33.01%  loss 2.86e-05  maxQ +0.0338  changes   116  13.0 min
episode 914/1013  eps 0.010  train return   -9.77%  loss 2.86e-05  maxQ +0.0336  changes    94  13.0 min
episode 915/1013  eps 0.010  train return   +8.43%  loss 2.95e-05  maxQ +0.0331  changes   106  13.0 min
episode 916/1013  eps 0.010  train return  -24.39%  loss 2.92e-05  maxQ +0.0333  changes   113  13.0 min
episode 917/1013  eps 0.010  train return   +1.43%  loss 2.93e-05  maxQ +0.0331  changes    93  13.0 min
episode 918/1013  eps 0.010  train return   +9.67%  loss 2.97e-05  maxQ +0.0337  changes   133  13.1 min
episode 919/1013  eps 0.010  train return   +1.79%  loss 2.97e-05  maxQ +0.0334  changes   113  13.1 min
episode 920/1013  eps 0.010  train return   +1.79%  loss 2.92e-05  maxQ +0.0338  changes   267  13.1 min | val return -5.13% (best +18.17%)
episode 921/1013  eps 0.010  train return   +0.14%  loss 3.21e-05  maxQ +0.0341  changes   131  13.1 min
episode 922/1013  eps 0.010  train return   -2.94%  loss 3.15e-05  maxQ +0.0341  changes   152  13.1 min
episode 923/1013  eps 0.010  train return   +5.43%  loss 3.03e-05  maxQ +0.0344  changes   207  13.1 min
episode 924/1013  eps 0.010  train return  -13.11%  loss 3.11e-05  maxQ +0.0340  changes   146  13.1 min
episode 925/1013  eps 0.010  train return   -3.43%  loss 3.05e-05  maxQ +0.0341  changes   199  13.1 min
episode 926/1013  eps 0.010  train return   -2.37%  loss 3.14e-05  maxQ +0.0342  changes   163  13.1 min
episode 927/1013  eps 0.010  train return   +7.51%  loss 3.27e-05  maxQ +0.0345  changes   147  13.2 min
episode 928/1013  eps 0.010  train return  -16.52%  loss 3.00e-05  maxQ +0.0344  changes   114  13.2 min
episode 929/1013  eps 0.010  train return  -15.51%  loss 2.97e-05  maxQ +0.0347  changes   180  13.2 min
episode 930/1013  eps 0.010  train return   +3.93%  loss 2.83e-05  maxQ +0.0341  changes    95  13.2 min | val return -9.15% (best +18.17%)
episode 931/1013  eps 0.010  train return   +7.49%  loss 2.90e-05  maxQ +0.0341  changes   129  13.2 min
episode 932/1013  eps 0.010  train return  +19.56%  loss 2.87e-05  maxQ +0.0342  changes   131  13.2 min
episode 933/1013  eps 0.010  train return   +1.43%  loss 3.03e-05  maxQ +0.0340  changes   136  13.2 min
episode 934/1013  eps 0.010  train return  +27.04%  loss 3.05e-05  maxQ +0.0342  changes   130  13.2 min
episode 935/1013  eps 0.010  train return  -12.85%  loss 3.20e-05  maxQ +0.0351  changes   118  13.2 min
episode 936/1013  eps 0.010  train return   +2.33%  loss 3.12e-05  maxQ +0.0357  changes   149  13.3 min
episode 937/1013  eps 0.010  train return  -19.32%  loss 3.10e-05  maxQ +0.0364  changes   377  13.3 min
episode 938/1013  eps 0.010  train return   +3.01%  loss 2.84e-05  maxQ +0.0363  changes   297  13.3 min
episode 939/1013  eps 0.010  train return  -16.81%  loss 2.84e-05  maxQ +0.0362  changes   130  13.3 min
episode 940/1013  eps 0.010  train return   +6.52%  loss 3.02e-05  maxQ +0.0365  changes   144  13.3 min | val return +7.29% (best +18.17%)
episode 941/1013  eps 0.010  train return   -7.25%  loss 2.86e-05  maxQ +0.0365  changes   173  13.3 min
episode 942/1013  eps 0.010  train return   -9.36%  loss 2.85e-05  maxQ +0.0361  changes   125  13.3 min
episode 943/1013  eps 0.010  train return   -5.76%  loss 2.92e-05  maxQ +0.0366  changes    91  13.3 min
episode 944/1013  eps 0.010  train return   +2.53%  loss 2.85e-05  maxQ +0.0367  changes   177  13.3 min
episode 945/1013  eps 0.010  train return  +74.71%  loss 2.81e-05  maxQ +0.0366  changes   119  13.4 min
episode 946/1013  eps 0.010  train return   -0.92%  loss 2.81e-05  maxQ +0.0360  changes   172  13.4 min
episode 947/1013  eps 0.010  train return  +21.19%  loss 2.91e-05  maxQ +0.0365  changes   215  13.4 min
episode 948/1013  eps 0.010  train return   +8.95%  loss 2.99e-05  maxQ +0.0362  changes   148  13.4 min
episode 949/1013  eps 0.010  train return  -11.30%  loss 2.79e-05  maxQ +0.0361  changes   214  13.4 min
episode 950/1013  eps 0.010  train return   +0.11%  loss 2.83e-05  maxQ +0.0359  changes   159  13.4 min | val return -3.27% (best +18.17%)
episode 951/1013  eps 0.010  train return  +14.39%  loss 2.84e-05  maxQ +0.0361  changes   128  13.4 min
episode 952/1013  eps 0.010  train return   +5.15%  loss 2.89e-05  maxQ +0.0363  changes   138  13.4 min
episode 953/1013  eps 0.010  train return   +6.16%  loss 2.84e-05  maxQ +0.0370  changes    94  13.5 min
episode 954/1013  eps 0.010  train return  +31.94%  loss 2.70e-05  maxQ +0.0361  changes   156  13.5 min
episode 955/1013  eps 0.010  train return   -6.86%  loss 2.88e-05  maxQ +0.0359  changes   128  13.5 min
episode 956/1013  eps 0.010  train return  -15.72%  loss 2.80e-05  maxQ +0.0361  changes   141  13.5 min
episode 957/1013  eps 0.010  train return  -20.24%  loss 2.75e-05  maxQ +0.0357  changes   238  13.5 min
episode 958/1013  eps 0.010  train return  +45.91%  loss 2.76e-05  maxQ +0.0362  changes   176  13.5 min
episode 959/1013  eps 0.010  train return  +23.15%  loss 2.90e-05  maxQ +0.0357  changes    91  13.5 min
episode 960/1013  eps 0.010  train return  +25.00%  loss 2.96e-05  maxQ +0.0364  changes   129  13.5 min | val return +5.94% (best +18.17%)
episode 961/1013  eps 0.010  train return  +23.80%  loss 2.79e-05  maxQ +0.0365  changes   212  13.5 min
episode 962/1013  eps 0.010  train return   +6.03%  loss 2.78e-05  maxQ +0.0367  changes   179  13.5 min
episode 963/1013  eps 0.010  train return   -7.39%  loss 2.76e-05  maxQ +0.0374  changes   170  13.6 min
episode 964/1013  eps 0.010  train return   +9.01%  loss 2.58e-05  maxQ +0.0380  changes   351  13.6 min
episode 965/1013  eps 0.010  train return  -11.56%  loss 2.60e-05  maxQ +0.0378  changes   340  13.6 min
episode 966/1013  eps 0.010  train return  +12.45%  loss 2.57e-05  maxQ +0.0381  changes   195  13.6 min
episode 967/1013  eps 0.010  train return   +1.21%  loss 2.62e-05  maxQ +0.0384  changes   344  13.6 min
episode 968/1013  eps 0.010  train return   +8.78%  loss 2.66e-05  maxQ +0.0389  changes   187  13.6 min
episode 969/1013  eps 0.010  train return   +0.14%  loss 2.72e-05  maxQ +0.0379  changes   352  13.6 min
episode 970/1013  eps 0.010  train return   +2.17%  loss 2.68e-05  maxQ +0.0380  changes   289  13.6 min | val return +2.78% (best +18.17%)
episode 971/1013  eps 0.010  train return   +5.51%  loss 2.77e-05  maxQ +0.0380  changes   238  13.6 min
episode 972/1013  eps 0.010  train return   -5.47%  loss 2.87e-05  maxQ +0.0388  changes   288  13.6 min
episode 973/1013  eps 0.010  train return   +1.19%  loss 2.90e-05  maxQ +0.0385  changes   213  13.7 min
episode 974/1013  eps 0.010  train return  -11.48%  loss 2.65e-05  maxQ +0.0390  changes   321  13.7 min
episode 975/1013  eps 0.010  train return  -16.92%  loss 2.55e-05  maxQ +0.0393  changes   223  13.7 min
episode 976/1013  eps 0.010  train return   +8.16%  loss 2.79e-05  maxQ +0.0391  changes   255  13.7 min
episode 977/1013  eps 0.010  train return   -4.11%  loss 2.75e-05  maxQ +0.0393  changes   255  13.7 min
episode 978/1013  eps 0.010  train return  +26.96%  loss 2.67e-05  maxQ +0.0396  changes   250  13.7 min
episode 979/1013  eps 0.010  train return   -5.35%  loss 2.81e-05  maxQ +0.0398  changes   271  13.7 min
episode 980/1013  eps 0.010  train return   -5.34%  loss 2.75e-05  maxQ +0.0394  changes   160  13.7 min | val return +2.95% (best +18.17%)
episode 981/1013  eps 0.010  train return  -12.72%  loss 2.94e-05  maxQ +0.0389  changes   159  13.7 min
episode 982/1013  eps 0.010  train return   -4.26%  loss 2.77e-05  maxQ +0.0385  changes   177  13.7 min
episode 983/1013  eps 0.010  train return   -3.73%  loss 2.79e-05  maxQ +0.0387  changes   168  13.8 min
episode 984/1013  eps 0.010  train return   -8.35%  loss 2.76e-05  maxQ +0.0384  changes   176  13.8 min
episode 985/1013  eps 0.010  train return  -13.75%  loss 2.72e-05  maxQ +0.0384  changes   180  13.8 min
episode 986/1013  eps 0.010  train return   +9.18%  loss 2.59e-05  maxQ +0.0378  changes   159  13.8 min
episode 987/1013  eps 0.010  train return   -9.74%  loss 2.57e-05  maxQ +0.0381  changes   178  13.8 min
episode 988/1013  eps 0.010  train return  +14.64%  loss 2.53e-05  maxQ +0.0378  changes   225  13.8 min
episode 989/1013  eps 0.010  train return   +4.61%  loss 2.63e-05  maxQ +0.0389  changes   172  13.8 min
episode 990/1013  eps 0.010  train return  +18.65%  loss 2.66e-05  maxQ +0.0386  changes   254  13.8 min | val return -1.32% (best +18.17%)
episode 991/1013  eps 0.010  train return   -3.46%  loss 2.65e-05  maxQ +0.0384  changes   185  13.8 min
episode 992/1013  eps 0.010  train return   +7.37%  loss 2.63e-05  maxQ +0.0381  changes   170  13.8 min
episode 993/1013  eps 0.010  train return   -7.24%  loss 2.56e-05  maxQ +0.0379  changes   152  13.9 min
episode 994/1013  eps 0.010  train return   +3.53%  loss 2.62e-05  maxQ +0.0378  changes   149  13.9 min
episode 995/1013  eps 0.010  train return   -1.95%  loss 2.51e-05  maxQ +0.0378  changes   187  13.9 min
episode 996/1013  eps 0.010  train return  -10.67%  loss 2.59e-05  maxQ +0.0381  changes   219  13.9 min
episode 997/1013  eps 0.010  train return   -1.32%  loss 2.70e-05  maxQ +0.0387  changes   204  13.9 min
episode 998/1013  eps 0.010  train return   +8.96%  loss 2.50e-05  maxQ +0.0387  changes   151  13.9 min
episode 999/1013  eps 0.010  train return  +15.99%  loss 2.44e-05  maxQ +0.0386  changes   183  13.9 min
episode 1000/1013  eps 0.010  train return   -1.42%  loss 2.50e-05  maxQ +0.0385  changes   141  13.9 min | val return -5.07% (best +18.17%)
episode 1001/1013  eps 0.010  train return  -18.14%  loss 2.49e-05  maxQ +0.0386  changes   124  13.9 min
episode 1002/1013  eps 0.010  train return  -16.92%  loss 2.55e-05  maxQ +0.0392  changes   169  13.9 min
episode 1003/1013  eps 0.010  train return  -16.95%  loss 2.52e-05  maxQ +0.0387  changes   163  14.0 min
episode 1004/1013  eps 0.010  train return   -3.63%  loss 2.62e-05  maxQ +0.0377  changes   153  14.0 min
episode 1005/1013  eps 0.010  train return   -5.75%  loss 2.62e-05  maxQ +0.0380  changes   147  14.0 min
episode 1006/1013  eps 0.010  train return   -4.76%  loss 2.55e-05  maxQ +0.0372  changes   161  14.0 min
episode 1007/1013  eps 0.010  train return   -1.22%  loss 2.45e-05  maxQ +0.0371  changes   238  14.0 min
episode 1008/1013  eps 0.010  train return  +26.32%  loss 2.47e-05  maxQ +0.0375  changes   150  14.0 min
episode 1009/1013  eps 0.010  train return   -7.16%  loss 2.54e-05  maxQ +0.0377  changes   161  14.0 min
episode 1010/1013  eps 0.010  train return   +3.55%  loss 2.52e-05  maxQ +0.0378  changes   209  14.0 min | val return -4.44% (best +18.17%)
episode 1011/1013  eps 0.010  train return   +0.33%  loss 2.47e-05  maxQ +0.0369  changes   201  14.0 min
episode 1012/1013  eps 0.010  train return  +28.32%  loss 2.55e-05  maxQ +0.0370  changes   187  14.0 min
episode 1013/1013  eps 0.010  train return  +11.80%  loss 2.56e-05  maxQ +0.0367  changes   156  14.1 min | val return +1.10% (best +18.17%)
model    env  portfolio_return  excess_return  n_changes
 last    val          0.008911       0.051529       28.2
 last val_w1          0.015705       0.042620       21.2
 last val_w2         -0.012408       0.003026        7.8
 best    val          0.182111       0.224729      110.7
 best val_w1          0.111241       0.138157       60.7
 best val_w2          0.066748       0.082182       51.3
