episode,steps,epsilon,train_reward,train_portfolio_return,train_position_changes,mean_loss,mean_max_q,updates,minutes,action_share_-1,action_share_0,action_share_0.5,action_share_1,action_share_2
1,720,1.0,-0.3430337850450571,-0.2903857631937472,590,0.0009347153470007248,0.19816350936889648,657,0.007294968763987223,0.22083333333333333,0.20277777777777778,0.1763888888888889,0.17777777777777778,0.2222222222222222
2,720,0.9909,0.10216204897442706,0.10756293662448235,569,6.393242470292333e-05,0.20316529273986816,1377,0.013968233267466228,0.2125,0.19305555555555556,0.2013888888888889,0.19305555555555556,0.2
3,720,0.98188281,-0.0648859260132138,-0.06282563550395748,569,5.129781822006407e-05,0.20998229086399078,2097,0.022836065292358397,0.18472222222222223,0.21666666666666667,0.18888888888888888,0.2,0.20972222222222223
4,720,0.972947676429,-0.09053474496864654,-0.08655740418476532,587,4.59204644862944e-05,0.20948559045791626,2817,0.029513370990753175,0.22083333333333333,0.17916666666666667,0.1986111111111111,0.21388888888888888,0.1875
5,720,0.9640938525734961,0.18617906919834928,0.20463795461779233,598,4.407973897413184e-05,0.21495568752288818,3537,0.036724551518758135,0.20416666666666666,0.18472222222222223,0.20555555555555555,0.1986111111111111,0.20694444444444443
6,720,0.9553205985150773,-0.4450642958900603,-0.359216925010337,574,4.649373598542499e-05,0.2159750610589981,4257,0.04323236544926961,0.20972222222222223,0.2013888888888889,0.17777777777777778,0.20833333333333334,0.20277777777777778
7,720,0.9466271810685901,-0.04574195930585677,-0.04471156631995843,569,5.2954581433874004e-05,0.21830657124519348,4977,0.049503668149312334,0.23333333333333334,0.1875,0.2013888888888889,0.17916666666666667,0.1986111111111111
8,720,0.938012873720866,-0.08090513786772527,-0.07771882314598999,572,5.427165849217393e-05,0.22006499767303467,5697,0.05790905157725016,0.22361111111111112,0.19444444444444445,0.19027777777777777,0.19583333333333333,0.19583333333333333
9,720,0.9294769565700061,0.07014063956259343,0.07265902894303511,567,5.2143401334584874e-05,0.2273065447807312,6417,0.0643580675125122,0.21805555555555556,0.1875,0.18611111111111112,0.19722222222222222,0.2111111111111111
10,720,0.921018716265219,-0.14977868464772756,-0.13910151460543307,568,5.240188127749611e-05,0.2335619330406189,7137,0.07115805149078369,0.19166666666666668,0.19027777777777777,0.1875,0.18333333333333332,0.24722222222222223
11,720,0.9126374459472055,-0.06772864483050217,-0.06548597561401914,550,5.32134888367687e-05,0.2383292317390442,7857,0.08332088390986124,0.225,0.1986111111111111,0.18055555555555555,0.18055555555555555,0.2152777777777778
12,720,0.904332445189086,-0.21310899580121626,-0.19193194360888777,561,5.07332172156162e-05,0.24343854188919067,8577,0.08952246507008871,0.16944444444444445,0.1986111111111111,0.23194444444444445,0.21666666666666667,0.18333333333333332
13,720,0.8961030199378652,0.15880396836832666,0.1721081538842224,579,4.987422400467444e-05,0.24691066145896912,9297,0.09577613671620687,0.22777777777777777,0.18194444444444444,0.19166666666666668,0.2,0.1986111111111111
14,720,0.8879484824564307,-0.06251413181154293,-0.06060021270108584,568,4.8105615114006166e-05,0.24909541010856628,10017,0.10230783621470134,0.1986111111111111,0.20972222222222223,0.19305555555555556,0.16805555555555557,0.23055555555555557
15,720,0.8798681512660771,-0.13318047133419564,-0.12469288998839267,596,4.672338671980469e-05,0.25991010665893555,10737,0.10870741605758667,0.18888888888888888,0.16944444444444445,0.19305555555555556,0.20277777777777778,0.24583333333333332
16,720,0.8718613510895558,-0.18292876949288614,-0.16717252365217405,568,4.881676252479237e-05,0.2590186595916748,11457,0.11587870518366496,0.23472222222222222,0.20694444444444443,0.1638888888888889,0.22083333333333333,0.1736111111111111
17,720,0.8639274127946408,0.06173479897295623,0.06368021823324632,563,5.3123132616090316e-05,0.2575075626373291,12177,0.12258236805597941,0.2013888888888889,0.18611111111111112,0.17777777777777778,0.20277777777777778,0.23194444444444445
18,720,0.8560656733382096,-0.051748981057036694,-0.05043280371708114,573,5.4410604834881976e-05,0.2597057819366455,12897,0.12877658605575562,0.20555555555555555,0.1986111111111111,0.1597222222222222,0.225,0.2111111111111111
19,720,0.8482754757108318,-0.10597984377376475,-0.10055722273467982,572,5.1454285808934705e-05,0.261655330657959,13617,0.13524821599324544,0.16666666666666666,0.2125,0.19722222222222222,0.22777777777777777,0.19583333333333333
20,720,0.8405561688818632,-0.17447930518091534,-0.16010576449138658,563,4.913758770423252e-05,0.26012641191482544,14337,0.14220365285873413,0.17916666666666667,0.19722222222222222,0.17916666666666667,0.21666666666666667,0.22777777777777777
21,720,0.8329071077450383,0.33755947227812855,0.4015229576766066,568,4.997686045271621e-05,0.2582471966743469,15057,0.15483745336532592,0.2013888888888889,0.17916666666666667,0.19444444444444445,0.20277777777777778,0.2222222222222222
22,720,0.8253276530645585,-0.4206055483746049,-0.34335093337716727,558,5.059382763698118e-05,0.25676727294921875,15777,0.16119378407796223,0.18194444444444444,0.20277777777777778,0.18194444444444444,0.22083333333333333,0.2125
23,720,0.817817171421671,-0.4710814546883424,-0.3756732779983699,594,5.1836519922845685e-05,0.25687313079833984,16497,0.16827218532562255,0.2513888888888889,0.15833333333333333,0.2,0.19305555555555556,0.19722222222222222
24,720,0.8103750351617338,-0.02490129053755504,-0.024593810902883928,560,5.627366487285851e-05,0.2657100260257721,17217,0.1748047669728597,0.25416666666666665,0.17222222222222222,0.16527777777777777,0.1875,0.22083333333333333
25,720,0.8030006223417621,-0.0933278407560328,-0.08910517710790011,569,5.050669925215819e-05,0.26433444023132324,17937,0.1811590035756429,0.18055555555555555,0.18055555555555555,0.18333333333333332,0.2111111111111111,0.24444444444444444
26,720,0.795693316678452,-0.14305951194239394,-0.1332975117878823,572,4.7823142429276936e-05,0.2679148316383362,18657,0.1875496506690979,0.21944444444444444,0.18472222222222223,0.16944444444444445,0.20416666666666666,0.2222222222222222
27,720,0.7884525074966781,-0.3812823757763499,-0.3170149960326667,568,5.181290859657868e-05,0.26769158244132996,19377,0.19404123226801553,0.2152777777777778,0.18055555555555555,0.2111111111111111,0.1625,0.23055555555555557
28,720,0.7812775896784583,-0.2713732620198286,-0.237668106249751,580,4.818440205932954e-05,0.26397114992141724,20097,0.2005321184794108,0.17777777777777778,0.1986111111111111,0.2013888888888889,0.2111111111111111,0.2111111111111111
29,720,0.7741679636123843,0.08969949750928431,0.09384553100565785,566,4.8597569730191026e-05,0.27169913053512573,20817,0.20717125336329142,0.1763888888888889,0.17083333333333334,0.18055555555555555,0.2013888888888889,0.2708333333333333
30,720,0.7671230351435115,-0.2078014430622286,-0.18763167793438174,539,5.040864509106137e-05,0.27544015645980835,21537,0.2142847180366516,0.2013888888888889,0.18888888888888888,0.16944444444444445,0.18055555555555555,0.25972222222222224
31,720,0.7601422155237056,0.004977831335053473,0.004990241320512956,580,5.01189501442746e-05,0.2748366594314575,22257,0.22725393374760947,0.2388888888888889,0.20277777777777778,0.16666666666666666,0.20972222222222223,0.18194444444444444
32,720,0.7532249213624399,0.052531041118130166,0.05393527690021416,568,4.807262883382969e-05,0.2756713628768921,22977,0.23372133572896323,0.2152777777777778,0.14722222222222223,0.16111111111111112,0.20694444444444443,0.26944444444444443
33,720,0.7463705745780417,-0.1249640025823213,-0.11747132923401937,566,4.968818093402661e-05,0.2810319662094116,23697,0.24056450128555298,0.25972222222222224,0.19444444444444445,0.15833333333333333,0.15833333333333333,0.22916666666666666
34,720,0.7395786023493816,-0.0036550828951974436,-0.0036484112107082467,571,4.5965398851421926e-05,0.28194281458854675,24417,0.24690623680750529,0.1638888888888889,0.19166666666666668,0.1986111111111111,0.175,0.2708333333333333
35,720,0.7328484370680022,-0.12598193811190422,-0.1183692294440688,573,4.8931807613270296e-05,0.2852758765220642,25137,0.2542036016782125,0.28888888888888886,0.17777777777777778,0.14722222222222223,0.19444444444444445,0.19166666666666668
36,720,0.7261795162906833,0.15812021861524153,0.17130699914930148,554,4.6928047417319856e-05,0.28586721420288086,25857,0.26065680185953777,0.22083333333333333,0.18333333333333332,0.16527777777777777,0.18472222222222223,0.24583333333333332
37,720,0.7195712826924381,0.4108672945092057,0.5081252067821209,550,5.064185615361162e-05,0.28203463554382324,26577,0.2679006497065226,0.2569444444444444,0.16944444444444445,0.1763888888888889,0.1736111111111111,0.22361111111111112
38,720,0.7130231840199369,0.20568652930116385,0.22836808623447835,546,4.844940139668729e-05,0.28213709592819214,27297,0.2742491881052653,0.19166666666666668,0.1763888888888889,0.19444444444444445,0.16944444444444445,0.26805555555555555
39,720,0.7065346730453554,0.12906460429931063,0.13776362621328309,561,4.849905779388387e-05,0.2789764404296875,28017,0.2809817671775818,0.23472222222222222,0.15833333333333333,0.16805555555555557,0.16666666666666666,0.2722222222222222
40,720,0.7001052075206428,0.11838784785557571,0.1256806195268383,559,5.096008136686376e-05,0.27788665890693665,28737,0.28764355182647705,0.2777777777777778,0.1638888888888889,0.18888888888888888,0.1625,0.20694444444444443
41,720,0.6937342501322049,0.1745384297489625,0.1906964996733609,562,5.175506358783524e-05,0.28180184960365295,29457,0.299797785282135,0.19305555555555556,0.16527777777777777,0.18194444444444444,0.2,0.25972222222222224
42,720,0.6874212684560018,-0.01873101597222252,-0.0185566806818388,554,5.2231919818900173e-05,0.2781427502632141,30177,0.3059898336728414,0.17222222222222222,0.1638888888888889,0.1875,0.2111111111111111,0.2652777777777778
43,720,0.6811657349130522,-0.8540922696517248,-0.5743305911943142,539,5.4398540756513586e-05,0.27634137868881226,30897,0.313855771223704,0.23194444444444445,0.18333333333333332,0.17777777777777778,0.20972222222222223,0.19722222222222222
44,720,0.6749671267253434,0.12127115887932276,0.1289309905297873,515,6.461971743571363e-05,0.2747710645198822,31617,0.32268590132395425,0.24722222222222223,0.14722222222222223,0.2125,0.15555555555555556,0.2375
45,720,0.6688249258721428,0.02744368596976768,0.027823732580717575,538,6.772608262508583e-05,0.2766278088092804,32337,0.3303300340970357,0.23333333333333334,0.17083333333333334,0.16944444444444445,0.19305555555555556,0.23333333333333334
46,720,0.6627386190467063,0.0606069078410842,0.06248117906788786,528,6.331817880891321e-05,0.27554601430892944,33057,0.33793479998906456,0.22083333333333333,0.1625,0.16805555555555557,0.17777777777777778,0.2708333333333333
47,720,0.6567076976133812,-0.4699190024286703,-0.3749471060012419,540,6.572421430569698e-05,0.27256157994270325,33777,0.3450822353363037,0.20972222222222223,0.20694444444444443,0.16944444444444445,0.16527777777777777,0.24861111111111112
48,720,0.6507316575650994,0.17208190641512927,0.1877751156315277,555,6.477476891101712e-05,0.273834764957428,34497,0.3526472846666972,0.25972222222222224,0.15694444444444444,0.16666666666666666,0.18194444444444444,0.23472222222222222
49,720,0.6448099994812571,-0.14296645672231803,-0.1332168568444767,534,6.849434358981751e-05,0.2719752788543701,35217,0.3601744016011556,0.22916666666666666,0.2222222222222222,0.14027777777777778,0.14305555555555555,0.2652777777777778
50,720,0.6389422284859776,0.06564628287725269,0.06784893390329927,523,6.40689788118228e-05,0.27495279908180237,35937,0.36808523734410603,0.12777777777777777,0.15138888888888888,0.15,0.14444444444444443,0.4263888888888889
51,720,0.6331278542067552,-0.22350007122298635,-0.20028516509048533,526,6.687219274934049e-05,0.2795955240726471,36657,0.3820136507352193,0.28888888888888886,0.14305555555555555,0.1527777777777778,0.19444444444444445,0.22083333333333333
52,720,0.6273663907334738,-0.2733526660837764,-0.23917557665959532,538,7.108950374761965e-05,0.27706149220466614,37377,0.3890886982282003,0.30277777777777776,0.16111111111111112,0.13472222222222222,0.18472222222222223,0.21666666666666667
53,720,0.6216573565777992,-0.18866509496619208,-0.17193621700923434,553,6.14617750645468e-05,0.27863600850105286,38097,0.39597028493881226,0.29305555555555557,0.175,0.16527777777777777,0.14722222222222223,0.21944444444444444
54,720,0.6160002746329413,0.07992870726543008,0.0832098399305008,565,6.551476935151691e-05,0.27374058961868286,38817,0.40293288628260293,0.24861111111111112,0.2111111111111111,0.20416666666666666,0.14444444444444443,0.19166666666666668
55,720,0.6103946721337815,-0.14618580702991835,-0.13600284847529087,534,5.8423909029493693e-05,0.27123844623565674,39537,0.40993646780649823,0.20277777777777778,0.16944444444444445,0.175,0.2013888888888889,0.2513888888888889
56,720,0.604840080617364,0.14619209906898104,0.1574185057139721,532,6.481040694299938e-05,0.2688065767288208,40257,0.4167703668276469,0.18888888888888888,0.1486111111111111,0.1597222222222222,0.21805555555555556,0.2847222222222222
57,720,0.5993360358837461,-0.37047824427461046,-0.30959593012259545,540,6.529228332333838e-05,0.27517169713974,40977,0.4245002826054891,0.16527777777777777,0.175,0.18055555555555555,0.19305555555555556,0.2861111111111111
58,720,0.5938820779572039,-0.22751928222840093,-0.20349293708169336,543,6.809550670949547e-05,0.2718270719051361,41697,0.43137975136439005,0.18333333333333332,0.18888888888888888,0.2013888888888889,0.225,0.2013888888888889
59,720,0.5884777510477934,-0.11327492944891189,-0.10709485955092535,534,7.189529033869096e-05,0.27198052406311035,42417,0.43824578523635865,0.175,0.14166666666666666,0.2263888888888889,0.20972222222222223,0.24722222222222223
60,720,0.5831226035132585,-0.1847467873487082,-0.1686852433825995,530,6.335396850040019e-05,0.26833873987197876,43137,0.445439887046814,0.1625,0.14305555555555555,0.17083333333333334,0.20277777777777778,0.32083333333333336
61,720,0.5778161878212879,-0.12594547426114583,-0.11833708120510922,539,6.755901525315899e-05,0.26834553480148315,43857,0.4592569708824158,0.18472222222222223,0.17916666666666667,0.20555555555555555,0.1736111111111111,0.2569444444444444
62,720,0.5725580605121141,-0.0569104445557792,-0.05532133330396871,530,6.95271612888367e-05,0.26864534616470337,44577,0.4663235187530518,0.14444444444444443,0.13472222222222222,0.15,0.23194444444444445,0.3388888888888889
63,720,0.5673477821614539,-0.04243301309407016,-0.041545332716780625,521,7.106606963892166e-05,0.26480036973953247,45297,0.4734897216161092,0.22361111111111112,0.16666666666666666,0.19027777777777777,0.2,0.21944444444444444
64,720,0.5621849173437846,-0.10376399646857895,-0.09856198512595027,533,7.285450568082929e-05,0.26375994086265564,46017,0.48082638581593834,0.24583333333333332,0.20416666666666666,0.16111111111111112,0.16111111111111112,0.22777777777777777
65,720,0.5570690345959561,-0.12024439536716719,-0.11329629604330305,514,6.593413551677763e-05,0.2622643709182739,46737,0.4879148523012797,0.225,0.15138888888888888,0.1638888888888889,0.17916666666666667,0.28055555555555556
66,720,0.5519997063811329,0.4225549093731573,0.5258550010448839,499,7.38156396601476e-05,0.2625318467617035,47457,0.49504040082295736,0.25416666666666665,0.13194444444444445,0.18333333333333332,0.21388888888888888,0.21666666666666667
67,720,0.5469765090530646,-0.15146262548614456,-0.1405499968012771,491,7.308603692434998e-05,0.2621921896934509,48177,0.5027737021446228,0.22916666666666666,0.14027777777777778,0.20555555555555555,0.18333333333333332,0.24166666666666667
68,720,0.5419990228206817,-0.3560446967131678,-0.29955868788884676,526,7.465053934336336e-05,0.2594777047634125,48897,0.5092627048492432,0.31805555555555554,0.14166666666666666,0.1388888888888889,0.2013888888888889,0.2
69,720,0.5370668317130135,0.04732905453072759,0.04846695512541599,454,7.207861303742094e-05,0.2631686329841614,49617,0.5158225377400716,0.30416666666666664,0.14166666666666666,0.11388888888888889,0.13055555555555556,0.30972222222222223
70,720,0.5321795235444251,0.001295244526903262,0.0012960837183753071,492,7.33533135947558e-05,0.2614205479621887,50337,0.5223355015118917,0.21388888888888888,0.13055555555555556,0.1875,0.18888888888888888,0.2791666666666667
71,720,0.5273366898801708,0.004514298938265408,0.004524503735775953,529,7.491292963853387e-05,0.2655344009399414,51057,0.5357598185539245,0.2361111111111111,0.17916666666666667,0.15694444444444444,0.1597222222222222,0.26805555555555555
72,720,0.5225379260022612,-0.25541080350939466,-0.22540177507745263,475,7.035644779181085e-05,0.2660309672355652,51777,0.5426845828692118,0.24722222222222223,0.14722222222222223,0.18472222222222223,0.15416666666666667,0.26666666666666666
73,720,0.5177828308756407,-0.21554210460527384,-0.19389567116099915,491,7.567906555373661e-05,0.2625356614589691,52497,0.5493815700213115,0.18194444444444444,0.25972222222222224,0.15138888888888888,0.15416666666666667,0.25277777777777777
74,720,0.5130710071146724,-0.15920286983740894,-0.14717667071167584,521,7.484357810578028e-05,0.2634325325489044,53217,0.5559875845909119,0.15694444444444444,0.1527777777777778,0.19027777777777777,0.22777777777777777,0.2722222222222222
75,720,0.5084020609499288,-0.25827743067871145,-0.22761907978296336,491,7.298322057067708e-05,0.25910747051239014,53937,0.5626230359077453,0.22916666666666666,0.1527777777777778,0.18333333333333332,0.2013888888888889,0.23333333333333334
76,720,0.5037756021952844,-0.004572079383804361,-0.004561643339722976,505,7.443121207744399e-05,0.2599513530731201,54657,0.5692876180013021,0.27361111111111114,0.15416666666666667,0.17222222222222222,0.18611111111111112,0.21388888888888888
77,720,0.4991912442153073,0.8377598472469286,1.3111837686774481,542,7.349373347551592e-05,0.2553728222846985,55377,0.5757100860277812,0.2111111111111111,0.19722222222222222,0.17916666666666667,0.20416666666666666,0.20833333333333334
78,720,0.494648603892948,-0.01739892841747309,-0.017248441099099843,486,7.435805361840013e-05,0.25391069054603577,56097,0.5820647517840067,0.29444444444444445,0.15555555555555556,0.1527777777777778,0.1388888888888889,0.25833333333333336
79,720,0.4901473015975222,-0.09186453713345694,-0.08777128570773518,501,7.796909008498511e-05,0.2502228915691376,56817,0.5885116656621298,0.2263888888888889,0.15,0.11388888888888889,0.22361111111111112,0.2861111111111111
80,720,0.4856869611529847,0.1073243537129992,0.11329529738672739,500,7.176958177979031e-05,0.2468760907649994,57537,0.595028801759084,0.17777777777777778,0.15138888888888888,0.19444444444444445,0.21666666666666667,0.25972222222222224
81,720,0.48126720980649257,0.056946434622119076,0.0585991046157166,460,7.703156803826359e-05,0.24479395151138306,58257,0.6076238870620727,0.2861111111111111,0.1527777777777778,0.18194444444444444,0.1638888888888889,0.2152777777777778
82,720,0.4768876781972535,0.08287406029227609,0.08640497840679418,482,7.373079516810321e-05,0.24658909440040588,58977,0.6144291679064433,0.2111111111111111,0.18194444444444444,0.17083333333333334,0.1736111111111111,0.2625
83,720,0.47254800032565847,-0.2716616202062009,-0.23788789920097786,505,7.290140253846605e-05,0.2448090761899948,59697,0.62111337184906,0.1527777777777778,0.1527777777777778,0.23194444444444445,0.1638888888888889,0.2986111111111111
84,720,0.46824781352269496,0.12432262163553173,0.13238114273003743,479,7.14856927692785e-05,0.24492543935775757,60417,0.6286347866058349,0.25,0.17083333333333334,0.13472222222222222,0.17916666666666667,0.2652777777777778
85,720,0.46398675841963843,-0.04158631390293858,-0.04073346627042573,471,7.570830699832085e-05,0.24640795588493347,61137,0.6351663668950399,0.23194444444444445,0.12083333333333333,0.14305555555555555,0.20416666666666666,0.3
86,720,0.45976447891801975,-0.26209282200043543,-0.23056040053007976,492,7.418578165041052e-05,0.2461952567100525,61857,0.6417615175247192,0.16805555555555557,0.18055555555555555,0.175,0.14444444444444443,0.33194444444444443
87,720,0.4555806221598658,0.22304660724501477,0.2498788257871627,513,7.856687203242372e-05,0.25025972723960876,62577,0.6484954198201497,0.2902777777777778,0.17916666666666667,0.18055555555555555,0.16111111111111112,0.18888888888888888
88,720,0.451434838498211,0.08171899359320606,0.08515083264497325,497,7.685076306718959e-05,0.24967128038406372,63297,0.6563020666440328,0.22083333333333333,0.20694444444444443,0.14722222222222223,0.17083333333333334,0.25416666666666665
89,720,0.44732678146787724,-0.12047870738476878,-0.11350403703813439,460,8.262607189079871e-05,0.2460039258003235,64017,0.6629542350769043,0.175,0.17916666666666667,0.15694444444444444,0.23055555555555557,0.25833333333333336
90,720,0.4432561077565196,0.19554801988082857,0.21597718359967422,437,9.265350217522913e-05,0.24503710865974426,64737,0.6697888692220052,0.3763888888888889,0.1597222222222222,0.11666666666666667,0.15416666666666667,0.19305555555555556
91,720,0.43922247717593527,0.08322517716829406,0.08678650050440684,477,8.44653115589406e-05,0.2425726354122162,65457,0.6827999671300252,0.30972222222222223,0.1527777777777778,0.1388888888888889,0.18055555555555555,0.21805555555555556
92,720,0.43522555263363427,-0.2139018699389475,-0.19257238594369475,460,8.478981571392473e-05,0.24282321333885193,66177,0.6895008166631063,0.34444444444444444,0.1736111111111111,0.11666666666666667,0.1736111111111111,0.19166666666666668
93,720,0.43126500010466823,0.9498422279541091,1.5853017387928907,450,8.751998587589091e-05,0.24574869871139526,66897,0.6962481180826823,0.19722222222222222,0.11388888888888889,0.11944444444444445,0.1361111111111111,0.43333333333333335
94,720,0.42734048860371576,-0.0005594011009078447,-0.0005592446652834537,475,8.818708979813689e-05,0.24655966460704803,67617,0.7031705856323243,0.13333333333333333,0.18333333333333332,0.18333333333333332,0.19027777777777777,0.30972222222222223
95,720,0.42345169015742196,-0.14782425423371728,-0.13741730312124179,463,8.813861447581278e-05,0.24797919392585754,68337,0.7099846522013347,0.12222222222222222,0.10833333333333334,0.15555555555555556,0.14722222222222223,0.4666666666666667
96,720,0.41959827977698944,-0.2306945478065806,-0.20601804747172225,416,8.903957764990385e-05,0.24789607524871826,69057,0.7167239189147949,0.15416666666666667,0.09305555555555556,0.11944444444444445,0.14305555555555555,0.49027777777777776
97,720,0.4157799354310188,-0.21308016362171833,-0.19190864490976556,452,8.707465974061456e-05,0.24685713648796082,69777,0.7239845673243205,0.23055555555555557,0.17916666666666667,0.16111111111111112,0.2,0.22916666666666666
98,720,0.41199633801859653,-0.08648707224646882,-0.08285259463632577,452,9.178590220623542e-05,0.24739202857017517,70497,0.73091641664505,0.13472222222222222,0.1625,0.20972222222222223,0.22361111111111112,0.26944444444444443
99,720,0.4082471713426273,-0.2905280601216988,-0.25213145626464495,460,9.161481373085836e-05,0.24313396215438843,71217,0.737428085009257,0.2361111111111111,0.19444444444444445,0.16111111111111112,0.20555555555555555,0.20277777777777778
100,720,0.4045321220834094,0.12913116363062718,0.1378393575197263,454,9.385675677498915e-05,0.24412396550178528,71937,0.7438910682996114,0.26666666666666666,0.20555555555555555,0.1375,0.15,0.24027777777777778
101,720,0.4008508797724504,-0.037470989592346224,-0.036777639211152624,451,9.022075965579764e-05,0.23836727440357208,72657,0.7564181009928386,0.20694444444444443,0.25416666666666665,0.18888888888888888,0.15694444444444444,0.19305555555555556
102,720,0.3972031367665211,-0.32131650664799855,-0.27480631396007715,439,8.683543327631721e-05,0.23750880360603333,73377,0.763039517402649,0.2125,0.13055555555555556,0.20416666666666666,0.13055555555555556,0.32222222222222224
103,720,0.39358858822194576,-0.08757499404041995,-0.08384983672782365,489,9.322935923642541e-05,0.23250851035118103,74097,0.7695134520530701,0.20972222222222223,0.1736111111111111,0.1763888888888889,0.2125,0.22777777777777777
104,720,0.39000693206912607,-0.28342643031634407,-0.24680146732044816,432,9.445267919798224e-05,0.22957785427570343,74817,0.7760314186414082,0.12222222222222222,0.11944444444444445,0.1875,0.2847222222222222,0.2861111111111111
105,720,0.386457868987297,-0.011137180709014306,-0.011075391909019072,443,8.900991210036106e-05,0.2313654124736786,75537,0.7825873017311096,0.3,0.12222222222222222,0.12083333333333333,0.1638888888888889,0.29305555555555557
106,720,0.3829411023795126,0.2379139066927949,0.2685999701563593,419,9.424789245208053e-05,0.2349962592124939,76257,0.7893279830614726,0.08333333333333333,0.09722222222222222,0.19305555555555556,0.20277777777777778,0.4236111111111111
107,720,0.3794563383478591,0.24358705947361797,0.2758173849958421,435,8.594306185740505e-05,0.23340246081352234,76977,0.7958513498306274,0.30277777777777776,0.09861111111111111,0.13055555555555556,0.17916666666666667,0.28888888888888886
108,720,0.37600328566889357,-0.024832643787340947,-0.024526850139569234,433,9.251139320996219e-05,0.22921930253505707,77697,0.8024108052253723,0.11944444444444445,0.1486111111111111,0.14305555555555555,0.2111111111111111,0.37777777777777777
109,720,0.37258165576930663,0.1832265244689857,0.2010864527381948,439,9.067240181997881e-05,0.22933712601661682,78417,0.8088921348253886,0.12361111111111112,0.19027777777777777,0.19722222222222222,0.2,0.28888888888888886
110,720,0.36919116270180596,-0.08534265286061334,-0.08180239254474353,426,8.749235600286435e-05,0.22738265991210938,79137,0.8153634707132975,0.19583333333333333,0.1111111111111111,0.14722222222222223,0.18333333333333332,0.3625
111,720,0.3658315231212195,-0.3620256947562062,-0.303735522734072,440,9.584787157766389e-05,0.2285533994436264,79857,0.8278420686721801,0.17083333333333334,0.10555555555555556,0.13472222222222222,0.23194444444444445,0.35694444444444445
112,720,0.36250245626081645,-0.21201751068531957,-0.19104946783572996,407,9.228819550723225e-05,0.22655048966407776,80577,0.8379088679949442,0.3527777777777778,0.11388888888888889,0.11388888888888889,0.15555555555555556,0.2638888888888889
113,720,0.359203683908843,0.07493163137406164,0.0778104599454168,404,9.019482165513182e-05,0.23113833367824554,81297,0.8458967328071594,0.2263888888888889,0.19583333333333333,0.14722222222222223,0.1736111111111111,0.2569444444444444
114,720,0.3559349303852725,0.028133221377437106,0.02853269783740786,469,8.871800443507203e-05,0.22590762376785278,82017,0.8527108709017436,0.10277777777777777,0.22083333333333333,0.18611111111111112,0.1375,0.3527777777777778
115,720,0.3526959225187665,0.01416591811309999,0.014266730200535482,457,8.059194104943243e-05,0.22730451822280884,82737,0.8595004161198934,0.14722222222222223,0.21805555555555556,0.17083333333333334,0.16527777777777777,0.2986111111111111
116,720,0.34948638962384576,-0.5487565910948414,-0.42233235890138854,437,8.126685980742978e-05,0.2237568199634552,83457,0.866090448697408,0.24166666666666667,0.15,0.11388888888888889,0.1388888888888889,0.35555555555555557
117,720,0.34630606347826876,0.08841407109560481,0.09244037637253855,419,8.481763397741006e-05,0.22121720016002655,84177,0.8729136347770691,0.09305555555555556,0.12361111111111112,0.15416666666666667,0.275,0.3541666666666667
118,720,0.3431546783006165,-0.12267094300935158,-0.11544531642081224,393,8.328397871082416e-05,0.22273403406143188,84897,0.8802191813786825,0.13194444444444445,0.16527777777777777,0.16111111111111112,0.15416666666666667,0.3875
119,720,0.3400319707280809,-0.01922637914801838,-0.019042731165664017,412,7.542142950822179e-05,0.2193027138710022,85617,0.8865917841593425,0.1986111111111111,0.20972222222222223,0.14722222222222223,0.1486111111111111,0.29583333333333334
120,720,0.3369376797944554,-0.025554204136695024,-0.025230459007710038,448,7.893281390604695e-05,0.22001510858535767,86337,0.8929567813873291,0.14305555555555555,0.24722222222222223,0.18194444444444444,0.15555555555555556,0.2722222222222222
121,720,0.3338715469083258,-0.2115429901916786,-0.1906655131398941,435,8.236229688362881e-05,0.2148108184337616,87057,0.9054837862650553,0.3638888888888889,0.11388888888888889,0.1486111111111111,0.1361111111111111,0.2375
122,720,0.3308333158314601,-0.09764496740911487,-0.09302914918928917,427,7.90542355212488e-05,0.2158760279417038,87777,0.9118951837221781,0.3111111111111111,0.20972222222222223,0.2013888888888889,0.1486111111111111,0.12916666666666668
123,720,0.3278227326573938,0.03927302034175421,0.04005440089877821,419,7.787752995606449e-05,0.2110142558813095,88497,0.9184057354927063,0.14722222222222223,0.20555555555555555,0.19583333333333333,0.2569444444444444,0.19444444444444445
124,720,0.3248395457902115,0.3399350535615423,0.4048563471843667,416,7.84525911904489e-05,0.20831727981567383,89217,0.9251756151517232,0.19444444444444445,0.17777777777777778,0.20694444444444443,0.19166666666666668,0.22916666666666666
125,720,0.3218835059235206,-0.16264486055224633,-0.15010703465666553,452,8.376578942690887e-05,0.2094646394252777,89937,0.9322478334108989,0.24583333333333332,0.12638888888888888,0.15,0.18888888888888888,0.28888888888888886
126,720,0.3189543660196166,-0.25564110212810265,-0.2255801434389254,441,8.470909209184659e-05,0.20810508728027344,90657,0.9391754309336344,0.24444444444444444,0.16944444444444445,0.17222222222222222,0.18888888888888888,0.225
127,720,0.31605188128883804,0.19688164588372387,0.21759992421467733,412,7.99148128723775e-05,0.20477160811424255,91377,0.9470926682154338,0.21944444444444444,0.11527777777777778,0.20833333333333334,0.21805555555555556,0.2388888888888889
128,720,0.31317580916910964,-0.25392428567610276,-0.22424946474973562,400,7.52236868581551e-05,0.20585834980010986,92097,0.9537119666735331,0.2375,0.12916666666666668,0.14583333333333334,0.22777777777777777,0.25972222222222224
129,720,0.3103259093056707,0.0045802393383724644,0.004590744667421376,364,7.833098175448564e-05,0.20531755685806274,92817,0.9603504339853922,0.2722222222222222,0.17083333333333334,0.17083333333333334,0.22083333333333333,0.16527777777777777
130,720,0.30750194353098914,0.07425175403014174,0.07707793007610841,346,7.746639331698032e-05,0.20322275161743164,93537,0.9669822692871094,0.20833333333333334,0.15,0.15138888888888888,0.18055555555555555,0.30972222222222223
131,720,0.30470367584485714,-0.2238833102728545,-0.20059158832355506,422,7.821632250271351e-05,0.2039145827293396,94257,0.9794376373291016,0.23333333333333334,0.20833333333333334,0.17777777777777778,0.16944444444444445,0.2111111111111111
132,720,0.3019308723946689,0.1864500977660115,0.2049644901654155,415,7.741275485134085e-05,0.20221169292926788,94977,0.9860888044039409,0.3125,0.18194444444444444,0.1625,0.1111111111111111,0.23194444444444445
133,720,0.29918330145587746,-0.21626895587487707,-0.19448137622982298,386,7.62341779161741e-05,0.19996976852416992,95697,0.9927291353543599,0.20555555555555555,0.125,0.21805555555555556,0.18333333333333332,0.26805555555555555
134,720,0.29646073341262896,0.2075042381910366,0.23060293235935947,388,7.398089813553573e-05,0.2026081383228302,96417,0.9994176348050435,0.1375,0.2263888888888889,0.16944444444444445,0.18333333333333332,0.2833333333333333
135,720,0.29376294073857406,-0.002638559531307584,-0.002635081592696875,416,7.544909682590312e-05,0.1984718292951584,97137,1.0059877673784892,0.18611111111111112,0.14444444444444443,0.19166666666666668,0.18055555555555555,0.2972222222222222
136,720,0.29108969797785306,-0.16784680046682524,-0.15451664758172545,362,7.353833318575198e-05,0.1979382038116455,97857,1.0125691334406535,0.1125,0.11666666666666667,0.19027777777777777,0.21388888888888888,0.36666666666666664
137,720,0.2884407817262546,-0.23080429321780538,-0.20610517856640187,396,7.34356244151968e-05,0.19603145122528076,98577,1.0193665504455567,0.25833333333333336,0.19027777777777777,0.2,0.1361111111111111,0.2152777777777778
138,720,0.28581597061254566,-0.06964956057503877,-0.06727937528066474,419,7.586430119519921e-05,0.19436030089855194,99297,1.0260682662328084,0.28194444444444444,0.125,0.15833333333333333,0.1597222222222222,0.275
139,720,0.2832150452799715,0.03160516663210958,0.03210991341182878,397,7.406032210863285e-05,0.19127914309501648,100017,1.032719866434733,0.39166666666666666,0.19722222222222222,0.12777777777777777,0.08888888888888889,0.19444444444444445
140,720,0.28063778836792375,-0.1393345586889229,-0.13006306519334299,371,7.620787189858271e-05,0.18857626616954803,100737,1.0393076181411742,0.3541666666666667,0.17916666666666667,0.16944444444444445,0.12777777777777777,0.16944444444444445
141,720,0.27808398449377564,-0.1589277736246445,-0.1469420299707218,384,7.387978470458418e-05,0.18673308193683624,101457,1.0523925185203553,0.24166666666666667,0.11666666666666667,0.1486111111111111,0.15416666666666667,0.3388888888888889
142,720,0.2755534202348823,0.45459371506261526,0.5755331375996038,400,7.106079942660572e-05,0.18532486259937286,102177,1.0593931516011557,0.24861111111111112,0.10555555555555556,0.12083333333333333,0.14444444444444443,0.38055555555555554
143,720,0.2730458841107448,-0.11296849543158195,-0.10682120111465765,403,7.621153974165887e-05,0.18559005856513977,102897,1.0667644341786702,0.24166666666666667,0.18472222222222223,0.24444444444444444,0.14444444444444443,0.18472222222222223
144,720,0.270561166565337,-0.4819428720650629,-0.38241765803922234,410,7.163796979309862e-05,0.1860777735710144,103617,1.0732909878094992,0.11527777777777778,0.12916666666666668,0.2222222222222222,0.22361111111111112,0.30972222222222223
145,720,0.26809905994959243,-0.01766599346770286,-0.017510864649902924,388,7.212483919955856e-05,0.18367710709571838,104337,1.0796460827191672,0.26805555555555555,0.17916666666666667,0.14305555555555555,0.14444444444444443,0.2652777777777778
146,720,0.26565935850405115,0.19608015711045396,0.2166244225241316,386,6.99512632675376e-05,0.18136967718601227,105057,1.0861002683639527,0.20833333333333334,0.15,0.20833333333333334,0.14583333333333334,0.2875
147,720,0.2632418583416643,-0.18350281955381434,-0.16765047111970155,366,7.314647033101412e-05,0.1818724423646927,105777,1.0925025383631388,0.2763888888888889,0.08055555555555556,0.15,0.17916666666666667,0.3138888888888889
148,720,0.2608463574307552,0.0195244431490022,0.01971629163329358,365,6.826137224101735e-05,0.1802697777748108,106497,1.0990704496701558,0.2013888888888889,0.12777777777777777,0.2111111111111111,0.20277777777777778,0.2569444444444444
149,720,0.2584726555781353,0.22589333798408567,0.25344196350120485,435,6.967640893612447e-05,0.17867416143417358,107217,1.1056320865948994,0.08888888888888889,0.15694444444444444,0.22083333333333333,0.2652777777777778,0.26805555555555555
150,720,0.2561205544123743,-0.04865682576499279,-0.047492050195810376,385,7.174763952662033e-05,0.17711196839809418,107937,1.1120168487230937,0.30972222222222223,0.17916666666666667,0.14166666666666666,0.17083333333333334,0.1986111111111111
151,720,0.2537898573672217,-0.3134997354409819,-0.2691154276343162,381,7.241372871552206e-05,0.17468848824501038,108657,1.1246596336364747,0.31527777777777777,0.09305555555555556,0.175,0.15138888888888888,0.2652777777777778
152,720,0.25148036966518,-0.44474845306592625,-0.359014506309711,329,7.077962861027724e-05,0.17587874829769135,109377,1.1312070846557618,0.10555555555555556,0.1125,0.20833333333333334,0.20277777777777778,0.37083333333333335
153,720,0.24919189830122687,-0.004773291342239817,-0.004761917291535411,416,7.481466507215373e-05,0.17408473789691925,110097,1.1375373363494874,0.2625,0.15,0.16944444444444445,0.14444444444444443,0.27361111111111114
154,720,0.24692425202668572,-0.20475652905339276,-0.1851543164879733,391,6.962632424145138e-05,0.1724303662776947,110817,1.1447724183400472,0.20277777777777778,0.1597222222222222,0.21944444444444444,0.1361111111111111,0.28194444444444444
155,720,0.24467724133324287,-0.10567760005218549,-0.10028533071557455,393,7.400463713717424e-05,0.17238008975982666,111537,1.1513019363085428,0.2708333333333333,0.1597222222222222,0.17222222222222222,0.15555555555555556,0.24166666666666667
156,720,0.24245067843711035,-0.1422146234428073,-0.1325649353939201,343,7.643486733412727e-05,0.17474906146526337,112257,1.1576822837193808,0.3388888888888889,0.11944444444444445,0.1736111111111111,0.12083333333333333,0.24722222222222223
157,720,0.24024437726333264,-0.04827832619709133,-0.04713145811071773,379,7.226639092247447e-05,0.1741667240858078,112977,1.1640032172203063,0.3486111111111111,0.20416666666666666,0.09861111111111111,0.19305555555555556,0.15555555555555556
158,720,0.2380581534302363,0.018167421732093646,0.018333453269224975,389,6.69942854377344e-05,0.17404824495315552,113697,1.1712194681167603,0.26666666666666666,0.20416666666666666,0.19027777777777777,0.11944444444444445,0.21944444444444444
159,720,0.23589182423402116,-0.044195405714846155,-0.043233018530402845,378,6.478413790520992e-05,0.17236588895320892,114417,1.1776938676834106,0.23472222222222222,0.11944444444444445,0.15416666666666667,0.1986111111111111,0.29305555555555557
160,720,0.23374520863349157,-0.18961291439002328,-0.1727207001140334,364,5.9357971772695036e-05,0.16854457557201385,115137,1.184074087937673,0.25833333333333336,0.13055555555555556,0.2111111111111111,0.1486111111111111,0.2513888888888889
161,720,0.2316181272349268,0.415648954994481,0.5153538180997093,359,6.299728383964975e-05,0.16963499784469604,115857,1.196599284807841,0.16805555555555557,0.09583333333333334,0.17916666666666667,0.16666666666666666,0.3902777777777778
162,720,0.22951040227708897,-0.22281548492204828,-0.1997375038305399,385,6.035173811874807e-05,0.16698625683784485,116577,1.2030463655789694,0.13472222222222222,0.125,0.23055555555555557,0.2013888888888889,0.30833333333333335
163,720,0.22742185761636746,0.08037238540670233,0.08369054308974477,321,6.181616518637787e-05,0.1682671755552292,117297,1.209794803460439,0.24861111111111112,0.09444444444444444,0.2125,0.1361111111111111,0.30833333333333335
164,720,0.22535231871205852,0.27888729513314076,0.3216583781435727,339,6.25116635748984e-05,0.1670546531677246,118017,1.2161364515622457,0.20694444444444443,0.1388888888888889,0.19027777777777777,0.16666666666666666,0.2972222222222222
165,720,0.22330161261177878,0.09924027374686115,0.10433160957770138,361,5.5037766345675566e-05,0.16381122171878815,118737,1.2224738001823425,0.1375,0.17916666666666667,0.18194444444444444,0.20833333333333334,0.29305555555555557
166,720,0.22126956793701158,0.29506540298808354,0.34321420603621666,359,5.748337479947925e-05,0.16231156885623932,119457,1.229298186302185,0.19305555555555556,0.14722222222222223,0.15416666666666667,0.19027777777777777,0.31527777777777777
167,720,0.21925601486878477,-0.35254973289927016,-0.2971063879957566,349,5.962738157576395e-05,0.16037617623806,120177,1.23574960231781,0.16111111111111112,0.16111111111111112,0.175,0.16944444444444445,0.3333333333333333
168,720,0.21726078513347882,0.24140565537819958,0.27303734502489996,371,5.69825526011098e-05,0.1597917526960373,120897,1.2421140988667807,0.0875,0.15833333333333333,0.2611111111111111,0.1986111111111111,0.29444444444444445
169,720,0.21528371198876417,-0.28142064320879195,-0.24528919527329818,337,6.087200521152327e-05,0.1578870713710785,121617,1.2484016338984172,0.15138888888888888,0.13333333333333333,0.2361111111111111,0.1527777777777778,0.3263888888888889
170,720,0.2133246302096664,0.054955241044281566,0.05649332607920843,304,6.027712577936957e-05,0.1563769280910492,122337,1.2547837018966674,0.15555555555555556,0.13333333333333333,0.1375,0.14444444444444443,0.42916666666666664
171,720,0.21138337607475843,0.11186506469853669,0.11836194395722677,366,5.85047429012775e-05,0.15278208255767822,123057,1.2675451358159384,0.22916666666666666,0.12222222222222222,0.18333333333333332,0.22083333333333333,0.24444444444444444
172,720,0.20945978735247814,0.03602245594119999,0.03667912583503807,285,5.774585594306498e-05,0.15466032922267914,123777,1.2738566835721334,0.3888888888888889,0.11666666666666667,0.1625,0.10138888888888889,0.23055555555555557
173,720,0.20755370328757058,-0.07562946426307764,-0.07284031128225099,345,6.079518603251523e-05,0.15483231842517853,124497,1.2803422172864278,0.08611111111111111,0.1388888888888889,0.19027777777777777,0.24444444444444444,0.3402777777777778
174,720,0.20566496458765368,-0.2449804690862026,-0.21728017467398186,351,6.1003851204885804e-05,0.15229633450508118,125217,1.2865288654963176,0.1527777777777778,0.12638888888888888,0.2263888888888889,0.19027777777777777,0.30416666666666664
175,720,0.20379341340990603,0.0086526414592387,0.008690183763259585,326,6.719974454275265e-05,0.14764060080051422,125937,1.2930415193239848,0.24027777777777778,0.125,0.15416666666666667,0.19027777777777777,0.2902777777777778
176,720,0.20193889334787588,0.031479032756232324,0.031979737598079705,324,5.7701083058721754e-05,0.14825521409511566,126657,1.2993667682011922,0.3375,0.18333333333333332,0.25833333333333336,0.12916666666666668,0.09166666666666666
177,720,0.2001012494184102,0.04207354280291125,0.04297117895421021,325,6.350686598024266e-05,0.14745205640792847,127377,1.3056523005167644,0.38055555555555554,0.10833333333333334,0.1763888888888889,0.10555555555555556,0.22916666666666666
178,720,0.19828032804870266,0.08358065899087538,0.0871729020256502,374,5.940914847112961e-05,0.14638322591781616,128097,1.3119371016820272,0.15,0.1986111111111111,0.24027777777777778,0.15833333333333333,0.25277777777777777
179,720,0.19647597706345946,-0.28506625087716064,-0.24803556563427742,321,6.758652885739341e-05,0.1435021460056305,128817,1.3183483878771465,0.19027777777777777,0.11666666666666667,0.14027777777777778,0.14027777777777778,0.4125
180,720,0.19468804567218198,0.3715025462854772,0.44991153798541306,313,6.53275707362708e-05,0.14350108802318573,129537,1.3246980031331381,0.09166666666666666,0.1,0.2638888888888889,0.2763888888888889,0.26805555555555555
181,720,0.19291638445656512,-0.1656644388680124,-0.15266948232283262,325,6.057496953215175e-05,0.1454389989376068,130257,1.3371779680252076,0.12083333333333333,0.10972222222222222,0.15555555555555556,0.15416666666666667,0.4597222222222222
182,720,0.19116084535801037,-0.05238491894765931,-0.05103647750702456,331,5.9268438045971074e-05,0.14481958746910095,130977,1.3436327854792276,0.5361111111111111,0.15555555555555556,0.11944444444444445,0.06666666666666667,0.12222222222222222
183,720,0.18942128166525246,0.27702563307065037,0.3192001857531319,292,6.0500866148534745e-05,0.14564330875873566,131697,1.3499815185864767,0.2652777777777778,0.15138888888888888,0.14027777777777778,0.16111111111111112,0.28194444444444444
184,720,0.18769754800209867,-0.08682290898695906,-0.08316055471644312,370,6.248388146003789e-05,0.14495651423931122,132417,1.3564417044321695,0.2638888888888889,0.1597222222222222,0.18888888888888888,0.22361111111111112,0.1638888888888889
185,720,0.18598950031527958,0.07640128768235452,0.0793956354332781,401,6.176558275304463e-05,0.14395081996917725,133137,1.3635457833607991,0.1625,0.18194444444444444,0.19027777777777777,0.21944444444444444,0.24583333333333332
186,720,0.18429699586241055,-0.017459074272129744,-0.017307547753998342,329,6.503012382508031e-05,0.14189589023590088,133857,1.3700018684069315,0.2388888888888889,0.1,0.1763888888888889,0.20277777777777778,0.28194444444444444
187,720,0.1826198932000626,-0.24643919373613757,-0.21842111501596106,329,6.407546402568996e-05,0.1415616273880005,134577,1.3764591534932455,0.2375,0.18888888888888888,0.19305555555555556,0.15694444444444444,0.22361111111111112
188,720,0.18095805217194205,0.028461404988604687,0.028870300807239735,374,6.530810310070794e-05,0.13948136568069458,135297,1.3828556180000304,0.20277777777777778,0.07222222222222222,0.17083333333333334,0.21944444444444444,0.3347222222222222
189,720,0.17931133389717738,-0.20635557397078433,-0.18645625013404754,329,6.02347637254752e-05,0.13754087686538696,136017,1.389210832118988,0.12916666666666668,0.07916666666666666,0.2986111111111111,0.2222222222222222,0.2708333333333333
190,720,0.17767960075871306,-0.030803944614349047,-0.030334337383186694,320,6.306058866888028e-05,0.13898812234401703,136737,1.3956179022789001,0.16111111111111112,0.12638888888888888,0.19583333333333333,0.19166666666666668,0.325
191,720,0.17606271639180876,-0.6387200475486065,-0.472032234615994,273,6.023563611026677e-05,0.14149340987205505,137457,1.4080562353134156,0.05416666666666667,0.043055555555555555,0.14305555555555555,0.1986111111111111,0.5611111111111111
192,720,0.1744605456726433,-0.32677304965048726,-0.2787525881942442,373,6.669517078863565e-05,0.13986016809940338,138177,1.414513369401296,0.14027777777777778,0.12361111111111112,0.2902777777777778,0.19583333333333333,0.25
193,720,0.17287295470702224,0.1884241476852822,0.2073454995624442,320,6.440995164969839e-05,0.13791687786579132,138897,1.4209791541099548,0.24444444444444444,0.20972222222222223,0.1986111111111111,0.2,0.14722222222222223
194,720,0.17129981081918835,0.15336608508342045,0.16575166513182582,337,6.16563396748562e-05,0.13394667208194733,139617,1.4273193677266438,0.29444444444444445,0.17083333333333334,0.18055555555555555,0.1597222222222222,0.19444444444444445
195,720,0.16974098254073375,-0.00958821520461562,-0.009542394831349998,279,6.0616182512755286e-05,0.13406632840633392,140337,1.433724852403005,0.18194444444444444,0.09166666666666666,0.21666666666666667,0.1527777777777778,0.35694444444444445
196,720,0.16819633959961308,-0.3173593326122666,-0.27193091085175747,319,5.9813954502866785e-05,0.1307939887046814,141057,1.4401047348976135,0.21666666666666667,0.12916666666666668,0.20694444444444443,0.18472222222222223,0.2625
197,720,0.16666575290925661,-0.0005349471613527714,-0.0005348041026316253,311,6.409299323498393e-05,0.13005676865577698,141777,1.4466875195503235,0.49027777777777776,0.15833333333333333,0.1486111111111111,0.07361111111111111,0.12916666666666668
198,720,0.16514909455778237,0.12866915075320548,0.1373137825046753,309,6.653382116484055e-05,0.13157568871974945,142497,1.4530843853950501,0.44166666666666665,0.16527777777777777,0.16805555555555557,0.12916666666666668,0.09583333333333334
199,720,0.16364623779730655,-0.11668961589574821,-0.11013865087826047,339,7.025007861077231e-05,0.13012246787548065,143217,1.459721048672994,0.3347222222222222,0.18055555555555555,0.17777777777777778,0.09166666666666666,0.2152777777777778
200,720,0.16215705703335107,0.10656266357146903,0.11244763420342441,289,6.396271303780547e-05,0.1282380074262619,143937,1.4662712534268698,0.3458333333333333,0.16527777777777777,0.19444444444444445,0.12777777777777777,0.16666666666666666
201,720,0.16068142781434758,-0.06130209410516618,-0.05946093445288947,322,6.188263931790061e-05,0.1275024116039276,144657,1.4797972877820333,0.42777777777777776,0.16527777777777777,0.1986111111111111,0.1111111111111111,0.09722222222222222
202,720,0.15921922682123701,-0.12093063616572268,-0.11390457956282984,352,5.7704925341618544e-05,0.12601333856582642,145377,1.4862756371498107,0.3388888888888889,0.15694444444444444,0.16666666666666666,0.11527777777777778,0.2222222222222222
203,720,0.15777033185716377,-0.030290921487626337,-0.02983674884677412,301,5.948739374414597e-05,0.12536081671714783,146097,1.4928128004074097,0.2986111111111111,0.09027777777777778,0.17083333333333334,0.13055555555555556,0.30972222222222223
204,720,0.15633462183726357,0.1322289268684839,0.14136957952497053,359,6.473523533132822e-05,0.12553048133850098,146817,1.4991989692052206,0.21666666666666667,0.20555555555555555,0.1986111111111111,0.1638888888888889,0.2152777777777778
205,720,0.15491197677854449,0.09044960892506185,0.09466634483798497,273,5.587417276034204e-05,0.127245232462883,147537,1.5056965152422588,0.25277777777777777,0.125,0.20416666666666666,0.1375,0.28055555555555556
206,720,0.15350227778985973,0.3814403983606299,0.46439237942381717,332,5.574995461630452e-05,0.12784278392791748,148257,1.5122709155082703,0.16944444444444445,0.1486111111111111,0.2013888888888889,0.14305555555555555,0.3375
207,720,0.152105407061972,0.26268346362192513,0.30041502513507634,295,6.143020372569986e-05,0.1264333724975586,148977,1.519890848795573,0.13194444444444445,0.10972222222222222,0.22777777777777777,0.14722222222222223,0.38333333333333336
208,720,0.15072124785770807,-0.4309760243759378,-0.35012550826553135,316,6.347343792438349e-05,0.12574002146720886,149697,1.5274833997090658,0.3680555555555556,0.14583333333333334,0.1361111111111111,0.18472222222222223,0.16527777777777777
209,720,0.14934968450220293,-0.13161383594636394,-0.12332052818002981,318,6.175078727387194e-05,0.12493687868118286,150417,1.5341286182403564,0.3263888888888889,0.14166666666666666,0.19166666666666668,0.2,0.14027777777777778
210,720,0.1479906023732329,0.13168046362916494,0.14074375190553523,340,6.396835068092818e-05,0.12282487750053406,151137,1.5405749320983886,0.25555555555555554,0.18055555555555555,0.1638888888888889,0.19305555555555556,0.20694444444444443
211,720,0.14664388789163646,0.10403618981580316,0.1096406118782951,236,6.087963697483347e-05,0.12296654284000397,151857,1.5527245680491129,0.07361111111111111,0.1125,0.1625,0.24722222222222223,0.4041666666666667
212,720,0.14530942851182257,-0.054122193497446874,-0.05268365646800621,230,5.926187988557609e-05,0.123680979013443,152577,1.5591776847839356,0.07916666666666666,0.08611111111111111,0.18611111111111112,0.18472222222222223,0.4638888888888889
213,720,0.143987112712365,0.3701644095172893,0.44797265558004384,251,5.850080082786412e-05,0.12226515263319016,153297,1.5654785672823588,0.0375,0.14583333333333334,0.1763888888888889,0.11805555555555555,0.5222222222222223
214,720,0.1426768299866825,0.03336937414053354,0.03393237659951809,334,5.954833533602747e-05,0.12064395099878311,154017,1.5719170848528543,0.2861111111111111,0.2361111111111111,0.21944444444444444,0.11666666666666667,0.14166666666666666
215,720,0.14137847083380367,-0.12467887697483052,-0.11721966183393306,336,5.814171595122591e-05,0.11969737708568573,154737,1.5783642689387003,0.1625,0.1986111111111111,0.19722222222222222,0.11944444444444445,0.32222222222222224
216,720,0.14009192674921606,0.4161383567539611,0.5160956164284269,259,6.105387644386914e-05,0.12010063230991364,155457,1.5851780851682027,0.08194444444444444,0.12361111111111112,0.16944444444444445,0.21805555555555556,0.40694444444444444
217,720,0.1388170902157982,-0.03929833178402345,-0.03853616886393674,266,5.995349914529571e-05,0.11937963962554932,156177,1.5915311376253765,0.034722222222222224,0.15694444444444444,0.2361111111111111,0.21944444444444444,0.3527777777777778
218,720,0.13755385469483442,-0.002980164501364206,-0.0029757282191801293,331,6.310846400133919e-05,0.11772327870130539,156897,1.5977510372797648,0.22083333333333333,0.12638888888888888,0.22777777777777777,0.2263888888888889,0.1986111111111111
219,720,0.13630211461711142,-0.27909316470516377,-0.2435305763188268,267,6.28652953145724e-05,0.1156914159655571,157617,1.6040590008099873,0.34305555555555556,0.1625,0.18055555555555555,0.1736111111111111,0.14027777777777778
220,720,0.1350617653740957,-0.0461260568021411,-0.04507841975730886,280,6.169912439114947e-05,0.11932801455259323,158337,1.6114905873934429,0.35555555555555557,0.16944444444444445,0.1638888888888889,0.12916666666666668,0.18194444444444444
221,720,0.13383270330919142,0.19287513373826737,0.21273135483376193,289,6.111427512046753e-05,0.12021985650062561,159057,1.6243473013242087,0.24583333333333332,0.15138888888888888,0.19305555555555556,0.22916666666666666,0.18055555555555555
222,720,0.1326148257090778,-0.49184292385789824,-0.388501589899759,313,5.9138923203742405e-05,0.12044559419155121,159777,1.630968936284383,0.28194444444444444,0.1111111111111111,0.19166666666666668,0.2222222222222222,0.19305555555555556
223,720,0.13140803079512517,-0.06097478311168435,-0.059153035290294476,308,6.104311832157489e-05,0.12167976051568985,160497,1.6374234676361084,0.24861111111111112,0.16111111111111112,0.16944444444444445,0.15694444444444444,0.2638888888888889
224,720,0.13021221771488953,-0.03913473593945461,-0.038378864509642896,237,5.483716369099056e-05,0.12364822626113892,161217,1.643842053413391,0.05138888888888889,0.125,0.18055555555555555,0.16805555555555557,0.475
225,720,0.12902728653368403,0.029933007921292755,0.03038550397453199,221,5.8964125183693896e-05,0.12359122186899185,161937,1.6501595695813498,0.0875,0.13472222222222222,0.16944444444444445,0.0875,0.5208333333333334
226,720,0.12785313822622751,0.0415804491996281,0.04245702331130863,310,5.7867104626691595e-05,0.12114206701517105,162657,1.6565757830937704,0.10694444444444444,0.21666666666666667,0.20694444444444443,0.18472222222222223,0.2847222222222222
227,720,0.12668967466836883,-0.15856367153291345,-0.14663137322751574,219,6.035553883394742e-05,0.11841277778148651,163377,1.6630879362424216,0.10277777777777777,0.10138888888888889,0.16527777777777777,0.3347222222222222,0.29583333333333334
228,720,0.12553679862888667,-0.35920492881190547,-0.30176875101111345,243,6.04954800665938e-05,0.11976701021194458,164097,1.669482668240865,0.2375,0.20277777777777778,0.17916666666666667,0.11666666666666667,0.2638888888888889
229,720,0.1243944137613638,-0.4066202603726877,-0.3341029902219831,251,6.526902654463306e-05,0.11927522718906403,164817,1.6759370684623718,0.3055555555555556,0.12638888888888888,0.14166666666666666,0.25833333333333336,0.16805555555555557
230,720,0.12326242459613539,0.12315473725548225,0.13105942443848617,313,6.116328534441587e-05,0.11786237359046936,165537,1.6824193994204204,0.24027777777777778,0.1597222222222222,0.17083333333333334,0.13194444444444445,0.2972222222222222
231,720,0.12214073653231056,-0.167611702519671,-0.15431785281401322,304,6.144505557206989e-05,0.11489623785018921,166257,1.6952525536219278,0.275,0.15555555555555556,0.20277777777777778,0.1638888888888889,0.20277777777777778
232,720,0.12102925582986652,0.2424008202347332,0.27430485763912116,268,6.153919409067991e-05,0.11430531740188599,166977,1.7015546480814616,0.15555555555555556,0.14444444444444443,0.18888888888888888,0.24722222222222223,0.2638888888888889
233,720,0.11992788960181475,0.38664071165790914,0.4720275139261383,305,6.525903626955673e-05,0.11321412026882172,167697,1.708098816871643,0.12222222222222222,0.09166666666666666,0.23472222222222222,0.18055555555555555,0.37083333333333335
234,720,0.11883654580643824,0.06314882999252172,0.06518535896377697,308,6.264297290070115e-05,0.11118434369564056,168417,1.7145214160283406,0.09583333333333334,0.15694444444444444,0.21666666666666667,0.2013888888888889,0.32916666666666666
235,720,0.11775513323959964,0.21279780352181132,0.23713448171750606,272,6.232021655579147e-05,0.11037597060203552,169137,1.720798134803772,0.1361111111111111,0.16111111111111112,0.1763888888888889,0.17777777777777778,0.3486111111111111
236,720,0.11668356152711928,-0.08249072681356645,-0.07918002324747064,298,6.186432570984835e-05,0.10987230390310287,169857,1.7276087681452432,0.18611111111111112,0.225,0.22361111111111112,0.16944444444444445,0.19583333333333333
237,720,0.1156217411172225,0.06358735375586651,0.06565257049023865,263,6.138132528374425e-05,0.11039777845144272,170577,1.7340141693751017,0.16805555555555557,0.1986111111111111,0.23472222222222222,0.18333333333333332,0.2152777777777778
238,720,0.11456958327305578,-0.17707471406351763,-0.16228280707077514,275,6.38757055778822e-05,0.10995128005743027,171297,1.7404568831125895,0.18888888888888888,0.20972222222222223,0.20555555555555555,0.1986111111111111,0.19722222222222222
239,720,0.11352700006527097,-0.08283230827997179,-0.07949450457187224,282,6.084898775498005e-05,0.11016303300857544,172017,1.746849501132965,0.18194444444444444,0.2986111111111111,0.2388888888888889,0.16666666666666666,0.11388888888888889
240,720,0.112493904364677,0.33309255937670396,0.39527643841062177,313,5.56590983655446e-05,0.10921810567378998,172737,1.7533849517504374,0.19722222222222222,0.225,0.16805555555555557,0.15555555555555556,0.25416666666666665
241,720,0.11147020983495844,-0.07252651221620045,-0.06995891111700969,308,6.0044717731165695e-05,0.10841430723667145,173457,1.7656236052513123,0.059722222222222225,0.18194444444444444,0.16111111111111112,0.20694444444444443,0.3902777777777778
242,720,0.11045583092546031,-0.6238185146067812,-0.46410579418670317,261,5.800910525345494e-05,0.10859370976686478,174177,1.7720351656277975,0.05694444444444444,0.13333333333333333,0.1527777777777778,0.26666666666666666,0.3902777777777778
243,720,0.10945068286403863,1.2156151406370226e-05,1.2156225292603295e-05,276,5.579384067762779e-05,0.10794855654239655,174897,1.778443201382955,0.23194444444444445,0.17777777777777778,0.12361111111111112,0.1486111111111111,0.31805555555555554
244,720,0.10845468164997588,-0.15764387909806,-0.1458460901271028,211,5.9982211431967396e-05,0.10708855837583542,175617,1.7848141988118489,0.38055555555555554,0.18611111111111112,0.08194444444444444,0.08194444444444444,0.26944444444444443
245,720,0.10746774404696109,-0.4159142059028988,-0.3402631304145287,297,5.774789980629673e-05,0.10601459443569183,176337,1.7916508158047995,0.15555555555555556,0.23055555555555557,0.10833333333333334,0.19305555555555556,0.3125
246,720,0.10648978757613374,-0.0975713986429481,-0.09296242200835592,321,6.125988632877326e-05,0.10499764233827591,177057,1.7981890360514323,0.19583333333333333,0.225,0.20277777777777778,0.19444444444444445,0.18194444444444444
247,720,0.10552073050919092,0.47560031982945594,0.6089798101037818,250,6.135201246277372e-05,0.10488861799240112,177777,1.8046763698259989,0.22083333333333333,0.16805555555555557,0.17222222222222222,0.20416666666666666,0.23472222222222222
248,720,0.10456049186155728,0.20916405511254046,0.2326472040191565,276,5.816798155693606e-05,0.10606886446475983,178497,1.8117296020189921,0.19305555555555556,0.13472222222222222,0.2013888888888889,0.27361111111111114,0.19722222222222222
249,720,0.1036089913856171,-0.15796261534281708,-0.14611829655344866,216,5.460168019782133e-05,0.10655616968870163,179217,1.8182394663492838,0.20833333333333334,0.36527777777777776,0.19722222222222222,0.1111111111111111,0.11805555555555555
250,720,0.10266614956400799,-0.2981934599050745,-0.257842251908889,250,5.644217021022592e-05,0.10595983266830444,179937,1.824672532081604,0.14722222222222223,0.35,0.12916666666666668,0.17222222222222222,0.2013888888888889
251,720,0.10173188760297552,0.0252155886800145,0.025536190687117655,249,5.557692280843993e-05,0.10621992498636246,180657,1.8396767179171245,0.30277777777777776,0.25,0.17083333333333334,0.08888888888888889,0.1875
252,720,0.10080612742578844,0.009708047094442788,0.009755323045510966,239,5.601504903754378e-05,0.10577154159545898,181377,1.8465861161549886,0.14722222222222223,0.17916666666666667,0.15,0.31805555555555554,0.20555555555555555
253,720,0.09988879166621377,-0.026589256248370056,-0.026238874308289084,303,5.585820255318039e-05,0.10496829450130463,182097,1.853280750910441,0.23472222222222222,0.25833333333333336,0.15555555555555556,0.0875,0.2638888888888889
254,720,0.09897980366205122,-0.1975692522528849,-0.17927669827800308,297,5.3292821548388425e-05,0.10363404452800751,182817,1.8597256382306417,0.32222222222222224,0.10694444444444444,0.1638888888888889,0.13333333333333333,0.27361111111111114
255,720,0.09807908744872657,-0.10912460666166489,-0.10338131412410612,237,5.310818507192986e-05,0.10365861654281616,183537,1.8665006836255391,0.12916666666666668,0.24861111111111112,0.15138888888888888,0.15694444444444444,0.3138888888888889
256,720,0.09718656775294315,-0.16731980841697058,-0.1540709671520074,259,5.02566365134448e-05,0.10395881533622742,184257,1.8735127170880637,0.09722222222222222,0.3486111111111111,0.19583333333333333,0.15833333333333333,0.2
257,720,0.09630216998639138,-0.1410550740121676,-0.13155851817614628,247,5.236658543026351e-05,0.10454444587230682,184977,1.8799217025438943,0.18888888888888888,0.1736111111111111,0.19166666666666668,0.2125,0.23333333333333334
258,720,0.09542582023951522,0.05517606861997434,0.05672665470089333,305,4.9304799276544345e-05,0.10400455445051193,185697,1.886483915646871,0.1,0.41388888888888886,0.1388888888888889,0.1986111111111111,0.1486111111111111
259,720,0.09455744527533563,-0.03573457220498506,-0.035103630187411805,253,5.30283108471647e-05,0.10442372411489487,186417,1.8930726687113444,0.2,0.2152777777777778,0.14027777777777778,0.14444444444444443,0.3
260,720,0.09369697252333008,0.16868274756690627,0.1837445335128376,295,5.6532181838520045e-05,0.10301806032657623,187137,1.8995734016100565,0.3388888888888889,0.18333333333333332,0.17222222222222222,0.14027777777777778,0.16527777777777777
261,720,0.09284433007336777,-0.1794486414713924,-0.16426912825113982,238,5.564568231130175e-05,0.10210920125246048,187857,1.912829832235972,0.17222222222222222,0.20833333333333334,0.18194444444444444,0.24583333333333332,0.19166666666666668
262,720,0.09199944666970013,0.003751872237489946,0.00375891932062955,212,5.206575193849656e-05,0.10090990364551544,188577,1.9229509512583414,0.21666666666666667,0.11666666666666667,0.22361111111111112,0.30833333333333335,0.13472222222222222
263,720,0.09116225170500586,-0.10285634331762812,-0.09774342064124286,238,5.500342584809914e-05,0.09915544837713242,189297,1.930319035053253,0.25416666666666665,0.15,0.25416666666666665,0.23472222222222222,0.10694444444444444
264,720,0.0903326752144903,-0.23488052004853935,-0.20933468736141903,267,5.2348076762124646e-05,0.09822822362184525,190017,1.937066900730133,0.1736111111111111,0.14027777777777778,0.15555555555555556,0.1361111111111111,0.39444444444444443
265,720,0.08951064787003844,-0.4273281005203438,-0.347750486288096,273,5.5149854392766426e-05,0.09750684350728989,190737,1.943763784567515,0.27361111111111114,0.24861111111111112,0.18194444444444444,0.19305555555555556,0.10277777777777777
266,720,0.0886961009744211,0.1554842165094062,0.1682234972771579,259,5.4664567507087565e-05,0.09798604249954224,191457,1.9503291527430215,0.1625,0.07916666666666666,0.2111111111111111,0.31805555555555554,0.22916666666666666
267,720,0.08788896645555387,0.10353905701704294,0.10908911023143042,211,5.0550148941713105e-05,0.09629931300878525,192177,1.9583230177561441,0.16111111111111112,0.2152777777777778,0.09722222222222222,0.0875,0.4388888888888889
268,720,0.08708917686080833,-0.1782084737892269,-0.16323203888357407,267,5.4140889007056915e-05,0.09548136591911316,192897,1.9677857836087544,0.29444444444444445,0.1527777777777778,0.22916666666666666,0.15555555555555556,0.16805555555555557
269,720,0.08629666535137498,0.08521158555651115,0.08894744787664632,269,5.3627402667189014e-05,0.09441827237606049,193617,1.9750584006309508,0.225,0.28194444444444444,0.14305555555555555,0.15138888888888888,0.1986111111111111
270,720,0.08551136569667747,0.05232167164485878,0.05371463812474708,244,5.2816525730274104e-05,0.09356926381587982,194337,1.9825191338857016,0.25,0.10833333333333334,0.17777777777777778,0.20694444444444443,0.2569444444444444
271,720,0.0847332122688377,-0.15274336610715267,-0.14165002475648958,250,5.298851232787961e-05,0.09118548780679703,195057,1.9973265012105306,0.08888888888888889,0.3013888888888889,0.12638888888888888,0.19305555555555556,0.2902777777777778
272,720,0.08396214003719128,-0.04205182641514515,-0.04117991292310452,206,5.5399145605861125e-05,0.09298847615718842,195777,2.005498917897542,0.10694444444444444,0.2111111111111111,0.2708333333333333,0.13194444444444445,0.2791666666666667
273,720,0.08319808456285284,0.025612547539766238,0.02594336717481771,222,5.211031110674311e-05,0.09234794974327087,196497,2.0133273005485535,0.19305555555555556,0.37916666666666665,0.1361111111111111,0.12916666666666668,0.1625
274,720,0.08244098199333087,-0.5473854748644723,-0.421539766178715,273,5.429671478193793e-05,0.09139949828386307,197217,2.0222206354141234,0.3277777777777778,0.13055555555555556,0.19722222222222222,0.19166666666666668,0.1527777777777778
275,720,0.08169076905719157,-0.026631501405985893,-0.026280010131624065,239,5.1885327510111284e-05,0.09028106927871704,197937,2.0303473830223084,0.16666666666666666,0.23055555555555557,0.24305555555555555,0.20555555555555555,0.15416666666666667
276,720,0.08094738305877112,0.2305702776844387,0.25931796612651903,236,5.261388680032219e-05,0.09118528664112091,198657,2.0372846682866412,0.30416666666666664,0.12361111111111112,0.2111111111111111,0.175,0.18611111111111112
277,720,0.08021076187293631,0.0007865302905850635,0.0007868396866441696,210,5.39522026934315e-05,0.09010104089975357,199377,2.046795868873596,0.12083333333333333,0.17222222222222222,0.1736111111111111,0.09027777777777778,0.44305555555555554
278,720,0.07948084393989259,-0.51378535463685,-0.4017732131112768,224,5.630669521047417e-05,0.0882045328617096,200097,2.0593850016593933,0.22083333333333333,0.25555555555555554,0.2,0.1638888888888889,0.1597222222222222
279,720,0.07875756826003957,0.05457898943630551,0.05609589353845901,253,5.5260817343752124e-05,0.08791710436344147,200817,2.068281133969625,0.2833333333333333,0.1375,0.20833333333333334,0.2152777777777778,0.15555555555555556
280,720,0.07804087438887321,-0.03430340080248965,-0.03372170944971842,224,5.4965515772033135e-05,0.08696507662534714,201537,2.0758439183235167,0.044444444444444446,0.325,0.12638888888888888,0.23472222222222222,0.26944444444444443
281,720,0.07733070243193446,0.03022583467522571,0.030687272597763382,275,5.566876054293365e-05,0.0876130610704422,202257,2.0888344009717303,0.1638888888888889,0.08888888888888889,0.2361111111111111,0.3,0.2111111111111111
282,720,0.07662699303980386,-0.13088483722251426,-0.12268119695633917,257,5.503449850594835e-05,0.08750786632299423,202977,2.096713415781657,0.4097222222222222,0.20277777777777778,0.1125,0.18194444444444444,0.09305555555555556
283,720,0.07592968740314164,-0.19586553086734543,-0.1778772226174602,240,5.737297392821953e-05,0.08480214327573776,203697,2.1040945212046305,0.1597222222222222,0.1486111111111111,0.2152777777777778,0.36527777777777776,0.1111111111111111
284,720,0.07523872724777306,-0.16085192533631013,-0.14858186477249635,166,5.64806740675926e-05,0.08564705401659012,204417,2.1125201026598615,0.2777777777777778,0.15,0.19444444444444445,0.2833333333333333,0.09444444444444444
285,720,0.07455405482981832,-0.15854687953934143,-0.14661704334670866,248,5.657211526492271e-05,0.08455035090446472,205137,2.1207159519195558,0.09166666666666666,0.14305555555555555,0.3680555555555556,0.2708333333333333,0.12638888888888888
286,720,0.07387561293086697,-0.016655059597008134,-0.016517130890461917,210,5.7109537413503454e-05,0.08329823613166809,205857,2.1282154321670532,0.29444444444444445,0.20277777777777778,0.19583333333333333,0.19305555555555556,0.11388888888888889
287,720,0.07320334485319609,-0.02078708821336279,-0.020572525975010914,164,5.430330082971422e-05,0.08322116732597351,206577,2.136397401491801,0.3527777777777778,0.21666666666666667,0.18055555555555555,0.16111111111111112,0.08888888888888889
288,720,0.07253719441503201,-0.15223584339580037,-0.1412142820844695,328,5.5151702029989894e-05,0.0823676735162735,207297,2.143373068173726,0.34444444444444444,0.07361111111111111,0.17083333333333334,0.2111111111111111,0.2
289,720,0.07187710594585521,0.007003575553560433,0.00702815794352607,266,5.406458574586597e-05,0.08091575652360916,208017,2.1509909351666767,0.0763888888888889,0.18611111111111112,0.19166666666666668,0.21388888888888888,0.33194444444444443
290,720,0.07122302428174793,0.13745099808184352,0.1473454824651277,203,5.7062194563665496e-05,0.08219550549983978,208737,2.158628002802531,0.11666666666666667,0.05694444444444444,0.1986111111111111,0.3486111111111111,0.2791666666666667
291,720,0.07057489476078402,-0.16578688211071235,-0.15277322586757824,258,5.791697962472932e-05,0.0810798853635788,209457,2.171787933508555,0.3416666666666667,0.16805555555555557,0.18055555555555555,0.18333333333333332,0.12638888888888888
292,720,0.06993266321846088,0.0936809547488085,0.0982093115522702,193,5.373526056094609e-05,0.07956990599632263,210177,2.178708036740621,0.35,0.13472222222222222,0.20694444444444443,0.09444444444444444,0.21388888888888888
293,720,0.06929627598317288,0.180755414614939,0.19812210029798893,234,5.365826081060732e-05,0.0790586769580841,210897,2.1894970218340557,0.30833333333333335,0.2013888888888889,0.19166666666666668,0.1736111111111111,0.125
294,720,0.068665679871726,-0.20133619414934245,-0.1823624996025901,248,5.190278023721678e-05,0.07787841558456421,211617,2.201548703511556,0.17083333333333334,0.1986111111111111,0.3277777777777778,0.21805555555555556,0.08472222222222223
295,720,0.0680408221848933,0.07711469656201028,0.08016596061000159,200,5.356502090055276e-05,0.07863549143075943,212337,2.2102076689402264,0.18333333333333332,0.3138888888888889,0.24722222222222223,0.15833333333333333,0.09722222222222222
296,720,0.06742165070301076,-0.13244503963258533,-0.12404892462380168,208,5.652821785765304e-05,0.07914023101329803,213057,2.2169077674547832,0.2861111111111111,0.15138888888888888,0.15694444444444444,0.07777777777777778,0.3277777777777778
297,720,0.06680811368161337,-0.052641824363721834,-0.05128024006229848,294,5.42466810631797e-05,0.07809889316558838,213777,2.223907987276713,0.20833333333333334,0.2361111111111111,0.18888888888888888,0.26666666666666666,0.1
298,720,0.06620015984711068,-0.023606556685780457,-0.023330101583545204,200,5.6502502174124755e-05,0.07825684547424316,214497,2.232887669404348,0.13472222222222222,0.13472222222222222,0.1736111111111111,0.12777777777777777,0.42916666666666664
299,720,0.06559773839250198,-0.23761590854417317,-0.21149450883938614,314,5.565978879202602e-05,0.07906502485275269,215217,2.241465651988983,0.5111111111111111,0.14305555555555555,0.15694444444444444,0.1375,0.05138888888888889
300,720,0.06500079897313021,-0.14819520719198548,-0.13773722138342048,234,5.2291878668913546e-05,0.07846046984195709,215937,2.2507211367289224,0.5541666666666667,0.10694444444444444,0.12083333333333333,0.05555555555555555,0.1625
301,720,0.06440929170247472,-0.051997736065827665,-0.05066898393661445,209,5.2822296482999166e-05,0.07790019363164902,216657,2.26522243420283,0.09027777777777778,0.2152777777777778,0.21944444444444444,0.19166666666666668,0.2833333333333333
302,720,0.06382316714798221,-0.23754703541515348,-0.21144020012877396,187,5.500874093387311e-05,0.07717778533697128,217377,2.2724605003992715,0.16527777777777777,0.17777777777777778,0.23333333333333334,0.24722222222222223,0.1763888888888889
303,720,0.06324237632693558,0.0787795531999383,0.0819657798843958,173,5.412993827273264e-05,0.0762173980474472,218097,2.280352767308553,0.39166666666666666,0.075,0.10555555555555556,0.27361111111111114,0.15416666666666667
304,720,0.06266687070236046,-0.08030450810857835,-0.07716470723227498,207,4.8675926627260603e-05,0.07504068315029144,218817,2.2877137660980225,0.29444444444444445,0.15,0.24166666666666667,0.1486111111111111,0.16527777777777777
305,720,0.06209660217896898,0.11409439455833947,0.12085792277928453,201,5.114242530908086e-05,0.07595743983983994,219537,2.2948690334955852,0.15833333333333333,0.10277777777777777,0.3763888888888889,0.2652777777777778,0.09722222222222222
306,720,0.06153152309914036,0.14901657062831608,0.1606922224491396,197,4.7454507747109646e-05,0.07420029491186142,220257,2.301319984594981,0.39444444444444443,0.12361111111111112,0.22916666666666666,0.15555555555555556,0.09722222222222222
307,720,0.06097158623893818,-0.2211160390598371,-0.19837634476226707,250,4.9264475986395455e-05,0.0750899463891983,220977,2.3078983664512633,0.1527777777777778,0.2638888888888889,0.21805555555555556,0.16527777777777777,0.2
308,720,0.06041674480416385,-0.11636588642793085,-0.10985052990316946,254,5.2644352405827196e-05,0.07455789297819138,221697,2.3143661856651305,0.12083333333333333,0.2513888888888889,0.24444444444444444,0.24166666666666667,0.14166666666666666
309,720,0.059866952426445956,0.32111961997013416,0.37867048755303934,160,5.159289799823657e-05,0.07419489324092865,222417,2.320779585838318,0.25555555555555554,0.24444444444444444,0.275,0.1125,0.1125
310,720,0.059322163159365296,0.14226046816099389,0.1528768971579586,177,4.9716114227117534e-05,0.07433055341243744,223137,2.327267285188039,0.1125,0.14166666666666666,0.2972222222222222,0.2986111111111111,0.15
311,720,0.05878233147461507,-0.019768756200024527,-0.01957463561785655,195,5.3464675051549824e-05,0.07294678688049316,223857,2.339718933900197,0.3055555555555556,0.2,0.2263888888888889,0.14722222222222223,0.12083333333333333
312,720,0.058247412258196074,0.031022773010606748,0.03150899418431563,205,4.969690584175623e-05,0.07207414507865906,224577,2.346718200047811,0.2791666666666667,0.1763888888888889,0.27361111111111114,0.10555555555555556,0.16527777777777777
313,720,0.05771736080664649,0.07964349486088161,0.08290093910069274,184,4.922672777638581e-05,0.07240892201662064,225297,2.3531609535217286,0.24166666666666667,0.075,0.25555555555555554,0.24305555555555555,0.18472222222222223
314,720,0.057192132823306006,0.027217703649400328,0.027591488831181676,187,5.123062238933724e-05,0.07299968600273132,226017,2.3595762332280477,0.19444444444444445,0.19166666666666668,0.23333333333333334,0.19444444444444445,0.18611111111111112
315,720,0.05667168441461392,0.15735235080466742,0.17040793543357724,214,4.981986739949207e-05,0.07400816679000854,226737,2.3665209849675497,0.42083333333333334,0.11805555555555555,0.3194444444444444,0.11527777777777778,0.02638888888888889
316,720,0.056155972086440936,-0.10242534952603227,-0.09735446984544438,226,5.4340029083101e-05,0.07441617548465729,227457,2.373875383536021,0.2513888888888889,0.07222222222222222,0.2361111111111111,0.22916666666666666,0.2111111111111111
317,720,0.05564495274045432,-0.1551171729769255,-0.14368516535336695,199,5.586362403214985e-05,0.07433490455150604,228177,2.3811424175898233,0.28055555555555556,0.19583333333333333,0.24583333333333332,0.17916666666666667,0.09861111111111111
318,720,0.05513858367051619,-0.033796716680575954,-0.0332319875258652,154,5.6506373051787606e-05,0.07513019442558289,228897,2.388217834631602,0.5138888888888888,0.11944444444444445,0.16111111111111112,0.1625,0.043055555555555555
319,720,0.05463682255911449,0.09933431508650889,0.10443546728506226,269,5.306797971040093e-05,0.07375135272741318,229617,2.3958466331164043,0.27361111111111114,0.07083333333333333,0.25416666666666665,0.22916666666666666,0.17222222222222222
320,720,0.05413962747382655,0.04963035309894104,0.05088256908645605,291,5.772578224928616e-05,0.0740969181060791,230337,2.402507968743642,0.2847222222222222,0.23472222222222222,0.2125,0.14305555555555555,0.125
321,720,0.05364695686381473,-0.021888469204264547,-0.021650654952504733,191,5.296101564845735e-05,0.07418933510780334,231057,2.415081202983856,0.43194444444444446,0.030555555555555555,0.175,0.2652777777777778,0.09722222222222222
322,720,0.05315876955635402,-0.12759480209051058,-0.11979003386619691,276,5.124765259931034e-05,0.07348865270614624,231777,2.4250205357869468,0.2125,0.03888888888888889,0.18333333333333332,0.36666666666666664,0.1986111111111111
323,720,0.0526750247533912,-0.08273741355386902,-0.07940714931029613,201,5.504833852935715e-05,0.07372719049453735,232497,2.4333842515945436,0.41805555555555557,0.10833333333333334,0.2388888888888889,0.08611111111111111,0.1486111111111111
324,720,0.052195682028135335,0.3235543264862211,0.38203123512948234,163,5.33829443472516e-05,0.07277917116880417,233217,2.440399964650472,0.12638888888888888,0.1125,0.16666666666666666,0.3194444444444444,0.275
325,720,0.0517207013216793,0.1871473899535449,0.20580499549550746,216,5.3495149270727576e-05,0.07449545711278915,233937,2.4479184190432233,0.2222222222222222,0.10972222222222222,0.14444444444444443,0.25833333333333336,0.2652777777777778
326,720,0.05125004293965202,-0.22670470733086245,-0.20284385809669436,240,5.5116425970583e-05,0.07421790063381195,234657,2.4548058827718098,0.2625,0.041666666666666664,0.13333333333333333,0.25277777777777777,0.30972222222222223
327,720,0.050783667548901186,0.17676629234256008,0.19335216499560715,190,5.7791014642008224e-05,0.07227776199579239,235377,2.465108001232147,0.11805555555555555,0.1,0.2569444444444444,0.2625,0.2625
328,720,0.050321536174206184,0.08481083624716029,0.08851114036979468,194,5.089725347033891e-05,0.07075437903404236,236097,2.478256968657176,0.37222222222222223,0.041666666666666664,0.20555555555555555,0.22777777777777777,0.1527777777777778
329,720,0.049863610195020905,0.17424670971073797,0.19034920030451796,189,5.0507854122846156e-05,0.07122410833835602,236817,2.490431849161784,0.3111111111111111,0.030555555555555555,0.19444444444444445,0.26666666666666666,0.19722222222222222
330,720,0.049409851342246215,0.037576891479295896,0.038291829807289623,156,5.0077194413865474e-05,0.07236767560243607,237537,2.504719686508179,0.25555555555555554,0.05694444444444444,0.07361111111111111,0.14305555555555555,0.4708333333333333
331,720,0.04896022169503177,0.20781113419239403,0.23098065743675034,158,5.277111287366804e-05,0.07303036004304886,238257,2.5190029700597125,0.30833333333333335,0.08194444444444444,0.23055555555555557,0.12777777777777777,0.2513888888888889
332,720,0.04851468367760699,0.25296894913538626,0.2878432875662156,229,5.110309380585123e-05,0.0729619711637497,238977,2.5256704330444335,0.18194444444444444,0.1388888888888889,0.2222222222222222,0.22361111111111112,0.23333333333333334
333,720,0.04807320005614076,-0.003995519133144822,-0.003987547666822189,201,5.4818687628236756e-05,0.07461424916982651,239697,2.532210584481557,0.45,0.05416666666666667,0.16111111111111112,0.1763888888888889,0.15833333333333333
334,720,0.04763573393562988,-0.08679980433646631,-0.08313937121678194,180,5.1758469824865944e-05,0.07460920512676239,240417,2.5390937328338623,0.32916666666666666,0.04583333333333333,0.18472222222222223,0.3055555555555556,0.13472222222222222
335,720,0.04720224875681565,-0.09133941142420132,-0.08729212515838902,163,4.792166476414018e-05,0.0756235346198082,241137,2.5459046840667723,0.22916666666666666,0.013888888888888888,0.12361111111111112,0.1361111111111111,0.49722222222222223
336,720,0.04677270829312862,0.9781473431118299,1.659524488553631,209,5.042143877365864e-05,0.0773143619298935,241857,2.552896499633789,0.2833333333333333,0.03888888888888889,0.12361111111111112,0.22361111111111112,0.33055555555555555
337,720,0.046347076647661155,-0.04872918295496734,-0.04756096850109115,159,5.339617176029302e-05,0.07754190266132355,242577,2.5600338697433473,0.14166666666666666,0.08055555555555556,0.15833333333333333,0.16805555555555557,0.4513888888888889
338,720,0.045925318250167435,-0.24295849914446743,-0.21569593761425743,210,5.410521939160794e-05,0.07698405534029007,243297,2.566562604904175,0.03333333333333333,0.005555555555555556,0.03611111111111111,0.26666666666666666,0.6583333333333333
339,720,0.045507397854090914,0.09915221501281991,0.10423436781575446,186,5.6789250966933956e-05,0.07617199420928955,244017,2.573162353038788,0.17777777777777778,0.06527777777777778,0.3347222222222222,0.13333333333333333,0.28888888888888886
340,720,0.04509328053361869,0.21582114651149326,0.24088042335995397,190,6.147595562424612e-05,0.0755167230963707,244737,2.5797903537750244,0.05694444444444444,0.04861111111111111,0.15555555555555556,0.38055555555555554,0.35833333333333334
341,720,0.04468293168076276,-0.19277035672090215,-0.17532866737517405,121,6.026270004895195e-05,0.07583288848400116,245457,2.5952459534009296,0.2263888888888889,0.05416666666666667,0.20416666666666666,0.19444444444444445,0.32083333333333336
342,720,0.04427631700246782,-0.03509768925811187,-0.03448890841184982,214,5.8421569284898094e-05,0.07512672245502472,246177,2.6021774490674336,0.32083333333333336,0.04861111111111111,0.1875,0.13472222222222222,0.30833333333333335
343,720,0.043873402517745366,0.08788418565168572,0.09186166145859298,174,6.067868244675386e-05,0.07491887360811234,246897,2.609166733423869,0.059722222222222225,0.06111111111111111,0.24166666666666667,0.37083333333333335,0.26666666666666666
344,720,0.04347415455483388,-0.2916459688593954,-0.2529670379053065,147,5.938049133141653e-05,0.0753435418009758,247617,2.6171481013298035,0.25277777777777777,0.06666666666666667,0.2361111111111111,0.16111111111111112,0.2833333333333333
345,720,0.043078539748384895,0.11281945733823316,0.1194298098656803,144,5.9220895464780673e-05,0.07802657783031464,248337,2.6245808362960816,0.10138888888888889,0.015277777777777777,0.04722222222222222,0.23472222222222222,0.6013888888888889
346,720,0.04268652503667459,0.09191105782117402,0.09626731334113758,146,5.7408473231943287e-05,0.07642246037721634,249057,2.6337466835975647,0.09722222222222222,0.18333333333333332,0.21388888888888888,0.19722222222222222,0.30833333333333335
347,720,0.04229807765884085,0.05209587913836959,0.05347674411383352,149,5.737487190471155e-05,0.07577412575483322,249777,2.641849486033122,0.15555555555555556,0.1527777777777778,0.14444444444444443,0.1875,0.3597222222222222
348,720,0.0419131651521454,-0.3073188512157373,-0.2645839247898151,182,5.714775187723515e-05,0.0747750923037529,250497,2.64882968266805,0.020833333333333332,0.15833333333333333,0.16944444444444445,0.30972222222222223,0.3416666666666667
349,720,0.04153175534926088,0.0831456265530488,0.08670004940831633,129,5.8377546794316816e-05,0.07507136464118958,251217,2.6554185509681703,0.06527777777777778,0.034722222222222224,0.3013888888888889,0.19166666666666668,0.40694444444444444
350,720,0.04115381637558261,0.2972126727902186,0.3461015481805281,162,5.744886505504433e-05,0.07409790903329849,251937,2.662325831254323,0.05277777777777778,0.10972222222222222,0.24722222222222223,0.35833333333333334,0.23194444444444445
351,720,0.040779316646564805,-0.02564750470138719,-0.02532140131377847,122,5.566492435870411e-05,0.07518763840198517,252657,2.67510666847229,0.19305555555555556,0.005555555555555556,0.075,0.15416666666666667,0.5722222222222222
352,720,0.04040822486508106,0.25911159689425334,0.2957784016048821,196,5.8583091264255117e-05,0.07462489604949951,253377,2.681594665845235,0.18888888888888888,0.022222222222222223,0.10972222222222222,0.18611111111111112,0.4930555555555556
353,720,0.040040510018808824,-0.3069393108077632,-0.2643047516972161,168,5.571395302392072e-05,0.07395847141742706,254097,2.6895264705022175,0.3263888888888889,0.02361111111111111,0.175,0.15416666666666667,0.32083333333333336
354,720,0.03967614137763766,-0.31067348855201254,-0.26704684560063363,229,5.757332997846889e-05,0.07459438592195511,254817,2.699735387166341,0.0625,0.11805555555555555,0.08333333333333333,0.3347222222222222,0.4013888888888889
355,720,0.03931508849110116,0.25775359878953424,0.2940199312613061,193,6.197551976785891e-05,0.07394221425056458,255537,2.709990950425466,0.08194444444444444,0.059722222222222225,0.14722222222222223,0.2916666666666667,0.41944444444444445
356,720,0.03895732118583214,-0.08612521376332331,-0.08252065701379796,180,5.640075570454428e-05,0.07266678661108017,256257,2.7206835031509398,0.06666666666666667,0.08611111111111111,0.15833333333333333,0.35138888888888886,0.3375
357,720,0.03860280956304107,-0.0488055605937525,-0.04763371076742384,103,6.18966356695536e-05,0.07210121303796768,256977,2.7284285187721253,0.03611111111111111,0.10972222222222222,0.15138888888888888,0.28055555555555556,0.4222222222222222
358,720,0.038251523996017396,0.0181875286721145,0.0183539290447432,237,5.657211689822361e-05,0.07165427505970001,257697,2.735477900505066,0.2791666666666667,0.029166666666666667,0.1736111111111111,0.2708333333333333,0.24722222222222223
359,720,0.03790343512765364,-0.09912115246216735,-0.09436701828867844,154,6.364215339039624e-05,0.07149586826562881,258417,2.7422918836275736,0.0875,0.075,0.29583333333333334,0.21388888888888888,0.3277777777777778
360,720,0.037558513867991986,0.20633513481010854,0.2291650709786286,177,6.180967722886837e-05,0.07162106037139893,259137,2.7502068996429445,0.2763888888888889,0.043055555555555555,0.22083333333333333,0.30972222222222223,0.15
361,720,0.03721673139179326,0.22735860313513145,0.25527993455780695,169,6.27041538286398e-05,0.07038938999176025,259857,2.7674296657244364,0.23333333333333334,0.04583333333333333,0.20277777777777778,0.20555555555555555,0.3125
362,720,0.03687805913612794,-0.2569197113596852,-0.2265696910594709,105,6.421092558386792e-05,0.0696495771408081,260577,2.7779654343922933,0.13472222222222222,0.04027777777777778,0.16944444444444445,0.24861111111111112,0.40694444444444444
363,720,0.036542468797989176,-0.029792470607693976,-0.029353049580410295,207,6.009322550350286e-05,0.06968986988067627,261297,2.7878000179926556,0.25833333333333336,0.21805555555555556,0.17916666666666667,0.1486111111111111,0.19583333333333333
364,720,0.03620993233192747,-0.0572976981993824,-0.055687092734270416,188,6.794720559229164e-05,0.07155878096818924,262017,2.7987205147743226,0.4083333333333333,0.05277777777777778,0.17916666666666667,0.20694444444444443,0.1527777777777778
365,720,0.03588042194770693,0.017941140674374724,0.018103049767263846,190,6.64842268848689e-05,0.07075503468513489,262737,2.807379452387492,0.14166666666666666,0.044444444444444446,0.1763888888888889,0.35555555555555557,0.28194444444444444
366,720,0.0355539101079828,-0.12137147506748058,-0.11429511880606147,203,6.458742600696294e-05,0.07048249244689941,263457,2.8155553380648297,0.19027777777777777,0.07916666666666666,0.3388888888888889,0.20694444444444443,0.18472222222222223
367,720,0.03523036952600015,0.06800181242256166,0.07036724843476949,287,6.414841184828724e-05,0.07301237434148788,264177,2.822614065806071,0.25,0.005555555555555556,0.18055555555555555,0.25,0.3138888888888889
368,720,0.03490977316331355,0.19259864503835264,0.21239609466807607,206,6.713318904934971e-05,0.07094725966453552,264897,2.829567551612854,0.15833333333333333,0.05555555555555555,0.24583333333333332,0.2791666666666667,0.2611111111111111
369,720,0.0345920942275274,0.4010731871641522,0.49342656415549424,224,6.588453351620652e-05,0.07004041969776154,265617,2.8387418508529665,0.22361111111111112,0.06527777777777778,0.15416666666666667,0.26666666666666666,0.2902777777777778
370,720,0.0342773061700569,0.12350627348283653,0.13145710269652588,180,6.273979911636868e-05,0.07235264778137207,266337,2.8473319172859193,0.19305555555555556,0.07916666666666666,0.175,0.2263888888888889,0.3263888888888889
371,720,0.03396538268390938,-0.038267765659515916,-0.037544806064909175,283,6.0732676512189856e-05,0.07283265888690948,267057,2.860999019940694,0.2013888888888889,0.175,0.17916666666666667,0.09166666666666666,0.3527777777777778
372,720,0.03365629770148581,0.062317174239679245,0.06429985969846519,109,6.33448928094064e-05,0.07303109019994736,267777,2.8694873690605163,0.22777777777777777,0.06805555555555555,0.15694444444444444,0.25277777777777777,0.29444444444444445
373,720,0.03335002539240229,-0.008866835062453482,-0.008827640609568088,209,6.474305336041652e-05,0.07348333299160004,268497,2.877736000219981,0.1486111111111111,0.008333333333333333,0.19444444444444445,0.42777777777777776,0.22083333333333333
374,720,0.03304654016133143,-0.26406187384235263,-0.23207397634700278,145,6.346237199118655e-05,0.07522491365671158,269217,2.8856600840886433,0.015277777777777777,0.06388888888888888,0.30972222222222223,0.2611111111111111,0.35
375,720,0.03274581664586331,0.021640692065979815,0.021876550147229112,132,6.0722082407791175e-05,0.07380181550979614,269937,2.8930336674054464,0.1388888888888889,0.09166666666666666,0.29305555555555557,0.25833333333333336,0.21805555555555556
376,720,0.03244782971438596,0.14539998063476986,0.15650205619569757,268,6.444173299213516e-05,0.07393604516983032,270657,2.900239586830139,0.07361111111111111,0.018055555555555554,0.24583333333333332,0.40555555555555556,0.2569444444444444
377,720,0.032152554463985045,-0.014616364731729455,-0.014510064212013951,205,6.544467936211933e-05,0.07477988302707672,271377,2.90781600077947,0.10833333333333334,0.06388888888888888,0.13472222222222222,0.28055555555555556,0.4125
378,720,0.03185996621836278,-0.07285788794917279,-0.07026705310632364,232,6.321725406779579e-05,0.07385644316673279,272097,2.914704668521881,0.25555555555555554,0.10277777777777777,0.18055555555555555,0.10416666666666667,0.35694444444444445
379,720,0.03157004052577568,0.12120762261579766,0.128859264751489,264,6.242351759813877e-05,0.07588717341423035,272817,2.9216745694478354,0.08055555555555556,0.05138888888888889,0.24444444444444444,0.30972222222222223,0.3138888888888889
380,720,0.031282753156991125,0.09429262832155835,0.09888126265191266,175,6.627090723441143e-05,0.07442491501569748,273537,2.9293165882428487,0.12222222222222222,0.022222222222222223,0.21805555555555556,0.37222222222222223,0.2652777777777778
381,720,0.030998080103262507,-0.006138627638423769,-0.0061198247580819265,208,6.928484925765588e-05,0.07497770339250565,274257,2.9424461205800374,0.1763888888888889,0.07222222222222222,0.19305555555555556,0.25,0.30833333333333335
382,720,0.030715997574322817,0.009793663840233547,0.009841778711287441,154,6.590723238686122e-05,0.07369004935026169,274977,2.9493758837382,0.31527777777777777,0.06666666666666667,0.19166666666666668,0.11388888888888889,0.3125
383,720,0.03043648199639648,-0.08539211004336221,-0.08184780288867266,242,6.688105344083952e-05,0.07494297623634338,275697,2.956396202246348,0.3194444444444444,0.029166666666666667,0.30972222222222223,0.20972222222222223,0.13194444444444445
384,720,0.030159510010229273,-0.22106821716724182,-0.19833800868527984,243,7.276126395052213e-05,0.07505332678556442,276417,2.962926518917084,0.16527777777777777,0.03194444444444444,0.19166666666666668,0.2902777777777778,0.32083333333333336
385,720,0.029885058469136187,0.1450714961889401,0.15612222564629596,241,6.349582980520709e-05,0.07410562038421631,277137,2.969368600845337,0.13333333333333333,0.016666666666666666,0.18472222222222223,0.28194444444444444,0.38333333333333336
386,720,0.029613104437067047,0.09426046094384921,0.09884591509179885,149,6.038366272933773e-05,0.07356637716293335,277857,2.975868082046509,0.19166666666666668,0.1111111111111111,0.2611111111111111,0.17222222222222222,0.2638888888888889
387,720,0.029343625186689738,-0.16091517396958777,-0.14863571410293142,230,6.334460354209012e-05,0.07360569387674332,278577,2.9823638359705607,0.11944444444444445,0.11527777777777778,0.25555555555555554,0.21388888888888888,0.29583333333333334
388,720,0.029076598197490863,-0.004049907924270037,-0.004041718106907899,270,6.464787416007311e-05,0.0727422684431076,279297,2.9888606508572897,0.09444444444444444,0.006944444444444444,0.20694444444444443,0.3416666666666667,0.35
389,720,0.028812001153893697,-0.18103338792926416,-0.16559250090785238,217,6.343796831439855e-05,0.07191082835197449,280017,2.995336933930715,0.20694444444444443,0.020833333333333332,0.29444444444444445,0.2791666666666667,0.1986111111111111
390,720,0.028549811943393264,0.1764253787358878,0.1929454043440666,225,6.247838334856068e-05,0.07256155461072922,280737,3.001931349436442,0.21944444444444444,0.2388888888888889,0.2375,0.15833333333333333,0.14583333333333334
391,720,0.028290008654708387,-0.07175521702407549,-0.0692412981865479,236,6.25269449225622e-05,0.07107526808977127,281457,3.0162574847539267,0.10694444444444444,0.043055555555555555,0.30277777777777776,0.2916666666666667,0.25555555555555554
392,720,0.02803256957595054,-0.20314193324411503,-0.18383760737170196,125,6.218362643469138e-05,0.07115210592746735,282177,3.022948702176412,0.058333333333333334,0.05277777777777778,0.29305555555555557,0.3902777777777778,0.20555555555555555
393,720,0.02777747319280939,-0.12146748136886192,-0.11438014797408336,168,6.947507138698307e-05,0.07177875190973282,282897,3.0294670859972634,0.4375,0.06666666666666667,0.16666666666666666,0.2625,0.06666666666666667
394,720,0.027524698186754824,-0.17750291921341074,-0.1626414450961341,242,7.036580688135372e-05,0.07170356810092926,283617,3.035997819900513,0.23055555555555557,0.018055555555555554,0.2569444444444444,0.1638888888888889,0.33055555555555555
395,720,0.027274223433255355,0.18812294250942255,0.20698189561137292,140,6.318984291308678e-05,0.0733645111322403,284337,3.042415150006612,0.05555555555555555,0.0125,0.15138888888888888,0.29583333333333334,0.4847222222222222
396,720,0.027026028000012733,-0.41508569094987147,-0.33971630205655945,198,6.3410855779643e-05,0.07307666540145874,285057,3.049448084831238,0.29444444444444445,0.05416666666666667,0.2222222222222222,0.25,0.17916666666666667
397,720,0.02678009114521262,0.06965878150404828,0.07214228405470835,221,6.176602805554567e-05,0.07373113930225372,285777,3.057642916838328,0.6736111111111112,0.018055555555555554,0.1638888888888889,0.05694444444444444,0.0875
398,720,0.026536392315791184,0.28837128795868144,0.33425260409397506,384,6.486096617537542e-05,0.07373212277889252,286497,3.064159083366394,0.22777777777777777,0.075,0.16111111111111112,0.28194444444444444,0.25416666666666665
399,720,0.026294911145717484,-0.01702331028566542,-0.01687923245812606,234,6.748335035556213e-05,0.07337149232625961,287217,3.070643468697866,0.3736111111111111,0.020833333333333332,0.16805555555555557,0.24861111111111112,0.18888888888888888
400,720,0.026055627454291456,-0.11788822568589488,-0.11120460844198599,206,6.824283770028059e-05,0.07378751039505005,287937,3.0772515018781026,0.10416666666666667,0.07361111111111111,0.21805555555555556,0.25,0.3541666666666667
401,720,0.025818521244457403,-0.049781525747428716,-0.04856273365852526,207,6.657497338488206e-05,0.07228314876556396,288657,3.0902050693829852,0.05138888888888889,0.05694444444444444,0.22361111111111112,0.24305555555555555,0.425
402,720,0.02558357270113284,-0.04959396622411038,-0.04838426580223132,264,6.462496414264429e-05,0.072215735912323,289377,3.097771151860555,0.19583333333333333,0.17916666666666667,0.12916666666666668,0.26805555555555555,0.22777777777777777
403,720,0.025350762189552532,-0.019064160737206952,-0.01888358892888886,254,6.276037411478481e-05,0.07075571268796921,290097,3.1043400367101035,0.18888888888888888,0.05277777777777778,0.30833333333333335,0.28888888888888886,0.16111111111111112
404,720,0.025120070253627603,-0.39716143606738236,-0.327774504567829,389,6.590381895850643e-05,0.06997258961200714,290817,3.1109519521395366,0.25416666666666665,0.0375,0.0875,0.30972222222222223,0.3111111111111111
405,720,0.02489147761431959,0.03930034604561577,0.040082821505643684,254,6.306558722144474e-05,0.07067280262708664,291537,3.118009416262309,0.34444444444444444,0.0875,0.2625,0.19722222222222222,0.10833333333333334
406,720,0.024664965168029282,-0.01142090193593322,-0.011355931012823506,265,5.985735079497721e-05,0.07016627490520477,292257,3.124473484357198,0.14166666666666666,0.08333333333333333,0.23055555555555557,0.3625,0.18194444444444444
407,720,0.024440513985000214,-0.07965187684553161,-0.07656223949631547,172,6.251480412705253e-05,0.06974925845861435,292977,3.1309098680814107,0.2013888888888889,0.12638888888888888,0.21388888888888888,0.14722222222222223,0.3111111111111111
408,720,0.02421810530773671,0.3504383975610539,0.4196898007324734,263,5.896593122290344e-05,0.06877411901950836,293697,3.137475784619649,0.2777777777777778,0.17083333333333334,0.30972222222222223,0.10972222222222222,0.13194444444444445
409,720,0.023997720549436306,-0.10940929753302554,-0.10363653694753838,240,5.43346995527827e-05,0.06898948550224304,294417,3.1453192989031473,0.11527777777777778,0.23333333333333334,0.24305555555555555,0.2833333333333333,0.125
410,720,0.023779341292436435,0.5007295531907644,0.6499245394347526,346,5.4473365582907715e-05,0.06811106204986572,295137,3.1518170992533365,0.24027777777777778,0.03333333333333333,0.36527777777777776,0.2388888888888889,0.12222222222222222
411,720,0.023562949286675263,0.13279366600864334,0.14201433764285332,306,6.0783699335489573e-05,0.06873510777950287,295857,3.16438775062561,0.2722222222222222,0.04027777777777778,0.1486111111111111,0.2375,0.3013888888888889
412,720,0.02334852644816652,0.04708872790540542,0.04821501087599511,291,6.055281215316831e-05,0.06867167353630066,296577,3.171272301673889,0.32083333333333336,0.044444444444444446,0.19027777777777777,0.225,0.21944444444444444
413,720,0.023136054857488205,-0.18500487940246751,-0.16889977143027313,233,5.7430828921193706e-05,0.0695323646068573,297297,3.1785973151524862,0.3388888888888889,0.013888888888888888,0.18194444444444444,0.22361111111111112,0.24166666666666667
414,720,0.022925516758285063,0.2652068426351133,0.30370060876092575,199,5.79921859980459e-05,0.06989551335573196,298017,3.185155502955119,0.10555555555555556,0.1375,0.42916666666666664,0.22083333333333333,0.10694444444444444
415,720,0.02271689455578467,-0.16193743347939152,-0.149505584648029,294,6.008576616017712e-05,0.06897197663784027,298737,3.191732037067413,0.29583333333333334,0.07777777777777778,0.24444444444444444,0.2777777777777778,0.10416666666666667
416,720,0.022510170815327028,-0.08984481426192398,-0.08592697463774068,165,5.805230193926845e-05,0.06973177194595337,299457,3.1981830994288125,0.3958333333333333,0.06388888888888888,0.15833333333333333,0.1625,0.21944444444444444
417,720,0.022305328260907552,0.14014276936346387,0.15043803443892467,270,6.028370605690725e-05,0.06960244476795197,300177,3.2047457019488017,0.1125,0.02361111111111111,0.1763888888888889,0.31527777777777777,0.37222222222222223
418,720,0.022102349773733293,0.055121854900027745,0.05666936717087179,246,6.075912776345326e-05,0.069682776927948,300897,3.2113979339599608,0.1111111111111111,0.22916666666666666,0.20833333333333334,0.16944444444444445,0.28194444444444444
419,720,0.02190121839079232,0.3076042232968899,0.36016256174132844,288,6.025402746243142e-05,0.07062070816755295,301617,3.217888804276784,0.1597222222222222,0.11944444444444445,0.3458333333333333,0.1486111111111111,0.2263888888888889
420,720,0.021701917303436107,0.05075030746369203,0.052060168912487326,297,6.114246707258846e-05,0.07014068216085434,302337,3.22431138753891,0.25833333333333336,0.04861111111111111,0.2722222222222222,0.2152777777777778,0.20555555555555555
421,720,0.021504429855974838,0.007578970820008627,0.007607763914062371,163,6.192855608130938e-05,0.06984938681125641,303057,3.2365681846936543,0.3819444444444444,0.016666666666666666,0.11944444444444445,0.24166666666666667,0.24027777777777778
422,720,0.021308739544285468,-0.3197147118463937,-0.2736437716550758,230,5.906061033126914e-05,0.07025381177663803,303777,3.2430747509002686,0.2625,0.06527777777777778,0.24166666666666667,0.13472222222222222,0.29583333333333334
423,720,0.02111483001443247,0.17943060288696172,0.19653586505149745,252,6.340047991418234e-05,0.07010270655155182,304497,3.250181583563487,0.3236111111111111,0.075,0.18194444444444444,0.1736111111111111,0.24583333333333332
424,720,0.020922685061301134,0.2319879539353507,0.2611045373900438,308,5.850524467076765e-05,0.06975749135017395,305217,3.2568296511967976,0.3458333333333333,0.10277777777777777,0.21944444444444444,0.1763888888888889,0.15555555555555556
425,720,0.020732288627243294,-0.00040328333336151466,-0.00040320202556842766,250,5.8737302512983864e-05,0.06829285621643066,305937,3.263349016507467,0.1527777777777778,0.09305555555555556,0.225,0.23472222222222222,0.29444444444444445
426,720,0.02054362480073538,0.07559684346990501,0.07852767102269453,305,5.952580357239235e-05,0.06857042014598846,306657,3.2698282996813455,0.35,0.03888888888888889,0.20555555555555555,0.2569444444444444,0.1486111111111111
427,720,0.02035667781504869,0.5676070601836161,0.764040753455417,325,6.121022094779013e-05,0.0694601833820343,307377,3.2761244853337605,0.31666666666666665,0.09444444444444444,0.15833333333333333,0.1736111111111111,0.2569444444444444
428,720,0.020171432046931746,-0.549425314838465,-0.42271852983368785,170,5.9488780420401273e-05,0.07006636261940002,308097,3.282646338144938,0.5347222222222222,0.034722222222222224,0.1597222222222222,0.0625,0.20833333333333334
429,720,0.019987872015304668,-0.2260637876672622,-0.20233278128829413,298,5.8406796622673734e-05,0.06984622776508331,308817,3.289292299747467,0.35694444444444445,0.041666666666666664,0.1597222222222222,0.17777777777777778,0.2638888888888889
430,720,0.019805982379965396,0.1123620215139375,0.11891785966896795,306,6.069954698280829e-05,0.07005742192268372,309537,3.295726950963338,0.14722222222222223,0.10833333333333334,0.325,0.15833333333333333,0.2611111111111111
431,720,0.01962574794030771,-0.06815127396677259,-0.06588084502144254,327,5.9083398746729974e-05,0.06925645470619202,310257,3.307966216405233,0.25833333333333336,0.17222222222222222,0.2513888888888889,0.11944444444444445,0.1986111111111111
432,720,0.01944715363405091,-0.2663142030988182,-0.23380165221904958,204,6.043673349217392e-05,0.07028806209564209,310977,3.3143623510996503,0.22361111111111112,0.34305555555555556,0.07361111111111111,0.19027777777777777,0.16944444444444445
433,720,0.019270184535981047,0.03590518372103419,0.03655755930067839,254,5.467686026400366e-05,0.06995707750320435,311697,3.320797252655029,0.2375,0.12361111111111112,0.3111111111111111,0.11944444444444445,0.20833333333333334
434,720,0.01909482585670362,-0.14911713767401055,-0.13853180139249488,208,5.444185916303468e-05,0.07093366235494614,312417,3.327197770277659,0.36527777777777776,0.05138888888888889,0.22916666666666666,0.10972222222222222,0.24444444444444444
435,720,0.018921062941407617,-0.11094841209681545,-0.10501508186655772,293,5.324305905105575e-05,0.0689871609210968,313137,3.3335922519365946,0.3819444444444444,0.10277777777777777,0.2222222222222222,0.2152777777777778,0.07777777777777778
436,720,0.01874888126864081,-0.1692579207491736,-0.15570888489574541,311,5.4944170322970525e-05,0.06794464588165283,313857,3.340388782819112,0.3055555555555556,0.1638888888888889,0.24166666666666667,0.1625,0.12638888888888888
437,720,0.018578266449096176,0.04016443166662553,0.04098193051400423,327,5.569534884494311e-05,0.06797446310520172,314577,3.3473624348640443,0.325,0.1625,0.12361111111111112,0.18055555555555555,0.20833333333333334
438,720,0.018409204224409403,0.23076854356031995,0.2595676706592087,199,5.852840587547487e-05,0.06808561086654663,315297,3.353862468401591,0.45416666666666666,0.06527777777777778,0.15138888888888888,0.20833333333333334,0.12083333333333333
439,720,0.01824168046596728,0.1595697092859775,0.17300602878346738,288,5.520841846191615e-05,0.06771251559257507,316017,3.360282917817434,0.3013888888888889,0.044444444444444446,0.225,0.2,0.22916666666666666
440,720,0.018075681173726977,0.08114832826507085,0.08453175134990265,296,5.7569947980735175e-05,0.06851733475923538,316737,3.366749385992686,0.3458333333333333,0.18472222222222223,0.125,0.1763888888888889,0.16805555555555557
441,720,0.01791119247504606,-0.19759640930903938,-0.17929898640415187,272,5.451948967194969e-05,0.06682786345481873,317457,3.3796317338943482,0.2763888888888889,0.0375,0.1486111111111111,0.3111111111111111,0.2263888888888889
442,720,0.01774820062352314,-0.27398014520161423,-0.23965282834918866,288,5.575629524198828e-05,0.06753309071063995,318177,3.38611315091451,0.10555555555555556,0.34305555555555556,0.2222222222222222,0.1111111111111111,0.21805555555555556
443,720,0.017586691997849083,-0.1544823411864827,-0.1431413768848646,212,5.717438707127561e-05,0.06730547547340393,318897,3.3926487008730573,0.49722222222222223,0.08194444444444444,0.17083333333333334,0.11527777777777778,0.13472222222222222
444,720,0.017426653100668658,0.08680231005071229,0.09068104172441882,270,5.653189470598995e-05,0.06701666116714478,319617,3.3990286151568094,0.21805555555555556,0.14722222222222223,0.2638888888888889,0.10138888888888889,0.26944444444444443
445,720,0.017268070557452574,0.27200835409364366,0.3125979668316359,230,5.4767398525099354e-05,0.06616546213626862,320337,3.405375051498413,0.23194444444444445,0.1986111111111111,0.18055555555555555,0.16666666666666666,0.2222222222222222
446,720,0.017110931115379754,0.12828413522404575,0.13687598332203543,208,5.770944076680785e-05,0.06598857790231705,321057,3.4118374824523925,0.35555555555555557,0.0763888888888889,0.1736111111111111,0.09722222222222222,0.2972222222222222
447,720,0.016955221642229797,0.12694442648977017,0.13535392042552274,225,6.123193931747058e-05,0.06528985500335693,321777,3.4184101859728497,0.20555555555555555,0.11527777777777778,0.1638888888888889,0.18194444444444444,0.3333333333333333
448,720,0.016800929125285507,0.10499047377640552,0.11070002952847946,370,5.562201688462665e-05,0.06509093940258026,322497,3.4258870522181195,0.18333333333333332,0.25555555555555554,0.20972222222222223,0.15416666666666667,0.19722222222222222
449,720,0.016648040670245407,-0.6253434488322595,-0.4649223748282588,139,5.825472029907057e-05,0.06510331481695175,323217,3.432453401883443,0.20555555555555555,0.0375,0.17777777777777778,0.18472222222222223,0.39444444444444443
450,720,0.016496543500146173,0.016061297510526377,0.016190973473917403,224,5.538219959109685e-05,0.06557655334472656,323937,3.4389989177385965,0.14166666666666666,0.06805555555555555,0.3375,0.17916666666666667,0.27361111111111114
451,720,0.016346424954294843,0.004358777689932595,0.004368290978489453,214,5.783045300960213e-05,0.06545355916023254,324657,3.451613636811574,0.4597222222222222,0.22916666666666666,0.09861111111111111,0.08194444444444444,0.13055555555555556
452,720,0.01619767248721076,-0.15200399026395806,-0.1410151468420161,217,5.3009391284477814e-05,0.06480859220027924,325377,3.4583720207214355,0.2152777777777778,0.19583333333333333,0.18472222222222223,0.08888888888888889,0.31527777777777777
453,720,0.016050273667577143,-0.08676808439796471,-0.0831102879927672,267,5.6226695450176424e-05,0.06556012481451035,326097,3.4649308840433757,0.19722222222222222,0.09861111111111111,0.15416666666666667,0.2222222222222222,0.3277777777777778
454,720,0.015904216177202193,-0.14940823885852425,-0.13878253930870887,305,5.756921248121216e-05,0.06588546186685562,326817,3.471442933877309,0.29305555555555557,0.24583333333333332,0.21805555555555556,0.11388888888888889,0.12916666666666668
455,720,0.015759487809989654,-0.32161068135034343,-0.2750196162212073,273,5.5186932910247476e-05,0.06653854250907898,327537,3.4778759837150575,0.12361111111111112,0.22777777777777777,0.19722222222222222,0.12638888888888888,0.325
456,720,0.015616076470918748,0.12823262416606604,0.13681742314560297,227,5.4392388757504606e-05,0.06606341153383255,328257,3.485088419914246,0.3638888888888889,0.11527777777777778,0.1625,0.1375,0.22083333333333333
457,720,0.015473970175033387,0.400087300399714,0.491954940218708,301,5.630502918923715e-05,0.06590327620506287,328977,3.4915159702301026,0.25416666666666665,0.24166666666666667,0.19166666666666668,0.09583333333333334,0.21666666666666667
458,720,0.015333157046440584,-0.3161566978795281,-0.2710547829519916,293,5.426620111342749e-05,0.06441240757703781,329697,3.4981077829996745,0.32222222222222224,0.1527777777777778,0.11805555555555555,0.24722222222222223,0.1597222222222222
459,720,0.015193625317317975,-0.055705245876404075,-0.05418212147202561,361,5.613595351532139e-05,0.06412599980831146,330417,3.504732433954875,0.11805555555555555,0.2916666666666667,0.2361111111111111,0.11666666666666667,0.2375
460,720,0.01505536332693038,0.0036563083541472823,0.0036630008036053763,259,5.6491112119753475e-05,0.06500416994094849,331137,3.51166140238444,0.125,0.33194444444444443,0.1597222222222222,0.08472222222222223,0.2986111111111111
461,720,0.014918359520655315,0.15143705043840391,0.1635050573710688,230,5.3971436247795485e-05,0.06496882438659668,331857,3.525153084595998,0.10972222222222222,0.30277777777777776,0.2652777777777778,0.12777777777777777,0.19444444444444445
462,720,0.014782602449017352,-0.2641338283564559,-0.23212923010300024,375,5.506149250954372e-05,0.06546538323163986,332577,3.53203870455424,0.05138888888888889,0.37222222222222223,0.26944444444444443,0.06666666666666667,0.24027777777777778
463,720,0.014648080766731294,0.016613071175344045,0.016751835611753307,281,5.331251968906751e-05,0.06484769284725189,333297,3.5386505842208864,0.1625,0.12361111111111112,0.14444444444444443,0.17222222222222222,0.3972222222222222
464,720,0.01451478323175404,0.0594677721310365,0.061271557907690566,217,5.491018466222562e-05,0.0645446851849556,334017,3.545397233963013,0.36527777777777776,0.06944444444444445,0.24444444444444444,0.2111111111111111,0.10972222222222222
465,720,0.014382698704345078,-0.24740952890208429,-0.21917914066407596,197,5.664115195587429e-05,0.06538068503141403,334737,3.5519506692886353,0.30972222222222223,0.2,0.20694444444444443,0.09305555555555556,0.19027777777777777
466,720,0.014251816146135538,-0.24465384387328834,-0.21702447688798565,227,5.508536643219486e-05,0.06486932933330536,335457,3.558458316326141,0.21666666666666667,0.14583333333333334,0.17222222222222222,0.26666666666666666,0.1986111111111111
467,720,0.014122124619205706,-0.07196843698307502,-0.06943973336286624,116,5.8429985956030984e-05,0.06491176038980484,336177,3.5648734172185264,0.3333333333333333,0.07083333333333333,0.1736111111111111,0.14722222222222223,0.275
468,720,0.013993613285170934,-0.3208596654486834,-0.27447493991991856,240,5.0826555607525534e-05,0.0634680762887001,336897,3.5713910182317097,0.30694444444444446,0.19166666666666668,0.20694444444444443,0.075,0.21944444444444444
469,720,0.013866271404275878,0.09002551777027308,0.09420220494946219,161,5.48979086349593e-05,0.06305447965860367,337617,3.577998232841492,0.3194444444444444,0.15694444444444444,0.12361111111111112,0.1736111111111111,0.2263888888888889
470,720,0.013740088334496968,-0.02405330191077302,-0.023766326749043998,129,5.291180858774977e-05,0.06361518800258636,338337,3.5851303855578105,0.17777777777777778,0.15833333333333333,0.125,0.18194444444444444,0.35694444444444445
471,720,0.013615053530653046,-0.1300950010453959,-0.12198798510096653,179,5.413639720472929e-05,0.06238960847258568,339057,3.598364833990733,0.3958333333333333,0.10277777777777777,0.10138888888888889,0.07777777777777778,0.32222222222222224
472,720,0.013491156543524103,-0.2194721163589791,-0.19705745365738747,168,5.693349737359515e-05,0.06454333662986755,339777,3.604870319366455,0.47638888888888886,0.12222222222222222,0.1361111111111111,0.1125,0.1527777777777778
473,720,0.013368387018978033,-0.05006051249533313,-0.0488281350238432,168,5.392893549343272e-05,0.06411691009998322,340497,3.611674718062083,0.10694444444444444,0.10694444444444444,0.5555555555555556,0.043055555555555555,0.1875
474,720,0.013246734697105333,0.3810502189876094,0.46382111517836844,270,5.4737675175905075e-05,0.0636238232254982,341217,3.618195120493571,0.15833333333333333,0.04722222222222222,0.24027777777777778,0.11666666666666667,0.4375
475,720,0.013126189411361674,1.498637974881983,3.4755890523849766,308,6.17287879713836e-05,0.06280475854873657,341937,3.624829300244649,0.11805555555555555,0.11388888888888889,0.4166666666666667,0.14166666666666666,0.20972222222222223
476,720,0.013006741087718283,-0.28034018010087625,-0.24447331740805,146,6.642482084215671e-05,0.06258204579353333,342657,3.6314047654469808,0.17083333333333334,0.05,0.5930555555555556,0.08611111111111111,0.1
477,720,0.012888379743820046,0.046892719615666684,0.048009572178938864,185,6.682940704018215e-05,0.062487952411174774,343377,3.6378588676452637,0.18194444444444444,0.05555555555555555,0.19722222222222222,0.1125,0.4527777777777778
478,720,0.012771095488151283,-0.08445567472759424,-0.08098761005142963,137,6.625218080418765e-05,0.06231151893734932,344097,3.644378952185313,0.12361111111111112,0.04861111111111111,0.20972222222222223,0.33055555555555555,0.2875
479,720,0.012654878519209106,0.15119635477250576,0.1632250404472928,290,6.740154231768733e-05,0.06224258989095688,344817,3.6507747848828633,0.33611111111111114,0.02638888888888889,0.1,0.19027777777777777,0.3472222222222222
480,720,0.012539719124684302,-0.12199188724042034,-0.1148444504723346,158,6.174383152407851e-05,0.060830771923065186,345537,3.6574294209480285,0.21388888888888888,0.09583333333333334,0.18611111111111112,0.15694444444444444,0.3472222222222222
481,720,0.012425607680649675,0.0021321480838972,0.0021344227279653794,129,6.11278341276981e-05,0.06047976016998291,346257,3.6699616352717084,0.38333333333333336,0.0875,0.18333333333333332,0.1763888888888889,0.16944444444444445
482,720,0.012312534650755763,-0.49523779963869485,-0.3905740312113599,268,6.637055535065883e-05,0.06030399352312088,346977,3.677056602636973,0.29583333333333334,0.04861111111111111,0.19027777777777777,0.12222222222222222,0.34305555555555556
483,720,0.012200490585433887,-0.19503173565192966,-0.17719145472393005,108,6.731660298303016e-05,0.059874698519706726,347697,3.6839786489804585,0.2708333333333333,0.03888888888888889,0.15416666666666667,0.2013888888888889,0.3347222222222222
484,720,0.01208946612110644,-0.10481947690600105,-0.09951293337428069,175,6.748440472771714e-05,0.059168122708797455,348417,3.6924190163612365,0.46111111111111114,0.14166666666666666,0.15416666666666667,0.08333333333333333,0.1597222222222222
485,720,0.01197945197940437,0.05087838591633078,0.052194923780418456,148,6.414064056470023e-05,0.05920669436454773,349137,3.6992548863093058,0.3680555555555556,0.019444444444444445,0.15555555555555556,0.28888888888888886,0.16805555555555557
486,720,0.01187043896639179,0.1609713494475623,0.17465131392269306,200,6.626877901933565e-05,0.058169931173324585,349857,3.706094566980998,0.24444444444444444,0.06666666666666667,0.21944444444444444,0.225,0.24444444444444444
487,720,0.011762417971797624,-0.16376452115042775,-0.15105809379155444,138,6.726785057556603e-05,0.05897762253880501,350577,3.7126962502797443,0.35,0.06944444444444445,0.09722222222222222,0.09583333333333334,0.3875
488,720,0.011655379968254265,-0.06508730791506352,-0.06301434645772219,152,6.988705118070963e-05,0.057971976697444916,351297,3.7192593375841776,0.25972222222222224,0.2013888888888889,0.25555555555555554,0.17916666666666667,0.10416666666666667
489,720,0.011549316010543152,0.07696610317437892,0.08000546701514821,162,6.543179050469108e-05,0.057201631367206573,352017,3.7257689356803896,0.12222222222222222,0.12638888888888888,0.16111111111111112,0.25555555555555554,0.3347222222222222
490,720,0.011444217234847209,-0.09510613812682958,-0.09072357954962307,208,6.598543209798258e-05,0.057422421872615814,352737,3.732286751270294,0.3902777777777778,0.15,0.21944444444444444,0.12916666666666668,0.1111111111111111
491,720,0.011340074858010099,0.223297804333882,0.2501928311465973,233,6.451927805654931e-05,0.056658465415239334,353457,3.744939068953196,0.2361111111111111,0.13194444444444445,0.1597222222222222,0.2013888888888889,0.2708333333333333
492,720,0.011236880176802208,-0.017571470990861784,-0.017417992954201322,153,6.872992049314538e-05,0.05662009119987488,354177,3.751517120997111,0.15,0.0875,0.2152777777777778,0.30416666666666664,0.24305555555555555
493,720,0.011134624567193307,-0.15197129264935053,-0.14098705962714353,163,6.72972820199094e-05,0.05676061287522316,354897,3.7597654541333516,0.30416666666666664,0.14583333333333334,0.26805555555555555,0.15694444444444444,0.125
494,720,0.011033299483631848,0.21198728849560974,0.2361321718791083,202,6.482459716229035e-05,0.05793656408786774,355617,3.766337748368581,0.08194444444444444,0.1986111111111111,0.17916666666666667,0.25972222222222224,0.28055555555555556
495,720,0.010932896458330798,0.026197042958071487,0.02654320165554669,176,6.293221660548119e-05,0.057649850845336914,356337,3.7729780872662864,0.10972222222222222,0.12777777777777777,0.18333333333333332,0.1875,0.39166666666666666
496,720,0.010833407100559987,-0.02441363643530114,-0.024118034075572337,194,5.7324742049836964e-05,0.05744849145412445,357057,3.7801241676012673,0.2763888888888889,0.08472222222222223,0.13333333333333333,0.16944444444444445,0.33611111111111114
497,720,0.010734823095944892,-0.5040371057659194,-0.3959130326696111,287,6.238858585700452e-05,0.05813733488321304,357777,3.7866355856259664,0.20277777777777778,0.14583333333333334,0.2833333333333333,0.225,0.14305555555555555
498,720,0.010637136205771794,-0.10716521512853937,-0.10162276478183307,210,6.462191760571537e-05,0.058149516582489014,358497,3.793180267016093,0.4486111111111111,0.10138888888888889,0.15555555555555556,0.10972222222222222,0.18472222222222223
499,720,0.01054033826629927,0.06026511866336197,0.062118096551719404,295,6.52135291160347e-05,0.058439671993255615,359217,3.7999276518821716,0.1875,0.08333333333333333,0.2361111111111111,0.20694444444444443,0.2861111111111111
500,720,0.010444421188075948,-0.05361522249138422,-0.052203272788252875,161,7.331778860791221e-05,0.057917769998311996,359937,3.8064398169517517,0.21944444444444444,0.0625,0.17222222222222222,0.19166666666666668,0.3541666666666667
501,720,0.010349376955264456,-0.33576846122045023,-0.28521141206515876,120,6.86153174393035e-05,0.0579463392496109,360657,3.8189454674720764,0.07361111111111111,0.0625,0.1986111111111111,0.22916666666666666,0.4361111111111111
502,720,0.01025519762497155,0.07697752931261531,0.08001780737740871,163,7.40765797407524e-05,0.05773556977510452,361377,3.8256001671155295,0.1111111111111111,0.2625,0.19027777777777777,0.1763888888888889,0.25972222222222224
503,720,0.010161875326584309,0.1431744298086032,0.1539310640870677,165,7.428991370311956e-05,0.05799506977200508,362097,3.832074236869812,0.06527777777777778,0.16111111111111112,0.11388888888888889,0.1875,0.4722222222222222
504,720,0.010069402261112392,-0.08771085750011495,-0.08397429960343816,198,7.205724945783409e-05,0.05724123492836952,362817,3.839587986469269,0.22916666666666666,0.24305555555555555,0.20833333333333334,0.14166666666666666,0.17777777777777778
505,720,0.01,-0.12943047542494845,-0.12140432971650528,212,7.285068871725445e-05,0.05716231092810631,363537,3.8469884037971496,0.18194444444444444,0.17222222222222222,0.23055555555555557,0.25972222222222224,0.15555555555555556
506,720,0.01,0.007260548658628694,0.007286970348653776,176,7.722957634415353e-05,0.05604260414838791,364257,3.8535579164822895,0.1361111111111111,0.15416666666666667,0.30416666666666664,0.25277777777777777,0.1527777777777778
507,720,0.01,0.08791447698350045,0.09189473590340747,163,7.553329175177877e-05,0.05661538988351822,364977,3.86022918621699,0.19166666666666668,0.19166666666666668,0.2513888888888889,0.18194444444444444,0.18333333333333332
508,720,0.01,0.015286533933583351,0.015403970630385455,223,7.146870543566466e-05,0.05506429821252823,365697,3.866852649052938,0.2652777777777778,0.18888888888888888,0.22916666666666666,0.15416666666666667,0.1625
509,720,0.01,0.33318757299862056,0.3954090149768008,128,7.137201398563776e-05,0.054910048842430115,366417,3.8733526190121967,0.05277777777777778,0.0875,0.10555555555555556,0.18333333333333332,0.5708333333333333
510,720,0.01,0.11519190797921719,0.12208875469615932,263,7.617796785552855e-05,0.055318813771009445,367137,3.87994913260142,0.4625,0.1388888888888889,0.16944444444444445,0.1,0.12916666666666668
511,720,0.01,-0.2711247411931648,-0.2374786273535746,253,7.185454921783376e-05,0.05533009022474289,367857,3.893177564938863,0.12222222222222222,0.2152777777777778,0.24861111111111112,0.10972222222222222,0.30416666666666664
512,720,0.01,-0.013948285131306897,-0.013851458513471915,150,7.47734628109558e-05,0.05609285831451416,368577,3.8997371872266133,0.08055555555555556,0.2861111111111111,0.13333333333333333,0.17222222222222222,0.3277777777777778
513,720,0.01,-0.057299109326373915,-0.05568842527876228,158,7.306297675187225e-05,0.05562125891447067,369297,3.9062517166137694,0.1875,0.0875,0.13333333333333333,0.14166666666666666,0.45
514,720,0.01,-0.042077165208365123,-0.04120420795922197,258,7.110648554847406e-05,0.05588734894990921,370017,3.91279700199763,0.41805555555555557,0.15694444444444444,0.2375,0.1388888888888889,0.04861111111111111
515,720,0.01,0.00024675344577477967,0.00024678389191135075,258,6.932329581559316e-05,0.05690580606460571,370737,3.9196593364079795,0.45416666666666666,0.11666666666666667,0.1597222222222222,0.10972222222222222,0.1597222222222222
516,720,0.01,-0.13216883921952388,-0.12380695316019119,221,7.054459673554448e-05,0.05599692836403847,371457,3.926688035329183,0.2875,0.0875,0.22916666666666666,0.19722222222222222,0.1986111111111111
517,720,0.01,-0.04414746697755018,-0.04318715123002592,185,7.289206871140171e-05,0.05708631873130798,372177,3.933286948998769,0.16805555555555557,0.3111111111111111,0.28888888888888886,0.125,0.10694444444444444
518,720,0.01,0.4708952834662502,0.6014272829797065,185,7.02985654773632e-05,0.055336035788059235,372897,3.9396613001823426,0.2861111111111111,0.1111111111111111,0.14305555555555555,0.28055555555555556,0.17916666666666667
519,720,0.01,-0.7990323653858187,-0.5502360391989612,212,7.687290645637606e-05,0.05505729094147682,373617,3.946231818199158,0.18611111111111112,0.14444444444444443,0.23055555555555557,0.1388888888888889,0.3
520,720,0.01,-0.38889338441901383,-0.3221934691010776,204,7.146907849649627e-05,0.05415097624063492,374337,3.9527788321177164,0.17916666666666667,0.14583333333333334,0.24027777777777778,0.23194444444444445,0.20277777777777778
521,720,0.01,-0.08457198553870972,-0.08109449491187981,201,7.084269201540236e-05,0.05387955904006958,375057,3.9661407550175984,0.06805555555555555,0.15833333333333333,0.17916666666666667,0.24305555555555555,0.35138888888888886
522,720,0.01,-0.10728318308428483,-0.10172873825690065,229,7.134841376783798e-05,0.053891368210315704,375777,3.9728452523549396,0.12777777777777777,0.1125,0.26666666666666666,0.24166666666666667,0.2513888888888889
523,720,0.01,0.2648311101919154,0.3032108581593502,170,7.212874982087669e-05,0.053636014461517334,376497,3.97935258547465,0.15833333333333333,0.08888888888888889,0.2013888888888889,0.21944444444444444,0.33194444444444443
524,720,0.01,0.23496670206982065,0.2648666505902566,236,6.972116273497401e-05,0.05405845865607262,377217,3.985835834344228,0.13194444444444445,0.09305555555555556,0.14444444444444443,0.3125,0.31805555555555554
525,720,0.01,-0.1327123172896909,-0.1242830154899428,172,7.554139738709232e-05,0.05329740047454834,377937,3.992367366949717,0.043055555555555555,0.16666666666666666,0.2722222222222222,0.2777777777777778,0.24027777777777778
526,720,0.01,0.011135614311935056,0.011197846046669735,204,7.517096228184527e-05,0.05299006402492523,378657,3.9988911549250283,0.14722222222222223,0.14166666666666666,0.2875,0.35833333333333334,0.06527777777777778
527,720,0.01,0.28812274103714747,0.33392102092537557,220,7.731950019484026e-05,0.05265407636761665,379377,4.006338135401408,0.175,0.1875,0.25,0.2222222222222222,0.16527777777777777
528,720,0.01,0.166907358641604,0.18164479105893472,185,7.591243446414511e-05,0.05273417755961418,380097,4.0135707338651025,0.13333333333333333,0.1,0.13472222222222222,0.33055555555555555,0.3013888888888889
529,720,0.01,-0.06617478012440316,-0.06403273847962598,267,7.520295471926551e-05,0.05272819846868515,380817,4.020191852251688,0.18472222222222223,0.17916666666666667,0.3263888888888889,0.18333333333333332,0.12638888888888888
530,720,0.01,0.1005054684235962,0.10572968828586449,279,8.092727076069019e-05,0.0534261055290699,381537,4.02680766582489,0.14722222222222223,0.20694444444444443,0.2986111111111111,0.2638888888888889,0.08333333333333333
531,720,0.01,-0.19168247124173238,-0.17443103123318904,232,7.761814389368737e-05,0.05392618104815483,382257,4.0394827683766685,0.19305555555555556,0.15555555555555556,0.29305555555555557,0.31666666666666665,0.041666666666666664
532,720,0.01,0.12287036935156513,0.13073783316803667,296,7.628263912869846e-05,0.053640805184841156,382977,4.0459818840026855,0.15,0.10277777777777777,0.2972222222222222,0.225,0.225
533,720,0.01,-0.32864678992941376,-0.28010275319651856,175,7.807013004265982e-05,0.054166682064533234,383697,4.0538323521614075,0.13194444444444445,0.12638888888888888,0.1638888888888889,0.24166666666666667,0.33611111111111114
534,720,0.01,-0.08352827250251672,-0.08013492058417904,203,7.439090444323584e-05,0.05478375777602196,384417,4.0603764176368715,0.3486111111111111,0.09861111111111111,0.20555555555555555,0.17083333333333334,0.1763888888888889
535,720,0.01,0.04306138330378452,0.04400197717431742,412,7.689499175664119e-05,0.05333498865365982,385137,4.066795217990875,0.2902777777777778,0.15416666666666667,0.35,0.13472222222222222,0.07083333333333333
536,720,0.01,0.006768477356814042,0.006791435267149648,242,7.6465585425467e-05,0.053285613656044006,385857,4.073313538233439,0.21666666666666667,0.06527777777777778,0.25833333333333336,0.3902777777777778,0.06944444444444445
537,720,0.01,0.24849175824503048,0.2820902556520313,228,7.541634544547074e-05,0.05375674366950989,386577,4.079809466997783,0.20972222222222223,0.1375,0.3472222222222222,0.25972222222222224,0.04583333333333333
538,720,0.01,-0.302269130272901,-0.26086088659250406,267,7.58883173729272e-05,0.05219818279147148,387297,4.086634918053945,0.24583333333333332,0.10694444444444444,0.2916666666666667,0.2125,0.14305555555555555
539,720,0.01,-0.06433941200816996,-0.06231331660661721,307,8.009101797673187e-05,0.05229448154568672,388017,4.094431885083517,0.2861111111111111,0.19305555555555556,0.18472222222222223,0.1986111111111111,0.1375
540,720,0.01,-0.06955688793214923,-0.06719293358996603,218,8.135471122664563e-05,0.05244605988264084,388737,4.1008932511011755,0.20277777777777778,0.05694444444444444,0.1986111111111111,0.20972222222222223,0.33194444444444443
541,720,0.01,0.22974711469211023,0.25828176871941655,329,8.203900380673682e-05,0.052218347787857056,389457,4.113362634181977,0.20416666666666666,0.14166666666666666,0.30277777777777776,0.25277777777777777,0.09861111111111111
542,720,0.01,0.01599522910857255,0.016123837578023714,205,7.929005222674984e-05,0.05229933187365532,390177,4.1199513872464495,0.2152777777777778,0.04027777777777778,0.1527777777777778,0.19305555555555556,0.39861111111111114
543,720,0.01,-0.006913856766443922,-0.006890011045698863,213,8.016829807375972e-05,0.05327921360731125,390897,4.1264766176541645,0.12638888888888888,0.1638888888888889,0.3402777777777778,0.24166666666666667,0.12777777777777777
544,720,0.01,-0.09308852512934125,-0.08888715965605831,190,7.358380523025214e-05,0.05275639146566391,391617,4.133839217821757,0.06527777777777778,0.10555555555555556,0.19444444444444445,0.25277777777777777,0.3819444444444444
545,720,0.01,-0.1532807848167242,-0.14211119416091322,122,6.509763675113491e-05,0.052996788173913956,392337,4.140683551629384,0.16666666666666666,0.08472222222222223,0.23472222222222222,0.28055555555555556,0.23333333333333334
546,720,0.01,0.025886600712577392,0.02622456874004575,144,7.129955477012118e-05,0.05304938554763794,393057,4.147245236237844,0.175,0.059722222222222225,0.2152777777777778,0.14583333333333334,0.4041666666666667
547,720,0.01,-0.0690287528812142,-0.06670015536716356,140,6.822681873472903e-05,0.05371316522359848,393777,4.153773236274719,0.0875,0.043055555555555555,0.2708333333333333,0.17083333333333334,0.42777777777777776
548,720,0.01,0.24591559844782235,0.278791636987723,285,7.145767982845226e-05,0.05345429107546806,394497,4.160297966003418,0.18055555555555555,0.15694444444444444,0.2708333333333333,0.10555555555555556,0.2861111111111111
549,720,0.01,-0.12367007446973707,-0.11632866147121046,229,7.161433418458626e-05,0.053733594715595245,395217,4.166820685068767,0.16805555555555557,0.12083333333333333,0.2833333333333333,0.22777777777777777,0.2
550,720,0.01,0.24966360666214246,0.28359355173424916,351,7.732833928962969e-05,0.05358995124697685,395937,4.174026298522949,0.1375,0.041666666666666664,0.35138888888888886,0.2,0.26944444444444443
551,720,0.01,0.05356587829665553,0.055026492826533824,184,7.994381970143473e-05,0.05355769395828247,396657,4.186529449621836,0.10972222222222222,0.1388888888888889,0.23333333333333334,0.18472222222222223,0.3333333333333333
552,720,0.01,0.17260508835288046,0.18839670070499914,178,7.668616274258966e-05,0.05419445037841797,397377,4.192953352133433,0.11388888888888889,0.18333333333333332,0.30416666666666664,0.2611111111111111,0.1375
553,720,0.01,0.059351020816173196,0.061147660290622685,204,7.39575929098161e-05,0.05412302911281586,398097,4.199408702055613,0.05555555555555555,0.15555555555555556,0.2833333333333333,0.25,0.25555555555555554
554,720,0.01,0.17856881002268307,0.19550514317931555,178,8.240557711537298e-05,0.05420149862766266,398817,4.205833816528321,0.13055555555555556,0.14166666666666666,0.4041666666666667,0.24305555555555555,0.08055555555555556
555,720,0.01,-0.03468427380550668,-0.03408966868667562,180,7.584013151497654e-05,0.05311249941587448,399537,4.2124360998471575,0.18472222222222223,0.20416666666666666,0.28055555555555556,0.275,0.05555555555555555
556,720,0.01,-0.13697560227213998,-0.12800849951609028,206,7.046079240985313e-05,0.053317002952098846,400257,4.218902337551117,0.2625,0.1361111111111111,0.19166666666666668,0.19166666666666668,0.21805555555555556
557,720,0.01,0.2663317673318316,0.3051679989698459,212,7.678099403341952e-05,0.053133632987737656,400977,4.226027699311574,0.3111111111111111,0.09027777777777778,0.24444444444444444,0.22361111111111112,0.13055555555555556
558,720,0.01,-0.1430366204151532,-0.13327767141717528,142,7.257575293048527e-05,0.05236396938562393,401697,4.232403898239136,0.3486111111111111,0.13333333333333333,0.31666666666666665,0.14583333333333334,0.05555555555555555
559,720,0.01,0.13096581308063415,0.13992880999153123,136,7.37875184843991e-05,0.052624158561229706,402417,4.238771752516429,0.04861111111111111,0.10833333333333334,0.19305555555555556,0.4027777777777778,0.24722222222222223
560,720,0.01,-0.1634321053335323,-0.15077584516495024,191,7.50830403616318e-05,0.052217770367860794,403137,4.245197101434072,0.14583333333333334,0.0625,0.2263888888888889,0.2902777777777778,0.275
561,720,0.01,0.16001679940468053,0.1735305854414253,150,7.463321155177659e-05,0.05181211233139038,403857,4.257941770553589,0.20694444444444443,0.1527777777777778,0.2875,0.20277777777777778,0.15
562,720,0.01,0.19721395146899115,0.21800460670551725,196,7.365575060399957e-05,0.052723273634910583,404577,4.2654614845911665,0.13472222222222222,0.1388888888888889,0.2,0.3013888888888889,0.225
563,720,0.01,0.2130067127313422,0.23739295750221023,141,7.086158184140206e-05,0.05317448824644089,405297,4.272046319643656,0.15833333333333333,0.05277777777777778,0.17083333333333334,0.19305555555555556,0.425
564,720,0.01,-0.04777503440192981,-0.04665176648941416,123,7.395253649065126e-05,0.05309658497571945,406017,4.278569153944651,0.011111111111111112,0.15,0.15,0.2013888888888889,0.4875
565,720,0.01,0.20421074379275633,0.22655661541379124,170,7.854753625022366e-05,0.052967317402362823,406737,4.285041952133179,0.30972222222222223,0.08888888888888889,0.23472222222222222,0.3236111111111111,0.043055555555555555
566,720,0.01,0.0031303809199949803,0.0031352856789363948,186,6.985060374770708e-05,0.0530453622341156,407457,4.291551236311594,0.14305555555555555,0.08194444444444444,0.30277777777777776,0.28888888888888886,0.18333333333333332
567,720,0.01,-0.08806078434449344,-0.08429478550956626,132,7.276100280048721e-05,0.052737001329660416,408177,4.297998634974162,0.25277777777777777,0.08194444444444444,0.21666666666666667,0.3458333333333333,0.10277777777777777
568,720,0.01,-0.17278414146863166,-0.15868079882738362,157,7.414271131235889e-05,0.05280766636133194,408897,4.304478085041046,0.2902777777777778,0.07777777777777778,0.11388888888888889,0.4652777777777778,0.05277777777777778
569,720,0.01,-0.09442434475953242,-0.09010342953406059,207,6.667393869292937e-05,0.052509889006614685,409617,4.311060221989949,0.225,0.09861111111111111,0.37916666666666665,0.2847222222222222,0.0125
570,720,0.01,0.04422176284626311,0.04521411884712734,180,6.1716610567449e-05,0.05122332274913788,410337,4.31752690076828,0.3,0.12222222222222222,0.2388888888888889,0.25277777777777777,0.08611111111111111
571,720,0.01,0.14614591932376914,0.15736505765639253,97,6.196813200808215e-05,0.051197782158851624,411057,4.3303937514623,0.05,0.09444444444444444,0.15138888888888888,0.46805555555555556,0.2361111111111111
572,720,0.01,-0.06378363610920224,-0.06179202810082862,134,6.155336693104295e-05,0.05137323960661888,411777,4.337291582425435,0.35555555555555557,0.1361111111111111,0.1763888888888889,0.1736111111111111,0.15833333333333333
573,720,0.01,0.07535682921024767,0.07826884006501622,111,5.987994136123436e-05,0.05128302425146103,412497,4.345686733722687,0.07777777777777778,0.11666666666666667,0.1763888888888889,0.35833333333333334,0.2708333333333333
574,720,0.01,-0.2998795634339451,-0.2590925523427253,110,6.196699970486305e-05,0.05104730278253555,413217,4.352212405204773,0.1986111111111111,0.0625,0.37777777777777777,0.2513888888888889,0.10972222222222222
575,720,0.01,0.32708624053567,0.3869210808398309,75,6.028397612251663e-05,0.05063106492161751,413937,4.358725833892822,0.13472222222222222,0.02638888888888889,0.19444444444444445,0.2388888888888889,0.40555555555555556
576,720,0.01,-0.17145016170275168,-0.1575577471387979,121,6.186818451902178e-05,0.05026954412460327,414657,4.365350615978241,0.3111111111111111,0.09583333333333334,0.24305555555555555,0.15555555555555556,0.19444444444444445
577,720,0.01,0.24489745081269687,0.27749030089525406,181,6.179806315584655e-05,0.05083157867193222,415377,4.371968181927999,0.3402777777777778,0.05416666666666667,0.3486111111111111,0.14583333333333334,0.1111111111111111
578,720,0.01,-0.06864509846245635,-0.06634202206242434,145,6.312445507950946e-05,0.05002441257238388,416097,4.3785094022750854,0.11944444444444445,0.009722222222222222,0.325,0.30972222222222223,0.2361111111111111
579,720,0.01,-0.18795086422580287,-0.17134457714188056,171,6.0770913254752186e-05,0.04921776428818703,416817,4.385078732172648,0.3055555555555556,0.11805555555555555,0.125,0.23194444444444445,0.21944444444444444
580,720,0.01,-0.04585097399409712,-0.044815701114518935,162,6.278592246644621e-05,0.048933591693639755,417537,4.39171701669693,0.2263888888888889,0.043055555555555555,0.22916666666666666,0.28888888888888886,0.2125
581,720,0.01,0.08609265916493007,0.08990731352797665,141,6.149797985320523e-05,0.048540592193603516,418257,4.40428466796875,0.27361111111111114,0.06111111111111111,0.2388888888888889,0.2638888888888889,0.1625
582,720,0.01,-0.10604804643260152,-0.10061856503168454,202,6.0088552724361456e-05,0.048204220831394196,418977,4.411652135848999,0.37083333333333335,0.04861111111111111,0.20416666666666666,0.19027777777777777,0.18611111111111112
583,720,0.01,-0.10313531287710602,-0.09799508765637388,162,5.983067765353351e-05,0.04990531876683235,419697,4.418540632724762,0.029166666666666667,0.022222222222222223,0.15555555555555556,0.29444444444444445,0.4986111111111111
584,720,0.01,-0.07073797056700723,-0.0682940054613479,128,6.586903345275156e-05,0.04916117712855339,420417,4.426302782694498,0.1388888888888889,0.08888888888888889,0.3875,0.24027777777777778,0.14444444444444443
585,720,0.01,-0.1679140675554977,-0.154573518872558,151,6.560244220155356e-05,0.04923490807414055,421137,4.432908467451731,0.25555555555555554,0.06111111111111111,0.1527777777777778,0.23055555555555557,0.3
586,720,0.01,0.06028996180448064,0.06214448322924082,195,6.331310678686148e-05,0.047987136989831924,421857,4.439502799510956,0.3527777777777778,0.14027777777777778,0.1736111111111111,0.25416666666666665,0.07916666666666666
587,720,0.01,-0.15579616578884387,-0.1442663996215554,183,6.575131751939504e-05,0.04765203222632408,422577,4.446056218942006,0.28888888888888886,0.05416666666666667,0.24583333333333332,0.24444444444444444,0.16666666666666666
588,720,0.01,-0.2602635681515983,-0.2291516120582726,146,6.171060612637625e-05,0.04720452427864075,423297,4.452493437131246,0.24027777777777778,0.06805555555555555,0.125,0.20277777777777778,0.3638888888888889
589,720,0.01,-0.15131632420757266,-0.14042424896863126,156,6.401327411696103e-05,0.04779549688100815,424017,4.459167071183523,0.4444444444444444,0.020833333333333332,0.2125,0.15694444444444444,0.16527777777777777
590,720,0.01,0.035181724866837565,0.03580792375445063,132,6.080686766836152e-05,0.04722170531749725,424737,4.465792671839396,0.0375,0.16944444444444445,0.3611111111111111,0.3458333333333333,0.08611111111111111
591,720,0.01,-0.050163487542611226,-0.04892607694873541,213,5.873329935942214e-05,0.046475812792778015,425457,4.478390502929687,0.49166666666666664,0.06388888888888888,0.2,0.16666666666666666,0.07777777777777778
592,720,0.01,-0.27843679164991403,-0.24303388718315122,154,6.023599425917483e-05,0.04605099558830261,426177,4.484966337680817,0.31666666666666665,0.018055555555555554,0.22083333333333333,0.19027777777777777,0.25416666666666665
593,720,0.01,-0.12791129376408222,-0.12006856891213846,184,6.077751704714905e-05,0.04645366221666336,426897,4.491546185811361,0.22083333333333333,0.13472222222222222,0.18472222222222223,0.2388888888888889,0.22083333333333333
594,720,0.01,0.07392391697638076,0.07672488189513915,152,5.433877477874679e-05,0.046919919550418854,427617,4.498085482915243,0.23472222222222222,0.0763888888888889,0.22916666666666666,0.19583333333333333,0.2638888888888889
595,720,0.01,-0.08135864659216886,-0.07813699087755943,146,5.779503556924384e-05,0.047082118690013885,428337,4.505044404665629,0.1875,0.034722222222222224,0.18611111111111112,0.3236111111111111,0.26805555555555555
596,720,0.01,0.020877839288472835,0.02109730604473281,96,5.659866495635571e-05,0.04779971390962601,429057,4.513193368911743,0.07222222222222222,0.0125,0.20277777777777778,0.26805555555555555,0.4444444444444444
597,720,0.01,-0.014044091573682627,-0.013945933371164121,202,5.831557475378051e-05,0.048929013311862946,429777,4.519962533315023,0.1986111111111111,0.041666666666666664,0.21388888888888888,0.34305555555555556,0.20277777777777778
598,720,0.01,-0.022274872221653676,-0.022028619063554467,137,5.8519592984238345e-05,0.04917284473776817,430497,4.526611216862997,0.14166666666666666,0.009722222222222222,0.20694444444444443,0.2777777777777778,0.3638888888888889
599,720,0.01,-0.15470556242310107,-0.14333262458025486,180,5.578540158366094e-05,0.04987902194261551,431217,4.533113451798757,0.18888888888888888,0.06666666666666667,0.3333333333333333,0.18194444444444444,0.22916666666666666
600,720,0.01,0.0697048023279529,0.07219162606133533,194,5.767068841527766e-05,0.048771098256111145,431937,4.539625704288483,0.2388888888888889,0.20416666666666666,0.26944444444444443,0.175,0.1125
601,720,0.01,-0.1276698350666522,-0.11985607616188088,181,5.7615136797216516e-05,0.04909722879528999,432657,4.551782103379567,0.32083333333333336,0.14305555555555555,0.1638888888888889,0.16944444444444445,0.20277777777777778
602,720,0.01,0.05375992911882979,0.0552312414500602,183,5.704851350603551e-05,0.04853397607803345,433377,4.558239801724752,0.1625,0.10138888888888889,0.15416666666666667,0.30277777777777776,0.2791666666666667
603,720,0.01,-0.03970076937117716,-0.038923020201293235,209,5.516242103390646e-05,0.04961724579334259,434097,4.565009748935699,0.18194444444444444,0.09583333333333334,0.3013888888888889,0.2777777777777778,0.14305555555555555
604,720,0.01,-0.3084253325077966,-0.2653971988996473,294,5.419871198708077e-05,0.04907035082578659,434817,4.5715747038523356,0.24444444444444444,0.06388888888888888,0.3138888888888889,0.175,0.20277777777777778
605,720,0.01,0.19311873532517268,0.2130268141020013,186,5.2104100404903875e-05,0.04853437468409538,435537,4.5780845006306965,0.4,0.02638888888888889,0.19722222222222222,0.15555555555555556,0.22083333333333333
606,720,0.01,0.10595463500770375,0.1117714398597065,252,5.536855572927379e-05,0.048589516431093216,436257,4.584664916992187,0.31666666666666665,0.15416666666666667,0.15694444444444444,0.18055555555555555,0.19166666666666668
607,720,0.01,-0.12303219227548949,-0.1157648034404154,170,5.450059312453151e-05,0.04752647876739502,436977,4.592448437213898,0.22361111111111112,0.1527777777777778,0.21944444444444444,0.23194444444444445,0.17222222222222222
608,720,0.01,-0.04869925966665475,-0.04753246796693622,136,5.4647231062669256e-05,0.04738655686378479,437697,4.599646218617758,0.12916666666666668,0.14027777777777778,0.31805555555555554,0.20277777777777778,0.20972222222222223
609,720,0.01,0.4091401384407758,0.5055226873048859,212,5.9181732937455914e-05,0.04699236899614334,438417,4.606223448117574,0.10833333333333334,0.02361111111111111,0.24861111111111112,0.21388888888888888,0.40555555555555556
610,720,0.01,-0.06787589435563836,-0.06562357222957316,168,7.085495144060082e-05,0.047133080661296844,439137,4.612955768903096,0.04861111111111111,0.1375,0.23333333333333334,0.20972222222222223,0.37083333333333335
611,720,0.01,-0.19160264775167332,-0.1743651288065743,154,6.681497485993128e-05,0.046653665602207184,439857,4.625376550356547,0.10833333333333334,0.12638888888888888,0.3972222222222222,0.2361111111111111,0.13194444444444445
612,720,0.01,0.10324494472485526,0.10876296145551145,104,6.499067091125552e-05,0.04645749181509018,440577,4.631825602054596,0.06805555555555555,0.1527777777777778,0.30972222222222223,0.24166666666666667,0.22777777777777777
613,720,0.01,0.14619721242748532,0.15742442402486523,193,6.31241005003681e-05,0.04677393287420273,441297,4.638361004988353,0.20555555555555555,0.18888888888888888,0.3416666666666667,0.15833333333333333,0.10555555555555556
614,720,0.01,-0.08731557329596312,-0.0836121375397183,222,6.744887795220064e-05,0.046721190214157104,442017,4.645649564266205,0.16666666666666666,0.0763888888888889,0.36666666666666664,0.16666666666666666,0.22361111111111112
615,720,0.01,-0.04510518296575507,-0.04410306752916027,231,6.492819302492434e-05,0.04644671827554703,442737,4.652315819263459,0.12777777777777777,0.20833333333333334,0.1736111111111111,0.33055555555555555,0.1597222222222222
616,720,0.01,0.19559221567280133,0.21603092586190598,149,6.13312127572701e-05,0.047363266348838806,443457,4.659310734272003,0.12916666666666668,0.011111111111111112,0.12361111111111112,0.2652777777777778,0.4708333333333333
617,720,0.01,0.2582736590949497,0.2946930746843872,216,6.363827127668427e-05,0.047054558992385864,444177,4.665897818406423,0.1361111111111111,0.13194444444444445,0.20416666666666666,0.25,0.2777777777777778
618,720,0.01,-0.15718475958080064,-0.14545384135869988,137,6.295160399834761e-05,0.046867914497852325,444897,4.673691534996033,0.11666666666666667,0.12361111111111112,0.37222222222222223,0.18194444444444444,0.20555555555555555
619,720,0.01,-0.006638769264945302,-0.006616781320806675,252,5.8478408323026085e-05,0.0466313362121582,445617,4.68228188753128,0.19166666666666668,0.10416666666666667,0.14583333333333334,0.18611111111111112,0.37222222222222223
620,720,0.01,0.39141614777102024,0.47907389866477,162,5.859042510868069e-05,0.04626123607158661,446337,4.688886686166128,0.2708333333333333,0.05,0.09305555555555556,0.16527777777777777,0.42083333333333334
621,720,0.01,-0.034597183891176976,-0.03400554397551603,147,5.790480560739929e-05,0.04574509710073471,447057,4.701507218678793,0.25972222222222224,0.10694444444444444,0.11944444444444445,0.18194444444444444,0.33194444444444443
622,720,0.01,-0.10476596612732454,-0.09946474632090463,88,5.530099740048576e-05,0.04596492648124695,447777,4.70810546875,0.11944444444444445,0.08611111111111111,0.08888888888888889,0.23194444444444445,0.4736111111111111
623,720,0.01,0.3507805462903336,0.4201756289017724,115,5.6983954799408014e-05,0.04664193093776703,448497,4.714630969365438,0.0625,0.0125,0.16805555555555557,0.16805555555555557,0.5888888888888889
624,720,0.01,0.13457738358911644,0.14405318651877397,177,5.5387655848133164e-05,0.04682992026209831,449217,4.721122185389201,0.09027777777777778,0.06805555555555555,0.41944444444444445,0.2013888888888889,0.22083333333333333
625,720,0.01,-0.12616855876147512,-0.11853374459971555,166,6.128169814398158e-05,0.046037640422582626,449937,4.727613933881124,0.10694444444444444,0.05694444444444444,0.11944444444444445,0.14166666666666666,0.575
626,720,0.01,0.11872447307453879,0.1260596157981444,165,5.778088972950475e-05,0.046116575598716736,450657,4.734291549523672,0.059722222222222225,0.10416666666666667,0.4027777777777778,0.23055555555555557,0.20277777777777778
627,720,0.01,0.13457142827707522,0.1440463733453481,262,6.014125237799009e-05,0.0459725446999073,451377,4.740941719214121,0.034722222222222224,0.1125,0.3402777777777778,0.06388888888888888,0.4486111111111111
628,720,0.01,0.028350094661129005,0.02875578329073436,206,5.8008288410999534e-05,0.04596075788140297,452097,4.747539734840393,0.11805555555555555,0.043055555555555555,0.2833333333333333,0.12638888888888888,0.42916666666666664
629,720,0.01,-0.15084701825060617,-0.1400207502734434,204,5.53579990790038e-05,0.04470163211226463,452817,4.754955836137136,0.1388888888888889,0.08888888888888889,0.23472222222222222,0.14583333333333334,0.39166666666666666
630,720,0.01,-0.004889510429174863,-0.00487757623177465,170,5.9932723890041315e-05,0.04469666630029678,453537,4.762508936723074,0.11805555555555555,0.08888888888888889,0.21666666666666667,0.11666666666666667,0.4597222222222222
631,720,0.01,0.0007904527430560547,0.0007907652331551329,161,5.5063021199607145e-05,0.04403133690357208,454257,4.775359483559926,0.10555555555555556,0.04722222222222222,0.28055555555555556,0.16805555555555557,0.39861111111111114
632,720,0.01,0.1967150272747078,0.21739706630938826,181,5.58178692762744e-05,0.04342108219861984,454977,4.782143052419027,0.1527777777777778,0.09027777777777778,0.18055555555555555,0.18055555555555555,0.3958333333333333
633,720,0.01,0.10462612815207349,0.11029542454527808,312,5.7942899743718754e-05,0.04350562021136284,455697,4.788850053151449,0.03333333333333333,0.18888888888888888,0.3388888888888889,0.058333333333333334,0.38055555555555554
634,720,0.01,-0.015400399771993686,-0.015282420036920041,211,5.975443405708979e-05,0.04369596019387245,456417,4.7953665375709535,0.13333333333333333,0.07916666666666666,0.22777777777777777,0.04722222222222222,0.5125
635,720,0.01,-0.37894587469243274,-0.3154173350891688,181,6.191300449876912e-05,0.04371628910303116,457137,4.80192643404007,0.39861111111111114,0.044444444444444446,0.10416666666666667,0.09583333333333334,0.35694444444444445
636,720,0.01,-0.03789150926400955,-0.037182608007409246,244,6.106480698362147e-05,0.042979590594768524,457857,4.808352017402649,0.18194444444444444,0.08333333333333333,0.2263888888888889,0.19444444444444445,0.3138888888888889
637,720,0.01,-0.13940810561259243,-0.13012704402593112,142,6.359439617729853e-05,0.04324640333652496,458577,4.8148306012153625,0.16944444444444445,0.07916666666666666,0.16666666666666666,0.1763888888888889,0.4083333333333333
638,720,0.01,-0.07891797461845523,-0.07588427771891726,265,6.277652884894754e-05,0.04310375452041626,459297,4.8214911659558615,0.3416666666666667,0.15833333333333333,0.25,0.06527777777777778,0.18472222222222223
639,720,0.01,0.2370469847926647,0.2675006696324238,237,5.8416126031109646e-05,0.04250189661979675,460017,4.828002500534057,0.28888888888888886,0.07777777777777778,0.225,0.06527777777777778,0.34305555555555556
640,720,0.01,0.0739894365615745,0.07679543077391449,214,5.876413631287707e-05,0.04215000569820404,460737,4.834542485078176,0.19583333333333333,0.1597222222222222,0.2125,0.16527777777777777,0.26666666666666666
641,720,0.01,0.1219533905909726,0.1297014458364314,223,6.070066393009357e-05,0.04192432388663292,461457,4.848642500241597,0.17916666666666667,0.2388888888888889,0.19027777777777777,0.0625,0.32916666666666666
642,720,0.01,0.16387298034299028,0.17806466821878475,176,6.393774520776989e-05,0.042047709226608276,462177,4.855110069115956,0.2972222222222222,0.09444444444444444,0.3138888888888889,0.23194444444444445,0.0625
643,720,0.01,0.07529482439687107,0.07820198427952874,160,6.221806556949458e-05,0.04261847585439682,462897,4.862132966518402,0.17083333333333334,0.10138888888888889,0.15555555555555556,0.16666666666666666,0.40555555555555556
644,720,0.01,0.155216277147856,0.1679105261496614,168,5.717328433168708e-05,0.042148783802986145,463617,4.868580520153046,0.2013888888888889,0.17083333333333334,0.1527777777777778,0.16805555555555557,0.30694444444444446
645,720,0.01,-0.09416992671105605,-0.08987190597364758,143,6.021622723437758e-05,0.04289178550243378,464337,4.875029202302297,0.07361111111111111,0.05138888888888889,0.14444444444444443,0.16944444444444445,0.5611111111111111
646,720,0.01,0.055716962501161836,0.05729838629162809,268,6.111740170429887e-05,0.04275369644165039,465057,4.8815656185150145,0.1597222222222222,0.15833333333333333,0.1763888888888889,0.075,0.4305555555555556
647,720,0.01,0.8644112128489024,1.3736081245011729,235,6.173931601930842e-05,0.042854953557252884,465777,4.8880582849184675,0.1125,0.10833333333333334,0.16111111111111112,0.11527777777777778,0.5027777777777778
648,720,0.01,-0.21907494650828027,-0.19673848574810993,281,5.788897815237861e-05,0.04317990690469742,466497,4.894429437319437,0.1,0.1388888888888889,0.14027777777777778,0.1486111111111111,0.4722222222222222
649,720,0.01,-0.2671331474418632,-0.23442886915867733,300,6.278227775611514e-05,0.042462632060050964,467217,4.9008545478185015,0.14444444444444443,0.2013888888888889,0.16805555555555557,0.17222222222222222,0.3138888888888889
650,720,0.01,0.07889902919969428,0.08209505655022631,372,6.192504823856223e-05,0.0433112271130085,467937,4.907531968752543,0.005555555555555556,0.2263888888888889,0.26944444444444443,0.20277777777777778,0.29583333333333334
651,720,0.01,-0.1657490873986153,-0.15274120457045615,159,6.123542680522101e-05,0.043405983597040176,468657,4.919723486900329,0.022222222222222223,0.09166666666666666,0.25555555555555554,0.20416666666666666,0.4263888888888889
652,720,0.01,0.03556873004075835,0.03620886435817017,143,6.356653338267885e-05,0.04311365261673927,469377,4.928242536385854,0.07777777777777778,0.10138888888888889,0.21666666666666667,0.06111111111111111,0.5430555555555555
653,720,0.01,-0.026228754638063845,-0.025887768571133174,75,5.7746230653618925e-05,0.04299561679363251,470097,4.93583783308665,0.05138888888888889,0.06944444444444445,0.16111111111111112,0.09305555555555556,0.625
654,720,0.01,-0.1884179979951966,-0.1717315796750727,143,6.194942474798558e-05,0.042648762464523315,470817,4.942317199707031,0.17777777777777778,0.09027777777777778,0.20972222222222223,0.059722222222222225,0.4625
655,720,0.01,-0.14379375168750932,-0.1339336456359601,160,6.417072555677805e-05,0.0431550070643425,471537,4.948838802178701,0.1986111111111111,0.016666666666666666,0.24444444444444444,0.18333333333333332,0.35694444444444445
656,720,0.01,0.23809783656191982,0.26883332504264823,165,6.704764236170983e-05,0.042501989752054214,472257,4.955203417936961,0.1638888888888889,0.12083333333333333,0.17777777777777778,0.04722222222222222,0.49027777777777776
657,720,0.01,-0.15459196840222672,-0.14323530676127394,122,6.600733762651443e-05,0.042950328439474106,472977,4.961603637536367,0.1597222222222222,0.1,0.20277777777777778,0.09305555555555556,0.4444444444444444
658,720,0.01,0.028897923879812548,0.029319520169381885,222,6.576291826452992e-05,0.042743273079395294,473697,4.968688654899597,0.006944444444444444,0.041666666666666664,0.2972222222222222,0.06805555555555555,0.5861111111111111
659,720,0.01,-0.14138108405306812,-0.13184159267408702,198,6.633027695291578e-05,0.04242895171046257,474417,4.975071569283803,0.17222222222222222,0.13194444444444445,0.3013888888888889,0.08472222222222223,0.30972222222222223
660,720,0.01,0.36858895061532326,0.4456932302119787,179,6.659076612120568e-05,0.042951665818691254,475137,4.981479183832804,0.15555555555555556,0.030555555555555555,0.13194444444444445,0.20277777777777778,0.4791666666666667
661,720,0.01,0.5804136106283758,0.7867773080209288,342,6.582058679845835e-05,0.04276438057422638,475857,4.994050832589467,0.3625,0.06388888888888888,0.08472222222222223,0.11388888888888889,0.375
662,720,0.01,0.23305068686604008,0.26244546710984884,191,7.071372590417013e-05,0.04270628094673157,476577,5.000619184970856,0.10138888888888889,0.07222222222222222,0.24861111111111112,0.26944444444444443,0.30833333333333335
663,720,0.01,0.1815289247357283,0.19904921838989842,173,7.292906530362112e-05,0.042607612907886505,477297,5.00812228123347,0.46805555555555556,0.022222222222222223,0.14583333333333334,0.12361111111111112,0.24027777777777778
664,720,0.01,0.14084587439456267,0.15124719763893157,297,7.502751617367822e-05,0.0419754795730114,478017,5.016082851092021,0.31666666666666665,0.020833333333333332,0.20416666666666666,0.12777777777777777,0.33055555555555555
665,720,0.01,0.17344317740434445,0.18939310044619106,169,7.282570587297717e-05,0.04240318387746811,478737,5.023070601622264,0.11388888888888889,0.019444444444444445,0.08611111111111111,0.2111111111111111,0.5694444444444444
666,720,0.01,-0.11166194150394532,-0.10565345214951394,216,7.874606900612789e-05,0.04240167886018753,479457,5.029713249206543,0.3375,0.06805555555555555,0.12222222222222222,0.10416666666666667,0.3680555555555556
667,720,0.01,0.025019215756137646,0.025334822919046873,127,7.619292225374213e-05,0.042578525841236115,480177,5.036292950312297,0.1388888888888889,0.005555555555555556,0.3055555555555556,0.30833333333333335,0.24166666666666667
668,720,0.01,0.25901075425692516,0.29564773848178993,178,7.489121875450008e-05,0.042132969945669174,480897,5.042782032489777,0.1763888888888889,0.06666666666666667,0.24444444444444444,0.12638888888888888,0.3861111111111111
669,720,0.01,-0.13040292559304353,-0.12225830493229128,200,8.11825820960621e-05,0.042265884578228,481617,5.0493447860081995,0.2263888888888889,0.12916666666666668,0.14166666666666666,0.13194444444444445,0.37083333333333335
670,720,0.01,0.4130368265152377,0.5114006845294685,429,7.952622135134232e-05,0.0428747795522213,482337,5.057068081696828,0.42777777777777776,0.07083333333333333,0.04027777777777778,0.08472222222222223,0.3763888888888889
671,720,0.01,0.5517236079420275,0.7362430426094948,247,7.8752375969139e-05,0.04397241026163101,483057,5.07037916580836,0.21944444444444444,0.027777777777777776,0.1763888888888889,0.1111111111111111,0.4652777777777778
672,720,0.01,0.15895535131634095,0.17228560450310737,67,8.22641734784055e-05,0.04234965518116951,483777,5.076919098695119,0.44027777777777777,0.04583333333333333,0.07083333333333333,0.06944444444444445,0.3736111111111111
673,720,0.01,0.06719538271057404,0.06950442043471772,263,7.714532378915667e-05,0.04292643815279007,484497,5.083420483271281,0.38333333333333336,0.09722222222222222,0.13194444444444445,0.06527777777777778,0.32222222222222224
674,720,0.01,-0.12288184196742034,-0.11563184841154062,166,8.032309264838962e-05,0.044090788811445236,485217,5.089957018693288,0.2222222222222222,0.011111111111111112,0.09861111111111111,0.16805555555555557,0.5
675,720,0.01,-0.46762662971122504,-0.3735126082264838,236,7.77400234647353e-05,0.0434911772608757,485937,5.096386953194936,0.20833333333333334,0.018055555555555554,0.2263888888888889,0.0875,0.4597222222222222
676,720,0.01,0.01345949956939001,0.013550486387795102,219,7.97435778066655e-05,0.04532076045870781,486657,5.102850584189097,0.2625,0.006944444444444444,0.2125,0.16944444444444445,0.3486111111111111
677,720,0.01,-0.17355211436697782,-0.15932666113862415,218,8.19145815664039e-05,0.045311734080314636,487377,5.1093798716863,0.4861111111111111,0.009722222222222222,0.029166666666666667,0.08472222222222223,0.3902777777777778
678,720,0.01,-0.037564593279908354,-0.03686779615648694,95,8.001419560943961e-05,0.04547997564077377,488097,5.115845453739166,0.43472222222222223,0.10833333333333334,0.029166666666666667,0.12361111111111112,0.30416666666666664
679,720,0.01,-0.2285438941637256,-0.20430862976933517,345,7.540867707120925e-05,0.04667072370648384,488817,5.12227768500646,0.21666666666666667,0.03194444444444444,0.14444444444444443,0.11666666666666667,0.49027777777777776
680,720,0.01,-0.2206255183552957,-0.1979830353067925,133,8.319342985790475e-05,0.047171685844659805,489537,5.128686519463857,0.15,0.02361111111111111,0.14722222222222223,0.11388888888888889,0.5652777777777778
681,720,0.01,0.04425834627263287,0.04525235706032049,144,8.89906871710385e-05,0.04679850488901138,490257,5.1410397370656336,0.26944444444444443,0.02361111111111111,0.12083333333333333,0.125,0.46111111111111114
682,720,0.01,-0.07757097332938764,-0.07463865390965696,140,8.912162668113726e-05,0.04721702262759209,490977,5.147716065247853,0.38472222222222224,0.08888888888888889,0.08333333333333333,0.19166666666666668,0.2513888888888889
683,720,0.01,0.07214065680989279,0.07480651228741397,170,8.482178673148155e-05,0.04709434509277344,491697,5.1542912522951765,0.38055555555555554,0.16527777777777777,0.13194444444444445,0.10277777777777777,0.21944444444444444
684,720,0.01,-0.3181666568094224,-0.27251846144081293,178,7.866238202925362e-05,0.04669710248708725,492417,5.161033884684245,0.08194444444444444,0.05277777777777778,0.11527777777777778,0.1763888888888889,0.5736111111111111
685,720,0.01,-0.22731756485278437,-0.20333225156131485,166,8.796365282503555e-05,0.04848694056272507,493137,5.168126201629638,0.15416666666666667,0.013888888888888888,0.1375,0.1361111111111111,0.5583333333333333
686,720,0.01,-0.2816740676262609,-0.2454804331861411,236,8.432441541622716e-05,0.047924868762493134,493857,5.174561536312103,0.5819444444444445,0.03333333333333333,0.016666666666666666,0.07222222222222222,0.29583333333333334
687,720,0.01,0.008152256930659987,0.008185577060401794,187,8.634773866510336e-05,0.047603048384189606,494577,5.181002271175385,0.30833333333333335,0.09583333333333334,0.08888888888888889,0.225,0.28194444444444444
688,720,0.01,-0.0543210870213569,-0.05287205281779872,137,8.819593445726544e-05,0.047320231795310974,495297,5.188695534070333,0.3486111111111111,0.09444444444444444,0.09166666666666666,0.1,0.36527777777777776
689,720,0.01,-0.30568187062099844,-0.26337907705851393,69,8.81196981986755e-05,0.04801785945892334,496017,5.196566486358643,0.07222222222222222,0.027777777777777776,0.08888888888888889,0.3597222222222222,0.4513888888888889
690,720,0.01,0.07600420460526508,0.07896711077854213,139,8.836555713034815e-05,0.047511860728263855,496737,5.204227050145467,0.18055555555555555,0.0763888888888889,0.1875,0.23472222222222222,0.32083333333333336
691,720,0.01,-0.128430876675475,-0.12052564749153516,183,8.567804906963121e-05,0.0472884438931942,497457,5.219780600070953,0.29305555555555557,0.027777777777777776,0.10833333333333334,0.3138888888888889,0.2569444444444444
692,720,0.01,-0.1714877881487154,-0.1575894446503645,338,9.41665635284355e-05,0.046468451619148254,498177,5.22741748491923,0.29305555555555557,0.0625,0.14027777777777778,0.05416666666666667,0.45
693,720,0.01,-0.2549099497273089,-0.2250137174549519,175,8.365292767393839e-05,0.046822547912597656,498897,5.23425661722819,0.23333333333333334,0.09444444444444444,0.08888888888888889,0.11666666666666667,0.4666666666666667
694,720,0.01,-0.1628981041362882,-0.15032223734676164,117,9.066111070220965e-05,0.047377973794937134,499617,5.240866851806641,0.4722222222222222,0.05694444444444444,0.07083333333333333,0.2375,0.1625
695,720,0.01,-0.23501162619732582,-0.20943834165053332,196,9.162998671854438e-05,0.04801861569285393,500337,5.247463035583496,0.26805555555555555,0.05138888888888889,0.125,0.24305555555555555,0.3125
696,720,0.01,-0.029667126586910196,-0.0292313771635887,152,9.234015737749561e-05,0.04737157002091408,501057,5.254103298981985,0.275,0.07083333333333333,0.11388888888888889,0.3236111111111111,0.21666666666666667
697,720,0.01,-0.5142254387615418,-0.4020364253011508,185,9.804027898654668e-05,0.047012750059366226,501777,5.262165534496307,0.11388888888888889,0.09444444444444444,0.12916666666666668,0.21388888888888888,0.4486111111111111
698,720,0.01,0.3338992167247007,0.3964024024746924,240,9.927681136206148e-05,0.046949602663517,502497,5.270078337192535,0.5527777777777778,0.0375,0.03888888888888889,0.1527777777777778,0.21805555555555556
699,720,0.01,0.19729646285041788,0.21810511009447864,157,0.00010071726991959117,0.04664240777492523,503217,5.277254668871562,0.35138888888888886,0.09027777777777778,0.07916666666666666,0.23194444444444445,0.24722222222222223
700,720,0.01,0.03296986359790546,0.03351939221600131,235,0.00010250875544039041,0.04691186919808388,503937,5.283969136079152,0.17777777777777778,0.06944444444444445,0.1388888888888889,0.36527777777777776,0.24861111111111112
701,720,0.01,-0.1581200788658739,-0.14625274118941012,250,0.00010370823875847338,0.046645648777484894,504657,5.296686335404714,0.06111111111111111,0.05277777777777778,0.17777777777777778,0.42083333333333334,0.2875
702,720,0.01,-0.2581835074228519,-0.22754653184525564,162,9.86354002028141e-05,0.046372588723897934,505377,5.303167919317882,0.06388888888888888,0.07361111111111111,0.14305555555555555,0.28055555555555556,0.4388888888888889
703,720,0.01,0.05540644495080636,0.05697012755440989,157,9.69544280855593e-05,0.04617059975862503,506097,5.3097294529279075,0.044444444444444446,0.06111111111111111,0.3597222222222222,0.31666666666666665,0.21805555555555556
704,720,0.01,-0.042710243872084754,-0.04181100902135637,221,9.427553422180305e-05,0.0456252247095108,506817,5.316847614447275,0.07777777777777778,0.06111111111111111,0.20694444444444443,0.25833333333333336,0.3958333333333333
705,720,0.01,-0.1475097498605413,-0.13714597442605114,121,9.31439476314861e-05,0.04580044001340866,507537,5.323371636867523,0.20694444444444443,0.12916666666666668,0.21666666666666667,0.12083333333333333,0.3263888888888889
706,720,0.01,0.15291339970461426,0.16522406582495597,196,8.980056963739318e-05,0.04464617371559143,508257,5.329999299844106,0.12916666666666668,0.05,0.12777777777777777,0.16805555555555557,0.525
707,720,0.01,-0.1140546147763812,-0.10779077325564923,189,9.739603808106444e-05,0.04444020986557007,508977,5.336505818367004,0.5402777777777777,0.04583333333333333,0.0375,0.1375,0.2388888888888889
708,720,0.01,-0.04877377989315064,-0.047603443418567815,176,9.922605659843006e-05,0.044442739337682724,509697,5.344403700033824,0.2791666666666667,0.08472222222222223,0.1361111111111111,0.10277777777777777,0.3972222222222222
709,720,0.01,-0.14622285489524042,-0.13603485713246688,152,9.995104889336896e-05,0.04510817676782608,510417,5.351817599932352,0.4263888888888889,0.058333333333333334,0.1875,0.10277777777777777,0.225
710,720,0.01,0.3632038762888973,0.43792898898506527,258,9.73355799563554e-05,0.044836558401584625,511137,5.359290937582652,0.14027777777777778,0.06805555555555555,0.11527777777777778,0.15416666666666667,0.5222222222222223
711,720,0.01,-0.053463104132456495,-0.05205908453895214,191,9.717013428169391e-05,0.043598100543022156,511857,5.37294328212738,0.1388888888888889,0.09166666666666666,0.16944444444444445,0.2722222222222222,0.3277777777777778
712,720,0.01,0.10307704343474372,0.10857681435146205,115,0.00010042523127948597,0.04389158636331558,512577,5.379427218437195,0.14444444444444443,0.08472222222222223,0.09861111111111111,0.3861111111111111,0.2861111111111111
713,720,0.01,0.03410771429486714,0.034696052281543155,171,9.761848035496869e-05,0.044447921216487885,513297,5.385879588127136,0.12083333333333333,0.08194444444444444,0.19722222222222222,0.22777777777777777,0.37222222222222223
714,720,0.01,-0.12791202084232772,-0.12006920869090343,200,0.0001000209470930713,0.04381062835454941,514017,5.392235287030538,0.15694444444444444,0.14027777777777778,0.20694444444444443,0.225,0.2708333333333333
715,720,0.01,0.31159902192414474,0.3656070047621809,251,9.596094093922147e-05,0.0441296324133873,514737,5.398763616879781,0.15416666666666667,0.38055555555555554,0.06388888888888888,0.24583333333333332,0.15555555555555556
716,720,0.01,-0.05561094846338141,-0.05409292908765073,210,9.871105638442007e-05,0.04420910030603409,515457,5.405162298679352,0.5625,0.015277777777777777,0.0375,0.05416666666666667,0.33055555555555555
717,720,0.01,-0.008862586016890314,-0.008823429064107158,279,9.882230172782631e-05,0.04370933771133423,516177,5.41180571715037,0.1361111111111111,0.2375,0.1375,0.19166666666666668,0.2972222222222222
718,720,0.01,-0.11908774500923479,-0.11227009652412889,130,9.728382268071477e-05,0.043706972151994705,516897,5.418532482782999,0.15555555555555556,0.10833333333333334,0.1125,0.29583333333333334,0.3277777777777778
719,720,0.01,-0.0932435686432165,-0.08902841084203938,228,9.478758073934538e-05,0.04348643124103546,517617,5.427974200248718,0.2902777777777778,0.14305555555555555,0.21805555555555556,0.14722222222222223,0.2013888888888889
720,720,0.01,-0.13953524881106955,-0.13023763542520272,123,9.575717384804091e-05,0.04423663392663002,518337,5.435850751399994,0.18055555555555555,0.25277777777777777,0.05277777777777778,0.23194444444444445,0.28194444444444444
721,720,0.01,-0.055712092856860164,-0.054188597446386266,217,0.00010006297262255733,0.04458668828010559,519057,5.448270618915558,0.39861111111111114,0.06666666666666667,0.016666666666666666,0.1986111111111111,0.3194444444444444
722,720,0.01,-0.26023309726383503,-0.22912812326570142,248,9.987574600624308e-05,0.04352216795086861,519777,5.454767370223999,0.30833333333333335,0.15138888888888888,0.11388888888888889,0.19166666666666668,0.23472222222222222
723,720,0.01,-0.05883554338405946,-0.05713818372890622,240,0.0001001059070631527,0.043290555477142334,520497,5.461480486392975,0.41388888888888886,0.13055555555555556,0.03611111111111111,0.2388888888888889,0.18055555555555555
724,720,0.01,-0.04541342367572664,-0.04439766847194848,308,9.873220960040877e-05,0.04342072457075119,521217,5.467859486738841,0.31527777777777777,0.12361111111111112,0.08888888888888889,0.15,0.32222222222222224
725,720,0.01,-0.013248523428396133,-0.013161148032506897,278,9.947070383683846e-05,0.043052829802036285,521937,5.474309802055359,0.3138888888888889,0.175,0.06666666666666667,0.30694444444444446,0.1375
726,720,0.01,0.4836354892789042,0.6219603159614442,191,9.04496291948615e-05,0.043072979897260666,522657,5.4807281215985615,0.18055555555555555,0.1763888888888889,0.14027777777777778,0.1736111111111111,0.32916666666666666
727,720,0.01,0.08972062308209454,0.09386863936315204,252,9.509613327559741e-05,0.04209113493561745,523377,5.48707263469696,0.3333333333333333,0.18611111111111112,0.10138888888888889,0.17083333333333334,0.20833333333333334
728,720,0.01,-0.4057220513903736,-0.3335046068500743,236,9.436681590260478e-05,0.0418475940823555,524097,5.493319467703501,0.14722222222222223,0.09583333333333334,0.14305555555555555,0.30972222222222223,0.30416666666666664
729,720,0.01,-0.029242517807135417,-0.02881909275960548,273,9.484192226712669e-05,0.042492419481277466,524817,5.49997121890386,0.4222222222222222,0.10833333333333334,0.019444444444444445,0.2916666666666667,0.15833333333333333
730,720,0.01,-0.14686476359221318,-0.136589265912613,189,9.335408958198362e-05,0.04183518886566162,525537,5.50705353418986,0.24166666666666667,0.1875,0.07083333333333333,0.16805555555555557,0.33194444444444443
731,720,0.01,-0.0360863041940014,-0.035442955427489875,155,9.180074928786377e-05,0.04104259982705116,526257,5.521822949250539,0.35833333333333334,0.10277777777777777,0.11527777777777778,0.2388888888888889,0.18472222222222223
732,720,0.01,-0.023161774490319233,-0.022895599579671688,134,8.481089595180593e-05,0.041185908019542694,526977,5.528573751449585,0.12777777777777777,0.1597222222222222,0.21805555555555556,0.2791666666666667,0.2152777777777778
733,720,0.01,0.014995932112228709,0.015108935258097755,186,8.646189528715493e-05,0.04113849624991417,527697,5.535139548778534,0.2611111111111111,0.011111111111111112,0.06527777777777778,0.24722222222222223,0.4152777777777778
734,720,0.01,0.02903400291458943,0.029459598506809126,240,9.199408684708032e-05,0.040748532861471176,528417,5.541525133450826,0.25833333333333336,0.13055555555555556,0.12361111111111112,0.275,0.2125
735,720,0.01,-0.40028757028109013,-0.32987269037445865,103,8.744872713401087e-05,0.04151831194758415,529137,5.547947533925375,0.125,0.02361111111111111,0.18888888888888888,0.3680555555555556,0.29444444444444445
736,720,0.01,-0.3883832805534376,-0.32184762916990917,143,8.143650420101443e-05,0.04021460562944412,529857,5.554356431961059,0.23333333333333334,0.07916666666666666,0.15555555555555556,0.19027777777777777,0.3416666666666667
737,720,0.01,0.05377191845942013,0.055243893052655535,135,9.005092875516615e-05,0.03962790220975876,530577,5.560787836710612,0.1125,0.07083333333333333,0.14444444444444443,0.40694444444444444,0.2652777777777778
738,720,0.01,-0.36363384208601374,-0.3048543187584942,157,8.688752720647446e-05,0.03949987143278122,531297,5.567116451263428,0.09861111111111111,0.03888888888888889,0.3375,0.2791666666666667,0.24583333333333332
739,720,0.01,-0.2605861864572683,-0.2294002617474905,93,8.591845923496698e-05,0.03878707066178322,532017,5.573527431488037,0.1486111111111111,0.02361111111111111,0.2513888888888889,0.32916666666666666,0.24722222222222223
740,720,0.01,0.1389786729564177,0.14909959284517482,120,9.042517726559001e-05,0.03809240460395813,532737,5.57996129989624,0.07083333333333333,0.17222222222222222,0.4930555555555556,0.18888888888888888,0.075
741,720,0.01,-0.03978610499734347,-0.03900503080789808,90,8.372629563634999e-05,0.03827133774757385,533457,5.593202316761017,0.1361111111111111,0.08611111111111111,0.21944444444444444,0.37916666666666665,0.17916666666666667
742,720,0.01,-0.25046445487327473,-0.22156085075980547,106,8.906185546240724e-05,0.03780600056052208,534177,5.600853884220124,0.23194444444444445,0.03194444444444444,0.2833333333333333,0.10972222222222222,0.34305555555555556
743,720,0.01,-0.1420479054804987,-0.1324203063317173,67,9.010773691342264e-05,0.03743996471166611,534897,5.608595585823059,0.375,0.11527777777777778,0.21666666666666667,0.18055555555555555,0.1125
744,720,0.01,-0.03174356495823655,-0.031245027048277252,75,8.637798731191045e-05,0.036595672369003296,535617,5.61599368651708,0.3625,0.11944444444444445,0.2777777777777778,0.16805555555555557,0.07222222222222222
745,720,0.01,0.030204993459445807,0.030665792045759144,85,8.218804186223375e-05,0.03719853609800339,536337,5.6229477524757385,0.17222222222222222,0.04583333333333333,0.21805555555555556,0.20555555555555555,0.35833333333333334
746,720,0.01,0.089964434538779,0.09413536958416069,49,8.55858197875629e-05,0.03718132525682449,537057,5.629447551568349,0.3861111111111111,0.14305555555555555,0.11805555555555555,0.25416666666666665,0.09861111111111111
747,720,0.01,-0.11514887121640494,-0.10876654497825189,58,8.334022650665752e-05,0.03743186593055725,537777,5.635858567555745,0.2875,0.14444444444444443,0.3888888888888889,0.1125,0.06666666666666667
748,720,0.01,0.01053135554885456,0.010587005458462029,71,8.248750160772841e-05,0.03650277853012085,538497,5.642119665940602,0.11388888888888889,0.05277777777777778,0.1736111111111111,0.2861111111111111,0.3736111111111111
749,720,0.01,-0.2057490256283138,-0.18596264683904373,79,6.758464197926312e-05,0.03587891533970833,539217,5.648556669553121,0.4083333333333333,0.08333333333333333,0.13472222222222222,0.16944444444444445,0.20416666666666666
750,720,0.01,0.14836550477265642,0.15993678132182043,85,6.772214072472908e-05,0.03552018851041794,539937,5.654908764362335,0.2513888888888889,0.1375,0.24027777777777778,0.19583333333333333,0.175
751,720,0.01,-0.3512597752805302,-0.2961990999700459,94,6.595322229132862e-05,0.03475202992558479,540657,5.667482201258341,0.45694444444444443,0.06527777777777778,0.31527777777777777,0.1111111111111111,0.05138888888888889
752,720,0.01,-0.16558860918701335,-0.15260522708378177,76,7.075198687466077e-05,0.0343717485666275,541377,5.674903937180837,0.34305555555555556,0.1527777777777778,0.20833333333333334,0.2777777777777778,0.018055555555555554
753,720,0.01,-0.24085493564905688,-0.21404436773728386,62,6.777711492734145e-05,0.034470804035663605,542097,5.68278081814448,0.3263888888888889,0.1361111111111111,0.2986111111111111,0.2125,0.02638888888888889
754,720,0.01,-0.09326823422652793,-0.08905088021055385,85,6.859103932457502e-05,0.03384758532047272,542817,5.689515487353007,0.2625,0.18611111111111112,0.3597222222222222,0.15833333333333333,0.03333333333333333
755,720,0.01,0.03367387342947025,0.03424725621087821,82,6.969972862154665e-05,0.03355645760893822,543537,5.6961120168368025,0.3,0.26805555555555555,0.26666666666666666,0.09305555555555556,0.07222222222222222
756,720,0.01,-0.12405073464469704,-0.11666497594271741,64,6.797908872865972e-05,0.033438026905059814,544257,5.702514533201853,0.25,0.10555555555555556,0.26666666666666666,0.26805555555555555,0.10972222222222222
757,720,0.01,-0.08690410863791823,-0.08323499873692974,121,6.860906145094406e-05,0.03315649926662445,544977,5.709093534946442,0.21388888888888888,0.10416666666666667,0.3013888888888889,0.11805555555555555,0.2625
758,720,0.01,-0.4284875564702707,-0.34850630261506554,88,6.117756562136694e-05,0.03306344151496887,545697,5.715505202611287,0.20972222222222223,0.13055555555555556,0.3458333333333333,0.08888888888888889,0.225
759,720,0.01,-0.01051863042521226,-0.01046350308953281,161,5.987553086015396e-05,0.03271738812327385,546417,5.721926283836365,0.23194444444444445,0.0625,0.15,0.2388888888888889,0.31666666666666665
760,720,0.01,0.13709488673873294,0.14693697246619175,138,6.095107279027919e-05,0.03339800983667374,547137,5.728364884853363,0.35555555555555557,0.1763888888888889,0.15694444444444444,0.2013888888888889,0.10972222222222222
761,720,0.01,-0.046641840045086945,-0.04557082530854106,142,5.941458506792211e-05,0.033329546451568604,547857,5.741358399391174,0.09166666666666666,0.13333333333333333,0.3458333333333333,0.2916666666666667,0.1375
762,720,0.01,0.0014858189532427689,0.001486923329125478,64,6.0618072464219746e-05,0.03244255483150482,548577,5.747777835528056,0.2375,0.11944444444444445,0.3819444444444444,0.14722222222222223,0.11388888888888889
763,720,0.01,-0.053390809421154865,-0.05199055094685767,130,6.066537719991377e-05,0.032381050288677216,549297,5.754939881960551,0.3597222222222222,0.15138888888888888,0.35,0.09861111111111111,0.04027777777777778
764,720,0.01,-0.14361430342170986,-0.13377821758537312,110,5.9532811288439307e-05,0.03271038457751274,550017,5.762790381908417,0.34305555555555556,0.10416666666666667,0.25,0.11666666666666667,0.18611111111111112
765,720,0.01,0.11503094098909658,0.12190814998275501,242,6.21169485713027e-05,0.03340477496385574,550737,5.769215333461761,0.20416666666666666,0.03888888888888889,0.1388888888888889,0.40555555555555556,0.2125
766,720,0.01,0.05560907267954218,0.05718432071070079,208,6.025030208244668e-05,0.03338203579187393,551457,5.7756953001022335,0.19583333333333333,0.019444444444444445,0.23055555555555557,0.2902777777777778,0.2638888888888889
767,720,0.01,-0.10340461955345527,-0.09823797089486064,75,5.2723788122774646e-05,0.032797716557979584,552177,5.782085482279459,0.3819444444444444,0.12777777777777777,0.21805555555555556,0.09583333333333334,0.1763888888888889
768,720,0.01,-0.031336459362523834,-0.03085056118873275,118,5.592560511773728e-05,0.032371342182159424,552897,5.7886074662208555,0.44583333333333336,0.10138888888888889,0.29444444444444445,0.12638888888888888,0.03194444444444444
769,720,0.01,-0.17203709085495705,-0.15805205597972716,95,5.674599658694509e-05,0.03253701701760292,553617,5.795005786418915,0.3527777777777778,0.18055555555555555,0.2972222222222222,0.13194444444444445,0.0375
770,720,0.01,-0.19411006790097177,-0.17643274903896178,94,5.501951078422786e-05,0.03272046893835068,554337,5.801553869247437,0.23472222222222222,0.125,0.24305555555555555,0.19166666666666668,0.20555555555555555
771,720,0.01,0.03603367243581676,0.03669075380608455,94,5.2249464127069386e-05,0.033047594130039215,555057,5.814261567592621,0.1,0.018055555555555554,0.12777777777777777,0.24166666666666667,0.5125
772,720,0.01,-0.025868164294059613,-0.025536449769227643,101,5.040319815760894e-05,0.03270046040415764,555777,5.820682621002197,0.175,0.018055555555555554,0.1638888888888889,0.3013888888888889,0.3416666666666667
773,720,0.01,-0.11925319467588671,-0.11241695899122628,89,4.9580540238341404e-05,0.032758913934230804,556497,5.827054917812347,0.3958333333333333,0.06388888888888888,0.21666666666666667,0.07361111111111111,0.25
774,720,0.01,-0.07263654217099062,-0.0700612378663652,137,4.508710101289479e-05,0.03234773874282837,557217,5.833582584063212,0.2916666666666667,0.05555555555555555,0.2652777777777778,0.3013888888888889,0.08611111111111111
775,720,0.01,-0.03662952273653202,-0.03596677841137064,119,4.769666618358315e-05,0.032251838594675064,557937,5.841824952761332,0.26805555555555555,0.0875,0.25555555555555554,0.2611111111111111,0.12777777777777777
776,720,0.01,0.11034216129277352,0.11666008295777375,98,4.5256394619425714e-05,0.032289184629917145,558657,5.849848699569702,0.31527777777777777,0.05416666666666667,0.4111111111111111,0.10972222222222222,0.10972222222222222
777,720,0.01,0.2829507138870927,0.3270397555741338,72,4.552536427253371e-05,0.03279731795191765,559377,5.856705931822459,0.125,0.004166666666666667,0.0875,0.15,0.6333333333333333
778,720,0.01,-0.3524723473260737,-0.29705199206598987,96,4.418851526805964e-05,0.03249620273709297,560097,5.863222301006317,0.10138888888888889,0.034722222222222224,0.10694444444444444,0.1638888888888889,0.5930555555555556
779,720,0.01,0.09873825733290581,0.10377735611705274,134,4.6310032337260056e-05,0.03243659436702728,560817,5.869600216547648,0.1527777777777778,0.11388888888888889,0.2902777777777778,0.3625,0.08055555555555556
780,720,0.01,-0.14668449327376948,-0.1364336045544916,219,4.884463315748791e-05,0.03202633559703827,561537,5.876022032896677,0.2569444444444444,0.04722222222222222,0.20416666666666666,0.2111111111111111,0.28055555555555556
781,720,0.01,-0.2994420913152512,-0.25876835508338203,120,4.7313230843176117e-05,0.03230997920036316,562257,5.888422119617462,0.39861111111111114,0.09305555555555556,0.26944444444444443,0.12361111111111112,0.11527777777777778
782,720,0.01,0.03885645440240129,0.03962123988661781,232,5.000945601586358e-05,0.03193530812859535,562977,5.894867165883382,0.16527777777777777,0.06111111111111111,0.2847222222222222,0.20972222222222223,0.2791666666666667
783,720,0.01,-0.3478956443497365,-0.2938274345333616,117,5.1240304752455914e-05,0.03256913647055626,563697,5.901264532407125,0.08194444444444444,0.019444444444444445,0.3625,0.22777777777777777,0.30833333333333335
784,720,0.01,0.17776804016587075,0.19454820189299382,174,4.881256901398956e-05,0.03321073576807976,564417,5.907732633749644,0.25416666666666665,0.04583333333333333,0.24027777777777778,0.19305555555555556,0.26666666666666666
785,720,0.01,0.011360335970469202,0.011425109638308006,149,4.9661031108725084e-05,0.03251058608293533,565137,5.914203548431397,0.24027777777777778,0.03333333333333333,0.2361111111111111,0.4027777777777778,0.0875
786,720,0.01,0.17724102011756573,0.19391881690575108,76,5.09949015016294e-05,0.032427553087472916,565857,5.92074224948883,0.21805555555555556,0.025,0.38055555555555554,0.19027777777777777,0.18611111111111112
787,720,0.01,-0.0070677053238195385,-0.007042787832269859,88,5.049978949374336e-05,0.032446421682834625,566577,5.928464384873708,0.1986111111111111,0.08888888888888889,0.36944444444444446,0.1388888888888889,0.20416666666666666
788,720,0.01,0.3929772634958006,0.4813847074367401,164,4.781673463488308e-05,0.03129763901233673,567297,5.93583505153656,0.19166666666666668,0.0875,0.17083333333333334,0.16944444444444445,0.38055555555555554
789,720,0.01,0.07435992829267941,0.07719444848892487,59,4.473951305372894e-05,0.031867362558841705,568017,5.943392821153005,0.10416666666666667,0.06111111111111111,0.13194444444444445,0.13333333333333333,0.5694444444444444
790,720,0.01,-0.1256045093366004,-0.11803641381892482,83,4.682891622122851e-05,0.0318358838558197,568737,5.950258350372314,0.21666666666666667,0.05138888888888889,0.31666666666666665,0.05,0.36527777777777776
791,720,0.01,-0.1199627638103463,-0.11304653713037305,92,4.9075651283677264e-05,0.03159015625715256,569457,5.962748452027639,0.1375,0.13194444444444445,0.16527777777777777,0.25972222222222224,0.3055555555555556
792,720,0.01,-0.07022192926874533,-0.06781308261297514,123,4.992564530918268e-05,0.03150863200426102,570177,5.970156415303548,0.15138888888888888,0.08333333333333333,0.09305555555555556,0.35694444444444445,0.31527777777777777
793,720,0.01,-0.01050749163406528,-0.010452480787774387,97,4.837353667994648e-05,0.03115791454911232,570897,5.976634665330251,0.2152777777777778,0.11666666666666667,0.16805555555555557,0.2125,0.2875
794,720,0.01,0.023114862316608795,0.02338408106287404,83,4.931555519584031e-05,0.03110320121049881,571617,5.98306440114975,0.3875,0.10555555555555556,0.30277777777777776,0.058333333333333334,0.14583333333333334
795,720,0.01,0.11659212770782221,0.12366102601350137,64,4.8859854475975024e-05,0.030593499541282654,572337,5.989509868621826,0.22777777777777777,0.10138888888888889,0.41944444444444445,0.10555555555555556,0.14583333333333334
796,720,0.01,-0.3014672067668577,-0.26026791583640985,44,4.8404085837066505e-05,0.03038782626390457,573057,5.996003182729085,0.3125,0.14305555555555555,0.24305555555555555,0.005555555555555556,0.29583333333333334
797,720,0.01,-0.14208234266869454,-0.13245018282246934,101,4.863108788539547e-05,0.030523743480443954,573777,6.002502004305522,0.11527777777777778,0.13194444444444445,0.35138888888888886,0.325,0.0763888888888889
798,720,0.01,0.11350952209478059,0.12020255551650538,64,4.753447116172538e-05,0.02983078360557556,574497,6.010124186674754,0.35,0.1111111111111111,0.33194444444444443,0.025,0.18194444444444444
799,720,0.01,0.06710255494899693,0.06940514534118791,90,4.7650353102805336e-05,0.03001728467643261,575217,6.018051898479461,0.14166666666666666,0.08611111111111111,0.3958333333333333,0.1597222222222222,0.21666666666666667
800,720,0.01,-0.3635373428863991,-0.30478723451990475,132,4.80603985503573e-05,0.029679764062166214,575937,6.0257823665936785,0.07222222222222222,0.04722222222222222,0.2763888888888889,0.16527777777777777,0.4388888888888889
801,720,0.01,0.04352194795158616,0.04448291832098539,70,5.0399338768632636e-05,0.02934558130800724,576657,6.038397753238678,0.13194444444444445,0.18333333333333332,0.4875,0.1736111111111111,0.02361111111111111
802,720,0.01,-0.23285829658087637,-0.20773416765230512,89,4.882149658619205e-05,0.029354983940720558,577377,6.044918501377106,0.11944444444444445,0.016666666666666666,0.22777777777777777,0.11805555555555555,0.5180555555555556
803,720,0.01,0.7015860818997194,1.0169492184843292,150,5.352369806309475e-05,0.029500186443328857,578097,6.054213535785675,0.24305555555555555,0.075,0.3402777777777778,0.2222222222222222,0.11944444444444445
804,720,0.01,0.10009140736175626,0.10527194345071966,144,4.912306299805399e-05,0.029660485684871674,578817,6.060865986347198,0.16666666666666666,0.04027777777777778,0.3013888888888889,0.19444444444444445,0.2972222222222222
805,720,0.01,0.12003692566082917,0.12753848591438577,164,5.017481078589804e-05,0.029390618205070496,579537,6.067547714710235,0.12638888888888888,0.005555555555555556,0.09305555555555556,0.3736111111111111,0.4013888888888889
806,720,0.01,-0.09307153818247366,-0.08887168249919475,154,5.011372746063595e-05,0.029714129865169525,580257,6.075246934096018,0.2375,0.044444444444444446,0.3902777777777778,0.14444444444444443,0.18333333333333332
807,720,0.01,-0.057239960755643374,-0.0556325689468985,187,5.471408900853526e-05,0.02949105203151703,580977,6.084279982248942,0.08472222222222223,0.0875,0.5611111111111111,0.1361111111111111,0.13055555555555556
808,720,0.01,-0.16053888876089195,-0.14831529803480492,100,5.350191149773309e-05,0.02943452075123787,581697,6.0928613861401875,0.20833333333333334,0.1111111111111111,0.36527777777777776,0.13472222222222222,0.18055555555555555
809,720,0.01,0.1258312808527078,0.13409080930622008,100,5.062898359382315e-05,0.029953237622976303,582417,6.100790949662526,0.2986111111111111,0.1111111111111111,0.21388888888888888,0.28194444444444444,0.09444444444444444
810,720,0.01,-0.1780901758831901,-0.16313304513067306,202,5.245013329234401e-05,0.030319783836603165,583137,6.109320271015167,0.175,0.03194444444444444,0.2791666666666667,0.2986111111111111,0.2152777777777778
811,720,0.01,0.1701744268726224,0.1855116183710257,214,5.319773209496109e-05,0.030458273366093636,583857,6.122663633028666,0.1875,0.06666666666666667,0.26944444444444443,0.2222222222222222,0.25416666666666665
812,720,0.01,-0.2927577132324488,-0.253797086111195,166,5.2394295482827144e-05,0.030361924320459366,584577,6.129864366849263,0.25,0.075,0.2916666666666667,0.14305555555555555,0.24027777777777778
813,720,0.01,0.36320895294869904,0.43793628887988856,167,5.263605618842525e-05,0.03129434213042259,585297,6.137358283996582,0.18333333333333332,0.06805555555555555,0.3541666666666667,0.1736111111111111,0.22083333333333333
814,720,0.01,-0.4832281814316459,-0.3832109324972255,123,4.813387784249951e-05,0.03237665444612503,586017,6.144260934988657,0.043055555555555555,0.018055555555555554,0.20694444444444443,0.1125,0.6194444444444445
815,720,0.01,-0.008312379286969766,-0.008277926988543238,138,4.8629942235341635e-05,0.032317500561475754,586737,6.151285016536713,0.08055555555555556,0.030555555555555555,0.2652777777777778,0.3055555555555556,0.31805555555555554
816,720,0.01,-0.2154477464197266,-0.19381960503049167,176,5.2215100628119316e-05,0.03246878460049629,587457,6.158489032586416,0.04027777777777778,0.03611111111111111,0.24861111111111112,0.30833333333333335,0.36666666666666664
817,720,0.01,0.15495243863471928,0.16760242701896044,177,5.33237690862936e-05,0.032925330102443695,588177,6.165141534805298,0.044444444444444446,0.06111111111111111,0.4375,0.2125,0.24444444444444444
818,720,0.01,-0.18510551530562858,-0.16898340574401582,98,5.3003403456841626e-05,0.03282496705651283,588897,6.177620534102122,0.03333333333333333,0.013888888888888888,0.4263888888888889,0.09166666666666666,0.43472222222222223
819,720,0.01,0.26306970024511944,0.300917390052754,241,5.507195382834753e-05,0.032645925879478455,589617,6.185785452524821,0.09166666666666666,0.07777777777777778,0.25972222222222224,0.2722222222222222,0.2986111111111111
820,720,0.01,0.17201558642332812,0.18769634500765808,96,5.901160435036622e-05,0.03243885934352875,590337,6.195154484113058,0.35138888888888886,0.1527777777777778,0.25,0.14027777777777778,0.10555555555555556
821,720,0.01,-0.21771542015926573,-0.1956456878789058,203,5.581769153827231e-05,0.03309774026274681,591057,6.209504715601603,0.5,0.03611111111111111,0.2513888888888889,0.0375,0.175
822,720,0.01,0.4750383566234756,0.6080758766637941,314,5.88528121372494e-05,0.03317329287528992,591777,6.21631225347519,0.08888888888888889,0.24305555555555555,0.2833333333333333,0.15138888888888888,0.23333333333333334
823,720,0.01,-0.1469432045864521,-0.13665699005282328,175,6.083125100657425e-05,0.03275328129529953,592497,6.223105816046397,0.4930555555555556,0.20972222222222223,0.17222222222222222,0.06111111111111111,0.06388888888888888
824,720,0.01,0.03148717635396477,0.031988141660150626,304,6.336735110987016e-05,0.03344647213816643,593217,6.229764020442962,0.30833333333333335,0.1388888888888889,0.16944444444444445,0.11944444444444445,0.2638888888888889
825,720,0.01,0.13982071631754128,0.15006759202004516,273,6.226883955630708e-05,0.03355365991592407,593937,6.2364155848821,0.3597222222222222,0.2569444444444444,0.18472222222222223,0.06944444444444445,0.12916666666666668
826,720,0.01,0.20717094677665085,0.2301928513095295,314,6.543926938699467e-05,0.0336616225540638,594657,6.2431022008260095,0.5847222222222223,0.030555555555555555,0.08333333333333333,0.125,0.1763888888888889
827,720,0.01,-0.15210422830875864,-0.1411012454889572,196,6.372276512567825e-05,0.03377982974052429,595377,6.249894885222117,0.33611111111111114,0.14722222222222223,0.1763888888888889,0.15694444444444444,0.18333333333333332
828,720,0.01,0.11644783652963675,0.1234989033368954,251,6.004527518825853e-05,0.034478701651096344,596097,6.257829236984253,0.3347222222222222,0.07083333333333333,0.24444444444444444,0.19583333333333333,0.15416666666666667
829,720,0.01,0.311997590611605,0.3661514014361824,106,6.294685851268392e-05,0.03473193570971489,596817,6.265456469853719,0.30416666666666664,0.3763888888888889,0.18472222222222223,0.09027777777777778,0.044444444444444446
830,720,0.01,0.3542062417312694,0.4250490607597104,286,6.297833313434845e-05,0.03430986404418945,597537,6.27294948498408,0.1736111111111111,0.31805555555555554,0.2013888888888889,0.10277777777777777,0.20416666666666666
831,720,0.01,0.1988280491418224,0.21997217260128732,238,6.373728163377261e-05,0.0341506265103817,598257,6.286631965637207,0.27361111111111114,0.1388888888888889,0.23333333333333334,0.19444444444444445,0.1597222222222222
832,720,0.01,-0.048151300996184844,-0.04701041210496193,179,6.670122072844404e-05,0.03522706404328346,598977,6.293409868081411,0.1763888888888889,0.11944444444444445,0.15416666666666667,0.2611111111111111,0.28888888888888886
833,720,0.01,0.300731471781776,0.3508465524128248,174,6.507964006282741e-05,0.03501609340310097,599697,6.300279835859935,0.34444444444444444,0.09305555555555556,0.1763888888888889,0.21388888888888888,0.17222222222222222
834,720,0.01,0.24732609808279454,0.28059664480708024,202,6.336867791358397e-05,0.03479807823896408,600417,6.307546134789785,0.2388888888888889,0.06111111111111111,0.1625,0.20416666666666666,0.3333333333333333
835,720,0.01,0.08695560729581309,0.09084825293958199,363,6.773633305859525e-05,0.03565312176942825,601137,6.314439082145691,0.17916666666666667,0.3958333333333333,0.10972222222222222,0.06388888888888888,0.2513888888888889
836,720,0.01,-0.39409134418625225,-0.32570753926883056,247,7.030048956519547e-05,0.037464480847120285,601857,6.320995871225993,0.45416666666666666,0.225,0.06527777777777778,0.044444444444444446,0.2111111111111111
837,720,0.01,0.23775967134395676,0.2684043222857191,161,6.94468818538654e-05,0.03765587881207466,602577,6.327561632792155,0.19583333333333333,0.25833333333333336,0.23194444444444445,0.12916666666666668,0.18472222222222223
838,720,0.01,-0.3935395297665127,-0.3253353522862502,97,7.0137288422403e-05,0.037568580359220505,603297,6.334395635128021,0.35833333333333334,0.05694444444444444,0.18194444444444444,0.24027777777777778,0.1625
839,720,0.01,-0.18053705241380405,-0.16517825203697767,175,7.324001660562216e-05,0.0376126691699028,604017,6.341751118501027,0.4486111111111111,0.0625,0.19166666666666668,0.16666666666666666,0.13055555555555556
840,720,0.01,-0.2136097777283885,-0.19233650817968506,138,7.173078665800858e-05,0.03724517300724983,604737,6.349464452266693,0.08055555555555556,0.09722222222222222,0.1638888888888889,0.26666666666666666,0.39166666666666666
841,720,0.01,-0.3395162645721184,-0.28788528542521064,239,7.820641024333478e-05,0.03738830238580704,605457,6.363288684686025,0.4041666666666667,0.14027777777777778,0.22083333333333333,0.04722222222222222,0.1875
842,720,0.01,0.13777493632940402,0.14771721175547925,223,7.171491835530711e-05,0.03749898448586464,606177,6.370208752155304,0.4736111111111111,0.2375,0.08888888888888889,0.11805555555555555,0.08194444444444444
843,720,0.01,-0.13071925700042683,-0.12253591828678334,334,6.824112944312018e-05,0.03789759799838066,606897,6.377130035559336,0.1527777777777778,0.4152777777777778,0.16666666666666666,0.1,0.16527777777777777
844,720,0.01,-0.1561415280094594,-0.14456188665007186,159,7.066110254830468e-05,0.03885216265916824,607617,6.383750899632772,0.2638888888888889,0.1597222222222222,0.2263888888888889,0.10694444444444444,0.24305555555555555
845,720,0.01,0.23372429875655357,0.2632961518711432,131,7.212757732178135e-05,0.039357081055641174,608337,6.390351736545563,0.20972222222222223,0.23333333333333334,0.20972222222222223,0.1527777777777778,0.19444444444444445
846,720,0.01,0.16418907205317362,0.17843710355322573,164,6.815110267047608e-05,0.03930329531431198,609057,6.396834552288055,0.04861111111111111,0.2611111111111111,0.36527777777777776,0.03333333333333333,0.2916666666666667
847,720,0.01,-0.30962500353250405,-0.2662779521820656,180,6.814437661862232e-05,0.03918341547250748,609777,6.403321135044098,0.15,0.24861111111111112,0.2361111111111111,0.22361111111111112,0.14166666666666666
848,720,0.01,-0.021633549125744316,-0.021401222269296083,203,6.746163705631463e-05,0.039092618972063065,610497,6.409722220897675,0.08055555555555556,0.06527777777777778,0.3541666666666667,0.24861111111111112,0.2513888888888889
849,720,0.01,-0.18037072650032426,-0.16503938799913143,138,7.081710462747045e-05,0.0394873172044754,611217,6.4163152496019995,0.2152777777777778,0.0625,0.20416666666666666,0.29583333333333334,0.2222222222222222
850,720,0.01,0.06168996440576407,0.06363252966008681,222,6.622888093817083e-05,0.03939787298440933,611937,6.4243693351745605,0.3763888888888889,0.058333333333333334,0.1875,0.18472222222222223,0.19305555555555556
851,720,0.01,0.2958902776758946,0.3443226465344895,284,6.579733025975858e-05,0.03896736353635788,612657,6.439437818527222,0.3486111111111111,0.08888888888888889,0.25972222222222224,0.1597222222222222,0.14305555555555555
852,720,0.01,-0.00665375753562522,-0.006631670305797588,135,6.172159216172683e-05,0.03824444115161896,613377,6.4474185864130655,0.20833333333333334,0.10138888888888889,0.32916666666666666,0.22916666666666666,0.13194444444444445
853,720,0.01,-0.09184169283149773,-0.0877504462415003,173,6.598050939222351e-05,0.03917423263192177,614097,6.454012354214986,0.2125,0.1,0.24027777777777778,0.19166666666666668,0.25555555555555554
854,720,0.01,-0.08754540194729907,-0.08382272552574388,188,6.271624242925908e-05,0.03837931156158447,614817,6.460556185245514,0.39861111111111114,0.05694444444444444,0.24027777777777778,0.12361111111111112,0.18055555555555555
855,720,0.01,0.08789341046195279,0.09187173372171342,90,6.213720891234213e-05,0.03879493102431297,615537,6.467070949077606,0.3527777777777778,0.07777777777777778,0.19027777777777777,0.28194444444444444,0.09722222222222222
856,720,0.01,-0.07102529053057788,-0.06856166473998815,145,6.262924620412176e-05,0.038904182612895966,616257,6.47353134950002,0.1875,0.07083333333333333,0.19722222222222222,0.23055555555555557,0.3138888888888889
857,720,0.01,0.02022786488694557,0.020433834577429977,100,6.186979006770344e-05,0.03926479443907738,616977,6.480100886027018,0.18055555555555555,0.09444444444444444,0.19305555555555556,0.23333333333333334,0.2986111111111111
858,720,0.01,-0.0894730809363881,-0.08558712006851799,230,6.425743722249737e-05,0.039240505546331406,617697,6.486598984400431,0.175,0.10277777777777777,0.2916666666666667,0.225,0.20555555555555555
859,720,0.01,0.006258611763057804,0.006278237796201402,101,6.555267675973179e-05,0.038979366421699524,618417,6.493119835853577,0.37916666666666665,0.14027777777777778,0.21388888888888888,0.1486111111111111,0.11805555555555555
860,720,0.01,-0.5156656193149465,-0.4028969809865527,346,6.139984214870411e-05,0.03885658085346222,619137,6.499567218621572,0.25,0.05,0.15416666666666667,0.2833333333333333,0.2625
861,720,0.01,-0.1565032582094509,-0.1448712684901431,137,6.998168840431795e-05,0.038383662700653076,619857,6.513917469978333,0.25416666666666665,0.05694444444444444,0.2125,0.19722222222222222,0.2791666666666667
862,720,0.01,0.11242842645526846,0.11899216381085131,150,6.19032960040992e-05,0.03915182501077652,620577,6.521601450443268,0.05416666666666667,0.03333333333333333,0.2,0.5069444444444444,0.20555555555555555
863,720,0.01,-0.10422677664383835,-0.09897905625488901,132,6.419117635358715e-05,0.039121583104133606,621297,6.529529599348704,0.3472222222222222,0.020833333333333332,0.17916666666666667,0.33611111111111114,0.11666666666666667
864,720,0.01,0.12509065409677642,0.13325118227269428,141,6.063050576712057e-05,0.03885097801685333,622017,6.536138268311818,0.2916666666666667,0.1361111111111111,0.18055555555555555,0.1875,0.20416666666666666
865,720,0.01,-0.114657620396967,-0.10832861825603823,138,6.303182737054966e-05,0.038830410689115524,622737,6.542830383777618,0.17222222222222222,0.08055555555555556,0.2625,0.32916666666666666,0.15555555555555556
866,720,0.01,-0.026420160377415486,-0.026074201400277164,153,6.602523009809778e-05,0.038845404982566833,623457,6.54932865301768,0.19027777777777777,0.14305555555555555,0.24444444444444444,0.2375,0.18472222222222223
867,720,0.01,0.1662253565997756,0.1808391816435755,195,6.909154698683374e-05,0.03896971046924591,624177,6.555975631872813,0.1736111111111111,0.05277777777777778,0.22361111111111112,0.3125,0.2375
868,720,0.01,-0.030464886232189518,-0.03000550836941851,137,6.336990353980177e-05,0.03979466110467911,624897,6.56252380212148,0.3597222222222222,0.07083333333333333,0.14305555555555555,0.14583333333333334,0.28055555555555556
869,720,0.01,0.18111774518441248,0.19855629521718443,238,6.130184313709226e-05,0.0400465726852417,625617,6.5690624157587685,0.25833333333333336,0.28888888888888886,0.1388888888888889,0.2111111111111111,0.10277777777777777
870,720,0.01,-0.1833554622587755,-0.1675278093072644,269,6.320547253532519e-05,0.03958630561828613,626337,6.575627636909485,0.2222222222222222,0.18055555555555555,0.22916666666666666,0.09305555555555556,0.275
871,720,0.01,-0.32224124789589764,-0.2754766204964548,177,6.072416939307206e-05,0.03971029818058014,627057,6.589090649286906,0.23194444444444445,0.05,0.10416666666666667,0.27361111111111114,0.3402777777777778
872,720,0.01,-0.1177737168123602,-0.1111028276556063,185,6.019030965060463e-05,0.03872621804475784,627777,6.597071886062622,0.19027777777777777,0.0875,0.3055555555555556,0.20972222222222223,0.20694444444444443
873,720,0.01,-0.022080797174191567,-0.021838800802482794,97,5.828330791928238e-05,0.03934555500745773,628497,6.604823633035024,0.06805555555555555,0.37222222222222223,0.08333333333333333,0.31666666666666665,0.1597222222222222
874,720,0.01,-0.1531395452050653,-0.14199001772187625,103,5.7291407641615576e-05,0.03905361145734787,629217,6.6117583831151325,0.2125,0.1,0.13472222222222222,0.11527777777777778,0.4375
875,720,0.01,-0.45871774899125667,-0.36790637121185654,219,5.711097091357765e-05,0.03936871886253357,629937,6.61856435139974,0.2111111111111111,0.15,0.15555555555555556,0.19722222222222222,0.2861111111111111
876,720,0.01,0.05542370671890707,0.05698837288511238,102,6.343076284388694e-05,0.038892582058906555,630657,6.625188918908437,0.29583333333333334,0.07916666666666666,0.28055555555555556,0.16805555555555557,0.1763888888888889
877,720,0.01,0.04702586825375848,0.04814912251644299,137,6.253125163766527e-05,0.03933272510766983,631377,6.632504653930664,0.24166666666666667,0.04861111111111111,0.2638888888888889,0.2916666666666667,0.15416666666666667
878,720,0.01,-0.18664707595511296,-0.17026348131422564,92,5.783602239388428e-05,0.03966224938631058,632097,6.639464767773946,0.07083333333333333,0.25277777777777777,0.2625,0.19305555555555556,0.22083333333333333
879,720,0.01,-0.028343858105863172,-0.027945939340495052,276,6.123041565362858e-05,0.03993697464466095,632817,6.646149202187856,0.030555555555555555,0.18194444444444444,0.20277777777777778,0.2847222222222222,0.3
880,720,0.01,0.03820980983955004,0.03894919177596701,162,5.882457027281715e-05,0.039505958557128906,633537,6.6528400182724,0.16944444444444445,0.20972222222222223,0.2013888888888889,0.26944444444444443,0.15
881,720,0.01,-0.1349109907914519,-0.12620631608899824,142,6.165361160128668e-05,0.03954572230577469,634257,6.66544980208079,0.18472222222222223,0.31805555555555554,0.14027777777777778,0.1486111111111111,0.20833333333333334
882,720,0.01,-0.03106584886604197,-0.030588263689303674,83,6.049265999637201e-05,0.03925393521785736,634977,6.672733585039775,0.043055555555555555,0.31666666666666665,0.19583333333333333,0.24444444444444444,0.2
883,720,0.01,0.03853916299523629,0.03929142932628826,86,5.696602590129866e-05,0.038364432752132416,635697,6.680278583367666,0.26944444444444443,0.22916666666666666,0.07222222222222222,0.17777777777777778,0.2513888888888889
884,720,0.01,-0.13608535938662103,-0.12723186964323363,137,6.016633483720095e-05,0.038508158177137375,636417,6.687329685688018,0.08611111111111111,0.07083333333333333,0.10833333333333334,0.1486111111111111,0.5861111111111111
885,720,0.01,0.2914409888570011,0.338354653322295,111,6.11901556971538e-05,0.03859300538897514,637137,6.693799984455109,0.18333333333333332,0.175,0.1388888888888889,0.21388888888888888,0.28888888888888886
886,720,0.01,0.24711821439318576,0.28033045732063466,98,6.165070625077837e-05,0.038659609854221344,637857,6.7003393848737085,0.2652777777777778,0.1388888888888889,0.11944444444444445,0.10972222222222222,0.36666666666666664
887,720,0.01,0.10852197779901365,0.11462940537019106,175,5.892455617287043e-05,0.0388447567820549,638577,6.706877454121908,0.15694444444444444,0.3402777777777778,0.11944444444444445,0.15416666666666667,0.22916666666666666
888,720,0.01,0.09445723855284029,0.09906216463945539,203,6.08568633626621e-05,0.03846583515405655,639297,6.713332867622375,0.10694444444444444,0.12916666666666668,0.1986111111111111,0.21666666666666667,0.3486111111111111
889,720,0.01,-0.17106169177724465,-0.15723042008534438,91,5.957646026344163e-05,0.03945469856262207,640017,6.7200515826543175,0.08055555555555556,0.15416666666666667,0.18472222222222223,0.1111111111111111,0.46944444444444444
890,720,0.01,0.4603914734119817,0.5846942292388644,163,6.185292028627979e-05,0.03914294391870499,640737,6.726530400911967,0.16111111111111112,0.2013888888888889,0.2013888888888889,0.14583333333333334,0.2902777777777778
891,720,0.01,-0.08085143621194466,-0.0776692937898057,62,5.9354794595694534e-05,0.03879435360431671,641457,6.7396717190742494,0.16527777777777777,0.05416666666666667,0.16944444444444445,0.3625,0.24861111111111112
892,720,0.01,-0.5001727083143933,-0.39357408412990824,88,5.6048103342871196e-05,0.038849350064992905,642177,6.746397618452708,0.12083333333333333,0.1361111111111111,0.09722222222222222,0.30833333333333335,0.3375
893,720,0.01,-0.07757674351819935,-0.0746439934039389,217,5.644202264850012e-05,0.03983255475759506,642897,6.752992435296377,0.06805555555555555,0.35,0.12638888888888888,0.12916666666666668,0.3263888888888889
894,720,0.01,-0.18591922190316426,-0.16965933438832936,76,5.723228268329371e-05,0.03963172063231468,643617,6.760204084714254,0.10277777777777777,0.25555555555555554,0.1111111111111111,0.018055555555555554,0.5125
895,720,0.01,-0.08613421882935711,-0.08252891893866832,85,5.597131131606956e-05,0.03943552076816559,644337,6.7666206518809,0.10555555555555556,0.09583333333333334,0.175,0.17222222222222222,0.4513888888888889
896,720,0.01,-0.016762836942924016,-0.016623122352005137,80,5.44975631479853e-05,0.03983402997255325,645057,6.772917604446411,0.09583333333333334,0.3527777777777778,0.16111111111111112,0.15416666666666667,0.2361111111111111
897,720,0.01,-0.17333165326488995,-0.15914130493667622,117,5.454132167036126e-05,0.03886687383055687,645777,6.7787390867869055,0.075,0.12916666666666668,0.20694444444444443,0.20694444444444443,0.3819444444444444
898,720,0.01,-0.0355551280886971,-0.03493046967516755,75,5.5700050724125406e-05,0.03906211629509926,646497,6.7845595200856526,0.09444444444444444,0.10416666666666667,0.21944444444444444,0.25,0.33194444444444443
899,720,0.01,-0.08965364122661135,-0.0857522118185462,54,5.6667620671962344e-05,0.03888123109936714,647217,6.791093269983928,0.18888888888888888,0.019444444444444445,0.15416666666666667,0.10833333333333334,0.5291666666666667
900,720,0.01,-0.027443710099129343,-0.027070552885775756,94,5.615295213803822e-05,0.038132280111312866,647937,6.797627135117849,0.09722222222222222,0.2013888888888889,0.17916666666666667,0.13333333333333333,0.3888888888888889
901,720,0.01,-0.09268866151650935,-0.08852276593498298,70,5.418737463034833e-05,0.037493038922548294,648657,6.809687570730845,0.28194444444444444,0.11944444444444445,0.2222222222222222,0.20555555555555555,0.17083333333333334
902,720,0.01,-0.008818538072285878,-0.008779768811851385,100,5.680924097709471e-05,0.03726746886968613,649377,6.815665217240651,0.2111111111111111,0.2625,0.20694444444444443,0.07777777777777778,0.24166666666666667
903,720,0.01,-0.10804004350843155,-0.10240834700813695,86,5.2211048584164624e-05,0.037186671048402786,650097,6.821553901831309,0.21666666666666667,0.14722222222222223,0.14027777777777778,0.12222222222222222,0.3736111111111111
904,720,0.01,0.07557153407113175,0.07850037448121361,106,5.545510620474185e-05,0.03715071082115173,650817,6.8273898482322695,0.11666666666666667,0.14583333333333334,0.1625,0.15,0.425
905,720,0.01,0.15238508116377117,0.16460861893706302,50,5.373949404530423e-05,0.037663329392671585,651537,6.833257150650025,0.011111111111111112,0.05138888888888889,0.1527777777777778,0.04722222222222222,0.7375
906,720,0.01,-0.28397422078360346,-0.24721394930943907,86,5.390862152883832e-05,0.03705306351184845,652257,6.839631605148315,0.07222222222222222,0.3972222222222222,0.18194444444444444,0.12222222222222222,0.2263888888888889
907,720,0.01,0.14472327476622462,0.1557197092065421,55,5.3546599278004376e-05,0.03681287541985512,652977,6.8460232496261595,0.1625,0.09583333333333334,0.18888888888888888,0.2777777777777778,0.275
908,720,0.01,-0.016198457883420295,-0.01606796839076252,73,5.216200277749926e-05,0.037309203296899796,653697,6.8522980372111,0.08333333333333333,0.42916666666666664,0.10416666666666667,0.15416666666666667,0.22916666666666666
909,720,0.01,0.3196745933807776,0.3766797107496791,75,5.405145014694628e-05,0.03750627115368843,654417,6.8588377674420675,0.14305555555555555,0.15694444444444444,0.275,0.09305555555555556,0.33194444444444443
910,720,0.01,0.6941012913693271,1.0019091322357836,70,5.75493604477136e-05,0.03709760680794716,655137,6.8651251514752705,0.14166666666666666,0.03611111111111111,0.0763888888888889,0.025,0.7208333333333333
911,720,0.01,-0.11975360643900967,-0.11286100487353723,38,5.8826220356422707e-05,0.03796837851405144,655857,6.876851602395376,0.05694444444444444,0.11388888888888889,0.059722222222222225,0.04027777777777778,0.7291666666666666
912,720,0.01,0.2422377518870117,0.27409707579327525,71,6.0566913776306645e-05,0.03773602843284607,656577,6.88253565231959,0.20277777777777778,0.15694444444444444,0.10555555555555556,0.20972222222222223,0.325
913,720,0.01,0.05392220091267562,0.055402489610529404,87,5.776746774901969e-05,0.037788424640893936,657297,6.888268232345581,0.12083333333333333,0.11388888888888889,0.20555555555555555,0.2388888888888889,0.32083333333333336
914,720,0.01,0.116422330866736,0.12347024811803542,82,6.217074880446995e-05,0.03758680820465088,658017,6.894377303123474,0.20694444444444443,0.30833333333333335,0.07777777777777778,0.04583333333333333,0.3611111111111111
915,720,0.01,0.5402289193481457,0.7163997343234618,101,6.412321809597819e-05,0.037357281893491745,658737,6.900645315647125,0.2972222222222222,0.08611111111111111,0.19166666666666668,0.03333333333333333,0.39166666666666666
916,720,0.01,-0.08068169880966439,-0.077512726484401,81,6.320290084052735e-05,0.03675433620810509,659457,6.906499969959259,0.1638888888888889,0.3625,0.09305555555555556,0.06111111111111111,0.3194444444444444
917,720,0.01,0.16058100593379876,0.17419288587939774,79,6.285466145325498e-05,0.03693582862615585,660177,6.912492581208547,0.15694444444444444,0.3763888888888889,0.10416666666666667,0.13333333333333333,0.22916666666666666
918,720,0.01,0.3239719146885683,0.3826084755845598,60,6.29651978063824e-05,0.03690614551305771,660897,6.918580416838328,0.2763888888888889,0.2,0.08194444444444444,0.08611111111111111,0.35555555555555557
919,720,0.01,0.3326248353884894,0.3946239867457313,59,5.962329215536657e-05,0.037482015788555145,661617,6.925026098887126,0.18472222222222223,0.034722222222222224,0.14444444444444443,0.08333333333333333,0.5527777777777778
920,720,0.01,-0.11528903230093938,-0.10889145247209153,51,6.121523220927984e-05,0.03797473385930061,662337,6.931545134385427,0.3611111111111111,0.02638888888888889,0.09722222222222222,0.06388888888888888,0.4513888888888889
921,720,0.01,0.08516110131809973,0.08889247458172123,51,6.187886023730647e-05,0.03812812268733978,663057,6.947843488057455,0.225,0.009722222222222222,0.18194444444444444,0.16944444444444445,0.41388888888888886
922,720,0.01,0.02136156668486476,0.021591358269713368,108,6.266225534798449e-05,0.03766616806387901,663777,6.9557089845339455,0.1736111111111111,0.09305555555555556,0.20972222222222223,0.12777777777777777,0.3958333333333333
923,720,0.01,0.11828921979220128,0.12556960130220562,73,6.732630097682583e-05,0.037882477045059204,664497,6.961629132429759,0.3472222222222222,0.16944444444444445,0.13333333333333333,0.2569444444444444,0.09305555555555556
924,720,0.01,-0.545987144175807,-0.42073032167794167,96,6.667495844238955e-05,0.037675999104976654,665217,6.9677223006884255,0.17777777777777778,0.12083333333333333,0.18194444444444444,0.08888888888888889,0.4305555555555556
925,720,0.01,-0.5522105546226022,-0.4243241600804347,64,6.983919861214518e-05,0.037836410105228424,665937,6.973580936590831,0.11527777777777778,0.10416666666666667,0.1597222222222222,0.06666666666666667,0.5541666666666667
926,720,0.01,-0.1335090533626848,-0.124980452927559,56,6.911833131905749e-05,0.037353284657001495,666657,6.9794479211171465,0.425,0.03611111111111111,0.19027777777777777,0.14444444444444443,0.20416666666666666
927,720,0.01,0.3280274391491057,0.3882270635362042,62,6.911392809519789e-05,0.037191856652498245,667377,6.985324037075043,0.3375,0.08611111111111111,0.10277777777777777,0.1375,0.33611111111111114
928,720,0.01,-0.062219301594524636,-0.06032320842532013,59,6.969197215514415e-05,0.03678976371884346,668097,6.991471668084462,0.32083333333333336,0.14305555555555555,0.2013888888888889,0.0875,0.24722222222222223
929,720,0.01,-0.06129886946637786,-0.059457901549246905,43,6.790854737725264e-05,0.03698214516043663,668817,6.997387218475342,0.1736111111111111,0.029166666666666667,0.19027777777777777,0.11944444444444445,0.4875
930,720,0.01,0.04615397984301046,0.047235651723950944,80,6.682931498794966e-05,0.036665283143520355,669537,7.003689169883728,0.20972222222222223,0.13055555555555556,0.2263888888888889,0.22361111111111112,0.20972222222222223
931,720,0.01,-0.04680370680173798,-0.04572530316074852,45,6.442358396220192e-05,0.03730274364352226,670257,7.017116737365723,0.44583333333333336,0.06666666666666667,0.29444444444444445,0.07916666666666666,0.11388888888888889
932,720,0.01,-0.12186262814461399,-0.11473002867148707,76,6.627085933309394e-05,0.03711705654859543,670977,7.023270567258199,0.25,0.1,0.23333333333333334,0.11527777777777778,0.3013888888888889
933,720,0.01,-0.6238443386597826,-0.46411963296839187,77,6.850925595295445e-05,0.03668566793203354,671697,7.029742785294851,0.4236111111111111,0.09305555555555556,0.3111111111111111,0.0625,0.10972222222222222
934,720,0.01,0.013002455985521782,0.013087355484632024,113,6.891648625292469e-05,0.03686540573835373,672417,7.035810752709707,0.32083333333333336,0.1375,0.2722222222222222,0.10277777777777777,0.16666666666666666
935,720,0.01,-0.054087683614465316,-0.05265096412774184,79,6.849328146927292e-05,0.036654964089393616,673137,7.042089251677195,0.29583333333333334,0.14027777777777778,0.32916666666666666,0.05694444444444444,0.17777777777777778
936,720,0.01,-0.029709777878488795,-0.029272780816209654,50,6.853616584471133e-05,0.036755409091711044,673857,7.048428483804067,0.2722222222222222,0.04722222222222222,0.30277777777777776,0.08888888888888889,0.28888888888888886
937,720,0.01,0.08540000187882021,0.08915264268037837,67,6.843340564602031e-05,0.03636089339852333,674577,7.055559082825979,0.3111111111111111,0.11944444444444445,0.2513888888888889,0.15694444444444444,0.16111111111111112
938,720,0.01,0.06401931944410125,0.06611299527296532,79,7.049261520377412e-05,0.03592095524072647,675297,7.062637849648794,0.26805555555555555,0.08194444444444444,0.23472222222222222,0.15416666666666667,0.2611111111111111
939,720,0.01,-0.07383457734330344,-0.0711746701128283,68,7.025719284885983e-05,0.03573950380086899,676017,7.069463717937469,0.38472222222222224,0.059722222222222225,0.35694444444444445,0.10833333333333334,0.09027777777777778
940,720,0.01,0.023470487310337716,0.023748086741210317,64,6.979561555782412e-05,0.03551764786243439,676737,7.075587435563405,0.3013888888888889,0.07083333333333333,0.3111111111111111,0.13472222222222222,0.18194444444444444
941,720,0.01,-0.028519896750746232,-0.028117043359182636,48,6.639574425864541e-05,0.03559596836566925,677457,7.088333682219187,0.24305555555555555,0.058333333333333334,0.3263888888888889,0.15416666666666667,0.21805555555555556
942,720,0.01,-0.08179910901689559,-0.07854294748294444,65,6.772719875319429e-05,0.03535466641187668,678177,7.09579891761144,0.15833333333333333,0.075,0.27361111111111114,0.275,0.21805555555555556
943,720,0.01,0.018232888537859544,0.01840012248989864,57,6.701094790363034e-05,0.03519056737422943,678897,7.102299531300862,0.2861111111111111,0.07083333333333333,0.1625,0.2222222222222222,0.25833333333333336
944,720,0.01,0.14825546566301648,0.15980914993351836,62,6.573400037394903e-05,0.0349809005856514,679617,7.109050484498342,0.16944444444444445,0.05416666666666667,0.13055555555555556,0.09722222222222222,0.5486111111111112
945,720,0.01,0.17985244068179937,0.19704071557728642,72,6.69527779968525e-05,0.035201285034418106,680337,7.11535530090332,0.034722222222222224,0.08472222222222223,0.25,0.20972222222222223,0.42083333333333334
946,720,0.01,-0.005403395337282953,-0.0053888232547532056,91,6.662267442910282e-05,0.03563697636127472,681057,7.121227550506592,0.14166666666666666,0.09027777777777778,0.1986111111111111,0.4027777777777778,0.16666666666666666
947,720,0.01,-0.23465649636415076,-0.20915753976307438,82,6.655860859281247e-05,0.03619304671883583,681777,7.127403783798218,0.24444444444444444,0.09722222222222222,0.22777777777777777,0.2125,0.21805555555555556
948,720,0.01,0.15983433745012093,0.1733164802906848,72,6.705129673036935e-05,0.036201078444719315,682497,7.133303419748942,0.18333333333333332,0.125,0.3819444444444444,0.08888888888888889,0.22083333333333333
949,720,0.01,-0.10838925784532465,-0.10272174415746127,71,6.67256504369915e-05,0.03607982024550438,683217,7.13911771774292,0.1763888888888889,0.09166666666666666,0.14583333333333334,0.25416666666666665,0.33194444444444443
950,720,0.01,0.3103336558309365,0.36388010477247135,80,6.777187704756215e-05,0.03664615750312805,683937,7.145022451877594,0.30833333333333335,0.1361111111111111,0.13194444444444445,0.10138888888888889,0.32222222222222224
951,720,0.01,0.1132248868302641,0.11988375173935095,66,6.684253360036665e-05,0.035592906177043915,684657,7.15630501906077,0.25416666666666665,0.10277777777777777,0.2722222222222222,0.11805555555555555,0.25277777777777777
952,720,0.01,0.21212964149199698,0.23630815152301987,70,6.641110998846973e-05,0.03508203849196434,685377,7.162125833829244,0.3958333333333333,0.09444444444444444,0.24166666666666667,0.08194444444444444,0.18611111111111112
953,720,0.01,-0.01786761981050443,-0.017708940371794046,69,6.700395774714707e-05,0.03554302453994751,686097,7.168042802810669,0.2375,0.10416666666666667,0.13333333333333333,0.21944444444444444,0.3055555555555556
954,720,0.01,0.06465880489797571,0.06679497706110316,99,6.455808922333341e-05,0.03579931706190109,686817,7.174308133125305,0.09027777777777778,0.1361111111111111,0.33194444444444443,0.2,0.24166666666666667
955,720,0.01,0.018113609931909816,0.01827865638728876,102,6.621664323221112e-05,0.03571898117661476,687537,7.180580004056295,0.25416666666666665,0.175,0.30694444444444446,0.10416666666666667,0.1597222222222222
956,720,0.01,-0.10822574517297674,-0.10257501579636308,75,6.43734112486527e-05,0.03557877987623215,688257,7.18772763411204,0.3138888888888889,0.10555555555555556,0.23194444444444445,0.013888888888888888,0.3347222222222222
957,720,0.01,-0.03819524653032438,-0.03747500712151308,88,6.381566848985029e-05,0.03535488620400429,688977,7.193841950098673,0.1597222222222222,0.08611111111111111,0.38333333333333336,0.1597222222222222,0.2111111111111111
958,720,0.01,-0.8280322222447165,-0.5630918208146456,139,6.549457645329918e-05,0.03502433001995087,689697,7.200610482692719,0.09583333333333334,0.1875,0.18611111111111112,0.17777777777777778,0.3527777777777778
959,720,0.01,0.02704329224973418,0.027412280789746113,95,6.517957127066944e-05,0.03445407748222351,690417,7.206785933176676,0.28888888888888886,0.1,0.35555555555555557,0.10972222222222222,0.14583333333333334
960,720,0.01,-0.3369133294648962,-0.28602928255466753,83,6.453497576457166e-05,0.03450706601142883,691137,7.2127636512120565,0.12777777777777777,0.1111111111111111,0.20416666666666666,0.17222222222222222,0.38472222222222224
961,720,0.01,0.07139953380936204,0.0740102435630201,79,6.466914504446524e-05,0.034555576741695404,691857,7.224123732248942,0.1625,0.14583333333333334,0.14027777777777778,0.04861111111111111,0.5027777777777778
962,720,0.01,0.07696507529400552,0.08000435689929608,121,6.510885752327845e-05,0.03464857116341591,692577,7.229815618197123,0.29305555555555557,0.17083333333333334,0.17222222222222222,0.06805555555555555,0.29583333333333334
963,720,0.01,-0.14734802945690806,-0.13700642204083102,110,6.431593130350343e-05,0.034657735377550125,693297,7.235605271657308,0.18055555555555555,0.1763888888888889,0.14166666666666666,0.24861111111111112,0.25277777777777777
964,720,0.01,0.02891264096040994,0.029334668859190893,60,6.818832736775625e-05,0.0343242809176445,694017,7.24129018386205,0.37777777777777777,0.09861111111111111,0.225,0.11944444444444445,0.17916666666666667
965,720,0.01,-0.2007246068242418,-0.18186228992546372,132,6.699082157537203e-05,0.033915188163518906,694737,7.246993553638458,0.1763888888888889,0.2902777777777778,0.25833333333333336,0.06944444444444445,0.20555555555555555
966,720,0.01,-0.044389548194643004,-0.04341874961504466,92,6.82752361146615e-05,0.035014621913433075,695457,7.252741821606954,0.325,0.075,0.25555555555555554,0.075,0.26944444444444443
967,720,0.01,-0.055130515363164934,-0.053638374838347214,64,6.964959856582532e-05,0.03495321050286293,696177,7.2587725202242535,0.17916666666666667,0.13472222222222222,0.21388888888888888,0.044444444444444446,0.42777777777777776
968,720,0.01,0.17090389628718797,0.18637672833450702,80,6.964013390415857e-05,0.03461168333888054,696897,7.264997402826945,0.31666666666666665,0.059722222222222225,0.1597222222222222,0.25555555555555554,0.20833333333333334
969,720,0.01,0.14568292489649945,0.15682932811384753,88,6.466154541537131e-05,0.035054657608270645,697617,7.271116967995962,0.13472222222222222,0.2111111111111111,0.1388888888888889,0.043055555555555555,0.4722222222222222
970,720,0.01,0.2356309835097125,0.26570715716573257,83,6.649325539456185e-05,0.03477345407009125,698337,7.277355817953746,0.3333333333333333,0.12638888888888888,0.19166666666666668,0.03333333333333333,0.31527777777777777
971,720,0.01,-0.1819620314798304,-0.16636700837408636,60,6.55815043475943e-05,0.03525349125266075,699057,7.28977800210317,0.23055555555555557,0.09305555555555556,0.125,0.08194444444444444,0.46944444444444444
972,720,0.01,-0.24059902197756525,-0.21384320520677813,74,6.675128421799552e-05,0.03498313948512077,699777,7.295770219961802,0.19583333333333333,0.15833333333333333,0.2,0.009722222222222222,0.4361111111111111
973,720,0.01,0.30309332897307856,0.3540408297855737,71,6.651394821675341e-05,0.03540336713194847,700497,7.301803950468699,0.25416666666666665,0.0625,0.1597222222222222,0.03333333333333333,0.49027777777777776
974,720,0.01,0.21431635422132603,0.2390145602861351,69,6.685424927657854e-05,0.03596760332584381,701217,7.3076838175455725,0.19583333333333333,0.12916666666666668,0.25277777777777777,0.10277777777777777,0.3194444444444444
975,720,0.01,0.0015316837605611842,0.0015328573872646079,61,6.52953665387991e-05,0.03552641719579697,701937,7.313402883211771,0.14444444444444443,0.022222222222222223,0.2777777777777778,0.1486111111111111,0.40694444444444444
976,720,0.01,0.2313379111107836,0.26028503182020324,72,6.127447875441148e-05,0.036835771054029465,702657,7.319127921263377,0.31666666666666665,0.08055555555555556,0.19444444444444445,0.07361111111111111,0.3347222222222222
977,720,0.01,0.05730001392727549,0.05897346953151161,97,6.513720788663907e-05,0.035957030951976776,703377,7.32491230169932,0.24305555555555555,0.1,0.22916666666666666,0.20972222222222223,0.21805555555555556
978,720,0.01,0.14917879992292915,0.16088053600422492,67,6.611870724731893e-05,0.036356110125780106,704097,7.330818315347035,0.25555555555555554,0.24027777777777778,0.22361111111111112,0.08611111111111111,0.19444444444444445
979,720,0.01,0.02192993584692704,0.02217216433447744,64,6.441027723111701e-05,0.037107620388269424,704817,7.336893701553345,0.35694444444444445,0.04027777777777778,0.125,0.1,0.37777777777777777
980,720,0.01,0.37875177487095457,0.46046046775797667,87,5.9072657525878945e-05,0.03672400489449501,705537,7.342887266476949,0.12222222222222222,0.125,0.22361111111111112,0.14305555555555555,0.3861111111111111
981,720,0.01,0.17989830658066397,0.19709562018479887,71,6.511774645585117e-05,0.036969706416130066,706257,7.35465224981308,0.1486111111111111,0.19027777777777777,0.24166666666666667,0.10277777777777777,0.31666666666666665
982,720,0.01,-0.12128163224486269,-0.11421554100483322,83,6.280771967794862e-05,0.037904076278209686,706977,7.3607691367467245,0.325,0.05555555555555555,0.20694444444444443,0.029166666666666667,0.38333333333333336
983,720,0.01,-0.13625807183382413,-0.1273825945464605,65,6.220213303246662e-05,0.03769184276461601,707697,7.3669017871220905,0.1486111111111111,0.1111111111111111,0.1486111111111111,0.19305555555555556,0.39861111111111114
984,720,0.01,0.18966548197973834,0.208845149527205,69,6.624861278447093e-05,0.037347227334976196,708417,7.372882254918417,0.22777777777777777,0.09444444444444444,0.3416666666666667,0.11805555555555555,0.21805555555555556
985,720,0.01,0.24231753846145118,0.2741987356899478,91,6.222893412276184e-05,0.03708279877901077,709137,7.378651531537374,0.11388888888888889,0.1625,0.2388888888888889,0.2152777777777778,0.26944444444444443
986,720,0.01,-0.011038596229749259,-0.010977894485709627,85,6.616812692199245e-05,0.03685874864459038,709857,7.384476367632548,0.13055555555555556,0.24444444444444444,0.125,0.17222222222222222,0.3277777777777778
987,720,0.01,0.25592889859520823,0.291660885771198,78,6.223463397342736e-05,0.03595878183841705,710577,7.390292719999949,0.10416666666666667,0.11944444444444445,0.1361111111111111,0.2222222222222222,0.41805555555555557
988,720,0.01,-0.09879658402504544,-0.09407303070023376,75,6.596293311405235e-05,0.035707492381334305,711297,7.396745502948761,0.07222222222222222,0.2152777777777778,0.15694444444444444,0.09027777777777778,0.4652777777777778
989,720,0.01,0.28942891006692517,0.3356644856330109,91,6.589942664353051e-05,0.03612976148724556,712017,7.402517418066661,0.08472222222222223,0.16805555555555557,0.08055555555555556,0.13472222222222222,0.5319444444444444
990,720,0.01,-0.14223941823193728,-0.13258644299679012,70,6.325922963949577e-05,0.03601882606744766,712737,7.408497337500254,0.0375,0.1986111111111111,0.36527777777777776,0.1763888888888889,0.2222222222222222
991,720,0.01,0.015420640421229183,0.015540152021630727,93,6.348377299774358e-05,0.037404097616672516,713457,7.419914186000824,0.22361111111111112,0.2111111111111111,0.10138888888888889,0.1388888888888889,0.325
992,720,0.01,0.1901573597378588,0.20943989982950195,64,6.509433008482625e-05,0.03671574592590332,714177,7.426657819747925,0.0625,0.09444444444444444,0.05138888888888889,0.1625,0.6291666666666667
993,720,0.01,0.26951937721692754,0.309335003248729,79,6.2327130862943e-05,0.03753701597452164,714897,7.432865782578786,0.020833333333333332,0.21805555555555556,0.20555555555555555,0.15416666666666667,0.4013888888888889
994,720,0.01,0.07173614718080318,0.07437183062617292,73,6.0741973332925326e-05,0.03791110962629318,715617,7.438942535718282,0.07222222222222222,0.1763888888888889,0.19444444444444445,0.05555555555555555,0.5013888888888889
995,720,0.01,-0.11267652497307144,-0.10656038121721634,80,5.567087764954219e-05,0.03741976246237755,716337,7.4452270348866785,0.075,0.19583333333333333,0.2569444444444444,0.09861111111111111,0.3736111111111111
996,720,0.01,0.25965644914287483,0.2964846017506111,62,5.959360760370045e-05,0.03795245289802551,717057,7.451433034737905,0.08055555555555556,0.16111111111111112,0.19305555555555556,0.07083333333333333,0.49444444444444446
997,720,0.01,0.007197660948324225,0.0072236263692699865,72,5.862431965953066e-05,0.03832259774208069,717777,7.457839771111806,0.16666666666666666,0.08055555555555556,0.12916666666666668,0.14444444444444443,0.4791666666666667
998,720,0.01,0.19676314549130464,0.2174556466944908,69,6.231829546676535e-05,0.03819189965724945,718497,7.463910082976024,0.07777777777777778,0.041666666666666664,0.16805555555555557,0.2625,0.45
999,720,0.01,-0.22073204682407832,-0.1980684683953703,70,5.893224408989934e-05,0.03773415461182594,719217,7.46988631884257,0.08333333333333333,0.16111111111111112,0.19166666666666668,0.058333333333333334,0.5055555555555555
1000,720,0.01,-0.2305079212143764,-0.20586985549779768,95,6.320856850202795e-05,0.0378492996096611,719937,7.476023284594218,0.1125,0.20972222222222223,0.07222222222222222,0.058333333333333334,0.5472222222222223
1001,720,0.01,0.06023129116970726,0.062082168366231594,59,6.101188450884365e-05,0.03849538415670395,720657,7.488264751434326,0.03888888888888889,0.35138888888888886,0.13194444444444445,0.11666666666666667,0.3611111111111111
1002,720,0.01,0.4040892046993826,0.49793756406850886,78,6.291856119433861e-05,0.038697220385074615,721377,7.4941983381907145,0.08055555555555556,0.08194444444444444,0.04583333333333333,0.2361111111111111,0.5555555555555556
1003,720,0.01,-1.0133212258172102,-0.6369886673623779,135,6.367706384809126e-05,0.03929445892572403,722097,7.500031316280365,0.07916666666666666,0.16111111111111112,0.17083333333333334,0.15,0.4388888888888889
1004,720,0.01,0.009597535946125706,0.00964373999094037,68,6.609711934212707e-05,0.039037592709064484,722817,7.506445701917013,0.0,0.0375,0.03333333333333333,0.21805555555555556,0.7111111111111111
1005,720,0.01,0.03256510165458296,0.033101147548818544,79,6.811784527498175e-05,0.039038680493831635,723537,7.512690802415212,0.13194444444444445,0.16111111111111112,0.19583333333333333,0.09722222222222222,0.41388888888888886
1006,720,0.01,-0.4337368377571289,-0.35191721603496773,64,7.032274118425145e-05,0.040015146136283875,724257,7.518878984451294,0.03194444444444444,0.1,0.09027777777777778,0.07361111111111111,0.7041666666666667
1007,720,0.01,-0.05053683100478196,-0.04928108790531516,89,6.998191686686065e-05,0.03956078737974167,724977,7.525040968259176,0.1125,0.07777777777777778,0.18055555555555555,0.14444444444444443,0.4847222222222222
1008,720,0.01,-0.12080536956370799,-0.11379357444798055,111,7.5890702444465e-05,0.0394383929669857,725697,7.53152855237325,0.19583333333333333,0.2375,0.20277777777777778,0.15416666666666667,0.20972222222222223
1009,720,0.01,-0.03551626074962797,-0.03489295926154479,123,6.990052495060202e-05,0.0397496372461319,726417,7.5376960158348085,0.04861111111111111,0.11666666666666667,0.30833333333333335,0.18055555555555555,0.3458333333333333
1010,720,0.01,0.01584026461554739,0.015966386662650267,106,7.790869528637105e-05,0.038919076323509216,727137,7.543083620071411,0.10416666666666667,0.11388888888888889,0.1527777777777778,0.24583333333333332,0.38333333333333336
1011,720,0.01,-0.0817237451892819,-0.07847350033561806,116,7.319174419535557e-05,0.03812738507986069,727857,7.553249931335449,0.125,0.15694444444444444,0.18194444444444444,0.15555555555555556,0.38055555555555554
1012,720,0.01,-0.078560988246031,-0.07555432210819524,108,7.433509381118912e-05,0.038425080478191376,728577,7.558428951104482,0.0763888888888889,0.14722222222222223,0.1,0.2152777777777778,0.46111111111111114
1013,720,0.01,-0.20513956866532695,-0.18546637489319262,259,7.397716623118969e-05,0.03817103058099747,729297,7.563607720534007,0.14722222222222223,0.2111111111111111,0.1125,0.23055555555555557,0.2986111111111111
