episode,steps,epsilon,train_reward,train_portfolio_return,train_position_changes,mean_loss,mean_max_q,updates,minutes,action_share_-1,action_share_0,action_share_0.5,action_share_1,action_share_2
1,720,1.0,-0.17673900756201197,-0.16200153275251883,566,0.00038941399152615694,0.13367079198360443,657,0.016866731643676757,0.22361111111111112,0.17777777777777778,0.23055555555555557,0.1736111111111111,0.19444444444444445
2,720,0.9909,0.13747006709685775,0.14736736142195817,569,4.4040951327891285e-05,0.1398254632949829,1377,0.030814131100972492,0.21805555555555556,0.19722222222222222,0.18888888888888888,0.2263888888888889,0.16944444444444445
3,720,0.98188281,-0.010788189782735711,-0.010730205964143757,568,4.495107362016724e-05,0.1427248865365982,2097,0.057746299107869464,0.19444444444444445,0.20972222222222223,0.21666666666666667,0.17083333333333334,0.20833333333333334
4,720,0.972947676429,-0.05779007468504871,-0.05615193575664501,585,3.538498495395793e-05,0.15452252328395844,2817,0.07828823328018189,0.2152777777777778,0.19027777777777777,0.225,0.19027777777777777,0.17916666666666667
5,720,0.9640938525734961,-0.03993031268094571,-0.03914360367448144,572,2.778128995575773e-05,0.16079983115196228,3537,0.09273203214009602,0.18888888888888888,0.2013888888888889,0.19722222222222222,0.20416666666666666,0.20833333333333334
6,720,0.9553205985150773,-0.30019470449222774,-0.25932600591253585,583,2.8293332717213262e-05,0.164152592420578,4257,0.10836314757664998,0.18611111111111112,0.20555555555555555,0.1986111111111111,0.2125,0.19722222222222222
7,720,0.9466271810685901,-0.262770632403197,-0.2310817579841834,563,3.187417048340851e-05,0.16328920423984528,4977,0.1256136139233907,0.20555555555555555,0.19305555555555556,0.21388888888888888,0.16111111111111112,0.2263888888888889
8,720,0.938012873720866,-0.13399485057525273,-0.12540543174934604,583,3.1410650790854155e-05,0.1697007119655609,5697,0.14263248046239216,0.1986111111111111,0.19166666666666668,0.17777777777777778,0.2152777777777778,0.21666666666666667
9,720,0.9294769565700061,0.15745342829497228,0.1705262433093493,589,3.146701105454971e-05,0.17310592532157898,6417,0.15689980189005534,0.20555555555555555,0.18333333333333332,0.2013888888888889,0.17916666666666667,0.23055555555555557
10,720,0.921018716265219,0.04206616150497438,0.04296348050161103,577,3.02117565164887e-05,0.17332403361797333,7137,0.1698904832204183,0.16944444444444445,0.2013888888888889,0.19444444444444445,0.2388888888888889,0.19583333333333333
11,720,0.9126374459472055,-0.011471677928264767,-0.011406129122049302,564,3.024297598509899e-05,0.1761464774608612,7857,0.19163586298624674,0.24027777777777778,0.20972222222222223,0.17083333333333334,0.20972222222222223,0.16944444444444445
12,720,0.904332445189086,-0.43090607712182133,-0.3500800497394828,576,3.055128470729566e-05,0.1775745302438736,8577,0.20230331420898437,0.28194444444444444,0.20555555555555555,0.18055555555555555,0.16666666666666666,0.16527777777777777
13,720,0.8961030199378652,-0.10164768297946124,-0.09665223959813518,561,2.9981128497840674e-05,0.17880061268806458,9297,0.2135267655054728,0.20694444444444443,0.19166666666666668,0.18333333333333332,0.2,0.21805555555555556
14,720,0.8879484824564307,-0.023256781073591654,-0.022988426520601624,590,2.948285336906843e-05,0.18182726204395294,10017,0.22724693218866984,0.2152777777777778,0.21388888888888888,0.2,0.19444444444444445,0.1763888888888889
15,720,0.8798681512660771,0.06393764584930021,0.06602592554787678,583,2.947143336137338e-05,0.18526633083820343,10737,0.24053396383921305,0.21805555555555556,0.18611111111111112,0.1763888888888889,0.21388888888888888,0.20555555555555555
16,720,0.8718613510895558,-0.09096310852873048,-0.08694860591277653,573,3.056199197746739e-05,0.18545155227184296,11457,0.2536697347958883,0.2152777777777778,0.1875,0.18472222222222223,0.20555555555555555,0.20694444444444443
17,720,0.8639274127946408,-0.049908290591248704,-0.048683334810844636,577,3.0913039147940756e-05,0.18923282623291016,12177,0.2658139149347941,0.19444444444444445,0.19166666666666668,0.19305555555555556,0.17777777777777778,0.24305555555555555
18,720,0.8560656733382096,-0.037512187193990375,-0.03681732084486655,566,3.104073166468879e-05,0.19079884886741638,12897,0.2765353322029114,0.18888888888888888,0.20972222222222223,0.1986111111111111,0.18055555555555555,0.2222222222222222
19,720,0.8482754757108318,0.19116647221629643,0.2106609767226879,577,3.0542418749569654e-05,0.1963813602924347,13617,0.2853462298711141,0.22916666666666666,0.15,0.16666666666666666,0.2,0.25416666666666665
20,720,0.8405561688818632,0.012343401226539695,0.012419895412262516,572,2.906580450725313e-05,0.20100629329681396,14337,0.3033175508181254,0.1986111111111111,0.18611111111111112,0.18055555555555555,0.21666666666666667,0.21805555555555556
21,720,0.8329071077450383,-0.1964502951917225,-0.17835783015316642,579,2.927291968717327e-05,0.20054852962493896,15057,0.3301437973976135,0.23333333333333334,0.15416666666666667,0.19166666666666668,0.1875,0.23333333333333334
22,720,0.8253276530645585,-0.1441065658824435,-0.13420452111630476,560,2.8473957991081987e-05,0.20252351462841034,15777,0.34418614705403644,0.2388888888888889,0.16944444444444445,0.17777777777777778,0.19722222222222222,0.21666666666666667
23,720,0.817817171421671,-0.12813597294135518,-0.12026624897400162,570,2.9984595024896206e-05,0.20578497648239136,16497,0.35723177989323934,0.23055555555555557,0.19166666666666668,0.175,0.18472222222222223,0.21805555555555556
24,720,0.8103750351617338,-0.10859171287806445,-0.10290338426852697,554,2.9993110988849973e-05,0.20648719370365143,17217,0.36768661737442015,0.20277777777777778,0.1763888888888889,0.16527777777777777,0.2125,0.24305555555555555
25,720,0.8030006223417621,-0.29421589729845304,-0.25488439436978505,563,3.060349445212928e-05,0.20338915288448334,17937,0.3779341181119283,0.17916666666666667,0.19444444444444445,0.20694444444444443,0.16666666666666666,0.25277777777777777
26,720,0.795693316678452,-0.24055472619138354,-0.21380838100221555,582,3.156120327440072e-05,0.203886479139328,18657,0.3910691658655802,0.2222222222222222,0.1763888888888889,0.18194444444444444,0.17777777777777778,0.24166666666666667
27,720,0.7884525074966781,-0.06612096715888358,-0.06398236995042605,548,3.186987796021236e-05,0.2067355215549469,19377,0.40147213141123456,0.20416666666666666,0.18472222222222223,0.16111111111111112,0.20555555555555555,0.24444444444444444
28,720,0.7812775896784583,-0.15651648515641484,-0.14488257915771963,562,3.0233625016585898e-05,0.2063828557729721,20097,0.41521441539128623,0.25555555555555554,0.19583333333333333,0.18472222222222223,0.16111111111111112,0.20277777777777778
29,720,0.7741679636123843,-0.0986303925170033,-0.09392246081965949,558,3.1100225300583085e-05,0.20618900656700134,20817,0.4268435637156169,0.1986111111111111,0.19722222222222222,0.17083333333333334,0.18888888888888888,0.24444444444444444
30,720,0.7671230351435115,-0.07772743632884262,-0.07478342739530519,562,3.152027402519606e-05,0.21063348650932312,21537,0.43786856333414714,0.1875,0.1638888888888889,0.1597222222222222,0.2125,0.2763888888888889
31,720,0.7601422155237056,0.10376083304427366,0.10933510688521353,555,3.0298039833572452e-05,0.21889200806617737,22257,0.4565411647160848,0.24027777777777778,0.15833333333333333,0.14305555555555555,0.19583333333333333,0.2625
32,720,0.7532249213624399,-0.19533555222136753,-0.17744139962283823,549,3.199928279337251e-05,0.21496334671974182,22977,0.467912216981252,0.28055555555555556,0.18194444444444444,0.16666666666666666,0.18333333333333332,0.1875
33,720,0.7463705745780417,-0.1641937215203818,-0.15142238178990552,564,3.257800272030585e-05,0.21652397513389587,23697,0.4779873490333557,0.1763888888888889,0.14583333333333334,0.18611111111111112,0.21805555555555556,0.27361111111111114
34,720,0.7395786023493816,-0.020622990652789077,-0.020411791128029044,546,3.426439195285032e-05,0.21595926582813263,24417,0.4883803327878316,0.3013888888888889,0.16111111111111112,0.18472222222222223,0.1625,0.19027777777777777
35,720,0.7328484370680022,-0.34020303268005714,-0.28837417520420516,547,3.164317863972125e-05,0.2160123586654663,25137,0.5005213459332783,0.25416666666666665,0.1875,0.15694444444444444,0.17916666666666667,0.2222222222222222
36,720,0.7261795162906833,0.2473749808667351,0.2806592454662129,547,3.143698406107534e-05,0.21724003553390503,25857,0.518453848361969,0.25555555555555554,0.19444444444444445,0.16805555555555557,0.15833333333333333,0.22361111111111112
37,720,0.7195712826924381,-0.10721370892594904,-0.10166632944915821,534,3.078085248691625e-05,0.21663028001785278,26577,0.534319814046224,0.22083333333333333,0.17083333333333334,0.18888888888888888,0.16527777777777777,0.25416666666666665
38,720,0.7130231840199369,-0.7195079074568844,-0.5130081579400948,558,3.214077315760733e-05,0.2154219150543213,27297,0.547786549727122,0.26944444444444443,0.17222222222222222,0.15833333333333333,0.20277777777777778,0.19722222222222222
39,720,0.7065346730453554,-0.10419591295288284,-0.09895124699379276,579,3.3780503117163286e-05,0.22643184661865234,28017,0.5587004661560059,0.19166666666666668,0.15555555555555556,0.15416666666666667,0.16944444444444445,0.32916666666666666
40,720,0.7001052075206428,-0.13727423524848864,-0.1282688660542799,528,3.17417281368964e-05,0.2236904352903366,28737,0.5744710644086202,0.23472222222222222,0.18611111111111112,0.175,0.1736111111111111,0.23055555555555557
41,720,0.6937342501322049,-0.47280829221360265,-0.37675045848442756,555,3.2467410299988036e-05,0.21936696767807007,29457,0.594413411617279,0.19583333333333333,0.1736111111111111,0.1638888888888889,0.19027777777777777,0.2763888888888889
42,720,0.6874212684560018,-0.29063776330646984,-0.25221349532562753,573,3.303300188248512e-05,0.22328048944473267,30177,0.6085515817006429,0.27361111111111114,0.16805555555555557,0.1763888888888889,0.18333333333333332,0.1986111111111111
43,720,0.6811657349130522,-0.15484526994618467,-0.1434522990974726,541,3.186707017827454e-05,0.22920678555965424,30897,0.618526566028595,0.18888888888888888,0.1486111111111111,0.1361111111111111,0.2152777777777778,0.3111111111111111
44,720,0.6749671267253434,-0.12443615766733823,-0.11700536799601424,551,3.225066965152716e-05,0.22940202057361603,31617,0.6304357330004374,0.1875,0.18055555555555555,0.14027777777777778,0.24166666666666667,0.25
45,720,0.6688249258721428,0.01420764365521374,0.014309051912643866,538,3.15744562404537e-05,0.22799146175384521,32337,0.6427968978881836,0.18888888888888888,0.16666666666666666,0.15138888888888888,0.18333333333333332,0.30972222222222223
46,720,0.6627386190467063,-0.26658324754001134,-0.23400776589725636,553,3.348046148832711e-05,0.22448191046714783,33057,0.6541387955347697,0.20972222222222223,0.16805555555555557,0.17222222222222222,0.1625,0.2875
47,720,0.6567076976133812,-0.23906378661832264,-0.21263534255801975,533,3.219947204671472e-05,0.22348903119564056,33777,0.6643927971522013,0.23194444444444445,0.17222222222222222,0.1763888888888889,0.16944444444444445,0.25
48,720,0.6507316575650994,-0.22497952082842898,-0.2014674281225275,518,3.169655057035925e-05,0.21989805996418,34497,0.6749850829442342,0.1736111111111111,0.16666666666666666,0.23194444444444445,0.19722222222222222,0.23055555555555557
49,720,0.6448099994812571,-0.23421439619554854,-0.20880783088058463,520,3.132050218128926e-05,0.2181590348482132,35217,0.6903129657109578,0.25277777777777777,0.1388888888888889,0.12638888888888888,0.2361111111111111,0.24583333333333332
50,720,0.6389422284859776,-0.006700176126071287,-0.006677779993272126,550,3.163906234628182e-05,0.21762166917324066,35937,0.7001814643541971,0.2638888888888889,0.18611111111111112,0.1763888888888889,0.16666666666666666,0.20694444444444443
51,720,0.6331278542067552,-0.19154683442450698,-0.17431904609138438,504,3.286271223209446e-05,0.2173248529434204,36657,0.7205768307050069,0.19027777777777777,0.19027777777777777,0.12777777777777777,0.225,0.26666666666666666
52,720,0.6273663907334738,-0.21800822285917484,-0.19588117051651932,531,3.4512517359214854e-05,0.21611881256103516,37377,0.730337365468343,0.23055555555555557,0.18888888888888888,0.1638888888888889,0.17083333333333334,0.24583333333333332
53,720,0.6216573565777992,-0.16444035207796737,-0.15163164115510153,531,3.141375205788993e-05,0.2159738540649414,38097,0.7414263168970744,0.3347222222222222,0.20833333333333334,0.14722222222222223,0.1625,0.14722222222222223
54,720,0.6160002746329413,-0.27249839431089523,-0.238525348134225,530,3.230582146771768e-05,0.217960923910141,38817,0.752223813533783,0.29444444444444445,0.16805555555555557,0.13055555555555556,0.1763888888888889,0.23055555555555557
55,720,0.6103946721337815,-0.06053747117340356,-0.05874150170281622,502,3.287387566817617e-05,0.2201865166425705,39537,0.7658566117286683,0.24583333333333332,0.17083333333333334,0.16111111111111112,0.21666666666666667,0.20555555555555555
56,720,0.604840080617364,-0.06134960060022981,-0.059505615106044685,525,3.1826447133830195e-05,0.21703682839870453,40257,0.7772061983744304,0.3625,0.14722222222222223,0.1125,0.18888888888888888,0.18888888888888888
57,720,0.5993360358837461,0.09919874491596468,0.10428574892930942,535,3.2643577287672085e-05,0.21743440628051758,40977,0.7873843153317769,0.28888888888888886,0.18194444444444444,0.12638888888888888,0.2222222222222222,0.18055555555555555
58,720,0.5938820779572039,-0.17703152061975128,-0.16224662239884746,501,3.130547961644778e-05,0.2156713604927063,41697,0.7991891304651896,0.3458333333333333,0.19583333333333333,0.12777777777777777,0.13333333333333333,0.19722222222222222
59,720,0.5884777510477934,-0.17826195792012126,-0.16327679149394636,521,3.124203602358951e-05,0.21291831135749817,42417,0.810636047522227,0.37222222222222223,0.16944444444444445,0.1388888888888889,0.14305555555555555,0.1763888888888889
60,720,0.5831226035132585,-0.12177867463059401,-0.11465570402667413,522,3.1164182572259355e-05,0.2103576958179474,43137,0.8199002146720886,0.2875,0.19583333333333333,0.16666666666666666,0.17777777777777778,0.17222222222222222
61,720,0.5778161878212879,0.158868020054748,0.17218323179255268,510,3.078309526042883e-05,0.21099677681922913,43857,0.8402823328971862,0.1375,0.19166666666666668,0.1736111111111111,0.20555555555555555,0.2916666666666667
62,720,0.5725580605121141,-0.1991593321304628,-0.1805806768953091,521,3.114062323687803e-05,0.20946478843688965,44577,0.8528282841046652,0.19166666666666668,0.19583333333333333,0.14305555555555555,0.18611111111111112,0.2833333333333333
63,720,0.5673477821614539,-0.24434727247532567,-0.2167844021891555,526,3.102713110934019e-05,0.2108265459537506,45297,0.864161213239034,0.18055555555555555,0.16666666666666666,0.15138888888888888,0.21805555555555556,0.2833333333333333
64,720,0.5621849173437846,0.1198074713531639,0.12727979703150827,496,3.111259224826629e-05,0.2127164602279663,46017,0.8755760312080383,0.19583333333333333,0.14444444444444443,0.14166666666666666,0.21805555555555556,0.3
65,720,0.5570690345959561,0.06162608748019296,0.06356459025405892,485,3.163044693792472e-05,0.2087130844593048,46737,0.8862253308296204,0.38055555555555554,0.15694444444444444,0.1125,0.15833333333333333,0.19166666666666668
66,720,0.5519997063811329,-0.06061874232580436,-0.058817995757257324,505,3.132430228636925e-05,0.2073386013507843,47457,0.9001045823097229,0.2569444444444444,0.17777777777777778,0.16111111111111112,0.19305555555555556,0.2111111111111111
67,720,0.5469765090530646,-0.04793122743815588,-0.04680066121612547,508,3.1193378515581574e-05,0.20693685114383698,48177,0.9148271282513937,0.3472222222222222,0.15416666666666667,0.14166666666666666,0.16944444444444445,0.1875
68,720,0.5419990228206817,-0.12077036085329877,-0.11376254896078952,495,3.226980235240262e-05,0.20343658328056335,48897,0.927807613213857,0.225,0.2013888888888889,0.15694444444444444,0.1625,0.25416666666666665
69,720,0.5370668317130135,-0.31073326412524893,-0.26709065698615364,518,3.212573620253857e-05,0.20192769169807434,49617,0.9386422991752624,0.28194444444444444,0.20694444444444443,0.1527777777777778,0.1361111111111111,0.2222222222222222
70,720,0.5321795235444251,-0.4343638422648557,-0.35232343949661393,522,3.003839074280121e-05,0.19845756888389587,50337,0.9490710298220316,0.17777777777777778,0.19166666666666668,0.1597222222222222,0.19583333333333333,0.275
71,720,0.5273366898801708,-0.04971950973213177,-0.048503727480817216,477,3.146541362500304e-05,0.20027701556682587,51057,0.9697498480478922,0.15,0.1625,0.13333333333333333,0.2875,0.26666666666666666
72,720,0.5225379260022612,0.0274625828602729,0.027843155436767075,527,3.151626178616122e-05,0.20299690961837769,51777,0.9797380169232687,0.19027777777777777,0.1375,0.11666666666666667,0.22916666666666666,0.3263888888888889
73,720,0.5177828308756407,-0.21216411743302863,-0.1911680567491285,520,3.1801468736603056e-05,0.19970977306365967,52497,0.9892955144246419,0.16805555555555557,0.18333333333333332,0.15138888888888888,0.18888888888888888,0.30833333333333335
74,720,0.5130710071146724,-0.27294007337502973,-0.23886160128236833,478,3.061996304722925e-05,0.1982107013463974,53217,0.9991267840067546,0.14305555555555555,0.10138888888888889,0.14722222222222223,0.2013888888888889,0.40694444444444444
75,720,0.5084020609499288,0.0019927392565530135,0.0019947260809478617,494,3.278623183670485e-05,0.19704070687294006,53937,1.0110784649848938,0.2111111111111111,0.15138888888888888,0.1736111111111111,0.15416666666666667,0.30972222222222223
76,720,0.5037756021952844,0.058871660279065985,0.06063910987747834,477,3.089937173652086e-05,0.1998761147260666,54657,1.0216976801554363,0.17777777777777778,0.12638888888888888,0.13472222222222222,0.16666666666666666,0.39444444444444443
77,720,0.4991912442153073,-0.0032190148178073137,-0.0032138393444047786,505,3.0259710001701023e-05,0.19824980199337006,55377,1.0315956791241965,0.1375,0.14444444444444443,0.15555555555555556,0.25277777777777777,0.30972222222222223
78,720,0.494648603892948,-0.1869680094706262,-0.17052972884595508,497,2.9516127287049837e-05,0.19636350870132446,56097,1.0420695503552755,0.3375,0.1597222222222222,0.12777777777777777,0.15,0.225
79,720,0.4901473015975222,-0.25181578738581917,-0.2226120704575636,482,3.1028622469698854e-05,0.19010502099990845,56817,1.05355970064799,0.24583333333333332,0.14166666666666666,0.12638888888888888,0.17777777777777778,0.30833333333333335
80,720,0.4856869611529847,-0.0208038238315528,-0.020588917162101983,513,2.959465639820438e-05,0.19013315439224243,57537,1.0638230800628663,0.3736111111111111,0.14166666666666666,0.1638888888888889,0.13333333333333333,0.1875
81,720,0.48126720980649257,0.0008371216029816711,0.0008374720870634178,527,3.104322883397496e-05,0.1889553666114807,58257,1.0830062826474507,0.18888888888888888,0.1486111111111111,0.20694444444444443,0.20833333333333334,0.24722222222222223
82,720,0.4768876781972535,-0.023420862391034386,-0.023148722715567227,490,3.0294504416714417e-05,0.18760742247104645,58977,1.0979992826779683,0.23333333333333334,0.15416666666666667,0.1638888888888889,0.17916666666666667,0.26944444444444443
83,720,0.47254800032565847,-0.21249686713708082,-0.19143715056594657,453,3.141834527708751e-05,0.18571940064430237,59697,1.1094486316045125,0.2375,0.2,0.15694444444444444,0.16805555555555557,0.2375
84,720,0.46824781352269496,-0.009590631601015276,-0.009544788166647056,461,3.18241073008115e-05,0.1832675039768219,60417,1.1194717168807984,0.20694444444444443,0.16111111111111112,0.17222222222222222,0.18055555555555555,0.2791666666666667
85,720,0.46398675841963843,0.05136708710937291,0.05270925836270801,485,3.1185797632183996e-05,0.182148277759552,61137,1.1307668805122375,0.2513888888888889,0.19027777777777777,0.19166666666666668,0.14722222222222223,0.21944444444444444
86,720,0.45976447891801975,-0.02611685467477295,-0.025778759349244895,489,3.105753879582254e-05,0.1821683794260025,61857,1.1425504803657531,0.20416666666666666,0.21805555555555556,0.1375,0.1736111111111111,0.26666666666666666
87,720,0.4555806221598658,-0.13083777146941672,-0.12263990431444027,468,3.0007276546307873e-05,0.18068501353263855,62577,1.1540378133455913,0.2222222222222222,0.20277777777777778,0.17916666666666667,0.18333333333333332,0.2125
88,720,0.451434838498211,0.07931345746911424,0.0825436002700417,490,3.048075511868673e-05,0.17578135430812836,63297,1.1636850317319234,0.19305555555555556,0.1638888888888889,0.1736111111111111,0.2388888888888889,0.23055555555555557
89,720,0.44732678146787724,-0.09427023732352276,-0.08996319690138266,461,3.072490644121394e-05,0.17389123141765594,64017,1.1740087946256001,0.3375,0.18888888888888888,0.1375,0.13472222222222222,0.2013888888888889
90,720,0.4432561077565196,-0.0075542563597422886,-0.0075257946792022246,495,2.9955705051381502e-05,0.17404846847057343,64737,1.1857607165972393,0.18055555555555555,0.1388888888888889,0.17222222222222222,0.20416666666666666,0.30416666666666664
91,720,0.43922247717593527,-0.27190218016195533,-0.23807121080462534,442,3.1172979481652875e-05,0.17582803964614868,65457,1.2053624828656515,0.18055555555555555,0.125,0.1986111111111111,0.30972222222222223,0.18611111111111112
92,720,0.43522555263363427,-0.09274607159096322,-0.08857509240880512,486,3.2893868510402375e-05,0.17458491027355194,66177,1.2167750318845114,0.18472222222222223,0.14305555555555555,0.225,0.23472222222222222,0.2125
93,720,0.43126500010466823,-0.05115534184964063,-0.04986893604889042,490,3.063619088834457e-05,0.1740902215242386,66897,1.2272597988446554,0.2152777777777778,0.19444444444444445,0.1597222222222222,0.1638888888888889,0.26666666666666666
94,720,0.42734048860371576,-0.28611668567142895,-0.24882504052164878,493,3.202467792991431e-05,0.17219221591949463,67617,1.2380085984865825,0.28055555555555556,0.20416666666666666,0.1527777777777778,0.1625,0.2
95,720,0.42345169015742196,0.12224015878353243,0.1300254547336861,462,3.204250209591919e-05,0.17222964763641357,68337,1.2509275317192077,0.41388888888888886,0.1875,0.1125,0.1375,0.1486111111111111
96,720,0.41959827977698944,-0.1315695606269404,-0.12328171205708871,449,3.105001995891143e-05,0.17503315210342407,69057,1.261266867319743,0.25833333333333336,0.15,0.08888888888888889,0.175,0.3277777777777778
97,720,0.4157799354310188,-0.02463456180930853,-0.024333607350200293,444,3.134549638288162e-05,0.17358271777629852,69777,1.2727723320325215,0.3638888888888889,0.19444444444444445,0.1597222222222222,0.11944444444444445,0.1625
98,720,0.41199633801859653,0.04689039357821686,0.04800713447226057,462,3.181636765500823e-05,0.1727897822856903,70497,1.2857734004656474,0.18888888888888888,0.16944444444444445,0.18055555555555555,0.18611111111111112,0.275
99,720,0.4082471713426273,-0.13108323157150975,-0.12285523478449911,452,3.092638915328886e-05,0.17071232199668884,71217,1.2957151293754579,0.2152777777777778,0.13333333333333333,0.15138888888888888,0.17083333333333334,0.32916666666666666
100,720,0.4045321220834094,0.0602729680173376,0.06212643352534375,458,3.20588600017244e-05,0.16808220744132996,71937,1.3090038975079854,0.18055555555555555,0.1486111111111111,0.16805555555555557,0.17083333333333334,0.33194444444444443
101,720,0.4008508797724504,-0.36439329225068134,-0.30538204684362613,466,3.103541132658292e-05,0.1642674207687378,72657,1.3299757281939188,0.16666666666666666,0.1388888888888889,0.19722222222222222,0.18333333333333332,0.3138888888888889
102,720,0.3972031367665211,-0.2505192573262232,-0.22160350996572853,410,3.198646308533171e-05,0.16441580653190613,73377,1.3441359798113506,0.34444444444444444,0.19166666666666668,0.12361111111111112,0.15416666666666667,0.18611111111111112
103,720,0.39358858822194576,-0.1701645563687643,-0.15647400240020093,435,3.0432278743496176e-05,0.16463981568813324,74097,1.354011313120524,0.30416666666666664,0.1361111111111111,0.11944444444444445,0.12222222222222222,0.31805555555555554
104,720,0.39000693206912607,0.07395470185727153,0.076758029252598,420,3.0367527206307286e-05,0.1661309003829956,74817,1.365757167339325,0.3625,0.1736111111111111,0.14722222222222223,0.16527777777777777,0.15138888888888888
105,720,0.386457868987297,0.15005594865744812,0.16189924761279473,427,3.07758744257727e-05,0.16309243440628052,75537,1.3763422648111978,0.18194444444444444,0.17083333333333334,0.16666666666666666,0.18055555555555555,0.3
106,720,0.3829411023795126,0.06390241541877995,0.06598836965713062,465,3.077634369851189e-05,0.1595308929681778,76257,1.3871922334035238,0.19305555555555556,0.09583333333333334,0.14027777777777778,0.2986111111111111,0.2722222222222222
107,720,0.3794563383478591,0.02263582921011619,0.022893963608002554,446,3.117456923544321e-05,0.16015022993087769,76977,1.4004210154215495,0.12222222222222222,0.17083333333333334,0.1597222222222222,0.32916666666666666,0.21805555555555556
108,720,0.37600328566889357,0.15178200234864286,0.16390647989493856,447,3.0568777654277964e-05,0.16009220480918884,77697,1.4115357637405395,0.18472222222222223,0.18472222222222223,0.2569444444444444,0.20416666666666666,0.16944444444444445
109,720,0.37258165576930663,0.11250498068292879,0.1190778306707474,412,3.1697063059255014e-05,0.16039781272411346,78417,1.4209893822669983,0.3194444444444444,0.18611111111111112,0.175,0.15138888888888888,0.16805555555555557
110,720,0.36919116270180596,-0.27894784830584696,-0.24342064091847027,438,3.115266638360481e-05,0.159302219748497,79137,1.4312421838442484,0.21805555555555556,0.1763888888888889,0.1625,0.14166666666666666,0.3013888888888889
111,720,0.3658315231212195,0.1501173168810121,0.16197055349351142,414,3.03543607174106e-05,0.1593143343925476,79857,1.4503888964653016,0.29444444444444445,0.14583333333333334,0.12916666666666668,0.20555555555555555,0.225
112,720,0.36250245626081645,-0.1278199446692642,-0.11998818430093072,429,3.038084417173397e-05,0.15838155150413513,80577,1.4606999317804972,0.22083333333333333,0.11527777777777778,0.12916666666666668,0.17222222222222222,0.3625
113,720,0.359203683908843,0.0032943158588153096,0.0032997480808187873,437,3.16821434466874e-05,0.15798091888427734,81297,1.4705962975819906,0.2708333333333333,0.16527777777777777,0.20416666666666666,0.14722222222222223,0.2125
114,720,0.3559349303852725,-0.027082806318135234,-0.026719355599268413,420,3.2250979811326235e-05,0.15599770843982697,82017,1.48131396373113,0.19722222222222222,0.11805555555555555,0.15555555555555556,0.15694444444444444,0.37222222222222223
115,720,0.3526959225187665,-0.2855493797322902,-0.24839877360536022,389,3.1048836576827755e-05,0.1567680984735489,82737,1.4919379989306132,0.20277777777777778,0.18333333333333332,0.20972222222222223,0.18333333333333332,0.22083333333333333
116,720,0.34948638962384576,-0.12243102415671635,-0.11523306961604696,422,3.064958658316957e-05,0.1549401581287384,83457,1.504577362537384,0.20972222222222223,0.10833333333333334,0.1388888888888889,0.21666666666666667,0.3263888888888889
117,720,0.34630606347826876,-0.4757645168722912,-0.37859020345800976,413,3.293475564937075e-05,0.1544884741306305,84177,1.5175398468971253,0.16527777777777777,0.125,0.15555555555555556,0.25972222222222224,0.29444444444444445
118,720,0.3431546783006165,-0.3119052868691603,-0.2679491402261788,402,3.309107824331174e-05,0.15359435975551605,84897,1.5291431307792664,0.16805555555555557,0.1638888888888889,0.10833333333333334,0.2388888888888889,0.32083333333333336
119,720,0.3400319707280809,-0.07611591592759268,-0.07329121997456467,459,3.277827011819075e-05,0.1540462076663971,85617,1.5408986290295918,0.20972222222222223,0.16111111111111112,0.19444444444444445,0.18055555555555555,0.25416666666666665
120,720,0.3369376797944554,-0.11154187470126005,-0.1055460643722963,427,3.312443351306784e-05,0.15169323980808258,86337,1.5522331476211548,0.2361111111111111,0.1597222222222222,0.12222222222222222,0.18888888888888888,0.29305555555555557
121,720,0.3338715469083258,-0.10766380805395652,-0.10207057766822336,443,3.273870908818329e-05,0.1510148048400879,87057,1.5719925999641418,0.30833333333333335,0.175,0.16666666666666666,0.14444444444444443,0.20555555555555555
122,720,0.3308333158314601,-0.32120396802050166,-0.2747246970655389,420,3.233436723980453e-05,0.14923839271068573,87777,1.5839321176211039,0.2847222222222222,0.25972222222222224,0.09166666666666666,0.1111111111111111,0.25277777777777777
123,720,0.3278227326573938,-0.22051972235994122,-0.1978981806351584,433,3.3663141121880674e-05,0.14894095063209534,88497,1.5974000652631124,0.2611111111111111,0.1361111111111111,0.1375,0.1625,0.30277777777777776
124,720,0.3248395457902115,0.0006439249527997119,0.000644132316978574,469,3.432772295658045e-05,0.14739856123924255,89217,1.6091393152872722,0.27361111111111114,0.2013888888888889,0.18472222222222223,0.18333333333333332,0.15694444444444444
125,720,0.3218835059235206,-0.009025787353633654,-0.008985177206316974,413,3.3469790575206083e-05,0.14848661422729492,89937,1.6213660478591918,0.14166666666666666,0.10277777777777777,0.2,0.23333333333333334,0.32222222222222224
126,720,0.3189543660196166,-0.14732918779374626,-0.13699016165333988,415,3.398683249871384e-05,0.14745889604091644,90657,1.6322435816129048,0.25416666666666665,0.12638888888888888,0.1125,0.15138888888888888,0.35555555555555557
127,720,0.31605188128883804,-0.17767648813818349,-0.1627867719076853,398,3.407249203822478e-05,0.14963610470294952,91377,1.6430464784304302,0.09444444444444444,0.0875,0.1625,0.1361111111111111,0.5194444444444445
128,720,0.31317580916910964,-0.04395925358569074,-0.043007049290114785,455,3.335386937048194e-05,0.14747576415538788,92097,1.654600977897644,0.14444444444444443,0.18055555555555555,0.2263888888888889,0.18472222222222223,0.2638888888888889
129,720,0.3103259093056707,-0.1667371424066335,-0.15357792943320037,392,3.53741834992939e-05,0.14594173431396484,92817,1.6682243466377258,0.24444444444444444,0.18472222222222223,0.18472222222222223,0.13472222222222222,0.2513888888888889
130,720,0.30750194353098914,0.04772421156627635,0.048881346088635036,403,3.406351731882751e-05,0.14459799230098724,93537,1.6810616811116537,0.16527777777777777,0.20416666666666666,0.2,0.21805555555555556,0.2125
131,720,0.30470367584485714,-0.13944049832436217,-0.13015522111350342,404,3.3201629791316614e-05,0.14310798048973083,94257,1.7089326500892639,0.1986111111111111,0.17083333333333334,0.15555555555555556,0.175,0.3
132,720,0.3019308723946689,-0.2002289390170641,-0.18145666488140566,379,3.395196319565407e-05,0.14097976684570312,94977,1.7240161816279094,0.22361111111111112,0.12222222222222222,0.14166666666666666,0.19305555555555556,0.3194444444444444
133,720,0.29918330145587746,-0.09665699567553318,-0.09213264483794903,426,3.3152731175000046e-05,0.14077889919281006,95697,1.7412199139595033,0.1625,0.18333333333333332,0.20416666666666666,0.17222222222222222,0.2777777777777778
134,720,0.29646073341262896,-0.13904893999534224,-0.12981455945527187,381,3.299037168302574e-05,0.1389346867799759,96417,1.7566693822542827,0.2361111111111111,0.14583333333333334,0.2263888888888889,0.17222222222222222,0.21944444444444444
135,720,0.29376294073857406,0.05208127636355856,0.05346136054249184,449,3.405711574689323e-05,0.13725967705249786,97137,1.769562045733134,0.1875,0.1986111111111111,0.22361111111111112,0.14444444444444443,0.24583333333333332
136,720,0.29108969797785306,-0.06803116761729426,-0.06576864464190435,388,3.4016807190558515e-05,0.13496804237365723,97857,1.7834331472714742,0.23194444444444445,0.17222222222222222,0.19027777777777777,0.1986111111111111,0.20694444444444443
137,720,0.2884407817262546,-0.6135560914302015,-0.4585779048138904,401,3.2456723880613934e-05,0.1323070079088211,98577,1.7958562175432842,0.1986111111111111,0.15555555555555556,0.17222222222222222,0.19166666666666668,0.28194444444444444
138,720,0.28581597061254566,-0.032821754172474196,-0.032288965328724606,403,3.4601725448939964e-05,0.13226071000099182,99297,1.8082775950431824,0.4388888888888889,0.15833333333333333,0.09166666666666666,0.1,0.2111111111111111
139,720,0.2832150452799715,-0.2813556780311574,-0.24524016375915103,356,3.3488797491069515e-05,0.13121956586837769,100017,1.8215815663337707,0.15138888888888888,0.11944444444444445,0.24722222222222223,0.22361111111111112,0.25833333333333336
140,720,0.28063778836792375,-0.06732953256976591,-0.06511292516950373,350,3.2739184489906214e-05,0.12858222424983978,100737,1.8328460653622944,0.2388888888888889,0.2013888888888889,0.17222222222222222,0.20833333333333334,0.17916666666666667
141,720,0.27808398449377564,-0.2507038047284922,-0.22174714776150184,377,3.33329673436664e-05,0.13180086016654968,101457,1.8569451451301575,0.37777777777777777,0.14027777777777778,0.10972222222222222,0.18194444444444444,0.19027777777777777
142,720,0.2755534202348823,0.0452525882809321,0.04629210765919378,371,3.350662190529066e-05,0.13039475679397583,102177,1.8699686646461486,0.1763888888888889,0.13472222222222222,0.1375,0.18194444444444444,0.36944444444444446
143,720,0.2730458841107448,-0.001732734350462776,-0.0017312340329757037,371,3.1735366630730116e-05,0.12936317920684814,102897,1.8836228171984355,0.18611111111111112,0.15416666666666667,0.18333333333333332,0.1875,0.28888888888888886
144,720,0.270561166565337,-0.2964221467276077,-0.2565264931435365,374,3.3667766959095186e-05,0.128522127866745,103617,1.8981670975685119,0.2777777777777778,0.14027777777777778,0.15416666666666667,0.19027777777777777,0.2375
145,720,0.26809905994959243,-0.20119674813113522,-0.18224847535889355,385,3.449823251078972e-05,0.12664775550365448,104337,1.9101294835408529,0.3,0.13194444444444445,0.18888888888888888,0.16666666666666666,0.2125
146,720,0.26565935850405115,-0.28894255683314174,-0.2509447677284503,424,3.449665285491695e-05,0.12709295749664307,105057,1.925717794895172,0.22083333333333333,0.19583333333333333,0.21388888888888888,0.16666666666666666,0.20277777777777778
147,720,0.2632418583416643,0.17489053287459652,0.19111582145049888,396,3.429925263718461e-05,0.12337960302829742,105777,1.9382116794586182,0.16944444444444445,0.19166666666666668,0.16805555555555557,0.24722222222222223,0.22361111111111112
148,720,0.2608463574307552,-0.17811422680556557,-0.16315317231080473,395,3.425185510650408e-05,0.12308107316493988,106497,1.9520060817400615,0.25,0.20277777777777778,0.1361111111111111,0.14583333333333334,0.2652777777777778
149,720,0.2584726555781353,-0.16760163876521697,-0.15430934203371183,357,3.377940584591165e-05,0.12486591935157776,107217,1.9716256340344747,0.12916666666666668,0.14166666666666666,0.11388888888888889,0.12083333333333333,0.49444444444444446
150,720,0.2561205544123743,-0.13133728248787233,-0.12307804591199967,323,3.356100754672298e-05,0.1250455230474472,107937,1.9870733976364137,0.18333333333333332,0.08472222222222223,0.16666666666666666,0.18611111111111112,0.37916666666666665
151,720,0.2537898573672217,-0.01514615656589835,-0.015032030453714151,379,3.387348120643057e-05,0.1263597160577774,108657,2.0106379985809326,0.1361111111111111,0.12361111111111112,0.18888888888888888,0.24583333333333332,0.3055555555555556
152,720,0.25148036966518,-0.06631352379793638,-0.06416258900761862,338,3.4754991832465346e-05,0.12352434545755386,109377,2.0238418142000834,0.325,0.1486111111111111,0.16527777777777777,0.1763888888888889,0.18472222222222223
153,720,0.24919189830122687,-0.045626831721255666,-0.044601579938876146,325,3.423394868680892e-05,0.12255573272705078,110097,2.038536262512207,0.4013888888888889,0.18333333333333332,0.1375,0.16666666666666666,0.1111111111111111
154,720,0.24692425202668572,-0.16911435006679124,-0.15558766074231123,336,3.493471490780091e-05,0.1216355562210083,110817,2.0522788643836973,0.28888888888888886,0.13055555555555556,0.14305555555555555,0.2013888888888889,0.2361111111111111
155,720,0.24467724133324287,0.07814948727539009,0.08128428483091543,337,3.3419799995550016e-05,0.12161652743816376,111537,2.0650906999905905,0.3388888888888889,0.13333333333333333,0.10972222222222222,0.16944444444444445,0.24861111111111112
156,720,0.24245067843711035,-0.10097500015465503,-0.09604436864563282,355,3.454689396625731e-05,0.11816870421171188,112257,2.080229349931081,0.41388888888888886,0.13333333333333333,0.11805555555555555,0.19444444444444445,0.14027777777777778
157,720,0.24024437726333264,0.04966388620129277,0.050917809030055494,352,3.331854197515188e-05,0.1206648126244545,112977,2.094822065035502,0.3402777777777778,0.16944444444444445,0.16527777777777777,0.13472222222222222,0.19027777777777777
158,720,0.2380581534302363,-0.19297168740551318,-0.17549468230664023,354,3.362109257396797e-05,0.11955579370260239,113697,2.10818696419398,0.2847222222222222,0.19166666666666668,0.20555555555555555,0.19305555555555556,0.125
159,720,0.23589182423402116,-0.22970919962345715,-0.20523531322781463,353,3.311486274747545e-05,0.11832500994205475,114417,2.1220319827397662,0.26944444444444443,0.15833333333333333,0.12222222222222222,0.15416666666666667,0.29583333333333334
160,720,0.23374520863349157,0.020002710428654077,0.020204105213447843,365,3.38311134309303e-05,0.1137772724032402,115137,2.1372823317845664,0.27361111111111114,0.14722222222222223,0.14166666666666666,0.21666666666666667,0.22083333333333333
161,720,0.2316181272349268,0.10350934658263757,0.10905615920166678,290,3.253664845664793e-05,0.11287649720907211,115857,2.162994945049286,0.1875,0.10277777777777777,0.15555555555555556,0.2875,0.26666666666666666
162,720,0.22951040227708897,-0.13954501561136773,-0.13024613017904252,337,3.224261316113876e-05,0.1101246178150177,116577,2.1770732482274373,0.4736111111111111,0.12083333333333333,0.10416666666666667,0.1597222222222222,0.14166666666666666
163,720,0.22742185761636746,-0.04377502185516354,-0.04283072458089909,327,3.272229469833595e-05,0.10955081880092621,117297,2.1917029142379763,0.3472222222222222,0.14444444444444443,0.13333333333333333,0.21944444444444444,0.15555555555555556
164,720,0.22535231871205852,-0.044981343665555604,-0.04398468259177901,356,3.2532273418281776e-05,0.10850322246551514,118017,2.2066218495368957,0.18194444444444444,0.12361111111111112,0.19305555555555556,0.19027777777777777,0.3111111111111111
165,720,0.22330161261177878,-0.014994830069322462,-0.014882967423336613,319,3.248298754922669e-05,0.10847865790128708,118737,2.219839028517405,0.3625,0.1638888888888889,0.11666666666666667,0.1638888888888889,0.19305555555555556
166,720,0.22126956793701158,-0.5179996340711915,-0.4042890031119052,323,3.350213325145685e-05,0.10580936074256897,119457,2.2360296805699664,0.18888888888888888,0.15694444444444444,0.1625,0.2875,0.20416666666666666
167,720,0.21925601486878477,0.0565524917331462,0.05818215915792324,366,3.3684099297993776e-05,0.10466352105140686,120177,2.2511592626571657,0.43333333333333335,0.14722222222222223,0.1361111111111111,0.09444444444444444,0.18888888888888888
168,720,0.21726078513347882,0.12165891876476381,0.12936882956406848,308,3.476045719202779e-05,0.103382408618927,120897,2.2644201159477233,0.19027777777777777,0.08611111111111111,0.13333333333333333,0.22083333333333333,0.36944444444444446
169,720,0.21528371198876417,0.18590168468748908,0.2043038530474277,310,3.327923708664255e-05,0.10132516920566559,121617,2.2767152984937034,0.30972222222222223,0.15,0.2013888888888889,0.19583333333333333,0.14305555555555555
170,720,0.2133246302096664,0.021152649587346705,0.021377952661109756,312,3.410128117088283e-05,0.10079175233840942,122337,2.289407563209534,0.18611111111111112,0.175,0.14722222222222223,0.23472222222222222,0.2569444444444444
171,720,0.21138337607475843,0.05610808897712579,0.057712004566757624,335,3.2581818643014535e-05,0.10167358815670013,123057,2.3106725811958313,0.2777777777777778,0.19722222222222222,0.11666666666666667,0.21805555555555556,0.19027777777777777
172,720,0.20945978735247814,-0.013387893416980677,-0.013298674168313207,317,3.345497618738591e-05,0.09972377121448517,123777,2.3239931146303814,0.33611111111111114,0.21666666666666667,0.13472222222222222,0.09166666666666666,0.22083333333333333
173,720,0.20755370328757058,-0.18596193570110464,-0.16969480063428688,304,3.194646394477887e-05,0.09978646039962769,124497,2.3368895490964254,0.23194444444444445,0.16944444444444445,0.2638888888888889,0.18888888888888888,0.14583333333333334
174,720,0.20566496458765368,-0.11826835685568049,-0.11154240306667607,374,3.178380007903393e-05,0.09858666360378265,125217,2.3514452457427977,0.3958333333333333,0.17777777777777778,0.19027777777777777,0.075,0.16111111111111112
175,720,0.20379341340990603,0.07792107066316852,0.08103732974312661,332,3.213081168382814e-05,0.09697069227695465,125937,2.365867801507314,0.225,0.15416666666666667,0.1875,0.21388888888888888,0.21944444444444444
176,720,0.20193889334787588,-0.04496821003447225,-0.04397212655683602,369,3.1863676694380655e-05,0.09608586132526398,126657,2.382641851902008,0.38472222222222224,0.24722222222222223,0.14166666666666666,0.125,0.10138888888888889
177,720,0.2001012494184102,-0.2393920904551082,-0.21289379496822647,303,3.170821100234712e-05,0.095645472407341,127377,2.3948065638542175,0.41944444444444445,0.11805555555555555,0.07222222222222222,0.12638888888888888,0.2638888888888889
178,720,0.19828032804870266,-0.01567298913568782,-0.015550806994081512,305,3.2816551390624225e-05,0.09568001329898834,128097,2.4080168485641478,0.35555555555555557,0.13055555555555556,0.15416666666666667,0.20277777777777778,0.15694444444444444
179,720,0.19647597706345946,-0.15078103147074362,-0.13996400113967655,314,3.125395544177283e-05,0.09467455744743347,128817,2.4203864455223085,0.18888888888888888,0.1125,0.19027777777777777,0.21388888888888888,0.29444444444444445
180,720,0.19468804567218198,-0.24932414791971075,-0.22067268489038105,312,3.299228052355829e-05,0.09405789524316788,129537,2.4355281154314676,0.09861111111111111,0.06944444444444445,0.125,0.33055555555555555,0.3763888888888889
181,720,0.19291638445656512,-0.1171799479568339,-0.11057487147244394,295,3.172348292916164e-05,0.09389041364192963,130257,2.4570466955502828,0.26944444444444443,0.18472222222222223,0.3194444444444444,0.12222222222222222,0.10416666666666667
182,720,0.19116084535801037,-0.043926924271210234,-0.04297610986393319,296,3.2585793474027017e-05,0.09231774508953094,130977,2.468982247511546,0.3194444444444444,0.24166666666666667,0.2111111111111111,0.12222222222222222,0.10555555555555556
183,720,0.18942128166525246,-0.1611645653569718,-0.14884801054980745,274,3.009752099008741e-05,0.0910235047340393,131697,2.483159116903941,0.25416666666666665,0.11805555555555555,0.15555555555555556,0.24305555555555555,0.22916666666666666
184,720,0.18769754800209867,-0.14239103959863492,-0.132717951455798,250,3.081428545909956e-05,0.0890856385231018,132417,2.4974636991818744,0.17222222222222222,0.18055555555555555,0.2611111111111111,0.25416666666666665,0.13194444444444445
185,720,0.18598950031527958,-0.07809697042380473,-0.07512526330020597,294,3.0012629846649157e-05,0.09057354927062988,133137,2.5111364006996153,0.175,0.09861111111111111,0.15,0.2986111111111111,0.2777777777777778
186,720,0.18429699586241055,0.10416584735991852,0.10978449448241245,369,3.1204123858212066e-05,0.08875924348831177,133857,2.5271710832913716,0.26805555555555555,0.19305555555555556,0.08333333333333333,0.2013888888888889,0.25416666666666665
187,720,0.1826198932000626,-0.32900446739229433,-0.28036019817341107,309,3.024573758870651e-05,0.08781859278678894,134577,2.541902780532837,0.21388888888888888,0.1375,0.16527777777777777,0.1388888888888889,0.34444444444444444
188,720,0.18095805217194205,0.47436086629326585,0.6069867897716839,293,3.1646640963521755e-05,0.08740141242742538,135297,2.5561083634694417,0.2125,0.14583333333333334,0.15694444444444444,0.19027777777777777,0.29444444444444445
189,720,0.17931133389717738,-0.013758343603556995,-0.013664130162760468,308,3.2531851417161306e-05,0.0861930102109909,136017,2.570925998687744,0.34305555555555556,0.14444444444444443,0.20277777777777778,0.16111111111111112,0.1486111111111111
190,720,0.17767960075871306,-0.21909464104660858,-0.19675430545700923,295,3.219996461830811e-05,0.08687125146389008,136737,2.5854825615882873,0.37222222222222223,0.1361111111111111,0.19722222222222222,0.14444444444444443,0.15
191,720,0.17606271639180876,0.1409192228488369,0.15133164293829093,294,2.993091974809027e-05,0.08484931290149689,137457,2.6085732618967694,0.44027777777777777,0.17222222222222222,0.1736111111111111,0.07916666666666666,0.13472222222222222
192,720,0.1744605456726433,0.02917328464018014,0.029602993402026545,290,3.0542706943176904e-05,0.08515285700559616,138177,2.6204033811887104,0.24583333333333332,0.12916666666666668,0.23055555555555557,0.125,0.26944444444444443
193,720,0.17287295470702224,-0.02712700990761545,-0.026762377146460237,234,2.9473838288948982e-05,0.0834299772977829,138897,2.6320775667826335,0.4152777777777778,0.22916666666666666,0.11666666666666667,0.1125,0.12638888888888888
194,720,0.17129981081918835,0.05883776976444169,0.060603164881311455,269,2.9776512562623087e-05,0.08389563858509064,139617,2.6464730819066364,0.35,0.19722222222222222,0.1763888888888889,0.12222222222222222,0.15416666666666667
195,720,0.16974098254073375,0.08308897149712306,0.0866384841002481,289,3.0837087126024524e-05,0.08297048509120941,140337,2.660918196042379,0.3111111111111111,0.19027777777777777,0.175,0.1527777777777778,0.17083333333333334
196,720,0.16819633959961308,0.08693068222200144,0.09082106380520782,275,3.094861999607525e-05,0.08114245533943176,141057,2.6745307167371113,0.28055555555555556,0.19305555555555556,0.10833333333333334,0.19305555555555556,0.225
197,720,0.16666575290925661,0.2358521445392023,0.2659871132201874,259,3.147012258245417e-05,0.08072049170732498,141777,2.6907177805900573,0.4041666666666667,0.175,0.15138888888888888,0.1625,0.10694444444444444
198,720,0.16514909455778237,-0.09979472168692184,-0.09497681939939473,273,3.0449881930710237e-05,0.07936780154705048,142497,2.707528313000997,0.25555555555555554,0.15138888888888888,0.1875,0.1986111111111111,0.20694444444444443
199,720,0.16364623779730655,-0.0896526611281653,-0.08575131576527151,282,3.164828284020081e-05,0.07814376056194305,143217,2.7214192152023315,0.2625,0.13194444444444445,0.20694444444444443,0.15555555555555556,0.24305555555555555
200,720,0.16215705703335107,-0.2045551183768198,-0.18499018133882406,286,3.074566806162693e-05,0.07663322240114212,143937,2.733691628774007,0.3888888888888889,0.1638888888888889,0.14027777777777778,0.19583333333333333,0.1111111111111111
201,720,0.16068142781434758,-0.024157137541436217,-0.023867689325568264,270,3.1062167502998114e-05,0.07577459514141083,144657,2.7567487319310504,0.36527777777777776,0.12083333333333333,0.17083333333333334,0.2152777777777778,0.12777777777777777
202,720,0.15921922682123701,-0.43254358476605326,-0.35114342774375296,248,3.155577925579362e-05,0.07510252296924591,145377,2.7721298972765607,0.3013888888888889,0.10833333333333334,0.075,0.1125,0.4027777777777778
203,720,0.15777033185716377,-0.3078671919312505,-0.2649870728253537,297,3.236614311200962e-05,0.07407526671886444,146097,2.784865613778432,0.3125,0.14166666666666666,0.18888888888888888,0.1361111111111111,0.22083333333333333
204,720,0.15633462183726357,0.16757153319781926,0.1824298701495557,264,3.2544387204325174e-05,0.0747196152806282,146817,2.7981773177782694,0.25555555555555554,0.1125,0.2,0.1736111111111111,0.25833333333333336
205,720,0.15491197677854449,-0.23240611092355912,-0.207375835395886,258,3.3514567472063085e-05,0.0722607672214508,147537,2.8109819173812864,0.4027777777777778,0.18333333333333332,0.1388888888888889,0.11666666666666667,0.15833333333333333
206,720,0.15350227778985973,0.15182267391438198,0.16395381875651305,278,3.100724695362563e-05,0.07216149568557739,148257,2.8270605484644573,0.30972222222222223,0.16111111111111112,0.12777777777777777,0.23333333333333334,0.16805555555555557
207,720,0.152105407061972,0.007123631868437528,0.007149065290847689,275,3.076333945715406e-05,0.07032312452793121,148977,2.8409493843714397,0.35138888888888886,0.2111111111111111,0.19583333333333333,0.10277777777777777,0.1388888888888889
208,720,0.15072124785770807,-0.03265563760512069,-0.03212819914086218,295,3.15346270977241e-05,0.07047738879919052,149697,2.855563497543335,0.3486111111111111,0.11527777777777778,0.1736111111111111,0.19722222222222222,0.16527777777777777
209,720,0.14934968450220293,-0.6198867490474061,-0.46199463623541737,268,3.0702958897184846e-05,0.06909357756376266,150417,2.8701764623324078,0.13472222222222222,0.20416666666666666,0.20694444444444443,0.2263888888888889,0.22777777777777777
210,720,0.1479906023732329,0.03745229062924281,0.03816246582229166,249,3.211197188508979e-05,0.06896241009235382,151137,2.881926480929057,0.30833333333333335,0.1763888888888889,0.14305555555555555,0.12222222222222222,0.25
211,720,0.14664388789163646,-0.08846250116747253,-0.08466256582239995,263,3.1643474620245295e-05,0.06860768795013428,151857,2.9027537147204083,0.31805555555555554,0.17777777777777778,0.24722222222222223,0.14166666666666666,0.11527777777777778
212,720,0.14530942851182257,-0.10186727273745907,-0.0968505837362621,256,2.9992171619773623e-05,0.06879481673240662,152577,2.9159058491388956,0.2125,0.2,0.275,0.11944444444444445,0.19305555555555556
213,720,0.143987112712365,0.09044287079084486,0.09465896885408243,292,3.0485022301086752e-05,0.06867519021034241,153297,2.9285638133684793,0.3,0.17916666666666667,0.2125,0.14305555555555555,0.16527777777777777
214,720,0.1426768299866825,-0.2666925551847059,-0.23409149012829034,286,3.170350455232235e-05,0.07078874856233597,154017,2.942432697614034,0.2972222222222222,0.12361111111111112,0.20416666666666666,0.14722222222222223,0.22777777777777777
215,720,0.14137847083380367,-0.05581764714192647,-0.05428842662399913,261,3.077001413139947e-05,0.06976601481437683,154737,2.9544402162233987,0.36527777777777776,0.18194444444444444,0.22916666666666666,0.08611111111111111,0.1375
216,720,0.14009192674921606,-0.15721360042075833,-0.14547848683229403,300,3.0774475143541876e-05,0.06911181658506393,155457,2.9697386304537456,0.23055555555555557,0.16111111111111112,0.2,0.19027777777777777,0.21805555555555556
217,720,0.1388170902157982,0.15117264846961984,0.163197465009016,247,3.1424593656007954e-05,0.06718839704990387,156177,2.984502148628235,0.2708333333333333,0.24861111111111112,0.18611111111111112,0.2125,0.08194444444444444
218,720,0.13755385469483442,-0.12623661590082952,-0.11859373263016482,240,3.095327281938706e-05,0.06636139750480652,156897,2.999220132827759,0.3194444444444444,0.17777777777777778,0.17083333333333334,0.15694444444444444,0.175
219,720,0.13630211461711142,0.020272501464997067,0.020479384268515144,272,3.124872851761514e-05,0.06619209051132202,157617,3.011908515294393,0.3819444444444444,0.08611111111111111,0.1111111111111111,0.12916666666666668,0.2916666666666667
220,720,0.1350617653740957,0.12665543587537684,0.1350258612038051,278,3.148695965364823e-05,0.06695923954248428,158337,3.0243249972661337,0.5222222222222223,0.10416666666666667,0.13055555555555556,0.09305555555555556,0.15
221,720,0.13383270330919142,-0.055618724255737696,-0.05410028423602675,257,3.0767826777062305e-05,0.06677216291427612,159057,3.0445372660954795,0.33194444444444443,0.09305555555555556,0.18333333333333332,0.2111111111111111,0.18055555555555555
222,720,0.1326148257090778,-0.13364533637317078,-0.1250996951001414,256,3.131012700616035e-05,0.06571421027183533,159777,3.056372880935669,0.39444444444444443,0.07222222222222222,0.17916666666666667,0.175,0.17916666666666667
223,720,0.13140803079512517,-0.07694642500378551,-0.07406054051929767,235,2.974471076539784e-05,0.0650678500533104,160497,3.070431729157766,0.4583333333333333,0.12222222222222222,0.17083333333333334,0.13055555555555556,0.11805555555555555
224,720,0.13021221771488953,0.07553541989112454,0.07846142602785333,289,2.8361167372597466e-05,0.06439445912837982,161217,3.084760614236196,0.2513888888888889,0.1125,0.1986111111111111,0.17916666666666667,0.25833333333333336
225,720,0.12902728653368403,-0.09104909705564897,-0.08702711448168976,256,2.86086539959898e-05,0.06382875144481659,161937,3.0971829652786256,0.15694444444444444,0.2,0.18472222222222223,0.10833333333333334,0.35
226,720,0.12785313822622751,-0.12959099395296833,-0.12154534928179284,230,2.98011772246001e-05,0.06370306015014648,162657,3.1097686012585957,0.2763888888888889,0.1388888888888889,0.2222222222222222,0.22777777777777777,0.13472222222222222
227,720,0.12668967466836883,0.3034664643001499,0.3545461645267223,311,3.058510725774492e-05,0.06404990702867508,163377,3.1230002641677856,0.4875,0.15,0.12777777777777777,0.12361111111111112,0.1111111111111111
228,720,0.12553679862888667,-0.26579221355451715,-0.2334016002902689,238,3.0342101943385084e-05,0.06357288360595703,164097,3.1346348484357196,0.38333333333333336,0.075,0.1527777777777778,0.1986111111111111,0.19027777777777777
229,720,0.1243944137613638,0.023832473068847854,0.024118736049744793,232,3.025150416470347e-05,0.06515227258205414,164817,3.1468852957089744,0.2777777777777778,0.12083333333333333,0.26805555555555555,0.23055555555555557,0.10277777777777777
230,720,0.12326242459613539,-0.31032298640929573,-0.2667898989219538,247,3.1340062908056e-05,0.06604740023612976,165537,3.1606414834658305,0.4527777777777778,0.08611111111111111,0.10555555555555556,0.1361111111111111,0.21944444444444444
231,720,0.12214073653231056,-0.02981139157533168,-0.029371414986200994,255,3.073736872920563e-05,0.06585834920406342,166257,3.1812890489896137,0.4513888888888889,0.1125,0.18888888888888888,0.18194444444444444,0.06527777777777778
232,720,0.12102925582986652,-0.057972199388024385,-0.05632381815250587,283,2.9803350922621676e-05,0.06566576659679413,166977,3.195175115267436,0.25555555555555554,0.15,0.11666666666666667,0.2916666666666667,0.18611111111111112
233,720,0.11992788960181475,-0.10422225385320648,-0.0989749811165902,305,3.1271825680000296e-05,0.06535854935646057,167697,3.2094030300776164,0.28194444444444444,0.14583333333333334,0.15694444444444444,0.15,0.2652777777777778
234,720,0.11883654580643824,-0.20810292908268097,-0.1878765587110247,232,3.0425470646378018e-05,0.06522512435913086,168417,3.2231296141942343,0.20277777777777778,0.1597222222222222,0.2375,0.1763888888888889,0.22361111111111112
235,720,0.11775513323959964,-0.22686623381960122,-0.2029726095306067,281,3.0602425806591785e-05,0.06378902494907379,169137,3.2364127318064373,0.3527777777777778,0.19027777777777777,0.12361111111111112,0.19722222222222222,0.1361111111111111
236,720,0.11668356152711928,-0.057364913858130154,-0.05575056321527028,222,3.057363278710707e-05,0.06355900317430496,169857,3.249429245789846,0.5166666666666667,0.09722222222222222,0.08194444444444444,0.15,0.15416666666666667
237,720,0.1156217411172225,-0.22052817971544772,-0.19790496426671145,267,3.022216499175556e-05,0.06363223493099213,170577,3.261174984773,0.26944444444444443,0.20694444444444443,0.16805555555555557,0.21805555555555556,0.1375
238,720,0.11456958327305578,-0.07343960637868505,-0.07080773861744682,263,3.0963932186346535e-05,0.06267563998699188,171297,3.274730181694031,0.34444444444444444,0.1125,0.1763888888888889,0.19722222222222222,0.16944444444444445
239,720,0.11352700006527097,0.022699799578355273,0.022959400604517732,268,3.0950496362594195e-05,0.06326604634523392,172017,3.2880590319633485,0.2833333333333333,0.2263888888888889,0.18611111111111112,0.15416666666666667,0.15
240,720,0.112493904364677,0.1672651392105228,0.18206763624292255,240,3.1514069721399413e-05,0.06298194825649261,172737,3.3008228818575542,0.5027777777777778,0.08194444444444444,0.08472222222222223,0.1527777777777778,0.17777777777777778
241,720,0.11147020983495844,0.039590136156495793,0.04038427089822738,239,3.095374558420695e-05,0.06289888173341751,173457,3.323451880613963,0.2569444444444444,0.23194444444444445,0.21388888888888888,0.1486111111111111,0.1486111111111111
242,720,0.11045583092546031,0.123880308239837,0.13188038613542052,199,3.155256433539459e-05,0.06327217817306519,174177,3.3374070127805076,0.37083333333333335,0.19444444444444445,0.14583333333333334,0.1111111111111111,0.17777777777777778
243,720,0.10945068286403863,0.2518163885173947,0.2863598251652133,227,3.170978077314936e-05,0.06141611188650131,174897,3.349219032128652,0.37083333333333335,0.16666666666666666,0.15,0.13055555555555556,0.18194444444444444
244,720,0.10845468164997588,-0.1584875007350177,-0.1465663689826311,238,3.1314143257077376e-05,0.061442822217941284,175617,3.3625958800315856,0.44305555555555554,0.1763888888888889,0.15694444444444444,0.10833333333333334,0.11527777777777778
245,720,0.10746774404696109,-0.11576270430829758,-0.10931344569549506,204,3.1800066869891454e-05,0.06150325387716293,176337,3.3768267154693605,0.41805555555555557,0.10972222222222222,0.23472222222222222,0.06111111111111111,0.1763888888888889
246,720,0.10648978757613374,-0.06398837866178106,-0.061984099532576664,184,3.147436579398446e-05,0.0609317347407341,177057,3.389302130540212,0.40694444444444444,0.08611111111111111,0.15833333333333333,0.2263888888888889,0.12222222222222222
247,720,0.10552073050919092,0.05545751787901833,0.05702411149240327,230,3.2107078319162004e-05,0.06077531725168228,177777,3.4005935827891034,0.20833333333333334,0.08055555555555556,0.12916666666666668,0.2,0.3819444444444444
248,720,0.10456049186155728,-0.009211889232997915,-0.009169589767022646,198,3.218009489387441e-05,0.060590289533138275,178497,3.4138417998949686,0.28055555555555556,0.14166666666666666,0.22361111111111112,0.29583333333333334,0.058333333333333334
249,720,0.1036089913856171,-0.08259711052559361,-0.07927797828420413,162,3.0593067600016686e-05,0.061317555606365204,179217,3.425536096096039,0.45555555555555555,0.10833333333333334,0.10555555555555556,0.19444444444444445,0.1361111111111111
250,720,0.10266614956400799,-0.18056305501696682,-0.16519995929337905,223,3.0774359777296924e-05,0.06226147338747978,179937,3.44001061518987,0.49583333333333335,0.15833333333333333,0.0625,0.2375,0.04583333333333333
251,720,0.10173188760297552,-0.07619607213180647,-0.07336549845580453,289,3.124054556893599e-05,0.061611566692590714,180657,3.460294250647227,0.3597222222222222,0.19722222222222222,0.18888888888888888,0.07777777777777778,0.1763888888888889
252,720,0.10080612742578844,-0.2446113287466613,-0.2169911878768367,314,3.055609708061032e-05,0.06137070059776306,181377,3.473016444842021,0.39444444444444443,0.09861111111111111,0.13194444444444445,0.2,0.175
253,720,0.09988879166621377,0.15162471590085788,0.16372342757535785,290,3.0623567560420877e-05,0.060022227466106415,182097,3.4864391167958577,0.3486111111111111,0.07916666666666666,0.2111111111111111,0.1625,0.1986111111111111
254,720,0.09897980366205122,-0.014187000943791567,-0.014086839668063567,276,3.0675584523957394e-05,0.060517508536577225,182817,3.501259950796763,0.16666666666666666,0.20555555555555555,0.2652777777777778,0.24444444444444444,0.11805555555555555
255,720,0.09807908744872657,-0.09513474917936153,-0.09074959453289644,278,3.037702441083133e-05,0.059335123747587204,183537,3.5170910676320393,0.4027777777777778,0.11944444444444445,0.1638888888888889,0.18333333333333332,0.13055555555555556
256,720,0.09718656775294315,0.08967479440367386,0.093818509957734,223,2.9681496948165255e-05,0.0588122233748436,184257,3.5299094637235005,0.44583333333333336,0.13194444444444445,0.13472222222222222,0.09861111111111111,0.18888888888888888
257,720,0.09630216998639138,0.13104834562034887,0.1400228950938014,242,2.930667578387632e-05,0.05803574249148369,184977,3.5422560652097066,0.35833333333333334,0.15555555555555556,0.1763888888888889,0.20694444444444443,0.10277777777777777
258,720,0.09542582023951522,-0.18537788032670235,-0.16920971477549052,253,2.9688604490729632e-05,0.0590968132019043,185697,3.5542930006980895,0.38472222222222224,0.058333333333333334,0.225,0.17083333333333334,0.16111111111111112
259,720,0.09455744527533563,-0.011966669721706088,-0.011895353884069704,198,2.900642538811048e-05,0.05938081443309784,186417,3.568714996178945,0.21805555555555556,0.20416666666666666,0.19583333333333333,0.08888888888888889,0.29305555555555557
260,720,0.09369697252333008,0.12339298272276719,0.1313289263221138,238,2.895324685394169e-05,0.05887467414140701,187137,3.583772134780884,0.25555555555555554,0.10555555555555556,0.20833333333333334,0.23194444444444445,0.1986111111111111
261,720,0.09284433007336777,-0.020679236199834836,-0.020466887053252503,208,2.9138352917041427e-05,0.058384448289871216,187857,3.604559298356374,0.20972222222222223,0.20416666666666666,0.2611111111111111,0.1111111111111111,0.21388888888888888
262,720,0.09199944666970013,0.19605848648651034,0.21659805779946106,243,3.0577102426023984e-05,0.058801352977752686,188577,3.6174009164174397,0.4361111111111111,0.1736111111111111,0.1375,0.10833333333333334,0.14444444444444443
263,720,0.09116225170500586,0.10614616816721874,0.11198440135018317,234,2.9753285871770962e-05,0.059210870414972305,189297,3.631087080637614,0.3680555555555556,0.1597222222222222,0.1486111111111111,0.1736111111111111,0.15
264,720,0.0903326752144903,-0.24333941219192493,-0.21599463237281846,208,2.7975201615820172e-05,0.05831991881132126,190017,3.643654449780782,0.39166666666666666,0.19444444444444445,0.18611111111111112,0.17222222222222222,0.05555555555555555
265,720,0.08951064787003844,0.08457020614591644,0.08824924333529927,287,2.7663710215443238e-05,0.05733887851238251,190737,3.6555877486864725,0.22916666666666666,0.12916666666666668,0.14166666666666666,0.19305555555555556,0.30694444444444446
266,720,0.0886961009744211,0.0793968496831603,0.0826338797419166,219,2.8147891144827656e-05,0.056451939046382904,191457,3.670606966813405,0.2777777777777778,0.19583333333333333,0.2625,0.14583333333333334,0.11805555555555555
267,720,0.08788896645555387,-0.06886129797810224,-0.06654385664597873,266,2.8741886282861945e-05,0.05631561949849129,192177,3.6885600487391152,0.19166666666666668,0.16111111111111112,0.13472222222222222,0.2638888888888889,0.24861111111111112
268,720,0.08708917686080833,-0.00591011039271826,-0.005892680045620158,239,2.903600206612585e-05,0.05527824908494949,192897,3.7051130294799806,0.22916666666666666,0.14166666666666666,0.19444444444444445,0.15694444444444444,0.2777777777777778
269,720,0.08629666535137498,0.023985719817504376,0.024275690942392236,220,2.8656111528688497e-05,0.05504421144723892,193617,3.7183955311775208,0.24583333333333332,0.25416666666666665,0.18888888888888888,0.1111111111111111,0.2
270,720,0.08551136569667747,0.03255521839947695,0.03309093719708356,246,2.9453587497603925e-05,0.05613338202238083,194337,3.7307108004887897,0.1638888888888889,0.15694444444444444,0.23333333333333334,0.19444444444444445,0.2513888888888889
271,720,0.0847332122688377,-0.05132075022120136,-0.05002608268390718,232,2.813710571811296e-05,0.05530242994427681,195057,3.7550687829653424,0.2722222222222222,0.13472222222222222,0.24583333333333332,0.15555555555555556,0.19166666666666668
272,720,0.08396214003719128,0.09412376130799749,0.09869571352183337,238,2.7671939461192274e-05,0.055170830339193344,195777,3.7685202161471048,0.3972222222222222,0.09583333333333334,0.20416666666666666,0.1388888888888889,0.1638888888888889
273,720,0.08319808456285284,-0.10584175696281896,-0.10043301297426899,190,2.842709022653859e-05,0.055183060467243195,196497,3.7811540007591247,0.2625,0.034722222222222224,0.19444444444444445,0.2916666666666667,0.21666666666666667
274,720,0.08244098199333087,-0.37775576284753787,-0.31460212014859057,217,2.6759878918862037e-05,0.05500461533665657,197217,3.7930422465006512,0.2638888888888889,0.14583333333333334,0.25833333333333336,0.13194444444444445,0.2
275,720,0.08169076905719157,-0.07724591699876449,-0.07433781045310883,259,2.8424103837525964e-05,0.05491410195827484,197937,3.8044949650764464,0.21944444444444444,0.13055555555555556,0.1486111111111111,0.06944444444444445,0.43194444444444446
276,720,0.08094738305877112,0.08431746133378203,0.08797422874045746,219,2.7364899098832516e-05,0.054096758365631104,198657,3.815940562884013,0.2111111111111111,0.1625,0.23194444444444445,0.17916666666666667,0.2152777777777778
277,720,0.08021076187293631,-0.11689267965111733,-0.11031933112014591,228,2.8771186987341934e-05,0.05487924814224243,199377,3.8279473304748537,0.36944444444444446,0.14166666666666666,0.18611111111111112,0.12916666666666668,0.1736111111111111
278,720,0.07948084393989259,-0.16487881954348746,-0.15200354154016427,271,2.8162605927188147e-05,0.054298676550388336,200097,3.842111929257711,0.28888888888888886,0.17083333333333334,0.14722222222222223,0.23194444444444445,0.16111111111111112
279,720,0.07875756826003957,0.10985057865126434,0.11611128714482444,209,2.7998460883635643e-05,0.054486826062202454,200817,3.8551762143770856,0.30416666666666664,0.09444444444444444,0.2222222222222222,0.3236111111111111,0.05555555555555555
280,720,0.07804087438887321,-0.13814666000921735,-0.12902905422852162,205,2.797576950683833e-05,0.053326934576034546,201537,3.8676151672999066,0.41388888888888886,0.14722222222222223,0.1125,0.24027777777777778,0.08611111111111111
281,720,0.07733070243193446,-0.09706379309865798,-0.09250188782992608,188,2.6606884128770818e-05,0.05347160995006561,202257,3.8890488465627033,0.3736111111111111,0.09166666666666666,0.15694444444444444,0.17083333333333334,0.20694444444444443
282,720,0.07662699303980386,0.04085606041657966,0.041702152579764284,195,2.9423590931148486e-05,0.05409476161003113,202977,3.900840497016907,0.19166666666666668,0.07361111111111111,0.2111111111111111,0.2777777777777778,0.24583333333333332
283,720,0.07592968740314164,-0.11514693247356855,-0.10876481710410002,205,2.7979649535660024e-05,0.05370008945465088,203697,3.9127007285753885,0.28194444444444444,0.1,0.23333333333333334,0.22916666666666666,0.15555555555555556
284,720,0.07523872724777306,0.03930109580753719,0.04008360132042865,252,2.7194527662130794e-05,0.05301763862371445,204417,3.926153047879537,0.3263888888888889,0.23194444444444445,0.1388888888888889,0.13194444444444445,0.17083333333333334
285,720,0.07455405482981832,-0.10433137387324587,-0.09907329562057043,195,2.8553227197234163e-05,0.05299435928463936,205137,3.9392110149065656,0.37083333333333335,0.1486111111111111,0.06944444444444445,0.3013888888888889,0.10972222222222222
286,720,0.07387561293086697,0.01262831610346495,0.012708389998409952,259,2.8411769262801397e-05,0.05219325050711632,205857,3.9519257664680483,0.2833333333333333,0.16527777777777777,0.21805555555555556,0.075,0.25833333333333336
287,720,0.07320334485319609,0.07001285386691994,0.07252196722024884,232,2.9256824733339374e-05,0.0512068048119545,206577,3.9635228673617044,0.43472222222222223,0.23333333333333334,0.12638888888888888,0.10833333333333334,0.09722222222222222
288,720,0.07253719441503201,-0.19509610123368398,-0.17724441357023646,262,2.7722940976420633e-05,0.05234362930059433,207297,3.977409831682841,0.11805555555555555,0.07222222222222222,0.19722222222222222,0.24027777777777778,0.37222222222222223
289,720,0.07187710594585521,-0.12140787478655615,-0.11432735762817459,223,2.8483875975856184e-05,0.052189577370882034,208017,3.991873613993327,0.24583333333333332,0.22083333333333333,0.2388888888888889,0.14722222222222223,0.14722222222222223
290,720,0.07122302428174793,-0.04807676971897224,-0.04693938192685265,242,2.9664586338008625e-05,0.05274681746959686,208737,4.004654916127523,0.2611111111111111,0.13194444444444445,0.19722222222222222,0.07916666666666666,0.33055555555555555
291,720,0.07057489476078402,0.2204683030927974,0.24666040883267581,214,2.915620190404095e-05,0.05339252948760986,209457,4.02779260079066,0.18194444444444444,0.19583333333333333,0.225,0.06527777777777778,0.33194444444444443
292,720,0.06993266321846088,-0.124161746584591,-0.11676303123455911,233,3.0318595946078452e-05,0.05224449187517166,210177,4.039978778362274,0.42083333333333334,0.18472222222222223,0.1763888888888889,0.04861111111111111,0.16944444444444445
293,720,0.06929627598317288,-0.017461551398547853,-0.017309982004416025,261,3.0162297774596583e-05,0.05260768160223961,210897,4.052730830510457,0.5125,0.16805555555555557,0.16111111111111112,0.06111111111111111,0.09722222222222222
294,720,0.068665679871726,-0.11550668512263478,-0.1090853836562955,255,2.9438237701621497e-05,0.05262964963912964,211617,4.0657277464866635,0.1763888888888889,0.16805555555555557,0.2972222222222222,0.1875,0.17083333333333334
295,720,0.0680408221848933,-0.20430240322987445,-0.18478418998526935,269,2.993757050578299e-05,0.05134452506899834,212337,4.079606382052104,0.35694444444444445,0.19444444444444445,0.16666666666666666,0.1625,0.11944444444444445
296,720,0.06742165070301076,-0.20510745653054502,-0.18544021805966704,230,3.0789123269414634e-05,0.051373954862356186,213057,4.092929363250732,0.24444444444444444,0.14583333333333334,0.3277777777777778,0.1361111111111111,0.14583333333333334
297,720,0.06680811368161337,-0.01916955729986133,-0.0189869897770365,241,3.0462524102858878e-05,0.05110330879688263,213777,4.107120231787364,0.3458333333333333,0.09861111111111111,0.2388888888888889,0.03888888888888889,0.2777777777777778
298,720,0.06620015984711068,0.1871241901508473,0.2057770213820176,188,2.9686888811081897e-05,0.05100778490304947,214497,4.119775398572286,0.23333333333333334,0.1375,0.16944444444444445,0.23055555555555557,0.22916666666666666
299,720,0.06559773839250198,-0.19974833736389658,-0.18106317705348318,192,3.0224378915338295e-05,0.051962193101644516,215217,4.137305231889089,0.1527777777777778,0.1638888888888889,0.2916666666666667,0.07777777777777778,0.3138888888888889
300,720,0.06500079897313021,-0.10796135134280631,-0.10233771079789489,155,3.183351387671489e-05,0.05232948064804077,215937,4.159969250361125,0.12222222222222222,0.05555555555555555,0.41805555555555557,0.025,0.37916666666666665
301,720,0.06440929170247472,0.04964488431403567,0.05089783979805662,272,2.951410818165338e-05,0.05310071259737015,216657,4.186697363853455,0.3486111111111111,0.09305555555555556,0.27361111111111114,0.1763888888888889,0.10833333333333334
302,720,0.06382316714798221,-0.24628726828014727,-0.21830236426706429,198,3.0239936573808437e-05,0.05250661075115204,217377,4.203618733088176,0.3277777777777778,0.2916666666666667,0.10555555555555556,0.1597222222222222,0.11527777777777778
303,720,0.06324237632693558,-0.14864210675755007,-0.13812248015218542,207,2.9743637716390166e-05,0.05172786861658096,218097,4.216711048285166,0.2152777777777778,0.15833333333333333,0.21944444444444444,0.10972222222222222,0.2972222222222222
304,720,0.06266687070236046,0.1126846034558353,0.11927886058802639,165,2.8594240588593797e-05,0.05196459963917732,218817,4.2294261654218035,0.24444444444444444,0.11527777777777778,0.2152777777777778,0.3388888888888889,0.08611111111111111
305,720,0.06209660217896898,0.09062475848608556,0.09485809195947659,245,2.9863479050441634e-05,0.051460765302181244,219537,4.24289011557897,0.22083333333333333,0.17083333333333334,0.21666666666666667,0.14722222222222223,0.24444444444444444
306,720,0.06153152309914036,0.19269206569167655,0.21250936279403598,186,3.073830070232159e-05,0.050864748656749725,220257,4.261449448267618,0.37916666666666665,0.1527777777777778,0.23055555555555557,0.07361111111111111,0.1638888888888889
307,720,0.06097158623893818,-0.13989943767481944,-0.13055433551966633,219,2.9620932092989785e-05,0.051116202026605606,220977,4.277857498327891,0.35694444444444445,0.13333333333333333,0.13333333333333333,0.22916666666666666,0.14722222222222223
308,720,0.06041674480416385,0.0399646243243533,0.04077395545928009,179,2.8334447212804054e-05,0.050531867891550064,221697,4.289799865086874,0.35,0.225,0.14444444444444443,0.20833333333333334,0.07222222222222222
309,720,0.059866952426445956,-0.1331973722792211,-0.12470768338072913,225,2.886771813766447e-05,0.04998397082090378,222417,4.3015323321024574,0.28888888888888886,0.16527777777777777,0.16111111111111112,0.20694444444444443,0.17777777777777778
310,720,0.059322163159365296,-0.1379751547423995,-0.12887966531394957,224,2.889818256903709e-05,0.049850694835186005,223137,4.315952014923096,0.31805555555555554,0.04722222222222222,0.20833333333333334,0.24861111111111112,0.17777777777777778
311,720,0.05878233147461507,-0.26346454916029394,-0.23161513815503432,184,2.8961163836053552e-05,0.04994428902864456,223857,4.337330778439839,0.10416666666666667,0.10138888888888889,0.27361111111111114,0.2388888888888889,0.28194444444444444
312,720,0.058247412258196074,0.020950533669535434,0.021171536779446498,224,2.8967469311030273e-05,0.05005344748497009,224577,4.35075486501058,0.37083333333333335,0.18611111111111112,0.08611111111111111,0.19583333333333333,0.16111111111111112
313,720,0.05771736080664649,0.016255517589788215,0.016388357332664416,210,2.9939211604338804e-05,0.05001237243413925,225297,4.363591881593068,0.3055555555555556,0.1736111111111111,0.0625,0.14722222222222223,0.3111111111111111
314,720,0.057192132823306006,0.1916960424200179,0.2113022764944048,196,2.932362550735787e-05,0.049121446907520294,226017,4.376633783181508,0.3861111111111111,0.15694444444444444,0.14444444444444443,0.13333333333333333,0.17916666666666667
315,720,0.05667168441461392,-0.12847541482206065,-0.12056481677689457,173,2.8982863317297518e-05,0.0493147037923336,226737,4.388858596483867,0.12777777777777777,0.1111111111111111,0.30416666666666664,0.2361111111111111,0.22083333333333333
316,720,0.056155972086440936,0.25441028056295034,0.2897008349194792,310,3.058376411217978e-05,0.04885333031415939,227457,4.401805611451467,0.37083333333333335,0.17777777777777778,0.1,0.12083333333333333,0.23055555555555557
317,720,0.05564495274045432,-0.1312143399509777,-0.1229702282747539,240,3.0766551829704744e-05,0.04822833091020584,228177,4.414481178919474,0.39444444444444443,0.2125,0.08888888888888889,0.20833333333333334,0.09583333333333334
318,720,0.05513858367051619,0.2048194016562484,0.22730339598665905,152,2.9677002867679727e-05,0.048177238553762436,228897,4.426248931884766,0.5222222222222223,0.08055555555555556,0.09444444444444444,0.15416666666666667,0.1486111111111111
319,720,0.05463682255911449,-0.12773805530626867,-0.11991611774321209,152,3.134405152549233e-05,0.049972981214523315,229617,4.438413480917613,0.24305555555555555,0.08611111111111111,0.18194444444444444,0.2861111111111111,0.20277777777777778
320,720,0.05413962747382655,-0.028681918435773723,-0.028274496717692332,224,3.1893268667696856e-05,0.049243271350860596,230337,4.450381032625834,0.2777777777777778,0.19305555555555556,0.19722222222222222,0.2111111111111111,0.12083333333333333
321,720,0.05364695686381473,-0.034117895933597646,-0.03354244349527569,238,3.138360891373142e-05,0.04909149184823036,231057,4.478109232584635,0.31527777777777777,0.19444444444444445,0.12361111111111112,0.175,0.19166666666666668
322,720,0.05315876955635402,-0.16562090371586452,-0.1526325928568365,197,3.1349188805052106e-05,0.048568740487098694,231777,4.492121764024099,0.3416666666666667,0.1,0.11805555555555555,0.26805555555555555,0.17222222222222222
323,720,0.0526750247533912,-0.10559569855453867,-0.10021163971904223,205,3.150746520203837e-05,0.04857014864683151,232497,4.504995965957642,0.2638888888888889,0.12083333333333333,0.10416666666666667,0.19305555555555556,0.31805555555555554
324,720,0.052195682028135335,0.10597596748255886,0.1117951569489628,166,3.177974511901185e-05,0.048411570489406586,233217,4.52039882739385,0.42083333333333334,0.1111111111111111,0.08472222222222223,0.27361111111111114,0.10972222222222222
325,720,0.0517207013216793,-0.05091136857351956,-0.049637101180868504,199,3.3113394240065946e-05,0.04862001910805702,233937,4.535211066404979,0.1527777777777778,0.14583333333333334,0.25416666666666665,0.26944444444444443,0.17777777777777778
326,720,0.05125004293965202,0.12321101489969762,0.13112307958952485,229,3.2286011153499e-05,0.048388198018074036,234657,4.548969864845276,0.19166666666666668,0.10694444444444444,0.20277777777777778,0.24444444444444444,0.25416666666666665
327,720,0.050783667548901186,-0.02620263233238481,-0.025862322181300912,204,3.0737023014479646e-05,0.0475313700735569,235377,4.562701447804769,0.21944444444444444,0.16527777777777777,0.13472222222222222,0.17777777777777778,0.30277777777777776
328,720,0.050321536174206184,0.10969706592232004,0.1159399630058835,186,3.118538655510545e-05,0.04742175340652466,236097,4.575980714956919,0.10138888888888889,0.18472222222222223,0.4263888888888889,0.09722222222222222,0.19027777777777777
329,720,0.049863610195020905,-0.040492594773261746,-0.03968372415515409,217,3.248812730589634e-05,0.04820254445075989,236817,4.587940466403961,0.21666666666666667,0.08333333333333333,0.17916666666666667,0.20833333333333334,0.3125
330,720,0.049409851342246215,-0.18772161780625557,-0.17115458907693892,229,3.4089619833189825e-05,0.04822196438908577,237537,4.601430833339691,0.32916666666666666,0.15555555555555556,0.19444444444444445,0.044444444444444446,0.2763888888888889
331,720,0.04896022169503177,-0.0704021810280169,-0.06798109580201017,236,3.265452264081937e-05,0.04835567623376846,238257,4.624178898334503,0.30277777777777776,0.14583333333333334,0.08472222222222223,0.24166666666666667,0.225
332,720,0.04851468367760699,-0.06389325614687837,-0.061894868857250374,236,3.136863317839319e-05,0.04804633930325508,238977,4.63721311489741,0.12777777777777777,0.11388888888888889,0.125,0.25277777777777777,0.38055555555555554
333,720,0.04807320005614076,-0.08122769026066458,-0.07801625917461796,282,3.1909241537656875e-05,0.047536350786685944,239697,4.649927500883738,0.38055555555555554,0.21805555555555556,0.15138888888888888,0.1125,0.1375
334,720,0.04763573393562988,0.05950535615168717,0.06131144550940415,246,3.2656588715932836e-05,0.047493938356637955,240417,4.663702750205994,0.30972222222222223,0.10138888888888889,0.16666666666666666,0.25277777777777777,0.16944444444444445
335,720,0.04720224875681565,0.0022818443329324315,0.0022844497210321446,184,3.075751858306022e-05,0.047617606818675995,241137,4.677411397298177,0.16527777777777777,0.15694444444444444,0.08888888888888889,0.20833333333333334,0.38055555555555554
336,720,0.04677270829312862,-0.09924779204042401,-0.09448170000576195,206,3.064948271255869e-05,0.047997888177633286,241857,4.694111982981364,0.1597222222222222,0.18333333333333332,0.19027777777777777,0.15138888888888888,0.31527777777777777
337,720,0.046347076647661155,0.10347438431170192,0.10901738475757128,234,3.138883034934123e-05,0.04724259674549103,242577,4.708600914478302,0.3611111111111111,0.16111111111111112,0.2152777777777778,0.09027777777777778,0.17222222222222222
338,720,0.045925318250167435,0.1491950151487709,0.16089936009690842,187,3.277437387383644e-05,0.04793020337820053,243297,4.722320783138275,0.35555555555555557,0.044444444444444446,0.08611111111111111,0.33194444444444443,0.18194444444444444
339,720,0.045507397854090914,-0.0011655903251134962,-0.0011649112885593338,230,3.377475489085353e-05,0.047920405864715576,244017,4.735851383209228,0.375,0.15555555555555556,0.03888888888888889,0.1763888888888889,0.25416666666666665
340,720,0.04509328053361869,-0.13324632058940758,-0.12475052641199147,207,3.32724116169124e-05,0.047537662088871,244737,4.7480181137720745,0.4986111111111111,0.1638888888888889,0.06944444444444445,0.10694444444444444,0.16111111111111112
341,720,0.04468293168076276,0.021671855541875343,0.021908395868675656,287,3.3806435302115766e-05,0.04839722067117691,245457,4.773248513539632,0.21805555555555556,0.25555555555555554,0.11805555555555555,0.16944444444444445,0.2388888888888889
342,720,0.04427631700246782,-0.04723430535196398,-0.046136124005950685,158,3.4791971869986404e-05,0.0478171780705452,246177,4.7882214466730755,0.05138888888888889,0.17916666666666667,0.20972222222222223,0.29583333333333334,0.2638888888888889
343,720,0.043873402517745366,-0.09953864700288753,-0.09474503619874053,219,3.3272977918841204e-05,0.04850515350699425,246897,4.802776312828064,0.3013888888888889,0.18333333333333332,0.14583333333333334,0.25277777777777777,0.11666666666666667
344,720,0.04347415455483388,-0.03687074846521335,-0.036199299981502286,150,3.4585948224553755e-05,0.0474357008934021,247617,4.816932598749797,0.12222222222222222,0.18888888888888888,0.17222222222222222,0.2902777777777778,0.2263888888888889
345,720,0.043078539748384895,-0.029099488756533204,-0.028680175742133884,204,3.3563116524091026e-05,0.04709337651729584,248337,4.834135480721792,0.24444444444444444,0.10694444444444444,0.09305555555555556,0.24305555555555555,0.3125
346,720,0.04268652503667459,0.283525183380015,0.3278023184431904,179,3.4228902849993875e-05,0.04672178253531456,249057,4.852510118484497,0.2111111111111111,0.20833333333333334,0.11805555555555555,0.30416666666666664,0.15833333333333333
347,720,0.04229807765884085,-0.45040930370498544,-0.3626327785396045,219,3.505178541255797e-05,0.0467803031206131,249777,4.867000766595205,0.3625,0.08194444444444444,0.075,0.22361111111111112,0.2569444444444444
348,720,0.0419131651521454,-0.09104977825234964,-0.08702773639559369,184,3.432966010703037e-05,0.04659556224942207,250497,4.87884548107783,0.18194444444444444,0.075,0.09166666666666666,0.3347222222222222,0.31666666666666665
349,720,0.04153175534926088,-0.027266508521724353,-0.026898132976952538,205,3.600415348046226e-05,0.04710528254508972,251217,4.89162369966507,0.08888888888888889,0.11944444444444445,0.21944444444444444,0.35138888888888886,0.22083333333333333
350,720,0.04115381637558261,-0.12075152606124671,-0.11374585670549342,171,3.6202598708238534e-05,0.047012809664011,251937,4.9052059332529705,0.38055555555555554,0.10416666666666667,0.03611111111111111,0.27361111111111114,0.20555555555555555
351,720,0.040779316646564805,-0.018340547251839992,-0.018173382936796267,252,3.532067227701595e-05,0.0473628044128418,252657,4.927881364027659,0.12222222222222222,0.3236111111111111,0.10555555555555556,0.26805555555555555,0.18055555555555555
352,720,0.04040822486508106,0.21656125958324438,0.24179915512251893,238,3.521043229410578e-05,0.047086477279663086,253377,4.940681048234304,0.14305555555555555,0.21666666666666667,0.15,0.29583333333333334,0.19444444444444445
353,720,0.040040510018808824,0.10226010119228415,0.10767154095119436,232,3.607649766258368e-05,0.048340655863285065,254097,4.953391683101654,0.25972222222222224,0.13333333333333333,0.05416666666666667,0.2625,0.2902777777777778
354,720,0.03967614137763766,0.019089907592796742,0.01927328490539426,254,3.682237646166363e-05,0.04824071004986763,254817,4.9667383154233296,0.2638888888888889,0.18888888888888888,0.14305555555555555,0.23333333333333334,0.17083333333333334
355,720,0.03931508849110116,-0.012240720590716857,-0.012166107719158048,323,3.624642285760476e-05,0.04916424676775932,255537,4.979190313816071,0.12083333333333333,0.14166666666666666,0.21666666666666667,0.125,0.3958333333333333
356,720,0.03895732118583214,0.15368071724721616,0.16611850580758714,186,3.595023425001879e-05,0.04956919327378273,256257,4.993430165449778,0.4652777777777778,0.24305555555555555,0.043055555555555555,0.1638888888888889,0.08472222222222223
357,720,0.03860280956304107,0.13990364496812704,0.1501629695282436,242,3.652107578646893e-05,0.04888271912932396,256977,5.004847598075867,0.3055555555555556,0.17083333333333334,0.1375,0.2111111111111111,0.175
358,720,0.038251523996017396,-0.13497617387987385,-0.12626327080369937,247,3.565648346403173e-05,0.04935652017593384,257697,5.016784600416819,0.1986111111111111,0.15138888888888888,0.23055555555555557,0.1625,0.2569444444444444
359,720,0.03790343512765364,0.08566201935030357,0.08943805709202035,162,3.571199281016864e-05,0.048275649547576904,258417,5.03403381506602,0.5138888888888888,0.1111111111111111,0.05416666666666667,0.1486111111111111,0.17222222222222222
360,720,0.037558513867991986,-0.2914978526257662,-0.2528563820017983,181,3.707832571030344e-05,0.048397425562143326,259137,5.054483183224996,0.19166666666666668,0.14305555555555555,0.11527777777777778,0.3111111111111111,0.2388888888888889
361,720,0.03721673139179326,-0.400952524281717,-0.3303181460897314,203,3.520304786661654e-05,0.04849400371313095,259857,5.0828190843264265,0.4263888888888889,0.09444444444444444,0.08888888888888889,0.16944444444444445,0.22083333333333333
362,720,0.03687805913612794,-0.04059336670766325,-0.039780492208075,282,3.607523127458181e-05,0.047872014343738556,260577,5.098206913471222,0.2708333333333333,0.08055555555555556,0.09583333333333334,0.24166666666666667,0.3111111111111111
363,720,0.036542468797989176,-0.13910744520906954,-0.12986546835122104,244,3.81095323304079e-05,0.04709210991859436,261297,5.113524361451467,0.275,0.09583333333333334,0.13194444444444445,0.26805555555555555,0.22916666666666666
364,720,0.03620993233192747,0.12149183739423981,0.12918014883515383,272,3.767735398822778e-05,0.04686218500137329,262017,5.127746331691742,0.325,0.1736111111111111,0.09166666666666666,0.2152777777777778,0.19444444444444445
365,720,0.03588042194770693,-0.1868785246742399,-0.1704555005465288,203,3.557578840198201e-05,0.04613616317510605,262737,5.141321134567261,0.4638888888888889,0.12638888888888888,0.0375,0.16527777777777777,0.20694444444444443
366,720,0.0355539101079828,0.0577321903260792,0.05943123178189791,183,3.665166031573285e-05,0.0458056777715683,263457,5.155016915003459,0.4097222222222222,0.1486111111111111,0.030555555555555555,0.1638888888888889,0.24722222222222223
367,720,0.03523036952600015,0.04242127744557979,0.043333919229462836,220,3.819604993774798e-05,0.045627593994140625,264177,5.171553214391072,0.15,0.13055555555555556,0.09722222222222222,0.35833333333333334,0.2638888888888889
368,720,0.03490977316331355,0.15469721739523237,0.16730446810465383,221,3.868060592569438e-05,0.04552438110113144,264897,5.187557629744211,0.3277777777777778,0.18472222222222223,0.0763888888888889,0.23055555555555557,0.18055555555555555
369,720,0.0345920942275274,0.11574079883587093,0.12270482801700222,195,3.762063294314228e-05,0.04520512372255325,265617,5.205185397466024,0.3402777777777778,0.15,0.06666666666666667,0.18194444444444444,0.2611111111111111
370,720,0.0342773061700569,-0.03063180351504103,-0.030167403702397566,230,3.6581883123037387e-05,0.04543963819742203,266337,5.2210338314374285,0.19583333333333333,0.16111111111111112,0.0625,0.22777777777777777,0.3527777777777778
371,720,0.03396538268390938,0.12769824124289897,0.13621008961670245,207,3.657718368938529e-05,0.04533422365784645,267057,5.250710844993591,0.4361111111111111,0.10277777777777777,0.09027777777777778,0.25,0.12083333333333333
372,720,0.03365629770148581,-0.02390249401382581,-0.023619091900044853,206,3.757823932978176e-05,0.045920535922050476,267777,5.264956816037496,0.4111111111111111,0.07361111111111111,0.075,0.26944444444444443,0.17083333333333334
373,720,0.03335002539240229,-0.10491062610056393,-0.09959500830452672,218,3.6622814792508504e-05,0.046254962682724,268497,5.28226128021876,0.15,0.3597222222222222,0.10555555555555556,0.275,0.10972222222222222
374,720,0.03304654016133143,-0.027806071301742705,-0.027423040902438633,256,3.651915315256499e-05,0.046849556267261505,269217,5.298471681276957,0.2763888888888889,0.08333333333333333,0.08194444444444444,0.3333333333333333,0.225
375,720,0.03274581664586331,-0.07543191015780784,-0.07265712898589116,225,3.86259810581022e-05,0.04640843719244003,269937,5.313333666324615,0.5013888888888889,0.09722222222222222,0.05694444444444444,0.1638888888888889,0.18055555555555555
376,720,0.03244782971438596,0.08698774855255077,0.09088331473680111,269,3.652712392939369e-05,0.04635724797844887,270657,5.325478967030843,0.4152777777777778,0.09027777777777778,0.03194444444444444,0.23194444444444445,0.23055555555555557
377,720,0.032152554463985045,0.021755940213576613,0.0219943263133191,270,3.86412660645874e-05,0.04704524576663971,271377,5.338821164766947,0.2861111111111111,0.15138888888888888,0.06388888888888888,0.28194444444444444,0.21666666666666667
378,720,0.03185996621836278,-0.05546588770006354,-0.053955705133250875,252,3.791625299148412e-05,0.04638652503490448,272097,5.352149514357249,0.28055555555555556,0.15694444444444444,0.0763888888888889,0.22083333333333333,0.2652777777777778
379,720,0.03157004052577568,0.016000373696113318,0.016129065129507403,232,3.9119391283293224e-05,0.04664535075426102,272817,5.365072015921275,0.2833333333333333,0.21944444444444444,0.11805555555555555,0.26944444444444443,0.10972222222222222
380,720,0.031282753156991125,-0.08657017957014444,-0.08292881313540001,227,3.830385067355261e-05,0.04745149612426758,273537,5.379854230086009,0.40694444444444444,0.09583333333333334,0.058333333333333334,0.2388888888888889,0.2
381,720,0.030998080103262507,-0.09121667859898479,-0.08718009906781299,282,3.9563493612604364e-05,0.04766412824392319,274257,5.403275831540426,0.3013888888888889,0.11944444444444445,0.06666666666666667,0.3416666666666667,0.17083333333333334
382,720,0.030715997574322817,-0.09945241379762702,-0.09466696979572398,240,3.657653557335531e-05,0.04726795107126236,274977,5.417870597044627,0.3972222222222222,0.15416666666666667,0.05138888888888889,0.21805555555555556,0.17916666666666667
383,720,0.03043648199639648,0.29481398678888243,0.342876542674619,220,3.89313897547557e-05,0.047602951526641846,275697,5.431396965185801,0.3541666666666667,0.18333333333333332,0.07916666666666666,0.21388888888888888,0.16944444444444445
384,720,0.030159510010229273,-0.031013882427544315,-0.030537885504953288,208,3.825223375315545e-05,0.04882391169667244,276417,5.448247996966044,0.42777777777777776,0.14305555555555555,0.0625,0.11388888888888889,0.25277777777777777
385,720,0.029885058469136187,-0.16351331462648108,-0.15084480725790073,207,3.739207876631352e-05,0.048943668603897095,277137,5.462599380811056,0.4583333333333333,0.07777777777777778,0.043055555555555555,0.23333333333333334,0.1875
386,720,0.029613104437067047,-0.03159072303143053,-0.03109694935565832,247,3.701147501513131e-05,0.04803815484046936,277857,5.477214964230855,0.3,0.19583333333333333,0.1,0.2111111111111111,0.19305555555555556
387,720,0.029343625186689738,-0.05830079817081355,-0.05663385805505394,181,3.696709754245199e-05,0.04853407293558121,278577,5.490334379673004,0.6,0.11527777777777778,0.11805555555555555,0.09027777777777778,0.0763888888888889
388,720,0.029076598197490863,0.11473321950136374,0.12157418353620009,113,3.7131142419689744e-05,0.04879431053996086,279297,5.503456262747447,0.5361111111111111,0.10138888888888889,0.027777777777777776,0.24305555555555555,0.09166666666666666
389,720,0.028812001153893697,0.03524159316879138,0.035869937672310614,232,3.573950557691003e-05,0.04786153882741928,280017,5.517389829953512,0.25277777777777777,0.15833333333333333,0.09722222222222222,0.2513888888888889,0.24027777777777778
390,720,0.028549811943393264,-0.13225566800437266,-0.12388302863491873,235,3.549842905891233e-05,0.0476868636906147,280737,5.535544915994008,0.34444444444444444,0.11388888888888889,0.1986111111111111,0.13194444444444445,0.2111111111111111
391,720,0.028290008654708387,0.3473975501806372,0.41537929783314986,189,3.638266852906074e-05,0.047514766454696655,281457,5.561434864997864,0.4305555555555556,0.1,0.15555555555555556,0.17777777777777778,0.1361111111111111
392,720,0.02803256957595054,-0.0954266552032166,-0.09101497146899706,233,3.5747730592877105e-05,0.04751051217317581,282177,5.573105299472809,0.2847222222222222,0.11666666666666667,0.10416666666666667,0.28888888888888886,0.20555555555555555
393,720,0.02777747319280939,0.08170851821316369,0.08513946533713757,275,3.509091574503347e-05,0.04679363965988159,282897,5.5847593983014425,0.2986111111111111,0.18472222222222223,0.10138888888888889,0.12638888888888888,0.28888888888888886
394,720,0.027524698186754824,0.020436792568622016,0.020647053725707742,192,3.559389631264922e-05,0.046958304941654205,283617,5.597292947769165,0.1375,0.20833333333333334,0.08333333333333333,0.25277777777777777,0.31805555555555554
395,720,0.027274223433255355,-0.2260726165698657,-0.20233982378338966,237,3.665372137473039e-05,0.047489240765571594,284337,5.612472065289816,0.12916666666666668,0.23333333333333334,0.23194444444444445,0.21666666666666667,0.18888888888888888
396,720,0.027026028000012733,-0.21703166214258848,-0.19509551609899678,231,3.5666424522181236e-05,0.04693328216671944,285057,5.627106149991353,0.3763888888888889,0.13472222222222222,0.18055555555555555,0.08333333333333333,0.225
397,720,0.02678009114521262,-0.03738666106622813,-0.03669640866416535,224,3.5779706181276396e-05,0.046736638993024826,285777,5.641447730859121,0.17777777777777778,0.10972222222222222,0.23055555555555557,0.175,0.30694444444444446
398,720,0.026536392315791184,-0.034828803965972974,-0.034229261773904174,233,3.5279381309768115e-05,0.046665534377098083,286497,5.655246067047119,0.25972222222222224,0.16111111111111112,0.1375,0.2833333333333333,0.15833333333333333
399,720,0.026294911145717484,-0.04523481779568026,-0.04422697703376033,283,3.3309007697981645e-05,0.046389080584049225,287217,5.6679374496142065,0.11527777777777778,0.09166666666666666,0.19305555555555556,0.11944444444444445,0.48055555555555557
400,720,0.026055627454291456,0.025038237757874983,0.02535432702533158,277,3.297635809518498e-05,0.046321459114551544,287937,5.681116517384847,0.030555555555555555,0.2,0.20972222222222223,0.15555555555555556,0.4041666666666667
401,720,0.025818521244457403,-0.03084122231623941,-0.030370483616961264,183,3.501923866401234e-05,0.046193405985832214,288657,5.704317764441172,0.3125,0.18055555555555555,0.10277777777777777,0.21666666666666667,0.1875
402,720,0.02558357270113284,0.0352299294553846,0.035857855652693615,225,3.265506747362047e-05,0.0462205745279789,289377,5.721467661857605,0.25555555555555554,0.2902777777777778,0.19027777777777777,0.18194444444444444,0.08194444444444444
403,720,0.025350762189552532,-0.1587662351145892,-0.1468042171265127,293,3.3859501389264954e-05,0.04644561558961868,290097,5.73836274544398,0.10972222222222222,0.3138888888888889,0.19305555555555556,0.2111111111111111,0.17222222222222222
404,720,0.025120070253627603,-0.02779489974235553,-0.027412175640492142,267,3.585881056677762e-05,0.04673626646399498,290817,5.755296981334686,0.14166666666666666,0.2722222222222222,0.175,0.1986111111111111,0.2125
405,720,0.02489147761431959,-0.3261254284134356,-0.27828534177016695,311,3.532017576743682e-05,0.046853721141815186,291537,5.775748415788015,0.25,0.11388888888888889,0.19027777777777777,0.2111111111111111,0.23472222222222222
406,720,0.024664965168029282,-0.35512814817187754,-0.2989164051292712,303,3.333909063738045e-05,0.04607938975095749,292257,5.789284765720367,0.1125,0.2013888888888889,0.23194444444444445,0.24444444444444444,0.20972222222222223
407,720,0.024440513985000214,-0.0959676936340815,-0.09150663428628147,192,3.375061081290672e-05,0.04589027166366577,292977,5.801350231965383,0.2722222222222222,0.08333333333333333,0.14583333333333334,0.2388888888888889,0.25972222222222224
408,720,0.02421810530773671,-0.017099381369920928,-0.016954016676373196,218,3.4347020666321744e-05,0.04510049149394035,293697,5.811961162090301,0.14027777777777778,0.1,0.12222222222222222,0.29305555555555557,0.34444444444444444
409,720,0.023997720549436306,-0.014980560935711477,-0.014868910556484316,234,3.297946603184856e-05,0.04424704611301422,294417,5.823418211936951,0.2611111111111111,0.07222222222222222,0.11388888888888889,0.20694444444444443,0.3458333333333333
410,720,0.023779341292436435,0.16042347978941354,0.1740079343690515,151,3.329407161850718e-05,0.044372666627168655,295137,5.83585881392161,0.4125,0.12083333333333333,0.22083333333333333,0.12222222222222222,0.12361111111111112
411,720,0.023562949286675263,-0.03263072986022042,-0.0321040913367171,286,3.377354372686467e-05,0.044675759971141815,295857,5.858827451864879,0.07083333333333333,0.19305555555555556,0.31805555555555554,0.21944444444444444,0.1986111111111111
412,720,0.02334852644816652,-0.057373289319701704,-0.05575847170702197,175,3.4812709743745374e-05,0.04481872543692589,296577,5.8686840812365215,0.25277777777777777,0.18333333333333332,0.11805555555555555,0.29305555555555557,0.1527777777777778
413,720,0.023136054857488205,0.10100840899038173,0.10628594447217488,217,3.313537565898312e-05,0.04448480159044266,297297,5.880073511600495,0.5208333333333334,0.10833333333333334,0.020833333333333332,0.24027777777777778,0.10972222222222222
414,720,0.022925516758285063,-0.03333300493545236,-0.03278358188622421,201,3.2675902285619587e-05,0.043649181723594666,298017,5.893420298894246,0.23333333333333334,0.2,0.1986111111111111,0.18611111111111112,0.18194444444444444
415,720,0.02271689455578467,0.11448432629657232,0.1212950660799077,198,3.269122620331978e-05,0.04408428817987442,298737,5.909677350521088,0.2513888888888889,0.13333333333333333,0.14027777777777778,0.2125,0.2625
416,720,0.022510170815327028,0.21879099511095004,0.24457112805177572,235,3.226896832933966e-05,0.043515779078006744,299457,5.922453566392263,0.29444444444444445,0.1388888888888889,0.12916666666666668,0.20972222222222223,0.22777777777777777
417,720,0.022305328260907552,-0.26199201904039093,-0.23048283483151633,184,3.188361017502454e-05,0.04320025444030762,300177,5.933985396226247,0.3125,0.11944444444444445,0.18055555555555555,0.19583333333333333,0.19166666666666668
418,720,0.022102349773733293,-0.16995793199401749,-0.15629969136052968,199,3.141135542819029e-05,0.042622894048690796,300897,5.945190715789795,0.25,0.12916666666666668,0.07083333333333333,0.2972222222222222,0.25277777777777777
419,720,0.02190121839079232,0.11461581775678585,0.12144251649950455,237,3.226236365208024e-05,0.04245142266154289,301617,5.95519669453303,0.4236111111111111,0.1111111111111111,0.06388888888888888,0.16944444444444445,0.23194444444444445
420,720,0.021701917303436107,-0.023463471395327,-0.02319034448909818,206,3.0914699516415566e-05,0.04284488409757614,302337,5.968991831938426,0.35555555555555557,0.19722222222222222,0.034722222222222224,0.1486111111111111,0.2638888888888889
421,720,0.021504429855974838,0.049633665737625565,0.05088605028647164,197,3.0572845173537647e-05,0.04276954010128975,303057,5.990177631378174,0.375,0.11527777777777778,0.11388888888888889,0.15694444444444444,0.2388888888888889
422,720,0.021308739544285468,0.1205825012414925,0.12815381121652725,224,3.123016396734278e-05,0.0418047271668911,303777,6.001537915070852,0.47638888888888886,0.09027777777777778,0.20694444444444443,0.12361111111111112,0.10277777777777777
423,720,0.02111483001443247,0.0765219775561128,0.07952591541783693,176,3.110060960567454e-05,0.041233211755752563,304497,6.014116851488749,0.38472222222222224,0.1638888888888889,0.1361111111111111,0.1875,0.12777777777777777
424,720,0.020922685061301134,-0.026880378087830267,-0.026522316178334226,252,3.059446810438102e-05,0.04116613045334816,305217,6.028689765930176,0.4111111111111111,0.14166666666666666,0.12916666666666668,0.18333333333333332,0.13472222222222222
425,720,0.020732288627243294,-0.08715793970846133,-0.08346767264745392,213,3.0961237395861944e-05,0.04101257026195526,305937,6.040330982208252,0.4375,0.18194444444444444,0.19583333333333333,0.10694444444444444,0.07777777777777778
426,720,0.02054362480073538,-0.03393186266010525,-0.033362633507549644,224,3.0677591258331125e-05,0.040834277868270874,306657,6.052630615234375,0.3680555555555556,0.075,0.2972222222222222,0.07916666666666666,0.18055555555555555
427,720,0.02035667781504869,0.2735164064547775,0.3145789266148482,245,3.063332015989949e-05,0.04007479548454285,307377,6.066120048364003,0.4222222222222222,0.07222222222222222,0.11805555555555555,0.18194444444444444,0.20555555555555555
428,720,0.020171432046931746,0.18796118993455196,0.20678667897075642,173,3.188581046629224e-05,0.0397210530936718,308097,6.078676648934683,0.3388888888888889,0.02361111111111111,0.06111111111111111,0.29583333333333334,0.28055555555555556
429,720,0.019987872015304668,0.2735657368871085,0.3146437769611654,229,2.951976977290845e-05,0.04001146927475929,308817,6.091660432020823,0.49027777777777776,0.0625,0.15,0.11527777777777778,0.18194444444444444
430,720,0.019805982379965396,-0.022295887496933196,-0.022049171185383742,259,2.9672989199980293e-05,0.03980071097612381,309537,6.103380346298218,0.32222222222222224,0.15,0.1,0.2722222222222222,0.15555555555555556
431,720,0.01962574794030771,0.21722530592638187,0.24262404116136072,244,3.119601081241146e-05,0.03975651413202286,310257,6.122521714369456,0.5138888888888888,0.08194444444444444,0.15833333333333333,0.09583333333333334,0.15
432,720,0.01944715363405091,-0.15917644954981297,-0.1471541385763978,186,2.7763051073432306e-05,0.03978519141674042,310977,6.1339202960332235,0.3416666666666667,0.06388888888888888,0.013888888888888888,0.25416666666666665,0.3263888888888889
433,720,0.019270184535981047,-0.1547009346323629,-0.14332866009373668,274,2.9175339443554547e-05,0.03966075927019119,311697,6.144416646162669,0.37083333333333335,0.05694444444444444,0.06805555555555555,0.2875,0.21666666666666667
434,720,0.01909482585670362,-0.012548973863600816,-0.012470563822313041,401,3.3976922384858375e-05,0.03955979645252228,312417,6.154973848660787,0.37083333333333335,0.027777777777777776,0.05555555555555555,0.18472222222222223,0.3611111111111111
435,720,0.018921062941407617,-0.0747115192663613,-0.0719888389422374,279,3.053743473502537e-05,0.03933744505047798,313137,6.165815166632334,0.3,0.1111111111111111,0.11805555555555555,0.11388888888888889,0.35694444444444445
436,720,0.01874888126864081,0.022246034190156746,0.022495322334281198,184,3.0500763797489424e-05,0.03869354724884033,313857,6.175853796799978,0.5458333333333333,0.10138888888888889,0.06805555555555555,0.10555555555555556,0.17916666666666667
437,720,0.018578266449096176,0.0354046699531216,0.036038877785459666,256,3.0764142531501825e-05,0.03865070641040802,314577,6.188774466514587,0.5055555555555555,0.0375,0.04861111111111111,0.08888888888888889,0.3194444444444444
438,720,0.018409204224409403,0.13083912927702548,0.1397844086208877,220,3.2490260058340126e-05,0.038852084428071976,315297,6.208678845564524,0.3972222222222222,0.06944444444444445,0.21388888888888888,0.14722222222222223,0.17222222222222222
439,720,0.01824168046596728,0.09300579222959263,0.09746809203683249,280,3.0940164716892265e-05,0.039319273084402084,316017,6.22402636607488,0.22916666666666666,0.14027777777777778,0.08472222222222223,0.19583333333333333,0.35
440,720,0.018075681173726977,-0.08300712845269607,-0.07965541343610794,218,3.160580536763923e-05,0.039113618433475494,316737,6.2387909134229025,0.35694444444444445,0.06388888888888888,0.2625,0.1388888888888889,0.17777777777777778
441,720,0.01791119247504606,-0.11974137185837457,-0.11285015103357265,223,3.032576388477537e-05,0.03862520307302475,317457,6.266236666838328,0.41388888888888886,0.10833333333333334,0.15416666666666667,0.15833333333333333,0.16527777777777777
442,720,0.01774820062352314,0.06509580533059671,0.06726126880502492,225,3.150086147090608e-05,0.038573168218135834,318177,6.28289430141449,0.38333333333333336,0.07222222222222222,0.18333333333333332,0.11944444444444445,0.24166666666666667
443,720,0.017586691997849083,0.0399348941600124,0.040743013538496964,217,3.2291270834624204e-05,0.03935782238841057,318897,6.295774432023366,0.44166666666666665,0.08194444444444444,0.13055555555555556,0.125,0.22083333333333333
444,720,0.017426653100668658,-0.050105778799035675,-0.048871190083877525,250,2.9965689210737562e-05,0.040297381579875946,319617,6.308477298418681,0.23333333333333334,0.0375,0.07361111111111111,0.2388888888888889,0.4166666666666667
445,720,0.017268070557452574,-0.31187478086724313,-0.2679268079406181,285,3.134889925036077e-05,0.0395020991563797,320337,6.32153217792511,0.35138888888888886,0.04027777777777778,0.08055555555555556,0.12916666666666668,0.39861111111111114
446,720,0.017110931115379754,0.05763930045858441,0.059332825925679344,267,3.054672072014202e-05,0.03890269622206688,321057,6.333386115233103,0.3875,0.125,0.11666666666666667,0.24166666666666667,0.12916666666666668
447,720,0.016955221642229797,-0.1512820982830138,-0.14039482869035513,242,3.056519540412713e-05,0.039195917546749115,321777,6.344554762045543,0.4722222222222222,0.06666666666666667,0.14305555555555555,0.16111111111111112,0.15694444444444444
448,720,0.016800929125285507,-0.10639503873492154,-0.10093058932832355,329,3.12633014535398e-05,0.03987758234143257,322497,6.35594246784846,0.15833333333333333,0.15694444444444444,0.17777777777777778,0.13333333333333333,0.3736111111111111
449,720,0.016648040670245407,-0.043517844305798616,-0.04258453047588018,231,3.0067016208098115e-05,0.039881788194179535,323217,6.371323800086975,0.3861111111111111,0.16805555555555557,0.19444444444444445,0.11805555555555555,0.13333333333333333
450,720,0.016496543500146173,-0.1332975286144215,-0.12479534506138223,191,2.9531739289723192e-05,0.039701033383607864,323937,6.383797411123911,0.2569444444444444,0.11388888888888889,0.13333333333333333,0.15833333333333333,0.3375
451,720,0.016346424954294843,0.12310604102064349,0.131004347444168,234,2.9804158140854674e-05,0.04040881246328354,324657,6.406290463606516,0.4097222222222222,0.08472222222222223,0.23194444444444445,0.11388888888888889,0.1597222222222222
452,720,0.01619767248721076,-0.11308533271692935,-0.10692555160471573,324,3.0103381709523093e-05,0.04055237025022507,325377,6.417829863230387,0.1763888888888889,0.07777777777777778,0.12083333333333333,0.22777777777777777,0.3972222222222222
453,720,0.016050273667577143,-0.1512435758502665,-0.14036171397012942,273,2.9098049938309284e-05,0.04106735438108444,326097,6.43133544921875,0.1375,0.08611111111111111,0.18333333333333332,0.25972222222222224,0.3333333333333333
454,720,0.015904216177202193,0.11015936856315016,0.1164559842675954,237,3.0145846877379276e-05,0.04189610481262207,326817,6.447022799650828,0.0375,0.2625,0.2611111111111111,0.17083333333333334,0.26805555555555555
455,720,0.015759487809989654,0.005732598620750807,0.005749061407368972,268,2.8905580216410777e-05,0.04159858822822571,327537,6.463452430566152,0.10972222222222222,0.09444444444444444,0.33194444444444443,0.2222222222222222,0.24166666666666667
456,720,0.015616076470918748,0.04671007688846325,0.04781817833141999,326,3.1025418479657674e-05,0.041371189057826996,328257,6.47734872897466,0.3680555555555556,0.034722222222222224,0.059722222222222225,0.2013888888888889,0.33611111111111114
457,720,0.015473970175033387,0.10966391383132656,0.11590296787591892,262,3.1473876667102256e-05,0.040842436254024506,328977,6.494427180290222,0.20694444444444443,0.14027777777777778,0.2652777777777778,0.10694444444444444,0.28055555555555556
458,720,0.015333157046440584,-0.08680398301532252,-0.08314320247490503,245,3.1837500742110734e-05,0.04111575707793236,329697,6.508645768960317,0.2861111111111111,0.08333333333333333,0.12361111111111112,0.16805555555555557,0.3388888888888889
459,720,0.015193625317317975,0.0029718005221482865,0.0029762206988630524,146,3.133258662791781e-05,0.04133114218711853,330417,6.528154945373535,0.3,0.08194444444444444,0.37083333333333335,0.14583333333333334,0.10138888888888889
460,720,0.01505536332693038,-0.04023971537507961,-0.039440849245516496,194,3.2042747617803496e-05,0.042471744120121,331137,6.548845779895783,0.3888888888888889,0.07777777777777778,0.19444444444444445,0.16666666666666666,0.17222222222222222
461,720,0.014918359520655315,-0.26358272049619796,-0.23170593385581573,196,3.2619074424802523e-05,0.04194159433245659,331857,6.582324214776357,0.45416666666666666,0.11666666666666667,0.1736111111111111,0.09722222222222222,0.15833333333333333
462,720,0.014782602449017352,0.1683115941283385,0.18330526418203963,237,3.215308451369007e-05,0.041167523711919785,332577,6.595438432693482,0.4263888888888889,0.19166666666666668,0.16111111111111112,0.1527777777777778,0.06805555555555555
463,720,0.014648080766731294,-0.023701245809020582,-0.02342257722163299,254,3.263309611409366e-05,0.04046526178717613,333297,6.614936566352844,0.33055555555555555,0.1527777777777778,0.24166666666666667,0.14722222222222223,0.12777777777777777
464,720,0.01451478323175404,-0.31757291018268086,-0.272086393474519,196,3.2215460850516645e-05,0.04112302511930466,334017,6.628300579388936,0.30277777777777776,0.03888888888888889,0.175,0.1527777777777778,0.33055555555555555
465,720,0.014382698704345078,-0.2448949069920307,-0.2172132006613977,123,3.273034456520286e-05,0.04116964712738991,334737,6.639857848485311,0.4125,0.08888888888888889,0.15,0.1736111111111111,0.175
466,720,0.014251816146135538,-0.14328211699963836,-0.13349042267261702,148,3.278309241194519e-05,0.040927402675151825,335457,6.652850147088369,0.49166666666666664,0.13194444444444445,0.16527777777777777,0.04583333333333333,0.16527777777777777
467,720,0.014122124619205706,0.29884940962665746,0.34830656619487343,129,3.179276043157289e-05,0.04048280790448189,336177,6.663504548867544,0.4777777777777778,0.06944444444444445,0.10416666666666667,0.12916666666666668,0.21944444444444444
468,720,0.013993613285170934,-0.22140720635172392,-0.1986097173741903,194,3.276753928389553e-05,0.04028617963194847,336897,6.684044865767161,0.4652777777777778,0.027777777777777776,0.2,0.1388888888888889,0.16805555555555557
469,720,0.013866271404275878,0.004970721886504542,0.004983096419500788,141,3.199839727333003e-05,0.03943706303834915,337617,6.701860098044078,0.45694444444444443,0.07083333333333333,0.14027777777777778,0.0875,0.24444444444444444
470,720,0.013740088334496968,0.08855881042180415,0.09259850690010452,164,3.456919924929025e-05,0.038828566670417786,338337,6.714560814698538,0.30972222222222223,0.1111111111111111,0.15833333333333333,0.2263888888888889,0.19444444444444445
471,720,0.013615053530653046,-0.18060415646382225,-0.16523427007776748,142,3.340307254625764e-05,0.03897642716765404,339057,6.750436047712962,0.4513888888888889,0.0375,0.11666666666666667,0.09583333333333334,0.2986111111111111
472,720,0.013491156543524103,-0.284394272220783,-0.24753009176922502,122,3.263360108197351e-05,0.03829034045338631,339777,6.76163429816564,0.4486111111111111,0.044444444444444446,0.18888888888888888,0.13472222222222222,0.18333333333333332
473,720,0.013368387018978033,0.05607768410828923,0.05767984546089022,186,3.3259769676558586e-05,0.03853645920753479,340497,6.774974346160889,0.2861111111111111,0.034722222222222224,0.29444444444444445,0.24722222222222223,0.1375
474,720,0.013246734697105333,-0.23572965932975762,-0.21000578736766573,147,3.556867916737853e-05,0.03806407377123833,341217,6.787927114963532,0.29583333333333334,0.075,0.2625,0.19583333333333333,0.17083333333333334
475,720,0.013126189411361674,0.018379908995287027,0.01854985914865992,144,3.482909012417521e-05,0.03824310377240181,341937,6.8033713301022845,0.2986111111111111,0.21388888888888888,0.28055555555555556,0.11388888888888889,0.09305555555555556
476,720,0.013006741087718283,0.061635139143544786,0.06357421732625612,143,3.293144489033592e-05,0.03762739151716232,342657,6.815049815177917,0.31527777777777777,0.175,0.15138888888888888,0.19444444444444445,0.1638888888888889
477,720,0.012888379743820046,-0.24354217503594017,-0.21615358341565483,140,3.388648521851994e-05,0.03723350167274475,343377,6.827770948410034,0.4444444444444444,0.05277777777777778,0.22361111111111112,0.09305555555555556,0.18611111111111112
478,720,0.012771095488151283,-0.11108810526697574,-0.10514009641497357,198,3.41393740452784e-05,0.03690071403980255,344097,6.838591031233469,0.4263888888888889,0.04861111111111111,0.18611111111111112,0.12361111111111112,0.2152777777777778
479,720,0.012654878519209106,0.08108464985101838,0.0844626922867946,200,3.3463010527157164e-05,0.037376873195171356,344817,6.853555965423584,0.5305555555555556,0.009722222222222222,0.1125,0.08611111111111111,0.2611111111111111
480,720,0.012539719124684302,-0.26875944104306815,-0.23567290073554736,127,3.62282856561554e-05,0.03672425448894501,345537,6.866510895888011,0.45555555555555555,0.05,0.1763888888888889,0.15694444444444444,0.16111111111111112
481,720,0.012425607680649675,-0.009399543517994454,-0.009355505894682037,174,3.897965612446165e-05,0.03710435330867767,346257,6.90711418390274,0.2125,0.11666666666666667,0.30694444444444446,0.19722222222222222,0.16666666666666666
482,720,0.012312534650755763,-0.057896844985463915,-0.05625270531831672,161,3.36875485515975e-05,0.037197861820459366,346977,6.92083709637324,0.2638888888888889,0.0375,0.19027777777777777,0.23055555555555557,0.2777777777777778
483,720,0.012200490585433887,0.03456956898110172,0.03517404187448703,106,3.595873139374817e-05,0.03618878126144409,347697,6.936179880301157,0.48055555555555557,0.06527777777777778,0.23194444444444445,0.11666666666666667,0.10555555555555556
484,720,0.01208946612110644,0.15282872799677316,0.16512540849008617,145,3.5648704177522934e-05,0.034993816167116165,348417,6.950168514251709,0.42777777777777776,0.12222222222222222,0.19027777777777777,0.10555555555555556,0.15416666666666667
485,720,0.01197945197940437,-0.09485533738533726,-0.09049550374955706,118,3.489019512067494e-05,0.03433936461806297,349137,6.963599665959676,0.5,0.11527777777777778,0.15138888888888888,0.1638888888888889,0.06944444444444445
486,720,0.01187043896639179,-0.09194239208957256,-0.08784230446963726,78,3.418118779197559e-05,0.03477570787072182,349857,6.976429696877798,0.5263888888888889,0.05555555555555555,0.28055555555555556,0.022222222222222223,0.11527777777777778
487,720,0.011762417971797624,0.4681349427835372,0.5970128935124537,97,3.524367235235736e-05,0.03448658436536789,350577,6.987853332360586,0.7180555555555556,0.08055555555555556,0.075,0.09444444444444444,0.03194444444444444
488,720,0.011655379968254265,0.0009154150018490567,0.0009158341220429911,165,3.463069326951679e-05,0.03418415039777756,351297,6.999890367190043,0.475,0.05555555555555555,0.09444444444444444,0.20277777777777778,0.17222222222222222
489,720,0.011549316010543152,-0.12652406527293167,-0.11884705589773636,107,3.523783692697988e-05,0.03441856801509857,352017,7.011329547564189,0.6180555555555556,0.08611111111111111,0.19722222222222222,0.07916666666666666,0.019444444444444445
490,720,0.011444217234847209,0.042191506256163004,0.043094218693074726,156,3.451422076826323e-05,0.033713649958372116,352737,7.021638512611389,0.30833333333333335,0.03611111111111111,0.32083333333333336,0.21388888888888888,0.12083333333333333
491,720,0.011340074858010099,0.06117425143357819,0.06308414198437595,123,3.562115224187639e-05,0.033436864614486694,353457,7.044738980134328,0.12777777777777777,0.09444444444444444,0.2125,0.1111111111111111,0.45416666666666666
492,720,0.011236880176802208,-0.10623490834383315,-0.10078660946450657,129,3.5114574315129074e-05,0.03351102024316788,354177,7.058726398150126,0.25972222222222224,0.14444444444444443,0.2513888888888889,0.17083333333333334,0.1736111111111111
493,720,0.011134624567193307,0.2439154418707384,0.27623640976342645,132,3.557645098655687e-05,0.0336630679666996,354897,7.0714484294255575,0.3861111111111111,0.1375,0.1361111111111111,0.20555555555555555,0.13472222222222222
494,720,0.011033299483631848,0.12111935608905251,0.12875962866233426,118,3.7692693626291255e-05,0.03381333127617836,355617,7.084632015228271,0.39444444444444443,0.07777777777777778,0.22777777777777777,0.10694444444444444,0.19305555555555556
495,720,0.010932896458330798,0.1418990906547481,0.15246034865002023,119,3.632860545318787e-05,0.03448730707168579,356337,7.110587433973948,0.5763888888888888,0.020833333333333332,0.13333333333333333,0.19305555555555556,0.0763888888888889
496,720,0.010833407100559987,-0.08928941060980225,-0.08541915413152135,106,3.6712615523507947e-05,0.03373564034700394,357057,7.124644196033477,0.4486111111111111,0.12361111111111112,0.2777777777777778,0.1375,0.0125
497,720,0.010734823095944892,-0.09339543870269673,-0.089166749646441,124,3.631500633976733e-05,0.03432238847017288,357777,7.136564966042837,0.4708333333333333,0.059722222222222225,0.07083333333333333,0.19027777777777777,0.20833333333333334
498,720,0.010637136205771794,-0.026541998522545702,-0.026192855484627575,93,3.7102024065107896e-05,0.034621041268110275,358497,7.155590196450551,0.5958333333333333,0.018055555555555554,0.06527777777777778,0.14722222222222223,0.1736111111111111
499,720,0.01054033826629927,0.07677506064052265,0.07979915974150864,132,3.659358614337786e-05,0.034587353467941284,359217,7.178160679340363,0.6013888888888889,0.006944444444444444,0.027777777777777776,0.15416666666666667,0.20972222222222223
500,720,0.010444421188075948,0.08395555301055903,0.08758055305317569,80,3.6226878998806774e-05,0.03534974530339241,359937,7.197073030471802,0.7680555555555556,0.0625,0.027777777777777776,0.09027777777777778,0.05138888888888889
501,720,0.010349376955264456,0.08946979765989566,0.09359430370646926,147,3.362611428454127e-05,0.03443402051925659,360657,7.236102835337321,0.4652777777777778,0.043055555555555555,0.2513888888888889,0.11388888888888889,0.12638888888888888
502,720,0.01025519762497155,-0.08142166993073406,-0.07819508793133845,125,3.5120952650736904e-05,0.0346885584294796,361377,7.263142466545105,0.48333333333333334,0.08611111111111111,0.1486111111111111,0.14444444444444443,0.1375
503,720,0.010161875326584309,-0.05367839743910662,-0.05226314790562547,154,3.571247964183992e-05,0.03482190519571304,362097,7.283085982004802,0.2569444444444444,0.07222222222222222,0.17083333333333334,0.18472222222222223,0.31527777777777777
504,720,0.010069402261112392,0.0018343764386588197,0.00183605993634961,149,3.4660676744301274e-05,0.034361571073532104,362817,7.3090096314748125,0.24861111111111112,0.10416666666666667,0.2222222222222222,0.2861111111111111,0.1388888888888889
505,720,0.01,-0.02403582045133712,-0.0237492606105163,166,3.666739750845712e-05,0.03421403840184212,363537,7.337685279051462,0.17222222222222222,0.05277777777777778,0.2777777777777778,0.2513888888888889,0.24583333333333332
506,720,0.01,-0.07173041490003064,-0.06921821310749487,176,3.454967099464233e-05,0.03357821702957153,364257,7.364465916156769,0.19444444444444445,0.18333333333333332,0.2916666666666667,0.2833333333333333,0.04722222222222222
507,720,0.01,0.06177489697992561,0.06372287054518444,153,3.45550187022228e-05,0.03321784362196922,364977,7.386041180292765,0.2375,0.07083333333333333,0.2638888888888889,0.22361111111111112,0.20416666666666666
508,720,0.01,-0.07563298971708185,-0.07284357993532464,192,3.491847466597796e-05,0.033070776611566544,365697,7.4078909993171695,0.42777777777777776,0.04027777777777778,0.15555555555555556,0.18194444444444444,0.19444444444444445
509,720,0.01,0.033304801195079434,0.03386561469609095,109,3.384404928902364e-05,0.033337339758872986,366417,7.427125080426534,0.5388888888888889,0.06805555555555555,0.1361111111111111,0.17222222222222222,0.08472222222222223
510,720,0.01,0.044507711791937694,0.04551303945839358,82,3.5205431936446983e-05,0.03318435698747635,367137,7.452375062306722,0.6236111111111111,0.06944444444444445,0.20277777777777778,0.0875,0.016666666666666666
511,720,0.01,-0.0221633986101749,-0.021919594985255753,126,3.3271648888128566e-05,0.032581597566604614,367857,7.486481730143229,0.6375,0.09166666666666666,0.08611111111111111,0.10833333333333334,0.0763888888888889
512,720,0.01,-0.19510556818240002,-0.17725220251831098,163,3.405081104498701e-05,0.03256833180785179,368577,7.502645218372345,0.2916666666666667,0.15833333333333333,0.1986111111111111,0.1,0.2513888888888889
513,720,0.01,0.19189854969923503,0.21154759886167218,171,3.392861064526187e-05,0.03226423263549805,369297,7.523732499281565,0.5555555555555556,0.06527777777777778,0.15694444444444444,0.09305555555555556,0.12916666666666668
514,720,0.01,-0.059193733913891655,-0.05747584742485867,167,3.21088390263766e-05,0.03197206184267998,370017,7.5378795464833575,0.2625,0.10833333333333334,0.17083333333333334,0.225,0.23333333333333334
515,720,0.01,0.1583951724374563,0.1716290987649367,111,3.265605074855355e-05,0.0315915048122406,370737,7.5513200481732685,0.43333333333333335,0.11388888888888889,0.19166666666666668,0.06666666666666667,0.19444444444444445
516,720,0.01,-0.0755004669196483,-0.07272070243102602,142,3.264899771693308e-05,0.031245723366737366,371457,7.564648147424062,0.2902777777777778,0.11666666666666667,0.20277777777777778,0.12361111111111112,0.26666666666666666
517,720,0.01,0.015458477114743874,0.015578577430056306,114,3.3001766522981296e-05,0.031081056222319603,372177,7.579322481155396,0.5861111111111111,0.05694444444444444,0.19305555555555556,0.13333333333333333,0.030555555555555555
518,720,0.01,-0.016122301522053052,-0.015993032854029088,99,3.403959221183565e-05,0.03077399730682373,372897,7.591857814788819,0.4847222222222222,0.05138888888888889,0.24583333333333332,0.14305555555555555,0.075
519,720,0.01,-0.037310882828597895,-0.03662340844983225,76,3.4569915736584435e-05,0.03040948696434498,373617,7.604851162433624,0.6958333333333333,0.04722222222222222,0.11388888888888889,0.11944444444444445,0.02361111111111111
520,720,0.01,0.14821406711328652,0.15976113651059531,176,3.448343366522345e-05,0.030329307541251183,374337,7.617896481355031,0.45416666666666666,0.0625,0.12638888888888888,0.20694444444444443,0.15
521,720,0.01,-0.12295440866008175,-0.11569602175494564,160,3.468703704293653e-05,0.02939360775053501,375057,7.64068386554718,0.3111111111111111,0.14305555555555555,0.17916666666666667,0.2625,0.10416666666666667
522,720,0.01,0.375906520882175,0.45631099274113307,121,3.324021545331056e-05,0.02940978668630123,375777,7.654569633801779,0.3472222222222222,0.04722222222222222,0.21388888888888888,0.06805555555555555,0.3236111111111111
523,720,0.01,-0.18512071281727582,-0.16899603503241878,160,3.2619569535401954e-05,0.02992362529039383,376497,7.667414331436158,0.25277777777777777,0.08333333333333333,0.09583333333333334,0.375,0.19305555555555556
524,720,0.01,0.11268288211951082,0.11927693393432315,129,3.477520548105733e-05,0.029682543128728867,377217,7.681412029266357,0.3416666666666667,0.075,0.18333333333333332,0.1763888888888889,0.22361111111111112
525,720,0.01,-0.0644585982514914,-0.062425069300000136,117,3.352417633727277e-05,0.029086198657751083,377937,7.698795628547669,0.375,0.08472222222222223,0.24861111111111112,0.15694444444444444,0.13472222222222222
526,720,0.01,0.10168145623438626,0.10703077780408088,120,3.231434616913652e-05,0.029377203434705734,378657,7.714098282655081,0.3138888888888889,0.18888888888888888,0.2152777777777778,0.10833333333333334,0.1736111111111111
527,720,0.01,0.08084424575310337,0.08420201434681363,85,3.4004797245441093e-05,0.02944575808942318,379377,7.729055980841319,0.5305555555555556,0.0625,0.0763888888888889,0.09444444444444444,0.2361111111111111
528,720,0.01,-0.07001630956763574,-0.06762138691011366,89,3.3683098901191343e-05,0.02907225862145424,380097,7.746736566225688,0.6180555555555556,0.1597222222222222,0.13333333333333333,0.075,0.013888888888888888
529,720,0.01,-0.04275496161457308,-0.04185385611189163,108,3.208350842795779e-05,0.029458483681082726,380817,7.767843329906464,0.29305555555555557,0.025,0.10277777777777777,0.30416666666666664,0.275
530,720,0.01,-0.05260951428501658,-0.05124958635697785,116,3.2479853931969656e-05,0.028858575969934464,381537,7.782615149021149,0.5416666666666666,0.06527777777777778,0.15694444444444444,0.14722222222222223,0.08888888888888889
531,720,0.01,0.14132545681491085,0.15179944797058065,104,3.215669156462455e-05,0.029339026659727097,382257,7.8133079965909324,0.2222222222222222,0.12638888888888888,0.06805555555555555,0.22777777777777777,0.35555555555555557
532,720,0.01,-0.0676162215047559,-0.06538090853355416,126,3.052797804280595e-05,0.029381675645709038,382977,7.828751997152964,0.5125,0.0875,0.09027777777777778,0.125,0.18472222222222223
533,720,0.01,-0.2971902044887154,-0.2570973045045476,92,3.1431381191598324e-05,0.028471754863858223,383697,7.843028732140859,0.3277777777777778,0.14027777777777778,0.125,0.10694444444444444,0.3
534,720,0.01,-0.14138667617090397,-0.13184644750462493,123,3.1843511812389304e-05,0.028766565024852753,384417,7.857925446828206,0.3527777777777778,0.10416666666666667,0.17222222222222222,0.3111111111111111,0.059722222222222225
535,720,0.01,-0.014945804390492054,-0.014834670208192402,117,3.190473516004507e-05,0.02884829416871071,385137,7.877360796928405,0.35138888888888886,0.12361111111111112,0.2902777777777778,0.1375,0.09722222222222222
536,720,0.01,0.004862882015444667,0.004874725015449055,83,3.1137020946264075e-05,0.029207024723291397,385857,7.89470142920812,0.3541666666666667,0.09444444444444444,0.35,0.1361111111111111,0.06527777777777778
537,720,0.01,0.24917563543912752,0.28296734781612387,134,3.063056945443855e-05,0.028770124539732933,386577,7.911687183380127,0.49027777777777776,0.02638888888888889,0.15833333333333333,0.1111111111111111,0.21388888888888888
538,720,0.01,-0.007984298171799856,-0.007952508325951069,97,3.152561732488519e-05,0.029289891943335533,387297,7.938896679878235,0.65,0.07361111111111111,0.0763888888888889,0.09305555555555556,0.10694444444444444
539,720,0.01,0.1753673682099909,0.19168392299739745,150,3.1845798785449614e-05,0.02920738235116005,388017,7.960357781251272,0.3958333333333333,0.11666666666666667,0.22777777777777777,0.11944444444444445,0.14027777777777778
540,720,0.01,-0.009796535267301917,-0.009748705531668733,138,3.123196531949664e-05,0.029451783746480942,388737,7.979201714197795,0.3819444444444444,0.0625,0.22916666666666666,0.15416666666666667,0.17222222222222222
541,720,0.01,-0.04780782298472808,-0.046683024914440874,138,3.059322070081786e-05,0.029896127060055733,389457,8.01865821282069,0.2763888888888889,0.2222222222222222,0.1597222222222222,0.25277777777777777,0.08888888888888889
542,720,0.01,-0.11720936282432241,-0.11060103340996219,133,2.9859584419808825e-05,0.029644949361681938,390177,8.04209073384603,0.18888888888888888,0.14444444444444443,0.3055555555555556,0.20416666666666666,0.15694444444444444
543,720,0.01,0.15343313415603654,0.16582983032029608,87,2.9180080585117845e-05,0.029535513371229172,390897,8.061401915550231,0.37083333333333335,0.07777777777777778,0.24305555555555555,0.11527777777777778,0.19305555555555556
544,720,0.01,0.0005843917618851041,0.0005845625520173314,100,2.99246182685743e-05,0.029847238212823868,391617,8.078303011258443,0.6125,0.11805555555555555,0.15694444444444444,0.05138888888888889,0.06111111111111111
545,720,0.01,0.05358414794854385,0.05504576796936811,161,3.070714800957022e-05,0.02920995093882084,392337,8.105622514088948,0.37083333333333335,0.06944444444444445,0.1597222222222222,0.2013888888888889,0.1986111111111111
546,720,0.01,-0.03217813674925803,-0.031665929169216844,160,3.005637112146865e-05,0.02970702573657036,393057,8.120806165536244,0.1638888888888889,0.05138888888888889,0.2708333333333333,0.26805555555555555,0.24583333333333332
547,720,0.01,0.02795381853892663,0.028348192702781105,178,2.8805150385677635e-05,0.029515724629163742,393777,8.14415066242218,0.35,0.07222222222222222,0.1361111111111111,0.25972222222222224,0.18194444444444444
548,720,0.01,0.021006250290132186,0.021228434591586298,138,2.8920849729274778e-05,0.02974647283554077,394497,8.157096664110819,0.3416666666666667,0.06388888888888888,0.23472222222222222,0.20277777777777778,0.15694444444444444
549,720,0.01,0.1366536253589023,0.14643098511969077,196,3.077445665995684e-05,0.029937079176306725,395217,8.170905983448028,0.38333333333333336,0.14305555555555555,0.18888888888888888,0.1638888888888889,0.12083333333333333
550,720,0.01,-0.003968029295490276,-0.003960167069864684,201,2.9565685415238678e-05,0.030266709625720978,395937,8.184976863861085,0.4361111111111111,0.10972222222222222,0.1986111111111111,0.08055555555555556,0.175
551,720,0.01,-0.08108384587857068,-0.07788362745418298,245,3.0495418443226502e-05,0.03013080544769764,396657,8.207185932000478,0.3888888888888889,0.23194444444444445,0.21388888888888888,0.06944444444444445,0.09583333333333334
552,720,0.01,-0.003185168011196601,-0.0031801007450233953,202,2.725386315205469e-05,0.030527466908097267,397377,8.219551265239716,0.45,0.125,0.12361111111111112,0.1388888888888889,0.1625
553,720,0.01,-0.06111038333423268,-0.05928060569861082,259,2.7913867471498735e-05,0.030456244945526123,398097,8.2345245997111,0.42777777777777776,0.15694444444444444,0.16111111111111112,0.14305555555555555,0.1111111111111111
554,720,0.01,0.011846529860001162,0.011916977908319248,183,2.856109873555902e-05,0.030800284817814827,398817,8.253340415159862,0.4166666666666667,0.15,0.20277777777777778,0.1,0.13055555555555556
555,720,0.01,0.11466110773195955,0.12149330775339018,206,2.78447410999484e-05,0.030537404119968414,399537,8.270556362469991,0.30972222222222223,0.13472222222222222,0.24027777777777778,0.12916666666666668,0.18611111111111112
556,720,0.01,0.02523568435404679,0.02555679973519065,240,2.8719373276291865e-05,0.030390502884984016,400257,8.29988836447398,0.4013888888888889,0.10416666666666667,0.3125,0.09305555555555556,0.08888888888888889
557,720,0.01,0.05168508765680418,0.05304407371606401,227,2.7391149089655503e-05,0.030456721782684326,400977,8.338637630144754,0.3013888888888889,0.11527777777777778,0.16805555555555557,0.13194444444444445,0.2833333333333333
558,720,0.01,0.033550474274017444,0.03411963884702929,224,2.8728746961329914e-05,0.031218355521559715,401697,8.36342696348826,0.4236111111111111,0.0375,0.25416666666666665,0.08333333333333333,0.2013888888888889
559,720,0.01,0.08410012399409449,0.08773779700958673,292,2.9064459563541175e-05,0.031482599675655365,402417,8.401210963726044,0.3888888888888889,0.12916666666666668,0.17916666666666667,0.18472222222222223,0.11805555555555555
560,720,0.01,0.249383655240393,0.28323425818920067,202,3.1094151048212855e-05,0.03126875311136246,403137,8.437969597180684,0.4125,0.13472222222222222,0.2361111111111111,0.17777777777777778,0.03888888888888889
561,720,0.01,0.05456939034989001,0.05608575603136701,194,2.9989125571066525e-05,0.0313381552696228,403857,8.480514665444693,0.3888888888888889,0.14305555555555555,0.2847222222222222,0.0875,0.09583333333333334
562,720,0.01,-0.10519523109728637,-0.09985123160129339,152,2.94492625465005e-05,0.030584057793021202,404577,8.497441399097443,0.49722222222222223,0.1375,0.24305555555555555,0.08055555555555556,0.041666666666666664
563,720,0.01,0.08296085606428338,0.08649927785794187,210,2.8088313021296725e-05,0.030927717685699463,405297,8.516739932696025,0.48194444444444445,0.04861111111111111,0.19166666666666668,0.09027777777777778,0.1875
564,720,0.01,0.21333739673063118,0.23780221121718914,330,2.954098844977832e-05,0.031056120991706848,406017,8.534321614106496,0.44027777777777777,0.19444444444444445,0.14444444444444443,0.07361111111111111,0.14722222222222223
565,720,0.01,0.18499855074194854,0.20321669635494843,243,2.8407258841096134e-05,0.031157564371824265,406737,8.55291742881139,0.4125,0.16666666666666666,0.16805555555555557,0.13055555555555556,0.12222222222222222
566,720,0.01,-0.12050993901731283,-0.1135317233219546,301,2.834145271637883e-05,0.03150950372219086,407457,8.567022879918417,0.35833333333333334,0.0875,0.20555555555555555,0.07083333333333333,0.2777777777777778
567,720,0.01,0.14193045970700466,0.15249650080594757,311,2.9064118020490545e-05,0.03159447759389877,408177,8.580868379275005,0.19722222222222222,0.21944444444444444,0.16666666666666666,0.09027777777777778,0.3263888888888889
568,720,0.01,0.13145032017981845,0.14048124741165346,259,2.8147528774979945e-05,0.0314575657248497,408897,8.592693265279134,0.3875,0.18194444444444444,0.1638888888888889,0.08194444444444444,0.18472222222222223
569,720,0.01,-0.1795319481394852,-0.1643387473055835,252,2.8807836931971704e-05,0.03114943578839302,409617,8.608494198322296,0.30972222222222223,0.12083333333333333,0.21666666666666667,0.14305555555555555,0.20972222222222223
570,720,0.01,-0.10255068970419547,-0.09746760050695435,315,2.7400639248121985e-05,0.030679501593112946,410337,8.623388965924581,0.30833333333333335,0.24861111111111112,0.19305555555555556,0.1125,0.1375
571,720,0.01,0.07571537606250697,0.07865551928067727,190,2.8926497646529647e-05,0.03070889227092266,411057,8.65889579852422,0.43472222222222223,0.13333333333333333,0.13333333333333333,0.17222222222222222,0.12638888888888888
572,720,0.01,-0.24402303906510422,-0.21653041635181836,186,2.8288514961458432e-05,0.03086475096642971,411777,8.68252011537552,0.5208333333333334,0.08888888888888889,0.10694444444444444,0.0763888888888889,0.20694444444444443
573,720,0.01,0.0018830278570391018,0.0018848018673249811,277,2.881810022472564e-05,0.03089287504553795,412497,8.725791351000469,0.42916666666666664,0.10416666666666667,0.25277777777777777,0.12777777777777777,0.08611111111111111
574,720,0.01,-0.06552030934677684,-0.06341997476204475,175,2.8056930820715326e-05,0.03040056861937046,413217,8.777126634120942,0.44027777777777777,0.14583333333333334,0.16944444444444445,0.07916666666666666,0.16527777777777777
575,720,0.01,-0.10171451593730978,-0.09671261098350803,165,2.808233249172392e-05,0.0302882120013237,413937,8.793760295708974,0.43194444444444446,0.18472222222222223,0.20555555555555555,0.0875,0.09027777777777778
576,720,0.01,-0.021053381086431393,-0.020833305807587577,298,2.8875358195061076e-05,0.02976580709218979,414657,8.805720647176107,0.39861111111111114,0.3486111111111111,0.13055555555555556,0.04583333333333333,0.0763888888888889
577,720,0.01,-0.09585312139375934,-0.09140254020301919,243,2.8963587220055666e-05,0.03000272810459137,415377,8.81934441725413,0.49583333333333335,0.20555555555555555,0.14305555555555555,0.1111111111111111,0.044444444444444446
578,720,0.01,-0.11853120805131437,-0.11177590451888897,275,2.8892895306853462e-05,0.030901821330189705,416097,8.833032631874085,0.44166666666666665,0.24861111111111112,0.17916666666666667,0.08888888888888889,0.041666666666666664
579,720,0.01,-0.12367296508456967,-0.11633121582099482,311,2.776239756548825e-05,0.031065091490745544,416817,8.84996719757716,0.3458333333333333,0.24027777777777778,0.2013888888888889,0.05,0.1625
580,720,0.01,-0.003394275131249706,-0.0033885210915204356,282,2.8943331910921996e-05,0.031061634421348572,417537,8.872026228904724,0.3875,0.15555555555555556,0.24583333333333332,0.09722222222222222,0.11388888888888889
581,720,0.01,-0.12268080474797642,-0.1154540396248881,260,2.8305493203283228e-05,0.0306585393846035,418257,8.900107947985331,0.26944444444444443,0.35,0.10972222222222222,0.15694444444444444,0.11388888888888889
582,720,0.01,0.0799247293625049,0.08320553103548223,256,2.8780143516213584e-05,0.030710196122527122,418977,8.912744514147441,0.42916666666666664,0.17222222222222222,0.2611111111111111,0.043055555555555555,0.09444444444444444
583,720,0.01,-0.0081564176967224,-0.008123244374997896,259,2.895799388637796e-05,0.03073858469724655,419697,8.925680696964264,0.44722222222222224,0.15,0.24583333333333332,0.05138888888888889,0.10555555555555556
584,720,0.01,0.23696611329884712,0.26739816910459413,219,2.7322100318845818e-05,0.03024880774319172,420417,8.937094783782959,0.35694444444444445,0.10277777777777777,0.19305555555555556,0.07222222222222222,0.275
585,720,0.01,0.35853274686830855,0.4312278995923109,173,2.7337358115018003e-05,0.030034450814127922,421137,8.95354596376419,0.4152777777777778,0.1125,0.32083333333333336,0.06111111111111111,0.09027777777777778
586,720,0.01,-0.0984998357087151,-0.09380415850566326,248,2.8822709637981664e-05,0.02956410124897957,421857,8.97176323334376,0.5444444444444444,0.14444444444444443,0.11388888888888889,0.020833333333333332,0.1763888888888889
587,720,0.01,-0.13587631116970977,-0.12704939994998687,292,2.7764195765358738e-05,0.029220785945653915,422577,8.984184261163076,0.39166666666666666,0.0625,0.20416666666666666,0.11527777777777778,0.2263888888888889
588,720,0.01,0.061942639119369654,0.06390131666131138,236,2.7706898576853847e-05,0.02860426716506481,423297,8.997014764944712,0.525,0.1,0.125,0.07916666666666666,0.17083333333333334
589,720,0.01,-0.08031034531896816,-0.07717009400031294,217,2.8269975943355044e-05,0.02891419641673565,424017,9.011308213075003,0.3527777777777778,0.11944444444444445,0.19305555555555556,0.12361111111111112,0.2111111111111111
590,720,0.01,-0.002725065971098798,-0.0027213563492467507,220,2.710650754617442e-05,0.028587820008397102,424737,9.022584883371989,0.3263888888888889,0.16527777777777777,0.24583333333333332,0.13055555555555556,0.13194444444444445
591,720,0.01,-0.212534519164172,-0.19146759402312674,217,2.9046713797242775e-05,0.02910117246210575,425457,9.045528427759807,0.5333333333333333,0.07777777777777778,0.11388888888888889,0.11805555555555555,0.15694444444444444
592,720,0.01,0.013417281796884752,0.01350769744717284,369,2.7011245912136573e-05,0.029584208503365517,426177,9.06054282983144,0.38055555555555554,0.11388888888888889,0.2513888888888889,0.06944444444444445,0.18472222222222223
593,720,0.01,0.11742754932453542,0.12460014895167326,226,2.5645508396918456e-05,0.029673613607883453,426897,9.07664167881012,0.4486111111111111,0.11388888888888889,0.16805555555555557,0.14166666666666666,0.12777777777777777
594,720,0.01,0.2014965166509422,0.22323197611143542,227,2.7466590372821682e-05,0.029611531645059586,427617,9.089431782563528,0.4930555555555556,0.0875,0.17083333333333334,0.09444444444444444,0.15416666666666667
595,720,0.01,-0.19260775155622778,-0.17519456065440187,161,2.6647121428090436e-05,0.029890798032283783,428337,9.101222916444142,0.27361111111111114,0.13472222222222222,0.3,0.09722222222222222,0.19444444444444445
596,720,0.01,-0.13544786267598194,-0.12667530544590677,186,2.665008557111529e-05,0.030645351856946945,429057,9.116252116362254,0.5083333333333333,0.06666666666666667,0.11527777777777778,0.06944444444444445,0.24027777777777778
597,720,0.01,0.17740258635723805,0.19411172946313138,201,2.789047845605334e-05,0.030623985454440117,429777,9.130306700865427,0.24722222222222223,0.23472222222222222,0.1125,0.15416666666666667,0.2513888888888889
598,720,0.01,0.052892455194745266,0.054316252786005714,292,2.82747479199467e-05,0.030820881947875023,430497,9.149532167116801,0.4166666666666667,0.20694444444444443,0.15833333333333333,0.04861111111111111,0.16944444444444445
599,720,0.01,-0.08077762410700011,-0.07760121210633064,256,2.7827246611877854e-05,0.030628269538283348,431217,9.167527866363525,0.4236111111111111,0.22916666666666666,0.18333333333333332,0.06388888888888888,0.1
600,720,0.01,-0.031106271054093096,-0.030627448640833,274,2.8369923246095317e-05,0.030734341591596603,431937,9.187350364526113,0.4736111111111111,0.14305555555555555,0.18333333333333332,0.05277777777777778,0.14722222222222223
601,720,0.01,0.027601800325010525,0.027986259116049572,230,2.8071205693120444e-05,0.03030736930668354,432657,9.212459349632264,0.3861111111111111,0.19444444444444445,0.18472222222222223,0.11666666666666667,0.11805555555555555
602,720,0.01,0.10165607555963055,0.10700268097252286,301,2.6858262567151946e-05,0.030062442645430565,433377,9.224988647301991,0.44583333333333336,0.11527777777777778,0.21666666666666667,0.12083333333333333,0.10138888888888889
603,720,0.01,-0.08508509243214968,-0.08156587071752974,258,2.6949189843763735e-05,0.030513353645801544,434097,9.238283995787302,0.3861111111111111,0.2152777777777778,0.11944444444444445,0.09027777777777778,0.18888888888888888
604,720,0.01,-0.10868794454765789,-0.10298970921998318,219,2.7317978582333228e-05,0.030863959342241287,434817,9.252320631345112,0.5625,0.08888888888888889,0.12777777777777777,0.07777777777777778,0.14305555555555555
605,720,0.01,0.0008559567752275901,0.0008563232107723362,220,2.6357900933741498e-05,0.03075944073498249,435537,9.268084545930227,0.425,0.27361111111111114,0.11944444444444445,0.10833333333333334,0.07361111111111111
606,720,0.01,0.020992906410593,0.021214807533293856,243,2.7449485688495973e-05,0.03127593919634819,436257,9.281393396854401,0.39305555555555555,0.17777777777777778,0.2569444444444444,0.06111111111111111,0.1111111111111111
607,720,0.01,-0.12518363266302485,-0.11766513779332777,188,2.754041489588922e-05,0.03058863990008831,436977,9.292762211958568,0.43333333333333335,0.10277777777777777,0.13472222222222222,0.13333333333333333,0.19583333333333333
608,720,0.01,-0.002158265939100756,-0.002155938557837578,228,2.608949441701548e-05,0.030249131843447685,437697,9.304384950796763,0.5263888888888889,0.12638888888888888,0.22361111111111112,0.04861111111111111,0.075
609,720,0.01,-0.02609821749076789,-0.025760602439525604,153,2.576465847078503e-05,0.02983934059739113,438417,9.317589751879375,0.5472222222222223,0.11666666666666667,0.15,0.06666666666666667,0.11944444444444445
610,720,0.01,0.09099487815837032,0.09526339547844365,143,2.533487848887085e-05,0.02995234541594982,439137,9.330268347263337,0.4111111111111111,0.14166666666666666,0.11527777777777778,0.09861111111111111,0.23333333333333334
611,720,0.01,0.1013302058892938,0.10664200114431055,213,2.5389862830454353e-05,0.029516370967030525,439857,9.36142288049062,0.4388888888888889,0.08333333333333333,0.08472222222222223,0.14444444444444443,0.24861111111111112
612,720,0.01,0.07230364030121518,0.07498170228143364,160,2.544070649214013e-05,0.029422614723443985,440577,9.394157350063324,0.41805555555555557,0.044444444444444446,0.06944444444444445,0.09305555555555556,0.375
613,720,0.01,0.1451380707553739,0.15619919654433967,179,2.7542033783194912e-05,0.029857665300369263,441297,9.41762708425522,0.5055555555555555,0.034722222222222224,0.1,0.07777777777777778,0.28194444444444444
614,720,0.01,0.07949004505588322,0.08273478091155217,214,2.788639265405537e-05,0.029665010049939156,442017,9.433580430348714,0.5722222222222222,0.08888888888888889,0.14722222222222223,0.07222222222222222,0.11944444444444445
615,720,0.01,0.22855512781967283,0.2567828069181515,141,2.622458849575398e-05,0.030030159279704094,442737,9.448263998826345,0.43472222222222223,0.0763888888888889,0.22361111111111112,0.09027777777777778,0.175
616,720,0.01,0.060393794101399445,0.062254773856359025,131,2.5319233377432386e-05,0.030021173879504204,443457,9.46213678518931,0.4527777777777778,0.15555555555555556,0.1763888888888889,0.1375,0.07777777777777778
617,720,0.01,-0.07321670588174814,-0.07060059811563324,162,2.7455685603349088e-05,0.030149418860673904,444177,9.477993913491567,0.4527777777777778,0.1361111111111111,0.2611111111111111,0.1,0.05
618,720,0.01,-0.16991180649171175,-0.15626077436247388,159,2.5998538112996054e-05,0.02980361133813858,444897,9.492689450581869,0.375,0.0375,0.13333333333333333,0.10694444444444444,0.3472222222222222
619,720,0.01,-0.07407519639637271,-0.07139813629798553,139,2.73824338825711e-05,0.030253887176513672,445617,9.506605462233226,0.5125,0.09027777777777778,0.27361111111111114,0.06111111111111111,0.0625
620,720,0.01,0.12340951459331277,0.13134762946006462,153,2.674211537067903e-05,0.03018231689929962,446337,9.522979148228963,0.5944444444444444,0.029166666666666667,0.1763888888888889,0.12083333333333333,0.07916666666666666
621,720,0.01,0.08701200565548939,0.09090977672660827,184,2.716625096657784e-05,0.03032432124018669,447057,9.546086283524831,0.37777777777777777,0.0875,0.19305555555555556,0.07916666666666666,0.2625
622,720,0.01,-0.06857166007495165,-0.06627345320828415,121,2.94198648412526e-05,0.030349193140864372,447777,9.561001948515575,0.6513888888888889,0.08888888888888889,0.13333333333333333,0.10833333333333334,0.018055555555555554
623,720,0.01,0.014480453920056766,0.014585803582360946,120,2.6566737414491906e-05,0.030150555074214935,448497,9.57505780061086,0.5444444444444444,0.10416666666666667,0.21666666666666667,0.1111111111111111,0.02361111111111111
624,720,0.01,-0.013884970506486368,-0.013789018911899875,172,2.6585738296742217e-05,0.030021019279956818,449217,9.58911911646525,0.28194444444444444,0.019444444444444445,0.15694444444444444,0.1527777777777778,0.3888888888888889
625,720,0.01,0.4167420122658606,0.5170110921920383,127,2.6734490229627124e-05,0.030296914279460907,449937,9.603550414244333,0.6638888888888889,0.008333333333333333,0.04861111111111111,0.09027777777777778,0.18888888888888888
626,720,0.01,0.17512742814367271,0.19139802457849675,163,2.8574167607252497e-05,0.030524330213665962,450657,9.617104081312815,0.6041666666666666,0.1638888888888889,0.07916666666666666,0.06388888888888888,0.08888888888888889
627,720,0.01,0.12874416289108379,0.1373990980427522,107,2.5982528531661348e-05,0.030840441584587097,451377,9.632929849624634,0.5458333333333333,0.027777777777777776,0.08333333333333333,0.2013888888888889,0.14166666666666666
628,720,0.01,-0.3707736482339644,-0.30979984809781935,102,2.6594579249048263e-05,0.030572453513741493,452097,9.650185783704122,0.48333333333333334,0.0375,0.05555555555555555,0.15,0.27361111111111114
629,720,0.01,-0.03610749059365081,-0.03546339070204518,94,2.8488373379786937e-05,0.0312657430768013,452817,9.664634664853414,0.7388888888888889,0.03194444444444444,0.05,0.10138888888888889,0.07777777777777778
630,720,0.01,0.11544263924577236,0.12237013270446684,103,2.9177210280472033e-05,0.03108493611216545,453537,9.679427949587504,0.5680555555555555,0.07083333333333333,0.19305555555555556,0.05416666666666667,0.11388888888888889
631,720,0.01,-0.03208246647001703,-0.031573283946636166,161,2.755045611214276e-05,0.03131338953971863,454257,9.70074831644694,0.16527777777777777,0.058333333333333334,0.075,0.2611111111111111,0.44027777777777777
632,720,0.01,0.12874353787493584,0.13739838715017072,87,2.8110303362735875e-05,0.030922137200832367,454977,9.710609765847524,0.4861111111111111,0.1,0.14722222222222223,0.1111111111111111,0.15555555555555556
633,720,0.01,-0.22202506236644282,-0.19910470824815785,122,2.8345863523150507e-05,0.030579205602407455,455697,9.720983481407165,0.525,0.009722222222222222,0.125,0.08333333333333333,0.2569444444444444
634,720,0.01,0.28647537762615216,0.33172537725042006,121,2.8399009712150775e-05,0.030486997216939926,456417,9.730543545881908,0.5388888888888889,0.05138888888888889,0.02361111111111111,0.12777777777777777,0.25833333333333336
635,720,0.01,0.28197316139612794,0.32574313841438696,137,3.068511533999501e-05,0.029850400984287262,457137,9.740918346246083,0.4,0.14166666666666666,0.12916666666666668,0.05277777777777778,0.2763888888888889
636,720,0.01,-0.24559031860088326,-0.21775737045598964,130,3.101378566283428e-05,0.029466457664966583,457857,9.752327930927276,0.49722222222222223,0.07916666666666666,0.2263888888888889,0.11805555555555555,0.07916666666666666
637,720,0.01,0.24532049291448257,0.27803084740605954,88,3.0006518463526137e-05,0.02959020808339119,458577,9.76281646490097,0.6458333333333334,0.043055555555555555,0.2,0.04722222222222222,0.06388888888888888
638,720,0.01,0.21354704421982293,0.23806174054676776,134,2.9879080971618855e-05,0.029450993984937668,459297,9.772094583511352,0.49166666666666664,0.125,0.11666666666666667,0.14583333333333334,0.12083333333333333
639,720,0.01,-0.019444497787173252,-0.019256672897023486,86,2.9141814373663995e-05,0.029358193278312683,460017,9.781174651781718,0.5305555555555556,0.11666666666666667,0.19027777777777777,0.07916666666666666,0.08333333333333333
640,720,0.01,0.14281619899150647,0.1535177644518564,74,2.9237306531765877e-05,0.029415560886263847,460737,9.792043733596802,0.5458333333333333,0.04027777777777778,0.1486111111111111,0.10972222222222222,0.15555555555555556
641,720,0.01,-0.07800811449765249,-0.07504307904767638,69,2.9835616371403578e-05,0.029134301468729973,461457,9.811101881663005,0.4486111111111111,0.006944444444444444,0.1111111111111111,0.030555555555555555,0.4027777777777778
642,720,0.01,-0.15103430261574077,-0.1401817958601237,114,3.105285837882042e-05,0.028863603249192238,462177,9.822095799446107,0.3888888888888889,0.17916666666666667,0.23333333333333334,0.06111111111111111,0.1375
643,720,0.01,0.008820496834127358,0.008859512043135842,142,3.0752131901737e-05,0.029239263385534286,462897,9.832067084312438,0.5222222222222223,0.030555555555555555,0.09027777777777778,0.05,0.30694444444444446
644,720,0.01,0.0936288119315055,0.09815204931769705,84,3.169032850994174e-05,0.029661808162927628,463617,9.842360349496206,0.6055555555555555,0.04861111111111111,0.04027777777777778,0.12916666666666668,0.1763888888888889
645,720,0.01,-0.05808834492800958,-0.05643341556747028,72,3.257686961369978e-05,0.029496164992451668,464337,9.852532335122426,0.7388888888888889,0.044444444444444446,0.05555555555555555,0.006944444444444444,0.15416666666666667
646,720,0.01,-0.19452951919890862,-0.17677812295248596,72,3.264468992685781e-05,0.029736768454313278,465057,9.865909751256307,0.7541666666666667,0.05,0.05555555555555555,0.059722222222222225,0.08055555555555556
647,720,0.01,0.4439744741947037,0.5588906931737345,74,3.200378141880517e-05,0.02953936532139778,465777,9.877563814322153,0.6625,0.08194444444444444,0.09583333333333334,0.07777777777777778,0.08194444444444444
648,720,0.01,0.13701542104938125,0.14684583395027273,67,3.2842114669999016e-05,0.029199372977018356,466497,9.896076381206512,0.65,0.06805555555555555,0.14166666666666666,0.034722222222222224,0.10555555555555556
649,720,0.01,-0.20204339881569905,-0.18294053224048057,51,3.4909733076599675e-05,0.02878705784678459,467217,9.909381095568339,0.6,0.018055555555555554,0.08333333333333333,0.075,0.22361111111111112
650,720,0.01,0.19401023440526577,0.21410870857320674,43,3.344365731108054e-05,0.02939387410879135,467937,9.921178646882375,0.6958333333333333,0.0375,0.0375,0.029166666666666667,0.2
651,720,0.01,0.16290344547075356,0.17692304695143735,68,3.4682226049653765e-05,0.028656277805566788,468657,9.942056731383007,0.6444444444444445,0.03333333333333333,0.11944444444444445,0.10555555555555556,0.09722222222222222
652,720,0.01,0.058286936430375864,0.06001911017704442,101,3.4347688265117745e-05,0.02933235839009285,469377,9.952753500143688,0.3875,0.04722222222222222,0.275,0.11805555555555555,0.17222222222222222
653,720,0.01,0.11266842266826199,0.11926074992106961,112,3.304659302456356e-05,0.02851608209311962,470097,9.964314182599386,0.6055555555555555,0.11805555555555555,0.08055555555555556,0.04027777777777778,0.15555555555555556
654,720,0.01,0.15283835629361425,0.16513662671738438,98,3.58633396887045e-05,0.028861820697784424,470817,9.976169379552205,0.4444444444444444,0.029166666666666667,0.044444444444444446,0.1625,0.3194444444444444
655,720,0.01,0.0028892226298114195,0.0028934004561003146,117,3.557062944486865e-05,0.02861136384308338,471537,9.987768312295279,0.5416666666666666,0.044444444444444446,0.10555555555555556,0.07083333333333333,0.2375
656,720,0.01,0.11192578090880018,0.11842984871760454,63,3.4628188167415725e-05,0.02897309698164463,472257,10.001348980267842,0.5527777777777778,0.008333333333333333,0.030555555555555555,0.04861111111111111,0.3597222222222222
657,720,0.01,-0.09005829918748097,-0.08612209462118403,142,3.545036159001332e-05,0.029089054092764854,472977,10.012270863850912,0.4736111111111111,0.05555555555555555,0.1736111111111111,0.07222222222222222,0.225
658,720,0.01,-0.07176113511618451,-0.0692468064859797,119,3.485031267145031e-05,0.02922459878027439,473697,10.021615413824717,0.6055555555555555,0.05555555555555555,0.10694444444444444,0.08194444444444444,0.15
659,720,0.01,0.05733504846273694,0.05901057082499017,74,3.518629423650863e-05,0.028742317110300064,474417,10.031747448444367,0.5736111111111111,0.043055555555555555,0.04861111111111111,0.11805555555555555,0.21666666666666667
660,720,0.01,0.41804549446795114,0.518989778462098,56,3.697481649346122e-05,0.0291576087474823,475137,10.042309665679932,0.8041666666666667,0.013888888888888888,0.10694444444444444,0.03611111111111111,0.03888888888888889
661,720,0.01,-0.24011581362313805,-0.21346323588086147,87,3.531012811082392e-05,0.028858335688710213,475857,10.064048846562704,0.5111111111111111,0.015277777777777777,0.12083333333333333,0.075,0.2777777777777778
662,720,0.01,-0.1657805296091758,-0.1527678438411011,79,3.706674544016803e-05,0.02916814759373665,476577,10.07863796154658,0.5902777777777778,0.03333333333333333,0.0875,0.1,0.18888888888888888
663,720,0.01,0.12257405591757421,0.13040282999316855,104,3.603004578533526e-05,0.02893124334514141,477297,10.089160446325938,0.4222222222222222,0.03611111111111111,0.07361111111111111,0.12361111111111112,0.34444444444444444
664,720,0.01,-0.07274855861482304,-0.07016540046541209,100,3.9806872881500666e-05,0.02865283191204071,478017,10.09980589946111,0.3958333333333333,0.058333333333333334,0.10833333333333334,0.10277777777777777,0.3347222222222222
665,720,0.01,-0.1177413245313673,-0.11107403378227876,34,3.7002040138152854e-05,0.029707103967666626,478737,10.112512664000194,0.6861111111111111,0.04722222222222222,0.009722222222222222,0.004166666666666667,0.25277777777777777
666,720,0.01,-0.04545775367981299,-0.04444002938827507,126,3.7661810256395253e-05,0.030262302607297897,479457,10.122967131932576,0.4736111111111111,0.03333333333333333,0.10138888888888889,0.125,0.26666666666666666
667,720,0.01,-0.22056058886215515,-0.19793095906116243,71,3.771678410152567e-05,0.030627788975834846,480177,10.132523584365845,0.5486111111111112,0.02361111111111111,0.10416666666666667,0.1486111111111111,0.175
668,720,0.01,-0.14033854041464086,-0.13093602768589352,103,3.865262857390108e-05,0.030430104583501816,480897,10.144935699303945,0.625,0.03194444444444444,0.12361111111111112,0.12916666666666668,0.09027777777777778
669,720,0.01,-0.03324878477216446,-0.03270211933120881,132,3.907362634107712e-05,0.030238717794418335,481617,10.15611739953359,0.44027777777777777,0.16944444444444445,0.11666666666666667,0.08194444444444444,0.19166666666666668
670,720,0.01,0.1360452583784393,0.14573374647295378,105,3.707221351179315e-05,0.0302473995834589,482337,10.166644982496898,0.5236111111111111,0.05138888888888889,0.1875,0.1111111111111111,0.12638888888888888
671,720,0.01,-0.06380006150852738,-0.06180743841485814,89,3.753168243115902e-05,0.02946302853524685,483057,10.188708198070525,0.6138888888888889,0.03888888888888889,0.17777777777777778,0.043055555555555555,0.12638888888888888
672,720,0.01,-0.4203693038471534,-0.34319578530300154,82,3.9227111557870054e-05,0.029573258012533188,483777,10.198672533035278,0.3958333333333333,0.05277777777777778,0.09305555555555556,0.058333333333333334,0.4
673,720,0.01,0.2228227788055782,0.24959909866671048,90,4.004020604624101e-05,0.02979668602347374,484497,10.207281132539114,0.5916666666666667,0.013888888888888888,0.15694444444444444,0.05694444444444444,0.18055555555555555
674,720,0.01,-0.06195337145266926,-0.060073286813465576,58,4.072093362057988e-05,0.029819410294294357,485217,10.22151721715927,0.5194444444444445,0.013888888888888888,0.07777777777777778,0.03611111111111111,0.3527777777777778
675,720,0.01,0.028954109934269875,0.02937735519674356,137,4.065126763824386e-05,0.02995402365922928,485937,10.242051601409912,0.42083333333333334,0.02638888888888889,0.09444444444444444,0.16805555555555557,0.2902777777777778
676,720,0.01,-0.030858358570937154,-0.03038709929295169,156,4.081399660738801e-05,0.02984345145523548,486657,10.258049484093984,0.4791666666666667,0.005555555555555556,0.22361111111111112,0.16666666666666666,0.125
677,720,0.01,-0.028877209312528018,-0.028464247314308966,93,4.103185504441677e-05,0.029939984902739525,487377,10.274964833259583,0.7375,0.03194444444444444,0.09722222222222222,0.05555555555555555,0.07777777777777778
678,720,0.01,0.07762557070004558,0.0807179304456156,87,4.014247025452278e-05,0.030063966289162636,488097,10.286429448922474,0.6222222222222222,0.03611111111111111,0.11527777777777778,0.08333333333333333,0.14305555555555555
679,720,0.01,0.05231300184204566,0.05370550266621521,128,3.99924640722323e-05,0.029487866908311844,488817,10.29639706214269,0.43333333333333335,0.1625,0.22777777777777777,0.10833333333333334,0.06805555555555555
680,720,0.01,-0.27202346526700233,-0.23816361581407086,88,4.163936889653996e-05,0.029843878000974655,489537,10.309493199984233,0.48194444444444445,0.001388888888888889,0.08611111111111111,0.09305555555555556,0.3375
681,720,0.01,0.07540948827069237,0.07832562218407313,93,4.020415281552737e-05,0.029387757182121277,490257,10.332932964960735,0.6236111111111111,0.059722222222222225,0.17916666666666667,0.07916666666666666,0.058333333333333334
682,720,0.01,0.06992394082913687,0.07242661027335551,126,3.993849511390282e-05,0.02925386093556881,490977,10.347476065158844,0.5402777777777777,0.05555555555555555,0.1736111111111111,0.05694444444444444,0.1736111111111111
683,720,0.01,0.16511916197227552,0.17953366589527842,104,3.989103672160531e-05,0.028960274532437325,491697,10.363669566313426,0.5069444444444444,0.011111111111111112,0.19583333333333333,0.058333333333333334,0.22777777777777777
684,720,0.01,0.03635569496298425,0.03702464533992722,65,3.9359516569624655e-05,0.029281258583068848,492417,10.375071700414022,0.6458333333333334,0.002777777777777778,0.13472222222222222,0.10138888888888889,0.11527777777777778
685,720,0.01,0.02281106640997882,0.02307322838841297,83,3.881861865377484e-05,0.02935776673257351,493137,10.385680417219797,0.5847222222222223,0.09444444444444444,0.17222222222222222,0.05277777777777778,0.09583333333333334
686,720,0.01,-0.1080577610442999,-0.10242424997955857,165,4.0426679357905315e-05,0.029892658814787865,493857,10.395474831263224,0.48333333333333334,0.005555555555555556,0.2013888888888889,0.10416666666666667,0.20555555555555555
687,720,0.01,-0.107947939478368,-0.10232567139222382,187,4.024044438387541e-05,0.029929030686616898,494577,10.406582566102346,0.5291666666666667,0.04583333333333333,0.26944444444444443,0.07083333333333333,0.08472222222222223
688,720,0.01,0.2991375500919253,0.3486951238530862,187,4.0963511642328535e-05,0.029910683631896973,495297,10.417155679066976,0.5361111111111111,0.05694444444444444,0.30416666666666664,0.030555555555555555,0.07222222222222222
689,720,0.01,0.12751934219743025,0.13600684089726145,103,4.062011136183072e-05,0.03005348891019821,496017,10.426336948076884,0.5555555555555556,0.11805555555555555,0.20555555555555555,0.025,0.09583333333333334
690,720,0.01,-0.24653090609478245,-0.2184927921720795,96,4.3929371430648546e-05,0.029943346977233887,496737,10.437399446964264,0.5180555555555556,0.011111111111111112,0.1638888888888889,0.05277777777777778,0.25416666666666665
691,720,0.01,0.022455321137379566,0.022709339653578464,95,3.9895732953078144e-05,0.030545921996235847,497457,10.458247148990631,0.5986111111111111,0.019444444444444445,0.1375,0.1361111111111111,0.10833333333333334
692,720,0.01,0.2807394393345947,0.32410854837882286,88,4.138271817105811e-05,0.030358877032995224,498177,10.46936487754186,0.5444444444444444,0.0125,0.05,0.08194444444444444,0.3111111111111111
693,720,0.01,0.003764525909915332,0.0037716206375491,137,4.135963575511899e-05,0.030522027984261513,498897,10.480307984352113,0.49444444444444446,0.04583333333333333,0.08055555555555556,0.04583333333333333,0.3333333333333333
694,720,0.01,-0.06434182066533183,-0.06231557516964492,197,4.0506255550099014e-05,0.0299820639193058,499617,10.491374746958416,0.5083333333333333,0.03333333333333333,0.2875,0.12083333333333333,0.05
695,720,0.01,0.012668977445179686,0.012749568917502785,158,3.966132859937311e-05,0.03039156273007393,500337,10.501099598407745,0.5583333333333333,0.06944444444444445,0.27361111111111114,0.034722222222222224,0.06388888888888888
696,720,0.01,-0.0764258127862858,-0.0735783596202838,108,4.0854944686290964e-05,0.029950473457574844,501057,10.510316983858745,0.6222222222222222,0.0875,0.1736111111111111,0.06527777777777778,0.05138888888888889
697,720,0.01,-0.1208276020034589,-0.11381327675992892,259,4.153329821166254e-05,0.030038446187973022,501777,10.520837330818177,0.44305555555555554,0.16111111111111112,0.33194444444444443,0.004166666666666667,0.059722222222222225
698,720,0.01,0.061270571441347926,0.06318654318875572,124,4.0140212005705206e-05,0.029888028278946877,502497,10.531073379516602,0.5777777777777777,0.11805555555555555,0.1527777777777778,0.13333333333333333,0.018055555555555554
699,720,0.01,0.05436053149197249,0.05586520619919466,87,3.6692198840329287e-05,0.029866090044379234,503217,10.541141096750895,0.5013888888888889,0.029166666666666667,0.16944444444444445,0.17222222222222222,0.12777777777777777
700,720,0.01,0.09375151678659281,0.0982868061732658,142,3.9488590654299415e-05,0.030102556571364403,503937,10.551427094141642,0.4027777777777778,0.25277777777777777,0.10138888888888889,0.13472222222222222,0.10833333333333334
701,720,0.01,-0.01998099120296497,-0.019782694118521515,146,3.9914638906187366e-05,0.03024950996041298,504657,10.569670216242473,0.4125,0.15555555555555556,0.2722222222222222,0.1388888888888889,0.020833333333333332
702,720,0.01,0.12151527936595528,0.1292066193545236,167,3.6996627218539086e-05,0.030685044825077057,505377,10.58072246313095,0.42777777777777776,0.06666666666666667,0.18611111111111112,0.22083333333333333,0.09861111111111111
703,720,0.01,0.3189860576886714,0.3757321438864658,176,3.890458220515332e-05,0.031406667083501816,506097,10.59093379577001,0.26944444444444443,0.07083333333333333,0.36944444444444446,0.019444444444444445,0.2708333333333333
704,720,0.01,-0.05689134610913646,-0.05530329123656841,247,3.688084292118927e-05,0.030913596972823143,506817,10.602177913983663,0.44027777777777777,0.15138888888888888,0.2847222222222222,0.1125,0.011111111111111112
705,720,0.01,-0.061393076905346844,-0.059546503438040244,90,3.440103435852709e-05,0.030508549883961678,507537,10.611788948376974,0.6847222222222222,0.0375,0.1736111111111111,0.09722222222222222,0.006944444444444444
706,720,0.01,0.3495185924373617,0.4183845631538414,75,3.357950866226626e-05,0.031074710190296173,508257,10.621923784414927,0.7319444444444444,0.043055555555555555,0.1638888888888889,0.05138888888888889,0.009722222222222222
707,720,0.01,0.15884518436180145,0.17215646448182076,126,3.7302130302426424e-05,0.03125231713056564,508977,10.6326043009758,0.5305555555555556,0.09166666666666666,0.2152777777777778,0.125,0.0375
708,720,0.01,0.01064308248913766,0.010699921560239245,89,3.415104931466178e-05,0.03135887533426285,509697,10.642530397574108,0.5694444444444444,0.10972222222222222,0.20555555555555555,0.08888888888888889,0.02638888888888889
709,720,0.01,-0.19082129210358728,-0.17371976223913632,129,3.3469734623597306e-05,0.03107609786093235,510417,10.651911063989003,0.4041666666666667,0.11666666666666667,0.24722222222222223,0.1388888888888889,0.09305555555555556
710,720,0.01,0.03908831983642317,0.03986232006461887,188,3.3066848785286615e-05,0.03156052157282829,511137,10.662153697013855,0.5138888888888888,0.13194444444444445,0.2513888888888889,0.09444444444444444,0.008333333333333333
711,720,0.01,-0.17629917266789347,-0.16163287071613563,152,3.065574570023778e-05,0.031746286898851395,511857,10.681174031893413,0.5277777777777778,0.1736111111111111,0.19583333333333333,0.09444444444444444,0.008333333333333333
712,720,0.01,0.30760879947477326,0.36016878610140735,127,3.32881702181314e-05,0.0319267213344574,512577,10.692898615201313,0.7041666666666667,0.07222222222222222,0.13055555555555556,0.05694444444444444,0.03611111111111111
713,720,0.01,0.06620593466331892,0.06844672472815483,165,3.348354997064639e-05,0.031688932329416275,513297,10.702683250109354,0.5180555555555556,0.1625,0.21666666666666667,0.09166666666666666,0.011111111111111112
714,720,0.01,0.09019443073909887,0.09438704550294363,94,3.240392336339129e-05,0.03156455606222153,514017,10.712127029895782,0.7791666666666667,0.06111111111111111,0.12916666666666668,0.025,0.005555555555555556
715,720,0.01,-0.024134307265277547,-0.023845403700955448,135,3.474332159625091e-05,0.0313897579908371,514737,10.721731281280517,0.3611111111111111,0.1527777777777778,0.19583333333333333,0.27361111111111114,0.016666666666666666
716,720,0.01,-0.06496510398861444,-0.06289983613517125,74,3.483943684538341e-05,0.031083207577466965,515457,10.73209639787674,0.3055555555555556,0.018055555555555554,0.1,0.10694444444444444,0.46944444444444444
717,720,0.01,0.009230861068829291,0.00927359686170992,138,3.196523467750012e-05,0.031101979315280914,516177,10.743560047944387,0.4375,0.10694444444444444,0.1527777777777778,0.2986111111111111,0.004166666666666667
718,720,0.01,0.08349500758021398,0.0870797881206864,100,3.3666484116818335e-05,0.031371477991342545,516897,10.758294332027436,0.42916666666666664,0.1388888888888889,0.1875,0.19305555555555556,0.05138888888888889
719,720,0.01,-0.2599720582393669,-0.22892686935659023,74,3.0944116665270686e-05,0.031305667012929916,517617,10.770987566312154,0.6111111111111112,0.013888888888888888,0.05,0.25833333333333336,0.06666666666666667
720,720,0.01,-0.1535936143724276,-0.142379525161765,182,3.135362107274078e-05,0.030878398567438126,518337,10.782934264341991,0.375,0.32916666666666666,0.10694444444444444,0.13194444444444445,0.05694444444444444
721,720,0.01,0.1562311549349765,0.16909641426396305,149,3.1974420334614075e-05,0.030708421021699905,519057,10.806263744831085,0.5333333333333333,0.2625,0.16527777777777777,0.030555555555555555,0.008333333333333333
722,720,0.01,-0.010345191515613432,-0.010291864074487345,102,3.0119431795583295e-05,0.030519863590598106,519777,10.817430798212687,0.4527777777777778,0.175,0.1763888888888889,0.175,0.020833333333333332
723,720,0.01,0.09415563534356614,0.09873073394620335,168,2.976333094769264e-05,0.03077499009668827,520497,10.829034614562989,0.5875,0.0625,0.029166666666666667,0.28888888888888886,0.03194444444444444
724,720,0.01,0.06410341870942518,0.06620265836286654,156,2.8644728846908644e-05,0.030553560703992844,521217,10.839771513144175,0.46944444444444444,0.15694444444444444,0.21944444444444444,0.058333333333333334,0.09583333333333334
725,720,0.01,0.14099383709241461,0.15141755188291417,110,2.8955572145150654e-05,0.03066197782754898,521937,10.84988003174464,0.29444444444444445,0.025,0.034722222222222224,0.13194444444444445,0.5138888888888888
726,720,0.01,-0.06361539733390409,-0.061634171862267384,162,2.975264319565617e-05,0.03097882680594921,522657,10.861347448825835,0.4125,0.09583333333333334,0.21944444444444444,0.10555555555555556,0.16666666666666666
727,720,0.01,-0.08065483626191634,-0.07748794579313512,102,2.814749796142577e-05,0.0307308416813612,523377,10.870759562651317,0.6180555555555556,0.043055555555555555,0.1111111111111111,0.225,0.002777777777777778
728,720,0.01,-0.10611155181212048,-0.10067567877751049,107,2.9770748032989207e-05,0.030807074159383774,524097,10.881338580449421,0.4791666666666667,0.14583333333333334,0.08472222222222223,0.24861111111111112,0.041666666666666664
729,720,0.01,0.2254712687362331,0.252913035824349,156,2.942433955644851e-05,0.0303167924284935,524817,10.891471715768178,0.2652777777777778,0.5236111111111111,0.11388888888888889,0.04722222222222222,0.05
730,720,0.01,0.08512891873939621,0.08885743177784722,90,2.8632415498779866e-05,0.030347470194101334,525537,10.90104196468989,0.5833333333333334,0.1763888888888889,0.17222222222222222,0.06805555555555555,0.0
731,720,0.01,-0.0478528103739363,-0.046725911191560665,127,2.8526498245658633e-05,0.030326765030622482,526257,10.920693961779277,0.39305555555555555,0.43472222222222223,0.04861111111111111,0.12083333333333333,0.002777777777777778
732,720,0.01,-0.18248880863162478,-0.16680603154321605,143,2.9897233960380415e-05,0.030309511348605156,526977,10.930405330657958,0.37222222222222223,0.46111111111111114,0.07916666666666666,0.05277777777777778,0.034722222222222224
733,720,0.01,-0.005439302896433112,-0.005424536673218072,80,2.773953190108437e-05,0.030170027166604996,527697,10.940879499912262,0.6138888888888889,0.1736111111111111,0.09861111111111111,0.075,0.03888888888888889
734,720,0.01,-0.04199557016522683,-0.04112597178341182,67,2.7689603465180173e-05,0.029624387621879578,528417,10.95088708003362,0.675,0.041666666666666664,0.06527777777777778,0.16805555555555557,0.05
735,720,0.01,-0.1682108089859632,-0.15482435471738742,198,2.8969909557948388e-05,0.029406335204839706,529137,10.961874612172444,0.36666666666666664,0.2847222222222222,0.11527777777777778,0.21388888888888888,0.019444444444444445
736,720,0.01,0.04074091526173293,0.04158221252949312,112,2.7463890110842232e-05,0.029147803783416748,529857,10.971138131618499,0.4527777777777778,0.17777777777777778,0.05694444444444444,0.1375,0.175
737,720,0.01,-0.14954708747012546,-0.13890210985611673,101,2.7236496815577184e-05,0.02968069352209568,530577,10.981145747502644,0.35833333333333334,0.24305555555555555,0.12916666666666668,0.09861111111111111,0.17083333333333334
738,720,0.01,0.22107750309408034,0.24742010573551854,120,2.6231914015776663e-05,0.02969421073794365,531297,10.99214438199997,0.4847222222222222,0.022222222222222223,0.09166666666666666,0.19027777777777777,0.2111111111111111
739,720,0.01,-0.1680118897259904,-0.15465621628104842,132,2.4729813752502295e-05,0.03007611446082592,532017,11.002565864721934,0.18472222222222223,0.2902777777777778,0.07916666666666666,0.07222222222222222,0.3736111111111111
740,720,0.01,0.06124422066127148,0.0631585277630915,74,2.554366531563169e-05,0.02977784536778927,532737,11.012479213873545,0.4305555555555556,0.30972222222222223,0.11944444444444445,0.027777777777777776,0.1125
741,720,0.01,0.10717547534167707,0.11312956413340625,69,2.615907334997145e-05,0.03030742146074772,533457,11.034146384398143,0.46111111111111114,0.20833333333333334,0.10833333333333334,0.19444444444444445,0.027777777777777776
742,720,0.01,0.008351938613632951,0.008386913354092362,94,2.429053901917339e-05,0.02982258051633835,534177,11.043052430947622,0.5805555555555556,0.0625,0.1111111111111111,0.23472222222222222,0.011111111111111112
743,720,0.01,0.11978346562499426,0.12725273618393906,91,2.4040103453318e-05,0.029100172221660614,534897,11.053427199522654,0.6013888888888889,0.05277777777777778,0.12083333333333333,0.18472222222222223,0.04027777777777778
744,720,0.01,-0.13803241977747033,-0.12892954862216566,166,2.4368806158589805e-05,0.029815249145030975,535617,11.063857197761536,0.4930555555555556,0.2152777777777778,0.1111111111111111,0.058333333333333334,0.12222222222222222
745,720,0.01,-0.044642635259566056,-0.043660817322670575,137,2.459060212534799e-05,0.02897091954946518,536337,11.073549815018971,0.4027777777777778,0.1736111111111111,0.05416666666666667,0.11666666666666667,0.25277777777777777
746,720,0.01,-0.07513309354272643,-0.07237998212217489,105,2.5485141563624186e-05,0.029410887509584427,537057,11.083217147986094,0.5166666666666667,0.18194444444444444,0.07361111111111111,0.075,0.1527777777777778
747,720,0.01,0.13426939146179362,0.1437008814004741,81,2.4617001920053856e-05,0.02902224287390709,537777,11.092513195673625,0.38472222222222224,0.1361111111111111,0.029166666666666667,0.0875,0.3625
748,720,0.01,-0.13904791012967185,-0.1298136632806982,76,2.4541264727102115e-05,0.02900862880051136,538497,11.103824798266093,0.42083333333333334,0.06111111111111111,0.1638888888888889,0.19305555555555556,0.16111111111111112
749,720,0.01,-0.028918320301203407,-0.0285041872886449,77,2.5116393126407073e-05,0.029620876535773277,539217,11.112743131319682,0.30277777777777776,0.09861111111111111,0.11944444444444445,0.13194444444444445,0.3472222222222222
750,720,0.01,-0.08107854616144367,-0.07787874048529875,75,2.5144074238091384e-05,0.02999740280210972,539937,11.125743397076924,0.42916666666666664,0.09583333333333334,0.10833333333333334,0.2791666666666667,0.0875
751,720,0.01,-0.10307664514256218,-0.09794216751927798,78,2.5858410824892214e-05,0.029367411509156227,540657,11.144676701227825,0.6555555555555556,0.09583333333333334,0.13194444444444445,0.11388888888888889,0.002777777777777778
752,720,0.01,-0.059955469644526055,-0.05819352837254754,102,2.4649328519722582e-05,0.029339130967855453,541377,11.15752542813619,0.4847222222222222,0.12222222222222222,0.20694444444444443,0.15,0.03611111111111111
753,720,0.01,-0.011718473944581606,-0.01165008004684187,152,2.4483879340348518e-05,0.029606247320771217,542097,11.16795421441396,0.4041666666666667,0.24027777777777778,0.19722222222222222,0.13194444444444445,0.02638888888888889
754,720,0.01,0.06756620394436375,0.069901088925451,88,2.486158961498101e-05,0.02947867661714554,542817,11.177636448542277,0.5111111111111111,0.1763888888888889,0.12222222222222222,0.1763888888888889,0.013888888888888888
755,720,0.01,-0.008085141879820632,-0.008052545029425762,108,2.420888471558808e-05,0.02890654280781746,543537,11.187964983781178,0.4652777777777778,0.12638888888888888,0.18055555555555555,0.1875,0.04027777777777778
756,720,0.01,0.006740131232270735,0.006762897036212356,62,2.406412437747147e-05,0.028343651443719864,544257,11.198053216934204,0.5069444444444444,0.06944444444444445,0.17916666666666667,0.2013888888888889,0.043055555555555555
757,720,0.01,-0.1080475645303553,-0.10241509778924995,102,2.427371020795969e-05,0.028449930250644684,544977,11.206695544719697,0.5208333333333334,0.1986111111111111,0.12222222222222222,0.14027777777777778,0.018055555555555554
758,720,0.01,0.06322545789332867,0.06526698500918071,96,2.399441679775312e-05,0.028169726952910423,545697,11.216505833466847,0.49444444444444446,0.11527777777777778,0.08472222222222223,0.3,0.005555555555555556
759,720,0.01,0.09686943566059425,0.10171651934053627,105,2.5237617376837484e-05,0.02829824760556221,546417,11.22754712899526,0.6055555555555555,0.12638888888888888,0.05694444444444444,0.1111111111111111,0.1
760,720,0.01,0.21481559631355288,0.23963328294085606,114,2.4366384911268647e-05,0.02779308333992958,547137,11.237649965286256,0.45694444444444443,0.20277777777777778,0.09861111111111111,0.1388888888888889,0.10277777777777777
761,720,0.01,-0.05390059491817544,-0.052473709251013356,107,2.4838288870417575e-05,0.027722526341676712,547857,11.258444344997406,0.32916666666666666,0.1125,0.04861111111111111,0.1736111111111111,0.33611111111111114
762,720,0.01,-0.07391917832192098,-0.07125324632084507,142,2.2918057545161395e-05,0.02782454714179039,548577,11.268832794825236,0.46944444444444444,0.1597222222222222,0.0625,0.16666666666666666,0.14166666666666666
763,720,0.01,-0.02944446053859409,-0.029015195883288714,147,2.3622645778055408e-05,0.027824603021144867,549297,11.278593250115712,0.41944444444444445,0.1597222222222222,0.2111111111111111,0.15833333333333333,0.05138888888888889
764,720,0.01,0.04338240034576624,0.04433717339982435,79,2.3532850901928112e-05,0.027294760569930077,550017,11.288427495956421,0.29444444444444445,0.2263888888888889,0.19027777777777777,0.09027777777777778,0.1986111111111111
765,720,0.01,-0.09658408471018717,-0.09206644893950433,97,2.2877710895525323e-05,0.027940327301621437,550737,11.297813630104065,0.24722222222222223,0.20277777777777778,0.1111111111111111,0.20694444444444443,0.23194444444444445
766,720,0.01,-0.09540479753540497,-0.090995102959058,130,2.3943607215591733e-05,0.02798149734735489,551457,11.307299248377483,0.25277777777777777,0.15555555555555556,0.18055555555555555,0.25833333333333336,0.1527777777777778
767,720,0.01,-0.036712682919871766,-0.03604694425747512,89,2.3454634718215554e-05,0.028255032375454903,552177,11.317012198766072,0.22916666666666666,0.09583333333333334,0.15694444444444444,0.11527777777777778,0.4027777777777778
768,720,0.01,0.07969262433348046,0.08295414275962898,102,2.4222154278656185e-05,0.02894599922001362,552897,11.32721254825592,0.28194444444444444,0.21805555555555556,0.10833333333333334,0.07361111111111111,0.31805555555555554
769,720,0.01,0.19016624182221997,0.20945064222442866,99,2.372434069128657e-05,0.028644317761063576,553617,11.338178980350495,0.15833333333333333,0.1486111111111111,0.013888888888888888,0.041666666666666664,0.6375
770,720,0.01,-0.02391993429171805,-0.023636120105921643,91,2.5309535021102015e-05,0.02879931963980198,554337,11.34920209646225,0.31666666666666665,0.2,0.10833333333333334,0.1527777777777778,0.2222222222222222
771,720,0.01,0.16837523878056898,0.1833805776306836,93,2.5576106936063703e-05,0.028800414875149727,555057,11.37043201526006,0.3402777777777778,0.16111111111111112,0.09583333333333334,0.09722222222222222,0.3055555555555556
772,720,0.01,0.006947190570043382,0.006971378278215035,114,2.6933154283723422e-05,0.028962714597582817,555777,11.381016699473063,0.29305555555555557,0.2625,0.14305555555555555,0.175,0.12638888888888888
773,720,0.01,-0.17749976122712613,-0.1626388007251286,93,2.6482763970787143e-05,0.02913350611925125,556497,11.39152985016505,0.36666666666666664,0.1486111111111111,0.24305555555555555,0.018055555555555554,0.22361111111111112
774,720,0.01,0.26222638943930593,0.2998207748189823,86,2.5513202696300948e-05,0.028850005939602852,557217,11.401112699508667,0.23055555555555557,0.19027777777777777,0.19583333333333333,0.18333333333333332,0.2
775,720,0.01,-0.06723200828779408,-0.06502174653281356,90,2.7428659633541327e-05,0.028734803199768066,557937,11.412159983317057,0.25,0.175,0.1361111111111111,0.1388888888888889,0.3
776,720,0.01,0.22806042037033902,0.2561612208656765,93,2.5526096772586647e-05,0.028752446174621582,558657,11.421892046928406,0.3402777777777778,0.16111111111111112,0.18472222222222223,0.2111111111111111,0.10277777777777777
777,720,0.01,0.0590337781247772,0.06081107234376004,115,2.5401113981615707e-05,0.02911393903195858,559377,11.43122653166453,0.3402777777777778,0.25,0.14166666666666666,0.16527777777777777,0.10277777777777777
778,720,0.01,0.025561512598993266,0.025891009551881616,122,2.5753201319073722e-05,0.02877674251794815,560097,11.44223731358846,0.37777777777777777,0.20555555555555555,0.11388888888888889,0.10833333333333334,0.19444444444444445
779,720,0.01,-0.06768514481826263,-0.06544532335834052,67,2.5696490855706442e-05,0.029233518987894058,560817,11.452528365453084,0.4583333333333333,0.15833333333333333,0.22361111111111112,0.08472222222222223,0.075
780,720,0.01,-0.06627288789858049,-0.06412455964009867,87,2.527931865377771e-05,0.028717849403619766,561537,11.464506514867146,0.2777777777777778,0.0875,0.10972222222222222,0.20694444444444443,0.31805555555555554
781,720,0.01,-0.08283548560678247,-0.07949742931401338,140,2.521783485462947e-05,0.02845430001616478,562257,11.485507913430531,0.4486111111111111,0.10555555555555556,0.13055555555555556,0.17916666666666667,0.1361111111111111
782,720,0.01,0.094674184099282,0.09930062714709087,136,2.486263956534963e-05,0.028375733643770218,562977,11.496318284670512,0.18472222222222223,0.29305555555555557,0.2722222222222222,0.12638888888888888,0.12361111111111112
783,720,0.01,0.13347951277251552,0.14279785313569104,140,2.360021473337939e-05,0.027948321774601936,563697,11.50647012790044,0.35833333333333334,0.25833333333333336,0.1527777777777778,0.11527777777777778,0.11527777777777778
784,720,0.01,0.08603323646133947,0.0898425502129665,106,2.4071578880264294e-05,0.02744186669588089,564417,11.517505264282226,0.4666666666666667,0.12361111111111112,0.2,0.1638888888888889,0.04583333333333333
785,720,0.01,-0.06975651755324302,-0.06737913092531833,118,2.4905719660258303e-05,0.027324417605996132,565137,11.527005132039388,0.3972222222222222,0.225,0.12083333333333333,0.08472222222222223,0.17222222222222222
786,720,0.01,-0.041660442755423376,-0.040804572962237495,115,2.315055562070888e-05,0.02845216728746891,565857,11.53709016640981,0.37222222222222223,0.14583333333333334,0.11527777777777778,0.058333333333333334,0.30833333333333335
787,720,0.01,0.08299071322200878,0.08653171812253779,107,2.539374202115141e-05,0.028238430619239807,566577,11.547206032276154,0.2152777777777778,0.20416666666666666,0.225,0.14027777777777778,0.2152777777777778
788,720,0.01,0.05926524976382335,0.061056648442246786,96,2.4129748355663753e-05,0.028172379359602928,567297,11.556828796863556,0.2569444444444444,0.2638888888888889,0.18472222222222223,0.09583333333333334,0.1986111111111111
789,720,0.01,0.06955441286223235,0.0720303918598113,99,2.312733011788421e-05,0.02866308018565178,568017,11.567608181635539,0.35694444444444445,0.1486111111111111,0.175,0.1486111111111111,0.17083333333333334
790,720,0.01,-0.027050936245663213,-0.026688336580308114,95,2.408970238560768e-05,0.02907414361834526,568737,11.578265949090321,0.3402777777777778,0.1638888888888889,0.12361111111111112,0.1388888888888889,0.23333333333333334
791,720,0.01,-0.07108430204758892,-0.06861662870738328,110,2.385594739785625e-05,0.029645204544067383,569457,11.598538466294606,0.2875,0.13055555555555556,0.11944444444444445,0.10416666666666667,0.35833333333333334
792,720,0.01,-0.11588294342614382,-0.10942053462279278,94,2.389181797879145e-05,0.029675286263227463,570177,11.608622845013937,0.42083333333333334,0.1375,0.18333333333333332,0.0625,0.19583333333333333
793,720,0.01,0.04946271978507655,0.05070642092348132,86,2.352242996216268e-05,0.029938632622361183,570897,11.618289816379548,0.45416666666666666,0.05694444444444444,0.23055555555555557,0.15,0.10833333333333334
794,720,0.01,0.09320876370076293,0.0976908693579921,88,2.4130381094917336e-05,0.029723335057497025,571617,11.627931567033132,0.25555555555555554,0.175,0.21388888888888888,0.10138888888888889,0.25416666666666665
795,720,0.01,0.06096162448610885,0.06285812567779248,83,2.4570590564583957e-05,0.0301719531416893,572337,11.638323366641998,0.30416666666666664,0.1638888888888889,0.2388888888888889,0.1736111111111111,0.11944444444444445
796,720,0.01,0.1265662448751077,0.13492463162636548,127,2.3129399260015916e-05,0.030086619779467583,573057,11.648099148273468,0.30833333333333335,0.17222222222222222,0.24166666666666667,0.12083333333333333,0.15694444444444444
797,720,0.01,0.03203707454512878,0.03255578613158239,103,2.464538402288478e-05,0.030218228697776794,573777,11.657872049013774,0.1625,0.1375,0.1597222222222222,0.0763888888888889,0.4638888888888889
798,720,0.01,0.10611639068038932,0.11195128974230895,67,2.5048251330240922e-05,0.03032045066356659,574497,11.66858936548233,0.1986111111111111,0.09444444444444444,0.07222222222222222,0.1111111111111111,0.5236111111111111
799,720,0.01,-0.3583920863394443,-0.3012009682686366,86,2.5227699462801763e-05,0.03002738580107689,575217,11.678441548347473,0.2916666666666667,0.15,0.17777777777777778,0.05416666666666667,0.3263888888888889
800,720,0.01,0.2388727177988991,0.2698169012072198,104,2.680552773755254e-05,0.02997536212205887,575937,11.689795084794362,0.41388888888888886,0.1486111111111111,0.1,0.09027777777777778,0.24722222222222223
801,720,0.01,-0.0019946267662106195,-0.0019926388201992884,115,2.7858527249059584e-05,0.029529375955462456,576657,11.708667548497518,0.37916666666666665,0.26805555555555555,0.20694444444444443,0.058333333333333334,0.0875
802,720,0.01,-0.1016303635527617,-0.09663659399732838,92,2.6435748098821125e-05,0.02947629615664482,577377,11.718216530481975,0.30277777777777776,0.08611111111111111,0.23472222222222222,0.06805555555555555,0.30833333333333335
803,720,0.01,-0.061996031565228045,-0.06011338333758154,114,2.6866172441310078e-05,0.029700350016355515,578097,11.727461063861847,0.1986111111111111,0.2569444444444444,0.2902777777777778,0.16805555555555557,0.08611111111111111
804,720,0.01,0.09224733956882303,0.09663603002202859,105,2.6066887619435876e-05,0.029361875727772713,578817,11.737896180152893,0.2777777777777778,0.20972222222222223,0.19027777777777777,0.05555555555555555,0.26666666666666666
805,720,0.01,-0.14665834266624073,-0.13641102147332984,134,2.6035541295262496e-05,0.029556043446063995,579537,11.74938501516978,0.21388888888888888,0.18194444444444444,0.3,0.13333333333333333,0.17083333333333334
806,720,0.01,0.1277918884584324,0.13631649751017538,113,2.6287710195699925e-05,0.029836811125278473,580257,11.75995579957962,0.3486111111111111,0.06388888888888888,0.19722222222222222,0.07777777777777778,0.3125
807,720,0.01,0.13855709775887506,0.1486152630552129,119,2.7671049532626864e-05,0.029790136963129044,580977,11.769997664292653,0.3611111111111111,0.2152777777777778,0.23055555555555557,0.08333333333333333,0.10972222222222222
808,720,0.01,-0.06357873042059355,-0.061599764252986855,143,2.6502417793178916e-05,0.03027608059346676,581697,11.780410798390706,0.35833333333333334,0.1763888888888889,0.18472222222222223,0.08055555555555556,0.2
809,720,0.01,0.13727608382284442,0.14714481293073534,86,2.6340940986655266e-05,0.03032134659588337,582417,11.790715964635213,0.35833333333333334,0.16805555555555557,0.2708333333333333,0.1125,0.09027777777777778
810,720,0.01,0.015380906014225286,0.015499800937568198,124,2.621265309951721e-05,0.030875731259584427,583137,11.800344880421957,0.21666666666666667,0.05138888888888889,0.09305555555555556,0.1388888888888889,0.5
811,720,0.01,0.13296081562985085,0.14220524086106012,114,2.746449698128749e-05,0.030654393136501312,583857,11.821879184246063,0.1986111111111111,0.1125,0.15833333333333333,0.29583333333333334,0.23472222222222222
812,720,0.01,-0.1399314116543315,-0.13058213471310076,87,2.775499224172664e-05,0.030934227630496025,584577,11.83289577960968,0.2847222222222222,0.11944444444444445,0.17916666666666667,0.17083333333333334,0.24583333333333332
813,720,0.01,0.009992426910470462,0.010042517912785431,85,2.7087572248597602e-05,0.031050359830260277,585297,11.84296609958013,0.2833333333333333,0.18611111111111112,0.25972222222222224,0.14027777777777778,0.13055555555555556
814,720,0.01,0.09230513203724312,0.09669940915656206,109,2.628333633399254e-05,0.031600043177604675,586017,11.852525413036346,0.2722222222222222,0.14166666666666666,0.26805555555555555,0.22083333333333333,0.09722222222222222
815,720,0.01,0.07206187590152446,0.07472184138932558,67,2.5946594920848535e-05,0.03155351057648659,586737,11.862247816721599,0.22777777777777777,0.06527777777777778,0.34305555555555556,0.12638888888888888,0.2375
816,720,0.01,0.1462052764806617,0.1574337575945992,113,2.7631568769316394e-05,0.03161408752202988,587457,11.872213796774547,0.3736111111111111,0.24444444444444444,0.16666666666666666,0.17916666666666667,0.03611111111111111
817,720,0.01,-0.11911691528615209,-0.11229599147355585,90,2.7727091454228987e-05,0.031671665608882904,588177,11.88268981774648,0.24305555555555555,0.10277777777777777,0.2111111111111111,0.14444444444444443,0.2986111111111111
818,720,0.01,-0.06864979269921673,-0.06634640486374077,116,2.7448781545065988e-05,0.0312025249004364,588897,11.892078999678294,0.36527777777777776,0.24583333333333332,0.17083333333333334,0.19722222222222222,0.020833333333333332
819,720,0.01,0.21757233328214615,0.24305534052858158,110,2.772969073008527e-05,0.03074887953698635,589617,11.902174746990204,0.325,0.2569444444444444,0.08194444444444444,0.2513888888888889,0.08472222222222223
820,720,0.01,0.0985980644255342,0.10362262520674448,163,2.9080668148632564e-05,0.031031914055347443,590337,11.91272797981898,0.2972222222222222,0.16666666666666666,0.1361111111111111,0.19027777777777777,0.20972222222222223
821,720,0.01,0.49214255612311586,0.6358172983564692,122,2.6510201171150686e-05,0.0314314104616642,591057,11.932239564259847,0.5041666666666667,0.1486111111111111,0.13194444444444445,0.09166666666666666,0.12361111111111112
822,720,0.01,-0.36238041217929623,-0.3039824560768709,125,2.7304637984570946e-05,0.03135913982987404,591777,11.944961380958556,0.2902777777777778,0.12222222222222222,0.12083333333333333,0.14583333333333334,0.32083333333333336
823,720,0.01,0.23948889808201332,0.2705995784552888,77,2.8677476167457725e-05,0.031408265233039856,592497,11.95812459786733,0.19444444444444445,0.09444444444444444,0.14027777777777778,0.020833333333333332,0.55
824,720,0.01,0.054211671469581654,0.055708041779003015,85,2.747784668852344e-05,0.031664036214351654,593217,11.968296130498251,0.3486111111111111,0.14305555555555555,0.1388888888888889,0.019444444444444445,0.35
825,720,0.01,-0.0053095402386615104,-0.00529546954387794,99,2.7899135521794153e-05,0.03151574730873108,593937,11.978288479646046,0.3902777777777778,0.17083333333333334,0.20555555555555555,0.21805555555555556,0.015277777777777777
826,720,0.01,-0.1446965893831863,-0.13471521012160959,103,2.932596861708387e-05,0.031612902879714966,594657,11.98957544962565,0.4152777777777778,0.13194444444444445,0.08333333333333333,0.10138888888888889,0.26805555555555555
827,720,0.01,0.053002918092425806,0.054432722047007776,75,2.9814513079094872e-05,0.031705621629953384,595377,12.00075896581014,0.2652777777777778,0.041666666666666664,0.06944444444444445,0.013888888888888888,0.6097222222222223
828,720,0.01,0.12276345946385928,0.13061695257504957,54,3.4747882733022886e-05,0.03245546668767929,596097,12.011465799808501,0.1111111111111111,0.04722222222222222,0.002777777777777778,0.029166666666666667,0.8097222222222222
829,720,0.01,-0.07264463962097613,-0.07006876796849448,80,3.134633632018651e-05,0.032924190163612366,596817,12.021985614299775,0.5152777777777777,0.09583333333333334,0.0625,0.04583333333333333,0.28055555555555556
830,720,0.01,0.22680023068937474,0.25457921647967763,101,3.112768249719819e-05,0.03264709562063217,597537,12.033369465668995,0.5569444444444445,0.17777777777777778,0.1,0.04861111111111111,0.11666666666666667
831,720,0.01,0.2842998466878993,0.3288313166915424,90,3.081284263544149e-05,0.032450370490550995,598257,12.055997629960379,0.4486111111111111,0.06388888888888888,0.05138888888888889,0.17083333333333334,0.2652777777777778
832,720,0.01,-0.0048370636772847265,-0.004825383924264681,79,3.191928954859375e-05,0.03262786939740181,598977,12.067935911814372,0.28888888888888886,0.10694444444444444,0.16527777777777777,0.1638888888888889,0.275
833,720,0.01,0.16964786052572892,0.18488753217475362,96,3.339823381275488e-05,0.03285181522369385,599697,12.081711534659068,0.43472222222222223,0.12916666666666668,0.10277777777777777,0.1597222222222222,0.1736111111111111
834,720,0.01,-0.05787390915590407,-0.056231059442984344,90,3.158751941833139e-05,0.03316092491149902,600417,12.092627215385438,0.5194444444444445,0.11388888888888889,0.07777777777777778,0.1736111111111111,0.11527777777777778
835,720,0.01,0.12044158083971652,0.1279948425294115,95,3.077590361171032e-05,0.03307043015956879,601137,12.103011814753215,0.4777777777777778,0.12361111111111112,0.23194444444444445,0.15138888888888888,0.015277777777777777
836,720,0.01,0.1668277553222392,0.18155073195501292,115,3.0842359118802655e-05,0.03306887671351433,601857,12.112398465474447,0.46111111111111114,0.2638888888888889,0.06805555555555555,0.16944444444444445,0.0375
837,720,0.01,-0.09231431018794231,-0.08818148934676384,110,2.9762345411023084e-05,0.033347152173519135,602577,12.123060981432596,0.5333333333333333,0.17777777777777778,0.10277777777777777,0.0875,0.09861111111111111
838,720,0.01,-0.05453876382867106,-0.05307819816811199,100,3.07519286549349e-05,0.03321284428238869,603297,12.134744163354238,0.49166666666666664,0.23055555555555557,0.15,0.11666666666666667,0.011111111111111112
839,720,0.01,0.12804114714326095,0.13659976956844178,119,2.8490092806047566e-05,0.033011578023433685,604017,12.145242396990458,0.38333333333333336,0.18055555555555555,0.1597222222222222,0.25555555555555554,0.020833333333333332
840,720,0.01,0.3798592428388211,0.4620787768917136,99,2.983899386713852e-05,0.03277062624692917,604737,12.154570647080739,0.5097222222222222,0.10833333333333334,0.15,0.17083333333333334,0.06111111111111111
841,720,0.01,-0.16541980409658116,-0.1524621704585024,141,2.8197685660794985e-05,0.03273289278149605,605457,12.17393853267034,0.2708333333333333,0.1638888888888889,0.15,0.14722222222222223,0.26805555555555555
842,720,0.01,-0.055349054948976205,-0.05384516971868125,134,3.1710453852282524e-05,0.033344611525535583,606177,12.184340282281239,0.5027777777777778,0.1111111111111111,0.11805555555555555,0.15138888888888888,0.11666666666666667
843,720,0.01,0.09880495608587186,0.10385097914550889,118,3.124901549793119e-05,0.033555880188941956,606897,12.196030298868815,0.3236111111111111,0.2361111111111111,0.14166666666666666,0.21666666666666667,0.08194444444444444
844,720,0.01,0.25260889873889253,0.28737968254550084,94,3.280544409373457e-05,0.03257475048303604,607617,12.206334765752157,0.44027777777777777,0.11805555555555555,0.06111111111111111,0.14166666666666666,0.2388888888888889
845,720,0.01,0.1427817552754619,0.15347803369776924,79,3.0249244421535574e-05,0.033969633281230927,608337,12.217122113704681,0.3236111111111111,0.125,0.11666666666666667,0.019444444444444445,0.4152777777777778
846,720,0.01,0.20717780321814044,0.23020128608374835,62,2.9239963705170643e-05,0.034059345722198486,609057,12.22830296754837,0.29305555555555557,0.041666666666666664,0.044444444444444446,0.0763888888888889,0.5444444444444444
847,720,0.01,0.2020305520819771,0.22388539978722388,88,2.979241146097896e-05,0.03448309004306793,609777,12.23997231721878,0.4444444444444444,0.14305555555555555,0.12083333333333333,0.24305555555555555,0.04861111111111111
848,720,0.01,-0.018457490430931662,-0.018288194149388093,115,3.112285433720293e-05,0.03391815349459648,610497,12.251037847995757,0.5930555555555556,0.13194444444444445,0.10416666666666667,0.11805555555555555,0.05277777777777778
849,720,0.01,0.15620483343221797,0.1690656422944552,108,3.0575979859450954e-05,0.034166641533374786,611217,12.261593695481618,0.6111111111111112,0.18888888888888888,0.10833333333333334,0.0875,0.004166666666666667
850,720,0.01,0.3065764613299764,0.35876535651173436,109,3.074703629535078e-05,0.033815689384937286,611937,12.271737547715505,0.48333333333333334,0.175,0.06944444444444445,0.19583333333333333,0.0763888888888889
851,720,0.01,0.02208438206312095,0.022330047149443866,87,3.152566389796145e-05,0.034210801124572754,612657,12.29103153149287,0.5,0.09861111111111111,0.10416666666666667,0.29305555555555557,0.004166666666666667
852,720,0.01,-0.062260656720610166,-0.06036206807398614,129,3.197399782253443e-05,0.03473873436450958,613377,12.30202049811681,0.4486111111111111,0.2,0.1625,0.18055555555555555,0.008333333333333333
853,720,0.01,0.12504430600274347,0.13319865945751208,118,3.208901915488443e-05,0.03499853238463402,614097,12.312887581189473,0.3527777777777778,0.2125,0.14722222222222223,0.2833333333333333,0.004166666666666667
854,720,0.01,0.04960441062828323,0.05085530694986451,122,3.271246006306683e-05,0.03506067395210266,614817,12.322685778141022,0.5041666666666667,0.1,0.12777777777777777,0.24722222222222223,0.020833333333333332
855,720,0.01,-0.051520890936622654,-0.05021619211839523,86,3.1703938292872006e-05,0.03518003597855568,615537,12.33264894882838,0.5041666666666667,0.12222222222222222,0.19583333333333333,0.14444444444444443,0.03333333333333333
856,720,0.01,-0.09949358842402792,-0.09470424577759573,113,3.166514978703263e-05,0.035411763936281204,616257,12.343364131450652,0.41805555555555557,0.15694444444444444,0.16944444444444445,0.22916666666666666,0.02638888888888889
857,720,0.01,-0.09471498456294843,-0.09036784326798819,59,2.9682022303884676e-05,0.035959742963314056,616977,12.352727230389913,0.3236111111111111,0.1597222222222222,0.09444444444444444,0.14166666666666666,0.28055555555555556
858,720,0.01,0.011506084511995852,0.011572534116091715,103,3.0493744824550758e-05,0.03602437674999237,617697,12.366011047363282,0.42083333333333334,0.15138888888888888,0.1388888888888889,0.19583333333333333,0.09305555555555556
859,720,0.01,0.2110169180971504,0.23493324760532297,88,3.058788179386182e-05,0.035170577466487885,618417,12.375604665279388,0.4111111111111111,0.1486111111111111,0.10138888888888889,0.18194444444444444,0.15694444444444444
860,720,0.01,-0.2607671441066528,-0.22953969504859784,80,3.173298212257376e-05,0.03511831536889076,619137,12.386234366893769,0.30416666666666664,0.09444444444444444,0.18472222222222223,0.1125,0.30416666666666664
861,720,0.01,0.21465320561375273,0.23943199436868468,109,3.101498103761615e-05,0.03452833741903305,619857,12.404136164983113,0.40694444444444444,0.10833333333333334,0.15555555555555556,0.25972222222222224,0.06944444444444445
862,720,0.01,0.00016339053037689412,0.00016340387933611034,111,3.2082145248245474e-05,0.03419242054224014,620577,12.41348573366801,0.5305555555555556,0.1,0.0875,0.2708333333333333,0.011111111111111112
863,720,0.01,0.06580767571883753,0.06802129098534881,64,3.14609271362719e-05,0.03432493656873703,621297,12.423436133066813,0.14027777777777778,0.08194444444444444,0.10694444444444444,0.14722222222222223,0.5236111111111111
864,720,0.01,-0.10134575992256131,-0.09637945690325367,94,3.3583088280566797e-05,0.034365858882665634,622017,12.433883249759674,0.35833333333333334,0.18194444444444444,0.17083333333333334,0.1986111111111111,0.09027777777777778
865,720,0.01,-0.011377678103047996,-0.011313197103246186,106,3.256302238696662e-05,0.03411845490336418,622737,12.443838600317637,0.3597222222222222,0.14444444444444443,0.22916666666666666,0.1638888888888889,0.10277777777777777
866,720,0.01,-0.06198494577391589,-0.06010296389293712,93,3.058691454561489e-05,0.034206539392471313,623457,12.453607781728108,0.325,0.05277777777777778,0.09583333333333334,0.11944444444444445,0.40694444444444444
867,720,0.01,0.31673854642375454,0.3726436424165809,91,3.27893676045379e-05,0.0340094193816185,624177,12.46424860159556,0.37777777777777777,0.11388888888888889,0.2152777777777778,0.10972222222222222,0.18333333333333332
868,720,0.01,0.11109895178507398,0.11750548054576515,100,3.3568223103151873e-05,0.03425402566790581,624897,12.474413847923278,0.43194444444444446,0.11805555555555555,0.19583333333333333,0.24305555555555555,0.011111111111111112
869,720,0.01,0.10034570997719612,0.10555305273860927,66,3.184996133616854e-05,0.03434605896472931,625617,12.485224862893423,0.5402777777777777,0.10694444444444444,0.1,0.2111111111111111,0.041666666666666664
870,720,0.01,-0.004991065994649141,-0.004978631320796678,109,3.346711379713775e-05,0.034174926578998566,626337,12.495997281869252,0.44583333333333336,0.13472222222222222,0.125,0.26666666666666666,0.027777777777777776
871,720,0.01,0.01702746792525667,0.017173261580643695,123,3.2592075120874144e-05,0.03390282392501831,627057,12.515260334809621,0.40694444444444444,0.2,0.15138888888888888,0.23194444444444445,0.009722222222222222
872,720,0.01,0.05190463357963881,0.05327529062945091,93,3.1132190426635336e-05,0.03465738892555237,627777,12.525698812802633,0.43472222222222223,0.09444444444444444,0.18194444444444444,0.2763888888888889,0.0125
873,720,0.01,0.013172144924263177,0.01325927978925101,132,3.163173612013755e-05,0.034567881375551224,628497,12.53477438290914,0.45,0.12638888888888888,0.14444444444444443,0.25555555555555554,0.02361111111111111
874,720,0.01,-0.016280704137274168,-0.016148889786622544,122,3.0758675476110713e-05,0.03473863750696182,629217,12.545308232307434,0.5611111111111111,0.11388888888888889,0.20416666666666666,0.08472222222222223,0.03611111111111111
875,720,0.01,0.5252230286853646,0.6908359112400673,128,3.150782296188481e-05,0.03396496921777725,629937,12.556157048543295,0.5097222222222222,0.11944444444444445,0.1,0.20416666666666666,0.06666666666666667
876,720,0.01,-0.022113872934927142,-0.02187115369321635,94,3.262527745467499e-05,0.03428446128964424,630657,12.567809247970581,0.6277777777777778,0.08472222222222223,0.12916666666666668,0.10138888888888889,0.05694444444444444
877,720,0.01,0.4288470886982621,0.5354862232479709,117,3.2633792000069664e-05,0.03395770490169525,631377,12.578239945570628,0.5569444444444445,0.1375,0.14166666666666666,0.14305555555555555,0.020833333333333332
878,720,0.01,-0.034577185459790355,-0.03398622540849572,103,3.2699639348897514e-05,0.03356636315584183,632097,12.587606847286224,0.325,0.10972222222222222,0.08472222222222223,0.23055555555555557,0.25
879,720,0.01,0.2860952916462675,0.3312193032873705,113,3.131862633709817e-05,0.034197479486465454,632817,12.598444481690725,0.4625,0.09444444444444444,0.15416666666666667,0.16527777777777777,0.12361111111111112
880,720,0.01,0.03389711092584489,0.03447816475174714,85,3.170223473413595e-05,0.03382088989019394,633537,12.608018028736115,0.46944444444444444,0.1625,0.2152777777777778,0.12638888888888888,0.02638888888888889
881,720,0.01,-0.22040617827593054,-0.19780710154814896,65,3.1638615829226383e-05,0.03443187475204468,634257,12.628253034750621,0.3,0.0763888888888889,0.19166666666666668,0.027777777777777776,0.4041666666666667
882,720,0.01,0.17471578854863376,0.19090769890378123,86,3.2119115101320655e-05,0.034350257366895676,634977,12.63951598405838,0.6513888888888889,0.08333333333333333,0.04583333333333333,0.12361111111111112,0.09583333333333334
883,720,0.01,0.00912445223606979,0.009166206950046663,69,3.110461422769125e-05,0.03402885049581528,635697,12.649919597307841,0.6333333333333333,0.09583333333333334,0.09166666666666666,0.07361111111111111,0.10555555555555556
884,720,0.01,-0.055386509800219905,-0.053880607143445336,103,3.159364133832949e-05,0.03378883749246597,636417,12.660434901714325,0.5236111111111111,0.11527777777777778,0.1597222222222222,0.16666666666666666,0.034722222222222224
885,720,0.01,0.15354345855837645,0.16595845689474942,81,3.190269159429388e-05,0.03381434082984924,637137,12.669405762354533,0.6222222222222222,0.09305555555555556,0.10972222222222222,0.08472222222222223,0.09027777777777778
886,720,0.01,0.17892814562086334,0.19593480792736395,69,3.162615261531856e-05,0.034492433071136475,637857,12.679541714986165,0.6819444444444445,0.13055555555555556,0.12222222222222222,0.05555555555555555,0.009722222222222222
887,720,0.01,0.07208950512207171,0.07475153552632063,84,3.0233707531755904e-05,0.033993177115917206,638577,12.69131894906362,0.3458333333333333,0.18888888888888888,0.12638888888888888,0.24722222222222223,0.09166666666666666
888,720,0.01,0.05332269932084735,0.05476996375706045,85,3.121140357759739e-05,0.033765919506549835,639297,12.701000714302063,0.4986111111111111,0.10416666666666667,0.13055555555555556,0.175,0.09166666666666666
889,720,0.01,0.07379212053304388,0.07658298273636088,105,3.127822234761071e-05,0.03374721482396126,640017,12.711755033334097,0.40694444444444444,0.07916666666666666,0.16666666666666666,0.07916666666666666,0.26805555555555555
890,720,0.01,-0.013210253528969354,-0.01312338108622757,59,3.129865881419391e-05,0.033184975385665894,640737,12.721446478366852,0.6166666666666667,0.05,0.13055555555555556,0.04722222222222222,0.15555555555555556
891,720,0.01,0.4921429541460102,0.6358179494493303,101,3.026013797453844e-05,0.03301641345024109,641457,12.740187931060792,0.5347222222222222,0.04861111111111111,0.1875,0.10972222222222222,0.11944444444444445
892,720,0.01,0.1581184126661558,0.17130488383040898,100,3.4012755343661004e-05,0.033186256885528564,642177,12.753713015715281,0.5416666666666666,0.10416666666666667,0.12361111111111112,0.2222222222222222,0.008333333333333333
893,720,0.01,0.14331900655028074,0.15409790774099807,69,3.104684786308099e-05,0.033060044050216675,642897,12.766545081138611,0.5611111111111111,0.06111111111111111,0.15694444444444444,0.16805555555555557,0.05277777777777778
894,720,0.01,-0.22347104851213473,-0.2002619548612592,62,3.183338043299955e-05,0.03390645608305931,643617,12.778137497107188,0.4861111111111111,0.06944444444444445,0.14583333333333334,0.08472222222222223,0.21388888888888888
895,720,0.01,0.09453775801175639,0.09915066409318762,105,3.0904462809960224e-05,0.03363238275051117,644337,12.788345114390056,0.4597222222222222,0.08611111111111111,0.1597222222222222,0.1388888888888889,0.15555555555555556
896,720,0.01,0.04577224220581444,0.04683595875445512,94,3.190966357856774e-05,0.033796343952417374,645057,12.798246649901072,0.5819444444444445,0.08333333333333333,0.15555555555555556,0.09583333333333334,0.08333333333333333
897,720,0.01,0.11686647496296103,0.12396934162253226,65,2.965363103031551e-05,0.03298529237508774,645777,12.808626612027487,0.6513888888888889,0.09861111111111111,0.16111111111111112,0.05555555555555555,0.03333333333333333
898,720,0.01,-0.40420367239728466,-0.3324918455629672,70,3.074880151214327e-05,0.032872624695301056,646497,12.820519065856933,0.47638888888888886,0.09027777777777778,0.07916666666666666,0.08611111111111111,0.26805555555555555
899,720,0.01,-0.10908310012973163,-0.1033440978196345,145,2.9852879480232434e-05,0.032748401165008545,647217,12.831439717610676,0.3972222222222222,0.05,0.22777777777777777,0.044444444444444446,0.28055555555555556
900,720,0.01,-0.02967495837696237,-0.029238979989861136,129,3.1055820301162385e-05,0.0330129973590374,647937,12.84211243391037,0.44027777777777777,0.11388888888888889,0.35833333333333334,0.06666666666666667,0.020833333333333332
901,720,0.01,0.0059632428238055295,0.0059810583514607885,97,3.002666226355662e-05,0.03243839740753174,648657,12.862727797031402,0.5819444444444445,0.11527777777777778,0.11527777777777778,0.08333333333333333,0.10416666666666667
902,720,0.01,-0.0718852843834997,-0.06936235164043625,90,3.0033868491980483e-05,0.033456481993198395,649377,12.872128717104594,0.5430555555555555,0.0763888888888889,0.10833333333333334,0.016666666666666666,0.25555555555555554
903,720,0.01,0.1809619403619227,0.19836956891316992,94,3.019970606285622e-05,0.0330304391682148,650097,12.884981282552083,0.6333333333333333,0.07361111111111111,0.10138888888888889,0.05694444444444444,0.13472222222222222
904,720,0.01,-0.11781073054819236,-0.1111357284518284,106,2.912791448971398e-05,0.03383852541446686,650817,12.895216079552968,0.5486111111111112,0.14166666666666666,0.16805555555555557,0.05138888888888889,0.09027777777777778
905,720,0.01,-0.23472837737144223,-0.2092143842726819,85,2.9389676610789036e-05,0.033752523362636566,651537,12.90483359893163,0.6847222222222222,0.09166666666666666,0.10694444444444444,0.018055555555555554,0.09861111111111111
906,720,0.01,0.009719719075358815,0.009767108959151782,91,2.9987491946788698e-05,0.03399451822042465,652257,12.91465943257014,0.5472222222222223,0.12916666666666668,0.18055555555555555,0.13194444444444445,0.011111111111111112
907,720,0.01,0.15984045670002744,0.1733236601294159,103,2.8625488093641453e-05,0.03436632454395294,652977,12.92620948155721,0.6402777777777777,0.07916666666666666,0.1527777777777778,0.11666666666666667,0.011111111111111112
908,720,0.01,-0.04614258861620824,-0.04509420621283211,129,3.191047069953533e-05,0.03437572717666626,653697,12.936779733498891,0.6138888888888889,0.09166666666666666,0.1736111111111111,0.11388888888888889,0.006944444444444444
909,720,0.01,0.20145174364995772,0.22317720957100629,114,3.0903860286141734e-05,0.033855732530355453,654417,12.947498965263367,0.5805555555555556,0.08055555555555556,0.20833333333333334,0.059722222222222225,0.07083333333333333
910,720,0.01,0.16524318320416662,0.179679962185316,122,2.9827780175790194e-05,0.034702930599451065,655137,12.959886999924978,0.5180555555555556,0.19722222222222222,0.2125,0.044444444444444446,0.027777777777777776
911,720,0.01,-0.135706346711076,-0.1269010167642587,80,2.989239683996756e-05,0.03419080376625061,655857,12.978146632512411,0.5986111111111111,0.07222222222222222,0.1375,0.12638888888888888,0.06527777777777778
912,720,0.01,0.11614493097129969,0.12315864081059313,167,2.956367382706857e-05,0.034129537642002106,656577,12.990159229437511,0.5430555555555555,0.1638888888888889,0.05138888888888889,0.16527777777777777,0.0763888888888889
913,720,0.01,-0.40061043243292277,-0.3300890141963798,116,2.8563320706275085e-05,0.03378818929195404,657297,13.000174816449483,0.2777777777777778,0.0763888888888889,0.1527777777777778,0.06666666666666667,0.4263888888888889
914,720,0.01,-0.10276911874358001,-0.09766471826308243,94,2.86031637674316e-05,0.03360820934176445,658017,13.009881766637166,0.31666666666666665,0.10416666666666667,0.2611111111111111,0.25972222222222224,0.058333333333333334
915,720,0.01,0.08097925312777983,0.08434839949570239,106,2.9461308048439606e-05,0.033134251832962036,658737,13.020178763071696,0.3638888888888889,0.09861111111111111,0.30833333333333335,0.17777777777777778,0.05138888888888889
916,720,0.01,-0.27952099145299175,-0.24385414495159918,113,2.9186011285749677e-05,0.03327297419309616,659457,13.03193841377894,0.5138888888888888,0.16527777777777777,0.19166666666666668,0.058333333333333334,0.07083333333333333
917,720,0.01,0.014195522119192266,0.014296757003451788,93,2.928687460376346e-05,0.03307115659117699,660177,13.042025963465372,0.4861111111111111,0.19305555555555556,0.20972222222222223,0.10694444444444444,0.004166666666666667
918,720,0.01,0.09229697731514566,0.09669046591412189,133,2.9682074365508822e-05,0.03369512781500816,660897,13.051804999510447,0.5958333333333333,0.12638888888888888,0.1375,0.10277777777777777,0.0375
919,720,0.01,0.017695381637622874,0.017852872485364157,113,2.9651117174959532e-05,0.03342950716614723,661617,13.061478932698568,0.6777777777777778,0.09027777777777778,0.09305555555555556,0.08333333333333333,0.05555555555555555
920,720,0.01,0.017707027859241026,0.017864726694518218,267,2.9183268308467327e-05,0.0337839350104332,662337,13.07171091636022,0.3611111111111111,0.05,0.15555555555555556,0.2569444444444444,0.1763888888888889
921,720,0.01,0.00137383937614365,0.001374783525779133,131,3.2139776185936676e-05,0.034141432493925095,663057,13.093051731586456,0.25555555555555554,0.09166666666666666,0.07916666666666666,0.12361111111111112,0.45
922,720,0.01,-0.02983577336752931,-0.02939508036216021,152,3.1470452168807444e-05,0.03409719094634056,663777,13.103511901696523,0.49722222222222223,0.14027777777777778,0.17777777777777778,0.12638888888888888,0.058333333333333334
923,720,0.01,0.052919413847414616,0.05434467611479299,207,3.030497541721565e-05,0.03439546748995781,664497,13.114634394645691,0.49027777777777776,0.10555555555555556,0.2013888888888889,0.17777777777777778,0.025
924,720,0.01,-0.1405002287648613,-0.13107653384640228,146,3.11025551740032e-05,0.033954717218875885,665217,13.123704914251963,0.5361111111111111,0.1,0.20694444444444443,0.0875,0.06944444444444445
925,720,0.01,-0.03492706819086165,-0.03432415782439924,199,3.045070249009364e-05,0.034074921160936356,665937,13.132862830162049,0.4444444444444444,0.09722222222222222,0.275,0.14166666666666666,0.041666666666666664
926,720,0.01,-0.024000589897900115,-0.023714866150813307,163,3.1382885071530434e-05,0.034200407564640045,666657,13.143076161543528,0.5875,0.03194444444444444,0.1,0.13472222222222222,0.14583333333333334
927,720,0.01,0.07243175866033508,0.07511943599613247,147,3.26918760859169e-05,0.03452156111598015,667377,13.15390388170878,0.6083333333333333,0.043055555555555555,0.14166666666666666,0.08611111111111111,0.12083333333333333
928,720,0.01,-0.1805753397147047,-0.16521021449655848,114,3.0021767541812652e-05,0.034361567348241806,668097,13.164025215307872,0.3416666666666667,0.06111111111111111,0.08611111111111111,0.19722222222222222,0.3138888888888889
929,720,0.01,-0.1685579076148323,-0.15511766311860375,180,2.971808173949992e-05,0.034716010093688965,668817,13.174614663918813,0.46944444444444444,0.0763888888888889,0.1875,0.2013888888888889,0.06527777777777778
930,720,0.01,0.03855142694033521,0.039304175217480086,95,2.8306497311329317e-05,0.034092728048563004,669537,13.184695796171825,0.45416666666666666,0.17222222222222222,0.30277777777777776,0.025,0.04583333333333333
931,720,0.01,0.07225812436666187,0.07493277459812786,129,2.8974181328243908e-05,0.03406056389212608,670257,13.205903867880503,0.4166666666666667,0.15555555555555556,0.09722222222222222,0.125,0.20555555555555555
932,720,0.01,0.17865492365051147,0.1956080968970737,131,2.8733664195594125e-05,0.03420943394303322,670977,13.215959397951762,0.5486111111111112,0.16527777777777777,0.1763888888888889,0.08055555555555556,0.029166666666666667
933,720,0.01,0.014151550299872438,0.01425215751028297,136,3.0320132412321577e-05,0.03398003801703453,671697,13.226377598444621,0.46944444444444444,0.10555555555555556,0.1736111111111111,0.19305555555555556,0.058333333333333334
934,720,0.01,0.2393609972423616,0.2704370780945313,130,3.054030686371334e-05,0.034180980175733566,672417,13.236053347587585,0.5361111111111111,0.12638888888888888,0.14444444444444443,0.13472222222222222,0.058333333333333334
935,720,0.01,-0.1375648314413379,-0.12852215099938835,118,3.198885597220801e-05,0.03514261171221733,673137,13.246715931097667,0.4583333333333333,0.12916666666666668,0.17916666666666667,0.17222222222222222,0.06111111111111111
936,720,0.01,0.023015699263942167,0.023282604204805768,149,3.123229009373871e-05,0.03572983294725418,673857,13.25683954556783,0.5430555555555555,0.1361111111111111,0.12777777777777777,0.1361111111111111,0.05694444444444444
937,720,0.01,-0.2146428532453296,-0.19317045471996808,377,3.101438062079372e-05,0.036383286118507385,674577,13.267557398478191,0.5527777777777778,0.034722222222222224,0.04722222222222222,0.26666666666666666,0.09861111111111111
938,720,0.01,0.0296897558525514,0.030134891051377233,297,2.84132442749928e-05,0.03625413775444031,675297,13.27827527920405,0.5055555555555555,0.04583333333333333,0.1388888888888889,0.2361111111111111,0.07361111111111111
939,720,0.01,-0.18409085775807213,-0.16813978056155832,130,2.8358700272848283e-05,0.036231253296136856,676017,13.288643145561219,0.4736111111111111,0.09444444444444444,0.1625,0.19583333333333333,0.07361111111111111
940,720,0.01,0.06316379868816041,0.06520130351854747,144,3.0243272564373708e-05,0.03650759533047676,676737,13.298121213912964,0.38333333333333336,0.1125,0.32083333333333336,0.08611111111111111,0.09722222222222222
941,720,0.01,-0.07531458889305188,-0.07254832556505075,173,2.8552821122376474e-05,0.03646346181631088,677457,13.317786780993144,0.6458333333333334,0.1597222222222222,0.075,0.075,0.044444444444444446
942,720,0.01,-0.09829414761220122,-0.09361774563716041,125,2.8521679506512656e-05,0.03609563782811165,678177,13.328267014026641,0.48055555555555557,0.09305555555555556,0.11944444444444445,0.21666666666666667,0.09027777777777778
943,720,0.01,-0.059279686841494525,-0.05755685665356569,91,2.9234159232929517e-05,0.03656481206417084,678897,13.338749146461486,0.4708333333333333,0.1763888888888889,0.2013888888888889,0.13333333333333333,0.018055555555555554
944,720,0.01,0.025011014693149314,0.025326414118062246,177,2.85481662501752e-05,0.03665146976709366,679617,13.349372597535451,0.5416666666666666,0.12638888888888888,0.12777777777777777,0.17777777777777778,0.02638888888888889
945,720,0.01,0.5579556517854395,0.7470971719491188,119,2.8053789747496515e-05,0.03659216687083244,680337,13.360118198394776,0.5375,0.1375,0.059722222222222225,0.1625,0.10277777777777777
946,720,0.01,-0.009256724433437427,-0.00921401285120238,172,2.8063544583447865e-05,0.03603431582450867,681057,13.370982948939005,0.36527777777777776,0.19305555555555556,0.1375,0.24722222222222223,0.05694444444444444
947,720,0.01,0.1922012079953242,0.21191433928929193,215,2.913052804084752e-05,0.03646213933825493,681777,13.380907213687896,0.39861111111111114,0.20833333333333334,0.18611111111111112,0.1736111111111111,0.03333333333333333
948,720,0.01,0.08567634567865785,0.08945366485115147,148,2.985143745301381e-05,0.03616432100534439,682497,13.391320967674256,0.49444444444444446,0.15555555555555556,0.1986111111111111,0.0625,0.08888888888888889
949,720,0.01,-0.11995160691404314,-0.11303664142735803,214,2.7859126952181313e-05,0.03614703565835953,683217,13.402064216136932,0.49166666666666664,0.18888888888888888,0.15416666666666667,0.1638888888888889,0.001388888888888889
950,720,0.01,0.001088118000714923,0.0010887102158849693,159,2.830446796969631e-05,0.03585866466164589,683937,13.411671030521394,0.45,0.14166666666666666,0.1375,0.25555555555555554,0.015277777777777777
951,720,0.01,0.13442659259026216,0.1438806866020823,128,2.8400418638815002e-05,0.03612109273672104,684657,13.432909146944683,0.47638888888888886,0.14722222222222223,0.15833333333333333,0.1361111111111111,0.08194444444444444
952,720,0.01,0.05024495829182006,0.05152864549113878,138,2.8901075575049616e-05,0.03629131242632866,685377,13.443382966518403,0.44166666666666665,0.15694444444444444,0.21666666666666667,0.14305555555555555,0.041666666666666664
953,720,0.01,0.059797197737600075,0.06162122552595406,94,2.8400133016425066e-05,0.03701170161366463,686097,13.453193545341492,0.49583333333333335,0.24722222222222223,0.03333333333333333,0.04722222222222222,0.1763888888888889
954,720,0.01,0.27719173201114006,0.3194193217049024,156,2.7035256704898025e-05,0.03609023243188858,686817,13.462648697694142,0.4,0.1625,0.1597222222222222,0.018055555555555554,0.25972222222222224
955,720,0.01,-0.07103472931620683,-0.06857045634527115,128,2.8849616646514024e-05,0.03594343364238739,687537,13.472271466255188,0.49027777777777776,0.15555555555555556,0.10972222222222222,0.18888888888888888,0.05555555555555555
956,720,0.01,-0.17097232713488225,-0.157155102917945,141,2.8022275078380213e-05,0.03605835884809494,688257,13.483543133735656,0.4013888888888889,0.21388888888888888,0.12083333333333333,0.10138888888888889,0.1625
957,720,0.01,-0.22620370548181337,-0.20244438133467502,238,2.7509339090177795e-05,0.03574791178107262,688977,13.493615412712098,0.4,0.1986111111111111,0.11666666666666667,0.24027777777777778,0.044444444444444446
958,720,0.01,0.37781898242140133,0.4590987964378752,176,2.763317306049531e-05,0.03618711978197098,689697,13.502172315120697,0.38055555555555554,0.2986111111111111,0.22777777777777777,0.075,0.018055555555555554
959,720,0.01,0.20823748091342706,0.23150559389821845,91,2.8975637889061545e-05,0.035685017704963684,690417,13.510838266213735,0.5138888888888888,0.1361111111111111,0.16527777777777777,0.15694444444444444,0.027777777777777776
960,720,0.01,0.22317845979448317,0.2500436363619769,129,2.9636652072263636e-05,0.03642190992832184,691137,13.519979584217072,0.32083333333333336,0.19166666666666668,0.2125,0.2013888888888889,0.07361111111111111
961,720,0.01,0.21352348717355493,0.23803257581258985,212,2.7867184091216283e-05,0.03651419281959534,691857,13.536229566733043,0.3888888888888889,0.14722222222222223,0.10277777777777777,0.26666666666666666,0.09444444444444444
962,720,0.01,0.058527933229342924,0.060274602174581915,179,2.782389456430994e-05,0.03668111935257912,692577,13.54584629535675,0.24861111111111112,0.13194444444444445,0.12777777777777777,0.4083333333333333,0.08333333333333333
963,720,0.01,-0.07678130352441087,-0.07390763540232437,170,2.759760208227312e-05,0.03741742670536041,693297,13.555666081110637,0.2611111111111111,0.15694444444444444,0.10694444444444444,0.3819444444444444,0.09305555555555556
964,720,0.01,0.08628914415889277,0.09012148499994588,351,2.5798114702032156e-05,0.0379907451570034,694017,13.564772713184357,0.24166666666666667,0.13194444444444445,0.07083333333333333,0.30416666666666664,0.2513888888888889
965,720,0.01,-0.12281242386070228,-0.11557045511793862,340,2.5986079565932918e-05,0.037843674421310425,694737,13.573469750086467,0.225,0.18611111111111112,0.10416666666666667,0.32916666666666666,0.15555555555555556
966,720,0.01,0.11735524969541163,0.12451884371719735,195,2.5744629472986464e-05,0.0380871444940567,695457,13.58288729985555,0.24027777777777778,0.22083333333333333,0.11666666666666667,0.15,0.2722222222222222
967,720,0.01,0.01202700092255478,0.01209961612049959,344,2.621799835209357e-05,0.03843879699707031,696177,13.592119884490966,0.09722222222222222,0.14722222222222223,0.04027777777777778,0.43194444444444446,0.2833333333333333
968,720,0.01,0.08412763622693714,0.08776772351680107,187,2.6565323536765894e-05,0.03892085701227188,696897,13.601344883441925,0.24305555555555555,0.1125,0.10694444444444444,0.43472222222222223,0.10277777777777777
969,720,0.01,0.001446903288682616,0.0014479505582840613,352,2.7195427340605722e-05,0.037949882447719574,697617,13.611129780610403,0.16666666666666666,0.11944444444444445,0.08888888888888889,0.4375,0.1875
970,720,0.01,0.021454448902331835,0.021686250347237035,289,2.6754255254167624e-05,0.03801630437374115,698337,13.620823899904886,0.2125,0.13472222222222222,0.12638888888888888,0.37916666666666665,0.14722222222222223
971,720,0.01,0.05362599794681142,0.055089922556857296,238,2.7747321407408284e-05,0.03802911937236786,699057,13.637389401594797,0.25416666666666665,0.1875,0.15,0.2833333333333333,0.125
972,720,0.01,-0.05621143728855307,-0.05466076520669838,288,2.870878704344351e-05,0.038824647665023804,699777,13.645797550678253,0.3277777777777778,0.19444444444444445,0.09027777777777778,0.24861111111111112,0.1388888888888889
973,720,0.01,0.011869383770659582,0.011940104432789811,213,2.899473241705487e-05,0.038544125854969025,700497,13.655391816298167,0.28055555555555556,0.15694444444444444,0.1,0.2916666666666667,0.17083333333333334
974,720,0.01,-0.12197292800739244,-0.11482766844292336,321,2.6490051776464598e-05,0.03900900483131409,701217,13.665141014258067,0.24861111111111112,0.05555555555555555,0.058333333333333334,0.37777777777777777,0.25972222222222224
975,720,0.01,-0.18530910622091537,-0.1691525759517163,223,2.5470665636678153e-05,0.039317235350608826,701937,13.674438432852428,0.2625,0.12222222222222222,0.29444444444444445,0.18333333333333332,0.1375
976,720,0.01,0.07843383568911191,0.08159179001932482,255,2.7864865014256187e-05,0.039106953889131546,702657,13.684078582127889,0.39166666666666666,0.1361111111111111,0.13194444444444445,0.24861111111111112,0.09166666666666666
977,720,0.01,-0.04199637264781617,-0.0411267412628149,255,2.745751995373919e-05,0.03927590698003769,703377,13.694430311520895,0.2708333333333333,0.2388888888888889,0.14166666666666666,0.2513888888888889,0.09722222222222222
978,720,0.01,0.23873071264071466,0.2696365934599183,250,2.6652029657093914e-05,0.039561860263347626,704097,13.703610348701478,0.22083333333333333,0.12222222222222222,0.18472222222222223,0.28055555555555556,0.19166666666666668
979,720,0.01,-0.05502772108979268,-0.053541089282627574,271,2.80680654940271e-05,0.039838872849941254,704817,13.712971448898315,0.17777777777777778,0.14027777777777778,0.12361111111111112,0.4388888888888889,0.11944444444444445
980,720,0.01,-0.054830041827574824,-0.053353975489787486,160,2.753410310687185e-05,0.039364296942949295,705537,13.721013247966766,0.3138888888888889,0.32916666666666666,0.19583333333333333,0.10833333333333334,0.05277777777777778
981,720,0.01,-0.13605413662020194,-0.12720461898234292,159,2.9352470385725206e-05,0.0389404222369194,706257,13.737306034564972,0.5138888888888888,0.18333333333333332,0.10555555555555556,0.175,0.022222222222222223
982,720,0.01,-0.04358375282040673,-0.04264763022790974,177,2.771159914358476e-05,0.03852800279855728,706977,13.746277932325999,0.2375,0.1875,0.22777777777777777,0.29444444444444445,0.05277777777777778
983,720,0.01,-0.03800909248543266,-0.037295812522395444,168,2.7904425873101797e-05,0.03873836249113083,707697,13.756000582377116,0.2722222222222222,0.23472222222222222,0.17222222222222222,0.2388888888888889,0.08194444444444444
984,720,0.01,-0.0871467695702451,-0.08345743479750045,176,2.764601012788464e-05,0.03841763734817505,708417,13.76476666132609,0.25972222222222224,0.2125,0.1111111111111111,0.2125,0.20416666666666666
985,720,0.01,-0.14792392801422197,-0.13750327571495957,180,2.7176592149342268e-05,0.038425710052251816,709137,13.77347096602122,0.3527777777777778,0.18888888888888888,0.12638888888888888,0.27361111111111114,0.058333333333333334
986,720,0.01,0.08785949882598892,0.09183470719278186,159,2.5927948887430023e-05,0.037841472774744034,709857,13.78221881389618,0.3013888888888889,0.2625,0.20277777777777778,0.19444444444444445,0.03888888888888889
987,720,0.01,-0.10245944091311379,-0.09738524175907881,178,2.5690911255398735e-05,0.03808170557022095,710577,13.791204198201497,0.43194444444444446,0.14444444444444443,0.20833333333333334,0.10833333333333334,0.10694444444444444
988,720,0.01,0.13661420427394874,0.14638579245720984,225,2.5272451159708e-05,0.03780616819858551,711297,13.80209859609604,0.175,0.10277777777777777,0.15416666666666667,0.3111111111111111,0.2569444444444444
989,720,0.01,0.04507674584299776,0.04610814127921592,172,2.6302181441906215e-05,0.03892798349261284,712017,13.811538330713908,0.35138888888888886,0.12638888888888888,0.24861111111111112,0.1388888888888889,0.13472222222222222
990,720,0.01,0.17096874767523773,0.18645366900691762,254,2.6646892591012752e-05,0.03861529007554054,712737,13.820703597863515,0.19027777777777777,0.18472222222222223,0.1125,0.41944444444444445,0.09305555555555556
991,720,0.01,-0.035208961540910765,-0.03459633705805032,185,2.6518343957428036e-05,0.038376644253730774,713457,13.838238163789113,0.29444444444444445,0.275,0.2861111111111111,0.09583333333333334,0.04861111111111111
992,720,0.01,0.07113906456424414,0.073730533355163,170,2.6332883563403206e-05,0.03809358924627304,714177,13.84661793311437,0.30972222222222223,0.175,0.1375,0.19583333333333333,0.18194444444444444
993,720,0.01,-0.07514751054828864,-0.07239335552873027,152,2.5575684641252235e-05,0.037852127104997635,714897,13.855519449710846,0.31666666666666665,0.2111111111111111,0.2722222222222222,0.12777777777777777,0.07222222222222222
994,720,0.01,0.03472773786636512,0.03533778714810998,149,2.6227870428859508e-05,0.037829384207725525,715617,13.865743815898895,0.35694444444444445,0.21666666666666667,0.1361111111111111,0.20555555555555555,0.08472222222222223
995,720,0.01,-0.019689449858970223,-0.019496878586257926,187,2.5145489878594972e-05,0.03776982054114342,716337,13.874960434436797,0.2902777777777778,0.16805555555555557,0.2847222222222222,0.21666666666666667,0.04027777777777778
996,720,0.01,-0.11283635402020349,-0.10670316740916297,219,2.5895825811201372e-05,0.03814081847667694,717057,13.883225746949513,0.25277777777777777,0.17916666666666667,0.1875,0.21388888888888888,0.16666666666666666
997,720,0.01,-0.013297642897167563,-0.013209619842216247,204,2.6980479537365277e-05,0.03873772546648979,717777,13.892327133814494,0.18888888888888888,0.21944444444444444,0.225,0.2125,0.15416666666666667
998,720,0.01,0.0858101577014494,0.08959945660391155,151,2.4976647665653218e-05,0.038692258298397064,718497,13.90154407819112,0.3597222222222222,0.26944444444444443,0.17222222222222222,0.044444444444444446,0.15416666666666667
999,720,0.01,0.14829748020432762,0.1598578798066348,183,2.4361893422211425e-05,0.038582660257816315,719217,13.910563095410664,0.24722222222222223,0.18888888888888888,0.15555555555555556,0.225,0.18333333333333332
1000,720,0.01,-0.014334594385372854,-0.014232343246546542,141,2.4961782399815194e-05,0.038455113768577576,719937,13.919468212127686,0.19166666666666668,0.2361111111111111,0.33194444444444443,0.1388888888888889,0.10138888888888889
1001,720,0.01,-0.20019908574969703,-0.18143222832362071,124,2.493631412916228e-05,0.03855489194393158,720657,13.936357498168945,0.23194444444444445,0.10416666666666667,0.15833333333333333,0.23055555555555557,0.275
1002,720,0.01,-0.185322254463688,-0.1691635000635382,169,2.5529691001540617e-05,0.03919459879398346,721377,13.946045649051666,0.1597222222222222,0.18194444444444444,0.18888888888888888,0.20694444444444443,0.2625
1003,720,0.01,-0.18573713103355766,-0.16950812316778452,163,2.5198845462328892e-05,0.03872017562389374,722097,13.956198847293853,0.16111111111111112,0.20833333333333334,0.13055555555555556,0.38055555555555554,0.11944444444444445
1004,720,0.01,-0.036989073140617695,-0.036313334639794026,153,2.616185595911702e-05,0.037746526300907135,722817,13.965063615640004,0.3013888888888889,0.3055555555555556,0.2013888888888889,0.14305555555555555,0.04861111111111111
1005,720,0.01,-0.05916961670626938,-0.05745311610007475,147,2.6178083332221527e-05,0.03797560930252075,723537,13.973297381401062,0.3013888888888889,0.17916666666666667,0.2791666666666667,0.15138888888888888,0.08888888888888889
1006,720,0.01,-0.04879838264671732,-0.047626874708107336,161,2.5500492291207087e-05,0.03720473498106003,724257,13.982540730635325,0.32916666666666666,0.2013888888888889,0.21388888888888888,0.15555555555555556,0.1
1007,720,0.01,-0.012300598537357254,-0.012225255413409908,238,2.4501799270461158e-05,0.037069499492645264,724977,13.99122221469879,0.1486111111111111,0.18888888888888888,0.2638888888888889,0.2986111111111111,0.1
1008,720,0.01,0.23362757724250222,0.2631739698635416,150,2.4711877202005577e-05,0.03752494603395462,725697,14.000009497006735,0.2861111111111111,0.3,0.16944444444444445,0.1875,0.05694444444444444
1009,720,0.01,-0.07426506911379041,-0.0715744357194884,161,2.5389705447448958e-05,0.037736423313617706,726417,14.00897874434789,0.3,0.21805555555555556,0.16111111111111112,0.2,0.12083333333333333
1010,720,0.01,0.03490379403926014,0.035520080803058685,209,2.5164404886860816e-05,0.0377684012055397,727137,14.018045564492544,0.2916666666666667,0.12222222222222222,0.1125,0.33194444444444443,0.14166666666666666
1011,720,0.01,0.003259524050709082,0.003264842075734631,201,2.4731015385112994e-05,0.03693927824497223,727857,14.036372379461925,0.2013888888888889,0.30416666666666664,0.1875,0.25555555555555554,0.05138888888888889
1012,720,0.01,0.2493953253407894,0.2832492337492154,187,2.552703410414223e-05,0.037036485970020294,728577,14.045744796593985,0.2625,0.16805555555555557,0.1375,0.20416666666666666,0.22777777777777777
1013,720,0.01,0.11157089314067531,0.11803300206696776,156,2.5599319906177696e-05,0.036691367626190186,729297,14.054636963208516,0.29444444444444445,0.20277777777777778,0.18888888888888888,0.20277777777777778,0.1111111111111111
