Downloaded data: 30,528 candles, 2023-03-25 00:00:00+00:00 to 2026-09-16 23:00:00+00:00; no missing hours
dev_train: 28,152 candles, 2023-04-01 00:00:00+00:00 to 2026-06-16 23:00:00+00:00; no missing hours
val: 1,464 candles, 2026-06-17 00:00:00+00:00 to 2026-08-16 23:00:00+00:00; no missing hours
eval: 744 candles, 2026-08-17 00:00:00+00:00 to 2026-09-16 23:00:00+00:00; no missing hours
episode   1/1013  eps 1.000  train return  -10.25%  loss 1.91e-03  maxQ +0.2643  changes   570  0.0 min
episode   2/1013  eps 0.991  train return   -9.77%  loss 1.05e-03  maxQ +0.2544  changes   593  0.0 min
episode   3/1013  eps 0.982  train return   -7.02%  loss 6.12e-04  maxQ +0.2380  changes   571  0.0 min
episode   4/1013  eps 0.973  train return  -13.43%  loss 5.71e-04  maxQ +0.2290  changes   587  0.0 min
episode   5/1013  eps 0.964  train return   +7.02%  loss 5.02e-04  maxQ +0.2090  changes   573  0.1 min
episode   6/1013  eps 0.955  train return  +17.02%  loss 4.63e-04  maxQ +0.2008  changes   552  0.1 min
episode   7/1013  eps 0.947  train return   -5.89%  loss 4.21e-04  maxQ +0.1836  changes   548  0.1 min
episode   8/1013  eps 0.938  train return   -9.51%  loss 3.43e-04  maxQ +0.1735  changes   562  0.1 min
episode   9/1013  eps 0.929  train return   -3.95%  loss 3.57e-04  maxQ +0.1609  changes   597  0.1 min
episode  10/1013  eps 0.921  train return  -13.21%  loss 3.04e-04  maxQ +0.1519  changes   588  0.1 min | val return +0.21% (best +0.21%)
episode  11/1013  eps 0.913  train return   +5.62%  loss 2.48e-04  maxQ +0.1433  changes   566  0.1 min
episode  12/1013  eps 0.904  train return   +7.97%  loss 2.17e-04  maxQ +0.1353  changes   572  0.2 min
episode  13/1013  eps 0.896  train return  -28.82%  loss 2.05e-04  maxQ +0.1313  changes   593  0.2 min
episode  14/1013  eps 0.888  train return   -2.05%  loss 1.89e-04  maxQ +0.1261  changes   577  0.2 min
episode  15/1013  eps 0.880  train return  +24.36%  loss 1.77e-04  maxQ +0.1191  changes   571  0.2 min
episode  16/1013  eps 0.872  train return   +6.02%  loss 2.07e-04  maxQ +0.1152  changes   570  0.2 min
episode  17/1013  eps 0.864  train return  -17.97%  loss 2.25e-04  maxQ +0.1101  changes   598  0.2 min
episode  18/1013  eps 0.856  train return   +5.58%  loss 2.67e-04  maxQ +0.1101  changes   579  0.2 min
episode  19/1013  eps 0.848  train return   -8.72%  loss 2.23e-04  maxQ +0.1036  changes   577  0.2 min
episode  20/1013  eps 0.841  train return   +2.98%  loss 3.08e-04  maxQ +0.1090  changes   567  0.2 min | val return -15.65% (best +0.21%)
episode  21/1013  eps 0.833  train return   +2.31%  loss 2.54e-04  maxQ +0.1046  changes   570  0.3 min
episode  22/1013  eps 0.825  train return   -6.62%  loss 2.30e-04  maxQ +0.1042  changes   579  0.3 min
episode  23/1013  eps 0.818  train return   -3.01%  loss 2.47e-04  maxQ +0.0999  changes   562  0.3 min
episode  24/1013  eps 0.810  train return   +5.74%  loss 1.85e-04  maxQ +0.0961  changes   589  0.3 min
episode  25/1013  eps 0.803  train return   -1.87%  loss 1.84e-04  maxQ +0.0943  changes   570  0.3 min
episode  26/1013  eps 0.796  train return  -20.68%  loss 2.09e-04  maxQ +0.0937  changes   578  0.3 min
episode  27/1013  eps 0.788  train return   -3.01%  loss 1.73e-04  maxQ +0.0926  changes   570  0.3 min
episode  28/1013  eps 0.781  train return  -10.58%  loss 1.68e-04  maxQ +0.0867  changes   584  0.3 min
episode  29/1013  eps 0.774  train return  +11.08%  loss 1.75e-04  maxQ +0.0846  changes   558  0.4 min
episode  30/1013  eps 0.767  train return  -16.64%  loss 2.17e-04  maxQ +0.0852  changes   573  0.4 min | val return +6.61% (best +6.61%)
episode  31/1013  eps 0.760  train return   +0.45%  loss 1.81e-04  maxQ +0.0776  changes   548  0.4 min
episode  32/1013  eps 0.753  train return   +4.55%  loss 1.56e-04  maxQ +0.0773  changes   550  0.4 min
episode  33/1013  eps 0.746  train return   -6.96%  loss 1.56e-04  maxQ +0.0760  changes   583  0.4 min
episode  34/1013  eps 0.740  train return   +9.54%  loss 1.41e-04  maxQ +0.0732  changes   561  0.4 min
episode  35/1013  eps 0.733  train return   -3.15%  loss 1.17e-04  maxQ +0.0697  changes   570  0.4 min
episode  36/1013  eps 0.726  train return   +2.18%  loss 1.27e-04  maxQ +0.0684  changes   575  0.4 min
episode  37/1013  eps 0.720  train return  -14.54%  loss 1.08e-04  maxQ +0.0650  changes   569  0.5 min
episode  38/1013  eps 0.713  train return   -4.35%  loss 1.18e-04  maxQ +0.0642  changes   567  0.5 min
episode  39/1013  eps 0.707  train return   -6.77%  loss 1.05e-04  maxQ +0.0641  changes   568  0.5 min
episode  40/1013  eps 0.700  train return  +31.39%  loss 1.15e-04  maxQ +0.0584  changes   572  0.5 min | val return -14.52% (best +6.61%)
episode  41/1013  eps 0.694  train return  -16.60%  loss 9.52e-05  maxQ +0.0574  changes   560  0.5 min
episode  42/1013  eps 0.687  train return  -17.39%  loss 1.10e-04  maxQ +0.0570  changes   555  0.5 min
episode  43/1013  eps 0.681  train return   -1.81%  loss 9.15e-05  maxQ +0.0570  changes   552  0.5 min
episode  44/1013  eps 0.675  train return   -5.92%  loss 9.03e-05  maxQ +0.0567  changes   584  0.5 min
episode  45/1013  eps 0.669  train return  +30.04%  loss 7.54e-05  maxQ +0.0595  changes   551  0.5 min
episode  46/1013  eps 0.663  train return   -3.43%  loss 6.77e-05  maxQ +0.0551  changes   559  0.6 min
episode  47/1013  eps 0.657  train return   -4.59%  loss 7.59e-05  maxQ +0.0531  changes   566  0.6 min
episode  48/1013  eps 0.651  train return   -5.93%  loss 8.51e-05  maxQ +0.0520  changes   550  0.6 min
episode  49/1013  eps 0.645  train return   +6.36%  loss 7.38e-05  maxQ +0.0508  changes   562  0.6 min
episode  50/1013  eps 0.639  train return   -5.68%  loss 8.09e-05  maxQ +0.0534  changes   574  0.6 min | val return -23.19% (best +6.61%)
episode  51/1013  eps 0.633  train return   -2.06%  loss 8.12e-05  maxQ +0.0510  changes   549  0.6 min
episode  52/1013  eps 0.627  train return  -27.12%  loss 7.70e-05  maxQ +0.0519  changes   574  0.6 min
episode  53/1013  eps 0.622  train return  -15.23%  loss 8.11e-05  maxQ +0.0492  changes   552  0.6 min
episode  54/1013  eps 0.616  train return  -15.59%  loss 7.18e-05  maxQ +0.0460  changes   539  0.7 min
episode  55/1013  eps 0.610  train return   +6.80%  loss 1.05e-04  maxQ +0.0477  changes   543  0.7 min
episode  56/1013  eps 0.605  train return   +0.83%  loss 7.01e-05  maxQ +0.0442  changes   559  0.7 min
episode  57/1013  eps 0.599  train return  -24.17%  loss 6.19e-05  maxQ +0.0432  changes   563  0.7 min
episode  58/1013  eps 0.594  train return   -7.45%  loss 6.00e-05  maxQ +0.0424  changes   546  0.7 min
episode  59/1013  eps 0.588  train return  -28.06%  loss 6.00e-05  maxQ +0.0450  changes   571  0.7 min
episode  60/1013  eps 0.583  train return  -17.57%  loss 6.35e-05  maxQ +0.0413  changes   580  0.7 min | val return -15.48% (best +6.61%)
episode  61/1013  eps 0.578  train return  -12.64%  loss 6.35e-05  maxQ +0.0406  changes   552  0.7 min
episode  62/1013  eps 0.573  train return  -22.74%  loss 6.42e-05  maxQ +0.0391  changes   572  0.8 min
episode  63/1013  eps 0.567  train return  -25.87%  loss 6.05e-05  maxQ +0.0396  changes   562  0.8 min
episode  64/1013  eps 0.562  train return   -7.30%  loss 5.29e-05  maxQ +0.0374  changes   547  0.8 min
episode  65/1013  eps 0.557  train return  +11.13%  loss 5.17e-05  maxQ +0.0363  changes   572  0.8 min
episode  66/1013  eps 0.552  train return   +3.41%  loss 5.29e-05  maxQ +0.0345  changes   555  0.8 min
episode  67/1013  eps 0.547  train return  -22.45%  loss 5.15e-05  maxQ +0.0371  changes   535  0.8 min
episode  68/1013  eps 0.542  train return   -1.41%  loss 5.27e-05  maxQ +0.0381  changes   543  0.8 min
episode  69/1013  eps 0.537  train return  +25.00%  loss 5.46e-05  maxQ +0.0343  changes   548  0.8 min
episode  70/1013  eps 0.532  train return  -27.10%  loss 5.13e-05  maxQ +0.0343  changes   549  0.8 min | val return -26.40% (best +6.61%)
episode  71/1013  eps 0.527  train return  -12.51%  loss 5.00e-05  maxQ +0.0335  changes   544  0.9 min
episode  72/1013  eps 0.523  train return  -18.76%  loss 4.97e-05  maxQ +0.0324  changes   546  0.9 min
episode  73/1013  eps 0.518  train return  -19.23%  loss 5.14e-05  maxQ +0.0325  changes   559  0.9 min
episode  74/1013  eps 0.513  train return   +1.82%  loss 5.51e-05  maxQ +0.0344  changes   537  0.9 min
episode  75/1013  eps 0.508  train return  -26.37%  loss 5.84e-05  maxQ +0.0344  changes   566  0.9 min
episode  76/1013  eps 0.504  train return  -13.46%  loss 5.68e-05  maxQ +0.0320  changes   567  0.9 min
episode  77/1013  eps 0.499  train return   -0.05%  loss 5.29e-05  maxQ +0.0297  changes   537  0.9 min
episode  78/1013  eps 0.495  train return   -9.50%  loss 4.74e-05  maxQ +0.0283  changes   555  0.9 min
episode  79/1013  eps 0.490  train return  +17.26%  loss 4.87e-05  maxQ +0.0263  changes   521  0.9 min
episode  80/1013  eps 0.486  train return   -5.87%  loss 4.48e-05  maxQ +0.0252  changes   531  1.0 min | val return -8.08% (best +6.61%)
episode  81/1013  eps 0.481  train return  +33.54%  loss 4.73e-05  maxQ +0.0281  changes   546  1.0 min
episode  82/1013  eps 0.477  train return   +3.95%  loss 5.56e-05  maxQ +0.0276  changes   540  1.0 min
episode  83/1013  eps 0.473  train return   +7.52%  loss 4.60e-05  maxQ +0.0272  changes   531  1.0 min
episode  84/1013  eps 0.468  train return  -15.20%  loss 4.87e-05  maxQ +0.0275  changes   517  1.0 min
episode  85/1013  eps 0.464  train return  +29.54%  loss 4.45e-05  maxQ +0.0267  changes   536  1.0 min
episode  86/1013  eps 0.460  train return  +24.24%  loss 4.28e-05  maxQ +0.0263  changes   534  1.0 min
episode  87/1013  eps 0.456  train return   +8.90%  loss 4.30e-05  maxQ +0.0273  changes   547  1.0 min
episode  88/1013  eps 0.451  train return   -4.30%  loss 4.16e-05  maxQ +0.0264  changes   537  1.1 min
episode  89/1013  eps 0.447  train return   -5.63%  loss 3.63e-05  maxQ +0.0236  changes   539  1.1 min
episode  90/1013  eps 0.443  train return  -15.45%  loss 4.17e-05  maxQ +0.0257  changes   534  1.1 min | val return -16.32% (best +6.61%)
episode  91/1013  eps 0.439  train return  +11.28%  loss 4.15e-05  maxQ +0.0252  changes   534  1.1 min
episode  92/1013  eps 0.435  train return   -1.18%  loss 4.21e-05  maxQ +0.0225  changes   530  1.1 min
episode  93/1013  eps 0.431  train return   +4.41%  loss 4.43e-05  maxQ +0.0236  changes   522  1.1 min
episode  94/1013  eps 0.427  train return  -16.15%  loss 3.84e-05  maxQ +0.0228  changes   517  1.1 min
episode  95/1013  eps 0.423  train return   -2.03%  loss 3.90e-05  maxQ +0.0233  changes   506  1.1 min
episode  96/1013  eps 0.420  train return   +7.60%  loss 3.90e-05  maxQ +0.0247  changes   534  1.1 min
episode  97/1013  eps 0.416  train return   +4.50%  loss 3.68e-05  maxQ +0.0236  changes   547  1.2 min
episode  98/1013  eps 0.412  train return  -18.09%  loss 4.04e-05  maxQ +0.0252  changes   507  1.2 min
episode  99/1013  eps 0.408  train return   -0.84%  loss 3.92e-05  maxQ +0.0238  changes   537  1.2 min
episode 100/1013  eps 0.405  train return  +27.12%  loss 3.64e-05  maxQ +0.0223  changes   544  1.2 min | val return -51.97% (best +6.61%)
episode 101/1013  eps 0.401  train return  -18.79%  loss 3.83e-05  maxQ +0.0222  changes   514  1.2 min
episode 102/1013  eps 0.397  train return   -2.12%  loss 3.85e-05  maxQ +0.0224  changes   510  1.2 min
episode 103/1013  eps 0.394  train return  +33.36%  loss 3.72e-05  maxQ +0.0223  changes   525  1.2 min
episode 104/1013  eps 0.390  train return   +9.90%  loss 3.70e-05  maxQ +0.0225  changes   516  1.2 min
episode 105/1013  eps 0.386  train return  +30.91%  loss 3.59e-05  maxQ +0.0215  changes   536  1.2 min
episode 106/1013  eps 0.383  train return  +21.57%  loss 3.49e-05  maxQ +0.0200  changes   518  1.3 min
episode 107/1013  eps 0.379  train return   +7.14%  loss 3.57e-05  maxQ +0.0194  changes   509  1.3 min
episode 108/1013  eps 0.376  train return   +9.41%  loss 3.71e-05  maxQ +0.0195  changes   519  1.3 min
episode 109/1013  eps 0.373  train return   -4.70%  loss 3.92e-05  maxQ +0.0209  changes   517  1.3 min
episode 110/1013  eps 0.369  train return  +18.17%  loss 4.11e-05  maxQ +0.0233  changes   508  1.3 min | val return -14.57% (best +6.61%)
episode 111/1013  eps 0.366  train return  -10.26%  loss 3.69e-05  maxQ +0.0226  changes   519  1.3 min
episode 112/1013  eps 0.363  train return   -2.41%  loss 3.84e-05  maxQ +0.0206  changes   519  1.3 min
episode 113/1013  eps 0.359  train return  -32.10%  loss 3.46e-05  maxQ +0.0200  changes   507  1.4 min
episode 114/1013  eps 0.356  train return   +2.75%  loss 3.78e-05  maxQ +0.0198  changes   517  1.4 min
episode 115/1013  eps 0.353  train return  +11.14%  loss 3.97e-05  maxQ +0.0224  changes   505  1.4 min
episode 116/1013  eps 0.349  train return  +27.19%  loss 4.15e-05  maxQ +0.0214  changes   518  1.4 min
episode 117/1013  eps 0.346  train return  +12.02%  loss 3.89e-05  maxQ +0.0211  changes   504  1.4 min
episode 118/1013  eps 0.343  train return   -1.34%  loss 3.68e-05  maxQ +0.0209  changes   517  1.4 min
episode 119/1013  eps 0.340  train return  +48.72%  loss 3.38e-05  maxQ +0.0195  changes   482  1.4 min
episode 120/1013  eps 0.337  train return  +38.13%  loss 3.88e-05  maxQ +0.0188  changes   533  1.4 min | val return -9.81% (best +6.61%)
episode 121/1013  eps 0.334  train return  -33.91%  loss 3.98e-05  maxQ +0.0192  changes   515  1.4 min
episode 122/1013  eps 0.331  train return  +38.42%  loss 4.23e-05  maxQ +0.0200  changes   522  1.5 min
episode 123/1013  eps 0.328  train return  +19.24%  loss 4.50e-05  maxQ +0.0217  changes   533  1.5 min
episode 124/1013  eps 0.325  train return  -15.32%  loss 4.70e-05  maxQ +0.0224  changes   544  1.5 min
episode 125/1013  eps 0.322  train return   -8.99%  loss 4.34e-05  maxQ +0.0202  changes   481  1.5 min
episode 126/1013  eps 0.319  train return  -16.06%  loss 4.22e-05  maxQ +0.0202  changes   489  1.5 min
episode 127/1013  eps 0.316  train return  +47.96%  loss 4.37e-05  maxQ +0.0207  changes   506  1.5 min
episode 128/1013  eps 0.313  train return   +2.39%  loss 3.82e-05  maxQ +0.0189  changes   531  1.5 min
episode 129/1013  eps 0.310  train return   +9.75%  loss 3.86e-05  maxQ +0.0178  changes   558  1.5 min
episode 130/1013  eps 0.308  train return   +6.78%  loss 3.98e-05  maxQ +0.0185  changes   516  1.5 min | val return -25.77% (best +6.61%)
episode 131/1013  eps 0.305  train return  +37.25%  loss 3.98e-05  maxQ +0.0197  changes   506  1.6 min
episode 132/1013  eps 0.302  train return  +16.22%  loss 4.30e-05  maxQ +0.0183  changes   509  1.6 min
episode 133/1013  eps 0.299  train return   -3.17%  loss 4.56e-05  maxQ +0.0216  changes   511  1.6 min
episode 134/1013  eps 0.296  train return  -25.68%  loss 4.70e-05  maxQ +0.0199  changes   522  1.6 min
episode 135/1013  eps 0.294  train return   -0.08%  loss 4.59e-05  maxQ +0.0193  changes   547  1.6 min
episode 136/1013  eps 0.291  train return  -29.88%  loss 4.08e-05  maxQ +0.0181  changes   515  1.6 min
episode 137/1013  eps 0.288  train return   +5.82%  loss 4.23e-05  maxQ +0.0180  changes   489  1.6 min
episode 138/1013  eps 0.286  train return  -19.36%  loss 4.07e-05  maxQ +0.0206  changes   509  1.6 min
episode 139/1013  eps 0.283  train return  +10.28%  loss 3.87e-05  maxQ +0.0188  changes   513  1.7 min
episode 140/1013  eps 0.281  train return   +8.08%  loss 3.67e-05  maxQ +0.0189  changes   524  1.7 min | val return -26.11% (best +6.61%)
episode 141/1013  eps 0.278  train return  +35.03%  loss 3.94e-05  maxQ +0.0179  changes   532  1.7 min
episode 142/1013  eps 0.276  train return  -16.47%  loss 3.97e-05  maxQ +0.0189  changes   526  1.7 min
episode 143/1013  eps 0.273  train return   +1.76%  loss 4.25e-05  maxQ +0.0179  changes   535  1.7 min
episode 144/1013  eps 0.271  train return   +0.30%  loss 4.97e-05  maxQ +0.0204  changes   536  1.7 min
episode 145/1013  eps 0.268  train return   +5.58%  loss 4.33e-05  maxQ +0.0199  changes   514  1.7 min
episode 146/1013  eps 0.266  train return   +1.27%  loss 4.63e-05  maxQ +0.0199  changes   506  1.7 min
episode 147/1013  eps 0.263  train return  +62.13%  loss 4.41e-05  maxQ +0.0206  changes   514  1.8 min
episode 148/1013  eps 0.261  train return   +1.07%  loss 4.95e-05  maxQ +0.0202  changes   447  1.8 min
episode 149/1013  eps 0.258  train return   -1.38%  loss 4.29e-05  maxQ +0.0189  changes   517  1.8 min
episode 150/1013  eps 0.256  train return  +53.58%  loss 4.33e-05  maxQ +0.0184  changes   521  1.8 min | val return -35.34% (best +6.61%)
episode 151/1013  eps 0.254  train return  +41.86%  loss 4.45e-05  maxQ +0.0177  changes   479  1.8 min
episode 152/1013  eps 0.251  train return  +11.55%  loss 4.35e-05  maxQ +0.0176  changes   537  1.8 min
episode 153/1013  eps 0.249  train return   +2.16%  loss 4.64e-05  maxQ +0.0183  changes   517  1.9 min
episode 154/1013  eps 0.247  train return   -8.79%  loss 4.47e-05  maxQ +0.0176  changes   512  1.9 min
episode 155/1013  eps 0.245  train return  +42.14%  loss 4.36e-05  maxQ +0.0169  changes   489  1.9 min
episode 156/1013  eps 0.242  train return  +61.95%  loss 3.94e-05  maxQ +0.0173  changes   525  1.9 min
episode 157/1013  eps 0.240  train return   +0.42%  loss 4.30e-05  maxQ +0.0186  changes   512  1.9 min
episode 158/1013  eps 0.238  train return   +3.71%  loss 4.04e-05  maxQ +0.0181  changes   492  1.9 min
episode 159/1013  eps 0.236  train return   +4.36%  loss 4.50e-05  maxQ +0.0182  changes   510  1.9 min
episode 160/1013  eps 0.234  train return   +9.42%  loss 4.72e-05  maxQ +0.0191  changes   528  2.0 min | val return -35.36% (best +6.61%)
episode 161/1013  eps 0.232  train return  +35.67%  loss 4.22e-05  maxQ +0.0173  changes   525  2.0 min
episode 162/1013  eps 0.230  train return   +0.23%  loss 4.24e-05  maxQ +0.0162  changes   505  2.0 min
episode 163/1013  eps 0.227  train return   -9.67%  loss 4.88e-05  maxQ +0.0179  changes   491  2.0 min
episode 164/1013  eps 0.225  train return  -14.90%  loss 4.61e-05  maxQ +0.0167  changes   506  2.0 min
episode 165/1013  eps 0.223  train return   -7.25%  loss 4.59e-05  maxQ +0.0173  changes   523  2.0 min
episode 166/1013  eps 0.221  train return  +23.53%  loss 4.27e-05  maxQ +0.0161  changes   530  2.0 min
episode 167/1013  eps 0.219  train return  +12.76%  loss 4.75e-05  maxQ +0.0175  changes   528  2.1 min
episode 168/1013  eps 0.217  train return   -5.22%  loss 4.97e-05  maxQ +0.0195  changes   454  2.1 min
episode 169/1013  eps 0.215  train return  +15.35%  loss 4.87e-05  maxQ +0.0208  changes   490  2.1 min
episode 170/1013  eps 0.213  train return  -25.42%  loss 4.51e-05  maxQ +0.0191  changes   479  2.1 min | val return -15.51% (best +6.61%)
episode 171/1013  eps 0.211  train return  +16.20%  loss 4.56e-05  maxQ +0.0190  changes   500  2.1 min
episode 172/1013  eps 0.209  train return   -3.96%  loss 4.62e-05  maxQ +0.0202  changes   516  2.1 min
episode 173/1013  eps 0.208  train return   +9.92%  loss 4.39e-05  maxQ +0.0202  changes   513  2.2 min
episode 174/1013  eps 0.206  train return   -9.40%  loss 4.34e-05  maxQ +0.0189  changes   508  2.2 min
episode 175/1013  eps 0.204  train return  +13.83%  loss 4.32e-05  maxQ +0.0179  changes   461  2.2 min
episode 176/1013  eps 0.202  train return  +14.96%  loss 4.29e-05  maxQ +0.0179  changes   486  2.2 min
episode 177/1013  eps 0.200  train return  +39.00%  loss 4.37e-05  maxQ +0.0184  changes   509  2.2 min
episode 178/1013  eps 0.198  train return  +12.48%  loss 4.40e-05  maxQ +0.0183  changes   497  2.2 min
episode 179/1013  eps 0.196  train return  +82.87%  loss 4.40e-05  maxQ +0.0179  changes   502  2.2 min
episode 180/1013  eps 0.195  train return +166.79%  loss 4.14e-05  maxQ +0.0176  changes   504  2.2 min | val return -33.97% (best +6.61%)
episode 181/1013  eps 0.193  train return  +35.13%  loss 4.41e-05  maxQ +0.0178  changes   475  2.3 min
episode 182/1013  eps 0.191  train return  +31.88%  loss 4.44e-05  maxQ +0.0179  changes   481  2.3 min
episode 183/1013  eps 0.189  train return  +46.82%  loss 4.72e-05  maxQ +0.0174  changes   503  2.3 min
episode 184/1013  eps 0.188  train return   +5.93%  loss 4.77e-05  maxQ +0.0181  changes   466  2.3 min
episode 185/1013  eps 0.186  train return  +32.43%  loss 5.00e-05  maxQ +0.0197  changes   508  2.3 min
episode 186/1013  eps 0.184  train return   -0.25%  loss 4.79e-05  maxQ +0.0188  changes   489  2.3 min
episode 187/1013  eps 0.183  train return   -9.62%  loss 4.89e-05  maxQ +0.0185  changes   462  2.4 min
episode 188/1013  eps 0.181  train return   +4.45%  loss 4.67e-05  maxQ +0.0184  changes   492  2.4 min
episode 189/1013  eps 0.179  train return  -19.16%  loss 4.37e-05  maxQ +0.0185  changes   502  2.4 min
episode 190/1013  eps 0.178  train return   +6.81%  loss 4.60e-05  maxQ +0.0180  changes   464  2.4 min | val return -7.44% (best +6.61%)
episode 191/1013  eps 0.176  train return  +37.92%  loss 4.43e-05  maxQ +0.0176  changes   499  2.4 min
episode 192/1013  eps 0.174  train return +123.10%  loss 4.29e-05  maxQ +0.0177  changes   512  2.4 min
episode 193/1013  eps 0.173  train return   -0.33%  loss 4.33e-05  maxQ +0.0169  changes   493  2.4 min
episode 194/1013  eps 0.171  train return  +23.81%  loss 4.35e-05  maxQ +0.0175  changes   487  2.5 min
episode 195/1013  eps 0.170  train return  +27.30%  loss 4.50e-05  maxQ +0.0178  changes   493  2.5 min
episode 196/1013  eps 0.168  train return   -0.94%  loss 4.63e-05  maxQ +0.0169  changes   488  2.5 min
episode 197/1013  eps 0.167  train return  +13.88%  loss 4.49e-05  maxQ +0.0175  changes   486  2.5 min
episode 198/1013  eps 0.165  train return  -13.81%  loss 4.02e-05  maxQ +0.0170  changes   426  2.5 min
episode 199/1013  eps 0.164  train return   +7.48%  loss 4.44e-05  maxQ +0.0170  changes   491  2.5 min
episode 200/1013  eps 0.162  train return  +29.47%  loss 4.21e-05  maxQ +0.0164  changes   533  2.5 min | val return -22.13% (best +6.61%)
episode 201/1013  eps 0.161  train return  +70.17%  loss 4.26e-05  maxQ +0.0161  changes   527  2.6 min
episode 202/1013  eps 0.159  train return   -2.71%  loss 4.15e-05  maxQ +0.0171  changes   490  2.6 min
episode 203/1013  eps 0.158  train return   -0.46%  loss 4.00e-05  maxQ +0.0168  changes   484  2.6 min
episode 204/1013  eps 0.156  train return  +36.59%  loss 4.08e-05  maxQ +0.0172  changes   481  2.6 min
episode 205/1013  eps 0.155  train return  +23.59%  loss 4.06e-05  maxQ +0.0164  changes   494  2.6 min
episode 206/1013  eps 0.154  train return  +21.13%  loss 4.16e-05  maxQ +0.0166  changes   527  2.6 min
episode 207/1013  eps 0.152  train return   +1.98%  loss 4.42e-05  maxQ +0.0175  changes   493  2.6 min
episode 208/1013  eps 0.151  train return  +36.45%  loss 4.19e-05  maxQ +0.0173  changes   487  2.7 min
episode 209/1013  eps 0.149  train return  +23.25%  loss 4.22e-05  maxQ +0.0157  changes   495  2.7 min
episode 210/1013  eps 0.148  train return  +93.78%  loss 4.02e-05  maxQ +0.0170  changes   512  2.7 min | val return -29.43% (best +6.61%)
episode 211/1013  eps 0.147  train return   +0.28%  loss 4.44e-05  maxQ +0.0175  changes   506  2.7 min
episode 212/1013  eps 0.145  train return   +2.36%  loss 4.42e-05  maxQ +0.0168  changes   459  2.7 min
episode 213/1013  eps 0.144  train return  +36.31%  loss 4.54e-05  maxQ +0.0162  changes   517  2.7 min
episode 214/1013  eps 0.143  train return  +33.37%  loss 4.26e-05  maxQ +0.0161  changes   508  2.8 min
episode 215/1013  eps 0.141  train return  +84.05%  loss 4.02e-05  maxQ +0.0159  changes   508  2.8 min
episode 216/1013  eps 0.140  train return   -9.45%  loss 4.04e-05  maxQ +0.0151  changes   485  2.8 min
episode 217/1013  eps 0.139  train return  +73.94%  loss 4.57e-05  maxQ +0.0166  changes   493  2.8 min
episode 218/1013  eps 0.138  train return  +15.13%  loss 4.45e-05  maxQ +0.0168  changes   501  2.8 min
episode 219/1013  eps 0.136  train return  +96.07%  loss 4.11e-05  maxQ +0.0170  changes   494  2.8 min
episode 220/1013  eps 0.135  train return  +25.17%  loss 3.99e-05  maxQ +0.0164  changes   458  2.8 min | val return -30.63% (best +6.61%)
episode 221/1013  eps 0.134  train return   -1.68%  loss 4.33e-05  maxQ +0.0159  changes   519  2.9 min
episode 222/1013  eps 0.133  train return   +2.88%  loss 4.03e-05  maxQ +0.0169  changes   463  2.9 min
episode 223/1013  eps 0.131  train return   +9.10%  loss 4.36e-05  maxQ +0.0159  changes   503  2.9 min
episode 224/1013  eps 0.130  train return  +95.73%  loss 4.42e-05  maxQ +0.0168  changes   506  2.9 min
episode 225/1013  eps 0.129  train return   +6.44%  loss 4.30e-05  maxQ +0.0159  changes   468  2.9 min
episode 226/1013  eps 0.128  train return  +58.80%  loss 4.66e-05  maxQ +0.0183  changes   475  2.9 min
episode 227/1013  eps 0.127  train return  +32.23%  loss 4.56e-05  maxQ +0.0176  changes   486  3.0 min
episode 228/1013  eps 0.126  train return  +15.77%  loss 4.47e-05  maxQ +0.0174  changes   453  3.0 min
episode 229/1013  eps 0.124  train return  +19.10%  loss 4.12e-05  maxQ +0.0171  changes   489  3.0 min
episode 230/1013  eps 0.123  train return   -5.95%  loss 4.04e-05  maxQ +0.0166  changes   494  3.0 min | val return -35.66% (best +6.61%)
episode 231/1013  eps 0.122  train return  +17.95%  loss 4.10e-05  maxQ +0.0170  changes   505  3.0 min
episode 232/1013  eps 0.121  train return   -2.73%  loss 3.99e-05  maxQ +0.0169  changes   462  3.0 min
episode 233/1013  eps 0.120  train return  +12.47%  loss 4.12e-05  maxQ +0.0169  changes   503  3.0 min
episode 234/1013  eps 0.119  train return  +24.15%  loss 4.24e-05  maxQ +0.0166  changes   495  3.1 min
episode 235/1013  eps 0.118  train return  +28.60%  loss 4.17e-05  maxQ +0.0170  changes   447  3.1 min
episode 236/1013  eps 0.117  train return  +16.05%  loss 4.17e-05  maxQ +0.0173  changes   513  3.1 min
episode 237/1013  eps 0.116  train return  +52.87%  loss 4.01e-05  maxQ +0.0165  changes   467  3.1 min
episode 238/1013  eps 0.115  train return  +21.94%  loss 3.91e-05  maxQ +0.0165  changes   450  3.1 min
episode 239/1013  eps 0.114  train return   +3.82%  loss 4.25e-05  maxQ +0.0172  changes   449  3.1 min
episode 240/1013  eps 0.112  train return  +28.91%  loss 4.52e-05  maxQ +0.0172  changes   498  3.1 min | val return -39.37% (best +6.61%)
episode 241/1013  eps 0.111  train return  +15.97%  loss 4.22e-05  maxQ +0.0172  changes   488  3.2 min
episode 242/1013  eps 0.110  train return  +87.98%  loss 4.27e-05  maxQ +0.0174  changes   502  3.2 min
episode 243/1013  eps 0.109  train return  +30.05%  loss 4.20e-05  maxQ +0.0168  changes   471  3.2 min
episode 244/1013  eps 0.108  train return  -16.85%  loss 4.30e-05  maxQ +0.0169  changes   447  3.2 min
episode 245/1013  eps 0.107  train return  +24.23%  loss 4.20e-05  maxQ +0.0158  changes   519  3.2 min
episode 246/1013  eps 0.106  train return   +5.40%  loss 4.22e-05  maxQ +0.0158  changes   485  3.2 min
episode 247/1013  eps 0.106  train return  +88.26%  loss 4.19e-05  maxQ +0.0184  changes   497  3.3 min
episode 248/1013  eps 0.105  train return   -6.40%  loss 4.63e-05  maxQ +0.0183  changes   426  3.3 min
episode 249/1013  eps 0.104  train return  +15.32%  loss 4.46e-05  maxQ +0.0184  changes   483  3.3 min
episode 250/1013  eps 0.103  train return  +33.17%  loss 4.30e-05  maxQ +0.0184  changes   474  3.3 min | val return -24.25% (best +6.61%)
episode 251/1013  eps 0.102  train return  -13.50%  loss 4.53e-05  maxQ +0.0186  changes   481  3.3 min
episode 252/1013  eps 0.101  train return  +25.36%  loss 4.16e-05  maxQ +0.0180  changes   491  3.3 min
episode 253/1013  eps 0.100  train return   -4.06%  loss 3.89e-05  maxQ +0.0172  changes   465  3.4 min
episode 254/1013  eps 0.099  train return  +24.77%  loss 4.24e-05  maxQ +0.0170  changes   482  3.4 min
episode 255/1013  eps 0.098  train return   -0.70%  loss 3.76e-05  maxQ +0.0173  changes   469  3.4 min
episode 256/1013  eps 0.097  train return  +29.64%  loss 3.83e-05  maxQ +0.0176  changes   483  3.4 min
episode 257/1013  eps 0.096  train return  +55.80%  loss 3.96e-05  maxQ +0.0183  changes   500  3.4 min
episode 258/1013  eps 0.095  train return  +23.53%  loss 4.22e-05  maxQ +0.0188  changes   453  3.4 min
episode 259/1013  eps 0.095  train return   +0.83%  loss 3.85e-05  maxQ +0.0174  changes   483  3.4 min
episode 260/1013  eps 0.094  train return   -4.64%  loss 3.92e-05  maxQ +0.0176  changes   462  3.5 min | val return -38.72% (best +6.61%)
episode 261/1013  eps 0.093  train return   -3.97%  loss 3.65e-05  maxQ +0.0170  changes   482  3.5 min
episode 262/1013  eps 0.092  train return  +11.05%  loss 3.79e-05  maxQ +0.0166  changes   487  3.5 min
episode 263/1013  eps 0.091  train return  +25.34%  loss 3.56e-05  maxQ +0.0170  changes   495  3.5 min
episode 264/1013  eps 0.090  train return +194.13%  loss 4.19e-05  maxQ +0.0172  changes   531  3.5 min
episode 265/1013  eps 0.090  train return   -2.57%  loss 3.96e-05  maxQ +0.0172  changes   464  3.6 min
episode 266/1013  eps 0.089  train return  +66.38%  loss 4.07e-05  maxQ +0.0175  changes   493  3.6 min
episode 267/1013  eps 0.088  train return  +53.46%  loss 3.89e-05  maxQ +0.0166  changes   471  3.6 min
episode 268/1013  eps 0.087  train return +100.07%  loss 4.03e-05  maxQ +0.0170  changes   503  3.6 min
episode 269/1013  eps 0.086  train return  +18.79%  loss 4.06e-05  maxQ +0.0163  changes   444  3.6 min
episode 270/1013  eps 0.086  train return  +42.24%  loss 3.89e-05  maxQ +0.0169  changes   468  3.6 min | val return -19.70% (best +6.61%)
episode 271/1013  eps 0.085  train return  +25.58%  loss 3.69e-05  maxQ +0.0160  changes   509  3.6 min
episode 272/1013  eps 0.084  train return  +35.67%  loss 3.86e-05  maxQ +0.0163  changes   465  3.7 min
episode 273/1013  eps 0.083  train return  +68.63%  loss 3.98e-05  maxQ +0.0169  changes   484  3.7 min
episode 274/1013  eps 0.082  train return  -12.26%  loss 3.83e-05  maxQ +0.0163  changes   408  3.7 min
episode 275/1013  eps 0.082  train return +212.97%  loss 4.11e-05  maxQ +0.0169  changes   503  3.7 min
episode 276/1013  eps 0.081  train return   -7.08%  loss 3.73e-05  maxQ +0.0161  changes   455  3.7 min
episode 277/1013  eps 0.080  train return  +34.01%  loss 4.03e-05  maxQ +0.0171  changes   477  3.7 min
episode 278/1013  eps 0.079  train return +135.02%  loss 4.01e-05  maxQ +0.0161  changes   522  3.7 min
episode 279/1013  eps 0.079  train return  +60.31%  loss 3.81e-05  maxQ +0.0159  changes   498  3.8 min
episode 280/1013  eps 0.078  train return  +10.91%  loss 4.31e-05  maxQ +0.0168  changes   434  3.8 min | val return -42.01% (best +6.61%)
episode 281/1013  eps 0.077  train return   +6.72%  loss 4.20e-05  maxQ +0.0162  changes   468  3.8 min
episode 282/1013  eps 0.077  train return  +56.56%  loss 3.90e-05  maxQ +0.0166  changes   518  3.8 min
episode 283/1013  eps 0.076  train return  +28.59%  loss 4.04e-05  maxQ +0.0171  changes   484  3.8 min
episode 284/1013  eps 0.075  train return  +36.11%  loss 4.04e-05  maxQ +0.0180  changes   469  3.8 min
episode 285/1013  eps 0.075  train return   +3.88%  loss 4.42e-05  maxQ +0.0181  changes   461  3.8 min
episode 286/1013  eps 0.074  train return +101.45%  loss 3.96e-05  maxQ +0.0171  changes   501  3.9 min
episode 287/1013  eps 0.073  train return   +3.08%  loss 3.93e-05  maxQ +0.0178  changes   509  3.9 min
episode 288/1013  eps 0.073  train return  +36.02%  loss 4.06e-05  maxQ +0.0180  changes   539  3.9 min
episode 289/1013  eps 0.072  train return  +63.01%  loss 4.05e-05  maxQ +0.0172  changes   497  3.9 min
episode 290/1013  eps 0.071  train return  +47.96%  loss 4.15e-05  maxQ +0.0174  changes   486  3.9 min | val return -37.93% (best +6.61%)
episode 291/1013  eps 0.071  train return  +10.43%  loss 3.69e-05  maxQ +0.0176  changes   486  3.9 min
episode 292/1013  eps 0.070  train return  +22.09%  loss 4.09e-05  maxQ +0.0179  changes   519  4.0 min
episode 293/1013  eps 0.069  train return   +5.80%  loss 3.88e-05  maxQ +0.0177  changes   486  4.0 min
episode 294/1013  eps 0.069  train return  +30.72%  loss 4.03e-05  maxQ +0.0180  changes   433  4.0 min
episode 295/1013  eps 0.068  train return  +13.82%  loss 3.87e-05  maxQ +0.0169  changes   430  4.0 min
episode 296/1013  eps 0.067  train return +127.99%  loss 3.78e-05  maxQ +0.0168  changes   518  4.0 min
episode 297/1013  eps 0.067  train return  +41.99%  loss 3.57e-05  maxQ +0.0168  changes   478  4.0 min
episode 298/1013  eps 0.066  train return   +7.92%  loss 3.55e-05  maxQ +0.0170  changes   466  4.0 min
episode 299/1013  eps 0.066  train return  +25.53%  loss 3.62e-05  maxQ +0.0168  changes   456  4.0 min
episode 300/1013  eps 0.065  train return   +8.65%  loss 3.79e-05  maxQ +0.0159  changes   441  4.1 min | val return -27.49% (best +6.61%)
episode 301/1013  eps 0.064  train return +101.08%  loss 3.99e-05  maxQ +0.0163  changes   502  4.1 min
episode 302/1013  eps 0.064  train return   +3.94%  loss 3.98e-05  maxQ +0.0165  changes   461  4.1 min
episode 303/1013  eps 0.063  train return   +8.51%  loss 4.25e-05  maxQ +0.0162  changes   415  4.1 min
episode 304/1013  eps 0.063  train return  +15.66%  loss 4.37e-05  maxQ +0.0169  changes   472  4.1 min
episode 305/1013  eps 0.062  train return +198.42%  loss 4.06e-05  maxQ +0.0163  changes   490  4.1 min
episode 306/1013  eps 0.062  train return  +21.98%  loss 4.29e-05  maxQ +0.0173  changes   468  4.2 min
episode 307/1013  eps 0.061  train return  +20.03%  loss 4.03e-05  maxQ +0.0172  changes   489  4.2 min
episode 308/1013  eps 0.060  train return  -11.99%  loss 4.00e-05  maxQ +0.0166  changes   378  4.2 min
episode 309/1013  eps 0.060  train return  +13.25%  loss 4.22e-05  maxQ +0.0173  changes   388  4.2 min
episode 310/1013  eps 0.059  train return  +97.95%  loss 4.27e-05  maxQ +0.0169  changes   479  4.2 min | val return -25.50% (best +6.61%)
episode 311/1013  eps 0.059  train return  +53.93%  loss 4.02e-05  maxQ +0.0165  changes   464  4.2 min
episode 312/1013  eps 0.058  train return  +54.90%  loss 3.79e-05  maxQ +0.0163  changes   488  4.2 min
episode 313/1013  eps 0.058  train return +135.69%  loss 3.85e-05  maxQ +0.0161  changes   505  4.3 min
episode 314/1013  eps 0.057  train return  +12.97%  loss 4.26e-05  maxQ +0.0170  changes   431  4.3 min
episode 315/1013  eps 0.057  train return  +41.76%  loss 3.94e-05  maxQ +0.0161  changes   487  4.3 min
episode 316/1013  eps 0.056  train return  +63.88%  loss 4.03e-05  maxQ +0.0157  changes   446  4.3 min
episode 317/1013  eps 0.056  train return  +38.02%  loss 4.00e-05  maxQ +0.0167  changes   470  4.3 min
episode 318/1013  eps 0.055  train return  +11.82%  loss 4.16e-05  maxQ +0.0167  changes   510  4.3 min
episode 319/1013  eps 0.055  train return +108.08%  loss 4.33e-05  maxQ +0.0167  changes   508  4.4 min
episode 320/1013  eps 0.054  train return   -0.11%  loss 4.37e-05  maxQ +0.0176  changes   397  4.4 min | val return -19.79% (best +6.61%)
episode 321/1013  eps 0.054  train return   +3.96%  loss 4.24e-05  maxQ +0.0169  changes   455  4.4 min
episode 322/1013  eps 0.053  train return  +45.09%  loss 3.92e-05  maxQ +0.0174  changes   447  4.4 min
episode 323/1013  eps 0.053  train return  +19.48%  loss 4.35e-05  maxQ +0.0176  changes   379  4.4 min
episode 324/1013  eps 0.052  train return  +36.10%  loss 4.52e-05  maxQ +0.0180  changes   432  4.4 min
episode 325/1013  eps 0.052  train return   -3.56%  loss 4.37e-05  maxQ +0.0173  changes   476  4.5 min
episode 326/1013  eps 0.051  train return   +4.24%  loss 3.87e-05  maxQ +0.0175  changes   493  4.5 min
episode 327/1013  eps 0.051  train return  +39.07%  loss 3.92e-05  maxQ +0.0166  changes   473  4.5 min
episode 328/1013  eps 0.050  train return +119.08%  loss 4.25e-05  maxQ +0.0172  changes   533  4.5 min
episode 329/1013  eps 0.050  train return  +48.85%  loss 3.96e-05  maxQ +0.0165  changes   446  4.5 min
episode 330/1013  eps 0.049  train return  +70.01%  loss 4.08e-05  maxQ +0.0168  changes   528  4.5 min | val return -7.07% (best +6.61%)
episode 331/1013  eps 0.049  train return  +51.06%  loss 4.21e-05  maxQ +0.0169  changes   470  4.6 min
episode 332/1013  eps 0.049  train return  +19.92%  loss 4.77e-05  maxQ +0.0176  changes   466  4.6 min
episode 333/1013  eps 0.048  train return   -5.28%  loss 4.55e-05  maxQ +0.0185  changes   511  4.6 min
episode 334/1013  eps 0.048  train return  +35.89%  loss 4.46e-05  maxQ +0.0184  changes   506  4.6 min
episode 335/1013  eps 0.047  train return  +40.80%  loss 4.24e-05  maxQ +0.0185  changes   456  4.6 min
episode 336/1013  eps 0.047  train return  +39.43%  loss 4.13e-05  maxQ +0.0181  changes   491  4.6 min
episode 337/1013  eps 0.046  train return  +67.45%  loss 4.47e-05  maxQ +0.0177  changes   490  4.6 min
episode 338/1013  eps 0.046  train return  +81.97%  loss 4.30e-05  maxQ +0.0178  changes   475  4.7 min
episode 339/1013  eps 0.046  train return   +5.97%  loss 4.23e-05  maxQ +0.0175  changes   470  4.7 min
episode 340/1013  eps 0.045  train return  +69.93%  loss 4.22e-05  maxQ +0.0175  changes   471  4.7 min | val return -19.00% (best +6.61%)
episode 341/1013  eps 0.045  train return  +42.27%  loss 4.47e-05  maxQ +0.0182  changes   485  4.7 min
episode 342/1013  eps 0.044  train return  +22.46%  loss 4.65e-05  maxQ +0.0181  changes   509  4.7 min
episode 343/1013  eps 0.044  train return  +98.97%  loss 4.35e-05  maxQ +0.0173  changes   504  4.7 min
episode 344/1013  eps 0.043  train return  +31.44%  loss 4.44e-05  maxQ +0.0178  changes   465  4.7 min
episode 345/1013  eps 0.043  train return  +28.58%  loss 4.58e-05  maxQ +0.0178  changes   524  4.8 min
episode 346/1013  eps 0.043  train return  +65.10%  loss 4.47e-05  maxQ +0.0179  changes   466  4.8 min
episode 347/1013  eps 0.042  train return   +5.88%  loss 4.71e-05  maxQ +0.0183  changes   429  4.8 min
episode 348/1013  eps 0.042  train return +110.69%  loss 4.72e-05  maxQ +0.0176  changes   482  4.8 min
episode 349/1013  eps 0.042  train return +149.18%  loss 4.13e-05  maxQ +0.0174  changes   485  4.8 min
episode 350/1013  eps 0.041  train return   -2.33%  loss 4.40e-05  maxQ +0.0176  changes   470  4.8 min | val return -16.39% (best +6.61%)
episode 351/1013  eps 0.041  train return  +17.04%  loss 4.53e-05  maxQ +0.0171  changes   490  4.9 min
episode 352/1013  eps 0.040  train return  +85.79%  loss 4.34e-05  maxQ +0.0172  changes   476  4.9 min
episode 353/1013  eps 0.040  train return  +63.04%  loss 4.18e-05  maxQ +0.0161  changes   496  4.9 min
episode 354/1013  eps 0.040  train return  +41.41%  loss 4.08e-05  maxQ +0.0159  changes   457  4.9 min
episode 355/1013  eps 0.039  train return  +80.98%  loss 4.05e-05  maxQ +0.0159  changes   420  4.9 min
episode 356/1013  eps 0.039  train return +120.68%  loss 3.91e-05  maxQ +0.0155  changes   478  4.9 min
episode 357/1013  eps 0.039  train return  +38.35%  loss 3.95e-05  maxQ +0.0157  changes   462  4.9 min
episode 358/1013  eps 0.038  train return +211.58%  loss 4.01e-05  maxQ +0.0158  changes   509  5.0 min
episode 359/1013  eps 0.038  train return  +98.22%  loss 4.20e-05  maxQ +0.0158  changes   460  5.0 min
episode 360/1013  eps 0.038  train return  +28.15%  loss 4.03e-05  maxQ +0.0155  changes   452  5.0 min | val return -4.80% (best +6.61%)
episode 361/1013  eps 0.037  train return  +13.73%  loss 4.04e-05  maxQ +0.0159  changes   461  5.0 min
episode 362/1013  eps 0.037  train return  +55.31%  loss 4.10e-05  maxQ +0.0167  changes   483  5.0 min
episode 363/1013  eps 0.037  train return  +60.73%  loss 4.14e-05  maxQ +0.0158  changes   456  5.0 min
episode 364/1013  eps 0.036  train return  +86.09%  loss 4.28e-05  maxQ +0.0164  changes   480  5.0 min
episode 365/1013  eps 0.036  train return  +66.40%  loss 4.10e-05  maxQ +0.0169  changes   451  5.1 min
episode 366/1013  eps 0.036  train return +195.03%  loss 4.50e-05  maxQ +0.0158  changes   497  5.1 min
episode 367/1013  eps 0.035  train return  +57.42%  loss 4.43e-05  maxQ +0.0171  changes   485  5.1 min
episode 368/1013  eps 0.035  train return  +25.02%  loss 4.37e-05  maxQ +0.0174  changes   460  5.1 min
episode 369/1013  eps 0.035  train return  +49.11%  loss 4.63e-05  maxQ +0.0174  changes   451  5.1 min
episode 370/1013  eps 0.034  train return  +19.18%  loss 4.37e-05  maxQ +0.0176  changes   430  5.1 min | val return -37.58% (best +6.61%)
episode 371/1013  eps 0.034  train return  +17.83%  loss 4.44e-05  maxQ +0.0177  changes   392  5.2 min
episode 372/1013  eps 0.034  train return  +80.09%  loss 4.42e-05  maxQ +0.0173  changes   512  5.2 min
episode 373/1013  eps 0.033  train return  +59.01%  loss 4.31e-05  maxQ +0.0177  changes   477  5.2 min
episode 374/1013  eps 0.033  train return +115.63%  loss 4.24e-05  maxQ +0.0177  changes   493  5.2 min
episode 375/1013  eps 0.033  train return  +46.44%  loss 4.53e-05  maxQ +0.0180  changes   511  5.2 min
episode 376/1013  eps 0.032  train return   -4.45%  loss 4.55e-05  maxQ +0.0181  changes   439  5.2 min
episode 377/1013  eps 0.032  train return +109.01%  loss 4.69e-05  maxQ +0.0178  changes   450  5.2 min
episode 378/1013  eps 0.032  train return  +42.95%  loss 4.48e-05  maxQ +0.0173  changes   508  5.3 min
episode 379/1013  eps 0.032  train return  +26.55%  loss 4.27e-05  maxQ +0.0174  changes   524  5.3 min
episode 380/1013  eps 0.031  train return   +8.35%  loss 4.46e-05  maxQ +0.0183  changes   432  5.3 min | val return -19.27% (best +6.61%)
episode 381/1013  eps 0.031  train return  +71.92%  loss 4.38e-05  maxQ +0.0178  changes   453  5.3 min
episode 382/1013  eps 0.031  train return   +8.23%  loss 4.64e-05  maxQ +0.0178  changes   468  5.3 min
episode 383/1013  eps 0.030  train return  +15.05%  loss 4.61e-05  maxQ +0.0179  changes   448  5.3 min
episode 384/1013  eps 0.030  train return  +47.93%  loss 4.37e-05  maxQ +0.0180  changes   490  5.4 min
episode 385/1013  eps 0.030  train return  +94.58%  loss 4.27e-05  maxQ +0.0164  changes   481  5.4 min
episode 386/1013  eps 0.030  train return  +98.13%  loss 4.40e-05  maxQ +0.0169  changes   494  5.4 min
episode 387/1013  eps 0.029  train return  +18.24%  loss 4.12e-05  maxQ +0.0172  changes   447  5.4 min
episode 388/1013  eps 0.029  train return  +10.77%  loss 4.12e-05  maxQ +0.0171  changes   454  5.4 min
episode 389/1013  eps 0.029  train return +113.20%  loss 4.22e-05  maxQ +0.0171  changes   463  5.4 min
episode 390/1013  eps 0.029  train return  +46.92%  loss 3.98e-05  maxQ +0.0172  changes   477  5.4 min | val return -30.15% (best +6.61%)
episode 391/1013  eps 0.028  train return +201.90%  loss 4.15e-05  maxQ +0.0167  changes   518  5.5 min
episode 392/1013  eps 0.028  train return +210.16%  loss 4.01e-05  maxQ +0.0168  changes   495  5.5 min
episode 393/1013  eps 0.028  train return  +19.19%  loss 4.73e-05  maxQ +0.0180  changes   457  5.5 min
episode 394/1013  eps 0.028  train return  +68.26%  loss 4.32e-05  maxQ +0.0173  changes   469  5.5 min
episode 395/1013  eps 0.027  train return  +34.01%  loss 4.52e-05  maxQ +0.0183  changes   442  5.5 min
episode 396/1013  eps 0.027  train return  +77.61%  loss 4.42e-05  maxQ +0.0178  changes   506  5.5 min
episode 397/1013  eps 0.027  train return  +12.28%  loss 4.32e-05  maxQ +0.0180  changes   432  5.6 min
episode 398/1013  eps 0.027  train return  +23.87%  loss 4.19e-05  maxQ +0.0175  changes   455  5.6 min
episode 399/1013  eps 0.026  train return   +7.11%  loss 4.03e-05  maxQ +0.0171  changes   444  5.6 min
episode 400/1013  eps 0.026  train return  +15.73%  loss 4.30e-05  maxQ +0.0171  changes   454  5.6 min | val return -15.35% (best +6.61%)
episode 401/1013  eps 0.026  train return +103.98%  loss 4.27e-05  maxQ +0.0171  changes   522  5.6 min
episode 402/1013  eps 0.026  train return  +89.11%  loss 4.51e-05  maxQ +0.0172  changes   487  5.6 min
episode 403/1013  eps 0.025  train return +124.21%  loss 4.40e-05  maxQ +0.0179  changes   502  5.7 min
episode 404/1013  eps 0.025  train return  +20.12%  loss 4.39e-05  maxQ +0.0179  changes   494  5.7 min
episode 405/1013  eps 0.025  train return  +89.36%  loss 4.43e-05  maxQ +0.0174  changes   498  5.7 min
episode 406/1013  eps 0.025  train return  +70.87%  loss 4.35e-05  maxQ +0.0172  changes   475  5.7 min
episode 407/1013  eps 0.024  train return  +35.34%  loss 4.02e-05  maxQ +0.0169  changes   494  5.7 min
episode 408/1013  eps 0.024  train return  +52.64%  loss 4.24e-05  maxQ +0.0163  changes   478  5.7 min
episode 409/1013  eps 0.024  train return +184.14%  loss 4.39e-05  maxQ +0.0165  changes   469  5.7 min
episode 410/1013  eps 0.024  train return +127.66%  loss 4.32e-05  maxQ +0.0171  changes   491  5.8 min | val return -25.53% (best +6.61%)
episode 411/1013  eps 0.024  train return +131.78%  loss 4.40e-05  maxQ +0.0164  changes   462  5.8 min
episode 412/1013  eps 0.023  train return +109.92%  loss 4.37e-05  maxQ +0.0174  changes   496  5.8 min
episode 413/1013  eps 0.023  train return  +32.30%  loss 3.92e-05  maxQ +0.0166  changes   443  5.8 min
episode 414/1013  eps 0.023  train return  +18.64%  loss 4.35e-05  maxQ +0.0176  changes   503  5.8 min
episode 415/1013  eps 0.023  train return +202.49%  loss 4.49e-05  maxQ +0.0172  changes   485  5.8 min
episode 416/1013  eps 0.023  train return  +47.18%  loss 4.10e-05  maxQ +0.0170  changes   482  5.8 min
episode 417/1013  eps 0.022  train return +103.55%  loss 4.71e-05  maxQ +0.0170  changes   466  5.9 min
episode 418/1013  eps 0.022  train return +136.62%  loss 4.33e-05  maxQ +0.0173  changes   525  5.9 min
episode 419/1013  eps 0.022  train return  +69.58%  loss 4.13e-05  maxQ +0.0176  changes   442  5.9 min
episode 420/1013  eps 0.022  train return   -4.48%  loss 4.33e-05  maxQ +0.0176  changes   475  5.9 min | val return -23.92% (best +6.61%)
episode 421/1013  eps 0.022  train return  +33.46%  loss 4.28e-05  maxQ +0.0184  changes   434  5.9 min
episode 422/1013  eps 0.021  train return  +35.82%  loss 4.20e-05  maxQ +0.0183  changes   456  6.0 min
episode 423/1013  eps 0.021  train return +172.75%  loss 4.23e-05  maxQ +0.0179  changes   487  6.0 min
episode 424/1013  eps 0.021  train return  +11.37%  loss 4.56e-05  maxQ +0.0179  changes   461  6.0 min
episode 425/1013  eps 0.021  train return   -5.73%  loss 4.34e-05  maxQ +0.0181  changes   456  6.0 min
episode 426/1013  eps 0.021  train return  +77.08%  loss 4.12e-05  maxQ +0.0180  changes   494  6.0 min
episode 427/1013  eps 0.020  train return   +5.94%  loss 4.25e-05  maxQ +0.0182  changes   499  6.0 min
episode 428/1013  eps 0.020  train return +131.56%  loss 4.48e-05  maxQ +0.0174  changes   502  6.0 min
episode 429/1013  eps 0.020  train return  +69.35%  loss 4.21e-05  maxQ +0.0171  changes   498  6.0 min
episode 430/1013  eps 0.020  train return +171.91%  loss 4.45e-05  maxQ +0.0170  changes   498  6.1 min | val return -29.58% (best +6.61%)
episode 431/1013  eps 0.020  train return  -13.40%  loss 4.37e-05  maxQ +0.0172  changes   440  6.1 min
episode 432/1013  eps 0.019  train return +272.93%  loss 4.37e-05  maxQ +0.0171  changes   482  6.1 min
episode 433/1013  eps 0.019  train return  +78.89%  loss 4.16e-05  maxQ +0.0172  changes   487  6.1 min
episode 434/1013  eps 0.019  train return +257.00%  loss 4.33e-05  maxQ +0.0180  changes   490  6.1 min
episode 435/1013  eps 0.019  train return  +27.80%  loss 4.57e-05  maxQ +0.0182  changes   465  6.1 min
episode 436/1013  eps 0.019  train return  +97.93%  loss 4.53e-05  maxQ +0.0182  changes   477  6.2 min
episode 437/1013  eps 0.019  train return  +98.95%  loss 4.34e-05  maxQ +0.0176  changes   472  6.2 min
episode 438/1013  eps 0.018  train return +157.32%  loss 4.55e-05  maxQ +0.0178  changes   486  6.2 min
episode 439/1013  eps 0.018  train return +109.78%  loss 4.67e-05  maxQ +0.0186  changes   520  6.2 min
episode 440/1013  eps 0.018  train return +180.66%  loss 4.61e-05  maxQ +0.0184  changes   489  6.2 min | val return -22.02% (best +6.61%)
episode 441/1013  eps 0.018  train return +224.51%  loss 4.35e-05  maxQ +0.0187  changes   499  6.2 min
episode 442/1013  eps 0.018  train return  +39.57%  loss 4.37e-05  maxQ +0.0189  changes   497  6.2 min
episode 443/1013  eps 0.018  train return  +86.49%  loss 4.68e-05  maxQ +0.0182  changes   471  6.3 min
episode 444/1013  eps 0.017  train return  +42.80%  loss 4.38e-05  maxQ +0.0183  changes   474  6.3 min
episode 445/1013  eps 0.017  train return  +60.39%  loss 4.43e-05  maxQ +0.0184  changes   473  6.3 min
episode 446/1013  eps 0.017  train return +253.20%  loss 4.45e-05  maxQ +0.0180  changes   506  6.3 min
episode 447/1013  eps 0.017  train return  +39.00%  loss 4.56e-05  maxQ +0.0181  changes   497  6.3 min
episode 448/1013  eps 0.017  train return +131.30%  loss 4.41e-05  maxQ +0.0173  changes   477  6.3 min
episode 449/1013  eps 0.017  train return  +42.07%  loss 4.68e-05  maxQ +0.0179  changes   507  6.3 min
episode 450/1013  eps 0.016  train return +201.04%  loss 4.35e-05  maxQ +0.0168  changes   501  6.4 min | val return -23.94% (best +6.61%)
episode 451/1013  eps 0.016  train return +100.84%  loss 4.75e-05  maxQ +0.0181  changes   478  6.4 min
episode 452/1013  eps 0.016  train return +130.42%  loss 4.41e-05  maxQ +0.0183  changes   494  6.4 min
episode 453/1013  eps 0.016  train return +161.62%  loss 4.42e-05  maxQ +0.0173  changes   495  6.4 min
episode 454/1013  eps 0.016  train return  +68.77%  loss 4.60e-05  maxQ +0.0181  changes   481  6.4 min
episode 455/1013  eps 0.016  train return  +76.77%  loss 4.81e-05  maxQ +0.0182  changes   469  6.4 min
episode 456/1013  eps 0.016  train return  +77.84%  loss 4.42e-05  maxQ +0.0183  changes   449  6.5 min
episode 457/1013  eps 0.015  train return +108.50%  loss 4.79e-05  maxQ +0.0181  changes   453  6.5 min
episode 458/1013  eps 0.015  train return  +38.95%  loss 5.48e-05  maxQ +0.0194  changes   470  6.5 min
episode 459/1013  eps 0.015  train return  +84.30%  loss 4.98e-05  maxQ +0.0191  changes   495  6.5 min
episode 460/1013  eps 0.015  train return +226.28%  loss 4.75e-05  maxQ +0.0189  changes   468  6.5 min | val return -19.13% (best +6.61%)
episode 461/1013  eps 0.015  train return  +41.26%  loss 5.01e-05  maxQ +0.0184  changes   443  6.5 min
episode 462/1013  eps 0.015  train return  -10.14%  loss 4.72e-05  maxQ +0.0191  changes   473  6.5 min
episode 463/1013  eps 0.015  train return +216.06%  loss 4.60e-05  maxQ +0.0189  changes   462  6.6 min
episode 464/1013  eps 0.015  train return  +18.73%  loss 4.50e-05  maxQ +0.0184  changes   449  6.6 min
episode 465/1013  eps 0.014  train return +195.49%  loss 5.01e-05  maxQ +0.0190  changes   499  6.6 min
episode 466/1013  eps 0.014  train return   +6.19%  loss 4.78e-05  maxQ +0.0192  changes   460  6.6 min
episode 467/1013  eps 0.014  train return +105.55%  loss 4.75e-05  maxQ +0.0192  changes   509  6.6 min
episode 468/1013  eps 0.014  train return  +30.82%  loss 4.73e-05  maxQ +0.0197  changes   443  6.6 min
episode 469/1013  eps 0.014  train return +131.16%  loss 5.12e-05  maxQ +0.0188  changes   482  6.6 min
episode 470/1013  eps 0.014  train return  +19.07%  loss 5.11e-05  maxQ +0.0187  changes   474  6.7 min | val return -26.30% (best +6.61%)
episode 471/1013  eps 0.014  train return  +84.27%  loss 5.04e-05  maxQ +0.0197  changes   488  6.7 min
episode 472/1013  eps 0.013  train return +331.85%  loss 5.41e-05  maxQ +0.0198  changes   521  6.7 min
episode 473/1013  eps 0.013  train return +215.82%  loss 5.42e-05  maxQ +0.0194  changes   472  6.7 min
episode 474/1013  eps 0.013  train return +147.62%  loss 4.76e-05  maxQ +0.0195  changes   482  6.7 min
episode 475/1013  eps 0.013  train return +129.65%  loss 4.96e-05  maxQ +0.0191  changes   506  6.7 min
episode 476/1013  eps 0.013  train return +192.85%  loss 5.22e-05  maxQ +0.0191  changes   466  6.7 min
episode 477/1013  eps 0.013  train return  +32.58%  loss 5.26e-05  maxQ +0.0187  changes   443  6.8 min
episode 478/1013  eps 0.013  train return +198.13%  loss 4.94e-05  maxQ +0.0188  changes   482  6.8 min
episode 479/1013  eps 0.013  train return  +26.87%  loss 4.86e-05  maxQ +0.0189  changes   437  6.8 min
episode 480/1013  eps 0.013  train return +395.29%  loss 5.47e-05  maxQ +0.0197  changes   513  6.8 min | val return -23.69% (best +6.61%)
episode 481/1013  eps 0.012  train return  +72.72%  loss 5.30e-05  maxQ +0.0198  changes   453  6.8 min
episode 482/1013  eps 0.012  train return  +90.91%  loss 5.17e-05  maxQ +0.0190  changes   494  6.8 min
episode 483/1013  eps 0.012  train return +253.61%  loss 4.88e-05  maxQ +0.0191  changes   509  6.9 min
episode 484/1013  eps 0.012  train return   +4.82%  loss 4.71e-05  maxQ +0.0196  changes   443  6.9 min
episode 485/1013  eps 0.012  train return  +80.36%  loss 5.00e-05  maxQ +0.0187  changes   456  6.9 min
episode 486/1013  eps 0.012  train return +288.68%  loss 5.37e-05  maxQ +0.0185  changes   493  6.9 min
episode 487/1013  eps 0.012  train return   +8.41%  loss 5.03e-05  maxQ +0.0184  changes   463  6.9 min
episode 488/1013  eps 0.012  train return +186.12%  loss 5.09e-05  maxQ +0.0183  changes   505  6.9 min
episode 489/1013  eps 0.012  train return  +30.76%  loss 5.23e-05  maxQ +0.0186  changes   471  6.9 min
episode 490/1013  eps 0.011  train return +115.04%  loss 5.20e-05  maxQ +0.0190  changes   487  6.9 min | val return -15.22% (best +6.61%)
episode 491/1013  eps 0.011  train return  +33.90%  loss 5.67e-05  maxQ +0.0197  changes   431  7.0 min
episode 492/1013  eps 0.011  train return  +11.32%  loss 5.45e-05  maxQ +0.0198  changes   432  7.0 min
episode 493/1013  eps 0.011  train return +186.17%  loss 5.22e-05  maxQ +0.0197  changes   481  7.0 min
episode 494/1013  eps 0.011  train return  +10.00%  loss 5.32e-05  maxQ +0.0203  changes   501  7.0 min
episode 495/1013  eps 0.011  train return +211.50%  loss 5.06e-05  maxQ +0.0194  changes   464  7.0 min
episode 496/1013  eps 0.011  train return  +61.64%  loss 5.31e-05  maxQ +0.0194  changes   483  7.0 min
episode 497/1013  eps 0.011  train return   +9.64%  loss 4.98e-05  maxQ +0.0197  changes   453  7.1 min
episode 498/1013  eps 0.011  train return  +65.34%  loss 4.94e-05  maxQ +0.0195  changes   509  7.1 min
episode 499/1013  eps 0.011  train return +172.63%  loss 5.28e-05  maxQ +0.0198  changes   480  7.1 min
episode 500/1013  eps 0.010  train return  +21.26%  loss 5.35e-05  maxQ +0.0197  changes   463  7.1 min | val return -23.89% (best +6.61%)
episode 501/1013  eps 0.010  train return  +16.68%  loss 4.99e-05  maxQ +0.0192  changes   448  7.1 min
episode 502/1013  eps 0.010  train return   +2.85%  loss 4.64e-05  maxQ +0.0188  changes   433  7.1 min
episode 503/1013  eps 0.010  train return  +45.55%  loss 4.84e-05  maxQ +0.0191  changes   400  7.1 min
episode 504/1013  eps 0.010  train return  +55.54%  loss 4.90e-05  maxQ +0.0190  changes   507  7.2 min
episode 505/1013  eps 0.010  train return +352.84%  loss 4.99e-05  maxQ +0.0185  changes   530  7.2 min
episode 506/1013  eps 0.010  train return  +89.59%  loss 5.17e-05  maxQ +0.0184  changes   472  7.2 min
episode 507/1013  eps 0.010  train return  +68.20%  loss 5.19e-05  maxQ +0.0186  changes   481  7.2 min
episode 508/1013  eps 0.010  train return  +14.01%  loss 5.06e-05  maxQ +0.0181  changes   446  7.2 min
episode 509/1013  eps 0.010  train return +374.56%  loss 5.18e-05  maxQ +0.0181  changes   480  7.2 min
episode 510/1013  eps 0.010  train return  +47.89%  loss 4.88e-05  maxQ +0.0182  changes   486  7.2 min | val return -17.36% (best +6.61%)
episode 511/1013  eps 0.010  train return  +40.38%  loss 4.92e-05  maxQ +0.0179  changes   489  7.3 min
episode 512/1013  eps 0.010  train return +329.17%  loss 5.04e-05  maxQ +0.0176  changes   511  7.3 min
episode 513/1013  eps 0.010  train return  +27.57%  loss 4.83e-05  maxQ +0.0182  changes   402  7.3 min
episode 514/1013  eps 0.010  train return  +41.17%  loss 4.76e-05  maxQ +0.0182  changes   447  7.3 min
episode 515/1013  eps 0.010  train return  +46.25%  loss 5.31e-05  maxQ +0.0182  changes   489  7.3 min
episode 516/1013  eps 0.010  train return  +31.76%  loss 4.96e-05  maxQ +0.0188  changes   491  7.3 min
episode 517/1013  eps 0.010  train return +130.77%  loss 4.79e-05  maxQ +0.0185  changes   507  7.4 min
episode 518/1013  eps 0.010  train return +217.38%  loss 4.79e-05  maxQ +0.0188  changes   477  7.4 min
episode 519/1013  eps 0.010  train return  +18.00%  loss 4.87e-05  maxQ +0.0188  changes   454  7.4 min
episode 520/1013  eps 0.010  train return +113.36%  loss 4.64e-05  maxQ +0.0188  changes   507  7.4 min | val return -25.73% (best +6.61%)
episode 521/1013  eps 0.010  train return +208.51%  loss 4.86e-05  maxQ +0.0185  changes   508  7.4 min
episode 522/1013  eps 0.010  train return  +41.10%  loss 5.12e-05  maxQ +0.0186  changes   426  7.4 min
episode 523/1013  eps 0.010  train return  +19.80%  loss 4.78e-05  maxQ +0.0189  changes   467  7.5 min
episode 524/1013  eps 0.010  train return  +44.50%  loss 5.26e-05  maxQ +0.0194  changes   468  7.5 min
episode 525/1013  eps 0.010  train return +232.37%  loss 4.87e-05  maxQ +0.0193  changes   459  7.5 min
episode 526/1013  eps 0.010  train return  +59.40%  loss 5.14e-05  maxQ +0.0182  changes   514  7.5 min
episode 527/1013  eps 0.010  train return  +71.40%  loss 5.08e-05  maxQ +0.0189  changes   497  7.5 min
episode 528/1013  eps 0.010  train return  +35.61%  loss 4.60e-05  maxQ +0.0194  changes   489  7.5 min
episode 529/1013  eps 0.010  train return  +37.88%  loss 4.71e-05  maxQ +0.0192  changes   455  7.5 min
episode 530/1013  eps 0.010  train return +120.52%  loss 4.58e-05  maxQ +0.0186  changes   487  7.6 min | val return -6.01% (best +6.61%)
episode 531/1013  eps 0.010  train return  +30.31%  loss 4.76e-05  maxQ +0.0182  changes   475  7.6 min
episode 532/1013  eps 0.010  train return +125.97%  loss 4.79e-05  maxQ +0.0183  changes   476  7.6 min
episode 533/1013  eps 0.010  train return  +16.81%  loss 4.72e-05  maxQ +0.0187  changes   436  7.6 min
episode 534/1013  eps 0.010  train return  +25.13%  loss 4.29e-05  maxQ +0.0187  changes   472  7.6 min
episode 535/1013  eps 0.010  train return  +11.83%  loss 4.60e-05  maxQ +0.0189  changes   482  7.6 min
episode 536/1013  eps 0.010  train return  +61.70%  loss 4.53e-05  maxQ +0.0181  changes   478  7.6 min
episode 537/1013  eps 0.010  train return  +30.33%  loss 4.66e-05  maxQ +0.0186  changes   451  7.7 min
episode 538/1013  eps 0.010  train return  +59.67%  loss 4.79e-05  maxQ +0.0191  changes   484  7.7 min
episode 539/1013  eps 0.010  train return  +26.28%  loss 4.65e-05  maxQ +0.0179  changes   503  7.7 min
episode 540/1013  eps 0.010  train return  +85.26%  loss 4.26e-05  maxQ +0.0177  changes   486  7.7 min | val return -3.64% (best +6.61%)
episode 541/1013  eps 0.010  train return +110.65%  loss 4.27e-05  maxQ +0.0171  changes   497  7.7 min
episode 542/1013  eps 0.010  train return  +65.54%  loss 4.55e-05  maxQ +0.0176  changes   492  7.7 min
episode 543/1013  eps 0.010  train return +112.51%  loss 5.19e-05  maxQ +0.0179  changes   493  7.7 min
episode 544/1013  eps 0.010  train return  +25.76%  loss 5.43e-05  maxQ +0.0179  changes   487  7.8 min
episode 545/1013  eps 0.010  train return  +31.80%  loss 4.59e-05  maxQ +0.0175  changes   477  7.8 min
episode 546/1013  eps 0.010  train return  +20.94%  loss 4.71e-05  maxQ +0.0176  changes   442  7.8 min
episode 547/1013  eps 0.010  train return +193.17%  loss 5.02e-05  maxQ +0.0180  changes   483  7.8 min
episode 548/1013  eps 0.010  train return +123.60%  loss 4.90e-05  maxQ +0.0184  changes   500  7.8 min
episode 549/1013  eps 0.010  train return   +7.33%  loss 4.89e-05  maxQ +0.0183  changes   490  7.8 min
episode 550/1013  eps 0.010  train return  +16.67%  loss 4.87e-05  maxQ +0.0188  changes   424  7.8 min | val return -4.26% (best +6.61%)
episode 551/1013  eps 0.010  train return  +52.14%  loss 4.50e-05  maxQ +0.0178  changes   487  7.9 min
episode 552/1013  eps 0.010  train return  +39.68%  loss 4.20e-05  maxQ +0.0173  changes   418  7.9 min
episode 553/1013  eps 0.010  train return +146.34%  loss 4.57e-05  maxQ +0.0171  changes   497  7.9 min
episode 554/1013  eps 0.010  train return +261.98%  loss 4.71e-05  maxQ +0.0183  changes   504  7.9 min
episode 555/1013  eps 0.010  train return +221.04%  loss 4.61e-05  maxQ +0.0186  changes   469  7.9 min
episode 556/1013  eps 0.010  train return  +85.36%  loss 4.66e-05  maxQ +0.0171  changes   486  7.9 min
episode 557/1013  eps 0.010  train return +104.66%  loss 4.33e-05  maxQ +0.0177  changes   507  7.9 min
episode 558/1013  eps 0.010  train return  +59.02%  loss 4.58e-05  maxQ +0.0177  changes   506  8.0 min
episode 559/1013  eps 0.010  train return  +36.35%  loss 4.52e-05  maxQ +0.0184  changes   449  8.0 min
episode 560/1013  eps 0.010  train return  +90.63%  loss 4.17e-05  maxQ +0.0178  changes   505  8.0 min | val return -6.70% (best +6.61%)
episode 561/1013  eps 0.010  train return  +28.97%  loss 4.21e-05  maxQ +0.0181  changes   479  8.0 min
episode 562/1013  eps 0.010  train return +248.95%  loss 4.36e-05  maxQ +0.0177  changes   497  8.0 min
episode 563/1013  eps 0.010  train return  +27.89%  loss 4.49e-05  maxQ +0.0176  changes   496  8.0 min
episode 564/1013  eps 0.010  train return +134.17%  loss 4.70e-05  maxQ +0.0182  changes   504  8.1 min
episode 565/1013  eps 0.010  train return +104.40%  loss 4.58e-05  maxQ +0.0174  changes   483  8.1 min
episode 566/1013  eps 0.010  train return +200.41%  loss 4.44e-05  maxQ +0.0166  changes   476  8.1 min
episode 567/1013  eps 0.010  train return  +21.55%  loss 4.59e-05  maxQ +0.0168  changes   476  8.1 min
episode 568/1013  eps 0.010  train return +172.30%  loss 4.40e-05  maxQ +0.0174  changes   486  8.1 min
episode 569/1013  eps 0.010  train return  +39.69%  loss 4.39e-05  maxQ +0.0175  changes   471  8.1 min
episode 570/1013  eps 0.010  train return  +22.75%  loss 4.23e-05  maxQ +0.0176  changes   465  8.1 min | val return -12.38% (best +6.61%)
episode 571/1013  eps 0.010  train return  +18.76%  loss 4.03e-05  maxQ +0.0170  changes   401  8.2 min
episode 572/1013  eps 0.010  train return  +26.14%  loss 4.51e-05  maxQ +0.0175  changes   481  8.2 min
episode 573/1013  eps 0.010  train return  +71.45%  loss 4.62e-05  maxQ +0.0168  changes   490  8.2 min
episode 574/1013  eps 0.010  train return  +56.64%  loss 4.39e-05  maxQ +0.0172  changes   477  8.2 min
episode 575/1013  eps 0.010  train return +242.29%  loss 4.68e-05  maxQ +0.0177  changes   528  8.2 min
episode 576/1013  eps 0.010  train return +226.79%  loss 4.60e-05  maxQ +0.0180  changes   515  8.2 min
episode 577/1013  eps 0.010  train return +263.42%  loss 4.55e-05  maxQ +0.0173  changes   512  8.2 min
episode 578/1013  eps 0.010  train return +260.92%  loss 4.82e-05  maxQ +0.0182  changes   528  8.3 min
episode 579/1013  eps 0.010  train return  +15.84%  loss 4.69e-05  maxQ +0.0180  changes   466  8.3 min
episode 580/1013  eps 0.010  train return  +34.43%  loss 4.32e-05  maxQ +0.0186  changes   428  8.3 min | val return -23.54% (best +6.61%)
episode 581/1013  eps 0.010  train return +218.07%  loss 4.54e-05  maxQ +0.0179  changes   485  8.3 min
episode 582/1013  eps 0.010  train return  +85.53%  loss 4.95e-05  maxQ +0.0173  changes   522  8.3 min
episode 583/1013  eps 0.010  train return  +20.35%  loss 4.39e-05  maxQ +0.0176  changes   499  8.3 min
episode 584/1013  eps 0.010  train return +183.10%  loss 4.17e-05  maxQ +0.0177  changes   495  8.3 min
episode 585/1013  eps 0.010  train return  +71.54%  loss 4.46e-05  maxQ +0.0174  changes   493  8.4 min
episode 586/1013  eps 0.010  train return  +29.89%  loss 4.35e-05  maxQ +0.0169  changes   454  8.4 min
episode 587/1013  eps 0.010  train return +123.83%  loss 4.42e-05  maxQ +0.0171  changes   515  8.4 min
episode 588/1013  eps 0.010  train return  +26.13%  loss 4.51e-05  maxQ +0.0173  changes   492  8.4 min
episode 589/1013  eps 0.010  train return +191.87%  loss 4.58e-05  maxQ +0.0175  changes   515  8.4 min
episode 590/1013  eps 0.010  train return  +55.13%  loss 4.33e-05  maxQ +0.0174  changes   512  8.4 min | val return -21.95% (best +6.61%)
episode 591/1013  eps 0.010  train return +143.16%  loss 4.27e-05  maxQ +0.0175  changes   481  8.5 min
episode 592/1013  eps 0.010  train return  +25.32%  loss 4.03e-05  maxQ +0.0176  changes   454  8.5 min
episode 593/1013  eps 0.010  train return +208.56%  loss 4.21e-05  maxQ +0.0179  changes   467  8.5 min
episode 594/1013  eps 0.010  train return  +37.74%  loss 4.44e-05  maxQ +0.0176  changes   487  8.5 min
episode 595/1013  eps 0.010  train return +185.22%  loss 4.34e-05  maxQ +0.0173  changes   494  8.5 min
episode 596/1013  eps 0.010  train return  +11.97%  loss 4.18e-05  maxQ +0.0179  changes   460  8.5 min
episode 597/1013  eps 0.010  train return  +98.72%  loss 4.10e-05  maxQ +0.0175  changes   498  8.5 min
episode 598/1013  eps 0.010  train return  +98.63%  loss 4.32e-05  maxQ +0.0172  changes   520  8.6 min
episode 599/1013  eps 0.010  train return  +12.75%  loss 4.47e-05  maxQ +0.0173  changes   438  8.6 min
episode 600/1013  eps 0.010  train return  +40.08%  loss 4.09e-05  maxQ +0.0174  changes   494  8.6 min | val return -10.32% (best +6.61%)
episode 601/1013  eps 0.010  train return   -4.54%  loss 4.22e-05  maxQ +0.0172  changes   395  8.6 min
episode 602/1013  eps 0.010  train return  +48.49%  loss 4.01e-05  maxQ +0.0171  changes   438  8.6 min
episode 603/1013  eps 0.010  train return  +43.80%  loss 4.38e-05  maxQ +0.0173  changes   439  8.6 min
episode 604/1013  eps 0.010  train return +218.81%  loss 4.30e-05  maxQ +0.0173  changes   505  8.7 min
episode 605/1013  eps 0.010  train return +165.79%  loss 4.53e-05  maxQ +0.0179  changes   503  8.7 min
episode 606/1013  eps 0.010  train return  +96.96%  loss 4.36e-05  maxQ +0.0185  changes   496  8.7 min
episode 607/1013  eps 0.010  train return  +62.41%  loss 4.41e-05  maxQ +0.0173  changes   446  8.7 min
episode 608/1013  eps 0.010  train return  +33.69%  loss 4.57e-05  maxQ +0.0177  changes   459  8.7 min
episode 609/1013  eps 0.010  train return +316.31%  loss 4.45e-05  maxQ +0.0173  changes   486  8.7 min
episode 610/1013  eps 0.010  train return  +44.96%  loss 4.39e-05  maxQ +0.0174  changes   488  8.7 min | val return -23.91% (best +6.61%)
episode 611/1013  eps 0.010  train return +279.09%  loss 4.23e-05  maxQ +0.0172  changes   533  8.8 min
episode 612/1013  eps 0.010  train return  +32.87%  loss 4.25e-05  maxQ +0.0173  changes   451  8.8 min
episode 613/1013  eps 0.010  train return +281.55%  loss 4.35e-05  maxQ +0.0172  changes   507  8.8 min
episode 614/1013  eps 0.010  train return  +37.82%  loss 4.67e-05  maxQ +0.0183  changes   443  8.8 min
episode 615/1013  eps 0.010  train return +116.68%  loss 4.53e-05  maxQ +0.0182  changes   489  8.8 min
episode 616/1013  eps 0.010  train return +141.44%  loss 4.64e-05  maxQ +0.0182  changes   512  8.8 min
episode 617/1013  eps 0.010  train return  +16.94%  loss 4.72e-05  maxQ +0.0181  changes   445  8.8 min
episode 618/1013  eps 0.010  train return  +15.47%  loss 4.48e-05  maxQ +0.0177  changes   465  8.9 min
episode 619/1013  eps 0.010  train return  +24.85%  loss 4.09e-05  maxQ +0.0182  changes   457  8.9 min
episode 620/1013  eps 0.010  train return  +50.73%  loss 4.52e-05  maxQ +0.0182  changes   453  8.9 min | val return -33.57% (best +6.61%)
episode 621/1013  eps 0.010  train return  +20.97%  loss 4.70e-05  maxQ +0.0175  changes   423  8.9 min
episode 622/1013  eps 0.010  train return +332.92%  loss 4.50e-05  maxQ +0.0175  changes   482  8.9 min
episode 623/1013  eps 0.010  train return +156.41%  loss 4.35e-05  maxQ +0.0177  changes   491  8.9 min
episode 624/1013  eps 0.010  train return  +19.37%  loss 4.21e-05  maxQ +0.0177  changes   466  9.0 min
episode 625/1013  eps 0.010  train return  +97.28%  loss 3.96e-05  maxQ +0.0175  changes   462  9.0 min
episode 626/1013  eps 0.010  train return  +37.61%  loss 4.78e-05  maxQ +0.0183  changes   505  9.0 min
episode 627/1013  eps 0.010  train return +168.02%  loss 4.32e-05  maxQ +0.0176  changes   512  9.0 min
episode 628/1013  eps 0.010  train return +387.34%  loss 4.37e-05  maxQ +0.0171  changes   532  9.0 min
episode 629/1013  eps 0.010  train return  +55.77%  loss 4.51e-05  maxQ +0.0166  changes   470  9.0 min
episode 630/1013  eps 0.010  train return  +48.09%  loss 4.71e-05  maxQ +0.0172  changes   479  9.0 min | val return -19.24% (best +6.61%)
episode 631/1013  eps 0.010  train return  +37.11%  loss 4.66e-05  maxQ +0.0171  changes   464  9.1 min
episode 632/1013  eps 0.010  train return +140.07%  loss 4.35e-05  maxQ +0.0169  changes   485  9.1 min
episode 633/1013  eps 0.010  train return +197.54%  loss 4.23e-05  maxQ +0.0174  changes   472  9.1 min
episode 634/1013  eps 0.010  train return +156.04%  loss 4.43e-05  maxQ +0.0168  changes   484  9.1 min
episode 635/1013  eps 0.010  train return   +9.41%  loss 4.14e-05  maxQ +0.0165  changes   402  9.1 min
episode 636/1013  eps 0.010  train return +294.89%  loss 4.09e-05  maxQ +0.0170  changes   503  9.1 min
episode 637/1013  eps 0.010  train return  +82.60%  loss 4.64e-05  maxQ +0.0169  changes   450  9.2 min
episode 638/1013  eps 0.010  train return  +94.14%  loss 4.63e-05  maxQ +0.0173  changes   472  9.2 min
episode 639/1013  eps 0.010  train return  +24.56%  loss 4.77e-05  maxQ +0.0173  changes   448  9.2 min
episode 640/1013  eps 0.010  train return  +63.15%  loss 4.44e-05  maxQ +0.0172  changes   475  9.2 min | val return -25.44% (best +6.61%)
episode 641/1013  eps 0.010  train return  +20.05%  loss 4.31e-05  maxQ +0.0175  changes   428  9.2 min
episode 642/1013  eps 0.010  train return +114.45%  loss 4.41e-05  maxQ +0.0173  changes   507  9.2 min
episode 643/1013  eps 0.010  train return  +16.14%  loss 4.63e-05  maxQ +0.0169  changes   451  9.2 min
episode 644/1013  eps 0.010  train return  +92.40%  loss 4.21e-05  maxQ +0.0163  changes   482  9.3 min
episode 645/1013  eps 0.010  train return  +80.87%  loss 4.72e-05  maxQ +0.0166  changes   480  9.3 min
episode 646/1013  eps 0.010  train return  +34.08%  loss 4.41e-05  maxQ +0.0168  changes   436  9.3 min
episode 647/1013  eps 0.010  train return  +43.74%  loss 4.58e-05  maxQ +0.0169  changes   461  9.3 min
episode 648/1013  eps 0.010  train return +262.26%  loss 4.27e-05  maxQ +0.0169  changes   452  9.3 min
episode 649/1013  eps 0.010  train return  +78.06%  loss 4.06e-05  maxQ +0.0170  changes   481  9.3 min
episode 650/1013  eps 0.010  train return  +19.67%  loss 4.24e-05  maxQ +0.0174  changes   417  9.3 min | val return -6.64% (best +6.61%)
episode 651/1013  eps 0.010  train return  +16.67%  loss 4.33e-05  maxQ +0.0175  changes   475  9.4 min
episode 652/1013  eps 0.010  train return  +63.40%  loss 4.22e-05  maxQ +0.0182  changes   460  9.4 min
episode 653/1013  eps 0.010  train return  +65.44%  loss 4.01e-05  maxQ +0.0178  changes   431  9.4 min
episode 654/1013  eps 0.010  train return +325.43%  loss 4.03e-05  maxQ +0.0177  changes   486  9.4 min
episode 655/1013  eps 0.010  train return +172.26%  loss 4.62e-05  maxQ +0.0174  changes   508  9.4 min
episode 656/1013  eps 0.010  train return +363.27%  loss 4.14e-05  maxQ +0.0183  changes   456  9.4 min
episode 657/1013  eps 0.010  train return  +47.98%  loss 4.48e-05  maxQ +0.0184  changes   449  9.4 min
episode 658/1013  eps 0.010  train return  +54.26%  loss 4.50e-05  maxQ +0.0180  changes   472  9.5 min
episode 659/1013  eps 0.010  train return +149.05%  loss 4.60e-05  maxQ +0.0174  changes   475  9.5 min
episode 660/1013  eps 0.010  train return  +24.52%  loss 4.16e-05  maxQ +0.0171  changes   426  9.5 min | val return -14.29% (best +6.61%)
episode 661/1013  eps 0.010  train return +105.82%  loss 4.25e-05  maxQ +0.0173  changes   476  9.5 min
episode 662/1013  eps 0.010  train return  +53.24%  loss 3.94e-05  maxQ +0.0173  changes   446  9.5 min
episode 663/1013  eps 0.010  train return  +70.58%  loss 4.11e-05  maxQ +0.0174  changes   482  9.5 min
episode 664/1013  eps 0.010  train return  +31.84%  loss 4.20e-05  maxQ +0.0172  changes   477  9.6 min
episode 665/1013  eps 0.010  train return  +26.24%  loss 3.98e-05  maxQ +0.0170  changes   422  9.6 min
episode 666/1013  eps 0.010  train return +110.87%  loss 4.09e-05  maxQ +0.0170  changes   493  9.6 min
episode 667/1013  eps 0.010  train return +249.53%  loss 3.89e-05  maxQ +0.0166  changes   478  9.6 min
episode 668/1013  eps 0.010  train return  +55.77%  loss 4.15e-05  maxQ +0.0164  changes   441  9.6 min
episode 669/1013  eps 0.010  train return  +41.49%  loss 3.76e-05  maxQ +0.0168  changes   439  9.6 min
episode 670/1013  eps 0.010  train return  +15.06%  loss 3.80e-05  maxQ +0.0160  changes   398  9.6 min | val return -6.98% (best +6.61%)
episode 671/1013  eps 0.010  train return +178.91%  loss 4.18e-05  maxQ +0.0162  changes   489  9.7 min
episode 672/1013  eps 0.010  train return +186.67%  loss 3.78e-05  maxQ +0.0161  changes   465  9.7 min
episode 673/1013  eps 0.010  train return +109.85%  loss 4.07e-05  maxQ +0.0164  changes   461  9.7 min
episode 674/1013  eps 0.010  train return  +27.73%  loss 3.77e-05  maxQ +0.0164  changes   435  9.7 min
episode 675/1013  eps 0.010  train return +300.18%  loss 3.83e-05  maxQ +0.0164  changes   449  9.7 min
episode 676/1013  eps 0.010  train return  +49.35%  loss 4.02e-05  maxQ +0.0164  changes   476  9.7 min
episode 677/1013  eps 0.010  train return  +90.99%  loss 3.96e-05  maxQ +0.0169  changes   441  9.8 min
episode 678/1013  eps 0.010  train return  +24.04%  loss 3.90e-05  maxQ +0.0169  changes   429  9.8 min
episode 679/1013  eps 0.010  train return  +16.98%  loss 4.02e-05  maxQ +0.0174  changes   405  9.8 min
episode 680/1013  eps 0.010  train return +633.81%  loss 4.01e-05  maxQ +0.0172  changes   503  9.8 min | val return -12.53% (best +6.61%)
episode 681/1013  eps 0.010  train return +219.16%  loss 4.29e-05  maxQ +0.0166  changes   499  9.8 min
episode 682/1013  eps 0.010  train return  +62.68%  loss 4.31e-05  maxQ +0.0168  changes   456  9.8 min
episode 683/1013  eps 0.010  train return +204.39%  loss 4.26e-05  maxQ +0.0177  changes   494  9.8 min
episode 684/1013  eps 0.010  train return  +62.74%  loss 4.71e-05  maxQ +0.0173  changes   478  9.9 min
episode 685/1013  eps 0.010  train return +138.52%  loss 4.08e-05  maxQ +0.0177  changes   475  9.9 min
episode 686/1013  eps 0.010  train return  +88.93%  loss 3.86e-05  maxQ +0.0174  changes   462  9.9 min
episode 687/1013  eps 0.010  train return  +39.79%  loss 3.84e-05  maxQ +0.0166  changes   442  9.9 min
episode 688/1013  eps 0.010  train return  +77.08%  loss 3.80e-05  maxQ +0.0164  changes   452  9.9 min
episode 689/1013  eps 0.010  train return  +14.65%  loss 4.02e-05  maxQ +0.0169  changes   431  9.9 min
episode 690/1013  eps 0.010  train return +325.98%  loss 3.73e-05  maxQ +0.0169  changes   471  9.9 min | val return -11.83% (best +6.61%)
episode 691/1013  eps 0.010  train return  +31.47%  loss 3.91e-05  maxQ +0.0175  changes   485  10.0 min
episode 692/1013  eps 0.010  train return  +55.21%  loss 3.97e-05  maxQ +0.0169  changes   466  10.0 min
episode 693/1013  eps 0.010  train return  +56.82%  loss 3.91e-05  maxQ +0.0175  changes   471  10.0 min
episode 694/1013  eps 0.010  train return  +68.37%  loss 3.94e-05  maxQ +0.0170  changes   461  10.0 min
episode 695/1013  eps 0.010  train return +781.58%  loss 3.87e-05  maxQ +0.0179  changes   505  10.0 min
episode 696/1013  eps 0.010  train return +136.65%  loss 4.13e-05  maxQ +0.0183  changes   476  10.0 min
episode 697/1013  eps 0.010  train return  +47.97%  loss 4.30e-05  maxQ +0.0179  changes   429  10.1 min
episode 698/1013  eps 0.010  train return  +79.84%  loss 4.14e-05  maxQ +0.0174  changes   464  10.1 min
episode 699/1013  eps 0.010  train return  +26.48%  loss 4.05e-05  maxQ +0.0176  changes   392  10.1 min
episode 700/1013  eps 0.010  train return  +35.98%  loss 3.88e-05  maxQ +0.0183  changes   455  10.1 min | val return -12.39% (best +6.61%)
episode 701/1013  eps 0.010  train return  +44.90%  loss 3.61e-05  maxQ +0.0168  changes   432  10.1 min
episode 702/1013  eps 0.010  train return +268.53%  loss 3.55e-05  maxQ +0.0166  changes   511  10.1 min
episode 703/1013  eps 0.010  train return  +14.73%  loss 3.87e-05  maxQ +0.0173  changes   405  10.2 min
episode 704/1013  eps 0.010  train return  +47.23%  loss 3.70e-05  maxQ +0.0168  changes   442  10.2 min
episode 705/1013  eps 0.010  train return +134.64%  loss 3.65e-05  maxQ +0.0168  changes   474  10.2 min
episode 706/1013  eps 0.010  train return  +96.85%  loss 3.72e-05  maxQ +0.0170  changes   450  10.2 min
episode 707/1013  eps 0.010  train return +191.72%  loss 3.79e-05  maxQ +0.0169  changes   484  10.2 min
episode 708/1013  eps 0.010  train return +197.72%  loss 3.52e-05  maxQ +0.0168  changes   459  10.2 min
episode 709/1013  eps 0.010  train return  +85.45%  loss 3.76e-05  maxQ +0.0165  changes   478  10.2 min
episode 710/1013  eps 0.010  train return +180.84%  loss 3.77e-05  maxQ +0.0170  changes   471  10.2 min | val return -13.19% (best +6.61%)
episode 711/1013  eps 0.010  train return +186.73%  loss 3.78e-05  maxQ +0.0173  changes   470  10.3 min
episode 712/1013  eps 0.010  train return +227.24%  loss 3.82e-05  maxQ +0.0171  changes   489  10.3 min
episode 713/1013  eps 0.010  train return +197.18%  loss 4.04e-05  maxQ +0.0179  changes   480  10.3 min
episode 714/1013  eps 0.010  train return  +98.24%  loss 4.22e-05  maxQ +0.0183  changes   480  10.3 min
episode 715/1013  eps 0.010  train return  +56.78%  loss 3.79e-05  maxQ +0.0185  changes   472  10.3 min
episode 716/1013  eps 0.010  train return  +78.56%  loss 3.82e-05  maxQ +0.0184  changes   441  10.3 min
episode 717/1013  eps 0.010  train return  +86.90%  loss 4.01e-05  maxQ +0.0184  changes   466  10.4 min
episode 718/1013  eps 0.010  train return  +67.07%  loss 3.69e-05  maxQ +0.0182  changes   455  10.4 min
episode 719/1013  eps 0.010  train return  +62.00%  loss 3.86e-05  maxQ +0.0181  changes   432  10.4 min
episode 720/1013  eps 0.010  train return  +80.66%  loss 3.83e-05  maxQ +0.0188  changes   458  10.4 min | val return +3.26% (best +6.61%)
episode 721/1013  eps 0.010  train return  +85.86%  loss 4.16e-05  maxQ +0.0186  changes   469  10.4 min
episode 722/1013  eps 0.010  train return  +31.61%  loss 4.09e-05  maxQ +0.0192  changes   419  10.4 min
episode 723/1013  eps 0.010  train return   +6.57%  loss 3.84e-05  maxQ +0.0183  changes   414  10.5 min
episode 724/1013  eps 0.010  train return +223.70%  loss 3.81e-05  maxQ +0.0183  changes   490  10.5 min
episode 725/1013  eps 0.010  train return  +13.23%  loss 3.88e-05  maxQ +0.0181  changes   442  10.5 min
episode 726/1013  eps 0.010  train return +266.15%  loss 3.65e-05  maxQ +0.0177  changes   454  10.5 min
episode 727/1013  eps 0.010  train return  +91.36%  loss 3.59e-05  maxQ +0.0175  changes   426  10.5 min
episode 728/1013  eps 0.010  train return +125.54%  loss 3.96e-05  maxQ +0.0175  changes   505  10.5 min
episode 729/1013  eps 0.010  train return  +67.72%  loss 3.61e-05  maxQ +0.0173  changes   439  10.5 min
episode 730/1013  eps 0.010  train return  +11.47%  loss 3.76e-05  maxQ +0.0176  changes   445  10.6 min | val return -5.28% (best +6.61%)
episode 731/1013  eps 0.010  train return +227.01%  loss 3.99e-05  maxQ +0.0181  changes   492  10.6 min
episode 732/1013  eps 0.010  train return +134.56%  loss 3.76e-05  maxQ +0.0184  changes   445  10.6 min
episode 733/1013  eps 0.010  train return +354.80%  loss 4.23e-05  maxQ +0.0193  changes   490  10.6 min
episode 734/1013  eps 0.010  train return  +23.89%  loss 4.39e-05  maxQ +0.0191  changes   469  10.6 min
episode 735/1013  eps 0.010  train return +181.74%  loss 4.27e-05  maxQ +0.0197  changes   485  10.6 min
episode 736/1013  eps 0.010  train return  +76.66%  loss 3.95e-05  maxQ +0.0193  changes   449  10.6 min
episode 737/1013  eps 0.010  train return  +95.15%  loss 3.98e-05  maxQ +0.0194  changes   453  10.7 min
episode 738/1013  eps 0.010  train return  +78.90%  loss 4.05e-05  maxQ +0.0181  changes   448  10.7 min
episode 739/1013  eps 0.010  train return +189.10%  loss 3.98e-05  maxQ +0.0189  changes   466  10.7 min
episode 740/1013  eps 0.010  train return  +47.51%  loss 3.91e-05  maxQ +0.0188  changes   474  10.7 min | val return -14.53% (best +6.61%)
episode 741/1013  eps 0.010  train return +191.78%  loss 4.00e-05  maxQ +0.0183  changes   509  10.7 min
episode 742/1013  eps 0.010  train return  +21.40%  loss 3.79e-05  maxQ +0.0181  changes   413  10.7 min
episode 743/1013  eps 0.010  train return +164.40%  loss 4.06e-05  maxQ +0.0184  changes   477  10.8 min
episode 744/1013  eps 0.010  train return  +80.92%  loss 4.34e-05  maxQ +0.0191  changes   449  10.8 min
episode 745/1013  eps 0.010  train return +250.29%  loss 3.89e-05  maxQ +0.0183  changes   510  10.8 min
episode 746/1013  eps 0.010  train return +105.34%  loss 3.84e-05  maxQ +0.0181  changes   439  10.8 min
episode 747/1013  eps 0.010  train return +197.99%  loss 4.34e-05  maxQ +0.0192  changes   499  10.8 min
episode 748/1013  eps 0.010  train return  +32.78%  loss 4.33e-05  maxQ +0.0186  changes   466  10.8 min
episode 749/1013  eps 0.010  train return +150.94%  loss 4.43e-05  maxQ +0.0190  changes   487  10.8 min
episode 750/1013  eps 0.010  train return  +70.82%  loss 4.35e-05  maxQ +0.0188  changes   458  10.9 min | val return -13.11% (best +6.61%)
episode 751/1013  eps 0.010  train return  +20.93%  loss 4.01e-05  maxQ +0.0182  changes   454  10.9 min
episode 752/1013  eps 0.010  train return +112.11%  loss 4.15e-05  maxQ +0.0180  changes   474  10.9 min
episode 753/1013  eps 0.010  train return +113.06%  loss 4.02e-05  maxQ +0.0186  changes   486  10.9 min
episode 754/1013  eps 0.010  train return  +79.08%  loss 3.99e-05  maxQ +0.0187  changes   446  10.9 min
episode 755/1013  eps 0.010  train return  +88.89%  loss 4.02e-05  maxQ +0.0183  changes   485  10.9 min
episode 756/1013  eps 0.010  train return  +51.95%  loss 4.06e-05  maxQ +0.0183  changes   423  10.9 min
episode 757/1013  eps 0.010  train return +154.97%  loss 3.90e-05  maxQ +0.0186  changes   503  11.0 min
episode 758/1013  eps 0.010  train return  +79.73%  loss 4.01e-05  maxQ +0.0184  changes   520  11.0 min
episode 759/1013  eps 0.010  train return +180.77%  loss 3.92e-05  maxQ +0.0180  changes   457  11.0 min
episode 760/1013  eps 0.010  train return +210.59%  loss 4.16e-05  maxQ +0.0181  changes   491  11.0 min | val return -17.14% (best +6.61%)
episode 761/1013  eps 0.010  train return +172.64%  loss 4.06e-05  maxQ +0.0179  changes   455  11.0 min
episode 762/1013  eps 0.010  train return +113.84%  loss 4.26e-05  maxQ +0.0191  changes   432  11.0 min
episode 763/1013  eps 0.010  train return +280.47%  loss 4.83e-05  maxQ +0.0192  changes   474  11.0 min
episode 764/1013  eps 0.010  train return  +60.57%  loss 4.28e-05  maxQ +0.0186  changes   484  11.1 min
episode 765/1013  eps 0.010  train return +157.87%  loss 4.36e-05  maxQ +0.0192  changes   511  11.1 min
episode 766/1013  eps 0.010  train return +161.98%  loss 4.00e-05  maxQ +0.0185  changes   473  11.1 min
episode 767/1013  eps 0.010  train return +216.27%  loss 3.97e-05  maxQ +0.0188  changes   443  11.1 min
episode 768/1013  eps 0.010  train return  +29.25%  loss 4.05e-05  maxQ +0.0180  changes   454  11.1 min
episode 769/1013  eps 0.010  train return +102.45%  loss 4.06e-05  maxQ +0.0171  changes   484  11.1 min
episode 770/1013  eps 0.010  train return +951.25%  loss 4.07e-05  maxQ +0.0177  changes   512  11.1 min | val return -19.62% (best +6.61%)
episode 771/1013  eps 0.010  train return  +51.82%  loss 4.30e-05  maxQ +0.0181  changes   468  11.2 min
episode 772/1013  eps 0.010  train return +304.54%  loss 4.30e-05  maxQ +0.0180  changes   437  11.2 min
episode 773/1013  eps 0.010  train return  +71.25%  loss 4.48e-05  maxQ +0.0186  changes   478  11.2 min
episode 774/1013  eps 0.010  train return +155.62%  loss 4.44e-05  maxQ +0.0183  changes   489  11.2 min
episode 775/1013  eps 0.010  train return  +44.30%  loss 4.36e-05  maxQ +0.0191  changes   460  11.2 min
episode 776/1013  eps 0.010  train return  +30.30%  loss 4.32e-05  maxQ +0.0196  changes   416  11.2 min
episode 777/1013  eps 0.010  train return +462.26%  loss 4.33e-05  maxQ +0.0198  changes   507  11.3 min
episode 778/1013  eps 0.010  train return +108.70%  loss 4.40e-05  maxQ +0.0194  changes   464  11.3 min
episode 779/1013  eps 0.010  train return  +15.60%  loss 4.25e-05  maxQ +0.0203  changes   424  11.3 min
episode 780/1013  eps 0.010  train return +377.56%  loss 4.20e-05  maxQ +0.0197  changes   500  11.3 min | val return -15.37% (best +6.61%)
episode 781/1013  eps 0.010  train return +154.39%  loss 4.46e-05  maxQ +0.0199  changes   453  11.3 min
episode 782/1013  eps 0.010  train return  +34.72%  loss 4.37e-05  maxQ +0.0198  changes   434  11.3 min
episode 783/1013  eps 0.010  train return  +35.26%  loss 4.27e-05  maxQ +0.0195  changes   466  11.3 min
episode 784/1013  eps 0.010  train return  +38.35%  loss 4.27e-05  maxQ +0.0193  changes   475  11.4 min
episode 785/1013  eps 0.010  train return +152.49%  loss 4.14e-05  maxQ +0.0188  changes   503  11.4 min
episode 786/1013  eps 0.010  train return +176.83%  loss 4.12e-05  maxQ +0.0179  changes   488  11.4 min
episode 787/1013  eps 0.010  train return  +68.29%  loss 4.12e-05  maxQ +0.0180  changes   433  11.4 min
episode 788/1013  eps 0.010  train return  +47.08%  loss 4.25e-05  maxQ +0.0182  changes   459  11.4 min
episode 789/1013  eps 0.010  train return  +29.72%  loss 4.48e-05  maxQ +0.0184  changes   439  11.4 min
episode 790/1013  eps 0.010  train return  +52.46%  loss 4.22e-05  maxQ +0.0175  changes   475  11.4 min | val return -10.10% (best +6.61%)
episode 791/1013  eps 0.010  train return   +0.32%  loss 4.15e-05  maxQ +0.0183  changes   469  11.5 min
episode 792/1013  eps 0.010  train return +102.28%  loss 4.79e-05  maxQ +0.0185  changes   440  11.5 min
episode 793/1013  eps 0.010  train return  +10.61%  loss 4.29e-05  maxQ +0.0186  changes   441  11.5 min
episode 794/1013  eps 0.010  train return   +4.83%  loss 4.55e-05  maxQ +0.0186  changes   412  11.5 min
episode 795/1013  eps 0.010  train return  +12.12%  loss 4.29e-05  maxQ +0.0177  changes   447  11.5 min
episode 796/1013  eps 0.010  train return +335.43%  loss 4.39e-05  maxQ +0.0180  changes   477  11.5 min
episode 797/1013  eps 0.010  train return  +69.08%  loss 4.17e-05  maxQ +0.0176  changes   470  11.6 min
episode 798/1013  eps 0.010  train return +321.97%  loss 4.25e-05  maxQ +0.0178  changes   453  11.6 min
episode 799/1013  eps 0.010  train return  +27.17%  loss 4.35e-05  maxQ +0.0183  changes   398  11.6 min
episode 800/1013  eps 0.010  train return  +42.70%  loss 4.30e-05  maxQ +0.0176  changes   480  11.6 min | val return -18.75% (best +6.61%)
episode 801/1013  eps 0.010  train return  +33.24%  loss 4.45e-05  maxQ +0.0178  changes   407  11.6 min
episode 802/1013  eps 0.010  train return +133.17%  loss 4.36e-05  maxQ +0.0183  changes   454  11.6 min
episode 803/1013  eps 0.010  train return  +20.29%  loss 4.21e-05  maxQ +0.0177  changes   414  11.7 min
episode 804/1013  eps 0.010  train return +572.27%  loss 4.33e-05  maxQ +0.0184  changes   503  11.7 min
episode 805/1013  eps 0.010  train return  +54.44%  loss 4.09e-05  maxQ +0.0174  changes   448  11.7 min
episode 806/1013  eps 0.010  train return +241.69%  loss 4.54e-05  maxQ +0.0175  changes   476  11.7 min
episode 807/1013  eps 0.010  train return  +25.47%  loss 3.97e-05  maxQ +0.0168  changes   422  11.7 min
episode 808/1013  eps 0.010  train return +223.31%  loss 4.30e-05  maxQ +0.0175  changes   485  11.7 min
episode 809/1013  eps 0.010  train return  +38.18%  loss 4.10e-05  maxQ +0.0178  changes   453  11.7 min
episode 810/1013  eps 0.010  train return +113.78%  loss 4.43e-05  maxQ +0.0176  changes   490  11.8 min | val return -4.99% (best +6.61%)
episode 811/1013  eps 0.010  train return  +50.19%  loss 4.17e-05  maxQ +0.0170  changes   425  11.8 min
episode 812/1013  eps 0.010  train return  +35.60%  loss 4.25e-05  maxQ +0.0182  changes   427  11.8 min
episode 813/1013  eps 0.010  train return +204.00%  loss 4.31e-05  maxQ +0.0179  changes   495  11.8 min
episode 814/1013  eps 0.010  train return  +24.69%  loss 4.56e-05  maxQ +0.0178  changes   408  11.8 min
episode 815/1013  eps 0.010  train return  +34.79%  loss 4.20e-05  maxQ +0.0180  changes   377  11.8 min
episode 816/1013  eps 0.010  train return  +24.56%  loss 4.42e-05  maxQ +0.0186  changes   451  11.8 min
episode 817/1013  eps 0.010  train return +309.13%  loss 4.14e-05  maxQ +0.0181  changes   460  11.9 min
episode 818/1013  eps 0.010  train return +212.87%  loss 4.84e-05  maxQ +0.0181  changes   494  11.9 min
episode 819/1013  eps 0.010  train return  +39.73%  loss 4.77e-05  maxQ +0.0179  changes   434  11.9 min
episode 820/1013  eps 0.010  train return  +58.38%  loss 4.56e-05  maxQ +0.0189  changes   468  11.9 min | val return -13.86% (best +6.61%)
episode 821/1013  eps 0.010  train return +100.46%  loss 4.23e-05  maxQ +0.0190  changes   417  11.9 min
episode 822/1013  eps 0.010  train return  +40.80%  loss 4.40e-05  maxQ +0.0191  changes   436  11.9 min
episode 823/1013  eps 0.010  train return  +82.19%  loss 4.60e-05  maxQ +0.0180  changes   425  12.0 min
episode 824/1013  eps 0.010  train return  +11.08%  loss 4.19e-05  maxQ +0.0178  changes   427  12.0 min
episode 825/1013  eps 0.010  train return +177.28%  loss 4.27e-05  maxQ +0.0176  changes   461  12.0 min
episode 826/1013  eps 0.010  train return  +65.58%  loss 4.03e-05  maxQ +0.0175  changes   449  12.0 min
episode 827/1013  eps 0.010  train return  +79.23%  loss 4.04e-05  maxQ +0.0168  changes   448  12.0 min
episode 828/1013  eps 0.010  train return  +95.48%  loss 4.14e-05  maxQ +0.0170  changes   442  12.0 min
episode 829/1013  eps 0.010  train return +174.70%  loss 4.23e-05  maxQ +0.0169  changes   488  12.0 min
episode 830/1013  eps 0.010  train return  +27.69%  loss 4.14e-05  maxQ +0.0172  changes   362  12.1 min | val return +0.98% (best +6.61%)
episode 831/1013  eps 0.010  train return  +57.29%  loss 3.97e-05  maxQ +0.0172  changes   447  12.1 min
episode 832/1013  eps 0.010  train return  +65.20%  loss 4.02e-05  maxQ +0.0163  changes   463  12.1 min
episode 833/1013  eps 0.010  train return  +16.64%  loss 4.09e-05  maxQ +0.0171  changes   345  12.1 min
episode 834/1013  eps 0.010  train return +298.16%  loss 4.16e-05  maxQ +0.0170  changes   462  12.1 min
episode 835/1013  eps 0.010  train return +103.37%  loss 4.21e-05  maxQ +0.0163  changes   447  12.1 min
episode 836/1013  eps 0.010  train return  +26.49%  loss 3.98e-05  maxQ +0.0172  changes   430  12.2 min
episode 837/1013  eps 0.010  train return  +48.99%  loss 4.29e-05  maxQ +0.0178  changes   435  12.2 min
episode 838/1013  eps 0.010  train return  +75.83%  loss 4.17e-05  maxQ +0.0173  changes   473  12.2 min
episode 839/1013  eps 0.010  train return  +97.89%  loss 4.04e-05  maxQ +0.0182  changes   466  12.2 min
episode 840/1013  eps 0.010  train return  +64.04%  loss 3.73e-05  maxQ +0.0174  changes   458  12.2 min | val return -10.56% (best +6.61%)
episode 841/1013  eps 0.010  train return  +29.19%  loss 3.99e-05  maxQ +0.0172  changes   431  12.2 min
episode 842/1013  eps 0.010  train return  +76.42%  loss 4.10e-05  maxQ +0.0170  changes   476  12.3 min
episode 843/1013  eps 0.010  train return  +98.39%  loss 4.02e-05  maxQ +0.0173  changes   469  12.3 min
episode 844/1013  eps 0.010  train return +183.41%  loss 4.09e-05  maxQ +0.0172  changes   498  12.3 min
episode 845/1013  eps 0.010  train return +115.38%  loss 4.16e-05  maxQ +0.0169  changes   490  12.3 min
episode 846/1013  eps 0.010  train return +165.80%  loss 4.28e-05  maxQ +0.0170  changes   462  12.3 min
episode 847/1013  eps 0.010  train return  +52.61%  loss 4.20e-05  maxQ +0.0166  changes   484  12.3 min
episode 848/1013  eps 0.010  train return +131.83%  loss 3.91e-05  maxQ +0.0170  changes   433  12.3 min
episode 849/1013  eps 0.010  train return +207.06%  loss 4.07e-05  maxQ +0.0170  changes   456  12.3 min
episode 850/1013  eps 0.010  train return   -1.04%  loss 4.42e-05  maxQ +0.0168  changes   387  12.4 min | val return +13.50% (best +13.50%)
episode 851/1013  eps 0.010  train return  +33.47%  loss 4.13e-05  maxQ +0.0167  changes   429  12.4 min
episode 852/1013  eps 0.010  train return +293.02%  loss 3.78e-05  maxQ +0.0169  changes   480  12.4 min
episode 853/1013  eps 0.010  train return  +88.93%  loss 3.89e-05  maxQ +0.0165  changes   485  12.4 min
episode 854/1013  eps 0.010  train return  +82.16%  loss 4.10e-05  maxQ +0.0168  changes   450  12.4 min
episode 855/1013  eps 0.010  train return +194.77%  loss 4.28e-05  maxQ +0.0165  changes   490  12.4 min
episode 856/1013  eps 0.010  train return +304.39%  loss 4.04e-05  maxQ +0.0165  changes   489  12.5 min
episode 857/1013  eps 0.010  train return +191.48%  loss 4.43e-05  maxQ +0.0159  changes   500  12.5 min
episode 858/1013  eps 0.010  train return +137.79%  loss 4.43e-05  maxQ +0.0172  changes   449  12.5 min
episode 859/1013  eps 0.010  train return +112.28%  loss 4.44e-05  maxQ +0.0177  changes   462  12.5 min
episode 860/1013  eps 0.010  train return  +81.20%  loss 4.63e-05  maxQ +0.0180  changes   447  12.5 min | val return -9.56% (best +13.50%)
episode 861/1013  eps 0.010  train return   +4.73%  loss 4.19e-05  maxQ +0.0176  changes   401  12.5 min
episode 862/1013  eps 0.010  train return  +63.64%  loss 4.29e-05  maxQ +0.0177  changes   455  12.6 min
episode 863/1013  eps 0.010  train return  +14.67%  loss 3.99e-05  maxQ +0.0171  changes   426  12.6 min
episode 864/1013  eps 0.010  train return  +76.81%  loss 4.23e-05  maxQ +0.0171  changes   506  12.6 min
episode 865/1013  eps 0.010  train return  +13.60%  loss 3.99e-05  maxQ +0.0172  changes   412  12.6 min
episode 866/1013  eps 0.010  train return  +24.67%  loss 4.23e-05  maxQ +0.0176  changes   415  12.6 min
episode 867/1013  eps 0.010  train return +420.53%  loss 3.98e-05  maxQ +0.0174  changes   504  12.6 min
episode 868/1013  eps 0.010  train return  +64.40%  loss 4.15e-05  maxQ +0.0168  changes   447  12.6 min
episode 869/1013  eps 0.010  train return  +20.62%  loss 4.50e-05  maxQ +0.0175  changes   405  12.6 min
episode 870/1013  eps 0.010  train return  +29.82%  loss 4.19e-05  maxQ +0.0181  changes   413  12.7 min | val return -4.73% (best +13.50%)
episode 871/1013  eps 0.010  train return  +32.73%  loss 4.15e-05  maxQ +0.0170  changes   429  12.7 min
episode 872/1013  eps 0.010  train return +158.04%  loss 4.23e-05  maxQ +0.0174  changes   473  12.7 min
episode 873/1013  eps 0.010  train return  +62.50%  loss 4.16e-05  maxQ +0.0172  changes   419  12.7 min
episode 874/1013  eps 0.010  train return  +34.41%  loss 4.04e-05  maxQ +0.0173  changes   379  12.7 min
episode 875/1013  eps 0.010  train return +173.83%  loss 4.12e-05  maxQ +0.0173  changes   471  12.7 min
episode 876/1013  eps 0.010  train return +152.68%  loss 3.82e-05  maxQ +0.0168  changes   471  12.8 min
episode 877/1013  eps 0.010  train return  +20.78%  loss 3.97e-05  maxQ +0.0167  changes   397  12.8 min
episode 878/1013  eps 0.010  train return   +0.26%  loss 4.05e-05  maxQ +0.0172  changes   370  12.8 min
episode 879/1013  eps 0.010  train return  +52.34%  loss 3.91e-05  maxQ +0.0168  changes   468  12.8 min
episode 880/1013  eps 0.010  train return  +41.73%  loss 4.04e-05  maxQ +0.0173  changes   448  12.8 min | val return -0.51% (best +13.50%)
episode 881/1013  eps 0.010  train return +100.87%  loss 4.08e-05  maxQ +0.0173  changes   461  12.8 min
episode 882/1013  eps 0.010  train return +209.54%  loss 3.82e-05  maxQ +0.0177  changes   460  12.9 min
episode 883/1013  eps 0.010  train return  +23.82%  loss 4.29e-05  maxQ +0.0175  changes   459  12.9 min
episode 884/1013  eps 0.010  train return  +29.58%  loss 3.78e-05  maxQ +0.0170  changes   491  12.9 min
episode 885/1013  eps 0.010  train return  +50.47%  loss 3.76e-05  maxQ +0.0171  changes   463  12.9 min
episode 886/1013  eps 0.010  train return  +70.68%  loss 3.93e-05  maxQ +0.0168  changes   495  12.9 min
episode 887/1013  eps 0.010  train return  +25.94%  loss 3.86e-05  maxQ +0.0174  changes   426  12.9 min
episode 888/1013  eps 0.010  train return +226.71%  loss 3.56e-05  maxQ +0.0168  changes   496  12.9 min
episode 889/1013  eps 0.010  train return  +89.18%  loss 3.84e-05  maxQ +0.0172  changes   434  13.0 min
episode 890/1013  eps 0.010  train return +119.52%  loss 4.11e-05  maxQ +0.0179  changes   482  13.0 min | val return +1.83% (best +13.50%)
episode 891/1013  eps 0.010  train return +184.12%  loss 4.09e-05  maxQ +0.0171  changes   461  13.0 min
episode 892/1013  eps 0.010  train return +131.54%  loss 4.16e-05  maxQ +0.0183  changes   470  13.0 min
episode 893/1013  eps 0.010  train return +139.57%  loss 3.88e-05  maxQ +0.0169  changes   492  13.0 min
episode 894/1013  eps 0.010  train return   +5.69%  loss 4.22e-05  maxQ +0.0170  changes   484  13.0 min
episode 895/1013  eps 0.010  train return  +20.89%  loss 4.16e-05  maxQ +0.0171  changes   467  13.0 min
episode 896/1013  eps 0.010  train return +317.25%  loss 4.20e-05  maxQ +0.0167  changes   522  13.1 min
episode 897/1013  eps 0.010  train return  +40.20%  loss 4.31e-05  maxQ +0.0169  changes   491  13.1 min
episode 898/1013  eps 0.010  train return +209.80%  loss 3.87e-05  maxQ +0.0164  changes   489  13.1 min
episode 899/1013  eps 0.010  train return +210.45%  loss 3.87e-05  maxQ +0.0168  changes   503  13.1 min
episode 900/1013  eps 0.010  train return +122.63%  loss 4.01e-05  maxQ +0.0166  changes   440  13.1 min | val return -22.62% (best +13.50%)
episode 901/1013  eps 0.010  train return  +47.18%  loss 4.07e-05  maxQ +0.0167  changes   490  13.1 min
episode 902/1013  eps 0.010  train return +131.60%  loss 4.06e-05  maxQ +0.0170  changes   458  13.2 min
episode 903/1013  eps 0.010  train return  +25.14%  loss 4.18e-05  maxQ +0.0171  changes   394  13.2 min
episode 904/1013  eps 0.010  train return +102.54%  loss 3.87e-05  maxQ +0.0172  changes   485  13.2 min
episode 905/1013  eps 0.010  train return +232.58%  loss 3.80e-05  maxQ +0.0172  changes   488  13.2 min
episode 906/1013  eps 0.010  train return +137.00%  loss 3.94e-05  maxQ +0.0172  changes   460  13.2 min
episode 907/1013  eps 0.010  train return +239.72%  loss 4.15e-05  maxQ +0.0175  changes   491  13.2 min
episode 908/1013  eps 0.010  train return  +32.84%  loss 3.90e-05  maxQ +0.0179  changes   445  13.2 min
episode 909/1013  eps 0.010  train return +263.96%  loss 3.85e-05  maxQ +0.0174  changes   492  13.3 min
episode 910/1013  eps 0.010  train return +371.23%  loss 4.16e-05  maxQ +0.0177  changes   510  13.3 min | val return -16.44% (best +13.50%)
episode 911/1013  eps 0.010  train return +326.08%  loss 4.24e-05  maxQ +0.0176  changes   479  13.3 min
episode 912/1013  eps 0.010  train return +902.25%  loss 4.21e-05  maxQ +0.0172  changes   497  13.3 min
episode 913/1013  eps 0.010  train return +217.29%  loss 4.48e-05  maxQ +0.0179  changes   481  13.3 min
episode 914/1013  eps 0.010  train return  +36.05%  loss 4.26e-05  maxQ +0.0180  changes   435  13.3 min
episode 915/1013  eps 0.010  train return  +60.05%  loss 4.00e-05  maxQ +0.0176  changes   454  13.3 min
episode 916/1013  eps 0.010  train return +275.61%  loss 4.11e-05  maxQ +0.0180  changes   491  13.4 min
episode 917/1013  eps 0.010  train return  +78.30%  loss 4.32e-05  maxQ +0.0186  changes   477  13.4 min
episode 918/1013  eps 0.010  train return +136.70%  loss 4.48e-05  maxQ +0.0183  changes   466  13.4 min
episode 919/1013  eps 0.010  train return  +13.97%  loss 4.30e-05  maxQ +0.0185  changes   409  13.4 min
episode 920/1013  eps 0.010  train return +180.81%  loss 4.42e-05  maxQ +0.0183  changes   464  13.4 min | val return -22.16% (best +13.50%)
episode 921/1013  eps 0.010  train return  +27.52%  loss 4.24e-05  maxQ +0.0183  changes   414  13.4 min
episode 922/1013  eps 0.010  train return +223.80%  loss 4.20e-05  maxQ +0.0183  changes   459  13.5 min
episode 923/1013  eps 0.010  train return +235.12%  loss 4.35e-05  maxQ +0.0185  changes   483  13.5 min
episode 924/1013  eps 0.010  train return +445.78%  loss 4.55e-05  maxQ +0.0191  changes   473  13.5 min
episode 925/1013  eps 0.010  train return +136.35%  loss 4.54e-05  maxQ +0.0195  changes   477  13.5 min
episode 926/1013  eps 0.010  train return  +18.98%  loss 4.05e-05  maxQ +0.0194  changes   421  13.5 min
episode 927/1013  eps 0.010  train return +155.79%  loss 4.21e-05  maxQ +0.0190  changes   498  13.5 min
episode 928/1013  eps 0.010  train return  +27.69%  loss 4.20e-05  maxQ +0.0196  changes   450  13.5 min
episode 929/1013  eps 0.010  train return +152.85%  loss 3.89e-05  maxQ +0.0182  changes   472  13.6 min
episode 930/1013  eps 0.010  train return  +57.80%  loss 3.90e-05  maxQ +0.0180  changes   441  13.6 min | val return -23.80% (best +13.50%)
episode 931/1013  eps 0.010  train return +116.36%  loss 4.10e-05  maxQ +0.0181  changes   497  13.6 min
episode 932/1013  eps 0.010  train return +446.46%  loss 4.20e-05  maxQ +0.0182  changes   457  13.6 min
episode 933/1013  eps 0.010  train return +113.98%  loss 4.39e-05  maxQ +0.0181  changes   457  13.6 min
episode 934/1013  eps 0.010  train return  +33.32%  loss 4.34e-05  maxQ +0.0188  changes   426  13.6 min
episode 935/1013  eps 0.010  train return  +15.84%  loss 4.18e-05  maxQ +0.0187  changes   372  13.6 min
episode 936/1013  eps 0.010  train return  +38.66%  loss 4.00e-05  maxQ +0.0188  changes   466  13.7 min
episode 937/1013  eps 0.010  train return +271.51%  loss 4.11e-05  maxQ +0.0179  changes   468  13.7 min
episode 938/1013  eps 0.010  train return +383.35%  loss 4.46e-05  maxQ +0.0183  changes   513  13.7 min
episode 939/1013  eps 0.010  train return +141.89%  loss 4.59e-05  maxQ +0.0183  changes   462  13.7 min
episode 940/1013  eps 0.010  train return +185.43%  loss 4.53e-05  maxQ +0.0190  changes   469  13.7 min | val return -8.15% (best +13.50%)
episode 941/1013  eps 0.010  train return +589.84%  loss 4.63e-05  maxQ +0.0189  changes   466  13.7 min
episode 942/1013  eps 0.010  train return  +19.61%  loss 4.60e-05  maxQ +0.0189  changes   456  13.8 min
episode 943/1013  eps 0.010  train return  +59.72%  loss 4.29e-05  maxQ +0.0185  changes   488  13.8 min
episode 944/1013  eps 0.010  train return  +43.41%  loss 4.49e-05  maxQ +0.0182  changes   423  13.8 min
episode 945/1013  eps 0.010  train return  +22.97%  loss 4.15e-05  maxQ +0.0184  changes   462  13.8 min
episode 946/1013  eps 0.010  train return +111.35%  loss 4.23e-05  maxQ +0.0190  changes   475  13.8 min
episode 947/1013  eps 0.010  train return  +56.97%  loss 4.19e-05  maxQ +0.0184  changes   470  13.8 min
episode 948/1013  eps 0.010  train return  +32.31%  loss 4.61e-05  maxQ +0.0190  changes   442  13.8 min
episode 949/1013  eps 0.010  train return  +30.35%  loss 4.20e-05  maxQ +0.0196  changes   427  13.8 min
episode 950/1013  eps 0.010  train return  +12.55%  loss 4.65e-05  maxQ +0.0200  changes   392  13.9 min | val return -7.64% (best +13.50%)
episode 951/1013  eps 0.010  train return +901.50%  loss 4.35e-05  maxQ +0.0193  changes   504  13.9 min
episode 952/1013  eps 0.010  train return  +40.24%  loss 4.57e-05  maxQ +0.0190  changes   433  13.9 min
episode 953/1013  eps 0.010  train return  +93.85%  loss 4.36e-05  maxQ +0.0192  changes   458  13.9 min
episode 954/1013  eps 0.010  train return +117.56%  loss 4.27e-05  maxQ +0.0185  changes   449  13.9 min
episode 955/1013  eps 0.010  train return  +30.55%  loss 4.27e-05  maxQ +0.0193  changes   427  13.9 min
episode 956/1013  eps 0.010  train return  +46.92%  loss 4.41e-05  maxQ +0.0192  changes   475  14.0 min
episode 957/1013  eps 0.010  train return  +25.84%  loss 4.50e-05  maxQ +0.0196  changes   448  14.0 min
episode 958/1013  eps 0.010  train return +334.09%  loss 4.87e-05  maxQ +0.0203  changes   493  14.0 min
episode 959/1013  eps 0.010  train return  +90.52%  loss 4.57e-05  maxQ +0.0196  changes   467  14.0 min
episode 960/1013  eps 0.010  train return  +23.28%  loss 4.30e-05  maxQ +0.0193  changes   442  14.0 min | val return -3.98% (best +13.50%)
episode 961/1013  eps 0.010  train return +221.27%  loss 4.23e-05  maxQ +0.0187  changes   469  14.0 min
episode 962/1013  eps 0.010  train return +175.10%  loss 4.52e-05  maxQ +0.0190  changes   475  14.1 min
episode 963/1013  eps 0.010  train return  +99.87%  loss 4.37e-05  maxQ +0.0190  changes   475  14.1 min
episode 964/1013  eps 0.010  train return  +58.05%  loss 4.30e-05  maxQ +0.0186  changes   441  14.1 min
episode 965/1013  eps 0.010  train return +273.08%  loss 4.24e-05  maxQ +0.0189  changes   459  14.1 min
episode 966/1013  eps 0.010  train return  +66.35%  loss 4.34e-05  maxQ +0.0177  changes   476  14.1 min
episode 967/1013  eps 0.010  train return +507.23%  loss 4.40e-05  maxQ +0.0188  changes   466  14.1 min
episode 968/1013  eps 0.010  train return +150.17%  loss 4.33e-05  maxQ +0.0182  changes   498  14.1 min
episode 969/1013  eps 0.010  train return +299.97%  loss 4.33e-05  maxQ +0.0189  changes   493  14.2 min
episode 970/1013  eps 0.010  train return  +54.52%  loss 3.99e-05  maxQ +0.0179  changes   438  14.2 min | val return -4.59% (best +13.50%)
episode 971/1013  eps 0.010  train return +329.32%  loss 4.11e-05  maxQ +0.0184  changes   500  14.2 min
episode 972/1013  eps 0.010  train return +370.26%  loss 4.30e-05  maxQ +0.0183  changes   511  14.2 min
episode 973/1013  eps 0.010  train return  +69.55%  loss 4.21e-05  maxQ +0.0182  changes   469  14.2 min
episode 974/1013  eps 0.010  train return  +41.75%  loss 4.36e-05  maxQ +0.0185  changes   403  14.2 min
episode 975/1013  eps 0.010  train return  +94.96%  loss 4.34e-05  maxQ +0.0185  changes   488  14.2 min
episode 976/1013  eps 0.010  train return  +21.46%  loss 4.36e-05  maxQ +0.0190  changes   440  14.2 min
episode 977/1013  eps 0.010  train return  +93.19%  loss 4.99e-05  maxQ +0.0197  changes   489  14.3 min
episode 978/1013  eps 0.010  train return  +88.61%  loss 4.69e-05  maxQ +0.0200  changes   430  14.3 min
episode 979/1013  eps 0.010  train return  +30.37%  loss 4.65e-05  maxQ +0.0200  changes   494  14.3 min
episode 980/1013  eps 0.010  train return  +77.49%  loss 4.32e-05  maxQ +0.0190  changes   451  14.3 min | val return +8.07% (best +13.50%)
episode 981/1013  eps 0.010  train return  +85.28%  loss 4.35e-05  maxQ +0.0192  changes   474  14.3 min
episode 982/1013  eps 0.010  train return  +71.30%  loss 4.04e-05  maxQ +0.0196  changes   431  14.3 min
episode 983/1013  eps 0.010  train return  +43.56%  loss 4.34e-05  maxQ +0.0192  changes   482  14.3 min
episode 984/1013  eps 0.010  train return  +58.86%  loss 4.28e-05  maxQ +0.0187  changes   463  14.3 min
episode 985/1013  eps 0.010  train return  +74.44%  loss 4.19e-05  maxQ +0.0188  changes   439  14.3 min
episode 986/1013  eps 0.010  train return +201.10%  loss 4.29e-05  maxQ +0.0184  changes   487  14.4 min
episode 987/1013  eps 0.010  train return  +47.69%  loss 4.08e-05  maxQ +0.0179  changes   460  14.4 min
episode 988/1013  eps 0.010  train return  +28.05%  loss 4.20e-05  maxQ +0.0177  changes   430  14.4 min
episode 989/1013  eps 0.010  train return  +29.45%  loss 4.07e-05  maxQ +0.0179  changes   404  14.4 min
episode 990/1013  eps 0.010  train return +101.99%  loss 3.94e-05  maxQ +0.0176  changes   433  14.4 min | val return -9.15% (best +13.50%)
episode 991/1013  eps 0.010  train return  +30.79%  loss 3.77e-05  maxQ +0.0178  changes   411  14.4 min
episode 992/1013  eps 0.010  train return +131.45%  loss 3.79e-05  maxQ +0.0178  changes   424  14.4 min
episode 993/1013  eps 0.010  train return +629.95%  loss 3.92e-05  maxQ +0.0179  changes   461  14.4 min
episode 994/1013  eps 0.010  train return +135.28%  loss 4.06e-05  maxQ +0.0184  changes   532  14.5 min
episode 995/1013  eps 0.010  train return +195.15%  loss 3.99e-05  maxQ +0.0185  changes   496  14.5 min
episode 996/1013  eps 0.010  train return +187.65%  loss 4.08e-05  maxQ +0.0182  changes   459  14.5 min
episode 997/1013  eps 0.010  train return  +79.79%  loss 4.04e-05  maxQ +0.0175  changes   456  14.5 min
episode 998/1013  eps 0.010  train return  +82.80%  loss 4.07e-05  maxQ +0.0182  changes   472  14.5 min
episode 999/1013  eps 0.010  train return  +34.29%  loss 4.13e-05  maxQ +0.0184  changes   416  14.5 min
episode 1000/1013  eps 0.010  train return +185.21%  loss 4.16e-05  maxQ +0.0183  changes   488  14.5 min | val return -5.59% (best +13.50%)
episode 1001/1013  eps 0.010  train return +186.98%  loss 4.08e-05  maxQ +0.0183  changes   481  14.5 min
episode 1002/1013  eps 0.010  train return +157.31%  loss 4.11e-05  maxQ +0.0184  changes   482  14.5 min
episode 1003/1013  eps 0.010  train return +135.18%  loss 3.88e-05  maxQ +0.0182  changes   451  14.6 min
episode 1004/1013  eps 0.010  train return +106.98%  loss 4.02e-05  maxQ +0.0179  changes   485  14.6 min
episode 1005/1013  eps 0.010  train return +238.72%  loss 3.97e-05  maxQ +0.0183  changes   484  14.6 min
episode 1006/1013  eps 0.010  train return  +92.11%  loss 4.03e-05  maxQ +0.0186  changes   405  14.6 min
episode 1007/1013  eps 0.010  train return  +46.19%  loss 3.90e-05  maxQ +0.0182  changes   417  14.6 min
episode 1008/1013  eps 0.010  train return +198.21%  loss 3.67e-05  maxQ +0.0184  changes   506  14.6 min
episode 1009/1013  eps 0.010  train return  +31.83%  loss 3.44e-05  maxQ +0.0177  changes   458  14.6 min
episode 1010/1013  eps 0.010  train return +156.35%  loss 3.80e-05  maxQ +0.0173  changes   496  14.6 min | val return -8.55% (best +13.50%)
episode 1011/1013  eps 0.010  train return  +65.01%  loss 3.85e-05  maxQ +0.0178  changes   443  14.6 min
episode 1012/1013  eps 0.010  train return  +59.27%  loss 3.78e-05  maxQ +0.0171  changes   460  14.6 min
episode 1013/1013  eps 0.010  train return  +16.75%  loss 4.04e-05  maxQ +0.0175  changes   402  14.6 min | val return -7.74% (best +13.50%)
model    env  portfolio_return  excess_return  n_changes
 last    val         -0.077426      -0.034809      902.9
 last val_w1         -0.096278      -0.069363      502.9
 last val_w2          0.024468       0.039901      414.5
 best    val          0.134974       0.177592      871.9
 best val_w1          0.067137       0.094053      462.9
 best val_w2          0.066337       0.081771      425.1
