Downloaded data: 30,528 candles, 2023-03-25 00:00:00+00:00 to 2026-09-16 23:00:00+00:00; no missing hours
dev_train: 28,152 candles, 2023-04-01 00:00:00+00:00 to 2026-06-16 23:00:00+00:00; no missing hours
val: 1,464 candles, 2026-06-17 00:00:00+00:00 to 2026-08-16 23:00:00+00:00; no missing hours
eval: 744 candles, 2026-08-17 00:00:00+00:00 to 2026-09-16 23:00:00+00:00; no missing hours
episode   1/1013  eps 1.000  train return   -6.98%  loss 1.41e-03  maxQ +0.1583  changes   585  0.0 min
episode   2/1013  eps 0.991  train return   +6.22%  loss 5.21e-04  maxQ +0.1732  changes   568  0.0 min
episode   3/1013  eps 0.982  train return  -13.59%  loss 3.65e-04  maxQ +0.1796  changes   560  0.0 min
episode   4/1013  eps 0.973  train return  -16.83%  loss 2.78e-04  maxQ +0.1743  changes   580  0.1 min
episode   5/1013  eps 0.964  train return   -8.61%  loss 3.03e-04  maxQ +0.1692  changes   579  0.1 min
episode   6/1013  eps 0.955  train return  -16.85%  loss 4.59e-04  maxQ +0.1612  changes   550  0.1 min
episode   7/1013  eps 0.947  train return  -22.62%  loss 3.70e-04  maxQ +0.1550  changes   581  0.1 min
episode   8/1013  eps 0.938  train return   -0.68%  loss 3.13e-04  maxQ +0.1471  changes   569  0.1 min
episode   9/1013  eps 0.929  train return  -29.62%  loss 2.92e-04  maxQ +0.1443  changes   582  0.1 min
episode  10/1013  eps 0.921  train return  -10.02%  loss 2.76e-04  maxQ +0.1366  changes   582  0.1 min | val return -12.90% (best -12.90%)
episode  11/1013  eps 0.913  train return  -14.51%  loss 2.54e-04  maxQ +0.1306  changes   578  0.2 min
episode  12/1013  eps 0.904  train return  -16.29%  loss 2.59e-04  maxQ +0.1266  changes   582  0.2 min
episode  13/1013  eps 0.896  train return   +3.39%  loss 2.98e-04  maxQ +0.1303  changes   568  0.2 min
episode  14/1013  eps 0.888  train return  -17.24%  loss 2.51e-04  maxQ +0.1195  changes   578  0.2 min
episode  15/1013  eps 0.880  train return  -21.99%  loss 2.76e-04  maxQ +0.1175  changes   561  0.2 min
episode  16/1013  eps 0.872  train return   -2.46%  loss 2.47e-04  maxQ +0.1154  changes   570  0.2 min
episode  17/1013  eps 0.864  train return  -11.20%  loss 2.18e-04  maxQ +0.1085  changes   572  0.2 min
episode  18/1013  eps 0.856  train return  -12.52%  loss 2.11e-04  maxQ +0.1052  changes   569  0.2 min
episode  19/1013  eps 0.848  train return  -14.67%  loss 2.19e-04  maxQ +0.1030  changes   583  0.3 min
episode  20/1013  eps 0.841  train return   +0.12%  loss 1.85e-04  maxQ +0.0948  changes   571  0.3 min | val return -19.43% (best -12.90%)
episode  21/1013  eps 0.833  train return  -25.10%  loss 2.09e-04  maxQ +0.0989  changes   566  0.3 min
episode  22/1013  eps 0.825  train return   -9.95%  loss 2.12e-04  maxQ +0.0905  changes   598  0.3 min
episode  23/1013  eps 0.818  train return   -6.95%  loss 1.56e-04  maxQ +0.0873  changes   578  0.3 min
episode  24/1013  eps 0.810  train return  -21.18%  loss 1.40e-04  maxQ +0.0833  changes   568  0.3 min
episode  25/1013  eps 0.803  train return   -8.04%  loss 1.33e-04  maxQ +0.0878  changes   587  0.3 min
episode  26/1013  eps 0.796  train return  -29.77%  loss 1.19e-04  maxQ +0.0812  changes   555  0.3 min
episode  27/1013  eps 0.788  train return  -19.27%  loss 1.29e-04  maxQ +0.0793  changes   585  0.4 min
episode  28/1013  eps 0.781  train return   -8.03%  loss 1.21e-04  maxQ +0.0731  changes   586  0.4 min
episode  29/1013  eps 0.774  train return   -4.40%  loss 1.13e-04  maxQ +0.0721  changes   567  0.4 min
episode  30/1013  eps 0.767  train return  +27.25%  loss 1.14e-04  maxQ +0.0677  changes   553  0.4 min | val return -14.89% (best -12.90%)
episode  31/1013  eps 0.760  train return  +13.93%  loss 1.17e-04  maxQ +0.0707  changes   568  0.4 min
episode  32/1013  eps 0.753  train return   -2.55%  loss 1.06e-04  maxQ +0.0700  changes   582  0.4 min
episode  33/1013  eps 0.746  train return   +4.30%  loss 1.30e-04  maxQ +0.0661  changes   580  0.4 min
episode  34/1013  eps 0.740  train return  +30.85%  loss 1.15e-04  maxQ +0.0673  changes   559  0.4 min
episode  35/1013  eps 0.733  train return   -0.32%  loss 8.37e-05  maxQ +0.0608  changes   582  0.5 min
episode  36/1013  eps 0.726  train return  -11.72%  loss 1.14e-04  maxQ +0.0606  changes   566  0.5 min
episode  37/1013  eps 0.720  train return  -24.11%  loss 1.12e-04  maxQ +0.0600  changes   581  0.5 min
episode  38/1013  eps 0.713  train return   -8.66%  loss 9.55e-05  maxQ +0.0577  changes   563  0.5 min
episode  39/1013  eps 0.707  train return  -31.86%  loss 8.17e-05  maxQ +0.0536  changes   587  0.5 min
episode  40/1013  eps 0.700  train return  +13.30%  loss 8.21e-05  maxQ +0.0515  changes   559  0.5 min | val return -21.12% (best -12.90%)
episode  41/1013  eps 0.694  train return   +0.18%  loss 9.75e-05  maxQ +0.0506  changes   576  0.5 min
episode  42/1013  eps 0.687  train return   +2.46%  loss 1.17e-04  maxQ +0.0488  changes   555  0.6 min
episode  43/1013  eps 0.681  train return   +6.13%  loss 7.08e-05  maxQ +0.0479  changes   559  0.6 min
episode  44/1013  eps 0.675  train return  -20.27%  loss 6.89e-05  maxQ +0.0472  changes   546  0.6 min
episode  45/1013  eps 0.669  train return   +3.42%  loss 6.97e-05  maxQ +0.0452  changes   578  0.6 min
episode  46/1013  eps 0.663  train return   +7.05%  loss 7.94e-05  maxQ +0.0439  changes   573  0.6 min
episode  47/1013  eps 0.657  train return   -4.53%  loss 6.15e-05  maxQ +0.0426  changes   583  0.6 min
episode  48/1013  eps 0.651  train return  -10.24%  loss 8.53e-05  maxQ +0.0413  changes   571  0.6 min
episode  49/1013  eps 0.645  train return   -8.80%  loss 8.72e-05  maxQ +0.0459  changes   567  0.6 min
episode  50/1013  eps 0.639  train return   -5.02%  loss 6.90e-05  maxQ +0.0408  changes   555  0.6 min | val return -8.67% (best -8.67%)
episode  51/1013  eps 0.633  train return   +4.26%  loss 5.86e-05  maxQ +0.0408  changes   542  0.7 min
episode  52/1013  eps 0.627  train return  +12.32%  loss 5.77e-05  maxQ +0.0401  changes   578  0.7 min
episode  53/1013  eps 0.622  train return  -11.55%  loss 5.43e-05  maxQ +0.0402  changes   539  0.7 min
episode  54/1013  eps 0.616  train return  -12.18%  loss 6.67e-05  maxQ +0.0408  changes   553  0.7 min
episode  55/1013  eps 0.610  train return   -6.47%  loss 6.91e-05  maxQ +0.0384  changes   570  0.7 min
episode  56/1013  eps 0.605  train return   +2.07%  loss 7.70e-05  maxQ +0.0401  changes   542  0.7 min
episode  57/1013  eps 0.599  train return  -32.14%  loss 7.19e-05  maxQ +0.0396  changes   529  0.7 min
episode  58/1013  eps 0.594  train return  +41.16%  loss 5.76e-05  maxQ +0.0377  changes   558  0.8 min
episode  59/1013  eps 0.588  train return  -21.61%  loss 5.69e-05  maxQ +0.0349  changes   557  0.8 min
episode  60/1013  eps 0.583  train return   -0.36%  loss 5.08e-05  maxQ +0.0354  changes   561  0.8 min | val return -24.38% (best -8.67%)
episode  61/1013  eps 0.578  train return  -12.50%  loss 4.90e-05  maxQ +0.0314  changes   539  0.8 min
episode  62/1013  eps 0.573  train return  +17.25%  loss 5.59e-05  maxQ +0.0318  changes   556  0.8 min
episode  63/1013  eps 0.567  train return   -3.91%  loss 5.17e-05  maxQ +0.0306  changes   545  0.8 min
episode  64/1013  eps 0.562  train return   -9.86%  loss 5.17e-05  maxQ +0.0322  changes   541  0.8 min
episode  65/1013  eps 0.557  train return   +6.88%  loss 5.57e-05  maxQ +0.0319  changes   564  0.9 min
episode  66/1013  eps 0.552  train return   -1.35%  loss 5.77e-05  maxQ +0.0334  changes   531  0.9 min
episode  67/1013  eps 0.547  train return   +3.29%  loss 6.09e-05  maxQ +0.0355  changes   543  0.9 min
episode  68/1013  eps 0.542  train return   -1.65%  loss 4.37e-05  maxQ +0.0332  changes   556  0.9 min
episode  69/1013  eps 0.537  train return   +5.51%  loss 4.93e-05  maxQ +0.0334  changes   530  0.9 min
episode  70/1013  eps 0.532  train return  -14.62%  loss 5.18e-05  maxQ +0.0327  changes   558  0.9 min | val return -26.35% (best -8.67%)
episode  71/1013  eps 0.527  train return  -12.24%  loss 5.20e-05  maxQ +0.0325  changes   544  0.9 min
episode  72/1013  eps 0.523  train return   -7.85%  loss 5.67e-05  maxQ +0.0307  changes   536  1.0 min
episode  73/1013  eps 0.518  train return   -0.33%  loss 4.97e-05  maxQ +0.0304  changes   540  1.0 min
episode  74/1013  eps 0.513  train return  -14.18%  loss 4.58e-05  maxQ +0.0281  changes   540  1.0 min
episode  75/1013  eps 0.508  train return  +19.52%  loss 4.53e-05  maxQ +0.0259  changes   562  1.0 min
episode  76/1013  eps 0.504  train return  -12.74%  loss 4.35e-05  maxQ +0.0271  changes   535  1.0 min
episode  77/1013  eps 0.499  train return  +25.41%  loss 4.42e-05  maxQ +0.0268  changes   551  1.0 min
episode  78/1013  eps 0.495  train return  -19.23%  loss 4.65e-05  maxQ +0.0256  changes   554  1.0 min
episode  79/1013  eps 0.490  train return  +33.72%  loss 4.34e-05  maxQ +0.0250  changes   527  1.0 min
episode  80/1013  eps 0.486  train return   +4.97%  loss 4.42e-05  maxQ +0.0249  changes   527  1.1 min | val return -15.00% (best -8.67%)
episode  81/1013  eps 0.481  train return  -13.62%  loss 4.34e-05  maxQ +0.0241  changes   546  1.1 min
episode  82/1013  eps 0.477  train return   -4.68%  loss 4.85e-05  maxQ +0.0222  changes   524  1.1 min
episode  83/1013  eps 0.473  train return   -9.28%  loss 4.33e-05  maxQ +0.0244  changes   526  1.1 min
episode  84/1013  eps 0.468  train return  +21.57%  loss 4.56e-05  maxQ +0.0243  changes   526  1.1 min
episode  85/1013  eps 0.464  train return  +21.71%  loss 5.28e-05  maxQ +0.0268  changes   523  1.1 min
episode  86/1013  eps 0.460  train return  -10.33%  loss 5.04e-05  maxQ +0.0254  changes   533  1.1 min
episode  87/1013  eps 0.456  train return   -9.52%  loss 4.99e-05  maxQ +0.0250  changes   514  1.2 min
episode  88/1013  eps 0.451  train return  +17.08%  loss 4.23e-05  maxQ +0.0248  changes   550  1.2 min
episode  89/1013  eps 0.447  train return  -10.60%  loss 4.34e-05  maxQ +0.0239  changes   518  1.2 min
episode  90/1013  eps 0.443  train return  +10.03%  loss 4.20e-05  maxQ +0.0238  changes   519  1.2 min | val return -16.98% (best -8.67%)
episode  91/1013  eps 0.439  train return   -7.26%  loss 3.76e-05  maxQ +0.0222  changes   516  1.2 min
episode  92/1013  eps 0.435  train return   +1.28%  loss 4.19e-05  maxQ +0.0222  changes   539  1.2 min
episode  93/1013  eps 0.431  train return  -11.28%  loss 4.65e-05  maxQ +0.0224  changes   540  1.2 min
episode  94/1013  eps 0.427  train return   +1.67%  loss 5.03e-05  maxQ +0.0231  changes   531  1.3 min
episode  95/1013  eps 0.423  train return   +1.51%  loss 5.58e-05  maxQ +0.0242  changes   541  1.3 min
episode  96/1013  eps 0.420  train return  +65.02%  loss 4.65e-05  maxQ +0.0238  changes   556  1.3 min
episode  97/1013  eps 0.416  train return   +1.03%  loss 4.05e-05  maxQ +0.0213  changes   532  1.3 min
episode  98/1013  eps 0.412  train return  +20.12%  loss 4.21e-05  maxQ +0.0246  changes   532  1.3 min
episode  99/1013  eps 0.408  train return  -20.34%  loss 4.55e-05  maxQ +0.0232  changes   523  1.3 min
episode 100/1013  eps 0.405  train return  +14.71%  loss 4.00e-05  maxQ +0.0226  changes   508  1.3 min | val return -30.39% (best -8.67%)
episode 101/1013  eps 0.401  train return  -25.64%  loss 3.96e-05  maxQ +0.0220  changes   529  1.3 min
episode 102/1013  eps 0.397  train return  -23.33%  loss 4.48e-05  maxQ +0.0230  changes   499  1.4 min
episode 103/1013  eps 0.394  train return  +13.70%  loss 4.43e-05  maxQ +0.0211  changes   521  1.4 min
episode 104/1013  eps 0.390  train return   +2.96%  loss 4.41e-05  maxQ +0.0211  changes   502  1.4 min
episode 105/1013  eps 0.386  train return  +42.37%  loss 4.35e-05  maxQ +0.0194  changes   507  1.4 min
episode 106/1013  eps 0.383  train return  +14.73%  loss 4.11e-05  maxQ +0.0201  changes   513  1.4 min
episode 107/1013  eps 0.379  train return  -27.27%  loss 4.42e-05  maxQ +0.0186  changes   527  1.4 min
episode 108/1013  eps 0.376  train return   -7.66%  loss 4.91e-05  maxQ +0.0202  changes   510  1.4 min
episode 109/1013  eps 0.373  train return  -17.90%  loss 4.40e-05  maxQ +0.0205  changes   482  1.4 min
episode 110/1013  eps 0.369  train return   -3.27%  loss 4.06e-05  maxQ +0.0194  changes   496  1.5 min | val return -21.22% (best -8.67%)
episode 111/1013  eps 0.366  train return   -4.81%  loss 4.38e-05  maxQ +0.0199  changes   542  1.5 min
episode 112/1013  eps 0.363  train return  +43.87%  loss 4.04e-05  maxQ +0.0202  changes   538  1.5 min
episode 113/1013  eps 0.359  train return   -3.98%  loss 4.33e-05  maxQ +0.0203  changes   488  1.5 min
episode 114/1013  eps 0.356  train return   +2.52%  loss 4.61e-05  maxQ +0.0198  changes   538  1.5 min
episode 115/1013  eps 0.353  train return   +5.59%  loss 4.32e-05  maxQ +0.0180  changes   500  1.5 min
episode 116/1013  eps 0.349  train return  -10.25%  loss 4.16e-05  maxQ +0.0187  changes   509  1.5 min
episode 117/1013  eps 0.346  train return   -7.20%  loss 4.06e-05  maxQ +0.0183  changes   520  1.6 min
episode 118/1013  eps 0.343  train return   -1.19%  loss 3.71e-05  maxQ +0.0185  changes   499  1.6 min
episode 119/1013  eps 0.340  train return   +7.09%  loss 3.68e-05  maxQ +0.0195  changes   508  1.6 min
episode 120/1013  eps 0.337  train return  -10.50%  loss 3.95e-05  maxQ +0.0196  changes   483  1.6 min | val return -35.22% (best -8.67%)
episode 121/1013  eps 0.334  train return   -0.26%  loss 4.18e-05  maxQ +0.0195  changes   496  1.6 min
episode 122/1013  eps 0.331  train return  +14.67%  loss 3.97e-05  maxQ +0.0197  changes   500  1.6 min
episode 123/1013  eps 0.328  train return  +27.50%  loss 4.31e-05  maxQ +0.0188  changes   517  1.7 min
episode 124/1013  eps 0.325  train return  +12.00%  loss 3.81e-05  maxQ +0.0187  changes   509  1.7 min
episode 125/1013  eps 0.322  train return  -12.11%  loss 4.33e-05  maxQ +0.0187  changes   516  1.7 min
episode 126/1013  eps 0.319  train return  +34.56%  loss 4.39e-05  maxQ +0.0182  changes   526  1.7 min
episode 127/1013  eps 0.316  train return   -7.96%  loss 3.93e-05  maxQ +0.0169  changes   531  1.7 min
episode 128/1013  eps 0.313  train return   +6.33%  loss 4.14e-05  maxQ +0.0166  changes   540  1.7 min
episode 129/1013  eps 0.310  train return  +13.71%  loss 4.14e-05  maxQ +0.0177  changes   479  1.7 min
episode 130/1013  eps 0.308  train return  +21.68%  loss 4.09e-05  maxQ +0.0167  changes   515  1.7 min | val return -33.18% (best -8.67%)
episode 131/1013  eps 0.305  train return  +27.93%  loss 3.84e-05  maxQ +0.0169  changes   536  1.8 min
episode 132/1013  eps 0.302  train return  +47.66%  loss 3.70e-05  maxQ +0.0169  changes   500  1.8 min
episode 133/1013  eps 0.299  train return   -0.29%  loss 3.64e-05  maxQ +0.0156  changes   487  1.8 min
episode 134/1013  eps 0.296  train return  +38.76%  loss 4.14e-05  maxQ +0.0172  changes   508  1.8 min
episode 135/1013  eps 0.294  train return  +21.24%  loss 3.88e-05  maxQ +0.0181  changes   473  1.8 min
episode 136/1013  eps 0.291  train return   -6.34%  loss 3.86e-05  maxQ +0.0175  changes   498  1.8 min
episode 137/1013  eps 0.288  train return   +3.67%  loss 3.90e-05  maxQ +0.0173  changes   475  1.9 min
episode 138/1013  eps 0.286  train return   -2.66%  loss 4.21e-05  maxQ +0.0168  changes   487  1.9 min
episode 139/1013  eps 0.283  train return  +31.41%  loss 3.76e-05  maxQ +0.0170  changes   485  1.9 min
episode 140/1013  eps 0.281  train return  +22.82%  loss 3.65e-05  maxQ +0.0164  changes   504  1.9 min | val return -35.54% (best -8.67%)
episode 141/1013  eps 0.278  train return   +1.39%  loss 3.79e-05  maxQ +0.0160  changes   481  1.9 min
episode 142/1013  eps 0.276  train return   -1.59%  loss 3.67e-05  maxQ +0.0158  changes   514  1.9 min
episode 143/1013  eps 0.273  train return  +13.08%  loss 3.72e-05  maxQ +0.0157  changes   463  1.9 min
episode 144/1013  eps 0.271  train return   +8.74%  loss 3.38e-05  maxQ +0.0152  changes   516  2.0 min
episode 145/1013  eps 0.268  train return  +33.20%  loss 3.83e-05  maxQ +0.0149  changes   520  2.0 min
episode 146/1013  eps 0.266  train return   -9.64%  loss 3.79e-05  maxQ +0.0144  changes   528  2.0 min
episode 147/1013  eps 0.263  train return  +19.10%  loss 4.14e-05  maxQ +0.0154  changes   520  2.0 min
episode 148/1013  eps 0.261  train return  +21.94%  loss 4.07e-05  maxQ +0.0149  changes   533  2.0 min
episode 149/1013  eps 0.258  train return  -14.73%  loss 3.97e-05  maxQ +0.0148  changes   506  2.0 min
episode 150/1013  eps 0.256  train return  +47.20%  loss 4.38e-05  maxQ +0.0153  changes   504  2.0 min | val return -30.51% (best -8.67%)
episode 151/1013  eps 0.254  train return  +21.70%  loss 4.05e-05  maxQ +0.0154  changes   503  2.1 min
episode 152/1013  eps 0.251  train return  +26.27%  loss 4.36e-05  maxQ +0.0162  changes   532  2.1 min
episode 153/1013  eps 0.249  train return   +3.15%  loss 4.39e-05  maxQ +0.0172  changes   501  2.1 min
episode 154/1013  eps 0.247  train return  -16.68%  loss 3.92e-05  maxQ +0.0162  changes   488  2.1 min
episode 155/1013  eps 0.245  train return   -6.18%  loss 3.89e-05  maxQ +0.0163  changes   516  2.1 min
episode 156/1013  eps 0.242  train return  -12.61%  loss 3.72e-05  maxQ +0.0162  changes   516  2.1 min
episode 157/1013  eps 0.240  train return  -19.33%  loss 3.71e-05  maxQ +0.0159  changes   497  2.1 min
episode 158/1013  eps 0.238  train return  +45.78%  loss 3.73e-05  maxQ +0.0168  changes   523  2.2 min
episode 159/1013  eps 0.236  train return  +16.09%  loss 3.91e-05  maxQ +0.0165  changes   490  2.2 min
episode 160/1013  eps 0.234  train return   +2.78%  loss 3.65e-05  maxQ +0.0165  changes   483  2.2 min | val return -26.52% (best -8.67%)
episode 161/1013  eps 0.232  train return  +12.93%  loss 3.73e-05  maxQ +0.0159  changes   516  2.2 min
episode 162/1013  eps 0.230  train return  -17.01%  loss 3.78e-05  maxQ +0.0159  changes   496  2.2 min
episode 163/1013  eps 0.227  train return  +20.53%  loss 3.75e-05  maxQ +0.0164  changes   513  2.2 min
episode 164/1013  eps 0.225  train return  +37.77%  loss 3.56e-05  maxQ +0.0152  changes   550  2.3 min
episode 165/1013  eps 0.223  train return  +46.85%  loss 4.09e-05  maxQ +0.0161  changes   495  2.3 min
episode 166/1013  eps 0.221  train return   +0.89%  loss 4.03e-05  maxQ +0.0162  changes   471  2.3 min
episode 167/1013  eps 0.219  train return   -3.23%  loss 3.74e-05  maxQ +0.0161  changes   506  2.3 min
episode 168/1013  eps 0.217  train return   -0.07%  loss 3.92e-05  maxQ +0.0173  changes   513  2.3 min
episode 169/1013  eps 0.215  train return  +46.85%  loss 3.80e-05  maxQ +0.0171  changes   519  2.3 min
episode 170/1013  eps 0.213  train return  +30.27%  loss 4.26e-05  maxQ +0.0162  changes   530  2.3 min | val return -29.07% (best -8.67%)
episode 171/1013  eps 0.211  train return  +32.29%  loss 3.75e-05  maxQ +0.0159  changes   527  2.4 min
episode 172/1013  eps 0.209  train return  +40.84%  loss 3.62e-05  maxQ +0.0159  changes   504  2.4 min
episode 173/1013  eps 0.208  train return   -9.29%  loss 3.89e-05  maxQ +0.0158  changes   467  2.4 min
episode 174/1013  eps 0.206  train return   +4.73%  loss 3.86e-05  maxQ +0.0158  changes   481  2.4 min
episode 175/1013  eps 0.204  train return   +8.87%  loss 3.88e-05  maxQ +0.0155  changes   479  2.4 min
episode 176/1013  eps 0.202  train return   +0.75%  loss 3.85e-05  maxQ +0.0165  changes   518  2.4 min
episode 177/1013  eps 0.200  train return  +47.49%  loss 3.63e-05  maxQ +0.0168  changes   525  2.4 min
episode 178/1013  eps 0.198  train return  +16.70%  loss 3.55e-05  maxQ +0.0153  changes   522  2.5 min
episode 179/1013  eps 0.196  train return   +9.22%  loss 3.86e-05  maxQ +0.0153  changes   493  2.5 min
episode 180/1013  eps 0.195  train return   -5.97%  loss 3.83e-05  maxQ +0.0144  changes   499  2.5 min | val return -15.21% (best -8.67%)
episode 181/1013  eps 0.193  train return  +81.57%  loss 3.71e-05  maxQ +0.0138  changes   506  2.5 min
episode 182/1013  eps 0.191  train return   -0.43%  loss 3.80e-05  maxQ +0.0136  changes   526  2.5 min
episode 183/1013  eps 0.189  train return  +78.80%  loss 4.03e-05  maxQ +0.0148  changes   487  2.5 min
episode 184/1013  eps 0.188  train return  +38.64%  loss 4.19e-05  maxQ +0.0150  changes   498  2.5 min
episode 185/1013  eps 0.186  train return  +39.42%  loss 4.03e-05  maxQ +0.0155  changes   490  2.6 min
episode 186/1013  eps 0.184  train return  +10.96%  loss 3.72e-05  maxQ +0.0148  changes   517  2.6 min
episode 187/1013  eps 0.183  train return  +36.74%  loss 3.61e-05  maxQ +0.0146  changes   521  2.6 min
episode 188/1013  eps 0.181  train return  +43.85%  loss 4.16e-05  maxQ +0.0156  changes   531  2.6 min
episode 189/1013  eps 0.179  train return  +15.06%  loss 3.86e-05  maxQ +0.0143  changes   505  2.6 min
episode 190/1013  eps 0.178  train return  +42.90%  loss 4.08e-05  maxQ +0.0153  changes   503  2.6 min | val return -7.77% (best -7.77%)
episode 191/1013  eps 0.176  train return  +13.22%  loss 3.78e-05  maxQ +0.0151  changes   474  2.7 min
episode 192/1013  eps 0.174  train return  +31.09%  loss 4.68e-05  maxQ +0.0164  changes   494  2.7 min
episode 193/1013  eps 0.173  train return  +82.49%  loss 4.48e-05  maxQ +0.0162  changes   506  2.7 min
episode 194/1013  eps 0.171  train return  +30.62%  loss 4.23e-05  maxQ +0.0167  changes   500  2.7 min
episode 195/1013  eps 0.170  train return   -5.71%  loss 4.47e-05  maxQ +0.0158  changes   475  2.7 min
episode 196/1013  eps 0.168  train return   -2.86%  loss 4.14e-05  maxQ +0.0167  changes   503  2.7 min
episode 197/1013  eps 0.167  train return  +13.99%  loss 4.02e-05  maxQ +0.0157  changes   496  2.7 min
episode 198/1013  eps 0.165  train return  -13.00%  loss 3.84e-05  maxQ +0.0156  changes   440  2.8 min
episode 199/1013  eps 0.164  train return  +52.97%  loss 4.09e-05  maxQ +0.0161  changes   528  2.8 min
episode 200/1013  eps 0.162  train return  +95.16%  loss 4.35e-05  maxQ +0.0159  changes   515  2.8 min | val return -13.70% (best -7.77%)
episode 201/1013  eps 0.161  train return   -2.35%  loss 4.63e-05  maxQ +0.0168  changes   478  2.8 min
episode 202/1013  eps 0.159  train return   -9.44%  loss 4.13e-05  maxQ +0.0160  changes   497  2.8 min
episode 203/1013  eps 0.158  train return  +13.84%  loss 4.13e-05  maxQ +0.0159  changes   473  2.8 min
episode 204/1013  eps 0.156  train return  +81.35%  loss 4.59e-05  maxQ +0.0172  changes   499  2.9 min
episode 205/1013  eps 0.155  train return  +15.44%  loss 4.36e-05  maxQ +0.0174  changes   484  2.9 min
episode 206/1013  eps 0.154  train return   +7.94%  loss 4.14e-05  maxQ +0.0167  changes   458  2.9 min
episode 207/1013  eps 0.152  train return  +39.41%  loss 4.46e-05  maxQ +0.0168  changes   491  2.9 min
episode 208/1013  eps 0.151  train return  -11.01%  loss 4.16e-05  maxQ +0.0165  changes   481  2.9 min
episode 209/1013  eps 0.149  train return   +4.53%  loss 4.51e-05  maxQ +0.0170  changes   497  2.9 min
episode 210/1013  eps 0.148  train return  +65.92%  loss 4.24e-05  maxQ +0.0167  changes   481  2.9 min | val return -32.37% (best -7.77%)
episode 211/1013  eps 0.147  train return  +14.15%  loss 4.22e-05  maxQ +0.0169  changes   458  3.0 min
episode 212/1013  eps 0.145  train return   -3.61%  loss 4.20e-05  maxQ +0.0170  changes   449  3.0 min
episode 213/1013  eps 0.144  train return  +49.53%  loss 4.81e-05  maxQ +0.0181  changes   470  3.0 min
episode 214/1013  eps 0.143  train return   +2.42%  loss 4.22e-05  maxQ +0.0178  changes   437  3.0 min
episode 215/1013  eps 0.141  train return  +76.95%  loss 4.62e-05  maxQ +0.0180  changes   487  3.0 min
episode 216/1013  eps 0.140  train return  +66.65%  loss 4.27e-05  maxQ +0.0188  changes   507  3.0 min
episode 217/1013  eps 0.139  train return +121.84%  loss 4.30e-05  maxQ +0.0171  changes   527  3.0 min
episode 218/1013  eps 0.138  train return +118.39%  loss 4.62e-05  maxQ +0.0172  changes   519  3.1 min
episode 219/1013  eps 0.136  train return   +3.85%  loss 4.50e-05  maxQ +0.0171  changes   465  3.1 min
episode 220/1013  eps 0.135  train return  +34.09%  loss 4.66e-05  maxQ +0.0165  changes   500  3.1 min | val return -12.70% (best -7.77%)
episode 221/1013  eps 0.134  train return  +39.11%  loss 4.86e-05  maxQ +0.0175  changes   466  3.1 min
episode 222/1013  eps 0.133  train return  +82.70%  loss 5.07e-05  maxQ +0.0175  changes   526  3.1 min
episode 223/1013  eps 0.131  train return   +8.51%  loss 4.69e-05  maxQ +0.0173  changes   493  3.1 min
episode 224/1013  eps 0.130  train return  +28.98%  loss 4.60e-05  maxQ +0.0171  changes   476  3.2 min
episode 225/1013  eps 0.129  train return  +42.87%  loss 4.78e-05  maxQ +0.0187  changes   533  3.2 min
episode 226/1013  eps 0.128  train return +115.00%  loss 5.29e-05  maxQ +0.0184  changes   482  3.2 min
episode 227/1013  eps 0.127  train return  +47.91%  loss 4.85e-05  maxQ +0.0187  changes   514  3.2 min
episode 228/1013  eps 0.126  train return  +29.24%  loss 4.72e-05  maxQ +0.0180  changes   517  3.2 min
episode 229/1013  eps 0.124  train return  +22.41%  loss 4.75e-05  maxQ +0.0176  changes   510  3.2 min
episode 230/1013  eps 0.123  train return  +67.38%  loss 4.58e-05  maxQ +0.0178  changes   520  3.3 min | val return -29.34% (best -7.77%)
episode 231/1013  eps 0.122  train return  +70.71%  loss 4.69e-05  maxQ +0.0175  changes   520  3.3 min
episode 232/1013  eps 0.121  train return  +48.45%  loss 4.58e-05  maxQ +0.0181  changes   501  3.3 min
episode 233/1013  eps 0.120  train return  +37.19%  loss 4.43e-05  maxQ +0.0172  changes   484  3.3 min
episode 234/1013  eps 0.119  train return  +10.42%  loss 4.99e-05  maxQ +0.0179  changes   471  3.3 min
episode 235/1013  eps 0.118  train return  +10.45%  loss 4.80e-05  maxQ +0.0183  changes   464  3.3 min
episode 236/1013  eps 0.117  train return  +46.43%  loss 4.60e-05  maxQ +0.0184  changes   504  3.4 min
episode 237/1013  eps 0.116  train return  +75.64%  loss 4.68e-05  maxQ +0.0184  changes   521  3.4 min
episode 238/1013  eps 0.115  train return  +19.71%  loss 5.11e-05  maxQ +0.0188  changes   478  3.4 min
episode 239/1013  eps 0.114  train return  +87.38%  loss 5.10e-05  maxQ +0.0173  changes   483  3.4 min
episode 240/1013  eps 0.112  train return  +54.01%  loss 5.46e-05  maxQ +0.0183  changes   497  3.4 min | val return -21.41% (best -7.77%)
episode 241/1013  eps 0.111  train return +147.86%  loss 5.10e-05  maxQ +0.0179  changes   492  3.4 min
episode 242/1013  eps 0.110  train return   +8.01%  loss 4.93e-05  maxQ +0.0181  changes   493  3.5 min
episode 243/1013  eps 0.109  train return  +61.57%  loss 4.84e-05  maxQ +0.0185  changes   493  3.5 min
episode 244/1013  eps 0.108  train return +194.21%  loss 5.38e-05  maxQ +0.0190  changes   500  3.5 min
episode 245/1013  eps 0.107  train return  +30.83%  loss 5.05e-05  maxQ +0.0188  changes   514  3.5 min
episode 246/1013  eps 0.106  train return +125.82%  loss 5.14e-05  maxQ +0.0189  changes   489  3.5 min
episode 247/1013  eps 0.106  train return  +72.26%  loss 5.08e-05  maxQ +0.0184  changes   501  3.5 min
episode 248/1013  eps 0.105  train return  +96.37%  loss 5.13e-05  maxQ +0.0189  changes   522  3.5 min
episode 249/1013  eps 0.104  train return  +38.56%  loss 6.05e-05  maxQ +0.0193  changes   474  3.5 min
episode 250/1013  eps 0.103  train return  +38.57%  loss 5.89e-05  maxQ +0.0194  changes   464  3.6 min | val return -30.69% (best -7.77%)
episode 251/1013  eps 0.102  train return  +11.02%  loss 5.38e-05  maxQ +0.0188  changes   523  3.6 min
episode 252/1013  eps 0.101  train return  +26.13%  loss 5.25e-05  maxQ +0.0191  changes   482  3.6 min
episode 253/1013  eps 0.100  train return  +60.36%  loss 5.44e-05  maxQ +0.0188  changes   487  3.6 min
episode 254/1013  eps 0.099  train return   -8.95%  loss 5.21e-05  maxQ +0.0189  changes   507  3.6 min
episode 255/1013  eps 0.098  train return   +3.44%  loss 5.44e-05  maxQ +0.0200  changes   498  3.6 min
episode 256/1013  eps 0.097  train return  +86.68%  loss 5.43e-05  maxQ +0.0200  changes   481  3.7 min
episode 257/1013  eps 0.096  train return  +54.90%  loss 5.00e-05  maxQ +0.0203  changes   498  3.7 min
episode 258/1013  eps 0.095  train return  +27.95%  loss 4.58e-05  maxQ +0.0192  changes   486  3.7 min
episode 259/1013  eps 0.095  train return  -10.59%  loss 5.20e-05  maxQ +0.0201  changes   502  3.7 min
episode 260/1013  eps 0.094  train return +100.51%  loss 5.04e-05  maxQ +0.0195  changes   520  3.7 min | val return -17.46% (best -7.77%)
episode 261/1013  eps 0.093  train return  +50.33%  loss 4.67e-05  maxQ +0.0195  changes   492  3.7 min
episode 262/1013  eps 0.092  train return   +8.71%  loss 4.77e-05  maxQ +0.0195  changes   532  3.8 min
episode 263/1013  eps 0.091  train return +116.76%  loss 4.72e-05  maxQ +0.0191  changes   533  3.8 min
episode 264/1013  eps 0.090  train return  +72.58%  loss 4.66e-05  maxQ +0.0187  changes   522  3.8 min
episode 265/1013  eps 0.090  train return   +6.47%  loss 4.95e-05  maxQ +0.0179  changes   505  3.8 min
episode 266/1013  eps 0.089  train return  +46.78%  loss 4.91e-05  maxQ +0.0189  changes   531  3.8 min
episode 267/1013  eps 0.088  train return  +30.35%  loss 4.67e-05  maxQ +0.0181  changes   517  3.8 min
episode 268/1013  eps 0.087  train return +112.99%  loss 5.16e-05  maxQ +0.0183  changes   521  3.8 min
episode 269/1013  eps 0.086  train return  +90.46%  loss 4.98e-05  maxQ +0.0188  changes   524  3.9 min
episode 270/1013  eps 0.086  train return  +46.89%  loss 4.55e-05  maxQ +0.0185  changes   523  3.9 min | val return -29.10% (best -7.77%)
episode 271/1013  eps 0.085  train return +137.63%  loss 5.13e-05  maxQ +0.0189  changes   506  3.9 min
episode 272/1013  eps 0.084  train return   -9.82%  loss 5.11e-05  maxQ +0.0178  changes   515  3.9 min
episode 273/1013  eps 0.083  train return  +17.65%  loss 5.41e-05  maxQ +0.0186  changes   526  3.9 min
episode 274/1013  eps 0.082  train return  +14.43%  loss 5.25e-05  maxQ +0.0186  changes   502  3.9 min
episode 275/1013  eps 0.082  train return  +20.54%  loss 5.36e-05  maxQ +0.0201  changes   516  3.9 min
episode 276/1013  eps 0.081  train return  +14.92%  loss 5.26e-05  maxQ +0.0199  changes   541  4.0 min
episode 277/1013  eps 0.080  train return +130.77%  loss 5.10e-05  maxQ +0.0193  changes   529  4.0 min
episode 278/1013  eps 0.079  train return  +60.45%  loss 4.83e-05  maxQ +0.0200  changes   543  4.0 min
episode 279/1013  eps 0.079  train return  +22.24%  loss 4.98e-05  maxQ +0.0193  changes   528  4.0 min
episode 280/1013  eps 0.078  train return  +54.11%  loss 4.68e-05  maxQ +0.0191  changes   468  4.0 min | val return -3.00% (best -3.00%)
episode 281/1013  eps 0.077  train return +164.70%  loss 4.64e-05  maxQ +0.0196  changes   505  4.0 min
episode 282/1013  eps 0.077  train return  +13.55%  loss 5.05e-05  maxQ +0.0195  changes   516  4.1 min
episode 283/1013  eps 0.076  train return  +92.06%  loss 5.39e-05  maxQ +0.0201  changes   512  4.1 min
episode 284/1013  eps 0.075  train return  +50.83%  loss 5.42e-05  maxQ +0.0208  changes   519  4.1 min
episode 285/1013  eps 0.075  train return  +15.47%  loss 5.13e-05  maxQ +0.0207  changes   492  4.1 min
episode 286/1013  eps 0.074  train return  +17.23%  loss 4.90e-05  maxQ +0.0191  changes   516  4.1 min
episode 287/1013  eps 0.073  train return  +61.08%  loss 4.97e-05  maxQ +0.0193  changes   485  4.1 min
episode 288/1013  eps 0.073  train return +156.93%  loss 5.30e-05  maxQ +0.0201  changes   533  4.1 min
episode 289/1013  eps 0.072  train return  +39.04%  loss 5.18e-05  maxQ +0.0193  changes   478  4.2 min
episode 290/1013  eps 0.071  train return +129.08%  loss 5.77e-05  maxQ +0.0197  changes   494  4.2 min | val return -22.12% (best -3.00%)
episode 291/1013  eps 0.071  train return  +15.41%  loss 5.52e-05  maxQ +0.0195  changes   503  4.2 min
episode 292/1013  eps 0.070  train return  +76.53%  loss 5.36e-05  maxQ +0.0201  changes   472  4.2 min
episode 293/1013  eps 0.069  train return   -3.78%  loss 5.10e-05  maxQ +0.0194  changes   457  4.2 min
episode 294/1013  eps 0.069  train return  +43.87%  loss 4.98e-05  maxQ +0.0191  changes   493  4.2 min
episode 295/1013  eps 0.068  train return   +0.34%  loss 5.17e-05  maxQ +0.0197  changes   478  4.3 min
episode 296/1013  eps 0.067  train return  +59.99%  loss 5.74e-05  maxQ +0.0196  changes   521  4.3 min
episode 297/1013  eps 0.067  train return  +66.95%  loss 5.65e-05  maxQ +0.0186  changes   497  4.3 min
episode 298/1013  eps 0.066  train return   -1.05%  loss 5.30e-05  maxQ +0.0195  changes   467  4.3 min
episode 299/1013  eps 0.066  train return  +53.75%  loss 5.18e-05  maxQ +0.0199  changes   508  4.3 min
episode 300/1013  eps 0.065  train return  +62.77%  loss 4.84e-05  maxQ +0.0195  changes   501  4.3 min | val return -12.92% (best -3.00%)
episode 301/1013  eps 0.064  train return   -1.92%  loss 4.96e-05  maxQ +0.0197  changes   486  4.3 min
episode 302/1013  eps 0.064  train return   -7.05%  loss 5.71e-05  maxQ +0.0202  changes   456  4.4 min
episode 303/1013  eps 0.063  train return  +54.66%  loss 5.28e-05  maxQ +0.0203  changes   496  4.4 min
episode 304/1013  eps 0.063  train return  +22.38%  loss 6.16e-05  maxQ +0.0200  changes   463  4.4 min
episode 305/1013  eps 0.062  train return   +6.61%  loss 5.64e-05  maxQ +0.0200  changes   457  4.4 min
episode 306/1013  eps 0.062  train return  +21.07%  loss 5.06e-05  maxQ +0.0207  changes   457  4.4 min
episode 307/1013  eps 0.061  train return   +1.78%  loss 5.09e-05  maxQ +0.0200  changes   424  4.4 min
episode 308/1013  eps 0.060  train return   +3.61%  loss 4.91e-05  maxQ +0.0200  changes   483  4.4 min
episode 309/1013  eps 0.060  train return  +24.25%  loss 5.29e-05  maxQ +0.0198  changes   462  4.5 min
episode 310/1013  eps 0.059  train return +113.71%  loss 4.70e-05  maxQ +0.0190  changes   498  4.5 min | val return -23.36% (best -3.00%)
episode 311/1013  eps 0.059  train return +148.78%  loss 4.97e-05  maxQ +0.0179  changes   508  4.5 min
episode 312/1013  eps 0.058  train return   -8.71%  loss 4.61e-05  maxQ +0.0183  changes   473  4.5 min
episode 313/1013  eps 0.058  train return  +34.76%  loss 4.68e-05  maxQ +0.0183  changes   502  4.5 min
episode 314/1013  eps 0.057  train return +156.28%  loss 4.68e-05  maxQ +0.0184  changes   516  4.5 min
episode 315/1013  eps 0.057  train return  +12.99%  loss 5.06e-05  maxQ +0.0188  changes   492  4.6 min
episode 316/1013  eps 0.056  train return   +9.90%  loss 5.19e-05  maxQ +0.0198  changes   468  4.6 min
episode 317/1013  eps 0.056  train return  +39.38%  loss 5.11e-05  maxQ +0.0187  changes   485  4.6 min
episode 318/1013  eps 0.055  train return +187.59%  loss 4.87e-05  maxQ +0.0179  changes   531  4.6 min
episode 319/1013  eps 0.055  train return  +89.36%  loss 4.89e-05  maxQ +0.0182  changes   541  4.6 min
episode 320/1013  eps 0.054  train return  +90.73%  loss 4.55e-05  maxQ +0.0186  changes   509  4.6 min | val return -18.98% (best -3.00%)
episode 321/1013  eps 0.054  train return   -7.97%  loss 4.66e-05  maxQ +0.0191  changes   519  4.6 min
episode 322/1013  eps 0.053  train return  +55.48%  loss 5.28e-05  maxQ +0.0190  changes   503  4.7 min
episode 323/1013  eps 0.053  train return  +79.23%  loss 4.72e-05  maxQ +0.0192  changes   499  4.7 min
episode 324/1013  eps 0.052  train return  +46.46%  loss 5.00e-05  maxQ +0.0193  changes   518  4.7 min
episode 325/1013  eps 0.052  train return  +31.12%  loss 5.02e-05  maxQ +0.0186  changes   449  4.7 min
episode 326/1013  eps 0.051  train return   +3.60%  loss 5.32e-05  maxQ +0.0192  changes   467  4.7 min
episode 327/1013  eps 0.051  train return +161.85%  loss 5.39e-05  maxQ +0.0198  changes   478  4.7 min
episode 328/1013  eps 0.050  train return  +17.72%  loss 5.31e-05  maxQ +0.0190  changes   458  4.7 min
episode 329/1013  eps 0.050  train return +105.55%  loss 5.39e-05  maxQ +0.0192  changes   506  4.8 min
episode 330/1013  eps 0.049  train return  +26.21%  loss 5.04e-05  maxQ +0.0185  changes   465  4.8 min | val return -31.09% (best -3.00%)
episode 331/1013  eps 0.049  train return +114.99%  loss 4.83e-05  maxQ +0.0177  changes   500  4.8 min
episode 332/1013  eps 0.049  train return  +15.91%  loss 4.79e-05  maxQ +0.0175  changes   428  4.8 min
episode 333/1013  eps 0.048  train return  +40.75%  loss 4.53e-05  maxQ +0.0175  changes   515  4.8 min
episode 334/1013  eps 0.048  train return +140.96%  loss 5.12e-05  maxQ +0.0174  changes   518  4.8 min
episode 335/1013  eps 0.047  train return  +15.59%  loss 4.71e-05  maxQ +0.0172  changes   505  4.9 min
episode 336/1013  eps 0.047  train return +159.16%  loss 4.91e-05  maxQ +0.0182  changes   517  4.9 min
episode 337/1013  eps 0.046  train return   +2.96%  loss 5.06e-05  maxQ +0.0179  changes   487  4.9 min
episode 338/1013  eps 0.046  train return  +10.68%  loss 4.74e-05  maxQ +0.0178  changes   451  4.9 min
episode 339/1013  eps 0.046  train return  +59.66%  loss 4.90e-05  maxQ +0.0190  changes   486  4.9 min
episode 340/1013  eps 0.045  train return +140.36%  loss 4.69e-05  maxQ +0.0181  changes   538  4.9 min | val return -21.74% (best -3.00%)
episode 341/1013  eps 0.045  train return  +11.96%  loss 4.68e-05  maxQ +0.0176  changes   461  5.0 min
episode 342/1013  eps 0.044  train return   -6.48%  loss 4.42e-05  maxQ +0.0182  changes   518  5.0 min
episode 343/1013  eps 0.044  train return  +25.91%  loss 4.42e-05  maxQ +0.0182  changes   456  5.0 min
episode 344/1013  eps 0.043  train return  +24.74%  loss 5.01e-05  maxQ +0.0196  changes   502  5.0 min
episode 345/1013  eps 0.043  train return   +6.93%  loss 4.99e-05  maxQ +0.0182  changes   461  5.0 min
episode 346/1013  eps 0.043  train return  +14.83%  loss 4.66e-05  maxQ +0.0178  changes   485  5.0 min
episode 347/1013  eps 0.042  train return  +14.32%  loss 5.03e-05  maxQ +0.0169  changes   463  5.0 min
episode 348/1013  eps 0.042  train return  +29.84%  loss 4.70e-05  maxQ +0.0171  changes   484  5.0 min
episode 349/1013  eps 0.042  train return  +21.16%  loss 4.54e-05  maxQ +0.0176  changes   467  5.1 min
episode 350/1013  eps 0.041  train return  +30.46%  loss 5.08e-05  maxQ +0.0179  changes   472  5.1 min | val return -22.93% (best -3.00%)
episode 351/1013  eps 0.041  train return +114.74%  loss 4.39e-05  maxQ +0.0178  changes   492  5.1 min
episode 352/1013  eps 0.040  train return +244.63%  loss 4.44e-05  maxQ +0.0177  changes   478  5.1 min
episode 353/1013  eps 0.040  train return  +57.49%  loss 4.58e-05  maxQ +0.0175  changes   495  5.1 min
episode 354/1013  eps 0.040  train return +108.49%  loss 4.84e-05  maxQ +0.0175  changes   490  5.1 min
episode 355/1013  eps 0.039  train return +115.19%  loss 4.69e-05  maxQ +0.0172  changes   489  5.2 min
episode 356/1013  eps 0.039  train return   +3.04%  loss 4.22e-05  maxQ +0.0180  changes   515  5.2 min
episode 357/1013  eps 0.039  train return   -6.54%  loss 4.47e-05  maxQ +0.0179  changes   519  5.2 min
episode 358/1013  eps 0.038  train return  -11.17%  loss 4.59e-05  maxQ +0.0173  changes   477  5.2 min
episode 359/1013  eps 0.038  train return +104.06%  loss 4.54e-05  maxQ +0.0170  changes   494  5.2 min
episode 360/1013  eps 0.038  train return  +82.67%  loss 4.02e-05  maxQ +0.0163  changes   518  5.2 min | val return +0.87% (best +0.87%)
episode 361/1013  eps 0.037  train return  +12.28%  loss 4.32e-05  maxQ +0.0162  changes   495  5.3 min
episode 362/1013  eps 0.037  train return  +53.92%  loss 4.04e-05  maxQ +0.0166  changes   487  5.3 min
episode 363/1013  eps 0.037  train return +235.20%  loss 4.14e-05  maxQ +0.0158  changes   524  5.3 min
episode 364/1013  eps 0.036  train return +145.40%  loss 4.21e-05  maxQ +0.0164  changes   509  5.3 min
episode 365/1013  eps 0.036  train return +133.26%  loss 4.23e-05  maxQ +0.0167  changes   503  5.3 min
episode 366/1013  eps 0.036  train return  +29.21%  loss 4.50e-05  maxQ +0.0171  changes   496  5.3 min
episode 367/1013  eps 0.035  train return  +27.21%  loss 4.56e-05  maxQ +0.0168  changes   475  5.3 min
episode 368/1013  eps 0.035  train return  +28.90%  loss 4.25e-05  maxQ +0.0170  changes   495  5.4 min
episode 369/1013  eps 0.035  train return +215.68%  loss 4.50e-05  maxQ +0.0171  changes   517  5.4 min
episode 370/1013  eps 0.034  train return +164.81%  loss 4.14e-05  maxQ +0.0173  changes   519  5.4 min | val return -22.28% (best +0.87%)
episode 371/1013  eps 0.034  train return  +23.28%  loss 4.23e-05  maxQ +0.0170  changes   472  5.4 min
episode 372/1013  eps 0.034  train return +286.38%  loss 4.59e-05  maxQ +0.0168  changes   511  5.4 min
episode 373/1013  eps 0.033  train return +204.56%  loss 4.60e-05  maxQ +0.0172  changes   493  5.4 min
episode 374/1013  eps 0.033  train return  +93.26%  loss 4.21e-05  maxQ +0.0175  changes   511  5.5 min
episode 375/1013  eps 0.033  train return +183.98%  loss 4.76e-05  maxQ +0.0181  changes   507  5.5 min
episode 376/1013  eps 0.032  train return +164.54%  loss 4.84e-05  maxQ +0.0181  changes   481  5.5 min
episode 377/1013  eps 0.032  train return  +35.87%  loss 4.65e-05  maxQ +0.0188  changes   438  5.5 min
episode 378/1013  eps 0.032  train return  +49.43%  loss 4.74e-05  maxQ +0.0181  changes   466  5.5 min
episode 379/1013  eps 0.032  train return +193.71%  loss 4.79e-05  maxQ +0.0173  changes   494  5.5 min
episode 380/1013  eps 0.031  train return  +14.59%  loss 4.88e-05  maxQ +0.0177  changes   486  5.5 min | val return -27.80% (best +0.87%)
episode 381/1013  eps 0.031  train return  +36.33%  loss 5.11e-05  maxQ +0.0184  changes   478  5.6 min
episode 382/1013  eps 0.031  train return  -14.00%  loss 4.95e-05  maxQ +0.0180  changes   502  5.6 min
episode 383/1013  eps 0.030  train return  +21.31%  loss 4.56e-05  maxQ +0.0179  changes   485  5.6 min
episode 384/1013  eps 0.030  train return  +17.78%  loss 4.89e-05  maxQ +0.0180  changes   527  5.6 min
episode 385/1013  eps 0.030  train return   -3.66%  loss 4.79e-05  maxQ +0.0184  changes   423  5.6 min
episode 386/1013  eps 0.030  train return  +78.85%  loss 5.14e-05  maxQ +0.0182  changes   531  5.6 min
episode 387/1013  eps 0.029  train return  +98.58%  loss 4.95e-05  maxQ +0.0188  changes   501  5.6 min
episode 388/1013  eps 0.029  train return  +64.65%  loss 5.21e-05  maxQ +0.0194  changes   502  5.7 min
episode 389/1013  eps 0.029  train return  +30.01%  loss 4.88e-05  maxQ +0.0192  changes   464  5.7 min
episode 390/1013  eps 0.029  train return  +40.13%  loss 4.48e-05  maxQ +0.0191  changes   526  5.7 min | val return -3.62% (best +0.87%)
episode 391/1013  eps 0.028  train return  +36.34%  loss 4.87e-05  maxQ +0.0191  changes   480  5.7 min
episode 392/1013  eps 0.028  train return  +27.38%  loss 4.59e-05  maxQ +0.0197  changes   493  5.7 min
episode 393/1013  eps 0.028  train return  +21.89%  loss 4.69e-05  maxQ +0.0188  changes   485  5.7 min
episode 394/1013  eps 0.028  train return  +75.86%  loss 4.82e-05  maxQ +0.0190  changes   530  5.8 min
episode 395/1013  eps 0.027  train return   -0.22%  loss 5.23e-05  maxQ +0.0191  changes   464  5.8 min
episode 396/1013  eps 0.027  train return  +40.82%  loss 4.87e-05  maxQ +0.0190  changes   465  5.8 min
episode 397/1013  eps 0.027  train return  +24.71%  loss 4.96e-05  maxQ +0.0189  changes   457  5.8 min
episode 398/1013  eps 0.027  train return  +66.60%  loss 4.70e-05  maxQ +0.0183  changes   482  5.8 min
episode 399/1013  eps 0.026  train return  +42.51%  loss 4.41e-05  maxQ +0.0192  changes   453  5.8 min
episode 400/1013  eps 0.026  train return  +68.60%  loss 4.50e-05  maxQ +0.0191  changes   504  5.8 min | val return -14.87% (best +0.87%)
episode 401/1013  eps 0.026  train return  +33.78%  loss 4.35e-05  maxQ +0.0190  changes   441  5.9 min
episode 402/1013  eps 0.026  train return  +21.30%  loss 4.74e-05  maxQ +0.0188  changes   493  5.9 min
episode 403/1013  eps 0.025  train return  +90.23%  loss 4.78e-05  maxQ +0.0181  changes   528  5.9 min
episode 404/1013  eps 0.025  train return  +23.32%  loss 4.44e-05  maxQ +0.0185  changes   457  5.9 min
episode 405/1013  eps 0.025  train return  +83.52%  loss 4.67e-05  maxQ +0.0190  changes   509  5.9 min
episode 406/1013  eps 0.025  train return  +28.58%  loss 4.55e-05  maxQ +0.0184  changes   470  5.9 min
episode 407/1013  eps 0.024  train return   +8.33%  loss 4.61e-05  maxQ +0.0179  changes   462  5.9 min
episode 408/1013  eps 0.024  train return  +51.80%  loss 4.52e-05  maxQ +0.0189  changes   453  6.0 min
episode 409/1013  eps 0.024  train return  +95.60%  loss 4.89e-05  maxQ +0.0195  changes   474  6.0 min
episode 410/1013  eps 0.024  train return +101.59%  loss 4.54e-05  maxQ +0.0180  changes   481  6.0 min | val return -2.25% (best +0.87%)
episode 411/1013  eps 0.024  train return +105.00%  loss 4.85e-05  maxQ +0.0180  changes   519  6.0 min
episode 412/1013  eps 0.023  train return  +42.35%  loss 4.50e-05  maxQ +0.0176  changes   467  6.0 min
episode 413/1013  eps 0.023  train return +129.57%  loss 4.97e-05  maxQ +0.0183  changes   490  6.0 min
episode 414/1013  eps 0.023  train return  +38.06%  loss 4.84e-05  maxQ +0.0186  changes   476  6.1 min
episode 415/1013  eps 0.023  train return  +47.29%  loss 4.85e-05  maxQ +0.0184  changes   477  6.1 min
episode 416/1013  eps 0.023  train return  +33.05%  loss 4.56e-05  maxQ +0.0172  changes   490  6.1 min
episode 417/1013  eps 0.022  train return  +17.23%  loss 4.22e-05  maxQ +0.0174  changes   427  6.1 min
episode 418/1013  eps 0.022  train return  +27.96%  loss 4.49e-05  maxQ +0.0174  changes   466  6.1 min
episode 419/1013  eps 0.022  train return  +45.99%  loss 4.87e-05  maxQ +0.0175  changes   496  6.1 min
episode 420/1013  eps 0.022  train return  +51.35%  loss 4.82e-05  maxQ +0.0179  changes   441  6.1 min | val return -2.95% (best +0.87%)
episode 421/1013  eps 0.022  train return  +33.85%  loss 4.79e-05  maxQ +0.0180  changes   448  6.2 min
episode 422/1013  eps 0.021  train return  +41.41%  loss 4.29e-05  maxQ +0.0180  changes   481  6.2 min
episode 423/1013  eps 0.021  train return  +35.29%  loss 4.35e-05  maxQ +0.0182  changes   507  6.2 min
episode 424/1013  eps 0.021  train return  +10.11%  loss 4.45e-05  maxQ +0.0186  changes   478  6.2 min
episode 425/1013  eps 0.021  train return +197.99%  loss 4.31e-05  maxQ +0.0182  changes   491  6.2 min
episode 426/1013  eps 0.021  train return  +62.44%  loss 4.65e-05  maxQ +0.0179  changes   505  6.2 min
episode 427/1013  eps 0.020  train return  +69.00%  loss 4.47e-05  maxQ +0.0167  changes   470  6.2 min
episode 428/1013  eps 0.020  train return  +57.39%  loss 4.30e-05  maxQ +0.0180  changes   455  6.3 min
episode 429/1013  eps 0.020  train return  +20.69%  loss 4.50e-05  maxQ +0.0191  changes   473  6.3 min
episode 430/1013  eps 0.020  train return  +15.98%  loss 4.50e-05  maxQ +0.0187  changes   466  6.3 min | val return -2.24% (best +0.87%)
episode 431/1013  eps 0.020  train return +106.60%  loss 4.15e-05  maxQ +0.0184  changes   459  6.3 min
episode 432/1013  eps 0.019  train return   +7.90%  loss 4.48e-05  maxQ +0.0190  changes   484  6.3 min
episode 433/1013  eps 0.019  train return  +21.11%  loss 4.24e-05  maxQ +0.0188  changes   476  6.3 min
episode 434/1013  eps 0.019  train return +185.77%  loss 4.35e-05  maxQ +0.0186  changes   494  6.4 min
episode 435/1013  eps 0.019  train return  +62.22%  loss 4.15e-05  maxQ +0.0179  changes   489  6.4 min
episode 436/1013  eps 0.019  train return  +58.10%  loss 4.18e-05  maxQ +0.0178  changes   474  6.4 min
episode 437/1013  eps 0.019  train return  +86.74%  loss 4.17e-05  maxQ +0.0182  changes   481  6.4 min
episode 438/1013  eps 0.018  train return  +78.48%  loss 4.27e-05  maxQ +0.0181  changes   490  6.4 min
episode 439/1013  eps 0.018  train return  +71.88%  loss 4.37e-05  maxQ +0.0179  changes   481  6.4 min
episode 440/1013  eps 0.018  train return   -0.94%  loss 4.06e-05  maxQ +0.0172  changes   400  6.4 min | val return -3.89% (best +0.87%)
episode 441/1013  eps 0.018  train return  +45.85%  loss 3.58e-05  maxQ +0.0170  changes   488  6.5 min
episode 442/1013  eps 0.018  train return +167.25%  loss 4.23e-05  maxQ +0.0162  changes   522  6.5 min
episode 443/1013  eps 0.018  train return  +40.47%  loss 4.47e-05  maxQ +0.0170  changes   492  6.5 min
episode 444/1013  eps 0.017  train return +180.46%  loss 3.92e-05  maxQ +0.0166  changes   500  6.5 min
episode 445/1013  eps 0.017  train return  +48.17%  loss 4.07e-05  maxQ +0.0156  changes   501  6.5 min
episode 446/1013  eps 0.017  train return  +60.80%  loss 3.60e-05  maxQ +0.0159  changes   498  6.5 min
episode 447/1013  eps 0.017  train return  +78.45%  loss 3.86e-05  maxQ +0.0171  changes   468  6.6 min
episode 448/1013  eps 0.017  train return   -9.10%  loss 4.24e-05  maxQ +0.0170  changes   431  6.6 min
episode 449/1013  eps 0.017  train return  +83.61%  loss 4.28e-05  maxQ +0.0174  changes   502  6.6 min
episode 450/1013  eps 0.016  train return  +34.67%  loss 4.02e-05  maxQ +0.0163  changes   482  6.6 min | val return +10.44% (best +10.44%)
episode 451/1013  eps 0.016  train return  +78.40%  loss 4.01e-05  maxQ +0.0168  changes   485  6.6 min
episode 452/1013  eps 0.016  train return +267.60%  loss 4.14e-05  maxQ +0.0171  changes   466  6.6 min
episode 453/1013  eps 0.016  train return +203.72%  loss 4.37e-05  maxQ +0.0179  changes   487  6.7 min
episode 454/1013  eps 0.016  train return  +61.10%  loss 4.28e-05  maxQ +0.0181  changes   453  6.7 min
episode 455/1013  eps 0.016  train return  +75.15%  loss 3.86e-05  maxQ +0.0172  changes   495  6.7 min
episode 456/1013  eps 0.016  train return  +15.32%  loss 4.09e-05  maxQ +0.0173  changes   490  6.7 min
episode 457/1013  eps 0.015  train return +211.94%  loss 4.07e-05  maxQ +0.0175  changes   499  6.7 min
episode 458/1013  eps 0.015  train return  +45.17%  loss 3.80e-05  maxQ +0.0177  changes   453  6.7 min
episode 459/1013  eps 0.015  train return  +33.14%  loss 4.22e-05  maxQ +0.0175  changes   466  6.7 min
episode 460/1013  eps 0.015  train return +233.78%  loss 3.76e-05  maxQ +0.0171  changes   475  6.8 min | val return +0.90% (best +10.44%)
episode 461/1013  eps 0.015  train return +227.61%  loss 4.27e-05  maxQ +0.0174  changes   489  6.8 min
episode 462/1013  eps 0.015  train return   +9.88%  loss 4.15e-05  maxQ +0.0177  changes   489  6.8 min
episode 463/1013  eps 0.015  train return +215.62%  loss 4.12e-05  maxQ +0.0173  changes   513  6.8 min
episode 464/1013  eps 0.015  train return +137.01%  loss 4.01e-05  maxQ +0.0182  changes   516  6.8 min
episode 465/1013  eps 0.014  train return +128.92%  loss 4.48e-05  maxQ +0.0177  changes   475  6.8 min
episode 466/1013  eps 0.014  train return +135.26%  loss 4.21e-05  maxQ +0.0180  changes   506  6.9 min
episode 467/1013  eps 0.014  train return  +41.35%  loss 4.16e-05  maxQ +0.0180  changes   491  6.9 min
episode 468/1013  eps 0.014  train return  +21.99%  loss 4.57e-05  maxQ +0.0181  changes   442  6.9 min
episode 469/1013  eps 0.014  train return +113.66%  loss 4.66e-05  maxQ +0.0181  changes   465  6.9 min
episode 470/1013  eps 0.014  train return +121.41%  loss 4.59e-05  maxQ +0.0192  changes   486  6.9 min | val return +5.73% (best +10.44%)
episode 471/1013  eps 0.014  train return +292.65%  loss 4.60e-05  maxQ +0.0188  changes   504  6.9 min
episode 472/1013  eps 0.013  train return  +17.75%  loss 4.27e-05  maxQ +0.0193  changes   470  6.9 min
episode 473/1013  eps 0.013  train return  +66.71%  loss 5.09e-05  maxQ +0.0185  changes   459  7.0 min
episode 474/1013  eps 0.013  train return +138.28%  loss 4.58e-05  maxQ +0.0190  changes   502  7.0 min
episode 475/1013  eps 0.013  train return  +34.38%  loss 4.36e-05  maxQ +0.0181  changes   446  7.0 min
episode 476/1013  eps 0.013  train return  +35.86%  loss 4.78e-05  maxQ +0.0181  changes   401  7.0 min
episode 477/1013  eps 0.013  train return  +29.63%  loss 4.74e-05  maxQ +0.0183  changes   504  7.0 min
episode 478/1013  eps 0.013  train return  +80.81%  loss 4.41e-05  maxQ +0.0177  changes   498  7.0 min
episode 479/1013  eps 0.013  train return  +16.13%  loss 4.63e-05  maxQ +0.0190  changes   402  7.0 min
episode 480/1013  eps 0.013  train return  +73.78%  loss 4.60e-05  maxQ +0.0187  changes   446  7.1 min | val return +1.72% (best +10.44%)
episode 481/1013  eps 0.012  train return  +26.49%  loss 4.07e-05  maxQ +0.0186  changes   436  7.1 min
episode 482/1013  eps 0.012  train return  +18.91%  loss 4.34e-05  maxQ +0.0182  changes   485  7.1 min
episode 483/1013  eps 0.012  train return   +3.01%  loss 4.53e-05  maxQ +0.0181  changes   420  7.1 min
episode 484/1013  eps 0.012  train return +127.56%  loss 4.65e-05  maxQ +0.0187  changes   518  7.1 min
episode 485/1013  eps 0.012  train return +273.47%  loss 4.32e-05  maxQ +0.0184  changes   499  7.1 min
episode 486/1013  eps 0.012  train return +171.71%  loss 4.29e-05  maxQ +0.0184  changes   498  7.2 min
episode 487/1013  eps 0.012  train return  +27.21%  loss 4.45e-05  maxQ +0.0186  changes   459  7.2 min
episode 488/1013  eps 0.012  train return  +89.53%  loss 4.54e-05  maxQ +0.0191  changes   503  7.2 min
episode 489/1013  eps 0.012  train return  +46.67%  loss 4.34e-05  maxQ +0.0187  changes   503  7.2 min
episode 490/1013  eps 0.011  train return +123.68%  loss 4.55e-05  maxQ +0.0189  changes   465  7.2 min | val return -13.57% (best +10.44%)
episode 491/1013  eps 0.011  train return +104.67%  loss 4.70e-05  maxQ +0.0184  changes   510  7.2 min
episode 492/1013  eps 0.011  train return  +95.67%  loss 4.27e-05  maxQ +0.0180  changes   499  7.3 min
episode 493/1013  eps 0.011  train return  +74.00%  loss 4.43e-05  maxQ +0.0179  changes   494  7.3 min
episode 494/1013  eps 0.011  train return  +14.63%  loss 4.50e-05  maxQ +0.0178  changes   428  7.3 min
episode 495/1013  eps 0.011  train return  +73.45%  loss 4.42e-05  maxQ +0.0177  changes   490  7.3 min
episode 496/1013  eps 0.011  train return  +32.32%  loss 4.45e-05  maxQ +0.0182  changes   507  7.3 min
episode 497/1013  eps 0.011  train return +255.61%  loss 4.32e-05  maxQ +0.0180  changes   471  7.3 min
episode 498/1013  eps 0.011  train return  +88.18%  loss 4.70e-05  maxQ +0.0185  changes   455  7.3 min
episode 499/1013  eps 0.011  train return  +74.28%  loss 5.29e-05  maxQ +0.0191  changes   509  7.4 min
episode 500/1013  eps 0.010  train return +124.82%  loss 4.85e-05  maxQ +0.0184  changes   530  7.4 min | val return -1.98% (best +10.44%)
episode 501/1013  eps 0.010  train return  +30.38%  loss 4.74e-05  maxQ +0.0195  changes   468  7.4 min
episode 502/1013  eps 0.010  train return  +80.10%  loss 4.54e-05  maxQ +0.0187  changes   489  7.4 min
episode 503/1013  eps 0.010  train return   +7.50%  loss 4.79e-05  maxQ +0.0185  changes   413  7.4 min
episode 504/1013  eps 0.010  train return  +47.90%  loss 4.69e-05  maxQ +0.0190  changes   476  7.4 min
episode 505/1013  eps 0.010  train return  +52.48%  loss 4.89e-05  maxQ +0.0181  changes   493  7.5 min
episode 506/1013  eps 0.010  train return  +88.41%  loss 4.34e-05  maxQ +0.0180  changes   490  7.5 min
episode 507/1013  eps 0.010  train return  +30.04%  loss 4.54e-05  maxQ +0.0184  changes   422  7.5 min
episode 508/1013  eps 0.010  train return  +21.63%  loss 4.67e-05  maxQ +0.0186  changes   410  7.5 min
episode 509/1013  eps 0.010  train return +171.41%  loss 4.67e-05  maxQ +0.0183  changes   456  7.5 min
episode 510/1013  eps 0.010  train return  +64.23%  loss 4.74e-05  maxQ +0.0178  changes   490  7.5 min | val return +15.74% (best +15.74%)
episode 511/1013  eps 0.010  train return  +85.85%  loss 4.84e-05  maxQ +0.0179  changes   495  7.6 min
episode 512/1013  eps 0.010  train return  +44.36%  loss 4.81e-05  maxQ +0.0173  changes   437  7.6 min
episode 513/1013  eps 0.010  train return +115.31%  loss 4.85e-05  maxQ +0.0183  changes   499  7.6 min
episode 514/1013  eps 0.010  train return  +20.33%  loss 4.53e-05  maxQ +0.0177  changes   449  7.6 min
episode 515/1013  eps 0.010  train return   +6.30%  loss 4.66e-05  maxQ +0.0183  changes   447  7.6 min
episode 516/1013  eps 0.010  train return  +98.29%  loss 4.57e-05  maxQ +0.0178  changes   503  7.6 min
episode 517/1013  eps 0.010  train return +203.59%  loss 4.37e-05  maxQ +0.0172  changes   469  7.7 min
episode 518/1013  eps 0.010  train return +321.93%  loss 4.60e-05  maxQ +0.0170  changes   464  7.7 min
episode 519/1013  eps 0.010  train return +145.09%  loss 4.84e-05  maxQ +0.0176  changes   469  7.7 min
episode 520/1013  eps 0.010  train return +114.65%  loss 4.66e-05  maxQ +0.0180  changes   467  7.7 min | val return +3.40% (best +15.74%)
episode 521/1013  eps 0.010  train return  +11.23%  loss 4.69e-05  maxQ +0.0179  changes   379  7.7 min
episode 522/1013  eps 0.010  train return  +50.07%  loss 4.48e-05  maxQ +0.0186  changes   457  7.7 min
episode 523/1013  eps 0.010  train return +155.13%  loss 4.82e-05  maxQ +0.0182  changes   461  7.7 min
episode 524/1013  eps 0.010  train return +164.43%  loss 5.04e-05  maxQ +0.0180  changes   505  7.8 min
episode 525/1013  eps 0.010  train return  +63.23%  loss 5.25e-05  maxQ +0.0186  changes   416  7.8 min
episode 526/1013  eps 0.010  train return  +69.53%  loss 4.26e-05  maxQ +0.0170  changes   435  7.8 min
episode 527/1013  eps 0.010  train return +136.14%  loss 4.53e-05  maxQ +0.0173  changes   490  7.8 min
episode 528/1013  eps 0.010  train return +125.57%  loss 4.70e-05  maxQ +0.0176  changes   504  7.8 min
episode 529/1013  eps 0.010  train return +360.31%  loss 4.62e-05  maxQ +0.0180  changes   484  7.8 min
episode 530/1013  eps 0.010  train return +127.25%  loss 4.65e-05  maxQ +0.0176  changes   478  7.8 min | val return -4.60% (best +15.74%)
episode 531/1013  eps 0.010  train return +118.12%  loss 4.63e-05  maxQ +0.0174  changes   444  7.9 min
episode 532/1013  eps 0.010  train return +111.77%  loss 4.73e-05  maxQ +0.0174  changes   501  7.9 min
episode 533/1013  eps 0.010  train return   +0.51%  loss 4.89e-05  maxQ +0.0176  changes   441  7.9 min
episode 534/1013  eps 0.010  train return  +19.25%  loss 4.78e-05  maxQ +0.0174  changes   461  7.9 min
episode 535/1013  eps 0.010  train return +504.13%  loss 4.93e-05  maxQ +0.0174  changes   498  7.9 min
episode 536/1013  eps 0.010  train return  +34.97%  loss 4.99e-05  maxQ +0.0186  changes   486  7.9 min
episode 537/1013  eps 0.010  train return  +47.54%  loss 4.72e-05  maxQ +0.0185  changes   485  8.0 min
episode 538/1013  eps 0.010  train return  +20.16%  loss 4.41e-05  maxQ +0.0179  changes   453  8.0 min
episode 539/1013  eps 0.010  train return +187.82%  loss 4.59e-05  maxQ +0.0179  changes   489  8.0 min
episode 540/1013  eps 0.010  train return +189.82%  loss 4.63e-05  maxQ +0.0170  changes   482  8.0 min | val return +9.77% (best +15.74%)
episode 541/1013  eps 0.010  train return  +93.92%  loss 4.70e-05  maxQ +0.0185  changes   463  8.0 min
episode 542/1013  eps 0.010  train return +168.76%  loss 4.62e-05  maxQ +0.0181  changes   485  8.0 min
episode 543/1013  eps 0.010  train return  +19.91%  loss 4.61e-05  maxQ +0.0177  changes   452  8.1 min
episode 544/1013  eps 0.010  train return  +18.13%  loss 4.62e-05  maxQ +0.0185  changes   417  8.1 min
episode 545/1013  eps 0.010  train return  +21.33%  loss 4.39e-05  maxQ +0.0187  changes   435  8.1 min
episode 546/1013  eps 0.010  train return  +57.53%  loss 4.62e-05  maxQ +0.0191  changes   487  8.1 min
episode 547/1013  eps 0.010  train return  +30.30%  loss 4.73e-05  maxQ +0.0188  changes   411  8.1 min
episode 548/1013  eps 0.010  train return  +56.88%  loss 4.23e-05  maxQ +0.0176  changes   467  8.1 min
episode 549/1013  eps 0.010  train return  +23.46%  loss 4.48e-05  maxQ +0.0180  changes   494  8.1 min
episode 550/1013  eps 0.010  train return  +38.98%  loss 4.46e-05  maxQ +0.0171  changes   502  8.2 min | val return +1.46% (best +15.74%)
episode 551/1013  eps 0.010  train return  +28.44%  loss 4.46e-05  maxQ +0.0175  changes   425  8.2 min
episode 552/1013  eps 0.010  train return  +10.52%  loss 4.25e-05  maxQ +0.0166  changes   429  8.2 min
episode 553/1013  eps 0.010  train return +177.38%  loss 4.64e-05  maxQ +0.0169  changes   511  8.2 min
episode 554/1013  eps 0.010  train return   +8.10%  loss 4.39e-05  maxQ +0.0164  changes   463  8.2 min
episode 555/1013  eps 0.010  train return  +62.34%  loss 4.30e-05  maxQ +0.0164  changes   433  8.2 min
episode 556/1013  eps 0.010  train return +251.45%  loss 3.96e-05  maxQ +0.0164  changes   475  8.3 min
episode 557/1013  eps 0.010  train return  +63.74%  loss 4.39e-05  maxQ +0.0165  changes   506  8.3 min
episode 558/1013  eps 0.010  train return +167.42%  loss 4.34e-05  maxQ +0.0175  changes   457  8.3 min
episode 559/1013  eps 0.010  train return  +17.72%  loss 4.16e-05  maxQ +0.0172  changes   492  8.3 min
episode 560/1013  eps 0.010  train return  +93.79%  loss 3.93e-05  maxQ +0.0163  changes   461  8.3 min | val return -9.24% (best +15.74%)
episode 561/1013  eps 0.010  train return   -0.66%  loss 4.24e-05  maxQ +0.0172  changes   350  8.3 min
episode 562/1013  eps 0.010  train return  +37.71%  loss 4.43e-05  maxQ +0.0172  changes   483  8.4 min
episode 563/1013  eps 0.010  train return   +4.42%  loss 4.55e-05  maxQ +0.0177  changes   340  8.4 min
episode 564/1013  eps 0.010  train return  +17.72%  loss 4.65e-05  maxQ +0.0175  changes   495  8.4 min
episode 565/1013  eps 0.010  train return  +82.47%  loss 4.39e-05  maxQ +0.0178  changes   499  8.4 min
episode 566/1013  eps 0.010  train return  +58.71%  loss 4.44e-05  maxQ +0.0172  changes   479  8.4 min
episode 567/1013  eps 0.010  train return +260.60%  loss 4.50e-05  maxQ +0.0184  changes   506  8.4 min
episode 568/1013  eps 0.010  train return  +14.80%  loss 4.62e-05  maxQ +0.0182  changes   441  8.4 min
episode 569/1013  eps 0.010  train return +241.53%  loss 4.52e-05  maxQ +0.0172  changes   465  8.5 min
episode 570/1013  eps 0.010  train return +101.35%  loss 4.28e-05  maxQ +0.0175  changes   488  8.5 min | val return -2.84% (best +15.74%)
episode 571/1013  eps 0.010  train return  +92.64%  loss 4.56e-05  maxQ +0.0176  changes   475  8.5 min
episode 572/1013  eps 0.010  train return +101.56%  loss 4.96e-05  maxQ +0.0174  changes   499  8.5 min
episode 573/1013  eps 0.010  train return   +3.19%  loss 4.48e-05  maxQ +0.0182  changes   354  8.5 min
episode 574/1013  eps 0.010  train return  +26.29%  loss 4.37e-05  maxQ +0.0184  changes   492  8.5 min
episode 575/1013  eps 0.010  train return   -2.71%  loss 4.27e-05  maxQ +0.0189  changes   466  8.6 min
episode 576/1013  eps 0.010  train return  +54.45%  loss 4.04e-05  maxQ +0.0173  changes   486  8.6 min
episode 577/1013  eps 0.010  train return +129.87%  loss 4.12e-05  maxQ +0.0177  changes   485  8.6 min
episode 578/1013  eps 0.010  train return  +43.68%  loss 4.19e-05  maxQ +0.0179  changes   453  8.6 min
episode 579/1013  eps 0.010  train return  +29.65%  loss 4.07e-05  maxQ +0.0174  changes   494  8.6 min
episode 580/1013  eps 0.010  train return  +53.72%  loss 4.22e-05  maxQ +0.0178  changes   478  8.6 min | val return -18.78% (best +15.74%)
episode 581/1013  eps 0.010  train return  +94.64%  loss 4.26e-05  maxQ +0.0177  changes   478  8.7 min
episode 582/1013  eps 0.010  train return  +16.37%  loss 4.13e-05  maxQ +0.0179  changes   401  8.7 min
episode 583/1013  eps 0.010  train return   +5.97%  loss 4.10e-05  maxQ +0.0179  changes   427  8.7 min
episode 584/1013  eps 0.010  train return +233.57%  loss 4.23e-05  maxQ +0.0177  changes   485  8.7 min
episode 585/1013  eps 0.010  train return  +55.13%  loss 3.66e-05  maxQ +0.0175  changes   478  8.7 min
episode 586/1013  eps 0.010  train return +231.01%  loss 3.79e-05  maxQ +0.0167  changes   499  8.7 min
episode 587/1013  eps 0.010  train return +101.13%  loss 4.18e-05  maxQ +0.0172  changes   433  8.7 min
episode 588/1013  eps 0.010  train return  +36.29%  loss 4.18e-05  maxQ +0.0172  changes   441  8.8 min
episode 589/1013  eps 0.010  train return  +18.10%  loss 4.00e-05  maxQ +0.0174  changes   331  8.8 min
episode 590/1013  eps 0.010  train return  +15.38%  loss 3.88e-05  maxQ +0.0171  changes   392  8.8 min | val return -20.94% (best +15.74%)
episode 591/1013  eps 0.010  train return  +40.93%  loss 4.28e-05  maxQ +0.0172  changes   421  8.8 min
episode 592/1013  eps 0.010  train return +102.35%  loss 4.01e-05  maxQ +0.0168  changes   476  8.8 min
episode 593/1013  eps 0.010  train return  +17.56%  loss 3.69e-05  maxQ +0.0162  changes   412  8.8 min
episode 594/1013  eps 0.010  train return +136.40%  loss 4.01e-05  maxQ +0.0165  changes   478  8.8 min
episode 595/1013  eps 0.010  train return  +18.99%  loss 3.98e-05  maxQ +0.0164  changes   438  8.9 min
episode 596/1013  eps 0.010  train return  +48.31%  loss 4.08e-05  maxQ +0.0168  changes   410  8.9 min
episode 597/1013  eps 0.010  train return +151.41%  loss 4.14e-05  maxQ +0.0163  changes   497  8.9 min
episode 598/1013  eps 0.010  train return  +16.85%  loss 4.01e-05  maxQ +0.0167  changes   331  8.9 min
episode 599/1013  eps 0.010  train return  +50.10%  loss 3.82e-05  maxQ +0.0163  changes   472  8.9 min
episode 600/1013  eps 0.010  train return +137.01%  loss 3.77e-05  maxQ +0.0162  changes   454  8.9 min | val return -12.64% (best +15.74%)
episode 601/1013  eps 0.010  train return  +70.74%  loss 4.23e-05  maxQ +0.0166  changes   471  9.0 min
episode 602/1013  eps 0.010  train return  +70.45%  loss 3.87e-05  maxQ +0.0159  changes   435  9.0 min
episode 603/1013  eps 0.010  train return +105.86%  loss 3.92e-05  maxQ +0.0154  changes   445  9.0 min
episode 604/1013  eps 0.010  train return  +27.62%  loss 3.73e-05  maxQ +0.0165  changes   435  9.0 min
episode 605/1013  eps 0.010  train return  +84.53%  loss 3.72e-05  maxQ +0.0164  changes   515  9.0 min
episode 606/1013  eps 0.010  train return  +66.27%  loss 3.79e-05  maxQ +0.0159  changes   468  9.0 min
episode 607/1013  eps 0.010  train return +400.97%  loss 3.77e-05  maxQ +0.0159  changes   519  9.1 min
episode 608/1013  eps 0.010  train return +118.93%  loss 3.86e-05  maxQ +0.0161  changes   496  9.1 min
episode 609/1013  eps 0.010  train return +649.92%  loss 4.10e-05  maxQ +0.0161  changes   505  9.1 min
episode 610/1013  eps 0.010  train return +173.19%  loss 3.93e-05  maxQ +0.0169  changes   468  9.1 min | val return -14.71% (best +15.74%)
episode 611/1013  eps 0.010  train return  +21.05%  loss 3.92e-05  maxQ +0.0163  changes   428  9.1 min
episode 612/1013  eps 0.010  train return  +92.30%  loss 3.54e-05  maxQ +0.0159  changes   447  9.1 min
episode 613/1013  eps 0.010  train return  +11.70%  loss 3.39e-05  maxQ +0.0157  changes   403  9.1 min
episode 614/1013  eps 0.010  train return +243.57%  loss 3.64e-05  maxQ +0.0160  changes   508  9.2 min
episode 615/1013  eps 0.010  train return  +67.96%  loss 4.01e-05  maxQ +0.0157  changes   473  9.2 min
episode 616/1013  eps 0.010  train return  +31.18%  loss 4.13e-05  maxQ +0.0162  changes   412  9.2 min
episode 617/1013  eps 0.010  train return +641.66%  loss 3.75e-05  maxQ +0.0163  changes   483  9.2 min
episode 618/1013  eps 0.010  train return  +94.89%  loss 4.05e-05  maxQ +0.0158  changes   492  9.2 min
episode 619/1013  eps 0.010  train return +142.07%  loss 4.18e-05  maxQ +0.0162  changes   498  9.2 min
episode 620/1013  eps 0.010  train return +108.41%  loss 3.90e-05  maxQ +0.0167  changes   493  9.2 min | val return -18.76% (best +15.74%)
episode 621/1013  eps 0.010  train return  +37.56%  loss 3.90e-05  maxQ +0.0163  changes   429  9.3 min
episode 622/1013  eps 0.010  train return  +47.40%  loss 4.02e-05  maxQ +0.0164  changes   427  9.3 min
episode 623/1013  eps 0.010  train return  +47.91%  loss 4.27e-05  maxQ +0.0173  changes   450  9.3 min
episode 624/1013  eps 0.010  train return  +28.17%  loss 4.18e-05  maxQ +0.0173  changes   464  9.3 min
episode 625/1013  eps 0.010  train return  +19.69%  loss 4.42e-05  maxQ +0.0176  changes   448  9.3 min
episode 626/1013  eps 0.010  train return +203.91%  loss 4.13e-05  maxQ +0.0168  changes   487  9.3 min
episode 627/1013  eps 0.010  train return  +34.59%  loss 3.90e-05  maxQ +0.0167  changes   505  9.3 min
episode 628/1013  eps 0.010  train return +116.76%  loss 3.82e-05  maxQ +0.0170  changes   481  9.4 min
episode 629/1013  eps 0.010  train return  +35.19%  loss 4.10e-05  maxQ +0.0173  changes   455  9.4 min
episode 630/1013  eps 0.010  train return  +81.56%  loss 4.09e-05  maxQ +0.0167  changes   460  9.4 min | val return -34.62% (best +15.74%)
episode 631/1013  eps 0.010  train return  +83.55%  loss 3.89e-05  maxQ +0.0168  changes   493  9.4 min
episode 632/1013  eps 0.010  train return  +68.47%  loss 4.14e-05  maxQ +0.0171  changes   487  9.4 min
episode 633/1013  eps 0.010  train return +345.30%  loss 4.18e-05  maxQ +0.0171  changes   498  9.5 min
episode 634/1013  eps 0.010  train return  +16.46%  loss 4.44e-05  maxQ +0.0186  changes   426  9.5 min
episode 635/1013  eps 0.010  train return +142.13%  loss 4.19e-05  maxQ +0.0182  changes   487  9.5 min
episode 636/1013  eps 0.010  train return +513.31%  loss 4.22e-05  maxQ +0.0183  changes   489  9.5 min
episode 637/1013  eps 0.010  train return  +57.85%  loss 4.13e-05  maxQ +0.0177  changes   497  9.5 min
episode 638/1013  eps 0.010  train return +120.78%  loss 4.28e-05  maxQ +0.0178  changes   470  9.5 min
episode 639/1013  eps 0.010  train return +117.62%  loss 4.20e-05  maxQ +0.0181  changes   485  9.5 min
episode 640/1013  eps 0.010  train return  +99.11%  loss 4.14e-05  maxQ +0.0183  changes   481  9.6 min | val return -26.03% (best +15.74%)
episode 641/1013  eps 0.010  train return  +29.97%  loss 4.05e-05  maxQ +0.0176  changes   410  9.6 min
episode 642/1013  eps 0.010  train return  +27.34%  loss 4.03e-05  maxQ +0.0176  changes   365  9.6 min
episode 643/1013  eps 0.010  train return +410.88%  loss 3.84e-05  maxQ +0.0166  changes   516  9.6 min
episode 644/1013  eps 0.010  train return  +17.93%  loss 3.92e-05  maxQ +0.0170  changes   371  9.6 min
episode 645/1013  eps 0.010  train return  +22.87%  loss 4.17e-05  maxQ +0.0171  changes   449  9.6 min
episode 646/1013  eps 0.010  train return  +62.44%  loss 4.18e-05  maxQ +0.0176  changes   485  9.7 min
episode 647/1013  eps 0.010  train return +142.75%  loss 4.49e-05  maxQ +0.0172  changes   484  9.7 min
episode 648/1013  eps 0.010  train return  +28.96%  loss 3.92e-05  maxQ +0.0173  changes   447  9.7 min
episode 649/1013  eps 0.010  train return +129.51%  loss 4.34e-05  maxQ +0.0179  changes   499  9.7 min
episode 650/1013  eps 0.010  train return  +60.97%  loss 3.85e-05  maxQ +0.0177  changes   482  9.7 min | val return -31.94% (best +15.74%)
episode 651/1013  eps 0.010  train return  +41.30%  loss 4.05e-05  maxQ +0.0172  changes   497  9.7 min
episode 652/1013  eps 0.010  train return  +36.57%  loss 4.03e-05  maxQ +0.0172  changes   423  9.8 min
episode 653/1013  eps 0.010  train return +404.58%  loss 4.28e-05  maxQ +0.0179  changes   519  9.8 min
episode 654/1013  eps 0.010  train return  +58.72%  loss 4.68e-05  maxQ +0.0190  changes   478  9.8 min
episode 655/1013  eps 0.010  train return  +66.23%  loss 3.86e-05  maxQ +0.0180  changes   485  9.8 min
episode 656/1013  eps 0.010  train return  +33.47%  loss 4.11e-05  maxQ +0.0182  changes   372  9.8 min
episode 657/1013  eps 0.010  train return +211.74%  loss 4.37e-05  maxQ +0.0186  changes   535  9.8 min
episode 658/1013  eps 0.010  train return  +82.53%  loss 4.40e-05  maxQ +0.0184  changes   522  9.8 min
episode 659/1013  eps 0.010  train return  +31.98%  loss 4.15e-05  maxQ +0.0190  changes   474  9.9 min
episode 660/1013  eps 0.010  train return +270.97%  loss 4.00e-05  maxQ +0.0183  changes   537  9.9 min | val return -14.06% (best +15.74%)
episode 661/1013  eps 0.010  train return  +83.56%  loss 4.18e-05  maxQ +0.0189  changes   472  9.9 min
episode 662/1013  eps 0.010  train return  +35.50%  loss 4.52e-05  maxQ +0.0192  changes   390  9.9 min
episode 663/1013  eps 0.010  train return  +79.59%  loss 4.17e-05  maxQ +0.0189  changes   476  9.9 min
episode 664/1013  eps 0.010  train return +199.26%  loss 4.21e-05  maxQ +0.0191  changes   499  9.9 min
episode 665/1013  eps 0.010  train return  +40.65%  loss 4.29e-05  maxQ +0.0186  changes   453  10.0 min
episode 666/1013  eps 0.010  train return  +90.78%  loss 4.01e-05  maxQ +0.0182  changes   469  10.0 min
episode 667/1013  eps 0.010  train return  +56.17%  loss 4.14e-05  maxQ +0.0184  changes   458  10.0 min
episode 668/1013  eps 0.010  train return  +49.07%  loss 4.78e-05  maxQ +0.0192  changes   447  10.0 min
episode 669/1013  eps 0.010  train return +119.28%  loss 4.62e-05  maxQ +0.0186  changes   517  10.0 min
episode 670/1013  eps 0.010  train return  +95.98%  loss 4.58e-05  maxQ +0.0185  changes   506  10.0 min | val return -11.59% (best +15.74%)
episode 671/1013  eps 0.010  train return +245.04%  loss 4.50e-05  maxQ +0.0184  changes   491  10.1 min
episode 672/1013  eps 0.010  train return  +63.41%  loss 4.28e-05  maxQ +0.0186  changes   473  10.1 min
episode 673/1013  eps 0.010  train return  +29.38%  loss 4.35e-05  maxQ +0.0188  changes   459  10.1 min
episode 674/1013  eps 0.010  train return  +17.48%  loss 4.28e-05  maxQ +0.0187  changes   384  10.1 min
episode 675/1013  eps 0.010  train return  +12.01%  loss 4.31e-05  maxQ +0.0184  changes   455  10.1 min
episode 676/1013  eps 0.010  train return   +5.74%  loss 4.42e-05  maxQ +0.0180  changes   452  10.1 min
episode 677/1013  eps 0.010  train return +106.59%  loss 4.47e-05  maxQ +0.0182  changes   511  10.1 min
episode 678/1013  eps 0.010  train return  +48.19%  loss 4.30e-05  maxQ +0.0191  changes   457  10.2 min
episode 679/1013  eps 0.010  train return +283.37%  loss 4.19e-05  maxQ +0.0190  changes   477  10.2 min
episode 680/1013  eps 0.010  train return  +43.57%  loss 4.07e-05  maxQ +0.0190  changes   479  10.2 min | val return -12.48% (best +15.74%)
episode 681/1013  eps 0.010  train return +409.01%  loss 4.02e-05  maxQ +0.0181  changes   507  10.2 min
episode 682/1013  eps 0.010  train return  +41.34%  loss 4.36e-05  maxQ +0.0176  changes   427  10.2 min
episode 683/1013  eps 0.010  train return  +53.70%  loss 4.24e-05  maxQ +0.0178  changes   459  10.2 min
episode 684/1013  eps 0.010  train return +861.13%  loss 4.38e-05  maxQ +0.0182  changes   501  10.3 min
episode 685/1013  eps 0.010  train return  +34.76%  loss 4.22e-05  maxQ +0.0185  changes   448  10.3 min
episode 686/1013  eps 0.010  train return  +60.63%  loss 4.31e-05  maxQ +0.0187  changes   467  10.3 min
episode 687/1013  eps 0.010  train return   -0.79%  loss 4.51e-05  maxQ +0.0181  changes   464  10.3 min
episode 688/1013  eps 0.010  train return  +16.14%  loss 4.26e-05  maxQ +0.0189  changes   443  10.3 min
episode 689/1013  eps 0.010  train return   +9.35%  loss 3.86e-05  maxQ +0.0173  changes   434  10.3 min
episode 690/1013  eps 0.010  train return  +58.01%  loss 3.88e-05  maxQ +0.0180  changes   463  10.3 min | val return -29.45% (best +15.74%)
episode 691/1013  eps 0.010  train return +742.95%  loss 4.02e-05  maxQ +0.0184  changes   491  10.4 min
episode 692/1013  eps 0.010  train return +175.90%  loss 4.47e-05  maxQ +0.0184  changes   470  10.4 min
episode 693/1013  eps 0.010  train return  +54.41%  loss 4.54e-05  maxQ +0.0185  changes   489  10.4 min
episode 694/1013  eps 0.010  train return  +38.88%  loss 4.36e-05  maxQ +0.0181  changes   469  10.4 min
episode 695/1013  eps 0.010  train return +248.57%  loss 4.15e-05  maxQ +0.0183  changes   482  10.4 min
episode 696/1013  eps 0.010  train return +222.77%  loss 4.31e-05  maxQ +0.0177  changes   510  10.4 min
episode 697/1013  eps 0.010  train return  +93.48%  loss 4.16e-05  maxQ +0.0175  changes   480  10.5 min
episode 698/1013  eps 0.010  train return  +83.47%  loss 4.28e-05  maxQ +0.0173  changes   501  10.5 min
episode 699/1013  eps 0.010  train return +168.24%  loss 4.71e-05  maxQ +0.0178  changes   476  10.5 min
episode 700/1013  eps 0.010  train return  +94.13%  loss 4.57e-05  maxQ +0.0177  changes   505  10.5 min | val return -29.45% (best +15.74%)
episode 701/1013  eps 0.010  train return +113.01%  loss 4.37e-05  maxQ +0.0184  changes   502  10.5 min
episode 702/1013  eps 0.010  train return  +70.07%  loss 4.83e-05  maxQ +0.0183  changes   501  10.5 min
episode 703/1013  eps 0.010  train return  +32.25%  loss 4.44e-05  maxQ +0.0179  changes   486  10.5 min
episode 704/1013  eps 0.010  train return  +45.35%  loss 4.45e-05  maxQ +0.0176  changes   486  10.6 min
episode 705/1013  eps 0.010  train return  +15.79%  loss 4.44e-05  maxQ +0.0172  changes   469  10.6 min
episode 706/1013  eps 0.010  train return  +38.20%  loss 4.50e-05  maxQ +0.0175  changes   497  10.6 min
episode 707/1013  eps 0.010  train return  +83.58%  loss 4.52e-05  maxQ +0.0167  changes   464  10.6 min
episode 708/1013  eps 0.010  train return  +18.96%  loss 4.43e-05  maxQ +0.0163  changes   471  10.6 min
episode 709/1013  eps 0.010  train return +653.45%  loss 4.54e-05  maxQ +0.0170  changes   494  10.6 min
episode 710/1013  eps 0.010  train return  +49.12%  loss 4.44e-05  maxQ +0.0178  changes   470  10.6 min | val return -17.16% (best +15.74%)
episode 711/1013  eps 0.010  train return +116.15%  loss 4.41e-05  maxQ +0.0176  changes   496  10.7 min
episode 712/1013  eps 0.010  train return  +77.24%  loss 4.68e-05  maxQ +0.0175  changes   490  10.7 min
episode 713/1013  eps 0.010  train return +132.79%  loss 4.58e-05  maxQ +0.0180  changes   525  10.7 min
episode 714/1013  eps 0.010  train return  +48.44%  loss 4.46e-05  maxQ +0.0185  changes   468  10.7 min
episode 715/1013  eps 0.010  train return  +88.38%  loss 4.49e-05  maxQ +0.0185  changes   502  10.7 min
episode 716/1013  eps 0.010  train return +296.17%  loss 4.27e-05  maxQ +0.0179  changes   491  10.7 min
episode 717/1013  eps 0.010  train return +103.32%  loss 4.29e-05  maxQ +0.0178  changes   449  10.8 min
episode 718/1013  eps 0.010  train return  +27.55%  loss 4.05e-05  maxQ +0.0173  changes   486  10.8 min
episode 719/1013  eps 0.010  train return  +43.53%  loss 4.08e-05  maxQ +0.0176  changes   492  10.8 min
episode 720/1013  eps 0.010  train return +123.70%  loss 4.60e-05  maxQ +0.0183  changes   485  10.8 min | val return -13.14% (best +15.74%)
episode 721/1013  eps 0.010  train return  +53.80%  loss 4.31e-05  maxQ +0.0174  changes   471  10.8 min
episode 722/1013  eps 0.010  train return  +58.01%  loss 4.40e-05  maxQ +0.0173  changes   482  10.8 min
episode 723/1013  eps 0.010  train return +424.72%  loss 4.92e-05  maxQ +0.0183  changes   466  10.9 min
episode 724/1013  eps 0.010  train return  +21.04%  loss 4.52e-05  maxQ +0.0180  changes   471  10.9 min
episode 725/1013  eps 0.010  train return  +96.52%  loss 4.43e-05  maxQ +0.0180  changes   447  10.9 min
episode 726/1013  eps 0.010  train return  +41.23%  loss 4.42e-05  maxQ +0.0172  changes   481  10.9 min
episode 727/1013  eps 0.010  train return +157.01%  loss 4.76e-05  maxQ +0.0173  changes   468  10.9 min
episode 728/1013  eps 0.010  train return  +24.17%  loss 4.74e-05  maxQ +0.0171  changes   484  10.9 min
episode 729/1013  eps 0.010  train return  +55.80%  loss 4.68e-05  maxQ +0.0177  changes   500  10.9 min
episode 730/1013  eps 0.010  train return  +55.85%  loss 4.60e-05  maxQ +0.0171  changes   472  11.0 min | val return -37.16% (best +15.74%)
episode 731/1013  eps 0.010  train return +167.71%  loss 4.43e-05  maxQ +0.0171  changes   508  11.0 min
episode 732/1013  eps 0.010  train return  +22.71%  loss 4.66e-05  maxQ +0.0175  changes   421  11.0 min
episode 733/1013  eps 0.010  train return  +21.15%  loss 4.50e-05  maxQ +0.0183  changes   469  11.0 min
episode 734/1013  eps 0.010  train return  +33.25%  loss 4.22e-05  maxQ +0.0185  changes   472  11.0 min
episode 735/1013  eps 0.010  train return +148.89%  loss 4.37e-05  maxQ +0.0181  changes   518  11.0 min
episode 736/1013  eps 0.010  train return +150.94%  loss 4.39e-05  maxQ +0.0179  changes   471  11.1 min
episode 737/1013  eps 0.010  train return  +69.47%  loss 4.38e-05  maxQ +0.0181  changes   446  11.1 min
episode 738/1013  eps 0.010  train return +116.54%  loss 4.73e-05  maxQ +0.0185  changes   529  11.1 min
episode 739/1013  eps 0.010  train return  +92.36%  loss 4.38e-05  maxQ +0.0176  changes   487  11.1 min
episode 740/1013  eps 0.010  train return  +24.27%  loss 4.06e-05  maxQ +0.0172  changes   463  11.1 min | val return -27.57% (best +15.74%)
episode 741/1013  eps 0.010  train return  +23.21%  loss 4.13e-05  maxQ +0.0173  changes   487  11.1 min
episode 742/1013  eps 0.010  train return  +22.65%  loss 4.14e-05  maxQ +0.0166  changes   453  11.1 min
episode 743/1013  eps 0.010  train return +190.73%  loss 4.69e-05  maxQ +0.0175  changes   507  11.2 min
episode 744/1013  eps 0.010  train return +124.50%  loss 4.55e-05  maxQ +0.0177  changes   514  11.2 min
episode 745/1013  eps 0.010  train return  +98.73%  loss 4.10e-05  maxQ +0.0184  changes   446  11.2 min
episode 746/1013  eps 0.010  train return  +28.94%  loss 4.54e-05  maxQ +0.0187  changes   432  11.2 min
episode 747/1013  eps 0.010  train return +186.93%  loss 4.35e-05  maxQ +0.0189  changes   481  11.2 min
episode 748/1013  eps 0.010  train return +143.76%  loss 4.27e-05  maxQ +0.0185  changes   487  11.2 min
episode 749/1013  eps 0.010  train return +105.96%  loss 4.46e-05  maxQ +0.0184  changes   521  11.2 min
episode 750/1013  eps 0.010  train return  +72.32%  loss 4.31e-05  maxQ +0.0181  changes   510  11.3 min | val return -16.43% (best +15.74%)
episode 751/1013  eps 0.010  train return  +85.57%  loss 4.56e-05  maxQ +0.0177  changes   439  11.3 min
episode 752/1013  eps 0.010  train return  +75.31%  loss 4.35e-05  maxQ +0.0181  changes   474  11.3 min
episode 753/1013  eps 0.010  train return  +53.00%  loss 4.41e-05  maxQ +0.0179  changes   439  11.3 min
episode 754/1013  eps 0.010  train return  +54.16%  loss 4.42e-05  maxQ +0.0177  changes   498  11.3 min
episode 755/1013  eps 0.010  train return +181.66%  loss 4.39e-05  maxQ +0.0176  changes   505  11.3 min
episode 756/1013  eps 0.010  train return +125.42%  loss 4.52e-05  maxQ +0.0174  changes   526  11.4 min
episode 757/1013  eps 0.010  train return  +21.90%  loss 4.45e-05  maxQ +0.0174  changes   490  11.4 min
episode 758/1013  eps 0.010  train return  +20.59%  loss 4.30e-05  maxQ +0.0176  changes   486  11.4 min
episode 759/1013  eps 0.010  train return  +65.27%  loss 4.40e-05  maxQ +0.0179  changes   486  11.4 min
episode 760/1013  eps 0.010  train return  +89.89%  loss 4.46e-05  maxQ +0.0177  changes   500  11.4 min | val return -17.32% (best +15.74%)
episode 761/1013  eps 0.010  train return  +37.87%  loss 4.39e-05  maxQ +0.0176  changes   441  11.4 min
episode 762/1013  eps 0.010  train return +183.21%  loss 4.24e-05  maxQ +0.0175  changes   497  11.5 min
episode 763/1013  eps 0.010  train return +131.62%  loss 4.27e-05  maxQ +0.0172  changes   520  11.5 min
episode 764/1013  eps 0.010  train return  +62.43%  loss 4.23e-05  maxQ +0.0177  changes   490  11.5 min
episode 765/1013  eps 0.010  train return  +12.96%  loss 3.94e-05  maxQ +0.0169  changes   412  11.5 min
episode 766/1013  eps 0.010  train return  +63.57%  loss 3.92e-05  maxQ +0.0174  changes   453  11.5 min
episode 767/1013  eps 0.010  train return  +88.92%  loss 4.00e-05  maxQ +0.0180  changes   497  11.5 min
episode 768/1013  eps 0.010  train return  +70.84%  loss 4.27e-05  maxQ +0.0179  changes   449  11.5 min
episode 769/1013  eps 0.010  train return  +28.13%  loss 4.16e-05  maxQ +0.0180  changes   421  11.6 min
episode 770/1013  eps 0.010  train return  +54.34%  loss 3.93e-05  maxQ +0.0177  changes   447  11.6 min | val return -8.11% (best +15.74%)
episode 771/1013  eps 0.010  train return +356.97%  loss 4.09e-05  maxQ +0.0176  changes   452  11.6 min
episode 772/1013  eps 0.010  train return  +62.97%  loss 4.29e-05  maxQ +0.0174  changes   450  11.6 min
episode 773/1013  eps 0.010  train return +227.88%  loss 4.17e-05  maxQ +0.0177  changes   474  11.6 min
episode 774/1013  eps 0.010  train return  +50.69%  loss 4.12e-05  maxQ +0.0174  changes   445  11.6 min
episode 775/1013  eps 0.010  train return +128.40%  loss 4.06e-05  maxQ +0.0167  changes   488  11.7 min
episode 776/1013  eps 0.010  train return  +45.75%  loss 4.34e-05  maxQ +0.0171  changes   491  11.7 min
episode 777/1013  eps 0.010  train return +157.66%  loss 4.36e-05  maxQ +0.0173  changes   483  11.7 min
episode 778/1013  eps 0.010  train return  +55.91%  loss 4.21e-05  maxQ +0.0178  changes   501  11.7 min
episode 779/1013  eps 0.010  train return +146.59%  loss 4.17e-05  maxQ +0.0170  changes   516  11.7 min
episode 780/1013  eps 0.010  train return  +64.84%  loss 4.29e-05  maxQ +0.0175  changes   499  11.7 min | val return +4.00% (best +15.74%)
episode 781/1013  eps 0.010  train return +262.41%  loss 4.33e-05  maxQ +0.0171  changes   501  11.7 min
episode 782/1013  eps 0.010  train return  +90.88%  loss 4.50e-05  maxQ +0.0174  changes   493  11.8 min
episode 783/1013  eps 0.010  train return  +15.13%  loss 4.34e-05  maxQ +0.0178  changes   441  11.8 min
episode 784/1013  eps 0.010  train return  +80.01%  loss 4.33e-05  maxQ +0.0178  changes   450  11.8 min
episode 785/1013  eps 0.010  train return +215.47%  loss 4.52e-05  maxQ +0.0173  changes   483  11.8 min
episode 786/1013  eps 0.010  train return +389.72%  loss 4.18e-05  maxQ +0.0175  changes   503  11.8 min
episode 787/1013  eps 0.010  train return  +64.49%  loss 4.30e-05  maxQ +0.0173  changes   476  11.8 min
episode 788/1013  eps 0.010  train return +102.35%  loss 4.49e-05  maxQ +0.0181  changes   500  11.8 min
episode 789/1013  eps 0.010  train return  +43.60%  loss 4.22e-05  maxQ +0.0172  changes   475  11.9 min
episode 790/1013  eps 0.010  train return  +92.85%  loss 4.54e-05  maxQ +0.0170  changes   477  11.9 min | val return -19.02% (best +15.74%)
episode 791/1013  eps 0.010  train return  +50.34%  loss 4.48e-05  maxQ +0.0173  changes   480  11.9 min
episode 792/1013  eps 0.010  train return  +23.01%  loss 4.17e-05  maxQ +0.0169  changes   452  11.9 min
episode 793/1013  eps 0.010  train return +129.89%  loss 4.40e-05  maxQ +0.0170  changes   492  11.9 min
episode 794/1013  eps 0.010  train return  +63.22%  loss 4.48e-05  maxQ +0.0177  changes   436  11.9 min
episode 795/1013  eps 0.010  train return +117.60%  loss 4.18e-05  maxQ +0.0175  changes   501  12.0 min
episode 796/1013  eps 0.010  train return  +48.81%  loss 4.14e-05  maxQ +0.0174  changes   491  12.0 min
episode 797/1013  eps 0.010  train return +264.76%  loss 4.02e-05  maxQ +0.0176  changes   504  12.0 min
episode 798/1013  eps 0.010  train return +219.24%  loss 4.24e-05  maxQ +0.0175  changes   516  12.0 min
episode 799/1013  eps 0.010  train return  +72.28%  loss 4.10e-05  maxQ +0.0170  changes   452  12.0 min
episode 800/1013  eps 0.010  train return  +51.59%  loss 3.66e-05  maxQ +0.0168  changes   485  12.0 min | val return -30.10% (best +15.74%)
episode 801/1013  eps 0.010  train return +129.19%  loss 4.52e-05  maxQ +0.0175  changes   490  12.1 min
episode 802/1013  eps 0.010  train return  +93.35%  loss 4.31e-05  maxQ +0.0171  changes   456  12.1 min
episode 803/1013  eps 0.010  train return  +11.12%  loss 4.21e-05  maxQ +0.0177  changes   419  12.1 min
episode 804/1013  eps 0.010  train return +204.53%  loss 4.16e-05  maxQ +0.0176  changes   484  12.1 min
episode 805/1013  eps 0.010  train return  +19.24%  loss 4.13e-05  maxQ +0.0179  changes   448  12.1 min
episode 806/1013  eps 0.010  train return  +34.06%  loss 4.01e-05  maxQ +0.0175  changes   430  12.1 min
episode 807/1013  eps 0.010  train return  +67.19%  loss 4.06e-05  maxQ +0.0166  changes   467  12.2 min
episode 808/1013  eps 0.010  train return +215.68%  loss 4.05e-05  maxQ +0.0170  changes   488  12.2 min
episode 809/1013  eps 0.010  train return  +53.35%  loss 4.10e-05  maxQ +0.0165  changes   486  12.2 min
episode 810/1013  eps 0.010  train return  +60.03%  loss 4.08e-05  maxQ +0.0178  changes   443  12.2 min | val return -14.14% (best +15.74%)
episode 811/1013  eps 0.010  train return +149.63%  loss 4.15e-05  maxQ +0.0172  changes   446  12.2 min
episode 812/1013  eps 0.010  train return +1000.47%  loss 4.09e-05  maxQ +0.0180  changes   524  12.2 min
episode 813/1013  eps 0.010  train return  +72.13%  loss 4.21e-05  maxQ +0.0177  changes   491  12.3 min
episode 814/1013  eps 0.010  train return +245.51%  loss 4.08e-05  maxQ +0.0178  changes   477  12.3 min
episode 815/1013  eps 0.010  train return  +12.46%  loss 3.85e-05  maxQ +0.0177  changes   431  12.3 min
episode 816/1013  eps 0.010  train return  +33.02%  loss 4.12e-05  maxQ +0.0178  changes   457  12.3 min
episode 817/1013  eps 0.010  train return +209.65%  loss 4.40e-05  maxQ +0.0181  changes   466  12.3 min
episode 818/1013  eps 0.010  train return +151.77%  loss 3.94e-05  maxQ +0.0177  changes   501  12.3 min
episode 819/1013  eps 0.010  train return +104.06%  loss 3.84e-05  maxQ +0.0179  changes   465  12.3 min
episode 820/1013  eps 0.010  train return +179.88%  loss 3.91e-05  maxQ +0.0186  changes   481  12.4 min | val return -25.04% (best +15.74%)
episode 821/1013  eps 0.010  train return  +87.16%  loss 3.95e-05  maxQ +0.0177  changes   447  12.4 min
episode 822/1013  eps 0.010  train return  +11.98%  loss 3.93e-05  maxQ +0.0179  changes   487  12.4 min
episode 823/1013  eps 0.010  train return  +55.52%  loss 3.88e-05  maxQ +0.0174  changes   471  12.4 min
episode 824/1013  eps 0.010  train return   -0.61%  loss 4.08e-05  maxQ +0.0179  changes   412  12.4 min
episode 825/1013  eps 0.010  train return  +73.65%  loss 4.09e-05  maxQ +0.0176  changes   496  12.4 min
episode 826/1013  eps 0.010  train return  +91.18%  loss 3.92e-05  maxQ +0.0174  changes   436  12.5 min
episode 827/1013  eps 0.010  train return  +21.88%  loss 3.97e-05  maxQ +0.0179  changes   455  12.5 min
episode 828/1013  eps 0.010  train return  +29.65%  loss 4.02e-05  maxQ +0.0176  changes   445  12.5 min
episode 829/1013  eps 0.010  train return  +43.75%  loss 3.99e-05  maxQ +0.0180  changes   473  12.5 min
episode 830/1013  eps 0.010  train return  +23.85%  loss 3.88e-05  maxQ +0.0177  changes   408  12.5 min | val return -13.09% (best +15.74%)
episode 831/1013  eps 0.010  train return   +6.30%  loss 3.72e-05  maxQ +0.0176  changes   458  12.5 min
episode 832/1013  eps 0.010  train return  +45.10%  loss 3.91e-05  maxQ +0.0173  changes   476  12.6 min
episode 833/1013  eps 0.010  train return +277.43%  loss 3.87e-05  maxQ +0.0172  changes   482  12.6 min
episode 834/1013  eps 0.010  train return   +8.61%  loss 3.86e-05  maxQ +0.0174  changes   454  12.6 min
episode 835/1013  eps 0.010  train return +203.73%  loss 4.04e-05  maxQ +0.0171  changes   469  12.6 min
episode 836/1013  eps 0.010  train return  +47.65%  loss 4.09e-05  maxQ +0.0170  changes   474  12.6 min
episode 837/1013  eps 0.010  train return  +89.43%  loss 3.92e-05  maxQ +0.0171  changes   463  12.6 min
episode 838/1013  eps 0.010  train return  +19.78%  loss 3.84e-05  maxQ +0.0175  changes   419  12.6 min
episode 839/1013  eps 0.010  train return +501.89%  loss 4.11e-05  maxQ +0.0175  changes   496  12.6 min
episode 840/1013  eps 0.010  train return  +46.11%  loss 3.94e-05  maxQ +0.0181  changes   438  12.7 min | val return -6.07% (best +15.74%)
episode 841/1013  eps 0.010  train return +309.65%  loss 4.15e-05  maxQ +0.0184  changes   488  12.7 min
episode 842/1013  eps 0.010  train return +249.40%  loss 3.97e-05  maxQ +0.0182  changes   472  12.7 min
episode 843/1013  eps 0.010  train return +159.56%  loss 4.12e-05  maxQ +0.0185  changes   484  12.7 min
episode 844/1013  eps 0.010  train return +161.80%  loss 4.12e-05  maxQ +0.0182  changes   477  12.7 min
episode 845/1013  eps 0.010  train return +152.31%  loss 4.34e-05  maxQ +0.0175  changes   499  12.7 min
episode 846/1013  eps 0.010  train return +613.83%  loss 4.39e-05  maxQ +0.0177  changes   483  12.8 min
episode 847/1013  eps 0.010  train return  +47.03%  loss 4.23e-05  maxQ +0.0174  changes   453  12.8 min
episode 848/1013  eps 0.010  train return  +57.84%  loss 4.10e-05  maxQ +0.0174  changes   466  12.8 min
episode 849/1013  eps 0.010  train return  +37.23%  loss 4.24e-05  maxQ +0.0177  changes   440  12.8 min
episode 850/1013  eps 0.010  train return +142.30%  loss 4.16e-05  maxQ +0.0179  changes   495  12.8 min | val return +11.97% (best +15.74%)
episode 851/1013  eps 0.010  train return  +62.34%  loss 4.26e-05  maxQ +0.0181  changes   464  12.8 min
episode 852/1013  eps 0.010  train return  +72.50%  loss 4.15e-05  maxQ +0.0172  changes   469  12.9 min
episode 853/1013  eps 0.010  train return +312.97%  loss 4.02e-05  maxQ +0.0176  changes   479  12.9 min
episode 854/1013  eps 0.010  train return +129.58%  loss 4.05e-05  maxQ +0.0165  changes   488  12.9 min
episode 855/1013  eps 0.010  train return  +38.69%  loss 3.79e-05  maxQ +0.0171  changes   482  12.9 min
episode 856/1013  eps 0.010  train return  +55.97%  loss 3.91e-05  maxQ +0.0164  changes   483  12.9 min
episode 857/1013  eps 0.010  train return +104.02%  loss 3.90e-05  maxQ +0.0174  changes   457  12.9 min
episode 858/1013  eps 0.010  train return  +93.89%  loss 3.96e-05  maxQ +0.0178  changes   470  12.9 min
episode 859/1013  eps 0.010  train return +252.28%  loss 3.83e-05  maxQ +0.0175  changes   480  13.0 min
episode 860/1013  eps 0.010  train return +180.54%  loss 4.03e-05  maxQ +0.0179  changes   495  13.0 min | val return -17.43% (best +15.74%)
episode 861/1013  eps 0.010  train return  +39.91%  loss 3.83e-05  maxQ +0.0174  changes   453  13.0 min
episode 862/1013  eps 0.010  train return +119.69%  loss 3.84e-05  maxQ +0.0177  changes   483  13.0 min
episode 863/1013  eps 0.010  train return +115.44%  loss 4.01e-05  maxQ +0.0182  changes   476  13.0 min
episode 864/1013  eps 0.010  train return +238.47%  loss 3.93e-05  maxQ +0.0185  changes   447  13.0 min
episode 865/1013  eps 0.010  train return +390.66%  loss 4.17e-05  maxQ +0.0185  changes   479  13.1 min
episode 866/1013  eps 0.010  train return  +37.06%  loss 3.84e-05  maxQ +0.0186  changes   467  13.1 min
episode 867/1013  eps 0.010  train return  +22.65%  loss 3.90e-05  maxQ +0.0185  changes   419  13.1 min
episode 868/1013  eps 0.010  train return +180.84%  loss 3.86e-05  maxQ +0.0187  changes   476  13.1 min
episode 869/1013  eps 0.010  train return  +55.70%  loss 3.97e-05  maxQ +0.0181  changes   444  13.1 min
episode 870/1013  eps 0.010  train return +228.80%  loss 4.13e-05  maxQ +0.0180  changes   467  13.1 min | val return -21.11% (best +15.74%)
episode 871/1013  eps 0.010  train return  +46.17%  loss 3.91e-05  maxQ +0.0177  changes   485  13.2 min
episode 872/1013  eps 0.010  train return  +42.31%  loss 3.91e-05  maxQ +0.0176  changes   436  13.2 min
episode 873/1013  eps 0.010  train return  +60.52%  loss 4.12e-05  maxQ +0.0177  changes   439  13.2 min
episode 874/1013  eps 0.010  train return  +23.11%  loss 4.11e-05  maxQ +0.0178  changes   450  13.2 min
episode 875/1013  eps 0.010  train return  +57.58%  loss 3.89e-05  maxQ +0.0172  changes   447  13.2 min
episode 876/1013  eps 0.010  train return  +11.10%  loss 4.08e-05  maxQ +0.0170  changes   456  13.2 min
episode 877/1013  eps 0.010  train return  +67.99%  loss 4.16e-05  maxQ +0.0173  changes   457  13.2 min
episode 878/1013  eps 0.010  train return  +15.99%  loss 3.97e-05  maxQ +0.0173  changes   419  13.3 min
episode 879/1013  eps 0.010  train return +202.57%  loss 3.92e-05  maxQ +0.0170  changes   475  13.3 min
episode 880/1013  eps 0.010  train return  +71.68%  loss 3.98e-05  maxQ +0.0179  changes   448  13.3 min | val return -22.43% (best +15.74%)
episode 881/1013  eps 0.010  train return +140.08%  loss 4.11e-05  maxQ +0.0175  changes   489  13.3 min
episode 882/1013  eps 0.010  train return  +73.93%  loss 4.06e-05  maxQ +0.0178  changes   491  13.3 min
episode 883/1013  eps 0.010  train return +183.40%  loss 3.92e-05  maxQ +0.0173  changes   482  13.3 min
episode 884/1013  eps 0.010  train return  +75.62%  loss 4.37e-05  maxQ +0.0183  changes   474  13.4 min
episode 885/1013  eps 0.010  train return +238.98%  loss 3.91e-05  maxQ +0.0182  changes   487  13.4 min
episode 886/1013  eps 0.010  train return  +87.02%  loss 4.03e-05  maxQ +0.0178  changes   470  13.4 min
episode 887/1013  eps 0.010  train return +259.30%  loss 4.08e-05  maxQ +0.0178  changes   485  13.4 min
episode 888/1013  eps 0.010  train return +144.76%  loss 4.19e-05  maxQ +0.0179  changes   470  13.4 min
episode 889/1013  eps 0.010  train return +167.24%  loss 4.42e-05  maxQ +0.0173  changes   472  13.4 min
episode 890/1013  eps 0.010  train return  +20.53%  loss 4.09e-05  maxQ +0.0167  changes   454  13.4 min | val return -26.88% (best +15.74%)
episode 891/1013  eps 0.010  train return +364.47%  loss 3.85e-05  maxQ +0.0170  changes   461  13.5 min
episode 892/1013  eps 0.010  train return  +74.16%  loss 4.04e-05  maxQ +0.0163  changes   446  13.5 min
episode 893/1013  eps 0.010  train return  +36.99%  loss 3.73e-05  maxQ +0.0165  changes   451  13.5 min
episode 894/1013  eps 0.010  train return  +39.89%  loss 3.92e-05  maxQ +0.0169  changes   438  13.5 min
episode 895/1013  eps 0.010  train return  +95.72%  loss 3.83e-05  maxQ +0.0172  changes   474  13.5 min
episode 896/1013  eps 0.010  train return  +55.58%  loss 3.84e-05  maxQ +0.0173  changes   452  13.5 min
episode 897/1013  eps 0.010  train return  +70.37%  loss 3.96e-05  maxQ +0.0174  changes   477  13.6 min
episode 898/1013  eps 0.010  train return +130.94%  loss 4.08e-05  maxQ +0.0176  changes   478  13.6 min
episode 899/1013  eps 0.010  train return  +63.84%  loss 3.91e-05  maxQ +0.0162  changes   469  13.6 min
episode 900/1013  eps 0.010  train return  +79.27%  loss 4.17e-05  maxQ +0.0169  changes   460  13.6 min | val return -21.74% (best +15.74%)
episode 901/1013  eps 0.010  train return +247.22%  loss 4.13e-05  maxQ +0.0170  changes   511  13.6 min
episode 902/1013  eps 0.010  train return +330.61%  loss 4.32e-05  maxQ +0.0178  changes   478  13.6 min
episode 903/1013  eps 0.010  train return  +28.90%  loss 4.21e-05  maxQ +0.0176  changes   420  13.6 min
episode 904/1013  eps 0.010  train return +203.83%  loss 4.35e-05  maxQ +0.0181  changes   504  13.7 min
episode 905/1013  eps 0.010  train return +227.24%  loss 4.50e-05  maxQ +0.0183  changes   473  13.7 min
episode 906/1013  eps 0.010  train return +195.95%  loss 4.46e-05  maxQ +0.0184  changes   486  13.7 min
episode 907/1013  eps 0.010  train return  +33.11%  loss 4.23e-05  maxQ +0.0183  changes   461  13.7 min
episode 908/1013  eps 0.010  train return  +74.45%  loss 4.32e-05  maxQ +0.0181  changes   485  13.7 min
episode 909/1013  eps 0.010  train return  +85.10%  loss 4.24e-05  maxQ +0.0189  changes   448  13.7 min
episode 910/1013  eps 0.010  train return +472.53%  loss 4.40e-05  maxQ +0.0179  changes   465  13.8 min | val return -20.82% (best +15.74%)
episode 911/1013  eps 0.010  train return  +13.75%  loss 4.06e-05  maxQ +0.0182  changes   434  13.8 min
episode 912/1013  eps 0.010  train return  +66.16%  loss 4.10e-05  maxQ +0.0178  changes   470  13.8 min
episode 913/1013  eps 0.010  train return +127.72%  loss 4.30e-05  maxQ +0.0174  changes   466  13.8 min
episode 914/1013  eps 0.010  train return  +25.10%  loss 4.20e-05  maxQ +0.0177  changes   464  13.8 min
episode 915/1013  eps 0.010  train return +677.95%  loss 4.28e-05  maxQ +0.0177  changes   499  13.8 min
episode 916/1013  eps 0.010  train return +113.91%  loss 4.08e-05  maxQ +0.0171  changes   485  13.8 min
episode 917/1013  eps 0.010  train return  +23.63%  loss 4.24e-05  maxQ +0.0179  changes   407  13.9 min
episode 918/1013  eps 0.010  train return  +70.94%  loss 3.91e-05  maxQ +0.0168  changes   481  13.9 min
episode 919/1013  eps 0.010  train return  +74.89%  loss 3.92e-05  maxQ +0.0175  changes   460  13.9 min
episode 920/1013  eps 0.010  train return  +34.33%  loss 3.82e-05  maxQ +0.0177  changes   470  13.9 min | val return -27.30% (best +15.74%)
episode 921/1013  eps 0.010  train return +159.95%  loss 4.11e-05  maxQ +0.0173  changes   491  13.9 min
episode 922/1013  eps 0.010  train return  +45.36%  loss 4.04e-05  maxQ +0.0176  changes   422  13.9 min
episode 923/1013  eps 0.010  train return  +22.08%  loss 3.95e-05  maxQ +0.0176  changes   412  14.0 min
episode 924/1013  eps 0.010  train return  +87.11%  loss 4.14e-05  maxQ +0.0174  changes   465  14.0 min
episode 925/1013  eps 0.010  train return +524.83%  loss 4.36e-05  maxQ +0.0180  changes   508  14.0 min
episode 926/1013  eps 0.010  train return  +63.22%  loss 4.32e-05  maxQ +0.0175  changes   469  14.0 min
episode 927/1013  eps 0.010  train return  +68.57%  loss 4.24e-05  maxQ +0.0181  changes   479  14.0 min
episode 928/1013  eps 0.010  train return  +98.75%  loss 4.10e-05  maxQ +0.0171  changes   494  14.0 min
episode 929/1013  eps 0.010  train return  +39.28%  loss 4.34e-05  maxQ +0.0174  changes   394  14.0 min
episode 930/1013  eps 0.010  train return +138.40%  loss 4.22e-05  maxQ +0.0174  changes   463  14.1 min | val return -19.90% (best +15.74%)
episode 931/1013  eps 0.010  train return  +60.32%  loss 4.20e-05  maxQ +0.0180  changes   428  14.1 min
episode 932/1013  eps 0.010  train return +212.97%  loss 4.17e-05  maxQ +0.0179  changes   484  14.1 min
episode 933/1013  eps 0.010  train return  +85.86%  loss 3.98e-05  maxQ +0.0175  changes   449  14.1 min
episode 934/1013  eps 0.010  train return  +34.58%  loss 4.24e-05  maxQ +0.0178  changes   447  14.1 min
episode 935/1013  eps 0.010  train return +215.21%  loss 3.93e-05  maxQ +0.0176  changes   486  14.2 min
episode 936/1013  eps 0.010  train return +662.37%  loss 4.21e-05  maxQ +0.0181  changes   491  14.2 min
episode 937/1013  eps 0.010  train return  +62.96%  loss 4.23e-05  maxQ +0.0184  changes   466  14.2 min
episode 938/1013  eps 0.010  train return  +70.30%  loss 4.05e-05  maxQ +0.0183  changes   479  14.2 min
episode 939/1013  eps 0.010  train return +119.11%  loss 3.84e-05  maxQ +0.0184  changes   417  14.2 min
episode 940/1013  eps 0.010  train return  +32.92%  loss 3.71e-05  maxQ +0.0176  changes   468  14.2 min | val return -22.82% (best +15.74%)
episode 941/1013  eps 0.010  train return +318.02%  loss 3.92e-05  maxQ +0.0183  changes   461  14.3 min
episode 942/1013  eps 0.010  train return +244.77%  loss 4.46e-05  maxQ +0.0188  changes   485  14.3 min
episode 943/1013  eps 0.010  train return +107.38%  loss 4.27e-05  maxQ +0.0187  changes   459  14.3 min
episode 944/1013  eps 0.010  train return  +25.58%  loss 4.32e-05  maxQ +0.0191  changes   443  14.3 min
episode 945/1013  eps 0.010  train return  +78.28%  loss 4.26e-05  maxQ +0.0193  changes   480  14.3 min
episode 946/1013  eps 0.010  train return +350.44%  loss 4.19e-05  maxQ +0.0187  changes   471  14.3 min
episode 947/1013  eps 0.010  train return  +35.50%  loss 4.43e-05  maxQ +0.0194  changes   469  14.3 min
episode 948/1013  eps 0.010  train return +106.77%  loss 4.10e-05  maxQ +0.0189  changes   483  14.4 min
episode 949/1013  eps 0.010  train return  +62.52%  loss 4.09e-05  maxQ +0.0186  changes   448  14.4 min
episode 950/1013  eps 0.010  train return +129.16%  loss 4.16e-05  maxQ +0.0181  changes   496  14.4 min | val return -12.72% (best +15.74%)
episode 951/1013  eps 0.010  train return +151.53%  loss 3.95e-05  maxQ +0.0180  changes   489  14.4 min
episode 952/1013  eps 0.010  train return +119.18%  loss 4.10e-05  maxQ +0.0185  changes   473  14.4 min
episode 953/1013  eps 0.010  train return +146.95%  loss 4.46e-05  maxQ +0.0189  changes   478  14.4 min
episode 954/1013  eps 0.010  train return  +52.21%  loss 4.31e-05  maxQ +0.0189  changes   427  14.5 min
episode 955/1013  eps 0.010  train return   +8.21%  loss 3.88e-05  maxQ +0.0188  changes   393  14.5 min
episode 956/1013  eps 0.010  train return  +81.36%  loss 4.01e-05  maxQ +0.0185  changes   478  14.5 min
episode 957/1013  eps 0.010  train return  +76.43%  loss 4.19e-05  maxQ +0.0185  changes   446  14.5 min
episode 958/1013  eps 0.010  train return  +15.54%  loss 3.77e-05  maxQ +0.0180  changes   367  14.5 min
episode 959/1013  eps 0.010  train return  +98.01%  loss 3.91e-05  maxQ +0.0178  changes   491  14.5 min
episode 960/1013  eps 0.010  train return  +80.15%  loss 4.35e-05  maxQ +0.0184  changes   458  14.5 min | val return -25.78% (best +15.74%)
episode 961/1013  eps 0.010  train return +153.39%  loss 4.03e-05  maxQ +0.0191  changes   475  14.6 min
episode 962/1013  eps 0.010  train return  +59.29%  loss 4.38e-05  maxQ +0.0187  changes   431  14.6 min
episode 963/1013  eps 0.010  train return   +1.62%  loss 4.33e-05  maxQ +0.0185  changes   381  14.6 min
episode 964/1013  eps 0.010  train return  +26.93%  loss 4.29e-05  maxQ +0.0186  changes   477  14.6 min
episode 965/1013  eps 0.010  train return  +31.74%  loss 4.26e-05  maxQ +0.0180  changes   427  14.6 min
episode 966/1013  eps 0.010  train return  +33.49%  loss 4.02e-05  maxQ +0.0183  changes   450  14.6 min
episode 967/1013  eps 0.010  train return  +26.91%  loss 4.06e-05  maxQ +0.0180  changes   417  14.7 min
episode 968/1013  eps 0.010  train return +159.40%  loss 3.80e-05  maxQ +0.0177  changes   489  14.7 min
episode 969/1013  eps 0.010  train return  +43.62%  loss 3.74e-05  maxQ +0.0171  changes   420  14.7 min
episode 970/1013  eps 0.010  train return +430.68%  loss 3.86e-05  maxQ +0.0168  changes   519  14.7 min | val return -4.57% (best +15.74%)
episode 971/1013  eps 0.010  train return +273.97%  loss 3.67e-05  maxQ +0.0163  changes   484  14.7 min
episode 972/1013  eps 0.010  train return +174.97%  loss 3.78e-05  maxQ +0.0173  changes   454  14.8 min
episode 973/1013  eps 0.010  train return +119.40%  loss 3.93e-05  maxQ +0.0177  changes   482  14.8 min
episode 974/1013  eps 0.010  train return  +38.50%  loss 4.06e-05  maxQ +0.0181  changes   480  14.8 min
episode 975/1013  eps 0.010  train return +168.52%  loss 3.95e-05  maxQ +0.0172  changes   500  14.8 min
episode 976/1013  eps 0.010  train return +208.61%  loss 4.16e-05  maxQ +0.0176  changes   502  14.8 min
episode 977/1013  eps 0.010  train return +375.51%  loss 4.37e-05  maxQ +0.0171  changes   503  14.8 min
episode 978/1013  eps 0.010  train return +227.92%  loss 4.46e-05  maxQ +0.0175  changes   493  14.8 min
episode 979/1013  eps 0.010  train return +161.96%  loss 4.28e-05  maxQ +0.0172  changes   491  14.9 min
episode 980/1013  eps 0.010  train return  +48.10%  loss 4.22e-05  maxQ +0.0179  changes   451  14.9 min | val return -17.53% (best +15.74%)
episode 981/1013  eps 0.010  train return +142.14%  loss 4.49e-05  maxQ +0.0176  changes   484  14.9 min
episode 982/1013  eps 0.010  train return  +20.40%  loss 4.04e-05  maxQ +0.0180  changes   424  14.9 min
episode 983/1013  eps 0.010  train return  +71.27%  loss 4.50e-05  maxQ +0.0177  changes   488  14.9 min
episode 984/1013  eps 0.010  train return +305.86%  loss 4.36e-05  maxQ +0.0182  changes   491  15.0 min
episode 985/1013  eps 0.010  train return  +23.29%  loss 4.51e-05  maxQ +0.0187  changes   420  15.0 min
episode 986/1013  eps 0.010  train return  +71.13%  loss 4.26e-05  maxQ +0.0181  changes   494  15.0 min
episode 987/1013  eps 0.010  train return  +40.56%  loss 4.23e-05  maxQ +0.0185  changes   474  15.0 min
episode 988/1013  eps 0.010  train return +311.59%  loss 4.21e-05  maxQ +0.0196  changes   491  15.0 min
episode 989/1013  eps 0.010  train return  +45.71%  loss 4.36e-05  maxQ +0.0188  changes   462  15.0 min
episode 990/1013  eps 0.010  train return  +94.86%  loss 4.35e-05  maxQ +0.0188  changes   525  15.0 min | val return -8.68% (best +15.74%)
episode 991/1013  eps 0.010  train return  +24.30%  loss 4.08e-05  maxQ +0.0185  changes   446  15.1 min
episode 992/1013  eps 0.010  train return +219.49%  loss 3.95e-05  maxQ +0.0180  changes   523  15.1 min
episode 993/1013  eps 0.010  train return  +50.61%  loss 4.13e-05  maxQ +0.0180  changes   466  15.1 min
episode 994/1013  eps 0.010  train return +114.55%  loss 3.91e-05  maxQ +0.0177  changes   501  15.1 min
episode 995/1013  eps 0.010  train return  +70.06%  loss 4.13e-05  maxQ +0.0176  changes   456  15.1 min
episode 996/1013  eps 0.010  train return +282.08%  loss 4.38e-05  maxQ +0.0188  changes   511  15.1 min
episode 997/1013  eps 0.010  train return  +17.98%  loss 4.31e-05  maxQ +0.0181  changes   486  15.2 min
episode 998/1013  eps 0.010  train return +258.43%  loss 4.08e-05  maxQ +0.0182  changes   469  15.2 min
episode 999/1013  eps 0.010  train return +185.04%  loss 4.42e-05  maxQ +0.0187  changes   515  15.2 min
episode 1000/1013  eps 0.010  train return  +35.87%  loss 4.36e-05  maxQ +0.0184  changes   476  15.2 min | val return -3.08% (best +15.74%)
episode 1001/1013  eps 0.010  train return  +76.63%  loss 4.13e-05  maxQ +0.0181  changes   461  15.2 min
episode 1002/1013  eps 0.010  train return +180.68%  loss 4.08e-05  maxQ +0.0174  changes   510  15.2 min
episode 1003/1013  eps 0.010  train return +150.16%  loss 4.35e-05  maxQ +0.0184  changes   523  15.3 min
episode 1004/1013  eps 0.010  train return  +37.20%  loss 4.26e-05  maxQ +0.0192  changes   449  15.3 min
episode 1005/1013  eps 0.010  train return +103.66%  loss 4.33e-05  maxQ +0.0187  changes   490  15.3 min
episode 1006/1013  eps 0.010  train return +179.21%  loss 4.31e-05  maxQ +0.0198  changes   476  15.3 min
episode 1007/1013  eps 0.010  train return  +29.37%  loss 4.17e-05  maxQ +0.0188  changes   439  15.3 min
episode 1008/1013  eps 0.010  train return  +89.90%  loss 4.10e-05  maxQ +0.0190  changes   504  15.3 min
episode 1009/1013  eps 0.010  train return +229.81%  loss 4.23e-05  maxQ +0.0186  changes   504  15.3 min
episode 1010/1013  eps 0.010  train return  +62.41%  loss 4.53e-05  maxQ +0.0199  changes   487  15.3 min | val return -17.71% (best +15.74%)
episode 1011/1013  eps 0.010  train return  +65.92%  loss 4.23e-05  maxQ +0.0192  changes   470  15.4 min
episode 1012/1013  eps 0.010  train return +164.27%  loss 4.42e-05  maxQ +0.0195  changes   499  15.4 min
episode 1013/1013  eps 0.010  train return  +39.28%  loss 4.37e-05  maxQ +0.0189  changes   495  15.4 min | val return -8.07% (best +15.74%)
model    env  portfolio_return  excess_return  n_changes
 last    val         -0.080682      -0.038064      821.9
 last val_w1         -0.016264       0.010652      465.9
 last val_w2         -0.066717      -0.051283      369.9
 best    val          0.156639       0.199257      900.7
 best val_w1          0.056575       0.083490      508.7
 best val_w2          0.112130       0.127564      408.1
