Downloaded data: 30,528 candles, 2023-03-25 00:00:00+00:00 to 2026-09-16 23:00:00+00:00; no missing hours
dev_train: 28,152 candles, 2023-04-01 00:00:00+00:00 to 2026-06-16 23:00:00+00:00; no missing hours
val: 1,464 candles, 2026-06-17 00:00:00+00:00 to 2026-08-16 23:00:00+00:00; no missing hours
eval: 744 candles, 2026-08-17 00:00:00+00:00 to 2026-09-16 23:00:00+00:00; no missing hours
episode   1/1013  eps 1.000  train return   -5.06%  loss 3.90e-03  maxQ +0.3103  changes   593  0.0 min
episode   2/1013  eps 0.991  train return   +8.15%  loss 2.42e-03  maxQ +0.3309  changes   568  0.0 min
episode   3/1013  eps 0.982  train return   -3.09%  loss 2.86e-03  maxQ +0.3362  changes   577  0.0 min
episode   4/1013  eps 0.973  train return  -28.68%  loss 1.79e-03  maxQ +0.3263  changes   588  0.0 min
episode   5/1013  eps 0.964  train return  -15.56%  loss 1.21e-03  maxQ +0.3023  changes   579  0.1 min
episode   6/1013  eps 0.955  train return   +5.34%  loss 8.12e-04  maxQ +0.2735  changes   579  0.1 min
episode   7/1013  eps 0.947  train return  -25.32%  loss 5.77e-04  maxQ +0.2538  changes   576  0.1 min
episode   8/1013  eps 0.938  train return   -6.12%  loss 4.84e-04  maxQ +0.2360  changes   583  0.1 min
episode   9/1013  eps 0.929  train return  -15.57%  loss 4.93e-04  maxQ +0.2121  changes   577  0.1 min
episode  10/1013  eps 0.921  train return  -25.55%  loss 4.41e-04  maxQ +0.1996  changes   566  0.1 min | val return -7.87% (best -7.87%)
episode  11/1013  eps 0.913  train return   +0.61%  loss 3.53e-04  maxQ +0.1831  changes   580  0.1 min
episode  12/1013  eps 0.904  train return  -11.82%  loss 3.37e-04  maxQ +0.1674  changes   559  0.1 min
episode  13/1013  eps 0.896  train return  -23.80%  loss 2.80e-04  maxQ +0.1573  changes   590  0.2 min
episode  14/1013  eps 0.888  train return   -2.63%  loss 2.45e-04  maxQ +0.1458  changes   581  0.2 min
episode  15/1013  eps 0.880  train return  -20.76%  loss 2.36e-04  maxQ +0.1405  changes   574  0.2 min
episode  16/1013  eps 0.872  train return  -17.85%  loss 1.96e-04  maxQ +0.1275  changes   584  0.2 min
episode  17/1013  eps 0.864  train return   -5.24%  loss 1.79e-04  maxQ +0.1193  changes   584  0.2 min
episode  18/1013  eps 0.856  train return   -3.28%  loss 1.76e-04  maxQ +0.1122  changes   587  0.2 min
episode  19/1013  eps 0.848  train return   -6.22%  loss 1.65e-04  maxQ +0.1038  changes   566  0.2 min
episode  20/1013  eps 0.841  train return  -15.70%  loss 1.51e-04  maxQ +0.0971  changes   597  0.2 min | val return -20.38% (best -7.87%)
episode  21/1013  eps 0.833  train return  -24.78%  loss 1.51e-04  maxQ +0.0964  changes   578  0.3 min
episode  22/1013  eps 0.825  train return   -4.97%  loss 1.46e-04  maxQ +0.0936  changes   568  0.3 min
episode  23/1013  eps 0.818  train return  -27.38%  loss 1.59e-04  maxQ +0.0884  changes   567  0.3 min
episode  24/1013  eps 0.810  train return  -21.13%  loss 1.42e-04  maxQ +0.0868  changes   586  0.3 min
episode  25/1013  eps 0.803  train return   +0.58%  loss 1.19e-04  maxQ +0.0836  changes   572  0.3 min
episode  26/1013  eps 0.796  train return  +30.12%  loss 1.24e-04  maxQ +0.0793  changes   576  0.3 min
episode  27/1013  eps 0.788  train return   +7.22%  loss 1.16e-04  maxQ +0.0765  changes   590  0.3 min
episode  28/1013  eps 0.781  train return   -7.57%  loss 1.08e-04  maxQ +0.0717  changes   571  0.3 min
episode  29/1013  eps 0.774  train return  -12.12%  loss 1.13e-04  maxQ +0.0735  changes   581  0.3 min
episode  30/1013  eps 0.767  train return  -19.30%  loss 1.49e-04  maxQ +0.0743  changes   574  0.4 min | val return -14.09% (best -7.87%)
episode  31/1013  eps 0.760  train return   +2.83%  loss 9.68e-05  maxQ +0.0695  changes   562  0.4 min
episode  32/1013  eps 0.753  train return  -23.15%  loss 8.44e-05  maxQ +0.0699  changes   570  0.4 min
episode  33/1013  eps 0.746  train return   +2.12%  loss 9.10e-05  maxQ +0.0671  changes   564  0.4 min
episode  34/1013  eps 0.740  train return   -9.44%  loss 8.22e-05  maxQ +0.0652  changes   570  0.4 min
episode  35/1013  eps 0.733  train return  +28.42%  loss 7.83e-05  maxQ +0.0644  changes   567  0.4 min
episode  36/1013  eps 0.726  train return  -16.45%  loss 8.84e-05  maxQ +0.0631  changes   574  0.4 min
episode  37/1013  eps 0.720  train return  -14.95%  loss 7.81e-05  maxQ +0.0589  changes   568  0.4 min
episode  38/1013  eps 0.713  train return   -9.33%  loss 6.91e-05  maxQ +0.0575  changes   573  0.5 min
episode  39/1013  eps 0.707  train return  -10.99%  loss 7.69e-05  maxQ +0.0562  changes   556  0.5 min
episode  40/1013  eps 0.700  train return  +21.65%  loss 8.37e-05  maxQ +0.0553  changes   588  0.5 min | val return -13.57% (best -7.87%)
episode  41/1013  eps 0.694  train return   +9.36%  loss 7.62e-05  maxQ +0.0542  changes   578  0.5 min
episode  42/1013  eps 0.687  train return   -5.33%  loss 8.71e-05  maxQ +0.0536  changes   575  0.5 min
episode  43/1013  eps 0.681  train return  -11.32%  loss 9.11e-05  maxQ +0.0535  changes   561  0.5 min
episode  44/1013  eps 0.675  train return   +7.57%  loss 7.77e-05  maxQ +0.0566  changes   564  0.5 min
episode  45/1013  eps 0.669  train return   -5.63%  loss 7.74e-05  maxQ +0.0516  changes   558  0.5 min
episode  46/1013  eps 0.663  train return   -8.38%  loss 6.36e-05  maxQ +0.0461  changes   574  0.5 min
episode  47/1013  eps 0.657  train return   -2.76%  loss 6.46e-05  maxQ +0.0436  changes   556  0.6 min
episode  48/1013  eps 0.651  train return  +14.13%  loss 6.42e-05  maxQ +0.0463  changes   575  0.6 min
episode  49/1013  eps 0.645  train return  -18.25%  loss 6.70e-05  maxQ +0.0448  changes   564  0.6 min
episode  50/1013  eps 0.639  train return  -12.67%  loss 6.44e-05  maxQ +0.0463  changes   586  0.6 min | val return -33.02% (best -7.87%)
episode  51/1013  eps 0.633  train return  -17.87%  loss 6.92e-05  maxQ +0.0474  changes   560  0.6 min
episode  52/1013  eps 0.627  train return   -2.39%  loss 6.67e-05  maxQ +0.0460  changes   565  0.6 min
episode  53/1013  eps 0.622  train return   -2.68%  loss 5.67e-05  maxQ +0.0426  changes   540  0.6 min
episode  54/1013  eps 0.616  train return   +8.45%  loss 6.32e-05  maxQ +0.0439  changes   578  0.6 min
episode  55/1013  eps 0.610  train return   -2.74%  loss 6.21e-05  maxQ +0.0429  changes   536  0.7 min
episode  56/1013  eps 0.605  train return  -20.04%  loss 5.78e-05  maxQ +0.0432  changes   567  0.7 min
episode  57/1013  eps 0.599  train return   -1.37%  loss 5.31e-05  maxQ +0.0412  changes   547  0.7 min
episode  58/1013  eps 0.594  train return  -11.74%  loss 5.94e-05  maxQ +0.0414  changes   579  0.7 min
episode  59/1013  eps 0.588  train return  -27.82%  loss 7.89e-05  maxQ +0.0419  changes   558  0.7 min
episode  60/1013  eps 0.583  train return  +18.96%  loss 6.20e-05  maxQ +0.0425  changes   546  0.7 min | val return -19.03% (best -7.87%)
episode  61/1013  eps 0.578  train return  +15.11%  loss 5.82e-05  maxQ +0.0424  changes   540  0.7 min
episode  62/1013  eps 0.573  train return  -26.85%  loss 5.69e-05  maxQ +0.0396  changes   548  0.7 min
episode  63/1013  eps 0.567  train return   -0.75%  loss 6.96e-05  maxQ +0.0396  changes   548  0.7 min
episode  64/1013  eps 0.562  train return  +10.65%  loss 5.42e-05  maxQ +0.0381  changes   542  0.8 min
episode  65/1013  eps 0.557  train return   +0.35%  loss 5.26e-05  maxQ +0.0350  changes   547  0.8 min
episode  66/1013  eps 0.552  train return  +36.46%  loss 5.49e-05  maxQ +0.0387  changes   551  0.8 min
episode  67/1013  eps 0.547  train return  -12.05%  loss 5.15e-05  maxQ +0.0345  changes   556  0.8 min
episode  68/1013  eps 0.542  train return   -1.80%  loss 4.59e-05  maxQ +0.0370  changes   530  0.8 min
episode  69/1013  eps 0.537  train return  +14.96%  loss 4.91e-05  maxQ +0.0371  changes   559  0.8 min
episode  70/1013  eps 0.532  train return   -9.14%  loss 5.00e-05  maxQ +0.0355  changes   557  0.8 min | val return -19.08% (best -7.87%)
episode  71/1013  eps 0.527  train return  -12.08%  loss 4.69e-05  maxQ +0.0321  changes   541  0.8 min
episode  72/1013  eps 0.523  train return   +2.10%  loss 4.77e-05  maxQ +0.0323  changes   535  0.9 min
episode  73/1013  eps 0.518  train return   -9.83%  loss 4.82e-05  maxQ +0.0319  changes   542  0.9 min
episode  74/1013  eps 0.513  train return  -29.57%  loss 4.58e-05  maxQ +0.0313  changes   535  0.9 min
episode  75/1013  eps 0.508  train return   -5.93%  loss 4.12e-05  maxQ +0.0302  changes   565  0.9 min
episode  76/1013  eps 0.504  train return   -8.41%  loss 4.14e-05  maxQ +0.0290  changes   540  0.9 min
episode  77/1013  eps 0.499  train return  -18.44%  loss 4.52e-05  maxQ +0.0301  changes   539  0.9 min
episode  78/1013  eps 0.495  train return   -1.16%  loss 4.42e-05  maxQ +0.0282  changes   559  0.9 min
episode  79/1013  eps 0.490  train return  -14.02%  loss 4.24e-05  maxQ +0.0288  changes   548  0.9 min
episode  80/1013  eps 0.486  train return  +30.16%  loss 4.50e-05  maxQ +0.0288  changes   556  0.9 min | val return -6.60% (best -6.60%)
episode  81/1013  eps 0.481  train return   -0.65%  loss 3.65e-05  maxQ +0.0260  changes   531  1.0 min
episode  82/1013  eps 0.477  train return  -10.57%  loss 3.86e-05  maxQ +0.0272  changes   553  1.0 min
episode  83/1013  eps 0.473  train return   -2.78%  loss 3.91e-05  maxQ +0.0263  changes   535  1.0 min
episode  84/1013  eps 0.468  train return   +1.51%  loss 4.91e-05  maxQ +0.0288  changes   507  1.0 min
episode  85/1013  eps 0.464  train return   -0.46%  loss 3.77e-05  maxQ +0.0275  changes   507  1.0 min
episode  86/1013  eps 0.460  train return   -4.39%  loss 3.60e-05  maxQ +0.0271  changes   546  1.0 min
episode  87/1013  eps 0.456  train return   +3.54%  loss 3.99e-05  maxQ +0.0241  changes   559  1.0 min
episode  88/1013  eps 0.451  train return  -13.85%  loss 4.16e-05  maxQ +0.0270  changes   531  1.0 min
episode  89/1013  eps 0.447  train return   +3.92%  loss 4.04e-05  maxQ +0.0263  changes   538  1.0 min
episode  90/1013  eps 0.443  train return  +16.12%  loss 4.34e-05  maxQ +0.0283  changes   566  1.1 min | val return -37.70% (best -6.60%)
episode  91/1013  eps 0.439  train return   +6.40%  loss 4.07e-05  maxQ +0.0262  changes   522  1.1 min
episode  92/1013  eps 0.435  train return   +3.13%  loss 4.03e-05  maxQ +0.0241  changes   534  1.1 min
episode  93/1013  eps 0.431  train return   +2.89%  loss 3.68e-05  maxQ +0.0240  changes   524  1.1 min
episode  94/1013  eps 0.427  train return  +39.52%  loss 4.05e-05  maxQ +0.0229  changes   541  1.1 min
episode  95/1013  eps 0.423  train return  -10.80%  loss 3.82e-05  maxQ +0.0234  changes   519  1.1 min
episode  96/1013  eps 0.420  train return   -5.09%  loss 3.83e-05  maxQ +0.0238  changes   497  1.1 min
episode  97/1013  eps 0.416  train return   -9.00%  loss 4.07e-05  maxQ +0.0230  changes   491  1.1 min
episode  98/1013  eps 0.412  train return  +43.25%  loss 4.46e-05  maxQ +0.0231  changes   540  1.1 min
episode  99/1013  eps 0.408  train return  -18.40%  loss 4.04e-05  maxQ +0.0236  changes   515  1.2 min
episode 100/1013  eps 0.405  train return  +28.89%  loss 3.68e-05  maxQ +0.0231  changes   549  1.2 min | val return -21.52% (best -6.60%)
episode 101/1013  eps 0.401  train return  +36.13%  loss 3.80e-05  maxQ +0.0232  changes   525  1.2 min
episode 102/1013  eps 0.397  train return   -8.14%  loss 3.73e-05  maxQ +0.0220  changes   508  1.2 min
episode 103/1013  eps 0.394  train return  -26.72%  loss 3.57e-05  maxQ +0.0226  changes   502  1.2 min
episode 104/1013  eps 0.390  train return   -2.03%  loss 3.98e-05  maxQ +0.0231  changes   520  1.2 min
episode 105/1013  eps 0.386  train return   -7.69%  loss 4.11e-05  maxQ +0.0230  changes   512  1.2 min
episode 106/1013  eps 0.383  train return  +34.38%  loss 3.52e-05  maxQ +0.0222  changes   524  1.2 min
episode 107/1013  eps 0.379  train return  +12.41%  loss 4.18e-05  maxQ +0.0231  changes   540  1.3 min
episode 108/1013  eps 0.376  train return  +12.58%  loss 4.36e-05  maxQ +0.0226  changes   528  1.3 min
episode 109/1013  eps 0.373  train return   -8.26%  loss 3.92e-05  maxQ +0.0232  changes   525  1.3 min
episode 110/1013  eps 0.369  train return  +10.13%  loss 3.79e-05  maxQ +0.0214  changes   544  1.3 min | val return -21.83% (best -6.60%)
episode 111/1013  eps 0.366  train return   -1.27%  loss 4.07e-05  maxQ +0.0209  changes   549  1.3 min
episode 112/1013  eps 0.363  train return  -12.73%  loss 3.81e-05  maxQ +0.0210  changes   523  1.3 min
episode 113/1013  eps 0.359  train return  +29.16%  loss 4.02e-05  maxQ +0.0226  changes   536  1.3 min
episode 114/1013  eps 0.356  train return  -26.00%  loss 3.99e-05  maxQ +0.0238  changes   520  1.3 min
episode 115/1013  eps 0.353  train return  +56.16%  loss 4.07e-05  maxQ +0.0231  changes   519  1.4 min
episode 116/1013  eps 0.349  train return  -16.45%  loss 3.71e-05  maxQ +0.0230  changes   506  1.4 min
episode 117/1013  eps 0.346  train return  -25.50%  loss 3.71e-05  maxQ +0.0211  changes   526  1.4 min
episode 118/1013  eps 0.343  train return   -5.55%  loss 3.77e-05  maxQ +0.0204  changes   511  1.4 min
episode 119/1013  eps 0.340  train return   -2.65%  loss 3.60e-05  maxQ +0.0199  changes   514  1.4 min
episode 120/1013  eps 0.337  train return  +41.37%  loss 3.65e-05  maxQ +0.0193  changes   509  1.4 min | val return -12.08% (best -6.60%)
episode 121/1013  eps 0.334  train return  -19.37%  loss 3.56e-05  maxQ +0.0200  changes   502  1.4 min
episode 122/1013  eps 0.331  train return  +18.84%  loss 4.02e-05  maxQ +0.0206  changes   503  1.4 min
episode 123/1013  eps 0.328  train return   -4.42%  loss 4.04e-05  maxQ +0.0190  changes   523  1.4 min
episode 124/1013  eps 0.325  train return   +4.46%  loss 3.88e-05  maxQ +0.0180  changes   503  1.5 min
episode 125/1013  eps 0.322  train return   +6.95%  loss 3.79e-05  maxQ +0.0179  changes   495  1.5 min
episode 126/1013  eps 0.319  train return   -2.40%  loss 4.08e-05  maxQ +0.0189  changes   483  1.5 min
episode 127/1013  eps 0.316  train return   -4.59%  loss 3.99e-05  maxQ +0.0177  changes   519  1.5 min
episode 128/1013  eps 0.313  train return  +22.58%  loss 4.31e-05  maxQ +0.0193  changes   511  1.5 min
episode 129/1013  eps 0.310  train return   -3.83%  loss 4.48e-05  maxQ +0.0183  changes   523  1.5 min
episode 130/1013  eps 0.308  train return  +14.58%  loss 4.21e-05  maxQ +0.0173  changes   503  1.5 min | val return +5.57% (best +5.57%)
episode 131/1013  eps 0.305  train return  +16.55%  loss 3.96e-05  maxQ +0.0174  changes   527  1.5 min
episode 132/1013  eps 0.302  train return  +36.74%  loss 4.04e-05  maxQ +0.0194  changes   482  1.6 min
episode 133/1013  eps 0.299  train return  -23.96%  loss 4.04e-05  maxQ +0.0196  changes   487  1.6 min
episode 134/1013  eps 0.296  train return  -13.66%  loss 3.81e-05  maxQ +0.0203  changes   484  1.6 min
episode 135/1013  eps 0.294  train return  +50.24%  loss 4.15e-05  maxQ +0.0197  changes   528  1.6 min
episode 136/1013  eps 0.291  train return  +24.80%  loss 4.27e-05  maxQ +0.0191  changes   500  1.6 min
episode 137/1013  eps 0.288  train return  +33.15%  loss 4.14e-05  maxQ +0.0185  changes   522  1.6 min
episode 138/1013  eps 0.286  train return  +56.61%  loss 4.04e-05  maxQ +0.0198  changes   524  1.6 min
episode 139/1013  eps 0.283  train return   +3.98%  loss 4.15e-05  maxQ +0.0185  changes   504  1.6 min
episode 140/1013  eps 0.281  train return   -7.74%  loss 4.19e-05  maxQ +0.0174  changes   512  1.6 min | val return -11.05% (best +5.57%)
episode 141/1013  eps 0.278  train return  -17.17%  loss 4.12e-05  maxQ +0.0174  changes   509  1.7 min
episode 142/1013  eps 0.276  train return  +21.51%  loss 4.11e-05  maxQ +0.0170  changes   523  1.7 min
episode 143/1013  eps 0.273  train return  +13.25%  loss 4.19e-05  maxQ +0.0167  changes   485  1.7 min
episode 144/1013  eps 0.271  train return   +4.26%  loss 4.25e-05  maxQ +0.0177  changes   502  1.7 min
episode 145/1013  eps 0.268  train return   +2.50%  loss 4.41e-05  maxQ +0.0181  changes   485  1.7 min
episode 146/1013  eps 0.266  train return   +6.19%  loss 4.28e-05  maxQ +0.0180  changes   467  1.7 min
episode 147/1013  eps 0.263  train return  +33.70%  loss 3.81e-05  maxQ +0.0172  changes   498  1.7 min
episode 148/1013  eps 0.261  train return   +3.45%  loss 4.18e-05  maxQ +0.0188  changes   478  1.7 min
episode 149/1013  eps 0.258  train return  +19.48%  loss 4.40e-05  maxQ +0.0176  changes   526  1.8 min
episode 150/1013  eps 0.256  train return  -10.08%  loss 4.86e-05  maxQ +0.0196  changes   420  1.8 min | val return -10.96% (best +5.57%)
episode 151/1013  eps 0.254  train return  -11.04%  loss 4.67e-05  maxQ +0.0182  changes   504  1.8 min
episode 152/1013  eps 0.251  train return   +1.83%  loss 4.24e-05  maxQ +0.0181  changes   493  1.8 min
episode 153/1013  eps 0.249  train return   +0.38%  loss 4.09e-05  maxQ +0.0175  changes   518  1.8 min
episode 154/1013  eps 0.247  train return  +52.92%  loss 4.26e-05  maxQ +0.0171  changes   524  1.8 min
episode 155/1013  eps 0.245  train return  +41.92%  loss 4.22e-05  maxQ +0.0168  changes   471  1.8 min
episode 156/1013  eps 0.242  train return  +42.97%  loss 4.29e-05  maxQ +0.0170  changes   498  1.9 min
episode 157/1013  eps 0.240  train return  +32.83%  loss 4.22e-05  maxQ +0.0168  changes   476  1.9 min
episode 158/1013  eps 0.238  train return  +21.07%  loss 4.34e-05  maxQ +0.0166  changes   480  1.9 min
episode 159/1013  eps 0.236  train return  +23.21%  loss 4.17e-05  maxQ +0.0179  changes   467  1.9 min
episode 160/1013  eps 0.234  train return  -17.69%  loss 4.10e-05  maxQ +0.0171  changes   452  1.9 min | val return -3.63% (best +5.57%)
episode 161/1013  eps 0.232  train return  +59.56%  loss 4.49e-05  maxQ +0.0175  changes   502  1.9 min
episode 162/1013  eps 0.230  train return  +10.66%  loss 4.63e-05  maxQ +0.0177  changes   502  2.0 min
episode 163/1013  eps 0.227  train return  +31.52%  loss 4.45e-05  maxQ +0.0185  changes   511  2.0 min
episode 164/1013  eps 0.225  train return  +10.48%  loss 4.68e-05  maxQ +0.0178  changes   496  2.0 min
episode 165/1013  eps 0.223  train return   -5.27%  loss 4.72e-05  maxQ +0.0174  changes   516  2.0 min
episode 166/1013  eps 0.221  train return  +92.53%  loss 4.52e-05  maxQ +0.0172  changes   520  2.0 min
episode 167/1013  eps 0.219  train return  +33.49%  loss 4.30e-05  maxQ +0.0164  changes   500  2.0 min
episode 168/1013  eps 0.217  train return  +14.96%  loss 4.55e-05  maxQ +0.0174  changes   503  2.0 min
episode 169/1013  eps 0.215  train return  +41.57%  loss 4.25e-05  maxQ +0.0164  changes   501  2.1 min
episode 170/1013  eps 0.213  train return  +51.57%  loss 4.05e-05  maxQ +0.0178  changes   482  2.1 min | val return -10.98% (best +5.57%)
episode 171/1013  eps 0.211  train return +100.00%  loss 4.79e-05  maxQ +0.0189  changes   491  2.1 min
episode 172/1013  eps 0.209  train return   +4.03%  loss 4.84e-05  maxQ +0.0183  changes   441  2.1 min
episode 173/1013  eps 0.208  train return   -5.66%  loss 4.66e-05  maxQ +0.0187  changes   469  2.1 min
episode 174/1013  eps 0.206  train return  +19.63%  loss 4.73e-05  maxQ +0.0182  changes   512  2.1 min
episode 175/1013  eps 0.204  train return  +73.76%  loss 4.80e-05  maxQ +0.0184  changes   464  2.2 min
episode 176/1013  eps 0.202  train return   -0.72%  loss 4.78e-05  maxQ +0.0183  changes   493  2.2 min
episode 177/1013  eps 0.200  train return  +71.57%  loss 4.78e-05  maxQ +0.0174  changes   493  2.2 min
episode 178/1013  eps 0.198  train return   +1.37%  loss 4.36e-05  maxQ +0.0171  changes   459  2.2 min
episode 179/1013  eps 0.196  train return  +44.12%  loss 4.49e-05  maxQ +0.0172  changes   499  2.2 min
episode 180/1013  eps 0.195  train return +172.02%  loss 4.66e-05  maxQ +0.0169  changes   481  2.2 min | val return -30.69% (best +5.57%)
episode 181/1013  eps 0.193  train return  +15.33%  loss 5.00e-05  maxQ +0.0172  changes   478  2.2 min
episode 182/1013  eps 0.191  train return   +8.06%  loss 4.92e-05  maxQ +0.0176  changes   464  2.3 min
episode 183/1013  eps 0.189  train return   -1.33%  loss 4.38e-05  maxQ +0.0171  changes   460  2.3 min
episode 184/1013  eps 0.188  train return  +85.45%  loss 4.54e-05  maxQ +0.0173  changes   518  2.3 min
episode 185/1013  eps 0.186  train return   +8.08%  loss 4.66e-05  maxQ +0.0170  changes   474  2.3 min
episode 186/1013  eps 0.184  train return  +59.38%  loss 4.41e-05  maxQ +0.0170  changes   445  2.3 min
episode 187/1013  eps 0.183  train return   +1.68%  loss 4.79e-05  maxQ +0.0182  changes   454  2.3 min
episode 188/1013  eps 0.181  train return  -19.74%  loss 4.45e-05  maxQ +0.0179  changes   461  2.3 min
episode 189/1013  eps 0.179  train return   -2.91%  loss 4.59e-05  maxQ +0.0177  changes   452  2.4 min
episode 190/1013  eps 0.178  train return   +8.25%  loss 4.34e-05  maxQ +0.0174  changes   470  2.4 min | val return -8.45% (best +5.57%)
episode 191/1013  eps 0.176  train return   +8.18%  loss 4.36e-05  maxQ +0.0175  changes   460  2.4 min
episode 192/1013  eps 0.174  train return  +11.88%  loss 4.31e-05  maxQ +0.0170  changes   455  2.4 min
episode 193/1013  eps 0.173  train return   +5.46%  loss 4.31e-05  maxQ +0.0164  changes   463  2.4 min
episode 194/1013  eps 0.171  train return  -11.63%  loss 4.26e-05  maxQ +0.0167  changes   473  2.4 min
episode 195/1013  eps 0.170  train return   +8.48%  loss 4.33e-05  maxQ +0.0173  changes   438  2.4 min
episode 196/1013  eps 0.168  train return  +71.94%  loss 4.72e-05  maxQ +0.0192  changes   494  2.5 min
episode 197/1013  eps 0.167  train return  +85.03%  loss 5.09e-05  maxQ +0.0190  changes   497  2.5 min
episode 198/1013  eps 0.165  train return   +9.33%  loss 4.40e-05  maxQ +0.0188  changes   489  2.5 min
episode 199/1013  eps 0.164  train return   +8.73%  loss 4.65e-05  maxQ +0.0191  changes   433  2.5 min
episode 200/1013  eps 0.162  train return   -6.17%  loss 4.55e-05  maxQ +0.0194  changes   479  2.5 min | val return -3.46% (best +5.57%)
episode 201/1013  eps 0.161  train return  +33.97%  loss 4.17e-05  maxQ +0.0185  changes   493  2.5 min
episode 202/1013  eps 0.159  train return  +86.06%  loss 4.27e-05  maxQ +0.0168  changes   466  2.6 min
episode 203/1013  eps 0.158  train return  +28.89%  loss 4.55e-05  maxQ +0.0172  changes   511  2.6 min
episode 204/1013  eps 0.156  train return  +21.76%  loss 4.63e-05  maxQ +0.0177  changes   482  2.6 min
episode 205/1013  eps 0.155  train return +151.04%  loss 4.37e-05  maxQ +0.0172  changes   485  2.6 min
episode 206/1013  eps 0.154  train return  +12.74%  loss 4.41e-05  maxQ +0.0171  changes   467  2.6 min
episode 207/1013  eps 0.152  train return   +2.45%  loss 4.25e-05  maxQ +0.0170  changes   502  2.6 min
episode 208/1013  eps 0.151  train return  +10.62%  loss 4.86e-05  maxQ +0.0190  changes   448  2.6 min
episode 209/1013  eps 0.149  train return  +14.07%  loss 4.89e-05  maxQ +0.0183  changes   459  2.7 min
episode 210/1013  eps 0.148  train return  +46.23%  loss 4.38e-05  maxQ +0.0180  changes   477  2.7 min | val return -13.56% (best +5.57%)
episode 211/1013  eps 0.147  train return  +11.44%  loss 4.58e-05  maxQ +0.0179  changes   470  2.7 min
episode 212/1013  eps 0.145  train return   -8.25%  loss 4.70e-05  maxQ +0.0187  changes   482  2.7 min
episode 213/1013  eps 0.144  train return  +17.11%  loss 4.34e-05  maxQ +0.0178  changes   508  2.7 min
episode 214/1013  eps 0.143  train return  +19.20%  loss 4.19e-05  maxQ +0.0172  changes   465  2.7 min
episode 215/1013  eps 0.141  train return  -21.36%  loss 4.30e-05  maxQ +0.0176  changes   444  2.8 min
episode 216/1013  eps 0.140  train return  +18.00%  loss 4.49e-05  maxQ +0.0166  changes   453  2.8 min
episode 217/1013  eps 0.139  train return  +64.40%  loss 4.44e-05  maxQ +0.0166  changes   470  2.8 min
episode 218/1013  eps 0.138  train return   +8.78%  loss 4.36e-05  maxQ +0.0165  changes   488  2.8 min
episode 219/1013  eps 0.136  train return   +1.58%  loss 4.29e-05  maxQ +0.0162  changes   460  2.8 min
episode 220/1013  eps 0.135  train return   +0.37%  loss 4.41e-05  maxQ +0.0162  changes   471  2.8 min | val return -7.34% (best +5.57%)
episode 221/1013  eps 0.134  train return  +53.18%  loss 4.38e-05  maxQ +0.0162  changes   486  2.9 min
episode 222/1013  eps 0.133  train return   +4.83%  loss 4.30e-05  maxQ +0.0170  changes   452  2.9 min
episode 223/1013  eps 0.131  train return +200.90%  loss 4.41e-05  maxQ +0.0178  changes   498  2.9 min
episode 224/1013  eps 0.130  train return  +28.10%  loss 4.53e-05  maxQ +0.0181  changes   459  2.9 min
episode 225/1013  eps 0.129  train return  +73.73%  loss 4.26e-05  maxQ +0.0168  changes   503  2.9 min
episode 226/1013  eps 0.128  train return  +60.08%  loss 4.43e-05  maxQ +0.0164  changes   485  2.9 min
episode 227/1013  eps 0.127  train return  +22.81%  loss 4.29e-05  maxQ +0.0166  changes   478  3.0 min
episode 228/1013  eps 0.126  train return  +15.10%  loss 4.29e-05  maxQ +0.0167  changes   469  3.0 min
episode 229/1013  eps 0.124  train return  +57.77%  loss 4.40e-05  maxQ +0.0176  changes   450  3.0 min
episode 230/1013  eps 0.123  train return +259.57%  loss 4.47e-05  maxQ +0.0163  changes   491  3.0 min | val return -17.14% (best +5.57%)
episode 231/1013  eps 0.122  train return  +16.09%  loss 4.41e-05  maxQ +0.0187  changes   441  3.0 min
episode 232/1013  eps 0.121  train return  +11.64%  loss 4.78e-05  maxQ +0.0178  changes   479  3.0 min
episode 233/1013  eps 0.120  train return   -0.08%  loss 4.99e-05  maxQ +0.0181  changes   435  3.0 min
episode 234/1013  eps 0.119  train return  +23.94%  loss 4.91e-05  maxQ +0.0193  changes   451  3.1 min
episode 235/1013  eps 0.118  train return   +3.57%  loss 5.05e-05  maxQ +0.0189  changes   484  3.1 min
episode 236/1013  eps 0.117  train return +102.37%  loss 4.84e-05  maxQ +0.0185  changes   512  3.1 min
episode 237/1013  eps 0.116  train return  +21.04%  loss 4.87e-05  maxQ +0.0184  changes   453  3.1 min
episode 238/1013  eps 0.115  train return  +35.76%  loss 4.72e-05  maxQ +0.0179  changes   462  3.1 min
episode 239/1013  eps 0.114  train return +102.28%  loss 4.92e-05  maxQ +0.0181  changes   491  3.1 min
episode 240/1013  eps 0.112  train return  +42.79%  loss 5.53e-05  maxQ +0.0196  changes   457  3.2 min | val return -32.44% (best +5.57%)
episode 241/1013  eps 0.111  train return +108.01%  loss 4.77e-05  maxQ +0.0193  changes   476  3.2 min
episode 242/1013  eps 0.110  train return  +36.91%  loss 4.46e-05  maxQ +0.0186  changes   479  3.2 min
episode 243/1013  eps 0.109  train return  +62.92%  loss 4.33e-05  maxQ +0.0176  changes   489  3.2 min
episode 244/1013  eps 0.108  train return  +36.67%  loss 4.27e-05  maxQ +0.0187  changes   453  3.2 min
episode 245/1013  eps 0.107  train return  +45.60%  loss 4.74e-05  maxQ +0.0182  changes   487  3.2 min
episode 246/1013  eps 0.106  train return  +28.78%  loss 4.32e-05  maxQ +0.0180  changes   481  3.2 min
episode 247/1013  eps 0.106  train return  +79.39%  loss 4.27e-05  maxQ +0.0181  changes   468  3.3 min
episode 248/1013  eps 0.105  train return  +25.45%  loss 4.52e-05  maxQ +0.0182  changes   483  3.3 min
episode 249/1013  eps 0.104  train return  +13.15%  loss 4.40e-05  maxQ +0.0175  changes   440  3.3 min
episode 250/1013  eps 0.103  train return  -14.05%  loss 3.99e-05  maxQ +0.0162  changes   455  3.3 min | val return -26.40% (best +5.57%)
episode 251/1013  eps 0.102  train return   -1.16%  loss 4.55e-05  maxQ +0.0173  changes   470  3.3 min
episode 252/1013  eps 0.101  train return  +53.08%  loss 4.36e-05  maxQ +0.0172  changes   450  3.4 min
episode 253/1013  eps 0.100  train return   +8.96%  loss 4.36e-05  maxQ +0.0174  changes   463  3.4 min
episode 254/1013  eps 0.099  train return +142.23%  loss 4.42e-05  maxQ +0.0164  changes   489  3.4 min
episode 255/1013  eps 0.098  train return   +7.07%  loss 4.12e-05  maxQ +0.0164  changes   418  3.4 min
episode 256/1013  eps 0.097  train return  +47.18%  loss 4.09e-05  maxQ +0.0172  changes   473  3.4 min
episode 257/1013  eps 0.096  train return  +34.35%  loss 4.35e-05  maxQ +0.0167  changes   475  3.4 min
episode 258/1013  eps 0.095  train return  +86.49%  loss 4.39e-05  maxQ +0.0176  changes   464  3.4 min
episode 259/1013  eps 0.095  train return  +27.13%  loss 4.01e-05  maxQ +0.0169  changes   434  3.5 min
episode 260/1013  eps 0.094  train return  +90.79%  loss 4.14e-05  maxQ +0.0173  changes   502  3.5 min | val return -9.83% (best +5.57%)
episode 261/1013  eps 0.093  train return  +43.46%  loss 4.41e-05  maxQ +0.0175  changes   453  3.5 min
episode 262/1013  eps 0.092  train return +190.21%  loss 4.41e-05  maxQ +0.0181  changes   476  3.5 min
episode 263/1013  eps 0.091  train return  +37.15%  loss 4.21e-05  maxQ +0.0172  changes   485  3.5 min
episode 264/1013  eps 0.090  train return  +49.24%  loss 4.32e-05  maxQ +0.0172  changes   487  3.6 min
episode 265/1013  eps 0.090  train return   +5.96%  loss 4.35e-05  maxQ +0.0177  changes   416  3.6 min
episode 266/1013  eps 0.089  train return  +11.65%  loss 4.52e-05  maxQ +0.0168  changes   463  3.6 min
episode 267/1013  eps 0.088  train return   +0.35%  loss 4.43e-05  maxQ +0.0174  changes   457  3.6 min
episode 268/1013  eps 0.087  train return  +72.29%  loss 5.12e-05  maxQ +0.0172  changes   453  3.6 min
episode 269/1013  eps 0.086  train return  +25.86%  loss 4.77e-05  maxQ +0.0170  changes   481  3.6 min
episode 270/1013  eps 0.086  train return +284.12%  loss 4.36e-05  maxQ +0.0168  changes   508  3.6 min | val return +7.13% (best +7.13%)
episode 271/1013  eps 0.085  train return  +31.68%  loss 4.68e-05  maxQ +0.0169  changes   410  3.7 min
episode 272/1013  eps 0.084  train return  +16.62%  loss 4.78e-05  maxQ +0.0171  changes   478  3.7 min
episode 273/1013  eps 0.083  train return   +8.29%  loss 4.94e-05  maxQ +0.0167  changes   370  3.7 min
episode 274/1013  eps 0.082  train return  +32.45%  loss 4.05e-05  maxQ +0.0162  changes   486  3.7 min
episode 275/1013  eps 0.082  train return  +44.56%  loss 4.28e-05  maxQ +0.0175  changes   462  3.7 min
episode 276/1013  eps 0.081  train return +154.76%  loss 4.65e-05  maxQ +0.0174  changes   481  3.7 min
episode 277/1013  eps 0.080  train return  +21.20%  loss 4.51e-05  maxQ +0.0175  changes   438  3.7 min
episode 278/1013  eps 0.079  train return  +21.68%  loss 5.10e-05  maxQ +0.0190  changes   433  3.8 min
episode 279/1013  eps 0.079  train return  +98.87%  loss 4.96e-05  maxQ +0.0186  changes   488  3.8 min
episode 280/1013  eps 0.078  train return  +23.92%  loss 4.29e-05  maxQ +0.0187  changes   384  3.8 min | val return -1.43% (best +7.13%)
episode 281/1013  eps 0.077  train return  +89.37%  loss 5.07e-05  maxQ +0.0184  changes   515  3.8 min
episode 282/1013  eps 0.077  train return  +47.86%  loss 4.70e-05  maxQ +0.0183  changes   492  3.8 min
episode 283/1013  eps 0.076  train return +150.34%  loss 5.16e-05  maxQ +0.0188  changes   509  3.8 min
episode 284/1013  eps 0.075  train return  +13.14%  loss 4.47e-05  maxQ +0.0191  changes   474  3.9 min
episode 285/1013  eps 0.075  train return  +50.03%  loss 5.10e-05  maxQ +0.0211  changes   470  3.9 min
episode 286/1013  eps 0.074  train return +160.26%  loss 5.30e-05  maxQ +0.0199  changes   498  3.9 min
episode 287/1013  eps 0.073  train return  +17.80%  loss 4.91e-05  maxQ +0.0189  changes   468  3.9 min
episode 288/1013  eps 0.073  train return  +64.40%  loss 4.98e-05  maxQ +0.0202  changes   507  3.9 min
episode 289/1013  eps 0.072  train return  +23.94%  loss 4.91e-05  maxQ +0.0199  changes   481  3.9 min
episode 290/1013  eps 0.071  train return  +52.29%  loss 4.91e-05  maxQ +0.0200  changes   483  3.9 min | val return -26.05% (best +7.13%)
episode 291/1013  eps 0.071  train return +110.53%  loss 4.64e-05  maxQ +0.0192  changes   508  4.0 min
episode 292/1013  eps 0.070  train return  +24.32%  loss 4.71e-05  maxQ +0.0200  changes   471  4.0 min
episode 293/1013  eps 0.069  train return  +49.28%  loss 4.96e-05  maxQ +0.0193  changes   476  4.0 min
episode 294/1013  eps 0.069  train return +103.12%  loss 5.25e-05  maxQ +0.0194  changes   495  4.0 min
episode 295/1013  eps 0.068  train return  +54.56%  loss 5.14e-05  maxQ +0.0188  changes   475  4.0 min
episode 296/1013  eps 0.067  train return   +5.74%  loss 4.88e-05  maxQ +0.0191  changes   484  4.0 min
episode 297/1013  eps 0.067  train return  -15.90%  loss 4.91e-05  maxQ +0.0193  changes   443  4.1 min
episode 298/1013  eps 0.066  train return   -2.52%  loss 4.41e-05  maxQ +0.0188  changes   498  4.1 min
episode 299/1013  eps 0.066  train return   +8.76%  loss 4.43e-05  maxQ +0.0191  changes   485  4.1 min
episode 300/1013  eps 0.065  train return +150.01%  loss 5.06e-05  maxQ +0.0190  changes   502  4.1 min | val return -17.18% (best +7.13%)
episode 301/1013  eps 0.064  train return +248.44%  loss 4.66e-05  maxQ +0.0189  changes   524  4.1 min
episode 302/1013  eps 0.064  train return  +61.93%  loss 4.55e-05  maxQ +0.0185  changes   505  4.1 min
episode 303/1013  eps 0.063  train return  +17.18%  loss 4.84e-05  maxQ +0.0187  changes   498  4.2 min
episode 304/1013  eps 0.063  train return  +19.25%  loss 4.51e-05  maxQ +0.0175  changes   508  4.2 min
episode 305/1013  eps 0.062  train return   +8.37%  loss 4.50e-05  maxQ +0.0179  changes   476  4.2 min
episode 306/1013  eps 0.062  train return  +43.26%  loss 4.69e-05  maxQ +0.0186  changes   488  4.2 min
episode 307/1013  eps 0.061  train return +422.61%  loss 4.32e-05  maxQ +0.0186  changes   499  4.2 min
episode 308/1013  eps 0.060  train return  +24.30%  loss 4.64e-05  maxQ +0.0188  changes   456  4.2 min
episode 309/1013  eps 0.060  train return   +3.93%  loss 5.07e-05  maxQ +0.0189  changes   508  4.3 min
episode 310/1013  eps 0.059  train return  +10.82%  loss 5.19e-05  maxQ +0.0191  changes   473  4.3 min | val return -15.50% (best +7.13%)
episode 311/1013  eps 0.059  train return  -13.71%  loss 4.34e-05  maxQ +0.0184  changes   462  4.3 min
episode 312/1013  eps 0.058  train return  +16.83%  loss 4.61e-05  maxQ +0.0182  changes   461  4.3 min
episode 313/1013  eps 0.058  train return  +50.53%  loss 4.37e-05  maxQ +0.0178  changes   476  4.3 min
episode 314/1013  eps 0.057  train return +167.36%  loss 4.86e-05  maxQ +0.0184  changes   507  4.3 min
episode 315/1013  eps 0.057  train return +165.66%  loss 4.80e-05  maxQ +0.0183  changes   507  4.4 min
episode 316/1013  eps 0.056  train return   +2.03%  loss 4.96e-05  maxQ +0.0180  changes   448  4.4 min
episode 317/1013  eps 0.056  train return  +13.98%  loss 4.66e-05  maxQ +0.0178  changes   513  4.4 min
episode 318/1013  eps 0.055  train return +119.22%  loss 4.67e-05  maxQ +0.0185  changes   492  4.4 min
episode 319/1013  eps 0.055  train return  +27.94%  loss 4.36e-05  maxQ +0.0180  changes   498  4.4 min
episode 320/1013  eps 0.054  train return  +12.46%  loss 4.97e-05  maxQ +0.0185  changes   413  4.4 min | val return -19.87% (best +7.13%)
episode 321/1013  eps 0.054  train return  +16.67%  loss 4.98e-05  maxQ +0.0192  changes   464  4.5 min
episode 322/1013  eps 0.053  train return +181.96%  loss 4.99e-05  maxQ +0.0191  changes   498  4.5 min
episode 323/1013  eps 0.053  train return  +19.77%  loss 5.00e-05  maxQ +0.0193  changes   462  4.5 min
episode 324/1013  eps 0.052  train return +110.36%  loss 4.91e-05  maxQ +0.0189  changes   488  4.5 min
episode 325/1013  eps 0.052  train return  +26.97%  loss 4.93e-05  maxQ +0.0191  changes   452  4.5 min
episode 326/1013  eps 0.051  train return   +9.88%  loss 4.64e-05  maxQ +0.0189  changes   499  4.5 min
episode 327/1013  eps 0.051  train return  +16.67%  loss 4.62e-05  maxQ +0.0183  changes   477  4.5 min
episode 328/1013  eps 0.050  train return  +87.67%  loss 4.55e-05  maxQ +0.0191  changes   488  4.6 min
episode 329/1013  eps 0.050  train return   +8.56%  loss 4.50e-05  maxQ +0.0187  changes   479  4.6 min
episode 330/1013  eps 0.049  train return  +27.31%  loss 4.81e-05  maxQ +0.0187  changes   443  4.6 min | val return -3.58% (best +7.13%)
episode 331/1013  eps 0.049  train return  +67.69%  loss 4.48e-05  maxQ +0.0181  changes   475  4.6 min
episode 332/1013  eps 0.049  train return  +85.84%  loss 4.26e-05  maxQ +0.0179  changes   499  4.6 min
episode 333/1013  eps 0.048  train return  +17.15%  loss 4.16e-05  maxQ +0.0178  changes   478  4.6 min
episode 334/1013  eps 0.048  train return  +80.93%  loss 4.55e-05  maxQ +0.0179  changes   498  4.7 min
episode 335/1013  eps 0.047  train return   +8.19%  loss 4.63e-05  maxQ +0.0186  changes   493  4.7 min
episode 336/1013  eps 0.047  train return  +81.37%  loss 4.89e-05  maxQ +0.0188  changes   496  4.7 min
episode 337/1013  eps 0.046  train return   +8.95%  loss 4.61e-05  maxQ +0.0185  changes   446  4.7 min
episode 338/1013  eps 0.046  train return  +37.25%  loss 4.76e-05  maxQ +0.0185  changes   450  4.7 min
episode 339/1013  eps 0.046  train return  +40.31%  loss 4.51e-05  maxQ +0.0183  changes   463  4.7 min
episode 340/1013  eps 0.045  train return  +62.34%  loss 4.21e-05  maxQ +0.0177  changes   516  4.7 min | val return -7.70% (best +7.13%)
episode 341/1013  eps 0.045  train return   +8.85%  loss 4.39e-05  maxQ +0.0179  changes   492  4.8 min
episode 342/1013  eps 0.044  train return  +14.55%  loss 4.07e-05  maxQ +0.0173  changes   476  4.8 min
episode 343/1013  eps 0.044  train return  +30.39%  loss 4.46e-05  maxQ +0.0169  changes   504  4.8 min
episode 344/1013  eps 0.043  train return  +34.14%  loss 4.43e-05  maxQ +0.0172  changes   443  4.8 min
episode 345/1013  eps 0.043  train return  +30.05%  loss 4.43e-05  maxQ +0.0178  changes   458  4.8 min
episode 346/1013  eps 0.043  train return  +31.02%  loss 4.21e-05  maxQ +0.0179  changes   484  4.8 min
episode 347/1013  eps 0.042  train return  +40.06%  loss 4.18e-05  maxQ +0.0182  changes   479  4.9 min
episode 348/1013  eps 0.042  train return  +56.24%  loss 4.31e-05  maxQ +0.0183  changes   491  4.9 min
episode 349/1013  eps 0.042  train return  +11.47%  loss 4.08e-05  maxQ +0.0180  changes   474  4.9 min
episode 350/1013  eps 0.041  train return +346.80%  loss 4.14e-05  maxQ +0.0171  changes   505  4.9 min | val return +5.72% (best +7.13%)
episode 351/1013  eps 0.041  train return  +31.93%  loss 4.44e-05  maxQ +0.0169  changes   450  4.9 min
episode 352/1013  eps 0.040  train return  +33.92%  loss 4.45e-05  maxQ +0.0168  changes   398  4.9 min
episode 353/1013  eps 0.040  train return  +11.04%  loss 4.51e-05  maxQ +0.0169  changes   460  5.0 min
episode 354/1013  eps 0.040  train return   +5.76%  loss 4.30e-05  maxQ +0.0171  changes   429  5.0 min
episode 355/1013  eps 0.039  train return  +53.08%  loss 4.14e-05  maxQ +0.0177  changes   490  5.0 min
episode 356/1013  eps 0.039  train return  +45.29%  loss 4.16e-05  maxQ +0.0175  changes   480  5.0 min
episode 357/1013  eps 0.039  train return  +89.85%  loss 4.41e-05  maxQ +0.0176  changes   508  5.0 min
episode 358/1013  eps 0.038  train return  +94.60%  loss 4.15e-05  maxQ +0.0172  changes   502  5.0 min
episode 359/1013  eps 0.038  train return   -0.57%  loss 4.11e-05  maxQ +0.0176  changes   490  5.0 min
episode 360/1013  eps 0.038  train return  +20.62%  loss 4.14e-05  maxQ +0.0172  changes   453  5.1 min | val return -5.70% (best +7.13%)
episode 361/1013  eps 0.037  train return  +57.61%  loss 4.15e-05  maxQ +0.0174  changes   493  5.1 min
episode 362/1013  eps 0.037  train return  +36.11%  loss 4.35e-05  maxQ +0.0171  changes   457  5.1 min
episode 363/1013  eps 0.037  train return  +21.64%  loss 4.11e-05  maxQ +0.0174  changes   505  5.1 min
episode 364/1013  eps 0.036  train return  +29.94%  loss 4.06e-05  maxQ +0.0172  changes   499  5.1 min
episode 365/1013  eps 0.036  train return  +92.08%  loss 4.02e-05  maxQ +0.0179  changes   491  5.2 min
episode 366/1013  eps 0.036  train return   +3.19%  loss 3.90e-05  maxQ +0.0175  changes   405  5.2 min
episode 367/1013  eps 0.035  train return   +3.40%  loss 4.10e-05  maxQ +0.0174  changes   421  5.2 min
episode 368/1013  eps 0.035  train return  +39.24%  loss 3.95e-05  maxQ +0.0169  changes   477  5.2 min
episode 369/1013  eps 0.035  train return  +19.98%  loss 4.01e-05  maxQ +0.0169  changes   396  5.2 min
episode 370/1013  eps 0.034  train return +421.69%  loss 3.88e-05  maxQ +0.0168  changes   492  5.2 min | val return +7.45% (best +7.45%)
episode 371/1013  eps 0.034  train return   +3.58%  loss 3.92e-05  maxQ +0.0172  changes   460  5.2 min
episode 372/1013  eps 0.034  train return  +92.67%  loss 4.00e-05  maxQ +0.0173  changes   477  5.3 min
episode 373/1013  eps 0.033  train return  +35.60%  loss 4.21e-05  maxQ +0.0173  changes   458  5.3 min
episode 374/1013  eps 0.033  train return  +24.34%  loss 4.09e-05  maxQ +0.0167  changes   487  5.3 min
episode 375/1013  eps 0.033  train return  +27.46%  loss 4.63e-05  maxQ +0.0171  changes   491  5.3 min
episode 376/1013  eps 0.032  train return  +78.63%  loss 4.25e-05  maxQ +0.0168  changes   464  5.3 min
episode 377/1013  eps 0.032  train return +155.61%  loss 4.33e-05  maxQ +0.0170  changes   528  5.3 min
episode 378/1013  eps 0.032  train return +118.68%  loss 4.23e-05  maxQ +0.0176  changes   559  5.3 min
episode 379/1013  eps 0.032  train return   +4.90%  loss 4.36e-05  maxQ +0.0171  changes   430  5.4 min
episode 380/1013  eps 0.031  train return  +55.44%  loss 4.33e-05  maxQ +0.0170  changes   494  5.4 min | val return +8.76% (best +8.76%)
episode 381/1013  eps 0.031  train return +164.55%  loss 4.18e-05  maxQ +0.0165  changes   489  5.4 min
episode 382/1013  eps 0.031  train return +144.40%  loss 4.46e-05  maxQ +0.0175  changes   481  5.4 min
episode 383/1013  eps 0.030  train return +154.72%  loss 4.26e-05  maxQ +0.0166  changes   500  5.4 min
episode 384/1013  eps 0.030  train return   +7.75%  loss 4.50e-05  maxQ +0.0168  changes   489  5.4 min
episode 385/1013  eps 0.030  train return +337.75%  loss 4.17e-05  maxQ +0.0171  changes   489  5.5 min
episode 386/1013  eps 0.030  train return  +48.64%  loss 4.13e-05  maxQ +0.0173  changes   460  5.5 min
episode 387/1013  eps 0.029  train return   +5.87%  loss 4.27e-05  maxQ +0.0180  changes   438  5.5 min
episode 388/1013  eps 0.029  train return   -7.92%  loss 4.44e-05  maxQ +0.0180  changes   490  5.5 min
episode 389/1013  eps 0.029  train return  +68.12%  loss 4.45e-05  maxQ +0.0175  changes   511  5.5 min
episode 390/1013  eps 0.029  train return  +31.79%  loss 4.51e-05  maxQ +0.0176  changes   509  5.5 min | val return -1.90% (best +8.76%)
episode 391/1013  eps 0.028  train return  +70.70%  loss 4.63e-05  maxQ +0.0183  changes   466  5.6 min
episode 392/1013  eps 0.028  train return  +23.78%  loss 4.65e-05  maxQ +0.0188  changes   521  5.6 min
episode 393/1013  eps 0.028  train return +174.45%  loss 4.39e-05  maxQ +0.0184  changes   474  5.6 min
episode 394/1013  eps 0.028  train return  +41.82%  loss 4.30e-05  maxQ +0.0175  changes   494  5.6 min
episode 395/1013  eps 0.027  train return  +15.67%  loss 4.54e-05  maxQ +0.0168  changes   419  5.6 min
episode 396/1013  eps 0.027  train return  +79.14%  loss 4.56e-05  maxQ +0.0171  changes   476  5.6 min
episode 397/1013  eps 0.027  train return +159.43%  loss 4.61e-05  maxQ +0.0180  changes   501  5.6 min
episode 398/1013  eps 0.027  train return  +30.04%  loss 4.60e-05  maxQ +0.0181  changes   510  5.7 min
episode 399/1013  eps 0.026  train return  +30.69%  loss 4.33e-05  maxQ +0.0185  changes   504  5.7 min
episode 400/1013  eps 0.026  train return   +2.94%  loss 4.31e-05  maxQ +0.0176  changes   439  5.7 min | val return -16.48% (best +8.76%)
episode 401/1013  eps 0.026  train return  +60.70%  loss 4.64e-05  maxQ +0.0178  changes   494  5.7 min
episode 402/1013  eps 0.026  train return +112.48%  loss 4.25e-05  maxQ +0.0178  changes   487  5.7 min
episode 403/1013  eps 0.025  train return  +40.25%  loss 4.74e-05  maxQ +0.0180  changes   516  5.7 min
episode 404/1013  eps 0.025  train return +125.59%  loss 4.45e-05  maxQ +0.0173  changes   490  5.8 min
episode 405/1013  eps 0.025  train return +227.70%  loss 4.50e-05  maxQ +0.0183  changes   504  5.8 min
episode 406/1013  eps 0.025  train return +147.10%  loss 4.48e-05  maxQ +0.0176  changes   510  5.8 min
episode 407/1013  eps 0.024  train return  +39.99%  loss 4.29e-05  maxQ +0.0176  changes   488  5.8 min
episode 408/1013  eps 0.024  train return +182.12%  loss 4.42e-05  maxQ +0.0177  changes   493  5.8 min
episode 409/1013  eps 0.024  train return +255.92%  loss 4.38e-05  maxQ +0.0180  changes   491  5.8 min
episode 410/1013  eps 0.024  train return  +89.76%  loss 4.14e-05  maxQ +0.0172  changes   502  5.8 min | val return -31.36% (best +8.76%)
episode 411/1013  eps 0.024  train return   +3.11%  loss 4.44e-05  maxQ +0.0185  changes   446  5.9 min
episode 412/1013  eps 0.023  train return +189.99%  loss 4.73e-05  maxQ +0.0185  changes   481  5.9 min
episode 413/1013  eps 0.023  train return  +56.53%  loss 4.96e-05  maxQ +0.0192  changes   473  5.9 min
episode 414/1013  eps 0.023  train return  +23.52%  loss 4.96e-05  maxQ +0.0191  changes   441  5.9 min
episode 415/1013  eps 0.023  train return +194.14%  loss 4.79e-05  maxQ +0.0184  changes   492  5.9 min
episode 416/1013  eps 0.023  train return  +15.65%  loss 4.76e-05  maxQ +0.0186  changes   467  5.9 min
episode 417/1013  eps 0.022  train return +191.86%  loss 4.98e-05  maxQ +0.0187  changes   494  6.0 min
episode 418/1013  eps 0.022  train return  +95.13%  loss 4.84e-05  maxQ +0.0189  changes   492  6.0 min
episode 419/1013  eps 0.022  train return +199.73%  loss 4.72e-05  maxQ +0.0190  changes   451  6.0 min
episode 420/1013  eps 0.022  train return  +37.91%  loss 4.76e-05  maxQ +0.0182  changes   496  6.0 min | val return -18.66% (best +8.76%)
episode 421/1013  eps 0.022  train return  +28.97%  loss 4.73e-05  maxQ +0.0181  changes   453  6.0 min
episode 422/1013  eps 0.021  train return +134.72%  loss 4.61e-05  maxQ +0.0186  changes   481  6.0 min
episode 423/1013  eps 0.021  train return +408.68%  loss 4.95e-05  maxQ +0.0185  changes   470  6.1 min
episode 424/1013  eps 0.021  train return +112.62%  loss 5.06e-05  maxQ +0.0182  changes   506  6.1 min
episode 425/1013  eps 0.021  train return  +48.88%  loss 4.88e-05  maxQ +0.0184  changes   451  6.1 min
episode 426/1013  eps 0.021  train return +164.99%  loss 5.38e-05  maxQ +0.0182  changes   495  6.1 min
episode 427/1013  eps 0.020  train return  +62.69%  loss 5.09e-05  maxQ +0.0181  changes   476  6.1 min
episode 428/1013  eps 0.020  train return  +42.79%  loss 4.78e-05  maxQ +0.0190  changes   464  6.1 min
episode 429/1013  eps 0.020  train return  +47.54%  loss 5.18e-05  maxQ +0.0186  changes   465  6.1 min
episode 430/1013  eps 0.020  train return  +50.75%  loss 5.38e-05  maxQ +0.0191  changes   459  6.2 min | val return -27.68% (best +8.76%)
episode 431/1013  eps 0.020  train return  +10.41%  loss 4.73e-05  maxQ +0.0186  changes   481  6.2 min
episode 432/1013  eps 0.019  train return +368.54%  loss 4.62e-05  maxQ +0.0184  changes   505  6.2 min
episode 433/1013  eps 0.019  train return +203.76%  loss 5.13e-05  maxQ +0.0195  changes   508  6.2 min
episode 434/1013  eps 0.019  train return +172.49%  loss 5.48e-05  maxQ +0.0194  changes   521  6.2 min
episode 435/1013  eps 0.019  train return  +28.62%  loss 5.55e-05  maxQ +0.0200  changes   463  6.2 min
episode 436/1013  eps 0.019  train return  -10.34%  loss 5.09e-05  maxQ +0.0200  changes   463  6.3 min
episode 437/1013  eps 0.019  train return  +57.48%  loss 5.07e-05  maxQ +0.0200  changes   466  6.3 min
episode 438/1013  eps 0.018  train return +160.06%  loss 5.03e-05  maxQ +0.0206  changes   499  6.3 min
episode 439/1013  eps 0.018  train return +115.87%  loss 5.11e-05  maxQ +0.0197  changes   501  6.3 min
episode 440/1013  eps 0.018  train return  +75.71%  loss 4.82e-05  maxQ +0.0195  changes   481  6.3 min | val return -11.81% (best +8.76%)
episode 441/1013  eps 0.018  train return +286.89%  loss 4.67e-05  maxQ +0.0195  changes   482  6.3 min
episode 442/1013  eps 0.018  train return  +58.69%  loss 4.72e-05  maxQ +0.0196  changes   455  6.3 min
episode 443/1013  eps 0.018  train return   +4.65%  loss 4.95e-05  maxQ +0.0200  changes   450  6.4 min
episode 444/1013  eps 0.017  train return  +10.21%  loss 5.23e-05  maxQ +0.0195  changes   472  6.4 min
episode 445/1013  eps 0.017  train return +271.34%  loss 4.96e-05  maxQ +0.0202  changes   522  6.4 min
episode 446/1013  eps 0.017  train return  +17.96%  loss 5.13e-05  maxQ +0.0196  changes   502  6.4 min
episode 447/1013  eps 0.017  train return  +63.00%  loss 5.28e-05  maxQ +0.0200  changes   470  6.4 min
episode 448/1013  eps 0.017  train return +108.30%  loss 5.33e-05  maxQ +0.0200  changes   504  6.4 min
episode 449/1013  eps 0.017  train return   -5.69%  loss 5.08e-05  maxQ +0.0194  changes   450  6.4 min
episode 450/1013  eps 0.016  train return  +78.27%  loss 5.07e-05  maxQ +0.0195  changes   490  6.5 min | val return -6.42% (best +8.76%)
episode 451/1013  eps 0.016  train return  +10.40%  loss 4.70e-05  maxQ +0.0196  changes   426  6.5 min
episode 452/1013  eps 0.016  train return  +64.85%  loss 4.94e-05  maxQ +0.0192  changes   512  6.5 min
episode 453/1013  eps 0.016  train return +105.29%  loss 4.86e-05  maxQ +0.0198  changes   491  6.5 min
episode 454/1013  eps 0.016  train return  +39.22%  loss 5.04e-05  maxQ +0.0197  changes   434  6.5 min
episode 455/1013  eps 0.016  train return  +41.36%  loss 4.73e-05  maxQ +0.0191  changes   448  6.5 min
episode 456/1013  eps 0.016  train return +467.55%  loss 4.86e-05  maxQ +0.0189  changes   488  6.6 min
episode 457/1013  eps 0.015  train return +142.01%  loss 4.99e-05  maxQ +0.0193  changes   496  6.6 min
episode 458/1013  eps 0.015  train return   +8.03%  loss 5.09e-05  maxQ +0.0187  changes   489  6.6 min
episode 459/1013  eps 0.015  train return   +0.79%  loss 5.24e-05  maxQ +0.0199  changes   433  6.6 min
episode 460/1013  eps 0.015  train return +167.18%  loss 5.23e-05  maxQ +0.0198  changes   505  6.6 min | val return -16.89% (best +8.76%)
episode 461/1013  eps 0.015  train return +152.01%  loss 5.36e-05  maxQ +0.0197  changes   498  6.6 min
episode 462/1013  eps 0.015  train return +278.58%  loss 5.27e-05  maxQ +0.0193  changes   506  6.7 min
episode 463/1013  eps 0.015  train return   -2.18%  loss 5.29e-05  maxQ +0.0186  changes   463  6.7 min
episode 464/1013  eps 0.015  train return +262.44%  loss 4.93e-05  maxQ +0.0182  changes   509  6.7 min
episode 465/1013  eps 0.014  train return +117.82%  loss 5.32e-05  maxQ +0.0191  changes   484  6.7 min
episode 466/1013  eps 0.014  train return   +5.36%  loss 4.71e-05  maxQ +0.0188  changes   465  6.7 min
episode 467/1013  eps 0.014  train return   +9.19%  loss 5.20e-05  maxQ +0.0190  changes   504  6.7 min
episode 468/1013  eps 0.014  train return +313.08%  loss 5.13e-05  maxQ +0.0190  changes   500  6.8 min
episode 469/1013  eps 0.014  train return +371.55%  loss 5.07e-05  maxQ +0.0199  changes   533  6.8 min
episode 470/1013  eps 0.014  train return  +14.32%  loss 5.34e-05  maxQ +0.0200  changes   491  6.8 min | val return -15.17% (best +8.76%)
episode 471/1013  eps 0.014  train return  +45.60%  loss 5.45e-05  maxQ +0.0201  changes   468  6.8 min
episode 472/1013  eps 0.013  train return   +6.36%  loss 5.46e-05  maxQ +0.0198  changes   455  6.8 min
episode 473/1013  eps 0.013  train return  +68.23%  loss 5.18e-05  maxQ +0.0195  changes   490  6.8 min
episode 474/1013  eps 0.013  train return  +56.10%  loss 5.05e-05  maxQ +0.0199  changes   515  6.8 min
episode 475/1013  eps 0.013  train return  +34.58%  loss 5.36e-05  maxQ +0.0202  changes   503  6.9 min
episode 476/1013  eps 0.013  train return +184.70%  loss 5.33e-05  maxQ +0.0211  changes   497  6.9 min
episode 477/1013  eps 0.013  train return  +84.56%  loss 5.51e-05  maxQ +0.0203  changes   494  6.9 min
episode 478/1013  eps 0.013  train return  +22.12%  loss 5.14e-05  maxQ +0.0200  changes   467  6.9 min
episode 479/1013  eps 0.013  train return +191.71%  loss 5.11e-05  maxQ +0.0202  changes   501  6.9 min
episode 480/1013  eps 0.013  train return +152.89%  loss 4.96e-05  maxQ +0.0201  changes   494  6.9 min | val return +8.75% (best +8.76%)
episode 481/1013  eps 0.012  train return +150.45%  loss 5.08e-05  maxQ +0.0201  changes   515  7.0 min
episode 482/1013  eps 0.012  train return  +28.60%  loss 5.50e-05  maxQ +0.0199  changes   482  7.0 min
episode 483/1013  eps 0.012  train return +319.26%  loss 5.33e-05  maxQ +0.0202  changes   523  7.0 min
episode 484/1013  eps 0.012  train return +163.23%  loss 5.48e-05  maxQ +0.0204  changes   522  7.0 min
episode 485/1013  eps 0.012  train return  +16.14%  loss 5.24e-05  maxQ +0.0201  changes   441  7.0 min
episode 486/1013  eps 0.012  train return  +36.55%  loss 5.30e-05  maxQ +0.0207  changes   447  7.0 min
episode 487/1013  eps 0.012  train return +196.23%  loss 5.15e-05  maxQ +0.0202  changes   520  7.0 min
episode 488/1013  eps 0.012  train return +244.28%  loss 5.95e-05  maxQ +0.0200  changes   487  7.1 min
episode 489/1013  eps 0.012  train return  +33.92%  loss 5.79e-05  maxQ +0.0209  changes   475  7.1 min
episode 490/1013  eps 0.011  train return +486.36%  loss 5.67e-05  maxQ +0.0206  changes   480  7.1 min | val return -21.40% (best +8.76%)
episode 491/1013  eps 0.011  train return   +2.08%  loss 5.49e-05  maxQ +0.0204  changes   470  7.1 min
episode 492/1013  eps 0.011  train return  +60.61%  loss 5.24e-05  maxQ +0.0205  changes   479  7.1 min
episode 493/1013  eps 0.011  train return +201.59%  loss 5.27e-05  maxQ +0.0205  changes   506  7.1 min
episode 494/1013  eps 0.011  train return   -0.84%  loss 5.33e-05  maxQ +0.0201  changes   439  7.1 min
episode 495/1013  eps 0.011  train return +102.12%  loss 4.91e-05  maxQ +0.0194  changes   518  7.2 min
episode 496/1013  eps 0.011  train return   +8.55%  loss 5.15e-05  maxQ +0.0199  changes   461  7.2 min
episode 497/1013  eps 0.011  train return   +7.16%  loss 4.80e-05  maxQ +0.0191  changes   475  7.2 min
episode 498/1013  eps 0.011  train return  +92.76%  loss 4.89e-05  maxQ +0.0195  changes   521  7.2 min
episode 499/1013  eps 0.011  train return  +96.89%  loss 5.10e-05  maxQ +0.0204  changes   452  7.2 min
episode 500/1013  eps 0.010  train return +268.63%  loss 5.07e-05  maxQ +0.0200  changes   512  7.2 min | val return -4.07% (best +8.76%)
episode 501/1013  eps 0.010  train return +128.79%  loss 4.97e-05  maxQ +0.0201  changes   501  7.2 min
episode 502/1013  eps 0.010  train return  +74.29%  loss 4.94e-05  maxQ +0.0193  changes   492  7.3 min
episode 503/1013  eps 0.010  train return  +44.36%  loss 5.15e-05  maxQ +0.0194  changes   482  7.3 min
episode 504/1013  eps 0.010  train return +117.20%  loss 4.94e-05  maxQ +0.0195  changes   496  7.3 min
episode 505/1013  eps 0.010  train return +252.93%  loss 5.42e-05  maxQ +0.0198  changes   472  7.3 min
episode 506/1013  eps 0.010  train return +100.79%  loss 5.16e-05  maxQ +0.0194  changes   478  7.3 min
episode 507/1013  eps 0.010  train return   +8.47%  loss 4.96e-05  maxQ +0.0198  changes   484  7.3 min
episode 508/1013  eps 0.010  train return +282.45%  loss 4.95e-05  maxQ +0.0196  changes   476  7.4 min
episode 509/1013  eps 0.010  train return +292.67%  loss 5.22e-05  maxQ +0.0193  changes   466  7.4 min
episode 510/1013  eps 0.010  train return +139.52%  loss 5.05e-05  maxQ +0.0190  changes   484  7.4 min | val return -14.89% (best +8.76%)
episode 511/1013  eps 0.010  train return  +24.38%  loss 4.90e-05  maxQ +0.0186  changes   474  7.4 min
episode 512/1013  eps 0.010  train return  +31.86%  loss 5.02e-05  maxQ +0.0193  changes   505  7.4 min
episode 513/1013  eps 0.010  train return  +43.57%  loss 5.28e-05  maxQ +0.0196  changes   461  7.4 min
episode 514/1013  eps 0.010  train return +110.54%  loss 5.19e-05  maxQ +0.0193  changes   500  7.5 min
episode 515/1013  eps 0.010  train return +318.99%  loss 4.91e-05  maxQ +0.0191  changes   498  7.5 min
episode 516/1013  eps 0.010  train return   +6.85%  loss 4.94e-05  maxQ +0.0189  changes   482  7.5 min
episode 517/1013  eps 0.010  train return  +73.43%  loss 5.13e-05  maxQ +0.0192  changes   446  7.5 min
episode 518/1013  eps 0.010  train return +180.04%  loss 4.92e-05  maxQ +0.0194  changes   499  7.5 min
episode 519/1013  eps 0.010  train return  +30.97%  loss 5.05e-05  maxQ +0.0195  changes   466  7.5 min
episode 520/1013  eps 0.010  train return  +23.79%  loss 4.68e-05  maxQ +0.0199  changes   484  7.5 min | val return -20.68% (best +8.76%)
episode 521/1013  eps 0.010  train return   +7.28%  loss 5.01e-05  maxQ +0.0196  changes   479  7.6 min
episode 522/1013  eps 0.010  train return +189.45%  loss 4.72e-05  maxQ +0.0194  changes   502  7.6 min
episode 523/1013  eps 0.010  train return  +10.87%  loss 5.06e-05  maxQ +0.0196  changes   484  7.6 min
episode 524/1013  eps 0.010  train return  +35.48%  loss 4.70e-05  maxQ +0.0192  changes   517  7.6 min
episode 525/1013  eps 0.010  train return +327.45%  loss 4.86e-05  maxQ +0.0186  changes   500  7.6 min
episode 526/1013  eps 0.010  train return  +27.21%  loss 5.08e-05  maxQ +0.0194  changes   498  7.6 min
episode 527/1013  eps 0.010  train return +103.68%  loss 5.44e-05  maxQ +0.0209  changes   460  7.7 min
episode 528/1013  eps 0.010  train return   +9.42%  loss 5.61e-05  maxQ +0.0206  changes   460  7.7 min
episode 529/1013  eps 0.010  train return +113.55%  loss 4.87e-05  maxQ +0.0205  changes   510  7.7 min
episode 530/1013  eps 0.010  train return  +13.13%  loss 4.89e-05  maxQ +0.0206  changes   468  7.7 min | val return -14.37% (best +8.76%)
episode 531/1013  eps 0.010  train return  +18.29%  loss 4.81e-05  maxQ +0.0198  changes   484  7.7 min
episode 532/1013  eps 0.010  train return +127.94%  loss 4.92e-05  maxQ +0.0201  changes   479  7.7 min
episode 533/1013  eps 0.010  train return   +6.48%  loss 4.74e-05  maxQ +0.0198  changes   496  7.8 min
episode 534/1013  eps 0.010  train return   +8.26%  loss 4.79e-05  maxQ +0.0192  changes   484  7.8 min
episode 535/1013  eps 0.010  train return  +30.00%  loss 4.72e-05  maxQ +0.0192  changes   481  7.8 min
episode 536/1013  eps 0.010  train return +141.37%  loss 5.08e-05  maxQ +0.0194  changes   473  7.8 min
episode 537/1013  eps 0.010  train return  +20.64%  loss 4.69e-05  maxQ +0.0198  changes   472  7.8 min
episode 538/1013  eps 0.010  train return  +38.44%  loss 4.78e-05  maxQ +0.0198  changes   449  7.8 min
episode 539/1013  eps 0.010  train return +103.85%  loss 4.82e-05  maxQ +0.0186  changes   500  7.8 min
episode 540/1013  eps 0.010  train return +256.82%  loss 4.50e-05  maxQ +0.0189  changes   505  7.9 min | val return +0.74% (best +8.76%)
episode 541/1013  eps 0.010  train return  +36.32%  loss 4.93e-05  maxQ +0.0185  changes   482  7.9 min
episode 542/1013  eps 0.010  train return   +9.78%  loss 4.66e-05  maxQ +0.0185  changes   483  7.9 min
episode 543/1013  eps 0.010  train return  +15.77%  loss 4.70e-05  maxQ +0.0191  changes   472  7.9 min
episode 544/1013  eps 0.010  train return +370.23%  loss 4.94e-05  maxQ +0.0187  changes   501  7.9 min
episode 545/1013  eps 0.010  train return   +4.32%  loss 4.80e-05  maxQ +0.0188  changes   486  7.9 min
episode 546/1013  eps 0.010  train return   +8.89%  loss 4.75e-05  maxQ +0.0190  changes   450  8.0 min
episode 547/1013  eps 0.010  train return   +2.11%  loss 4.90e-05  maxQ +0.0187  changes   468  8.0 min
episode 548/1013  eps 0.010  train return   +9.53%  loss 4.52e-05  maxQ +0.0185  changes   430  8.0 min
episode 549/1013  eps 0.010  train return +209.92%  loss 4.74e-05  maxQ +0.0186  changes   489  8.0 min
episode 550/1013  eps 0.010  train return   +5.94%  loss 4.56e-05  maxQ +0.0193  changes   489  8.0 min | val return -19.35% (best +8.76%)
episode 551/1013  eps 0.010  train return  +46.29%  loss 4.65e-05  maxQ +0.0191  changes   498  8.0 min
episode 552/1013  eps 0.010  train return +202.79%  loss 4.62e-05  maxQ +0.0178  changes   495  8.0 min
episode 553/1013  eps 0.010  train return +119.49%  loss 4.33e-05  maxQ +0.0174  changes   511  8.1 min
episode 554/1013  eps 0.010  train return +513.49%  loss 4.50e-05  maxQ +0.0176  changes   492  8.1 min
episode 555/1013  eps 0.010  train return +101.25%  loss 4.78e-05  maxQ +0.0189  changes   501  8.1 min
episode 556/1013  eps 0.010  train return +290.14%  loss 4.86e-05  maxQ +0.0186  changes   525  8.1 min
episode 557/1013  eps 0.010  train return  +45.12%  loss 4.41e-05  maxQ +0.0182  changes   479  8.1 min
episode 558/1013  eps 0.010  train return  +24.71%  loss 4.27e-05  maxQ +0.0178  changes   485  8.1 min
episode 559/1013  eps 0.010  train return +132.23%  loss 4.33e-05  maxQ +0.0183  changes   472  8.1 min
episode 560/1013  eps 0.010  train return  +82.86%  loss 4.53e-05  maxQ +0.0189  changes   490  8.2 min | val return -22.09% (best +8.76%)
episode 561/1013  eps 0.010  train return +189.75%  loss 4.76e-05  maxQ +0.0186  changes   479  8.2 min
episode 562/1013  eps 0.010  train return +361.22%  loss 4.80e-05  maxQ +0.0191  changes   508  8.2 min
episode 563/1013  eps 0.010  train return +156.15%  loss 4.83e-05  maxQ +0.0187  changes   483  8.2 min
episode 564/1013  eps 0.010  train return  +12.06%  loss 4.49e-05  maxQ +0.0190  changes   447  8.2 min
episode 565/1013  eps 0.010  train return +464.99%  loss 4.52e-05  maxQ +0.0188  changes   482  8.2 min
episode 566/1013  eps 0.010  train return  +66.23%  loss 5.16e-05  maxQ +0.0194  changes   466  8.3 min
episode 567/1013  eps 0.010  train return +477.71%  loss 5.28e-05  maxQ +0.0193  changes   517  8.3 min
episode 568/1013  eps 0.010  train return +190.82%  loss 4.67e-05  maxQ +0.0193  changes   509  8.3 min
episode 569/1013  eps 0.010  train return  +93.84%  loss 4.77e-05  maxQ +0.0197  changes   488  8.3 min
episode 570/1013  eps 0.010  train return  +25.59%  loss 4.71e-05  maxQ +0.0201  changes   503  8.3 min | val return -7.45% (best +8.76%)
episode 571/1013  eps 0.010  train return  +15.69%  loss 4.53e-05  maxQ +0.0189  changes   463  8.3 min
episode 572/1013  eps 0.010  train return  +10.55%  loss 4.59e-05  maxQ +0.0200  changes   421  8.4 min
episode 573/1013  eps 0.010  train return  +20.21%  loss 4.54e-05  maxQ +0.0190  changes   424  8.4 min
episode 574/1013  eps 0.010  train return  +44.00%  loss 4.56e-05  maxQ +0.0181  changes   470  8.4 min
episode 575/1013  eps 0.010  train return  +29.18%  loss 4.57e-05  maxQ +0.0174  changes   463  8.4 min
episode 576/1013  eps 0.010  train return  +84.76%  loss 4.58e-05  maxQ +0.0166  changes   481  8.4 min
episode 577/1013  eps 0.010  train return  +18.13%  loss 4.38e-05  maxQ +0.0173  changes   447  8.4 min
episode 578/1013  eps 0.010  train return +181.63%  loss 4.39e-05  maxQ +0.0174  changes   493  8.5 min
episode 579/1013  eps 0.010  train return  +35.81%  loss 4.05e-05  maxQ +0.0186  changes   488  8.5 min
episode 580/1013  eps 0.010  train return   -4.17%  loss 4.51e-05  maxQ +0.0181  changes   469  8.5 min | val return -16.74% (best +8.76%)
episode 581/1013  eps 0.010  train return +168.98%  loss 4.07e-05  maxQ +0.0182  changes   508  8.5 min
episode 582/1013  eps 0.010  train return  +86.95%  loss 4.47e-05  maxQ +0.0186  changes   466  8.5 min
episode 583/1013  eps 0.010  train return  +12.74%  loss 4.48e-05  maxQ +0.0182  changes   465  8.5 min
episode 584/1013  eps 0.010  train return  +55.81%  loss 4.67e-05  maxQ +0.0189  changes   483  8.5 min
episode 585/1013  eps 0.010  train return  +17.37%  loss 4.89e-05  maxQ +0.0186  changes   466  8.6 min
episode 586/1013  eps 0.010  train return +251.52%  loss 4.71e-05  maxQ +0.0189  changes   488  8.6 min
episode 587/1013  eps 0.010  train return  +24.92%  loss 4.04e-05  maxQ +0.0175  changes   489  8.6 min
episode 588/1013  eps 0.010  train return +187.96%  loss 4.10e-05  maxQ +0.0177  changes   513  8.6 min
episode 589/1013  eps 0.010  train return  +32.74%  loss 4.26e-05  maxQ +0.0180  changes   483  8.6 min
episode 590/1013  eps 0.010  train return  +70.19%  loss 4.14e-05  maxQ +0.0173  changes   498  8.6 min | val return -18.85% (best +8.76%)
episode 591/1013  eps 0.010  train return  +59.86%  loss 3.83e-05  maxQ +0.0166  changes   476  8.7 min
episode 592/1013  eps 0.010  train return  +19.25%  loss 3.95e-05  maxQ +0.0169  changes   459  8.7 min
episode 593/1013  eps 0.010  train return +179.07%  loss 4.48e-05  maxQ +0.0168  changes   491  8.7 min
episode 594/1013  eps 0.010  train return  +18.78%  loss 4.15e-05  maxQ +0.0172  changes   459  8.7 min
episode 595/1013  eps 0.010  train return  +11.45%  loss 4.00e-05  maxQ +0.0167  changes   486  8.7 min
episode 596/1013  eps 0.010  train return  +53.40%  loss 4.13e-05  maxQ +0.0168  changes   461  8.7 min
episode 597/1013  eps 0.010  train return  +34.85%  loss 4.34e-05  maxQ +0.0170  changes   487  8.7 min
episode 598/1013  eps 0.010  train return +132.03%  loss 4.26e-05  maxQ +0.0170  changes   458  8.8 min
episode 599/1013  eps 0.010  train return  +31.09%  loss 4.44e-05  maxQ +0.0175  changes   433  8.8 min
episode 600/1013  eps 0.010  train return +157.83%  loss 4.18e-05  maxQ +0.0177  changes   498  8.8 min | val return -21.13% (best +8.76%)
episode 601/1013  eps 0.010  train return +234.43%  loss 4.62e-05  maxQ +0.0178  changes   513  8.8 min
episode 602/1013  eps 0.010  train return  +37.63%  loss 4.77e-05  maxQ +0.0179  changes   479  8.8 min
episode 603/1013  eps 0.010  train return  +69.28%  loss 4.44e-05  maxQ +0.0184  changes   492  8.8 min
episode 604/1013  eps 0.010  train return +123.44%  loss 4.64e-05  maxQ +0.0188  changes   493  8.9 min
episode 605/1013  eps 0.010  train return +124.40%  loss 4.39e-05  maxQ +0.0191  changes   446  8.9 min
episode 606/1013  eps 0.010  train return +374.20%  loss 4.56e-05  maxQ +0.0175  changes   486  8.9 min
episode 607/1013  eps 0.010  train return +185.44%  loss 4.45e-05  maxQ +0.0184  changes   511  8.9 min
episode 608/1013  eps 0.010  train return  +27.78%  loss 4.69e-05  maxQ +0.0186  changes   469  8.9 min
episode 609/1013  eps 0.010  train return  +23.95%  loss 4.80e-05  maxQ +0.0187  changes   485  8.9 min
episode 610/1013  eps 0.010  train return  +28.11%  loss 4.43e-05  maxQ +0.0182  changes   463  9.0 min | val return -9.23% (best +8.76%)
episode 611/1013  eps 0.010  train return  +42.39%  loss 4.63e-05  maxQ +0.0185  changes   454  9.0 min
episode 612/1013  eps 0.010  train return +264.59%  loss 5.15e-05  maxQ +0.0194  changes   511  9.0 min
episode 613/1013  eps 0.010  train return  +38.64%  loss 4.66e-05  maxQ +0.0195  changes   486  9.0 min
episode 614/1013  eps 0.010  train return  +66.19%  loss 4.39e-05  maxQ +0.0187  changes   473  9.0 min
episode 615/1013  eps 0.010  train return  +10.83%  loss 4.50e-05  maxQ +0.0186  changes   487  9.0 min
episode 616/1013  eps 0.010  train return  +29.89%  loss 4.88e-05  maxQ +0.0189  changes   474  9.0 min
episode 617/1013  eps 0.010  train return  +33.98%  loss 4.50e-05  maxQ +0.0187  changes   482  9.1 min
episode 618/1013  eps 0.010  train return  +27.28%  loss 4.76e-05  maxQ +0.0189  changes   491  9.1 min
episode 619/1013  eps 0.010  train return  +48.93%  loss 4.90e-05  maxQ +0.0187  changes   502  9.1 min
episode 620/1013  eps 0.010  train return  +51.32%  loss 5.21e-05  maxQ +0.0193  changes   473  9.1 min | val return -21.61% (best +8.76%)
episode 621/1013  eps 0.010  train return +206.60%  loss 4.87e-05  maxQ +0.0190  changes   492  9.1 min
episode 622/1013  eps 0.010  train return  +59.53%  loss 4.87e-05  maxQ +0.0195  changes   452  9.1 min
episode 623/1013  eps 0.010  train return  +27.80%  loss 4.72e-05  maxQ +0.0195  changes   462  9.2 min
episode 624/1013  eps 0.010  train return  +43.49%  loss 4.38e-05  maxQ +0.0194  changes   479  9.2 min
episode 625/1013  eps 0.010  train return  +96.93%  loss 4.48e-05  maxQ +0.0196  changes   481  9.2 min
episode 626/1013  eps 0.010  train return +127.29%  loss 4.92e-05  maxQ +0.0197  changes   494  9.2 min
episode 627/1013  eps 0.010  train return +218.37%  loss 4.53e-05  maxQ +0.0186  changes   494  9.2 min
episode 628/1013  eps 0.010  train return +136.21%  loss 4.45e-05  maxQ +0.0186  changes   485  9.2 min
episode 629/1013  eps 0.010  train return  +49.04%  loss 4.39e-05  maxQ +0.0182  changes   455  9.2 min
episode 630/1013  eps 0.010  train return +202.74%  loss 4.37e-05  maxQ +0.0177  changes   493  9.3 min | val return -13.97% (best +8.76%)
episode 631/1013  eps 0.010  train return  +28.85%  loss 4.23e-05  maxQ +0.0181  changes   479  9.3 min
episode 632/1013  eps 0.010  train return  +37.84%  loss 3.96e-05  maxQ +0.0182  changes   431  9.3 min
episode 633/1013  eps 0.010  train return +177.46%  loss 4.23e-05  maxQ +0.0176  changes   493  9.3 min
episode 634/1013  eps 0.010  train return  +64.05%  loss 4.52e-05  maxQ +0.0181  changes   479  9.3 min
episode 635/1013  eps 0.010  train return  +79.39%  loss 3.95e-05  maxQ +0.0179  changes   497  9.3 min
episode 636/1013  eps 0.010  train return  +24.40%  loss 4.10e-05  maxQ +0.0180  changes   474  9.4 min
episode 637/1013  eps 0.010  train return   -0.29%  loss 4.17e-05  maxQ +0.0176  changes   462  9.4 min
episode 638/1013  eps 0.010  train return +441.25%  loss 4.15e-05  maxQ +0.0179  changes   502  9.4 min
episode 639/1013  eps 0.010  train return +145.92%  loss 4.36e-05  maxQ +0.0178  changes   519  9.4 min
episode 640/1013  eps 0.010  train return +450.95%  loss 4.87e-05  maxQ +0.0179  changes   505  9.4 min | val return -15.38% (best +8.76%)
episode 641/1013  eps 0.010  train return  +42.04%  loss 4.57e-05  maxQ +0.0175  changes   483  9.4 min
episode 642/1013  eps 0.010  train return +352.14%  loss 4.41e-05  maxQ +0.0178  changes   503  9.4 min
episode 643/1013  eps 0.010  train return +184.02%  loss 4.48e-05  maxQ +0.0175  changes   493  9.5 min
episode 644/1013  eps 0.010  train return +173.48%  loss 4.39e-05  maxQ +0.0186  changes   497  9.5 min
episode 645/1013  eps 0.010  train return   -5.19%  loss 4.62e-05  maxQ +0.0186  changes   445  9.5 min
episode 646/1013  eps 0.010  train return   +1.63%  loss 4.52e-05  maxQ +0.0190  changes   495  9.5 min
episode 647/1013  eps 0.010  train return  +42.85%  loss 4.59e-05  maxQ +0.0190  changes   464  9.5 min
episode 648/1013  eps 0.010  train return +630.79%  loss 4.43e-05  maxQ +0.0184  changes   504  9.5 min
episode 649/1013  eps 0.010  train return +101.42%  loss 4.27e-05  maxQ +0.0186  changes   493  9.5 min
episode 650/1013  eps 0.010  train return +201.30%  loss 4.51e-05  maxQ +0.0186  changes   531  9.6 min | val return -18.41% (best +8.76%)
episode 651/1013  eps 0.010  train return +354.15%  loss 4.74e-05  maxQ +0.0188  changes   487  9.6 min
episode 652/1013  eps 0.010  train return +121.52%  loss 4.78e-05  maxQ +0.0193  changes   495  9.6 min
episode 653/1013  eps 0.010  train return  +33.05%  loss 4.78e-05  maxQ +0.0188  changes   480  9.6 min
episode 654/1013  eps 0.010  train return  +14.55%  loss 4.79e-05  maxQ +0.0185  changes   413  9.6 min
episode 655/1013  eps 0.010  train return  +43.31%  loss 4.80e-05  maxQ +0.0192  changes   461  9.6 min
episode 656/1013  eps 0.010  train return  +29.66%  loss 4.75e-05  maxQ +0.0196  changes   506  9.7 min
episode 657/1013  eps 0.010  train return +164.83%  loss 4.49e-05  maxQ +0.0191  changes   494  9.7 min
episode 658/1013  eps 0.010  train return  +21.23%  loss 4.43e-05  maxQ +0.0186  changes   459  9.7 min
episode 659/1013  eps 0.010  train return  +81.64%  loss 4.58e-05  maxQ +0.0185  changes   473  9.7 min
episode 660/1013  eps 0.010  train return +287.62%  loss 4.71e-05  maxQ +0.0182  changes   505  9.7 min | val return -19.48% (best +8.76%)
episode 661/1013  eps 0.010  train return  +50.11%  loss 4.73e-05  maxQ +0.0184  changes   482  9.7 min
episode 662/1013  eps 0.010  train return  +55.45%  loss 4.60e-05  maxQ +0.0181  changes   482  9.8 min
episode 663/1013  eps 0.010  train return  +16.48%  loss 4.54e-05  maxQ +0.0183  changes   471  9.8 min
episode 664/1013  eps 0.010  train return +184.69%  loss 4.22e-05  maxQ +0.0183  changes   471  9.8 min
episode 665/1013  eps 0.010  train return +223.37%  loss 4.64e-05  maxQ +0.0189  changes   513  9.8 min
episode 666/1013  eps 0.010  train return +219.60%  loss 4.62e-05  maxQ +0.0186  changes   535  9.8 min
episode 667/1013  eps 0.010  train return  +35.94%  loss 4.17e-05  maxQ +0.0185  changes   501  9.8 min
episode 668/1013  eps 0.010  train return  +93.03%  loss 4.54e-05  maxQ +0.0188  changes   507  9.8 min
episode 669/1013  eps 0.010  train return +304.40%  loss 4.28e-05  maxQ +0.0179  changes   514  9.9 min
episode 670/1013  eps 0.010  train return +256.76%  loss 4.52e-05  maxQ +0.0179  changes   505  9.9 min | val return -25.00% (best +8.76%)
episode 671/1013  eps 0.010  train return  +70.48%  loss 4.35e-05  maxQ +0.0182  changes   499  9.9 min
episode 672/1013  eps 0.010  train return +295.17%  loss 4.59e-05  maxQ +0.0192  changes   475  9.9 min
episode 673/1013  eps 0.010  train return   -2.96%  loss 4.65e-05  maxQ +0.0189  changes   451  9.9 min
episode 674/1013  eps 0.010  train return  +41.70%  loss 4.77e-05  maxQ +0.0195  changes   492  9.9 min
episode 675/1013  eps 0.010  train return +395.31%  loss 5.28e-05  maxQ +0.0201  changes   529  10.0 min
episode 676/1013  eps 0.010  train return +185.66%  loss 4.97e-05  maxQ +0.0203  changes   501  10.0 min
episode 677/1013  eps 0.010  train return +190.23%  loss 4.98e-05  maxQ +0.0199  changes   512  10.0 min
episode 678/1013  eps 0.010  train return  +69.30%  loss 4.79e-05  maxQ +0.0197  changes   491  10.0 min
episode 679/1013  eps 0.010  train return  +36.53%  loss 4.97e-05  maxQ +0.0205  changes   481  10.0 min
episode 680/1013  eps 0.010  train return  +57.78%  loss 4.85e-05  maxQ +0.0202  changes   454  10.0 min | val return -30.73% (best +8.76%)
episode 681/1013  eps 0.010  train return  +24.43%  loss 4.94e-05  maxQ +0.0200  changes   506  10.1 min
episode 682/1013  eps 0.010  train return  +83.24%  loss 4.43e-05  maxQ +0.0199  changes   481  10.1 min
episode 683/1013  eps 0.010  train return  +20.91%  loss 4.61e-05  maxQ +0.0191  changes   485  10.1 min
episode 684/1013  eps 0.010  train return +245.99%  loss 4.93e-05  maxQ +0.0187  changes   501  10.1 min
episode 685/1013  eps 0.010  train return +322.96%  loss 5.00e-05  maxQ +0.0196  changes   485  10.1 min
episode 686/1013  eps 0.010  train return +443.92%  loss 4.89e-05  maxQ +0.0192  changes   509  10.1 min
episode 687/1013  eps 0.010  train return +694.45%  loss 4.67e-05  maxQ +0.0200  changes   489  10.1 min
episode 688/1013  eps 0.010  train return  +27.24%  loss 4.75e-05  maxQ +0.0196  changes   457  10.2 min
episode 689/1013  eps 0.010  train return +368.35%  loss 5.25e-05  maxQ +0.0193  changes   512  10.2 min
episode 690/1013  eps 0.010  train return  +13.66%  loss 4.89e-05  maxQ +0.0195  changes   504  10.2 min | val return -27.74% (best +8.76%)
episode 691/1013  eps 0.010  train return +573.49%  loss 5.31e-05  maxQ +0.0195  changes   503  10.2 min
episode 692/1013  eps 0.010  train return  +70.63%  loss 4.62e-05  maxQ +0.0189  changes   478  10.2 min
episode 693/1013  eps 0.010  train return +319.65%  loss 4.93e-05  maxQ +0.0193  changes   532  10.2 min
episode 694/1013  eps 0.010  train return  +38.10%  loss 5.38e-05  maxQ +0.0194  changes   475  10.3 min
episode 695/1013  eps 0.010  train return +107.70%  loss 5.19e-05  maxQ +0.0204  changes   510  10.3 min
episode 696/1013  eps 0.010  train return +525.18%  loss 5.05e-05  maxQ +0.0200  changes   538  10.3 min
episode 697/1013  eps 0.010  train return  +78.26%  loss 4.78e-05  maxQ +0.0196  changes   486  10.3 min
episode 698/1013  eps 0.010  train return  +25.01%  loss 4.88e-05  maxQ +0.0199  changes   490  10.3 min
episode 699/1013  eps 0.010  train return  +35.33%  loss 4.71e-05  maxQ +0.0191  changes   427  10.3 min
episode 700/1013  eps 0.010  train return  +34.88%  loss 5.23e-05  maxQ +0.0189  changes   469  10.3 min | val return -31.83% (best +8.76%)
episode 701/1013  eps 0.010  train return  +42.08%  loss 4.40e-05  maxQ +0.0201  changes   489  10.4 min
episode 702/1013  eps 0.010  train return   -5.28%  loss 4.60e-05  maxQ +0.0199  changes   462  10.4 min
episode 703/1013  eps 0.010  train return  +53.40%  loss 4.69e-05  maxQ +0.0201  changes   463  10.4 min
episode 704/1013  eps 0.010  train return   +4.87%  loss 4.58e-05  maxQ +0.0194  changes   417  10.4 min
episode 705/1013  eps 0.010  train return  +30.76%  loss 4.85e-05  maxQ +0.0191  changes   502  10.4 min
episode 706/1013  eps 0.010  train return +283.63%  loss 4.68e-05  maxQ +0.0196  changes   527  10.5 min
episode 707/1013  eps 0.010  train return  +67.33%  loss 4.97e-05  maxQ +0.0197  changes   450  10.5 min
episode 708/1013  eps 0.010  train return +108.15%  loss 5.33e-05  maxQ +0.0206  changes   528  10.5 min
episode 709/1013  eps 0.010  train return +220.75%  loss 4.91e-05  maxQ +0.0205  changes   493  10.5 min
episode 710/1013  eps 0.010  train return +234.92%  loss 4.53e-05  maxQ +0.0204  changes   502  10.5 min | val return -22.45% (best +8.76%)
episode 711/1013  eps 0.010  train return +167.03%  loss 4.53e-05  maxQ +0.0200  changes   513  10.5 min
episode 712/1013  eps 0.010  train return +218.40%  loss 5.11e-05  maxQ +0.0194  changes   505  10.5 min
episode 713/1013  eps 0.010  train return +269.45%  loss 4.85e-05  maxQ +0.0196  changes   497  10.6 min
episode 714/1013  eps 0.010  train return  +51.08%  loss 5.23e-05  maxQ +0.0202  changes   483  10.6 min
episode 715/1013  eps 0.010  train return  +60.64%  loss 5.28e-05  maxQ +0.0207  changes   481  10.6 min
episode 716/1013  eps 0.010  train return +130.24%  loss 4.58e-05  maxQ +0.0193  changes   476  10.6 min
episode 717/1013  eps 0.010  train return  +37.53%  loss 4.65e-05  maxQ +0.0188  changes   456  10.6 min
episode 718/1013  eps 0.010  train return +187.98%  loss 4.20e-05  maxQ +0.0192  changes   474  10.6 min
episode 719/1013  eps 0.010  train return +237.01%  loss 4.63e-05  maxQ +0.0184  changes   512  10.6 min
episode 720/1013  eps 0.010  train return  +32.67%  loss 4.80e-05  maxQ +0.0193  changes   455  10.7 min | val return -18.23% (best +8.76%)
episode 721/1013  eps 0.010  train return  +66.65%  loss 4.47e-05  maxQ +0.0192  changes   511  10.7 min
episode 722/1013  eps 0.010  train return  +60.16%  loss 4.51e-05  maxQ +0.0189  changes   464  10.7 min
episode 723/1013  eps 0.010  train return  +78.92%  loss 4.62e-05  maxQ +0.0194  changes   491  10.7 min
episode 724/1013  eps 0.010  train return  +43.00%  loss 4.64e-05  maxQ +0.0197  changes   489  10.7 min
episode 725/1013  eps 0.010  train return +101.19%  loss 4.78e-05  maxQ +0.0192  changes   468  10.7 min
episode 726/1013  eps 0.010  train return  +64.01%  loss 4.54e-05  maxQ +0.0185  changes   481  10.8 min
episode 727/1013  eps 0.010  train return +223.38%  loss 4.34e-05  maxQ +0.0184  changes   505  10.8 min
episode 728/1013  eps 0.010  train return +310.11%  loss 4.51e-05  maxQ +0.0186  changes   497  10.8 min
episode 729/1013  eps 0.010  train return +187.46%  loss 4.67e-05  maxQ +0.0193  changes   493  10.8 min
episode 730/1013  eps 0.010  train return +123.86%  loss 4.79e-05  maxQ +0.0192  changes   475  10.8 min | val return -18.12% (best +8.76%)
episode 731/1013  eps 0.010  train return  +17.43%  loss 4.37e-05  maxQ +0.0181  changes   477  10.8 min
episode 732/1013  eps 0.010  train return +196.71%  loss 4.27e-05  maxQ +0.0185  changes   483  10.9 min
episode 733/1013  eps 0.010  train return  +32.99%  loss 4.36e-05  maxQ +0.0181  changes   403  10.9 min
episode 734/1013  eps 0.010  train return  +39.61%  loss 4.35e-05  maxQ +0.0189  changes   459  10.9 min
episode 735/1013  eps 0.010  train return  +41.82%  loss 4.50e-05  maxQ +0.0185  changes   456  10.9 min
episode 736/1013  eps 0.010  train return +236.60%  loss 4.69e-05  maxQ +0.0189  changes   487  10.9 min
episode 737/1013  eps 0.010  train return +241.36%  loss 4.54e-05  maxQ +0.0196  changes   528  10.9 min
episode 738/1013  eps 0.010  train return +328.55%  loss 4.84e-05  maxQ +0.0193  changes   503  10.9 min
episode 739/1013  eps 0.010  train return +145.97%  loss 5.31e-05  maxQ +0.0193  changes   482  11.0 min
episode 740/1013  eps 0.010  train return  +68.47%  loss 4.87e-05  maxQ +0.0201  changes   471  11.0 min | val return +1.29% (best +8.76%)
episode 741/1013  eps 0.010  train return  +21.01%  loss 5.04e-05  maxQ +0.0200  changes   430  11.0 min
episode 742/1013  eps 0.010  train return  +19.03%  loss 4.77e-05  maxQ +0.0193  changes   434  11.0 min
episode 743/1013  eps 0.010  train return +264.13%  loss 4.67e-05  maxQ +0.0195  changes   476  11.0 min
episode 744/1013  eps 0.010  train return +160.51%  loss 4.95e-05  maxQ +0.0194  changes   506  11.0 min
episode 745/1013  eps 0.010  train return +230.23%  loss 4.81e-05  maxQ +0.0192  changes   488  11.0 min
episode 746/1013  eps 0.010  train return  +37.47%  loss 4.90e-05  maxQ +0.0193  changes   471  11.1 min
episode 747/1013  eps 0.010  train return  +93.75%  loss 5.18e-05  maxQ +0.0197  changes   458  11.1 min
episode 748/1013  eps 0.010  train return  +61.37%  loss 5.01e-05  maxQ +0.0199  changes   478  11.1 min
episode 749/1013  eps 0.010  train return +159.20%  loss 4.70e-05  maxQ +0.0202  changes   466  11.1 min
episode 750/1013  eps 0.010  train return  +22.37%  loss 4.77e-05  maxQ +0.0198  changes   459  11.1 min | val return -21.89% (best +8.76%)
episode 751/1013  eps 0.010  train return +249.21%  loss 4.67e-05  maxQ +0.0200  changes   485  11.1 min
episode 752/1013  eps 0.010  train return  +47.27%  loss 4.95e-05  maxQ +0.0197  changes   449  11.2 min
episode 753/1013  eps 0.010  train return +292.38%  loss 5.26e-05  maxQ +0.0196  changes   493  11.2 min
episode 754/1013  eps 0.010  train return  +57.09%  loss 5.15e-05  maxQ +0.0199  changes   428  11.2 min
episode 755/1013  eps 0.010  train return +139.44%  loss 4.89e-05  maxQ +0.0208  changes   474  11.2 min
episode 756/1013  eps 0.010  train return +127.83%  loss 5.15e-05  maxQ +0.0203  changes   483  11.2 min
episode 757/1013  eps 0.010  train return  +30.96%  loss 4.83e-05  maxQ +0.0200  changes   418  11.2 min
episode 758/1013  eps 0.010  train return   +7.22%  loss 4.60e-05  maxQ +0.0197  changes   423  11.3 min
episode 759/1013  eps 0.010  train return  +74.39%  loss 4.80e-05  maxQ +0.0198  changes   483  11.3 min
episode 760/1013  eps 0.010  train return  +10.35%  loss 4.78e-05  maxQ +0.0193  changes   478  11.3 min | val return -18.28% (best +8.76%)
episode 761/1013  eps 0.010  train return +199.13%  loss 4.95e-05  maxQ +0.0190  changes   480  11.3 min
episode 762/1013  eps 0.010  train return  +63.61%  loss 4.38e-05  maxQ +0.0184  changes   420  11.3 min
episode 763/1013  eps 0.010  train return  +49.50%  loss 4.97e-05  maxQ +0.0187  changes   475  11.3 min
episode 764/1013  eps 0.010  train return  +94.07%  loss 4.33e-05  maxQ +0.0184  changes   468  11.3 min
episode 765/1013  eps 0.010  train return  +45.78%  loss 4.30e-05  maxQ +0.0185  changes   457  11.4 min
episode 766/1013  eps 0.010  train return  +26.40%  loss 4.65e-05  maxQ +0.0190  changes   430  11.4 min
episode 767/1013  eps 0.010  train return +150.34%  loss 5.17e-05  maxQ +0.0193  changes   485  11.4 min
episode 768/1013  eps 0.010  train return +132.12%  loss 4.54e-05  maxQ +0.0188  changes   462  11.4 min
episode 769/1013  eps 0.010  train return +375.74%  loss 4.54e-05  maxQ +0.0185  changes   506  11.4 min
episode 770/1013  eps 0.010  train return  +58.36%  loss 4.60e-05  maxQ +0.0184  changes   479  11.4 min | val return -20.28% (best +8.76%)
episode 771/1013  eps 0.010  train return   -1.09%  loss 4.51e-05  maxQ +0.0177  changes   355  11.5 min
episode 772/1013  eps 0.010  train return  +70.86%  loss 4.57e-05  maxQ +0.0188  changes   465  11.5 min
episode 773/1013  eps 0.010  train return +117.79%  loss 4.65e-05  maxQ +0.0188  changes   456  11.5 min
episode 774/1013  eps 0.010  train return   +2.60%  loss 4.46e-05  maxQ +0.0185  changes   405  11.5 min
episode 775/1013  eps 0.010  train return  +15.80%  loss 4.44e-05  maxQ +0.0196  changes   436  11.5 min
episode 776/1013  eps 0.010  train return +164.91%  loss 4.74e-05  maxQ +0.0195  changes   490  11.5 min
episode 777/1013  eps 0.010  train return +237.06%  loss 4.56e-05  maxQ +0.0193  changes   461  11.5 min
episode 778/1013  eps 0.010  train return  +31.81%  loss 4.31e-05  maxQ +0.0192  changes   399  11.6 min
episode 779/1013  eps 0.010  train return  +58.24%  loss 4.54e-05  maxQ +0.0192  changes   459  11.6 min
episode 780/1013  eps 0.010  train return +311.05%  loss 4.73e-05  maxQ +0.0205  changes   487  11.6 min | val return -15.08% (best +8.76%)
episode 781/1013  eps 0.010  train return +178.70%  loss 4.48e-05  maxQ +0.0194  changes   485  11.6 min
episode 782/1013  eps 0.010  train return +159.84%  loss 4.75e-05  maxQ +0.0195  changes   485  11.6 min
episode 783/1013  eps 0.010  train return  +34.40%  loss 4.78e-05  maxQ +0.0195  changes   449  11.6 min
episode 784/1013  eps 0.010  train return  +63.82%  loss 4.67e-05  maxQ +0.0191  changes   441  11.7 min
episode 785/1013  eps 0.010  train return +134.46%  loss 4.89e-05  maxQ +0.0193  changes   432  11.7 min
episode 786/1013  eps 0.010  train return +110.25%  loss 4.69e-05  maxQ +0.0188  changes   460  11.7 min
episode 787/1013  eps 0.010  train return   +6.41%  loss 5.09e-05  maxQ +0.0204  changes   459  11.7 min
episode 788/1013  eps 0.010  train return +416.42%  loss 4.95e-05  maxQ +0.0201  changes   489  11.7 min
episode 789/1013  eps 0.010  train return +318.19%  loss 4.86e-05  maxQ +0.0203  changes   490  11.7 min
episode 790/1013  eps 0.010  train return  +59.87%  loss 4.56e-05  maxQ +0.0196  changes   490  11.7 min | val return -9.80% (best +8.76%)
episode 791/1013  eps 0.010  train return  +12.35%  loss 4.73e-05  maxQ +0.0193  changes   430  11.8 min
episode 792/1013  eps 0.010  train return  +10.00%  loss 4.87e-05  maxQ +0.0192  changes   450  11.8 min
episode 793/1013  eps 0.010  train return +336.18%  loss 4.45e-05  maxQ +0.0190  changes   484  11.8 min
episode 794/1013  eps 0.010  train return  +60.64%  loss 4.60e-05  maxQ +0.0183  changes   483  11.8 min
episode 795/1013  eps 0.010  train return  +96.66%  loss 4.63e-05  maxQ +0.0191  changes   467  11.8 min
episode 796/1013  eps 0.010  train return  +49.30%  loss 4.58e-05  maxQ +0.0182  changes   472  11.8 min
episode 797/1013  eps 0.010  train return +121.55%  loss 4.42e-05  maxQ +0.0190  changes   490  11.9 min
episode 798/1013  eps 0.010  train return  +68.71%  loss 4.62e-05  maxQ +0.0193  changes   440  11.9 min
episode 799/1013  eps 0.010  train return  +34.96%  loss 4.81e-05  maxQ +0.0195  changes   405  11.9 min
episode 800/1013  eps 0.010  train return  +32.82%  loss 4.87e-05  maxQ +0.0196  changes   459  11.9 min | val return -15.28% (best +8.76%)
episode 801/1013  eps 0.010  train return  +37.45%  loss 4.73e-05  maxQ +0.0195  changes   459  11.9 min
episode 802/1013  eps 0.010  train return  +47.68%  loss 4.57e-05  maxQ +0.0196  changes   459  11.9 min
episode 803/1013  eps 0.010  train return +108.69%  loss 4.45e-05  maxQ +0.0186  changes   487  12.0 min
episode 804/1013  eps 0.010  train return +242.25%  loss 4.79e-05  maxQ +0.0191  changes   448  12.0 min
episode 805/1013  eps 0.010  train return +508.49%  loss 4.67e-05  maxQ +0.0188  changes   484  12.0 min
episode 806/1013  eps 0.010  train return  +30.30%  loss 4.48e-05  maxQ +0.0185  changes   416  12.0 min
episode 807/1013  eps 0.010  train return  +65.18%  loss 4.69e-05  maxQ +0.0190  changes   439  12.0 min
episode 808/1013  eps 0.010  train return  +75.29%  loss 4.66e-05  maxQ +0.0197  changes   447  12.0 min
episode 809/1013  eps 0.010  train return  +29.05%  loss 4.68e-05  maxQ +0.0198  changes   483  12.0 min
episode 810/1013  eps 0.010  train return +184.05%  loss 4.26e-05  maxQ +0.0192  changes   492  12.1 min | val return -31.93% (best +8.76%)
episode 811/1013  eps 0.010  train return  +48.27%  loss 4.56e-05  maxQ +0.0190  changes   436  12.1 min
episode 812/1013  eps 0.010  train return  +34.59%  loss 3.97e-05  maxQ +0.0188  changes   457  12.1 min
episode 813/1013  eps 0.010  train return  +36.31%  loss 4.17e-05  maxQ +0.0191  changes   458  12.1 min
episode 814/1013  eps 0.010  train return  +77.31%  loss 4.21e-05  maxQ +0.0187  changes   487  12.1 min
episode 815/1013  eps 0.010  train return +359.27%  loss 4.32e-05  maxQ +0.0189  changes   476  12.1 min
episode 816/1013  eps 0.010  train return  +51.61%  loss 4.26e-05  maxQ +0.0185  changes   493  12.2 min
episode 817/1013  eps 0.010  train return +346.68%  loss 4.25e-05  maxQ +0.0190  changes   494  12.2 min
episode 818/1013  eps 0.010  train return  +14.54%  loss 4.50e-05  maxQ +0.0186  changes   446  12.2 min
episode 819/1013  eps 0.010  train return  +59.19%  loss 4.19e-05  maxQ +0.0185  changes   473  12.2 min
episode 820/1013  eps 0.010  train return  +12.43%  loss 4.29e-05  maxQ +0.0176  changes   429  12.2 min | val return -20.38% (best +8.76%)
episode 821/1013  eps 0.010  train return +263.90%  loss 4.22e-05  maxQ +0.0181  changes   491  12.2 min
episode 822/1013  eps 0.010  train return +479.77%  loss 4.18e-05  maxQ +0.0180  changes   507  12.3 min
episode 823/1013  eps 0.010  train return  +97.20%  loss 4.21e-05  maxQ +0.0188  changes   506  12.3 min
episode 824/1013  eps 0.010  train return  +30.32%  loss 4.54e-05  maxQ +0.0187  changes   489  12.3 min
episode 825/1013  eps 0.010  train return  +19.00%  loss 4.39e-05  maxQ +0.0183  changes   483  12.3 min
episode 826/1013  eps 0.010  train return +151.35%  loss 4.09e-05  maxQ +0.0181  changes   461  12.3 min
episode 827/1013  eps 0.010  train return  +35.20%  loss 3.98e-05  maxQ +0.0178  changes   467  12.3 min
episode 828/1013  eps 0.010  train return +192.34%  loss 4.33e-05  maxQ +0.0184  changes   477  12.3 min
episode 829/1013  eps 0.010  train return  +25.48%  loss 4.45e-05  maxQ +0.0192  changes   437  12.4 min
episode 830/1013  eps 0.010  train return +232.40%  loss 4.43e-05  maxQ +0.0183  changes   456  12.4 min | val return -24.57% (best +8.76%)
episode 831/1013  eps 0.010  train return  +50.41%  loss 4.24e-05  maxQ +0.0189  changes   483  12.4 min
episode 832/1013  eps 0.010  train return +374.18%  loss 4.38e-05  maxQ +0.0195  changes   481  12.4 min
episode 833/1013  eps 0.010  train return  +48.61%  loss 4.28e-05  maxQ +0.0181  changes   462  12.4 min
episode 834/1013  eps 0.010  train return  +41.94%  loss 4.02e-05  maxQ +0.0177  changes   442  12.4 min
episode 835/1013  eps 0.010  train return  +84.45%  loss 4.31e-05  maxQ +0.0183  changes   465  12.5 min
episode 836/1013  eps 0.010  train return +552.27%  loss 4.10e-05  maxQ +0.0180  changes   471  12.5 min
episode 837/1013  eps 0.010  train return  +37.00%  loss 4.21e-05  maxQ +0.0188  changes   468  12.5 min
episode 838/1013  eps 0.010  train return  +33.86%  loss 4.27e-05  maxQ +0.0190  changes   455  12.5 min
episode 839/1013  eps 0.010  train return  +72.76%  loss 4.24e-05  maxQ +0.0193  changes   472  12.5 min
episode 840/1013  eps 0.010  train return  +26.18%  loss 4.50e-05  maxQ +0.0186  changes   447  12.5 min | val return -25.12% (best +8.76%)
episode 841/1013  eps 0.010  train return  +61.44%  loss 4.09e-05  maxQ +0.0185  changes   425  12.6 min
episode 842/1013  eps 0.010  train return +428.66%  loss 4.09e-05  maxQ +0.0189  changes   475  12.6 min
episode 843/1013  eps 0.010  train return +252.45%  loss 3.91e-05  maxQ +0.0190  changes   454  12.6 min
episode 844/1013  eps 0.010  train return  +82.83%  loss 4.16e-05  maxQ +0.0186  changes   484  12.6 min
episode 845/1013  eps 0.010  train return +128.77%  loss 4.57e-05  maxQ +0.0191  changes   459  12.6 min
episode 846/1013  eps 0.010  train return  +73.63%  loss 4.36e-05  maxQ +0.0193  changes   445  12.6 min
episode 847/1013  eps 0.010  train return +105.48%  loss 4.44e-05  maxQ +0.0192  changes   452  12.6 min
episode 848/1013  eps 0.010  train return  +43.03%  loss 4.48e-05  maxQ +0.0191  changes   485  12.7 min
episode 849/1013  eps 0.010  train return +106.23%  loss 4.12e-05  maxQ +0.0181  changes   491  12.7 min
episode 850/1013  eps 0.010  train return  +52.66%  loss 4.31e-05  maxQ +0.0185  changes   461  12.7 min | val return -14.94% (best +8.76%)
episode 851/1013  eps 0.010  train return  +47.70%  loss 4.24e-05  maxQ +0.0180  changes   451  12.7 min
episode 852/1013  eps 0.010  train return +229.88%  loss 4.25e-05  maxQ +0.0180  changes   507  12.7 min
episode 853/1013  eps 0.010  train return  +24.31%  loss 4.21e-05  maxQ +0.0183  changes   409  12.7 min
episode 854/1013  eps 0.010  train return +223.23%  loss 4.64e-05  maxQ +0.0181  changes   487  12.8 min
episode 855/1013  eps 0.010  train return  +40.53%  loss 4.14e-05  maxQ +0.0178  changes   457  12.8 min
episode 856/1013  eps 0.010  train return +195.80%  loss 4.71e-05  maxQ +0.0187  changes   501  12.8 min
episode 857/1013  eps 0.010  train return +329.47%  loss 4.51e-05  maxQ +0.0185  changes   461  12.8 min
episode 858/1013  eps 0.010  train return +148.90%  loss 4.40e-05  maxQ +0.0186  changes   477  12.8 min
episode 859/1013  eps 0.010  train return  +62.43%  loss 4.49e-05  maxQ +0.0184  changes   459  12.8 min
episode 860/1013  eps 0.010  train return  +69.59%  loss 4.60e-05  maxQ +0.0192  changes   437  12.8 min | val return -28.95% (best +8.76%)
episode 861/1013  eps 0.010  train return  +76.11%  loss 4.56e-05  maxQ +0.0193  changes   486  12.9 min
episode 862/1013  eps 0.010  train return +320.90%  loss 4.22e-05  maxQ +0.0185  changes   467  12.9 min
episode 863/1013  eps 0.010  train return   +3.46%  loss 4.14e-05  maxQ +0.0182  changes   430  12.9 min
episode 864/1013  eps 0.010  train return +175.60%  loss 4.46e-05  maxQ +0.0182  changes   455  12.9 min
episode 865/1013  eps 0.010  train return  +61.61%  loss 4.46e-05  maxQ +0.0185  changes   424  12.9 min
episode 866/1013  eps 0.010  train return   +7.23%  loss 4.17e-05  maxQ +0.0186  changes   425  12.9 min
episode 867/1013  eps 0.010  train return  +77.78%  loss 4.09e-05  maxQ +0.0184  changes   482  12.9 min
episode 868/1013  eps 0.010  train return  +90.72%  loss 4.55e-05  maxQ +0.0191  changes   462  13.0 min
episode 869/1013  eps 0.010  train return +175.68%  loss 4.21e-05  maxQ +0.0186  changes   489  13.0 min
episode 870/1013  eps 0.010  train return +205.05%  loss 4.31e-05  maxQ +0.0193  changes   475  13.0 min | val return -29.10% (best +8.76%)
episode 871/1013  eps 0.010  train return +124.61%  loss 4.36e-05  maxQ +0.0193  changes   473  13.0 min
episode 872/1013  eps 0.010  train return  +73.84%  loss 4.30e-05  maxQ +0.0189  changes   448  13.0 min
episode 873/1013  eps 0.010  train return  +19.13%  loss 4.32e-05  maxQ +0.0189  changes   467  13.0 min
episode 874/1013  eps 0.010  train return   -0.36%  loss 4.52e-05  maxQ +0.0189  changes   411  13.1 min
episode 875/1013  eps 0.010  train return +252.42%  loss 4.39e-05  maxQ +0.0190  changes   465  13.1 min
episode 876/1013  eps 0.010  train return  +65.07%  loss 4.19e-05  maxQ +0.0194  changes   449  13.1 min
episode 877/1013  eps 0.010  train return +105.40%  loss 4.20e-05  maxQ +0.0187  changes   470  13.1 min
episode 878/1013  eps 0.010  train return  +11.66%  loss 4.63e-05  maxQ +0.0191  changes   462  13.1 min
episode 879/1013  eps 0.010  train return +146.18%  loss 4.10e-05  maxQ +0.0186  changes   499  13.1 min
episode 880/1013  eps 0.010  train return +271.87%  loss 4.38e-05  maxQ +0.0185  changes   459  13.2 min | val return -17.92% (best +8.76%)
episode 881/1013  eps 0.010  train return +397.01%  loss 4.81e-05  maxQ +0.0191  changes   509  13.2 min
episode 882/1013  eps 0.010  train return +127.94%  loss 4.67e-05  maxQ +0.0189  changes   442  13.2 min
episode 883/1013  eps 0.010  train return +169.70%  loss 5.18e-05  maxQ +0.0197  changes   465  13.2 min
episode 884/1013  eps 0.010  train return +100.10%  loss 4.90e-05  maxQ +0.0198  changes   484  13.2 min
episode 885/1013  eps 0.010  train return  +49.21%  loss 4.72e-05  maxQ +0.0199  changes   468  13.2 min
episode 886/1013  eps 0.010  train return  +33.00%  loss 4.40e-05  maxQ +0.0191  changes   444  13.3 min
episode 887/1013  eps 0.010  train return   +5.87%  loss 4.54e-05  maxQ +0.0192  changes   457  13.3 min
episode 888/1013  eps 0.010  train return  +56.51%  loss 4.12e-05  maxQ +0.0189  changes   433  13.3 min
episode 889/1013  eps 0.010  train return +284.12%  loss 4.49e-05  maxQ +0.0183  changes   493  13.3 min
episode 890/1013  eps 0.010  train return +111.74%  loss 4.33e-05  maxQ +0.0188  changes   460  13.3 min | val return -28.99% (best +8.76%)
episode 891/1013  eps 0.010  train return +364.47%  loss 4.77e-05  maxQ +0.0192  changes   494  13.3 min
episode 892/1013  eps 0.010  train return +149.95%  loss 4.53e-05  maxQ +0.0190  changes   472  13.4 min
episode 893/1013  eps 0.010  train return  +98.62%  loss 4.27e-05  maxQ +0.0186  changes   459  13.4 min
episode 894/1013  eps 0.010  train return +156.33%  loss 4.75e-05  maxQ +0.0192  changes   469  13.4 min
episode 895/1013  eps 0.010  train return  +94.68%  loss 4.33e-05  maxQ +0.0188  changes   453  13.4 min
episode 896/1013  eps 0.010  train return +155.25%  loss 4.25e-05  maxQ +0.0193  changes   478  13.4 min
episode 897/1013  eps 0.010  train return +175.28%  loss 4.52e-05  maxQ +0.0191  changes   495  13.4 min
episode 898/1013  eps 0.010  train return  +47.98%  loss 4.61e-05  maxQ +0.0189  changes   451  13.4 min
episode 899/1013  eps 0.010  train return +571.84%  loss 4.83e-05  maxQ +0.0198  changes   515  13.5 min
episode 900/1013  eps 0.010  train return  +36.14%  loss 4.65e-05  maxQ +0.0196  changes   440  13.5 min | val return -23.55% (best +8.76%)
episode 901/1013  eps 0.010  train return +421.92%  loss 4.78e-05  maxQ +0.0196  changes   474  13.5 min
episode 902/1013  eps 0.010  train return +207.56%  loss 4.85e-05  maxQ +0.0206  changes   509  13.5 min
episode 903/1013  eps 0.010  train return  +41.22%  loss 4.51e-05  maxQ +0.0205  changes   463  13.5 min
episode 904/1013  eps 0.010  train return +134.16%  loss 4.93e-05  maxQ +0.0197  changes   475  13.5 min
episode 905/1013  eps 0.010  train return  +41.68%  loss 5.08e-05  maxQ +0.0197  changes   469  13.6 min
episode 906/1013  eps 0.010  train return +150.88%  loss 4.68e-05  maxQ +0.0194  changes   468  13.6 min
episode 907/1013  eps 0.010  train return +274.84%  loss 4.82e-05  maxQ +0.0195  changes   511  13.6 min
episode 908/1013  eps 0.010  train return +267.35%  loss 4.77e-05  maxQ +0.0201  changes   484  13.6 min
episode 909/1013  eps 0.010  train return  +58.93%  loss 4.38e-05  maxQ +0.0191  changes   466  13.6 min
episode 910/1013  eps 0.010  train return  +45.78%  loss 4.67e-05  maxQ +0.0190  changes   452  13.6 min | val return -19.72% (best +8.76%)
episode 911/1013  eps 0.010  train return +195.73%  loss 4.68e-05  maxQ +0.0196  changes   505  13.7 min
episode 912/1013  eps 0.010  train return +473.01%  loss 4.85e-05  maxQ +0.0199  changes   502  13.7 min
episode 913/1013  eps 0.010  train return  +24.75%  loss 4.71e-05  maxQ +0.0202  changes   453  13.7 min
episode 914/1013  eps 0.010  train return +313.01%  loss 4.38e-05  maxQ +0.0193  changes   469  13.7 min
episode 915/1013  eps 0.010  train return  +20.49%  loss 4.45e-05  maxQ +0.0186  changes   452  13.7 min
episode 916/1013  eps 0.010  train return  +70.90%  loss 4.28e-05  maxQ +0.0188  changes   478  13.7 min
episode 917/1013  eps 0.010  train return  +84.44%  loss 4.41e-05  maxQ +0.0194  changes   457  13.7 min
episode 918/1013  eps 0.010  train return +239.93%  loss 4.47e-05  maxQ +0.0198  changes   503  13.7 min
episode 919/1013  eps 0.010  train return   -3.79%  loss 4.67e-05  maxQ +0.0200  changes   446  13.8 min
episode 920/1013  eps 0.010  train return  +93.41%  loss 4.68e-05  maxQ +0.0201  changes   488  13.8 min | val return -24.06% (best +8.76%)
episode 921/1013  eps 0.010  train return  +12.11%  loss 4.65e-05  maxQ +0.0188  changes   448  13.8 min
episode 922/1013  eps 0.010  train return  +91.30%  loss 4.52e-05  maxQ +0.0202  changes   471  13.8 min
episode 923/1013  eps 0.010  train return +188.86%  loss 4.45e-05  maxQ +0.0190  changes   466  13.8 min
episode 924/1013  eps 0.010  train return  +85.81%  loss 4.81e-05  maxQ +0.0190  changes   483  13.8 min
episode 925/1013  eps 0.010  train return +117.64%  loss 4.83e-05  maxQ +0.0194  changes   493  13.9 min
episode 926/1013  eps 0.010  train return  +99.25%  loss 4.38e-05  maxQ +0.0192  changes   487  13.9 min
episode 927/1013  eps 0.010  train return  +85.33%  loss 4.51e-05  maxQ +0.0189  changes   476  13.9 min
episode 928/1013  eps 0.010  train return  +20.70%  loss 4.38e-05  maxQ +0.0186  changes   448  13.9 min
episode 929/1013  eps 0.010  train return  +32.97%  loss 4.43e-05  maxQ +0.0198  changes   442  13.9 min
episode 930/1013  eps 0.010  train return +292.06%  loss 4.62e-05  maxQ +0.0203  changes   481  13.9 min | val return +7.34% (best +8.76%)
episode 931/1013  eps 0.010  train return  +34.61%  loss 4.51e-05  maxQ +0.0196  changes   421  14.0 min
episode 932/1013  eps 0.010  train return +162.74%  loss 4.58e-05  maxQ +0.0202  changes   455  14.0 min
episode 933/1013  eps 0.010  train return  +52.44%  loss 4.47e-05  maxQ +0.0204  changes   469  14.0 min
episode 934/1013  eps 0.010  train return +140.54%  loss 4.59e-05  maxQ +0.0194  changes   488  14.0 min
episode 935/1013  eps 0.010  train return  +49.26%  loss 4.19e-05  maxQ +0.0187  changes   476  14.0 min
episode 936/1013  eps 0.010  train return  +41.81%  loss 4.16e-05  maxQ +0.0187  changes   448  14.0 min
episode 937/1013  eps 0.010  train return  +46.86%  loss 4.28e-05  maxQ +0.0189  changes   416  14.0 min
episode 938/1013  eps 0.010  train return +262.18%  loss 4.41e-05  maxQ +0.0188  changes   510  14.0 min
episode 939/1013  eps 0.010  train return +192.46%  loss 4.62e-05  maxQ +0.0189  changes   502  14.1 min
episode 940/1013  eps 0.010  train return  +48.89%  loss 4.49e-05  maxQ +0.0193  changes   441  14.1 min | val return -26.32% (best +8.76%)
episode 941/1013  eps 0.010  train return +110.32%  loss 4.60e-05  maxQ +0.0186  changes   432  14.1 min
episode 942/1013  eps 0.010  train return +366.84%  loss 4.39e-05  maxQ +0.0184  changes   487  14.1 min
episode 943/1013  eps 0.010  train return  +94.09%  loss 4.09e-05  maxQ +0.0179  changes   461  14.1 min
episode 944/1013  eps 0.010  train return +117.22%  loss 4.15e-05  maxQ +0.0179  changes   469  14.1 min
episode 945/1013  eps 0.010  train return  +46.89%  loss 4.39e-05  maxQ +0.0180  changes   396  14.2 min
episode 946/1013  eps 0.010  train return +924.46%  loss 4.29e-05  maxQ +0.0188  changes   478  14.2 min
episode 947/1013  eps 0.010  train return  +59.06%  loss 4.90e-05  maxQ +0.0198  changes   445  14.2 min
episode 948/1013  eps 0.010  train return  +41.62%  loss 4.61e-05  maxQ +0.0197  changes   406  14.2 min
episode 949/1013  eps 0.010  train return +485.90%  loss 4.28e-05  maxQ +0.0199  changes   498  14.2 min
episode 950/1013  eps 0.010  train return +193.35%  loss 4.43e-05  maxQ +0.0190  changes   513  14.2 min | val return -22.69% (best +8.76%)
episode 951/1013  eps 0.010  train return +422.12%  loss 4.29e-05  maxQ +0.0187  changes   476  14.2 min
episode 952/1013  eps 0.010  train return +189.06%  loss 4.07e-05  maxQ +0.0183  changes   489  14.2 min
episode 953/1013  eps 0.010  train return +109.08%  loss 4.12e-05  maxQ +0.0183  changes   467  14.3 min
episode 954/1013  eps 0.010  train return +157.79%  loss 3.99e-05  maxQ +0.0181  changes   507  14.3 min
episode 955/1013  eps 0.010  train return   +7.33%  loss 4.29e-05  maxQ +0.0189  changes   393  14.3 min
episode 956/1013  eps 0.010  train return  +47.29%  loss 4.41e-05  maxQ +0.0189  changes   455  14.3 min
episode 957/1013  eps 0.010  train return +471.94%  loss 4.55e-05  maxQ +0.0196  changes   499  14.3 min
episode 958/1013  eps 0.010  train return +517.16%  loss 4.32e-05  maxQ +0.0196  changes   504  14.3 min
episode 959/1013  eps 0.010  train return  +35.00%  loss 4.82e-05  maxQ +0.0192  changes   430  14.3 min
episode 960/1013  eps 0.010  train return +227.45%  loss 4.60e-05  maxQ +0.0192  changes   503  14.3 min | val return -11.88% (best +8.76%)
episode 961/1013  eps 0.010  train return  +54.54%  loss 4.75e-05  maxQ +0.0192  changes   434  14.4 min
episode 962/1013  eps 0.010  train return  +89.53%  loss 4.59e-05  maxQ +0.0183  changes   471  14.4 min
episode 963/1013  eps 0.010  train return  +80.81%  loss 4.50e-05  maxQ +0.0191  changes   454  14.4 min
episode 964/1013  eps 0.010  train return +209.95%  loss 4.58e-05  maxQ +0.0198  changes   469  14.4 min
episode 965/1013  eps 0.010  train return  +64.10%  loss 4.72e-05  maxQ +0.0198  changes   472  14.4 min
episode 966/1013  eps 0.010  train return  +89.91%  loss 4.63e-05  maxQ +0.0200  changes   479  14.4 min
episode 967/1013  eps 0.010  train return  +64.15%  loss 4.67e-05  maxQ +0.0195  changes   414  14.4 min
episode 968/1013  eps 0.010  train return +153.32%  loss 4.60e-05  maxQ +0.0193  changes   467  14.4 min
episode 969/1013  eps 0.010  train return  +55.62%  loss 4.26e-05  maxQ +0.0190  changes   434  14.5 min
episode 970/1013  eps 0.010  train return  +11.64%  loss 4.17e-05  maxQ +0.0196  changes   356  14.5 min | val return -16.59% (best +8.76%)
episode 971/1013  eps 0.010  train return  +41.53%  loss 4.47e-05  maxQ +0.0207  changes   444  14.5 min
episode 972/1013  eps 0.010  train return +537.19%  loss 4.90e-05  maxQ +0.0208  changes   482  14.5 min
episode 973/1013  eps 0.010  train return +121.13%  loss 4.57e-05  maxQ +0.0201  changes   450  14.5 min
episode 974/1013  eps 0.010  train return  +75.21%  loss 4.60e-05  maxQ +0.0201  changes   443  14.5 min
episode 975/1013  eps 0.010  train return  +15.91%  loss 4.55e-05  maxQ +0.0193  changes   411  14.5 min
episode 976/1013  eps 0.010  train return  +46.91%  loss 4.65e-05  maxQ +0.0202  changes   421  14.5 min
episode 977/1013  eps 0.010  train return  +75.15%  loss 4.65e-05  maxQ +0.0198  changes   438  14.5 min
episode 978/1013  eps 0.010  train return  +38.37%  loss 4.42e-05  maxQ +0.0187  changes   430  14.6 min
episode 979/1013  eps 0.010  train return +176.47%  loss 4.22e-05  maxQ +0.0182  changes   471  14.6 min
episode 980/1013  eps 0.010  train return +105.75%  loss 4.44e-05  maxQ +0.0186  changes   434  14.6 min | val return -11.76% (best +8.76%)
episode 981/1013  eps 0.010  train return  +78.64%  loss 4.29e-05  maxQ +0.0184  changes   476  14.6 min
episode 982/1013  eps 0.010  train return +225.91%  loss 3.98e-05  maxQ +0.0183  changes   475  14.6 min
episode 983/1013  eps 0.010  train return +197.11%  loss 4.27e-05  maxQ +0.0183  changes   449  14.6 min
episode 984/1013  eps 0.010  train return  +82.69%  loss 4.27e-05  maxQ +0.0177  changes   430  14.6 min
episode 985/1013  eps 0.010  train return +191.30%  loss 4.41e-05  maxQ +0.0177  changes   476  14.6 min
episode 986/1013  eps 0.010  train return +130.23%  loss 4.37e-05  maxQ +0.0176  changes   475  14.6 min
episode 987/1013  eps 0.010  train return +116.77%  loss 4.41e-05  maxQ +0.0183  changes   445  14.6 min
episode 988/1013  eps 0.010  train return +127.73%  loss 4.28e-05  maxQ +0.0182  changes   447  14.6 min
episode 989/1013  eps 0.010  train return  +28.32%  loss 4.46e-05  maxQ +0.0191  changes   416  14.7 min
episode 990/1013  eps 0.010  train return  +29.13%  loss 4.39e-05  maxQ +0.0190  changes   406  14.7 min | val return -8.83% (best +8.76%)
episode 991/1013  eps 0.010  train return  +52.51%  loss 4.22e-05  maxQ +0.0193  changes   454  14.7 min
episode 992/1013  eps 0.010  train return  +58.94%  loss 4.32e-05  maxQ +0.0192  changes   422  14.7 min
episode 993/1013  eps 0.010  train return  +51.06%  loss 4.04e-05  maxQ +0.0189  changes   399  14.7 min
episode 994/1013  eps 0.010  train return  +27.85%  loss 4.20e-05  maxQ +0.0186  changes   403  14.7 min
episode 995/1013  eps 0.010  train return +100.83%  loss 3.87e-05  maxQ +0.0177  changes   452  14.7 min
episode 996/1013  eps 0.010  train return  +50.20%  loss 4.07e-05  maxQ +0.0184  changes   429  14.7 min
episode 997/1013  eps 0.010  train return  +59.86%  loss 3.91e-05  maxQ +0.0181  changes   441  14.7 min
episode 998/1013  eps 0.010  train return +114.82%  loss 4.03e-05  maxQ +0.0186  changes   456  14.7 min
episode 999/1013  eps 0.010  train return  +95.19%  loss 4.28e-05  maxQ +0.0184  changes   479  14.7 min
episode 1000/1013  eps 0.010  train return +160.45%  loss 4.37e-05  maxQ +0.0192  changes   486  14.7 min | val return -8.34% (best +8.76%)
episode 1001/1013  eps 0.010  train return +206.39%  loss 4.53e-05  maxQ +0.0197  changes   461  14.8 min
episode 1002/1013  eps 0.010  train return  +51.64%  loss 4.45e-05  maxQ +0.0188  changes   431  14.8 min
episode 1003/1013  eps 0.010  train return  +35.24%  loss 4.40e-05  maxQ +0.0185  changes   409  14.8 min
episode 1004/1013  eps 0.010  train return +147.16%  loss 4.21e-05  maxQ +0.0182  changes   460  14.8 min
episode 1005/1013  eps 0.010  train return  +29.28%  loss 4.48e-05  maxQ +0.0180  changes   404  14.8 min
episode 1006/1013  eps 0.010  train return  +68.45%  loss 4.52e-05  maxQ +0.0188  changes   428  14.8 min
episode 1007/1013  eps 0.010  train return  +60.69%  loss 4.66e-05  maxQ +0.0185  changes   426  14.8 min
episode 1008/1013  eps 0.010  train return  +33.28%  loss 4.50e-05  maxQ +0.0192  changes   423  14.8 min
episode 1009/1013  eps 0.010  train return  +81.88%  loss 4.28e-05  maxQ +0.0183  changes   439  14.8 min
episode 1010/1013  eps 0.010  train return  +17.18%  loss 4.30e-05  maxQ +0.0191  changes   380  14.8 min | val return -12.99% (best +8.76%)
episode 1011/1013  eps 0.010  train return +106.84%  loss 4.09e-05  maxQ +0.0189  changes   474  14.8 min
episode 1012/1013  eps 0.010  train return  +40.54%  loss 4.06e-05  maxQ +0.0187  changes   411  14.8 min
episode 1013/1013  eps 0.010  train return  +20.80%  loss 3.92e-05  maxQ +0.0182  changes   432  14.9 min | val return -7.52% (best +8.76%)
model    env  portfolio_return  excess_return  n_changes
 last    val         -0.075214      -0.032597      989.4
 last val_w1         -0.002542       0.024373      521.4
 last val_w2         -0.066047      -0.050613      484.7
 best    val          0.086815       0.129433      941.9
 best val_w1         -0.000990       0.025925      528.9
 best val_w2          0.065788       0.081222      430.8
