Downloaded data: 30,528 candles, 2023-03-25 00:00:00+00:00 to 2026-09-16 23:00:00+00:00; no missing hours
dev_train: 28,152 candles, 2023-04-01 00:00:00+00:00 to 2026-06-16 23:00:00+00:00; no missing hours
val: 1,464 candles, 2026-06-17 00:00:00+00:00 to 2026-08-16 23:00:00+00:00; no missing hours
eval: 744 candles, 2026-08-17 00:00:00+00:00 to 2026-09-16 23:00:00+00:00; no missing hours
episode   1/1013  eps 1.000  train return  -29.06%  loss 3.28e-03  maxQ +0.2632  changes   584  0.0 min
episode   2/1013  eps 0.991  train return   -9.59%  loss 1.39e-03  maxQ +0.2659  changes   579  0.0 min
episode   3/1013  eps 0.982  train return   +1.23%  loss 1.37e-03  maxQ +0.2700  changes   579  0.0 min
episode   4/1013  eps 0.973  train return   +0.96%  loss 1.42e-03  maxQ +0.2627  changes   571  0.0 min
episode   5/1013  eps 0.964  train return  -10.54%  loss 1.63e-03  maxQ +0.2645  changes   580  0.1 min
episode   6/1013  eps 0.955  train return  -27.44%  loss 1.34e-03  maxQ +0.2460  changes   575  0.1 min
episode   7/1013  eps 0.947  train return  -24.08%  loss 9.26e-04  maxQ +0.2381  changes   567  0.1 min
episode   8/1013  eps 0.938  train return  -19.09%  loss 7.29e-04  maxQ +0.2301  changes   569  0.1 min
episode   9/1013  eps 0.929  train return  -25.55%  loss 6.68e-04  maxQ +0.2172  changes   571  0.1 min
episode  10/1013  eps 0.921  train return  +29.43%  loss 6.84e-04  maxQ +0.2011  changes   570  0.1 min | val return +2.19% (best +2.19%)
episode  11/1013  eps 0.913  train return  -24.57%  loss 6.31e-04  maxQ +0.1911  changes   562  0.1 min
episode  12/1013  eps 0.904  train return  -14.37%  loss 4.90e-04  maxQ +0.1849  changes   586  0.1 min
episode  13/1013  eps 0.896  train return   +2.32%  loss 3.92e-04  maxQ +0.1707  changes   535  0.2 min
episode  14/1013  eps 0.888  train return   +2.58%  loss 3.68e-04  maxQ +0.1596  changes   564  0.2 min
episode  15/1013  eps 0.880  train return   -1.54%  loss 3.66e-04  maxQ +0.1619  changes   576  0.2 min
episode  16/1013  eps 0.872  train return   +2.30%  loss 2.85e-04  maxQ +0.1517  changes   574  0.2 min
episode  17/1013  eps 0.864  train return   -4.42%  loss 2.76e-04  maxQ +0.1439  changes   548  0.2 min
episode  18/1013  eps 0.856  train return   -6.80%  loss 2.94e-04  maxQ +0.1359  changes   593  0.2 min
episode  19/1013  eps 0.848  train return  -27.48%  loss 2.45e-04  maxQ +0.1264  changes   573  0.2 min
episode  20/1013  eps 0.841  train return  -16.32%  loss 2.25e-04  maxQ +0.1188  changes   582  0.2 min | val return -24.97% (best +2.19%)
episode  21/1013  eps 0.833  train return   +5.74%  loss 2.12e-04  maxQ +0.1153  changes   580  0.3 min
episode  22/1013  eps 0.825  train return   -7.82%  loss 1.93e-04  maxQ +0.1080  changes   575  0.3 min
episode  23/1013  eps 0.818  train return  -17.12%  loss 1.72e-04  maxQ +0.1049  changes   590  0.3 min
episode  24/1013  eps 0.810  train return  -18.12%  loss 1.61e-04  maxQ +0.1015  changes   578  0.3 min
episode  25/1013  eps 0.803  train return   +2.15%  loss 1.65e-04  maxQ +0.0931  changes   579  0.3 min
episode  26/1013  eps 0.796  train return  -16.36%  loss 1.51e-04  maxQ +0.0880  changes   582  0.3 min
episode  27/1013  eps 0.788  train return  +15.52%  loss 1.34e-04  maxQ +0.0841  changes   589  0.3 min
episode  28/1013  eps 0.781  train return   -1.17%  loss 1.41e-04  maxQ +0.0826  changes   576  0.3 min
episode  29/1013  eps 0.774  train return   -8.53%  loss 1.31e-04  maxQ +0.0806  changes   570  0.4 min
episode  30/1013  eps 0.767  train return   -2.88%  loss 1.23e-04  maxQ +0.0765  changes   567  0.4 min | val return -37.96% (best +2.19%)
episode  31/1013  eps 0.760  train return   -4.04%  loss 1.31e-04  maxQ +0.0757  changes   567  0.4 min
episode  32/1013  eps 0.753  train return  -15.76%  loss 1.38e-04  maxQ +0.0742  changes   573  0.4 min
episode  33/1013  eps 0.746  train return  +10.11%  loss 1.23e-04  maxQ +0.0735  changes   561  0.4 min
episode  34/1013  eps 0.740  train return  -16.73%  loss 1.03e-04  maxQ +0.0693  changes   552  0.4 min
episode  35/1013  eps 0.733  train return  -14.70%  loss 9.89e-05  maxQ +0.0661  changes   557  0.4 min
episode  36/1013  eps 0.726  train return   +9.69%  loss 9.72e-05  maxQ +0.0655  changes   566  0.4 min
episode  37/1013  eps 0.720  train return  +16.38%  loss 9.50e-05  maxQ +0.0654  changes   570  0.4 min
episode  38/1013  eps 0.713  train return  +18.79%  loss 8.87e-05  maxQ +0.0617  changes   565  0.5 min
episode  39/1013  eps 0.707  train return  -19.57%  loss 8.77e-05  maxQ +0.0578  changes   573  0.5 min
episode  40/1013  eps 0.700  train return   +6.23%  loss 9.23e-05  maxQ +0.0576  changes   566  0.5 min | val return -21.44% (best +2.19%)
episode  41/1013  eps 0.694  train return   -3.06%  loss 8.51e-05  maxQ +0.0561  changes   556  0.5 min
episode  42/1013  eps 0.687  train return  -11.69%  loss 7.82e-05  maxQ +0.0540  changes   556  0.5 min
episode  43/1013  eps 0.681  train return   -9.21%  loss 7.10e-05  maxQ +0.0547  changes   565  0.5 min
episode  44/1013  eps 0.675  train return   -1.00%  loss 7.22e-05  maxQ +0.0541  changes   571  0.5 min
episode  45/1013  eps 0.669  train return  +27.09%  loss 7.07e-05  maxQ +0.0505  changes   548  0.5 min
episode  46/1013  eps 0.663  train return   +0.99%  loss 6.91e-05  maxQ +0.0462  changes   562  0.6 min
episode  47/1013  eps 0.657  train return   -8.00%  loss 7.08e-05  maxQ +0.0467  changes   562  0.6 min
episode  48/1013  eps 0.651  train return  -18.02%  loss 7.18e-05  maxQ +0.0465  changes   571  0.6 min
episode  49/1013  eps 0.645  train return  -26.40%  loss 8.14e-05  maxQ +0.0472  changes   561  0.6 min
episode  50/1013  eps 0.639  train return  -19.49%  loss 6.96e-05  maxQ +0.0464  changes   554  0.6 min | val return -29.46% (best +2.19%)
episode  51/1013  eps 0.633  train return   +0.77%  loss 5.57e-05  maxQ +0.0441  changes   553  0.6 min
episode  52/1013  eps 0.627  train return   -4.08%  loss 5.42e-05  maxQ +0.0449  changes   580  0.6 min
episode  53/1013  eps 0.622  train return   -1.37%  loss 5.90e-05  maxQ +0.0437  changes   549  0.6 min
episode  54/1013  eps 0.616  train return   -7.43%  loss 5.30e-05  maxQ +0.0404  changes   567  0.6 min
episode  55/1013  eps 0.610  train return   +2.73%  loss 6.12e-05  maxQ +0.0425  changes   556  0.7 min
episode  56/1013  eps 0.605  train return  -14.80%  loss 5.64e-05  maxQ +0.0437  changes   563  0.7 min
episode  57/1013  eps 0.599  train return   -6.49%  loss 5.22e-05  maxQ +0.0413  changes   556  0.7 min
episode  58/1013  eps 0.594  train return  +26.42%  loss 6.06e-05  maxQ +0.0369  changes   544  0.7 min
episode  59/1013  eps 0.588  train return  -18.50%  loss 5.87e-05  maxQ +0.0375  changes   554  0.7 min
episode  60/1013  eps 0.583  train return  -15.58%  loss 5.48e-05  maxQ +0.0349  changes   543  0.7 min | val return -28.65% (best +2.19%)
episode  61/1013  eps 0.578  train return  -29.87%  loss 5.84e-05  maxQ +0.0359  changes   545  0.7 min
episode  62/1013  eps 0.573  train return  -17.45%  loss 5.42e-05  maxQ +0.0366  changes   578  0.7 min
episode  63/1013  eps 0.567  train return  -19.86%  loss 5.29e-05  maxQ +0.0332  changes   549  0.8 min
episode  64/1013  eps 0.562  train return   -3.70%  loss 4.62e-05  maxQ +0.0317  changes   548  0.8 min
episode  65/1013  eps 0.557  train return  +18.98%  loss 5.02e-05  maxQ +0.0319  changes   540  0.8 min
episode  66/1013  eps 0.552  train return   -3.97%  loss 5.02e-05  maxQ +0.0302  changes   573  0.8 min
episode  67/1013  eps 0.547  train return  -20.50%  loss 4.10e-05  maxQ +0.0297  changes   540  0.8 min
episode  68/1013  eps 0.542  train return  +12.84%  loss 3.91e-05  maxQ +0.0285  changes   557  0.8 min
episode  69/1013  eps 0.537  train return   -6.21%  loss 4.06e-05  maxQ +0.0273  changes   539  0.8 min
episode  70/1013  eps 0.532  train return  -11.26%  loss 4.24e-05  maxQ +0.0293  changes   555  0.8 min | val return -26.92% (best +2.19%)
episode  71/1013  eps 0.527  train return  +28.04%  loss 3.72e-05  maxQ +0.0298  changes   570  0.9 min
episode  72/1013  eps 0.523  train return  -13.90%  loss 4.26e-05  maxQ +0.0297  changes   553  0.9 min
episode  73/1013  eps 0.518  train return   +9.77%  loss 4.60e-05  maxQ +0.0296  changes   545  0.9 min
episode  74/1013  eps 0.513  train return  -15.89%  loss 4.16e-05  maxQ +0.0281  changes   536  0.9 min
episode  75/1013  eps 0.508  train return   -0.19%  loss 3.60e-05  maxQ +0.0287  changes   540  0.9 min
episode  76/1013  eps 0.504  train return  +15.28%  loss 4.64e-05  maxQ +0.0280  changes   532  0.9 min
episode  77/1013  eps 0.499  train return  +18.10%  loss 4.42e-05  maxQ +0.0274  changes   557  0.9 min
episode  78/1013  eps 0.495  train return  -14.69%  loss 3.95e-05  maxQ +0.0265  changes   541  0.9 min
episode  79/1013  eps 0.490  train return  -19.90%  loss 3.70e-05  maxQ +0.0254  changes   539  0.9 min
episode  80/1013  eps 0.486  train return   -8.16%  loss 3.46e-05  maxQ +0.0236  changes   545  1.0 min | val return -13.30% (best +2.19%)
episode  81/1013  eps 0.481  train return  -14.90%  loss 3.72e-05  maxQ +0.0227  changes   538  1.0 min
episode  82/1013  eps 0.477  train return  -10.63%  loss 3.96e-05  maxQ +0.0229  changes   538  1.0 min
episode  83/1013  eps 0.473  train return  +31.24%  loss 3.49e-05  maxQ +0.0226  changes   543  1.0 min
episode  84/1013  eps 0.468  train return  +40.03%  loss 3.80e-05  maxQ +0.0242  changes   544  1.0 min
episode  85/1013  eps 0.464  train return   +1.14%  loss 3.94e-05  maxQ +0.0232  changes   556  1.0 min
episode  86/1013  eps 0.460  train return  -18.38%  loss 3.86e-05  maxQ +0.0249  changes   526  1.0 min
episode  87/1013  eps 0.456  train return  +14.69%  loss 3.68e-05  maxQ +0.0227  changes   545  1.0 min
episode  88/1013  eps 0.451  train return  -10.46%  loss 3.50e-05  maxQ +0.0221  changes   528  1.0 min
episode  89/1013  eps 0.447  train return   -2.82%  loss 3.41e-05  maxQ +0.0210  changes   517  1.1 min
episode  90/1013  eps 0.443  train return  -15.58%  loss 3.51e-05  maxQ +0.0205  changes   533  1.1 min | val return -25.76% (best +2.19%)
episode  91/1013  eps 0.439  train return  -17.53%  loss 3.70e-05  maxQ +0.0210  changes   518  1.1 min
episode  92/1013  eps 0.435  train return  +12.71%  loss 3.48e-05  maxQ +0.0216  changes   506  1.1 min
episode  93/1013  eps 0.431  train return +114.87%  loss 3.50e-05  maxQ +0.0221  changes   538  1.1 min
episode  94/1013  eps 0.427  train return   -7.78%  loss 3.57e-05  maxQ +0.0225  changes   552  1.1 min
episode  95/1013  eps 0.423  train return   +8.44%  loss 3.65e-05  maxQ +0.0201  changes   539  1.1 min
episode  96/1013  eps 0.420  train return   +8.24%  loss 3.39e-05  maxQ +0.0207  changes   533  1.1 min
episode  97/1013  eps 0.416  train return  -15.39%  loss 3.74e-05  maxQ +0.0201  changes   538  1.1 min
episode  98/1013  eps 0.412  train return  -23.09%  loss 3.31e-05  maxQ +0.0199  changes   547  1.2 min
episode  99/1013  eps 0.408  train return   +4.93%  loss 3.77e-05  maxQ +0.0198  changes   524  1.2 min
episode 100/1013  eps 0.405  train return  -10.09%  loss 3.99e-05  maxQ +0.0205  changes   493  1.2 min | val return -17.41% (best +2.19%)
episode 101/1013  eps 0.401  train return  +18.87%  loss 4.12e-05  maxQ +0.0216  changes   528  1.2 min
episode 102/1013  eps 0.397  train return  +66.87%  loss 3.96e-05  maxQ +0.0200  changes   518  1.2 min
episode 103/1013  eps 0.394  train return   +4.62%  loss 3.87e-05  maxQ +0.0190  changes   517  1.2 min
episode 104/1013  eps 0.390  train return  +19.43%  loss 4.03e-05  maxQ +0.0202  changes   529  1.2 min
episode 105/1013  eps 0.386  train return  +21.76%  loss 3.68e-05  maxQ +0.0196  changes   526  1.2 min
episode 106/1013  eps 0.383  train return  -21.28%  loss 3.74e-05  maxQ +0.0173  changes   511  1.3 min
episode 107/1013  eps 0.379  train return  -19.84%  loss 3.79e-05  maxQ +0.0170  changes   502  1.3 min
episode 108/1013  eps 0.376  train return   -2.91%  loss 3.57e-05  maxQ +0.0177  changes   496  1.3 min
episode 109/1013  eps 0.373  train return   -5.50%  loss 3.85e-05  maxQ +0.0189  changes   530  1.3 min
episode 110/1013  eps 0.369  train return  -12.67%  loss 3.68e-05  maxQ +0.0176  changes   511  1.3 min | val return +1.72% (best +2.19%)
episode 111/1013  eps 0.366  train return  +33.16%  loss 3.55e-05  maxQ +0.0179  changes   522  1.3 min
episode 112/1013  eps 0.363  train return   +2.74%  loss 3.56e-05  maxQ +0.0178  changes   506  1.3 min
episode 113/1013  eps 0.359  train return   -4.10%  loss 3.80e-05  maxQ +0.0181  changes   517  1.3 min
episode 114/1013  eps 0.356  train return  -42.06%  loss 3.58e-05  maxQ +0.0188  changes   522  1.4 min
episode 115/1013  eps 0.353  train return   +2.19%  loss 3.57e-05  maxQ +0.0193  changes   525  1.4 min
episode 116/1013  eps 0.349  train return  +10.17%  loss 3.90e-05  maxQ +0.0204  changes   516  1.4 min
episode 117/1013  eps 0.346  train return  +17.85%  loss 3.51e-05  maxQ +0.0195  changes   503  1.4 min
episode 118/1013  eps 0.343  train return  +71.29%  loss 3.82e-05  maxQ +0.0204  changes   533  1.4 min
episode 119/1013  eps 0.340  train return   +1.70%  loss 3.78e-05  maxQ +0.0190  changes   507  1.4 min
episode 120/1013  eps 0.337  train return  +17.20%  loss 3.71e-05  maxQ +0.0180  changes   533  1.4 min | val return -32.48% (best +2.19%)
episode 121/1013  eps 0.334  train return   +9.24%  loss 3.83e-05  maxQ +0.0180  changes   501  1.4 min
episode 122/1013  eps 0.331  train return   -3.35%  loss 4.08e-05  maxQ +0.0173  changes   515  1.5 min
episode 123/1013  eps 0.328  train return  +12.28%  loss 3.72e-05  maxQ +0.0173  changes   522  1.5 min
episode 124/1013  eps 0.325  train return   +3.76%  loss 3.71e-05  maxQ +0.0169  changes   502  1.5 min
episode 125/1013  eps 0.322  train return  +12.36%  loss 3.96e-05  maxQ +0.0186  changes   507  1.5 min
episode 126/1013  eps 0.319  train return  -10.25%  loss 3.90e-05  maxQ +0.0182  changes   530  1.5 min
episode 127/1013  eps 0.316  train return   -7.84%  loss 4.06e-05  maxQ +0.0195  changes   529  1.5 min
episode 128/1013  eps 0.313  train return  -10.51%  loss 3.84e-05  maxQ +0.0190  changes   493  1.5 min
episode 129/1013  eps 0.310  train return  +47.85%  loss 3.92e-05  maxQ +0.0182  changes   539  1.5 min
episode 130/1013  eps 0.308  train return   -3.51%  loss 4.09e-05  maxQ +0.0177  changes   504  1.5 min | val return -26.19% (best +2.19%)
episode 131/1013  eps 0.305  train return  +21.89%  loss 3.84e-05  maxQ +0.0182  changes   533  1.6 min
episode 132/1013  eps 0.302  train return  -14.07%  loss 4.02e-05  maxQ +0.0181  changes   503  1.6 min
episode 133/1013  eps 0.299  train return   -1.21%  loss 4.13e-05  maxQ +0.0173  changes   510  1.6 min
episode 134/1013  eps 0.296  train return   +7.12%  loss 4.01e-05  maxQ +0.0171  changes   542  1.6 min
episode 135/1013  eps 0.294  train return   -4.99%  loss 4.34e-05  maxQ +0.0178  changes   521  1.6 min
episode 136/1013  eps 0.291  train return   +8.64%  loss 4.00e-05  maxQ +0.0178  changes   504  1.6 min
episode 137/1013  eps 0.288  train return  +13.52%  loss 3.85e-05  maxQ +0.0178  changes   522  1.6 min
episode 138/1013  eps 0.286  train return   +5.43%  loss 3.91e-05  maxQ +0.0190  changes   494  1.6 min
episode 139/1013  eps 0.283  train return   -3.20%  loss 3.97e-05  maxQ +0.0181  changes   529  1.7 min
episode 140/1013  eps 0.281  train return  +74.11%  loss 4.08e-05  maxQ +0.0181  changes   515  1.7 min | val return -28.72% (best +2.19%)
episode 141/1013  eps 0.278  train return  +12.45%  loss 3.51e-05  maxQ +0.0184  changes   523  1.7 min
episode 142/1013  eps 0.276  train return   +8.05%  loss 4.06e-05  maxQ +0.0182  changes   511  1.7 min
episode 143/1013  eps 0.273  train return  -30.33%  loss 3.99e-05  maxQ +0.0181  changes   509  1.7 min
episode 144/1013  eps 0.271  train return   -3.12%  loss 3.79e-05  maxQ +0.0179  changes   483  1.7 min
episode 145/1013  eps 0.268  train return   -7.29%  loss 3.81e-05  maxQ +0.0178  changes   503  1.7 min
episode 146/1013  eps 0.266  train return   +3.87%  loss 3.84e-05  maxQ +0.0180  changes   495  1.7 min
episode 147/1013  eps 0.263  train return   +5.68%  loss 3.88e-05  maxQ +0.0183  changes   539  1.8 min
episode 148/1013  eps 0.261  train return  +11.52%  loss 3.77e-05  maxQ +0.0185  changes   516  1.8 min
episode 149/1013  eps 0.258  train return  +21.23%  loss 3.90e-05  maxQ +0.0188  changes   497  1.8 min
episode 150/1013  eps 0.256  train return  +22.60%  loss 3.91e-05  maxQ +0.0186  changes   484  1.8 min | val return -6.21% (best +2.19%)
episode 151/1013  eps 0.254  train return  -17.29%  loss 3.80e-05  maxQ +0.0178  changes   511  1.8 min
episode 152/1013  eps 0.251  train return   -6.60%  loss 3.92e-05  maxQ +0.0184  changes   521  1.8 min
episode 153/1013  eps 0.249  train return   -7.30%  loss 3.80e-05  maxQ +0.0180  changes   503  1.9 min
episode 154/1013  eps 0.247  train return   +5.26%  loss 3.82e-05  maxQ +0.0186  changes   536  1.9 min
episode 155/1013  eps 0.245  train return  +17.21%  loss 3.46e-05  maxQ +0.0177  changes   510  1.9 min
episode 156/1013  eps 0.242  train return  +56.25%  loss 3.76e-05  maxQ +0.0174  changes   527  1.9 min
episode 157/1013  eps 0.240  train return  -11.94%  loss 3.87e-05  maxQ +0.0167  changes   520  1.9 min
episode 158/1013  eps 0.238  train return   -6.47%  loss 3.42e-05  maxQ +0.0165  changes   500  1.9 min
episode 159/1013  eps 0.236  train return  +15.01%  loss 3.62e-05  maxQ +0.0165  changes   517  1.9 min
episode 160/1013  eps 0.234  train return   -5.52%  loss 3.43e-05  maxQ +0.0154  changes   492  2.0 min | val return -27.40% (best +2.19%)
episode 161/1013  eps 0.232  train return  +37.67%  loss 3.56e-05  maxQ +0.0157  changes   529  2.0 min
episode 162/1013  eps 0.230  train return   -7.65%  loss 3.75e-05  maxQ +0.0162  changes   499  2.0 min
episode 163/1013  eps 0.227  train return  +11.24%  loss 4.13e-05  maxQ +0.0161  changes   501  2.0 min
episode 164/1013  eps 0.225  train return  +13.52%  loss 3.70e-05  maxQ +0.0165  changes   497  2.0 min
episode 165/1013  eps 0.223  train return  +67.77%  loss 3.89e-05  maxQ +0.0162  changes   489  2.0 min
episode 166/1013  eps 0.221  train return   -9.59%  loss 3.98e-05  maxQ +0.0167  changes   475  2.0 min
episode 167/1013  eps 0.219  train return  +82.85%  loss 3.28e-05  maxQ +0.0161  changes   538  2.1 min
episode 168/1013  eps 0.217  train return  +30.85%  loss 3.68e-05  maxQ +0.0162  changes   514  2.1 min
episode 169/1013  eps 0.215  train return  +17.72%  loss 3.57e-05  maxQ +0.0156  changes   535  2.1 min
episode 170/1013  eps 0.213  train return  +93.13%  loss 3.83e-05  maxQ +0.0153  changes   496  2.1 min | val return -15.71% (best +2.19%)
episode 171/1013  eps 0.211  train return   +4.79%  loss 3.75e-05  maxQ +0.0160  changes   491  2.1 min
episode 172/1013  eps 0.209  train return  +99.64%  loss 3.57e-05  maxQ +0.0159  changes   525  2.1 min
episode 173/1013  eps 0.208  train return   +1.88%  loss 3.65e-05  maxQ +0.0168  changes   510  2.2 min
episode 174/1013  eps 0.206  train return  +60.75%  loss 3.84e-05  maxQ +0.0167  changes   517  2.2 min
episode 175/1013  eps 0.204  train return +114.13%  loss 3.34e-05  maxQ +0.0163  changes   498  2.2 min
episode 176/1013  eps 0.202  train return  +28.85%  loss 3.87e-05  maxQ +0.0167  changes   506  2.2 min
episode 177/1013  eps 0.200  train return  +17.71%  loss 4.06e-05  maxQ +0.0167  changes   492  2.2 min
episode 178/1013  eps 0.198  train return  +16.28%  loss 4.04e-05  maxQ +0.0164  changes   519  2.2 min
episode 179/1013  eps 0.196  train return  -20.19%  loss 4.17e-05  maxQ +0.0161  changes   510  2.2 min
episode 180/1013  eps 0.195  train return  +47.08%  loss 3.79e-05  maxQ +0.0156  changes   511  2.3 min | val return -25.12% (best +2.19%)
episode 181/1013  eps 0.193  train return   +8.88%  loss 4.03e-05  maxQ +0.0163  changes   497  2.3 min
episode 182/1013  eps 0.191  train return  +93.73%  loss 4.86e-05  maxQ +0.0172  changes   497  2.3 min
episode 183/1013  eps 0.189  train return   -1.22%  loss 5.06e-05  maxQ +0.0190  changes   440  2.3 min
episode 184/1013  eps 0.188  train return +110.68%  loss 4.37e-05  maxQ +0.0173  changes   511  2.3 min
episode 185/1013  eps 0.186  train return   -9.79%  loss 4.70e-05  maxQ +0.0180  changes   508  2.3 min
episode 186/1013  eps 0.184  train return   -0.33%  loss 4.46e-05  maxQ +0.0179  changes   479  2.4 min
episode 187/1013  eps 0.183  train return   -3.69%  loss 4.25e-05  maxQ +0.0170  changes   488  2.4 min
episode 188/1013  eps 0.181  train return  +10.50%  loss 4.37e-05  maxQ +0.0168  changes   495  2.4 min
episode 189/1013  eps 0.179  train return  +13.76%  loss 4.78e-05  maxQ +0.0161  changes   462  2.4 min
episode 190/1013  eps 0.178  train return   +6.66%  loss 3.92e-05  maxQ +0.0162  changes   486  2.4 min | val return -42.18% (best +2.19%)
episode 191/1013  eps 0.176  train return   +9.67%  loss 4.49e-05  maxQ +0.0163  changes   472  2.4 min
episode 192/1013  eps 0.174  train return   +2.06%  loss 4.42e-05  maxQ +0.0169  changes   517  2.4 min
episode 193/1013  eps 0.173  train return  +61.44%  loss 4.33e-05  maxQ +0.0174  changes   499  2.5 min
episode 194/1013  eps 0.171  train return   -4.13%  loss 4.11e-05  maxQ +0.0169  changes   465  2.5 min
episode 195/1013  eps 0.170  train return +168.17%  loss 4.21e-05  maxQ +0.0162  changes   490  2.5 min
episode 196/1013  eps 0.168  train return  +76.38%  loss 4.19e-05  maxQ +0.0175  changes   532  2.5 min
episode 197/1013  eps 0.167  train return   +1.24%  loss 4.34e-05  maxQ +0.0169  changes   484  2.5 min
episode 198/1013  eps 0.165  train return  +39.69%  loss 4.42e-05  maxQ +0.0173  changes   513  2.5 min
episode 199/1013  eps 0.164  train return  -18.48%  loss 4.38e-05  maxQ +0.0172  changes   484  2.5 min
episode 200/1013  eps 0.162  train return   +7.61%  loss 4.28e-05  maxQ +0.0189  changes   457  2.6 min | val return -25.00% (best +2.19%)
episode 201/1013  eps 0.161  train return  +20.84%  loss 4.31e-05  maxQ +0.0181  changes   525  2.6 min
episode 202/1013  eps 0.159  train return  +18.36%  loss 3.90e-05  maxQ +0.0176  changes   516  2.6 min
episode 203/1013  eps 0.158  train return  +12.59%  loss 4.41e-05  maxQ +0.0185  changes   493  2.6 min
episode 204/1013  eps 0.156  train return  +13.10%  loss 4.41e-05  maxQ +0.0210  changes   476  2.6 min
episode 205/1013  eps 0.155  train return  +82.69%  loss 4.56e-05  maxQ +0.0186  changes   494  2.6 min
episode 206/1013  eps 0.154  train return  +14.08%  loss 4.33e-05  maxQ +0.0178  changes   482  2.7 min
episode 207/1013  eps 0.152  train return   +4.89%  loss 4.49e-05  maxQ +0.0180  changes   503  2.7 min
episode 208/1013  eps 0.151  train return  +11.26%  loss 4.35e-05  maxQ +0.0178  changes   489  2.7 min
episode 209/1013  eps 0.149  train return  +25.84%  loss 4.41e-05  maxQ +0.0174  changes   492  2.7 min
episode 210/1013  eps 0.148  train return   +3.63%  loss 4.45e-05  maxQ +0.0178  changes   452  2.7 min | val return -14.89% (best +2.19%)
episode 211/1013  eps 0.147  train return  -16.16%  loss 4.45e-05  maxQ +0.0184  changes   442  2.7 min
episode 212/1013  eps 0.145  train return  +47.84%  loss 4.25e-05  maxQ +0.0168  changes   469  2.8 min
episode 213/1013  eps 0.144  train return  +19.43%  loss 4.92e-05  maxQ +0.0175  changes   466  2.8 min
episode 214/1013  eps 0.143  train return  -12.80%  loss 4.13e-05  maxQ +0.0177  changes   461  2.8 min
episode 215/1013  eps 0.141  train return  +19.41%  loss 4.38e-05  maxQ +0.0174  changes   501  2.8 min
episode 216/1013  eps 0.140  train return  -17.34%  loss 4.41e-05  maxQ +0.0178  changes   530  2.8 min
episode 217/1013  eps 0.139  train return  +38.66%  loss 4.48e-05  maxQ +0.0178  changes   527  2.8 min
episode 218/1013  eps 0.138  train return  +10.89%  loss 4.19e-05  maxQ +0.0173  changes   495  2.8 min
episode 219/1013  eps 0.136  train return   +8.92%  loss 4.32e-05  maxQ +0.0173  changes   500  2.9 min
episode 220/1013  eps 0.135  train return   +5.05%  loss 4.70e-05  maxQ +0.0172  changes   511  2.9 min | val return -23.59% (best +2.19%)
episode 221/1013  eps 0.134  train return  +10.00%  loss 4.58e-05  maxQ +0.0173  changes   509  2.9 min
episode 222/1013  eps 0.133  train return   -7.75%  loss 4.95e-05  maxQ +0.0189  changes   513  2.9 min
episode 223/1013  eps 0.131  train return  +21.93%  loss 5.32e-05  maxQ +0.0197  changes   506  2.9 min
episode 224/1013  eps 0.130  train return  +18.42%  loss 4.86e-05  maxQ +0.0192  changes   475  2.9 min
episode 225/1013  eps 0.129  train return  +56.30%  loss 4.68e-05  maxQ +0.0180  changes   516  3.0 min
episode 226/1013  eps 0.128  train return  +13.33%  loss 4.59e-05  maxQ +0.0189  changes   483  3.0 min
episode 227/1013  eps 0.127  train return  +10.88%  loss 4.96e-05  maxQ +0.0188  changes   467  3.0 min
episode 228/1013  eps 0.126  train return  +78.07%  loss 4.97e-05  maxQ +0.0192  changes   516  3.0 min
episode 229/1013  eps 0.124  train return  +67.04%  loss 5.23e-05  maxQ +0.0203  changes   515  3.0 min
episode 230/1013  eps 0.123  train return  +26.66%  loss 6.38e-05  maxQ +0.0194  changes   468  3.0 min | val return -9.31% (best +2.19%)
episode 231/1013  eps 0.122  train return  +43.13%  loss 5.48e-05  maxQ +0.0195  changes   469  3.0 min
episode 232/1013  eps 0.121  train return  +75.51%  loss 5.07e-05  maxQ +0.0193  changes   495  3.1 min
episode 233/1013  eps 0.120  train return   -3.16%  loss 4.79e-05  maxQ +0.0190  changes   469  3.1 min
episode 234/1013  eps 0.119  train return +150.09%  loss 4.83e-05  maxQ +0.0198  changes   494  3.1 min
episode 235/1013  eps 0.118  train return  +12.58%  loss 5.22e-05  maxQ +0.0200  changes   493  3.1 min
episode 236/1013  eps 0.117  train return   +9.66%  loss 4.89e-05  maxQ +0.0195  changes   507  3.1 min
episode 237/1013  eps 0.116  train return  +48.33%  loss 4.75e-05  maxQ +0.0182  changes   500  3.1 min
episode 238/1013  eps 0.115  train return  +53.38%  loss 4.98e-05  maxQ +0.0188  changes   489  3.1 min
episode 239/1013  eps 0.114  train return  -26.13%  loss 5.37e-05  maxQ +0.0182  changes   476  3.2 min
episode 240/1013  eps 0.112  train return  +60.16%  loss 4.92e-05  maxQ +0.0183  changes   527  3.2 min | val return -24.01% (best +2.19%)
episode 241/1013  eps 0.111  train return +131.55%  loss 4.60e-05  maxQ +0.0176  changes   512  3.2 min
episode 242/1013  eps 0.110  train return  +72.73%  loss 4.98e-05  maxQ +0.0191  changes   503  3.2 min
episode 243/1013  eps 0.109  train return  +34.23%  loss 4.56e-05  maxQ +0.0172  changes   492  3.2 min
episode 244/1013  eps 0.108  train return  +52.45%  loss 4.42e-05  maxQ +0.0179  changes   492  3.2 min
episode 245/1013  eps 0.107  train return +140.47%  loss 4.52e-05  maxQ +0.0173  changes   503  3.3 min
episode 246/1013  eps 0.106  train return +201.24%  loss 4.64e-05  maxQ +0.0172  changes   481  3.3 min
episode 247/1013  eps 0.106  train return +198.64%  loss 4.84e-05  maxQ +0.0178  changes   488  3.3 min
episode 248/1013  eps 0.105  train return   -6.61%  loss 4.82e-05  maxQ +0.0172  changes   533  3.3 min
episode 249/1013  eps 0.104  train return  +25.52%  loss 4.55e-05  maxQ +0.0177  changes   501  3.3 min
episode 250/1013  eps 0.103  train return  +44.75%  loss 5.10e-05  maxQ +0.0177  changes   482  3.3 min | val return -37.75% (best +2.19%)
episode 251/1013  eps 0.102  train return  -14.13%  loss 4.79e-05  maxQ +0.0180  changes   480  3.4 min
episode 252/1013  eps 0.101  train return  +81.86%  loss 4.63e-05  maxQ +0.0179  changes   493  3.4 min
episode 253/1013  eps 0.100  train return  +74.57%  loss 4.79e-05  maxQ +0.0181  changes   489  3.4 min
episode 254/1013  eps 0.099  train return  +16.03%  loss 5.10e-05  maxQ +0.0186  changes   448  3.4 min
episode 255/1013  eps 0.098  train return  +67.82%  loss 4.88e-05  maxQ +0.0186  changes   502  3.4 min
episode 256/1013  eps 0.097  train return  +65.93%  loss 4.56e-05  maxQ +0.0173  changes   558  3.4 min
episode 257/1013  eps 0.096  train return  +18.38%  loss 4.49e-05  maxQ +0.0174  changes   465  3.4 min
episode 258/1013  eps 0.095  train return  +30.68%  loss 4.54e-05  maxQ +0.0170  changes   468  3.5 min
episode 259/1013  eps 0.095  train return  +57.51%  loss 4.49e-05  maxQ +0.0173  changes   492  3.5 min
episode 260/1013  eps 0.094  train return  +71.71%  loss 4.65e-05  maxQ +0.0170  changes   493  3.5 min | val return -14.90% (best +2.19%)
episode 261/1013  eps 0.093  train return  +45.91%  loss 4.80e-05  maxQ +0.0168  changes   458  3.5 min
episode 262/1013  eps 0.092  train return  +80.37%  loss 4.53e-05  maxQ +0.0167  changes   509  3.5 min
episode 263/1013  eps 0.091  train return  +33.28%  loss 4.79e-05  maxQ +0.0175  changes   502  3.6 min
episode 264/1013  eps 0.090  train return  +18.14%  loss 4.50e-05  maxQ +0.0183  changes   493  3.6 min
episode 265/1013  eps 0.090  train return  +76.64%  loss 4.49e-05  maxQ +0.0185  changes   508  3.6 min
episode 266/1013  eps 0.089  train return   +7.66%  loss 5.18e-05  maxQ +0.0187  changes   438  3.6 min
episode 267/1013  eps 0.088  train return  +17.40%  loss 4.67e-05  maxQ +0.0180  changes   477  3.6 min
episode 268/1013  eps 0.087  train return  +31.73%  loss 4.82e-05  maxQ +0.0180  changes   486  3.6 min
episode 269/1013  eps 0.086  train return +108.60%  loss 4.43e-05  maxQ +0.0178  changes   516  3.6 min
episode 270/1013  eps 0.086  train return   +8.92%  loss 4.72e-05  maxQ +0.0174  changes   442  3.7 min | val return -33.27% (best +2.19%)
episode 271/1013  eps 0.085  train return +181.69%  loss 4.35e-05  maxQ +0.0171  changes   506  3.7 min
episode 272/1013  eps 0.084  train return  +15.93%  loss 4.86e-05  maxQ +0.0171  changes   463  3.7 min
episode 273/1013  eps 0.083  train return   +8.21%  loss 4.75e-05  maxQ +0.0167  changes   486  3.7 min
episode 274/1013  eps 0.082  train return +218.94%  loss 4.84e-05  maxQ +0.0168  changes   513  3.7 min
episode 275/1013  eps 0.082  train return  +15.74%  loss 4.75e-05  maxQ +0.0174  changes   485  3.7 min
episode 276/1013  eps 0.081  train return  +14.10%  loss 4.59e-05  maxQ +0.0178  changes   479  3.8 min
episode 277/1013  eps 0.080  train return  +13.64%  loss 4.82e-05  maxQ +0.0187  changes   489  3.8 min
episode 278/1013  eps 0.079  train return  +35.93%  loss 4.97e-05  maxQ +0.0192  changes   486  3.8 min
episode 279/1013  eps 0.079  train return  +25.31%  loss 4.58e-05  maxQ +0.0184  changes   481  3.8 min
episode 280/1013  eps 0.078  train return  +28.20%  loss 4.94e-05  maxQ +0.0183  changes   476  3.8 min | val return -5.85% (best +2.19%)
episode 281/1013  eps 0.077  train return +138.98%  loss 4.86e-05  maxQ +0.0178  changes   502  3.8 min
episode 282/1013  eps 0.077  train return  +28.76%  loss 4.87e-05  maxQ +0.0181  changes   493  3.8 min
episode 283/1013  eps 0.076  train return  +35.07%  loss 4.67e-05  maxQ +0.0188  changes   451  3.9 min
episode 284/1013  eps 0.075  train return  +65.03%  loss 5.05e-05  maxQ +0.0191  changes   488  3.9 min
episode 285/1013  eps 0.075  train return  +38.97%  loss 5.32e-05  maxQ +0.0194  changes   502  3.9 min
episode 286/1013  eps 0.074  train return +126.74%  loss 5.28e-05  maxQ +0.0196  changes   522  3.9 min
episode 287/1013  eps 0.073  train return  +11.49%  loss 5.01e-05  maxQ +0.0195  changes   453  3.9 min
episode 288/1013  eps 0.073  train return  +76.10%  loss 5.32e-05  maxQ +0.0203  changes   485  3.9 min
episode 289/1013  eps 0.072  train return  +15.24%  loss 4.92e-05  maxQ +0.0196  changes   494  3.9 min
episode 290/1013  eps 0.071  train return +156.70%  loss 5.01e-05  maxQ +0.0191  changes   512  4.0 min | val return -20.57% (best +2.19%)
episode 291/1013  eps 0.071  train return  -33.39%  loss 5.16e-05  maxQ +0.0195  changes   487  4.0 min
episode 292/1013  eps 0.070  train return  +43.45%  loss 4.60e-05  maxQ +0.0194  changes   468  4.0 min
episode 293/1013  eps 0.069  train return  +41.22%  loss 4.74e-05  maxQ +0.0184  changes   491  4.0 min
episode 294/1013  eps 0.069  train return +117.64%  loss 4.82e-05  maxQ +0.0202  changes   462  4.0 min
episode 295/1013  eps 0.068  train return  +12.27%  loss 5.30e-05  maxQ +0.0195  changes   466  4.0 min
episode 296/1013  eps 0.067  train return +129.85%  loss 5.42e-05  maxQ +0.0196  changes   496  4.1 min
episode 297/1013  eps 0.067  train return  +22.99%  loss 5.09e-05  maxQ +0.0187  changes   493  4.1 min
episode 298/1013  eps 0.066  train return  -10.98%  loss 4.86e-05  maxQ +0.0186  changes   442  4.1 min
episode 299/1013  eps 0.066  train return  +77.86%  loss 4.75e-05  maxQ +0.0189  changes   469  4.1 min
episode 300/1013  eps 0.065  train return   -0.80%  loss 4.65e-05  maxQ +0.0180  changes   469  4.1 min | val return +9.36% (best +9.36%)
episode 301/1013  eps 0.064  train return +136.61%  loss 4.61e-05  maxQ +0.0172  changes   500  4.1 min
episode 302/1013  eps 0.064  train return  +14.93%  loss 4.89e-05  maxQ +0.0172  changes   472  4.2 min
episode 303/1013  eps 0.063  train return  +41.69%  loss 4.71e-05  maxQ +0.0180  changes   479  4.2 min
episode 304/1013  eps 0.063  train return  +27.79%  loss 4.62e-05  maxQ +0.0194  changes   497  4.2 min
episode 305/1013  eps 0.062  train return   -6.79%  loss 4.97e-05  maxQ +0.0189  changes   461  4.2 min
episode 306/1013  eps 0.062  train return  +55.24%  loss 4.89e-05  maxQ +0.0186  changes   487  4.2 min
episode 307/1013  eps 0.061  train return  +82.18%  loss 4.90e-05  maxQ +0.0191  changes   475  4.2 min
episode 308/1013  eps 0.060  train return   +7.02%  loss 5.03e-05  maxQ +0.0188  changes   481  4.2 min
episode 309/1013  eps 0.060  train return   -9.06%  loss 4.66e-05  maxQ +0.0187  changes   461  4.3 min
episode 310/1013  eps 0.059  train return   +9.30%  loss 4.95e-05  maxQ +0.0190  changes   479  4.3 min | val return -3.16% (best +9.36%)
episode 311/1013  eps 0.059  train return  +11.37%  loss 5.13e-05  maxQ +0.0187  changes   475  4.3 min
episode 312/1013  eps 0.058  train return +421.96%  loss 4.95e-05  maxQ +0.0184  changes   510  4.3 min
episode 313/1013  eps 0.058  train return  +25.96%  loss 5.10e-05  maxQ +0.0181  changes   503  4.3 min
episode 314/1013  eps 0.057  train return  +36.86%  loss 5.15e-05  maxQ +0.0189  changes   442  4.4 min
episode 315/1013  eps 0.057  train return  +34.23%  loss 5.56e-05  maxQ +0.0189  changes   505  4.4 min
episode 316/1013  eps 0.056  train return +148.36%  loss 5.48e-05  maxQ +0.0184  changes   498  4.4 min
episode 317/1013  eps 0.056  train return  +26.54%  loss 4.89e-05  maxQ +0.0175  changes   459  4.4 min
episode 318/1013  eps 0.055  train return +144.53%  loss 4.95e-05  maxQ +0.0187  changes   506  4.4 min
episode 319/1013  eps 0.055  train return +219.09%  loss 5.45e-05  maxQ +0.0186  changes   485  4.4 min
episode 320/1013  eps 0.054  train return  +27.28%  loss 5.32e-05  maxQ +0.0193  changes   464  4.4 min | val return -25.39% (best +9.36%)
episode 321/1013  eps 0.054  train return  +13.98%  loss 4.94e-05  maxQ +0.0192  changes   453  4.5 min
episode 322/1013  eps 0.053  train return  +14.66%  loss 4.52e-05  maxQ +0.0185  changes   477  4.5 min
episode 323/1013  eps 0.053  train return  +18.56%  loss 4.64e-05  maxQ +0.0179  changes   483  4.5 min
episode 324/1013  eps 0.052  train return +137.46%  loss 4.95e-05  maxQ +0.0184  changes   489  4.5 min
episode 325/1013  eps 0.052  train return +103.49%  loss 5.26e-05  maxQ +0.0188  changes   473  4.5 min
episode 326/1013  eps 0.051  train return  +51.78%  loss 5.19e-05  maxQ +0.0190  changes   479  4.5 min
episode 327/1013  eps 0.051  train return   +8.43%  loss 5.42e-05  maxQ +0.0182  changes   457  4.6 min
episode 328/1013  eps 0.050  train return   +8.07%  loss 4.94e-05  maxQ +0.0187  changes   444  4.6 min
episode 329/1013  eps 0.050  train return  +37.65%  loss 4.82e-05  maxQ +0.0187  changes   470  4.6 min
episode 330/1013  eps 0.049  train return  +14.14%  loss 4.58e-05  maxQ +0.0184  changes   500  4.6 min | val return -0.69% (best +9.36%)
episode 331/1013  eps 0.049  train return  +21.43%  loss 5.06e-05  maxQ +0.0183  changes   479  4.6 min
episode 332/1013  eps 0.049  train return  +38.10%  loss 4.90e-05  maxQ +0.0182  changes   468  4.6 min
episode 333/1013  eps 0.048  train return +200.45%  loss 4.96e-05  maxQ +0.0181  changes   509  4.7 min
episode 334/1013  eps 0.048  train return  +17.75%  loss 5.11e-05  maxQ +0.0183  changes   428  4.7 min
episode 335/1013  eps 0.047  train return  +19.59%  loss 4.76e-05  maxQ +0.0179  changes   460  4.7 min
episode 336/1013  eps 0.047  train return  +53.46%  loss 4.31e-05  maxQ +0.0178  changes   503  4.7 min
episode 337/1013  eps 0.046  train return  +87.71%  loss 4.84e-05  maxQ +0.0172  changes   502  4.7 min
episode 338/1013  eps 0.046  train return  +48.30%  loss 4.73e-05  maxQ +0.0173  changes   487  4.7 min
episode 339/1013  eps 0.046  train return  +15.51%  loss 4.81e-05  maxQ +0.0177  changes   435  4.7 min
episode 340/1013  eps 0.045  train return +121.83%  loss 4.81e-05  maxQ +0.0170  changes   502  4.7 min | val return -16.75% (best +9.36%)
episode 341/1013  eps 0.045  train return +124.02%  loss 4.69e-05  maxQ +0.0174  changes   509  4.8 min
episode 342/1013  eps 0.044  train return  +89.40%  loss 4.95e-05  maxQ +0.0176  changes   491  4.8 min
episode 343/1013  eps 0.044  train return  +19.96%  loss 5.02e-05  maxQ +0.0184  changes   401  4.8 min
episode 344/1013  eps 0.043  train return   +8.77%  loss 4.78e-05  maxQ +0.0180  changes   474  4.8 min
episode 345/1013  eps 0.043  train return  +48.84%  loss 4.77e-05  maxQ +0.0180  changes   442  4.8 min
episode 346/1013  eps 0.043  train return  +41.75%  loss 4.99e-05  maxQ +0.0174  changes   461  4.9 min
episode 347/1013  eps 0.042  train return  +16.35%  loss 4.73e-05  maxQ +0.0177  changes   472  4.9 min
episode 348/1013  eps 0.042  train return +125.65%  loss 4.84e-05  maxQ +0.0172  changes   493  4.9 min
episode 349/1013  eps 0.042  train return   -1.30%  loss 4.93e-05  maxQ +0.0172  changes   497  4.9 min
episode 350/1013  eps 0.041  train return  +29.99%  loss 4.56e-05  maxQ +0.0177  changes   451  4.9 min | val return -25.45% (best +9.36%)
episode 351/1013  eps 0.041  train return  +51.55%  loss 4.70e-05  maxQ +0.0163  changes   491  4.9 min
episode 352/1013  eps 0.040  train return   -5.82%  loss 4.62e-05  maxQ +0.0173  changes   474  4.9 min
episode 353/1013  eps 0.040  train return +132.79%  loss 4.73e-05  maxQ +0.0168  changes   481  5.0 min
episode 354/1013  eps 0.040  train return +115.26%  loss 4.36e-05  maxQ +0.0169  changes   487  5.0 min
episode 355/1013  eps 0.039  train return +164.47%  loss 4.76e-05  maxQ +0.0170  changes   519  5.0 min
episode 356/1013  eps 0.039  train return +106.84%  loss 5.26e-05  maxQ +0.0173  changes   470  5.0 min
episode 357/1013  eps 0.039  train return  +26.36%  loss 5.07e-05  maxQ +0.0178  changes   464  5.0 min
episode 358/1013  eps 0.038  train return  +23.77%  loss 5.40e-05  maxQ +0.0189  changes   458  5.0 min
episode 359/1013  eps 0.038  train return   +2.34%  loss 5.09e-05  maxQ +0.0187  changes   452  5.0 min
episode 360/1013  eps 0.038  train return  +87.86%  loss 4.54e-05  maxQ +0.0186  changes   493  5.1 min | val return +8.27% (best +9.36%)
episode 361/1013  eps 0.037  train return  +19.47%  loss 4.95e-05  maxQ +0.0189  changes   487  5.1 min
episode 362/1013  eps 0.037  train return  +54.40%  loss 4.87e-05  maxQ +0.0177  changes   485  5.1 min
episode 363/1013  eps 0.037  train return   +4.38%  loss 4.71e-05  maxQ +0.0177  changes   486  5.1 min
episode 364/1013  eps 0.036  train return  +89.34%  loss 4.94e-05  maxQ +0.0183  changes   504  5.1 min
episode 365/1013  eps 0.036  train return +113.28%  loss 4.98e-05  maxQ +0.0176  changes   513  5.1 min
episode 366/1013  eps 0.036  train return  +41.40%  loss 4.51e-05  maxQ +0.0176  changes   466  5.2 min
episode 367/1013  eps 0.035  train return  +21.72%  loss 5.25e-05  maxQ +0.0183  changes   505  5.2 min
episode 368/1013  eps 0.035  train return  +29.02%  loss 4.95e-05  maxQ +0.0184  changes   459  5.2 min
episode 369/1013  eps 0.035  train return  +74.00%  loss 4.77e-05  maxQ +0.0176  changes   497  5.2 min
episode 370/1013  eps 0.034  train return  +63.41%  loss 4.99e-05  maxQ +0.0177  changes   494  5.2 min | val return -16.76% (best +9.36%)
episode 371/1013  eps 0.034  train return  +62.82%  loss 4.77e-05  maxQ +0.0179  changes   484  5.2 min
episode 372/1013  eps 0.034  train return +335.39%  loss 4.88e-05  maxQ +0.0182  changes   496  5.3 min
episode 373/1013  eps 0.033  train return  +50.54%  loss 5.46e-05  maxQ +0.0187  changes   504  5.3 min
episode 374/1013  eps 0.033  train return  +28.75%  loss 5.01e-05  maxQ +0.0187  changes   508  5.3 min
episode 375/1013  eps 0.033  train return  +57.11%  loss 5.19e-05  maxQ +0.0185  changes   478  5.3 min
episode 376/1013  eps 0.032  train return  +57.01%  loss 5.38e-05  maxQ +0.0179  changes   463  5.3 min
episode 377/1013  eps 0.032  train return  +78.46%  loss 4.97e-05  maxQ +0.0178  changes   485  5.3 min
episode 378/1013  eps 0.032  train return  +14.63%  loss 4.92e-05  maxQ +0.0177  changes   435  5.3 min
episode 379/1013  eps 0.032  train return  +30.68%  loss 5.28e-05  maxQ +0.0176  changes   473  5.4 min
episode 380/1013  eps 0.031  train return +174.04%  loss 5.26e-05  maxQ +0.0185  changes   503  5.4 min | val return -8.14% (best +9.36%)
episode 381/1013  eps 0.031  train return  +30.79%  loss 5.49e-05  maxQ +0.0178  changes   489  5.4 min
episode 382/1013  eps 0.031  train return +110.41%  loss 4.91e-05  maxQ +0.0179  changes   500  5.4 min
episode 383/1013  eps 0.030  train return   +3.53%  loss 4.74e-05  maxQ +0.0182  changes   432  5.4 min
episode 384/1013  eps 0.030  train return +193.00%  loss 4.63e-05  maxQ +0.0179  changes   503  5.4 min
episode 385/1013  eps 0.030  train return  +76.98%  loss 4.93e-05  maxQ +0.0183  changes   490  5.4 min
episode 386/1013  eps 0.030  train return  +36.26%  loss 4.96e-05  maxQ +0.0188  changes   438  5.5 min
episode 387/1013  eps 0.029  train return   -4.12%  loss 4.87e-05  maxQ +0.0179  changes   435  5.5 min
episode 388/1013  eps 0.029  train return +288.01%  loss 5.31e-05  maxQ +0.0182  changes   502  5.5 min
episode 389/1013  eps 0.029  train return  +20.72%  loss 4.73e-05  maxQ +0.0174  changes   447  5.5 min
episode 390/1013  eps 0.029  train return  +37.59%  loss 4.83e-05  maxQ +0.0175  changes   516  5.5 min | val return -6.91% (best +9.36%)
episode 391/1013  eps 0.028  train return  +64.46%  loss 4.70e-05  maxQ +0.0172  changes   480  5.5 min
episode 392/1013  eps 0.028  train return +263.04%  loss 5.05e-05  maxQ +0.0179  changes   496  5.6 min
episode 393/1013  eps 0.028  train return +272.80%  loss 5.06e-05  maxQ +0.0184  changes   479  5.6 min
episode 394/1013  eps 0.028  train return  +32.90%  loss 5.07e-05  maxQ +0.0188  changes   457  5.6 min
episode 395/1013  eps 0.027  train return  +32.00%  loss 4.85e-05  maxQ +0.0185  changes   466  5.6 min
episode 396/1013  eps 0.027  train return  +16.31%  loss 4.65e-05  maxQ +0.0182  changes   485  5.6 min
episode 397/1013  eps 0.027  train return  +22.40%  loss 4.65e-05  maxQ +0.0179  changes   454  5.6 min
episode 398/1013  eps 0.027  train return  +39.63%  loss 4.61e-05  maxQ +0.0182  changes   442  5.6 min
episode 399/1013  eps 0.026  train return  +26.38%  loss 5.14e-05  maxQ +0.0175  changes   450  5.7 min
episode 400/1013  eps 0.026  train return +173.17%  loss 4.79e-05  maxQ +0.0170  changes   512  5.7 min | val return -20.46% (best +9.36%)
episode 401/1013  eps 0.026  train return  +11.93%  loss 4.90e-05  maxQ +0.0174  changes   463  5.7 min
episode 402/1013  eps 0.026  train return +128.94%  loss 5.07e-05  maxQ +0.0193  changes   519  5.7 min
episode 403/1013  eps 0.025  train return  +26.84%  loss 5.29e-05  maxQ +0.0189  changes   485  5.7 min
episode 404/1013  eps 0.025  train return   +5.45%  loss 4.73e-05  maxQ +0.0189  changes   453  5.7 min
episode 405/1013  eps 0.025  train return  +61.57%  loss 5.06e-05  maxQ +0.0188  changes   471  5.8 min
episode 406/1013  eps 0.025  train return  +43.44%  loss 4.92e-05  maxQ +0.0197  changes   492  5.8 min
episode 407/1013  eps 0.024  train return +103.70%  loss 5.26e-05  maxQ +0.0185  changes   488  5.8 min
episode 408/1013  eps 0.024  train return  +51.83%  loss 4.84e-05  maxQ +0.0186  changes   508  5.8 min
episode 409/1013  eps 0.024  train return  +49.79%  loss 4.69e-05  maxQ +0.0185  changes   473  5.8 min
episode 410/1013  eps 0.024  train return  +51.67%  loss 5.30e-05  maxQ +0.0189  changes   475  5.8 min | val return -14.94% (best +9.36%)
episode 411/1013  eps 0.024  train return  +44.69%  loss 4.86e-05  maxQ +0.0192  changes   473  5.9 min
episode 412/1013  eps 0.023  train return  +36.78%  loss 4.55e-05  maxQ +0.0189  changes   420  5.9 min
episode 413/1013  eps 0.023  train return  +90.01%  loss 4.88e-05  maxQ +0.0193  changes   487  5.9 min
episode 414/1013  eps 0.023  train return  +49.23%  loss 5.12e-05  maxQ +0.0189  changes   419  5.9 min
episode 415/1013  eps 0.023  train return  +31.96%  loss 4.62e-05  maxQ +0.0181  changes   460  5.9 min
episode 416/1013  eps 0.023  train return  +30.88%  loss 4.87e-05  maxQ +0.0181  changes   476  5.9 min
episode 417/1013  eps 0.022  train return  +29.09%  loss 4.53e-05  maxQ +0.0175  changes   454  5.9 min
episode 418/1013  eps 0.022  train return +170.99%  loss 4.91e-05  maxQ +0.0181  changes   484  6.0 min
episode 419/1013  eps 0.022  train return +112.52%  loss 4.90e-05  maxQ +0.0178  changes   488  6.0 min
episode 420/1013  eps 0.022  train return  +90.09%  loss 5.14e-05  maxQ +0.0183  changes   473  6.0 min | val return -8.87% (best +9.36%)
episode 421/1013  eps 0.022  train return  +79.55%  loss 4.96e-05  maxQ +0.0187  changes   468  6.0 min
episode 422/1013  eps 0.021  train return  +76.95%  loss 4.84e-05  maxQ +0.0183  changes   454  6.0 min
episode 423/1013  eps 0.021  train return +243.57%  loss 4.73e-05  maxQ +0.0185  changes   466  6.0 min
episode 424/1013  eps 0.021  train return  +38.91%  loss 4.55e-05  maxQ +0.0187  changes   454  6.1 min
episode 425/1013  eps 0.021  train return   +0.92%  loss 4.63e-05  maxQ +0.0184  changes   396  6.1 min
episode 426/1013  eps 0.021  train return  +73.47%  loss 4.75e-05  maxQ +0.0180  changes   470  6.1 min
episode 427/1013  eps 0.020  train return  +17.21%  loss 4.68e-05  maxQ +0.0181  changes   457  6.1 min
episode 428/1013  eps 0.020  train return +114.55%  loss 4.44e-05  maxQ +0.0165  changes   487  6.1 min
episode 429/1013  eps 0.020  train return  +65.62%  loss 4.40e-05  maxQ +0.0170  changes   450  6.1 min
episode 430/1013  eps 0.020  train return  +37.67%  loss 4.45e-05  maxQ +0.0167  changes   435  6.1 min | val return +23.22% (best +23.22%)
episode 431/1013  eps 0.020  train return  +95.22%  loss 4.36e-05  maxQ +0.0167  changes   476  6.2 min
episode 432/1013  eps 0.019  train return +304.47%  loss 4.74e-05  maxQ +0.0175  changes   496  6.2 min
episode 433/1013  eps 0.019  train return  +53.54%  loss 4.62e-05  maxQ +0.0174  changes   466  6.2 min
episode 434/1013  eps 0.019  train return   +1.92%  loss 4.69e-05  maxQ +0.0183  changes   397  6.2 min
episode 435/1013  eps 0.019  train return   -6.62%  loss 4.63e-05  maxQ +0.0186  changes   431  6.2 min
episode 436/1013  eps 0.019  train return   +5.49%  loss 4.71e-05  maxQ +0.0181  changes   435  6.2 min
episode 437/1013  eps 0.019  train return  +39.51%  loss 4.76e-05  maxQ +0.0169  changes   485  6.2 min
episode 438/1013  eps 0.018  train return  +76.02%  loss 4.93e-05  maxQ +0.0175  changes   458  6.3 min
episode 439/1013  eps 0.018  train return +172.83%  loss 4.50e-05  maxQ +0.0178  changes   490  6.3 min
episode 440/1013  eps 0.018  train return +170.15%  loss 4.40e-05  maxQ +0.0181  changes   489  6.3 min | val return -15.76% (best +23.22%)
episode 441/1013  eps 0.018  train return   -2.67%  loss 4.44e-05  maxQ +0.0180  changes   439  6.3 min
episode 442/1013  eps 0.018  train return +168.69%  loss 4.99e-05  maxQ +0.0182  changes   489  6.3 min
episode 443/1013  eps 0.018  train return +174.50%  loss 4.80e-05  maxQ +0.0181  changes   489  6.3 min
episode 444/1013  eps 0.017  train return  +20.11%  loss 4.57e-05  maxQ +0.0181  changes   449  6.4 min
episode 445/1013  eps 0.017  train return  +29.49%  loss 4.44e-05  maxQ +0.0177  changes   494  6.4 min
episode 446/1013  eps 0.017  train return  +80.90%  loss 4.53e-05  maxQ +0.0179  changes   482  6.4 min
episode 447/1013  eps 0.017  train return  +42.60%  loss 4.07e-05  maxQ +0.0176  changes   454  6.4 min
episode 448/1013  eps 0.017  train return  +27.04%  loss 4.45e-05  maxQ +0.0173  changes   476  6.4 min
episode 449/1013  eps 0.017  train return  +51.07%  loss 4.29e-05  maxQ +0.0179  changes   453  6.4 min
episode 450/1013  eps 0.016  train return  +61.34%  loss 4.40e-05  maxQ +0.0178  changes   459  6.4 min | val return -7.12% (best +23.22%)
episode 451/1013  eps 0.016  train return  +65.14%  loss 4.31e-05  maxQ +0.0174  changes   476  6.5 min
episode 452/1013  eps 0.016  train return  +72.08%  loss 4.23e-05  maxQ +0.0172  changes   482  6.5 min
episode 453/1013  eps 0.016  train return  +12.30%  loss 4.19e-05  maxQ +0.0171  changes   450  6.5 min
episode 454/1013  eps 0.016  train return +128.36%  loss 4.37e-05  maxQ +0.0173  changes   465  6.5 min
episode 455/1013  eps 0.016  train return  +40.11%  loss 3.99e-05  maxQ +0.0173  changes   455  6.5 min
episode 456/1013  eps 0.016  train return +138.89%  loss 4.38e-05  maxQ +0.0172  changes   453  6.5 min
episode 457/1013  eps 0.015  train return  +26.14%  loss 4.38e-05  maxQ +0.0164  changes   452  6.5 min
episode 458/1013  eps 0.015  train return  +47.09%  loss 4.66e-05  maxQ +0.0169  changes   445  6.6 min
episode 459/1013  eps 0.015  train return  +84.40%  loss 4.74e-05  maxQ +0.0175  changes   478  6.6 min
episode 460/1013  eps 0.015  train return +202.08%  loss 4.51e-05  maxQ +0.0176  changes   481  6.6 min | val return -29.44% (best +23.22%)
episode 461/1013  eps 0.015  train return +104.55%  loss 4.62e-05  maxQ +0.0178  changes   486  6.6 min
episode 462/1013  eps 0.015  train return   +2.01%  loss 4.53e-05  maxQ +0.0174  changes   433  6.6 min
episode 463/1013  eps 0.015  train return +100.70%  loss 4.48e-05  maxQ +0.0175  changes   487  6.6 min
episode 464/1013  eps 0.015  train return  +82.01%  loss 4.78e-05  maxQ +0.0178  changes   450  6.6 min
episode 465/1013  eps 0.014  train return  +19.45%  loss 4.88e-05  maxQ +0.0184  changes   403  6.7 min
episode 466/1013  eps 0.014  train return  +40.43%  loss 4.80e-05  maxQ +0.0177  changes   465  6.7 min
episode 467/1013  eps 0.014  train return  +21.68%  loss 4.62e-05  maxQ +0.0176  changes   441  6.7 min
episode 468/1013  eps 0.014  train return +188.50%  loss 4.48e-05  maxQ +0.0180  changes   488  6.7 min
episode 469/1013  eps 0.014  train return  +13.34%  loss 4.32e-05  maxQ +0.0165  changes   400  6.7 min
episode 470/1013  eps 0.014  train return  +46.06%  loss 4.34e-05  maxQ +0.0172  changes   425  6.7 min | val return -12.50% (best +23.22%)
episode 471/1013  eps 0.014  train return +101.81%  loss 4.22e-05  maxQ +0.0170  changes   469  6.7 min
episode 472/1013  eps 0.013  train return +132.42%  loss 4.21e-05  maxQ +0.0168  changes   498  6.8 min
episode 473/1013  eps 0.013  train return  +98.72%  loss 4.40e-05  maxQ +0.0177  changes   469  6.8 min
episode 474/1013  eps 0.013  train return  +39.07%  loss 4.56e-05  maxQ +0.0179  changes   472  6.8 min
episode 475/1013  eps 0.013  train return  +56.49%  loss 4.47e-05  maxQ +0.0176  changes   485  6.8 min
episode 476/1013  eps 0.013  train return  +46.41%  loss 4.71e-05  maxQ +0.0177  changes   452  6.8 min
episode 477/1013  eps 0.013  train return +288.54%  loss 4.86e-05  maxQ +0.0183  changes   483  6.8 min
episode 478/1013  eps 0.013  train return  +13.61%  loss 4.63e-05  maxQ +0.0175  changes   369  6.8 min
episode 479/1013  eps 0.013  train return  +51.34%  loss 4.54e-05  maxQ +0.0177  changes   439  6.9 min
episode 480/1013  eps 0.013  train return  +42.48%  loss 4.61e-05  maxQ +0.0173  changes   405  6.9 min | val return -19.07% (best +23.22%)
episode 481/1013  eps 0.012  train return +135.27%  loss 4.33e-05  maxQ +0.0169  changes   486  6.9 min
episode 482/1013  eps 0.012  train return +147.08%  loss 4.81e-05  maxQ +0.0174  changes   472  6.9 min
episode 483/1013  eps 0.012  train return +171.13%  loss 4.45e-05  maxQ +0.0178  changes   488  6.9 min
episode 484/1013  eps 0.012  train return +157.72%  loss 4.13e-05  maxQ +0.0170  changes   525  6.9 min
episode 485/1013  eps 0.012  train return +198.55%  loss 4.56e-05  maxQ +0.0171  changes   452  6.9 min
episode 486/1013  eps 0.012  train return  +72.28%  loss 4.30e-05  maxQ +0.0170  changes   467  7.0 min
episode 487/1013  eps 0.012  train return  +54.77%  loss 4.44e-05  maxQ +0.0171  changes   478  7.0 min
episode 488/1013  eps 0.012  train return  +58.21%  loss 4.48e-05  maxQ +0.0171  changes   469  7.0 min
episode 489/1013  eps 0.012  train return +145.70%  loss 4.70e-05  maxQ +0.0172  changes   487  7.0 min
episode 490/1013  eps 0.011  train return  +47.71%  loss 4.38e-05  maxQ +0.0168  changes   455  7.0 min | val return -25.09% (best +23.22%)
episode 491/1013  eps 0.011  train return  +60.18%  loss 4.50e-05  maxQ +0.0162  changes   432  7.0 min
episode 492/1013  eps 0.011  train return +214.11%  loss 4.78e-05  maxQ +0.0165  changes   448  7.0 min
episode 493/1013  eps 0.011  train return +154.75%  loss 4.83e-05  maxQ +0.0171  changes   466  7.1 min
episode 494/1013  eps 0.011  train return +210.62%  loss 4.61e-05  maxQ +0.0174  changes   477  7.1 min
episode 495/1013  eps 0.011  train return +276.36%  loss 4.58e-05  maxQ +0.0172  changes   472  7.1 min
episode 496/1013  eps 0.011  train return  +31.72%  loss 4.58e-05  maxQ +0.0174  changes   406  7.1 min
episode 497/1013  eps 0.011  train return  +33.27%  loss 4.47e-05  maxQ +0.0178  changes   431  7.1 min
episode 498/1013  eps 0.011  train return   +2.68%  loss 4.29e-05  maxQ +0.0177  changes   426  7.1 min
episode 499/1013  eps 0.011  train return  +52.90%  loss 4.21e-05  maxQ +0.0171  changes   385  7.1 min
episode 500/1013  eps 0.010  train return  +39.73%  loss 4.45e-05  maxQ +0.0180  changes   427  7.2 min | val return -24.77% (best +23.22%)
episode 501/1013  eps 0.010  train return +139.59%  loss 4.34e-05  maxQ +0.0179  changes   479  7.2 min
episode 502/1013  eps 0.010  train return  +45.46%  loss 4.65e-05  maxQ +0.0183  changes   475  7.2 min
episode 503/1013  eps 0.010  train return  +46.89%  loss 4.44e-05  maxQ +0.0185  changes   429  7.2 min
episode 504/1013  eps 0.010  train return  +35.02%  loss 4.23e-05  maxQ +0.0178  changes   413  7.2 min
episode 505/1013  eps 0.010  train return +337.54%  loss 4.49e-05  maxQ +0.0178  changes   485  7.2 min
episode 506/1013  eps 0.010  train return  +25.62%  loss 4.59e-05  maxQ +0.0186  changes   456  7.2 min
episode 507/1013  eps 0.010  train return  +57.26%  loss 4.47e-05  maxQ +0.0188  changes   387  7.3 min
episode 508/1013  eps 0.010  train return  +15.54%  loss 4.74e-05  maxQ +0.0189  changes   410  7.3 min
episode 509/1013  eps 0.010  train return +209.52%  loss 4.32e-05  maxQ +0.0190  changes   497  7.3 min
episode 510/1013  eps 0.010  train return  +38.06%  loss 4.53e-05  maxQ +0.0189  changes   494  7.3 min | val return -16.70% (best +23.22%)
episode 511/1013  eps 0.010  train return  +23.35%  loss 4.52e-05  maxQ +0.0184  changes   412  7.3 min
episode 512/1013  eps 0.010  train return +145.75%  loss 4.16e-05  maxQ +0.0180  changes   474  7.3 min
episode 513/1013  eps 0.010  train return +194.62%  loss 4.05e-05  maxQ +0.0170  changes   471  7.4 min
episode 514/1013  eps 0.010  train return  +58.39%  loss 4.25e-05  maxQ +0.0178  changes   478  7.4 min
episode 515/1013  eps 0.010  train return   -1.86%  loss 4.32e-05  maxQ +0.0168  changes   398  7.4 min
episode 516/1013  eps 0.010  train return +543.18%  loss 4.43e-05  maxQ +0.0167  changes   489  7.4 min
episode 517/1013  eps 0.010  train return  +45.05%  loss 4.50e-05  maxQ +0.0170  changes   434  7.4 min
episode 518/1013  eps 0.010  train return  +38.09%  loss 4.50e-05  maxQ +0.0177  changes   444  7.4 min
episode 519/1013  eps 0.010  train return +158.25%  loss 4.77e-05  maxQ +0.0179  changes   508  7.4 min
episode 520/1013  eps 0.010  train return +377.03%  loss 4.70e-05  maxQ +0.0183  changes   460  7.5 min | val return -5.40% (best +23.22%)
episode 521/1013  eps 0.010  train return  +62.19%  loss 4.45e-05  maxQ +0.0183  changes   424  7.5 min
episode 522/1013  eps 0.010  train return  +89.73%  loss 4.63e-05  maxQ +0.0181  changes   448  7.5 min
episode 523/1013  eps 0.010  train return  +24.96%  loss 4.69e-05  maxQ +0.0183  changes   465  7.5 min
episode 524/1013  eps 0.010  train return  +69.31%  loss 5.12e-05  maxQ +0.0187  changes   440  7.5 min
episode 525/1013  eps 0.010  train return  +31.96%  loss 4.60e-05  maxQ +0.0193  changes   436  7.5 min
episode 526/1013  eps 0.010  train return +155.43%  loss 4.56e-05  maxQ +0.0192  changes   440  7.5 min
episode 527/1013  eps 0.010  train return  +22.54%  loss 4.44e-05  maxQ +0.0187  changes   433  7.6 min
episode 528/1013  eps 0.010  train return  +23.31%  loss 4.61e-05  maxQ +0.0179  changes   486  7.6 min
episode 529/1013  eps 0.010  train return +106.46%  loss 4.49e-05  maxQ +0.0182  changes   467  7.6 min
episode 530/1013  eps 0.010  train return   +7.34%  loss 4.92e-05  maxQ +0.0183  changes   447  7.6 min | val return -16.24% (best +23.22%)
episode 531/1013  eps 0.010  train return  +76.93%  loss 4.34e-05  maxQ +0.0186  changes   493  7.6 min
episode 532/1013  eps 0.010  train return  +34.68%  loss 4.36e-05  maxQ +0.0188  changes   440  7.6 min
episode 533/1013  eps 0.010  train return +349.74%  loss 4.42e-05  maxQ +0.0178  changes   487  7.6 min
episode 534/1013  eps 0.010  train return  +60.17%  loss 4.49e-05  maxQ +0.0173  changes   470  7.7 min
episode 535/1013  eps 0.010  train return  +40.66%  loss 4.43e-05  maxQ +0.0171  changes   452  7.7 min
episode 536/1013  eps 0.010  train return +139.92%  loss 4.60e-05  maxQ +0.0173  changes   455  7.7 min
episode 537/1013  eps 0.010  train return +226.72%  loss 4.68e-05  maxQ +0.0178  changes   478  7.7 min
episode 538/1013  eps 0.010  train return  +58.21%  loss 4.95e-05  maxQ +0.0183  changes   430  7.7 min
episode 539/1013  eps 0.010  train return  +49.87%  loss 4.87e-05  maxQ +0.0187  changes   432  7.7 min
episode 540/1013  eps 0.010  train return +198.14%  loss 4.79e-05  maxQ +0.0192  changes   502  7.7 min | val return -30.28% (best +23.22%)
episode 541/1013  eps 0.010  train return +196.09%  loss 4.91e-05  maxQ +0.0179  changes   502  7.8 min
episode 542/1013  eps 0.010  train return  +84.38%  loss 4.75e-05  maxQ +0.0189  changes   466  7.8 min
episode 543/1013  eps 0.010  train return  +31.89%  loss 4.73e-05  maxQ +0.0195  changes   477  7.8 min
episode 544/1013  eps 0.010  train return  +90.23%  loss 4.71e-05  maxQ +0.0188  changes   454  7.8 min
episode 545/1013  eps 0.010  train return  +74.54%  loss 4.90e-05  maxQ +0.0200  changes   490  7.8 min
episode 546/1013  eps 0.010  train return +194.47%  loss 4.78e-05  maxQ +0.0190  changes   470  7.8 min
episode 547/1013  eps 0.010  train return +140.37%  loss 4.55e-05  maxQ +0.0188  changes   481  7.8 min
episode 548/1013  eps 0.010  train return  +49.29%  loss 4.59e-05  maxQ +0.0184  changes   448  7.9 min
episode 549/1013  eps 0.010  train return +495.43%  loss 4.55e-05  maxQ +0.0184  changes   477  7.9 min
episode 550/1013  eps 0.010  train return  +40.29%  loss 4.58e-05  maxQ +0.0183  changes   453  7.9 min | val return -9.99% (best +23.22%)
episode 551/1013  eps 0.010  train return  +20.69%  loss 4.66e-05  maxQ +0.0183  changes   432  7.9 min
episode 552/1013  eps 0.010  train return  +94.18%  loss 4.77e-05  maxQ +0.0180  changes   464  7.9 min
episode 553/1013  eps 0.010  train return +224.39%  loss 4.75e-05  maxQ +0.0187  changes   465  7.9 min
episode 554/1013  eps 0.010  train return +373.28%  loss 4.50e-05  maxQ +0.0188  changes   499  7.9 min
episode 555/1013  eps 0.010  train return  +48.24%  loss 4.59e-05  maxQ +0.0174  changes   469  8.0 min
episode 556/1013  eps 0.010  train return +171.62%  loss 4.60e-05  maxQ +0.0172  changes   479  8.0 min
episode 557/1013  eps 0.010  train return +103.84%  loss 4.60e-05  maxQ +0.0172  changes   487  8.0 min
episode 558/1013  eps 0.010  train return +101.88%  loss 4.33e-05  maxQ +0.0175  changes   456  8.0 min
episode 559/1013  eps 0.010  train return +100.97%  loss 4.40e-05  maxQ +0.0180  changes   428  8.0 min
episode 560/1013  eps 0.010  train return +190.54%  loss 4.45e-05  maxQ +0.0169  changes   480  8.0 min | val return +0.97% (best +23.22%)
episode 561/1013  eps 0.010  train return  +28.35%  loss 4.38e-05  maxQ +0.0178  changes   442  8.0 min
episode 562/1013  eps 0.010  train return  +83.00%  loss 4.66e-05  maxQ +0.0182  changes   457  8.1 min
episode 563/1013  eps 0.010  train return +103.47%  loss 4.68e-05  maxQ +0.0182  changes   482  8.1 min
episode 564/1013  eps 0.010  train return  +49.67%  loss 4.46e-05  maxQ +0.0179  changes   424  8.1 min
episode 565/1013  eps 0.010  train return  +35.24%  loss 4.69e-05  maxQ +0.0179  changes   462  8.1 min
episode 566/1013  eps 0.010  train return  +49.10%  loss 4.54e-05  maxQ +0.0180  changes   478  8.1 min
episode 567/1013  eps 0.010  train return +139.82%  loss 4.47e-05  maxQ +0.0184  changes   500  8.1 min
episode 568/1013  eps 0.010  train return  +23.28%  loss 5.12e-05  maxQ +0.0190  changes   485  8.1 min
episode 569/1013  eps 0.010  train return +241.86%  loss 4.98e-05  maxQ +0.0189  changes   469  8.2 min
episode 570/1013  eps 0.010  train return  +92.26%  loss 4.79e-05  maxQ +0.0184  changes   427  8.2 min | val return -26.84% (best +23.22%)
episode 571/1013  eps 0.010  train return  +60.40%  loss 4.95e-05  maxQ +0.0186  changes   447  8.2 min
episode 572/1013  eps 0.010  train return +141.10%  loss 4.60e-05  maxQ +0.0182  changes   450  8.2 min
episode 573/1013  eps 0.010  train return +205.37%  loss 4.62e-05  maxQ +0.0181  changes   488  8.2 min
episode 574/1013  eps 0.010  train return  +34.62%  loss 4.49e-05  maxQ +0.0181  changes   465  8.2 min
episode 575/1013  eps 0.010  train return  +26.62%  loss 4.60e-05  maxQ +0.0182  changes   395  8.2 min
episode 576/1013  eps 0.010  train return +242.12%  loss 4.87e-05  maxQ +0.0183  changes   486  8.3 min
episode 577/1013  eps 0.010  train return +611.75%  loss 5.19e-05  maxQ +0.0188  changes   466  8.3 min
episode 578/1013  eps 0.010  train return  +45.29%  loss 4.90e-05  maxQ +0.0187  changes   434  8.3 min
episode 579/1013  eps 0.010  train return +572.61%  loss 4.39e-05  maxQ +0.0179  changes   472  8.3 min
episode 580/1013  eps 0.010  train return  +22.36%  loss 5.03e-05  maxQ +0.0187  changes   447  8.3 min | val return -10.68% (best +23.22%)
episode 581/1013  eps 0.010  train return +320.91%  loss 4.52e-05  maxQ +0.0185  changes   477  8.3 min
episode 582/1013  eps 0.010  train return +114.06%  loss 4.70e-05  maxQ +0.0182  changes   458  8.4 min
episode 583/1013  eps 0.010  train return  +95.90%  loss 4.93e-05  maxQ +0.0188  changes   449  8.4 min
episode 584/1013  eps 0.010  train return +539.78%  loss 4.74e-05  maxQ +0.0194  changes   461  8.4 min
episode 585/1013  eps 0.010  train return  +88.93%  loss 4.63e-05  maxQ +0.0187  changes   473  8.4 min
episode 586/1013  eps 0.010  train return  +82.24%  loss 4.68e-05  maxQ +0.0184  changes   466  8.4 min
episode 587/1013  eps 0.010  train return  +91.19%  loss 4.58e-05  maxQ +0.0185  changes   427  8.4 min
episode 588/1013  eps 0.010  train return +122.34%  loss 4.80e-05  maxQ +0.0184  changes   423  8.4 min
episode 589/1013  eps 0.010  train return  +40.54%  loss 4.62e-05  maxQ +0.0183  changes   426  8.5 min
episode 590/1013  eps 0.010  train return  +80.24%  loss 4.59e-05  maxQ +0.0183  changes   445  8.5 min | val return -9.00% (best +23.22%)
episode 591/1013  eps 0.010  train return +125.00%  loss 4.65e-05  maxQ +0.0182  changes   496  8.5 min
episode 592/1013  eps 0.010  train return +128.09%  loss 4.37e-05  maxQ +0.0182  changes   448  8.5 min
episode 593/1013  eps 0.010  train return  +34.92%  loss 4.36e-05  maxQ +0.0183  changes   438  8.5 min
episode 594/1013  eps 0.010  train return +274.74%  loss 4.63e-05  maxQ +0.0193  changes   474  8.5 min
episode 595/1013  eps 0.010  train return +119.50%  loss 4.87e-05  maxQ +0.0187  changes   447  8.5 min
episode 596/1013  eps 0.010  train return +126.76%  loss 4.70e-05  maxQ +0.0182  changes   477  8.6 min
episode 597/1013  eps 0.010  train return  +20.55%  loss 4.92e-05  maxQ +0.0191  changes   410  8.6 min
episode 598/1013  eps 0.010  train return   +6.84%  loss 4.86e-05  maxQ +0.0183  changes   411  8.6 min
episode 599/1013  eps 0.010  train return  +34.46%  loss 4.88e-05  maxQ +0.0198  changes   428  8.6 min
episode 600/1013  eps 0.010  train return  +37.74%  loss 5.01e-05  maxQ +0.0195  changes   463  8.6 min | val return -2.84% (best +23.22%)
episode 601/1013  eps 0.010  train return +127.38%  loss 4.66e-05  maxQ +0.0194  changes   473  8.6 min
episode 602/1013  eps 0.010  train return  +30.88%  loss 4.66e-05  maxQ +0.0196  changes   441  8.6 min
episode 603/1013  eps 0.010  train return  +13.22%  loss 4.52e-05  maxQ +0.0194  changes   456  8.7 min
episode 604/1013  eps 0.010  train return +413.98%  loss 4.45e-05  maxQ +0.0190  changes   499  8.7 min
episode 605/1013  eps 0.010  train return  +13.14%  loss 4.72e-05  maxQ +0.0188  changes   363  8.7 min
episode 606/1013  eps 0.010  train return  +31.78%  loss 4.45e-05  maxQ +0.0186  changes   457  8.7 min
episode 607/1013  eps 0.010  train return  +77.55%  loss 4.67e-05  maxQ +0.0188  changes   483  8.7 min
episode 608/1013  eps 0.010  train return  +16.64%  loss 4.53e-05  maxQ +0.0189  changes   469  8.7 min
episode 609/1013  eps 0.010  train return  +67.83%  loss 4.84e-05  maxQ +0.0199  changes   456  8.7 min
episode 610/1013  eps 0.010  train return +133.76%  loss 4.61e-05  maxQ +0.0194  changes   461  8.7 min | val return -11.61% (best +23.22%)
episode 611/1013  eps 0.010  train return  +34.60%  loss 4.29e-05  maxQ +0.0196  changes   453  8.8 min
episode 612/1013  eps 0.010  train return +211.34%  loss 4.77e-05  maxQ +0.0197  changes   487  8.8 min
episode 613/1013  eps 0.010  train return  +62.55%  loss 4.54e-05  maxQ +0.0205  changes   455  8.8 min
episode 614/1013  eps 0.010  train return  +72.06%  loss 4.65e-05  maxQ +0.0202  changes   469  8.8 min
episode 615/1013  eps 0.010  train return  +24.89%  loss 4.45e-05  maxQ +0.0198  changes   459  8.8 min
episode 616/1013  eps 0.010  train return  +29.52%  loss 4.24e-05  maxQ +0.0187  changes   420  8.8 min
episode 617/1013  eps 0.010  train return  +14.45%  loss 4.53e-05  maxQ +0.0191  changes   373  8.9 min
episode 618/1013  eps 0.010  train return  +65.96%  loss 4.32e-05  maxQ +0.0190  changes   466  8.9 min
episode 619/1013  eps 0.010  train return  +79.00%  loss 4.91e-05  maxQ +0.0198  changes   439  8.9 min
episode 620/1013  eps 0.010  train return  +88.23%  loss 4.74e-05  maxQ +0.0203  changes   422  8.9 min | val return +2.30% (best +23.22%)
episode 621/1013  eps 0.010  train return +113.27%  loss 4.68e-05  maxQ +0.0201  changes   475  8.9 min
episode 622/1013  eps 0.010  train return  +35.23%  loss 4.43e-05  maxQ +0.0198  changes   444  8.9 min
episode 623/1013  eps 0.010  train return  +41.75%  loss 4.43e-05  maxQ +0.0197  changes   467  8.9 min
episode 624/1013  eps 0.010  train return  +31.04%  loss 4.37e-05  maxQ +0.0189  changes   451  9.0 min
episode 625/1013  eps 0.010  train return +101.53%  loss 4.47e-05  maxQ +0.0208  changes   507  9.0 min
episode 626/1013  eps 0.010  train return  +30.71%  loss 4.25e-05  maxQ +0.0199  changes   438  9.0 min
episode 627/1013  eps 0.010  train return +508.71%  loss 4.39e-05  maxQ +0.0199  changes   506  9.0 min
episode 628/1013  eps 0.010  train return +377.80%  loss 4.36e-05  maxQ +0.0196  changes   504  9.0 min
episode 629/1013  eps 0.010  train return +307.99%  loss 4.56e-05  maxQ +0.0190  changes   486  9.0 min
episode 630/1013  eps 0.010  train return +122.31%  loss 4.31e-05  maxQ +0.0198  changes   450  9.0 min | val return +0.94% (best +23.22%)
episode 631/1013  eps 0.010  train return +154.12%  loss 4.55e-05  maxQ +0.0197  changes   510  9.1 min
episode 632/1013  eps 0.010  train return  +83.34%  loss 4.72e-05  maxQ +0.0195  changes   511  9.1 min
episode 633/1013  eps 0.010  train return +237.04%  loss 4.48e-05  maxQ +0.0190  changes   471  9.1 min
episode 634/1013  eps 0.010  train return +119.09%  loss 4.58e-05  maxQ +0.0196  changes   461  9.1 min
episode 635/1013  eps 0.010  train return  +76.13%  loss 4.60e-05  maxQ +0.0201  changes   488  9.1 min
episode 636/1013  eps 0.010  train return  +37.42%  loss 4.42e-05  maxQ +0.0199  changes   457  9.1 min
episode 637/1013  eps 0.010  train return +196.52%  loss 4.45e-05  maxQ +0.0201  changes   492  9.1 min
episode 638/1013  eps 0.010  train return +182.00%  loss 4.50e-05  maxQ +0.0199  changes   489  9.2 min
episode 639/1013  eps 0.010  train return  +56.36%  loss 4.49e-05  maxQ +0.0189  changes   470  9.2 min
episode 640/1013  eps 0.010  train return +174.93%  loss 4.48e-05  maxQ +0.0192  changes   491  9.2 min | val return -4.67% (best +23.22%)
episode 641/1013  eps 0.010  train return  +78.08%  loss 4.42e-05  maxQ +0.0191  changes   433  9.2 min
episode 642/1013  eps 0.010  train return   +3.22%  loss 4.43e-05  maxQ +0.0194  changes   390  9.2 min
episode 643/1013  eps 0.010  train return  +43.64%  loss 4.34e-05  maxQ +0.0184  changes   472  9.2 min
episode 644/1013  eps 0.010  train return +198.47%  loss 4.36e-05  maxQ +0.0186  changes   480  9.2 min
episode 645/1013  eps 0.010  train return  +42.13%  loss 4.40e-05  maxQ +0.0190  changes   460  9.3 min
episode 646/1013  eps 0.010  train return +196.52%  loss 4.27e-05  maxQ +0.0178  changes   471  9.3 min
episode 647/1013  eps 0.010  train return  +83.63%  loss 4.56e-05  maxQ +0.0194  changes   475  9.3 min
episode 648/1013  eps 0.010  train return +124.93%  loss 4.63e-05  maxQ +0.0194  changes   473  9.3 min
episode 649/1013  eps 0.010  train return   +7.50%  loss 4.14e-05  maxQ +0.0190  changes   450  9.3 min
episode 650/1013  eps 0.010  train return +133.83%  loss 4.24e-05  maxQ +0.0190  changes   482  9.3 min | val return -13.33% (best +23.22%)
episode 651/1013  eps 0.010  train return +626.41%  loss 4.60e-05  maxQ +0.0189  changes   510  9.3 min
episode 652/1013  eps 0.010  train return  +47.58%  loss 4.26e-05  maxQ +0.0187  changes   456  9.4 min
episode 653/1013  eps 0.010  train return  +57.52%  loss 4.34e-05  maxQ +0.0190  changes   457  9.4 min
episode 654/1013  eps 0.010  train return +199.02%  loss 4.35e-05  maxQ +0.0191  changes   497  9.4 min
episode 655/1013  eps 0.010  train return  +31.32%  loss 4.29e-05  maxQ +0.0181  changes   424  9.4 min
episode 656/1013  eps 0.010  train return +595.95%  loss 4.50e-05  maxQ +0.0189  changes   510  9.4 min
episode 657/1013  eps 0.010  train return  +17.50%  loss 4.32e-05  maxQ +0.0177  changes   398  9.4 min
episode 658/1013  eps 0.010  train return  +63.35%  loss 3.88e-05  maxQ +0.0178  changes   496  9.4 min
episode 659/1013  eps 0.010  train return  +22.08%  loss 4.19e-05  maxQ +0.0186  changes   443  9.4 min
episode 660/1013  eps 0.010  train return  +21.54%  loss 4.10e-05  maxQ +0.0192  changes   413  9.5 min | val return -4.24% (best +23.22%)
episode 661/1013  eps 0.010  train return  +67.26%  loss 4.22e-05  maxQ +0.0188  changes   468  9.5 min
episode 662/1013  eps 0.010  train return  +32.16%  loss 4.54e-05  maxQ +0.0189  changes   457  9.5 min
episode 663/1013  eps 0.010  train return  +74.10%  loss 4.29e-05  maxQ +0.0179  changes   500  9.5 min
episode 664/1013  eps 0.010  train return   +6.69%  loss 4.39e-05  maxQ +0.0192  changes   387  9.5 min
episode 665/1013  eps 0.010  train return   +9.94%  loss 4.58e-05  maxQ +0.0185  changes   398  9.5 min
episode 666/1013  eps 0.010  train return  +80.92%  loss 4.89e-05  maxQ +0.0185  changes   471  9.6 min
episode 667/1013  eps 0.010  train return +150.30%  loss 4.49e-05  maxQ +0.0185  changes   466  9.6 min
episode 668/1013  eps 0.010  train return +677.19%  loss 4.76e-05  maxQ +0.0186  changes   488  9.6 min
episode 669/1013  eps 0.010  train return  +61.34%  loss 4.92e-05  maxQ +0.0193  changes   425  9.6 min
episode 670/1013  eps 0.010  train return +112.71%  loss 4.38e-05  maxQ +0.0194  changes   481  9.6 min | val return +9.50% (best +23.22%)
episode 671/1013  eps 0.010  train return  +77.96%  loss 4.56e-05  maxQ +0.0186  changes   456  9.6 min
episode 672/1013  eps 0.010  train return  +17.27%  loss 4.45e-05  maxQ +0.0184  changes   449  9.6 min
episode 673/1013  eps 0.010  train return  +78.24%  loss 4.08e-05  maxQ +0.0182  changes   441  9.7 min
episode 674/1013  eps 0.010  train return +235.67%  loss 4.57e-05  maxQ +0.0184  changes   462  9.7 min
episode 675/1013  eps 0.010  train return +451.12%  loss 4.59e-05  maxQ +0.0182  changes   512  9.7 min
episode 676/1013  eps 0.010  train return  +55.54%  loss 4.95e-05  maxQ +0.0189  changes   429  9.7 min
episode 677/1013  eps 0.010  train return  +68.19%  loss 4.68e-05  maxQ +0.0185  changes   439  9.7 min
episode 678/1013  eps 0.010  train return  +42.14%  loss 4.76e-05  maxQ +0.0189  changes   445  9.7 min
episode 679/1013  eps 0.010  train return +410.06%  loss 4.53e-05  maxQ +0.0191  changes   533  9.7 min
episode 680/1013  eps 0.010  train return +137.63%  loss 4.78e-05  maxQ +0.0191  changes   470  9.8 min | val return +0.04% (best +23.22%)
episode 681/1013  eps 0.010  train return +150.83%  loss 4.86e-05  maxQ +0.0192  changes   461  9.8 min
episode 682/1013  eps 0.010  train return +322.54%  loss 4.63e-05  maxQ +0.0187  changes   456  9.8 min
episode 683/1013  eps 0.010  train return  +19.67%  loss 4.51e-05  maxQ +0.0195  changes   425  9.8 min
episode 684/1013  eps 0.010  train return +567.40%  loss 5.14e-05  maxQ +0.0193  changes   482  9.8 min
episode 685/1013  eps 0.010  train return  +37.68%  loss 4.94e-05  maxQ +0.0198  changes   420  9.8 min
episode 686/1013  eps 0.010  train return  +32.97%  loss 4.65e-05  maxQ +0.0189  changes   419  9.8 min
episode 687/1013  eps 0.010  train return  +44.95%  loss 4.95e-05  maxQ +0.0195  changes   398  9.9 min
episode 688/1013  eps 0.010  train return  +31.06%  loss 4.75e-05  maxQ +0.0193  changes   445  9.9 min
episode 689/1013  eps 0.010  train return  +94.51%  loss 4.66e-05  maxQ +0.0180  changes   512  9.9 min
episode 690/1013  eps 0.010  train return +112.89%  loss 4.33e-05  maxQ +0.0181  changes   499  9.9 min | val return +14.45% (best +23.22%)
episode 691/1013  eps 0.010  train return  +31.64%  loss 4.45e-05  maxQ +0.0190  changes   438  9.9 min
episode 692/1013  eps 0.010  train return  +99.56%  loss 4.75e-05  maxQ +0.0182  changes   433  9.9 min
episode 693/1013  eps 0.010  train return  +58.42%  loss 4.67e-05  maxQ +0.0187  changes   456  10.0 min
episode 694/1013  eps 0.010  train return  +23.57%  loss 4.91e-05  maxQ +0.0189  changes   420  10.0 min
episode 695/1013  eps 0.010  train return  +75.89%  loss 4.79e-05  maxQ +0.0194  changes   467  10.0 min
episode 696/1013  eps 0.010  train return  +76.56%  loss 4.41e-05  maxQ +0.0190  changes   472  10.0 min
episode 697/1013  eps 0.010  train return  +18.42%  loss 4.58e-05  maxQ +0.0185  changes   435  10.0 min
episode 698/1013  eps 0.010  train return  +36.10%  loss 4.48e-05  maxQ +0.0184  changes   451  10.0 min
episode 699/1013  eps 0.010  train return  +33.82%  loss 4.21e-05  maxQ +0.0183  changes   422  10.0 min
episode 700/1013  eps 0.010  train return  +40.84%  loss 4.48e-05  maxQ +0.0185  changes   391  10.0 min | val return +4.66% (best +23.22%)
episode 701/1013  eps 0.010  train return  +37.18%  loss 4.31e-05  maxQ +0.0180  changes   458  10.1 min
episode 702/1013  eps 0.010  train return  +29.92%  loss 4.51e-05  maxQ +0.0181  changes   450  10.1 min
episode 703/1013  eps 0.010  train return +216.64%  loss 4.33e-05  maxQ +0.0191  changes   471  10.1 min
episode 704/1013  eps 0.010  train return +155.22%  loss 4.63e-05  maxQ +0.0185  changes   467  10.1 min
episode 705/1013  eps 0.010  train return +108.95%  loss 4.15e-05  maxQ +0.0192  changes   460  10.1 min
episode 706/1013  eps 0.010  train return  +34.42%  loss 4.15e-05  maxQ +0.0192  changes   444  10.1 min
episode 707/1013  eps 0.010  train return +536.17%  loss 4.55e-05  maxQ +0.0194  changes   503  10.2 min
episode 708/1013  eps 0.010  train return +206.50%  loss 4.40e-05  maxQ +0.0186  changes   469  10.2 min
episode 709/1013  eps 0.010  train return  +64.20%  loss 4.65e-05  maxQ +0.0186  changes   436  10.2 min
episode 710/1013  eps 0.010  train return  +56.26%  loss 4.33e-05  maxQ +0.0175  changes   427  10.2 min | val return -5.53% (best +23.22%)
episode 711/1013  eps 0.010  train return  +84.46%  loss 4.45e-05  maxQ +0.0180  changes   483  10.2 min
episode 712/1013  eps 0.010  train return  +10.05%  loss 4.65e-05  maxQ +0.0183  changes   414  10.2 min
episode 713/1013  eps 0.010  train return  +94.66%  loss 4.39e-05  maxQ +0.0182  changes   457  10.2 min
episode 714/1013  eps 0.010  train return +136.41%  loss 4.56e-05  maxQ +0.0183  changes   449  10.3 min
episode 715/1013  eps 0.010  train return  +28.86%  loss 4.50e-05  maxQ +0.0188  changes   376  10.3 min
episode 716/1013  eps 0.010  train return  +33.41%  loss 4.26e-05  maxQ +0.0182  changes   455  10.3 min
episode 717/1013  eps 0.010  train return +258.47%  loss 4.42e-05  maxQ +0.0190  changes   490  10.3 min
episode 718/1013  eps 0.010  train return  +30.62%  loss 4.47e-05  maxQ +0.0183  changes   438  10.3 min
episode 719/1013  eps 0.010  train return +111.98%  loss 4.33e-05  maxQ +0.0187  changes   483  10.3 min
episode 720/1013  eps 0.010  train return +431.30%  loss 4.36e-05  maxQ +0.0178  changes   483  10.3 min | val return +10.03% (best +23.22%)
episode 721/1013  eps 0.010  train return +121.31%  loss 4.19e-05  maxQ +0.0177  changes   435  10.4 min
episode 722/1013  eps 0.010  train return  +86.06%  loss 3.65e-05  maxQ +0.0175  changes   405  10.4 min
episode 723/1013  eps 0.010  train return  +45.33%  loss 3.99e-05  maxQ +0.0172  changes   435  10.4 min
episode 724/1013  eps 0.010  train return +737.94%  loss 4.45e-05  maxQ +0.0177  changes   495  10.4 min
episode 725/1013  eps 0.010  train return  +37.79%  loss 4.27e-05  maxQ +0.0174  changes   456  10.4 min
episode 726/1013  eps 0.010  train return  +45.44%  loss 4.19e-05  maxQ +0.0186  changes   456  10.4 min
episode 727/1013  eps 0.010  train return +273.47%  loss 3.96e-05  maxQ +0.0179  changes   451  10.4 min
episode 728/1013  eps 0.010  train return +187.03%  loss 3.85e-05  maxQ +0.0183  changes   463  10.5 min
episode 729/1013  eps 0.010  train return  +21.95%  loss 3.91e-05  maxQ +0.0180  changes   384  10.5 min
episode 730/1013  eps 0.010  train return +195.32%  loss 4.04e-05  maxQ +0.0185  changes   483  10.5 min | val return -14.17% (best +23.22%)
episode 731/1013  eps 0.010  train return  +98.43%  loss 4.05e-05  maxQ +0.0188  changes   474  10.5 min
episode 732/1013  eps 0.010  train return  +78.97%  loss 4.64e-05  maxQ +0.0187  changes   463  10.5 min
episode 733/1013  eps 0.010  train return  +99.50%  loss 4.41e-05  maxQ +0.0195  changes   473  10.5 min
episode 734/1013  eps 0.010  train return +344.36%  loss 4.55e-05  maxQ +0.0192  changes   458  10.5 min
episode 735/1013  eps 0.010  train return  +91.52%  loss 4.35e-05  maxQ +0.0186  changes   457  10.6 min
episode 736/1013  eps 0.010  train return  +99.89%  loss 4.25e-05  maxQ +0.0187  changes   465  10.6 min
episode 737/1013  eps 0.010  train return +177.25%  loss 4.72e-05  maxQ +0.0194  changes   467  10.6 min
episode 738/1013  eps 0.010  train return  +43.56%  loss 4.49e-05  maxQ +0.0187  changes   457  10.6 min
episode 739/1013  eps 0.010  train return +198.24%  loss 4.46e-05  maxQ +0.0187  changes   521  10.6 min
episode 740/1013  eps 0.010  train return  +17.57%  loss 4.20e-05  maxQ +0.0188  changes   439  10.6 min | val return +8.79% (best +23.22%)
episode 741/1013  eps 0.010  train return +117.44%  loss 4.07e-05  maxQ +0.0194  changes   481  10.6 min
episode 742/1013  eps 0.010  train return  +10.27%  loss 4.36e-05  maxQ +0.0189  changes   384  10.7 min
episode 743/1013  eps 0.010  train return  +53.62%  loss 4.30e-05  maxQ +0.0192  changes   453  10.7 min
episode 744/1013  eps 0.010  train return  +45.95%  loss 4.23e-05  maxQ +0.0190  changes   422  10.7 min
episode 745/1013  eps 0.010  train return +171.83%  loss 4.13e-05  maxQ +0.0179  changes   472  10.7 min
episode 746/1013  eps 0.010  train return  +80.51%  loss 4.06e-05  maxQ +0.0178  changes   451  10.7 min
episode 747/1013  eps 0.010  train return  +48.96%  loss 4.01e-05  maxQ +0.0182  changes   440  10.7 min
episode 748/1013  eps 0.010  train return +156.53%  loss 4.32e-05  maxQ +0.0179  changes   487  10.7 min
episode 749/1013  eps 0.010  train return  +48.04%  loss 4.01e-05  maxQ +0.0181  changes   413  10.7 min
episode 750/1013  eps 0.010  train return +158.32%  loss 3.98e-05  maxQ +0.0183  changes   460  10.8 min | val return +9.60% (best +23.22%)
episode 751/1013  eps 0.010  train return +327.99%  loss 4.16e-05  maxQ +0.0188  changes   449  10.8 min
episode 752/1013  eps 0.010  train return  +67.16%  loss 4.07e-05  maxQ +0.0188  changes   459  10.8 min
episode 753/1013  eps 0.010  train return +120.97%  loss 4.21e-05  maxQ +0.0189  changes   473  10.8 min
episode 754/1013  eps 0.010  train return  +91.61%  loss 4.32e-05  maxQ +0.0190  changes   492  10.8 min
episode 755/1013  eps 0.010  train return  +59.80%  loss 3.83e-05  maxQ +0.0186  changes   417  10.8 min
episode 756/1013  eps 0.010  train return +356.83%  loss 3.97e-05  maxQ +0.0178  changes   467  10.8 min
episode 757/1013  eps 0.010  train return +640.82%  loss 4.50e-05  maxQ +0.0187  changes   483  10.9 min
episode 758/1013  eps 0.010  train return  +47.50%  loss 4.44e-05  maxQ +0.0185  changes   452  10.9 min
episode 759/1013  eps 0.010  train return  +39.40%  loss 4.15e-05  maxQ +0.0197  changes   438  10.9 min
episode 760/1013  eps 0.010  train return  +54.75%  loss 3.99e-05  maxQ +0.0188  changes   444  10.9 min | val return +2.72% (best +23.22%)
episode 761/1013  eps 0.010  train return  +76.65%  loss 3.96e-05  maxQ +0.0184  changes   430  10.9 min
episode 762/1013  eps 0.010  train return  +81.73%  loss 3.86e-05  maxQ +0.0184  changes   456  10.9 min
episode 763/1013  eps 0.010  train return +169.05%  loss 4.38e-05  maxQ +0.0197  changes   473  11.0 min
episode 764/1013  eps 0.010  train return  +31.37%  loss 4.35e-05  maxQ +0.0191  changes   468  11.0 min
episode 765/1013  eps 0.010  train return  +48.78%  loss 4.02e-05  maxQ +0.0190  changes   446  11.0 min
episode 766/1013  eps 0.010  train return +438.65%  loss 4.29e-05  maxQ +0.0189  changes   500  11.0 min
episode 767/1013  eps 0.010  train return +111.94%  loss 4.05e-05  maxQ +0.0185  changes   468  11.0 min
episode 768/1013  eps 0.010  train return  +21.37%  loss 4.28e-05  maxQ +0.0179  changes   447  11.0 min
episode 769/1013  eps 0.010  train return +154.28%  loss 4.12e-05  maxQ +0.0176  changes   479  11.0 min
episode 770/1013  eps 0.010  train return +179.19%  loss 4.11e-05  maxQ +0.0171  changes   486  11.1 min | val return -1.83% (best +23.22%)
episode 771/1013  eps 0.010  train return +705.73%  loss 4.54e-05  maxQ +0.0182  changes   495  11.1 min
episode 772/1013  eps 0.010  train return  +31.61%  loss 4.48e-05  maxQ +0.0179  changes   420  11.1 min
episode 773/1013  eps 0.010  train return +197.65%  loss 4.32e-05  maxQ +0.0180  changes   481  11.1 min
episode 774/1013  eps 0.010  train return  +77.71%  loss 4.18e-05  maxQ +0.0182  changes   446  11.1 min
episode 775/1013  eps 0.010  train return +189.42%  loss 4.25e-05  maxQ +0.0184  changes   494  11.1 min
episode 776/1013  eps 0.010  train return  +59.96%  loss 4.38e-05  maxQ +0.0176  changes   420  11.2 min
episode 777/1013  eps 0.010  train return +566.36%  loss 4.07e-05  maxQ +0.0172  changes   501  11.2 min
episode 778/1013  eps 0.010  train return +127.77%  loss 4.06e-05  maxQ +0.0178  changes   448  11.2 min
episode 779/1013  eps 0.010  train return  +67.13%  loss 4.22e-05  maxQ +0.0186  changes   471  11.2 min
episode 780/1013  eps 0.010  train return +139.29%  loss 4.11e-05  maxQ +0.0183  changes   469  11.2 min | val return +8.68% (best +23.22%)
episode 781/1013  eps 0.010  train return  +51.06%  loss 4.51e-05  maxQ +0.0187  changes   455  11.2 min
episode 782/1013  eps 0.010  train return  +19.30%  loss 4.11e-05  maxQ +0.0190  changes   378  11.2 min
episode 783/1013  eps 0.010  train return +202.64%  loss 4.12e-05  maxQ +0.0190  changes   496  11.3 min
episode 784/1013  eps 0.010  train return +173.30%  loss 4.27e-05  maxQ +0.0187  changes   496  11.3 min
episode 785/1013  eps 0.010  train return +226.28%  loss 4.42e-05  maxQ +0.0197  changes   536  11.3 min
episode 786/1013  eps 0.010  train return  +44.34%  loss 4.32e-05  maxQ +0.0194  changes   428  11.3 min
episode 787/1013  eps 0.010  train return  +24.11%  loss 4.25e-05  maxQ +0.0191  changes   473  11.3 min
episode 788/1013  eps 0.010  train return +261.57%  loss 4.29e-05  maxQ +0.0197  changes   471  11.3 min
episode 789/1013  eps 0.010  train return +133.36%  loss 4.49e-05  maxQ +0.0199  changes   487  11.3 min
episode 790/1013  eps 0.010  train return  +34.13%  loss 4.53e-05  maxQ +0.0193  changes   473  11.3 min | val return -0.55% (best +23.22%)
episode 791/1013  eps 0.010  train return  +12.25%  loss 4.46e-05  maxQ +0.0200  changes   400  11.4 min
episode 792/1013  eps 0.010  train return   +3.01%  loss 4.46e-05  maxQ +0.0202  changes   439  11.4 min
episode 793/1013  eps 0.010  train return +118.50%  loss 4.15e-05  maxQ +0.0197  changes   481  11.4 min
episode 794/1013  eps 0.010  train return  +30.76%  loss 4.21e-05  maxQ +0.0188  changes   433  11.4 min
episode 795/1013  eps 0.010  train return  +11.27%  loss 4.49e-05  maxQ +0.0192  changes   430  11.4 min
episode 796/1013  eps 0.010  train return  +18.17%  loss 4.10e-05  maxQ +0.0190  changes   480  11.4 min
episode 797/1013  eps 0.010  train return  +11.46%  loss 4.08e-05  maxQ +0.0187  changes   442  11.4 min
episode 798/1013  eps 0.010  train return +154.80%  loss 4.16e-05  maxQ +0.0184  changes   500  11.5 min
episode 799/1013  eps 0.010  train return   +5.80%  loss 4.05e-05  maxQ +0.0182  changes   412  11.5 min
episode 800/1013  eps 0.010  train return +163.97%  loss 4.20e-05  maxQ +0.0190  changes   478  11.5 min | val return +3.95% (best +23.22%)
episode 801/1013  eps 0.010  train return  +55.01%  loss 4.20e-05  maxQ +0.0195  changes   453  11.5 min
episode 802/1013  eps 0.010  train return +190.74%  loss 3.90e-05  maxQ +0.0194  changes   485  11.5 min
episode 803/1013  eps 0.010  train return +196.22%  loss 4.16e-05  maxQ +0.0192  changes   497  11.5 min
episode 804/1013  eps 0.010  train return  +67.39%  loss 4.14e-05  maxQ +0.0185  changes   440  11.6 min
episode 805/1013  eps 0.010  train return  +89.78%  loss 3.99e-05  maxQ +0.0179  changes   471  11.6 min
episode 806/1013  eps 0.010  train return +166.66%  loss 3.92e-05  maxQ +0.0178  changes   492  11.6 min
episode 807/1013  eps 0.010  train return  +59.59%  loss 4.13e-05  maxQ +0.0182  changes   468  11.6 min
episode 808/1013  eps 0.010  train return   -0.88%  loss 4.07e-05  maxQ +0.0182  changes   408  11.6 min
episode 809/1013  eps 0.010  train return  +42.56%  loss 4.16e-05  maxQ +0.0180  changes   465  11.6 min
episode 810/1013  eps 0.010  train return +179.93%  loss 4.20e-05  maxQ +0.0184  changes   465  11.6 min | val return +14.81% (best +23.22%)
episode 811/1013  eps 0.010  train return +455.90%  loss 3.93e-05  maxQ +0.0181  changes   477  11.7 min
episode 812/1013  eps 0.010  train return +339.99%  loss 3.78e-05  maxQ +0.0175  changes   475  11.7 min
episode 813/1013  eps 0.010  train return  +80.12%  loss 4.12e-05  maxQ +0.0179  changes   454  11.7 min
episode 814/1013  eps 0.010  train return +100.51%  loss 3.94e-05  maxQ +0.0172  changes   428  11.7 min
episode 815/1013  eps 0.010  train return  +42.65%  loss 4.12e-05  maxQ +0.0174  changes   470  11.7 min
episode 816/1013  eps 0.010  train return +496.42%  loss 4.25e-05  maxQ +0.0175  changes   495  11.7 min
episode 817/1013  eps 0.010  train return  +63.74%  loss 4.30e-05  maxQ +0.0178  changes   444  11.7 min
episode 818/1013  eps 0.010  train return  +42.85%  loss 3.98e-05  maxQ +0.0170  changes   456  11.8 min
episode 819/1013  eps 0.010  train return +179.72%  loss 3.95e-05  maxQ +0.0180  changes   471  11.8 min
episode 820/1013  eps 0.010  train return  +50.33%  loss 4.28e-05  maxQ +0.0182  changes   424  11.8 min | val return +19.20% (best +23.22%)
episode 821/1013  eps 0.010  train return +152.78%  loss 4.26e-05  maxQ +0.0183  changes   472  11.8 min
episode 822/1013  eps 0.010  train return +230.47%  loss 4.31e-05  maxQ +0.0186  changes   470  11.8 min
episode 823/1013  eps 0.010  train return  +44.66%  loss 3.90e-05  maxQ +0.0185  changes   432  11.8 min
episode 824/1013  eps 0.010  train return  +42.23%  loss 4.07e-05  maxQ +0.0181  changes   439  11.8 min
episode 825/1013  eps 0.010  train return +118.22%  loss 4.14e-05  maxQ +0.0186  changes   470  11.9 min
episode 826/1013  eps 0.010  train return  +33.46%  loss 4.06e-05  maxQ +0.0186  changes   419  11.9 min
episode 827/1013  eps 0.010  train return  +43.41%  loss 4.22e-05  maxQ +0.0189  changes   434  11.9 min
episode 828/1013  eps 0.010  train return +184.96%  loss 4.17e-05  maxQ +0.0183  changes   462  11.9 min
episode 829/1013  eps 0.010  train return +215.01%  loss 4.16e-05  maxQ +0.0188  changes   489  11.9 min
episode 830/1013  eps 0.010  train return  +23.90%  loss 4.16e-05  maxQ +0.0190  changes   399  11.9 min | val return -5.95% (best +23.22%)
episode 831/1013  eps 0.010  train return +217.69%  loss 4.17e-05  maxQ +0.0192  changes   477  12.0 min
episode 832/1013  eps 0.010  train return +137.89%  loss 4.03e-05  maxQ +0.0187  changes   491  12.0 min
episode 833/1013  eps 0.010  train return  +46.08%  loss 3.93e-05  maxQ +0.0184  changes   413  12.0 min
episode 834/1013  eps 0.010  train return  +10.74%  loss 4.01e-05  maxQ +0.0182  changes   436  12.0 min
episode 835/1013  eps 0.010  train return  +26.24%  loss 3.98e-05  maxQ +0.0175  changes   427  12.0 min
episode 836/1013  eps 0.010  train return +107.86%  loss 4.02e-05  maxQ +0.0181  changes   483  12.0 min
episode 837/1013  eps 0.010  train return +529.33%  loss 4.25e-05  maxQ +0.0178  changes   491  12.0 min
episode 838/1013  eps 0.010  train return  +13.10%  loss 4.11e-05  maxQ +0.0184  changes   412  12.0 min
episode 839/1013  eps 0.010  train return +216.74%  loss 4.21e-05  maxQ +0.0188  changes   487  12.1 min
episode 840/1013  eps 0.010  train return  +42.96%  loss 4.19e-05  maxQ +0.0186  changes   435  12.1 min | val return +3.83% (best +23.22%)
episode 841/1013  eps 0.010  train return  +66.04%  loss 3.85e-05  maxQ +0.0178  changes   430  12.1 min
episode 842/1013  eps 0.010  train return +126.34%  loss 3.92e-05  maxQ +0.0177  changes   478  12.1 min
episode 843/1013  eps 0.010  train return  +69.55%  loss 4.12e-05  maxQ +0.0179  changes   445  12.1 min
episode 844/1013  eps 0.010  train return +120.78%  loss 4.19e-05  maxQ +0.0189  changes   449  12.1 min
episode 845/1013  eps 0.010  train return  +31.54%  loss 4.34e-05  maxQ +0.0182  changes   416  12.2 min
episode 846/1013  eps 0.010  train return  +77.23%  loss 3.94e-05  maxQ +0.0181  changes   458  12.2 min
episode 847/1013  eps 0.010  train return +221.91%  loss 4.07e-05  maxQ +0.0183  changes   437  12.2 min
episode 848/1013  eps 0.010  train return +184.87%  loss 4.50e-05  maxQ +0.0181  changes   500  12.2 min
episode 849/1013  eps 0.010  train return +179.74%  loss 4.03e-05  maxQ +0.0183  changes   472  12.2 min
episode 850/1013  eps 0.010  train return +141.91%  loss 4.35e-05  maxQ +0.0186  changes   477  12.2 min | val return -4.70% (best +23.22%)
episode 851/1013  eps 0.010  train return  +34.08%  loss 4.33e-05  maxQ +0.0185  changes   427  12.2 min
episode 852/1013  eps 0.010  train return  +35.55%  loss 4.14e-05  maxQ +0.0185  changes   462  12.3 min
episode 853/1013  eps 0.010  train return +473.71%  loss 4.13e-05  maxQ +0.0184  changes   451  12.3 min
episode 854/1013  eps 0.010  train return  +65.49%  loss 4.21e-05  maxQ +0.0186  changes   461  12.3 min
episode 855/1013  eps 0.010  train return  +17.72%  loss 4.19e-05  maxQ +0.0178  changes   422  12.3 min
episode 856/1013  eps 0.010  train return  +41.70%  loss 3.83e-05  maxQ +0.0176  changes   427  12.3 min
episode 857/1013  eps 0.010  train return  +29.98%  loss 4.08e-05  maxQ +0.0174  changes   427  12.3 min
episode 858/1013  eps 0.010  train return   +0.35%  loss 3.96e-05  maxQ +0.0180  changes   369  12.3 min
episode 859/1013  eps 0.010  train return  +55.09%  loss 3.92e-05  maxQ +0.0188  changes   406  12.4 min
episode 860/1013  eps 0.010  train return +162.73%  loss 3.72e-05  maxQ +0.0190  changes   455  12.4 min | val return -7.96% (best +23.22%)
episode 861/1013  eps 0.010  train return   +7.64%  loss 3.56e-05  maxQ +0.0185  changes   407  12.4 min
episode 862/1013  eps 0.010  train return  +40.90%  loss 3.70e-05  maxQ +0.0187  changes   414  12.4 min
episode 863/1013  eps 0.010  train return  +90.09%  loss 4.04e-05  maxQ +0.0189  changes   463  12.4 min
episode 864/1013  eps 0.010  train return +172.45%  loss 4.11e-05  maxQ +0.0188  changes   474  12.4 min
episode 865/1013  eps 0.010  train return  +38.20%  loss 4.09e-05  maxQ +0.0188  changes   430  12.5 min
episode 866/1013  eps 0.010  train return +111.01%  loss 4.07e-05  maxQ +0.0194  changes   461  12.5 min
episode 867/1013  eps 0.010  train return  +38.20%  loss 4.19e-05  maxQ +0.0195  changes   403  12.5 min
episode 868/1013  eps 0.010  train return   +8.05%  loss 3.97e-05  maxQ +0.0191  changes   416  12.5 min
episode 869/1013  eps 0.010  train return +207.06%  loss 4.12e-05  maxQ +0.0188  changes   512  12.5 min
episode 870/1013  eps 0.010  train return  +67.10%  loss 3.95e-05  maxQ +0.0187  changes   440  12.5 min | val return -13.17% (best +23.22%)
episode 871/1013  eps 0.010  train return +186.58%  loss 4.27e-05  maxQ +0.0195  changes   443  12.5 min
episode 872/1013  eps 0.010  train return  +63.40%  loss 4.16e-05  maxQ +0.0191  changes   442  12.6 min
episode 873/1013  eps 0.010  train return +206.24%  loss 4.34e-05  maxQ +0.0193  changes   484  12.6 min
episode 874/1013  eps 0.010  train return  +64.29%  loss 4.12e-05  maxQ +0.0188  changes   377  12.6 min
episode 875/1013  eps 0.010  train return  +94.94%  loss 4.05e-05  maxQ +0.0182  changes   462  12.6 min
episode 876/1013  eps 0.010  train return  +17.22%  loss 3.79e-05  maxQ +0.0180  changes   411  12.6 min
episode 877/1013  eps 0.010  train return  +85.74%  loss 3.97e-05  maxQ +0.0183  changes   455  12.6 min
episode 878/1013  eps 0.010  train return  +75.99%  loss 3.84e-05  maxQ +0.0177  changes   462  12.6 min
episode 879/1013  eps 0.010  train return +230.59%  loss 3.81e-05  maxQ +0.0179  changes   500  12.7 min
episode 880/1013  eps 0.010  train return  +60.19%  loss 3.74e-05  maxQ +0.0175  changes   395  12.7 min | val return +3.73% (best +23.22%)
episode 881/1013  eps 0.010  train return  +20.69%  loss 3.85e-05  maxQ +0.0186  changes   369  12.7 min
episode 882/1013  eps 0.010  train return  +66.42%  loss 3.85e-05  maxQ +0.0179  changes   470  12.7 min
episode 883/1013  eps 0.010  train return  +95.23%  loss 3.70e-05  maxQ +0.0177  changes   431  12.7 min
episode 884/1013  eps 0.010  train return  +62.47%  loss 3.43e-05  maxQ +0.0176  changes   452  12.7 min
episode 885/1013  eps 0.010  train return  +25.64%  loss 3.46e-05  maxQ +0.0181  changes   444  12.7 min
episode 886/1013  eps 0.010  train return +448.49%  loss 3.78e-05  maxQ +0.0185  changes   497  12.8 min
episode 887/1013  eps 0.010  train return +221.13%  loss 3.36e-05  maxQ +0.0176  changes   446  12.8 min
episode 888/1013  eps 0.010  train return +266.29%  loss 3.72e-05  maxQ +0.0178  changes   480  12.8 min
episode 889/1013  eps 0.010  train return  +57.24%  loss 3.83e-05  maxQ +0.0181  changes   413  12.8 min
episode 890/1013  eps 0.010  train return +266.86%  loss 3.61e-05  maxQ +0.0172  changes   471  12.8 min | val return -7.83% (best +23.22%)
episode 891/1013  eps 0.010  train return +182.43%  loss 3.65e-05  maxQ +0.0175  changes   476  12.8 min
episode 892/1013  eps 0.010  train return +310.06%  loss 3.71e-05  maxQ +0.0170  changes   494  12.9 min
episode 893/1013  eps 0.010  train return  +28.01%  loss 3.93e-05  maxQ +0.0173  changes   464  12.9 min
episode 894/1013  eps 0.010  train return  +40.04%  loss 4.08e-05  maxQ +0.0186  changes   470  12.9 min
episode 895/1013  eps 0.010  train return +252.21%  loss 4.06e-05  maxQ +0.0186  changes   503  12.9 min
episode 896/1013  eps 0.010  train return +357.84%  loss 4.40e-05  maxQ +0.0186  changes   499  12.9 min
episode 897/1013  eps 0.010  train return +380.19%  loss 4.22e-05  maxQ +0.0188  changes   461  12.9 min
episode 898/1013  eps 0.010  train return  +99.93%  loss 4.29e-05  maxQ +0.0188  changes   467  12.9 min
episode 899/1013  eps 0.010  train return +269.82%  loss 4.14e-05  maxQ +0.0184  changes   466  12.9 min
episode 900/1013  eps 0.010  train return  +57.85%  loss 4.00e-05  maxQ +0.0186  changes   434  13.0 min | val return -3.91% (best +23.22%)
episode 901/1013  eps 0.010  train return  +89.68%  loss 4.14e-05  maxQ +0.0186  changes   455  13.0 min
episode 902/1013  eps 0.010  train return  +91.35%  loss 3.98e-05  maxQ +0.0180  changes   455  13.0 min
episode 903/1013  eps 0.010  train return +234.18%  loss 4.14e-05  maxQ +0.0186  changes   476  13.0 min
episode 904/1013  eps 0.010  train return  +90.93%  loss 4.09e-05  maxQ +0.0177  changes   469  13.0 min
episode 905/1013  eps 0.010  train return  +72.48%  loss 4.11e-05  maxQ +0.0176  changes   466  13.0 min
episode 906/1013  eps 0.010  train return   +8.13%  loss 4.04e-05  maxQ +0.0177  changes   354  13.1 min
episode 907/1013  eps 0.010  train return +292.94%  loss 3.90e-05  maxQ +0.0183  changes   445  13.1 min
episode 908/1013  eps 0.010  train return  +90.48%  loss 3.87e-05  maxQ +0.0183  changes   462  13.1 min
episode 909/1013  eps 0.010  train return +145.96%  loss 4.06e-05  maxQ +0.0185  changes   456  13.1 min
episode 910/1013  eps 0.010  train return +129.05%  loss 4.14e-05  maxQ +0.0186  changes   522  13.1 min | val return +0.52% (best +23.22%)
episode 911/1013  eps 0.010  train return +299.25%  loss 4.12e-05  maxQ +0.0187  changes   484  13.1 min
episode 912/1013  eps 0.010  train return  +40.30%  loss 4.38e-05  maxQ +0.0190  changes   461  13.1 min
episode 913/1013  eps 0.010  train return +135.93%  loss 4.27e-05  maxQ +0.0185  changes   437  13.2 min
episode 914/1013  eps 0.010  train return +316.60%  loss 4.25e-05  maxQ +0.0190  changes   494  13.2 min
episode 915/1013  eps 0.010  train return   +6.50%  loss 4.13e-05  maxQ +0.0182  changes   406  13.2 min
episode 916/1013  eps 0.010  train return  +53.71%  loss 4.26e-05  maxQ +0.0191  changes   429  13.2 min
episode 917/1013  eps 0.010  train return +107.99%  loss 3.89e-05  maxQ +0.0184  changes   462  13.2 min
episode 918/1013  eps 0.010  train return  +72.26%  loss 4.07e-05  maxQ +0.0193  changes   474  13.2 min
episode 919/1013  eps 0.010  train return +123.77%  loss 4.12e-05  maxQ +0.0193  changes   483  13.2 min
episode 920/1013  eps 0.010  train return  +62.98%  loss 4.23e-05  maxQ +0.0193  changes   421  13.3 min | val return +5.03% (best +23.22%)
episode 921/1013  eps 0.010  train return  +61.99%  loss 3.99e-05  maxQ +0.0187  changes   471  13.3 min
episode 922/1013  eps 0.010  train return +145.15%  loss 3.99e-05  maxQ +0.0184  changes   472  13.3 min
episode 923/1013  eps 0.010  train return  +68.11%  loss 4.15e-05  maxQ +0.0185  changes   463  13.3 min
episode 924/1013  eps 0.010  train return  +19.19%  loss 4.05e-05  maxQ +0.0188  changes   429  13.3 min
episode 925/1013  eps 0.010  train return +264.66%  loss 4.25e-05  maxQ +0.0181  changes   493  13.3 min
episode 926/1013  eps 0.010  train return   +8.33%  loss 4.09e-05  maxQ +0.0182  changes   455  13.3 min
episode 927/1013  eps 0.010  train return +184.92%  loss 4.01e-05  maxQ +0.0189  changes   475  13.4 min
episode 928/1013  eps 0.010  train return  +72.87%  loss 4.35e-05  maxQ +0.0195  changes   484  13.4 min
episode 929/1013  eps 0.010  train return +121.92%  loss 4.23e-05  maxQ +0.0204  changes   472  13.4 min
episode 930/1013  eps 0.010  train return +101.12%  loss 4.22e-05  maxQ +0.0193  changes   506  13.4 min | val return +5.04% (best +23.22%)
episode 931/1013  eps 0.010  train return  +40.40%  loss 4.27e-05  maxQ +0.0195  changes   394  13.4 min
episode 932/1013  eps 0.010  train return +226.67%  loss 4.31e-05  maxQ +0.0190  changes   470  13.4 min
episode 933/1013  eps 0.010  train return  +57.85%  loss 4.42e-05  maxQ +0.0196  changes   442  13.5 min
episode 934/1013  eps 0.010  train return +178.61%  loss 4.18e-05  maxQ +0.0202  changes   491  13.5 min
episode 935/1013  eps 0.010  train return +206.85%  loss 4.29e-05  maxQ +0.0206  changes   453  13.5 min
episode 936/1013  eps 0.010  train return +128.96%  loss 4.58e-05  maxQ +0.0203  changes   477  13.5 min
episode 937/1013  eps 0.010  train return  +94.51%  loss 4.31e-05  maxQ +0.0200  changes   454  13.5 min
episode 938/1013  eps 0.010  train return +158.62%  loss 4.37e-05  maxQ +0.0206  changes   481  13.5 min
episode 939/1013  eps 0.010  train return  +62.75%  loss 4.20e-05  maxQ +0.0199  changes   411  13.5 min
episode 940/1013  eps 0.010  train return +276.36%  loss 4.33e-05  maxQ +0.0194  changes   482  13.6 min | val return -3.60% (best +23.22%)
episode 941/1013  eps 0.010  train return +122.76%  loss 4.39e-05  maxQ +0.0199  changes   458  13.6 min
episode 942/1013  eps 0.010  train return  +69.04%  loss 4.17e-05  maxQ +0.0195  changes   454  13.6 min
episode 943/1013  eps 0.010  train return  +95.36%  loss 4.35e-05  maxQ +0.0194  changes   472  13.6 min
episode 944/1013  eps 0.010  train return  +58.10%  loss 4.29e-05  maxQ +0.0200  changes   468  13.6 min
episode 945/1013  eps 0.010  train return  +93.22%  loss 4.36e-05  maxQ +0.0195  changes   465  13.6 min
episode 946/1013  eps 0.010  train return  +32.67%  loss 4.11e-05  maxQ +0.0189  changes   468  13.6 min
episode 947/1013  eps 0.010  train return +263.54%  loss 4.21e-05  maxQ +0.0194  changes   486  13.7 min
episode 948/1013  eps 0.010  train return  +37.50%  loss 4.21e-05  maxQ +0.0198  changes   446  13.7 min
episode 949/1013  eps 0.010  train return +243.82%  loss 4.43e-05  maxQ +0.0199  changes   496  13.7 min
episode 950/1013  eps 0.010  train return +495.47%  loss 4.34e-05  maxQ +0.0195  changes   467  13.7 min | val return +2.10% (best +23.22%)
episode 951/1013  eps 0.010  train return  +48.44%  loss 4.11e-05  maxQ +0.0191  changes   434  13.7 min
episode 952/1013  eps 0.010  train return +450.77%  loss 4.37e-05  maxQ +0.0192  changes   499  13.7 min
episode 953/1013  eps 0.010  train return +423.80%  loss 4.25e-05  maxQ +0.0188  changes   458  13.8 min
episode 954/1013  eps 0.010  train return +357.61%  loss 4.26e-05  maxQ +0.0193  changes   492  13.8 min
episode 955/1013  eps 0.010  train return  +12.76%  loss 4.80e-05  maxQ +0.0192  changes   402  13.8 min
episode 956/1013  eps 0.010  train return +255.80%  loss 4.32e-05  maxQ +0.0198  changes   500  13.8 min
episode 957/1013  eps 0.010  train return  +42.15%  loss 4.02e-05  maxQ +0.0191  changes   414  13.8 min
episode 958/1013  eps 0.010  train return  +93.25%  loss 4.17e-05  maxQ +0.0190  changes   471  13.8 min
episode 959/1013  eps 0.010  train return +106.36%  loss 4.32e-05  maxQ +0.0199  changes   450  13.8 min
episode 960/1013  eps 0.010  train return  +53.36%  loss 4.10e-05  maxQ +0.0192  changes   462  13.9 min | val return -5.78% (best +23.22%)
episode 961/1013  eps 0.010  train return  +12.87%  loss 4.38e-05  maxQ +0.0197  changes   429  13.9 min
episode 962/1013  eps 0.010  train return  +44.29%  loss 4.21e-05  maxQ +0.0200  changes   455  13.9 min
episode 963/1013  eps 0.010  train return  +14.21%  loss 4.22e-05  maxQ +0.0201  changes   376  13.9 min
episode 964/1013  eps 0.010  train return  +53.13%  loss 4.13e-05  maxQ +0.0195  changes   446  13.9 min
episode 965/1013  eps 0.010  train return  +34.47%  loss 4.14e-05  maxQ +0.0185  changes   417  13.9 min
episode 966/1013  eps 0.010  train return +139.35%  loss 4.12e-05  maxQ +0.0183  changes   483  13.9 min
episode 967/1013  eps 0.010  train return +292.86%  loss 4.13e-05  maxQ +0.0190  changes   465  14.0 min
episode 968/1013  eps 0.010  train return +123.57%  loss 4.20e-05  maxQ +0.0187  changes   456  14.0 min
episode 969/1013  eps 0.010  train return  +18.27%  loss 3.76e-05  maxQ +0.0185  changes   448  14.0 min
episode 970/1013  eps 0.010  train return  +69.46%  loss 4.00e-05  maxQ +0.0187  changes   449  14.0 min | val return -15.81% (best +23.22%)
episode 971/1013  eps 0.010  train return +528.44%  loss 4.39e-05  maxQ +0.0189  changes   495  14.0 min
episode 972/1013  eps 0.010  train return +191.30%  loss 4.12e-05  maxQ +0.0181  changes   477  14.0 min
episode 973/1013  eps 0.010  train return  +68.68%  loss 3.79e-05  maxQ +0.0186  changes   424  14.0 min
episode 974/1013  eps 0.010  train return  +20.70%  loss 4.06e-05  maxQ +0.0184  changes   470  14.1 min
episode 975/1013  eps 0.010  train return +421.55%  loss 4.17e-05  maxQ +0.0186  changes   484  14.1 min
episode 976/1013  eps 0.010  train return +142.92%  loss 4.12e-05  maxQ +0.0185  changes   505  14.1 min
episode 977/1013  eps 0.010  train return  +71.14%  loss 4.09e-05  maxQ +0.0176  changes   473  14.1 min
episode 978/1013  eps 0.010  train return  +21.93%  loss 4.10e-05  maxQ +0.0177  changes   442  14.1 min
episode 979/1013  eps 0.010  train return  +35.06%  loss 3.86e-05  maxQ +0.0179  changes   432  14.1 min
episode 980/1013  eps 0.010  train return   +7.05%  loss 3.96e-05  maxQ +0.0177  changes   444  14.1 min | val return -13.42% (best +23.22%)
episode 981/1013  eps 0.010  train return +109.21%  loss 4.07e-05  maxQ +0.0177  changes   470  14.2 min
episode 982/1013  eps 0.010  train return  +18.07%  loss 3.64e-05  maxQ +0.0175  changes   428  14.2 min
episode 983/1013  eps 0.010  train return  +56.08%  loss 3.85e-05  maxQ +0.0171  changes   424  14.2 min
episode 984/1013  eps 0.010  train return +112.45%  loss 3.81e-05  maxQ +0.0177  changes   484  14.2 min
episode 985/1013  eps 0.010  train return +178.65%  loss 3.92e-05  maxQ +0.0176  changes   504  14.2 min
episode 986/1013  eps 0.010  train return  +28.89%  loss 4.07e-05  maxQ +0.0178  changes   435  14.2 min
episode 987/1013  eps 0.010  train return  +95.15%  loss 3.92e-05  maxQ +0.0183  changes   439  14.2 min
episode 988/1013  eps 0.010  train return  +45.79%  loss 3.86e-05  maxQ +0.0183  changes   403  14.2 min
episode 989/1013  eps 0.010  train return +124.90%  loss 3.56e-05  maxQ +0.0173  changes   451  14.2 min
episode 990/1013  eps 0.010  train return +282.88%  loss 3.91e-05  maxQ +0.0171  changes   466  14.3 min | val return +2.16% (best +23.22%)
episode 991/1013  eps 0.010  train return +413.55%  loss 3.83e-05  maxQ +0.0175  changes   478  14.3 min
episode 992/1013  eps 0.010  train return  +71.27%  loss 4.06e-05  maxQ +0.0178  changes   456  14.3 min
episode 993/1013  eps 0.010  train return +160.48%  loss 4.02e-05  maxQ +0.0174  changes   493  14.3 min
episode 994/1013  eps 0.010  train return +200.85%  loss 3.98e-05  maxQ +0.0172  changes   465  14.3 min
episode 995/1013  eps 0.010  train return  +62.68%  loss 3.95e-05  maxQ +0.0173  changes   401  14.3 min
episode 996/1013  eps 0.010  train return  +33.48%  loss 4.02e-05  maxQ +0.0177  changes   418  14.3 min
episode 997/1013  eps 0.010  train return +244.74%  loss 4.12e-05  maxQ +0.0176  changes   468  14.3 min
episode 998/1013  eps 0.010  train return  +42.33%  loss 4.20e-05  maxQ +0.0176  changes   463  14.4 min
episode 999/1013  eps 0.010  train return +447.69%  loss 4.16e-05  maxQ +0.0181  changes   510  14.4 min
episode 1000/1013  eps 0.010  train return  +80.99%  loss 4.35e-05  maxQ +0.0174  changes   492  14.4 min | val return -11.63% (best +23.22%)
episode 1001/1013  eps 0.010  train return +293.60%  loss 4.10e-05  maxQ +0.0178  changes   475  14.4 min
episode 1002/1013  eps 0.010  train return +605.04%  loss 4.39e-05  maxQ +0.0177  changes   486  14.4 min
episode 1003/1013  eps 0.010  train return +248.33%  loss 4.59e-05  maxQ +0.0186  changes   464  14.4 min
episode 1004/1013  eps 0.010  train return  +55.26%  loss 4.82e-05  maxQ +0.0191  changes   486  14.4 min
episode 1005/1013  eps 0.010  train return +204.13%  loss 4.32e-05  maxQ +0.0192  changes   480  14.4 min
episode 1006/1013  eps 0.010  train return  +63.42%  loss 4.38e-05  maxQ +0.0185  changes   407  14.4 min
episode 1007/1013  eps 0.010  train return  +73.70%  loss 4.05e-05  maxQ +0.0185  changes   458  14.5 min
episode 1008/1013  eps 0.010  train return  +18.13%  loss 3.95e-05  maxQ +0.0185  changes   430  14.5 min
episode 1009/1013  eps 0.010  train return +260.06%  loss 4.25e-05  maxQ +0.0186  changes   496  14.5 min
episode 1010/1013  eps 0.010  train return +181.26%  loss 4.44e-05  maxQ +0.0185  changes   493  14.5 min | val return +7.87% (best +23.22%)
episode 1011/1013  eps 0.010  train return  +43.64%  loss 4.80e-05  maxQ +0.0189  changes   462  14.5 min
episode 1012/1013  eps 0.010  train return  +19.71%  loss 4.63e-05  maxQ +0.0194  changes   456  14.5 min
episode 1013/1013  eps 0.010  train return  +87.17%  loss 4.49e-05  maxQ +0.0193  changes   454  14.5 min | val return -9.07% (best +23.22%)
model    env  portfolio_return  excess_return  n_changes
 last    val         -0.091036      -0.048418      979.2
 last val_w1          0.072843       0.099758      538.2
 last val_w2         -0.157356      -0.141923      459.9
 best    val          0.232244       0.274862     1017.7
 best val_w1          0.192659       0.219574      537.7
 best val_w2          0.059570       0.075003      499.7
