Downloaded data: 30,528 candles, 2023-03-25 00:00:00+00:00 to 2026-09-16 23:00:00+00:00; no missing hours
dev_train: 28,152 candles, 2023-04-01 00:00:00+00:00 to 2026-06-16 23:00:00+00:00; no missing hours
val: 1,464 candles, 2026-06-17 00:00:00+00:00 to 2026-08-16 23:00:00+00:00; no missing hours
eval: 744 candles, 2026-08-17 00:00:00+00:00 to 2026-09-16 23:00:00+00:00; no missing hours
episode   1/1013  eps 1.000  train return   +3.05%  loss 6.01e-04  maxQ +0.1118  changes   566  0.0 min
episode   2/1013  eps 0.991  train return   -5.43%  loss 1.06e-03  maxQ +0.1683  changes   583  0.0 min
episode   3/1013  eps 0.982  train return  -15.20%  loss 1.14e-03  maxQ +0.1987  changes   559  0.0 min
episode   4/1013  eps 0.973  train return  -19.31%  loss 1.43e-03  maxQ +0.2134  changes   558  0.0 min
episode   5/1013  eps 0.964  train return   +3.58%  loss 1.25e-03  maxQ +0.2286  changes   549  0.1 min
episode   6/1013  eps 0.955  train return   -8.26%  loss 1.10e-03  maxQ +0.2264  changes   570  0.1 min
episode   7/1013  eps 0.947  train return  -13.05%  loss 9.54e-04  maxQ +0.2292  changes   552  0.1 min
episode   8/1013  eps 0.938  train return  -11.22%  loss 7.29e-04  maxQ +0.2128  changes   581  0.1 min
episode   9/1013  eps 0.929  train return  +10.61%  loss 6.85e-04  maxQ +0.2011  changes   586  0.1 min
episode  10/1013  eps 0.921  train return   -4.44%  loss 5.10e-04  maxQ +0.1865  changes   593  0.1 min | val return -27.52% (best -27.52%)
episode  11/1013  eps 0.913  train return  -10.91%  loss 4.55e-04  maxQ +0.1740  changes   582  0.1 min
episode  12/1013  eps 0.904  train return  -21.09%  loss 4.20e-04  maxQ +0.1641  changes   581  0.1 min
episode  13/1013  eps 0.896  train return  -13.22%  loss 3.79e-04  maxQ +0.1520  changes   582  0.1 min
episode  14/1013  eps 0.888  train return  -13.56%  loss 2.99e-04  maxQ +0.1458  changes   584  0.2 min
episode  15/1013  eps 0.880  train return  -10.13%  loss 2.86e-04  maxQ +0.1384  changes   579  0.2 min
episode  16/1013  eps 0.872  train return   +3.85%  loss 3.07e-04  maxQ +0.1339  changes   560  0.2 min
episode  17/1013  eps 0.864  train return  -11.17%  loss 2.38e-04  maxQ +0.1271  changes   557  0.2 min
episode  18/1013  eps 0.856  train return   +2.38%  loss 1.91e-04  maxQ +0.1198  changes   573  0.2 min
episode  19/1013  eps 0.848  train return   +2.27%  loss 1.66e-04  maxQ +0.1113  changes   570  0.2 min
episode  20/1013  eps 0.841  train return   -8.17%  loss 1.77e-04  maxQ +0.1050  changes   584  0.2 min | val return -26.21% (best -26.21%)
episode  21/1013  eps 0.833  train return  -13.64%  loss 1.67e-04  maxQ +0.1026  changes   574  0.2 min
episode  22/1013  eps 0.825  train return   -5.23%  loss 1.58e-04  maxQ +0.0986  changes   598  0.2 min
episode  23/1013  eps 0.818  train return  +10.64%  loss 1.53e-04  maxQ +0.0935  changes   585  0.3 min
episode  24/1013  eps 0.810  train return  -18.21%  loss 1.31e-04  maxQ +0.0882  changes   583  0.3 min
episode  25/1013  eps 0.803  train return  -16.52%  loss 1.41e-04  maxQ +0.0864  changes   572  0.3 min
episode  26/1013  eps 0.796  train return   -5.83%  loss 1.29e-04  maxQ +0.0854  changes   580  0.3 min
episode  27/1013  eps 0.788  train return  -26.43%  loss 1.22e-04  maxQ +0.0810  changes   588  0.3 min
episode  28/1013  eps 0.781  train return   +6.49%  loss 1.03e-04  maxQ +0.0747  changes   576  0.3 min
episode  29/1013  eps 0.774  train return   -7.27%  loss 8.95e-05  maxQ +0.0703  changes   558  0.3 min
episode  30/1013  eps 0.767  train return  -18.67%  loss 8.45e-05  maxQ +0.0694  changes   579  0.3 min | val return -29.69% (best -26.21%)
episode  31/1013  eps 0.760  train return  -29.73%  loss 9.74e-05  maxQ +0.0768  changes   581  0.3 min
episode  32/1013  eps 0.753  train return  -24.67%  loss 1.17e-04  maxQ +0.0684  changes   574  0.4 min
episode  33/1013  eps 0.746  train return   +2.65%  loss 8.61e-05  maxQ +0.0674  changes   578  0.4 min
episode  34/1013  eps 0.740  train return   +6.32%  loss 1.01e-04  maxQ +0.0661  changes   587  0.4 min
episode  35/1013  eps 0.733  train return   -1.11%  loss 7.47e-05  maxQ +0.0627  changes   560  0.4 min
episode  36/1013  eps 0.726  train return  -28.80%  loss 7.82e-05  maxQ +0.0597  changes   565  0.4 min
episode  37/1013  eps 0.720  train return  +12.97%  loss 8.32e-05  maxQ +0.0533  changes   570  0.4 min
episode  38/1013  eps 0.713  train return   +9.78%  loss 8.38e-05  maxQ +0.0581  changes   562  0.4 min
episode  39/1013  eps 0.707  train return  -13.19%  loss 9.27e-05  maxQ +0.0514  changes   571  0.4 min
episode  40/1013  eps 0.700  train return  -21.12%  loss 1.12e-04  maxQ +0.0526  changes   566  0.4 min | val return -21.30% (best -21.30%)
episode  41/1013  eps 0.694  train return  -26.86%  loss 6.55e-05  maxQ +0.0503  changes   575  0.4 min
episode  42/1013  eps 0.687  train return  -16.16%  loss 6.57e-05  maxQ +0.0524  changes   571  0.5 min
episode  43/1013  eps 0.681  train return  -13.54%  loss 6.07e-05  maxQ +0.0485  changes   580  0.5 min
episode  44/1013  eps 0.675  train return  -16.81%  loss 6.73e-05  maxQ +0.0445  changes   565  0.5 min
episode  45/1013  eps 0.669  train return  -15.64%  loss 6.17e-05  maxQ +0.0401  changes   555  0.5 min
episode  46/1013  eps 0.663  train return   -0.74%  loss 5.61e-05  maxQ +0.0417  changes   558  0.5 min
episode  47/1013  eps 0.657  train return  +10.59%  loss 7.63e-05  maxQ +0.0423  changes   566  0.5 min
episode  48/1013  eps 0.651  train return  -10.29%  loss 7.08e-05  maxQ +0.0393  changes   573  0.5 min
episode  49/1013  eps 0.645  train return   -7.34%  loss 6.29e-05  maxQ +0.0413  changes   546  0.5 min
episode  50/1013  eps 0.639  train return   -8.14%  loss 6.09e-05  maxQ +0.0411  changes   557  0.5 min | val return -20.32% (best -20.32%)
episode  51/1013  eps 0.633  train return   +9.45%  loss 5.81e-05  maxQ +0.0382  changes   570  0.6 min
episode  52/1013  eps 0.627  train return   -3.95%  loss 6.05e-05  maxQ +0.0385  changes   570  0.6 min
episode  53/1013  eps 0.622  train return   -6.98%  loss 5.78e-05  maxQ +0.0402  changes   556  0.6 min
episode  54/1013  eps 0.616  train return  -19.72%  loss 5.53e-05  maxQ +0.0399  changes   570  0.6 min
episode  55/1013  eps 0.610  train return   +2.35%  loss 6.81e-05  maxQ +0.0369  changes   542  0.6 min
episode  56/1013  eps 0.605  train return  +12.85%  loss 5.03e-05  maxQ +0.0347  changes   542  0.6 min
episode  57/1013  eps 0.599  train return   +1.79%  loss 6.66e-05  maxQ +0.0350  changes   539  0.6 min
episode  58/1013  eps 0.594  train return  -12.19%  loss 5.56e-05  maxQ +0.0342  changes   546  0.6 min
episode  59/1013  eps 0.588  train return   +1.95%  loss 5.04e-05  maxQ +0.0357  changes   548  0.6 min
episode  60/1013  eps 0.583  train return  -13.23%  loss 4.87e-05  maxQ +0.0326  changes   556  0.6 min | val return -27.27% (best -20.32%)
episode  61/1013  eps 0.578  train return   +7.02%  loss 4.74e-05  maxQ +0.0330  changes   548  0.7 min
episode  62/1013  eps 0.573  train return  +29.61%  loss 4.94e-05  maxQ +0.0330  changes   538  0.7 min
episode  63/1013  eps 0.567  train return   -8.45%  loss 4.26e-05  maxQ +0.0319  changes   552  0.7 min
episode  64/1013  eps 0.562  train return  +11.64%  loss 4.63e-05  maxQ +0.0315  changes   536  0.7 min
episode  65/1013  eps 0.557  train return  +38.11%  loss 5.22e-05  maxQ +0.0313  changes   553  0.7 min
episode  66/1013  eps 0.552  train return  -28.52%  loss 4.62e-05  maxQ +0.0281  changes   567  0.7 min
episode  67/1013  eps 0.547  train return  +28.14%  loss 5.20e-05  maxQ +0.0293  changes   547  0.7 min
episode  68/1013  eps 0.542  train return   +6.39%  loss 4.42e-05  maxQ +0.0272  changes   543  0.7 min
episode  69/1013  eps 0.537  train return   -6.66%  loss 4.35e-05  maxQ +0.0255  changes   536  0.7 min
episode  70/1013  eps 0.532  train return  -13.03%  loss 4.43e-05  maxQ +0.0263  changes   550  0.8 min | val return -49.29% (best -20.32%)
episode  71/1013  eps 0.527  train return  -16.61%  loss 4.62e-05  maxQ +0.0260  changes   537  0.8 min
episode  72/1013  eps 0.523  train return   -3.99%  loss 4.38e-05  maxQ +0.0263  changes   544  0.8 min
episode  73/1013  eps 0.518  train return  +12.46%  loss 4.37e-05  maxQ +0.0270  changes   558  0.8 min
episode  74/1013  eps 0.513  train return  -10.25%  loss 4.34e-05  maxQ +0.0278  changes   549  0.8 min
episode  75/1013  eps 0.508  train return  +13.86%  loss 3.60e-05  maxQ +0.0261  changes   525  0.8 min
episode  76/1013  eps 0.504  train return   -8.88%  loss 3.96e-05  maxQ +0.0240  changes   534  0.8 min
episode  77/1013  eps 0.499  train return   +4.76%  loss 3.94e-05  maxQ +0.0253  changes   527  0.8 min
episode  78/1013  eps 0.495  train return   +6.69%  loss 3.91e-05  maxQ +0.0246  changes   548  0.8 min
episode  79/1013  eps 0.490  train return   -0.18%  loss 3.62e-05  maxQ +0.0236  changes   540  0.9 min
episode  80/1013  eps 0.486  train return  +11.78%  loss 3.58e-05  maxQ +0.0221  changes   517  0.9 min | val return -9.09% (best -9.09%)
episode  81/1013  eps 0.481  train return   -9.53%  loss 3.66e-05  maxQ +0.0230  changes   527  0.9 min
episode  82/1013  eps 0.477  train return  -27.33%  loss 3.58e-05  maxQ +0.0224  changes   545  0.9 min
episode  83/1013  eps 0.473  train return   -6.71%  loss 3.86e-05  maxQ +0.0227  changes   530  0.9 min
episode  84/1013  eps 0.468  train return  +33.31%  loss 4.08e-05  maxQ +0.0244  changes   528  0.9 min
episode  85/1013  eps 0.464  train return  +19.89%  loss 3.91e-05  maxQ +0.0255  changes   520  0.9 min
episode  86/1013  eps 0.460  train return   -7.68%  loss 3.74e-05  maxQ +0.0233  changes   470  0.9 min
episode  87/1013  eps 0.456  train return  +31.69%  loss 3.56e-05  maxQ +0.0227  changes   555  0.9 min
episode  88/1013  eps 0.451  train return  -13.53%  loss 4.08e-05  maxQ +0.0227  changes   529  1.0 min
episode  89/1013  eps 0.447  train return   -2.39%  loss 4.22e-05  maxQ +0.0234  changes   505  1.0 min
episode  90/1013  eps 0.443  train return  +37.59%  loss 3.80e-05  maxQ +0.0218  changes   517  1.0 min | val return -43.76% (best -9.09%)
episode  91/1013  eps 0.439  train return  -10.59%  loss 3.41e-05  maxQ +0.0207  changes   497  1.0 min
episode  92/1013  eps 0.435  train return   +2.70%  loss 3.46e-05  maxQ +0.0216  changes   524  1.0 min
episode  93/1013  eps 0.431  train return   -3.43%  loss 3.63e-05  maxQ +0.0194  changes   531  1.0 min
episode  94/1013  eps 0.427  train return  +48.07%  loss 4.09e-05  maxQ +0.0203  changes   505  1.0 min
episode  95/1013  eps 0.423  train return  +22.84%  loss 4.32e-05  maxQ +0.0203  changes   523  1.0 min
episode  96/1013  eps 0.420  train return   +3.08%  loss 3.81e-05  maxQ +0.0200  changes   537  1.0 min
episode  97/1013  eps 0.416  train return  -17.04%  loss 3.76e-05  maxQ +0.0201  changes   505  1.0 min
episode  98/1013  eps 0.412  train return  -17.77%  loss 3.92e-05  maxQ +0.0188  changes   540  1.1 min
episode  99/1013  eps 0.408  train return  +10.28%  loss 3.74e-05  maxQ +0.0183  changes   506  1.1 min
episode 100/1013  eps 0.405  train return  -26.86%  loss 3.69e-05  maxQ +0.0193  changes   539  1.1 min | val return -42.83% (best -9.09%)
episode 101/1013  eps 0.401  train return   -7.17%  loss 3.71e-05  maxQ +0.0181  changes   542  1.1 min
episode 102/1013  eps 0.397  train return  +41.59%  loss 4.20e-05  maxQ +0.0179  changes   540  1.1 min
episode 103/1013  eps 0.394  train return  +35.80%  loss 3.86e-05  maxQ +0.0194  changes   525  1.1 min
episode 104/1013  eps 0.390  train return  -10.95%  loss 4.05e-05  maxQ +0.0194  changes   522  1.1 min
episode 105/1013  eps 0.386  train return   -4.68%  loss 3.82e-05  maxQ +0.0200  changes   502  1.1 min
episode 106/1013  eps 0.383  train return  -18.36%  loss 3.87e-05  maxQ +0.0181  changes   493  1.1 min
episode 107/1013  eps 0.379  train return  -23.52%  loss 4.04e-05  maxQ +0.0184  changes   510  1.2 min
episode 108/1013  eps 0.376  train return   -3.09%  loss 3.81e-05  maxQ +0.0189  changes   493  1.2 min
episode 109/1013  eps 0.373  train return  -11.41%  loss 3.85e-05  maxQ +0.0201  changes   500  1.2 min
episode 110/1013  eps 0.369  train return  +19.95%  loss 4.40e-05  maxQ +0.0199  changes   512  1.2 min | val return -40.75% (best -9.09%)
episode 111/1013  eps 0.366  train return   -8.66%  loss 4.26e-05  maxQ +0.0202  changes   534  1.2 min
episode 112/1013  eps 0.363  train return  +16.82%  loss 4.01e-05  maxQ +0.0194  changes   533  1.2 min
episode 113/1013  eps 0.359  train return   -0.41%  loss 4.00e-05  maxQ +0.0198  changes   512  1.2 min
episode 114/1013  eps 0.356  train return   +7.73%  loss 3.80e-05  maxQ +0.0213  changes   525  1.2 min
episode 115/1013  eps 0.353  train return  +12.86%  loss 3.79e-05  maxQ +0.0204  changes   522  1.2 min
episode 116/1013  eps 0.349  train return   -4.24%  loss 3.58e-05  maxQ +0.0199  changes   528  1.3 min
episode 117/1013  eps 0.346  train return   +5.69%  loss 3.87e-05  maxQ +0.0180  changes   529  1.3 min
episode 118/1013  eps 0.343  train return  -13.11%  loss 3.73e-05  maxQ +0.0182  changes   504  1.3 min
episode 119/1013  eps 0.340  train return  +61.82%  loss 3.63e-05  maxQ +0.0185  changes   526  1.3 min
episode 120/1013  eps 0.337  train return  -21.92%  loss 4.06e-05  maxQ +0.0184  changes   494  1.3 min | val return -23.91% (best -9.09%)
episode 121/1013  eps 0.334  train return   -9.39%  loss 4.14e-05  maxQ +0.0184  changes   470  1.3 min
episode 122/1013  eps 0.331  train return  -17.26%  loss 3.75e-05  maxQ +0.0176  changes   506  1.3 min
episode 123/1013  eps 0.328  train return  +10.02%  loss 3.76e-05  maxQ +0.0176  changes   503  1.3 min
episode 124/1013  eps 0.325  train return  -28.92%  loss 4.04e-05  maxQ +0.0190  changes   495  1.3 min
episode 125/1013  eps 0.322  train return  -10.65%  loss 4.61e-05  maxQ +0.0182  changes   508  1.4 min
episode 126/1013  eps 0.319  train return   -1.82%  loss 3.91e-05  maxQ +0.0165  changes   545  1.4 min
episode 127/1013  eps 0.316  train return  +25.80%  loss 3.96e-05  maxQ +0.0186  changes   493  1.4 min
episode 128/1013  eps 0.313  train return  +14.59%  loss 3.72e-05  maxQ +0.0196  changes   545  1.4 min
episode 129/1013  eps 0.310  train return  -11.45%  loss 4.03e-05  maxQ +0.0198  changes   487  1.4 min
episode 130/1013  eps 0.308  train return   -1.86%  loss 4.10e-05  maxQ +0.0199  changes   483  1.4 min | val return -27.79% (best -9.09%)
episode 131/1013  eps 0.305  train return  +68.76%  loss 4.33e-05  maxQ +0.0193  changes   511  1.4 min
episode 132/1013  eps 0.302  train return   +2.37%  loss 4.28e-05  maxQ +0.0202  changes   502  1.4 min
episode 133/1013  eps 0.299  train return  +57.81%  loss 3.74e-05  maxQ +0.0183  changes   523  1.4 min
episode 134/1013  eps 0.296  train return  +17.43%  loss 4.06e-05  maxQ +0.0182  changes   501  1.5 min
episode 135/1013  eps 0.294  train return   -2.43%  loss 4.21e-05  maxQ +0.0180  changes   488  1.5 min
episode 136/1013  eps 0.291  train return  +16.56%  loss 3.74e-05  maxQ +0.0157  changes   516  1.5 min
episode 137/1013  eps 0.288  train return  +17.54%  loss 3.49e-05  maxQ +0.0156  changes   509  1.5 min
episode 138/1013  eps 0.286  train return   +7.00%  loss 3.71e-05  maxQ +0.0163  changes   492  1.5 min
episode 139/1013  eps 0.283  train return  -14.95%  loss 3.92e-05  maxQ +0.0161  changes   509  1.5 min
episode 140/1013  eps 0.281  train return   -0.26%  loss 4.08e-05  maxQ +0.0175  changes   499  1.5 min | val return -31.76% (best -9.09%)
episode 141/1013  eps 0.278  train return   -1.39%  loss 3.66e-05  maxQ +0.0153  changes   490  1.5 min
episode 142/1013  eps 0.276  train return  +23.24%  loss 4.51e-05  maxQ +0.0173  changes   488  1.6 min
episode 143/1013  eps 0.273  train return  -16.24%  loss 4.39e-05  maxQ +0.0168  changes   470  1.6 min
episode 144/1013  eps 0.271  train return  +37.23%  loss 3.88e-05  maxQ +0.0160  changes   517  1.6 min
episode 145/1013  eps 0.268  train return   -4.51%  loss 4.57e-05  maxQ +0.0172  changes   463  1.6 min
episode 146/1013  eps 0.266  train return   -3.70%  loss 4.30e-05  maxQ +0.0173  changes   515  1.6 min
episode 147/1013  eps 0.263  train return   +6.78%  loss 3.70e-05  maxQ +0.0161  changes   546  1.6 min
episode 148/1013  eps 0.261  train return  -25.20%  loss 3.98e-05  maxQ +0.0176  changes   496  1.6 min
episode 149/1013  eps 0.258  train return   -8.19%  loss 3.95e-05  maxQ +0.0187  changes   459  1.6 min
episode 150/1013  eps 0.256  train return  +10.88%  loss 3.52e-05  maxQ +0.0180  changes   500  1.6 min | val return -34.17% (best -9.09%)
episode 151/1013  eps 0.254  train return  +45.10%  loss 3.67e-05  maxQ +0.0171  changes   479  1.7 min
episode 152/1013  eps 0.251  train return  +35.49%  loss 3.91e-05  maxQ +0.0177  changes   517  1.7 min
episode 153/1013  eps 0.249  train return   +9.55%  loss 3.79e-05  maxQ +0.0156  changes   502  1.7 min
episode 154/1013  eps 0.247  train return   +2.40%  loss 3.71e-05  maxQ +0.0160  changes   526  1.7 min
episode 155/1013  eps 0.245  train return   +2.50%  loss 3.82e-05  maxQ +0.0156  changes   455  1.7 min
episode 156/1013  eps 0.242  train return  -20.55%  loss 3.88e-05  maxQ +0.0154  changes   458  1.7 min
episode 157/1013  eps 0.240  train return   +0.48%  loss 3.99e-05  maxQ +0.0146  changes   467  1.7 min
episode 158/1013  eps 0.238  train return +101.48%  loss 4.02e-05  maxQ +0.0149  changes   525  1.7 min
episode 159/1013  eps 0.236  train return  +27.95%  loss 3.95e-05  maxQ +0.0149  changes   507  1.7 min
episode 160/1013  eps 0.234  train return   +7.90%  loss 4.00e-05  maxQ +0.0147  changes   485  1.7 min | val return -23.03% (best -9.09%)
episode 161/1013  eps 0.232  train return +113.24%  loss 3.99e-05  maxQ +0.0158  changes   483  1.8 min
episode 162/1013  eps 0.230  train return   +4.05%  loss 3.80e-05  maxQ +0.0160  changes   501  1.8 min
episode 163/1013  eps 0.227  train return  -10.44%  loss 4.10e-05  maxQ +0.0161  changes   461  1.8 min
episode 164/1013  eps 0.225  train return  +54.62%  loss 3.83e-05  maxQ +0.0178  changes   484  1.8 min
episode 165/1013  eps 0.223  train return  +24.38%  loss 3.83e-05  maxQ +0.0166  changes   486  1.8 min
episode 166/1013  eps 0.221  train return  +28.55%  loss 4.10e-05  maxQ +0.0180  changes   501  1.8 min
episode 167/1013  eps 0.219  train return   +2.56%  loss 4.07e-05  maxQ +0.0159  changes   493  1.8 min
episode 168/1013  eps 0.217  train return   -5.76%  loss 4.11e-05  maxQ +0.0157  changes   443  1.8 min
episode 169/1013  eps 0.215  train return  +10.49%  loss 3.88e-05  maxQ +0.0150  changes   426  1.8 min
episode 170/1013  eps 0.213  train return  +16.20%  loss 3.76e-05  maxQ +0.0161  changes   491  1.9 min | val return -37.01% (best -9.09%)
episode 171/1013  eps 0.211  train return  +29.69%  loss 3.76e-05  maxQ +0.0151  changes   510  1.9 min
episode 172/1013  eps 0.209  train return  +46.90%  loss 3.76e-05  maxQ +0.0153  changes   484  1.9 min
episode 173/1013  eps 0.208  train return  +30.51%  loss 3.86e-05  maxQ +0.0151  changes   503  1.9 min
episode 174/1013  eps 0.206  train return  +30.85%  loss 3.83e-05  maxQ +0.0154  changes   496  1.9 min
episode 175/1013  eps 0.204  train return  +18.32%  loss 4.08e-05  maxQ +0.0164  changes   477  1.9 min
episode 176/1013  eps 0.202  train return  +14.54%  loss 4.05e-05  maxQ +0.0155  changes   483  1.9 min
episode 177/1013  eps 0.200  train return   +6.99%  loss 4.03e-05  maxQ +0.0172  changes   500  1.9 min
episode 178/1013  eps 0.198  train return   +8.16%  loss 4.50e-05  maxQ +0.0173  changes   503  1.9 min
episode 179/1013  eps 0.196  train return   +1.28%  loss 4.32e-05  maxQ +0.0166  changes   482  2.0 min
episode 180/1013  eps 0.195  train return  +27.88%  loss 4.38e-05  maxQ +0.0170  changes   501  2.0 min | val return -33.31% (best -9.09%)
episode 181/1013  eps 0.193  train return +105.07%  loss 4.16e-05  maxQ +0.0166  changes   528  2.0 min
episode 182/1013  eps 0.191  train return  +90.98%  loss 4.49e-05  maxQ +0.0181  changes   525  2.0 min
episode 183/1013  eps 0.189  train return  +88.94%  loss 4.25e-05  maxQ +0.0166  changes   521  2.0 min
episode 184/1013  eps 0.188  train return   +5.00%  loss 4.23e-05  maxQ +0.0169  changes   517  2.0 min
episode 185/1013  eps 0.186  train return  +11.17%  loss 4.60e-05  maxQ +0.0167  changes   446  2.0 min
episode 186/1013  eps 0.184  train return   +8.35%  loss 4.32e-05  maxQ +0.0167  changes   456  2.0 min
episode 187/1013  eps 0.183  train return   -7.26%  loss 4.17e-05  maxQ +0.0175  changes   519  2.1 min
episode 188/1013  eps 0.181  train return   +2.29%  loss 4.54e-05  maxQ +0.0179  changes   434  2.1 min
episode 189/1013  eps 0.179  train return   +5.03%  loss 4.48e-05  maxQ +0.0165  changes   477  2.1 min
episode 190/1013  eps 0.178  train return +114.32%  loss 4.74e-05  maxQ +0.0173  changes   515  2.1 min | val return -19.18% (best -9.09%)
episode 191/1013  eps 0.176  train return   +7.30%  loss 4.43e-05  maxQ +0.0169  changes   509  2.1 min
episode 192/1013  eps 0.174  train return   -0.05%  loss 5.02e-05  maxQ +0.0162  changes   469  2.1 min
episode 193/1013  eps 0.173  train return  +35.27%  loss 4.80e-05  maxQ +0.0164  changes   481  2.1 min
episode 194/1013  eps 0.171  train return   -6.49%  loss 4.29e-05  maxQ +0.0166  changes   464  2.1 min
episode 195/1013  eps 0.170  train return   -2.42%  loss 4.15e-05  maxQ +0.0158  changes   463  2.1 min
episode 196/1013  eps 0.168  train return  +40.61%  loss 4.38e-05  maxQ +0.0174  changes   448  2.2 min
episode 197/1013  eps 0.167  train return   +6.51%  loss 4.35e-05  maxQ +0.0176  changes   454  2.2 min
episode 198/1013  eps 0.165  train return  +89.33%  loss 4.21e-05  maxQ +0.0171  changes   497  2.2 min
episode 199/1013  eps 0.164  train return  +11.31%  loss 4.47e-05  maxQ +0.0175  changes   428  2.2 min
episode 200/1013  eps 0.162  train return   -6.11%  loss 4.64e-05  maxQ +0.0174  changes   485  2.2 min | val return -15.02% (best -9.09%)
episode 201/1013  eps 0.161  train return  +19.75%  loss 4.17e-05  maxQ +0.0160  changes   476  2.2 min
episode 202/1013  eps 0.159  train return  +48.10%  loss 4.49e-05  maxQ +0.0158  changes   511  2.2 min
episode 203/1013  eps 0.158  train return  +20.34%  loss 4.03e-05  maxQ +0.0151  changes   523  2.2 min
episode 204/1013  eps 0.156  train return  -14.50%  loss 4.03e-05  maxQ +0.0154  changes   454  2.3 min
episode 205/1013  eps 0.155  train return   +6.27%  loss 4.13e-05  maxQ +0.0159  changes   448  2.3 min
episode 206/1013  eps 0.154  train return +106.76%  loss 4.03e-05  maxQ +0.0165  changes   510  2.3 min
episode 207/1013  eps 0.152  train return   -0.08%  loss 4.30e-05  maxQ +0.0157  changes   502  2.3 min
episode 208/1013  eps 0.151  train return  +25.76%  loss 4.51e-05  maxQ +0.0163  changes   538  2.3 min
episode 209/1013  eps 0.149  train return  +26.19%  loss 4.45e-05  maxQ +0.0173  changes   462  2.3 min
episode 210/1013  eps 0.148  train return  +19.01%  loss 4.42e-05  maxQ +0.0173  changes   463  2.3 min | val return -3.47% (best -3.47%)
episode 211/1013  eps 0.147  train return  +15.68%  loss 4.76e-05  maxQ +0.0164  changes   515  2.3 min
episode 212/1013  eps 0.145  train return  -15.24%  loss 4.51e-05  maxQ +0.0182  changes   427  2.3 min
episode 213/1013  eps 0.144  train return  +24.70%  loss 4.42e-05  maxQ +0.0170  changes   495  2.3 min
episode 214/1013  eps 0.143  train return  +33.96%  loss 4.57e-05  maxQ +0.0169  changes   474  2.4 min
episode 215/1013  eps 0.141  train return  +42.56%  loss 4.97e-05  maxQ +0.0172  changes   480  2.4 min
episode 216/1013  eps 0.140  train return  +87.41%  loss 4.46e-05  maxQ +0.0172  changes   514  2.4 min
episode 217/1013  eps 0.139  train return   -2.49%  loss 4.39e-05  maxQ +0.0169  changes   432  2.4 min
episode 218/1013  eps 0.138  train return  +23.32%  loss 4.48e-05  maxQ +0.0176  changes   474  2.4 min
episode 219/1013  eps 0.136  train return  +63.92%  loss 4.46e-05  maxQ +0.0175  changes   495  2.4 min
episode 220/1013  eps 0.135  train return  +47.48%  loss 4.22e-05  maxQ +0.0167  changes   505  2.4 min | val return -39.57% (best -3.47%)
episode 221/1013  eps 0.134  train return +316.53%  loss 4.48e-05  maxQ +0.0171  changes   496  2.4 min
episode 222/1013  eps 0.133  train return  +24.51%  loss 4.43e-05  maxQ +0.0164  changes   428  2.4 min
episode 223/1013  eps 0.131  train return +105.39%  loss 4.26e-05  maxQ +0.0166  changes   503  2.5 min
episode 224/1013  eps 0.130  train return  +58.44%  loss 4.64e-05  maxQ +0.0174  changes   520  2.5 min
episode 225/1013  eps 0.129  train return   +9.67%  loss 4.90e-05  maxQ +0.0176  changes   431  2.5 min
episode 226/1013  eps 0.128  train return  +18.07%  loss 4.70e-05  maxQ +0.0172  changes   473  2.5 min
episode 227/1013  eps 0.127  train return  +10.60%  loss 4.67e-05  maxQ +0.0176  changes   473  2.5 min
episode 228/1013  eps 0.126  train return   -1.82%  loss 4.56e-05  maxQ +0.0185  changes   480  2.5 min
episode 229/1013  eps 0.124  train return   -9.44%  loss 4.78e-05  maxQ +0.0186  changes   416  2.5 min
episode 230/1013  eps 0.123  train return   -3.64%  loss 4.22e-05  maxQ +0.0170  changes   417  2.5 min | val return -34.99% (best -3.47%)
episode 231/1013  eps 0.122  train return  +10.53%  loss 4.22e-05  maxQ +0.0178  changes   449  2.6 min
episode 232/1013  eps 0.121  train return   +9.88%  loss 4.76e-05  maxQ +0.0173  changes   527  2.6 min
episode 233/1013  eps 0.120  train return  +28.55%  loss 4.67e-05  maxQ +0.0173  changes   467  2.6 min
episode 234/1013  eps 0.119  train return  +28.66%  loss 4.32e-05  maxQ +0.0176  changes   494  2.6 min
episode 235/1013  eps 0.118  train return  +29.00%  loss 4.80e-05  maxQ +0.0168  changes   474  2.6 min
episode 236/1013  eps 0.117  train return  +97.73%  loss 4.42e-05  maxQ +0.0161  changes   524  2.6 min
episode 237/1013  eps 0.116  train return  -14.93%  loss 4.82e-05  maxQ +0.0168  changes   457  2.6 min
episode 238/1013  eps 0.115  train return  +27.39%  loss 4.72e-05  maxQ +0.0170  changes   485  2.6 min
episode 239/1013  eps 0.114  train return   -6.41%  loss 4.72e-05  maxQ +0.0169  changes   430  2.6 min
episode 240/1013  eps 0.112  train return +158.07%  loss 4.63e-05  maxQ +0.0172  changes   486  2.7 min | val return -24.80% (best -3.47%)
episode 241/1013  eps 0.111  train return  +39.63%  loss 5.34e-05  maxQ +0.0166  changes   440  2.7 min
episode 242/1013  eps 0.110  train return  +69.55%  loss 4.60e-05  maxQ +0.0179  changes   478  2.7 min
episode 243/1013  eps 0.109  train return   +4.23%  loss 4.62e-05  maxQ +0.0166  changes   455  2.7 min
episode 244/1013  eps 0.108  train return  +92.92%  loss 4.52e-05  maxQ +0.0163  changes   466  2.7 min
episode 245/1013  eps 0.107  train return   +2.25%  loss 4.89e-05  maxQ +0.0174  changes   493  2.7 min
episode 246/1013  eps 0.106  train return +518.57%  loss 4.80e-05  maxQ +0.0176  changes   513  2.7 min
episode 247/1013  eps 0.106  train return  +11.62%  loss 4.63e-05  maxQ +0.0172  changes   489  2.7 min
episode 248/1013  eps 0.105  train return  +13.89%  loss 4.63e-05  maxQ +0.0174  changes   487  2.7 min
episode 249/1013  eps 0.104  train return  +26.20%  loss 4.97e-05  maxQ +0.0172  changes   479  2.8 min
episode 250/1013  eps 0.103  train return   +5.21%  loss 4.98e-05  maxQ +0.0182  changes   494  2.8 min | val return -33.66% (best -3.47%)
episode 251/1013  eps 0.102  train return +110.75%  loss 5.24e-05  maxQ +0.0186  changes   500  2.8 min
episode 252/1013  eps 0.101  train return   -1.67%  loss 4.95e-05  maxQ +0.0185  changes   448  2.8 min
episode 253/1013  eps 0.100  train return  +11.44%  loss 4.79e-05  maxQ +0.0179  changes   508  2.8 min
episode 254/1013  eps 0.099  train return  +31.20%  loss 4.73e-05  maxQ +0.0180  changes   432  2.8 min
episode 255/1013  eps 0.098  train return   +9.41%  loss 4.68e-05  maxQ +0.0174  changes   480  2.8 min
episode 256/1013  eps 0.097  train return  +39.80%  loss 4.68e-05  maxQ +0.0171  changes   454  2.8 min
episode 257/1013  eps 0.096  train return  +35.20%  loss 4.81e-05  maxQ +0.0177  changes   450  2.8 min
episode 258/1013  eps 0.095  train return  +18.56%  loss 5.11e-05  maxQ +0.0178  changes   469  2.9 min
episode 259/1013  eps 0.095  train return  +76.15%  loss 4.77e-05  maxQ +0.0170  changes   488  2.9 min
episode 260/1013  eps 0.094  train return   +2.74%  loss 4.65e-05  maxQ +0.0172  changes   491  2.9 min | val return -9.45% (best -3.47%)
episode 261/1013  eps 0.093  train return  +38.68%  loss 4.35e-05  maxQ +0.0178  changes   473  2.9 min
episode 262/1013  eps 0.092  train return  +49.55%  loss 4.88e-05  maxQ +0.0171  changes   458  2.9 min
episode 263/1013  eps 0.091  train return   +1.79%  loss 4.97e-05  maxQ +0.0162  changes   417  2.9 min
episode 264/1013  eps 0.090  train return  +17.05%  loss 5.04e-05  maxQ +0.0177  changes   468  2.9 min
episode 265/1013  eps 0.090  train return  +11.41%  loss 5.70e-05  maxQ +0.0179  changes   473  2.9 min
episode 266/1013  eps 0.089  train return +136.44%  loss 4.73e-05  maxQ +0.0173  changes   485  3.0 min
episode 267/1013  eps 0.088  train return   +5.65%  loss 5.07e-05  maxQ +0.0185  changes   480  3.0 min
episode 268/1013  eps 0.087  train return  +88.44%  loss 5.33e-05  maxQ +0.0194  changes   474  3.0 min
episode 269/1013  eps 0.086  train return   +7.86%  loss 5.04e-05  maxQ +0.0178  changes   429  3.0 min
episode 270/1013  eps 0.086  train return  +53.56%  loss 5.03e-05  maxQ +0.0184  changes   490  3.0 min | val return -9.54% (best -3.47%)
episode 271/1013  eps 0.085  train return  +90.98%  loss 4.65e-05  maxQ +0.0184  changes   479  3.0 min
episode 272/1013  eps 0.084  train return +213.76%  loss 4.75e-05  maxQ +0.0180  changes   523  3.0 min
episode 273/1013  eps 0.083  train return  +35.65%  loss 5.17e-05  maxQ +0.0185  changes   469  3.0 min
episode 274/1013  eps 0.082  train return +428.77%  loss 5.32e-05  maxQ +0.0187  changes   480  3.1 min
episode 275/1013  eps 0.082  train return  +20.30%  loss 5.44e-05  maxQ +0.0187  changes   469  3.1 min
episode 276/1013  eps 0.081  train return  +12.89%  loss 5.12e-05  maxQ +0.0189  changes   424  3.1 min
episode 277/1013  eps 0.080  train return +239.53%  loss 5.14e-05  maxQ +0.0182  changes   501  3.1 min
episode 278/1013  eps 0.079  train return   -3.47%  loss 5.27e-05  maxQ +0.0178  changes   460  3.1 min
episode 279/1013  eps 0.079  train return  +40.06%  loss 4.75e-05  maxQ +0.0171  changes   463  3.1 min
episode 280/1013  eps 0.078  train return  +14.68%  loss 4.84e-05  maxQ +0.0172  changes   455  3.1 min | val return -22.72% (best -3.47%)
episode 281/1013  eps 0.077  train return  +13.56%  loss 5.17e-05  maxQ +0.0176  changes   498  3.1 min
episode 282/1013  eps 0.077  train return  +10.96%  loss 4.60e-05  maxQ +0.0167  changes   450  3.1 min
episode 283/1013  eps 0.076  train return  -12.95%  loss 4.95e-05  maxQ +0.0156  changes   473  3.2 min
episode 284/1013  eps 0.075  train return  +14.24%  loss 4.58e-05  maxQ +0.0158  changes   486  3.2 min
episode 285/1013  eps 0.075  train return  +13.37%  loss 4.76e-05  maxQ +0.0168  changes   444  3.2 min
episode 286/1013  eps 0.074  train return  +16.12%  loss 4.75e-05  maxQ +0.0159  changes   453  3.2 min
episode 287/1013  eps 0.073  train return  +23.59%  loss 4.53e-05  maxQ +0.0169  changes   470  3.2 min
episode 288/1013  eps 0.073  train return  +45.14%  loss 4.60e-05  maxQ +0.0162  changes   421  3.2 min
episode 289/1013  eps 0.072  train return  +31.01%  loss 4.80e-05  maxQ +0.0163  changes   482  3.2 min
episode 290/1013  eps 0.071  train return  +28.52%  loss 4.61e-05  maxQ +0.0171  changes   519  3.2 min | val return -14.91% (best -3.47%)
episode 291/1013  eps 0.071  train return  +30.31%  loss 4.88e-05  maxQ +0.0175  changes   480  3.3 min
episode 292/1013  eps 0.070  train return  -14.18%  loss 4.82e-05  maxQ +0.0181  changes   397  3.3 min
episode 293/1013  eps 0.069  train return   +7.51%  loss 4.93e-05  maxQ +0.0186  changes   475  3.3 min
episode 294/1013  eps 0.069  train return  +98.77%  loss 4.76e-05  maxQ +0.0181  changes   479  3.3 min
episode 295/1013  eps 0.068  train return  +10.93%  loss 4.58e-05  maxQ +0.0183  changes   437  3.3 min
episode 296/1013  eps 0.067  train return   +6.72%  loss 4.49e-05  maxQ +0.0175  changes   444  3.3 min
episode 297/1013  eps 0.067  train return  +21.67%  loss 4.73e-05  maxQ +0.0175  changes   466  3.3 min
episode 298/1013  eps 0.066  train return  +51.78%  loss 4.67e-05  maxQ +0.0181  changes   498  3.3 min
episode 299/1013  eps 0.066  train return   +7.22%  loss 4.41e-05  maxQ +0.0190  changes   470  3.3 min
episode 300/1013  eps 0.065  train return   +5.76%  loss 4.81e-05  maxQ +0.0178  changes   425  3.4 min | val return -5.85% (best -3.47%)
episode 301/1013  eps 0.064  train return  +48.77%  loss 4.75e-05  maxQ +0.0176  changes   502  3.4 min
episode 302/1013  eps 0.064  train return +217.74%  loss 4.32e-05  maxQ +0.0176  changes   529  3.4 min
episode 303/1013  eps 0.063  train return  +82.32%  loss 4.81e-05  maxQ +0.0170  changes   503  3.4 min
episode 304/1013  eps 0.063  train return  +30.43%  loss 4.60e-05  maxQ +0.0170  changes   423  3.4 min
episode 305/1013  eps 0.062  train return  +46.69%  loss 4.75e-05  maxQ +0.0165  changes   467  3.4 min
episode 306/1013  eps 0.062  train return  +13.33%  loss 4.70e-05  maxQ +0.0180  changes   418  3.4 min
episode 307/1013  eps 0.061  train return +280.82%  loss 5.27e-05  maxQ +0.0183  changes   468  3.4 min
episode 308/1013  eps 0.060  train return  +36.36%  loss 5.00e-05  maxQ +0.0194  changes   451  3.5 min
episode 309/1013  eps 0.060  train return +136.26%  loss 4.64e-05  maxQ +0.0186  changes   487  3.5 min
episode 310/1013  eps 0.059  train return +103.07%  loss 5.06e-05  maxQ +0.0174  changes   506  3.5 min | val return -1.87% (best -1.87%)
episode 311/1013  eps 0.059  train return +137.59%  loss 5.17e-05  maxQ +0.0177  changes   483  3.5 min
episode 312/1013  eps 0.058  train return  +29.44%  loss 4.96e-05  maxQ +0.0187  changes   446  3.5 min
episode 313/1013  eps 0.058  train return  +32.36%  loss 4.52e-05  maxQ +0.0175  changes   484  3.5 min
episode 314/1013  eps 0.057  train return  +68.36%  loss 5.16e-05  maxQ +0.0174  changes   488  3.5 min
episode 315/1013  eps 0.057  train return +269.45%  loss 5.09e-05  maxQ +0.0179  changes   520  3.5 min
episode 316/1013  eps 0.056  train return  +37.77%  loss 5.14e-05  maxQ +0.0187  changes   486  3.6 min
episode 317/1013  eps 0.056  train return  +50.99%  loss 5.45e-05  maxQ +0.0185  changes   479  3.6 min
episode 318/1013  eps 0.055  train return   +9.46%  loss 5.09e-05  maxQ +0.0185  changes   471  3.6 min
episode 319/1013  eps 0.055  train return  +79.39%  loss 5.02e-05  maxQ +0.0183  changes   492  3.6 min
episode 320/1013  eps 0.054  train return   -9.04%  loss 5.09e-05  maxQ +0.0167  changes   448  3.6 min | val return -19.43% (best -1.87%)
episode 321/1013  eps 0.054  train return +250.21%  loss 5.37e-05  maxQ +0.0185  changes   492  3.6 min
episode 322/1013  eps 0.053  train return   -1.41%  loss 5.16e-05  maxQ +0.0184  changes   418  3.6 min
episode 323/1013  eps 0.053  train return +113.78%  loss 5.12e-05  maxQ +0.0183  changes   461  3.6 min
episode 324/1013  eps 0.052  train return  +47.17%  loss 5.28e-05  maxQ +0.0185  changes   488  3.6 min
episode 325/1013  eps 0.052  train return  +31.34%  loss 5.13e-05  maxQ +0.0183  changes   466  3.7 min
episode 326/1013  eps 0.051  train return   -3.04%  loss 4.85e-05  maxQ +0.0184  changes   470  3.7 min
episode 327/1013  eps 0.051  train return  +36.86%  loss 5.00e-05  maxQ +0.0179  changes   468  3.7 min
episode 328/1013  eps 0.050  train return   -1.21%  loss 5.26e-05  maxQ +0.0183  changes   427  3.7 min
episode 329/1013  eps 0.050  train return  +88.93%  loss 5.01e-05  maxQ +0.0177  changes   456  3.7 min
episode 330/1013  eps 0.049  train return  +10.15%  loss 4.76e-05  maxQ +0.0171  changes   485  3.8 min | val return -35.14% (best -1.87%)
episode 331/1013  eps 0.049  train return  +40.46%  loss 4.90e-05  maxQ +0.0164  changes   503  3.8 min
episode 332/1013  eps 0.049  train return +133.74%  loss 5.25e-05  maxQ +0.0163  changes   486  3.8 min
episode 333/1013  eps 0.048  train return  +24.48%  loss 5.11e-05  maxQ +0.0169  changes   487  3.8 min
episode 334/1013  eps 0.048  train return  +27.61%  loss 5.68e-05  maxQ +0.0180  changes   440  3.8 min
episode 335/1013  eps 0.047  train return  +65.30%  loss 5.30e-05  maxQ +0.0175  changes   474  3.9 min
episode 336/1013  eps 0.047  train return  +35.44%  loss 5.02e-05  maxQ +0.0179  changes   487  3.9 min
episode 337/1013  eps 0.046  train return +113.20%  loss 5.09e-05  maxQ +0.0178  changes   500  3.9 min
episode 338/1013  eps 0.046  train return +312.31%  loss 5.16e-05  maxQ +0.0184  changes   503  3.9 min
episode 339/1013  eps 0.046  train return  +48.78%  loss 5.32e-05  maxQ +0.0193  changes   470  3.9 min
episode 340/1013  eps 0.045  train return  -12.30%  loss 5.43e-05  maxQ +0.0188  changes   468  3.9 min | val return -20.29% (best -1.87%)
episode 341/1013  eps 0.045  train return  -15.03%  loss 5.29e-05  maxQ +0.0181  changes   422  4.0 min
episode 342/1013  eps 0.044  train return  +30.79%  loss 4.96e-05  maxQ +0.0180  changes   451  4.0 min
episode 343/1013  eps 0.044  train return   +3.84%  loss 4.86e-05  maxQ +0.0186  changes   502  4.0 min
episode 344/1013  eps 0.043  train return   +1.20%  loss 4.97e-05  maxQ +0.0174  changes   445  4.0 min
episode 345/1013  eps 0.043  train return  +36.61%  loss 4.98e-05  maxQ +0.0173  changes   493  4.1 min
episode 346/1013  eps 0.043  train return +124.11%  loss 4.69e-05  maxQ +0.0173  changes   513  4.1 min
episode 347/1013  eps 0.042  train return  +25.83%  loss 4.15e-05  maxQ +0.0167  changes   456  4.1 min
episode 348/1013  eps 0.042  train return  +18.47%  loss 4.68e-05  maxQ +0.0175  changes   451  4.1 min
episode 349/1013  eps 0.042  train return   +3.48%  loss 5.11e-05  maxQ +0.0173  changes   478  4.2 min
episode 350/1013  eps 0.041  train return  +99.64%  loss 5.13e-05  maxQ +0.0175  changes   497  4.2 min | val return -7.39% (best -1.87%)
episode 351/1013  eps 0.041  train return   +8.69%  loss 4.74e-05  maxQ +0.0175  changes   467  4.2 min
episode 352/1013  eps 0.040  train return +313.24%  loss 4.60e-05  maxQ +0.0180  changes   476  4.2 min
episode 353/1013  eps 0.040  train return  +60.40%  loss 4.82e-05  maxQ +0.0179  changes   468  4.3 min
episode 354/1013  eps 0.040  train return +173.25%  loss 4.87e-05  maxQ +0.0182  changes   501  4.3 min
episode 355/1013  eps 0.039  train return  +93.01%  loss 4.57e-05  maxQ +0.0176  changes   486  4.3 min
episode 356/1013  eps 0.039  train return  +62.87%  loss 4.53e-05  maxQ +0.0171  changes   461  4.3 min
episode 357/1013  eps 0.039  train return +204.64%  loss 4.81e-05  maxQ +0.0175  changes   519  4.3 min
episode 358/1013  eps 0.038  train return  +78.41%  loss 5.38e-05  maxQ +0.0182  changes   466  4.4 min
episode 359/1013  eps 0.038  train return  +24.95%  loss 5.06e-05  maxQ +0.0177  changes   458  4.4 min
episode 360/1013  eps 0.038  train return   +9.19%  loss 4.78e-05  maxQ +0.0172  changes   481  4.4 min | val return -15.37% (best -1.87%)
episode 361/1013  eps 0.037  train return  +14.33%  loss 5.29e-05  maxQ +0.0188  changes   495  4.5 min
episode 362/1013  eps 0.037  train return +202.66%  loss 5.11e-05  maxQ +0.0183  changes   493  4.5 min
episode 363/1013  eps 0.037  train return  +45.59%  loss 5.15e-05  maxQ +0.0191  changes   479  4.5 min
episode 364/1013  eps 0.036  train return  +81.60%  loss 5.43e-05  maxQ +0.0185  changes   496  4.5 min
episode 365/1013  eps 0.036  train return +108.03%  loss 5.09e-05  maxQ +0.0196  changes   483  4.5 min
episode 366/1013  eps 0.036  train return  +26.50%  loss 5.00e-05  maxQ +0.0193  changes   446  4.5 min
episode 367/1013  eps 0.035  train return   +8.97%  loss 4.86e-05  maxQ +0.0184  changes   418  4.6 min
episode 368/1013  eps 0.035  train return  +34.47%  loss 4.88e-05  maxQ +0.0180  changes   484  4.6 min
episode 369/1013  eps 0.035  train return  +43.64%  loss 5.20e-05  maxQ +0.0181  changes   415  4.6 min
episode 370/1013  eps 0.034  train return   +4.44%  loss 4.99e-05  maxQ +0.0179  changes   482  4.6 min | val return -13.77% (best -1.87%)
episode 371/1013  eps 0.034  train return  +23.19%  loss 5.30e-05  maxQ +0.0181  changes   470  4.6 min
episode 372/1013  eps 0.034  train return   +1.93%  loss 5.11e-05  maxQ +0.0185  changes   484  4.6 min
episode 373/1013  eps 0.033  train return  +30.75%  loss 6.05e-05  maxQ +0.0200  changes   473  4.7 min
episode 374/1013  eps 0.033  train return +194.14%  loss 5.30e-05  maxQ +0.0194  changes   505  4.7 min
episode 375/1013  eps 0.033  train return  +32.10%  loss 5.07e-05  maxQ +0.0182  changes   487  4.7 min
episode 376/1013  eps 0.032  train return   +9.65%  loss 5.10e-05  maxQ +0.0182  changes   384  4.7 min
episode 377/1013  eps 0.032  train return  +37.35%  loss 4.57e-05  maxQ +0.0170  changes   439  4.7 min
episode 378/1013  eps 0.032  train return  +12.40%  loss 4.82e-05  maxQ +0.0173  changes   434  4.7 min
episode 379/1013  eps 0.032  train return  +41.05%  loss 4.70e-05  maxQ +0.0174  changes   434  4.7 min
episode 380/1013  eps 0.031  train return  +47.82%  loss 4.87e-05  maxQ +0.0178  changes   515  4.7 min | val return -16.49% (best -1.87%)
episode 381/1013  eps 0.031  train return  +73.15%  loss 4.87e-05  maxQ +0.0180  changes   488  4.8 min
episode 382/1013  eps 0.031  train return +150.52%  loss 4.77e-05  maxQ +0.0178  changes   478  4.8 min
episode 383/1013  eps 0.030  train return  +28.38%  loss 4.92e-05  maxQ +0.0177  changes   461  4.8 min
episode 384/1013  eps 0.030  train return   -9.72%  loss 5.28e-05  maxQ +0.0173  changes   463  4.8 min
episode 385/1013  eps 0.030  train return +143.52%  loss 4.93e-05  maxQ +0.0169  changes   477  4.8 min
episode 386/1013  eps 0.030  train return +164.81%  loss 4.64e-05  maxQ +0.0175  changes   446  4.8 min
episode 387/1013  eps 0.029  train return +127.55%  loss 4.59e-05  maxQ +0.0170  changes   451  4.8 min
episode 388/1013  eps 0.029  train return   -0.37%  loss 4.67e-05  maxQ +0.0180  changes   437  4.8 min
episode 389/1013  eps 0.029  train return  +27.31%  loss 4.61e-05  maxQ +0.0177  changes   491  4.9 min
episode 390/1013  eps 0.029  train return  +29.25%  loss 4.61e-05  maxQ +0.0175  changes   458  4.9 min | val return -26.04% (best -1.87%)
episode 391/1013  eps 0.028  train return  +70.49%  loss 4.27e-05  maxQ +0.0166  changes   485  4.9 min
episode 392/1013  eps 0.028  train return  +60.05%  loss 4.76e-05  maxQ +0.0177  changes   498  4.9 min
episode 393/1013  eps 0.028  train return   -4.00%  loss 4.77e-05  maxQ +0.0174  changes   442  4.9 min
episode 394/1013  eps 0.028  train return  +56.73%  loss 4.50e-05  maxQ +0.0174  changes   454  4.9 min
episode 395/1013  eps 0.027  train return  -14.23%  loss 4.38e-05  maxQ +0.0174  changes   411  4.9 min
episode 396/1013  eps 0.027  train return  +22.95%  loss 5.11e-05  maxQ +0.0172  changes   423  5.0 min
episode 397/1013  eps 0.027  train return +290.37%  loss 4.91e-05  maxQ +0.0174  changes   477  5.0 min
episode 398/1013  eps 0.027  train return  +33.93%  loss 4.76e-05  maxQ +0.0169  changes   470  5.0 min
episode 399/1013  eps 0.026  train return +150.48%  loss 4.57e-05  maxQ +0.0170  changes   487  5.0 min
episode 400/1013  eps 0.026  train return  +54.83%  loss 4.53e-05  maxQ +0.0173  changes   491  5.0 min | val return -30.85% (best -1.87%)
episode 401/1013  eps 0.026  train return  +60.91%  loss 4.85e-05  maxQ +0.0178  changes   446  5.0 min
episode 402/1013  eps 0.026  train return  +30.72%  loss 4.71e-05  maxQ +0.0177  changes   450  5.0 min
episode 403/1013  eps 0.025  train return  +16.87%  loss 4.51e-05  maxQ +0.0176  changes   473  5.1 min
episode 404/1013  eps 0.025  train return  +85.87%  loss 4.60e-05  maxQ +0.0179  changes   503  5.1 min
episode 405/1013  eps 0.025  train return  +40.34%  loss 4.60e-05  maxQ +0.0174  changes   463  5.1 min
episode 406/1013  eps 0.025  train return  +23.97%  loss 5.02e-05  maxQ +0.0176  changes   421  5.1 min
episode 407/1013  eps 0.024  train return  +83.17%  loss 4.48e-05  maxQ +0.0180  changes   501  5.1 min
episode 408/1013  eps 0.024  train return  +27.82%  loss 4.50e-05  maxQ +0.0175  changes   456  5.1 min
episode 409/1013  eps 0.024  train return  +26.40%  loss 4.56e-05  maxQ +0.0171  changes   401  5.1 min
episode 410/1013  eps 0.024  train return +135.44%  loss 4.39e-05  maxQ +0.0163  changes   443  5.1 min | val return -14.56% (best -1.87%)
episode 411/1013  eps 0.024  train return +419.88%  loss 4.49e-05  maxQ +0.0168  changes   461  5.2 min
episode 412/1013  eps 0.023  train return  +23.59%  loss 4.86e-05  maxQ +0.0167  changes   421  5.2 min
episode 413/1013  eps 0.023  train return  +10.23%  loss 4.45e-05  maxQ +0.0165  changes   401  5.2 min
episode 414/1013  eps 0.023  train return +102.71%  loss 4.39e-05  maxQ +0.0164  changes   475  5.2 min
episode 415/1013  eps 0.023  train return  +33.03%  loss 4.69e-05  maxQ +0.0173  changes   424  5.2 min
episode 416/1013  eps 0.023  train return  +65.24%  loss 4.65e-05  maxQ +0.0161  changes   476  5.2 min
episode 417/1013  eps 0.022  train return  +16.28%  loss 4.62e-05  maxQ +0.0166  changes   414  5.2 min
episode 418/1013  eps 0.022  train return  +77.58%  loss 4.69e-05  maxQ +0.0167  changes   469  5.2 min
episode 419/1013  eps 0.022  train return  +69.82%  loss 4.71e-05  maxQ +0.0172  changes   481  5.3 min
episode 420/1013  eps 0.022  train return  +66.37%  loss 4.51e-05  maxQ +0.0170  changes   476  5.3 min | val return -16.92% (best -1.87%)
episode 421/1013  eps 0.022  train return  +71.00%  loss 4.78e-05  maxQ +0.0169  changes   454  5.3 min
episode 422/1013  eps 0.021  train return  +51.48%  loss 4.42e-05  maxQ +0.0167  changes   440  5.3 min
episode 423/1013  eps 0.021  train return  +64.34%  loss 4.45e-05  maxQ +0.0172  changes   453  5.3 min
episode 424/1013  eps 0.021  train return   -9.08%  loss 4.40e-05  maxQ +0.0165  changes   399  5.3 min
episode 425/1013  eps 0.021  train return +423.61%  loss 4.45e-05  maxQ +0.0160  changes   490  5.3 min
episode 426/1013  eps 0.021  train return  +83.55%  loss 4.45e-05  maxQ +0.0159  changes   477  5.3 min
episode 427/1013  eps 0.020  train return  +40.53%  loss 4.44e-05  maxQ +0.0164  changes   466  5.4 min
episode 428/1013  eps 0.020  train return +120.24%  loss 4.30e-05  maxQ +0.0163  changes   464  5.4 min
episode 429/1013  eps 0.020  train return  +21.00%  loss 4.39e-05  maxQ +0.0168  changes   423  5.4 min
episode 430/1013  eps 0.020  train return   -8.44%  loss 4.65e-05  maxQ +0.0163  changes   465  5.4 min | val return -16.52% (best -1.87%)
episode 431/1013  eps 0.020  train return  +32.62%  loss 4.52e-05  maxQ +0.0161  changes   410  5.4 min
episode 432/1013  eps 0.019  train return  +17.32%  loss 4.70e-05  maxQ +0.0159  changes   472  5.4 min
episode 433/1013  eps 0.019  train return  +80.81%  loss 4.46e-05  maxQ +0.0171  changes   471  5.4 min
episode 434/1013  eps 0.019  train return +562.25%  loss 5.14e-05  maxQ +0.0174  changes   488  5.5 min
episode 435/1013  eps 0.019  train return +165.47%  loss 4.83e-05  maxQ +0.0175  changes   460  5.5 min
episode 436/1013  eps 0.019  train return +218.64%  loss 4.82e-05  maxQ +0.0178  changes   467  5.5 min
episode 437/1013  eps 0.019  train return  +65.19%  loss 5.18e-05  maxQ +0.0192  changes   434  5.5 min
episode 438/1013  eps 0.018  train return  +35.26%  loss 4.86e-05  maxQ +0.0177  changes   442  5.5 min
episode 439/1013  eps 0.018  train return   +0.92%  loss 4.87e-05  maxQ +0.0176  changes   410  5.5 min
episode 440/1013  eps 0.018  train return   +3.63%  loss 4.58e-05  maxQ +0.0171  changes   391  5.5 min | val return +6.00% (best +6.00%)
episode 441/1013  eps 0.018  train return +413.64%  loss 4.42e-05  maxQ +0.0174  changes   485  5.5 min
episode 442/1013  eps 0.018  train return  +10.69%  loss 4.63e-05  maxQ +0.0165  changes   470  5.6 min
episode 443/1013  eps 0.018  train return +189.68%  loss 4.68e-05  maxQ +0.0159  changes   466  5.6 min
episode 444/1013  eps 0.017  train return  +70.09%  loss 4.36e-05  maxQ +0.0172  changes   460  5.6 min
episode 445/1013  eps 0.017  train return  +43.48%  loss 4.71e-05  maxQ +0.0169  changes   456  5.6 min
episode 446/1013  eps 0.017  train return +177.90%  loss 4.53e-05  maxQ +0.0169  changes   466  5.6 min
episode 447/1013  eps 0.017  train return  +32.91%  loss 4.54e-05  maxQ +0.0171  changes   457  5.6 min
episode 448/1013  eps 0.017  train return +265.01%  loss 4.46e-05  maxQ +0.0171  changes   459  5.6 min
episode 449/1013  eps 0.017  train return  +24.47%  loss 4.47e-05  maxQ +0.0164  changes   455  5.6 min
episode 450/1013  eps 0.016  train return  +12.62%  loss 4.57e-05  maxQ +0.0166  changes   435  5.7 min | val return +7.93% (best +7.93%)
episode 451/1013  eps 0.016  train return  +15.11%  loss 4.78e-05  maxQ +0.0166  changes   453  5.7 min
episode 452/1013  eps 0.016  train return  +55.44%  loss 4.61e-05  maxQ +0.0166  changes   484  5.7 min
episode 453/1013  eps 0.016  train return  +19.22%  loss 4.80e-05  maxQ +0.0165  changes   436  5.7 min
episode 454/1013  eps 0.016  train return  +19.02%  loss 4.69e-05  maxQ +0.0167  changes   467  5.7 min
episode 455/1013  eps 0.016  train return +258.04%  loss 4.40e-05  maxQ +0.0165  changes   491  5.7 min
episode 456/1013  eps 0.016  train return   +0.09%  loss 4.77e-05  maxQ +0.0163  changes   400  5.7 min
episode 457/1013  eps 0.015  train return +354.20%  loss 4.39e-05  maxQ +0.0166  changes   498  5.7 min
episode 458/1013  eps 0.015  train return +255.26%  loss 4.78e-05  maxQ +0.0174  changes   440  5.8 min
episode 459/1013  eps 0.015  train return +227.78%  loss 4.75e-05  maxQ +0.0176  changes   445  5.8 min
episode 460/1013  eps 0.015  train return  +11.81%  loss 4.53e-05  maxQ +0.0183  changes   466  5.8 min | val return +26.42% (best +26.42%)
episode 461/1013  eps 0.015  train return  +28.78%  loss 4.55e-05  maxQ +0.0187  changes   414  5.8 min
episode 462/1013  eps 0.015  train return +102.72%  loss 4.66e-05  maxQ +0.0187  changes   463  5.8 min
episode 463/1013  eps 0.015  train return  +51.81%  loss 4.83e-05  maxQ +0.0198  changes   460  5.8 min
episode 464/1013  eps 0.015  train return  +15.86%  loss 4.88e-05  maxQ +0.0191  changes   430  5.8 min
episode 465/1013  eps 0.014  train return  +83.76%  loss 4.87e-05  maxQ +0.0199  changes   449  5.9 min
episode 466/1013  eps 0.014  train return   +8.54%  loss 5.12e-05  maxQ +0.0197  changes   464  5.9 min
episode 467/1013  eps 0.014  train return +128.61%  loss 4.89e-05  maxQ +0.0195  changes   497  5.9 min
episode 468/1013  eps 0.014  train return  +23.94%  loss 5.16e-05  maxQ +0.0202  changes   427  5.9 min
episode 469/1013  eps 0.014  train return  +40.11%  loss 4.97e-05  maxQ +0.0200  changes   476  5.9 min
episode 470/1013  eps 0.014  train return  +30.26%  loss 5.04e-05  maxQ +0.0186  changes   432  5.9 min | val return +1.43% (best +26.42%)
episode 471/1013  eps 0.014  train return  +33.09%  loss 5.08e-05  maxQ +0.0180  changes   410  5.9 min
episode 472/1013  eps 0.013  train return +284.57%  loss 4.52e-05  maxQ +0.0181  changes   498  6.0 min
episode 473/1013  eps 0.013  train return +105.47%  loss 4.50e-05  maxQ +0.0183  changes   472  6.0 min
episode 474/1013  eps 0.013  train return   -6.36%  loss 4.89e-05  maxQ +0.0181  changes   436  6.0 min
episode 475/1013  eps 0.013  train return +206.10%  loss 4.41e-05  maxQ +0.0171  changes   473  6.0 min
episode 476/1013  eps 0.013  train return  +29.26%  loss 4.73e-05  maxQ +0.0169  changes   469  6.0 min
episode 477/1013  eps 0.013  train return   +1.96%  loss 5.22e-05  maxQ +0.0183  changes   403  6.0 min
episode 478/1013  eps 0.013  train return  +66.17%  loss 4.79e-05  maxQ +0.0177  changes   493  6.0 min
episode 479/1013  eps 0.013  train return  +98.20%  loss 4.73e-05  maxQ +0.0176  changes   466  6.0 min
episode 480/1013  eps 0.013  train return +671.73%  loss 4.89e-05  maxQ +0.0175  changes   492  6.1 min | val return +15.71% (best +26.42%)
episode 481/1013  eps 0.012  train return  +40.48%  loss 5.14e-05  maxQ +0.0170  changes   463  6.1 min
episode 482/1013  eps 0.012  train return  +43.57%  loss 4.76e-05  maxQ +0.0183  changes   447  6.1 min
episode 483/1013  eps 0.012  train return  +11.87%  loss 5.26e-05  maxQ +0.0182  changes   468  6.1 min
episode 484/1013  eps 0.012  train return +227.11%  loss 4.97e-05  maxQ +0.0175  changes   462  6.1 min
episode 485/1013  eps 0.012  train return  +37.44%  loss 4.71e-05  maxQ +0.0171  changes   444  6.1 min
episode 486/1013  eps 0.012  train return  +27.11%  loss 5.30e-05  maxQ +0.0188  changes   474  6.1 min
episode 487/1013  eps 0.012  train return  +36.95%  loss 4.69e-05  maxQ +0.0196  changes   450  6.1 min
episode 488/1013  eps 0.012  train return +829.51%  loss 4.71e-05  maxQ +0.0187  changes   465  6.2 min
episode 489/1013  eps 0.012  train return  +33.34%  loss 4.80e-05  maxQ +0.0193  changes   444  6.2 min
episode 490/1013  eps 0.011  train return  +44.43%  loss 4.86e-05  maxQ +0.0191  changes   492  6.2 min | val return -0.32% (best +26.42%)
episode 491/1013  eps 0.011  train return  +11.62%  loss 4.85e-05  maxQ +0.0197  changes   446  6.2 min
episode 492/1013  eps 0.011  train return  +78.38%  loss 4.62e-05  maxQ +0.0187  changes   485  6.2 min
episode 493/1013  eps 0.011  train return +119.05%  loss 4.95e-05  maxQ +0.0188  changes   486  6.2 min
episode 494/1013  eps 0.011  train return  +76.93%  loss 4.75e-05  maxQ +0.0187  changes   450  6.2 min
episode 495/1013  eps 0.011  train return  +13.45%  loss 4.61e-05  maxQ +0.0185  changes   427  6.3 min
episode 496/1013  eps 0.011  train return  +18.06%  loss 4.60e-05  maxQ +0.0182  changes   450  6.3 min
episode 497/1013  eps 0.011  train return  +54.30%  loss 4.71e-05  maxQ +0.0189  changes   461  6.3 min
episode 498/1013  eps 0.011  train return  +40.12%  loss 5.06e-05  maxQ +0.0187  changes   434  6.3 min
episode 499/1013  eps 0.011  train return  +95.78%  loss 5.03e-05  maxQ +0.0198  changes   475  6.3 min
episode 500/1013  eps 0.010  train return  +50.20%  loss 4.82e-05  maxQ +0.0187  changes   438  6.3 min | val return -6.52% (best +26.42%)
episode 501/1013  eps 0.010  train return  +59.85%  loss 4.71e-05  maxQ +0.0185  changes   443  6.3 min
episode 502/1013  eps 0.010  train return  +51.70%  loss 4.66e-05  maxQ +0.0185  changes   446  6.4 min
episode 503/1013  eps 0.010  train return  +25.31%  loss 4.32e-05  maxQ +0.0180  changes   422  6.4 min
episode 504/1013  eps 0.010  train return  +19.06%  loss 4.67e-05  maxQ +0.0190  changes   510  6.4 min
episode 505/1013  eps 0.010  train return  +34.69%  loss 4.77e-05  maxQ +0.0177  changes   457  6.4 min
episode 506/1013  eps 0.010  train return  +37.61%  loss 4.35e-05  maxQ +0.0175  changes   517  6.4 min
episode 507/1013  eps 0.010  train return  +21.65%  loss 4.47e-05  maxQ +0.0173  changes   442  6.4 min
episode 508/1013  eps 0.010  train return +1044.75%  loss 4.68e-05  maxQ +0.0178  changes   458  6.4 min
episode 509/1013  eps 0.010  train return  +57.75%  loss 4.88e-05  maxQ +0.0181  changes   500  6.4 min
episode 510/1013  eps 0.010  train return   -0.94%  loss 4.91e-05  maxQ +0.0179  changes   380  6.4 min | val return -15.72% (best +26.42%)
episode 511/1013  eps 0.010  train return +129.76%  loss 4.98e-05  maxQ +0.0182  changes   495  6.5 min
episode 512/1013  eps 0.010  train return  +29.58%  loss 4.78e-05  maxQ +0.0175  changes   433  6.5 min
episode 513/1013  eps 0.010  train return +105.04%  loss 4.69e-05  maxQ +0.0175  changes   508  6.5 min
episode 514/1013  eps 0.010  train return  -15.99%  loss 4.64e-05  maxQ +0.0175  changes   484  6.5 min
episode 515/1013  eps 0.010  train return  +28.44%  loss 4.57e-05  maxQ +0.0168  changes   423  6.5 min
episode 516/1013  eps 0.010  train return  +87.84%  loss 4.41e-05  maxQ +0.0169  changes   487  6.5 min
episode 517/1013  eps 0.010  train return   +3.79%  loss 4.23e-05  maxQ +0.0161  changes   385  6.5 min
episode 518/1013  eps 0.010  train return +501.59%  loss 4.88e-05  maxQ +0.0174  changes   476  6.6 min
episode 519/1013  eps 0.010  train return  +99.71%  loss 4.49e-05  maxQ +0.0174  changes   497  6.6 min
episode 520/1013  eps 0.010  train return  +33.38%  loss 4.58e-05  maxQ +0.0172  changes   474  6.6 min | val return +5.44% (best +26.42%)
episode 521/1013  eps 0.010  train return  +23.37%  loss 4.76e-05  maxQ +0.0172  changes   447  6.6 min
episode 522/1013  eps 0.010  train return   -5.91%  loss 4.67e-05  maxQ +0.0178  changes   498  6.6 min
episode 523/1013  eps 0.010  train return +123.38%  loss 4.73e-05  maxQ +0.0167  changes   468  6.6 min
episode 524/1013  eps 0.010  train return  +73.50%  loss 4.88e-05  maxQ +0.0168  changes   475  6.6 min
episode 525/1013  eps 0.010  train return  +66.46%  loss 4.48e-05  maxQ +0.0161  changes   441  6.7 min
episode 526/1013  eps 0.010  train return +133.91%  loss 4.44e-05  maxQ +0.0165  changes   491  6.7 min
episode 527/1013  eps 0.010  train return  +29.01%  loss 4.67e-05  maxQ +0.0160  changes   482  6.7 min
episode 528/1013  eps 0.010  train return +288.22%  loss 4.54e-05  maxQ +0.0161  changes   477  6.7 min
episode 529/1013  eps 0.010  train return  +24.81%  loss 4.58e-05  maxQ +0.0163  changes   475  6.7 min
episode 530/1013  eps 0.010  train return +234.73%  loss 4.59e-05  maxQ +0.0177  changes   423  6.7 min | val return -2.77% (best +26.42%)
episode 531/1013  eps 0.010  train return +118.34%  loss 4.81e-05  maxQ +0.0178  changes   444  6.7 min
episode 532/1013  eps 0.010  train return  +38.66%  loss 4.40e-05  maxQ +0.0186  changes   503  6.7 min
episode 533/1013  eps 0.010  train return  +54.57%  loss 5.02e-05  maxQ +0.0188  changes   419  6.8 min
episode 534/1013  eps 0.010  train return  +19.42%  loss 4.55e-05  maxQ +0.0178  changes   493  6.8 min
episode 535/1013  eps 0.010  train return  +20.63%  loss 4.89e-05  maxQ +0.0174  changes   437  6.8 min
episode 536/1013  eps 0.010  train return  +17.24%  loss 4.37e-05  maxQ +0.0170  changes   465  6.8 min
episode 537/1013  eps 0.010  train return  +26.02%  loss 4.42e-05  maxQ +0.0173  changes   407  6.8 min
episode 538/1013  eps 0.010  train return +144.50%  loss 4.55e-05  maxQ +0.0168  changes   513  6.8 min
episode 539/1013  eps 0.010  train return +112.35%  loss 4.59e-05  maxQ +0.0169  changes   478  6.8 min
episode 540/1013  eps 0.010  train return  +19.42%  loss 4.52e-05  maxQ +0.0171  changes   450  6.8 min | val return -18.50% (best +26.42%)
episode 541/1013  eps 0.010  train return   -2.03%  loss 4.30e-05  maxQ +0.0174  changes   380  6.9 min
episode 542/1013  eps 0.010  train return  +47.55%  loss 4.38e-05  maxQ +0.0170  changes   458  6.9 min
episode 543/1013  eps 0.010  train return  +20.17%  loss 4.67e-05  maxQ +0.0172  changes   447  6.9 min
episode 544/1013  eps 0.010  train return  +77.26%  loss 4.27e-05  maxQ +0.0167  changes   474  6.9 min
episode 545/1013  eps 0.010  train return  +84.79%  loss 4.63e-05  maxQ +0.0175  changes   482  6.9 min
episode 546/1013  eps 0.010  train return  +73.03%  loss 4.65e-05  maxQ +0.0172  changes   436  6.9 min
episode 547/1013  eps 0.010  train return  +61.74%  loss 4.20e-05  maxQ +0.0175  changes   482  6.9 min
episode 548/1013  eps 0.010  train return   +4.58%  loss 4.54e-05  maxQ +0.0175  changes   395  7.0 min
episode 549/1013  eps 0.010  train return  +36.97%  loss 4.54e-05  maxQ +0.0174  changes   443  7.0 min
episode 550/1013  eps 0.010  train return  +50.22%  loss 4.30e-05  maxQ +0.0170  changes   471  7.0 min | val return -20.88% (best +26.42%)
episode 551/1013  eps 0.010  train return  +56.37%  loss 4.24e-05  maxQ +0.0162  changes   483  7.0 min
episode 552/1013  eps 0.010  train return +138.26%  loss 4.40e-05  maxQ +0.0161  changes   489  7.0 min
episode 553/1013  eps 0.010  train return +350.81%  loss 4.75e-05  maxQ +0.0167  changes   470  7.0 min
episode 554/1013  eps 0.010  train return +145.83%  loss 4.65e-05  maxQ +0.0159  changes   479  7.0 min
episode 555/1013  eps 0.010  train return  +94.95%  loss 4.63e-05  maxQ +0.0166  changes   462  7.0 min
episode 556/1013  eps 0.010  train return   +2.36%  loss 4.41e-05  maxQ +0.0171  changes   395  7.1 min
episode 557/1013  eps 0.010  train return +169.79%  loss 4.73e-05  maxQ +0.0167  changes   468  7.1 min
episode 558/1013  eps 0.010  train return  +55.98%  loss 4.47e-05  maxQ +0.0170  changes   458  7.1 min
episode 559/1013  eps 0.010  train return  +31.16%  loss 4.44e-05  maxQ +0.0170  changes   388  7.1 min
episode 560/1013  eps 0.010  train return  +76.35%  loss 4.50e-05  maxQ +0.0172  changes   488  7.1 min | val return -14.08% (best +26.42%)
episode 561/1013  eps 0.010  train return   -1.92%  loss 4.57e-05  maxQ +0.0167  changes   395  7.1 min
episode 562/1013  eps 0.010  train return +112.42%  loss 4.24e-05  maxQ +0.0164  changes   488  7.1 min
episode 563/1013  eps 0.010  train return +276.87%  loss 4.67e-05  maxQ +0.0172  changes   467  7.2 min
episode 564/1013  eps 0.010  train return  +38.39%  loss 4.74e-05  maxQ +0.0168  changes   451  7.2 min
episode 565/1013  eps 0.010  train return +174.38%  loss 4.61e-05  maxQ +0.0173  changes   490  7.2 min
episode 566/1013  eps 0.010  train return  +44.01%  loss 4.99e-05  maxQ +0.0172  changes   474  7.2 min
episode 567/1013  eps 0.010  train return  +47.34%  loss 4.60e-05  maxQ +0.0182  changes   463  7.2 min
episode 568/1013  eps 0.010  train return  +49.73%  loss 4.74e-05  maxQ +0.0175  changes   431  7.2 min
episode 569/1013  eps 0.010  train return  +93.89%  loss 4.67e-05  maxQ +0.0176  changes   495  7.2 min
episode 570/1013  eps 0.010  train return +506.16%  loss 4.59e-05  maxQ +0.0174  changes   456  7.2 min | val return -14.32% (best +26.42%)
episode 571/1013  eps 0.010  train return  +58.46%  loss 4.51e-05  maxQ +0.0168  changes   437  7.3 min
episode 572/1013  eps 0.010  train return +287.44%  loss 4.49e-05  maxQ +0.0170  changes   469  7.3 min
episode 573/1013  eps 0.010  train return  +88.60%  loss 4.61e-05  maxQ +0.0165  changes   482  7.3 min
episode 574/1013  eps 0.010  train return +275.84%  loss 4.75e-05  maxQ +0.0171  changes   466  7.3 min
episode 575/1013  eps 0.010  train return  +33.16%  loss 4.32e-05  maxQ +0.0173  changes   466  7.3 min
episode 576/1013  eps 0.010  train return  +88.25%  loss 4.33e-05  maxQ +0.0168  changes   490  7.3 min
episode 577/1013  eps 0.010  train return +112.28%  loss 4.64e-05  maxQ +0.0168  changes   445  7.3 min
episode 578/1013  eps 0.010  train return  +61.10%  loss 4.56e-05  maxQ +0.0165  changes   454  7.3 min
episode 579/1013  eps 0.010  train return   +0.42%  loss 4.78e-05  maxQ +0.0166  changes   445  7.4 min
episode 580/1013  eps 0.010  train return +395.28%  loss 4.54e-05  maxQ +0.0175  changes   464  7.4 min | val return -16.45% (best +26.42%)
episode 581/1013  eps 0.010  train return  +49.44%  loss 4.52e-05  maxQ +0.0183  changes   477  7.4 min
episode 582/1013  eps 0.010  train return  +57.48%  loss 4.59e-05  maxQ +0.0174  changes   506  7.4 min
episode 583/1013  eps 0.010  train return +416.73%  loss 4.50e-05  maxQ +0.0175  changes   489  7.4 min
episode 584/1013  eps 0.010  train return  +35.95%  loss 4.50e-05  maxQ +0.0175  changes   502  7.4 min
episode 585/1013  eps 0.010  train return +297.90%  loss 4.49e-05  maxQ +0.0170  changes   463  7.4 min
episode 586/1013  eps 0.010  train return  +67.77%  loss 4.60e-05  maxQ +0.0173  changes   459  7.4 min
episode 587/1013  eps 0.010  train return  +48.89%  loss 4.53e-05  maxQ +0.0174  changes   386  7.5 min
episode 588/1013  eps 0.010  train return +215.53%  loss 4.45e-05  maxQ +0.0176  changes   462  7.5 min
episode 589/1013  eps 0.010  train return  +84.40%  loss 4.60e-05  maxQ +0.0182  changes   475  7.5 min
episode 590/1013  eps 0.010  train return  +41.83%  loss 4.63e-05  maxQ +0.0181  changes   443  7.5 min | val return -19.97% (best +26.42%)
episode 591/1013  eps 0.010  train return  +34.07%  loss 4.92e-05  maxQ +0.0186  changes   417  7.5 min
episode 592/1013  eps 0.010  train return  +41.23%  loss 4.49e-05  maxQ +0.0178  changes   453  7.5 min
episode 593/1013  eps 0.010  train return  +46.89%  loss 4.69e-05  maxQ +0.0173  changes   444  7.5 min
episode 594/1013  eps 0.010  train return  +29.42%  loss 4.65e-05  maxQ +0.0169  changes   405  7.6 min
episode 595/1013  eps 0.010  train return  +78.22%  loss 4.56e-05  maxQ +0.0164  changes   440  7.6 min
episode 596/1013  eps 0.010  train return  +61.63%  loss 4.57e-05  maxQ +0.0171  changes   424  7.6 min
episode 597/1013  eps 0.010  train return   +7.89%  loss 4.38e-05  maxQ +0.0174  changes   418  7.6 min
episode 598/1013  eps 0.010  train return +109.58%  loss 4.46e-05  maxQ +0.0168  changes   479  7.6 min
episode 599/1013  eps 0.010  train return  +31.74%  loss 4.47e-05  maxQ +0.0165  changes   448  7.6 min
episode 600/1013  eps 0.010  train return  -11.24%  loss 4.50e-05  maxQ +0.0168  changes   474  7.6 min | val return -13.91% (best +26.42%)
episode 601/1013  eps 0.010  train return  +36.59%  loss 4.57e-05  maxQ +0.0169  changes   439  7.6 min
episode 602/1013  eps 0.010  train return +274.07%  loss 4.30e-05  maxQ +0.0164  changes   488  7.7 min
episode 603/1013  eps 0.010  train return  +76.16%  loss 4.49e-05  maxQ +0.0166  changes   452  7.7 min
episode 604/1013  eps 0.010  train return +104.46%  loss 4.37e-05  maxQ +0.0166  changes   459  7.7 min
episode 605/1013  eps 0.010  train return  +32.13%  loss 4.50e-05  maxQ +0.0171  changes   443  7.7 min
episode 606/1013  eps 0.010  train return  +28.05%  loss 4.61e-05  maxQ +0.0178  changes   462  7.7 min
episode 607/1013  eps 0.010  train return +147.23%  loss 4.99e-05  maxQ +0.0181  changes   471  7.7 min
episode 608/1013  eps 0.010  train return +289.62%  loss 4.86e-05  maxQ +0.0172  changes   482  7.7 min
episode 609/1013  eps 0.010  train return  +45.21%  loss 4.36e-05  maxQ +0.0174  changes   459  7.7 min
episode 610/1013  eps 0.010  train return  +50.81%  loss 4.24e-05  maxQ +0.0165  changes   445  7.8 min | val return -23.00% (best +26.42%)
episode 611/1013  eps 0.010  train return  +61.74%  loss 4.16e-05  maxQ +0.0179  changes   476  7.8 min
episode 612/1013  eps 0.010  train return  +38.13%  loss 4.48e-05  maxQ +0.0176  changes   411  7.8 min
episode 613/1013  eps 0.010  train return +151.57%  loss 4.50e-05  maxQ +0.0176  changes   477  7.8 min
episode 614/1013  eps 0.010  train return   +0.56%  loss 4.55e-05  maxQ +0.0180  changes   434  7.8 min
episode 615/1013  eps 0.010  train return  +53.45%  loss 4.45e-05  maxQ +0.0185  changes   459  7.8 min
episode 616/1013  eps 0.010  train return  +49.64%  loss 4.43e-05  maxQ +0.0179  changes   425  7.8 min
episode 617/1013  eps 0.010  train return  +41.90%  loss 4.13e-05  maxQ +0.0179  changes   465  7.8 min
episode 618/1013  eps 0.010  train return  -10.46%  loss 4.23e-05  maxQ +0.0176  changes   424  7.9 min
episode 619/1013  eps 0.010  train return +290.62%  loss 4.39e-05  maxQ +0.0173  changes   497  7.9 min
episode 620/1013  eps 0.010  train return  +17.38%  loss 4.72e-05  maxQ +0.0179  changes   451  7.9 min | val return -21.75% (best +26.42%)
episode 621/1013  eps 0.010  train return  +45.77%  loss 4.87e-05  maxQ +0.0182  changes   485  7.9 min
episode 622/1013  eps 0.010  train return  +27.66%  loss 4.75e-05  maxQ +0.0184  changes   428  7.9 min
episode 623/1013  eps 0.010  train return  +55.76%  loss 4.45e-05  maxQ +0.0183  changes   436  7.9 min
episode 624/1013  eps 0.010  train return  +44.86%  loss 4.36e-05  maxQ +0.0183  changes   478  7.9 min
episode 625/1013  eps 0.010  train return +131.98%  loss 4.30e-05  maxQ +0.0180  changes   462  8.0 min
episode 626/1013  eps 0.010  train return  +77.44%  loss 4.14e-05  maxQ +0.0180  changes   492  8.0 min
episode 627/1013  eps 0.010  train return  +46.28%  loss 3.92e-05  maxQ +0.0175  changes   427  8.0 min
episode 628/1013  eps 0.010  train return  +46.28%  loss 4.28e-05  maxQ +0.0174  changes   412  8.0 min
episode 629/1013  eps 0.010  train return   +2.48%  loss 4.11e-05  maxQ +0.0171  changes   449  8.0 min
episode 630/1013  eps 0.010  train return  +29.58%  loss 4.45e-05  maxQ +0.0178  changes   452  8.0 min | val return -28.89% (best +26.42%)
episode 631/1013  eps 0.010  train return  +56.17%  loss 3.92e-05  maxQ +0.0176  changes   478  8.0 min
episode 632/1013  eps 0.010  train return  +46.13%  loss 4.18e-05  maxQ +0.0174  changes   459  8.1 min
episode 633/1013  eps 0.010  train return +126.58%  loss 4.19e-05  maxQ +0.0174  changes   496  8.1 min
episode 634/1013  eps 0.010  train return  +12.86%  loss 4.11e-05  maxQ +0.0173  changes   437  8.1 min
episode 635/1013  eps 0.010  train return   +6.21%  loss 4.29e-05  maxQ +0.0171  changes   416  8.1 min
episode 636/1013  eps 0.010  train return  +58.51%  loss 3.94e-05  maxQ +0.0178  changes   494  8.1 min
episode 637/1013  eps 0.010  train return +122.75%  loss 4.15e-05  maxQ +0.0176  changes   497  8.1 min
episode 638/1013  eps 0.010  train return +115.74%  loss 4.38e-05  maxQ +0.0169  changes   470  8.1 min
episode 639/1013  eps 0.010  train return +210.42%  loss 3.94e-05  maxQ +0.0173  changes   477  8.1 min
episode 640/1013  eps 0.010  train return   +6.15%  loss 3.98e-05  maxQ +0.0171  changes   442  8.2 min | val return -17.72% (best +26.42%)
episode 641/1013  eps 0.010  train return +101.53%  loss 3.92e-05  maxQ +0.0175  changes   442  8.2 min
episode 642/1013  eps 0.010  train return  +56.54%  loss 4.08e-05  maxQ +0.0174  changes   452  8.2 min
episode 643/1013  eps 0.010  train return +128.20%  loss 3.99e-05  maxQ +0.0172  changes   494  8.2 min
episode 644/1013  eps 0.010  train return  +66.21%  loss 4.22e-05  maxQ +0.0177  changes   474  8.2 min
episode 645/1013  eps 0.010  train return +114.85%  loss 4.27e-05  maxQ +0.0188  changes   477  8.2 min
episode 646/1013  eps 0.010  train return  +33.25%  loss 4.23e-05  maxQ +0.0180  changes   448  8.2 min
episode 647/1013  eps 0.010  train return   +7.07%  loss 3.96e-05  maxQ +0.0172  changes   447  8.2 min
episode 648/1013  eps 0.010  train return  +90.40%  loss 3.74e-05  maxQ +0.0166  changes   474  8.3 min
episode 649/1013  eps 0.010  train return  +29.35%  loss 4.05e-05  maxQ +0.0170  changes   438  8.3 min
episode 650/1013  eps 0.010  train return +202.61%  loss 3.83e-05  maxQ +0.0165  changes   465  8.3 min | val return -18.83% (best +26.42%)
episode 651/1013  eps 0.010  train return +189.14%  loss 3.99e-05  maxQ +0.0166  changes   495  8.3 min
episode 652/1013  eps 0.010  train return +115.09%  loss 3.82e-05  maxQ +0.0161  changes   464  8.3 min
episode 653/1013  eps 0.010  train return  +94.46%  loss 3.56e-05  maxQ +0.0157  changes   442  8.3 min
episode 654/1013  eps 0.010  train return  +72.83%  loss 3.56e-05  maxQ +0.0161  changes   461  8.3 min
episode 655/1013  eps 0.010  train return +106.40%  loss 3.77e-05  maxQ +0.0159  changes   452  8.4 min
episode 656/1013  eps 0.010  train return  +21.47%  loss 3.95e-05  maxQ +0.0168  changes   475  8.4 min
episode 657/1013  eps 0.010  train return +209.88%  loss 3.88e-05  maxQ +0.0158  changes   484  8.4 min
episode 658/1013  eps 0.010  train return   +3.93%  loss 3.89e-05  maxQ +0.0159  changes   398  8.4 min
episode 659/1013  eps 0.010  train return   +5.60%  loss 3.55e-05  maxQ +0.0156  changes   462  8.4 min
episode 660/1013  eps 0.010  train return   -3.85%  loss 3.64e-05  maxQ +0.0163  changes   428  8.4 min | val return -17.60% (best +26.42%)
episode 661/1013  eps 0.010  train return  +31.58%  loss 3.83e-05  maxQ +0.0169  changes   464  8.4 min
episode 662/1013  eps 0.010  train return   -2.70%  loss 3.63e-05  maxQ +0.0165  changes   427  8.4 min
episode 663/1013  eps 0.010  train return   +4.90%  loss 3.86e-05  maxQ +0.0162  changes   418  8.5 min
episode 664/1013  eps 0.010  train return +179.20%  loss 3.76e-05  maxQ +0.0160  changes   470  8.5 min
episode 665/1013  eps 0.010  train return  +49.43%  loss 3.45e-05  maxQ +0.0169  changes   455  8.5 min
episode 666/1013  eps 0.010  train return  +15.22%  loss 3.77e-05  maxQ +0.0170  changes   427  8.5 min
episode 667/1013  eps 0.010  train return  +63.42%  loss 3.72e-05  maxQ +0.0165  changes   451  8.5 min
episode 668/1013  eps 0.010  train return   +9.62%  loss 3.95e-05  maxQ +0.0175  changes   407  8.5 min
episode 669/1013  eps 0.010  train return  +61.55%  loss 3.96e-05  maxQ +0.0172  changes   443  8.5 min
episode 670/1013  eps 0.010  train return  +93.56%  loss 3.70e-05  maxQ +0.0168  changes   439  8.5 min | val return -7.33% (best +26.42%)
episode 671/1013  eps 0.010  train return  +49.52%  loss 4.04e-05  maxQ +0.0165  changes   454  8.6 min
episode 672/1013  eps 0.010  train return  +62.66%  loss 3.88e-05  maxQ +0.0166  changes   449  8.6 min
episode 673/1013  eps 0.010  train return  +19.58%  loss 3.80e-05  maxQ +0.0162  changes   438  8.6 min
episode 674/1013  eps 0.010  train return +159.01%  loss 3.65e-05  maxQ +0.0162  changes   433  8.6 min
episode 675/1013  eps 0.010  train return  +86.18%  loss 3.86e-05  maxQ +0.0162  changes   429  8.6 min
episode 676/1013  eps 0.010  train return +159.33%  loss 3.93e-05  maxQ +0.0164  changes   500  8.6 min
episode 677/1013  eps 0.010  train return  +94.68%  loss 3.72e-05  maxQ +0.0158  changes   453  8.6 min
episode 678/1013  eps 0.010  train return  +43.58%  loss 3.67e-05  maxQ +0.0159  changes   459  8.6 min
episode 679/1013  eps 0.010  train return +137.69%  loss 3.56e-05  maxQ +0.0160  changes   472  8.7 min
episode 680/1013  eps 0.010  train return   +7.10%  loss 3.68e-05  maxQ +0.0159  changes   414  8.7 min | val return -18.39% (best +26.42%)
episode 681/1013  eps 0.010  train return +294.11%  loss 3.56e-05  maxQ +0.0160  changes   503  8.7 min
episode 682/1013  eps 0.010  train return   +5.36%  loss 3.75e-05  maxQ +0.0158  changes   404  8.7 min
episode 683/1013  eps 0.010  train return  +40.15%  loss 3.49e-05  maxQ +0.0152  changes   423  8.7 min
episode 684/1013  eps 0.010  train return  +59.23%  loss 3.62e-05  maxQ +0.0162  changes   412  8.7 min
episode 685/1013  eps 0.010  train return  +34.36%  loss 3.64e-05  maxQ +0.0164  changes   415  8.7 min
episode 686/1013  eps 0.010  train return  +96.70%  loss 3.58e-05  maxQ +0.0170  changes   447  8.8 min
episode 687/1013  eps 0.010  train return +106.45%  loss 3.80e-05  maxQ +0.0165  changes   485  8.8 min
episode 688/1013  eps 0.010  train return +127.19%  loss 3.86e-05  maxQ +0.0164  changes   500  8.8 min
episode 689/1013  eps 0.010  train return  +31.12%  loss 3.76e-05  maxQ +0.0157  changes   444  8.8 min
episode 690/1013  eps 0.010  train return  +50.39%  loss 3.48e-05  maxQ +0.0156  changes   448  8.8 min | val return -13.10% (best +26.42%)
episode 691/1013  eps 0.010  train return +559.88%  loss 3.61e-05  maxQ +0.0161  changes   488  8.8 min
episode 692/1013  eps 0.010  train return  +59.02%  loss 3.85e-05  maxQ +0.0166  changes   462  8.8 min
episode 693/1013  eps 0.010  train return +176.55%  loss 3.79e-05  maxQ +0.0166  changes   502  8.8 min
episode 694/1013  eps 0.010  train return +156.52%  loss 4.23e-05  maxQ +0.0162  changes   504  8.9 min
episode 695/1013  eps 0.010  train return +113.96%  loss 4.23e-05  maxQ +0.0166  changes   473  8.9 min
episode 696/1013  eps 0.010  train return  +65.99%  loss 4.39e-05  maxQ +0.0170  changes   439  8.9 min
episode 697/1013  eps 0.010  train return  +22.75%  loss 4.28e-05  maxQ +0.0172  changes   424  8.9 min
episode 698/1013  eps 0.010  train return  +98.22%  loss 4.20e-05  maxQ +0.0175  changes   479  8.9 min
episode 699/1013  eps 0.010  train return +272.45%  loss 3.95e-05  maxQ +0.0170  changes   494  8.9 min
episode 700/1013  eps 0.010  train return +126.23%  loss 4.52e-05  maxQ +0.0176  changes   488  8.9 min | val return -31.08% (best +26.42%)
episode 701/1013  eps 0.010  train return  +27.25%  loss 4.40e-05  maxQ +0.0180  changes   446  8.9 min
episode 702/1013  eps 0.010  train return +213.97%  loss 4.22e-05  maxQ +0.0178  changes   503  9.0 min
episode 703/1013  eps 0.010  train return  +32.74%  loss 4.57e-05  maxQ +0.0187  changes   469  9.0 min
episode 704/1013  eps 0.010  train return  +17.69%  loss 4.67e-05  maxQ +0.0176  changes   457  9.0 min
episode 705/1013  eps 0.010  train return +182.18%  loss 4.68e-05  maxQ +0.0183  changes   495  9.0 min
episode 706/1013  eps 0.010  train return   +4.22%  loss 4.17e-05  maxQ +0.0172  changes   448  9.0 min
episode 707/1013  eps 0.010  train return  +61.85%  loss 4.20e-05  maxQ +0.0172  changes   471  9.0 min
episode 708/1013  eps 0.010  train return  +27.66%  loss 4.50e-05  maxQ +0.0170  changes   476  9.0 min
episode 709/1013  eps 0.010  train return +179.26%  loss 4.31e-05  maxQ +0.0166  changes   455  9.0 min
episode 710/1013  eps 0.010  train return +133.14%  loss 4.36e-05  maxQ +0.0164  changes   483  9.1 min | val return -21.74% (best +26.42%)
episode 711/1013  eps 0.010  train return   -6.43%  loss 4.19e-05  maxQ +0.0163  changes   367  9.1 min
episode 712/1013  eps 0.010  train return  +39.97%  loss 3.98e-05  maxQ +0.0167  changes   425  9.1 min
episode 713/1013  eps 0.010  train return +135.98%  loss 4.29e-05  maxQ +0.0176  changes   470  9.1 min
episode 714/1013  eps 0.010  train return  +16.24%  loss 4.09e-05  maxQ +0.0169  changes   446  9.1 min
episode 715/1013  eps 0.010  train return   +5.41%  loss 3.93e-05  maxQ +0.0164  changes   414  9.1 min
episode 716/1013  eps 0.010  train return  +73.79%  loss 4.17e-05  maxQ +0.0166  changes   466  9.1 min
episode 717/1013  eps 0.010  train return  +60.82%  loss 4.11e-05  maxQ +0.0159  changes   484  9.2 min
episode 718/1013  eps 0.010  train return  +91.90%  loss 4.05e-05  maxQ +0.0160  changes   495  9.2 min
episode 719/1013  eps 0.010  train return  +65.70%  loss 3.97e-05  maxQ +0.0164  changes   423  9.2 min
episode 720/1013  eps 0.010  train return  +13.85%  loss 3.77e-05  maxQ +0.0161  changes   432  9.2 min | val return -24.43% (best +26.42%)
episode 721/1013  eps 0.010  train return  +41.27%  loss 3.64e-05  maxQ +0.0164  changes   475  9.2 min
episode 722/1013  eps 0.010  train return +262.96%  loss 4.09e-05  maxQ +0.0165  changes   488  9.2 min
episode 723/1013  eps 0.010  train return  +66.33%  loss 4.45e-05  maxQ +0.0167  changes   439  9.3 min
episode 724/1013  eps 0.010  train return  +21.20%  loss 4.05e-05  maxQ +0.0164  changes   446  9.3 min
episode 725/1013  eps 0.010  train return  +60.25%  loss 3.82e-05  maxQ +0.0163  changes   449  9.3 min
episode 726/1013  eps 0.010  train return  +39.57%  loss 3.71e-05  maxQ +0.0160  changes   424  9.3 min
episode 727/1013  eps 0.010  train return +258.42%  loss 3.71e-05  maxQ +0.0162  changes   505  9.3 min
episode 728/1013  eps 0.010  train return  +33.74%  loss 4.14e-05  maxQ +0.0165  changes   430  9.3 min
episode 729/1013  eps 0.010  train return +137.94%  loss 4.15e-05  maxQ +0.0177  changes   475  9.3 min
episode 730/1013  eps 0.010  train return  +24.66%  loss 4.31e-05  maxQ +0.0176  changes   446  9.3 min | val return -16.94% (best +26.42%)
episode 731/1013  eps 0.010  train return  +57.88%  loss 4.47e-05  maxQ +0.0175  changes   469  9.4 min
episode 732/1013  eps 0.010  train return  +24.50%  loss 4.04e-05  maxQ +0.0172  changes   417  9.4 min
episode 733/1013  eps 0.010  train return +247.27%  loss 4.08e-05  maxQ +0.0172  changes   515  9.4 min
episode 734/1013  eps 0.010  train return  +43.64%  loss 4.00e-05  maxQ +0.0173  changes   448  9.4 min
episode 735/1013  eps 0.010  train return  +29.73%  loss 4.00e-05  maxQ +0.0168  changes   488  9.4 min
episode 736/1013  eps 0.010  train return   +1.71%  loss 3.96e-05  maxQ +0.0176  changes   390  9.4 min
episode 737/1013  eps 0.010  train return  +37.37%  loss 3.79e-05  maxQ +0.0173  changes   422  9.5 min
episode 738/1013  eps 0.010  train return  +15.72%  loss 3.89e-05  maxQ +0.0171  changes   490  9.5 min
episode 739/1013  eps 0.010  train return  +68.59%  loss 3.73e-05  maxQ +0.0177  changes   433  9.5 min
episode 740/1013  eps 0.010  train return +103.14%  loss 4.20e-05  maxQ +0.0177  changes   500  9.5 min | val return -2.62% (best +26.42%)
episode 741/1013  eps 0.010  train return  +40.02%  loss 4.38e-05  maxQ +0.0190  changes   470  9.5 min
episode 742/1013  eps 0.010  train return   -1.16%  loss 4.10e-05  maxQ +0.0178  changes   437  9.5 min
episode 743/1013  eps 0.010  train return +135.89%  loss 4.23e-05  maxQ +0.0177  changes   493  9.6 min
episode 744/1013  eps 0.010  train return  +33.57%  loss 3.94e-05  maxQ +0.0182  changes   463  9.6 min
episode 745/1013  eps 0.010  train return  +42.38%  loss 4.29e-05  maxQ +0.0183  changes   488  9.6 min
episode 746/1013  eps 0.010  train return +105.81%  loss 3.83e-05  maxQ +0.0177  changes   484  9.6 min
episode 747/1013  eps 0.010  train return  +35.99%  loss 4.02e-05  maxQ +0.0179  changes   452  9.6 min
episode 748/1013  eps 0.010  train return +321.89%  loss 3.89e-05  maxQ +0.0175  changes   520  9.6 min
episode 749/1013  eps 0.010  train return +149.15%  loss 3.95e-05  maxQ +0.0180  changes   510  9.6 min
episode 750/1013  eps 0.010  train return +183.49%  loss 3.94e-05  maxQ +0.0176  changes   460  9.6 min | val return -4.13% (best +26.42%)
episode 751/1013  eps 0.010  train return  +27.70%  loss 3.97e-05  maxQ +0.0182  changes   498  9.7 min
episode 752/1013  eps 0.010  train return +110.42%  loss 4.14e-05  maxQ +0.0177  changes   469  9.7 min
episode 753/1013  eps 0.010  train return +129.81%  loss 3.85e-05  maxQ +0.0178  changes   478  9.7 min
episode 754/1013  eps 0.010  train return +208.95%  loss 4.07e-05  maxQ +0.0180  changes   501  9.7 min
episode 755/1013  eps 0.010  train return  +51.03%  loss 3.98e-05  maxQ +0.0171  changes   459  9.7 min
episode 756/1013  eps 0.010  train return  +28.01%  loss 3.64e-05  maxQ +0.0169  changes   446  9.7 min
episode 757/1013  eps 0.010  train return +332.44%  loss 3.46e-05  maxQ +0.0168  changes   509  9.7 min
episode 758/1013  eps 0.010  train return +104.58%  loss 3.98e-05  maxQ +0.0171  changes   436  9.7 min
episode 759/1013  eps 0.010  train return   -1.03%  loss 3.95e-05  maxQ +0.0173  changes   396  9.8 min
episode 760/1013  eps 0.010  train return +289.57%  loss 4.34e-05  maxQ +0.0173  changes   483  9.8 min | val return -6.89% (best +26.42%)
episode 761/1013  eps 0.010  train return  +65.82%  loss 4.41e-05  maxQ +0.0168  changes   477  9.8 min
episode 762/1013  eps 0.010  train return  +19.46%  loss 4.00e-05  maxQ +0.0172  changes   473  9.8 min
episode 763/1013  eps 0.010  train return +116.26%  loss 3.88e-05  maxQ +0.0169  changes   471  9.8 min
episode 764/1013  eps 0.010  train return +307.57%  loss 3.70e-05  maxQ +0.0170  changes   513  9.8 min
episode 765/1013  eps 0.010  train return  +28.41%  loss 4.17e-05  maxQ +0.0169  changes   469  9.8 min
episode 766/1013  eps 0.010  train return +155.96%  loss 4.01e-05  maxQ +0.0170  changes   519  9.8 min
episode 767/1013  eps 0.010  train return  +81.57%  loss 3.93e-05  maxQ +0.0166  changes   510  9.9 min
episode 768/1013  eps 0.010  train return +169.62%  loss 4.07e-05  maxQ +0.0172  changes   502  9.9 min
episode 769/1013  eps 0.010  train return   -1.78%  loss 4.19e-05  maxQ +0.0165  changes   441  9.9 min
episode 770/1013  eps 0.010  train return  +35.22%  loss 3.77e-05  maxQ +0.0160  changes   443  9.9 min | val return -19.62% (best +26.42%)
episode 771/1013  eps 0.010  train return  +97.99%  loss 3.83e-05  maxQ +0.0165  changes   490  9.9 min
episode 772/1013  eps 0.010  train return  +46.06%  loss 4.33e-05  maxQ +0.0167  changes   475  9.9 min
episode 773/1013  eps 0.010  train return +176.33%  loss 3.99e-05  maxQ +0.0171  changes   502  9.9 min
episode 774/1013  eps 0.010  train return +317.81%  loss 4.01e-05  maxQ +0.0174  changes   505  10.0 min
episode 775/1013  eps 0.010  train return  +32.93%  loss 4.08e-05  maxQ +0.0176  changes   447  10.0 min
episode 776/1013  eps 0.010  train return  +57.96%  loss 4.08e-05  maxQ +0.0170  changes   469  10.0 min
episode 777/1013  eps 0.010  train return  +39.82%  loss 4.09e-05  maxQ +0.0171  changes   476  10.0 min
episode 778/1013  eps 0.010  train return +181.43%  loss 4.04e-05  maxQ +0.0171  changes   491  10.0 min
episode 779/1013  eps 0.010  train return +207.30%  loss 3.89e-05  maxQ +0.0171  changes   494  10.0 min
episode 780/1013  eps 0.010  train return  +31.03%  loss 3.87e-05  maxQ +0.0164  changes   430  10.0 min | val return -8.02% (best +26.42%)
episode 781/1013  eps 0.010  train return  +88.05%  loss 3.96e-05  maxQ +0.0167  changes   494  10.1 min
episode 782/1013  eps 0.010  train return  +47.95%  loss 4.01e-05  maxQ +0.0170  changes   456  10.1 min
episode 783/1013  eps 0.010  train return  +29.87%  loss 3.94e-05  maxQ +0.0171  changes   470  10.1 min
episode 784/1013  eps 0.010  train return +125.48%  loss 3.87e-05  maxQ +0.0170  changes   476  10.1 min
episode 785/1013  eps 0.010  train return  +49.89%  loss 4.11e-05  maxQ +0.0169  changes   469  10.1 min
episode 786/1013  eps 0.010  train return +116.04%  loss 4.06e-05  maxQ +0.0169  changes   487  10.1 min
episode 787/1013  eps 0.010  train return   +7.95%  loss 4.08e-05  maxQ +0.0169  changes   395  10.1 min
episode 788/1013  eps 0.010  train return  +18.86%  loss 4.20e-05  maxQ +0.0172  changes   455  10.1 min
episode 789/1013  eps 0.010  train return  +53.10%  loss 3.88e-05  maxQ +0.0164  changes   478  10.1 min
episode 790/1013  eps 0.010  train return +194.03%  loss 3.86e-05  maxQ +0.0168  changes   458  10.2 min | val return -13.49% (best +26.42%)
episode 791/1013  eps 0.010  train return  +49.47%  loss 4.06e-05  maxQ +0.0172  changes   475  10.2 min
episode 792/1013  eps 0.010  train return +198.24%  loss 4.14e-05  maxQ +0.0173  changes   516  10.2 min
episode 793/1013  eps 0.010  train return +249.84%  loss 4.13e-05  maxQ +0.0178  changes   458  10.2 min
episode 794/1013  eps 0.010  train return  +26.01%  loss 4.06e-05  maxQ +0.0174  changes   480  10.2 min
episode 795/1013  eps 0.010  train return +268.28%  loss 3.94e-05  maxQ +0.0168  changes   506  10.2 min
episode 796/1013  eps 0.010  train return +119.28%  loss 4.06e-05  maxQ +0.0173  changes   492  10.2 min
episode 797/1013  eps 0.010  train return +133.79%  loss 4.25e-05  maxQ +0.0172  changes   483  10.2 min
episode 798/1013  eps 0.010  train return +127.71%  loss 4.27e-05  maxQ +0.0173  changes   501  10.2 min
episode 799/1013  eps 0.010  train return +202.24%  loss 4.11e-05  maxQ +0.0172  changes   492  10.3 min
episode 800/1013  eps 0.010  train return  +23.38%  loss 3.85e-05  maxQ +0.0176  changes   469  10.3 min | val return -7.36% (best +26.42%)
episode 801/1013  eps 0.010  train return  +79.07%  loss 4.25e-05  maxQ +0.0183  changes   460  10.3 min
episode 802/1013  eps 0.010  train return  +39.99%  loss 3.92e-05  maxQ +0.0174  changes   468  10.3 min
episode 803/1013  eps 0.010  train return +253.40%  loss 4.02e-05  maxQ +0.0173  changes   489  10.3 min
episode 804/1013  eps 0.010  train return   +5.68%  loss 4.08e-05  maxQ +0.0181  changes   415  10.3 min
episode 805/1013  eps 0.010  train return  +17.34%  loss 4.02e-05  maxQ +0.0177  changes   394  10.3 min
episode 806/1013  eps 0.010  train return  +11.13%  loss 4.33e-05  maxQ +0.0182  changes   471  10.3 min
episode 807/1013  eps 0.010  train return +303.17%  loss 4.16e-05  maxQ +0.0177  changes   493  10.4 min
episode 808/1013  eps 0.010  train return  +67.15%  loss 4.27e-05  maxQ +0.0182  changes   468  10.4 min
episode 809/1013  eps 0.010  train return  +14.19%  loss 4.24e-05  maxQ +0.0177  changes   422  10.4 min
episode 810/1013  eps 0.010  train return  +66.77%  loss 4.02e-05  maxQ +0.0176  changes   472  10.4 min | val return -17.08% (best +26.42%)
episode 811/1013  eps 0.010  train return +320.01%  loss 4.22e-05  maxQ +0.0183  changes   492  10.4 min
episode 812/1013  eps 0.010  train return   +9.47%  loss 4.23e-05  maxQ +0.0179  changes   404  10.4 min
episode 813/1013  eps 0.010  train return +162.60%  loss 4.15e-05  maxQ +0.0182  changes   505  10.4 min
episode 814/1013  eps 0.010  train return  +91.72%  loss 4.33e-05  maxQ +0.0176  changes   461  10.4 min
episode 815/1013  eps 0.010  train return +388.46%  loss 3.97e-05  maxQ +0.0175  changes   492  10.5 min
episode 816/1013  eps 0.010  train return  +37.05%  loss 4.08e-05  maxQ +0.0180  changes   455  10.5 min
episode 817/1013  eps 0.010  train return +102.05%  loss 4.21e-05  maxQ +0.0183  changes   442  10.5 min
episode 818/1013  eps 0.010  train return +157.02%  loss 3.90e-05  maxQ +0.0175  changes   491  10.5 min
episode 819/1013  eps 0.010  train return +117.90%  loss 4.28e-05  maxQ +0.0175  changes   465  10.5 min
episode 820/1013  eps 0.010  train return +215.13%  loss 3.89e-05  maxQ +0.0180  changes   511  10.5 min | val return -5.29% (best +26.42%)
episode 821/1013  eps 0.010  train return  +78.89%  loss 4.25e-05  maxQ +0.0182  changes   513  10.5 min
episode 822/1013  eps 0.010  train return  +30.75%  loss 4.39e-05  maxQ +0.0174  changes   371  10.5 min
episode 823/1013  eps 0.010  train return  +40.10%  loss 4.34e-05  maxQ +0.0173  changes   458  10.6 min
episode 824/1013  eps 0.010  train return  +44.03%  loss 4.28e-05  maxQ +0.0182  changes   466  10.6 min
episode 825/1013  eps 0.010  train return +173.69%  loss 3.86e-05  maxQ +0.0180  changes   498  10.6 min
episode 826/1013  eps 0.010  train return +259.31%  loss 4.54e-05  maxQ +0.0183  changes   486  10.6 min
episode 827/1013  eps 0.010  train return   +7.14%  loss 4.17e-05  maxQ +0.0181  changes   421  10.6 min
episode 828/1013  eps 0.010  train return  +31.09%  loss 4.46e-05  maxQ +0.0186  changes   430  10.6 min
episode 829/1013  eps 0.010  train return +233.39%  loss 4.22e-05  maxQ +0.0181  changes   467  10.6 min
episode 830/1013  eps 0.010  train return +257.88%  loss 4.24e-05  maxQ +0.0174  changes   497  10.6 min | val return -12.75% (best +26.42%)
episode 831/1013  eps 0.010  train return +138.92%  loss 4.25e-05  maxQ +0.0179  changes   466  10.7 min
episode 832/1013  eps 0.010  train return  +28.43%  loss 4.29e-05  maxQ +0.0192  changes   458  10.7 min
episode 833/1013  eps 0.010  train return  +96.42%  loss 4.30e-05  maxQ +0.0180  changes   519  10.7 min
episode 834/1013  eps 0.010  train return +108.51%  loss 4.10e-05  maxQ +0.0173  changes   469  10.7 min
episode 835/1013  eps 0.010  train return +130.61%  loss 4.29e-05  maxQ +0.0169  changes   487  10.7 min
episode 836/1013  eps 0.010  train return  +97.04%  loss 4.19e-05  maxQ +0.0172  changes   467  10.7 min
episode 837/1013  eps 0.010  train return  +25.88%  loss 4.28e-05  maxQ +0.0168  changes   461  10.7 min
episode 838/1013  eps 0.010  train return  +44.73%  loss 4.14e-05  maxQ +0.0174  changes   476  10.8 min
episode 839/1013  eps 0.010  train return +210.74%  loss 4.25e-05  maxQ +0.0177  changes   473  10.8 min
episode 840/1013  eps 0.010  train return  +72.31%  loss 4.46e-05  maxQ +0.0174  changes   489  10.8 min | val return -17.46% (best +26.42%)
episode 841/1013  eps 0.010  train return  +18.71%  loss 4.31e-05  maxQ +0.0172  changes   453  10.8 min
episode 842/1013  eps 0.010  train return  +45.56%  loss 3.99e-05  maxQ +0.0171  changes   430  10.8 min
episode 843/1013  eps 0.010  train return  +72.11%  loss 4.11e-05  maxQ +0.0169  changes   493  10.8 min
episode 844/1013  eps 0.010  train return  +39.15%  loss 3.96e-05  maxQ +0.0169  changes   486  10.8 min
episode 845/1013  eps 0.010  train return  +53.74%  loss 3.86e-05  maxQ +0.0178  changes   467  10.8 min
episode 846/1013  eps 0.010  train return  +18.78%  loss 3.94e-05  maxQ +0.0182  changes   460  10.9 min
episode 847/1013  eps 0.010  train return  +35.56%  loss 3.87e-05  maxQ +0.0178  changes   438  10.9 min
episode 848/1013  eps 0.010  train return  +80.97%  loss 3.84e-05  maxQ +0.0170  changes   450  10.9 min
episode 849/1013  eps 0.010  train return  +27.91%  loss 3.66e-05  maxQ +0.0168  changes   444  10.9 min
episode 850/1013  eps 0.010  train return  +34.50%  loss 4.03e-05  maxQ +0.0171  changes   483  10.9 min | val return -9.44% (best +26.42%)
episode 851/1013  eps 0.010  train return +114.48%  loss 4.15e-05  maxQ +0.0172  changes   468  10.9 min
episode 852/1013  eps 0.010  train return  +51.48%  loss 4.06e-05  maxQ +0.0164  changes   471  10.9 min
episode 853/1013  eps 0.010  train return +311.56%  loss 3.97e-05  maxQ +0.0171  changes   477  11.0 min
episode 854/1013  eps 0.010  train return  +59.21%  loss 4.24e-05  maxQ +0.0181  changes   482  11.0 min
episode 855/1013  eps 0.010  train return +201.25%  loss 4.26e-05  maxQ +0.0185  changes   487  11.0 min
episode 856/1013  eps 0.010  train return +108.96%  loss 4.37e-05  maxQ +0.0177  changes   485  11.0 min
episode 857/1013  eps 0.010  train return  +48.49%  loss 4.23e-05  maxQ +0.0183  changes   446  11.0 min
episode 858/1013  eps 0.010  train return   +2.16%  loss 4.14e-05  maxQ +0.0175  changes   480  11.0 min
episode 859/1013  eps 0.010  train return  +38.07%  loss 3.88e-05  maxQ +0.0171  changes   431  11.0 min
episode 860/1013  eps 0.010  train return +153.40%  loss 4.14e-05  maxQ +0.0178  changes   506  11.0 min | val return -16.08% (best +26.42%)
episode 861/1013  eps 0.010  train return  +21.49%  loss 4.08e-05  maxQ +0.0185  changes   452  11.1 min
episode 862/1013  eps 0.010  train return +159.83%  loss 4.02e-05  maxQ +0.0181  changes   480  11.1 min
episode 863/1013  eps 0.010  train return  +28.82%  loss 3.95e-05  maxQ +0.0178  changes   478  11.1 min
episode 864/1013  eps 0.010  train return +187.55%  loss 4.39e-05  maxQ +0.0185  changes   492  11.1 min
episode 865/1013  eps 0.010  train return +107.88%  loss 4.14e-05  maxQ +0.0177  changes   470  11.1 min
episode 866/1013  eps 0.010  train return  +63.19%  loss 4.22e-05  maxQ +0.0176  changes   453  11.1 min
episode 867/1013  eps 0.010  train return +257.48%  loss 4.17e-05  maxQ +0.0178  changes   476  11.1 min
episode 868/1013  eps 0.010  train return  +83.00%  loss 4.00e-05  maxQ +0.0172  changes   450  11.1 min
episode 869/1013  eps 0.010  train return +102.19%  loss 4.13e-05  maxQ +0.0174  changes   463  11.1 min
episode 870/1013  eps 0.010  train return  +69.86%  loss 3.93e-05  maxQ +0.0174  changes   446  11.2 min | val return -8.56% (best +26.42%)
episode 871/1013  eps 0.010  train return  +21.32%  loss 4.14e-05  maxQ +0.0173  changes   455  11.2 min
episode 872/1013  eps 0.010  train return  +72.47%  loss 4.14e-05  maxQ +0.0179  changes   464  11.2 min
episode 873/1013  eps 0.010  train return +198.68%  loss 3.93e-05  maxQ +0.0174  changes   495  11.2 min
episode 874/1013  eps 0.010  train return  +16.47%  loss 3.99e-05  maxQ +0.0173  changes   442  11.2 min
episode 875/1013  eps 0.010  train return  +32.05%  loss 4.02e-05  maxQ +0.0172  changes   424  11.2 min
episode 876/1013  eps 0.010  train return  +80.49%  loss 4.01e-05  maxQ +0.0173  changes   456  11.2 min
episode 877/1013  eps 0.010  train return +144.92%  loss 3.86e-05  maxQ +0.0173  changes   452  11.2 min
episode 878/1013  eps 0.010  train return +218.14%  loss 3.94e-05  maxQ +0.0171  changes   455  11.3 min
episode 879/1013  eps 0.010  train return   +7.68%  loss 3.75e-05  maxQ +0.0173  changes   419  11.3 min
episode 880/1013  eps 0.010  train return  +27.99%  loss 3.80e-05  maxQ +0.0173  changes   440  11.3 min | val return -26.99% (best +26.42%)
episode 881/1013  eps 0.010  train return  +42.20%  loss 3.78e-05  maxQ +0.0170  changes   415  11.3 min
episode 882/1013  eps 0.010  train return  +29.84%  loss 3.66e-05  maxQ +0.0174  changes   374  11.3 min
episode 883/1013  eps 0.010  train return   +8.34%  loss 3.90e-05  maxQ +0.0177  changes   326  11.3 min
episode 884/1013  eps 0.010  train return  +43.23%  loss 4.00e-05  maxQ +0.0175  changes   443  11.3 min
episode 885/1013  eps 0.010  train return   +9.97%  loss 3.78e-05  maxQ +0.0177  changes   460  11.3 min
episode 886/1013  eps 0.010  train return  +48.14%  loss 3.95e-05  maxQ +0.0174  changes   438  11.3 min
episode 887/1013  eps 0.010  train return  +28.21%  loss 3.57e-05  maxQ +0.0166  changes   423  11.4 min
episode 888/1013  eps 0.010  train return  +81.64%  loss 3.63e-05  maxQ +0.0165  changes   454  11.4 min
episode 889/1013  eps 0.010  train return  +98.17%  loss 3.90e-05  maxQ +0.0173  changes   472  11.4 min
episode 890/1013  eps 0.010  train return  +42.68%  loss 3.69e-05  maxQ +0.0172  changes   397  11.4 min | val return -17.29% (best +26.42%)
episode 891/1013  eps 0.010  train return  +77.99%  loss 3.48e-05  maxQ +0.0169  changes   451  11.4 min
episode 892/1013  eps 0.010  train return   +8.01%  loss 3.67e-05  maxQ +0.0165  changes   396  11.4 min
episode 893/1013  eps 0.010  train return +174.66%  loss 3.63e-05  maxQ +0.0166  changes   478  11.4 min
episode 894/1013  eps 0.010  train return  +28.25%  loss 3.51e-05  maxQ +0.0170  changes   407  11.4 min
episode 895/1013  eps 0.010  train return +101.42%  loss 3.64e-05  maxQ +0.0161  changes   474  11.5 min
episode 896/1013  eps 0.010  train return  +42.94%  loss 3.37e-05  maxQ +0.0154  changes   426  11.5 min
episode 897/1013  eps 0.010  train return +183.94%  loss 3.36e-05  maxQ +0.0159  changes   461  11.5 min
episode 898/1013  eps 0.010  train return +106.18%  loss 3.73e-05  maxQ +0.0155  changes   469  11.5 min
episode 899/1013  eps 0.010  train return  +13.76%  loss 3.32e-05  maxQ +0.0150  changes   460  11.5 min
episode 900/1013  eps 0.010  train return  +44.39%  loss 3.44e-05  maxQ +0.0156  changes   413  11.5 min | val return -1.61% (best +26.42%)
episode 901/1013  eps 0.010  train return  +47.78%  loss 3.48e-05  maxQ +0.0154  changes   387  11.5 min
episode 902/1013  eps 0.010  train return +208.01%  loss 3.53e-05  maxQ +0.0158  changes   465  11.6 min
episode 903/1013  eps 0.010  train return  +80.27%  loss 3.40e-05  maxQ +0.0159  changes   439  11.6 min
episode 904/1013  eps 0.010  train return  +30.50%  loss 3.60e-05  maxQ +0.0157  changes   394  11.6 min
episode 905/1013  eps 0.010  train return  +27.44%  loss 3.31e-05  maxQ +0.0154  changes   439  11.6 min
episode 906/1013  eps 0.010  train return  +23.26%  loss 3.33e-05  maxQ +0.0154  changes   459  11.6 min
episode 907/1013  eps 0.010  train return  +41.50%  loss 3.37e-05  maxQ +0.0156  changes   412  11.6 min
episode 908/1013  eps 0.010  train return  +75.46%  loss 3.22e-05  maxQ +0.0150  changes   462  11.6 min
episode 909/1013  eps 0.010  train return  +37.31%  loss 3.44e-05  maxQ +0.0155  changes   504  11.6 min
episode 910/1013  eps 0.010  train return  +74.98%  loss 3.49e-05  maxQ +0.0154  changes   405  11.6 min | val return -18.84% (best +26.42%)
episode 911/1013  eps 0.010  train return  +46.66%  loss 3.44e-05  maxQ +0.0162  changes   439  11.7 min
episode 912/1013  eps 0.010  train return  +19.70%  loss 3.23e-05  maxQ +0.0156  changes   422  11.7 min
episode 913/1013  eps 0.010  train return  +10.20%  loss 3.42e-05  maxQ +0.0159  changes   443  11.7 min
episode 914/1013  eps 0.010  train return +177.18%  loss 3.39e-05  maxQ +0.0153  changes   449  11.7 min
episode 915/1013  eps 0.010  train return +219.46%  loss 3.44e-05  maxQ +0.0151  changes   496  11.7 min
episode 916/1013  eps 0.010  train return   -6.62%  loss 3.59e-05  maxQ +0.0159  changes   376  11.7 min
episode 917/1013  eps 0.010  train return  +33.73%  loss 3.26e-05  maxQ +0.0150  changes   418  11.7 min
episode 918/1013  eps 0.010  train return +167.50%  loss 3.34e-05  maxQ +0.0154  changes   483  11.7 min
episode 919/1013  eps 0.010  train return +219.04%  loss 3.44e-05  maxQ +0.0155  changes   493  11.7 min
episode 920/1013  eps 0.010  train return  +77.25%  loss 3.56e-05  maxQ +0.0152  changes   449  11.8 min | val return -12.72% (best +26.42%)
episode 921/1013  eps 0.010  train return  +94.91%  loss 3.79e-05  maxQ +0.0158  changes   480  11.8 min
episode 922/1013  eps 0.010  train return  +90.96%  loss 3.72e-05  maxQ +0.0158  changes   468  11.8 min
episode 923/1013  eps 0.010  train return  +21.22%  loss 3.53e-05  maxQ +0.0161  changes   392  11.8 min
episode 924/1013  eps 0.010  train return  +64.16%  loss 3.27e-05  maxQ +0.0161  changes   488  11.8 min
episode 925/1013  eps 0.010  train return  +48.47%  loss 3.24e-05  maxQ +0.0157  changes   446  11.8 min
episode 926/1013  eps 0.010  train return  +85.29%  loss 3.22e-05  maxQ +0.0158  changes   424  11.8 min
episode 927/1013  eps 0.010  train return  +28.28%  loss 3.38e-05  maxQ +0.0158  changes   430  11.8 min
episode 928/1013  eps 0.010  train return  +99.63%  loss 3.40e-05  maxQ +0.0156  changes   456  11.9 min
episode 929/1013  eps 0.010  train return +238.61%  loss 3.39e-05  maxQ +0.0156  changes   469  11.9 min
episode 930/1013  eps 0.010  train return +471.27%  loss 3.73e-05  maxQ +0.0157  changes   505  11.9 min | val return -20.10% (best +26.42%)
episode 931/1013  eps 0.010  train return  +95.04%  loss 3.57e-05  maxQ +0.0156  changes   466  11.9 min
episode 932/1013  eps 0.010  train return  +44.49%  loss 3.27e-05  maxQ +0.0161  changes   401  11.9 min
episode 933/1013  eps 0.010  train return +116.73%  loss 3.15e-05  maxQ +0.0152  changes   470  11.9 min
episode 934/1013  eps 0.010  train return +195.99%  loss 3.52e-05  maxQ +0.0159  changes   464  11.9 min
episode 935/1013  eps 0.010  train return +579.12%  loss 3.43e-05  maxQ +0.0160  changes   470  12.0 min
episode 936/1013  eps 0.010  train return  +83.79%  loss 3.69e-05  maxQ +0.0160  changes   496  12.0 min
episode 937/1013  eps 0.010  train return +469.31%  loss 3.61e-05  maxQ +0.0156  changes   497  12.0 min
episode 938/1013  eps 0.010  train return  +46.78%  loss 3.51e-05  maxQ +0.0157  changes   449  12.0 min
episode 939/1013  eps 0.010  train return +129.19%  loss 3.51e-05  maxQ +0.0160  changes   461  12.0 min
episode 940/1013  eps 0.010  train return  +39.06%  loss 3.42e-05  maxQ +0.0153  changes   437  12.0 min | val return -15.23% (best +26.42%)
episode 941/1013  eps 0.010  train return +909.91%  loss 3.75e-05  maxQ +0.0158  changes   483  12.0 min
episode 942/1013  eps 0.010  train return  +52.59%  loss 3.73e-05  maxQ +0.0159  changes   450  12.0 min
episode 943/1013  eps 0.010  train return  +38.75%  loss 3.68e-05  maxQ +0.0160  changes   444  12.0 min
episode 944/1013  eps 0.010  train return +184.93%  loss 3.70e-05  maxQ +0.0164  changes   461  12.1 min
episode 945/1013  eps 0.010  train return  +96.13%  loss 3.69e-05  maxQ +0.0159  changes   475  12.1 min
episode 946/1013  eps 0.010  train return  +87.56%  loss 3.68e-05  maxQ +0.0159  changes   467  12.1 min
episode 947/1013  eps 0.010  train return  +39.86%  loss 3.77e-05  maxQ +0.0168  changes   450  12.1 min
episode 948/1013  eps 0.010  train return  +41.82%  loss 3.52e-05  maxQ +0.0160  changes   423  12.1 min
episode 949/1013  eps 0.010  train return +126.36%  loss 3.50e-05  maxQ +0.0167  changes   472  12.1 min
episode 950/1013  eps 0.010  train return  +16.21%  loss 3.66e-05  maxQ +0.0162  changes   422  12.1 min | val return -11.86% (best +26.42%)
episode 951/1013  eps 0.010  train return  +25.87%  loss 3.83e-05  maxQ +0.0171  changes   427  12.2 min
episode 952/1013  eps 0.010  train return +403.86%  loss 3.77e-05  maxQ +0.0172  changes   489  12.2 min
episode 953/1013  eps 0.010  train return +248.82%  loss 3.45e-05  maxQ +0.0169  changes   464  12.2 min
episode 954/1013  eps 0.010  train return  +39.67%  loss 3.65e-05  maxQ +0.0174  changes   468  12.2 min
episode 955/1013  eps 0.010  train return +155.62%  loss 3.77e-05  maxQ +0.0170  changes   471  12.2 min
episode 956/1013  eps 0.010  train return +196.44%  loss 3.96e-05  maxQ +0.0178  changes   470  12.2 min
episode 957/1013  eps 0.010  train return  +35.87%  loss 3.64e-05  maxQ +0.0177  changes   417  12.3 min
episode 958/1013  eps 0.010  train return +117.24%  loss 3.91e-05  maxQ +0.0174  changes   477  12.3 min
episode 959/1013  eps 0.010  train return +116.92%  loss 3.94e-05  maxQ +0.0170  changes   456  12.3 min
episode 960/1013  eps 0.010  train return  +16.90%  loss 4.04e-05  maxQ +0.0175  changes   392  12.3 min | val return -19.42% (best +26.42%)
episode 961/1013  eps 0.010  train return  +21.99%  loss 4.29e-05  maxQ +0.0180  changes   415  12.3 min
episode 962/1013  eps 0.010  train return  +61.93%  loss 4.33e-05  maxQ +0.0183  changes   449  12.3 min
episode 963/1013  eps 0.010  train return +199.84%  loss 4.31e-05  maxQ +0.0183  changes   477  12.3 min
episode 964/1013  eps 0.010  train return  +29.73%  loss 4.13e-05  maxQ +0.0181  changes   432  12.4 min
episode 965/1013  eps 0.010  train return  +29.76%  loss 4.02e-05  maxQ +0.0181  changes   442  12.4 min
episode 966/1013  eps 0.010  train return  +94.07%  loss 3.98e-05  maxQ +0.0185  changes   483  12.4 min
episode 967/1013  eps 0.010  train return  +90.74%  loss 4.14e-05  maxQ +0.0183  changes   498  12.4 min
episode 968/1013  eps 0.010  train return +125.70%  loss 4.39e-05  maxQ +0.0196  changes   480  12.4 min
episode 969/1013  eps 0.010  train return +559.01%  loss 4.22e-05  maxQ +0.0186  changes   465  12.4 min
episode 970/1013  eps 0.010  train return +187.81%  loss 4.32e-05  maxQ +0.0184  changes   484  12.4 min | val return -15.39% (best +26.42%)
episode 971/1013  eps 0.010  train return +173.73%  loss 4.10e-05  maxQ +0.0176  changes   502  12.4 min
episode 972/1013  eps 0.010  train return  +48.79%  loss 4.03e-05  maxQ +0.0182  changes   455  12.5 min
episode 973/1013  eps 0.010  train return  +50.67%  loss 4.87e-05  maxQ +0.0183  changes   452  12.5 min
episode 974/1013  eps 0.010  train return  +93.93%  loss 4.55e-05  maxQ +0.0181  changes   453  12.5 min
episode 975/1013  eps 0.010  train return  +29.89%  loss 4.24e-05  maxQ +0.0180  changes   451  12.5 min
episode 976/1013  eps 0.010  train return +217.18%  loss 4.59e-05  maxQ +0.0189  changes   467  12.5 min
episode 977/1013  eps 0.010  train return  +38.24%  loss 4.70e-05  maxQ +0.0186  changes   427  12.5 min
episode 978/1013  eps 0.010  train return  +80.74%  loss 4.20e-05  maxQ +0.0188  changes   490  12.5 min
episode 979/1013  eps 0.010  train return +280.41%  loss 4.62e-05  maxQ +0.0181  changes   506  12.5 min
episode 980/1013  eps 0.010  train return  +76.53%  loss 4.38e-05  maxQ +0.0182  changes   434  12.6 min | val return -16.64% (best +26.42%)
episode 981/1013  eps 0.010  train return +157.62%  loss 4.38e-05  maxQ +0.0190  changes   464  12.6 min
episode 982/1013  eps 0.010  train return  +33.88%  loss 4.51e-05  maxQ +0.0192  changes   418  12.6 min
episode 983/1013  eps 0.010  train return  +53.13%  loss 4.30e-05  maxQ +0.0190  changes   445  12.6 min
episode 984/1013  eps 0.010  train return +111.12%  loss 4.07e-05  maxQ +0.0187  changes   476  12.6 min
episode 985/1013  eps 0.010  train return  +49.23%  loss 4.39e-05  maxQ +0.0187  changes   476  12.6 min
episode 986/1013  eps 0.010  train return  +68.61%  loss 4.36e-05  maxQ +0.0185  changes   467  12.6 min
episode 987/1013  eps 0.010  train return  +38.07%  loss 4.22e-05  maxQ +0.0185  changes   447  12.6 min
episode 988/1013  eps 0.010  train return +142.76%  loss 4.21e-05  maxQ +0.0189  changes   480  12.7 min
episode 989/1013  eps 0.010  train return +320.23%  loss 4.32e-05  maxQ +0.0188  changes   496  12.7 min
episode 990/1013  eps 0.010  train return +121.37%  loss 4.27e-05  maxQ +0.0183  changes   454  12.7 min | val return -11.82% (best +26.42%)
episode 991/1013  eps 0.010  train return  +84.20%  loss 4.24e-05  maxQ +0.0183  changes   451  12.7 min
episode 992/1013  eps 0.010  train return  +57.51%  loss 4.23e-05  maxQ +0.0188  changes   470  12.7 min
episode 993/1013  eps 0.010  train return +154.97%  loss 4.32e-05  maxQ +0.0187  changes   482  12.7 min
episode 994/1013  eps 0.010  train return +142.86%  loss 4.89e-05  maxQ +0.0194  changes   438  12.7 min
episode 995/1013  eps 0.010  train return +161.35%  loss 4.56e-05  maxQ +0.0188  changes   469  12.7 min
episode 996/1013  eps 0.010  train return  +23.45%  loss 4.81e-05  maxQ +0.0191  changes   447  12.7 min
episode 997/1013  eps 0.010  train return  +17.31%  loss 4.39e-05  maxQ +0.0185  changes   451  12.8 min
episode 998/1013  eps 0.010  train return  +89.10%  loss 4.25e-05  maxQ +0.0184  changes   472  12.8 min
episode 999/1013  eps 0.010  train return  +48.78%  loss 4.45e-05  maxQ +0.0187  changes   438  12.8 min
episode 1000/1013  eps 0.010  train return +141.62%  loss 4.34e-05  maxQ +0.0187  changes   450  12.8 min | val return -9.04% (best +26.42%)
episode 1001/1013  eps 0.010  train return  +13.39%  loss 4.36e-05  maxQ +0.0188  changes   439  12.8 min
episode 1002/1013  eps 0.010  train return  +33.65%  loss 4.29e-05  maxQ +0.0187  changes   406  12.8 min
episode 1003/1013  eps 0.010  train return  +53.01%  loss 4.26e-05  maxQ +0.0190  changes   456  12.8 min
episode 1004/1013  eps 0.010  train return +118.93%  loss 4.26e-05  maxQ +0.0190  changes   446  12.8 min
episode 1005/1013  eps 0.010  train return +210.88%  loss 4.14e-05  maxQ +0.0185  changes   502  12.9 min
episode 1006/1013  eps 0.010  train return +577.30%  loss 4.05e-05  maxQ +0.0191  changes   464  12.9 min
episode 1007/1013  eps 0.010  train return +157.29%  loss 4.04e-05  maxQ +0.0185  changes   478  12.9 min
episode 1008/1013  eps 0.010  train return +103.07%  loss 3.97e-05  maxQ +0.0186  changes   484  12.9 min
episode 1009/1013  eps 0.010  train return  +23.92%  loss 4.13e-05  maxQ +0.0182  changes   379  12.9 min
episode 1010/1013  eps 0.010  train return +215.44%  loss 4.10e-05  maxQ +0.0183  changes   437  12.9 min | val return -15.24% (best +26.42%)
episode 1011/1013  eps 0.010  train return  +31.95%  loss 4.20e-05  maxQ +0.0187  changes   407  12.9 min
episode 1012/1013  eps 0.010  train return  +19.71%  loss 4.03e-05  maxQ +0.0187  changes   449  12.9 min
episode 1013/1013  eps 0.010  train return  +59.30%  loss 4.03e-05  maxQ +0.0179  changes   422  13.0 min | val return -25.34% (best +26.42%)
model    env  portfolio_return  excess_return  n_changes
 last    val         -0.252889      -0.210271      938.3
 last val_w1         -0.244992      -0.218077      517.3
 last val_w2          0.006496       0.021930      432.9
 best    val          0.264222       0.306840     1000.8
 best val_w1          0.126887       0.153802      512.8
 best val_w2          0.146847       0.162281      503.7
