Downloaded data: 30,528 candles, 2023-03-25 00:00:00+00:00 to 2026-09-16 23:00:00+00:00; no missing hours
dev_train: 28,152 candles, 2023-04-01 00:00:00+00:00 to 2026-06-16 23:00:00+00:00; no missing hours
val: 1,464 candles, 2026-06-17 00:00:00+00:00 to 2026-08-16 23:00:00+00:00; no missing hours
eval: 744 candles, 2026-08-17 00:00:00+00:00 to 2026-09-16 23:00:00+00:00; no missing hours
episode   1/1013  eps 1.000  train return   -7.57%  loss 2.95e-03  maxQ +0.1929  changes   598  0.0 min
episode   2/1013  eps 0.991  train return   -4.52%  loss 5.94e-04  maxQ +0.1977  changes   569  0.0 min
episode   3/1013  eps 0.982  train return   -9.40%  loss 4.22e-04  maxQ +0.1891  changes   566  0.0 min
episode   4/1013  eps 0.973  train return  -13.74%  loss 3.23e-04  maxQ +0.1800  changes   587  0.1 min
episode   5/1013  eps 0.964  train return  -11.41%  loss 3.37e-04  maxQ +0.1742  changes   580  0.1 min
episode   6/1013  eps 0.955  train return  -19.52%  loss 2.52e-04  maxQ +0.1660  changes   595  0.1 min
episode   7/1013  eps 0.947  train return  -12.21%  loss 2.08e-04  maxQ +0.1582  changes   569  0.1 min
episode   8/1013  eps 0.938  train return  -14.15%  loss 1.87e-04  maxQ +0.1453  changes   603  0.1 min
episode   9/1013  eps 0.929  train return   +2.61%  loss 1.78e-04  maxQ +0.1376  changes   572  0.1 min
episode  10/1013  eps 0.921  train return  -19.66%  loss 1.64e-04  maxQ +0.1320  changes   566  0.1 min | val return -4.04% (best -4.04%)
episode  11/1013  eps 0.913  train return   -5.51%  loss 1.83e-04  maxQ +0.1227  changes   579  0.2 min
episode  12/1013  eps 0.904  train return  -18.61%  loss 1.44e-04  maxQ +0.1122  changes   564  0.2 min
episode  13/1013  eps 0.896  train return   +7.37%  loss 1.46e-04  maxQ +0.1064  changes   585  0.2 min
episode  14/1013  eps 0.888  train return  -22.35%  loss 1.59e-04  maxQ +0.1050  changes   588  0.2 min
episode  15/1013  eps 0.880  train return   -2.82%  loss 1.71e-04  maxQ +0.1009  changes   581  0.2 min
episode  16/1013  eps 0.872  train return   -1.20%  loss 1.41e-04  maxQ +0.0944  changes   597  0.2 min
episode  17/1013  eps 0.864  train return   +8.36%  loss 1.42e-04  maxQ +0.0896  changes   576  0.2 min
episode  18/1013  eps 0.856  train return  +16.30%  loss 1.31e-04  maxQ +0.0849  changes   566  0.2 min
episode  19/1013  eps 0.848  train return  -14.92%  loss 1.19e-04  maxQ +0.0846  changes   562  0.2 min
episode  20/1013  eps 0.841  train return   +9.82%  loss 1.12e-04  maxQ +0.0796  changes   593  0.3 min | val return -18.78% (best -4.04%)
episode  21/1013  eps 0.833  train return  -31.88%  loss 1.26e-04  maxQ +0.0779  changes   550  0.3 min
episode  22/1013  eps 0.825  train return   +5.72%  loss 1.10e-04  maxQ +0.0725  changes   570  0.3 min
episode  23/1013  eps 0.818  train return   -7.43%  loss 9.23e-05  maxQ +0.0725  changes   587  0.3 min
episode  24/1013  eps 0.810  train return  -12.13%  loss 1.13e-04  maxQ +0.0725  changes   575  0.3 min
episode  25/1013  eps 0.803  train return   -9.93%  loss 9.01e-05  maxQ +0.0691  changes   601  0.3 min
episode  26/1013  eps 0.796  train return  -10.95%  loss 1.05e-04  maxQ +0.0676  changes   579  0.3 min
episode  27/1013  eps 0.788  train return  -21.14%  loss 9.15e-05  maxQ +0.0641  changes   586  0.4 min
episode  28/1013  eps 0.781  train return  -16.52%  loss 8.75e-05  maxQ +0.0634  changes   547  0.4 min
episode  29/1013  eps 0.774  train return   -4.57%  loss 8.49e-05  maxQ +0.0606  changes   584  0.4 min
episode  30/1013  eps 0.767  train return  +10.63%  loss 8.91e-05  maxQ +0.0581  changes   557  0.4 min | val return -20.69% (best -4.04%)
episode  31/1013  eps 0.760  train return  +68.27%  loss 7.97e-05  maxQ +0.0569  changes   585  0.4 min
episode  32/1013  eps 0.753  train return  -14.54%  loss 7.31e-05  maxQ +0.0563  changes   571  0.4 min
episode  33/1013  eps 0.746  train return  -17.59%  loss 7.31e-05  maxQ +0.0523  changes   579  0.4 min
episode  34/1013  eps 0.740  train return  -11.02%  loss 6.66e-05  maxQ +0.0538  changes   591  0.4 min
episode  35/1013  eps 0.733  train return  -11.99%  loss 7.56e-05  maxQ +0.0499  changes   570  0.5 min
episode  36/1013  eps 0.726  train return   -8.61%  loss 6.42e-05  maxQ +0.0501  changes   568  0.5 min
episode  37/1013  eps 0.720  train return   -7.64%  loss 8.13e-05  maxQ +0.0497  changes   573  0.5 min
episode  38/1013  eps 0.713  train return  -33.85%  loss 6.16e-05  maxQ +0.0474  changes   562  0.5 min
episode  39/1013  eps 0.707  train return   -0.94%  loss 5.87e-05  maxQ +0.0443  changes   569  0.5 min
episode  40/1013  eps 0.700  train return   -3.29%  loss 5.65e-05  maxQ +0.0416  changes   554  0.5 min | val return -19.52% (best -4.04%)
episode  41/1013  eps 0.694  train return  -10.12%  loss 5.41e-05  maxQ +0.0420  changes   563  0.5 min
episode  42/1013  eps 0.687  train return   -2.96%  loss 5.72e-05  maxQ +0.0422  changes   563  0.6 min
episode  43/1013  eps 0.681  train return  +10.04%  loss 6.50e-05  maxQ +0.0422  changes   576  0.6 min
episode  44/1013  eps 0.675  train return  +10.57%  loss 5.64e-05  maxQ +0.0415  changes   580  0.6 min
episode  45/1013  eps 0.669  train return   -9.25%  loss 5.50e-05  maxQ +0.0397  changes   554  0.6 min
episode  46/1013  eps 0.663  train return   -0.92%  loss 5.53e-05  maxQ +0.0382  changes   572  0.6 min
episode  47/1013  eps 0.657  train return  -17.56%  loss 5.76e-05  maxQ +0.0345  changes   580  0.6 min
episode  48/1013  eps 0.651  train return  +15.77%  loss 4.76e-05  maxQ +0.0343  changes   568  0.6 min
episode  49/1013  eps 0.645  train return  -19.84%  loss 3.99e-05  maxQ +0.0351  changes   556  0.6 min
episode  50/1013  eps 0.639  train return  -11.42%  loss 5.04e-05  maxQ +0.0368  changes   566  0.6 min | val return -42.48% (best -4.04%)
episode  51/1013  eps 0.633  train return  -17.05%  loss 5.29e-05  maxQ +0.0360  changes   573  0.7 min
episode  52/1013  eps 0.627  train return   +1.18%  loss 5.22e-05  maxQ +0.0382  changes   553  0.7 min
episode  53/1013  eps 0.622  train return  +10.51%  loss 5.41e-05  maxQ +0.0367  changes   563  0.7 min
episode  54/1013  eps 0.616  train return   -9.29%  loss 4.97e-05  maxQ +0.0358  changes   567  0.7 min
episode  55/1013  eps 0.610  train return  -13.18%  loss 5.38e-05  maxQ +0.0358  changes   549  0.7 min
episode  56/1013  eps 0.605  train return   -7.03%  loss 4.57e-05  maxQ +0.0344  changes   554  0.7 min
episode  57/1013  eps 0.599  train return   +4.75%  loss 4.81e-05  maxQ +0.0347  changes   531  0.7 min
episode  58/1013  eps 0.594  train return  -11.16%  loss 5.27e-05  maxQ +0.0323  changes   534  0.8 min
episode  59/1013  eps 0.588  train return  -17.30%  loss 4.53e-05  maxQ +0.0314  changes   572  0.8 min
episode  60/1013  eps 0.583  train return  +32.59%  loss 4.83e-05  maxQ +0.0321  changes   537  0.8 min | val return -29.10% (best -4.04%)
episode  61/1013  eps 0.578  train return   +3.81%  loss 4.62e-05  maxQ +0.0336  changes   565  0.8 min
episode  62/1013  eps 0.573  train return  +17.12%  loss 4.59e-05  maxQ +0.0302  changes   549  0.8 min
episode  63/1013  eps 0.567  train return   -9.36%  loss 4.32e-05  maxQ +0.0293  changes   553  0.8 min
episode  64/1013  eps 0.562  train return  +56.91%  loss 4.18e-05  maxQ +0.0292  changes   561  0.8 min
episode  65/1013  eps 0.557  train return   +5.22%  loss 4.19e-05  maxQ +0.0297  changes   558  0.9 min
episode  66/1013  eps 0.552  train return  -17.56%  loss 4.50e-05  maxQ +0.0283  changes   553  0.9 min
episode  67/1013  eps 0.547  train return   +3.95%  loss 4.77e-05  maxQ +0.0283  changes   546  0.9 min
episode  68/1013  eps 0.542  train return  +33.67%  loss 3.83e-05  maxQ +0.0277  changes   541  0.9 min
episode  69/1013  eps 0.537  train return  +10.13%  loss 4.09e-05  maxQ +0.0283  changes   547  0.9 min
episode  70/1013  eps 0.532  train return  +20.88%  loss 4.36e-05  maxQ +0.0259  changes   563  0.9 min | val return -12.67% (best -4.04%)
episode  71/1013  eps 0.527  train return   -9.89%  loss 3.65e-05  maxQ +0.0243  changes   566  0.9 min
episode  72/1013  eps 0.523  train return   +1.92%  loss 3.57e-05  maxQ +0.0242  changes   539  1.0 min
episode  73/1013  eps 0.518  train return   -8.73%  loss 3.67e-05  maxQ +0.0240  changes   563  1.0 min
episode  74/1013  eps 0.513  train return  +22.03%  loss 3.53e-05  maxQ +0.0237  changes   543  1.0 min
episode  75/1013  eps 0.508  train return  -21.09%  loss 3.78e-05  maxQ +0.0239  changes   512  1.0 min
episode  76/1013  eps 0.504  train return   +0.94%  loss 3.56e-05  maxQ +0.0232  changes   553  1.0 min
episode  77/1013  eps 0.499  train return  +12.37%  loss 3.71e-05  maxQ +0.0229  changes   559  1.0 min
episode  78/1013  eps 0.495  train return   +6.55%  loss 3.83e-05  maxQ +0.0210  changes   522  1.0 min
episode  79/1013  eps 0.490  train return  +50.09%  loss 3.84e-05  maxQ +0.0209  changes   546  1.0 min
episode  80/1013  eps 0.486  train return  -17.69%  loss 3.79e-05  maxQ +0.0222  changes   533  1.1 min | val return -23.58% (best -4.04%)
episode  81/1013  eps 0.481  train return   -2.99%  loss 3.83e-05  maxQ +0.0234  changes   547  1.1 min
episode  82/1013  eps 0.477  train return   +2.03%  loss 3.78e-05  maxQ +0.0239  changes   527  1.1 min
episode  83/1013  eps 0.473  train return  -15.96%  loss 4.20e-05  maxQ +0.0255  changes   531  1.1 min
episode  84/1013  eps 0.468  train return  -10.58%  loss 3.81e-05  maxQ +0.0228  changes   533  1.1 min
episode  85/1013  eps 0.464  train return   +0.11%  loss 3.67e-05  maxQ +0.0218  changes   528  1.1 min
episode  86/1013  eps 0.460  train return  +28.84%  loss 3.72e-05  maxQ +0.0223  changes   525  1.1 min
episode  87/1013  eps 0.456  train return   +2.89%  loss 3.37e-05  maxQ +0.0216  changes   544  1.1 min
episode  88/1013  eps 0.451  train return   +9.84%  loss 3.40e-05  maxQ +0.0234  changes   547  1.2 min
episode  89/1013  eps 0.447  train return  -18.32%  loss 4.05e-05  maxQ +0.0212  changes   545  1.2 min
episode  90/1013  eps 0.443  train return  +21.45%  loss 3.37e-05  maxQ +0.0205  changes   510  1.2 min | val return -16.45% (best -4.04%)
episode  91/1013  eps 0.439  train return  +24.51%  loss 3.38e-05  maxQ +0.0192  changes   523  1.2 min
episode  92/1013  eps 0.435  train return  +11.81%  loss 3.84e-05  maxQ +0.0196  changes   536  1.2 min
episode  93/1013  eps 0.431  train return  -13.52%  loss 3.56e-05  maxQ +0.0193  changes   516  1.2 min
episode  94/1013  eps 0.427  train return  +11.01%  loss 3.41e-05  maxQ +0.0189  changes   532  1.2 min
episode  95/1013  eps 0.423  train return  +29.85%  loss 3.51e-05  maxQ +0.0187  changes   545  1.3 min
episode  96/1013  eps 0.420  train return   -6.27%  loss 3.55e-05  maxQ +0.0193  changes   513  1.3 min
episode  97/1013  eps 0.416  train return   +1.25%  loss 3.49e-05  maxQ +0.0208  changes   546  1.3 min
episode  98/1013  eps 0.412  train return   +1.31%  loss 3.68e-05  maxQ +0.0202  changes   510  1.3 min
episode  99/1013  eps 0.408  train return  -15.93%  loss 3.50e-05  maxQ +0.0212  changes   527  1.3 min
episode 100/1013  eps 0.405  train return  +15.05%  loss 3.33e-05  maxQ +0.0195  changes   531  1.3 min | val return -15.29% (best -4.04%)
episode 101/1013  eps 0.401  train return  -18.90%  loss 3.50e-05  maxQ +0.0196  changes   522  1.3 min
episode 102/1013  eps 0.397  train return  +10.71%  loss 3.45e-05  maxQ +0.0186  changes   527  1.3 min
episode 103/1013  eps 0.394  train return   -9.68%  loss 3.28e-05  maxQ +0.0184  changes   529  1.4 min
episode 104/1013  eps 0.390  train return   +1.64%  loss 3.20e-05  maxQ +0.0181  changes   532  1.4 min
episode 105/1013  eps 0.386  train return  -10.64%  loss 3.34e-05  maxQ +0.0189  changes   514  1.4 min
episode 106/1013  eps 0.383  train return  +14.02%  loss 3.31e-05  maxQ +0.0167  changes   515  1.4 min
episode 107/1013  eps 0.379  train return   -8.32%  loss 3.23e-05  maxQ +0.0162  changes   530  1.4 min
episode 108/1013  eps 0.376  train return   -3.04%  loss 3.41e-05  maxQ +0.0171  changes   518  1.4 min
episode 109/1013  eps 0.373  train return   -1.09%  loss 3.32e-05  maxQ +0.0189  changes   511  1.4 min
episode 110/1013  eps 0.369  train return   +4.93%  loss 3.34e-05  maxQ +0.0175  changes   543  1.4 min | val return -29.68% (best -4.04%)
episode 111/1013  eps 0.366  train return   -8.49%  loss 3.91e-05  maxQ +0.0180  changes   491  1.5 min
episode 112/1013  eps 0.363  train return  +19.72%  loss 3.56e-05  maxQ +0.0180  changes   524  1.5 min
episode 113/1013  eps 0.359  train return   +5.39%  loss 3.69e-05  maxQ +0.0177  changes   519  1.5 min
episode 114/1013  eps 0.356  train return  +11.31%  loss 3.60e-05  maxQ +0.0183  changes   503  1.5 min
episode 115/1013  eps 0.353  train return   -9.71%  loss 3.74e-05  maxQ +0.0186  changes   523  1.5 min
episode 116/1013  eps 0.349  train return  -17.64%  loss 3.42e-05  maxQ +0.0177  changes   547  1.5 min
episode 117/1013  eps 0.346  train return   +9.58%  loss 3.67e-05  maxQ +0.0175  changes   489  1.5 min
episode 118/1013  eps 0.343  train return   +2.33%  loss 3.26e-05  maxQ +0.0172  changes   498  1.6 min
episode 119/1013  eps 0.340  train return   -1.38%  loss 3.40e-05  maxQ +0.0172  changes   507  1.6 min
episode 120/1013  eps 0.337  train return  +51.97%  loss 3.55e-05  maxQ +0.0168  changes   542  1.6 min | val return -21.77% (best -4.04%)
episode 121/1013  eps 0.334  train return   -2.26%  loss 3.24e-05  maxQ +0.0152  changes   525  1.6 min
episode 122/1013  eps 0.331  train return  +22.79%  loss 3.50e-05  maxQ +0.0167  changes   519  1.6 min
episode 123/1013  eps 0.328  train return   +3.75%  loss 3.61e-05  maxQ +0.0172  changes   515  1.6 min
episode 124/1013  eps 0.325  train return  +26.18%  loss 3.63e-05  maxQ +0.0164  changes   513  1.6 min
episode 125/1013  eps 0.322  train return  +10.56%  loss 3.21e-05  maxQ +0.0161  changes   535  1.7 min
episode 126/1013  eps 0.319  train return  -16.04%  loss 3.32e-05  maxQ +0.0164  changes   489  1.7 min
episode 127/1013  eps 0.316  train return  +50.78%  loss 3.33e-05  maxQ +0.0156  changes   523  1.7 min
episode 128/1013  eps 0.313  train return  +11.40%  loss 3.42e-05  maxQ +0.0165  changes   521  1.7 min
episode 129/1013  eps 0.310  train return  -14.16%  loss 3.60e-05  maxQ +0.0149  changes   510  1.7 min
episode 130/1013  eps 0.308  train return  +46.50%  loss 3.55e-05  maxQ +0.0153  changes   528  1.7 min | val return -28.83% (best -4.04%)
episode 131/1013  eps 0.305  train return   -8.36%  loss 3.53e-05  maxQ +0.0149  changes   534  1.7 min
episode 132/1013  eps 0.302  train return  +22.70%  loss 3.51e-05  maxQ +0.0156  changes   502  1.8 min
episode 133/1013  eps 0.299  train return  +28.68%  loss 3.73e-05  maxQ +0.0165  changes   511  1.8 min
episode 134/1013  eps 0.296  train return  +11.64%  loss 3.62e-05  maxQ +0.0161  changes   504  1.8 min
episode 135/1013  eps 0.294  train return  +23.82%  loss 3.25e-05  maxQ +0.0160  changes   494  1.8 min
episode 136/1013  eps 0.291  train return   +3.09%  loss 3.46e-05  maxQ +0.0154  changes   530  1.8 min
episode 137/1013  eps 0.288  train return  +48.59%  loss 3.59e-05  maxQ +0.0157  changes   497  1.8 min
episode 138/1013  eps 0.286  train return  +25.63%  loss 3.47e-05  maxQ +0.0156  changes   496  1.8 min
episode 139/1013  eps 0.283  train return  +18.87%  loss 3.64e-05  maxQ +0.0154  changes   502  1.9 min
episode 140/1013  eps 0.281  train return  +11.10%  loss 3.97e-05  maxQ +0.0163  changes   478  1.9 min | val return -6.05% (best -4.04%)
episode 141/1013  eps 0.278  train return  +40.29%  loss 3.53e-05  maxQ +0.0173  changes   517  1.9 min
episode 142/1013  eps 0.276  train return  +15.25%  loss 3.67e-05  maxQ +0.0167  changes   506  1.9 min
episode 143/1013  eps 0.273  train return  -16.47%  loss 3.60e-05  maxQ +0.0170  changes   492  1.9 min
episode 144/1013  eps 0.271  train return   -7.62%  loss 3.81e-05  maxQ +0.0181  changes   469  1.9 min
episode 145/1013  eps 0.268  train return   -2.11%  loss 3.62e-05  maxQ +0.0167  changes   475  1.9 min
episode 146/1013  eps 0.266  train return  -16.37%  loss 3.49e-05  maxQ +0.0168  changes   486  2.0 min
episode 147/1013  eps 0.263  train return  +64.04%  loss 3.32e-05  maxQ +0.0160  changes   502  2.0 min
episode 148/1013  eps 0.261  train return  -18.51%  loss 3.45e-05  maxQ +0.0154  changes   494  2.0 min
episode 149/1013  eps 0.258  train return   -1.80%  loss 4.03e-05  maxQ +0.0149  changes   476  2.0 min
episode 150/1013  eps 0.256  train return  +90.33%  loss 3.49e-05  maxQ +0.0147  changes   479  2.0 min | val return -35.61% (best -4.04%)
episode 151/1013  eps 0.254  train return  +19.08%  loss 3.76e-05  maxQ +0.0156  changes   506  2.0 min
episode 152/1013  eps 0.251  train return   -5.37%  loss 3.90e-05  maxQ +0.0144  changes   479  2.0 min
episode 153/1013  eps 0.249  train return  +52.68%  loss 3.93e-05  maxQ +0.0149  changes   479  2.1 min
episode 154/1013  eps 0.247  train return  +28.62%  loss 4.31e-05  maxQ +0.0157  changes   511  2.1 min
episode 155/1013  eps 0.245  train return   -4.48%  loss 3.97e-05  maxQ +0.0151  changes   503  2.1 min
episode 156/1013  eps 0.242  train return  +26.45%  loss 3.79e-05  maxQ +0.0161  changes   479  2.1 min
episode 157/1013  eps 0.240  train return   +9.31%  loss 3.75e-05  maxQ +0.0152  changes   508  2.1 min
episode 158/1013  eps 0.238  train return   +1.91%  loss 3.68e-05  maxQ +0.0152  changes   483  2.1 min
episode 159/1013  eps 0.236  train return  -12.52%  loss 3.64e-05  maxQ +0.0151  changes   508  2.1 min
episode 160/1013  eps 0.234  train return  +33.24%  loss 3.92e-05  maxQ +0.0160  changes   500  2.1 min | val return -42.52% (best -4.04%)
episode 161/1013  eps 0.232  train return   +2.78%  loss 4.35e-05  maxQ +0.0163  changes   467  2.2 min
episode 162/1013  eps 0.230  train return  +12.13%  loss 3.77e-05  maxQ +0.0170  changes   519  2.2 min
episode 163/1013  eps 0.227  train return  +38.59%  loss 3.76e-05  maxQ +0.0176  changes   498  2.2 min
episode 164/1013  eps 0.225  train return  +12.83%  loss 3.74e-05  maxQ +0.0158  changes   485  2.2 min
episode 165/1013  eps 0.223  train return  -11.65%  loss 3.64e-05  maxQ +0.0151  changes   525  2.2 min
episode 166/1013  eps 0.221  train return  +11.55%  loss 3.64e-05  maxQ +0.0146  changes   515  2.2 min
episode 167/1013  eps 0.219  train return   +1.21%  loss 3.59e-05  maxQ +0.0145  changes   506  2.3 min
episode 168/1013  eps 0.217  train return   -4.05%  loss 3.72e-05  maxQ +0.0145  changes   504  2.3 min
episode 169/1013  eps 0.215  train return   +0.11%  loss 4.16e-05  maxQ +0.0153  changes   495  2.3 min
episode 170/1013  eps 0.213  train return  +24.20%  loss 3.70e-05  maxQ +0.0152  changes   495  2.3 min | val return -37.42% (best -4.04%)
episode 171/1013  eps 0.211  train return  -12.00%  loss 3.83e-05  maxQ +0.0152  changes   489  2.3 min
episode 172/1013  eps 0.209  train return   -9.32%  loss 3.94e-05  maxQ +0.0157  changes   484  2.3 min
episode 173/1013  eps 0.208  train return  +37.10%  loss 4.18e-05  maxQ +0.0162  changes   467  2.3 min
episode 174/1013  eps 0.206  train return  +45.87%  loss 3.96e-05  maxQ +0.0165  changes   485  2.4 min
episode 175/1013  eps 0.204  train return  +18.36%  loss 3.67e-05  maxQ +0.0170  changes   477  2.4 min
episode 176/1013  eps 0.202  train return +188.10%  loss 3.95e-05  maxQ +0.0175  changes   499  2.4 min
episode 177/1013  eps 0.200  train return  +52.05%  loss 3.86e-05  maxQ +0.0163  changes   474  2.4 min
episode 178/1013  eps 0.198  train return   +8.37%  loss 3.69e-05  maxQ +0.0158  changes   513  2.4 min
episode 179/1013  eps 0.196  train return  +11.33%  loss 4.01e-05  maxQ +0.0166  changes   502  2.4 min
episode 180/1013  eps 0.195  train return  +31.52%  loss 4.02e-05  maxQ +0.0157  changes   471  2.4 min | val return -6.58% (best -4.04%)
episode 181/1013  eps 0.193  train return +102.28%  loss 4.24e-05  maxQ +0.0164  changes   437  2.5 min
episode 182/1013  eps 0.191  train return   -3.35%  loss 4.02e-05  maxQ +0.0163  changes   453  2.5 min
episode 183/1013  eps 0.189  train return  +56.87%  loss 4.19e-05  maxQ +0.0158  changes   487  2.5 min
episode 184/1013  eps 0.188  train return  +13.73%  loss 4.04e-05  maxQ +0.0158  changes   498  2.5 min
episode 185/1013  eps 0.186  train return  +16.67%  loss 4.45e-05  maxQ +0.0165  changes   478  2.5 min
episode 186/1013  eps 0.184  train return  +26.33%  loss 3.95e-05  maxQ +0.0160  changes   477  2.5 min
episode 187/1013  eps 0.183  train return   -8.68%  loss 4.14e-05  maxQ +0.0170  changes   465  2.6 min
episode 188/1013  eps 0.181  train return  +60.86%  loss 4.76e-05  maxQ +0.0175  changes   499  2.6 min
episode 189/1013  eps 0.179  train return   +5.94%  loss 4.71e-05  maxQ +0.0173  changes   461  2.6 min
episode 190/1013  eps 0.178  train return  +72.71%  loss 4.09e-05  maxQ +0.0174  changes   498  2.6 min | val return -18.96% (best -4.04%)
episode 191/1013  eps 0.176  train return   +5.12%  loss 4.38e-05  maxQ +0.0173  changes   487  2.6 min
episode 192/1013  eps 0.174  train return  +54.90%  loss 4.67e-05  maxQ +0.0180  changes   489  2.6 min
episode 193/1013  eps 0.173  train return  +28.91%  loss 4.88e-05  maxQ +0.0181  changes   501  2.6 min
episode 194/1013  eps 0.171  train return   +3.74%  loss 4.33e-05  maxQ +0.0185  changes   476  2.7 min
episode 195/1013  eps 0.170  train return   -2.42%  loss 4.23e-05  maxQ +0.0176  changes   435  2.7 min
episode 196/1013  eps 0.168  train return   +8.32%  loss 3.99e-05  maxQ +0.0167  changes   506  2.7 min
episode 197/1013  eps 0.167  train return  +23.48%  loss 4.21e-05  maxQ +0.0164  changes   445  2.7 min
episode 198/1013  eps 0.165  train return   +4.96%  loss 4.30e-05  maxQ +0.0160  changes   472  2.7 min
episode 199/1013  eps 0.164  train return  +56.79%  loss 4.36e-05  maxQ +0.0163  changes   519  2.7 min
episode 200/1013  eps 0.162  train return   -7.74%  loss 4.16e-05  maxQ +0.0167  changes   426  2.8 min | val return -42.29% (best -4.04%)
episode 201/1013  eps 0.161  train return  +56.58%  loss 4.07e-05  maxQ +0.0160  changes   466  2.8 min
episode 202/1013  eps 0.159  train return  +61.83%  loss 4.04e-05  maxQ +0.0156  changes   502  2.8 min
episode 203/1013  eps 0.158  train return   +3.77%  loss 4.26e-05  maxQ +0.0156  changes   466  2.8 min
episode 204/1013  eps 0.156  train return  +44.04%  loss 4.64e-05  maxQ +0.0167  changes   458  2.8 min
episode 205/1013  eps 0.155  train return  +23.39%  loss 4.22e-05  maxQ +0.0162  changes   496  2.8 min
episode 206/1013  eps 0.154  train return   +8.65%  loss 4.41e-05  maxQ +0.0156  changes   487  2.8 min
episode 207/1013  eps 0.152  train return  +39.71%  loss 4.42e-05  maxQ +0.0157  changes   495  2.9 min
episode 208/1013  eps 0.151  train return  -10.38%  loss 4.70e-05  maxQ +0.0164  changes   454  2.9 min
episode 209/1013  eps 0.149  train return  +23.92%  loss 4.29e-05  maxQ +0.0169  changes   438  2.9 min
episode 210/1013  eps 0.148  train return  +41.82%  loss 4.54e-05  maxQ +0.0171  changes   499  2.9 min | val return -48.89% (best -4.04%)
episode 211/1013  eps 0.147  train return  +17.19%  loss 4.46e-05  maxQ +0.0177  changes   444  2.9 min
episode 212/1013  eps 0.145  train return  -11.82%  loss 4.41e-05  maxQ +0.0179  changes   484  2.9 min
episode 213/1013  eps 0.144  train return  +49.09%  loss 4.62e-05  maxQ +0.0184  changes   497  3.0 min
episode 214/1013  eps 0.143  train return   -8.52%  loss 5.43e-05  maxQ +0.0184  changes   438  3.0 min
episode 215/1013  eps 0.141  train return  +13.44%  loss 4.47e-05  maxQ +0.0176  changes   519  3.0 min
episode 216/1013  eps 0.140  train return   +7.58%  loss 4.83e-05  maxQ +0.0175  changes   473  3.0 min
episode 217/1013  eps 0.139  train return  +14.43%  loss 5.01e-05  maxQ +0.0169  changes   490  3.0 min
episode 218/1013  eps 0.138  train return   -0.64%  loss 4.40e-05  maxQ +0.0174  changes   483  3.0 min
episode 219/1013  eps 0.136  train return   -9.09%  loss 3.96e-05  maxQ +0.0171  changes   499  3.0 min
episode 220/1013  eps 0.135  train return   -2.41%  loss 4.16e-05  maxQ +0.0176  changes   500  3.1 min | val return -20.25% (best -4.04%)
episode 221/1013  eps 0.134  train return   +2.32%  loss 4.31e-05  maxQ +0.0172  changes   497  3.1 min
episode 222/1013  eps 0.133  train return  +64.98%  loss 4.50e-05  maxQ +0.0176  changes   479  3.1 min
episode 223/1013  eps 0.131  train return  +34.10%  loss 4.55e-05  maxQ +0.0178  changes   502  3.1 min
episode 224/1013  eps 0.130  train return  +13.17%  loss 4.51e-05  maxQ +0.0180  changes   506  3.1 min
episode 225/1013  eps 0.129  train return   +7.77%  loss 4.44e-05  maxQ +0.0177  changes   481  3.1 min
episode 226/1013  eps 0.128  train return  +83.90%  loss 4.24e-05  maxQ +0.0172  changes   499  3.1 min
episode 227/1013  eps 0.127  train return  +29.83%  loss 4.45e-05  maxQ +0.0164  changes   460  3.2 min
episode 228/1013  eps 0.126  train return  +68.33%  loss 4.61e-05  maxQ +0.0176  changes   506  3.2 min
episode 229/1013  eps 0.124  train return  +80.34%  loss 5.13e-05  maxQ +0.0177  changes   513  3.2 min
episode 230/1013  eps 0.123  train return  +42.40%  loss 4.30e-05  maxQ +0.0178  changes   495  3.2 min | val return -25.72% (best -4.04%)
episode 231/1013  eps 0.122  train return  +77.48%  loss 4.58e-05  maxQ +0.0170  changes   490  3.2 min
episode 232/1013  eps 0.121  train return  +82.08%  loss 4.95e-05  maxQ +0.0174  changes   508  3.3 min
episode 233/1013  eps 0.120  train return  +53.80%  loss 4.52e-05  maxQ +0.0163  changes   493  3.3 min
episode 234/1013  eps 0.119  train return  +29.57%  loss 4.69e-05  maxQ +0.0173  changes   493  3.3 min
episode 235/1013  eps 0.118  train return   +9.49%  loss 4.36e-05  maxQ +0.0170  changes   449  3.3 min
episode 236/1013  eps 0.117  train return  +21.68%  loss 4.33e-05  maxQ +0.0166  changes   497  3.3 min
episode 237/1013  eps 0.116  train return  +11.56%  loss 4.25e-05  maxQ +0.0163  changes   473  3.3 min
episode 238/1013  eps 0.115  train return  +54.00%  loss 4.46e-05  maxQ +0.0167  changes   486  3.3 min
episode 239/1013  eps 0.114  train return  +42.59%  loss 4.71e-05  maxQ +0.0178  changes   508  3.4 min
episode 240/1013  eps 0.112  train return +180.68%  loss 4.94e-05  maxQ +0.0169  changes   523  3.4 min | val return -26.42% (best -4.04%)
episode 241/1013  eps 0.111  train return  +17.02%  loss 4.55e-05  maxQ +0.0162  changes   510  3.4 min
episode 242/1013  eps 0.110  train return  +12.32%  loss 4.89e-05  maxQ +0.0171  changes   483  3.4 min
episode 243/1013  eps 0.109  train return  +49.26%  loss 5.07e-05  maxQ +0.0174  changes   518  3.4 min
episode 244/1013  eps 0.108  train return   -6.18%  loss 5.00e-05  maxQ +0.0175  changes   445  3.4 min
episode 245/1013  eps 0.107  train return  +46.32%  loss 4.37e-05  maxQ +0.0168  changes   493  3.5 min
episode 246/1013  eps 0.106  train return  +61.50%  loss 4.27e-05  maxQ +0.0173  changes   483  3.5 min
episode 247/1013  eps 0.106  train return   +5.81%  loss 4.34e-05  maxQ +0.0177  changes   475  3.5 min
episode 248/1013  eps 0.105  train return  +50.89%  loss 4.34e-05  maxQ +0.0176  changes   531  3.5 min
episode 249/1013  eps 0.104  train return  +15.65%  loss 4.41e-05  maxQ +0.0179  changes   478  3.5 min
episode 250/1013  eps 0.103  train return   -2.84%  loss 5.00e-05  maxQ +0.0179  changes   477  3.5 min | val return -1.67% (best -1.67%)
episode 251/1013  eps 0.102  train return  +16.99%  loss 4.67e-05  maxQ +0.0174  changes   497  3.5 min
episode 252/1013  eps 0.101  train return  +11.00%  loss 4.90e-05  maxQ +0.0169  changes   463  3.6 min
episode 253/1013  eps 0.100  train return  +61.95%  loss 5.12e-05  maxQ +0.0174  changes   483  3.6 min
episode 254/1013  eps 0.099  train return  +45.42%  loss 4.50e-05  maxQ +0.0173  changes   496  3.6 min
episode 255/1013  eps 0.098  train return  +30.84%  loss 4.81e-05  maxQ +0.0167  changes   465  3.6 min
episode 256/1013  eps 0.097  train return  +77.25%  loss 4.90e-05  maxQ +0.0168  changes   510  3.6 min
episode 257/1013  eps 0.096  train return  +12.50%  loss 4.49e-05  maxQ +0.0175  changes   496  3.6 min
episode 258/1013  eps 0.095  train return +141.62%  loss 4.39e-05  maxQ +0.0174  changes   528  3.6 min
episode 259/1013  eps 0.095  train return  +48.69%  loss 4.65e-05  maxQ +0.0172  changes   487  3.7 min
episode 260/1013  eps 0.094  train return  +18.85%  loss 4.70e-05  maxQ +0.0171  changes   478  3.7 min | val return -18.26% (best -1.67%)
episode 261/1013  eps 0.093  train return   -6.64%  loss 4.89e-05  maxQ +0.0183  changes   499  3.7 min
episode 262/1013  eps 0.092  train return  +28.09%  loss 4.89e-05  maxQ +0.0180  changes   492  3.7 min
episode 263/1013  eps 0.091  train return  +26.29%  loss 4.35e-05  maxQ +0.0180  changes   476  3.7 min
episode 264/1013  eps 0.090  train return   +7.54%  loss 4.83e-05  maxQ +0.0181  changes   487  3.7 min
episode 265/1013  eps 0.090  train return  +63.35%  loss 4.40e-05  maxQ +0.0178  changes   516  3.7 min
episode 266/1013  eps 0.089  train return  +42.47%  loss 4.46e-05  maxQ +0.0176  changes   537  3.8 min
episode 267/1013  eps 0.088  train return +104.57%  loss 4.94e-05  maxQ +0.0184  changes   475  3.8 min
episode 268/1013  eps 0.087  train return  +30.31%  loss 4.54e-05  maxQ +0.0177  changes   470  3.8 min
episode 269/1013  eps 0.086  train return   -6.31%  loss 4.34e-05  maxQ +0.0184  changes   424  3.8 min
episode 270/1013  eps 0.086  train return  +45.82%  loss 4.54e-05  maxQ +0.0176  changes   511  3.8 min | val return -36.81% (best -1.67%)
episode 271/1013  eps 0.085  train return   -4.33%  loss 4.41e-05  maxQ +0.0183  changes   473  3.8 min
episode 272/1013  eps 0.084  train return  +91.56%  loss 4.75e-05  maxQ +0.0183  changes   515  3.9 min
episode 273/1013  eps 0.083  train return +110.94%  loss 4.76e-05  maxQ +0.0175  changes   524  3.9 min
episode 274/1013  eps 0.082  train return +154.52%  loss 4.65e-05  maxQ +0.0179  changes   530  3.9 min
episode 275/1013  eps 0.082  train return  +92.08%  loss 4.52e-05  maxQ +0.0172  changes   473  3.9 min
episode 276/1013  eps 0.081  train return  +89.85%  loss 4.83e-05  maxQ +0.0178  changes   502  3.9 min
episode 277/1013  eps 0.080  train return +117.42%  loss 4.34e-05  maxQ +0.0177  changes   514  3.9 min
episode 278/1013  eps 0.079  train return  +26.61%  loss 4.15e-05  maxQ +0.0172  changes   478  3.9 min
episode 279/1013  eps 0.079  train return +190.84%  loss 4.90e-05  maxQ +0.0176  changes   470  4.0 min
episode 280/1013  eps 0.078  train return  +49.93%  loss 4.80e-05  maxQ +0.0176  changes   484  4.0 min | val return -14.48% (best -1.67%)
episode 281/1013  eps 0.077  train return  +51.73%  loss 4.46e-05  maxQ +0.0170  changes   472  4.0 min
episode 282/1013  eps 0.077  train return +158.65%  loss 4.55e-05  maxQ +0.0174  changes   475  4.0 min
episode 283/1013  eps 0.076  train return  +12.00%  loss 4.50e-05  maxQ +0.0171  changes   448  4.0 min
episode 284/1013  eps 0.075  train return   +2.78%  loss 5.17e-05  maxQ +0.0173  changes   494  4.0 min
episode 285/1013  eps 0.075  train return +123.18%  loss 4.76e-05  maxQ +0.0173  changes   509  4.1 min
episode 286/1013  eps 0.074  train return  +35.42%  loss 4.68e-05  maxQ +0.0171  changes   472  4.1 min
episode 287/1013  eps 0.073  train return  +36.49%  loss 4.78e-05  maxQ +0.0170  changes   488  4.1 min
episode 288/1013  eps 0.073  train return  +60.32%  loss 4.82e-05  maxQ +0.0175  changes   479  4.1 min
episode 289/1013  eps 0.072  train return +180.56%  loss 4.80e-05  maxQ +0.0178  changes   495  4.1 min
episode 290/1013  eps 0.071  train return   +4.46%  loss 4.81e-05  maxQ +0.0177  changes   512  4.1 min | val return -28.97% (best -1.67%)
episode 291/1013  eps 0.071  train return   +9.03%  loss 4.96e-05  maxQ +0.0177  changes   481  4.1 min
episode 292/1013  eps 0.070  train return  +46.57%  loss 4.91e-05  maxQ +0.0184  changes   514  4.2 min
episode 293/1013  eps 0.069  train return  +36.89%  loss 4.77e-05  maxQ +0.0187  changes   489  4.2 min
episode 294/1013  eps 0.069  train return   +6.84%  loss 5.26e-05  maxQ +0.0192  changes   478  4.2 min
episode 295/1013  eps 0.068  train return  +55.18%  loss 4.95e-05  maxQ +0.0199  changes   500  4.2 min
episode 296/1013  eps 0.067  train return  +40.05%  loss 4.94e-05  maxQ +0.0189  changes   499  4.2 min
episode 297/1013  eps 0.067  train return  +18.06%  loss 4.72e-05  maxQ +0.0195  changes   465  4.2 min
episode 298/1013  eps 0.066  train return  +39.04%  loss 4.73e-05  maxQ +0.0190  changes   470  4.2 min
episode 299/1013  eps 0.066  train return  +64.67%  loss 4.59e-05  maxQ +0.0187  changes   473  4.2 min
episode 300/1013  eps 0.065  train return  +14.87%  loss 4.74e-05  maxQ +0.0195  changes   472  4.3 min | val return -37.63% (best -1.67%)
episode 301/1013  eps 0.064  train return  +67.40%  loss 4.71e-05  maxQ +0.0193  changes   497  4.3 min
episode 302/1013  eps 0.064  train return  +37.07%  loss 5.13e-05  maxQ +0.0186  changes   498  4.3 min
episode 303/1013  eps 0.063  train return  +40.64%  loss 4.23e-05  maxQ +0.0182  changes   468  4.3 min
episode 304/1013  eps 0.063  train return  +67.03%  loss 4.46e-05  maxQ +0.0176  changes   485  4.3 min
episode 305/1013  eps 0.062  train return +186.03%  loss 4.70e-05  maxQ +0.0179  changes   508  4.3 min
episode 306/1013  eps 0.062  train return  +65.15%  loss 4.69e-05  maxQ +0.0181  changes   434  4.4 min
episode 307/1013  eps 0.061  train return  +74.83%  loss 4.94e-05  maxQ +0.0181  changes   499  4.4 min
episode 308/1013  eps 0.060  train return  +79.53%  loss 4.65e-05  maxQ +0.0188  changes   471  4.4 min
episode 309/1013  eps 0.060  train return +156.41%  loss 4.68e-05  maxQ +0.0185  changes   501  4.4 min
episode 310/1013  eps 0.059  train return +194.18%  loss 4.88e-05  maxQ +0.0182  changes   514  4.4 min | val return -43.13% (best -1.67%)
episode 311/1013  eps 0.059  train return  +94.92%  loss 4.83e-05  maxQ +0.0176  changes   502  4.4 min
episode 312/1013  eps 0.058  train return +150.30%  loss 4.64e-05  maxQ +0.0190  changes   468  4.4 min
episode 313/1013  eps 0.058  train return  +86.01%  loss 4.58e-05  maxQ +0.0184  changes   461  4.5 min
episode 314/1013  eps 0.057  train return +138.56%  loss 4.90e-05  maxQ +0.0193  changes   482  4.5 min
episode 315/1013  eps 0.057  train return   +7.11%  loss 4.73e-05  maxQ +0.0184  changes   477  4.5 min
episode 316/1013  eps 0.056  train return  +74.79%  loss 4.91e-05  maxQ +0.0187  changes   494  4.5 min
episode 317/1013  eps 0.056  train return +103.17%  loss 4.97e-05  maxQ +0.0191  changes   493  4.5 min
episode 318/1013  eps 0.055  train return  +42.34%  loss 4.75e-05  maxQ +0.0197  changes   480  4.5 min
episode 319/1013  eps 0.055  train return  +14.02%  loss 4.74e-05  maxQ +0.0201  changes   492  4.5 min
episode 320/1013  eps 0.054  train return   +9.59%  loss 4.60e-05  maxQ +0.0191  changes   502  4.6 min | val return -24.34% (best -1.67%)
episode 321/1013  eps 0.054  train return   +9.07%  loss 4.63e-05  maxQ +0.0199  changes   450  4.6 min
episode 322/1013  eps 0.053  train return  +12.14%  loss 4.74e-05  maxQ +0.0191  changes   469  4.6 min
episode 323/1013  eps 0.053  train return +249.98%  loss 4.67e-05  maxQ +0.0197  changes   504  4.6 min
episode 324/1013  eps 0.052  train return  +53.10%  loss 4.69e-05  maxQ +0.0194  changes   476  4.6 min
episode 325/1013  eps 0.052  train return  +72.54%  loss 4.50e-05  maxQ +0.0179  changes   486  4.6 min
episode 326/1013  eps 0.051  train return   +4.20%  loss 4.80e-05  maxQ +0.0192  changes   464  4.7 min
episode 327/1013  eps 0.051  train return  +61.77%  loss 4.67e-05  maxQ +0.0188  changes   531  4.7 min
episode 328/1013  eps 0.050  train return  +55.80%  loss 4.81e-05  maxQ +0.0194  changes   512  4.7 min
episode 329/1013  eps 0.050  train return  +35.19%  loss 4.64e-05  maxQ +0.0194  changes   479  4.7 min
episode 330/1013  eps 0.049  train return  +84.37%  loss 4.69e-05  maxQ +0.0192  changes   471  4.7 min | val return -30.89% (best -1.67%)
episode 331/1013  eps 0.049  train return   -3.54%  loss 4.87e-05  maxQ +0.0190  changes   443  4.7 min
episode 332/1013  eps 0.049  train return +105.24%  loss 4.60e-05  maxQ +0.0189  changes   502  4.8 min
episode 333/1013  eps 0.048  train return  +56.70%  loss 4.77e-05  maxQ +0.0192  changes   496  4.8 min
episode 334/1013  eps 0.048  train return +142.92%  loss 4.61e-05  maxQ +0.0198  changes   516  4.8 min
episode 335/1013  eps 0.047  train return +107.70%  loss 4.98e-05  maxQ +0.0198  changes   479  4.8 min
episode 336/1013  eps 0.047  train return +180.90%  loss 5.26e-05  maxQ +0.0201  changes   480  4.8 min
episode 337/1013  eps 0.046  train return +201.65%  loss 5.17e-05  maxQ +0.0204  changes   514  4.8 min
episode 338/1013  eps 0.046  train return  -17.50%  loss 5.08e-05  maxQ +0.0206  changes   474  4.8 min
episode 339/1013  eps 0.046  train return  +62.90%  loss 5.03e-05  maxQ +0.0199  changes   504  4.8 min
episode 340/1013  eps 0.045  train return  +15.63%  loss 4.88e-05  maxQ +0.0203  changes   488  4.9 min | val return -25.88% (best -1.67%)
episode 341/1013  eps 0.045  train return  +70.01%  loss 4.83e-05  maxQ +0.0200  changes   453  4.9 min
episode 342/1013  eps 0.044  train return  +12.43%  loss 4.94e-05  maxQ +0.0199  changes   466  4.9 min
episode 343/1013  eps 0.044  train return  +60.99%  loss 5.27e-05  maxQ +0.0201  changes   498  4.9 min
episode 344/1013  eps 0.043  train return  +98.59%  loss 5.01e-05  maxQ +0.0195  changes   510  4.9 min
episode 345/1013  eps 0.043  train return  +23.32%  loss 5.12e-05  maxQ +0.0196  changes   464  4.9 min
episode 346/1013  eps 0.043  train return  +49.78%  loss 4.69e-05  maxQ +0.0194  changes   499  5.0 min
episode 347/1013  eps 0.042  train return  +19.64%  loss 4.94e-05  maxQ +0.0199  changes   474  5.0 min
episode 348/1013  eps 0.042  train return  +46.44%  loss 5.32e-05  maxQ +0.0196  changes   489  5.0 min
episode 349/1013  eps 0.042  train return  +29.78%  loss 4.90e-05  maxQ +0.0191  changes   466  5.0 min
episode 350/1013  eps 0.041  train return  +19.90%  loss 4.52e-05  maxQ +0.0186  changes   497  5.0 min | val return -26.38% (best -1.67%)
episode 351/1013  eps 0.041  train return +199.02%  loss 4.65e-05  maxQ +0.0193  changes   511  5.0 min
episode 352/1013  eps 0.040  train return +186.58%  loss 4.64e-05  maxQ +0.0191  changes   481  5.0 min
episode 353/1013  eps 0.040  train return  +32.12%  loss 4.91e-05  maxQ +0.0193  changes   436  5.1 min
episode 354/1013  eps 0.040  train return   +9.29%  loss 4.82e-05  maxQ +0.0195  changes   461  5.1 min
episode 355/1013  eps 0.039  train return  +94.39%  loss 4.50e-05  maxQ +0.0192  changes   472  5.1 min
episode 356/1013  eps 0.039  train return  +37.07%  loss 4.79e-05  maxQ +0.0198  changes   468  5.1 min
episode 357/1013  eps 0.039  train return  +25.60%  loss 5.01e-05  maxQ +0.0196  changes   500  5.1 min
episode 358/1013  eps 0.038  train return  +31.39%  loss 4.42e-05  maxQ +0.0196  changes   463  5.1 min
episode 359/1013  eps 0.038  train return  +21.69%  loss 4.44e-05  maxQ +0.0188  changes   481  5.1 min
episode 360/1013  eps 0.038  train return  +23.04%  loss 4.34e-05  maxQ +0.0182  changes   481  5.2 min | val return -25.98% (best -1.67%)
episode 361/1013  eps 0.037  train return  +98.07%  loss 4.81e-05  maxQ +0.0189  changes   503  5.2 min
episode 362/1013  eps 0.037  train return  +59.61%  loss 4.83e-05  maxQ +0.0188  changes   493  5.2 min
episode 363/1013  eps 0.037  train return  +43.39%  loss 4.88e-05  maxQ +0.0194  changes   466  5.2 min
episode 364/1013  eps 0.036  train return  +24.48%  loss 5.15e-05  maxQ +0.0194  changes   458  5.2 min
episode 365/1013  eps 0.036  train return  +62.27%  loss 4.76e-05  maxQ +0.0198  changes   475  5.2 min
episode 366/1013  eps 0.036  train return +202.47%  loss 4.72e-05  maxQ +0.0199  changes   488  5.3 min
episode 367/1013  eps 0.035  train return  +17.81%  loss 4.67e-05  maxQ +0.0199  changes   479  5.3 min
episode 368/1013  eps 0.035  train return  +79.60%  loss 4.52e-05  maxQ +0.0187  changes   487  5.3 min
episode 369/1013  eps 0.035  train return +213.71%  loss 4.88e-05  maxQ +0.0191  changes   493  5.3 min
episode 370/1013  eps 0.034  train return  +25.10%  loss 5.00e-05  maxQ +0.0186  changes   460  5.3 min | val return -36.91% (best -1.67%)
episode 371/1013  eps 0.034  train return +206.38%  loss 4.72e-05  maxQ +0.0187  changes   510  5.3 min
episode 372/1013  eps 0.034  train return  +18.06%  loss 4.73e-05  maxQ +0.0184  changes   439  5.4 min
episode 373/1013  eps 0.033  train return  +66.86%  loss 5.25e-05  maxQ +0.0190  changes   479  5.4 min
episode 374/1013  eps 0.033  train return +128.38%  loss 5.26e-05  maxQ +0.0190  changes   487  5.4 min
episode 375/1013  eps 0.033  train return  +22.67%  loss 5.03e-05  maxQ +0.0187  changes   472  5.4 min
episode 376/1013  eps 0.032  train return +135.90%  loss 4.81e-05  maxQ +0.0191  changes   460  5.4 min
episode 377/1013  eps 0.032  train return  +57.26%  loss 4.83e-05  maxQ +0.0191  changes   492  5.4 min
episode 378/1013  eps 0.032  train return  +50.26%  loss 4.97e-05  maxQ +0.0190  changes   523  5.4 min
episode 379/1013  eps 0.032  train return +158.91%  loss 5.21e-05  maxQ +0.0192  changes   500  5.5 min
episode 380/1013  eps 0.031  train return +194.11%  loss 4.82e-05  maxQ +0.0191  changes   511  5.5 min | val return -19.98% (best -1.67%)
episode 381/1013  eps 0.031  train return  +16.39%  loss 4.99e-05  maxQ +0.0190  changes   465  5.5 min
episode 382/1013  eps 0.031  train return  +42.18%  loss 4.66e-05  maxQ +0.0185  changes   461  5.5 min
episode 383/1013  eps 0.030  train return   -0.88%  loss 4.77e-05  maxQ +0.0188  changes   443  5.5 min
episode 384/1013  eps 0.030  train return  +28.01%  loss 4.67e-05  maxQ +0.0192  changes   505  5.5 min
episode 385/1013  eps 0.030  train return  +12.80%  loss 4.62e-05  maxQ +0.0192  changes   462  5.6 min
episode 386/1013  eps 0.030  train return  -13.09%  loss 4.84e-05  maxQ +0.0188  changes   385  5.6 min
episode 387/1013  eps 0.029  train return  +33.04%  loss 4.51e-05  maxQ +0.0180  changes   449  5.6 min
episode 388/1013  eps 0.029  train return  +44.01%  loss 4.44e-05  maxQ +0.0185  changes   503  5.6 min
episode 389/1013  eps 0.029  train return +114.60%  loss 4.84e-05  maxQ +0.0183  changes   491  5.6 min
episode 390/1013  eps 0.029  train return  +31.84%  loss 4.76e-05  maxQ +0.0188  changes   481  5.6 min | val return -5.96% (best -1.67%)
episode 391/1013  eps 0.028  train return  +15.49%  loss 4.63e-05  maxQ +0.0183  changes   468  5.6 min
episode 392/1013  eps 0.028  train return  +87.59%  loss 4.52e-05  maxQ +0.0182  changes   466  5.7 min
episode 393/1013  eps 0.028  train return   +8.87%  loss 4.40e-05  maxQ +0.0182  changes   455  5.7 min
episode 394/1013  eps 0.028  train return +190.77%  loss 4.93e-05  maxQ +0.0180  changes   502  5.7 min
episode 395/1013  eps 0.027  train return  +48.12%  loss 4.95e-05  maxQ +0.0182  changes   456  5.7 min
episode 396/1013  eps 0.027  train return  +35.05%  loss 4.95e-05  maxQ +0.0185  changes   474  5.7 min
episode 397/1013  eps 0.027  train return  +92.66%  loss 4.56e-05  maxQ +0.0186  changes   489  5.7 min
episode 398/1013  eps 0.027  train return  +47.31%  loss 4.71e-05  maxQ +0.0183  changes   473  5.7 min
episode 399/1013  eps 0.026  train return +346.98%  loss 4.52e-05  maxQ +0.0181  changes   512  5.8 min
episode 400/1013  eps 0.026  train return +127.68%  loss 4.94e-05  maxQ +0.0184  changes   482  5.8 min | val return -27.39% (best -1.67%)
episode 401/1013  eps 0.026  train return +241.49%  loss 4.64e-05  maxQ +0.0180  changes   515  5.8 min
episode 402/1013  eps 0.026  train return  +15.87%  loss 4.64e-05  maxQ +0.0179  changes   460  5.8 min
episode 403/1013  eps 0.025  train return  +20.03%  loss 5.00e-05  maxQ +0.0182  changes   475  5.8 min
episode 404/1013  eps 0.025  train return  +30.86%  loss 4.97e-05  maxQ +0.0181  changes   485  5.8 min
episode 405/1013  eps 0.025  train return +214.39%  loss 4.70e-05  maxQ +0.0193  changes   509  5.9 min
episode 406/1013  eps 0.025  train return  +50.35%  loss 4.88e-05  maxQ +0.0181  changes   462  5.9 min
episode 407/1013  eps 0.024  train return +132.32%  loss 4.62e-05  maxQ +0.0180  changes   516  5.9 min
episode 408/1013  eps 0.024  train return   +6.89%  loss 5.05e-05  maxQ +0.0185  changes   432  5.9 min
episode 409/1013  eps 0.024  train return  +36.90%  loss 4.57e-05  maxQ +0.0181  changes   432  5.9 min
episode 410/1013  eps 0.024  train return  +35.57%  loss 4.68e-05  maxQ +0.0182  changes   450  5.9 min | val return -10.41% (best -1.67%)
episode 411/1013  eps 0.024  train return   +8.89%  loss 4.61e-05  maxQ +0.0185  changes   485  5.9 min
episode 412/1013  eps 0.023  train return   +8.36%  loss 4.38e-05  maxQ +0.0181  changes   456  6.0 min
episode 413/1013  eps 0.023  train return  +18.21%  loss 4.63e-05  maxQ +0.0182  changes   463  6.0 min
episode 414/1013  eps 0.023  train return   -5.40%  loss 4.72e-05  maxQ +0.0177  changes   422  6.0 min
episode 415/1013  eps 0.023  train return  +18.99%  loss 4.46e-05  maxQ +0.0183  changes   453  6.0 min
episode 416/1013  eps 0.023  train return  +71.11%  loss 4.36e-05  maxQ +0.0182  changes   495  6.0 min
episode 417/1013  eps 0.022  train return  +52.76%  loss 4.56e-05  maxQ +0.0175  changes   486  6.0 min
episode 418/1013  eps 0.022  train return  +11.84%  loss 4.53e-05  maxQ +0.0180  changes   475  6.0 min
episode 419/1013  eps 0.022  train return +206.70%  loss 4.55e-05  maxQ +0.0177  changes   484  6.1 min
episode 420/1013  eps 0.022  train return   +7.90%  loss 4.43e-05  maxQ +0.0180  changes   472  6.1 min | val return -8.96% (best -1.67%)
episode 421/1013  eps 0.022  train return  +12.22%  loss 4.40e-05  maxQ +0.0184  changes   476  6.1 min
episode 422/1013  eps 0.021  train return +230.24%  loss 4.33e-05  maxQ +0.0179  changes   483  6.1 min
episode 423/1013  eps 0.021  train return  +36.87%  loss 4.29e-05  maxQ +0.0185  changes   443  6.1 min
episode 424/1013  eps 0.021  train return  +43.61%  loss 5.05e-05  maxQ +0.0178  changes   451  6.1 min
episode 425/1013  eps 0.021  train return   +5.11%  loss 4.44e-05  maxQ +0.0175  changes   426  6.2 min
episode 426/1013  eps 0.021  train return  +47.61%  loss 4.44e-05  maxQ +0.0175  changes   476  6.2 min
episode 427/1013  eps 0.020  train return +146.60%  loss 4.66e-05  maxQ +0.0166  changes   477  6.2 min
episode 428/1013  eps 0.020  train return  +30.69%  loss 4.67e-05  maxQ +0.0180  changes   418  6.2 min
episode 429/1013  eps 0.020  train return  +69.37%  loss 4.75e-05  maxQ +0.0175  changes   403  6.2 min
episode 430/1013  eps 0.020  train return  +67.85%  loss 4.56e-05  maxQ +0.0176  changes   474  6.2 min | val return -21.15% (best -1.67%)
episode 431/1013  eps 0.020  train return +155.33%  loss 4.76e-05  maxQ +0.0180  changes   455  6.2 min
episode 432/1013  eps 0.019  train return  +21.44%  loss 4.05e-05  maxQ +0.0178  changes   432  6.3 min
episode 433/1013  eps 0.019  train return  +51.55%  loss 4.33e-05  maxQ +0.0185  changes   426  6.3 min
episode 434/1013  eps 0.019  train return  +52.17%  loss 4.05e-05  maxQ +0.0187  changes   477  6.3 min
episode 435/1013  eps 0.019  train return   -3.76%  loss 4.31e-05  maxQ +0.0190  changes   411  6.3 min
episode 436/1013  eps 0.019  train return  +32.66%  loss 4.33e-05  maxQ +0.0194  changes   457  6.3 min
episode 437/1013  eps 0.019  train return +294.61%  loss 4.24e-05  maxQ +0.0181  changes   469  6.3 min
episode 438/1013  eps 0.018  train return  +64.32%  loss 4.05e-05  maxQ +0.0182  changes   458  6.3 min
episode 439/1013  eps 0.018  train return  +45.86%  loss 4.26e-05  maxQ +0.0188  changes   458  6.4 min
episode 440/1013  eps 0.018  train return  +13.26%  loss 4.31e-05  maxQ +0.0191  changes   500  6.4 min | val return -19.59% (best -1.67%)
episode 441/1013  eps 0.018  train return +480.81%  loss 4.24e-05  maxQ +0.0185  changes   488  6.4 min
episode 442/1013  eps 0.018  train return  +40.59%  loss 4.08e-05  maxQ +0.0180  changes   470  6.4 min
episode 443/1013  eps 0.018  train return  +40.45%  loss 4.01e-05  maxQ +0.0180  changes   435  6.4 min
episode 444/1013  eps 0.017  train return  +29.23%  loss 4.23e-05  maxQ +0.0175  changes   454  6.4 min
episode 445/1013  eps 0.017  train return  +39.39%  loss 4.23e-05  maxQ +0.0179  changes   452  6.4 min
episode 446/1013  eps 0.017  train return  +39.26%  loss 4.15e-05  maxQ +0.0169  changes   472  6.5 min
episode 447/1013  eps 0.017  train return +103.94%  loss 3.94e-05  maxQ +0.0173  changes   474  6.5 min
episode 448/1013  eps 0.017  train return  +15.06%  loss 4.18e-05  maxQ +0.0169  changes   443  6.5 min
episode 449/1013  eps 0.017  train return  +43.28%  loss 4.43e-05  maxQ +0.0175  changes   424  6.5 min
episode 450/1013  eps 0.016  train return  +26.67%  loss 3.92e-05  maxQ +0.0163  changes   430  6.5 min | val return -14.32% (best -1.67%)
episode 451/1013  eps 0.016  train return  +39.62%  loss 3.88e-05  maxQ +0.0168  changes   469  6.6 min
episode 452/1013  eps 0.016  train return  +90.74%  loss 4.12e-05  maxQ +0.0163  changes   523  6.6 min
episode 453/1013  eps 0.016  train return  +46.54%  loss 4.18e-05  maxQ +0.0171  changes   457  6.6 min
episode 454/1013  eps 0.016  train return  +54.89%  loss 4.05e-05  maxQ +0.0176  changes   454  6.6 min
episode 455/1013  eps 0.016  train return  +32.68%  loss 4.00e-05  maxQ +0.0175  changes   467  6.6 min
episode 456/1013  eps 0.016  train return  +33.50%  loss 4.38e-05  maxQ +0.0179  changes   472  6.6 min
episode 457/1013  eps 0.015  train return  +44.82%  loss 4.24e-05  maxQ +0.0179  changes   465  6.6 min
episode 458/1013  eps 0.015  train return  +69.13%  loss 4.42e-05  maxQ +0.0183  changes   504  6.7 min
episode 459/1013  eps 0.015  train return +154.24%  loss 4.36e-05  maxQ +0.0175  changes   477  6.7 min
episode 460/1013  eps 0.015  train return +138.24%  loss 4.27e-05  maxQ +0.0176  changes   494  6.7 min | val return -27.09% (best -1.67%)
episode 461/1013  eps 0.015  train return  +38.10%  loss 4.05e-05  maxQ +0.0172  changes   473  6.7 min
episode 462/1013  eps 0.015  train return  +29.76%  loss 3.96e-05  maxQ +0.0176  changes   417  6.7 min
episode 463/1013  eps 0.015  train return  +43.36%  loss 4.21e-05  maxQ +0.0171  changes   441  6.7 min
episode 464/1013  eps 0.015  train return  +29.57%  loss 3.90e-05  maxQ +0.0169  changes   454  6.7 min
episode 465/1013  eps 0.014  train return  +49.82%  loss 4.28e-05  maxQ +0.0170  changes   397  6.8 min
episode 466/1013  eps 0.014  train return  +33.35%  loss 4.10e-05  maxQ +0.0175  changes   468  6.8 min
episode 467/1013  eps 0.014  train return  +91.63%  loss 3.98e-05  maxQ +0.0169  changes   480  6.8 min
episode 468/1013  eps 0.014  train return  +56.17%  loss 3.81e-05  maxQ +0.0170  changes   461  6.8 min
episode 469/1013  eps 0.014  train return +115.66%  loss 3.97e-05  maxQ +0.0167  changes   468  6.8 min
episode 470/1013  eps 0.014  train return   -0.97%  loss 3.88e-05  maxQ +0.0168  changes   429  6.8 min | val return -12.82% (best -1.67%)
episode 471/1013  eps 0.014  train return  +42.08%  loss 3.78e-05  maxQ +0.0169  changes   452  6.9 min
episode 472/1013  eps 0.013  train return  +31.06%  loss 4.02e-05  maxQ +0.0169  changes   448  6.9 min
episode 473/1013  eps 0.013  train return  +42.35%  loss 3.78e-05  maxQ +0.0168  changes   408  6.9 min
episode 474/1013  eps 0.013  train return +126.77%  loss 3.65e-05  maxQ +0.0171  changes   477  6.9 min
episode 475/1013  eps 0.013  train return +119.23%  loss 3.63e-05  maxQ +0.0166  changes   499  6.9 min
episode 476/1013  eps 0.013  train return  +31.13%  loss 3.94e-05  maxQ +0.0164  changes   466  6.9 min
episode 477/1013  eps 0.013  train return +231.61%  loss 3.79e-05  maxQ +0.0173  changes   496  6.9 min
episode 478/1013  eps 0.013  train return  +67.68%  loss 3.78e-05  maxQ +0.0166  changes   482  7.0 min
episode 479/1013  eps 0.013  train return +114.34%  loss 3.86e-05  maxQ +0.0176  changes   511  7.0 min
episode 480/1013  eps 0.013  train return  +19.28%  loss 3.68e-05  maxQ +0.0171  changes   452  7.0 min | val return -15.11% (best -1.67%)
episode 481/1013  eps 0.012  train return +481.88%  loss 3.89e-05  maxQ +0.0166  changes   493  7.0 min
episode 482/1013  eps 0.012  train return  +47.69%  loss 3.66e-05  maxQ +0.0171  changes   438  7.0 min
episode 483/1013  eps 0.012  train return  +59.23%  loss 3.95e-05  maxQ +0.0171  changes   453  7.0 min
episode 484/1013  eps 0.012  train return +117.55%  loss 3.97e-05  maxQ +0.0173  changes   488  7.1 min
episode 485/1013  eps 0.012  train return  +35.83%  loss 4.02e-05  maxQ +0.0170  changes   434  7.1 min
episode 486/1013  eps 0.012  train return  +85.18%  loss 4.10e-05  maxQ +0.0172  changes   512  7.1 min
episode 487/1013  eps 0.012  train return   +3.47%  loss 3.97e-05  maxQ +0.0176  changes   400  7.1 min
episode 488/1013  eps 0.012  train return +121.90%  loss 4.13e-05  maxQ +0.0178  changes   494  7.1 min
episode 489/1013  eps 0.012  train return  +88.39%  loss 4.13e-05  maxQ +0.0176  changes   480  7.1 min
episode 490/1013  eps 0.011  train return  +53.05%  loss 3.97e-05  maxQ +0.0177  changes   465  7.1 min | val return -11.92% (best -1.67%)
episode 491/1013  eps 0.011  train return +106.60%  loss 4.10e-05  maxQ +0.0176  changes   481  7.2 min
episode 492/1013  eps 0.011  train return  +64.37%  loss 4.03e-05  maxQ +0.0172  changes   448  7.2 min
episode 493/1013  eps 0.011  train return  +24.69%  loss 3.98e-05  maxQ +0.0174  changes   428  7.2 min
episode 494/1013  eps 0.011  train return  +29.22%  loss 3.94e-05  maxQ +0.0167  changes   475  7.2 min
episode 495/1013  eps 0.011  train return  +77.44%  loss 4.02e-05  maxQ +0.0168  changes   483  7.2 min
episode 496/1013  eps 0.011  train return +225.28%  loss 4.02e-05  maxQ +0.0173  changes   512  7.2 min
episode 497/1013  eps 0.011  train return  +47.79%  loss 4.12e-05  maxQ +0.0178  changes   450  7.3 min
episode 498/1013  eps 0.011  train return +630.97%  loss 4.00e-05  maxQ +0.0181  changes   489  7.3 min
episode 499/1013  eps 0.011  train return +312.76%  loss 4.12e-05  maxQ +0.0182  changes   508  7.3 min
episode 500/1013  eps 0.010  train return   +3.12%  loss 3.81e-05  maxQ +0.0177  changes   438  7.3 min | val return +3.55% (best +3.55%)
episode 501/1013  eps 0.010  train return  +11.04%  loss 4.10e-05  maxQ +0.0184  changes   478  7.3 min
episode 502/1013  eps 0.010  train return +201.71%  loss 4.12e-05  maxQ +0.0176  changes   531  7.3 min
episode 503/1013  eps 0.010  train return +127.79%  loss 4.11e-05  maxQ +0.0185  changes   510  7.4 min
episode 504/1013  eps 0.010  train return   +7.54%  loss 4.22e-05  maxQ +0.0179  changes   458  7.4 min
episode 505/1013  eps 0.010  train return +206.49%  loss 3.84e-05  maxQ +0.0176  changes   498  7.4 min
episode 506/1013  eps 0.010  train return  +50.42%  loss 4.05e-05  maxQ +0.0175  changes   495  7.4 min
episode 507/1013  eps 0.010  train return +122.84%  loss 4.13e-05  maxQ +0.0179  changes   463  7.4 min
episode 508/1013  eps 0.010  train return  +42.63%  loss 4.42e-05  maxQ +0.0177  changes   416  7.4 min
episode 509/1013  eps 0.010  train return  +31.72%  loss 4.09e-05  maxQ +0.0177  changes   522  7.4 min
episode 510/1013  eps 0.010  train return +970.22%  loss 4.15e-05  maxQ +0.0177  changes   505  7.5 min | val return -12.27% (best +3.55%)
episode 511/1013  eps 0.010  train return  +12.09%  loss 4.25e-05  maxQ +0.0176  changes   364  7.5 min
episode 512/1013  eps 0.010  train return  +75.24%  loss 3.84e-05  maxQ +0.0178  changes   453  7.5 min
episode 513/1013  eps 0.010  train return   +4.35%  loss 4.06e-05  maxQ +0.0178  changes   406  7.5 min
episode 514/1013  eps 0.010  train return +428.72%  loss 4.03e-05  maxQ +0.0175  changes   495  7.5 min
episode 515/1013  eps 0.010  train return  +22.08%  loss 4.13e-05  maxQ +0.0174  changes   429  7.5 min
episode 516/1013  eps 0.010  train return  +64.71%  loss 3.83e-05  maxQ +0.0173  changes   493  7.5 min
episode 517/1013  eps 0.010  train return +272.77%  loss 4.08e-05  maxQ +0.0175  changes   511  7.6 min
episode 518/1013  eps 0.010  train return +802.45%  loss 4.05e-05  maxQ +0.0173  changes   487  7.6 min
episode 519/1013  eps 0.010  train return  +47.58%  loss 4.22e-05  maxQ +0.0177  changes   473  7.6 min
episode 520/1013  eps 0.010  train return  +27.77%  loss 4.11e-05  maxQ +0.0178  changes   454  7.6 min | val return -15.01% (best +3.55%)
episode 521/1013  eps 0.010  train return  +65.16%  loss 4.48e-05  maxQ +0.0186  changes   483  7.6 min
episode 522/1013  eps 0.010  train return +173.88%  loss 4.74e-05  maxQ +0.0188  changes   445  7.6 min
episode 523/1013  eps 0.010  train return  +22.82%  loss 4.65e-05  maxQ +0.0187  changes   454  7.7 min
episode 524/1013  eps 0.010  train return  +80.79%  loss 4.57e-05  maxQ +0.0185  changes   488  7.7 min
episode 525/1013  eps 0.010  train return  +95.12%  loss 4.23e-05  maxQ +0.0183  changes   491  7.7 min
episode 526/1013  eps 0.010  train return  +53.74%  loss 4.95e-05  maxQ +0.0193  changes   516  7.7 min
episode 527/1013  eps 0.010  train return  +77.43%  loss 4.36e-05  maxQ +0.0189  changes   465  7.7 min
episode 528/1013  eps 0.010  train return +305.18%  loss 4.59e-05  maxQ +0.0189  changes   513  7.7 min
episode 529/1013  eps 0.010  train return   +2.56%  loss 4.84e-05  maxQ +0.0196  changes   465  7.7 min
episode 530/1013  eps 0.010  train return  +71.16%  loss 4.68e-05  maxQ +0.0190  changes   484  7.8 min | val return -18.48% (best +3.55%)
episode 531/1013  eps 0.010  train return +1317.87%  loss 4.92e-05  maxQ +0.0200  changes   535  7.8 min
episode 532/1013  eps 0.010  train return   +7.17%  loss 4.64e-05  maxQ +0.0199  changes   410  7.8 min
episode 533/1013  eps 0.010  train return  +23.20%  loss 4.54e-05  maxQ +0.0196  changes   498  7.8 min
episode 534/1013  eps 0.010  train return  +66.44%  loss 4.52e-05  maxQ +0.0186  changes   493  7.8 min
episode 535/1013  eps 0.010  train return  +22.77%  loss 4.54e-05  maxQ +0.0191  changes   474  7.8 min
episode 536/1013  eps 0.010  train return +132.27%  loss 4.59e-05  maxQ +0.0189  changes   520  7.9 min
episode 537/1013  eps 0.010  train return  +42.33%  loss 4.84e-05  maxQ +0.0194  changes   484  7.9 min
episode 538/1013  eps 0.010  train return +110.33%  loss 4.81e-05  maxQ +0.0193  changes   492  7.9 min
episode 539/1013  eps 0.010  train return  +36.33%  loss 4.39e-05  maxQ +0.0195  changes   456  7.9 min
episode 540/1013  eps 0.010  train return  +82.30%  loss 4.58e-05  maxQ +0.0189  changes   509  7.9 min | val return -17.31% (best +3.55%)
episode 541/1013  eps 0.010  train return  +20.89%  loss 4.69e-05  maxQ +0.0191  changes   431  7.9 min
episode 542/1013  eps 0.010  train return  +26.39%  loss 4.63e-05  maxQ +0.0194  changes   487  7.9 min
episode 543/1013  eps 0.010  train return  +89.03%  loss 4.68e-05  maxQ +0.0191  changes   470  8.0 min
episode 544/1013  eps 0.010  train return  +53.65%  loss 4.87e-05  maxQ +0.0188  changes   475  8.0 min
episode 545/1013  eps 0.010  train return +112.04%  loss 4.70e-05  maxQ +0.0188  changes   455  8.0 min
episode 546/1013  eps 0.010  train return  +58.52%  loss 4.74e-05  maxQ +0.0188  changes   505  8.0 min
episode 547/1013  eps 0.010  train return  +97.00%  loss 4.92e-05  maxQ +0.0197  changes   496  8.0 min
episode 548/1013  eps 0.010  train return  +22.34%  loss 5.00e-05  maxQ +0.0214  changes   429  8.0 min
episode 549/1013  eps 0.010  train return  +93.81%  loss 4.92e-05  maxQ +0.0207  changes   499  8.0 min
episode 550/1013  eps 0.010  train return +249.24%  loss 5.13e-05  maxQ +0.0202  changes   496  8.1 min | val return -19.26% (best +3.55%)
episode 551/1013  eps 0.010  train return  +46.92%  loss 4.67e-05  maxQ +0.0200  changes   489  8.1 min
episode 552/1013  eps 0.010  train return  +50.12%  loss 4.93e-05  maxQ +0.0194  changes   497  8.1 min
episode 553/1013  eps 0.010  train return  +19.30%  loss 4.98e-05  maxQ +0.0205  changes   363  8.1 min
episode 554/1013  eps 0.010  train return  +30.99%  loss 5.25e-05  maxQ +0.0200  changes   522  8.1 min
episode 555/1013  eps 0.010  train return +241.31%  loss 5.26e-05  maxQ +0.0196  changes   511  8.1 min
episode 556/1013  eps 0.010  train return +255.70%  loss 4.79e-05  maxQ +0.0188  changes   474  8.2 min
episode 557/1013  eps 0.010  train return  +92.76%  loss 4.65e-05  maxQ +0.0184  changes   490  8.2 min
episode 558/1013  eps 0.010  train return  +28.99%  loss 4.67e-05  maxQ +0.0182  changes   465  8.2 min
episode 559/1013  eps 0.010  train return  +22.31%  loss 4.72e-05  maxQ +0.0188  changes   456  8.2 min
episode 560/1013  eps 0.010  train return  +60.99%  loss 4.69e-05  maxQ +0.0188  changes   488  8.2 min | val return -24.15% (best +3.55%)
episode 561/1013  eps 0.010  train return  +63.28%  loss 4.68e-05  maxQ +0.0192  changes   467  8.2 min
episode 562/1013  eps 0.010  train return +110.62%  loss 4.59e-05  maxQ +0.0187  changes   486  8.3 min
episode 563/1013  eps 0.010  train return  +80.90%  loss 4.58e-05  maxQ +0.0191  changes   469  8.3 min
episode 564/1013  eps 0.010  train return  +71.46%  loss 4.59e-05  maxQ +0.0191  changes   511  8.3 min
episode 565/1013  eps 0.010  train return +218.25%  loss 4.75e-05  maxQ +0.0191  changes   482  8.3 min
episode 566/1013  eps 0.010  train return  +10.54%  loss 4.99e-05  maxQ +0.0190  changes   490  8.3 min
episode 567/1013  eps 0.010  train return +160.48%  loss 4.66e-05  maxQ +0.0187  changes   508  8.3 min
episode 568/1013  eps 0.010  train return  +21.90%  loss 4.38e-05  maxQ +0.0183  changes   473  8.3 min
episode 569/1013  eps 0.010  train return  +56.32%  loss 4.65e-05  maxQ +0.0185  changes   441  8.3 min
episode 570/1013  eps 0.010  train return  +10.70%  loss 4.41e-05  maxQ +0.0182  changes   448  8.4 min | val return -20.64% (best +3.55%)
episode 571/1013  eps 0.010  train return  +95.35%  loss 4.76e-05  maxQ +0.0179  changes   495  8.4 min
episode 572/1013  eps 0.010  train return +136.27%  loss 4.66e-05  maxQ +0.0179  changes   499  8.4 min
episode 573/1013  eps 0.010  train return +203.68%  loss 4.32e-05  maxQ +0.0181  changes   497  8.4 min
episode 574/1013  eps 0.010  train return +121.45%  loss 4.54e-05  maxQ +0.0182  changes   512  8.4 min
episode 575/1013  eps 0.010  train return  +18.99%  loss 4.70e-05  maxQ +0.0189  changes   473  8.4 min
episode 576/1013  eps 0.010  train return +156.61%  loss 4.71e-05  maxQ +0.0187  changes   508  8.5 min
episode 577/1013  eps 0.010  train return  +23.91%  loss 4.50e-05  maxQ +0.0187  changes   473  8.5 min
episode 578/1013  eps 0.010  train return  +78.83%  loss 4.41e-05  maxQ +0.0189  changes   504  8.5 min
episode 579/1013  eps 0.010  train return  +40.23%  loss 4.53e-05  maxQ +0.0187  changes   469  8.5 min
episode 580/1013  eps 0.010  train return +113.50%  loss 4.59e-05  maxQ +0.0187  changes   442  8.5 min | val return -12.54% (best +3.55%)
episode 581/1013  eps 0.010  train return  +12.18%  loss 4.74e-05  maxQ +0.0186  changes   453  8.6 min
episode 582/1013  eps 0.010  train return  +64.17%  loss 4.49e-05  maxQ +0.0182  changes   476  8.6 min
episode 583/1013  eps 0.010  train return   +8.29%  loss 4.37e-05  maxQ +0.0182  changes   459  8.6 min
episode 584/1013  eps 0.010  train return +128.80%  loss 4.33e-05  maxQ +0.0182  changes   512  8.6 min
episode 585/1013  eps 0.010  train return +121.43%  loss 4.75e-05  maxQ +0.0185  changes   481  8.6 min
episode 586/1013  eps 0.010  train return +158.73%  loss 4.53e-05  maxQ +0.0184  changes   496  8.6 min
episode 587/1013  eps 0.010  train return  +50.62%  loss 4.98e-05  maxQ +0.0183  changes   484  8.6 min
episode 588/1013  eps 0.010  train return  +36.75%  loss 4.52e-05  maxQ +0.0184  changes   471  8.6 min
episode 589/1013  eps 0.010  train return +177.08%  loss 4.72e-05  maxQ +0.0189  changes   493  8.7 min
episode 590/1013  eps 0.010  train return +111.48%  loss 4.45e-05  maxQ +0.0185  changes   441  8.7 min | val return -15.77% (best +3.55%)
episode 591/1013  eps 0.010  train return +100.94%  loss 4.52e-05  maxQ +0.0180  changes   499  8.7 min
episode 592/1013  eps 0.010  train return +176.28%  loss 4.58e-05  maxQ +0.0189  changes   499  8.7 min
episode 593/1013  eps 0.010  train return  +32.95%  loss 4.88e-05  maxQ +0.0186  changes   465  8.7 min
episode 594/1013  eps 0.010  train return +266.07%  loss 4.28e-05  maxQ +0.0183  changes   509  8.7 min
episode 595/1013  eps 0.010  train return +205.96%  loss 4.58e-05  maxQ +0.0187  changes   479  8.8 min
episode 596/1013  eps 0.010  train return  +45.28%  loss 4.39e-05  maxQ +0.0182  changes   444  8.8 min
episode 597/1013  eps 0.010  train return +232.73%  loss 4.66e-05  maxQ +0.0183  changes   492  8.8 min
episode 598/1013  eps 0.010  train return +130.59%  loss 4.70e-05  maxQ +0.0188  changes   508  8.8 min
episode 599/1013  eps 0.010  train return +398.01%  loss 5.26e-05  maxQ +0.0194  changes   479  8.8 min
episode 600/1013  eps 0.010  train return +111.48%  loss 4.77e-05  maxQ +0.0192  changes   486  8.8 min | val return -25.30% (best +3.55%)
episode 601/1013  eps 0.010  train return +210.27%  loss 4.67e-05  maxQ +0.0193  changes   522  8.9 min
episode 602/1013  eps 0.010  train return  +83.68%  loss 4.54e-05  maxQ +0.0192  changes   526  8.9 min
episode 603/1013  eps 0.010  train return  +32.45%  loss 4.85e-05  maxQ +0.0189  changes   462  8.9 min
episode 604/1013  eps 0.010  train return  +37.82%  loss 4.54e-05  maxQ +0.0189  changes   511  8.9 min
episode 605/1013  eps 0.010  train return +146.14%  loss 4.53e-05  maxQ +0.0186  changes   478  8.9 min
episode 606/1013  eps 0.010  train return  +11.86%  loss 4.26e-05  maxQ +0.0184  changes   466  8.9 min
episode 607/1013  eps 0.010  train return +144.92%  loss 4.18e-05  maxQ +0.0184  changes   515  8.9 min
episode 608/1013  eps 0.010  train return  +27.36%  loss 4.51e-05  maxQ +0.0187  changes   480  9.0 min
episode 609/1013  eps 0.010  train return  +50.15%  loss 4.51e-05  maxQ +0.0186  changes   513  9.0 min
episode 610/1013  eps 0.010  train return  +63.62%  loss 4.45e-05  maxQ +0.0182  changes   513  9.0 min | val return -26.21% (best +3.55%)
episode 611/1013  eps 0.010  train return +279.84%  loss 4.27e-05  maxQ +0.0176  changes   513  9.0 min
episode 612/1013  eps 0.010  train return +355.37%  loss 4.39e-05  maxQ +0.0177  changes   509  9.0 min
episode 613/1013  eps 0.010  train return  +40.84%  loss 4.89e-05  maxQ +0.0189  changes   468  9.0 min
episode 614/1013  eps 0.010  train return +114.83%  loss 4.91e-05  maxQ +0.0190  changes   491  9.1 min
episode 615/1013  eps 0.010  train return +462.99%  loss 5.03e-05  maxQ +0.0189  changes   481  9.1 min
episode 616/1013  eps 0.010  train return +349.50%  loss 4.86e-05  maxQ +0.0199  changes   523  9.1 min
episode 617/1013  eps 0.010  train return +299.37%  loss 4.88e-05  maxQ +0.0192  changes   534  9.1 min
episode 618/1013  eps 0.010  train return +162.61%  loss 4.84e-05  maxQ +0.0192  changes   517  9.1 min
episode 619/1013  eps 0.010  train return  +52.84%  loss 5.04e-05  maxQ +0.0191  changes   476  9.1 min
episode 620/1013  eps 0.010  train return  +34.12%  loss 4.72e-05  maxQ +0.0190  changes   450  9.1 min | val return -12.39% (best +3.55%)
episode 621/1013  eps 0.010  train return +653.51%  loss 4.83e-05  maxQ +0.0194  changes   478  9.2 min
episode 622/1013  eps 0.010  train return +139.01%  loss 5.09e-05  maxQ +0.0199  changes   525  9.2 min
episode 623/1013  eps 0.010  train return +110.75%  loss 5.23e-05  maxQ +0.0198  changes   503  9.2 min
episode 624/1013  eps 0.010  train return +116.34%  loss 4.87e-05  maxQ +0.0194  changes   528  9.2 min
episode 625/1013  eps 0.010  train return  +64.86%  loss 4.98e-05  maxQ +0.0193  changes   487  9.2 min
episode 626/1013  eps 0.010  train return  +57.09%  loss 5.05e-05  maxQ +0.0193  changes   452  9.2 min
episode 627/1013  eps 0.010  train return  +83.89%  loss 4.72e-05  maxQ +0.0192  changes   481  9.3 min
episode 628/1013  eps 0.010  train return  +56.22%  loss 4.72e-05  maxQ +0.0192  changes   472  9.3 min
episode 629/1013  eps 0.010  train return +111.15%  loss 4.56e-05  maxQ +0.0185  changes   474  9.3 min
episode 630/1013  eps 0.010  train return +150.02%  loss 4.95e-05  maxQ +0.0193  changes   505  9.3 min | val return -1.14% (best +3.55%)
episode 631/1013  eps 0.010  train return  +12.31%  loss 5.22e-05  maxQ +0.0201  changes   435  9.3 min
episode 632/1013  eps 0.010  train return +175.13%  loss 4.89e-05  maxQ +0.0198  changes   527  9.3 min
episode 633/1013  eps 0.010  train return  +21.22%  loss 4.99e-05  maxQ +0.0193  changes   455  9.4 min
episode 634/1013  eps 0.010  train return +175.89%  loss 5.18e-05  maxQ +0.0198  changes   515  9.4 min
episode 635/1013  eps 0.010  train return  +36.92%  loss 5.08e-05  maxQ +0.0200  changes   482  9.4 min
episode 636/1013  eps 0.010  train return  +84.19%  loss 4.95e-05  maxQ +0.0193  changes   490  9.4 min
episode 637/1013  eps 0.010  train return  +93.85%  loss 5.25e-05  maxQ +0.0195  changes   484  9.4 min
episode 638/1013  eps 0.010  train return +339.96%  loss 5.01e-05  maxQ +0.0205  changes   474  9.4 min
episode 639/1013  eps 0.010  train return  +71.06%  loss 4.91e-05  maxQ +0.0196  changes   477  9.4 min
episode 640/1013  eps 0.010  train return +149.68%  loss 4.77e-05  maxQ +0.0197  changes   480  9.5 min | val return -12.00% (best +3.55%)
episode 641/1013  eps 0.010  train return  +65.37%  loss 5.32e-05  maxQ +0.0202  changes   502  9.5 min
episode 642/1013  eps 0.010  train return +329.77%  loss 5.37e-05  maxQ +0.0197  changes   499  9.5 min
episode 643/1013  eps 0.010  train return  +24.37%  loss 5.23e-05  maxQ +0.0199  changes   460  9.5 min
episode 644/1013  eps 0.010  train return +218.22%  loss 5.13e-05  maxQ +0.0201  changes   509  9.5 min
episode 645/1013  eps 0.010  train return +398.96%  loss 5.36e-05  maxQ +0.0202  changes   507  9.5 min
episode 646/1013  eps 0.010  train return  +40.19%  loss 5.42e-05  maxQ +0.0203  changes   424  9.6 min
episode 647/1013  eps 0.010  train return  +27.34%  loss 5.07e-05  maxQ +0.0205  changes   480  9.6 min
episode 648/1013  eps 0.010  train return +182.25%  loss 5.25e-05  maxQ +0.0205  changes   534  9.6 min
episode 649/1013  eps 0.010  train return +266.84%  loss 5.12e-05  maxQ +0.0205  changes   538  9.6 min
episode 650/1013  eps 0.010  train return  +53.00%  loss 4.78e-05  maxQ +0.0203  changes   468  9.6 min | val return -19.55% (best +3.55%)
episode 651/1013  eps 0.010  train return  +55.74%  loss 5.07e-05  maxQ +0.0205  changes   520  9.6 min
episode 652/1013  eps 0.010  train return  +67.65%  loss 5.32e-05  maxQ +0.0205  changes   509  9.6 min
episode 653/1013  eps 0.010  train return  +11.01%  loss 5.81e-05  maxQ +0.0203  changes   473  9.7 min
episode 654/1013  eps 0.010  train return +114.49%  loss 5.35e-05  maxQ +0.0206  changes   508  9.7 min
episode 655/1013  eps 0.010  train return  +49.51%  loss 5.32e-05  maxQ +0.0212  changes   436  9.7 min
episode 656/1013  eps 0.010  train return +187.09%  loss 5.52e-05  maxQ +0.0211  changes   499  9.7 min
episode 657/1013  eps 0.010  train return +144.22%  loss 5.21e-05  maxQ +0.0208  changes   513  9.7 min
episode 658/1013  eps 0.010  train return  +21.39%  loss 4.86e-05  maxQ +0.0207  changes   525  9.7 min
episode 659/1013  eps 0.010  train return  +95.96%  loss 5.05e-05  maxQ +0.0199  changes   477  9.7 min
episode 660/1013  eps 0.010  train return  +47.53%  loss 5.13e-05  maxQ +0.0204  changes   477  9.8 min | val return -7.17% (best +3.55%)
episode 661/1013  eps 0.010  train return +137.40%  loss 5.19e-05  maxQ +0.0209  changes   506  9.8 min
episode 662/1013  eps 0.010  train return  +31.04%  loss 4.81e-05  maxQ +0.0205  changes   398  9.8 min
episode 663/1013  eps 0.010  train return  +70.90%  loss 4.92e-05  maxQ +0.0198  changes   420  9.8 min
episode 664/1013  eps 0.010  train return  +16.84%  loss 5.05e-05  maxQ +0.0201  changes   493  9.8 min
episode 665/1013  eps 0.010  train return  +67.97%  loss 4.81e-05  maxQ +0.0194  changes   473  9.8 min
episode 666/1013  eps 0.010  train return +458.54%  loss 4.67e-05  maxQ +0.0188  changes   492  9.9 min
episode 667/1013  eps 0.010  train return +109.81%  loss 4.72e-05  maxQ +0.0188  changes   461  9.9 min
episode 668/1013  eps 0.010  train return +152.81%  loss 5.35e-05  maxQ +0.0196  changes   513  9.9 min
episode 669/1013  eps 0.010  train return +149.66%  loss 5.29e-05  maxQ +0.0197  changes   528  9.9 min
episode 670/1013  eps 0.010  train return +129.82%  loss 4.97e-05  maxQ +0.0199  changes   505  9.9 min | val return -3.42% (best +3.55%)
episode 671/1013  eps 0.010  train return  +13.15%  loss 4.76e-05  maxQ +0.0198  changes   371  9.9 min
episode 672/1013  eps 0.010  train return +132.52%  loss 4.73e-05  maxQ +0.0195  changes   496  10.0 min
episode 673/1013  eps 0.010  train return +307.72%  loss 4.91e-05  maxQ +0.0195  changes   507  10.0 min
episode 674/1013  eps 0.010  train return +108.58%  loss 5.34e-05  maxQ +0.0193  changes   460  10.0 min
episode 675/1013  eps 0.010  train return  +32.87%  loss 4.88e-05  maxQ +0.0196  changes   472  10.0 min
episode 676/1013  eps 0.010  train return  +57.87%  loss 4.95e-05  maxQ +0.0197  changes   464  10.0 min
episode 677/1013  eps 0.010  train return  +63.47%  loss 5.13e-05  maxQ +0.0190  changes   532  10.0 min
episode 678/1013  eps 0.010  train return  +61.57%  loss 4.89e-05  maxQ +0.0196  changes   463  10.0 min
episode 679/1013  eps 0.010  train return +115.18%  loss 5.08e-05  maxQ +0.0200  changes   493  10.1 min
episode 680/1013  eps 0.010  train return  +43.25%  loss 4.87e-05  maxQ +0.0202  changes   468  10.1 min | val return -16.41% (best +3.55%)
episode 681/1013  eps 0.010  train return +164.20%  loss 4.69e-05  maxQ +0.0202  changes   504  10.1 min
episode 682/1013  eps 0.010  train return  +44.91%  loss 4.60e-05  maxQ +0.0200  changes   473  10.1 min
episode 683/1013  eps 0.010  train return  +37.92%  loss 4.54e-05  maxQ +0.0186  changes   442  10.1 min
episode 684/1013  eps 0.010  train return +414.30%  loss 4.44e-05  maxQ +0.0185  changes   509  10.1 min
episode 685/1013  eps 0.010  train return  +18.51%  loss 4.61e-05  maxQ +0.0184  changes   410  10.2 min
episode 686/1013  eps 0.010  train return +168.16%  loss 4.71e-05  maxQ +0.0182  changes   513  10.2 min
episode 687/1013  eps 0.010  train return  +87.29%  loss 4.50e-05  maxQ +0.0185  changes   484  10.2 min
episode 688/1013  eps 0.010  train return  +17.09%  loss 4.34e-05  maxQ +0.0181  changes   432  10.2 min
episode 689/1013  eps 0.010  train return +131.62%  loss 4.66e-05  maxQ +0.0186  changes   461  10.2 min
episode 690/1013  eps 0.010  train return  +68.88%  loss 4.38e-05  maxQ +0.0183  changes   462  10.2 min | val return +9.81% (best +9.81%)
episode 691/1013  eps 0.010  train return +148.71%  loss 4.38e-05  maxQ +0.0182  changes   502  10.3 min
episode 692/1013  eps 0.010  train return  +18.03%  loss 4.28e-05  maxQ +0.0184  changes   471  10.3 min
episode 693/1013  eps 0.010  train return  +51.28%  loss 4.20e-05  maxQ +0.0181  changes   475  10.3 min
episode 694/1013  eps 0.010  train return +147.84%  loss 4.19e-05  maxQ +0.0179  changes   502  10.3 min
episode 695/1013  eps 0.010  train return +262.41%  loss 4.17e-05  maxQ +0.0186  changes   479  10.3 min
episode 696/1013  eps 0.010  train return  +18.53%  loss 4.47e-05  maxQ +0.0186  changes   431  10.3 min
episode 697/1013  eps 0.010  train return +211.06%  loss 4.39e-05  maxQ +0.0190  changes   509  10.4 min
episode 698/1013  eps 0.010  train return  +43.97%  loss 4.13e-05  maxQ +0.0184  changes   488  10.4 min
episode 699/1013  eps 0.010  train return +504.52%  loss 4.24e-05  maxQ +0.0183  changes   497  10.4 min
episode 700/1013  eps 0.010  train return +137.97%  loss 4.37e-05  maxQ +0.0187  changes   489  10.4 min | val return -8.47% (best +9.81%)
episode 701/1013  eps 0.010  train return +167.98%  loss 4.51e-05  maxQ +0.0184  changes   495  10.4 min
episode 702/1013  eps 0.010  train return  +54.32%  loss 4.32e-05  maxQ +0.0181  changes   486  10.4 min
episode 703/1013  eps 0.010  train return  +71.86%  loss 4.70e-05  maxQ +0.0190  changes   458  10.4 min
episode 704/1013  eps 0.010  train return +101.38%  loss 4.46e-05  maxQ +0.0181  changes   518  10.5 min
episode 705/1013  eps 0.010  train return +345.36%  loss 4.40e-05  maxQ +0.0184  changes   491  10.5 min
episode 706/1013  eps 0.010  train return  +18.44%  loss 4.55e-05  maxQ +0.0188  changes   415  10.5 min
episode 707/1013  eps 0.010  train return +127.43%  loss 4.34e-05  maxQ +0.0188  changes   504  10.5 min
episode 708/1013  eps 0.010  train return  +94.53%  loss 4.49e-05  maxQ +0.0190  changes   493  10.5 min
episode 709/1013  eps 0.010  train return  +35.88%  loss 4.34e-05  maxQ +0.0192  changes   434  10.5 min
episode 710/1013  eps 0.010  train return  +93.08%  loss 4.13e-05  maxQ +0.0191  changes   494  10.5 min | val return -7.10% (best +9.81%)
episode 711/1013  eps 0.010  train return  +11.80%  loss 3.96e-05  maxQ +0.0185  changes   389  10.6 min
episode 712/1013  eps 0.010  train return  +90.44%  loss 4.07e-05  maxQ +0.0187  changes   533  10.6 min
episode 713/1013  eps 0.010  train return  +26.79%  loss 4.17e-05  maxQ +0.0186  changes   438  10.6 min
episode 714/1013  eps 0.010  train return  +78.34%  loss 4.35e-05  maxQ +0.0183  changes   465  10.6 min
episode 715/1013  eps 0.010  train return  +54.01%  loss 4.24e-05  maxQ +0.0181  changes   468  10.6 min
episode 716/1013  eps 0.010  train return  +85.03%  loss 4.30e-05  maxQ +0.0182  changes   470  10.6 min
episode 717/1013  eps 0.010  train return  +57.03%  loss 4.28e-05  maxQ +0.0180  changes   480  10.7 min
episode 718/1013  eps 0.010  train return  +46.02%  loss 4.16e-05  maxQ +0.0180  changes   426  10.7 min
episode 719/1013  eps 0.010  train return +103.60%  loss 3.87e-05  maxQ +0.0182  changes   482  10.7 min
episode 720/1013  eps 0.010  train return +337.25%  loss 4.16e-05  maxQ +0.0176  changes   474  10.7 min | val return -2.14% (best +9.81%)
episode 721/1013  eps 0.010  train return  +86.57%  loss 4.36e-05  maxQ +0.0177  changes   478  10.7 min
episode 722/1013  eps 0.010  train return +173.96%  loss 3.97e-05  maxQ +0.0176  changes   501  10.7 min
episode 723/1013  eps 0.010  train return +125.84%  loss 4.10e-05  maxQ +0.0186  changes   435  10.8 min
episode 724/1013  eps 0.010  train return +148.72%  loss 3.97e-05  maxQ +0.0184  changes   489  10.8 min
episode 725/1013  eps 0.010  train return  +66.58%  loss 4.31e-05  maxQ +0.0182  changes   429  10.8 min
episode 726/1013  eps 0.010  train return +206.95%  loss 4.11e-05  maxQ +0.0187  changes   499  10.8 min
episode 727/1013  eps 0.010  train return +226.81%  loss 4.35e-05  maxQ +0.0192  changes   530  10.8 min
episode 728/1013  eps 0.010  train return  +90.64%  loss 4.43e-05  maxQ +0.0186  changes   509  10.8 min
episode 729/1013  eps 0.010  train return +104.42%  loss 4.37e-05  maxQ +0.0186  changes   529  10.8 min
episode 730/1013  eps 0.010  train return +124.91%  loss 4.11e-05  maxQ +0.0192  changes   473  10.8 min | val return -10.38% (best +9.81%)
episode 731/1013  eps 0.010  train return  +18.78%  loss 4.24e-05  maxQ +0.0190  changes   500  10.9 min
episode 732/1013  eps 0.010  train return +158.66%  loss 4.34e-05  maxQ +0.0190  changes   477  10.9 min
episode 733/1013  eps 0.010  train return   +6.71%  loss 4.49e-05  maxQ +0.0196  changes   441  10.9 min
episode 734/1013  eps 0.010  train return +351.08%  loss 4.20e-05  maxQ +0.0189  changes   502  10.9 min
episode 735/1013  eps 0.010  train return +140.00%  loss 4.26e-05  maxQ +0.0196  changes   463  10.9 min
episode 736/1013  eps 0.010  train return  +70.79%  loss 4.22e-05  maxQ +0.0193  changes   476  10.9 min
episode 737/1013  eps 0.010  train return +132.76%  loss 4.06e-05  maxQ +0.0193  changes   488  11.0 min
episode 738/1013  eps 0.010  train return  +43.69%  loss 3.95e-05  maxQ +0.0188  changes   418  11.0 min
episode 739/1013  eps 0.010  train return +125.87%  loss 3.87e-05  maxQ +0.0189  changes   478  11.0 min
episode 740/1013  eps 0.010  train return  +81.85%  loss 4.14e-05  maxQ +0.0191  changes   460  11.0 min | val return -24.36% (best +9.81%)
episode 741/1013  eps 0.010  train return +146.45%  loss 4.00e-05  maxQ +0.0192  changes   481  11.0 min
episode 742/1013  eps 0.010  train return  +25.81%  loss 3.93e-05  maxQ +0.0187  changes   463  11.0 min
episode 743/1013  eps 0.010  train return +135.47%  loss 3.75e-05  maxQ +0.0190  changes   496  11.1 min
episode 744/1013  eps 0.010  train return   +2.60%  loss 3.88e-05  maxQ +0.0195  changes   386  11.1 min
episode 745/1013  eps 0.010  train return +180.97%  loss 4.29e-05  maxQ +0.0192  changes   506  11.1 min
episode 746/1013  eps 0.010  train return  +44.38%  loss 4.11e-05  maxQ +0.0188  changes   397  11.1 min
episode 747/1013  eps 0.010  train return  +53.58%  loss 4.00e-05  maxQ +0.0199  changes   429  11.1 min
episode 748/1013  eps 0.010  train return  +94.16%  loss 4.21e-05  maxQ +0.0197  changes   465  11.1 min
episode 749/1013  eps 0.010  train return +143.25%  loss 4.56e-05  maxQ +0.0193  changes   499  11.1 min
episode 750/1013  eps 0.010  train return  +87.41%  loss 4.15e-05  maxQ +0.0193  changes   501  11.2 min | val return -26.00% (best +9.81%)
episode 751/1013  eps 0.010  train return +164.34%  loss 4.21e-05  maxQ +0.0189  changes   496  11.2 min
episode 752/1013  eps 0.010  train return   +4.87%  loss 4.19e-05  maxQ +0.0196  changes   418  11.2 min
episode 753/1013  eps 0.010  train return +121.18%  loss 3.82e-05  maxQ +0.0181  changes   487  11.2 min
episode 754/1013  eps 0.010  train return  +42.57%  loss 4.01e-05  maxQ +0.0187  changes   474  11.2 min
episode 755/1013  eps 0.010  train return +225.06%  loss 4.25e-05  maxQ +0.0191  changes   478  11.2 min
episode 756/1013  eps 0.010  train return +127.69%  loss 3.92e-05  maxQ +0.0185  changes   501  11.3 min
episode 757/1013  eps 0.010  train return   +3.97%  loss 4.42e-05  maxQ +0.0194  changes   395  11.3 min
episode 758/1013  eps 0.010  train return  +92.06%  loss 4.52e-05  maxQ +0.0200  changes   476  11.3 min
episode 759/1013  eps 0.010  train return  +87.80%  loss 4.69e-05  maxQ +0.0197  changes   479  11.3 min
episode 760/1013  eps 0.010  train return  +65.20%  loss 4.34e-05  maxQ +0.0197  changes   475  11.3 min | val return -11.02% (best +9.81%)
episode 761/1013  eps 0.010  train return  +92.84%  loss 4.45e-05  maxQ +0.0194  changes   506  11.3 min
episode 762/1013  eps 0.010  train return  +66.42%  loss 4.40e-05  maxQ +0.0188  changes   428  11.3 min
episode 763/1013  eps 0.010  train return +101.93%  loss 4.75e-05  maxQ +0.0197  changes   460  11.4 min
episode 764/1013  eps 0.010  train return  +61.56%  loss 4.48e-05  maxQ +0.0193  changes   505  11.4 min
episode 765/1013  eps 0.010  train return  +77.90%  loss 4.39e-05  maxQ +0.0189  changes   418  11.4 min
episode 766/1013  eps 0.010  train return  +80.97%  loss 4.29e-05  maxQ +0.0186  changes   489  11.4 min
episode 767/1013  eps 0.010  train return  +16.92%  loss 4.23e-05  maxQ +0.0184  changes   416  11.4 min
episode 768/1013  eps 0.010  train return  +11.31%  loss 4.41e-05  maxQ +0.0183  changes   462  11.4 min
episode 769/1013  eps 0.010  train return  +22.55%  loss 4.29e-05  maxQ +0.0188  changes   443  11.4 min
episode 770/1013  eps 0.010  train return +183.93%  loss 4.01e-05  maxQ +0.0180  changes   516  11.5 min | val return -22.52% (best +9.81%)
episode 771/1013  eps 0.010  train return +212.79%  loss 4.05e-05  maxQ +0.0188  changes   506  11.5 min
episode 772/1013  eps 0.010  train return +221.92%  loss 4.32e-05  maxQ +0.0192  changes   500  11.5 min
episode 773/1013  eps 0.010  train return +139.54%  loss 4.22e-05  maxQ +0.0187  changes   497  11.5 min
episode 774/1013  eps 0.010  train return +194.28%  loss 4.22e-05  maxQ +0.0191  changes   499  11.5 min
episode 775/1013  eps 0.010  train return  +55.52%  loss 3.89e-05  maxQ +0.0181  changes   445  11.5 min
episode 776/1013  eps 0.010  train return   +7.58%  loss 4.07e-05  maxQ +0.0181  changes   463  11.6 min
episode 777/1013  eps 0.010  train return +146.95%  loss 4.12e-05  maxQ +0.0178  changes   510  11.6 min
episode 778/1013  eps 0.010  train return +197.06%  loss 4.15e-05  maxQ +0.0186  changes   480  11.6 min
episode 779/1013  eps 0.010  train return  +46.58%  loss 4.28e-05  maxQ +0.0186  changes   462  11.6 min
episode 780/1013  eps 0.010  train return  +29.72%  loss 4.44e-05  maxQ +0.0183  changes   476  11.6 min | val return -23.82% (best +9.81%)
episode 781/1013  eps 0.010  train return   +7.39%  loss 4.14e-05  maxQ +0.0182  changes   429  11.6 min
episode 782/1013  eps 0.010  train return +287.06%  loss 4.20e-05  maxQ +0.0185  changes   502  11.7 min
episode 783/1013  eps 0.010  train return  +15.82%  loss 4.01e-05  maxQ +0.0178  changes   466  11.7 min
episode 784/1013  eps 0.010  train return +215.53%  loss 4.23e-05  maxQ +0.0180  changes   496  11.7 min
episode 785/1013  eps 0.010  train return  +14.42%  loss 4.57e-05  maxQ +0.0183  changes   412  11.7 min
episode 786/1013  eps 0.010  train return +143.85%  loss 4.23e-05  maxQ +0.0181  changes   476  11.7 min
episode 787/1013  eps 0.010  train return +121.62%  loss 4.40e-05  maxQ +0.0183  changes   463  11.7 min
episode 788/1013  eps 0.010  train return  +25.98%  loss 4.65e-05  maxQ +0.0184  changes   454  11.7 min
episode 789/1013  eps 0.010  train return +168.92%  loss 4.21e-05  maxQ +0.0185  changes   499  11.8 min
episode 790/1013  eps 0.010  train return  +92.92%  loss 4.43e-05  maxQ +0.0185  changes   476  11.8 min | val return -20.38% (best +9.81%)
episode 791/1013  eps 0.010  train return  +34.53%  loss 4.29e-05  maxQ +0.0183  changes   486  11.8 min
episode 792/1013  eps 0.010  train return  +60.36%  loss 4.17e-05  maxQ +0.0183  changes   455  11.8 min
episode 793/1013  eps 0.010  train return  +32.02%  loss 4.03e-05  maxQ +0.0186  changes   419  11.8 min
episode 794/1013  eps 0.010  train return +106.32%  loss 4.15e-05  maxQ +0.0183  changes   445  11.8 min
episode 795/1013  eps 0.010  train return +382.68%  loss 4.45e-05  maxQ +0.0188  changes   468  11.8 min
episode 796/1013  eps 0.010  train return +127.00%  loss 4.74e-05  maxQ +0.0188  changes   482  11.9 min
episode 797/1013  eps 0.010  train return +283.60%  loss 4.70e-05  maxQ +0.0185  changes   482  11.9 min
episode 798/1013  eps 0.010  train return  +25.24%  loss 4.50e-05  maxQ +0.0190  changes   450  11.9 min
episode 799/1013  eps 0.010  train return  +74.79%  loss 4.32e-05  maxQ +0.0190  changes   445  11.9 min
episode 800/1013  eps 0.010  train return +214.85%  loss 4.21e-05  maxQ +0.0187  changes   509  11.9 min | val return -17.67% (best +9.81%)
episode 801/1013  eps 0.010  train return  +84.57%  loss 4.44e-05  maxQ +0.0192  changes   508  11.9 min
episode 802/1013  eps 0.010  train return  +20.62%  loss 4.16e-05  maxQ +0.0187  changes   471  11.9 min
episode 803/1013  eps 0.010  train return  +31.99%  loss 4.36e-05  maxQ +0.0192  changes   426  12.0 min
episode 804/1013  eps 0.010  train return +115.92%  loss 4.43e-05  maxQ +0.0189  changes   479  12.0 min
episode 805/1013  eps 0.010  train return  +38.13%  loss 4.48e-05  maxQ +0.0184  changes   449  12.0 min
episode 806/1013  eps 0.010  train return +180.42%  loss 4.24e-05  maxQ +0.0185  changes   480  12.0 min
episode 807/1013  eps 0.010  train return +227.94%  loss 4.45e-05  maxQ +0.0184  changes   507  12.0 min
episode 808/1013  eps 0.010  train return +138.50%  loss 4.47e-05  maxQ +0.0181  changes   502  12.0 min
episode 809/1013  eps 0.010  train return  +84.03%  loss 4.54e-05  maxQ +0.0181  changes   462  12.0 min
episode 810/1013  eps 0.010  train return  +85.86%  loss 4.32e-05  maxQ +0.0177  changes   453  12.1 min | val return +1.84% (best +9.81%)
episode 811/1013  eps 0.010  train return +216.47%  loss 4.32e-05  maxQ +0.0181  changes   482  12.1 min
episode 812/1013  eps 0.010  train return  +80.25%  loss 4.67e-05  maxQ +0.0182  changes   481  12.1 min
episode 813/1013  eps 0.010  train return  +47.58%  loss 4.11e-05  maxQ +0.0179  changes   412  12.1 min
episode 814/1013  eps 0.010  train return +248.43%  loss 4.22e-05  maxQ +0.0180  changes   482  12.1 min
episode 815/1013  eps 0.010  train return +420.20%  loss 4.48e-05  maxQ +0.0182  changes   518  12.1 min
episode 816/1013  eps 0.010  train return +206.56%  loss 4.54e-05  maxQ +0.0186  changes   477  12.2 min
episode 817/1013  eps 0.010  train return   +1.54%  loss 4.58e-05  maxQ +0.0190  changes   415  12.2 min
episode 818/1013  eps 0.010  train return +263.86%  loss 4.32e-05  maxQ +0.0188  changes   469  12.2 min
episode 819/1013  eps 0.010  train return +218.51%  loss 4.57e-05  maxQ +0.0190  changes   503  12.2 min
episode 820/1013  eps 0.010  train return  +68.33%  loss 4.62e-05  maxQ +0.0193  changes   458  12.2 min | val return -10.79% (best +9.81%)
episode 821/1013  eps 0.010  train return +598.40%  loss 4.80e-05  maxQ +0.0196  changes   493  12.2 min
episode 822/1013  eps 0.010  train return  +91.24%  loss 4.69e-05  maxQ +0.0200  changes   498  12.3 min
episode 823/1013  eps 0.010  train return +175.33%  loss 4.45e-05  maxQ +0.0195  changes   453  12.3 min
episode 824/1013  eps 0.010  train return +253.43%  loss 4.72e-05  maxQ +0.0196  changes   523  12.3 min
episode 825/1013  eps 0.010  train return +242.31%  loss 4.70e-05  maxQ +0.0202  changes   447  12.3 min
episode 826/1013  eps 0.010  train return +253.15%  loss 5.07e-05  maxQ +0.0194  changes   492  12.3 min
episode 827/1013  eps 0.010  train return  +39.13%  loss 5.06e-05  maxQ +0.0199  changes   478  12.3 min
episode 828/1013  eps 0.010  train return +157.11%  loss 5.02e-05  maxQ +0.0200  changes   478  12.3 min
episode 829/1013  eps 0.010  train return +432.77%  loss 4.90e-05  maxQ +0.0194  changes   490  12.4 min
episode 830/1013  eps 0.010  train return +380.66%  loss 4.74e-05  maxQ +0.0188  changes   493  12.4 min | val return -26.18% (best +9.81%)
episode 831/1013  eps 0.010  train return +345.17%  loss 4.76e-05  maxQ +0.0189  changes   510  12.4 min
episode 832/1013  eps 0.010  train return +264.16%  loss 4.94e-05  maxQ +0.0195  changes   483  12.4 min
episode 833/1013  eps 0.010  train return  +42.04%  loss 4.84e-05  maxQ +0.0197  changes   417  12.4 min
episode 834/1013  eps 0.010  train return +473.88%  loss 4.93e-05  maxQ +0.0196  changes   479  12.4 min
episode 835/1013  eps 0.010  train return  +78.95%  loss 4.86e-05  maxQ +0.0208  changes   510  12.5 min
episode 836/1013  eps 0.010  train return +150.11%  loss 4.99e-05  maxQ +0.0206  changes   504  12.5 min
episode 837/1013  eps 0.010  train return +305.24%  loss 5.16e-05  maxQ +0.0205  changes   511  12.5 min
episode 838/1013  eps 0.010  train return  +28.20%  loss 5.11e-05  maxQ +0.0206  changes   394  12.5 min
episode 839/1013  eps 0.010  train return +265.64%  loss 4.94e-05  maxQ +0.0216  changes   543  12.5 min
episode 840/1013  eps 0.010  train return +323.73%  loss 4.74e-05  maxQ +0.0211  changes   504  12.5 min | val return -16.31% (best +9.81%)
episode 841/1013  eps 0.010  train return +268.12%  loss 5.10e-05  maxQ +0.0213  changes   503  12.6 min
episode 842/1013  eps 0.010  train return  +41.15%  loss 5.06e-05  maxQ +0.0214  changes   459  12.6 min
episode 843/1013  eps 0.010  train return  +93.85%  loss 4.99e-05  maxQ +0.0213  changes   485  12.6 min
episode 844/1013  eps 0.010  train return   +7.42%  loss 5.12e-05  maxQ +0.0214  changes   426  12.6 min
episode 845/1013  eps 0.010  train return  +13.28%  loss 5.04e-05  maxQ +0.0215  changes   435  12.6 min
episode 846/1013  eps 0.010  train return +284.39%  loss 4.80e-05  maxQ +0.0210  changes   490  12.6 min
episode 847/1013  eps 0.010  train return  +65.28%  loss 4.92e-05  maxQ +0.0210  changes   463  12.6 min
episode 848/1013  eps 0.010  train return +221.37%  loss 5.54e-05  maxQ +0.0208  changes   494  12.7 min
episode 849/1013  eps 0.010  train return   -6.21%  loss 5.05e-05  maxQ +0.0207  changes   372  12.7 min
episode 850/1013  eps 0.010  train return  +90.34%  loss 4.94e-05  maxQ +0.0206  changes   492  12.7 min | val return -12.46% (best +9.81%)
episode 851/1013  eps 0.010  train return  +52.35%  loss 4.86e-05  maxQ +0.0205  changes   453  12.7 min
episode 852/1013  eps 0.010  train return  +38.57%  loss 5.16e-05  maxQ +0.0195  changes   466  12.7 min
episode 853/1013  eps 0.010  train return  +91.51%  loss 5.22e-05  maxQ +0.0198  changes   518  12.7 min
episode 854/1013  eps 0.010  train return  +18.82%  loss 4.99e-05  maxQ +0.0193  changes   404  12.8 min
episode 855/1013  eps 0.010  train return +320.38%  loss 5.11e-05  maxQ +0.0198  changes   515  12.8 min
episode 856/1013  eps 0.010  train return  +59.67%  loss 4.86e-05  maxQ +0.0201  changes   453  12.8 min
episode 857/1013  eps 0.010  train return  +57.60%  loss 4.94e-05  maxQ +0.0195  changes   499  12.8 min
episode 858/1013  eps 0.010  train return +116.51%  loss 5.02e-05  maxQ +0.0197  changes   512  12.8 min
episode 859/1013  eps 0.010  train return +110.15%  loss 5.24e-05  maxQ +0.0198  changes   497  12.8 min
episode 860/1013  eps 0.010  train return +297.95%  loss 5.06e-05  maxQ +0.0207  changes   484  12.8 min | val return -15.62% (best +9.81%)
episode 861/1013  eps 0.010  train return  +18.31%  loss 4.94e-05  maxQ +0.0196  changes   503  12.9 min
episode 862/1013  eps 0.010  train return  +79.33%  loss 4.88e-05  maxQ +0.0190  changes   475  12.9 min
episode 863/1013  eps 0.010  train return +325.55%  loss 5.09e-05  maxQ +0.0195  changes   483  12.9 min
episode 864/1013  eps 0.010  train return  +67.38%  loss 5.35e-05  maxQ +0.0198  changes   447  12.9 min
episode 865/1013  eps 0.010  train return  +21.98%  loss 5.39e-05  maxQ +0.0196  changes   418  12.9 min
episode 866/1013  eps 0.010  train return +244.90%  loss 5.03e-05  maxQ +0.0203  changes   538  12.9 min
episode 867/1013  eps 0.010  train return   +7.06%  loss 4.91e-05  maxQ +0.0208  changes   459  12.9 min
episode 868/1013  eps 0.010  train return  +50.23%  loss 5.00e-05  maxQ +0.0203  changes   401  13.0 min
episode 869/1013  eps 0.010  train return  +17.74%  loss 5.05e-05  maxQ +0.0205  changes   474  13.0 min
episode 870/1013  eps 0.010  train return  +17.59%  loss 4.95e-05  maxQ +0.0205  changes   415  13.0 min | val return -11.82% (best +9.81%)
episode 871/1013  eps 0.010  train return +110.70%  loss 4.94e-05  maxQ +0.0206  changes   493  13.0 min
episode 872/1013  eps 0.010  train return +253.18%  loss 5.04e-05  maxQ +0.0206  changes   521  13.0 min
episode 873/1013  eps 0.010  train return   -2.67%  loss 5.24e-05  maxQ +0.0210  changes   431  13.0 min
episode 874/1013  eps 0.010  train return +298.51%  loss 4.97e-05  maxQ +0.0204  changes   522  13.1 min
episode 875/1013  eps 0.010  train return  +55.73%  loss 5.22e-05  maxQ +0.0210  changes   460  13.1 min
episode 876/1013  eps 0.010  train return +179.65%  loss 5.15e-05  maxQ +0.0212  changes   530  13.1 min
episode 877/1013  eps 0.010  train return  +90.18%  loss 5.16e-05  maxQ +0.0211  changes   526  13.1 min
episode 878/1013  eps 0.010  train return +418.07%  loss 4.97e-05  maxQ +0.0207  changes   516  13.1 min
episode 879/1013  eps 0.010  train return +186.07%  loss 5.33e-05  maxQ +0.0209  changes   532  13.1 min
episode 880/1013  eps 0.010  train return  +75.20%  loss 5.06e-05  maxQ +0.0201  changes   499  13.1 min | val return -18.71% (best +9.81%)
episode 881/1013  eps 0.010  train return +193.90%  loss 5.00e-05  maxQ +0.0204  changes   506  13.2 min
episode 882/1013  eps 0.010  train return  +96.11%  loss 5.55e-05  maxQ +0.0209  changes   535  13.2 min
episode 883/1013  eps 0.010  train return  +46.49%  loss 4.95e-05  maxQ +0.0210  changes   451  13.2 min
episode 884/1013  eps 0.010  train return  +66.74%  loss 4.82e-05  maxQ +0.0206  changes   500  13.2 min
episode 885/1013  eps 0.010  train return +422.23%  loss 4.97e-05  maxQ +0.0206  changes   484  13.2 min
episode 886/1013  eps 0.010  train return  +37.29%  loss 4.98e-05  maxQ +0.0206  changes   449  13.2 min
episode 887/1013  eps 0.010  train return  +66.05%  loss 4.91e-05  maxQ +0.0205  changes   464  13.3 min
episode 888/1013  eps 0.010  train return  +36.48%  loss 5.08e-05  maxQ +0.0204  changes   500  13.3 min
episode 889/1013  eps 0.010  train return  +26.54%  loss 4.59e-05  maxQ +0.0214  changes   483  13.3 min
episode 890/1013  eps 0.010  train return +108.08%  loss 4.56e-05  maxQ +0.0210  changes   493  13.3 min | val return -16.55% (best +9.81%)
episode 891/1013  eps 0.010  train return +159.10%  loss 5.13e-05  maxQ +0.0209  changes   533  13.3 min
episode 892/1013  eps 0.010  train return +151.07%  loss 5.02e-05  maxQ +0.0208  changes   541  13.3 min
episode 893/1013  eps 0.010  train return  +97.27%  loss 4.67e-05  maxQ +0.0201  changes   505  13.3 min
episode 894/1013  eps 0.010  train return  +25.78%  loss 4.80e-05  maxQ +0.0208  changes   506  13.4 min
episode 895/1013  eps 0.010  train return  +17.46%  loss 4.73e-05  maxQ +0.0205  changes   484  13.4 min
episode 896/1013  eps 0.010  train return +157.39%  loss 4.48e-05  maxQ +0.0200  changes   499  13.4 min
episode 897/1013  eps 0.010  train return +357.16%  loss 4.72e-05  maxQ +0.0208  changes   494  13.4 min
episode 898/1013  eps 0.010  train return  +29.88%  loss 4.45e-05  maxQ +0.0196  changes   495  13.4 min
episode 899/1013  eps 0.010  train return  +94.06%  loss 4.58e-05  maxQ +0.0200  changes   501  13.4 min
episode 900/1013  eps 0.010  train return +276.19%  loss 4.53e-05  maxQ +0.0196  changes   518  13.4 min | val return -4.73% (best +9.81%)
episode 901/1013  eps 0.010  train return  +89.63%  loss 4.50e-05  maxQ +0.0197  changes   512  13.5 min
episode 902/1013  eps 0.010  train return +279.60%  loss 4.44e-05  maxQ +0.0193  changes   528  13.5 min
episode 903/1013  eps 0.010  train return  +47.33%  loss 4.44e-05  maxQ +0.0184  changes   505  13.5 min
episode 904/1013  eps 0.010  train return +123.84%  loss 4.58e-05  maxQ +0.0192  changes   511  13.5 min
episode 905/1013  eps 0.010  train return  +20.78%  loss 4.19e-05  maxQ +0.0191  changes   490  13.5 min
episode 906/1013  eps 0.010  train return  +98.89%  loss 4.39e-05  maxQ +0.0189  changes   495  13.5 min
episode 907/1013  eps 0.010  train return  +46.09%  loss 4.55e-05  maxQ +0.0196  changes   513  13.6 min
episode 908/1013  eps 0.010  train return  +36.15%  loss 4.24e-05  maxQ +0.0188  changes   467  13.6 min
episode 909/1013  eps 0.010  train return  +31.66%  loss 4.24e-05  maxQ +0.0185  changes   486  13.6 min
episode 910/1013  eps 0.010  train return +171.13%  loss 3.97e-05  maxQ +0.0184  changes   530  13.6 min | val return -17.67% (best +9.81%)
episode 911/1013  eps 0.010  train return +123.08%  loss 4.40e-05  maxQ +0.0186  changes   500  13.6 min
episode 912/1013  eps 0.010  train return   +4.43%  loss 4.12e-05  maxQ +0.0184  changes   402  13.6 min
episode 913/1013  eps 0.010  train return  +32.28%  loss 3.97e-05  maxQ +0.0178  changes   468  13.7 min
episode 914/1013  eps 0.010  train return +395.59%  loss 4.33e-05  maxQ +0.0186  changes   496  13.7 min
episode 915/1013  eps 0.010  train return  +35.21%  loss 4.19e-05  maxQ +0.0182  changes   502  13.7 min
episode 916/1013  eps 0.010  train return +667.74%  loss 4.27e-05  maxQ +0.0186  changes   499  13.7 min
episode 917/1013  eps 0.010  train return  +17.22%  loss 4.31e-05  maxQ +0.0188  changes   440  13.7 min
episode 918/1013  eps 0.010  train return  +79.88%  loss 4.19e-05  maxQ +0.0186  changes   496  13.7 min
episode 919/1013  eps 0.010  train return +163.35%  loss 4.20e-05  maxQ +0.0190  changes   501  13.7 min
episode 920/1013  eps 0.010  train return +250.60%  loss 4.29e-05  maxQ +0.0193  changes   495  13.7 min | val return -24.48% (best +9.81%)
episode 921/1013  eps 0.010  train return  +43.50%  loss 4.50e-05  maxQ +0.0190  changes   509  13.8 min
episode 922/1013  eps 0.010  train return +130.28%  loss 4.50e-05  maxQ +0.0199  changes   462  13.8 min
episode 923/1013  eps 0.010  train return  +85.66%  loss 4.31e-05  maxQ +0.0198  changes   523  13.8 min
episode 924/1013  eps 0.010  train return +189.31%  loss 4.23e-05  maxQ +0.0191  changes   479  13.8 min
episode 925/1013  eps 0.010  train return  +18.35%  loss 4.18e-05  maxQ +0.0198  changes   470  13.8 min
episode 926/1013  eps 0.010  train return  +27.52%  loss 4.17e-05  maxQ +0.0194  changes   482  13.8 min
episode 927/1013  eps 0.010  train return +188.89%  loss 4.30e-05  maxQ +0.0188  changes   507  13.9 min
episode 928/1013  eps 0.010  train return +149.40%  loss 4.15e-05  maxQ +0.0189  changes   511  13.9 min
episode 929/1013  eps 0.010  train return  +28.03%  loss 4.06e-05  maxQ +0.0189  changes   521  13.9 min
episode 930/1013  eps 0.010  train return  +12.61%  loss 4.04e-05  maxQ +0.0181  changes   440  13.9 min | val return -24.90% (best +9.81%)
episode 931/1013  eps 0.010  train return +224.19%  loss 3.91e-05  maxQ +0.0177  changes   508  13.9 min
episode 932/1013  eps 0.010  train return  +17.44%  loss 3.96e-05  maxQ +0.0180  changes   469  13.9 min
episode 933/1013  eps 0.010  train return  +15.75%  loss 4.01e-05  maxQ +0.0178  changes   493  13.9 min
episode 934/1013  eps 0.010  train return  +39.30%  loss 4.03e-05  maxQ +0.0177  changes   496  14.0 min
episode 935/1013  eps 0.010  train return +406.88%  loss 4.17e-05  maxQ +0.0179  changes   500  14.0 min
episode 936/1013  eps 0.010  train return  +17.75%  loss 4.08e-05  maxQ +0.0185  changes   474  14.0 min
episode 937/1013  eps 0.010  train return  +72.63%  loss 3.93e-05  maxQ +0.0190  changes   469  14.0 min
episode 938/1013  eps 0.010  train return  +91.24%  loss 4.40e-05  maxQ +0.0185  changes   499  14.0 min
episode 939/1013  eps 0.010  train return +491.08%  loss 4.11e-05  maxQ +0.0182  changes   495  14.0 min
episode 940/1013  eps 0.010  train return +132.06%  loss 4.09e-05  maxQ +0.0190  changes   492  14.1 min | val return -23.86% (best +9.81%)
episode 941/1013  eps 0.010  train return  +29.06%  loss 4.36e-05  maxQ +0.0184  changes   450  14.1 min
episode 942/1013  eps 0.010  train return  +66.97%  loss 4.17e-05  maxQ +0.0183  changes   479  14.1 min
episode 943/1013  eps 0.010  train return  +31.72%  loss 4.33e-05  maxQ +0.0187  changes   445  14.1 min
episode 944/1013  eps 0.010  train return +118.32%  loss 4.16e-05  maxQ +0.0186  changes   531  14.1 min
episode 945/1013  eps 0.010  train return +335.26%  loss 4.22e-05  maxQ +0.0186  changes   459  14.1 min
episode 946/1013  eps 0.010  train return  +26.96%  loss 3.88e-05  maxQ +0.0182  changes   434  14.2 min
episode 947/1013  eps 0.010  train return +136.15%  loss 4.14e-05  maxQ +0.0183  changes   496  14.2 min
episode 948/1013  eps 0.010  train return  +41.22%  loss 4.13e-05  maxQ +0.0181  changes   410  14.2 min
episode 949/1013  eps 0.010  train return  +28.62%  loss 4.19e-05  maxQ +0.0185  changes   420  14.2 min
episode 950/1013  eps 0.010  train return  +74.63%  loss 4.10e-05  maxQ +0.0185  changes   418  14.2 min | val return -22.34% (best +9.81%)
episode 951/1013  eps 0.010  train return  +18.10%  loss 4.10e-05  maxQ +0.0183  changes   504  14.2 min
episode 952/1013  eps 0.010  train return  +15.76%  loss 3.97e-05  maxQ +0.0181  changes   421  14.3 min
episode 953/1013  eps 0.010  train return +143.09%  loss 3.94e-05  maxQ +0.0181  changes   505  14.3 min
episode 954/1013  eps 0.010  train return  +28.61%  loss 3.95e-05  maxQ +0.0179  changes   456  14.3 min
episode 955/1013  eps 0.010  train return  +29.75%  loss 4.24e-05  maxQ +0.0180  changes   466  14.3 min
episode 956/1013  eps 0.010  train return  +55.80%  loss 4.30e-05  maxQ +0.0187  changes   498  14.3 min
episode 957/1013  eps 0.010  train return  +41.91%  loss 4.22e-05  maxQ +0.0182  changes   451  14.3 min
episode 958/1013  eps 0.010  train return  +20.72%  loss 4.04e-05  maxQ +0.0182  changes   412  14.3 min
episode 959/1013  eps 0.010  train return  +86.31%  loss 4.00e-05  maxQ +0.0186  changes   510  14.3 min
episode 960/1013  eps 0.010  train return  +25.42%  loss 3.94e-05  maxQ +0.0188  changes   449  14.4 min | val return -25.18% (best +9.81%)
episode 961/1013  eps 0.010  train return +109.74%  loss 4.00e-05  maxQ +0.0183  changes   507  14.4 min
episode 962/1013  eps 0.010  train return +140.89%  loss 4.22e-05  maxQ +0.0182  changes   513  14.4 min
episode 963/1013  eps 0.010  train return  +24.51%  loss 3.77e-05  maxQ +0.0185  changes   453  14.4 min
episode 964/1013  eps 0.010  train return  +45.27%  loss 4.20e-05  maxQ +0.0182  changes   489  14.4 min
episode 965/1013  eps 0.010  train return  +32.17%  loss 4.03e-05  maxQ +0.0179  changes   469  14.4 min
episode 966/1013  eps 0.010  train return +194.67%  loss 4.08e-05  maxQ +0.0184  changes   510  14.5 min
episode 967/1013  eps 0.010  train return  +17.94%  loss 4.28e-05  maxQ +0.0181  changes   423  14.5 min
episode 968/1013  eps 0.010  train return +223.60%  loss 3.76e-05  maxQ +0.0182  changes   507  14.5 min
episode 969/1013  eps 0.010  train return +198.66%  loss 3.91e-05  maxQ +0.0176  changes   506  14.5 min
episode 970/1013  eps 0.010  train return +227.20%  loss 3.92e-05  maxQ +0.0178  changes   526  14.5 min | val return -9.29% (best +9.81%)
episode 971/1013  eps 0.010  train return +214.11%  loss 4.18e-05  maxQ +0.0182  changes   442  14.6 min
episode 972/1013  eps 0.010  train return  +32.43%  loss 3.91e-05  maxQ +0.0180  changes   479  14.6 min
episode 973/1013  eps 0.010  train return  +23.24%  loss 3.98e-05  maxQ +0.0185  changes   400  14.6 min
episode 974/1013  eps 0.010  train return +173.40%  loss 4.01e-05  maxQ +0.0182  changes   486  14.6 min
episode 975/1013  eps 0.010  train return  +28.98%  loss 3.77e-05  maxQ +0.0173  changes   473  14.6 min
episode 976/1013  eps 0.010  train return  +74.03%  loss 3.65e-05  maxQ +0.0171  changes   450  14.6 min
episode 977/1013  eps 0.010  train return +201.90%  loss 3.80e-05  maxQ +0.0177  changes   498  14.6 min
episode 978/1013  eps 0.010  train return +212.52%  loss 4.64e-05  maxQ +0.0180  changes   488  14.7 min
episode 979/1013  eps 0.010  train return  +20.92%  loss 4.13e-05  maxQ +0.0179  changes   404  14.7 min
episode 980/1013  eps 0.010  train return  +20.52%  loss 4.11e-05  maxQ +0.0183  changes   437  14.7 min | val return -14.35% (best +9.81%)
episode 981/1013  eps 0.010  train return  +70.61%  loss 3.95e-05  maxQ +0.0185  changes   460  14.7 min
episode 982/1013  eps 0.010  train return  +58.81%  loss 3.97e-05  maxQ +0.0180  changes   470  14.7 min
episode 983/1013  eps 0.010  train return  +41.63%  loss 3.93e-05  maxQ +0.0183  changes   464  14.7 min
episode 984/1013  eps 0.010  train return +126.16%  loss 3.94e-05  maxQ +0.0182  changes   523  14.7 min
episode 985/1013  eps 0.010  train return +295.91%  loss 3.81e-05  maxQ +0.0178  changes   488  14.8 min
episode 986/1013  eps 0.010  train return +102.67%  loss 3.93e-05  maxQ +0.0179  changes   492  14.8 min
episode 987/1013  eps 0.010  train return  +33.49%  loss 4.03e-05  maxQ +0.0181  changes   513  14.8 min
episode 988/1013  eps 0.010  train return +124.10%  loss 3.88e-05  maxQ +0.0185  changes   511  14.8 min
episode 989/1013  eps 0.010  train return  +34.36%  loss 3.66e-05  maxQ +0.0180  changes   462  14.8 min
episode 990/1013  eps 0.010  train return  +24.21%  loss 3.74e-05  maxQ +0.0176  changes   459  14.8 min | val return -7.07% (best +9.81%)
episode 991/1013  eps 0.010  train return +103.49%  loss 3.81e-05  maxQ +0.0172  changes   462  14.9 min
episode 992/1013  eps 0.010  train return +105.64%  loss 3.77e-05  maxQ +0.0182  changes   465  14.9 min
episode 993/1013  eps 0.010  train return  +70.11%  loss 3.78e-05  maxQ +0.0179  changes   452  14.9 min
episode 994/1013  eps 0.010  train return  +76.41%  loss 3.48e-05  maxQ +0.0172  changes   428  14.9 min
episode 995/1013  eps 0.010  train return  +32.13%  loss 3.61e-05  maxQ +0.0175  changes   426  14.9 min
episode 996/1013  eps 0.010  train return  +46.45%  loss 3.62e-05  maxQ +0.0170  changes   485  14.9 min
episode 997/1013  eps 0.010  train return  +50.57%  loss 3.61e-05  maxQ +0.0172  changes   433  15.0 min
episode 998/1013  eps 0.010  train return  +23.52%  loss 3.50e-05  maxQ +0.0172  changes   434  15.0 min
episode 999/1013  eps 0.010  train return  +85.24%  loss 3.63e-05  maxQ +0.0172  changes   439  15.0 min
episode 1000/1013  eps 0.010  train return +514.25%  loss 3.93e-05  maxQ +0.0166  changes   489  15.0 min | val return -17.13% (best +9.81%)
episode 1001/1013  eps 0.010  train return  +86.87%  loss 4.33e-05  maxQ +0.0172  changes   465  15.0 min
episode 1002/1013  eps 0.010  train return +470.28%  loss 3.95e-05  maxQ +0.0176  changes   501  15.1 min
episode 1003/1013  eps 0.010  train return  +82.59%  loss 3.94e-05  maxQ +0.0173  changes   470  15.1 min
episode 1004/1013  eps 0.010  train return +268.87%  loss 3.77e-05  maxQ +0.0174  changes   506  15.1 min
episode 1005/1013  eps 0.010  train return  +46.04%  loss 3.95e-05  maxQ +0.0179  changes   449  15.1 min
episode 1006/1013  eps 0.010  train return +276.25%  loss 4.05e-05  maxQ +0.0175  changes   519  15.1 min
episode 1007/1013  eps 0.010  train return  +44.02%  loss 3.92e-05  maxQ +0.0174  changes   462  15.1 min
episode 1008/1013  eps 0.010  train return  +12.86%  loss 4.10e-05  maxQ +0.0175  changes   465  15.1 min
episode 1009/1013  eps 0.010  train return +133.28%  loss 3.98e-05  maxQ +0.0176  changes   532  15.2 min
episode 1010/1013  eps 0.010  train return  +84.96%  loss 3.87e-05  maxQ +0.0170  changes   446  15.2 min | val return -10.50% (best +9.81%)
episode 1011/1013  eps 0.010  train return   -0.84%  loss 3.86e-05  maxQ +0.0174  changes   452  15.2 min
episode 1012/1013  eps 0.010  train return  +49.77%  loss 3.80e-05  maxQ +0.0174  changes   480  15.2 min
episode 1013/1013  eps 0.010  train return  +53.50%  loss 3.80e-05  maxQ +0.0170  changes   458  15.2 min | val return +4.38% (best +9.81%)
model    env  portfolio_return  excess_return  n_changes
 last    val          0.044976       0.087594      917.1
 last val_w1          0.010689       0.037604      514.1
 last val_w2          0.025569       0.041002      416.3
 best    val          0.098113       0.140731      959.5
 best val_w1          0.106605       0.133521      523.5
 best val_w2          0.011357       0.026791      448.8
