Downloaded data: 30,528 candles, 2023-03-25 00:00:00+00:00 to 2026-09-16 23:00:00+00:00; no missing hours
dev_train: 28,152 candles, 2023-04-01 00:00:00+00:00 to 2026-06-16 23:00:00+00:00; no missing hours
val: 1,464 candles, 2026-06-17 00:00:00+00:00 to 2026-08-16 23:00:00+00:00; no missing hours
eval: 744 candles, 2026-08-17 00:00:00+00:00 to 2026-09-16 23:00:00+00:00; no missing hours
episode   1/1013  eps 1.000  train return  -16.38%  loss 3.18e-03  maxQ +0.2598  changes   579  0.0 min
episode   2/1013  eps 0.991  train return   -4.31%  loss 1.52e-03  maxQ +0.2622  changes   594  0.0 min
episode   3/1013  eps 0.982  train return   +7.85%  loss 1.35e-03  maxQ +0.2612  changes   583  0.0 min
episode   4/1013  eps 0.973  train return  -18.29%  loss 1.21e-03  maxQ +0.2607  changes   578  0.0 min
episode   5/1013  eps 0.964  train return  +34.48%  loss 1.03e-03  maxQ +0.2539  changes   580  0.1 min
episode   6/1013  eps 0.955  train return   +4.31%  loss 8.69e-04  maxQ +0.2404  changes   590  0.1 min
episode   7/1013  eps 0.947  train return   +2.94%  loss 7.10e-04  maxQ +0.2288  changes   581  0.1 min
episode   8/1013  eps 0.938  train return  -17.49%  loss 7.02e-04  maxQ +0.2211  changes   585  0.1 min
episode   9/1013  eps 0.929  train return  -26.33%  loss 6.03e-04  maxQ +0.2045  changes   580  0.1 min
episode  10/1013  eps 0.921  train return  -29.52%  loss 5.34e-04  maxQ +0.1896  changes   578  0.1 min | val return -23.88% (best -23.88%)
episode  11/1013  eps 0.913  train return  -13.82%  loss 5.71e-04  maxQ +0.1837  changes   563  0.1 min
episode  12/1013  eps 0.904  train return   -8.85%  loss 5.79e-04  maxQ +0.1699  changes   580  0.1 min
episode  13/1013  eps 0.896  train return   +9.29%  loss 4.31e-04  maxQ +0.1671  changes   576  0.2 min
episode  14/1013  eps 0.888  train return   -1.04%  loss 4.39e-04  maxQ +0.1581  changes   571  0.2 min
episode  15/1013  eps 0.880  train return  -26.06%  loss 3.20e-04  maxQ +0.1478  changes   583  0.2 min
episode  16/1013  eps 0.872  train return  -33.47%  loss 3.09e-04  maxQ +0.1398  changes   572  0.2 min
episode  17/1013  eps 0.864  train return  -16.96%  loss 3.33e-04  maxQ +0.1270  changes   586  0.2 min
episode  18/1013  eps 0.856  train return   -2.68%  loss 2.83e-04  maxQ +0.1244  changes   594  0.2 min
episode  19/1013  eps 0.848  train return  -22.32%  loss 2.66e-04  maxQ +0.1150  changes   577  0.2 min
episode  20/1013  eps 0.841  train return  -21.07%  loss 2.65e-04  maxQ +0.1130  changes   585  0.2 min | val return -10.13% (best -10.13%)
episode  21/1013  eps 0.833  train return  -16.23%  loss 2.21e-04  maxQ +0.1112  changes   576  0.3 min
episode  22/1013  eps 0.825  train return  -11.23%  loss 2.00e-04  maxQ +0.1081  changes   577  0.3 min
episode  23/1013  eps 0.818  train return  -11.24%  loss 1.81e-04  maxQ +0.0992  changes   566  0.3 min
episode  24/1013  eps 0.810  train return  -15.05%  loss 1.55e-04  maxQ +0.0935  changes   577  0.3 min
episode  25/1013  eps 0.803  train return   -3.05%  loss 1.66e-04  maxQ +0.0940  changes   587  0.3 min
episode  26/1013  eps 0.796  train return   -2.31%  loss 1.51e-04  maxQ +0.0842  changes   572  0.3 min
episode  27/1013  eps 0.788  train return  +10.61%  loss 1.29e-04  maxQ +0.0822  changes   581  0.3 min
episode  28/1013  eps 0.781  train return  -19.83%  loss 1.35e-04  maxQ +0.0794  changes   583  0.3 min
episode  29/1013  eps 0.774  train return  -12.31%  loss 1.27e-04  maxQ +0.0758  changes   581  0.4 min
episode  30/1013  eps 0.767  train return   +9.70%  loss 9.66e-05  maxQ +0.0701  changes   580  0.4 min | val return -10.37% (best -10.13%)
episode  31/1013  eps 0.760  train return  -19.88%  loss 1.07e-04  maxQ +0.0684  changes   572  0.4 min
episode  32/1013  eps 0.753  train return  +61.76%  loss 1.04e-04  maxQ +0.0672  changes   569  0.4 min
episode  33/1013  eps 0.746  train return  -20.89%  loss 9.93e-05  maxQ +0.0646  changes   566  0.4 min
episode  34/1013  eps 0.740  train return   -2.41%  loss 9.41e-05  maxQ +0.0639  changes   564  0.4 min
episode  35/1013  eps 0.733  train return  -15.43%  loss 9.77e-05  maxQ +0.0649  changes   561  0.4 min
episode  36/1013  eps 0.726  train return   +6.64%  loss 8.64e-05  maxQ +0.0587  changes   567  0.4 min
episode  37/1013  eps 0.720  train return   +7.63%  loss 7.95e-05  maxQ +0.0560  changes   554  0.5 min
episode  38/1013  eps 0.713  train return   +9.85%  loss 7.92e-05  maxQ +0.0551  changes   574  0.5 min
episode  39/1013  eps 0.707  train return   -1.48%  loss 8.22e-05  maxQ +0.0601  changes   554  0.5 min
episode  40/1013  eps 0.700  train return  -15.26%  loss 9.58e-05  maxQ +0.0595  changes   569  0.5 min | val return -8.38% (best -8.38%)
episode  41/1013  eps 0.694  train return   +9.31%  loss 8.54e-05  maxQ +0.0554  changes   566  0.5 min
episode  42/1013  eps 0.687  train return  -16.05%  loss 8.64e-05  maxQ +0.0583  changes   547  0.5 min
episode  43/1013  eps 0.681  train return   -2.00%  loss 6.52e-05  maxQ +0.0539  changes   560  0.5 min
episode  44/1013  eps 0.675  train return   -6.26%  loss 6.06e-05  maxQ +0.0529  changes   581  0.5 min
episode  45/1013  eps 0.669  train return   +5.23%  loss 7.08e-05  maxQ +0.0488  changes   563  0.5 min
episode  46/1013  eps 0.663  train return  -17.70%  loss 6.55e-05  maxQ +0.0498  changes   550  0.6 min
episode  47/1013  eps 0.657  train return   +2.09%  loss 6.86e-05  maxQ +0.0493  changes   536  0.6 min
episode  48/1013  eps 0.651  train return   -4.20%  loss 7.24e-05  maxQ +0.0496  changes   548  0.6 min
episode  49/1013  eps 0.645  train return  -11.19%  loss 7.85e-05  maxQ +0.0477  changes   569  0.6 min
episode  50/1013  eps 0.639  train return  +17.80%  loss 6.34e-05  maxQ +0.0484  changes   593  0.6 min | val return -25.55% (best -8.38%)
episode  51/1013  eps 0.633  train return   +2.19%  loss 5.83e-05  maxQ +0.0421  changes   541  0.6 min
episode  52/1013  eps 0.627  train return   +9.76%  loss 6.89e-05  maxQ +0.0457  changes   555  0.6 min
episode  53/1013  eps 0.622  train return  -13.05%  loss 6.71e-05  maxQ +0.0457  changes   574  0.6 min
episode  54/1013  eps 0.616  train return   -1.75%  loss 6.29e-05  maxQ +0.0436  changes   551  0.7 min
episode  55/1013  eps 0.610  train return   -7.91%  loss 6.35e-05  maxQ +0.0427  changes   566  0.7 min
episode  56/1013  eps 0.605  train return  -16.50%  loss 6.09e-05  maxQ +0.0409  changes   560  0.7 min
episode  57/1013  eps 0.599  train return  +21.79%  loss 6.01e-05  maxQ +0.0396  changes   578  0.7 min
episode  58/1013  eps 0.594  train return   +7.78%  loss 5.66e-05  maxQ +0.0368  changes   575  0.7 min
episode  59/1013  eps 0.588  train return   -1.30%  loss 5.61e-05  maxQ +0.0380  changes   562  0.7 min
episode  60/1013  eps 0.583  train return  -29.05%  loss 5.57e-05  maxQ +0.0379  changes   555  0.7 min | val return -0.49% (best -0.49%)
episode  61/1013  eps 0.578  train return   -8.68%  loss 5.38e-05  maxQ +0.0359  changes   554  0.7 min
episode  62/1013  eps 0.573  train return   -8.69%  loss 5.24e-05  maxQ +0.0359  changes   569  0.8 min
episode  63/1013  eps 0.567  train return  -16.52%  loss 5.56e-05  maxQ +0.0344  changes   542  0.8 min
episode  64/1013  eps 0.562  train return  +24.29%  loss 5.50e-05  maxQ +0.0363  changes   580  0.8 min
episode  65/1013  eps 0.557  train return  -15.35%  loss 5.46e-05  maxQ +0.0355  changes   575  0.8 min
episode  66/1013  eps 0.552  train return   +3.43%  loss 5.49e-05  maxQ +0.0360  changes   570  0.8 min
episode  67/1013  eps 0.547  train return  +18.57%  loss 5.00e-05  maxQ +0.0335  changes   557  0.8 min
episode  68/1013  eps 0.542  train return  -18.79%  loss 4.85e-05  maxQ +0.0302  changes   553  0.8 min
episode  69/1013  eps 0.537  train return   -9.34%  loss 4.94e-05  maxQ +0.0302  changes   533  0.8 min
episode  70/1013  eps 0.532  train return   -3.33%  loss 4.63e-05  maxQ +0.0297  changes   566  0.8 min | val return -36.80% (best -0.49%)
episode  71/1013  eps 0.527  train return  -10.21%  loss 4.53e-05  maxQ +0.0288  changes   539  0.9 min
episode  72/1013  eps 0.523  train return   -2.05%  loss 4.83e-05  maxQ +0.0277  changes   530  0.9 min
episode  73/1013  eps 0.518  train return   +1.24%  loss 4.92e-05  maxQ +0.0306  changes   528  0.9 min
episode  74/1013  eps 0.513  train return   -1.90%  loss 4.69e-05  maxQ +0.0277  changes   528  0.9 min
episode  75/1013  eps 0.508  train return   +1.08%  loss 4.89e-05  maxQ +0.0289  changes   545  0.9 min
episode  76/1013  eps 0.504  train return  -14.19%  loss 5.22e-05  maxQ +0.0289  changes   550  0.9 min
episode  77/1013  eps 0.499  train return  -11.38%  loss 4.96e-05  maxQ +0.0283  changes   508  0.9 min
episode  78/1013  eps 0.495  train return  -18.63%  loss 4.24e-05  maxQ +0.0284  changes   531  0.9 min
episode  79/1013  eps 0.490  train return  -18.24%  loss 4.49e-05  maxQ +0.0274  changes   511  0.9 min
episode  80/1013  eps 0.486  train return  +24.45%  loss 4.45e-05  maxQ +0.0312  changes   548  1.0 min | val return -8.29% (best -0.49%)
episode  81/1013  eps 0.481  train return   +3.07%  loss 4.10e-05  maxQ +0.0280  changes   531  1.0 min
episode  82/1013  eps 0.477  train return   +3.52%  loss 4.25e-05  maxQ +0.0269  changes   555  1.0 min
episode  83/1013  eps 0.473  train return  +40.28%  loss 4.33e-05  maxQ +0.0282  changes   537  1.0 min
episode  84/1013  eps 0.468  train return   +5.89%  loss 4.22e-05  maxQ +0.0285  changes   524  1.0 min
episode  85/1013  eps 0.464  train return  +17.36%  loss 3.76e-05  maxQ +0.0264  changes   534  1.0 min
episode  86/1013  eps 0.460  train return   +0.75%  loss 4.13e-05  maxQ +0.0274  changes   568  1.0 min
episode  87/1013  eps 0.456  train return  +13.02%  loss 4.39e-05  maxQ +0.0243  changes   534  1.0 min
episode  88/1013  eps 0.451  train return  -19.24%  loss 4.34e-05  maxQ +0.0245  changes   529  1.1 min
episode  89/1013  eps 0.447  train return  -24.00%  loss 4.34e-05  maxQ +0.0286  changes   518  1.1 min
episode  90/1013  eps 0.443  train return  +18.81%  loss 4.97e-05  maxQ +0.0258  changes   531  1.1 min | val return -16.13% (best -0.49%)
episode  91/1013  eps 0.439  train return   +4.46%  loss 4.49e-05  maxQ +0.0265  changes   528  1.1 min
episode  92/1013  eps 0.435  train return  -15.70%  loss 4.48e-05  maxQ +0.0253  changes   525  1.1 min
episode  93/1013  eps 0.431  train return   +4.07%  loss 4.65e-05  maxQ +0.0261  changes   541  1.1 min
episode  94/1013  eps 0.427  train return  +60.18%  loss 4.44e-05  maxQ +0.0246  changes   536  1.1 min
episode  95/1013  eps 0.423  train return   -0.73%  loss 4.05e-05  maxQ +0.0235  changes   532  1.1 min
episode  96/1013  eps 0.420  train return   +2.99%  loss 4.28e-05  maxQ +0.0228  changes   497  1.2 min
episode  97/1013  eps 0.416  train return   -8.40%  loss 3.92e-05  maxQ +0.0228  changes   529  1.2 min
episode  98/1013  eps 0.412  train return  -22.61%  loss 4.45e-05  maxQ +0.0226  changes   488  1.2 min
episode  99/1013  eps 0.408  train return  +29.56%  loss 4.10e-05  maxQ +0.0210  changes   549  1.2 min
episode 100/1013  eps 0.405  train return   +1.78%  loss 4.28e-05  maxQ +0.0223  changes   539  1.2 min | val return -8.41% (best -0.49%)
episode 101/1013  eps 0.401  train return   +9.70%  loss 4.47e-05  maxQ +0.0227  changes   486  1.2 min
episode 102/1013  eps 0.397  train return  -14.59%  loss 4.06e-05  maxQ +0.0239  changes   506  1.2 min
episode 103/1013  eps 0.394  train return  +13.79%  loss 4.36e-05  maxQ +0.0254  changes   524  1.2 min
episode 104/1013  eps 0.390  train return   -0.81%  loss 4.39e-05  maxQ +0.0232  changes   498  1.2 min
episode 105/1013  eps 0.386  train return  +10.85%  loss 4.23e-05  maxQ +0.0214  changes   492  1.3 min
episode 106/1013  eps 0.383  train return   +7.53%  loss 4.15e-05  maxQ +0.0210  changes   500  1.3 min
episode 107/1013  eps 0.379  train return   +3.32%  loss 4.24e-05  maxQ +0.0230  changes   523  1.3 min
episode 108/1013  eps 0.376  train return  +16.49%  loss 4.37e-05  maxQ +0.0218  changes   540  1.3 min
episode 109/1013  eps 0.373  train return  +19.15%  loss 4.47e-05  maxQ +0.0212  changes   529  1.3 min
episode 110/1013  eps 0.369  train return  -12.27%  loss 4.40e-05  maxQ +0.0194  changes   515  1.3 min | val return -0.54% (best -0.49%)
episode 111/1013  eps 0.366  train return  +27.74%  loss 4.43e-05  maxQ +0.0215  changes   490  1.3 min
episode 112/1013  eps 0.363  train return  +10.06%  loss 4.35e-05  maxQ +0.0206  changes   493  1.3 min
episode 113/1013  eps 0.359  train return  +16.22%  loss 4.77e-05  maxQ +0.0187  changes   493  1.4 min
episode 114/1013  eps 0.356  train return   -0.97%  loss 4.32e-05  maxQ +0.0192  changes   549  1.4 min
episode 115/1013  eps 0.353  train return  +21.28%  loss 4.51e-05  maxQ +0.0175  changes   508  1.4 min
episode 116/1013  eps 0.349  train return  +31.86%  loss 4.91e-05  maxQ +0.0172  changes   534  1.4 min
episode 117/1013  eps 0.346  train return   -7.06%  loss 5.14e-05  maxQ +0.0174  changes   500  1.4 min
episode 118/1013  eps 0.343  train return  -12.51%  loss 5.10e-05  maxQ +0.0182  changes   512  1.4 min
episode 119/1013  eps 0.340  train return  +19.14%  loss 4.81e-05  maxQ +0.0170  changes   507  1.4 min
episode 120/1013  eps 0.337  train return   -7.60%  loss 4.39e-05  maxQ +0.0175  changes   501  1.4 min | val return -20.68% (best -0.49%)
episode 121/1013  eps 0.334  train return +106.85%  loss 4.57e-05  maxQ +0.0161  changes   544  1.4 min
episode 122/1013  eps 0.331  train return +113.63%  loss 4.79e-05  maxQ +0.0193  changes   521  1.5 min
episode 123/1013  eps 0.328  train return  -21.65%  loss 5.07e-05  maxQ +0.0205  changes   465  1.5 min
episode 124/1013  eps 0.325  train return   +3.00%  loss 5.22e-05  maxQ +0.0200  changes   481  1.5 min
episode 125/1013  eps 0.322  train return  -17.91%  loss 5.01e-05  maxQ +0.0195  changes   509  1.5 min
episode 126/1013  eps 0.319  train return   -9.47%  loss 4.93e-05  maxQ +0.0204  changes   519  1.5 min
episode 127/1013  eps 0.316  train return   -0.92%  loss 4.54e-05  maxQ +0.0188  changes   505  1.5 min
episode 128/1013  eps 0.313  train return  +14.32%  loss 4.46e-05  maxQ +0.0186  changes   495  1.5 min
episode 129/1013  eps 0.310  train return  +29.78%  loss 4.61e-05  maxQ +0.0197  changes   499  1.5 min
episode 130/1013  eps 0.308  train return  +16.86%  loss 4.74e-05  maxQ +0.0225  changes   490  1.5 min | val return -19.50% (best -0.49%)
episode 131/1013  eps 0.305  train return   -1.05%  loss 4.50e-05  maxQ +0.0209  changes   434  1.6 min
episode 132/1013  eps 0.302  train return  -18.74%  loss 4.14e-05  maxQ +0.0196  changes   506  1.6 min
episode 133/1013  eps 0.299  train return  +92.99%  loss 4.52e-05  maxQ +0.0183  changes   540  1.6 min
episode 134/1013  eps 0.296  train return   +4.06%  loss 4.46e-05  maxQ +0.0195  changes   473  1.6 min
episode 135/1013  eps 0.294  train return  +22.10%  loss 4.60e-05  maxQ +0.0195  changes   505  1.6 min
episode 136/1013  eps 0.291  train return  +86.56%  loss 4.67e-05  maxQ +0.0197  changes   526  1.6 min
episode 137/1013  eps 0.288  train return  -12.03%  loss 4.70e-05  maxQ +0.0201  changes   475  1.6 min
episode 138/1013  eps 0.286  train return   +9.85%  loss 4.62e-05  maxQ +0.0204  changes   483  1.6 min
episode 139/1013  eps 0.283  train return  +26.72%  loss 4.43e-05  maxQ +0.0197  changes   468  1.7 min
episode 140/1013  eps 0.281  train return  +11.10%  loss 4.31e-05  maxQ +0.0205  changes   518  1.7 min | val return -35.92% (best -0.49%)
episode 141/1013  eps 0.278  train return  +30.31%  loss 4.53e-05  maxQ +0.0197  changes   537  1.7 min
episode 142/1013  eps 0.276  train return  +17.38%  loss 4.69e-05  maxQ +0.0192  changes   475  1.7 min
episode 143/1013  eps 0.273  train return  +25.49%  loss 4.64e-05  maxQ +0.0188  changes   512  1.7 min
episode 144/1013  eps 0.271  train return  +23.29%  loss 4.81e-05  maxQ +0.0181  changes   487  1.7 min
episode 145/1013  eps 0.268  train return  +16.90%  loss 4.91e-05  maxQ +0.0188  changes   478  1.7 min
episode 146/1013  eps 0.266  train return  +25.17%  loss 5.23e-05  maxQ +0.0188  changes   532  1.7 min
episode 147/1013  eps 0.263  train return   +6.97%  loss 5.35e-05  maxQ +0.0181  changes   495  1.8 min
episode 148/1013  eps 0.261  train return   -7.04%  loss 5.66e-05  maxQ +0.0187  changes   492  1.8 min
episode 149/1013  eps 0.258  train return   -0.58%  loss 5.19e-05  maxQ +0.0198  changes   494  1.8 min
episode 150/1013  eps 0.256  train return  -10.54%  loss 5.19e-05  maxQ +0.0205  changes   485  1.8 min | val return -18.55% (best -0.49%)
episode 151/1013  eps 0.254  train return   -9.40%  loss 4.92e-05  maxQ +0.0194  changes   504  1.8 min
episode 152/1013  eps 0.251  train return  +13.78%  loss 5.77e-05  maxQ +0.0187  changes   502  1.8 min
episode 153/1013  eps 0.249  train return   +9.94%  loss 5.61e-05  maxQ +0.0210  changes   491  1.8 min
episode 154/1013  eps 0.247  train return  +21.00%  loss 4.88e-05  maxQ +0.0204  changes   491  1.9 min
episode 155/1013  eps 0.245  train return   +1.01%  loss 4.84e-05  maxQ +0.0192  changes   473  1.9 min
episode 156/1013  eps 0.242  train return  +56.57%  loss 4.91e-05  maxQ +0.0199  changes   463  1.9 min
episode 157/1013  eps 0.240  train return   +3.79%  loss 4.93e-05  maxQ +0.0199  changes   481  1.9 min
episode 158/1013  eps 0.238  train return   -8.11%  loss 5.71e-05  maxQ +0.0192  changes   496  1.9 min
episode 159/1013  eps 0.236  train return  +15.65%  loss 5.41e-05  maxQ +0.0205  changes   467  1.9 min
episode 160/1013  eps 0.234  train return  +14.95%  loss 4.99e-05  maxQ +0.0186  changes   495  1.9 min | val return -40.36% (best -0.49%)
episode 161/1013  eps 0.232  train return  +44.90%  loss 5.20e-05  maxQ +0.0188  changes   521  2.0 min
episode 162/1013  eps 0.230  train return   -2.94%  loss 5.60e-05  maxQ +0.0203  changes   499  2.0 min
episode 163/1013  eps 0.227  train return  +22.31%  loss 5.33e-05  maxQ +0.0199  changes   542  2.0 min
episode 164/1013  eps 0.225  train return  -12.43%  loss 4.71e-05  maxQ +0.0183  changes   525  2.0 min
episode 165/1013  eps 0.223  train return  -15.30%  loss 4.66e-05  maxQ +0.0184  changes   480  2.0 min
episode 166/1013  eps 0.221  train return  +14.59%  loss 5.08e-05  maxQ +0.0194  changes   457  2.0 min
episode 167/1013  eps 0.219  train return  +43.96%  loss 5.37e-05  maxQ +0.0212  changes   498  2.0 min
episode 168/1013  eps 0.217  train return  +17.66%  loss 4.85e-05  maxQ +0.0193  changes   489  2.0 min
episode 169/1013  eps 0.215  train return  +48.70%  loss 5.26e-05  maxQ +0.0208  changes   509  2.0 min
episode 170/1013  eps 0.213  train return  -12.60%  loss 5.28e-05  maxQ +0.0201  changes   489  2.1 min | val return +1.68% (best +1.68%)
episode 171/1013  eps 0.211  train return  +20.59%  loss 4.93e-05  maxQ +0.0195  changes   518  2.1 min
episode 172/1013  eps 0.209  train return   -6.27%  loss 4.90e-05  maxQ +0.0189  changes   478  2.1 min
episode 173/1013  eps 0.208  train return  +27.92%  loss 4.91e-05  maxQ +0.0197  changes   445  2.1 min
episode 174/1013  eps 0.206  train return  -21.12%  loss 5.12e-05  maxQ +0.0200  changes   469  2.1 min
episode 175/1013  eps 0.204  train return  +51.89%  loss 5.04e-05  maxQ +0.0194  changes   505  2.1 min
episode 176/1013  eps 0.202  train return   -3.39%  loss 4.74e-05  maxQ +0.0208  changes   498  2.1 min
episode 177/1013  eps 0.200  train return  +42.21%  loss 4.90e-05  maxQ +0.0196  changes   501  2.2 min
episode 178/1013  eps 0.198  train return   +2.67%  loss 5.13e-05  maxQ +0.0182  changes   507  2.2 min
episode 179/1013  eps 0.196  train return   +1.07%  loss 5.07e-05  maxQ +0.0197  changes   462  2.2 min
episode 180/1013  eps 0.195  train return  +52.75%  loss 5.05e-05  maxQ +0.0187  changes   467  2.2 min | val return -20.36% (best +1.68%)
episode 181/1013  eps 0.193  train return   -4.51%  loss 4.82e-05  maxQ +0.0187  changes   523  2.2 min
episode 182/1013  eps 0.191  train return  +16.97%  loss 5.00e-05  maxQ +0.0184  changes   484  2.2 min
episode 183/1013  eps 0.189  train return   -0.09%  loss 4.92e-05  maxQ +0.0187  changes   495  2.2 min
episode 184/1013  eps 0.188  train return +158.12%  loss 4.81e-05  maxQ +0.0176  changes   483  2.3 min
episode 185/1013  eps 0.186  train return  -15.34%  loss 4.75e-05  maxQ +0.0177  changes   492  2.3 min
episode 186/1013  eps 0.184  train return  -20.73%  loss 4.64e-05  maxQ +0.0173  changes   472  2.3 min
episode 187/1013  eps 0.183  train return  +73.94%  loss 4.70e-05  maxQ +0.0176  changes   478  2.3 min
episode 188/1013  eps 0.181  train return  +12.12%  loss 4.59e-05  maxQ +0.0164  changes   514  2.3 min
episode 189/1013  eps 0.179  train return  +12.65%  loss 4.45e-05  maxQ +0.0163  changes   516  2.3 min
episode 190/1013  eps 0.178  train return  +10.00%  loss 4.23e-05  maxQ +0.0162  changes   518  2.3 min | val return +8.34% (best +8.34%)
episode 191/1013  eps 0.176  train return   +0.31%  loss 4.46e-05  maxQ +0.0173  changes   513  2.4 min
episode 192/1013  eps 0.174  train return  -18.17%  loss 4.48e-05  maxQ +0.0179  changes   450  2.4 min
episode 193/1013  eps 0.173  train return  +15.54%  loss 4.71e-05  maxQ +0.0178  changes   465  2.4 min
episode 194/1013  eps 0.171  train return  +14.20%  loss 4.80e-05  maxQ +0.0175  changes   498  2.4 min
episode 195/1013  eps 0.170  train return   -4.46%  loss 4.89e-05  maxQ +0.0171  changes   489  2.4 min
episode 196/1013  eps 0.168  train return  +58.33%  loss 4.79e-05  maxQ +0.0187  changes   462  2.4 min
episode 197/1013  eps 0.167  train return +159.56%  loss 5.08e-05  maxQ +0.0185  changes   499  2.4 min
episode 198/1013  eps 0.165  train return  +18.21%  loss 5.27e-05  maxQ +0.0185  changes   475  2.4 min
episode 199/1013  eps 0.164  train return  +18.31%  loss 4.81e-05  maxQ +0.0185  changes   505  2.5 min
episode 200/1013  eps 0.162  train return  +30.66%  loss 5.08e-05  maxQ +0.0178  changes   494  2.5 min | val return -12.40% (best +8.34%)
episode 201/1013  eps 0.161  train return  +33.83%  loss 4.76e-05  maxQ +0.0175  changes   462  2.5 min
episode 202/1013  eps 0.159  train return  +65.57%  loss 4.86e-05  maxQ +0.0174  changes   536  2.5 min
episode 203/1013  eps 0.158  train return  +34.08%  loss 5.12e-05  maxQ +0.0183  changes   481  2.5 min
episode 204/1013  eps 0.156  train return  +18.30%  loss 5.18e-05  maxQ +0.0169  changes   445  2.5 min
episode 205/1013  eps 0.155  train return   +2.08%  loss 4.91e-05  maxQ +0.0174  changes   491  2.5 min
episode 206/1013  eps 0.154  train return  +32.04%  loss 4.64e-05  maxQ +0.0172  changes   496  2.6 min
episode 207/1013  eps 0.152  train return  +90.21%  loss 4.60e-05  maxQ +0.0177  changes   517  2.6 min
episode 208/1013  eps 0.151  train return  +59.68%  loss 4.52e-05  maxQ +0.0176  changes   471  2.6 min
episode 209/1013  eps 0.149  train return  +25.23%  loss 4.78e-05  maxQ +0.0171  changes   501  2.6 min
episode 210/1013  eps 0.148  train return  -12.21%  loss 5.23e-05  maxQ +0.0172  changes   453  2.6 min | val return -2.38% (best +8.34%)
episode 211/1013  eps 0.147  train return  +15.88%  loss 5.08e-05  maxQ +0.0194  changes   435  2.6 min
episode 212/1013  eps 0.145  train return +267.22%  loss 5.03e-05  maxQ +0.0185  changes   506  2.6 min
episode 213/1013  eps 0.144  train return  +26.10%  loss 5.23e-05  maxQ +0.0183  changes   490  2.7 min
episode 214/1013  eps 0.143  train return  +45.82%  loss 4.55e-05  maxQ +0.0173  changes   504  2.7 min
episode 215/1013  eps 0.141  train return  +66.40%  loss 4.87e-05  maxQ +0.0156  changes   512  2.7 min
episode 216/1013  eps 0.140  train return  +54.51%  loss 5.27e-05  maxQ +0.0156  changes   501  2.7 min
episode 217/1013  eps 0.139  train return  +44.50%  loss 4.79e-05  maxQ +0.0159  changes   471  2.7 min
episode 218/1013  eps 0.138  train return  +34.64%  loss 4.71e-05  maxQ +0.0169  changes   501  2.7 min
episode 219/1013  eps 0.136  train return  +73.51%  loss 5.27e-05  maxQ +0.0175  changes   486  2.7 min
episode 220/1013  eps 0.135  train return  +29.38%  loss 4.91e-05  maxQ +0.0166  changes   479  2.7 min | val return -15.16% (best +8.34%)
episode 221/1013  eps 0.134  train return   -1.24%  loss 4.97e-05  maxQ +0.0175  changes   456  2.8 min
episode 222/1013  eps 0.133  train return   +6.59%  loss 4.98e-05  maxQ +0.0178  changes   459  2.8 min
episode 223/1013  eps 0.131  train return   +9.93%  loss 4.65e-05  maxQ +0.0174  changes   452  2.8 min
episode 224/1013  eps 0.130  train return   +3.72%  loss 4.71e-05  maxQ +0.0178  changes   483  2.8 min
episode 225/1013  eps 0.129  train return  +60.07%  loss 4.94e-05  maxQ +0.0155  changes   484  2.8 min
episode 226/1013  eps 0.128  train return  +76.98%  loss 4.73e-05  maxQ +0.0165  changes   510  2.8 min
episode 227/1013  eps 0.127  train return   -4.20%  loss 5.10e-05  maxQ +0.0177  changes   455  2.9 min
episode 228/1013  eps 0.126  train return   +7.22%  loss 5.17e-05  maxQ +0.0183  changes   471  2.9 min
episode 229/1013  eps 0.124  train return  +82.73%  loss 4.89e-05  maxQ +0.0181  changes   493  2.9 min
episode 230/1013  eps 0.123  train return  +10.25%  loss 4.83e-05  maxQ +0.0174  changes   494  2.9 min | val return -24.28% (best +8.34%)
episode 231/1013  eps 0.122  train return  +13.94%  loss 4.66e-05  maxQ +0.0171  changes   442  2.9 min
episode 232/1013  eps 0.121  train return  +40.66%  loss 5.04e-05  maxQ +0.0178  changes   468  2.9 min
episode 233/1013  eps 0.120  train return  +56.76%  loss 5.03e-05  maxQ +0.0193  changes   484  2.9 min
episode 234/1013  eps 0.119  train return  +42.52%  loss 4.81e-05  maxQ +0.0177  changes   466  3.0 min
episode 235/1013  eps 0.118  train return   -6.38%  loss 4.79e-05  maxQ +0.0174  changes   479  3.0 min
episode 236/1013  eps 0.117  train return   -5.61%  loss 4.76e-05  maxQ +0.0180  changes   459  3.0 min
episode 237/1013  eps 0.116  train return   -5.76%  loss 4.94e-05  maxQ +0.0183  changes   446  3.0 min
episode 238/1013  eps 0.115  train return   -1.23%  loss 4.85e-05  maxQ +0.0182  changes   469  3.0 min
episode 239/1013  eps 0.114  train return  +59.67%  loss 4.91e-05  maxQ +0.0186  changes   495  3.0 min
episode 240/1013  eps 0.112  train return  -12.81%  loss 4.83e-05  maxQ +0.0198  changes   462  3.0 min | val return -20.63% (best +8.34%)
episode 241/1013  eps 0.111  train return  +96.39%  loss 5.51e-05  maxQ +0.0195  changes   458  3.1 min
episode 242/1013  eps 0.110  train return  +64.27%  loss 5.42e-05  maxQ +0.0183  changes   437  3.1 min
episode 243/1013  eps 0.109  train return  +25.35%  loss 5.72e-05  maxQ +0.0193  changes   471  3.1 min
episode 244/1013  eps 0.108  train return   +4.99%  loss 5.65e-05  maxQ +0.0184  changes   454  3.1 min
episode 245/1013  eps 0.107  train return  +28.76%  loss 5.07e-05  maxQ +0.0174  changes   443  3.1 min
episode 246/1013  eps 0.106  train return  +59.89%  loss 4.85e-05  maxQ +0.0172  changes   517  3.1 min
episode 247/1013  eps 0.106  train return +140.75%  loss 5.10e-05  maxQ +0.0168  changes   491  3.1 min
episode 248/1013  eps 0.105  train return  +93.07%  loss 5.00e-05  maxQ +0.0181  changes   460  3.1 min
episode 249/1013  eps 0.104  train return  +24.80%  loss 5.37e-05  maxQ +0.0186  changes   477  3.2 min
episode 250/1013  eps 0.103  train return +354.80%  loss 5.19e-05  maxQ +0.0186  changes   456  3.2 min | val return -27.77% (best +8.34%)
episode 251/1013  eps 0.102  train return  +18.62%  loss 5.27e-05  maxQ +0.0176  changes   489  3.2 min
episode 252/1013  eps 0.101  train return  -12.15%  loss 5.27e-05  maxQ +0.0176  changes   415  3.2 min
episode 253/1013  eps 0.100  train return  +33.22%  loss 5.23e-05  maxQ +0.0171  changes   475  3.2 min
episode 254/1013  eps 0.099  train return +168.77%  loss 5.14e-05  maxQ +0.0183  changes   459  3.2 min
episode 255/1013  eps 0.098  train return   +8.75%  loss 5.27e-05  maxQ +0.0172  changes   482  3.2 min
episode 256/1013  eps 0.097  train return   -1.93%  loss 4.88e-05  maxQ +0.0169  changes   416  3.3 min
episode 257/1013  eps 0.096  train return  +23.87%  loss 4.97e-05  maxQ +0.0171  changes   480  3.3 min
episode 258/1013  eps 0.095  train return   -2.44%  loss 5.48e-05  maxQ +0.0175  changes   398  3.3 min
episode 259/1013  eps 0.095  train return  +27.93%  loss 5.24e-05  maxQ +0.0170  changes   475  3.3 min
episode 260/1013  eps 0.094  train return   -2.07%  loss 5.30e-05  maxQ +0.0168  changes   419  3.3 min | val return +1.21% (best +8.34%)
episode 261/1013  eps 0.093  train return  +11.21%  loss 5.26e-05  maxQ +0.0166  changes   443  3.4 min
episode 262/1013  eps 0.092  train return  +75.69%  loss 5.32e-05  maxQ +0.0174  changes   437  3.4 min
episode 263/1013  eps 0.091  train return   +2.86%  loss 5.60e-05  maxQ +0.0167  changes   480  3.4 min
episode 264/1013  eps 0.090  train return  +21.74%  loss 5.81e-05  maxQ +0.0182  changes   470  3.4 min
episode 265/1013  eps 0.090  train return   +4.07%  loss 5.68e-05  maxQ +0.0177  changes   425  3.4 min
episode 266/1013  eps 0.089  train return   +4.70%  loss 5.76e-05  maxQ +0.0179  changes   442  3.4 min
episode 267/1013  eps 0.088  train return  -18.78%  loss 5.88e-05  maxQ +0.0180  changes   471  3.4 min
episode 268/1013  eps 0.087  train return  +39.98%  loss 5.66e-05  maxQ +0.0180  changes   477  3.4 min
episode 269/1013  eps 0.086  train return   +7.54%  loss 5.25e-05  maxQ +0.0187  changes   505  3.5 min
episode 270/1013  eps 0.086  train return   +3.55%  loss 5.48e-05  maxQ +0.0184  changes   432  3.5 min | val return -12.54% (best +8.34%)
episode 271/1013  eps 0.085  train return +132.21%  loss 6.04e-05  maxQ +0.0179  changes   465  3.5 min
episode 272/1013  eps 0.084  train return   +9.62%  loss 5.27e-05  maxQ +0.0181  changes   492  3.5 min
episode 273/1013  eps 0.083  train return  +28.27%  loss 5.12e-05  maxQ +0.0175  changes   441  3.5 min
episode 274/1013  eps 0.082  train return  +24.71%  loss 5.32e-05  maxQ +0.0171  changes   509  3.5 min
episode 275/1013  eps 0.082  train return +290.81%  loss 5.24e-05  maxQ +0.0171  changes   491  3.6 min
episode 276/1013  eps 0.081  train return +135.41%  loss 5.52e-05  maxQ +0.0186  changes   488  3.6 min
episode 277/1013  eps 0.080  train return   -3.12%  loss 5.71e-05  maxQ +0.0185  changes   489  3.6 min
episode 278/1013  eps 0.079  train return +138.89%  loss 4.86e-05  maxQ +0.0179  changes   482  3.6 min
episode 279/1013  eps 0.079  train return  -10.18%  loss 5.15e-05  maxQ +0.0185  changes   427  3.6 min
episode 280/1013  eps 0.078  train return  +32.99%  loss 5.55e-05  maxQ +0.0185  changes   500  3.6 min | val return -19.18% (best +8.34%)
episode 281/1013  eps 0.077  train return  +16.45%  loss 5.60e-05  maxQ +0.0195  changes   399  3.6 min
episode 282/1013  eps 0.077  train return  +32.48%  loss 5.42e-05  maxQ +0.0183  changes   489  3.7 min
episode 283/1013  eps 0.076  train return  +40.86%  loss 5.23e-05  maxQ +0.0183  changes   488  3.7 min
episode 284/1013  eps 0.075  train return  +30.61%  loss 4.89e-05  maxQ +0.0178  changes   468  3.7 min
episode 285/1013  eps 0.075  train return +110.82%  loss 4.79e-05  maxQ +0.0183  changes   463  3.7 min
episode 286/1013  eps 0.074  train return  +21.82%  loss 4.91e-05  maxQ +0.0180  changes   447  3.7 min
episode 287/1013  eps 0.073  train return  -11.38%  loss 4.94e-05  maxQ +0.0177  changes   476  3.7 min
episode 288/1013  eps 0.073  train return   +9.35%  loss 5.08e-05  maxQ +0.0176  changes   464  3.7 min
episode 289/1013  eps 0.072  train return  +12.22%  loss 4.66e-05  maxQ +0.0170  changes   456  3.7 min
episode 290/1013  eps 0.071  train return   +3.68%  loss 4.50e-05  maxQ +0.0169  changes   440  3.8 min | val return -24.32% (best +8.34%)
episode 291/1013  eps 0.071  train return +103.47%  loss 5.16e-05  maxQ +0.0167  changes   476  3.8 min
episode 292/1013  eps 0.070  train return  +36.48%  loss 5.29e-05  maxQ +0.0165  changes   489  3.8 min
episode 293/1013  eps 0.069  train return  +49.08%  loss 5.06e-05  maxQ +0.0159  changes   492  3.8 min
episode 294/1013  eps 0.069  train return   -0.22%  loss 5.43e-05  maxQ +0.0172  changes   466  3.8 min
episode 295/1013  eps 0.068  train return  +72.47%  loss 5.01e-05  maxQ +0.0167  changes   456  3.8 min
episode 296/1013  eps 0.067  train return  +42.78%  loss 5.11e-05  maxQ +0.0171  changes   469  3.9 min
episode 297/1013  eps 0.067  train return  +73.89%  loss 5.22e-05  maxQ +0.0174  changes   497  3.9 min
episode 298/1013  eps 0.066  train return  +11.59%  loss 5.48e-05  maxQ +0.0166  changes   410  3.9 min
episode 299/1013  eps 0.066  train return  +22.59%  loss 4.82e-05  maxQ +0.0163  changes   433  3.9 min
episode 300/1013  eps 0.065  train return   -1.79%  loss 4.99e-05  maxQ +0.0183  changes   433  3.9 min | val return -37.48% (best +8.34%)
episode 301/1013  eps 0.064  train return  +54.89%  loss 4.90e-05  maxQ +0.0177  changes   443  3.9 min
episode 302/1013  eps 0.064  train return  +22.03%  loss 4.66e-05  maxQ +0.0172  changes   395  3.9 min
episode 303/1013  eps 0.063  train return  +36.77%  loss 4.54e-05  maxQ +0.0170  changes   491  3.9 min
episode 304/1013  eps 0.063  train return  +26.81%  loss 4.67e-05  maxQ +0.0168  changes   464  4.0 min
episode 305/1013  eps 0.062  train return  +23.83%  loss 5.13e-05  maxQ +0.0176  changes   473  4.0 min
episode 306/1013  eps 0.062  train return  +64.95%  loss 5.04e-05  maxQ +0.0172  changes   472  4.0 min
episode 307/1013  eps 0.061  train return +162.72%  loss 4.81e-05  maxQ +0.0165  changes   475  4.0 min
episode 308/1013  eps 0.060  train return  +14.73%  loss 5.00e-05  maxQ +0.0165  changes   471  4.0 min
episode 309/1013  eps 0.060  train return  +18.53%  loss 5.24e-05  maxQ +0.0178  changes   464  4.0 min
episode 310/1013  eps 0.059  train return   -6.13%  loss 5.40e-05  maxQ +0.0184  changes   449  4.0 min | val return -28.54% (best +8.34%)
episode 311/1013  eps 0.059  train return   -1.93%  loss 4.55e-05  maxQ +0.0174  changes   421  4.1 min
episode 312/1013  eps 0.058  train return +135.98%  loss 4.79e-05  maxQ +0.0177  changes   469  4.1 min
episode 313/1013  eps 0.058  train return  +88.93%  loss 4.88e-05  maxQ +0.0170  changes   475  4.1 min
episode 314/1013  eps 0.057  train return  +27.88%  loss 5.40e-05  maxQ +0.0175  changes   461  4.1 min
episode 315/1013  eps 0.057  train return  +93.08%  loss 5.24e-05  maxQ +0.0173  changes   466  4.1 min
episode 316/1013  eps 0.056  train return  +17.80%  loss 5.39e-05  maxQ +0.0181  changes   442  4.1 min
episode 317/1013  eps 0.056  train return  +46.88%  loss 4.82e-05  maxQ +0.0186  changes   456  4.1 min
episode 318/1013  eps 0.055  train return  +28.55%  loss 4.72e-05  maxQ +0.0178  changes   474  4.2 min
episode 319/1013  eps 0.055  train return  +33.25%  loss 4.94e-05  maxQ +0.0177  changes   461  4.2 min
episode 320/1013  eps 0.054  train return +159.83%  loss 4.29e-05  maxQ +0.0176  changes   492  4.2 min | val return -15.60% (best +8.34%)
episode 321/1013  eps 0.054  train return   -3.40%  loss 4.66e-05  maxQ +0.0179  changes   459  4.2 min
episode 322/1013  eps 0.053  train return  +49.32%  loss 4.85e-05  maxQ +0.0169  changes   472  4.2 min
episode 323/1013  eps 0.053  train return  +97.13%  loss 4.79e-05  maxQ +0.0170  changes   482  4.2 min
episode 324/1013  eps 0.052  train return  +22.91%  loss 4.81e-05  maxQ +0.0170  changes   454  4.2 min
episode 325/1013  eps 0.052  train return  +32.62%  loss 5.22e-05  maxQ +0.0175  changes   404  4.3 min
episode 326/1013  eps 0.051  train return   -7.46%  loss 4.57e-05  maxQ +0.0168  changes   455  4.3 min
episode 327/1013  eps 0.051  train return  +31.95%  loss 4.70e-05  maxQ +0.0170  changes   425  4.3 min
episode 328/1013  eps 0.050  train return  +30.75%  loss 4.61e-05  maxQ +0.0171  changes   469  4.3 min
episode 329/1013  eps 0.050  train return  +37.92%  loss 4.39e-05  maxQ +0.0158  changes   480  4.3 min
episode 330/1013  eps 0.049  train return  +24.45%  loss 4.62e-05  maxQ +0.0165  changes   450  4.3 min | val return -12.16% (best +8.34%)
episode 331/1013  eps 0.049  train return  +33.43%  loss 4.33e-05  maxQ +0.0161  changes   431  4.4 min
episode 332/1013  eps 0.049  train return  +27.37%  loss 4.13e-05  maxQ +0.0157  changes   473  4.4 min
episode 333/1013  eps 0.048  train return   +4.98%  loss 4.33e-05  maxQ +0.0156  changes   453  4.4 min
episode 334/1013  eps 0.048  train return  +28.71%  loss 4.24e-05  maxQ +0.0155  changes   463  4.4 min
episode 335/1013  eps 0.047  train return   +0.23%  loss 4.47e-05  maxQ +0.0156  changes   444  4.4 min
episode 336/1013  eps 0.047  train return  +33.56%  loss 4.64e-05  maxQ +0.0166  changes   430  4.4 min
episode 337/1013  eps 0.046  train return  +68.97%  loss 4.69e-05  maxQ +0.0162  changes   481  4.4 min
episode 338/1013  eps 0.046  train return  +27.67%  loss 4.48e-05  maxQ +0.0162  changes   441  4.4 min
episode 339/1013  eps 0.046  train return +115.97%  loss 4.45e-05  maxQ +0.0156  changes   455  4.5 min
episode 340/1013  eps 0.045  train return +154.20%  loss 4.84e-05  maxQ +0.0163  changes   475  4.5 min | val return -17.06% (best +8.34%)
episode 341/1013  eps 0.045  train return  +91.35%  loss 4.96e-05  maxQ +0.0161  changes   478  4.5 min
episode 342/1013  eps 0.044  train return  +35.09%  loss 4.13e-05  maxQ +0.0172  changes   428  4.5 min
episode 343/1013  eps 0.044  train return  +67.80%  loss 4.20e-05  maxQ +0.0168  changes   493  4.5 min
episode 344/1013  eps 0.043  train return  +17.50%  loss 4.41e-05  maxQ +0.0172  changes   466  4.5 min
episode 345/1013  eps 0.043  train return  +48.01%  loss 4.44e-05  maxQ +0.0174  changes   434  4.6 min
episode 346/1013  eps 0.043  train return +112.08%  loss 4.26e-05  maxQ +0.0164  changes   446  4.6 min
episode 347/1013  eps 0.042  train return  +62.57%  loss 4.03e-05  maxQ +0.0161  changes   497  4.6 min
episode 348/1013  eps 0.042  train return   -6.97%  loss 4.25e-05  maxQ +0.0166  changes   445  4.6 min
episode 349/1013  eps 0.042  train return   +8.67%  loss 4.08e-05  maxQ +0.0166  changes   429  4.6 min
episode 350/1013  eps 0.041  train return  +28.77%  loss 4.29e-05  maxQ +0.0168  changes   451  4.6 min | val return -27.39% (best +8.34%)
episode 351/1013  eps 0.041  train return  +76.53%  loss 4.07e-05  maxQ +0.0168  changes   448  4.6 min
episode 352/1013  eps 0.040  train return  +99.93%  loss 4.65e-05  maxQ +0.0184  changes   472  4.7 min
episode 353/1013  eps 0.040  train return +106.38%  loss 4.62e-05  maxQ +0.0176  changes   452  4.7 min
episode 354/1013  eps 0.040  train return  +96.58%  loss 4.76e-05  maxQ +0.0177  changes   457  4.7 min
episode 355/1013  eps 0.039  train return  +39.49%  loss 4.55e-05  maxQ +0.0170  changes   456  4.7 min
episode 356/1013  eps 0.039  train return  +32.83%  loss 4.40e-05  maxQ +0.0163  changes   473  4.7 min
episode 357/1013  eps 0.039  train return  +99.35%  loss 4.38e-05  maxQ +0.0166  changes   422  4.7 min
episode 358/1013  eps 0.038  train return  +22.90%  loss 4.17e-05  maxQ +0.0163  changes   430  4.7 min
episode 359/1013  eps 0.038  train return  +11.94%  loss 4.73e-05  maxQ +0.0172  changes   431  4.8 min
episode 360/1013  eps 0.038  train return  +15.75%  loss 4.82e-05  maxQ +0.0177  changes   404  4.8 min | val return -26.55% (best +8.34%)
episode 361/1013  eps 0.037  train return  +26.74%  loss 5.01e-05  maxQ +0.0179  changes   473  4.8 min
episode 362/1013  eps 0.037  train return  +16.68%  loss 4.83e-05  maxQ +0.0173  changes   439  4.8 min
episode 363/1013  eps 0.037  train return   +4.93%  loss 4.42e-05  maxQ +0.0176  changes   456  4.8 min
episode 364/1013  eps 0.036  train return   +2.98%  loss 4.73e-05  maxQ +0.0176  changes   485  4.8 min
episode 365/1013  eps 0.036  train return  +21.05%  loss 4.47e-05  maxQ +0.0172  changes   450  4.8 min
episode 366/1013  eps 0.036  train return  +30.42%  loss 4.58e-05  maxQ +0.0182  changes   441  4.9 min
episode 367/1013  eps 0.035  train return   -6.24%  loss 4.16e-05  maxQ +0.0169  changes   417  4.9 min
episode 368/1013  eps 0.035  train return +209.01%  loss 4.24e-05  maxQ +0.0172  changes   473  4.9 min
episode 369/1013  eps 0.035  train return +247.80%  loss 4.49e-05  maxQ +0.0169  changes   467  4.9 min
episode 370/1013  eps 0.034  train return  +36.08%  loss 4.66e-05  maxQ +0.0166  changes   456  4.9 min | val return -19.63% (best +8.34%)
episode 371/1013  eps 0.034  train return +261.84%  loss 4.56e-05  maxQ +0.0168  changes   495  4.9 min
episode 372/1013  eps 0.034  train return +121.60%  loss 4.65e-05  maxQ +0.0168  changes   445  4.9 min
episode 373/1013  eps 0.033  train return  +19.98%  loss 4.90e-05  maxQ +0.0171  changes   496  5.0 min
episode 374/1013  eps 0.033  train return  +18.83%  loss 4.33e-05  maxQ +0.0172  changes   487  5.0 min
episode 375/1013  eps 0.033  train return   +6.38%  loss 4.25e-05  maxQ +0.0164  changes   467  5.0 min
episode 376/1013  eps 0.032  train return  +26.40%  loss 4.39e-05  maxQ +0.0161  changes   435  5.0 min
episode 377/1013  eps 0.032  train return  +38.96%  loss 4.76e-05  maxQ +0.0167  changes   460  5.0 min
episode 378/1013  eps 0.032  train return   -8.06%  loss 4.82e-05  maxQ +0.0171  changes   434  5.0 min
episode 379/1013  eps 0.032  train return  +21.40%  loss 4.35e-05  maxQ +0.0162  changes   432  5.0 min
episode 380/1013  eps 0.031  train return +107.13%  loss 4.87e-05  maxQ +0.0167  changes   514  5.1 min | val return -42.12% (best +8.34%)
episode 381/1013  eps 0.031  train return  +63.22%  loss 4.58e-05  maxQ +0.0170  changes   445  5.1 min
episode 382/1013  eps 0.031  train return   -3.28%  loss 4.38e-05  maxQ +0.0166  changes   408  5.1 min
episode 383/1013  eps 0.030  train return  +31.97%  loss 4.52e-05  maxQ +0.0171  changes   460  5.1 min
episode 384/1013  eps 0.030  train return   -1.57%  loss 4.30e-05  maxQ +0.0161  changes   460  5.1 min
episode 385/1013  eps 0.030  train return  +31.49%  loss 4.24e-05  maxQ +0.0170  changes   471  5.1 min
episode 386/1013  eps 0.030  train return +122.06%  loss 4.00e-05  maxQ +0.0165  changes   458  5.2 min
episode 387/1013  eps 0.029  train return  +12.96%  loss 4.51e-05  maxQ +0.0168  changes   471  5.2 min
episode 388/1013  eps 0.029  train return  +16.56%  loss 4.49e-05  maxQ +0.0173  changes   462  5.2 min
episode 389/1013  eps 0.029  train return +162.35%  loss 4.57e-05  maxQ +0.0174  changes   445  5.2 min
episode 390/1013  eps 0.029  train return  +65.55%  loss 4.58e-05  maxQ +0.0175  changes   459  5.2 min | val return -26.72% (best +8.34%)
episode 391/1013  eps 0.028  train return +109.93%  loss 4.25e-05  maxQ +0.0169  changes   475  5.2 min
episode 392/1013  eps 0.028  train return  +11.26%  loss 4.09e-05  maxQ +0.0156  changes   501  5.2 min
episode 393/1013  eps 0.028  train return   +6.05%  loss 4.39e-05  maxQ +0.0161  changes   430  5.2 min
episode 394/1013  eps 0.028  train return  +46.10%  loss 4.51e-05  maxQ +0.0167  changes   465  5.3 min
episode 395/1013  eps 0.027  train return   +8.66%  loss 4.65e-05  maxQ +0.0175  changes   458  5.3 min
episode 396/1013  eps 0.027  train return  +34.52%  loss 4.25e-05  maxQ +0.0173  changes   436  5.3 min
episode 397/1013  eps 0.027  train return  +39.30%  loss 4.46e-05  maxQ +0.0174  changes   433  5.3 min
episode 398/1013  eps 0.027  train return +127.46%  loss 4.35e-05  maxQ +0.0170  changes   449  5.3 min
episode 399/1013  eps 0.026  train return  +27.89%  loss 4.48e-05  maxQ +0.0168  changes   489  5.3 min
episode 400/1013  eps 0.026  train return +113.48%  loss 4.32e-05  maxQ +0.0160  changes   510  5.3 min | val return -12.92% (best +8.34%)
episode 401/1013  eps 0.026  train return  +59.61%  loss 4.38e-05  maxQ +0.0155  changes   472  5.4 min
episode 402/1013  eps 0.026  train return  +73.18%  loss 4.12e-05  maxQ +0.0157  changes   465  5.4 min
episode 403/1013  eps 0.025  train return  +44.86%  loss 4.17e-05  maxQ +0.0156  changes   480  5.4 min
episode 404/1013  eps 0.025  train return +127.67%  loss 4.86e-05  maxQ +0.0160  changes   464  5.4 min
episode 405/1013  eps 0.025  train return   +7.02%  loss 4.48e-05  maxQ +0.0168  changes   472  5.4 min
episode 406/1013  eps 0.025  train return  +54.41%  loss 5.11e-05  maxQ +0.0174  changes   463  5.4 min
episode 407/1013  eps 0.024  train return  -11.93%  loss 4.86e-05  maxQ +0.0168  changes   428  5.4 min
episode 408/1013  eps 0.024  train return  +41.86%  loss 4.45e-05  maxQ +0.0166  changes   460  5.4 min
episode 409/1013  eps 0.024  train return  +61.13%  loss 4.54e-05  maxQ +0.0170  changes   489  5.5 min
episode 410/1013  eps 0.024  train return  +92.16%  loss 4.70e-05  maxQ +0.0169  changes   480  5.5 min | val return -26.84% (best +8.34%)
episode 411/1013  eps 0.024  train return +105.78%  loss 4.45e-05  maxQ +0.0166  changes   530  5.5 min
episode 412/1013  eps 0.023  train return  +27.95%  loss 5.11e-05  maxQ +0.0157  changes   451  5.5 min
episode 413/1013  eps 0.023  train return  +21.89%  loss 4.72e-05  maxQ +0.0160  changes   471  5.5 min
episode 414/1013  eps 0.023  train return  +85.89%  loss 4.51e-05  maxQ +0.0159  changes   485  5.5 min
episode 415/1013  eps 0.023  train return  +96.30%  loss 4.49e-05  maxQ +0.0150  changes   495  5.5 min
episode 416/1013  eps 0.023  train return +115.42%  loss 4.50e-05  maxQ +0.0153  changes   509  5.6 min
episode 417/1013  eps 0.022  train return +222.23%  loss 4.25e-05  maxQ +0.0144  changes   503  5.6 min
episode 418/1013  eps 0.022  train return  +55.80%  loss 4.47e-05  maxQ +0.0147  changes   471  5.6 min
episode 419/1013  eps 0.022  train return  +35.94%  loss 4.67e-05  maxQ +0.0155  changes   471  5.6 min
episode 420/1013  eps 0.022  train return  +26.04%  loss 4.48e-05  maxQ +0.0161  changes   489  5.6 min | val return -11.30% (best +8.34%)
episode 421/1013  eps 0.022  train return  +52.44%  loss 4.57e-05  maxQ +0.0156  changes   466  5.6 min
episode 422/1013  eps 0.021  train return  +51.89%  loss 4.64e-05  maxQ +0.0167  changes   487  5.7 min
episode 423/1013  eps 0.021  train return +182.60%  loss 4.89e-05  maxQ +0.0169  changes   480  5.7 min
episode 424/1013  eps 0.021  train return  +24.56%  loss 4.37e-05  maxQ +0.0163  changes   446  5.7 min
episode 425/1013  eps 0.021  train return  +11.54%  loss 4.48e-05  maxQ +0.0168  changes   476  5.7 min
episode 426/1013  eps 0.021  train return  +90.70%  loss 4.67e-05  maxQ +0.0165  changes   477  5.7 min
episode 427/1013  eps 0.020  train return +229.33%  loss 4.91e-05  maxQ +0.0164  changes   495  5.7 min
episode 428/1013  eps 0.020  train return +265.67%  loss 4.43e-05  maxQ +0.0164  changes   515  5.7 min
episode 429/1013  eps 0.020  train return  +90.38%  loss 4.65e-05  maxQ +0.0162  changes   494  5.7 min
episode 430/1013  eps 0.020  train return +223.95%  loss 4.51e-05  maxQ +0.0167  changes   488  5.8 min | val return -9.60% (best +8.34%)
episode 431/1013  eps 0.020  train return   +6.96%  loss 4.47e-05  maxQ +0.0163  changes   483  5.8 min
episode 432/1013  eps 0.019  train return +133.22%  loss 5.17e-05  maxQ +0.0166  changes   493  5.8 min
episode 433/1013  eps 0.019  train return   +2.12%  loss 4.71e-05  maxQ +0.0167  changes   443  5.8 min
episode 434/1013  eps 0.019  train return  +26.13%  loss 4.49e-05  maxQ +0.0169  changes   504  5.8 min
episode 435/1013  eps 0.019  train return  +46.71%  loss 4.69e-05  maxQ +0.0165  changes   455  5.8 min
episode 436/1013  eps 0.019  train return +154.17%  loss 4.92e-05  maxQ +0.0171  changes   505  5.8 min
episode 437/1013  eps 0.019  train return  +13.12%  loss 5.07e-05  maxQ +0.0173  changes   453  5.9 min
episode 438/1013  eps 0.018  train return +191.89%  loss 4.64e-05  maxQ +0.0170  changes   508  5.9 min
episode 439/1013  eps 0.018  train return +284.01%  loss 4.90e-05  maxQ +0.0170  changes   511  5.9 min
episode 440/1013  eps 0.018  train return  +46.35%  loss 4.39e-05  maxQ +0.0164  changes   496  5.9 min | val return -8.26% (best +8.34%)
episode 441/1013  eps 0.018  train return +252.33%  loss 4.75e-05  maxQ +0.0161  changes   470  5.9 min
episode 442/1013  eps 0.018  train return  +71.41%  loss 4.41e-05  maxQ +0.0156  changes   532  5.9 min
episode 443/1013  eps 0.018  train return   +9.05%  loss 4.57e-05  maxQ +0.0163  changes   466  6.0 min
episode 444/1013  eps 0.017  train return  +11.72%  loss 4.60e-05  maxQ +0.0165  changes   440  6.0 min
episode 445/1013  eps 0.017  train return  +28.21%  loss 5.30e-05  maxQ +0.0172  changes   473  6.0 min
episode 446/1013  eps 0.017  train return  +98.61%  loss 5.00e-05  maxQ +0.0164  changes   470  6.0 min
episode 447/1013  eps 0.017  train return  +69.58%  loss 4.82e-05  maxQ +0.0168  changes   502  6.0 min
episode 448/1013  eps 0.017  train return   +6.42%  loss 4.66e-05  maxQ +0.0171  changes   448  6.0 min
episode 449/1013  eps 0.017  train return  +97.88%  loss 4.79e-05  maxQ +0.0171  changes   501  6.0 min
episode 450/1013  eps 0.016  train return  -10.29%  loss 4.78e-05  maxQ +0.0162  changes   477  6.0 min | val return -16.20% (best +8.34%)
episode 451/1013  eps 0.016  train return  +45.73%  loss 4.63e-05  maxQ +0.0167  changes   473  6.1 min
episode 452/1013  eps 0.016  train return  +17.29%  loss 4.49e-05  maxQ +0.0167  changes   491  6.1 min
episode 453/1013  eps 0.016  train return +195.11%  loss 5.07e-05  maxQ +0.0168  changes   478  6.1 min
episode 454/1013  eps 0.016  train return  +55.70%  loss 5.15e-05  maxQ +0.0173  changes   480  6.1 min
episode 455/1013  eps 0.016  train return  +42.86%  loss 4.85e-05  maxQ +0.0175  changes   455  6.1 min
episode 456/1013  eps 0.016  train return  +19.69%  loss 5.00e-05  maxQ +0.0173  changes   465  6.1 min
episode 457/1013  eps 0.015  train return +119.10%  loss 4.68e-05  maxQ +0.0166  changes   496  6.1 min
episode 458/1013  eps 0.015  train return +325.66%  loss 4.73e-05  maxQ +0.0164  changes   503  6.2 min
episode 459/1013  eps 0.015  train return +339.89%  loss 5.06e-05  maxQ +0.0167  changes   462  6.2 min
episode 460/1013  eps 0.015  train return  +89.68%  loss 4.93e-05  maxQ +0.0170  changes   487  6.2 min | val return -16.86% (best +8.34%)
episode 461/1013  eps 0.015  train return +138.08%  loss 4.91e-05  maxQ +0.0169  changes   485  6.2 min
episode 462/1013  eps 0.015  train return  +28.68%  loss 5.13e-05  maxQ +0.0173  changes   478  6.2 min
episode 463/1013  eps 0.015  train return   +8.35%  loss 5.11e-05  maxQ +0.0172  changes   487  6.2 min
episode 464/1013  eps 0.015  train return  +82.43%  loss 4.83e-05  maxQ +0.0165  changes   458  6.2 min
episode 465/1013  eps 0.014  train return  +31.75%  loss 4.72e-05  maxQ +0.0164  changes   487  6.3 min
episode 466/1013  eps 0.014  train return  +30.76%  loss 5.20e-05  maxQ +0.0178  changes   473  6.3 min
episode 467/1013  eps 0.014  train return  +90.83%  loss 4.99e-05  maxQ +0.0188  changes   470  6.3 min
episode 468/1013  eps 0.014  train return  +45.06%  loss 5.26e-05  maxQ +0.0185  changes   441  6.3 min
episode 469/1013  eps 0.014  train return  +26.67%  loss 4.90e-05  maxQ +0.0183  changes   439  6.3 min
episode 470/1013  eps 0.014  train return   +4.46%  loss 5.22e-05  maxQ +0.0188  changes   434  6.3 min | val return -9.30% (best +8.34%)
episode 471/1013  eps 0.014  train return +127.43%  loss 4.49e-05  maxQ +0.0182  changes   470  6.3 min
episode 472/1013  eps 0.013  train return  +28.88%  loss 4.60e-05  maxQ +0.0176  changes   410  6.4 min
episode 473/1013  eps 0.013  train return +321.68%  loss 4.56e-05  maxQ +0.0175  changes   490  6.4 min
episode 474/1013  eps 0.013  train return  +15.50%  loss 4.81e-05  maxQ +0.0178  changes   454  6.4 min
episode 475/1013  eps 0.013  train return  +46.91%  loss 4.66e-05  maxQ +0.0174  changes   480  6.4 min
episode 476/1013  eps 0.013  train return +117.63%  loss 5.19e-05  maxQ +0.0170  changes   491  6.4 min
episode 477/1013  eps 0.013  train return +126.09%  loss 4.73e-05  maxQ +0.0172  changes   461  6.4 min
episode 478/1013  eps 0.013  train return  +51.86%  loss 4.60e-05  maxQ +0.0167  changes   427  6.4 min
episode 479/1013  eps 0.013  train return +149.53%  loss 4.70e-05  maxQ +0.0172  changes   487  6.4 min
episode 480/1013  eps 0.013  train return +136.54%  loss 4.61e-05  maxQ +0.0170  changes   477  6.5 min | val return -6.60% (best +8.34%)
episode 481/1013  eps 0.012  train return   +9.98%  loss 4.91e-05  maxQ +0.0172  changes   454  6.5 min
episode 482/1013  eps 0.012  train return   +0.89%  loss 4.99e-05  maxQ +0.0175  changes   463  6.5 min
episode 483/1013  eps 0.012  train return  +46.91%  loss 4.90e-05  maxQ +0.0176  changes   481  6.5 min
episode 484/1013  eps 0.012  train return  +41.03%  loss 4.88e-05  maxQ +0.0170  changes   494  6.5 min
episode 485/1013  eps 0.012  train return +163.59%  loss 4.80e-05  maxQ +0.0169  changes   499  6.5 min
episode 486/1013  eps 0.012  train return +294.96%  loss 4.94e-05  maxQ +0.0168  changes   503  6.5 min
episode 487/1013  eps 0.012  train return +189.96%  loss 5.01e-05  maxQ +0.0172  changes   450  6.6 min
episode 488/1013  eps 0.012  train return +228.05%  loss 5.13e-05  maxQ +0.0174  changes   451  6.6 min
episode 489/1013  eps 0.012  train return   -2.75%  loss 4.92e-05  maxQ +0.0175  changes   473  6.6 min
episode 490/1013  eps 0.011  train return   +6.30%  loss 5.31e-05  maxQ +0.0179  changes   460  6.6 min | val return -13.25% (best +8.34%)
episode 491/1013  eps 0.011  train return  +86.67%  loss 5.22e-05  maxQ +0.0181  changes   480  6.6 min
episode 492/1013  eps 0.011  train return  +61.55%  loss 5.29e-05  maxQ +0.0183  changes   460  6.6 min
episode 493/1013  eps 0.011  train return +418.33%  loss 5.66e-05  maxQ +0.0188  changes   480  6.7 min
episode 494/1013  eps 0.011  train return  +49.78%  loss 5.20e-05  maxQ +0.0184  changes   452  6.7 min
episode 495/1013  eps 0.011  train return  +87.86%  loss 5.39e-05  maxQ +0.0183  changes   453  6.7 min
episode 496/1013  eps 0.011  train return  +15.87%  loss 5.38e-05  maxQ +0.0175  changes   408  6.7 min
episode 497/1013  eps 0.011  train return +342.30%  loss 4.99e-05  maxQ +0.0173  changes   489  6.7 min
episode 498/1013  eps 0.011  train return +280.65%  loss 5.10e-05  maxQ +0.0176  changes   486  6.7 min
episode 499/1013  eps 0.011  train return +316.57%  loss 4.96e-05  maxQ +0.0177  changes   478  6.7 min
episode 500/1013  eps 0.010  train return +474.44%  loss 5.13e-05  maxQ +0.0172  changes   479  6.7 min | val return -7.10% (best +8.34%)
episode 501/1013  eps 0.010  train return +433.47%  loss 5.44e-05  maxQ +0.0176  changes   436  6.8 min
episode 502/1013  eps 0.010  train return  +83.66%  loss 5.16e-05  maxQ +0.0177  changes   474  6.8 min
episode 503/1013  eps 0.010  train return   -2.99%  loss 5.24e-05  maxQ +0.0173  changes   487  6.8 min
episode 504/1013  eps 0.010  train return +223.51%  loss 5.22e-05  maxQ +0.0181  changes   460  6.8 min
episode 505/1013  eps 0.010  train return  +24.12%  loss 5.47e-05  maxQ +0.0180  changes   434  6.8 min
episode 506/1013  eps 0.010  train return  +68.12%  loss 5.43e-05  maxQ +0.0182  changes   462  6.8 min
episode 507/1013  eps 0.010  train return  +52.47%  loss 5.10e-05  maxQ +0.0177  changes   434  6.8 min
episode 508/1013  eps 0.010  train return  +16.90%  loss 5.40e-05  maxQ +0.0183  changes   475  6.9 min
episode 509/1013  eps 0.010  train return +182.03%  loss 4.88e-05  maxQ +0.0177  changes   476  6.9 min
episode 510/1013  eps 0.010  train return  +33.42%  loss 5.15e-05  maxQ +0.0183  changes   444  6.9 min | val return -1.41% (best +8.34%)
episode 511/1013  eps 0.010  train return  +36.11%  loss 5.28e-05  maxQ +0.0178  changes   430  6.9 min
episode 512/1013  eps 0.010  train return +151.36%  loss 4.69e-05  maxQ +0.0181  changes   465  6.9 min
episode 513/1013  eps 0.010  train return  +33.93%  loss 5.09e-05  maxQ +0.0178  changes   488  6.9 min
episode 514/1013  eps 0.010  train return  +64.91%  loss 4.86e-05  maxQ +0.0176  changes   455  6.9 min
episode 515/1013  eps 0.010  train return   +8.30%  loss 4.99e-05  maxQ +0.0170  changes   422  7.0 min
episode 516/1013  eps 0.010  train return  +85.01%  loss 5.02e-05  maxQ +0.0175  changes   462  7.0 min
episode 517/1013  eps 0.010  train return   -2.61%  loss 5.39e-05  maxQ +0.0183  changes   433  7.0 min
episode 518/1013  eps 0.010  train return  +53.50%  loss 4.86e-05  maxQ +0.0175  changes   460  7.0 min
episode 519/1013  eps 0.010  train return  +44.43%  loss 4.76e-05  maxQ +0.0182  changes   500  7.0 min
episode 520/1013  eps 0.010  train return +118.66%  loss 5.04e-05  maxQ +0.0174  changes   485  7.0 min | val return -10.48% (best +8.34%)
episode 521/1013  eps 0.010  train return  +99.38%  loss 4.76e-05  maxQ +0.0171  changes   447  7.0 min
episode 522/1013  eps 0.010  train return  +80.89%  loss 4.84e-05  maxQ +0.0175  changes   446  7.1 min
episode 523/1013  eps 0.010  train return +248.61%  loss 5.15e-05  maxQ +0.0178  changes   476  7.1 min
episode 524/1013  eps 0.010  train return +137.31%  loss 5.54e-05  maxQ +0.0178  changes   478  7.1 min
episode 525/1013  eps 0.010  train return +314.83%  loss 5.08e-05  maxQ +0.0179  changes   482  7.1 min
episode 526/1013  eps 0.010  train return  +89.83%  loss 5.06e-05  maxQ +0.0173  changes   442  7.1 min
episode 527/1013  eps 0.010  train return   +4.12%  loss 5.48e-05  maxQ +0.0181  changes   435  7.1 min
episode 528/1013  eps 0.010  train return +102.81%  loss 5.27e-05  maxQ +0.0177  changes   447  7.1 min
episode 529/1013  eps 0.010  train return   -2.09%  loss 4.86e-05  maxQ +0.0179  changes   454  7.1 min
episode 530/1013  eps 0.010  train return   -0.46%  loss 4.87e-05  maxQ +0.0184  changes   420  7.2 min | val return +4.37% (best +8.34%)
episode 531/1013  eps 0.010  train return +148.22%  loss 4.92e-05  maxQ +0.0180  changes   507  7.2 min
episode 532/1013  eps 0.010  train return +120.19%  loss 5.28e-05  maxQ +0.0189  changes   475  7.2 min
episode 533/1013  eps 0.010  train return +695.33%  loss 5.23e-05  maxQ +0.0187  changes   480  7.2 min
episode 534/1013  eps 0.010  train return +100.39%  loss 5.53e-05  maxQ +0.0194  changes   480  7.2 min
episode 535/1013  eps 0.010  train return +254.31%  loss 5.55e-05  maxQ +0.0185  changes   490  7.2 min
episode 536/1013  eps 0.010  train return  +57.49%  loss 5.23e-05  maxQ +0.0188  changes   473  7.2 min
episode 537/1013  eps 0.010  train return +210.83%  loss 5.22e-05  maxQ +0.0179  changes   470  7.3 min
episode 538/1013  eps 0.010  train return  +64.31%  loss 5.72e-05  maxQ +0.0179  changes   466  7.3 min
episode 539/1013  eps 0.010  train return +105.68%  loss 5.65e-05  maxQ +0.0184  changes   462  7.3 min
episode 540/1013  eps 0.010  train return +173.02%  loss 6.06e-05  maxQ +0.0186  changes   514  7.3 min | val return -6.59% (best +8.34%)
episode 541/1013  eps 0.010  train return +102.22%  loss 5.88e-05  maxQ +0.0186  changes   467  7.3 min
episode 542/1013  eps 0.010  train return +384.80%  loss 6.27e-05  maxQ +0.0194  changes   479  7.3 min
episode 543/1013  eps 0.010  train return  +91.47%  loss 5.89e-05  maxQ +0.0195  changes   483  7.4 min
episode 544/1013  eps 0.010  train return +249.71%  loss 5.77e-05  maxQ +0.0198  changes   490  7.4 min
episode 545/1013  eps 0.010  train return  +61.45%  loss 6.15e-05  maxQ +0.0196  changes   465  7.4 min
episode 546/1013  eps 0.010  train return +106.25%  loss 5.83e-05  maxQ +0.0195  changes   474  7.4 min
episode 547/1013  eps 0.010  train return  +33.19%  loss 5.91e-05  maxQ +0.0198  changes   460  7.4 min
episode 548/1013  eps 0.010  train return +436.21%  loss 5.91e-05  maxQ +0.0196  changes   452  7.4 min
episode 549/1013  eps 0.010  train return   -4.09%  loss 5.69e-05  maxQ +0.0200  changes   428  7.4 min
episode 550/1013  eps 0.010  train return  +88.06%  loss 5.95e-05  maxQ +0.0202  changes   463  7.5 min | val return +6.17% (best +8.34%)
episode 551/1013  eps 0.010  train return +404.72%  loss 5.93e-05  maxQ +0.0202  changes   486  7.5 min
episode 552/1013  eps 0.010  train return  +30.05%  loss 5.47e-05  maxQ +0.0199  changes   451  7.5 min
episode 553/1013  eps 0.010  train return +104.30%  loss 5.50e-05  maxQ +0.0194  changes   491  7.5 min
episode 554/1013  eps 0.010  train return +174.96%  loss 5.58e-05  maxQ +0.0192  changes   448  7.5 min
episode 555/1013  eps 0.010  train return +166.22%  loss 5.83e-05  maxQ +0.0196  changes   504  7.5 min
episode 556/1013  eps 0.010  train return +534.03%  loss 5.84e-05  maxQ +0.0198  changes   457  7.5 min
episode 557/1013  eps 0.010  train return +141.54%  loss 6.36e-05  maxQ +0.0203  changes   483  7.6 min
episode 558/1013  eps 0.010  train return  +42.85%  loss 5.90e-05  maxQ +0.0207  changes   479  7.6 min
episode 559/1013  eps 0.010  train return  +50.83%  loss 6.18e-05  maxQ +0.0203  changes   460  7.6 min
episode 560/1013  eps 0.010  train return +279.83%  loss 5.28e-05  maxQ +0.0197  changes   494  7.6 min | val return +6.80% (best +8.34%)
episode 561/1013  eps 0.010  train return   -0.81%  loss 5.57e-05  maxQ +0.0198  changes   417  7.6 min
episode 562/1013  eps 0.010  train return   +0.59%  loss 5.66e-05  maxQ +0.0201  changes   439  7.6 min
episode 563/1013  eps 0.010  train return  +11.39%  loss 5.52e-05  maxQ +0.0189  changes   468  7.6 min
episode 564/1013  eps 0.010  train return  +26.41%  loss 5.33e-05  maxQ +0.0187  changes   465  7.7 min
episode 565/1013  eps 0.010  train return  +69.83%  loss 5.38e-05  maxQ +0.0190  changes   476  7.7 min
episode 566/1013  eps 0.010  train return  +95.10%  loss 5.50e-05  maxQ +0.0191  changes   487  7.7 min
episode 567/1013  eps 0.010  train return  +51.97%  loss 5.12e-05  maxQ +0.0187  changes   475  7.7 min
episode 568/1013  eps 0.010  train return  +80.48%  loss 5.17e-05  maxQ +0.0183  changes   457  7.7 min
episode 569/1013  eps 0.010  train return +244.55%  loss 5.31e-05  maxQ +0.0187  changes   507  7.7 min
episode 570/1013  eps 0.010  train return +330.75%  loss 5.11e-05  maxQ +0.0190  changes   477  7.7 min | val return +6.36% (best +8.34%)
episode 571/1013  eps 0.010  train return  +29.85%  loss 5.38e-05  maxQ +0.0196  changes   445  7.8 min
episode 572/1013  eps 0.010  train return +213.60%  loss 5.74e-05  maxQ +0.0192  changes   489  7.8 min
episode 573/1013  eps 0.010  train return   +1.66%  loss 4.89e-05  maxQ +0.0184  changes   452  7.8 min
episode 574/1013  eps 0.010  train return +144.93%  loss 5.16e-05  maxQ +0.0190  changes   488  7.8 min
episode 575/1013  eps 0.010  train return  +48.33%  loss 5.97e-05  maxQ +0.0187  changes   488  7.8 min
episode 576/1013  eps 0.010  train return +164.82%  loss 5.64e-05  maxQ +0.0188  changes   518  7.8 min
episode 577/1013  eps 0.010  train return  +80.61%  loss 5.55e-05  maxQ +0.0188  changes   479  7.8 min
episode 578/1013  eps 0.010  train return  +31.25%  loss 5.26e-05  maxQ +0.0191  changes   507  7.9 min
episode 579/1013  eps 0.010  train return +225.61%  loss 5.49e-05  maxQ +0.0191  changes   486  7.9 min
episode 580/1013  eps 0.010  train return  +79.01%  loss 5.34e-05  maxQ +0.0194  changes   528  7.9 min | val return +16.14% (best +16.14%)
episode 581/1013  eps 0.010  train return  +85.69%  loss 5.32e-05  maxQ +0.0192  changes   505  7.9 min
episode 582/1013  eps 0.010  train return  +29.00%  loss 5.72e-05  maxQ +0.0197  changes   473  7.9 min
episode 583/1013  eps 0.010  train return +128.79%  loss 5.97e-05  maxQ +0.0188  changes   513  7.9 min
episode 584/1013  eps 0.010  train return +126.33%  loss 6.14e-05  maxQ +0.0197  changes   496  7.9 min
episode 585/1013  eps 0.010  train return   -6.41%  loss 5.67e-05  maxQ +0.0203  changes   501  8.0 min
episode 586/1013  eps 0.010  train return  +16.24%  loss 5.35e-05  maxQ +0.0196  changes   515  8.0 min
episode 587/1013  eps 0.010  train return  +48.36%  loss 5.43e-05  maxQ +0.0195  changes   503  8.0 min
episode 588/1013  eps 0.010  train return +108.34%  loss 5.37e-05  maxQ +0.0190  changes   494  8.0 min
episode 589/1013  eps 0.010  train return +373.55%  loss 5.48e-05  maxQ +0.0188  changes   505  8.0 min
episode 590/1013  eps 0.010  train return  +10.22%  loss 6.08e-05  maxQ +0.0186  changes   465  8.0 min | val return +11.29% (best +16.14%)
episode 591/1013  eps 0.010  train return   -3.49%  loss 5.53e-05  maxQ +0.0185  changes   455  8.0 min
episode 592/1013  eps 0.010  train return +375.43%  loss 5.34e-05  maxQ +0.0186  changes   480  8.1 min
episode 593/1013  eps 0.010  train return +105.50%  loss 5.38e-05  maxQ +0.0186  changes   450  8.1 min
episode 594/1013  eps 0.010  train return  +52.04%  loss 5.44e-05  maxQ +0.0181  changes   491  8.1 min
episode 595/1013  eps 0.010  train return  +98.49%  loss 5.30e-05  maxQ +0.0176  changes   488  8.1 min
episode 596/1013  eps 0.010  train return +516.42%  loss 4.80e-05  maxQ +0.0179  changes   489  8.1 min
episode 597/1013  eps 0.010  train return  +50.75%  loss 4.77e-05  maxQ +0.0179  changes   491  8.1 min
episode 598/1013  eps 0.010  train return +214.42%  loss 5.47e-05  maxQ +0.0185  changes   482  8.1 min
episode 599/1013  eps 0.010  train return +114.01%  loss 5.37e-05  maxQ +0.0187  changes   472  8.2 min
episode 600/1013  eps 0.010  train return  +25.09%  loss 5.67e-05  maxQ +0.0190  changes   504  8.2 min | val return +23.29% (best +23.29%)
episode 601/1013  eps 0.010  train return  +14.94%  loss 5.49e-05  maxQ +0.0190  changes   479  8.2 min
episode 602/1013  eps 0.010  train return  +55.96%  loss 5.68e-05  maxQ +0.0196  changes   475  8.2 min
episode 603/1013  eps 0.010  train return   +8.88%  loss 5.51e-05  maxQ +0.0201  changes   498  8.2 min
episode 604/1013  eps 0.010  train return +120.79%  loss 5.01e-05  maxQ +0.0191  changes   496  8.2 min
episode 605/1013  eps 0.010  train return   +3.99%  loss 4.89e-05  maxQ +0.0184  changes   485  8.2 min
episode 606/1013  eps 0.010  train return  +77.38%  loss 5.06e-05  maxQ +0.0181  changes   493  8.3 min
episode 607/1013  eps 0.010  train return  +78.26%  loss 5.39e-05  maxQ +0.0175  changes   481  8.3 min
episode 608/1013  eps 0.010  train return   +4.26%  loss 5.06e-05  maxQ +0.0171  changes   444  8.3 min
episode 609/1013  eps 0.010  train return +125.81%  loss 4.84e-05  maxQ +0.0175  changes   485  8.3 min
episode 610/1013  eps 0.010  train return +212.84%  loss 5.10e-05  maxQ +0.0177  changes   511  8.3 min | val return +9.57% (best +23.29%)
episode 611/1013  eps 0.010  train return  +64.78%  loss 5.31e-05  maxQ +0.0181  changes   478  8.3 min
episode 612/1013  eps 0.010  train return   +4.07%  loss 5.67e-05  maxQ +0.0182  changes   449  8.3 min
episode 613/1013  eps 0.010  train return   +1.05%  loss 5.03e-05  maxQ +0.0184  changes   436  8.4 min
episode 614/1013  eps 0.010  train return  +28.12%  loss 4.96e-05  maxQ +0.0182  changes   502  8.4 min
episode 615/1013  eps 0.010  train return  +27.40%  loss 4.95e-05  maxQ +0.0177  changes   471  8.4 min
episode 616/1013  eps 0.010  train return +126.22%  loss 4.61e-05  maxQ +0.0172  changes   498  8.4 min
episode 617/1013  eps 0.010  train return +110.00%  loss 4.61e-05  maxQ +0.0170  changes   488  8.4 min
episode 618/1013  eps 0.010  train return +545.41%  loss 4.54e-05  maxQ +0.0179  changes   482  8.4 min
episode 619/1013  eps 0.010  train return  +16.67%  loss 4.97e-05  maxQ +0.0176  changes   453  8.4 min
episode 620/1013  eps 0.010  train return  +46.89%  loss 4.52e-05  maxQ +0.0175  changes   488  8.5 min | val return +5.79% (best +23.29%)
episode 621/1013  eps 0.010  train return +558.70%  loss 4.85e-05  maxQ +0.0176  changes   493  8.5 min
episode 622/1013  eps 0.010  train return  +26.59%  loss 4.87e-05  maxQ +0.0172  changes   464  8.5 min
episode 623/1013  eps 0.010  train return  +65.17%  loss 4.75e-05  maxQ +0.0172  changes   506  8.5 min
episode 624/1013  eps 0.010  train return +103.19%  loss 4.68e-05  maxQ +0.0173  changes   449  8.5 min
episode 625/1013  eps 0.010  train return +101.47%  loss 4.57e-05  maxQ +0.0177  changes   473  8.5 min
episode 626/1013  eps 0.010  train return +405.98%  loss 4.54e-05  maxQ +0.0172  changes   483  8.5 min
episode 627/1013  eps 0.010  train return  +10.39%  loss 4.53e-05  maxQ +0.0176  changes   486  8.6 min
episode 628/1013  eps 0.010  train return  +24.40%  loss 4.56e-05  maxQ +0.0176  changes   454  8.6 min
episode 629/1013  eps 0.010  train return  +35.14%  loss 4.64e-05  maxQ +0.0168  changes   478  8.6 min
episode 630/1013  eps 0.010  train return  +32.38%  loss 4.48e-05  maxQ +0.0168  changes   443  8.6 min | val return +4.98% (best +23.29%)
episode 631/1013  eps 0.010  train return   -1.50%  loss 4.58e-05  maxQ +0.0164  changes   467  8.6 min
episode 632/1013  eps 0.010  train return  +17.00%  loss 4.64e-05  maxQ +0.0163  changes   470  8.6 min
episode 633/1013  eps 0.010  train return +414.19%  loss 4.29e-05  maxQ +0.0164  changes   455  8.6 min
episode 634/1013  eps 0.010  train return  +25.72%  loss 4.52e-05  maxQ +0.0172  changes   444  8.7 min
episode 635/1013  eps 0.010  train return  +62.25%  loss 4.48e-05  maxQ +0.0164  changes   464  8.7 min
episode 636/1013  eps 0.010  train return +251.43%  loss 4.56e-05  maxQ +0.0161  changes   507  8.7 min
episode 637/1013  eps 0.010  train return +126.98%  loss 5.08e-05  maxQ +0.0167  changes   465  8.7 min
episode 638/1013  eps 0.010  train return +326.82%  loss 5.00e-05  maxQ +0.0169  changes   494  8.7 min
episode 639/1013  eps 0.010  train return +111.89%  loss 4.81e-05  maxQ +0.0175  changes   472  8.7 min
episode 640/1013  eps 0.010  train return  +47.25%  loss 4.59e-05  maxQ +0.0178  changes   476  8.7 min | val return +0.36% (best +23.29%)
episode 641/1013  eps 0.010  train return  +40.80%  loss 4.50e-05  maxQ +0.0169  changes   436  8.8 min
episode 642/1013  eps 0.010  train return  +64.30%  loss 4.71e-05  maxQ +0.0167  changes   499  8.8 min
episode 643/1013  eps 0.010  train return  +33.37%  loss 4.41e-05  maxQ +0.0167  changes   453  8.8 min
episode 644/1013  eps 0.010  train return +238.07%  loss 4.62e-05  maxQ +0.0158  changes   470  8.8 min
episode 645/1013  eps 0.010  train return   +5.67%  loss 4.28e-05  maxQ +0.0163  changes   444  8.8 min
episode 646/1013  eps 0.010  train return +269.42%  loss 4.39e-05  maxQ +0.0167  changes   505  8.8 min
episode 647/1013  eps 0.010  train return  +86.24%  loss 4.50e-05  maxQ +0.0160  changes   437  8.8 min
episode 648/1013  eps 0.010  train return  +17.01%  loss 4.64e-05  maxQ +0.0162  changes   426  8.9 min
episode 649/1013  eps 0.010  train return +118.52%  loss 4.43e-05  maxQ +0.0163  changes   471  8.9 min
episode 650/1013  eps 0.010  train return +132.26%  loss 4.59e-05  maxQ +0.0164  changes   480  8.9 min | val return -0.46% (best +23.29%)
episode 651/1013  eps 0.010  train return +155.57%  loss 4.72e-05  maxQ +0.0175  changes   502  8.9 min
episode 652/1013  eps 0.010  train return +131.39%  loss 4.66e-05  maxQ +0.0178  changes   484  8.9 min
episode 653/1013  eps 0.010  train return  +12.31%  loss 4.67e-05  maxQ +0.0170  changes   437  8.9 min
episode 654/1013  eps 0.010  train return +174.98%  loss 4.56e-05  maxQ +0.0176  changes   464  8.9 min
episode 655/1013  eps 0.010  train return  +21.00%  loss 4.93e-05  maxQ +0.0172  changes   403  9.0 min
episode 656/1013  eps 0.010  train return +238.58%  loss 5.10e-05  maxQ +0.0180  changes   466  9.0 min
episode 657/1013  eps 0.010  train return +111.05%  loss 4.73e-05  maxQ +0.0176  changes   465  9.0 min
episode 658/1013  eps 0.010  train return  +88.01%  loss 5.04e-05  maxQ +0.0174  changes   448  9.0 min
episode 659/1013  eps 0.010  train return +170.34%  loss 4.89e-05  maxQ +0.0181  changes   485  9.0 min
episode 660/1013  eps 0.010  train return  +28.02%  loss 4.94e-05  maxQ +0.0184  changes   467  9.0 min | val return +24.16% (best +24.16%)
episode 661/1013  eps 0.010  train return  +30.66%  loss 4.72e-05  maxQ +0.0175  changes   446  9.1 min
episode 662/1013  eps 0.010  train return  +56.38%  loss 4.70e-05  maxQ +0.0176  changes   456  9.1 min
episode 663/1013  eps 0.010  train return  +19.25%  loss 4.75e-05  maxQ +0.0176  changes   452  9.1 min
episode 664/1013  eps 0.010  train return  +48.93%  loss 4.50e-05  maxQ +0.0181  changes   473  9.1 min
episode 665/1013  eps 0.010  train return  +91.80%  loss 4.76e-05  maxQ +0.0182  changes   457  9.1 min
episode 666/1013  eps 0.010  train return +147.63%  loss 4.51e-05  maxQ +0.0175  changes   452  9.1 min
episode 667/1013  eps 0.010  train return +250.59%  loss 4.82e-05  maxQ +0.0179  changes   499  9.1 min
episode 668/1013  eps 0.010  train return  +77.95%  loss 4.93e-05  maxQ +0.0171  changes   492  9.1 min
episode 669/1013  eps 0.010  train return  +47.94%  loss 4.56e-05  maxQ +0.0180  changes   460  9.2 min
episode 670/1013  eps 0.010  train return  +65.39%  loss 4.50e-05  maxQ +0.0176  changes   485  9.2 min | val return +0.51% (best +24.16%)
episode 671/1013  eps 0.010  train return +127.20%  loss 4.36e-05  maxQ +0.0186  changes   491  9.2 min
episode 672/1013  eps 0.010  train return  +13.86%  loss 4.53e-05  maxQ +0.0177  changes   407  9.2 min
episode 673/1013  eps 0.010  train return  +30.42%  loss 4.82e-05  maxQ +0.0179  changes   464  9.2 min
episode 674/1013  eps 0.010  train return +157.18%  loss 5.02e-05  maxQ +0.0181  changes   485  9.2 min
episode 675/1013  eps 0.010  train return  +14.35%  loss 4.80e-05  maxQ +0.0177  changes   440  9.2 min
episode 676/1013  eps 0.010  train return  +26.61%  loss 4.47e-05  maxQ +0.0177  changes   423  9.3 min
episode 677/1013  eps 0.010  train return  +99.22%  loss 4.70e-05  maxQ +0.0174  changes   458  9.3 min
episode 678/1013  eps 0.010  train return  +68.04%  loss 4.32e-05  maxQ +0.0175  changes   442  9.3 min
episode 679/1013  eps 0.010  train return  +11.61%  loss 4.18e-05  maxQ +0.0171  changes   444  9.3 min
episode 680/1013  eps 0.010  train return +168.36%  loss 4.20e-05  maxQ +0.0174  changes   443  9.3 min | val return +12.01% (best +24.16%)
episode 681/1013  eps 0.010  train return  +94.58%  loss 4.72e-05  maxQ +0.0182  changes   427  9.3 min
episode 682/1013  eps 0.010  train return +165.04%  loss 4.69e-05  maxQ +0.0184  changes   461  9.4 min
episode 683/1013  eps 0.010  train return +170.09%  loss 4.04e-05  maxQ +0.0184  changes   436  9.4 min
episode 684/1013  eps 0.010  train return   -0.15%  loss 3.97e-05  maxQ +0.0171  changes   444  9.4 min
episode 685/1013  eps 0.010  train return +103.53%  loss 4.18e-05  maxQ +0.0171  changes   450  9.4 min
episode 686/1013  eps 0.010  train return  +47.32%  loss 3.98e-05  maxQ +0.0170  changes   444  9.4 min
episode 687/1013  eps 0.010  train return  +20.20%  loss 4.40e-05  maxQ +0.0171  changes   473  9.4 min
episode 688/1013  eps 0.010  train return  +17.30%  loss 4.24e-05  maxQ +0.0170  changes   434  9.4 min
episode 689/1013  eps 0.010  train return +123.09%  loss 4.39e-05  maxQ +0.0170  changes   441  9.4 min
episode 690/1013  eps 0.010  train return +156.75%  loss 4.38e-05  maxQ +0.0169  changes   470  9.5 min | val return +3.57% (best +24.16%)
episode 691/1013  eps 0.010  train return  +47.22%  loss 4.33e-05  maxQ +0.0176  changes   455  9.5 min
episode 692/1013  eps 0.010  train return  +86.09%  loss 4.68e-05  maxQ +0.0186  changes   448  9.5 min
episode 693/1013  eps 0.010  train return  +40.94%  loss 4.94e-05  maxQ +0.0178  changes   499  9.5 min
episode 694/1013  eps 0.010  train return  +56.84%  loss 4.64e-05  maxQ +0.0183  changes   450  9.5 min
episode 695/1013  eps 0.010  train return +128.01%  loss 4.09e-05  maxQ +0.0178  changes   466  9.5 min
episode 696/1013  eps 0.010  train return  +23.18%  loss 4.05e-05  maxQ +0.0177  changes   467  9.6 min
episode 697/1013  eps 0.010  train return  +23.83%  loss 4.22e-05  maxQ +0.0177  changes   478  9.6 min
episode 698/1013  eps 0.010  train return +114.33%  loss 4.39e-05  maxQ +0.0177  changes   517  9.6 min
episode 699/1013  eps 0.010  train return  +69.39%  loss 4.02e-05  maxQ +0.0174  changes   460  9.6 min
episode 700/1013  eps 0.010  train return  +19.35%  loss 4.01e-05  maxQ +0.0175  changes   454  9.6 min | val return -7.48% (best +24.16%)
episode 701/1013  eps 0.010  train return  +81.88%  loss 4.17e-05  maxQ +0.0176  changes   446  9.6 min
episode 702/1013  eps 0.010  train return  +96.87%  loss 4.18e-05  maxQ +0.0176  changes   475  9.6 min
episode 703/1013  eps 0.010  train return  +17.02%  loss 4.11e-05  maxQ +0.0174  changes   438  9.7 min
episode 704/1013  eps 0.010  train return  +73.66%  loss 4.23e-05  maxQ +0.0172  changes   464  9.7 min
episode 705/1013  eps 0.010  train return +124.74%  loss 4.15e-05  maxQ +0.0167  changes   510  9.7 min
episode 706/1013  eps 0.010  train return +117.70%  loss 4.17e-05  maxQ +0.0181  changes   454  9.7 min
episode 707/1013  eps 0.010  train return  +35.44%  loss 4.32e-05  maxQ +0.0187  changes   428  9.7 min
episode 708/1013  eps 0.010  train return +229.40%  loss 4.11e-05  maxQ +0.0182  changes   497  9.7 min
episode 709/1013  eps 0.010  train return  +23.58%  loss 3.95e-05  maxQ +0.0182  changes   455  9.7 min
episode 710/1013  eps 0.010  train return  +29.75%  loss 4.13e-05  maxQ +0.0183  changes   472  9.8 min | val return -1.66% (best +24.16%)
episode 711/1013  eps 0.010  train return  +32.38%  loss 4.19e-05  maxQ +0.0175  changes   484  9.8 min
episode 712/1013  eps 0.010  train return +152.15%  loss 3.99e-05  maxQ +0.0177  changes   492  9.8 min
episode 713/1013  eps 0.010  train return  +56.80%  loss 3.97e-05  maxQ +0.0178  changes   481  9.8 min
episode 714/1013  eps 0.010  train return +215.62%  loss 4.14e-05  maxQ +0.0175  changes   487  9.8 min
episode 715/1013  eps 0.010  train return +325.73%  loss 4.05e-05  maxQ +0.0174  changes   469  9.8 min
episode 716/1013  eps 0.010  train return  +28.47%  loss 3.91e-05  maxQ +0.0175  changes   488  9.8 min
episode 717/1013  eps 0.010  train return  +20.01%  loss 4.10e-05  maxQ +0.0172  changes   470  9.9 min
episode 718/1013  eps 0.010  train return  +70.89%  loss 4.18e-05  maxQ +0.0176  changes   447  9.9 min
episode 719/1013  eps 0.010  train return +185.36%  loss 4.02e-05  maxQ +0.0173  changes   459  9.9 min
episode 720/1013  eps 0.010  train return   +3.60%  loss 4.07e-05  maxQ +0.0170  changes   432  9.9 min | val return -0.21% (best +24.16%)
episode 721/1013  eps 0.010  train return  +27.48%  loss 4.11e-05  maxQ +0.0177  changes   425  9.9 min
episode 722/1013  eps 0.010  train return  +17.93%  loss 3.93e-05  maxQ +0.0170  changes   485  9.9 min
episode 723/1013  eps 0.010  train return  +39.32%  loss 3.62e-05  maxQ +0.0171  changes   440  9.9 min
episode 724/1013  eps 0.010  train return +180.87%  loss 3.57e-05  maxQ +0.0166  changes   462  10.0 min
episode 725/1013  eps 0.010  train return +417.94%  loss 3.47e-05  maxQ +0.0165  changes   487  10.0 min
episode 726/1013  eps 0.010  train return  +73.73%  loss 3.71e-05  maxQ +0.0158  changes   486  10.0 min
episode 727/1013  eps 0.010  train return  +57.94%  loss 3.92e-05  maxQ +0.0160  changes   481  10.0 min
episode 728/1013  eps 0.010  train return +151.11%  loss 3.73e-05  maxQ +0.0161  changes   470  10.0 min
episode 729/1013  eps 0.010  train return  +79.64%  loss 3.56e-05  maxQ +0.0166  changes   468  10.0 min
episode 730/1013  eps 0.010  train return  +64.00%  loss 4.25e-05  maxQ +0.0168  changes   492  10.0 min | val return +26.30% (best +26.30%)
episode 731/1013  eps 0.010  train return +142.25%  loss 4.27e-05  maxQ +0.0169  changes   465  10.1 min
episode 732/1013  eps 0.010  train return +465.50%  loss 4.27e-05  maxQ +0.0170  changes   471  10.1 min
episode 733/1013  eps 0.010  train return  +68.96%  loss 4.11e-05  maxQ +0.0170  changes   438  10.1 min
episode 734/1013  eps 0.010  train return +225.29%  loss 4.54e-05  maxQ +0.0175  changes   480  10.1 min
episode 735/1013  eps 0.010  train return +111.94%  loss 4.21e-05  maxQ +0.0173  changes   506  10.1 min
episode 736/1013  eps 0.010  train return  +46.73%  loss 4.28e-05  maxQ +0.0172  changes   437  10.1 min
episode 737/1013  eps 0.010  train return  +16.24%  loss 4.06e-05  maxQ +0.0171  changes   371  10.1 min
episode 738/1013  eps 0.010  train return  +67.06%  loss 3.93e-05  maxQ +0.0177  changes   399  10.1 min
episode 739/1013  eps 0.010  train return  +17.08%  loss 3.94e-05  maxQ +0.0173  changes   430  10.2 min
episode 740/1013  eps 0.010  train return  +31.62%  loss 4.24e-05  maxQ +0.0173  changes   433  10.2 min | val return +1.94% (best +26.30%)
episode 741/1013  eps 0.010  train return   +1.91%  loss 3.88e-05  maxQ +0.0174  changes   428  10.2 min
episode 742/1013  eps 0.010  train return +190.32%  loss 4.00e-05  maxQ +0.0174  changes   472  10.2 min
episode 743/1013  eps 0.010  train return  +59.82%  loss 3.95e-05  maxQ +0.0168  changes   429  10.2 min
episode 744/1013  eps 0.010  train return  +81.92%  loss 4.18e-05  maxQ +0.0172  changes   464  10.2 min
episode 745/1013  eps 0.010  train return  +64.37%  loss 3.92e-05  maxQ +0.0173  changes   419  10.2 min
episode 746/1013  eps 0.010  train return +324.72%  loss 4.14e-05  maxQ +0.0176  changes   496  10.3 min
episode 747/1013  eps 0.010  train return +111.73%  loss 4.18e-05  maxQ +0.0177  changes   452  10.3 min
episode 748/1013  eps 0.010  train return  +17.92%  loss 4.05e-05  maxQ +0.0178  changes   423  10.3 min
episode 749/1013  eps 0.010  train return  +70.14%  loss 4.15e-05  maxQ +0.0176  changes   474  10.3 min
episode 750/1013  eps 0.010  train return  +82.30%  loss 4.10e-05  maxQ +0.0171  changes   432  10.3 min | val return +2.96% (best +26.30%)
episode 751/1013  eps 0.010  train return +125.63%  loss 3.93e-05  maxQ +0.0164  changes   484  10.3 min
episode 752/1013  eps 0.010  train return  +22.07%  loss 3.82e-05  maxQ +0.0166  changes   462  10.4 min
episode 753/1013  eps 0.010  train return  +41.52%  loss 4.49e-05  maxQ +0.0171  changes   460  10.4 min
episode 754/1013  eps 0.010  train return  +49.13%  loss 3.95e-05  maxQ +0.0168  changes   426  10.4 min
episode 755/1013  eps 0.010  train return  +99.66%  loss 4.10e-05  maxQ +0.0172  changes   453  10.4 min
episode 756/1013  eps 0.010  train return +103.10%  loss 4.38e-05  maxQ +0.0170  changes   469  10.4 min
episode 757/1013  eps 0.010  train return +274.41%  loss 4.06e-05  maxQ +0.0174  changes   481  10.4 min
episode 758/1013  eps 0.010  train return  +71.15%  loss 4.04e-05  maxQ +0.0177  changes   484  10.4 min
episode 759/1013  eps 0.010  train return +311.70%  loss 4.27e-05  maxQ +0.0183  changes   487  10.5 min
episode 760/1013  eps 0.010  train return +109.67%  loss 4.67e-05  maxQ +0.0184  changes   445  10.5 min | val return +21.49% (best +26.30%)
episode 761/1013  eps 0.010  train return  +56.31%  loss 4.42e-05  maxQ +0.0174  changes   462  10.5 min
episode 762/1013  eps 0.010  train return  +33.64%  loss 3.81e-05  maxQ +0.0178  changes   459  10.5 min
episode 763/1013  eps 0.010  train return  +30.05%  loss 4.12e-05  maxQ +0.0178  changes   413  10.5 min
episode 764/1013  eps 0.010  train return  +54.64%  loss 3.93e-05  maxQ +0.0178  changes   474  10.5 min
episode 765/1013  eps 0.010  train return +121.73%  loss 4.02e-05  maxQ +0.0178  changes   441  10.5 min
episode 766/1013  eps 0.010  train return  +28.20%  loss 4.60e-05  maxQ +0.0173  changes   397  10.6 min
episode 767/1013  eps 0.010  train return +477.80%  loss 4.18e-05  maxQ +0.0180  changes   474  10.6 min
episode 768/1013  eps 0.010  train return   +0.83%  loss 4.61e-05  maxQ +0.0180  changes   436  10.6 min
episode 769/1013  eps 0.010  train return +241.43%  loss 4.14e-05  maxQ +0.0177  changes   464  10.6 min
episode 770/1013  eps 0.010  train return  +49.55%  loss 4.32e-05  maxQ +0.0175  changes   420  10.6 min | val return +19.98% (best +26.30%)
episode 771/1013  eps 0.010  train return +127.97%  loss 4.17e-05  maxQ +0.0179  changes   441  10.6 min
episode 772/1013  eps 0.010  train return  +45.84%  loss 4.13e-05  maxQ +0.0189  changes   445  10.6 min
episode 773/1013  eps 0.010  train return  +42.24%  loss 4.23e-05  maxQ +0.0188  changes   401  10.7 min
episode 774/1013  eps 0.010  train return  +31.49%  loss 4.40e-05  maxQ +0.0181  changes   412  10.7 min
episode 775/1013  eps 0.010  train return +310.77%  loss 4.34e-05  maxQ +0.0188  changes   467  10.7 min
episode 776/1013  eps 0.010  train return +145.20%  loss 4.27e-05  maxQ +0.0184  changes   497  10.7 min
episode 777/1013  eps 0.010  train return  +11.20%  loss 4.78e-05  maxQ +0.0184  changes   445  10.7 min
episode 778/1013  eps 0.010  train return +214.38%  loss 4.70e-05  maxQ +0.0183  changes   483  10.7 min
episode 779/1013  eps 0.010  train return  +62.95%  loss 4.30e-05  maxQ +0.0180  changes   449  10.7 min
episode 780/1013  eps 0.010  train return +161.61%  loss 4.02e-05  maxQ +0.0182  changes   497  10.8 min | val return +8.55% (best +26.30%)
episode 781/1013  eps 0.010  train return  +40.43%  loss 4.60e-05  maxQ +0.0173  changes   449  10.8 min
episode 782/1013  eps 0.010  train return  +27.36%  loss 4.50e-05  maxQ +0.0177  changes   394  10.8 min
episode 783/1013  eps 0.010  train return +102.77%  loss 4.81e-05  maxQ +0.0185  changes   471  10.8 min
episode 784/1013  eps 0.010  train return +426.32%  loss 4.60e-05  maxQ +0.0183  changes   480  10.8 min
episode 785/1013  eps 0.010  train return +471.39%  loss 4.54e-05  maxQ +0.0182  changes   461  10.8 min
episode 786/1013  eps 0.010  train return +163.74%  loss 4.75e-05  maxQ +0.0183  changes   498  10.8 min
episode 787/1013  eps 0.010  train return  +12.01%  loss 4.76e-05  maxQ +0.0186  changes   458  10.9 min
episode 788/1013  eps 0.010  train return  +16.37%  loss 5.17e-05  maxQ +0.0186  changes   465  10.9 min
episode 789/1013  eps 0.010  train return +182.02%  loss 5.18e-05  maxQ +0.0183  changes   457  10.9 min
episode 790/1013  eps 0.010  train return  +28.01%  loss 4.44e-05  maxQ +0.0186  changes   407  10.9 min | val return +6.71% (best +26.30%)
episode 791/1013  eps 0.010  train return  +20.53%  loss 4.39e-05  maxQ +0.0184  changes   441  10.9 min
episode 792/1013  eps 0.010  train return +736.78%  loss 4.70e-05  maxQ +0.0184  changes   471  10.9 min
episode 793/1013  eps 0.010  train return  +32.10%  loss 4.85e-05  maxQ +0.0189  changes   434  10.9 min
episode 794/1013  eps 0.010  train return +303.53%  loss 4.77e-05  maxQ +0.0190  changes   475  10.9 min
episode 795/1013  eps 0.010  train return  +48.35%  loss 4.65e-05  maxQ +0.0195  changes   432  11.0 min
episode 796/1013  eps 0.010  train return +168.45%  loss 4.49e-05  maxQ +0.0192  changes   484  11.0 min
episode 797/1013  eps 0.010  train return  +62.29%  loss 4.83e-05  maxQ +0.0193  changes   478  11.0 min
episode 798/1013  eps 0.010  train return  +32.64%  loss 4.88e-05  maxQ +0.0195  changes   438  11.0 min
episode 799/1013  eps 0.010  train return +134.49%  loss 4.43e-05  maxQ +0.0194  changes   460  11.0 min
episode 800/1013  eps 0.010  train return  +35.91%  loss 4.54e-05  maxQ +0.0183  changes   487  11.0 min | val return +5.80% (best +26.30%)
episode 801/1013  eps 0.010  train return  +43.26%  loss 4.50e-05  maxQ +0.0184  changes   471  11.1 min
episode 802/1013  eps 0.010  train return +602.76%  loss 4.64e-05  maxQ +0.0182  changes   445  11.1 min
episode 803/1013  eps 0.010  train return +170.07%  loss 4.79e-05  maxQ +0.0184  changes   487  11.1 min
episode 804/1013  eps 0.010  train return +288.93%  loss 4.83e-05  maxQ +0.0185  changes   477  11.1 min
episode 805/1013  eps 0.010  train return +901.99%  loss 4.58e-05  maxQ +0.0183  changes   497  11.1 min
episode 806/1013  eps 0.010  train return  +62.37%  loss 5.14e-05  maxQ +0.0190  changes   483  11.1 min
episode 807/1013  eps 0.010  train return  +19.23%  loss 4.80e-05  maxQ +0.0188  changes   465  11.1 min
episode 808/1013  eps 0.010  train return +358.37%  loss 4.71e-05  maxQ +0.0197  changes   478  11.1 min
episode 809/1013  eps 0.010  train return +189.32%  loss 4.67e-05  maxQ +0.0192  changes   482  11.2 min
episode 810/1013  eps 0.010  train return  +22.62%  loss 4.90e-05  maxQ +0.0191  changes   447  11.2 min | val return -16.77% (best +26.30%)
episode 811/1013  eps 0.010  train return +204.78%  loss 4.83e-05  maxQ +0.0185  changes   472  11.2 min
episode 812/1013  eps 0.010  train return  +37.04%  loss 4.87e-05  maxQ +0.0189  changes   405  11.2 min
episode 813/1013  eps 0.010  train return  +19.43%  loss 4.95e-05  maxQ +0.0191  changes   443  11.2 min
episode 814/1013  eps 0.010  train return  +56.56%  loss 4.83e-05  maxQ +0.0195  changes   469  11.2 min
episode 815/1013  eps 0.010  train return +344.90%  loss 4.87e-05  maxQ +0.0198  changes   489  11.2 min
episode 816/1013  eps 0.010  train return +176.37%  loss 5.11e-05  maxQ +0.0195  changes   478  11.3 min
episode 817/1013  eps 0.010  train return  +26.89%  loss 4.94e-05  maxQ +0.0189  changes   430  11.3 min
episode 818/1013  eps 0.010  train return   -3.70%  loss 4.67e-05  maxQ +0.0186  changes   380  11.3 min
episode 819/1013  eps 0.010  train return  +75.89%  loss 4.39e-05  maxQ +0.0190  changes   456  11.3 min
episode 820/1013  eps 0.010  train return   -1.20%  loss 4.69e-05  maxQ +0.0190  changes   418  11.3 min | val return +3.10% (best +26.30%)
episode 821/1013  eps 0.010  train return  +36.91%  loss 4.54e-05  maxQ +0.0187  changes   459  11.3 min
episode 822/1013  eps 0.010  train return  +25.65%  loss 4.66e-05  maxQ +0.0186  changes   443  11.3 min
episode 823/1013  eps 0.010  train return  +74.01%  loss 4.63e-05  maxQ +0.0187  changes   441  11.4 min
episode 824/1013  eps 0.010  train return  +23.18%  loss 4.68e-05  maxQ +0.0187  changes   453  11.4 min
episode 825/1013  eps 0.010  train return  +15.42%  loss 4.44e-05  maxQ +0.0187  changes   423  11.4 min
episode 826/1013  eps 0.010  train return   -1.24%  loss 4.62e-05  maxQ +0.0195  changes   429  11.4 min
episode 827/1013  eps 0.010  train return +139.40%  loss 4.37e-05  maxQ +0.0187  changes   496  11.4 min
episode 828/1013  eps 0.010  train return  +99.02%  loss 4.37e-05  maxQ +0.0185  changes   467  11.4 min
episode 829/1013  eps 0.010  train return +156.59%  loss 4.25e-05  maxQ +0.0183  changes   481  11.4 min
episode 830/1013  eps 0.010  train return +105.77%  loss 4.73e-05  maxQ +0.0181  changes   479  11.5 min | val return +6.35% (best +26.30%)
episode 831/1013  eps 0.010  train return   -5.18%  loss 4.25e-05  maxQ +0.0185  changes   415  11.5 min
episode 832/1013  eps 0.010  train return  +38.67%  loss 4.99e-05  maxQ +0.0196  changes   428  11.5 min
episode 833/1013  eps 0.010  train return +115.73%  loss 4.79e-05  maxQ +0.0187  changes   443  11.5 min
episode 834/1013  eps 0.010  train return  +63.55%  loss 4.62e-05  maxQ +0.0183  changes   426  11.5 min
episode 835/1013  eps 0.010  train return   +4.13%  loss 4.70e-05  maxQ +0.0182  changes   440  11.5 min
episode 836/1013  eps 0.010  train return +205.18%  loss 4.63e-05  maxQ +0.0190  changes   439  11.5 min
episode 837/1013  eps 0.010  train return +972.47%  loss 4.77e-05  maxQ +0.0195  changes   485  11.6 min
episode 838/1013  eps 0.010  train return  +46.15%  loss 4.85e-05  maxQ +0.0196  changes   433  11.6 min
episode 839/1013  eps 0.010  train return  +57.25%  loss 4.52e-05  maxQ +0.0192  changes   469  11.6 min
episode 840/1013  eps 0.010  train return +208.22%  loss 4.59e-05  maxQ +0.0191  changes   471  11.6 min | val return -9.92% (best +26.30%)
episode 841/1013  eps 0.010  train return  +60.79%  loss 4.53e-05  maxQ +0.0186  changes   463  11.6 min
episode 842/1013  eps 0.010  train return  +75.46%  loss 4.37e-05  maxQ +0.0183  changes   489  11.6 min
episode 843/1013  eps 0.010  train return +241.46%  loss 4.32e-05  maxQ +0.0184  changes   524  11.6 min
episode 844/1013  eps 0.010  train return +1213.63%  loss 4.58e-05  maxQ +0.0182  changes   481  11.7 min
episode 845/1013  eps 0.010  train return  +47.34%  loss 4.85e-05  maxQ +0.0182  changes   434  11.7 min
episode 846/1013  eps 0.010  train return  +12.12%  loss 4.38e-05  maxQ +0.0179  changes   430  11.7 min
episode 847/1013  eps 0.010  train return  +44.67%  loss 4.37e-05  maxQ +0.0178  changes   434  11.7 min
episode 848/1013  eps 0.010  train return  +45.61%  loss 4.36e-05  maxQ +0.0178  changes   452  11.7 min
episode 849/1013  eps 0.010  train return  +49.77%  loss 4.24e-05  maxQ +0.0178  changes   473  11.7 min
episode 850/1013  eps 0.010  train return  +16.32%  loss 4.45e-05  maxQ +0.0175  changes   457  11.7 min | val return -2.40% (best +26.30%)
episode 851/1013  eps 0.010  train return +135.88%  loss 4.51e-05  maxQ +0.0177  changes   448  11.8 min
episode 852/1013  eps 0.010  train return +132.30%  loss 4.58e-05  maxQ +0.0179  changes   469  11.8 min
episode 853/1013  eps 0.010  train return  +32.57%  loss 4.43e-05  maxQ +0.0173  changes   458  11.8 min
episode 854/1013  eps 0.010  train return +175.82%  loss 4.86e-05  maxQ +0.0175  changes   466  11.8 min
episode 855/1013  eps 0.010  train return +114.10%  loss 4.43e-05  maxQ +0.0172  changes   472  11.8 min
episode 856/1013  eps 0.010  train return  +99.20%  loss 4.76e-05  maxQ +0.0173  changes   481  11.8 min
episode 857/1013  eps 0.010  train return  +52.61%  loss 4.47e-05  maxQ +0.0172  changes   433  11.8 min
episode 858/1013  eps 0.010  train return +178.25%  loss 4.37e-05  maxQ +0.0168  changes   470  11.9 min
episode 859/1013  eps 0.010  train return  +84.29%  loss 4.04e-05  maxQ +0.0167  changes   453  11.9 min
episode 860/1013  eps 0.010  train return  +87.05%  loss 4.48e-05  maxQ +0.0178  changes   482  11.9 min | val return -12.54% (best +26.30%)
episode 861/1013  eps 0.010  train return  +51.55%  loss 4.48e-05  maxQ +0.0179  changes   431  11.9 min
episode 862/1013  eps 0.010  train return  +47.23%  loss 4.52e-05  maxQ +0.0176  changes   445  11.9 min
episode 863/1013  eps 0.010  train return  +15.20%  loss 3.96e-05  maxQ +0.0177  changes   413  11.9 min
episode 864/1013  eps 0.010  train return +263.16%  loss 4.65e-05  maxQ +0.0180  changes   462  11.9 min
episode 865/1013  eps 0.010  train return  +34.78%  loss 3.98e-05  maxQ +0.0174  changes   457  12.0 min
episode 866/1013  eps 0.010  train return  +83.69%  loss 4.28e-05  maxQ +0.0174  changes   459  12.0 min
episode 867/1013  eps 0.010  train return  +14.44%  loss 4.35e-05  maxQ +0.0176  changes   384  12.0 min
episode 868/1013  eps 0.010  train return +188.05%  loss 4.27e-05  maxQ +0.0172  changes   456  12.0 min
episode 869/1013  eps 0.010  train return +1744.95%  loss 4.18e-05  maxQ +0.0170  changes   474  12.0 min
episode 870/1013  eps 0.010  train return +300.68%  loss 4.80e-05  maxQ +0.0171  changes   479  12.0 min | val return +0.30% (best +26.30%)
episode 871/1013  eps 0.010  train return  +43.53%  loss 4.33e-05  maxQ +0.0167  changes   407  12.1 min
episode 872/1013  eps 0.010  train return  +19.23%  loss 4.55e-05  maxQ +0.0171  changes   378  12.1 min
episode 873/1013  eps 0.010  train return  +23.42%  loss 4.24e-05  maxQ +0.0166  changes   414  12.1 min
episode 874/1013  eps 0.010  train return +268.10%  loss 4.32e-05  maxQ +0.0164  changes   454  12.1 min
episode 875/1013  eps 0.010  train return +210.15%  loss 4.12e-05  maxQ +0.0163  changes   465  12.1 min
episode 876/1013  eps 0.010  train return  +26.85%  loss 4.01e-05  maxQ +0.0166  changes   476  12.1 min
episode 877/1013  eps 0.010  train return +205.66%  loss 4.50e-05  maxQ +0.0176  changes   457  12.1 min
episode 878/1013  eps 0.010  train return  +29.74%  loss 4.42e-05  maxQ +0.0176  changes   425  12.1 min
episode 879/1013  eps 0.010  train return  +55.55%  loss 4.63e-05  maxQ +0.0173  changes   504  12.2 min
episode 880/1013  eps 0.010  train return  +44.63%  loss 4.42e-05  maxQ +0.0174  changes   422  12.2 min | val return -9.41% (best +26.30%)
episode 881/1013  eps 0.010  train return   +7.86%  loss 4.16e-05  maxQ +0.0173  changes   390  12.2 min
episode 882/1013  eps 0.010  train return  +99.41%  loss 3.99e-05  maxQ +0.0169  changes   470  12.2 min
episode 883/1013  eps 0.010  train return  +91.25%  loss 4.03e-05  maxQ +0.0166  changes   469  12.2 min
episode 884/1013  eps 0.010  train return   -3.50%  loss 4.10e-05  maxQ +0.0179  changes   455  12.2 min
episode 885/1013  eps 0.010  train return +183.46%  loss 4.11e-05  maxQ +0.0174  changes   465  12.3 min
episode 886/1013  eps 0.010  train return  +96.13%  loss 4.29e-05  maxQ +0.0171  changes   510  12.3 min
episode 887/1013  eps 0.010  train return  +73.93%  loss 3.85e-05  maxQ +0.0169  changes   491  12.3 min
episode 888/1013  eps 0.010  train return +226.61%  loss 4.02e-05  maxQ +0.0172  changes   460  12.3 min
episode 889/1013  eps 0.010  train return +206.98%  loss 4.08e-05  maxQ +0.0170  changes   483  12.3 min
episode 890/1013  eps 0.010  train return  +82.78%  loss 4.60e-05  maxQ +0.0171  changes   469  12.3 min | val return +5.08% (best +26.30%)
episode 891/1013  eps 0.010  train return +170.25%  loss 4.38e-05  maxQ +0.0170  changes   439  12.3 min
episode 892/1013  eps 0.010  train return +115.65%  loss 4.45e-05  maxQ +0.0178  changes   471  12.4 min
episode 893/1013  eps 0.010  train return   +8.09%  loss 4.70e-05  maxQ +0.0180  changes   395  12.4 min
episode 894/1013  eps 0.010  train return  +18.13%  loss 4.03e-05  maxQ +0.0180  changes   412  12.4 min
episode 895/1013  eps 0.010  train return +129.31%  loss 4.47e-05  maxQ +0.0188  changes   474  12.4 min
episode 896/1013  eps 0.010  train return +268.60%  loss 4.73e-05  maxQ +0.0187  changes   461  12.4 min
episode 897/1013  eps 0.010  train return  +71.93%  loss 4.63e-05  maxQ +0.0192  changes   471  12.4 min
episode 898/1013  eps 0.010  train return +173.78%  loss 4.53e-05  maxQ +0.0192  changes   482  12.4 min
episode 899/1013  eps 0.010  train return  +12.76%  loss 5.00e-05  maxQ +0.0200  changes   426  12.4 min
episode 900/1013  eps 0.010  train return +143.22%  loss 4.73e-05  maxQ +0.0197  changes   513  12.5 min | val return -16.54% (best +26.30%)
episode 901/1013  eps 0.010  train return +345.43%  loss 4.57e-05  maxQ +0.0190  changes   502  12.5 min
episode 902/1013  eps 0.010  train return +107.64%  loss 4.17e-05  maxQ +0.0190  changes   446  12.5 min
episode 903/1013  eps 0.010  train return +169.97%  loss 4.20e-05  maxQ +0.0182  changes   449  12.5 min
episode 904/1013  eps 0.010  train return +165.77%  loss 4.32e-05  maxQ +0.0186  changes   456  12.5 min
episode 905/1013  eps 0.010  train return +363.91%  loss 4.60e-05  maxQ +0.0186  changes   444  12.5 min
episode 906/1013  eps 0.010  train return  +58.25%  loss 4.35e-05  maxQ +0.0182  changes   472  12.6 min
episode 907/1013  eps 0.010  train return +231.49%  loss 4.39e-05  maxQ +0.0183  changes   465  12.6 min
episode 908/1013  eps 0.010  train return  +61.41%  loss 4.70e-05  maxQ +0.0188  changes   481  12.6 min
episode 909/1013  eps 0.010  train return +182.53%  loss 4.61e-05  maxQ +0.0180  changes   488  12.6 min
episode 910/1013  eps 0.010  train return  +63.79%  loss 4.86e-05  maxQ +0.0184  changes   465  12.6 min | val return +10.11% (best +26.30%)
episode 911/1013  eps 0.010  train return  +41.21%  loss 4.41e-05  maxQ +0.0182  changes   462  12.6 min
episode 912/1013  eps 0.010  train return  +18.40%  loss 4.54e-05  maxQ +0.0185  changes   452  12.6 min
episode 913/1013  eps 0.010  train return  +12.63%  loss 4.22e-05  maxQ +0.0178  changes   466  12.6 min
episode 914/1013  eps 0.010  train return +460.77%  loss 4.47e-05  maxQ +0.0180  changes   470  12.7 min
episode 915/1013  eps 0.010  train return  +29.35%  loss 4.39e-05  maxQ +0.0182  changes   427  12.7 min
episode 916/1013  eps 0.010  train return +107.48%  loss 4.32e-05  maxQ +0.0182  changes   446  12.7 min
episode 917/1013  eps 0.010  train return  +64.60%  loss 4.23e-05  maxQ +0.0184  changes   450  12.7 min
episode 918/1013  eps 0.010  train return  +93.67%  loss 4.40e-05  maxQ +0.0182  changes   481  12.7 min
episode 919/1013  eps 0.010  train return  +70.06%  loss 4.29e-05  maxQ +0.0179  changes   448  12.7 min
episode 920/1013  eps 0.010  train return  +36.59%  loss 4.36e-05  maxQ +0.0180  changes   437  12.7 min | val return -18.78% (best +26.30%)
episode 921/1013  eps 0.010  train return +214.34%  loss 4.31e-05  maxQ +0.0179  changes   481  12.8 min
episode 922/1013  eps 0.010  train return +102.80%  loss 4.14e-05  maxQ +0.0185  changes   434  12.8 min
episode 923/1013  eps 0.010  train return   +4.63%  loss 3.99e-05  maxQ +0.0175  changes   387  12.8 min
episode 924/1013  eps 0.010  train return  +30.26%  loss 3.96e-05  maxQ +0.0179  changes   433  12.8 min
episode 925/1013  eps 0.010  train return +303.32%  loss 4.23e-05  maxQ +0.0179  changes   481  12.8 min
episode 926/1013  eps 0.010  train return  +34.32%  loss 4.41e-05  maxQ +0.0177  changes   422  12.8 min
episode 927/1013  eps 0.010  train return  +80.34%  loss 4.31e-05  maxQ +0.0178  changes   491  12.8 min
episode 928/1013  eps 0.010  train return  +65.94%  loss 4.24e-05  maxQ +0.0173  changes   490  12.9 min
episode 929/1013  eps 0.010  train return  +52.12%  loss 4.23e-05  maxQ +0.0181  changes   451  12.9 min
episode 930/1013  eps 0.010  train return  +78.45%  loss 4.52e-05  maxQ +0.0190  changes   461  12.9 min | val return -12.21% (best +26.30%)
episode 931/1013  eps 0.010  train return  +26.31%  loss 4.35e-05  maxQ +0.0191  changes   435  12.9 min
episode 932/1013  eps 0.010  train return  +17.56%  loss 4.17e-05  maxQ +0.0190  changes   413  12.9 min
episode 933/1013  eps 0.010  train return +167.04%  loss 4.01e-05  maxQ +0.0186  changes   486  12.9 min
episode 934/1013  eps 0.010  train return  +19.47%  loss 4.12e-05  maxQ +0.0176  changes   445  13.0 min
episode 935/1013  eps 0.010  train return  +15.32%  loss 4.09e-05  maxQ +0.0178  changes   458  13.0 min
episode 936/1013  eps 0.010  train return +146.27%  loss 4.31e-05  maxQ +0.0186  changes   523  13.0 min
episode 937/1013  eps 0.010  train return +241.53%  loss 4.57e-05  maxQ +0.0183  changes   489  13.0 min
episode 938/1013  eps 0.010  train return +144.61%  loss 4.57e-05  maxQ +0.0192  changes   481  13.0 min
episode 939/1013  eps 0.010  train return +186.02%  loss 4.21e-05  maxQ +0.0182  changes   450  13.0 min
episode 940/1013  eps 0.010  train return   +1.10%  loss 4.23e-05  maxQ +0.0183  changes   429  13.0 min | val return -15.32% (best +26.30%)
episode 941/1013  eps 0.010  train return +185.64%  loss 4.12e-05  maxQ +0.0172  changes   474  13.1 min
episode 942/1013  eps 0.010  train return +310.15%  loss 4.68e-05  maxQ +0.0180  changes   504  13.1 min
episode 943/1013  eps 0.010  train return  +75.14%  loss 4.11e-05  maxQ +0.0172  changes   465  13.1 min
episode 944/1013  eps 0.010  train return   +0.21%  loss 4.41e-05  maxQ +0.0172  changes   391  13.1 min
episode 945/1013  eps 0.010  train return  +66.08%  loss 3.98e-05  maxQ +0.0172  changes   471  13.1 min
episode 946/1013  eps 0.010  train return  +25.82%  loss 4.20e-05  maxQ +0.0179  changes   419  13.1 min
episode 947/1013  eps 0.010  train return +178.39%  loss 4.09e-05  maxQ +0.0173  changes   515  13.1 min
episode 948/1013  eps 0.010  train return  +84.66%  loss 4.16e-05  maxQ +0.0173  changes   474  13.2 min
episode 949/1013  eps 0.010  train return  +32.84%  loss 3.93e-05  maxQ +0.0181  changes   428  13.2 min
episode 950/1013  eps 0.010  train return   +1.27%  loss 4.17e-05  maxQ +0.0188  changes   465  13.2 min | val return -14.83% (best +26.30%)
episode 951/1013  eps 0.010  train return +264.01%  loss 4.33e-05  maxQ +0.0180  changes   475  13.2 min
episode 952/1013  eps 0.010  train return  +63.67%  loss 4.20e-05  maxQ +0.0180  changes   452  13.2 min
episode 953/1013  eps 0.010  train return +145.08%  loss 4.54e-05  maxQ +0.0181  changes   517  13.2 min
episode 954/1013  eps 0.010  train return  +89.15%  loss 4.54e-05  maxQ +0.0180  changes   428  13.2 min
episode 955/1013  eps 0.010  train return   -2.24%  loss 4.31e-05  maxQ +0.0177  changes   428  13.3 min
episode 956/1013  eps 0.010  train return  +84.64%  loss 4.39e-05  maxQ +0.0174  changes   494  13.3 min
episode 957/1013  eps 0.010  train return  +62.35%  loss 4.39e-05  maxQ +0.0179  changes   430  13.3 min
episode 958/1013  eps 0.010  train return  +71.85%  loss 4.22e-05  maxQ +0.0177  changes   432  13.3 min
episode 959/1013  eps 0.010  train return  +96.59%  loss 4.29e-05  maxQ +0.0167  changes   456  13.3 min
episode 960/1013  eps 0.010  train return  +35.56%  loss 4.24e-05  maxQ +0.0169  changes   402  13.3 min | val return -3.93% (best +26.30%)
episode 961/1013  eps 0.010  train return +347.83%  loss 3.93e-05  maxQ +0.0160  changes   509  13.3 min
episode 962/1013  eps 0.010  train return  +19.45%  loss 4.20e-05  maxQ +0.0172  changes   417  13.4 min
episode 963/1013  eps 0.010  train return +121.77%  loss 4.36e-05  maxQ +0.0167  changes   468  13.4 min
episode 964/1013  eps 0.010  train return  +39.09%  loss 4.04e-05  maxQ +0.0172  changes   459  13.4 min
episode 965/1013  eps 0.010  train return  +32.31%  loss 3.93e-05  maxQ +0.0170  changes   427  13.4 min
episode 966/1013  eps 0.010  train return +194.55%  loss 4.20e-05  maxQ +0.0170  changes   513  13.4 min
episode 967/1013  eps 0.010  train return +328.26%  loss 3.95e-05  maxQ +0.0171  changes   473  13.4 min
episode 968/1013  eps 0.010  train return  +45.83%  loss 4.41e-05  maxQ +0.0180  changes   443  13.4 min
episode 969/1013  eps 0.010  train return  +72.57%  loss 4.25e-05  maxQ +0.0176  changes   459  13.5 min
episode 970/1013  eps 0.010  train return +225.38%  loss 4.51e-05  maxQ +0.0182  changes   455  13.5 min | val return +7.61% (best +26.30%)
episode 971/1013  eps 0.010  train return  +70.95%  loss 4.32e-05  maxQ +0.0179  changes   441  13.5 min
episode 972/1013  eps 0.010  train return +121.66%  loss 4.16e-05  maxQ +0.0174  changes   475  13.5 min
episode 973/1013  eps 0.010  train return  +58.74%  loss 4.09e-05  maxQ +0.0168  changes   436  13.5 min
episode 974/1013  eps 0.010  train return +230.98%  loss 4.25e-05  maxQ +0.0174  changes   484  13.5 min
episode 975/1013  eps 0.010  train return  +29.70%  loss 3.81e-05  maxQ +0.0173  changes   438  13.5 min
episode 976/1013  eps 0.010  train return +175.76%  loss 3.65e-05  maxQ +0.0170  changes   458  13.6 min
episode 977/1013  eps 0.010  train return  +52.59%  loss 4.00e-05  maxQ +0.0178  changes   480  13.6 min
episode 978/1013  eps 0.010  train return  +56.18%  loss 3.85e-05  maxQ +0.0170  changes   425  13.6 min
episode 979/1013  eps 0.010  train return  +27.92%  loss 3.99e-05  maxQ +0.0172  changes   436  13.6 min
episode 980/1013  eps 0.010  train return  +79.18%  loss 3.93e-05  maxQ +0.0179  changes   474  13.6 min | val return +10.25% (best +26.30%)
episode 981/1013  eps 0.010  train return +280.91%  loss 4.18e-05  maxQ +0.0179  changes   483  13.6 min
episode 982/1013  eps 0.010  train return  +76.23%  loss 4.81e-05  maxQ +0.0179  changes   472  13.7 min
episode 983/1013  eps 0.010  train return +175.82%  loss 4.46e-05  maxQ +0.0178  changes   469  13.7 min
episode 984/1013  eps 0.010  train return  +30.62%  loss 4.14e-05  maxQ +0.0179  changes   435  13.7 min
episode 985/1013  eps 0.010  train return  +62.26%  loss 4.17e-05  maxQ +0.0185  changes   486  13.7 min
episode 986/1013  eps 0.010  train return +486.97%  loss 4.28e-05  maxQ +0.0185  changes   502  13.7 min
episode 987/1013  eps 0.010  train return  +12.80%  loss 4.41e-05  maxQ +0.0178  changes   423  13.7 min
episode 988/1013  eps 0.010  train return  +39.22%  loss 4.27e-05  maxQ +0.0177  changes   448  13.7 min
episode 989/1013  eps 0.010  train return  +32.72%  loss 4.36e-05  maxQ +0.0175  changes   420  13.7 min
episode 990/1013  eps 0.010  train return +446.78%  loss 4.05e-05  maxQ +0.0180  changes   496  13.8 min | val return -0.86% (best +26.30%)
episode 991/1013  eps 0.010  train return  +46.83%  loss 4.25e-05  maxQ +0.0179  changes   440  13.8 min
episode 992/1013  eps 0.010  train return +100.36%  loss 4.37e-05  maxQ +0.0185  changes   476  13.8 min
episode 993/1013  eps 0.010  train return  +67.66%  loss 4.20e-05  maxQ +0.0179  changes   436  13.8 min
episode 994/1013  eps 0.010  train return  +81.36%  loss 4.04e-05  maxQ +0.0169  changes   437  13.8 min
episode 995/1013  eps 0.010  train return  +75.28%  loss 3.91e-05  maxQ +0.0172  changes   447  13.8 min
episode 996/1013  eps 0.010  train return  +22.67%  loss 4.14e-05  maxQ +0.0173  changes   422  13.8 min
episode 997/1013  eps 0.010  train return +242.20%  loss 4.31e-05  maxQ +0.0178  changes   453  13.9 min
episode 998/1013  eps 0.010  train return +174.30%  loss 4.29e-05  maxQ +0.0177  changes   477  13.9 min
episode 999/1013  eps 0.010  train return +165.62%  loss 4.29e-05  maxQ +0.0177  changes   457  13.9 min
episode 1000/1013  eps 0.010  train return  +68.25%  loss 4.04e-05  maxQ +0.0176  changes   457  13.9 min | val return -16.49% (best +26.30%)
episode 1001/1013  eps 0.010  train return  +37.11%  loss 4.04e-05  maxQ +0.0173  changes   429  13.9 min
episode 1002/1013  eps 0.010  train return  +38.03%  loss 4.06e-05  maxQ +0.0174  changes   442  13.9 min
episode 1003/1013  eps 0.010  train return +205.82%  loss 4.01e-05  maxQ +0.0182  changes   477  14.0 min
episode 1004/1013  eps 0.010  train return  +11.40%  loss 4.28e-05  maxQ +0.0180  changes   356  14.0 min
episode 1005/1013  eps 0.010  train return  +29.88%  loss 4.05e-05  maxQ +0.0186  changes   421  14.0 min
episode 1006/1013  eps 0.010  train return +165.28%  loss 4.11e-05  maxQ +0.0183  changes   466  14.0 min
episode 1007/1013  eps 0.010  train return +383.24%  loss 4.32e-05  maxQ +0.0181  changes   444  14.0 min
episode 1008/1013  eps 0.010  train return  +44.41%  loss 4.44e-05  maxQ +0.0185  changes   422  14.0 min
episode 1009/1013  eps 0.010  train return  +56.02%  loss 4.21e-05  maxQ +0.0187  changes   433  14.0 min
episode 1010/1013  eps 0.010  train return  +62.02%  loss 3.96e-05  maxQ +0.0179  changes   432  14.0 min | val return -1.12% (best +26.30%)
episode 1011/1013  eps 0.010  train return +129.97%  loss 4.08e-05  maxQ +0.0175  changes   460  14.1 min
episode 1012/1013  eps 0.010  train return +490.76%  loss 4.41e-05  maxQ +0.0173  changes   446  14.1 min
episode 1013/1013  eps 0.010  train return  +57.64%  loss 3.94e-05  maxQ +0.0171  changes   408  14.1 min | val return -2.75% (best +26.30%)
model    env  portfolio_return  excess_return  n_changes
 last    val         -0.027125       0.015493      983.8
 last val_w1         -0.001796       0.025120      514.8
 last val_w2         -0.036317      -0.020883      483.0
 best    val          0.263002       0.305620      798.9
 best val_w1          0.317891       0.344806      433.9
 best val_w2         -0.030431      -0.014997      377.9
