Downloaded data: 30,528 candles, 2023-03-25 00:00:00+00:00 to 2026-09-16 23:00:00+00:00; no missing hours
dev_train: 28,152 candles, 2023-04-01 00:00:00+00:00 to 2026-06-16 23:00:00+00:00; no missing hours
val: 1,464 candles, 2026-06-17 00:00:00+00:00 to 2026-08-16 23:00:00+00:00; no missing hours
eval: 744 candles, 2026-08-17 00:00:00+00:00 to 2026-09-16 23:00:00+00:00; no missing hours
episode   1/1013  eps 1.000  train return  -36.35%  loss 2.15e-03  maxQ +0.1554  changes   590  0.0 min
episode   2/1013  eps 0.991  train return   +3.94%  loss 1.00e-03  maxQ +0.1879  changes   578  0.0 min
episode   3/1013  eps 0.982  train return   +3.19%  loss 1.14e-03  maxQ +0.2048  changes   580  0.0 min
episode   4/1013  eps 0.973  train return  -20.51%  loss 6.19e-04  maxQ +0.1987  changes   574  0.0 min
episode   5/1013  eps 0.964  train return  -15.77%  loss 5.23e-04  maxQ +0.1986  changes   575  0.0 min
episode   6/1013  eps 0.955  train return   +4.78%  loss 4.48e-04  maxQ +0.1868  changes   574  0.1 min
episode   7/1013  eps 0.947  train return   +3.13%  loss 3.16e-04  maxQ +0.1809  changes   574  0.1 min
episode   8/1013  eps 0.938  train return   -8.75%  loss 2.46e-04  maxQ +0.1688  changes   592  0.1 min
episode   9/1013  eps 0.929  train return   +0.16%  loss 2.05e-04  maxQ +0.1517  changes   573  0.1 min
episode  10/1013  eps 0.921  train return  -11.87%  loss 1.99e-04  maxQ +0.1456  changes   573  0.1 min | val return -2.38% (best -2.38%)
episode  11/1013  eps 0.913  train return  +19.41%  loss 1.94e-04  maxQ +0.1331  changes   600  0.1 min
episode  12/1013  eps 0.904  train return   +9.29%  loss 1.81e-04  maxQ +0.1280  changes   570  0.1 min
episode  13/1013  eps 0.896  train return   +5.24%  loss 2.40e-04  maxQ +0.1231  changes   562  0.1 min
episode  14/1013  eps 0.888  train return  -11.19%  loss 2.12e-04  maxQ +0.1159  changes   573  0.1 min
episode  15/1013  eps 0.880  train return  -11.59%  loss 2.74e-04  maxQ +0.1164  changes   572  0.1 min
episode  16/1013  eps 0.872  train return  -24.08%  loss 1.94e-04  maxQ +0.1103  changes   580  0.2 min
episode  17/1013  eps 0.864  train return  +12.87%  loss 1.81e-04  maxQ +0.1041  changes   571  0.2 min
episode  18/1013  eps 0.856  train return  -14.98%  loss 1.92e-04  maxQ +0.1039  changes   565  0.2 min
episode  19/1013  eps 0.848  train return  -20.05%  loss 1.79e-04  maxQ +0.1032  changes   570  0.2 min
episode  20/1013  eps 0.841  train return  -21.49%  loss 2.47e-04  maxQ +0.1085  changes   556  0.2 min | val return -3.77% (best -2.38%)
episode  21/1013  eps 0.833  train return   +1.05%  loss 1.63e-04  maxQ +0.0923  changes   562  0.2 min
episode  22/1013  eps 0.825  train return   -5.89%  loss 1.28e-04  maxQ +0.0867  changes   586  0.2 min
episode  23/1013  eps 0.818  train return   +9.75%  loss 1.39e-04  maxQ +0.0885  changes   578  0.2 min
episode  24/1013  eps 0.810  train return   +4.71%  loss 1.69e-04  maxQ +0.0872  changes   582  0.2 min
episode  25/1013  eps 0.803  train return  -15.65%  loss 1.93e-04  maxQ +0.0892  changes   559  0.2 min
episode  26/1013  eps 0.796  train return  -19.71%  loss 1.31e-04  maxQ +0.0773  changes   583  0.3 min
episode  27/1013  eps 0.788  train return   -1.80%  loss 1.40e-04  maxQ +0.0744  changes   571  0.3 min
episode  28/1013  eps 0.781  train return  -15.05%  loss 1.02e-04  maxQ +0.0709  changes   585  0.3 min
episode  29/1013  eps 0.774  train return  +11.57%  loss 1.05e-04  maxQ +0.0704  changes   579  0.3 min
episode  30/1013  eps 0.767  train return   -0.22%  loss 1.21e-04  maxQ +0.0632  changes   565  0.3 min | val return -23.49% (best -2.38%)
episode  31/1013  eps 0.760  train return  -10.01%  loss 9.61e-05  maxQ +0.0614  changes   569  0.3 min
episode  32/1013  eps 0.753  train return  -12.71%  loss 1.11e-04  maxQ +0.0616  changes   573  0.3 min
episode  33/1013  eps 0.746  train return  -11.22%  loss 1.08e-04  maxQ +0.0622  changes   568  0.3 min
episode  34/1013  eps 0.740  train return   +8.14%  loss 1.06e-04  maxQ +0.0620  changes   575  0.3 min
episode  35/1013  eps 0.733  train return   -4.30%  loss 1.20e-04  maxQ +0.0615  changes   579  0.3 min
episode  36/1013  eps 0.726  train return  +29.60%  loss 1.04e-04  maxQ +0.0626  changes   577  0.4 min
episode  37/1013  eps 0.720  train return  -10.41%  loss 7.97e-05  maxQ +0.0578  changes   562  0.4 min
episode  38/1013  eps 0.713  train return   +1.84%  loss 6.95e-05  maxQ +0.0547  changes   570  0.4 min
episode  39/1013  eps 0.707  train return   +3.66%  loss 7.20e-05  maxQ +0.0544  changes   575  0.4 min
episode  40/1013  eps 0.700  train return   -6.90%  loss 8.22e-05  maxQ +0.0543  changes   581  0.4 min | val return -26.95% (best -2.38%)
episode  41/1013  eps 0.694  train return  -24.70%  loss 7.38e-05  maxQ +0.0514  changes   572  0.4 min
episode  42/1013  eps 0.687  train return  -25.59%  loss 7.97e-05  maxQ +0.0498  changes   546  0.4 min
episode  43/1013  eps 0.681  train return  +21.31%  loss 7.03e-05  maxQ +0.0497  changes   576  0.4 min
episode  44/1013  eps 0.675  train return  -17.94%  loss 6.70e-05  maxQ +0.0445  changes   574  0.4 min
episode  45/1013  eps 0.669  train return  -10.87%  loss 6.95e-05  maxQ +0.0428  changes   567  0.4 min
episode  46/1013  eps 0.663  train return  -21.31%  loss 8.36e-05  maxQ +0.0453  changes   554  0.5 min
episode  47/1013  eps 0.657  train return  -14.69%  loss 7.34e-05  maxQ +0.0449  changes   542  0.5 min
episode  48/1013  eps 0.651  train return   +4.36%  loss 6.22e-05  maxQ +0.0407  changes   557  0.5 min
episode  49/1013  eps 0.645  train return  -33.23%  loss 6.06e-05  maxQ +0.0408  changes   573  0.5 min
episode  50/1013  eps 0.639  train return  -11.49%  loss 5.23e-05  maxQ +0.0412  changes   581  0.5 min | val return -11.77% (best -2.38%)
episode  51/1013  eps 0.633  train return  -13.82%  loss 5.53e-05  maxQ +0.0422  changes   535  0.5 min
episode  52/1013  eps 0.627  train return   +0.37%  loss 5.96e-05  maxQ +0.0413  changes   565  0.5 min
episode  53/1013  eps 0.622  train return   -0.91%  loss 5.58e-05  maxQ +0.0385  changes   556  0.5 min
episode  54/1013  eps 0.616  train return  -20.15%  loss 5.65e-05  maxQ +0.0461  changes   552  0.5 min
episode  55/1013  eps 0.610  train return   -9.56%  loss 5.21e-05  maxQ +0.0452  changes   571  0.6 min
episode  56/1013  eps 0.605  train return  +12.55%  loss 4.79e-05  maxQ +0.0380  changes   571  0.6 min
episode  57/1013  eps 0.599  train return   -1.11%  loss 4.26e-05  maxQ +0.0368  changes   554  0.6 min
episode  58/1013  eps 0.594  train return   +7.66%  loss 4.98e-05  maxQ +0.0359  changes   549  0.6 min
episode  59/1013  eps 0.588  train return   +0.46%  loss 4.87e-05  maxQ +0.0364  changes   539  0.6 min
episode  60/1013  eps 0.583  train return  -12.39%  loss 4.65e-05  maxQ +0.0333  changes   565  0.6 min | val return -14.58% (best -2.38%)
episode  61/1013  eps 0.578  train return  -20.46%  loss 4.85e-05  maxQ +0.0349  changes   539  0.6 min
episode  62/1013  eps 0.573  train return  -21.36%  loss 5.87e-05  maxQ +0.0352  changes   540  0.6 min
episode  63/1013  eps 0.567  train return  -13.55%  loss 5.09e-05  maxQ +0.0369  changes   548  0.6 min
episode  64/1013  eps 0.562  train return   +6.73%  loss 4.63e-05  maxQ +0.0344  changes   551  0.6 min
episode  65/1013  eps 0.557  train return   +9.88%  loss 4.08e-05  maxQ +0.0306  changes   569  0.7 min
episode  66/1013  eps 0.552  train return   -3.02%  loss 4.17e-05  maxQ +0.0315  changes   572  0.7 min
episode  67/1013  eps 0.547  train return  -12.49%  loss 3.99e-05  maxQ +0.0308  changes   570  0.7 min
episode  68/1013  eps 0.542  train return  -17.16%  loss 4.29e-05  maxQ +0.0281  changes   554  0.7 min
episode  69/1013  eps 0.537  train return   +3.20%  loss 3.99e-05  maxQ +0.0269  changes   551  0.7 min
episode  70/1013  eps 0.532  train return   -3.71%  loss 3.51e-05  maxQ +0.0273  changes   543  0.7 min | val return -20.75% (best -2.38%)
episode  71/1013  eps 0.527  train return  +34.86%  loss 3.71e-05  maxQ +0.0268  changes   530  0.7 min
episode  72/1013  eps 0.523  train return   -4.64%  loss 4.45e-05  maxQ +0.0302  changes   526  0.7 min
episode  73/1013  eps 0.518  train return  -16.20%  loss 4.16e-05  maxQ +0.0309  changes   515  0.7 min
episode  74/1013  eps 0.513  train return   -4.02%  loss 4.76e-05  maxQ +0.0305  changes   531  0.8 min
episode  75/1013  eps 0.508  train return  -11.50%  loss 3.90e-05  maxQ +0.0308  changes   533  0.8 min
episode  76/1013  eps 0.504  train return   +7.68%  loss 3.93e-05  maxQ +0.0271  changes   528  0.8 min
episode  77/1013  eps 0.499  train return  +38.68%  loss 3.94e-05  maxQ +0.0262  changes   554  0.8 min
episode  78/1013  eps 0.495  train return  +10.12%  loss 6.53e-05  maxQ +0.0288  changes   545  0.8 min
episode  79/1013  eps 0.490  train return   +3.03%  loss 4.52e-05  maxQ +0.0254  changes   536  0.8 min
episode  80/1013  eps 0.486  train return   -1.20%  loss 4.48e-05  maxQ +0.0266  changes   530  0.8 min | val return -34.20% (best -2.38%)
episode  81/1013  eps 0.481  train return   +4.96%  loss 4.47e-05  maxQ +0.0291  changes   499  0.8 min
episode  82/1013  eps 0.477  train return   -0.27%  loss 4.42e-05  maxQ +0.0272  changes   526  0.8 min
episode  83/1013  eps 0.473  train return  -24.50%  loss 4.99e-05  maxQ +0.0270  changes   536  0.9 min
episode  84/1013  eps 0.468  train return   +5.23%  loss 4.73e-05  maxQ +0.0249  changes   548  0.9 min
episode  85/1013  eps 0.464  train return   +0.42%  loss 4.33e-05  maxQ +0.0246  changes   532  0.9 min
episode  86/1013  eps 0.460  train return   -3.90%  loss 3.94e-05  maxQ +0.0253  changes   533  0.9 min
episode  87/1013  eps 0.456  train return   -6.17%  loss 4.17e-05  maxQ +0.0252  changes   498  0.9 min
episode  88/1013  eps 0.451  train return  -18.09%  loss 3.99e-05  maxQ +0.0236  changes   528  0.9 min
episode  89/1013  eps 0.447  train return   -7.43%  loss 3.61e-05  maxQ +0.0215  changes   534  0.9 min
episode  90/1013  eps 0.443  train return   -4.91%  loss 3.57e-05  maxQ +0.0212  changes   511  0.9 min | val return -8.67% (best -2.38%)
episode  91/1013  eps 0.439  train return  +10.15%  loss 3.92e-05  maxQ +0.0229  changes   519  0.9 min
episode  92/1013  eps 0.435  train return   -3.88%  loss 5.94e-05  maxQ +0.0232  changes   484  1.0 min
episode  93/1013  eps 0.431  train return  -25.58%  loss 3.80e-05  maxQ +0.0209  changes   553  1.0 min
episode  94/1013  eps 0.427  train return   +0.86%  loss 3.69e-05  maxQ +0.0213  changes   520  1.0 min
episode  95/1013  eps 0.423  train return   +4.50%  loss 4.29e-05  maxQ +0.0213  changes   520  1.0 min
episode  96/1013  eps 0.420  train return   +9.19%  loss 3.60e-05  maxQ +0.0208  changes   504  1.0 min
episode  97/1013  eps 0.416  train return  -11.80%  loss 4.23e-05  maxQ +0.0206  changes   496  1.0 min
episode  98/1013  eps 0.412  train return  +17.10%  loss 3.92e-05  maxQ +0.0201  changes   529  1.0 min
episode  99/1013  eps 0.408  train return   +0.81%  loss 3.65e-05  maxQ +0.0190  changes   516  1.0 min
episode 100/1013  eps 0.405  train return  +14.30%  loss 3.78e-05  maxQ +0.0207  changes   523  1.0 min | val return -25.34% (best -2.38%)
episode 101/1013  eps 0.401  train return   +6.67%  loss 3.84e-05  maxQ +0.0235  changes   502  1.1 min
episode 102/1013  eps 0.397  train return   -1.46%  loss 4.26e-05  maxQ +0.0219  changes   502  1.1 min
episode 103/1013  eps 0.394  train return  +44.64%  loss 3.98e-05  maxQ +0.0226  changes   511  1.1 min
episode 104/1013  eps 0.390  train return  +17.86%  loss 3.74e-05  maxQ +0.0207  changes   495  1.1 min
episode 105/1013  eps 0.386  train return   +5.15%  loss 3.77e-05  maxQ +0.0192  changes   492  1.1 min
episode 106/1013  eps 0.383  train return  +14.92%  loss 3.79e-05  maxQ +0.0188  changes   486  1.1 min
episode 107/1013  eps 0.379  train return   -7.32%  loss 4.11e-05  maxQ +0.0191  changes   508  1.1 min
episode 108/1013  eps 0.376  train return   +1.80%  loss 3.63e-05  maxQ +0.0202  changes   453  1.1 min
episode 109/1013  eps 0.373  train return  -22.34%  loss 3.83e-05  maxQ +0.0194  changes   467  1.1 min
episode 110/1013  eps 0.369  train return   -5.15%  loss 3.66e-05  maxQ +0.0206  changes   496  1.1 min | val return -4.99% (best -2.38%)
episode 111/1013  eps 0.366  train return   -3.27%  loss 3.82e-05  maxQ +0.0210  changes   478  1.2 min
episode 112/1013  eps 0.363  train return  -12.50%  loss 3.53e-05  maxQ +0.0195  changes   485  1.2 min
episode 113/1013  eps 0.359  train return   +3.04%  loss 3.47e-05  maxQ +0.0189  changes   492  1.2 min
episode 114/1013  eps 0.356  train return   +2.58%  loss 3.53e-05  maxQ +0.0178  changes   531  1.2 min
episode 115/1013  eps 0.353  train return   +6.93%  loss 3.26e-05  maxQ +0.0165  changes   489  1.2 min
episode 116/1013  eps 0.349  train return  +47.63%  loss 3.54e-05  maxQ +0.0165  changes   496  1.2 min
episode 117/1013  eps 0.346  train return   -9.91%  loss 3.62e-05  maxQ +0.0171  changes   485  1.2 min
episode 118/1013  eps 0.343  train return  +44.35%  loss 3.81e-05  maxQ +0.0161  changes   513  1.2 min
episode 119/1013  eps 0.340  train return   -8.98%  loss 3.72e-05  maxQ +0.0173  changes   473  1.2 min
episode 120/1013  eps 0.337  train return  -10.22%  loss 3.86e-05  maxQ +0.0189  changes   491  1.3 min | val return -12.69% (best -2.38%)
episode 121/1013  eps 0.334  train return  +14.16%  loss 3.89e-05  maxQ +0.0184  changes   500  1.3 min
episode 122/1013  eps 0.331  train return  +14.27%  loss 3.86e-05  maxQ +0.0180  changes   508  1.3 min
episode 123/1013  eps 0.328  train return  +14.00%  loss 4.00e-05  maxQ +0.0175  changes   472  1.3 min
episode 124/1013  eps 0.325  train return  +22.38%  loss 3.82e-05  maxQ +0.0166  changes   470  1.3 min
episode 125/1013  eps 0.322  train return   -9.60%  loss 3.93e-05  maxQ +0.0165  changes   495  1.3 min
episode 126/1013  eps 0.319  train return  -20.14%  loss 3.92e-05  maxQ +0.0164  changes   516  1.3 min
episode 127/1013  eps 0.316  train return   -4.58%  loss 3.68e-05  maxQ +0.0173  changes   467  1.3 min
episode 128/1013  eps 0.313  train return  +22.05%  loss 3.59e-05  maxQ +0.0174  changes   479  1.3 min
episode 129/1013  eps 0.310  train return  +15.76%  loss 3.96e-05  maxQ +0.0184  changes   475  1.4 min
episode 130/1013  eps 0.308  train return  -12.91%  loss 4.20e-05  maxQ +0.0174  changes   481  1.4 min | val return -3.83% (best -2.38%)
episode 131/1013  eps 0.305  train return   +2.79%  loss 3.76e-05  maxQ +0.0178  changes   498  1.4 min
episode 132/1013  eps 0.302  train return   +0.70%  loss 3.61e-05  maxQ +0.0158  changes   480  1.4 min
episode 133/1013  eps 0.299  train return   -3.89%  loss 3.42e-05  maxQ +0.0164  changes   484  1.4 min
episode 134/1013  eps 0.296  train return  +19.68%  loss 3.56e-05  maxQ +0.0155  changes   468  1.4 min
episode 135/1013  eps 0.294  train return   +3.56%  loss 3.64e-05  maxQ +0.0173  changes   471  1.4 min
episode 136/1013  eps 0.291  train return   +0.97%  loss 3.75e-05  maxQ +0.0151  changes   475  1.4 min
episode 137/1013  eps 0.288  train return   -4.53%  loss 3.39e-05  maxQ +0.0156  changes   469  1.4 min
episode 138/1013  eps 0.286  train return  +12.32%  loss 3.55e-05  maxQ +0.0157  changes   468  1.5 min
episode 139/1013  eps 0.283  train return   -1.73%  loss 3.78e-05  maxQ +0.0149  changes   462  1.5 min
episode 140/1013  eps 0.281  train return   -0.55%  loss 3.59e-05  maxQ +0.0143  changes   482  1.5 min | val return -24.09% (best -2.38%)
episode 141/1013  eps 0.278  train return   -2.31%  loss 3.76e-05  maxQ +0.0141  changes   481  1.5 min
episode 142/1013  eps 0.276  train return  +18.76%  loss 3.47e-05  maxQ +0.0159  changes   463  1.5 min
episode 143/1013  eps 0.273  train return  -13.31%  loss 3.65e-05  maxQ +0.0160  changes   492  1.5 min
episode 144/1013  eps 0.271  train return  +12.86%  loss 3.97e-05  maxQ +0.0172  changes   506  1.5 min
episode 145/1013  eps 0.268  train return   -9.66%  loss 4.05e-05  maxQ +0.0154  changes   417  1.5 min
episode 146/1013  eps 0.266  train return  +18.16%  loss 4.24e-05  maxQ +0.0160  changes   480  1.5 min
episode 147/1013  eps 0.263  train return   -7.13%  loss 4.23e-05  maxQ +0.0161  changes   513  1.6 min
episode 148/1013  eps 0.261  train return  +13.09%  loss 4.04e-05  maxQ +0.0154  changes   486  1.6 min
episode 149/1013  eps 0.258  train return  +66.85%  loss 3.62e-05  maxQ +0.0145  changes   479  1.6 min
episode 150/1013  eps 0.256  train return  +31.90%  loss 3.66e-05  maxQ +0.0142  changes   475  1.6 min | val return -29.54% (best -2.38%)
episode 151/1013  eps 0.254  train return  +14.59%  loss 4.02e-05  maxQ +0.0158  changes   465  1.6 min
episode 152/1013  eps 0.251  train return   -8.13%  loss 4.23e-05  maxQ +0.0159  changes   468  1.6 min
episode 153/1013  eps 0.249  train return  +35.06%  loss 4.30e-05  maxQ +0.0159  changes   457  1.6 min
episode 154/1013  eps 0.247  train return  +19.47%  loss 3.92e-05  maxQ +0.0163  changes   458  1.6 min
episode 155/1013  eps 0.245  train return  -11.87%  loss 4.04e-05  maxQ +0.0152  changes   452  1.6 min
episode 156/1013  eps 0.242  train return  -10.35%  loss 3.80e-05  maxQ +0.0153  changes   491  1.7 min
episode 157/1013  eps 0.240  train return  -14.37%  loss 3.82e-05  maxQ +0.0144  changes   412  1.7 min
episode 158/1013  eps 0.238  train return  -23.72%  loss 3.93e-05  maxQ +0.0142  changes   445  1.7 min
episode 159/1013  eps 0.236  train return   +7.09%  loss 3.97e-05  maxQ +0.0159  changes   449  1.7 min
episode 160/1013  eps 0.234  train return  +17.18%  loss 3.75e-05  maxQ +0.0165  changes   463  1.7 min | val return -33.30% (best -2.38%)
episode 161/1013  eps 0.232  train return  +18.96%  loss 3.78e-05  maxQ +0.0168  changes   459  1.7 min
episode 162/1013  eps 0.230  train return  +36.69%  loss 3.75e-05  maxQ +0.0160  changes   432  1.7 min
episode 163/1013  eps 0.227  train return  +20.15%  loss 3.73e-05  maxQ +0.0167  changes   432  1.7 min
episode 164/1013  eps 0.225  train return   +7.63%  loss 3.92e-05  maxQ +0.0159  changes   494  1.7 min
episode 165/1013  eps 0.223  train return  +32.42%  loss 3.76e-05  maxQ +0.0151  changes   501  1.8 min
episode 166/1013  eps 0.221  train return   -6.57%  loss 4.01e-05  maxQ +0.0161  changes   469  1.8 min
episode 167/1013  eps 0.219  train return  -23.11%  loss 3.82e-05  maxQ +0.0156  changes   485  1.8 min
episode 168/1013  eps 0.217  train return   +0.85%  loss 3.73e-05  maxQ +0.0153  changes   420  1.8 min
episode 169/1013  eps 0.215  train return   -5.67%  loss 4.00e-05  maxQ +0.0149  changes   454  1.8 min
episode 170/1013  eps 0.213  train return  -12.97%  loss 3.66e-05  maxQ +0.0140  changes   443  1.8 min | val return -14.43% (best -2.38%)
episode 171/1013  eps 0.211  train return   +6.02%  loss 3.82e-05  maxQ +0.0160  changes   438  1.8 min
episode 172/1013  eps 0.209  train return  +96.27%  loss 3.76e-05  maxQ +0.0147  changes   516  1.8 min
episode 173/1013  eps 0.208  train return   -6.08%  loss 3.98e-05  maxQ +0.0148  changes   469  1.8 min
episode 174/1013  eps 0.206  train return   +8.25%  loss 4.00e-05  maxQ +0.0154  changes   447  1.9 min
episode 175/1013  eps 0.204  train return  +15.92%  loss 4.00e-05  maxQ +0.0155  changes   449  1.9 min
episode 176/1013  eps 0.202  train return   +3.24%  loss 3.60e-05  maxQ +0.0155  changes   500  1.9 min
episode 177/1013  eps 0.200  train return  +26.10%  loss 3.61e-05  maxQ +0.0146  changes   483  1.9 min
episode 178/1013  eps 0.198  train return  +86.93%  loss 4.00e-05  maxQ +0.0141  changes   460  1.9 min
episode 179/1013  eps 0.196  train return   -1.83%  loss 3.79e-05  maxQ +0.0142  changes   476  1.9 min
episode 180/1013  eps 0.195  train return  +23.31%  loss 4.13e-05  maxQ +0.0154  changes   465  1.9 min | val return -14.37% (best -2.38%)
episode 181/1013  eps 0.193  train return   +0.30%  loss 4.12e-05  maxQ +0.0150  changes   427  1.9 min
episode 182/1013  eps 0.191  train return   +2.89%  loss 3.84e-05  maxQ +0.0146  changes   495  1.9 min
episode 183/1013  eps 0.189  train return   +9.67%  loss 4.06e-05  maxQ +0.0154  changes   497  1.9 min
episode 184/1013  eps 0.188  train return  +38.84%  loss 3.76e-05  maxQ +0.0151  changes   473  2.0 min
episode 185/1013  eps 0.186  train return  +41.03%  loss 3.72e-05  maxQ +0.0151  changes   501  2.0 min
episode 186/1013  eps 0.184  train return  +34.73%  loss 4.62e-05  maxQ +0.0144  changes   462  2.0 min
episode 187/1013  eps 0.183  train return  -17.21%  loss 4.29e-05  maxQ +0.0145  changes   483  2.0 min
episode 188/1013  eps 0.181  train return  +57.23%  loss 4.05e-05  maxQ +0.0157  changes   478  2.0 min
episode 189/1013  eps 0.179  train return  +32.90%  loss 3.92e-05  maxQ +0.0154  changes   483  2.0 min
episode 190/1013  eps 0.178  train return  +26.38%  loss 3.95e-05  maxQ +0.0153  changes   467  2.0 min | val return -25.62% (best -2.38%)
episode 191/1013  eps 0.176  train return   +6.22%  loss 3.99e-05  maxQ +0.0158  changes   474  2.0 min
episode 192/1013  eps 0.174  train return   +6.74%  loss 4.31e-05  maxQ +0.0155  changes   455  2.1 min
episode 193/1013  eps 0.173  train return  +18.10%  loss 4.08e-05  maxQ +0.0148  changes   469  2.1 min
episode 194/1013  eps 0.171  train return  +29.44%  loss 3.92e-05  maxQ +0.0145  changes   483  2.1 min
episode 195/1013  eps 0.170  train return  -13.36%  loss 3.82e-05  maxQ +0.0152  changes   435  2.1 min
episode 196/1013  eps 0.168  train return   +3.71%  loss 3.53e-05  maxQ +0.0150  changes   475  2.1 min
episode 197/1013  eps 0.167  train return   -5.53%  loss 3.70e-05  maxQ +0.0142  changes   422  2.1 min
episode 198/1013  eps 0.165  train return  +14.75%  loss 3.87e-05  maxQ +0.0148  changes   459  2.1 min
episode 199/1013  eps 0.164  train return   +9.36%  loss 4.14e-05  maxQ +0.0150  changes   493  2.1 min
episode 200/1013  eps 0.162  train return  +16.49%  loss 3.85e-05  maxQ +0.0153  changes   485  2.1 min | val return -28.94% (best -2.38%)
episode 201/1013  eps 0.161  train return   -1.88%  loss 3.86e-05  maxQ +0.0157  changes   394  2.1 min
episode 202/1013  eps 0.159  train return  +48.01%  loss 3.72e-05  maxQ +0.0160  changes   507  2.2 min
episode 203/1013  eps 0.158  train return   +4.53%  loss 3.73e-05  maxQ +0.0162  changes   445  2.2 min
episode 204/1013  eps 0.156  train return  +52.61%  loss 3.94e-05  maxQ +0.0160  changes   499  2.2 min
episode 205/1013  eps 0.155  train return  +80.78%  loss 3.95e-05  maxQ +0.0162  changes   484  2.2 min
episode 206/1013  eps 0.154  train return   +0.24%  loss 3.87e-05  maxQ +0.0156  changes   455  2.2 min
episode 207/1013  eps 0.152  train return  +38.75%  loss 3.88e-05  maxQ +0.0146  changes   430  2.2 min
episode 208/1013  eps 0.151  train return   -5.12%  loss 3.87e-05  maxQ +0.0151  changes   454  2.2 min
episode 209/1013  eps 0.149  train return   +4.85%  loss 3.97e-05  maxQ +0.0147  changes   504  2.2 min
episode 210/1013  eps 0.148  train return  +21.39%  loss 3.73e-05  maxQ +0.0155  changes   453  2.2 min | val return -30.40% (best -2.38%)
episode 211/1013  eps 0.147  train return   -5.88%  loss 3.86e-05  maxQ +0.0147  changes   507  2.3 min
episode 212/1013  eps 0.145  train return  +14.95%  loss 4.12e-05  maxQ +0.0152  changes   460  2.3 min
episode 213/1013  eps 0.144  train return   +8.82%  loss 3.84e-05  maxQ +0.0158  changes   462  2.3 min
episode 214/1013  eps 0.143  train return  +38.76%  loss 3.71e-05  maxQ +0.0156  changes   466  2.3 min
episode 215/1013  eps 0.141  train return  +49.27%  loss 3.78e-05  maxQ +0.0163  changes   470  2.3 min
episode 216/1013  eps 0.140  train return  +11.45%  loss 3.61e-05  maxQ +0.0157  changes   465  2.3 min
episode 217/1013  eps 0.139  train return  +10.94%  loss 3.68e-05  maxQ +0.0170  changes   449  2.3 min
episode 218/1013  eps 0.138  train return  +22.31%  loss 4.41e-05  maxQ +0.0158  changes   410  2.3 min
episode 219/1013  eps 0.136  train return +100.97%  loss 4.05e-05  maxQ +0.0148  changes   475  2.3 min
episode 220/1013  eps 0.135  train return   -9.11%  loss 3.82e-05  maxQ +0.0144  changes   442  2.4 min | val return -31.88% (best -2.38%)
episode 221/1013  eps 0.134  train return  +18.67%  loss 3.94e-05  maxQ +0.0146  changes   449  2.4 min
episode 222/1013  eps 0.133  train return  +74.98%  loss 4.00e-05  maxQ +0.0148  changes   459  2.4 min
episode 223/1013  eps 0.131  train return   -5.29%  loss 3.89e-05  maxQ +0.0141  changes   450  2.4 min
episode 224/1013  eps 0.130  train return  +10.60%  loss 3.55e-05  maxQ +0.0138  changes   489  2.4 min
episode 225/1013  eps 0.129  train return  +38.55%  loss 3.98e-05  maxQ +0.0137  changes   457  2.4 min
episode 226/1013  eps 0.128  train return  +19.49%  loss 3.92e-05  maxQ +0.0147  changes   439  2.4 min
episode 227/1013  eps 0.127  train return  +17.02%  loss 3.74e-05  maxQ +0.0139  changes   460  2.4 min
episode 228/1013  eps 0.126  train return  +51.85%  loss 3.62e-05  maxQ +0.0141  changes   475  2.4 min
episode 229/1013  eps 0.124  train return  +73.94%  loss 3.95e-05  maxQ +0.0143  changes   475  2.4 min
episode 230/1013  eps 0.123  train return  +72.27%  loss 3.99e-05  maxQ +0.0156  changes   443  2.5 min | val return -3.35% (best -2.38%)
episode 231/1013  eps 0.122  train return  +83.51%  loss 4.06e-05  maxQ +0.0154  changes   464  2.5 min
episode 232/1013  eps 0.121  train return   -0.67%  loss 4.05e-05  maxQ +0.0157  changes   400  2.5 min
episode 233/1013  eps 0.120  train return  +25.92%  loss 3.90e-05  maxQ +0.0149  changes   471  2.5 min
episode 234/1013  eps 0.119  train return  +51.81%  loss 3.98e-05  maxQ +0.0151  changes   470  2.5 min
episode 235/1013  eps 0.118  train return  +16.93%  loss 4.03e-05  maxQ +0.0155  changes   412  2.5 min
episode 236/1013  eps 0.117  train return   -7.12%  loss 3.95e-05  maxQ +0.0165  changes   463  2.5 min
episode 237/1013  eps 0.116  train return  +13.68%  loss 3.88e-05  maxQ +0.0168  changes   409  2.5 min
episode 238/1013  eps 0.115  train return  +59.06%  loss 3.95e-05  maxQ +0.0156  changes   470  2.5 min
episode 239/1013  eps 0.114  train return   -0.62%  loss 4.05e-05  maxQ +0.0158  changes   429  2.6 min
episode 240/1013  eps 0.112  train return  +44.31%  loss 4.25e-05  maxQ +0.0171  changes   487  2.6 min | val return -20.20% (best -2.38%)
episode 241/1013  eps 0.111  train return   +5.76%  loss 4.00e-05  maxQ +0.0168  changes   418  2.6 min
episode 242/1013  eps 0.110  train return   +8.28%  loss 3.92e-05  maxQ +0.0166  changes   432  2.6 min
episode 243/1013  eps 0.109  train return  +19.08%  loss 3.80e-05  maxQ +0.0159  changes   417  2.6 min
episode 244/1013  eps 0.108  train return  +36.60%  loss 3.96e-05  maxQ +0.0161  changes   439  2.6 min
episode 245/1013  eps 0.107  train return  +96.54%  loss 3.92e-05  maxQ +0.0167  changes   453  2.6 min
episode 246/1013  eps 0.106  train return  +26.01%  loss 4.06e-05  maxQ +0.0161  changes   443  2.6 min
episode 247/1013  eps 0.106  train return  +11.80%  loss 4.14e-05  maxQ +0.0170  changes   446  2.6 min
episode 248/1013  eps 0.105  train return  -27.72%  loss 4.20e-05  maxQ +0.0171  changes   472  2.7 min
episode 249/1013  eps 0.104  train return  +20.60%  loss 4.36e-05  maxQ +0.0172  changes   437  2.7 min
episode 250/1013  eps 0.103  train return  +28.37%  loss 4.37e-05  maxQ +0.0158  changes   460  2.7 min | val return -11.14% (best -2.38%)
episode 251/1013  eps 0.102  train return   +1.79%  loss 4.28e-05  maxQ +0.0167  changes   446  2.7 min
episode 252/1013  eps 0.101  train return  +46.86%  loss 4.40e-05  maxQ +0.0171  changes   484  2.7 min
episode 253/1013  eps 0.100  train return  +19.54%  loss 4.35e-05  maxQ +0.0155  changes   458  2.7 min
episode 254/1013  eps 0.099  train return  +54.84%  loss 4.13e-05  maxQ +0.0165  changes   481  2.7 min
episode 255/1013  eps 0.098  train return  +49.49%  loss 4.28e-05  maxQ +0.0156  changes   406  2.7 min
episode 256/1013  eps 0.097  train return  +57.62%  loss 3.99e-05  maxQ +0.0154  changes   474  2.7 min
episode 257/1013  eps 0.096  train return  +18.91%  loss 4.02e-05  maxQ +0.0153  changes   451  2.8 min
episode 258/1013  eps 0.095  train return  +29.99%  loss 4.36e-05  maxQ +0.0167  changes   424  2.8 min
episode 259/1013  eps 0.095  train return  +98.60%  loss 4.05e-05  maxQ +0.0167  changes   453  2.8 min
episode 260/1013  eps 0.094  train return   +2.19%  loss 4.59e-05  maxQ +0.0171  changes   424  2.8 min | val return -14.82% (best -2.38%)
episode 261/1013  eps 0.093  train return  +14.46%  loss 4.61e-05  maxQ +0.0168  changes   484  2.8 min
episode 262/1013  eps 0.092  train return  +23.71%  loss 4.08e-05  maxQ +0.0151  changes   369  2.8 min
episode 263/1013  eps 0.091  train return  +68.36%  loss 4.29e-05  maxQ +0.0161  changes   498  2.8 min
episode 264/1013  eps 0.090  train return +102.43%  loss 4.02e-05  maxQ +0.0160  changes   403  2.8 min
episode 265/1013  eps 0.090  train return  +79.73%  loss 4.27e-05  maxQ +0.0154  changes   426  2.8 min
episode 266/1013  eps 0.089  train return  +21.01%  loss 4.37e-05  maxQ +0.0153  changes   464  2.9 min
episode 267/1013  eps 0.088  train return  +58.57%  loss 4.41e-05  maxQ +0.0163  changes   411  2.9 min
episode 268/1013  eps 0.087  train return  +32.37%  loss 4.14e-05  maxQ +0.0154  changes   460  2.9 min
episode 269/1013  eps 0.086  train return  +63.07%  loss 4.33e-05  maxQ +0.0163  changes   459  2.9 min
episode 270/1013  eps 0.086  train return  +97.68%  loss 4.49e-05  maxQ +0.0158  changes   468  2.9 min | val return -20.38% (best -2.38%)
episode 271/1013  eps 0.085  train return  -10.37%  loss 4.44e-05  maxQ +0.0162  changes   392  2.9 min
episode 272/1013  eps 0.084  train return  +15.90%  loss 4.55e-05  maxQ +0.0162  changes   353  2.9 min
episode 273/1013  eps 0.083  train return +163.45%  loss 4.36e-05  maxQ +0.0152  changes   452  2.9 min
episode 274/1013  eps 0.082  train return  +14.71%  loss 4.18e-05  maxQ +0.0155  changes   501  2.9 min
episode 275/1013  eps 0.082  train return  +15.47%  loss 4.64e-05  maxQ +0.0162  changes   393  3.0 min
episode 276/1013  eps 0.081  train return  +88.63%  loss 4.54e-05  maxQ +0.0163  changes   451  3.0 min
episode 277/1013  eps 0.080  train return  +64.37%  loss 4.62e-05  maxQ +0.0157  changes   434  3.0 min
episode 278/1013  eps 0.079  train return +174.92%  loss 4.79e-05  maxQ +0.0146  changes   506  3.0 min
episode 279/1013  eps 0.079  train return  +68.45%  loss 4.80e-05  maxQ +0.0150  changes   433  3.0 min
episode 280/1013  eps 0.078  train return   +5.24%  loss 4.82e-05  maxQ +0.0158  changes   444  3.0 min | val return -30.66% (best -2.38%)
episode 281/1013  eps 0.077  train return +118.46%  loss 4.59e-05  maxQ +0.0159  changes   480  3.0 min
episode 282/1013  eps 0.077  train return   +0.99%  loss 4.60e-05  maxQ +0.0163  changes   435  3.0 min
episode 283/1013  eps 0.076  train return  +60.30%  loss 4.59e-05  maxQ +0.0165  changes   423  3.0 min
episode 284/1013  eps 0.075  train return   +4.38%  loss 4.84e-05  maxQ +0.0174  changes   451  3.1 min
episode 285/1013  eps 0.075  train return  +88.22%  loss 4.94e-05  maxQ +0.0172  changes   483  3.1 min
episode 286/1013  eps 0.074  train return +144.30%  loss 4.90e-05  maxQ +0.0177  changes   470  3.1 min
episode 287/1013  eps 0.073  train return +194.14%  loss 4.93e-05  maxQ +0.0164  changes   487  3.1 min
episode 288/1013  eps 0.073  train return   +3.87%  loss 4.76e-05  maxQ +0.0163  changes   442  3.1 min
episode 289/1013  eps 0.072  train return +194.25%  loss 4.91e-05  maxQ +0.0158  changes   477  3.1 min
episode 290/1013  eps 0.071  train return +107.20%  loss 5.22e-05  maxQ +0.0156  changes   430  3.1 min | val return -26.98% (best -2.38%)
episode 291/1013  eps 0.071  train return  +36.29%  loss 4.92e-05  maxQ +0.0161  changes   415  3.1 min
episode 292/1013  eps 0.070  train return   +1.82%  loss 4.84e-05  maxQ +0.0158  changes   451  3.2 min
episode 293/1013  eps 0.069  train return +104.13%  loss 4.99e-05  maxQ +0.0167  changes   451  3.2 min
episode 294/1013  eps 0.069  train return  +16.46%  loss 5.06e-05  maxQ +0.0171  changes   470  3.2 min
episode 295/1013  eps 0.068  train return  +44.79%  loss 5.01e-05  maxQ +0.0178  changes   511  3.2 min
episode 296/1013  eps 0.067  train return +212.19%  loss 5.34e-05  maxQ +0.0177  changes   475  3.2 min
episode 297/1013  eps 0.067  train return  +17.41%  loss 5.39e-05  maxQ +0.0173  changes   434  3.2 min
episode 298/1013  eps 0.066  train return  +27.18%  loss 5.06e-05  maxQ +0.0171  changes   499  3.2 min
episode 299/1013  eps 0.066  train return  +16.99%  loss 5.16e-05  maxQ +0.0166  changes   420  3.2 min
episode 300/1013  eps 0.065  train return  +57.95%  loss 4.58e-05  maxQ +0.0171  changes   480  3.2 min | val return -12.41% (best -2.38%)
episode 301/1013  eps 0.064  train return +205.31%  loss 4.97e-05  maxQ +0.0176  changes   485  3.3 min
episode 302/1013  eps 0.064  train return  +24.68%  loss 5.66e-05  maxQ +0.0183  changes   474  3.3 min
episode 303/1013  eps 0.063  train return  +22.59%  loss 5.14e-05  maxQ +0.0181  changes   441  3.3 min
episode 304/1013  eps 0.063  train return  +34.95%  loss 4.77e-05  maxQ +0.0183  changes   467  3.3 min
episode 305/1013  eps 0.062  train return  +30.37%  loss 5.42e-05  maxQ +0.0169  changes   483  3.3 min
episode 306/1013  eps 0.062  train return  +87.36%  loss 4.99e-05  maxQ +0.0172  changes   459  3.3 min
episode 307/1013  eps 0.061  train return  +27.35%  loss 5.32e-05  maxQ +0.0174  changes   405  3.3 min
episode 308/1013  eps 0.060  train return +232.07%  loss 5.43e-05  maxQ +0.0181  changes   522  3.3 min
episode 309/1013  eps 0.060  train return  +42.76%  loss 5.65e-05  maxQ +0.0183  changes   443  3.3 min
episode 310/1013  eps 0.059  train return  +13.90%  loss 5.40e-05  maxQ +0.0185  changes   444  3.3 min | val return +2.85% (best +2.85%)
episode 311/1013  eps 0.059  train return  -16.36%  loss 5.64e-05  maxQ +0.0188  changes   459  3.4 min
episode 312/1013  eps 0.058  train return  +98.91%  loss 5.19e-05  maxQ +0.0187  changes   442  3.4 min
episode 313/1013  eps 0.058  train return +300.62%  loss 5.55e-05  maxQ +0.0186  changes   473  3.4 min
episode 314/1013  eps 0.057  train return +156.85%  loss 5.52e-05  maxQ +0.0185  changes   468  3.4 min
episode 315/1013  eps 0.057  train return  +32.17%  loss 5.35e-05  maxQ +0.0201  changes   448  3.4 min
episode 316/1013  eps 0.056  train return  +20.41%  loss 5.60e-05  maxQ +0.0199  changes   501  3.4 min
episode 317/1013  eps 0.056  train return  +14.91%  loss 5.44e-05  maxQ +0.0200  changes   496  3.4 min
episode 318/1013  eps 0.055  train return   +7.12%  loss 5.43e-05  maxQ +0.0184  changes   470  3.4 min
episode 319/1013  eps 0.055  train return  +31.03%  loss 5.62e-05  maxQ +0.0193  changes   413  3.4 min
episode 320/1013  eps 0.054  train return  +54.70%  loss 5.43e-05  maxQ +0.0181  changes   506  3.5 min | val return +1.15% (best +2.85%)
episode 321/1013  eps 0.054  train return  -20.85%  loss 5.24e-05  maxQ +0.0186  changes   482  3.5 min
episode 322/1013  eps 0.053  train return  +17.96%  loss 5.52e-05  maxQ +0.0185  changes   473  3.5 min
episode 323/1013  eps 0.053  train return +126.10%  loss 5.85e-05  maxQ +0.0182  changes   512  3.5 min
episode 324/1013  eps 0.052  train return   -2.63%  loss 5.50e-05  maxQ +0.0179  changes   404  3.5 min
episode 325/1013  eps 0.052  train return  +31.28%  loss 5.29e-05  maxQ +0.0174  changes   475  3.5 min
episode 326/1013  eps 0.051  train return  +77.95%  loss 5.07e-05  maxQ +0.0182  changes   485  3.5 min
episode 327/1013  eps 0.051  train return  +19.92%  loss 5.22e-05  maxQ +0.0178  changes   413  3.5 min
episode 328/1013  eps 0.050  train return  +39.99%  loss 5.01e-05  maxQ +0.0172  changes   454  3.5 min
episode 329/1013  eps 0.050  train return +123.40%  loss 5.04e-05  maxQ +0.0167  changes   502  3.6 min
episode 330/1013  eps 0.049  train return  +90.08%  loss 5.46e-05  maxQ +0.0186  changes   453  3.6 min | val return -11.47% (best +2.85%)
episode 331/1013  eps 0.049  train return  +58.73%  loss 5.22e-05  maxQ +0.0185  changes   418  3.6 min
episode 332/1013  eps 0.049  train return  +68.53%  loss 5.13e-05  maxQ +0.0185  changes   445  3.6 min
episode 333/1013  eps 0.048  train return  +95.47%  loss 5.43e-05  maxQ +0.0186  changes   491  3.6 min
episode 334/1013  eps 0.048  train return  +49.28%  loss 5.12e-05  maxQ +0.0181  changes   457  3.6 min
episode 335/1013  eps 0.047  train return +170.91%  loss 5.26e-05  maxQ +0.0185  changes   477  3.6 min
episode 336/1013  eps 0.047  train return +228.91%  loss 5.63e-05  maxQ +0.0186  changes   476  3.6 min
episode 337/1013  eps 0.046  train return +171.84%  loss 5.30e-05  maxQ +0.0179  changes   422  3.6 min
episode 338/1013  eps 0.046  train return +103.32%  loss 5.14e-05  maxQ +0.0182  changes   483  3.7 min
episode 339/1013  eps 0.046  train return  +19.82%  loss 5.27e-05  maxQ +0.0183  changes   444  3.7 min
episode 340/1013  eps 0.045  train return  +63.83%  loss 5.43e-05  maxQ +0.0190  changes   472  3.7 min | val return +5.11% (best +5.11%)
episode 341/1013  eps 0.045  train return  +65.28%  loss 5.13e-05  maxQ +0.0184  changes   470  3.7 min
episode 342/1013  eps 0.044  train return  +58.40%  loss 5.40e-05  maxQ +0.0193  changes   465  3.7 min
episode 343/1013  eps 0.044  train return  +24.13%  loss 5.16e-05  maxQ +0.0195  changes   442  3.7 min
episode 344/1013  eps 0.043  train return  +87.28%  loss 5.08e-05  maxQ +0.0198  changes   473  3.7 min
episode 345/1013  eps 0.043  train return  +30.80%  loss 5.55e-05  maxQ +0.0200  changes   394  3.7 min
episode 346/1013  eps 0.043  train return  +69.03%  loss 5.48e-05  maxQ +0.0186  changes   460  3.7 min
episode 347/1013  eps 0.042  train return  +36.04%  loss 5.21e-05  maxQ +0.0195  changes   453  3.8 min
episode 348/1013  eps 0.042  train return   +4.87%  loss 5.19e-05  maxQ +0.0196  changes   395  3.8 min
episode 349/1013  eps 0.042  train return  +57.16%  loss 5.59e-05  maxQ +0.0197  changes   495  3.8 min
episode 350/1013  eps 0.041  train return  +11.86%  loss 5.45e-05  maxQ +0.0189  changes   406  3.8 min | val return +4.14% (best +5.11%)
episode 351/1013  eps 0.041  train return   -4.41%  loss 4.83e-05  maxQ +0.0179  changes   458  3.8 min
episode 352/1013  eps 0.040  train return   +5.00%  loss 4.89e-05  maxQ +0.0180  changes   473  3.8 min
episode 353/1013  eps 0.040  train return +103.40%  loss 5.17e-05  maxQ +0.0181  changes   465  3.8 min
episode 354/1013  eps 0.040  train return  +19.74%  loss 5.08e-05  maxQ +0.0177  changes   415  3.8 min
episode 355/1013  eps 0.039  train return   +1.19%  loss 5.18e-05  maxQ +0.0170  changes   437  3.9 min
episode 356/1013  eps 0.039  train return   -4.30%  loss 4.94e-05  maxQ +0.0172  changes   461  3.9 min
episode 357/1013  eps 0.039  train return  +17.33%  loss 5.11e-05  maxQ +0.0177  changes   349  3.9 min
episode 358/1013  eps 0.038  train return +163.27%  loss 5.20e-05  maxQ +0.0181  changes   477  3.9 min
episode 359/1013  eps 0.038  train return  +35.61%  loss 5.10e-05  maxQ +0.0180  changes   435  3.9 min
episode 360/1013  eps 0.038  train return   +0.61%  loss 4.78e-05  maxQ +0.0175  changes   462  3.9 min | val return +3.95% (best +5.11%)
episode 361/1013  eps 0.037  train return +129.64%  loss 4.75e-05  maxQ +0.0171  changes   454  3.9 min
episode 362/1013  eps 0.037  train return   +1.21%  loss 4.84e-05  maxQ +0.0171  changes   363  3.9 min
episode 363/1013  eps 0.037  train return  +43.95%  loss 4.60e-05  maxQ +0.0170  changes   416  3.9 min
episode 364/1013  eps 0.036  train return +116.75%  loss 4.77e-05  maxQ +0.0170  changes   476  4.0 min
episode 365/1013  eps 0.036  train return   +3.06%  loss 4.92e-05  maxQ +0.0170  changes   445  4.0 min
episode 366/1013  eps 0.036  train return  +37.32%  loss 4.90e-05  maxQ +0.0171  changes   449  4.0 min
episode 367/1013  eps 0.035  train return   -0.97%  loss 4.91e-05  maxQ +0.0177  changes   382  4.0 min
episode 368/1013  eps 0.035  train return  +30.64%  loss 4.45e-05  maxQ +0.0172  changes   441  4.0 min
episode 369/1013  eps 0.035  train return  -11.46%  loss 4.67e-05  maxQ +0.0175  changes   408  4.0 min
episode 370/1013  eps 0.034  train return  +17.14%  loss 4.92e-05  maxQ +0.0169  changes   375  4.0 min | val return -5.29% (best +5.11%)
episode 371/1013  eps 0.034  train return +147.34%  loss 4.82e-05  maxQ +0.0164  changes   443  4.0 min
episode 372/1013  eps 0.034  train return +106.76%  loss 4.79e-05  maxQ +0.0169  changes   445  4.0 min
episode 373/1013  eps 0.033  train return  +44.08%  loss 4.70e-05  maxQ +0.0161  changes   435  4.1 min
episode 374/1013  eps 0.033  train return +120.14%  loss 4.60e-05  maxQ +0.0157  changes   508  4.1 min
episode 375/1013  eps 0.033  train return  +36.67%  loss 4.76e-05  maxQ +0.0166  changes   401  4.1 min
episode 376/1013  eps 0.032  train return +113.08%  loss 4.66e-05  maxQ +0.0162  changes   427  4.1 min
episode 377/1013  eps 0.032  train return  +92.22%  loss 4.81e-05  maxQ +0.0163  changes   469  4.1 min
episode 378/1013  eps 0.032  train return +126.61%  loss 4.94e-05  maxQ +0.0174  changes   491  4.1 min
episode 379/1013  eps 0.032  train return  +21.77%  loss 4.83e-05  maxQ +0.0169  changes   417  4.1 min
episode 380/1013  eps 0.031  train return  +54.97%  loss 4.91e-05  maxQ +0.0166  changes   488  4.1 min | val return -7.96% (best +5.11%)
episode 381/1013  eps 0.031  train return  +34.92%  loss 4.64e-05  maxQ +0.0166  changes   422  4.1 min
episode 382/1013  eps 0.031  train return   -0.86%  loss 4.40e-05  maxQ +0.0167  changes   446  4.2 min
episode 383/1013  eps 0.030  train return  +36.86%  loss 3.94e-05  maxQ +0.0157  changes   419  4.2 min
episode 384/1013  eps 0.030  train return  +71.75%  loss 4.34e-05  maxQ +0.0157  changes   420  4.2 min
episode 385/1013  eps 0.030  train return   +5.79%  loss 4.58e-05  maxQ +0.0165  changes   440  4.2 min
episode 386/1013  eps 0.030  train return  +12.71%  loss 4.71e-05  maxQ +0.0161  changes   448  4.2 min
episode 387/1013  eps 0.029  train return +370.40%  loss 4.47e-05  maxQ +0.0166  changes   517  4.2 min
episode 388/1013  eps 0.029  train return  +27.07%  loss 4.98e-05  maxQ +0.0158  changes   428  4.2 min
episode 389/1013  eps 0.029  train return  +49.44%  loss 4.59e-05  maxQ +0.0162  changes   461  4.2 min
episode 390/1013  eps 0.029  train return  +23.92%  loss 4.51e-05  maxQ +0.0165  changes   417  4.2 min | val return +1.22% (best +5.11%)
episode 391/1013  eps 0.028  train return  +42.88%  loss 4.31e-05  maxQ +0.0161  changes   359  4.3 min
episode 392/1013  eps 0.028  train return  +32.17%  loss 4.88e-05  maxQ +0.0160  changes   376  4.3 min
episode 393/1013  eps 0.028  train return  +34.83%  loss 4.57e-05  maxQ +0.0159  changes   406  4.3 min
episode 394/1013  eps 0.028  train return  +61.93%  loss 4.36e-05  maxQ +0.0154  changes   404  4.3 min
episode 395/1013  eps 0.027  train return   +8.25%  loss 4.84e-05  maxQ +0.0162  changes   420  4.3 min
episode 396/1013  eps 0.027  train return   -3.82%  loss 4.91e-05  maxQ +0.0163  changes   361  4.3 min
episode 397/1013  eps 0.027  train return   +5.78%  loss 4.19e-05  maxQ +0.0156  changes   373  4.3 min
episode 398/1013  eps 0.027  train return   +4.70%  loss 4.26e-05  maxQ +0.0163  changes   308  4.3 min
episode 399/1013  eps 0.026  train return +162.55%  loss 4.97e-05  maxQ +0.0176  changes   495  4.3 min
episode 400/1013  eps 0.026  train return  +46.11%  loss 5.03e-05  maxQ +0.0172  changes   428  4.3 min | val return -14.53% (best +5.11%)
episode 401/1013  eps 0.026  train return  +11.15%  loss 4.81e-05  maxQ +0.0169  changes   398  4.4 min
episode 402/1013  eps 0.026  train return  +16.51%  loss 4.95e-05  maxQ +0.0175  changes   387  4.4 min
episode 403/1013  eps 0.025  train return  +84.68%  loss 4.41e-05  maxQ +0.0151  changes   436  4.4 min
episode 404/1013  eps 0.025  train return  +43.22%  loss 4.49e-05  maxQ +0.0158  changes   431  4.4 min
episode 405/1013  eps 0.025  train return  +57.53%  loss 4.91e-05  maxQ +0.0168  changes   411  4.4 min
episode 406/1013  eps 0.025  train return   +8.02%  loss 4.47e-05  maxQ +0.0167  changes   460  4.4 min
episode 407/1013  eps 0.024  train return  +40.02%  loss 4.50e-05  maxQ +0.0169  changes   473  4.4 min
episode 408/1013  eps 0.024  train return  +91.49%  loss 4.74e-05  maxQ +0.0171  changes   433  4.4 min
episode 409/1013  eps 0.024  train return  +56.17%  loss 4.78e-05  maxQ +0.0164  changes   399  4.4 min
episode 410/1013  eps 0.024  train return  +32.94%  loss 5.06e-05  maxQ +0.0161  changes   490  4.5 min | val return -11.68% (best +5.11%)
episode 411/1013  eps 0.024  train return   +6.20%  loss 4.38e-05  maxQ +0.0171  changes   339  4.5 min
episode 412/1013  eps 0.023  train return  +19.67%  loss 4.56e-05  maxQ +0.0174  changes   339  4.5 min
episode 413/1013  eps 0.023  train return   -2.94%  loss 4.69e-05  maxQ +0.0164  changes   413  4.5 min
episode 414/1013  eps 0.023  train return  +32.07%  loss 4.58e-05  maxQ +0.0161  changes   419  4.5 min
episode 415/1013  eps 0.023  train return   +7.70%  loss 4.30e-05  maxQ +0.0156  changes   353  4.5 min
episode 416/1013  eps 0.023  train return  -30.72%  loss 4.53e-05  maxQ +0.0156  changes   501  4.5 min
episode 417/1013  eps 0.022  train return  +23.14%  loss 4.50e-05  maxQ +0.0159  changes   415  4.5 min
episode 418/1013  eps 0.022  train return  +35.93%  loss 4.19e-05  maxQ +0.0165  changes   468  4.5 min
episode 419/1013  eps 0.022  train return  +11.12%  loss 4.04e-05  maxQ +0.0166  changes   392  4.6 min
episode 420/1013  eps 0.022  train return  +28.02%  loss 4.23e-05  maxQ +0.0158  changes   433  4.6 min | val return -26.37% (best +5.11%)
episode 421/1013  eps 0.022  train return  +27.14%  loss 4.05e-05  maxQ +0.0157  changes   423  4.6 min
episode 422/1013  eps 0.021  train return  +19.72%  loss 4.42e-05  maxQ +0.0161  changes   436  4.6 min
episode 423/1013  eps 0.021  train return  +12.28%  loss 4.12e-05  maxQ +0.0156  changes   352  4.6 min
episode 424/1013  eps 0.021  train return +116.79%  loss 4.20e-05  maxQ +0.0157  changes   457  4.6 min
episode 425/1013  eps 0.021  train return  +56.35%  loss 4.29e-05  maxQ +0.0158  changes   436  4.6 min
episode 426/1013  eps 0.021  train return  +50.86%  loss 4.19e-05  maxQ +0.0150  changes   505  4.6 min
episode 427/1013  eps 0.020  train return  +11.69%  loss 4.42e-05  maxQ +0.0152  changes   437  4.6 min
episode 428/1013  eps 0.020  train return  +96.57%  loss 4.14e-05  maxQ +0.0149  changes   443  4.7 min
episode 429/1013  eps 0.020  train return  -19.23%  loss 4.39e-05  maxQ +0.0141  changes   462  4.7 min
episode 430/1013  eps 0.020  train return  +30.24%  loss 4.55e-05  maxQ +0.0154  changes   410  4.7 min | val return -8.65% (best +5.11%)
episode 431/1013  eps 0.020  train return  +41.81%  loss 4.03e-05  maxQ +0.0146  changes   408  4.7 min
episode 432/1013  eps 0.019  train return  +34.22%  loss 4.14e-05  maxQ +0.0154  changes   475  4.7 min
episode 433/1013  eps 0.019  train return  +46.79%  loss 4.08e-05  maxQ +0.0149  changes   383  4.7 min
episode 434/1013  eps 0.019  train return  +38.06%  loss 4.09e-05  maxQ +0.0154  changes   456  4.7 min
episode 435/1013  eps 0.019  train return  +78.97%  loss 4.18e-05  maxQ +0.0149  changes   476  4.7 min
episode 436/1013  eps 0.019  train return  +58.26%  loss 4.05e-05  maxQ +0.0153  changes   477  4.7 min
episode 437/1013  eps 0.019  train return  +58.27%  loss 4.08e-05  maxQ +0.0151  changes   455  4.8 min
episode 438/1013  eps 0.018  train return  +28.88%  loss 4.02e-05  maxQ +0.0154  changes   311  4.8 min
episode 439/1013  eps 0.018  train return  +27.86%  loss 4.28e-05  maxQ +0.0160  changes   448  4.8 min
episode 440/1013  eps 0.018  train return  +40.92%  loss 4.27e-05  maxQ +0.0161  changes   414  4.8 min | val return -7.93% (best +5.11%)
episode 441/1013  eps 0.018  train return  +42.48%  loss 4.48e-05  maxQ +0.0165  changes   398  4.8 min
episode 442/1013  eps 0.018  train return  +99.02%  loss 4.34e-05  maxQ +0.0158  changes   467  4.8 min
episode 443/1013  eps 0.018  train return   +2.58%  loss 4.50e-05  maxQ +0.0165  changes   456  4.8 min
episode 444/1013  eps 0.017  train return  +48.78%  loss 4.10e-05  maxQ +0.0158  changes   480  4.8 min
episode 445/1013  eps 0.017  train return  +88.84%  loss 4.09e-05  maxQ +0.0157  changes   497  4.9 min
episode 446/1013  eps 0.017  train return  +40.93%  loss 4.35e-05  maxQ +0.0155  changes   431  4.9 min
episode 447/1013  eps 0.017  train return  +18.96%  loss 4.08e-05  maxQ +0.0153  changes   460  4.9 min
episode 448/1013  eps 0.017  train return  +30.58%  loss 4.06e-05  maxQ +0.0154  changes   357  4.9 min
episode 449/1013  eps 0.017  train return  +39.54%  loss 4.13e-05  maxQ +0.0153  changes   430  4.9 min
episode 450/1013  eps 0.016  train return  +43.74%  loss 4.11e-05  maxQ +0.0146  changes   381  4.9 min | val return -8.64% (best +5.11%)
episode 451/1013  eps 0.016  train return  +50.80%  loss 4.09e-05  maxQ +0.0150  changes   383  4.9 min
episode 452/1013  eps 0.016  train return  +58.67%  loss 4.13e-05  maxQ +0.0148  changes   478  4.9 min
episode 453/1013  eps 0.016  train return  +30.22%  loss 4.01e-05  maxQ +0.0148  changes   455  4.9 min
episode 454/1013  eps 0.016  train return  +65.96%  loss 3.98e-05  maxQ +0.0145  changes   441  5.0 min
episode 455/1013  eps 0.016  train return  +41.04%  loss 3.99e-05  maxQ +0.0151  changes   355  5.0 min
episode 456/1013  eps 0.016  train return  +56.67%  loss 4.12e-05  maxQ +0.0150  changes   412  5.0 min
episode 457/1013  eps 0.015  train return  +34.21%  loss 3.61e-05  maxQ +0.0141  changes   338  5.0 min
episode 458/1013  eps 0.015  train return  +27.05%  loss 3.74e-05  maxQ +0.0142  changes   328  5.0 min
episode 459/1013  eps 0.015  train return  +70.67%  loss 3.78e-05  maxQ +0.0140  changes   428  5.0 min
episode 460/1013  eps 0.015  train return +175.96%  loss 3.83e-05  maxQ +0.0148  changes   462  5.0 min | val return -10.66% (best +5.11%)
episode 461/1013  eps 0.015  train return  +18.81%  loss 3.70e-05  maxQ +0.0155  changes   303  5.0 min
episode 462/1013  eps 0.015  train return +108.02%  loss 3.85e-05  maxQ +0.0161  changes   468  5.0 min
episode 463/1013  eps 0.015  train return  +96.36%  loss 4.03e-05  maxQ +0.0153  changes   478  5.1 min
episode 464/1013  eps 0.015  train return  +81.41%  loss 4.00e-05  maxQ +0.0158  changes   431  5.1 min
episode 465/1013  eps 0.014  train return  +22.57%  loss 4.14e-05  maxQ +0.0164  changes   316  5.1 min
episode 466/1013  eps 0.014  train return  +64.48%  loss 4.22e-05  maxQ +0.0161  changes   406  5.1 min
episode 467/1013  eps 0.014  train return +102.67%  loss 4.29e-05  maxQ +0.0160  changes   421  5.1 min
episode 468/1013  eps 0.014  train return +128.75%  loss 4.10e-05  maxQ +0.0159  changes   457  5.1 min
episode 469/1013  eps 0.014  train return  +80.30%  loss 3.97e-05  maxQ +0.0161  changes   445  5.1 min
episode 470/1013  eps 0.014  train return  +29.92%  loss 4.02e-05  maxQ +0.0156  changes   370  5.1 min | val return -3.14% (best +5.11%)
episode 471/1013  eps 0.014  train return  +84.11%  loss 3.89e-05  maxQ +0.0156  changes   434  5.1 min
episode 472/1013  eps 0.013  train return  +76.49%  loss 3.88e-05  maxQ +0.0159  changes   430  5.2 min
episode 473/1013  eps 0.013  train return  +40.89%  loss 4.00e-05  maxQ +0.0155  changes   463  5.2 min
episode 474/1013  eps 0.013  train return  +32.29%  loss 3.87e-05  maxQ +0.0158  changes   437  5.2 min
episode 475/1013  eps 0.013  train return  +63.33%  loss 3.84e-05  maxQ +0.0153  changes   483  5.2 min
episode 476/1013  eps 0.013  train return  +68.22%  loss 4.04e-05  maxQ +0.0154  changes   444  5.2 min
episode 477/1013  eps 0.013  train return   -1.05%  loss 4.07e-05  maxQ +0.0156  changes   427  5.2 min
episode 478/1013  eps 0.013  train return  +57.76%  loss 3.57e-05  maxQ +0.0144  changes   409  5.2 min
episode 479/1013  eps 0.013  train return  +96.35%  loss 3.81e-05  maxQ +0.0146  changes   474  5.2 min
episode 480/1013  eps 0.013  train return  +37.05%  loss 3.90e-05  maxQ +0.0150  changes   434  5.2 min | val return +16.71% (best +16.71%)
episode 481/1013  eps 0.012  train return  +29.39%  loss 4.08e-05  maxQ +0.0145  changes   406  5.3 min
episode 482/1013  eps 0.012  train return +152.39%  loss 3.82e-05  maxQ +0.0147  changes   413  5.3 min
episode 483/1013  eps 0.012  train return  +94.75%  loss 4.09e-05  maxQ +0.0150  changes   450  5.3 min
episode 484/1013  eps 0.012  train return  +24.36%  loss 3.95e-05  maxQ +0.0150  changes   493  5.3 min
episode 485/1013  eps 0.012  train return  +59.63%  loss 3.83e-05  maxQ +0.0143  changes   425  5.3 min
episode 486/1013  eps 0.012  train return +281.03%  loss 3.86e-05  maxQ +0.0146  changes   486  5.3 min
episode 487/1013  eps 0.012  train return  +82.45%  loss 4.02e-05  maxQ +0.0142  changes   455  5.3 min
episode 488/1013  eps 0.012  train return +216.67%  loss 4.22e-05  maxQ +0.0155  changes   439  5.3 min
episode 489/1013  eps 0.012  train return +104.85%  loss 3.95e-05  maxQ +0.0146  changes   427  5.3 min
episode 490/1013  eps 0.011  train return  +40.27%  loss 3.85e-05  maxQ +0.0156  changes   442  5.4 min | val return +16.80% (best +16.80%)
episode 491/1013  eps 0.011  train return  +27.60%  loss 4.02e-05  maxQ +0.0151  changes   439  5.4 min
episode 492/1013  eps 0.011  train return  +22.90%  loss 4.05e-05  maxQ +0.0155  changes   420  5.4 min
episode 493/1013  eps 0.011  train return +106.35%  loss 4.28e-05  maxQ +0.0161  changes   478  5.4 min
episode 494/1013  eps 0.011  train return  +24.75%  loss 4.67e-05  maxQ +0.0162  changes   425  5.4 min
episode 495/1013  eps 0.011  train return  +87.57%  loss 4.19e-05  maxQ +0.0157  changes   432  5.4 min
episode 496/1013  eps 0.011  train return   -6.07%  loss 4.01e-05  maxQ +0.0158  changes   428  5.4 min
episode 497/1013  eps 0.011  train return  +57.18%  loss 4.42e-05  maxQ +0.0166  changes   404  5.4 min
episode 498/1013  eps 0.011  train return  +22.31%  loss 4.42e-05  maxQ +0.0162  changes   392  5.4 min
episode 499/1013  eps 0.011  train return +132.72%  loss 4.33e-05  maxQ +0.0167  changes   469  5.5 min
episode 500/1013  eps 0.010  train return +142.96%  loss 4.16e-05  maxQ +0.0161  changes   474  5.5 min | val return -3.43% (best +16.80%)
episode 501/1013  eps 0.010  train return  +52.22%  loss 4.37e-05  maxQ +0.0165  changes   470  5.5 min
episode 502/1013  eps 0.010  train return +144.01%  loss 4.32e-05  maxQ +0.0160  changes   468  5.5 min
episode 503/1013  eps 0.010  train return  +22.78%  loss 4.84e-05  maxQ +0.0164  changes   415  5.5 min
episode 504/1013  eps 0.010  train return  +35.63%  loss 4.31e-05  maxQ +0.0164  changes   479  5.5 min
episode 505/1013  eps 0.010  train return  +39.54%  loss 4.15e-05  maxQ +0.0170  changes   477  5.5 min
episode 506/1013  eps 0.010  train return +121.91%  loss 4.63e-05  maxQ +0.0173  changes   463  5.5 min
episode 507/1013  eps 0.010  train return +141.52%  loss 4.96e-05  maxQ +0.0180  changes   448  5.5 min
episode 508/1013  eps 0.010  train return  +24.24%  loss 4.46e-05  maxQ +0.0170  changes   387  5.6 min
episode 509/1013  eps 0.010  train return  +30.23%  loss 4.29e-05  maxQ +0.0165  changes   433  5.6 min
episode 510/1013  eps 0.010  train return  +23.83%  loss 4.21e-05  maxQ +0.0168  changes   455  5.6 min | val return +8.89% (best +16.80%)
episode 511/1013  eps 0.010  train return  +34.13%  loss 4.49e-05  maxQ +0.0156  changes   381  5.6 min
episode 512/1013  eps 0.010  train return  +85.08%  loss 4.68e-05  maxQ +0.0175  changes   457  5.6 min
episode 513/1013  eps 0.010  train return  +63.19%  loss 4.82e-05  maxQ +0.0179  changes   468  5.6 min
episode 514/1013  eps 0.010  train return +107.30%  loss 4.73e-05  maxQ +0.0178  changes   460  5.6 min
episode 515/1013  eps 0.010  train return  +24.75%  loss 4.60e-05  maxQ +0.0170  changes   396  5.6 min
episode 516/1013  eps 0.010  train return +101.12%  loss 4.70e-05  maxQ +0.0171  changes   412  5.7 min
episode 517/1013  eps 0.010  train return +152.37%  loss 4.73e-05  maxQ +0.0167  changes   465  5.7 min
episode 518/1013  eps 0.010  train return +135.30%  loss 4.57e-05  maxQ +0.0167  changes   463  5.7 min
episode 519/1013  eps 0.010  train return  +29.29%  loss 4.56e-05  maxQ +0.0172  changes   451  5.7 min
episode 520/1013  eps 0.010  train return +137.69%  loss 4.68e-05  maxQ +0.0172  changes   472  5.7 min | val return +16.87% (best +16.87%)
episode 521/1013  eps 0.010  train return  +22.22%  loss 4.44e-05  maxQ +0.0173  changes   371  5.7 min
episode 522/1013  eps 0.010  train return +238.99%  loss 4.79e-05  maxQ +0.0168  changes   454  5.7 min
episode 523/1013  eps 0.010  train return +147.88%  loss 4.99e-05  maxQ +0.0171  changes   422  5.7 min
episode 524/1013  eps 0.010  train return  +79.33%  loss 4.59e-05  maxQ +0.0167  changes   467  5.7 min
episode 525/1013  eps 0.010  train return  +79.76%  loss 4.73e-05  maxQ +0.0174  changes   426  5.8 min
episode 526/1013  eps 0.010  train return  +98.48%  loss 4.77e-05  maxQ +0.0177  changes   451  5.8 min
episode 527/1013  eps 0.010  train return  +42.31%  loss 4.60e-05  maxQ +0.0174  changes   449  5.8 min
episode 528/1013  eps 0.010  train return  +72.14%  loss 4.73e-05  maxQ +0.0178  changes   402  5.8 min
episode 529/1013  eps 0.010  train return   +2.69%  loss 4.97e-05  maxQ +0.0176  changes   389  5.8 min
episode 530/1013  eps 0.010  train return   -1.69%  loss 4.94e-05  maxQ +0.0175  changes   342  5.8 min | val return +6.45% (best +16.87%)
episode 531/1013  eps 0.010  train return +102.54%  loss 4.79e-05  maxQ +0.0172  changes   452  5.8 min
episode 532/1013  eps 0.010  train return   -6.40%  loss 4.71e-05  maxQ +0.0169  changes   371  5.8 min
episode 533/1013  eps 0.010  train return  +74.67%  loss 4.69e-05  maxQ +0.0174  changes   448  5.8 min
episode 534/1013  eps 0.010  train return  +42.39%  loss 4.51e-05  maxQ +0.0163  changes   420  5.9 min
episode 535/1013  eps 0.010  train return  +14.76%  loss 4.65e-05  maxQ +0.0170  changes   343  5.9 min
episode 536/1013  eps 0.010  train return  +55.09%  loss 4.51e-05  maxQ +0.0165  changes   435  5.9 min
episode 537/1013  eps 0.010  train return +115.88%  loss 4.27e-05  maxQ +0.0159  changes   483  5.9 min
episode 538/1013  eps 0.010  train return  +11.56%  loss 4.47e-05  maxQ +0.0161  changes   352  5.9 min
episode 539/1013  eps 0.010  train return  +11.46%  loss 4.24e-05  maxQ +0.0162  changes   311  5.9 min
episode 540/1013  eps 0.010  train return   +9.67%  loss 4.26e-05  maxQ +0.0164  changes   387  5.9 min | val return +21.33% (best +21.33%)
episode 541/1013  eps 0.010  train return  +15.98%  loss 4.58e-05  maxQ +0.0155  changes   424  5.9 min
episode 542/1013  eps 0.010  train return  +29.14%  loss 4.47e-05  maxQ +0.0156  changes   402  5.9 min
episode 543/1013  eps 0.010  train return +124.97%  loss 4.24e-05  maxQ +0.0152  changes   472  5.9 min
episode 544/1013  eps 0.010  train return +116.12%  loss 4.57e-05  maxQ +0.0154  changes   441  6.0 min
episode 545/1013  eps 0.010  train return +118.75%  loss 4.55e-05  maxQ +0.0159  changes   394  6.0 min
episode 546/1013  eps 0.010  train return +283.51%  loss 4.46e-05  maxQ +0.0165  changes   486  6.0 min
episode 547/1013  eps 0.010  train return +150.44%  loss 4.45e-05  maxQ +0.0162  changes   460  6.0 min
episode 548/1013  eps 0.010  train return  +17.75%  loss 4.79e-05  maxQ +0.0166  changes   365  6.0 min
episode 549/1013  eps 0.010  train return  +31.98%  loss 4.74e-05  maxQ +0.0167  changes   458  6.0 min
episode 550/1013  eps 0.010  train return +201.00%  loss 4.92e-05  maxQ +0.0169  changes   455  6.0 min | val return -4.05% (best +21.33%)
episode 551/1013  eps 0.010  train return +146.25%  loss 4.57e-05  maxQ +0.0169  changes   491  6.0 min
episode 552/1013  eps 0.010  train return  +36.31%  loss 4.66e-05  maxQ +0.0168  changes   423  6.1 min
episode 553/1013  eps 0.010  train return +110.70%  loss 4.87e-05  maxQ +0.0173  changes   502  6.1 min
episode 554/1013  eps 0.010  train return  +50.86%  loss 4.62e-05  maxQ +0.0168  changes   416  6.1 min
episode 555/1013  eps 0.010  train return  +58.52%  loss 4.75e-05  maxQ +0.0160  changes   445  6.1 min
episode 556/1013  eps 0.010  train return +140.47%  loss 4.48e-05  maxQ +0.0160  changes   440  6.1 min
episode 557/1013  eps 0.010  train return  +11.20%  loss 4.57e-05  maxQ +0.0163  changes   311  6.1 min
episode 558/1013  eps 0.010  train return  +51.17%  loss 4.39e-05  maxQ +0.0162  changes   354  6.1 min
episode 559/1013  eps 0.010  train return  +49.52%  loss 4.20e-05  maxQ +0.0164  changes   401  6.1 min
episode 560/1013  eps 0.010  train return  +55.99%  loss 4.13e-05  maxQ +0.0171  changes   450  6.1 min | val return +17.43% (best +21.33%)
episode 561/1013  eps 0.010  train return  +46.52%  loss 4.62e-05  maxQ +0.0176  changes   417  6.2 min
episode 562/1013  eps 0.010  train return +201.98%  loss 4.45e-05  maxQ +0.0161  changes   432  6.2 min
episode 563/1013  eps 0.010  train return  +50.46%  loss 4.56e-05  maxQ +0.0162  changes   342  6.2 min
episode 564/1013  eps 0.010  train return  +52.87%  loss 4.44e-05  maxQ +0.0162  changes   402  6.2 min
episode 565/1013  eps 0.010  train return +112.57%  loss 4.44e-05  maxQ +0.0161  changes   427  6.2 min
episode 566/1013  eps 0.010  train return +146.75%  loss 4.72e-05  maxQ +0.0164  changes   468  6.2 min
episode 567/1013  eps 0.010  train return   +2.13%  loss 4.65e-05  maxQ +0.0168  changes   332  6.2 min
episode 568/1013  eps 0.010  train return +110.04%  loss 4.59e-05  maxQ +0.0163  changes   441  6.2 min
episode 569/1013  eps 0.010  train return  +93.42%  loss 4.47e-05  maxQ +0.0168  changes   491  6.2 min
episode 570/1013  eps 0.010  train return   +8.78%  loss 4.56e-05  maxQ +0.0168  changes   392  6.3 min | val return +6.40% (best +21.33%)
episode 571/1013  eps 0.010  train return  +58.90%  loss 4.74e-05  maxQ +0.0174  changes   374  6.3 min
episode 572/1013  eps 0.010  train return  +55.44%  loss 4.38e-05  maxQ +0.0175  changes   465  6.3 min
episode 573/1013  eps 0.010  train return  +80.04%  loss 4.44e-05  maxQ +0.0171  changes   441  6.3 min
episode 574/1013  eps 0.010  train return  +45.89%  loss 4.46e-05  maxQ +0.0174  changes   482  6.3 min
episode 575/1013  eps 0.010  train return  +97.11%  loss 4.93e-05  maxQ +0.0180  changes   464  6.3 min
episode 576/1013  eps 0.010  train return  +18.22%  loss 4.80e-05  maxQ +0.0177  changes   376  6.3 min
episode 577/1013  eps 0.010  train return  +28.41%  loss 4.79e-05  maxQ +0.0172  changes   443  6.3 min
episode 578/1013  eps 0.010  train return  +30.05%  loss 4.46e-05  maxQ +0.0170  changes   423  6.4 min
episode 579/1013  eps 0.010  train return  +45.98%  loss 4.60e-05  maxQ +0.0174  changes   452  6.4 min
episode 580/1013  eps 0.010  train return  +91.35%  loss 4.45e-05  maxQ +0.0177  changes   496  6.4 min | val return -1.83% (best +21.33%)
episode 581/1013  eps 0.010  train return +273.46%  loss 4.85e-05  maxQ +0.0172  changes   481  6.4 min
episode 582/1013  eps 0.010  train return +157.28%  loss 4.44e-05  maxQ +0.0173  changes   462  6.4 min
episode 583/1013  eps 0.010  train return  +43.16%  loss 4.63e-05  maxQ +0.0170  changes   449  6.4 min
episode 584/1013  eps 0.010  train return +187.60%  loss 4.74e-05  maxQ +0.0182  changes   446  6.4 min
episode 585/1013  eps 0.010  train return  +27.98%  loss 5.17e-05  maxQ +0.0177  changes   342  6.4 min
episode 586/1013  eps 0.010  train return  +58.60%  loss 4.70e-05  maxQ +0.0178  changes   445  6.4 min
episode 587/1013  eps 0.010  train return  +86.85%  loss 4.43e-05  maxQ +0.0171  changes   493  6.5 min
episode 588/1013  eps 0.010  train return  +49.39%  loss 4.41e-05  maxQ +0.0170  changes   449  6.5 min
episode 589/1013  eps 0.010  train return  +29.37%  loss 4.89e-05  maxQ +0.0168  changes   375  6.5 min
episode 590/1013  eps 0.010  train return  +77.25%  loss 4.30e-05  maxQ +0.0167  changes   471  6.5 min | val return +13.85% (best +21.33%)
episode 591/1013  eps 0.010  train return  +55.06%  loss 4.59e-05  maxQ +0.0168  changes   394  6.5 min
episode 592/1013  eps 0.010  train return  +61.55%  loss 3.97e-05  maxQ +0.0165  changes   421  6.5 min
episode 593/1013  eps 0.010  train return +166.73%  loss 4.07e-05  maxQ +0.0164  changes   479  6.5 min
episode 594/1013  eps 0.010  train return  +57.02%  loss 4.30e-05  maxQ +0.0163  changes   483  6.5 min
episode 595/1013  eps 0.010  train return  +34.74%  loss 4.22e-05  maxQ +0.0164  changes   366  6.5 min
episode 596/1013  eps 0.010  train return  +39.40%  loss 4.51e-05  maxQ +0.0168  changes   329  6.6 min
episode 597/1013  eps 0.010  train return  +72.90%  loss 4.18e-05  maxQ +0.0163  changes   425  6.6 min
episode 598/1013  eps 0.010  train return  +65.93%  loss 4.49e-05  maxQ +0.0162  changes   430  6.6 min
episode 599/1013  eps 0.010  train return  +88.73%  loss 4.88e-05  maxQ +0.0164  changes   461  6.6 min
episode 600/1013  eps 0.010  train return +160.70%  loss 4.46e-05  maxQ +0.0170  changes   485  6.6 min | val return -5.56% (best +21.33%)
episode 601/1013  eps 0.010  train return  +84.69%  loss 4.72e-05  maxQ +0.0166  changes   474  6.6 min
episode 602/1013  eps 0.010  train return  +46.02%  loss 4.20e-05  maxQ +0.0161  changes   369  6.6 min
episode 603/1013  eps 0.010  train return  +46.85%  loss 4.10e-05  maxQ +0.0151  changes   442  6.6 min
episode 604/1013  eps 0.010  train return  +49.44%  loss 4.28e-05  maxQ +0.0157  changes   424  6.7 min
episode 605/1013  eps 0.010  train return  +88.98%  loss 4.38e-05  maxQ +0.0158  changes   380  6.7 min
episode 606/1013  eps 0.010  train return  +95.62%  loss 4.21e-05  maxQ +0.0156  changes   457  6.7 min
episode 607/1013  eps 0.010  train return +120.52%  loss 4.50e-05  maxQ +0.0160  changes   496  6.7 min
episode 608/1013  eps 0.010  train return +154.55%  loss 4.22e-05  maxQ +0.0165  changes   482  6.7 min
episode 609/1013  eps 0.010  train return +170.70%  loss 4.29e-05  maxQ +0.0165  changes   462  6.7 min
episode 610/1013  eps 0.010  train return  +33.82%  loss 4.42e-05  maxQ +0.0165  changes   329  6.7 min | val return -4.80% (best +21.33%)
episode 611/1013  eps 0.010  train return  +30.21%  loss 4.40e-05  maxQ +0.0168  changes   330  6.7 min
episode 612/1013  eps 0.010  train return  +73.87%  loss 4.64e-05  maxQ +0.0164  changes   467  6.7 min
episode 613/1013  eps 0.010  train return  +46.72%  loss 5.01e-05  maxQ +0.0170  changes   437  6.8 min
episode 614/1013  eps 0.010  train return  +78.30%  loss 4.30e-05  maxQ +0.0168  changes   485  6.8 min
episode 615/1013  eps 0.010  train return  +54.31%  loss 4.77e-05  maxQ +0.0182  changes   444  6.8 min
episode 616/1013  eps 0.010  train return  +31.02%  loss 4.52e-05  maxQ +0.0180  changes   374  6.8 min
episode 617/1013  eps 0.010  train return  +13.30%  loss 4.58e-05  maxQ +0.0176  changes   373  6.8 min
episode 618/1013  eps 0.010  train return +143.40%  loss 4.52e-05  maxQ +0.0174  changes   454  6.8 min
episode 619/1013  eps 0.010  train return +161.59%  loss 4.42e-05  maxQ +0.0181  changes   468  6.8 min
episode 620/1013  eps 0.010  train return +190.69%  loss 4.15e-05  maxQ +0.0171  changes   512  6.8 min | val return -12.27% (best +21.33%)
episode 621/1013  eps 0.010  train return  +92.99%  loss 4.18e-05  maxQ +0.0165  changes   468  6.8 min
episode 622/1013  eps 0.010  train return +165.14%  loss 4.56e-05  maxQ +0.0173  changes   489  6.9 min
episode 623/1013  eps 0.010  train return  +66.69%  loss 4.52e-05  maxQ +0.0178  changes   493  6.9 min
episode 624/1013  eps 0.010  train return  +39.33%  loss 4.70e-05  maxQ +0.0168  changes   367  6.9 min
episode 625/1013  eps 0.010  train return  +84.01%  loss 4.42e-05  maxQ +0.0165  changes   488  6.9 min
episode 626/1013  eps 0.010  train return  +29.11%  loss 3.89e-05  maxQ +0.0169  changes   390  6.9 min
episode 627/1013  eps 0.010  train return  +74.28%  loss 4.04e-05  maxQ +0.0166  changes   468  6.9 min
episode 628/1013  eps 0.010  train return +107.81%  loss 4.12e-05  maxQ +0.0166  changes   464  6.9 min
episode 629/1013  eps 0.010  train return  +56.08%  loss 4.31e-05  maxQ +0.0168  changes   458  6.9 min
episode 630/1013  eps 0.010  train return  +72.69%  loss 4.16e-05  maxQ +0.0166  changes   438  6.9 min | val return -15.22% (best +21.33%)
episode 631/1013  eps 0.010  train return  +45.85%  loss 4.29e-05  maxQ +0.0169  changes   375  7.0 min
episode 632/1013  eps 0.010  train return  +31.34%  loss 4.27e-05  maxQ +0.0160  changes   343  7.0 min
episode 633/1013  eps 0.010  train return +182.22%  loss 4.22e-05  maxQ +0.0168  changes   461  7.0 min
episode 634/1013  eps 0.010  train return  +67.81%  loss 4.21e-05  maxQ +0.0169  changes   367  7.0 min
episode 635/1013  eps 0.010  train return  +72.42%  loss 4.41e-05  maxQ +0.0173  changes   374  7.0 min
episode 636/1013  eps 0.010  train return +375.01%  loss 4.61e-05  maxQ +0.0178  changes   480  7.0 min
episode 637/1013  eps 0.010  train return  +40.86%  loss 4.26e-05  maxQ +0.0178  changes   477  7.0 min
episode 638/1013  eps 0.010  train return  +57.37%  loss 4.16e-05  maxQ +0.0181  changes   449  7.0 min
episode 639/1013  eps 0.010  train return  +39.34%  loss 4.11e-05  maxQ +0.0174  changes   435  7.0 min
episode 640/1013  eps 0.010  train return  +48.03%  loss 4.47e-05  maxQ +0.0182  changes   431  7.1 min | val return +3.56% (best +21.33%)
episode 641/1013  eps 0.010  train return +182.43%  loss 4.27e-05  maxQ +0.0180  changes   486  7.1 min
episode 642/1013  eps 0.010  train return  +98.59%  loss 4.22e-05  maxQ +0.0181  changes   451  7.1 min
episode 643/1013  eps 0.010  train return +116.81%  loss 4.48e-05  maxQ +0.0173  changes   448  7.1 min
episode 644/1013  eps 0.010  train return +202.80%  loss 4.35e-05  maxQ +0.0174  changes   480  7.1 min
episode 645/1013  eps 0.010  train return  +72.56%  loss 4.67e-05  maxQ +0.0179  changes   449  7.1 min
episode 646/1013  eps 0.010  train return  +45.39%  loss 4.16e-05  maxQ +0.0176  changes   365  7.1 min
episode 647/1013  eps 0.010  train return +154.54%  loss 4.22e-05  maxQ +0.0172  changes   460  7.1 min
episode 648/1013  eps 0.010  train return  +72.93%  loss 4.61e-05  maxQ +0.0169  changes   398  7.2 min
episode 649/1013  eps 0.010  train return +125.13%  loss 4.51e-05  maxQ +0.0171  changes   412  7.2 min
episode 650/1013  eps 0.010  train return +134.49%  loss 4.69e-05  maxQ +0.0184  changes   470  7.2 min | val return -20.30% (best +21.33%)
episode 651/1013  eps 0.010  train return  +46.06%  loss 5.12e-05  maxQ +0.0184  changes   400  7.2 min
episode 652/1013  eps 0.010  train return  +97.11%  loss 4.75e-05  maxQ +0.0189  changes   437  7.2 min
episode 653/1013  eps 0.010  train return +245.16%  loss 4.55e-05  maxQ +0.0185  changes   487  7.2 min
episode 654/1013  eps 0.010  train return +389.50%  loss 4.67e-05  maxQ +0.0177  changes   459  7.2 min
episode 655/1013  eps 0.010  train return  +31.37%  loss 5.24e-05  maxQ +0.0183  changes   370  7.2 min
episode 656/1013  eps 0.010  train return  +51.19%  loss 4.45e-05  maxQ +0.0179  changes   383  7.2 min
episode 657/1013  eps 0.010  train return  +85.80%  loss 4.39e-05  maxQ +0.0182  changes   442  7.3 min
episode 658/1013  eps 0.010  train return  +77.04%  loss 4.52e-05  maxQ +0.0183  changes   451  7.3 min
episode 659/1013  eps 0.010  train return +152.48%  loss 4.38e-05  maxQ +0.0174  changes   441  7.3 min
episode 660/1013  eps 0.010  train return  +52.17%  loss 4.70e-05  maxQ +0.0181  changes   429  7.3 min | val return -19.89% (best +21.33%)
episode 661/1013  eps 0.010  train return +280.30%  loss 4.63e-05  maxQ +0.0171  changes   500  7.3 min
episode 662/1013  eps 0.010  train return  +99.15%  loss 4.73e-05  maxQ +0.0176  changes   462  7.3 min
episode 663/1013  eps 0.010  train return +134.75%  loss 4.71e-05  maxQ +0.0178  changes   481  7.3 min
episode 664/1013  eps 0.010  train return  +40.52%  loss 4.42e-05  maxQ +0.0178  changes   337  7.3 min
episode 665/1013  eps 0.010  train return   -1.67%  loss 4.62e-05  maxQ +0.0173  changes   404  7.4 min
episode 666/1013  eps 0.010  train return  +11.78%  loss 4.60e-05  maxQ +0.0175  changes   407  7.4 min
episode 667/1013  eps 0.010  train return +255.40%  loss 4.50e-05  maxQ +0.0182  changes   480  7.4 min
episode 668/1013  eps 0.010  train return +193.45%  loss 4.70e-05  maxQ +0.0178  changes   471  7.4 min
episode 669/1013  eps 0.010  train return  +12.79%  loss 4.42e-05  maxQ +0.0171  changes   380  7.4 min
episode 670/1013  eps 0.010  train return  +59.27%  loss 4.45e-05  maxQ +0.0174  changes   451  7.4 min | val return -11.83% (best +21.33%)
episode 671/1013  eps 0.010  train return  +20.17%  loss 4.82e-05  maxQ +0.0181  changes   411  7.4 min
episode 672/1013  eps 0.010  train return +126.83%  loss 4.49e-05  maxQ +0.0179  changes   462  7.4 min
episode 673/1013  eps 0.010  train return  +90.77%  loss 4.71e-05  maxQ +0.0185  changes   455  7.4 min
episode 674/1013  eps 0.010  train return  +10.89%  loss 4.91e-05  maxQ +0.0181  changes   447  7.5 min
episode 675/1013  eps 0.010  train return  +45.16%  loss 4.72e-05  maxQ +0.0185  changes   423  7.5 min
episode 676/1013  eps 0.010  train return  +17.25%  loss 4.80e-05  maxQ +0.0184  changes   429  7.5 min
episode 677/1013  eps 0.010  train return +190.35%  loss 4.49e-05  maxQ +0.0172  changes   481  7.5 min
episode 678/1013  eps 0.010  train return +149.94%  loss 4.42e-05  maxQ +0.0182  changes   399  7.5 min
episode 679/1013  eps 0.010  train return  +28.82%  loss 4.52e-05  maxQ +0.0181  changes   378  7.5 min
episode 680/1013  eps 0.010  train return +104.90%  loss 4.35e-05  maxQ +0.0182  changes   464  7.5 min | val return -31.05% (best +21.33%)
episode 681/1013  eps 0.010  train return  +14.03%  loss 4.65e-05  maxQ +0.0169  changes   402  7.5 min
episode 682/1013  eps 0.010  train return +190.33%  loss 4.77e-05  maxQ +0.0175  changes   476  7.6 min
episode 683/1013  eps 0.010  train return  +53.29%  loss 4.68e-05  maxQ +0.0166  changes   437  7.6 min
episode 684/1013  eps 0.010  train return  +46.77%  loss 4.85e-05  maxQ +0.0171  changes   361  7.6 min
episode 685/1013  eps 0.010  train return  +74.44%  loss 4.66e-05  maxQ +0.0169  changes   440  7.6 min
episode 686/1013  eps 0.010  train return +146.37%  loss 4.93e-05  maxQ +0.0176  changes   455  7.6 min
episode 687/1013  eps 0.010  train return +184.77%  loss 4.70e-05  maxQ +0.0172  changes   465  7.6 min
episode 688/1013  eps 0.010  train return  +23.22%  loss 4.39e-05  maxQ +0.0172  changes   408  7.6 min
episode 689/1013  eps 0.010  train return  +33.99%  loss 4.64e-05  maxQ +0.0176  changes   363  7.6 min
episode 690/1013  eps 0.010  train return  +31.39%  loss 4.65e-05  maxQ +0.0178  changes   398  7.6 min | val return -26.13% (best +21.33%)
episode 691/1013  eps 0.010  train return  +74.55%  loss 4.88e-05  maxQ +0.0180  changes   454  7.7 min
episode 692/1013  eps 0.010  train return  +97.99%  loss 4.51e-05  maxQ +0.0177  changes   448  7.7 min
episode 693/1013  eps 0.010  train return  +50.61%  loss 4.36e-05  maxQ +0.0172  changes   440  7.7 min
episode 694/1013  eps 0.010  train return +109.11%  loss 4.23e-05  maxQ +0.0175  changes   442  7.7 min
episode 695/1013  eps 0.010  train return  +61.29%  loss 4.40e-05  maxQ +0.0178  changes   420  7.7 min
episode 696/1013  eps 0.010  train return  +52.29%  loss 4.54e-05  maxQ +0.0179  changes   408  7.7 min
episode 697/1013  eps 0.010  train return  +16.57%  loss 4.45e-05  maxQ +0.0175  changes   395  7.7 min
episode 698/1013  eps 0.010  train return  +87.31%  loss 4.49e-05  maxQ +0.0175  changes   418  7.7 min
episode 699/1013  eps 0.010  train return +123.58%  loss 4.24e-05  maxQ +0.0175  changes   438  7.8 min
episode 700/1013  eps 0.010  train return  +33.25%  loss 4.40e-05  maxQ +0.0168  changes   341  7.8 min | val return -24.14% (best +21.33%)
episode 701/1013  eps 0.010  train return +104.49%  loss 4.35e-05  maxQ +0.0170  changes   444  7.8 min
episode 702/1013  eps 0.010  train return  +25.32%  loss 4.59e-05  maxQ +0.0176  changes   326  7.8 min
episode 703/1013  eps 0.010  train return +186.33%  loss 4.39e-05  maxQ +0.0172  changes   449  7.8 min
episode 704/1013  eps 0.010  train return  +37.63%  loss 4.58e-05  maxQ +0.0169  changes   414  7.8 min
episode 705/1013  eps 0.010  train return  +28.46%  loss 4.84e-05  maxQ +0.0175  changes   342  7.8 min
episode 706/1013  eps 0.010  train return  +43.88%  loss 4.75e-05  maxQ +0.0185  changes   367  7.8 min
episode 707/1013  eps 0.010  train return +324.39%  loss 4.98e-05  maxQ +0.0188  changes   471  7.8 min
episode 708/1013  eps 0.010  train return +108.53%  loss 4.52e-05  maxQ +0.0178  changes   388  7.9 min
episode 709/1013  eps 0.010  train return +201.33%  loss 4.77e-05  maxQ +0.0182  changes   419  7.9 min
episode 710/1013  eps 0.010  train return +160.91%  loss 4.58e-05  maxQ +0.0180  changes   477  7.9 min | val return -16.28% (best +21.33%)
episode 711/1013  eps 0.010  train return +269.51%  loss 5.14e-05  maxQ +0.0183  changes   436  7.9 min
episode 712/1013  eps 0.010  train return  +52.77%  loss 4.43e-05  maxQ +0.0182  changes   429  7.9 min
episode 713/1013  eps 0.010  train return  +63.54%  loss 4.60e-05  maxQ +0.0176  changes   481  7.9 min
episode 714/1013  eps 0.010  train return +137.91%  loss 4.57e-05  maxQ +0.0173  changes   489  7.9 min
episode 715/1013  eps 0.010  train return  +74.66%  loss 4.70e-05  maxQ +0.0173  changes   420  7.9 min
episode 716/1013  eps 0.010  train return +281.99%  loss 4.56e-05  maxQ +0.0168  changes   444  8.0 min
episode 717/1013  eps 0.010  train return   -7.65%  loss 4.72e-05  maxQ +0.0168  changes   294  8.0 min
episode 718/1013  eps 0.010  train return  +97.52%  loss 4.70e-05  maxQ +0.0167  changes   431  8.0 min
episode 719/1013  eps 0.010  train return  +56.20%  loss 4.43e-05  maxQ +0.0168  changes   397  8.0 min
episode 720/1013  eps 0.010  train return  +38.64%  loss 4.10e-05  maxQ +0.0173  changes   431  8.0 min | val return -29.98% (best +21.33%)
episode 721/1013  eps 0.010  train return  +39.90%  loss 4.22e-05  maxQ +0.0173  changes   372  8.0 min
episode 722/1013  eps 0.010  train return  +59.63%  loss 4.49e-05  maxQ +0.0167  changes   384  8.0 min
episode 723/1013  eps 0.010  train return   +2.87%  loss 4.35e-05  maxQ +0.0172  changes   403  8.0 min
episode 724/1013  eps 0.010  train return  +89.56%  loss 4.30e-05  maxQ +0.0172  changes   464  8.0 min
episode 725/1013  eps 0.010  train return  +75.81%  loss 4.48e-05  maxQ +0.0175  changes   418  8.1 min
episode 726/1013  eps 0.010  train return  +96.17%  loss 4.40e-05  maxQ +0.0171  changes   434  8.1 min
episode 727/1013  eps 0.010  train return  +31.75%  loss 4.36e-05  maxQ +0.0172  changes   368  8.1 min
episode 728/1013  eps 0.010  train return   -2.58%  loss 4.19e-05  maxQ +0.0176  changes   379  8.1 min
episode 729/1013  eps 0.010  train return  +99.20%  loss 3.83e-05  maxQ +0.0171  changes   400  8.1 min
episode 730/1013  eps 0.010  train return +152.30%  loss 4.06e-05  maxQ +0.0174  changes   461  8.1 min | val return -22.35% (best +21.33%)
episode 731/1013  eps 0.010  train return +154.41%  loss 4.20e-05  maxQ +0.0175  changes   460  8.1 min
episode 732/1013  eps 0.010  train return +124.09%  loss 4.17e-05  maxQ +0.0171  changes   470  8.1 min
episode 733/1013  eps 0.010  train return +141.74%  loss 4.30e-05  maxQ +0.0163  changes   453  8.2 min
episode 734/1013  eps 0.010  train return +443.26%  loss 4.53e-05  maxQ +0.0176  changes   457  8.2 min
episode 735/1013  eps 0.010  train return +102.94%  loss 4.62e-05  maxQ +0.0176  changes   452  8.2 min
episode 736/1013  eps 0.010  train return +152.48%  loss 4.48e-05  maxQ +0.0174  changes   447  8.2 min
episode 737/1013  eps 0.010  train return +189.42%  loss 4.49e-05  maxQ +0.0173  changes   454  8.2 min
episode 738/1013  eps 0.010  train return +129.73%  loss 4.43e-05  maxQ +0.0172  changes   451  8.2 min
episode 739/1013  eps 0.010  train return  +33.36%  loss 4.39e-05  maxQ +0.0174  changes   458  8.2 min
episode 740/1013  eps 0.010  train return   -0.86%  loss 4.49e-05  maxQ +0.0170  changes   408  8.2 min | val return -11.03% (best +21.33%)
episode 741/1013  eps 0.010  train return  +52.13%  loss 4.71e-05  maxQ +0.0176  changes   417  8.2 min
episode 742/1013  eps 0.010  train return +398.01%  loss 4.82e-05  maxQ +0.0179  changes   484  8.3 min
episode 743/1013  eps 0.010  train return +207.18%  loss 4.55e-05  maxQ +0.0179  changes   457  8.3 min
episode 744/1013  eps 0.010  train return +202.63%  loss 4.39e-05  maxQ +0.0174  changes   454  8.3 min
episode 745/1013  eps 0.010  train return  +49.75%  loss 4.58e-05  maxQ +0.0176  changes   418  8.3 min
episode 746/1013  eps 0.010  train return  +38.08%  loss 4.47e-05  maxQ +0.0178  changes   394  8.3 min
episode 747/1013  eps 0.010  train return   +1.09%  loss 4.31e-05  maxQ +0.0174  changes   301  8.3 min
episode 748/1013  eps 0.010  train return +101.23%  loss 4.47e-05  maxQ +0.0174  changes   449  8.3 min
episode 749/1013  eps 0.010  train return +117.29%  loss 4.29e-05  maxQ +0.0171  changes   361  8.3 min
episode 750/1013  eps 0.010  train return  +51.35%  loss 4.55e-05  maxQ +0.0170  changes   382  8.3 min | val return -11.22% (best +21.33%)
episode 751/1013  eps 0.010  train return  +31.03%  loss 4.41e-05  maxQ +0.0172  changes   367  8.4 min
episode 752/1013  eps 0.010  train return  +65.66%  loss 4.56e-05  maxQ +0.0169  changes   460  8.4 min
episode 753/1013  eps 0.010  train return +219.07%  loss 4.49e-05  maxQ +0.0181  changes   488  8.4 min
episode 754/1013  eps 0.010  train return  +51.20%  loss 4.71e-05  maxQ +0.0188  changes   440  8.4 min
episode 755/1013  eps 0.010  train return +112.56%  loss 4.94e-05  maxQ +0.0192  changes   481  8.4 min
episode 756/1013  eps 0.010  train return +124.14%  loss 4.73e-05  maxQ +0.0181  changes   440  8.4 min
episode 757/1013  eps 0.010  train return +146.59%  loss 4.55e-05  maxQ +0.0189  changes   490  8.4 min
episode 758/1013  eps 0.010  train return  +70.01%  loss 4.69e-05  maxQ +0.0192  changes   465  8.4 min
episode 759/1013  eps 0.010  train return  +86.81%  loss 4.55e-05  maxQ +0.0194  changes   411  8.5 min
episode 760/1013  eps 0.010  train return   +7.72%  loss 4.39e-05  maxQ +0.0176  changes   279  8.5 min | val return -19.13% (best +21.33%)
episode 761/1013  eps 0.010  train return +173.99%  loss 4.99e-05  maxQ +0.0180  changes   491  8.5 min
episode 762/1013  eps 0.010  train return   +5.74%  loss 4.97e-05  maxQ +0.0180  changes   452  8.5 min
episode 763/1013  eps 0.010  train return  +82.98%  loss 4.95e-05  maxQ +0.0174  changes   410  8.5 min
episode 764/1013  eps 0.010  train return  +76.70%  loss 4.87e-05  maxQ +0.0176  changes   424  8.5 min
episode 765/1013  eps 0.010  train return +134.53%  loss 4.64e-05  maxQ +0.0173  changes   472  8.5 min
episode 766/1013  eps 0.010  train return  +26.24%  loss 4.57e-05  maxQ +0.0173  changes   468  8.5 min
episode 767/1013  eps 0.010  train return  +97.17%  loss 4.56e-05  maxQ +0.0175  changes   446  8.5 min
episode 768/1013  eps 0.010  train return +133.47%  loss 4.85e-05  maxQ +0.0177  changes   488  8.6 min
episode 769/1013  eps 0.010  train return  +43.32%  loss 4.99e-05  maxQ +0.0174  changes   413  8.6 min
episode 770/1013  eps 0.010  train return +208.15%  loss 4.70e-05  maxQ +0.0167  changes   466  8.6 min | val return -23.89% (best +21.33%)
episode 771/1013  eps 0.010  train return  +40.13%  loss 4.73e-05  maxQ +0.0171  changes   391  8.6 min
episode 772/1013  eps 0.010  train return  +54.34%  loss 4.84e-05  maxQ +0.0174  changes   445  8.6 min
episode 773/1013  eps 0.010  train return  +25.59%  loss 5.11e-05  maxQ +0.0181  changes   376  8.6 min
episode 774/1013  eps 0.010  train return  +86.17%  loss 4.97e-05  maxQ +0.0183  changes   405  8.6 min
episode 775/1013  eps 0.010  train return +168.23%  loss 5.04e-05  maxQ +0.0176  changes   484  8.6 min
episode 776/1013  eps 0.010  train return +183.04%  loss 5.05e-05  maxQ +0.0180  changes   448  8.6 min
episode 777/1013  eps 0.010  train return  +18.09%  loss 4.70e-05  maxQ +0.0176  changes   426  8.7 min
episode 778/1013  eps 0.010  train return +183.21%  loss 4.77e-05  maxQ +0.0168  changes   468  8.7 min
episode 779/1013  eps 0.010  train return  +22.47%  loss 4.58e-05  maxQ +0.0167  changes   373  8.7 min
episode 780/1013  eps 0.010  train return  +69.31%  loss 4.58e-05  maxQ +0.0172  changes   443  8.7 min | val return -20.74% (best +21.33%)
episode 781/1013  eps 0.010  train return  +18.86%  loss 5.02e-05  maxQ +0.0181  changes   409  8.7 min
episode 782/1013  eps 0.010  train return +124.55%  loss 4.87e-05  maxQ +0.0179  changes   432  8.7 min
episode 783/1013  eps 0.010  train return  +61.59%  loss 4.66e-05  maxQ +0.0190  changes   403  8.7 min
episode 784/1013  eps 0.010  train return +123.52%  loss 4.95e-05  maxQ +0.0184  changes   454  8.7 min
episode 785/1013  eps 0.010  train return +117.13%  loss 5.12e-05  maxQ +0.0183  changes   441  8.7 min
episode 786/1013  eps 0.010  train return  +52.86%  loss 4.90e-05  maxQ +0.0180  changes   451  8.8 min
episode 787/1013  eps 0.010  train return +133.20%  loss 4.90e-05  maxQ +0.0180  changes   450  8.8 min
episode 788/1013  eps 0.010  train return  +56.73%  loss 4.66e-05  maxQ +0.0181  changes   423  8.8 min
episode 789/1013  eps 0.010  train return  +50.19%  loss 4.80e-05  maxQ +0.0181  changes   398  8.8 min
episode 790/1013  eps 0.010  train return +184.04%  loss 4.72e-05  maxQ +0.0185  changes   475  8.8 min | val return -6.19% (best +21.33%)
episode 791/1013  eps 0.010  train return  +19.78%  loss 4.93e-05  maxQ +0.0184  changes   360  8.8 min
episode 792/1013  eps 0.010  train return +124.97%  loss 4.56e-05  maxQ +0.0178  changes   432  8.8 min
episode 793/1013  eps 0.010  train return  +21.74%  loss 4.66e-05  maxQ +0.0174  changes   383  8.8 min
episode 794/1013  eps 0.010  train return +132.08%  loss 4.80e-05  maxQ +0.0172  changes   464  8.8 min
episode 795/1013  eps 0.010  train return +146.21%  loss 4.52e-05  maxQ +0.0169  changes   414  8.9 min
episode 796/1013  eps 0.010  train return  +26.01%  loss 4.64e-05  maxQ +0.0177  changes   355  8.9 min
episode 797/1013  eps 0.010  train return +147.55%  loss 4.54e-05  maxQ +0.0182  changes   474  8.9 min
episode 798/1013  eps 0.010  train return +125.52%  loss 4.83e-05  maxQ +0.0174  changes   391  8.9 min
episode 799/1013  eps 0.010  train return  +19.23%  loss 4.37e-05  maxQ +0.0170  changes   339  8.9 min
episode 800/1013  eps 0.010  train return +189.43%  loss 4.63e-05  maxQ +0.0174  changes   461  8.9 min | val return -26.89% (best +21.33%)
episode 801/1013  eps 0.010  train return  +18.70%  loss 4.46e-05  maxQ +0.0170  changes   369  8.9 min
episode 802/1013  eps 0.010  train return +183.08%  loss 4.69e-05  maxQ +0.0176  changes   449  8.9 min
episode 803/1013  eps 0.010  train return  +77.95%  loss 4.67e-05  maxQ +0.0184  changes   431  8.9 min
episode 804/1013  eps 0.010  train return +278.28%  loss 4.48e-05  maxQ +0.0182  changes   471  9.0 min
episode 805/1013  eps 0.010  train return  +56.70%  loss 4.85e-05  maxQ +0.0183  changes   414  9.0 min
episode 806/1013  eps 0.010  train return   +7.82%  loss 4.77e-05  maxQ +0.0183  changes   303  9.0 min
episode 807/1013  eps 0.010  train return  +24.16%  loss 4.91e-05  maxQ +0.0182  changes   439  9.0 min
episode 808/1013  eps 0.010  train return +105.12%  loss 4.52e-05  maxQ +0.0181  changes   377  9.0 min
episode 809/1013  eps 0.010  train return  +22.21%  loss 4.56e-05  maxQ +0.0178  changes   427  9.0 min
episode 810/1013  eps 0.010  train return  +58.56%  loss 4.34e-05  maxQ +0.0179  changes   414  9.0 min | val return -9.92% (best +21.33%)
episode 811/1013  eps 0.010  train return +114.06%  loss 4.77e-05  maxQ +0.0177  changes   429  9.0 min
episode 812/1013  eps 0.010  train return +284.09%  loss 4.67e-05  maxQ +0.0176  changes   502  9.1 min
episode 813/1013  eps 0.010  train return   -0.18%  loss 4.44e-05  maxQ +0.0175  changes   380  9.1 min
episode 814/1013  eps 0.010  train return +244.13%  loss 4.72e-05  maxQ +0.0172  changes   486  9.1 min
episode 815/1013  eps 0.010  train return +137.52%  loss 4.62e-05  maxQ +0.0168  changes   470  9.1 min
episode 816/1013  eps 0.010  train return +143.99%  loss 4.98e-05  maxQ +0.0176  changes   481  9.1 min
episode 817/1013  eps 0.010  train return  +10.77%  loss 4.92e-05  maxQ +0.0182  changes   362  9.1 min
episode 818/1013  eps 0.010  train return +122.78%  loss 4.76e-05  maxQ +0.0179  changes   474  9.1 min
episode 819/1013  eps 0.010  train return  +27.36%  loss 4.53e-05  maxQ +0.0171  changes   378  9.1 min
episode 820/1013  eps 0.010  train return +203.16%  loss 4.63e-05  maxQ +0.0175  changes   483  9.1 min | val return -19.21% (best +21.33%)
episode 821/1013  eps 0.010  train return +100.27%  loss 4.80e-05  maxQ +0.0179  changes   427  9.2 min
episode 822/1013  eps 0.010  train return +115.21%  loss 5.10e-05  maxQ +0.0189  changes   467  9.2 min
episode 823/1013  eps 0.010  train return  +33.60%  loss 5.02e-05  maxQ +0.0182  changes   365  9.2 min
episode 824/1013  eps 0.010  train return +111.88%  loss 4.60e-05  maxQ +0.0179  changes   422  9.2 min
episode 825/1013  eps 0.010  train return  +37.46%  loss 4.58e-05  maxQ +0.0178  changes   387  9.2 min
episode 826/1013  eps 0.010  train return  +68.03%  loss 4.85e-05  maxQ +0.0184  changes   412  9.2 min
episode 827/1013  eps 0.010  train return  +15.00%  loss 4.43e-05  maxQ +0.0180  changes   407  9.2 min
episode 828/1013  eps 0.010  train return  +22.30%  loss 4.54e-05  maxQ +0.0181  changes   377  9.2 min
episode 829/1013  eps 0.010  train return   +3.88%  loss 4.37e-05  maxQ +0.0179  changes   391  9.2 min
episode 830/1013  eps 0.010  train return +117.07%  loss 4.84e-05  maxQ +0.0181  changes   412  9.3 min | val return -26.38% (best +21.33%)
episode 831/1013  eps 0.010  train return +146.20%  loss 4.86e-05  maxQ +0.0179  changes   466  9.3 min
episode 832/1013  eps 0.010  train return  +50.38%  loss 5.05e-05  maxQ +0.0177  changes   440  9.3 min
episode 833/1013  eps 0.010  train return  +30.67%  loss 4.90e-05  maxQ +0.0182  changes   385  9.3 min
episode 834/1013  eps 0.010  train return  +45.53%  loss 4.82e-05  maxQ +0.0185  changes   410  9.3 min
episode 835/1013  eps 0.010  train return +142.26%  loss 4.46e-05  maxQ +0.0175  changes   454  9.3 min
episode 836/1013  eps 0.010  train return  +45.83%  loss 4.37e-05  maxQ +0.0164  changes   339  9.3 min
episode 837/1013  eps 0.010  train return  +64.98%  loss 4.50e-05  maxQ +0.0170  changes   434  9.3 min
episode 838/1013  eps 0.010  train return  +51.61%  loss 4.74e-05  maxQ +0.0175  changes   345  9.3 min
episode 839/1013  eps 0.010  train return  +90.89%  loss 4.59e-05  maxQ +0.0178  changes   436  9.4 min
episode 840/1013  eps 0.010  train return +251.39%  loss 4.58e-05  maxQ +0.0175  changes   453  9.4 min | val return -18.13% (best +21.33%)
episode 841/1013  eps 0.010  train return  +28.86%  loss 4.63e-05  maxQ +0.0176  changes   407  9.4 min
episode 842/1013  eps 0.010  train return  +76.44%  loss 4.78e-05  maxQ +0.0182  changes   464  9.4 min
episode 843/1013  eps 0.010  train return +110.20%  loss 4.74e-05  maxQ +0.0181  changes   436  9.4 min
episode 844/1013  eps 0.010  train return  +24.49%  loss 4.71e-05  maxQ +0.0179  changes   408  9.4 min
episode 845/1013  eps 0.010  train return  +60.59%  loss 4.75e-05  maxQ +0.0181  changes   395  9.4 min
episode 846/1013  eps 0.010  train return +118.80%  loss 4.51e-05  maxQ +0.0175  changes   489  9.4 min
episode 847/1013  eps 0.010  train return  +37.11%  loss 4.63e-05  maxQ +0.0178  changes   349  9.4 min
episode 848/1013  eps 0.010  train return +173.11%  loss 4.19e-05  maxQ +0.0175  changes   450  9.5 min
episode 849/1013  eps 0.010  train return +178.06%  loss 4.67e-05  maxQ +0.0178  changes   469  9.5 min
episode 850/1013  eps 0.010  train return  +18.69%  loss 4.56e-05  maxQ +0.0174  changes   402  9.5 min | val return +1.01% (best +21.33%)
episode 851/1013  eps 0.010  train return  +41.73%  loss 4.46e-05  maxQ +0.0180  changes   408  9.5 min
episode 852/1013  eps 0.010  train return  +51.76%  loss 4.48e-05  maxQ +0.0176  changes   411  9.5 min
episode 853/1013  eps 0.010  train return +121.87%  loss 4.49e-05  maxQ +0.0177  changes   454  9.5 min
episode 854/1013  eps 0.010  train return +174.89%  loss 4.53e-05  maxQ +0.0173  changes   497  9.5 min
episode 855/1013  eps 0.010  train return  +42.99%  loss 4.35e-05  maxQ +0.0164  changes   430  9.5 min
episode 856/1013  eps 0.010  train return +145.49%  loss 4.62e-05  maxQ +0.0171  changes   411  9.6 min
episode 857/1013  eps 0.010  train return  +85.98%  loss 4.55e-05  maxQ +0.0172  changes   440  9.6 min
episode 858/1013  eps 0.010  train return  +90.84%  loss 4.39e-05  maxQ +0.0171  changes   461  9.6 min
episode 859/1013  eps 0.010  train return  +42.75%  loss 4.45e-05  maxQ +0.0166  changes   321  9.6 min
episode 860/1013  eps 0.010  train return  +60.65%  loss 4.46e-05  maxQ +0.0177  changes   350  9.6 min | val return -15.30% (best +21.33%)
episode 861/1013  eps 0.010  train return +159.44%  loss 4.65e-05  maxQ +0.0172  changes   463  9.6 min
episode 862/1013  eps 0.010  train return +115.87%  loss 4.48e-05  maxQ +0.0171  changes   447  9.6 min
episode 863/1013  eps 0.010  train return  +18.70%  loss 4.25e-05  maxQ +0.0168  changes   408  9.6 min
episode 864/1013  eps 0.010  train return  +61.95%  loss 4.48e-05  maxQ +0.0168  changes   456  9.7 min
episode 865/1013  eps 0.010  train return +128.01%  loss 4.29e-05  maxQ +0.0168  changes   425  9.7 min
episode 866/1013  eps 0.010  train return +134.71%  loss 4.32e-05  maxQ +0.0167  changes   442  9.7 min
episode 867/1013  eps 0.010  train return  +48.30%  loss 4.51e-05  maxQ +0.0169  changes   449  9.7 min
episode 868/1013  eps 0.010  train return  +46.99%  loss 4.40e-05  maxQ +0.0168  changes   471  9.7 min
episode 869/1013  eps 0.010  train return +219.47%  loss 4.35e-05  maxQ +0.0166  changes   457  9.7 min
episode 870/1013  eps 0.010  train return  +29.86%  loss 4.18e-05  maxQ +0.0170  changes   414  9.7 min | val return -5.26% (best +21.33%)
episode 871/1013  eps 0.010  train return  +35.14%  loss 4.09e-05  maxQ +0.0165  changes   391  9.7 min
episode 872/1013  eps 0.010  train return +217.56%  loss 4.01e-05  maxQ +0.0169  changes   474  9.7 min
episode 873/1013  eps 0.010  train return +118.14%  loss 4.31e-05  maxQ +0.0169  changes   467  9.8 min
episode 874/1013  eps 0.010  train return +229.30%  loss 4.14e-05  maxQ +0.0167  changes   483  9.8 min
episode 875/1013  eps 0.010  train return  +23.54%  loss 4.03e-05  maxQ +0.0164  changes   467  9.8 min
episode 876/1013  eps 0.010  train return  +73.25%  loss 3.96e-05  maxQ +0.0172  changes   422  9.8 min
episode 877/1013  eps 0.010  train return +163.17%  loss 4.00e-05  maxQ +0.0175  changes   474  9.8 min
episode 878/1013  eps 0.010  train return +201.95%  loss 4.16e-05  maxQ +0.0173  changes   479  9.8 min
episode 879/1013  eps 0.010  train return  +49.34%  loss 4.47e-05  maxQ +0.0179  changes   450  9.8 min
episode 880/1013  eps 0.010  train return  +14.68%  loss 4.19e-05  maxQ +0.0177  changes   347  9.8 min | val return -14.02% (best +21.33%)
episode 881/1013  eps 0.010  train return  +84.08%  loss 4.38e-05  maxQ +0.0177  changes   470  9.9 min
episode 882/1013  eps 0.010  train return  +77.96%  loss 4.24e-05  maxQ +0.0174  changes   475  9.9 min
episode 883/1013  eps 0.010  train return  +46.34%  loss 4.09e-05  maxQ +0.0169  changes   443  9.9 min
episode 884/1013  eps 0.010  train return +523.82%  loss 4.15e-05  maxQ +0.0183  changes   497  9.9 min
episode 885/1013  eps 0.010  train return   +4.18%  loss 4.37e-05  maxQ +0.0175  changes   394  9.9 min
episode 886/1013  eps 0.010  train return +154.56%  loss 3.95e-05  maxQ +0.0169  changes   472  9.9 min
episode 887/1013  eps 0.010  train return  +66.08%  loss 4.11e-05  maxQ +0.0170  changes   436  9.9 min
episode 888/1013  eps 0.010  train return  +11.44%  loss 3.89e-05  maxQ +0.0172  changes   414  9.9 min
episode 889/1013  eps 0.010  train return  +21.01%  loss 4.02e-05  maxQ +0.0169  changes   395  9.9 min
episode 890/1013  eps 0.010  train return +192.19%  loss 3.91e-05  maxQ +0.0175  changes   472  10.0 min | val return -12.40% (best +21.33%)
episode 891/1013  eps 0.010  train return +171.77%  loss 4.06e-05  maxQ +0.0172  changes   504  10.0 min
episode 892/1013  eps 0.010  train return +113.91%  loss 4.20e-05  maxQ +0.0168  changes   473  10.0 min
episode 893/1013  eps 0.010  train return  +59.94%  loss 4.30e-05  maxQ +0.0170  changes   419  10.0 min
episode 894/1013  eps 0.010  train return +121.54%  loss 4.15e-05  maxQ +0.0169  changes   458  10.0 min
episode 895/1013  eps 0.010  train return  +79.18%  loss 4.19e-05  maxQ +0.0170  changes   475  10.0 min
episode 896/1013  eps 0.010  train return +140.95%  loss 3.95e-05  maxQ +0.0168  changes   485  10.0 min
episode 897/1013  eps 0.010  train return +221.46%  loss 4.31e-05  maxQ +0.0169  changes   453  10.0 min
episode 898/1013  eps 0.010  train return +168.64%  loss 4.40e-05  maxQ +0.0176  changes   528  10.0 min
episode 899/1013  eps 0.010  train return +104.81%  loss 4.23e-05  maxQ +0.0171  changes   458  10.1 min
episode 900/1013  eps 0.010  train return  +81.89%  loss 4.41e-05  maxQ +0.0173  changes   467  10.1 min | val return -18.74% (best +21.33%)
episode 901/1013  eps 0.010  train return +118.69%  loss 4.10e-05  maxQ +0.0174  changes   508  10.1 min
episode 902/1013  eps 0.010  train return  +25.54%  loss 4.37e-05  maxQ +0.0174  changes   433  10.1 min
episode 903/1013  eps 0.010  train return  +31.46%  loss 4.29e-05  maxQ +0.0175  changes   305  10.1 min
episode 904/1013  eps 0.010  train return +104.58%  loss 4.51e-05  maxQ +0.0177  changes   454  10.1 min
episode 905/1013  eps 0.010  train return +104.53%  loss 4.32e-05  maxQ +0.0170  changes   463  10.1 min
episode 906/1013  eps 0.010  train return +166.48%  loss 4.43e-05  maxQ +0.0169  changes   493  10.1 min
episode 907/1013  eps 0.010  train return  +43.02%  loss 4.35e-05  maxQ +0.0174  changes   430  10.1 min
episode 908/1013  eps 0.010  train return  +79.59%  loss 4.41e-05  maxQ +0.0176  changes   396  10.2 min
episode 909/1013  eps 0.010  train return +176.83%  loss 4.67e-05  maxQ +0.0169  changes   484  10.2 min
episode 910/1013  eps 0.010  train return  +59.46%  loss 4.46e-05  maxQ +0.0175  changes   470  10.2 min | val return -4.10% (best +21.33%)
episode 911/1013  eps 0.010  train return +147.88%  loss 4.37e-05  maxQ +0.0175  changes   477  10.2 min
episode 912/1013  eps 0.010  train return +101.02%  loss 4.42e-05  maxQ +0.0175  changes   469  10.2 min
episode 913/1013  eps 0.010  train return  +63.01%  loss 4.39e-05  maxQ +0.0176  changes   471  10.2 min
episode 914/1013  eps 0.010  train return  +30.85%  loss 4.33e-05  maxQ +0.0173  changes   366  10.2 min
episode 915/1013  eps 0.010  train return  +37.30%  loss 4.39e-05  maxQ +0.0171  changes   358  10.2 min
episode 916/1013  eps 0.010  train return  +51.26%  loss 4.28e-05  maxQ +0.0180  changes   380  10.3 min
episode 917/1013  eps 0.010  train return +289.27%  loss 4.58e-05  maxQ +0.0171  changes   454  10.3 min
episode 918/1013  eps 0.010  train return +259.18%  loss 4.42e-05  maxQ +0.0175  changes   487  10.3 min
episode 919/1013  eps 0.010  train return +374.66%  loss 4.29e-05  maxQ +0.0174  changes   454  10.3 min
episode 920/1013  eps 0.010  train return +143.02%  loss 4.38e-05  maxQ +0.0170  changes   501  10.3 min | val return -22.50% (best +21.33%)
episode 921/1013  eps 0.010  train return  +54.62%  loss 4.43e-05  maxQ +0.0170  changes   449  10.3 min
episode 922/1013  eps 0.010  train return +247.64%  loss 4.70e-05  maxQ +0.0166  changes   515  10.3 min
episode 923/1013  eps 0.010  train return +192.00%  loss 4.70e-05  maxQ +0.0168  changes   488  10.3 min
episode 924/1013  eps 0.010  train return +234.29%  loss 4.69e-05  maxQ +0.0175  changes   479  10.4 min
episode 925/1013  eps 0.010  train return  +17.59%  loss 4.91e-05  maxQ +0.0174  changes   456  10.4 min
episode 926/1013  eps 0.010  train return  +40.27%  loss 4.97e-05  maxQ +0.0178  changes   464  10.4 min
episode 927/1013  eps 0.010  train return  +29.69%  loss 4.71e-05  maxQ +0.0177  changes   409  10.4 min
episode 928/1013  eps 0.010  train return  +94.20%  loss 4.91e-05  maxQ +0.0179  changes   416  10.4 min
episode 929/1013  eps 0.010  train return +230.68%  loss 4.69e-05  maxQ +0.0178  changes   477  10.4 min
episode 930/1013  eps 0.010  train return  +88.19%  loss 4.62e-05  maxQ +0.0183  changes   455  10.4 min | val return -27.67% (best +21.33%)
episode 931/1013  eps 0.010  train return +205.78%  loss 4.87e-05  maxQ +0.0186  changes   498  10.4 min
episode 932/1013  eps 0.010  train return  +48.90%  loss 4.84e-05  maxQ +0.0180  changes   421  10.4 min
episode 933/1013  eps 0.010  train return  +47.04%  loss 4.83e-05  maxQ +0.0178  changes   440  10.5 min
episode 934/1013  eps 0.010  train return  +53.78%  loss 4.44e-05  maxQ +0.0176  changes   417  10.5 min
episode 935/1013  eps 0.010  train return +161.40%  loss 4.76e-05  maxQ +0.0184  changes   489  10.5 min
episode 936/1013  eps 0.010  train return  +66.24%  loss 4.94e-05  maxQ +0.0182  changes   401  10.5 min
episode 937/1013  eps 0.010  train return +118.19%  loss 4.99e-05  maxQ +0.0181  changes   426  10.5 min
episode 938/1013  eps 0.010  train return  +29.61%  loss 4.78e-05  maxQ +0.0183  changes   425  10.5 min
episode 939/1013  eps 0.010  train return  +51.50%  loss 4.98e-05  maxQ +0.0180  changes   477  10.5 min
episode 940/1013  eps 0.010  train return  +43.18%  loss 4.84e-05  maxQ +0.0174  changes   461  10.5 min | val return -13.42% (best +21.33%)
episode 941/1013  eps 0.010  train return +235.00%  loss 5.08e-05  maxQ +0.0180  changes   453  10.6 min
episode 942/1013  eps 0.010  train return +445.76%  loss 4.93e-05  maxQ +0.0183  changes   511  10.6 min
episode 943/1013  eps 0.010  train return  +40.35%  loss 4.65e-05  maxQ +0.0172  changes   456  10.6 min
episode 944/1013  eps 0.010  train return  +25.40%  loss 4.83e-05  maxQ +0.0180  changes   455  10.6 min
episode 945/1013  eps 0.010  train return +112.61%  loss 4.85e-05  maxQ +0.0185  changes   494  10.6 min
episode 946/1013  eps 0.010  train return  +27.62%  loss 4.89e-05  maxQ +0.0182  changes   418  10.6 min
episode 947/1013  eps 0.010  train return  +84.87%  loss 4.97e-05  maxQ +0.0176  changes   429  10.6 min
episode 948/1013  eps 0.010  train return  +20.99%  loss 4.66e-05  maxQ +0.0173  changes   468  10.6 min
episode 949/1013  eps 0.010  train return  +48.60%  loss 4.78e-05  maxQ +0.0181  changes   442  10.6 min
episode 950/1013  eps 0.010  train return  +53.41%  loss 5.37e-05  maxQ +0.0188  changes   461  10.6 min | val return -26.10% (best +21.33%)
episode 951/1013  eps 0.010  train return  +69.39%  loss 5.11e-05  maxQ +0.0184  changes   427  10.7 min
episode 952/1013  eps 0.010  train return +103.03%  loss 4.86e-05  maxQ +0.0176  changes   466  10.7 min
episode 953/1013  eps 0.010  train return +387.72%  loss 4.95e-05  maxQ +0.0180  changes   479  10.7 min
episode 954/1013  eps 0.010  train return  +33.02%  loss 5.05e-05  maxQ +0.0175  changes   381  10.7 min
episode 955/1013  eps 0.010  train return  +29.49%  loss 4.83e-05  maxQ +0.0180  changes   423  10.7 min
episode 956/1013  eps 0.010  train return +331.78%  loss 4.67e-05  maxQ +0.0184  changes   494  10.7 min
episode 957/1013  eps 0.010  train return  +72.60%  loss 4.97e-05  maxQ +0.0181  changes   467  10.7 min
episode 958/1013  eps 0.010  train return +190.71%  loss 5.07e-05  maxQ +0.0176  changes   471  10.7 min
episode 959/1013  eps 0.010  train return +397.75%  loss 5.17e-05  maxQ +0.0177  changes   458  10.8 min
episode 960/1013  eps 0.010  train return +151.62%  loss 4.91e-05  maxQ +0.0170  changes   475  10.8 min | val return -11.60% (best +21.33%)
episode 961/1013  eps 0.010  train return  +32.95%  loss 4.99e-05  maxQ +0.0172  changes   399  10.8 min
episode 962/1013  eps 0.010  train return +238.63%  loss 4.57e-05  maxQ +0.0174  changes   480  10.8 min
episode 963/1013  eps 0.010  train return  +31.29%  loss 5.24e-05  maxQ +0.0177  changes   413  10.8 min
episode 964/1013  eps 0.010  train return +113.52%  loss 5.34e-05  maxQ +0.0178  changes   486  10.8 min
episode 965/1013  eps 0.010  train return +103.38%  loss 4.84e-05  maxQ +0.0177  changes   477  10.8 min
episode 966/1013  eps 0.010  train return +134.04%  loss 5.08e-05  maxQ +0.0174  changes   487  10.8 min
episode 967/1013  eps 0.010  train return +137.37%  loss 4.98e-05  maxQ +0.0174  changes   467  10.8 min
episode 968/1013  eps 0.010  train return +192.35%  loss 5.10e-05  maxQ +0.0175  changes   488  10.9 min
episode 969/1013  eps 0.010  train return +173.54%  loss 4.91e-05  maxQ +0.0174  changes   474  10.9 min
episode 970/1013  eps 0.010  train return +234.08%  loss 5.16e-05  maxQ +0.0169  changes   472  10.9 min | val return -16.49% (best +21.33%)
episode 971/1013  eps 0.010  train return  +58.75%  loss 5.35e-05  maxQ +0.0170  changes   420  10.9 min
episode 972/1013  eps 0.010  train return  +56.99%  loss 5.07e-05  maxQ +0.0170  changes   467  10.9 min
episode 973/1013  eps 0.010  train return  +49.34%  loss 5.09e-05  maxQ +0.0179  changes   421  10.9 min
episode 974/1013  eps 0.010  train return  +15.25%  loss 5.18e-05  maxQ +0.0177  changes   411  10.9 min
episode 975/1013  eps 0.010  train return +197.12%  loss 5.35e-05  maxQ +0.0185  changes   502  10.9 min
episode 976/1013  eps 0.010  train return  +69.14%  loss 5.37e-05  maxQ +0.0182  changes   471  10.9 min
episode 977/1013  eps 0.010  train return  +60.46%  loss 4.83e-05  maxQ +0.0173  changes   473  11.0 min
episode 978/1013  eps 0.010  train return  +50.73%  loss 4.54e-05  maxQ +0.0174  changes   436  11.0 min
episode 979/1013  eps 0.010  train return +206.10%  loss 4.95e-05  maxQ +0.0171  changes   484  11.0 min
episode 980/1013  eps 0.010  train return +113.32%  loss 4.95e-05  maxQ +0.0175  changes   445  11.0 min | val return -8.77% (best +21.33%)
episode 981/1013  eps 0.010  train return  +94.84%  loss 4.85e-05  maxQ +0.0172  changes   459  11.0 min
episode 982/1013  eps 0.010  train return  +53.97%  loss 4.84e-05  maxQ +0.0179  changes   419  11.0 min
episode 983/1013  eps 0.010  train return +156.46%  loss 4.94e-05  maxQ +0.0184  changes   438  11.0 min
episode 984/1013  eps 0.010  train return  +28.28%  loss 4.97e-05  maxQ +0.0177  changes   358  11.0 min
episode 985/1013  eps 0.010  train return +114.88%  loss 4.65e-05  maxQ +0.0180  changes   464  11.1 min
episode 986/1013  eps 0.010  train return +113.15%  loss 4.85e-05  maxQ +0.0178  changes   445  11.1 min
episode 987/1013  eps 0.010  train return  +23.73%  loss 4.65e-05  maxQ +0.0180  changes   381  11.1 min
episode 988/1013  eps 0.010  train return +407.42%  loss 4.88e-05  maxQ +0.0181  changes   492  11.1 min
episode 989/1013  eps 0.010  train return +168.32%  loss 4.94e-05  maxQ +0.0189  changes   501  11.1 min
episode 990/1013  eps 0.010  train return +108.82%  loss 5.08e-05  maxQ +0.0191  changes   499  11.1 min | val return +8.37% (best +21.33%)
episode 991/1013  eps 0.010  train return +175.01%  loss 5.21e-05  maxQ +0.0187  changes   492  11.1 min
episode 992/1013  eps 0.010  train return +149.63%  loss 4.76e-05  maxQ +0.0183  changes   493  11.1 min
episode 993/1013  eps 0.010  train return  +71.48%  loss 4.74e-05  maxQ +0.0198  changes   405  11.2 min
episode 994/1013  eps 0.010  train return  +30.89%  loss 5.24e-05  maxQ +0.0185  changes   338  11.2 min
episode 995/1013  eps 0.010  train return  +15.09%  loss 4.79e-05  maxQ +0.0184  changes   344  11.2 min
episode 996/1013  eps 0.010  train return +173.91%  loss 4.73e-05  maxQ +0.0184  changes   454  11.2 min
episode 997/1013  eps 0.010  train return  +91.85%  loss 4.80e-05  maxQ +0.0184  changes   401  11.2 min
episode 998/1013  eps 0.010  train return +122.09%  loss 4.73e-05  maxQ +0.0184  changes   408  11.2 min
episode 999/1013  eps 0.010  train return +206.93%  loss 4.77e-05  maxQ +0.0186  changes   482  11.2 min
episode 1000/1013  eps 0.010  train return +198.78%  loss 4.94e-05  maxQ +0.0173  changes   513  11.2 min | val return -1.55% (best +21.33%)
episode 1001/1013  eps 0.010  train return +187.29%  loss 5.01e-05  maxQ +0.0188  changes   484  11.2 min
episode 1002/1013  eps 0.010  train return +182.77%  loss 4.89e-05  maxQ +0.0190  changes   491  11.3 min
episode 1003/1013  eps 0.010  train return +123.82%  loss 4.73e-05  maxQ +0.0183  changes   437  11.3 min
episode 1004/1013  eps 0.010  train return +143.90%  loss 4.93e-05  maxQ +0.0181  changes   480  11.3 min
episode 1005/1013  eps 0.010  train return  +95.83%  loss 4.93e-05  maxQ +0.0178  changes   413  11.3 min
episode 1006/1013  eps 0.010  train return +147.86%  loss 4.85e-05  maxQ +0.0180  changes   467  11.3 min
episode 1007/1013  eps 0.010  train return  +87.06%  loss 4.88e-05  maxQ +0.0182  changes   498  11.3 min
episode 1008/1013  eps 0.010  train return +152.12%  loss 5.00e-05  maxQ +0.0182  changes   487  11.3 min
episode 1009/1013  eps 0.010  train return  +78.28%  loss 4.83e-05  maxQ +0.0184  changes   484  11.3 min
episode 1010/1013  eps 0.010  train return  +67.95%  loss 5.05e-05  maxQ +0.0185  changes   498  11.3 min | val return -1.43% (best +21.33%)
episode 1011/1013  eps 0.010  train return   +9.14%  loss 5.00e-05  maxQ +0.0180  changes   337  11.4 min
episode 1012/1013  eps 0.010  train return +367.54%  loss 4.91e-05  maxQ +0.0183  changes   487  11.4 min
episode 1013/1013  eps 0.010  train return +338.49%  loss 4.94e-05  maxQ +0.0184  changes   491  11.4 min | val return -21.50% (best +21.33%)
model    env  portfolio_return  excess_return  n_changes
 last    val         -0.215032      -0.172414      857.8
 last val_w1         -0.165146      -0.138231      486.8
 last val_w2         -0.075863      -0.060429      380.6
 best    val          0.213323       0.255941      650.8
 best val_w1          0.269928       0.296843      388.8
 best val_w2         -0.025629      -0.010195      279.0
