Downloaded data: 30,528 candles, 2023-03-25 00:00:00+00:00 to 2026-09-16 23:00:00+00:00; no missing hours
dev_train: 28,152 candles, 2023-04-01 00:00:00+00:00 to 2026-06-16 23:00:00+00:00; no missing hours
val: 1,464 candles, 2026-06-17 00:00:00+00:00 to 2026-08-16 23:00:00+00:00; no missing hours
eval: 744 candles, 2026-08-17 00:00:00+00:00 to 2026-09-16 23:00:00+00:00; no missing hours
episode   1/1013  eps 1.000  train return   -2.47%  loss 5.83e-03  maxQ +0.3041  changes   581  0.0 min
episode   2/1013  eps 0.991  train return  +29.40%  loss 1.35e-03  maxQ +0.3064  changes   560  0.0 min
episode   3/1013  eps 0.982  train return  -10.74%  loss 7.50e-04  maxQ +0.2829  changes   587  0.0 min
episode   4/1013  eps 0.973  train return   -3.47%  loss 5.77e-04  maxQ +0.2610  changes   559  0.0 min
episode   5/1013  eps 0.964  train return   -8.82%  loss 4.51e-04  maxQ +0.2344  changes   571  0.1 min
episode   6/1013  eps 0.955  train return   +3.24%  loss 3.65e-04  maxQ +0.2103  changes   593  0.1 min
episode   7/1013  eps 0.947  train return  -21.11%  loss 3.55e-04  maxQ +0.1986  changes   589  0.1 min
episode   8/1013  eps 0.938  train return   +2.66%  loss 3.09e-04  maxQ +0.1828  changes   582  0.1 min
episode   9/1013  eps 0.929  train return  -10.78%  loss 2.47e-04  maxQ +0.1691  changes   578  0.1 min
episode  10/1013  eps 0.921  train return  -27.52%  loss 2.15e-04  maxQ +0.1538  changes   566  0.1 min | val return -9.91% (best -9.91%)
episode  11/1013  eps 0.913  train return   -5.36%  loss 2.86e-04  maxQ +0.1540  changes   575  0.1 min
episode  12/1013  eps 0.904  train return  +40.82%  loss 2.52e-04  maxQ +0.1442  changes   578  0.2 min
episode  13/1013  eps 0.896  train return   +8.85%  loss 2.49e-04  maxQ +0.1375  changes   571  0.2 min
episode  14/1013  eps 0.888  train return  -21.72%  loss 2.25e-04  maxQ +0.1294  changes   579  0.2 min
episode  15/1013  eps 0.880  train return   +6.35%  loss 2.10e-04  maxQ +0.1241  changes   587  0.2 min
episode  16/1013  eps 0.872  train return  -11.40%  loss 1.91e-04  maxQ +0.1167  changes   569  0.2 min
episode  17/1013  eps 0.864  train return  -15.26%  loss 1.66e-04  maxQ +0.1100  changes   574  0.2 min
episode  18/1013  eps 0.856  train return  +12.36%  loss 1.70e-04  maxQ +0.1042  changes   574  0.2 min
episode  19/1013  eps 0.848  train return   -9.25%  loss 1.40e-04  maxQ +0.1023  changes   580  0.2 min
episode  20/1013  eps 0.841  train return  -16.49%  loss 1.54e-04  maxQ +0.0987  changes   563  0.2 min | val return -14.38% (best -9.91%)
episode  21/1013  eps 0.833  train return  -13.93%  loss 1.72e-04  maxQ +0.0959  changes   577  0.3 min
episode  22/1013  eps 0.825  train return   +1.17%  loss 1.33e-04  maxQ +0.0923  changes   563  0.3 min
episode  23/1013  eps 0.818  train return  -10.53%  loss 1.34e-04  maxQ +0.0909  changes   594  0.3 min
episode  24/1013  eps 0.810  train return  +14.53%  loss 1.49e-04  maxQ +0.0889  changes   570  0.3 min
episode  25/1013  eps 0.803  train return   +7.19%  loss 1.43e-04  maxQ +0.0825  changes   534  0.3 min
episode  26/1013  eps 0.796  train return   -2.43%  loss 1.22e-04  maxQ +0.0791  changes   591  0.3 min
episode  27/1013  eps 0.788  train return  -22.51%  loss 1.12e-04  maxQ +0.0767  changes   586  0.3 min
episode  28/1013  eps 0.781  train return  -18.56%  loss 1.19e-04  maxQ +0.0757  changes   568  0.3 min
episode  29/1013  eps 0.774  train return  -10.48%  loss 1.15e-04  maxQ +0.0743  changes   576  0.4 min
episode  30/1013  eps 0.767  train return  -11.74%  loss 1.15e-04  maxQ +0.0691  changes   583  0.4 min | val return -18.96% (best -9.91%)
episode  31/1013  eps 0.760  train return  -10.82%  loss 8.05e-05  maxQ +0.0652  changes   551  0.4 min
episode  32/1013  eps 0.753  train return   -6.68%  loss 9.46e-05  maxQ +0.0656  changes   550  0.4 min
episode  33/1013  eps 0.746  train return  +20.77%  loss 8.26e-05  maxQ +0.0611  changes   577  0.4 min
episode  34/1013  eps 0.740  train return   +3.17%  loss 6.94e-05  maxQ +0.0617  changes   569  0.4 min
episode  35/1013  eps 0.733  train return   +0.33%  loss 8.03e-05  maxQ +0.0603  changes   590  0.4 min
episode  36/1013  eps 0.726  train return  -10.75%  loss 6.97e-05  maxQ +0.0578  changes   549  0.4 min
episode  37/1013  eps 0.720  train return   -6.81%  loss 6.48e-05  maxQ +0.0569  changes   568  0.5 min
episode  38/1013  eps 0.713  train return   -1.81%  loss 7.26e-05  maxQ +0.0558  changes   561  0.5 min
episode  39/1013  eps 0.707  train return  -15.48%  loss 6.84e-05  maxQ +0.0571  changes   591  0.5 min
episode  40/1013  eps 0.700  train return  -13.52%  loss 7.00e-05  maxQ +0.0529  changes   570  0.5 min | val return -7.55% (best -7.55%)
episode  41/1013  eps 0.694  train return  -14.10%  loss 6.57e-05  maxQ +0.0537  changes   561  0.5 min
episode  42/1013  eps 0.687  train return  -31.22%  loss 6.03e-05  maxQ +0.0526  changes   566  0.5 min
episode  43/1013  eps 0.681  train return   +7.49%  loss 5.75e-05  maxQ +0.0497  changes   573  0.5 min
episode  44/1013  eps 0.675  train return  -15.85%  loss 6.25e-05  maxQ +0.0505  changes   557  0.5 min
episode  45/1013  eps 0.669  train return   -2.17%  loss 6.10e-05  maxQ +0.0500  changes   572  0.5 min
episode  46/1013  eps 0.663  train return   -6.32%  loss 6.68e-05  maxQ +0.0459  changes   572  0.6 min
episode  47/1013  eps 0.657  train return  -19.86%  loss 6.73e-05  maxQ +0.0456  changes   561  0.6 min
episode  48/1013  eps 0.651  train return  -33.83%  loss 5.66e-05  maxQ +0.0459  changes   570  0.6 min
episode  49/1013  eps 0.645  train return   -6.81%  loss 5.92e-05  maxQ +0.0446  changes   570  0.6 min
episode  50/1013  eps 0.639  train return  -14.30%  loss 5.66e-05  maxQ +0.0417  changes   567  0.6 min | val return -14.87% (best -7.55%)
episode  51/1013  eps 0.633  train return   -4.82%  loss 5.53e-05  maxQ +0.0395  changes   571  0.6 min
episode  52/1013  eps 0.627  train return   -8.88%  loss 5.64e-05  maxQ +0.0415  changes   573  0.6 min
episode  53/1013  eps 0.622  train return   +6.10%  loss 6.32e-05  maxQ +0.0391  changes   552  0.6 min
episode  54/1013  eps 0.616  train return  -25.09%  loss 5.40e-05  maxQ +0.0387  changes   566  0.7 min
episode  55/1013  eps 0.610  train return   +1.30%  loss 5.29e-05  maxQ +0.0380  changes   550  0.7 min
episode  56/1013  eps 0.605  train return  -24.19%  loss 6.18e-05  maxQ +0.0394  changes   539  0.7 min
episode  57/1013  eps 0.599  train return  +15.28%  loss 5.14e-05  maxQ +0.0387  changes   573  0.7 min
episode  58/1013  eps 0.594  train return  +27.22%  loss 4.45e-05  maxQ +0.0367  changes   559  0.7 min
episode  59/1013  eps 0.588  train return  +13.01%  loss 4.80e-05  maxQ +0.0352  changes   561  0.7 min
episode  60/1013  eps 0.583  train return   +2.65%  loss 5.22e-05  maxQ +0.0356  changes   558  0.7 min | val return -22.57% (best -7.55%)
episode  61/1013  eps 0.578  train return  -12.68%  loss 4.81e-05  maxQ +0.0364  changes   542  0.7 min
episode  62/1013  eps 0.573  train return   +4.45%  loss 4.31e-05  maxQ +0.0364  changes   543  0.8 min
episode  63/1013  eps 0.567  train return  -23.04%  loss 4.17e-05  maxQ +0.0333  changes   555  0.8 min
episode  64/1013  eps 0.562  train return   +6.34%  loss 4.56e-05  maxQ +0.0340  changes   557  0.8 min
episode  65/1013  eps 0.557  train return   +6.26%  loss 4.15e-05  maxQ +0.0329  changes   547  0.8 min
episode  66/1013  eps 0.552  train return  +11.00%  loss 4.77e-05  maxQ +0.0320  changes   556  0.8 min
episode  67/1013  eps 0.547  train return  +12.64%  loss 4.33e-05  maxQ +0.0314  changes   576  0.8 min
episode  68/1013  eps 0.542  train return   +0.01%  loss 4.34e-05  maxQ +0.0317  changes   540  0.8 min
episode  69/1013  eps 0.537  train return  -26.26%  loss 4.24e-05  maxQ +0.0305  changes   527  0.8 min
episode  70/1013  eps 0.532  train return   -4.68%  loss 4.61e-05  maxQ +0.0308  changes   563  0.8 min | val return +12.48% (best +12.48%)
episode  71/1013  eps 0.527  train return   -2.05%  loss 4.04e-05  maxQ +0.0299  changes   564  0.9 min
episode  72/1013  eps 0.523  train return   -3.13%  loss 3.59e-05  maxQ +0.0289  changes   532  0.9 min
episode  73/1013  eps 0.518  train return   -3.41%  loss 4.48e-05  maxQ +0.0312  changes   553  0.9 min
episode  74/1013  eps 0.513  train return  -17.77%  loss 3.77e-05  maxQ +0.0298  changes   549  0.9 min
episode  75/1013  eps 0.508  train return   +1.04%  loss 4.37e-05  maxQ +0.0274  changes   532  0.9 min
episode  76/1013  eps 0.504  train return   -8.76%  loss 4.27e-05  maxQ +0.0261  changes   535  0.9 min
episode  77/1013  eps 0.499  train return   -2.32%  loss 3.77e-05  maxQ +0.0267  changes   548  0.9 min
episode  78/1013  eps 0.495  train return  -12.41%  loss 3.92e-05  maxQ +0.0279  changes   549  0.9 min
episode  79/1013  eps 0.490  train return  -20.85%  loss 4.07e-05  maxQ +0.0281  changes   551  0.9 min
episode  80/1013  eps 0.486  train return  +18.40%  loss 3.70e-05  maxQ +0.0260  changes   541  1.0 min | val return -11.28% (best +12.48%)
episode  81/1013  eps 0.481  train return  -12.99%  loss 4.30e-05  maxQ +0.0242  changes   542  1.0 min
episode  82/1013  eps 0.477  train return  +16.20%  loss 3.80e-05  maxQ +0.0244  changes   530  1.0 min
episode  83/1013  eps 0.473  train return  -27.32%  loss 3.66e-05  maxQ +0.0251  changes   568  1.0 min
episode  84/1013  eps 0.468  train return   -8.54%  loss 3.45e-05  maxQ +0.0225  changes   532  1.0 min
episode  85/1013  eps 0.464  train return   +7.32%  loss 3.46e-05  maxQ +0.0234  changes   550  1.0 min
episode  86/1013  eps 0.460  train return   -9.66%  loss 3.51e-05  maxQ +0.0237  changes   529  1.0 min
episode  87/1013  eps 0.456  train return   +3.23%  loss 3.70e-05  maxQ +0.0226  changes   565  1.0 min
episode  88/1013  eps 0.451  train return  +21.11%  loss 3.63e-05  maxQ +0.0222  changes   557  1.1 min
episode  89/1013  eps 0.447  train return  +11.73%  loss 3.57e-05  maxQ +0.0225  changes   543  1.1 min
episode  90/1013  eps 0.443  train return   +3.16%  loss 3.12e-05  maxQ +0.0220  changes   526  1.1 min | val return -28.25% (best +12.48%)
episode  91/1013  eps 0.439  train return   +1.86%  loss 3.63e-05  maxQ +0.0230  changes   531  1.1 min
episode  92/1013  eps 0.435  train return   +6.35%  loss 3.29e-05  maxQ +0.0226  changes   510  1.1 min
episode  93/1013  eps 0.431  train return   +2.86%  loss 3.08e-05  maxQ +0.0200  changes   545  1.1 min
episode  94/1013  eps 0.427  train return  -16.39%  loss 3.37e-05  maxQ +0.0193  changes   530  1.1 min
episode  95/1013  eps 0.423  train return   -0.62%  loss 3.13e-05  maxQ +0.0190  changes   519  1.1 min
episode  96/1013  eps 0.420  train return   +7.35%  loss 3.23e-05  maxQ +0.0178  changes   510  1.1 min
episode  97/1013  eps 0.416  train return   -5.99%  loss 3.26e-05  maxQ +0.0190  changes   517  1.2 min
episode  98/1013  eps 0.412  train return   -7.38%  loss 3.51e-05  maxQ +0.0190  changes   524  1.2 min
episode  99/1013  eps 0.408  train return   +8.67%  loss 3.51e-05  maxQ +0.0198  changes   547  1.2 min
episode 100/1013  eps 0.405  train return  +13.38%  loss 3.42e-05  maxQ +0.0190  changes   533  1.2 min | val return -16.79% (best +12.48%)
episode 101/1013  eps 0.401  train return   +0.54%  loss 3.34e-05  maxQ +0.0175  changes   542  1.2 min
episode 102/1013  eps 0.397  train return   -3.98%  loss 3.57e-05  maxQ +0.0188  changes   522  1.2 min
episode 103/1013  eps 0.394  train return   -9.41%  loss 3.43e-05  maxQ +0.0185  changes   517  1.2 min
episode 104/1013  eps 0.390  train return   -4.43%  loss 3.32e-05  maxQ +0.0178  changes   545  1.2 min
episode 105/1013  eps 0.386  train return   -3.45%  loss 3.38e-05  maxQ +0.0173  changes   520  1.2 min
episode 106/1013  eps 0.383  train return   +8.57%  loss 3.56e-05  maxQ +0.0170  changes   516  1.3 min
episode 107/1013  eps 0.379  train return  +37.18%  loss 3.41e-05  maxQ +0.0173  changes   513  1.3 min
episode 108/1013  eps 0.376  train return   -7.82%  loss 3.66e-05  maxQ +0.0169  changes   513  1.3 min
episode 109/1013  eps 0.373  train return  +17.11%  loss 3.73e-05  maxQ +0.0165  changes   503  1.3 min
episode 110/1013  eps 0.369  train return  -12.40%  loss 3.46e-05  maxQ +0.0168  changes   515  1.3 min | val return -27.42% (best +12.48%)
episode 111/1013  eps 0.366  train return   -1.08%  loss 3.23e-05  maxQ +0.0166  changes   505  1.3 min
episode 112/1013  eps 0.363  train return   -6.73%  loss 3.11e-05  maxQ +0.0171  changes   477  1.3 min
episode 113/1013  eps 0.359  train return   -3.75%  loss 3.33e-05  maxQ +0.0188  changes   507  1.3 min
episode 114/1013  eps 0.356  train return   -7.06%  loss 3.49e-05  maxQ +0.0180  changes   475  1.4 min
episode 115/1013  eps 0.353  train return   -9.30%  loss 3.43e-05  maxQ +0.0172  changes   495  1.4 min
episode 116/1013  eps 0.349  train return   +3.27%  loss 3.47e-05  maxQ +0.0170  changes   507  1.4 min
episode 117/1013  eps 0.346  train return   +5.76%  loss 3.34e-05  maxQ +0.0183  changes   488  1.4 min
episode 118/1013  eps 0.343  train return   -2.37%  loss 3.38e-05  maxQ +0.0179  changes   519  1.4 min
episode 119/1013  eps 0.340  train return  +26.21%  loss 3.33e-05  maxQ +0.0182  changes   518  1.4 min
episode 120/1013  eps 0.337  train return  +23.85%  loss 3.12e-05  maxQ +0.0181  changes   505  1.4 min | val return -0.54% (best +12.48%)
episode 121/1013  eps 0.334  train return  +38.12%  loss 3.19e-05  maxQ +0.0185  changes   517  1.4 min
episode 122/1013  eps 0.331  train return   -2.51%  loss 3.33e-05  maxQ +0.0180  changes   528  1.5 min
episode 123/1013  eps 0.328  train return   -5.75%  loss 3.64e-05  maxQ +0.0184  changes   509  1.5 min
episode 124/1013  eps 0.325  train return   +3.96%  loss 3.78e-05  maxQ +0.0173  changes   516  1.5 min
episode 125/1013  eps 0.322  train return   +8.25%  loss 3.45e-05  maxQ +0.0191  changes   517  1.5 min
episode 126/1013  eps 0.319  train return   +7.46%  loss 3.33e-05  maxQ +0.0196  changes   474  1.5 min
episode 127/1013  eps 0.316  train return   +5.65%  loss 3.67e-05  maxQ +0.0199  changes   504  1.5 min
episode 128/1013  eps 0.313  train return   -4.60%  loss 3.19e-05  maxQ +0.0183  changes   518  1.5 min
episode 129/1013  eps 0.310  train return   -5.94%  loss 3.49e-05  maxQ +0.0182  changes   528  1.5 min
episode 130/1013  eps 0.308  train return  -21.10%  loss 4.14e-05  maxQ +0.0178  changes   507  1.5 min | val return -24.85% (best +12.48%)
episode 131/1013  eps 0.305  train return  -16.96%  loss 3.60e-05  maxQ +0.0178  changes   504  1.6 min
episode 132/1013  eps 0.302  train return   +5.14%  loss 3.96e-05  maxQ +0.0183  changes   487  1.6 min
episode 133/1013  eps 0.299  train return   -5.58%  loss 3.95e-05  maxQ +0.0186  changes   491  1.6 min
episode 134/1013  eps 0.296  train return  +36.47%  loss 3.74e-05  maxQ +0.0174  changes   479  1.6 min
episode 135/1013  eps 0.294  train return   +3.36%  loss 4.09e-05  maxQ +0.0167  changes   502  1.6 min
episode 136/1013  eps 0.291  train return   -5.88%  loss 3.84e-05  maxQ +0.0164  changes   502  1.6 min
episode 137/1013  eps 0.288  train return  +25.25%  loss 3.84e-05  maxQ +0.0169  changes   492  1.6 min
episode 138/1013  eps 0.286  train return  -19.59%  loss 3.58e-05  maxQ +0.0176  changes   513  1.6 min
episode 139/1013  eps 0.283  train return  +34.30%  loss 3.33e-05  maxQ +0.0178  changes   515  1.7 min
episode 140/1013  eps 0.281  train return  -11.40%  loss 4.02e-05  maxQ +0.0168  changes   501  1.7 min | val return -18.02% (best +12.48%)
episode 141/1013  eps 0.278  train return  -24.02%  loss 3.88e-05  maxQ +0.0176  changes   437  1.7 min
episode 142/1013  eps 0.276  train return  -18.00%  loss 3.92e-05  maxQ +0.0174  changes   525  1.7 min
episode 143/1013  eps 0.273  train return  -10.36%  loss 3.97e-05  maxQ +0.0167  changes   511  1.7 min
episode 144/1013  eps 0.271  train return   -3.89%  loss 3.64e-05  maxQ +0.0154  changes   485  1.7 min
episode 145/1013  eps 0.268  train return  +11.39%  loss 3.90e-05  maxQ +0.0173  changes   496  1.7 min
episode 146/1013  eps 0.266  train return  -19.01%  loss 3.96e-05  maxQ +0.0169  changes   483  1.7 min
episode 147/1013  eps 0.263  train return   -1.15%  loss 3.86e-05  maxQ +0.0175  changes   473  1.8 min
episode 148/1013  eps 0.261  train return  +53.58%  loss 3.73e-05  maxQ +0.0166  changes   492  1.8 min
episode 149/1013  eps 0.258  train return  +72.83%  loss 3.91e-05  maxQ +0.0174  changes   532  1.8 min
episode 150/1013  eps 0.256  train return   -0.60%  loss 3.84e-05  maxQ +0.0165  changes   511  1.8 min | val return +0.07% (best +12.48%)
episode 151/1013  eps 0.254  train return   -5.47%  loss 3.75e-05  maxQ +0.0175  changes   455  1.8 min
episode 152/1013  eps 0.251  train return  +12.34%  loss 4.03e-05  maxQ +0.0166  changes   474  1.8 min
episode 153/1013  eps 0.249  train return  +40.06%  loss 3.98e-05  maxQ +0.0171  changes   506  1.8 min
episode 154/1013  eps 0.247  train return  +24.32%  loss 3.97e-05  maxQ +0.0176  changes   501  1.9 min
episode 155/1013  eps 0.245  train return  +15.78%  loss 3.92e-05  maxQ +0.0181  changes   466  1.9 min
episode 156/1013  eps 0.242  train return  +16.36%  loss 3.96e-05  maxQ +0.0167  changes   515  1.9 min
episode 157/1013  eps 0.240  train return  +25.87%  loss 3.76e-05  maxQ +0.0157  changes   494  1.9 min
episode 158/1013  eps 0.238  train return  +16.32%  loss 3.72e-05  maxQ +0.0162  changes   500  1.9 min
episode 159/1013  eps 0.236  train return  +35.96%  loss 3.74e-05  maxQ +0.0161  changes   482  1.9 min
episode 160/1013  eps 0.234  train return  +48.42%  loss 3.83e-05  maxQ +0.0166  changes   475  1.9 min | val return -14.86% (best +12.48%)
episode 161/1013  eps 0.232  train return  +45.10%  loss 3.69e-05  maxQ +0.0162  changes   494  2.0 min
episode 162/1013  eps 0.230  train return   +9.74%  loss 3.87e-05  maxQ +0.0167  changes   471  2.0 min
episode 163/1013  eps 0.227  train return  +28.82%  loss 3.70e-05  maxQ +0.0168  changes   515  2.0 min
episode 164/1013  eps 0.225  train return   -3.86%  loss 3.98e-05  maxQ +0.0160  changes   493  2.0 min
episode 165/1013  eps 0.223  train return  -14.00%  loss 3.53e-05  maxQ +0.0160  changes   497  2.0 min
episode 166/1013  eps 0.221  train return   +3.59%  loss 4.07e-05  maxQ +0.0160  changes   545  2.0 min
episode 167/1013  eps 0.219  train return  -11.85%  loss 3.83e-05  maxQ +0.0161  changes   445  2.0 min
episode 168/1013  eps 0.217  train return  +39.20%  loss 3.65e-05  maxQ +0.0157  changes   486  2.0 min
episode 169/1013  eps 0.215  train return  -25.96%  loss 3.78e-05  maxQ +0.0165  changes   498  2.0 min
episode 170/1013  eps 0.213  train return   +0.46%  loss 3.79e-05  maxQ +0.0160  changes   473  2.1 min | val return -9.43% (best +12.48%)
episode 171/1013  eps 0.211  train return  +60.91%  loss 3.91e-05  maxQ +0.0161  changes   480  2.1 min
episode 172/1013  eps 0.209  train return  +56.57%  loss 4.00e-05  maxQ +0.0157  changes   496  2.1 min
episode 173/1013  eps 0.208  train return  +49.05%  loss 4.11e-05  maxQ +0.0161  changes   435  2.1 min
episode 174/1013  eps 0.206  train return   -1.92%  loss 4.34e-05  maxQ +0.0160  changes   463  2.1 min
episode 175/1013  eps 0.204  train return  +10.83%  loss 4.35e-05  maxQ +0.0162  changes   457  2.1 min
episode 176/1013  eps 0.202  train return  -19.40%  loss 4.30e-05  maxQ +0.0179  changes   522  2.1 min
episode 177/1013  eps 0.200  train return  -14.85%  loss 4.07e-05  maxQ +0.0161  changes   486  2.2 min
episode 178/1013  eps 0.198  train return  +26.99%  loss 4.21e-05  maxQ +0.0166  changes   484  2.2 min
episode 179/1013  eps 0.196  train return  +12.57%  loss 3.93e-05  maxQ +0.0153  changes   473  2.2 min
episode 180/1013  eps 0.195  train return  +24.45%  loss 4.20e-05  maxQ +0.0157  changes   480  2.2 min | val return -9.15% (best +12.48%)
episode 181/1013  eps 0.193  train return  +47.13%  loss 3.90e-05  maxQ +0.0166  changes   505  2.2 min
episode 182/1013  eps 0.191  train return   -1.84%  loss 3.82e-05  maxQ +0.0169  changes   477  2.2 min
episode 183/1013  eps 0.189  train return   +4.31%  loss 4.14e-05  maxQ +0.0163  changes   458  2.2 min
episode 184/1013  eps 0.188  train return   +6.70%  loss 3.99e-05  maxQ +0.0161  changes   460  2.3 min
episode 185/1013  eps 0.186  train return  -10.43%  loss 4.15e-05  maxQ +0.0164  changes   492  2.3 min
episode 186/1013  eps 0.184  train return  +10.57%  loss 4.24e-05  maxQ +0.0162  changes   471  2.3 min
episode 187/1013  eps 0.183  train return   +2.89%  loss 4.18e-05  maxQ +0.0165  changes   503  2.3 min
episode 188/1013  eps 0.181  train return  -11.38%  loss 4.45e-05  maxQ +0.0177  changes   546  2.3 min
episode 189/1013  eps 0.179  train return   -4.30%  loss 4.04e-05  maxQ +0.0165  changes   474  2.3 min
episode 190/1013  eps 0.178  train return  -20.47%  loss 4.32e-05  maxQ +0.0164  changes   473  2.3 min | val return -15.56% (best +12.48%)
episode 191/1013  eps 0.176  train return  +15.30%  loss 4.11e-05  maxQ +0.0161  changes   447  2.4 min
episode 192/1013  eps 0.174  train return  +73.14%  loss 4.58e-05  maxQ +0.0178  changes   474  2.4 min
episode 193/1013  eps 0.173  train return   +0.18%  loss 4.49e-05  maxQ +0.0181  changes   490  2.4 min
episode 194/1013  eps 0.171  train return   -3.29%  loss 4.01e-05  maxQ +0.0165  changes   462  2.4 min
episode 195/1013  eps 0.170  train return  +36.16%  loss 4.39e-05  maxQ +0.0169  changes   481  2.4 min
episode 196/1013  eps 0.168  train return  +36.06%  loss 4.18e-05  maxQ +0.0173  changes   468  2.4 min
episode 197/1013  eps 0.167  train return  +27.42%  loss 4.27e-05  maxQ +0.0177  changes   515  2.4 min
episode 198/1013  eps 0.165  train return   -8.25%  loss 4.09e-05  maxQ +0.0177  changes   471  2.4 min
episode 199/1013  eps 0.164  train return  +18.91%  loss 4.41e-05  maxQ +0.0174  changes   487  2.4 min
episode 200/1013  eps 0.162  train return   +8.22%  loss 4.04e-05  maxQ +0.0165  changes   485  2.5 min | val return -36.38% (best +12.48%)
episode 201/1013  eps 0.161  train return +136.02%  loss 3.75e-05  maxQ +0.0163  changes   501  2.5 min
episode 202/1013  eps 0.159  train return   +4.77%  loss 3.90e-05  maxQ +0.0150  changes   468  2.5 min
episode 203/1013  eps 0.158  train return  +72.74%  loss 3.91e-05  maxQ +0.0157  changes   494  2.5 min
episode 204/1013  eps 0.156  train return  +20.30%  loss 4.29e-05  maxQ +0.0154  changes   490  2.5 min
episode 205/1013  eps 0.155  train return  +58.81%  loss 4.23e-05  maxQ +0.0168  changes   482  2.5 min
episode 206/1013  eps 0.154  train return  +16.16%  loss 4.35e-05  maxQ +0.0161  changes   488  2.5 min
episode 207/1013  eps 0.152  train return  -10.53%  loss 4.17e-05  maxQ +0.0163  changes   463  2.6 min
episode 208/1013  eps 0.151  train return  +55.76%  loss 4.50e-05  maxQ +0.0150  changes   476  2.6 min
episode 209/1013  eps 0.149  train return   +0.01%  loss 4.27e-05  maxQ +0.0152  changes   472  2.6 min
episode 210/1013  eps 0.148  train return  +38.16%  loss 4.46e-05  maxQ +0.0155  changes   498  2.6 min | val return -33.19% (best +12.48%)
episode 211/1013  eps 0.147  train return   +7.14%  loss 4.28e-05  maxQ +0.0162  changes   473  2.6 min
episode 212/1013  eps 0.145  train return   +8.65%  loss 4.19e-05  maxQ +0.0171  changes   470  2.6 min
episode 213/1013  eps 0.144  train return   -3.27%  loss 4.43e-05  maxQ +0.0166  changes   517  2.6 min
episode 214/1013  eps 0.143  train return  +21.08%  loss 4.18e-05  maxQ +0.0166  changes   457  2.7 min
episode 215/1013  eps 0.141  train return  +17.23%  loss 4.01e-05  maxQ +0.0157  changes   468  2.7 min
episode 216/1013  eps 0.140  train return   +6.91%  loss 4.01e-05  maxQ +0.0163  changes   473  2.7 min
episode 217/1013  eps 0.139  train return  +40.55%  loss 4.23e-05  maxQ +0.0167  changes   506  2.7 min
episode 218/1013  eps 0.138  train return  +11.21%  loss 4.25e-05  maxQ +0.0164  changes   463  2.7 min
episode 219/1013  eps 0.136  train return   -3.36%  loss 4.03e-05  maxQ +0.0165  changes   437  2.7 min
episode 220/1013  eps 0.135  train return  +42.52%  loss 4.04e-05  maxQ +0.0159  changes   482  2.7 min | val return -18.97% (best +12.48%)
episode 221/1013  eps 0.134  train return  +28.93%  loss 4.29e-05  maxQ +0.0154  changes   511  2.8 min
episode 222/1013  eps 0.133  train return  +13.15%  loss 4.12e-05  maxQ +0.0157  changes   484  2.8 min
episode 223/1013  eps 0.131  train return  +10.99%  loss 4.53e-05  maxQ +0.0164  changes   480  2.8 min
episode 224/1013  eps 0.130  train return   +1.12%  loss 4.00e-05  maxQ +0.0158  changes   475  2.8 min
episode 225/1013  eps 0.129  train return +102.10%  loss 4.04e-05  maxQ +0.0163  changes   473  2.8 min
episode 226/1013  eps 0.128  train return +160.81%  loss 4.21e-05  maxQ +0.0164  changes   488  2.8 min
episode 227/1013  eps 0.127  train return  +35.85%  loss 4.55e-05  maxQ +0.0164  changes   518  2.8 min
episode 228/1013  eps 0.126  train return  +22.04%  loss 4.49e-05  maxQ +0.0161  changes   480  2.9 min
episode 229/1013  eps 0.124  train return  +56.03%  loss 4.45e-05  maxQ +0.0164  changes   489  2.9 min
episode 230/1013  eps 0.123  train return  +21.36%  loss 4.65e-05  maxQ +0.0159  changes   470  2.9 min | val return -6.80% (best +12.48%)
episode 231/1013  eps 0.122  train return   +2.01%  loss 4.30e-05  maxQ +0.0158  changes   481  2.9 min
episode 232/1013  eps 0.121  train return  +53.17%  loss 4.32e-05  maxQ +0.0160  changes   488  2.9 min
episode 233/1013  eps 0.120  train return  +51.91%  loss 4.40e-05  maxQ +0.0165  changes   437  2.9 min
episode 234/1013  eps 0.119  train return  +52.03%  loss 4.34e-05  maxQ +0.0158  changes   449  2.9 min
episode 235/1013  eps 0.118  train return  +56.96%  loss 3.96e-05  maxQ +0.0153  changes   492  3.0 min
episode 236/1013  eps 0.117  train return  +11.89%  loss 3.97e-05  maxQ +0.0153  changes   473  3.0 min
episode 237/1013  eps 0.116  train return  -15.93%  loss 4.20e-05  maxQ +0.0158  changes   492  3.0 min
episode 238/1013  eps 0.115  train return   +5.70%  loss 4.26e-05  maxQ +0.0166  changes   495  3.0 min
episode 239/1013  eps 0.114  train return  +10.21%  loss 4.08e-05  maxQ +0.0165  changes   477  3.0 min
episode 240/1013  eps 0.112  train return   -0.21%  loss 4.17e-05  maxQ +0.0166  changes   422  3.0 min | val return -35.99% (best +12.48%)
episode 241/1013  eps 0.111  train return +106.36%  loss 4.24e-05  maxQ +0.0161  changes   463  3.0 min
episode 242/1013  eps 0.110  train return  +62.44%  loss 3.97e-05  maxQ +0.0163  changes   483  3.1 min
episode 243/1013  eps 0.109  train return   +6.27%  loss 3.91e-05  maxQ +0.0165  changes   466  3.1 min
episode 244/1013  eps 0.108  train return  +68.03%  loss 3.91e-05  maxQ +0.0161  changes   522  3.1 min
episode 245/1013  eps 0.107  train return  +11.78%  loss 3.79e-05  maxQ +0.0161  changes   474  3.1 min
episode 246/1013  eps 0.106  train return  +20.99%  loss 3.96e-05  maxQ +0.0166  changes   480  3.1 min
episode 247/1013  eps 0.106  train return   -6.76%  loss 4.03e-05  maxQ +0.0158  changes   467  3.1 min
episode 248/1013  eps 0.105  train return   +2.21%  loss 3.94e-05  maxQ +0.0155  changes   463  3.1 min
episode 249/1013  eps 0.104  train return  +16.36%  loss 4.38e-05  maxQ +0.0161  changes   454  3.1 min
episode 250/1013  eps 0.103  train return  -13.32%  loss 4.05e-05  maxQ +0.0157  changes   454  3.2 min | val return -14.65% (best +12.48%)
episode 251/1013  eps 0.102  train return   -6.96%  loss 3.97e-05  maxQ +0.0163  changes   453  3.2 min
episode 252/1013  eps 0.101  train return  +48.91%  loss 4.30e-05  maxQ +0.0177  changes   486  3.2 min
episode 253/1013  eps 0.100  train return  +11.25%  loss 4.22e-05  maxQ +0.0174  changes   503  3.2 min
episode 254/1013  eps 0.099  train return  +68.01%  loss 4.32e-05  maxQ +0.0175  changes   527  3.2 min
episode 255/1013  eps 0.098  train return  +24.40%  loss 4.59e-05  maxQ +0.0173  changes   438  3.2 min
episode 256/1013  eps 0.097  train return   -5.35%  loss 4.29e-05  maxQ +0.0179  changes   458  3.2 min
episode 257/1013  eps 0.096  train return  +57.39%  loss 4.39e-05  maxQ +0.0188  changes   454  3.3 min
episode 258/1013  eps 0.095  train return  +48.61%  loss 4.39e-05  maxQ +0.0175  changes   473  3.3 min
episode 259/1013  eps 0.095  train return  +43.09%  loss 4.22e-05  maxQ +0.0174  changes   467  3.3 min
episode 260/1013  eps 0.094  train return  +31.96%  loss 4.03e-05  maxQ +0.0168  changes   494  3.3 min | val return -18.25% (best +12.48%)
episode 261/1013  eps 0.093  train return  +16.58%  loss 4.38e-05  maxQ +0.0173  changes   484  3.3 min
episode 262/1013  eps 0.092  train return  +39.38%  loss 4.44e-05  maxQ +0.0168  changes   553  3.3 min
episode 263/1013  eps 0.091  train return  +67.26%  loss 4.33e-05  maxQ +0.0174  changes   531  3.4 min
episode 264/1013  eps 0.090  train return  +34.51%  loss 4.19e-05  maxQ +0.0163  changes   506  3.4 min
episode 265/1013  eps 0.090  train return  +21.79%  loss 4.16e-05  maxQ +0.0164  changes   479  3.4 min
episode 266/1013  eps 0.089  train return  +96.86%  loss 4.19e-05  maxQ +0.0166  changes   508  3.4 min
episode 267/1013  eps 0.088  train return  +80.54%  loss 4.51e-05  maxQ +0.0164  changes   489  3.4 min
episode 268/1013  eps 0.087  train return  +45.97%  loss 3.90e-05  maxQ +0.0158  changes   495  3.4 min
episode 269/1013  eps 0.086  train return  +47.32%  loss 4.10e-05  maxQ +0.0160  changes   465  3.4 min
episode 270/1013  eps 0.086  train return  +84.04%  loss 4.55e-05  maxQ +0.0166  changes   478  3.4 min | val return -23.73% (best +12.48%)
episode 271/1013  eps 0.085  train return   +9.69%  loss 4.27e-05  maxQ +0.0172  changes   474  3.5 min
episode 272/1013  eps 0.084  train return  +95.43%  loss 4.82e-05  maxQ +0.0177  changes   491  3.5 min
episode 273/1013  eps 0.083  train return  +12.39%  loss 4.37e-05  maxQ +0.0173  changes   494  3.5 min
episode 274/1013  eps 0.082  train return  +62.03%  loss 4.26e-05  maxQ +0.0180  changes   499  3.5 min
episode 275/1013  eps 0.082  train return  +13.92%  loss 4.38e-05  maxQ +0.0178  changes   467  3.5 min
episode 276/1013  eps 0.081  train return  +11.95%  loss 4.44e-05  maxQ +0.0176  changes   505  3.5 min
episode 277/1013  eps 0.080  train return  +29.70%  loss 4.56e-05  maxQ +0.0182  changes   485  3.6 min
episode 278/1013  eps 0.079  train return +120.63%  loss 4.43e-05  maxQ +0.0178  changes   491  3.6 min
episode 279/1013  eps 0.079  train return  +83.68%  loss 4.13e-05  maxQ +0.0174  changes   500  3.6 min
episode 280/1013  eps 0.078  train return  +80.34%  loss 4.43e-05  maxQ +0.0177  changes   505  3.6 min | val return -36.44% (best +12.48%)
episode 281/1013  eps 0.077  train return  +67.34%  loss 4.16e-05  maxQ +0.0173  changes   519  3.6 min
episode 282/1013  eps 0.077  train return  +26.35%  loss 4.38e-05  maxQ +0.0172  changes   484  3.6 min
episode 283/1013  eps 0.076  train return  +26.20%  loss 4.23e-05  maxQ +0.0175  changes   485  3.6 min
episode 284/1013  eps 0.075  train return  +36.61%  loss 4.53e-05  maxQ +0.0167  changes   476  3.7 min
episode 285/1013  eps 0.075  train return  +13.28%  loss 4.20e-05  maxQ +0.0171  changes   493  3.7 min
episode 286/1013  eps 0.074  train return  +59.94%  loss 4.45e-05  maxQ +0.0173  changes   495  3.7 min
episode 287/1013  eps 0.073  train return  +37.50%  loss 4.05e-05  maxQ +0.0176  changes   497  3.7 min
episode 288/1013  eps 0.073  train return +113.27%  loss 4.34e-05  maxQ +0.0162  changes   461  3.7 min
episode 289/1013  eps 0.072  train return  +62.23%  loss 4.27e-05  maxQ +0.0158  changes   485  3.7 min
episode 290/1013  eps 0.071  train return  +56.33%  loss 4.07e-05  maxQ +0.0162  changes   516  3.7 min | val return -12.53% (best +12.48%)
episode 291/1013  eps 0.071  train return   +6.75%  loss 4.09e-05  maxQ +0.0156  changes   487  3.8 min
episode 292/1013  eps 0.070  train return +217.20%  loss 4.36e-05  maxQ +0.0157  changes   479  3.8 min
episode 293/1013  eps 0.069  train return  +48.64%  loss 4.68e-05  maxQ +0.0164  changes   483  3.8 min
episode 294/1013  eps 0.069  train return  +33.38%  loss 4.29e-05  maxQ +0.0158  changes   461  3.8 min
episode 295/1013  eps 0.068  train return +108.65%  loss 4.67e-05  maxQ +0.0176  changes   451  3.8 min
episode 296/1013  eps 0.067  train return  -23.98%  loss 4.40e-05  maxQ +0.0171  changes   464  3.8 min
episode 297/1013  eps 0.067  train return  +12.14%  loss 4.35e-05  maxQ +0.0174  changes   457  3.8 min
episode 298/1013  eps 0.066  train return  +43.27%  loss 3.94e-05  maxQ +0.0167  changes   483  3.8 min
episode 299/1013  eps 0.066  train return  +13.50%  loss 4.14e-05  maxQ +0.0170  changes   469  3.9 min
episode 300/1013  eps 0.065  train return  +35.97%  loss 4.22e-05  maxQ +0.0173  changes   489  3.9 min | val return -25.61% (best +12.48%)
episode 301/1013  eps 0.064  train return  +65.43%  loss 4.17e-05  maxQ +0.0167  changes   494  3.9 min
episode 302/1013  eps 0.064  train return  +23.86%  loss 4.31e-05  maxQ +0.0172  changes   442  3.9 min
episode 303/1013  eps 0.063  train return  +14.24%  loss 4.16e-05  maxQ +0.0174  changes   473  3.9 min
episode 304/1013  eps 0.063  train return  +64.56%  loss 4.50e-05  maxQ +0.0184  changes   514  3.9 min
episode 305/1013  eps 0.062  train return +104.35%  loss 4.73e-05  maxQ +0.0179  changes   485  3.9 min
episode 306/1013  eps 0.062  train return  +60.23%  loss 4.60e-05  maxQ +0.0179  changes   516  4.0 min
episode 307/1013  eps 0.061  train return  +75.91%  loss 4.56e-05  maxQ +0.0171  changes   502  4.0 min
episode 308/1013  eps 0.060  train return +116.61%  loss 4.54e-05  maxQ +0.0176  changes   494  4.0 min
episode 309/1013  eps 0.060  train return  +43.43%  loss 4.42e-05  maxQ +0.0178  changes   537  4.0 min
episode 310/1013  eps 0.059  train return  +59.66%  loss 4.62e-05  maxQ +0.0181  changes   501  4.0 min | val return +0.63% (best +12.48%)
episode 311/1013  eps 0.059  train return  +36.83%  loss 4.35e-05  maxQ +0.0174  changes   503  4.0 min
episode 312/1013  eps 0.058  train return +112.79%  loss 4.44e-05  maxQ +0.0167  changes   472  4.0 min
episode 313/1013  eps 0.058  train return  +23.94%  loss 4.64e-05  maxQ +0.0171  changes   475  4.1 min
episode 314/1013  eps 0.057  train return  +84.07%  loss 4.33e-05  maxQ +0.0172  changes   476  4.1 min
episode 315/1013  eps 0.057  train return +333.45%  loss 4.55e-05  maxQ +0.0161  changes   502  4.1 min
episode 316/1013  eps 0.056  train return   -8.00%  loss 4.67e-05  maxQ +0.0169  changes   458  4.1 min
episode 317/1013  eps 0.056  train return  +59.36%  loss 4.62e-05  maxQ +0.0173  changes   518  4.1 min
episode 318/1013  eps 0.055  train return  +37.58%  loss 4.86e-05  maxQ +0.0164  changes   509  4.1 min
episode 319/1013  eps 0.055  train return  +45.41%  loss 5.06e-05  maxQ +0.0172  changes   526  4.1 min
episode 320/1013  eps 0.054  train return +105.69%  loss 5.18e-05  maxQ +0.0176  changes   523  4.1 min | val return -31.64% (best +12.48%)
episode 321/1013  eps 0.054  train return +164.64%  loss 5.52e-05  maxQ +0.0182  changes   471  4.2 min
episode 322/1013  eps 0.053  train return   +4.23%  loss 5.40e-05  maxQ +0.0191  changes   492  4.2 min
episode 323/1013  eps 0.053  train return   -3.26%  loss 4.82e-05  maxQ +0.0188  changes   467  4.2 min
episode 324/1013  eps 0.052  train return   -7.35%  loss 5.10e-05  maxQ +0.0184  changes   429  4.2 min
episode 325/1013  eps 0.052  train return +141.44%  loss 4.96e-05  maxQ +0.0186  changes   498  4.2 min
episode 326/1013  eps 0.051  train return  +26.63%  loss 4.71e-05  maxQ +0.0178  changes   504  4.2 min
episode 327/1013  eps 0.051  train return +443.41%  loss 5.23e-05  maxQ +0.0180  changes   487  4.2 min
episode 328/1013  eps 0.050  train return +170.26%  loss 4.93e-05  maxQ +0.0189  changes   492  4.3 min
episode 329/1013  eps 0.050  train return   -4.42%  loss 5.00e-05  maxQ +0.0189  changes   437  4.3 min
episode 330/1013  eps 0.049  train return +121.97%  loss 5.22e-05  maxQ +0.0199  changes   513  4.3 min | val return -37.93% (best +12.48%)
episode 331/1013  eps 0.049  train return  +26.07%  loss 5.33e-05  maxQ +0.0187  changes   471  4.3 min
episode 332/1013  eps 0.049  train return  -11.26%  loss 4.78e-05  maxQ +0.0189  changes   468  4.3 min
episode 333/1013  eps 0.048  train return  +10.93%  loss 5.06e-05  maxQ +0.0187  changes   441  4.4 min
episode 334/1013  eps 0.048  train return   +6.58%  loss 5.26e-05  maxQ +0.0192  changes   479  4.4 min
episode 335/1013  eps 0.047  train return  +21.24%  loss 4.84e-05  maxQ +0.0195  changes   476  4.4 min
episode 336/1013  eps 0.047  train return  +13.54%  loss 5.03e-05  maxQ +0.0200  changes   488  4.4 min
episode 337/1013  eps 0.046  train return  +61.04%  loss 5.30e-05  maxQ +0.0200  changes   454  4.4 min
episode 338/1013  eps 0.046  train return +426.94%  loss 5.06e-05  maxQ +0.0190  changes   533  4.4 min
episode 339/1013  eps 0.046  train return  +94.47%  loss 5.11e-05  maxQ +0.0191  changes   495  4.4 min
episode 340/1013  eps 0.045  train return  +25.40%  loss 4.77e-05  maxQ +0.0193  changes   467  4.4 min | val return -37.94% (best +12.48%)
episode 341/1013  eps 0.045  train return +170.52%  loss 4.89e-05  maxQ +0.0179  changes   482  4.5 min
episode 342/1013  eps 0.044  train return   -4.82%  loss 4.80e-05  maxQ +0.0179  changes   434  4.5 min
episode 343/1013  eps 0.044  train return  +81.52%  loss 5.13e-05  maxQ +0.0185  changes   452  4.5 min
episode 344/1013  eps 0.043  train return  +10.51%  loss 5.06e-05  maxQ +0.0185  changes   399  4.5 min
episode 345/1013  eps 0.043  train return  +46.88%  loss 5.52e-05  maxQ +0.0198  changes   457  4.5 min
episode 346/1013  eps 0.043  train return  +15.41%  loss 5.91e-05  maxQ +0.0199  changes   456  4.5 min
episode 347/1013  eps 0.042  train return +173.38%  loss 5.28e-05  maxQ +0.0203  changes   450  4.5 min
episode 348/1013  eps 0.042  train return  -10.64%  loss 4.88e-05  maxQ +0.0200  changes   493  4.6 min
episode 349/1013  eps 0.042  train return +141.18%  loss 4.91e-05  maxQ +0.0207  changes   494  4.6 min
episode 350/1013  eps 0.041  train return   +3.86%  loss 5.08e-05  maxQ +0.0197  changes   450  4.6 min | val return -30.45% (best +12.48%)
episode 351/1013  eps 0.041  train return +183.11%  loss 4.64e-05  maxQ +0.0188  changes   485  4.6 min
episode 352/1013  eps 0.040  train return  +54.56%  loss 4.68e-05  maxQ +0.0182  changes   475  4.6 min
episode 353/1013  eps 0.040  train return  +25.33%  loss 4.71e-05  maxQ +0.0185  changes   481  4.6 min
episode 354/1013  eps 0.040  train return   +4.76%  loss 4.94e-05  maxQ +0.0182  changes   478  4.6 min
episode 355/1013  eps 0.039  train return  +80.16%  loss 4.85e-05  maxQ +0.0185  changes   481  4.7 min
episode 356/1013  eps 0.039  train return  +12.31%  loss 5.09e-05  maxQ +0.0190  changes   492  4.7 min
episode 357/1013  eps 0.039  train return  +25.64%  loss 4.80e-05  maxQ +0.0190  changes   496  4.7 min
episode 358/1013  eps 0.038  train return  +75.33%  loss 5.22e-05  maxQ +0.0188  changes   483  4.7 min
episode 359/1013  eps 0.038  train return  +52.95%  loss 4.74e-05  maxQ +0.0186  changes   541  4.7 min
episode 360/1013  eps 0.038  train return  +28.97%  loss 4.68e-05  maxQ +0.0183  changes   469  4.7 min | val return -29.15% (best +12.48%)
episode 361/1013  eps 0.037  train return   -1.39%  loss 4.98e-05  maxQ +0.0183  changes   451  4.8 min
episode 362/1013  eps 0.037  train return  +35.80%  loss 4.85e-05  maxQ +0.0191  changes   535  4.8 min
episode 363/1013  eps 0.037  train return  +51.27%  loss 4.64e-05  maxQ +0.0186  changes   501  4.8 min
episode 364/1013  eps 0.036  train return  -13.90%  loss 4.95e-05  maxQ +0.0188  changes   453  4.8 min
episode 365/1013  eps 0.036  train return  +57.34%  loss 5.05e-05  maxQ +0.0187  changes   477  4.8 min
episode 366/1013  eps 0.036  train return   +9.14%  loss 4.54e-05  maxQ +0.0185  changes   469  4.8 min
episode 367/1013  eps 0.035  train return  +87.09%  loss 5.07e-05  maxQ +0.0186  changes   498  4.8 min
episode 368/1013  eps 0.035  train return  +23.53%  loss 4.66e-05  maxQ +0.0177  changes   439  4.8 min
episode 369/1013  eps 0.035  train return  +96.51%  loss 4.96e-05  maxQ +0.0178  changes   491  4.9 min
episode 370/1013  eps 0.034  train return  +90.82%  loss 5.05e-05  maxQ +0.0185  changes   479  4.9 min | val return -17.97% (best +12.48%)
episode 371/1013  eps 0.034  train return  +27.62%  loss 4.97e-05  maxQ +0.0183  changes   478  4.9 min
episode 372/1013  eps 0.034  train return   +8.28%  loss 4.92e-05  maxQ +0.0187  changes   478  4.9 min
episode 373/1013  eps 0.033  train return  +14.21%  loss 5.11e-05  maxQ +0.0191  changes   462  4.9 min
episode 374/1013  eps 0.033  train return   -3.27%  loss 5.08e-05  maxQ +0.0196  changes   439  4.9 min
episode 375/1013  eps 0.033  train return  +20.12%  loss 5.26e-05  maxQ +0.0201  changes   447  4.9 min
episode 376/1013  eps 0.032  train return   +6.21%  loss 4.69e-05  maxQ +0.0188  changes   486  5.0 min
episode 377/1013  eps 0.032  train return  +24.96%  loss 4.92e-05  maxQ +0.0184  changes   435  5.0 min
episode 378/1013  eps 0.032  train return  +10.64%  loss 4.64e-05  maxQ +0.0193  changes   438  5.0 min
episode 379/1013  eps 0.032  train return  +68.96%  loss 4.49e-05  maxQ +0.0189  changes   488  5.0 min
episode 380/1013  eps 0.031  train return   -0.69%  loss 4.53e-05  maxQ +0.0177  changes   448  5.0 min | val return -28.41% (best +12.48%)
episode 381/1013  eps 0.031  train return  +78.66%  loss 5.05e-05  maxQ +0.0178  changes   499  5.0 min
episode 382/1013  eps 0.031  train return  +19.45%  loss 4.80e-05  maxQ +0.0182  changes   501  5.0 min
episode 383/1013  eps 0.030  train return +181.90%  loss 5.17e-05  maxQ +0.0186  changes   496  5.1 min
episode 384/1013  eps 0.030  train return  +34.99%  loss 5.08e-05  maxQ +0.0181  changes   475  5.1 min
episode 385/1013  eps 0.030  train return   -7.77%  loss 5.10e-05  maxQ +0.0177  changes   416  5.1 min
episode 386/1013  eps 0.030  train return  +48.97%  loss 4.62e-05  maxQ +0.0173  changes   498  5.1 min
episode 387/1013  eps 0.029  train return   -0.66%  loss 4.44e-05  maxQ +0.0178  changes   467  5.1 min
episode 388/1013  eps 0.029  train return  +17.23%  loss 4.47e-05  maxQ +0.0175  changes   491  5.1 min
episode 389/1013  eps 0.029  train return  +44.66%  loss 4.26e-05  maxQ +0.0168  changes   474  5.1 min
episode 390/1013  eps 0.029  train return  +24.61%  loss 4.05e-05  maxQ +0.0170  changes   435  5.2 min | val return -18.14% (best +12.48%)
episode 391/1013  eps 0.028  train return +100.75%  loss 3.98e-05  maxQ +0.0169  changes   541  5.2 min
episode 392/1013  eps 0.028  train return  +20.24%  loss 4.08e-05  maxQ +0.0169  changes   501  5.2 min
episode 393/1013  eps 0.028  train return +193.75%  loss 4.26e-05  maxQ +0.0174  changes   521  5.2 min
episode 394/1013  eps 0.028  train return  +48.67%  loss 4.32e-05  maxQ +0.0181  changes   498  5.2 min
episode 395/1013  eps 0.027  train return   +6.52%  loss 4.63e-05  maxQ +0.0177  changes   468  5.2 min
episode 396/1013  eps 0.027  train return   +9.35%  loss 4.39e-05  maxQ +0.0172  changes   516  5.3 min
episode 397/1013  eps 0.027  train return +447.11%  loss 4.65e-05  maxQ +0.0168  changes   545  5.3 min
episode 398/1013  eps 0.027  train return  +43.64%  loss 4.57e-05  maxQ +0.0174  changes   493  5.3 min
episode 399/1013  eps 0.026  train return  +17.09%  loss 4.55e-05  maxQ +0.0186  changes   495  5.3 min
episode 400/1013  eps 0.026  train return  +65.50%  loss 4.59e-05  maxQ +0.0183  changes   500  5.3 min | val return -9.25% (best +12.48%)
episode 401/1013  eps 0.026  train return +197.62%  loss 4.17e-05  maxQ +0.0172  changes   531  5.3 min
episode 402/1013  eps 0.026  train return +121.87%  loss 5.05e-05  maxQ +0.0184  changes   488  5.3 min
episode 403/1013  eps 0.025  train return  +92.54%  loss 4.25e-05  maxQ +0.0175  changes   510  5.4 min
episode 404/1013  eps 0.025  train return   +5.16%  loss 4.31e-05  maxQ +0.0175  changes   446  5.4 min
episode 405/1013  eps 0.025  train return +113.01%  loss 4.22e-05  maxQ +0.0169  changes   505  5.4 min
episode 406/1013  eps 0.025  train return  +50.83%  loss 4.35e-05  maxQ +0.0169  changes   517  5.4 min
episode 407/1013  eps 0.024  train return  +36.84%  loss 4.44e-05  maxQ +0.0172  changes   465  5.4 min
episode 408/1013  eps 0.024  train return  +25.81%  loss 4.08e-05  maxQ +0.0164  changes   510  5.4 min
episode 409/1013  eps 0.024  train return  +85.11%  loss 4.52e-05  maxQ +0.0168  changes   509  5.4 min
episode 410/1013  eps 0.024  train return  +28.42%  loss 4.15e-05  maxQ +0.0167  changes   521  5.4 min | val return -5.34% (best +12.48%)
episode 411/1013  eps 0.024  train return   -8.37%  loss 4.41e-05  maxQ +0.0173  changes   444  5.5 min
episode 412/1013  eps 0.023  train return  +53.42%  loss 4.31e-05  maxQ +0.0173  changes   463  5.5 min
episode 413/1013  eps 0.023  train return  +57.91%  loss 4.48e-05  maxQ +0.0172  changes   467  5.5 min
episode 414/1013  eps 0.023  train return  +37.24%  loss 4.25e-05  maxQ +0.0178  changes   493  5.5 min
episode 415/1013  eps 0.023  train return  +44.39%  loss 4.45e-05  maxQ +0.0171  changes   465  5.5 min
episode 416/1013  eps 0.023  train return  +50.07%  loss 4.24e-05  maxQ +0.0166  changes   502  5.5 min
episode 417/1013  eps 0.022  train return +125.32%  loss 4.15e-05  maxQ +0.0164  changes   493  5.5 min
episode 418/1013  eps 0.022  train return +129.69%  loss 4.13e-05  maxQ +0.0170  changes   499  5.6 min
episode 419/1013  eps 0.022  train return  +60.03%  loss 4.27e-05  maxQ +0.0172  changes   509  5.6 min
episode 420/1013  eps 0.022  train return +146.68%  loss 4.95e-05  maxQ +0.0175  changes   530  5.6 min | val return -12.71% (best +12.48%)
episode 421/1013  eps 0.022  train return +174.67%  loss 4.32e-05  maxQ +0.0172  changes   463  5.6 min
episode 422/1013  eps 0.021  train return  +46.19%  loss 4.43e-05  maxQ +0.0175  changes   489  5.6 min
episode 423/1013  eps 0.021  train return +174.54%  loss 4.06e-05  maxQ +0.0165  changes   499  5.6 min
episode 424/1013  eps 0.021  train return  +46.51%  loss 4.35e-05  maxQ +0.0166  changes   499  5.6 min
episode 425/1013  eps 0.021  train return   +2.96%  loss 4.37e-05  maxQ +0.0174  changes   451  5.7 min
episode 426/1013  eps 0.021  train return  +58.44%  loss 4.32e-05  maxQ +0.0171  changes   495  5.7 min
episode 427/1013  eps 0.020  train return   +3.66%  loss 4.39e-05  maxQ +0.0170  changes   453  5.7 min
episode 428/1013  eps 0.020  train return   +7.39%  loss 4.76e-05  maxQ +0.0180  changes   448  5.7 min
episode 429/1013  eps 0.020  train return  +28.50%  loss 4.70e-05  maxQ +0.0185  changes   498  5.7 min
episode 430/1013  eps 0.020  train return  +63.12%  loss 4.18e-05  maxQ +0.0180  changes   516  5.7 min | val return -24.30% (best +12.48%)
episode 431/1013  eps 0.020  train return  +42.70%  loss 4.63e-05  maxQ +0.0177  changes   510  5.7 min
episode 432/1013  eps 0.019  train return +213.50%  loss 4.59e-05  maxQ +0.0179  changes   534  5.8 min
episode 433/1013  eps 0.019  train return +166.80%  loss 4.19e-05  maxQ +0.0176  changes   535  5.8 min
episode 434/1013  eps 0.019  train return   -1.67%  loss 4.55e-05  maxQ +0.0175  changes   449  5.8 min
episode 435/1013  eps 0.019  train return +381.90%  loss 4.28e-05  maxQ +0.0175  changes   514  5.8 min
episode 436/1013  eps 0.019  train return  +12.37%  loss 4.13e-05  maxQ +0.0173  changes   491  5.8 min
episode 437/1013  eps 0.019  train return  +17.82%  loss 4.06e-05  maxQ +0.0169  changes   457  5.8 min
episode 438/1013  eps 0.018  train return   -4.19%  loss 4.12e-05  maxQ +0.0175  changes   457  5.8 min
episode 439/1013  eps 0.018  train return  +51.79%  loss 4.21e-05  maxQ +0.0172  changes   497  5.9 min
episode 440/1013  eps 0.018  train return  +28.83%  loss 4.43e-05  maxQ +0.0172  changes   427  5.9 min | val return -5.36% (best +12.48%)
episode 441/1013  eps 0.018  train return  +15.42%  loss 4.77e-05  maxQ +0.0186  changes   434  5.9 min
episode 442/1013  eps 0.018  train return   -4.36%  loss 4.34e-05  maxQ +0.0178  changes   451  5.9 min
episode 443/1013  eps 0.018  train return +163.04%  loss 4.60e-05  maxQ +0.0184  changes   496  5.9 min
episode 444/1013  eps 0.017  train return  +22.22%  loss 4.79e-05  maxQ +0.0173  changes   450  5.9 min
episode 445/1013  eps 0.017  train return +163.09%  loss 5.02e-05  maxQ +0.0178  changes   503  5.9 min
episode 446/1013  eps 0.017  train return  +91.20%  loss 4.81e-05  maxQ +0.0175  changes   512  6.0 min
episode 447/1013  eps 0.017  train return  +92.03%  loss 4.81e-05  maxQ +0.0185  changes   503  6.0 min
episode 448/1013  eps 0.017  train return  +39.95%  loss 4.81e-05  maxQ +0.0187  changes   481  6.0 min
episode 449/1013  eps 0.017  train return   +9.16%  loss 4.58e-05  maxQ +0.0184  changes   445  6.0 min
episode 450/1013  eps 0.016  train return +174.20%  loss 5.25e-05  maxQ +0.0176  changes   492  6.0 min | val return -8.20% (best +12.48%)
episode 451/1013  eps 0.016  train return  +90.84%  loss 4.95e-05  maxQ +0.0178  changes   476  6.0 min
episode 452/1013  eps 0.016  train return  +23.03%  loss 4.60e-05  maxQ +0.0186  changes   489  6.0 min
episode 453/1013  eps 0.016  train return  +14.90%  loss 4.73e-05  maxQ +0.0177  changes   432  6.1 min
episode 454/1013  eps 0.016  train return +291.91%  loss 4.66e-05  maxQ +0.0184  changes   507  6.1 min
episode 455/1013  eps 0.016  train return  +11.60%  loss 4.58e-05  maxQ +0.0172  changes   495  6.1 min
episode 456/1013  eps 0.016  train return  +95.96%  loss 4.67e-05  maxQ +0.0184  changes   498  6.1 min
episode 457/1013  eps 0.015  train return +152.22%  loss 4.97e-05  maxQ +0.0180  changes   531  6.1 min
episode 458/1013  eps 0.015  train return +143.21%  loss 4.99e-05  maxQ +0.0180  changes   491  6.1 min
episode 459/1013  eps 0.015  train return +177.98%  loss 4.90e-05  maxQ +0.0191  changes   494  6.1 min
episode 460/1013  eps 0.015  train return +107.24%  loss 5.27e-05  maxQ +0.0185  changes   501  6.2 min | val return -8.91% (best +12.48%)
episode 461/1013  eps 0.015  train return +246.15%  loss 5.09e-05  maxQ +0.0188  changes   506  6.2 min
episode 462/1013  eps 0.015  train return +248.37%  loss 5.17e-05  maxQ +0.0190  changes   503  6.2 min
episode 463/1013  eps 0.015  train return +279.26%  loss 4.99e-05  maxQ +0.0190  changes   483  6.2 min
episode 464/1013  eps 0.015  train return   +0.22%  loss 5.31e-05  maxQ +0.0191  changes   457  6.2 min
episode 465/1013  eps 0.014  train return +127.34%  loss 5.45e-05  maxQ +0.0193  changes   505  6.2 min
episode 466/1013  eps 0.014  train return +233.25%  loss 4.85e-05  maxQ +0.0194  changes   491  6.2 min
episode 467/1013  eps 0.014  train return  +92.90%  loss 4.92e-05  maxQ +0.0190  changes   497  6.3 min
episode 468/1013  eps 0.014  train return +102.74%  loss 4.91e-05  maxQ +0.0190  changes   496  6.3 min
episode 469/1013  eps 0.014  train return  +75.32%  loss 5.14e-05  maxQ +0.0194  changes   480  6.3 min
episode 470/1013  eps 0.014  train return  +46.10%  loss 5.41e-05  maxQ +0.0203  changes   480  6.3 min | val return -22.02% (best +12.48%)
episode 471/1013  eps 0.014  train return +107.39%  loss 6.32e-05  maxQ +0.0220  changes   518  6.3 min
episode 472/1013  eps 0.013  train return  +15.79%  loss 5.66e-05  maxQ +0.0205  changes   493  6.3 min
episode 473/1013  eps 0.013  train return  +21.94%  loss 5.00e-05  maxQ +0.0205  changes   517  6.3 min
episode 474/1013  eps 0.013  train return +150.00%  loss 4.78e-05  maxQ +0.0197  changes   494  6.4 min
episode 475/1013  eps 0.013  train return  +96.14%  loss 5.02e-05  maxQ +0.0200  changes   500  6.4 min
episode 476/1013  eps 0.013  train return   -0.00%  loss 5.26e-05  maxQ +0.0200  changes   478  6.4 min
episode 477/1013  eps 0.013  train return  +47.28%  loss 5.04e-05  maxQ +0.0202  changes   485  6.4 min
episode 478/1013  eps 0.013  train return  +30.90%  loss 5.13e-05  maxQ +0.0210  changes   445  6.4 min
episode 479/1013  eps 0.013  train return +103.47%  loss 5.31e-05  maxQ +0.0205  changes   455  6.4 min
episode 480/1013  eps 0.013  train return  +68.33%  loss 4.54e-05  maxQ +0.0199  changes   460  6.4 min | val return -12.37% (best +12.48%)
episode 481/1013  eps 0.012  train return  +23.20%  loss 4.51e-05  maxQ +0.0191  changes   411  6.5 min
episode 482/1013  eps 0.012  train return +110.26%  loss 4.86e-05  maxQ +0.0192  changes   497  6.5 min
episode 483/1013  eps 0.012  train return  +20.41%  loss 4.75e-05  maxQ +0.0192  changes   467  6.5 min
episode 484/1013  eps 0.012  train return +104.36%  loss 5.28e-05  maxQ +0.0193  changes   494  6.5 min
episode 485/1013  eps 0.012  train return  +21.67%  loss 4.63e-05  maxQ +0.0188  changes   446  6.5 min
episode 486/1013  eps 0.012  train return  +66.02%  loss 5.14e-05  maxQ +0.0194  changes   478  6.5 min
episode 487/1013  eps 0.012  train return  +26.35%  loss 5.73e-05  maxQ +0.0192  changes   486  6.5 min
episode 488/1013  eps 0.012  train return  +46.64%  loss 5.16e-05  maxQ +0.0194  changes   456  6.5 min
episode 489/1013  eps 0.012  train return   +7.93%  loss 5.12e-05  maxQ +0.0193  changes   455  6.6 min
episode 490/1013  eps 0.011  train return  +19.64%  loss 4.83e-05  maxQ +0.0190  changes   459  6.6 min | val return -3.62% (best +12.48%)
episode 491/1013  eps 0.011  train return +192.69%  loss 4.49e-05  maxQ +0.0180  changes   493  6.6 min
episode 492/1013  eps 0.011  train return  +90.33%  loss 4.87e-05  maxQ +0.0183  changes   521  6.6 min
episode 493/1013  eps 0.011  train return +246.93%  loss 5.24e-05  maxQ +0.0179  changes   494  6.6 min
episode 494/1013  eps 0.011  train return  +85.07%  loss 4.76e-05  maxQ +0.0175  changes   524  6.6 min
episode 495/1013  eps 0.011  train return  +93.70%  loss 4.78e-05  maxQ +0.0182  changes   515  6.6 min
episode 496/1013  eps 0.011  train return +110.27%  loss 5.17e-05  maxQ +0.0187  changes   528  6.7 min
episode 497/1013  eps 0.011  train return +271.98%  loss 4.92e-05  maxQ +0.0180  changes   512  6.7 min
episode 498/1013  eps 0.011  train return  +13.57%  loss 5.09e-05  maxQ +0.0188  changes   494  6.7 min
episode 499/1013  eps 0.011  train return +208.39%  loss 4.95e-05  maxQ +0.0180  changes   517  6.7 min
episode 500/1013  eps 0.010  train return +134.09%  loss 5.59e-05  maxQ +0.0193  changes   537  6.7 min | val return -8.02% (best +12.48%)
episode 501/1013  eps 0.010  train return +162.62%  loss 5.21e-05  maxQ +0.0198  changes   498  6.7 min
episode 502/1013  eps 0.010  train return +140.13%  loss 4.72e-05  maxQ +0.0187  changes   465  6.7 min
episode 503/1013  eps 0.010  train return  +19.34%  loss 4.67e-05  maxQ +0.0188  changes   481  6.8 min
episode 504/1013  eps 0.010  train return  +13.57%  loss 4.92e-05  maxQ +0.0181  changes   443  6.8 min
episode 505/1013  eps 0.010  train return  +24.09%  loss 4.75e-05  maxQ +0.0191  changes   442  6.8 min
episode 506/1013  eps 0.010  train return +111.10%  loss 5.15e-05  maxQ +0.0187  changes   509  6.8 min
episode 507/1013  eps 0.010  train return  +88.09%  loss 5.34e-05  maxQ +0.0188  changes   510  6.8 min
episode 508/1013  eps 0.010  train return  +42.50%  loss 5.05e-05  maxQ +0.0187  changes   474  6.8 min
episode 509/1013  eps 0.010  train return  +13.26%  loss 4.49e-05  maxQ +0.0185  changes   468  6.8 min
episode 510/1013  eps 0.010  train return  +43.43%  loss 4.43e-05  maxQ +0.0185  changes   453  6.8 min | val return -18.96% (best +12.48%)
episode 511/1013  eps 0.010  train return +302.09%  loss 4.78e-05  maxQ +0.0185  changes   473  6.9 min
episode 512/1013  eps 0.010  train return +106.74%  loss 4.76e-05  maxQ +0.0186  changes   519  6.9 min
episode 513/1013  eps 0.010  train return   +9.05%  loss 5.09e-05  maxQ +0.0188  changes   450  6.9 min
episode 514/1013  eps 0.010  train return  +19.59%  loss 5.03e-05  maxQ +0.0194  changes   483  6.9 min
episode 515/1013  eps 0.010  train return  +58.63%  loss 4.72e-05  maxQ +0.0188  changes   463  6.9 min
episode 516/1013  eps 0.010  train return  +88.05%  loss 4.48e-05  maxQ +0.0190  changes   489  6.9 min
episode 517/1013  eps 0.010  train return  +27.00%  loss 4.97e-05  maxQ +0.0197  changes   466  6.9 min
episode 518/1013  eps 0.010  train return +104.87%  loss 5.27e-05  maxQ +0.0194  changes   521  7.0 min
episode 519/1013  eps 0.010  train return  +74.65%  loss 4.89e-05  maxQ +0.0193  changes   485  7.0 min
episode 520/1013  eps 0.010  train return +240.03%  loss 4.88e-05  maxQ +0.0195  changes   507  7.0 min | val return -23.63% (best +12.48%)
episode 521/1013  eps 0.010  train return +116.93%  loss 4.64e-05  maxQ +0.0201  changes   493  7.0 min
episode 522/1013  eps 0.010  train return   +1.60%  loss 4.99e-05  maxQ +0.0192  changes   434  7.0 min
episode 523/1013  eps 0.010  train return  +12.57%  loss 4.97e-05  maxQ +0.0194  changes   460  7.0 min
episode 524/1013  eps 0.010  train return +404.73%  loss 5.20e-05  maxQ +0.0192  changes   518  7.0 min
episode 525/1013  eps 0.010  train return +129.63%  loss 4.79e-05  maxQ +0.0192  changes   471  7.1 min
episode 526/1013  eps 0.010  train return  +16.76%  loss 5.34e-05  maxQ +0.0187  changes   436  7.1 min
episode 527/1013  eps 0.010  train return  +21.67%  loss 4.86e-05  maxQ +0.0192  changes   418  7.1 min
episode 528/1013  eps 0.010  train return  -20.36%  loss 5.20e-05  maxQ +0.0193  changes   477  7.1 min
episode 529/1013  eps 0.010  train return +104.98%  loss 4.94e-05  maxQ +0.0196  changes   499  7.1 min
episode 530/1013  eps 0.010  train return +142.52%  loss 4.64e-05  maxQ +0.0189  changes   482  7.1 min | val return -17.94% (best +12.48%)
episode 531/1013  eps 0.010  train return +161.19%  loss 4.75e-05  maxQ +0.0187  changes   488  7.1 min
episode 532/1013  eps 0.010  train return  +37.94%  loss 4.66e-05  maxQ +0.0185  changes   465  7.2 min
episode 533/1013  eps 0.010  train return   -5.14%  loss 4.64e-05  maxQ +0.0189  changes   430  7.2 min
episode 534/1013  eps 0.010  train return  +28.02%  loss 4.32e-05  maxQ +0.0183  changes   399  7.2 min
episode 535/1013  eps 0.010  train return  +58.43%  loss 4.19e-05  maxQ +0.0179  changes   507  7.2 min
episode 536/1013  eps 0.010  train return  +19.22%  loss 4.07e-05  maxQ +0.0175  changes   418  7.2 min
episode 537/1013  eps 0.010  train return  +36.96%  loss 4.51e-05  maxQ +0.0178  changes   420  7.2 min
episode 538/1013  eps 0.010  train return +278.90%  loss 4.13e-05  maxQ +0.0180  changes   493  7.2 min
episode 539/1013  eps 0.010  train return  +47.16%  loss 4.43e-05  maxQ +0.0181  changes   442  7.3 min
episode 540/1013  eps 0.010  train return  +75.31%  loss 4.68e-05  maxQ +0.0181  changes   526  7.3 min | val return -15.97% (best +12.48%)
episode 541/1013  eps 0.010  train return +319.51%  loss 4.69e-05  maxQ +0.0182  changes   483  7.3 min
episode 542/1013  eps 0.010  train return +114.70%  loss 4.87e-05  maxQ +0.0194  changes   511  7.3 min
episode 543/1013  eps 0.010  train return  +41.46%  loss 4.68e-05  maxQ +0.0194  changes   467  7.3 min
episode 544/1013  eps 0.010  train return  +98.33%  loss 4.71e-05  maxQ +0.0191  changes   479  7.3 min
episode 545/1013  eps 0.010  train return +151.05%  loss 4.56e-05  maxQ +0.0188  changes   522  7.3 min
episode 546/1013  eps 0.010  train return +104.83%  loss 4.64e-05  maxQ +0.0191  changes   479  7.4 min
episode 547/1013  eps 0.010  train return  +21.82%  loss 4.81e-05  maxQ +0.0192  changes   433  7.4 min
episode 548/1013  eps 0.010  train return +136.68%  loss 5.07e-05  maxQ +0.0194  changes   504  7.4 min
episode 549/1013  eps 0.010  train return  +44.21%  loss 5.09e-05  maxQ +0.0196  changes   464  7.4 min
episode 550/1013  eps 0.010  train return   -0.30%  loss 4.59e-05  maxQ +0.0191  changes   471  7.4 min | val return -22.74% (best +12.48%)
episode 551/1013  eps 0.010  train return +306.53%  loss 5.08e-05  maxQ +0.0195  changes   475  7.4 min
episode 552/1013  eps 0.010  train return  +93.24%  loss 4.80e-05  maxQ +0.0192  changes   491  7.4 min
episode 553/1013  eps 0.010  train return +179.79%  loss 4.64e-05  maxQ +0.0190  changes   501  7.5 min
episode 554/1013  eps 0.010  train return  +46.37%  loss 4.53e-05  maxQ +0.0183  changes   458  7.5 min
episode 555/1013  eps 0.010  train return   +8.60%  loss 4.33e-05  maxQ +0.0180  changes   441  7.5 min
episode 556/1013  eps 0.010  train return   +8.53%  loss 4.87e-05  maxQ +0.0191  changes   424  7.5 min
episode 557/1013  eps 0.010  train return +242.06%  loss 4.86e-05  maxQ +0.0195  changes   495  7.5 min
episode 558/1013  eps 0.010  train return  +49.11%  loss 4.75e-05  maxQ +0.0194  changes   457  7.5 min
episode 559/1013  eps 0.010  train return  +10.78%  loss 5.21e-05  maxQ +0.0198  changes   430  7.5 min
episode 560/1013  eps 0.010  train return  +28.16%  loss 5.07e-05  maxQ +0.0197  changes   419  7.6 min | val return -27.77% (best +12.48%)
episode 561/1013  eps 0.010  train return  +27.19%  loss 4.58e-05  maxQ +0.0196  changes   430  7.6 min
episode 562/1013  eps 0.010  train return   +3.51%  loss 4.51e-05  maxQ +0.0191  changes   449  7.6 min
episode 563/1013  eps 0.010  train return  +27.37%  loss 4.84e-05  maxQ +0.0194  changes   431  7.6 min
episode 564/1013  eps 0.010  train return  +21.59%  loss 4.46e-05  maxQ +0.0184  changes   480  7.6 min
episode 565/1013  eps 0.010  train return +107.76%  loss 4.25e-05  maxQ +0.0184  changes   459  7.6 min
episode 566/1013  eps 0.010  train return  +69.62%  loss 4.17e-05  maxQ +0.0183  changes   499  7.6 min
episode 567/1013  eps 0.010  train return +322.71%  loss 4.20e-05  maxQ +0.0185  changes   478  7.7 min
episode 568/1013  eps 0.010  train return  +46.23%  loss 4.47e-05  maxQ +0.0175  changes   468  7.7 min
episode 569/1013  eps 0.010  train return  +11.72%  loss 4.28e-05  maxQ +0.0171  changes   428  7.7 min
episode 570/1013  eps 0.010  train return   +9.82%  loss 4.62e-05  maxQ +0.0178  changes   469  7.7 min | val return -22.56% (best +12.48%)
episode 571/1013  eps 0.010  train return  +11.17%  loss 4.48e-05  maxQ +0.0185  changes   452  7.7 min
episode 572/1013  eps 0.010  train return +128.19%  loss 4.36e-05  maxQ +0.0177  changes   485  7.7 min
episode 573/1013  eps 0.010  train return  +42.95%  loss 4.14e-05  maxQ +0.0172  changes   444  7.7 min
episode 574/1013  eps 0.010  train return  +41.78%  loss 4.25e-05  maxQ +0.0174  changes   482  7.8 min
episode 575/1013  eps 0.010  train return  +12.76%  loss 4.44e-05  maxQ +0.0182  changes   440  7.8 min
episode 576/1013  eps 0.010  train return  +82.15%  loss 4.40e-05  maxQ +0.0177  changes   467  7.8 min
episode 577/1013  eps 0.010  train return  +34.91%  loss 4.26e-05  maxQ +0.0168  changes   457  7.8 min
episode 578/1013  eps 0.010  train return +124.48%  loss 4.28e-05  maxQ +0.0175  changes   525  7.8 min
episode 579/1013  eps 0.010  train return  +14.20%  loss 4.27e-05  maxQ +0.0173  changes   458  7.8 min
episode 580/1013  eps 0.010  train return  +45.46%  loss 4.33e-05  maxQ +0.0177  changes   458  7.8 min | val return -21.90% (best +12.48%)
episode 581/1013  eps 0.010  train return +180.20%  loss 4.26e-05  maxQ +0.0170  changes   464  7.9 min
episode 582/1013  eps 0.010  train return  +62.83%  loss 4.69e-05  maxQ +0.0179  changes   501  7.9 min
episode 583/1013  eps 0.010  train return +230.28%  loss 4.83e-05  maxQ +0.0176  changes   483  7.9 min
episode 584/1013  eps 0.010  train return  +32.81%  loss 4.97e-05  maxQ +0.0184  changes   436  7.9 min
episode 585/1013  eps 0.010  train return  +39.39%  loss 4.57e-05  maxQ +0.0188  changes   427  7.9 min
episode 586/1013  eps 0.010  train return +281.72%  loss 4.31e-05  maxQ +0.0184  changes   492  7.9 min
episode 587/1013  eps 0.010  train return   +1.52%  loss 4.29e-05  maxQ +0.0180  changes   399  7.9 min
episode 588/1013  eps 0.010  train return   +7.03%  loss 4.46e-05  maxQ +0.0180  changes   457  7.9 min
episode 589/1013  eps 0.010  train return  +15.33%  loss 4.46e-05  maxQ +0.0186  changes   432  8.0 min
episode 590/1013  eps 0.010  train return  +90.49%  loss 4.26e-05  maxQ +0.0190  changes   473  8.0 min | val return -24.21% (best +12.48%)
episode 591/1013  eps 0.010  train return +207.37%  loss 4.22e-05  maxQ +0.0187  changes   504  8.0 min
episode 592/1013  eps 0.010  train return  +53.47%  loss 4.67e-05  maxQ +0.0188  changes   474  8.0 min
episode 593/1013  eps 0.010  train return +220.47%  loss 4.54e-05  maxQ +0.0191  changes   477  8.0 min
episode 594/1013  eps 0.010  train return  +65.29%  loss 4.31e-05  maxQ +0.0188  changes   487  8.0 min
episode 595/1013  eps 0.010  train return  +78.15%  loss 4.53e-05  maxQ +0.0193  changes   474  8.0 min
episode 596/1013  eps 0.010  train return  +92.84%  loss 4.08e-05  maxQ +0.0184  changes   487  8.1 min
episode 597/1013  eps 0.010  train return +136.83%  loss 4.41e-05  maxQ +0.0186  changes   493  8.1 min
episode 598/1013  eps 0.010  train return +310.84%  loss 4.23e-05  maxQ +0.0179  changes   485  8.1 min
episode 599/1013  eps 0.010  train return +196.15%  loss 4.21e-05  maxQ +0.0183  changes   507  8.1 min
episode 600/1013  eps 0.010  train return +172.66%  loss 4.15e-05  maxQ +0.0178  changes   488  8.1 min | val return -21.09% (best +12.48%)
episode 601/1013  eps 0.010  train return  +39.46%  loss 4.07e-05  maxQ +0.0177  changes   454  8.1 min
episode 602/1013  eps 0.010  train return +220.62%  loss 4.31e-05  maxQ +0.0185  changes   470  8.1 min
episode 603/1013  eps 0.010  train return +255.78%  loss 4.67e-05  maxQ +0.0181  changes   490  8.2 min
episode 604/1013  eps 0.010  train return  +42.44%  loss 4.49e-05  maxQ +0.0180  changes   423  8.2 min
episode 605/1013  eps 0.010  train return +153.29%  loss 4.17e-05  maxQ +0.0180  changes   483  8.2 min
episode 606/1013  eps 0.010  train return  +10.70%  loss 4.53e-05  maxQ +0.0173  changes   415  8.2 min
episode 607/1013  eps 0.010  train return +158.71%  loss 4.53e-05  maxQ +0.0172  changes   461  8.2 min
episode 608/1013  eps 0.010  train return  +49.77%  loss 4.76e-05  maxQ +0.0182  changes   465  8.2 min
episode 609/1013  eps 0.010  train return +177.17%  loss 4.22e-05  maxQ +0.0175  changes   465  8.2 min
episode 610/1013  eps 0.010  train return +194.47%  loss 4.59e-05  maxQ +0.0172  changes   508  8.2 min | val return -24.41% (best +12.48%)
episode 611/1013  eps 0.010  train return  +78.81%  loss 4.46e-05  maxQ +0.0180  changes   453  8.3 min
episode 612/1013  eps 0.010  train return  +19.37%  loss 4.04e-05  maxQ +0.0174  changes   424  8.3 min
episode 613/1013  eps 0.010  train return +229.04%  loss 4.33e-05  maxQ +0.0172  changes   508  8.3 min
episode 614/1013  eps 0.010  train return  +49.09%  loss 4.56e-05  maxQ +0.0181  changes   424  8.3 min
episode 615/1013  eps 0.010  train return +552.24%  loss 4.23e-05  maxQ +0.0180  changes   486  8.3 min
episode 616/1013  eps 0.010  train return +130.28%  loss 4.45e-05  maxQ +0.0186  changes   495  8.3 min
episode 617/1013  eps 0.010  train return +156.78%  loss 4.33e-05  maxQ +0.0181  changes   505  8.3 min
episode 618/1013  eps 0.010  train return  +38.77%  loss 3.97e-05  maxQ +0.0176  changes   423  8.4 min
episode 619/1013  eps 0.010  train return  +37.00%  loss 4.26e-05  maxQ +0.0181  changes   475  8.4 min
episode 620/1013  eps 0.010  train return +161.00%  loss 4.45e-05  maxQ +0.0186  changes   495  8.4 min | val return -28.70% (best +12.48%)
episode 621/1013  eps 0.010  train return +166.75%  loss 4.32e-05  maxQ +0.0177  changes   491  8.4 min
episode 622/1013  eps 0.010  train return  +10.19%  loss 4.09e-05  maxQ +0.0171  changes   415  8.4 min
episode 623/1013  eps 0.010  train return  +33.31%  loss 4.18e-05  maxQ +0.0178  changes   465  8.4 min
episode 624/1013  eps 0.010  train return +153.68%  loss 4.16e-05  maxQ +0.0182  changes   490  8.5 min
episode 625/1013  eps 0.010  train return  +66.54%  loss 4.51e-05  maxQ +0.0187  changes   480  8.5 min
episode 626/1013  eps 0.010  train return  +15.81%  loss 4.32e-05  maxQ +0.0186  changes   434  8.5 min
episode 627/1013  eps 0.010  train return  +43.84%  loss 4.41e-05  maxQ +0.0188  changes   475  8.5 min
episode 628/1013  eps 0.010  train return  +49.65%  loss 4.53e-05  maxQ +0.0195  changes   480  8.5 min
episode 629/1013  eps 0.010  train return  +43.48%  loss 4.38e-05  maxQ +0.0185  changes   423  8.5 min
episode 630/1013  eps 0.010  train return  +75.45%  loss 4.11e-05  maxQ +0.0187  changes   487  8.5 min | val return -32.41% (best +12.48%)
episode 631/1013  eps 0.010  train return +320.95%  loss 4.25e-05  maxQ +0.0190  changes   517  8.6 min
episode 632/1013  eps 0.010  train return  +26.31%  loss 4.26e-05  maxQ +0.0190  changes   455  8.6 min
episode 633/1013  eps 0.010  train return  +22.85%  loss 4.15e-05  maxQ +0.0187  changes   461  8.6 min
episode 634/1013  eps 0.010  train return +318.87%  loss 4.03e-05  maxQ +0.0186  changes   510  8.6 min
episode 635/1013  eps 0.010  train return  +85.45%  loss 4.47e-05  maxQ +0.0182  changes   505  8.6 min
episode 636/1013  eps 0.010  train return  +93.89%  loss 4.16e-05  maxQ +0.0184  changes   481  8.6 min
episode 637/1013  eps 0.010  train return +140.84%  loss 4.33e-05  maxQ +0.0181  changes   503  8.6 min
episode 638/1013  eps 0.010  train return  +67.48%  loss 4.32e-05  maxQ +0.0186  changes   442  8.6 min
episode 639/1013  eps 0.010  train return +154.21%  loss 3.92e-05  maxQ +0.0190  changes   467  8.7 min
episode 640/1013  eps 0.010  train return +100.54%  loss 4.39e-05  maxQ +0.0191  changes   473  8.7 min | val return -23.39% (best +12.48%)
episode 641/1013  eps 0.010  train return  +12.07%  loss 4.61e-05  maxQ +0.0185  changes   426  8.7 min
episode 642/1013  eps 0.010  train return  +53.54%  loss 4.61e-05  maxQ +0.0189  changes   433  8.7 min
episode 643/1013  eps 0.010  train return  +10.88%  loss 4.17e-05  maxQ +0.0185  changes   461  8.7 min
episode 644/1013  eps 0.010  train return  +24.80%  loss 4.08e-05  maxQ +0.0182  changes   458  8.7 min
episode 645/1013  eps 0.010  train return   +9.17%  loss 4.14e-05  maxQ +0.0179  changes   462  8.7 min
episode 646/1013  eps 0.010  train return +225.33%  loss 4.16e-05  maxQ +0.0177  changes   474  8.8 min
episode 647/1013  eps 0.010  train return  +26.95%  loss 4.39e-05  maxQ +0.0185  changes   452  8.8 min
episode 648/1013  eps 0.010  train return +100.69%  loss 4.51e-05  maxQ +0.0186  changes   494  8.8 min
episode 649/1013  eps 0.010  train return +351.18%  loss 4.51e-05  maxQ +0.0185  changes   503  8.8 min
episode 650/1013  eps 0.010  train return +325.19%  loss 4.49e-05  maxQ +0.0191  changes   506  8.8 min | val return -16.06% (best +12.48%)
episode 651/1013  eps 0.010  train return  +21.11%  loss 4.63e-05  maxQ +0.0194  changes   446  8.8 min
episode 652/1013  eps 0.010  train return +268.84%  loss 4.87e-05  maxQ +0.0196  changes   489  8.8 min
episode 653/1013  eps 0.010  train return  +28.22%  loss 4.62e-05  maxQ +0.0197  changes   465  8.9 min
episode 654/1013  eps 0.010  train return  +30.77%  loss 4.56e-05  maxQ +0.0193  changes   472  8.9 min
episode 655/1013  eps 0.010  train return +207.98%  loss 4.49e-05  maxQ +0.0199  changes   498  8.9 min
episode 656/1013  eps 0.010  train return  +32.97%  loss 4.60e-05  maxQ +0.0201  changes   482  8.9 min
episode 657/1013  eps 0.010  train return +581.62%  loss 4.39e-05  maxQ +0.0201  changes   495  8.9 min
episode 658/1013  eps 0.010  train return  +12.04%  loss 4.66e-05  maxQ +0.0191  changes   444  8.9 min
episode 659/1013  eps 0.010  train return +142.46%  loss 4.67e-05  maxQ +0.0193  changes   502  8.9 min
episode 660/1013  eps 0.010  train return  +85.76%  loss 4.88e-05  maxQ +0.0198  changes   492  9.0 min | val return -20.41% (best +12.48%)
episode 661/1013  eps 0.010  train return +181.97%  loss 4.66e-05  maxQ +0.0196  changes   477  9.0 min
episode 662/1013  eps 0.010  train return  +24.77%  loss 4.74e-05  maxQ +0.0199  changes   428  9.0 min
episode 663/1013  eps 0.010  train return +147.01%  loss 4.43e-05  maxQ +0.0199  changes   514  9.0 min
episode 664/1013  eps 0.010  train return  +91.60%  loss 4.84e-05  maxQ +0.0202  changes   509  9.0 min
episode 665/1013  eps 0.010  train return  +99.80%  loss 4.87e-05  maxQ +0.0204  changes   511  9.0 min
episode 666/1013  eps 0.010  train return  +42.14%  loss 4.90e-05  maxQ +0.0199  changes   471  9.0 min
episode 667/1013  eps 0.010  train return +112.86%  loss 5.19e-05  maxQ +0.0207  changes   484  9.1 min
episode 668/1013  eps 0.010  train return +388.43%  loss 4.95e-05  maxQ +0.0204  changes   516  9.1 min
episode 669/1013  eps 0.010  train return  +28.81%  loss 4.60e-05  maxQ +0.0194  changes   431  9.1 min
episode 670/1013  eps 0.010  train return +108.28%  loss 4.39e-05  maxQ +0.0192  changes   515  9.1 min | val return -14.97% (best +12.48%)
episode 671/1013  eps 0.010  train return  +49.13%  loss 4.55e-05  maxQ +0.0189  changes   459  9.1 min
episode 672/1013  eps 0.010  train return +120.03%  loss 4.59e-05  maxQ +0.0181  changes   483  9.1 min
episode 673/1013  eps 0.010  train return  +58.89%  loss 4.67e-05  maxQ +0.0189  changes   475  9.1 min
episode 674/1013  eps 0.010  train return  +38.08%  loss 4.40e-05  maxQ +0.0187  changes   450  9.2 min
episode 675/1013  eps 0.010  train return  +34.37%  loss 4.32e-05  maxQ +0.0189  changes   460  9.2 min
episode 676/1013  eps 0.010  train return  +50.67%  loss 4.36e-05  maxQ +0.0194  changes   457  9.2 min
episode 677/1013  eps 0.010  train return  +45.72%  loss 4.65e-05  maxQ +0.0193  changes   497  9.2 min
episode 678/1013  eps 0.010  train return +121.61%  loss 4.51e-05  maxQ +0.0190  changes   505  9.2 min
episode 679/1013  eps 0.010  train return  +31.75%  loss 4.59e-05  maxQ +0.0189  changes   482  9.2 min
episode 680/1013  eps 0.010  train return  +13.52%  loss 4.18e-05  maxQ +0.0189  changes   428  9.2 min | val return -25.81% (best +12.48%)
episode 681/1013  eps 0.010  train return   +1.09%  loss 4.28e-05  maxQ +0.0190  changes   454  9.3 min
episode 682/1013  eps 0.010  train return +303.87%  loss 4.02e-05  maxQ +0.0189  changes   520  9.3 min
episode 683/1013  eps 0.010  train return  +33.42%  loss 4.31e-05  maxQ +0.0191  changes   481  9.3 min
episode 684/1013  eps 0.010  train return +126.92%  loss 4.85e-05  maxQ +0.0190  changes   490  9.3 min
episode 685/1013  eps 0.010  train return  +33.59%  loss 4.39e-05  maxQ +0.0193  changes   469  9.3 min
episode 686/1013  eps 0.010  train return +124.24%  loss 4.87e-05  maxQ +0.0185  changes   503  9.3 min
episode 687/1013  eps 0.010  train return  +31.59%  loss 4.46e-05  maxQ +0.0186  changes   452  9.3 min
episode 688/1013  eps 0.010  train return +483.32%  loss 4.51e-05  maxQ +0.0184  changes   522  9.3 min
episode 689/1013  eps 0.010  train return  +10.73%  loss 4.37e-05  maxQ +0.0182  changes   475  9.4 min
episode 690/1013  eps 0.010  train return +337.86%  loss 4.40e-05  maxQ +0.0184  changes   515  9.4 min | val return -18.23% (best +12.48%)
episode 691/1013  eps 0.010  train return  +69.51%  loss 4.82e-05  maxQ +0.0184  changes   478  9.4 min
episode 692/1013  eps 0.010  train return  +20.52%  loss 4.52e-05  maxQ +0.0179  changes   458  9.4 min
episode 693/1013  eps 0.010  train return  +25.58%  loss 4.34e-05  maxQ +0.0187  changes   457  9.4 min
episode 694/1013  eps 0.010  train return +119.13%  loss 4.31e-05  maxQ +0.0181  changes   494  9.4 min
episode 695/1013  eps 0.010  train return +136.77%  loss 4.08e-05  maxQ +0.0189  changes   505  9.4 min
episode 696/1013  eps 0.010  train return  +31.06%  loss 4.44e-05  maxQ +0.0188  changes   450  9.5 min
episode 697/1013  eps 0.010  train return   -2.95%  loss 4.20e-05  maxQ +0.0195  changes   455  9.5 min
episode 698/1013  eps 0.010  train return +108.85%  loss 4.06e-05  maxQ +0.0191  changes   517  9.5 min
episode 699/1013  eps 0.010  train return +148.94%  loss 4.25e-05  maxQ +0.0186  changes   485  9.5 min
episode 700/1013  eps 0.010  train return  +48.80%  loss 4.26e-05  maxQ +0.0182  changes   487  9.5 min | val return -15.83% (best +12.48%)
episode 701/1013  eps 0.010  train return   -0.41%  loss 4.30e-05  maxQ +0.0185  changes   478  9.5 min
episode 702/1013  eps 0.010  train return +260.89%  loss 4.35e-05  maxQ +0.0181  changes   501  9.5 min
episode 703/1013  eps 0.010  train return  +47.98%  loss 4.51e-05  maxQ +0.0187  changes   431  9.6 min
episode 704/1013  eps 0.010  train return +366.61%  loss 4.20e-05  maxQ +0.0178  changes   497  9.6 min
episode 705/1013  eps 0.010  train return  +21.55%  loss 4.09e-05  maxQ +0.0180  changes   475  9.6 min
episode 706/1013  eps 0.010  train return  +40.52%  loss 4.29e-05  maxQ +0.0182  changes   520  9.6 min
episode 707/1013  eps 0.010  train return  +11.96%  loss 4.08e-05  maxQ +0.0178  changes   452  9.6 min
episode 708/1013  eps 0.010  train return  +31.15%  loss 4.29e-05  maxQ +0.0177  changes   489  9.6 min
episode 709/1013  eps 0.010  train return +353.92%  loss 3.93e-05  maxQ +0.0184  changes   487  9.6 min
episode 710/1013  eps 0.010  train return  +20.49%  loss 4.43e-05  maxQ +0.0186  changes   456  9.7 min | val return -8.93% (best +12.48%)
episode 711/1013  eps 0.010  train return +337.58%  loss 4.16e-05  maxQ +0.0188  changes   498  9.7 min
episode 712/1013  eps 0.010  train return  +35.10%  loss 4.12e-05  maxQ +0.0182  changes   497  9.7 min
episode 713/1013  eps 0.010  train return  +31.33%  loss 4.22e-05  maxQ +0.0180  changes   488  9.7 min
episode 714/1013  eps 0.010  train return  +78.49%  loss 3.93e-05  maxQ +0.0181  changes   517  9.7 min
episode 715/1013  eps 0.010  train return +113.10%  loss 4.01e-05  maxQ +0.0184  changes   503  9.7 min
episode 716/1013  eps 0.010  train return +303.69%  loss 4.24e-05  maxQ +0.0180  changes   508  9.7 min
episode 717/1013  eps 0.010  train return +236.00%  loss 4.55e-05  maxQ +0.0184  changes   496  9.8 min
episode 718/1013  eps 0.010  train return  +39.25%  loss 4.44e-05  maxQ +0.0194  changes   473  9.8 min
episode 719/1013  eps 0.010  train return +141.50%  loss 4.70e-05  maxQ +0.0191  changes   514  9.8 min
episode 720/1013  eps 0.010  train return  +41.89%  loss 4.34e-05  maxQ +0.0190  changes   457  9.8 min | val return -8.49% (best +12.48%)
episode 721/1013  eps 0.010  train return  +43.56%  loss 4.11e-05  maxQ +0.0182  changes   478  9.8 min
episode 722/1013  eps 0.010  train return +416.31%  loss 4.19e-05  maxQ +0.0188  changes   516  9.8 min
episode 723/1013  eps 0.010  train return  +53.18%  loss 4.26e-05  maxQ +0.0191  changes   515  9.8 min
episode 724/1013  eps 0.010  train return +303.99%  loss 3.93e-05  maxQ +0.0180  changes   513  9.9 min
episode 725/1013  eps 0.010  train return  +23.55%  loss 4.32e-05  maxQ +0.0192  changes   460  9.9 min
episode 726/1013  eps 0.010  train return +101.88%  loss 4.15e-05  maxQ +0.0194  changes   499  9.9 min
episode 727/1013  eps 0.010  train return  +17.11%  loss 4.31e-05  maxQ +0.0191  changes   479  9.9 min
episode 728/1013  eps 0.010  train return +142.58%  loss 4.08e-05  maxQ +0.0188  changes   475  9.9 min
episode 729/1013  eps 0.010  train return +261.37%  loss 4.10e-05  maxQ +0.0187  changes   483  9.9 min
episode 730/1013  eps 0.010  train return  +34.01%  loss 4.21e-05  maxQ +0.0180  changes   472  9.9 min | val return -17.99% (best +12.48%)
episode 731/1013  eps 0.010  train return  +14.41%  loss 4.23e-05  maxQ +0.0182  changes   485  10.0 min
episode 732/1013  eps 0.010  train return  +60.02%  loss 3.95e-05  maxQ +0.0178  changes   515  10.0 min
episode 733/1013  eps 0.010  train return  +70.86%  loss 4.11e-05  maxQ +0.0189  changes   516  10.0 min
episode 734/1013  eps 0.010  train return  +62.12%  loss 4.10e-05  maxQ +0.0188  changes   484  10.0 min
episode 735/1013  eps 0.010  train return +892.16%  loss 4.07e-05  maxQ +0.0185  changes   496  10.0 min
episode 736/1013  eps 0.010  train return +118.84%  loss 4.39e-05  maxQ +0.0184  changes   490  10.0 min
episode 737/1013  eps 0.010  train return  +17.64%  loss 3.95e-05  maxQ +0.0184  changes   468  10.0 min
episode 738/1013  eps 0.010  train return  +14.69%  loss 3.92e-05  maxQ +0.0186  changes   462  10.0 min
episode 739/1013  eps 0.010  train return  +23.94%  loss 3.88e-05  maxQ +0.0190  changes   446  10.1 min
episode 740/1013  eps 0.010  train return +208.91%  loss 3.65e-05  maxQ +0.0185  changes   493  10.1 min | val return -14.73% (best +12.48%)
episode 741/1013  eps 0.010  train return  +81.51%  loss 3.97e-05  maxQ +0.0188  changes   489  10.1 min
episode 742/1013  eps 0.010  train return  +56.69%  loss 4.00e-05  maxQ +0.0186  changes   471  10.1 min
episode 743/1013  eps 0.010  train return  +25.39%  loss 3.84e-05  maxQ +0.0190  changes   445  10.1 min
episode 744/1013  eps 0.010  train return  +13.56%  loss 3.83e-05  maxQ +0.0189  changes   499  10.1 min
episode 745/1013  eps 0.010  train return +143.55%  loss 4.17e-05  maxQ +0.0195  changes   481  10.2 min
episode 746/1013  eps 0.010  train return  +32.28%  loss 4.29e-05  maxQ +0.0189  changes   466  10.2 min
episode 747/1013  eps 0.010  train return  +38.47%  loss 3.99e-05  maxQ +0.0186  changes   442  10.2 min
episode 748/1013  eps 0.010  train return +151.12%  loss 4.20e-05  maxQ +0.0194  changes   518  10.2 min
episode 749/1013  eps 0.010  train return +128.00%  loss 4.23e-05  maxQ +0.0192  changes   486  10.2 min
episode 750/1013  eps 0.010  train return +144.23%  loss 4.26e-05  maxQ +0.0190  changes   487  10.2 min | val return -21.63% (best +12.48%)
episode 751/1013  eps 0.010  train return +112.96%  loss 3.86e-05  maxQ +0.0181  changes   492  10.2 min
episode 752/1013  eps 0.010  train return +255.10%  loss 3.97e-05  maxQ +0.0182  changes   477  10.2 min
episode 753/1013  eps 0.010  train return +805.01%  loss 4.39e-05  maxQ +0.0189  changes   506  10.3 min
episode 754/1013  eps 0.010  train return +176.19%  loss 4.43e-05  maxQ +0.0194  changes   510  10.3 min
episode 755/1013  eps 0.010  train return  +10.73%  loss 4.14e-05  maxQ +0.0186  changes   481  10.3 min
episode 756/1013  eps 0.010  train return   +8.45%  loss 4.27e-05  maxQ +0.0183  changes   493  10.3 min
episode 757/1013  eps 0.010  train return  +35.88%  loss 4.20e-05  maxQ +0.0184  changes   470  10.3 min
episode 758/1013  eps 0.010  train return  +12.15%  loss 3.92e-05  maxQ +0.0187  changes   461  10.3 min
episode 759/1013  eps 0.010  train return +157.83%  loss 4.40e-05  maxQ +0.0182  changes   488  10.3 min
episode 760/1013  eps 0.010  train return  +40.88%  loss 4.17e-05  maxQ +0.0179  changes   466  10.4 min | val return -20.73% (best +12.48%)
episode 761/1013  eps 0.010  train return  +47.56%  loss 4.16e-05  maxQ +0.0182  changes   472  10.4 min
episode 762/1013  eps 0.010  train return +584.93%  loss 4.15e-05  maxQ +0.0186  changes   493  10.4 min
episode 763/1013  eps 0.010  train return   +0.55%  loss 4.32e-05  maxQ +0.0179  changes   477  10.4 min
episode 764/1013  eps 0.010  train return  +49.87%  loss 4.08e-05  maxQ +0.0183  changes   502  10.4 min
episode 765/1013  eps 0.010  train return  +44.57%  loss 4.28e-05  maxQ +0.0190  changes   498  10.4 min
episode 766/1013  eps 0.010  train return +105.68%  loss 4.19e-05  maxQ +0.0187  changes   497  10.5 min
episode 767/1013  eps 0.010  train return +113.83%  loss 4.07e-05  maxQ +0.0191  changes   468  10.5 min
episode 768/1013  eps 0.010  train return  +29.46%  loss 4.00e-05  maxQ +0.0180  changes   478  10.5 min
episode 769/1013  eps 0.010  train return  +59.85%  loss 4.19e-05  maxQ +0.0184  changes   478  10.5 min
episode 770/1013  eps 0.010  train return +197.07%  loss 4.23e-05  maxQ +0.0181  changes   528  10.5 min | val return +0.44% (best +12.48%)
episode 771/1013  eps 0.010  train return +108.37%  loss 4.17e-05  maxQ +0.0177  changes   527  10.5 min
episode 772/1013  eps 0.010  train return +196.10%  loss 4.42e-05  maxQ +0.0184  changes   498  10.5 min
episode 773/1013  eps 0.010  train return +157.40%  loss 4.28e-05  maxQ +0.0185  changes   495  10.6 min
episode 774/1013  eps 0.010  train return  +40.69%  loss 4.01e-05  maxQ +0.0189  changes   449  10.6 min
episode 775/1013  eps 0.010  train return +343.79%  loss 4.11e-05  maxQ +0.0185  changes   465  10.6 min
episode 776/1013  eps 0.010  train return   +8.48%  loss 4.08e-05  maxQ +0.0178  changes   442  10.6 min
episode 777/1013  eps 0.010  train return +177.69%  loss 4.23e-05  maxQ +0.0186  changes   494  10.6 min
episode 778/1013  eps 0.010  train return  +82.92%  loss 4.07e-05  maxQ +0.0180  changes   474  10.6 min
episode 779/1013  eps 0.010  train return  +34.05%  loss 4.07e-05  maxQ +0.0187  changes   467  10.6 min
episode 780/1013  eps 0.010  train return +192.54%  loss 4.15e-05  maxQ +0.0188  changes   493  10.6 min | val return -13.08% (best +12.48%)
episode 781/1013  eps 0.010  train return  +54.61%  loss 4.21e-05  maxQ +0.0189  changes   456  10.7 min
episode 782/1013  eps 0.010  train return  +50.92%  loss 4.35e-05  maxQ +0.0197  changes   481  10.7 min
episode 783/1013  eps 0.010  train return  +52.13%  loss 4.23e-05  maxQ +0.0190  changes   500  10.7 min
episode 784/1013  eps 0.010  train return  +30.20%  loss 3.97e-05  maxQ +0.0181  changes   484  10.7 min
episode 785/1013  eps 0.010  train return  +31.97%  loss 4.05e-05  maxQ +0.0190  changes   476  10.7 min
episode 786/1013  eps 0.010  train return  +30.83%  loss 3.91e-05  maxQ +0.0183  changes   470  10.7 min
episode 787/1013  eps 0.010  train return  +37.46%  loss 4.23e-05  maxQ +0.0181  changes   468  10.7 min
episode 788/1013  eps 0.010  train return +343.35%  loss 4.17e-05  maxQ +0.0183  changes   465  10.8 min
episode 789/1013  eps 0.010  train return  +39.92%  loss 3.82e-05  maxQ +0.0185  changes   500  10.8 min
episode 790/1013  eps 0.010  train return +211.00%  loss 4.08e-05  maxQ +0.0187  changes   495  10.8 min | val return -25.83% (best +12.48%)
episode 791/1013  eps 0.010  train return +147.06%  loss 4.30e-05  maxQ +0.0184  changes   489  10.8 min
episode 792/1013  eps 0.010  train return  +68.51%  loss 4.12e-05  maxQ +0.0194  changes   489  10.8 min
episode 793/1013  eps 0.010  train return +755.74%  loss 4.15e-05  maxQ +0.0188  changes   491  10.8 min
episode 794/1013  eps 0.010  train return  +24.01%  loss 4.40e-05  maxQ +0.0190  changes   469  10.9 min
episode 795/1013  eps 0.010  train return  +29.61%  loss 4.24e-05  maxQ +0.0193  changes   482  10.9 min
episode 796/1013  eps 0.010  train return  +75.54%  loss 4.33e-05  maxQ +0.0189  changes   493  10.9 min
episode 797/1013  eps 0.010  train return  +34.79%  loss 4.10e-05  maxQ +0.0186  changes   505  10.9 min
episode 798/1013  eps 0.010  train return +103.15%  loss 4.16e-05  maxQ +0.0186  changes   491  10.9 min
episode 799/1013  eps 0.010  train return  +39.65%  loss 4.35e-05  maxQ +0.0185  changes   478  10.9 min
episode 800/1013  eps 0.010  train return  +49.93%  loss 4.19e-05  maxQ +0.0178  changes   503  10.9 min | val return -10.45% (best +12.48%)
episode 801/1013  eps 0.010  train return  +60.14%  loss 4.33e-05  maxQ +0.0188  changes   490  11.0 min
episode 802/1013  eps 0.010  train return +248.28%  loss 4.25e-05  maxQ +0.0190  changes   525  11.0 min
episode 803/1013  eps 0.010  train return +209.98%  loss 4.32e-05  maxQ +0.0190  changes   501  11.0 min
episode 804/1013  eps 0.010  train return  +86.64%  loss 4.39e-05  maxQ +0.0196  changes   518  11.0 min
episode 805/1013  eps 0.010  train return  +80.92%  loss 4.35e-05  maxQ +0.0194  changes   506  11.0 min
episode 806/1013  eps 0.010  train return  +54.05%  loss 4.06e-05  maxQ +0.0190  changes   479  11.0 min
episode 807/1013  eps 0.010  train return  +88.37%  loss 3.92e-05  maxQ +0.0192  changes   489  11.0 min
episode 808/1013  eps 0.010  train return  +96.29%  loss 4.29e-05  maxQ +0.0192  changes   492  11.0 min
episode 809/1013  eps 0.010  train return   +3.89%  loss 4.13e-05  maxQ +0.0183  changes   452  11.1 min
episode 810/1013  eps 0.010  train return  +51.18%  loss 4.01e-05  maxQ +0.0182  changes   482  11.1 min | val return -12.13% (best +12.48%)
episode 811/1013  eps 0.010  train return  +23.53%  loss 4.08e-05  maxQ +0.0178  changes   435  11.1 min
episode 812/1013  eps 0.010  train return +462.83%  loss 4.30e-05  maxQ +0.0184  changes   503  11.1 min
episode 813/1013  eps 0.010  train return  +43.01%  loss 4.36e-05  maxQ +0.0178  changes   489  11.1 min
episode 814/1013  eps 0.010  train return +324.90%  loss 4.46e-05  maxQ +0.0182  changes   487  11.1 min
episode 815/1013  eps 0.010  train return  +40.03%  loss 4.33e-05  maxQ +0.0183  changes   496  11.2 min
episode 816/1013  eps 0.010  train return  +63.44%  loss 4.45e-05  maxQ +0.0183  changes   515  11.2 min
episode 817/1013  eps 0.010  train return +217.71%  loss 4.41e-05  maxQ +0.0187  changes   501  11.2 min
episode 818/1013  eps 0.010  train return  +48.03%  loss 4.30e-05  maxQ +0.0181  changes   479  11.2 min
episode 819/1013  eps 0.010  train return +390.04%  loss 4.12e-05  maxQ +0.0188  changes   510  11.2 min
episode 820/1013  eps 0.010  train return +379.42%  loss 4.64e-05  maxQ +0.0189  changes   521  11.2 min | val return -7.14% (best +12.48%)
episode 821/1013  eps 0.010  train return +218.78%  loss 4.82e-05  maxQ +0.0185  changes   499  11.2 min
episode 822/1013  eps 0.010  train return +129.23%  loss 4.41e-05  maxQ +0.0191  changes   478  11.3 min
episode 823/1013  eps 0.010  train return  +67.77%  loss 4.49e-05  maxQ +0.0194  changes   457  11.3 min
episode 824/1013  eps 0.010  train return +170.14%  loss 4.24e-05  maxQ +0.0192  changes   485  11.3 min
episode 825/1013  eps 0.010  train return  +10.82%  loss 4.56e-05  maxQ +0.0190  changes   448  11.3 min
episode 826/1013  eps 0.010  train return +185.36%  loss 4.48e-05  maxQ +0.0186  changes   475  11.3 min
episode 827/1013  eps 0.010  train return  +19.08%  loss 4.73e-05  maxQ +0.0183  changes   468  11.3 min
episode 828/1013  eps 0.010  train return  +40.70%  loss 4.32e-05  maxQ +0.0180  changes   487  11.3 min
episode 829/1013  eps 0.010  train return +733.43%  loss 5.13e-05  maxQ +0.0198  changes   471  11.3 min
episode 830/1013  eps 0.010  train return +122.41%  loss 4.48e-05  maxQ +0.0190  changes   480  11.4 min | val return -18.07% (best +12.48%)
episode 831/1013  eps 0.010  train return  +88.06%  loss 4.49e-05  maxQ +0.0189  changes   493  11.4 min
episode 832/1013  eps 0.010  train return +146.05%  loss 4.61e-05  maxQ +0.0190  changes   485  11.4 min
episode 833/1013  eps 0.010  train return +120.66%  loss 4.36e-05  maxQ +0.0181  changes   521  11.4 min
episode 834/1013  eps 0.010  train return +103.67%  loss 4.51e-05  maxQ +0.0183  changes   485  11.4 min
episode 835/1013  eps 0.010  train return  +23.19%  loss 4.49e-05  maxQ +0.0187  changes   490  11.4 min
episode 836/1013  eps 0.010  train return  +14.47%  loss 4.27e-05  maxQ +0.0189  changes   479  11.4 min
episode 837/1013  eps 0.010  train return  +27.22%  loss 4.39e-05  maxQ +0.0178  changes   480  11.5 min
episode 838/1013  eps 0.010  train return  +67.81%  loss 4.20e-05  maxQ +0.0184  changes   489  11.5 min
episode 839/1013  eps 0.010  train return  +61.34%  loss 4.18e-05  maxQ +0.0191  changes   512  11.5 min
episode 840/1013  eps 0.010  train return  +60.07%  loss 4.29e-05  maxQ +0.0191  changes   474  11.5 min | val return -25.49% (best +12.48%)
episode 841/1013  eps 0.010  train return  +45.33%  loss 4.61e-05  maxQ +0.0190  changes   472  11.5 min
episode 842/1013  eps 0.010  train return   +6.68%  loss 4.22e-05  maxQ +0.0188  changes   472  11.5 min
episode 843/1013  eps 0.010  train return  +74.90%  loss 4.54e-05  maxQ +0.0189  changes   490  11.6 min
episode 844/1013  eps 0.010  train return +231.03%  loss 4.47e-05  maxQ +0.0198  changes   494  11.6 min
episode 845/1013  eps 0.010  train return +323.14%  loss 4.45e-05  maxQ +0.0192  changes   483  11.6 min
episode 846/1013  eps 0.010  train return  +31.30%  loss 4.25e-05  maxQ +0.0196  changes   496  11.6 min
episode 847/1013  eps 0.010  train return  +68.69%  loss 4.26e-05  maxQ +0.0184  changes   494  11.6 min
episode 848/1013  eps 0.010  train return  +37.16%  loss 4.26e-05  maxQ +0.0181  changes   443  11.6 min
episode 849/1013  eps 0.010  train return +205.57%  loss 4.29e-05  maxQ +0.0180  changes   512  11.6 min
episode 850/1013  eps 0.010  train return +282.61%  loss 4.42e-05  maxQ +0.0189  changes   505  11.6 min | val return -8.36% (best +12.48%)
episode 851/1013  eps 0.010  train return +134.64%  loss 4.38e-05  maxQ +0.0184  changes   466  11.7 min
episode 852/1013  eps 0.010  train return  +23.59%  loss 4.36e-05  maxQ +0.0184  changes   470  11.7 min
episode 853/1013  eps 0.010  train return  +26.70%  loss 4.35e-05  maxQ +0.0178  changes   465  11.7 min
episode 854/1013  eps 0.010  train return  +22.72%  loss 4.38e-05  maxQ +0.0186  changes   444  11.7 min
episode 855/1013  eps 0.010  train return  +55.32%  loss 4.37e-05  maxQ +0.0186  changes   488  11.7 min
episode 856/1013  eps 0.010  train return  +91.95%  loss 4.15e-05  maxQ +0.0187  changes   488  11.7 min
episode 857/1013  eps 0.010  train return +268.52%  loss 4.63e-05  maxQ +0.0191  changes   461  11.8 min
episode 858/1013  eps 0.010  train return +114.61%  loss 4.76e-05  maxQ +0.0187  changes   484  11.8 min
episode 859/1013  eps 0.010  train return  +27.24%  loss 4.45e-05  maxQ +0.0184  changes   462  11.8 min
episode 860/1013  eps 0.010  train return   +9.58%  loss 4.50e-05  maxQ +0.0178  changes   475  11.8 min | val return -21.42% (best +12.48%)
episode 861/1013  eps 0.010  train return  +44.94%  loss 4.59e-05  maxQ +0.0176  changes   476  11.8 min
episode 862/1013  eps 0.010  train return  +93.02%  loss 4.24e-05  maxQ +0.0179  changes   496  11.8 min
episode 863/1013  eps 0.010  train return  +93.28%  loss 4.07e-05  maxQ +0.0179  changes   504  11.8 min
episode 864/1013  eps 0.010  train return +241.70%  loss 4.18e-05  maxQ +0.0181  changes   484  11.9 min
episode 865/1013  eps 0.010  train return  +22.52%  loss 4.76e-05  maxQ +0.0179  changes   485  11.9 min
episode 866/1013  eps 0.010  train return  +23.57%  loss 4.24e-05  maxQ +0.0179  changes   466  11.9 min
episode 867/1013  eps 0.010  train return  +28.81%  loss 4.56e-05  maxQ +0.0185  changes   471  11.9 min
episode 868/1013  eps 0.010  train return  +50.97%  loss 4.51e-05  maxQ +0.0178  changes   462  11.9 min
episode 869/1013  eps 0.010  train return  +52.22%  loss 4.34e-05  maxQ +0.0184  changes   435  11.9 min
episode 870/1013  eps 0.010  train return  +23.62%  loss 4.32e-05  maxQ +0.0182  changes   430  11.9 min | val return +1.32% (best +12.48%)
episode 871/1013  eps 0.010  train return +247.00%  loss 4.57e-05  maxQ +0.0181  changes   468  12.0 min
episode 872/1013  eps 0.010  train return  +65.89%  loss 4.68e-05  maxQ +0.0186  changes   453  12.0 min
episode 873/1013  eps 0.010  train return +107.25%  loss 4.77e-05  maxQ +0.0191  changes   437  12.0 min
episode 874/1013  eps 0.010  train return  +68.13%  loss 4.68e-05  maxQ +0.0184  changes   486  12.0 min
episode 875/1013  eps 0.010  train return +123.68%  loss 4.40e-05  maxQ +0.0186  changes   476  12.0 min
episode 876/1013  eps 0.010  train return  +47.28%  loss 4.38e-05  maxQ +0.0177  changes   453  12.0 min
episode 877/1013  eps 0.010  train return +117.40%  loss 4.58e-05  maxQ +0.0185  changes   469  12.0 min
episode 878/1013  eps 0.010  train return  +33.33%  loss 4.38e-05  maxQ +0.0187  changes   455  12.0 min
episode 879/1013  eps 0.010  train return +291.84%  loss 4.50e-05  maxQ +0.0185  changes   486  12.1 min
episode 880/1013  eps 0.010  train return +172.55%  loss 4.41e-05  maxQ +0.0194  changes   500  12.1 min | val return -15.27% (best +12.48%)
episode 881/1013  eps 0.010  train return  +37.10%  loss 4.28e-05  maxQ +0.0192  changes   495  12.1 min
episode 882/1013  eps 0.010  train return  +28.19%  loss 4.32e-05  maxQ +0.0187  changes   444  12.1 min
episode 883/1013  eps 0.010  train return +167.99%  loss 4.20e-05  maxQ +0.0190  changes   506  12.1 min
episode 884/1013  eps 0.010  train return   +5.78%  loss 4.36e-05  maxQ +0.0190  changes   467  12.1 min
episode 885/1013  eps 0.010  train return  +10.86%  loss 4.45e-05  maxQ +0.0197  changes   465  12.2 min
episode 886/1013  eps 0.010  train return +101.56%  loss 4.47e-05  maxQ +0.0192  changes   496  12.2 min
episode 887/1013  eps 0.010  train return   -2.32%  loss 4.81e-05  maxQ +0.0196  changes   466  12.2 min
episode 888/1013  eps 0.010  train return  +74.04%  loss 4.78e-05  maxQ +0.0194  changes   478  12.2 min
episode 889/1013  eps 0.010  train return  +46.49%  loss 4.36e-05  maxQ +0.0191  changes   467  12.2 min
episode 890/1013  eps 0.010  train return  +62.29%  loss 4.51e-05  maxQ +0.0189  changes   458  12.2 min | val return -12.08% (best +12.48%)
episode 891/1013  eps 0.010  train return  +64.92%  loss 4.00e-05  maxQ +0.0182  changes   442  12.2 min
episode 892/1013  eps 0.010  train return  +81.26%  loss 4.00e-05  maxQ +0.0182  changes   502  12.3 min
episode 893/1013  eps 0.010  train return  +96.86%  loss 3.96e-05  maxQ +0.0174  changes   456  12.3 min
episode 894/1013  eps 0.010  train return  +86.61%  loss 4.30e-05  maxQ +0.0183  changes   471  12.3 min
episode 895/1013  eps 0.010  train return  +94.13%  loss 4.24e-05  maxQ +0.0171  changes   484  12.3 min
episode 896/1013  eps 0.010  train return +110.05%  loss 4.28e-05  maxQ +0.0185  changes   497  12.3 min
episode 897/1013  eps 0.010  train return  +70.71%  loss 4.38e-05  maxQ +0.0182  changes   441  12.3 min
episode 898/1013  eps 0.010  train return  +18.84%  loss 4.23e-05  maxQ +0.0178  changes   418  12.3 min
episode 899/1013  eps 0.010  train return  +26.96%  loss 4.00e-05  maxQ +0.0174  changes   450  12.4 min
episode 900/1013  eps 0.010  train return  +85.36%  loss 3.85e-05  maxQ +0.0171  changes   496  12.4 min | val return -13.34% (best +12.48%)
episode 901/1013  eps 0.010  train return  -17.60%  loss 3.74e-05  maxQ +0.0180  changes   403  12.4 min
episode 902/1013  eps 0.010  train return +160.48%  loss 3.78e-05  maxQ +0.0176  changes   510  12.4 min
episode 903/1013  eps 0.010  train return +115.44%  loss 3.85e-05  maxQ +0.0172  changes   485  12.4 min
episode 904/1013  eps 0.010  train return  +98.34%  loss 3.92e-05  maxQ +0.0176  changes   462  12.4 min
episode 905/1013  eps 0.010  train return +141.06%  loss 4.05e-05  maxQ +0.0178  changes   459  12.4 min
episode 906/1013  eps 0.010  train return  +53.08%  loss 4.04e-05  maxQ +0.0181  changes   460  12.5 min
episode 907/1013  eps 0.010  train return +119.94%  loss 4.11e-05  maxQ +0.0178  changes   484  12.5 min
episode 908/1013  eps 0.010  train return   +7.46%  loss 3.88e-05  maxQ +0.0178  changes   461  12.5 min
episode 909/1013  eps 0.010  train return +294.69%  loss 3.96e-05  maxQ +0.0176  changes   482  12.5 min
episode 910/1013  eps 0.010  train return +150.30%  loss 4.17e-05  maxQ +0.0180  changes   459  12.5 min | val return -13.61% (best +12.48%)
episode 911/1013  eps 0.010  train return  +20.04%  loss 4.10e-05  maxQ +0.0175  changes   442  12.5 min
episode 912/1013  eps 0.010  train return +132.21%  loss 3.88e-05  maxQ +0.0175  changes   455  12.5 min
episode 913/1013  eps 0.010  train return  -18.47%  loss 4.04e-05  maxQ +0.0171  changes   460  12.6 min
episode 914/1013  eps 0.010  train return  +32.60%  loss 4.03e-05  maxQ +0.0173  changes   477  12.6 min
episode 915/1013  eps 0.010  train return  +86.83%  loss 3.85e-05  maxQ +0.0175  changes   484  12.6 min
episode 916/1013  eps 0.010  train return  +80.21%  loss 3.94e-05  maxQ +0.0175  changes   469  12.6 min
episode 917/1013  eps 0.010  train return  +65.85%  loss 3.97e-05  maxQ +0.0180  changes   457  12.6 min
episode 918/1013  eps 0.010  train return  +97.52%  loss 4.15e-05  maxQ +0.0188  changes   504  12.6 min
episode 919/1013  eps 0.010  train return +127.84%  loss 3.83e-05  maxQ +0.0182  changes   470  12.6 min
episode 920/1013  eps 0.010  train return  +36.02%  loss 3.81e-05  maxQ +0.0181  changes   449  12.6 min | val return -12.76% (best +12.48%)
episode 921/1013  eps 0.010  train return  +37.70%  loss 3.70e-05  maxQ +0.0176  changes   477  12.7 min
episode 922/1013  eps 0.010  train return +115.66%  loss 3.71e-05  maxQ +0.0173  changes   461  12.7 min
episode 923/1013  eps 0.010  train return  +46.39%  loss 3.42e-05  maxQ +0.0171  changes   431  12.7 min
episode 924/1013  eps 0.010  train return  +28.45%  loss 3.89e-05  maxQ +0.0176  changes   452  12.7 min
episode 925/1013  eps 0.010  train return  +75.33%  loss 3.55e-05  maxQ +0.0168  changes   457  12.7 min
episode 926/1013  eps 0.010  train return  +41.41%  loss 3.51e-05  maxQ +0.0167  changes   477  12.7 min
episode 927/1013  eps 0.010  train return  +81.86%  loss 3.46e-05  maxQ +0.0170  changes   462  12.7 min
episode 928/1013  eps 0.010  train return +135.09%  loss 3.69e-05  maxQ +0.0163  changes   477  12.8 min
episode 929/1013  eps 0.010  train return +126.64%  loss 3.65e-05  maxQ +0.0161  changes   455  12.8 min
episode 930/1013  eps 0.010  train return  +44.44%  loss 3.63e-05  maxQ +0.0169  changes   432  12.8 min | val return +0.55% (best +12.48%)
episode 931/1013  eps 0.010  train return +213.82%  loss 3.78e-05  maxQ +0.0174  changes   457  12.8 min
episode 932/1013  eps 0.010  train return  +93.60%  loss 3.71e-05  maxQ +0.0178  changes   446  12.8 min
episode 933/1013  eps 0.010  train return  +48.85%  loss 3.83e-05  maxQ +0.0175  changes   453  12.8 min
episode 934/1013  eps 0.010  train return  +58.33%  loss 3.63e-05  maxQ +0.0171  changes   486  12.8 min
episode 935/1013  eps 0.010  train return +157.38%  loss 3.36e-05  maxQ +0.0177  changes   458  12.9 min
episode 936/1013  eps 0.010  train return  +15.15%  loss 3.63e-05  maxQ +0.0167  changes   451  12.9 min
episode 937/1013  eps 0.010  train return  +31.05%  loss 3.85e-05  maxQ +0.0174  changes   443  12.9 min
episode 938/1013  eps 0.010  train return  +28.06%  loss 3.53e-05  maxQ +0.0168  changes   449  12.9 min
episode 939/1013  eps 0.010  train return  +30.58%  loss 3.61e-05  maxQ +0.0171  changes   470  12.9 min
episode 940/1013  eps 0.010  train return  +18.95%  loss 3.27e-05  maxQ +0.0166  changes   446  12.9 min | val return -7.12% (best +12.48%)
episode 941/1013  eps 0.010  train return  +75.93%  loss 3.80e-05  maxQ +0.0182  changes   450  13.0 min
episode 942/1013  eps 0.010  train return  +54.30%  loss 3.84e-05  maxQ +0.0177  changes   454  13.0 min
episode 943/1013  eps 0.010  train return  +20.79%  loss 3.67e-05  maxQ +0.0175  changes   461  13.0 min
episode 944/1013  eps 0.010  train return  +54.41%  loss 3.66e-05  maxQ +0.0171  changes   466  13.0 min
episode 945/1013  eps 0.010  train return  +22.43%  loss 3.64e-05  maxQ +0.0168  changes   448  13.0 min
episode 946/1013  eps 0.010  train return +183.56%  loss 3.78e-05  maxQ +0.0177  changes   468  13.0 min
episode 947/1013  eps 0.010  train return  +40.30%  loss 3.94e-05  maxQ +0.0176  changes   445  13.0 min
episode 948/1013  eps 0.010  train return  +10.09%  loss 3.80e-05  maxQ +0.0178  changes   419  13.0 min
episode 949/1013  eps 0.010  train return +143.81%  loss 3.51e-05  maxQ +0.0175  changes   476  13.1 min
episode 950/1013  eps 0.010  train return +154.75%  loss 3.53e-05  maxQ +0.0172  changes   499  13.1 min | val return -13.05% (best +12.48%)
episode 951/1013  eps 0.010  train return  +99.62%  loss 3.51e-05  maxQ +0.0167  changes   483  13.1 min
episode 952/1013  eps 0.010  train return +157.41%  loss 3.60e-05  maxQ +0.0165  changes   489  13.1 min
episode 953/1013  eps 0.010  train return  +63.35%  loss 3.40e-05  maxQ +0.0165  changes   435  13.1 min
episode 954/1013  eps 0.010  train return +103.12%  loss 3.61e-05  maxQ +0.0161  changes   438  13.1 min
episode 955/1013  eps 0.010  train return +209.23%  loss 3.50e-05  maxQ +0.0160  changes   486  13.1 min
episode 956/1013  eps 0.010  train return   +1.25%  loss 3.42e-05  maxQ +0.0164  changes   427  13.2 min
episode 957/1013  eps 0.010  train return  +30.39%  loss 3.47e-05  maxQ +0.0165  changes   433  13.2 min
episode 958/1013  eps 0.010  train return +174.89%  loss 3.55e-05  maxQ +0.0166  changes   488  13.2 min
episode 959/1013  eps 0.010  train return  +78.24%  loss 3.43e-05  maxQ +0.0161  changes   455  13.2 min
episode 960/1013  eps 0.010  train return +143.77%  loss 3.65e-05  maxQ +0.0162  changes   474  13.2 min | val return -17.60% (best +12.48%)
episode 961/1013  eps 0.010  train return +134.29%  loss 3.73e-05  maxQ +0.0166  changes   480  13.2 min
episode 962/1013  eps 0.010  train return  +25.77%  loss 3.64e-05  maxQ +0.0166  changes   435  13.3 min
episode 963/1013  eps 0.010  train return  +24.38%  loss 3.39e-05  maxQ +0.0165  changes   428  13.3 min
episode 964/1013  eps 0.010  train return +108.10%  loss 3.53e-05  maxQ +0.0167  changes   465  13.3 min
episode 965/1013  eps 0.010  train return +125.48%  loss 3.64e-05  maxQ +0.0171  changes   461  13.3 min
episode 966/1013  eps 0.010  train return +129.57%  loss 3.51e-05  maxQ +0.0169  changes   488  13.3 min
episode 967/1013  eps 0.010  train return  +29.95%  loss 3.64e-05  maxQ +0.0166  changes   460  13.3 min
episode 968/1013  eps 0.010  train return +104.32%  loss 3.70e-05  maxQ +0.0164  changes   451  13.3 min
episode 969/1013  eps 0.010  train return  +13.77%  loss 3.66e-05  maxQ +0.0168  changes   451  13.4 min
episode 970/1013  eps 0.010  train return +131.32%  loss 3.50e-05  maxQ +0.0162  changes   469  13.4 min | val return -12.86% (best +12.48%)
episode 971/1013  eps 0.010  train return  +22.43%  loss 3.55e-05  maxQ +0.0165  changes   444  13.4 min
episode 972/1013  eps 0.010  train return +131.25%  loss 3.49e-05  maxQ +0.0165  changes   468  13.4 min
episode 973/1013  eps 0.010  train return +235.93%  loss 3.28e-05  maxQ +0.0159  changes   464  13.4 min
episode 974/1013  eps 0.010  train return +176.97%  loss 3.62e-05  maxQ +0.0165  changes   484  13.4 min
episode 975/1013  eps 0.010  train return   +6.35%  loss 3.75e-05  maxQ +0.0168  changes   401  13.4 min
episode 976/1013  eps 0.010  train return +183.53%  loss 3.64e-05  maxQ +0.0170  changes   491  13.5 min
episode 977/1013  eps 0.010  train return +152.42%  loss 3.54e-05  maxQ +0.0171  changes   442  13.5 min
episode 978/1013  eps 0.010  train return  +52.92%  loss 3.53e-05  maxQ +0.0172  changes   469  13.5 min
episode 979/1013  eps 0.010  train return  +48.07%  loss 3.26e-05  maxQ +0.0169  changes   472  13.5 min
episode 980/1013  eps 0.010  train return  +36.32%  loss 3.26e-05  maxQ +0.0168  changes   436  13.5 min | val return -24.89% (best +12.48%)
episode 981/1013  eps 0.010  train return  +65.95%  loss 3.28e-05  maxQ +0.0170  changes   433  13.5 min
episode 982/1013  eps 0.010  train return +210.69%  loss 3.34e-05  maxQ +0.0172  changes   458  13.5 min
episode 983/1013  eps 0.010  train return +233.20%  loss 3.40e-05  maxQ +0.0176  changes   463  13.6 min
episode 984/1013  eps 0.010  train return  +41.35%  loss 3.08e-05  maxQ +0.0175  changes   459  13.6 min
episode 985/1013  eps 0.010  train return +150.37%  loss 3.16e-05  maxQ +0.0173  changes   441  13.6 min
episode 986/1013  eps 0.010  train return +180.06%  loss 3.19e-05  maxQ +0.0164  changes   485  13.6 min
episode 987/1013  eps 0.010  train return  +89.53%  loss 3.20e-05  maxQ +0.0164  changes   441  13.6 min
episode 988/1013  eps 0.010  train return  +37.12%  loss 3.20e-05  maxQ +0.0165  changes   444  13.6 min
episode 989/1013  eps 0.010  train return +327.38%  loss 3.37e-05  maxQ +0.0168  changes   476  13.6 min
episode 990/1013  eps 0.010  train return +134.74%  loss 3.76e-05  maxQ +0.0171  changes   484  13.6 min | val return -12.00% (best +12.48%)
episode 991/1013  eps 0.010  train return +265.53%  loss 3.53e-05  maxQ +0.0176  changes   481  13.7 min
episode 992/1013  eps 0.010  train return +103.19%  loss 3.46e-05  maxQ +0.0180  changes   481  13.7 min
episode 993/1013  eps 0.010  train return  +70.33%  loss 3.42e-05  maxQ +0.0177  changes   450  13.7 min
episode 994/1013  eps 0.010  train return +267.91%  loss 3.74e-05  maxQ +0.0184  changes   461  13.7 min
episode 995/1013  eps 0.010  train return +109.87%  loss 3.81e-05  maxQ +0.0186  changes   454  13.7 min
episode 996/1013  eps 0.010  train return +351.22%  loss 3.65e-05  maxQ +0.0185  changes   472  13.7 min
episode 997/1013  eps 0.010  train return  +53.92%  loss 3.61e-05  maxQ +0.0180  changes   460  13.8 min
episode 998/1013  eps 0.010  train return  +74.00%  loss 3.61e-05  maxQ +0.0176  changes   480  13.8 min
episode 999/1013  eps 0.010  train return  +54.85%  loss 3.81e-05  maxQ +0.0174  changes   454  13.8 min
episode 1000/1013  eps 0.010  train return  +35.91%  loss 3.49e-05  maxQ +0.0177  changes   436  13.8 min | val return -21.88% (best +12.48%)
episode 1001/1013  eps 0.010  train return  +62.45%  loss 3.64e-05  maxQ +0.0180  changes   458  13.8 min
episode 1002/1013  eps 0.010  train return   +0.35%  loss 3.76e-05  maxQ +0.0185  changes   459  13.8 min
episode 1003/1013  eps 0.010  train return +209.03%  loss 3.59e-05  maxQ +0.0180  changes   467  13.8 min
episode 1004/1013  eps 0.010  train return +215.71%  loss 3.79e-05  maxQ +0.0181  changes   468  13.9 min
episode 1005/1013  eps 0.010  train return  +97.34%  loss 3.85e-05  maxQ +0.0186  changes   442  13.9 min
episode 1006/1013  eps 0.010  train return  +94.81%  loss 3.87e-05  maxQ +0.0187  changes   454  13.9 min
episode 1007/1013  eps 0.010  train return  +96.50%  loss 3.66e-05  maxQ +0.0182  changes   445  13.9 min
episode 1008/1013  eps 0.010  train return  +58.53%  loss 3.52e-05  maxQ +0.0182  changes   434  13.9 min
episode 1009/1013  eps 0.010  train return +138.50%  loss 3.84e-05  maxQ +0.0182  changes   458  13.9 min
episode 1010/1013  eps 0.010  train return  +44.56%  loss 3.51e-05  maxQ +0.0178  changes   432  13.9 min | val return -22.18% (best +12.48%)
episode 1011/1013  eps 0.010  train return +157.08%  loss 3.74e-05  maxQ +0.0185  changes   469  13.9 min
episode 1012/1013  eps 0.010  train return +117.06%  loss 3.86e-05  maxQ +0.0172  changes   487  14.0 min
episode 1013/1013  eps 0.010  train return +231.37%  loss 3.84e-05  maxQ +0.0182  changes   480  14.0 min | val return -23.95% (best +12.48%)
model    env  portfolio_return  excess_return  n_changes
 last    val         -0.240107      -0.197489      943.5
 last val_w1         -0.145323      -0.118408      518.5
 last val_w2         -0.113589      -0.098156      443.1
 best    val          0.124618       0.167236      852.3
 best val_w1          0.152265       0.179180      457.3
 best val_w2         -0.052388      -0.036954      413.5
