Downloaded data: 30,528 candles, 2023-03-25 00:00:00+00:00 to 2026-09-16 23:00:00+00:00; no missing hours
dev_train: 28,152 candles, 2023-04-01 00:00:00+00:00 to 2026-06-16 23:00:00+00:00; no missing hours
val: 1,464 candles, 2026-06-17 00:00:00+00:00 to 2026-08-16 23:00:00+00:00; no missing hours
eval: 744 candles, 2026-08-17 00:00:00+00:00 to 2026-09-16 23:00:00+00:00; no missing hours
episode   1/1013  eps 1.000  train return   +3.05%  loss 8.21e-04  maxQ +0.1521  changes   566  0.0 min
episode   2/1013  eps 0.991  train return   -4.85%  loss 3.47e-03  maxQ +0.2252  changes   584  0.0 min
episode   3/1013  eps 0.982  train return  -15.94%  loss 3.22e-03  maxQ +0.2498  changes   557  0.0 min
episode   4/1013  eps 0.973  train return  -17.31%  loss 2.29e-03  maxQ +0.2361  changes   557  0.0 min
episode   5/1013  eps 0.964  train return   -0.98%  loss 1.42e-03  maxQ +0.2250  changes   544  0.0 min
episode   6/1013  eps 0.955  train return  -11.94%  loss 7.39e-04  maxQ +0.2026  changes   573  0.0 min
episode   7/1013  eps 0.947  train return  -12.95%  loss 4.05e-04  maxQ +0.1925  changes   549  0.0 min
episode   8/1013  eps 0.938  train return  -11.35%  loss 3.42e-04  maxQ +0.1713  changes   582  0.0 min
episode   9/1013  eps 0.929  train return   +6.79%  loss 2.83e-04  maxQ +0.1553  changes   583  0.1 min
episode  10/1013  eps 0.921  train return   -2.33%  loss 2.79e-04  maxQ +0.1413  changes   599  0.1 min | val return -17.78% (best -17.78%)
episode  11/1013  eps 0.913  train return   -8.53%  loss 1.85e-04  maxQ +0.1238  changes   582  0.1 min
episode  12/1013  eps 0.904  train return  -26.79%  loss 2.18e-04  maxQ +0.1164  changes   583  0.1 min
episode  13/1013  eps 0.896  train return   -8.00%  loss 2.69e-04  maxQ +0.1040  changes   578  0.1 min
episode  14/1013  eps 0.888  train return  -16.33%  loss 1.38e-04  maxQ +0.0979  changes   582  0.1 min
episode  15/1013  eps 0.880  train return  -11.65%  loss 1.20e-04  maxQ +0.0911  changes   582  0.1 min
episode  16/1013  eps 0.872  train return   +0.52%  loss 1.31e-04  maxQ +0.0888  changes   564  0.1 min
episode  17/1013  eps 0.864  train return   -6.40%  loss 1.35e-04  maxQ +0.0802  changes   563  0.1 min
episode  18/1013  eps 0.856  train return   -4.51%  loss 9.35e-05  maxQ +0.0728  changes   571  0.1 min
episode  19/1013  eps 0.848  train return   -1.32%  loss 8.13e-05  maxQ +0.0703  changes   562  0.1 min
episode  20/1013  eps 0.841  train return  -10.53%  loss 8.56e-05  maxQ +0.0668  changes   584  0.1 min | val return -18.86% (best -17.78%)
episode  21/1013  eps 0.833  train return   -8.29%  loss 1.13e-04  maxQ +0.0636  changes   583  0.1 min
episode  22/1013  eps 0.825  train return   -9.92%  loss 8.43e-05  maxQ +0.0647  changes   589  0.1 min
episode  23/1013  eps 0.818  train return  +15.35%  loss 8.01e-05  maxQ +0.0602  changes   585  0.1 min
episode  24/1013  eps 0.810  train return  -24.07%  loss 7.21e-05  maxQ +0.0576  changes   578  0.2 min
episode  25/1013  eps 0.803  train return   -6.80%  loss 6.72e-05  maxQ +0.0554  changes   574  0.2 min
episode  26/1013  eps 0.796  train return   -6.94%  loss 1.49e-04  maxQ +0.0641  changes   574  0.2 min
episode  27/1013  eps 0.788  train return  -24.45%  loss 1.42e-04  maxQ +0.0564  changes   572  0.2 min
episode  28/1013  eps 0.781  train return   +0.42%  loss 8.59e-05  maxQ +0.0574  changes   574  0.2 min
episode  29/1013  eps 0.774  train return  -21.10%  loss 7.99e-05  maxQ +0.0598  changes   565  0.2 min
episode  30/1013  eps 0.767  train return  -23.12%  loss 1.49e-04  maxQ +0.0671  changes   568  0.2 min | val return -8.04% (best -8.04%)
episode  31/1013  eps 0.760  train return  -31.24%  loss 7.77e-05  maxQ +0.0652  changes   580  0.2 min
episode  32/1013  eps 0.753  train return  -26.18%  loss 1.09e-04  maxQ +0.0570  changes   573  0.2 min
episode  33/1013  eps 0.746  train return   +4.88%  loss 6.97e-05  maxQ +0.0531  changes   579  0.2 min
episode  34/1013  eps 0.740  train return  -16.92%  loss 5.70e-05  maxQ +0.0485  changes   577  0.2 min
episode  35/1013  eps 0.733  train return   -1.61%  loss 4.83e-05  maxQ +0.0448  changes   569  0.2 min
episode  36/1013  eps 0.726  train return  -15.76%  loss 6.53e-05  maxQ +0.0414  changes   554  0.2 min
episode  37/1013  eps 0.720  train return  +38.80%  loss 9.51e-05  maxQ +0.0481  changes   561  0.2 min
episode  38/1013  eps 0.713  train return   +5.69%  loss 8.42e-05  maxQ +0.0434  changes   578  0.2 min
episode  39/1013  eps 0.707  train return  -12.91%  loss 9.66e-05  maxQ +0.0475  changes   573  0.3 min
episode  40/1013  eps 0.700  train return  -30.20%  loss 1.46e-04  maxQ +0.0462  changes   559  0.3 min | val return -2.90% (best -2.90%)
episode  41/1013  eps 0.694  train return  -27.33%  loss 5.94e-05  maxQ +0.0415  changes   586  0.3 min
episode  42/1013  eps 0.687  train return  -19.02%  loss 5.20e-05  maxQ +0.0417  changes   558  0.3 min
episode  43/1013  eps 0.681  train return   -6.47%  loss 5.37e-05  maxQ +0.0394  changes   570  0.3 min
episode  44/1013  eps 0.675  train return  -17.21%  loss 7.31e-05  maxQ +0.0373  changes   560  0.3 min
episode  45/1013  eps 0.669  train return  -15.27%  loss 6.62e-05  maxQ +0.0351  changes   566  0.3 min
episode  46/1013  eps 0.663  train return   -0.82%  loss 5.50e-05  maxQ +0.0350  changes   562  0.3 min
episode  47/1013  eps 0.657  train return  +11.93%  loss 5.61e-05  maxQ +0.0322  changes   572  0.3 min
episode  48/1013  eps 0.651  train return  +17.78%  loss 5.12e-05  maxQ +0.0323  changes   585  0.3 min
episode  49/1013  eps 0.645  train return  -11.25%  loss 5.23e-05  maxQ +0.0335  changes   551  0.3 min
episode  50/1013  eps 0.639  train return  -35.10%  loss 5.97e-05  maxQ +0.0348  changes   557  0.3 min | val return -4.88% (best -2.90%)
episode  51/1013  eps 0.633  train return   +1.34%  loss 5.86e-05  maxQ +0.0346  changes   574  0.3 min
episode  52/1013  eps 0.627  train return  -15.17%  loss 5.90e-05  maxQ +0.0337  changes   570  0.3 min
episode  53/1013  eps 0.622  train return   -2.05%  loss 5.14e-05  maxQ +0.0339  changes   548  0.4 min
episode  54/1013  eps 0.616  train return  -22.25%  loss 4.88e-05  maxQ +0.0330  changes   559  0.4 min
episode  55/1013  eps 0.610  train return   -3.14%  loss 5.24e-05  maxQ +0.0316  changes   553  0.4 min
episode  56/1013  eps 0.605  train return  +18.29%  loss 4.52e-05  maxQ +0.0296  changes   555  0.4 min
episode  57/1013  eps 0.599  train return  -11.08%  loss 4.75e-05  maxQ +0.0295  changes   539  0.4 min
episode  58/1013  eps 0.594  train return  -13.68%  loss 4.33e-05  maxQ +0.0291  changes   543  0.4 min
episode  59/1013  eps 0.588  train return  -11.96%  loss 4.32e-05  maxQ +0.0298  changes   548  0.4 min
episode  60/1013  eps 0.583  train return   -3.00%  loss 5.06e-05  maxQ +0.0303  changes   539  0.4 min | val return -25.46% (best -2.90%)
episode  61/1013  eps 0.578  train return   +2.02%  loss 6.09e-05  maxQ +0.0300  changes   530  0.4 min
episode  62/1013  eps 0.573  train return  +42.35%  loss 6.13e-05  maxQ +0.0281  changes   558  0.4 min
episode  63/1013  eps 0.567  train return  -10.04%  loss 3.90e-05  maxQ +0.0268  changes   548  0.4 min
episode  64/1013  eps 0.562  train return   -0.80%  loss 4.25e-05  maxQ +0.0265  changes   572  0.4 min
episode  65/1013  eps 0.557  train return  +36.70%  loss 4.94e-05  maxQ +0.0277  changes   553  0.4 min
episode  66/1013  eps 0.552  train return  -18.59%  loss 5.40e-05  maxQ +0.0279  changes   561  0.4 min
episode  67/1013  eps 0.547  train return   +6.74%  loss 4.35e-05  maxQ +0.0275  changes   552  0.4 min
episode  68/1013  eps 0.542  train return  -18.38%  loss 4.38e-05  maxQ +0.0249  changes   573  0.4 min
episode  69/1013  eps 0.537  train return  -15.44%  loss 4.05e-05  maxQ +0.0230  changes   551  0.5 min
episode  70/1013  eps 0.532  train return  -20.36%  loss 4.83e-05  maxQ +0.0251  changes   556  0.5 min | val return -24.12% (best -2.90%)
episode  71/1013  eps 0.527  train return   +2.47%  loss 4.51e-05  maxQ +0.0235  changes   542  0.5 min
episode  72/1013  eps 0.523  train return   +3.27%  loss 4.16e-05  maxQ +0.0210  changes   577  0.5 min
episode  73/1013  eps 0.518  train return   +0.62%  loss 3.90e-05  maxQ +0.0207  changes   545  0.5 min
episode  74/1013  eps 0.513  train return   +4.97%  loss 4.88e-05  maxQ +0.0228  changes   535  0.5 min
episode  75/1013  eps 0.508  train return   -6.33%  loss 4.37e-05  maxQ +0.0228  changes   551  0.5 min
episode  76/1013  eps 0.504  train return   +5.08%  loss 4.13e-05  maxQ +0.0223  changes   536  0.5 min
episode  77/1013  eps 0.499  train return   -3.01%  loss 3.87e-05  maxQ +0.0237  changes   531  0.5 min
episode  78/1013  eps 0.495  train return   -1.13%  loss 3.97e-05  maxQ +0.0232  changes   559  0.5 min
episode  79/1013  eps 0.490  train return   +5.37%  loss 3.51e-05  maxQ +0.0209  changes   562  0.5 min
episode  80/1013  eps 0.486  train return  -12.36%  loss 3.70e-05  maxQ +0.0212  changes   544  0.5 min | val return -22.41% (best -2.90%)
episode  81/1013  eps 0.481  train return   -4.78%  loss 4.27e-05  maxQ +0.0204  changes   528  0.5 min
episode  82/1013  eps 0.477  train return  -24.83%  loss 3.75e-05  maxQ +0.0198  changes   526  0.5 min
episode  83/1013  eps 0.473  train return   -5.39%  loss 4.36e-05  maxQ +0.0192  changes   522  0.5 min
episode  84/1013  eps 0.468  train return  +19.81%  loss 4.17e-05  maxQ +0.0231  changes   545  0.6 min
episode  85/1013  eps 0.464  train return  -17.61%  loss 4.00e-05  maxQ +0.0217  changes   517  0.6 min
episode  86/1013  eps 0.460  train return   -4.12%  loss 3.84e-05  maxQ +0.0203  changes   496  0.6 min
episode  87/1013  eps 0.456  train return  +16.17%  loss 3.96e-05  maxQ +0.0196  changes   565  0.6 min
episode  88/1013  eps 0.451  train return  -21.91%  loss 3.78e-05  maxQ +0.0184  changes   516  0.6 min
episode  89/1013  eps 0.447  train return   -5.76%  loss 4.07e-05  maxQ +0.0191  changes   503  0.6 min
episode  90/1013  eps 0.443  train return  +12.80%  loss 3.93e-05  maxQ +0.0174  changes   532  0.6 min | val return +6.44% (best +6.44%)
episode  91/1013  eps 0.439  train return   -1.60%  loss 3.57e-05  maxQ +0.0173  changes   521  0.6 min
episode  92/1013  eps 0.435  train return   -5.22%  loss 3.64e-05  maxQ +0.0173  changes   539  0.6 min
episode  93/1013  eps 0.431  train return  -12.21%  loss 3.53e-05  maxQ +0.0162  changes   521  0.6 min
episode  94/1013  eps 0.427  train return  +21.47%  loss 3.65e-05  maxQ +0.0171  changes   499  0.6 min
episode  95/1013  eps 0.423  train return  +14.80%  loss 3.86e-05  maxQ +0.0180  changes   523  0.6 min
episode  96/1013  eps 0.420  train return   +7.56%  loss 3.57e-05  maxQ +0.0166  changes   535  0.6 min
episode  97/1013  eps 0.416  train return   -3.83%  loss 3.60e-05  maxQ +0.0171  changes   513  0.6 min
episode  98/1013  eps 0.412  train return   -1.92%  loss 3.90e-05  maxQ +0.0180  changes   523  0.6 min
episode  99/1013  eps 0.408  train return   +9.57%  loss 3.80e-05  maxQ +0.0180  changes   491  0.6 min
episode 100/1013  eps 0.405  train return  -33.18%  loss 3.45e-05  maxQ +0.0166  changes   534  0.6 min | val return -27.55% (best +6.44%)
episode 101/1013  eps 0.401  train return   -7.00%  loss 3.74e-05  maxQ +0.0166  changes   484  0.7 min
episode 102/1013  eps 0.397  train return  +24.80%  loss 3.72e-05  maxQ +0.0172  changes   526  0.7 min
episode 103/1013  eps 0.394  train return  +10.07%  loss 3.48e-05  maxQ +0.0166  changes   551  0.7 min
episode 104/1013  eps 0.390  train return  -16.29%  loss 3.96e-05  maxQ +0.0166  changes   515  0.7 min
episode 105/1013  eps 0.386  train return   -9.79%  loss 3.71e-05  maxQ +0.0176  changes   521  0.7 min
episode 106/1013  eps 0.383  train return  -21.39%  loss 3.70e-05  maxQ +0.0176  changes   502  0.7 min
episode 107/1013  eps 0.379  train return  -13.28%  loss 3.44e-05  maxQ +0.0169  changes   521  0.7 min
episode 108/1013  eps 0.376  train return   -9.66%  loss 3.52e-05  maxQ +0.0153  changes   498  0.7 min
episode 109/1013  eps 0.373  train return   -9.78%  loss 3.53e-05  maxQ +0.0149  changes   526  0.7 min
episode 110/1013  eps 0.369  train return   +4.21%  loss 3.76e-05  maxQ +0.0136  changes   509  0.7 min | val return -20.84% (best +6.44%)
episode 111/1013  eps 0.366  train return  -31.06%  loss 3.46e-05  maxQ +0.0139  changes   517  0.7 min
episode 112/1013  eps 0.363  train return  +17.94%  loss 3.40e-05  maxQ +0.0131  changes   547  0.7 min
episode 113/1013  eps 0.359  train return   +4.42%  loss 3.60e-05  maxQ +0.0146  changes   527  0.7 min
episode 114/1013  eps 0.356  train return   -3.53%  loss 3.53e-05  maxQ +0.0167  changes   519  0.8 min
episode 115/1013  eps 0.353  train return  -12.08%  loss 3.32e-05  maxQ +0.0159  changes   507  0.8 min
episode 116/1013  eps 0.349  train return   +7.35%  loss 3.36e-05  maxQ +0.0150  changes   514  0.8 min
episode 117/1013  eps 0.346  train return  +10.35%  loss 3.53e-05  maxQ +0.0142  changes   552  0.8 min
episode 118/1013  eps 0.343  train return   +2.99%  loss 3.39e-05  maxQ +0.0127  changes   488  0.8 min
episode 119/1013  eps 0.340  train return  +22.28%  loss 3.38e-05  maxQ +0.0127  changes   533  0.8 min
episode 120/1013  eps 0.337  train return  -14.64%  loss 3.31e-05  maxQ +0.0116  changes   499  0.8 min | val return +1.32% (best +6.44%)
episode 121/1013  eps 0.334  train return  -12.21%  loss 3.46e-05  maxQ +0.0115  changes   488  0.8 min
episode 122/1013  eps 0.331  train return  -10.38%  loss 3.20e-05  maxQ +0.0120  changes   542  0.8 min
episode 123/1013  eps 0.328  train return   +5.10%  loss 3.16e-05  maxQ +0.0114  changes   500  0.8 min
episode 124/1013  eps 0.325  train return   +8.44%  loss 3.23e-05  maxQ +0.0125  changes   483  0.8 min
episode 125/1013  eps 0.322  train return   +1.31%  loss 3.41e-05  maxQ +0.0122  changes   517  0.8 min
episode 126/1013  eps 0.319  train return  -33.81%  loss 3.24e-05  maxQ +0.0125  changes   512  0.8 min
episode 127/1013  eps 0.316  train return   -7.24%  loss 3.37e-05  maxQ +0.0125  changes   505  0.8 min
episode 128/1013  eps 0.313  train return  -11.56%  loss 3.23e-05  maxQ +0.0117  changes   528  0.8 min
episode 129/1013  eps 0.310  train return  -16.26%  loss 3.36e-05  maxQ +0.0119  changes   511  0.8 min
episode 130/1013  eps 0.308  train return  -14.63%  loss 3.52e-05  maxQ +0.0115  changes   494  0.8 min | val return -24.51% (best +6.44%)
episode 131/1013  eps 0.305  train return  +18.91%  loss 3.24e-05  maxQ +0.0108  changes   524  0.9 min
episode 132/1013  eps 0.302  train return   +9.77%  loss 3.24e-05  maxQ +0.0109  changes   457  0.9 min
episode 133/1013  eps 0.299  train return  +38.01%  loss 3.17e-05  maxQ +0.0113  changes   491  0.9 min
episode 134/1013  eps 0.296  train return   -3.90%  loss 3.33e-05  maxQ +0.0113  changes   547  0.9 min
episode 135/1013  eps 0.294  train return   -2.02%  loss 3.29e-05  maxQ +0.0112  changes   522  0.9 min
episode 136/1013  eps 0.291  train return   +3.38%  loss 3.07e-05  maxQ +0.0102  changes   460  0.9 min
episode 137/1013  eps 0.288  train return  +19.20%  loss 3.13e-05  maxQ +0.0106  changes   480  0.9 min
episode 138/1013  eps 0.286  train return   -0.57%  loss 3.23e-05  maxQ +0.0118  changes   475  0.9 min
episode 139/1013  eps 0.283  train return   -2.72%  loss 2.95e-05  maxQ +0.0113  changes   490  0.9 min
episode 140/1013  eps 0.281  train return   +9.91%  loss 3.19e-05  maxQ +0.0115  changes   486  0.9 min | val return -23.60% (best +6.44%)
episode 141/1013  eps 0.278  train return  -12.71%  loss 2.92e-05  maxQ +0.0115  changes   488  0.9 min
episode 142/1013  eps 0.276  train return   +6.44%  loss 3.21e-05  maxQ +0.0111  changes   493  0.9 min
episode 143/1013  eps 0.273  train return  +15.80%  loss 3.19e-05  maxQ +0.0102  changes   490  0.9 min
episode 144/1013  eps 0.271  train return  +28.10%  loss 3.32e-05  maxQ +0.0103  changes   477  0.9 min
episode 145/1013  eps 0.268  train return   -9.62%  loss 3.39e-05  maxQ +0.0099  changes   454  0.9 min
episode 146/1013  eps 0.266  train return  -18.56%  loss 3.31e-05  maxQ +0.0108  changes   508  0.9 min
episode 147/1013  eps 0.263  train return  +12.63%  loss 3.35e-05  maxQ +0.0108  changes   475  1.0 min
episode 148/1013  eps 0.261  train return  -17.41%  loss 3.41e-05  maxQ +0.0112  changes   461  1.0 min
episode 149/1013  eps 0.258  train return   -2.29%  loss 3.46e-05  maxQ +0.0117  changes   473  1.0 min
episode 150/1013  eps 0.256  train return   +9.88%  loss 3.24e-05  maxQ +0.0112  changes   502  1.0 min | val return -19.33% (best +6.44%)
episode 151/1013  eps 0.254  train return  +14.98%  loss 3.22e-05  maxQ +0.0117  changes   477  1.0 min
episode 152/1013  eps 0.251  train return   +4.45%  loss 3.31e-05  maxQ +0.0109  changes   499  1.0 min
episode 153/1013  eps 0.249  train return  +19.09%  loss 3.44e-05  maxQ +0.0108  changes   506  1.0 min
episode 154/1013  eps 0.247  train return   +5.11%  loss 3.36e-05  maxQ +0.0108  changes   521  1.0 min
episode 155/1013  eps 0.245  train return   -3.33%  loss 3.37e-05  maxQ +0.0106  changes   460  1.0 min
episode 156/1013  eps 0.242  train return  -26.14%  loss 3.29e-05  maxQ +0.0104  changes   475  1.0 min
episode 157/1013  eps 0.240  train return   +3.82%  loss 3.32e-05  maxQ +0.0102  changes   471  1.0 min
episode 158/1013  eps 0.238  train return  +19.35%  loss 3.68e-05  maxQ +0.0104  changes   496  1.0 min
episode 159/1013  eps 0.236  train return   -3.79%  loss 3.34e-05  maxQ +0.0101  changes   538  1.0 min
episode 160/1013  eps 0.234  train return   -2.84%  loss 3.32e-05  maxQ +0.0103  changes   506  1.0 min | val return -22.78% (best +6.44%)
episode 161/1013  eps 0.232  train return +149.91%  loss 3.41e-05  maxQ +0.0102  changes   537  1.0 min
episode 162/1013  eps 0.230  train return  -14.33%  loss 3.29e-05  maxQ +0.0097  changes   525  1.1 min
episode 163/1013  eps 0.227  train return   -0.83%  loss 3.52e-05  maxQ +0.0104  changes   468  1.1 min
episode 164/1013  eps 0.225  train return   -3.00%  loss 3.45e-05  maxQ +0.0110  changes   487  1.1 min
episode 165/1013  eps 0.223  train return  +28.47%  loss 3.57e-05  maxQ +0.0109  changes   506  1.1 min
episode 166/1013  eps 0.221  train return  +13.09%  loss 3.46e-05  maxQ +0.0108  changes   503  1.1 min
episode 167/1013  eps 0.219  train return  -15.92%  loss 3.52e-05  maxQ +0.0105  changes   517  1.1 min
episode 168/1013  eps 0.217  train return  -10.69%  loss 3.51e-05  maxQ +0.0103  changes   456  1.1 min
episode 169/1013  eps 0.215  train return   +6.16%  loss 3.59e-05  maxQ +0.0108  changes   453  1.1 min
episode 170/1013  eps 0.213  train return   +4.97%  loss 3.31e-05  maxQ +0.0108  changes   474  1.1 min | val return -23.82% (best +6.44%)
episode 171/1013  eps 0.211  train return   +8.73%  loss 3.41e-05  maxQ +0.0106  changes   514  1.1 min
episode 172/1013  eps 0.209  train return  -10.69%  loss 3.52e-05  maxQ +0.0111  changes   525  1.1 min
episode 173/1013  eps 0.208  train return   +4.72%  loss 3.50e-05  maxQ +0.0115  changes   489  1.1 min
episode 174/1013  eps 0.206  train return  +28.07%  loss 3.42e-05  maxQ +0.0110  changes   496  1.1 min
episode 175/1013  eps 0.204  train return   +7.32%  loss 3.48e-05  maxQ +0.0108  changes   428  1.1 min
episode 176/1013  eps 0.202  train return   +8.12%  loss 3.48e-05  maxQ +0.0109  changes   468  1.1 min
episode 177/1013  eps 0.200  train return  -10.02%  loss 3.39e-05  maxQ +0.0110  changes   478  1.1 min
episode 178/1013  eps 0.198  train return   +2.32%  loss 3.44e-05  maxQ +0.0109  changes   435  1.1 min
episode 179/1013  eps 0.196  train return   +4.93%  loss 3.54e-05  maxQ +0.0110  changes   498  1.2 min
episode 180/1013  eps 0.195  train return   -5.07%  loss 3.65e-05  maxQ +0.0115  changes   496  1.2 min | val return -3.21% (best +6.44%)
episode 181/1013  eps 0.193  train return  +96.92%  loss 3.63e-05  maxQ +0.0116  changes   484  1.2 min
episode 182/1013  eps 0.191  train return +129.85%  loss 3.68e-05  maxQ +0.0121  changes   505  1.2 min
episode 183/1013  eps 0.189  train return +153.58%  loss 3.86e-05  maxQ +0.0115  changes   511  1.2 min
episode 184/1013  eps 0.188  train return   -6.60%  loss 3.89e-05  maxQ +0.0117  changes   478  1.2 min
episode 185/1013  eps 0.186  train return   +7.60%  loss 3.81e-05  maxQ +0.0111  changes   441  1.2 min
episode 186/1013  eps 0.184  train return  +12.06%  loss 3.68e-05  maxQ +0.0111  changes   443  1.2 min
episode 187/1013  eps 0.183  train return  -19.97%  loss 3.61e-05  maxQ +0.0112  changes   514  1.2 min
episode 188/1013  eps 0.181  train return   +0.81%  loss 3.84e-05  maxQ +0.0115  changes   398  1.2 min
episode 189/1013  eps 0.179  train return  -10.67%  loss 3.78e-05  maxQ +0.0109  changes   481  1.2 min
episode 190/1013  eps 0.178  train return  +58.33%  loss 3.87e-05  maxQ +0.0110  changes   475  1.2 min | val return -22.88% (best +6.44%)
episode 191/1013  eps 0.176  train return  +11.61%  loss 3.91e-05  maxQ +0.0115  changes   488  1.2 min
episode 192/1013  eps 0.174  train return   -1.31%  loss 4.17e-05  maxQ +0.0126  changes   458  1.2 min
episode 193/1013  eps 0.173  train return   -5.85%  loss 3.93e-05  maxQ +0.0118  changes   484  1.2 min
episode 194/1013  eps 0.171  train return   -5.37%  loss 3.85e-05  maxQ +0.0118  changes   505  1.3 min
episode 195/1013  eps 0.170  train return   -5.49%  loss 3.96e-05  maxQ +0.0122  changes   479  1.3 min
episode 196/1013  eps 0.168  train return   +4.10%  loss 3.92e-05  maxQ +0.0122  changes   436  1.3 min
episode 197/1013  eps 0.167  train return   +9.96%  loss 3.89e-05  maxQ +0.0117  changes   475  1.3 min
episode 198/1013  eps 0.165  train return  +61.09%  loss 3.92e-05  maxQ +0.0116  changes   486  1.3 min
episode 199/1013  eps 0.164  train return   -1.17%  loss 3.81e-05  maxQ +0.0121  changes   484  1.3 min
episode 200/1013  eps 0.162  train return  -28.35%  loss 3.99e-05  maxQ +0.0114  changes   477  1.3 min | val return +1.11% (best +6.44%)
episode 201/1013  eps 0.161  train return  -20.65%  loss 3.93e-05  maxQ +0.0112  changes   514  1.3 min
episode 202/1013  eps 0.159  train return   -2.42%  loss 3.88e-05  maxQ +0.0112  changes   526  1.3 min
episode 203/1013  eps 0.158  train return  +18.80%  loss 3.76e-05  maxQ +0.0110  changes   527  1.3 min
episode 204/1013  eps 0.156  train return  -30.75%  loss 3.65e-05  maxQ +0.0108  changes   499  1.3 min
episode 205/1013  eps 0.155  train return   +3.20%  loss 3.97e-05  maxQ +0.0105  changes   480  1.3 min
episode 206/1013  eps 0.154  train return  +69.37%  loss 3.69e-05  maxQ +0.0108  changes   532  1.3 min
episode 207/1013  eps 0.152  train return  -34.81%  loss 3.90e-05  maxQ +0.0109  changes   521  1.3 min
episode 208/1013  eps 0.151  train return  +23.54%  loss 3.97e-05  maxQ +0.0114  changes   523  1.3 min
episode 209/1013  eps 0.149  train return  +10.94%  loss 3.82e-05  maxQ +0.0112  changes   462  1.4 min
episode 210/1013  eps 0.148  train return   +8.02%  loss 3.99e-05  maxQ +0.0106  changes   445  1.4 min | val return -1.44% (best +6.44%)
episode 211/1013  eps 0.147  train return  -24.47%  loss 4.12e-05  maxQ +0.0102  changes   446  1.4 min
episode 212/1013  eps 0.145  train return   -8.65%  loss 3.82e-05  maxQ +0.0105  changes   491  1.4 min
episode 213/1013  eps 0.144  train return  +31.35%  loss 3.80e-05  maxQ +0.0102  changes   498  1.4 min
episode 214/1013  eps 0.143  train return  -20.88%  loss 3.90e-05  maxQ +0.0106  changes   491  1.4 min
episode 215/1013  eps 0.141  train return   -2.31%  loss 3.94e-05  maxQ +0.0110  changes   460  1.4 min
episode 216/1013  eps 0.140  train return   +9.74%  loss 3.81e-05  maxQ +0.0104  changes   509  1.4 min
episode 217/1013  eps 0.139  train return   -5.59%  loss 3.68e-05  maxQ +0.0105  changes   401  1.4 min
episode 218/1013  eps 0.138  train return  +14.03%  loss 4.11e-05  maxQ +0.0109  changes   393  1.4 min
episode 219/1013  eps 0.136  train return  +34.19%  loss 3.98e-05  maxQ +0.0115  changes   492  1.4 min
episode 220/1013  eps 0.135  train return  +40.23%  loss 3.87e-05  maxQ +0.0110  changes   463  1.4 min | val return +6.82% (best +6.82%)
episode 221/1013  eps 0.134  train return +158.36%  loss 3.93e-05  maxQ +0.0104  changes   532  1.4 min
episode 222/1013  eps 0.133  train return   +6.87%  loss 4.14e-05  maxQ +0.0108  changes   446  1.4 min
episode 223/1013  eps 0.131  train return  +32.88%  loss 3.88e-05  maxQ +0.0105  changes   502  1.4 min
episode 224/1013  eps 0.130  train return  +37.21%  loss 4.25e-05  maxQ +0.0108  changes   514  1.5 min
episode 225/1013  eps 0.129  train return   +0.41%  loss 4.09e-05  maxQ +0.0108  changes   439  1.5 min
episode 226/1013  eps 0.128  train return   +7.43%  loss 3.97e-05  maxQ +0.0109  changes   420  1.5 min
episode 227/1013  eps 0.127  train return  +41.58%  loss 4.00e-05  maxQ +0.0108  changes   408  1.5 min
episode 228/1013  eps 0.126  train return  -12.46%  loss 4.10e-05  maxQ +0.0108  changes   463  1.5 min
episode 229/1013  eps 0.124  train return  -10.94%  loss 4.07e-05  maxQ +0.0112  changes   349  1.5 min
episode 230/1013  eps 0.123  train return   -0.29%  loss 4.02e-05  maxQ +0.0106  changes   449  1.5 min | val return -9.71% (best +6.82%)
episode 231/1013  eps 0.122  train return   -4.31%  loss 3.88e-05  maxQ +0.0111  changes   458  1.5 min
episode 232/1013  eps 0.121  train return   -0.57%  loss 4.19e-05  maxQ +0.0115  changes   499  1.5 min
episode 233/1013  eps 0.120  train return   +6.87%  loss 3.80e-05  maxQ +0.0113  changes   470  1.5 min
episode 234/1013  eps 0.119  train return  +29.41%  loss 3.87e-05  maxQ +0.0115  changes   480  1.5 min
episode 235/1013  eps 0.118  train return  +40.26%  loss 3.99e-05  maxQ +0.0111  changes   458  1.5 min
episode 236/1013  eps 0.117  train return  +42.72%  loss 3.95e-05  maxQ +0.0109  changes   527  1.5 min
episode 237/1013  eps 0.116  train return   -8.68%  loss 3.70e-05  maxQ +0.0104  changes   372  1.5 min
episode 238/1013  eps 0.115  train return   +2.85%  loss 3.84e-05  maxQ +0.0107  changes   454  1.5 min
episode 239/1013  eps 0.114  train return   +3.08%  loss 3.80e-05  maxQ +0.0102  changes   395  1.5 min
episode 240/1013  eps 0.112  train return  +44.74%  loss 3.93e-05  maxQ +0.0105  changes   487  1.5 min | val return -10.29% (best +6.82%)
episode 241/1013  eps 0.111  train return   +4.83%  loss 4.00e-05  maxQ +0.0105  changes   406  1.6 min
episode 242/1013  eps 0.110  train return  +23.93%  loss 4.01e-05  maxQ +0.0100  changes   504  1.6 min
episode 243/1013  eps 0.109  train return   -4.15%  loss 3.89e-05  maxQ +0.0101  changes   424  1.6 min
episode 244/1013  eps 0.108  train return  +20.74%  loss 3.95e-05  maxQ +0.0102  changes   452  1.6 min
episode 245/1013  eps 0.107  train return  +16.33%  loss 3.98e-05  maxQ +0.0102  changes   421  1.6 min
episode 246/1013  eps 0.106  train return +225.19%  loss 3.79e-05  maxQ +0.0102  changes   498  1.6 min
episode 247/1013  eps 0.106  train return   -5.93%  loss 4.15e-05  maxQ +0.0105  changes   423  1.6 min
episode 248/1013  eps 0.105  train return  +37.10%  loss 4.05e-05  maxQ +0.0107  changes   427  1.6 min
episode 249/1013  eps 0.104  train return  +22.11%  loss 3.86e-05  maxQ +0.0110  changes   461  1.6 min
episode 250/1013  eps 0.103  train return   -6.01%  loss 3.91e-05  maxQ +0.0107  changes   428  1.6 min | val return -1.27% (best +6.82%)
episode 251/1013  eps 0.102  train return  +35.65%  loss 4.04e-05  maxQ +0.0109  changes   516  1.6 min
episode 252/1013  eps 0.101  train return   -4.97%  loss 3.77e-05  maxQ +0.0104  changes   424  1.6 min
episode 253/1013  eps 0.100  train return   +3.68%  loss 3.74e-05  maxQ +0.0109  changes   468  1.6 min
episode 254/1013  eps 0.099  train return   +2.72%  loss 3.79e-05  maxQ +0.0106  changes   390  1.6 min
episode 255/1013  eps 0.098  train return   -1.04%  loss 3.62e-05  maxQ +0.0104  changes   463  1.7 min
episode 256/1013  eps 0.097  train return   +9.75%  loss 3.98e-05  maxQ +0.0107  changes   411  1.7 min
episode 257/1013  eps 0.096  train return  +10.84%  loss 3.87e-05  maxQ +0.0114  changes   386  1.7 min
episode 258/1013  eps 0.095  train return  +24.98%  loss 3.78e-05  maxQ +0.0108  changes   469  1.7 min
episode 259/1013  eps 0.095  train return  +15.52%  loss 3.78e-05  maxQ +0.0108  changes   438  1.7 min
episode 260/1013  eps 0.094  train return  +39.93%  loss 3.76e-05  maxQ +0.0110  changes   436  1.7 min | val return -2.64% (best +6.82%)
episode 261/1013  eps 0.093  train return   +7.33%  loss 3.42e-05  maxQ +0.0101  changes   362  1.7 min
episode 262/1013  eps 0.092  train return  +47.82%  loss 3.77e-05  maxQ +0.0106  changes   406  1.7 min
episode 263/1013  eps 0.091  train return   +1.67%  loss 3.75e-05  maxQ +0.0104  changes   380  1.7 min
episode 264/1013  eps 0.090  train return  -16.84%  loss 4.30e-05  maxQ +0.0105  changes   459  1.7 min
episode 265/1013  eps 0.090  train return   +3.08%  loss 3.76e-05  maxQ +0.0103  changes   330  1.7 min
episode 266/1013  eps 0.089  train return  +32.58%  loss 3.70e-05  maxQ +0.0096  changes   490  1.7 min
episode 267/1013  eps 0.088  train return   +7.83%  loss 3.78e-05  maxQ +0.0102  changes   455  1.7 min
episode 268/1013  eps 0.087  train return  +76.34%  loss 3.77e-05  maxQ +0.0094  changes   465  1.7 min
episode 269/1013  eps 0.086  train return   +6.44%  loss 3.90e-05  maxQ +0.0094  changes   313  1.7 min
episode 270/1013  eps 0.086  train return  +36.07%  loss 4.19e-05  maxQ +0.0108  changes   422  1.7 min | val return -19.54% (best +6.82%)
episode 271/1013  eps 0.085  train return   +8.66%  loss 3.89e-05  maxQ +0.0104  changes   451  1.8 min
episode 272/1013  eps 0.084  train return +162.45%  loss 3.94e-05  maxQ +0.0112  changes   470  1.8 min
episode 273/1013  eps 0.083  train return  +48.22%  loss 4.98e-05  maxQ +0.0113  changes   411  1.8 min
episode 274/1013  eps 0.082  train return +121.42%  loss 4.61e-05  maxQ +0.0102  changes   477  1.8 min
episode 275/1013  eps 0.082  train return  -10.82%  loss 4.25e-05  maxQ +0.0110  changes   383  1.8 min
episode 276/1013  eps 0.081  train return   +1.66%  loss 3.91e-05  maxQ +0.0106  changes   316  1.8 min
episode 277/1013  eps 0.080  train return  +17.89%  loss 3.90e-05  maxQ +0.0103  changes   468  1.8 min
episode 278/1013  eps 0.079  train return   -6.88%  loss 3.92e-05  maxQ +0.0106  changes   405  1.8 min
episode 279/1013  eps 0.079  train return  +40.95%  loss 4.08e-05  maxQ +0.0107  changes   409  1.8 min
episode 280/1013  eps 0.078  train return   +1.22%  loss 4.38e-05  maxQ +0.0114  changes   382  1.8 min | val return +3.60% (best +6.82%)
episode 281/1013  eps 0.077  train return  +21.27%  loss 4.14e-05  maxQ +0.0116  changes   373  1.8 min
episode 282/1013  eps 0.077  train return   +5.79%  loss 4.06e-05  maxQ +0.0112  changes   399  1.8 min
episode 283/1013  eps 0.076  train return   +2.08%  loss 4.36e-05  maxQ +0.0107  changes   333  1.8 min
episode 284/1013  eps 0.075  train return  -12.44%  loss 4.18e-05  maxQ +0.0110  changes   444  1.8 min
episode 285/1013  eps 0.075  train return   +7.38%  loss 4.05e-05  maxQ +0.0110  changes   375  1.8 min
episode 286/1013  eps 0.074  train return  +21.45%  loss 3.76e-05  maxQ +0.0103  changes   416  1.8 min
episode 287/1013  eps 0.073  train return  -12.29%  loss 3.69e-05  maxQ +0.0107  changes   411  1.9 min
episode 288/1013  eps 0.073  train return  +16.60%  loss 3.71e-05  maxQ +0.0106  changes   442  1.9 min
episode 289/1013  eps 0.072  train return  +22.81%  loss 4.01e-05  maxQ +0.0105  changes   420  1.9 min
episode 290/1013  eps 0.071  train return   +5.85%  loss 4.05e-05  maxQ +0.0111  changes   422  1.9 min | val return -13.28% (best +6.82%)
episode 291/1013  eps 0.071  train return  +11.70%  loss 3.90e-05  maxQ +0.0114  changes   399  1.9 min
episode 292/1013  eps 0.070  train return   +1.18%  loss 3.76e-05  maxQ +0.0111  changes   295  1.9 min
episode 293/1013  eps 0.069  train return  +24.55%  loss 3.52e-05  maxQ +0.0110  changes   397  1.9 min
episode 294/1013  eps 0.069  train return  +23.96%  loss 3.68e-05  maxQ +0.0109  changes   445  1.9 min
episode 295/1013  eps 0.068  train return   -0.05%  loss 3.61e-05  maxQ +0.0107  changes   335  1.9 min
episode 296/1013  eps 0.067  train return  -20.51%  loss 3.54e-05  maxQ +0.0104  changes   380  1.9 min
episode 297/1013  eps 0.067  train return   +3.57%  loss 3.56e-05  maxQ +0.0102  changes   400  1.9 min
episode 298/1013  eps 0.066  train return  +25.53%  loss 3.35e-05  maxQ +0.0100  changes   446  1.9 min
episode 299/1013  eps 0.066  train return  +17.11%  loss 3.70e-05  maxQ +0.0099  changes   427  1.9 min
episode 300/1013  eps 0.065  train return   -7.97%  loss 3.42e-05  maxQ +0.0104  changes   365  1.9 min | val return +0.57% (best +6.82%)
episode 301/1013  eps 0.064  train return   -9.01%  loss 3.49e-05  maxQ +0.0098  changes   415  2.0 min
episode 302/1013  eps 0.064  train return  +73.99%  loss 3.73e-05  maxQ +0.0103  changes   488  2.0 min
episode 303/1013  eps 0.063  train return  +39.11%  loss 3.99e-05  maxQ +0.0103  changes   477  2.0 min
episode 304/1013  eps 0.063  train return  +11.49%  loss 3.67e-05  maxQ +0.0098  changes   331  2.0 min
episode 305/1013  eps 0.062  train return  +17.22%  loss 3.65e-05  maxQ +0.0097  changes   466  2.0 min
episode 306/1013  eps 0.062  train return   +1.23%  loss 3.60e-05  maxQ +0.0103  changes   361  2.0 min
episode 307/1013  eps 0.061  train return  +77.53%  loss 3.79e-05  maxQ +0.0108  changes   497  2.0 min
episode 308/1013  eps 0.060  train return  +21.68%  loss 3.95e-05  maxQ +0.0108  changes   423  2.0 min
episode 309/1013  eps 0.060  train return   +2.81%  loss 3.85e-05  maxQ +0.0102  changes   460  2.0 min
episode 310/1013  eps 0.059  train return  +48.82%  loss 3.77e-05  maxQ +0.0107  changes   458  2.0 min | val return -26.34% (best +6.82%)
episode 311/1013  eps 0.059  train return  +16.64%  loss 3.90e-05  maxQ +0.0103  changes   456  2.0 min
episode 312/1013  eps 0.058  train return  +14.03%  loss 3.58e-05  maxQ +0.0106  changes   374  2.0 min
episode 313/1013  eps 0.058  train return  +47.08%  loss 3.86e-05  maxQ +0.0101  changes   444  2.0 min
episode 314/1013  eps 0.057  train return  +18.19%  loss 3.92e-05  maxQ +0.0101  changes   453  2.0 min
episode 315/1013  eps 0.057  train return  +91.14%  loss 4.34e-05  maxQ +0.0105  changes   477  2.1 min
episode 316/1013  eps 0.056  train return  +45.84%  loss 3.90e-05  maxQ +0.0110  changes   425  2.1 min
episode 317/1013  eps 0.056  train return  +44.89%  loss 3.89e-05  maxQ +0.0110  changes   463  2.1 min
episode 318/1013  eps 0.055  train return   +8.80%  loss 4.03e-05  maxQ +0.0109  changes   456  2.1 min
episode 319/1013  eps 0.055  train return  +69.30%  loss 3.62e-05  maxQ +0.0105  changes   470  2.1 min
episode 320/1013  eps 0.054  train return   +5.25%  loss 3.70e-05  maxQ +0.0101  changes   401  2.1 min | val return -9.51% (best +6.82%)
episode 321/1013  eps 0.054  train return +108.50%  loss 3.91e-05  maxQ +0.0100  changes   454  2.1 min
episode 322/1013  eps 0.053  train return   +7.96%  loss 4.14e-05  maxQ +0.0104  changes   418  2.1 min
episode 323/1013  eps 0.053  train return  +40.98%  loss 4.30e-05  maxQ +0.0106  changes   482  2.1 min
episode 324/1013  eps 0.052  train return  +24.88%  loss 4.24e-05  maxQ +0.0106  changes   411  2.1 min
episode 325/1013  eps 0.052  train return  +19.07%  loss 3.93e-05  maxQ +0.0111  changes   416  2.1 min
episode 326/1013  eps 0.051  train return   +4.29%  loss 3.98e-05  maxQ +0.0104  changes   402  2.1 min
episode 327/1013  eps 0.051  train return  +27.54%  loss 3.95e-05  maxQ +0.0107  changes   392  2.1 min
episode 328/1013  eps 0.050  train return  +10.83%  loss 4.01e-05  maxQ +0.0111  changes   388  2.1 min
episode 329/1013  eps 0.050  train return  +21.85%  loss 4.14e-05  maxQ +0.0112  changes   421  2.2 min
episode 330/1013  eps 0.049  train return   +2.36%  loss 4.03e-05  maxQ +0.0110  changes   426  2.2 min | val return +22.21% (best +22.21%)
episode 331/1013  eps 0.049  train return  +34.79%  loss 3.68e-05  maxQ +0.0100  changes   475  2.2 min
episode 332/1013  eps 0.049  train return  +46.98%  loss 3.91e-05  maxQ +0.0103  changes   478  2.2 min
episode 333/1013  eps 0.048  train return  +11.86%  loss 3.97e-05  maxQ +0.0103  changes   462  2.2 min
episode 334/1013  eps 0.048  train return  +16.63%  loss 4.12e-05  maxQ +0.0103  changes   419  2.2 min
episode 335/1013  eps 0.047  train return  +18.07%  loss 3.88e-05  maxQ +0.0104  changes   436  2.2 min
episode 336/1013  eps 0.047  train return  +15.02%  loss 3.90e-05  maxQ +0.0112  changes   440  2.2 min
episode 337/1013  eps 0.046  train return  +69.98%  loss 3.72e-05  maxQ +0.0105  changes   480  2.2 min
episode 338/1013  eps 0.046  train return +202.30%  loss 3.77e-05  maxQ +0.0109  changes   503  2.2 min
episode 339/1013  eps 0.046  train return  +53.22%  loss 3.82e-05  maxQ +0.0112  changes   444  2.2 min
episode 340/1013  eps 0.045  train return   +7.27%  loss 4.64e-05  maxQ +0.0112  changes   456  2.2 min | val return -12.98% (best +22.21%)
episode 341/1013  eps 0.045  train return   +5.89%  loss 4.09e-05  maxQ +0.0113  changes   289  2.2 min
episode 342/1013  eps 0.044  train return   +4.63%  loss 3.64e-05  maxQ +0.0109  changes   364  2.2 min
episode 343/1013  eps 0.044  train return   +7.35%  loss 3.57e-05  maxQ +0.0105  changes   388  2.3 min
episode 344/1013  eps 0.043  train return   +0.50%  loss 3.67e-05  maxQ +0.0110  changes   399  2.3 min
episode 345/1013  eps 0.043  train return  +22.56%  loss 3.40e-05  maxQ +0.0108  changes   412  2.3 min
episode 346/1013  eps 0.043  train return  +28.58%  loss 3.53e-05  maxQ +0.0105  changes   454  2.3 min
episode 347/1013  eps 0.042  train return  +10.93%  loss 3.38e-05  maxQ +0.0102  changes   331  2.3 min
episode 348/1013  eps 0.042  train return  +20.84%  loss 3.55e-05  maxQ +0.0106  changes   385  2.3 min
episode 349/1013  eps 0.042  train return   +9.02%  loss 3.48e-05  maxQ +0.0102  changes   370  2.3 min
episode 350/1013  eps 0.041  train return  +46.21%  loss 3.61e-05  maxQ +0.0110  changes   399  2.3 min | val return -2.53% (best +22.21%)
episode 351/1013  eps 0.041  train return   +0.36%  loss 3.93e-05  maxQ +0.0108  changes   384  2.3 min
episode 352/1013  eps 0.040  train return +176.95%  loss 3.61e-05  maxQ +0.0111  changes   492  2.3 min
episode 353/1013  eps 0.040  train return  +22.99%  loss 3.71e-05  maxQ +0.0109  changes   412  2.3 min
episode 354/1013  eps 0.040  train return  +66.16%  loss 3.62e-05  maxQ +0.0108  changes   485  2.3 min
episode 355/1013  eps 0.039  train return  +82.73%  loss 3.93e-05  maxQ +0.0107  changes   436  2.3 min
episode 356/1013  eps 0.039  train return  +39.22%  loss 3.76e-05  maxQ +0.0113  changes   423  2.3 min
episode 357/1013  eps 0.039  train return +105.22%  loss 3.98e-05  maxQ +0.0113  changes   485  2.3 min
episode 358/1013  eps 0.038  train return  +30.39%  loss 4.09e-05  maxQ +0.0117  changes   404  2.4 min
episode 359/1013  eps 0.038  train return   -5.50%  loss 4.16e-05  maxQ +0.0112  changes   321  2.4 min
episode 360/1013  eps 0.038  train return  +13.02%  loss 3.98e-05  maxQ +0.0119  changes   398  2.4 min | val return -28.12% (best +22.21%)
episode 361/1013  eps 0.037  train return  +24.25%  loss 4.32e-05  maxQ +0.0120  changes   421  2.4 min
episode 362/1013  eps 0.037  train return  +85.19%  loss 3.93e-05  maxQ +0.0114  changes   439  2.4 min
episode 363/1013  eps 0.037  train return  +31.86%  loss 3.98e-05  maxQ +0.0110  changes   405  2.4 min
episode 364/1013  eps 0.036  train return   -0.40%  loss 4.20e-05  maxQ +0.0114  changes   467  2.4 min
episode 365/1013  eps 0.036  train return  +39.11%  loss 4.19e-05  maxQ +0.0123  changes   406  2.4 min
episode 366/1013  eps 0.036  train return  +11.63%  loss 4.15e-05  maxQ +0.0120  changes   296  2.4 min
episode 367/1013  eps 0.035  train return  +12.53%  loss 3.98e-05  maxQ +0.0115  changes   312  2.4 min
episode 368/1013  eps 0.035  train return  +15.14%  loss 3.93e-05  maxQ +0.0122  changes   349  2.4 min
episode 369/1013  eps 0.035  train return  -10.30%  loss 3.91e-05  maxQ +0.0114  changes   351  2.4 min
episode 370/1013  eps 0.034  train return   +5.90%  loss 4.07e-05  maxQ +0.0114  changes   435  2.4 min | val return -11.87% (best +22.21%)
episode 371/1013  eps 0.034  train return   +9.76%  loss 4.05e-05  maxQ +0.0118  changes   341  2.4 min
episode 372/1013  eps 0.034  train return  -10.17%  loss 4.10e-05  maxQ +0.0122  changes   384  2.5 min
episode 373/1013  eps 0.033  train return  +26.77%  loss 4.38e-05  maxQ +0.0122  changes   384  2.5 min
episode 374/1013  eps 0.033  train return  +49.17%  loss 4.15e-05  maxQ +0.0118  changes   468  2.5 min
episode 375/1013  eps 0.033  train return  +61.10%  loss 4.34e-05  maxQ +0.0113  changes   356  2.5 min
episode 376/1013  eps 0.032  train return  +10.26%  loss 4.42e-05  maxQ +0.0115  changes   267  2.5 min
episode 377/1013  eps 0.032  train return   -1.28%  loss 3.78e-05  maxQ +0.0114  changes   321  2.5 min
episode 378/1013  eps 0.032  train return  +19.97%  loss 3.66e-05  maxQ +0.0115  changes   338  2.5 min
episode 379/1013  eps 0.032  train return  +18.89%  loss 3.59e-05  maxQ +0.0112  changes   326  2.5 min
episode 380/1013  eps 0.031  train return  +37.85%  loss 3.75e-05  maxQ +0.0116  changes   408  2.5 min | val return -19.83% (best +22.21%)
episode 381/1013  eps 0.031  train return  +66.77%  loss 4.03e-05  maxQ +0.0116  changes   408  2.5 min
episode 382/1013  eps 0.031  train return  +30.95%  loss 4.36e-05  maxQ +0.0116  changes   396  2.5 min
episode 383/1013  eps 0.030  train return   -1.71%  loss 4.31e-05  maxQ +0.0122  changes   355  2.5 min
episode 384/1013  eps 0.030  train return  +17.02%  loss 3.73e-05  maxQ +0.0118  changes   371  2.5 min
episode 385/1013  eps 0.030  train return  +37.94%  loss 3.82e-05  maxQ +0.0120  changes   413  2.5 min
episode 386/1013  eps 0.030  train return  +78.06%  loss 3.83e-05  maxQ +0.0116  changes   397  2.6 min
episode 387/1013  eps 0.029  train return  +48.80%  loss 3.96e-05  maxQ +0.0112  changes   413  2.6 min
episode 388/1013  eps 0.029  train return   +8.13%  loss 4.07e-05  maxQ +0.0112  changes   345  2.6 min
episode 389/1013  eps 0.029  train return  +13.57%  loss 4.06e-05  maxQ +0.0116  changes   385  2.6 min
episode 390/1013  eps 0.029  train return   +9.68%  loss 3.88e-05  maxQ +0.0114  changes   375  2.6 min | val return -4.83% (best +22.21%)
episode 391/1013  eps 0.028  train return  +34.88%  loss 3.88e-05  maxQ +0.0113  changes   413  2.6 min
episode 392/1013  eps 0.028  train return  +87.79%  loss 3.92e-05  maxQ +0.0110  changes   478  2.6 min
episode 393/1013  eps 0.028  train return   +7.29%  loss 3.99e-05  maxQ +0.0115  changes   390  2.6 min
episode 394/1013  eps 0.028  train return  +10.27%  loss 4.38e-05  maxQ +0.0115  changes   365  2.6 min
episode 395/1013  eps 0.027  train return   -9.56%  loss 3.90e-05  maxQ +0.0111  changes   357  2.6 min
episode 396/1013  eps 0.027  train return  +12.20%  loss 3.65e-05  maxQ +0.0112  changes   403  2.6 min
episode 397/1013  eps 0.027  train return  +74.39%  loss 3.64e-05  maxQ +0.0107  changes   442  2.6 min
episode 398/1013  eps 0.027  train return  +30.23%  loss 3.75e-05  maxQ +0.0106  changes   388  2.6 min
episode 399/1013  eps 0.026  train return  +78.48%  loss 3.80e-05  maxQ +0.0108  changes   472  2.6 min
episode 400/1013  eps 0.026  train return  +27.56%  loss 4.39e-05  maxQ +0.0109  changes   472  2.7 min | val return -18.48% (best +22.21%)
episode 401/1013  eps 0.026  train return  +10.09%  loss 3.89e-05  maxQ +0.0109  changes   441  2.7 min
episode 402/1013  eps 0.026  train return   +8.93%  loss 3.67e-05  maxQ +0.0113  changes   454  2.7 min
episode 403/1013  eps 0.025  train return  +15.41%  loss 3.82e-05  maxQ +0.0113  changes   463  2.7 min
episode 404/1013  eps 0.025  train return  +30.61%  loss 4.19e-05  maxQ +0.0113  changes   474  2.7 min
episode 405/1013  eps 0.025  train return  +41.43%  loss 3.69e-05  maxQ +0.0107  changes   388  2.7 min
episode 406/1013  eps 0.025  train return   -0.41%  loss 3.80e-05  maxQ +0.0107  changes   404  2.7 min
episode 407/1013  eps 0.024  train return  +21.97%  loss 3.40e-05  maxQ +0.0108  changes   480  2.7 min
episode 408/1013  eps 0.024  train return  +30.76%  loss 3.50e-05  maxQ +0.0110  changes   411  2.7 min
episode 409/1013  eps 0.024  train return  +12.76%  loss 3.90e-05  maxQ +0.0105  changes   394  2.7 min
episode 410/1013  eps 0.024  train return  +59.03%  loss 3.60e-05  maxQ +0.0099  changes   441  2.7 min | val return -15.73% (best +22.21%)
episode 411/1013  eps 0.024  train return +108.14%  loss 3.60e-05  maxQ +0.0105  changes   447  2.7 min
episode 412/1013  eps 0.023  train return  +12.19%  loss 3.84e-05  maxQ +0.0108  changes   393  2.7 min
episode 413/1013  eps 0.023  train return   +1.20%  loss 3.49e-05  maxQ +0.0108  changes   418  2.7 min
episode 414/1013  eps 0.023  train return  +37.13%  loss 3.97e-05  maxQ +0.0102  changes   431  2.8 min
episode 415/1013  eps 0.023  train return  +27.90%  loss 3.89e-05  maxQ +0.0103  changes   435  2.8 min
episode 416/1013  eps 0.023  train return  +28.45%  loss 3.86e-05  maxQ +0.0102  changes   496  2.8 min
episode 417/1013  eps 0.022  train return   -3.05%  loss 3.59e-05  maxQ +0.0107  changes   438  2.8 min
episode 418/1013  eps 0.022  train return   +6.37%  loss 4.05e-05  maxQ +0.0107  changes   456  2.8 min
episode 419/1013  eps 0.022  train return  +45.36%  loss 4.23e-05  maxQ +0.0111  changes   486  2.8 min
episode 420/1013  eps 0.022  train return  +39.09%  loss 3.97e-05  maxQ +0.0108  changes   481  2.8 min | val return -31.42% (best +22.21%)
episode 421/1013  eps 0.022  train return  +29.65%  loss 3.73e-05  maxQ +0.0108  changes   492  2.8 min
episode 422/1013  eps 0.021  train return  +22.39%  loss 3.78e-05  maxQ +0.0106  changes   435  2.8 min
episode 423/1013  eps 0.021  train return   +5.77%  loss 3.58e-05  maxQ +0.0110  changes   457  2.8 min
episode 424/1013  eps 0.021  train return   -6.73%  loss 3.81e-05  maxQ +0.0104  changes   376  2.8 min
episode 425/1013  eps 0.021  train return +287.34%  loss 3.77e-05  maxQ +0.0104  changes   450  2.8 min
episode 426/1013  eps 0.021  train return  +47.53%  loss 3.64e-05  maxQ +0.0104  changes   410  2.8 min
episode 427/1013  eps 0.020  train return   -6.48%  loss 3.72e-05  maxQ +0.0113  changes   460  2.8 min
episode 428/1013  eps 0.020  train return  +61.04%  loss 3.71e-05  maxQ +0.0100  changes   515  2.8 min
episode 429/1013  eps 0.020  train return   +2.26%  loss 3.69e-05  maxQ +0.0104  changes   386  2.9 min
episode 430/1013  eps 0.020  train return   -0.46%  loss 3.91e-05  maxQ +0.0102  changes   419  2.9 min | val return -13.20% (best +22.21%)
episode 431/1013  eps 0.020  train return   +8.67%  loss 4.06e-05  maxQ +0.0106  changes   419  2.9 min
episode 432/1013  eps 0.019  train return  +20.03%  loss 3.77e-05  maxQ +0.0103  changes   456  2.9 min
episode 433/1013  eps 0.019  train return  +64.55%  loss 3.49e-05  maxQ +0.0102  changes   411  2.9 min
episode 434/1013  eps 0.019  train return +434.93%  loss 3.79e-05  maxQ +0.0099  changes   506  2.9 min
episode 435/1013  eps 0.019  train return  +52.19%  loss 3.61e-05  maxQ +0.0101  changes   519  2.9 min
episode 436/1013  eps 0.019  train return +115.61%  loss 3.81e-05  maxQ +0.0107  changes   441  2.9 min
episode 437/1013  eps 0.019  train return  +20.03%  loss 3.68e-05  maxQ +0.0112  changes   476  2.9 min
episode 438/1013  eps 0.018  train return   +4.23%  loss 3.68e-05  maxQ +0.0116  changes   394  2.9 min
episode 439/1013  eps 0.018  train return  +17.16%  loss 3.69e-05  maxQ +0.0108  changes   342  2.9 min
episode 440/1013  eps 0.018  train return  -10.53%  loss 3.67e-05  maxQ +0.0108  changes   414  2.9 min | val return -6.33% (best +22.21%)
episode 441/1013  eps 0.018  train return  +94.92%  loss 3.74e-05  maxQ +0.0112  changes   428  2.9 min
episode 442/1013  eps 0.018  train return   +5.52%  loss 3.92e-05  maxQ +0.0114  changes   398  2.9 min
episode 443/1013  eps 0.018  train return  +89.54%  loss 3.82e-05  maxQ +0.0108  changes   409  3.0 min
episode 444/1013  eps 0.017  train return  +47.94%  loss 3.68e-05  maxQ +0.0112  changes   403  3.0 min
episode 445/1013  eps 0.017  train return  +43.69%  loss 3.74e-05  maxQ +0.0107  changes   438  3.0 min
episode 446/1013  eps 0.017  train return  +47.50%  loss 3.86e-05  maxQ +0.0108  changes   418  3.0 min
episode 447/1013  eps 0.017  train return  -17.85%  loss 3.56e-05  maxQ +0.0103  changes   383  3.0 min
episode 448/1013  eps 0.017  train return  +82.72%  loss 4.02e-05  maxQ +0.0109  changes   423  3.0 min
episode 449/1013  eps 0.017  train return  +18.60%  loss 3.61e-05  maxQ +0.0105  changes   378  3.0 min
episode 450/1013  eps 0.016  train return  +12.86%  loss 3.95e-05  maxQ +0.0109  changes   354  3.0 min | val return -19.14% (best +22.21%)
episode 451/1013  eps 0.016  train return  +39.73%  loss 3.70e-05  maxQ +0.0109  changes   385  3.0 min
episode 452/1013  eps 0.016  train return   +1.27%  loss 3.70e-05  maxQ +0.0108  changes   429  3.0 min
episode 453/1013  eps 0.016  train return  +11.81%  loss 3.63e-05  maxQ +0.0111  changes   376  3.0 min
episode 454/1013  eps 0.016  train return  +14.91%  loss 3.61e-05  maxQ +0.0113  changes   391  3.0 min
episode 455/1013  eps 0.016  train return  +99.96%  loss 3.29e-05  maxQ +0.0100  changes   446  3.0 min
episode 456/1013  eps 0.016  train return   -1.66%  loss 3.54e-05  maxQ +0.0102  changes   328  3.0 min
episode 457/1013  eps 0.015  train return +139.83%  loss 3.79e-05  maxQ +0.0108  changes   395  3.1 min
episode 458/1013  eps 0.015  train return  +99.00%  loss 3.62e-05  maxQ +0.0109  changes   401  3.1 min
episode 459/1013  eps 0.015  train return  +69.49%  loss 3.87e-05  maxQ +0.0120  changes   419  3.1 min
episode 460/1013  eps 0.015  train return  -10.96%  loss 3.79e-05  maxQ +0.0115  changes   370  3.1 min | val return -13.08% (best +22.21%)
episode 461/1013  eps 0.015  train return   +5.42%  loss 3.92e-05  maxQ +0.0114  changes   388  3.1 min
episode 462/1013  eps 0.015  train return  +71.05%  loss 3.97e-05  maxQ +0.0120  changes   434  3.1 min
episode 463/1013  eps 0.015  train return  +31.96%  loss 3.99e-05  maxQ +0.0124  changes   413  3.1 min
episode 464/1013  eps 0.015  train return  +24.54%  loss 3.85e-05  maxQ +0.0118  changes   352  3.1 min
episode 465/1013  eps 0.014  train return  +18.30%  loss 3.85e-05  maxQ +0.0119  changes   415  3.1 min
episode 466/1013  eps 0.014  train return  +33.00%  loss 4.04e-05  maxQ +0.0118  changes   449  3.1 min
episode 467/1013  eps 0.014  train return  +50.40%  loss 4.18e-05  maxQ +0.0123  changes   452  3.1 min
episode 468/1013  eps 0.014  train return   +6.45%  loss 3.83e-05  maxQ +0.0117  changes   338  3.1 min
episode 469/1013  eps 0.014  train return  +26.15%  loss 3.63e-05  maxQ +0.0111  changes   439  3.1 min
episode 470/1013  eps 0.014  train return   -2.96%  loss 3.58e-05  maxQ +0.0105  changes   329  3.1 min | val return -2.02% (best +22.21%)
episode 471/1013  eps 0.014  train return   -7.62%  loss 3.40e-05  maxQ +0.0107  changes   387  3.2 min
episode 472/1013  eps 0.013  train return +149.74%  loss 3.70e-05  maxQ +0.0105  changes   456  3.2 min
episode 473/1013  eps 0.013  train return  +54.22%  loss 3.78e-05  maxQ +0.0111  changes   407  3.2 min
episode 474/1013  eps 0.013  train return   +9.11%  loss 3.77e-05  maxQ +0.0104  changes   285  3.2 min
episode 475/1013  eps 0.013  train return  +88.68%  loss 3.67e-05  maxQ +0.0106  changes   392  3.2 min
episode 476/1013  eps 0.013  train return   +8.52%  loss 3.70e-05  maxQ +0.0105  changes   407  3.2 min
episode 477/1013  eps 0.013  train return   -2.04%  loss 3.62e-05  maxQ +0.0108  changes   296  3.2 min
episode 478/1013  eps 0.013  train return  +30.44%  loss 3.74e-05  maxQ +0.0111  changes   369  3.2 min
episode 479/1013  eps 0.013  train return  +42.03%  loss 3.76e-05  maxQ +0.0110  changes   374  3.2 min
episode 480/1013  eps 0.013  train return +209.97%  loss 3.83e-05  maxQ +0.0108  changes   414  3.2 min | val return -8.51% (best +22.21%)
episode 481/1013  eps 0.012  train return  +18.38%  loss 3.91e-05  maxQ +0.0110  changes   375  3.2 min
episode 482/1013  eps 0.012  train return   -2.81%  loss 4.01e-05  maxQ +0.0115  changes   364  3.2 min
episode 483/1013  eps 0.012  train return   +7.71%  loss 3.82e-05  maxQ +0.0109  changes   307  3.3 min
episode 484/1013  eps 0.012  train return +122.12%  loss 3.72e-05  maxQ +0.0107  changes   384  3.3 min
episode 485/1013  eps 0.012  train return   +6.75%  loss 3.75e-05  maxQ +0.0113  changes   303  3.3 min
episode 486/1013  eps 0.012  train return   -2.79%  loss 4.00e-05  maxQ +0.0119  changes   334  3.3 min
episode 487/1013  eps 0.012  train return   +6.94%  loss 3.84e-05  maxQ +0.0123  changes   332  3.3 min
episode 488/1013  eps 0.012  train return +357.93%  loss 3.89e-05  maxQ +0.0118  changes   439  3.3 min
episode 489/1013  eps 0.012  train return   +8.03%  loss 4.04e-05  maxQ +0.0115  changes   315  3.3 min
episode 490/1013  eps 0.011  train return  +13.59%  loss 4.01e-05  maxQ +0.0116  changes   399  3.3 min | val return +18.77% (best +22.21%)
episode 491/1013  eps 0.011  train return  +10.92%  loss 3.65e-05  maxQ +0.0118  changes   361  3.3 min
episode 492/1013  eps 0.011  train return  +19.79%  loss 3.71e-05  maxQ +0.0117  changes   384  3.3 min
episode 493/1013  eps 0.011  train return  +44.89%  loss 3.68e-05  maxQ +0.0116  changes   437  3.3 min
episode 494/1013  eps 0.011  train return  +16.49%  loss 3.72e-05  maxQ +0.0114  changes   370  3.3 min
episode 495/1013  eps 0.011  train return  +20.84%  loss 3.75e-05  maxQ +0.0114  changes   354  3.3 min
episode 496/1013  eps 0.011  train return   +5.83%  loss 4.20e-05  maxQ +0.0117  changes   342  3.3 min
episode 497/1013  eps 0.011  train return  +47.58%  loss 3.68e-05  maxQ +0.0125  changes   404  3.3 min
episode 498/1013  eps 0.011  train return   +3.87%  loss 3.55e-05  maxQ +0.0121  changes   353  3.4 min
episode 499/1013  eps 0.011  train return  +31.38%  loss 3.85e-05  maxQ +0.0120  changes   456  3.4 min
episode 500/1013  eps 0.010  train return   +8.55%  loss 3.84e-05  maxQ +0.0115  changes   410  3.4 min | val return -3.94% (best +22.21%)
episode 501/1013  eps 0.010  train return  +10.69%  loss 3.71e-05  maxQ +0.0114  changes   364  3.4 min
episode 502/1013  eps 0.010  train return  +10.34%  loss 3.53e-05  maxQ +0.0117  changes   369  3.4 min
episode 503/1013  eps 0.010  train return   -5.31%  loss 3.52e-05  maxQ +0.0114  changes   336  3.4 min
episode 504/1013  eps 0.010  train return  +36.37%  loss 3.78e-05  maxQ +0.0118  changes   396  3.4 min
episode 505/1013  eps 0.010  train return  +13.08%  loss 3.78e-05  maxQ +0.0113  changes   367  3.4 min
episode 506/1013  eps 0.010  train return  +22.75%  loss 3.72e-05  maxQ +0.0112  changes   401  3.4 min
episode 507/1013  eps 0.010  train return   +5.60%  loss 3.55e-05  maxQ +0.0113  changes   367  3.4 min
episode 508/1013  eps 0.010  train return +425.76%  loss 3.76e-05  maxQ +0.0110  changes   475  3.4 min
episode 509/1013  eps 0.010  train return  +35.15%  loss 3.67e-05  maxQ +0.0107  changes   368  3.4 min
episode 510/1013  eps 0.010  train return   -2.70%  loss 3.72e-05  maxQ +0.0111  changes   278  3.4 min | val return -12.14% (best +22.21%)
episode 511/1013  eps 0.010  train return  +20.97%  loss 3.63e-05  maxQ +0.0109  changes   438  3.5 min
episode 512/1013  eps 0.010  train return  +17.32%  loss 3.40e-05  maxQ +0.0111  changes   364  3.5 min
episode 513/1013  eps 0.010  train return  +50.44%  loss 3.59e-05  maxQ +0.0109  changes   465  3.5 min
episode 514/1013  eps 0.010  train return  -10.20%  loss 3.48e-05  maxQ +0.0102  changes   393  3.5 min
episode 515/1013  eps 0.010  train return   +8.54%  loss 3.62e-05  maxQ +0.0099  changes   307  3.5 min
episode 516/1013  eps 0.010  train return  +35.98%  loss 3.46e-05  maxQ +0.0099  changes   387  3.5 min
episode 517/1013  eps 0.010  train return   +2.39%  loss 3.58e-05  maxQ +0.0109  changes   278  3.5 min
episode 518/1013  eps 0.010  train return +111.31%  loss 3.83e-05  maxQ +0.0106  changes   388  3.5 min
episode 519/1013  eps 0.010  train return  +52.16%  loss 3.74e-05  maxQ +0.0107  changes   404  3.5 min
episode 520/1013  eps 0.010  train return   -0.11%  loss 4.03e-05  maxQ +0.0107  changes   372  3.5 min | val return -7.43% (best +22.21%)
episode 521/1013  eps 0.010  train return   +6.37%  loss 3.88e-05  maxQ +0.0110  changes   343  3.5 min
episode 522/1013  eps 0.010  train return  +12.10%  loss 3.82e-05  maxQ +0.0110  changes   401  3.5 min
episode 523/1013  eps 0.010  train return  +18.28%  loss 3.64e-05  maxQ +0.0110  changes   371  3.5 min
episode 524/1013  eps 0.010  train return  +31.47%  loss 4.01e-05  maxQ +0.0106  changes   374  3.6 min
episode 525/1013  eps 0.010  train return  +53.49%  loss 3.66e-05  maxQ +0.0107  changes   388  3.6 min
episode 526/1013  eps 0.010  train return  +58.73%  loss 3.60e-05  maxQ +0.0110  changes   446  3.6 min
episode 527/1013  eps 0.010  train return  +14.64%  loss 3.72e-05  maxQ +0.0115  changes   342  3.6 min
episode 528/1013  eps 0.010  train return +230.60%  loss 3.69e-05  maxQ +0.0109  changes   428  3.6 min
episode 529/1013  eps 0.010  train return  +12.69%  loss 3.66e-05  maxQ +0.0105  changes   394  3.6 min
episode 530/1013  eps 0.010  train return  +59.71%  loss 3.83e-05  maxQ +0.0109  changes   374  3.6 min | val return -22.41% (best +22.21%)
episode 531/1013  eps 0.010  train return  +72.56%  loss 3.76e-05  maxQ +0.0108  changes   431  3.6 min
episode 532/1013  eps 0.010  train return  +37.10%  loss 3.88e-05  maxQ +0.0104  changes   384  3.6 min
episode 533/1013  eps 0.010  train return  +12.10%  loss 3.84e-05  maxQ +0.0112  changes   304  3.7 min
episode 534/1013  eps 0.010  train return  +20.49%  loss 3.89e-05  maxQ +0.0110  changes   429  3.7 min
episode 535/1013  eps 0.010  train return  +13.38%  loss 3.94e-05  maxQ +0.0112  changes   350  3.7 min
episode 536/1013  eps 0.010  train return  +54.79%  loss 3.93e-05  maxQ +0.0115  changes   350  3.7 min
episode 537/1013  eps 0.010  train return   +1.02%  loss 3.67e-05  maxQ +0.0111  changes   327  3.7 min
episode 538/1013  eps 0.010  train return  +52.24%  loss 3.82e-05  maxQ +0.0110  changes   420  3.7 min
episode 539/1013  eps 0.010  train return  +83.94%  loss 3.69e-05  maxQ +0.0112  changes   378  3.7 min
episode 540/1013  eps 0.010  train return   +5.66%  loss 4.00e-05  maxQ +0.0113  changes   280  3.7 min | val return -32.89% (best +22.21%)
episode 541/1013  eps 0.010  train return  +15.68%  loss 4.07e-05  maxQ +0.0112  changes   234  3.7 min
episode 542/1013  eps 0.010  train return   +8.89%  loss 3.84e-05  maxQ +0.0110  changes   349  3.7 min
episode 543/1013  eps 0.010  train return  +16.53%  loss 3.57e-05  maxQ +0.0106  changes   256  3.7 min
episode 544/1013  eps 0.010  train return  +19.73%  loss 3.80e-05  maxQ +0.0109  changes   410  3.7 min
episode 545/1013  eps 0.010  train return  +63.35%  loss 3.98e-05  maxQ +0.0110  changes   385  3.8 min
episode 546/1013  eps 0.010  train return  +52.93%  loss 4.03e-05  maxQ +0.0112  changes   395  3.8 min
episode 547/1013  eps 0.010  train return  +34.28%  loss 3.78e-05  maxQ +0.0114  changes   399  3.8 min
episode 548/1013  eps 0.010  train return   +4.55%  loss 3.94e-05  maxQ +0.0112  changes   264  3.8 min
episode 549/1013  eps 0.010  train return  +14.14%  loss 4.18e-05  maxQ +0.0109  changes   365  3.8 min
episode 550/1013  eps 0.010  train return  +37.05%  loss 3.72e-05  maxQ +0.0113  changes   362  3.8 min | val return -15.26% (best +22.21%)
episode 551/1013  eps 0.010  train return   +5.92%  loss 3.55e-05  maxQ +0.0109  changes   340  3.8 min
episode 552/1013  eps 0.010  train return  +79.56%  loss 3.83e-05  maxQ +0.0107  changes   412  3.8 min
episode 553/1013  eps 0.010  train return +208.66%  loss 3.73e-05  maxQ +0.0107  changes   395  3.8 min
episode 554/1013  eps 0.010  train return  +20.19%  loss 3.72e-05  maxQ +0.0106  changes   433  3.8 min
episode 555/1013  eps 0.010  train return  +97.97%  loss 3.91e-05  maxQ +0.0111  changes   428  3.8 min
episode 556/1013  eps 0.010  train return  -10.39%  loss 4.11e-05  maxQ +0.0113  changes   262  3.8 min
episode 557/1013  eps 0.010  train return  +36.16%  loss 3.87e-05  maxQ +0.0109  changes   379  3.8 min
episode 558/1013  eps 0.010  train return  +15.37%  loss 3.87e-05  maxQ +0.0108  changes   351  3.9 min
episode 559/1013  eps 0.010  train return   +6.58%  loss 3.59e-05  maxQ +0.0106  changes   293  3.9 min
episode 560/1013  eps 0.010  train return  +23.77%  loss 3.88e-05  maxQ +0.0109  changes   428  3.9 min | val return -5.56% (best +22.21%)
episode 561/1013  eps 0.010  train return   -4.82%  loss 3.79e-05  maxQ +0.0104  changes   222  3.9 min
episode 562/1013  eps 0.010  train return  +23.43%  loss 3.67e-05  maxQ +0.0110  changes   440  3.9 min
episode 563/1013  eps 0.010  train return  +95.50%  loss 3.88e-05  maxQ +0.0108  changes   389  3.9 min
episode 564/1013  eps 0.010  train return   +2.16%  loss 3.80e-05  maxQ +0.0108  changes   317  3.9 min
episode 565/1013  eps 0.010  train return  +39.59%  loss 3.84e-05  maxQ +0.0117  changes   359  3.9 min
episode 566/1013  eps 0.010  train return   +6.18%  loss 4.02e-05  maxQ +0.0112  changes   328  3.9 min
episode 567/1013  eps 0.010  train return  +29.92%  loss 3.94e-05  maxQ +0.0116  changes   368  3.9 min
episode 568/1013  eps 0.010  train return   -5.80%  loss 3.95e-05  maxQ +0.0116  changes   287  3.9 min
episode 569/1013  eps 0.010  train return  +16.53%  loss 4.02e-05  maxQ +0.0111  changes   382  3.9 min
episode 570/1013  eps 0.010  train return  +98.03%  loss 3.95e-05  maxQ +0.0122  changes   407  3.9 min | val return -37.85% (best +22.21%)
episode 571/1013  eps 0.010  train return  +18.39%  loss 4.08e-05  maxQ +0.0116  changes   356  3.9 min
episode 572/1013  eps 0.010  train return  +70.66%  loss 4.17e-05  maxQ +0.0112  changes   352  3.9 min
episode 573/1013  eps 0.010  train return   -1.75%  loss 4.21e-05  maxQ +0.0114  changes   338  4.0 min
episode 574/1013  eps 0.010  train return  +93.60%  loss 4.45e-05  maxQ +0.0110  changes   396  4.0 min
episode 575/1013  eps 0.010  train return  +35.06%  loss 4.23e-05  maxQ +0.0115  changes   372  4.0 min
episode 576/1013  eps 0.010  train return  +89.07%  loss 3.96e-05  maxQ +0.0106  changes   359  4.0 min
episode 577/1013  eps 0.010  train return  +52.59%  loss 4.05e-05  maxQ +0.0108  changes   351  4.0 min
episode 578/1013  eps 0.010  train return  +21.41%  loss 4.09e-05  maxQ +0.0106  changes   310  4.0 min
episode 579/1013  eps 0.010  train return  -14.43%  loss 3.69e-05  maxQ +0.0110  changes   279  4.0 min
episode 580/1013  eps 0.010  train return  +83.05%  loss 3.96e-05  maxQ +0.0113  changes   455  4.0 min | val return -16.11% (best +22.21%)
episode 581/1013  eps 0.010  train return  +62.52%  loss 4.05e-05  maxQ +0.0116  changes   369  4.0 min
episode 582/1013  eps 0.010  train return  +39.97%  loss 3.95e-05  maxQ +0.0109  changes   398  4.0 min
episode 583/1013  eps 0.010  train return +129.75%  loss 3.91e-05  maxQ +0.0113  changes   457  4.0 min
episode 584/1013  eps 0.010  train return  +22.14%  loss 3.81e-05  maxQ +0.0107  changes   400  4.0 min
episode 585/1013  eps 0.010  train return  +97.83%  loss 3.86e-05  maxQ +0.0105  changes   450  4.0 min
episode 586/1013  eps 0.010  train return  +15.21%  loss 3.70e-05  maxQ +0.0108  changes   416  4.0 min
episode 587/1013  eps 0.010  train return  +18.89%  loss 4.10e-05  maxQ +0.0113  changes   301  4.0 min
episode 588/1013  eps 0.010  train return +115.85%  loss 4.04e-05  maxQ +0.0111  changes   380  4.1 min
episode 589/1013  eps 0.010  train return  +32.09%  loss 4.08e-05  maxQ +0.0112  changes   363  4.1 min
episode 590/1013  eps 0.010  train return  +14.03%  loss 3.92e-05  maxQ +0.0111  changes   330  4.1 min | val return -10.69% (best +22.21%)
episode 591/1013  eps 0.010  train return   +8.00%  loss 4.07e-05  maxQ +0.0121  changes   252  4.1 min
episode 592/1013  eps 0.010  train return   +4.85%  loss 4.33e-05  maxQ +0.0117  changes   357  4.1 min
episode 593/1013  eps 0.010  train return  +13.41%  loss 4.21e-05  maxQ +0.0113  changes   375  4.1 min
episode 594/1013  eps 0.010  train return  +15.11%  loss 3.76e-05  maxQ +0.0113  changes   280  4.1 min
episode 595/1013  eps 0.010  train return  +40.76%  loss 3.92e-05  maxQ +0.0106  changes   365  4.1 min
episode 596/1013  eps 0.010  train return  +13.27%  loss 4.10e-05  maxQ +0.0115  changes   342  4.1 min
episode 597/1013  eps 0.010  train return  +15.78%  loss 4.52e-05  maxQ +0.0114  changes   335  4.1 min
episode 598/1013  eps 0.010  train return  +47.53%  loss 4.03e-05  maxQ +0.0110  changes   401  4.1 min
episode 599/1013  eps 0.010  train return  +40.31%  loss 3.87e-05  maxQ +0.0109  changes   388  4.1 min
episode 600/1013  eps 0.010  train return  -20.35%  loss 4.04e-05  maxQ +0.0107  changes   373  4.1 min | val return -13.99% (best +22.21%)
episode 601/1013  eps 0.010  train return   -1.50%  loss 3.64e-05  maxQ +0.0109  changes   300  4.2 min
episode 602/1013  eps 0.010  train return  +68.49%  loss 3.80e-05  maxQ +0.0114  changes   399  4.2 min
episode 603/1013  eps 0.010  train return  +76.32%  loss 4.09e-05  maxQ +0.0114  changes   392  4.2 min
episode 604/1013  eps 0.010  train return  +32.13%  loss 3.65e-05  maxQ +0.0106  changes   386  4.2 min
episode 605/1013  eps 0.010  train return  -18.16%  loss 3.78e-05  maxQ +0.0107  changes   327  4.2 min
episode 606/1013  eps 0.010  train return  +21.86%  loss 3.61e-05  maxQ +0.0110  changes   356  4.2 min
episode 607/1013  eps 0.010  train return  +54.82%  loss 3.73e-05  maxQ +0.0108  changes   405  4.2 min
episode 608/1013  eps 0.010  train return  +54.21%  loss 3.73e-05  maxQ +0.0104  changes   417  4.2 min
episode 609/1013  eps 0.010  train return   +1.11%  loss 3.56e-05  maxQ +0.0105  changes   318  4.2 min
episode 610/1013  eps 0.010  train return  +18.46%  loss 3.82e-05  maxQ +0.0107  changes   329  4.2 min | val return -14.66% (best +22.21%)
episode 611/1013  eps 0.010  train return  +33.77%  loss 3.51e-05  maxQ +0.0105  changes   390  4.2 min
episode 612/1013  eps 0.010  train return  +22.09%  loss 3.83e-05  maxQ +0.0106  changes   371  4.2 min
episode 613/1013  eps 0.010  train return  +47.05%  loss 3.82e-05  maxQ +0.0108  changes   441  4.2 min
episode 614/1013  eps 0.010  train return   +7.61%  loss 3.92e-05  maxQ +0.0110  changes   316  4.2 min
episode 615/1013  eps 0.010  train return  +14.80%  loss 3.55e-05  maxQ +0.0112  changes   286  4.2 min
episode 616/1013  eps 0.010  train return  +25.63%  loss 3.51e-05  maxQ +0.0108  changes   341  4.2 min
episode 617/1013  eps 0.010  train return  +16.60%  loss 3.35e-05  maxQ +0.0104  changes   326  4.3 min
episode 618/1013  eps 0.010  train return  -13.75%  loss 3.60e-05  maxQ +0.0111  changes   227  4.3 min
episode 619/1013  eps 0.010  train return  +86.52%  loss 3.65e-05  maxQ +0.0108  changes   397  4.3 min
episode 620/1013  eps 0.010  train return   -2.82%  loss 3.54e-05  maxQ +0.0109  changes   277  4.3 min | val return -11.00% (best +22.21%)
episode 621/1013  eps 0.010  train return  +27.45%  loss 4.12e-05  maxQ +0.0117  changes   377  4.3 min
episode 622/1013  eps 0.010  train return   +8.48%  loss 3.38e-05  maxQ +0.0114  changes   290  4.3 min
episode 623/1013  eps 0.010  train return  +14.10%  loss 3.42e-05  maxQ +0.0107  changes   309  4.3 min
episode 624/1013  eps 0.010  train return   +6.84%  loss 3.50e-05  maxQ +0.0101  changes   356  4.3 min
episode 625/1013  eps 0.010  train return  +38.95%  loss 3.54e-05  maxQ +0.0097  changes   332  4.3 min
episode 626/1013  eps 0.010  train return  +14.50%  loss 3.30e-05  maxQ +0.0096  changes   395  4.3 min
episode 627/1013  eps 0.010  train return  +21.78%  loss 3.71e-05  maxQ +0.0094  changes   356  4.3 min
episode 628/1013  eps 0.010  train return   +2.35%  loss 3.33e-05  maxQ +0.0096  changes   295  4.3 min
episode 629/1013  eps 0.010  train return   -0.61%  loss 3.39e-05  maxQ +0.0092  changes   242  4.3 min
episode 630/1013  eps 0.010  train return   +8.30%  loss 3.40e-05  maxQ +0.0096  changes   312  4.3 min | val return -22.38% (best +22.21%)
episode 631/1013  eps 0.010  train return  +31.67%  loss 3.53e-05  maxQ +0.0094  changes   369  4.4 min
episode 632/1013  eps 0.010  train return  +35.42%  loss 3.16e-05  maxQ +0.0100  changes   306  4.4 min
episode 633/1013  eps 0.010  train return  +84.74%  loss 3.27e-05  maxQ +0.0100  changes   421  4.4 min
episode 634/1013  eps 0.010  train return   +9.83%  loss 3.31e-05  maxQ +0.0101  changes   283  4.4 min
episode 635/1013  eps 0.010  train return   -8.94%  loss 3.39e-05  maxQ +0.0093  changes   263  4.4 min
episode 636/1013  eps 0.010  train return  +20.81%  loss 3.45e-05  maxQ +0.0099  changes   355  4.4 min
episode 637/1013  eps 0.010  train return  +87.76%  loss 3.19e-05  maxQ +0.0095  changes   397  4.4 min
episode 638/1013  eps 0.010  train return  +34.67%  loss 3.37e-05  maxQ +0.0101  changes   417  4.4 min
episode 639/1013  eps 0.010  train return  +72.01%  loss 3.39e-05  maxQ +0.0099  changes   409  4.4 min
episode 640/1013  eps 0.010  train return   -1.94%  loss 3.11e-05  maxQ +0.0097  changes   235  4.4 min | val return -11.13% (best +22.21%)
episode 641/1013  eps 0.010  train return  +40.95%  loss 3.35e-05  maxQ +0.0105  changes   335  4.4 min
episode 642/1013  eps 0.010  train return  +50.44%  loss 3.24e-05  maxQ +0.0099  changes   326  4.4 min
episode 643/1013  eps 0.010  train return  +23.46%  loss 3.18e-05  maxQ +0.0100  changes   415  4.4 min
episode 644/1013  eps 0.010  train return  +19.20%  loss 3.19e-05  maxQ +0.0107  changes   339  4.4 min
episode 645/1013  eps 0.010  train return  +35.83%  loss 3.14e-05  maxQ +0.0105  changes   378  4.4 min
episode 646/1013  eps 0.010  train return  +20.45%  loss 2.96e-05  maxQ +0.0098  changes   319  4.5 min
episode 647/1013  eps 0.010  train return  +17.70%  loss 3.19e-05  maxQ +0.0097  changes   292  4.5 min
episode 648/1013  eps 0.010  train return  +23.50%  loss 3.10e-05  maxQ +0.0093  changes   479  4.5 min
episode 649/1013  eps 0.010  train return   -1.94%  loss 3.41e-05  maxQ +0.0102  changes   276  4.5 min
episode 650/1013  eps 0.010  train return  +67.29%  loss 3.35e-05  maxQ +0.0102  changes   385  4.5 min | val return -15.38% (best +22.21%)
episode 651/1013  eps 0.010  train return  +50.85%  loss 3.03e-05  maxQ +0.0099  changes   381  4.5 min
episode 652/1013  eps 0.010  train return  +26.13%  loss 3.24e-05  maxQ +0.0097  changes   377  4.5 min
episode 653/1013  eps 0.010  train return  +58.13%  loss 3.06e-05  maxQ +0.0101  changes   379  4.5 min
episode 654/1013  eps 0.010  train return  +54.99%  loss 3.16e-05  maxQ +0.0104  changes   332  4.5 min
episode 655/1013  eps 0.010  train return  +55.48%  loss 3.49e-05  maxQ +0.0102  changes   393  4.5 min
episode 656/1013  eps 0.010  train return   +5.89%  loss 3.02e-05  maxQ +0.0101  changes   348  4.5 min
episode 657/1013  eps 0.010  train return  +79.77%  loss 3.05e-05  maxQ +0.0096  changes   384  4.5 min
episode 658/1013  eps 0.010  train return   -1.62%  loss 3.11e-05  maxQ +0.0093  changes   238  4.5 min
episode 659/1013  eps 0.010  train return  +12.38%  loss 2.90e-05  maxQ +0.0098  changes   291  4.5 min
episode 660/1013  eps 0.010  train return  -16.75%  loss 3.05e-05  maxQ +0.0103  changes   247  4.5 min | val return -18.95% (best +22.21%)
episode 661/1013  eps 0.010  train return   +1.68%  loss 3.17e-05  maxQ +0.0103  changes   318  4.6 min
episode 662/1013  eps 0.010  train return   +4.63%  loss 2.98e-05  maxQ +0.0106  changes   286  4.6 min
episode 663/1013  eps 0.010  train return  +11.64%  loss 2.93e-05  maxQ +0.0095  changes   274  4.6 min
episode 664/1013  eps 0.010  train return +134.47%  loss 3.17e-05  maxQ +0.0107  changes   378  4.6 min
episode 665/1013  eps 0.010  train return  +15.91%  loss 3.16e-05  maxQ +0.0106  changes   277  4.6 min
episode 666/1013  eps 0.010  train return  +14.86%  loss 3.18e-05  maxQ +0.0105  changes   253  4.6 min
episode 667/1013  eps 0.010  train return  +51.14%  loss 3.17e-05  maxQ +0.0103  changes   333  4.6 min
episode 668/1013  eps 0.010  train return   +9.42%  loss 3.07e-05  maxQ +0.0101  changes   255  4.6 min
episode 669/1013  eps 0.010  train return  +15.42%  loss 3.13e-05  maxQ +0.0103  changes   310  4.6 min
episode 670/1013  eps 0.010  train return   +5.35%  loss 3.09e-05  maxQ +0.0105  changes   377  4.6 min | val return -14.75% (best +22.21%)
episode 671/1013  eps 0.010  train return  +12.74%  loss 3.12e-05  maxQ +0.0103  changes   369  4.6 min
episode 672/1013  eps 0.010  train return   +6.94%  loss 3.09e-05  maxQ +0.0106  changes   333  4.6 min
episode 673/1013  eps 0.010  train return  +20.68%  loss 3.05e-05  maxQ +0.0101  changes   272  4.6 min
episode 674/1013  eps 0.010  train return  +37.43%  loss 3.05e-05  maxQ +0.0099  changes   377  4.6 min
episode 675/1013  eps 0.010  train return  +14.59%  loss 3.30e-05  maxQ +0.0099  changes   287  4.6 min
episode 676/1013  eps 0.010  train return  +50.74%  loss 3.29e-05  maxQ +0.0096  changes   416  4.6 min
episode 677/1013  eps 0.010  train return  +26.00%  loss 2.93e-05  maxQ +0.0099  changes   324  4.7 min
episode 678/1013  eps 0.010  train return  +30.84%  loss 3.05e-05  maxQ +0.0097  changes   302  4.7 min
episode 679/1013  eps 0.010  train return +142.25%  loss 2.77e-05  maxQ +0.0099  changes   361  4.7 min
episode 680/1013  eps 0.010  train return   +1.69%  loss 2.99e-05  maxQ +0.0098  changes   267  4.7 min | val return +2.06% (best +22.21%)
episode 681/1013  eps 0.010  train return  +72.89%  loss 2.91e-05  maxQ +0.0091  changes   443  4.7 min
episode 682/1013  eps 0.010  train return   +6.59%  loss 3.30e-05  maxQ +0.0098  changes   281  4.7 min
episode 683/1013  eps 0.010  train return   -3.28%  loss 3.16e-05  maxQ +0.0091  changes   274  4.7 min
episode 684/1013  eps 0.010  train return   +1.61%  loss 2.90e-05  maxQ +0.0091  changes   291  4.7 min
episode 685/1013  eps 0.010  train return  +20.01%  loss 2.97e-05  maxQ +0.0094  changes   291  4.7 min
episode 686/1013  eps 0.010  train return  +45.27%  loss 3.01e-05  maxQ +0.0092  changes   370  4.7 min
episode 687/1013  eps 0.010  train return +116.08%  loss 3.22e-05  maxQ +0.0093  changes   392  4.7 min
episode 688/1013  eps 0.010  train return  +15.69%  loss 3.18e-05  maxQ +0.0093  changes   387  4.7 min
episode 689/1013  eps 0.010  train return  +33.86%  loss 2.99e-05  maxQ +0.0098  changes   260  4.7 min
episode 690/1013  eps 0.010  train return   -2.63%  loss 3.26e-05  maxQ +0.0099  changes   305  4.7 min | val return -9.47% (best +22.21%)
episode 691/1013  eps 0.010  train return +162.96%  loss 3.34e-05  maxQ +0.0101  changes   429  4.8 min
episode 692/1013  eps 0.010  train return  +43.47%  loss 3.29e-05  maxQ +0.0103  changes   374  4.8 min
episode 693/1013  eps 0.010  train return  +51.21%  loss 3.22e-05  maxQ +0.0104  changes   410  4.8 min
episode 694/1013  eps 0.010  train return  +54.56%  loss 3.20e-05  maxQ +0.0106  changes   449  4.8 min
episode 695/1013  eps 0.010  train return  +21.14%  loss 3.72e-05  maxQ +0.0109  changes   351  4.8 min
episode 696/1013  eps 0.010  train return  +11.06%  loss 3.48e-05  maxQ +0.0104  changes   273  4.8 min
episode 697/1013  eps 0.010  train return   +8.65%  loss 3.60e-05  maxQ +0.0095  changes   231  4.8 min
episode 698/1013  eps 0.010  train return  +79.70%  loss 3.24e-05  maxQ +0.0105  changes   344  4.8 min
episode 699/1013  eps 0.010  train return  +63.85%  loss 3.19e-05  maxQ +0.0098  changes   397  4.8 min
episode 700/1013  eps 0.010  train return  +72.65%  loss 3.65e-05  maxQ +0.0103  changes   369  4.8 min | val return -23.98% (best +22.21%)
episode 701/1013  eps 0.010  train return   -7.47%  loss 3.45e-05  maxQ +0.0104  changes   274  4.8 min
episode 702/1013  eps 0.010  train return  +29.23%  loss 3.46e-05  maxQ +0.0105  changes   394  4.8 min
episode 703/1013  eps 0.010  train return  +20.01%  loss 3.62e-05  maxQ +0.0108  changes   333  4.8 min
episode 704/1013  eps 0.010  train return  -13.59%  loss 3.63e-05  maxQ +0.0111  changes   315  4.8 min
episode 705/1013  eps 0.010  train return  +25.45%  loss 3.86e-05  maxQ +0.0110  changes   380  4.8 min
episode 706/1013  eps 0.010  train return   -1.42%  loss 3.58e-05  maxQ +0.0105  changes   232  4.8 min
episode 707/1013  eps 0.010  train return  +43.98%  loss 3.65e-05  maxQ +0.0106  changes   285  4.9 min
episode 708/1013  eps 0.010  train return   -7.56%  loss 3.64e-05  maxQ +0.0112  changes   284  4.9 min
episode 709/1013  eps 0.010  train return +117.11%  loss 3.50e-05  maxQ +0.0107  changes   403  4.9 min
episode 710/1013  eps 0.010  train return  +54.38%  loss 3.71e-05  maxQ +0.0105  changes   407  4.9 min | val return -25.77% (best +22.21%)
episode 711/1013  eps 0.010  train return   -3.04%  loss 3.42e-05  maxQ +0.0103  changes   201  4.9 min
episode 712/1013  eps 0.010  train return   -7.61%  loss 3.43e-05  maxQ +0.0105  changes   208  4.9 min
episode 713/1013  eps 0.010  train return  +79.00%  loss 3.53e-05  maxQ +0.0103  changes   344  4.9 min
episode 714/1013  eps 0.010  train return   -9.78%  loss 3.43e-05  maxQ +0.0108  changes   242  4.9 min
episode 715/1013  eps 0.010  train return   +6.78%  loss 3.61e-05  maxQ +0.0104  changes   214  4.9 min
episode 716/1013  eps 0.010  train return  +14.95%  loss 3.65e-05  maxQ +0.0103  changes   350  4.9 min
episode 717/1013  eps 0.010  train return   -3.34%  loss 3.66e-05  maxQ +0.0105  changes   330  4.9 min
episode 718/1013  eps 0.010  train return  +28.26%  loss 3.28e-05  maxQ +0.0105  changes   360  4.9 min
episode 719/1013  eps 0.010  train return  +12.89%  loss 3.59e-05  maxQ +0.0105  changes   289  4.9 min
episode 720/1013  eps 0.010  train return   +7.82%  loss 3.55e-05  maxQ +0.0099  changes   265  4.9 min | val return -20.44% (best +22.21%)
episode 721/1013  eps 0.010  train return  +20.74%  loss 3.52e-05  maxQ +0.0099  changes   337  5.0 min
episode 722/1013  eps 0.010  train return  +26.37%  loss 3.60e-05  maxQ +0.0095  changes   407  5.0 min
episode 723/1013  eps 0.010  train return  +35.84%  loss 3.42e-05  maxQ +0.0097  changes   303  5.0 min
episode 724/1013  eps 0.010  train return  +10.84%  loss 3.23e-05  maxQ +0.0094  changes   253  5.0 min
episode 725/1013  eps 0.010  train return  +29.24%  loss 3.28e-05  maxQ +0.0091  changes   298  5.0 min
episode 726/1013  eps 0.010  train return  +21.49%  loss 3.13e-05  maxQ +0.0104  changes   294  5.0 min
episode 727/1013  eps 0.010  train return  +73.32%  loss 3.23e-05  maxQ +0.0101  changes   401  5.0 min
episode 728/1013  eps 0.010  train return  +20.01%  loss 3.42e-05  maxQ +0.0101  changes   286  5.0 min
episode 729/1013  eps 0.010  train return  +88.55%  loss 3.54e-05  maxQ +0.0101  changes   455  5.0 min
episode 730/1013  eps 0.010  train return   +4.51%  loss 3.26e-05  maxQ +0.0101  changes   342  5.0 min | val return -21.45% (best +22.21%)
episode 731/1013  eps 0.010  train return   +9.18%  loss 3.42e-05  maxQ +0.0106  changes   311  5.0 min
episode 732/1013  eps 0.010  train return  +20.71%  loss 3.44e-05  maxQ +0.0106  changes   259  5.0 min
episode 733/1013  eps 0.010  train return  +56.13%  loss 3.34e-05  maxQ +0.0103  changes   382  5.0 min
episode 734/1013  eps 0.010  train return  +16.70%  loss 3.36e-05  maxQ +0.0106  changes   282  5.0 min
episode 735/1013  eps 0.010  train return  +15.96%  loss 3.22e-05  maxQ +0.0104  changes   322  5.0 min
episode 736/1013  eps 0.010  train return   -6.17%  loss 3.26e-05  maxQ +0.0100  changes   224  5.1 min
episode 737/1013  eps 0.010  train return  +27.51%  loss 3.28e-05  maxQ +0.0096  changes   299  5.1 min
episode 738/1013  eps 0.010  train return  +10.93%  loss 3.28e-05  maxQ +0.0094  changes   312  5.1 min
episode 739/1013  eps 0.010  train return  +19.62%  loss 3.29e-05  maxQ +0.0101  changes   347  5.1 min
episode 740/1013  eps 0.010  train return  +89.41%  loss 3.18e-05  maxQ +0.0103  changes   390  5.1 min | val return -19.19% (best +22.21%)
episode 741/1013  eps 0.010  train return  +30.60%  loss 3.27e-05  maxQ +0.0103  changes   340  5.1 min
episode 742/1013  eps 0.010  train return  +12.18%  loss 3.44e-05  maxQ +0.0102  changes   299  5.1 min
episode 743/1013  eps 0.010  train return  +37.96%  loss 3.34e-05  maxQ +0.0104  changes   376  5.1 min
episode 744/1013  eps 0.010  train return  +32.46%  loss 3.31e-05  maxQ +0.0101  changes   322  5.1 min
episode 745/1013  eps 0.010  train return  +18.01%  loss 3.23e-05  maxQ +0.0102  changes   322  5.1 min
episode 746/1013  eps 0.010  train return  +33.80%  loss 3.19e-05  maxQ +0.0104  changes   361  5.1 min
episode 747/1013  eps 0.010  train return   -1.30%  loss 3.47e-05  maxQ +0.0111  changes   309  5.1 min
episode 748/1013  eps 0.010  train return  +84.10%  loss 3.09e-05  maxQ +0.0111  changes   426  5.1 min
episode 749/1013  eps 0.010  train return  +53.67%  loss 3.22e-05  maxQ +0.0105  changes   364  5.1 min
episode 750/1013  eps 0.010  train return +148.65%  loss 3.27e-05  maxQ +0.0100  changes   385  5.1 min | val return -24.80% (best +22.21%)
episode 751/1013  eps 0.010  train return  +10.30%  loss 3.55e-05  maxQ +0.0111  changes   354  5.2 min
episode 752/1013  eps 0.010  train return  +45.93%  loss 3.23e-05  maxQ +0.0100  changes   354  5.2 min
episode 753/1013  eps 0.010  train return  +49.50%  loss 3.25e-05  maxQ +0.0098  changes   343  5.2 min
episode 754/1013  eps 0.010  train return  +54.35%  loss 3.17e-05  maxQ +0.0099  changes   391  5.2 min
episode 755/1013  eps 0.010  train return   +9.34%  loss 3.26e-05  maxQ +0.0097  changes   291  5.2 min
episode 756/1013  eps 0.010  train return  +13.78%  loss 3.38e-05  maxQ +0.0099  changes   304  5.2 min
episode 757/1013  eps 0.010  train return  +70.34%  loss 3.24e-05  maxQ +0.0096  changes   418  5.2 min
episode 758/1013  eps 0.010  train return  +28.86%  loss 3.20e-05  maxQ +0.0099  changes   353  5.2 min
episode 759/1013  eps 0.010  train return   -1.08%  loss 3.29e-05  maxQ +0.0103  changes   232  5.2 min
episode 760/1013  eps 0.010  train return +114.32%  loss 3.17e-05  maxQ +0.0097  changes   430  5.2 min | val return -28.21% (best +22.21%)
episode 761/1013  eps 0.010  train return  +72.83%  loss 3.37e-05  maxQ +0.0101  changes   364  5.2 min
episode 762/1013  eps 0.010  train return  +20.87%  loss 3.25e-05  maxQ +0.0100  changes   352  5.2 min
episode 763/1013  eps 0.010  train return  +97.26%  loss 3.08e-05  maxQ +0.0097  changes   399  5.2 min
episode 764/1013  eps 0.010  train return  +97.29%  loss 3.11e-05  maxQ +0.0098  changes   441  5.2 min
episode 765/1013  eps 0.010  train return  +23.20%  loss 3.40e-05  maxQ +0.0103  changes   328  5.2 min
episode 766/1013  eps 0.010  train return +106.24%  loss 3.08e-05  maxQ +0.0102  changes   387  5.3 min
episode 767/1013  eps 0.010  train return  +30.70%  loss 3.22e-05  maxQ +0.0101  changes   332  5.3 min
episode 768/1013  eps 0.010  train return  +75.18%  loss 3.44e-05  maxQ +0.0103  changes   419  5.3 min
episode 769/1013  eps 0.010  train return   +9.03%  loss 3.46e-05  maxQ +0.0101  changes   274  5.3 min
episode 770/1013  eps 0.010  train return   -0.86%  loss 3.39e-05  maxQ +0.0103  changes   286  5.3 min | val return -22.48% (best +22.21%)
episode 771/1013  eps 0.010  train return  +29.38%  loss 3.06e-05  maxQ +0.0105  changes   381  5.3 min
episode 772/1013  eps 0.010  train return  +23.55%  loss 3.18e-05  maxQ +0.0111  changes   283  5.3 min
episode 773/1013  eps 0.010  train return +126.83%  loss 3.31e-05  maxQ +0.0109  changes   380  5.3 min
episode 774/1013  eps 0.010  train return +165.06%  loss 3.51e-05  maxQ +0.0111  changes   413  5.3 min
episode 775/1013  eps 0.010  train return  +20.02%  loss 3.46e-05  maxQ +0.0106  changes   322  5.3 min
episode 776/1013  eps 0.010  train return  +32.69%  loss 3.25e-05  maxQ +0.0103  changes   290  5.3 min
episode 777/1013  eps 0.010  train return  +11.91%  loss 3.30e-05  maxQ +0.0109  changes   256  5.3 min
episode 778/1013  eps 0.010  train return  +72.34%  loss 3.17e-05  maxQ +0.0105  changes   347  5.3 min
episode 779/1013  eps 0.010  train return  +50.08%  loss 3.25e-05  maxQ +0.0107  changes   367  5.3 min
episode 780/1013  eps 0.010  train return   -4.14%  loss 3.32e-05  maxQ +0.0106  changes   286  5.4 min | val return -18.29% (best +22.21%)
episode 781/1013  eps 0.010  train return  +59.89%  loss 3.29e-05  maxQ +0.0109  changes   346  5.4 min
episode 782/1013  eps 0.010  train return  +14.42%  loss 3.23e-05  maxQ +0.0108  changes   365  5.4 min
episode 783/1013  eps 0.010  train return  +32.14%  loss 3.06e-05  maxQ +0.0105  changes   283  5.4 min
episode 784/1013  eps 0.010  train return  +83.33%  loss 3.36e-05  maxQ +0.0111  changes   403  5.4 min
episode 785/1013  eps 0.010  train return  +12.88%  loss 3.10e-05  maxQ +0.0105  changes   317  5.4 min
episode 786/1013  eps 0.010  train return   -7.90%  loss 3.27e-05  maxQ +0.0111  changes   449  5.4 min
episode 787/1013  eps 0.010  train return   +7.50%  loss 3.10e-05  maxQ +0.0112  changes   261  5.4 min
episode 788/1013  eps 0.010  train return   +5.62%  loss 2.97e-05  maxQ +0.0109  changes   262  5.4 min
episode 789/1013  eps 0.010  train return   -2.63%  loss 3.37e-05  maxQ +0.0112  changes   341  5.4 min
episode 790/1013  eps 0.010  train return  +30.97%  loss 3.33e-05  maxQ +0.0109  changes   360  5.4 min | val return -15.44% (best +22.21%)
episode 791/1013  eps 0.010  train return  +18.59%  loss 3.42e-05  maxQ +0.0112  changes   380  5.4 min
episode 792/1013  eps 0.010  train return +136.19%  loss 3.33e-05  maxQ +0.0118  changes   383  5.4 min
episode 793/1013  eps 0.010  train return +108.12%  loss 3.13e-05  maxQ +0.0109  changes   337  5.4 min
episode 794/1013  eps 0.010  train return  +12.70%  loss 3.21e-05  maxQ +0.0110  changes   273  5.5 min
episode 795/1013  eps 0.010  train return +116.26%  loss 3.24e-05  maxQ +0.0111  changes   374  5.5 min
episode 796/1013  eps 0.010  train return  +88.89%  loss 3.22e-05  maxQ +0.0107  changes   360  5.5 min
episode 797/1013  eps 0.010  train return +116.29%  loss 3.44e-05  maxQ +0.0110  changes   355  5.5 min
episode 798/1013  eps 0.010  train return  +32.62%  loss 3.45e-05  maxQ +0.0113  changes   408  5.5 min
episode 799/1013  eps 0.010  train return  +92.36%  loss 3.27e-05  maxQ +0.0112  changes   356  5.5 min
episode 800/1013  eps 0.010  train return  +15.08%  loss 3.44e-05  maxQ +0.0110  changes   281  5.5 min | val return -16.49% (best +22.21%)
episode 801/1013  eps 0.010  train return   +4.49%  loss 3.52e-05  maxQ +0.0124  changes   286  5.5 min
episode 802/1013  eps 0.010  train return  +15.59%  loss 3.35e-05  maxQ +0.0120  changes   275  5.5 min
episode 803/1013  eps 0.010  train return  +86.93%  loss 3.19e-05  maxQ +0.0114  changes   358  5.5 min
episode 804/1013  eps 0.010  train return   -1.93%  loss 3.45e-05  maxQ +0.0119  changes   189  5.5 min
episode 805/1013  eps 0.010  train return   +1.28%  loss 3.62e-05  maxQ +0.0116  changes   256  5.5 min
episode 806/1013  eps 0.010  train return  +12.23%  loss 3.40e-05  maxQ +0.0118  changes   271  5.5 min
episode 807/1013  eps 0.010  train return  +65.92%  loss 3.40e-05  maxQ +0.0119  changes   407  5.5 min
episode 808/1013  eps 0.010  train return   +2.05%  loss 3.55e-05  maxQ +0.0125  changes   328  5.5 min
episode 809/1013  eps 0.010  train return  +15.36%  loss 3.40e-05  maxQ +0.0120  changes   285  5.6 min
episode 810/1013  eps 0.010  train return  +47.53%  loss 3.72e-05  maxQ +0.0122  changes   323  5.6 min | val return -2.81% (best +22.21%)
episode 811/1013  eps 0.010  train return  +92.49%  loss 3.48e-05  maxQ +0.0120  changes   427  5.6 min
episode 812/1013  eps 0.010  train return   +6.42%  loss 3.49e-05  maxQ +0.0119  changes   233  5.6 min
episode 813/1013  eps 0.010  train return  +56.70%  loss 3.63e-05  maxQ +0.0118  changes   382  5.6 min
episode 814/1013  eps 0.010  train return  +10.91%  loss 3.48e-05  maxQ +0.0109  changes   329  5.6 min
episode 815/1013  eps 0.010  train return  +90.77%  loss 3.39e-05  maxQ +0.0110  changes   420  5.6 min
episode 816/1013  eps 0.010  train return  +20.01%  loss 3.45e-05  maxQ +0.0114  changes   288  5.6 min
episode 817/1013  eps 0.010  train return  +74.52%  loss 3.51e-05  maxQ +0.0111  changes   349  5.6 min
episode 818/1013  eps 0.010  train return  +34.64%  loss 3.33e-05  maxQ +0.0114  changes   393  5.6 min
episode 819/1013  eps 0.010  train return  +76.92%  loss 3.54e-05  maxQ +0.0111  changes   362  5.6 min
episode 820/1013  eps 0.010  train return  +47.68%  loss 3.41e-05  maxQ +0.0114  changes   404  5.6 min | val return +2.92% (best +22.21%)
episode 821/1013  eps 0.010  train return  +46.18%  loss 3.45e-05  maxQ +0.0111  changes   420  5.6 min
episode 822/1013  eps 0.010  train return   -9.36%  loss 3.61e-05  maxQ +0.0113  changes   251  5.6 min
episode 823/1013  eps 0.010  train return   +7.29%  loss 3.54e-05  maxQ +0.0113  changes   266  5.6 min
episode 824/1013  eps 0.010  train return   -5.18%  loss 3.40e-05  maxQ +0.0109  changes   283  5.7 min
episode 825/1013  eps 0.010  train return  +42.08%  loss 3.24e-05  maxQ +0.0114  changes   396  5.7 min
episode 826/1013  eps 0.010  train return  +73.70%  loss 3.21e-05  maxQ +0.0103  changes   361  5.7 min
episode 827/1013  eps 0.010  train return   +9.33%  loss 3.39e-05  maxQ +0.0110  changes   203  5.7 min
episode 828/1013  eps 0.010  train return   -2.96%  loss 3.05e-05  maxQ +0.0108  changes   291  5.7 min
episode 829/1013  eps 0.010  train return  +76.07%  loss 3.37e-05  maxQ +0.0103  changes   390  5.7 min
episode 830/1013  eps 0.010  train return +194.08%  loss 3.48e-05  maxQ +0.0107  changes   421  5.7 min | val return +2.36% (best +22.21%)
episode 831/1013  eps 0.010  train return  +49.20%  loss 3.30e-05  maxQ +0.0107  changes   379  5.7 min
episode 832/1013  eps 0.010  train return   +1.36%  loss 3.45e-05  maxQ +0.0109  changes   326  5.7 min
episode 833/1013  eps 0.010  train return  +13.57%  loss 3.49e-05  maxQ +0.0111  changes   396  5.7 min
episode 834/1013  eps 0.010  train return  +41.84%  loss 3.25e-05  maxQ +0.0108  changes   332  5.7 min
episode 835/1013  eps 0.010  train return  +65.47%  loss 3.29e-05  maxQ +0.0106  changes   411  5.7 min
episode 836/1013  eps 0.010  train return  +46.51%  loss 3.47e-05  maxQ +0.0110  changes   386  5.7 min
episode 837/1013  eps 0.010  train return   +0.51%  loss 3.33e-05  maxQ +0.0110  changes   298  5.7 min
episode 838/1013  eps 0.010  train return   -3.08%  loss 3.21e-05  maxQ +0.0109  changes   283  5.8 min
episode 839/1013  eps 0.010  train return  +80.49%  loss 3.38e-05  maxQ +0.0109  changes   391  5.8 min
episode 840/1013  eps 0.010  train return  +27.90%  loss 3.59e-05  maxQ +0.0113  changes   332  5.8 min | val return -8.29% (best +22.21%)
episode 841/1013  eps 0.010  train return   +4.77%  loss 3.47e-05  maxQ +0.0106  changes   260  5.8 min
episode 842/1013  eps 0.010  train return  +12.60%  loss 3.21e-05  maxQ +0.0109  changes   237  5.8 min
episode 843/1013  eps 0.010  train return  +19.61%  loss 3.55e-05  maxQ +0.0111  changes   317  5.8 min
episode 844/1013  eps 0.010  train return  +21.71%  loss 3.28e-05  maxQ +0.0112  changes   268  5.8 min
episode 845/1013  eps 0.010  train return  +21.98%  loss 3.47e-05  maxQ +0.0111  changes   338  5.8 min
episode 846/1013  eps 0.010  train return   +7.05%  loss 3.47e-05  maxQ +0.0113  changes   336  5.8 min
episode 847/1013  eps 0.010  train return  +12.76%  loss 3.27e-05  maxQ +0.0109  changes   261  5.8 min
episode 848/1013  eps 0.010  train return   +8.48%  loss 3.17e-05  maxQ +0.0112  changes   328  5.8 min
episode 849/1013  eps 0.010  train return  +28.66%  loss 3.18e-05  maxQ +0.0109  changes   263  5.8 min
episode 850/1013  eps 0.010  train return  +11.49%  loss 3.21e-05  maxQ +0.0112  changes   305  5.8 min | val return -13.60% (best +22.21%)
episode 851/1013  eps 0.010  train return  +32.80%  loss 3.23e-05  maxQ +0.0107  changes   354  5.8 min
episode 852/1013  eps 0.010  train return  +17.79%  loss 3.27e-05  maxQ +0.0106  changes   368  5.9 min
episode 853/1013  eps 0.010  train return +109.22%  loss 3.41e-05  maxQ +0.0102  changes   402  5.9 min
episode 854/1013  eps 0.010  train return  +18.45%  loss 3.52e-05  maxQ +0.0101  changes   362  5.9 min
episode 855/1013  eps 0.010  train return  +88.02%  loss 3.28e-05  maxQ +0.0106  changes   387  5.9 min
episode 856/1013  eps 0.010  train return  +57.89%  loss 3.28e-05  maxQ +0.0107  changes   334  5.9 min
episode 857/1013  eps 0.010  train return  +34.23%  loss 3.65e-05  maxQ +0.0115  changes   292  5.9 min
episode 858/1013  eps 0.010  train return   +1.99%  loss 3.59e-05  maxQ +0.0110  changes   206  5.9 min
episode 859/1013  eps 0.010  train return   +6.22%  loss 3.25e-05  maxQ +0.0110  changes   218  5.9 min
episode 860/1013  eps 0.010  train return  +20.47%  loss 3.59e-05  maxQ +0.0110  changes   344  5.9 min | val return -28.82% (best +22.21%)
episode 861/1013  eps 0.010  train return   +4.48%  loss 3.59e-05  maxQ +0.0112  changes   286  5.9 min
episode 862/1013  eps 0.010  train return  +34.94%  loss 3.47e-05  maxQ +0.0111  changes   365  5.9 min
episode 863/1013  eps 0.010  train return   +2.89%  loss 3.24e-05  maxQ +0.0106  changes   234  5.9 min
episode 864/1013  eps 0.010  train return  +43.22%  loss 3.39e-05  maxQ +0.0105  changes   408  5.9 min
episode 865/1013  eps 0.010  train return  +17.91%  loss 3.14e-05  maxQ +0.0101  changes   334  5.9 min
episode 866/1013  eps 0.010  train return  +12.95%  loss 3.46e-05  maxQ +0.0101  changes   270  5.9 min
episode 867/1013  eps 0.010  train return  +98.30%  loss 3.25e-05  maxQ +0.0101  changes   311  6.0 min
episode 868/1013  eps 0.010  train return  +39.36%  loss 3.24e-05  maxQ +0.0105  changes   366  6.0 min
episode 869/1013  eps 0.010  train return   +6.24%  loss 3.35e-05  maxQ +0.0105  changes   307  6.0 min
episode 870/1013  eps 0.010  train return  +43.46%  loss 3.18e-05  maxQ +0.0106  changes   359  6.0 min | val return -2.55% (best +22.21%)
episode 871/1013  eps 0.010  train return   +1.86%  loss 3.20e-05  maxQ +0.0110  changes   309  6.0 min
episode 872/1013  eps 0.010  train return  +29.94%  loss 3.47e-05  maxQ +0.0105  changes   305  6.0 min
episode 873/1013  eps 0.010  train return  +34.47%  loss 3.38e-05  maxQ +0.0106  changes   369  6.0 min
episode 874/1013  eps 0.010  train return   +1.99%  loss 3.41e-05  maxQ +0.0104  changes   209  6.0 min
episode 875/1013  eps 0.010  train return   +7.57%  loss 3.27e-05  maxQ +0.0104  changes   291  6.0 min
episode 876/1013  eps 0.010  train return  +49.34%  loss 3.45e-05  maxQ +0.0109  changes   298  6.0 min
episode 877/1013  eps 0.010  train return +128.29%  loss 3.25e-05  maxQ +0.0104  changes   347  6.0 min
episode 878/1013  eps 0.010  train return +105.45%  loss 3.42e-05  maxQ +0.0106  changes   369  6.0 min
episode 879/1013  eps 0.010  train return   +6.73%  loss 3.48e-05  maxQ +0.0104  changes   219  6.0 min
episode 880/1013  eps 0.010  train return   +8.02%  loss 3.43e-05  maxQ +0.0110  changes   303  6.0 min | val return -9.07% (best +22.21%)
episode 881/1013  eps 0.010  train return  +15.56%  loss 3.15e-05  maxQ +0.0109  changes   231  6.1 min
episode 882/1013  eps 0.010  train return   +4.54%  loss 3.13e-05  maxQ +0.0103  changes   213  6.1 min
episode 883/1013  eps 0.010  train return   +7.48%  loss 3.28e-05  maxQ +0.0104  changes   208  6.1 min
episode 884/1013  eps 0.010  train return   +3.39%  loss 3.17e-05  maxQ +0.0101  changes   317  6.1 min
episode 885/1013  eps 0.010  train return   +4.66%  loss 3.40e-05  maxQ +0.0099  changes   326  6.1 min
episode 886/1013  eps 0.010  train return   +9.56%  loss 3.33e-05  maxQ +0.0105  changes   287  6.1 min
episode 887/1013  eps 0.010  train return   +9.03%  loss 3.27e-05  maxQ +0.0099  changes   306  6.1 min
episode 888/1013  eps 0.010  train return  +15.11%  loss 3.20e-05  maxQ +0.0100  changes   318  6.1 min
episode 889/1013  eps 0.010  train return  +25.92%  loss 3.25e-05  maxQ +0.0100  changes   366  6.1 min
episode 890/1013  eps 0.010  train return  +10.55%  loss 3.02e-05  maxQ +0.0099  changes   295  6.1 min | val return -18.46% (best +22.21%)
episode 891/1013  eps 0.010  train return  +18.63%  loss 3.21e-05  maxQ +0.0093  changes   335  6.1 min
episode 892/1013  eps 0.010  train return  +12.25%  loss 3.22e-05  maxQ +0.0096  changes   267  6.1 min
episode 893/1013  eps 0.010  train return  +95.58%  loss 2.99e-05  maxQ +0.0099  changes   361  6.1 min
episode 894/1013  eps 0.010  train return   -4.02%  loss 3.20e-05  maxQ +0.0094  changes   245  6.1 min
episode 895/1013  eps 0.010  train return  +43.98%  loss 3.04e-05  maxQ +0.0095  changes   343  6.1 min
episode 896/1013  eps 0.010  train return  +28.33%  loss 3.04e-05  maxQ +0.0091  changes   318  6.2 min
episode 897/1013  eps 0.010  train return  +24.89%  loss 3.01e-05  maxQ +0.0090  changes   361  6.2 min
episode 898/1013  eps 0.010  train return  +36.27%  loss 3.14e-05  maxQ +0.0092  changes   333  6.2 min
episode 899/1013  eps 0.010  train return   +7.85%  loss 3.26e-05  maxQ +0.0101  changes   271  6.2 min
episode 900/1013  eps 0.010  train return  +24.56%  loss 3.10e-05  maxQ +0.0100  changes   331  6.2 min | val return -16.73% (best +22.21%)
episode 901/1013  eps 0.010  train return  +24.83%  loss 2.97e-05  maxQ +0.0099  changes   291  6.2 min
episode 902/1013  eps 0.010  train return +113.39%  loss 2.98e-05  maxQ +0.0095  changes   369  6.2 min
episode 903/1013  eps 0.010  train return  +26.19%  loss 3.06e-05  maxQ +0.0099  changes   295  6.2 min
episode 904/1013  eps 0.010  train return  +12.03%  loss 3.04e-05  maxQ +0.0099  changes   296  6.2 min
episode 905/1013  eps 0.010  train return   +8.18%  loss 3.04e-05  maxQ +0.0098  changes   287  6.2 min
episode 906/1013  eps 0.010  train return  +15.44%  loss 3.02e-05  maxQ +0.0097  changes   271  6.2 min
episode 907/1013  eps 0.010  train return  +14.53%  loss 2.91e-05  maxQ +0.0095  changes   324  6.2 min
episode 908/1013  eps 0.010  train return  +60.29%  loss 2.83e-05  maxQ +0.0091  changes   367  6.2 min
episode 909/1013  eps 0.010  train return  +16.27%  loss 2.85e-05  maxQ +0.0090  changes   330  6.2 min
episode 910/1013  eps 0.010  train return  +39.15%  loss 2.94e-05  maxQ +0.0088  changes   367  6.3 min | val return -27.61% (best +22.21%)
episode 911/1013  eps 0.010  train return  +15.05%  loss 2.95e-05  maxQ +0.0088  changes   333  6.3 min
episode 912/1013  eps 0.010  train return   +6.18%  loss 2.89e-05  maxQ +0.0092  changes   215  6.3 min
episode 913/1013  eps 0.010  train return  +30.08%  loss 2.92e-05  maxQ +0.0091  changes   297  6.3 min
episode 914/1013  eps 0.010  train return  +95.07%  loss 2.91e-05  maxQ +0.0089  changes   363  6.3 min
episode 915/1013  eps 0.010  train return  +53.39%  loss 2.90e-05  maxQ +0.0094  changes   393  6.3 min
episode 916/1013  eps 0.010  train return   -0.01%  loss 2.74e-05  maxQ +0.0097  changes   225  6.3 min
episode 917/1013  eps 0.010  train return  +11.35%  loss 2.86e-05  maxQ +0.0097  changes   241  6.3 min
episode 918/1013  eps 0.010  train return  +76.32%  loss 2.90e-05  maxQ +0.0094  changes   339  6.3 min
episode 919/1013  eps 0.010  train return +120.18%  loss 3.07e-05  maxQ +0.0099  changes   402  6.3 min
episode 920/1013  eps 0.010  train return  +38.10%  loss 3.04e-05  maxQ +0.0098  changes   355  6.3 min | val return -22.00% (best +22.21%)
episode 921/1013  eps 0.010  train return  +55.55%  loss 2.85e-05  maxQ +0.0097  changes   402  6.3 min
episode 922/1013  eps 0.010  train return  +60.24%  loss 2.88e-05  maxQ +0.0096  changes   373  6.3 min
episode 923/1013  eps 0.010  train return  +25.28%  loss 2.93e-05  maxQ +0.0100  changes   242  6.3 min
episode 924/1013  eps 0.010  train return  +32.86%  loss 2.77e-05  maxQ +0.0107  changes   345  6.3 min
episode 925/1013  eps 0.010  train return  +24.30%  loss 2.80e-05  maxQ +0.0100  changes   298  6.4 min
episode 926/1013  eps 0.010  train return   -2.24%  loss 2.89e-05  maxQ +0.0106  changes   328  6.4 min
episode 927/1013  eps 0.010  train return  +14.99%  loss 2.87e-05  maxQ +0.0102  changes   342  6.4 min
episode 928/1013  eps 0.010  train return  +18.49%  loss 2.67e-05  maxQ +0.0098  changes   310  6.4 min
episode 929/1013  eps 0.010  train return  +88.23%  loss 2.92e-05  maxQ +0.0097  changes   409  6.4 min
episode 930/1013  eps 0.010  train return +133.56%  loss 2.90e-05  maxQ +0.0094  changes   419  6.4 min | val return -26.28% (best +22.21%)
episode 931/1013  eps 0.010  train return  +15.00%  loss 2.92e-05  maxQ +0.0098  changes   329  6.4 min
episode 932/1013  eps 0.010  train return  +16.95%  loss 2.68e-05  maxQ +0.0101  changes   282  6.4 min
episode 933/1013  eps 0.010  train return  +41.77%  loss 2.85e-05  maxQ +0.0100  changes   373  6.4 min
episode 934/1013  eps 0.010  train return  +19.32%  loss 2.99e-05  maxQ +0.0104  changes   383  6.4 min
episode 935/1013  eps 0.010  train return +153.97%  loss 3.07e-05  maxQ +0.0106  changes   401  6.4 min
episode 936/1013  eps 0.010  train return  +47.67%  loss 3.10e-05  maxQ +0.0098  changes   430  6.4 min
episode 937/1013  eps 0.010  train return +141.39%  loss 3.24e-05  maxQ +0.0098  changes   440  6.4 min
episode 938/1013  eps 0.010  train return  +23.87%  loss 3.22e-05  maxQ +0.0097  changes   287  6.4 min
episode 939/1013  eps 0.010  train return  +22.22%  loss 3.17e-05  maxQ +0.0101  changes   344  6.4 min
episode 940/1013  eps 0.010  train return  +26.13%  loss 3.12e-05  maxQ +0.0106  changes   257  6.5 min | val return -8.69% (best +22.21%)
episode 941/1013  eps 0.010  train return +237.51%  loss 3.14e-05  maxQ +0.0105  changes   440  6.5 min
episode 942/1013  eps 0.010  train return  +12.79%  loss 3.27e-05  maxQ +0.0109  changes   329  6.5 min
episode 943/1013  eps 0.010  train return  +22.26%  loss 2.98e-05  maxQ +0.0105  changes   346  6.5 min
episode 944/1013  eps 0.010  train return  +40.96%  loss 3.14e-05  maxQ +0.0104  changes   385  6.5 min
episode 945/1013  eps 0.010  train return  +50.69%  loss 3.31e-05  maxQ +0.0104  changes   457  6.5 min
episode 946/1013  eps 0.010  train return  +80.33%  loss 3.43e-05  maxQ +0.0107  changes   422  6.5 min
episode 947/1013  eps 0.010  train return  +30.60%  loss 3.34e-05  maxQ +0.0104  changes   273  6.5 min
episode 948/1013  eps 0.010  train return  +34.58%  loss 3.48e-05  maxQ +0.0107  changes   311  6.5 min
episode 949/1013  eps 0.010  train return  +12.54%  loss 3.26e-05  maxQ +0.0111  changes   374  6.5 min
episode 950/1013  eps 0.010  train return  +11.04%  loss 3.38e-05  maxQ +0.0114  changes   270  6.5 min | val return -20.82% (best +22.21%)
episode 951/1013  eps 0.010  train return   -0.70%  loss 3.15e-05  maxQ +0.0111  changes   294  6.5 min
episode 952/1013  eps 0.010  train return  +78.64%  loss 3.51e-05  maxQ +0.0115  changes   443  6.5 min
episode 953/1013  eps 0.010  train return  +72.50%  loss 3.26e-05  maxQ +0.0111  changes   386  6.5 min
episode 954/1013  eps 0.010  train return  +26.81%  loss 3.41e-05  maxQ +0.0112  changes   303  6.6 min
episode 955/1013  eps 0.010  train return  +60.04%  loss 3.34e-05  maxQ +0.0114  changes   369  6.6 min
episode 956/1013  eps 0.010  train return  +69.44%  loss 3.52e-05  maxQ +0.0110  changes   380  6.6 min
episode 957/1013  eps 0.010  train return  +11.10%  loss 3.58e-05  maxQ +0.0110  changes   297  6.6 min
episode 958/1013  eps 0.010  train return  +25.11%  loss 3.27e-05  maxQ +0.0112  changes   386  6.6 min
episode 959/1013  eps 0.010  train return  +51.25%  loss 3.50e-05  maxQ +0.0118  changes   362  6.6 min
episode 960/1013  eps 0.010  train return   -9.21%  loss 3.49e-05  maxQ +0.0113  changes   255  6.6 min | val return -21.82% (best +22.21%)
episode 961/1013  eps 0.010  train return  +11.39%  loss 3.75e-05  maxQ +0.0118  changes   251  6.6 min
episode 962/1013  eps 0.010  train return   +6.64%  loss 3.65e-05  maxQ +0.0110  changes   310  6.6 min
episode 963/1013  eps 0.010  train return  +65.68%  loss 3.33e-05  maxQ +0.0107  changes   389  6.6 min
episode 964/1013  eps 0.010  train return   -2.98%  loss 3.39e-05  maxQ +0.0106  changes   325  6.6 min
episode 965/1013  eps 0.010  train return  +32.27%  loss 3.75e-05  maxQ +0.0111  changes   315  6.6 min
episode 966/1013  eps 0.010  train return  +63.65%  loss 3.48e-05  maxQ +0.0117  changes   380  6.6 min
episode 967/1013  eps 0.010  train return  +17.98%  loss 3.59e-05  maxQ +0.0113  changes   332  6.6 min
episode 968/1013  eps 0.010  train return  +42.75%  loss 3.53e-05  maxQ +0.0113  changes   372  6.6 min
episode 969/1013  eps 0.010  train return +169.96%  loss 3.85e-05  maxQ +0.0115  changes   451  6.6 min
episode 970/1013  eps 0.010  train return  +76.22%  loss 3.72e-05  maxQ +0.0115  changes   362  6.6 min | val return -17.62% (best +22.21%)
episode 971/1013  eps 0.010  train return  +91.24%  loss 3.82e-05  maxQ +0.0112  changes   423  6.7 min
episode 972/1013  eps 0.010  train return   +7.00%  loss 3.93e-05  maxQ +0.0115  changes   321  6.7 min
episode 973/1013  eps 0.010  train return  +17.71%  loss 4.00e-05  maxQ +0.0113  changes   339  6.7 min
episode 974/1013  eps 0.010  train return  +97.98%  loss 3.74e-05  maxQ +0.0116  changes   402  6.7 min
episode 975/1013  eps 0.010  train return   -2.90%  loss 3.56e-05  maxQ +0.0116  changes   239  6.7 min
episode 976/1013  eps 0.010  train return  +61.41%  loss 3.69e-05  maxQ +0.0115  changes   422  6.7 min
episode 977/1013  eps 0.010  train return   +7.93%  loss 3.85e-05  maxQ +0.0121  changes   299  6.7 min
episode 978/1013  eps 0.010  train return  +25.54%  loss 3.95e-05  maxQ +0.0122  changes   374  6.7 min
episode 979/1013  eps 0.010  train return +107.84%  loss 3.53e-05  maxQ +0.0113  changes   380  6.7 min
episode 980/1013  eps 0.010  train return  +36.36%  loss 3.59e-05  maxQ +0.0120  changes   303  6.7 min | val return -23.09% (best +22.21%)
episode 981/1013  eps 0.010  train return   +7.72%  loss 3.65e-05  maxQ +0.0118  changes   359  6.7 min
episode 982/1013  eps 0.010  train return  +25.93%  loss 3.76e-05  maxQ +0.0115  changes   290  6.7 min
episode 983/1013  eps 0.010  train return  +20.64%  loss 4.07e-05  maxQ +0.0113  changes   374  6.7 min
episode 984/1013  eps 0.010  train return  +48.87%  loss 3.74e-05  maxQ +0.0110  changes   350  6.7 min
episode 985/1013  eps 0.010  train return  +32.53%  loss 3.84e-05  maxQ +0.0105  changes   311  6.7 min
episode 986/1013  eps 0.010  train return   +9.34%  loss 3.68e-05  maxQ +0.0105  changes   378  6.7 min
episode 987/1013  eps 0.010  train return   +5.27%  loss 3.84e-05  maxQ +0.0106  changes   298  6.7 min
episode 988/1013  eps 0.010  train return  +30.37%  loss 3.81e-05  maxQ +0.0108  changes   322  6.8 min
episode 989/1013  eps 0.010  train return  +55.13%  loss 3.66e-05  maxQ +0.0108  changes   386  6.8 min
episode 990/1013  eps 0.010  train return  +50.28%  loss 3.69e-05  maxQ +0.0110  changes   333  6.8 min | val return -3.37% (best +22.21%)
episode 991/1013  eps 0.010  train return  +63.60%  loss 3.75e-05  maxQ +0.0112  changes   329  6.8 min
episode 992/1013  eps 0.010  train return  +22.25%  loss 3.37e-05  maxQ +0.0111  changes   327  6.8 min
episode 993/1013  eps 0.010  train return  +45.13%  loss 3.58e-05  maxQ +0.0110  changes   432  6.8 min
episode 994/1013  eps 0.010  train return  +38.91%  loss 3.97e-05  maxQ +0.0114  changes   386  6.8 min
episode 995/1013  eps 0.010  train return  +78.69%  loss 3.64e-05  maxQ +0.0109  changes   381  6.8 min
episode 996/1013  eps 0.010  train return  +28.64%  loss 3.64e-05  maxQ +0.0106  changes   255  6.8 min
episode 997/1013  eps 0.010  train return   +3.15%  loss 3.58e-05  maxQ +0.0107  changes   283  6.8 min
episode 998/1013  eps 0.010  train return  +27.45%  loss 3.63e-05  maxQ +0.0107  changes   333  6.8 min
episode 999/1013  eps 0.010  train return   +5.74%  loss 3.64e-05  maxQ +0.0106  changes   281  6.8 min
episode 1000/1013  eps 0.010  train return  +51.23%  loss 3.49e-05  maxQ +0.0105  changes   342  6.8 min | val return -10.47% (best +22.21%)
episode 1001/1013  eps 0.010  train return   -3.15%  loss 3.64e-05  maxQ +0.0110  changes   256  6.8 min
episode 1002/1013  eps 0.010  train return   +1.80%  loss 3.66e-05  maxQ +0.0113  changes   256  6.8 min
episode 1003/1013  eps 0.010  train return   -3.03%  loss 3.52e-05  maxQ +0.0116  changes   304  6.8 min
episode 1004/1013  eps 0.010  train return   +3.41%  loss 3.33e-05  maxQ +0.0114  changes   342  6.9 min
episode 1005/1013  eps 0.010  train return +124.78%  loss 3.41e-05  maxQ +0.0114  changes   390  6.9 min
episode 1006/1013  eps 0.010  train return +116.05%  loss 3.60e-05  maxQ +0.0114  changes   438  6.9 min
episode 1007/1013  eps 0.010  train return  +64.36%  loss 3.42e-05  maxQ +0.0110  changes   308  6.9 min
episode 1008/1013  eps 0.010  train return  +32.37%  loss 3.42e-05  maxQ +0.0111  changes   354  6.9 min
episode 1009/1013  eps 0.010  train return   +2.51%  loss 3.40e-05  maxQ +0.0096  changes   200  6.9 min
episode 1010/1013  eps 0.010  train return  +65.44%  loss 3.60e-05  maxQ +0.0105  changes   329  6.9 min | val return -22.84% (best +22.21%)
episode 1011/1013  eps 0.010  train return  +10.55%  loss 3.48e-05  maxQ +0.0099  changes   224  6.9 min
episode 1012/1013  eps 0.010  train return   +7.50%  loss 3.41e-05  maxQ +0.0097  changes   242  6.9 min
episode 1013/1013  eps 0.010  train return  +12.96%  loss 3.32e-05  maxQ +0.0105  changes   309  6.9 min | val return -3.66% (best +22.21%)
model    env  portfolio_return  excess_return  n_changes
 last    val         -0.036612       0.006006      375.9
 last val_w1         -0.018336       0.008580      243.9
 last val_w2         -0.025960      -0.010526      140.9
 best    val          0.222052       0.264670      750.6
 best val_w1          0.204786       0.231701      445.6
 best val_w2          0.024995       0.040429      319.9
