Downloaded data: 30,528 candles, 2023-03-25 00:00:00+00:00 to 2026-09-16 23:00:00+00:00; no missing hours
dev_train: 28,152 candles, 2023-04-01 00:00:00+00:00 to 2026-06-16 23:00:00+00:00; no missing hours
val: 1,464 candles, 2026-06-17 00:00:00+00:00 to 2026-08-16 23:00:00+00:00; no missing hours
eval: 744 candles, 2026-08-17 00:00:00+00:00 to 2026-09-16 23:00:00+00:00; no missing hours
episode   1/1013  eps 1.000  train return   -8.48%  loss 9.73e-03  maxQ +0.2368  changes   590  0.0 min
episode   2/1013  eps 0.991  train return   -6.03%  loss 1.72e-03  maxQ +0.2420  changes   569  0.0 min
episode   3/1013  eps 0.982  train return  -19.49%  loss 7.76e-04  maxQ +0.2275  changes   570  0.0 min
episode   4/1013  eps 0.973  train return   -1.16%  loss 3.60e-04  maxQ +0.1992  changes   577  0.0 min
episode   5/1013  eps 0.964  train return  +14.35%  loss 2.66e-04  maxQ +0.1781  changes   593  0.0 min
episode   6/1013  eps 0.955  train return  +13.87%  loss 2.39e-04  maxQ +0.1570  changes   577  0.0 min
episode   7/1013  eps 0.947  train return  -14.67%  loss 2.55e-04  maxQ +0.1457  changes   566  0.0 min
episode   8/1013  eps 0.938  train return   -7.53%  loss 1.36e-04  maxQ +0.1317  changes   564  0.0 min
episode   9/1013  eps 0.929  train return   -9.91%  loss 1.28e-04  maxQ +0.1184  changes   574  0.1 min
episode  10/1013  eps 0.921  train return  +17.04%  loss 1.57e-04  maxQ +0.1056  changes   569  0.1 min | val return -21.53% (best -21.53%)
episode  11/1013  eps 0.913  train return  -16.62%  loss 1.14e-04  maxQ +0.0946  changes   536  0.1 min
episode  12/1013  eps 0.904  train return  -19.29%  loss 1.09e-04  maxQ +0.0897  changes   582  0.1 min
episode  13/1013  eps 0.896  train return  +26.86%  loss 1.45e-04  maxQ +0.0850  changes   566  0.1 min
episode  14/1013  eps 0.888  train return   -1.38%  loss 1.21e-04  maxQ +0.0827  changes   573  0.1 min
episode  15/1013  eps 0.880  train return   +1.59%  loss 1.28e-04  maxQ +0.0805  changes   596  0.1 min
episode  16/1013  eps 0.872  train return   -8.15%  loss 9.61e-05  maxQ +0.0731  changes   566  0.1 min
episode  17/1013  eps 0.864  train return   -1.39%  loss 1.06e-04  maxQ +0.0734  changes   577  0.1 min
episode  18/1013  eps 0.856  train return   -2.14%  loss 8.84e-05  maxQ +0.0698  changes   587  0.1 min
episode  19/1013  eps 0.848  train return  -15.47%  loss 9.72e-05  maxQ +0.0676  changes   579  0.1 min
episode  20/1013  eps 0.841  train return  -21.55%  loss 1.01e-04  maxQ +0.0665  changes   564  0.1 min | val return -12.41% (best -12.41%)
episode  21/1013  eps 0.833  train return   -6.43%  loss 9.00e-05  maxQ +0.0630  changes   578  0.1 min
episode  22/1013  eps 0.825  train return  -28.78%  loss 8.64e-05  maxQ +0.0600  changes   561  0.1 min
episode  23/1013  eps 0.818  train return  +19.77%  loss 8.90e-05  maxQ +0.0647  changes   593  0.1 min
episode  24/1013  eps 0.810  train return  -10.73%  loss 9.16e-05  maxQ +0.0639  changes   564  0.2 min
episode  25/1013  eps 0.803  train return   -6.80%  loss 7.92e-05  maxQ +0.0587  changes   578  0.2 min
episode  26/1013  eps 0.796  train return   -0.16%  loss 8.34e-05  maxQ +0.0547  changes   569  0.2 min
episode  27/1013  eps 0.788  train return  -16.16%  loss 8.84e-05  maxQ +0.0597  changes   560  0.2 min
episode  28/1013  eps 0.781  train return   -0.12%  loss 7.73e-05  maxQ +0.0563  changes   580  0.2 min
episode  29/1013  eps 0.774  train return  +34.31%  loss 9.23e-05  maxQ +0.0570  changes   569  0.2 min
episode  30/1013  eps 0.767  train return   +4.04%  loss 6.91e-05  maxQ +0.0502  changes   553  0.2 min | val return -50.94% (best -12.41%)
episode  31/1013  eps 0.760  train return   -8.74%  loss 6.38e-05  maxQ +0.0463  changes   570  0.2 min
episode  32/1013  eps 0.753  train return  -14.72%  loss 7.31e-05  maxQ +0.0473  changes   580  0.2 min
episode  33/1013  eps 0.746  train return   -5.16%  loss 9.04e-05  maxQ +0.0462  changes   579  0.2 min
episode  34/1013  eps 0.740  train return   -5.59%  loss 8.85e-05  maxQ +0.0471  changes   587  0.2 min
episode  35/1013  eps 0.733  train return  +16.44%  loss 6.09e-05  maxQ +0.0467  changes   581  0.2 min
episode  36/1013  eps 0.726  train return   -5.56%  loss 6.66e-05  maxQ +0.0457  changes   557  0.2 min
episode  37/1013  eps 0.720  train return  -32.30%  loss 6.71e-05  maxQ +0.0465  changes   561  0.2 min
episode  38/1013  eps 0.713  train return  -12.02%  loss 8.41e-05  maxQ +0.0475  changes   581  0.2 min
episode  39/1013  eps 0.707  train return   -2.26%  loss 9.26e-05  maxQ +0.0542  changes   566  0.3 min
episode  40/1013  eps 0.700  train return  -11.88%  loss 1.23e-04  maxQ +0.0484  changes   579  0.3 min | val return -10.47% (best -10.47%)
episode  41/1013  eps 0.694  train return   +4.09%  loss 5.83e-05  maxQ +0.0492  changes   573  0.3 min
episode  42/1013  eps 0.687  train return  -15.87%  loss 5.91e-05  maxQ +0.0452  changes   558  0.3 min
episode  43/1013  eps 0.681  train return  +11.40%  loss 8.37e-05  maxQ +0.0502  changes   557  0.3 min
episode  44/1013  eps 0.675  train return  -15.29%  loss 7.41e-05  maxQ +0.0448  changes   571  0.3 min
episode  45/1013  eps 0.669  train return  -29.36%  loss 1.02e-04  maxQ +0.0522  changes   558  0.3 min
episode  46/1013  eps 0.663  train return   -4.24%  loss 6.40e-05  maxQ +0.0471  changes   535  0.3 min
episode  47/1013  eps 0.657  train return  +12.48%  loss 5.13e-05  maxQ +0.0436  changes   564  0.3 min
episode  48/1013  eps 0.651  train return   -3.36%  loss 4.52e-05  maxQ +0.0422  changes   583  0.3 min
episode  49/1013  eps 0.645  train return  -20.55%  loss 5.98e-05  maxQ +0.0398  changes   553  0.3 min
episode  50/1013  eps 0.639  train return   +1.11%  loss 4.43e-05  maxQ +0.0368  changes   553  0.3 min | val return -23.45% (best -10.47%)
episode  51/1013  eps 0.633  train return   -1.37%  loss 5.29e-05  maxQ +0.0392  changes   543  0.3 min
episode  52/1013  eps 0.627  train return   -4.30%  loss 5.95e-05  maxQ +0.0403  changes   552  0.3 min
episode  53/1013  eps 0.622  train return  -11.68%  loss 5.95e-05  maxQ +0.0373  changes   557  0.3 min
episode  54/1013  eps 0.616  train return   -5.22%  loss 5.97e-05  maxQ +0.0376  changes   580  0.4 min
episode  55/1013  eps 0.610  train return   -3.42%  loss 4.45e-05  maxQ +0.0362  changes   559  0.4 min
episode  56/1013  eps 0.605  train return  -18.90%  loss 5.01e-05  maxQ +0.0390  changes   539  0.4 min
episode  57/1013  eps 0.599  train return  +19.24%  loss 5.82e-05  maxQ +0.0359  changes   579  0.4 min
episode  58/1013  eps 0.594  train return   -1.74%  loss 4.73e-05  maxQ +0.0356  changes   566  0.4 min
episode  59/1013  eps 0.588  train return  -19.21%  loss 4.23e-05  maxQ +0.0357  changes   554  0.4 min
episode  60/1013  eps 0.583  train return  -16.67%  loss 3.98e-05  maxQ +0.0340  changes   552  0.4 min | val return -29.01% (best -10.47%)
episode  61/1013  eps 0.578  train return  +44.40%  loss 4.51e-05  maxQ +0.0347  changes   583  0.4 min
episode  62/1013  eps 0.573  train return  -11.12%  loss 4.58e-05  maxQ +0.0314  changes   545  0.4 min
episode  63/1013  eps 0.567  train return  -15.12%  loss 6.57e-05  maxQ +0.0358  changes   571  0.4 min
episode  64/1013  eps 0.562  train return  -21.70%  loss 5.01e-05  maxQ +0.0285  changes   558  0.4 min
episode  65/1013  eps 0.557  train return  -10.82%  loss 4.07e-05  maxQ +0.0280  changes   558  0.4 min
episode  66/1013  eps 0.552  train return  -13.41%  loss 4.52e-05  maxQ +0.0246  changes   558  0.4 min
episode  67/1013  eps 0.547  train return  +15.44%  loss 4.82e-05  maxQ +0.0290  changes   546  0.4 min
episode  68/1013  eps 0.542  train return  -17.73%  loss 4.54e-05  maxQ +0.0251  changes   555  0.4 min
episode  69/1013  eps 0.537  train return   +1.23%  loss 3.97e-05  maxQ +0.0256  changes   553  0.4 min
episode  70/1013  eps 0.532  train return   +1.88%  loss 5.60e-05  maxQ +0.0273  changes   535  0.4 min | val return -35.14% (best -10.47%)
episode  71/1013  eps 0.527  train return  -12.57%  loss 4.02e-05  maxQ +0.0244  changes   565  0.5 min
episode  72/1013  eps 0.523  train return  +29.17%  loss 5.31e-05  maxQ +0.0253  changes   525  0.5 min
episode  73/1013  eps 0.518  train return  +19.21%  loss 3.83e-05  maxQ +0.0271  changes   539  0.5 min
episode  74/1013  eps 0.513  train return  -17.20%  loss 5.26e-05  maxQ +0.0286  changes   540  0.5 min
episode  75/1013  eps 0.508  train return  -13.03%  loss 3.66e-05  maxQ +0.0251  changes   540  0.5 min
episode  76/1013  eps 0.504  train return  -15.08%  loss 4.23e-05  maxQ +0.0261  changes   562  0.5 min
episode  77/1013  eps 0.499  train return   +6.21%  loss 4.00e-05  maxQ +0.0312  changes   523  0.5 min
episode  78/1013  eps 0.495  train return   -4.76%  loss 3.60e-05  maxQ +0.0269  changes   527  0.5 min
episode  79/1013  eps 0.490  train return  -14.12%  loss 4.03e-05  maxQ +0.0275  changes   516  0.5 min
episode  80/1013  eps 0.486  train return  -16.88%  loss 4.12e-05  maxQ +0.0274  changes   528  0.5 min | val return -36.10% (best -10.47%)
episode  81/1013  eps 0.481  train return  +30.50%  loss 3.41e-05  maxQ +0.0258  changes   551  0.5 min
episode  82/1013  eps 0.477  train return   +1.03%  loss 4.10e-05  maxQ +0.0247  changes   528  0.5 min
episode  83/1013  eps 0.473  train return   -5.28%  loss 3.71e-05  maxQ +0.0234  changes   534  0.5 min
episode  84/1013  eps 0.468  train return   +2.05%  loss 3.92e-05  maxQ +0.0237  changes   526  0.5 min
episode  85/1013  eps 0.464  train return   +7.85%  loss 3.50e-05  maxQ +0.0216  changes   554  0.5 min
episode  86/1013  eps 0.460  train return  +11.28%  loss 3.49e-05  maxQ +0.0209  changes   534  0.6 min
episode  87/1013  eps 0.456  train return   -0.56%  loss 3.26e-05  maxQ +0.0214  changes   505  0.6 min
episode  88/1013  eps 0.451  train return   +1.58%  loss 3.62e-05  maxQ +0.0183  changes   539  0.6 min
episode  89/1013  eps 0.447  train return  +12.83%  loss 4.46e-05  maxQ +0.0204  changes   526  0.6 min
episode  90/1013  eps 0.443  train return  -11.71%  loss 3.75e-05  maxQ +0.0232  changes   509  0.6 min | val return -14.70% (best -10.47%)
episode  91/1013  eps 0.439  train return   -1.44%  loss 3.89e-05  maxQ +0.0215  changes   523  0.6 min
episode  92/1013  eps 0.435  train return   -2.78%  loss 3.49e-05  maxQ +0.0187  changes   520  0.6 min
episode  93/1013  eps 0.431  train return   -8.88%  loss 3.79e-05  maxQ +0.0189  changes   533  0.6 min
episode  94/1013  eps 0.427  train return   -1.32%  loss 3.58e-05  maxQ +0.0191  changes   538  0.6 min
episode  95/1013  eps 0.423  train return  -15.84%  loss 3.04e-05  maxQ +0.0189  changes   534  0.6 min
episode  96/1013  eps 0.420  train return   +6.08%  loss 3.37e-05  maxQ +0.0187  changes   533  0.6 min
episode  97/1013  eps 0.416  train return  +22.14%  loss 3.19e-05  maxQ +0.0188  changes   509  0.6 min
episode  98/1013  eps 0.412  train return   +8.55%  loss 3.36e-05  maxQ +0.0186  changes   520  0.6 min
episode  99/1013  eps 0.408  train return   +9.59%  loss 3.35e-05  maxQ +0.0182  changes   511  0.6 min
episode 100/1013  eps 0.405  train return  -19.73%  loss 3.86e-05  maxQ +0.0200  changes   521  0.6 min | val return +8.72% (best +8.72%)
episode 101/1013  eps 0.401  train return  -13.29%  loss 3.72e-05  maxQ +0.0187  changes   525  0.6 min
episode 102/1013  eps 0.397  train return  -16.40%  loss 3.79e-05  maxQ +0.0200  changes   551  0.7 min
episode 103/1013  eps 0.394  train return  +12.88%  loss 3.24e-05  maxQ +0.0188  changes   541  0.7 min
episode 104/1013  eps 0.390  train return  -18.72%  loss 3.35e-05  maxQ +0.0184  changes   523  0.7 min
episode 105/1013  eps 0.386  train return   -0.04%  loss 3.60e-05  maxQ +0.0177  changes   542  0.7 min
episode 106/1013  eps 0.383  train return  +16.41%  loss 3.60e-05  maxQ +0.0171  changes   529  0.7 min
episode 107/1013  eps 0.379  train return   +6.05%  loss 3.47e-05  maxQ +0.0155  changes   540  0.7 min
episode 108/1013  eps 0.376  train return   +3.50%  loss 3.24e-05  maxQ +0.0159  changes   524  0.7 min
episode 109/1013  eps 0.373  train return  +24.41%  loss 3.43e-05  maxQ +0.0161  changes   543  0.7 min
episode 110/1013  eps 0.369  train return  +10.79%  loss 3.45e-05  maxQ +0.0154  changes   528  0.7 min | val return -10.13% (best +8.72%)
episode 111/1013  eps 0.366  train return   -2.76%  loss 3.40e-05  maxQ +0.0158  changes   511  0.7 min
episode 112/1013  eps 0.363  train return  -21.64%  loss 3.75e-05  maxQ +0.0157  changes   546  0.7 min
episode 113/1013  eps 0.359  train return   -8.37%  loss 3.40e-05  maxQ +0.0153  changes   483  0.7 min
episode 114/1013  eps 0.356  train return  -36.55%  loss 3.46e-05  maxQ +0.0146  changes   493  0.7 min
episode 115/1013  eps 0.353  train return   -2.43%  loss 3.47e-05  maxQ +0.0142  changes   503  0.7 min
episode 116/1013  eps 0.349  train return  +26.13%  loss 3.65e-05  maxQ +0.0151  changes   465  0.7 min
episode 117/1013  eps 0.346  train return   +1.95%  loss 3.58e-05  maxQ +0.0144  changes   534  0.8 min
episode 118/1013  eps 0.343  train return  -21.43%  loss 3.69e-05  maxQ +0.0149  changes   467  0.8 min
episode 119/1013  eps 0.340  train return   +2.63%  loss 4.12e-05  maxQ +0.0150  changes   506  0.8 min
episode 120/1013  eps 0.337  train return  -22.94%  loss 3.90e-05  maxQ +0.0151  changes   512  0.8 min | val return -22.48% (best +8.72%)
episode 121/1013  eps 0.334  train return  -11.51%  loss 3.85e-05  maxQ +0.0144  changes   508  0.8 min
episode 122/1013  eps 0.331  train return  +12.07%  loss 3.48e-05  maxQ +0.0140  changes   517  0.8 min
episode 123/1013  eps 0.328  train return  +14.07%  loss 3.63e-05  maxQ +0.0147  changes   530  0.8 min
episode 124/1013  eps 0.325  train return  +11.71%  loss 3.70e-05  maxQ +0.0132  changes   506  0.8 min
episode 125/1013  eps 0.322  train return  -18.43%  loss 3.88e-05  maxQ +0.0138  changes   535  0.8 min
episode 126/1013  eps 0.319  train return  +13.91%  loss 3.45e-05  maxQ +0.0133  changes   521  0.8 min
episode 127/1013  eps 0.316  train return  +24.14%  loss 3.81e-05  maxQ +0.0137  changes   509  0.8 min
episode 128/1013  eps 0.313  train return   -0.79%  loss 3.31e-05  maxQ +0.0128  changes   497  0.8 min
episode 129/1013  eps 0.310  train return   -5.40%  loss 3.57e-05  maxQ +0.0136  changes   484  0.8 min
episode 130/1013  eps 0.308  train return   +0.13%  loss 3.74e-05  maxQ +0.0129  changes   487  0.8 min | val return -20.51% (best +8.72%)
episode 131/1013  eps 0.305  train return  +29.15%  loss 3.71e-05  maxQ +0.0137  changes   505  0.8 min
episode 132/1013  eps 0.302  train return   -6.98%  loss 3.94e-05  maxQ +0.0126  changes   481  0.8 min
episode 133/1013  eps 0.299  train return   -7.58%  loss 3.68e-05  maxQ +0.0127  changes   516  0.9 min
episode 134/1013  eps 0.296  train return   +2.25%  loss 3.65e-05  maxQ +0.0120  changes   497  0.9 min
episode 135/1013  eps 0.294  train return   -8.26%  loss 3.56e-05  maxQ +0.0123  changes   492  0.9 min
episode 136/1013  eps 0.291  train return  +30.96%  loss 3.64e-05  maxQ +0.0126  changes   501  0.9 min
episode 137/1013  eps 0.288  train return   -1.80%  loss 3.46e-05  maxQ +0.0114  changes   501  0.9 min
episode 138/1013  eps 0.286  train return  +26.48%  loss 3.60e-05  maxQ +0.0111  changes   467  0.9 min
episode 139/1013  eps 0.283  train return   -0.26%  loss 3.63e-05  maxQ +0.0123  changes   520  0.9 min
episode 140/1013  eps 0.281  train return   +2.74%  loss 3.80e-05  maxQ +0.0127  changes   451  0.9 min | val return -16.93% (best +8.72%)
episode 141/1013  eps 0.278  train return   -3.73%  loss 3.97e-05  maxQ +0.0128  changes   489  0.9 min
episode 142/1013  eps 0.276  train return  +16.55%  loss 3.58e-05  maxQ +0.0131  changes   510  0.9 min
episode 143/1013  eps 0.273  train return   +3.77%  loss 3.73e-05  maxQ +0.0132  changes   511  0.9 min
episode 144/1013  eps 0.271  train return  -11.34%  loss 3.78e-05  maxQ +0.0136  changes   502  0.9 min
episode 145/1013  eps 0.268  train return   +7.81%  loss 3.84e-05  maxQ +0.0131  changes   513  0.9 min
episode 146/1013  eps 0.266  train return  -12.62%  loss 3.67e-05  maxQ +0.0134  changes   457  0.9 min
episode 147/1013  eps 0.263  train return   -2.50%  loss 3.57e-05  maxQ +0.0126  changes   487  0.9 min
episode 148/1013  eps 0.261  train return   +8.65%  loss 3.61e-05  maxQ +0.0127  changes   514  0.9 min
episode 149/1013  eps 0.258  train return  +72.21%  loss 3.85e-05  maxQ +0.0140  changes   505  0.9 min
episode 150/1013  eps 0.256  train return   +0.26%  loss 3.87e-05  maxQ +0.0122  changes   483  1.0 min | val return -34.35% (best +8.72%)
episode 151/1013  eps 0.254  train return  +18.36%  loss 3.77e-05  maxQ +0.0127  changes   503  1.0 min
episode 152/1013  eps 0.251  train return   +1.46%  loss 3.81e-05  maxQ +0.0120  changes   444  1.0 min
episode 153/1013  eps 0.249  train return  +48.38%  loss 3.91e-05  maxQ +0.0122  changes   492  1.0 min
episode 154/1013  eps 0.247  train return  +56.75%  loss 4.01e-05  maxQ +0.0126  changes   509  1.0 min
episode 155/1013  eps 0.245  train return  +23.18%  loss 4.01e-05  maxQ +0.0132  changes   464  1.0 min
episode 156/1013  eps 0.242  train return  +24.83%  loss 4.09e-05  maxQ +0.0132  changes   486  1.0 min
episode 157/1013  eps 0.240  train return  +10.73%  loss 3.95e-05  maxQ +0.0133  changes   529  1.0 min
episode 158/1013  eps 0.238  train return   -8.77%  loss 3.89e-05  maxQ +0.0126  changes   533  1.0 min
episode 159/1013  eps 0.236  train return  -10.43%  loss 3.92e-05  maxQ +0.0124  changes   434  1.0 min
episode 160/1013  eps 0.234  train return   -4.08%  loss 4.12e-05  maxQ +0.0118  changes   466  1.0 min | val return -31.20% (best +8.72%)
episode 161/1013  eps 0.232  train return   +4.28%  loss 3.77e-05  maxQ +0.0123  changes   426  1.0 min
episode 162/1013  eps 0.230  train return   -4.75%  loss 3.74e-05  maxQ +0.0121  changes   443  1.0 min
episode 163/1013  eps 0.227  train return  -28.21%  loss 3.88e-05  maxQ +0.0122  changes   506  1.0 min
episode 164/1013  eps 0.225  train return   +8.85%  loss 4.08e-05  maxQ +0.0123  changes   461  1.0 min
episode 165/1013  eps 0.223  train return  -24.19%  loss 3.96e-05  maxQ +0.0120  changes   468  1.1 min
episode 166/1013  eps 0.221  train return   -3.25%  loss 3.95e-05  maxQ +0.0121  changes   484  1.1 min
episode 167/1013  eps 0.219  train return  +15.80%  loss 4.06e-05  maxQ +0.0123  changes   494  1.1 min
episode 168/1013  eps 0.217  train return  +10.60%  loss 4.11e-05  maxQ +0.0122  changes   420  1.1 min
episode 169/1013  eps 0.215  train return   -2.50%  loss 3.93e-05  maxQ +0.0119  changes   461  1.1 min
episode 170/1013  eps 0.213  train return  -11.60%  loss 3.87e-05  maxQ +0.0119  changes   459  1.1 min | val return -34.88% (best +8.72%)
episode 171/1013  eps 0.211  train return   +0.33%  loss 4.11e-05  maxQ +0.0120  changes   435  1.1 min
episode 172/1013  eps 0.209  train return   +4.31%  loss 3.75e-05  maxQ +0.0116  changes   465  1.1 min
episode 173/1013  eps 0.208  train return   +9.18%  loss 3.79e-05  maxQ +0.0120  changes   485  1.1 min
episode 174/1013  eps 0.206  train return   +3.39%  loss 3.87e-05  maxQ +0.0121  changes   439  1.1 min
episode 175/1013  eps 0.204  train return  +13.42%  loss 3.98e-05  maxQ +0.0112  changes   445  1.1 min
episode 176/1013  eps 0.202  train return   +4.95%  loss 3.85e-05  maxQ +0.0121  changes   435  1.1 min
episode 177/1013  eps 0.200  train return  +42.06%  loss 3.85e-05  maxQ +0.0119  changes   452  1.1 min
episode 178/1013  eps 0.198  train return   -4.82%  loss 3.86e-05  maxQ +0.0118  changes   416  1.1 min
episode 179/1013  eps 0.196  train return   -5.35%  loss 3.92e-05  maxQ +0.0116  changes   448  1.1 min
episode 180/1013  eps 0.195  train return   +7.86%  loss 3.62e-05  maxQ +0.0108  changes   451  1.1 min | val return -19.44% (best +8.72%)
episode 181/1013  eps 0.193  train return  +10.52%  loss 3.62e-05  maxQ +0.0113  changes   448  1.2 min
episode 182/1013  eps 0.191  train return   -8.85%  loss 4.05e-05  maxQ +0.0121  changes   476  1.2 min
episode 183/1013  eps 0.189  train return   -0.82%  loss 4.03e-05  maxQ +0.0114  changes   480  1.2 min
episode 184/1013  eps 0.188  train return  +43.85%  loss 3.62e-05  maxQ +0.0103  changes   514  1.2 min
episode 185/1013  eps 0.186  train return   +7.77%  loss 3.92e-05  maxQ +0.0111  changes   483  1.2 min
episode 186/1013  eps 0.184  train return  +22.27%  loss 3.96e-05  maxQ +0.0109  changes   463  1.2 min
episode 187/1013  eps 0.183  train return   -8.59%  loss 3.93e-05  maxQ +0.0108  changes   468  1.2 min
episode 188/1013  eps 0.181  train return  +13.71%  loss 4.06e-05  maxQ +0.0118  changes   446  1.2 min
episode 189/1013  eps 0.179  train return   +8.56%  loss 3.72e-05  maxQ +0.0106  changes   486  1.2 min
episode 190/1013  eps 0.178  train return   +8.02%  loss 4.03e-05  maxQ +0.0116  changes   454  1.2 min | val return -20.44% (best +8.72%)
episode 191/1013  eps 0.176  train return  +29.28%  loss 3.85e-05  maxQ +0.0112  changes   448  1.2 min
episode 192/1013  eps 0.174  train return  +20.60%  loss 3.76e-05  maxQ +0.0107  changes   424  1.2 min
episode 193/1013  eps 0.173  train return  +15.54%  loss 3.68e-05  maxQ +0.0119  changes   505  1.2 min
episode 194/1013  eps 0.171  train return  +34.01%  loss 3.87e-05  maxQ +0.0117  changes   498  1.2 min
episode 195/1013  eps 0.170  train return   +8.37%  loss 3.94e-05  maxQ +0.0109  changes   490  1.2 min
episode 196/1013  eps 0.168  train return  +16.40%  loss 3.70e-05  maxQ +0.0114  changes   536  1.2 min
episode 197/1013  eps 0.167  train return   +5.37%  loss 4.01e-05  maxQ +0.0107  changes   458  1.3 min
episode 198/1013  eps 0.165  train return   -7.68%  loss 3.86e-05  maxQ +0.0113  changes   473  1.3 min
episode 199/1013  eps 0.164  train return   +7.03%  loss 3.93e-05  maxQ +0.0113  changes   428  1.3 min
episode 200/1013  eps 0.162  train return   +7.91%  loss 3.72e-05  maxQ +0.0112  changes   406  1.3 min | val return +5.80% (best +8.72%)
episode 201/1013  eps 0.161  train return   -7.06%  loss 3.80e-05  maxQ +0.0111  changes   467  1.3 min
episode 202/1013  eps 0.159  train return   -3.84%  loss 3.69e-05  maxQ +0.0110  changes   433  1.3 min
episode 203/1013  eps 0.158  train return   +3.26%  loss 3.84e-05  maxQ +0.0109  changes   476  1.3 min
episode 204/1013  eps 0.156  train return  +24.08%  loss 3.70e-05  maxQ +0.0114  changes   468  1.3 min
episode 205/1013  eps 0.155  train return   -3.18%  loss 3.82e-05  maxQ +0.0113  changes   408  1.3 min
episode 206/1013  eps 0.154  train return  +17.88%  loss 3.66e-05  maxQ +0.0113  changes   478  1.3 min
episode 207/1013  eps 0.152  train return   +4.49%  loss 3.63e-05  maxQ +0.0111  changes   439  1.3 min
episode 208/1013  eps 0.151  train return   +1.56%  loss 3.70e-05  maxQ +0.0104  changes   446  1.3 min
episode 209/1013  eps 0.149  train return  +21.45%  loss 3.67e-05  maxQ +0.0107  changes   476  1.3 min
episode 210/1013  eps 0.148  train return   -8.59%  loss 3.66e-05  maxQ +0.0104  changes   468  1.3 min | val return -19.21% (best +8.72%)
episode 211/1013  eps 0.147  train return  +11.38%  loss 3.48e-05  maxQ +0.0099  changes   490  1.4 min
episode 212/1013  eps 0.145  train return   -3.96%  loss 3.53e-05  maxQ +0.0104  changes   427  1.4 min
episode 213/1013  eps 0.144  train return  +23.61%  loss 3.74e-05  maxQ +0.0108  changes   460  1.4 min
episode 214/1013  eps 0.143  train return   -9.26%  loss 3.44e-05  maxQ +0.0103  changes   474  1.4 min
episode 215/1013  eps 0.141  train return   -0.98%  loss 3.47e-05  maxQ +0.0105  changes   438  1.4 min
episode 216/1013  eps 0.140  train return  +15.03%  loss 3.32e-05  maxQ +0.0099  changes   483  1.4 min
episode 217/1013  eps 0.139  train return   -1.55%  loss 3.56e-05  maxQ +0.0100  changes   426  1.4 min
episode 218/1013  eps 0.138  train return  +30.02%  loss 3.68e-05  maxQ +0.0111  changes   447  1.4 min
episode 219/1013  eps 0.136  train return   -1.61%  loss 3.42e-05  maxQ +0.0107  changes   435  1.4 min
episode 220/1013  eps 0.135  train return  +24.60%  loss 3.51e-05  maxQ +0.0114  changes   504  1.4 min | val return -18.80% (best +8.72%)
episode 221/1013  eps 0.134  train return   +9.77%  loss 3.41e-05  maxQ +0.0111  changes   442  1.4 min
episode 222/1013  eps 0.133  train return  +19.04%  loss 3.50e-05  maxQ +0.0110  changes   412  1.4 min
episode 223/1013  eps 0.131  train return  +11.56%  loss 3.40e-05  maxQ +0.0107  changes   423  1.4 min
episode 224/1013  eps 0.130  train return   +4.90%  loss 3.37e-05  maxQ +0.0110  changes   399  1.4 min
episode 225/1013  eps 0.129  train return   -3.64%  loss 3.27e-05  maxQ +0.0107  changes   439  1.4 min
episode 226/1013  eps 0.128  train return  +33.32%  loss 3.33e-05  maxQ +0.0105  changes   524  1.4 min
episode 227/1013  eps 0.127  train return  +52.33%  loss 3.26e-05  maxQ +0.0103  changes   478  1.5 min
episode 228/1013  eps 0.126  train return  +22.48%  loss 3.36e-05  maxQ +0.0103  changes   452  1.5 min
episode 229/1013  eps 0.124  train return  +20.54%  loss 3.34e-05  maxQ +0.0104  changes   453  1.5 min
episode 230/1013  eps 0.123  train return   +5.77%  loss 3.42e-05  maxQ +0.0099  changes   459  1.5 min | val return -24.86% (best +8.72%)
episode 231/1013  eps 0.122  train return   -6.05%  loss 3.31e-05  maxQ +0.0103  changes   469  1.5 min
episode 232/1013  eps 0.121  train return   +3.34%  loss 3.42e-05  maxQ +0.0102  changes   513  1.5 min
episode 233/1013  eps 0.120  train return  +33.43%  loss 3.35e-05  maxQ +0.0105  changes   523  1.5 min
episode 234/1013  eps 0.119  train return  +25.07%  loss 3.50e-05  maxQ +0.0100  changes   477  1.5 min
episode 235/1013  eps 0.118  train return  +72.73%  loss 3.18e-05  maxQ +0.0105  changes   505  1.5 min
episode 236/1013  eps 0.117  train return  +11.16%  loss 3.51e-05  maxQ +0.0112  changes   543  1.5 min
episode 237/1013  eps 0.116  train return   +7.96%  loss 3.64e-05  maxQ +0.0118  changes   492  1.5 min
episode 238/1013  eps 0.115  train return   +9.98%  loss 3.41e-05  maxQ +0.0107  changes   483  1.5 min
episode 239/1013  eps 0.114  train return  +38.33%  loss 3.78e-05  maxQ +0.0111  changes   458  1.5 min
episode 240/1013  eps 0.112  train return  +62.13%  loss 3.71e-05  maxQ +0.0105  changes   500  1.5 min | val return -7.76% (best +8.72%)
episode 241/1013  eps 0.111  train return   -7.30%  loss 3.40e-05  maxQ +0.0102  changes   468  1.5 min
episode 242/1013  eps 0.110  train return  +30.00%  loss 3.47e-05  maxQ +0.0109  changes   472  1.5 min
episode 243/1013  eps 0.109  train return  +12.30%  loss 3.47e-05  maxQ +0.0108  changes   495  1.6 min
episode 244/1013  eps 0.108  train return  -11.65%  loss 3.43e-05  maxQ +0.0108  changes   485  1.6 min
episode 245/1013  eps 0.107  train return +100.82%  loss 3.46e-05  maxQ +0.0101  changes   535  1.6 min
episode 246/1013  eps 0.106  train return  +13.20%  loss 3.60e-05  maxQ +0.0107  changes   487  1.6 min
episode 247/1013  eps 0.106  train return   -7.25%  loss 3.57e-05  maxQ +0.0107  changes   458  1.6 min
episode 248/1013  eps 0.105  train return  +17.72%  loss 3.62e-05  maxQ +0.0106  changes   461  1.6 min
episode 249/1013  eps 0.104  train return  +43.84%  loss 3.67e-05  maxQ +0.0112  changes   476  1.6 min
episode 250/1013  eps 0.103  train return  +12.03%  loss 3.60e-05  maxQ +0.0110  changes   436  1.6 min | val return -10.05% (best +8.72%)
episode 251/1013  eps 0.102  train return   -8.08%  loss 3.49e-05  maxQ +0.0105  changes   480  1.6 min
episode 252/1013  eps 0.101  train return  +49.07%  loss 3.61e-05  maxQ +0.0111  changes   501  1.6 min
episode 253/1013  eps 0.100  train return  -10.17%  loss 3.75e-05  maxQ +0.0109  changes   454  1.6 min
episode 254/1013  eps 0.099  train return  +88.42%  loss 3.49e-05  maxQ +0.0103  changes   497  1.6 min
episode 255/1013  eps 0.098  train return  +85.90%  loss 3.57e-05  maxQ +0.0108  changes   498  1.6 min
episode 256/1013  eps 0.097  train return   +0.10%  loss 3.84e-05  maxQ +0.0110  changes   503  1.6 min
episode 257/1013  eps 0.096  train return  -14.89%  loss 3.73e-05  maxQ +0.0112  changes   385  1.6 min
episode 258/1013  eps 0.095  train return  +13.38%  loss 3.61e-05  maxQ +0.0119  changes   457  1.6 min
episode 259/1013  eps 0.095  train return  +16.47%  loss 3.72e-05  maxQ +0.0113  changes   465  1.7 min
episode 260/1013  eps 0.094  train return  +44.16%  loss 3.49e-05  maxQ +0.0111  changes   475  1.7 min | val return -20.35% (best +8.72%)
episode 261/1013  eps 0.093  train return  +57.59%  loss 3.61e-05  maxQ +0.0106  changes   471  1.7 min
episode 262/1013  eps 0.092  train return  -20.89%  loss 3.50e-05  maxQ +0.0101  changes   445  1.7 min
episode 263/1013  eps 0.091  train return  -13.36%  loss 3.49e-05  maxQ +0.0103  changes   449  1.7 min
episode 264/1013  eps 0.090  train return   -1.29%  loss 3.42e-05  maxQ +0.0103  changes   386  1.7 min
episode 265/1013  eps 0.090  train return   -3.72%  loss 3.38e-05  maxQ +0.0102  changes   470  1.7 min
episode 266/1013  eps 0.089  train return  +77.19%  loss 3.50e-05  maxQ +0.0105  changes   517  1.7 min
episode 267/1013  eps 0.088  train return  +10.37%  loss 3.44e-05  maxQ +0.0107  changes   384  1.7 min
episode 268/1013  eps 0.087  train return  +39.68%  loss 3.37e-05  maxQ +0.0106  changes   439  1.7 min
episode 269/1013  eps 0.086  train return   +4.72%  loss 3.41e-05  maxQ +0.0106  changes   490  1.7 min
episode 270/1013  eps 0.086  train return   +0.58%  loss 3.57e-05  maxQ +0.0110  changes   433  1.7 min | val return -26.79% (best +8.72%)
episode 271/1013  eps 0.085  train return  +10.31%  loss 3.31e-05  maxQ +0.0108  changes   510  1.7 min
episode 272/1013  eps 0.084  train return  +26.81%  loss 3.45e-05  maxQ +0.0103  changes   385  1.7 min
episode 273/1013  eps 0.083  train return  +76.78%  loss 3.79e-05  maxQ +0.0103  changes   425  1.7 min
episode 274/1013  eps 0.082  train return  -11.73%  loss 3.63e-05  maxQ +0.0109  changes   417  1.8 min
episode 275/1013  eps 0.082  train return   +8.33%  loss 3.67e-05  maxQ +0.0107  changes   514  1.8 min
episode 276/1013  eps 0.081  train return   +3.46%  loss 3.55e-05  maxQ +0.0103  changes   479  1.8 min
episode 277/1013  eps 0.080  train return  +16.29%  loss 3.44e-05  maxQ +0.0102  changes   470  1.8 min
episode 278/1013  eps 0.079  train return  +15.38%  loss 3.49e-05  maxQ +0.0108  changes   469  1.8 min
episode 279/1013  eps 0.079  train return  -17.28%  loss 3.60e-05  maxQ +0.0107  changes   390  1.8 min
episode 280/1013  eps 0.078  train return   +0.85%  loss 3.86e-05  maxQ +0.0100  changes   521  1.8 min | val return -8.78% (best +8.72%)
episode 281/1013  eps 0.077  train return  +16.39%  loss 3.84e-05  maxQ +0.0105  changes   509  1.8 min
episode 282/1013  eps 0.077  train return  -11.42%  loss 3.61e-05  maxQ +0.0105  changes   367  1.8 min
episode 283/1013  eps 0.076  train return   +3.86%  loss 3.70e-05  maxQ +0.0103  changes   434  1.8 min
episode 284/1013  eps 0.075  train return   -0.71%  loss 3.65e-05  maxQ +0.0103  changes   416  1.8 min
episode 285/1013  eps 0.075  train return   -6.46%  loss 3.59e-05  maxQ +0.0103  changes   489  1.8 min
episode 286/1013  eps 0.074  train return  +43.18%  loss 3.81e-05  maxQ +0.0110  changes   466  1.8 min
episode 287/1013  eps 0.073  train return +124.36%  loss 3.62e-05  maxQ +0.0104  changes   469  1.8 min
episode 288/1013  eps 0.073  train return   +2.47%  loss 3.77e-05  maxQ +0.0107  changes   481  1.8 min
episode 289/1013  eps 0.072  train return   -1.27%  loss 3.87e-05  maxQ +0.0115  changes   403  1.8 min
episode 290/1013  eps 0.071  train return   +4.08%  loss 4.02e-05  maxQ +0.0112  changes   502  1.8 min | val return -29.56% (best +8.72%)
episode 291/1013  eps 0.071  train return  -11.19%  loss 3.92e-05  maxQ +0.0116  changes   474  1.9 min
episode 292/1013  eps 0.070  train return   -3.75%  loss 3.75e-05  maxQ +0.0111  changes   375  1.9 min
episode 293/1013  eps 0.069  train return   -1.64%  loss 3.79e-05  maxQ +0.0113  changes   396  1.9 min
episode 294/1013  eps 0.069  train return  +31.05%  loss 3.88e-05  maxQ +0.0106  changes   454  1.9 min
episode 295/1013  eps 0.068  train return  +10.11%  loss 3.80e-05  maxQ +0.0109  changes   449  1.9 min
episode 296/1013  eps 0.067  train return   +8.21%  loss 3.75e-05  maxQ +0.0111  changes   446  1.9 min
episode 297/1013  eps 0.067  train return  +22.83%  loss 3.72e-05  maxQ +0.0108  changes   393  1.9 min
episode 298/1013  eps 0.066  train return   -1.11%  loss 3.76e-05  maxQ +0.0107  changes   449  1.9 min
episode 299/1013  eps 0.066  train return   +2.26%  loss 3.78e-05  maxQ +0.0102  changes   484  1.9 min
episode 300/1013  eps 0.065  train return +108.08%  loss 3.88e-05  maxQ +0.0109  changes   508  1.9 min | val return -35.57% (best +8.72%)
episode 301/1013  eps 0.064  train return   -3.02%  loss 3.95e-05  maxQ +0.0110  changes   398  1.9 min
episode 302/1013  eps 0.064  train return  +66.96%  loss 3.74e-05  maxQ +0.0109  changes   486  1.9 min
episode 303/1013  eps 0.063  train return   +2.29%  loss 3.82e-05  maxQ +0.0121  changes   396  1.9 min
episode 304/1013  eps 0.063  train return   +8.41%  loss 3.82e-05  maxQ +0.0116  changes   407  1.9 min
episode 305/1013  eps 0.062  train return  +11.65%  loss 3.76e-05  maxQ +0.0116  changes   438  1.9 min
episode 306/1013  eps 0.062  train return  +22.06%  loss 3.84e-05  maxQ +0.0115  changes   504  2.0 min
episode 307/1013  eps 0.061  train return   +7.36%  loss 3.84e-05  maxQ +0.0114  changes   389  2.0 min
episode 308/1013  eps 0.060  train return   -0.46%  loss 3.84e-05  maxQ +0.0110  changes   482  2.0 min
episode 309/1013  eps 0.060  train return  +25.24%  loss 3.84e-05  maxQ +0.0114  changes   414  2.0 min
episode 310/1013  eps 0.059  train return  +13.97%  loss 3.51e-05  maxQ +0.0113  changes   474  2.0 min | val return -4.65% (best +8.72%)
episode 311/1013  eps 0.059  train return  +24.33%  loss 3.60e-05  maxQ +0.0110  changes   486  2.0 min
episode 312/1013  eps 0.058  train return   +7.64%  loss 3.82e-05  maxQ +0.0110  changes   453  2.0 min
episode 313/1013  eps 0.058  train return  +22.10%  loss 3.86e-05  maxQ +0.0111  changes   372  2.0 min
episode 314/1013  eps 0.057  train return   +1.91%  loss 3.62e-05  maxQ +0.0113  changes   355  2.0 min
episode 315/1013  eps 0.057  train return  +17.75%  loss 3.85e-05  maxQ +0.0110  changes   414  2.0 min
episode 316/1013  eps 0.056  train return   +1.49%  loss 3.57e-05  maxQ +0.0108  changes   469  2.0 min
episode 317/1013  eps 0.056  train return  +48.21%  loss 3.70e-05  maxQ +0.0111  changes   475  2.0 min
episode 318/1013  eps 0.055  train return   +0.55%  loss 3.81e-05  maxQ +0.0115  changes   400  2.0 min
episode 319/1013  eps 0.055  train return  +77.97%  loss 3.82e-05  maxQ +0.0118  changes   513  2.0 min
episode 320/1013  eps 0.054  train return  +12.88%  loss 3.72e-05  maxQ +0.0111  changes   411  2.0 min | val return -44.63% (best +8.72%)
episode 321/1013  eps 0.054  train return   -4.82%  loss 3.76e-05  maxQ +0.0111  changes   424  2.0 min
episode 322/1013  eps 0.053  train return   +5.19%  loss 3.45e-05  maxQ +0.0110  changes   411  2.1 min
episode 323/1013  eps 0.053  train return   +1.87%  loss 3.74e-05  maxQ +0.0112  changes   477  2.1 min
episode 324/1013  eps 0.052  train return  +20.96%  loss 3.44e-05  maxQ +0.0113  changes   421  2.1 min
episode 325/1013  eps 0.052  train return  +41.58%  loss 3.40e-05  maxQ +0.0113  changes   420  2.1 min
episode 326/1013  eps 0.051  train return  +13.69%  loss 3.68e-05  maxQ +0.0106  changes   438  2.1 min
episode 327/1013  eps 0.051  train return   +6.42%  loss 3.66e-05  maxQ +0.0103  changes   433  2.1 min
episode 328/1013  eps 0.050  train return   -4.05%  loss 3.91e-05  maxQ +0.0103  changes   484  2.1 min
episode 329/1013  eps 0.050  train return  +13.57%  loss 3.64e-05  maxQ +0.0108  changes   460  2.1 min
episode 330/1013  eps 0.049  train return   -5.58%  loss 3.57e-05  maxQ +0.0101  changes   488  2.1 min | val return -9.81% (best +8.72%)
episode 331/1013  eps 0.049  train return  +36.90%  loss 3.72e-05  maxQ +0.0100  changes   504  2.1 min
episode 332/1013  eps 0.049  train return   -9.80%  loss 3.39e-05  maxQ +0.0098  changes   463  2.1 min
episode 333/1013  eps 0.048  train return +230.76%  loss 3.74e-05  maxQ +0.0101  changes   471  2.1 min
episode 334/1013  eps 0.048  train return  +24.85%  loss 3.85e-05  maxQ +0.0103  changes   424  2.1 min
episode 335/1013  eps 0.047  train return  +36.11%  loss 3.95e-05  maxQ +0.0099  changes   466  2.1 min
episode 336/1013  eps 0.047  train return  +36.32%  loss 3.86e-05  maxQ +0.0107  changes   472  2.1 min
episode 337/1013  eps 0.046  train return   +9.61%  loss 3.87e-05  maxQ +0.0107  changes   375  2.1 min
episode 338/1013  eps 0.046  train return  +32.60%  loss 3.65e-05  maxQ +0.0105  changes   388  2.2 min
episode 339/1013  eps 0.046  train return  +13.16%  loss 3.74e-05  maxQ +0.0108  changes   469  2.2 min
episode 340/1013  eps 0.045  train return  +62.75%  loss 3.69e-05  maxQ +0.0110  changes   466  2.2 min | val return -12.07% (best +8.72%)
episode 341/1013  eps 0.045  train return  +61.12%  loss 3.80e-05  maxQ +0.0109  changes   474  2.2 min
episode 342/1013  eps 0.044  train return  +42.48%  loss 3.66e-05  maxQ +0.0102  changes   426  2.2 min
episode 343/1013  eps 0.044  train return  +56.64%  loss 3.74e-05  maxQ +0.0112  changes   453  2.2 min
episode 344/1013  eps 0.043  train return   +8.24%  loss 3.64e-05  maxQ +0.0108  changes   404  2.2 min
episode 345/1013  eps 0.043  train return  +32.35%  loss 3.66e-05  maxQ +0.0114  changes   493  2.2 min
episode 346/1013  eps 0.043  train return   -0.54%  loss 3.85e-05  maxQ +0.0116  changes   461  2.2 min
episode 347/1013  eps 0.042  train return +158.72%  loss 3.93e-05  maxQ +0.0111  changes   483  2.2 min
episode 348/1013  eps 0.042  train return  +39.14%  loss 4.20e-05  maxQ +0.0119  changes   472  2.2 min
episode 349/1013  eps 0.042  train return   +8.02%  loss 3.81e-05  maxQ +0.0117  changes   466  2.2 min
episode 350/1013  eps 0.041  train return  +16.30%  loss 3.94e-05  maxQ +0.0122  changes   362  2.2 min | val return -22.51% (best +8.72%)
episode 351/1013  eps 0.041  train return  +11.90%  loss 3.85e-05  maxQ +0.0120  changes   459  2.2 min
episode 352/1013  eps 0.040  train return  +14.29%  loss 3.51e-05  maxQ +0.0113  changes   420  2.2 min
episode 353/1013  eps 0.040  train return  +86.14%  loss 3.63e-05  maxQ +0.0111  changes   494  2.2 min
episode 354/1013  eps 0.040  train return   -5.04%  loss 4.09e-05  maxQ +0.0108  changes   414  2.3 min
episode 355/1013  eps 0.039  train return  +73.22%  loss 3.58e-05  maxQ +0.0111  changes   452  2.3 min
episode 356/1013  eps 0.039  train return  +24.71%  loss 3.93e-05  maxQ +0.0116  changes   402  2.3 min
episode 357/1013  eps 0.039  train return  +65.89%  loss 3.64e-05  maxQ +0.0116  changes   469  2.3 min
episode 358/1013  eps 0.038  train return  +19.73%  loss 3.82e-05  maxQ +0.0111  changes   406  2.3 min
episode 359/1013  eps 0.038  train return  +44.95%  loss 3.86e-05  maxQ +0.0111  changes   462  2.3 min
episode 360/1013  eps 0.038  train return  +24.65%  loss 3.72e-05  maxQ +0.0114  changes   402  2.3 min | val return -20.47% (best +8.72%)
episode 361/1013  eps 0.037  train return  +11.22%  loss 3.77e-05  maxQ +0.0107  changes   428  2.3 min
episode 362/1013  eps 0.037  train return  +19.62%  loss 3.78e-05  maxQ +0.0112  changes   449  2.3 min
episode 363/1013  eps 0.037  train return  +59.84%  loss 3.91e-05  maxQ +0.0109  changes   426  2.3 min
episode 364/1013  eps 0.036  train return  +20.44%  loss 3.70e-05  maxQ +0.0110  changes   439  2.3 min
episode 365/1013  eps 0.036  train return   -9.34%  loss 3.81e-05  maxQ +0.0106  changes   387  2.3 min
episode 366/1013  eps 0.036  train return  +28.01%  loss 3.77e-05  maxQ +0.0109  changes   478  2.3 min
episode 367/1013  eps 0.035  train return  +14.86%  loss 3.73e-05  maxQ +0.0110  changes   401  2.3 min
episode 368/1013  eps 0.035  train return  +44.90%  loss 3.95e-05  maxQ +0.0113  changes   494  2.3 min
episode 369/1013  eps 0.035  train return +136.25%  loss 4.05e-05  maxQ +0.0108  changes   484  2.3 min
episode 370/1013  eps 0.034  train return  +32.75%  loss 4.22e-05  maxQ +0.0113  changes   467  2.4 min | val return -32.97% (best +8.72%)
episode 371/1013  eps 0.034  train return   +7.27%  loss 4.20e-05  maxQ +0.0118  changes   471  2.4 min
episode 372/1013  eps 0.034  train return  +18.82%  loss 4.11e-05  maxQ +0.0112  changes   484  2.4 min
episode 373/1013  eps 0.033  train return   -5.77%  loss 3.87e-05  maxQ +0.0113  changes   462  2.4 min
episode 374/1013  eps 0.033  train return   +9.16%  loss 4.04e-05  maxQ +0.0120  changes   483  2.4 min
episode 375/1013  eps 0.033  train return  +47.16%  loss 4.14e-05  maxQ +0.0124  changes   457  2.4 min
episode 376/1013  eps 0.032  train return  +29.05%  loss 4.15e-05  maxQ +0.0122  changes   485  2.4 min
episode 377/1013  eps 0.032  train return  +11.38%  loss 4.11e-05  maxQ +0.0121  changes   472  2.4 min
episode 378/1013  eps 0.032  train return  +20.76%  loss 3.91e-05  maxQ +0.0122  changes   458  2.4 min
episode 379/1013  eps 0.032  train return  +21.82%  loss 4.17e-05  maxQ +0.0127  changes   461  2.4 min
episode 380/1013  eps 0.031  train return +177.59%  loss 3.93e-05  maxQ +0.0115  changes   490  2.4 min | val return -29.14% (best +8.72%)
episode 381/1013  eps 0.031  train return  +11.31%  loss 3.82e-05  maxQ +0.0120  changes   463  2.4 min
episode 382/1013  eps 0.031  train return  +12.72%  loss 3.97e-05  maxQ +0.0118  changes   476  2.4 min
episode 383/1013  eps 0.030  train return  +13.46%  loss 3.92e-05  maxQ +0.0111  changes   425  2.4 min
episode 384/1013  eps 0.030  train return  -23.59%  loss 4.01e-05  maxQ +0.0112  changes   462  2.4 min
episode 385/1013  eps 0.030  train return  +37.68%  loss 4.03e-05  maxQ +0.0109  changes   499  2.4 min
episode 386/1013  eps 0.030  train return  +20.37%  loss 3.96e-05  maxQ +0.0116  changes   440  2.5 min
episode 387/1013  eps 0.029  train return +156.62%  loss 3.96e-05  maxQ +0.0113  changes   494  2.5 min
episode 388/1013  eps 0.029  train return  +77.57%  loss 4.23e-05  maxQ +0.0119  changes   485  2.5 min
episode 389/1013  eps 0.029  train return  +53.46%  loss 4.23e-05  maxQ +0.0115  changes   421  2.5 min
episode 390/1013  eps 0.029  train return  +17.99%  loss 4.22e-05  maxQ +0.0111  changes   511  2.5 min | val return -22.17% (best +8.72%)
episode 391/1013  eps 0.028  train return   +5.55%  loss 4.29e-05  maxQ +0.0111  changes   409  2.5 min
episode 392/1013  eps 0.028  train return  +18.81%  loss 4.09e-05  maxQ +0.0115  changes   488  2.5 min
episode 393/1013  eps 0.028  train return   +6.20%  loss 4.21e-05  maxQ +0.0111  changes   470  2.5 min
episode 394/1013  eps 0.028  train return  +54.85%  loss 4.33e-05  maxQ +0.0118  changes   509  2.5 min
episode 395/1013  eps 0.027  train return  +19.98%  loss 4.40e-05  maxQ +0.0115  changes   495  2.5 min
episode 396/1013  eps 0.027  train return   +3.09%  loss 4.05e-05  maxQ +0.0106  changes   437  2.5 min
episode 397/1013  eps 0.027  train return  +43.46%  loss 4.34e-05  maxQ +0.0111  changes   481  2.5 min
episode 398/1013  eps 0.027  train return  +19.14%  loss 4.60e-05  maxQ +0.0119  changes   410  2.5 min
episode 399/1013  eps 0.026  train return  +97.20%  loss 4.41e-05  maxQ +0.0123  changes   454  2.5 min
episode 400/1013  eps 0.026  train return  +15.37%  loss 4.09e-05  maxQ +0.0120  changes   474  2.5 min | val return -20.59% (best +8.72%)
episode 401/1013  eps 0.026  train return   +3.42%  loss 4.40e-05  maxQ +0.0116  changes   327  2.6 min
episode 402/1013  eps 0.026  train return +129.49%  loss 4.35e-05  maxQ +0.0120  changes   451  2.6 min
episode 403/1013  eps 0.025  train return   +1.66%  loss 4.33e-05  maxQ +0.0115  changes   421  2.6 min
episode 404/1013  eps 0.025  train return +149.60%  loss 4.22e-05  maxQ +0.0112  changes   486  2.6 min
episode 405/1013  eps 0.025  train return  +13.38%  loss 4.46e-05  maxQ +0.0116  changes   427  2.6 min
episode 406/1013  eps 0.025  train return +113.65%  loss 4.21e-05  maxQ +0.0121  changes   495  2.6 min
episode 407/1013  eps 0.024  train return   +4.92%  loss 4.17e-05  maxQ +0.0119  changes   448  2.6 min
episode 408/1013  eps 0.024  train return   +8.78%  loss 4.15e-05  maxQ +0.0115  changes   412  2.6 min
episode 409/1013  eps 0.024  train return  +34.60%  loss 4.14e-05  maxQ +0.0119  changes   460  2.6 min
episode 410/1013  eps 0.024  train return  +34.62%  loss 4.26e-05  maxQ +0.0115  changes   464  2.6 min | val return +2.62% (best +8.72%)
episode 411/1013  eps 0.024  train return   +0.23%  loss 4.08e-05  maxQ +0.0112  changes   461  2.6 min
episode 412/1013  eps 0.023  train return  +36.43%  loss 4.05e-05  maxQ +0.0112  changes   460  2.6 min
episode 413/1013  eps 0.023  train return  +32.29%  loss 4.02e-05  maxQ +0.0108  changes   414  2.6 min
episode 414/1013  eps 0.023  train return +111.55%  loss 4.00e-05  maxQ +0.0114  changes   477  2.6 min
episode 415/1013  eps 0.023  train return  +27.70%  loss 4.17e-05  maxQ +0.0115  changes   462  2.6 min
episode 416/1013  eps 0.023  train return  +26.25%  loss 4.37e-05  maxQ +0.0115  changes   451  2.6 min
episode 417/1013  eps 0.022  train return  +10.14%  loss 4.24e-05  maxQ +0.0114  changes   412  2.6 min
episode 418/1013  eps 0.022  train return   -8.07%  loss 4.13e-05  maxQ +0.0121  changes   429  2.7 min
episode 419/1013  eps 0.022  train return  +13.16%  loss 4.12e-05  maxQ +0.0114  changes   397  2.7 min
episode 420/1013  eps 0.022  train return   +6.55%  loss 4.19e-05  maxQ +0.0119  changes   417  2.7 min | val return -7.16% (best +8.72%)
episode 421/1013  eps 0.022  train return  +31.61%  loss 4.23e-05  maxQ +0.0120  changes   422  2.7 min
episode 422/1013  eps 0.021  train return   +5.02%  loss 3.93e-05  maxQ +0.0121  changes   332  2.7 min
episode 423/1013  eps 0.021  train return   -3.64%  loss 4.03e-05  maxQ +0.0115  changes   440  2.7 min
episode 424/1013  eps 0.021  train return  +14.46%  loss 3.94e-05  maxQ +0.0116  changes   435  2.7 min
episode 425/1013  eps 0.021  train return  +30.16%  loss 4.28e-05  maxQ +0.0120  changes   460  2.7 min
episode 426/1013  eps 0.021  train return  +34.36%  loss 3.81e-05  maxQ +0.0119  changes   454  2.7 min
episode 427/1013  eps 0.020  train return  -24.81%  loss 3.97e-05  maxQ +0.0113  changes   444  2.7 min
episode 428/1013  eps 0.020  train return  +40.00%  loss 3.89e-05  maxQ +0.0113  changes   457  2.7 min
episode 429/1013  eps 0.020  train return   +5.58%  loss 3.87e-05  maxQ +0.0111  changes   443  2.7 min
episode 430/1013  eps 0.020  train return  +59.25%  loss 3.85e-05  maxQ +0.0114  changes   453  2.7 min | val return -36.25% (best +8.72%)
episode 431/1013  eps 0.020  train return +128.09%  loss 4.22e-05  maxQ +0.0121  changes   478  2.7 min
episode 432/1013  eps 0.019  train return   +8.63%  loss 4.43e-05  maxQ +0.0116  changes   449  2.7 min
episode 433/1013  eps 0.019  train return  +68.73%  loss 4.46e-05  maxQ +0.0113  changes   490  2.8 min
episode 434/1013  eps 0.019  train return   +7.41%  loss 4.78e-05  maxQ +0.0119  changes   474  2.8 min
episode 435/1013  eps 0.019  train return   +6.76%  loss 4.24e-05  maxQ +0.0116  changes   421  2.8 min
episode 436/1013  eps 0.019  train return  +38.07%  loss 4.13e-05  maxQ +0.0115  changes   490  2.8 min
episode 437/1013  eps 0.019  train return   +9.36%  loss 4.12e-05  maxQ +0.0111  changes   424  2.8 min
episode 438/1013  eps 0.018  train return  +48.51%  loss 4.27e-05  maxQ +0.0114  changes   456  2.8 min
episode 439/1013  eps 0.018  train return  +31.47%  loss 4.09e-05  maxQ +0.0114  changes   480  2.8 min
episode 440/1013  eps 0.018  train return  +79.91%  loss 3.84e-05  maxQ +0.0113  changes   462  2.8 min | val return -20.42% (best +8.72%)
episode 441/1013  eps 0.018  train return   -0.78%  loss 3.84e-05  maxQ +0.0115  changes   469  2.8 min
episode 442/1013  eps 0.018  train return   +1.12%  loss 4.08e-05  maxQ +0.0114  changes   432  2.8 min
episode 443/1013  eps 0.018  train return  +17.31%  loss 4.15e-05  maxQ +0.0113  changes   452  2.8 min
episode 444/1013  eps 0.017  train return   -1.13%  loss 4.04e-05  maxQ +0.0109  changes   397  2.8 min
episode 445/1013  eps 0.017  train return   -0.38%  loss 4.34e-05  maxQ +0.0112  changes   332  2.8 min
episode 446/1013  eps 0.017  train return +164.13%  loss 4.01e-05  maxQ +0.0120  changes   447  2.8 min
episode 447/1013  eps 0.017  train return  +50.53%  loss 4.16e-05  maxQ +0.0120  changes   406  2.8 min
episode 448/1013  eps 0.017  train return  +33.51%  loss 3.70e-05  maxQ +0.0123  changes   399  2.8 min
episode 449/1013  eps 0.017  train return   -7.20%  loss 4.06e-05  maxQ +0.0120  changes   417  2.8 min
episode 450/1013  eps 0.016  train return  -12.60%  loss 4.08e-05  maxQ +0.0117  changes   356  2.9 min | val return -31.53% (best +8.72%)
episode 451/1013  eps 0.016  train return   -1.03%  loss 4.11e-05  maxQ +0.0112  changes   482  2.9 min
episode 452/1013  eps 0.016  train return   -8.97%  loss 4.24e-05  maxQ +0.0118  changes   405  2.9 min
episode 453/1013  eps 0.016  train return  +14.85%  loss 4.03e-05  maxQ +0.0118  changes   397  2.9 min
episode 454/1013  eps 0.016  train return   +3.49%  loss 3.91e-05  maxQ +0.0119  changes   327  2.9 min
episode 455/1013  eps 0.016  train return  +27.07%  loss 3.87e-05  maxQ +0.0108  changes   427  2.9 min
episode 456/1013  eps 0.016  train return  +39.18%  loss 3.90e-05  maxQ +0.0111  changes   420  2.9 min
episode 457/1013  eps 0.015  train return  +50.89%  loss 3.83e-05  maxQ +0.0115  changes   483  2.9 min
episode 458/1013  eps 0.015  train return  +36.64%  loss 3.86e-05  maxQ +0.0109  changes   470  2.9 min
episode 459/1013  eps 0.015  train return  +72.18%  loss 3.76e-05  maxQ +0.0112  changes   408  2.9 min
episode 460/1013  eps 0.015  train return +106.51%  loss 3.81e-05  maxQ +0.0109  changes   397  2.9 min | val return -32.33% (best +8.72%)
episode 461/1013  eps 0.015  train return +188.72%  loss 4.02e-05  maxQ +0.0113  changes   478  2.9 min
episode 462/1013  eps 0.015  train return   +3.21%  loss 3.93e-05  maxQ +0.0111  changes   428  2.9 min
episode 463/1013  eps 0.015  train return   +8.42%  loss 3.89e-05  maxQ +0.0108  changes   378  2.9 min
episode 464/1013  eps 0.015  train return  +18.58%  loss 3.65e-05  maxQ +0.0105  changes   448  2.9 min
episode 465/1013  eps 0.014  train return  +11.50%  loss 3.83e-05  maxQ +0.0111  changes   470  3.0 min
episode 466/1013  eps 0.014  train return  +57.98%  loss 3.85e-05  maxQ +0.0108  changes   475  3.0 min
episode 467/1013  eps 0.014  train return  +41.10%  loss 3.61e-05  maxQ +0.0103  changes   459  3.0 min
episode 468/1013  eps 0.014  train return  +12.89%  loss 3.99e-05  maxQ +0.0110  changes   437  3.0 min
episode 469/1013  eps 0.014  train return  +16.63%  loss 3.91e-05  maxQ +0.0102  changes   364  3.0 min
episode 470/1013  eps 0.014  train return  +24.32%  loss 3.69e-05  maxQ +0.0114  changes   439  3.0 min | val return -29.37% (best +8.72%)
episode 471/1013  eps 0.014  train return  +39.13%  loss 4.21e-05  maxQ +0.0116  changes   374  3.0 min
episode 472/1013  eps 0.013  train return  +84.37%  loss 4.14e-05  maxQ +0.0110  changes   512  3.0 min
episode 473/1013  eps 0.013  train return   +9.35%  loss 4.01e-05  maxQ +0.0118  changes   301  3.0 min
episode 474/1013  eps 0.013  train return  +41.52%  loss 4.00e-05  maxQ +0.0118  changes   455  3.0 min
episode 475/1013  eps 0.013  train return  +65.59%  loss 3.88e-05  maxQ +0.0117  changes   463  3.0 min
episode 476/1013  eps 0.013  train return +224.78%  loss 4.04e-05  maxQ +0.0116  changes   464  3.0 min
episode 477/1013  eps 0.013  train return  +39.93%  loss 3.86e-05  maxQ +0.0110  changes   454  3.0 min
episode 478/1013  eps 0.013  train return +113.42%  loss 4.12e-05  maxQ +0.0115  changes   417  3.0 min
episode 479/1013  eps 0.013  train return  +21.54%  loss 4.00e-05  maxQ +0.0121  changes   367  3.0 min
episode 480/1013  eps 0.013  train return   +6.57%  loss 4.25e-05  maxQ +0.0116  changes   383  3.0 min | val return -23.68% (best +8.72%)
episode 481/1013  eps 0.012  train return  +91.13%  loss 3.89e-05  maxQ +0.0117  changes   486  3.1 min
episode 482/1013  eps 0.012  train return  +26.22%  loss 4.32e-05  maxQ +0.0120  changes   453  3.1 min
episode 483/1013  eps 0.012  train return  +32.29%  loss 4.02e-05  maxQ +0.0112  changes   442  3.1 min
episode 484/1013  eps 0.012  train return  +10.72%  loss 4.12e-05  maxQ +0.0118  changes   414  3.1 min
episode 485/1013  eps 0.012  train return  +70.03%  loss 4.61e-05  maxQ +0.0118  changes   432  3.1 min
episode 486/1013  eps 0.012  train return   +4.21%  loss 4.70e-05  maxQ +0.0124  changes   462  3.1 min
episode 487/1013  eps 0.012  train return  +14.11%  loss 4.01e-05  maxQ +0.0117  changes   316  3.1 min
episode 488/1013  eps 0.012  train return  +34.95%  loss 4.10e-05  maxQ +0.0123  changes   426  3.1 min
episode 489/1013  eps 0.012  train return  +19.93%  loss 4.18e-05  maxQ +0.0121  changes   441  3.1 min
episode 490/1013  eps 0.011  train return   +5.09%  loss 3.96e-05  maxQ +0.0122  changes   401  3.1 min | val return -17.73% (best +8.72%)
episode 491/1013  eps 0.011  train return   +0.81%  loss 3.94e-05  maxQ +0.0118  changes   344  3.1 min
episode 492/1013  eps 0.011  train return  +18.95%  loss 4.04e-05  maxQ +0.0113  changes   444  3.1 min
episode 493/1013  eps 0.011  train return +175.24%  loss 4.17e-05  maxQ +0.0117  changes   508  3.1 min
episode 494/1013  eps 0.011  train return +120.49%  loss 4.42e-05  maxQ +0.0118  changes   484  3.1 min
episode 495/1013  eps 0.011  train return  +38.49%  loss 4.12e-05  maxQ +0.0119  changes   484  3.1 min
episode 496/1013  eps 0.011  train return  +27.58%  loss 4.29e-05  maxQ +0.0122  changes   433  3.1 min
episode 497/1013  eps 0.011  train return   -4.47%  loss 4.38e-05  maxQ +0.0131  changes   329  3.2 min
episode 498/1013  eps 0.011  train return   +6.76%  loss 4.26e-05  maxQ +0.0119  changes   262  3.2 min
episode 499/1013  eps 0.011  train return  +13.04%  loss 4.18e-05  maxQ +0.0116  changes   365  3.2 min
episode 500/1013  eps 0.010  train return  +37.21%  loss 4.22e-05  maxQ +0.0116  changes   480  3.2 min | val return -32.20% (best +8.72%)
episode 501/1013  eps 0.010  train return +112.02%  loss 4.25e-05  maxQ +0.0111  changes   434  3.2 min
episode 502/1013  eps 0.010  train return  +25.97%  loss 4.10e-05  maxQ +0.0117  changes   456  3.2 min
episode 503/1013  eps 0.010  train return   -6.47%  loss 3.84e-05  maxQ +0.0115  changes   361  3.2 min
episode 504/1013  eps 0.010  train return  -18.10%  loss 4.09e-05  maxQ +0.0118  changes   390  3.2 min
episode 505/1013  eps 0.010  train return +108.28%  loss 4.30e-05  maxQ +0.0116  changes   509  3.2 min
episode 506/1013  eps 0.010  train return  +32.82%  loss 4.35e-05  maxQ +0.0116  changes   415  3.2 min
episode 507/1013  eps 0.010  train return  +34.61%  loss 4.03e-05  maxQ +0.0118  changes   492  3.2 min
episode 508/1013  eps 0.010  train return  +40.16%  loss 4.03e-05  maxQ +0.0112  changes   499  3.2 min
episode 509/1013  eps 0.010  train return +110.92%  loss 4.38e-05  maxQ +0.0115  changes   441  3.2 min
episode 510/1013  eps 0.010  train return  +89.55%  loss 4.31e-05  maxQ +0.0117  changes   461  3.2 min | val return -35.60% (best +8.72%)
episode 511/1013  eps 0.010  train return  +35.93%  loss 4.11e-05  maxQ +0.0117  changes   447  3.2 min
episode 512/1013  eps 0.010  train return   +8.83%  loss 4.43e-05  maxQ +0.0115  changes   345  3.3 min
episode 513/1013  eps 0.010  train return  +57.00%  loss 4.37e-05  maxQ +0.0123  changes   463  3.3 min
episode 514/1013  eps 0.010  train return   +8.23%  loss 4.65e-05  maxQ +0.0118  changes   320  3.3 min
episode 515/1013  eps 0.010  train return   -3.84%  loss 4.62e-05  maxQ +0.0119  changes   420  3.3 min
episode 516/1013  eps 0.010  train return  +74.05%  loss 4.15e-05  maxQ +0.0120  changes   471  3.3 min
episode 517/1013  eps 0.010  train return  +18.36%  loss 4.58e-05  maxQ +0.0113  changes   438  3.3 min
episode 518/1013  eps 0.010  train return  +22.78%  loss 4.19e-05  maxQ +0.0114  changes   468  3.3 min
episode 519/1013  eps 0.010  train return   +1.33%  loss 4.16e-05  maxQ +0.0113  changes   487  3.3 min
episode 520/1013  eps 0.010  train return  +19.17%  loss 4.40e-05  maxQ +0.0116  changes   377  3.3 min | val return -32.32% (best +8.72%)
episode 521/1013  eps 0.010  train return +217.79%  loss 4.32e-05  maxQ +0.0115  changes   487  3.3 min
episode 522/1013  eps 0.010  train return   +2.18%  loss 4.31e-05  maxQ +0.0120  changes   307  3.3 min
episode 523/1013  eps 0.010  train return  +19.45%  loss 4.29e-05  maxQ +0.0120  changes   374  3.3 min
episode 524/1013  eps 0.010  train return  +22.74%  loss 4.32e-05  maxQ +0.0119  changes   407  3.3 min
episode 525/1013  eps 0.010  train return  +15.02%  loss 4.42e-05  maxQ +0.0119  changes   402  3.3 min
episode 526/1013  eps 0.010  train return  +15.03%  loss 4.30e-05  maxQ +0.0117  changes   406  3.3 min
episode 527/1013  eps 0.010  train return   +5.05%  loss 4.25e-05  maxQ +0.0115  changes   416  3.3 min
episode 528/1013  eps 0.010  train return +217.20%  loss 4.10e-05  maxQ +0.0113  changes   496  3.3 min
episode 529/1013  eps 0.010  train return  +46.98%  loss 4.04e-05  maxQ +0.0111  changes   403  3.4 min
episode 530/1013  eps 0.010  train return +196.91%  loss 4.34e-05  maxQ +0.0112  changes   464  3.4 min | val return -14.55% (best +8.72%)
episode 531/1013  eps 0.010  train return  +29.44%  loss 4.38e-05  maxQ +0.0117  changes   419  3.4 min
episode 532/1013  eps 0.010  train return  +61.95%  loss 4.25e-05  maxQ +0.0117  changes   475  3.4 min
episode 533/1013  eps 0.010  train return  +54.41%  loss 4.54e-05  maxQ +0.0116  changes   422  3.4 min
episode 534/1013  eps 0.010  train return  +27.69%  loss 4.13e-05  maxQ +0.0112  changes   455  3.4 min
episode 535/1013  eps 0.010  train return  +64.10%  loss 4.56e-05  maxQ +0.0111  changes   449  3.4 min
episode 536/1013  eps 0.010  train return  +25.24%  loss 4.38e-05  maxQ +0.0109  changes   430  3.4 min
episode 537/1013  eps 0.010  train return  +65.78%  loss 4.47e-05  maxQ +0.0111  changes   503  3.4 min
episode 538/1013  eps 0.010  train return   -0.35%  loss 4.40e-05  maxQ +0.0118  changes   340  3.4 min
episode 539/1013  eps 0.010  train return  +29.42%  loss 4.25e-05  maxQ +0.0110  changes   469  3.4 min
episode 540/1013  eps 0.010  train return   +9.79%  loss 4.46e-05  maxQ +0.0112  changes   356  3.4 min | val return -26.12% (best +8.72%)
episode 541/1013  eps 0.010  train return  +10.72%  loss 4.44e-05  maxQ +0.0115  changes   389  3.4 min
episode 542/1013  eps 0.010  train return  +43.05%  loss 4.07e-05  maxQ +0.0111  changes   441  3.4 min
episode 543/1013  eps 0.010  train return  +33.98%  loss 4.18e-05  maxQ +0.0113  changes   390  3.5 min
episode 544/1013  eps 0.010  train return   +7.95%  loss 4.48e-05  maxQ +0.0120  changes   344  3.5 min
episode 545/1013  eps 0.010  train return  +20.17%  loss 4.38e-05  maxQ +0.0119  changes   475  3.5 min
episode 546/1013  eps 0.010  train return  +25.97%  loss 4.60e-05  maxQ +0.0123  changes   356  3.5 min
episode 547/1013  eps 0.010  train return +193.34%  loss 4.55e-05  maxQ +0.0114  changes   463  3.5 min
episode 548/1013  eps 0.010  train return   +7.52%  loss 4.59e-05  maxQ +0.0118  changes   394  3.5 min
episode 549/1013  eps 0.010  train return   +4.87%  loss 4.20e-05  maxQ +0.0118  changes   385  3.5 min
episode 550/1013  eps 0.010  train return +252.84%  loss 4.27e-05  maxQ +0.0114  changes   451  3.5 min | val return -16.38% (best +8.72%)
episode 551/1013  eps 0.010  train return  +29.05%  loss 4.26e-05  maxQ +0.0112  changes   418  3.5 min
episode 552/1013  eps 0.010  train return  +89.36%  loss 4.36e-05  maxQ +0.0117  changes   426  3.5 min
episode 553/1013  eps 0.010  train return  +20.08%  loss 4.34e-05  maxQ +0.0113  changes   398  3.5 min
episode 554/1013  eps 0.010  train return  +10.27%  loss 4.63e-05  maxQ +0.0118  changes   387  3.5 min
episode 555/1013  eps 0.010  train return  +16.70%  loss 4.26e-05  maxQ +0.0117  changes   432  3.5 min
episode 556/1013  eps 0.010  train return  +35.26%  loss 4.29e-05  maxQ +0.0122  changes   436  3.5 min
episode 557/1013  eps 0.010  train return  +97.84%  loss 4.37e-05  maxQ +0.0120  changes   532  3.5 min
episode 558/1013  eps 0.010  train return  -13.70%  loss 4.26e-05  maxQ +0.0123  changes   365  3.5 min
episode 559/1013  eps 0.010  train return  +37.28%  loss 4.50e-05  maxQ +0.0122  changes   382  3.5 min
episode 560/1013  eps 0.010  train return  +66.36%  loss 4.52e-05  maxQ +0.0131  changes   426  3.6 min | val return -27.54% (best +8.72%)
episode 561/1013  eps 0.010  train return  +70.12%  loss 4.36e-05  maxQ +0.0128  changes   479  3.6 min
episode 562/1013  eps 0.010  train return  +26.27%  loss 4.52e-05  maxQ +0.0129  changes   430  3.6 min
episode 563/1013  eps 0.010  train return  +40.58%  loss 4.16e-05  maxQ +0.0126  changes   458  3.6 min
episode 564/1013  eps 0.010  train return  +49.73%  loss 4.24e-05  maxQ +0.0125  changes   422  3.6 min
episode 565/1013  eps 0.010  train return  +57.26%  loss 3.92e-05  maxQ +0.0118  changes   429  3.6 min
episode 566/1013  eps 0.010  train return  +10.07%  loss 4.09e-05  maxQ +0.0115  changes   378  3.6 min
episode 567/1013  eps 0.010  train return   -4.04%  loss 4.29e-05  maxQ +0.0115  changes   424  3.6 min
episode 568/1013  eps 0.010  train return  +65.03%  loss 4.44e-05  maxQ +0.0116  changes   442  3.6 min
episode 569/1013  eps 0.010  train return +230.92%  loss 4.17e-05  maxQ +0.0118  changes   472  3.6 min
episode 570/1013  eps 0.010  train return  +59.76%  loss 4.59e-05  maxQ +0.0118  changes   467  3.6 min | val return -19.79% (best +8.72%)
episode 571/1013  eps 0.010  train return   +3.28%  loss 4.58e-05  maxQ +0.0119  changes   329  3.7 min
episode 572/1013  eps 0.010  train return   +8.90%  loss 4.62e-05  maxQ +0.0121  changes   336  3.7 min
episode 573/1013  eps 0.010  train return  +98.29%  loss 4.13e-05  maxQ +0.0120  changes   499  3.7 min
episode 574/1013  eps 0.010  train return  +19.57%  loss 4.52e-05  maxQ +0.0121  changes   389  3.7 min
episode 575/1013  eps 0.010  train return  +34.88%  loss 4.43e-05  maxQ +0.0122  changes   396  3.7 min
episode 576/1013  eps 0.010  train return  +51.87%  loss 4.33e-05  maxQ +0.0114  changes   483  3.7 min
episode 577/1013  eps 0.010  train return  +34.58%  loss 4.13e-05  maxQ +0.0128  changes   392  3.7 min
episode 578/1013  eps 0.010  train return   +3.09%  loss 4.18e-05  maxQ +0.0117  changes   335  3.7 min
episode 579/1013  eps 0.010  train return  +23.76%  loss 3.99e-05  maxQ +0.0117  changes   473  3.7 min
episode 580/1013  eps 0.010  train return  +13.68%  loss 4.07e-05  maxQ +0.0117  changes   483  3.7 min | val return -3.62% (best +8.72%)
episode 581/1013  eps 0.010  train return +183.74%  loss 4.00e-05  maxQ +0.0114  changes   488  3.7 min
episode 582/1013  eps 0.010  train return  +63.92%  loss 4.05e-05  maxQ +0.0113  changes   469  3.7 min
episode 583/1013  eps 0.010  train return  +15.20%  loss 3.94e-05  maxQ +0.0114  changes   448  3.8 min
episode 584/1013  eps 0.010  train return  +12.63%  loss 4.38e-05  maxQ +0.0116  changes   401  3.8 min
episode 585/1013  eps 0.010  train return   -0.65%  loss 4.10e-05  maxQ +0.0109  changes   425  3.8 min
episode 586/1013  eps 0.010  train return  +93.89%  loss 4.43e-05  maxQ +0.0112  changes   489  3.8 min
episode 587/1013  eps 0.010  train return  +34.82%  loss 4.41e-05  maxQ +0.0112  changes   427  3.8 min
episode 588/1013  eps 0.010  train return  +20.92%  loss 4.14e-05  maxQ +0.0115  changes   460  3.8 min
episode 589/1013  eps 0.010  train return   -4.12%  loss 4.23e-05  maxQ +0.0121  changes   372  3.8 min
episode 590/1013  eps 0.010  train return  +36.61%  loss 4.15e-05  maxQ +0.0122  changes   478  3.8 min | val return -19.23% (best +8.72%)
episode 591/1013  eps 0.010  train return  -17.56%  loss 3.98e-05  maxQ +0.0125  changes   330  3.8 min
episode 592/1013  eps 0.010  train return  +23.08%  loss 4.00e-05  maxQ +0.0122  changes   362  3.8 min
episode 593/1013  eps 0.010  train return  -15.11%  loss 3.96e-05  maxQ +0.0117  changes   448  3.8 min
episode 594/1013  eps 0.010  train return  +36.77%  loss 4.30e-05  maxQ +0.0114  changes   460  3.8 min
episode 595/1013  eps 0.010  train return  +49.71%  loss 4.11e-05  maxQ +0.0120  changes   438  3.8 min
episode 596/1013  eps 0.010  train return  +67.89%  loss 4.02e-05  maxQ +0.0115  changes   493  3.8 min
episode 597/1013  eps 0.010  train return  +13.27%  loss 4.46e-05  maxQ +0.0125  changes   426  3.8 min
episode 598/1013  eps 0.010  train return  +44.70%  loss 4.19e-05  maxQ +0.0123  changes   461  3.8 min
episode 599/1013  eps 0.010  train return   -2.73%  loss 4.03e-05  maxQ +0.0117  changes   349  3.8 min
episode 600/1013  eps 0.010  train return  +24.85%  loss 3.80e-05  maxQ +0.0110  changes   434  3.9 min | val return -39.05% (best +8.72%)
episode 601/1013  eps 0.010  train return  +38.02%  loss 3.83e-05  maxQ +0.0110  changes   444  3.9 min
episode 602/1013  eps 0.010  train return  +16.91%  loss 3.73e-05  maxQ +0.0107  changes   453  3.9 min
episode 603/1013  eps 0.010  train return   -8.07%  loss 4.22e-05  maxQ +0.0111  changes   365  3.9 min
episode 604/1013  eps 0.010  train return  -10.38%  loss 4.03e-05  maxQ +0.0118  changes   445  3.9 min
episode 605/1013  eps 0.010  train return  +46.92%  loss 3.93e-05  maxQ +0.0120  changes   440  3.9 min
episode 606/1013  eps 0.010  train return  +13.98%  loss 4.06e-05  maxQ +0.0116  changes   439  3.9 min
episode 607/1013  eps 0.010  train return  +74.14%  loss 4.19e-05  maxQ +0.0116  changes   482  3.9 min
episode 608/1013  eps 0.010  train return   +3.36%  loss 4.03e-05  maxQ +0.0115  changes   392  3.9 min
episode 609/1013  eps 0.010  train return   -7.73%  loss 3.99e-05  maxQ +0.0116  changes   356  3.9 min
episode 610/1013  eps 0.010  train return  +61.38%  loss 4.05e-05  maxQ +0.0111  changes   491  3.9 min | val return -22.00% (best +8.72%)
episode 611/1013  eps 0.010  train return  +40.77%  loss 4.27e-05  maxQ +0.0115  changes   446  3.9 min
episode 612/1013  eps 0.010  train return +164.53%  loss 3.93e-05  maxQ +0.0116  changes   457  3.9 min
episode 613/1013  eps 0.010  train return  +16.65%  loss 4.22e-05  maxQ +0.0109  changes   437  3.9 min
episode 614/1013  eps 0.010  train return  +60.07%  loss 4.43e-05  maxQ +0.0111  changes   463  4.0 min
episode 615/1013  eps 0.010  train return   -8.21%  loss 4.12e-05  maxQ +0.0110  changes   413  4.0 min
episode 616/1013  eps 0.010  train return  -11.86%  loss 3.87e-05  maxQ +0.0106  changes   361  4.0 min
episode 617/1013  eps 0.010  train return  +59.36%  loss 4.01e-05  maxQ +0.0110  changes   477  4.0 min
episode 618/1013  eps 0.010  train return +197.87%  loss 4.06e-05  maxQ +0.0118  changes   424  4.0 min
episode 619/1013  eps 0.010  train return  +14.83%  loss 4.16e-05  maxQ +0.0118  changes   446  4.0 min
episode 620/1013  eps 0.010  train return  +64.88%  loss 4.17e-05  maxQ +0.0115  changes   514  4.0 min | val return -37.81% (best +8.72%)
episode 621/1013  eps 0.010  train return +148.43%  loss 4.05e-05  maxQ +0.0114  changes   494  4.0 min
episode 622/1013  eps 0.010  train return   -7.42%  loss 4.16e-05  maxQ +0.0116  changes   420  4.0 min
episode 623/1013  eps 0.010  train return  +16.33%  loss 4.31e-05  maxQ +0.0115  changes   452  4.0 min
episode 624/1013  eps 0.010  train return  +27.42%  loss 4.06e-05  maxQ +0.0117  changes   461  4.0 min
episode 625/1013  eps 0.010  train return   +5.94%  loss 3.70e-05  maxQ +0.0115  changes   444  4.0 min
episode 626/1013  eps 0.010  train return   -2.15%  loss 4.12e-05  maxQ +0.0116  changes   370  4.0 min
episode 627/1013  eps 0.010  train return   +8.95%  loss 4.05e-05  maxQ +0.0119  changes   343  4.0 min
episode 628/1013  eps 0.010  train return  +22.75%  loss 3.87e-05  maxQ +0.0121  changes   464  4.0 min
episode 629/1013  eps 0.010  train return  +46.25%  loss 4.05e-05  maxQ +0.0123  changes   479  4.0 min
episode 630/1013  eps 0.010  train return  +21.54%  loss 4.25e-05  maxQ +0.0121  changes   464  4.1 min | val return -25.82% (best +8.72%)
episode 631/1013  eps 0.010  train return  +12.30%  loss 4.01e-05  maxQ +0.0116  changes   446  4.1 min
episode 632/1013  eps 0.010  train return   +5.17%  loss 3.76e-05  maxQ +0.0114  changes   386  4.1 min
episode 633/1013  eps 0.010  train return  +14.86%  loss 3.93e-05  maxQ +0.0112  changes   426  4.1 min
episode 634/1013  eps 0.010  train return  +19.67%  loss 3.61e-05  maxQ +0.0108  changes   448  4.1 min
episode 635/1013  eps 0.010  train return  -15.64%  loss 3.85e-05  maxQ +0.0110  changes   351  4.1 min
episode 636/1013  eps 0.010  train return  +93.73%  loss 4.13e-05  maxQ +0.0117  changes   435  4.1 min
episode 637/1013  eps 0.010  train return  +79.71%  loss 4.01e-05  maxQ +0.0115  changes   442  4.1 min
episode 638/1013  eps 0.010  train return   +5.78%  loss 4.08e-05  maxQ +0.0113  changes   496  4.1 min
episode 639/1013  eps 0.010  train return  +21.18%  loss 4.01e-05  maxQ +0.0118  changes   377  4.1 min
episode 640/1013  eps 0.010  train return  +21.82%  loss 3.84e-05  maxQ +0.0113  changes   381  4.1 min | val return -20.90% (best +8.72%)
episode 641/1013  eps 0.010  train return  +15.15%  loss 3.82e-05  maxQ +0.0110  changes   427  4.1 min
episode 642/1013  eps 0.010  train return  +64.14%  loss 3.85e-05  maxQ +0.0107  changes   436  4.1 min
episode 643/1013  eps 0.010  train return  +11.67%  loss 3.83e-05  maxQ +0.0107  changes   439  4.1 min
episode 644/1013  eps 0.010  train return  +15.80%  loss 4.12e-05  maxQ +0.0117  changes   321  4.1 min
episode 645/1013  eps 0.010  train return  +22.49%  loss 3.75e-05  maxQ +0.0112  changes   395  4.2 min
episode 646/1013  eps 0.010  train return  +52.76%  loss 3.95e-05  maxQ +0.0117  changes   405  4.2 min
episode 647/1013  eps 0.010  train return  +11.40%  loss 3.85e-05  maxQ +0.0109  changes   429  4.2 min
episode 648/1013  eps 0.010  train return  +81.31%  loss 3.77e-05  maxQ +0.0107  changes   442  4.2 min
episode 649/1013  eps 0.010  train return  +18.71%  loss 3.82e-05  maxQ +0.0105  changes   391  4.2 min
episode 650/1013  eps 0.010  train return  +23.69%  loss 3.54e-05  maxQ +0.0111  changes   390  4.2 min | val return -22.24% (best +8.72%)
episode 651/1013  eps 0.010  train return  +45.44%  loss 3.66e-05  maxQ +0.0110  changes   383  4.2 min
episode 652/1013  eps 0.010  train return +107.17%  loss 3.93e-05  maxQ +0.0107  changes   482  4.2 min
episode 653/1013  eps 0.010  train return  +10.66%  loss 3.98e-05  maxQ +0.0107  changes   403  4.2 min
episode 654/1013  eps 0.010  train return  +22.56%  loss 3.85e-05  maxQ +0.0104  changes   386  4.2 min
episode 655/1013  eps 0.010  train return +118.13%  loss 3.81e-05  maxQ +0.0108  changes   460  4.2 min
episode 656/1013  eps 0.010  train return  +56.32%  loss 3.68e-05  maxQ +0.0105  changes   428  4.2 min
episode 657/1013  eps 0.010  train return  +46.51%  loss 3.80e-05  maxQ +0.0108  changes   444  4.2 min
episode 658/1013  eps 0.010  train return +145.34%  loss 3.93e-05  maxQ +0.0107  changes   458  4.2 min
episode 659/1013  eps 0.010  train return  +55.55%  loss 3.95e-05  maxQ +0.0107  changes   470  4.2 min
episode 660/1013  eps 0.010  train return   +7.32%  loss 3.97e-05  maxQ +0.0110  changes   291  4.3 min | val return -0.75% (best +8.72%)
episode 661/1013  eps 0.010  train return +145.60%  loss 4.22e-05  maxQ +0.0115  changes   411  4.3 min
episode 662/1013  eps 0.010  train return  +12.91%  loss 3.81e-05  maxQ +0.0109  changes   376  4.3 min
episode 663/1013  eps 0.010  train return   +0.81%  loss 3.71e-05  maxQ +0.0113  changes   353  4.3 min
episode 664/1013  eps 0.010  train return  +78.77%  loss 3.74e-05  maxQ +0.0112  changes   475  4.3 min
episode 665/1013  eps 0.010  train return  +26.80%  loss 3.75e-05  maxQ +0.0117  changes   369  4.3 min
episode 666/1013  eps 0.010  train return  -10.95%  loss 3.79e-05  maxQ +0.0119  changes   324  4.3 min
episode 667/1013  eps 0.010  train return  +46.34%  loss 3.85e-05  maxQ +0.0118  changes   374  4.3 min
episode 668/1013  eps 0.010  train return  +27.24%  loss 3.89e-05  maxQ +0.0115  changes   409  4.3 min
episode 669/1013  eps 0.010  train return +163.49%  loss 4.00e-05  maxQ +0.0114  changes   448  4.3 min
episode 670/1013  eps 0.010  train return +138.61%  loss 3.92e-05  maxQ +0.0112  changes   439  4.3 min | val return +12.58% (best +12.58%)
episode 671/1013  eps 0.010  train return   +9.05%  loss 4.31e-05  maxQ +0.0113  changes   417  4.3 min
episode 672/1013  eps 0.010  train return   +0.01%  loss 4.31e-05  maxQ +0.0120  changes   388  4.3 min
episode 673/1013  eps 0.010  train return  +56.81%  loss 4.14e-05  maxQ +0.0118  changes   452  4.3 min
episode 674/1013  eps 0.010  train return  +20.94%  loss 3.81e-05  maxQ +0.0115  changes   394  4.3 min
episode 675/1013  eps 0.010  train return  +53.66%  loss 4.12e-05  maxQ +0.0113  changes   437  4.4 min
episode 676/1013  eps 0.010  train return  +12.28%  loss 4.30e-05  maxQ +0.0117  changes   417  4.4 min
episode 677/1013  eps 0.010  train return   +3.61%  loss 3.91e-05  maxQ +0.0117  changes   488  4.4 min
episode 678/1013  eps 0.010  train return +156.92%  loss 4.23e-05  maxQ +0.0116  changes   467  4.4 min
episode 679/1013  eps 0.010  train return  +37.10%  loss 4.25e-05  maxQ +0.0120  changes   417  4.4 min
episode 680/1013  eps 0.010  train return +156.38%  loss 4.15e-05  maxQ +0.0121  changes   489  4.4 min | val return -9.67% (best +12.58%)
episode 681/1013  eps 0.010  train return   +2.80%  loss 4.33e-05  maxQ +0.0130  changes   400  4.4 min
episode 682/1013  eps 0.010  train return  +89.98%  loss 4.45e-05  maxQ +0.0127  changes   470  4.4 min
episode 683/1013  eps 0.010  train return  +28.68%  loss 4.40e-05  maxQ +0.0127  changes   460  4.4 min
episode 684/1013  eps 0.010  train return  +18.91%  loss 4.20e-05  maxQ +0.0125  changes   323  4.4 min
episode 685/1013  eps 0.010  train return   +1.22%  loss 4.32e-05  maxQ +0.0130  changes   340  4.4 min
episode 686/1013  eps 0.010  train return   +2.80%  loss 4.29e-05  maxQ +0.0124  changes   313  4.4 min
episode 687/1013  eps 0.010  train return  +65.83%  loss 4.04e-05  maxQ +0.0126  changes   452  4.4 min
episode 688/1013  eps 0.010  train return   -2.78%  loss 4.43e-05  maxQ +0.0129  changes   347  4.4 min
episode 689/1013  eps 0.010  train return   -5.58%  loss 3.99e-05  maxQ +0.0127  changes   336  4.4 min
episode 690/1013  eps 0.010  train return  +53.63%  loss 4.02e-05  maxQ +0.0123  changes   393  4.4 min | val return -11.25% (best +12.58%)
episode 691/1013  eps 0.010  train return  +53.50%  loss 4.09e-05  maxQ +0.0124  changes   426  4.5 min
episode 692/1013  eps 0.010  train return  +19.55%  loss 4.24e-05  maxQ +0.0125  changes   291  4.5 min
episode 693/1013  eps 0.010  train return  +18.94%  loss 4.22e-05  maxQ +0.0128  changes   415  4.5 min
episode 694/1013  eps 0.010  train return  +57.06%  loss 4.09e-05  maxQ +0.0126  changes   407  4.5 min
episode 695/1013  eps 0.010  train return  -10.28%  loss 4.28e-05  maxQ +0.0122  changes   334  4.5 min
episode 696/1013  eps 0.010  train return +105.52%  loss 4.66e-05  maxQ +0.0124  changes   466  4.5 min
episode 697/1013  eps 0.010  train return  -13.00%  loss 4.33e-05  maxQ +0.0116  changes   298  4.5 min
episode 698/1013  eps 0.010  train return +136.00%  loss 4.20e-05  maxQ +0.0123  changes   467  4.5 min
episode 699/1013  eps 0.010  train return  +28.51%  loss 4.52e-05  maxQ +0.0127  changes   403  4.5 min
episode 700/1013  eps 0.010  train return  +32.46%  loss 4.26e-05  maxQ +0.0123  changes   391  4.5 min | val return -29.76% (best +12.58%)
episode 701/1013  eps 0.010  train return   +3.25%  loss 4.31e-05  maxQ +0.0124  changes   372  4.5 min
episode 702/1013  eps 0.010  train return   +6.00%  loss 4.54e-05  maxQ +0.0127  changes   332  4.5 min
episode 703/1013  eps 0.010  train return  +28.27%  loss 4.71e-05  maxQ +0.0124  changes   426  4.5 min
episode 704/1013  eps 0.010  train return  +13.17%  loss 4.16e-05  maxQ +0.0124  changes   361  4.5 min
episode 705/1013  eps 0.010  train return   -4.97%  loss 4.39e-05  maxQ +0.0126  changes   377  4.5 min
episode 706/1013  eps 0.010  train return +137.66%  loss 4.49e-05  maxQ +0.0122  changes   472  4.6 min
episode 707/1013  eps 0.010  train return  +34.13%  loss 4.46e-05  maxQ +0.0122  changes   466  4.6 min
episode 708/1013  eps 0.010  train return   +3.27%  loss 4.35e-05  maxQ +0.0123  changes   409  4.6 min
episode 709/1013  eps 0.010  train return   +2.99%  loss 4.28e-05  maxQ +0.0123  changes   418  4.6 min
episode 710/1013  eps 0.010  train return  +17.07%  loss 4.24e-05  maxQ +0.0119  changes   324  4.6 min | val return -27.88% (best +12.58%)
episode 711/1013  eps 0.010  train return  +20.13%  loss 4.80e-05  maxQ +0.0124  changes   424  4.6 min
episode 712/1013  eps 0.010  train return  +16.25%  loss 4.95e-05  maxQ +0.0125  changes   418  4.6 min
episode 713/1013  eps 0.010  train return  +63.25%  loss 4.96e-05  maxQ +0.0122  changes   408  4.6 min
episode 714/1013  eps 0.010  train return  +70.46%  loss 4.54e-05  maxQ +0.0122  changes   477  4.6 min
episode 715/1013  eps 0.010  train return   +0.59%  loss 4.56e-05  maxQ +0.0118  changes   322  4.6 min
episode 716/1013  eps 0.010  train return  +57.14%  loss 4.51e-05  maxQ +0.0120  changes   436  4.6 min
episode 717/1013  eps 0.010  train return  +33.77%  loss 4.62e-05  maxQ +0.0119  changes   414  4.6 min
episode 718/1013  eps 0.010  train return  +11.35%  loss 4.30e-05  maxQ +0.0119  changes   349  4.6 min
episode 719/1013  eps 0.010  train return  +49.41%  loss 4.36e-05  maxQ +0.0125  changes   403  4.6 min
episode 720/1013  eps 0.010  train return  +17.02%  loss 4.40e-05  maxQ +0.0122  changes   407  4.6 min | val return -17.14% (best +12.58%)
episode 721/1013  eps 0.010  train return  +50.03%  loss 4.31e-05  maxQ +0.0126  changes   477  4.6 min
episode 722/1013  eps 0.010  train return  +48.60%  loss 4.38e-05  maxQ +0.0124  changes   378  4.7 min
episode 723/1013  eps 0.010  train return +186.70%  loss 4.73e-05  maxQ +0.0124  changes   481  4.7 min
episode 724/1013  eps 0.010  train return  +53.37%  loss 4.55e-05  maxQ +0.0121  changes   493  4.7 min
episode 725/1013  eps 0.010  train return +217.79%  loss 4.30e-05  maxQ +0.0117  changes   457  4.7 min
episode 726/1013  eps 0.010  train return   -0.95%  loss 4.32e-05  maxQ +0.0120  changes   426  4.7 min
episode 727/1013  eps 0.010  train return   +4.33%  loss 4.60e-05  maxQ +0.0123  changes   420  4.7 min
episode 728/1013  eps 0.010  train return  -32.94%  loss 4.34e-05  maxQ +0.0120  changes   434  4.7 min
episode 729/1013  eps 0.010  train return +201.96%  loss 4.26e-05  maxQ +0.0116  changes   513  4.7 min
episode 730/1013  eps 0.010  train return   +8.85%  loss 4.84e-05  maxQ +0.0124  changes   435  4.7 min | val return -14.80% (best +12.58%)
episode 731/1013  eps 0.010  train return  +30.62%  loss 4.75e-05  maxQ +0.0121  changes   344  4.7 min
episode 732/1013  eps 0.010  train return  +15.69%  loss 4.54e-05  maxQ +0.0122  changes   429  4.7 min
episode 733/1013  eps 0.010  train return  +23.54%  loss 4.48e-05  maxQ +0.0118  changes   441  4.7 min
episode 734/1013  eps 0.010  train return   -2.07%  loss 4.10e-05  maxQ +0.0116  changes   310  4.7 min
episode 735/1013  eps 0.010  train return  +37.08%  loss 4.31e-05  maxQ +0.0114  changes   451  4.7 min
episode 736/1013  eps 0.010  train return   +0.77%  loss 4.31e-05  maxQ +0.0115  changes   412  4.7 min
episode 737/1013  eps 0.010  train return  -12.83%  loss 4.47e-05  maxQ +0.0110  changes   419  4.7 min
episode 738/1013  eps 0.010  train return  +12.20%  loss 4.72e-05  maxQ +0.0118  changes   418  4.8 min
episode 739/1013  eps 0.010  train return +142.85%  loss 4.26e-05  maxQ +0.0108  changes   416  4.8 min
episode 740/1013  eps 0.010  train return   -6.80%  loss 4.31e-05  maxQ +0.0109  changes   381  4.8 min | val return +3.93% (best +12.58%)
episode 741/1013  eps 0.010  train return  +31.48%  loss 4.46e-05  maxQ +0.0112  changes   348  4.8 min
episode 742/1013  eps 0.010  train return +216.72%  loss 4.56e-05  maxQ +0.0111  changes   476  4.8 min
episode 743/1013  eps 0.010  train return  +20.59%  loss 4.24e-05  maxQ +0.0110  changes   404  4.8 min
episode 744/1013  eps 0.010  train return  +33.92%  loss 4.11e-05  maxQ +0.0109  changes   433  4.8 min
episode 745/1013  eps 0.010  train return +102.01%  loss 4.57e-05  maxQ +0.0115  changes   455  4.8 min
episode 746/1013  eps 0.010  train return  +70.24%  loss 4.46e-05  maxQ +0.0118  changes   466  4.8 min
episode 747/1013  eps 0.010  train return  +22.57%  loss 4.42e-05  maxQ +0.0114  changes   397  4.8 min
episode 748/1013  eps 0.010  train return  -11.02%  loss 4.05e-05  maxQ +0.0107  changes   389  4.8 min
episode 749/1013  eps 0.010  train return  +62.85%  loss 4.63e-05  maxQ +0.0110  changes   430  4.8 min
episode 750/1013  eps 0.010  train return   +4.41%  loss 4.10e-05  maxQ +0.0107  changes   345  4.8 min | val return -19.46% (best +12.58%)
episode 751/1013  eps 0.010  train return  +39.69%  loss 4.15e-05  maxQ +0.0106  changes   502  4.8 min
episode 752/1013  eps 0.010  train return   +8.38%  loss 4.17e-05  maxQ +0.0108  changes   372  4.8 min
episode 753/1013  eps 0.010  train return   -8.51%  loss 3.83e-05  maxQ +0.0108  changes   388  4.9 min
episode 754/1013  eps 0.010  train return  +10.04%  loss 3.92e-05  maxQ +0.0107  changes   480  4.9 min
episode 755/1013  eps 0.010  train return  +23.52%  loss 4.01e-05  maxQ +0.0108  changes   401  4.9 min
episode 756/1013  eps 0.010  train return  +39.33%  loss 4.21e-05  maxQ +0.0110  changes   453  4.9 min
episode 757/1013  eps 0.010  train return +174.67%  loss 4.21e-05  maxQ +0.0115  changes   511  4.9 min
episode 758/1013  eps 0.010  train return  +24.18%  loss 4.34e-05  maxQ +0.0116  changes   425  4.9 min
episode 759/1013  eps 0.010  train return  +24.72%  loss 4.06e-05  maxQ +0.0112  changes   461  4.9 min
episode 760/1013  eps 0.010  train return  +92.14%  loss 4.37e-05  maxQ +0.0118  changes   490  4.9 min | val return -23.14% (best +12.58%)
episode 761/1013  eps 0.010  train return  +24.47%  loss 4.38e-05  maxQ +0.0115  changes   473  4.9 min
episode 762/1013  eps 0.010  train return  +21.15%  loss 4.09e-05  maxQ +0.0116  changes   400  4.9 min
episode 763/1013  eps 0.010  train return  +22.10%  loss 4.31e-05  maxQ +0.0118  changes   443  4.9 min
episode 764/1013  eps 0.010  train return  +50.43%  loss 4.18e-05  maxQ +0.0110  changes   461  4.9 min
episode 765/1013  eps 0.010  train return  +34.54%  loss 4.44e-05  maxQ +0.0110  changes   357  4.9 min
episode 766/1013  eps 0.010  train return  +92.10%  loss 4.36e-05  maxQ +0.0116  changes   442  4.9 min
episode 767/1013  eps 0.010  train return  +61.27%  loss 4.34e-05  maxQ +0.0115  changes   427  4.9 min
episode 768/1013  eps 0.010  train return  +49.34%  loss 4.21e-05  maxQ +0.0115  changes   453  4.9 min
episode 769/1013  eps 0.010  train return  +10.83%  loss 4.20e-05  maxQ +0.0116  changes   359  5.0 min
episode 770/1013  eps 0.010  train return   +8.94%  loss 4.15e-05  maxQ +0.0115  changes   305  5.0 min | val return -9.15% (best +12.58%)
episode 771/1013  eps 0.010  train return   +7.48%  loss 4.38e-05  maxQ +0.0117  changes   375  5.0 min
episode 772/1013  eps 0.010  train return +163.20%  loss 4.49e-05  maxQ +0.0122  changes   481  5.0 min
episode 773/1013  eps 0.010  train return +115.09%  loss 4.57e-05  maxQ +0.0119  changes   441  5.0 min
episode 774/1013  eps 0.010  train return   +0.37%  loss 4.18e-05  maxQ +0.0115  changes   321  5.0 min
episode 775/1013  eps 0.010  train return +100.82%  loss 4.80e-05  maxQ +0.0125  changes   365  5.0 min
episode 776/1013  eps 0.010  train return  +18.89%  loss 4.78e-05  maxQ +0.0123  changes   333  5.0 min
episode 777/1013  eps 0.010  train return  +40.90%  loss 4.84e-05  maxQ +0.0126  changes   369  5.0 min
episode 778/1013  eps 0.010  train return  +21.44%  loss 4.46e-05  maxQ +0.0122  changes   388  5.0 min
episode 779/1013  eps 0.010  train return  +38.11%  loss 4.43e-05  maxQ +0.0125  changes   391  5.0 min
episode 780/1013  eps 0.010  train return   +9.05%  loss 4.45e-05  maxQ +0.0119  changes   447  5.0 min | val return -28.56% (best +12.58%)
episode 781/1013  eps 0.010  train return  +54.68%  loss 4.45e-05  maxQ +0.0122  changes   390  5.0 min
episode 782/1013  eps 0.010  train return   +9.44%  loss 4.32e-05  maxQ +0.0115  changes   354  5.0 min
episode 783/1013  eps 0.010  train return  +51.19%  loss 4.46e-05  maxQ +0.0115  changes   438  5.0 min
episode 784/1013  eps 0.010  train return +124.52%  loss 4.52e-05  maxQ +0.0123  changes   426  5.1 min
episode 785/1013  eps 0.010  train return   -1.55%  loss 4.43e-05  maxQ +0.0119  changes   352  5.1 min
episode 786/1013  eps 0.010  train return  +73.09%  loss 4.37e-05  maxQ +0.0118  changes   421  5.1 min
episode 787/1013  eps 0.010  train return  +56.61%  loss 4.28e-05  maxQ +0.0117  changes   335  5.1 min
episode 788/1013  eps 0.010  train return  +39.94%  loss 4.36e-05  maxQ +0.0118  changes   443  5.1 min
episode 789/1013  eps 0.010  train return   +6.41%  loss 4.33e-05  maxQ +0.0123  changes   389  5.1 min
episode 790/1013  eps 0.010  train return   +4.98%  loss 4.56e-05  maxQ +0.0121  changes   386  5.1 min | val return +2.63% (best +12.58%)
episode 791/1013  eps 0.010  train return  +35.28%  loss 4.55e-05  maxQ +0.0120  changes   462  5.1 min
episode 792/1013  eps 0.010  train return  +39.55%  loss 4.05e-05  maxQ +0.0119  changes   461  5.1 min
episode 793/1013  eps 0.010  train return  +85.63%  loss 4.30e-05  maxQ +0.0120  changes   416  5.1 min
episode 794/1013  eps 0.010  train return  +19.56%  loss 4.23e-05  maxQ +0.0120  changes   283  5.1 min
episode 795/1013  eps 0.010  train return  +49.55%  loss 4.08e-05  maxQ +0.0110  changes   384  5.1 min
episode 796/1013  eps 0.010  train return +128.53%  loss 4.44e-05  maxQ +0.0114  changes   441  5.1 min
episode 797/1013  eps 0.010  train return   +5.67%  loss 4.15e-05  maxQ +0.0111  changes   436  5.1 min
episode 798/1013  eps 0.010  train return  +14.04%  loss 4.13e-05  maxQ +0.0118  changes   357  5.1 min
episode 799/1013  eps 0.010  train return   +4.07%  loss 4.14e-05  maxQ +0.0118  changes   392  5.1 min
episode 800/1013  eps 0.010  train return   +5.48%  loss 3.80e-05  maxQ +0.0114  changes   267  5.2 min | val return -30.22% (best +12.58%)
episode 801/1013  eps 0.010  train return  +25.16%  loss 4.02e-05  maxQ +0.0109  changes   333  5.2 min
episode 802/1013  eps 0.010  train return  +33.30%  loss 4.44e-05  maxQ +0.0112  changes   454  5.2 min
episode 803/1013  eps 0.010  train return  +27.80%  loss 4.11e-05  maxQ +0.0108  changes   475  5.2 min
episode 804/1013  eps 0.010  train return   -7.62%  loss 3.96e-05  maxQ +0.0110  changes   307  5.2 min
episode 805/1013  eps 0.010  train return  +47.63%  loss 4.20e-05  maxQ +0.0109  changes   344  5.2 min
episode 806/1013  eps 0.010  train return   -7.79%  loss 4.42e-05  maxQ +0.0107  changes   354  5.2 min
episode 807/1013  eps 0.010  train return   +2.73%  loss 4.63e-05  maxQ +0.0112  changes   340  5.2 min
episode 808/1013  eps 0.010  train return  +38.09%  loss 4.06e-05  maxQ +0.0108  changes   434  5.2 min
episode 809/1013  eps 0.010  train return  +10.36%  loss 3.92e-05  maxQ +0.0109  changes   386  5.2 min
episode 810/1013  eps 0.010  train return  +19.33%  loss 4.05e-05  maxQ +0.0104  changes   351  5.2 min | val return -14.86% (best +12.58%)
episode 811/1013  eps 0.010  train return  +27.26%  loss 4.38e-05  maxQ +0.0109  changes   284  5.2 min
episode 812/1013  eps 0.010  train return  +42.23%  loss 4.31e-05  maxQ +0.0117  changes   353  5.2 min
episode 813/1013  eps 0.010  train return   -1.10%  loss 4.12e-05  maxQ +0.0115  changes   252  5.2 min
episode 814/1013  eps 0.010  train return  +25.05%  loss 3.90e-05  maxQ +0.0115  changes   308  5.2 min
episode 815/1013  eps 0.010  train return   +0.58%  loss 3.82e-05  maxQ +0.0115  changes   306  5.3 min
episode 816/1013  eps 0.010  train return  +82.92%  loss 3.94e-05  maxQ +0.0113  changes   444  5.3 min
episode 817/1013  eps 0.010  train return  +74.06%  loss 4.08e-05  maxQ +0.0110  changes   397  5.3 min
episode 818/1013  eps 0.010  train return   +7.07%  loss 3.98e-05  maxQ +0.0112  changes   327  5.3 min
episode 819/1013  eps 0.010  train return +172.95%  loss 4.20e-05  maxQ +0.0112  changes   403  5.3 min
episode 820/1013  eps 0.010  train return   +9.77%  loss 4.40e-05  maxQ +0.0111  changes   335  5.3 min | val return -13.24% (best +12.58%)
episode 821/1013  eps 0.010  train return   +5.73%  loss 4.06e-05  maxQ +0.0109  changes   320  5.3 min
episode 822/1013  eps 0.010  train return  +19.62%  loss 4.00e-05  maxQ +0.0115  changes   368  5.3 min
episode 823/1013  eps 0.010  train return  +72.24%  loss 4.00e-05  maxQ +0.0107  changes   370  5.3 min
episode 824/1013  eps 0.010  train return   -4.75%  loss 4.21e-05  maxQ +0.0111  changes   252  5.3 min
episode 825/1013  eps 0.010  train return  +49.37%  loss 4.23e-05  maxQ +0.0113  changes   327  5.3 min
episode 826/1013  eps 0.010  train return  -11.12%  loss 3.98e-05  maxQ +0.0112  changes   317  5.3 min
episode 827/1013  eps 0.010  train return  +14.96%  loss 3.91e-05  maxQ +0.0116  changes   265  5.3 min
episode 828/1013  eps 0.010  train return  +95.21%  loss 3.63e-05  maxQ +0.0112  changes   424  5.3 min
episode 829/1013  eps 0.010  train return  +63.01%  loss 3.96e-05  maxQ +0.0122  changes   393  5.3 min
episode 830/1013  eps 0.010  train return +183.53%  loss 3.91e-05  maxQ +0.0115  changes   453  5.3 min | val return -10.76% (best +12.58%)
episode 831/1013  eps 0.010  train return +173.40%  loss 3.96e-05  maxQ +0.0116  changes   463  5.4 min
episode 832/1013  eps 0.010  train return +162.82%  loss 3.94e-05  maxQ +0.0119  changes   454  5.4 min
episode 833/1013  eps 0.010  train return  +73.26%  loss 4.20e-05  maxQ +0.0112  changes   439  5.4 min
episode 834/1013  eps 0.010  train return  +99.68%  loss 4.00e-05  maxQ +0.0117  changes   397  5.4 min
episode 835/1013  eps 0.010  train return  +62.25%  loss 3.89e-05  maxQ +0.0113  changes   401  5.4 min
episode 836/1013  eps 0.010  train return  +36.99%  loss 3.85e-05  maxQ +0.0116  changes   365  5.4 min
episode 837/1013  eps 0.010  train return   +6.50%  loss 4.28e-05  maxQ +0.0112  changes   387  5.4 min
episode 838/1013  eps 0.010  train return  +27.51%  loss 4.32e-05  maxQ +0.0114  changes   337  5.4 min
episode 839/1013  eps 0.010  train return  +20.37%  loss 4.20e-05  maxQ +0.0115  changes   414  5.4 min
episode 840/1013  eps 0.010  train return  +64.10%  loss 4.05e-05  maxQ +0.0114  changes   379  5.4 min | val return -24.67% (best +12.58%)
episode 841/1013  eps 0.010  train return  +37.07%  loss 4.20e-05  maxQ +0.0116  changes   371  5.4 min
episode 842/1013  eps 0.010  train return  +37.73%  loss 3.98e-05  maxQ +0.0113  changes   334  5.4 min
episode 843/1013  eps 0.010  train return   -6.64%  loss 3.92e-05  maxQ +0.0109  changes   431  5.4 min
episode 844/1013  eps 0.010  train return  +64.27%  loss 3.93e-05  maxQ +0.0109  changes   405  5.4 min
episode 845/1013  eps 0.010  train return  +61.29%  loss 4.04e-05  maxQ +0.0110  changes   351  5.4 min
episode 846/1013  eps 0.010  train return  +15.01%  loss 4.02e-05  maxQ +0.0117  changes   336  5.5 min
episode 847/1013  eps 0.010  train return  +46.27%  loss 3.81e-05  maxQ +0.0113  changes   397  5.5 min
episode 848/1013  eps 0.010  train return +121.10%  loss 4.12e-05  maxQ +0.0114  changes   457  5.5 min
episode 849/1013  eps 0.010  train return  +56.71%  loss 3.73e-05  maxQ +0.0113  changes   419  5.5 min
episode 850/1013  eps 0.010  train return +127.47%  loss 3.83e-05  maxQ +0.0115  changes   489  5.5 min | val return -19.55% (best +12.58%)
episode 851/1013  eps 0.010  train return  +32.51%  loss 4.31e-05  maxQ +0.0110  changes   482  5.5 min
episode 852/1013  eps 0.010  train return   +4.89%  loss 4.00e-05  maxQ +0.0117  changes   307  5.5 min
episode 853/1013  eps 0.010  train return  +56.39%  loss 3.97e-05  maxQ +0.0111  changes   417  5.5 min
episode 854/1013  eps 0.010  train return  +72.14%  loss 4.14e-05  maxQ +0.0116  changes   418  5.5 min
episode 855/1013  eps 0.010  train return  +16.88%  loss 3.95e-05  maxQ +0.0123  changes   390  5.5 min
episode 856/1013  eps 0.010  train return  +63.65%  loss 3.99e-05  maxQ +0.0120  changes   402  5.5 min
episode 857/1013  eps 0.010  train return +145.62%  loss 4.30e-05  maxQ +0.0130  changes   445  5.5 min
episode 858/1013  eps 0.010  train return   -0.53%  loss 4.21e-05  maxQ +0.0124  changes   366  5.5 min
episode 859/1013  eps 0.010  train return   +6.57%  loss 4.15e-05  maxQ +0.0124  changes   313  5.5 min
episode 860/1013  eps 0.010  train return  +21.33%  loss 4.05e-05  maxQ +0.0122  changes   428  5.5 min | val return -19.75% (best +12.58%)
episode 861/1013  eps 0.010  train return  +24.04%  loss 4.20e-05  maxQ +0.0119  changes   394  5.6 min
episode 862/1013  eps 0.010  train return  +41.36%  loss 4.10e-05  maxQ +0.0122  changes   365  5.6 min
episode 863/1013  eps 0.010  train return  +59.13%  loss 4.04e-05  maxQ +0.0119  changes   353  5.6 min
episode 864/1013  eps 0.010  train return  +29.18%  loss 3.99e-05  maxQ +0.0118  changes   442  5.6 min
episode 865/1013  eps 0.010  train return   +4.26%  loss 3.99e-05  maxQ +0.0121  changes   420  5.6 min
episode 866/1013  eps 0.010  train return  +30.23%  loss 3.95e-05  maxQ +0.0117  changes   305  5.6 min
episode 867/1013  eps 0.010  train return  +56.24%  loss 3.95e-05  maxQ +0.0116  changes   406  5.6 min
episode 868/1013  eps 0.010  train return  +75.21%  loss 4.00e-05  maxQ +0.0118  changes   440  5.6 min
episode 869/1013  eps 0.010  train return  +10.68%  loss 4.20e-05  maxQ +0.0118  changes   346  5.6 min
episode 870/1013  eps 0.010  train return   +8.12%  loss 4.16e-05  maxQ +0.0118  changes   399  5.6 min | val return +1.51% (best +12.58%)
episode 871/1013  eps 0.010  train return   +0.84%  loss 3.97e-05  maxQ +0.0113  changes   305  5.6 min
episode 872/1013  eps 0.010  train return   +4.29%  loss 3.92e-05  maxQ +0.0112  changes   332  5.6 min
episode 873/1013  eps 0.010  train return  +29.06%  loss 3.96e-05  maxQ +0.0109  changes   377  5.6 min
episode 874/1013  eps 0.010  train return  +49.63%  loss 3.84e-05  maxQ +0.0111  changes   432  5.6 min
episode 875/1013  eps 0.010  train return +107.96%  loss 3.95e-05  maxQ +0.0111  changes   390  5.6 min
episode 876/1013  eps 0.010  train return  +19.10%  loss 3.84e-05  maxQ +0.0113  changes   401  5.6 min
episode 877/1013  eps 0.010  train return   +4.66%  loss 3.62e-05  maxQ +0.0119  changes   265  5.7 min
episode 878/1013  eps 0.010  train return  +49.64%  loss 3.77e-05  maxQ +0.0113  changes   438  5.7 min
episode 879/1013  eps 0.010  train return  +47.65%  loss 3.77e-05  maxQ +0.0117  changes   442  5.7 min
episode 880/1013  eps 0.010  train return   +4.61%  loss 3.65e-05  maxQ +0.0108  changes   401  5.7 min | val return -24.88% (best +12.58%)
episode 881/1013  eps 0.010  train return  +15.37%  loss 3.66e-05  maxQ +0.0109  changes   465  5.7 min
episode 882/1013  eps 0.010  train return   +5.42%  loss 4.13e-05  maxQ +0.0115  changes   298  5.7 min
episode 883/1013  eps 0.010  train return  +13.00%  loss 4.04e-05  maxQ +0.0116  changes   284  5.7 min
episode 884/1013  eps 0.010  train return +129.23%  loss 3.79e-05  maxQ +0.0117  changes   458  5.7 min
episode 885/1013  eps 0.010  train return +265.45%  loss 4.13e-05  maxQ +0.0115  changes   470  5.7 min
episode 886/1013  eps 0.010  train return  +86.50%  loss 3.97e-05  maxQ +0.0115  changes   410  5.7 min
episode 887/1013  eps 0.010  train return   +6.20%  loss 3.95e-05  maxQ +0.0115  changes   292  5.7 min
episode 888/1013  eps 0.010  train return  +13.23%  loss 3.88e-05  maxQ +0.0115  changes   247  5.7 min
episode 889/1013  eps 0.010  train return  +39.19%  loss 3.84e-05  maxQ +0.0117  changes   432  5.7 min
episode 890/1013  eps 0.010  train return  +47.06%  loss 3.92e-05  maxQ +0.0117  changes   440  5.7 min | val return -8.31% (best +12.58%)
episode 891/1013  eps 0.010  train return  +11.36%  loss 3.65e-05  maxQ +0.0113  changes   411  5.7 min
episode 892/1013  eps 0.010  train return +106.68%  loss 3.85e-05  maxQ +0.0121  changes   443  5.8 min
episode 893/1013  eps 0.010  train return  +12.13%  loss 3.89e-05  maxQ +0.0116  changes   381  5.8 min
episode 894/1013  eps 0.010  train return  +26.38%  loss 3.68e-05  maxQ +0.0119  changes   373  5.8 min
episode 895/1013  eps 0.010  train return  +74.56%  loss 4.05e-05  maxQ +0.0121  changes   425  5.8 min
episode 896/1013  eps 0.010  train return  +64.86%  loss 3.90e-05  maxQ +0.0120  changes   469  5.8 min
episode 897/1013  eps 0.010  train return  +64.68%  loss 4.00e-05  maxQ +0.0122  changes   450  5.8 min
episode 898/1013  eps 0.010  train return  +81.71%  loss 4.18e-05  maxQ +0.0118  changes   404  5.8 min
episode 899/1013  eps 0.010  train return   -1.89%  loss 3.96e-05  maxQ +0.0120  changes   405  5.8 min
episode 900/1013  eps 0.010  train return  +48.44%  loss 3.84e-05  maxQ +0.0120  changes   440  5.8 min | val return -28.64% (best +12.58%)
episode 901/1013  eps 0.010  train return   +8.90%  loss 4.03e-05  maxQ +0.0121  changes   343  5.8 min
episode 902/1013  eps 0.010  train return +211.46%  loss 3.97e-05  maxQ +0.0124  changes   440  5.8 min
episode 903/1013  eps 0.010  train return  +17.61%  loss 4.21e-05  maxQ +0.0124  changes   310  5.8 min
episode 904/1013  eps 0.010  train return  +36.59%  loss 4.33e-05  maxQ +0.0123  changes   355  5.8 min
episode 905/1013  eps 0.010  train return  +38.98%  loss 3.60e-05  maxQ +0.0119  changes   311  5.8 min
episode 906/1013  eps 0.010  train return   +8.29%  loss 3.80e-05  maxQ +0.0120  changes   335  5.8 min
episode 907/1013  eps 0.010  train return  +26.86%  loss 3.62e-05  maxQ +0.0116  changes   381  5.8 min
episode 908/1013  eps 0.010  train return  +45.63%  loss 3.61e-05  maxQ +0.0119  changes   409  5.9 min
episode 909/1013  eps 0.010  train return  +13.68%  loss 3.40e-05  maxQ +0.0109  changes   300  5.9 min
episode 910/1013  eps 0.010  train return  +41.47%  loss 3.62e-05  maxQ +0.0119  changes   361  5.9 min | val return -5.44% (best +12.58%)
episode 911/1013  eps 0.010  train return   +9.19%  loss 3.78e-05  maxQ +0.0118  changes   374  5.9 min
episode 912/1013  eps 0.010  train return  +62.83%  loss 3.53e-05  maxQ +0.0113  changes   390  5.9 min
episode 913/1013  eps 0.010  train return +143.16%  loss 3.67e-05  maxQ +0.0118  changes   410  5.9 min
episode 914/1013  eps 0.010  train return  +22.53%  loss 3.45e-05  maxQ +0.0118  changes   367  5.9 min
episode 915/1013  eps 0.010  train return  +60.33%  loss 3.51e-05  maxQ +0.0118  changes   353  5.9 min
episode 916/1013  eps 0.010  train return  +45.46%  loss 3.39e-05  maxQ +0.0115  changes   369  5.9 min
episode 917/1013  eps 0.010  train return +131.31%  loss 3.42e-05  maxQ +0.0114  changes   380  5.9 min
episode 918/1013  eps 0.010  train return  +10.27%  loss 3.65e-05  maxQ +0.0120  changes   309  5.9 min
episode 919/1013  eps 0.010  train return +128.04%  loss 3.63e-05  maxQ +0.0115  changes   426  5.9 min
episode 920/1013  eps 0.010  train return   +8.06%  loss 3.67e-05  maxQ +0.0119  changes   363  5.9 min | val return -12.06% (best +12.58%)
episode 921/1013  eps 0.010  train return   +7.93%  loss 3.42e-05  maxQ +0.0112  changes   401  5.9 min
episode 922/1013  eps 0.010  train return  +23.88%  loss 3.53e-05  maxQ +0.0110  changes   313  5.9 min
episode 923/1013  eps 0.010  train return  +11.41%  loss 3.60e-05  maxQ +0.0113  changes   235  5.9 min
episode 924/1013  eps 0.010  train return  +96.17%  loss 3.25e-05  maxQ +0.0111  changes   414  6.0 min
episode 925/1013  eps 0.010  train return   +1.14%  loss 3.41e-05  maxQ +0.0112  changes   369  6.0 min
episode 926/1013  eps 0.010  train return  +36.42%  loss 3.48e-05  maxQ +0.0115  changes   375  6.0 min
episode 927/1013  eps 0.010  train return  +69.52%  loss 3.10e-05  maxQ +0.0106  changes   381  6.0 min
episode 928/1013  eps 0.010  train return  +71.43%  loss 3.38e-05  maxQ +0.0112  changes   407  6.0 min
episode 929/1013  eps 0.010  train return  +70.27%  loss 3.41e-05  maxQ +0.0112  changes   389  6.0 min
episode 930/1013  eps 0.010  train return  +53.75%  loss 3.18e-05  maxQ +0.0110  changes   397  6.0 min | val return +0.99% (best +12.58%)
episode 931/1013  eps 0.010  train return  +73.72%  loss 3.43e-05  maxQ +0.0108  changes   359  6.0 min
episode 932/1013  eps 0.010  train return  +39.13%  loss 3.32e-05  maxQ +0.0109  changes   377  6.0 min
episode 933/1013  eps 0.010  train return  +56.98%  loss 3.35e-05  maxQ +0.0113  changes   411  6.0 min
episode 934/1013  eps 0.010  train return +107.18%  loss 3.18e-05  maxQ +0.0110  changes   451  6.0 min
episode 935/1013  eps 0.010  train return  +14.82%  loss 3.27e-05  maxQ +0.0115  changes   281  6.0 min
episode 936/1013  eps 0.010  train return  +60.67%  loss 3.61e-05  maxQ +0.0116  changes   433  6.0 min
episode 937/1013  eps 0.010  train return  +69.69%  loss 3.33e-05  maxQ +0.0113  changes   422  6.0 min
episode 938/1013  eps 0.010  train return +218.24%  loss 3.23e-05  maxQ +0.0111  changes   442  6.0 min
episode 939/1013  eps 0.010  train return +128.06%  loss 3.67e-05  maxQ +0.0114  changes   387  6.0 min
episode 940/1013  eps 0.010  train return +108.21%  loss 3.56e-05  maxQ +0.0116  changes   402  6.1 min | val return -8.58% (best +12.58%)
episode 941/1013  eps 0.010  train return  +49.04%  loss 4.07e-05  maxQ +0.0126  changes   432  6.1 min
episode 942/1013  eps 0.010  train return +110.97%  loss 3.90e-05  maxQ +0.0124  changes   444  6.1 min
episode 943/1013  eps 0.010  train return  +22.30%  loss 4.02e-05  maxQ +0.0121  changes   408  6.1 min
episode 944/1013  eps 0.010  train return  +26.88%  loss 3.62e-05  maxQ +0.0125  changes   328  6.1 min
episode 945/1013  eps 0.010  train return  +11.87%  loss 3.82e-05  maxQ +0.0126  changes   327  6.1 min
episode 946/1013  eps 0.010  train return  +24.33%  loss 3.98e-05  maxQ +0.0124  changes   323  6.1 min
episode 947/1013  eps 0.010  train return   +7.93%  loss 3.64e-05  maxQ +0.0124  changes   373  6.1 min
episode 948/1013  eps 0.010  train return  +40.93%  loss 3.91e-05  maxQ +0.0124  changes   382  6.1 min
episode 949/1013  eps 0.010  train return   -0.05%  loss 3.59e-05  maxQ +0.0115  changes   337  6.1 min
episode 950/1013  eps 0.010  train return   -4.96%  loss 4.04e-05  maxQ +0.0120  changes   339  6.1 min | val return -8.75% (best +12.58%)
episode 951/1013  eps 0.010  train return   +9.02%  loss 3.83e-05  maxQ +0.0128  changes   370  6.1 min
episode 952/1013  eps 0.010  train return  +48.95%  loss 3.91e-05  maxQ +0.0131  changes   359  6.1 min
episode 953/1013  eps 0.010  train return  +95.85%  loss 3.83e-05  maxQ +0.0128  changes   398  6.1 min
episode 954/1013  eps 0.010  train return  +28.24%  loss 3.68e-05  maxQ +0.0126  changes   332  6.1 min
episode 955/1013  eps 0.010  train return  +40.90%  loss 3.87e-05  maxQ +0.0121  changes   326  6.2 min
episode 956/1013  eps 0.010  train return  +20.25%  loss 3.67e-05  maxQ +0.0124  changes   325  6.2 min
episode 957/1013  eps 0.010  train return  -10.08%  loss 3.61e-05  maxQ +0.0122  changes   302  6.2 min
episode 958/1013  eps 0.010  train return +176.97%  loss 3.94e-05  maxQ +0.0122  changes   455  6.2 min
episode 959/1013  eps 0.010  train return  +28.54%  loss 3.84e-05  maxQ +0.0123  changes   282  6.2 min
episode 960/1013  eps 0.010  train return  +90.37%  loss 3.73e-05  maxQ +0.0118  changes   397  6.2 min | val return -4.11% (best +12.58%)
episode 961/1013  eps 0.010  train return  +10.74%  loss 3.55e-05  maxQ +0.0118  changes   356  6.2 min
episode 962/1013  eps 0.010  train return  +57.00%  loss 3.89e-05  maxQ +0.0119  changes   327  6.2 min
episode 963/1013  eps 0.010  train return  +55.15%  loss 3.76e-05  maxQ +0.0115  changes   391  6.2 min
episode 964/1013  eps 0.010  train return  +65.36%  loss 3.76e-05  maxQ +0.0117  changes   431  6.2 min
episode 965/1013  eps 0.010  train return   -0.58%  loss 3.75e-05  maxQ +0.0118  changes   243  6.2 min
episode 966/1013  eps 0.010  train return  +21.49%  loss 3.63e-05  maxQ +0.0119  changes   290  6.2 min
episode 967/1013  eps 0.010  train return   +9.38%  loss 3.97e-05  maxQ +0.0122  changes   242  6.2 min
episode 968/1013  eps 0.010  train return  +15.90%  loss 4.00e-05  maxQ +0.0128  changes   327  6.2 min
episode 969/1013  eps 0.010  train return  +17.03%  loss 3.73e-05  maxQ +0.0123  changes   256  6.2 min
episode 970/1013  eps 0.010  train return   -4.84%  loss 3.40e-05  maxQ +0.0122  changes   337  6.2 min | val return -18.87% (best +12.58%)
episode 971/1013  eps 0.010  train return  +11.91%  loss 3.91e-05  maxQ +0.0120  changes   283  6.3 min
episode 972/1013  eps 0.010  train return  +32.66%  loss 3.92e-05  maxQ +0.0121  changes   366  6.3 min
episode 973/1013  eps 0.010  train return  +78.23%  loss 3.44e-05  maxQ +0.0118  changes   431  6.3 min
episode 974/1013  eps 0.010  train return   +6.91%  loss 3.63e-05  maxQ +0.0123  changes   267  6.3 min
episode 975/1013  eps 0.010  train return  +15.30%  loss 3.56e-05  maxQ +0.0122  changes   374  6.3 min
episode 976/1013  eps 0.010  train return   +4.11%  loss 3.41e-05  maxQ +0.0120  changes   391  6.3 min
episode 977/1013  eps 0.010  train return +131.58%  loss 3.55e-05  maxQ +0.0116  changes   426  6.3 min
episode 978/1013  eps 0.010  train return   -0.69%  loss 3.69e-05  maxQ +0.0120  changes   392  6.3 min
episode 979/1013  eps 0.010  train return  +17.79%  loss 3.65e-05  maxQ +0.0116  changes   335  6.3 min
episode 980/1013  eps 0.010  train return +105.59%  loss 3.73e-05  maxQ +0.0113  changes   414  6.3 min | val return +1.78% (best +12.58%)
episode 981/1013  eps 0.010  train return   +1.58%  loss 3.84e-05  maxQ +0.0117  changes   341  6.3 min
episode 982/1013  eps 0.010  train return   +0.46%  loss 3.70e-05  maxQ +0.0119  changes   312  6.3 min
episode 983/1013  eps 0.010  train return  +52.79%  loss 3.62e-05  maxQ +0.0116  changes   375  6.3 min
episode 984/1013  eps 0.010  train return  +42.81%  loss 3.72e-05  maxQ +0.0115  changes   423  6.3 min
episode 985/1013  eps 0.010  train return  +54.06%  loss 3.50e-05  maxQ +0.0118  changes   414  6.3 min
episode 986/1013  eps 0.010  train return  +37.57%  loss 3.65e-05  maxQ +0.0118  changes   350  6.4 min
episode 987/1013  eps 0.010  train return   +4.06%  loss 3.66e-05  maxQ +0.0119  changes   280  6.4 min
episode 988/1013  eps 0.010  train return  +47.79%  loss 3.62e-05  maxQ +0.0118  changes   418  6.4 min
episode 989/1013  eps 0.010  train return  +21.34%  loss 3.56e-05  maxQ +0.0107  changes   287  6.4 min
episode 990/1013  eps 0.010  train return +254.20%  loss 3.38e-05  maxQ +0.0108  changes   395  6.4 min | val return -16.74% (best +12.58%)
episode 991/1013  eps 0.010  train return +101.29%  loss 3.56e-05  maxQ +0.0114  changes   417  6.4 min
episode 992/1013  eps 0.010  train return +105.50%  loss 3.96e-05  maxQ +0.0121  changes   399  6.4 min
episode 993/1013  eps 0.010  train return   +2.72%  loss 3.75e-05  maxQ +0.0119  changes   332  6.4 min
episode 994/1013  eps 0.010  train return  +33.41%  loss 3.61e-05  maxQ +0.0115  changes   348  6.4 min
episode 995/1013  eps 0.010  train return  +16.19%  loss 3.52e-05  maxQ +0.0111  changes   298  6.4 min
episode 996/1013  eps 0.010  train return  +51.21%  loss 3.66e-05  maxQ +0.0109  changes   398  6.4 min
episode 997/1013  eps 0.010  train return   +8.00%  loss 3.75e-05  maxQ +0.0115  changes   241  6.4 min
episode 998/1013  eps 0.010  train return  +59.05%  loss 3.62e-05  maxQ +0.0112  changes   360  6.4 min
episode 999/1013  eps 0.010  train return  +96.02%  loss 3.51e-05  maxQ +0.0115  changes   372  6.4 min
episode 1000/1013  eps 0.010  train return  +14.18%  loss 3.59e-05  maxQ +0.0115  changes   246  6.4 min | val return -11.89% (best +12.58%)
episode 1001/1013  eps 0.010  train return   +9.56%  loss 3.55e-05  maxQ +0.0111  changes   282  6.5 min
episode 1002/1013  eps 0.010  train return  +81.62%  loss 3.70e-05  maxQ +0.0111  changes   441  6.5 min
episode 1003/1013  eps 0.010  train return  +24.92%  loss 3.53e-05  maxQ +0.0110  changes   293  6.5 min
episode 1004/1013  eps 0.010  train return +129.52%  loss 3.52e-05  maxQ +0.0121  changes   427  6.5 min
episode 1005/1013  eps 0.010  train return +132.67%  loss 3.37e-05  maxQ +0.0115  changes   400  6.5 min
episode 1006/1013  eps 0.010  train return  +62.60%  loss 3.48e-05  maxQ +0.0110  changes   394  6.5 min
episode 1007/1013  eps 0.010  train return  +21.49%  loss 3.63e-05  maxQ +0.0113  changes   346  6.5 min
episode 1008/1013  eps 0.010  train return  +18.60%  loss 3.52e-05  maxQ +0.0109  changes   322  6.5 min
episode 1009/1013  eps 0.010  train return  +57.61%  loss 3.52e-05  maxQ +0.0110  changes   364  6.5 min
episode 1010/1013  eps 0.010  train return  +86.40%  loss 3.57e-05  maxQ +0.0106  changes   372  6.5 min | val return -7.20% (best +12.58%)
episode 1011/1013  eps 0.010  train return  +50.91%  loss 3.71e-05  maxQ +0.0108  changes   369  6.5 min
episode 1012/1013  eps 0.010  train return  +13.68%  loss 3.18e-05  maxQ +0.0105  changes   353  6.5 min
episode 1013/1013  eps 0.010  train return  +32.73%  loss 3.57e-05  maxQ +0.0112  changes   373  6.5 min | val return -21.74% (best +12.58%)
model    env  portfolio_return  excess_return  n_changes
 last    val         -0.217820      -0.175202      667.5
 last val_w1         -0.176640      -0.149725      397.5
 last val_w2         -0.035573      -0.020139      281.8
 best    val          0.125819       0.168437      702.1
 best val_w1          0.106427       0.133342      368.1
 best val_w2          0.020376       0.035810      346.7
