episode,steps,epsilon,train_reward,train_portfolio_return,train_position_changes,mean_loss,mean_max_q,updates,minutes,action_share_-1,action_share_0,action_share_0.5,action_share_1,action_share_2
1,720,1.0,-0.4036528378410764,0.022854412079422737,599,0.0006600677256043249,0.09269082546234131,657,0.013384997844696045,0.21666666666666667,0.19583333333333333,0.1875,0.20416666666666666,0.19583333333333333
2,720,0.9909,-0.5118733004543453,-0.11207970726687477,573,0.0002775721215786891,0.11784301698207855,1377,0.027066898345947266,0.2,0.20972222222222223,0.2,0.18472222222222223,0.20555555555555555
3,720,0.98188281,-0.3372661653402543,0.04731928187408796,568,0.0002776476799731932,0.1223829835653305,2097,0.0394816001256307,0.18611111111111112,0.2263888888888889,0.1986111111111111,0.21388888888888888,0.175
4,720,0.972947676429,-0.4874097891011108,-0.08415650793847251,577,0.00026092511354565634,0.12847018241882324,2817,0.052093931039174396,0.2,0.20972222222222223,0.18472222222222223,0.19583333333333333,0.20972222222222223
5,720,0.9640938525734961,-0.6453963092648636,-0.219949259323439,568,0.00022838604815357636,0.12949860095977783,3537,0.06483046611150106,0.20277777777777778,0.18194444444444444,0.21666666666666667,0.18055555555555555,0.21805555555555556
6,720,0.9553205985150773,-0.30996069748711363,0.09860292292422046,586,0.00023148326429994388,0.12426163256168365,4257,0.0770517865816752,0.2111111111111111,0.20416666666666666,0.21388888888888888,0.18333333333333332,0.1875
7,720,0.9466271810685901,-0.45743514530993207,-0.05132133860976673,564,0.000218754561966408,0.12160243839025497,4977,0.09056290388107299,0.2361111111111111,0.18333333333333332,0.20277777777777778,0.18472222222222223,0.19305555555555556
8,720,0.938012873720866,-0.4419337899456728,-0.02486932365604888,568,0.00018593132309534767,0.11979208886623383,5697,0.1020605484644572,0.20416666666666666,0.18611111111111112,0.19583333333333333,0.19722222222222222,0.21666666666666667
9,720,0.9294769565700061,-0.5881675065178585,-0.15647649092398963,594,0.0001744547214810963,0.11480154097080231,6417,0.11651331583658854,0.19305555555555556,0.175,0.2152777777777778,0.20972222222222223,0.20694444444444443
10,720,0.921018716265219,-0.2722472971654509,0.11154696010241194,560,0.0001704715074892091,0.10676748305559158,7137,0.12938700119654337,0.18055555555555555,0.25,0.19166666666666668,0.1875,0.19027777777777777
11,720,0.9126374459472055,-0.7064471096857748,-0.2703549600105998,579,0.00015058651840465446,0.10566011816263199,7857,0.15336928367614747,0.18333333333333332,0.21388888888888888,0.2013888888888889,0.21666666666666667,0.18472222222222223
12,720,0.904332445189086,-0.4273550523733413,-0.044341887091296384,564,0.00013145851587776432,0.1008686050772667,8577,0.1648108164469401,0.175,0.19166666666666668,0.2125,0.21388888888888888,0.20694444444444443
13,720,0.8961030199378652,-0.5130680353348023,-0.1069101036211102,566,0.00012603555709473667,0.09810647368431091,9297,0.1781169851620992,0.20833333333333334,0.1875,0.18888888888888888,0.18055555555555555,0.23472222222222222
14,720,0.8879484824564307,-0.2804788455496179,0.14685240929617271,567,0.0001411569273639341,0.09926667809486389,10017,0.1899803638458252,0.21805555555555556,0.1986111111111111,0.18333333333333332,0.17916666666666667,0.22083333333333333
15,720,0.8798681512660771,-0.6897627720991765,-0.2567796959569638,592,0.00013889570514543772,0.08987599611282349,10737,0.20084518591562908,0.2013888888888889,0.20833333333333334,0.22083333333333333,0.2,0.16944444444444445
16,720,0.8718613510895558,-0.5482241196005411,-0.1327900022570121,600,0.0001288035067823835,0.08844070136547089,11457,0.21336663166681927,0.18333333333333332,0.20416666666666666,0.20277777777777778,0.2,0.20972222222222223
17,720,0.8639274127946408,-0.5551534103517458,-0.15604272723337342,565,0.00010605334788225365,0.0828179121017456,12177,0.228053351243337,0.18472222222222223,0.19444444444444445,0.20972222222222223,0.2013888888888889,0.20972222222222223
18,720,0.8560656733382096,-0.4463783354012011,-0.04149292519410308,574,0.00013077473624636897,0.07966780662536621,12897,0.23934595187505087,0.18888888888888888,0.19027777777777777,0.19305555555555556,0.1986111111111111,0.22916666666666666
19,720,0.8482754757108318,-0.6931071044918564,-0.2544306352403607,578,0.00012409821714148467,0.07661230117082596,13617,0.25058278640111287,0.20833333333333334,0.20833333333333334,0.2125,0.18611111111111112,0.18472222222222223
20,720,0.8405561688818632,-0.37167184737320136,0.015700124589304698,573,0.00011493784935636439,0.07269378751516342,14337,0.2622100830078125,0.2,0.19305555555555556,0.225,0.2013888888888889,0.18055555555555555
21,720,0.8329071077450383,-0.29796879144597677,0.10520540940015999,573,9.620905429983396e-05,0.0690351352095604,15057,0.28449386755625405,0.17916666666666667,0.22916666666666666,0.18194444444444444,0.21666666666666667,0.19305555555555556
22,720,0.8253276530645585,-0.5035021141862793,-0.1144108189536085,567,0.00011345495901069727,0.06834588199853897,15777,0.2958389163017273,0.17222222222222222,0.20972222222222223,0.21666666666666667,0.20694444444444443,0.19444444444444445
23,720,0.817817171421671,-0.6705671990076889,-0.23552595081376704,587,0.00010850939068708006,0.06724847853183746,16497,0.30934828519821167,0.18194444444444444,0.1986111111111111,0.1736111111111111,0.21388888888888888,0.23194444444444445
24,720,0.8103750351617338,-0.48737598715313724,-0.08914903235601868,569,0.00011261158114797986,0.06396320462226868,17217,0.32110171715418495,0.175,0.20277777777777778,0.2,0.20277777777777778,0.21944444444444444
25,720,0.8030006223417621,-0.3435059215179191,0.04942676655981426,569,9.632280845784812e-05,0.06160449981689453,17937,0.3322275519371033,0.19722222222222222,0.1986111111111111,0.21805555555555556,0.19444444444444445,0.19166666666666668
26,720,0.795693316678452,-0.37647551445781097,0.0005246231087792097,560,9.50890101547783e-05,0.060291483998298645,18657,0.3428708473841349,0.20555555555555555,0.19305555555555556,0.22916666666666666,0.18472222222222223,0.1875
27,720,0.7884525074966781,-0.40217887255316365,-0.011116621140185523,568,8.121795454927552e-05,0.0565628707408905,19377,0.35422673225402834,0.2125,0.1763888888888889,0.2152777777777778,0.18888888888888888,0.20694444444444443
28,720,0.7812775896784583,-0.33305708419901986,0.09083440853246838,584,7.892498268928547e-05,0.05641348659992218,20097,0.3661133329073588,0.22361111111111112,0.19444444444444445,0.18055555555555555,0.18194444444444444,0.21944444444444444
29,720,0.7741679636123843,-0.6687990143889451,-0.22492773932055132,578,7.412102958015667e-05,0.056649547070264816,20817,0.37739744981129963,0.18472222222222223,0.19305555555555556,0.18888888888888888,0.20972222222222223,0.22361111111111112
30,720,0.7671230351435115,-0.4282246312062203,-0.0508843580961843,558,9.632269885110469e-05,0.05295819789171219,21537,0.3888377825419108,0.2013888888888889,0.19444444444444445,0.20972222222222223,0.1986111111111111,0.19583333333333333
31,720,0.7601422155237056,-0.5980442009927811,-0.19510560861246506,551,7.361463157040917e-05,0.05358278378844261,22257,0.40983553330103556,0.17916666666666667,0.1875,0.19444444444444445,0.2222222222222222,0.21666666666666667
32,720,0.7532249213624399,-0.7072487691356707,-0.2682005435359367,563,7.97046906882315e-05,0.05125856772065163,22977,0.4210199515024821,0.19722222222222222,0.175,0.2,0.20277777777777778,0.225
33,720,0.7463705745780417,-0.446935728548096,-0.049184963028535256,572,6.879563797307734e-05,0.04540645331144333,23697,0.4327763835589091,0.20833333333333334,0.19027777777777777,0.20972222222222223,0.2,0.19166666666666668
34,720,0.7395786023493816,-0.6874989261558955,-0.24685606910119928,580,6.153917545361764e-05,0.043796785175800323,24417,0.44364914894104,0.19444444444444445,0.2222222222222222,0.18611111111111112,0.18888888888888888,0.20833333333333334
35,720,0.7328484370680022,-0.6380374621290312,-0.22569347923573457,571,6.981386032596977e-05,0.046693090349435806,25137,0.4556853850682577,0.20555555555555555,0.20972222222222223,0.20972222222222223,0.2111111111111111,0.1638888888888889
36,720,0.7261795162906833,-0.08707620744454349,0.3477328260085606,569,6.984288043491284e-05,0.04210025817155838,25857,0.4681099812189738,0.20416666666666666,0.18055555555555555,0.20694444444444443,0.2,0.20833333333333334
37,720,0.7195712826924381,-0.375272140798612,0.015344393822184221,558,6.728173467157224e-05,0.044405996799468994,26577,0.48175731897354124,0.1986111111111111,0.18472222222222223,0.2152777777777778,0.18055555555555555,0.22083333333333333
38,720,0.7130231840199369,-0.8351118611529114,-0.3570008400200474,556,7.253899309994772e-05,0.045492805540561676,27297,0.49381525119145714,0.20555555555555555,0.18333333333333332,0.21666666666666667,0.19166666666666668,0.20277777777777778
39,720,0.7065346730453554,-0.43127992344343513,-0.0627262873475043,555,6.296537032236907e-05,0.04324718937277794,28017,0.5056558171908061,0.1875,0.2013888888888889,0.2152777777777778,0.18055555555555555,0.2152777777777778
40,720,0.7001052075206428,-0.2004684168707131,0.21080034503428946,568,6.064049909532009e-05,0.042840760201215744,28737,0.516784648100535,0.18888888888888888,0.19027777777777777,0.20555555555555555,0.19305555555555556,0.2222222222222222
41,720,0.6937342501322049,-0.423909302234578,-0.024113804398083083,562,6.2884457444549e-05,0.04329252615571022,29457,0.5385525345802307,0.1763888888888889,0.16666666666666666,0.22777777777777777,0.18333333333333332,0.24583333333333332
42,720,0.6874212684560018,-0.23405780327756107,0.17873543281096893,549,5.750826956045785e-05,0.039630990475416183,30177,0.5515233516693115,0.2152777777777778,0.19444444444444445,0.1527777777777778,0.22777777777777777,0.20972222222222223
43,720,0.6811657349130522,-0.4405578485569487,-0.06719382966713694,545,5.398008617652926e-05,0.03521373122930527,30897,0.5665371815363566,0.22361111111111112,0.2111111111111111,0.18055555555555555,0.21666666666666667,0.16805555555555557
44,720,0.6749671267253434,-0.5422190947035065,-0.13818883177793173,555,5.1095839168940274e-05,0.037344977259635925,31617,0.5800608833630879,0.1875,0.17083333333333334,0.1986111111111111,0.21666666666666667,0.2263888888888889
45,720,0.6688249258721428,-0.32083258937453346,0.06627088889694166,551,5.827105392199883e-05,0.03616710752248764,32337,0.5910857637723287,0.19166666666666668,0.19444444444444445,0.19583333333333333,0.19444444444444445,0.22361111111111112
46,720,0.6627386190467063,-0.2935269873256128,0.10376052953643522,563,5.535625170978164e-05,0.035853512585163116,33057,0.602795147895813,0.2111111111111111,0.16805555555555557,0.2388888888888889,0.19722222222222222,0.18472222222222223
47,720,0.6567076976133812,-0.21017580868348615,0.16512012270063736,553,5.449715566151604e-05,0.03678245097398758,33777,0.6130337675412496,0.18055555555555555,0.19305555555555556,0.24166666666666667,0.16944444444444445,0.2152777777777778
48,720,0.6507316575650994,-0.17768547009306315,0.2147818701168851,564,4.953141411129359e-05,0.033743537962436676,34497,0.6247332493464152,0.175,0.20833333333333334,0.2361111111111111,0.19583333333333333,0.18472222222222223
49,720,0.6448099994812571,-0.4475613079851818,-0.08406631020804078,516,5.501238643369611e-05,0.035512879490852356,35217,0.6366944193840027,0.23472222222222222,0.1763888888888889,0.20555555555555555,0.1986111111111111,0.18472222222222223
50,720,0.6389422284859776,-0.39570907733737454,-0.02805793221035857,541,5.1957602225785296e-05,0.0330868661403656,35937,0.6483972032864889,0.175,0.19444444444444445,0.22916666666666666,0.19305555555555556,0.20833333333333334
51,720,0.6331278542067552,-0.009768850009971219,0.48918821596771567,549,4.622872955779813e-05,0.029865842312574387,36657,0.6744266668955485,0.20694444444444443,0.18611111111111112,0.16805555555555557,0.19722222222222222,0.24166666666666667
52,720,0.6273663907334738,-0.4200772720316083,-0.02647061724497457,561,4.984547361143794e-05,0.03074292652308941,37377,0.691466748714447,0.20416666666666666,0.20277777777777778,0.20833333333333334,0.19583333333333333,0.18888888888888888
53,720,0.6216573565777992,-0.4202434901028068,-0.04423526575501724,538,5.456078246829242e-05,0.031665265560150146,38097,0.7023427844047546,0.2125,0.18888888888888888,0.18333333333333332,0.21666666666666667,0.1986111111111111
54,720,0.6160002746329413,-0.3301730918463196,0.05108914566851541,545,4.773682251703172e-05,0.030402304604649544,38817,0.7144011298815409,0.17916666666666667,0.18888888888888888,0.19583333333333333,0.1986111111111111,0.2375
55,720,0.6103946721337815,-0.3591590645727981,0.037009339450521095,541,4.638439305735018e-05,0.02937820926308632,39537,0.7256497144699097,0.24861111111111112,0.1763888888888889,0.19166666666666668,0.18472222222222223,0.1986111111111111
56,720,0.604840080617364,-0.39717335420997035,-0.03262915275634237,543,4.835555922176759e-05,0.02824685536324978,40257,0.7364762504895528,0.2,0.22361111111111112,0.2,0.18333333333333332,0.19305555555555556
57,720,0.5993360358837461,-0.36355886065468657,0.023462144736999146,550,4.6034000817801115e-05,0.0276457779109478,40977,0.7469503482182821,0.23333333333333334,0.16944444444444445,0.19166666666666668,0.18888888888888888,0.21666666666666667
58,720,0.5938820779572039,-0.514503494700179,-0.14144410644428318,546,4.201771075587304e-05,0.027793919667601585,41697,0.7583419005076091,0.2013888888888889,0.19583333333333333,0.20277777777777778,0.19722222222222222,0.20277777777777778
59,720,0.5884777510477934,-0.5383256955407815,-0.15850541098707338,527,4.370638061648909e-05,0.02638646587729454,42417,0.7705182154973348,0.17083333333333334,0.18611111111111112,0.20972222222222223,0.18888888888888888,0.24444444444444444
60,720,0.5831226035132585,0.05891222609199951,0.5199268764343565,515,4.631090406645752e-05,0.026522545143961906,43137,0.7835271994272868,0.16944444444444445,0.16666666666666666,0.21805555555555556,0.1763888888888889,0.26944444444444443
61,720,0.5778161878212879,-0.5707691676860771,-0.19950033712306625,514,4.18651480408193e-05,0.026231937110424042,43857,0.8055816173553467,0.20416666666666666,0.19722222222222222,0.19444444444444445,0.20972222222222223,0.19444444444444445
62,720,0.5725580605121141,-0.5878942250614676,-0.1836354122270175,534,4.406464259621619e-05,0.024798236787319183,44577,0.8165495991706848,0.24722222222222223,0.16666666666666666,0.1986111111111111,0.17916666666666667,0.20833333333333334
63,720,0.5673477821614539,-0.23118034044269162,0.10884580558921053,509,4.690795557912174e-05,0.024239569902420044,45297,0.829497218132019,0.175,0.19444444444444445,0.2111111111111111,0.20972222222222223,0.20972222222222223
64,720,0.5621849173437846,-0.3996901776917392,-0.020477604548244654,544,4.105432206971374e-05,0.024121243506669998,46017,0.8441911657651265,0.25833333333333336,0.175,0.19166666666666668,0.1763888888888889,0.1986111111111111
65,720,0.5570690345959561,-0.3646611540589638,0.022079059008763835,553,5.009936991705723e-05,0.02469652146100998,46737,0.856016751130422,0.2152777777777778,0.2013888888888889,0.18888888888888888,0.18194444444444444,0.2125
66,720,0.5519997063811329,-0.5645021947481705,-0.18392759370356426,539,5.256155541246699e-05,0.024350449442863464,47457,0.8724111994107564,0.16805555555555557,0.1875,0.2263888888888889,0.21666666666666667,0.2013888888888889
67,720,0.5469765090530646,-0.48064426109640546,-0.12422341549752958,511,4.9804272797852415e-05,0.024382712319493294,48177,0.8838724811871846,0.15833333333333333,0.20416666666666666,0.21388888888888888,0.19166666666666668,0.23194444444444445
68,720,0.5419990228206817,-0.07239204210367228,0.34259989980688843,527,4.386345213510544e-05,0.026105884462594986,48897,0.895876697699229,0.21805555555555556,0.18611111111111112,0.19722222222222222,0.16666666666666666,0.23194444444444445
69,720,0.5370668317130135,-0.36661503177128274,-0.006096373016832635,533,4.6442296468285346e-05,0.024087058380246162,49617,0.9071466326713562,0.1361111111111111,0.1638888888888889,0.2222222222222222,0.22083333333333333,0.2569444444444444
70,720,0.5321795235444251,-0.5438237531485338,-0.17537270070268252,502,4.1562426440577836e-05,0.02401593141257763,50337,0.9199429353078207,0.19027777777777777,0.20277777777777778,0.17083333333333334,0.20833333333333334,0.22777777777777777
71,720,0.5273366898801708,-0.2594455721853429,0.11494427692882181,524,3.9939122877462476e-05,0.021483289077878,51057,0.942314887046814,0.19444444444444445,0.1736111111111111,0.1527777777777778,0.2222222222222222,0.2569444444444444
72,720,0.5225379260022612,-0.3832616008953858,-0.01218673377645052,525,3.714609883647629e-05,0.021728407591581345,51777,0.9546775182088216,0.21388888888888888,0.14722222222222223,0.18611111111111112,0.2125,0.24027777777777778
73,720,0.5177828308756407,-0.22990598747809177,0.15499268719626436,540,4.283372843095397e-05,0.02253965474665165,52497,0.9679907162984213,0.20833333333333334,0.19583333333333333,0.19722222222222222,0.18333333333333332,0.2152777777777778
74,720,0.5130710071146724,-0.5222142739335641,-0.13883079634168716,520,4.103459945604805e-05,0.02239360474050045,53217,0.9794213016827901,0.20972222222222223,0.15694444444444444,0.18472222222222223,0.2152777777777778,0.23333333333333334
75,720,0.5084020609499288,-0.3022601827847615,0.06955194438972279,538,4.679232336760227e-05,0.021991392597556114,53937,0.9909639835357666,0.21388888888888888,0.1875,0.175,0.1986111111111111,0.225
76,720,0.5037756021952844,-0.10637602166900693,0.28033783708702864,494,5.4273616806060295e-05,0.022537149488925934,54657,1.0013006011644998,0.24027777777777778,0.1638888888888889,0.16944444444444445,0.18194444444444444,0.24444444444444444
77,720,0.4991912442153073,-0.13626672277742338,0.22229871343397334,478,5.095058244630006e-05,0.022839447483420372,55377,1.0132123986879984,0.16111111111111112,0.1763888888888889,0.17222222222222222,0.18888888888888888,0.3013888888888889
78,720,0.494648603892948,-0.3605971954677371,-0.017934424603563426,503,4.426406419245015e-05,0.020717423409223557,56097,1.0267520825068155,0.1375,0.2111111111111111,0.20972222222222223,0.175,0.26666666666666666
79,720,0.4901473015975222,-0.09458263482585083,0.2635400754795183,485,4.4020130333895696e-05,0.02049587294459343,56817,1.0401214520136515,0.17916666666666667,0.19583333333333333,0.1875,0.1875,0.25
80,720,0.4856869611529847,-0.5254169408655631,-0.16799509343578878,498,4.118077393589677e-05,0.02320876345038414,57537,1.0525048653284708,0.19583333333333333,0.15138888888888888,0.18611111111111112,0.225,0.24166666666666667
81,720,0.48126720980649257,-0.37412808631262007,-0.0429293696294778,483,4.332882707558383e-05,0.02059456706047058,58257,1.0745391845703125,0.12916666666666668,0.18333333333333332,0.21805555555555556,0.20277777777777778,0.26666666666666666
82,720,0.4768876781972535,-0.3774568804168812,-0.018778328799962885,480,4.2339544635675944e-05,0.021455207839608192,58977,1.0857903838157654,0.21805555555555556,0.15416666666666667,0.18194444444444444,0.17083333333333334,0.275
83,720,0.47254800032565847,-0.28812426408022096,0.06383014064015646,504,4.4694857448727515e-05,0.02027152106165886,59697,1.0985719998677572,0.2222222222222222,0.19305555555555556,0.17777777777777778,0.20972222222222223,0.19722222222222222
84,720,0.46824781352269496,-0.330626979674292,0.004382595932112876,488,4.355741922255321e-05,0.01965603232383728,60417,1.109874415397644,0.22083333333333333,0.17222222222222222,0.19166666666666668,0.18333333333333332,0.23194444444444445
85,720,0.46398675841963843,-0.4471572789449668,-0.061204190737234376,504,4.559023548659348e-05,0.021294035017490387,61137,1.1220092495282492,0.2791666666666667,0.1763888888888889,0.14027777777777778,0.15833333333333333,0.24583333333333332
86,720,0.45976447891801975,-0.14398436641084877,0.24112178203703039,499,4.535694512621073e-05,0.0195222906768322,61857,1.1347394466400147,0.22916666666666666,0.18333333333333332,0.1763888888888889,0.1736111111111111,0.2375
87,720,0.4555806221598658,-0.3819318280825341,-0.0510809915208279,470,4.095152223221198e-05,0.01993144489824772,62577,1.147018301486969,0.23333333333333334,0.1625,0.2,0.1736111111111111,0.23055555555555557
88,720,0.451434838498211,-0.45437882204857966,-0.07953731975573208,500,4.8645836044316736e-05,0.019344259053468704,63297,1.1590755343437196,0.1763888888888889,0.15138888888888888,0.15555555555555556,0.1597222222222222,0.35694444444444445
89,720,0.44732678146787724,-0.22086786739286093,0.11754256091144799,495,4.096540527977292e-05,0.020193640142679214,64017,1.1709559520085653,0.19722222222222222,0.16527777777777777,0.22777777777777777,0.1986111111111111,0.2111111111111111
90,720,0.4432561077565196,-0.3540833799788642,-0.011022185611784585,473,4.010075662361285e-05,0.01950903609395027,64737,1.1832607507705688,0.25416666666666665,0.17916666666666667,0.17083333333333334,0.1486111111111111,0.24722222222222223
91,720,0.43922247717593527,-0.24181706907216607,0.11063611852370059,517,3.544058596010776e-05,0.018365202471613884,65457,1.2049303968747458,0.175,0.1625,0.20833333333333334,0.18888888888888888,0.2652777777777778
92,720,0.43522555263363427,-0.3224629738645666,0.005049733278021051,476,3.74610485715089e-05,0.01759498007595539,66177,1.216280448436737,0.23055555555555557,0.15,0.20555555555555555,0.19305555555555556,0.22083333333333333
93,720,0.43126500010466823,-0.2090281230347689,0.14564967399619277,476,3.6947950091972514e-05,0.016952145844697952,66897,1.2293160994847616,0.2263888888888889,0.1736111111111111,0.1597222222222222,0.19444444444444445,0.24583333333333332
94,720,0.42734048860371576,-0.3980419646760438,-0.04117045724293622,501,3.661060067846241e-05,0.016385184600949287,67617,1.240978483359019,0.22083333333333333,0.15416666666666667,0.1638888888888889,0.2013888888888889,0.25972222222222224
95,720,0.42345169015742196,-0.4818475046733139,-0.13354707986573544,453,4.063023182223131e-05,0.017610369250178337,68337,1.2512560804684958,0.2375,0.16666666666666666,0.17083333333333334,0.1375,0.2875
96,720,0.41959827977698944,-0.6930321341003413,-0.2997249791012053,501,3.955585649843366e-05,0.01637098751962185,69057,1.2633426189422607,0.17083333333333334,0.1736111111111111,0.19305555555555556,0.21805555555555556,0.24444444444444444
97,720,0.4157799354310188,-0.07991507534738337,0.2754957475575466,459,4.533528355826396e-05,0.016861602663993835,69777,1.2749094168345134,0.2611111111111111,0.14305555555555555,0.20833333333333334,0.18611111111111112,0.2013888888888889
98,720,0.41199633801859653,0.11604246981791186,0.6307539759753029,518,4.059553167887013e-05,0.015439746901392937,70497,1.2862743973731994,0.2513888888888889,0.17916666666666667,0.17083333333333334,0.18055555555555555,0.21805555555555556
99,720,0.4082471713426273,-0.3753368577694087,-0.06277964887552212,474,3.98777179485579e-05,0.015071114525198936,71217,1.297743598620097,0.14583333333333334,0.18055555555555555,0.19722222222222222,0.2388888888888889,0.2375
100,720,0.4045321220834094,-0.5015904720172443,-0.13224032260453078,490,4.119928713761409e-05,0.015115711838006973,71937,1.3089678168296814,0.29444444444444445,0.18055555555555555,0.1597222222222222,0.15833333333333333,0.20694444444444443
101,720,0.4008508797724504,-0.6225033357176313,-0.2457288315067433,461,3.7711405279120903e-05,0.01493950467556715,72657,1.332549552122752,0.3277777777777778,0.14583333333333334,0.1763888888888889,0.1527777777777778,0.19722222222222222
102,720,0.3972031367665211,-0.47136199426750747,-0.14859043759996027,442,3.9003438692159557e-05,0.015835467725992203,73377,1.3450679500897726,0.27361111111111114,0.20555555555555555,0.15555555555555556,0.14583333333333334,0.21944444444444444
103,720,0.39358858822194576,-0.21378223122812537,0.1212765003628613,457,3.613637760508936e-05,0.015207648277282715,74097,1.35812908411026,0.2569444444444444,0.18055555555555555,0.175,0.16111111111111112,0.2263888888888889
104,720,0.39000693206912607,-0.4194387734808706,-0.07544133429251765,484,4.443514648073687e-05,0.0156269334256649,74817,1.370946184794108,0.19305555555555556,0.18333333333333332,0.18472222222222223,0.17083333333333334,0.26805555555555555
105,720,0.386457868987297,-0.22817514768261257,0.17183963585480044,522,4.56966576558039e-05,0.0160814356058836,75537,1.3830408851305644,0.18055555555555555,0.18055555555555555,0.1597222222222222,0.15416666666666667,0.325
106,720,0.3829411023795126,0.1374212535997147,0.6220183253078495,495,3.8382619598249016e-05,0.016331931576132774,76257,1.3950770656267801,0.22777777777777777,0.20694444444444443,0.16111111111111112,0.16805555555555557,0.2361111111111111
107,720,0.3794563383478591,-0.2014932447377105,0.12132021585054575,473,4.510477032100526e-05,0.016557835042476654,76977,1.4070900996526083,0.16944444444444445,0.17222222222222222,0.23055555555555557,0.17083333333333334,0.2569444444444444
108,720,0.37600328566889357,-0.07988187152948739,0.30684799667338414,480,3.962326085482144e-05,0.015760554000735283,77697,1.4185444672902425,0.18888888888888888,0.2,0.17222222222222222,0.1597222222222222,0.2791666666666667
109,720,0.37258165576930663,-0.5064736330929481,-0.16804226031012537,463,3.9878759743159104e-05,0.014748474583029747,78417,1.4295581142107645,0.1763888888888889,0.1875,0.17777777777777778,0.1625,0.29583333333333334
110,720,0.36919116270180596,0.2560198850741669,0.8473827082281093,501,3.8171566666910116e-05,0.015351793728768826,79137,1.4414970517158507,0.2375,0.15138888888888888,0.19305555555555556,0.21666666666666667,0.2013888888888889
111,720,0.3658315231212195,-0.4167649665487793,-0.07620488279033066,495,3.821278213788699e-05,0.015148095786571503,79857,1.4638428330421447,0.18888888888888888,0.175,0.1736111111111111,0.2,0.2625
112,720,0.36250245626081645,0.03098837579751489,0.4488039816127698,463,3.7321360231443474e-05,0.013397814705967903,80577,1.4774332165718078,0.26805555555555555,0.175,0.15833333333333333,0.16944444444444445,0.22916666666666666
113,720,0.359203683908843,-0.14074102434147945,0.19244876161552282,468,3.951373148033276e-05,0.013945803977549076,81297,1.488867199420929,0.2013888888888889,0.1986111111111111,0.21666666666666667,0.16666666666666666,0.21666666666666667
114,720,0.3559349303852725,-0.3935952807620416,-0.07234490556671569,439,3.761907492945384e-05,0.013729462400078773,82017,1.5010294318199158,0.25,0.2152777777777778,0.15555555555555556,0.14444444444444443,0.23472222222222222
115,720,0.3526959225187665,-0.360560984921263,-0.05309923957136642,430,3.7524896103175504e-05,0.01378948986530304,82737,1.5124686360359192,0.25,0.16527777777777777,0.16527777777777777,0.15833333333333333,0.2611111111111111
116,720,0.34948638962384576,-0.09540802509353191,0.23255835775674472,433,3.994292800876388e-05,0.012642810121178627,83457,1.5246967991193137,0.21388888888888888,0.24861111111111112,0.17916666666666667,0.12916666666666668,0.22916666666666666
117,720,0.34630606347826876,-0.2810472287130645,0.04180290137326481,500,4.087640514980093e-05,0.01172969862818718,84177,1.5376805702845255,0.15555555555555556,0.21388888888888888,0.2152777777777778,0.19444444444444445,0.22083333333333333
118,720,0.3431546783006165,-0.20793454287801427,0.08146376031114433,437,3.867395929041272e-05,0.011211855337023735,84897,1.5496562838554382,0.2125,0.20416666666666666,0.18472222222222223,0.15694444444444444,0.24166666666666667
119,720,0.3400319707280809,0.15637179820940886,0.6045956577528713,446,3.997142359190144e-05,0.01258100289851427,85617,1.562675420443217,0.1388888888888889,0.1625,0.14166666666666666,0.21805555555555556,0.3388888888888889
120,720,0.3369376797944554,-0.13342202468055994,0.21146209765842428,446,3.8818175347740986e-05,0.012077195569872856,86337,1.5791580160458882,0.18055555555555555,0.18333333333333332,0.1597222222222222,0.17777777777777778,0.2986111111111111
121,720,0.3338715469083258,-0.2910905356875913,0.035525952501414215,461,4.064191357808037e-05,0.013377271592617035,87057,1.6036505341529845,0.2111111111111111,0.2,0.1736111111111111,0.18472222222222223,0.23055555555555557
122,720,0.3308333158314601,-0.35100100708614634,-0.031010019403137745,443,4.083751522961797e-05,0.01422308199107647,87777,1.6154194831848145,0.19444444444444445,0.12777777777777777,0.17916666666666667,0.14583333333333334,0.3527777777777778
123,720,0.3278227326573938,-0.28154212045270666,0.03118422988045988,453,3.811916977333062e-05,0.013111043721437454,88497,1.6286797483762105,0.19027777777777777,0.16527777777777777,0.20555555555555555,0.16666666666666666,0.2722222222222222
124,720,0.3248395457902115,-0.3879262503057307,-0.04822465131085618,468,3.8369622872222765e-05,0.01314106211066246,89217,1.6411023497581483,0.2152777777777778,0.19722222222222222,0.15138888888888888,0.1597222222222222,0.2763888888888889
125,720,0.3218835059235206,-0.24512304603053772,0.07479178448619095,446,4.041931334389422e-05,0.014471080154180527,89937,1.6527572830518087,0.2569444444444444,0.16527777777777777,0.21805555555555556,0.14305555555555555,0.21666666666666667
126,720,0.3189543660196166,-0.42256237995032825,-0.12042142648610954,436,4.0918623094259806e-05,0.01326779555529356,90657,1.6663142323493958,0.17083333333333334,0.18611111111111112,0.175,0.1986111111111111,0.26944444444444443
127,720,0.31605188128883804,-0.2931867682557398,0.02948968884581804,443,3.937453264168451e-05,0.012419184669852257,91377,1.6776699503262837,0.25972222222222224,0.19583333333333333,0.17083333333333334,0.1388888888888889,0.23472222222222222
128,720,0.31317580916910964,-0.3290303720998436,-0.007750183348813389,440,3.839078557095693e-05,0.014262454584240913,92097,1.6903120636940003,0.25277777777777777,0.16111111111111112,0.14444444444444443,0.14583333333333334,0.29583333333333334
129,720,0.3103259093056707,-0.16858630004266992,0.19352808715764236,454,4.32587576028709e-05,0.013594212010502815,92817,1.7023638327916464,0.25833333333333336,0.18888888888888888,0.1486111111111111,0.13472222222222222,0.26944444444444443
130,720,0.30750194353098914,0.10838401350931653,0.5210243365478131,431,4.0843222164868264e-05,0.013618426397442818,93537,1.7147843678792318,0.18611111111111112,0.14583333333333334,0.20555555555555555,0.15138888888888888,0.3111111111111111
131,720,0.30470367584485714,-0.3397851090473161,-0.0005349659020037478,499,3.812469363108701e-05,0.01358677539974451,94257,1.7407376170158386,0.15138888888888888,0.16944444444444445,0.2,0.22083333333333333,0.25833333333333336
132,720,0.3019308723946689,-0.2880801529632868,0.0014208554967469755,445,3.84314411753116e-05,0.013314584270119667,94977,1.7562437494595846,0.15833333333333333,0.21805555555555556,0.20972222222222223,0.14722222222222223,0.26666666666666666
133,720,0.29918330145587746,-0.16723996186919615,0.1471264063460176,426,3.936917162390172e-05,0.01244664192199707,95697,1.7724480668703715,0.23055555555555557,0.20833333333333334,0.1763888888888889,0.16666666666666666,0.21805555555555556
134,720,0.29646073341262896,0.17412771140041805,0.6505816012340315,480,4.023537939903892e-05,0.012466398999094963,96417,1.7877065658569335,0.18888888888888888,0.19444444444444445,0.18472222222222223,0.18333333333333332,0.24861111111111112
135,720,0.29376294073857406,-0.22631949077556712,0.09875806398348486,448,3.8010749362153245e-05,0.013498248532414436,97137,1.8042497833569844,0.21666666666666667,0.18194444444444444,0.17916666666666667,0.1638888888888889,0.25833333333333336
136,720,0.29108969797785306,-0.277005538829337,0.008530641477465517,400,4.2888112991729735e-05,0.013423662632703781,97857,1.8208551009496052,0.16944444444444445,0.14305555555555555,0.15,0.1638888888888889,0.3736111111111111
137,720,0.2884407817262546,-0.21193661817962706,0.08525326294230573,399,4.236617900485524e-05,0.013154974207282066,98577,1.8363064487775167,0.15416666666666667,0.16805555555555557,0.14583333333333334,0.22083333333333333,0.3111111111111111
138,720,0.28581597061254566,-0.5102037572625452,-0.1916044169318356,438,4.0635576248051724e-05,0.013685530982911587,99297,1.851157017548879,0.17222222222222222,0.18055555555555555,0.1597222222222222,0.18611111111111112,0.3013888888888889
139,720,0.2832150452799715,0.003666775865065655,0.37908022849103573,464,3.748323713984468e-05,0.01199394278228283,100017,1.8658617655436198,0.18611111111111112,0.15416666666666667,0.2,0.1875,0.2722222222222222
140,720,0.28063778836792375,-0.11365952142126055,0.24837221986894997,470,3.9784158289219504e-05,0.012293006293475628,100737,1.8812831838925679,0.24861111111111112,0.19722222222222222,0.15138888888888888,0.15833333333333333,0.24444444444444444
141,720,0.27808398449377564,-0.09710106927772541,0.24719737085633597,434,3.7921750193466625e-05,0.013072099536657333,101457,1.9057100335756938,0.20277777777777778,0.17222222222222222,0.15694444444444444,0.16805555555555557,0.3
142,720,0.2755534202348823,-0.2756816493828231,0.021547210062388578,451,3.949775264497172e-05,0.012455550953745842,102177,1.9202885985374452,0.19583333333333333,0.24305555555555555,0.20694444444444443,0.14722222222222223,0.20694444444444443
143,720,0.2730458841107448,-0.4278007714552369,-0.14041088009589764,419,4.15344590894367e-05,0.012319546192884445,102897,1.9369641661643981,0.25555555555555554,0.2013888888888889,0.20277777777777778,0.16527777777777777,0.175
144,720,0.270561166565337,-0.30595910315370844,-0.006438287986817004,411,3.6808832957528165e-05,0.013090027496218681,103617,1.9524869004885355,0.26944444444444443,0.15138888888888888,0.13194444444444445,0.15555555555555556,0.2916666666666667
145,720,0.26809905994959243,0.281422003680971,0.8499747746648432,476,3.534494168206947e-05,0.012807519175112247,104337,1.96749396721522,0.18611111111111112,0.20277777777777778,0.2111111111111111,0.1625,0.2375
146,720,0.26565935850405115,-0.31619607446707926,-0.019503374013671415,434,3.778970014865182e-05,0.01296536810696125,105057,1.9825035015741983,0.22916666666666666,0.19583333333333333,0.1486111111111111,0.2,0.2263888888888889
147,720,0.2632418583416643,-0.3802870080961565,-0.07275458568844151,428,3.581796370958222e-05,0.014318322762846947,105777,1.9959378004074098,0.2222222222222222,0.19166666666666668,0.13333333333333333,0.1736111111111111,0.2791666666666667
148,720,0.2608463574307552,-0.067933285217366,0.3009135062184898,443,3.6148365402116015e-05,0.013438504189252853,106497,2.0110137661298118,0.2763888888888889,0.13333333333333333,0.15416666666666667,0.18611111111111112,0.25
149,720,0.2584726555781353,-0.20466178932777718,0.13353176078259277,472,4.016180886184076e-05,0.013993951492011547,107217,2.0265376647313436,0.24305555555555555,0.20416666666666666,0.12916666666666668,0.18611111111111112,0.2375
150,720,0.2561205544123743,-0.25803468083354836,0.05756100600339065,456,3.6183052417173814e-05,0.011928844265639782,107937,2.040748083591461,0.2222222222222222,0.1986111111111111,0.20694444444444443,0.1486111111111111,0.22361111111111112
151,720,0.2537898573672217,-0.058934431511546766,0.2847518263996518,430,3.561206365121608e-05,0.013145489618182182,108657,2.067315431435903,0.19027777777777777,0.16805555555555557,0.16527777777777777,0.19444444444444445,0.28194444444444444
152,720,0.25148036966518,0.11008685009617471,0.5381599280360063,456,3.8268848745954324e-05,0.013732542283833027,109377,2.081988449891408,0.25,0.17916666666666667,0.1625,0.17222222222222222,0.2361111111111111
153,720,0.24919189830122687,-0.02021976974859401,0.38441854758496974,462,3.906758051799544e-05,0.014628720469772816,110097,2.097801399230957,0.2708333333333333,0.15,0.12777777777777777,0.16666666666666666,0.2847222222222222
154,720,0.24692425202668572,0.11350399086846785,0.5738171761530411,468,4.0977731305247286e-05,0.013834851793944836,110817,2.111438500881195,0.24722222222222223,0.18333333333333332,0.13055555555555556,0.19166666666666668,0.24722222222222223
155,720,0.24467724133324287,-0.2478024292089818,0.058864990524636784,431,4.129442432814459e-05,0.013530857861042023,111537,2.126418968041738,0.19166666666666668,0.1763888888888889,0.1638888888888889,0.19583333333333333,0.2722222222222222
156,720,0.24245067843711035,-0.04304167361157172,0.26390777012401223,395,3.735633908882442e-05,0.01275105681270361,112257,2.14074193239212,0.22777777777777777,0.15694444444444444,0.16944444444444445,0.225,0.22083333333333333
157,720,0.24024437726333264,-0.09284959227670311,0.2654153493857918,454,4.10037171769141e-05,0.014173801057040691,112977,2.153745698928833,0.22916666666666666,0.17777777777777778,0.1638888888888889,0.18472222222222223,0.24444444444444444
158,720,0.2380581534302363,-0.10426402665745449,0.18588101787035072,425,3.997752922310206e-05,0.013126080855727196,113697,2.168846833705902,0.12222222222222222,0.20416666666666666,0.20972222222222223,0.2222222222222222,0.24166666666666667
159,720,0.23589182423402116,-0.20177387060219024,0.0944217366542206,425,4.227278781551528e-05,0.013880528509616852,114417,2.18319483200709,0.1625,0.1597222222222222,0.16666666666666666,0.175,0.33611111111111114
160,720,0.23374520863349157,0.042852790673675596,0.4723397331788768,461,3.8763683474169535e-05,0.011812031269073486,115137,2.199021883805593,0.24305555555555555,0.1388888888888889,0.17777777777777778,0.1486111111111111,0.2916666666666667
161,720,0.2316181272349268,-0.12508978201321147,0.130500232036169,401,4.057017446383624e-05,0.012665944173932076,115857,2.2236951351165772,0.15555555555555556,0.19305555555555556,0.2638888888888889,0.1638888888888889,0.22361111111111112
162,720,0.22951040227708897,0.21427147684655803,0.6532970013652162,401,3.823245420385825e-05,0.013002593070268631,116577,2.238262132803599,0.14722222222222223,0.18888888888888888,0.15138888888888888,0.1638888888888889,0.3486111111111111
163,720,0.22742185761636746,-0.2414619399180468,0.0890307278003073,448,3.759412916603348e-05,0.013014383614063263,117297,2.251827601591746,0.2375,0.2013888888888889,0.1625,0.16805555555555557,0.23055555555555557
164,720,0.22535231871205852,0.10860239160850604,0.5335761969632056,444,4.062860425619874e-05,0.012500003911554813,118017,2.2687085310618085,0.1986111111111111,0.15138888888888888,0.15416666666666667,0.19305555555555556,0.30277777777777776
165,720,0.22330161261177878,0.0564286442989956,0.48799361335119174,473,4.758068312690335e-05,0.01298355683684349,118737,2.284288799762726,0.2375,0.1736111111111111,0.13055555555555556,0.18333333333333332,0.275
166,720,0.22126956793701158,0.3524853203046898,0.9503041217845503,453,4.249712262283841e-05,0.013314025476574898,119457,2.300180117289225,0.2,0.16944444444444445,0.18611111111111112,0.19027777777777777,0.25416666666666665
167,720,0.21925601486878477,0.0015490037908008738,0.4283915254031394,476,4.54029458814552e-05,0.013559325598180294,120177,2.314542619387309,0.225,0.16111111111111112,0.175,0.1638888888888889,0.275
168,720,0.21726078513347882,-0.3225901667923742,0.012487154705663528,461,4.4596755472209934e-05,0.01389871072024107,120897,2.328375784556071,0.26944444444444443,0.175,0.16111111111111112,0.18611111111111112,0.20833333333333334
169,720,0.21528371198876417,0.25850306141492085,0.7891722118613942,417,4.585524739013636e-05,0.013226345181465149,121617,2.343019151687622,0.25,0.12777777777777777,0.15416666666666667,0.1736111111111111,0.29444444444444445
170,720,0.2133246302096664,-0.18027392904611333,0.14250825706889292,461,4.506504401054675e-05,0.01341286115348339,122337,2.357509716351827,0.18888888888888888,0.20555555555555555,0.19583333333333333,0.1736111111111111,0.2361111111111111
171,720,0.21138337607475843,0.07630858119897051,0.49228511772996253,455,4.526889510240532e-05,0.012811641208827496,123057,2.385354634126027,0.22361111111111112,0.21944444444444444,0.1388888888888889,0.1763888888888889,0.24166666666666667
172,720,0.20945978735247814,-0.16253358284943104,0.1525379423788935,442,4.476105722106796e-05,0.013509240001440048,123777,2.399801516532898,0.2152777777777778,0.16805555555555557,0.2,0.1638888888888889,0.25277777777777777
173,720,0.20755370328757058,-0.37283544647168215,-0.09885170581077518,385,4.593433479461358e-05,0.01356358453631401,124497,2.4150573134422304,0.2125,0.15416666666666667,0.16666666666666666,0.15833333333333333,0.30833333333333335
174,720,0.20566496458765368,-0.017852049068363175,0.35309958682309395,425,4.130819132418158e-05,0.014414275996387005,125217,2.429919632275899,0.26666666666666666,0.15555555555555556,0.17222222222222222,0.16805555555555557,0.2375
175,720,0.20379341340990603,0.0696484690621555,0.5025271679021006,449,4.52452295892019e-05,0.013266346417367458,125937,2.445220084985097,0.1625,0.1986111111111111,0.1875,0.1625,0.28888888888888886
176,720,0.20193889334787588,-0.10754358675283107,0.15685650044588506,357,4.472367663639589e-05,0.015050395391881466,126657,2.4597121159235638,0.11944444444444445,0.12916666666666668,0.16111111111111112,0.20833333333333334,0.3819444444444444
177,720,0.2001012494184102,0.07695405375161814,0.5037380684600554,430,4.8906212857168105e-05,0.014790665358304977,127377,2.4751901825269065,0.2388888888888889,0.12916666666666668,0.2,0.15138888888888888,0.28055555555555556
178,720,0.19828032804870266,-0.23397276023210115,0.13374605151921082,463,5.0939669354950944e-05,0.015268276445567608,128097,2.4898658990859985,0.2791666666666667,0.1763888888888889,0.13194444444444445,0.15833333333333333,0.25416666666666665
179,720,0.19647597706345946,0.42837641304050655,1.1763004916319315,435,5.211263231912098e-05,0.016087189316749573,128817,2.505884949366252,0.3388888888888889,0.1361111111111111,0.1375,0.13333333333333333,0.25416666666666665
180,720,0.19468804567218198,-0.35074486364499213,-0.05374658347731276,400,4.524552206753974e-05,0.015488428995013237,129537,2.5204474329948425,0.25,0.1388888888888889,0.17916666666666667,0.1625,0.26944444444444443
181,720,0.19291638445656512,-0.31815852372440745,-0.0021561957873428295,406,4.5379260599373895e-05,0.014829199761152267,130257,2.546435050169627,0.3125,0.16111111111111112,0.1486111111111111,0.1625,0.2152777777777778
182,720,0.19116084535801037,-0.006602067500995804,0.379743941753923,447,4.3845067276985596e-05,0.015747210010886192,130977,2.5621851483980813,0.20972222222222223,0.15138888888888888,0.1736111111111111,0.1736111111111111,0.2916666666666667
183,720,0.18942128166525246,-0.23771443548104162,0.0876675754950833,451,4.6864388932337736e-05,0.01462609227746725,131697,2.576838167508443,0.23333333333333334,0.18888888888888888,0.14722222222222223,0.175,0.25555555555555554
184,720,0.18769754800209867,0.25874710171115556,0.8066911922025304,449,4.3473716597317335e-05,0.014215564355254173,132417,2.5906502485275267,0.3055555555555556,0.14166666666666666,0.14305555555555555,0.17222222222222222,0.2375
185,720,0.18598950031527958,-0.689561889167291,-0.2811207587824742,442,4.167838043637554e-05,0.013914673589169979,133137,2.6046244819959004,0.31805555555555554,0.1375,0.1375,0.13333333333333333,0.27361111111111114
186,720,0.18429699586241055,0.05783554916990162,0.4642388471169321,459,4.495863714611106e-05,0.013408830389380455,133857,2.6188320835431416,0.20833333333333334,0.14444444444444443,0.1763888888888889,0.19583333333333333,0.275
187,720,0.1826198932000626,0.04285892292284357,0.41179073430739144,409,3.9849914868581334e-05,0.01388189010322094,134577,2.633967065811157,0.2513888888888889,0.1875,0.1486111111111111,0.12916666666666668,0.2833333333333333
188,720,0.18095805217194205,0.5115728382624654,1.3095965099565516,465,4.2751841672523166e-05,0.01349184662103653,135297,2.6494518001874288,0.20694444444444443,0.1736111111111111,0.18472222222222223,0.17083333333333334,0.2638888888888889
189,720,0.17931133389717738,-0.04778032860987986,0.29851288023526834,398,4.6270635138828056e-05,0.012752284295856953,136017,2.664434885978699,0.3236111111111111,0.15416666666666667,0.14027777777777778,0.13472222222222222,0.24722222222222223
190,720,0.17767960075871306,-0.1750778384717381,0.19383660817069792,458,4.565307871820955e-05,0.013291995972394943,136737,2.683802914619446,0.2833333333333333,0.14444444444444443,0.1388888888888889,0.18055555555555555,0.25277777777777777
191,720,0.17606271639180876,-0.10933708718085197,0.26764761700111106,402,4.704943509068471e-05,0.014071167446672916,137457,2.7144638021787006,0.35,0.1,0.1375,0.15138888888888888,0.2611111111111111
192,720,0.1744605456726433,-0.20976796092881897,0.04653220775465461,382,4.518271571846021e-05,0.013462832197546959,138177,2.7300382335980733,0.16527777777777777,0.17222222222222222,0.16944444444444445,0.21805555555555556,0.275
193,720,0.17287295470702224,0.013283403133529176,0.36108667051031285,400,4.363951602878539e-05,0.01429759617894888,138897,2.7441497008005777,0.2652777777777778,0.1375,0.18194444444444444,0.1597222222222222,0.25555555555555554
194,720,0.17129981081918835,-0.024285824829230213,0.2913835656972146,422,4.750642060950364e-05,0.013990134000778198,139617,2.760001715024312,0.1625,0.1527777777777778,0.17222222222222222,0.2152777777777778,0.2972222222222222
195,720,0.16974098254073375,-0.21466861260331388,0.06112682653799051,401,4.543131250203361e-05,0.013437677174806595,140337,2.772739815711975,0.2152777777777778,0.16111111111111112,0.21944444444444444,0.18611111111111112,0.21805555555555556
196,720,0.16819633959961308,-0.36039800297544095,-0.08666085301417281,358,4.324557903095815e-05,0.015386195853352547,141057,2.7858057816823325,0.2361111111111111,0.14583333333333334,0.125,0.24444444444444444,0.24861111111111112
197,720,0.16666575290925661,-0.22218604422030272,0.1171870413269307,430,4.31813780829139e-05,0.014271887019276619,141777,2.802963701883952,0.18055555555555555,0.14027777777777778,0.1375,0.20694444444444443,0.3347222222222222
198,720,0.16514909455778237,-0.09383487546592388,0.18728017563274135,391,4.661630102368185e-05,0.013559125363826752,142497,2.8179274678230284,0.2013888888888889,0.2111111111111111,0.19027777777777777,0.15694444444444444,0.24027777777777778
199,720,0.16364623779730655,0.19191290994167304,0.6709843934816637,427,4.821805359445837e-05,0.013729877769947052,143217,2.8324960668881736,0.2,0.15833333333333333,0.16944444444444445,0.12638888888888888,0.3458333333333333
200,720,0.16215705703335107,0.19342134840150396,0.7270613946234923,461,5.200993111631962e-05,0.01430390402674675,143937,2.8492488861083984,0.2625,0.12777777777777777,0.10416666666666667,0.21944444444444444,0.2861111111111111
201,720,0.16068142781434758,-0.12135846838906725,0.1766148348577674,404,4.6599896668592714e-05,0.014528119005262852,144657,2.877821183204651,0.16805555555555557,0.125,0.1736111111111111,0.24861111111111112,0.2847222222222222
202,720,0.15921922682123701,-0.29789912698042387,0.012680598538449273,422,4.462779100120113e-05,0.014402507804334164,145377,2.8922017653783163,0.2791666666666667,0.1527777777777778,0.12777777777777777,0.19305555555555556,0.24722222222222223
203,720,0.15777033185716377,0.03785829849652425,0.4701409763871902,452,4.665391568197366e-05,0.014079973101615906,146097,2.906355098883311,0.2569444444444444,0.1597222222222222,0.1486111111111111,0.19444444444444445,0.24027777777777778
204,720,0.15633462183726357,-0.25790615603394296,0.07960349985764181,450,4.251987387154562e-05,0.014513092115521431,146817,2.920519399642944,0.24722222222222223,0.1763888888888889,0.17222222222222222,0.18333333333333332,0.22083333333333333
205,720,0.15491197677854449,0.09715152567558363,0.5351859682812112,415,4.4251864297469484e-05,0.015372143127024174,147537,2.9353529651959738,0.3680555555555556,0.15694444444444444,0.12083333333333333,0.14027777777777778,0.21388888888888888
206,720,0.15350227778985973,-0.1287600182295111,0.2595316956658811,447,4.5492557951042225e-05,0.015525104478001595,148257,2.951790416240692,0.29305555555555557,0.13194444444444445,0.13194444444444445,0.1625,0.28055555555555556
207,720,0.152105407061972,-0.23550294315723383,0.06768959493051963,396,4.898397637084094e-05,0.014609498903155327,148977,2.9661500334739683,0.29444444444444445,0.12638888888888888,0.17083333333333334,0.19027777777777777,0.21805555555555556
208,720,0.15072124785770807,0.18319268310331424,0.6756358130025799,438,4.69857060617566e-05,0.015454352833330631,149697,2.981996432940165,0.3125,0.1361111111111111,0.12777777777777777,0.18888888888888888,0.23472222222222222
209,720,0.14934968450220293,-0.0545403943580474,0.287187499991878,413,4.5991276397217004e-05,0.014806067571043968,150417,2.996196933587392,0.27361111111111114,0.16805555555555557,0.1125,0.24166666666666667,0.20416666666666666
210,720,0.1479906023732329,-0.27073463541568726,-0.0017331318052058453,389,4.6189029130043004e-05,0.014520231634378433,151137,3.0114976525306703,0.24166666666666667,0.22083333333333333,0.15416666666666667,0.19166666666666668,0.19166666666666668
211,720,0.14664388789163646,-0.252641065069781,0.02158866969544815,390,4.74464198242054e-05,0.014248707331717014,151857,3.038446283340454,0.23055555555555557,0.19444444444444445,0.14722222222222223,0.21805555555555556,0.20972222222222223
212,720,0.14530942851182257,0.22890236940917716,0.7610361711267635,429,4.850945170270885e-05,0.014572919346392155,152577,3.05375638405482,0.2986111111111111,0.12777777777777777,0.15694444444444444,0.13055555555555556,0.2861111111111111
213,720,0.143987112712365,0.5551646038676296,1.53873164479005,450,4.512136428173916e-05,0.01424334291368723,153297,3.0688594977060952,0.3597222222222222,0.125,0.12083333333333333,0.13333333333333333,0.2611111111111111
214,720,0.1426768299866825,0.04949496614688605,0.3972345562520596,392,4.697831398693274e-05,0.014445258304476738,154017,3.0842914978663125,0.21944444444444444,0.1388888888888889,0.17777777777777778,0.17083333333333334,0.29305555555555557
215,720,0.14137847083380367,0.5661586266702013,1.4367340209059347,418,4.486207273354618e-05,0.013911453075706959,154737,3.0990351835886636,0.2513888888888889,0.18888888888888888,0.12916666666666668,0.13055555555555556,0.3
216,720,0.14009192674921606,-0.22188030146452978,0.08612867367005372,412,4.491183964571772e-05,0.01427905447781086,155457,3.113354003429413,0.2916666666666667,0.22916666666666666,0.12083333333333333,0.15,0.20833333333333334
217,720,0.1388170902157982,-0.24362563480997418,0.029810047354628777,383,4.713976589603893e-05,0.015031910501420498,156177,3.128468163808187,0.30972222222222223,0.18888888888888888,0.1527777777777778,0.1763888888888889,0.17222222222222222
218,720,0.13755385469483442,0.6951223934815117,1.856572254079277,443,4.838534712866426e-05,0.01439443789422512,156897,3.1445638140042624,0.28888888888888886,0.14166666666666666,0.11944444444444445,0.16805555555555557,0.28194444444444444
219,720,0.13630211461711142,0.6131245103450964,1.5776406668698968,459,4.9586012277005566e-05,0.015456095337867737,157617,3.162292714913686,0.25,0.15694444444444444,0.1638888888888889,0.19305555555555556,0.2361111111111111
220,720,0.1350617653740957,-0.29735834892953694,-0.015979303310002413,379,4.87116202432642e-05,0.014966487884521484,158337,3.1794756491978964,0.21944444444444444,0.11388888888888889,0.11944444444444445,0.19583333333333333,0.35138888888888886
221,720,0.13383270330919142,0.752733583280103,1.920437936476941,435,4.75724835786827e-05,0.015362190082669258,159057,3.2058595180511475,0.21666666666666667,0.1736111111111111,0.2111111111111111,0.15138888888888888,0.24722222222222223
222,720,0.1326148257090778,-0.079587395249414,0.23727651442877606,402,4.6935856575045266e-05,0.015971940010786057,159777,3.221345297495524,0.2986111111111111,0.1486111111111111,0.125,0.20694444444444443,0.22083333333333333
223,720,0.13140803079512517,-0.24592774653103933,0.035694538619432725,374,4.918702143565194e-05,0.015305145643651485,160497,3.2404075185457866,0.3472222222222222,0.19722222222222222,0.10555555555555556,0.12777777777777777,0.2222222222222222
224,720,0.13021221771488953,-0.2656108804783149,0.052206217686100675,433,4.599715435410366e-05,0.015575898811221123,161217,3.25868634780248,0.2847222222222222,0.18472222222222223,0.11805555555555555,0.175,0.2375
225,720,0.12902728653368403,-0.31315104054988174,0.03598116114617622,429,4.694198398738081e-05,0.01571500673890114,161937,3.2757776180903115,0.375,0.1625,0.10555555555555556,0.10694444444444444,0.25
226,720,0.12785313822622751,-0.1801444042125734,0.10722357243502256,377,4.998967419598759e-05,0.016860583797097206,162657,3.292544917265574,0.28194444444444444,0.14166666666666666,0.14305555555555555,0.15138888888888888,0.28194444444444444
227,720,0.12668967466836883,-0.02144562898896093,0.28409523234580303,381,4.705529418313543e-05,0.016191888600587845,163377,3.3075169841448466,0.2263888888888889,0.15833333333333333,0.15694444444444444,0.20555555555555555,0.25277777777777777
228,720,0.12553679862888667,-0.26496876476970505,-0.013625091366694986,387,4.7945978930228094e-05,0.0157098937779665,164097,3.3252246658007305,0.19305555555555556,0.16666666666666666,0.2152777777777778,0.20833333333333334,0.21666666666666667
229,720,0.1243944137613638,-0.2770248587092185,-0.024470480718759124,366,4.875893566046822e-05,0.015358535572886467,164817,3.3427796999613446,0.2375,0.2152777777777778,0.18194444444444444,0.175,0.19027777777777777
230,720,0.12326242459613539,0.08768078609441135,0.5176768630076394,480,4.8991812977621725e-05,0.015071727335453033,165537,3.3595969835917154,0.20416666666666666,0.19722222222222222,0.1736111111111111,0.19027777777777777,0.23472222222222222
231,720,0.12214073653231056,0.18111621069648753,0.6755076779984563,443,4.756704296621845e-05,0.01449025422334671,166257,3.386799999078115,0.28194444444444444,0.24861111111111112,0.1527777777777778,0.10833333333333334,0.20833333333333334
232,720,0.12102925582986652,0.8347422509995822,2.247034931020583,470,4.482017631567538e-05,0.01423869002610445,166977,3.4009769479433696,0.2625,0.15138888888888888,0.18888888888888888,0.17916666666666667,0.21805555555555556
233,720,0.11992788960181475,0.18862433174729007,0.6415227739806217,411,4.9941016118282275e-05,0.014332945458590984,167697,3.4171025156974792,0.31666666666666665,0.14166666666666666,0.14166666666666666,0.20694444444444443,0.19305555555555556
234,720,0.11883654580643824,0.1530503256994076,0.540412635553738,400,4.931375560141128e-05,0.015269415453076363,168417,3.430561065673828,0.15694444444444444,0.15694444444444444,0.16527777777777777,0.19305555555555556,0.3277777777777778
235,720,0.11775513323959964,-0.13670008199651815,0.11382486678709536,374,4.3430194201240134e-05,0.014323079027235508,169137,3.4462406317392986,0.20972222222222223,0.18888888888888888,0.15694444444444444,0.25277777777777777,0.19166666666666668
236,720,0.11668356152711928,-0.021241519776555536,0.3387796368306899,453,4.262069145650255e-05,0.014373764395713806,169857,3.4603204131126404,0.2388888888888889,0.2569444444444444,0.125,0.16527777777777777,0.21388888888888888
237,720,0.1156217411172225,-0.14040958948011417,0.16310180996764845,410,4.673066187403189e-05,0.014551871456205845,170577,3.474545697371165,0.24305555555555555,0.19166666666666668,0.14583333333333334,0.20416666666666666,0.2152777777777778
238,720,0.11456958327305578,0.34421212882393454,0.9149894793852846,396,4.320922026232034e-05,0.013018447905778885,171297,3.4928956508636473,0.3527777777777778,0.1763888888888889,0.10138888888888889,0.12777777777777777,0.24166666666666667
239,720,0.11352700006527097,0.4316317881477993,1.0941165881601886,444,4.38807405379925e-05,0.013403890654444695,172017,3.508381231625875,0.21388888888888888,0.20416666666666666,0.18888888888888888,0.1625,0.23055555555555557
240,720,0.112493904364677,-0.10269991028704095,0.23837506613158488,432,4.215774138047992e-05,0.01241878792643547,172737,3.5234009345372517,0.23055555555555557,0.22916666666666666,0.11666666666666667,0.18472222222222223,0.2388888888888889
241,720,0.11147020983495844,0.8433302696596706,2.3203834380884034,467,4.249826739624041e-05,0.01277011726051569,173457,3.5490020473798114,0.22083333333333333,0.16666666666666666,0.14027777777777778,0.175,0.2972222222222222
242,720,0.11045583092546031,-0.19761884177414457,0.020845451741362542,346,4.255612134203248e-05,0.01404459960758686,174177,3.5633265654246014,0.16666666666666666,0.24444444444444444,0.18333333333333332,0.22361111111111112,0.18194444444444444
243,720,0.10945068286403863,-0.35282421408333775,-0.0655752821535438,401,4.4261959689922354e-05,0.013687973842024803,174897,3.5772398670514423,0.22777777777777777,0.14583333333333334,0.1388888888888889,0.18333333333333332,0.30416666666666664
244,720,0.10845468164997588,-0.36443605251940453,-0.041787828853164455,430,4.477686293790208e-05,0.014423580840229988,175617,3.5925514181454976,0.28194444444444444,0.16527777777777777,0.14166666666666666,0.175,0.2361111111111111
245,720,0.10746774404696109,-0.06456217227803987,0.25287113784219306,413,4.7953354318350545e-05,0.013599159196019173,176337,3.6054845492045087,0.2361111111111111,0.16944444444444445,0.1638888888888889,0.19722222222222222,0.23333333333333334
246,720,0.10648978757613374,-0.07967065378645126,0.2831645688778279,422,4.581349528507417e-05,0.013379770331084728,177057,3.619883481661479,0.2611111111111111,0.16111111111111112,0.13194444444444445,0.14444444444444443,0.3013888888888889
247,720,0.10552073050919092,0.14760911842831106,0.4500660663989975,368,5.284565644893114e-05,0.014805963262915611,177777,3.634059250354767,0.19027777777777777,0.21666666666666667,0.1527777777777778,0.2652777777777778,0.175
248,720,0.10456049186155728,-0.059839242085884294,0.2228213342304497,364,5.2079776607014435e-05,0.014902247115969658,178497,3.648292601108551,0.25277777777777777,0.1875,0.15,0.15138888888888888,0.25833333333333336
249,720,0.1036089913856171,-0.10826942860846861,0.1909253040353296,399,4.60910323643778e-05,0.014474514871835709,179217,3.6621220827102663,0.25,0.17916666666666667,0.13472222222222222,0.19722222222222222,0.2388888888888889
250,720,0.10266614956400799,-0.11140461098716868,0.13666142253696645,377,4.4278095673335985e-05,0.014404110610485077,179937,3.6768740018208823,0.1527777777777778,0.1875,0.16944444444444445,0.25416666666666665,0.2361111111111111
251,720,0.10173188760297552,-0.1163272321573734,0.15219955009649921,398,4.4067747357227445e-05,0.015402327291667461,180657,3.7027583678563434,0.18055555555555555,0.15833333333333333,0.15833333333333333,0.2638888888888889,0.2388888888888889
252,720,0.10080612742578844,-0.3197947936411216,0.023476541894133396,450,4.1254119738217315e-05,0.014071689918637276,181377,3.717474869887034,0.25972222222222224,0.19583333333333333,0.10138888888888889,0.2,0.24305555555555555
253,720,0.09988879166621377,-0.1727125172178275,0.06480052673902281,345,4.628449122997659e-05,0.014513933099806309,182097,3.732183015346527,0.24722222222222223,0.19722222222222222,0.15,0.18333333333333332,0.2222222222222222
254,720,0.09897980366205122,-0.1799110484784254,0.1321165700119462,426,4.219063679581975e-05,0.013882787898182869,182817,3.7472580830256144,0.25972222222222224,0.18333333333333332,0.1388888888888889,0.2125,0.20555555555555555
255,720,0.09807908744872657,0.6745941271732036,1.698224939984272,438,4.262327983421225e-05,0.014021264389157295,183537,3.762920248508453,0.18055555555555555,0.13194444444444445,0.16944444444444445,0.22916666666666666,0.28888888888888886
256,720,0.09718656775294315,-0.09274802741688994,0.176744788519982,390,4.321457115313226e-05,0.013429030776023865,184257,3.776792752742767,0.1875,0.16527777777777777,0.15833333333333333,0.24861111111111112,0.24027777777777778
257,720,0.09630216998639138,-0.15578253499855657,0.09058850676331942,362,4.332241809000455e-05,0.013220790773630142,184977,3.7926869988441467,0.18055555555555555,0.1736111111111111,0.18333333333333332,0.1986111111111111,0.2638888888888889
258,720,0.09542582023951522,-0.15180808739316598,0.13790848219538776,420,4.063557161215512e-05,0.01346270926296711,185697,3.807458186149597,0.15833333333333333,0.16527777777777777,0.1597222222222222,0.24583333333333332,0.2708333333333333
259,720,0.09455744527533563,0.850758978290934,2.180406371129136,427,4.05433790193557e-05,0.013387019746005535,186417,3.822741115093231,0.16111111111111112,0.19722222222222222,0.13055555555555556,0.15694444444444444,0.3541666666666667
260,720,0.09369697252333008,-0.17257215920229055,0.018344063407567557,315,4.150999258803899e-05,0.013609837740659714,187137,3.837644680341085,0.2902777777777778,0.2791666666666667,0.125,0.20972222222222223,0.09583333333333334
261,720,0.09284433007336777,0.38870953164490407,0.9812134918454911,393,4.8965840202678614e-05,0.01411701925098896,187857,3.8645762324333193,0.28055555555555556,0.1763888888888889,0.09861111111111111,0.15694444444444444,0.2875
262,720,0.09199944666970013,1.0348356240931593,3.1550963796075697,444,4.4928092145508143e-05,0.014419153332710266,188577,3.8784093499183654,0.32083333333333336,0.125,0.13194444444444445,0.12083333333333333,0.3013888888888889
263,720,0.09116225170500586,0.09156674684848186,0.44277269786714535,369,4.4290740549968175e-05,0.01439075730741024,189297,3.8930840492248535,0.2902777777777778,0.175,0.17222222222222222,0.1361111111111111,0.2263888888888889
264,720,0.0903326752144903,-0.332262584305247,-0.09630429458096612,338,4.530670733957878e-05,0.014906052500009537,190017,3.909869734446208,0.2125,0.2125,0.16111111111111112,0.15694444444444444,0.2569444444444444
265,720,0.08951064787003844,0.05288312807822454,0.42387656603594515,413,4.550532946344295e-05,0.014525194652378559,190737,3.927692182858785,0.2375,0.15694444444444444,0.13472222222222222,0.1638888888888889,0.30694444444444446
266,720,0.0886961009744211,-0.09326333126586145,0.18410435320880714,411,4.3427930292081226e-05,0.01454244740307331,191457,3.9426801840464276,0.2013888888888889,0.2013888888888889,0.21944444444444444,0.19444444444444445,0.18333333333333332
267,720,0.08788896645555387,0.24042977173497693,0.7005126624290476,399,4.1965233589912206e-05,0.01428939402103424,192177,3.9576424320538837,0.20694444444444443,0.18611111111111112,0.15138888888888888,0.17777777777777778,0.2777777777777778
268,720,0.08708917686080833,-0.11130710066903153,0.1825733857994123,370,4.490162374900643e-05,0.01409938931465149,192897,3.9698543667793276,0.19722222222222222,0.25416666666666665,0.12777777777777777,0.10972222222222222,0.3111111111111111
269,720,0.08629666535137498,0.25601384198200744,0.7345774550538517,432,4.683460285958871e-05,0.014949615113437176,193617,3.984669117132823,0.1875,0.2791666666666667,0.175,0.13194444444444445,0.2263888888888889
270,720,0.08551136569667747,-0.14395450695375128,0.10909624838430387,375,4.387789020433451e-05,0.015420254319906235,194337,3.9992820819218955,0.19722222222222222,0.22361111111111112,0.17083333333333334,0.16666666666666666,0.24166666666666667
271,720,0.0847332122688377,-0.09795644785042942,0.1454453944438634,351,4.341965331933453e-05,0.015152844600379467,195057,4.027915298938751,0.2375,0.23194444444444445,0.12222222222222222,0.17777777777777778,0.23055555555555557
272,720,0.08396214003719128,-0.0653196896984888,0.3075828894253143,484,4.693602856807249e-05,0.013775410130620003,195777,4.043813200791677,0.24305555555555555,0.23194444444444445,0.13055555555555556,0.17222222222222222,0.2222222222222222
273,720,0.08319808456285284,-0.046488026132273964,0.28918724073288393,411,4.5099469428401386e-05,0.014729822985827923,196497,4.058306030432383,0.25972222222222224,0.2125,0.1486111111111111,0.15833333333333333,0.22083333333333333
274,720,0.08244098199333087,0.05879555149078029,0.44238147766021174,425,4.4564839864354626e-05,0.014345074072480202,197217,4.072275253136953,0.2722222222222222,0.2722222222222222,0.13472222222222222,0.13055555555555556,0.19027777777777777
275,720,0.08169076905719157,0.3057562966957549,0.9275625874044915,462,4.340124030730092e-05,0.014220735058188438,197937,4.085248665014903,0.28194444444444444,0.22361111111111112,0.1361111111111111,0.1,0.25833333333333336
276,720,0.08094738305877112,0.14477554951426075,0.5461617190513091,412,4.10840215926732e-05,0.0147527065128088,198657,4.099424064159393,0.21944444444444444,0.20833333333333334,0.19305555555555556,0.14722222222222223,0.23194444444444445
277,720,0.08021076187293631,0.037927698009012294,0.37016024206212794,392,4.22990407476694e-05,0.014843495562672615,199377,4.115600717067719,0.2763888888888889,0.1875,0.125,0.15555555555555556,0.25555555555555554
278,720,0.07948084393989259,0.7419044678723246,1.8331933504165554,392,4.272543129799386e-05,0.013931360095739365,200097,4.130784134070079,0.24444444444444444,0.18333333333333332,0.14722222222222223,0.18194444444444444,0.24305555555555555
279,720,0.07875756826003957,-0.11977867526125097,0.22595646211059872,407,4.3417584052147304e-05,0.014426610432565212,200817,4.144127547740936,0.3013888888888889,0.18611111111111112,0.14305555555555555,0.09027777777777778,0.2791666666666667
280,720,0.07804087438887321,0.7416154729802013,1.8802165231760308,431,4.327536165015368e-05,0.0148467430844903,201537,4.156815652052561,0.2263888888888889,0.18611111111111112,0.16111111111111112,0.12638888888888888,0.3
281,720,0.07733070243193446,-0.14536946809903017,0.14669114732537913,403,4.409423363161598e-05,0.01484979223459959,202257,4.183052698771159,0.24444444444444444,0.16111111111111112,0.1597222222222222,0.15694444444444444,0.2777777777777778
282,720,0.07662699303980386,-0.268030396535125,0.0507136536749353,426,4.707075753711049e-05,0.014593083411455154,202977,4.197710251808166,0.25833333333333336,0.23333333333333334,0.15138888888888888,0.125,0.23194444444444445
283,720,0.07592968740314164,-0.05787291994237407,0.2227801529224971,390,4.6562661416121246e-05,0.01519764680415392,203697,4.21269668340683,0.24722222222222223,0.19722222222222222,0.15555555555555556,0.17222222222222222,0.22777777777777777
284,720,0.07523872724777306,-0.17928093823582417,0.1010002246300421,391,4.587359497602645e-05,0.014427498914301395,204417,4.2277173360188804,0.2972222222222222,0.24166666666666667,0.15694444444444444,0.10416666666666667,0.2
285,720,0.07455405482981832,0.003619606120376169,0.3486709231232883,415,4.717042024569511e-05,0.014562084339559078,205137,4.24304982026418,0.2361111111111111,0.21388888888888888,0.1638888888888889,0.1527777777777778,0.23333333333333334
286,720,0.07387561293086697,-0.027176891034490627,0.2812332734684966,397,4.783113360215591e-05,0.015368888154625893,205857,4.257313966751099,0.21805555555555556,0.20833333333333334,0.2013888888888889,0.17083333333333334,0.2013888888888889
287,720,0.07320334485319609,0.9814647424724595,2.7629933427364346,383,5.370034662064427e-05,0.016793757677078247,206577,4.270158751805623,0.3236111111111111,0.13194444444444445,0.0763888888888889,0.125,0.34305555555555556
288,720,0.07253719441503201,-0.08946557550289057,0.1457213337967489,339,5.006740913510536e-05,0.01614023745059967,207297,4.286118165651957,0.15833333333333333,0.19583333333333333,0.19444444444444445,0.15833333333333333,0.29305555555555557
289,720,0.07187710594585521,-0.05133131573724226,0.2829584297148062,415,4.5784575297602716e-05,0.015438035130500793,208017,4.301484449704488,0.23333333333333334,0.23194444444444445,0.1875,0.12777777777777777,0.21944444444444444
290,720,0.07122302428174793,1.1145345113658094,3.208197931850048,413,5.14200219274446e-05,0.016297344118356705,208737,4.31802171866099,0.23194444444444445,0.18611111111111112,0.14722222222222223,0.12777777777777777,0.30694444444444446
291,720,0.07057489476078402,-0.11191753581800239,0.21177044050293148,400,4.858111547668563e-05,0.016361458227038383,209457,4.342506563663482,0.2611111111111111,0.1625,0.14305555555555555,0.13194444444444445,0.3013888888888889
292,720,0.06993266321846088,-0.03042023398260747,0.32323535734245934,389,4.8591075271057585e-05,0.01654668338596821,210177,4.356766299406687,0.24166666666666667,0.24444444444444444,0.13194444444444445,0.1111111111111111,0.2708333333333333
293,720,0.06929627598317288,0.00018039070949421755,0.31874482057636655,385,4.9372516579953504e-05,0.01560916192829609,210897,4.3712090690930685,0.21944444444444444,0.24861111111111112,0.11388888888888889,0.11944444444444445,0.2986111111111111
294,720,0.068665679871726,-0.0018122664077299747,0.2926414152386394,379,4.6586150723568504e-05,0.014584721997380257,211617,4.386650546391805,0.3138888888888889,0.20416666666666666,0.14305555555555555,0.1486111111111111,0.19027777777777777
295,720,0.0680408221848933,0.10024126493037365,0.535323740907679,441,4.3601356406321026e-05,0.01513209193944931,212337,4.402193665504456,0.24444444444444444,0.18611111111111112,0.15,0.17222222222222222,0.24722222222222223
296,720,0.06742165070301076,-0.20902611257995535,0.058098984745142745,356,4.69122427021931e-05,0.014973044395446777,213057,4.420340899626414,0.31527777777777777,0.15,0.16666666666666666,0.12083333333333333,0.24722222222222223
297,720,0.06680811368161337,-0.0013565405547315548,0.3203455193712088,393,4.173626545656993e-05,0.014669076539576054,213777,4.435773432254791,0.25833333333333336,0.21944444444444444,0.13333333333333333,0.1597222222222222,0.22916666666666666
298,720,0.06620015984711068,-0.24900570741486056,0.026335090736575584,378,4.5024827474864854e-05,0.01451626792550087,214497,4.450305314858754,0.2763888888888889,0.2638888888888889,0.1125,0.10555555555555556,0.24166666666666667
299,720,0.06559773839250198,0.10854752565332645,0.528898475792795,426,4.426017477878001e-05,0.015008505433797836,215217,4.464773869514465,0.25277777777777777,0.18055555555555555,0.14722222222222223,0.13055555555555556,0.28888888888888886
300,720,0.06500079897313021,0.689296279236847,1.7816555700395384,427,4.391307564775262e-05,0.01467159390449524,215937,4.4823184649149574,0.2513888888888889,0.20833333333333334,0.12222222222222222,0.14444444444444443,0.27361111111111114
301,720,0.06440929170247472,1.080811217952687,3.3180815499138436,447,4.522494951465382e-05,0.014545687474310398,216657,4.509680883089701,0.3736111111111111,0.16944444444444445,0.09305555555555556,0.11527777777777778,0.24861111111111112
302,720,0.06382316714798221,0.20968881310646806,0.6865563934331358,405,4.4368948094112665e-05,0.014830163680016994,217377,4.524525650342306,0.28888888888888886,0.22777777777777777,0.10694444444444444,0.125,0.2513888888888889
303,720,0.06324237632693558,0.2230110361912859,0.7194612864110568,438,4.4382413331176295e-05,0.014018342830240726,218097,4.539800814787546,0.26805555555555555,0.21944444444444444,0.15,0.12777777777777777,0.23472222222222222
304,720,0.06266687070236046,0.1635743503043344,0.6546249226504821,453,4.370226901831605e-05,0.014415070414543152,218817,4.553534150123596,0.2125,0.18888888888888888,0.16666666666666666,0.14027777777777778,0.2916666666666667
305,720,0.06209660217896898,-0.049683540790479847,0.2527190879631329,399,4.373145426623321e-05,0.013751593418419361,219537,4.567303649584452,0.2388888888888889,0.1763888888888889,0.1625,0.20833333333333334,0.21388888888888888
306,720,0.06153152309914036,0.3844088935410736,0.9020055717609607,377,4.37170084738783e-05,0.014284961856901646,220257,4.582496798038482,0.20972222222222223,0.2125,0.19166666666666668,0.19027777777777777,0.19583333333333333
307,720,0.06097158623893818,-0.19548684095815358,0.11908698292832964,443,4.576425433242548e-05,0.014165815897285938,220977,4.599002198378245,0.2111111111111111,0.22083333333333333,0.20277777777777778,0.12638888888888888,0.2388888888888889
308,720,0.06041674480416385,-0.10859971600335859,0.18341021602409624,388,4.4033624682368906e-05,0.014609724283218384,221697,4.614726201693217,0.22361111111111112,0.14305555555555555,0.2125,0.16944444444444445,0.2513888888888889
309,720,0.059866952426445956,-0.23436025009936462,-0.03208426885699278,298,4.816123258074691e-05,0.01533706858754158,222417,4.630624063809713,0.14305555555555555,0.2833333333333333,0.16805555555555557,0.08611111111111111,0.3194444444444444
310,720,0.059322163159365296,-0.05163839892992402,0.2577967774485923,402,4.438570394616666e-05,0.015161659568548203,223137,4.64509516954422,0.25277777777777777,0.1875,0.15694444444444444,0.14027777777777778,0.2625
311,720,0.05878233147461507,-0.3120505740200194,-0.013705782657807308,411,4.1448597428623344e-05,0.01406728196889162,223857,4.671696448326111,0.2569444444444444,0.19722222222222222,0.1597222222222222,0.12638888888888888,0.25972222222222224
312,720,0.058247412258196074,-0.04130644124465319,0.2607333289364253,401,4.47237070855206e-05,0.014000201597809792,224577,4.686443384488424,0.2388888888888889,0.2708333333333333,0.14722222222222223,0.16527777777777777,0.17777777777777778
313,720,0.05771736080664649,-0.06692854905656272,0.21236312510189492,377,4.5262657877426846e-05,0.014175064861774445,225297,4.701858834425608,0.24583333333333332,0.24722222222222223,0.18333333333333332,0.11666666666666667,0.20694444444444443
314,720,0.057192132823306006,-0.05639929151469593,0.20093534637065225,371,4.4512984879929717e-05,0.014417313039302826,226017,4.717610732714335,0.17083333333333334,0.25416666666666665,0.20833333333333334,0.1763888888888889,0.19027777777777777
315,720,0.05667168441461392,-0.12493013000085831,0.152369053601914,390,4.213237221190664e-05,0.014415889978408813,226737,4.731077833970388,0.20694444444444443,0.2,0.225,0.1638888888888889,0.20416666666666666
316,720,0.056155972086440936,0.06631948544134206,0.5194060249713612,470,4.383167543488121e-05,0.014529561623930931,227457,4.7451274514198305,0.24583333333333332,0.2222222222222222,0.15416666666666667,0.1375,0.24027777777777778
317,720,0.05564495274045432,0.0775943337714346,0.522866377626469,442,4.5007375986945894e-05,0.013629605062305927,228177,4.7602100491523744,0.3458333333333333,0.17777777777777778,0.11388888888888889,0.11944444444444445,0.24305555555555555
318,720,0.05513858367051619,0.2872961250179332,0.7803253437999382,400,4.5499426518189364e-05,0.014517401345074177,228897,4.775165967146555,0.2361111111111111,0.24305555555555555,0.16805555555555557,0.125,0.22777777777777777
319,720,0.05463682255911449,-0.276873358547006,-0.0252978662897253,372,4.996718734117975e-05,0.014601342380046844,229617,4.789248919486999,0.15,0.24583333333333332,0.22361111111111112,0.17777777777777778,0.20277777777777778
320,720,0.05413962747382655,1.0509705485299183,3.106087171030942,459,4.431826116615412e-05,0.01434771902859211,230337,4.805971018473307,0.2611111111111111,0.17916666666666667,0.16944444444444445,0.1625,0.22777777777777777
321,720,0.05364695686381473,-0.3093729616300591,-0.08823496724907043,341,4.483278712415186e-05,0.013720408082008362,231057,4.8359541972478235,0.21388888888888888,0.18194444444444444,0.15833333333333333,0.20972222222222223,0.2361111111111111
322,720,0.05315876955635402,0.18491725675945006,0.5831511455025506,409,4.316019605615414e-05,0.014232995919883251,231777,4.852474999427796,0.24166666666666667,0.20694444444444443,0.1638888888888889,0.1763888888888889,0.2111111111111111
323,720,0.0526750247533912,0.07046177423359282,0.43112632518193883,410,4.5295668965334495e-05,0.013912028633058071,232497,4.867482499281565,0.21805555555555556,0.20972222222222223,0.18055555555555555,0.15416666666666667,0.2375
324,720,0.052195682028135335,-0.14480126474079635,0.0924782455608153,339,4.5761955007290254e-05,0.014037715271115303,233217,4.883101749420166,0.33055555555555555,0.15138888888888888,0.19027777777777777,0.14305555555555555,0.18472222222222223
325,720,0.0517207013216793,-0.1508876085915863,0.09868322153291254,398,4.5202139709646065e-05,0.013717698864638805,233937,4.898652601242065,0.1763888888888889,0.27361111111111114,0.20416666666666666,0.18472222222222223,0.16111111111111112
326,720,0.05125004293965202,0.898878571830304,2.364833802492988,429,4.464025419489796e-05,0.014015886932611465,234657,4.914576947689056,0.1986111111111111,0.2708333333333333,0.13472222222222222,0.11388888888888889,0.28194444444444444
327,720,0.050783667548901186,0.03749059406678747,0.3566122427420617,379,4.377439603962962e-05,0.014637132175266743,235377,4.929367836316427,0.20416666666666666,0.24166666666666667,0.15833333333333333,0.11527777777777778,0.28055555555555556
328,720,0.050321536174206184,0.2386040915398341,0.719621298925273,430,4.2540483732662124e-05,0.014273288659751415,236097,4.944738467534383,0.25416666666666665,0.19444444444444445,0.14583333333333334,0.14305555555555555,0.2625
329,720,0.049863610195020905,0.010292971095364327,0.321864144599354,362,4.495456889672924e-05,0.014670457690954208,236817,4.960796515146892,0.34444444444444444,0.19027777777777777,0.15416666666666667,0.10972222222222222,0.2013888888888889
330,720,0.049409851342246215,-0.07544626532003365,0.30676384648661714,438,4.5433936874259314e-05,0.014546850696206093,237537,4.976055483023326,0.31805555555555554,0.19166666666666668,0.16805555555555557,0.10138888888888889,0.22083333333333333
331,720,0.04896022169503177,0.3739120344648873,1.0201303407695335,437,4.6339510985641635e-05,0.013888824731111526,238257,5.0024815678596495,0.2833333333333333,0.2569444444444444,0.12777777777777777,0.11944444444444445,0.2125
332,720,0.04851468367760699,-0.15190693477988806,0.05743172289975784,351,4.3947861792680164e-05,0.014311350882053375,238977,5.017535932858785,0.18611111111111112,0.2013888888888889,0.30416666666666664,0.17222222222222222,0.1361111111111111
333,720,0.04807320005614076,0.27628669567635394,0.7776400955945004,409,4.945344035655176e-05,0.014546282589435577,239697,5.032946534951528,0.25,0.18888888888888888,0.18888888888888888,0.15,0.2222222222222222
334,720,0.04763573393562988,-0.17401147515047966,0.08571474889372266,357,4.524995700876389e-05,0.014504518359899521,240417,5.0473618348439535,0.2861111111111111,0.24305555555555555,0.22916666666666666,0.10833333333333334,0.13333333333333333
335,720,0.04720224875681565,0.14398725071590573,0.5935866821296298,437,4.8519926171290235e-05,0.015239381231367588,241137,5.062377333641052,0.2791666666666667,0.1736111111111111,0.1375,0.15694444444444444,0.25277777777777777
336,720,0.04677270829312862,0.5484696831693581,1.3725603373981738,402,4.44799422931889e-05,0.013521408662199974,241857,5.0776627858479815,0.32222222222222224,0.1763888888888889,0.13194444444444445,0.15555555555555556,0.21388888888888888
337,720,0.046347076647661155,-0.03716964530158617,0.24804753067456065,377,4.953910348351403e-05,0.013664563186466694,242577,5.093214619159698,0.1986111111111111,0.19027777777777777,0.23055555555555557,0.14305555555555555,0.2375
338,720,0.045925318250167435,0.01474454460321969,0.29206865772590507,385,4.875619793109662e-05,0.013436933979392052,243297,5.109501250584921,0.17916666666666667,0.2611111111111111,0.22916666666666666,0.1375,0.19305555555555556
339,720,0.045507397854090914,0.37000532307879513,1.0441975636542948,444,4.214735493203787e-05,0.01339053176343441,244017,5.121344168980916,0.2763888888888889,0.1638888888888889,0.15138888888888888,0.14305555555555555,0.2652777777777778
340,720,0.04509328053361869,0.04400996220186061,0.3586750028044694,400,4.376770345086495e-05,0.013382187113165855,244737,5.136593234539032,0.30694444444444446,0.1986111111111111,0.20416666666666666,0.13472222222222222,0.15555555555555556
341,720,0.04468293168076276,0.010415029862352078,0.3742594852487702,401,4.610659689837525e-05,0.014222954399883747,245457,5.163548119862875,0.3486111111111111,0.18333333333333332,0.13194444444444445,0.11944444444444445,0.21666666666666667
342,720,0.04427631700246782,0.6734665998434554,1.6663662751382944,404,4.9939054449371014e-05,0.01447188202291727,246177,5.178789718945821,0.26944444444444443,0.1361111111111111,0.17222222222222222,0.13472222222222222,0.2875
343,720,0.043873402517745366,0.5167016862001513,1.372517638887063,463,4.899152996308152e-05,0.014728875830769539,246897,5.193336284160614,0.2611111111111111,0.22083333333333333,0.12638888888888888,0.14305555555555555,0.24861111111111112
344,720,0.04347415455483388,-0.1798996382423156,0.04717950245874225,331,5.5398328119180305e-05,0.015613727271556854,247617,5.208634634812673,0.36666666666666664,0.23055555555555557,0.16111111111111112,0.09583333333333334,0.14583333333333334
345,720,0.043078539748384895,0.9891330686938458,2.752352845477201,439,4.9996983470161165e-05,0.014898072928190231,248337,5.222029467423757,0.2791666666666667,0.14166666666666666,0.16111111111111112,0.1638888888888889,0.25416666666666665
346,720,0.04268652503667459,0.2094953732486364,0.5880317768707561,379,4.6510343615106346e-05,0.014752309769392014,249057,5.235859350363413,0.2263888888888889,0.2388888888888889,0.22083333333333333,0.12777777777777777,0.18611111111111112
347,720,0.04229807765884085,0.9998244741084563,2.718515294025753,434,4.7874663285559414e-05,0.01439497247338295,249777,5.25032129685084,0.3402777777777778,0.18055555555555555,0.15694444444444444,0.1763888888888889,0.14583333333333334
348,720,0.0419131651521454,0.029600059061207017,0.4086052903340791,435,5.025652135878368e-05,0.014229531399905682,250497,5.2669268647829695,0.24583333333333332,0.18611111111111112,0.17777777777777778,0.15416666666666667,0.2361111111111111
349,720,0.04153175534926088,0.7541321289478623,1.9568725207931883,433,5.250860529536618e-05,0.014641139656305313,251217,5.281606801350912,0.3194444444444444,0.16805555555555557,0.1361111111111111,0.15833333333333333,0.21805555555555556
350,720,0.04115381637558261,0.08740120654176105,0.45157795063198347,383,5.1051580144050803e-05,0.0146175567060709,251937,5.296190567811331,0.2611111111111111,0.16805555555555557,0.19027777777777777,0.14027777777777778,0.24027777777777778
351,720,0.040779316646564805,-0.1290245956719776,0.08109606805881175,310,4.8985939901689965e-05,0.014347055926918983,252657,5.328880449136098,0.2611111111111111,0.2638888888888889,0.14583333333333334,0.16111111111111112,0.16805555555555557
352,720,0.04040822486508106,0.47899203443347427,1.2039297886051155,417,5.22191402119966e-05,0.015746138989925385,253377,5.345614151159922,0.4013888888888889,0.17222222222222222,0.1388888888888889,0.11666666666666667,0.17083333333333334
353,720,0.040040510018808824,-0.3767456359355033,-0.1431527685294821,331,5.437159610437448e-05,0.014969000592827797,254097,5.363929601510366,0.25555555555555554,0.2763888888888889,0.17083333333333334,0.14027777777777778,0.15694444444444444
354,720,0.03967614137763766,0.33341745844298865,0.9134682984649567,424,5.0002071832801046e-05,0.014847146347165108,254817,5.380053615570068,0.2708333333333333,0.20416666666666666,0.13472222222222222,0.18194444444444444,0.20833333333333334
355,720,0.03931508849110116,-0.04969213779848761,0.18744965733102625,340,5.040921723270407e-05,0.014530949294567108,255537,5.395196032524109,0.19444444444444445,0.2875,0.19583333333333333,0.12361111111111112,0.1986111111111111
356,720,0.03895732118583214,0.018875095209652755,0.31702459184428244,380,4.7041800178249106e-05,0.014792948961257935,256257,5.409538984298706,0.24722222222222223,0.25277777777777777,0.17777777777777778,0.11805555555555555,0.20416666666666666
357,720,0.03860280956304107,0.05900075975088885,0.4630170260730475,444,5.2438779967663625e-05,0.014750258065760136,256977,5.426445317268372,0.25972222222222224,0.24166666666666667,0.1486111111111111,0.12916666666666668,0.22083333333333333
358,720,0.038251523996017396,1.146782136050421,3.3028695444581766,403,4.7442052556966196e-05,0.013919390738010406,257697,5.443305480480194,0.30277777777777776,0.24027777777777778,0.1,0.12638888888888888,0.23055555555555557
359,720,0.03790343512765364,-0.11147462839658043,0.15318233867118014,383,4.766671400804828e-05,0.01368832215666771,258417,5.457469900449117,0.32222222222222224,0.24722222222222223,0.14444444444444443,0.12222222222222222,0.1638888888888889
360,720,0.037558513867991986,0.05785852751450837,0.39216282564068927,370,5.030715101762932e-05,0.015179984271526337,259137,5.474708898862203,0.2847222222222222,0.24722222222222223,0.1638888888888889,0.09166666666666666,0.2125
361,720,0.03721673139179326,0.2463577674911949,0.7029427219387823,398,4.774528957669746e-05,0.014780229888856411,259857,5.503401033083597,0.30416666666666664,0.22361111111111112,0.175,0.1527777777777778,0.14444444444444443
362,720,0.03687805913612794,-0.04486212751615275,0.21730314191674482,357,5.084968099203656e-05,0.015017044730484486,260577,5.5174282670021055,0.24444444444444444,0.21944444444444444,0.18611111111111112,0.12638888888888888,0.22361111111111112
363,720,0.036542468797989176,0.7594314607603305,1.9979582114088594,459,4.847535640616722e-05,0.014442162588238716,261297,5.533228834470113,0.2722222222222222,0.19583333333333333,0.15555555555555556,0.13194444444444445,0.24444444444444444
364,720,0.03620993233192747,0.3087096316039237,0.8921422099075067,445,4.489902979937849e-05,0.014890041202306747,262017,5.547045552730561,0.2152777777777778,0.20694444444444443,0.1375,0.10833333333333334,0.33194444444444443
365,720,0.03588042194770693,-0.24651251881041178,-0.007732468267510395,372,4.7632638956606064e-05,0.014590850099921227,262737,5.56308026711146,0.18888888888888888,0.20833333333333334,0.26944444444444443,0.11805555555555555,0.2152777777777778
366,720,0.0355539101079828,0.23215626345104454,0.6564160518555715,413,4.791748218495842e-05,0.01468293834477663,263457,5.577954832712809,0.22083333333333333,0.3375,0.14722222222222223,0.09861111111111111,0.19583333333333333
367,720,0.03523036952600015,-0.28357126085110246,-0.06487143909476323,309,4.855237580032836e-05,0.015077813528478146,264177,5.592632814248403,0.2375,0.1111111111111111,0.16944444444444445,0.1361111111111111,0.3458333333333333
368,720,0.03490977316331355,0.04120867279841535,0.3684909998153971,394,4.780881974839859e-05,0.014154575765132904,264897,5.6107677817344666,0.20416666666666666,0.24444444444444444,0.18194444444444444,0.13194444444444445,0.2375
369,720,0.0345920942275274,-0.08375558448955917,0.176147674927275,346,4.8993000979812175e-05,0.015024734660983086,265617,5.62759591738383,0.2569444444444444,0.18611111111111112,0.21388888888888888,0.0875,0.25555555555555554
370,720,0.0342773061700569,-0.42217981424159173,-0.10723314626895575,432,4.916011717139352e-05,0.014691589400172234,266337,5.641589617729187,0.2833333333333333,0.25,0.16805555555555557,0.12083333333333333,0.17777777777777778
371,720,0.03396538268390938,0.05234498316616479,0.44606342212601024,409,4.938004016265849e-05,0.014863776043057442,267057,5.668438633282979,0.275,0.20972222222222223,0.16111111111111112,0.10138888888888889,0.25277777777777777
372,720,0.03365629770148581,0.5218192388760364,1.333383217007162,444,4.943398443452275e-05,0.014979586005210876,267777,5.683689483006796,0.2708333333333333,0.2611111111111111,0.1361111111111111,0.11666666666666667,0.2152777777777778
373,720,0.03335002539240229,-0.03468076032873078,0.3041731516164685,424,4.929513515511038e-05,0.01524859108030796,268497,5.698167518774668,0.2638888888888889,0.22777777777777777,0.12638888888888888,0.14722222222222223,0.23472222222222222
374,720,0.03304654016133143,0.40022748679253783,1.054900620228199,424,4.8557675984284285e-05,0.015814105048775673,269217,5.711921819051107,0.2652777777777778,0.18888888888888888,0.1638888888888889,0.1375,0.24444444444444444
375,720,0.03274581664586331,0.004028003968967461,0.2719205521541399,354,5.0879837913776604e-05,0.01599370315670967,269937,5.7271169145902,0.20972222222222223,0.2125,0.18611111111111112,0.10416666666666667,0.2875
376,720,0.03244782971438596,0.06958436584361889,0.4496677117262782,404,4.946897038912034e-05,0.014962827786803246,270657,5.743085964520772,0.3194444444444444,0.16111111111111112,0.18611111111111112,0.14166666666666666,0.19166666666666668
377,720,0.032152554463985045,0.14884958194857598,0.5610358103990025,419,4.8145954524948646e-05,0.015221865847706795,271377,5.757842250665029,0.24722222222222223,0.22083333333333333,0.20694444444444443,0.08472222222222223,0.24027777777777778
378,720,0.03185996621836278,-0.04768257159913185,0.21023847673597307,375,5.1394337368846106e-05,0.01570851169526577,272097,5.773377470175425,0.22777777777777777,0.18333333333333332,0.2222222222222222,0.17083333333333334,0.19583333333333333
379,720,0.03157004052577568,0.007189468732841781,0.2958793101803354,384,4.545234865215914e-05,0.014960509724915028,272817,5.789021551609039,0.17222222222222222,0.22916666666666666,0.24722222222222223,0.12777777777777777,0.22361111111111112
380,720,0.031282753156991125,-0.018499705355279866,0.23862301974713174,363,4.799786743711189e-05,0.01574769616127014,273537,5.805543633302053,0.18888888888888888,0.24722222222222223,0.2125,0.13333333333333333,0.21805555555555556
381,720,0.030998080103262507,0.30233966563920905,0.8452036773722733,427,4.6929505859023063e-05,0.015106379054486752,274257,5.832723665237427,0.2513888888888889,0.15833333333333333,0.21666666666666667,0.13055555555555556,0.24305555555555555
382,720,0.030715997574322817,0.9883240200282415,2.68704019138104,447,4.681037265123046e-05,0.014421493746340275,274977,5.846848650773366,0.2763888888888889,0.25555555555555554,0.1597222222222222,0.11388888888888889,0.19444444444444445
383,720,0.03043648199639648,-0.0880517610092633,0.19148239146881907,380,4.899287639040671e-05,0.014156457036733627,275697,5.861052513122559,0.18611111111111112,0.30694444444444446,0.19166666666666668,0.08611111111111111,0.22916666666666666
384,720,0.030159510010229273,0.337651238147018,0.9091368676132954,431,5.1522032077223736e-05,0.014161735773086548,276417,5.876893186569214,0.28055555555555556,0.2375,0.1625,0.10833333333333334,0.2111111111111111
385,720,0.029885058469136187,0.24942096901354938,0.6597566064761062,411,4.6293569855353984e-05,0.014736637473106384,277137,5.892997920513153,0.15833333333333333,0.24166666666666667,0.2569444444444444,0.14027777777777778,0.20277777777777778
386,720,0.029613104437067047,0.3219153668457662,0.8467278934619544,429,4.278760177132628e-05,0.015300678089261055,277857,5.907139567534129,0.225,0.25277777777777777,0.19027777777777777,0.10138888888888889,0.23055555555555557
387,720,0.029343625186689738,0.2956579236141692,0.8939373642781572,474,4.873365352548515e-05,0.014488744549453259,278577,5.922229766845703,0.21666666666666667,0.24305555555555555,0.18055555555555555,0.1375,0.2222222222222222
388,720,0.029076598197490863,0.05052172492082037,0.344163282827723,369,4.757502983794539e-05,0.014633798971772194,279297,5.93929880062739,0.19444444444444445,0.30694444444444446,0.20555555555555555,0.09027777777777778,0.20277777777777778
389,720,0.028812001153893697,0.5387259636662954,1.376730880095943,439,4.798280679728527e-05,0.015196491032838821,280017,5.957079116503397,0.2986111111111111,0.1875,0.15416666666666667,0.10972222222222222,0.25
390,720,0.028549811943393264,0.1491362494594263,0.4935207460320883,415,4.7840148430269536e-05,0.015360195189714432,280737,5.972611796855927,0.19305555555555556,0.25972222222222224,0.25972222222222224,0.15138888888888888,0.1361111111111111
391,720,0.028290008654708387,1.7061200882496583,6.841029098011827,442,5.215539394182795e-05,0.01583036407828331,281457,5.99933811823527,0.3597222222222222,0.18472222222222223,0.11805555555555555,0.1111111111111111,0.2263888888888889
392,720,0.02803256957595054,-0.03058275676636661,0.18550310211413445,311,4.9205889302407336e-05,0.015625862404704094,282177,6.014645385742187,0.20555555555555555,0.25,0.20416666666666666,0.18194444444444444,0.15833333333333333
393,720,0.02777747319280939,-0.18905040985879595,0.013793859518261842,315,4.8173340155699405e-05,0.015077544376254082,282897,6.030894800027212,0.225,0.225,0.25972222222222224,0.08611111111111111,0.20416666666666666
394,720,0.027524698186754824,-0.30132464135838793,0.0011760496462795977,425,4.727169738316661e-05,0.015367291867733002,283617,6.0488409837087,0.29444444444444445,0.23055555555555557,0.18055555555555555,0.10277777777777777,0.19166666666666668
395,720,0.027274223433255355,0.30544923886336484,0.7922095406145999,401,4.708151286776127e-05,0.015669262036681175,284337,6.063324217001597,0.30972222222222223,0.21944444444444444,0.15694444444444444,0.12916666666666668,0.18472222222222223
396,720,0.027026028000012733,0.012190862730410772,0.24475766294140722,346,4.525005660348648e-05,0.015072130598127842,285057,6.078344937165578,0.14027777777777778,0.22361111111111112,0.23055555555555557,0.22777777777777777,0.17777777777777778
397,720,0.02678009114521262,0.33796613162312356,0.9274851682679528,456,4.5340768717020787e-05,0.014547422528266907,285777,6.094918052355449,0.20277777777777778,0.2652777777777778,0.15694444444444444,0.11805555555555555,0.2569444444444444
398,720,0.026536392315791184,0.3995938000361996,1.0525723266366298,439,4.912487904170525e-05,0.014874347485601902,286497,6.109750131766002,0.22777777777777777,0.29305555555555557,0.14027777777777778,0.09305555555555556,0.24583333333333332
399,720,0.026294911145717484,0.3861955252539151,0.9477902507184979,440,4.896821385753153e-05,0.015482060611248016,287217,6.12393231789271,0.19583333333333333,0.2708333333333333,0.19583333333333333,0.13333333333333333,0.20416666666666666
400,720,0.026055627454291456,-0.19556017170867307,0.13819062252770253,465,4.6366738586635214e-05,0.015097292140126228,287937,6.141068983078003,0.21944444444444444,0.2652777777777778,0.18194444444444444,0.12638888888888888,0.20694444444444443
401,720,0.025818521244457403,-0.019264766403027517,0.2345854350397205,384,4.5010407153414334e-05,0.014563950709998608,288657,6.166478383541107,0.21944444444444444,0.23194444444444445,0.19166666666666668,0.16111111111111112,0.19583333333333333
402,720,0.02558357270113284,-0.03849080072572148,0.2617620536007994,396,4.611253455348358e-05,0.014665546827018261,289377,6.180645231405894,0.2625,0.32222222222222224,0.15555555555555556,0.09027777777777778,0.16944444444444445
403,720,0.025350762189552532,0.17203075526116646,0.5636623893920674,403,4.3539217556877296e-05,0.014071943238377571,290097,6.195145118236542,0.2222222222222222,0.24722222222222223,0.1638888888888889,0.13472222222222222,0.23194444444444445
404,720,0.025120070253627603,0.03301236436035697,0.3284493560778059,414,4.3518545944860106e-05,0.01424515713006258,290817,6.21194228331248,0.16805555555555557,0.3375,0.19166666666666668,0.13055555555555556,0.17222222222222222
405,720,0.02489147761431959,0.09312179556949081,0.42101555499702203,378,4.339199380183345e-05,0.013964814133942127,291537,6.227101929982504,0.3013888888888889,0.22777777777777777,0.14444444444444443,0.10138888888888889,0.225
406,720,0.024664965168029282,0.12693520288740878,0.5082276245965147,425,4.3053530142363645e-05,0.013692140579223633,292257,6.24310630162557,0.2388888888888889,0.26944444444444443,0.14583333333333334,0.125,0.22083333333333333
407,720,0.024440513985000214,0.10226863406490082,0.45756703899534235,380,4.4466118360257194e-05,0.014892563223838806,292977,6.2586865345637,0.26666666666666666,0.2513888888888889,0.1638888888888889,0.09166666666666666,0.2263888888888889
408,720,0.02421810530773671,0.25342405700073695,0.6610070200147071,385,4.518017277885317e-05,0.0146330576390028,293697,6.274090381463369,0.21666666666666667,0.22916666666666666,0.18333333333333332,0.12916666666666668,0.24166666666666667
409,720,0.023997720549436306,-0.02560948916860893,0.296139862666452,417,4.3305975181182374e-05,0.014552582055330276,294417,6.290482215086619,0.25,0.20416666666666666,0.20277777777777778,0.12083333333333333,0.2222222222222222
410,720,0.023779341292436435,0.04353113332921637,0.31098810737991656,374,4.3726992882713805e-05,0.014086391776800156,295137,6.306226050853729,0.1597222222222222,0.26944444444444443,0.20694444444444443,0.15416666666666667,0.20972222222222223
411,720,0.023562949286675263,0.18229493353379492,0.6850494887208853,458,4.3132591396341823e-05,0.013612538576126099,295857,6.332781084378561,0.19166666666666668,0.21805555555555556,0.20694444444444443,0.09583333333333334,0.2875
412,720,0.02334852644816652,0.014393803913112542,0.3029667814422805,383,4.2988005097615515e-05,0.013730024918913841,296577,6.347791433334351,0.20555555555555555,0.2902777777777778,0.19305555555555556,0.10277777777777777,0.20833333333333334
413,720,0.023136054857488205,0.4927351583939307,1.2687639287223518,458,4.556207781484368e-05,0.014439321123063564,297297,6.3624815503756205,0.2152777777777778,0.225,0.18055555555555555,0.11805555555555555,0.2611111111111111
414,720,0.022925516758285063,1.0473978091949734,2.8637870718189142,421,4.3724778311116094e-05,0.014252547174692154,298017,6.376769733428955,0.2708333333333333,0.20555555555555555,0.15694444444444444,0.10416666666666667,0.2625
415,720,0.02271689455578467,-0.01586411146724017,0.2625530341501747,389,4.1122530615211875e-05,0.014050770550966263,298737,6.392504632472992,0.23333333333333334,0.26666666666666666,0.18055555555555555,0.1361111111111111,0.18333333333333332
416,720,0.022510170815327028,-0.23342225622822738,0.023857896227173603,411,4.132477646786962e-05,0.014096190221607685,299457,6.406369801362356,0.19722222222222222,0.25416666666666665,0.21666666666666667,0.13055555555555556,0.2013888888888889
417,720,0.022305328260907552,0.11307503442048725,0.523217744416921,426,4.284891770364791e-05,0.013470955193042755,300177,6.4219613671302795,0.2375,0.20416666666666666,0.21944444444444444,0.09722222222222222,0.24166666666666667
418,720,0.022102349773733293,0.14396247269174742,0.5215240130150218,414,4.1221402158144985e-05,0.01389741525053978,300897,6.438597551981608,0.18888888888888888,0.22361111111111112,0.18194444444444444,0.14722222222222223,0.25833333333333336
419,720,0.02190121839079232,0.754325328698791,1.9841809742177707,455,4.211439351264643e-05,0.013441591523587704,301617,6.454629981517792,0.24583333333333332,0.24166666666666667,0.14444444444444443,0.10833333333333334,0.25972222222222224
420,720,0.021701917303436107,0.16676099304041433,0.5932261616980323,432,4.315415751281964e-05,0.012696446850895882,302337,6.475408430894216,0.21666666666666667,0.21944444444444444,0.19166666666666668,0.12222222222222222,0.25
421,720,0.021504429855974838,0.21695692265519953,0.6963127462762082,443,4.1339419350252784e-05,0.013504451140761375,303057,6.502759349346161,0.23194444444444445,0.20555555555555555,0.23333333333333334,0.09305555555555556,0.2361111111111111
422,720,0.021308739544285468,-0.02677172395769368,0.2811117761329318,402,4.167172330274601e-05,0.01379782147705555,303777,6.516910497347514,0.1597222222222222,0.19166666666666668,0.24305555555555555,0.10694444444444444,0.2986111111111111
423,720,0.02111483001443247,0.7171228572735958,1.802811042379267,437,3.887411805105027e-05,0.013634313829243183,304497,6.532537150382995,0.2708333333333333,0.25833333333333336,0.15555555555555556,0.1125,0.20277777777777778
424,720,0.020922685061301134,0.07292889542037456,0.45670770880048206,455,4.111536328663432e-05,0.013787036761641502,305217,6.549459683895111,0.15833333333333333,0.26944444444444443,0.18472222222222223,0.11944444444444445,0.26805555555555555
425,720,0.020732288627243294,0.21893308979366655,0.5958924184886487,379,4.055546291839265e-05,0.01423327811062336,305937,6.565015284220378,0.16666666666666666,0.28194444444444444,0.24861111111111112,0.10694444444444444,0.19583333333333333
426,720,0.02054362480073538,-0.06020857096022187,0.2805522485165066,436,4.01503670319572e-05,0.013828716240823269,306657,6.581268032391866,0.225,0.20694444444444443,0.2111111111111111,0.12638888888888888,0.23055555555555557
427,720,0.02035667781504869,2.093676048586613,10.689325192047301,465,4.0370877641433054e-05,0.013428551144897938,307377,6.598098703225454,0.29444444444444445,0.20416666666666666,0.16527777777777777,0.09444444444444444,0.24166666666666667
428,720,0.020171432046931746,1.3072573186611514,4.106464666334496,455,4.342364873334898e-05,0.014236291870474815,308097,6.612401099999746,0.24861111111111112,0.22777777777777777,0.18472222222222223,0.09027777777777778,0.24861111111111112
429,720,0.019987872015304668,0.09238251437525816,0.4577330366338652,431,4.243501003000145e-05,0.014623824506998062,308817,6.6272158821423846,0.1736111111111111,0.2222222222222222,0.2263888888888889,0.11805555555555555,0.25972222222222224
430,720,0.019805982379965396,-0.09773705873538854,0.1442654940657475,325,4.0703605010447875e-05,0.014721674844622612,309537,6.643306648731231,0.30972222222222223,0.2916666666666667,0.14027777777777778,0.07222222222222222,0.18611111111111112
431,720,0.01962574794030771,0.4289276320058059,1.0465953999345703,386,4.193307186521148e-05,0.014585090801119804,310257,6.669559530417124,0.3625,0.20972222222222223,0.1375,0.09444444444444444,0.19583333333333333
432,720,0.01944715363405091,1.5045927985217384,5.170888300868017,429,4.0185945457930454e-05,0.014168553054332733,310977,6.684521547953287,0.29444444444444445,0.2013888888888889,0.17916666666666667,0.1111111111111111,0.21388888888888888
433,720,0.019270184535981047,-4.793353825263908e-05,0.2826805481791075,375,4.1119870595846604e-05,0.01428438164293766,311697,6.6990858515103655,0.17083333333333334,0.24722222222222223,0.2791666666666667,0.08194444444444444,0.22083333333333333
434,720,0.01909482585670362,0.4662746453936907,1.1059667921839154,391,4.354239906534632e-05,0.013886651955544949,312417,6.713589398066203,0.2652777777777778,0.2763888888888889,0.14583333333333334,0.0875,0.225
435,720,0.018921062941407617,0.5126033329821098,1.24926463291914,432,4.220662203427613e-05,0.01472509279847145,313137,6.728537933031718,0.2263888888888889,0.18472222222222223,0.24166666666666667,0.12083333333333333,0.2263888888888889
436,720,0.01874888126864081,0.26904129592616927,0.8212831787399493,459,4.459696804891185e-05,0.015456865541636944,313857,6.743201120694478,0.24444444444444444,0.2611111111111111,0.1736111111111111,0.09722222222222222,0.22361111111111112
437,720,0.018578266449096176,-0.10800167082660161,0.14110641267469592,383,4.3441276545763685e-05,0.016051512211561203,314577,6.757999336719513,0.15416666666666667,0.25555555555555554,0.2972222222222222,0.11805555555555555,0.175
438,720,0.018409204224409403,-0.03378664439279475,0.20107063590085694,331,4.397644129565176e-05,0.014873383566737175,315297,6.774025666713714,0.24444444444444444,0.31805555555555554,0.18472222222222223,0.09444444444444444,0.15833333333333333
439,720,0.01824168046596728,-0.1551909022351462,0.041653232633086956,340,4.303556734536566e-05,0.014293044805526733,316017,6.78803661664327,0.125,0.24583333333333332,0.19166666666666668,0.1638888888888889,0.27361111111111114
440,720,0.018075681173726977,0.5476566856268704,1.327178723503739,404,4.147438977497586e-05,0.014852214604616165,316737,6.802196931838989,0.2,0.18472222222222223,0.2013888888888889,0.10416666666666667,0.30972222222222223
441,720,0.01791119247504606,1.5389336200257155,5.364168709013496,445,4.29887190913784e-05,0.015212354250252247,317457,6.830103151003519,0.22361111111111112,0.20694444444444443,0.18472222222222223,0.12777777777777777,0.2569444444444444
442,720,0.01774820062352314,-0.014726668060854247,0.29242892032081813,405,4.247399689979324e-05,0.014551208354532719,318177,6.845742297172547,0.2125,0.26805555555555555,0.23472222222222222,0.10555555555555556,0.17916666666666667
443,720,0.017586691997849083,-0.03071676323180778,0.17325652455032614,315,3.889097302539489e-05,0.01552650798112154,318897,6.86092521349589,0.22777777777777777,0.22777777777777777,0.24583333333333332,0.12222222222222222,0.1763888888888889
444,720,0.017426653100668658,0.003765056746263278,0.38025057220241765,449,4.074693777309019e-05,0.014829021878540516,319617,6.877201286951701,0.22777777777777777,0.21666666666666667,0.19166666666666668,0.12916666666666668,0.23472222222222222
445,720,0.017268070557452574,0.012567005748168885,0.42520691366001495,445,4.2728485667945884e-05,0.015231234952807426,320337,6.893025048573812,0.2986111111111111,0.22361111111111112,0.1375,0.12638888888888888,0.21388888888888888
446,720,0.017110931115379754,0.24335645262262767,0.61019687257419,354,3.931069483087413e-05,0.014964137226343155,321057,6.909388049443563,0.36944444444444446,0.2513888888888889,0.12916666666666668,0.11805555555555555,0.13194444444444445
447,720,0.016955221642229797,-0.08579279544483023,0.17258088561162555,386,4.0196092177464174e-05,0.014727692119777203,321777,6.925433532396952,0.21944444444444444,0.18611111111111112,0.26944444444444443,0.15,0.175
448,720,0.016800929125285507,0.3383785013878459,0.7885021849597589,353,4.320062192846308e-05,0.014380648732185364,322497,6.939129634698232,0.30694444444444446,0.2152777777777778,0.20833333333333334,0.09166666666666666,0.17777777777777778
449,720,0.016648040670245407,-0.07913766139869738,0.17716892377122662,355,4.109814418345397e-05,0.014622628688812256,323217,6.9541969180107115,0.2722222222222222,0.2611111111111111,0.2111111111111111,0.09722222222222222,0.15833333333333333
450,720,0.016496543500146173,-0.1814510684217618,0.1671313862410262,476,4.8302998957044315e-05,0.015569520182907581,323937,6.9722569465637205,0.2833333333333333,0.2125,0.1625,0.12916666666666668,0.2125
451,720,0.016346424954294843,0.5701263552368803,1.2776093342051449,392,4.373308855621063e-05,0.015453786589205265,324657,6.9996488849322,0.1638888888888889,0.2111111111111111,0.24444444444444444,0.12638888888888888,0.25416666666666665
452,720,0.01619767248721076,0.4279615211523983,0.9976300864177099,402,4.333960114056228e-05,0.014534885995090008,325377,7.013440982500712,0.2152777777777778,0.26666666666666666,0.17083333333333334,0.13472222222222222,0.2125
453,720,0.016050273667577143,0.2119876562467194,0.657793756855372,404,4.376798519211257e-05,0.014869717881083488,326097,7.031126050154368,0.3055555555555556,0.2611111111111111,0.12361111111111112,0.10694444444444444,0.20277777777777778
454,720,0.015904216177202193,0.5468480267233569,1.4045145352170425,441,4.5011136299106306e-05,0.01543373242020607,326817,7.0493413011233015,0.25555555555555554,0.20555555555555555,0.16805555555555557,0.13472222222222222,0.2361111111111111
455,720,0.015759487809989654,0.11111291738612881,0.46978027581832826,399,4.2333602563202374e-05,0.015232160687446594,327537,7.065342517693837,0.18611111111111112,0.24027777777777778,0.16805555555555557,0.11805555555555555,0.2875
456,720,0.015616076470918748,0.07078711151137301,0.3532878980484844,388,4.2355131944936554e-05,0.014528078027069569,328257,7.082261498769125,0.1763888888888889,0.24444444444444444,0.23333333333333334,0.14722222222222223,0.1986111111111111
457,720,0.015473970175033387,-0.122690474993048,0.0885097130711574,320,4.0306631830036265e-05,0.014785226434469223,328977,7.097327216466268,0.2902777777777778,0.3013888888888889,0.175,0.07222222222222222,0.16111111111111112
458,720,0.015333157046440584,0.06384000332729718,0.41955011831444455,435,3.971376333740611e-05,0.014637759886682034,329697,7.112331314881643,0.23472222222222222,0.28055555555555556,0.1875,0.10833333333333334,0.18888888888888888
459,720,0.015193625317317975,0.9052079219067553,2.470185052913712,444,4.607357184972392e-05,0.01395791582763195,330417,7.130492949485779,0.25972222222222224,0.20972222222222223,0.13194444444444445,0.1375,0.2611111111111111
460,720,0.01505536332693038,-0.12830440624082615,0.11538049047036658,372,4.222151113455968e-05,0.014004679396748543,331137,7.146503301461538,0.17222222222222222,0.22361111111111112,0.30416666666666664,0.11666666666666667,0.18333333333333332
461,720,0.014918359520655315,0.8641485997592377,2.3741674073070165,475,4.3745437746009785e-05,0.014852813445031643,331857,7.174458833535512,0.2388888888888889,0.24027777777777778,0.16805555555555557,0.1527777777777778,0.2
462,720,0.014782602449017352,0.38457728814519454,0.9829334488755208,441,4.456629160106079e-05,0.014537375420331955,332577,7.19058974981308,0.21944444444444444,0.2638888888888889,0.18472222222222223,0.12222222222222222,0.20972222222222223
463,720,0.014648080766731294,0.5797761032507797,1.3947434431114294,397,4.224188672373607e-05,0.01471767295151949,333297,7.208083919684092,0.25972222222222224,0.24444444444444444,0.1388888888888889,0.14444444444444443,0.2125
464,720,0.01451478323175404,-0.1045092182366986,0.1933217222789254,438,4.4072206434167226e-05,0.014349754899740219,334017,7.224277035395304,0.2013888888888889,0.2625,0.20833333333333334,0.11805555555555555,0.20972222222222223
465,720,0.014382698704345078,0.1252144158418508,0.45094405333325494,393,4.051238403866996e-05,0.014583770185709,334737,7.240571117401123,0.20555555555555555,0.2777777777777778,0.19583333333333333,0.13472222222222222,0.18611111111111112
466,720,0.014251816146135538,-0.1929741653021727,0.012351492025244326,321,4.334123477620879e-05,0.014610816724598408,335457,7.257334800561269,0.16666666666666666,0.22916666666666666,0.20972222222222223,0.1486111111111111,0.24583333333333332
467,720,0.014122124619205706,2.21027848096946,11.772296391964439,426,4.3965421496573575e-05,0.014050155878067017,336177,7.2734135349591575,0.2722222222222222,0.20416666666666666,0.14722222222222223,0.13055555555555556,0.24583333333333332
468,720,0.013993613285170934,2.026786629310971,9.61519674188651,442,4.30182259757809e-05,0.014846708625555038,336897,7.289238766829173,0.2902777777777778,0.22083333333333333,0.16111111111111112,0.13055555555555556,0.19722222222222222
469,720,0.013866271404275878,-0.10601539432005877,0.14194689189239185,355,4.53605774724666e-05,0.015068352222442627,337617,7.305437084039053,0.2361111111111111,0.19305555555555556,0.18611111111111112,0.13194444444444445,0.25277777777777777
470,720,0.013740088334496968,0.07805095384121012,0.46858735218611436,439,4.46584142865605e-05,0.015297134406864643,338337,7.323039917151133,0.20555555555555555,0.25555555555555554,0.21388888888888888,0.125,0.2
471,720,0.013615053530653046,0.4721677995809619,1.128500624278268,415,4.3250480901709426e-05,0.014605782926082611,339057,7.352330231666565,0.21805555555555556,0.2013888888888889,0.2263888888888889,0.12083333333333333,0.23333333333333334
472,720,0.013491156543524103,-0.009871997019993962,0.2663363946252155,382,4.519907700644884e-05,0.01581333577632904,339777,7.369688367843628,0.1638888888888889,0.2638888888888889,0.21805555555555556,0.13194444444444445,0.2222222222222222
473,720,0.013368387018978033,0.3739349336519151,1.062017626169169,480,4.41877291134713e-05,0.014947094023227692,340497,7.385132567087809,0.22361111111111112,0.23194444444444445,0.2013888888888889,0.13194444444444445,0.2111111111111111
474,720,0.013246734697105333,0.048598562782192684,0.35269454547709844,389,4.285363429390701e-05,0.015475951135158539,341217,7.401362232367197,0.2152777777777778,0.29444444444444445,0.24583333333333332,0.08333333333333333,0.16111111111111112
475,720,0.013126189411361674,0.25422694174800614,0.7797571844134767,455,4.24294211610585e-05,0.01528198178857565,341937,7.4167269190152485,0.19583333333333333,0.24722222222222223,0.1875,0.1361111111111111,0.23333333333333334
476,720,0.013006741087718283,1.2362709393127673,3.769640519694086,468,4.316167432736822e-05,0.014914918690919876,342657,7.434056901931763,0.16666666666666666,0.2652777777777778,0.19722222222222222,0.11666666666666667,0.25416666666666665
477,720,0.012888379743820046,0.8627721142260723,2.209201377801983,450,4.490315229885608e-05,0.014661039225757122,343377,7.448794702688853,0.1986111111111111,0.2513888888888889,0.1986111111111111,0.1375,0.21388888888888888
478,720,0.012771095488151283,0.550307752869102,1.3095616690474872,407,4.661418663039917e-05,0.015775665640830994,344097,7.463422950108846,0.18472222222222223,0.24305555555555555,0.2263888888888889,0.1125,0.23333333333333334
479,720,0.012654878519209106,1.6095711176728793,5.841938635180909,423,4.521925128655211e-05,0.016101844608783722,344817,7.48112686475118,0.26805555555555555,0.21666666666666667,0.1486111111111111,0.14027777777777778,0.2263888888888889
480,720,0.012539719124684302,0.009875335156932556,0.28001952939750385,421,4.753540204723726e-05,0.015819266438484192,345537,7.497527337074279,0.2013888888888889,0.30416666666666664,0.20833333333333334,0.1486111111111111,0.1375
481,720,0.012425607680649675,-0.21665422109243707,0.005360093079059158,374,4.617110045804414e-05,0.015494555234909058,346257,7.524388547738393,0.20555555555555555,0.31527777777777777,0.2,0.11666666666666667,0.1625
482,720,0.012312534650755763,0.1938251009160787,0.6500821935030585,431,4.797788609115135e-05,0.015257986262440681,346977,7.538504099845886,0.24861111111111112,0.20833333333333334,0.20694444444444443,0.125,0.2111111111111111
483,720,0.012200490585433887,0.9055188850545195,2.4677947911119786,496,4.791453131929302e-05,0.01563231647014618,347697,7.55504158337911,0.20416666666666666,0.21805555555555556,0.22083333333333333,0.1388888888888889,0.21805555555555556
484,720,0.01208946612110644,-0.0692158091069417,0.1385826403060022,352,4.623488959825611e-05,0.015879657119512558,348417,7.569702132542928,0.17777777777777778,0.36944444444444446,0.2361111111111111,0.1,0.11666666666666667
485,720,0.01197945197940437,0.547258186704489,1.3129139659919438,428,4.50395518669211e-05,0.015560764819383621,349137,7.584064964453379,0.22361111111111112,0.25416666666666665,0.2152777777777778,0.12777777777777777,0.17916666666666667
486,720,0.01187043896639179,-0.06354757329339902,0.2262398158020298,420,4.174273623473507e-05,0.015495453961193562,349857,7.599626549084982,0.18194444444444444,0.26805555555555555,0.24305555555555555,0.10555555555555556,0.2013888888888889
487,720,0.011762417971797624,-0.00789996753576228,0.3479703712507387,454,4.377422066884012e-05,0.015253390185534954,350577,7.6166540344556175,0.18472222222222223,0.2375,0.24166666666666667,0.1125,0.22361111111111112
488,720,0.011655379968254265,-0.17788889255922108,0.07128740496535158,365,4.6912212304859064e-05,0.01587994396686554,351297,7.633633883794149,0.25,0.3,0.19305555555555556,0.07777777777777778,0.17916666666666667
489,720,0.011549316010543152,0.33527482296647354,0.9170256091880435,471,4.4370687003770906e-05,0.015401029959321022,352017,7.649043603738149,0.1875,0.25416666666666665,0.24027777777777778,0.11666666666666667,0.2013888888888889
490,720,0.011444217234847209,-0.05143363860751822,0.2802640700657302,439,4.79262002310558e-05,0.01587802544236183,352737,7.664542130629221,0.17777777777777778,0.2111111111111111,0.25416666666666665,0.15694444444444444,0.2
491,720,0.011340074858010099,0.5121477321042618,1.2674315885097185,409,4.994489413800491e-05,0.015716537833213806,353457,7.690486586093902,0.24305555555555555,0.20972222222222223,0.22361111111111112,0.09305555555555556,0.23055555555555557
492,720,0.011236880176802208,0.17060643212552418,0.5810772715213011,391,4.738176853228045e-05,0.015799498185515404,354177,7.706065285205841,0.2361111111111111,0.24305555555555555,0.23194444444444445,0.06527777777777778,0.22361111111111112
493,720,0.011134624567193307,0.6650189424396323,1.6538699745148282,435,4.7288868016595286e-05,0.016127828508615494,354897,7.72148646513621,0.22361111111111112,0.20277777777777778,0.20833333333333334,0.1,0.2652777777777778
494,720,0.011033299483631848,0.7989905973175767,2.0343298634614686,431,4.7761151656939345e-05,0.015902971848845482,355617,7.738781718413035,0.21388888888888888,0.2152777777777778,0.21388888888888888,0.10555555555555556,0.2513888888888889
495,720,0.010932896458330798,0.2422354634344604,0.7371319756302681,467,4.579872573281642e-05,0.016044504940509796,356337,7.7549014488856,0.1763888888888889,0.24583333333333332,0.2722222222222222,0.11388888888888889,0.19166666666666668
496,720,0.010833407100559987,-0.3342394636524064,-0.09402128233623364,397,4.2749242456668275e-05,0.015353437513113022,357057,7.771917315324147,0.18194444444444444,0.3388888888888889,0.23472222222222222,0.1,0.14444444444444443
497,720,0.010734823095944892,0.45908150037072515,1.1762027503615338,434,4.5059604641058586e-05,0.015189433470368385,357777,7.786600200335185,0.20694444444444443,0.2375,0.19305555555555556,0.12083333333333333,0.24166666666666667
498,720,0.010637136205771794,0.31911570308902343,0.9219988324640054,465,4.901672695672864e-05,0.014464851468801498,358497,7.802439081668854,0.18194444444444444,0.26666666666666666,0.1638888888888889,0.125,0.2625
499,720,0.01054033826629927,-0.0009702689355515471,0.2782982881946052,390,4.460061541067262e-05,0.014020659029483795,359217,7.817828698952993,0.22916666666666666,0.28194444444444444,0.22083333333333333,0.09861111111111111,0.16944444444444445
500,720,0.010444421188075948,-0.2358655136610172,0.04538421357801292,419,4.819228914432945e-05,0.015249162912368774,359937,7.833562537034353,0.1875,0.2652777777777778,0.23055555555555557,0.11666666666666667,0.2
501,720,0.010349376955264456,0.5117305707289084,1.332010032846806,463,5.075837149459201e-05,0.014891063794493675,360657,7.863209283351898,0.2611111111111111,0.19166666666666668,0.1763888888888889,0.1388888888888889,0.23194444444444445
502,720,0.01025519762497155,-0.017441103622244193,0.23807641433700977,381,5.0231463934677676e-05,0.014218738302588463,361377,7.877562781174977,0.21805555555555556,0.28055555555555556,0.2875,0.07083333333333333,0.14305555555555555
503,720,0.010161875326584309,-0.05520227514294363,0.1500411505904118,337,4.941108988860934e-05,0.014328292571008205,362097,7.893291401863098,0.18472222222222223,0.3013888888888889,0.2361111111111111,0.14166666666666666,0.1361111111111111
504,720,0.010069402261112392,0.11238685964113819,0.46908074205703776,400,4.728451858555773e-05,0.014404311776161194,362817,7.908981947104136,0.1986111111111111,0.25,0.28194444444444444,0.08888888888888889,0.18055555555555555
505,720,0.01,1.5670349169407882,5.604722456905112,432,4.7974291953778446e-05,0.014866683632135391,363537,7.925385451316833,0.2152777777777778,0.2263888888888889,0.21944444444444444,0.09722222222222222,0.24166666666666667
506,720,0.01,0.9649697885258927,2.5893451935570213,476,4.8270677815606984e-05,0.01542186364531517,364257,7.942429482936859,0.22361111111111112,0.2013888888888889,0.2375,0.15555555555555556,0.18194444444444444
507,720,0.01,0.8844288817896349,2.308281538089979,443,4.9870592292538476e-05,0.01590058207511902,364977,7.956300985813141,0.2125,0.25416666666666665,0.17916666666666667,0.11388888888888889,0.24027777777777778
508,720,0.01,-0.030801014864889106,0.22961238446183163,383,4.944301793254151e-05,0.015350877307355404,365697,7.973824036121369,0.18194444444444444,0.29583333333333334,0.23472222222222222,0.09583333333333334,0.19166666666666668
509,720,0.01,-0.040731897338029524,0.1351537481244569,307,4.666571009768934e-05,0.014864965341985226,366417,7.989592885971069,0.10972222222222222,0.3416666666666667,0.275,0.14444444444444443,0.12916666666666668
510,720,0.01,0.01110127288558952,0.28351354299425946,395,4.683503211961377e-05,0.01511380448937416,367137,8.004301798343658,0.18472222222222223,0.2777777777777778,0.24166666666666667,0.13055555555555556,0.16527777777777777
511,720,0.01,-0.14552011282678207,0.13653014363326887,414,4.292025041523731e-05,0.014822220429778099,367857,8.033678436279297,0.16944444444444445,0.3013888888888889,0.23194444444444445,0.125,0.17222222222222222
512,720,0.01,0.010689962134699412,0.21767093214788447,335,4.904371933965497e-05,0.015264139510691166,368577,8.050139796733855,0.11388888888888889,0.39305555555555555,0.19722222222222222,0.16805555555555557,0.12777777777777777
513,720,0.01,1.0959315071463573,3.1285716807581263,463,4.915859671604671e-05,0.0158353541046381,369297,8.066000334421794,0.19444444444444445,0.24583333333333332,0.20416666666666666,0.10555555555555556,0.25
514,720,0.01,0.17454629819515557,0.5080181392520553,390,4.935978872456164e-05,0.015274042263627052,370017,8.081191484133402,0.16527777777777777,0.3111111111111111,0.2375,0.13055555555555556,0.15555555555555556
515,720,0.01,0.2362777299846426,0.6545477853057113,397,4.956876110529467e-05,0.01591266691684723,370737,8.096199882030486,0.21944444444444444,0.2847222222222222,0.21805555555555556,0.0875,0.19027777777777777
516,720,0.01,-0.09849407876374365,0.0751991725796275,326,4.565968521572156e-05,0.015295037999749184,371457,8.110079832871754,0.10833333333333334,0.3388888888888889,0.2972222222222222,0.14722222222222223,0.10833333333333334
517,720,0.01,0.7485622294967169,1.9213978850887106,468,5.082431269632555e-05,0.01610562577843666,372177,8.125627235571544,0.18194444444444444,0.2722222222222222,0.21805555555555556,0.12638888888888888,0.2013888888888889
518,720,0.01,0.026897940158388468,0.32730150848841655,415,4.8417096081720956e-05,0.016215240582823753,372897,8.142647433280946,0.1736111111111111,0.3375,0.2111111111111111,0.09305555555555556,0.18472222222222223
519,720,0.01,0.23248976843000804,0.6661070017618456,417,4.726256768713534e-05,0.016345536336302757,373617,8.158862296740214,0.12361111111111112,0.2875,0.25833333333333336,0.10833333333333334,0.2222222222222222
520,720,0.01,0.05582794707280539,0.30908438104943814,389,4.776127158897402e-05,0.016415642574429512,374337,8.175077100594839,0.12916666666666668,0.31805555555555554,0.2916666666666667,0.1388888888888889,0.12222222222222222
521,720,0.01,1.2596245999923608,3.879899376058674,474,5.0068434964284983e-05,0.01658877357840538,375057,8.203797002633413,0.1527777777777778,0.25555555555555554,0.18611111111111112,0.14027777777777778,0.2652777777777778
522,720,0.01,0.43649948253812665,1.0289115815446155,419,4.7636888677971004e-05,0.016209378838539124,375777,8.222553733984629,0.1736111111111111,0.33611111111111114,0.2013888888888889,0.11388888888888889,0.175
523,720,0.01,-0.017557556066882286,0.22929697868175491,363,4.447305402916552e-05,0.015584554523229599,376497,8.238983583450317,0.14166666666666666,0.3375,0.23194444444444445,0.10972222222222222,0.17916666666666667
524,720,0.01,0.260176973617864,0.6139377068870966,364,4.7630719432668736e-05,0.01525549404323101,377217,8.253676581382752,0.14583333333333334,0.4041666666666667,0.1875,0.10972222222222222,0.1527777777777778
525,720,0.01,0.308157871007652,0.7645714758276136,397,4.6533452008487886e-05,0.01583799347281456,377937,8.269409000873566,0.16805555555555557,0.31527777777777777,0.2708333333333333,0.06944444444444445,0.1763888888888889
526,720,0.01,0.04224736366252615,0.3188331437688927,364,4.614659375066468e-05,0.015145443379878998,378657,8.284729897975922,0.19722222222222222,0.33055555555555555,0.2,0.09166666666666666,0.18055555555555555
527,720,0.01,0.26206095350796793,0.7126826690225347,418,4.826190360063265e-05,0.015899719670414925,379377,8.301338982582092,0.1736111111111111,0.3333333333333333,0.19583333333333333,0.09583333333333334,0.2013888888888889
528,720,0.01,1.3265676216652207,4.082572960547405,396,4.9114498549190305e-05,0.015523814596235752,380097,8.317127867539723,0.19166666666666668,0.29583333333333334,0.15694444444444444,0.09722222222222222,0.25833333333333336
529,720,0.01,0.21455741130971415,0.6307783420545021,420,4.6229964548021804e-05,0.01535194180905819,380817,8.332444302241008,0.1638888888888889,0.24444444444444444,0.2708333333333333,0.10833333333333334,0.2125
530,720,0.01,0.48905206270832724,1.0986663314284826,403,4.3223895362290124e-05,0.015456401742994785,381537,8.343715751171112,0.14444444444444443,0.3111111111111111,0.26944444444444443,0.08888888888888889,0.18611111111111112
531,720,0.01,0.29883572867793606,0.7821771389430743,438,4.385613416704675e-05,0.014598410576581955,382257,8.372087283929188,0.1736111111111111,0.275,0.24861111111111112,0.10972222222222222,0.19305555555555556
532,720,0.01,0.5720631962314154,1.4304178473969489,464,4.525870248117927e-05,0.014261973090469837,382977,8.387598816553751,0.18611111111111112,0.24583333333333332,0.20833333333333334,0.12361111111111112,0.2361111111111111
533,720,0.01,0.38962212966010423,0.979060287273781,450,4.601880643046267e-05,0.015636935830116272,383697,8.400031518936157,0.1763888888888889,0.29305555555555557,0.22083333333333333,0.12916666666666668,0.18055555555555555
534,720,0.01,1.3265439584703314,4.218938133344148,452,4.8189987403980515e-05,0.015279310755431652,384417,8.413449303309124,0.19444444444444445,0.275,0.18611111111111112,0.10138888888888889,0.24305555555555555
535,720,0.01,2.3043991943682003,13.341381857457343,440,4.912694948870922e-05,0.015492252074182034,385137,8.43071860074997,0.2513888888888889,0.1986111111111111,0.16666666666666666,0.09722222222222222,0.2861111111111111
536,720,0.01,0.505105072049369,1.2352544557877292,449,5.60716912812293e-05,0.017190009355545044,385857,8.446768430868785,0.18055555555555555,0.2625,0.20972222222222223,0.12222222222222222,0.225
537,720,0.01,0.12987204362601443,0.4153431968441892,358,5.5035850598667616e-05,0.016590803861618042,386577,8.463170282046,0.19305555555555556,0.32222222222222224,0.2263888888888889,0.12916666666666668,0.12916666666666668
538,720,0.01,0.10256117125800794,0.35230584838671963,326,4.5181373873977764e-05,0.01629716157913208,387297,8.479090535640717,0.13333333333333333,0.3458333333333333,0.2569444444444444,0.09027777777777778,0.1736111111111111
539,720,0.01,0.06406845008552267,0.3368531412443845,339,4.846749476428158e-05,0.01703309267759323,388017,8.494483983516693,0.19583333333333333,0.30694444444444446,0.22777777777777777,0.07361111111111111,0.19583333333333333
540,720,0.01,0.5097895604347901,1.1886601663877499,397,4.494982955647073e-05,0.01597357727587223,388737,8.509478465716045,0.14305555555555555,0.26944444444444443,0.28194444444444444,0.08888888888888889,0.21666666666666667
541,720,0.01,-0.08962250368507706,0.17483474636642837,392,4.8388503869824084e-05,0.016689851880073547,389457,8.535128053029378,0.12638888888888888,0.2763888888888889,0.3013888888888889,0.08888888888888889,0.20694444444444443
542,720,0.01,0.48506654030353413,1.2229086484066856,460,4.59643982089296e-05,0.015958454459905624,390177,8.549435448646545,0.17222222222222222,0.2361111111111111,0.24722222222222223,0.11666666666666667,0.22777777777777777
543,720,0.01,1.0151906721768906,2.705953839514138,427,4.866627042095691e-05,0.01598874107003212,390897,8.563930082321168,0.2,0.23194444444444445,0.2638888888888889,0.08611111111111111,0.21805555555555556
544,720,0.01,-0.07211818039407816,0.18398020740805943,368,4.688030555952436e-05,0.01605631783604622,391617,8.57924480040868,0.20694444444444443,0.3347222222222222,0.23055555555555557,0.05555555555555555,0.17222222222222222
545,720,0.01,0.6462984748274809,1.567155495442436,435,4.5391404271160554e-05,0.01580815762281418,392337,8.594637183348338,0.20277777777777778,0.2972222222222222,0.2125,0.09583333333333334,0.19166666666666668
546,720,0.01,0.1883588646955976,0.5548185717299612,404,4.322453440863683e-05,0.01547454297542572,393057,8.608379999796549,0.18472222222222223,0.28888888888888886,0.28194444444444444,0.06527777777777778,0.17916666666666667
547,720,0.01,0.305675306282205,0.7971018900584452,414,4.652970430672414e-05,0.016178907826542854,393777,8.62294043302536,0.2,0.28055555555555556,0.23194444444444445,0.07083333333333333,0.21666666666666667
548,720,0.01,-0.15760068755415213,0.059078629249256887,376,4.511691285718674e-05,0.016648055985569954,394497,8.636560034751891,0.13333333333333333,0.35,0.28888888888888886,0.08194444444444444,0.14583333333333334
549,720,0.01,0.41797381216079976,0.9284639634111393,402,4.323725928669673e-05,0.016071315854787827,395217,8.650756498177847,0.13055555555555556,0.3416666666666667,0.2916666666666667,0.0875,0.1486111111111111
550,720,0.01,-0.17571734173948161,0.0007829646174148941,321,3.9745375447511025e-05,0.015207226388156414,395937,8.665378352006277,0.08611111111111111,0.46805555555555556,0.22777777777777777,0.08194444444444444,0.1361111111111111
551,720,0.01,1.8889975133520387,8.020479689837757,430,4.369250435350599e-05,0.01524490024894476,396657,8.693724584579467,0.22916666666666666,0.26805555555555555,0.2152777777777778,0.09166666666666666,0.19583333333333333
552,720,0.01,0.3875841110868527,0.8451934281202991,382,4.126906737206405e-05,0.01515915896743536,397377,8.7091814994812,0.14444444444444443,0.39861111111111114,0.2375,0.07777777777777778,0.14166666666666666
553,720,0.01,0.2812886100614662,0.791025946374299,465,4.393312096655993e-05,0.015435384586453438,398097,8.72559640010198,0.16805555555555557,0.2791666666666667,0.22361111111111112,0.1,0.22916666666666666
554,720,0.01,1.1247786553558647,3.1444854996898304,411,4.584231158004413e-05,0.015208246186375618,398817,8.740215917428335,0.17083333333333334,0.29305555555555557,0.23194444444444445,0.06666666666666667,0.2375
555,720,0.01,0.024005935481716503,0.2492032342516055,343,5.095678148386974e-05,0.016072072088718414,399537,8.756019735336304,0.17083333333333334,0.26944444444444443,0.25972222222222224,0.125,0.175
556,720,0.01,0.5447381767266282,1.382113637910733,444,4.9393713066415836e-05,0.015357540920376778,400257,8.772100567817688,0.20972222222222223,0.23472222222222222,0.21666666666666667,0.075,0.2638888888888889
557,720,0.01,0.6366489807535147,1.5323531790555642,432,4.6469986029428075e-05,0.015711234882473946,400977,8.787790803114573,0.19166666666666668,0.3111111111111111,0.2111111111111111,0.07361111111111111,0.2125
558,720,0.01,0.48843020407050003,1.1835024239636978,470,4.309829485262324e-05,0.015351658686995506,401697,8.803171650568645,0.17222222222222222,0.2875,0.25,0.1,0.19027777777777777
559,720,0.01,0.8250396068747508,1.9639997019428752,404,4.360567444210675e-05,0.015446680597960949,402417,8.8171013991038,0.19722222222222222,0.29583333333333334,0.24305555555555555,0.08472222222222223,0.17916666666666667
560,720,0.01,0.8283019267066497,2.118343485547738,466,4.4447499463886845e-05,0.01591290719807148,403137,8.832533367474873,0.1638888888888889,0.25972222222222224,0.25833333333333336,0.10277777777777777,0.2152777777777778
561,720,0.01,0.29743226656692245,0.8142683374264557,451,4.4666868940465875e-05,0.015521131455898285,403857,8.860120403766633,0.1638888888888889,0.22916666666666666,0.23055555555555557,0.12222222222222222,0.25416666666666665
562,720,0.01,0.9967105417044774,2.7498301353054044,452,4.782309783245688e-05,0.015936944633722305,404577,8.876720587412516,0.2388888888888889,0.21388888888888888,0.2125,0.09722222222222222,0.2375
563,720,0.01,0.26070188661951504,0.7154953738227909,423,4.3894585089927005e-05,0.015628788620233536,405297,8.891573564211528,0.18472222222222223,0.2638888888888889,0.275,0.0875,0.18888888888888888
564,720,0.01,-0.14303769324110027,0.09440660896229391,368,4.233938718066889e-05,0.015051279217004776,406017,8.90912348429362,0.1375,0.39305555555555555,0.22083333333333333,0.08333333333333333,0.16527777777777777
565,720,0.01,0.34072931575586235,0.9872053714065545,460,4.5192472531299344e-05,0.015096059069037437,406737,8.926830200354258,0.1736111111111111,0.27361111111111114,0.18472222222222223,0.10138888888888889,0.26666666666666666
566,720,0.01,0.3306870418776844,0.8407756687216601,450,4.759644843438259e-05,0.016275979578495026,407457,8.941657900810242,0.14027777777777778,0.3347222222222222,0.2361111111111111,0.09861111111111111,0.19027777777777777
567,720,0.01,0.2577560112293091,0.6896239869137502,407,4.6489868207623255e-05,0.016030732542276382,408177,8.957631520430247,0.1361111111111111,0.31805555555555554,0.24722222222222223,0.09305555555555556,0.20555555555555555
568,720,0.01,0.6264305019919804,1.4222103764537213,411,4.421186565271758e-05,0.01605866849422455,408897,8.973353401819866,0.1625,0.27361111111111114,0.2861111111111111,0.10416666666666667,0.1736111111111111
569,720,0.01,0.04393294689629113,0.29263522777198814,378,4.4153756558292416e-05,0.015834176912903786,409617,8.990197797616323,0.17916666666666667,0.29583333333333334,0.275,0.10416666666666667,0.14583333333333334
570,720,0.01,0.5787159449119735,1.4399216909373909,461,4.3315924737422996e-05,0.01623539626598358,410337,9.0053528825442,0.20833333333333334,0.24583333333333332,0.22777777777777777,0.1111111111111111,0.20694444444444443
571,720,0.01,-0.10051997834676599,0.07034392456308258,327,4.5333700034512326e-05,0.015543239191174507,411057,9.035233799616496,0.07916666666666666,0.2763888888888889,0.43333333333333335,0.07361111111111111,0.1375
572,720,0.01,0.1694439307588353,0.5188355120601529,412,4.388422591243094e-05,0.016033269464969635,411777,9.048746764659882,0.1486111111111111,0.36666666666666664,0.25,0.07222222222222222,0.1625
573,720,0.01,0.06131767097550115,0.27643070487786003,334,4.509475228107678e-05,0.015187033452093601,412497,9.064590617020924,0.11666666666666667,0.25833333333333336,0.35833333333333334,0.10277777777777777,0.1638888888888889
574,720,0.01,0.07993881116944454,0.41155059253619464,410,4.479634703784541e-05,0.015476291999220848,413217,9.080573066075642,0.17777777777777778,0.30416666666666664,0.23055555555555557,0.1125,0.175
575,720,0.01,0.13155848109687596,0.4926580862289829,422,4.006439063207128e-05,0.015153329819440842,413937,9.095922815799714,0.14166666666666666,0.3263888888888889,0.24861111111111112,0.10416666666666667,0.17916666666666667
576,720,0.01,1.025386698120973,2.824343039396861,436,4.221952145447479e-05,0.01586388237774372,414657,9.111915198961894,0.18194444444444444,0.30694444444444446,0.16805555555555557,0.07916666666666666,0.2638888888888889
577,720,0.01,-0.03597028003601371,0.14973297523291884,319,4.027813558246231e-05,0.014770659618079662,415377,9.128327167034149,0.15694444444444444,0.32083333333333336,0.2625,0.1361111111111111,0.12361111111111112
578,720,0.01,0.5780829460242687,1.4104969896748178,445,3.884607432761792e-05,0.014756610617041588,416097,9.145778580506642,0.19166666666666668,0.30416666666666664,0.24166666666666667,0.07083333333333333,0.19166666666666668
579,720,0.01,0.8892937084750473,2.3004001162631793,465,4.307874246225967e-05,0.014694410376250744,416817,9.16035551627477,0.16111111111111112,0.3055555555555556,0.225,0.10277777777777777,0.20555555555555555
580,720,0.01,0.30175494128003494,0.7493686322733879,403,4.269327134807099e-05,0.015363987535238266,417537,9.175053834915161,0.11666666666666667,0.33611111111111114,0.22916666666666666,0.09722222222222222,0.22083333333333333
581,720,0.01,-0.0667086838086873,0.15003378038470516,374,4.6954902015588434e-05,0.014946497976779938,418257,9.202071249485016,0.10416666666666667,0.2833333333333333,0.3013888888888889,0.1111111111111111,0.2
582,720,0.01,0.24521538159676712,0.6648172898693179,432,4.156349905568075e-05,0.015208138152956963,418977,9.21860428651174,0.15416666666666667,0.35833333333333334,0.24027777777777778,0.08333333333333333,0.1638888888888889
583,720,0.01,0.2629415124180579,0.657302884153135,408,4.0805757142455455e-05,0.01589866355061531,419697,9.234238549073536,0.11527777777777778,0.3958333333333333,0.24583333333333332,0.0875,0.15555555555555556
584,720,0.01,0.26013219784447256,0.633348493017154,377,4.586613914751878e-05,0.015347201377153397,420417,9.250535519917806,0.12638888888888888,0.37222222222222223,0.2388888888888889,0.08888888888888889,0.1736111111111111
585,720,0.01,0.07123293685266878,0.2731357310296372,322,4.331802429836292e-05,0.015608826652169228,421137,9.267593085765839,0.1,0.3763888888888889,0.3125,0.09861111111111111,0.1125
586,720,0.01,0.470586047382316,1.10820325620884,430,4.429249324983983e-05,0.015878932550549507,421857,9.285167801380158,0.16111111111111112,0.24583333333333332,0.27361111111111114,0.10138888888888889,0.21805555555555556
587,720,0.01,0.4442852527649921,1.0777493253837638,432,4.5353501743900575e-05,0.01555219292640686,422577,9.300899517536163,0.17083333333333334,0.2861111111111111,0.22777777777777777,0.09027777777777778,0.225
588,720,0.01,0.6577239404772025,1.6424960407847111,449,4.338561514284973e-05,0.01500450074672699,423297,9.316173152128856,0.18472222222222223,0.2875,0.19583333333333333,0.09583333333333334,0.2361111111111111
589,720,0.01,1.0417422620276788,2.908846282445185,477,4.705901480216805e-05,0.016212288290262222,424017,9.332458583513896,0.18333333333333332,0.28194444444444444,0.2152777777777778,0.10138888888888889,0.21805555555555556
590,720,0.01,0.6807630061989184,1.611077590887164,435,4.2331403737231694e-05,0.016106346622109413,424737,9.348486185073853,0.15833333333333333,0.29444444444444445,0.2763888888888889,0.08055555555555556,0.19027777777777777
591,720,0.01,0.08440013988395804,0.3269726435584501,343,4.1866185529215724e-05,0.016206035390496254,425457,9.379771649837494,0.09722222222222222,0.36527777777777776,0.3486111111111111,0.05694444444444444,0.13194444444444445
592,720,0.01,0.46212297100077365,0.995456748992247,379,4.141339375362602e-05,0.015867048874497414,426177,9.396411983172099,0.13194444444444445,0.3597222222222222,0.2361111111111111,0.11527777777777778,0.15694444444444444
593,720,0.01,1.1726018108675271,3.3063979441376956,440,4.171571641664842e-05,0.016083134338259697,426897,9.411654901504516,0.14583333333333334,0.32083333333333336,0.2125,0.09027777777777778,0.23055555555555557
594,720,0.01,1.3102071897472636,4.08582465171572,451,4.563451875835906e-05,0.016604069620370865,427617,9.424602965513865,0.20833333333333334,0.26944444444444443,0.20277777777777778,0.11805555555555555,0.2013888888888889
595,720,0.01,0.2352909727809104,0.6036639384017299,382,4.9480211028670355e-05,0.01655401848256588,428337,9.439450832207998,0.14166666666666666,0.3277777777777778,0.2708333333333333,0.08888888888888889,0.17083333333333334
596,720,0.01,0.8395065636840068,2.1127499496780997,433,4.152755968284004e-05,0.016479510813951492,429057,9.454030986626943,0.19305555555555556,0.3458333333333333,0.19027777777777777,0.09722222222222222,0.1736111111111111
597,720,0.01,0.7775421741313085,2.003541745405675,482,4.3402368410422946e-05,0.017315978184342384,429777,9.469644681612651,0.19444444444444445,0.3125,0.21666666666666667,0.08888888888888889,0.1875
598,720,0.01,0.43937976976704707,1.0634508883693794,441,4.205334024744742e-05,0.01580933853983879,430497,9.487422331174214,0.1763888888888889,0.30416666666666664,0.25,0.08333333333333333,0.18611111111111112
599,720,0.01,0.3856139856062665,0.8707959567129377,402,4.344365288615235e-05,0.015875574201345444,431217,9.50340520143509,0.10555555555555556,0.40555555555555556,0.24027777777777778,0.08611111111111111,0.1625
600,720,0.01,0.4595412331090597,1.0219072176255861,402,4.155666534744442e-05,0.015448736026883125,431937,9.517413047949473,0.125,0.3138888888888889,0.26805555555555555,0.09027777777777778,0.20277777777777778
601,720,0.01,-0.0411614638885,0.1874860816135666,356,4.382315312467553e-05,0.016273727640509605,432657,9.546418817838033,0.10416666666666667,0.4375,0.21388888888888888,0.08472222222222223,0.1597222222222222
602,720,0.01,0.2330105122722742,0.6040160446162803,400,4.320822628061352e-05,0.015736617147922516,433377,9.561218798160553,0.12916666666666668,0.30833333333333335,0.28194444444444444,0.10138888888888889,0.17916666666666667
603,720,0.01,1.0229292500183491,2.8552245333154698,467,4.528369544611148e-05,0.0158244501799345,434097,9.577396249771118,0.19305555555555556,0.30416666666666664,0.20694444444444443,0.06527777777777778,0.23055555555555557
604,720,0.01,0.8951095056643316,2.359726277625771,443,4.6864865737461514e-05,0.016468437388539314,434817,9.59200126727422,0.20555555555555555,0.2708333333333333,0.19444444444444445,0.09722222222222222,0.23194444444444445
605,720,0.01,0.24732905773889738,0.6927070594640519,425,4.304643722434776e-05,0.016270367428660393,435537,9.606072934468587,0.12083333333333333,0.3263888888888889,0.2652777777777778,0.07916666666666666,0.20833333333333334
606,720,0.01,0.20024511357845962,0.5844623106274875,405,4.2579155022950646e-05,0.016178712248802185,436257,9.621066649754843,0.10833333333333334,0.42777777777777776,0.16944444444444445,0.08055555555555556,0.21388888888888888
607,720,0.01,0.04836225161565051,0.28899423516482514,355,4.275715000024623e-05,0.015587634406983852,436977,9.63663700024287,0.12222222222222222,0.4027777777777778,0.24027777777777778,0.09583333333333334,0.1388888888888889
608,720,0.01,0.14429808230342223,0.5008747162366094,428,4.408863216111867e-05,0.015135267749428749,437697,9.653527748584747,0.15,0.3055555555555556,0.3111111111111111,0.06388888888888888,0.16944444444444445
609,720,0.01,0.46150096916617334,1.0177861986463594,413,4.429231977762053e-05,0.014739429578185081,438417,9.67046236594518,0.10972222222222222,0.36527777777777776,0.2652777777777778,0.0763888888888889,0.18333333333333332
610,720,0.01,0.13799221369308204,0.37230555700236634,318,4.275961650692908e-05,0.015108445659279823,439137,9.68500776688258,0.08055555555555556,0.5277777777777778,0.18888888888888888,0.08194444444444444,0.12083333333333333
611,720,0.01,0.19569353963289224,0.5666562007181102,383,4.332019569169966e-05,0.01592898741364479,439857,9.711850134531657,0.20833333333333334,0.4388888888888889,0.14722222222222223,0.06944444444444445,0.1361111111111111
612,720,0.01,0.23015418102438556,0.6346098974095378,425,4.271832998988935e-05,0.015614859759807587,440577,9.727512947718303,0.15555555555555556,0.35694444444444445,0.19305555555555556,0.11388888888888889,0.18055555555555555
613,720,0.01,-0.09075977986141602,0.10903494710394357,344,4.2780674746407186e-05,0.015677928924560547,441297,9.740932949384053,0.09861111111111111,0.4125,0.2388888888888889,0.11805555555555555,0.13194444444444445
614,720,0.01,0.012930213573728137,0.20976994517044467,309,4.317996699683135e-05,0.015547093003988266,442017,9.756611716747283,0.1,0.475,0.1986111111111111,0.12222222222222222,0.10416666666666667
615,720,0.01,0.6733814623483534,1.6159608355120696,456,4.162374413504545e-05,0.01662301830947399,442737,9.77423410018285,0.1597222222222222,0.3625,0.18194444444444444,0.1125,0.18333333333333332
616,720,0.01,0.4733888720457791,1.1316341071630998,433,4.3746551535958944e-05,0.01598311960697174,443457,9.789610668023426,0.18333333333333332,0.3236111111111111,0.19722222222222222,0.1125,0.18333333333333332
617,720,0.01,-0.045580565955159455,0.18520935994959098,365,4.172294433146817e-05,0.015278760343790054,444177,9.805615897973379,0.1388888888888889,0.39861111111111114,0.2388888888888889,0.07916666666666666,0.14444444444444443
618,720,0.01,0.17236757703616487,0.48641558938360707,385,3.894208552739858e-05,0.014923579059541225,444897,9.823540318012238,0.1527777777777778,0.35555555555555557,0.2652777777777778,0.09305555555555556,0.13333333333333333
619,720,0.01,0.4192606100717701,0.9684779109360584,413,4.099329478574671e-05,0.015349806286394596,445617,9.838306033611298,0.13333333333333333,0.3236111111111111,0.2625,0.08333333333333333,0.19722222222222222
620,720,0.01,1.9400006159860337,8.788914931088948,454,4.0620120825628366e-05,0.014931854791939259,446337,9.852415800094604,0.24583333333333332,0.25833333333333336,0.16805555555555557,0.08888888888888889,0.2388888888888889
621,720,0.01,0.4635186986384538,1.0611595208339168,398,4.121128844190025e-05,0.014288075268268585,447057,9.879937314987183,0.16666666666666666,0.3388888888888889,0.21805555555555556,0.08055555555555556,0.19583333333333333
622,720,0.01,0.027000699952260888,0.2535765427216148,358,4.134626896075133e-05,0.015978284180164337,447777,9.894352281093598,0.16111111111111112,0.46944444444444444,0.19444444444444445,0.08055555555555556,0.09444444444444444
623,720,0.01,0.6936446555115711,1.6356890728037925,409,4.3075417793008655e-05,0.015452897176146507,448497,9.908800780773163,0.16944444444444445,0.3388888888888889,0.19444444444444445,0.08472222222222223,0.2125
624,720,0.01,0.591375655210082,1.3534342755493638,450,4.1439891828708316e-05,0.015046668238937855,449217,9.923570732275644,0.125,0.3597222222222222,0.2611111111111111,0.09861111111111111,0.15555555555555556
625,720,0.01,0.17736325891901722,0.467577759306957,373,3.960221303284723e-05,0.01466137170791626,449937,9.938963449001312,0.15833333333333333,0.3611111111111111,0.23472222222222222,0.11666666666666667,0.12916666666666668
626,720,0.01,0.025534079183461747,0.28406917597112025,380,3.987247061256009e-05,0.014817066490650177,450657,9.95648318529129,0.11388888888888889,0.4513888888888889,0.19444444444444445,0.09166666666666666,0.1486111111111111
627,720,0.01,0.9075786136516938,2.37646266833571,474,3.965514578365199e-05,0.01545163057744503,451377,9.970793847242991,0.15833333333333333,0.3486111111111111,0.2111111111111111,0.10277777777777777,0.17916666666666667
628,720,0.01,1.2655952466628944,3.880976228406123,445,4.020966130029693e-05,0.01477628294378519,452097,9.986656149228414,0.19027777777777777,0.2638888888888889,0.23055555555555557,0.08055555555555556,0.23472222222222222
629,720,0.01,0.6752005199618328,1.7557799885117436,487,4.083102042437127e-05,0.015177886933088303,452817,10.002000983556112,0.14305555555555555,0.3611111111111111,0.16666666666666666,0.1,0.22916666666666666
630,720,0.01,0.15291063213916817,0.5066831300477392,402,3.991658771964366e-05,0.015435909852385521,453537,10.01767829656601,0.12638888888888888,0.37916666666666665,0.20694444444444443,0.07083333333333333,0.21666666666666667
631,720,0.01,0.8373454759241575,2.1521837793401803,476,4.0694929436489876e-05,0.015039550140500069,454257,10.045534280935923,0.175,0.30416666666666664,0.19305555555555556,0.11388888888888889,0.21388888888888888
632,720,0.01,0.5158647612397425,1.1605541964979422,426,3.822541969813958e-05,0.015236500650644302,454977,10.061127916971843,0.12222222222222222,0.34305555555555556,0.2513888888888889,0.10833333333333334,0.175
633,720,0.01,-0.056405044514098494,0.18779061509419703,363,4.083176067221454e-05,0.01573197729885578,455697,10.075971500078838,0.11944444444444445,0.4,0.22777777777777777,0.08888888888888889,0.1638888888888889
634,720,0.01,0.5374237971973054,1.3677113114544808,437,3.864149008955388e-05,0.014487255364656448,456417,10.09600188334783,0.1875,0.3472222222222222,0.15555555555555556,0.07083333333333333,0.2388888888888889
635,720,0.01,0.1982569955069386,0.5102225068591566,371,4.153107730391841e-05,0.01541973277926445,457137,10.112498732407888,0.125,0.3819444444444444,0.22083333333333333,0.09583333333333334,0.1763888888888889
636,720,0.01,1.1997582398341262,3.5894410443827507,466,4.027153383579692e-05,0.015123970806598663,457857,10.129137698809306,0.1527777777777778,0.29444444444444445,0.18472222222222223,0.1361111111111111,0.23194444444444445
637,720,0.01,0.6979597827150366,1.6444412165683078,399,4.1606535138624976e-05,0.015320122241973877,458577,10.145567599932352,0.15555555555555556,0.3680555555555556,0.1763888888888889,0.09027777777777778,0.20972222222222223
638,720,0.01,0.6486370581863917,1.531057142078871,444,4.23947712470686e-05,0.015141896903514862,459297,10.160104648272197,0.17777777777777778,0.30833333333333335,0.16666666666666666,0.1361111111111111,0.2111111111111111
639,720,0.01,0.5902274793713223,1.4344661186436651,457,4.117818749338969e-05,0.015430409461259842,460017,10.174946133295695,0.15416666666666667,0.2986111111111111,0.15694444444444444,0.14166666666666666,0.24861111111111112
640,720,0.01,0.7925020252978506,2.0101864648519285,460,4.21753462875232e-05,0.014714585617184639,460737,10.189970282713572,0.15416666666666667,0.33055555555555555,0.17222222222222222,0.13194444444444445,0.2111111111111111
641,720,0.01,0.15174723382218475,0.38783812941127427,294,3.734862037971551e-05,0.015106521546840668,461457,10.220010217030843,0.10694444444444444,0.45416666666666666,0.24444444444444444,0.06388888888888888,0.13055555555555556
642,720,0.01,0.6214746630576601,1.4302026843160411,426,3.820542451270133e-05,0.014506332576274872,462177,10.235498185952505,0.15416666666666667,0.34305555555555556,0.24444444444444444,0.08888888888888889,0.16944444444444445
643,720,0.01,0.26347031982938623,0.6420908195597406,368,4.097850874889749e-05,0.015027299523353577,462897,10.249420567353566,0.12361111111111112,0.4305555555555556,0.19722222222222222,0.0763888888888889,0.17222222222222222
644,720,0.01,1.7229070753058904,6.526326508553755,396,4.393741580517801e-05,0.015796054154634476,463617,10.265784966945649,0.225,0.325,0.15555555555555556,0.06944444444444445,0.225
645,720,0.01,-0.057627762859177055,0.1675087873151111,359,3.9175442032046705e-05,0.014929704368114471,464337,10.282227917512257,0.15694444444444444,0.3472222222222222,0.24583333333333332,0.06527777777777778,0.18472222222222223
646,720,0.01,1.079890402590841,2.940826222985026,463,3.997971882654383e-05,0.01607629284262657,465057,10.296924165884654,0.16805555555555557,0.32083333333333336,0.225,0.1361111111111111,0.15
647,720,0.01,0.05331764728829058,0.2915171948026123,363,4.312269349434751e-05,0.015544353052973747,465777,10.313209148248037,0.11388888888888889,0.39444444444444443,0.25416666666666665,0.08194444444444444,0.15555555555555556
648,720,0.01,-0.03472877918747773,0.2303162138965582,401,3.8726807688110256e-05,0.015455130487680435,466497,10.3284197529157,0.1111111111111111,0.425,0.2111111111111111,0.10277777777777777,0.15
649,720,0.01,0.958449145337744,2.4884208152299583,432,4.169373989826555e-05,0.015066833235323429,467217,10.344261034329731,0.2152777777777778,0.34305555555555556,0.1527777777777778,0.09861111111111111,0.19027777777777777
650,720,0.01,0.6246769067967084,1.536225384897162,461,4.206524698196922e-05,0.014804107137024403,467937,10.361153129736582,0.16111111111111112,0.36527777777777776,0.1763888888888889,0.09583333333333334,0.2013888888888889
651,720,0.01,1.0778635203713578,3.002277285013312,441,4.012197349033563e-05,0.015374360606074333,468657,10.392265101273855,0.18055555555555555,0.33611111111111114,0.1625,0.09166666666666666,0.22916666666666666
652,720,0.01,-0.0003901121613910255,0.20064617116498118,305,4.460337436537682e-05,0.016606971621513367,469377,10.407109781106312,0.06111111111111111,0.34305555555555556,0.21388888888888888,0.11527777777777778,0.26666666666666666
653,720,0.01,0.17737729773759053,0.5187343108329205,389,4.73876496294502e-05,0.01668480597436428,470097,10.423182984193167,0.08888888888888889,0.325,0.20555555555555555,0.1486111111111111,0.23194444444444445
654,720,0.01,0.34649601281859654,0.8682385084115305,440,4.674578119016183e-05,0.016978180035948753,470817,10.437936600049337,0.13333333333333333,0.3416666666666667,0.24305555555555555,0.0763888888888889,0.20555555555555555
655,720,0.01,0.79962882224808,1.9672298948533031,437,4.4644300498930536e-05,0.016851970925927162,471537,10.4542373975118,0.15833333333333333,0.30277777777777776,0.17916666666666667,0.125,0.23472222222222222
656,720,0.01,0.7764766040479328,1.8647371594272064,424,4.611430192274687e-05,0.016914185136556625,472257,10.468859684467315,0.1736111111111111,0.3125,0.18472222222222223,0.12083333333333333,0.20833333333333334
657,720,0.01,0.6462729660191735,1.5485459122048213,431,4.6544664054535034e-05,0.01706025004386902,472977,10.48633755048116,0.15694444444444444,0.3388888888888889,0.18472222222222223,0.08333333333333333,0.2361111111111111
658,720,0.01,1.5067181838046082,5.222788908327992,445,4.343016207207661e-05,0.016389694064855576,473697,10.502492415905,0.19583333333333333,0.3388888888888889,0.1527777777777778,0.06944444444444445,0.24305555555555555
659,720,0.01,-0.04670325005645057,0.15407222172357926,353,4.3411470268337226e-05,0.015517020598053932,474417,10.517348233858744,0.13472222222222222,0.36666666666666664,0.2569444444444444,0.09305555555555556,0.1486111111111111
660,720,0.01,-0.014319828168187556,0.2332835580524686,364,4.542460966503212e-05,0.01618501916527748,475137,10.532501963774363,0.14444444444444443,0.3611111111111111,0.23333333333333334,0.10833333333333334,0.1527777777777778
661,720,0.01,0.9740491003849687,2.481798951778113,416,4.6295881083501124e-05,0.016066793352365494,475857,10.559337119261423,0.11527777777777778,0.3236111111111111,0.20555555555555555,0.125,0.23055555555555557
662,720,0.01,-0.003321927100635966,0.20343271980203226,339,4.314708196867893e-05,0.015549065545201302,476577,10.575579182306926,0.12916666666666668,0.4013888888888889,0.25,0.09444444444444444,0.125
663,720,0.01,0.8828073952010043,2.199701087226652,421,4.3194550690057235e-05,0.015921924263238907,477297,10.591751380761464,0.18333333333333332,0.35,0.18055555555555555,0.08194444444444444,0.20416666666666666
664,720,0.01,0.8080652624794845,2.0681208170725047,439,4.349633918789348e-05,0.016589444130659103,478017,10.60755656560262,0.19305555555555556,0.3527777777777778,0.1388888888888889,0.09027777777777778,0.225
665,720,0.01,0.1541606375964187,0.41716817512916915,347,4.3495846710407526e-05,0.016345888376235962,478737,10.622596514225005,0.16666666666666666,0.4236111111111111,0.24166666666666667,0.05694444444444444,0.1111111111111111
666,720,0.01,0.0009269712848237685,0.21613399567507763,331,4.7264015111320785e-05,0.01621612161397934,479457,10.63757328192393,0.10972222222222222,0.44583333333333336,0.19583333333333333,0.06527777777777778,0.18333333333333332
667,720,0.01,0.23899885755955622,0.6080123604263801,369,4.075723270994381e-05,0.015701936557888985,480177,10.653642916679383,0.1625,0.3736111111111111,0.2222222222222222,0.06388888888888888,0.17777777777777778
668,720,0.01,0.0322270349841432,0.30568399163155724,378,4.087353201308967e-05,0.015495304018259048,480897,10.66735626856486,0.09027777777777778,0.375,0.2708333333333333,0.08472222222222223,0.17916666666666667
669,720,0.01,1.3092477990905376,4.053079195181808,434,4.2472512984659264e-05,0.015518277883529663,481617,10.682253630956014,0.1486111111111111,0.3194444444444444,0.19166666666666668,0.06805555555555555,0.2722222222222222
670,720,0.01,-0.11122363236300135,0.15462586793928446,433,4.222755247585357e-05,0.01585099846124649,482337,10.69948090314865,0.1388888888888889,0.37916666666666665,0.20833333333333334,0.09861111111111111,0.175
671,720,0.01,0.06006192847997934,0.36692258999092897,425,4.141317335905923e-05,0.016025306656956673,483057,10.725653918584188,0.14583333333333334,0.4083333333333333,0.21666666666666667,0.09027777777777778,0.1388888888888889
672,720,0.01,0.09875944442227104,0.3261227305047327,321,4.150180932861581e-05,0.015937773510813713,483777,10.74135083357493,0.175,0.4236111111111111,0.19305555555555556,0.08888888888888889,0.11944444444444445
673,720,0.01,-0.03475404189004228,0.24078712705187066,414,3.914957345487993e-05,0.015499142929911613,484497,10.757101551691692,0.15138888888888888,0.3486111111111111,0.2625,0.07361111111111111,0.1638888888888889
674,720,0.01,0.1958125492806222,0.4496360853043093,307,4.303868369485523e-05,0.015219157561659813,485217,10.772395082314809,0.09166666666666666,0.41944444444444445,0.2916666666666667,0.07222222222222222,0.125
675,720,0.01,-0.0020769562042226163,0.1846211795757946,309,4.264361371421425e-05,0.016409216448664665,485937,10.788111380736034,0.06527777777777778,0.31666666666666665,0.2972222222222222,0.1125,0.20833333333333334
676,720,0.01,0.43221379934047993,0.9986337044645985,421,4.247404175051391e-05,0.015985289588570595,486657,10.804319818814596,0.12083333333333333,0.3138888888888889,0.23333333333333334,0.10555555555555556,0.2263888888888889
677,720,0.01,0.04725659856248819,0.3394466736375743,385,4.185186831793746e-05,0.015997521579265594,487377,10.820144200325013,0.13194444444444445,0.39861111111111114,0.2361111111111111,0.06944444444444445,0.1638888888888889
678,720,0.01,-0.04763406197003137,0.17511490937819674,362,4.221932599522107e-05,0.015718596056103706,488097,10.83341143131256,0.1361111111111111,0.39861111111111114,0.19583333333333333,0.10416666666666667,0.16527777777777777
679,720,0.01,0.6352124079665782,1.4625869620203131,399,4.060017266738214e-05,0.01628146506845951,488817,10.848201350371044,0.1375,0.31527777777777777,0.2652777777777778,0.05694444444444444,0.225
680,720,0.01,0.07815608153121503,0.3911852498430217,403,4.376647889709299e-05,0.015649540349841118,489537,10.865504018465678,0.13055555555555556,0.32222222222222224,0.25,0.11805555555555555,0.17916666666666667
681,720,0.01,0.24001043927328508,0.6144759894267171,391,4.313788754567819e-05,0.016242705285549164,490257,10.89261208375295,0.15833333333333333,0.3680555555555556,0.22361111111111112,0.09583333333333334,0.15416666666666667
682,720,0.01,0.21407570210911359,0.590543373370606,412,4.196855877706993e-05,0.01671645976603031,490977,10.909524452686309,0.1375,0.39444444444444443,0.2361111111111111,0.06666666666666667,0.16527777777777777
683,720,0.01,0.7221320404471233,1.6594837910534945,398,4.33164390617296e-05,0.016204413026571274,491697,10.923725581169128,0.17083333333333334,0.3736111111111111,0.18472222222222223,0.075,0.19583333333333333
684,720,0.01,0.08704841881325326,0.3159362886000039,371,4.297309855145512e-05,0.015980370342731476,492417,10.938822452227274,0.0763888888888889,0.3527777777777778,0.36527777777777776,0.06666666666666667,0.1388888888888889
685,720,0.01,0.16889654666948614,0.5218041117709817,380,4.280468600781104e-05,0.015871215611696243,493137,10.953262750307719,0.15416666666666667,0.30416666666666664,0.2222222222222222,0.09305555555555556,0.2263888888888889
686,720,0.01,0.5890517376732056,1.4032013339819125,446,4.393523599522571e-05,0.015530843287706375,493857,10.968693081537882,0.1597222222222222,0.3875,0.18333333333333332,0.08888888888888889,0.18055555555555555
687,720,0.01,0.05670021175001193,0.3410464093941328,382,4.0212400218327575e-05,0.015696024522185326,494577,10.984942698478699,0.1625,0.30972222222222223,0.2875,0.075,0.16527777777777777
688,720,0.01,0.20898661270349833,0.5569621962679376,382,4.043026417169434e-05,0.015932496637105942,495297,11.001478147506713,0.16944444444444445,0.3875,0.24861111111111112,0.044444444444444446,0.15
689,720,0.01,0.02271901850082491,0.2613959676302986,364,4.1619524061944606e-05,0.015680449083447456,496017,11.017355899016062,0.11388888888888889,0.3861111111111111,0.2361111111111111,0.09722222222222222,0.16666666666666666
690,720,0.01,1.0840393584313213,2.900244948345251,411,4.328298125402499e-05,0.016069671139121056,496737,11.035111232598622,0.18611111111111112,0.3527777777777778,0.19722222222222222,0.08055555555555556,0.18333333333333332
691,720,0.01,0.5213328561961772,1.2820698411225901,451,4.545092430134901e-05,0.01587683893740177,497457,11.063241215546926,0.13333333333333333,0.37777777777777777,0.22361111111111112,0.06111111111111111,0.20416666666666666
692,720,0.01,-0.07264471885183926,0.1639917726895701,381,4.560460079498322e-05,0.015575539320707321,498177,11.078637949625652,0.10972222222222222,0.3861111111111111,0.2513888888888889,0.06527777777777778,0.1875
693,720,0.01,-0.0587855760773604,0.16995399078684104,381,4.1416485443177306e-05,0.01564209908246994,498897,11.094511365890503,0.10694444444444444,0.37916666666666665,0.2875,0.07222222222222222,0.15416666666666667
694,720,0.01,0.1514115192142268,0.42605447027904786,365,4.071769868561306e-05,0.014773605391383171,499617,11.110141150156657,0.1111111111111111,0.3972222222222222,0.2861111111111111,0.075,0.13055555555555556
695,720,0.01,1.6009743206639682,5.722595537508363,426,3.718071305911508e-05,0.01576334238052368,500337,11.125945882002513,0.18888888888888888,0.3347222222222222,0.20277777777777778,0.06666666666666667,0.20694444444444443
696,720,0.01,1.099987201421741,3.0744558393561725,429,4.330126108698096e-05,0.01619933545589447,501057,11.142929820219676,0.14583333333333334,0.3333333333333333,0.17916666666666667,0.08333333333333333,0.25833333333333336
697,720,0.01,0.06835093574511816,0.41956563751428777,415,4.646244479873631e-05,0.016315586864948273,501777,11.157732733090718,0.15416666666666667,0.3236111111111111,0.2361111111111111,0.07083333333333333,0.2152777777777778
698,720,0.01,0.16465454122859316,0.4672714818303916,366,4.488462736970986e-05,0.015246380120515823,502497,11.173841313521068,0.10972222222222222,0.3013888888888889,0.3416666666666667,0.07777777777777778,0.16944444444444445
699,720,0.01,0.24198270793930196,0.6282123707549334,401,4.023059286358451e-05,0.015790732577443123,503217,11.18859976530075,0.10972222222222222,0.3597222222222222,0.20833333333333334,0.09444444444444444,0.22777777777777777
700,720,0.01,0.5580762583062467,1.3374866204817413,429,3.916052668147232e-05,0.01529095508158207,503937,11.203644653161367,0.15833333333333333,0.3402777777777778,0.17916666666666667,0.09583333333333334,0.2263888888888889
701,720,0.01,0.8851466594256845,2.1397609279489864,390,4.195462543824154e-05,0.015365546569228172,504657,11.23237871726354,0.1597222222222222,0.3861111111111111,0.19583333333333333,0.05416666666666667,0.20416666666666666
702,720,0.01,0.07151571146133097,0.35393573658415023,393,4.2368866771388033e-05,0.01466150302439928,505377,11.24745995203654,0.13472222222222222,0.3388888888888889,0.27361111111111114,0.08888888888888889,0.1638888888888889
703,720,0.01,-0.11671484603763069,0.15348195401512377,422,4.242322172305851e-05,0.014691774733364582,506097,11.26317066748937,0.14583333333333334,0.42083333333333334,0.18055555555555555,0.11388888888888889,0.1388888888888889
704,720,0.01,0.6275029023009254,1.3916963936497542,387,3.9830261783259224e-05,0.01505761593580246,506817,11.277867368857066,0.12777777777777777,0.38472222222222224,0.18472222222222223,0.08888888888888889,0.21388888888888888
705,720,0.01,0.3156460184485607,0.6630379471623531,344,3.980701450624717e-05,0.015982624143362045,507537,11.293160935242971,0.08472222222222223,0.3597222222222222,0.3388888888888889,0.08194444444444444,0.13472222222222222
706,720,0.01,0.42045719073170246,0.9981209036476011,407,4.1203744932418985e-05,0.01596526987850666,508257,11.309615882237752,0.14027777777777778,0.3333333333333333,0.25277777777777777,0.07083333333333333,0.20277777777777778
707,720,0.01,0.974095754224061,2.5987830772702263,426,4.2615717966833065e-05,0.015736212953925133,508977,11.324290450414022,0.2013888888888889,0.28055555555555556,0.1527777777777778,0.10555555555555556,0.25972222222222224
708,720,0.01,0.908601130338306,2.371477684606944,446,4.440020111360354e-05,0.016473639756441116,509697,11.339916551113129,0.1597222222222222,0.3541666666666667,0.17777777777777778,0.08472222222222223,0.22361111111111112
709,720,0.01,0.6550329939057539,1.6539072655408642,436,4.10099070285873e-05,0.01632370799779892,510417,11.354654280344645,0.15555555555555556,0.32083333333333336,0.16944444444444445,0.075,0.2791666666666667
710,720,0.01,0.5745294636267051,1.3286284906090904,405,4.604786348383843e-05,0.0170192439109087,511137,11.370518330732981,0.16805555555555557,0.325,0.1736111111111111,0.10416666666666667,0.22916666666666666
711,720,0.01,-0.17973324306185723,0.04840164019270965,377,4.337350172692014e-05,0.016117284074425697,511857,11.398305332660675,0.14027777777777778,0.3680555555555556,0.2763888888888889,0.034722222222222224,0.18055555555555555
712,720,0.01,1.3947557927900864,4.572009677862136,439,3.890715447722768e-05,0.0151639673858881,512577,11.413146833578745,0.14166666666666666,0.30972222222222223,0.19583333333333333,0.07777777777777778,0.275
713,720,0.01,0.6314092562528749,1.5508056648073585,441,3.973701453661407e-05,0.01555189210921526,513297,11.427337217330933,0.15,0.34305555555555556,0.22361111111111112,0.075,0.20833333333333334
714,720,0.01,0.9405402141578637,2.59139323212873,459,4.165109651113299e-05,0.01565081998705864,514017,11.441095300515492,0.175,0.325,0.1375,0.1111111111111111,0.2513888888888889
715,720,0.01,0.4666606798828036,1.1316805939991927,452,4.622869273842096e-05,0.015097454190254211,514737,11.45733819802602,0.15833333333333333,0.35,0.21666666666666667,0.0763888888888889,0.1986111111111111
716,720,0.01,0.03244625917159726,0.25288170140662736,327,4.379472510688881e-05,0.01616378128528595,515457,11.473640429973603,0.11805555555555555,0.3597222222222222,0.27361111111111114,0.0625,0.18611111111111112
717,720,0.01,-0.09494255585000946,0.13548224272033416,382,4.072548340319473e-05,0.016062520444393158,516177,11.490445919831593,0.10138888888888889,0.3458333333333333,0.29444444444444445,0.07361111111111111,0.18472222222222223
718,720,0.01,0.2666973137939453,0.6473983958762226,393,4.2513115845900355e-05,0.016884110867977142,516897,11.506182165940603,0.11527777777777778,0.38055555555555554,0.21805555555555556,0.08333333333333333,0.20277777777777778
719,720,0.01,0.7765437399161903,1.8872189561752055,422,4.238058663001235e-05,0.01650598831474781,517617,11.521988232930502,0.14583333333333334,0.35694444444444445,0.18472222222222223,0.09583333333333334,0.21666666666666667
720,720,0.01,0.0010008852202186662,0.28402655333350313,393,4.483973942039181e-05,0.01682008057832718,518337,11.53816723426183,0.11944444444444445,0.3111111111111111,0.25416666666666665,0.08055555555555556,0.23472222222222222
721,720,0.01,-0.0020651729230149016,0.2807358903621089,411,4.198110709694447e-05,0.015775617212057114,519057,11.566094466050465,0.11944444444444445,0.31805555555555554,0.2722222222222222,0.07777777777777778,0.2125
722,720,0.01,0.14829982407642145,0.5001270793351331,404,4.222001435512842e-05,0.015734799206256866,519777,11.581494235992432,0.11527777777777778,0.3625,0.2625,0.05,0.20972222222222223
723,720,0.01,0.6456639495287431,1.6239057435375872,477,4.0770606478367375e-05,0.01567414402961731,520497,11.596189518769583,0.16666666666666666,0.3458333333333333,0.18333333333333332,0.10277777777777777,0.2013888888888889
724,720,0.01,0.3595750087865346,0.7670738894431843,375,4.148583859281037e-05,0.015556633472442627,521217,11.611353735129038,0.12638888888888888,0.37916666666666665,0.25277777777777777,0.08888888888888889,0.1527777777777778
725,720,0.01,0.11632082947844,0.4018893036644908,370,3.922725059939896e-05,0.014821888878941536,521937,11.628139464060466,0.1111111111111111,0.4222222222222222,0.2375,0.07083333333333333,0.15833333333333333
726,720,0.01,0.3519219008394892,0.7549175940172583,370,4.3905686067723256e-05,0.015361983329057693,522657,11.6447949330012,0.11527777777777778,0.3416666666666667,0.25277777777777777,0.10277777777777777,0.1875
727,720,0.01,0.12483358451431664,0.47120763585138636,437,3.763487110796228e-05,0.015027033165097237,523377,11.659963881969452,0.11388888888888889,0.4111111111111111,0.2013888888888889,0.0875,0.18611111111111112
728,720,0.01,0.4416267711987913,1.0266349777291013,395,3.944228599013716e-05,0.01609296165406704,524097,11.676771867275239,0.15138888888888888,0.37222222222222223,0.20555555555555555,0.08472222222222223,0.18611111111111112
729,720,0.01,-0.07692491107124769,0.12617292094833443,360,3.697880484625987e-05,0.014520234428346157,524817,11.692069832483927,0.09305555555555556,0.32222222222222224,0.29444444444444445,0.11527777777777778,0.175
730,720,0.01,0.11415578115037373,0.38148054277194965,382,3.6485196915236884e-05,0.014328008517622948,525537,11.707506318887075,0.10138888888888889,0.3958333333333333,0.26944444444444443,0.10277777777777777,0.13055555555555556
731,720,0.01,0.25913101863904475,0.7110907260055956,434,3.837455377732921e-05,0.013715524226427078,526257,11.735697468121847,0.14444444444444443,0.3819444444444444,0.17777777777777778,0.10416666666666667,0.19166666666666668
732,720,0.01,1.0181068968889857,2.704717090114064,414,4.0047224503167756e-05,0.014241604134440422,526977,11.751302103201548,0.1875,0.36527777777777776,0.13194444444444445,0.10555555555555556,0.20972222222222223
733,720,0.01,0.8678825452241219,2.3497393780853404,496,4.139327983997039e-05,0.013834333047270775,527697,11.766455415884653,0.15555555555555556,0.3416666666666667,0.16805555555555557,0.11666666666666667,0.21805555555555556
734,720,0.01,0.1298263332901355,0.49268473368746046,417,4.177769547545217e-05,0.01406578067690134,528417,11.78228699763616,0.1638888888888889,0.34444444444444444,0.24861111111111112,0.05555555555555555,0.1875
735,720,0.01,0.258945419011405,0.6954452979958645,405,4.2765916348091395e-05,0.01433558203279972,529137,11.796947300434113,0.19583333333333333,0.37777777777777777,0.18888888888888888,0.0763888888888889,0.16111111111111112
736,720,0.01,0.12379299328151235,0.49450192871276344,422,4.1824323779514496e-05,0.0150298485532403,529857,11.812006767590841,0.17777777777777778,0.3736111111111111,0.19722222222222222,0.08888888888888889,0.1625
737,720,0.01,-0.18681927935568127,-0.014956305953357396,312,4.068971845122683e-05,0.015265974216163158,530577,11.827512315909068,0.058333333333333334,0.41944444444444445,0.30694444444444446,0.09166666666666666,0.12361111111111112
738,720,0.01,0.19083034741163296,0.506562171258802,372,4.275969290574721e-05,0.014969540759921074,531297,11.845181167125702,0.11805555555555555,0.4097222222222222,0.25277777777777777,0.0763888888888889,0.14305555555555555
739,720,0.01,0.040396058248053514,0.3003663835346073,362,3.952318740958718e-05,0.01524974312633276,532017,11.860401034355164,0.125,0.4625,0.19166666666666668,0.07361111111111111,0.14722222222222223
740,720,0.01,-0.13241581964180993,0.028482258782381198,318,4.1385859148274704e-05,0.015121862292289734,532737,11.876097850004832,0.06527777777777778,0.4097222222222222,0.33055555555555555,0.0763888888888889,0.11805555555555555
741,720,0.01,0.30364512059955867,0.7283118461116784,399,4.228741811655507e-05,0.015032486990094185,533457,11.89901183048884,0.12083333333333333,0.3416666666666667,0.24722222222222223,0.09305555555555556,0.19722222222222222
742,720,0.01,0.4940818910673363,1.2223871057823765,447,3.909696651034109e-05,0.01491119246929884,534177,11.91073983112971,0.21666666666666667,0.33611111111111114,0.19722222222222222,0.0763888888888889,0.1736111111111111
743,720,0.01,1.338275254573807,4.120618612842896,412,4.028065526805828e-05,0.014951487071812153,534897,11.925667250156403,0.19583333333333333,0.30277777777777776,0.18611111111111112,0.08611111111111111,0.22916666666666666
744,720,0.01,0.20286519448894286,0.6126280775780586,439,4.031867735976549e-05,0.015477610751986504,535617,11.940765535831451,0.1527777777777778,0.3625,0.22083333333333333,0.0763888888888889,0.1875
745,720,0.01,0.47125393035604213,1.0766456638330233,421,4.415840111657114e-05,0.015631217509508133,536337,11.956824282805124,0.1375,0.3736111111111111,0.24444444444444444,0.07361111111111111,0.17083333333333334
746,720,0.01,-0.14190978971040907,0.02233600553784898,298,4.4362440937422635e-05,0.016203656792640686,537057,11.971668450037638,0.05138888888888889,0.46111111111111114,0.28888888888888886,0.06944444444444445,0.12916666666666668
747,720,0.01,-0.05265325672642588,0.178328304916322,354,4.3426982353543685e-05,0.01584082841873169,537777,11.986597037315368,0.14583333333333334,0.41944444444444445,0.19583333333333333,0.07222222222222222,0.16666666666666666
748,720,0.01,0.38444711726529335,0.8463248898532425,365,3.979051495358969e-05,0.016165364533662796,538497,12.000621016820272,0.12083333333333333,0.3902777777777778,0.22361111111111112,0.08055555555555556,0.18472222222222223
749,720,0.01,0.7181850771929198,1.7454227686780852,455,3.955077383782029e-05,0.016032952815294266,539217,12.016449117660523,0.14583333333333334,0.37083333333333335,0.1986111111111111,0.10555555555555556,0.17916666666666667
750,720,0.01,0.7416425022490954,1.9340757642762512,457,4.264870821215381e-05,0.014818478375673294,539937,12.03249960343043,0.20694444444444443,0.34444444444444444,0.15138888888888888,0.08055555555555556,0.21666666666666667
751,720,0.01,0.9039604117754733,2.333292025087743,415,4.150698622298579e-05,0.015004098415374756,540657,12.060367047786713,0.15555555555555556,0.3416666666666667,0.1763888888888889,0.0875,0.2388888888888889
752,720,0.01,0.25717721329999793,0.676028846286655,428,4.157433775794238e-05,0.015384988859295845,541377,12.075057665506998,0.125,0.4013888888888889,0.22777777777777777,0.09444444444444444,0.15138888888888888
753,720,0.01,0.7558139143499486,1.936780503088448,472,4.3928353789447605e-05,0.014803853817284107,542097,12.090500330924987,0.18472222222222223,0.35138888888888886,0.18194444444444444,0.10277777777777777,0.17916666666666667
754,720,0.01,0.7885737440349333,1.8916397941576326,399,4.189258528160483e-05,0.014958854764699936,542817,12.104324766000111,0.18333333333333332,0.4,0.15694444444444444,0.08055555555555556,0.17916666666666667
755,720,0.01,-0.01710375803377548,0.2778081687205467,412,4.505131566298183e-05,0.014909142628312111,543537,12.120280615488689,0.11527777777777778,0.36666666666666664,0.24305555555555555,0.0875,0.1875
756,720,0.01,0.5567799118459407,1.3485072459815486,432,4.107662963153618e-05,0.015010151080787182,544257,12.135763216018677,0.19583333333333333,0.3902777777777778,0.1486111111111111,0.0875,0.17777777777777778
757,720,0.01,0.7642072025862962,2.003286540665783,460,4.121273370982534e-05,0.015180667862296104,544977,12.15139121611913,0.1597222222222222,0.3638888888888889,0.1597222222222222,0.08194444444444444,0.23472222222222222
758,720,0.01,-0.08796626142254713,0.10742083390123147,337,4.090131234811957e-05,0.01493060402572155,545697,12.166812451680501,0.0875,0.3541666666666667,0.3055555555555556,0.09166666666666666,0.16111111111111112
759,720,0.01,0.07365069077741593,0.3490500671104526,377,4.4178820766976265e-05,0.015440572053194046,546417,12.182042380174002,0.09861111111111111,0.3888888888888889,0.24861111111111112,0.058333333333333334,0.20555555555555555
760,720,0.01,0.39775651416953106,0.8575464688409848,375,4.138263064735131e-05,0.01581069827079773,547137,12.196850764751435,0.09027777777777778,0.35833333333333334,0.24861111111111112,0.12361111111111112,0.17916666666666667
761,720,0.01,0.1706065386273756,0.5404992290920738,430,4.278346984342029e-05,0.015405479818582535,547857,12.22615186770757,0.08472222222222223,0.4152777777777778,0.20555555555555555,0.10694444444444444,0.1875
762,720,0.01,1.1028809406621896,3.1262992531818634,448,4.1096157843235736e-05,0.01431440282613039,548577,12.243561283747356,0.1625,0.3347222222222222,0.18888888888888888,0.09166666666666666,0.2222222222222222
763,720,0.01,0.4485952257184916,1.061317261389179,452,3.9454165636875084e-05,0.014656279236078262,549297,12.260785432656606,0.15555555555555556,0.35138888888888886,0.2375,0.0875,0.16805555555555557
764,720,0.01,1.0891283087456298,3.0719756881860194,457,4.1249639615317495e-05,0.014666402712464333,550017,12.278059768676759,0.17777777777777778,0.32916666666666666,0.17777777777777778,0.08611111111111111,0.22916666666666666
765,720,0.01,0.7125841642271047,1.6177997221247922,380,4.258354437701605e-05,0.014342714101076126,550737,12.292647850513458,0.125,0.3958333333333333,0.2222222222222222,0.05416666666666667,0.20277777777777778
766,720,0.01,0.1827385791328422,0.4553385866205466,337,4.1689072872941324e-05,0.014566967263817787,551457,12.307985985279084,0.12222222222222222,0.46111111111111114,0.20694444444444443,0.08333333333333333,0.12638888888888888
767,720,0.01,0.22135123400126203,0.5775156466186648,410,4.169065584720657e-05,0.014763092622160912,552177,12.32413926521937,0.12083333333333333,0.44166666666666665,0.22083333333333333,0.07361111111111111,0.14305555555555555
768,720,0.01,0.03856759728394799,0.27069957756296414,346,4.233493546305706e-05,0.014439089223742485,552897,12.34018633365631,0.10694444444444444,0.44166666666666665,0.2222222222222222,0.07777777777777778,0.15138888888888888
769,720,0.01,0.33992393719506436,0.7827799883691513,395,3.836659173986037e-05,0.01434768084436655,553617,12.355429633458455,0.14027777777777778,0.4236111111111111,0.1986111111111111,0.07777777777777778,0.1597222222222222
770,720,0.01,1.1612620694468636,3.2952599155399103,427,4.004868709317735e-05,0.013627786189317703,554337,12.370001697540284,0.19166666666666668,0.39166666666666666,0.11388888888888889,0.10277777777777777,0.2
771,720,0.01,1.2920253519126401,4.150147483882286,459,4.071010934138839e-05,0.01396394707262516,555057,12.399352935949961,0.22361111111111112,0.3472222222222222,0.1125,0.08472222222222223,0.23194444444444445
772,720,0.01,1.2243388984900798,3.761624533128697,448,4.21917784542024e-05,0.014386236667633057,555777,12.415003935496012,0.2111111111111111,0.32222222222222224,0.15416666666666667,0.075,0.2375
773,720,0.01,0.18499536362404342,0.5738035985061511,427,4.043442279705939e-05,0.014843745157122612,556497,12.430537366867066,0.12083333333333333,0.38333333333333336,0.23472222222222222,0.08472222222222223,0.1763888888888889
774,720,0.01,0.16058234797273332,0.5171481386513894,418,4.180965466578831e-05,0.014646981842815876,557217,12.445569165547688,0.1375,0.4125,0.20277777777777778,0.07083333333333333,0.1763888888888889
775,720,0.01,1.0540337201799563,2.8335210695993203,421,4.366709621813748e-05,0.015960777178406715,557937,12.462367383639018,0.23194444444444445,0.3861111111111111,0.1375,0.07083333333333333,0.1736111111111111
776,720,0.01,0.27113896969796325,0.6906937872589887,415,4.483355119191401e-05,0.016147330403327942,558657,12.479159601529439,0.11944444444444445,0.41944444444444445,0.25277777777777777,0.04722222222222222,0.16111111111111112
777,720,0.01,0.051169974028407096,0.261018810534833,327,4.233518529619889e-05,0.015703417360782623,559377,12.49193366765976,0.10972222222222222,0.4597222222222222,0.22777777777777777,0.05555555555555555,0.14722222222222223
778,720,0.01,0.22859001933697343,0.5774979554094803,377,3.973689972175028e-05,0.01576322130858898,560097,12.507515613238017,0.1527777777777778,0.3486111111111111,0.31805555555555554,0.05138888888888889,0.12916666666666668
779,720,0.01,0.5377215778404012,1.1408898874182092,370,4.036590109358763e-05,0.015487655065953732,560817,12.521545469760895,0.09722222222222222,0.4513888888888889,0.2375,0.058333333333333334,0.15555555555555556
780,720,0.01,1.0883304772620568,3.0829937322920093,451,4.2959238693482704e-05,0.015703707933425903,561537,12.537137234210968,0.2,0.3458333333333333,0.16527777777777777,0.07916666666666666,0.20972222222222223
781,720,0.01,1.0085817894180231,2.848108732989047,454,4.5820559041152995e-05,0.016687864437699318,562257,12.5640558163325,0.19583333333333333,0.3819444444444444,0.12777777777777777,0.075,0.21944444444444444
782,720,0.01,1.0226533344138076,2.793933464829747,442,4.780843457865558e-05,0.01625332050025463,562977,12.581488664944967,0.16527777777777777,0.3861111111111111,0.1361111111111111,0.08333333333333333,0.22916666666666666
783,720,0.01,0.014609346140370521,0.2816000625528623,379,4.012708557689216e-05,0.01641269028186798,563697,12.597926803429921,0.13472222222222222,0.44722222222222224,0.19583333333333333,0.05416666666666667,0.16805555555555557
784,720,0.01,0.09373841505398386,0.3657973742644969,378,4.213783347369018e-05,0.01580493524670601,564417,12.613266098499299,0.10277777777777777,0.43472222222222223,0.24444444444444444,0.0625,0.15555555555555556
785,720,0.01,-0.08508618955930125,0.06307304238836697,259,4.122440486627157e-05,0.015544011257588863,565137,12.62840369939804,0.10416666666666667,0.5027777777777778,0.2708333333333333,0.02638888888888889,0.09583333333333334
786,720,0.01,-0.007848744746196191,0.1461416967168947,293,3.9837169880583035e-05,0.014691824093461037,565857,12.646089049180349,0.05138888888888889,0.5222222222222223,0.2847222222222222,0.04861111111111111,0.09305555555555556
787,720,0.01,0.6189901300099417,1.4911392351723238,461,4.1607539580784055e-05,0.0151424091309309,566577,12.6609011332194,0.15416666666666667,0.3902777777777778,0.16805555555555557,0.11805555555555555,0.16944444444444445
788,720,0.01,0.11229485409865465,0.426601231494228,396,4.1088696211015004e-05,0.015462424606084824,567297,12.676447451114655,0.16666666666666666,0.4513888888888889,0.18333333333333332,0.05555555555555555,0.14305555555555555
789,720,0.01,1.0361805328711362,2.7807807384633785,427,3.9828625841033096e-05,0.015938276425004005,568017,12.692945683002472,0.16944444444444445,0.39305555555555555,0.14166666666666666,0.08472222222222223,0.2111111111111111
790,720,0.01,0.9959271075714422,2.7059035700534393,458,4.321553839695803e-05,0.016089705750346184,568737,12.706582482655843,0.17777777777777778,0.3763888888888889,0.1736111111111111,0.08333333333333333,0.18888888888888888
791,720,0.01,0.6941008753118904,1.5801586139316304,406,3.891022801730691e-05,0.015544593334197998,569457,12.735678585370382,0.17222222222222222,0.4152777777777778,0.2013888888888889,0.06111111111111111,0.15
792,720,0.01,0.07469510658900316,0.2797888540985607,286,3.8967323733787554e-05,0.01514482032507658,570177,12.750377984841665,0.12222222222222222,0.5611111111111111,0.19027777777777777,0.030555555555555555,0.09583333333333334
793,720,0.01,0.006903900934721391,0.2012995161038793,300,3.989528133464167e-05,0.015292256139218807,570897,12.764694718519847,0.10416666666666667,0.5444444444444444,0.16111111111111112,0.05555555555555555,0.13472222222222222
794,720,0.01,0.23936073828496557,0.6280137903655258,399,4.129826905909795e-05,0.015058370307087898,571617,12.780262315273285,0.10277777777777777,0.4444444444444444,0.20555555555555555,0.0763888888888889,0.17083333333333334
795,720,0.01,-0.04539381934404721,0.17922351136338688,361,4.309657948498271e-05,0.015488171949982643,572337,12.794200615088146,0.13055555555555556,0.43472222222222223,0.2013888888888889,0.075,0.15833333333333333
796,720,0.01,0.5776500954922703,1.3429248751741807,393,4.156310401792022e-05,0.015338713303208351,573057,12.809415896733602,0.175,0.4166666666666667,0.14583333333333334,0.06805555555555555,0.19444444444444445
797,720,0.01,-0.006634056288680719,0.2867452186525239,398,4.2671647273411714e-05,0.01561911404132843,573777,12.825353483359018,0.1625,0.42916666666666664,0.18888888888888888,0.05277777777777778,0.16666666666666666
798,720,0.01,0.7427757777291759,1.8004378437642923,430,4.159896369376131e-05,0.015564903616905212,574497,12.83988184928894,0.24444444444444444,0.36666666666666664,0.14444444444444443,0.08611111111111111,0.15833333333333333
799,720,0.01,0.6890656560196954,1.7218605059479692,462,4.346665396800139e-05,0.015526480972766876,575217,12.854207317034403,0.19305555555555556,0.3625,0.16805555555555557,0.07361111111111111,0.20277777777777778
800,720,0.01,0.04908575065997856,0.2412088089119233,307,4.426509893467786e-05,0.01602248102426529,575937,12.870171435674031,0.09861111111111111,0.4930555555555556,0.25972222222222224,0.05694444444444444,0.09166666666666666
801,720,0.01,0.6198282566739248,1.444469819502844,430,4.398789359735626e-05,0.014904389157891273,576657,12.896095200379689,0.15416666666666667,0.44027777777777777,0.1763888888888889,0.06944444444444445,0.1597222222222222
802,720,0.01,-0.13254156181010404,0.11288799987840248,375,4.262574761545087e-05,0.015748698264360428,577377,12.910178518295288,0.11805555555555555,0.46111111111111114,0.18472222222222223,0.05416666666666667,0.18194444444444444
803,720,0.01,0.34777338918448725,0.8099032470572625,404,3.71603122036706e-05,0.01563280262053013,578097,12.92455373207728,0.14305555555555555,0.45555555555555555,0.19722222222222222,0.05416666666666667,0.15
804,720,0.01,0.07089879064642012,0.36738313206119777,375,3.864536229735273e-05,0.015138956718146801,578817,12.939501019318898,0.14305555555555555,0.4,0.24305555555555555,0.03611111111111111,0.17777777777777778
805,720,0.01,0.3661625863071581,0.8704192176572418,415,4.154581957765105e-05,0.015923544764518738,579537,12.95435676574707,0.125,0.38055555555555554,0.21666666666666667,0.09166666666666666,0.18611111111111112
806,720,0.01,0.28582278230431374,0.643491237180768,331,3.95475074040203e-05,0.015048535540699959,580257,12.969432349999746,0.10833333333333334,0.4444444444444444,0.2569444444444444,0.05138888888888889,0.1388888888888889
807,720,0.01,0.005395086359308461,0.29161721256697026,397,3.7230091231776895e-05,0.0155162513256073,580977,12.984493247667949,0.13055555555555556,0.4638888888888889,0.19722222222222222,0.04861111111111111,0.1597222222222222
808,720,0.01,1.275308339633556,3.845538281738519,437,3.663426414909231e-05,0.015102291479706764,581697,12.998918950557709,0.16805555555555557,0.37083333333333335,0.175,0.06388888888888888,0.2222222222222222
809,720,0.01,0.05781730045917545,0.35096249876147656,395,3.624877168830507e-05,0.01493887510150671,582417,13.014462566375732,0.12083333333333333,0.4222222222222222,0.2111111111111111,0.07083333333333333,0.175
810,720,0.01,0.0661582381884228,0.33230195342554625,349,3.851460009577244e-05,0.015329265967011452,583137,13.031572329998017,0.13333333333333333,0.44583333333333336,0.23194444444444445,0.06388888888888888,0.125
811,720,0.01,0.73730460678198,1.8173722006764201,444,3.828910575849578e-05,0.015404878184199333,583857,13.060993985335033,0.18888888888888888,0.36666666666666664,0.1597222222222222,0.08055555555555556,0.20416666666666666
812,720,0.01,0.672752012431297,1.5580673000098462,413,4.096811376636348e-05,0.015797890722751617,584577,13.078662848472595,0.175,0.39444444444444443,0.19027777777777777,0.05277777777777778,0.1875
813,720,0.01,0.15700724906186275,0.49669186472257976,393,3.871458212516801e-05,0.015320226550102234,585297,13.095573747158051,0.125,0.4152777777777778,0.21666666666666667,0.0763888888888889,0.16666666666666666
814,720,0.01,0.3130829342540563,0.7135768897626245,379,3.4819659502874044e-05,0.014212559908628464,586017,13.110810001691183,0.15416666666666667,0.4263888888888889,0.20277777777777778,0.06388888888888888,0.1527777777777778
815,720,0.01,0.1567725461903825,0.5346042745252266,405,3.7112459458259965e-05,0.013549608178436756,586737,13.12649999856949,0.13055555555555556,0.4125,0.1986111111111111,0.044444444444444446,0.21388888888888888
816,720,0.01,0.2985615178374257,0.6749972405409352,397,3.710488426425703e-05,0.014272768050432205,587457,13.142331568400065,0.10555555555555556,0.47638888888888886,0.20972222222222223,0.07777777777777778,0.13055555555555556
817,720,0.01,1.0931224998964246,2.980360925152525,399,3.760834886811103e-05,0.014819225296378136,588177,13.159590133031209,0.1875,0.4041666666666667,0.14722222222222223,0.058333333333333334,0.20277777777777778
818,720,0.01,-0.04119494423664813,0.16976755222945616,350,3.890290164210657e-05,0.015590153634548187,588897,13.17568754752477,0.11527777777777778,0.4388888888888889,0.25416666666666665,0.043055555555555555,0.1486111111111111
819,720,0.01,0.20576431110060647,0.5825133501282467,393,3.99724644214277e-05,0.015852417796850204,589617,13.191646985212962,0.13472222222222222,0.37222222222222223,0.2,0.08333333333333333,0.20972222222222223
820,720,0.01,0.20755703253713928,0.5212875254675031,367,3.854530987660433e-05,0.015930600464344025,590337,13.207342219352721,0.09166666666666666,0.45555555555555555,0.2222222222222222,0.0625,0.16805555555555557
821,720,0.01,0.8810120712417608,2.2398015283366823,444,3.9034611367899034e-05,0.01586451567709446,591057,13.23535450299581,0.18194444444444444,0.3861111111111111,0.1763888888888889,0.06111111111111111,0.19444444444444445
822,720,0.01,0.20794718002239304,0.4702716505675877,329,4.198823657791056e-05,0.016427690163254738,591777,13.25095280011495,0.10416666666666667,0.45694444444444443,0.24305555555555555,0.059722222222222225,0.1361111111111111
823,720,0.01,0.09216963803264205,0.337657082875761,350,3.6997659716083335e-05,0.01570863276720047,592497,13.264470032850902,0.10277777777777777,0.35694444444444445,0.29305555555555557,0.08472222222222223,0.1625
824,720,0.01,0.16137590788609044,0.5160767428718891,397,3.829691309786338e-05,0.015749698504805565,593217,13.278853782018025,0.15416666666666667,0.33611111111111114,0.2652777777777778,0.044444444444444446,0.2
825,720,0.01,0.05182455488059412,0.27261591149877096,329,3.624743629491907e-05,0.015184566378593445,593937,13.292619132995606,0.11805555555555555,0.44166666666666665,0.2569444444444444,0.044444444444444446,0.1388888888888889
826,720,0.01,0.1734515963455347,0.5097613565930674,413,3.559452457390459e-05,0.014978745020925999,594657,13.311121968428294,0.08611111111111111,0.4083333333333333,0.23194444444444445,0.07916666666666666,0.19444444444444445
827,720,0.01,0.659874333274191,1.5879714199305823,420,3.498381894360136e-05,0.014867204241454601,595377,13.328384482860566,0.1486111111111111,0.41388888888888886,0.1763888888888889,0.059722222222222225,0.2013888888888889
828,720,0.01,0.016114842851629747,0.23721742116412714,354,3.5053798731294387e-05,0.014664665795862675,596097,13.343942801157633,0.11388888888888889,0.44027777777777777,0.2388888888888889,0.05555555555555555,0.15138888888888888
829,720,0.01,0.09415432119287338,0.3953626158787322,394,3.7367321076291974e-05,0.01421040203422308,596817,13.359661551316579,0.09861111111111111,0.4888888888888889,0.18888888888888888,0.06388888888888888,0.1597222222222222
830,720,0.01,0.1189508841906685,0.4578327049796094,411,3.360828359859625e-05,0.014257658272981644,597537,13.374577418963115,0.14305555555555555,0.4027777777777778,0.21666666666666667,0.08194444444444444,0.15555555555555556
831,720,0.01,0.021586255917478817,0.30745991130548544,381,3.4958847039787445e-05,0.013575349003076553,598257,13.401302802562714,0.10555555555555556,0.45555555555555555,0.20277777777777778,0.06944444444444445,0.16666666666666666
832,720,0.01,0.46675456718123987,1.118598038179384,425,3.7956211181406415e-05,0.014657319523394108,598977,13.419111835956574,0.1486111111111111,0.3958333333333333,0.20277777777777778,0.0625,0.19027777777777777
833,720,0.01,0.04074640052629081,0.2674365556625109,350,3.696618198824176e-05,0.014583399519324303,599697,13.433612767855326,0.12083333333333333,0.4791666666666667,0.2111111111111111,0.04722222222222222,0.14166666666666666
834,720,0.01,1.2159409294299866,3.6608178145762214,456,3.429118444652583e-05,0.014381679706275463,600417,13.451247851053873,0.175,0.375,0.15694444444444444,0.07916666666666666,0.21388888888888888
835,720,0.01,0.053779502636212215,0.31361056522244346,384,3.634461941146583e-05,0.01444026455283165,601137,13.46732901732127,0.11666666666666667,0.4375,0.19166666666666668,0.09861111111111111,0.15555555555555556
836,720,0.01,0.17576577263415724,0.45283347837371957,369,3.568095072649966e-05,0.014838139526546001,601857,13.484295817216237,0.11388888888888889,0.4861111111111111,0.22916666666666666,0.06805555555555555,0.10277777777777777
837,720,0.01,0.2624248941483404,0.5764490706428231,346,3.377582061021813e-05,0.014538781717419624,602577,13.499037746588389,0.07777777777777778,0.5347222222222222,0.18055555555555555,0.08611111111111111,0.12083333333333333
838,720,0.01,0.1944893362344736,0.4688640342464332,330,3.250189901425276e-05,0.014731342904269695,603297,13.514565034707386,0.125,0.4638888888888889,0.18055555555555555,0.09583333333333334,0.13472222222222222
839,720,0.01,0.021439451509663414,0.2692668515180239,370,3.535792868092358e-05,0.015214432030916214,604017,13.527475734551748,0.1361111111111111,0.45,0.1986111111111111,0.07222222222222222,0.14305555555555555
840,720,0.01,-0.030529977750307424,0.20559114359793096,380,3.3580212052836736e-05,0.014544086530804634,604737,13.540782900651296,0.10138888888888889,0.38472222222222224,0.2638888888888889,0.09861111111111111,0.15138888888888888
841,720,0.01,0.9219726756738058,2.3837097800642297,432,3.357613456324139e-05,0.014816194772720337,605457,13.567936098575592,0.14583333333333334,0.3972222222222222,0.18333333333333332,0.06111111111111111,0.2125
842,720,0.01,0.38269512944772405,0.8453982898416803,396,3.2871967211652496e-05,0.014596017077565193,606177,13.582505182425182,0.12222222222222222,0.4111111111111111,0.20416666666666666,0.10138888888888889,0.16111111111111112
843,720,0.01,0.8778637121747462,2.232848742562315,444,3.225460629386766e-05,0.014705128967761993,606897,13.598387666543324,0.15138888888888888,0.3458333333333333,0.19305555555555556,0.08611111111111111,0.22361111111111112
844,720,0.01,0.09885060197086432,0.37451453314324734,392,3.133234235279916e-05,0.014847196638584137,607617,13.611915751298268,0.1111111111111111,0.45416666666666666,0.21944444444444444,0.08611111111111111,0.12916666666666668
845,720,0.01,0.4189935120654303,0.9802904226680351,399,3.3001436122503947e-05,0.014632394537329674,608337,13.62723000049591,0.12361111111111112,0.4222222222222222,0.20277777777777778,0.07361111111111111,0.17777777777777778
846,720,0.01,1.1560867742324394,3.300953637322916,427,3.219029678626207e-05,0.014728007838129997,609057,13.642294331391652,0.2013888888888889,0.36666666666666664,0.125,0.10138888888888889,0.20555555555555555
847,720,0.01,0.30423158294689645,0.7642604303616836,455,3.391618295596446e-05,0.014975128695368767,609777,13.657776467005412,0.09583333333333334,0.41388888888888886,0.20555555555555555,0.10555555555555556,0.17916666666666667
848,720,0.01,0.09449996819588287,0.3437980470460895,373,3.623532604769429e-05,0.01500738225877285,610497,13.674490014712015,0.09305555555555556,0.41944444444444445,0.27361111111111114,0.08333333333333333,0.13055555555555556
849,720,0.01,-0.06274289991972588,0.16912674703379071,368,3.288468970986792e-05,0.01420049462467432,611217,13.68978496392568,0.11388888888888889,0.42777777777777776,0.24444444444444444,0.09166666666666666,0.12222222222222222
850,720,0.01,0.36677724540976675,0.7901103131462355,378,3.1242443261210916e-05,0.014810223132371902,611937,13.704703231652578,0.05277777777777778,0.4625,0.2222222222222222,0.1,0.1625
851,720,0.01,0.14951056046377828,0.5075873031260736,429,3.2064348280553326e-05,0.014230703003704548,612657,13.732486867904663,0.12083333333333333,0.39861111111111114,0.2125,0.10416666666666667,0.1638888888888889
852,720,0.01,0.6976008741542409,1.683443543831443,449,3.3527621935213066e-05,0.014157332479953766,613377,13.74811093409856,0.16805555555555557,0.3194444444444444,0.1736111111111111,0.14166666666666666,0.19722222222222222
853,720,0.01,0.22260001563568232,0.6239314262552345,421,3.328121794841839e-05,0.014449031092226505,614097,13.76558841864268,0.12083333333333333,0.4375,0.18611111111111112,0.07777777777777778,0.17777777777777778
854,720,0.01,0.03349889397908273,0.2491944380147102,345,3.134292068504389e-05,0.014229228720068932,614817,13.780878881613413,0.10972222222222222,0.41944444444444445,0.24722222222222223,0.07222222222222222,0.15138888888888888
855,720,0.01,0.26241220157271666,0.5634770224364989,317,3.233764840362912e-05,0.014956450089812279,615537,13.798418200016021,0.1,0.4388888888888889,0.25972222222222224,0.06805555555555555,0.13333333333333333
856,720,0.01,0.10933502879954107,0.3700332762786458,377,3.1399109803942335e-05,0.014257103204727173,616257,13.813122431437174,0.11527777777777778,0.4513888888888889,0.22916666666666666,0.06944444444444445,0.13472222222222222
857,720,0.01,1.186324085689396,3.345209985767462,406,3.07242881446099e-05,0.014053484424948692,616977,13.828632283210755,0.14305555555555555,0.4444444444444444,0.14166666666666666,0.06666666666666667,0.20416666666666666
858,720,0.01,0.7019890339008015,1.7318773146240383,478,3.0179745202000656e-05,0.013713805004954338,617697,13.844187148412068,0.16111111111111112,0.35833333333333334,0.17916666666666667,0.10972222222222222,0.19166666666666668
859,720,0.01,0.15416149234000567,0.42356101907163834,355,3.071255043146771e-05,0.013419345021247864,618417,13.860444768269856,0.05694444444444444,0.4083333333333333,0.21666666666666667,0.13333333333333333,0.18472222222222223
860,720,0.01,0.19693392264087997,0.5682085589863999,415,2.998334704468814e-05,0.014010986313223839,619137,13.876057449976603,0.09722222222222222,0.3736111111111111,0.2388888888888889,0.09305555555555556,0.19722222222222222
861,720,0.01,0.5062628424687596,1.136166446532843,399,3.1433945544752835e-05,0.013511184602975845,619857,13.89718941450119,0.11666666666666667,0.4027777777777778,0.20972222222222223,0.09027777777777778,0.18055555555555555
862,720,0.01,0.44927708403653743,1.000259823828828,387,3.379397428994303e-05,0.013776029460132122,620577,13.91182959874471,0.1597222222222222,0.44166666666666665,0.14722222222222223,0.09027777777777778,0.16111111111111112
863,720,0.01,0.05042585776046081,0.27976421989942946,338,3.031603624587357e-05,0.013940384611487389,621297,13.925713348388673,0.09583333333333334,0.4777777777777778,0.18194444444444444,0.06388888888888888,0.18055555555555555
864,720,0.01,0.3840670760000464,0.8350414613639923,397,3.1616161464853576e-05,0.013976015150547028,622017,13.941550334294638,0.07916666666666666,0.4236111111111111,0.25972222222222224,0.07083333333333333,0.16666666666666666
865,720,0.01,0.011681843602885406,0.2556857574166642,379,3.278194836613895e-05,0.014100746251642704,622737,13.955934270222981,0.09722222222222222,0.48194444444444445,0.18888888888888888,0.10555555555555556,0.12638888888888888
866,720,0.01,-0.023398655864815137,0.13581600997935306,278,2.8496522597581335e-05,0.013521010056138039,623457,13.969648651281993,0.058333333333333334,0.5263888888888889,0.2611111111111111,0.04027777777777778,0.11388888888888889
867,720,0.01,0.2767738163593794,0.6632504935188122,382,2.9942695975175107e-05,0.01362953707575798,624177,13.983353249231975,0.10277777777777777,0.4527777777777778,0.2111111111111111,0.04861111111111111,0.18472222222222223
868,720,0.01,1.394273109027663,4.475442580342285,442,3.0439735400654575e-05,0.013546743430197239,624897,13.999278847376505,0.18333333333333332,0.31805555555555554,0.2013888888888889,0.07361111111111111,0.22361111111111112
869,720,0.01,0.4314863566496211,0.9342823065043935,374,2.8954965272179025e-05,0.013274071738123894,625617,14.01474613348643,0.0763888888888889,0.47638888888888886,0.1763888888888889,0.06944444444444445,0.2013888888888889
870,720,0.01,0.24671098677029746,0.6424860640932228,419,2.794218860786815e-05,0.01323423720896244,626337,14.035813919703166,0.08472222222222223,0.42916666666666664,0.2125,0.09166666666666666,0.18194444444444444
871,720,0.01,0.1943184483833528,0.5216852661188991,386,2.893381917551273e-05,0.013807675801217556,627057,14.065470067660014,0.13333333333333333,0.3861111111111111,0.24305555555555555,0.10416666666666667,0.13333333333333333
872,720,0.01,0.929712948843796,2.365117729098422,440,3.229482030443857e-05,0.014075370505452156,627777,14.081842450300853,0.14444444444444443,0.3625,0.20277777777777778,0.10138888888888889,0.18888888888888888
873,720,0.01,0.7666234034286361,1.8316891416173138,413,2.9191715049137203e-05,0.013191606849431992,628497,14.096906352043153,0.13333333333333333,0.41388888888888886,0.18055555555555555,0.07083333333333333,0.2013888888888889
874,720,0.01,0.7076150652817994,1.7104510638917456,427,2.9535310026555332e-05,0.012873660773038864,629217,14.113198935985565,0.14305555555555555,0.4083333333333333,0.175,0.075,0.1986111111111111
875,720,0.01,0.23014706430836498,0.6805935999451886,448,3.220573480828332e-05,0.013261904940009117,629937,14.131040553251902,0.09444444444444444,0.4027777777777778,0.1986111111111111,0.1,0.20416666666666666
876,720,0.01,0.031104767691201712,0.2977146652999252,396,2.9194922419467023e-05,0.013592308387160301,630657,14.146168998877208,0.09166666666666666,0.46944444444444444,0.17916666666666667,0.09444444444444444,0.16527777777777777
877,720,0.01,0.6142766981630388,1.5200448479311333,438,3.1440352407546216e-05,0.014204692095518112,631377,14.161829400062562,0.19722222222222222,0.34444444444444444,0.14722222222222223,0.10138888888888889,0.20972222222222223
878,720,0.01,1.0446352915205634,2.8176509217755457,408,3.2426853025274085e-05,0.014088034629821777,632097,14.1770872314771,0.15416666666666667,0.4375,0.11805555555555555,0.06666666666666667,0.22361111111111112
879,720,0.01,0.14495051928952601,0.4175790457882611,348,3.144492060490241e-05,0.013139493763446808,632817,14.193876767158509,0.09444444444444444,0.44166666666666665,0.20972222222222223,0.10555555555555556,0.1486111111111111
880,720,0.01,1.0323057377048621,2.767100990837733,432,3.203525465727984e-05,0.013253333047032356,633537,14.210257681210836,0.1361111111111111,0.4166666666666667,0.1527777777777778,0.1,0.19444444444444445
881,720,0.01,0.11188509289645723,0.4125337716656432,401,3.1686314722871124e-05,0.013599983416497707,634257,14.238316198190054,0.1125,0.4027777777777778,0.20833333333333334,0.11527777777777778,0.16111111111111112
882,720,0.01,0.49670100896713026,1.0440865378947222,372,3.280060478548168e-05,0.013294419273734093,634977,14.254737532138824,0.10972222222222222,0.42777777777777776,0.18611111111111112,0.11666666666666667,0.1597222222222222
883,720,0.01,0.6484005087837424,1.6192827186516547,461,3.3576712166905057e-05,0.013938037678599358,635697,14.273170832792918,0.1375,0.37083333333333335,0.17777777777777778,0.10833333333333334,0.20555555555555555
884,720,0.01,1.90385304836646,8.469755120031595,436,3.2710814758098015e-05,0.013540719635784626,636417,14.28904146750768,0.23472222222222222,0.3347222222222222,0.10277777777777777,0.09444444444444444,0.23333333333333334
885,720,0.01,0.3024162330438137,0.7509635441044269,412,3.5041866916193005e-05,0.014204023405909538,637137,14.305246933301289,0.1111111111111111,0.4486111111111111,0.18333333333333332,0.08194444444444444,0.175
886,720,0.01,0.29038656002011975,0.6902670936378752,390,3.267354312457529e-05,0.013735952787101269,637857,14.319885369141897,0.10416666666666667,0.4486111111111111,0.19027777777777777,0.09861111111111111,0.15833333333333333
887,720,0.01,0.9395656052561587,2.3620994167167266,431,3.212344818798051e-05,0.014310114085674286,638577,14.334650166829427,0.1375,0.38472222222222224,0.15416666666666667,0.12916666666666668,0.19444444444444445
888,720,0.01,0.01745327680878799,0.22685413196639503,330,3.384999364597105e-05,0.013655126094818115,639297,14.349087913831076,0.10694444444444444,0.49027777777777776,0.23055555555555557,0.05416666666666667,0.11805555555555555
889,720,0.01,0.5673085091395021,1.3176610502503578,411,3.233169719136539e-05,0.013649250380694866,640017,14.365019436677297,0.125,0.4597222222222222,0.18333333333333332,0.06388888888888888,0.16805555555555557
890,720,0.01,0.18207870762188474,0.5024223530988787,358,3.3778677925511146e-05,0.013746059499680996,640737,14.378896550337474,0.13472222222222222,0.4513888888888889,0.16666666666666666,0.07916666666666666,0.16805555555555557
891,720,0.01,0.7828659749611312,1.8830996275482934,402,3.397786875893871e-05,0.013970283791422844,641457,14.408636967341105,0.12777777777777777,0.4444444444444444,0.14583333333333334,0.07083333333333333,0.2111111111111111
892,720,0.01,0.24324345368817685,0.5391702210145268,331,3.420267831239067e-05,0.01336225401610136,642177,14.42525376478831,0.13055555555555556,0.4722222222222222,0.2263888888888889,0.04861111111111111,0.12222222222222222
893,720,0.01,0.7051951586613789,1.6776650336595136,418,3.540850640446378e-05,0.01370090339332819,642897,14.441824885209401,0.12083333333333333,0.43333333333333335,0.18888888888888888,0.06527777777777778,0.19166666666666668
894,720,0.01,0.39082782372368013,0.8895294384811279,399,3.3375187931344245e-05,0.013839777559041977,643617,14.457091784477234,0.09444444444444444,0.43472222222222223,0.23333333333333334,0.06527777777777778,0.17222222222222222
895,720,0.01,0.17409530670721743,0.5016962562712499,392,3.1410198108814156e-05,0.013249047100543976,644337,14.473799467086792,0.1125,0.5194444444444445,0.19722222222222222,0.058333333333333334,0.1125
896,720,0.01,0.31325190135862646,0.743687112391118,386,3.709869218811137e-05,0.014546450227499008,645057,14.491532365481058,0.13194444444444445,0.43333333333333335,0.20277777777777778,0.07083333333333333,0.16111111111111112
897,720,0.01,0.33711040322816715,0.8268814787401348,426,3.5973215340669005e-05,0.013932954519987106,645777,14.50720518430074,0.12361111111111112,0.3875,0.20833333333333334,0.09305555555555556,0.1875
898,720,0.01,0.30718897855895655,0.7765778871624966,410,3.789741172997512e-05,0.014684799127280712,646497,14.522615198294321,0.15,0.4111111111111111,0.14722222222222223,0.08888888888888889,0.20277777777777778
899,720,0.01,-0.07144973580951121,0.12530067227318575,356,4.074855349169108e-05,0.014947141520678997,647217,14.538745331764222,0.06944444444444445,0.46805555555555556,0.2388888888888889,0.09305555555555556,0.13055555555555556
900,720,0.01,0.8949345568668368,2.2819394942586433,431,3.5089777595152956e-05,0.014618465676903725,647937,14.555544598897297,0.17777777777777778,0.3402777777777778,0.1375,0.12361111111111112,0.22083333333333333
901,720,0.01,0.4911841928332311,1.112103125118853,404,3.9274323797952904e-05,0.014812218025326729,648657,14.5832017660141,0.12361111111111112,0.41805555555555557,0.18194444444444444,0.08611111111111111,0.19027777777777777
902,720,0.01,0.09881442616810968,0.3335098166339585,338,3.5607743653700807e-05,0.014493834227323532,649377,14.598188547293345,0.0875,0.47638888888888886,0.22777777777777777,0.09027777777777778,0.11805555555555555
903,720,0.01,0.818013434199039,2.025309602559118,426,3.7525015410564166e-05,0.014469753950834274,650097,14.613560116291046,0.14027777777777778,0.39444444444444443,0.13472222222222222,0.10972222222222222,0.22083333333333333
904,720,0.01,0.01008652811308015,0.25933843074954077,386,3.783509778259031e-05,0.014373594895005226,650817,14.629800613721212,0.08888888888888889,0.42777777777777776,0.2263888888888889,0.10694444444444444,0.15
905,720,0.01,0.1809414606427991,0.5097460541783048,387,3.5101210068609766e-05,0.014794407412409782,651537,14.647723333040874,0.09444444444444444,0.4444444444444444,0.20694444444444443,0.09166666666666666,0.1625
906,720,0.01,0.42209585423612556,0.9407914508500979,384,3.609824708392908e-05,0.014379971660673618,652257,14.666243735949198,0.09583333333333334,0.41388888888888886,0.2611111111111111,0.05555555555555555,0.1736111111111111
907,720,0.01,-0.010370317822650181,0.1585041906346345,282,3.537185960580145e-05,0.014878515154123306,652977,14.681810466448466,0.07222222222222222,0.5277777777777778,0.25416666666666665,0.04861111111111111,0.09722222222222222
908,720,0.01,0.022643910900515422,0.24438808475179785,354,3.542941676136656e-05,0.01461000181734562,653697,14.697900116443634,0.0875,0.45694444444444443,0.23333333333333334,0.10416666666666667,0.11805555555555555
909,720,0.01,0.23022755775608397,0.5959633861506184,381,3.448612495225866e-05,0.01400814764201641,654417,14.712363783518473,0.10416666666666667,0.4486111111111111,0.2013888888888889,0.06527777777777778,0.18055555555555555
910,720,0.01,0.41697019612386355,0.9140476651137024,380,3.320916940765528e-05,0.014379456639289856,655137,14.728934915860494,0.13055555555555556,0.48055555555555557,0.1875,0.059722222222222225,0.14166666666666666
911,720,0.01,0.8260960363925615,2.0597892357692724,433,3.6049283028205534e-05,0.013716015964746475,655857,14.75730576912562,0.16527777777777777,0.3541666666666667,0.15416666666666667,0.11666666666666667,0.20972222222222223
912,720,0.01,0.13764306947149496,0.411486027292026,381,3.5231984884376286e-05,0.013737129047513008,656577,14.772041348616282,0.09722222222222222,0.4444444444444444,0.225,0.10277777777777777,0.13055555555555556
913,720,0.01,0.17789817049854553,0.5378697360172104,402,3.6134958569770485e-05,0.014472352340817451,657297,14.789053499698639,0.11666666666666667,0.4152777777777778,0.21944444444444444,0.08194444444444444,0.16666666666666666
914,720,0.01,1.3043990307896092,3.8959044583298725,410,3.693081919840956e-05,0.015352185815572739,658017,14.805485570430756,0.13472222222222222,0.41805555555555557,0.1388888888888889,0.09027777777777778,0.21805555555555556
915,720,0.01,0.0421911311987323,0.1914739226898996,256,3.593663824909122e-05,0.015276633203029633,658737,14.819948216279348,0.08194444444444444,0.5486111111111112,0.25555555555555554,0.034722222222222224,0.07916666666666666
916,720,0.01,0.40606338029341577,0.9156622404011949,398,3.931495957784945e-05,0.014547395519912243,659457,14.836055898666382,0.13333333333333333,0.5097222222222222,0.15555555555555556,0.06944444444444445,0.13194444444444445
917,720,0.01,-0.050878216613412824,0.12229060902178102,317,3.730213606887547e-05,0.01498718373477459,660177,14.858184166749318,0.08055555555555556,0.475,0.2388888888888889,0.1111111111111111,0.09444444444444444
918,720,0.01,0.9797240974831669,2.557201347964967,424,3.568009143085267e-05,0.014651640318334103,660897,14.875850335756938,0.17222222222222222,0.4097222222222222,0.13055555555555556,0.08472222222222223,0.20277777777777778
919,720,0.01,1.1310447037211813,3.234624692369641,466,3.722900343758637e-05,0.015185059048235416,661617,14.893146733442942,0.15416666666666667,0.375,0.14583333333333334,0.11388888888888889,0.2111111111111111
920,720,0.01,0.024563138113816305,0.24802604374363346,377,3.6977835220063245e-05,0.015056916512548923,662337,14.911774714787802,0.0763888888888889,0.4166666666666667,0.2777777777777778,0.11388888888888889,0.11527777777777778
921,720,0.01,1.0097939802411593,2.6823236525621734,426,3.772402842009291e-05,0.01577015221118927,663057,14.941214549541474,0.18055555555555555,0.3486111111111111,0.16805555555555557,0.08194444444444444,0.22083333333333333
922,720,0.01,-0.04980544700251935,0.20465660713431055,392,3.69672829277887e-05,0.015301017090678215,663777,14.956758916378021,0.11388888888888889,0.4888888888888889,0.1736111111111111,0.07916666666666666,0.14444444444444443
923,720,0.01,1.2158501190681614,3.4408691823159305,407,3.606983286772447e-05,0.015178698115050793,664497,14.972725248336792,0.1527777777777778,0.4083333333333333,0.1625,0.08472222222222223,0.19166666666666668
924,720,0.01,1.1871491207782245,3.3022972351582727,421,3.800376880715501e-05,0.01492029894143343,665217,14.987856936454772,0.1486111111111111,0.37916666666666665,0.18194444444444444,0.10833333333333334,0.18194444444444444
925,720,0.01,0.6634736353177307,1.5243248360734727,422,3.705111090413185e-05,0.015054122544825077,665937,15.002903731664022,0.12083333333333333,0.44305555555555554,0.19583333333333333,0.07083333333333333,0.16944444444444445
926,720,0.01,1.0014531111975216,2.5803233272097357,414,3.797616040704573e-05,0.01513683795928955,666657,15.019190680980682,0.1486111111111111,0.37916666666666665,0.17777777777777778,0.08055555555555556,0.21388888888888888
927,720,0.01,0.12229776792247478,0.40045581800925656,397,4.08863988746412e-05,0.01540142297744751,667377,15.035319431622822,0.14305555555555555,0.3763888888888889,0.24305555555555555,0.11388888888888889,0.12361111111111112
928,720,0.01,0.5187197730862593,1.161321354999862,412,3.7137025506379154e-05,0.01505308784544468,668097,15.050759669144949,0.12916666666666668,0.44305555555555554,0.17777777777777778,0.09027777777777778,0.1597222222222222
929,720,0.01,1.2499382955456566,3.6421995531619586,425,3.9266223940457066e-05,0.015989672392606735,668817,15.06812264919281,0.15138888888888888,0.3541666666666667,0.20555555555555555,0.07361111111111111,0.2152777777777778
930,720,0.01,1.2082905120743732,3.4762717982440545,432,3.750105065339287e-05,0.015641093254089355,669537,15.086344412962596,0.1597222222222222,0.36944444444444446,0.16666666666666666,0.10555555555555556,0.1986111111111111
931,720,0.01,1.8342236863910386,7.758053581711517,444,3.8393291542130704e-05,0.015816986560821533,670257,15.11687506834666,0.2222222222222222,0.3416666666666667,0.1388888888888889,0.06805555555555555,0.22916666666666666
932,720,0.01,0.3757259684600519,0.8770961252374154,420,4.164518560022164e-05,0.01612415537238121,670977,15.133381414413453,0.1388888888888889,0.36666666666666664,0.2375,0.07777777777777778,0.17916666666666667
933,720,0.01,1.0964762179205707,3.038915510413112,451,4.0752584873694607e-05,0.016649531200528145,671697,15.14937991698583,0.15416666666666667,0.35694444444444445,0.17916666666666667,0.08055555555555556,0.22916666666666666
934,720,0.01,0.5827119444320145,1.321496322640527,423,4.227341554875845e-05,0.016472812741994858,672417,15.163737181822459,0.14583333333333334,0.42777777777777776,0.175,0.0875,0.1638888888888889
935,720,0.01,0.7904284526504194,1.8560183018009653,429,3.9674506995702867e-05,0.015832118690013885,673137,15.18120395342509,0.1527777777777778,0.37777777777777777,0.23194444444444445,0.09583333333333334,0.14166666666666666
936,720,0.01,0.32643179969366887,0.7593277919358081,393,3.80327454637255e-05,0.015054121613502502,673857,15.19810213247935,0.15555555555555556,0.4041666666666667,0.18611111111111112,0.09027777777777778,0.1638888888888889
937,720,0.01,0.5152017882456156,1.1153108765507964,387,3.888105096747394e-05,0.015252502635121346,674577,15.212927782535553,0.11666666666666667,0.39861111111111114,0.24722222222222223,0.08472222222222223,0.1527777777777778
938,720,0.01,0.3914137819294444,0.9443228783429023,432,4.043314151229222e-05,0.015732651576399803,675297,15.229175714651744,0.1388888888888889,0.4305555555555556,0.18472222222222223,0.06805555555555555,0.17777777777777778
939,720,0.01,0.06524400825798615,0.30374906250649225,369,4.0464058952238704e-05,0.01583108678460121,676017,15.244102466106416,0.08888888888888889,0.4736111111111111,0.24305555555555555,0.0625,0.13194444444444445
940,720,0.01,0.14948616059244654,0.45206424398485434,397,4.062949862676154e-05,0.016021598130464554,676737,15.258484784762064,0.08888888888888889,0.45694444444444443,0.20277777777777778,0.07916666666666666,0.17222222222222222
941,720,0.01,0.2522223724882888,0.5899814865550594,379,3.844038818543696e-05,0.015433253720402718,677457,15.286362397670747,0.1125,0.4625,0.19722222222222222,0.08611111111111111,0.14166666666666666
942,720,0.01,0.7532717415817051,1.8004265408069955,420,4.3387382714222946e-05,0.016194459050893784,678177,15.302324136098227,0.1388888888888889,0.38055555555555554,0.19583333333333333,0.08055555555555556,0.20416666666666666
943,720,0.01,0.2869725924642334,0.7005854811804297,398,4.240339665607785e-05,0.015392983332276344,678897,15.315770451227824,0.11805555555555555,0.4361111111111111,0.18194444444444444,0.0875,0.1763888888888889
944,720,0.01,0.3308983251496216,0.7694138351386146,387,4.055051687904173e-05,0.01586824096739292,679617,15.329966616630553,0.09583333333333334,0.4236111111111111,0.24027777777777778,0.06388888888888888,0.1763888888888889
945,720,0.01,0.673723262359618,1.531275339171807,408,4.087193200600975e-05,0.01659230701625347,680337,15.344845982392629,0.14305555555555555,0.44722222222222224,0.1986111111111111,0.059722222222222225,0.15138888888888888
946,720,0.01,0.15893176264566602,0.44402125897723366,362,4.122517007848122e-05,0.015803130343556404,681057,15.358254067103069,0.07916666666666666,0.4861111111111111,0.22083333333333333,0.06805555555555555,0.14583333333333334
947,720,0.01,1.1750948437857738,3.298838387599557,415,3.9473372799471286e-05,0.015952682122588158,681777,15.372393103440603,0.1736111111111111,0.37916666666666665,0.15,0.09166666666666666,0.20555555555555555
948,720,0.01,0.05204054669448537,0.30478796245326456,369,3.875394990018322e-05,0.015634987503290176,682497,15.387972633043924,0.1111111111111111,0.43194444444444446,0.22083333333333333,0.10833333333333334,0.12777777777777777
949,720,0.01,0.05778430979762506,0.25205263158011904,309,3.9096808883540586e-05,0.015554198063910007,683217,15.402856318155925,0.07916666666666666,0.4791666666666667,0.24305555555555555,0.09861111111111111,0.1
950,720,0.01,0.7454870840939312,1.816477763091651,442,3.861016688107257e-05,0.015675440430641174,683937,15.416887100537618,0.1638888888888889,0.3541666666666667,0.19166666666666668,0.0875,0.20277777777777778
951,720,0.01,0.8091829194769049,1.9688744843044832,441,4.005632806006866e-05,0.01610863395035267,684657,15.441247983773549,0.1125,0.4083333333333333,0.19444444444444445,0.09166666666666666,0.19305555555555556
952,720,0.01,0.002220496225612066,0.21984096809227105,339,3.996943221914585e-05,0.016097508370876312,685377,15.453829352060954,0.08611111111111111,0.5291666666666667,0.20277777777777778,0.058333333333333334,0.12361111111111112
953,720,0.01,-0.03846685693199782,0.20055403138566108,385,3.663169149048271e-05,0.01546188909560442,686097,15.465764200687408,0.1111111111111111,0.4930555555555556,0.1986111111111111,0.058333333333333334,0.1388888888888889
954,720,0.01,0.14899497250167903,0.48437672820064703,412,3.538154709556491e-05,0.01547051128000021,686817,15.47882773478826,0.1388888888888889,0.3736111111111111,0.28194444444444444,0.0763888888888889,0.12916666666666668
955,720,0.01,1.057169626720246,2.902703923880984,448,3.94789550695249e-05,0.015429454855620861,687537,15.492559870084127,0.19305555555555556,0.35138888888888886,0.14166666666666666,0.09861111111111111,0.2152777777777778
956,720,0.01,1.440343346488579,4.756578837862418,443,4.035130101682524e-05,0.015818092972040176,688257,15.506736131509145,0.14305555555555555,0.4013888888888889,0.14444444444444443,0.07777777777777778,0.23333333333333334
957,720,0.01,1.275615958480591,3.7498638690124295,417,3.644829274283741e-05,0.01523786410689354,688977,15.51808256705602,0.1486111111111111,0.39305555555555555,0.1625,0.08472222222222223,0.2111111111111111
958,720,0.01,0.06446344502834922,0.31516672547764335,381,3.993478169756296e-05,0.015366684645414352,689697,15.530146416028341,0.09861111111111111,0.4236111111111111,0.24583333333333332,0.07777777777777778,0.15416666666666667
959,720,0.01,0.2757012485013463,0.6731385744676528,402,3.9674057529737186e-05,0.01563403196632862,690417,15.541361951828003,0.1375,0.4638888888888889,0.1736111111111111,0.09166666666666666,0.13333333333333333
960,720,0.01,0.3054626888438577,0.7168010231265121,391,3.887001228374882e-05,0.015904318541288376,691137,15.553927950064342,0.07361111111111111,0.4625,0.18194444444444444,0.10833333333333334,0.1736111111111111
961,720,0.01,0.7515319038885383,1.7388329633647426,417,4.0021879250515564e-05,0.016162456944584846,691857,15.573908948898316,0.10555555555555556,0.44722222222222224,0.175,0.09722222222222222,0.175
962,720,0.01,0.5372033129140203,1.2237685748747769,429,3.7324020737135774e-05,0.015142692252993584,692577,15.585233402252197,0.12083333333333333,0.4097222222222222,0.16944444444444445,0.09444444444444444,0.20555555555555555
963,720,0.01,1.4595393661665652,4.87989771391513,441,3.92510939946078e-05,0.015838338062167168,693297,15.594862083594004,0.19305555555555556,0.35555555555555557,0.18194444444444444,0.07083333333333333,0.1986111111111111
964,720,0.01,0.7290742469014375,1.6914342955879111,410,3.946611887183988e-05,0.015198316425085068,694017,15.603944516181945,0.14305555555555555,0.4513888888888889,0.16527777777777777,0.06666666666666667,0.1736111111111111
965,720,0.01,2.17067522507197,11.41214247178385,449,4.18301488240205e-05,0.01648510992527008,694737,15.61361178557078,0.22361111111111112,0.30416666666666664,0.12361111111111112,0.08888888888888889,0.25972222222222224
966,720,0.01,1.7379361395311324,6.72866496598172,429,4.246094002711389e-05,0.016161803156137466,695457,15.623014402389526,0.18472222222222223,0.3347222222222222,0.15694444444444444,0.0763888888888889,0.24722222222222223
967,720,0.01,0.2913809934048545,0.7175193190475662,405,4.2304519450277036e-05,0.016300581395626068,696177,15.6322172164917,0.16666666666666666,0.4597222222222222,0.16944444444444445,0.06111111111111111,0.14305555555555555
968,720,0.01,1.0749047426411573,2.8997199491270904,422,4.2085223537924324e-05,0.016296494752168655,696897,15.641243517398834,0.17777777777777778,0.36527777777777776,0.18055555555555555,0.07777777777777778,0.1986111111111111
969,720,0.01,0.49916654105841785,1.1279658875375742,393,4.5845699450334605e-05,0.01609845459461212,697617,15.650150283177693,0.11388888888888889,0.4166666666666667,0.175,0.07083333333333333,0.22361111111111112
970,720,0.01,1.35256019603535,4.249118700995608,457,4.529625547446712e-05,0.016348978504538536,698337,15.660641932487488,0.175,0.35555555555555557,0.16111111111111112,0.09027777777777778,0.21805555555555556
971,720,0.01,0.03376817410210905,0.2401944404047962,345,4.274820084017645e-05,0.016394343227148056,699057,15.676338748137157,0.075,0.4736111111111111,0.2652777777777778,0.07083333333333333,0.11527777777777778
972,720,0.01,0.45989129047132776,0.9994882852969214,389,4.195478605879543e-05,0.01693497970700264,699777,15.684814568360647,0.09861111111111111,0.4930555555555556,0.19583333333333333,0.06944444444444445,0.14305555555555555
973,720,0.01,0.051672550965074365,0.27465117247882587,357,3.8985924533739714e-05,0.01673762872815132,700497,15.692307233810425,0.1,0.4736111111111111,0.24444444444444444,0.0763888888888889,0.10555555555555556
974,720,0.01,1.6853089942828243,6.38395198261164,432,4.1692352811474446e-05,0.01658732444047928,701217,15.699231866995493,0.19166666666666668,0.3486111111111111,0.1597222222222222,0.08333333333333333,0.21666666666666667
975,720,0.01,0.8455223966027662,2.0481120428157196,412,4.078967996924297e-05,0.01689283363521099,701937,15.705681697527568,0.16805555555555557,0.4236111111111111,0.15138888888888888,0.08611111111111111,0.17083333333333334
976,720,0.01,0.09784453359584169,0.4145967859986277,416,4.3041352296313565e-05,0.01746162585914135,702657,15.712049984931946,0.10555555555555556,0.4305555555555556,0.2388888888888889,0.07222222222222222,0.1527777777777778
977,720,0.01,0.432981586547779,1.0036721790795622,415,4.3260800447973856e-05,0.017591916024684906,703377,15.718325265248616,0.14444444444444443,0.4236111111111111,0.19166666666666668,0.06944444444444445,0.17083333333333334
978,720,0.01,0.8738189042815707,2.1293299378861628,380,4.358134525798757e-05,0.01742938533425331,704097,15.724484932422637,0.13055555555555556,0.46805555555555556,0.15833333333333333,0.04861111111111111,0.19444444444444445
979,720,0.01,0.9465273895085299,2.4983008861064504,440,4.367602417182247e-05,0.01763799414038658,704817,15.73120311498642,0.12083333333333333,0.44583333333333336,0.16805555555555557,0.06111111111111111,0.20416666666666666
980,720,0.01,0.11733967722723397,0.3914406889152984,348,4.262853507397166e-05,0.017617564648389816,705537,15.737228286266326,0.08611111111111111,0.4361111111111111,0.25,0.08472222222222223,0.14305555555555555
981,720,0.01,0.9395457928848567,2.4739622206845113,435,4.3858593451457436e-05,0.016857072710990906,706257,15.749629684289296,0.1638888888888889,0.40694444444444444,0.14305555555555555,0.07777777777777778,0.20833333333333334
982,720,0.01,0.039551737253724385,0.2646580093055644,357,4.1940616591773504e-05,0.01744244433939457,706977,15.756220650672912,0.09027777777777778,0.4777777777777778,0.22777777777777777,0.07916666666666666,0.125
983,720,0.01,1.1261772393916962,2.94886122307582,375,4.170812533427832e-05,0.01652282103896141,707697,15.76228274901708,0.1125,0.39166666666666666,0.20972222222222223,0.0763888888888889,0.20972222222222223
984,720,0.01,0.5563513126484209,1.2515104737522873,398,4.225664218640506e-05,0.016873715445399284,708417,15.769152716795604,0.10972222222222222,0.4166666666666667,0.18611111111111112,0.09027777777777778,0.19722222222222222
985,720,0.01,0.19232142773646776,0.5735298813856804,423,4.2841041816801505e-05,0.01591816544532776,709137,15.77553033431371,0.15833333333333333,0.44583333333333336,0.15138888888888888,0.08055555555555556,0.1638888888888889
986,720,0.01,0.39664420689427154,0.9005516894511312,390,4.260352829229911e-05,0.016370240598917007,709857,15.782270936171214,0.175,0.44305555555555554,0.1361111111111111,0.07916666666666666,0.16666666666666666
987,720,0.01,0.7196800667406731,1.6903735946519571,411,4.1142328032290404e-05,0.01654777303338051,710577,15.788218649228414,0.12083333333333333,0.42916666666666664,0.1875,0.075,0.1875
988,720,0.01,-0.0021765942490790838,0.2248561465960448,360,4.3317607147249264e-05,0.016787268221378326,711297,15.794310017426808,0.09722222222222222,0.46805555555555556,0.2222222222222222,0.059722222222222225,0.1527777777777778
989,720,0.01,0.13457741792868408,0.4420668801639769,357,4.344681333855584e-05,0.01701188273727894,712017,15.800492533047994,0.10277777777777777,0.4875,0.1625,0.06944444444444445,0.17777777777777778
990,720,0.01,0.17039622702108395,0.4820054836282788,382,4.299131512652821e-05,0.017096001654863358,712737,15.807355332374573,0.07916666666666666,0.49444444444444446,0.21944444444444444,0.06388888888888888,0.14305555555555555
991,720,0.01,0.5531339521466732,1.264001792648898,391,4.625355743049416e-05,0.01741795986890793,713457,15.819471267859141,0.09444444444444444,0.4861111111111111,0.1625,0.05694444444444444,0.2
992,720,0.01,0.9083630005644007,2.3080635916281946,433,4.328825775322305e-05,0.017294812947511673,714177,15.826205901304881,0.12638888888888888,0.45694444444444443,0.13055555555555556,0.09583333333333334,0.19027777777777777
993,720,0.01,0.8067745336829906,2.0019873930425773,424,4.215690916503768e-05,0.01779496856033802,714897,15.833071116606394,0.1527777777777778,0.3819444444444444,0.1763888888888889,0.07916666666666666,0.20972222222222223
994,720,0.01,0.22258795935472636,0.658789234364273,410,4.113881431319694e-05,0.0173698328435421,715617,15.839189465840658,0.18472222222222223,0.42916666666666664,0.12361111111111112,0.07916666666666666,0.18333333333333332
995,720,0.01,0.427123116901485,0.9984524717030572,410,4.145043274093041e-05,0.016830604523420334,716337,15.844983565807343,0.1375,0.48055555555555557,0.1375,0.08888888888888889,0.15555555555555556
996,720,0.01,0.0006823294893055793,0.19803453859353182,336,4.220934772673799e-05,0.017112139612436295,717057,15.851338450113932,0.07083333333333333,0.5041666666666667,0.23194444444444445,0.09583333333333334,0.09722222222222222
997,720,0.01,0.8228220647003657,2.022463008433883,415,4.0320777576299505e-05,0.017142660915851593,717777,15.858293433984121,0.12638888888888888,0.4388888888888889,0.17083333333333334,0.06666666666666667,0.19722222222222222
998,720,0.01,0.07249049118960339,0.31816483294042697,355,4.17539864593487e-05,0.016119256615638733,718497,15.864600586891175,0.09166666666666666,0.5180555555555556,0.2013888888888889,0.075,0.11388888888888889
999,720,0.01,0.4226761737263341,0.9221150604724744,402,3.915290818667927e-05,0.01677512750029564,719217,15.871151701609294,0.08611111111111111,0.49722222222222223,0.2111111111111111,0.06388888888888888,0.14166666666666666
1000,720,0.01,1.1556930413970945,3.2724739608559306,442,4.2054741813520496e-05,0.016367893666028976,719937,15.87760769923528,0.175,0.36527777777777776,0.17222222222222222,0.08333333333333333,0.20416666666666666
1001,720,0.01,0.14059405348586185,0.5145131792374136,425,4.3620349380388585e-05,0.016450390219688416,720657,15.891009000937144,0.12638888888888888,0.4166666666666667,0.14305555555555555,0.10555555555555556,0.20833333333333334
1002,720,0.01,0.273388069738465,0.7596907259881887,433,4.305411738035521e-05,0.015937581658363342,721377,15.897745299339295,0.12222222222222222,0.44583333333333336,0.16666666666666666,0.07361111111111111,0.19166666666666668
1003,720,0.01,0.2836905826610202,0.7461975278478277,413,4.206052601224049e-05,0.016639549285173416,722097,15.904111150900523,0.14305555555555555,0.44027777777777777,0.16944444444444445,0.06805555555555555,0.17916666666666667
1004,720,0.01,1.46303241715535,4.844683339520104,422,4.1929134494643624e-05,0.016315506771206856,722817,15.910925201574962,0.15416666666666667,0.375,0.1527777777777778,0.08333333333333333,0.23472222222222222
1005,720,0.01,0.8850957011144536,2.2198851818643295,415,4.257721254564078e-05,0.016206055879592896,723537,15.91847178141276,0.14444444444444443,0.4305555555555556,0.1388888888888889,0.07916666666666666,0.20694444444444443
1006,720,0.01,1.6891436566487217,6.592368944794002,434,3.948211904748354e-05,0.016005024313926697,724257,15.925054069360097,0.19166666666666668,0.3458333333333333,0.14166666666666666,0.07916666666666666,0.24166666666666667
1007,720,0.01,0.04228910100064963,0.2747997417760355,369,4.1938126465386934e-05,0.015373512171208858,724977,15.931285150845845,0.07777777777777778,0.5152777777777777,0.23055555555555557,0.07361111111111111,0.10277777777777777
1008,720,0.01,0.08879388081702178,0.3499180417829566,400,4.032260355870676e-05,0.01545244175940752,725697,15.937583967049916,0.06527777777777778,0.4125,0.2513888888888889,0.11805555555555555,0.1527777777777778
1009,720,0.01,0.05197470320123277,0.27248884500683235,336,3.700813296568918e-05,0.015463612973690033,726417,15.943511346975962,0.06666666666666667,0.5347222222222222,0.23194444444444445,0.05,0.11666666666666667
1010,720,0.01,-0.023526843328673767,0.15514185737645847,298,3.8317132487009074e-05,0.015890466049313545,727137,15.949421719710033,0.05,0.5986111111111111,0.18055555555555555,0.07083333333333333,0.1
1011,720,0.01,1.0010928937273809,2.607780970477972,411,4.1755819125278825e-05,0.015867749229073524,727857,15.961209166049958,0.13055555555555556,0.43472222222222223,0.13055555555555556,0.075,0.22916666666666666
1012,720,0.01,0.12865570638582066,0.3807898719227125,341,3.770701577726262e-05,0.01555037684738636,728577,15.968453832467397,0.06805555555555555,0.5722222222222222,0.16527777777777777,0.075,0.11944444444444445
1013,720,0.01,0.15352760841361973,0.45903842892175084,386,3.796797653876638e-05,0.015813028439879417,729297,15.97500099738439,0.06666666666666667,0.5833333333333334,0.14027777777777778,0.0763888888888889,0.13333333333333333
