episode,steps,epsilon,train_reward,train_portfolio_return,train_position_changes,mean_loss,mean_max_q,updates,minutes,action_share_-1,action_share_0,action_share_0.5,action_share_1,action_share_2
1,720,1.0,-0.16751944063091548,-0.15423982498238442,566,0.005785455631341678,0.31671208143234253,657,0.014303104082743327,0.22361111111111112,0.17777777777777778,0.23055555555555557,0.1736111111111111,0.19444444444444445
2,720,0.9909,0.0019289271109166695,0.0019307886875730151,573,0.002069494176006022,0.32062748074531555,1377,0.024320650100708007,0.2152777777777778,0.19583333333333333,0.19027777777777777,0.225,0.1736111111111111
3,720,0.98188281,0.31120856438306926,0.36507389729371376,563,0.002047453539610918,0.3101436197757721,2097,0.03425788482030233,0.19166666666666668,0.20972222222222223,0.22083333333333333,0.175,0.20277777777777778
4,720,0.972947676429,-0.036513042572076736,-0.035854481123102966,587,0.0014808003158880941,0.2858521044254303,2817,0.0438856840133667,0.20694444444444443,0.19583333333333333,0.22916666666666666,0.19027777777777777,0.17777777777777778
5,720,0.9640938525734961,-0.1784776022300018,-0.16345720663935548,575,0.0009878428285850936,0.26526162028312683,3537,0.05384926398595174,0.19444444444444445,0.20555555555555555,0.2013888888888889,0.20972222222222223,0.18888888888888888
6,720,0.9553205985150773,-0.0899648321635483,-0.08603667318114727,583,0.0008677161724739967,0.24821245670318604,4257,0.06470450162887573,0.18194444444444444,0.20277777777777778,0.20694444444444443,0.2152777777777778,0.19305555555555556
7,720,0.9466271810685901,0.03424276817731061,0.034835801437173464,561,0.000715822496001945,0.23162882030010223,4977,0.07401240269343058,0.21388888888888888,0.19583333333333333,0.22083333333333333,0.1638888888888889,0.20555555555555555
8,720,0.938012873720866,-0.14944000665120036,-0.13880989785188658,589,0.0006562349817007392,0.21789585053920746,5697,0.08314772049585978,0.18194444444444444,0.20555555555555555,0.19027777777777777,0.22083333333333333,0.2013888888888889
9,720,0.9294769565700061,-0.21987406646044858,-0.19738013164079404,590,0.0007242599113144227,0.2058643102645874,6417,0.09250156482060751,0.21805555555555556,0.1986111111111111,0.20694444444444443,0.175,0.2013888888888889
10,720,0.921018716265219,0.12666418494229478,0.13503579166445867,569,0.0007392117212778733,0.1962885856628418,7137,0.10662611722946166,0.18194444444444444,0.20833333333333334,0.2,0.21388888888888888,0.19583333333333333
11,720,0.9126374459472055,-0.25152654505816313,-0.2223871844416193,582,0.0007431960507245902,0.18652498722076416,7857,0.12859859863917034,0.23055555555555557,0.20833333333333334,0.19166666666666668,0.1986111111111111,0.17083333333333334
12,720,0.904332445189086,-0.18328742848180385,-0.16747117115327437,585,0.0007603030101462436,0.18530508875846863,8577,0.13861374855041503,0.2388888888888889,0.22083333333333333,0.1875,0.17222222222222222,0.18055555555555555
13,720,0.8961030199378652,-0.43578488370731616,-0.35324316109437703,568,0.0007961361397368212,0.1790383756160736,9297,0.14969545205434162,0.19722222222222222,0.18611111111111112,0.20555555555555555,0.19722222222222222,0.21388888888888888
14,720,0.8879484824564307,-0.026735693785649148,-0.026381459049300116,592,0.0007299961895720722,0.1804404854774475,10017,0.15904218355814617,0.20416666666666666,0.20972222222222223,0.20972222222222223,0.2013888888888889,0.175
15,720,0.8798681512660771,-0.06296607052499252,-0.06102466791127603,586,0.0005644613065467435,0.16917414963245392,10737,0.16843491792678833,0.2125,0.2111111111111111,0.18611111111111112,0.19444444444444445,0.19583333333333333
16,720,0.8718613510895558,-0.020258180497709735,-0.020054362208749787,594,0.0006693812062925038,0.1685458868741989,11457,0.17875023285547892,0.21944444444444444,0.19027777777777777,0.1736111111111111,0.2152777777777778,0.2013888888888889
17,720,0.8639274127946408,-0.053148267684573425,-0.05176059120249987,582,0.0006401295712849888,0.16266070306301117,12177,0.18773320118586223,0.1875,0.20972222222222223,0.2,0.18472222222222223,0.21805555555555556
18,720,0.8560656733382096,-0.34995911825044673,-0.2952831008104042,575,0.0005334202844500801,0.15390145778656006,12897,0.19844001531600952,0.21666666666666667,0.20833333333333334,0.19722222222222222,0.1763888888888889,0.2013888888888889
19,720,0.8482754757108318,-0.15450334117372097,-0.14315937071607865,576,0.00045665106218722133,0.14544279873371124,13617,0.20753608544667562,0.20555555555555555,0.15833333333333333,0.19027777777777777,0.22777777777777777,0.21805555555555556
20,720,0.8405561688818632,0.05528690961368013,0.05684378982493854,571,0.0004569659137713542,0.14275874197483063,14337,0.21819820404052734,0.20833333333333334,0.2013888888888889,0.19305555555555556,0.20833333333333334,0.18888888888888888
21,720,0.8329071077450383,-0.09778961693260445,-0.09316033260264,576,0.0004013447433458674,0.135552316904068,15057,0.23849788506825764,0.19722222222222222,0.17777777777777778,0.21805555555555556,0.21388888888888888,0.19305555555555556
22,720,0.8253276530645585,-0.03786585674211506,-0.03715790899638638,565,0.00043531317583579547,0.13389864563941956,15777,0.24756894906361898,0.19027777777777777,0.19305555555555556,0.1986111111111111,0.2,0.21805555555555556
23,720,0.817817171421671,0.1900431049150518,0.20930172338186526,579,0.0003132834078921102,0.12629246711730957,16497,0.2568784316380819,0.20555555555555555,0.1986111111111111,0.2,0.2,0.19583333333333333
24,720,0.8103750351617338,0.019937927075408108,0.02013801511130975,558,0.0003083000263662446,0.12344221770763397,17217,0.266998283068339,0.2111111111111111,0.18194444444444444,0.16944444444444445,0.22777777777777777,0.20972222222222223
25,720,0.8030006223417621,-0.10740030896771513,-0.10183394291077763,569,0.00024860731696713226,0.11679412424564362,17937,0.27568313280741374,0.18194444444444444,0.19305555555555556,0.20694444444444443,0.20555555555555555,0.2125
26,720,0.795693316678452,-0.24594359365383953,-0.21803366845489836,571,0.00024959830896275687,0.10634607076644897,18657,0.2852747519810995,0.18888888888888888,0.18888888888888888,0.20277777777777778,0.18472222222222223,0.23472222222222222
27,720,0.7884525074966781,-0.20018039749736136,-0.18141693057960395,570,0.00025752217922369404,0.10570580512285233,19377,0.2963121334711711,0.2111111111111111,0.20833333333333334,0.18472222222222223,0.2013888888888889,0.19444444444444445
28,720,0.7812775896784583,-0.1755218167827153,-0.16098090772344198,571,0.00021437072284445296,0.10104622691869736,20097,0.3047737161318461,0.18611111111111112,0.20694444444444443,0.21805555555555556,0.1875,0.2013888888888889
29,720,0.7741679636123843,-0.43347507954777337,-0.3517475528415246,575,0.00023044503461480619,0.10287845134735107,20817,0.31496247053146365,0.21944444444444444,0.20277777777777778,0.19444444444444445,0.19444444444444445,0.18888888888888888
30,720,0.7671230351435115,0.006394803289649156,0.006415293698299074,574,0.00020138521641557518,0.09620855748653412,21537,0.3239930828412374,0.20555555555555555,0.19305555555555556,0.19444444444444445,0.2013888888888889,0.20555555555555555
31,720,0.7601422155237056,-0.037211934028240704,-0.03652807877550701,578,0.00019048719905185864,0.09107814729213715,22257,0.34392151832580564,0.2111111111111111,0.20694444444444443,0.17083333333333334,0.20416666666666666,0.20694444444444443
32,720,0.7532249213624399,-0.0458016764472918,-0.0447686117111491,573,0.00017574628061285897,0.08974795043468475,22977,0.35343688329060874,0.20972222222222223,0.18333333333333332,0.19305555555555556,0.24444444444444444,0.16944444444444445
33,720,0.7463705745780417,-0.01999088821689359,-0.019792395294840004,593,0.00015999841106248723,0.08459627628326416,23697,0.36321769952774047,0.19305555555555556,0.17777777777777778,0.20694444444444443,0.20277777777777778,0.21944444444444444
34,720,0.7395786023493816,-0.11461119085702463,-0.10828721740290015,577,0.00014421426146024412,0.08145943284034729,24417,0.3740434487660726,0.23194444444444445,0.18194444444444444,0.20972222222222223,0.19722222222222222,0.17916666666666667
35,720,0.7328484370680022,0.2135273092523865,0.2380373076797253,564,0.0001581673615116112,0.08039319515228271,25137,0.38386576970418296,0.20694444444444443,0.20833333333333334,0.19305555555555556,0.19444444444444445,0.19722222222222222
36,720,0.7261795162906833,0.10768908750690305,0.11370142786453408,574,0.00013449443702787296,0.07659988105297089,25857,0.3932443499565125,0.22083333333333333,0.19722222222222222,0.18888888888888888,0.19305555555555556,0.2
37,720,0.7195712826924381,-0.1290944505636399,-0.12110905012038897,571,0.00012120150918235595,0.08077578246593475,26577,0.40430736939112344,0.2,0.17777777777777778,0.20277777777777778,0.17777777777777778,0.24166666666666667
38,720,0.7130231840199369,-0.15891482649319366,-0.14693098524555115,582,0.00013334039009451872,0.07308803498744965,27297,0.4144436836242676,0.175,0.2013888888888889,0.19027777777777777,0.2111111111111111,0.2222222222222222
39,720,0.7065346730453554,-0.2039279253983045,-0.18447885256899565,579,0.0001123248584968274,0.06929339468479156,28017,0.4247765819231669,0.24861111111111112,0.18055555555555555,0.2,0.19444444444444445,0.1763888888888889
40,720,0.7001052075206428,-0.15612621132585852,-0.14454878407480842,566,0.0001106135712790193,0.06981870532035828,28737,0.4345234672228495,0.2,0.19166666666666668,0.19722222222222222,0.18055555555555555,0.23055555555555557
41,720,0.6937342501322049,0.013067169279682435,0.01315291782603345,570,0.00010681226899578178,0.06917208433151245,29457,0.45395785172780356,0.18055555555555555,0.16805555555555557,0.18194444444444444,0.2222222222222222,0.24722222222222223
42,720,0.6874212684560018,0.055808954613947685,0.05739565387788437,599,0.00010354777167675719,0.06414712965488434,30177,0.46327211856842043,0.17777777777777778,0.1986111111111111,0.21944444444444444,0.2125,0.19166666666666668
43,720,0.6811657349130522,-0.27051063343558673,-0.23701021324966565,565,9.257560488246478e-05,0.06412681192159653,30897,0.47305443286895754,0.2263888888888889,0.18472222222222223,0.17222222222222222,0.20277777777777778,0.21388888888888888
44,720,0.6749671267253434,-0.12453082415830426,-0.11708895404290387,579,0.00012053307217077721,0.07254588603973389,31617,0.4828287839889526,0.19166666666666668,0.19027777777777777,0.18194444444444444,0.19583333333333333,0.24027777777777778
45,720,0.6688249258721428,-0.05649106328004473,-0.05492506967260302,548,9.048486171852548e-05,0.06507273763418198,32337,0.49223486582438153,0.2,0.17916666666666667,0.2125,0.21805555555555556,0.19027777777777777
46,720,0.6627386190467063,-0.3858576557853133,-0.32013270603099386,577,8.416884022103154e-05,0.06338971853256226,33057,0.5020334680875143,0.18333333333333332,0.18194444444444444,0.2125,0.2152777777777778,0.20694444444444443
47,720,0.6567076976133812,-0.15311546853399327,-0.14196935944906475,556,9.406928458904279e-05,0.06214400380849838,33777,0.5122395674387614,0.23333333333333334,0.18333333333333332,0.18611111111111112,0.1875,0.20972222222222223
48,720,0.6507316575650994,-0.13854679553226218,-0.12937749092786455,566,0.00010092794094463089,0.05846870690584183,34497,0.5215598821640015,0.20694444444444443,0.1875,0.19305555555555556,0.1986111111111111,0.21388888888888888
49,720,0.6448099994812571,-0.0005321116408051893,-0.0005319700945133343,571,9.191777504990266e-05,0.0594579242169857,35217,0.5317806680997212,0.21944444444444444,0.1736111111111111,0.14722222222222223,0.2152777777777778,0.24444444444444444
50,720,0.6389422284859776,-0.0615487706261032,-0.05969291474416227,582,7.741445970926482e-05,0.054955318570137024,35937,0.541865885257721,0.19166666666666668,0.20694444444444443,0.20694444444444443,0.20694444444444443,0.1875
51,720,0.6331278542067552,-0.08667367064031356,-0.08302371690301835,558,7.115715882516977e-05,0.053885072469711304,36657,0.5612586339314779,0.17916666666666667,0.2111111111111111,0.18333333333333332,0.22361111111111112,0.20277777777777778
52,720,0.6273663907334738,0.2703157963022993,0.3103781979894218,581,7.115545261563562e-05,0.05164346471428871,37377,0.5706909338633219,0.19583333333333333,0.20416666666666666,0.19166666666666668,0.20416666666666666,0.20416666666666666
53,720,0.6216573565777992,-0.1301443875295213,-0.12203134595667442,541,8.32939416467424e-05,0.04885292425751686,38097,0.5786982178688049,0.19583333333333333,0.1875,0.19444444444444445,0.21805555555555556,0.20416666666666666
54,720,0.6160002746329413,0.1669667235206652,0.18171494134125687,582,7.929004329475397e-05,0.04761002957820892,38817,0.5892637173334757,0.20833333333333334,0.19722222222222222,0.17777777777777778,0.21805555555555556,0.1986111111111111
55,720,0.6103946721337815,-0.08523984845191142,-0.08170799293037145,560,8.44686628448067e-05,0.042474884539842606,39537,0.599199899037679,0.2111111111111111,0.20277777777777778,0.18611111111111112,0.1986111111111111,0.2013888888888889
56,720,0.604840080617364,-0.0014426046189252723,-0.0014415645650729392,578,7.195234590855964e-05,0.04452521353960037,40257,0.6096394975980123,0.16944444444444445,0.18888888888888888,0.18472222222222223,0.23333333333333334,0.22361111111111112
57,720,0.5993360358837461,-0.32155264534487643,-0.2749775400347353,552,7.297949555827978e-05,0.04318903386592865,40977,0.6188520868619283,0.2111111111111111,0.19722222222222222,0.19027777777777777,0.2125,0.18888888888888888
58,720,0.5938820779572039,0.09283773702293364,0.09728367230660728,571,7.8270008778721e-05,0.04291890561580658,41697,0.6285484671592713,0.20694444444444443,0.19305555555555556,0.16527777777777777,0.20555555555555555,0.22916666666666666
59,720,0.5884777510477934,-0.08553191408746284,-0.08197615530662572,571,6.83232756197564e-05,0.041490763425827026,42417,0.6389486034711201,0.2375,0.16527777777777777,0.20555555555555555,0.19027777777777777,0.2013888888888889
60,720,0.5831226035132585,0.07482528588301816,0.07769584575726052,560,8.37398564196216e-05,0.04354826733469963,43137,0.6477861205736796,0.20555555555555555,0.19583333333333333,0.19166666666666668,0.19305555555555556,0.21388888888888888
61,720,0.5778161878212879,-0.08358398062966278,-0.08018616311765503,527,8.346142701611824e-05,0.042339831590652466,43857,0.6660255153973897,0.23472222222222222,0.16944444444444445,0.18611111111111112,0.19027777777777777,0.21944444444444444
62,720,0.5725580605121141,-0.13637741120944785,-0.12748672594917299,538,6.333259020468379e-05,0.03933587670326233,44577,0.677704119682312,0.20972222222222223,0.19722222222222222,0.19444444444444445,0.23055555555555557,0.16805555555555557
63,720,0.5673477821614539,-0.21411057259233462,-0.192740880645908,525,6.672868053859323e-05,0.04217638075351715,45297,0.6869701027870179,0.25833333333333336,0.17222222222222222,0.19027777777777777,0.1875,0.19166666666666668
64,720,0.5621849173437846,0.1561424492630173,0.1689927133804472,552,7.424783551767986e-05,0.04212864488363266,46017,0.6972424189249674,0.175,0.21388888888888888,0.2125,0.2,0.1986111111111111
65,720,0.5570690345959561,0.11605235424812081,0.12305466727685554,547,9.51729507884617e-05,0.045441582798957825,46737,0.7060455163319905,0.23194444444444445,0.1486111111111111,0.17916666666666667,0.21805555555555556,0.2222222222222222
66,720,0.5519997063811329,-0.03541547140224838,-0.03479568185057791,541,7.409928895817252e-05,0.04274884611368179,47457,0.7159469167391459,0.21666666666666667,0.17222222222222222,0.18888888888888888,0.21388888888888888,0.20833333333333334
67,720,0.5469765090530646,-0.10559795705728897,-0.10021367189123498,574,6.229129697001351e-05,0.04232889041304588,48177,0.7250685850779216,0.18611111111111112,0.17222222222222222,0.1763888888888889,0.21805555555555556,0.24722222222222223
68,720,0.5419990228206817,-0.00923544872572055,-0.009192932953883237,543,6.610104291869195e-05,0.03803814575076103,48897,0.7347613175710043,0.25555555555555554,0.1597222222222222,0.18888888888888888,0.20833333333333334,0.1875
69,720,0.5370668317130135,-0.2324691123698557,-0.2074257702916248,570,6.316598835888322e-05,0.03717175871133804,49617,0.7441785335540771,0.16805555555555557,0.20277777777777778,0.2152777777777778,0.1763888888888889,0.2375
70,720,0.5321795235444251,-0.048108437339942106,-0.04696956261138985,569,5.727727926164839e-05,0.03657253831624985,50337,0.7544353524843852,0.18472222222222223,0.17916666666666667,0.16944444444444445,0.21944444444444444,0.24722222222222223
71,720,0.5273366898801708,0.03551538663158964,0.036153590918983625,574,5.57788701118827e-05,0.0384196937084198,51057,0.7730410536130269,0.18194444444444444,0.1736111111111111,0.1597222222222222,0.20555555555555555,0.2791666666666667
72,720,0.5225379260022612,-0.2908486987240837,-0.25237121334953416,558,5.2999735060489505e-05,0.03668403625488281,51777,0.7840845187505087,0.2222222222222222,0.17916666666666667,0.16527777777777777,0.20694444444444443,0.2263888888888889
73,720,0.5177828308756407,-0.24243454523310948,-0.2152848907576771,559,4.97942442759975e-05,0.0350758358836174,52497,0.793611733118693,0.2125,0.19166666666666668,0.19305555555555556,0.18333333333333332,0.21944444444444444
74,720,0.5130710071146724,-0.28057627773623955,-0.24465167441560198,551,5.733833082912396e-05,0.03199562802910805,53217,0.8036178151766459,0.20555555555555555,0.16111111111111112,0.15833333333333333,0.2222222222222222,0.25277777777777777
75,720,0.5084020609499288,0.14112107951023767,0.15156407035761998,539,5.475215508694317e-05,0.031096287071704865,53937,0.8124089320500691,0.18194444444444444,0.15555555555555556,0.19027777777777777,0.2361111111111111,0.2361111111111111
76,720,0.5037756021952844,0.18402012508690604,0.20204001401262484,563,4.972815981495337e-05,0.03272252157330513,54657,0.8226230859756469,0.20833333333333334,0.16666666666666666,0.18888888888888888,0.1986111111111111,0.2375
77,720,0.4991912442153073,-0.4129158311085902,-0.338282023447511,538,5.258771907140019e-05,0.029963266104459763,55377,0.832313867410024,0.1875,0.20277777777777778,0.1763888888888889,0.2,0.23333333333333334
78,720,0.494648603892948,-0.1691006318266633,-0.15557607681161956,540,5.4498510744199143e-05,0.02896321564912796,56097,0.8420916318893432,0.19027777777777777,0.16527777777777777,0.2,0.19444444444444445,0.25
79,720,0.4901473015975222,-0.09939476134665971,-0.09461477362298931,533,4.819962788486818e-05,0.026716643944382668,56817,0.8546619494756063,0.18888888888888888,0.14583333333333334,0.1597222222222222,0.2361111111111111,0.26944444444444443
80,720,0.4856869611529847,-0.01786525414169214,-0.017706616593721747,562,5.0133636601559474e-05,0.028598256409168243,57537,0.8641017317771912,0.22916666666666666,0.15694444444444444,0.19722222222222222,0.17916666666666667,0.2375
81,720,0.48126720980649257,-0.13122757851072217,-0.12298183880893121,552,5.625569280659369e-05,0.026158487424254417,58257,0.8837680339813232,0.17916666666666667,0.15833333333333333,0.15833333333333333,0.25277777777777777,0.2513888888888889
82,720,0.4768876781972535,-0.09712649796971119,-0.09255879059797223,542,6.791376263966716e-05,0.0318634957075119,58977,0.8932015339533488,0.1736111111111111,0.15833333333333333,0.17083333333333334,0.20277777777777778,0.29444444444444445
83,720,0.47254800032565847,-0.0885669774761317,-0.08475819190328315,527,4.8404962430797444e-05,0.030572740361094475,59697,0.9039043188095093,0.21805555555555556,0.17222222222222222,0.15833333333333333,0.19444444444444445,0.2569444444444444
84,720,0.46824781352269496,-0.3170755723323133,-0.27172428444839847,562,5.177669554541353e-05,0.03049812838435173,60417,0.9134369174639384,0.20277777777777778,0.19027777777777777,0.2152777777777778,0.16944444444444445,0.2222222222222222
85,720,0.46398675841963843,0.027875852894758836,0.028268019998910487,534,5.348380043415091e-05,0.031199567019939423,61137,0.9223690668741862,0.24305555555555555,0.16666666666666666,0.19444444444444445,0.20694444444444443,0.18888888888888888
86,720,0.45976447891801975,-0.03088807534765127,-0.030415912634899622,553,4.4352556645005987e-05,0.027290940284729004,61857,0.9315851171811421,0.2125,0.17777777777777778,0.18194444444444444,0.19583333333333333,0.23194444444444445
87,720,0.4555806221598658,-0.056275187821593554,-0.05472102916587196,538,4.186458667163606e-05,0.026114415377378464,62577,0.9421277840932211,0.19722222222222222,0.17916666666666667,0.18333333333333332,0.19444444444444445,0.24583333333333332
88,720,0.451434838498211,-0.1954689313656871,-0.17755110446877564,534,4.291861878805826e-05,0.027170030400156975,63297,0.9510186831156413,0.24583333333333332,0.175,0.16666666666666666,0.19305555555555556,0.21944444444444444
89,720,0.44732678146787724,0.06269085427248347,0.06469764162190805,547,4.755718412702158e-05,0.024178940802812576,64017,0.9615737994511923,0.2361111111111111,0.175,0.17777777777777778,0.19722222222222222,0.21388888888888888
90,720,0.4432561077565196,-0.17070323190670758,-0.15692826685916716,523,4.118883803003983e-05,0.02495405077934265,64737,0.9705937027931213,0.23333333333333334,0.17083333333333334,0.16666666666666666,0.19722222222222222,0.23194444444444445
91,720,0.43922247717593527,-0.02948285796327719,-0.02905247848339132,545,4.018900217235771e-05,0.023466717451810837,65457,0.9892208019892375,0.19027777777777777,0.14583333333333334,0.18611111111111112,0.20277777777777778,0.275
92,720,0.43522555263363427,2.29350882566255e-05,2.2935351268182913e-05,536,4.7070333574892075e-05,0.023586679250001907,66177,0.9987113992373149,0.22916666666666666,0.1527777777777778,0.18611111111111112,0.20416666666666666,0.22777777777777777
93,720,0.43126500010466823,0.24266691859188022,0.27464399318794785,526,4.45144103903456e-05,0.023930111899971962,66897,1.010629932085673,0.16805555555555557,0.1736111111111111,0.20277777777777778,0.20694444444444443,0.24861111111111112
94,720,0.42734048860371576,0.4085015464192263,0.5045615794390823,543,4.017793827794473e-05,0.021563900634646416,67617,1.0199648141860962,0.21944444444444444,0.1527777777777778,0.19166666666666668,0.20972222222222223,0.2263888888888889
95,720,0.42345169015742196,0.1794433127255326,0.19655107292582952,509,4.8727700046432196e-05,0.021717071533203125,68337,1.0295624693234762,0.18055555555555555,0.18194444444444444,0.18194444444444444,0.2125,0.24305555555555555
96,720,0.41959827977698944,0.3575791654996289,0.42986375784636865,551,4.7703133803780576e-05,0.025900734588503838,69057,1.0389302333196004,0.22361111111111112,0.16111111111111112,0.15138888888888888,0.2013888888888889,0.2625
97,720,0.4157799354310188,0.053925619984921715,0.055406098114057833,545,5.3992226209073934e-05,0.025701351463794708,69777,1.047466548283895,0.2152777777777778,0.14722222222222223,0.15,0.21944444444444444,0.26805555555555555
98,720,0.41199633801859653,-0.1413016480072946,-0.13177262686395408,530,5.077646168653397e-05,0.02680368162691593,70497,1.0572126189867654,0.19444444444444445,0.21805555555555556,0.15555555555555556,0.20416666666666666,0.22777777777777777
99,720,0.4082471713426273,0.05135869516016018,0.05270042411714715,524,4.5164632042037234e-05,0.025679200887680054,71217,1.0683127840360005,0.2222222222222222,0.1625,0.1763888888888889,0.19027777777777777,0.24861111111111112
100,720,0.4045321220834094,-0.12918635015558025,-0.12118981612880164,517,5.083332514838427e-05,0.02639031782746315,71937,1.0774554014205933,0.18888888888888888,0.16527777777777777,0.2,0.19444444444444445,0.2513888888888889
101,720,0.4008508797724504,0.16922997762686376,0.18439249137972613,527,4.874975174718404e-05,0.0265196505934,72657,1.0954614679018657,0.17916666666666667,0.17083333333333334,0.18472222222222223,0.19583333333333333,0.26944444444444443
102,720,0.3972031367665211,0.07587188020114598,0.07882434654434611,504,4.67486283469043e-05,0.0259071197360754,73377,1.1052841663360595,0.21666666666666667,0.16805555555555557,0.16111111111111112,0.20277777777777778,0.2513888888888889
103,720,0.39358858822194576,0.1541025118809118,0.16661047208266333,535,4.7617628586572714e-05,0.02451283484697342,74097,1.1151569684346516,0.18055555555555555,0.16944444444444445,0.175,0.20694444444444443,0.26805555555555555
104,720,0.39000693206912607,-0.10335381915242035,-0.09819215985854368,548,4.968484497946217e-05,0.02536753937602043,74817,1.1247314492861429,0.20416666666666666,0.20694444444444443,0.1597222222222222,0.20277777777777778,0.2263888888888889
105,720,0.386457868987297,-0.09638984645032685,-0.09189007637788127,501,4.890730269456374e-05,0.023671748116612434,75537,1.1350331862767538,0.2,0.17222222222222222,0.17777777777777778,0.18055555555555555,0.26944444444444443
106,720,0.3829411023795126,-0.014464540358384922,-0.014360431461412748,500,4.5949328115410835e-05,0.025474634021520615,76257,1.144419550895691,0.20277777777777778,0.13194444444444445,0.19027777777777777,0.20555555555555555,0.26944444444444443
107,720,0.3794563383478591,0.019399323609751315,0.019588713182161266,526,4.4480516368771026e-05,0.023795340210199356,76977,1.1548760016759236,0.17777777777777778,0.14722222222222223,0.1736111111111111,0.2222222222222222,0.2791666666666667
108,720,0.37600328566889357,0.04611382205636706,0.047193597902483564,528,4.440728973552015e-05,0.02250313200056553,77697,1.1649237672487895,0.24444444444444444,0.15694444444444444,0.15555555555555556,0.16527777777777777,0.2777777777777778
109,720,0.37258165576930663,-0.16352747281999525,-0.1508568296763373,520,4.1840432030918845e-05,0.021466918289661407,78417,1.1754781325658163,0.16111111111111112,0.19444444444444445,0.17916666666666667,0.2125,0.25277777777777777
110,720,0.36919116270180596,-0.05746983822805972,-0.055849632794981674,500,4.3670770385991396e-05,0.01922811195254326,79137,1.18571085135142,0.17916666666666667,0.19444444444444445,0.21944444444444444,0.16527777777777777,0.24166666666666667
111,720,0.3658315231212195,-0.27885347326165183,-0.24334923533861885,524,4.708347616492069e-05,0.02120191603899002,79857,1.2048941175142924,0.1986111111111111,0.16944444444444445,0.17083333333333334,0.1986111111111111,0.2625
112,720,0.36250245626081645,0.1676639750249949,0.1825391811796362,527,5.150024865088199e-05,0.020083647221326828,80577,1.2150813182195028,0.24861111111111112,0.18611111111111112,0.15555555555555556,0.19583333333333333,0.21388888888888888
113,720,0.359203683908843,-0.3895197824675533,-0.3226179128400767,510,4.756422775926694e-05,0.0214493740350008,81297,1.2246806701024373,0.2638888888888889,0.15138888888888888,0.15694444444444444,0.14305555555555555,0.2847222222222222
114,720,0.3559349303852725,0.09569150950558966,0.10041954265834674,497,5.470390920360539e-05,0.021004952490329742,82017,1.2347032348314921,0.2375,0.2013888888888889,0.1875,0.14722222222222223,0.2263888888888889
115,720,0.3526959225187665,-0.1552933726557468,-0.14383603446026783,509,4.750045144924621e-05,0.019938815385103226,82737,1.247721517086029,0.20416666666666666,0.15555555555555556,0.15555555555555556,0.18194444444444444,0.30277777777777776
116,720,0.34948638962384576,-0.19369828889605073,-0.1760935515034595,516,4.677852721468096e-05,0.021763358265161514,83457,1.256511882940928,0.24722222222222223,0.20416666666666666,0.14583333333333334,0.18194444444444444,0.22083333333333333
117,720,0.34630606347826876,0.01321285361839613,0.013300529090943591,490,4.526736477525143e-05,0.01965981535613537,84177,1.2661285360654195,0.1736111111111111,0.1597222222222222,0.1527777777777778,0.16944444444444445,0.34444444444444444
118,720,0.3431546783006165,-0.08012806848256751,-0.07700186815313803,471,4.566193580836221e-05,0.02025558054447174,84897,1.2764631311098735,0.20833333333333334,0.1597222222222222,0.15,0.20416666666666666,0.2777777777777778
119,720,0.3400319707280809,0.18324338372854454,0.20110670233714867,549,4.339397010350391e-05,0.02067168429493904,85617,1.2866641998291015,0.24305555555555555,0.19166666666666668,0.18194444444444444,0.17777777777777778,0.20555555555555555
120,720,0.3369376797944554,-0.19230370874238598,-0.1749437463605431,492,4.767946194432524e-05,0.02020709402859211,86337,1.296157717704773,0.18472222222222223,0.14583333333333334,0.1597222222222222,0.2125,0.2972222222222222
121,720,0.3338715469083258,0.16868267270171705,0.18374444489158304,492,4.460066103572697e-05,0.02288767136633396,87057,1.3168471336364747,0.2638888888888889,0.11527777777777778,0.1375,0.18194444444444444,0.3013888888888889
122,720,0.3308333158314601,0.08687021069539928,0.09075510218464844,503,4.3243384431611455e-05,0.022028911858797073,87777,1.327224032084147,0.21388888888888888,0.15694444444444444,0.17222222222222222,0.20555555555555555,0.2513888888888889
123,720,0.3278227326573938,0.19769865225120686,0.2185951175901122,499,4.4548122331080874e-05,0.02203482948243618,88497,1.3384921312332154,0.2569444444444444,0.14583333333333334,0.14027777777777778,0.20972222222222223,0.24722222222222223
124,720,0.3248395457902115,0.10846176565307125,0.11456229316227051,506,4.367915095902693e-05,0.021691156551241875,89217,1.34804664850235,0.20972222222222223,0.1361111111111111,0.1597222222222222,0.19444444444444445,0.3
125,720,0.3218835059235206,0.16743973701235354,0.18227404067217923,520,4.041379262389455e-05,0.022517608478665352,89937,1.3578787167867026,0.24166666666666667,0.18888888888888888,0.1763888888888889,0.15555555555555556,0.2375
126,720,0.3189543660196166,-0.24828233994644772,-0.21986035240596213,475,3.918895287016413e-05,0.02233322337269783,90657,1.3672187169392904,0.19444444444444445,0.13472222222222222,0.15,0.17777777777777778,0.34305555555555556
127,720,0.31605188128883804,-0.17886066590146896,-0.16377759442474316,540,3.804463692126268e-05,0.020496636629104614,91377,1.3768643975257873,0.23194444444444445,0.1638888888888889,0.19305555555555556,0.1763888888888889,0.23472222222222222
128,720,0.31317580916910964,0.16026932892019832,0.1738269739734597,530,3.885709759919741e-05,0.01849878579378128,92097,1.3864536841710409,0.1763888888888889,0.175,0.19305555555555556,0.1763888888888889,0.2791666666666667
129,720,0.3103259093056707,0.06596365794002662,0.06818789631199351,525,3.8174717216558446e-05,0.019228482618927956,92817,1.3965075373649598,0.19166666666666668,0.19444444444444445,0.17777777777777778,0.2125,0.22361111111111112
130,720,0.30750194353098914,-0.007319149815744443,-0.007292430067085243,502,4.012636697375961e-05,0.017862949520349503,93537,1.4063313364982606,0.15,0.12361111111111112,0.20277777777777778,0.15694444444444444,0.36666666666666664
131,720,0.30470367584485714,0.29150597941853856,0.33844163656926285,526,3.860122571571386e-05,0.017803028225898743,94257,1.4250968178113301,0.15416666666666667,0.17916666666666667,0.20555555555555555,0.19305555555555556,0.26805555555555555
132,720,0.3019308723946689,-0.21131126580019866,-0.19047794886765512,485,3.853205442207279e-05,0.016429441049695015,94977,1.4353511333465576,0.225,0.15416666666666667,0.1597222222222222,0.16111111111111112,0.3
133,720,0.29918330145587746,0.19978641993327767,0.22114191873362832,498,3.995782848531033e-05,0.016744118183851242,95697,1.444961134592692,0.2652777777777778,0.16944444444444445,0.15138888888888888,0.15138888888888888,0.2625
134,720,0.29646073341262896,0.18443694437541513,0.20254115191074296,529,3.973471772269477e-05,0.016824334859848022,96417,1.4548338691393534,0.225,0.18333333333333332,0.17222222222222222,0.1388888888888889,0.28055555555555556
135,720,0.29376294073857406,0.08011531026773697,0.08341198899898528,502,4.052520688320429e-05,0.016236837953329086,97137,1.4653406182924906,0.26805555555555555,0.14444444444444443,0.1625,0.14722222222222223,0.2777777777777778
136,720,0.29108969797785306,-0.06876514116593306,-0.06645409416336623,465,3.8531801286959914e-05,0.015342853963375092,97857,1.4758957505226136,0.20416666666666666,0.16666666666666666,0.1625,0.13333333333333333,0.3333333333333333
137,720,0.2884407817262546,0.0935154300491866,0.09802754582962914,491,4.0802542005419834e-05,0.016679324209690094,98577,1.4860338846842447,0.2791666666666667,0.13333333333333333,0.18194444444444444,0.1486111111111111,0.2569444444444444
138,720,0.28581597061254566,0.003998024714912847,0.004006027477249985,506,3.783298447943808e-05,0.014773722738027573,99297,1.4958377679189045,0.30416666666666664,0.11527777777777778,0.16944444444444445,0.1486111111111111,0.2625
139,720,0.2832150452799715,-0.0007426709252830695,-0.0007423952134897327,473,3.961522333181872e-05,0.017102019861340523,100017,1.5074204643567404,0.2222222222222222,0.1597222222222222,0.14305555555555555,0.1875,0.2875
140,720,0.28063778836792375,-0.09867458812857875,-0.09396250458574906,456,3.7614948484411396e-05,0.015848612412810326,100737,1.5173845171928406,0.2861111111111111,0.11527777777777778,0.13472222222222222,0.18888888888888888,0.275
141,720,0.27808398449377564,0.3872376350773255,0.47290646393005,520,4.0525126530610577e-05,0.017520468682050705,101457,1.5397120674451192,0.20416666666666666,0.16111111111111112,0.1875,0.17083333333333334,0.2763888888888889
142,720,0.2755534202348823,0.014513422507351331,0.01461925359438987,487,4.045610784512771e-05,0.015411728993058205,102177,1.5505990187327068,0.2263888888888889,0.19305555555555556,0.18055555555555555,0.1736111111111111,0.2263888888888889
143,720,0.2730458841107448,0.4321352944141263,0.5405435279963229,481,4.233679885727624e-05,0.015399094671010971,102897,1.5613772829373678,0.2361111111111111,0.15416666666666667,0.17083333333333334,0.1597222222222222,0.2791666666666667
144,720,0.270561166565337,-0.04466221782919041,-0.04367954471793112,502,4.043718695104164e-05,0.016323599964380264,103617,1.571155563990275,0.23055555555555557,0.19722222222222222,0.1597222222222222,0.18888888888888888,0.22361111111111112
145,720,0.26809905994959243,-0.18202168811878752,-0.16641673863310646,503,4.296765371110369e-05,0.0166259054094553,104337,1.5816160162289938,0.2152777777777778,0.15138888888888888,0.19444444444444445,0.16944444444444445,0.26944444444444443
146,720,0.26565935850405115,0.07849167141007832,0.08165434646927405,482,3.86622220591764e-05,0.016763225197792053,105057,1.5920981208483378,0.25277777777777777,0.15416666666666667,0.1638888888888889,0.16666666666666666,0.2625
147,720,0.2632418583416643,0.08095057827972824,0.08431730641590884,455,3.691463558273729e-05,0.017264092341065407,105777,1.6020983815193177,0.22916666666666666,0.1597222222222222,0.19027777777777777,0.1527777777777778,0.26805555555555555
148,720,0.2608463574307552,0.18552258233337962,0.20384738515116796,483,3.744957209619315e-05,0.017791271209716797,106497,1.6117292841275532,0.21388888888888888,0.15416666666666667,0.18333333333333332,0.13472222222222222,0.3138888888888889
149,720,0.2584726555781353,-0.042277034644419384,-0.041395822783853675,514,3.903117244337611e-05,0.016643069684505463,107217,1.6206136703491212,0.1875,0.18611111111111112,0.18194444444444444,0.17222222222222222,0.2722222222222222
150,720,0.2561205544123743,0.09363815284903286,0.0981623071133324,479,4.00280259529811e-05,0.015226355753839016,107937,1.632997485001882,0.16111111111111112,0.13055555555555556,0.24305555555555555,0.1736111111111111,0.2916666666666667
151,720,0.2537898573672217,0.07944667238184194,0.08268782082722592,482,3.790910556568229e-05,0.016282174736261368,108657,1.651739501953125,0.24027777777777778,0.1625,0.18472222222222223,0.1638888888888889,0.24861111111111112
152,720,0.25148036966518,-0.031140843171792797,-0.030660961323465852,520,3.848737611886261e-05,0.014829971827566624,109377,1.661398752530416,0.20833333333333334,0.20555555555555555,0.15416666666666667,0.1361111111111111,0.29583333333333334
153,720,0.24919189830122687,0.2902795265201511,0.3368011071664312,479,3.664981222123566e-05,0.016369394958019257,110097,1.6704861839612326,0.20555555555555555,0.13472222222222222,0.175,0.20555555555555555,0.2791666666666667
154,720,0.24692425202668572,0.14881763199122813,0.16046133888691894,485,3.6811707989020055e-05,0.014743990264832973,110817,1.6797312498092651,0.23194444444444445,0.17222222222222222,0.14027777777777778,0.1486111111111111,0.30694444444444446
155,720,0.24467724133324287,0.07068782052076629,0.07324612814838627,496,3.788387781532442e-05,0.01455522608011961,111537,1.6899397174517314,0.25,0.125,0.15416666666666667,0.18472222222222223,0.2861111111111111
156,720,0.24245067843711035,0.30543414080311276,0.35721409714019847,491,3.6436057460933725e-05,0.01469383668154478,112257,1.6994068503379822,0.25833333333333336,0.15138888888888888,0.16805555555555557,0.15694444444444444,0.2652777777777778
157,720,0.24024437726333264,0.3437571668662305,0.4102361418632723,471,3.819541912990745e-05,0.0157102569937706,112977,1.708758501211802,0.24166666666666667,0.17083333333333334,0.1638888888888889,0.16527777777777777,0.25833333333333336
158,720,0.2380581534302363,0.24349201173421256,0.2756961272002336,491,3.7536332635884014e-05,0.01645229570567608,113697,1.7184446652730305,0.20277777777777778,0.15416666666666667,0.1527777777777778,0.1597222222222222,0.33055555555555555
159,720,0.23589182423402116,0.0894687047963278,0.09359310855775171,550,3.731982313360681e-05,0.015340683981776237,114417,1.727902352809906,0.1986111111111111,0.14305555555555555,0.21944444444444444,0.16666666666666666,0.2722222222222222
160,720,0.23374520863349157,0.36216476705764866,0.43643559973038415,474,3.918575085258959e-05,0.014740418642759323,115137,1.7387397011121115,0.1875,0.14305555555555555,0.17777777777777778,0.17083333333333334,0.32083333333333336
161,720,0.2316181272349268,0.36771155776928754,0.44442534561199865,513,3.7545285502144706e-05,0.015250216238200665,115857,1.7573131680488587,0.27361111111111114,0.14722222222222223,0.18472222222222223,0.1638888888888889,0.23055555555555557
162,720,0.22951040227708897,0.22955243528486208,0.2580368310134702,470,3.752971278901087e-05,0.015495727770030499,116577,1.7674437006314596,0.2861111111111111,0.11527777777777778,0.1638888888888889,0.18472222222222223,0.25
163,720,0.22742185761636746,0.10278199728472379,0.10824978127768103,518,4.04904474066825e-05,0.014780651777982712,117297,1.7773313522338867,0.25555555555555554,0.1763888888888889,0.16944444444444445,0.1625,0.2361111111111111
164,720,0.22535231871205852,0.030029119253053616,0.030484540456731768,439,4.3088835918246736e-05,0.01592279225587845,118017,1.7877201517422994,0.32916666666666666,0.14027777777777778,0.15694444444444444,0.10833333333333334,0.2652777777777778
165,720,0.22330161261177878,0.382039973827907,0.4652706564393516,467,4.2546635809988706e-05,0.015924107283353806,118737,1.7993088841438294,0.24305555555555555,0.14305555555555555,0.19583333333333333,0.15555555555555556,0.2625
166,720,0.22126956793701158,0.1678008470464064,0.1827010487850882,551,4.69717406114493e-05,0.0177250187844038,119457,1.8084954182306925,0.25972222222222224,0.1763888888888889,0.1375,0.12222222222222222,0.30416666666666664
167,720,0.21925601486878477,0.317352229282001,0.3734862688166567,544,4.244022113274089e-05,0.01694387011229992,120177,1.8185809016227723,0.2763888888888889,0.1736111111111111,0.16666666666666666,0.14722222222222223,0.2361111111111111
168,720,0.21726078513347882,0.33313757964228313,0.3953392555404469,534,4.0223950535770806e-05,0.017507800832390785,120897,1.8282926479975383,0.23194444444444445,0.2,0.14027777777777778,0.17222222222222222,0.25555555555555554
169,720,0.21528371198876417,-0.03560899047985376,-0.034982449227818346,449,4.239065854613323e-05,0.01821811869740486,121617,1.839552899201711,0.36944444444444446,0.11527777777777778,0.1388888888888889,0.18333333333333332,0.19305555555555556
170,720,0.2133246302096664,0.26427145425557297,0.3024817125206509,508,4.392265698369455e-05,0.017061613500118256,122337,1.8494634668032328,0.2833333333333333,0.1597222222222222,0.12916666666666668,0.125,0.30277777777777776
171,720,0.21138337607475843,0.40947970226807073,0.5060339951565791,480,4.3161813982806053e-05,0.01735098659992218,123057,1.868132718404134,0.2861111111111111,0.15833333333333333,0.14027777777777778,0.14444444444444443,0.2708333333333333
172,720,0.20945978735247814,0.3807370721153744,0.463362795938997,514,4.581911921630106e-05,0.01632239669561386,123777,1.879583517710368,0.2125,0.18333333333333332,0.1625,0.14166666666666666,0.3
173,720,0.20755370328757058,0.4929463862872446,0.6371327462714163,502,4.28403229547156e-05,0.017310693860054016,124497,1.8901021162668863,0.2013888888888889,0.1638888888888889,0.19583333333333333,0.12361111111111112,0.31527777777777777
174,720,0.20566496458765368,0.11602469636636158,0.12302360639320131,493,5.403834276194175e-05,0.016177715733647346,125217,1.9011392990748088,0.26805555555555555,0.15833333333333333,0.17916666666666667,0.11666666666666667,0.2777777777777778
175,720,0.20379341340990603,-0.13479188680630919,-0.12610223758109274,521,4.841571331755606e-05,0.015787353739142418,125937,1.9111348509788513,0.22777777777777777,0.18194444444444444,0.1638888888888889,0.18194444444444444,0.24444444444444444
176,720,0.20193889334787588,-0.11723819019840921,-0.11062667207713595,444,4.26106902864376e-05,0.015836350619792938,126657,1.9219692985216776,0.25416666666666665,0.17083333333333334,0.19444444444444445,0.1361111111111111,0.24444444444444444
177,720,0.2001012494184102,0.41454655399798573,0.5136842109979485,473,4.16189056055474e-05,0.014947832562029362,127377,1.932269016901652,0.2125,0.1875,0.16111111111111112,0.14166666666666666,0.2972222222222222
178,720,0.19828032804870266,-0.03922360831464777,-0.03846432226651553,496,4.1315990332198754e-05,0.015362516045570374,128097,1.9440415342648825,0.2388888888888889,0.16527777777777777,0.1527777777777778,0.14166666666666666,0.3013888888888889
179,720,0.19647597706345946,0.560231764202904,0.751078290534692,511,4.122353061701587e-05,0.016123495995998383,128817,1.9540411671002706,0.22916666666666666,0.11388888888888889,0.1638888888888889,0.15416666666666667,0.3388888888888889
180,720,0.19468804567218198,0.09488836281632591,0.09953609916070416,521,4.5198057773632175e-05,0.016447430476546288,129537,1.9643425027529398,0.3013888888888889,0.12638888888888888,0.16111111111111112,0.1625,0.24861111111111112
181,720,0.19291638445656512,0.4065144114236989,0.5015747810402957,500,4.404827858732258e-05,0.01610366255044937,130257,1.9844782988230387,0.26944444444444443,0.17222222222222222,0.14722222222222223,0.1527777777777778,0.25833333333333336
182,720,0.19116084535801037,0.11737636123479829,0.12454258429165366,454,4.114768062461533e-05,0.0152002964168787,130977,1.9960284034411113,0.19027777777777777,0.14583333333333334,0.22361111111111112,0.1486111111111111,0.2916666666666667
183,720,0.18942128166525246,-0.0316999762629153,-0.031202799362604727,448,4.375069008296527e-05,0.016325900331139565,131697,2.008761183420817,0.225,0.13055555555555556,0.16666666666666666,0.175,0.30277777777777776
184,720,0.18769754800209867,0.12792803027449248,0.13647120823282854,486,4.547357335316822e-05,0.01652498170733452,132417,2.0188917477925616,0.2763888888888889,0.1736111111111111,0.14444444444444443,0.12222222222222222,0.2833333333333333
185,720,0.18598950031527958,0.0882423275391105,0.09225277288734812,466,4.6608801483216666e-05,0.016748204827308655,133137,2.0301297704378762,0.2569444444444444,0.1388888888888889,0.15,0.14583333333333334,0.30833333333333335
186,720,0.18429699586241055,0.09791079963770384,0.10286440481632231,457,4.6923085585603984e-05,0.016530707478523254,133857,2.040457034111023,0.25277777777777777,0.12638888888888888,0.1597222222222222,0.14583333333333334,0.31527777777777777
187,720,0.1826198932000626,-0.11576625789976622,-0.10931661082600841,478,4.44482471860081e-05,0.016282612457871437,134577,2.0518674850463867,0.2708333333333333,0.1527777777777778,0.18194444444444444,0.14166666666666666,0.25277777777777777
188,720,0.18095805217194205,0.1361616974547386,0.14586716241934194,452,4.8767480276031465e-05,0.018413379788398743,135297,2.0617496172587075,0.19444444444444445,0.14722222222222223,0.16805555555555557,0.14305555555555555,0.3472222222222222
189,720,0.17931133389717738,0.027588324380676533,0.02797240612378804,441,4.53652126035801e-05,0.018903398886322975,136017,2.0722007036209105,0.2652777777777778,0.12222222222222222,0.15555555555555556,0.14722222222222223,0.30972222222222223
190,720,0.17767960075871306,-0.14273795409499787,-0.13301877198835332,472,4.5882304320659586e-05,0.018566472455859184,136737,2.0816834330558778,0.20277777777777778,0.15138888888888888,0.11666666666666667,0.15555555555555556,0.3736111111111111
191,720,0.17606271639180876,-0.14333421326600967,-0.13353556341052675,458,5.356787834595404e-05,0.01963268592953682,137457,2.102580185731252,0.31666666666666665,0.1527777777777778,0.15833333333333333,0.13333333333333333,0.2388888888888889
192,720,0.1744605456726433,0.20790723364376457,0.23109895968687288,467,5.0132936083476426e-05,0.018942801281809807,138177,2.1137747526168824,0.17777777777777778,0.14166666666666666,0.17083333333333334,0.16666666666666666,0.34305555555555556
193,720,0.17287295470702224,0.15343746303871444,0.16583487707177502,456,4.6312690743535415e-05,0.019276771694421768,138897,2.1238568981488544,0.18611111111111112,0.10555555555555556,0.20694444444444443,0.18055555555555555,0.32083333333333336
194,720,0.17129981081918835,0.23946379617159785,0.27056768437879875,466,4.6062708915744426e-05,0.018122106790542603,139617,2.1349136312802632,0.25277777777777777,0.15555555555555556,0.18611111111111112,0.16805555555555557,0.2375
195,720,0.16974098254073375,0.22831331301045504,0.2564789349653167,484,4.552838697564867e-05,0.017696574330329895,140337,2.1464686671892803,0.26666666666666666,0.1527777777777778,0.20833333333333334,0.11388888888888889,0.25833333333333336
196,720,0.16819633959961308,0.5861695871371534,0.7970916122014549,486,4.560334645904934e-05,0.018267136067152023,141057,2.1570225675900776,0.28194444444444444,0.14027777777777778,0.1486111111111111,0.1361111111111111,0.29305555555555557
197,720,0.16666575290925661,-0.10244695109002314,-0.09737396819002697,475,4.507119528195997e-05,0.017382903024554253,141777,2.167748300234477,0.22361111111111112,0.18055555555555555,0.1625,0.16666666666666666,0.26666666666666666
198,720,0.16514909455778237,0.5603582871111441,0.751299856068824,458,4.6999398195010956e-05,0.01990450546145439,142497,2.179104216893514,0.15833333333333333,0.15,0.14166666666666666,0.16805555555555557,0.3819444444444444
199,720,0.16364623779730655,0.1395450349712772,0.14975058353665305,415,4.8217617871968185e-05,0.018657473847270012,143217,2.1893406828244526,0.21944444444444444,0.10277777777777777,0.12361111111111112,0.175,0.37916666666666665
200,720,0.16215705703335107,-0.05321341801123593,-0.05182236729734868,500,4.743894745110487e-05,0.01858682930469513,143937,2.1992811520894366,0.22083333333333333,0.18194444444444444,0.15555555555555556,0.14444444444444443,0.2972222222222222
201,720,0.16068142781434758,-0.07414825980638176,-0.07146598063818421,401,4.717898582258486e-05,0.01826830767095089,144657,2.2184307018915814,0.26666666666666666,0.11666666666666667,0.13194444444444445,0.17222222222222222,0.3125
202,720,0.15921922682123701,0.30707029740534864,0.3594365295738464,466,4.859077583129571e-05,0.02040971629321575,145377,2.2294504006703693,0.21666666666666667,0.13055555555555556,0.17916666666666667,0.16805555555555557,0.3055555555555556
203,720,0.15777033185716377,0.49294798450427946,0.6371353627669485,490,5.127247336910538e-05,0.019735263660550117,146097,2.2385873198509216,0.2,0.11944444444444445,0.17083333333333334,0.15555555555555556,0.3541666666666667
204,720,0.15633462183726357,-0.12426493155189619,-0.11685416331049248,457,5.032370768529088e-05,0.01897595077753067,146817,2.2487452665964764,0.2222222222222222,0.18472222222222223,0.1986111111111111,0.1388888888888889,0.25555555555555554
205,720,0.15491197677854449,0.1812566961103635,0.1987228472952256,465,5.030532491521929e-05,0.01966455578804016,147537,2.2590867002805073,0.2652777777777778,0.1638888888888889,0.13333333333333333,0.12638888888888888,0.3111111111111111
206,720,0.15350227778985973,0.39921169068894935,0.49064914175336605,493,5.1703458627293406e-05,0.019610270857810974,148257,2.268590037027995,0.19166666666666668,0.12916666666666668,0.14583333333333334,0.2125,0.32083333333333336
207,720,0.152105407061972,-0.010628131402204496,-0.010571852370429569,468,4.900981827960196e-05,0.019523030146956444,148977,2.2782567143440247,0.2222222222222222,0.20277777777777778,0.16111111111111112,0.13194444444444445,0.28194444444444444
208,720,0.15072124785770807,0.07816149091209697,0.08129726425254957,459,5.118376650696316e-05,0.018883122131228447,149697,2.2881271839141846,0.275,0.14722222222222223,0.14722222222222223,0.1486111111111111,0.28194444444444444
209,720,0.14934968450220293,0.24962811762442105,0.28354799904258754,454,5.6503988879639006e-05,0.02020285278558731,150417,2.2977494835853576,0.25277777777777777,0.10694444444444444,0.20416666666666666,0.1597222222222222,0.2763888888888889
210,720,0.1479906023732329,0.3193592312528993,0.3762456265571441,500,5.436647098046403e-05,0.017780479043722153,151137,2.307322100798289,0.20694444444444443,0.19444444444444445,0.19166666666666668,0.16527777777777777,0.24166666666666667
211,720,0.14664388789163646,-0.24389701774005867,-0.21643167625520499,471,5.394528085642176e-05,0.019097372889518738,151857,2.326249901453654,0.20972222222222223,0.14166666666666666,0.2,0.16111111111111112,0.2875
212,720,0.14530942851182257,0.18368103459489427,0.2016324827717466,478,5.125537496345108e-05,0.018942084163427353,152577,2.336069854100545,0.23333333333333334,0.1527777777777778,0.1625,0.1736111111111111,0.2777777777777778
213,720,0.143987112712365,0.21326404366273938,0.2377114179575759,483,4.813389685346515e-05,0.019165726378560066,153297,2.345904819170634,0.24861111111111112,0.1875,0.1763888888888889,0.1597222222222222,0.22777777777777777
214,720,0.1426768299866825,0.1972921804545551,0.21809989369736638,477,4.97381928931241e-05,0.018512308597564697,154017,2.3553928693135577,0.225,0.11944444444444445,0.16666666666666666,0.17916666666666667,0.30972222222222223
215,720,0.14137847083380367,0.8550626810542323,1.3515217718192378,461,5.097019903309451e-05,0.017458442598581314,154737,2.366190536816915,0.25416666666666665,0.15138888888888888,0.18194444444444444,0.18611111111111112,0.2263888888888889
216,720,0.14009192674921606,-0.05853455935915139,-0.05685435467265021,459,4.7941686722828715e-05,0.01709238812327385,155457,2.376434803009033,0.23055555555555557,0.1875,0.2,0.1527777777777778,0.22916666666666666
217,720,0.1388170902157982,-0.22935371681398675,-0.20495273782172052,469,4.900722957851637e-05,0.017512496560811996,156177,2.3854275822639464,0.25,0.15833333333333333,0.2152777777777778,0.16527777777777777,0.2111111111111111
218,720,0.13755385469483442,-0.05874449712828241,-0.05705233578281321,436,5.924894092635845e-05,0.019705647602677345,156897,2.3946936329205832,0.17222222222222222,0.15555555555555556,0.15833333333333333,0.16805555555555557,0.3458333333333333
219,720,0.13630211461711142,0.41363285677029904,0.5123017935824219,469,5.149497240053178e-05,0.020581552758812904,157617,2.404000417391459,0.19027777777777777,0.16666666666666666,0.1638888888888889,0.19444444444444445,0.2847222222222222
220,720,0.1350617653740957,-0.0829626656966098,-0.07961449146949617,508,5.2294883473930695e-05,0.01878540962934494,158337,2.4135283986727396,0.275,0.14722222222222223,0.1388888888888889,0.19166666666666668,0.24722222222222223
221,720,0.13383270330919142,0.31321778297045066,0.36781938636151934,471,5.0338743939290804e-05,0.017550986260175705,159057,2.4311598499615985,0.2111111111111111,0.23472222222222222,0.16666666666666666,0.15138888888888888,0.2361111111111111
222,720,0.1326148257090778,0.2330171069971225,0.2624030750683133,516,5.113203441422027e-05,0.01842847838997841,159777,2.4411280155181885,0.28888888888888886,0.15694444444444444,0.1875,0.1597222222222222,0.20694444444444443
223,720,0.13140803079512517,-0.32745221991135004,-0.2792422716790145,454,4.945286252172486e-05,0.018218424171209335,160497,2.451425615946452,0.22916666666666666,0.1361111111111111,0.20277777777777778,0.18611111111111112,0.24583333333333332
224,720,0.13021221771488953,-0.060055993768857036,-0.05828819788503159,485,4.602253709309581e-05,0.016781717538833618,161217,2.4605979164441427,0.23194444444444445,0.18055555555555555,0.19305555555555556,0.18472222222222223,0.20972222222222223
225,720,0.12902728653368403,0.17934459429146976,0.19643295710783848,435,5.164413924426804e-05,0.016909344121813774,161937,2.4695879141489665,0.26944444444444443,0.17222222222222222,0.17777777777777778,0.1375,0.24305555555555555
226,720,0.12785313822622751,0.47384468482229014,0.606157507015314,470,5.108465274032723e-05,0.016683312132954597,162657,2.4792161504427592,0.19166666666666668,0.15416666666666667,0.19027777777777777,0.19583333333333333,0.26805555555555555
227,720,0.12668967466836883,0.13515798137602147,0.14471761413090545,488,4.5923491801305417e-05,0.0162845179438591,163377,2.4890073339144387,0.24166666666666667,0.20833333333333334,0.17777777777777778,0.17083333333333334,0.2013888888888889
228,720,0.12553679862888667,-0.12566414092602046,-0.11808900514131082,476,4.619898606582258e-05,0.01650548353791237,164097,2.498480765024821,0.28888888888888886,0.18333333333333332,0.13472222222222222,0.175,0.21805555555555556
229,720,0.1243944137613638,0.014467732697672334,0.014572896892818488,475,5.104076425494794e-05,0.016371197998523712,164817,2.509497034549713,0.26944444444444443,0.15138888888888888,0.17916666666666667,0.18472222222222223,0.2152777777777778
230,720,0.12326242459613539,0.25400041745718016,0.28917234244194545,469,4.825637727460869e-05,0.016463417559862137,165537,2.5197522679964703,0.2513888888888889,0.2111111111111111,0.14027777777777778,0.14444444444444443,0.25277777777777777
231,720,0.12214073653231056,0.6253910851539893,0.8689767435806723,513,4.600318898787413e-05,0.01699632965028286,166257,2.539175800482432,0.26805555555555555,0.14583333333333334,0.15694444444444444,0.1986111111111111,0.23055555555555557
232,720,0.12102925582986652,0.4450221098257787,0.5605246983804464,462,4.926109191198217e-05,0.017500704154372215,166977,2.5486575325330096,0.15,0.15694444444444444,0.1875,0.18611111111111112,0.3194444444444444
233,720,0.11992788960181475,0.40080566462452605,0.493027092324545,515,5.163434244776807e-05,0.017773400992155075,167697,2.559364648660024,0.24305555555555555,0.1527777777777778,0.15138888888888888,0.19027777777777777,0.2625
234,720,0.11883654580643824,-0.03337062829580566,-0.032819971133515424,469,4.464011585064832e-05,0.016049133613705635,168417,2.570019217332204,0.25833333333333336,0.21666666666666667,0.18194444444444444,0.1625,0.18055555555555555
235,720,0.11775513323959964,0.06805825250883088,0.07042766175946102,460,4.194820269529171e-05,0.015879470854997635,169137,2.5822458982467653,0.25555555555555554,0.1638888888888889,0.13055555555555556,0.18194444444444444,0.26805555555555555
236,720,0.11668356152711928,0.12272159124361427,0.13056961664640943,474,4.7257227509413095e-05,0.016575776040554047,169857,2.593331050872803,0.2,0.12916666666666668,0.16666666666666666,0.1625,0.3416666666666667
237,720,0.1156217411172225,-0.05500406591585692,-0.05351870036766471,449,5.041114988241841e-05,0.016527805477380753,170577,2.605035666624705,0.25416666666666665,0.17916666666666667,0.1527777777777778,0.14722222222222223,0.26666666666666666
238,720,0.11456958327305578,0.19886546214892967,0.2200178162826809,502,4.6418834545470925e-05,0.015795031562447548,171297,2.6161929686864216,0.2152777777777778,0.17222222222222222,0.19583333333333333,0.17777777777777778,0.2388888888888889
239,720,0.11352700006527097,0.06605357748946987,0.06828395160491052,411,4.8680359879603604e-05,0.015464728698134422,172017,2.628046250343323,0.225,0.15,0.14305555555555555,0.1625,0.3194444444444444
240,720,0.112493904364677,-0.07078290190195201,-0.06833586731499641,446,4.575065388507937e-05,0.0158531591296196,172737,2.63879386583964,0.3138888888888889,0.13194444444444445,0.1625,0.09444444444444444,0.2972222222222222
241,720,0.11147020983495844,0.06588930857218284,0.06810848016946913,431,4.2044554154724915e-05,0.016048751771450043,173457,2.658760432402293,0.2902777777777778,0.1875,0.12916666666666668,0.14305555555555555,0.25
242,720,0.11045583092546031,-0.17549768088876683,-0.16096065700322704,479,4.1798454532858565e-05,0.015224624425172806,174177,2.6696683486302693,0.2652777777777778,0.19027777777777777,0.2013888888888889,0.1111111111111111,0.23194444444444445
243,720,0.10945068286403863,0.13663477147436712,0.14640937064602766,419,4.215169298554934e-05,0.016375210136175156,174897,2.6801630655924478,0.22916666666666666,0.17777777777777778,0.1875,0.12777777777777777,0.2777777777777778
244,720,0.10845468164997588,0.5039401749398917,0.6552303359405887,476,4.109988108085519e-05,0.015916887670755386,175617,2.6888827164967855,0.21805555555555556,0.1736111111111111,0.19583333333333333,0.19444444444444445,0.21805555555555556
245,720,0.10746774404696109,0.09114143178925846,0.09542392206841877,452,5.000222279502648e-05,0.016201909631490707,176337,2.698507249355316,0.23055555555555557,0.18194444444444444,0.16944444444444445,0.15138888888888888,0.26666666666666666
246,720,0.10648978757613374,0.20799137038045284,0.23120254469348178,455,4.364640105778663e-05,0.01793023757636547,177057,2.7081156690915424,0.17916666666666667,0.1625,0.14722222222222223,0.15833333333333333,0.3527777777777778
247,720,0.10552073050919092,-0.11414677691432333,-0.10787299737644485,501,4.755762741473922e-05,0.01729581505060196,177777,2.718643931547801,0.17916666666666667,0.13472222222222222,0.20555555555555555,0.2013888888888889,0.2791666666666667
248,720,0.10456049186155728,0.43593382610342585,0.5464064596223357,525,4.570041327017154e-05,0.016235364601016045,178497,2.7283214489618937,0.2263888888888889,0.15833333333333333,0.20555555555555555,0.18472222222222223,0.225
249,720,0.1036089913856171,0.22826537605191305,0.25641870463034633,503,4.239007152414666e-05,0.016947824507951736,179217,2.739500617980957,0.19444444444444445,0.21666666666666667,0.20833333333333334,0.16527777777777777,0.2152777777777778
250,720,0.10266614956400799,0.23794463063035123,0.26863894714138525,477,4.223190427536692e-05,0.015387584455311298,179937,2.75004266500473,0.18194444444444444,0.2222222222222222,0.2013888888888889,0.14166666666666666,0.25277777777777777
251,720,0.10173188760297552,0.16019810786167674,0.17374337575086818,423,4.131779087528129e-05,0.016705647110939026,180657,2.7701529343922933,0.3125,0.15416666666666667,0.12916666666666668,0.1527777777777778,0.2513888888888889
252,720,0.10080612742578844,0.4475682275110492,0.5645030404276101,488,3.877333256367719e-05,0.014716250821948051,181377,2.7815653999646504,0.17916666666666667,0.18055555555555555,0.15833333333333333,0.20833333333333334,0.27361111111111114
253,720,0.09988879166621377,0.5851427526576511,0.7952472436638836,505,3.7997765921065566e-05,0.014968106523156166,182097,2.793396850426992,0.20972222222222223,0.1486111111111111,0.14027777777777778,0.21388888888888888,0.2875
254,720,0.09897980366205122,0.36839662446558147,0.4454152123352144,519,4.052554641526108e-05,0.014433235861361027,182817,2.8044859011967977,0.28055555555555556,0.20694444444444443,0.13333333333333333,0.15138888888888888,0.22777777777777777
255,720,0.09807908744872657,-0.03956844109277832,-0.038795834124176753,452,4.127727547711402e-05,0.01427367888391018,183537,2.8153316497802736,0.2513888888888889,0.2513888888888889,0.1388888888888889,0.1736111111111111,0.18472222222222223
256,720,0.09718656775294315,0.8074558447614565,1.2421962286768102,475,4.1122720578338585e-05,0.013794477097690105,184257,2.8258857170740765,0.2722222222222222,0.16944444444444445,0.17777777777777778,0.175,0.20555555555555555
257,720,0.09630216998639138,0.7813500377451308,1.1844193242692556,489,3.983370101221024e-05,0.01441954169422388,184977,2.8367494503657023,0.275,0.1361111111111111,0.18055555555555555,0.19305555555555556,0.2152777777777778
258,720,0.09542582023951522,0.7576381547594785,1.133231902276913,497,3.737028343822304e-05,0.013930713757872581,185697,2.847017200787862,0.2861111111111111,0.13472222222222222,0.16111111111111112,0.16805555555555557,0.25
259,720,0.09455744527533563,0.204798329465479,0.22727753428785014,478,3.9646447135055496e-05,0.014944794587790966,186417,2.858982300758362,0.19444444444444445,0.19305555555555556,0.20972222222222223,0.17083333333333334,0.23194444444444445
260,720,0.09369697252333008,0.3053839979281903,0.35714604422968477,516,4.058493531652453e-05,0.015211038291454315,187137,2.8695377508799234,0.2513888888888889,0.14583333333333334,0.18888888888888888,0.15694444444444444,0.2569444444444444
261,720,0.09284433007336777,0.1705250928064202,0.18592740980739664,497,4.0740828059268906e-05,0.015545137226581573,187857,2.88934839963913,0.2875,0.1638888888888889,0.18055555555555555,0.17777777777777778,0.19027777777777777
262,720,0.09199944666970013,0.08601003765218097,0.08981726745689622,402,4.423574236448581e-05,0.015585237182676792,188577,2.8999048868815103,0.32916666666666666,0.1597222222222222,0.18472222222222223,0.1125,0.21388888888888888
263,720,0.09116225170500586,0.5042671528023372,0.6557716481114166,500,4.18971057481738e-05,0.015507413074374199,189297,2.9097132484118142,0.26666666666666666,0.19027777777777777,0.1763888888888889,0.1625,0.20416666666666666
264,720,0.0903326752144903,0.022231823240651986,0.02248079180813245,454,4.1085106651432095e-05,0.015157651156187057,190017,2.920738399028778,0.23055555555555557,0.20694444444444443,0.19027777777777777,0.1736111111111111,0.1986111111111111
265,720,0.08951064787003844,0.17979527482723423,0.1969722876777209,485,3.947287858257672e-05,0.0153831597417593,190737,2.931099367141724,0.20833333333333334,0.21388888888888888,0.16805555555555557,0.15555555555555556,0.25416666666666665
266,720,0.0886961009744211,0.40965921819229084,0.506304376509279,478,4.212311648012069e-05,0.016015656292438507,191457,2.941398851076762,0.25833333333333336,0.12777777777777777,0.2361111111111111,0.15,0.22777777777777777
267,720,0.08788896645555387,0.7324088234885985,1.0800851356750591,445,4.1772720300691115e-05,0.016714446246623993,192177,2.9514390508333843,0.26805555555555555,0.1486111111111111,0.15833333333333333,0.15,0.275
268,720,0.08708917686080833,0.3148133520383048,0.37000357871630607,495,4.35501093748927e-05,0.016952823847532272,192897,2.96442768573761,0.24027777777777778,0.15833333333333333,0.19305555555555556,0.1361111111111111,0.2722222222222222
269,720,0.08629666535137498,-0.2761177137384999,-0.24127638668861495,477,4.5019415309373775e-05,0.01740766502916813,193617,2.974092702070872,0.24583333333333332,0.1527777777777778,0.15694444444444444,0.1736111111111111,0.2708333333333333
270,720,0.08551136569667747,0.6652123244965441,0.9449034281413746,520,4.3351201884433974e-05,0.017130490392446518,194337,2.984740400314331,0.2625,0.15694444444444444,0.175,0.18888888888888888,0.21666666666666667
271,720,0.0847332122688377,0.9901414223136752,1.6916150998689559,540,4.21521585634663e-05,0.016646185889840126,195057,3.006382668018341,0.26944444444444443,0.17083333333333334,0.18333333333333332,0.16527777777777777,0.2111111111111111
272,720,0.08396214003719128,0.16452703141732372,0.17883543471351682,466,4.304234762710419e-05,0.016524136066436768,195777,3.017662719885508,0.22361111111111112,0.16527777777777777,0.175,0.1986111111111111,0.2375
273,720,0.08319808456285284,0.510730536264368,0.6665081950317497,459,4.540454959219965e-05,0.01662711799144745,196497,3.0272581656773885,0.25,0.1375,0.14166666666666666,0.19444444444444445,0.2763888888888889
274,720,0.08244098199333087,0.1358424982746951,0.14550146092957306,480,4.518858775984174e-05,0.017070861533284187,197217,3.0379838307698566,0.2611111111111111,0.1597222222222222,0.11944444444444445,0.1625,0.2972222222222222
275,720,0.08169076905719157,0.020020864698108886,0.020222626441792846,462,4.132046249449357e-05,0.016604267060756683,197937,3.047459002335866,0.25555555555555554,0.15,0.2013888888888889,0.1597222222222222,0.23333333333333334
276,720,0.08094738305877112,0.6060651020435774,0.8332037184496877,466,4.220781831792111e-05,0.016726188361644745,198657,3.0575320521990457,0.22083333333333333,0.15416666666666667,0.19305555555555556,0.13472222222222222,0.2972222222222222
277,720,0.08021076187293631,0.45416303597363655,0.5748547345207424,505,4.072264685975016e-05,0.016628332436084747,199377,3.0698715686798095,0.2902777777777778,0.13055555555555556,0.18611111111111112,0.1875,0.20555555555555555
278,720,0.07948084393989259,0.35856729100913365,0.43127734098437376,477,4.230694843904025e-05,0.017769936472177505,200097,3.079853336016337,0.26805555555555555,0.11944444444444445,0.1736111111111111,0.17777777777777778,0.2611111111111111
279,720,0.07875756826003957,0.33150099161727314,0.393057527657555,475,4.689907563159876e-05,0.01757407933473587,200817,3.0898256500562034,0.2652777777777778,0.1375,0.1638888888888889,0.16666666666666666,0.26666666666666666
280,720,0.07804087438887321,0.062177183232267494,0.06415087771723216,467,4.507232558302753e-05,0.017542794346809387,201537,3.0993494510650637,0.24861111111111112,0.14166666666666666,0.19166666666666668,0.15694444444444444,0.2611111111111111
281,720,0.07733070243193446,0.13324170027410362,0.14252611383583802,474,4.8018436350755814e-05,0.017564257606863976,202257,3.119164784749349,0.2625,0.18333333333333332,0.1638888888888889,0.13333333333333333,0.2569444444444444
282,720,0.07662699303980386,0.06666707709310962,0.06893954446821171,476,4.7304243989603694e-05,0.017881451174616814,202977,3.129179553190867,0.2611111111111111,0.1625,0.1527777777777778,0.1625,0.2611111111111111
283,720,0.07592968740314164,0.07490074943697234,0.07777717558454622,510,4.683014704925073e-05,0.01680992916226387,203697,3.139722184340159,0.225,0.21388888888888888,0.19305555555555556,0.1638888888888889,0.20416666666666666
284,720,0.07523872724777306,0.05031384223821083,0.051601081428791495,460,4.262930955292177e-05,0.017090149223804474,204417,3.150101451079051,0.21388888888888888,0.18194444444444444,0.19166666666666668,0.16944444444444445,0.24305555555555555
285,720,0.07455405482981832,0.33358094584912845,0.39595803897713844,511,3.9539430359683236e-05,0.017344197258353233,205137,3.1606691002845766,0.25833333333333336,0.1486111111111111,0.18611111111111112,0.18194444444444444,0.225
286,720,0.07387561293086697,0.2720685909956587,0.3126770360481683,475,4.456584647161637e-05,0.017031479626893997,205857,3.171124482154846,0.20277777777777778,0.19444444444444445,0.20555555555555555,0.16666666666666666,0.23055555555555557
287,720,0.07320334485319609,0.5259154844807902,0.6920071458332073,502,4.1572965143485715e-05,0.017600014805793762,206577,3.1830750187238057,0.225,0.21805555555555556,0.1625,0.14027777777777778,0.25416666666666665
288,720,0.07253719441503201,0.11871612851253656,0.12605021936306726,470,4.233881310256038e-05,0.01774236373603344,207297,3.1931053002675376,0.14583333333333334,0.20972222222222223,0.27361111111111114,0.175,0.19583333333333333
289,720,0.07187710594585521,0.7855411521427151,1.1935936875232191,538,4.305274105086533e-05,0.017521284520626068,208017,3.2043626507123313,0.2375,0.18333333333333332,0.175,0.17916666666666667,0.225
290,720,0.07122302428174793,1.3257008280212508,2.764822924051013,515,4.4388651259749975e-05,0.018413186073303223,208737,3.2148056864738463,0.25277777777777777,0.17083333333333334,0.18055555555555555,0.17916666666666667,0.21666666666666667
291,720,0.07057489476078402,0.10751490671104721,0.11350745935676487,473,4.425686464502279e-05,0.018523914739489555,209457,3.2339027841885883,0.2388888888888889,0.15416666666666667,0.19027777777777777,0.15416666666666667,0.2625
292,720,0.06993266321846088,0.6632624141411695,0.9411147358122725,514,4.73073711052368e-05,0.01920952834188938,210177,3.2453590353329975,0.2375,0.1638888888888889,0.1597222222222222,0.1986111111111111,0.24027777777777778
293,720,0.06929627598317288,0.10957252508253389,0.11580099155973,476,4.987617960397175e-05,0.02023744396865368,210897,3.2560816486676534,0.24305555555555555,0.2222222222222222,0.19305555555555556,0.12638888888888888,0.2152777777777778
294,720,0.068665679871726,0.36003223674443136,0.43337562117913686,469,4.586642742197e-05,0.019256707280874252,211617,3.2662856856981914,0.3,0.15416666666666667,0.18333333333333332,0.17916666666666667,0.18333333333333332
295,720,0.0680408221848933,0.06376613100310252,0.06584310195414056,488,4.453266579452651e-05,0.01928679272532463,212337,3.2768991192181907,0.2847222222222222,0.19166666666666668,0.15694444444444444,0.1625,0.20416666666666666
296,720,0.06742165070301076,0.27514094754468393,0.3167162497115963,497,4.126708834696223e-05,0.01859995536506176,213057,3.2899777332941693,0.2388888888888889,0.20694444444444443,0.1875,0.17083333333333334,0.19583333333333333
297,720,0.06680811368161337,0.41320370710476584,0.5116529290134872,503,4.5879721633607714e-05,0.01909876987338066,213777,3.2999822020530702,0.2513888888888889,0.16111111111111112,0.17222222222222222,0.15138888888888888,0.2638888888888889
298,720,0.06620015984711068,0.1444202949925544,0.15536960255091614,506,4.4524298689591685e-05,0.01960124261677265,214497,3.310206433137258,0.20416666666666666,0.175,0.20833333333333334,0.15416666666666667,0.25833333333333336
299,720,0.06559773839250198,0.11073376956985412,0.11709746192396753,495,4.7902436242313543e-05,0.019013794139027596,215217,3.3210450331370036,0.21388888888888888,0.22916666666666666,0.14166666666666666,0.15555555555555556,0.25972222222222224
300,720,0.06500079897313021,0.3355603937575752,0.3987240018342282,511,4.28175355927528e-05,0.018977884203195572,215937,3.3319472988446552,0.25555555555555554,0.15,0.1986111111111111,0.15555555555555556,0.24027777777777778
301,720,0.06440929170247472,0.6413492023656249,0.8990413426968931,500,4.5263123059966246e-05,0.018789071589708328,216657,3.35287051598231,0.21666666666666667,0.1736111111111111,0.14166666666666666,0.14444444444444443,0.3236111111111111
302,720,0.06382316714798221,-0.037731483982732725,-0.03702852055482242,487,4.4358901018565826e-05,0.018360214307904243,217377,3.3635711352030437,0.25555555555555554,0.16111111111111112,0.17916666666666667,0.16944444444444445,0.23472222222222222
303,720,0.06324237632693558,0.02466032217409488,0.02496690285768155,498,4.524727645755572e-05,0.0182028841227293,218097,3.3750749150911967,0.2722222222222222,0.18055555555555555,0.17777777777777778,0.18194444444444444,0.1875
304,720,0.06266687070236046,0.30434531076358196,0.35573712589241047,490,4.3730188603300725e-05,0.017613820731639862,218817,3.3859836498896283,0.26666666666666666,0.18611111111111112,0.19583333333333333,0.14027777777777778,0.2111111111111111
305,720,0.06209660217896898,0.1547650482876068,0.16738365009385947,509,4.155162229406212e-05,0.01785789430141449,219537,3.3966325998306273,0.2777777777777778,0.16944444444444445,0.16111111111111112,0.14027777777777778,0.2513888888888889
306,720,0.06153152309914036,0.4557700555645912,0.5773875915623727,511,4.663108628872376e-05,0.01845979131758213,220257,3.4072329998016357,0.2388888888888889,0.2013888888888889,0.13472222222222222,0.15694444444444444,0.26805555555555555
307,720,0.06097158623893818,0.5628104446111312,0.7555995888019968,514,4.394837623193679e-05,0.017360880970954895,220977,3.4176132837931315,0.2361111111111111,0.17083333333333334,0.19166666666666668,0.16111111111111112,0.24027777777777778
308,720,0.06041674480416385,0.8801303150267447,1.411213903348775,504,4.457320827416172e-05,0.017539722844958305,221697,3.4288062334060667,0.2902777777777778,0.17222222222222222,0.16944444444444445,0.1486111111111111,0.21944444444444444
309,720,0.059866952426445956,0.23803712291599005,0.2687562918839128,486,4.535422908828777e-05,0.018271662294864655,222417,3.4398884495099384,0.2569444444444444,0.1375,0.1875,0.1597222222222222,0.25833333333333336
310,720,0.059322163159365296,0.2484995868057884,0.28210029261278136,466,4.8563640320430246e-05,0.017615661025047302,223137,3.4508487661679585,0.2263888888888889,0.175,0.20972222222222223,0.1375,0.2513888888888889
311,720,0.05878233147461507,0.19617744463346892,0.21674279065841495,509,4.610764419162984e-05,0.018978415057063103,223857,3.473244917392731,0.27361111111111114,0.21388888888888888,0.16805555555555557,0.14166666666666666,0.20277777777777778
312,720,0.058247412258196074,0.2185822499556596,0.244311356972303,470,4.88349071234653e-05,0.019142545759677887,224577,3.483923316001892,0.25416666666666665,0.18472222222222223,0.1986111111111111,0.14722222222222223,0.2152777777777778
313,720,0.05771736080664649,0.7977716741891997,1.2205872194871068,512,4.5658038871149784e-05,0.01908145472407341,225297,3.4938658515612286,0.2152777777777778,0.19583333333333333,0.16805555555555557,0.16111111111111112,0.25972222222222224
314,720,0.057192132823306006,0.15262826360277387,0.16489186574042525,509,4.407679097716432e-05,0.0173878762871027,226017,3.5039143323898316,0.21805555555555556,0.17083333333333334,0.15555555555555556,0.1736111111111111,0.28194444444444444
315,720,0.05667168441461392,0.1696466762818256,0.18488612897975032,489,4.674288921933112e-05,0.018133386969566345,226737,3.513960301876068,0.22361111111111112,0.175,0.2263888888888889,0.16527777777777777,0.20972222222222223
316,720,0.056155972086440936,0.29289678353387216,0.34030444180385766,512,5.2303645236406735e-05,0.018750319257378578,227457,3.5240632692972818,0.23055555555555557,0.19444444444444445,0.14583333333333334,0.1375,0.2916666666666667
317,720,0.05564495274045432,0.16072381581525017,0.17436058420043588,455,4.760887334593159e-05,0.01876736618578434,228177,3.5344200332959494,0.2652777777777778,0.15416666666666667,0.14444444444444443,0.14583333333333334,0.2902777777777778
318,720,0.05513858367051619,0.2521972373884739,0.2868498271548614,530,4.7688015304932683e-05,0.018537696450948715,228897,3.5431239008903503,0.20694444444444443,0.22083333333333333,0.15555555555555556,0.16805555555555557,0.24861111111111112
319,720,0.05463682255911449,-0.022732571458653844,-0.02247613339711807,450,4.642275708622239e-05,0.01878822222352028,229617,3.55349463224411,0.18472222222222223,0.18194444444444444,0.2361111111111111,0.14166666666666666,0.25555555555555554
320,720,0.05413962747382655,0.2940920086213202,0.3419073650337272,496,4.829390037078459e-05,0.01879219152033329,230337,3.5662521680196124,0.18333333333333332,0.19027777777777777,0.19166666666666668,0.1375,0.2972222222222222
321,720,0.05364695686381473,0.626492867798091,0.8710370845344944,490,4.8415561244989173e-05,0.018454723060131073,231057,3.5853071173032123,0.29583333333333334,0.18333333333333332,0.15416666666666667,0.11805555555555555,0.24861111111111112
322,720,0.05315876955635402,0.7630737906993715,1.144858945833124,511,4.603965005698127e-05,0.018118148669600487,231777,3.595803932348887,0.24583333333333332,0.15138888888888888,0.1875,0.13055555555555556,0.2847222222222222
323,720,0.0526750247533912,0.2638069807024359,0.3018768846858806,485,4.475830240582784e-05,0.01762460730969906,232497,3.6061824997266134,0.32222222222222224,0.2013888888888889,0.18472222222222223,0.09166666666666666,0.2
324,720,0.052195682028135335,0.42583395390226697,0.5308665596097106,470,4.818389251871243e-05,0.01730921119451523,233217,3.6183620850245157,0.20694444444444443,0.21944444444444444,0.125,0.1125,0.33611111111111114
325,720,0.0517207013216793,0.554519544924448,0.7411042614067156,492,4.557232951280336e-05,0.018774762749671936,233937,3.628532814979553,0.24722222222222223,0.22083333333333333,0.15833333333333333,0.1111111111111111,0.2625
326,720,0.05125004293965202,0.1600724600822311,0.17359590676683423,460,4.7540828307369846e-05,0.01869896799325943,234657,3.6404948830604553,0.25416666666666665,0.18055555555555555,0.22361111111111112,0.11666666666666667,0.225
327,720,0.050783667548901186,1.3636833071867356,2.9105706404074656,483,4.4667482192532286e-05,0.01782582513988018,235377,3.6522332032521567,0.2875,0.1875,0.13055555555555556,0.10416666666666667,0.2902777777777778
328,720,0.050321536174206184,0.20806149177169228,0.23128888135579606,440,4.3598824139381676e-05,0.01721036620438099,236097,3.668730016549428,0.29444444444444445,0.20972222222222223,0.13472222222222222,0.1111111111111111,0.25
329,720,0.049863610195020905,0.387771811447222,0.47369346593837225,509,4.45152435582309e-05,0.01698147878050804,236817,3.691693635781606,0.26805555555555555,0.1986111111111111,0.15,0.11388888888888889,0.26944444444444443
330,720,0.049409851342246215,0.8421887674533852,1.3214425179933897,507,4.4984174052034275e-05,0.018038863316178322,237537,3.7121119499206543,0.20694444444444443,0.2263888888888889,0.15416666666666667,0.15138888888888888,0.2611111111111111
331,720,0.04896022169503177,0.6604054435252654,0.9355769424731317,509,4.959778996054512e-05,0.017902540042996407,238257,3.7382996161778768,0.2361111111111111,0.24444444444444444,0.1597222222222222,0.14027777777777778,0.21944444444444444
332,720,0.04851468367760699,0.5702070142949348,0.7686331458827256,506,4.800932882997384e-05,0.01807413622736931,238977,3.7691648681958516,0.24861111111111112,0.23472222222222222,0.16666666666666666,0.12638888888888888,0.22361111111111112
333,720,0.04807320005614076,0.22159214732948115,0.2480622485254258,501,4.5443118880131e-05,0.016911178827285767,239697,3.795472502708435,0.21944444444444444,0.18472222222222223,0.2,0.15138888888888888,0.24444444444444444
334,720,0.04763573393562988,0.02795898079745526,0.028353501315714347,484,4.6185057869428825e-05,0.016617117449641228,240417,3.8107576330502826,0.225,0.18472222222222223,0.15694444444444444,0.1375,0.29583333333333334
335,720,0.04720224875681565,0.4225800019027903,0.5258932890870818,534,4.703674725937566e-05,0.017486386001110077,241137,3.8239649693171183,0.19305555555555556,0.19166666666666668,0.18194444444444444,0.13333333333333333,0.3
336,720,0.04677270829312862,0.4755775893860111,0.60894323769486,509,4.75003197139914e-05,0.018045930191874504,241857,3.8359516660372415,0.22361111111111112,0.19722222222222222,0.17222222222222222,0.1361111111111111,0.2708333333333333
337,720,0.046347076647661155,0.23537653112699078,0.26538513593503454,485,4.811976906845909e-05,0.01702461764216423,242577,3.8496071815490724,0.30277777777777776,0.20972222222222223,0.13472222222222222,0.1,0.25277777777777777
338,720,0.045925318250167435,0.2881355112498865,0.3339380554893574,514,4.38367996846662e-05,0.016674231737852097,243297,3.8634058833122253,0.26666666666666666,0.2388888888888889,0.14305555555555555,0.10694444444444444,0.24444444444444444
339,720,0.045507397854090914,0.05459259728924702,0.05611026483385406,452,4.282348297945444e-05,0.017341744154691696,244017,3.8766295154889425,0.25972222222222224,0.17916666666666667,0.15138888888888888,0.12777777777777777,0.28194444444444444
340,720,0.04509328053361869,0.7110265887802343,1.036080403414787,488,4.5865894542708295e-05,0.01698928512632847,244737,3.8874434153238933,0.24305555555555555,0.19305555555555556,0.1625,0.11388888888888889,0.2875
341,720,0.04468293168076276,0.3084363720555931,0.36129489039631557,442,4.687735368962523e-05,0.017295856028795242,245457,3.910269014040629,0.29583333333333334,0.19305555555555556,0.16527777777777777,0.10694444444444444,0.2388888888888889
342,720,0.04427631700246782,0.015374883304494436,0.015493684895454773,436,4.676739153839864e-05,0.01751604676246643,246177,3.926477348804474,0.23333333333333334,0.19166666666666668,0.17222222222222222,0.09861111111111111,0.30416666666666664
343,720,0.043873402517745366,0.31160853002031524,0.3656199891466432,464,4.38059511465225e-05,0.017131969332695007,246897,3.9622907320658367,0.2625,0.2,0.17222222222222222,0.15138888888888888,0.21388888888888888
344,720,0.04347415455483388,0.10463440592382345,0.11030461535541791,480,4.204182219432874e-05,0.017687521874904633,247617,3.9846691528956097,0.2222222222222222,0.1986111111111111,0.17083333333333334,0.18055555555555555,0.22777777777777777
345,720,0.043078539748384895,0.03339339292023363,0.03395721069173607,471,4.5456011705229884e-05,0.01848972588777542,248337,4.003480418523153,0.2722222222222222,0.19305555555555556,0.18194444444444444,0.09861111111111111,0.25416666666666665
346,720,0.04268652503667459,0.5086102286770646,0.6629784284793194,492,4.466215666778024e-05,0.018160153180360794,249057,4.030186367034912,0.22777777777777777,0.17916666666666667,0.18611111111111112,0.14166666666666666,0.2652777777777778
347,720,0.04229807765884085,0.6948637024869195,1.003435991988082,479,4.7165479260355726e-05,0.018594658002257347,249777,4.053921083609263,0.22361111111111112,0.20555555555555555,0.15833333333333333,0.10833333333333334,0.30416666666666664
348,720,0.0419131651521454,0.7985714263346719,1.2223638492171296,507,4.7338690610053566e-05,0.018565837293863297,250497,4.069503752390544,0.25277777777777777,0.18055555555555555,0.1597222222222222,0.14722222222222223,0.25972222222222224
349,720,0.04153175534926088,0.5815337494869303,0.7887798680785092,546,4.5009966088905965e-05,0.017621904611587524,251217,4.088601418336233,0.20972222222222223,0.24583333333333332,0.1736111111111111,0.15,0.22083333333333333
350,720,0.04115381637558261,-0.09632373941708869,-0.0918300419406487,486,4.589468473391713e-05,0.017987631261348724,251937,4.11003436644872,0.23333333333333334,0.18611111111111112,0.16527777777777777,0.1361111111111111,0.2791666666666667
351,720,0.040779316646564805,0.11114623082800174,0.11755831638435499,487,4.3153600024147134e-05,0.016936078667640686,252657,4.157724253336588,0.19722222222222222,0.2263888888888889,0.12083333333333333,0.1597222222222222,0.29583333333333334
352,720,0.04040822486508106,0.27798779750389524,0.3204700840797272,507,4.371763558815979e-05,0.017519086599349976,253377,4.183321817715963,0.19305555555555556,0.21388888888888888,0.20972222222222223,0.11666666666666667,0.26666666666666666
353,720,0.040040510018808824,0.4667924155258709,0.5948702987398227,481,4.459684481616932e-05,0.01740189455449581,254097,4.209432899951935,0.1986111111111111,0.24583333333333332,0.14444444444444443,0.13194444444444445,0.2791666666666667
354,720,0.03967614137763766,0.32894537115069555,0.38950194662176707,516,4.314770541592831e-05,0.01844738982617855,254817,4.2336840510368345,0.2513888888888889,0.2125,0.12916666666666668,0.16527777777777777,0.24166666666666667
355,720,0.03931508849110116,0.32084719230702474,0.37829495072954766,465,4.2865844046799694e-05,0.017142584547400475,255537,4.2564334313074745,0.2361111111111111,0.20277777777777778,0.15,0.1125,0.2986111111111111
356,720,0.03895732118583214,-0.021751402442048574,-0.021516546584774088,465,4.262612376730127e-05,0.01720425672829151,256257,4.273142115275065,0.2611111111111111,0.20416666666666666,0.17083333333333334,0.11527777777777778,0.24861111111111112
357,720,0.03860280956304107,0.34318573829447657,0.40943052283768133,505,4.563145755077534e-05,0.01709905080497265,256977,4.2930086851119995,0.25277777777777777,0.2388888888888889,0.13055555555555556,0.125,0.25277777777777777
358,720,0.038251523996017396,0.6203052906645731,0.8594956418607169,467,4.318816122703437e-05,0.017625335603952408,257697,4.314142370223999,0.25555555555555554,0.2,0.1638888888888889,0.14444444444444443,0.2361111111111111
359,720,0.03790343512765364,0.14930743990977138,0.16102988126678275,460,4.363368997878246e-05,0.017337968572974205,258417,4.332000267505646,0.2375,0.2152777777777778,0.18194444444444444,0.12361111111111112,0.24166666666666667
360,720,0.037558513867991986,0.8854487704654624,1.424071999343608,488,4.2534917472241635e-05,0.01729951612651348,259137,4.3576918840408325,0.2222222222222222,0.1986111111111111,0.14444444444444443,0.15694444444444444,0.2777777777777778
361,720,0.03721673139179326,0.6080494925067794,0.8368451222142108,495,4.28557493023618e-05,0.017486291006207466,259857,4.412653120358785,0.22083333333333333,0.20416666666666666,0.15138888888888888,0.125,0.2986111111111111
362,720,0.03687805913612794,0.3284128220596563,0.3887621656254303,504,4.1705819907949465e-05,0.01684408076107502,260577,4.433103998502095,0.19583333333333333,0.23333333333333334,0.1875,0.12916666666666668,0.25416666666666665
363,720,0.036542468797989176,0.23673873048222824,0.26711001730075257,492,4.18408677660409e-05,0.01711285673081875,261297,4.469936633110047,0.2875,0.21666666666666667,0.1763888888888889,0.11944444444444445,0.2
364,720,0.03620993233192747,0.5923392143460595,0.8082132704735749,486,4.258596923894705e-05,0.016384471207857132,262017,4.487557669480641,0.28055555555555556,0.2,0.14166666666666666,0.1111111111111111,0.26666666666666666
365,720,0.03588042194770693,0.29504989585257957,0.34319337679301554,469,4.504738134680035e-05,0.01724061742424965,262737,4.503300150235494,0.2152777777777778,0.20555555555555555,0.23055555555555557,0.1527777777777778,0.19583333333333333
366,720,0.0355539101079828,-0.10186475355598006,-0.09684830853611348,449,4.212187399161848e-05,0.017353931441903114,263457,4.518209218978882,0.30416666666666664,0.18333333333333332,0.15555555555555556,0.11666666666666667,0.24027777777777778
367,720,0.03523036952600015,0.22584944810155447,0.2533869512879152,512,4.239220120072989e-05,0.017692379653453827,264177,4.529853530724844,0.225,0.2513888888888889,0.18333333333333332,0.1527777777777778,0.1875
368,720,0.03490977316331355,0.30911503006089086,0.36221905763253215,444,4.317564480894968e-05,0.017322756350040436,264897,4.544098897775014,0.25555555555555554,0.21388888888888888,0.16805555555555557,0.14583333333333334,0.21666666666666667
369,720,0.0345920942275274,0.46735959597901716,0.5957751345769169,487,4.3106529949454854e-05,0.017451196908950806,265617,4.557504320144654,0.21388888888888888,0.19444444444444445,0.17916666666666667,0.14444444444444443,0.26805555555555555
370,720,0.0342773061700569,0.09623569098258807,0.10101853355548318,514,4.7054239804664475e-05,0.017575614154338837,266337,4.570747784773508,0.2,0.19166666666666668,0.16111111111111112,0.2,0.24722222222222223
371,720,0.03396538268390938,0.20034679474693196,0.22182640767605788,522,4.529660805398332e-05,0.017752185463905334,267057,4.594835551579793,0.20972222222222223,0.2125,0.1486111111111111,0.13472222222222222,0.29444444444444445
372,720,0.03365629770148581,0.3453400544360305,0.41247015475188253,472,4.556432902391963e-05,0.01871218904852867,267777,4.606104083855947,0.2875,0.18194444444444444,0.22083333333333333,0.08888888888888889,0.22083333333333333
373,720,0.03335002539240229,0.38277885999210676,0.4663537247370164,494,4.4472402681902976e-05,0.01893002912402153,268497,4.623527534802755,0.22361111111111112,0.2861111111111111,0.16666666666666666,0.10555555555555556,0.21805555555555556
374,720,0.03304654016133143,0.5315685097265092,0.7015991914383595,494,4.4832915122899266e-05,0.019435063004493713,269217,4.638775066534678,0.25833333333333336,0.24305555555555555,0.14444444444444443,0.13472222222222222,0.21944444444444444
375,720,0.03274581664586331,0.45061999429647587,0.5692848315866292,473,4.540620015707949e-05,0.019041068851947784,269937,4.651131534576416,0.20277777777777778,0.2222222222222222,0.19166666666666668,0.125,0.25833333333333336
376,720,0.03244782971438596,0.2622132223178775,0.2998036600336793,494,4.827792929644501e-05,0.019157638773322105,270657,4.664757899443308,0.18888888888888888,0.26666666666666666,0.15833333333333333,0.12222222222222222,0.2638888888888889
377,720,0.032152554463985045,0.7311444547999376,1.0774568031006035,468,4.248742572675231e-05,0.018171221017837524,271377,4.6763896187146505,0.2222222222222222,0.21666666666666667,0.18611111111111112,0.12361111111111112,0.2513888888888889
378,720,0.03185996621836278,0.3478634401902124,0.4160388625381426,500,4.5466446759847814e-05,0.01802479475736618,272097,4.686848366260529,0.19027777777777777,0.2569444444444444,0.21666666666666667,0.12361111111111112,0.2125
379,720,0.03157004052577568,0.6164785363645029,0.8523934068385901,508,4.1976888119026827e-05,0.0169419776648283,272817,4.701340734958649,0.20833333333333334,0.2013888888888889,0.1638888888888889,0.15555555555555556,0.2708333333333333
380,720,0.031282753156991125,1.1557282919615857,2.1763358752384385,508,4.510296337356421e-05,0.017321540042757988,273537,4.714363018671672,0.2222222222222222,0.20694444444444443,0.1638888888888889,0.13055555555555556,0.2763888888888889
381,720,0.030998080103262507,0.0675132281227383,0.06984441153748744,454,4.256324806293479e-05,0.017264267429709435,274257,4.735546016693116,0.21388888888888888,0.24722222222222223,0.2222222222222222,0.1361111111111111,0.18055555555555555
382,720,0.030715997574322817,0.9945322268589808,1.70345943974529,460,4.3511490662240246e-05,0.017250332981348038,274977,4.746312832832336,0.24166666666666667,0.15694444444444444,0.1763888888888889,0.16944444444444445,0.25555555555555554
383,720,0.03043648199639648,0.30276717630247457,0.35359927776343136,499,4.3438050694375204e-05,0.016692260280251503,275697,4.757991619904836,0.2708333333333333,0.20972222222222223,0.20972222222222223,0.07361111111111111,0.2361111111111111
384,720,0.030159510010229273,0.7246981767827377,1.0641080102193197,500,4.278557715780254e-05,0.016493268311023712,276417,4.770940403143565,0.29305555555555557,0.1986111111111111,0.10972222222222222,0.1625,0.2361111111111111
385,720,0.029885058469136187,-0.16420099035025554,-0.15142854993382904,451,4.0803995477745045e-05,0.016892820596694946,277137,4.783335634072622,0.22916666666666666,0.2833333333333333,0.1986111111111111,0.09861111111111111,0.19027777777777777
386,720,0.029613104437067047,0.46456230518226393,0.5913175250010734,459,4.333686165662382e-05,0.016867225989699364,277857,4.796731134255727,0.18611111111111112,0.23333333333333334,0.20277777777777778,0.14722222222222223,0.23055555555555557
387,720,0.029343625186689738,0.2836559402554467,0.32797594907698935,473,4.722011561347649e-05,0.01764252781867981,278577,4.809864783287049,0.2125,0.2111111111111111,0.21388888888888888,0.18055555555555555,0.18194444444444444
388,720,0.029076598197490863,0.007023904543479091,0.007048630016882829,458,4.686262965631411e-05,0.01710122637450695,279297,4.821858485539754,0.2152777777777778,0.23194444444444445,0.18472222222222223,0.125,0.24305555555555555
389,720,0.028812001153893697,0.8441304664153493,1.325954439499926,495,4.4041805109726636e-05,0.017129994928836823,280017,4.832874683539073,0.20277777777777778,0.20833333333333334,0.2125,0.14444444444444443,0.23194444444444445
390,720,0.028549811943393264,0.41462477905381034,0.513802623661215,445,4.100292741340026e-05,0.017561156302690506,280737,4.845073604583741,0.25416666666666665,0.20972222222222223,0.13194444444444445,0.11527777777777778,0.28888888888888886
391,720,0.028290008654708387,0.4458915692403663,0.5618821012890065,465,4.196336244477708e-05,0.0175407063215971,281457,4.864388000965119,0.24166666666666667,0.24722222222222223,0.19166666666666668,0.10972222222222222,0.20972222222222223
392,720,0.02803256957595054,0.8577005574079934,1.3577329840998122,483,4.0008554030161274e-05,0.015735790133476257,282177,4.878519268830617,0.18888888888888888,0.24305555555555555,0.18333333333333332,0.11666666666666667,0.26805555555555555
393,720,0.02777747319280939,0.9863306617931538,1.681377518185076,471,4.340021293829624e-05,0.015637334436178207,282897,4.889940770467122,0.3,0.18194444444444444,0.1597222222222222,0.14166666666666666,0.21666666666666667
394,720,0.027524698186754824,0.6752722913267455,0.964567837930477,440,4.714171779040852e-05,0.01682237908244133,283617,4.901216852664947,0.24444444444444444,0.15138888888888888,0.17777777777777778,0.15555555555555556,0.2708333333333333
395,720,0.027274223433255355,0.22585619328696543,0.2533954056438086,455,4.227049301764257e-05,0.017711631953716278,284337,4.914432581265768,0.19027777777777777,0.2375,0.20555555555555555,0.1486111111111111,0.21805555555555556
396,720,0.027026028000012733,0.5854212222703716,0.7957472350815415,425,4.4327304424819484e-05,0.018010150641202927,285057,4.9253822843233745,0.2361111111111111,0.1763888888888889,0.23333333333333334,0.09444444444444444,0.25972222222222224
397,720,0.02678009114521262,0.6678412737176738,0.9500232073650325,497,4.478011512547811e-05,0.018689371645450592,285777,4.937042550245921,0.21388888888888888,0.26666666666666666,0.15,0.11388888888888889,0.25555555555555554
398,720,0.026536392315791184,0.24165955555666757,0.2733606104708406,458,4.3242117855394704e-05,0.017791960388422012,286497,4.947550284862518,0.2013888888888889,0.19583333333333333,0.17777777777777778,0.11666666666666667,0.30833333333333335
399,720,0.026294911145717484,0.4348740349694147,0.5447684598889577,482,4.022246572124762e-05,0.01720438152551651,287217,4.962851317723592,0.19583333333333333,0.2361111111111111,0.18055555555555555,0.1361111111111111,0.2513888888888889
400,720,0.026055627454291456,0.45387188274737617,0.5743962772277909,516,4.1729974105288016e-05,0.018171027302742004,287937,4.9749641497929895,0.21805555555555556,0.20555555555555555,0.1486111111111111,0.1597222222222222,0.26805555555555555
401,720,0.025818521244457403,0.0022846593094462547,0.0022872711321879624,436,3.961435714295981e-05,0.017178798094391823,288657,4.996565651893616,0.24583333333333332,0.17916666666666667,0.2111111111111111,0.13472222222222222,0.22916666666666666
402,720,0.02558357270113284,0.8612143301670283,1.3660320940868997,475,4.204211938182804e-05,0.017582807689905167,289377,5.009940600395202,0.25833333333333336,0.1638888888888889,0.16111111111111112,0.1388888888888889,0.2777777777777778
403,720,0.025350762189552532,0.39944105738211044,0.4909910862315088,488,3.813409254512913e-05,0.01663530431687832,290097,5.021552765369416,0.18472222222222223,0.25555555555555554,0.1986111111111111,0.10833333333333334,0.25277777777777777
404,720,0.025120070253627603,0.5580466308475794,0.7472561284420354,469,3.804996331761382e-05,0.01677199825644493,290817,5.031115833918253,0.2611111111111111,0.20555555555555555,0.1597222222222222,0.1361111111111111,0.2375
405,720,0.02489147761431959,0.5009072833785702,0.6502178068934779,485,4.052171941440166e-05,0.017093483358621597,291537,5.0446188648541765,0.2263888888888889,0.21666666666666667,0.17222222222222222,0.10833333333333334,0.2763888888888889
406,720,0.024664965168029282,0.06455839047300271,0.06668786083501477,477,4.3766240835591616e-05,0.017067451030015945,292257,5.05648166735967,0.24027777777777778,0.18333333333333332,0.1736111111111111,0.125,0.2777777777777778
407,720,0.024440513985000214,0.0255625910957785,0.025892115972633967,453,4.2736758369857044e-05,0.01776009052991867,292977,5.069891520341238,0.21805555555555556,0.18611111111111112,0.24861111111111112,0.13333333333333333,0.21388888888888888
408,720,0.02421810530773671,0.4525511780406245,0.5723183371288423,451,4.3206238112563574e-05,0.017386257648468018,293697,5.079842766125997,0.18333333333333332,0.24305555555555555,0.18611111111111112,0.1736111111111111,0.21388888888888888
409,720,0.023997720549436306,0.5363635515593848,0.7097780239952927,492,4.061047402754209e-05,0.016852643340826035,294417,5.090630352497101,0.2375,0.20694444444444443,0.1486111111111111,0.15694444444444444,0.25
410,720,0.023779341292436435,0.76650520737626,1.1522314924951358,448,4.176174862272496e-05,0.017045263200998306,295137,5.10109023253123,0.2763888888888889,0.15555555555555556,0.1486111111111111,0.09583333333333334,0.3236111111111111
411,720,0.023562949286675263,0.7051317704353818,1.0241133856524174,470,4.2711634471793834e-05,0.016509201377630234,295857,5.126210232575734,0.24861111111111112,0.23194444444444445,0.18194444444444444,0.12638888888888888,0.2111111111111111
412,720,0.02334852644816652,0.12243831511763016,0.13024939862245266,469,4.308585871260422e-05,0.017145911231637,296577,5.137696433067322,0.25833333333333336,0.14722222222222223,0.1763888888888889,0.14722222222222223,0.2708333333333333
413,720,0.023136054857488205,0.642124975658394,0.9005151398447413,509,4.477525885957018e-05,0.016051189973950386,297297,5.148386303583781,0.2833333333333333,0.18611111111111112,0.19027777777777777,0.11666666666666667,0.22361111111111112
414,720,0.022925516758285063,-0.012538991394496865,-0.012460705791022764,463,4.435806903176045e-05,0.015947360545396805,298017,5.158864653110504,0.30972222222222223,0.14444444444444443,0.1597222222222222,0.09583333333333334,0.2902777777777778
415,720,0.02271689455578467,0.21324083989947396,0.23768269872803982,453,4.449623011295343e-05,0.0174089465290308,298737,5.169778819878896,0.22916666666666666,0.19583333333333333,0.2013888888888889,0.11944444444444445,0.25416666666666665
416,720,0.022510170815327028,0.05150218433494556,0.05285148606991319,464,4.151294983406236e-05,0.017105832695961,299457,5.180334901809692,0.2763888888888889,0.21805555555555556,0.14722222222222223,0.12638888888888888,0.23194444444444445
417,720,0.022305328260907552,0.6550240610167993,0.9251888388200808,476,4.6910411557140225e-05,0.018355438485741615,300177,5.190437197685242,0.29583333333333334,0.18194444444444444,0.15,0.14027777777777778,0.23194444444444445
418,720,0.022102349773733293,0.2686602555332959,0.3082106082215341,462,4.475350549581789e-05,0.018012024462223053,300897,5.204122765858968,0.30416666666666664,0.14305555555555555,0.12638888888888888,0.1736111111111111,0.25277777777777777
419,720,0.02190121839079232,-0.009981441361317352,-0.00993179210319095,454,4.223307223456787e-05,0.01766626536846161,301617,5.217069216569265,0.26805555555555555,0.21805555555555556,0.21805555555555556,0.12777777777777777,0.16805555555555557
420,720,0.021701917303436107,0.8867746973276762,1.4272882733243115,472,4.215769543836561e-05,0.017998293042182922,302337,5.22930656671524,0.25277777777777777,0.15694444444444444,0.15138888888888888,0.19583333333333333,0.24305555555555555
421,720,0.021504429855974838,0.9128696627444529,1.4914619401494873,504,4.594033460105291e-05,0.019048254936933517,303057,5.249404919147492,0.2152777777777778,0.18888888888888888,0.15833333333333333,0.19444444444444445,0.24305555555555555
422,720,0.021308739544285468,0.32174157333970527,0.3795282230163841,486,4.601048814518233e-05,0.01952296681702137,303777,5.25975753068924,0.2013888888888889,0.15694444444444444,0.17222222222222222,0.16805555555555557,0.3013888888888889
423,720,0.02111483001443247,0.24906619032248192,0.28282694098865235,415,4.5819454468680004e-05,0.019699322059750557,304497,5.27076458533605,0.35,0.18611111111111112,0.16805555555555557,0.1125,0.18333333333333332
424,720,0.020922685061301134,0.6769021073514383,0.96777233273348,468,4.778986215367493e-05,0.019145812839269638,305217,5.280227700869243,0.3013888888888889,0.19583333333333333,0.14305555555555555,0.14722222222222223,0.2125
425,720,0.020732288627243294,0.08836694400531804,0.09238889404940243,480,4.753121720947699e-05,0.019371166825294495,305937,5.294057901700338,0.2388888888888889,0.2152777777777778,0.20555555555555555,0.12083333333333333,0.21944444444444444
426,720,0.02054362480073538,0.5456564823971519,0.7257409291292773,474,4.662816720610863e-05,0.018773213028907776,306657,5.30568018356959,0.17777777777777778,0.21666666666666667,0.23194444444444445,0.15138888888888888,0.2222222222222222
427,720,0.02035667781504869,0.0593877369830752,0.06118662228048999,470,4.48830426648783e-05,0.018660852685570717,307377,5.317244068781535,0.20694444444444443,0.2263888888888889,0.1875,0.12083333333333333,0.25833333333333336
428,720,0.020171432046931746,0.3307367795890191,0.3919933430220113,497,4.269987658239592e-05,0.018083050847053528,308097,5.328494385878245,0.23055555555555557,0.225,0.19027777777777777,0.12777777777777777,0.2263888888888889
429,720,0.019987872015304668,0.1209049055924392,0.12851759155283027,454,4.565090775183004e-05,0.018566515296697617,308817,5.339884833494822,0.17083333333333334,0.22777777777777777,0.18194444444444444,0.12638888888888888,0.29305555555555557
430,720,0.019805982379965396,0.7090884086610015,1.032137934697138,480,4.790642007921835e-05,0.01871108077466488,309537,5.35224281946818,0.23055555555555557,0.2111111111111111,0.175,0.1375,0.24583333333333332
431,720,0.01962574794030771,0.17606553066631903,0.19251620247157497,433,4.3971519098957087e-05,0.018670327961444855,310257,5.377460420131683,0.29305555555555557,0.175,0.2,0.1,0.23194444444444445
432,720,0.01944715363405091,0.14031357456718416,0.15063455202440212,501,4.461536131606812e-05,0.017820794135332108,310977,5.3908682028452555,0.2152777777777778,0.23333333333333334,0.1527777777777778,0.12777777777777777,0.2708333333333333
433,720,0.019270184535981047,0.07709997787655165,0.08015006210398679,470,4.3823028454426095e-05,0.017613079398870468,311697,5.403160083293915,0.2763888888888889,0.18888888888888888,0.18194444444444444,0.12083333333333333,0.23194444444444445
434,720,0.01909482585670362,0.7587126964893248,1.1355253809739434,455,4.478555575815335e-05,0.017527420073747635,312417,5.414206218719483,0.16111111111111112,0.24583333333333332,0.2152777777777778,0.1527777777777778,0.225
435,720,0.018921062941407617,0.8745035893843423,1.397684762326258,493,4.693346054283312e-05,0.01806046813726425,313137,5.425107832749685,0.20555555555555555,0.20555555555555555,0.1875,0.14722222222222223,0.25416666666666665
436,720,0.01874888126864081,0.5205934153959578,0.683026087017383,478,4.6677503409379524e-05,0.01829616352915764,313857,5.435844465096792,0.24722222222222223,0.25,0.11944444444444445,0.13333333333333333,0.25
437,720,0.018578266449096176,0.7266570534486667,1.0681553060189586,512,4.7768865787626664e-05,0.018842080608010292,314577,5.448158534367879,0.1986111111111111,0.27361111111111114,0.15555555555555556,0.15416666666666667,0.21805555555555556
438,720,0.018409204224409403,0.22771971763021603,0.2557333161939743,499,4.428419875668826e-05,0.01866341382265091,315297,5.462065800031026,0.15833333333333333,0.20694444444444443,0.21805555555555556,0.1763888888888889,0.24027777777777778
439,720,0.01824168046596728,0.3935832220435454,0.4822826371893403,499,4.713770461724683e-05,0.018313627690076828,316017,5.4727501511573795,0.26666666666666666,0.225,0.11666666666666667,0.12361111111111112,0.26805555555555555
440,720,0.018075681173726977,0.3564539028782326,0.4282556905246795,471,4.6264995453131833e-05,0.017868464812636375,316737,5.484456916650136,0.2013888888888889,0.2388888888888889,0.19305555555555556,0.1361111111111111,0.23055555555555557
441,720,0.01791119247504606,0.017208297396800333,0.017357213115434034,458,4.139097233696197e-05,0.017670612782239914,317457,5.505140113830566,0.20694444444444443,0.23472222222222222,0.1638888888888889,0.13055555555555556,0.2638888888888889
442,720,0.01774820062352314,0.4514000981412172,0.5705095143449981,481,4.663012940682165e-05,0.017262538895010948,318177,5.51556429862976,0.17083333333333334,0.2361111111111111,0.18055555555555555,0.16527777777777777,0.24722222222222223
443,720,0.017586691997849083,0.1426808671675105,0.15336166735147705,501,4.2972965152582924e-05,0.017841849476099014,318897,5.527233850955963,0.31527777777777777,0.20833333333333334,0.11944444444444445,0.11805555555555555,0.2388888888888889
444,720,0.017426653100668658,0.876168228012827,1.4016793648629662,457,4.8684374886912946e-05,0.01859002374112606,319617,5.540406020482381,0.23194444444444445,0.23472222222222222,0.15138888888888888,0.14166666666666666,0.24027777777777778
445,720,0.017268070557452574,0.16453801671697907,0.17884838464514208,498,5.009095778708191e-05,0.01826709508895874,320337,5.553789802392324,0.2013888888888889,0.22361111111111112,0.15138888888888888,0.14444444444444443,0.2791666666666667
446,720,0.017110931115379754,0.35560871950443484,0.42704906254429753,472,4.380760724416177e-05,0.01755780726671219,321057,5.568334186077118,0.17222222222222222,0.26666666666666666,0.18888888888888888,0.11666666666666667,0.25555555555555554
447,720,0.016955221642229797,0.16821842447951918,0.18319502118186293,439,4.108208809030758e-05,0.016846850514411926,321777,5.582059597969055,0.2125,0.2513888888888889,0.18472222222222223,0.12361111111111112,0.22777777777777777
448,720,0.016800929125285507,0.8393709620943257,1.3149103523332757,460,4.1799156925511245e-05,0.017365580424666405,322497,5.593606003125509,0.2708333333333333,0.22361111111111112,0.13472222222222222,0.12638888888888888,0.24444444444444444
449,720,0.016648040670245407,0.05975110317877226,0.06157229169172207,459,4.423681791018276e-05,0.01780666597187519,323217,5.604260969161987,0.18888888888888888,0.24861111111111112,0.21944444444444444,0.10694444444444444,0.2361111111111111
450,720,0.016496543500146173,0.2152699242898444,0.2401966109797946,505,4.376586974533186e-05,0.0179342869669199,323937,5.61554669936498,0.21388888888888888,0.23333333333333334,0.18611111111111112,0.12222222222222222,0.24444444444444444
451,720,0.016346424954294843,0.5382974324286498,0.713087730263906,524,4.344058432176704e-05,0.01726023107767105,324657,5.639951384067535,0.1625,0.25277777777777777,0.18055555555555555,0.14027777777777778,0.2638888888888889
452,720,0.01619767248721076,0.11487709636432859,0.12173556372047223,477,4.674983010520211e-05,0.01690179854631424,325377,5.651199817657471,0.20416666666666666,0.1736111111111111,0.2722222222222222,0.13055555555555556,0.21944444444444444
453,720,0.016050273667577143,1.2574959221394084,2.5166046011615135,494,4.193083792516619e-05,0.01651909202337265,326097,5.663402418295543,0.1597222222222222,0.2111111111111111,0.20416666666666666,0.15694444444444444,0.26805555555555555
454,720,0.015904216177202193,0.6172133819052046,0.8537551301400983,488,4.269908989600582e-05,0.01703941449522972,326817,5.675518651803334,0.19444444444444445,0.2569444444444444,0.1763888888888889,0.1388888888888889,0.23333333333333334
455,720,0.015759487809989654,0.7165838826697496,1.0474269995821373,456,4.3525797942341644e-05,0.017062369734048843,327537,5.68802213271459,0.15138888888888888,0.22777777777777777,0.20277777777777778,0.11805555555555555,0.3
456,720,0.015616076470918748,0.6531652901072522,0.9216136775433461,491,4.6127344674257784e-05,0.017133764922618866,328257,5.6989490509033205,0.20555555555555555,0.19027777777777777,0.21805555555555556,0.1486111111111111,0.2375
457,720,0.015473970175033387,0.1993650793344205,0.22062751044445972,464,4.8901128188087266e-05,0.018408693373203278,328977,5.713090785344442,0.22916666666666666,0.17777777777777778,0.24444444444444444,0.09583333333333334,0.25277777777777777
458,720,0.015333157046440584,0.6475627558227943,0.910877872971636,455,4.854415555352413e-05,0.01837671734392643,329697,5.722653917471567,0.19305555555555556,0.20833333333333334,0.1597222222222222,0.12916666666666668,0.30972222222222223
459,720,0.015193625317317975,0.1742112955587973,0.19030704584351255,456,4.679622928860125e-05,0.01843888685107231,330417,5.73385028441747,0.1638888888888889,0.21805555555555556,0.24166666666666667,0.1375,0.2388888888888889
460,720,0.01505536332693038,0.15280159908515262,0.16509380033460408,462,4.4932137056245364e-05,0.018635451793670654,331137,5.744890300432841,0.16666666666666666,0.17777777777777778,0.24861111111111112,0.18194444444444444,0.225
461,720,0.014918359520655315,0.014338753101144585,0.014442046128650743,458,4.7601041736318923e-05,0.018458295613527298,331857,5.7654827316602075,0.1361111111111111,0.18888888888888888,0.2,0.19444444444444445,0.28055555555555556
462,720,0.014782602449017352,0.4030873239049905,0.496437560729607,485,4.397516830749737e-05,0.018766416236758232,332577,5.775823998451233,0.2152777777777778,0.20416666666666666,0.13333333333333333,0.1763888888888889,0.2708333333333333
463,720,0.014648080766731294,0.9853754745499689,1.678817523417366,513,4.579418677192532e-05,0.01803162880241871,333297,5.789574134349823,0.20972222222222223,0.22083333333333333,0.17916666666666667,0.1388888888888889,0.2513888888888889
464,720,0.01451478323175404,0.737383141740366,1.0904579185036134,534,4.2733343944847645e-05,0.018469564616680145,334017,5.801573153336843,0.24861111111111112,0.20277777777777778,0.18055555555555555,0.11944444444444445,0.24861111111111112
465,720,0.014382698704345078,0.2830316755528078,0.3271471992725674,495,4.4204794045931016e-05,0.018818093463778496,334737,5.813456432024638,0.1875,0.23055555555555557,0.15416666666666667,0.15694444444444444,0.2708333333333333
466,720,0.014251816146135538,0.37191313326910075,0.45050697502129045,477,4.223103521275738e-05,0.0177660770714283,335457,5.824475800991058,0.18611111111111112,0.1763888888888889,0.18611111111111112,0.16805555555555557,0.2833333333333333
467,720,0.014122124619205706,0.012705402656861431,0.012786459206792777,488,4.2188858075557315e-05,0.017149612307548523,336177,5.836911253134409,0.22083333333333333,0.2125,0.21944444444444444,0.14027777777777778,0.20694444444444443
468,720,0.013993613285170934,0.7037364825552477,1.0212911341619164,497,4.0409975789164794e-05,0.01622597500681877,336897,5.848203066984812,0.24305555555555555,0.2375,0.1527777777777778,0.13194444444444445,0.23472222222222222
469,720,0.013866271404275878,0.6552805536057179,0.9256826988225175,500,4.1782355754094167e-05,0.01650683954358101,337617,5.860712933540344,0.24583333333333332,0.2263888888888889,0.12777777777777777,0.14305555555555555,0.2569444444444444
470,720,0.013740088334496968,0.5530435839263199,0.7385363549542663,486,4.529705741384128e-05,0.017579250037670135,338337,5.875579718748728,0.23333333333333334,0.23055555555555557,0.14166666666666666,0.1638888888888889,0.23055555555555557
471,720,0.013615053530653046,0.052741426363158414,0.05415703265794103,483,4.152853627677663e-05,0.017624303698539734,339057,5.897755984465281,0.24027777777777778,0.22916666666666666,0.18888888888888888,0.12916666666666668,0.2125
472,720,0.013491156543524103,0.4096474679316328,0.5062866771442112,510,4.184690073619398e-05,0.017624597996473312,339777,5.908306149641673,0.2013888888888889,0.2013888888888889,0.17916666666666667,0.1625,0.25555555555555554
473,720,0.013368387018978033,0.5839842986368001,0.7931687364360118,490,4.2778417462664544e-05,0.016871515661478043,340497,5.922454818089803,0.22361111111111112,0.225,0.19722222222222222,0.13333333333333333,0.22083333333333333
474,720,0.013246734697105333,0.6004834564797307,0.8229999285077858,502,4.6364205631258906e-05,0.016168996691703796,341217,5.93417805035909,0.16944444444444445,0.24583333333333332,0.1597222222222222,0.16666666666666666,0.25833333333333336
475,720,0.013126189411361674,-0.048930062975744024,-0.04775227525802894,478,4.329712188817009e-05,0.0170875433832407,341937,5.9461026151975,0.20972222222222223,0.21388888888888888,0.2,0.18055555555555555,0.19583333333333333
476,720,0.013006741087718283,0.7767245682721187,1.1743386911718208,513,4.366132912991816e-05,0.0159095898270607,342657,5.959951953093211,0.20555555555555555,0.2388888888888889,0.14444444444444443,0.1527777777777778,0.25833333333333336
477,720,0.012888379743820046,0.035868194915126224,0.03651921898338739,471,4.362394440072926e-05,0.01627221144735813,343377,5.970812300841014,0.15416666666666667,0.27361111111111114,0.20694444444444443,0.175,0.19027777777777777
478,720,0.012771095488151283,0.4148918515113041,0.5142069726409082,508,4.3948382162600156e-05,0.017504699528217316,344097,5.982046135266622,0.23472222222222222,0.2652777777777778,0.13472222222222222,0.12361111111111112,0.24166666666666667
479,720,0.012654878519209106,0.046552305456550716,0.04765287559740572,498,4.238630473688924e-05,0.01602262258529663,344817,5.992149515946706,0.1625,0.24861111111111112,0.17777777777777778,0.17222222222222222,0.2388888888888889
480,720,0.012539719124684302,0.8683593155330758,1.3829978968043752,507,4.646214788029586e-05,0.016794729977846146,345537,6.003320153554281,0.22083333333333333,0.2152777777777778,0.18472222222222223,0.14444444444444443,0.23472222222222222
481,720,0.012425607680649675,0.6571802123667901,0.9293443156424763,503,4.187954134396124e-05,0.01625620573759079,346257,6.026251367727915,0.1875,0.28055555555555556,0.15555555555555556,0.15833333333333333,0.21805555555555556
482,720,0.012312534650755763,0.7716517161763602,1.1633365223669494,530,4.541743265159918e-05,0.01704687625169754,346977,6.039979350566864,0.20416666666666666,0.2833333333333333,0.14444444444444443,0.13472222222222222,0.23333333333333334
483,720,0.012200490585433887,0.568632458795545,0.7658505261060069,486,4.313633262300856e-05,0.016833392903208733,347697,6.052438501516978,0.18611111111111112,0.2902777777777778,0.21805555555555556,0.11666666666666667,0.18888888888888888
484,720,0.01208946612110644,1.2826914569518537,2.606332965179101,506,4.157875765334514e-05,0.016983019188046455,348417,6.064825963973999,0.2375,0.22777777777777777,0.17777777777777778,0.15555555555555556,0.2013888888888889
485,720,0.01197945197940437,0.24608829103996605,0.27901249389995164,483,4.3499769868857485e-05,0.016693923622369766,349137,6.075950535138448,0.1986111111111111,0.3013888888888889,0.15,0.16111111111111112,0.18888888888888888
486,720,0.01187043896639179,0.22949243951120804,0.25796135638460793,476,4.396864928948061e-05,0.017084753140807152,349857,6.08666498263677,0.15694444444444444,0.28055555555555556,0.19166666666666668,0.1597222222222222,0.2111111111111111
487,720,0.011762417971797624,0.5462805870475124,0.7268183082321438,471,4.535862891922685e-05,0.016283150762319565,350577,6.0991215189298,0.125,0.27361111111111114,0.24722222222222223,0.14722222222222223,0.20694444444444443
488,720,0.011655379968254265,1.3051675186233824,2.68830690205121,496,4.2255328628471035e-05,0.016604088246822357,351297,6.110945816834768,0.23472222222222222,0.25277777777777777,0.18472222222222223,0.10416666666666667,0.22361111111111112
489,720,0.011549316010543152,0.4189973971329028,0.5204363972911774,500,4.734806850718896e-05,0.01704469509422779,352017,6.12574718395869,0.18888888888888888,0.24444444444444444,0.1625,0.15,0.25416666666666665
490,720,0.011444217234847209,0.2586997041909379,0.29524478983908975,469,4.878495432068222e-05,0.017113376408815384,352737,6.136035982767741,0.1388888888888889,0.26805555555555555,0.2375,0.16944444444444445,0.18611111111111112
491,720,0.011340074858010099,0.19020001885091734,0.20949149456340987,467,4.377749433185979e-05,0.01795421540737152,353457,6.157957549889883,0.19305555555555556,0.3125,0.16111111111111112,0.14305555555555555,0.19027777777777777
492,720,0.011236880176802208,0.14598040502075488,0.1571735130376699,501,4.351616966889398e-05,0.016745276749134064,354177,6.169224433104197,0.18333333333333332,0.3013888888888889,0.14583333333333334,0.1375,0.23194444444444445
493,720,0.011134624567193307,0.1689856478624517,0.18410314439081654,468,4.0758025747638584e-05,0.016694433987140656,354897,6.179273517926534,0.15694444444444444,0.37083333333333335,0.17222222222222222,0.1111111111111111,0.18888888888888888
494,720,0.011033299483631848,0.14917094088023822,0.16087141263038118,495,4.23751956582742e-05,0.016466902568936348,355617,6.191897082328796,0.23194444444444445,0.29305555555555557,0.13194444444444445,0.13194444444444445,0.2111111111111111
495,720,0.010932896458330798,0.2699064589747303,0.3098419210463259,457,4.3970958941170266e-05,0.017623264342546463,356337,6.205336232980092,0.20694444444444443,0.2638888888888889,0.17083333333333334,0.17916666666666667,0.17916666666666667
496,720,0.010833407100559987,0.7345344402765861,1.0845113020601347,505,4.8151237989360295e-05,0.018094627186655998,357057,6.216946617762248,0.21388888888888888,0.25277777777777777,0.17916666666666667,0.15833333333333333,0.19583333333333333
497,720,0.010734823095944892,0.2522272783956618,0.2868884860004377,471,4.5102946357170975e-05,0.016546394675970078,357777,6.228096250693003,0.19305555555555556,0.21805555555555556,0.16944444444444445,0.15555555555555556,0.2638888888888889
498,720,0.010637136205771794,0.2089568639261039,0.23239183683832554,487,4.2268964618112176e-05,0.01660371758043766,358497,6.239014116923014,0.1875,0.2833333333333333,0.15833333333333333,0.17916666666666667,0.19166666666666668
499,720,0.01054033826629927,0.34679500313165473,0.4145267220983446,488,4.274348070162483e-05,0.01631297543644905,359217,6.250371233622233,0.25277777777777777,0.2847222222222222,0.1597222222222222,0.11805555555555555,0.18472222222222223
500,720,0.010444421188075948,0.2079387965997445,0.23113781742237838,416,4.4382450841516805e-05,0.01734931766986847,359937,6.26071085135142,0.19583333333333333,0.21805555555555556,0.16944444444444445,0.1597222222222222,0.2569444444444444
501,720,0.010349376955264456,1.2003318553773028,2.3212189042297537,516,4.5911643093808784e-05,0.017290009185671806,360657,6.283233817418417,0.24305555555555555,0.24444444444444444,0.16944444444444445,0.12083333333333333,0.2222222222222222
502,720,0.01025519762497155,0.3413869114167009,0.40689748026640404,445,4.6242465048686025e-05,0.018749214708805084,361377,6.295180070400238,0.2569444444444444,0.30694444444444446,0.15555555555555556,0.1375,0.14305555555555555
503,720,0.010161875326584309,0.4987298667940602,0.6466285043942059,461,4.7381004187880334e-05,0.018070658668875694,362097,6.306549882888794,0.2722222222222222,0.2375,0.12777777777777777,0.1388888888888889,0.22361111111111112
504,720,0.010069402261112392,0.291130314578976,0.33793892553793947,478,4.6110914139616296e-05,0.01750320754945278,362817,6.318009201685587,0.18472222222222223,0.24722222222222223,0.18194444444444444,0.16666666666666666,0.21944444444444444
505,720,0.01,0.23040082107804408,0.25910458445758455,513,4.175783902711474e-05,0.017568740993738174,363537,6.328436803817749,0.23333333333333334,0.25277777777777777,0.15694444444444444,0.14027777777777778,0.21666666666666667
506,720,0.01,0.30644661332544576,0.3585889349958078,471,4.154427378403448e-05,0.017555497586727142,364257,6.339906549453735,0.15694444444444444,0.22083333333333333,0.25416666666666665,0.16111111111111112,0.20694444444444443
507,720,0.01,0.30221752331164436,0.3528554723081996,452,4.483101418170716e-05,0.017310740426182747,364977,6.351747747262319,0.17777777777777778,0.2152777777777778,0.1597222222222222,0.1527777777777778,0.29444444444444445
508,720,0.01,0.48618080234948,0.6260939712453275,484,4.0077108413546135e-05,0.016338683664798737,365697,6.363879497845968,0.2111111111111111,0.24305555555555555,0.18194444444444444,0.12083333333333333,0.24305555555555555
509,720,0.01,0.28596095197622556,0.3310404797372293,482,4.194183280408955e-05,0.01720791682600975,366417,6.37859118382136,0.18472222222222223,0.25972222222222224,0.17777777777777778,0.1736111111111111,0.20416666666666666
510,720,0.01,0.2984169161947285,0.347723558543346,495,4.138278369004587e-05,0.018070818856358528,367137,6.390707230567932,0.20555555555555555,0.2263888888888889,0.225,0.16805555555555557,0.175
511,720,0.01,0.8186147686646452,1.2673568473973313,505,4.702369342845082e-05,0.018158430233597755,367857,6.413327999909719,0.2388888888888889,0.24861111111111112,0.1486111111111111,0.15694444444444444,0.20694444444444443
512,720,0.01,0.19174324728832004,0.21135945720843297,454,4.5405365352103724e-05,0.017808325588703156,368577,6.424159983793895,0.2111111111111111,0.2152777777777778,0.22361111111111112,0.15833333333333333,0.19166666666666668
513,720,0.01,0.6266897996388713,0.87140558759553,478,4.0306862293467326e-05,0.016898365691304207,369297,6.435274783770243,0.17083333333333334,0.21666666666666667,0.2111111111111111,0.13333333333333333,0.26805555555555555
514,720,0.01,0.545934977416695,0.7262216063130558,509,4.2787523329934626e-05,0.01823187991976738,370017,6.445865631103516,0.2569444444444444,0.21388888888888888,0.14583333333333334,0.15694444444444444,0.2263888888888889
515,720,0.01,0.08731404475796287,0.0912393239020104,474,4.478971327317696e-05,0.018053989857435226,370737,6.457146167755127,0.1875,0.21388888888888888,0.18611111111111112,0.13472222222222222,0.2777777777777778
516,720,0.01,0.583606611240945,0.792491607085281,501,4.3784573112285825e-05,0.017815452069044113,371457,6.472702018419901,0.15694444444444444,0.20416666666666666,0.1763888888888889,0.15833333333333333,0.30416666666666664
517,720,0.01,0.5296053890707221,0.6982620236210557,511,4.1369150613314155e-05,0.01771123893558979,372177,6.483824686209361,0.19027777777777777,0.25833333333333336,0.21666666666666667,0.1486111111111111,0.18611111111111112
518,720,0.01,0.142599294987745,0.15326758896335102,495,4.5858897851758226e-05,0.01758662983775139,372897,6.495625917116801,0.2125,0.23055555555555557,0.19027777777777777,0.15555555555555556,0.2111111111111111
519,720,0.01,0.7194876628916407,1.0533809178607663,491,4.5247813659443636e-05,0.017626551911234856,373617,6.506129054228465,0.22777777777777777,0.23055555555555557,0.19027777777777777,0.12361111111111112,0.22777777777777777
520,720,0.01,1.3311170584450958,2.7852693939247426,513,4.6322871116899475e-05,0.01705523207783699,374337,6.5167059342066445,0.25,0.22916666666666666,0.1736111111111111,0.12777777777777777,0.21944444444444444
521,720,0.01,1.0858913403042185,1.9620788626962504,489,4.23511896732028e-05,0.01712186262011528,375057,6.540242767333984,0.18888888888888888,0.2388888888888889,0.1736111111111111,0.14444444444444443,0.25416666666666665
522,720,0.01,0.18827332971008195,0.20716342388932274,478,4.780945924696627e-05,0.017037231475114822,375777,6.553107249736786,0.21805555555555556,0.22361111111111112,0.19027777777777777,0.15416666666666667,0.21388888888888888
523,720,0.01,0.22483973697817047,0.25212203125067956,446,4.2631723204067384e-05,0.017022158950567245,376497,6.563683601220449,0.18055555555555555,0.24861111111111112,0.2611111111111111,0.12361111111111112,0.18611111111111112
524,720,0.01,0.7742162307560926,1.1688915503500517,507,4.0223709141981896e-05,0.01736646331846714,377217,6.575021715958913,0.1875,0.2513888888888889,0.20555555555555555,0.11527777777777778,0.24027777777777778
525,720,0.01,0.22434734592165567,0.2515056493237504,511,4.0026520514402365e-05,0.017339369282126427,377937,6.586712082227071,0.20694444444444443,0.2652777777777778,0.21666666666666667,0.13472222222222222,0.1763888888888889
526,720,0.01,0.3121526873425675,0.36636330348477864,472,4.362635911042566e-05,0.018097400665283203,378657,6.597649832566579,0.23194444444444445,0.26944444444444443,0.13194444444444445,0.12777777777777777,0.2388888888888889
527,720,0.01,0.23665092794208448,0.2669987667067082,494,4.127052800666004e-05,0.01773352362215519,379377,6.610432982444763,0.20277777777777778,0.23055555555555557,0.21944444444444444,0.12916666666666668,0.21805555555555556
528,720,0.01,0.360936655281344,0.4346725790692605,500,4.07389946771117e-05,0.017733296379446983,380097,6.62487108707428,0.1625,0.2375,0.25555555555555554,0.11388888888888889,0.23055555555555557
529,720,0.01,0.15465618161266342,0.167256567835125,497,4.324795238011979e-05,0.018463069573044777,380817,6.636295235157013,0.19583333333333333,0.24305555555555555,0.22916666666666666,0.1527777777777778,0.17916666666666667
530,720,0.01,0.17246917958807842,0.18823519815236334,418,4.269819929226691e-05,0.018224958330392838,381537,6.648328232765198,0.16111111111111112,0.2902777777777778,0.24166666666666667,0.09305555555555556,0.21388888888888888
531,720,0.01,0.23127325347663696,0.2602035474060145,494,4.153679687482913e-05,0.01796848140656948,382257,6.669031500816345,0.22777777777777777,0.22083333333333333,0.2152777777777778,0.12638888888888888,0.20972222222222223
532,720,0.01,-0.04872582071334912,-0.047557766165556514,430,4.040626353495706e-05,0.016949666664004326,382977,6.680255933602651,0.3111111111111111,0.29444444444444445,0.15,0.0875,0.15694444444444444
533,720,0.01,0.9742193010815018,1.6490982553290383,497,4.323567668633486e-05,0.01787233166396618,383697,6.693215481440226,0.2263888888888889,0.20416666666666666,0.20694444444444443,0.11527777777777778,0.24722222222222223
534,720,0.01,-0.023752247138512095,-0.023472382698461414,441,4.1587077815721484e-05,0.017811665311455727,384417,6.707270781199138,0.15416666666666667,0.2722222222222222,0.2375,0.11805555555555555,0.21805555555555556
535,720,0.01,0.7574290963240492,1.132785978766667,504,3.985309905500698e-05,0.017967991530895233,385137,6.719794901212056,0.19027777777777777,0.2361111111111111,0.2013888888888889,0.12916666666666668,0.24305555555555555
536,720,0.01,0.6600761633273172,0.9349397002357551,506,4.321184933233882e-05,0.017575779929757118,385857,6.730449430147806,0.21388888888888888,0.22083333333333333,0.21388888888888888,0.1388888888888889,0.2125
537,720,0.01,0.7860047450629243,1.1946108577848178,474,4.3905346545771965e-05,0.017622007057070732,386577,6.741341865062713,0.18194444444444444,0.25972222222222224,0.2375,0.12083333333333333,0.2
538,720,0.01,0.5332174208107476,0.704407291723649,494,3.956607578680228e-05,0.01799633726477623,387297,6.751600364844005,0.17083333333333334,0.2861111111111111,0.22361111111111112,0.12777777777777777,0.19166666666666668
539,720,0.01,0.8777496600114235,1.4054804622572727,505,4.382195109479249e-05,0.017909331247210503,388017,6.76338898340861,0.20277777777777778,0.21666666666666667,0.2513888888888889,0.125,0.20416666666666666
540,720,0.01,0.07092332447101787,0.07349891161574384,431,4.2721251389189596e-05,0.017956577241420746,388737,6.774789532025655,0.22777777777777777,0.28055555555555556,0.23472222222222222,0.0875,0.16944444444444445
541,720,0.01,0.7949853495114755,1.2144085543993142,508,4.0115012586738887e-05,0.017239820212125778,389457,6.797978134950002,0.24305555555555555,0.25,0.1986111111111111,0.11944444444444445,0.18888888888888888
542,720,0.01,0.3821194427645844,0.4653871045673028,515,4.3311958687455545e-05,0.01835891604423523,390177,6.810417866706848,0.24166666666666667,0.23194444444444445,0.20416666666666666,0.125,0.19722222222222222
543,720,0.01,0.7643230717802204,1.1475401519765844,484,4.371941920706174e-05,0.017502546310424805,390897,6.821801769733429,0.16944444444444445,0.25833333333333336,0.21944444444444444,0.1111111111111111,0.24166666666666667
544,720,0.01,0.4983227848150508,0.6459583280215617,494,4.115227628744833e-05,0.01715434156358242,391617,6.83227303425471,0.1875,0.2388888888888889,0.2375,0.12777777777777777,0.20833333333333334
545,720,0.01,0.1960062742922856,0.21653453820363655,472,3.9547158564801066e-05,0.01710635796189308,392337,6.842990533510844,0.1527777777777778,0.2972222222222222,0.18472222222222223,0.15138888888888888,0.21388888888888888
546,720,0.01,0.5673547089493484,0.7635956517573277,478,3.955971929548872e-05,0.0167840588837862,393057,6.853756237030029,0.18888888888888888,0.2861111111111111,0.19027777777777777,0.11527777777777778,0.21944444444444444
547,720,0.01,0.31161012036313446,0.36562216095231226,509,4.2421458738317595e-05,0.01618984527885914,393777,6.867376252015432,0.16111111111111112,0.25,0.23194444444444445,0.1388888888888889,0.21805555555555556
548,720,0.01,0.928349898123103,1.5303304278964078,490,4.1164672494334e-05,0.016888311132788658,394497,6.879519899686177,0.19722222222222222,0.2569444444444444,0.1736111111111111,0.12361111111111112,0.24861111111111112
549,720,0.01,0.8362187030318937,1.30762464444877,516,4.342332058134465e-05,0.01704324595630169,395217,6.890855232874553,0.2125,0.2972222222222222,0.16805555555555557,0.12083333333333333,0.2013888888888889
550,720,0.01,0.07299046236315129,0.07572027703642403,450,3.958117248177789e-05,0.017052385956048965,395937,6.901771020889282,0.20277777777777778,0.29583333333333334,0.19583333333333333,0.12222222222222222,0.18333333333333332
551,720,0.01,0.3002793562440394,0.35023595173880806,471,4.491834293705526e-05,0.01758221536874771,396657,6.924117549260457,0.24027777777777778,0.24722222222222223,0.1625,0.14722222222222223,0.20277777777777778
552,720,0.01,0.11493261991194571,0.12179784818756789,463,3.9222865374692144e-05,0.01706421747803688,397377,6.935965669155121,0.19166666666666668,0.27361111111111114,0.25277777777777777,0.08611111111111111,0.19583333333333333
553,720,0.01,-0.0041851543892869394,-0.004176408835406598,453,3.704541882522487e-05,0.01604149118065834,398097,6.948913963635762,0.18888888888888888,0.3541666666666667,0.19583333333333333,0.1,0.16111111111111112
554,720,0.01,0.4901579231724863,0.6325740208671695,497,3.9550873208958766e-05,0.017020519822835922,398817,6.961998283863068,0.1736111111111111,0.2763888888888889,0.19027777777777777,0.13472222222222222,0.225
555,720,0.01,0.3583534505641211,0.4309713087230438,444,3.9618542987480194e-05,0.015945060178637505,399537,6.9755262653032934,0.175,0.26944444444444443,0.26666666666666666,0.0875,0.2013888888888889
556,720,0.01,0.5171655850952824,0.6772668357068301,491,4.09321764158853e-05,0.01623512990772724,400257,6.987550485134125,0.2125,0.3236111111111111,0.17777777777777778,0.10972222222222222,0.1763888888888889
557,720,0.01,1.0730968068798337,1.9244218612666613,496,3.731365397799083e-05,0.015868697315454483,400977,6.998416817188263,0.22083333333333333,0.25277777777777777,0.1875,0.1375,0.2013888888888889
558,720,0.01,0.2963140060128682,0.3448923948345872,455,3.858695556826004e-05,0.01641576737165451,401697,7.012769349416097,0.2013888888888889,0.29444444444444445,0.2013888888888889,0.10555555555555556,0.19722222222222222
559,720,0.01,0.8916509726042834,1.4391533041884386,485,4.1001734330671346e-05,0.017039328813552856,402417,7.023777349789937,0.17222222222222222,0.24027777777777778,0.2875,0.1125,0.1875
560,720,0.01,0.4367640922304526,0.5476909216732582,480,4.3281198917257924e-05,0.017116552218794823,403137,7.03688733180364,0.16944444444444445,0.25555555555555554,0.22361111111111112,0.11666666666666667,0.23472222222222222
561,720,0.01,0.4759598001555038,0.6095583106640772,480,4.032771974430539e-05,0.01604352332651615,403857,7.057921266555786,0.21805555555555556,0.26666666666666666,0.18055555555555555,0.125,0.20972222222222223
562,720,0.01,0.44057132614746436,0.5535945742052455,454,3.9079626373626926e-05,0.016449542716145515,404577,7.0692484696706135,0.21805555555555556,0.30694444444444446,0.17083333333333334,0.08888888888888889,0.2152777777777778
563,720,0.01,0.2711436838092164,0.3114634929179416,471,4.0550749366098494e-05,0.017139220610260963,405297,7.079792316754659,0.13333333333333333,0.23055555555555557,0.24722222222222223,0.1388888888888889,0.25
564,720,0.01,0.14958448941368604,0.16135158858178777,458,4.098878913509907e-05,0.01580806076526642,406017,7.092231551806132,0.20972222222222223,0.26944444444444443,0.20555555555555555,0.14027777777777778,0.175
565,720,0.01,1.0906003617234312,1.9760602489935573,487,3.914481230569638e-05,0.01644391193985939,406737,7.102256266276042,0.2361111111111111,0.24722222222222223,0.17916666666666667,0.14722222222222223,0.19027777777777777
566,720,0.01,0.00882514758124159,0.008864204004510823,446,3.958399116249388e-05,0.01628013513982296,407457,7.114445153872172,0.2513888888888889,0.3055555555555556,0.18611111111111112,0.07916666666666666,0.17777777777777778
567,720,0.01,1.3869098018928032,3.0024625207817683,472,3.6645091797203755e-05,0.016741422936320305,408177,7.127626101175944,0.23194444444444445,0.24027777777777778,0.18611111111111112,0.10555555555555556,0.2361111111111111
568,720,0.01,0.19553224203687325,0.2159579982527684,475,4.3538427435881505e-05,0.017049791291356087,408897,7.138903252283732,0.21388888888888888,0.2763888888888889,0.19166666666666668,0.10694444444444444,0.2111111111111111
569,720,0.01,0.9042451436809702,1.470066673711338,453,3.9216801902360506e-05,0.016997748985886574,409617,7.14981369972229,0.16666666666666666,0.33194444444444443,0.19444444444444445,0.1,0.20694444444444443
570,720,0.01,0.4690964452444544,0.5985491637851534,495,4.149823045180609e-05,0.016877515241503716,410337,7.160850131511689,0.14583333333333334,0.25416666666666665,0.23194444444444445,0.14027777777777778,0.22777777777777777
571,720,0.01,0.5137576135762939,0.6715604871605818,468,4.3607389769325286e-05,0.01728157512843609,411057,7.1822008172671,0.19027777777777777,0.29444444444444445,0.2263888888888889,0.11666666666666667,0.17222222222222222
572,720,0.01,0.37557571259184386,0.45582931266770865,434,4.14188110350248e-05,0.016633054241538048,411777,7.1929889678955075,0.25555555555555554,0.24861111111111112,0.23472222222222222,0.0763888888888889,0.18472222222222223
573,720,0.01,0.5157380608227539,0.6748742047630394,491,3.904363760006567e-05,0.016599729657173157,412497,7.209126249949137,0.2125,0.24444444444444444,0.22916666666666666,0.08472222222222223,0.22916666666666666
574,720,0.01,0.1306267502631059,0.1395423680351815,459,3.748041035830991e-05,0.016358457505702972,413217,7.221662370363871,0.16527777777777777,0.2763888888888889,0.2791666666666667,0.10555555555555556,0.1736111111111111
575,720,0.01,0.2479109073412365,0.2813457686072083,493,4.1981145194666975e-05,0.016110572963953018,413937,7.2331240693728125,0.18194444444444444,0.2569444444444444,0.2125,0.12361111111111112,0.225
576,720,0.01,0.17803977083960795,0.19487284138596417,471,3.8819195065621495e-05,0.01598246395587921,414657,7.24390025138855,0.22361111111111112,0.3138888888888889,0.1875,0.09305555555555556,0.18194444444444444
577,720,0.01,0.4109467105932327,0.5082449809362029,455,3.859135297387992e-05,0.01601850613951683,415377,7.254144899050394,0.20833333333333334,0.29444444444444445,0.24722222222222223,0.06805555555555555,0.18194444444444444
578,720,0.01,0.27562000865203024,0.31734718837326503,455,4.0120813491739685e-05,0.016276435926556587,416097,7.265654265880585,0.17777777777777778,0.2569444444444444,0.24583333333333332,0.1125,0.20694444444444443
579,720,0.01,0.058217800738820186,0.059945827556049824,465,4.178545706786786e-05,0.01699669659137726,416817,7.276807451248169,0.22916666666666666,0.2777777777777778,0.24027777777777778,0.08888888888888889,0.1638888888888889
580,720,0.01,0.5259575159303891,0.6920782648408845,492,3.9292169825936675e-05,0.01764201559126377,417537,7.291729017098745,0.24861111111111112,0.24166666666666667,0.21388888888888888,0.125,0.17083333333333334
581,720,0.01,0.7262255989439925,1.0672631835647741,486,4.2013223508598056e-05,0.017802296206355095,418257,7.313413381576538,0.2111111111111111,0.2875,0.2013888888888889,0.09027777777777778,0.20972222222222223
582,720,0.01,0.21505119686964433,0.23992537563892036,477,4.257350162535861e-05,0.01843549869954586,418977,7.324890085061392,0.25,0.26944444444444443,0.21805555555555556,0.10555555555555556,0.15694444444444444
583,720,0.01,0.4120412861148023,0.5098967728134194,462,4.4272621072296814e-05,0.01830480434000492,419697,7.3351269642512005,0.19722222222222222,0.2652777777777778,0.2708333333333333,0.09027777777777778,0.1763888888888889
584,720,0.01,0.18133406852237832,0.1988155989614202,478,4.2163666564142155e-05,0.01669188030064106,420417,7.345254631837209,0.18472222222222223,0.29444444444444445,0.2152777777777778,0.11527777777777778,0.19027777777777777
585,720,0.01,0.3627065672537744,0.4372140716891264,423,4.1877762949601065e-05,0.017514217644929886,421137,7.356221636136373,0.18194444444444444,0.30416666666666664,0.2861111111111111,0.06805555555555555,0.1597222222222222
586,720,0.01,0.9676336023594383,1.6317094140174935,488,4.027692239990049e-05,0.017169231548905373,421857,7.3678938825925195,0.24722222222222223,0.24861111111111112,0.17777777777777778,0.12083333333333333,0.20555555555555555
587,720,0.01,0.7357983826076336,1.0871476698918268,487,4.05673939541076e-05,0.01741272211074829,422577,7.381767551104228,0.17222222222222222,0.27361111111111114,0.22777777777777777,0.10416666666666667,0.2222222222222222
588,720,0.01,0.38677540416511275,0.4722257983560747,494,3.718552045231465e-05,0.01742105558514595,423297,7.393011903762817,0.19166666666666668,0.2972222222222222,0.22083333333333333,0.10694444444444444,0.18333333333333332
589,720,0.01,0.44310404720839597,0.557534383015809,516,4.1951170740301474e-05,0.016957581043243408,424017,7.404123485088348,0.20555555555555555,0.20277777777777778,0.2638888888888889,0.125,0.20277777777777778
590,720,0.01,0.3638282365427999,0.43882705502291897,462,3.992124009957681e-05,0.016688842326402664,424737,7.414103635152181,0.19305555555555556,0.2847222222222222,0.21805555555555556,0.10972222222222222,0.19444444444444445
591,720,0.01,0.4088011849331068,0.505012471583737,503,4.4616182796946506e-05,0.017311861738562584,425457,7.435931082566579,0.21805555555555556,0.28194444444444444,0.16111111111111112,0.11388888888888889,0.225
592,720,0.01,0.3587814817373082,0.431583940154437,438,4.1624240039557966e-05,0.01716044545173645,426177,7.446933897336324,0.23194444444444445,0.28194444444444444,0.225,0.08333333333333333,0.17777777777777778
593,720,0.01,0.16209914580047247,0.1759768287053458,457,3.892924714187353e-05,0.016866255551576614,426897,7.460967401663463,0.2111111111111111,0.2513888888888889,0.22777777777777777,0.1,0.20972222222222223
594,720,0.01,1.46600891216831,3.3319115545869913,497,3.873600796345676e-05,0.01621193066239357,427617,7.472961902618408,0.2375,0.23055555555555557,0.16527777777777777,0.12916666666666668,0.2375
595,720,0.01,0.2616007404979848,0.29900779767297325,461,3.746282691155203e-05,0.016366111114621162,428337,7.483706251780192,0.2125,0.275,0.1986111111111111,0.10277777777777777,0.2111111111111111
596,720,0.01,0.4722519232162261,0.6036013172457091,417,4.014107831583007e-05,0.017120422795414925,429057,7.494998431205749,0.1597222222222222,0.29583333333333334,0.30277777777777776,0.07222222222222222,0.16944444444444445
597,720,0.01,0.4333574441684061,0.5424274538757992,480,4.219609180861678e-05,0.017951367422938347,429777,7.505950351556142,0.2361111111111111,0.24583333333333332,0.2375,0.07916666666666666,0.2013888888888889
598,720,0.01,0.14926640295931137,0.16098223711865423,484,4.1556248455284124e-05,0.017253991216421127,430497,7.517284166812897,0.18888888888888888,0.2125,0.25,0.12361111111111112,0.225
599,720,0.01,0.39942091215580905,0.4909610501812127,483,4.0988295947701974e-05,0.017640013247728348,431217,7.531496047973633,0.20555555555555555,0.25277777777777777,0.23194444444444445,0.11805555555555555,0.19166666666666668
600,720,0.01,0.527859095393081,0.6952989473399183,514,3.7843928578240596e-05,0.016632486134767532,431937,7.54263217051824,0.18888888888888888,0.2861111111111111,0.19722222222222222,0.11805555555555555,0.20972222222222223
601,720,0.01,0.32283905013017294,0.3810430543169927,478,3.73426963973442e-05,0.017238393425941467,432657,7.564836883544922,0.2013888888888889,0.3055555555555556,0.18333333333333332,0.11666666666666667,0.19305555555555556
602,720,0.01,0.8413791117790298,1.3195637095825914,503,3.663557785355604e-05,0.016818160191178322,433377,7.575811982154846,0.2013888888888889,0.3013888888888889,0.14166666666666666,0.12083333333333333,0.23472222222222222
603,720,0.01,0.7891815957493483,1.2015938949550713,495,3.9392095944397926e-05,0.017407206818461418,434097,7.587214465936025,0.19722222222222222,0.25555555555555554,0.18472222222222223,0.11388888888888889,0.24861111111111112
604,720,0.01,0.10821430412955242,0.11428651600267226,477,3.82473394994223e-05,0.017410801723599434,434817,7.598269434769948,0.22361111111111112,0.2972222222222222,0.20694444444444443,0.12222222222222222,0.15
605,720,0.01,0.8087647459472503,1.2451329635078832,489,4.167668260808771e-05,0.01697823405265808,435537,7.609587216377259,0.24166666666666667,0.24583333333333332,0.19444444444444445,0.0875,0.23055555555555557
606,720,0.01,0.371788380605104,0.4503260316988327,484,3.998337204191355e-05,0.016887463629245758,436257,7.624573731422425,0.2652777777777778,0.26805555555555555,0.17777777777777778,0.09722222222222222,0.19166666666666668
607,720,0.01,0.3309387102742302,0.39227445757344737,473,3.954457036520075e-05,0.017291974276304245,436977,7.636534217993418,0.23472222222222222,0.2708333333333333,0.20416666666666666,0.10694444444444444,0.18333333333333332
608,720,0.01,0.19460841291702147,0.21483517957162168,521,4.213509823153395e-05,0.017536969855427742,437697,7.646848766009013,0.22777777777777777,0.2388888888888889,0.21666666666666667,0.10416666666666667,0.2125
609,720,0.01,0.08919651693957117,0.09329548629978923,506,4.064845002428936e-05,0.017085392028093338,438417,7.658038651943206,0.24027777777777778,0.2708333333333333,0.17777777777777778,0.10833333333333334,0.20277777777777778
610,720,0.01,0.42217683272741235,0.5252782199447992,486,3.941594668630286e-05,0.016840798780322075,439137,7.669916435082754,0.2361111111111111,0.2972222222222222,0.17222222222222222,0.10555555555555556,0.18888888888888888
611,720,0.01,1.0107968543034738,1.7477897309293882,493,3.746221917708681e-05,0.01642513833940029,439857,7.690011485417684,0.19027777777777777,0.27361111111111114,0.18888888888888888,0.12638888888888888,0.22083333333333333
612,720,0.01,1.5902609202170033,3.905028582497695,504,3.798042647784112e-05,0.0160453412681818,440577,7.702650864919026,0.23472222222222222,0.24861111111111112,0.22916666666666666,0.10138888888888889,0.18611111111111112
613,720,0.01,0.7915675394703011,1.2068530456086544,504,3.948916395933743e-05,0.01645977795124054,441297,7.7166983167330425,0.2013888888888889,0.3,0.1986111111111111,0.10694444444444444,0.19305555555555556
614,720,0.01,0.4297673542522693,0.5368999287203295,502,3.763524236622591e-05,0.016191598027944565,442017,7.728801349798839,0.20694444444444443,0.30416666666666664,0.19444444444444445,0.11805555555555555,0.1763888888888889
615,720,0.01,1.3074441508444035,2.6967133859905954,503,3.756557323034334e-05,0.016934843733906746,442737,7.739937965075175,0.25833333333333336,0.25,0.175,0.11388888888888889,0.20277777777777778
616,720,0.01,0.6490581348388895,0.9137374972233689,480,3.7077213111539704e-05,0.016190338879823685,443457,7.7503869016965234,0.22361111111111112,0.2569444444444444,0.19444444444444445,0.11944444444444445,0.20555555555555555
617,720,0.01,0.21408932595498686,0.2387333008866701,489,3.767580813018867e-05,0.016509810462594032,444177,7.761558616161347,0.22083333333333333,0.3638888888888889,0.1527777777777778,0.10555555555555556,0.15694444444444444
618,720,0.01,0.42220622231634203,0.525323047903421,484,4.029471446832152e-05,0.016051379963755608,444897,7.772623383998871,0.22916666666666666,0.34305555555555556,0.17083333333333334,0.07777777777777778,0.17916666666666667
619,720,0.01,1.0096096363739815,1.744529441414374,515,3.8270964959489597e-05,0.015400147065520287,445617,7.784191270669301,0.17083333333333334,0.2916666666666667,0.1986111111111111,0.11666666666666667,0.2222222222222222
620,720,0.01,1.0592910534774675,1.8843254317734828,473,3.807133452179793e-05,0.015302170068025589,446337,7.7970754663149515,0.21944444444444444,0.275,0.1736111111111111,0.0875,0.24444444444444444
621,720,0.01,0.35152360759989326,0.42123129862948194,453,4.0719179459200756e-05,0.015563307330012321,447057,7.8201450188954675,0.1763888888888889,0.37222222222222223,0.14166666666666666,0.10138888888888889,0.20833333333333334
622,720,0.01,0.9722452399233688,1.6438739316229345,497,4.118248409289056e-05,0.01579771377146244,447777,7.83139476776123,0.19305555555555556,0.3111111111111111,0.18611111111111112,0.11944444444444445,0.19027777777777777
623,720,0.01,0.5141067932550712,0.6721442640301221,491,4.179438659674714e-05,0.017433838918805122,448497,7.843094368775685,0.20277777777777778,0.31666666666666665,0.175,0.1,0.20555555555555555
624,720,0.01,0.5075992675441904,0.6612980714542593,478,4.038252819529791e-05,0.01672077551484108,449217,7.854276283582052,0.18194444444444444,0.34444444444444444,0.18055555555555555,0.10555555555555556,0.1875
625,720,0.01,0.40219903547003344,0.495108882762781,455,4.090014074588706e-05,0.016888931393623352,449937,7.867003949483236,0.24583333333333332,0.29444444444444445,0.16944444444444445,0.08194444444444444,0.20833333333333334
626,720,0.01,0.9546031458175537,1.5976394942393521,490,4.078685349971541e-05,0.016653651371598244,450657,7.881181514263153,0.24583333333333332,0.26666666666666666,0.17777777777777778,0.09305555555555556,0.21666666666666667
627,720,0.01,0.22307247501200952,0.24991115777957673,472,4.000110732628552e-05,0.016141142696142197,451377,7.8943730672200525,0.19722222222222222,0.3638888888888889,0.16527777777777777,0.07777777777777778,0.19583333333333333
628,720,0.01,0.5019343525601524,0.6519135654274351,494,3.78672162279751e-05,0.01613961160182953,452097,7.904783233006795,0.18611111111111112,0.3138888888888889,0.20694444444444443,0.10972222222222222,0.18333333333333332
629,720,0.01,0.5399298679130677,0.7158865192624213,479,4.171102108203841e-05,0.0168890580534935,452817,7.915768400828044,0.2125,0.26805555555555555,0.21666666666666667,0.075,0.22777777777777777
630,720,0.01,0.36469917262263035,0.44008072727272696,467,4.189189705938487e-05,0.017359185963869095,453537,7.92638744910558,0.23472222222222222,0.33194444444444443,0.1763888888888889,0.09166666666666666,0.16527777777777777
631,720,0.01,0.9040482936943564,1.4695804889739805,491,3.907099871740785e-05,0.016778571531176567,454257,7.949038334687551,0.23472222222222222,0.31527777777777777,0.14166666666666666,0.11388888888888889,0.19444444444444445
632,720,0.01,0.3760994949001523,0.45659205004233394,435,3.622168623628063e-05,0.016993053257465363,454977,7.962142467498779,0.24444444444444444,0.3486111111111111,0.13333333333333333,0.11805555555555555,0.15555555555555556
633,720,0.01,0.6116771260508204,0.8435206240112385,469,3.902410851803021e-05,0.015855897217988968,455697,7.974958002567291,0.25416666666666665,0.3125,0.14305555555555555,0.1111111111111111,0.17916666666666667
634,720,0.01,0.44371013471121445,0.5584786712723155,448,3.950464270145757e-05,0.01713351532816887,456417,7.987752397855123,0.2111111111111111,0.3111111111111111,0.14027777777777778,0.09583333333333334,0.24166666666666667
635,720,0.01,1.0268558241970933,1.7922726222262328,521,3.981650610664171e-05,0.016021672636270523,457137,8.000056747595469,0.2513888888888889,0.2722222222222222,0.16111111111111112,0.12083333333333333,0.19444444444444445
636,720,0.01,0.2697559494121944,0.30964479214705953,480,4.454650233785489e-05,0.01675928756594658,457857,8.01387130022049,0.22083333333333333,0.2916666666666667,0.1527777777777778,0.11388888888888889,0.22083333333333333
637,720,0.01,0.7994181797267772,1.224246440277641,504,4.087178133431735e-05,0.01710490509867668,458577,8.026299448808034,0.2013888888888889,0.2652777777777778,0.2,0.10138888888888889,0.23194444444444445
638,720,0.01,0.9638537300334472,1.6217806649566633,497,3.781056891006705e-05,0.016669610515236855,459297,8.03881535132726,0.2,0.28888888888888886,0.19583333333333333,0.1125,0.20277777777777778
639,720,0.01,0.36343949605817766,0.43826783339934705,485,3.929195954318251e-05,0.016964610666036606,460017,8.048844865957896,0.2263888888888889,0.3236111111111111,0.15694444444444444,0.09444444444444444,0.1986111111111111
640,720,0.01,0.3142184892927379,0.36918885697386306,476,4.3586445219211276e-05,0.01761956512928009,460737,8.061797714233398,0.28888888888888886,0.28888888888888886,0.11944444444444445,0.09444444444444444,0.20833333333333334
641,720,0.01,0.4523537347079803,0.572007924001888,509,3.8978671799820104e-05,0.017472809180617332,461457,8.084033584594726,0.23194444444444445,0.2986111111111111,0.16805555555555557,0.09027777777777778,0.2111111111111111
642,720,0.01,0.900122804314415,1.4599051795780187,477,3.870603459669534e-05,0.01683363877236843,462177,8.096798050403596,0.20833333333333334,0.3055555555555556,0.1625,0.1,0.22361111111111112
643,720,0.01,0.36239615673913245,0.4367680145634756,415,4.234651105687387e-05,0.017640992999076843,462897,8.107215801874796,0.26805555555555555,0.3458333333333333,0.14305555555555555,0.07361111111111111,0.16944444444444445
644,720,0.01,0.3573685447624901,0.4295626306006195,450,4.0058787663434085e-05,0.017676835879683495,463617,8.119909818967184,0.30277777777777776,0.2722222222222222,0.14444444444444443,0.09166666666666666,0.18888888888888888
645,720,0.01,0.48558779691093285,0.6251299745326877,466,4.2028571680121886e-05,0.01692993752658367,464337,8.131973687807719,0.2513888888888889,0.29444444444444445,0.12361111111111112,0.0875,0.24305555555555555
646,720,0.01,0.3840687880033208,0.46824643594906656,491,3.6677551479947904e-05,0.016873391345143318,465057,8.143457770347595,0.2111111111111111,0.34305555555555556,0.12777777777777777,0.125,0.19305555555555556
647,720,0.01,0.8806541969402633,1.4124774256417028,475,3.7851039979209925e-05,0.016549885272979736,465777,8.155486118793487,0.22777777777777777,0.2625,0.19027777777777777,0.09583333333333334,0.22361111111111112
648,720,0.01,0.25349382520370606,0.2885194231157697,462,3.8588734784955e-05,0.01656695082783699,466497,8.169958265622457,0.2152777777777778,0.33611111111111114,0.2013888888888889,0.07777777777777778,0.16944444444444445
649,720,0.01,1.5342383553802454,3.6377918352161442,478,3.8348627601357696e-05,0.01705338805913925,467217,8.18123618364334,0.22777777777777777,0.30416666666666664,0.17083333333333334,0.09305555555555556,0.20416666666666666
650,720,0.01,0.33765933066659326,0.4016629184885676,470,4.053666414670766e-05,0.017051761969923973,467937,8.19243140220642,0.24861111111111112,0.29583333333333334,0.18333333333333332,0.09305555555555556,0.17916666666666667
651,720,0.01,-0.06316416973362818,-0.06121065975846518,404,4.0841565502584366e-05,0.017074476927518845,468657,8.217685715357463,0.31666666666666665,0.29444444444444445,0.12083333333333333,0.08194444444444444,0.18611111111111112
652,720,0.01,0.30455006049020156,0.35601474111815135,455,4.067320815137363e-05,0.01757901720702648,469377,8.229520503679911,0.28888888888888886,0.29444444444444445,0.1638888888888889,0.10972222222222222,0.14305555555555555
653,720,0.01,0.9022571742179347,1.4651611342392412,486,4.114620571221571e-05,0.01784846931695938,470097,8.240162452061972,0.25277777777777777,0.32222222222222224,0.15416666666666667,0.08611111111111111,0.18472222222222223
654,720,0.01,-0.0952031479102462,-0.0908117839798227,450,3.8292743057708224e-05,0.017501574009656906,470817,8.251854467391968,0.23194444444444445,0.34305555555555556,0.16805555555555557,0.10555555555555556,0.15138888888888888
655,720,0.01,1.8198814429136592,5.171126775701848,493,3.944483876997159e-05,0.01686791516840458,471537,8.262833400567372,0.1986111111111111,0.2902777777777778,0.18472222222222223,0.09444444444444444,0.23194444444444445
656,720,0.01,0.025276743275984323,0.025598908856243607,460,3.902263187506428e-05,0.01767646335065365,472257,8.27559057076772,0.28888888888888886,0.22777777777777777,0.1986111111111111,0.09722222222222222,0.1875
657,720,0.01,0.9248904420926495,1.521591984883285,502,3.908972842939167e-05,0.016840487718582153,472977,8.288969532648723,0.2111111111111111,0.3,0.16666666666666666,0.09444444444444444,0.22777777777777777
658,720,0.01,0.3012333220337169,0.35152464523178195,458,3.901512953411333e-05,0.01708110235631466,473697,8.299932436148326,0.18194444444444444,0.34305555555555556,0.1597222222222222,0.11944444444444445,0.19583333333333333
659,720,0.01,0.5772079895425294,0.7810587476724438,474,4.051987730235851e-05,0.0173981711268425,474417,8.312245031197866,0.21666666666666667,0.2611111111111111,0.19305555555555556,0.13194444444444445,0.19722222222222222
660,720,0.01,0.5527184457996185,0.7379711823851689,468,3.9444794559686773e-05,0.016884643584489822,475137,8.323617919286091,0.19027777777777777,0.30972222222222223,0.23194444444444445,0.10555555555555556,0.1625
661,720,0.01,1.6469776439330057,4.191266238100591,505,3.816745658456158e-05,0.01673528179526329,475857,8.347077699502309,0.24583333333333332,0.25277777777777777,0.16666666666666666,0.12083333333333333,0.21388888888888888
662,720,0.01,0.5619917886093206,0.7541629448006968,456,4.144446881658344e-05,0.01705724187195301,476577,8.358812280495961,0.21805555555555556,0.30694444444444446,0.19444444444444445,0.07916666666666666,0.2013888888888889
663,720,0.01,1.479331840456284,3.390011472705808,480,4.5192837980165574e-05,0.01843687705695629,477297,8.371128249168397,0.19444444444444445,0.2375,0.2263888888888889,0.10416666666666667,0.2375
664,720,0.01,0.2586535878895191,0.29518505931723427,499,4.427768890814655e-05,0.01698736846446991,478017,8.383582651615143,0.2152777777777778,0.2875,0.18611111111111112,0.13472222222222222,0.1763888888888889
665,720,0.01,0.7185581843739682,1.0514732311232815,465,4.376153950715889e-05,0.017024952918291092,478737,8.394747817516327,0.2611111111111111,0.225,0.2013888888888889,0.09583333333333334,0.21666666666666667
666,720,0.01,1.051950125838297,1.8632293346897018,493,4.312868754823285e-05,0.01769503951072693,479457,8.407450664043427,0.23472222222222222,0.25277777777777777,0.1597222222222222,0.1,0.25277777777777777
667,720,0.01,0.7988421043492228,1.2229654756712995,456,4.240969896677092e-05,0.017830535769462585,480177,8.418783819675445,0.26805555555555555,0.29583333333333334,0.12222222222222222,0.10555555555555556,0.20833333333333334
668,720,0.01,0.969537680478498,1.63672516800677,490,4.700349378355087e-05,0.01808954030275345,480897,8.428584917386372,0.20555555555555555,0.26805555555555555,0.16666666666666666,0.11388888888888889,0.24583333333333332
669,720,0.01,0.7552348502337959,1.1281112520973937,486,4.5551016468279056e-05,0.017565499991178513,481617,8.441392199198406,0.15694444444444444,0.3013888888888889,0.20972222222222223,0.11944444444444445,0.2125
670,720,0.01,0.6114028058813363,0.8430149784787664,495,4.522867383987735e-05,0.017930127680301666,482337,8.454731186230978,0.24444444444444444,0.2777777777777778,0.1597222222222222,0.09444444444444444,0.22361111111111112
671,720,0.01,0.5808767960633684,0.7876051089434501,480,4.6635105026224564e-05,0.01775004342198372,483057,8.475989182790121,0.24444444444444444,0.3125,0.15416666666666667,0.07222222222222222,0.21666666666666667
672,720,0.01,0.6598142819694304,0.9344330419446991,491,4.141238343006787e-05,0.018044615164399147,483777,8.48632571697235,0.21944444444444444,0.3194444444444444,0.18611111111111112,0.1,0.175
673,720,0.01,1.280568289636606,2.5986842395349505,479,4.2108527125290294e-05,0.017802100628614426,484497,8.499211502075195,0.24722222222222223,0.25416666666666665,0.1597222222222222,0.09583333333333334,0.24305555555555555
674,720,0.01,0.31733870519730617,0.373467693797636,456,4.0812436400806796e-05,0.017747772857546806,485217,8.509884814421335,0.275,0.28194444444444444,0.14444444444444443,0.11805555555555555,0.18055555555555555
675,720,0.01,0.25820128440303824,0.294599375062766,493,4.194164915058233e-05,0.01820232719182968,485937,8.521464200814565,0.24305555555555555,0.275,0.15694444444444444,0.1486111111111111,0.1763888888888889
676,720,0.01,1.1281783853836567,2.0900225400068715,473,4.497610272235559e-05,0.017877522855997086,486657,8.534828583399454,0.20972222222222223,0.2875,0.21388888888888888,0.06527777777777778,0.22361111111111112
677,720,0.01,0.40716477900378106,0.502551674232353,485,4.413529992082962e-05,0.016848813742399216,487377,8.548463467756907,0.2111111111111111,0.2361111111111111,0.21944444444444444,0.1388888888888889,0.19444444444444445
678,720,0.01,0.306810868008382,0.35908389751830194,457,4.314034977394638e-05,0.01759980618953705,488097,8.559316682815552,0.2388888888888889,0.33611111111111114,0.14027777777777778,0.11388888888888889,0.17083333333333334
679,720,0.01,0.6926447208359904,0.9989953329755861,516,4.157406879635851e-05,0.017658645287156105,488817,8.56983025074005,0.21666666666666667,0.2375,0.2013888888888889,0.12638888888888888,0.21805555555555556
680,720,0.01,0.5796618776925345,0.7854346333990752,485,4.7220574871668455e-05,0.01850971020758152,489537,8.581386419137319,0.24166666666666667,0.28888888888888886,0.14722222222222223,0.08472222222222223,0.2375
681,720,0.01,0.20427946174233075,0.22664090476549958,470,4.484136037616635e-05,0.018489472568035126,490257,8.602306616306304,0.2569444444444444,0.30833333333333335,0.15555555555555556,0.11527777777777778,0.1638888888888889
682,720,0.01,0.32035683995094194,0.37761926622836195,487,4.5095059970713516e-05,0.01796465925872326,490977,8.612349184354146,0.19722222222222222,0.2861111111111111,0.2125,0.10694444444444444,0.19722222222222222
683,720,0.01,0.44907903589572506,0.5668684911604014,457,4.4647888253419095e-05,0.019036510959267616,491697,8.625372465451559,0.23194444444444445,0.2916666666666667,0.175,0.09861111111111111,0.20277777777777778
684,720,0.01,1.3819236477194765,2.9825552970674822,476,4.297091075689726e-05,0.018084675073623657,492417,8.637021215756734,0.20416666666666666,0.2791666666666667,0.20972222222222223,0.08611111111111111,0.22083333333333333
685,720,0.01,0.6809464174622901,0.9757467288706771,491,4.330912539798091e-05,0.018073545768857002,493137,8.651283931732177,0.19027777777777777,0.2902777777777778,0.1736111111111111,0.12222222222222222,0.22361111111111112
686,720,0.01,0.4377372295152247,0.5491977704809028,448,4.050908515990967e-05,0.018727920949459076,493857,8.662789197762807,0.2125,0.3638888888888889,0.1875,0.06111111111111111,0.175
687,720,0.01,0.9550779678174283,1.5988732034919222,484,3.915179518748523e-05,0.01783514954149723,494577,8.673865596453348,0.2361111111111111,0.2708333333333333,0.22777777777777777,0.10138888888888889,0.1638888888888889
688,720,0.01,1.2291751232832147,2.4184086073216795,479,4.2213674590938256e-05,0.017835360020399094,495297,8.686040616035461,0.2222222222222222,0.29305555555555557,0.14583333333333334,0.11944444444444445,0.21944444444444444
689,720,0.01,0.9174394449051188,1.5028734326361937,493,4.5109281787366246e-05,0.01852325350046158,496017,8.69638731877009,0.22083333333333333,0.2777777777777778,0.15138888888888888,0.12638888888888888,0.22361111111111112
690,720,0.01,0.6584587017643954,0.93181253935708,519,4.3362546221538245e-05,0.017722196877002716,496737,8.709740034739177,0.20833333333333334,0.2972222222222222,0.17083333333333334,0.09583333333333334,0.22777777777777777
691,720,0.01,0.2467428259848621,0.2798499263066585,454,4.751742452779379e-05,0.017670728266239166,497457,8.731411135196685,0.21388888888888888,0.2833333333333333,0.2125,0.10972222222222222,0.18055555555555555
692,720,0.01,1.3488435221578978,2.8529670820885817,502,4.544718014156186e-05,0.01846739649772644,498177,8.744770348072052,0.20972222222222223,0.2569444444444444,0.20694444444444443,0.12361111111111112,0.20277777777777778
693,720,0.01,1.5293244116638578,3.6150578895803083,516,4.603428906067266e-05,0.018205218017101288,498897,8.755336383978525,0.2152777777777778,0.25555555555555554,0.16944444444444445,0.11944444444444445,0.24027777777777778
694,720,0.01,0.28411562774276183,0.32858654333475723,500,4.328402583774328e-05,0.018572278320789337,499617,8.766613634427388,0.25972222222222224,0.29305555555555557,0.1597222222222222,0.1125,0.175
695,720,0.01,0.5374100166857838,0.711568183577707,479,4.283929930832326e-05,0.018164200708270073,500337,8.77818631331126,0.22916666666666666,0.2986111111111111,0.17916666666666667,0.09166666666666666,0.2013888888888889
696,720,0.01,1.7196439206714857,4.58254028312654,500,4.3133364321571814e-05,0.018302317708730698,501057,8.790213469664256,0.23472222222222222,0.225,0.18055555555555555,0.11388888888888889,0.24583333333333332
697,720,0.01,1.425700651492771,3.1607720728708824,468,5.060618575372347e-05,0.01867784932255745,501777,8.801583385467529,0.19722222222222222,0.28055555555555556,0.2,0.10416666666666667,0.21805555555555556
698,720,0.01,0.8162577366478689,1.26201890803284,475,4.5329121050801604e-05,0.018309807404875755,502497,8.812302784125011,0.18055555555555555,0.275,0.2013888888888889,0.1111111111111111,0.23194444444444445
699,720,0.01,0.3298614427255195,0.3907754130623817,503,4.5613416591550046e-05,0.018880559131503105,503217,8.823449035485586,0.23055555555555557,0.30833333333333335,0.19583333333333333,0.10555555555555556,0.1597222222222222
700,720,0.01,1.1815100794105464,2.259292278775665,497,5.055158823981603e-05,0.019565753638744354,503937,8.835574849446614,0.21944444444444444,0.2777777777777778,0.20277777777777778,0.08333333333333333,0.21666666666666667
701,720,0.01,1.1789630432938458,2.2510013068114803,474,5.0870664349784216e-05,0.01948215439915657,504657,8.857120231787365,0.18888888888888888,0.32916666666666666,0.18333333333333332,0.07361111111111111,0.225
702,720,0.01,1.6233984437362834,4.0702921729135895,531,4.5002153155514354e-05,0.019330870360136032,505377,8.86934308608373,0.22777777777777777,0.2708333333333333,0.17083333333333334,0.12222222222222222,0.20833333333333334
703,720,0.01,0.08274058185577382,0.0862599764464016,449,4.495735460194636e-05,0.019589148461818695,506097,8.881843066215515,0.1527777777777778,0.41388888888888886,0.19722222222222222,0.0875,0.1486111111111111
704,720,0.01,0.7141731953903965,1.0424972378032469,509,4.793893830184162e-05,0.018825167790055275,506817,8.895163031419118,0.19583333333333333,0.3194444444444444,0.19166666666666668,0.09027777777777778,0.20277777777777778
705,720,0.01,0.32666060380416995,0.3863308818982165,486,4.966418135710329e-05,0.019337592646479607,507537,8.906960268815359,0.20277777777777778,0.30694444444444446,0.2,0.10138888888888889,0.18888888888888888
706,720,0.01,0.9178407441235114,1.503878035348107,481,4.8497337411390616e-05,0.01943017914891243,508257,8.919386418660482,0.18055555555555555,0.28194444444444444,0.19722222222222222,0.12916666666666668,0.2111111111111111
707,720,0.01,0.20185486764442434,0.22367040105565272,488,4.795950845846164e-05,0.019494906067848206,508977,8.930133032798768,0.1875,0.35694444444444445,0.1638888888888889,0.10833333333333334,0.18333333333333332
708,720,0.01,0.3742761960270901,0.4539386670891312,481,4.707338452539665e-05,0.01944570615887642,509697,8.94155348141988,0.16527777777777777,0.32222222222222224,0.18611111111111112,0.10833333333333334,0.21805555555555556
709,720,0.01,0.40661695549549626,0.5017287665274655,493,4.5702924498729975e-05,0.019351953640580177,510417,8.955076281229655,0.19583333333333333,0.3236111111111111,0.19722222222222222,0.10277777777777777,0.18055555555555555
710,720,0.01,0.20534025789562718,0.22794281112529347,481,4.4032540477524485e-05,0.0202023983001709,511137,8.965610301494598,0.18888888888888888,0.2638888888888889,0.23055555555555557,0.12916666666666668,0.1875
711,720,0.01,1.6332255318118682,4.120364007872529,511,4.550989194993033e-05,0.02036873996257782,511857,8.988382816314697,0.19583333333333333,0.25416666666666665,0.20833333333333334,0.13055555555555556,0.2111111111111111
712,720,0.01,0.53433888523274,0.706319796064246,496,4.834845657215838e-05,0.020110435783863068,512577,8.999459020296733,0.1986111111111111,0.28194444444444444,0.18472222222222223,0.12222222222222222,0.2125
713,720,0.01,0.6070138283117268,0.8349437522496248,490,4.916089871913856e-05,0.020279565826058388,513297,9.01464230219523,0.16944444444444445,0.24861111111111112,0.2263888888888889,0.1375,0.21805555555555556
714,720,0.01,1.2474822992179886,2.481566371313351,501,5.112564321431516e-05,0.020040202885866165,514017,9.025231317679088,0.21666666666666667,0.2513888888888889,0.1736111111111111,0.12638888888888888,0.23194444444444445
715,720,0.01,0.2653967388189012,0.3039482000389042,482,5.320911802376334e-05,0.020848413929343224,514737,9.039904133478801,0.18055555555555555,0.28194444444444444,0.2013888888888889,0.11805555555555555,0.21805555555555556
716,720,0.01,0.29079233951406147,0.33748681194859453,498,4.885222023302858e-05,0.020225035026669502,515457,9.053444917996725,0.2388888888888889,0.30416666666666664,0.16805555555555557,0.12638888888888888,0.1625
717,720,0.01,1.0749920531160853,1.9299696163127766,462,5.068360030438473e-05,0.019998982548713684,516177,9.065362497170765,0.14166666666666666,0.3013888888888889,0.25416666666666665,0.13333333333333333,0.16944444444444445
718,720,0.01,0.4600505150388737,0.5841540065745405,486,4.875439626883033e-05,0.01950051076710224,516897,9.07736033598582,0.19027777777777777,0.3347222222222222,0.17777777777777778,0.10555555555555556,0.19166666666666668
719,720,0.01,0.7990158500357276,1.2233517398888405,499,4.753116850098296e-05,0.019932206720113754,517617,9.089896500110626,0.21944444444444444,0.2972222222222222,0.16666666666666666,0.10972222222222222,0.20694444444444443
720,720,0.01,0.5786785898463059,0.7836799000691796,497,4.839757366426056e-05,0.020073456689715385,518337,9.10301058292389,0.17222222222222222,0.3416666666666667,0.19444444444444445,0.10694444444444444,0.18472222222222223
721,720,0.01,0.795367549620148,1.2152550633470511,467,5.0699735305038805e-05,0.019954577088356018,519057,9.126920183499655,0.19027777777777777,0.2972222222222222,0.2388888888888889,0.09305555555555556,0.18055555555555555
722,720,0.01,0.6920157941129129,0.9977385066586311,460,4.85042688688332e-05,0.01989659294486046,519777,9.138110737005869,0.23472222222222222,0.2763888888888889,0.14444444444444443,0.12361111111111112,0.22083333333333333
723,720,0.01,0.45028382054781896,0.5687573678867719,422,4.801616284137506e-05,0.020216170698404312,520497,9.150129401683808,0.24027777777777778,0.26944444444444443,0.24861111111111112,0.059722222222222225,0.18194444444444444
724,720,0.01,0.27748662381349376,0.3198084650215056,474,4.5421863382620766e-05,0.01911497488617897,521217,9.160067482789357,0.175,0.3527777777777778,0.2111111111111111,0.07222222222222222,0.18888888888888888
725,720,0.01,0.6216523383035999,0.8620021588947797,487,4.563222852438129e-05,0.019527405500411987,521937,9.185281868775686,0.19444444444444445,0.29583333333333334,0.2111111111111111,0.11666666666666667,0.18194444444444444
726,720,0.01,0.5575449028060971,0.746379700929259,495,4.520485085019269e-05,0.019981250166893005,522657,9.201750385761262,0.2152777777777778,0.30972222222222223,0.18055555555555555,0.11666666666666667,0.17777777777777778
727,720,0.01,0.6347283930295499,0.8865096826885619,507,4.699289797321803e-05,0.01965993456542492,523377,9.216274917125702,0.225,0.25416666666666665,0.2,0.11805555555555555,0.20277777777777778
728,720,0.01,0.09758578898637613,0.1025060203803192,494,4.462836162322977e-05,0.01938544027507305,524097,9.227637283007304,0.2361111111111111,0.26666666666666666,0.16805555555555557,0.13194444444444445,0.19722222222222222
729,720,0.01,0.7452842682536355,1.1070403145260252,491,4.62414035559454e-05,0.018928103148937225,524817,9.240045547485352,0.2013888888888889,0.2902777777777778,0.18611111111111112,0.11527777777777778,0.20694444444444443
730,720,0.01,0.30189786644133215,0.3524230918723066,495,4.8482256258668915e-05,0.018994813784956932,525537,9.251429653167724,0.19583333333333333,0.32222222222222224,0.2152777777777778,0.08333333333333333,0.18333333333333332
731,720,0.01,0.8717679020892287,1.3911344105265933,484,4.479830633196495e-05,0.018786771222949028,526257,9.274407001336415,0.19722222222222222,0.28055555555555556,0.19722222222222222,0.11666666666666667,0.20833333333333334
732,720,0.01,0.271600218903951,0.3120623587191471,502,4.859875435209283e-05,0.018900517374277115,526977,9.28967801729838,0.21666666666666667,0.3388888888888889,0.1986111111111111,0.09722222222222222,0.1486111111111111
733,720,0.01,1.1754639776420308,2.239645718365536,459,4.764315771757942e-05,0.018280059099197388,527697,9.309833184878032,0.20833333333333334,0.2861111111111111,0.17777777777777778,0.09444444444444444,0.23333333333333334
734,720,0.01,0.6401687328886312,0.8968009050006207,470,4.758560549791784e-05,0.018487444147467613,528417,9.322312700748444,0.19166666666666668,0.2972222222222222,0.23055555555555557,0.09166666666666666,0.18888888888888888
735,720,0.01,0.5724786998119421,0.7726554912071459,474,4.389589936914086e-05,0.018193792551755905,529137,9.336563833554585,0.18194444444444444,0.3013888888888889,0.22777777777777777,0.1111111111111111,0.17777777777777778
736,720,0.01,0.1393544320553163,0.1495314586063905,467,4.779110105093625e-05,0.01961277425289154,529857,9.347914934158325,0.2152777777777778,0.2902777777777778,0.19166666666666668,0.11388888888888889,0.18888888888888888
737,720,0.01,0.7469679820098216,1.1105909555812152,471,5.0539944229260276e-05,0.019274689257144928,530577,9.361124086380006,0.20416666666666666,0.25277777777777777,0.1875,0.1111111111111111,0.24444444444444444
738,720,0.01,0.3092776671473883,0.3624406229881192,483,4.631290022416579e-05,0.01945747807621956,531297,9.375144799550375,0.18194444444444444,0.33055555555555555,0.1763888888888889,0.09583333333333334,0.2152777777777778
739,720,0.01,0.4742940616100905,0.606879439114135,466,4.453231863408291e-05,0.019118797034025192,532017,9.38674791653951,0.19027777777777777,0.35,0.2263888888888889,0.10555555555555556,0.12777777777777777
740,720,0.01,0.3048163238007923,0.3563758461647135,482,4.6248710545013535e-05,0.018933145329356194,532737,9.399494934082032,0.18611111111111112,0.2763888888888889,0.2708333333333333,0.06944444444444445,0.19722222222222222
741,720,0.01,0.3331015305712875,0.39528895576320044,430,4.6750740058440797e-05,0.01924574375152588,533457,9.422288397947947,0.20972222222222223,0.36666666666666664,0.19305555555555556,0.08333333333333333,0.14722222222222223
742,720,0.01,0.3190819294506035,0.3758640440737011,509,4.571014309122903e-05,0.01818237453699112,534177,9.433738485972087,0.19444444444444445,0.2875,0.24027777777777778,0.11944444444444445,0.15833333333333333
743,720,0.01,1.7378438437575152,4.685072294074931,496,4.587590242282305e-05,0.018633337691426277,534897,9.45633688767751,0.19583333333333333,0.28194444444444444,0.19444444444444445,0.1125,0.2152777777777778
744,720,0.01,1.159481417717412,2.188279462092941,508,4.3025396090949165e-05,0.018628381192684174,535617,9.473024968306223,0.2125,0.30694444444444446,0.17777777777777778,0.08055555555555556,0.2222222222222222
745,720,0.01,1.6245332703835453,4.076049341657215,483,4.765731435377852e-05,0.018591279163956642,536337,9.484608133633932,0.20972222222222223,0.3375,0.16666666666666666,0.09444444444444444,0.19166666666666668
746,720,0.01,0.7223741831113331,1.0593166060195016,492,4.610935736385121e-05,0.019863015040755272,537057,9.496047468980153,0.19305555555555556,0.31527777777777777,0.2125,0.09583333333333334,0.18333333333333332
747,720,0.01,0.34376862716400236,0.4102523036820005,468,4.7235643460731405e-05,0.018534507602453232,537777,9.506763851642608,0.1361111111111111,0.32916666666666666,0.25833333333333336,0.10277777777777777,0.1736111111111111
748,720,0.01,0.3930086269152867,0.48143116945534437,472,4.3865926531654826e-05,0.018845733255147934,538497,9.519796550273895,0.20833333333333334,0.32083333333333336,0.18888888888888888,0.10555555555555556,0.1763888888888889
749,720,0.01,0.4872111897922915,0.6277703415612761,482,4.4594667406272494e-05,0.018319953233003616,539217,9.536795485019685,0.20277777777777778,0.30972222222222223,0.2,0.10555555555555556,0.18194444444444444
750,720,0.01,1.7180004711754657,4.573373194998195,470,4.708025604713839e-05,0.018408112227916718,539937,9.552203186353047,0.20833333333333334,0.30277777777777776,0.17916666666666667,0.09444444444444444,0.2152777777777778
751,720,0.01,0.520492312461794,0.6828559367432017,477,4.5435000232727264e-05,0.018364612013101578,540657,9.574629684289297,0.19027777777777777,0.30972222222222223,0.19305555555555556,0.09166666666666666,0.2152777777777778
752,720,0.01,0.640588289120664,0.8975968866090847,481,4.3232893761392514e-05,0.019007110968232155,541377,9.58645023504893,0.17916666666666667,0.3138888888888889,0.2125,0.09444444444444444,0.2
753,720,0.01,0.7505505035649389,1.118165753510516,501,4.1562887933347765e-05,0.018054798245429993,542097,9.599595665931702,0.20833333333333334,0.24444444444444444,0.24583333333333332,0.12638888888888888,0.175
754,720,0.01,1.2658897228377182,2.5462465094164686,439,4.4915098271758325e-05,0.018337057903409004,542817,9.612337601184844,0.17222222222222222,0.3111111111111111,0.19583333333333333,0.12777777777777777,0.19305555555555556
755,720,0.01,0.05082946035921786,0.05214344581688568,453,4.6455107398439095e-05,0.01916789449751377,543537,9.627178700764974,0.1986111111111111,0.3527777777777778,0.22777777777777777,0.08888888888888889,0.13194444444444445
756,720,0.01,1.031429553413792,1.805072971450914,469,4.398369765744469e-05,0.018187619745731354,544257,9.638857734203338,0.19166666666666668,0.29444444444444445,0.22916666666666666,0.10138888888888889,0.18333333333333332
757,720,0.01,0.5481516530893198,0.7300523239140122,477,4.413764191895098e-05,0.018024662509560585,544977,9.654008503754934,0.22361111111111112,0.34444444444444444,0.16944444444444445,0.10277777777777777,0.1597222222222222
758,720,0.01,0.7492981564856949,1.115514735159771,497,4.3647394843699454e-05,0.01788219064474106,545697,9.667532980442047,0.1763888888888889,0.3013888888888889,0.23055555555555557,0.11527777777777778,0.1763888888888889
759,720,0.01,0.7395586186737622,1.0950106118296707,473,4.576430795724365e-05,0.01841779425740242,546417,9.680366400877634,0.18333333333333332,0.3194444444444444,0.2222222222222222,0.09722222222222222,0.17777777777777778
760,720,0.01,0.45746380777787693,0.5800615591668121,480,4.7294233076576754e-05,0.018267421051859856,547137,9.693921534220378,0.19166666666666668,0.3055555555555556,0.2375,0.08194444444444444,0.18333333333333332
761,720,0.01,0.6973331596314135,1.0083895050388234,478,4.512068250429972e-05,0.018941497430205345,547857,9.718123535315195,0.1875,0.29583333333333334,0.20416666666666666,0.13055555555555556,0.18194444444444444
762,720,0.01,0.520646624654444,0.6831156419700426,492,4.3153773394048285e-05,0.018219556659460068,548577,9.728377183278402,0.18611111111111112,0.3263888888888889,0.23472222222222222,0.09583333333333334,0.15694444444444444
763,720,0.01,0.39137250557618014,0.47900935004203515,484,4.5781424442894704e-05,0.019011590629816055,549297,9.739734665552776,0.1875,0.3388888888888889,0.23472222222222222,0.08333333333333333,0.15555555555555556
764,720,0.01,0.29365483314885615,0.34132084426300247,475,4.4536545943982576e-05,0.018943440169095993,550017,9.750628733634949,0.1597222222222222,0.3375,0.2263888888888889,0.10833333333333334,0.16805555555555557
765,720,0.01,0.25777621002865597,0.29404919098619775,461,4.290383458535669e-05,0.01927119679749012,550737,9.76115045150121,0.16111111111111112,0.35138888888888886,0.2222222222222222,0.10277777777777777,0.1625
766,720,0.01,1.0801470988008466,1.9451127417565037,528,4.333801068570311e-05,0.018296223133802414,551457,9.77205415169398,0.18055555555555555,0.26944444444444443,0.19166666666666668,0.13333333333333333,0.225
767,720,0.01,0.0024652277163634325,0.0024682688887576187,450,4.248971725928641e-05,0.01769237220287323,552177,9.783929419517516,0.27361111111111114,0.34444444444444444,0.13055555555555556,0.0763888888888889,0.175
768,720,0.01,0.5963948489244928,0.81556161376383,475,3.8055711264759235e-05,0.01690199412405491,552897,9.796026269594828,0.19166666666666668,0.325,0.2152777777777778,0.10555555555555556,0.1625
769,720,0.01,0.4848182676975697,0.6238798705992108,489,3.9384835093238106e-05,0.016890374943614006,553617,9.807046433289846,0.19444444444444445,0.30833333333333335,0.24583333333333332,0.08055555555555556,0.17083333333333334
770,720,0.01,0.6039882915708005,0.8294004524667897,476,3.9034275646877684e-05,0.017553649842739105,554337,9.819205152988435,0.20555555555555555,0.2652777777777778,0.24166666666666667,0.11527777777777778,0.17222222222222222
771,720,0.01,0.8743013323485811,1.3971998627523625,490,4.11225751665572e-05,0.01779000088572502,555057,9.841023250420887,0.18888888888888888,0.3,0.19583333333333333,0.11388888888888889,0.2013888888888889
772,720,0.01,0.3174038255216872,0.37355713737164775,496,4.172040211314096e-05,0.016967803239822388,555777,9.853795850276947,0.1763888888888889,0.3125,0.2013888888888889,0.1111111111111111,0.1986111111111111
773,720,0.01,0.13111342320736288,0.1400970874470573,414,4.196782327123098e-05,0.016902916133403778,556497,9.865518414974213,0.21944444444444444,0.32222222222222224,0.20555555555555555,0.075,0.17777777777777778
774,720,0.01,0.3681506070217978,0.44505965871745556,483,3.987486556853683e-05,0.016796857118606567,557217,9.877163100242615,0.19444444444444445,0.3527777777777778,0.18611111111111112,0.09305555555555556,0.1736111111111111
775,720,0.01,0.3239026014022622,0.3825126457686203,430,4.067823653157474e-05,0.016395684331655502,557937,9.888092466195424,0.20555555555555555,0.32083333333333336,0.19305555555555556,0.09305555555555556,0.1875
776,720,0.01,0.5989658913575471,0.8202355055250228,465,3.5858714833617945e-05,0.01657756417989731,558657,9.899438834190368,0.1625,0.3527777777777778,0.2263888888888889,0.08888888888888889,0.16944444444444445
777,720,0.01,0.6973837891614917,1.008491191429827,476,3.910320010491988e-05,0.01699937880039215,559377,9.911201349894206,0.1875,0.3236111111111111,0.21944444444444444,0.07916666666666666,0.19027777777777777
778,720,0.01,0.6813220908469773,0.9764891037681143,481,4.029758363988852e-05,0.01741960272192955,560097,9.9225190838178,0.175,0.33611111111111114,0.2361111111111111,0.09305555555555556,0.1597222222222222
779,720,0.01,0.8834854271836818,1.419317382868614,503,4.0482512162674944e-05,0.017619803547859192,560817,9.934146881103516,0.1625,0.28888888888888886,0.2222222222222222,0.1125,0.21388888888888888
780,720,0.01,0.909724585259058,1.483638408551227,506,4.0173922852520466e-05,0.017550425603985786,561537,9.946918284893036,0.22083333333333333,0.30416666666666664,0.18333333333333332,0.10972222222222222,0.18194444444444444
781,720,0.01,0.21128509307728321,0.23526447021528485,422,3.7830175678108286e-05,0.016713237389922142,562257,9.969465418656666,0.27361111111111114,0.34305555555555556,0.19583333333333333,0.044444444444444446,0.14305555555555555
782,720,0.01,0.8334593345020685,1.3012658348105663,429,4.083681561850325e-05,0.016894491389393806,562977,9.983545966943105,0.18194444444444444,0.35833333333333334,0.18888888888888888,0.09027777777777778,0.18055555555555555
783,720,0.01,1.0620267614846812,1.8922269070892925,492,4.0651785558212495e-05,0.017058847472071648,563697,9.995594433943431,0.16666666666666666,0.3375,0.18194444444444444,0.10694444444444444,0.20694444444444443
784,720,0.01,0.7982712528384919,1.2216968546027833,467,3.78661156471733e-05,0.017193099483847618,564417,10.010947553316752,0.175,0.3638888888888889,0.18472222222222223,0.08888888888888889,0.1875
785,720,0.01,0.5742796754064547,0.775850877026534,437,4.240921643814646e-05,0.018434051424264908,565137,10.021425418059032,0.1986111111111111,0.39166666666666666,0.1638888888888889,0.08333333333333333,0.1625
786,720,0.01,1.2793949898274284,2.5944643800676666,498,4.3514743168139424e-05,0.018207628279924393,565857,10.033983584245046,0.20277777777777778,0.31527777777777777,0.17916666666666667,0.1125,0.19027777777777777
787,720,0.01,0.6694986676340032,0.9532578437585117,490,4.340267576152554e-05,0.01816689595580101,566577,10.045687480767567,0.16111111111111112,0.28888888888888886,0.22083333333333333,0.10555555555555556,0.22361111111111112
788,720,0.01,0.7654168051933657,1.1498902733657386,478,4.1198738568305595e-05,0.017663128674030304,567297,10.056216100851694,0.16666666666666666,0.4083333333333333,0.15416666666666667,0.1,0.17083333333333334
789,720,0.01,0.4167727246962625,0.5170576840050984,437,3.8937985158958734e-05,0.018441393971443176,568017,10.06812648375829,0.17222222222222222,0.39444444444444443,0.19305555555555556,0.07916666666666666,0.16111111111111112
790,720,0.01,0.8947460421823807,1.4467143483194973,483,3.8419527191359116e-05,0.017970187589526176,568737,10.080584383010864,0.19305555555555556,0.33055555555555555,0.18611111111111112,0.10277777777777777,0.1875
791,720,0.01,0.3664711128498817,0.44263472634246726,475,3.907425932791537e-05,0.01716431975364685,569457,10.101457297801971,0.18194444444444444,0.36944444444444446,0.1736111111111111,0.08194444444444444,0.19305555555555556
792,720,0.01,0.7353742649468918,1.086262661391579,478,3.664612120878196e-05,0.01684563048183918,570177,10.113000134627024,0.14583333333333334,0.3388888888888889,0.24027777777777778,0.09861111111111111,0.1763888888888889
793,720,0.01,0.33252160343394827,0.394480024416614,463,3.853598123239661e-05,0.017193816602230072,570897,10.124830750624339,0.15555555555555556,0.3458333333333333,0.24305555555555555,0.09444444444444444,0.16111111111111112
794,720,0.01,0.3808591379028509,0.46354143337358655,440,4.069366482200268e-05,0.016965705901384354,571617,10.13683369954427,0.19722222222222222,0.3597222222222222,0.20972222222222223,0.08888888888888889,0.14444444444444443
795,720,0.01,0.9586140142060797,1.6080792065322367,497,3.860631682704884e-05,0.017239119857549667,572337,10.147548953692118,0.16944444444444445,0.3194444444444444,0.18611111111111112,0.13194444444444445,0.19305555555555556
796,720,0.01,0.5235589622627174,0.6880245877372242,474,3.7760898010219535e-05,0.017476577311754227,573057,10.158324631055196,0.1375,0.3458333333333333,0.19166666666666668,0.10416666666666667,0.22083333333333333
797,720,0.01,1.3028236998494538,2.6796723020118542,522,3.9809190652956914e-05,0.018239691853523254,573777,10.170037384827932,0.18194444444444444,0.2972222222222222,0.16666666666666666,0.11666666666666667,0.2375
798,720,0.01,0.4376815242356376,0.5491114743895604,477,3.7859128198963135e-05,0.017421860247850418,574497,10.181022735436757,0.2,0.31666666666666665,0.18888888888888888,0.10138888888888889,0.19305555555555556
799,720,0.01,0.398088533905167,0.4889758489185738,465,3.8690058791720126e-05,0.017243344336748123,575217,10.191878334681194,0.15416666666666667,0.3375,0.26944444444444443,0.07777777777777778,0.16111111111111112
800,720,0.01,0.7941177151812305,1.212488090766895,476,3.931386032465727e-05,0.017921190708875656,575937,10.203742782274881,0.17777777777777778,0.37222222222222223,0.1625,0.1125,0.175
801,720,0.01,1.512438201536014,3.53778134254744,476,4.024759975133444e-05,0.018259800970554352,576657,10.224726903438569,0.18194444444444444,0.3236111111111111,0.18888888888888888,0.10694444444444444,0.1986111111111111
802,720,0.01,0.46981997103012346,0.599706173837641,470,4.320032300534472e-05,0.017442015931010246,577377,10.23630355199178,0.2,0.3763888888888889,0.18611111111111112,0.06527777777777778,0.17222222222222222
803,720,0.01,1.2313797350334266,2.4259531844803712,508,4.237931583348755e-05,0.018012624233961105,578097,10.24734079837799,0.20555555555555555,0.28888888888888886,0.19166666666666668,0.10555555555555556,0.20833333333333334
804,720,0.01,0.36320598128217996,0.4379320158191111,459,4.1674368358397056e-05,0.01723218895494938,578817,10.258051284154256,0.19722222222222222,0.36944444444444446,0.17777777777777778,0.0875,0.16805555555555557
805,720,0.01,0.5453008446530341,0.7251272996396778,476,4.144930523024313e-05,0.017570486292243004,579537,10.269567116101582,0.18194444444444444,0.30833333333333335,0.25,0.09166666666666666,0.16805555555555557
806,720,0.01,1.7909877824659546,4.995371665469328,483,4.308045104784873e-05,0.017888592556118965,580257,10.279939214388529,0.21944444444444444,0.24722222222222223,0.21388888888888888,0.09166666666666666,0.22777777777777777
807,720,0.01,0.870016236873018,1.3869496098073526,457,4.6496033280618573e-05,0.018199190497398376,580977,10.292540236314137,0.1597222222222222,0.325,0.25277777777777777,0.06388888888888888,0.1986111111111111
808,720,0.01,0.34674393224901345,0.4144544828148,455,4.327631037565677e-05,0.017758488655090332,581697,10.302948184808095,0.19583333333333333,0.3541666666666667,0.26944444444444443,0.06944444444444445,0.1111111111111111
809,720,0.01,0.7164309061603594,1.0471138153020365,476,4.662024156484929e-05,0.01861056685447693,582417,10.31400370200475,0.20555555555555555,0.3013888888888889,0.19305555555555556,0.10833333333333334,0.19166666666666668
810,720,0.01,0.9681104243870037,1.6329645702555413,466,4.23527866498969e-05,0.01804783008992672,583137,10.325494468212128,0.1736111111111111,0.31805555555555554,0.22777777777777777,0.0875,0.19305555555555556
811,720,0.01,0.9987168423245786,1.7147960811268956,494,4.288269277721055e-05,0.01874065026640892,583857,10.347157967090606,0.19583333333333333,0.2722222222222222,0.23333333333333334,0.10277777777777777,0.19583333333333333
812,720,0.01,1.2652480059691493,2.543971553228228,503,4.5536662164775206e-05,0.017887938767671585,584577,10.35752421617508,0.18333333333333332,0.275,0.19583333333333333,0.10416666666666667,0.24166666666666667
813,720,0.01,0.40780327268252164,0.503511350319281,478,4.257369578984556e-05,0.018181435763835907,585297,10.36809746424357,0.2111111111111111,0.30416666666666664,0.20972222222222223,0.1111111111111111,0.1638888888888889
814,720,0.01,1.470638923143863,3.352014855969993,470,4.1385445501873616e-05,0.01857694983482361,586017,10.379881568749745,0.2222222222222222,0.26944444444444443,0.18194444444444444,0.11388888888888889,0.2125
815,720,0.01,1.0649422224296392,1.9006713854729016,481,4.266206747918962e-05,0.018295880407094955,586737,10.389334265391032,0.1763888888888889,0.3138888888888889,0.1986111111111111,0.10138888888888889,0.20972222222222223
816,720,0.01,0.8110449732249401,1.250258218085262,468,4.475967716517617e-05,0.017878467217087746,587457,10.400262367725372,0.2652777777777778,0.24305555555555555,0.21388888888888888,0.10277777777777777,0.175
817,720,0.01,0.6785563344821851,0.9710301689710523,468,4.524685012938789e-05,0.01875923201441765,588177,10.410561585426331,0.20416666666666666,0.3680555555555556,0.15138888888888888,0.09722222222222222,0.17916666666666667
818,720,0.01,0.12839806295269024,0.13700551239890335,458,4.545426720596879e-05,0.0184536874294281,588897,10.420445136229198,0.21666666666666667,0.31666666666666665,0.22083333333333333,0.09027777777777778,0.15555555555555556
819,720,0.01,0.3210089604246473,0.37851793294447966,467,4.5139693591206905e-05,0.018920231610536575,589617,10.432350901762645,0.1625,0.3486111111111111,0.2013888888888889,0.07361111111111111,0.21388888888888888
820,720,0.01,0.2616771194368769,0.2991070182993072,478,4.679622819973398e-05,0.018860895186662674,590337,10.44268364906311,0.16805555555555557,0.40555555555555556,0.1736111111111111,0.08472222222222223,0.16805555555555557
821,720,0.01,0.6892563803222947,0.9922335182368731,486,4.317542311708975e-05,0.01940056122839451,591057,10.463208897908528,0.19166666666666668,0.33194444444444443,0.2111111111111111,0.09722222222222222,0.16805555555555557
822,720,0.01,0.5057601148269197,0.6582454985262838,498,4.627422093790301e-05,0.019200097769498825,591777,10.474546599388123,0.1736111111111111,0.3375,0.2125,0.09305555555555556,0.18333333333333332
823,720,0.01,0.9838618816725622,1.6747659512829096,488,4.2168808665287036e-05,0.019025281071662903,592497,10.486259432633718,0.18194444444444444,0.3347222222222222,0.20833333333333334,0.1125,0.1625
824,720,0.01,0.3394465239707554,0.40417020090298883,465,4.2862177954500816e-05,0.018584396690130234,593217,10.498968334992727,0.20416666666666666,0.35833333333333334,0.18472222222222223,0.10555555555555556,0.14722222222222223
825,720,0.01,0.2842950702078058,0.3288249695703689,473,4.293121361974449e-05,0.018370386213064194,593937,10.509880284468332,0.20277777777777778,0.3458333333333333,0.18888888888888888,0.09166666666666666,0.17083333333333334
826,720,0.01,0.7627164305003182,1.144092595552999,463,4.069968197705344e-05,0.01807554066181183,594657,10.521112898985544,0.14722222222222223,0.3972222222222222,0.1875,0.075,0.19305555555555556
827,720,0.01,0.3370347851372733,0.4007877894866143,453,4.0499316302581674e-05,0.018368154764175415,595377,10.533315734068553,0.1736111111111111,0.31805555555555554,0.25416666666666665,0.08333333333333333,0.17083333333333334
828,720,0.01,0.9789981346176398,1.6617881522143452,478,4.405780243814661e-05,0.01803901046514511,596097,10.544152466456095,0.19027777777777777,0.30694444444444446,0.23194444444444445,0.09861111111111111,0.17222222222222222
829,720,0.01,1.2083218165108758,2.347861609542717,515,4.5137395488836773e-05,0.0176362507045269,596817,10.556641868750255,0.23194444444444445,0.26944444444444443,0.20972222222222223,0.10277777777777777,0.18611111111111112
830,720,0.01,0.7182581068089171,1.0508577223861204,477,4.075369305888267e-05,0.017868250608444214,597537,10.568840249379475,0.21805555555555556,0.2777777777777778,0.24583333333333332,0.09166666666666666,0.16666666666666666
831,720,0.01,0.32512486838501775,0.38420347844276104,477,4.623932687384998e-05,0.01819635182619095,598257,10.589903366565704,0.20972222222222223,0.3458333333333333,0.19583333333333333,0.0875,0.16111111111111112
832,720,0.01,1.171865083306909,2.228007530607419,472,4.34132130382952e-05,0.01777857355773449,598977,10.601374920209249,0.16944444444444445,0.3611111111111111,0.15416666666666667,0.09583333333333334,0.21944444444444444
833,720,0.01,1.1356025516258978,2.113048750479808,499,4.3326686245058634e-05,0.017495030537247658,599697,10.612935101985931,0.19305555555555556,0.2638888888888889,0.21388888888888888,0.125,0.20416666666666666
834,720,0.01,0.7714788447800361,1.1629625756848796,470,4.6594521496798634e-05,0.0185756366699934,600417,10.624329217274983,0.2,0.29444444444444445,0.24166666666666667,0.09583333333333334,0.16805555555555557
835,720,0.01,0.2336889191838258,0.2632514577836924,414,4.5447120868402635e-05,0.019367974251508713,601137,10.635963082313538,0.2375,0.36666666666666664,0.2111111111111111,0.0625,0.12222222222222222
836,720,0.01,0.564625393260002,0.7587888051601606,501,4.298250357553318e-05,0.017949480563402176,601857,10.647165783246358,0.18611111111111112,0.3111111111111111,0.24027777777777778,0.1,0.1625
837,720,0.01,0.5256140333610325,0.6914971652554258,480,4.268354781010607e-05,0.017944959923624992,602577,10.659101283550262,0.18333333333333332,0.325,0.21666666666666667,0.10277777777777777,0.17222222222222222
838,720,0.01,0.5433213435411772,0.7217157858935581,481,4.397228896727433e-05,0.017949815839529037,603297,10.676163319746653,0.20833333333333334,0.39444444444444443,0.14166666666666666,0.06666666666666667,0.18888888888888888
839,720,0.01,0.1862075692819094,0.20467228738939913,462,4.312311461565817e-05,0.018298743292689323,604017,10.688423732916513,0.14444444444444443,0.3638888888888889,0.25,0.08888888888888889,0.1527777777777778
840,720,0.01,0.6258665154926084,0.8698655230863674,482,4.4861251456040915e-05,0.01883605867624283,604737,10.702699851989745,0.2263888888888889,0.3013888888888889,0.19583333333333333,0.08888888888888889,0.1875
841,720,0.01,0.28365496794191364,0.3279746578686309,469,4.2923707196172874e-05,0.018567699939012527,605457,10.725646551450094,0.2375,0.2513888888888889,0.18472222222222223,0.0763888888888889,0.25
842,720,0.01,0.8675834933852659,1.3811498312356454,512,4.3688492850277624e-05,0.017993101850152016,606177,10.736777464548746,0.22083333333333333,0.2569444444444444,0.2222222222222222,0.10694444444444444,0.19305555555555556
843,720,0.01,1.155340228923979,2.175103495826146,506,4.765647430910273e-05,0.01847224496304989,606897,10.747841334342956,0.20416666666666666,0.29305555555555557,0.18611111111111112,0.10694444444444444,0.20972222222222223
844,720,0.01,1.5709583278457455,3.811256746483444,489,4.589230930049679e-05,0.01836160570383072,607617,10.75900286436081,0.18055555555555555,0.31805555555555554,0.20833333333333334,0.09583333333333334,0.19722222222222222
845,720,0.01,0.3016874561433681,0.3521385580620411,419,4.503012771313782e-05,0.01885579153895378,608337,10.771008618672688,0.23333333333333334,0.39444444444444443,0.16111111111111112,0.08333333333333333,0.12777777777777777
846,720,0.01,0.5487389774757649,0.7310687242828247,470,4.435806087157188e-05,0.018848611041903496,609057,10.782699632644654,0.19583333333333333,0.3125,0.22777777777777777,0.08194444444444444,0.18194444444444444
847,720,0.01,0.6910507703257648,0.9958115713979199,500,4.481561901709736e-05,0.019059373065829277,609777,10.792897168795268,0.19027777777777777,0.36666666666666664,0.15555555555555556,0.10138888888888889,0.18611111111111112
848,720,0.01,0.32517776648675006,0.38427670211586107,468,4.429316387712687e-05,0.019453193992376328,610497,10.80516928434372,0.24027777777777778,0.3013888888888889,0.20277777777777778,0.0763888888888889,0.17916666666666667
849,720,0.01,0.23353543847697106,0.2630575879350354,495,4.597673997245187e-05,0.019123639911413193,611217,10.8155348499616,0.2611111111111111,0.33055555555555555,0.1527777777777778,0.0875,0.16805555555555557
850,720,0.01,0.5872817358196104,0.79909135707091,477,4.463115343343007e-05,0.018720556050539017,611937,10.826759600639344,0.17916666666666667,0.3611111111111111,0.225,0.06388888888888888,0.17083333333333334
851,720,0.01,0.954576771311373,1.5975709836839216,489,4.3704762241405764e-05,0.01828095316886902,612657,10.84674729903539,0.2152777777777778,0.30694444444444446,0.20694444444444443,0.12222222222222222,0.1486111111111111
852,720,0.01,1.230902073299007,2.424317128512009,482,4.632003887839649e-05,0.018280386924743652,613377,10.858320784568786,0.19444444444444445,0.2972222222222222,0.21388888888888888,0.09305555555555556,0.2013888888888889
853,720,0.01,0.9368068041700426,1.551819933883424,487,4.4545819356598155e-05,0.01827492192387581,614097,10.868816248575847,0.2111111111111111,0.3194444444444444,0.1736111111111111,0.07361111111111111,0.2222222222222222
854,720,0.01,0.453831071965815,0.5743320261963121,452,4.6518096677219647e-05,0.01862148940563202,614817,10.880165485541026,0.20694444444444443,0.37916666666666665,0.19027777777777777,0.07777777777777778,0.14583333333333334
855,720,0.01,0.8918108992070909,1.4395434208842959,445,4.5661780860149926e-05,0.018979333341121674,615537,10.893661348025004,0.16666666666666666,0.4027777777777778,0.19444444444444445,0.05277777777777778,0.18333333333333332
856,720,0.01,1.5406754649681096,3.6677421026628716,512,4.6459265691585944e-05,0.01867309957742691,616257,10.907699835300445,0.2222222222222222,0.26805555555555555,0.2111111111111111,0.10972222222222222,0.18888888888888888
857,720,0.01,1.3922455136669836,3.0238755833424955,456,4.929194100087544e-05,0.01869412139058113,616977,10.91963943640391,0.17916666666666667,0.3541666666666667,0.18472222222222223,0.10555555555555556,0.1763888888888889
858,720,0.01,0.5688182349901445,0.7661786095710827,503,4.347224392328523e-05,0.018390798941254616,617697,10.93142209847768,0.18055555555555555,0.3527777777777778,0.2111111111111111,0.0875,0.16805555555555557
859,720,0.01,0.191852065668751,0.21149128255506988,460,4.389178581176465e-05,0.018183991312980652,618417,10.942528398831685,0.18194444444444444,0.3625,0.1875,0.08888888888888889,0.17916666666666667
860,720,0.01,0.37882230914115866,0.4605634839042756,459,4.406194010344835e-05,0.01804770529270172,619137,10.953331502278646,0.15833333333333333,0.36527777777777776,0.19166666666666668,0.06805555555555555,0.21666666666666667
861,720,0.01,0.05472182467559883,0.05624675202182994,446,4.368784447529429e-05,0.01771422289311886,619857,10.97429283062617,0.25416666666666665,0.34305555555555556,0.1388888888888889,0.043055555555555555,0.22083333333333333
862,720,0.01,0.33605988247984175,0.3994228232108772,418,4.414866480273203e-05,0.017452463507652283,620577,10.985653670628865,0.16527777777777777,0.46111111111111114,0.15416666666666667,0.06805555555555555,0.15138888888888888
863,720,0.01,1.1541233507971684,2.171242131712983,486,4.0817805596462774e-05,0.018085509538650513,621297,10.997324732939402,0.16527777777777777,0.3597222222222222,0.15416666666666667,0.10555555555555556,0.2152777777777778
864,720,0.01,0.7510115117699797,1.1191424704224748,486,4.407647011501265e-05,0.017838504165410995,622017,11.011332631111145,0.24166666666666667,0.30833333333333335,0.20277777777777778,0.08611111111111111,0.16111111111111112
865,720,0.01,0.692729935848913,0.9991656846468768,511,4.542020216149467e-05,0.017870508134365082,622737,11.023776483535766,0.20277777777777778,0.2986111111111111,0.20555555555555555,0.09027777777777778,0.20277777777777778
866,720,0.01,-0.024994706193804814,-0.024684924856345325,417,4.1699488551532544e-05,0.017782576382160187,623457,11.034197652339936,0.2,0.4513888888888889,0.14583333333333334,0.04861111111111111,0.15416666666666667
867,720,0.01,0.6932176819192037,1.0001410076890744,457,4.303123497998563e-05,0.01751362904906273,624177,11.045717100302378,0.19305555555555556,0.425,0.1625,0.05277777777777778,0.16666666666666666
868,720,0.01,0.3439691606588921,0.41053513486274906,453,4.057678043965198e-05,0.017482301220297813,624897,11.056571380297344,0.17222222222222222,0.41944444444444445,0.1736111111111111,0.059722222222222225,0.175
869,720,0.01,1.183533848142229,2.26589501152537,510,4.186769374554286e-05,0.017837654799222946,625617,11.068077985445658,0.16944444444444445,0.3333333333333333,0.23194444444444445,0.09305555555555556,0.17222222222222222
870,720,0.01,1.2362162994645773,2.442563163032092,480,4.441442539852384e-05,0.018397534266114235,626337,11.080903418858846,0.2013888888888889,0.40694444444444444,0.11388888888888889,0.08472222222222223,0.19305555555555556
871,720,0.01,0.21639617826288324,0.24159417419809537,435,4.165235425388245e-05,0.018064219504594803,627057,11.101084967454275,0.24027777777777778,0.31666666666666665,0.14722222222222223,0.11388888888888889,0.18194444444444444
872,720,0.01,0.4869600412036523,0.6273615806693742,465,4.4107209259891536e-05,0.017766818404197693,627777,11.112399935722351,0.225,0.3875,0.1361111111111111,0.10972222222222222,0.14166666666666666
873,720,0.01,0.7744214484691373,1.1693366909876701,436,4.2879580242545974e-05,0.01826215535402298,628497,11.123815751075744,0.19444444444444445,0.39861111111111114,0.1375,0.08055555555555556,0.18888888888888888
874,720,0.01,0.4442325566974432,0.5592930675059831,449,3.999639209521572e-05,0.017414391040802002,629217,11.134785083929698,0.14027777777777778,0.375,0.21944444444444444,0.07361111111111111,0.19166666666666668
875,720,0.01,0.692197359295353,0.9981012593456848,483,4.1319006294947435e-05,0.0176764614880085,629937,11.145986235141754,0.1736111111111111,0.36944444444444446,0.1986111111111111,0.09305555555555556,0.16527777777777777
876,720,0.01,0.07862338203648432,0.08179682122331577,477,4.364220282392732e-05,0.017815252766013145,630657,11.157473750909169,0.23333333333333334,0.3736111111111111,0.1486111111111111,0.10694444444444444,0.1375
877,720,0.01,0.372432208886012,0.4512600932699382,460,4.313575763919491e-05,0.018575433641672134,631377,11.168707784016927,0.19444444444444445,0.41944444444444445,0.15,0.07916666666666666,0.15694444444444444
878,720,0.01,1.1874690214513977,2.2787721947616038,473,4.4715385667536286e-05,0.017304325476288795,632097,11.179227868715921,0.18194444444444444,0.37222222222222223,0.16527777777777777,0.09166666666666666,0.18888888888888888
879,720,0.01,0.3716295449070525,0.45009568644519327,476,3.9106642179831394e-05,0.01683136820793152,632817,11.189921768506368,0.1388888888888889,0.42916666666666664,0.17222222222222222,0.10138888888888889,0.15833333333333333
880,720,0.01,0.3480438409439003,0.41629434005967303,419,4.013230691776294e-05,0.016593363136053085,633537,11.200903666019439,0.1527777777777778,0.5319444444444444,0.10138888888888889,0.09027777777777778,0.12361111111111112
881,720,0.01,0.7252418837007553,1.0652305851722375,479,4.341654602184362e-05,0.016844574362039566,634257,11.221799198786417,0.2111111111111111,0.33611111111111114,0.19305555555555556,0.08888888888888889,0.17083333333333334
882,720,0.01,0.620444960809568,0.8597553760247594,456,4.379179165173102e-05,0.017346303910017014,634977,11.233226497968039,0.14583333333333334,0.3819444444444444,0.19444444444444445,0.10138888888888889,0.1763888888888889
883,720,0.01,0.7386107497683558,1.0930257572537934,452,4.0801853096026104e-05,0.0170977134257555,635697,11.244552886486053,0.17777777777777778,0.37777777777777777,0.14444444444444443,0.1111111111111111,0.18888888888888888
884,720,0.01,0.9988175150334583,1.7150694007601168,469,4.028672374134759e-05,0.017981499433517456,636417,11.254638814926148,0.15694444444444444,0.37916666666666665,0.12222222222222222,0.10555555555555556,0.2361111111111111
885,720,0.01,0.8626029365984096,1.369319863650293,464,4.454833940599201e-05,0.018671058118343353,637137,11.265146899223328,0.16666666666666666,0.3736111111111111,0.1625,0.08888888888888889,0.20833333333333334
886,720,0.01,0.29235317379409154,0.33957603725686103,441,4.1626618068827764e-05,0.01804572530090809,637857,11.275571449597676,0.16944444444444445,0.4652777777777778,0.1527777777777778,0.07083333333333333,0.14166666666666666
887,720,0.01,0.9599074866948749,1.6114548679264122,440,4.048229181358288e-05,0.017904765903949738,638577,11.286713834603628,0.18333333333333332,0.4,0.12916666666666668,0.06944444444444445,0.21805555555555556
888,720,0.01,0.5963166836412858,0.8154197054223351,448,4.286795306269495e-05,0.017669975757598877,639297,11.29717061916987,0.1527777777777778,0.4083333333333333,0.15138888888888888,0.07916666666666666,0.20833333333333334
889,720,0.01,1.0196819878512968,1.7723129945527596,467,4.386198187502386e-05,0.017962824553251266,640017,11.307642364501953,0.18333333333333332,0.37222222222222223,0.175,0.09583333333333334,0.1736111111111111
890,720,0.01,0.7197517044392473,1.0539231673211864,470,4.274280633025127e-05,0.01750306785106659,640737,11.31830265124639,0.16527777777777777,0.3638888888888889,0.19305555555555556,0.07916666666666666,0.1986111111111111
891,720,0.01,0.35346180728322524,0.4239885999194932,429,4.232139886223902e-05,0.016990862786769867,641457,11.338106616338093,0.14444444444444443,0.4444444444444444,0.1597222222222222,0.08055555555555556,0.17083333333333334
892,720,0.01,0.49406801653734134,0.6389700340692261,453,4.4263460282915426e-05,0.018535559996962547,642177,11.34907061656316,0.12916666666666668,0.4486111111111111,0.18333333333333332,0.08194444444444444,0.15694444444444444
893,720,0.01,0.23647021706176008,0.26676982693078166,477,4.0763754472866116e-05,0.017072847113013268,642897,11.360652216275533,0.15555555555555556,0.37222222222222223,0.1986111111111111,0.09861111111111111,0.175
894,720,0.01,0.3624604177562103,0.4368603457040092,431,4.0981080706438256e-05,0.017952371388673782,643617,11.37153155406316,0.15694444444444444,0.4111111111111111,0.19444444444444445,0.08472222222222223,0.1527777777777778
895,720,0.01,0.7977067660212006,1.2204430899164533,469,4.2831672908505424e-05,0.0186547189950943,644337,11.382631901899973,0.19305555555555556,0.3611111111111111,0.17777777777777778,0.08472222222222223,0.18333333333333332
896,720,0.01,1.307348100473826,2.6963583323517453,496,4.1948685340129386e-05,0.019192323088645935,645057,11.392998814582825,0.15694444444444444,0.36527777777777776,0.16805555555555557,0.10555555555555556,0.20416666666666666
897,720,0.01,0.2743098951617545,0.31562244410246687,478,4.47649390442469e-05,0.019733358174562454,645777,11.404755020141602,0.19583333333333333,0.3472222222222222,0.1597222222222222,0.125,0.17222222222222222
898,720,0.01,1.0733061311442746,1.9250340777953383,510,4.458974601549117e-05,0.01963767409324646,646497,11.415590266386667,0.17777777777777778,0.3277777777777778,0.20694444444444443,0.07777777777777778,0.20972222222222223
899,720,0.01,0.6675995722449952,0.9495519408392585,487,3.9064793319691186e-05,0.019162625074386597,647217,11.427897036075592,0.15555555555555556,0.3611111111111111,0.2013888888888889,0.1111111111111111,0.17083333333333334
900,720,0.01,0.44355396194016455,0.5582352983442054,492,4.106716609915869e-05,0.018934564664959908,647937,11.438298201560974,0.16527777777777777,0.4027777777777778,0.16944444444444445,0.08611111111111111,0.1763888888888889
901,720,0.01,0.38979365186549136,0.476676053093549,422,4.1149878461510526e-05,0.01842033863067627,648657,11.457937570412954,0.16944444444444445,0.4305555555555556,0.15694444444444444,0.09305555555555556,0.15
902,720,0.01,0.5041472718792558,0.6555731645752587,420,4.2117049666659217e-05,0.01804482936859131,649377,11.470702282587688,0.12361111111111112,0.5222222222222223,0.13472222222222222,0.08194444444444444,0.1375
903,720,0.01,1.2895387408875054,2.631111286246584,456,3.895413606692778e-05,0.01742948777973652,650097,11.481714419523875,0.17916666666666667,0.3458333333333333,0.19166666666666668,0.07777777777777778,0.20555555555555555
904,720,0.01,1.124670063152994,2.079200739517985,473,3.76578723091825e-05,0.01758093573153019,650817,11.493310431639353,0.20833333333333334,0.33611111111111114,0.15833333333333333,0.10833333333333334,0.18888888888888888
905,720,0.01,1.0186935832927961,1.7695741815019805,469,4.071606961386149e-05,0.018784809857606888,651537,11.506689751148224,0.1486111111111111,0.38472222222222224,0.175,0.10277777777777777,0.18888888888888888
906,720,0.01,1.0209888027961802,1.7759382628674225,488,3.878330446443417e-05,0.01854616031050682,652257,11.517639148235322,0.19305555555555556,0.33194444444444443,0.17777777777777778,0.09444444444444444,0.20277777777777778
907,720,0.01,1.906745005704752,5.731143268680044,475,4.4610621422533665e-05,0.018011007457971573,652977,11.527913570404053,0.2013888888888889,0.31527777777777777,0.14027777777777778,0.09722222222222222,0.24583333333333332
908,720,0.01,0.5799233159391259,0.7859014753215416,429,4.088674347081501e-05,0.01802045665681362,653697,11.5390345176061,0.16666666666666666,0.4513888888888889,0.15138888888888888,0.07222222222222222,0.15833333333333333
909,720,0.01,0.6266166526356206,0.8712687048912724,382,4.125691051260421e-05,0.01838339865207672,654417,11.550488686561584,0.16944444444444445,0.4583333333333333,0.15694444444444444,0.06527777777777778,0.15
910,720,0.01,0.8616478868326753,1.3670581254777376,444,3.75315773125193e-05,0.01786494255065918,655137,11.562047783533732,0.12916666666666668,0.41805555555555557,0.16527777777777777,0.09166666666666666,0.19583333333333333
911,720,0.01,0.41407568512381576,0.5129716319964706,462,3.879170526993726e-05,0.01775839738547802,655857,11.583591103553772,0.19166666666666668,0.39305555555555555,0.14583333333333334,0.09027777777777778,0.17916666666666667
912,720,0.01,0.8693387275787495,1.3853329769654712,470,4.001025639202756e-05,0.01822049170732498,656577,11.593370819091797,0.2111111111111111,0.3472222222222222,0.15416666666666667,0.08194444444444444,0.20555555555555555
913,720,0.01,1.4032136516004892,3.068252929311525,491,4.0165621486367956e-05,0.01806654781103134,657297,11.603389302889505,0.17222222222222222,0.3638888888888889,0.18611111111111112,0.09027777777777778,0.1875
914,720,0.01,0.47660820587669284,0.6106022959077217,484,3.7880623165165164e-05,0.017810214310884476,658017,11.614193665981293,0.19583333333333333,0.37916666666666665,0.1388888888888889,0.08194444444444444,0.20416666666666666
915,720,0.01,0.37119458852671083,0.44946509522404954,437,4.4127541271639834e-05,0.018223494291305542,658737,11.625043451786041,0.1763888888888889,0.4388888888888889,0.14305555555555555,0.10138888888888889,0.14027777777777778
916,720,0.01,1.610306228028324,4.004343463446734,489,4.164319621572253e-05,0.018443332985043526,659457,11.635965232054392,0.18194444444444444,0.37777777777777777,0.15,0.07361111111111111,0.21666666666666667
917,720,0.01,1.1778163760639397,2.2472756266145058,464,4.276398480745532e-05,0.018470823764801025,660177,11.646781667073567,0.1986111111111111,0.35,0.19305555555555556,0.06666666666666667,0.19166666666666668
918,720,0.01,0.6926148268297473,0.9989355758898122,481,4.267916245276461e-05,0.01879395917057991,660897,11.657393519083659,0.1597222222222222,0.3888888888888889,0.1625,0.10694444444444444,0.18194444444444444
919,720,0.01,0.7803260466563445,1.1821836432011361,466,4.5517689563388965e-05,0.018554259091615677,661617,11.668148465951283,0.1486111111111111,0.35694444444444445,0.16666666666666666,0.09166666666666666,0.2361111111111111
920,720,0.01,1.7899933697073092,4.989412754691848,493,4.2361138370476206e-05,0.01900218240916729,662337,11.679441050688427,0.20277777777777778,0.3,0.14444444444444443,0.12083333333333333,0.23194444444444445
921,720,0.01,0.7405098714247395,1.097004444606605,488,4.223991113071356e-05,0.018678447231650352,663057,11.70047716697057,0.18472222222222223,0.3333333333333333,0.17083333333333334,0.08472222222222223,0.2263888888888889
922,720,0.01,1.0399945417704943,1.829201571877923,439,4.229044461175767e-05,0.018670164048671722,663777,11.71133194764455,0.15694444444444444,0.4486111111111111,0.13055555555555556,0.09722222222222222,0.16666666666666666
923,720,0.01,1.7144022946692563,4.553355250154505,451,4.2052363472875085e-05,0.019212178885936737,664497,11.72356711626053,0.2152777777777778,0.3333333333333333,0.14722222222222223,0.09583333333333334,0.20833333333333334
924,720,0.01,0.24244740536610052,0.2743642226810714,429,4.4231317209172026e-05,0.01890121027827263,665217,11.735157652695973,0.12638888888888888,0.4222222222222222,0.1638888888888889,0.11805555555555555,0.16944444444444445
925,720,0.01,0.5080703346853909,0.6620808387409596,448,4.4772231990464204e-05,0.018895762041211128,665937,11.747658717632294,0.125,0.40694444444444444,0.19305555555555556,0.075,0.2
926,720,0.01,1.6019164061166264,3.9625335471261023,493,4.1004005834111015e-05,0.019113432615995407,666657,11.759535551071167,0.17777777777777778,0.3541666666666667,0.16111111111111112,0.08888888888888889,0.21805555555555556
927,720,0.01,0.3752719758002604,0.4553871908909055,441,4.1584431629517996e-05,0.018857669085264206,667377,11.771031284332276,0.14722222222222223,0.4513888888888889,0.14444444444444443,0.09305555555555556,0.1638888888888889
928,720,0.01,0.3119937470267678,0.36614615052746236,440,4.135435141910825e-05,0.018483491614460945,668097,11.784376319249471,0.1736111111111111,0.35138888888888886,0.14305555555555555,0.1111111111111111,0.22083333333333333
929,720,0.01,0.8619880774629017,1.3678635134581794,467,3.9502840584443925e-05,0.018652483820915222,668817,11.795670902729034,0.15138888888888888,0.41944444444444445,0.14027777777777778,0.10694444444444444,0.18194444444444444
930,720,0.01,0.4289839942338725,0.5356964542023468,394,4.2422921071900216e-05,0.019441457465291023,669537,11.805888915061951,0.10416666666666667,0.49444444444444446,0.1375,0.09444444444444444,0.16944444444444445
931,720,0.01,0.673733261261964,0.9615466344214574,469,4.641456787466167e-05,0.019203118979930878,670257,11.826068532466888,0.13055555555555556,0.3861111111111111,0.15694444444444444,0.09305555555555556,0.23333333333333334
932,720,0.01,0.4516883030366799,0.570962208106548,426,4.3059412269030874e-05,0.020339485257864,670977,11.837435948848725,0.16527777777777777,0.41944444444444445,0.15416666666666667,0.08472222222222223,0.1763888888888889
933,720,0.01,1.0616915992193432,1.891257704196435,494,4.35247308473663e-05,0.019810477271676064,671697,11.848379302024842,0.1763888888888889,0.35833333333333334,0.18472222222222223,0.08333333333333333,0.19722222222222222
934,720,0.01,1.629275708343036,4.100179363078987,510,4.121058387656578e-05,0.01945190690457821,672417,11.86110436518987,0.21805555555555556,0.28194444444444444,0.19444444444444445,0.09861111111111111,0.20694444444444443
935,720,0.01,0.7949615950398217,1.2143559529188397,481,4.5945197402690814e-05,0.01969047635793686,673137,11.872253783543904,0.175,0.3638888888888889,0.1486111111111111,0.09305555555555556,0.21944444444444444
936,720,0.01,0.2603399822979494,0.2973710949001651,479,4.440305569157014e-05,0.019990980625152588,673857,11.882609220345815,0.14305555555555555,0.39305555555555555,0.14027777777777778,0.1,0.22361111111111112
937,720,0.01,0.7997624037092158,1.225012211036009,452,4.6734295858641416e-05,0.020252255722880363,674577,11.893830219904581,0.14583333333333334,0.44583333333333336,0.12638888888888888,0.10138888888888889,0.18055555555555555
938,720,0.01,0.3934657480533072,0.4821085177607418,461,4.590025301543695e-05,0.019972622394561768,675297,11.906607500712077,0.1763888888888889,0.37777777777777777,0.1388888888888889,0.07222222222222222,0.23472222222222222
939,720,0.01,0.7353846562762991,1.0862843405467708,474,4.337288386927361e-05,0.01973399706184864,676017,11.918589818477631,0.1638888888888889,0.4013888888888889,0.14722222222222223,0.09722222222222222,0.19027777777777777
940,720,0.01,0.36065162256659017,0.4342637087227481,416,3.857248984154972e-05,0.019328195601701736,676737,11.929885347684225,0.12361111111111112,0.4527777777777778,0.18333333333333332,0.08194444444444444,0.15833333333333333
941,720,0.01,0.317736571520514,0.37401425906175767,419,3.9566929677271724e-05,0.019305210560560226,677457,11.950561797618866,0.125,0.48194444444444445,0.12777777777777777,0.08194444444444444,0.18333333333333332
942,720,0.01,0.9778102147402798,1.6586280385115697,474,4.02430502996746e-05,0.01919940859079361,678177,11.96117795308431,0.15138888888888888,0.39305555555555555,0.15555555555555556,0.07083333333333333,0.22916666666666666
943,720,0.01,-0.022491768472098196,-0.02224071438694797,423,3.998959958708939e-05,0.01961679942905903,678897,11.971932752927144,0.13472222222222222,0.48055555555555557,0.1361111111111111,0.07777777777777778,0.17083333333333334
944,720,0.01,1.1690169563683515,2.218826835500185,502,4.428779222204563e-05,0.01974714733660221,679617,11.98254055182139,0.18472222222222223,0.31527777777777777,0.20416666666666666,0.09861111111111111,0.19722222222222222
945,720,0.01,0.44775665362711964,0.5647978614342195,472,4.054167484228957e-05,0.01932579278945923,680337,11.992977464199067,0.15416666666666667,0.3902777777777778,0.1388888888888889,0.08888888888888889,0.22777777777777777
946,720,0.01,0.5851388615388071,0.7952402581570914,425,4.296656815717546e-05,0.01940719038248062,681057,12.006564299265543,0.1597222222222222,0.38333333333333336,0.14305555555555555,0.09444444444444444,0.21944444444444444
947,720,0.01,0.2655223860671597,0.304112047835408,447,4.587773737385861e-05,0.01881498470902443,681777,12.016794232527415,0.22083333333333333,0.30694444444444446,0.16666666666666666,0.07916666666666666,0.2263888888888889
948,720,0.01,0.7928114792122692,1.209599945951811,401,4.175614361909336e-05,0.019634060561656952,682497,12.02743620077769,0.1388888888888889,0.4722222222222222,0.10694444444444444,0.0763888888888889,0.20555555555555555
949,720,0.01,1.3518854903011637,2.864705530150008,459,4.37537615994188e-05,0.01947159692645073,683217,12.038104701042176,0.1625,0.42777777777777776,0.125,0.08472222222222223,0.2
950,720,0.01,0.5678112140898584,0.7644009260300739,472,4.5005713603687684e-05,0.019640769809484482,683937,12.048412517706554,0.12638888888888888,0.4097222222222222,0.1527777777777778,0.1,0.2111111111111111
951,720,0.01,1.3598915272299588,2.8957706938362904,462,4.362794199374144e-05,0.020005710422992706,684657,12.07163063287735,0.19583333333333333,0.3875,0.14305555555555555,0.0875,0.18611111111111112
952,720,0.01,0.7633437481111105,1.145438044565163,475,4.430812574582887e-05,0.019277172163128853,685377,12.083657817045848,0.18472222222222223,0.35694444444444445,0.17222222222222222,0.07361111111111111,0.2125
953,720,0.01,1.1834620441041346,2.2656605154945284,456,4.045617657892662e-05,0.02012983337044716,686097,12.104718482494354,0.15,0.35555555555555557,0.1736111111111111,0.07361111111111111,0.24722222222222223
954,720,0.01,0.31321349762256767,0.36781352479216656,430,4.3581083184562884e-05,0.019088424742221832,686817,12.11901573340098,0.15138888888888888,0.4777777777777778,0.12361111111111112,0.08333333333333333,0.1638888888888889
955,720,0.01,0.8454436945808849,1.3290109548934148,471,4.2626128015399443e-05,0.019906414672732353,687537,12.13563685019811,0.14305555555555555,0.3972222222222222,0.15,0.08888888888888889,0.22083333333333333
956,720,0.01,0.293723112900101,0.3414124324433654,475,4.686874325822525e-05,0.019598405808210373,688257,12.147515614827475,0.16666666666666666,0.3861111111111111,0.15,0.10138888888888889,0.19583333333333333
957,720,0.01,0.31280222600131313,0.36725109756935903,457,4.432939725423542e-05,0.019426513463258743,688977,12.159628482659658,0.17916666666666667,0.3888888888888889,0.13055555555555556,0.07083333333333333,0.23055555555555557
958,720,0.01,1.698463082283638,4.465540846741147,476,4.409340161323093e-05,0.01920313388109207,689697,12.182533951600393,0.19027777777777777,0.3263888888888889,0.12916666666666668,0.09583333333333334,0.25833333333333336
959,720,0.01,0.5714842759501181,0.7708935964681694,461,4.247001075378244e-05,0.01879306137561798,690417,12.195255565643311,0.11527777777777778,0.43194444444444446,0.16944444444444445,0.08472222222222223,0.1986111111111111
960,720,0.01,0.3035248119488087,0.3546252014162101,460,4.4308357520448125e-05,0.018946446478366852,691137,12.206387150287629,0.13472222222222222,0.44583333333333336,0.1388888888888889,0.09305555555555556,0.1875
961,720,0.01,1.2634654598060953,2.537659887423142,462,4.261914844442395e-05,0.01898708939552307,691857,12.228713234265646,0.14444444444444443,0.43333333333333335,0.1388888888888889,0.08888888888888889,0.19444444444444445
962,720,0.01,0.15397994873770798,0.16646749739820144,437,4.2939875019480196e-05,0.02044994756579399,692577,12.242596133550007,0.17222222222222222,0.46805555555555556,0.13194444444444445,0.06388888888888888,0.1638888888888889
963,720,0.01,0.95066357347001,1.5874260370553017,505,4.225859050342883e-05,0.019781503826379776,693297,12.254846553007761,0.18888888888888888,0.38472222222222224,0.14583333333333334,0.09027777777777778,0.19027777777777777
964,720,0.01,0.37498378257873916,0.4549678186008326,437,4.326050470682377e-05,0.019964095205068588,694017,12.268339467048644,0.1527777777777778,0.4361111111111111,0.1527777777777778,0.0875,0.17083333333333334
965,720,0.01,0.2520593273370114,0.28667236986582445,442,4.5356759961931754e-05,0.019465237855911255,694737,12.27973531484604,0.1638888888888889,0.43472222222222223,0.1527777777777778,0.0763888888888889,0.17222222222222222
966,720,0.01,1.8537155647527126,5.383493798269615,465,4.4049715036938626e-05,0.019715839996933937,695457,12.291747883955638,0.16805555555555557,0.3263888888888889,0.1486111111111111,0.09583333333333334,0.2611111111111111
967,720,0.01,0.7754203711445615,1.1715047732919288,459,4.411072038187235e-05,0.019361503422260284,696177,12.304563502470652,0.1375,0.44305555555555554,0.14583333333333334,0.1,0.1736111111111111
968,720,0.01,0.8792263254595047,1.409035176057507,439,4.469743775972448e-05,0.01944839209318161,696897,12.318914882342021,0.16111111111111112,0.43472222222222223,0.12083333333333333,0.08194444444444444,0.2013888888888889
969,720,0.01,0.7639955992251095,1.1468370066524978,441,4.274419196185085e-05,0.01908452808856964,697617,12.330683048566183,0.19722222222222222,0.38333333333333336,0.15555555555555556,0.08333333333333333,0.18055555555555555
970,720,0.01,0.2721626053187534,0.3128004522925092,457,4.566503588547575e-05,0.018677569925785065,698337,12.342116483052571,0.14444444444444443,0.4222222222222222,0.16944444444444445,0.07777777777777778,0.18611111111111112
971,720,0.01,0.4113599359211982,0.5088683547511543,436,4.619152716966508e-05,0.018932105973362923,699057,12.365499500433604,0.1736111111111111,0.44305555555555554,0.14444444444444443,0.075,0.1638888888888889
972,720,0.01,0.33211628973469026,0.3939149370859303,425,4.4953696887104245e-05,0.0195525661110878,699777,12.376915196577707,0.18194444444444444,0.4111111111111111,0.1638888888888889,0.09305555555555556,0.15
973,720,0.01,0.6722501772624807,0.9586396521759688,491,4.502777776451694e-05,0.019927846267819405,700497,12.388339567184449,0.18333333333333332,0.4125,0.1388888888888889,0.09027777777777778,0.175
974,720,0.01,0.20577201691580765,0.2284731009807417,442,4.2985111067789856e-05,0.01973896287381649,701217,12.399220283826192,0.14722222222222223,0.4722222222222222,0.1486111111111111,0.07222222222222222,0.1597222222222222
975,720,0.01,0.553952944554977,0.7401180305146995,468,4.519018101139712e-05,0.019191589206457138,701937,12.412224268913269,0.1375,0.4361111111111111,0.1361111111111111,0.08472222222222223,0.20555555555555555
976,720,0.01,0.46923617570897813,0.5987725454086184,421,4.4679673803532044e-05,0.01982228271663189,702657,12.423691018422444,0.1486111111111111,0.45,0.13472222222222222,0.08888888888888889,0.17777777777777778
977,720,0.01,1.0330568244162857,1.8096413013045045,459,4.336157379990861e-05,0.01991267316043377,703377,12.435196419556936,0.17083333333333334,0.41805555555555557,0.12361111111111112,0.09305555555555556,0.19444444444444445
978,720,0.01,0.053515872331024485,0.05497373652706883,411,4.1490716950597236e-05,0.019332129508256912,704097,12.446020134290059,0.18472222222222223,0.44722222222222224,0.09027777777777778,0.13194444444444445,0.14583333333333334
979,720,0.01,0.5283343381819616,0.6961048174164466,469,4.254682403496999e-05,0.019374897703528404,704817,12.456559332211812,0.16111111111111112,0.39166666666666666,0.14583333333333334,0.12638888888888888,0.175
980,720,0.01,0.22140242493261378,0.24782548562451967,471,4.0273858278144165e-05,0.01925213634967804,705537,12.4676571170489,0.13333333333333333,0.41805555555555557,0.16111111111111112,0.10416666666666667,0.18333333333333332
981,720,0.01,0.3635456003275987,0.4384204478534206,419,4.544711841845128e-05,0.019736003130674362,706257,12.48799846569697,0.12777777777777777,0.4375,0.09583333333333334,0.1486111111111111,0.19027777777777777
982,720,0.01,0.4551420143701881,0.5763972381992382,429,4.427747551542577e-05,0.01965651661157608,706977,12.500752302010854,0.15,0.46805555555555556,0.14722222222222223,0.06805555555555555,0.16666666666666666
983,720,0.01,1.0202214840907011,1.7738090505097714,469,4.660200665840522e-05,0.019717605784535408,707697,12.51199276447296,0.23194444444444445,0.28888888888888886,0.15,0.1125,0.21666666666666667
984,720,0.01,0.7149926753193417,1.044171709298741,462,4.5320859914631404e-05,0.019409755244851112,708417,12.52362670103709,0.17916666666666667,0.3972222222222222,0.14444444444444443,0.0763888888888889,0.20277777777777778
985,720,0.01,0.7708211097317577,1.1615403871536287,453,4.5594920631073265e-05,0.0198310986161232,709137,12.53621665239334,0.14305555555555555,0.4027777777777778,0.15694444444444444,0.09305555555555556,0.20416666666666666
986,720,0.01,0.8443104371483526,1.3263730808958023,463,4.1888608831818093e-05,0.01877448707818985,709857,12.54877676566442,0.15138888888888888,0.41944444444444445,0.1388888888888889,0.09027777777777778,0.2
987,720,0.01,0.4720965252257438,0.6033521401847814,450,3.871528496877848e-05,0.018680503591895103,710577,12.562081750233968,0.21944444444444444,0.4083333333333333,0.14166666666666666,0.07777777777777778,0.1527777777777778
988,720,0.01,1.0766618938776595,1.9348662861999406,490,3.8841446905735213e-05,0.01848219335079193,711297,12.573212667306263,0.175,0.3527777777777778,0.1527777777777778,0.09166666666666666,0.22777777777777777
989,720,0.01,1.1430574172573327,2.136342829853962,488,3.843854460430723e-05,0.0186615027487278,712017,12.58455851872762,0.18472222222222223,0.3236111111111111,0.1388888888888889,0.11388888888888889,0.2388888888888889
990,720,0.01,0.672139985946134,0.958423838985037,467,4.0360119108603006e-05,0.01820843294262886,712737,12.595771853129069,0.16111111111111112,0.43472222222222223,0.14166666666666666,0.08472222222222223,0.17777777777777778
991,720,0.01,0.11667241721279419,0.1237512478229208,448,4.084294862044165e-05,0.019154084846377373,713457,12.616321134567261,0.11944444444444445,0.44305555555555554,0.19305555555555556,0.09444444444444444,0.15
992,720,0.01,0.2720725172414892,0.31268218995102415,433,4.102791946631138e-05,0.01845671981573105,714177,12.626878368854523,0.12638888888888888,0.43333333333333335,0.19166666666666668,0.09444444444444444,0.15416666666666667
993,720,0.01,0.22422126254602534,0.2513478652140535,440,3.875745273186719e-05,0.01837753690779209,714897,12.638131082057953,0.19027777777777777,0.4125,0.125,0.06666666666666667,0.20555555555555555
994,720,0.01,1.0348543631769982,1.8146962823483577,453,3.9478129710662164e-05,0.018391892313957214,715617,12.649126017093659,0.14027777777777778,0.4305555555555556,0.15,0.08055555555555556,0.1986111111111111
995,720,0.01,1.661337224552471,4.2663484284034965,479,3.86131400849384e-05,0.018387913703918457,716337,12.661688450972239,0.1875,0.35138888888888886,0.15555555555555556,0.06805555555555555,0.2375
996,720,0.01,1.0657209794355182,1.9029311834386298,483,3.9780156940752124e-05,0.01821766421198845,717057,12.672303569316863,0.2263888888888889,0.3263888888888889,0.15694444444444444,0.09861111111111111,0.19166666666666668
997,720,0.01,0.7477273299559432,1.1121942371356828,488,4.13109772251927e-05,0.01806793175637722,717777,12.683793632189433,0.1736111111111111,0.3680555555555556,0.1763888888888889,0.08888888888888889,0.19305555555555556
998,720,0.01,1.1562801999566115,2.178089404251701,478,3.854332009167491e-05,0.01763482205569744,718497,12.693795883655548,0.19166666666666668,0.3638888888888889,0.15138888888888888,0.09166666666666666,0.2013888888888889
999,720,0.01,0.907162096922502,1.4772822613516738,439,3.838875867232774e-05,0.0182295273989439,719217,12.704856483141581,0.12916666666666668,0.45416666666666666,0.14722222222222223,0.06666666666666667,0.20277777777777778
1000,720,0.01,1.838295618191411,5.285815696025514,468,4.086487519493353e-05,0.01823226734995842,719937,12.716824531555176,0.18333333333333332,0.38333333333333336,0.15555555555555556,0.0625,0.2152777777777778
1001,720,0.01,0.8100740173394102,1.2480743770026925,470,3.971964648599169e-05,0.018142610788345337,720657,12.73827766974767,0.19444444444444445,0.3625,0.1388888888888889,0.09027777777777778,0.21388888888888888
1002,720,0.01,1.0745513746372632,1.9286787262138962,465,4.1541524608924695e-05,0.01842888444662094,721377,12.749274599552155,0.1875,0.3541666666666667,0.1388888888888889,0.08888888888888889,0.23055555555555557
1003,720,0.01,1.2371501560421767,2.4457795248622753,480,4.0886257513900796e-05,0.018515294417738914,722097,12.760271116097767,0.16805555555555557,0.34444444444444444,0.20277777777777778,0.08194444444444444,0.20277777777777778
1004,720,0.01,0.7870814659222197,1.196975113666833,436,4.4312521866787494e-05,0.018375592306256294,722817,12.771690766016642,0.1486111111111111,0.42916666666666664,0.1625,0.07222222222222222,0.1875
1005,720,0.01,0.9548890495246949,1.5983822751774217,475,4.1379807243578804e-05,0.01815211959183216,723537,12.782331232229868,0.19444444444444445,0.4111111111111111,0.1388888888888889,0.07777777777777778,0.17777777777777778
1006,720,0.01,0.7016978405373967,1.0171746425775599,486,4.3708287644979764e-05,0.01894010789692402,724257,12.793227565288543,0.16944444444444445,0.38055555555555554,0.1638888888888889,0.09583333333333334,0.19027777777777777
1007,720,0.01,0.09983317635084163,0.10498656480781965,396,4.340305428816767e-05,0.018354926258325577,724977,12.803597748279572,0.19027777777777777,0.45694444444444443,0.09027777777777778,0.08194444444444444,0.18055555555555555
1008,720,0.01,0.9037115698309238,1.4687490622791382,458,4.1417738942881344e-05,0.018209969624876976,725697,12.813338236014049,0.17916666666666667,0.3611111111111111,0.16527777777777777,0.08194444444444444,0.2125
1009,720,0.01,0.06981526533490699,0.07231007011410462,426,4.122861647096619e-05,0.018850674852728844,726417,12.824464817841848,0.1597222222222222,0.44027777777777777,0.09583333333333334,0.09583333333333334,0.20833333333333334
1010,720,0.01,1.9463419098564454,6.003022978162691,454,4.2009921718191535e-05,0.018972495570778847,727137,12.835633734862009,0.17916666666666667,0.3527777777777778,0.1375,0.08611111111111111,0.24444444444444444
1011,720,0.01,1.1951662916343762,2.3041071702016094,460,4.248462245944514e-05,0.018815606832504272,727857,12.859184467792511,0.20416666666666666,0.3375,0.16111111111111112,0.08611111111111111,0.2111111111111111
1012,720,0.01,0.5827772739721407,0.7910056432592678,429,4.1462147942183945e-05,0.018219174817204475,728577,12.870549503962199,0.1388888888888889,0.4652777777777778,0.10138888888888889,0.10277777777777777,0.19166666666666668
1013,720,0.01,0.3018659446467551,0.3523799207892364,401,4.251476574634378e-05,0.018305469304323196,729297,12.881657902399699,0.18055555555555555,0.4736111111111111,0.125,0.059722222222222225,0.16111111111111112
