episode,steps,epsilon,train_reward,train_portfolio_return,train_position_changes,mean_loss,mean_max_q,updates,minutes,action_share_-1,action_share_0,action_share_0.5,action_share_1,action_share_2
1,720,1.0,0.03002523047311862,0.03048053313692156,566,0.0008211661240226295,0.1521073877811432,657,0.006319300333658854,0.21666666666666667,0.22083333333333333,0.1875,0.19722222222222222,0.17777777777777778
2,720,0.9909,-0.04969051363505828,-0.048476137402532316,584,0.003470638405451609,0.22517365217208862,1377,0.01218415101369222,0.20416666666666666,0.20694444444444443,0.19444444444444445,0.1875,0.20694444444444443
3,720,0.98188281,-0.17368149860395915,-0.15943542398087407,557,0.0032202816975768654,0.24983173608779907,2097,0.017654399077097576,0.20694444444444443,0.20555555555555555,0.21388888888888888,0.20277777777777778,0.17083333333333334
4,720,0.972947676429,-0.1900756113645522,-0.173103391201348,557,0.0022884805975384856,0.2360612452030182,2817,0.023231248060862224,0.20555555555555555,0.16527777777777777,0.22777777777777777,0.19583333333333333,0.20555555555555555
5,720,0.9640938525734961,-0.009894807939786608,-0.009846015391278828,544,0.0014202544005254619,0.22500038146972656,3537,0.028715085983276368,0.2125,0.18888888888888888,0.1875,0.21805555555555556,0.19305555555555556
6,720,0.9553205985150773,-0.12715304722946352,-0.11940111093694405,573,0.0007394376729280338,0.20261861383914948,4257,0.03419886430104573,0.20972222222222223,0.20555555555555555,0.18472222222222223,0.18333333333333332,0.21666666666666667
7,720,0.9466271810685901,-0.13866048066120495,-0.1294764621341834,549,0.0004053368320253665,0.19247154891490936,4977,0.03977925380071004,0.19166666666666668,0.23055555555555557,0.2,0.16111111111111112,0.21666666666666667
8,720,0.938012873720866,-0.1205051855767351,-0.11352750953766422,582,0.00034157198450783554,0.17125485837459564,5697,0.04544660250345866,0.18888888888888888,0.23472222222222222,0.15833333333333333,0.20694444444444443,0.2111111111111111
9,720,0.9294769565700061,0.06566163581110372,0.06786532864319761,583,0.0002833554387204155,0.15529926121234894,6417,0.052287431557973225,0.19444444444444445,0.20277777777777778,0.19722222222222222,0.19166666666666668,0.21388888888888888
10,720,0.921018716265219,-0.0236084021512293,-0.023331903992432457,599,0.0002788364263223128,0.14132589101791382,7137,0.05807646910349528,0.19027777777777777,0.18055555555555555,0.19583333333333333,0.1986111111111111,0.23472222222222222
11,720,0.9126374459472055,-0.08919227563476398,-0.0853303120291189,582,0.00018501666235756098,0.12379306554794312,7857,0.06980968713760376,0.18194444444444444,0.20972222222222223,0.17916666666666667,0.23194444444444445,0.19722222222222222
12,720,0.904332445189086,-0.31182907117069286,-0.267893344332353,583,0.0002178106967423648,0.11635052412748337,8577,0.07687028646469116,0.2111111111111111,0.22083333333333333,0.19166666666666668,0.2013888888888889,0.175
13,720,0.8961030199378652,-0.0834284737695758,-0.08004311463379565,578,0.00026944082750964704,0.10402299463748932,9297,0.08296876748402914,0.2125,0.2152777777777778,0.19444444444444445,0.16944444444444445,0.20833333333333334
14,720,0.8879484824564307,-0.1782668139562123,-0.16328085464217845,582,0.00013848481404844885,0.09788738936185837,10017,0.08878326813379923,0.19722222222222222,0.19722222222222222,0.21666666666666667,0.17222222222222222,0.21666666666666667
15,720,0.8798681512660771,-0.12391829786402052,-0.11654798214890216,582,0.00012042275879038142,0.09109880030155182,10737,0.0947087009747823,0.18333333333333332,0.18333333333333332,0.20416666666666666,0.20416666666666666,0.225
16,720,0.8718613510895558,0.005183716889910159,0.005197175595630377,564,0.00013070256156626984,0.08882201462984085,11457,0.10061901807785034,0.20277777777777778,0.2111111111111111,0.18888888888888888,0.17777777777777778,0.21944444444444444
17,720,0.8639274127946408,-0.06610568949249837,-0.06396806967610968,563,0.00013510573243264744,0.08020158112049103,12177,0.10678161780039469,0.2152777777777778,0.17916666666666667,0.1875,0.19027777777777777,0.22777777777777777
18,720,0.8560656733382096,-0.04613877957060158,-0.04509056892618735,571,9.346137092304868e-05,0.0728318989276886,12897,0.11281900008519491,0.1986111111111111,0.20833333333333334,0.17083333333333334,0.2125,0.20972222222222223
19,720,0.8482754757108318,-0.01330001726535412,-0.013211962843117209,562,8.125679169097566e-05,0.0703403502702713,13617,0.11894891659418742,0.2013888888888889,0.1875,0.18888888888888888,0.2,0.2222222222222222
20,720,0.8405561688818632,-0.11131633337950514,-0.1053443052977564,584,8.557561658461863e-05,0.0667746439576149,14337,0.12512513399124145,0.20555555555555555,0.1736111111111111,0.16666666666666666,0.18472222222222223,0.26944444444444443
21,720,0.8329071077450383,-0.0865331613800328,-0.08289486419149872,583,0.00011300597941499291,0.06357035785913467,15057,0.13726011912027994,0.21666666666666667,0.19166666666666668,0.1986111111111111,0.2111111111111111,0.18194444444444444
22,720,0.8253276530645585,-0.10452490550286495,-0.09924763656304914,589,8.43001465429754e-05,0.06470298767089844,15777,0.1434061646461487,0.18611111111111112,0.18888888888888888,0.2,0.22916666666666666,0.19583333333333333
23,720,0.817817171421671,0.14279277042032693,0.15349073949538683,585,8.005444809542597e-05,0.060199905186891556,16497,0.1494164188702901,0.17222222222222222,0.18611111111111112,0.2222222222222222,0.1986111111111111,0.22083333333333333
24,720,0.8103750351617338,-0.27531151231356377,-0.24066445599387132,578,7.212470784452307e-05,0.057640690356492996,17217,0.15545504887898762,0.19444444444444445,0.19166666666666668,0.18888888888888888,0.18888888888888888,0.2361111111111111
25,720,0.8030006223417621,-0.07041768800599622,-0.06799554848657807,574,6.72002423799414e-05,0.05542903020977974,17937,0.1617691198984782,0.16944444444444445,0.2013888888888889,0.19583333333333333,0.21388888888888888,0.21944444444444444
26,720,0.795693316678452,-0.07196266956966818,-0.0694343664216347,574,0.00014923606682815363,0.06409935653209686,18657,0.16825985113779704,0.20972222222222223,0.19305555555555556,0.1875,0.19583333333333333,0.21388888888888888
27,720,0.7884525074966781,-0.2803779604232698,-0.24450186091049986,572,0.00014228226797412288,0.05636654049158096,19377,0.1750415325164795,0.19027777777777777,0.21388888888888888,0.1875,0.18194444444444444,0.2263888888888889
28,720,0.7812775896784583,0.004210239950916204,0.004219115462777756,574,8.585004526998496e-05,0.05742975324392319,20097,0.18102705081303913,0.18333333333333332,0.16805555555555557,0.20833333333333334,0.18472222222222223,0.25555555555555554
29,720,0.7741679636123843,-0.2369829386981542,-0.21099525064903724,565,7.992646667642273e-05,0.05975691229104996,20817,0.18790608247121174,0.1875,0.19583333333333333,0.20972222222222223,0.225,0.18194444444444444
30,720,0.7671230351435115,-0.26294148600942885,-0.23121311921663845,568,0.0001487855084456492,0.06710465252399445,21537,0.19429186582565308,0.1875,0.16111111111111112,0.17083333333333334,0.18055555555555555,0.3
31,720,0.7601422155237056,-0.3744985690973474,-0.3123660067075519,580,7.768537235379982e-05,0.06519611179828644,22257,0.20626603762308757,0.19305555555555556,0.21388888888888888,0.1986111111111111,0.2125,0.18194444444444444
32,720,0.7532249213624399,-0.3034933469323344,-0.26176519935845743,573,0.00010938980328268776,0.05696576088666916,22977,0.21240285237630208,0.20416666666666666,0.18055555555555555,0.1736111111111111,0.2111111111111111,0.23055555555555557
33,720,0.7463705745780417,0.04761843052358112,0.04877040019427237,579,6.968542576386325e-05,0.053100019693374634,23697,0.21844483613967897,0.18472222222222223,0.22083333333333333,0.19722222222222222,0.20833333333333334,0.18888888888888888
34,720,0.7395786023493816,-0.18537420296253504,-0.1692066596514481,577,5.704542393990171e-05,0.04854031279683113,24417,0.2244166652361552,0.20833333333333334,0.18888888888888888,0.17916666666666667,0.20277777777777778,0.22083333333333333
35,720,0.7328484370680022,-0.016246985981485294,-0.016115715582332157,569,4.834964557858257e-05,0.04479808360338211,25137,0.2306081493695577,0.2263888888888889,0.19583333333333333,0.17083333333333334,0.1736111111111111,0.23333333333333334
36,720,0.7261795162906833,-0.17150576786417737,-0.15760459081629297,554,6.525345631113548e-05,0.04136688634753227,25857,0.23680320183436077,0.18472222222222223,0.2152777777777778,0.17916666666666667,0.19444444444444445,0.2263888888888889
37,720,0.7195712826924381,0.3278546647436904,0.3879872341495054,561,9.50716167620966e-05,0.04807847738265991,26577,0.24310778379440307,0.19722222222222222,0.19305555555555556,0.18194444444444444,0.20972222222222223,0.21805555555555556
38,720,0.7130231840199369,0.05534828129694402,0.05690865209760232,578,8.424071094547496e-05,0.04337218031287193,27297,0.24936401446660358,0.20416666666666666,0.24027777777777778,0.16944444444444445,0.19722222222222222,0.18888888888888888
39,720,0.7065346730453554,-0.1382092769254316,-0.12908359003580616,573,9.656866916682501e-05,0.04751633480191231,28017,0.2553714354832967,0.2,0.2222222222222222,0.18055555555555555,0.2,0.19722222222222222
40,720,0.7001052075206428,-0.35958628459311454,-0.30203497476832586,559,0.00014559461207884144,0.04615190252661705,28737,0.26132025321324664,0.19583333333333333,0.20972222222222223,0.20694444444444443,0.16805555555555557,0.21944444444444444
41,720,0.6937342501322049,-0.3192563494982236,-0.27331076099470153,586,5.939697029033495e-05,0.04145123064517975,29457,0.27333966493606565,0.23194444444444445,0.2111111111111111,0.17916666666666667,0.18194444444444444,0.19583333333333333
42,720,0.6874212684560018,-0.21095127653271897,-0.1901864771572639,558,5.19642567218802e-05,0.04171966761350632,30177,0.2795758008956909,0.22777777777777777,0.18194444444444444,0.18888888888888888,0.18055555555555555,0.22083333333333333
43,720,0.6811657349130522,-0.0668731824848893,-0.06468619201110537,570,5.365853828354577e-05,0.03937486186623573,30897,0.2856888850529989,0.21805555555555556,0.24166666666666667,0.18333333333333332,0.1763888888888889,0.18055555555555555
44,720,0.6749671267253434,-0.18887894785545686,-0.17211328190812747,560,7.31271568358554e-05,0.03728567063808441,31617,0.29194620450337727,0.19166666666666668,0.2388888888888889,0.175,0.16944444444444445,0.225
45,720,0.6688249258721428,-0.1656980749973637,-0.15269798276240343,566,6.6225683975871e-05,0.035128965973854065,32337,0.2980754812558492,0.18055555555555555,0.21944444444444444,0.20277777777777778,0.2,0.19722222222222222
46,720,0.6627386190467063,-0.008260674982700056,-0.008226649363104577,562,5.5045391563150284e-05,0.035006821155548096,33057,0.30422845284144084,0.22361111111111112,0.2013888888888889,0.1527777777777778,0.2013888888888889,0.22083333333333333
47,720,0.6567076976133812,0.11269808748353098,0.11929395307693524,572,5.611810832104109e-05,0.03216061741113663,33777,0.31039981842041015,0.1638888888888889,0.2111111111111111,0.20972222222222223,0.2013888888888889,0.21388888888888888
48,720,0.6507316575650994,0.16362931233623138,0.17777764651966854,585,5.119313365058689e-05,0.03234148770570755,34497,0.31598236560821535,0.19583333333333333,0.18611111111111112,0.19166666666666668,0.19027777777777777,0.2361111111111111
49,720,0.6448099994812571,-0.11939670480475639,-0.11254432700830663,551,5.2273254019989206e-05,0.033461544662714005,35217,0.3215537667274475,0.15,0.20277777777777778,0.16805555555555557,0.2125,0.26666666666666666
50,720,0.6389422284859776,-0.4323141602561984,-0.35099454706491173,557,5.966956431140918e-05,0.034762535244226456,35937,0.3278055707613627,0.2,0.1875,0.20694444444444443,0.2,0.20555555555555555
51,720,0.6331278542067552,0.013287165079909251,0.013375831732103993,574,5.859541166981014e-05,0.03460992872714996,36657,0.3402585506439209,0.2152777777777778,0.19305555555555556,0.18888888888888888,0.20277777777777778,0.2
52,720,0.6273663907334738,-0.16455050019365364,-0.1517250821849645,570,5.89596792729531e-05,0.03374803811311722,37377,0.3460485498110453,0.21805555555555556,0.2111111111111111,0.19722222222222222,0.18194444444444444,0.19166666666666668
53,720,0.6216573565777992,-0.020705216299412275,-0.020492335090492197,548,5.13510872476925e-05,0.033859577029943466,38097,0.35189268589019773,0.24861111111111112,0.19166666666666668,0.175,0.18333333333333332,0.2013888888888889
54,720,0.6160002746329413,-0.2516094245614631,-0.2224516299348932,559,4.878586660450108e-05,0.033003129065036774,38817,0.3576176365216573,0.2152777777777778,0.20833333333333334,0.20972222222222223,0.19027777777777777,0.1763888888888889
55,720,0.6103946721337815,-0.031891613281849585,-0.03138843898180377,553,5.239164440556326e-05,0.03155035153031349,39537,0.36338781913121543,0.175,0.18472222222222223,0.18888888888888888,0.20555555555555555,0.24583333333333332
56,720,0.604840080617364,0.16793664048360368,0.1828616627305879,555,4.519419530626894e-05,0.02961713634431362,40257,0.36914140383402505,0.22916666666666666,0.225,0.2,0.16111111111111112,0.18472222222222223
57,720,0.5993360358837461,-0.11738332062687515,-0.110755737843374,539,4.748549837611588e-05,0.029530497267842293,40977,0.3748538851737976,0.20555555555555555,0.16527777777777777,0.18611111111111112,0.19166666666666668,0.2513888888888889
58,720,0.5938820779572039,-0.14715692209765327,-0.13684148185695155,543,4.333351617889194e-05,0.029129715636372566,41697,0.38064438104629517,0.16666666666666666,0.1597222222222222,0.17916666666666667,0.20555555555555555,0.28888888888888886
59,720,0.5884777510477934,-0.1273354833022852,-0.1195617492864336,548,4.319079066969304e-05,0.02981092780828476,42417,0.3864726821581523,0.19166666666666668,0.18194444444444444,0.19305555555555556,0.19027777777777777,0.24305555555555555
60,720,0.5831226035132585,-0.0304186662889967,-0.029960674243007634,539,5.0554943724516005e-05,0.030256839469075203,43137,0.3921775142351786,0.2013888888888889,0.175,0.18055555555555555,0.1986111111111111,0.24444444444444444
61,720,0.5778161878212879,0.019991094841714928,0.02019225501279065,530,6.0883392422460425e-05,0.02995290607213974,43857,0.4032669027646383,0.17222222222222222,0.2013888888888889,0.19027777777777777,0.2263888888888889,0.20972222222222223
62,720,0.5725580605121141,0.35313007534163987,0.42351629575996563,558,6.131319783738338e-05,0.028148919343948364,44577,0.4090313712755839,0.17777777777777778,0.2013888888888889,0.1875,0.22083333333333333,0.2125
63,720,0.5673477821614539,-0.10575209083999958,-0.10035234867395415,548,3.902801237624468e-05,0.02676469460129738,45297,0.4147815704345703,0.21944444444444444,0.16666666666666666,0.17222222222222222,0.18333333333333332,0.25833333333333336
64,720,0.5621849173437846,-0.007989890959974462,-0.007958056621918397,572,4.2509850173802176e-05,0.02645931765437126,46017,0.42087332010269163,0.18333333333333332,0.19166666666666668,0.20555555555555555,0.19583333333333333,0.22361111111111112
65,720,0.5570690345959561,0.3126259897440294,0.367010159584783,553,4.93713040416171e-05,0.02771376445889473,46737,0.4266980648040771,0.2361111111111111,0.15416666666666667,0.17083333333333334,0.18194444444444444,0.2569444444444444
66,720,0.5519997063811329,-0.20573273265828063,-0.18594938364479296,561,5.4032418900836396e-05,0.02792266756296158,47457,0.433329435189565,0.20555555555555555,0.19166666666666668,0.2,0.19027777777777777,0.2125
67,720,0.5469765090530646,0.0651985069605808,0.06737088390567747,552,4.3538150168842546e-05,0.0275178924202919,48177,0.43914238214492796,0.2,0.1736111111111111,0.22361111111111112,0.18472222222222223,0.21805555555555556
68,720,0.5419990228206817,-0.20303981441885494,-0.18375425757122776,573,4.3798040299710315e-05,0.024917500093579292,48897,0.4450956662495931,0.20833333333333334,0.15138888888888888,0.19583333333333333,0.2013888888888889,0.24305555555555555
69,720,0.5370668317130135,-0.16775703984851195,-0.1544407530671188,551,4.0537434858833873e-05,0.023047607392072678,49617,0.4510343352953593,0.24861111111111112,0.20555555555555555,0.1597222222222222,0.19027777777777777,0.19583333333333333
70,720,0.5321795235444251,-0.22760872886911054,-0.20356417877655875,556,4.826234379480512e-05,0.025139247998595238,50337,0.45682195425033567,0.19166666666666668,0.19305555555555556,0.17083333333333334,0.2,0.24444444444444444
71,720,0.5273366898801708,0.02441708782341951,0.024717626016174554,542,4.508216088652262e-05,0.02346627414226532,51057,0.4681060473124186,0.16944444444444445,0.1736111111111111,0.19583333333333333,0.20694444444444443,0.25416666666666665
72,720,0.5225379260022612,0.03217085620270926,0.032693932396705705,577,4.156650966756893e-05,0.020982883870601654,51777,0.4738429347674052,0.16666666666666666,0.20416666666666666,0.20694444444444443,0.19027777777777777,0.23194444444444445
73,720,0.5177828308756407,0.00621388320976915,0.006233229433003418,545,3.902670374600348e-05,0.020664354786276817,52497,0.4796448707580566,0.21944444444444444,0.2111111111111111,0.16666666666666666,0.18194444444444444,0.22083333333333333
74,720,0.5130710071146724,0.04847705282237283,0.049671284550540706,535,4.879927919319016e-05,0.022779036313295364,53217,0.4853295683860779,0.2013888888888889,0.17222222222222222,0.1763888888888889,0.2111111111111111,0.2388888888888889
75,720,0.5084020609499288,-0.0654318586136304,-0.06333712990837315,551,4.3676331636611896e-05,0.022777438163757324,53937,0.49177730083465576,0.24305555555555555,0.18472222222222223,0.17083333333333334,0.1736111111111111,0.22777777777777777
76,720,0.5037756021952844,0.049553725088106064,0.05080204513079978,536,4.130759249265894e-05,0.02230268530547619,54657,0.4978587031364441,0.20277777777777778,0.16111111111111112,0.17777777777777778,0.20833333333333334,0.25
77,720,0.4991912442153073,-0.03053091869434312,-0.03006955737929573,531,3.869441180262988e-05,0.023706411942839622,55377,0.5036681334177653,0.15694444444444444,0.15833333333333333,0.1486111111111111,0.21805555555555556,0.31805555555555554
78,720,0.494648603892948,-0.011355582906886357,-0.01129135163305417,559,3.967977928722475e-05,0.023155922070145607,56097,0.5095224658648173,0.20555555555555555,0.2013888888888889,0.18055555555555555,0.19305555555555556,0.21944444444444444
79,720,0.4901473015975222,0.052281608622154654,0.05367242397689109,562,3.51317468509175e-05,0.020903870463371277,56817,0.515834919611613,0.20555555555555555,0.20833333333333334,0.2,0.16944444444444445,0.21666666666666667
80,720,0.4856869611529847,-0.1318946106260472,-0.12356664302488807,544,3.6954337581897155e-05,0.021218489855527878,57537,0.5215403199195862,0.25,0.175,0.1625,0.19027777777777777,0.2222222222222222
81,720,0.48126720980649257,-0.049009054341222734,-0.047827491635320185,528,4.268030582023938e-05,0.020384490489959717,58257,0.5328743855158488,0.18055555555555555,0.20416666666666666,0.19583333333333333,0.16111111111111112,0.25833333333333336
82,720,0.4768876781972535,-0.2854341127935031,-0.24831213383955064,526,3.7488494804923296e-05,0.019810453057289124,58977,0.5387481172879537,0.24166666666666667,0.2152777777777778,0.16527777777777777,0.225,0.1527777777777778
83,720,0.47254800032565847,-0.05542222290877971,-0.05391439540468512,522,4.3573627783644044e-05,0.01921568438410759,59697,0.5445376674334208,0.20833333333333334,0.15833333333333333,0.18055555555555555,0.19305555555555556,0.25972222222222224
84,720,0.46824781352269496,0.18076124574626184,0.19812908672566842,545,4.170184540473403e-05,0.023134898394346237,60417,0.5502256353696188,0.16666666666666666,0.14166666666666666,0.18194444444444444,0.23333333333333334,0.2763888888888889
85,720,0.46398675841963843,-0.1937223821987895,-0.1761134018918199,517,3.998965727936997e-05,0.021712809801101685,61137,0.5560222188631694,0.175,0.16805555555555557,0.16527777777777777,0.23194444444444445,0.25972222222222224
86,720,0.45976447891801975,-0.04211714479476292,-0.04124253945218548,496,3.835461825916455e-05,0.02026735432446003,61857,0.5616724173227946,0.20833333333333334,0.18472222222222223,0.16527777777777777,0.21666666666666667,0.225
87,720,0.4555806221598658,0.14990990731809076,0.16172957468040527,565,3.956372372739578e-05,0.019648175686597824,62577,0.5674607833226522,0.2152777777777778,0.17777777777777778,0.2,0.19722222222222222,0.20972222222222223
88,720,0.451434838498211,-0.24735665660588352,-0.21913785578091605,516,3.784275960217403e-05,0.018434997648000717,63297,0.573224683602651,0.19166666666666668,0.2111111111111111,0.19305555555555556,0.18611111111111112,0.21805555555555556
89,720,0.44732678146787724,-0.05937432232071113,-0.05764604099200388,503,4.07465572379806e-05,0.019070032984018326,64017,0.5792291164398193,0.2375,0.16944444444444445,0.14583333333333334,0.2222222222222222,0.225
90,720,0.4432561077565196,0.12048974126094779,0.1280491685443459,532,3.929953308619992e-05,0.017365798354148865,64737,0.5848955670992534,0.1875,0.19166666666666668,0.15,0.21944444444444444,0.2513888888888889
91,720,0.43922247717593527,-0.01615220714110593,-0.01602245975151828,521,3.566322758135559e-05,0.017283644527196884,65457,0.59689755042394,0.2263888888888889,0.15138888888888888,0.16111111111111112,0.19722222222222222,0.2638888888888889
92,720,0.43522555263363427,-0.05355992120024769,-0.05215085695618393,539,3.644153285904394e-05,0.017299039289355278,66177,0.6029435674349467,0.21944444444444444,0.13472222222222222,0.1736111111111111,0.20277777777777778,0.26944444444444443
93,720,0.43126500010466823,-0.13023147714021677,-0.12210780457553172,521,3.5262074009602255e-05,0.016184819862246513,66897,0.6086756189664205,0.2222222222222222,0.18611111111111112,0.18194444444444444,0.19166666666666668,0.21805555555555556
94,720,0.42734048860371576,0.1945370449688953,0.2147484823712802,499,3.65236555884015e-05,0.017097126692533493,67617,0.614398165543874,0.25555555555555554,0.12777777777777777,0.16527777777777777,0.18888888888888888,0.2625
95,720,0.42345169015742196,0.13802097424658832,0.14799962844895664,523,3.8599887352575025e-05,0.017957570031285286,68337,0.6201743682225546,0.17777777777777778,0.14583333333333334,0.15138888888888888,0.20277777777777778,0.32222222222222224
96,720,0.41959827977698944,0.07284002685256506,0.07555846267891608,535,3.567420121599854e-05,0.016584139317274094,69057,0.6257732033729553,0.1763888888888889,0.14444444444444443,0.1527777777777778,0.2111111111111111,0.31527777777777777
97,720,0.4157799354310188,-0.03902200946326914,-0.03827045823759623,513,3.603128592051993e-05,0.01706455461680889,69777,0.631657350063324,0.3638888888888889,0.16944444444444445,0.14583333333333334,0.15555555555555556,0.16527777777777777
98,720,0.41199633801859653,-0.019351700878521418,-0.019165658725236345,523,3.901876602614923e-05,0.017964517697691917,70497,0.6375298976898194,0.24305555555555555,0.14722222222222223,0.19444444444444445,0.18888888888888888,0.2263888888888889
99,720,0.4082471713426273,0.0913812781239156,0.09568668699136929,491,3.798988086474411e-05,0.018047679215669632,71217,0.6433298508326213,0.2861111111111111,0.15138888888888888,0.1638888888888889,0.17083333333333334,0.22777777777777777
100,720,0.4045321220834094,-0.40317092278767647,-0.33180212068181425,534,3.445401919811451e-05,0.016571687534451485,71937,0.6497443517049154,0.1875,0.18888888888888888,0.17083333333333334,0.21805555555555556,0.23472222222222222
101,720,0.4008508797724504,-0.07262001150644816,-0.07004586523358403,484,3.740216382968558e-05,0.016557540744543076,72657,0.6618334174156189,0.1625,0.16805555555555557,0.14444444444444443,0.19583333333333333,0.32916666666666666
102,720,0.3972031367665211,0.22156506710743173,0.2480284511802282,526,3.7160474956484295e-05,0.01721270941197872,73377,0.6677472869555156,0.17916666666666667,0.14444444444444443,0.1763888888888889,0.23194444444444445,0.26805555555555555
103,720,0.39358858822194576,0.09593084906141922,0.10068294810332512,551,3.48434912868672e-05,0.016633953899145126,74097,0.6735243995984396,0.225,0.1875,0.12361111111111112,0.18055555555555555,0.2833333333333333
104,720,0.39000693206912607,-0.17783715045172596,-0.162921269717187,515,3.955745932368397e-05,0.016639551147818565,74817,0.6799919168154399,0.25833333333333336,0.18611111111111112,0.16527777777777777,0.17916666666666667,0.2111111111111111
105,720,0.386457868987297,-0.10303790119586094,-0.09790721756165155,521,3.709054277578616e-05,0.017552457749843597,75537,0.6879789034525553,0.18472222222222223,0.14444444444444443,0.16111111111111112,0.17916666666666667,0.33055555555555555
106,720,0.3829411023795126,-0.2407296370405022,-0.21394588242027002,502,3.699971442377622e-05,0.01759437844157219,76257,0.6939889351526897,0.25972222222222224,0.16944444444444445,0.13472222222222222,0.19305555555555556,0.24305555555555555
107,720,0.3794563383478591,-0.14243921537253593,-0.13275973243325523,521,3.441326146255758e-05,0.01688174530863762,76977,0.6997581839561462,0.3055555555555556,0.12638888888888888,0.18333333333333332,0.18472222222222223,0.2
108,720,0.37600328566889357,-0.1015709793414181,-0.09658294688102775,498,3.516257698189899e-05,0.015276290476322174,77697,0.7098056832949321,0.26666666666666666,0.14444444444444443,0.19027777777777777,0.17777777777777778,0.22083333333333333
109,720,0.37258165576930663,-0.10292577979376899,-0.09780606798365743,526,3.527514310993259e-05,0.014861517585814,78417,0.7162193179130554,0.2388888888888889,0.18055555555555555,0.19027777777777777,0.17777777777777778,0.2125
110,720,0.36919116270180596,0.041241519191843996,0.042103763212886225,509,3.764258699195327e-05,0.01355254277586937,79137,0.7219406008720398,0.2625,0.21805555555555556,0.20416666666666666,0.14166666666666666,0.1736111111111111
111,720,0.3658315231212195,-0.3719598478762499,-0.31061807788323015,517,3.458508031523403e-05,0.013883080333471298,79857,0.7335055510203043,0.24583333333333332,0.1375,0.1597222222222222,0.2111111111111111,0.24583333333333332
112,720,0.36250245626081645,0.16500299632378815,0.17939665256033965,547,3.4029183046237045e-05,0.013054176233708858,80577,0.7393083651860555,0.21944444444444444,0.17222222222222222,0.1736111111111111,0.21388888888888888,0.22083333333333333
113,720,0.359203683908843,0.043281368549849826,0.04423166746946938,527,3.5991107511613844e-05,0.014557397924363613,81297,0.7448380351066589,0.20694444444444443,0.14305555555555555,0.1388888888888889,0.18611111111111112,0.325
114,720,0.3559349303852725,-0.0359606109934659,-0.03532170954572744,519,3.533731604521664e-05,0.016737669706344604,82017,0.750512437025706,0.25,0.12222222222222222,0.1625,0.20972222222222223,0.25555555555555554
115,720,0.3526959225187665,-0.12874575733268653,-0.12080253335836388,507,3.3241031743121616e-05,0.01589217036962509,82737,0.7560213168462118,0.2833333333333333,0.1388888888888889,0.125,0.2,0.25277777777777777
116,720,0.34948638962384576,0.07095501531005398,0.07353293223602297,514,3.356809756004016e-05,0.015009886585175991,83457,0.7615849177042643,0.2375,0.1638888888888889,0.17083333333333334,0.19305555555555556,0.23472222222222222
117,720,0.34630606347826876,0.09853111256033768,0.10354873808698395,552,3.526038196544808e-05,0.014242741279304028,84177,0.7673775831858317,0.23472222222222222,0.16666666666666666,0.16527777777777777,0.175,0.25833333333333336
118,720,0.3431546783006165,0.029473061795256796,0.02991169112619696,488,3.391281366273486e-05,0.012663139961659908,84897,0.7730076869328817,0.20555555555555555,0.19583333333333333,0.20694444444444443,0.14166666666666666,0.25
119,720,0.3400319707280809,0.20114820237990555,0.22280598115173755,533,3.3751246670969216e-05,0.01266760379076004,85617,0.7786213517189026,0.2708333333333333,0.16111111111111112,0.15555555555555556,0.18888888888888888,0.22361111111111112
120,720,0.3369376797944554,-0.1582742138155122,-0.14638432333918316,499,3.3070298118471126e-05,0.011630425229668617,86337,0.7842230041821797,0.2875,0.1875,0.16111111111111112,0.17083333333333334,0.19305555555555556
121,720,0.3338715469083258,-0.13020572255395693,-0.12208519453410505,488,3.4641580229314664e-05,0.011484397575259209,87057,0.7952937841415405,0.21666666666666667,0.16666666666666666,0.15833333333333333,0.19166666666666668,0.26666666666666666
122,720,0.3308333158314601,-0.10963630120911384,-0.10383999165540381,542,3.2026421493153776e-05,0.011991146951913834,87777,0.8009768486022949,0.25833333333333336,0.18472222222222223,0.1597222222222222,0.15416666666666667,0.24305555555555555
123,720,0.3278227326573938,0.04972160287940324,0.0509784662654067,500,3.163712530067642e-05,0.01140180416405201,88497,0.8065166672070821,0.28194444444444444,0.14444444444444443,0.16527777777777777,0.16111111111111112,0.24722222222222223
124,720,0.3248395457902115,0.08098593188074156,0.08435564161497333,483,3.225224366158525e-05,0.012456219643354416,89217,0.8120923519134522,0.21666666666666667,0.15694444444444444,0.14444444444444443,0.18472222222222223,0.2972222222222222
125,720,0.3218835059235206,0.013056011238211956,0.01314161308682782,517,3.4063754647680373e-05,0.012157239951193333,89937,0.8176557302474976,0.1375,0.1486111111111111,0.18333333333333332,0.2152777777777778,0.31527777777777777
126,720,0.3189543660196166,-0.412607410601999,-0.33807790457835907,512,3.235747492706448e-05,0.01246371679008007,90657,0.8232718865076701,0.25416666666666665,0.17916666666666667,0.14583333333333334,0.1486111111111111,0.2722222222222222
127,720,0.31605188128883804,-0.07514724861532804,-0.07239311255794334,505,3.3695577416084336e-05,0.012480348348617554,91377,0.8288253823916117,0.2652777777777778,0.15694444444444444,0.21944444444444444,0.14027777777777778,0.21805555555555556
128,720,0.31317580916910964,-0.1228057252962588,-0.11556453068979433,528,3.231415940187314e-05,0.011687597259879112,92097,0.8345306158065796,0.22916666666666666,0.15416666666666667,0.18611111111111112,0.19722222222222222,0.23333333333333334
129,720,0.3103259093056707,-0.17739410345904486,-0.1625503223356053,511,3.360389622710298e-05,0.011874229647219181,92817,0.8402972857157389,0.18055555555555555,0.18472222222222223,0.17083333333333334,0.20694444444444443,0.2569444444444444
130,720,0.30750194353098914,-0.15817290685449542,-0.14629784174858695,494,3.523799514368875e-05,0.011481738649308681,93537,0.8458052476247152,0.29583333333333334,0.13194444444444445,0.175,0.17222222222222222,0.225
131,720,0.30470367584485714,0.1731819134628252,0.18908239550651618,524,3.243081285341355e-05,0.010774887166917324,94257,0.8570035497347513,0.18611111111111112,0.18194444444444444,0.19027777777777777,0.22361111111111112,0.21805555555555556
132,720,0.3019308723946689,0.09321123761181248,0.09769358495091862,457,3.2433750197924384e-05,0.01091721374541521,94977,0.8624698321024576,0.22361111111111112,0.15694444444444444,0.18888888888888888,0.2111111111111111,0.21944444444444444
133,720,0.29918330145587746,0.3221565813386602,0.3801008570793565,491,3.1670000443758305e-05,0.011293606832623482,95697,0.8679908990859986,0.2777777777777778,0.15,0.13194444444444445,0.19166666666666668,0.24861111111111112
134,720,0.29646073341262896,-0.03975567676550179,-0.03897578898528942,547,3.3278894002503675e-05,0.011313367635011673,96417,0.8735888163248698,0.20555555555555555,0.16527777777777777,0.17222222222222222,0.19722222222222222,0.25972222222222224
135,720,0.29376294073857406,-0.020361533088860972,-0.02015563689601263,522,3.287734454665446e-05,0.01122721191495657,97137,0.879313854376475,0.2638888888888889,0.19027777777777777,0.20277777777777778,0.16111111111111112,0.18194444444444444
136,720,0.29108969797785306,0.03322981346994104,0.033788090372266266,460,3.073843647219595e-05,0.010243484750390053,97857,0.884938633441925,0.2569444444444444,0.1597222222222222,0.14583333333333334,0.1986111111111111,0.2388888888888889
137,720,0.2884407817262546,0.17565378275343135,0.19202528748767023,480,3.126260505092028e-05,0.010634927079081535,98577,0.8904966831207275,0.25,0.14166666666666666,0.13472222222222222,0.2152777777777778,0.25833333333333336
138,720,0.28581597061254566,-0.005705712265461218,-0.005689465603513244,475,3.228232350870207e-05,0.011773761361837387,99297,0.8961668173472087,0.24861111111111112,0.13194444444444445,0.1125,0.16805555555555557,0.3388888888888889
139,720,0.2832150452799715,-0.027625660680928248,-0.02724756186079469,490,2.9497417125412538e-05,0.011254481039941311,100017,0.9017446319262187,0.18333333333333332,0.1527777777777778,0.125,0.17083333333333334,0.3680555555555556
140,720,0.28063778836792375,0.09453342058652689,0.09914589661970097,486,3.188018243918123e-05,0.011468745768070221,100737,0.9074214855829875,0.2833333333333333,0.1111111111111111,0.20972222222222223,0.1625,0.23333333333333334
141,720,0.27808398449377564,-0.13590781627253576,-0.12707690191517362,488,2.9235175092405066e-05,0.011468513868749142,101457,0.9184332847595215,0.29583333333333334,0.175,0.1125,0.19722222222222222,0.21944444444444444
142,720,0.2755534202348823,0.06242704765692896,0.06441680438546782,493,3.205038199464777e-05,0.011070510372519493,102177,0.9240381201108296,0.24166666666666667,0.19444444444444445,0.15,0.12916666666666668,0.2847222222222222
143,720,0.2730458841107448,0.14670646514530591,0.15801399566620788,490,3.1851009069012235e-05,0.010245800018310547,102897,0.9302377184232076,0.25416666666666665,0.1625,0.16527777777777777,0.2,0.21805555555555556
144,720,0.270561166565337,0.24765994723561494,0.2810242422846094,477,3.316023663097035e-05,0.01031707227230072,103617,0.9360247174898784,0.23333333333333334,0.14722222222222223,0.11388888888888889,0.23472222222222222,0.2708333333333333
145,720,0.26809905994959243,-0.10113391507112862,-0.09618800926566573,454,3.3899704754326696e-05,0.009934884496033192,104337,0.941647736231486,0.2972222222222222,0.1986111111111111,0.12083333333333333,0.19722222222222222,0.18611111111111112
146,720,0.26565935850405115,-0.2053496561991379,-0.1856374802795121,508,3.310965369615183e-05,0.010823155753314495,105057,0.9471810181935628,0.19722222222222222,0.18888888888888888,0.15694444444444444,0.18611111111111112,0.2708333333333333
147,720,0.2632418583416643,0.11891966100318224,0.1262794304939685,475,3.3526869733198815e-05,0.010818684473633766,105777,0.9526652495066324,0.23472222222222222,0.14722222222222223,0.15833333333333333,0.15138888888888888,0.30833333333333335
148,720,0.2608463574307552,-0.1913153827099517,-0.174127918701399,461,3.409169848459391e-05,0.011163816787302494,106497,0.958455216884613,0.2222222222222222,0.17916666666666667,0.1361111111111111,0.16944444444444445,0.29305555555555557
149,720,0.2584726555781353,-0.023194244142991607,-0.022927325305112434,473,3.458964721024434e-05,0.011706579476594925,107217,0.9645273009936015,0.2652777777777778,0.14305555555555555,0.1361111111111111,0.20833333333333334,0.24722222222222223
150,720,0.2561205544123743,0.09420533455300108,0.09878534135202566,502,3.240177701715968e-05,0.01120161172002554,107937,0.9700362006823222,0.23194444444444445,0.1736111111111111,0.1638888888888889,0.2013888888888889,0.22916666666666666
151,720,0.2537898573672217,0.13960363987609675,0.14981796653463597,477,3.218345243377977e-05,0.011725980788469315,108657,0.9811182022094727,0.27361111111111114,0.15138888888888888,0.15416666666666667,0.1736111111111111,0.24722222222222223
152,720,0.25148036966518,0.04357766688624639,0.044541117417841836,499,3.312061368205832e-05,0.010850038379430771,109377,0.9877042690912883,0.2,0.21944444444444444,0.17777777777777778,0.14305555555555555,0.25972222222222224
153,720,0.24919189830122687,0.17473992639331373,0.19093644519578556,506,3.43836879349308e-05,0.010819449089467525,110097,0.9934379657109579,0.2972222222222222,0.2152777777777778,0.15,0.1625,0.175
154,720,0.24692425202668572,0.049792293715197666,0.051052763437622106,521,3.3600394081961186e-05,0.010805714875459671,110817,0.9989704847335815,0.24305555555555555,0.15833333333333333,0.1125,0.175,0.3111111111111111
155,720,0.24467724133324287,-0.03384210311743558,-0.033275864685499035,460,3.366826334361879e-05,0.01061275228857994,111537,1.0045435547828674,0.34444444444444444,0.175,0.14305555555555555,0.1527777777777778,0.18472222222222223
156,720,0.24245067843711035,-0.30304370594933,-0.2614331840987707,475,3.2939659893650565e-05,0.010378207080066204,112257,1.0101744691530863,0.3541666666666667,0.17916666666666667,0.12777777777777777,0.12638888888888888,0.2125
157,720,0.24024437726333264,0.03751191915516587,0.03822437176545912,471,3.319176461092057e-05,0.01018530037254095,112977,1.0158880511919657,0.20833333333333334,0.1527777777777778,0.18888888888888888,0.15833333333333333,0.2916666666666667
158,720,0.2380581534302363,0.17688069431420853,0.1934886946456329,496,3.6847702813247454e-05,0.010375545360147953,113697,1.0216120680173237,0.24027777777777778,0.1875,0.15,0.1375,0.2847222222222222
159,720,0.23589182423402116,-0.03862655265640891,-0.03789006053347577,538,3.3398559749760656e-05,0.010112904943525791,114417,1.0273284196853638,0.22083333333333333,0.19166666666666668,0.18333333333333332,0.18611111111111112,0.21805555555555556
160,720,0.23374520863349157,-0.028858661297700716,-0.028446227087643106,506,3.321557880882311e-05,0.01029646024107933,115137,1.0329124848047893,0.2263888888888889,0.2152777777777778,0.15833333333333333,0.15833333333333333,0.24166666666666667
161,720,0.2316181272349268,0.9159361832066835,1.4991137854436953,537,3.412082920072458e-05,0.010208521969616413,115857,1.0440684676170349,0.2388888888888889,0.1986111111111111,0.10694444444444444,0.17222222222222222,0.2833333333333333
162,720,0.22951040227708897,-0.15470901838188303,-0.14333558518227674,525,3.294567723502142e-05,0.009742016904056072,116577,1.0502643664677938,0.2625,0.1638888888888889,0.19027777777777777,0.13194444444444445,0.2513888888888889
163,720,0.22742185761636746,-0.008342242605230019,-0.00830754265821998,468,3.524706296250063e-05,0.010437164455652237,117297,1.056675167878469,0.3111111111111111,0.1527777777777778,0.14305555555555555,0.14444444444444443,0.24861111111111112
164,720,0.22535231871205852,-0.03045070920866444,-0.0299917566372091,487,3.454481741174378e-05,0.0109553262591362,118017,1.0622444152832031,0.32222222222222224,0.1875,0.12916666666666668,0.14305555555555555,0.21805555555555556
165,720,0.22330161261177878,0.25050390680706097,0.28467260888423396,506,3.56632462335761e-05,0.010883605107665062,118737,1.0677894194920858,0.18611111111111112,0.24444444444444444,0.15416666666666667,0.18194444444444444,0.23333333333333334
166,720,0.22126956793701158,0.12297074230416445,0.1308513343590989,503,3.4592992662712476e-05,0.010848084464669228,119457,1.0733510851860046,0.19722222222222222,0.22361111111111112,0.12361111111111112,0.18333333333333332,0.2722222222222222
167,720,0.21925601486878477,-0.1733628372211696,-0.15916752582862315,517,3.516072399192025e-05,0.010528984479606152,120177,1.078862488269806,0.2833333333333333,0.20833333333333334,0.09027777777777778,0.18055555555555555,0.2375
168,720,0.21726078513347882,-0.11310001465829611,-0.1069386635751477,456,3.509047260952987e-05,0.010329259559512138,120897,1.085089917977651,0.26666666666666666,0.16944444444444445,0.15833333333333333,0.1638888888888889,0.24166666666666667
169,720,0.21528371198876417,0.05981236279145029,0.06163732519108245,453,3.5948773194781504e-05,0.010760776698589325,121617,1.0908678849538167,0.20277777777777778,0.1763888888888889,0.11805555555555555,0.19166666666666668,0.3111111111111111
170,720,0.2133246302096664,0.04847982032832003,0.04967418952608482,474,3.310905404103121e-05,0.01075717806816101,122337,1.0966375708580016,0.2763888888888889,0.14444444444444443,0.11388888888888889,0.15833333333333333,0.30694444444444446
171,720,0.21138337607475843,0.08366083842547974,0.08726007442892514,514,3.412272287480139e-05,0.010606339201331139,123057,1.1081393520037333,0.2013888888888889,0.2111111111111111,0.13333333333333333,0.19444444444444445,0.25972222222222224
172,720,0.20945978735247814,-0.11302679570213241,-0.10687327216238862,525,3.520250152683325e-05,0.011066189967095852,123777,1.1140340646107991,0.22361111111111112,0.19722222222222222,0.10833333333333334,0.19583333333333333,0.275
173,720,0.20755370328757058,0.04613916932565014,0.04722014173700906,489,3.501141424572375e-05,0.011532431468367577,124497,1.1196773687998454,0.29305555555555557,0.1486111111111111,0.12222222222222222,0.16111111111111112,0.275
174,720,0.20566496458765368,0.2473858311132612,0.28067314101012975,496,3.4172441635544396e-05,0.011038624681532383,125217,1.1251975536346435,0.25555555555555554,0.14305555555555555,0.12361111111111112,0.1986111111111111,0.2791666666666667
175,720,0.20379341340990603,0.07066588878636768,0.0732225902574759,428,3.4835310798876484e-05,0.010805219411849976,125937,1.130896234512329,0.24305555555555555,0.22777777777777777,0.07777777777777778,0.2013888888888889,0.25
176,720,0.20193889334787588,0.07803267042587735,0.0811579799847455,468,3.4833798930675485e-05,0.010867811739444733,126657,1.1365585486094156,0.21944444444444444,0.19027777777777777,0.15833333333333333,0.19027777777777777,0.24166666666666667
177,720,0.2001012494184102,-0.1055319980370021,-0.10015432090922405,478,3.3863812658789055e-05,0.011034836992621422,127377,1.1421350995699564,0.2361111111111111,0.1875,0.1375,0.19027777777777777,0.24861111111111112
178,720,0.19828032804870266,0.022902515200322146,0.02316679147563039,435,3.4373903193025196e-05,0.010909829288721085,128097,1.147969384988149,0.2791666666666667,0.16805555555555557,0.12222222222222222,0.13194444444444445,0.2986111111111111
179,720,0.19647597706345946,0.04808860551080627,0.04926362174491605,498,3.5436319444670515e-05,0.011019382625818253,128817,1.153765070438385,0.22916666666666666,0.1638888888888889,0.11388888888888889,0.2152777777777778,0.2777777777777778
180,720,0.19468804567218198,-0.05203506252948652,-0.050704418444959876,496,3.64627905166041e-05,0.011491619050502777,129537,1.1594670335451762,0.25972222222222224,0.15694444444444444,0.15833333333333333,0.16527777777777777,0.25972222222222224
181,720,0.19291638445656512,0.6776313305108336,0.9692078012157497,484,3.6258230707315107e-05,0.011618103832006454,130257,1.170699950059255,0.2222222222222222,0.14583333333333334,0.11805555555555555,0.16527777777777777,0.3486111111111111
182,720,0.19116084535801037,0.8322397393703577,1.2984609329716439,505,3.682121901975835e-05,0.012117876671254635,130977,1.1763138810793559,0.18472222222222223,0.15833333333333333,0.10277777777777777,0.22083333333333333,0.3333333333333333
183,720,0.18942128166525246,0.9305160230077351,1.5358173801691013,511,3.859152695895318e-05,0.011469717137515545,131697,1.182499349117279,0.25,0.14166666666666666,0.11944444444444445,0.19305555555555556,0.29583333333333334
184,720,0.18769754800209867,-0.06832934608362332,-0.06604717078732958,478,3.8937332226396394e-05,0.011680493131279945,132417,1.1890544335047404,0.25277777777777777,0.20416666666666666,0.12222222222222222,0.20694444444444443,0.21388888888888888
185,720,0.18598950031527958,0.07323869931207379,0.0759873437024221,441,3.810522502034372e-05,0.011130089871585369,133137,1.1951305190722148,0.35833333333333334,0.1875,0.07222222222222222,0.13055555555555556,0.2513888888888889
186,720,0.18429699586241055,0.11384532776867344,0.1205787890576997,443,3.675137802853593e-05,0.011052217334508896,133857,1.200980583826701,0.24027777777777778,0.19722222222222222,0.08611111111111111,0.22916666666666666,0.24722222222222223
187,720,0.1826198932000626,-0.2227987426907884,-0.19972410553859954,514,3.6149201074901306e-05,0.01117075327783823,134577,1.2069242159525553,0.20972222222222223,0.19305555555555556,0.14305555555555555,0.20833333333333334,0.24583333333333332
188,720,0.18095805217194205,0.008045885988460044,0.008078341114151177,398,3.835894008893269e-05,0.011541597545146942,135297,1.212760317325592,0.21805555555555556,0.18333333333333332,0.08194444444444444,0.1763888888888889,0.3402777777777778
189,720,0.17931133389717738,-0.11285220882120102,-0.10671733034039776,481,3.7828235628644e-05,0.010876063257455826,136017,1.2187084158261616,0.2111111111111111,0.18333333333333332,0.13472222222222222,0.2111111111111111,0.25972222222222224
190,720,0.17767960075871306,0.4595016294508339,0.5832847258607492,475,3.869295304891946e-05,0.010952617041766644,136737,1.224354581038157,0.3402777777777778,0.1486111111111111,0.11944444444444445,0.17777777777777778,0.21388888888888888
191,720,0.17606271639180876,0.10981286108701847,0.11606919093953372,488,3.909809952220813e-05,0.011463882401585579,137457,1.2355968515078226,0.27361111111111114,0.20277777777777778,0.07222222222222222,0.14722222222222223,0.30416666666666664
192,720,0.1744605456726433,-0.013192139341084767,-0.013105504455826922,458,4.17486455540307e-05,0.012624061666429043,138177,1.2412035862604778,0.30416666666666664,0.2013888888888889,0.08055555555555556,0.11805555555555555,0.29583333333333334
193,720,0.17287295470702224,-0.06026928213745067,-0.05848903264036942,484,3.931466264046119e-05,0.011840799823403358,138897,1.2468888839085897,0.3194444444444444,0.16805555555555557,0.10972222222222222,0.1388888888888889,0.2638888888888889
194,720,0.17129981081918835,-0.05522868086965014,-0.05373127034695613,505,3.849898068640161e-05,0.011799643747508526,139617,1.2525951822598775,0.15555555555555556,0.2569444444444444,0.0875,0.24305555555555555,0.2569444444444444
195,720,0.16974098254073375,-0.05645387472395034,-0.05488992304702256,479,3.9566184929956053e-05,0.012161750346422195,140337,1.2581957181294758,0.20277777777777778,0.17083333333333334,0.12361111111111112,0.17916666666666667,0.3236111111111111
196,720,0.16819633959961308,0.040177188886614354,0.04099521063420619,436,3.921080699961345e-05,0.012183541432023048,141057,1.263987950483958,0.19722222222222222,0.17083333333333334,0.12361111111111112,0.2,0.30833333333333335
197,720,0.16666575290925661,0.09496028024028647,0.09961517780804297,475,3.885058441710498e-05,0.011692700907588005,141777,1.2696416179339092,0.2152777777777778,0.16944444444444445,0.1486111111111111,0.19166666666666668,0.275
198,720,0.16514909455778237,0.4768043239054278,0.6109181950308229,486,3.922787179438577e-05,0.011561425402760506,142497,1.27539937098821,0.24166666666666667,0.26666666666666666,0.13194444444444445,0.14444444444444443,0.2152777777777778
199,720,0.16364623779730655,-0.011748922752092071,-0.011680173665148508,484,3.8055527205768964e-05,0.012093435041606426,143217,1.281257685025533,0.32222222222222224,0.18055555555555555,0.11805555555555555,0.1111111111111111,0.26805555555555555
200,720,0.16215705703335107,-0.33343044248170667,-0.28353826779315927,477,3.989540137531043e-05,0.011376812122762203,143937,1.2878387490908305,0.2263888888888889,0.21944444444444444,0.09722222222222222,0.2,0.2569444444444444
201,720,0.16068142781434758,-0.23125302362216985,-0.20646134339367672,514,3.9274251932713214e-05,0.01115172728896141,144657,1.2997566183408102,0.19027777777777777,0.2361111111111111,0.1597222222222222,0.16111111111111112,0.25277777777777777
202,720,0.15921922682123701,-0.02450184169345331,-0.02420410820015184,526,3.880624077383901e-05,0.0112136946991086,145377,1.3057199835777282,0.18055555555555555,0.24305555555555555,0.13472222222222222,0.17222222222222222,0.26944444444444443
203,720,0.15777033185716377,0.17229338946777056,0.18802633650237488,527,3.76162124237251e-05,0.011027087457478046,146097,1.3116049329439798,0.23333333333333334,0.16666666666666666,0.1486111111111111,0.19583333333333333,0.25555555555555554
204,720,0.15633462183726357,-0.3674733015710486,-0.3075181852616268,499,3.64632916747117e-05,0.010828591883182526,146817,1.3217289686203002,0.27361111111111114,0.17916666666666667,0.1361111111111111,0.19444444444444445,0.21666666666666667
205,720,0.15491197677854449,0.03146649800076965,0.03196680206549929,480,3.9715384895720895e-05,0.010473504662513733,147537,1.3277546167373657,0.18472222222222223,0.20833333333333334,0.16527777777777777,0.15,0.2916666666666667
206,720,0.15350227778985973,0.5269011211530455,0.6936756722712016,532,3.6854314353402314e-05,0.010760826990008354,148257,1.3342045187950133,0.25416666666666665,0.20277777777777778,0.14722222222222223,0.14444444444444443,0.2513888888888889
207,720,0.152105407061972,-0.4278698791552368,-0.34810376543105837,521,3.9020771496072684e-05,0.010865222662687302,148977,1.340034266312917,0.2,0.1638888888888889,0.15555555555555556,0.2125,0.26805555555555555
208,720,0.15072124785770807,0.21141631928367063,0.23542657992188776,523,3.9699628273916054e-05,0.011418766342103481,149697,1.3462039868036906,0.2513888888888889,0.2,0.12638888888888888,0.16805555555555557,0.25416666666666665
209,720,0.14934968450220293,0.10386181163016833,0.10944713163154396,462,3.820172516068649e-05,0.011239472776651382,150417,1.3521190841992696,0.2847222222222222,0.13333333333333333,0.1527777777777778,0.16944444444444445,0.25972222222222224
210,720,0.1479906023732329,0.07714950080230158,0.08020355561987724,445,3.990245352269994e-05,0.01062343455851078,151137,1.3578967531522115,0.29583333333333334,0.2,0.10277777777777777,0.17777777777777778,0.22361111111111112
211,720,0.14664388789163646,-0.28066765452893067,-0.24472069256958218,446,4.1172141892628945e-05,0.01023936364799738,151857,1.3692617177963258,0.19722222222222222,0.2152777777777778,0.13333333333333333,0.17222222222222222,0.28194444444444444
212,720,0.14530942851182257,-0.0904522071759651,-0.08648200753767377,491,3.821913296633284e-05,0.010480119846761227,152577,1.3752848863601685,0.22083333333333333,0.15,0.2111111111111111,0.18055555555555555,0.2375
213,720,0.143987112712365,0.272718134527752,0.3135299539003107,498,3.79708989675641e-05,0.0101975928992033,153297,1.3812246481577555,0.19444444444444445,0.175,0.18472222222222223,0.20555555555555555,0.24027777777777778
214,720,0.1426768299866825,-0.23420471829367367,-0.20880017376335658,491,3.896474849069717e-05,0.01063439529389143,154017,1.3870010852813721,0.24444444444444444,0.2111111111111111,0.10138888888888889,0.21666666666666667,0.2263888888888889
215,720,0.14137847083380367,-0.023347526544179042,-0.02307708187301083,460,3.9351135337205455e-05,0.010968194343149662,154737,1.392908267180125,0.25833333333333336,0.14722222222222223,0.17083333333333334,0.19166666666666668,0.23194444444444445
216,720,0.14009192674921606,0.09292536724411317,0.09737983173068065,509,3.8067438303338956e-05,0.0104144886136055,155457,1.3985488851865133,0.1986111111111111,0.1763888888888889,0.20416666666666666,0.19583333333333333,0.225
217,720,0.1388170902157982,-0.05749439340519587,-0.05587281628985319,401,3.6834019557671936e-05,0.010524220764636993,156177,1.4043692866961162,0.2986111111111111,0.13333333333333333,0.17916666666666667,0.12361111111111112,0.2652777777777778
218,720,0.13755385469483442,0.13128178847397667,0.14028905635714328,393,4.1147005769441115e-05,0.010948162525892258,156897,1.4104984680811563,0.25972222222222224,0.11944444444444445,0.1388888888888889,0.13055555555555556,0.35138888888888886
219,720,0.13630211461711142,0.29407643231076086,0.3418864632306544,492,3.976329461971141e-05,0.011522546410560608,157617,1.4161750316619872,0.23055555555555557,0.16666666666666666,0.1375,0.20833333333333334,0.2569444444444444
220,720,0.1350617653740957,0.33807922450289585,0.40225159169009284,463,3.8719458730914386e-05,0.010968612506985664,158337,1.4217772682507832,0.17777777777777778,0.21666666666666667,0.16805555555555557,0.14583333333333334,0.2916666666666667
221,720,0.13383270330919142,0.9491936869037723,1.583625608066316,532,3.9329071098058595e-05,0.010386085137724876,159057,1.433072602748871,0.20277777777777778,0.20972222222222223,0.13333333333333333,0.20555555555555555,0.24861111111111112
222,720,0.1326148257090778,0.06648021625246933,0.06873982018724312,446,4.136868451243774e-05,0.010789732448756695,159777,1.4388547499974569,0.21944444444444444,0.14444444444444443,0.16111111111111112,0.14166666666666666,0.3333333333333333
223,720,0.13140803079512517,0.2843100670028029,0.32884489783546056,502,3.8847688608711904e-05,0.01050836592912674,160497,1.444549568494161,0.22361111111111112,0.1875,0.16111111111111112,0.19583333333333333,0.23194444444444445
224,720,0.13021221771488953,0.31631168793900377,0.3720578428669248,514,4.252572128330535e-05,0.010826368816196918,161217,1.4502076347668966,0.23333333333333334,0.09861111111111111,0.18055555555555555,0.22916666666666666,0.25833333333333336
225,720,0.12902728653368403,0.0040422660717138,0.0040504470487248145,439,4.094134393679067e-05,0.010817384347319603,161937,1.45587104956309,0.2708333333333333,0.12638888888888888,0.1875,0.17916666666666667,0.2361111111111111
226,720,0.12785313822622751,0.07164262336644962,0.07427135597299772,420,3.968572638970929e-05,0.010920907370746136,162657,1.4621225198109944,0.24305555555555555,0.15694444444444444,0.14027777777777778,0.18055555555555555,0.2791666666666667
227,720,0.12668967466836883,0.3476700319913414,0.41576501549519485,408,4.004552679109313e-05,0.01083274744451046,163377,1.4678128163019817,0.2916666666666667,0.10833333333333334,0.15555555555555556,0.18333333333333332,0.2611111111111111
228,720,0.12553679862888667,-0.13307319212253285,-0.124598982694609,463,4.1035890774310246e-05,0.010844361037015915,164097,1.4736441016197204,0.3055555555555556,0.13333333333333333,0.1361111111111111,0.1625,0.2625
229,720,0.1243944137613638,-0.11588953807051072,-0.10942640765828338,349,4.074038848405811e-05,0.011211161501705647,164817,1.479379419485728,0.2611111111111111,0.14444444444444443,0.12638888888888888,0.07083333333333333,0.3972222222222222
230,720,0.12326242459613539,-0.0028670395032800323,-0.0028629334705136955,449,4.015969191565697e-05,0.010648642666637897,165537,1.4851266662279765,0.20694444444444443,0.11805555555555555,0.24305555555555555,0.19305555555555556,0.2388888888888889
231,720,0.12214073653231056,-0.04408875296395924,-0.04313097125815846,458,3.879105626588676e-05,0.01106178481131792,166257,1.496421468257904,0.21666666666666667,0.19027777777777777,0.12222222222222222,0.2,0.2708333333333333
232,720,0.12102925582986652,-0.005717596039372129,-0.005701281694887372,499,4.1890442786199044e-05,0.011492468416690826,166977,1.5021824995676676,0.32916666666666666,0.09722222222222222,0.15138888888888888,0.15694444444444444,0.2652777777777778
233,720,0.11992788960181475,0.0664382054760845,0.06869492254074294,470,3.797228416336414e-05,0.011323075741529465,167697,1.5079760352770488,0.3402777777777778,0.12777777777777777,0.1,0.20833333333333334,0.22361111111111112
234,720,0.11883654580643824,0.25779721019655116,0.2940763665218171,480,3.866111379946031e-05,0.011473070830106735,168417,1.514802352587382,0.30972222222222223,0.1527777777777778,0.13472222222222222,0.17222222222222222,0.23055555555555557
235,720,0.11775513323959964,0.33835188148745826,0.40263397750839713,458,3.986135175056107e-05,0.011116878129541874,169137,1.5205565849939982,0.3527777777777778,0.12777777777777777,0.12777777777777777,0.1736111111111111,0.21805555555555556
236,720,0.11668356152711928,0.355694404289234,0.427171344174885,527,3.946669674203602e-05,0.010945907793939114,169857,1.5262903968493144,0.275,0.15138888888888888,0.16111111111111112,0.18611111111111112,0.2263888888888889
237,720,0.1156217411172225,-0.09076247678982048,-0.08676540044606507,372,3.7011376940022776e-05,0.010449158027768135,170577,1.5321727037429809,0.31527777777777777,0.12916666666666668,0.225,0.09444444444444444,0.2361111111111111
238,720,0.11456958327305578,0.028072124074168675,0.028469859182904234,454,3.8397410095411844e-05,0.010744951665401459,171297,1.5382708470026651,0.3388888888888889,0.15138888888888888,0.14444444444444443,0.12916666666666668,0.2361111111111111
239,720,0.11352700006527097,0.030361629184890226,0.030827243774009805,395,3.804392255359643e-05,0.010165903717279434,172017,1.5440162976582845,0.3194444444444444,0.16527777777777777,0.14305555555555555,0.05138888888888889,0.32083333333333336
240,720,0.112493904364677,0.36975627440840125,0.4473818076836791,487,3.934922236099838e-05,0.010509052313864231,172737,1.5499049345652263,0.29305555555555557,0.15694444444444444,0.17916666666666667,0.16527777777777777,0.20555555555555555
241,720,0.11147020983495844,0.047179650481333546,0.04831032161779558,406,4.002114892627004e-05,0.010477904230356216,173457,1.5613422671953836,0.2847222222222222,0.16527777777777777,0.18194444444444444,0.19444444444444445,0.1736111111111111
242,720,0.11045583092546031,0.2145808506136666,0.2393423185109138,504,4.013353641943872e-05,0.009973462671041489,174177,1.567350681622823,0.31805555555555554,0.12916666666666668,0.17222222222222222,0.14444444444444443,0.2361111111111111
243,720,0.10945068286403863,-0.042379802198861075,-0.04149433112900702,424,3.887793651023862e-05,0.010063858702778816,174897,1.573134183883667,0.3263888888888889,0.12083333333333333,0.14583333333333334,0.14305555555555555,0.2638888888888889
244,720,0.10845468164997588,0.18847930101238372,0.2074120905200434,452,3.951861433380246e-05,0.010171353816986084,175617,1.5790055672327676,0.2611111111111111,0.15138888888888888,0.16666666666666666,0.1763888888888889,0.24444444444444444
245,720,0.10746774404696109,0.15126108210875822,0.1633003353424165,421,3.976714207156975e-05,0.010196834802627563,176337,1.5846893310546875,0.3013888888888889,0.1375,0.18194444444444444,0.15,0.22916666666666666
246,720,0.10648978757613374,1.179233330958889,2.2518801311260948,498,3.7859350068932444e-05,0.0101975342258811,177057,1.5904809355735778,0.3138888888888889,0.17916666666666667,0.1527777777777778,0.1111111111111111,0.24305555555555555
247,720,0.10552073050919092,-0.06108951243383481,-0.059260971832939546,423,4.15147461997852e-05,0.010549800470471382,177777,1.5976813991864522,0.36666666666666664,0.10555555555555556,0.18611111111111112,0.15416666666666667,0.1875
248,720,0.10456049186155728,0.31552603177367805,0.37098030050782027,427,4.0537374273854864e-05,0.010688778944313526,178497,1.6037609020868937,0.3,0.1125,0.20972222222222223,0.11666666666666667,0.2611111111111111
249,720,0.1036089913856171,0.19972217954259583,0.22106347461935982,461,3.863874581308361e-05,0.011027258820831776,179217,1.6099297483762105,0.2638888888888889,0.18611111111111112,0.15138888888888888,0.15138888888888888,0.24722222222222223
250,720,0.10266614956400799,-0.06201358972913387,-0.06012988587597201,428,3.91025125307149e-05,0.010702858678996563,179937,1.615660015741984,0.225,0.18333333333333332,0.14722222222222223,0.21666666666666667,0.22777777777777777
251,720,0.10173188760297552,0.3049165284924372,0.356511768198029,516,4.035991448619017e-05,0.010932418517768383,180657,1.6269954005877176,0.31666666666666665,0.12361111111111112,0.14583333333333334,0.19444444444444445,0.21944444444444444
252,720,0.10080612742578844,-0.05093422149947926,-0.0496588195056652,424,3.7652240916941085e-05,0.010396458208560944,181377,1.633045001824697,0.24305555555555555,0.10277777777777777,0.18888888888888888,0.19305555555555556,0.2722222222222222
253,720,0.09988879166621377,0.03611325660708968,0.036773261263689516,468,3.737571914446865e-05,0.010900076478719711,182097,1.6387862841288248,0.2763888888888889,0.14027777777777778,0.16666666666666666,0.19583333333333333,0.22083333333333333
254,720,0.09897980366205122,0.02686862321760528,0.027232839352948846,390,3.7927509333712804e-05,0.010645565576851368,182817,1.6445771177609763,0.3972222222222222,0.1527777777777778,0.12361111111111112,0.11666666666666667,0.20972222222222223
255,720,0.09807908744872657,-0.010425431940772912,-0.010371275490052345,463,3.6214135658004425e-05,0.010440677404403687,183537,1.6504995505015054,0.2625,0.14444444444444443,0.18472222222222223,0.2263888888888889,0.18194444444444444
256,720,0.09718656775294315,0.0930018689198255,0.09746378633799413,411,3.9759972907581365e-05,0.010704937390983105,184257,1.6562708377838136,0.1986111111111111,0.16805555555555557,0.2375,0.21388888888888888,0.18194444444444444
257,720,0.09630216998639138,0.10294363782993313,0.1084289338553277,386,3.868675281637479e-05,0.011398917064070702,184977,1.6623139182726543,0.36944444444444446,0.12777777777777777,0.08055555555555556,0.1763888888888889,0.24583333333333332
258,720,0.09542582023951522,0.2230046268097433,0.24982635643136963,469,3.776418048396913e-05,0.010782137513160706,185697,1.6684388478597005,0.2722222222222222,0.15694444444444444,0.1388888888888889,0.19027777777777777,0.24166666666666667
259,720,0.09455744527533563,0.14426555677295505,0.15519083654696209,438,3.777419129215155e-05,0.01083387155085802,186417,1.6741223533948262,0.3680555555555556,0.16666666666666666,0.10416666666666667,0.18333333333333332,0.17777777777777778
260,720,0.09369697252333008,0.3359944197026039,0.39933121610480127,436,3.764138446058496e-05,0.010989928618073463,187137,1.6798291166623434,0.3111111111111111,0.14444444444444443,0.15694444444444444,0.2013888888888889,0.18611111111111112
261,720,0.09284433007336777,0.0707200593220146,0.07328072887474346,362,3.419620787402285e-05,0.010053565725684166,187857,1.6914033850034078,0.3263888888888889,0.1597222222222222,0.19166666666666668,0.08888888888888889,0.23333333333333334
262,720,0.09199944666970013,0.3908336312264204,0.4782125645431581,406,3.76550378708392e-05,0.010566942393779755,188577,1.6970864335695903,0.3055555555555556,0.12777777777777777,0.17222222222222222,0.2125,0.18194444444444444
263,720,0.09116225170500586,0.01659651035015313,0.016734997501769433,380,3.746020571624184e-05,0.010406550951302052,189297,1.7031337817509968,0.3625,0.1486111111111111,0.10833333333333334,0.1763888888888889,0.20416666666666666
264,720,0.0903326752144903,-0.1843449930372697,-0.168351158730216,459,4.2981997162567294e-05,0.010477807372808456,190017,1.7091925183931986,0.29583333333333334,0.12777777777777777,0.1763888888888889,0.16111111111111112,0.2388888888888889
265,720,0.08951064787003844,0.03038021450338025,0.030846402204676382,330,3.75718852839984e-05,0.010319111868739128,190737,1.7148252169291178,0.23055555555555557,0.15833333333333333,0.19583333333333333,0.15694444444444444,0.25833333333333336
266,720,0.0886961009744211,0.2820201923833695,0.32580549088925426,490,3.699620506520457e-05,0.009646410122513771,191457,1.720679267247518,0.2388888888888889,0.1486111111111111,0.1597222222222222,0.19583333333333333,0.2569444444444444
267,720,0.08788896645555387,0.07540177743695858,0.07831730742654619,455,3.777106527043846e-05,0.010154826566576958,192177,1.7268881996472676,0.13472222222222222,0.17083333333333334,0.20277777777777778,0.2625,0.22916666666666666
268,720,0.08708917686080833,0.5672280443806226,0.7633722808215835,465,3.769888016399313e-05,0.009447535499930382,192897,1.7328516840934753,0.20694444444444443,0.1375,0.16944444444444445,0.18888888888888888,0.2972222222222222
269,720,0.08629666535137498,0.062417381112087555,0.06440651520243024,313,3.895232170836809e-05,0.009429899975657463,193617,1.7388639012972513,0.275,0.2,0.14027777777777778,0.11527777777777778,0.26944444444444443
270,720,0.08551136569667747,0.3079631477748509,0.3606508450019108,422,4.1912706656274974e-05,0.010803424753248692,194337,1.7445219318072,0.2861111111111111,0.2125,0.18472222222222223,0.1361111111111111,0.18055555555555555
271,720,0.0847332122688377,0.08307220437463078,0.08662026445243054,451,3.894474238500657e-05,0.010424116626381874,195057,1.7555487990379333,0.30277777777777776,0.14583333333333334,0.14166666666666666,0.14166666666666666,0.26805555555555555
272,720,0.08396214003719128,0.9649043716728659,1.624536664423069,470,3.938661822076028e-05,0.011206467635929585,195777,1.761202867825826,0.24166666666666667,0.21805555555555556,0.1111111111111111,0.18333333333333332,0.24583333333333332
273,720,0.08319808456285284,0.3935504409815391,0.4822340471867159,411,4.981710899301106e-05,0.01128305308520794,196497,1.7669065713882446,0.16666666666666666,0.1638888888888889,0.22361111111111112,0.20416666666666666,0.24166666666666667
274,720,0.08244098199333087,0.7949076917174164,1.2142365949929155,477,4.614768717551164e-05,0.010161524638533592,197217,1.7725830992062888,0.21388888888888888,0.22777777777777777,0.1527777777777778,0.18333333333333332,0.2222222222222222
275,720,0.08169076905719157,-0.11448603886745387,-0.1081756107902836,383,4.248256200425102e-05,0.010976390913128853,197937,1.7788815021514892,0.31527777777777777,0.08611111111111111,0.16111111111111112,0.1486111111111111,0.28888888888888886
276,720,0.08094738305877112,0.01649708245042377,0.01663391070189424,316,3.910844075865801e-05,0.010617204010486603,198657,1.7846691330273947,0.1986111111111111,0.10833333333333334,0.19444444444444445,0.23055555555555557,0.26805555555555555
277,720,0.08021076187293631,0.1645434707802757,0.17885481417638216,468,3.9026863757701196e-05,0.010326589457690716,199377,1.7905342340469361,0.19166666666666668,0.19305555555555556,0.1388888888888889,0.25277777777777777,0.22361111111111112
278,720,0.07948084393989259,-0.07126787225551194,-0.068787587254581,405,3.920864016006615e-05,0.010598178952932358,200097,1.7968258341153462,0.23055555555555557,0.16666666666666666,0.17083333333333334,0.15555555555555556,0.2763888888888889
279,720,0.07875756826003957,0.3432252294010487,0.4094861839077135,409,4.0826784606906584e-05,0.010667151771485806,200817,1.8025505344072978,0.1388888888888889,0.1527777777777778,0.3236111111111111,0.14027777777777778,0.24444444444444444
280,720,0.07804087438887321,0.01216380167792598,0.012238081583367144,382,4.3764873475993225e-05,0.011448310688138008,201537,1.8082298000653585,0.3597222222222222,0.2013888888888889,0.13194444444444445,0.15138888888888888,0.15555555555555556
281,720,0.07733070243193446,0.19281746788890217,0.21266142366647145,373,4.138161190591442e-05,0.011631233617663383,202257,1.8192356189092,0.3680555555555556,0.16527777777777777,0.10694444444444444,0.16805555555555557,0.19166666666666668
282,720,0.07662699303980386,0.05631977602948532,0.057935932203701856,399,4.0552239750013544e-05,0.01121104508638382,202977,1.8248933672904968,0.1625,0.20972222222222223,0.16527777777777777,0.22083333333333333,0.24166666666666667
283,720,0.07592968740314164,0.020551712450115375,0.020764353104054445,333,4.3568331958946754e-05,0.010685957036912441,203697,1.8304721156756083,0.1986111111111111,0.18472222222222223,0.20694444444444443,0.16111111111111112,0.24861111111111112
284,720,0.07523872724777306,-0.13281986129798054,-0.12437718854061885,444,4.182878399963859e-05,0.011006083339452744,204417,1.8362345178922017,0.28055555555555556,0.1638888888888889,0.15138888888888888,0.175,0.22916666666666666
285,720,0.07455405482981832,0.07117512984064958,0.0737692584419456,375,4.046171611409793e-05,0.01101998146623373,205137,1.8418959657351175,0.24166666666666667,0.20833333333333334,0.1763888888888889,0.1736111111111111,0.2
286,720,0.07387561293086697,0.19432627530287333,0.2144924772193595,416,3.762690651253959e-05,0.01028948463499546,205857,1.848024586836497,0.24166666666666667,0.18194444444444444,0.18055555555555555,0.18888888888888888,0.20694444444444443
287,720,0.07320334485319609,-0.1311533589281513,-0.12291674447149337,411,3.694354988334049e-05,0.010706240311264992,206577,1.853914984067281,0.24722222222222223,0.16666666666666666,0.12638888888888888,0.2222222222222222,0.2375
288,720,0.07253719441503201,0.15359813225851365,0.16602220590047678,442,3.7113134115113805e-05,0.010553546249866486,207297,1.8597357034683228,0.18472222222222223,0.17916666666666667,0.18194444444444444,0.15416666666666667,0.3
289,720,0.07187710594585521,0.20543943009077584,0.22806459494807707,420,4.013379406918223e-05,0.010499007999897003,208017,1.8655163844426472,0.24583333333333332,0.14166666666666666,0.20277777777777778,0.1763888888888889,0.23333333333333334
290,720,0.07122302428174793,0.056862135843055536,0.05850986976492667,422,4.0494993407315226e-05,0.011143933981657028,208737,1.871144417921702,0.2847222222222222,0.18472222222222223,0.12777777777777777,0.16527777777777777,0.2375
291,720,0.07057489476078402,0.1106706935400278,0.1170270020733255,399,3.90204842940673e-05,0.01136055588722229,209457,1.883519983291626,0.22361111111111112,0.12083333333333333,0.19583333333333333,0.22083333333333333,0.2388888888888889
292,720,0.06993266321846088,0.011696046162552601,0.011764712357000828,295,3.7645436656122104e-05,0.011058086529374123,210177,1.8902756492296855,0.3111111111111111,0.17916666666666667,0.12777777777777777,0.1875,0.19444444444444445
293,720,0.06929627598317288,0.21949957581054919,0.2454533196474471,397,3.5236487831803564e-05,0.011044194921851158,210897,1.8978344043095907,0.24444444444444444,0.16527777777777777,0.19027777777777777,0.25416666666666665,0.14583333333333334
294,720,0.068665679871726,0.21479139789425827,0.2396032861378452,445,3.6787555230451593e-05,0.010858130641281605,211617,1.903899085521698,0.30694444444444446,0.1375,0.15416666666666667,0.15833333333333333,0.24305555555555555
295,720,0.0680408221848933,-0.0005414294528452875,-0.0005412829063693447,335,3.6067858388832974e-05,0.01066663023084402,212337,1.9097986181577047,0.14027777777777778,0.09027777777777778,0.32222222222222224,0.19444444444444445,0.25277777777777777
296,720,0.06742165070301076,-0.22955280228403457,-0.20511100442480745,380,3.5425792724355336e-05,0.01044522412121296,213057,1.917335601647695,0.2638888888888889,0.1638888888888889,0.24583333333333332,0.15555555555555556,0.17083333333333334
297,720,0.06680811368161337,0.035093711773190935,0.035716763106379945,400,3.561048668845817e-05,0.010188153944909573,213777,1.9230427026748658,0.21666666666666667,0.2111111111111111,0.18055555555555555,0.2013888888888889,0.19027777777777777
298,720,0.06620015984711068,0.2273660962876225,0.255289340597014,446,3.3486556970451094e-05,0.010025889612734318,214497,1.9290156006813048,0.26805555555555555,0.17777777777777778,0.16111111111111112,0.225,0.16805555555555557
299,720,0.06559773839250198,0.1579590012994709,0.1711181793998704,427,3.6974384864960385e-05,0.009937002323567867,215217,1.937061615784963,0.2513888888888889,0.1527777777777778,0.1486111111111111,0.2916666666666667,0.15555555555555556
300,720,0.06500079897313021,-0.08305492356820765,-0.07969940036074585,365,3.4163742323774686e-05,0.010382096283137798,215937,1.9440110166867575,0.28194444444444444,0.14305555555555555,0.17083333333333334,0.16666666666666666,0.2375
301,720,0.06440929170247472,-0.09447502686010781,-0.09014954383496321,415,3.492022242678811e-05,0.009843594394624233,216657,1.955420152346293,0.2625,0.17777777777777778,0.20416666666666666,0.21805555555555556,0.1375
302,720,0.06382316714798221,0.5538147017948422,0.7398774884221817,488,3.732513878402541e-05,0.010321025736629963,217377,1.9620659351348877,0.1486111111111111,0.16805555555555557,0.13333333333333333,0.25416666666666665,0.29583333333333334
303,720,0.06324237632693558,0.33010371776066716,0.3911124040450662,477,3.991177276753256e-05,0.010260438546538353,218097,1.9682609518369039,0.14583333333333334,0.2125,0.16805555555555557,0.24027777777777778,0.23333333333333334
304,720,0.06266687070236046,0.10878624105847205,0.11492399989348612,331,3.665111464164915e-05,0.009751508012413979,218817,1.9743995189666748,0.29305555555555557,0.16666666666666666,0.18472222222222223,0.10833333333333334,0.24722222222222223
305,720,0.06209660217896898,0.1588668811560517,0.17218189679535945,466,3.647596682488559e-05,0.00973345898091793,219537,1.9812715530395508,0.20972222222222223,0.17916666666666667,0.19583333333333333,0.2152777777777778,0.2
306,720,0.06153152309914036,0.012180475022890233,0.012254959118791042,361,3.598768067010699e-05,0.010318508371710777,220257,1.9878855347633362,0.1875,0.18611111111111112,0.19027777777777777,0.14166666666666666,0.29444444444444445
307,720,0.06097158623893818,0.5739586940834396,0.7752809535348404,497,3.7922901918187156e-05,0.010758427903056145,220977,1.9951799352963766,0.1763888888888889,0.25555555555555554,0.15555555555555556,0.17222222222222222,0.24027777777777778
308,720,0.06041674480416385,0.1962243295799067,0.21679983891632726,423,3.9472482847536914e-05,0.010772614739835262,221697,2.001170833905538,0.25555555555555554,0.18888888888888888,0.1361111111111111,0.19166666666666668,0.22777777777777777
309,720,0.059866952426445956,0.0277411796812193,0.028129549164638945,460,3.845173379457063e-05,0.010180456563830376,222417,2.007102433840434,0.2708333333333333,0.16527777777777777,0.15833333333333333,0.18055555555555555,0.225
310,720,0.059322163159365296,0.3975655249768165,0.48819730486598045,458,3.7724026733738155e-05,0.010690408758819103,223137,2.0149892648061116,0.17083333333333334,0.19444444444444445,0.18472222222222223,0.2388888888888889,0.2111111111111111
311,720,0.05878233147461507,0.1539374460791182,0.1664179204819871,456,3.8981648368816323e-05,0.010337399318814278,223857,2.0267351190249125,0.1597222222222222,0.18194444444444444,0.16111111111111112,0.2625,0.23472222222222222
312,720,0.058247412258196074,0.13129315139486988,0.14030201344510496,374,3.575700059172959e-05,0.010561421513557434,224577,2.0333168188730877,0.2972222222222222,0.16805555555555557,0.17083333333333334,0.19305555555555556,0.17083333333333334
313,720,0.05771736080664649,0.3857998661258638,0.4707902863995219,444,3.8592584845926265e-05,0.010056622326374054,225297,2.0391258319218952,0.20694444444444443,0.17916666666666667,0.20416666666666666,0.24166666666666667,0.16805555555555557
314,720,0.057192132823306006,0.16712677318507152,0.1819040895571955,453,3.917157554585376e-05,0.010096979327499866,226017,2.046485420068105,0.18194444444444444,0.20555555555555555,0.15833333333333333,0.2152777777777778,0.2388888888888889
315,720,0.05667168441461392,0.6478562437717315,0.9114387749041997,477,4.3397911564271554e-05,0.010536347515881062,226737,2.0537880857785544,0.15694444444444444,0.1486111111111111,0.19444444444444445,0.25555555555555554,0.24444444444444444
316,720,0.056155972086440936,0.37735193662380623,0.4584174895898576,425,3.897550001789164e-05,0.010992213152348995,227457,2.059991415341695,0.09166666666666666,0.20277777777777778,0.2,0.2722222222222222,0.23333333333333334
317,720,0.05564495274045432,0.3708062540003424,0.4489023271610142,463,3.887505945385783e-05,0.010982022620737553,228177,2.065927187601725,0.18888888888888888,0.20833333333333334,0.18611111111111112,0.21944444444444444,0.19722222222222222
318,720,0.05513858367051619,0.0843246368743818,0.08798203557171558,456,4.0311699853469286e-05,0.010939974337816238,228897,2.071900117397308,0.2763888888888889,0.2152777777777778,0.14722222222222223,0.18888888888888888,0.17222222222222222
319,720,0.05463682255911449,0.5265098830780449,0.6930131714677257,470,3.618469453385842e-05,0.010473504662513733,229617,2.078535083929698,0.20555555555555555,0.21388888888888888,0.13333333333333333,0.23055555555555557,0.21666666666666667
320,720,0.05413962747382655,0.05112988314732169,0.05245958116911531,401,3.695229195146668e-05,0.010132519528269768,230337,2.0846795201301576,0.29583333333333334,0.15833333333333333,0.1763888888888889,0.19444444444444445,0.175
321,720,0.05364695686381473,0.7347645866104705,1.0849910999039767,454,3.912719375875895e-05,0.010043907910585403,231057,2.096572538216909,0.1986111111111111,0.20277777777777778,0.18611111111111112,0.2,0.2125
322,720,0.05315876955635402,0.07660265161190087,0.07961300866479859,418,4.14317233624691e-05,0.010391127318143845,231777,2.1027836839358014,0.16527777777777777,0.19722222222222222,0.19027777777777777,0.22083333333333333,0.2263888888888889
323,720,0.0526750247533912,0.34343411121667183,0.4097806306921259,482,4.2998395258564415e-05,0.010619347915053368,232497,2.109130318959554,0.12777777777777777,0.21666666666666667,0.1736111111111111,0.2611111111111111,0.22083333333333333
324,720,0.052195682028135335,0.22221337197787658,0.2488378164329499,411,4.240769369516784e-05,0.010578494518995285,233217,2.1171613653500874,0.24583333333333332,0.24305555555555555,0.15555555555555556,0.14444444444444443,0.2111111111111111
325,720,0.0517207013216793,0.17452581848284904,0.1906814835776267,416,3.9272438044690716e-05,0.01110821682959795,233937,2.123398149013519,0.22361111111111112,0.16666666666666666,0.14305555555555555,0.25972222222222224,0.20694444444444443
326,720,0.05125004293965202,0.04202020351414129,0.042915549096960603,402,3.9768093012703e-05,0.01037595421075821,234657,2.1302576343218487,0.30833333333333335,0.09305555555555556,0.15,0.24027777777777778,0.20833333333333334
327,720,0.050783667548901186,0.24323978830454782,0.2753744073221682,392,3.953471410732669e-05,0.010707463137805462,235377,2.136265250047048,0.325,0.1597222222222222,0.12777777777777777,0.23055555555555557,0.15694444444444444
328,720,0.050321536174206184,0.10283764194251177,0.10831145117328989,388,4.0066968133740174e-05,0.011118699796497822,236097,2.145197550455729,0.2222222222222222,0.3402777777777778,0.1361111111111111,0.1361111111111111,0.16527777777777777
329,720,0.049863610195020905,0.19759481440718513,0.21846858786976875,421,4.139348250065369e-05,0.011204401031136513,236817,2.15106714963913,0.33194444444444443,0.16111111111111112,0.19166666666666668,0.13472222222222222,0.18055555555555555
330,720,0.049409851342246215,0.02328046503956329,0.023553570286877656,426,4.0303675661511485e-05,0.010973187163472176,237537,2.156868886947632,0.20277777777777778,0.25972222222222224,0.15416666666666667,0.2263888888888889,0.15694444444444444
331,720,0.04896022169503177,0.29851492680938974,0.3478556562310964,475,3.678031787962431e-05,0.01004447229206562,238257,2.168219784895579,0.2513888888888889,0.15138888888888888,0.19722222222222222,0.2222222222222222,0.17777777777777778
332,720,0.04851468367760699,0.3851348694351223,0.46981254086109625,478,3.909734590731912e-05,0.010343199595808983,238977,2.174049969514211,0.18194444444444444,0.24444444444444444,0.17916666666666667,0.2111111111111111,0.18333333333333332
333,720,0.04807320005614076,0.11208031506482523,0.11860269768554477,462,3.970400497463642e-05,0.010287297889590263,239697,2.180070698261261,0.23055555555555557,0.16944444444444445,0.20833333333333334,0.2222222222222222,0.16944444444444445
334,720,0.04763573393562988,0.15384205018060207,0.1663066543036693,419,4.119264344050559e-05,0.010251647792756557,240417,2.186732566356659,0.18055555555555555,0.18472222222222223,0.20555555555555555,0.20277777777777778,0.2263888888888889
335,720,0.04720224875681565,0.16610918691643087,0.18070201189739654,436,3.883407939295264e-05,0.010386458598077297,241137,2.192757169405619,0.18055555555555555,0.18055555555555555,0.17916666666666667,0.25,0.20972222222222223
336,720,0.04677270829312862,0.1399463357253356,0.15021207190442643,440,3.900257436523841e-05,0.011204561218619347,241857,2.20048766930898,0.21944444444444444,0.23472222222222222,0.19444444444444445,0.16944444444444445,0.18194444444444444
337,720,0.046347076647661155,0.5304950440335957,0.6997735631332445,480,3.721302804504174e-05,0.010488597676157951,242577,2.2070882360140485,0.23333333333333334,0.20277777777777778,0.16527777777777777,0.20694444444444443,0.19166666666666668
338,720,0.045925318250167435,1.1062430511416872,2.0229798528131533,503,3.767130796619414e-05,0.010917243547737598,243297,2.2134772658348085,0.2375,0.1736111111111111,0.17777777777777778,0.15,0.2611111111111111
339,720,0.045507397854090914,0.42672202557824546,0.5322266826950093,444,3.824290427461266e-05,0.011221257969737053,244017,2.22013631661733,0.24444444444444444,0.14722222222222223,0.21805555555555556,0.20833333333333334,0.18194444444444444
340,720,0.04509328053361869,0.07014660974161524,0.07266543292858407,456,4.6409113978522024e-05,0.011225488036870956,244737,2.2262842853864035,0.1986111111111111,0.18055555555555555,0.12777777777777777,0.2708333333333333,0.2222222222222222
341,720,0.04468293168076276,0.057202988135335045,0.058870726776413695,289,4.092180539916828e-05,0.011264262720942497,245457,2.239355901877085,0.22361111111111112,0.20277777777777778,0.20277777777777778,0.17222222222222222,0.1986111111111111
342,720,0.04427631700246782,0.04526170246598743,0.04630164380254298,364,3.641951038465171e-05,0.01090322621166706,246177,2.2470115343729655,0.18472222222222223,0.18472222222222223,0.19444444444444445,0.2972222222222222,0.1388888888888889
343,720,0.043873402517745366,0.07095600694558271,0.0735339967899511,388,3.57007747677724e-05,0.010476266965270042,246897,2.252724285920461,0.1875,0.14583333333333334,0.2611111111111111,0.25555555555555554,0.15
344,720,0.04347415455483388,0.004989998821452197,0.00500246959999906,399,3.6736984399491726e-05,0.01099485345184803,247617,2.2589474360148114,0.25,0.13472222222222222,0.20277777777777778,0.19166666666666668,0.22083333333333333
345,720,0.043078539748384895,0.2033966202188574,0.2255584531273147,412,3.3991218394173e-05,0.010830425657331944,248337,2.264924967288971,0.2569444444444444,0.14166666666666666,0.2111111111111111,0.24305555555555555,0.14722222222222223
346,720,0.04268652503667459,0.2514096188534224,0.2858366794185112,454,3.529007445750823e-05,0.010546928271651268,249057,2.2707261363665263,0.24722222222222223,0.12083333333333333,0.2013888888888889,0.19166666666666668,0.2388888888888889
347,720,0.04229807765884085,0.10371801204353412,0.10928760506282575,331,3.380469393429545e-05,0.010247561149299145,249777,2.2766138315200806,0.2513888888888889,0.18194444444444444,0.14166666666666666,0.25416666666666665,0.17083333333333334
348,720,0.0419131651521454,0.1892801587628995,0.20837944315503254,385,3.5492120348913484e-05,0.010565587319433689,250497,2.282394003868103,0.2152777777777778,0.275,0.1763888888888889,0.19444444444444445,0.1388888888888889
349,720,0.04153175534926088,0.0863826088537183,0.09022337763347221,370,3.4768579006241556e-05,0.010156194679439068,251217,2.2883153835932415,0.25277777777777777,0.15555555555555556,0.16111111111111112,0.18194444444444444,0.24861111111111112
350,720,0.04115381637558261,0.37986666640120226,0.4620896307650091,399,3.605954416090956e-05,0.010950678959488869,251937,2.2943124175071716,0.28055555555555556,0.16111111111111112,0.2222222222222222,0.16944444444444445,0.16666666666666666
351,720,0.040779316646564805,0.003588846595831862,0.003595294216639955,384,3.929315833804341e-05,0.010815747082233429,252657,2.30676300128301,0.2833333333333333,0.14444444444444443,0.17222222222222222,0.2222222222222222,0.17777777777777778
352,720,0.04040822486508106,1.018659288331039,1.769479200690033,492,3.611200251801468e-05,0.01110584381967783,253377,2.3140684684117634,0.18472222222222223,0.16666666666666666,0.21805555555555556,0.20277777777777778,0.22777777777777777
353,720,0.040040510018808824,0.2069189085653963,0.2298828347734334,412,3.7074058757803464e-05,0.01086759939789772,254097,2.3212056159973145,0.2125,0.20694444444444443,0.26944444444444443,0.1388888888888889,0.17222222222222222
354,720,0.03967614137763766,0.5077539882227073,0.6615551285046015,485,3.618705610759005e-05,0.010770581662654877,254817,2.3280050714810687,0.26666666666666666,0.22916666666666666,0.17777777777777778,0.1638888888888889,0.1625
355,720,0.03931508849110116,0.602824229341596,0.827272155473384,436,3.926599944305862e-05,0.010729970410466194,255537,2.3354633688926696,0.2125,0.23194444444444445,0.16111111111111112,0.16944444444444445,0.225
356,720,0.03895732118583214,0.3308715984758202,0.39218102266605004,423,3.755608095288052e-05,0.011346216313540936,256257,2.341470734278361,0.31805555555555554,0.15555555555555556,0.16944444444444445,0.11805555555555555,0.2388888888888889
357,720,0.03860280956304107,0.7189067836043589,1.0521884977762754,485,3.9795114754623583e-05,0.011273674666881561,256977,2.3492884198824564,0.20833333333333334,0.1736111111111111,0.17916666666666667,0.18333333333333332,0.25555555555555554
358,720,0.038251523996017396,0.26537426968201633,0.3039189017774593,404,4.0860839953893445e-05,0.011681831441819668,257697,2.355337866147359,0.16111111111111112,0.14027777777777778,0.18611111111111112,0.20555555555555555,0.30694444444444446
359,720,0.03790343512765364,-0.056520761868318385,-0.054953136647068246,321,4.160191759865484e-05,0.011229176074266434,258417,2.3641050855318704,0.18611111111111112,0.19166666666666668,0.17083333333333334,0.18888888888888888,0.2625
360,720,0.037558513867991986,0.12240309021323176,0.1302095863966335,398,3.976770111648875e-05,0.011927084997296333,259137,2.370169285933177,0.24722222222222223,0.14166666666666666,0.15416666666666667,0.24166666666666667,0.2152777777777778
361,720,0.03721673139179326,0.2171298039775658,0.2425053738103513,421,4.3248919199514705e-05,0.012034306302666664,259857,2.3817752480506895,0.24444444444444444,0.2833333333333333,0.10694444444444444,0.17916666666666667,0.18611111111111112
362,720,0.03687805913612794,0.6161881760823826,0.8518556234456307,439,3.929832455342977e-05,0.011397849768400192,260577,2.3875428477923077,0.18333333333333332,0.2722222222222222,0.13333333333333333,0.17777777777777778,0.23333333333333334
363,720,0.036542468797989176,0.27656743550768814,0.31859586990156097,405,3.978224302222265e-05,0.011018856428563595,261297,2.3933331330617267,0.21944444444444444,0.2263888888888889,0.18055555555555555,0.1736111111111111,0.2
364,720,0.03620993233192747,-0.004005485425827343,-0.003997474168973225,467,4.198422868739726e-05,0.011376758106052876,262017,2.4003990332285565,0.17916666666666667,0.20694444444444443,0.1986111111111111,0.16805555555555557,0.24722222222222223
365,720,0.03588042194770693,0.3300833589969321,0.39108408300459385,406,4.1924328756219134e-05,0.012331364676356316,262737,2.406320369243622,0.3138888888888889,0.12916666666666668,0.12916666666666668,0.1625,0.2652777777777778
366,720,0.0355539101079828,0.1100216109626068,0.11630219456317925,296,4.150952471743747e-05,0.012011317536234856,263457,2.412202751636505,0.17777777777777778,0.20972222222222223,0.19305555555555556,0.14722222222222223,0.2722222222222222
367,720,0.03523036952600015,0.11801668253106526,0.1252628834437688,312,3.981194079314163e-05,0.011465052142739296,264177,2.4181065837542217,0.225,0.16666666666666666,0.12916666666666668,0.2611111111111111,0.21805555555555556
368,720,0.03490977316331355,0.14101818825012916,0.15144559057470008,349,3.9316735958689405e-05,0.012192681431770325,264897,2.424712085723877,0.13472222222222222,0.16111111111111112,0.20277777777777778,0.22777777777777777,0.27361111111111114
369,720,0.0345920942275274,-0.10873577305057708,-0.10303261085332638,351,3.907928659398547e-05,0.011363595724105835,265617,2.4308815320332844,0.2361111111111111,0.14166666666666666,0.17916666666666667,0.14027777777777778,0.30277777777777776
370,720,0.0342773061700569,0.05734211657235882,0.059018056054249035,435,4.073296546620339e-05,0.011359929107129574,266337,2.4371852835019427,0.2375,0.26666666666666666,0.1375,0.15555555555555556,0.20277777777777778
371,720,0.03396538268390938,0.09312598478611753,0.09760000745998676,341,4.046521256037118e-05,0.01180299837142229,267057,2.4494946638743085,0.33055555555555555,0.18194444444444444,0.09444444444444444,0.22916666666666666,0.1638888888888889
372,720,0.03365629770148581,-0.10721192379929424,-0.10166472580834762,384,4.1005075023450544e-05,0.012150498107075691,267777,2.45571285088857,0.16805555555555557,0.2,0.23333333333333334,0.18611111111111112,0.2125
373,720,0.03335002539240229,0.23723438405292216,0.26773822057802543,384,4.380689119645669e-05,0.012150273658335209,268497,2.4618004679679872,0.1597222222222222,0.2916666666666667,0.2375,0.11944444444444445,0.19166666666666668
374,720,0.03304654016133143,0.3999219651880116,0.49170828792353705,468,4.14964609212297e-05,0.011839629150927067,269217,2.4684678037961323,0.16805555555555557,0.2611111111111111,0.1527777777777778,0.19722222222222222,0.22083333333333333
375,720,0.03274581664586331,0.4768303913781837,0.6109601881443032,356,4.338458411312887e-05,0.011261211708188057,269937,2.4753628333409625,0.24305555555555555,0.18472222222222223,0.17777777777777778,0.2625,0.13194444444444445
376,720,0.03244782971438596,0.09766467731875647,0.10259299867244609,267,4.415506171603233e-05,0.011535677127540112,270657,2.4814876000086468,0.12777777777777777,0.21944444444444444,0.15138888888888888,0.21388888888888888,0.2875
377,720,0.032152554463985045,-0.01288951005295411,-0.012806796080507943,321,3.782423493198116e-05,0.011411827057600021,271377,2.4874916036923724,0.1638888888888889,0.34444444444444444,0.16805555555555557,0.10972222222222222,0.21388888888888888
378,720,0.03185996621836278,0.18203328861441503,0.19965412803888727,338,3.664871240213567e-05,0.011546174064278603,272097,2.494874370098114,0.125,0.2861111111111111,0.1875,0.18333333333333332,0.21805555555555556
379,720,0.03157004052577568,0.17298764895153415,0.1888514214318271,326,3.593571171210088e-05,0.011195067316293716,272817,2.502867420514425,0.175,0.21388888888888888,0.1763888888888889,0.18333333333333332,0.2513888888888889
380,720,0.031282753156991125,0.32102384640007653,0.3785384536812928,408,3.7489533259657846e-05,0.011572133749723434,273537,2.5099210500717164,0.23055555555555557,0.24583333333333332,0.1,0.19166666666666668,0.23194444444444445
381,720,0.030998080103262507,0.51146626922321,0.6677347511905827,408,4.0289289155579255e-05,0.01158720999956131,274257,2.523363435268402,0.36666666666666664,0.15694444444444444,0.13055555555555556,0.1388888888888889,0.20694444444444443
382,720,0.030715997574322817,0.26968122280759693,0.30954693049499604,396,4.3602503812204914e-05,0.011555560864508152,274977,2.529073619842529,0.21666666666666667,0.20833333333333334,0.16666666666666666,0.21944444444444444,0.18888888888888888
383,720,0.03043648199639648,-0.0172531585015342,-0.01710517504528486,355,4.310574239272884e-05,0.012159871868789196,275697,2.5356311162312823,0.2111111111111111,0.13194444444444445,0.24861111111111112,0.19722222222222222,0.2111111111111111
384,720,0.030159510010229273,0.15721303254921187,0.1702448875998741,371,3.734886475209957e-05,0.011791849508881569,276417,2.5421451846758525,0.3638888888888889,0.14027777777777778,0.14722222222222223,0.16944444444444445,0.17916666666666667
385,720,0.029885058469136187,0.3216676224949295,0.3794262095109371,413,3.824428886092493e-05,0.011988949030637741,277137,2.5485008001327514,0.16805555555555557,0.16527777777777777,0.1625,0.2638888888888889,0.24027777777777778
386,720,0.029613104437067047,0.5769736941034214,0.7806415026122915,397,3.8324189175556155e-05,0.011554859578609467,277857,2.554697016874949,0.32222222222222224,0.1638888888888889,0.08888888888888889,0.12916666666666668,0.29583333333333334
387,720,0.029343625186689738,0.39744783125484884,0.4880221636928592,413,3.96369061730992e-05,0.011187538504600525,278577,2.5612618684768678,0.3194444444444444,0.2125,0.14722222222222223,0.1736111111111111,0.14722222222222223
388,720,0.029076598197490863,0.07816609172188199,0.0813022391070275,345,4.0739557600015054e-05,0.01120935007929802,279297,2.5678311705589296,0.35138888888888886,0.16805555555555557,0.18055555555555555,0.12916666666666668,0.17083333333333334
389,720,0.028812001153893697,0.12728286254323487,0.13573823015409858,385,4.056192113163585e-05,0.01163799874484539,280017,2.5737282355626423,0.25,0.19305555555555556,0.09861111111111111,0.19444444444444445,0.2638888888888889
390,720,0.028549811943393264,0.09239412779522131,0.09679701509494798,375,3.875166838219633e-05,0.011386459693312645,280737,2.5798177838325502,0.26666666666666666,0.19583333333333333,0.175,0.18194444444444444,0.18055555555555555
391,720,0.028290008654708387,0.29919890929641113,0.348777881251918,413,3.875130220699753e-05,0.011282220482826233,281457,2.59167111714681,0.2875,0.1986111111111111,0.10555555555555556,0.19027777777777777,0.21805555555555556
392,720,0.02803256957595054,0.6301603568043874,0.8779116910387381,478,3.922440275042997e-05,0.01101263239979744,282177,2.597753318150838,0.175,0.24027777777777778,0.17777777777777778,0.2222222222222222,0.18472222222222223
393,720,0.02777747319280939,0.07032695026348541,0.07285889541658497,390,3.986117168450518e-05,0.01154830027371645,282897,2.6038357853889464,0.2375,0.1875,0.11388888888888889,0.2638888888888889,0.19722222222222222
394,720,0.027524698186754824,0.09777907430202364,0.10271913920017606,365,4.377624143216963e-05,0.011453426443040371,283617,2.611504634221395,0.37222222222222223,0.12777777777777777,0.15694444444444444,0.13472222222222222,0.20833333333333334
395,720,0.027274223433255355,-0.10048284630783204,-0.09559937391035356,357,3.900287151168413e-05,0.011114384047687054,284337,2.6177400668462116,0.28055555555555556,0.19444444444444445,0.19583333333333333,0.14166666666666666,0.1875
396,720,0.027026028000012733,0.11515451453499378,0.12204679671737528,403,3.647376660814593e-05,0.011210157535970211,285057,2.6241864482561748,0.25416666666666665,0.20972222222222223,0.1361111111111111,0.1875,0.2125
397,720,0.02678009114521262,0.5561173258595503,0.7438883882216885,442,3.638644872315429e-05,0.010686344467103481,285777,2.630159397919973,0.18194444444444444,0.16527777777777777,0.11944444444444445,0.3333333333333333,0.2
398,720,0.026536392315791184,0.2640981657342221,0.3022560269455272,388,3.747114881649496e-05,0.010621713474392891,286497,2.63679830233256,0.41388888888888886,0.1111111111111111,0.20833333333333334,0.14305555555555555,0.12361111111111112
399,720,0.026294911145717484,0.5793274665404338,0.7848376639685017,472,3.8017791764054384e-05,0.01082894578576088,287217,2.644348231951396,0.28194444444444444,0.17083333333333334,0.09583333333333334,0.2777777777777778,0.1736111111111111
400,720,0.026055627454291456,0.24338019789800575,0.2755534946967091,472,4.3879321631518705e-05,0.010880747810006142,287937,2.651104752222697,0.25277777777777777,0.16805555555555557,0.09444444444444444,0.275,0.20972222222222223
401,720,0.025818521244457403,0.09613162953393183,0.10090396593302509,441,3.8898316835103386e-05,0.010884747840464115,288657,2.6626529335975646,0.2972222222222222,0.11944444444444445,0.14583333333333334,0.2611111111111111,0.1763888888888889
402,720,0.02558357270113284,0.08554791459156792,0.08931375411727416,454,3.668357934556196e-05,0.0113156633451581,289377,2.668524467945099,0.325,0.125,0.10972222222222222,0.2388888888888889,0.2013888888888889
403,720,0.025350762189552532,0.14329303145878827,0.15406793033158905,463,3.8249695017435035e-05,0.011257214471697807,290097,2.6757580518722532,0.23194444444444445,0.24583333333333332,0.16805555555555557,0.18472222222222223,0.16944444444444445
404,720,0.025120070253627603,0.2670410469857108,0.30609405645445253,474,4.1875566936748024e-05,0.01130400225520134,290817,2.6815253178278606,0.1625,0.2013888888888889,0.15833333333333333,0.25833333333333336,0.21944444444444444
405,720,0.02489147761431959,0.34661708818241443,0.4142750790345775,388,3.6936231712540275e-05,0.010678277350962162,291537,2.6891828497250874,0.24027777777777778,0.12361111111111112,0.12222222222222222,0.3263888888888889,0.1875
406,720,0.024664965168029282,-0.004072612318056374,-0.004064330479230938,404,3.799405945351787e-05,0.01071288250386715,292257,2.6952584664026897,0.2861111111111111,0.2013888888888889,0.13333333333333333,0.225,0.15416666666666667
407,720,0.024440513985000214,0.19861374911089122,0.21971076053827154,480,3.3956891735442694e-05,0.01075020432472229,292977,2.7014581004778546,0.22916666666666666,0.16527777777777777,0.1527777777777778,0.2361111111111111,0.21666666666666667
408,720,0.02421810530773671,0.26818641330622917,0.30759086963421023,411,3.502035477948892e-05,0.01096063107252121,293697,2.7082738002141316,0.33611111111111114,0.14027777777777778,0.07777777777777778,0.26666666666666666,0.17916666666666667
409,720,0.023997720549436306,0.12005926390896361,0.12756367343018704,394,3.900318140368755e-05,0.010496368631720543,294417,2.716836432615916,0.24444444444444444,0.15555555555555556,0.2013888888888889,0.23333333333333334,0.16527777777777777
410,720,0.023779341292436435,0.46389402946948255,0.5902544414038249,441,3.599932332842097e-05,0.009910427033901215,295137,2.723153118292491,0.21944444444444444,0.2013888888888889,0.1375,0.2847222222222222,0.15694444444444444
411,720,0.023562949286675263,0.7330585567159185,1.0814370752558293,447,3.604693212966797e-05,0.010523265227675438,295857,2.7346937537193297,0.2,0.2013888888888889,0.14583333333333334,0.2777777777777778,0.175
412,720,0.02334852644816652,0.11500520759448753,0.12187927984907887,393,3.8357152658995293e-05,0.010820481926202774,296577,2.741965651512146,0.18888888888888888,0.1388888888888889,0.14444444444444443,0.3263888888888889,0.2013888888888889
413,720,0.023136054857488205,0.01190439834493546,0.011975537705075645,418,3.487668886034751e-05,0.010776102542877197,297297,2.7486489176750184,0.20277777777777778,0.13194444444444445,0.1986111111111111,0.19444444444444445,0.2722222222222222
414,720,0.022925516758285063,0.31577672479977764,0.37132403879266795,431,3.9738001450789146e-05,0.010219941847026348,298017,2.754499916235606,0.17916666666666667,0.15694444444444444,0.18472222222222223,0.29305555555555557,0.18611111111111112
415,720,0.02271689455578467,0.24606342015574756,0.2789806841238731,435,3.890625238796019e-05,0.010314000770449638,298737,2.7607052524884543,0.21805555555555556,0.13333333333333333,0.20416666666666666,0.25416666666666665,0.19027777777777777
416,720,0.022510170815327028,0.2503846438636914,0.2845194041836385,496,3.863258629432191e-05,0.010175763629376888,299457,2.766910453637441,0.21388888888888888,0.17916666666666667,0.13055555555555556,0.29444444444444445,0.18194444444444444
417,720,0.022305328260907552,-0.0309676175416113,-0.030493032413256183,438,3.588532663722314e-05,0.010665876790881157,300177,2.7741647164026895,0.21666666666666667,0.18472222222222223,0.10694444444444444,0.25277777777777777,0.2388888888888889
418,720,0.022102349773733293,0.06175093807737624,0.06369738521788904,456,4.051539140795689e-05,0.010704722255468369,300897,2.7798855861028033,0.2013888888888889,0.18472222222222223,0.12083333333333333,0.23194444444444445,0.2611111111111111
419,720,0.02190121839079232,0.37403401755747695,0.4535865970814379,486,4.2292194679147444e-05,0.011057080700993538,301617,2.7863892197608946,0.24444444444444444,0.1638888888888889,0.15694444444444444,0.2722222222222222,0.1625
420,720,0.021701917303436107,0.32991669378724137,0.39085225700340254,481,3.968930190770455e-05,0.01078840158879757,302337,2.7934292475382487,0.2569444444444444,0.17916666666666667,0.15,0.27361111111111114,0.14027777777777778
421,720,0.021504429855974838,0.2596382124962193,0.2964609584346245,492,3.731346700356476e-05,0.010823970660567284,303057,2.804666352272034,0.2569444444444444,0.15694444444444444,0.125,0.28194444444444444,0.17916666666666667
422,720,0.021308739544285468,0.20205211394956646,0.22391178932666223,435,3.77828080356974e-05,0.010629809461534023,303777,2.8106802543004354,0.2263888888888889,0.18333333333333332,0.10833333333333334,0.2847222222222222,0.19722222222222222
423,720,0.02111483001443247,0.05610978705244194,0.057713800642930746,457,3.576795289493222e-05,0.010965744033455849,304497,2.8166316151618958,0.19444444444444445,0.17083333333333334,0.13472222222222222,0.32083333333333336,0.17916666666666667
424,720,0.020922685061301134,-0.06968646309056772,-0.06731379438292284,376,3.805681287884808e-05,0.010394643992185593,305217,2.8225833336512247,0.3138888888888889,0.18333333333333332,0.13472222222222222,0.15833333333333333,0.20972222222222223
425,720,0.020732288627243294,1.354145151751385,2.873448330417189,450,3.7707529115020105e-05,0.010429526679217815,305937,2.8288062532742817,0.15416666666666667,0.18472222222222223,0.08888888888888889,0.325,0.24722222222222223
426,720,0.02054362480073538,0.3888277968229519,0.4752504866375691,410,3.638836312297321e-05,0.010396966710686684,306657,2.8349783023198447,0.19444444444444445,0.2916666666666667,0.14027777777777778,0.20694444444444443,0.16666666666666666
427,720,0.02035667781504869,-0.06698484939104682,-0.06479062977910122,460,3.7173564817294394e-05,0.011306045576930046,307377,2.8414768536885577,0.275,0.20416666666666666,0.1638888888888889,0.2222222222222222,0.13472222222222222
428,720,0.020171432046931746,0.47647939001126943,0.6103948381413353,515,3.71462999800719e-05,0.010010831989347935,308097,2.847204335530599,0.18055555555555555,0.24444444444444444,0.1388888888888889,0.25416666666666665,0.18194444444444444
429,720,0.019987872015304668,0.02238636046460442,0.022638815361188058,386,3.686458433852143e-05,0.010359257459640503,308817,2.853047021230062,0.26944444444444443,0.20416666666666666,0.1375,0.20694444444444443,0.18194444444444444
430,720,0.019805982379965396,-0.004597991448774101,-0.004587436868912165,419,3.910371663222476e-05,0.010220542550086975,309537,2.8598267674446105,0.25555555555555554,0.23333333333333334,0.1125,0.2388888888888889,0.1597222222222222
431,720,0.01962574794030771,0.08313164426815113,0.08668485496485223,419,4.058077326918566e-05,0.010588174685835838,310257,2.8713725209236145,0.28194444444444444,0.225,0.08888888888888889,0.19027777777777777,0.21388888888888888
432,720,0.01944715363405091,0.1825457568484755,0.2002690702270793,456,3.765545068164202e-05,0.010313143953680992,310977,2.877208701769511,0.16111111111111112,0.14444444444444443,0.12916666666666668,0.26944444444444443,0.29583333333333334
433,720,0.019270184535981047,0.4980156954763433,0.645452949369238,411,3.486310961812301e-05,0.010207648389041424,311697,2.8837256034215293,0.2013888888888889,0.16527777777777777,0.12777777777777777,0.3625,0.14305555555555555
434,720,0.01909482585670362,1.6769673234876632,4.34930862447839,506,3.7925472310639126e-05,0.009873948991298676,312417,2.890236469109853,0.1763888888888889,0.20972222222222223,0.13472222222222222,0.26805555555555555,0.2111111111111111
435,720,0.018921062941407617,0.419974707832477,0.5219230623987952,519,3.6070847337062635e-05,0.010136942379176617,313137,2.897881050904592,0.30277777777777776,0.2111111111111111,0.15,0.14583333333333334,0.19027777777777777
436,720,0.01874888126864081,0.7683214796770051,1.1561440830290644,441,3.810407394490135e-05,0.010740363970398903,313857,2.9041473150253294,0.2902777777777778,0.2222222222222222,0.09305555555555556,0.2263888888888889,0.16805555555555557
437,720,0.018578266449096176,0.18257048013921132,0.20029874519509216,476,3.6774486725082375e-05,0.011155799962580204,314577,2.910463352998098,0.25416666666666665,0.2,0.1375,0.1986111111111111,0.20972222222222223
438,720,0.018409204224409403,0.04139604860445741,0.042264811338314834,394,3.680725213194415e-05,0.0116348285228014,315297,2.91845866839091,0.22361111111111112,0.1875,0.11666666666666667,0.3055555555555556,0.16666666666666666
439,720,0.01824168046596728,0.1583367981451073,0.17156070774155907,342,3.690164168372373e-05,0.010773935355246067,316017,2.92497261762619,0.1763888888888889,0.1486111111111111,0.29444444444444445,0.16944444444444445,0.2111111111111111
440,720,0.018075681173726977,-0.1112790576047714,-0.10531095569205595,414,3.667361679617898e-05,0.010822601616382599,316737,2.9307913978894553,0.2833333333333333,0.1527777777777778,0.10833333333333334,0.23333333333333334,0.2222222222222222
441,720,0.01791119247504606,0.6673958933794016,0.9491548987474421,428,3.7353983419860824e-05,0.01124444417655468,317457,2.9423999508221943,0.2111111111111111,0.2569444444444444,0.075,0.2263888888888889,0.23055555555555557
442,720,0.01774820062352314,0.0536840436303491,0.055151167750095764,398,3.916440077899905e-05,0.011402763426303864,318177,2.948650149504344,0.32916666666666666,0.18194444444444444,0.17083333333333334,0.15694444444444444,0.16111111111111112
443,720,0.017586691997849083,0.6394067311289278,0.8953560899189317,409,3.821372608727971e-05,0.010751862078905106,318897,2.9549216707547505,0.22916666666666666,0.15555555555555556,0.12916666666666668,0.2763888888888889,0.20972222222222223
444,720,0.017426653100668658,0.3916048610759511,0.4793530459269957,403,3.679211607353257e-05,0.011161387898027897,319617,2.961205716927846,0.25,0.18333333333333332,0.18472222222222223,0.2361111111111111,0.14583333333333334
445,720,0.017268070557452574,0.362512958282362,0.4369358410858486,438,3.739410944818802e-05,0.010661032050848007,320337,2.967623213926951,0.2152777777777778,0.18055555555555555,0.16527777777777777,0.23194444444444445,0.20694444444444443
446,720,0.017110931115379754,0.3886719441175388,0.475020582774097,418,3.855574401162206e-05,0.01076304167509079,321057,2.9734065175056457,0.2388888888888889,0.1597222222222222,0.15,0.25,0.2013888888888889
447,720,0.016955221642229797,-0.1965958599215258,-0.17847742356911267,383,3.557078590574747e-05,0.010285858996212482,321777,2.9794543345769244,0.25277777777777777,0.18333333333333332,0.20416666666666666,0.22916666666666666,0.13055555555555556
448,720,0.016800929125285507,0.6027895426619205,0.8272087745686876,423,4.0195041895508944e-05,0.010890047997236252,322497,2.9861889322598776,0.2111111111111111,0.1625,0.17916666666666667,0.2638888888888889,0.18333333333333332
449,720,0.016648040670245407,0.17058513239433692,0.1859986145379111,378,3.6087000291394765e-05,0.010540342889726162,323217,2.992207133769989,0.2847222222222222,0.25972222222222224,0.16944444444444445,0.13333333333333333,0.1527777777777778
450,720,0.016496543500146173,0.12096442401763305,0.12858476114157447,354,3.9479888251510904e-05,0.010935977101325989,323937,2.9998660842577616,0.32916666666666666,0.1736111111111111,0.13333333333333333,0.17083333333333334,0.19305555555555556
451,720,0.016346424954294843,0.3345403591177145,0.39729798231905034,385,3.697789839583897e-05,0.010894742794334888,324657,3.011923603216807,0.23333333333333334,0.23055555555555557,0.14027777777777778,0.18888888888888888,0.20694444444444443
452,720,0.01619767248721076,0.012642428770012575,0.012722682115073214,429,3.7047597364410954e-05,0.010830521583557129,325377,3.0200865348180135,0.24027777777777778,0.23472222222222222,0.14305555555555555,0.22361111111111112,0.15833333333333333
453,720,0.016050273667577143,0.11164169011191648,0.11811215821923349,376,3.629148354901999e-05,0.0111178457736969,326097,3.026996584733327,0.2625,0.18194444444444444,0.2,0.11944444444444445,0.2361111111111111
454,720,0.015904216177202193,0.13896499325413106,0.14908387361236697,391,3.613075538800735e-05,0.01128558348864317,326817,3.033169134457906,0.36666666666666664,0.21388888888888888,0.10972222222222222,0.18194444444444444,0.12777777777777777
455,720,0.015759487809989654,0.6929316977197423,0.9995690807491144,446,3.287695442395488e-05,0.00997330341488123,327537,3.039768866697947,0.20277777777777778,0.2222222222222222,0.2111111111111111,0.16944444444444445,0.19444444444444445
456,720,0.015616076470918748,-0.016763139493053178,-0.016623419872759726,328,3.536209699809155e-05,0.010195165872573853,328257,3.046582051118215,0.2777777777777778,0.225,0.1527777777777778,0.16666666666666666,0.17777777777777778
457,720,0.015473970175033387,0.8747480226714643,1.3982709079280204,395,3.787983323491062e-05,0.010801036842167377,328977,3.0547412474950155,0.25277777777777777,0.19583333333333333,0.09166666666666666,0.24166666666666667,0.21805555555555556
458,720,0.015333157046440584,0.6881481820814591,0.9900269514391733,401,3.6221166324897544e-05,0.010893207043409348,329697,3.0617787996927897,0.21388888888888888,0.20972222222222223,0.2222222222222222,0.1986111111111111,0.15555555555555556
459,720,0.015193625317317975,0.5276263925448302,0.6949044923434173,419,3.8686235365680154e-05,0.012003384530544281,330417,3.068234403928121,0.20694444444444443,0.22361111111111112,0.19305555555555556,0.22083333333333333,0.15555555555555556
460,720,0.01505536332693038,-0.11610877905684734,-0.10962163648921086,370,3.7929085293500163e-05,0.0115156015381217,331137,3.0740682522455853,0.28055555555555556,0.18055555555555555,0.08611111111111111,0.24305555555555555,0.20972222222222223
461,720,0.014918359520655315,0.05279241347550287,0.05421078245125499,388,3.916373032603183e-05,0.011369148269295692,331857,3.085544200738271,0.17222222222222222,0.19583333333333333,0.175,0.175,0.28194444444444444
462,720,0.014782602449017352,0.5367912108113064,0.7105093827610127,434,3.970167668083175e-05,0.012030577287077904,332577,3.0936118841171263,0.30972222222222223,0.23055555555555557,0.11805555555555555,0.14305555555555555,0.1986111111111111
463,720,0.014648080766731294,0.2773037107124692,0.31956707683961416,413,3.987902847484293e-05,0.012397754937410355,333297,3.100254837671916,0.18194444444444444,0.19027777777777777,0.15694444444444444,0.2902777777777778,0.18055555555555555
464,720,0.01451478323175404,0.21943411691315767,0.24537179631463601,352,3.8460308084924896e-05,0.011836981400847435,334017,3.1079948862393696,0.2708333333333333,0.23333333333333334,0.10138888888888889,0.1736111111111111,0.22083333333333333
465,720,0.014382698704345078,0.16808310354522787,0.18303492095884732,415,3.8521264092297414e-05,0.011927230283617973,334737,3.1152341326077777,0.2569444444444444,0.2513888888888889,0.10138888888888889,0.22083333333333333,0.16944444444444445
466,720,0.014251816146135538,0.28521588521888835,0.3300491350779433,449,4.039911249391379e-05,0.011792377568781376,335457,3.1216002980868023,0.2361111111111111,0.22083333333333333,0.10972222222222222,0.25,0.18333333333333332
467,720,0.014122124619205706,0.4081530456599811,0.5040373299422933,452,4.182527134288547e-05,0.012259086593985558,336177,3.1283725182215374,0.19027777777777777,0.24583333333333332,0.09861111111111111,0.25,0.2152777777777778
468,720,0.013993613285170934,0.06252780024017067,0.06452405253082993,338,3.833757531373926e-05,0.011667726561427116,336897,3.1346177498499554,0.13472222222222222,0.2152777777777778,0.14583333333333334,0.24583333333333332,0.25833333333333336
469,720,0.013866271404275878,0.2322894972144933,0.26148487232842954,439,3.62539329077865e-05,0.01110568456351757,337617,3.1421666979789733,0.20555555555555555,0.2,0.14583333333333334,0.225,0.22361111111111112
470,720,0.013740088334496968,-0.03000212532300699,-0.0295565289595191,329,3.5766302073625414e-05,0.010508066974580288,338337,3.149818499883016,0.25833333333333336,0.16805555555555557,0.10972222222222222,0.11527777777777778,0.3486111111111111
471,720,0.013615053530653046,-0.07929982787305767,-0.07623708695013665,387,3.3981642057925556e-05,0.010696346871554852,339057,3.1618176539738974,0.30416666666666664,0.2388888888888889,0.125,0.18611111111111112,0.14583333333333334
472,720,0.013491156543524103,0.9152538765588402,1.4974092050835672,456,3.6977584065627726e-05,0.010511769913136959,339777,3.168748184045156,0.2902777777777778,0.24722222222222223,0.08611111111111111,0.18055555555555555,0.19583333333333333
473,720,0.013368387018978033,0.4331852550610972,0.5421618875338994,407,3.7800330135774455e-05,0.011064506135880947,340497,3.1750595688819887,0.24166666666666667,0.25416666666666665,0.12361111111111112,0.175,0.20555555555555555
474,720,0.013246734697105333,0.08721456296816422,0.09113077086058441,285,3.770581085089159e-05,0.010390713810920715,341217,3.1824787497520446,0.15833333333333333,0.23472222222222222,0.08472222222222223,0.2777777777777778,0.24444444444444444
475,720,0.013126189411361674,0.6349084612823875,0.8868494137775593,392,3.6673390522739485e-05,0.01061989739537239,341937,3.1886791348457337,0.24166666666666667,0.19444444444444445,0.0763888888888889,0.2833333333333333,0.20416666666666666
476,720,0.013006741087718283,0.08174716431296583,0.08518140255556372,407,3.6953269310894633e-05,0.010510905645787716,342657,3.195887049039205,0.25,0.2722222222222222,0.09583333333333334,0.14166666666666666,0.24027777777777778
477,720,0.012888379743820046,-0.020573379001729272,-0.02036319093407013,296,3.616391811015597e-05,0.01078893058001995,343377,3.203250598907471,0.16944444444444445,0.1986111111111111,0.12222222222222222,0.19166666666666668,0.31805555555555554
478,720,0.012771095488151283,0.26574937645531105,0.30440810233483195,369,3.741467353203613e-05,0.011119327507913113,344097,3.209568933645884,0.3013888888888889,0.20416666666666666,0.11805555555555555,0.12361111111111112,0.25277777777777777
479,720,0.012654878519209106,0.3508898298018196,0.42033083916223446,374,3.7618929006081696e-05,0.010959501378238201,344817,3.215627185503642,0.25277777777777777,0.2722222222222222,0.10277777777777777,0.18611111111111112,0.18611111111111112
480,720,0.012539719124684302,1.131307364169507,2.0997062972170584,414,3.8276743225651444e-05,0.010750987567007542,345537,3.2218691666920978,0.2111111111111111,0.15555555555555556,0.08611111111111111,0.25,0.2972222222222222
481,720,0.012425607680649675,0.16873907390858364,0.18381121138973233,375,3.908328539586768e-05,0.011038619093596935,346257,3.234506404399872,0.25833333333333336,0.24305555555555555,0.08472222222222223,0.15833333333333333,0.25555555555555554
482,720,0.012312534650755763,-0.02847799095395298,-0.02807631497612073,364,4.011022240067379e-05,0.011475199833512306,346977,3.2420066197713218,0.20277777777777778,0.1763888888888889,0.18472222222222223,0.22361111111111112,0.2125
483,720,0.012200490585433887,0.07429388487983123,0.07712330924040955,307,3.8192261546201834e-05,0.010916780680418015,347697,3.2501280705134072,0.1763888888888889,0.33055555555555555,0.16666666666666666,0.09444444444444444,0.23194444444444445
484,720,0.01208946612110644,0.7980690615738233,1.2212476923159157,384,3.7244327366655246e-05,0.010684505105018616,348417,3.2566256364186605,0.28194444444444444,0.1986111111111111,0.07361111111111111,0.25,0.19583333333333333
485,720,0.01197945197940437,0.06529038632937881,0.06746895777417983,303,3.745124967180244e-05,0.01131387334316969,349137,3.265135284264882,0.2263888888888889,0.2625,0.15138888888888888,0.06666666666666667,0.29305555555555557
486,720,0.01187043896639179,-0.02830311598740278,-0.027906334992024884,334,3.999335661622657e-05,0.011865392327308655,349857,3.2717885176340737,0.22777777777777777,0.17083333333333334,0.07916666666666666,0.32083333333333336,0.2013888888888889
487,720,0.011762417971797624,0.06710098650773816,0.06940346804334951,332,3.839788134567041e-05,0.012255369685590267,350577,3.2783926328023276,0.22361111111111112,0.16666666666666666,0.1388888888888889,0.19583333333333333,0.275
488,720,0.011655379968254265,1.521539175831575,3.579268072381831,439,3.891184557384501e-05,0.011803858913481236,351297,3.2846662481625875,0.18888888888888888,0.22361111111111112,0.10694444444444444,0.30277777777777776,0.17777777777777778
489,720,0.011549316010543152,0.0772029979886761,0.0802613450165841,315,4.0365971886381483e-05,0.011486399918794632,352017,3.291045431296031,0.18055555555555555,0.2611111111111111,0.16111111111111112,0.22083333333333333,0.1763888888888889
490,720,0.011444217234847209,0.12746742680689507,0.13594786618932275,399,4.0107098007208856e-05,0.011554934084415436,352737,3.2974843819936117,0.225,0.24583333333333332,0.09722222222222222,0.21666666666666667,0.2152777777777778
491,720,0.011340074858010099,0.10364845539466254,0.10921044941775859,361,3.6538367559539135e-05,0.011809535324573517,353457,3.3102063655853273,0.19722222222222222,0.3194444444444444,0.11666666666666667,0.25972222222222224,0.10694444444444444
492,720,0.011236880176802208,0.18054407939460515,0.19786892165366043,384,3.714981634048955e-05,0.011657346971333027,354177,3.317111885547638,0.18194444444444444,0.225,0.08611111111111111,0.30277777777777776,0.20416666666666666
493,720,0.011134624567193307,0.37080725377983387,0.4489037757445651,437,3.6841204452129104e-05,0.011586887761950493,354897,3.3229649504025778,0.23472222222222222,0.24444444444444444,0.11805555555555555,0.2388888888888889,0.1638888888888889
494,720,0.011033299483631848,0.1526551384957367,0.16492317250531263,370,3.723788528936388e-05,0.011399568989872932,355617,3.3292458176612856,0.2625,0.25416666666666665,0.08194444444444444,0.2,0.2013888888888889
495,720,0.010932896458330798,0.1892973594068383,0.20840022823833326,354,3.752643180961159e-05,0.011373184621334076,356337,3.3366719841957093,0.26944444444444443,0.25833333333333336,0.08333333333333333,0.16527777777777777,0.22361111111111112
496,720,0.010833407100559987,0.05670560281607269,0.05834419097836152,342,4.196045651193951e-05,0.01170804537832737,357057,3.3424206018447875,0.16527777777777777,0.25416666666666665,0.13472222222222222,0.21805555555555556,0.22777777777777777
497,720,0.010734823095944892,0.3891737369423665,0.4757609232522455,404,3.676353449009184e-05,0.01253644097596407,357777,3.3480833331743876,0.1875,0.3347222222222222,0.09444444444444444,0.19305555555555556,0.19027777777777777
498,720,0.010637136205771794,0.03795997455265995,0.038689658028266516,353,3.5532554644153906e-05,0.012147694826126099,358497,3.354759915669759,0.24166666666666667,0.2763888888888889,0.10277777777777777,0.2222222222222222,0.15694444444444444
499,720,0.01054033826629927,0.27292838918873963,0.31380615873111917,456,3.846329915657205e-05,0.012047979049384594,359217,3.3611581842104594,0.21388888888888888,0.23194444444444445,0.13055555555555556,0.21944444444444444,0.20416666666666666
500,720,0.010444421188075948,0.08200233181371742,0.08545834091324545,410,3.841718510607785e-05,0.011455846950411797,359937,3.3687162518501284,0.225,0.24583333333333332,0.13333333333333333,0.2638888888888889,0.13194444444444445
501,720,0.010349376955264456,0.10157650830791094,0.10691460331564584,364,3.713244673867343e-05,0.011431466788053513,360657,3.382784533500671,0.15694444444444444,0.29444444444444445,0.1486111111111111,0.23194444444444445,0.16805555555555557
502,720,0.01025519762497155,0.09842805878629377,0.1034350190843707,369,3.52836510198055e-05,0.0116900485008955,361377,3.3918351848920185,0.17916666666666667,0.24027777777777778,0.12083333333333333,0.27361111111111114,0.18611111111111112
503,720,0.010161875326584309,-0.05455411714814944,-0.05309273644945278,336,3.523067036263051e-05,0.011397648602724075,362097,3.400362571080526,0.18333333333333332,0.275,0.058333333333333334,0.225,0.25833333333333336
504,720,0.010069402261112392,0.3101939768221805,0.3636896126555629,396,3.7848697854769855e-05,0.011801591143012047,362817,3.407208518187205,0.20833333333333334,0.21805555555555556,0.04722222222222222,0.31527777777777777,0.2111111111111111
505,720,0.01,0.12294646868599536,0.1308238848387544,367,3.7847944540519365e-05,0.011269635520875454,363537,3.41410581668218,0.21805555555555556,0.20833333333333334,0.10694444444444444,0.21805555555555556,0.24861111111111112
506,720,0.01,0.2050172098733297,0.22754619069583892,401,3.720667473822282e-05,0.011178918182849884,364257,3.420205569267273,0.19583333333333333,0.24583333333333332,0.09305555555555556,0.2861111111111111,0.17916666666666667
507,720,0.01,0.05448538176480058,0.05599703948780088,367,3.546520270181948e-05,0.011269222013652325,364977,3.426637367407481,0.1388888888888889,0.2625,0.08472222222222223,0.225,0.28888888888888886
508,720,0.01,1.6596756858974566,4.257605452326688,475,3.760395481562126e-05,0.011002451181411743,365697,3.4359625538190204,0.2263888888888889,0.24027777777777778,0.10555555555555556,0.18888888888888888,0.2388888888888889
509,720,0.01,0.3012379749444235,0.35153093376990463,368,3.6714201922273384e-05,0.010667815804481506,366417,3.4431259989738465,0.26805555555555555,0.25416666666666665,0.12083333333333333,0.16666666666666666,0.19027777777777777
510,720,0.01,-0.0273573815621953,-0.026986557684525403,278,3.723016030284675e-05,0.011138767935335636,367137,3.4495542009671527,0.15,0.2263888888888889,0.26666666666666666,0.23472222222222222,0.12222222222222222
511,720,0.01,0.19033861767189178,0.2096591402760184,438,3.633573914183014e-05,0.010901516303420067,367857,3.46087433497111,0.2972222222222222,0.18888888888888888,0.12083333333333333,0.2,0.19305555555555556
512,720,0.01,0.1596934190609841,0.1731511500716436,364,3.402969318244686e-05,0.011059393174946308,368577,3.466870049635569,0.24722222222222223,0.17916666666666667,0.10972222222222222,0.2388888888888889,0.225
513,720,0.01,0.40836681468033664,0.5043588808964865,465,3.59364130253602e-05,0.010855116881430149,369297,3.4741291642189025,0.24722222222222223,0.25972222222222224,0.10694444444444444,0.1763888888888889,0.20972222222222223
514,720,0.01,-0.10756110336531666,-0.10197835137052558,393,3.482096446860952e-05,0.010217776522040367,370017,3.4810310204823813,0.20555555555555555,0.25972222222222224,0.12916666666666668,0.25833333333333336,0.14722222222222223
515,720,0.01,0.08195250369760242,0.08540425591648626,307,3.623859745529343e-05,0.009899833239614964,370737,3.488382069269816,0.1597222222222222,0.2861111111111111,0.1125,0.2611111111111111,0.18055555555555555
516,720,0.01,0.3073598442110074,0.3598302070697592,387,3.456884159302515e-05,0.009904288686811924,371457,3.495562752087911,0.23055555555555557,0.31527777777777777,0.12638888888888888,0.18888888888888888,0.1388888888888889
517,720,0.01,0.02359802659545236,0.02387866316696141,278,3.577883641633485e-05,0.010894523933529854,372177,3.501224716504415,0.09583333333333334,0.22777777777777777,0.19027777777777777,0.21944444444444444,0.26666666666666666
518,720,0.01,0.7481599849367022,1.113108286212391,388,3.832022925330926e-05,0.010638752020895481,372897,3.5092804034550986,0.2111111111111111,0.21805555555555556,0.1625,0.20694444444444443,0.2013888888888889
519,720,0.01,0.41978801159106693,0.5216389516053659,404,3.740169750775142e-05,0.01071387529373169,373617,3.5156128366788226,0.2222222222222222,0.18055555555555555,0.09444444444444444,0.34305555555555556,0.1597222222222222
520,720,0.01,-0.0011174859667443487,-0.0011168618118192475,372,4.0329073941494345e-05,0.01071035023778677,374337,3.522062865893046,0.25833333333333336,0.28055555555555556,0.10416666666666667,0.1638888888888889,0.19305555555555556
521,720,0.01,0.061745387843900074,0.06369148146543546,343,3.8764248078374903e-05,0.010956223122775555,375057,3.534768052895864,0.2111111111111111,0.27361111111111114,0.13055555555555556,0.1875,0.19722222222222222
522,720,0.01,0.11421857961606606,0.12099712522837947,401,3.816787539613465e-05,0.010994533076882362,375777,3.541165769100189,0.15833333333333333,0.2986111111111111,0.1736111111111111,0.2375,0.13194444444444445
523,720,0.01,0.16787157008325068,0.18278469595279145,371,3.64099252616749e-05,0.010987124405801296,376497,3.5481640855471293,0.15694444444444444,0.2638888888888889,0.11666666666666667,0.28194444444444444,0.18055555555555555
524,720,0.01,0.27363583056796337,0.31473592841208453,374,4.005219127268194e-05,0.01062757521867752,377217,3.555109719435374,0.10972222222222222,0.31805555555555554,0.15138888888888888,0.28055555555555556,0.14027777777777778
525,720,0.01,0.4284803525551304,0.5349232081979216,388,3.6637806604428786e-05,0.010735241696238518,377937,3.5612138509750366,0.20416666666666666,0.25277777777777777,0.175,0.2263888888888889,0.14166666666666666
526,720,0.01,0.46204959384762473,0.5873240227792937,446,3.601454704317398e-05,0.01104331947863102,378657,3.568327836195628,0.23055555555555557,0.28888888888888886,0.1125,0.17083333333333334,0.19722222222222222
527,720,0.01,0.136630158222619,0.146404081983196,342,3.7162526227045115e-05,0.011476095765829086,379377,3.57841401497523,0.20833333333333334,0.2,0.20555555555555555,0.1763888888888889,0.20972222222222223
528,720,0.01,1.1957444244523356,2.3060179352755377,428,3.69185166960051e-05,0.010884655639529228,380097,3.5853057662645975,0.20833333333333334,0.275,0.16111111111111112,0.1638888888888889,0.19166666666666668
529,720,0.01,0.11945271138410817,0.12687995421390164,394,3.6649527410443424e-05,0.010482827201485634,380817,3.5916051665941873,0.18472222222222223,0.2902777777777778,0.13333333333333333,0.25833333333333336,0.13333333333333333
530,720,0.01,0.4682012487111138,0.5971187884444047,374,3.8272332686675425e-05,0.010853358544409275,381537,3.59960040251414,0.325,0.1597222222222222,0.10694444444444444,0.21666666666666667,0.19166666666666668
531,720,0.01,0.5455646195270485,0.7255824048958264,431,3.761880328865017e-05,0.010829806327819824,382257,3.6188621679941813,0.2513888888888889,0.1527777777777778,0.1361111111111111,0.20277777777777778,0.2569444444444444
532,720,0.01,0.31553806161445563,0.3709967932817475,384,3.883776768639614e-05,0.010382242500782013,382977,3.6404800017674765,0.275,0.2972222222222222,0.16527777777777777,0.10416666666666667,0.15833333333333333
533,720,0.01,0.1141989328835117,0.12097510151401103,304,3.841159881151018e-05,0.011189945042133331,383697,3.6560667832692464,0.2513888888888889,0.1763888888888889,0.22361111111111112,0.17777777777777778,0.17083333333333334
534,720,0.01,0.18635575703575724,0.20485081829750862,429,3.8870327917569135e-05,0.010998344980180264,384417,3.666096647580465,0.25555555555555554,0.24722222222222223,0.17083333333333334,0.15694444444444444,0.16944444444444445
535,720,0.01,0.1255439463446423,0.1337649926928457,350,3.9423902484890684e-05,0.011164850555360317,385137,3.6783297181129457,0.1625,0.25972222222222224,0.20972222222222223,0.2,0.16805555555555557
536,720,0.01,0.43691437036906206,0.547923523261139,350,3.930590308982573e-05,0.011499807238578796,385857,3.6864969809850057,0.1625,0.14583333333333334,0.15138888888888888,0.20416666666666666,0.33611111111111114
537,720,0.01,0.010159702735670434,0.010211487740349634,327,3.6727198482822133e-05,0.011050708591938019,386577,3.694085737069448,0.19722222222222222,0.2222222222222222,0.2222222222222222,0.14305555555555555,0.2152777777777778
538,720,0.01,0.42031921659210464,0.5224474685513432,420,3.815911680299501e-05,0.01095515489578247,387297,3.703392664591471,0.21388888888888888,0.2388888888888889,0.1125,0.1875,0.24722222222222223
539,720,0.01,0.609430374503148,0.8393833406603406,378,3.686587445549271e-05,0.01121797226369381,388017,3.710734717051188,0.17222222222222222,0.18333333333333332,0.1486111111111111,0.24722222222222223,0.24861111111111112
540,720,0.01,0.05503420368344831,0.05657675287425423,280,4.002803028192324e-05,0.01130896620452404,388737,3.7168399651845294,0.13472222222222222,0.2875,0.19027777777777777,0.11805555555555555,0.26944444444444443
541,720,0.01,0.14567186508733354,0.15681653387299566,234,4.069837436999377e-05,0.011204791255295277,389457,3.7282573024431866,0.14027777777777778,0.2708333333333333,0.1361111111111111,0.14444444444444443,0.30833333333333335
542,720,0.01,0.08515843839143489,0.088889574944778,349,3.842575099371162e-05,0.010987389832735062,390177,3.7343227823575336,0.2569444444444444,0.18055555555555555,0.12777777777777777,0.24722222222222223,0.1875
543,720,0.01,0.15296953395941137,0.1652894766454398,256,3.571658989092915e-05,0.010613301768898964,390897,3.7416162808736164,0.18888888888888888,0.21944444444444444,0.14722222222222223,0.225,0.21944444444444444
544,720,0.01,0.18009450267729582,0.1973305087141244,410,3.796622014154612e-05,0.010863248258829117,391617,3.7483591159184773,0.31666666666666665,0.19027777777777777,0.1361111111111111,0.18888888888888888,0.16805555555555557
545,720,0.01,0.49073425155661393,0.6335151908000056,385,3.9762752209703145e-05,0.011004336178302765,392337,3.7552581350008647,0.125,0.24583333333333332,0.12916666666666668,0.19583333333333333,0.30416666666666664
546,720,0.01,0.4247921311901037,0.529272498567301,395,4.034762111283878e-05,0.011168640106916428,393057,3.762240203221639,0.30694444444444446,0.18611111111111112,0.06388888888888888,0.2013888888888889,0.24166666666666667
547,720,0.01,0.29475486111778,0.34279714654502347,399,3.780793751199477e-05,0.011449234560132027,393777,3.768244004249573,0.16527777777777777,0.22916666666666666,0.13194444444444445,0.18194444444444444,0.2916666666666667
548,720,0.01,0.04449840796807185,0.04550331223447568,264,3.942440830542182e-05,0.01124087069183588,394497,3.7756324648857116,0.24027777777777778,0.15555555555555556,0.29305555555555557,0.1111111111111111,0.2
549,720,0.01,0.1322402094843306,0.14138245723212273,365,4.184782595631178e-05,0.010856393724679947,395217,3.7828603665033977,0.20555555555555555,0.20833333333333334,0.20972222222222223,0.1638888888888889,0.2125
550,720,0.01,0.3152120320638869,0.37054988067071615,362,3.718463998565211e-05,0.011319855228066444,395937,3.789588002363841,0.12083333333333333,0.2916666666666667,0.15138888888888888,0.15833333333333333,0.2777777777777778
551,720,0.01,0.05753117277912635,0.05921828891786074,340,3.5493060220738295e-05,0.010925720445811749,396657,3.803104217847188,0.17083333333333334,0.1875,0.14583333333333334,0.1486111111111111,0.3472222222222222
552,720,0.01,0.585318456319874,0.7955627028920464,412,3.830961372841557e-05,0.010684738866984844,397377,3.8098546544710796,0.29444444444444445,0.1638888888888889,0.22083333333333333,0.13333333333333333,0.1875
553,720,0.01,1.1270835585297665,2.086641351596633,395,3.726920582494131e-05,0.010659148916602135,398097,3.816653617223104,0.2125,0.18194444444444444,0.12361111111111112,0.16527777777777777,0.31666666666666665
554,720,0.01,0.1839452244125509,0.20194998377667894,433,3.719265609763372e-05,0.010556627064943314,398817,3.8250173648198444,0.24722222222222223,0.27361111111111114,0.1,0.18333333333333332,0.19583333333333333
555,720,0.01,0.6829471336183546,0.9797035942337511,428,3.9127888939876556e-05,0.011112378910183907,399537,3.831089401245117,0.20972222222222223,0.24722222222222223,0.11944444444444445,0.2125,0.2111111111111111
556,720,0.01,-0.10974014048143395,-0.10393304342725596,262,4.109252918674934e-05,0.011314492672681808,400257,3.837224268913269,0.13333333333333333,0.23333333333333334,0.2013888888888889,0.1111111111111111,0.32083333333333336
557,720,0.01,0.3086842073650684,0.36163230914717626,379,3.873962303310287e-05,0.010866460390388966,400977,3.8445927500724792,0.25277777777777777,0.2569444444444444,0.10833333333333334,0.1625,0.21944444444444444
558,720,0.01,0.14298919804437774,0.15371733919520514,351,3.8684611941638046e-05,0.010840136557817459,401697,3.851082416375478,0.12361111111111112,0.26944444444444443,0.2513888888888889,0.15416666666666667,0.2013888888888889
559,720,0.01,0.0636968010171447,0.0657692096283542,293,3.591988808643186e-05,0.010602381080389023,402417,3.8569945335388183,0.09444444444444444,0.2152777777777778,0.24861111111111112,0.23194444444444445,0.20972222222222223
560,720,0.01,0.21328730624150335,0.23774021065181894,428,3.8785427989296295e-05,0.010906757786870003,403137,3.863606834411621,0.14027777777777778,0.32083333333333336,0.14583333333333334,0.12361111111111112,0.26944444444444443
561,720,0.01,-0.04943805296479565,-0.048235884724513456,222,3.789598109101967e-05,0.010368010960519314,403857,3.8751099665959674,0.13055555555555556,0.25277777777777777,0.2375,0.11388888888888889,0.2652777777777778
562,720,0.01,0.21049344150386107,0.23428695812938827,440,3.672849729873128e-05,0.011049402877688408,404577,3.88170618613561,0.20833333333333334,0.23472222222222222,0.19027777777777777,0.1375,0.22916666666666666
563,720,0.01,0.6703812451459316,0.9549825061685906,389,3.875981954150929e-05,0.01084193680435419,405297,3.887441066900889,0.2569444444444444,0.2847222222222222,0.1638888888888889,0.10277777777777777,0.19166666666666668
564,720,0.01,0.021404110198870095,0.02163482128050087,317,3.804519077700914e-05,0.010843565687537193,406017,3.8938484032948812,0.1736111111111111,0.2125,0.2,0.19027777777777777,0.22361111111111112
565,720,0.01,0.3335264530710929,0.3958819714181572,359,3.843269940186171e-05,0.011701180599629879,406737,3.9010148008664447,0.15416666666666667,0.3333333333333333,0.08194444444444444,0.125,0.3055555555555556
566,720,0.01,0.059961756588827374,0.06179593907019876,328,4.018522238185243e-05,0.011197484098374844,407457,3.9067619323730467,0.1361111111111111,0.24583333333333332,0.15,0.17222222222222222,0.29583333333333334
567,720,0.01,0.26176142591570956,0.29921654605453085,368,3.9375147669791964e-05,0.011641999706625938,408177,3.9124904831250507,0.1527777777777778,0.2916666666666667,0.18472222222222223,0.09305555555555556,0.2777777777777778
568,720,0.01,-0.05971896354357642,-0.0579707590539803,287,3.953892794596767e-05,0.011621177196502686,408897,3.918447669347127,0.2,0.2861111111111111,0.17222222222222222,0.12361111111111112,0.21805555555555556
569,720,0.01,0.15295921067429438,0.16527744709202108,382,4.0221994462778334e-05,0.011095456779003143,409617,3.9248109181722004,0.2388888888888889,0.225,0.12222222222222222,0.1125,0.3013888888888889
570,720,0.01,0.683224074933517,0.9802519318759424,407,3.951017890307816e-05,0.01215774193406105,410337,3.931594701608022,0.25,0.2625,0.15,0.14166666666666666,0.19583333333333333
571,720,0.01,0.16883148312043528,0.1839206115054719,356,4.082745478828858e-05,0.01161466259509325,411057,3.943031887213389,0.20972222222222223,0.23194444444444445,0.1875,0.13333333333333333,0.2375
572,720,0.01,0.5345299572294644,0.7066458571443113,352,4.1686505167288284e-05,0.011237692087888718,411777,3.949169985453288,0.2375,0.31666666666666665,0.1736111111111111,0.14166666666666666,0.13055555555555556
573,720,0.01,-0.01763340553797449,-0.017478846841306628,338,4.212812056797096e-05,0.011368745937943459,412497,3.9549800515174867,0.26805555555555555,0.25277777777777777,0.1625,0.09305555555555556,0.22361111111111112
574,720,0.01,0.660649206158217,0.9360488213157869,396,4.4505729228047936e-05,0.011006059125065804,413217,3.961093799273173,0.1597222222222222,0.25,0.17222222222222222,0.2111111111111111,0.20694444444444443
575,720,0.01,0.30052730512996306,0.3505707827475475,372,4.2260467377117394e-05,0.011522980406880379,413937,3.9672363996505737,0.12083333333333333,0.2847222222222222,0.21666666666666667,0.15694444444444444,0.22083333333333333
576,720,0.01,0.6369463967030194,0.8906986119077009,359,3.9636388367449e-05,0.010644151829183102,414657,3.9729994336764016,0.15694444444444444,0.2972222222222222,0.1625,0.14166666666666666,0.24166666666666667
577,720,0.01,0.4226096454722689,0.5259385226812554,351,4.048765955152097e-05,0.010791954584419727,415377,3.9788970669110615,0.2013888888888889,0.3055555555555556,0.19444444444444445,0.06805555555555555,0.23055555555555557
578,720,0.01,0.19403731487796758,0.21414158765613633,310,4.089322816930184e-05,0.010614275932312012,416097,3.984815601507823,0.1375,0.2652777777777778,0.14583333333333334,0.2125,0.2388888888888889
579,720,0.01,-0.15583718431711852,-0.14430149983455465,279,3.688363945507768e-05,0.011024895124137402,416817,3.990751047929128,0.16111111111111112,0.18194444444444444,0.20277777777777778,0.0625,0.39166666666666666
580,720,0.01,0.6045699107215715,0.8304647762899307,455,3.955415028763633e-05,0.011340539902448654,417537,3.99653129975001,0.19583333333333333,0.2361111111111111,0.1388888888888889,0.125,0.30416666666666664
581,720,0.01,0.4856368130652719,0.6252096341066251,369,4.054098451559993e-05,0.011575846932828426,418257,4.007814900080363,0.1736111111111111,0.2777777777777778,0.17083333333333334,0.18055555555555555,0.19722222222222222
582,720,0.01,0.3362796025556913,0.3997303382821187,398,3.9473734417091086e-05,0.010901324450969696,418977,4.0144541501998905,0.2125,0.2861111111111111,0.14444444444444443,0.14305555555555555,0.21388888888888888
583,720,0.01,0.8318336953827392,1.29752784617899,457,3.9134169331747315e-05,0.011344002559781075,419697,4.020893736680349,0.15416666666666667,0.3347222222222222,0.13333333333333333,0.10833333333333334,0.26944444444444443
584,720,0.01,0.19997294553320866,0.22136971420680585,400,3.8126972779334916e-05,0.010705072432756424,420417,4.027367870012919,0.19166666666666668,0.31805555555555554,0.14583333333333334,0.11666666666666667,0.22777777777777777
585,720,0.01,0.682240593725755,0.9783053486852002,450,3.861309432977578e-05,0.010463508777320385,421137,4.033825401465098,0.21805555555555556,0.2875,0.1375,0.1486111111111111,0.20833333333333334
586,720,0.01,0.1415712030861779,0.1520825331723108,416,3.700877213582822e-05,0.010806860402226448,421857,4.039730938275655,0.23472222222222222,0.25833333333333336,0.12222222222222222,0.17916666666666667,0.20555555555555555
587,720,0.01,0.1730606480310472,0.1889382096589618,301,4.0979858245767296e-05,0.01126549020409584,422577,4.046094334125518,0.18611111111111112,0.24444444444444444,0.18888888888888888,0.17916666666666667,0.2013888888888889
588,720,0.01,0.7694275923292022,1.1585303407709042,380,4.044581869619732e-05,0.011149708181619644,423297,4.0539340337117515,0.22083333333333333,0.2638888888888889,0.2,0.15138888888888888,0.1638888888888889
589,720,0.01,0.27828512070782635,0.3208627488470981,363,4.077194394843294e-05,0.011240355670452118,424017,4.060556268692016,0.1875,0.325,0.10972222222222222,0.15,0.22777777777777777
590,720,0.01,0.13132998929013076,0.14034402054496042,330,3.916907542765734e-05,0.011114949360489845,424737,4.067994932333629,0.15694444444444444,0.3125,0.17083333333333334,0.0625,0.2972222222222222
591,720,0.01,0.07693350520586191,0.0799702616047504,252,4.070841380957467e-05,0.012056758627295494,425457,4.080053536097209,0.18333333333333332,0.25972222222222224,0.12222222222222222,0.10277777777777777,0.33194444444444443
592,720,0.01,0.04740265738106776,0.04854412812184217,357,4.334051798196015e-05,0.011716513894498348,426177,4.08683811823527,0.1388888888888889,0.3388888888888889,0.12916666666666668,0.21805555555555556,0.175
593,720,0.01,0.12585958464022615,0.13412290882577915,375,4.209512724300011e-05,0.011346972547471523,426897,4.09488533337911,0.2,0.2611111111111111,0.19722222222222222,0.1,0.24166666666666667
594,720,0.01,0.14067963866888586,0.15105583513167953,280,3.758569373783555e-05,0.011347901076078415,427617,4.100611217816671,0.12916666666666668,0.30833333333333335,0.22083333333333333,0.11527777777777778,0.2263888888888889
595,720,0.01,0.34186284657952526,0.4075672316142176,365,3.9224453836242095e-05,0.010574020445346832,428337,4.108379113674164,0.19305555555555556,0.32083333333333336,0.2,0.11527777777777778,0.17083333333333334
596,720,0.01,0.12460070247101569,0.1326960800112742,342,4.101016038223154e-05,0.011471100151538849,429057,4.114177318414052,0.1375,0.20555555555555555,0.22916666666666666,0.20555555555555555,0.2222222222222222
597,720,0.01,0.14653775272459027,0.15781864080163732,335,4.520630161298161e-05,0.011391737498342991,429777,4.12135478258133,0.11805555555555555,0.32222222222222224,0.2222222222222222,0.1361111111111111,0.2013888888888889
598,720,0.01,0.3888578931104686,0.47529488686850985,401,4.027956129246175e-05,0.011029578745365143,430497,4.127690553665161,0.15555555555555556,0.23194444444444445,0.2916666666666667,0.15694444444444444,0.1638888888888889
599,720,0.01,0.33866999048424956,0.4030802389719743,388,3.868756579600409e-05,0.010903208516538143,431217,4.135301649570465,0.2013888888888889,0.33611111111111114,0.14444444444444443,0.0875,0.23055555555555557
600,720,0.01,-0.22749567298940765,-0.20347413193409636,373,4.0449117948860983e-05,0.010707691311836243,431937,4.1421326160430905,0.19722222222222222,0.27361111111111114,0.22916666666666666,0.1361111111111111,0.1638888888888889
601,720,0.01,-0.015082593790176018,-0.014969421165782815,300,3.639064072255375e-05,0.010868449695408344,432657,4.153328315416972,0.21388888888888888,0.2875,0.20694444444444443,0.15694444444444444,0.13472222222222222
602,720,0.01,0.521697859889873,0.6848859227659319,399,3.800920646881423e-05,0.011443722993135452,433377,4.159087868531545,0.10555555555555556,0.2833333333333333,0.21666666666666667,0.13472222222222222,0.25972222222222224
603,720,0.01,0.567156248393872,0.7632456823133589,392,4.088070865640879e-05,0.011390491388738155,434097,4.164959319432577,0.1763888888888889,0.23472222222222222,0.21944444444444444,0.13055555555555556,0.2388888888888889
604,720,0.01,0.27858780995906773,0.32126262031888997,386,3.6502690054223625e-05,0.010647843591868877,434817,4.1707691351572675,0.16111111111111112,0.30694444444444446,0.13055555555555556,0.16666666666666666,0.23472222222222222
605,720,0.01,-0.2003468817963886,-0.18155320046439893,327,3.783452718203585e-05,0.010743003338575363,435537,4.1769773681958515,0.12361111111111112,0.37916666666666665,0.19305555555555556,0.09305555555555556,0.2111111111111111
606,720,0.01,0.19773231842837186,0.21863614371982698,356,3.6070246617075304e-05,0.010957534424960613,436257,4.182748285929362,0.225,0.29444444444444445,0.17083333333333334,0.17777777777777778,0.13194444444444445
607,720,0.01,0.4370620009408855,0.5481520609651733,405,3.727836067986977e-05,0.010771699249744415,436977,4.188572816054026,0.15694444444444444,0.26944444444444443,0.22777777777777777,0.1125,0.23333333333333334
608,720,0.01,0.4331571263369677,0.5421185090976965,417,3.734781988542737e-05,0.010417156852781773,437697,4.194448518753052,0.12638888888888888,0.35833333333333334,0.1638888888888889,0.08611111111111111,0.2652777777777778
609,720,0.01,0.01108336502365373,0.011145013059157938,318,3.559720647419656e-05,0.010464752092957497,438417,4.200233368078868,0.14027777777777778,0.28055555555555556,0.15416666666666667,0.1111111111111111,0.3138888888888889
610,720,0.01,0.1694325961875597,0.18463249559546147,329,3.8212128959003164e-05,0.010652599856257439,439137,4.206198350588481,0.1638888888888889,0.3375,0.20277777777777778,0.12361111111111112,0.17222222222222222
611,720,0.01,0.29097341917315506,0.33772902553385786,390,3.505675865274801e-05,0.010538199916481972,439857,4.218905154863993,0.09583333333333334,0.3333333333333333,0.29305555555555557,0.13472222222222222,0.14305555555555555
612,720,0.01,0.19959583284731844,0.22090920703042283,371,3.830958005311105e-05,0.010612351819872856,440577,4.225057367483775,0.20694444444444443,0.19305555555555556,0.17777777777777778,0.23055555555555557,0.19166666666666668
613,720,0.01,0.38560779375870113,0.470507815355923,441,3.819047137514847e-05,0.010766446590423584,441297,4.230817365646362,0.1527777777777778,0.275,0.2513888888888889,0.16527777777777777,0.15555555555555556
614,720,0.01,0.07331000072737201,0.07606406585804093,316,3.920646261121874e-05,0.010966025292873383,442017,4.236595149834951,0.2111111111111111,0.2361111111111111,0.175,0.23194444444444445,0.14583333333333334
615,720,0.01,0.1380543696561539,0.14803796700689054,286,3.552276908243989e-05,0.011237626895308495,442737,4.242291001478831,0.23333333333333334,0.26666666666666666,0.3194444444444444,0.07222222222222222,0.10833333333333334
616,720,0.01,0.22820029762906313,0.25633694154314157,341,3.511679654037734e-05,0.010780408047139645,443457,4.24797725280126,0.1,0.3111111111111111,0.21944444444444444,0.175,0.19444444444444445
617,720,0.01,0.15359207221700144,0.16601513977891447,326,3.345654229052444e-05,0.010439595207571983,444177,4.253728997707367,0.24166666666666667,0.33611111111111114,0.17777777777777778,0.09166666666666666,0.1527777777777778
618,720,0.01,-0.14797388830784028,-0.13754636522815678,227,3.5997044359545626e-05,0.0111452741548419,444897,4.262742201487224,0.12916666666666668,0.2861111111111111,0.19305555555555556,0.1361111111111111,0.25555555555555554
619,720,0.01,0.6233585752146682,0.8651818876206154,397,3.649323005182244e-05,0.010845620185136795,445617,4.268424785137176,0.2125,0.2791666666666667,0.18194444444444444,0.09722222222222222,0.22916666666666666
620,720,0.01,-0.02860796069836492,-0.0282026274404793,277,3.536917560735573e-05,0.010859567672014236,446337,4.274113416671753,0.13472222222222222,0.2375,0.275,0.12083333333333333,0.23194444444444445
621,720,0.01,0.24256288105897633,0.2745113892695785,377,4.115076334806468e-05,0.011739041656255722,447057,4.285209882259369,0.1875,0.3263888888888889,0.1638888888888889,0.14027777777777778,0.18194444444444444
622,720,0.01,0.08141477443784204,0.08482075918510468,290,3.381242979432702e-05,0.011379549279808998,447777,4.292537033557892,0.10416666666666667,0.33194444444444443,0.18333333333333332,0.1111111111111111,0.26944444444444443
623,720,0.01,0.13192760923931987,0.14102571655785767,309,3.422224838484706e-05,0.010667817667126656,448497,4.2982431332270306,0.19305555555555556,0.3,0.2125,0.09583333333333334,0.1986111111111111
624,720,0.01,0.06614239858223304,0.06837884196694266,356,3.498891950294415e-05,0.01011902466416359,449217,4.3059798836708065,0.18611111111111112,0.2847222222222222,0.1375,0.13333333333333333,0.25833333333333336
625,720,0.01,0.3289645929224255,0.389528655567704,332,3.5384682750974306e-05,0.009674616158008575,449937,4.311633817354838,0.17222222222222222,0.3236111111111111,0.1597222222222222,0.12361111111111112,0.22083333333333333
626,720,0.01,0.13541404543186547,0.14501077269806162,395,3.2992059991304105e-05,0.009608632884919643,450657,4.318012714385986,0.16527777777777777,0.23194444444444445,0.25416666666666665,0.15833333333333333,0.19027777777777777
627,720,0.01,0.1970546945940256,0.2178106465433145,356,3.7075447546107575e-05,0.009448623284697533,451377,4.324250336488088,0.1763888888888889,0.31666666666666665,0.2,0.10694444444444444,0.2
628,720,0.01,0.023274392959325436,0.02354735520634188,295,3.331461696234328e-05,0.009569571353495121,452097,4.332919335365295,0.0763888888888889,0.2722222222222222,0.2861111111111111,0.15416666666666667,0.2111111111111111
629,720,0.01,-0.006127632519382939,-0.006108896867167757,242,3.394808617890198e-05,0.009220917709171772,452817,4.338593451182048,0.09444444444444444,0.31805555555555554,0.1875,0.24166666666666667,0.15833333333333333
630,720,0.01,0.07971778330165619,0.0829813891111868,312,3.3966678348128374e-05,0.00961487926542759,453537,4.3443385998408,0.1736111111111111,0.2125,0.2638888888888889,0.18472222222222223,0.16527777777777777
631,720,0.01,0.2751568958189465,0.3167372492309266,369,3.530331375777173e-05,0.009350109845399857,454257,4.355515368779501,0.16111111111111112,0.28055555555555556,0.22777777777777777,0.13194444444444445,0.1986111111111111
632,720,0.01,0.3031834651064374,0.3541628832910133,306,3.15598644015659e-05,0.010025709867477417,454977,4.361248016357422,0.20833333333333334,0.3013888888888889,0.18194444444444444,0.14722222222222223,0.16111111111111112
633,720,0.01,0.6137716627500057,0.8473859922786344,421,3.26999073498276e-05,0.009990913793444633,455697,4.368620800971985,0.15138888888888888,0.3263888888888889,0.19722222222222222,0.11805555555555555,0.20694444444444443
634,720,0.01,0.09373334663110258,0.09826685031252724,283,3.31106924129977e-05,0.01005611103028059,456417,4.374438218275706,0.09305555555555556,0.19583333333333333,0.2875,0.21805555555555556,0.20555555555555555
635,720,0.01,-0.09368831577853164,-0.08943347276493241,263,3.388967426189993e-05,0.009340602904558182,457137,4.3800955533981325,0.14722222222222223,0.23472222222222222,0.2125,0.12777777777777777,0.2777777777777778
636,720,0.01,0.18902921392819075,0.20807624462004726,355,3.44717162938145e-05,0.009874528273940086,457857,4.3858622193336485,0.11388888888888889,0.25,0.18888888888888888,0.26944444444444443,0.17777777777777778
637,720,0.01,0.6300123664152641,0.8776337987200431,397,3.188051161120913e-05,0.00948469527065754,458577,4.392731936772664,0.2652777777777778,0.2652777777777778,0.1125,0.15138888888888888,0.20555555555555555
638,720,0.01,0.29765790334892495,0.3467010071637273,417,3.366327814736299e-05,0.010119983926415443,459297,4.399663118521373,0.2569444444444444,0.3236111111111111,0.1125,0.14305555555555555,0.1638888888888889
639,720,0.01,0.5423592132555741,0.7200600676288116,409,3.3924229050323144e-05,0.00993531383574009,460017,4.405351801713308,0.25833333333333336,0.25,0.10416666666666667,0.12916666666666668,0.25833333333333336
640,720,0.01,-0.019600490245713437,-0.019409649527906248,235,3.108338292400327e-05,0.009749801829457283,460737,4.411036415894826,0.1111111111111111,0.2652777777777778,0.22361111111111112,0.225,0.175
641,720,0.01,0.3432628893207911,0.4095392660438051,335,3.3539272462551e-05,0.010524081066250801,461457,4.425570650895437,0.175,0.2375,0.20833333333333334,0.14027777777777778,0.2388888888888889
642,720,0.01,0.40837302452528534,0.5043682227608919,326,3.238178315238353e-05,0.009948814287781715,462177,4.431755650043487,0.225,0.3527777777777778,0.13055555555555556,0.1388888888888889,0.1527777777777778
643,720,0.01,0.2107746065712887,0.23463404529730614,415,3.1760604244684345e-05,0.010049106553196907,462897,4.438147699832916,0.2861111111111111,0.2638888888888889,0.09722222222222222,0.15138888888888888,0.2013888888888889
644,720,0.01,0.17559103649514218,0.1919504947076034,339,3.191574748737164e-05,0.010683956556022167,463617,4.44384165207545,0.17777777777777778,0.2125,0.17777777777777778,0.19305555555555556,0.2388888888888889
645,720,0.01,0.30623598399239566,0.35830280644912915,378,3.14083576989156e-05,0.010537946596741676,464337,4.449957998593648,0.2013888888888889,0.225,0.14027777777777778,0.24583333333333332,0.1875
646,720,0.01,0.18604760820013178,0.20447960211860416,319,2.9604533732986562e-05,0.0098083121702075,465057,4.455652765432993,0.32222222222222224,0.26944444444444443,0.13333333333333333,0.1125,0.1625
647,720,0.01,0.16297030329626508,0.17700173609761594,292,3.19294233836192e-05,0.00965962465852499,465777,4.461304402351379,0.15138888888888888,0.21805555555555556,0.13194444444444445,0.23333333333333334,0.2652777777777778
648,720,0.01,0.21104208400639757,0.23496432621441588,479,3.0954484777920594e-05,0.009271224960684776,466497,4.4672516822814945,0.21666666666666667,0.25555555555555554,0.10555555555555556,0.2111111111111111,0.2111111111111111
649,720,0.01,-0.019574150839152312,-0.01938382101984193,276,3.40983350232212e-05,0.010238202288746834,467217,4.472887285550436,0.09722222222222222,0.22083333333333333,0.12777777777777777,0.21805555555555556,0.33611111111111114
650,720,0.01,0.5145563090115203,0.6728960881896024,385,3.352583578867375e-05,0.010193433612585068,467937,4.478521716594696,0.2152777777777778,0.24027777777777778,0.09583333333333334,0.2152777777777778,0.23333333333333334
651,720,0.01,0.41112314050126164,0.5085111039348114,381,3.031080039477274e-05,0.009915202856063843,468657,4.490189333756764,0.21666666666666667,0.23055555555555557,0.06388888888888888,0.3416666666666667,0.14722222222222223
652,720,0.01,0.23213383412767147,0.2612885209819513,377,3.2416223200470994e-05,0.00966541189700365,469377,4.496876136461894,0.18888888888888888,0.24027777777777778,0.10694444444444444,0.2652777777777778,0.1986111111111111
653,720,0.01,0.4582611918891701,0.5813219776009892,379,3.062563936914052e-05,0.010135593824088573,470097,4.502553836504618,0.3375,0.22083333333333333,0.06944444444444445,0.18055555555555555,0.19166666666666668
654,720,0.01,0.43817035698790585,0.5498689159311902,332,3.1559692926445376e-05,0.010422606021165848,470817,4.509308401743571,0.17083333333333334,0.2611111111111111,0.13333333333333333,0.23055555555555557,0.20416666666666666
655,720,0.01,0.44131633839637585,0.5547524524560568,393,3.493041431473406e-05,0.010225486010313034,471537,4.5150897860527035,0.19305555555555556,0.19444444444444445,0.09444444444444444,0.25277777777777777,0.2652777777777778
656,720,0.01,0.05719688780967738,0.05886426733985539,348,3.020329022357752e-05,0.01014966145157814,472257,4.521838601430257,0.19166666666666668,0.24166666666666667,0.1736111111111111,0.2375,0.15555555555555556
657,720,0.01,0.5865341341498623,0.7977468560065788,384,3.051052011579082e-05,0.009612012654542923,472977,4.527475297451019,0.20277777777777778,0.18611111111111112,0.10833333333333334,0.25972222222222224,0.24305555555555555
658,720,0.01,-0.016299789682926953,-0.016167666942715875,238,3.1056021397388475e-05,0.009272001683712006,473697,4.533150517940522,0.19722222222222222,0.22916666666666666,0.14166666666666666,0.22777777777777777,0.20416666666666666
659,720,0.01,0.11674196737830449,0.12382940762617944,291,2.8964484661426266e-05,0.009836588986217976,474417,4.538939134279887,0.22777777777777777,0.15555555555555556,0.18611111111111112,0.24027777777777778,0.19027777777777777
660,720,0.01,-0.18329446062767824,-0.16747702559686173,247,3.0496727313473256e-05,0.010284632444381714,475137,4.544631433486939,0.33055555555555555,0.17222222222222222,0.1111111111111111,0.21388888888888888,0.17222222222222222
661,720,0.01,0.016623738381291445,0.016762681570828386,318,3.167691202558368e-05,0.010250565595924854,475857,4.555633548895518,0.16944444444444445,0.2013888888888889,0.17777777777777778,0.275,0.1763888888888889
662,720,0.01,0.045262772707340686,0.04630276359843055,286,2.9802679984590618e-05,0.01055452972650528,476577,4.561543583869934,0.12222222222222222,0.19027777777777777,0.11666666666666667,0.225,0.3458333333333333
663,720,0.01,0.11008442843653199,0.11637232004971043,274,2.9274010083529194e-05,0.009543189778923988,477297,4.567197235425313,0.2763888888888889,0.20972222222222223,0.1986111111111111,0.09722222222222222,0.21805555555555556
664,720,0.01,0.8521678897416226,1.344724450183274,378,3.167730519130095e-05,0.010747173801064491,478017,4.572857018311819,0.25555555555555554,0.24305555555555555,0.06388888888888888,0.26666666666666666,0.17083333333333334
665,720,0.01,0.14766117337711326,0.15912008907464914,277,3.1626410193692007e-05,0.010645483620464802,478737,4.578645797570546,0.16666666666666666,0.17916666666666667,0.06527777777777778,0.32083333333333336,0.26805555555555555
666,720,0.01,0.1385607290180569,0.14861943398250688,253,3.178327167145451e-05,0.010514131747186184,479457,4.584373648961385,0.16527777777777777,0.2763888888888889,0.1,0.30694444444444446,0.15138888888888888
667,720,0.01,0.41303793760282226,0.5114023638289389,333,3.169114626252344e-05,0.01031061727553606,480177,4.590015685558319,0.14444444444444443,0.2388888888888889,0.12083333333333333,0.24305555555555555,0.25277777777777777
668,720,0.01,0.09004782378069699,0.09422661250746711,255,3.072425643419289e-05,0.010113482363522053,480897,4.595648185412089,0.24861111111111112,0.20277777777777778,0.09166666666666666,0.2625,0.19444444444444445
669,720,0.01,0.14342950027667034,0.15422543536481426,310,3.127032576723347e-05,0.010324002243578434,481617,4.601600817839304,0.15416666666666667,0.19166666666666668,0.12777777777777777,0.23333333333333334,0.29305555555555557
670,720,0.01,0.052088346507139484,0.05346880869189463,377,3.0898474431574465e-05,0.01052908319979906,482337,4.607342497507731,0.18055555555555555,0.2722222222222222,0.12916666666666668,0.1763888888888889,0.24166666666666667
671,720,0.01,0.11994720668309015,0.12743732885199055,369,3.115733948296414e-05,0.010314359329640865,483057,4.619199617703756,0.1527777777777778,0.2763888888888889,0.13055555555555556,0.25,0.19027777777777777
672,720,0.01,0.0671093587395648,0.0694124213745817,333,3.088801414795246e-05,0.010558963753283024,483777,4.6254298488299055,0.13333333333333333,0.28194444444444444,0.10277777777777777,0.23333333333333334,0.24861111111111112
673,720,0.01,0.1880032594913519,0.20683744901942291,272,3.0486908132034943e-05,0.010101644322276115,484497,4.6310609141985575,0.14444444444444443,0.2152777777777778,0.11527777777777778,0.2777777777777778,0.24722222222222223
674,720,0.01,0.3179780496920547,0.37434609357648996,377,3.053236343109549e-05,0.009885155595839024,485217,4.636763548851013,0.16111111111111112,0.2388888888888889,0.1361111111111111,0.24166666666666667,0.2222222222222222
675,720,0.01,0.13623335443015083,0.1459492747363509,287,3.300846985515212e-05,0.00992563460022211,485937,4.6432797829310095,0.16805555555555557,0.25,0.11388888888888889,0.20416666666666666,0.2638888888888889
676,720,0.01,0.41039777213803497,0.5074172744670435,416,3.290541566229877e-05,0.009627183899283409,486657,4.6489945689837135,0.2013888888888889,0.2263888888888889,0.12361111111111112,0.18888888888888888,0.25972222222222224
677,720,0.01,0.23110760574430583,0.25999481483462583,324,2.931142943478133e-05,0.009933726862072945,487377,4.654677482446035,0.08333333333333333,0.1763888888888889,0.1125,0.3375,0.2902777777777778
678,720,0.01,0.26879340768596377,0.3083848108776337,302,3.051643352970738e-05,0.009731980971992016,488097,4.660346186161041,0.14444444444444443,0.1875,0.15694444444444444,0.2111111111111111,0.3
679,720,0.01,0.8848131773011916,1.422531765284102,361,2.771315576208306e-05,0.009923409670591354,488817,4.6660270174344385,0.18194444444444444,0.19444444444444445,0.0763888888888889,0.25972222222222224,0.2875
680,720,0.01,0.016728175630838428,0.016868875013916318,267,2.992379379141615e-05,0.009774468839168549,489537,4.673154719670614,0.25555555555555554,0.18472222222222223,0.07083333333333333,0.23194444444444445,0.2569444444444444
681,720,0.01,0.5474728721072105,0.7288783957636189,443,2.9102350099997743e-05,0.009126140736043453,490257,4.684574385484059,0.1875,0.225,0.1111111111111111,0.24444444444444444,0.23194444444444445
682,720,0.01,0.06377469671602899,0.0658522316992789,281,3.299439643456026e-05,0.009842157363891602,490977,4.690266100565593,0.30833333333333335,0.2375,0.07916666666666666,0.2861111111111111,0.08888888888888889
683,720,0.01,-0.03339772501555671,-0.032846178184643415,274,3.159575497117354e-05,0.009102539159357548,491697,4.695969653129578,0.13055555555555556,0.22361111111111112,0.1361111111111111,0.24305555555555555,0.26666666666666666
684,720,0.01,0.016007728296128374,0.016136538379825538,291,2.8961442102273497e-05,0.009050642140209675,492417,4.70163498322169,0.20972222222222223,0.26944444444444443,0.12777777777777777,0.23055555555555557,0.1625
685,720,0.01,0.1824033824456096,0.20009819479935875,291,2.9745452187373504e-05,0.009398333728313446,493137,4.707452197869618,0.24861111111111112,0.2611111111111111,0.14305555555555555,0.1875,0.1597222222222222
686,720,0.01,0.3733974294666144,0.45266155563112265,370,3.013488167261534e-05,0.009164064191281796,493857,4.714546434084574,0.19583333333333333,0.2569444444444444,0.10416666666666667,0.24444444444444444,0.1986111111111111
687,720,0.01,0.7704879028309948,1.160820266961521,392,3.216835602744241e-05,0.00926894973963499,494577,4.720252966880798,0.16111111111111112,0.1625,0.16944444444444445,0.2375,0.26944444444444443
688,720,0.01,0.14576331576226076,0.15692233036328918,387,3.179166795853739e-05,0.009319285862147808,495297,4.725934032599131,0.18611111111111112,0.1986111111111111,0.12777777777777777,0.24305555555555555,0.24444444444444444
689,720,0.01,0.291603746239627,0.3385724981501401,260,2.9892192971045814e-05,0.009784232825040817,496017,4.731600618362426,0.21805555555555556,0.24027777777777778,0.08611111111111111,0.17777777777777778,0.2777777777777778
690,720,0.01,-0.02668474003663511,-0.026331848270611524,305,3.2609388695921856e-05,0.00986507162451744,496737,4.73940235376358,0.19583333333333333,0.2013888888888889,0.14722222222222223,0.17083333333333334,0.2847222222222222
691,720,0.01,0.9668306134310166,1.6295970287197266,429,3.342295029571889e-05,0.0101051339879632,497457,4.7516669193903605,0.21388888888888888,0.25833333333333336,0.08472222222222223,0.18055555555555555,0.2625
692,720,0.01,0.3609509135774399,0.43469303520152724,374,3.286884739408278e-05,0.010349251329898834,498177,4.757331482569376,0.35,0.18611111111111112,0.1111111111111111,0.20416666666666666,0.1486111111111111
693,720,0.01,0.4134876708883821,0.5120822446508835,410,3.2156837680001145e-05,0.01037860568612814,498897,4.763232350349426,0.21666666666666667,0.2791666666666667,0.1125,0.20555555555555555,0.18611111111111112
694,720,0.01,0.43539506577505327,0.545573541562103,449,3.2040391139136974e-05,0.010584580712020397,499617,4.769195199012756,0.1986111111111111,0.29583333333333334,0.12083333333333333,0.18472222222222223,0.2
695,720,0.01,0.1917851763459849,0.2114102494337966,351,3.718427584292133e-05,0.010902030393481255,500337,4.775036366780599,0.24722222222222223,0.29583333333333334,0.06527777777777778,0.12361111111111112,0.26805555555555555
696,720,0.01,0.1049293786590965,0.1106321732527451,273,3.47572546710732e-05,0.010447136126458645,501057,4.782395148277283,0.14166666666666666,0.2388888888888889,0.1597222222222222,0.2111111111111111,0.24861111111111112
697,720,0.01,0.08292096689836184,0.0864559391723565,231,3.599819799420503e-05,0.009518682956695557,501777,4.789128883679708,0.23472222222222222,0.19166666666666668,0.08888888888888889,0.25277777777777777,0.23194444444444445
698,720,0.01,0.5861450091937662,0.7970474439283359,344,3.24101554396192e-05,0.010529732331633568,502497,4.795402618249257,0.22916666666666666,0.24861111111111112,0.11944444444444445,0.24305555555555555,0.1597222222222222
699,720,0.01,0.49380872670911347,0.6385451209008339,397,3.19321181728406e-05,0.00980721041560173,503217,4.801655153433482,0.15555555555555556,0.34444444444444444,0.10694444444444444,0.175,0.21805555555555556
700,720,0.01,0.5460977699577484,0.7265026451896603,369,3.6483216633263916e-05,0.010266471654176712,503937,4.807738598187765,0.2375,0.21388888888888888,0.14722222222222223,0.2111111111111111,0.19027777777777777
701,720,0.01,-0.07761580918225147,-0.07468014234472664,274,3.449880209384699e-05,0.010413730517029762,504657,4.818906883398692,0.3263888888888889,0.20694444444444443,0.10555555555555556,0.175,0.18611111111111112
702,720,0.01,0.2564272290650468,0.2923047201550961,394,3.457797912965866e-05,0.010520282201468945,505377,4.825721800327301,0.14722222222222223,0.2791666666666667,0.13194444444444445,0.1986111111111111,0.24305555555555555
703,720,0.01,0.18236876810291247,0.2000566549081122,333,3.619402575370461e-05,0.010833971202373505,506097,4.831496969858805,0.20972222222222223,0.21388888888888888,0.10972222222222222,0.24166666666666667,0.225
704,720,0.01,-0.14607271870118396,-0.13590513495637002,315,3.6301873534385875e-05,0.011074895039200783,506817,4.837281986077627,0.31666666666666665,0.17916666666666667,0.10277777777777777,0.20555555555555555,0.19583333333333333
705,720,0.01,0.22675075837395606,0.2545171510762334,380,3.857550341055887e-05,0.011040067300200462,507537,4.842995802561442,0.19305555555555556,0.24166666666666667,0.1361111111111111,0.25,0.17916666666666667
706,720,0.01,-0.014337288402737973,-0.014234998918153718,232,3.583880384086216e-05,0.01051477063447237,508257,4.8486708005269366,0.2388888888888889,0.24583333333333332,0.07222222222222222,0.26944444444444443,0.1736111111111111
707,720,0.01,0.3645074852070037,0.4398047083753398,285,3.645110596153245e-05,0.010585994459688663,508977,4.854474965731303,0.25416666666666665,0.15833333333333333,0.1388888888888889,0.19166666666666668,0.2569444444444444
708,720,0.01,-0.07865253941287649,-0.07563895231463491,284,3.6379065357373795e-05,0.011176256462931633,509697,4.86015248298645,0.2611111111111111,0.2611111111111111,0.12916666666666668,0.16527777777777777,0.18333333333333332
709,720,0.01,0.7752386994166985,1.171110308100368,403,3.50006721558e-05,0.010742975398898125,510417,4.8697946508725485,0.22777777777777777,0.26805555555555555,0.10277777777777777,0.21805555555555556,0.18333333333333332
710,720,0.01,0.4342392633857496,0.5437881959220532,407,3.707330645473424e-05,0.010540548712015152,511137,4.87548680305481,0.20555555555555555,0.16527777777777777,0.11944444444444445,0.2763888888888889,0.23333333333333334
711,720,0.01,-0.030887067782846785,-0.03041493571560483,201,3.417545540666348e-05,0.010287264361977577,511857,4.887184298038482,0.31666666666666665,0.2875,0.1875,0.14444444444444443,0.06388888888888888
712,720,0.01,-0.0791751243533383,-0.07612188328048997,208,3.433759544704016e-05,0.010458827950060368,512577,4.894071002801259,0.24166666666666667,0.23194444444444445,0.15694444444444444,0.08472222222222223,0.2847222222222222
713,720,0.01,0.582217609098618,0.7900035607538025,344,3.5331494384788835e-05,0.010250329971313477,513297,4.899915933609009,0.20416666666666666,0.21944444444444444,0.18333333333333332,0.14305555555555555,0.25
714,720,0.01,-0.10290985220244372,-0.09779169809297261,242,3.434509662964855e-05,0.010825992561876774,514017,4.906143867969513,0.19722222222222222,0.2902777777777778,0.10694444444444444,0.1375,0.26805555555555555
715,720,0.01,0.06561593601743002,0.06781652853309184,214,3.6136989534598895e-05,0.010401131585240364,514737,4.911813966433207,0.26666666666666666,0.16944444444444445,0.09166666666666666,0.15,0.32222222222222224
716,720,0.01,0.13935402653479986,0.14953099244789603,350,3.649478432837188e-05,0.010297568514943123,515457,4.9175324519475305,0.23333333333333334,0.19305555555555556,0.1875,0.19722222222222222,0.18888888888888888
717,720,0.01,-0.03392646351212467,-0.03335741447527529,330,3.6582683592061784e-05,0.01047264039516449,516177,4.923247416814168,0.16805555555555557,0.2375,0.1763888888888889,0.14305555555555555,0.275
718,720,0.01,0.24885347533019367,0.28255409348619764,360,3.275592709744362e-05,0.01051419973373413,516897,4.928941718737284,0.2625,0.21944444444444444,0.12222222222222222,0.18194444444444444,0.21388888888888888
719,720,0.01,0.12125264024675746,0.12891008446515895,289,3.588763883044521e-05,0.01049230620265007,517617,4.936711100737254,0.20416666666666666,0.21666666666666667,0.11944444444444445,0.16111111111111112,0.2986111111111111
720,720,0.01,0.07533857261107092,0.07824915472269178,265,3.5530036983446836e-05,0.009926077909767628,518337,4.945137234528859,0.19444444444444445,0.2722222222222222,0.17222222222222222,0.1736111111111111,0.1875
721,720,0.01,0.18848875390799572,0.2074235041144452,337,3.523052192930562e-05,0.009912382811307907,519057,4.956108200550079,0.18472222222222223,0.2361111111111111,0.16527777777777777,0.21666666666666667,0.19722222222222222
722,720,0.01,0.23407196815518064,0.2637354376432326,407,3.597199498320454e-05,0.009542204439640045,519777,4.962327098846435,0.16527777777777777,0.34444444444444444,0.1486111111111111,0.1763888888888889,0.16527777777777777
723,720,0.01,0.3062819145497285,0.3583651954868272,303,3.424164891106961e-05,0.00968853011727333,520497,4.968110454082489,0.1875,0.3055555555555556,0.1361111111111111,0.11527777777777778,0.25555555555555554
724,720,0.01,0.10292307057008424,0.10840613674385846,253,3.2308134785176255e-05,0.009363431483507156,521217,4.97383363644282,0.20277777777777778,0.26944444444444443,0.1597222222222222,0.1763888888888889,0.19166666666666668
725,720,0.01,0.25650833454398125,0.29240953739892195,298,3.275960727112053e-05,0.009061459451913834,521937,4.979538667201996,0.13194444444444445,0.3236111111111111,0.10555555555555556,0.24305555555555555,0.19583333333333333
726,720,0.01,0.19470158675598623,0.21494837570238756,294,3.133563914035322e-05,0.0104437917470932,522657,4.985613020261129,0.15,0.34305555555555556,0.20277777777777778,0.14027777777777778,0.1638888888888889
727,720,0.01,0.5499953314713637,0.7332449261449365,401,3.227243827647423e-05,0.010088439099490643,523377,4.99133395353953,0.20555555555555555,0.3194444444444444,0.11388888888888889,0.17083333333333334,0.19027777777777777
728,720,0.01,0.18240438511147508,0.20009939809745636,286,3.419482164935693e-05,0.010115407407283783,524097,4.997140383720398,0.1388888888888889,0.2638888888888889,0.17083333333333334,0.1527777777777778,0.27361111111111114
729,720,0.01,0.6342005728701513,0.8855142075861624,455,3.541632257919345e-05,0.01010218821465969,524817,5.003481217225393,0.20416666666666666,0.35833333333333334,0.12916666666666668,0.10972222222222222,0.1986111111111111
730,720,0.01,0.0441007392441986,0.04508763092370205,342,3.25802613335529e-05,0.010107088834047318,525537,5.0093029856681826,0.07916666666666666,0.24305555555555555,0.24583333333333332,0.2222222222222222,0.20972222222222223
731,720,0.01,0.08781684289232942,0.09178813495724025,311,3.419179264672796e-05,0.010638986714184284,526257,5.020350933074951,0.10833333333333334,0.3263888888888889,0.13333333333333333,0.22916666666666666,0.20277777777777778
732,720,0.01,0.18818670338178353,0.20705885628347231,259,3.442449318021722e-05,0.010559236630797386,526977,5.026343433062236,0.1375,0.19166666666666668,0.0875,0.32916666666666666,0.25416666666666665
733,720,0.01,0.4454902759872232,0.561255454282573,382,3.342161363535625e-05,0.010272469371557236,527697,5.032169600327809,0.20833333333333334,0.275,0.1736111111111111,0.17222222222222222,0.17083333333333334
734,720,0.01,0.15445393113332764,0.16702051350662783,282,3.364717319224534e-05,0.010573034174740314,528417,5.038423852125804,0.13472222222222222,0.21666666666666667,0.10833333333333334,0.2375,0.30277777777777776
735,720,0.01,0.14807430400738553,0.15959905601875057,322,3.221271218383966e-05,0.0103920828551054,529137,5.044243617852529,0.18888888888888888,0.2902777777777778,0.13333333333333333,0.09722222222222222,0.2902777777777778
736,720,0.01,-0.06372136703772253,-0.061733604942606934,224,3.257943659112546e-05,0.009968461468815804,529857,5.052764014403025,0.10277777777777777,0.3055555555555556,0.24305555555555555,0.2,0.1486111111111111
737,720,0.01,0.2430031321761622,0.2750726178642622,299,3.2847247355978954e-05,0.009634955786168575,530577,5.059200088183085,0.15138888888888888,0.19583333333333333,0.1486111111111111,0.2777777777777778,0.2263888888888889
738,720,0.01,0.10376830938371612,0.10934340068203019,312,3.2779762670998024e-05,0.00937572680413723,531297,5.066931251684824,0.12777777777777777,0.19444444444444445,0.1763888888888889,0.24027777777777778,0.2611111111111111
739,720,0.01,0.17912953150527838,0.1961756765693199,347,3.285020405946347e-05,0.010088141076266766,532017,5.073571864763895,0.125,0.24444444444444444,0.25,0.14583333333333334,0.23472222222222222
740,720,0.01,0.6387652890714585,0.894140718645773,390,3.183721841727068e-05,0.010343756526708603,532737,5.0809809486071265,0.18611111111111112,0.24861111111111112,0.12916666666666668,0.2125,0.22361111111111112
741,720,0.01,0.26700682236897283,0.30604935665086885,340,3.27218427059961e-05,0.010265708900988102,533457,5.092047119140625,0.11388888888888889,0.2361111111111111,0.12777777777777777,0.16666666666666666,0.35555555555555557
742,720,0.01,0.11495024932549736,0.12181762500007998,299,3.436534279899206e-05,0.010208030231297016,534177,5.0981679320335385,0.2,0.21805555555555556,0.19166666666666668,0.22361111111111112,0.16666666666666666
743,720,0.01,0.321762078641838,0.37955651094941767,376,3.335816512238428e-05,0.010350744239985943,534897,5.1047965367635095,0.1375,0.23333333333333334,0.13472222222222222,0.3402777777777778,0.15416666666666667
744,720,0.01,0.281115508191396,0.32460659801150316,322,3.3084118520163326e-05,0.010089077055454254,535617,5.110478313763936,0.1111111111111111,0.18888888888888888,0.16666666666666666,0.2,0.3333333333333333
745,720,0.01,0.16558495161290435,0.18008320843330017,322,3.233147562140301e-05,0.010195627808570862,536337,5.116214199860891,0.14722222222222223,0.23194444444444445,0.12777777777777777,0.22083333333333333,0.2722222222222222
746,720,0.01,0.2911920380522339,0.3380215103241122,361,3.1877417314439705e-05,0.010398400016129017,537057,5.122450502713521,0.09166666666666666,0.21805555555555556,0.18194444444444444,0.24027777777777778,0.26805555555555555
747,720,0.01,-0.013067466365613192,-0.012982457712446438,309,3.473841011201431e-05,0.011134890839457512,537777,5.128113869825999,0.12083333333333333,0.2625,0.11527777777777778,0.24722222222222223,0.25416666666666665
748,720,0.01,0.6102963295576606,0.8409768538171756,426,3.086112197871039e-05,0.011102366261184216,538497,5.133797148863475,0.1597222222222222,0.35833333333333334,0.10277777777777777,0.1361111111111111,0.24305555555555555
749,720,0.01,0.4296317379172146,0.5366915141171824,364,3.2226386871848765e-05,0.010536415502429008,539217,5.139945566654205,0.15,0.2222222222222222,0.1375,0.27361111111111114,0.21666666666666667
750,720,0.01,0.9108918687003182,1.4865392112397,385,3.2710722407753365e-05,0.01004813052713871,539937,5.1456664323806764,0.12222222222222222,0.2611111111111111,0.2388888888888889,0.1597222222222222,0.21805555555555556
751,720,0.01,0.09801946645115836,0.10298425608867334,354,3.5493127721035e-05,0.011112386360764503,540657,5.156953183809916,0.24166666666666667,0.2763888888888889,0.07222222222222222,0.14027777777777778,0.26944444444444443
752,720,0.01,0.37793893781813404,0.45927383371099784,354,3.233435651155661e-05,0.010049055330455303,541377,5.163351500034333,0.1763888888888889,0.26944444444444443,0.19444444444444445,0.19027777777777777,0.16944444444444445
753,720,0.01,0.4020991127373944,0.4949594948613687,343,3.251731378921047e-05,0.00976638775318861,542097,5.169102084636688,0.2638888888888889,0.2861111111111111,0.12638888888888888,0.1375,0.18611111111111112
754,720,0.01,0.4340798211850314,0.5435420705565572,391,3.16791588943488e-05,0.009924029931426048,542817,5.174982035160065,0.23472222222222222,0.225,0.17916666666666667,0.14722222222222223,0.21388888888888888
755,720,0.01,0.08927896554707841,0.09338563070632033,291,3.255337534129568e-05,0.009663024917244911,543537,5.18138200044632,0.14444444444444443,0.25555555555555554,0.13194444444444445,0.24166666666666667,0.2263888888888889
756,720,0.01,0.12912371519784266,0.13783088243131525,304,3.3846545456602446e-05,0.00988023355603218,544257,5.18711621761322,0.25555555555555554,0.2791666666666667,0.1597222222222222,0.17777777777777778,0.12777777777777777
757,720,0.01,0.5325996384015351,0.7033546640615973,418,3.242176529043819e-05,0.009579450823366642,544977,5.192882267634074,0.19027777777777777,0.3458333333333333,0.11388888888888889,0.16805555555555557,0.18194444444444444
758,720,0.01,0.25357996625653395,0.2886304223161906,353,3.196918702504566e-05,0.00991633627563715,545697,5.198631616433461,0.1763888888888889,0.30416666666666664,0.09722222222222222,0.24583333333333332,0.1763888888888889
759,720,0.01,-0.010909247031217414,-0.010849956994904764,232,3.2873628170667266e-05,0.01025763712823391,546417,5.2043218533198035,0.2833333333333333,0.2125,0.1111111111111111,0.20833333333333334,0.18472222222222223
760,720,0.01,0.7622779203834147,1.1431525953731292,430,3.1707942136765473e-05,0.00969146378338337,547137,5.210034735997518,0.2111111111111111,0.31666666666666665,0.12361111111111112,0.1361111111111111,0.2125
761,720,0.01,0.5471296498688699,0.7282851080713901,364,3.366806819889866e-05,0.01006934605538845,547857,5.221631503105163,0.2,0.4027777777777778,0.075,0.16666666666666666,0.15555555555555556
762,720,0.01,0.1895426762658146,0.20869670555066655,352,3.2532399872151375e-05,0.01000430341809988,548577,5.227306834856669,0.24166666666666667,0.28055555555555556,0.08611111111111111,0.21805555555555556,0.1736111111111111
763,720,0.01,0.6793693379969592,0.972633275003274,399,3.081356771367104e-05,0.009737340733408928,549297,5.234365717569987,0.1986111111111111,0.30694444444444446,0.18888888888888888,0.14305555555555555,0.1625
764,720,0.01,0.6795206728261077,0.972931825712906,441,3.111518843373536e-05,0.009776301681995392,550017,5.241902049382528,0.1763888888888889,0.33611111111111114,0.11388888888888889,0.20555555555555555,0.16805555555555557
765,720,0.01,0.20860557168525462,0.2319589831818789,328,3.398946184915985e-05,0.010293479077517986,550737,5.247540251413981,0.2111111111111111,0.2902777777777778,0.125,0.1375,0.2361111111111111
766,720,0.01,0.7238633522225747,1.0623855612289517,387,3.0826073864571095e-05,0.010225613601505756,551457,5.253221150239309,0.1763888888888889,0.31527777777777777,0.18611111111111112,0.19722222222222222,0.125
767,720,0.01,0.2677175936725536,0.30697798903816675,332,3.219879312534128e-05,0.01008397713303566,552177,5.258927766482035,0.16111111111111112,0.30416666666666664,0.125,0.19722222222222222,0.2125
768,720,0.01,0.5606153383061772,0.7517500876534979,419,3.436906942005812e-05,0.010344554670155048,552897,5.266259217262268,0.20277777777777778,0.24722222222222223,0.175,0.18055555555555555,0.19444444444444445
769,720,0.01,0.08644176814326811,0.09028787638177271,274,3.457588778575074e-05,0.010115651413798332,553617,5.271951150894165,0.14305555555555555,0.2222222222222222,0.07916666666666666,0.22916666666666666,0.3263888888888889
770,720,0.01,-0.008622182509241674,-0.008585118095503774,286,3.385462399086868e-05,0.010267877019941807,554337,5.27764888604482,0.19444444444444445,0.2638888888888889,0.14305555555555555,0.14305555555555555,0.25555555555555554
771,720,0.01,0.25760953567512007,0.2938335241474084,381,3.0580080138836114e-05,0.010507148690521717,555057,5.289485335350037,0.25416666666666665,0.28055555555555556,0.15555555555555556,0.13194444444444445,0.17777777777777778
772,720,0.01,0.21151176724494206,0.23554450449798003,283,3.17540101434588e-05,0.011095769703388214,555777,5.297448019186656,0.35833333333333334,0.2611111111111111,0.14583333333333334,0.08472222222222223,0.15
773,720,0.01,0.8190343883615766,1.268308474637276,380,3.306215905480611e-05,0.010862349532544613,556497,5.305852715174357,0.1527777777777778,0.36666666666666664,0.08194444444444444,0.23472222222222222,0.1638888888888889
774,720,0.01,0.9747682477437941,1.650552868190296,413,3.509595541244279e-05,0.011087290942668915,557217,5.311584834257761,0.11666666666666667,0.2861111111111111,0.16111111111111112,0.24583333333333332,0.19027777777777777
775,720,0.01,0.18248124089229495,0.2001916362182301,322,3.462591261293508e-05,0.010598910972476006,557937,5.318950200080872,0.21388888888888888,0.2569444444444444,0.17916666666666667,0.15,0.2
776,720,0.01,0.2828376968810449,0.3268897859887707,290,3.253158815949872e-05,0.010259527713060379,558657,5.326398801803589,0.225,0.26805555555555555,0.12916666666666668,0.10416666666666667,0.27361111111111114
777,720,0.01,0.11250366963290963,0.11907636350469741,256,3.303878995413672e-05,0.010879579000175,559377,5.332684234778086,0.14722222222222223,0.41388888888888886,0.11805555555555555,0.125,0.19583333333333333
778,720,0.01,0.5443202083395636,0.7234364063754619,347,3.165870937525344e-05,0.010518258437514305,560097,5.340944282213846,0.2569444444444444,0.2833333333333333,0.09444444444444444,0.18472222222222223,0.18055555555555555
779,720,0.01,0.40601989023987145,0.5008324040776648,367,3.248931457606987e-05,0.010728538036346436,560817,5.346603667736053,0.25555555555555554,0.3236111111111111,0.06111111111111111,0.1361111111111111,0.22361111111111112
780,720,0.01,-0.04226175733033166,-0.041381177774888145,286,3.319226088807328e-05,0.010627185925841331,561537,5.352968068917592,0.17222222222222222,0.33611111111111114,0.15416666666666667,0.14305555555555555,0.19444444444444445
781,720,0.01,0.4693461761361376,0.5989484207445468,346,3.2857994678655204e-05,0.010864019393920898,562257,5.364100833733876,0.25555555555555554,0.2875,0.14444444444444443,0.14583333333333334,0.16666666666666666
782,720,0.01,0.134703093774805,0.14419701469743496,365,3.232119180691168e-05,0.010835775174200535,562977,5.3697723031044005,0.21388888888888888,0.2652777777777778,0.12222222222222222,0.20833333333333334,0.19027777777777777
783,720,0.01,0.2787130370812666,0.3214280885948422,283,3.0643292430138696e-05,0.01051066443324089,563697,5.375450666745504,0.19166666666666668,0.2625,0.12777777777777777,0.18194444444444444,0.2361111111111111
784,720,0.01,0.6061433957660035,0.8333472524116003,403,3.36482668027808e-05,0.01106418389827013,564417,5.381119048595428,0.18611111111111112,0.3541666666666667,0.12361111111111112,0.17222222222222222,0.1638888888888889
785,720,0.01,0.12117528324527661,0.12882275874375426,317,3.0990386906953266e-05,0.010452240705490112,565137,5.386807048320771,0.24583333333333332,0.3,0.12638888888888888,0.16527777777777777,0.1625
786,720,0.01,-0.08228204487111351,-0.07898784469467357,449,3.267453999013823e-05,0.011125565506517887,565857,5.392517018318176,0.20694444444444443,0.2972222222222222,0.14027777777777778,0.21388888888888888,0.14166666666666666
787,720,0.01,0.07227886081533359,0.07495506511754924,261,3.103728373616832e-05,0.011242762207984924,566577,5.399238916238149,0.25277777777777777,0.20277777777777778,0.12777777777777777,0.1736111111111111,0.24305555555555555
788,720,0.01,0.05463089089527581,0.056150707878607875,262,2.9690595581794493e-05,0.010922346264123917,567297,5.405403367678324,0.2513888888888889,0.2125,0.18611111111111112,0.19444444444444445,0.15555555555555556
789,720,0.01,-0.02664950147613804,-0.026297537002008098,341,3.3662650225904956e-05,0.011185061186552048,568017,5.411084548632304,0.1638888888888889,0.3472222222222222,0.17916666666666667,0.10972222222222222,0.2
790,720,0.01,0.2698126789944161,0.3097190898563984,360,3.332776432785067e-05,0.010880251415073872,568737,5.419146168231964,0.2708333333333333,0.2652777777777778,0.15138888888888888,0.10138888888888889,0.2111111111111111
791,720,0.01,0.17048078836626196,0.18587486912133566,380,3.419324969829379e-05,0.011206040158867836,569457,5.430181264877319,0.20833333333333334,0.4041666666666667,0.09027777777777778,0.1111111111111111,0.18611111111111112
792,720,0.01,0.8594456696573697,1.3618510850402066,383,3.327949870026714e-05,0.01177995651960373,570177,5.435890634854634,0.32916666666666666,0.2513888888888889,0.07777777777777778,0.19166666666666668,0.15
793,720,0.01,0.7329210824807201,1.0811509509536044,337,3.126932064105859e-05,0.010908159427344799,570897,5.443106333414714,0.21944444444444444,0.35138888888888886,0.12638888888888888,0.18333333333333332,0.11944444444444445
794,720,0.01,0.11958991256163233,0.12703457407731844,273,3.2121707050060244e-05,0.010988159105181694,571617,5.451396417617798,0.21805555555555556,0.225,0.17916666666666667,0.21805555555555556,0.1597222222222222
795,720,0.01,0.7713175899455003,1.1626138156330073,374,3.238035993781017e-05,0.0111256567761302,572337,5.457048269112905,0.30277777777777776,0.24583333333333332,0.11388888888888889,0.1763888888888889,0.16111111111111112
796,720,0.01,0.6360098291921532,0.8889286739775042,360,3.217134288130789e-05,0.010688403621315956,573057,5.464084335168203,0.20972222222222223,0.37222222222222223,0.1361111111111111,0.1527777777777778,0.12916666666666668
797,720,0.01,0.7714605564779481,1.1629230191335993,355,3.4449585827031926e-05,0.011033467017114162,573777,5.469964198271433,0.2625,0.3638888888888889,0.07777777777777778,0.175,0.12083333333333333
798,720,0.01,0.2822985536741524,0.326174595186814,408,3.4496590447158976e-05,0.011271348223090172,574497,5.475742669900258,0.2611111111111111,0.3013888888888889,0.1486111111111111,0.11944444444444445,0.16944444444444445
799,720,0.01,0.6541956948816138,0.9235947379229239,356,3.271227505542305e-05,0.011242788285017014,575217,5.482469920317332,0.2611111111111111,0.29444444444444445,0.10694444444444444,0.2263888888888889,0.1111111111111111
800,720,0.01,0.14049820908131722,0.15084701848957516,281,3.4359684784451224e-05,0.011028988286852837,575937,5.488516799608866,0.3416666666666667,0.1986111111111111,0.10972222222222222,0.16944444444444445,0.18055555555555555
801,720,0.01,0.04389871864635003,0.044876523020484616,286,3.523949922623615e-05,0.012361707165837288,576657,5.4999424854914345,0.24027777777777778,0.32916666666666666,0.13333333333333333,0.14583333333333334,0.15138888888888888
802,720,0.01,0.14487605291515754,0.15589629141300643,275,3.35269334009859e-05,0.012000581249594688,577377,5.508635401725769,0.22083333333333333,0.4111111111111111,0.12638888888888888,0.09583333333333334,0.14583333333333334
803,720,0.01,0.6255668125626616,0.8693052028794903,358,3.189733984198837e-05,0.011396699585020542,578097,5.516286818186442,0.2125,0.2916666666666667,0.2361111111111111,0.09861111111111111,0.16111111111111112
804,720,0.01,-0.019504654633542364,-0.01931566954813657,189,3.4520051332896804e-05,0.011939489282667637,578817,5.521917482217153,0.18333333333333332,0.325,0.22083333333333333,0.11527777777777778,0.15555555555555556
805,720,0.01,0.01273437851007227,0.012815805983741546,256,3.6236250707588624e-05,0.011566892266273499,579537,5.527690283457438,0.10694444444444444,0.2222222222222222,0.26944444444444443,0.09027777777777778,0.3111111111111111
806,720,0.01,0.11538000004384381,0.1222998305369456,271,3.397693135727625e-05,0.011770153418183327,580257,5.533378799756368,0.2972222222222222,0.2388888888888889,0.19444444444444445,0.1763888888888889,0.09305555555555556
807,720,0.01,0.5063207059197803,0.6591753567933143,407,3.402500995990623e-05,0.011890367604792118,580977,5.539089985688528,0.2152777777777778,0.3347222222222222,0.10416666666666667,0.19583333333333333,0.15
808,720,0.01,0.02028306378327546,0.020490162953494373,328,3.554551759066271e-05,0.012480901554226875,581697,5.547649931907654,0.2569444444444444,0.29444444444444445,0.09583333333333334,0.21944444444444444,0.13333333333333333
809,720,0.01,0.14288586864166497,0.15359813243053466,285,3.39921678137974e-05,0.011967089027166367,582417,5.553859086831411,0.2263888888888889,0.2777777777777778,0.1486111111111111,0.08055555555555556,0.26666666666666666
810,720,0.01,0.38885943460407313,0.47529716102789643,323,3.716365620726315e-05,0.01217861007899046,583137,5.560976334412893,0.2361111111111111,0.3902777777777778,0.14027777777777778,0.12777777777777777,0.10555555555555556
811,720,0.01,0.65486890021322,0.924890148145951,427,3.4825603821294254e-05,0.012003583833575249,583857,5.572095652421315,0.2152777777777778,0.32222222222222224,0.12916666666666668,0.19583333333333333,0.1375
812,720,0.01,0.062221985258565086,0.06419855490084991,233,3.488968208355598e-05,0.011883769184350967,584577,5.578267002105713,0.2638888888888889,0.3125,0.1486111111111111,0.10972222222222222,0.16527777777777777
813,720,0.01,0.4491562167650811,0.5669894280996688,382,3.63396256590123e-05,0.011799179948866367,585297,5.584000587463379,0.23333333333333334,0.36944444444444446,0.1125,0.14027777777777778,0.14444444444444443
814,720,0.01,0.10358535601017418,0.10914046112926434,329,3.4799627976174936e-05,0.010937060229480267,586017,5.5902496695518495,0.2708333333333333,0.2861111111111111,0.06944444444444445,0.17222222222222222,0.2013888888888889
815,720,0.01,0.6459177955304152,0.9077371386468496,420,3.388449206593375e-05,0.010975480079650879,586737,5.596864533424378,0.24166666666666667,0.25555555555555554,0.15,0.2111111111111111,0.14166666666666666
816,720,0.01,0.18241209850138385,0.20010865496774288,288,3.45154022448292e-05,0.011360645294189453,587457,5.603492136796316,0.32083333333333336,0.3375,0.07777777777777778,0.1375,0.12638888888888888
817,720,0.01,0.5568888653347588,0.745234386132053,349,3.512534291682338e-05,0.011120527982711792,588177,5.6092883507410685,0.3277777777777778,0.2791666666666667,0.11666666666666667,0.11805555555555555,0.15833333333333333
818,720,0.01,0.29742861405394144,0.3463922584369836,393,3.328239289935987e-05,0.01137092150747776,588897,5.615018665790558,0.2652777777777778,0.37916666666666665,0.08888888888888889,0.12083333333333333,0.14583333333333334
819,720,0.01,0.5705019788472737,0.7691549069135786,362,3.53803211573399e-05,0.011106066405773163,589617,5.620742837587993,0.2222222222222222,0.2222222222222222,0.12361111111111112,0.18472222222222223,0.24722222222222223
820,720,0.01,0.3898842777921519,0.47680988429343607,404,3.4115426752931754e-05,0.011412905529141426,590337,5.627080770333608,0.2638888888888889,0.22777777777777777,0.14722222222222223,0.22916666666666666,0.13194444444444445
821,720,0.01,0.3796483995279047,0.46177053985757377,420,3.449593508990903e-05,0.011135760694742203,591057,5.6381635665893555,0.22777777777777777,0.2986111111111111,0.09444444444444444,0.20972222222222223,0.16944444444444445
822,720,0.01,-0.09827431760176006,-0.09359977188938318,251,3.6090910485124064e-05,0.011347796767950058,591777,5.643849968910217,0.20555555555555555,0.23472222222222222,0.14166666666666666,0.05416666666666667,0.3638888888888889
823,720,0.01,0.07036344039410206,0.0728980448920935,266,3.5393226334513704e-05,0.011275213211774826,592497,5.649544366200765,0.29305555555555557,0.37083333333333335,0.08472222222222223,0.09861111111111111,0.1527777777777778
824,720,0.01,-0.0532079362232838,-0.051817169574380206,283,3.396456872021897e-05,0.010868936777114868,593217,5.655825320879618,0.18194444444444444,0.32083333333333336,0.1763888888888889,0.12083333333333333,0.2
825,720,0.01,0.3512171829174336,0.42079586499731336,396,3.2415576708268015e-05,0.011374262161552906,593937,5.661553235848745,0.23194444444444445,0.29583333333333334,0.12916666666666668,0.1625,0.18055555555555555
826,720,0.01,0.552150874790314,0.7369850402063693,361,3.2053757241909706e-05,0.01034238189458847,594657,5.66879536708196,0.2916666666666667,0.2222222222222222,0.14166666666666666,0.18888888888888888,0.15555555555555556
827,720,0.01,0.08921205429954021,0.09331247335727699,203,3.393336027228442e-05,0.01098937913775444,595377,5.674606200059255,0.24166666666666667,0.33055555555555555,0.19166666666666668,0.05694444444444444,0.17916666666666667
828,720,0.01,-0.030093543752200396,-0.029645241322228677,291,3.0490969078932217e-05,0.010796921327710152,596097,5.680733501911163,0.14583333333333334,0.3,0.16527777777777777,0.12916666666666668,0.25972222222222224
829,720,0.01,0.5657151142944202,0.7607064389694251,390,3.370677850145714e-05,0.01025419682264328,596817,5.688412117958069,0.21388888888888888,0.28888888888888886,0.10416666666666667,0.13194444444444445,0.2611111111111111
830,720,0.01,1.0786700086281538,1.9407657559035663,421,3.4759612551877376e-05,0.010731104761362076,597537,5.6979625980059305,0.18611111111111112,0.2388888888888889,0.1388888888888889,0.2388888888888889,0.19722222222222222
831,720,0.01,0.4000969719120186,0.4919693697490499,379,3.299872951300939e-05,0.010713220573961735,598257,5.710769899686178,0.31805555555555554,0.30277777777777776,0.11388888888888889,0.11805555555555555,0.14722222222222223
832,720,0.01,0.013547887958585858,0.013640076441957527,326,3.453447465820621e-05,0.0108884172514081,598977,5.716473833719889,0.19583333333333333,0.2833333333333333,0.1875,0.12083333333333333,0.2125
833,720,0.01,0.12721238226844198,0.135658185832352,396,3.490637639692472e-05,0.011076434515416622,599697,5.722159902254741,0.16527777777777777,0.325,0.16805555555555557,0.1375,0.20416666666666666
834,720,0.01,0.3495049838513566,0.41836526107686045,332,3.246934091786594e-05,0.010773872956633568,600417,5.727804950873057,0.13333333333333333,0.3472222222222222,0.18472222222222223,0.10972222222222222,0.225
835,720,0.01,0.5035934953664577,0.654656600850652,411,3.288611314486742e-05,0.010640120133757591,601137,5.733510367075602,0.2361111111111111,0.32222222222222224,0.06944444444444445,0.18194444444444444,0.19027777777777777
836,720,0.01,0.3819268202072203,0.46510486513940763,386,3.466101617719788e-05,0.011022044345736504,601857,5.739326469103495,0.25972222222222224,0.2652777777777778,0.12777777777777777,0.1736111111111111,0.1736111111111111
837,720,0.01,0.005129513440872827,0.005142691918365028,298,3.334400168897547e-05,0.010950988158583641,602577,5.745015486081441,0.19305555555555556,0.25972222222222224,0.14166666666666666,0.19305555555555556,0.2125
838,720,0.01,-0.031294045404156805,-0.030809454853050644,283,3.2137499324688985e-05,0.01093227881938219,603297,5.750691970189412,0.28888888888888886,0.30833333333333335,0.15138888888888888,0.11805555555555555,0.13333333333333333
839,720,0.01,0.5905087600010072,0.8049064460547293,391,3.38384975293593e-05,0.010883398354053497,604017,5.757789186636606,0.18888888888888888,0.29444444444444445,0.08333333333333333,0.18333333333333332,0.25
840,720,0.01,0.2460675023450301,0.27898590517577193,332,3.5870357721200386e-05,0.011308806017041206,604737,5.76352151632309,0.24027777777777778,0.2902777777777778,0.15694444444444444,0.19444444444444445,0.11805555555555555
841,720,0.01,0.04656653527076128,0.04766778360925317,260,3.468085312761104e-05,0.010614970698952675,605457,5.777389419078827,0.2361111111111111,0.1736111111111111,0.2833333333333333,0.11388888888888889,0.19305555555555556
842,720,0.01,0.11867842152920517,0.12600776020672355,237,3.2055128661391386e-05,0.010937037877738476,606177,5.783055599530538,0.24305555555555555,0.275,0.14444444444444443,0.15,0.1875
843,720,0.01,0.17910035567188293,0.19614077765617188,317,3.5465816241260956e-05,0.011062017641961575,606897,5.7886935869852705,0.21388888888888888,0.20833333333333334,0.12222222222222222,0.225,0.23055555555555557
844,720,0.01,0.19643277221225222,0.21705349831358856,268,3.280001672578692e-05,0.01120821200311184,607617,5.794395804405212,0.25972222222222224,0.24027777777777778,0.11666666666666667,0.1375,0.24583333333333332
845,720,0.01,0.19870330510799825,0.21981999784297024,338,3.469742846012499e-05,0.011139316484332085,608337,5.800171168645223,0.25833333333333336,0.35555555555555557,0.09305555555555556,0.10972222222222222,0.18333333333333332
846,720,0.01,0.06814515478326465,0.07052068839993697,336,3.4697783850232454e-05,0.011271842755377293,609057,5.806524117787679,0.2625,0.28888888888888886,0.1375,0.09027777777777778,0.22083333333333333
847,720,0.01,0.12012305384652586,0.12763560294067844,261,3.269657358184001e-05,0.010853854939341545,609777,5.812154118220011,0.16805555555555557,0.23333333333333334,0.1388888888888889,0.24305555555555555,0.21666666666666667
848,720,0.01,0.08142984132806279,0.08483710418352519,328,3.1732900201101684e-05,0.011239220388233662,610497,5.818762250741323,0.25277777777777777,0.2708333333333333,0.17222222222222222,0.1111111111111111,0.19305555555555556
849,720,0.01,0.2519862415168702,0.28657833579673975,263,3.180302118784716e-05,0.010880140587687492,611217,5.824506413936615,0.2569444444444444,0.225,0.1388888888888889,0.06666666666666667,0.3125
850,720,0.01,0.10879424839511834,0.11493292750102957,305,3.206514956812296e-05,0.01115812361240387,611937,5.8330902854601545,0.2777777777777778,0.29583333333333334,0.12222222222222222,0.06805555555555555,0.2361111111111111
851,720,0.01,0.28370848293243917,0.3280457263214622,354,3.2263205645222116e-05,0.010737385600805283,612657,5.844356099764506,0.20555555555555555,0.25972222222222224,0.20277777777777778,0.1625,0.16944444444444445
852,720,0.01,0.1637261823058895,0.17789174333073765,368,3.265842460488481e-05,0.010615230537950993,613377,5.850285569826762,0.20416666666666666,0.24583333333333332,0.2152777777777778,0.15833333333333333,0.1763888888888889
853,720,0.01,0.7382262797215636,1.0922212062157626,402,3.409787427446847e-05,0.01019328460097313,614097,5.855963166554769,0.175,0.2791666666666667,0.18333333333333332,0.0875,0.275
854,720,0.01,0.16931456288723518,0.18449267776407896,362,3.5214902263507816e-05,0.010050132870674133,614817,5.861618367830912,0.18472222222222223,0.26805555555555555,0.16666666666666666,0.12083333333333333,0.25972222222222224
855,720,0.01,0.6314045386882012,0.880249608840024,387,3.283276487688151e-05,0.010613953694701195,615537,5.8694450179735815,0.20972222222222223,0.3138888888888889,0.125,0.15138888888888888,0.2
856,720,0.01,0.45669913105051346,0.578853784702076,334,3.2790318954943765e-05,0.010680997744202614,616257,5.875804015000662,0.2652777777777778,0.2152777777777778,0.18194444444444444,0.1527777777777778,0.18472222222222223
857,720,0.01,0.2943568940374926,0.3422628638057186,292,3.654870418156659e-05,0.011511885561048985,616977,5.8819077173868815,0.39166666666666666,0.2361111111111111,0.075,0.10138888888888889,0.19583333333333333
858,720,0.01,0.01970178130400984,0.019897142274468926,206,3.58731459692131e-05,0.010982977226376534,617697,5.887618883450826,0.2625,0.275,0.09166666666666666,0.18611111111111112,0.18472222222222223
859,720,0.01,0.06034890434591125,0.06220709056954776,218,3.2530997298686595e-05,0.011040727607905865,618417,5.893326950073242,0.25277777777777777,0.2986111111111111,0.20277777777777778,0.10555555555555556,0.14027777777777778
860,720,0.01,0.1862682768021348,0.20474542227654613,344,3.590177465184752e-05,0.010951116681098938,619137,5.899295214811961,0.28055555555555556,0.2833333333333333,0.11388888888888889,0.09722222222222222,0.225
861,720,0.01,0.043810393515855806,0.04478423824083477,286,3.586730832757389e-05,0.011159240268170834,619857,5.911880866686503,0.25972222222222224,0.3125,0.14583333333333334,0.125,0.15694444444444444
862,720,0.01,0.2996448122194239,0.34937943935995297,365,3.4670258478147135e-05,0.01109310146421194,620577,5.917856935660044,0.25972222222222224,0.3597222222222222,0.10277777777777777,0.13194444444444445,0.14583333333333334
863,720,0.01,0.028478344101471577,0.02888772910500137,234,3.2390164633650584e-05,0.010637280531227589,621297,5.924583999315898,0.24722222222222223,0.18472222222222223,0.20277777777777778,0.21805555555555556,0.14722222222222223
864,720,0.01,0.35923209490261765,0.43222917609010403,408,3.391648268815415e-05,0.010455235838890076,622017,5.930986702442169,0.22916666666666666,0.2777777777777778,0.18194444444444444,0.08055555555555556,0.23055555555555557
865,720,0.01,0.16472009341084382,0.1790630450033157,334,3.143674987440035e-05,0.01011132076382637,622737,5.939330716927846,0.2388888888888889,0.2513888888888889,0.15138888888888888,0.18472222222222223,0.1736111111111111
866,720,0.01,0.12179587834199998,0.12952351803429973,270,3.461154516849597e-05,0.010142139159142971,623457,5.945604713757833,0.31666666666666665,0.24722222222222223,0.14583333333333334,0.15833333333333333,0.13194444444444445
867,720,0.01,0.6846024473369324,0.9829833385059568,311,3.249390227198192e-05,0.010072976350784302,624177,5.9536678194999695,0.23333333333333334,0.25416666666666665,0.1361111111111111,0.1763888888888889,0.2
868,720,0.01,0.33187890133447534,0.3935840771216934,366,3.240927708563706e-05,0.010518022812902927,624897,5.960115985075633,0.26666666666666666,0.2861111111111111,0.10416666666666667,0.23333333333333334,0.10972222222222222
869,720,0.01,0.060497997819234726,0.06236547052048369,307,3.345023706881673e-05,0.010514076799154282,625617,5.966253169377645,0.19722222222222222,0.2777777777777778,0.11944444444444445,0.19583333333333333,0.20972222222222223
870,720,0.01,0.36086568742398156,0.43457076704304276,359,3.1757051047204896e-05,0.010559110902249813,626337,5.971932435035706,0.15416666666666667,0.2847222222222222,0.19166666666666668,0.19583333333333333,0.1736111111111111
871,720,0.01,0.01845208428341973,0.018623375931234865,309,3.1995812432544173e-05,0.01097283698618412,627057,5.984002502759298,0.17777777777777778,0.3347222222222222,0.14722222222222223,0.16666666666666666,0.1736111111111111
872,720,0.01,0.2618811617635186,0.29937211816275444,305,3.4683368350998635e-05,0.010533067397773266,627777,5.989681502183278,0.2013888888888889,0.25972222222222224,0.22361111111111112,0.1388888888888889,0.1763888888888889
873,720,0.01,0.29619079927847547,0.34472670524175575,369,3.380188751470491e-05,0.010627245530486107,628497,5.995752183596293,0.2388888888888889,0.2875,0.1,0.2388888888888889,0.13472222222222222
874,720,0.01,0.019666685105920678,0.01986134839044995,209,3.406919999456982e-05,0.010401996783912182,629217,6.001471666495005,0.32222222222222224,0.24861111111111112,0.14305555555555555,0.1527777777777778,0.13333333333333333
875,720,0.01,0.07298045958173381,0.07570951689544247,291,3.271414853303314e-05,0.010399959981441498,629937,6.007142901420593,0.20555555555555555,0.26944444444444443,0.1361111111111111,0.20277777777777778,0.18611111111111112
876,720,0.01,0.4010650543940028,0.49341441850989876,298,3.4482104352820086e-05,0.010866465978324413,630657,6.012821284929911,0.375,0.2375,0.11388888888888889,0.0875,0.18611111111111112
877,720,0.01,0.8254563959524664,1.282922444165533,347,3.245165784354261e-05,0.01042337715625763,631377,6.0186661839485165,0.24861111111111112,0.3125,0.09444444444444444,0.14444444444444443,0.2
878,720,0.01,0.7200357105846158,1.054506576964866,369,3.417384115209643e-05,0.010625101625919342,632097,6.024363132317861,0.20833333333333334,0.3486111111111111,0.11944444444444445,0.14722222222222223,0.1763888888888889
879,720,0.01,0.06516742037580957,0.06733770350594881,219,3.4797082163448875e-05,0.010357937775552273,632817,6.030060716470083,0.40694444444444444,0.14722222222222223,0.12777777777777777,0.19583333333333333,0.12222222222222222
880,720,0.01,0.07710843587569899,0.08015919805092508,303,3.4329935488131014e-05,0.01102866604924202,633537,6.038579535484314,0.3194444444444444,0.2222222222222222,0.1527777777777778,0.17083333333333334,0.13472222222222222
881,720,0.01,0.14465844758695687,0.1556447895862092,231,3.14814503149642e-05,0.010931357741355896,634257,6.05151104927063,0.1875,0.29305555555555557,0.18472222222222223,0.23333333333333334,0.10138888888888889
882,720,0.01,0.044415373379252304,0.045416502900974765,213,3.1318128757599574e-05,0.010324390605092049,634977,6.057224583625794,0.35833333333333334,0.27361111111111114,0.09027777777777778,0.14444444444444443,0.13333333333333333
883,720,0.01,0.07209330047140629,0.07475561459158553,208,3.275012468735541e-05,0.010373669676482677,635697,6.0655464331309,0.33611111111111114,0.25555555555555554,0.1486111111111111,0.14444444444444443,0.11527777777777778
884,720,0.01,0.03336630768010286,0.03392920609165917,317,3.168620846231028e-05,0.010147955268621445,636417,6.0734514991442365,0.30277777777777776,0.275,0.21944444444444444,0.1361111111111111,0.06666666666666667
885,720,0.01,0.04558977563276876,0.046644963610163126,326,3.4034550418482466e-05,0.00994251761585474,637137,6.079663081963857,0.2375,0.2791666666666667,0.15694444444444444,0.17777777777777778,0.1486111111111111
886,720,0.01,0.09130662153367501,0.0956048898127293,287,3.329197362960359e-05,0.010493551380932331,637857,6.086229117711385,0.26666666666666666,0.2611111111111111,0.18611111111111112,0.1638888888888889,0.12222222222222222
887,720,0.01,0.08644546139246331,0.09029190309403123,306,3.265877777999372e-05,0.009938310831785202,638577,6.091931287447611,0.2222222222222222,0.3402777777777778,0.16805555555555557,0.18194444444444444,0.0875
888,720,0.01,0.1406850948167781,0.15106211547968562,318,3.201947684803801e-05,0.010020643472671509,639297,6.098963399728139,0.19444444444444445,0.3138888888888889,0.19722222222222222,0.16527777777777777,0.12916666666666668
889,720,0.01,0.23050637082324738,0.25923748963958504,366,3.253891122135933e-05,0.00997249223291874,640017,6.104826370875041,0.21805555555555556,0.31666666666666665,0.14583333333333334,0.15,0.16944444444444445
890,720,0.01,0.1003264404569193,0.10553174946689614,295,3.0189320160110986e-05,0.009904859587550163,640737,6.11109000047048,0.3055555555555556,0.19305555555555556,0.13194444444444445,0.20555555555555555,0.1638888888888889
891,720,0.01,0.17080470179550783,0.18625905213451066,335,3.2128952717711296e-05,0.009287822060286999,641457,6.1223172823588055,0.16527777777777777,0.32083333333333336,0.20416666666666666,0.125,0.18472222222222223
892,720,0.01,0.11554507559617773,0.12248511009349583,267,3.2174258810376465e-05,0.009623861871659756,642177,6.1297916332880655,0.23472222222222222,0.23333333333333334,0.2125,0.2708333333333333,0.04861111111111111
893,720,0.01,0.670783837190801,0.9557697250268198,361,2.9943343446979675e-05,0.009913278743624687,642897,6.13549188375473,0.12222222222222222,0.21666666666666667,0.2791666666666667,0.21944444444444444,0.1625
894,720,0.01,-0.04106519773329984,-0.04023344669587814,245,3.202719025176116e-05,0.009434191510081291,643617,6.142611269156138,0.20416666666666666,0.2722222222222222,0.11944444444444445,0.2152777777777778,0.18888888888888888
895,720,0.01,0.36452597248740953,0.4398313266947602,343,3.0441008236594927e-05,0.009499269537627697,644337,6.14983617067337,0.16805555555555557,0.2791666666666667,0.18472222222222223,0.18333333333333332,0.18472222222222223
896,720,0.01,0.24945942296217719,0.28333148960892185,318,3.035671990245545e-05,0.009143268689513206,645057,6.155559519926707,0.2569444444444444,0.26666666666666666,0.11944444444444445,0.25,0.10694444444444444
897,720,0.01,0.2222763445105265,0.24891646138932777,361,3.0095230010829253e-05,0.0090461615473032,645777,6.1621273835500086,0.18611111111111112,0.25972222222222224,0.14583333333333334,0.1388888888888889,0.26944444444444443
898,720,0.01,0.30943758260015614,0.36265851571895613,333,3.14476992312191e-05,0.009181365370750427,646497,6.169230651855469,0.11666666666666667,0.20277777777777778,0.16944444444444445,0.2763888888888889,0.23472222222222222
899,720,0.01,0.07552509533749267,0.07845029145249782,271,3.260318864717091e-05,0.010087080299854279,647217,6.176712481180827,0.21944444444444444,0.35,0.18611111111111112,0.14722222222222223,0.09722222222222222
900,720,0.01,0.2195833454929131,0.24555765524645579,331,3.101184619822561e-05,0.009958572685718536,647937,6.182391202449798,0.31527777777777777,0.2263888888888889,0.15138888888888888,0.1875,0.11944444444444445
901,720,0.01,0.22178802774761566,0.24830674342562387,291,2.9650969186276497e-05,0.009904908947646618,648657,6.194446881612142,0.2847222222222222,0.2916666666666667,0.0875,0.11805555555555555,0.21805555555555556
902,720,0.01,0.7579293337087568,1.1338531449427833,369,2.975842791986199e-05,0.009537968784570694,649377,6.200525502363841,0.20277777777777778,0.30416666666666664,0.15694444444444444,0.24722222222222223,0.08888888888888889
903,720,0.01,0.2326351204951301,0.2619209462227836,295,3.0584805481718526e-05,0.009877003729343414,650097,6.208990216255188,0.20277777777777778,0.325,0.17222222222222222,0.16527777777777777,0.13472222222222222
904,720,0.01,0.11360055921869981,0.12030454017749204,296,3.0440682950130496e-05,0.009887177497148514,650817,6.2155099511146545,0.28888888888888886,0.25,0.15694444444444444,0.15694444444444444,0.14722222222222223
905,720,0.01,0.0786333647684166,0.08180762056489121,287,3.0357272664281887e-05,0.009751944802701473,651537,6.221734269460042,0.21388888888888888,0.1527777777777778,0.13055555555555556,0.2152777777777778,0.2875
906,720,0.01,0.14360493477231998,0.154427944084925,271,3.022048353310917e-05,0.009705783799290657,652257,6.227418649196625,0.2847222222222222,0.23472222222222222,0.2013888888888889,0.16111111111111112,0.11805555555555555
907,720,0.01,0.13568122998546173,0.14531674276364326,324,2.9053782097005547e-05,0.009451093152165413,652977,6.233102985223135,0.1625,0.25972222222222224,0.25555555555555554,0.1361111111111111,0.18611111111111112
908,720,0.01,0.47183582432171906,0.6029341993135124,367,2.8324929645704186e-05,0.009066279977560043,653697,6.238808751106262,0.20277777777777778,0.3277777777777778,0.18611111111111112,0.12638888888888888,0.15694444444444444
909,720,0.01,0.1507228313397183,0.1626743565241977,330,2.8475965442314392e-05,0.008963234722614288,654417,6.244486367702484,0.19166666666666668,0.2513888888888889,0.2125,0.10277777777777777,0.24166666666666667
910,720,0.01,0.33039741852130045,0.3915210348209066,367,2.937865548725919e-05,0.008795099332928658,655137,6.250220747788747,0.2513888888888889,0.2611111111111111,0.18055555555555555,0.14583333333333334,0.16111111111111112
911,720,0.01,0.14015485240194814,0.15045193530995138,333,2.952471255576307e-05,0.00875486247241497,655857,6.261349900563558,0.23333333333333334,0.22777777777777777,0.21944444444444444,0.10833333333333334,0.2111111111111111
912,720,0.01,0.06000361218351143,0.06184038210075071,215,2.891460634436448e-05,0.009213559329509735,656577,6.267045553525289,0.18888888888888888,0.17777777777777778,0.15416666666666667,0.24722222222222223,0.23194444444444445
913,720,0.01,0.2629584091901559,0.30077261764008134,297,2.915055604830741e-05,0.009108535945415497,657297,6.273679983615875,0.21666666666666667,0.2263888888888889,0.18194444444444444,0.1527777777777778,0.2222222222222222
914,720,0.01,0.6681828522819769,0.950689407265888,363,2.9070031753993438e-05,0.008891011588275433,658017,6.279946684837341,0.225,0.29583333333333334,0.15555555555555556,0.18194444444444444,0.14166666666666666
915,720,0.01,0.42779451628218595,0.5338708630950249,393,2.9046725074977076e-05,0.009393508546054363,658737,6.286643250783285,0.23194444444444445,0.3194444444444444,0.19444444444444445,0.10833333333333334,0.14583333333333334
916,720,0.01,-7.332531706679454e-05,-7.332262883352758e-05,225,2.7431212153159222e-05,0.009687613695859909,659457,6.292565937836965,0.2111111111111111,0.1597222222222222,0.10972222222222222,0.375,0.14444444444444443
917,720,0.01,0.10746459117982678,0.1134514340469126,241,2.856213921391928e-05,0.009716699831187725,660177,6.298464834690094,0.11944444444444445,0.2125,0.18472222222222223,0.17916666666666667,0.30416666666666664
918,720,0.01,0.567122381943167,0.7631859684515323,339,2.8965339693816836e-05,0.009408247657120228,660897,6.305494515101115,0.11527777777777778,0.2875,0.10555555555555556,0.15416666666666667,0.3375
919,720,0.01,0.7892883769729303,1.2018289963969928,402,3.072304624033172e-05,0.00994270108640194,661617,6.311200368404388,0.18888888888888888,0.24305555555555555,0.16805555555555557,0.19027777777777777,0.20972222222222223
920,720,0.01,0.322780718595316,0.3809624983054236,355,3.035971878880951e-05,0.009838975965976715,662337,6.317000603675842,0.23055555555555557,0.19722222222222222,0.20833333333333334,0.11666666666666667,0.24722222222222223
921,720,0.01,0.44179498568057374,0.5554968086228445,402,2.8514001911617015e-05,0.009718159213662148,663057,6.328872752189636,0.15,0.28055555555555556,0.18472222222222223,0.14305555555555555,0.24166666666666667
922,720,0.01,0.47147178925429284,0.6023507812529458,373,2.883889679120936e-05,0.009641571901738644,663777,6.334646419684092,0.20277777777777778,0.2569444444444444,0.1527777777777778,0.17222222222222222,0.2152777777777778
923,720,0.01,0.22541912317509094,0.2528477036744383,242,2.9317521753884852e-05,0.01004044059664011,664497,6.340340399742127,0.15555555555555556,0.2638888888888889,0.16805555555555557,0.26666666666666666,0.14583333333333334
924,720,0.01,0.28413201082456013,0.3286083098550725,345,2.7718664389592758e-05,0.010708821006119251,665217,6.347091050942739,0.11388888888888889,0.19166666666666668,0.16666666666666666,0.09305555555555556,0.43472222222222223
925,720,0.01,0.21756076495752827,0.24304096054406354,298,2.803023912810608e-05,0.01003461703658104,665937,6.352767566839854,0.12777777777777777,0.23055555555555557,0.15,0.12638888888888888,0.36527777777777776
926,720,0.01,-0.022627728612416673,-0.022373641640009545,328,2.8932302454778538e-05,0.010617009364068508,666657,6.358487518628438,0.14166666666666666,0.2361111111111111,0.1125,0.19166666666666668,0.31805555555555554
927,720,0.01,0.13969174409528684,0.1499192748115643,342,2.866685491843176e-05,0.010202368721365929,667377,6.366314685344696,0.23194444444444445,0.21805555555555556,0.1486111111111111,0.15555555555555556,0.24583333333333332
928,720,0.01,0.16962556342156426,0.18486111290856622,310,2.6658746514208866e-05,0.00984223186969757,668097,6.372049951553345,0.17777777777777778,0.23333333333333334,0.18888888888888888,0.2972222222222222,0.10277777777777777
929,720,0.01,0.6324774939603162,0.8822681152606273,409,2.9237029064511768e-05,0.00967327505350113,668817,6.378565168380737,0.1375,0.20833333333333334,0.18611111111111112,0.2875,0.18055555555555555
930,720,0.01,0.84826550153297,1.335592255410171,419,2.897881942153112e-05,0.00941210612654686,669537,6.385929501056671,0.17083333333333334,0.22916666666666666,0.1763888888888889,0.20972222222222223,0.21388888888888888
931,720,0.01,0.13975696143301722,0.14999427193080317,329,2.9191483660421604e-05,0.009840555489063263,670257,6.397000602881113,0.20277777777777778,0.1875,0.22361111111111112,0.14583333333333334,0.24027777777777778
932,720,0.01,0.1565814145958577,0.16950597329937822,282,2.6814304939964333e-05,0.01008676178753376,670977,6.404665084679921,0.23194444444444445,0.22361111111111112,0.17222222222222222,0.22777777777777777,0.14444444444444443
933,720,0.01,0.3490013796097374,0.41765114614596355,373,2.8471923897970758e-05,0.010001515038311481,671697,6.410329381624858,0.12083333333333333,0.2611111111111111,0.1763888888888889,0.17777777777777778,0.2638888888888889
934,720,0.01,0.1766057698172005,0.19316062046645466,383,2.9948587639536426e-05,0.010438064113259315,672417,6.4160388827323915,0.13055555555555556,0.2375,0.13194444444444445,0.17083333333333334,0.32916666666666666
935,720,0.01,0.9320647441773464,1.5397476969248354,401,3.0707490074317115e-05,0.010606098920106888,673137,6.421719749768575,0.1527777777777778,0.2916666666666667,0.18472222222222223,0.2222222222222222,0.1486111111111111
936,720,0.01,0.3898299465169497,0.476729649508838,430,3.100314966357271e-05,0.009788377210497856,673857,6.427438716093699,0.19305555555555556,0.2152777777777778,0.23472222222222222,0.13055555555555556,0.2263888888888889
937,720,0.01,0.8812498701580886,1.4139149019233268,440,3.237039678841332e-05,0.009789613075554371,674577,6.434714035193125,0.15555555555555556,0.25416666666666665,0.19027777777777777,0.17777777777777778,0.2222222222222222
938,720,0.01,0.21402659525135329,0.23865559671233583,287,3.222831247613713e-05,0.009742348454892635,675297,6.441332916418712,0.16527777777777777,0.19722222222222222,0.21944444444444444,0.1625,0.25555555555555554
939,720,0.01,0.20067334471441692,0.22222546020150236,344,3.1652565124002445e-05,0.010078387334942818,676017,6.447148633003235,0.19027777777777777,0.19583333333333333,0.20555555555555555,0.12222222222222222,0.2861111111111111
940,720,0.01,0.2321476217239433,0.2613059112387426,257,3.1155426513073004e-05,0.010565506294369698,676737,6.452863117059072,0.19027777777777777,0.23055555555555557,0.11805555555555555,0.20694444444444443,0.25416666666666665
941,720,0.01,1.216431544795294,2.375122246302856,440,3.1370931146233895e-05,0.01048559881746769,677457,6.463934620221456,0.18888888888888888,0.24166666666666667,0.14583333333333334,0.09166666666666666,0.33194444444444443
942,720,0.01,0.12034058580254636,0.1278809264009404,329,3.2694159175308516e-05,0.010868731886148453,678177,6.469661684830983,0.25555555555555554,0.2111111111111111,0.15694444444444444,0.19166666666666668,0.18472222222222223
943,720,0.01,0.20099027104614287,0.2226128770211977,346,2.980204100898239e-05,0.010459104552865028,678897,6.476548564434052,0.11944444444444445,0.2375,0.2361111111111111,0.06944444444444445,0.3375
944,720,0.01,0.34332289224481843,0.4096238450587699,385,3.1379069181664614e-05,0.010380767285823822,679617,6.484392917156219,0.18472222222222223,0.1986111111111111,0.25833333333333336,0.16111111111111112,0.19722222222222222
945,720,0.01,0.4100462471166627,0.5068874727021633,457,3.311960156856407e-05,0.010376477614045143,680337,6.490433100859324,0.175,0.27361111111111114,0.25972222222222224,0.125,0.16666666666666666
946,720,0.01,0.5896058101128002,0.8032774415464339,422,3.429067079612954e-05,0.010719618760049343,681057,6.496178483963012,0.15138888888888888,0.25416666666666665,0.29583333333333334,0.13055555555555556,0.16805555555555557
947,720,0.01,0.26695476856114225,0.3059813735780412,273,3.3425903576598003e-05,0.010373969562351704,681777,6.50191156466802,0.14305555555555555,0.19166666666666668,0.22777777777777777,0.14166666666666666,0.29583333333333334
948,720,0.01,0.29699151784787475,0.34580388408640883,311,3.484343597127311e-05,0.010663604363799095,682497,6.508180868625641,0.2638888888888889,0.2111111111111111,0.15,0.14583333333333334,0.22916666666666666
949,720,0.01,0.11817698914375613,0.1254432849843956,374,3.2551701221766254e-05,0.011101950891315937,683217,6.513965098063151,0.18194444444444444,0.2652777777777778,0.2222222222222222,0.12638888888888888,0.20416666666666666
950,720,0.01,0.10474788357818741,0.11043061726786485,270,3.377701258892153e-05,0.011376168578863144,683937,6.519636801878611,0.1986111111111111,0.15138888888888888,0.11388888888888889,0.28194444444444444,0.25416666666666665
951,720,0.01,-0.007052397700356407,-0.007027587900812704,294,3.1511101430068165e-05,0.01111882645636797,684657,6.531069417794545,0.22361111111111112,0.24166666666666667,0.18611111111111112,0.10833333333333334,0.24027777777777778
952,720,0.01,0.5801806843295614,0.7863611690625043,443,3.5143248622817835e-05,0.0114898094907403,685377,6.538552069664002,0.18055555555555555,0.3013888888888889,0.1375,0.1,0.28055555555555556
953,720,0.01,0.5452352571196192,0.725014156505698,386,3.25984947608049e-05,0.011120838113129139,686097,6.54442271788915,0.25416666666666665,0.21388888888888888,0.15833333333333333,0.21388888888888888,0.1597222222222222
954,720,0.01,0.2375246837521311,0.268106298025939,303,3.407898458994573e-05,0.011176787316799164,686817,6.550283535321554,0.11388888888888889,0.25555555555555554,0.17222222222222222,0.1597222222222222,0.2986111111111111
955,720,0.01,0.470274833173614,0.6004339851311826,369,3.342287016923567e-05,0.011364083737134933,687537,6.55612910191218,0.2111111111111111,0.28055555555555556,0.18055555555555555,0.14583333333333334,0.18194444444444444
956,720,0.01,0.5273424794831589,0.694423355123557,380,3.5169272112196065e-05,0.010993389412760735,688257,6.561975232760111,0.20555555555555555,0.2902777777777778,0.2152777777777778,0.1111111111111111,0.17777777777777778
957,720,0.01,0.10529529210631897,0.11103864286167009,297,3.5773699319937195e-05,0.010999447666108608,688977,6.570603783925375,0.25277777777777777,0.225,0.12916666666666668,0.09722222222222222,0.29583333333333334
958,720,0.01,0.22405827481556975,0.25114392748561665,386,3.26815216857944e-05,0.011216423474252224,689697,6.576402135690054,0.125,0.2722222222222222,0.1597222222222222,0.2152777777777778,0.22777777777777777
959,720,0.01,0.4137722582866611,0.5125126254404475,362,3.49703655451271e-05,0.011844859458506107,690417,6.582420265674591,0.3388888888888889,0.20833333333333334,0.12916666666666668,0.21388888888888888,0.10972222222222222
960,720,0.01,-0.096626401787623,-0.09210486922096595,255,3.4872784649072246e-05,0.011274922639131546,691137,6.588664448261261,0.19305555555555556,0.08194444444444444,0.2222222222222222,0.19305555555555556,0.30972222222222223
961,720,0.01,0.10790421026029678,0.11394103615382667,251,3.754287789282292e-05,0.011802200227975845,691857,6.599137882391612,0.1875,0.24444444444444444,0.15833333333333333,0.1875,0.2222222222222222
962,720,0.01,0.06431483386680073,0.06642809359505253,310,3.653630243497395e-05,0.010988421738147736,692577,6.604306336243948,0.1763888888888889,0.2916666666666667,0.10555555555555556,0.18611111111111112,0.24027777777777778
963,720,0.01,0.5048901429432259,0.6568034989068163,389,3.332304579796781e-05,0.01074988953769207,693297,6.6094594637552895,0.1638888888888889,0.3055555555555556,0.18611111111111112,0.13194444444444445,0.2125
964,720,0.01,-0.03022892587727423,-0.029776601119450685,325,3.3897799873885664e-05,0.010637582279741764,694017,6.614613552888234,0.2986111111111111,0.2722222222222222,0.16666666666666666,0.10138888888888889,0.16111111111111112
965,720,0.01,0.2796852015491492,0.3227133586751656,315,3.750385784479072e-05,0.011124538257718086,694737,6.619760970274608,0.15138888888888888,0.24722222222222223,0.19166666666666668,0.21666666666666667,0.19305555555555556
966,720,0.01,0.49254278552007436,0.636472131560329,380,3.484404248992077e-05,0.011668624356389046,695457,6.624996284643809,0.20277777777777778,0.24583333333333332,0.20555555555555555,0.18194444444444444,0.1638888888888889
967,720,0.01,0.16537004201392183,0.17982962447399942,332,3.585909236613184e-05,0.011251234449446201,696177,6.630171251296997,0.17222222222222222,0.23333333333333334,0.2263888888888889,0.12361111111111112,0.24444444444444444
968,720,0.01,0.35591578386518136,0.42748732573650305,372,3.5336731365178924e-05,0.011274585500359535,696897,6.636450036366781,0.2125,0.2513888888888889,0.1638888888888889,0.10833333333333334,0.2638888888888889
969,720,0.01,0.9930929897721471,1.6995713192915947,451,3.849410395559971e-05,0.011483303271234035,697617,6.641601916154226,0.24583333333333332,0.29583333333333334,0.11666666666666667,0.11527777777777778,0.2263888888888889
970,720,0.01,0.5665428907343852,0.7621645136739825,362,3.715898160786916e-05,0.011490311473608017,698337,6.646757217248281,0.11527777777777778,0.25416666666666665,0.19305555555555556,0.1111111111111111,0.3263888888888889
971,720,0.01,0.6483628465110541,0.9124073603469169,423,3.823344945254171e-05,0.011245891451835632,699057,6.657288217544556,0.15138888888888888,0.3416666666666667,0.17083333333333334,0.13333333333333333,0.20277777777777778
972,720,0.01,0.06770391166486368,0.07004843271052374,321,3.934853553270538e-05,0.011521982029080391,699777,6.662707682450613,0.20694444444444443,0.2791666666666667,0.18472222222222223,0.10138888888888889,0.22777777777777777
973,720,0.01,0.16305410307565898,0.17710037271624812,339,4.0047425640447426e-05,0.01125337090343237,700497,6.669796748956045,0.18055555555555555,0.2361111111111111,0.20416666666666666,0.11527777777777778,0.2638888888888889
974,720,0.01,0.6829824361773854,0.9797734840703876,402,3.7386335162005304e-05,0.011595217511057854,701217,6.6749833981196085,0.23194444444444445,0.3125,0.17777777777777778,0.10972222222222222,0.16805555555555557
975,720,0.01,-0.029404346344442892,-0.02897624482910144,239,3.557723816558993e-05,0.011633183807134628,701937,6.680138301849365,0.30416666666666664,0.2916666666666667,0.1,0.06944444444444445,0.23472222222222222
976,720,0.01,0.4787471030322821,0.6140508953622663,422,3.694913206623419e-05,0.011531826108694077,702657,6.685320087273916,0.19583333333333333,0.29583333333333334,0.17916666666666667,0.14444444444444443,0.18472222222222223
977,720,0.01,0.07634860735439948,0.07933877401496581,299,3.852947434350224e-05,0.012121254578232765,703377,6.690496349334717,0.2625,0.3055555555555556,0.13194444444444445,0.11388888888888889,0.18611111111111112
978,720,0.01,0.22743602327865037,0.25537712227258913,374,3.946028967397473e-05,0.012248391285538673,704097,6.695705548922221,0.1763888888888889,0.2861111111111111,0.21666666666666667,0.15833333333333333,0.1625
979,720,0.01,0.7315758977668296,1.0783533006071901,380,3.528053572381396e-05,0.01134534366428852,704817,6.700881616274516,0.24166666666666667,0.3125,0.2013888888888889,0.14305555555555555,0.10138888888888889
980,720,0.01,0.3101372990744709,0.3636123239900333,303,3.5933168237534116e-05,0.011958833783864975,705537,6.707581865787506,0.13194444444444445,0.2638888888888889,0.18888888888888888,0.17222222222222222,0.24305555555555555
981,720,0.01,0.0743920633738061,0.07722906477610869,359,3.6468368710352984e-05,0.01178725901991129,706257,6.717700485388438,0.25555555555555554,0.3013888888888889,0.1597222222222222,0.13333333333333333,0.15
982,720,0.01,0.23051908101920907,0.25925349489656035,290,3.760569332548079e-05,0.011474238708615303,706977,6.722874983151754,0.2125,0.15416666666666667,0.1486111111111111,0.10555555555555556,0.37916666666666665
983,720,0.01,0.18768063616373012,0.20644815790629445,374,4.073250921187032e-05,0.011278115212917328,707697,6.728108835220337,0.15694444444444444,0.3263888888888889,0.2652777777777778,0.12777777777777777,0.12361111111111112
984,720,0.01,0.3979311164692229,0.48874147660587886,350,3.7442382103512905e-05,0.011022660881280899,708417,6.733330082893372,0.1375,0.31805555555555554,0.23055555555555557,0.11666666666666667,0.19722222222222222
985,720,0.01,0.28160201367083687,0.32525118316392754,311,3.8383764040696e-05,0.010504045523703098,709137,6.739111133416494,0.21805555555555556,0.30416666666666664,0.18611111111111112,0.12222222222222222,0.16944444444444445
986,720,0.01,0.08929144813287007,0.0933992790714393,378,3.682757410135512e-05,0.010544514283537865,709857,6.744312969843547,0.2652777777777778,0.25277777777777777,0.18888888888888888,0.11527777777777778,0.17777777777777778
987,720,0.01,0.0513205399204758,0.052660258846408015,298,3.843451635374448e-05,0.010602926835417747,710577,6.749501315752665,0.225,0.23333333333333334,0.10416666666666667,0.14444444444444443,0.29305555555555557
988,720,0.01,0.26520381996549003,0.30369666811065166,322,3.813438372617384e-05,0.010846031829714775,711297,6.754734881718954,0.2125,0.3013888888888889,0.175,0.11944444444444445,0.19166666666666668
989,720,0.01,0.4390800475568438,0.5512794585484855,386,3.659152928826693e-05,0.010815816931426525,712017,6.7605893532435095,0.13333333333333333,0.3972222222222222,0.1486111111111111,0.10833333333333334,0.2125
990,720,0.01,0.40731003782443226,0.5027699489692963,333,3.689017115296641e-05,0.011042453348636627,712737,6.765839485327403,0.125,0.3736111111111111,0.15138888888888888,0.13472222222222222,0.2152777777777778
991,720,0.01,0.49224649735658565,0.6359873360610024,329,3.7450556530731976e-05,0.011160713620483875,713457,6.7761762022972105,0.2638888888888889,0.3194444444444444,0.13333333333333333,0.058333333333333334,0.225
992,720,0.01,0.2009231350128468,0.22253079839762924,327,3.371871288840743e-05,0.011124024167656898,714177,6.78135336637497,0.3486111111111111,0.275,0.1763888888888889,0.07222222222222222,0.12777777777777777
993,720,0.01,0.3724649790233947,0.45130765204182133,432,3.5832929643220265e-05,0.011021440848708153,714897,6.786530737082163,0.16666666666666666,0.3472222222222222,0.1375,0.18472222222222223,0.1638888888888889
994,720,0.01,0.3286327985000071,0.38906769418643083,386,3.9654843628037874e-05,0.011370666325092316,715617,6.791712498664856,0.22083333333333333,0.3055555555555556,0.13194444444444445,0.12222222222222222,0.21944444444444444
995,720,0.01,0.580494345701868,0.7869215694416098,381,3.64371981681365e-05,0.010858113877475262,716337,6.796874948342642,0.18333333333333332,0.30833333333333335,0.1527777777777778,0.16111111111111112,0.19444444444444445
996,720,0.01,0.2518291142569302,0.286376195149457,255,3.6383082167251106e-05,0.010583722963929176,717057,6.802046668529511,0.15555555555555556,0.26944444444444443,0.2763888888888889,0.08055555555555556,0.21805555555555556
997,720,0.01,0.0310467277587005,0.03153370401838673,283,3.581707400902208e-05,0.010747505351901054,717777,6.807216203212738,0.26805555555555555,0.24305555555555555,0.1736111111111111,0.11388888888888889,0.2013888888888889
998,720,0.01,0.24254807243510207,0.27449251564954036,333,3.6337898769842365e-05,0.01067214272916317,718497,6.812366235256195,0.17777777777777778,0.2916666666666667,0.20555555555555555,0.09583333333333334,0.22916666666666666
999,720,0.01,0.05578468863376755,0.0573699954472211,281,3.642361079603991e-05,0.010630755685269833,719217,6.8175259828567505,0.2111111111111111,0.3194444444444444,0.18888888888888888,0.08055555555555556,0.2
1000,720,0.01,0.41365963407939693,0.5123422894971863,342,3.4869509776550936e-05,0.010529832914471626,719937,6.822705050309499,0.2902777777777778,0.3388888888888889,0.11388888888888889,0.08333333333333333,0.1736111111111111
1001,720,0.01,-0.03196872918292766,-0.03146313145510149,256,3.640006979771392e-05,0.0109992865473032,720657,6.83282386859258,0.24583333333333332,0.2847222222222222,0.2222222222222222,0.08055555555555556,0.16666666666666666
1002,720,0.01,0.017869662639383145,0.018030280362586026,256,3.6555504028178296e-05,0.01134645938873291,721377,6.839042866230011,0.22361111111111112,0.36666666666666664,0.13194444444444445,0.1486111111111111,0.12916666666666668
1003,720,0.01,-0.03074408370118203,-0.030276290573804654,304,3.5156052968608896e-05,0.011582918465137482,722097,6.844232237339019,0.14027777777777778,0.325,0.16805555555555557,0.08472222222222223,0.28194444444444444
1004,720,0.01,0.03352604154619409,0.03409437279201777,342,3.3322901142835486e-05,0.01143620815128088,722817,6.850995481014252,0.1625,0.3472222222222222,0.09444444444444444,0.11944444444444445,0.2763888888888889
1005,720,0.01,0.8099502932873537,1.2477962533370914,390,3.4114185081711586e-05,0.011413464322686195,723537,6.856202264626821,0.30277777777777776,0.33611111111111114,0.11527777777777778,0.1,0.14583333333333334
1006,720,0.01,0.770320254838405,1.1604580401455653,438,3.602341802964777e-05,0.01139666698873043,724257,6.861503048737844,0.24861111111111112,0.2972222222222222,0.18055555555555555,0.07222222222222222,0.2013888888888889
1007,720,0.01,0.4969053880262939,0.6436270045684882,308,3.417274603394718e-05,0.01095042284578085,724977,6.8668512344360355,0.2611111111111111,0.30694444444444446,0.1736111111111111,0.09722222222222222,0.16111111111111112
1008,720,0.01,0.28040141122031825,0.3236610381029055,354,3.421883440511111e-05,0.011122575029730797,725697,6.872191286087036,0.19444444444444445,0.38333333333333336,0.11666666666666667,0.08055555555555556,0.225
1009,720,0.01,0.02475255739181703,0.025061445263124815,200,3.396455272827047e-05,0.00957244262099266,726417,6.877512117226918,0.35833333333333334,0.11666666666666667,0.18055555555555555,0.075,0.26944444444444443
1010,720,0.01,0.5034177868349208,0.6543658891101374,329,3.6045705101312506e-05,0.010493746958673,727137,6.882699831326803,0.20555555555555555,0.24583333333333332,0.1388888888888889,0.12361111111111112,0.2861111111111111
1011,720,0.01,0.10025876898125376,0.10545693903331088,224,3.4754847359863564e-05,0.00985584408044815,727857,6.894363784790039,0.19027777777777777,0.19722222222222222,0.2861111111111111,0.19166666666666668,0.13472222222222222
1012,720,0.01,0.07236504906007561,0.07504771760050666,242,3.4114199900790886e-05,0.009701496921479702,728577,6.9016827543576555,0.30694444444444446,0.2111111111111111,0.15138888888888888,0.14305555555555555,0.1875
1013,720,0.01,0.12182360449419774,0.1295548358094325,309,3.3180261396460586e-05,0.010470426641404629,729297,6.906829218069713,0.23055555555555557,0.2263888888888889,0.19027777777777777,0.1527777777777778,0.2
