episode,steps,epsilon,train_reward,train_portfolio_return,train_position_changes,mean_loss,mean_max_q,updates,minutes,action_share_-1,action_share_0,action_share_0.5,action_share_1,action_share_2
1,720,1.0,0.12913520814749493,0.137843959539506,566,0.00021763035610074632,0.11519742012023926,657,0.007180118560791015,0.21666666666666667,0.22083333333333333,0.1875,0.19722222222222222,0.17777777777777778
2,720,0.9909,-0.056399792857084595,-0.054838808347487444,582,8.955105389658355e-05,0.11935210227966309,1377,0.01378570000330607,0.2,0.20555555555555555,0.19444444444444445,0.1875,0.2125
3,720,0.98188281,-0.18699365198501378,-0.17055099827661446,553,6.502068879904578e-05,0.12010642886161804,2097,0.022428866227467856,0.19444444444444445,0.2111111111111111,0.2125,0.20833333333333334,0.1736111111111111
4,720,0.972947676429,-0.1772348047494376,-0.1624169070564322,563,5.6160425876643986e-05,0.1267799735069275,2817,0.0287718137105306,0.19722222222222222,0.16944444444444445,0.225,0.19583333333333333,0.2125
5,720,0.9640938525734961,-0.04696761211809477,-0.04588170103925626,552,5.41271557482206e-05,0.13003091514110565,3537,0.035735801855723066,0.20555555555555555,0.2,0.18194444444444444,0.21666666666666667,0.19583333333333333
6,720,0.9553205985150773,-0.23768754375588697,-0.2115509915740792,575,4.843576379521942e-05,0.1353885382413864,4257,0.04192061424255371,0.2125,0.1986111111111111,0.18472222222222223,0.18472222222222223,0.21944444444444444
7,720,0.9466271810685901,0.15154153140419196,0.1636266278539531,550,5.786113405166462e-05,0.1414126604795456,4977,0.04794851541519165,0.18888888888888888,0.2263888888888889,0.19722222222222222,0.16527777777777777,0.2222222222222222
8,720,0.938012873720866,-0.0029671615262966506,-0.002962763853147421,583,6.285124412796803e-05,0.14536142349243164,5697,0.05646420319875081,0.1875,0.22083333333333333,0.1597222222222222,0.2111111111111111,0.22083333333333333
9,720,0.9294769565700061,0.33559619081699865,0.3987740729366347,577,7.17690698530128e-05,0.15620838105678558,6417,0.06257673501968383,0.19444444444444445,0.20972222222222223,0.1875,0.1986111111111111,0.20972222222222223
10,720,0.921018716265219,0.008440337780018,0.008476057856717345,585,7.434178599447073e-05,0.1598743498325348,7137,0.06953579982121785,0.18472222222222223,0.175,0.18472222222222223,0.2152777777777778,0.24027777777777778
11,720,0.9126374459472055,-0.20196015226230576,-0.1828725120246859,576,6.976093980534238e-05,0.1661216765642166,7857,0.08146428267161052,0.18888888888888888,0.19583333333333333,0.1638888888888889,0.24722222222222223,0.20416666666666666
12,720,0.904332445189086,0.04467034854999363,0.04568309213767141,589,6.293057330708507e-05,0.17401032149791718,8577,0.08755346536636352,0.22083333333333333,0.21388888888888888,0.18055555555555555,0.19722222222222222,0.1875
13,720,0.8961030199378652,0.05659461836121868,0.058226737743140466,582,6.699787752369148e-05,0.17912410199642181,9297,0.0935441493988037,0.24861111111111112,0.1875,0.1875,0.1625,0.21388888888888888
14,720,0.8879484824564307,0.1183044252555319,0.12558671623962536,580,5.807852404460492e-05,0.18043272197246552,10017,0.09976914723714193,0.19444444444444445,0.18194444444444444,0.2125,0.17916666666666667,0.23194444444444445
15,720,0.8798681512660771,-0.2542504816017656,-0.2245024701467555,574,5.806838567473783e-05,0.17865851521492004,10737,0.10587373177210489,0.17916666666666667,0.1736111111111111,0.19305555555555556,0.22777777777777777,0.2263888888888889
16,720,0.8718613510895558,0.09644903133829594,0.10125345029879074,566,5.9898597903106245e-05,0.1778935194015503,11457,0.11227401494979858,0.20972222222222223,0.2111111111111111,0.17222222222222222,0.1736111111111111,0.23333333333333334
17,720,0.8639274127946408,-0.2260275741534561,-0.20230389443241292,566,5.063152268576232e-05,0.18362288177013397,12177,0.11942845185597738,0.20416666666666666,0.16527777777777777,0.1736111111111111,0.2013888888888889,0.25555555555555554
18,720,0.8560656733382096,-0.013476891777555686,-0.013386485061116726,566,5.559264498944887e-05,0.188547745347023,12897,0.12592816750208538,0.17777777777777778,0.18888888888888888,0.15694444444444444,0.2222222222222222,0.25416666666666665
19,720,0.8482754757108318,-0.5486211202886178,-0.4222540964993021,564,5.336480134019439e-05,0.18919965624809265,13617,0.13226060072580972,0.18055555555555555,0.18055555555555555,0.18888888888888888,0.2152777777777778,0.23472222222222222
20,720,0.8405561688818632,-0.05272282999316314,-0.05135708859099031,581,5.43346361395278e-05,0.19778388738632202,14337,0.13929193417231242,0.2111111111111111,0.16666666666666666,0.1638888888888889,0.17916666666666667,0.2791666666666667
21,720,0.8329071077450383,0.007137436552758339,0.0071629687617238424,575,5.4625303705001394e-05,0.19527281820774078,15057,0.15148861408233644,0.21805555555555556,0.19166666666666668,0.18333333333333332,0.2013888888888889,0.20555555555555555
22,720,0.8253276530645585,0.052719218505687886,0.054133622348754296,584,4.94097133885892e-05,0.19732588529586792,15777,0.15811781485875448,0.21944444444444444,0.18055555555555555,0.1763888888888889,0.22083333333333333,0.20277777777777778
23,720,0.817817171421671,-0.2090989060809106,-0.1886850123108449,562,4.879204431820957e-05,0.20310522615909576,16497,0.16511671543121337,0.20694444444444443,0.18055555555555555,0.19444444444444445,0.1875,0.23055555555555557
24,720,0.8103750351617338,-0.382274101035997,-0.31769199375970225,574,4.934872626133963e-05,0.20355810225009918,17217,0.17135891914367676,0.18472222222222223,0.16944444444444445,0.19305555555555556,0.1986111111111111,0.25416666666666665
25,720,0.8030006223417621,-0.06203856790500213,-0.06015336182378228,574,4.8520128453017404e-05,0.20968709886074066,17937,0.17767184972763062,0.16805555555555557,0.1986111111111111,0.1763888888888889,0.2,0.2569444444444444
26,720,0.795693316678452,-0.09281650397668684,-0.08863928397884524,562,4.714946070533996e-05,0.20829547941684723,18657,0.18412208159764606,0.20416666666666666,0.1625,0.19444444444444445,0.19305555555555556,0.24583333333333332
27,720,0.7884525074966781,0.12754436281786333,0.13603526484882567,567,4.746218607149583e-05,0.21695667505264282,19377,0.19030284881591797,0.26666666666666666,0.19166666666666668,0.16527777777777777,0.17777777777777778,0.1986111111111111
28,720,0.7812775896784583,-0.1477995481983268,-0.13739599185935025,551,4.403091273464573e-05,0.21540750563144684,20097,0.19683905045191447,0.23055555555555557,0.16944444444444445,0.22083333333333333,0.17777777777777778,0.2013888888888889
29,720,0.7741679636123843,-0.03986795824938995,-0.03908368815209917,583,4.5419111046385297e-05,0.21562805771827698,20817,0.20345946550369262,0.21388888888888888,0.1736111111111111,0.1875,0.21944444444444444,0.20555555555555555
30,720,0.7671230351435115,0.03594742161574764,0.03660134223437428,583,4.450934289808275e-05,0.2204248607158661,21537,0.21047939856847128,0.24861111111111112,0.16805555555555557,0.18194444444444444,0.18888888888888888,0.2125
31,720,0.7601422155237056,-0.22208150433623305,-0.1991499110803373,562,4.546522085446567e-05,0.21579483151435852,22257,0.22287038564682007,0.24861111111111112,0.17222222222222222,0.18472222222222223,0.20416666666666666,0.19027777777777777
32,720,0.7532249213624399,0.016174475774554675,0.01630599071282024,559,4.81853137172392e-05,0.21498747169971466,22977,0.22974371512730915,0.19444444444444445,0.15833333333333333,0.16111111111111112,0.20833333333333334,0.2777777777777778
33,720,0.7463705745780417,0.1081911480663417,0.11426071381241587,567,4.440825415107004e-05,0.21398276090621948,23697,0.2360796332359314,0.1736111111111111,0.19722222222222222,0.18055555555555555,0.23055555555555557,0.21805555555555556
34,720,0.7395786023493816,-0.08545905293008703,-0.08190926458996439,575,4.552014699659897e-05,0.21432417631149292,24417,0.24285087982813516,0.19722222222222222,0.19027777777777777,0.1625,0.22083333333333333,0.22916666666666666
35,720,0.7328484370680022,-0.08276910171931588,-0.07943632074665918,556,4.59755508965524e-05,0.215931236743927,25137,0.24905764659245808,0.22777777777777777,0.2013888888888889,0.17222222222222222,0.19583333333333333,0.20277777777777778
36,720,0.7261795162906833,-0.28974089597451086,-0.25154252919948006,551,4.574812395250976e-05,0.2145470380783081,25857,0.2563415010770162,0.2152777777777778,0.16944444444444445,0.17083333333333334,0.2222222222222222,0.2222222222222222
37,720,0.7195712826924381,-0.34299869023821444,-0.290360858982173,539,4.566721498046415e-05,0.21399568021297455,26577,0.2627313176790873,0.2708333333333333,0.15694444444444444,0.16944444444444445,0.18611111111111112,0.21666666666666667
38,720,0.7130231840199369,-0.3173669996295339,-0.2719364929486354,564,4.670949338990087e-05,0.2102675437927246,27297,0.26986510356267296,0.1986111111111111,0.20694444444444443,0.15555555555555556,0.20694444444444443,0.23194444444444445
39,720,0.7065346730453554,-0.053633670406981124,-0.05222075750100241,562,4.430347373474635e-05,0.20836244523525238,28017,0.2761427323023478,0.19027777777777777,0.17916666666666667,0.1736111111111111,0.1986111111111111,0.25833333333333336
40,720,0.7001052075206428,0.4568846184842043,0.5791466694011553,550,4.5269710119555386e-05,0.20999394357204437,28737,0.2828211863835653,0.21388888888888888,0.15416666666666667,0.16666666666666666,0.21666666666666667,0.24861111111111112
41,720,0.6937342501322049,-0.013922060068944142,-0.013825596367355142,532,4.9328718714352565e-05,0.21155177056789398,29457,0.295176617304484,0.32222222222222224,0.16527777777777777,0.15416666666666667,0.17916666666666667,0.17916666666666667
42,720,0.6874212684560018,0.00910519879343927,0.009146777213424606,549,4.8044059051714307e-05,0.2149164080619812,30177,0.3013403018315633,0.20555555555555555,0.13333333333333333,0.16111111111111112,0.21666666666666667,0.2833333333333333
43,720,0.6811657349130522,-0.5162267264521458,-0.40323192577342115,573,4.5510980174236063e-05,0.21531283855438232,30897,0.3074420134226481,0.28055555555555556,0.1986111111111111,0.17777777777777778,0.15694444444444444,0.18611111111111112
44,720,0.6749671267253434,0.25486631627002193,0.290289118680644,569,4.671041474340301e-05,0.21431013941764832,31617,0.3158478975296021,0.1736111111111111,0.1875,0.16666666666666666,0.2125,0.25972222222222224
45,720,0.6688249258721428,-0.07456646386310511,-0.07185421614539989,542,4.69681580941344e-05,0.21658740937709808,32337,0.32450048128763836,0.17777777777777778,0.2125,0.1986111111111111,0.18888888888888888,0.2222222222222222
46,720,0.6627386190467063,0.0913739734600571,0.0956786833976575,538,4.986756261410442e-05,0.2184104025363922,33057,0.3317080855369568,0.16111111111111112,0.1597222222222222,0.13472222222222222,0.2013888888888889,0.34305555555555556
47,720,0.6567076976133812,0.07256994373754679,0.0752680117236475,569,4.775371849506074e-05,0.22010669112205505,33777,0.33927138249079386,0.2722222222222222,0.1875,0.1388888888888889,0.175,0.2263888888888889
48,720,0.6507316575650994,-0.05530825838436667,-0.053806569064632104,551,4.44207788379774e-05,0.2218015193939209,34497,0.34623485008875526,0.17222222222222222,0.16944444444444445,0.1375,0.21944444444444444,0.3013888888888889
49,720,0.6448099994812571,-0.05561273503507409,-0.05409461901693868,510,4.8840729078215694e-05,0.22194543480873108,35217,0.35341113408406577,0.19722222222222222,0.16944444444444445,0.12638888888888888,0.23055555555555557,0.2763888888888889
50,720,0.6389422284859776,0.13112986529815712,0.14011583318099263,538,5.127993893615389e-05,0.224066823720932,35937,0.36075130303700764,0.23472222222222222,0.17083333333333334,0.16805555555555557,0.19027777777777777,0.2361111111111111
51,720,0.6331278542067552,-0.34033303920248925,-0.2884666851893771,530,5.07780050093566e-05,0.2169608473777771,36657,0.37533249855041506,0.24166666666666667,0.16944444444444445,0.1597222222222222,0.1875,0.24166666666666667
52,720,0.6273663907334738,-0.2656784268871859,-0.23331436665026684,516,4.892732672993184e-05,0.21618443727493286,37377,0.38213065067927043,0.23055555555555557,0.1597222222222222,0.18888888888888888,0.21805555555555556,0.20277777777777778
53,720,0.6216573565777992,-0.24018388676869773,-0.21351677609014708,544,5.169407208237923e-05,0.2203194797039032,38097,0.38890341520309446,0.31527777777777777,0.17222222222222222,0.13333333333333333,0.14722222222222223,0.23194444444444445
54,720,0.6160002746329413,-0.22607432330666274,-0.20234118517820343,552,4.985873034810437e-05,0.22331587970256805,38817,0.39568318525950114,0.2625,0.15694444444444444,0.15138888888888888,0.15694444444444444,0.2722222222222222
55,720,0.6103946721337815,-0.13583398202662716,-0.127012447917065,538,4.9622059574024506e-05,0.22411790490150452,39537,0.40251726706822716,0.25555555555555554,0.1486111111111111,0.1486111111111111,0.16944444444444445,0.2777777777777778
56,720,0.604840080617364,-0.09935239603889517,-0.09457641588671473,508,5.074816283973228e-05,0.225291907787323,40257,0.4094073494275411,0.20277777777777778,0.24305555555555555,0.17083333333333334,0.17222222222222222,0.2111111111111111
57,720,0.5993360358837461,-0.09720230062590154,-0.09262757444495051,505,4.856976149641115e-05,0.22281771898269653,40977,0.4161915818850199,0.21805555555555556,0.16944444444444445,0.22083333333333333,0.1736111111111111,0.21805555555555556
58,720,0.5938820779572039,-0.29409997613291977,-0.25479801469380237,532,4.724054149139394e-05,0.22381563484668732,41697,0.42399737040201824,0.19583333333333333,0.16111111111111112,0.1486111111111111,0.20416666666666666,0.2902777777777778
59,720,0.5884777510477934,-0.3101809371582569,-0.2666857395785398,527,5.038934700425873e-05,0.22382724285125732,42417,0.43082778056462606,0.18333333333333332,0.2111111111111111,0.13472222222222222,0.19027777777777777,0.28055555555555556
60,720,0.5831226035132585,0.2839090851488938,0.32831216196061264,518,5.1622540677777176e-05,0.2254938781261444,43137,0.43761190176010134,0.20277777777777778,0.1625,0.17083333333333334,0.18611111111111112,0.2777777777777778
61,720,0.5778161878212879,-0.02393537202602593,-0.023651192835744905,532,5.239205371607467e-05,0.22677434980869293,43857,0.45104596614837644,0.19444444444444445,0.15416666666666667,0.14722222222222223,0.225,0.2791666666666667
62,720,0.5725580605121141,-0.023172721101975994,-0.022906295503550278,529,5.1046253476114446e-05,0.22803112864494324,44577,0.45820195277531944,0.29583333333333334,0.17222222222222222,0.1597222222222222,0.15555555555555556,0.21666666666666667
63,720,0.5673477821614539,-0.22941471753919745,-0.20500123480209875,517,5.280436623959556e-05,0.22755157947540283,45297,0.46507559617360433,0.3138888888888889,0.18611111111111112,0.14027777777777778,0.15694444444444444,0.20277777777777778
64,720,0.5621849173437846,0.1290737841878985,0.13777407080455317,540,5.118418143234117e-05,0.22581462562084198,46017,0.4720513343811035,0.14444444444444443,0.18333333333333332,0.1625,0.17916666666666667,0.33055555555555555
65,720,0.5570690345959561,0.02344737893242853,0.023724429856871287,517,5.064470515460724e-05,0.22364377975463867,46737,0.47925581932067873,0.2111111111111111,0.19305555555555556,0.19027777777777777,0.19444444444444445,0.2111111111111111
66,720,0.5519997063811329,0.13746807790689633,0.14736507909259244,522,4.96694372815101e-05,0.2206389307975769,47457,0.4862736662228902,0.25833333333333336,0.17777777777777778,0.1361111111111111,0.18055555555555555,0.24722222222222223
67,720,0.5469765090530646,0.1683917509274018,0.18340011794586641,522,4.896125398974821e-05,0.21822218596935272,48177,0.49332111279169716,0.21388888888888888,0.2013888888888889,0.19722222222222222,0.19444444444444445,0.19305555555555556
68,720,0.5419990228206817,-0.10268724670618229,-0.09759083921087763,493,5.132067573817444e-05,0.22024033963680267,48897,0.5008615175882976,0.18055555555555555,0.17916666666666667,0.2263888888888889,0.21388888888888888,0.2
69,720,0.5370668317130135,0.03637593557313287,0.03704563556391527,512,5.071537085541422e-05,0.22060075402259827,49617,0.5073707660039266,0.19166666666666668,0.22777777777777777,0.15833333333333333,0.18472222222222223,0.2375
70,720,0.5321795235444251,0.078984392009486,0.08218743116733696,514,5.151755198085084e-05,0.22027607262134552,50337,0.5136709531148275,0.19444444444444445,0.225,0.20277777777777778,0.18888888888888888,0.18888888888888888
71,720,0.5273366898801708,-0.1247998267939518,-0.11732642749938627,515,4.6653067115837785e-05,0.21571913361549377,51057,0.5259723822275798,0.3138888888888889,0.13333333333333333,0.1875,0.18611111111111112,0.17916666666666667
72,720,0.5225379260022612,0.011989093809467062,0.012061251073053558,512,4.788024336650981e-05,0.2161675989627838,51777,0.5331271171569825,0.2111111111111111,0.1375,0.19305555555555556,0.2152777777777778,0.24305555555555555
73,720,0.5177828308756407,-0.2951790516047787,-0.25560171017570077,502,4.776195580941728e-05,0.2150571048259735,52497,0.5396695017814637,0.18333333333333332,0.14166666666666666,0.14166666666666666,0.2111111111111111,0.32222222222222224
74,720,0.5130710071146724,0.015530444556643486,0.015651668652380657,522,4.889919600954171e-05,0.21722610294818878,53217,0.546248718102773,0.12777777777777777,0.18888888888888888,0.15694444444444444,0.1625,0.3638888888888889
75,720,0.5084020609499288,0.48308478772064667,0.6210673457906091,518,5.083033042612644e-05,0.2172982394695282,53937,0.5526504317919413,0.1625,0.19166666666666668,0.14722222222222223,0.20277777777777778,0.29583333333333334
76,720,0.5037756021952844,0.027749846997937155,0.028138460327691073,533,4.8552929411016524e-05,0.21375295519828796,54657,0.5589547991752625,0.2152777777777778,0.17777777777777778,0.14722222222222223,0.21805555555555556,0.24166666666666667
77,720,0.4991912442153073,0.020735975684562098,0.020952459775404497,473,4.9810044681129916e-05,0.21108952164649963,55377,0.5654601176579793,0.1763888888888889,0.17083333333333334,0.12638888888888888,0.17916666666666667,0.3472222222222222
78,720,0.494648603892948,-0.18624394951187945,-0.1699289251529411,514,4.871945208277693e-05,0.21278972923755646,56097,0.5718152681986491,0.19305555555555556,0.25416666666666665,0.17777777777777778,0.15555555555555556,0.21944444444444444
79,720,0.4901473015975222,-0.06850715245315221,-0.06621321878656927,517,5.2974167378276134e-05,0.20799142122268677,56817,0.5781338175137838,0.15555555555555556,0.2222222222222222,0.17083333333333334,0.19583333333333333,0.25555555555555554
80,720,0.4856869611529847,0.08641486477104826,0.09025854435577507,498,4.823193517166955e-05,0.2100796103477478,57537,0.5844252189000447,0.2611111111111111,0.20833333333333334,0.18194444444444444,0.17222222222222222,0.1763888888888889
81,720,0.48126720980649257,-0.12213291257015127,-0.11496927102393883,479,5.015519629346778e-05,0.20982566475868225,58257,0.5967696189880372,0.14305555555555555,0.1597222222222222,0.1736111111111111,0.20972222222222223,0.3138888888888889
82,720,0.4768876781972535,-0.11134585824538433,-0.105370719497213,497,5.072548121410768e-05,0.2089276909828186,58977,0.603264331817627,0.18611111111111112,0.19583333333333333,0.15833333333333333,0.16944444444444445,0.2902777777777778
83,720,0.47254800032565847,0.8101685954849318,1.2482870057631241,532,5.457663472220196e-05,0.20731034874916077,59697,0.6099099159240723,0.22361111111111112,0.17777777777777778,0.17222222222222222,0.15555555555555556,0.2708333333333333
84,720,0.46824781352269496,-0.0007339447117843375,-0.0007336754402463841,475,5.559895694204897e-05,0.2057698667049408,60417,0.6164915959040324,0.20694444444444443,0.125,0.17222222222222222,0.21805555555555556,0.2777777777777778
85,720,0.46398675841963843,1.1631026454469584,2.1998458777637167,483,5.59343860244452e-05,0.2054658681154251,61137,0.6238083680470784,0.17916666666666667,0.19583333333333333,0.1361111111111111,0.2013888888888889,0.2875
86,720,0.45976447891801975,-0.0021476374536050446,-0.002145332930344912,447,5.977973075156721e-05,0.2058013379573822,61857,0.6303977330525716,0.1125,0.14305555555555555,0.18333333333333332,0.21805555555555556,0.34305555555555556
87,720,0.4555806221598658,0.038838766783881436,0.03960285162534238,495,6.33256704254058e-05,0.20669123530387878,62577,0.6368353009223938,0.3527777777777778,0.15555555555555556,0.17222222222222222,0.12083333333333333,0.1986111111111111
88,720,0.451434838498211,-0.3755457359661307,-0.3130856973593079,454,6.184541426440167e-05,0.20544901490211487,63297,0.6434425195058187,0.30277777777777776,0.16805555555555557,0.14722222222222223,0.13472222222222222,0.24722222222222223
89,720,0.44732678146787724,0.061946376260211364,0.06390529261780253,455,6.290344612757003e-05,0.202590674161911,64017,0.6500208814938863,0.21944444444444444,0.175,0.13055555555555556,0.18194444444444444,0.29305555555555557
90,720,0.4432561077565196,-0.3861009161657091,-0.32029807069339344,465,6.129787139394061e-05,0.20785187184810638,64737,0.6577348669370016,0.22916666666666666,0.12638888888888888,0.1,0.16944444444444445,0.375
91,720,0.43922247717593527,0.09673028196613036,0.1015632220828051,465,6.45580327853976e-05,0.20483984053134918,65457,0.6703443169593811,0.30694444444444446,0.24722222222222223,0.14305555555555555,0.13333333333333333,0.16944444444444445
92,720,0.43522555263363427,0.11502394038044417,0.1219002959703448,484,6.556109998933203e-05,0.20406532287597656,66177,0.6768026153246561,0.14444444444444443,0.2152777777777778,0.15555555555555556,0.2111111111111111,0.27361111111111114
93,720,0.43126500010466823,0.07201394522918325,0.07467033048337512,487,6.521242127822309e-05,0.20562514662742615,66897,0.6835911989212036,0.1986111111111111,0.18611111111111112,0.14583333333333334,0.2125,0.2569444444444444
94,720,0.42734048860371576,-0.15788521217009913,-0.14605220084250203,447,6.67039167347462e-05,0.2004101574420929,67617,0.6901674151420594,0.22083333333333333,0.2,0.1388888888888889,0.12916666666666668,0.3111111111111111
95,720,0.42345169015742196,0.20164730889032265,0.2234164439082058,450,6.394582497048557e-05,0.19948595762252808,68337,0.6968205650647481,0.19583333333333333,0.20694444444444443,0.12222222222222222,0.2111111111111111,0.2638888888888889
96,720,0.41959827977698944,0.8500520078541914,1.3397685351025368,478,6.524582151238671e-05,0.19877175986766815,69057,0.7036781827608745,0.18194444444444444,0.15138888888888888,0.13055555555555556,0.2111111111111111,0.325
97,720,0.4157799354310188,-0.16078558180942698,-0.14852537681676892,440,7.56966465739121e-05,0.19869843125343323,69777,0.7103055675824483,0.19305555555555556,0.1625,0.15138888888888888,0.20972222222222223,0.2833333333333333
98,720,0.41199633801859653,0.05968092767566928,0.06149779793592125,459,6.89060993194188e-05,0.1940043419599533,70497,0.7168892979621887,0.24027777777777778,0.1763888888888889,0.16111111111111112,0.2,0.2222222222222222
99,720,0.4082471713426273,-0.12239355898234748,-0.11519992104777332,473,6.993362460434582e-05,0.19136017560958862,71217,0.7240063150723776,0.1736111111111111,0.12083333333333333,0.175,0.19166666666666668,0.3388888888888889
100,720,0.4045321220834094,-0.447206499279533,-0.36058814344672685,470,7.161871291777465e-05,0.19081394374370575,71937,0.7308284799257915,0.2625,0.14722222222222223,0.13055555555555556,0.19027777777777777,0.26944444444444443
101,720,0.4008508797724504,-0.08045577367272838,-0.077304289876163,489,7.468657098696794e-05,0.1864599734544754,72657,0.7430853009223938,0.15416666666666667,0.2777777777777778,0.17222222222222222,0.16527777777777777,0.23055555555555557
102,720,0.3972031367665211,-0.15190787214398918,-0.1409325788647694,463,7.527768529295524e-05,0.18556025624275208,73377,0.749518899122874,0.2625,0.23194444444444445,0.13472222222222222,0.1875,0.18333333333333332
103,720,0.39358858822194576,0.17815203712504235,0.1950069928516367,458,7.20344111717471e-05,0.18444404006004333,74097,0.7561291138331095,0.11527777777777778,0.1625,0.19444444444444445,0.25416666666666665,0.27361111111111114
104,720,0.39000693206912607,-0.0588849758350487,-0.05718479054747505,477,7.14350758218845e-05,0.18393447995185852,74817,0.7626793185869852,0.11944444444444445,0.23472222222222222,0.20277777777777778,0.2125,0.23055555555555557
105,720,0.386457868987297,0.4423855416410223,0.5564156878327191,471,7.524566166491948e-05,0.18304623663425446,75537,0.769054365158081,0.2361111111111111,0.18333333333333332,0.14583333333333334,0.20833333333333334,0.2263888888888889
106,720,0.3829411023795126,-0.15482203879279727,-0.14343240027531434,437,7.476807283081951e-05,0.1815940886735916,76257,0.7753869334856669,0.14027777777777778,0.18888888888888888,0.16111111111111112,0.1736111111111111,0.33611111111111114
107,720,0.3794563383478591,0.19686097405634978,0.21757475445938756,442,7.110670191157927e-05,0.18063859641551971,76977,0.7818342844645182,0.15,0.11805555555555555,0.13472222222222222,0.2611111111111111,0.33611111111111114
108,720,0.37600328566889357,-0.18571967546735946,-0.16949362633532716,464,7.283674753403426e-05,0.18097224831581116,77697,0.7884018659591675,0.2,0.1736111111111111,0.18611111111111112,0.14583333333333334,0.29444444444444445
109,720,0.37258165576930663,-0.16547925693440627,-0.15251255748979198,429,7.162647736499315e-05,0.1825859397649765,78417,0.7948517163594564,0.15833333333333333,0.14583333333333334,0.2013888888888889,0.19166666666666668,0.30277777777777776
110,720,0.36919116270180596,-0.1287672399890527,-0.12082142065254287,433,7.276582402811174e-05,0.18317554891109467,79137,0.801262633005778,0.26944444444444443,0.175,0.18611111111111112,0.16111111111111112,0.20833333333333334
111,720,0.3658315231212195,-0.21452261787189456,-0.1930734394360737,410,6.779892181106738e-05,0.18288961052894592,79857,0.813360599676768,0.20694444444444443,0.1375,0.125,0.15416666666666667,0.3763888888888889
112,720,0.36250245626081645,0.0915605854723275,0.09588316928072982,453,7.150637926037639e-05,0.17948585748672485,80577,0.8198259989420573,0.14583333333333334,0.1638888888888889,0.16527777777777777,0.19583333333333333,0.32916666666666666
113,720,0.359203683908843,0.09664434780403727,0.1014685642375508,452,6.686033002173038e-05,0.17901143431663513,81297,0.8261163671811421,0.1625,0.13194444444444445,0.15138888888888888,0.18333333333333332,0.37083333333333335
114,720,0.3559349303852725,0.39622541803355726,0.48620429704486634,480,7.28535977903751e-05,0.17877832055091858,82017,0.8340102156003316,0.11805555555555555,0.2222222222222222,0.11527777777777778,0.24166666666666667,0.30277777777777776
115,720,0.3526959225187665,-0.26698231054658267,-0.23431338407669822,426,7.318325686280028e-05,0.17642360925674438,82737,0.8438413659731547,0.24305555555555555,0.28888888888888886,0.14027777777777778,0.13055555555555556,0.19722222222222222
116,720,0.34948638962384576,0.31900011169574055,0.37575147857161006,497,7.33489223623312e-05,0.1750187873840332,83457,0.8505541801452636,0.2125,0.2125,0.16666666666666666,0.2,0.20833333333333334
117,720,0.34630606347826876,0.21934397374349102,0.24525953961316693,444,6.964312401325717e-05,0.17511776089668274,84177,0.8571989814440409,0.16666666666666666,0.1763888888888889,0.19027777777777777,0.26666666666666666,0.2
118,720,0.3431546783006165,-0.18089163168362526,-0.16547421004941099,457,7.612866694065209e-05,0.17461378872394562,84897,0.8635887503623962,0.1625,0.21944444444444444,0.19583333333333333,0.2222222222222222,0.2
119,720,0.3400319707280809,0.28096170269253956,0.3244028818996354,447,7.58413080537442e-05,0.17280372977256775,85617,0.8701969663302104,0.1527777777777778,0.17083333333333334,0.1361111111111111,0.2569444444444444,0.2833333333333333
120,720,0.3369376797944554,-0.00800904684136712,-0.007977059877709802,413,7.747899750130374e-05,0.17594945430755615,86337,0.8774099151293436,0.4083333333333333,0.09583333333333334,0.16666666666666666,0.12638888888888888,0.20277777777777778
121,720,0.3338715469083258,-0.06719382026347297,-0.06498604087877136,413,7.321912979705303e-05,0.17288649082183838,87057,0.8895892302195231,0.20972222222222223,0.1638888888888889,0.16944444444444445,0.1875,0.26944444444444443
122,720,0.3308333158314601,0.02197940189126364,0.022222728398666902,425,7.025021781904191e-05,0.17288395762443542,87777,0.8958045323689778,0.15833333333333333,0.1125,0.1875,0.2708333333333333,0.2708333333333333
123,720,0.3278227326573938,-0.5300802769586057,-0.411442279841882,409,7.470246960868583e-05,0.1723821461200714,88497,0.9021697521209717,0.175,0.15138888888888888,0.16111111111111112,0.2013888888888889,0.3111111111111111
124,720,0.3248395457902115,0.40150620710035173,0.49407338766465014,410,7.193215351182718e-05,0.1679631769657135,89217,0.9084961334864299,0.14166666666666666,0.25555555555555554,0.17083333333333334,0.14722222222222223,0.2847222222222222
125,720,0.3218835059235206,0.27326770297671493,0.31425202691584064,403,7.583592074524858e-05,0.16458097100257874,89937,0.9148364345232646,0.2361111111111111,0.13194444444444445,0.19583333333333333,0.1875,0.24861111111111112
126,720,0.3189543660196166,0.13235068673412764,0.14150856099263853,410,7.665716354318242e-05,0.16264207661151886,90657,0.9214601834615072,0.20833333333333334,0.15555555555555556,0.11527777777777778,0.1388888888888889,0.3819444444444444
127,720,0.31605188128883804,-0.4770468534646201,-0.37938654927812887,320,7.333630355661727e-05,0.1648034006357193,91377,0.9278654813766479,0.1527777777777778,0.09583333333333334,0.175,0.1125,0.4638888888888889
128,720,0.31317580916910964,0.13169899334598692,0.1407648897600613,394,7.3398508372217e-05,0.16488507390022278,92097,0.9350597699483235,0.2,0.1486111111111111,0.1763888888888889,0.2,0.275
129,720,0.3103259093056707,-0.08356223464985793,-0.08016616064704862,385,6.83622734742231e-05,0.16362126171588898,92817,0.9427753806114196,0.19722222222222222,0.14722222222222223,0.2013888888888889,0.17777777777777778,0.2763888888888889
130,720,0.30750194353098914,-0.0208702036361895,-0.020653928120711318,379,7.081628097769984e-05,0.16363278031349182,93537,0.949426782131195,0.08333333333333333,0.09305555555555556,0.18888888888888888,0.2763888888888889,0.35833333333333334
131,720,0.30470367584485714,0.12608208764392426,0.13437528265548315,428,7.555291780616042e-05,0.16399525105953217,94257,0.9619022329648336,0.12361111111111112,0.18055555555555555,0.20694444444444443,0.1986111111111111,0.2902777777777778
132,720,0.3019308723946689,0.28172142682985024,0.3254094450432852,423,7.745038987852442e-05,0.16337133944034576,94977,0.9683029174804687,0.11527777777777778,0.1625,0.25972222222222224,0.2111111111111111,0.2513888888888889
133,720,0.29918330145587746,-0.6996984256073934,-0.503264916213452,452,7.726528439838552e-05,0.16114990413188934,95697,0.9747029185295105,0.11666666666666667,0.1986111111111111,0.1597222222222222,0.19722222222222222,0.3277777777777778
134,720,0.29646073341262896,-0.48534363886740506,-0.3845143443741148,427,7.987596924421167e-05,0.16078093647956848,96417,0.9812520345052084,0.21388888888888888,0.2,0.1597222222222222,0.21666666666666667,0.20972222222222223
135,720,0.29376294073857406,0.1788936766225451,0.19589358596292317,413,7.401025306232137e-05,0.15825536847114563,97137,0.987689717610677,0.12916666666666668,0.1375,0.21805555555555556,0.21944444444444444,0.29583333333333334
136,720,0.29108969797785306,1.2680670383547854,2.553976218923303,481,8.314034081169868e-05,0.1600172221660614,97857,0.9942057013511658,0.1375,0.16944444444444445,0.1111111111111111,0.22083333333333333,0.3611111111111111
137,720,0.2884407817262546,0.11890359493409178,0.12626133575617882,409,8.983846785213246e-05,0.15849275887012482,98577,1.0008039991060893,0.25277777777777777,0.15416666666666667,0.11527777777777778,0.13055555555555556,0.3472222222222222
138,720,0.28581597061254566,-0.24188806984573202,-0.21485594607118996,410,9.412540860012086e-05,0.1592259407043457,99297,1.007365600268046,0.25972222222222224,0.16944444444444445,0.11666666666666667,0.1527777777777778,0.3013888888888889
139,720,0.2832150452799715,0.06380925520263724,0.0658890665758296,447,8.795618117700441e-05,0.15769267082214355,100017,1.0138028979301452,0.16527777777777777,0.1388888888888889,0.25,0.2263888888888889,0.21944444444444444
140,720,0.28063778836792375,-0.24572536590681,-0.21786300308282835,362,8.67780450941306e-05,0.15939606726169586,100737,1.0203872640927634,0.2361111111111111,0.11805555555555555,0.1361111111111111,0.16805555555555557,0.3416666666666667
141,720,0.27808398449377564,0.20449034668672036,0.22689961214227528,428,8.208211071405457e-05,0.15981103479862213,101457,1.0329225182533264,0.0875,0.11666666666666667,0.17916666666666667,0.18055555555555555,0.4361111111111111
142,720,0.2755534202348823,-0.19005536226317596,-0.1730866471185618,369,8.59932390097937e-05,0.1589200794696808,102177,1.0393617669741313,0.11388888888888889,0.10833333333333334,0.10416666666666667,0.2,0.4736111111111111
143,720,0.2730458841107448,0.16124893725225417,0.17497742806276406,344,8.733686307399088e-05,0.15805618464946747,102897,1.0458465655644735,0.11527777777777778,0.10694444444444444,0.14444444444444443,0.17083333333333334,0.4625
144,720,0.270561166565337,-0.35471999187036335,-0.2986301950368827,392,8.756774462502411e-05,0.15666227042675018,103617,1.053018081188202,0.2777777777777778,0.12777777777777777,0.09722222222222222,0.15138888888888888,0.3458333333333333
145,720,0.26809905994959243,-0.12276406208085187,-0.1155276814966999,366,8.95135238225622e-05,0.1565554440021515,104337,1.0595728834470113,0.3486111111111111,0.17777777777777778,0.19027777777777777,0.14166666666666666,0.14166666666666666
146,720,0.26565935850405115,-0.06799172827708602,-0.06573179844705623,401,9.022708609083768e-05,0.15582159161567688,105057,1.0669873833656311,0.09305555555555556,0.19305555555555556,0.19027777777777777,0.2263888888888889,0.2972222222222222
147,720,0.2632418583416643,0.7400616495007555,1.0960647318554981,432,8.529024645819542e-05,0.15676790475845337,105777,1.0733458638191222,0.23472222222222222,0.14027777777777778,0.1638888888888889,0.2152777777777778,0.24583333333333332
148,720,0.2608463574307552,0.07742864806371849,0.08050513357457434,333,8.392804951427025e-05,0.15696364641189575,106497,1.0796139319737752,0.08611111111111111,0.09722222222222222,0.16805555555555557,0.11666666666666667,0.5319444444444444
149,720,0.2584726555781353,-0.1149438235779413,-0.10858378092595045,414,9.121189287447527e-05,0.1570577323436737,107217,1.0859459519386292,0.3861111111111111,0.16944444444444445,0.16805555555555557,0.09027777777777778,0.18611111111111112
150,720,0.2561205544123743,-0.27239141534300476,-0.23844388200438937,380,8.55106321662586e-05,0.15700778365135193,107937,1.09221799770991,0.16805555555555557,0.15694444444444444,0.1736111111111111,0.2513888888888889,0.25
151,720,0.2537898573672217,-0.06324537365161854,-0.06128689003592025,372,9.155562813197725e-05,0.15410739183425903,108657,1.1046701153119405,0.1111111111111111,0.1361111111111111,0.20694444444444443,0.21388888888888888,0.33194444444444443
152,720,0.25148036966518,-0.3966288967429775,-0.3274164227187726,374,9.248662052212038e-05,0.15559959411621094,109377,1.1109710335731506,0.14305555555555555,0.15555555555555556,0.2152777777777778,0.25416666666666665,0.23194444444444445
153,720,0.24919189830122687,0.3629174474584828,0.4375171836458063,389,9.044509231949228e-05,0.15026013553142548,110097,1.11747696797053,0.14722222222222223,0.16805555555555557,0.17222222222222222,0.3263888888888889,0.18611111111111112
154,720,0.24692425202668572,-0.15240381886383308,-0.14135852490240752,402,8.637555119750889e-05,0.15116871893405914,110817,1.123895565668742,0.12083333333333333,0.11944444444444445,0.1625,0.15,0.44722222222222224
155,720,0.24467724133324287,-0.06423326041006935,-0.06221377438347053,315,8.663229805658071e-05,0.1532706916332245,111537,1.1303022185961404,0.1736111111111111,0.12777777777777777,0.10416666666666667,0.13333333333333333,0.46111111111111114
156,720,0.24245067843711035,-0.06632517518708608,-0.06417349274995365,339,8.56987372521366e-05,0.1515650451183319,112257,1.1365662813186646,0.2833333333333333,0.125,0.2013888888888889,0.15,0.24027777777777778
157,720,0.24024437726333264,0.3272393050182272,0.38713338544514797,347,8.19212213223687e-05,0.15467514097690582,112977,1.1428385178248088,0.08055555555555556,0.06527777777777778,0.1361111111111111,0.22916666666666666,0.4888888888888889
158,720,0.2380581534302363,0.30609740722578,0.3581145902796212,394,9.350251948616359e-05,0.14969192445278168,113697,1.1498993317286172,0.12638888888888888,0.18611111111111112,0.20555555555555555,0.1875,0.29444444444444445
159,720,0.23589182423402116,0.0597484144985475,0.061569437467128285,415,8.583402019692382e-05,0.15037348866462708,114417,1.1562490145365396,0.18194444444444444,0.225,0.18055555555555555,0.23472222222222222,0.17777777777777778
160,720,0.23374520863349157,-0.3008097210457634,-0.2597813926301338,391,8.909719945980518e-05,0.14416974782943726,115137,1.1624702334403991,0.28888888888888886,0.1986111111111111,0.1763888888888889,0.1736111111111111,0.1625
161,720,0.2316181272349268,-0.08501579394312148,-0.08150222241475968,371,8.215179084850712e-05,0.14650627970695496,115857,1.1755674521128336,0.17777777777777778,0.16111111111111112,0.1638888888888889,0.18888888888888888,0.30833333333333335
162,720,0.22951040227708897,0.4538488026122048,0.5743599403682347,403,8.402285815236609e-05,0.14442729949951172,116577,1.181926429271698,0.08472222222222223,0.09027777777777778,0.18333333333333332,0.20416666666666666,0.4375
163,720,0.22742185761636746,-0.33887443854583343,-0.2874280849618124,404,8.658840780147632e-05,0.14355574548244476,117297,1.1882041295369465,0.1375,0.10416666666666667,0.14166666666666666,0.15,0.4666666666666667
164,720,0.22535231871205852,-0.029088871040994734,-0.028669862489792308,354,8.540465639599562e-05,0.14372660219669342,118017,1.1946644147237142,0.21388888888888888,0.19166666666666668,0.25277777777777777,0.075,0.26666666666666666
165,720,0.22330161261177878,0.09863644301922354,0.10366498150384773,401,8.650557772524634e-05,0.1449783742427826,118737,1.2011242985725403,0.06527777777777778,0.10138888888888889,0.22361111111111112,0.28888888888888886,0.32083333333333336
166,720,0.22126956793701158,-0.02805731340147257,-0.027667362486574087,343,8.50716181844291e-05,0.1419113427400589,119457,1.2077431003252665,0.48194444444444445,0.1763888888888889,0.09861111111111111,0.08333333333333333,0.1597222222222222
167,720,0.21925601486878477,-0.028025577983848797,-0.027636504614611868,335,8.023384854772707e-05,0.14373959600925446,120177,1.2140429139137268,0.42083333333333334,0.12222222222222222,0.18472222222222223,0.08194444444444444,0.19027777777777777
168,720,0.21726078513347882,-0.43293110767675125,-0.3513948258168569,357,8.158373965443389e-05,0.1424064040184021,120897,1.2203243652979532,0.4027777777777778,0.14722222222222223,0.15694444444444444,0.11944444444444445,0.1736111111111111
169,720,0.21528371198876417,0.011191727098078379,0.011254588767135587,386,8.08927360304147e-05,0.14032039046287537,121617,1.2270326336224875,0.2388888888888889,0.24444444444444444,0.19583333333333333,0.11388888888888889,0.20694444444444443
170,720,0.2133246302096664,-0.24058330504301673,-0.21383084913479278,368,7.826829530712428e-05,0.13839152455329895,122337,1.2332920511563619,0.0763888888888889,0.11805555555555555,0.15,0.2263888888888889,0.42916666666666664
171,720,0.21138337607475843,0.04228361585011099,0.04319030210304353,337,8.068183402277403e-05,0.13645049929618835,123057,1.2456084847450257,0.12361111111111112,0.13333333333333333,0.1597222222222222,0.17777777777777778,0.40555555555555556
172,720,0.20945978735247814,0.024661083880316976,0.024967683581643252,366,8.289295266826634e-05,0.13582463562488556,123777,1.2518147985140482,0.2152777777777778,0.19027777777777777,0.1763888888888889,0.20416666666666666,0.21388888888888888
173,720,0.20755370328757058,-0.24175123859879005,-0.21474850648088428,375,7.889949678075128e-05,0.1346667855978012,124497,1.258105985323588,0.23333333333333334,0.16527777777777777,0.1375,0.23055555555555557,0.23333333333333334
174,720,0.20566496458765368,0.05168196319770804,0.05304078352806929,364,8.003517900129332e-05,0.13413763046264648,125217,1.2649202823638916,0.1527777777777778,0.1736111111111111,0.19305555555555556,0.21666666666666667,0.2638888888888889
175,720,0.20379341340990603,0.06741548210965889,0.06973984362227559,317,7.26098330283599e-05,0.13556668162345886,125937,1.2711881200472515,0.16527777777777777,0.14583333333333334,0.15,0.19583333333333333,0.34305555555555556
176,720,0.20193889334787588,0.07953919893639516,0.08278800283561849,371,7.660894344528263e-05,0.1324668526649475,126657,1.2774380962053935,0.10972222222222222,0.08611111111111111,0.1763888888888889,0.14027777777777778,0.4875
177,720,0.2001012494184102,0.11705191073904696,0.12417778507553301,387,7.993800749975182e-05,0.1308700442314148,127377,1.283605166276296,0.1361111111111111,0.16805555555555557,0.2708333333333333,0.12083333333333333,0.30416666666666664
178,720,0.19828032804870266,-0.03237714736179573,-0.03185861875151941,312,7.573658227405152e-05,0.13272327184677124,128097,1.2899684667587281,0.04722222222222222,0.16111111111111112,0.26666666666666666,0.1625,0.3625
179,720,0.19647597706345946,-0.2409886417827258,-0.2141494478010263,343,7.771057622802699e-05,0.13370130956172943,128817,1.296132469177246,0.1125,0.12638888888888888,0.1736111111111111,0.1527777777777778,0.43472222222222223
180,720,0.19468804567218198,0.06952613857648954,0.07200008139468994,337,7.835716771625004e-05,0.1338047981262207,129537,1.3023579676946004,0.14444444444444443,0.14722222222222223,0.2013888888888889,0.22083333333333333,0.2861111111111111
181,720,0.19291638445656512,0.0674839047598498,0.0698130405615276,354,7.804384598683909e-05,0.13370046019554138,130257,1.3142467339833577,0.3388888888888889,0.15,0.15138888888888888,0.1638888888888889,0.19583333333333333
182,720,0.19116084535801037,0.026696120145143762,0.02705565381499242,353,8.105455444820108e-05,0.13217628002166748,130977,1.3205625494321187,0.3055555555555556,0.1486111111111111,0.15555555555555556,0.1625,0.22777777777777777
183,720,0.18942128166525246,0.1662737840913565,0.18089636810778487,303,7.664329782023237e-05,0.13230720162391663,131697,1.3268447478612264,0.1375,0.06805555555555555,0.1625,0.15,0.48194444444444445
184,720,0.18769754800209867,-0.24418484575272995,-0.21665717671438667,371,7.970933533872287e-05,0.13131657242774963,132417,1.333194915453593,0.20972222222222223,0.16527777777777777,0.20833333333333334,0.2,0.21666666666666667
185,720,0.18598950031527958,-0.10100376477174343,-0.09607037020926967,326,7.738293338661606e-05,0.13202054798603058,133137,1.339551615715027,0.3527777777777778,0.12916666666666668,0.14722222222222223,0.13194444444444445,0.2388888888888889
186,720,0.18429699586241055,0.43778852219399317,0.5492772350224533,303,7.711483744464608e-05,0.1314152181148529,133857,1.3458844343821208,0.33055555555555555,0.12083333333333333,0.12638888888888888,0.20277777777777778,0.21944444444444444
187,720,0.1826198932000626,-0.28226749317073196,-0.24592805154367303,400,7.497271383019526e-05,0.1288071870803833,134577,1.3520897507667542,0.11666666666666667,0.1625,0.1361111111111111,0.24444444444444444,0.3402777777777778
188,720,0.18095805217194205,-0.30247480623371026,-0.261012894107143,305,8.02809276756812e-05,0.12731868028640747,135297,1.3584769010543822,0.2222222222222222,0.16944444444444445,0.09583333333333334,0.16111111111111112,0.35138888888888886
189,720,0.17931133389717738,-0.19122829868335817,-0.1740559953034645,306,7.918990600930758e-05,0.12461815029382706,136017,1.3653460502624513,0.11805555555555555,0.10833333333333334,0.24444444444444444,0.18611111111111112,0.34305555555555556
190,720,0.17767960075871306,0.20066595292596273,0.22221642580284695,314,7.428442158167552e-05,0.12467022985219955,136737,1.371720798810323,0.32916666666666666,0.15416666666666667,0.10972222222222222,0.21666666666666667,0.19027777777777777
191,720,0.17606271639180876,-0.1986192834878699,-0.18013803108777615,324,7.663241148192254e-05,0.12339887022972107,137457,1.3837548971176148,0.1625,0.08472222222222223,0.19444444444444445,0.1986111111111111,0.3597222222222222
192,720,0.1744605456726433,-0.07675199614548545,-0.07388049366475014,275,7.414277230534733e-05,0.1225263774394989,138177,1.3900453170140585,0.07361111111111111,0.0875,0.12916666666666668,0.22361111111111112,0.4861111111111111
193,720,0.17287295470702224,0.1867033007822683,0.20526962943826899,359,7.469557861491517e-05,0.12295109033584595,138897,1.3963991165161134,0.25,0.11666666666666667,0.14166666666666666,0.12222222222222222,0.36944444444444446
194,720,0.17129981081918835,-0.029213270517124607,-0.028790687934580728,281,8.173188570405424e-05,0.1220996230840683,139617,1.4028089483579,0.2013888888888889,0.16666666666666666,0.28888888888888886,0.15555555555555556,0.1875
195,720,0.16974098254073375,-0.12225113973899626,-0.11507389951627767,320,7.439766595906703e-05,0.12260611355304718,140337,1.409137984116872,0.1486111111111111,0.13055555555555556,0.25,0.24305555555555555,0.22777777777777777
196,720,0.16819633959961308,0.003933458954856604,0.003941205157657279,267,7.769018048343746e-05,0.12104189395904541,141057,1.4154878338177999,0.19027777777777777,0.15694444444444444,0.28055555555555556,0.17777777777777778,0.19444444444444445
197,720,0.16666575290925661,-0.4511221229598633,-0.36308694427921684,308,7.733531478051089e-05,0.119756318628788,141777,1.4217840989430746,0.25416666666666665,0.16527777777777777,0.1736111111111111,0.20416666666666666,0.20277777777777778
198,720,0.16514909455778237,0.06051584195361709,0.062384427681841714,299,7.131223558568915e-05,0.11870940029621124,142497,1.4280206004778544,0.09027777777777778,0.10972222222222222,0.23194444444444445,0.3013888888888889,0.26666666666666666
199,720,0.16364623779730655,0.01147487813456087,0.011540967094337606,310,7.835863191808635e-05,0.11567190289497375,143217,1.4342999656995137,0.18194444444444444,0.11527777777777778,0.15833333333333333,0.18611111111111112,0.35833333333333334
200,720,0.16215705703335107,-0.021381720545055785,-0.02115475209521922,289,7.451490196217492e-05,0.11792479455471039,143937,1.4406215349833171,0.3138888888888889,0.07222222222222222,0.2847222222222222,0.10972222222222222,0.21944444444444444
201,720,0.16068142781434758,0.1517344669157395,0.1638511544115251,261,8.006213709753259e-05,0.11523635685443878,144657,1.4528752009073893,0.14583333333333334,0.23194444444444445,0.18611111111111112,0.11944444444444445,0.31666666666666665
202,720,0.15921922682123701,-0.23765833207220366,-0.21152795931464186,326,7.770855275895075e-05,0.11629484593868256,145377,1.4592877507209778,0.05277777777777778,0.0875,0.2222222222222222,0.2638888888888889,0.3736111111111111
203,720,0.15777033185716377,-0.1737957998133583,-0.15953149603780836,303,8.207812941236625e-05,0.11479439586400986,146097,1.4657444477081298,0.19583333333333333,0.12777777777777777,0.19027777777777777,0.21388888888888888,0.2722222222222222
204,720,0.15633462183726357,0.7017571975667117,1.017294379625537,320,7.690157174111947e-05,0.11479759216308594,146817,1.4721753199895222,0.1,0.06388888888888888,0.2791666666666667,0.15,0.40694444444444444
205,720,0.15491197677854449,0.3087050410264586,0.36166067722914863,309,7.885831410147956e-05,0.11430481821298599,147537,1.47927938302358,0.11944444444444445,0.11388888888888889,0.25277777777777777,0.15694444444444444,0.35694444444444445
206,720,0.15350227778985973,-0.12161795236148382,-0.11451339804691807,281,7.165003345461526e-05,0.1131289154291153,148257,1.4856069525082907,0.3111111111111111,0.08888888888888889,0.2986111111111111,0.1375,0.1638888888888889
207,720,0.152105407061972,-0.0844542562803084,-0.08098630647987803,261,6.813594815563798e-05,0.11171722412109375,148977,1.4919775485992433,0.4111111111111111,0.0763888888888889,0.19583333333333333,0.10138888888888889,0.2152777777777778
208,720,0.15072124785770807,0.1990484168577131,0.22024104470669514,304,7.071104433483318e-05,0.11180237680673599,149697,1.4982448498407999,0.3402777777777778,0.07777777777777778,0.11805555555555555,0.225,0.2388888888888889
209,720,0.14934968450220293,-0.09601808780430358,-0.09155241590202368,288,6.91775325688266e-05,0.1132161021232605,150417,1.504552718003591,0.3402777777777778,0.05277777777777778,0.12083333333333333,0.21666666666666667,0.26944444444444443
210,720,0.1479906023732329,0.8505257513373977,1.3408772478002273,346,7.103773077814266e-05,0.11134566366672516,151137,1.510850433508555,0.21388888888888888,0.07361111111111111,0.15555555555555556,0.19027777777777777,0.36666666666666664
211,720,0.14664388789163646,-0.09725160323790896,-0.09267230917281588,210,7.591903060983895e-05,0.11100997775793076,151857,1.5246025840441386,0.24027777777777778,0.06805555555555555,0.1638888888888889,0.325,0.20277777777777778
212,720,0.14530942851182257,-0.1872816706986135,-0.1707898607110121,280,7.669541253234356e-05,0.11262597888708115,152577,1.5314140359560648,0.3541666666666667,0.058333333333333334,0.1763888888888889,0.1486111111111111,0.2625
213,720,0.143987112712365,-0.17949522605388438,-0.16430805951807081,279,7.575243667411592e-05,0.11062003672122955,153297,1.5378063321113586,0.12916666666666668,0.10694444444444444,0.34305555555555556,0.21388888888888888,0.20694444444444443
214,720,0.1426768299866825,-0.14951273111348246,-0.13887252516169257,264,6.80835196388014e-05,0.10962052643299103,154017,1.5440942327181497,0.12222222222222222,0.12638888888888888,0.2611111111111111,0.16527777777777777,0.325
215,720,0.14137847083380367,-0.2723272132569328,-0.23839498694338712,304,7.351190824288602e-05,0.1099545955657959,154737,1.5503362496693929,0.1,0.06805555555555555,0.24166666666666667,0.13472222222222222,0.45555555555555555
216,720,0.14009192674921606,0.061423579121928286,0.06334923134170767,326,6.90548254700237e-05,0.10808217525482178,155457,1.5566126187642415,0.23472222222222222,0.06111111111111111,0.3111111111111111,0.20555555555555555,0.1875
217,720,0.1388170902157982,0.12987143749081922,0.1386819821011922,305,7.088158107409173e-05,0.10566693544387817,156177,1.5628874977429708,0.21805555555555556,0.12361111111111112,0.26666666666666666,0.23472222222222222,0.15694444444444444
218,720,0.13755385469483442,0.0025279999976155335,0.0025311980839617387,277,7.063655550483518e-05,0.10435214638710022,156897,1.5691569169362387,0.275,0.20416666666666666,0.09722222222222222,0.20277777777777778,0.22083333333333333
219,720,0.13630211461711142,0.20938255790992696,0.23291657030899704,226,6.858953729786461e-05,0.10582087934017181,157617,1.5753744800885519,0.058333333333333334,0.08888888888888889,0.1986111111111111,0.1375,0.5166666666666667
220,720,0.1350617653740957,-0.23603886220506792,-0.21025001808932398,324,7.389663596768514e-05,0.10193631798028946,158337,1.5820847153663635,0.15138888888888888,0.08888888888888889,0.23472222222222222,0.29305555555555557,0.23194444444444445
221,720,0.13383270330919142,-0.09462144766557011,-0.0902827551189147,278,7.088766792043721e-05,0.10302004218101501,159057,1.5939903855323792,0.18194444444444444,0.1527777777777778,0.16666666666666666,0.19583333333333333,0.30277777777777776
222,720,0.1326148257090778,0.15609532906887535,0.16893763151458718,279,7.365669815600187e-05,0.09980591386556625,159777,1.60009423494339,0.2513888888888889,0.12083333333333333,0.2111111111111111,0.2222222222222222,0.19444444444444445
223,720,0.13140803079512517,-0.09928794442015786,-0.09451805799046276,267,6.903146804688731e-05,0.10056348145008087,160497,1.6064091324806213,0.1597222222222222,0.09444444444444444,0.15555555555555556,0.2777777777777778,0.3125
224,720,0.13021221771488953,-0.33045156947874493,-0.2814008372950041,275,6.603223046365908e-05,0.09904757887125015,161217,1.613688552379608,0.19722222222222222,0.19722222222222222,0.2111111111111111,0.2625,0.13194444444444445
225,720,0.12902728653368403,-0.16781846454404103,-0.1544926896913017,245,6.33551334026884e-05,0.09885451197624207,161937,1.6202504833539326,0.20694444444444443,0.08888888888888889,0.1375,0.1111111111111111,0.45555555555555555
226,720,0.12785313822622751,-0.5743962852082936,-0.43695531537478227,308,6.56078899750254e-05,0.097413569688797,162657,1.6271198511123657,0.06388888888888888,0.09027777777777778,0.2152777777777778,0.30277777777777776,0.3277777777777778
227,720,0.12668967466836883,0.004119620366206078,0.004128117666731379,243,6.781930154476059e-05,0.09701547771692276,163377,1.6334736466407775,0.17916666666666667,0.1361111111111111,0.1638888888888889,0.32083333333333336,0.2
228,720,0.12553679862888667,-0.3432194977532091,-0.2905175353391467,211,6.830436020158636e-05,0.1022600382566452,164097,1.6396759827931722,0.24861111111111112,0.09166666666666666,0.09444444444444444,0.09722222222222222,0.46805555555555556
229,720,0.1243944137613638,0.26804711200302955,0.3074087332082336,289,6.746400180064584e-05,0.1001647561788559,164817,1.6459481199582418,0.3,0.10972222222222222,0.20972222222222223,0.16527777777777777,0.2152777777777778
230,720,0.12326242459613539,0.11317936296750024,0.11983277146554339,249,6.835710088984747e-05,0.10089544951915741,165537,1.6521963834762574,0.23472222222222222,0.10555555555555556,0.24305555555555555,0.13333333333333333,0.2833333333333333
231,720,0.12214073653231056,-0.1002252442507597,-0.09536636843859647,298,6.785527040796701e-05,0.10072191804647446,166257,1.6642854650815329,0.36527777777777776,0.04861111111111111,0.18888888888888888,0.2625,0.13472222222222222
232,720,0.12102925582986652,-0.2123912203044579,-0.1913517239494802,271,6.61793631189135e-05,0.10036302357912064,166977,1.670586363474528,0.2722222222222222,0.07083333333333333,0.2152777777777778,0.21388888888888888,0.22777777777777777
233,720,0.11992788960181475,0.2408211502314557,0.27229346556659717,295,6.715501303157604e-05,0.09959172457456589,167697,1.6769390185674031,0.3138888888888889,0.13194444444444445,0.19305555555555556,0.125,0.2361111111111111
234,720,0.11883654580643824,-0.23785116795288325,-0.21167999035600948,267,7.120384415960264e-05,0.09767747670412064,168417,1.6832955996195476,0.1638888888888889,0.11805555555555555,0.2875,0.19027777777777777,0.24027777777777778
235,720,0.11775513323959964,0.05132736398212644,0.052667442289421995,289,6.953734443489641e-05,0.0975617840886116,169137,1.6901819666226705,0.21805555555555556,0.043055555555555555,0.24166666666666667,0.18055555555555555,0.31666666666666665
236,720,0.11668356152711928,-0.020836206320734702,-0.020620632417386875,275,6.73501085594176e-05,0.09619060158729553,169857,1.696497086683909,0.25833333333333336,0.09861111111111111,0.17083333333333334,0.19583333333333333,0.2763888888888889
237,720,0.1156217411172225,-0.020210177204387184,-0.0200073204617901,227,6.965443513106746e-05,0.09731802344322205,170577,1.702675501505534,0.09444444444444444,0.019444444444444445,0.2013888888888889,0.11527777777777778,0.5694444444444444
238,720,0.11456958327305578,-0.008168293263188367,-0.008135023403389563,214,6.92589568921499e-05,0.09708354622125626,171297,1.7090393026669821,0.30833333333333335,0.059722222222222225,0.10416666666666667,0.09444444444444444,0.43333333333333335
239,720,0.11352700006527097,0.10570123181307665,0.11148974911732568,222,6.986369840736492e-05,0.09509912133216858,172017,1.715354617436727,0.5055555555555555,0.02361111111111111,0.12083333333333333,0.1625,0.1875
240,720,0.112493904364677,-0.23742723909237712,-0.21134572790586048,226,6.707581379083018e-05,0.09629349410533905,172737,1.721462035179138,0.1361111111111111,0.09861111111111111,0.2361111111111111,0.11944444444444445,0.4097222222222222
241,720,0.11147020983495844,0.03906350824323396,0.0398365197438344,240,6.934915916569177e-05,0.09359809756278992,173457,1.733689252535502,0.09861111111111111,0.08888888888888889,0.15694444444444444,0.21666666666666667,0.4388888888888889
242,720,0.11045583092546031,0.04844551835567042,0.04963818424827471,280,7.035381200037389e-05,0.09523725509643555,174177,1.7400399168332419,0.3680555555555556,0.04722222222222222,0.19583333333333333,0.14583333333333334,0.24305555555555555
243,720,0.10945068286403863,-0.06095978068467429,-0.059138920196500466,258,7.271461632980289e-05,0.0942949503660202,174897,1.7462652802467347,0.11944444444444445,0.06527777777777778,0.3888888888888889,0.24444444444444444,0.18194444444444444
244,720,0.10845468164997588,-0.11674048093999291,-0.11018391256402649,262,6.953057703261342e-05,0.09357097744941711,175617,1.7526434302330016,0.2708333333333333,0.07777777777777778,0.20833333333333334,0.20555555555555555,0.2375
245,720,0.10746774404696109,0.0802467203263222,0.08355436958684992,224,7.104789406311182e-05,0.09388365596532822,176337,1.758961832523346,0.4513888888888889,0.058333333333333334,0.09444444444444444,0.09444444444444444,0.3013888888888889
246,720,0.10648978757613374,-0.2615776312111719,-0.2301638902050751,316,6.766983750973546e-05,0.09167797863483429,177057,1.7653598189353943,0.35555555555555557,0.1125,0.12916666666666668,0.14444444444444443,0.25833333333333336
247,720,0.10552073050919092,0.1173042450864607,0.12446148953598968,259,7.063904913467114e-05,0.09039805829524994,177777,1.771626849969228,0.17916666666666667,0.10972222222222222,0.17916666666666667,0.2611111111111111,0.2708333333333333
248,720,0.10456049186155728,-0.18536824651573053,-0.16920171106037563,231,6.565757011887602e-05,0.09184237569570541,178497,1.7778764327367147,0.1375,0.034722222222222224,0.1736111111111111,0.1625,0.49166666666666664
249,720,0.1036089913856171,0.04662505812837822,0.04772909791590929,246,7.163451489431181e-05,0.0901203379034996,179217,1.7841929992039998,0.20277777777777778,0.11388888888888889,0.2625,0.2375,0.18333333333333332
250,720,0.10266614956400799,-0.05341705219463675,-0.05201542901765377,242,6.717606890889429e-05,0.08963176608085632,179937,1.790729252497355,0.3527777777777778,0.1486111111111111,0.19305555555555556,0.125,0.18055555555555555
251,720,0.10173188760297552,0.10397618166804036,0.10957402639834868,223,7.10125228149789e-05,0.08933377265930176,180657,1.8031964341799418,0.06388888888888888,0.10416666666666667,0.19027777777777777,0.21666666666666667,0.425
252,720,0.10080612742578844,-0.011939198033933037,-0.01186820860888449,317,6.932181051979568e-05,0.08952824026346207,181377,1.8101467132568358,0.20555555555555555,0.0625,0.2791666666666667,0.16111111111111112,0.2916666666666667
253,720,0.09988879166621377,-0.013348915134868451,-0.013260213496110507,263,6.943170263614067e-05,0.09045985341072083,182097,1.8165180961290994,0.13472222222222222,0.04722222222222222,0.38055555555555554,0.15,0.2875
254,720,0.09897980366205122,0.06129798488104831,0.06321568918844078,349,6.872775626460578e-05,0.08958828449249268,182817,1.8227659662564595,0.2388888888888889,0.07361111111111111,0.21388888888888888,0.1388888888888889,0.3347222222222222
255,720,0.09807908744872657,-0.09360163234916899,-0.08935453831457996,310,6.93397174422393e-05,0.08754811435937881,183537,1.8290693362553914,0.2722222222222222,0.18055555555555555,0.28055555555555556,0.16111111111111112,0.10555555555555556
256,720,0.09718656775294315,0.026604659000471112,0.02696172242485373,252,6.630746850583414e-05,0.08636976778507233,184257,1.838023833433787,0.5722222222222222,0.06666666666666667,0.09861111111111111,0.1125,0.15
257,720,0.09630216998639138,0.1917329859958005,0.2113470271584701,312,7.086374616720706e-05,0.08641868084669113,184977,1.8451841314633688,0.07777777777777778,0.12638888888888888,0.3611111111111111,0.11527777777777778,0.3194444444444444
258,720,0.09542582023951522,-0.11682673653680989,-0.11026066087167297,216,6.819110668377309e-05,0.08672396838665009,185697,1.8516202171643574,0.11388888888888889,0.020833333333333332,0.2263888888888889,0.19305555555555556,0.44583333333333336
259,720,0.09455744527533563,0.16771658019644378,0.18260139049225965,246,6.967809493340206e-05,0.08600042760372162,186417,1.8580159147580464,0.21944444444444444,0.0375,0.3055555555555556,0.2013888888888889,0.2361111111111111
260,720,0.09369697252333008,0.8067944685386838,1.2407137836853397,266,6.678277586742196e-05,0.08733132481575012,187137,1.864482851823171,0.175,0.0375,0.22361111111111112,0.1986111111111111,0.36527777777777776
261,720,0.09284433007336777,0.4236529818372499,0.527531420652386,262,6.898895632932383e-05,0.08556972444057465,187857,1.8771106640497843,0.15555555555555556,0.030555555555555555,0.25833333333333336,0.14027777777777778,0.4152777777777778
262,720,0.09199944666970013,0.13837340219850286,0.1484042869091009,302,7.575495641529213e-05,0.08475156128406525,188577,1.883472700913747,0.15555555555555556,0.030555555555555555,0.15,0.28888888888888886,0.375
263,720,0.09116225170500586,-0.1460106542527066,-0.13585150372086008,222,6.79676253374358e-05,0.08368231356143951,189297,1.889967668056488,0.12638888888888888,0.05416666666666667,0.23194444444444445,0.16527777777777777,0.4222222222222222
264,720,0.0903326752144903,-0.04807228732332539,-0.04693510992251304,263,6.927688736292718e-05,0.08407339453697205,190017,1.8963720838228861,0.4097222222222222,0.08055555555555556,0.10833333333333334,0.20416666666666666,0.19722222222222222
265,720,0.08951064787003844,0.05494177549228584,0.056479099909175545,204,7.299402536899732e-05,0.08413021266460419,190737,1.9028274496396382,0.5277777777777778,0.1125,0.1125,0.044444444444444446,0.20277777777777778
266,720,0.0886961009744211,0.10496474550627512,0.11067145350569452,301,7.375567827491776e-05,0.08322276175022125,191457,1.9099451303482056,0.1527777777777778,0.07777777777777778,0.17083333333333334,0.17222222222222222,0.4263888888888889
267,720,0.08788896645555387,0.08724397665054849,0.09116286550652597,205,7.077115851517293e-05,0.0844966322183609,192177,1.9165619015693665,0.30972222222222223,0.043055555555555555,0.09166666666666666,0.059722222222222225,0.49583333333333335
268,720,0.08708917686080833,-0.01592515713111165,-0.015799022276388186,264,7.202492750795702e-05,0.08385871350765228,192897,1.9270490328470866,0.25416666666666665,0.10972222222222222,0.2263888888888889,0.18888888888888888,0.22083333333333333
269,720,0.08629666535137498,-0.4174674008852396,-0.3412870350424293,347,7.894872556132922e-05,0.08105672150850296,193617,1.933563764890035,0.12083333333333333,0.08333333333333333,0.14027777777777778,0.225,0.4305555555555556
270,720,0.08551136569667747,0.1868451672952738,0.20544062896709359,277,8.018447118350499e-05,0.08172449469566345,194337,1.9403430342674255,0.3333333333333333,0.11527777777777778,0.1625,0.0875,0.3013888888888889
271,720,0.0847332122688377,-0.31357370196750545,-0.2691694866281219,218,7.474978187423807e-05,0.08235974609851837,195057,1.9527068336804707,0.0875,0.09305555555555556,0.2111111111111111,0.13055555555555556,0.4777777777777778
272,720,0.08396214003719128,-0.19670691034539028,-0.17856864893403845,233,7.479621768500996e-05,0.08244520425796509,195777,1.9623741507530212,0.3458333333333333,0.07222222222222222,0.1527777777777778,0.12361111111111112,0.3055555555555556
273,720,0.08319808456285284,0.2934590713885773,0.34105829063324955,208,7.520535610486453e-05,0.08355680108070374,196497,1.969968314965566,0.058333333333333334,0.04722222222222222,0.13333333333333333,0.21944444444444444,0.5416666666666666
274,720,0.08244098199333087,0.06974608038108113,0.07223588495769384,274,7.205870160381286e-05,0.08457006514072418,197217,1.9773033022880555,0.225,0.025,0.2013888888888889,0.20972222222222223,0.3388888888888889
275,720,0.08169076905719157,-0.47144086710680194,-0.37589762845585084,216,7.187656444784807e-05,0.08485154062509537,197937,1.9845502336819967,0.1527777777777778,0.022222222222222223,0.07916666666666666,0.1388888888888889,0.6069444444444444
276,720,0.08094738305877112,-0.1451532360409983,-0.1351102493254317,304,7.538649516618534e-05,0.08518755435943604,198657,1.9927204330762227,0.2569444444444444,0.10694444444444444,0.21666666666666667,0.08333333333333333,0.33611111111111114
277,720,0.08021076187293631,-0.10327515276384835,-0.09812121510212712,231,7.679584020176359e-05,0.08447889238595963,199377,2.001017999649048,0.29583333333333334,0.058333333333333334,0.14444444444444443,0.175,0.3263888888888889
278,720,0.07948084393989259,-0.13761076018088328,-0.12856217595938013,223,8.102207726147349e-05,0.0860573872923851,200097,2.0084135333697,0.45,0.10416666666666667,0.13194444444444445,0.08194444444444444,0.23194444444444445
279,720,0.07875756826003957,-0.35636369516029176,-0.29978209194504113,158,7.471306404593431e-05,0.08616448938846588,200817,2.017672518889109,0.1763888888888889,0.030555555555555555,0.12777777777777777,0.19305555555555556,0.4722222222222222
280,720,0.07804087438887321,-0.08785613985321214,-0.08410737230589704,221,6.714223318845647e-05,0.08749571442604065,201537,2.024903098742167,0.3680555555555556,0.041666666666666664,0.08333333333333333,0.08055555555555556,0.4263888888888889
281,720,0.07733070243193446,0.004720048976530562,0.004731205954622064,279,6.86720864614977e-05,0.0874684527516365,202257,2.0392321666081745,0.1361111111111111,0.02638888888888889,0.41388888888888886,0.18472222222222223,0.2388888888888889
282,720,0.07662699303980386,0.23398417145485273,0.26362449071218186,287,6.893873250722512e-05,0.08864736557006836,202977,2.0498054305712383,0.19305555555555556,0.07222222222222222,0.16666666666666666,0.2125,0.35555555555555557
283,720,0.07592968740314164,-0.07488851839907817,-0.07215308157706546,319,7.149481097157049e-05,0.08715775609016418,203697,2.061620084444682,0.18611111111111112,0.12638888888888888,0.22083333333333333,0.22916666666666666,0.2375
284,720,0.07523872724777306,0.09638695768617418,0.10118509359681505,261,7.346025859331147e-05,0.08730772882699966,204417,2.069951681296031,0.20555555555555555,0.10694444444444444,0.12916666666666668,0.1527777777777778,0.40555555555555556
285,720,0.07455405482981832,-0.5032995321277806,-0.39546730969081145,291,7.573347784525848e-05,0.08520761877298355,205137,2.0774717489878336,0.19722222222222222,0.11944444444444445,0.2222222222222222,0.18472222222222223,0.2763888888888889
286,720,0.07387561293086697,-0.30828086999676196,-0.26529106866865204,301,7.937178951730553e-05,0.08420731127262115,205857,2.0840331157048544,0.23472222222222222,0.1527777777777778,0.24305555555555555,0.19166666666666668,0.17777777777777778
287,720,0.07320334485319609,0.1635845080612979,0.1777248782283154,263,8.126609618051993e-05,0.08255456387996674,206577,2.090729296207428,0.2388888888888889,0.16666666666666666,0.1875,0.26805555555555555,0.1388888888888889
288,720,0.07253719441503201,-0.47753875122949674,-0.3796917525768271,273,8.409458480274326e-05,0.08205127716064453,207297,2.098475948969523,0.17222222222222222,0.14444444444444443,0.1527777777777778,0.2763888888888889,0.25416666666666665
289,720,0.07187710594585521,-0.3582364552061707,-0.30109220492013444,220,8.0774971502251e-05,0.08182569593191147,208017,2.1057379961013796,0.2513888888888889,0.022222222222222223,0.12222222222222222,0.10555555555555556,0.4986111111111111
290,720,0.07122302428174793,-0.18831195604343237,-0.17164374381813896,282,7.588890123820925e-05,0.0823478251695633,208737,2.113934850692749,0.13194444444444445,0.059722222222222225,0.2375,0.13194444444444445,0.4388888888888889
291,720,0.07057489476078402,0.01371374398262824,0.013808208697332125,319,7.759717678305202e-05,0.08187505602836609,209457,2.1286171476046243,0.10972222222222222,0.10138888888888889,0.21944444444444444,0.15416666666666667,0.4152777777777778
292,720,0.06993266321846088,0.3787228263003204,0.46041819012691176,293,8.440228032719056e-05,0.0807574912905693,210177,2.1366082032521567,0.05277777777777778,0.04027777777777778,0.2388888888888889,0.2611111111111111,0.40694444444444444
293,720,0.06929627598317288,-0.4516043029590605,-0.3633939769874489,233,8.18108928494136e-05,0.07944147288799286,210897,2.143475882212321,0.16666666666666666,0.07777777777777778,0.12777777777777777,0.15694444444444444,0.4708333333333333
294,720,0.068665679871726,0.22719642821138514,0.25507637613661815,268,7.867299799121004e-05,0.07888396084308624,211617,2.151047452290853,0.32916666666666666,0.14305555555555555,0.1638888888888889,0.1388888888888889,0.225
295,720,0.0680408221848933,-0.03752551614378871,-0.03683015897288611,263,8.33732440191347e-05,0.07764390110969543,212337,2.158651649951935,0.25277777777777777,0.09027777777777778,0.20833333333333334,0.2222222222222222,0.2263888888888889
296,720,0.06742165070301076,-0.7193638360376838,-0.5129379912798854,271,7.80075693493624e-05,0.0768190249800682,213057,2.1653112689654033,0.20277777777777778,0.0875,0.14166666666666666,0.18888888888888888,0.37916666666666665
297,720,0.06680811368161337,-0.19249244308401417,-0.17509944811578204,207,8.136076905884693e-05,0.07634657621383667,213777,2.172310749689738,0.1625,0.08194444444444444,0.1638888888888889,0.25972222222222224,0.33194444444444443
298,720,0.06620015984711068,-0.10841978702833817,-0.10274913691140819,247,8.525017876511103e-05,0.07672634720802307,214497,2.1791871309280397,0.38472222222222224,0.14444444444444443,0.20416666666666666,0.0763888888888889,0.19027777777777777
299,720,0.06559773839250198,-0.24799114914577788,-0.21963314983930105,252,8.266550762022638e-05,0.07609361410140991,215217,2.1903050978978476,0.14583333333333334,0.1111111111111111,0.25555555555555554,0.17222222222222222,0.31527777777777777
300,720,0.06500079897313021,-0.07461068513665989,-0.07189525902651372,223,7.922220319819138e-05,0.07520513236522675,215937,2.2022739171981813,0.10972222222222222,0.09166666666666666,0.15833333333333333,0.22916666666666666,0.4111111111111111
301,720,0.06440929170247472,-0.21592741380781816,-0.1942062107463869,186,8.799356414152094e-05,0.07477942854166031,216657,2.2162998000780743,0.32916666666666666,0.07916666666666666,0.18055555555555555,0.041666666666666664,0.36944444444444446
302,720,0.06382316714798221,-0.13715697371595137,-0.128166639532048,320,8.49354147312119e-05,0.07439076155424118,217377,2.223210648695628,0.48333333333333334,0.04583333333333333,0.12361111111111112,0.06805555555555555,0.2791666666666667
303,720,0.06324237632693558,0.08085762029055554,0.08421651514423023,230,8.152802545282611e-05,0.07293957471847534,218097,2.2321763674418134,0.1375,0.1388888888888889,0.18194444444444444,0.21388888888888888,0.3277777777777778
304,720,0.06266687070236046,-0.16241366642730734,-0.14991052168080277,302,7.936565654189406e-05,0.07150333374738693,218817,2.240599318345388,0.19166666666666668,0.13333333333333333,0.14166666666666666,0.13194444444444445,0.4013888888888889
305,720,0.06209660217896898,0.12839752287704326,0.13700489833008,238,7.712848002686061e-05,0.07198601961135864,219537,2.2498966654141745,0.2013888888888889,0.06527777777777778,0.10555555555555556,0.2263888888888889,0.4013888888888889
306,720,0.06153152309914036,0.04599700634279828,0.047071276379776705,265,8.350330409585795e-05,0.06965197622776031,220257,2.257135764757792,0.16111111111111112,0.18055555555555555,0.1486111111111111,0.2013888888888889,0.30833333333333335
307,720,0.06097158623893818,0.0006517465150563308,0.0006519589479643262,260,8.058615388159119e-05,0.06882347166538239,220977,2.2654932657877604,0.3013888888888889,0.125,0.13055555555555556,0.12361111111111112,0.3194444444444444
308,720,0.06041674480416385,-0.19683958229699133,-0.17867762260545572,304,7.782337854046596e-05,0.06933097541332245,221697,2.2727283159891765,0.25277777777777777,0.12361111111111112,0.1375,0.14444444444444443,0.3416666666666667
309,720,0.059866952426445956,-0.32015757022984337,-0.27396537338290283,264,7.950834940528593e-05,0.06849116086959839,222417,2.280469485123952,0.2263888888888889,0.09027777777777778,0.12777777777777777,0.15555555555555556,0.4
310,720,0.059322163159365296,-0.13235522434981895,-0.12397024729711503,275,8.126980132551075e-05,0.06761157512664795,223137,2.2876656651496887,0.14027777777777778,0.12083333333333333,0.23194444444444445,0.21388888888888888,0.29305555555555557
311,720,0.05878233147461507,-0.4735279291139127,-0.3771988105079239,264,8.120040900191978e-05,0.06722661852836609,223857,2.3005983511606853,0.325,0.10833333333333334,0.15416666666666667,0.19444444444444445,0.21805555555555556
312,720,0.058247412258196074,0.09808522317762852,0.10305678710737776,306,8.62973133899282e-05,0.06757399439811707,224577,2.3070841987927753,0.08888888888888889,0.11666666666666667,0.20416666666666666,0.2611111111111111,0.32916666666666666
313,720,0.05771736080664649,0.00810155052393944,0.00813445688854797,271,8.564118878540386e-05,0.06809024512767792,225297,2.3134309967358906,0.45694444444444443,0.0375,0.1125,0.10972222222222222,0.2833333333333333
314,720,0.057192132823306006,0.15464526018578448,0.16724381979748326,274,8.77631457190849e-05,0.0677555501461029,226017,2.3197688857714334,0.19583333333333333,0.10138888888888889,0.1763888888888889,0.24722222222222223,0.2791666666666667
315,720,0.05667168441461392,-0.24327963035952105,-0.21594776169433427,256,9.19501673390894e-05,0.06656017899513245,226737,2.326133449872335,0.49166666666666664,0.05555555555555555,0.14166666666666666,0.1375,0.1736111111111111
316,720,0.056155972086440936,-0.1277595451794416,-0.11993503043100784,273,8.484096877812893e-05,0.0668821632862091,227457,2.3326128482818604,0.17916666666666667,0.10555555555555556,0.14583333333333334,0.2111111111111111,0.35833333333333334
317,720,0.05564495274045432,-0.13413213402418114,-0.1255254908668375,244,8.654518435125485e-05,0.06882351636886597,228177,2.3389223337173464,0.05,0.10694444444444444,0.17777777777777778,0.21666666666666667,0.4486111111111111
318,720,0.05513858367051619,-0.2522900605305164,-0.22298067725849602,300,8.319871882475936e-05,0.06907445937395096,228897,2.346046034495036,0.05416666666666667,0.06944444444444445,0.1388888888888889,0.2125,0.525
319,720,0.05463682255911449,0.17886023698011752,0.1958535963776491,250,7.831612962137216e-05,0.0704943910241127,229617,2.352402635415395,0.11944444444444445,0.1486111111111111,0.17083333333333334,0.2375,0.3236111111111111
320,720,0.05413962747382655,0.020495326577831232,0.020706798038270247,241,7.68528409935243e-05,0.07115431129932404,230337,2.358728651205699,0.09166666666666666,0.10833333333333334,0.15555555555555556,0.2152777777777778,0.42916666666666664
321,720,0.05364695686381473,0.09234821145129703,0.09674665534216387,249,8.618489913361473e-05,0.0704532340168953,231057,2.3719016512235007,0.21666666666666667,0.2125,0.26944444444444443,0.08611111111111111,0.2152777777777778
322,720,0.05315876955635402,-0.20985171463140723,-0.18929554733389609,218,8.25646158091331e-05,0.07102566212415695,231777,2.379168399175008,0.4736111111111111,0.06666666666666667,0.09583333333333334,0.09861111111111111,0.2652777777777778
323,720,0.0526750247533912,0.25052813048573164,0.2847037287576255,228,8.383675826229996e-05,0.07055263221263885,232497,2.385955615838369,0.2,0.12361111111111112,0.12222222222222222,0.25972222222222224,0.29444444444444445
324,720,0.052195682028135335,0.15729090764365816,0.1703360240796068,283,7.850537891095479e-05,0.07148657739162445,233217,2.3936707695325214,0.044444444444444446,0.07916666666666666,0.24444444444444444,0.34444444444444444,0.2875
325,720,0.0517207013216793,-0.06929599931443721,-0.06694954309629442,259,8.145544398606338e-05,0.07006537169218063,233937,2.400241482257843,0.1736111111111111,0.15694444444444444,0.1361111111111111,0.26805555555555555,0.2652777777777778
326,720,0.05125004293965202,-0.23262051834867653,-0.20754576168472516,258,8.230192449648005e-05,0.07036249339580536,234657,2.4068934162457785,0.07222222222222222,0.041666666666666664,0.17777777777777778,0.24166666666666667,0.4666666666666667
327,720,0.050783667548901186,0.08417369456523574,0.08781782544439865,265,8.027887943803256e-05,0.07088684290647507,235377,2.413184483846029,0.25833333333333336,0.09444444444444444,0.16111111111111112,0.225,0.2611111111111111
328,720,0.050321536174206184,-0.17768667578661262,-0.16279530109826934,186,7.887921415961803e-05,0.07072200626134872,236097,2.4220834294954936,0.37777777777777777,0.10833333333333334,0.10138888888888889,0.15833333333333333,0.25416666666666665
329,720,0.049863610195020905,0.15835368615364387,0.17158049323585955,238,7.893120357493899e-05,0.0711202621459961,236817,2.4312270005544026,0.2902777777777778,0.12777777777777777,0.1375,0.075,0.36944444444444446
330,720,0.049409851342246215,-0.16759752939539543,-0.15430586677090452,238,7.80521090291586e-05,0.07316828519105911,237537,2.4379467328389484,0.31666666666666665,0.12361111111111112,0.14027777777777778,0.20416666666666666,0.2152777777777778
331,720,0.04896022169503177,0.33287094045893734,0.3949672530182893,273,8.1763605894341e-05,0.07314915210008621,238257,2.451240579287211,0.2722222222222222,0.1986111111111111,0.21944444444444444,0.08888888888888889,0.22083333333333333
332,720,0.04851468367760699,-0.07382798947811595,-0.07116855111661635,249,8.002972140780508e-05,0.07034224271774292,238977,2.45853811899821,0.06111111111111111,0.0875,0.18888888888888888,0.29444444444444445,0.3680555555555556
333,720,0.04807320005614076,-0.281260471381416,-0.24516830218298857,228,7.951523673707723e-05,0.07040917128324509,239697,2.4698350628217063,0.07083333333333333,0.1111111111111111,0.25277777777777777,0.2263888888888889,0.3388888888888889
334,720,0.04763573393562988,-0.10196815429311519,-0.09694169025880506,192,7.762070446612293e-05,0.06997918337583542,240417,2.4828593850135805,0.2111111111111111,0.14027777777777778,0.15416666666666667,0.26805555555555555,0.2263888888888889
335,720,0.04720224875681565,0.06963642084753803,0.0721183105173977,276,7.470632168254573e-05,0.06937055289745331,241137,2.496967033545176,0.07222222222222222,0.08333333333333333,0.19305555555555556,0.35,0.3013888888888889
336,720,0.04677270829312862,-0.007773860637008937,-0.007743722329974223,303,8.02333131799868e-05,0.06913822144269943,241857,2.508423749605815,0.2111111111111111,0.12916666666666668,0.19166666666666668,0.2638888888888889,0.20416666666666666
337,720,0.046347076647661155,-0.3299276216514289,-0.28102423017236733,240,7.720094662696889e-05,0.0702589601278305,242577,2.5153817494710284,0.4041666666666667,0.05277777777777778,0.09305555555555556,0.10972222222222222,0.3402777777777778
338,720,0.045925318250167435,-0.43618926770845784,-0.35350464633887124,246,8.201814691043789e-05,0.0691797137260437,243297,2.5228198647499083,0.07777777777777778,0.034722222222222224,0.19027777777777777,0.21666666666666667,0.48055555555555557
339,720,0.045507397854090914,0.035024035587517065,0.03564460082691401,225,7.903519864890363e-05,0.06838405877351761,244017,2.5292659838994345,0.23333333333333334,0.0375,0.2,0.24722222222222223,0.28194444444444444
340,720,0.04509328053361869,0.2131630600119333,0.23758643565063697,269,7.453617902228871e-05,0.06686179339885712,244737,2.5359986821810403,0.19722222222222222,0.13055555555555556,0.16527777777777777,0.21666666666666667,0.2902777777777778
341,720,0.04468293168076276,0.11620705100038549,0.12322841362515424,183,7.990204530617322e-05,0.06713324040174484,245457,2.548622401555379,0.19722222222222222,0.06944444444444445,0.09166666666666666,0.3486111111111111,0.29305555555555557
342,720,0.04427631700246782,0.2720330961886322,0.31263044365698445,178,7.696000440470622e-05,0.06621120870113373,246177,2.5558709661165873,0.21805555555555556,0.07361111111111111,0.16666666666666666,0.42083333333333334,0.12083333333333333
343,720,0.043873402517745366,-0.07500079548514187,-0.07225725167731123,178,7.560138881091108e-05,0.06554991006851196,246897,2.5624727805455527,0.35138888888888886,0.2375,0.1361111111111111,0.16805555555555557,0.10694444444444444
344,720,0.04347415455483388,0.15576834979670323,0.16855547562055118,186,7.720597048369706e-05,0.06492318212985992,247617,2.568884066740672,0.19722222222222222,0.10138888888888889,0.15833333333333333,0.35833333333333334,0.18472222222222223
345,720,0.043078539748384895,-0.13509759622564516,-0.12636935552628625,251,7.11124747403523e-05,0.06469055265188217,248337,2.5754213968912762,0.40555555555555556,0.11388888888888889,0.125,0.09861111111111111,0.2569444444444444
346,720,0.04268652503667459,-0.016854613958983963,-0.01671336960612435,194,6.57770153540898e-05,0.06407642364501953,249057,2.5818790475527447,0.1625,0.05138888888888889,0.16805555555555557,0.35138888888888886,0.26666666666666666
347,720,0.04229807765884085,0.36664640743184723,0.44288763455981894,242,6.926072668167964e-05,0.06338001787662506,249777,2.5893349687258405,0.15416666666666667,0.13194444444444445,0.2375,0.25277777777777777,0.22361111111111112
348,720,0.0419131651521454,0.2145719456044031,0.2393312822052256,277,7.22364826477436e-05,0.0629299134016037,250497,2.5983552813529966,0.07083333333333333,0.33194444444444443,0.15138888888888888,0.1736111111111111,0.2722222222222222
349,720,0.04153175534926088,-0.3712186296104726,-0.31010690598889157,305,7.076369703958739e-05,0.062003519386053085,251217,2.604818530877431,0.21666666666666667,0.12083333333333333,0.18472222222222223,0.1875,0.2902777777777778
350,720,0.04115381637558261,0.05080011668506577,0.05211257251542034,244,6.970218230940696e-05,0.061237312853336334,251937,2.612062482039134,0.058333333333333334,0.11388888888888889,0.20833333333333334,0.2986111111111111,0.32083333333333336
351,720,0.040779316646564805,-0.027984898140899477,-0.027596948215763306,147,6.851403002075231e-05,0.06116221845149994,252657,2.626526351769765,0.2875,0.08888888888888889,0.15,0.15833333333333333,0.31527777777777777
352,720,0.04040822486508106,0.8399726118903271,1.3163035367370424,232,6.859134335602195e-05,0.06020315736532211,253377,2.6356783151626586,0.2847222222222222,0.04861111111111111,0.18611111111111112,0.25,0.23055555555555557
353,720,0.040040510018808824,-0.7582998845725772,-0.5315378098297037,291,7.351257572357402e-05,0.06095117703080177,254097,2.6435678799947104,0.16111111111111112,0.15555555555555556,0.125,0.22083333333333333,0.3375
354,720,0.03967614137763766,0.028505313411683476,0.02891547787152038,275,6.75311432751692e-05,0.060634795576334,254817,2.650254436333974,0.08055555555555556,0.08472222222222223,0.3055555555555556,0.325,0.20416666666666666
355,720,0.03931508849110116,0.03368450649988519,0.03425825349324496,177,6.929596840892474e-05,0.0595589205622673,255537,2.657117482026418,0.17222222222222222,0.06111111111111111,0.14722222222222223,0.32916666666666666,0.2902777777777778
356,720,0.03895732118583214,-0.14506316043560677,-0.13503234034874512,228,6.575392557503315e-05,0.05898909270763397,256257,2.6635773817698163,0.17777777777777778,0.19166666666666668,0.13333333333333333,0.18888888888888888,0.30833333333333335
357,720,0.03860280956304107,-0.16726118673619594,-0.15402137591674114,267,7.08506734794254e-05,0.05922454595565796,256977,2.6703922311464945,0.08888888888888889,0.22777777777777777,0.1527777777777778,0.1486111111111111,0.3819444444444444
358,720,0.038251523996017396,-0.1273521130020496,-0.11957639058846292,151,6.513788496754892e-05,0.05847176909446716,257697,2.6767890493075055,0.17777777777777778,0.08194444444444444,0.16805555555555557,0.3736111111111111,0.1986111111111111
359,720,0.03790343512765364,-0.04827489827825632,-0.047128191749097326,184,6.228254524734844e-05,0.05748346820473671,258417,2.6831554333368937,0.30972222222222223,0.08333333333333333,0.16527777777777777,0.25277777777777777,0.18888888888888888
360,720,0.037558513867991986,-0.2360466407046644,-0.21025616113534729,170,6.317825398001433e-05,0.056633710861206055,259137,2.692097016175588,0.1597222222222222,0.17916666666666667,0.1361111111111111,0.1597222222222222,0.36527777777777776
361,720,0.03721673139179326,0.20633435497682265,0.22916411243516865,180,6.494916231834699e-05,0.05681949108839035,259857,2.710567136605581,0.24305555555555555,0.06388888888888888,0.1486111111111111,0.36666666666666664,0.17777777777777778
362,720,0.03687805913612794,-0.1293573140957937,-0.12134004813804367,246,7.039756094273899e-05,0.05755377560853958,260577,2.720854167143504,0.3416666666666667,0.0763888888888889,0.08333333333333333,0.20416666666666666,0.29444444444444445
363,720,0.036542468797989176,-0.13029404188737603,-0.12216272796062011,170,6.408885287404095e-05,0.05736095458269119,261297,2.7286237835884095,0.17222222222222222,0.044444444444444446,0.1875,0.30972222222222223,0.2861111111111111
364,720,0.03620993233192747,0.20468170979272543,0.22713441792867894,209,6.37386399653729e-05,0.05665047466754913,262017,2.7356858690579733,0.15694444444444444,0.18055555555555555,0.14583333333333334,0.175,0.3416666666666667
365,720,0.03588042194770693,0.12906552364780516,0.13776467221503763,174,5.836431990928759e-05,0.056988395750522614,262737,2.7424774169921875,0.33055555555555555,0.04722222222222222,0.11944444444444445,0.26805555555555555,0.23472222222222222
366,720,0.0355539101079828,0.045465487930405044,0.046514886596101146,115,6.382415492554275e-05,0.056335948407649994,263457,2.750298015276591,0.5305555555555556,0.13333333333333333,0.041666666666666664,0.2611111111111111,0.03333333333333333
367,720,0.03523036952600015,-0.12079151497231182,-0.113781296335009,138,6.016108302952085e-05,0.05621028691530228,264177,2.758871618906657,0.125,0.08333333333333333,0.3111111111111111,0.325,0.15555555555555556
368,720,0.03490977316331355,0.0790481505520666,0.08225643206042332,160,5.841439210219808e-05,0.05632975697517395,264897,2.769056816895803,0.0875,0.06388888888888888,0.23472222222222222,0.2902777777777778,0.3236111111111111
369,720,0.0345920942275274,-0.22860659046869233,-0.2043585151143128,126,6.161172509185538e-05,0.055545322597026825,265617,2.779334219296773,0.09861111111111111,0.25555555555555554,0.16111111111111112,0.16666666666666666,0.31805555555555554
370,720,0.0342773061700569,-0.11376824700760925,-0.10753523670313692,154,6.268354539745107e-05,0.05527695268392563,266337,2.7887638330459597,0.3263888888888889,0.06805555555555555,0.10277777777777777,0.2111111111111111,0.2916666666666667
371,720,0.03396538268390938,0.32523874869693675,0.3843611209426643,186,6.131638817426695e-05,0.054609376937150955,267057,2.806539515654246,0.3,0.14166666666666666,0.07777777777777778,0.3,0.18055555555555555
372,720,0.03365629770148581,-0.14362610463535797,-0.1337884399933741,172,6.232942230200125e-05,0.05436130613088608,267777,2.8147629340489706,0.2611111111111111,0.044444444444444446,0.14444444444444443,0.35694444444444445,0.19305555555555556
373,720,0.03335002539240229,0.2756156375091217,0.31734143007302973,149,6.282085562740274e-05,0.05440821126103401,268497,2.821490196386973,0.33194444444444443,0.04583333333333333,0.12916666666666668,0.2125,0.28055555555555556
374,720,0.03304654016133143,-0.029068422691220935,-0.028650000188318425,240,6.0583984717747324e-05,0.05452622473239899,269217,2.82853133281072,0.16805555555555557,0.044444444444444446,0.24444444444444444,0.35833333333333334,0.18472222222222223
375,720,0.03274581664586331,0.31059242556561656,0.3642330813331751,175,6.171591219931038e-05,0.05368407815694809,269937,2.836736849943797,0.14305555555555555,0.04583333333333333,0.20416666666666666,0.2125,0.39444444444444443
376,720,0.03244782971438596,-0.48511478157811905,-0.38437346987591114,168,6.23398664124074e-05,0.05405201017856598,270657,2.846099932988485,0.15416666666666667,0.09583333333333334,0.28194444444444444,0.24166666666666667,0.2263888888888889
377,720,0.032152554463985045,0.19285536615331716,0.21270738230062203,137,6.385415026165397e-05,0.05370582640171051,271377,2.8528331677118937,0.05138888888888889,0.015277777777777777,0.14305555555555555,0.06944444444444445,0.7208333333333333
378,720,0.03185996621836278,0.19488857725540354,0.21517558074785792,164,7.390410052923673e-05,0.052672941237688065,272097,2.8605298320452373,0.2638888888888889,0.12361111111111112,0.16527777777777777,0.17777777777777778,0.26944444444444443
379,720,0.03157004052577568,0.1704486655840424,0.18583677613300797,137,7.185249481330578e-05,0.052854493260383606,272817,2.869012467066447,0.22361111111111112,0.23472222222222222,0.1125,0.24722222222222223,0.18194444444444444
380,720,0.031282753156991125,-0.052255786758121404,-0.050913927857193175,151,7.231560795162295e-05,0.0530509427189827,273537,2.8771281838417053,0.19583333333333333,0.08888888888888889,0.10138888888888889,0.2,0.41388888888888886
381,720,0.030998080103262507,-0.20742577389824882,-0.1873264388751268,97,6.516600790291704e-05,0.054430052638053894,274257,2.891132148106893,0.02638888888888889,0.03611111111111111,0.12222222222222222,0.06944444444444445,0.7458333333333333
382,720,0.030715997574322817,0.3739910098927034,0.45352408306065084,140,7.308075331088225e-05,0.05438222736120224,274977,2.8982489307721457,0.1,0.05555555555555555,0.29444444444444445,0.19583333333333333,0.3541666666666667
383,720,0.03043648199639648,0.05209508781104393,0.053475910469227284,254,7.80341036854932e-05,0.05312005430459976,275697,2.9049496690432233,0.2652777777777778,0.10555555555555556,0.3194444444444444,0.11388888888888889,0.19583333333333333
384,720,0.030159510010229273,0.17490187681554747,0.1911293334746853,260,7.226222189350058e-05,0.052868589758872986,276417,2.9125620841979982,0.11388888888888889,0.09027777777777778,0.12638888888888888,0.33611111111111114,0.3333333333333333
385,720,0.029885058469136187,-0.14234695693329197,-0.13267971850879423,151,7.173240528572933e-05,0.052900463342666626,277137,2.919338317712148,0.23333333333333334,0.02361111111111111,0.14722222222222223,0.3680555555555556,0.22777777777777777
386,720,0.029613104437067047,0.10293368856307719,0.10841790585493283,143,7.15682107107164e-05,0.05217903479933739,277857,2.9268502831459045,0.1,0.043055555555555555,0.24027777777777778,0.13055555555555556,0.4861111111111111
387,720,0.029343625186689738,0.3707880675310826,0.44887597698298576,123,7.088824961177427e-05,0.05206259340047836,278577,2.9339627305666607,0.10555555555555556,0.08333333333333333,0.14027777777777778,0.16527777777777777,0.5055555555555555
388,720,0.029076598197490863,-0.09107641353557165,-0.08705205334656285,183,6.981005812778878e-05,0.05362410098314285,279297,2.9405513167381288,0.29444444444444445,0.041666666666666664,0.1,0.10416666666666667,0.4597222222222222
389,720,0.028812001153893697,-0.36085286648538106,-0.302918445018901,169,7.419839920051648e-05,0.05365126207470894,280017,2.9474840998649596,0.20972222222222223,0.07916666666666666,0.14166666666666666,0.18194444444444444,0.3875
390,720,0.028549811943393264,0.17962691168699854,0.19677077862841919,235,7.559645851718718e-05,0.05354888737201691,280737,2.9545360366503397,0.1111111111111111,0.14722222222222223,0.24444444444444444,0.15138888888888888,0.3458333333333333
391,720,0.028290008654708387,0.12163364486108716,0.12934028636575134,166,7.42101109608484e-05,0.05277273431420326,281457,2.966855835914612,0.26944444444444443,0.059722222222222225,0.15555555555555556,0.18888888888888888,0.3263888888888889
392,720,0.02803256957595054,0.23543190536043243,0.2654552076070078,225,7.297185675396476e-05,0.053172849118709564,282177,2.973196864128113,0.2972222222222222,0.09722222222222222,0.10972222222222222,0.13194444444444445,0.3638888888888889
393,720,0.02777747319280939,0.10421101530323995,0.10983462229763519,184,7.195286601699991e-05,0.0526527464389801,282897,2.979658301671346,0.17083333333333334,0.09166666666666666,0.14722222222222223,0.2708333333333333,0.3194444444444444
394,720,0.027524698186754824,0.10794498178654517,0.1139864541558977,152,7.189758982172458e-05,0.05239560827612877,283617,2.986093334356944,0.08055555555555556,0.1,0.15833333333333333,0.28055555555555556,0.38055555555555554
395,720,0.027274223433255355,-0.09354893473737746,-0.08930654820909067,145,7.372642663136098e-05,0.052646636962890625,284337,2.9925021648406984,0.2777777777777778,0.1125,0.15138888888888888,0.1763888888888889,0.28194444444444444
396,720,0.027026028000012733,0.15179938177061766,0.1639267080925655,158,6.99662238541047e-05,0.052153315395116806,285057,2.9988635023434957,0.3458333333333333,0.07777777777777778,0.13333333333333333,0.1527777777777778,0.2902777777777778
397,720,0.02678009114521262,-0.4774941880629278,-0.37966410906113857,137,7.051143892719361e-05,0.05250328779220581,285777,3.0060666680335997,0.041666666666666664,0.08611111111111111,0.11527777777777778,0.13055555555555556,0.6263888888888889
398,720,0.026536392315791184,-0.29318442509943615,-0.2541154318239566,105,7.705286304826586e-05,0.05207931995391846,286497,3.0139294346173604,0.15694444444444444,0.03333333333333333,0.2388888888888889,0.044444444444444446,0.5263888888888889
399,720,0.026294911145717484,-0.4721505224586234,-0.37634036892874756,104,7.039320741265934e-05,0.052984561771154404,287217,3.020501414934794,0.041666666666666664,0.05138888888888889,0.10416666666666667,0.1638888888888889,0.6388888888888888
400,720,0.026055627454291456,0.17406174146481437,0.19012904386250362,231,7.436160610723164e-05,0.053063131868839264,287937,3.026934830347697,0.13194444444444445,0.05694444444444444,0.1375,0.14444444444444443,0.5291666666666667
401,720,0.025818521244457403,-0.02035690255482928,-0.020151099682838902,139,7.468146254596933e-05,0.05284266918897629,288657,3.03925580183665,0.23194444444444445,0.06666666666666667,0.19305555555555556,0.26805555555555555,0.24027777777777778
402,720,0.02558357270113284,0.1626940499939072,0.17667663038896952,149,7.1965803385865e-05,0.053069356828927994,289377,3.0456510345141092,0.17083333333333334,0.07083333333333333,0.26944444444444443,0.16944444444444445,0.3194444444444444
403,720,0.025350762189552532,-0.02323398520004507,-0.022966154434461816,148,7.010702429902773e-05,0.0528092160820961,290097,3.0535884499549866,0.275,0.15138888888888888,0.13194444444444445,0.14444444444444443,0.2972222222222222
404,720,0.025120070253627603,0.09226532341971325,0.09665575193821074,123,7.468339193666099e-05,0.05231144279241562,290817,3.0606732964515686,0.2652777777777778,0.05555555555555555,0.18055555555555555,0.2722222222222222,0.2263888888888889
405,720,0.02489147761431959,0.1434338779049531,0.15423048814578566,127,7.445552672985893e-05,0.052320465445518494,291537,3.0670284986495973,0.3625,0.21805555555555556,0.06666666666666667,0.11527777777777778,0.2375
406,720,0.024664965168029282,-0.2293563971267852,-0.2049548687942161,143,7.31962380592045e-05,0.054291900247335434,292257,3.073568518956502,0.4,0.16527777777777777,0.09583333333333334,0.06388888888888888,0.275
407,720,0.024440513985000214,-0.06278529303523547,-0.06085490696378171,160,8.16271785071068e-05,0.05391349643468857,292977,3.0799641648928326,0.10416666666666667,0.12083333333333333,0.10833333333333334,0.24166666666666667,0.425
408,720,0.02421810530773671,-0.002568191321466965,-0.002564896339454892,124,8.30334010667381e-05,0.0531756617128849,293697,3.086326082547506,0.06805555555555555,0.07083333333333333,0.17777777777777778,0.29583333333333334,0.3875
409,720,0.023997720549436306,-0.16549426850247692,-0.15252527950973715,98,7.228791402364247e-05,0.05447206646203995,294417,3.0943029522895813,0.1875,0.0875,0.175,0.3111111111111111,0.2388888888888889
410,720,0.023779341292436435,-0.4187920388871343,-0.34215901361267453,115,7.717877297434623e-05,0.05366275832056999,295137,3.100994598865509,0.08888888888888889,0.04722222222222222,0.11805555555555555,0.18333333333333332,0.5625
411,720,0.023562949286675263,-0.12223634299464717,-0.11506080539412566,171,7.274455619557962e-05,0.054474957287311554,295857,3.113498032093048,0.03194444444444444,0.09861111111111111,0.12222222222222222,0.14444444444444443,0.6027777777777777
412,720,0.02334852644816652,-0.16004466252174782,-0.14789426907440373,153,8.227020285858088e-05,0.054624952375888824,296577,3.120265165964762,0.2611111111111111,0.05416666666666667,0.16666666666666666,0.175,0.34305555555555556
413,720,0.023136054857488205,0.02838321227982271,0.028789853796659548,168,8.541712815915363e-05,0.053661175072193146,297297,3.1266422510147094,0.3416666666666667,0.14027777777777778,0.075,0.06944444444444445,0.3736111111111111
414,720,0.022925516758285063,-0.030252113961150375,-0.0297990984801646,174,8.663706322901514e-05,0.05280792713165283,298017,3.133054482936859,0.2625,0.14583333333333334,0.0763888888888889,0.15694444444444444,0.35833333333333334
415,720,0.02271689455578467,-0.05062825325677083,-0.04936800079631998,205,8.460651875389482e-05,0.05369238555431366,298737,3.1394931356112163,0.17777777777777778,0.08888888888888889,0.35694444444444445,0.15833333333333333,0.21805555555555556
416,720,0.022510170815327028,-0.41155952106578264,-0.3373839197945818,69,8.501771152774988e-05,0.05269043147563934,299457,3.147244330247243,0.30277777777777776,0.07361111111111111,0.17777777777777778,0.09166666666666666,0.3541666666666667
417,720,0.022305328260907552,0.17655139111836757,0.1930957397084978,218,8.441932408737153e-05,0.052473556250333786,300177,3.153711748123169,0.34444444444444444,0.14027777777777778,0.15555555555555556,0.15555555555555556,0.20416666666666666
418,720,0.022102349773733293,0.8113541211505046,1.2509539882877827,253,8.694181489722218e-05,0.05260014906525612,300897,3.1601555665334065,0.20972222222222223,0.029166666666666667,0.175,0.15555555555555556,0.4305555555555556
419,720,0.02190121839079232,-0.09840520889189983,-0.09371840402049736,88,9.371309064994824e-05,0.05120296776294708,301617,3.166570564111074,0.1875,0.03888888888888889,0.1125,0.05,0.6111111111111112
420,720,0.021701917303436107,-0.1546071904310317,-0.1432483483588527,126,8.839315474031334e-05,0.05184967443346977,302337,3.17334406375885,0.17222222222222222,0.06944444444444445,0.15,0.22083333333333333,0.3875
421,720,0.021504429855974838,0.15724767691520797,0.17028543069435464,91,9.166277945193239e-05,0.05122596025466919,303057,3.1861687819163005,0.46944444444444444,0.04027777777777778,0.044444444444444446,0.016666666666666666,0.42916666666666664
422,720,0.021308739544285468,-0.07559740739884237,-0.0728105889735845,105,9.14705616474344e-05,0.05095968022942543,303777,3.1926586667696637,0.20277777777777778,0.09027777777777778,0.08194444444444444,0.24722222222222223,0.37777777777777777
423,720,0.02111483001443247,0.761514468114661,1.1415170250812734,150,9.020449195102426e-05,0.05153840035200119,304497,3.1990293820699054,0.22777777777777777,0.029166666666666667,0.3680555555555556,0.0375,0.3375
424,720,0.020922685061301134,0.09118697121365786,0.09547380817919038,185,9.457875761300884e-05,0.05162982642650604,305217,3.205515515804291,0.55,0.04583333333333333,0.12361111111111112,0.06111111111111111,0.21944444444444444
425,720,0.020732288627243294,0.22094470598307933,0.2472544629479576,191,8.843676923788734e-05,0.051262784749269485,305937,3.2120858510335286,0.24305555555555555,0.0625,0.20694444444444443,0.2375,0.25
426,720,0.02054362480073538,0.038560866152004776,0.03931398547587528,172,9.777589880033904e-05,0.05101487785577774,306657,3.218499465783437,0.37083333333333335,0.07222222222222222,0.19027777777777777,0.17916666666666667,0.1875
427,720,0.02035667781504869,-0.19818517412477382,-0.17978204406756437,172,9.620405768752486e-05,0.05175317823886871,307377,3.224860731760661,0.21805555555555556,0.025,0.11388888888888889,0.09027777777777778,0.5527777777777778
428,720,0.020171432046931746,0.4564438028952614,0.5784507103381242,182,9.969897603494044e-05,0.050950437784194946,308097,3.2312331477801006,0.16527777777777777,0.044444444444444446,0.09722222222222222,0.05555555555555555,0.6375
429,720,0.019987872015304668,0.04024377341253286,0.04106452711446429,251,0.00010060783884000558,0.05123879015445709,308817,3.2375452518463135,0.24166666666666667,0.08333333333333333,0.18888888888888888,0.25972222222222224,0.2263888888888889
430,720,0.019805982379965396,-0.152227720439766,-0.1412073061775072,146,0.0001043368354178003,0.05071602016687393,309537,3.244772565364838,0.30277777777777776,0.05277777777777778,0.24583333333333332,0.12222222222222222,0.2763888888888889
431,720,0.01962574794030771,-0.21184904743494076,-0.19091317792008822,265,0.00010517493471979833,0.0508161224424839,310257,3.2571714162826537,0.26944444444444443,0.08472222222222223,0.25555555555555554,0.19444444444444445,0.19583333333333333
432,720,0.01944715363405091,0.10043740112927695,0.10565442681918524,206,9.817662812565686e-05,0.05012046918272972,310977,3.263573900858561,0.3902777777777778,0.07083333333333333,0.23194444444444445,0.125,0.18194444444444444
433,720,0.019270184535981047,0.22301304512971581,0.2498368779138347,181,9.534155891641503e-05,0.05026305466890335,311697,3.2698734998703003,0.3388888888888889,0.08472222222222223,0.15416666666666667,0.04027777777777778,0.3819444444444444
434,720,0.01909482585670362,0.4306089954529239,0.5381939915135159,108,9.033027841572523e-05,0.050232212990522385,312417,3.2761141498883566,0.008333333333333333,0.006944444444444444,0.11805555555555555,0.18472222222222223,0.6819444444444445
435,720,0.018921062941407617,-0.40308011922017517,-0.33174144317574905,116,9.328935436517187e-05,0.051668211817741394,313137,3.282515033086141,0.006944444444444444,0.020833333333333332,0.10972222222222222,0.27361111111111114,0.5888888888888889
436,720,0.01874888126864081,0.1998305120969703,0.22119576271004382,200,9.450408165321278e-05,0.051261164247989655,313857,3.289068067073822,0.19166666666666668,0.05138888888888889,0.2361111111111111,0.24444444444444444,0.2763888888888889
437,720,0.018578266449096176,0.27774504622106133,0.3201495771761771,126,9.788271231375095e-05,0.05170265585184097,314577,3.2953813155492147,0.17777777777777778,0.05,0.16666666666666666,0.12361111111111112,0.48194444444444445
438,720,0.018409204224409403,0.08072186455753967,0.08406933652686321,208,8.973716025164119e-05,0.0518539696931839,315297,3.3016835331916807,0.05138888888888889,0.04861111111111111,0.2638888888888889,0.25277777777777777,0.38333333333333336
439,720,0.01824168046596728,-0.12984348790295866,-0.12176712576665161,135,9.536265298493163e-05,0.05213742330670357,316017,3.308008551597595,0.13194444444444445,0.06111111111111111,0.23472222222222222,0.24722222222222223,0.325
440,720,0.018075681173726977,-6.185624252805482e-05,-6.185432947092284e-05,172,9.557222207755937e-05,0.051504798233509064,316737,3.314308683077494,0.1486111111111111,0.0375,0.2513888888888889,0.2013888888888889,0.3611111111111111
441,720,0.01791119247504606,0.5071227946068355,0.6605066964316957,267,9.406183658913707e-05,0.0521416962146759,317457,3.326470200220744,0.1111111111111111,0.030555555555555555,0.2569444444444444,0.10972222222222222,0.49166666666666664
442,720,0.01774820062352314,-0.18563027618246022,-0.16941937634051807,194,9.447963638851636e-05,0.05190282315015793,318177,3.332788681983948,0.15833333333333333,0.1361111111111111,0.33055555555555555,0.1638888888888889,0.2111111111111111
443,720,0.017586691997849083,-0.3774176792173744,-0.3143703591701752,150,9.09852514850071e-05,0.05135350674390793,318897,3.339512066046397,0.225,0.05555555555555555,0.22083333333333333,0.15833333333333333,0.3402777777777778
444,720,0.017426653100668658,0.0972650641328006,0.1021524759966359,181,8.922742484476961e-05,0.051896028220653534,319617,3.346402951081594,0.28055555555555556,0.04583333333333333,0.22777777777777777,0.06944444444444445,0.3763888888888889
445,720,0.017268070557452574,0.0493543605965856,0.0505925733966881,151,9.382140906129481e-05,0.05228382721543312,320337,3.3528520822525025,0.40555555555555556,0.06527777777777778,0.06666666666666667,0.12222222222222222,0.3402777777777778
446,720,0.017110931115379754,-0.21611478894027428,-0.19435718231978094,199,8.926868202302608e-05,0.052845299243927,321057,3.359147334098816,0.43472222222222223,0.04583333333333333,0.21666666666666667,0.07083333333333333,0.23194444444444445
447,720,0.016955221642229797,0.06774189646506272,0.07008907905840944,92,8.19460941809464e-05,0.05434100329875946,321777,3.365592034657796,0.2916666666666667,0.02638888888888889,0.2111111111111111,0.044444444444444446,0.4263888888888889
448,720,0.016800929125285507,0.01843993509201253,0.018611000556044477,91,7.830774455644334e-05,0.05346589908003807,322497,3.3721367994944256,0.14444444444444443,0.009722222222222222,0.2847222222222222,0.22361111111111112,0.3375
449,720,0.016648040670245407,0.23728376634216483,0.267800825939305,197,8.369921276249038e-05,0.053176019340753555,323217,3.3790384332338967,0.19166666666666668,0.05277777777777778,0.2791666666666667,0.19722222222222222,0.2791666666666667
450,720,0.016496543500146173,0.16517465258960062,0.17959912076260487,193,8.387243349387872e-05,0.05180300027132034,323937,3.385483916600545,0.2847222222222222,0.11388888888888889,0.2263888888888889,0.12916666666666668,0.24583333333333332
451,720,0.016346424954294843,-0.1421453567278923,-0.13250484893562064,153,8.081858191594114e-05,0.05186872184276581,324657,3.397685186068217,0.1375,0.011111111111111112,0.4,0.06666666666666667,0.38472222222222224
452,720,0.01619767248721076,0.1391619205955848,0.14931018192711742,129,8.220851052935056e-05,0.05251453444361687,325377,3.40399036804835,0.12361111111111112,0.016666666666666666,0.15138888888888888,0.058333333333333334,0.65
453,720,0.016050273667577143,-0.1397286067346073,-0.13040579461200585,193,8.190808989133479e-05,0.05215802788734436,326097,3.410350783665975,0.4152777777777778,0.043055555555555555,0.11805555555555555,0.16944444444444445,0.25416666666666665
454,720,0.015904216177202193,0.1552703336963047,0.1679736610680167,257,7.941716547748001e-05,0.05191982537508011,326817,3.416787866751353,0.375,0.13333333333333333,0.2125,0.12638888888888888,0.1527777777777778
455,720,0.015759487809989654,0.06668390096083603,0.06895752831699409,204,8.061139128838275e-05,0.05255044996738434,327537,3.4241326967875163,0.275,0.034722222222222224,0.2652777777777778,0.1597222222222222,0.2652777777777778
456,720,0.015616076470918748,-0.23168904996172662,-0.2068072717270012,163,8.07651294684951e-05,0.054378170520067215,328257,3.430668314297994,0.22361111111111112,0.2611111111111111,0.2861111111111111,0.05,0.17916666666666667
457,720,0.015473970175033387,-0.11479073031955889,-0.1084473006655603,226,8.387413763304923e-05,0.05422288551926613,328977,3.437104519208272,0.10833333333333334,0.1763888888888889,0.2611111111111111,0.05138888888888889,0.4027777777777778
458,720,0.015333157046440584,0.30146024596784565,0.3518313733220064,215,7.59338405512406e-05,0.05415628105401993,329697,3.443521785736084,0.16111111111111112,0.018055555555555554,0.3611111111111111,0.1625,0.2972222222222222
459,720,0.015193625317317975,0.039461929078329856,0.040250894820747396,162,8.08764312953119e-05,0.053598180413246155,330417,3.4499839504559833,0.2777777777777778,0.005555555555555556,0.2125,0.26666666666666666,0.2375
460,720,0.01505536332693038,0.36149194412084035,0.4354694579692544,226,8.351126577458167e-05,0.0538066066801548,331137,3.456705848375956,0.18055555555555555,0.0875,0.3527777777777778,0.1736111111111111,0.20555555555555555
461,720,0.014918359520655315,0.048719025604707325,0.04992530716384369,169,8.153542011213075e-05,0.053157322108745575,331857,3.4690152486165364,0.3611111111111111,0.05416666666666667,0.1638888888888889,0.22916666666666666,0.19166666666666668
462,720,0.014782602449017352,-0.3333630041408433,-0.2834899491734033,206,8.08570173553057e-05,0.05322972685098648,332577,3.4754331986109417,0.23194444444444445,0.030555555555555555,0.1736111111111111,0.21666666666666667,0.3472222222222222
463,720,0.014648080766731294,-0.5321918816774186,-0.4126837698716542,145,8.140387751988479e-05,0.05329596996307373,333297,3.4818515181541443,0.13472222222222222,0.02638888888888889,0.09166666666666666,0.1763888888888889,0.5708333333333333
464,720,0.01451478323175404,0.158517783210564,0.17177276192167668,106,8.504762198147849e-05,0.05371072143316269,334017,3.4888416171073913,0.35833333333333334,0.1388888888888889,0.3416666666666667,0.044444444444444446,0.11666666666666667
465,720,0.014382698704345078,-0.08281885389871924,-0.07948211965667296,189,7.939431616755933e-05,0.054388657212257385,334737,3.4953138987223307,0.15555555555555556,0.018055555555555554,0.22083333333333333,0.18055555555555555,0.425
466,720,0.014251816146135538,0.3028935251835124,0.3537703143224644,179,8.246479684051641e-05,0.05500003695487976,335457,3.5019249161084494,0.08611111111111111,0.09444444444444444,0.4847222222222222,0.044444444444444446,0.2902777777777778
467,720,0.014122124619205706,-0.23245533070794397,-0.20741484722628256,135,8.0088868897595e-05,0.05430346727371216,336177,3.5083131988843284,0.2722222222222222,0.044444444444444446,0.2111111111111111,0.25555555555555554,0.21666666666666667
468,720,0.013993613285170934,0.06327292308631828,0.06531754931222089,198,7.939644812419526e-05,0.053053587675094604,336897,3.5155749678611756,0.2777777777777778,0.043055555555555555,0.22361111111111112,0.12083333333333333,0.3347222222222222
469,720,0.013866271404275878,-0.07563293617120379,-0.07284353028991852,131,7.81635664477815e-05,0.05357340723276138,337617,3.522870051860809,0.19027777777777777,0.0625,0.2125,0.22083333333333333,0.3138888888888889
470,720,0.013740088334496968,0.19305247651039364,0.21294644304567645,120,7.321743431071405e-05,0.053460218012332916,338337,3.529814898967743,0.3597222222222222,0.058333333333333334,0.18333333333333332,0.23194444444444445,0.16666666666666666
471,720,0.013615053530653046,0.12858038289912416,0.13721283008151586,195,7.374456580717176e-05,0.052535366266965866,339057,3.5424583355585733,0.08472222222222223,0.05,0.2152777777777778,0.1625,0.4875
472,720,0.013491156543524103,0.24870618936477282,0.2823652051789751,131,7.410406717427678e-05,0.051969803869724274,339777,3.5489532510439554,0.0875,0.02638888888888889,0.3194444444444444,0.09166666666666666,0.475
473,720,0.013368387018978033,0.1426310165064806,0.1533041729430269,293,7.714676492898636e-05,0.05207577347755432,340497,3.5554778854052227,0.24861111111111112,0.2152777777777778,0.2111111111111111,0.030555555555555555,0.29444444444444445
474,720,0.013246734697105333,0.3239005339642621,0.38250978751239906,157,7.631744522061329e-05,0.051844850182533264,341217,3.561831851800283,0.19444444444444445,0.041666666666666664,0.3013888888888889,0.18888888888888888,0.27361111111111114
475,720,0.013126189411361674,0.03392745757889246,0.034509558178040134,129,7.933479479460301e-05,0.05152161419391632,341937,3.5682575662930804,0.13472222222222222,0.020833333333333332,0.2125,0.04583333333333333,0.5861111111111111
476,720,0.013006741087718283,-0.08167439835337294,-0.0784280247966227,155,8.049109416232467e-05,0.05165555328130722,342657,3.5747783819834393,0.18472222222222223,0.03333333333333333,0.23472222222222222,0.17777777777777778,0.36944444444444446
477,720,0.012888379743820046,0.05100962475891066,0.05233302168609022,110,8.098862912978197e-05,0.05155269056558609,343377,3.581305416425069,0.25416666666666665,0.04861111111111111,0.21944444444444444,0.33194444444444443,0.14583333333333334
478,720,0.012771095488151283,-0.20228201337178384,-0.18313547126410334,117,7.95648548900216e-05,0.05104047432541847,344097,3.588496200243632,0.12916666666666668,0.044444444444444446,0.2777777777777778,0.22777777777777777,0.32083333333333336
479,720,0.012654878519209106,0.12640452104672578,0.13474110211095747,157,8.128234240353372e-05,0.05123014748096466,344817,3.5958685994148256,0.3263888888888889,0.07361111111111111,0.18194444444444444,0.22083333333333333,0.19722222222222222
480,720,0.012539719124684302,0.0029048302444594446,0.002909053351977553,114,7.590258685089188e-05,0.05069909244775772,345537,3.6023435672124227,0.5597222222222222,0.09166666666666666,0.14583333333333334,0.041666666666666664,0.16111111111111112
481,720,0.012425607680649675,-0.00013094710543073285,-0.0001309385322326717,86,7.175928023267867e-05,0.05010102689266205,346257,3.6151205698649087,0.38333333333333336,0.09583333333333334,0.10972222222222222,0.11805555555555555,0.29305555555555557
482,720,0.012312534650755763,-0.18027036521314935,-0.16495558607220606,86,7.364219169656079e-05,0.04980729520320892,346977,3.6216041326522825,0.3375,0.06666666666666667,0.16805555555555557,0.23472222222222222,0.19305555555555556
483,720,0.012200490585433887,0.2962535640345417,0.3448111093341577,214,6.943057129673333e-05,0.04985024780035019,347697,3.628138518333435,0.08888888888888889,0.020833333333333332,0.35138888888888886,0.22777777777777777,0.3111111111111111
484,720,0.01208946612110644,-0.26443315414873864,-0.2323590392339544,210,7.256643017272937e-05,0.05050268769264221,348417,3.6345629851023356,0.12777777777777777,0.07777777777777778,0.24166666666666667,0.38055555555555554,0.17222222222222222
485,720,0.01197945197940437,0.18788568464296776,0.20669556363056962,151,7.297466096992544e-05,0.04992920160293579,349137,3.640884482860565,0.1597222222222222,0.022222222222222223,0.23194444444444445,0.2125,0.3736111111111111
486,720,0.01187043896639179,0.10114530388390379,0.10643739973524058,123,7.260131135606368e-05,0.049753837287425995,349857,3.647312517960866,0.2708333333333333,0.0625,0.1527777777777778,0.30277777777777776,0.2111111111111111
487,720,0.011762417971797624,-0.22443268938901584,-0.2010306459946145,169,6.977129461852706e-05,0.049348220229148865,350577,3.653617497285207,0.2986111111111111,0.058333333333333334,0.16527777777777777,0.20555555555555555,0.2722222222222222
488,720,0.011655379968254265,-0.27723122935271327,-0.2421207670762876,101,6.130440637864214e-05,0.048532914370298386,351297,3.660362501939138,0.3263888888888889,0.06944444444444445,0.14583333333333334,0.15138888888888888,0.30694444444444446
489,720,0.011549316010543152,0.14489803727912523,0.1559217033371183,129,5.8196449990393577e-05,0.047935232520103455,352017,3.6669660806655884,0.06944444444444445,0.1111111111111111,0.2,0.3972222222222222,0.2222222222222222
490,720,0.011444217234847209,-0.11786660392930631,-0.11118539091661406,108,5.9077731814088316e-05,0.04853557050228119,352737,3.6737085819244384,0.05,0.05694444444444444,0.15694444444444444,0.1763888888888889,0.5597222222222222
491,720,0.011340074858010099,0.057062048311768254,0.05872150023922962,192,6.025043889445038e-05,0.04884624108672142,353457,3.686926551659902,0.475,0.0763888888888889,0.1111111111111111,0.03888888888888889,0.2986111111111111
492,720,0.011236880176802208,-0.03807252709126556,-0.03735687934616816,157,5.884588815787437e-05,0.04837276041507721,354177,3.6951341152191164,0.2361111111111111,0.06527777777777778,0.16527777777777777,0.2361111111111111,0.2972222222222222
493,720,0.011134624567193307,0.05093470797629964,0.05225418723491737,152,5.8083510416256305e-05,0.04915306717157364,354897,3.7018755157788594,0.2777777777777778,0.09722222222222222,0.2013888888888889,0.21805555555555556,0.20555555555555555
494,720,0.011033299483631848,-0.2670523228286833,-0.23436698966750458,141,5.716044644133136e-05,0.048124048858881,355617,3.7083939989407857,0.034722222222222224,0.11527777777777778,0.30972222222222223,0.3888888888888889,0.15138888888888888
495,720,0.010932896458330798,-0.42850880424119725,-0.34852014525684405,147,5.919838618587568e-05,0.04788580164313316,356337,3.715091331799825,0.18333333333333332,0.02361111111111111,0.11666666666666667,0.4152777777777778,0.2611111111111111
496,720,0.010833407100559987,-0.2200257654149728,-0.19750187900099792,131,5.7116102282685055e-05,0.04776494950056076,357057,3.721520467599233,0.5069444444444444,0.12083333333333333,0.0763888888888889,0.18611111111111112,0.10972222222222222
497,720,0.010734823095944892,-0.009549134534157337,-0.009503686327706262,220,5.638756771051905e-05,0.046989940106868744,357777,3.727939550081889,0.1597222222222222,0.18888888888888888,0.38333333333333336,0.043055555555555555,0.225
498,720,0.010637136205771794,-0.12104741623969283,-0.11400805180970996,129,5.340985343688468e-05,0.04805468022823334,358497,3.734437282880147,0.4777777777777778,0.08611111111111111,0.14305555555555555,0.06388888888888888,0.22916666666666666
499,720,0.01054033826629927,-0.011644245775532512,-0.011576713919021486,237,5.042760168407767e-05,0.048006199300289154,359217,3.7409159461657207,0.25416666666666665,0.1375,0.12222222222222222,0.1361111111111111,0.35
500,720,0.010444421188075948,0.03517069120355267,0.03579649506164362,199,5.280552262168688e-05,0.04841838404536247,359937,3.74732160170873,0.3263888888888889,0.16111111111111112,0.14583333333333334,0.14583333333333334,0.22083333333333333
501,720,0.010349376955264456,-0.036855624383111345,-0.03618472327035738,105,5.00692075055061e-05,0.04812569543719292,360657,3.761332297325134,0.10972222222222222,0.08472222222222223,0.1375,0.46111111111111114,0.20694444444444443
502,720,0.01025519762497155,0.24207043922820237,0.27388392105618076,200,5.339132625673907e-05,0.047190528362989426,361377,3.7679393847783405,0.1125,0.2125,0.2111111111111111,0.10694444444444444,0.35694444444444445
503,720,0.010161875326584309,0.30243617499939346,0.3531513087818938,246,5.098573063201507e-05,0.04687618464231491,362097,3.7744441668192548,0.11666666666666667,0.12638888888888888,0.26666666666666666,0.1,0.3902777777777778
504,720,0.010069402261112392,0.0236197186834103,0.02390087347387526,198,5.26753107692457e-05,0.04635627195239067,362817,3.781484965483348,0.38333333333333336,0.10972222222222222,0.13194444444444445,0.07916666666666666,0.29583333333333334
505,720,0.01,0.16160924685045774,0.17540085998648003,178,5.065629229142764e-05,0.04597807303071022,363537,3.7878931005795797,0.1125,0.24444444444444444,0.2611111111111111,0.034722222222222224,0.3472222222222222
506,720,0.01,-0.32008212744943787,-0.2739105972457955,130,5.055888966454505e-05,0.046261753886938095,364257,3.794361333052317,0.02638888888888889,0.07361111111111111,0.18888888888888888,0.041666666666666664,0.6694444444444444
507,720,0.01,0.07597810641776545,0.07893895206002721,119,5.4178189757041964e-05,0.046598393470048904,364977,3.801056516170502,0.3611111111111111,0.0625,0.09444444444444444,0.19722222222222222,0.2847222222222222
508,720,0.01,0.19664343317778551,0.21730991098576857,145,4.983985240743196e-05,0.04596387967467308,365697,3.8075120488802594,0.1361111111111111,0.22361111111111112,0.24166666666666667,0.09861111111111111,0.3
509,720,0.01,-0.09536854165158277,-0.09096214558567017,312,5.3647822243066104e-05,0.04529416933655739,366417,3.813979498545329,0.175,0.17916666666666667,0.2388888888888889,0.1361111111111111,0.2708333333333333
510,720,0.01,-0.5894438863319363,-0.445364360553682,196,5.66396209251252e-05,0.04487743228673935,367137,3.8206507643063863,0.12916666666666668,0.11388888888888889,0.18611111111111112,0.11666666666666667,0.45416666666666666
511,720,0.01,0.07036977538345646,0.07290484171131717,173,5.8934120830953264e-05,0.044221699237823486,367857,3.832973396778107,0.20833333333333334,0.10416666666666667,0.29583333333333334,0.18472222222222223,0.20694444444444443
512,720,0.01,-0.5329837479093048,-0.4131486616713811,171,5.4188627884994076e-05,0.04404702037572861,368577,3.8407013177871705,0.29305555555555557,0.13333333333333333,0.2375,0.1,0.2361111111111111
513,720,0.01,-0.07576522631181044,-0.07296617583708587,108,5.928473023383655e-05,0.04343622177839279,369297,3.8476884643236797,0.25555555555555554,0.11666666666666667,0.15694444444444444,0.2708333333333333,0.2
514,720,0.01,0.10230815067100194,0.10772476527001995,183,5.894081254306608e-05,0.042835138738155365,370017,3.8542921980222067,0.11666666666666667,0.20694444444444443,0.23333333333333334,0.12222222222222222,0.32083333333333336
515,720,0.01,0.04656497129718527,0.04766614508580247,213,5.6700564755374216e-05,0.04371337592601776,370737,3.86085528532664,0.175,0.09166666666666666,0.20555555555555555,0.2388888888888889,0.28888888888888886
516,720,0.01,0.14072482211693835,0.15110784497819485,235,5.7443346383934114e-05,0.04271222651004791,371457,3.8674246311187743,0.36944444444444446,0.1,0.22083333333333333,0.15,0.1597222222222222
517,720,0.01,0.4178017392473402,0.5186195618964851,365,6.370334846097749e-05,0.04313656687736511,372177,3.873831649621328,0.1125,0.21388888888888888,0.33055555555555555,0.05277777777777778,0.2902777777777778
518,720,0.01,0.002815045855252413,0.0028190118174153955,165,6.644600403736453e-05,0.043704159557819366,372897,3.8811052997907,0.19722222222222222,0.09027777777777778,0.16527777777777777,0.28194444444444444,0.2652777777777778
519,720,0.01,0.22570808332307493,0.2532097790424499,227,6.783292813123706e-05,0.043697647750377655,373617,3.887739586830139,0.18055555555555555,0.24027777777777778,0.16527777777777777,0.09444444444444444,0.3194444444444444
520,720,0.01,0.17431681286904926,0.19043265046798075,244,6.596826344523126e-05,0.04683344438672066,374337,3.8940818826357524,0.07083333333333333,0.4625,0.06388888888888888,0.009722222222222222,0.39305555555555555
521,720,0.01,0.010106277032762772,0.010157517923229609,180,6.583776613903562e-05,0.0466044619679451,375057,3.9063435157140094,0.29444444444444445,0.3402777777777778,0.12916666666666668,0.12916666666666668,0.10694444444444444
522,720,0.01,0.39074294870454673,0.47807852257766204,159,6.599009984206026e-05,0.04623539373278618,375777,3.9128208637237547,0.06527777777777778,0.14722222222222223,0.22361111111111112,0.2916666666666667,0.2722222222222222
523,720,0.01,-0.002786269147814562,-0.0027823911025279813,189,6.498658046641341e-05,0.04540646821260452,376497,3.919662833213806,0.1736111111111111,0.12361111111111112,0.24444444444444444,0.16805555555555557,0.2902777777777778
524,720,0.01,-0.08908924627664404,-0.08523606934347516,278,6.989243162757299e-05,0.04570259898900986,377217,3.926621397336324,0.17916666666666667,0.24166666666666667,0.13472222222222222,0.10694444444444444,0.3375
525,720,0.01,0.2980463372846501,0.34722421314508733,269,6.649417779082493e-05,0.04465602710843086,377937,3.933187182744344,0.25555555555555554,0.18888888888888888,0.1638888888888889,0.15694444444444444,0.23472222222222222
526,720,0.01,0.002368524411815997,0.0023713315816069613,163,6.599859731169192e-05,0.04457852244377136,378657,3.93956751426061,0.2013888888888889,0.16666666666666666,0.28888888888888886,0.06527777777777778,0.2777777777777778
527,720,0.01,0.2109101459480803,0.2348013981675654,202,7.001676357276665e-05,0.044479601085186005,379377,3.946109131971995,0.19583333333333333,0.10694444444444444,0.09722222222222222,0.2263888888888889,0.3736111111111111
528,720,0.01,-0.06168104204337426,-0.059817282269682415,396,7.048529089893741e-05,0.044262442737817764,380097,3.9526206175486247,0.15,0.175,0.21388888888888888,0.10694444444444444,0.3541666666666667
529,720,0.01,0.671305178366147,0.9567896141459669,337,7.554936999870026e-05,0.045523129403591156,380817,3.960235385100047,0.3958333333333333,0.1875,0.1597222222222222,0.10694444444444444,0.15
530,720,0.01,0.4735468662024717,0.6056792346261088,414,7.56407127647031e-05,0.04572157561779022,381537,3.9668174346288043,0.19027777777777777,0.16944444444444445,0.16805555555555557,0.20972222222222223,0.2625
531,720,0.01,-0.05651759973026516,-0.05495014827369671,224,7.788516078335305e-05,0.046308718621730804,382257,3.9793219844500225,0.20277777777777778,0.3013888888888889,0.1111111111111111,0.1375,0.24722222222222223
532,720,0.01,0.07723001098172531,0.08029052650292767,449,8.355180260019147e-05,0.046077124774456024,382977,3.985749399662018,0.2513888888888889,0.11666666666666667,0.0875,0.25416666666666665,0.2902777777777778
533,720,0.01,-0.6418261822362034,-0.4736696293052911,259,8.981295857084762e-05,0.045739978551864624,383697,3.9922514001528424,0.2833333333333333,0.09027777777777778,0.07916666666666666,0.24722222222222223,0.3
534,720,0.01,0.035721366483171,0.036367039664173983,373,8.503941431349125e-05,0.046716973185539246,384417,3.9987351655960084,0.49722222222222223,0.10972222222222222,0.09027777777777778,0.10138888888888889,0.2013888888888889
535,720,0.01,-0.14341618094603045,-0.13360658257953684,224,8.591897345190268e-05,0.04750622436404228,385137,4.006112333138784,0.3486111111111111,0.05694444444444444,0.09722222222222222,0.14166666666666666,0.35555555555555557
536,720,0.01,-0.054283393153686674,-0.0528363512294292,258,8.521938566951172e-05,0.047870855778455734,385857,4.013221518198649,0.16666666666666666,0.16111111111111112,0.11805555555555555,0.2263888888888889,0.3277777777777778
537,720,0.01,-0.24667688035893412,-0.21860686378570848,429,8.020835474553678e-05,0.048458389937877655,386577,4.019837931791941,0.24722222222222223,0.07222222222222222,0.09861111111111111,0.29305555555555557,0.28888888888888886
538,720,0.01,0.20219444641443532,0.2240860041063335,190,8.124172181472507e-05,0.04828901216387749,387297,4.026326731840769,0.1388888888888889,0.1111111111111111,0.22361111111111112,0.2625,0.2638888888888889
539,720,0.01,0.40371998492569416,0.4973845979893907,225,8.12965861352192e-05,0.04931275546550751,388017,4.032817165056865,0.3597222222222222,0.018055555555555554,0.04722222222222222,0.28055555555555556,0.29444444444444445
540,720,0.01,-0.22826905559888955,-0.20408991304056845,284,8.662252063989702e-05,0.049413010478019714,388737,4.039445718129476,0.18194444444444444,0.02361111111111111,0.19027777777777777,0.31805555555555554,0.2861111111111111
541,720,0.01,-0.10147952989021305,-0.09650032610955694,166,8.044123239111892e-05,0.04962935671210289,389457,4.052785813808441,0.14305555555555555,0.11666666666666667,0.09305555555555556,0.2986111111111111,0.3486111111111111
542,720,0.01,0.11179845299481399,0.1182874504438598,202,8.311089516281653e-05,0.05018758401274681,390177,4.059510815143585,0.26666666666666666,0.10138888888888889,0.08194444444444444,0.17083333333333334,0.37916666666666665
543,720,0.01,0.018170128182749195,0.018336209342196153,267,7.86857941597595e-05,0.050931863486766815,390897,4.065936215718588,0.2152777777777778,0.2763888888888889,0.10277777777777777,0.12361111111111112,0.28194444444444444
544,720,0.01,0.02113343947064947,0.021358332059904672,267,7.821267461167735e-05,0.050324343144893646,391617,4.072413730621338,0.30833333333333335,0.17222222222222222,0.14583333333333334,0.06388888888888888,0.30972222222222223
545,720,0.01,-0.1424246496870646,-0.13274710039229176,327,8.136236687808681e-05,0.05055345594882965,392337,4.078872017065684,0.020833333333333332,0.28055555555555556,0.27361111111111114,0.08888888888888889,0.33611111111111114
546,720,0.01,0.10505866365800709,0.11077577061434551,327,8.307653559743105e-05,0.051738008856773376,393057,4.085332349936167,0.2722222222222222,0.15,0.08333333333333333,0.24444444444444444,0.25
547,720,0.01,0.4635800901147568,0.5897552763085241,371,8.316287940286e-05,0.05037279054522514,393777,4.093417251110077,0.2986111111111111,0.1388888888888889,0.18333333333333332,0.16944444444444445,0.20972222222222223
548,720,0.01,0.40559749512218635,0.5001985936663587,370,8.639484033463102e-05,0.05049240589141846,394497,4.099826451142629,0.3111111111111111,0.044444444444444446,0.23055555555555557,0.10972222222222222,0.30416666666666664
549,720,0.01,-0.41211508899872784,-0.3377519457994115,398,8.428103484069046e-05,0.04980725422501564,395217,4.10633981625239,0.3597222222222222,0.06805555555555555,0.24027777777777778,0.08611111111111111,0.24583333333333332
550,720,0.01,-0.010386241613622258,-0.010332490856597931,282,8.697358085909298e-05,0.05042407661676407,395937,4.1127892653147375,0.20555555555555555,0.08472222222222223,0.23194444444444445,0.09305555555555556,0.38472222222222224
551,720,0.01,-0.03687148481632056,-0.036200009676951694,196,8.570896642747053e-05,0.05133406072854996,396657,4.125133967399597,0.075,0.4083333333333333,0.11388888888888889,0.12638888888888888,0.2763888888888889
552,720,0.01,0.2233713614477789,0.2502847951053331,244,8.964691138923324e-05,0.05118287354707718,397377,4.13236649831136,0.39861111111111114,0.0625,0.1597222222222222,0.0763888888888889,0.30277777777777776
553,720,0.01,0.1315665658849799,0.14061383116448,134,9.065956705222157e-05,0.0520038902759552,398097,4.139179750283559,0.17083333333333334,0.03333333333333333,0.24722222222222223,0.24305555555555555,0.3055555555555556
554,720,0.01,0.2572180905412062,0.2933271584239552,255,9.015019208188986e-05,0.05192345380783081,398817,4.145659963289897,0.20833333333333334,0.09722222222222222,0.10277777777777777,0.16527777777777777,0.4263888888888889
555,720,0.01,0.26016593901089274,0.2971453158185162,349,8.516289453837089e-05,0.05180767923593521,399537,4.15211949745814,0.26944444444444443,0.12222222222222222,0.16527777777777777,0.1875,0.25555555555555554
556,720,0.01,0.14794628204569193,0.15945061137511218,378,9.53711835715391e-05,0.052293140441179276,400257,4.158534900347392,0.2916666666666667,0.05555555555555555,0.14027777777777778,0.23194444444444445,0.28055555555555556
557,720,0.01,-0.07117876633438629,-0.06870460701781955,279,8.998288801396686e-05,0.05380793288350105,400977,4.1650701324145,0.21388888888888888,0.1486111111111111,0.1736111111111111,0.25416666666666665,0.20972222222222223
558,720,0.01,-0.380263178145294,-0.3163185444839801,280,9.10744013771768e-05,0.052740465849637985,401697,4.171967248121898,0.25,0.16944444444444445,0.2375,0.14444444444444443,0.1986111111111111
559,720,0.01,0.20839353332767466,0.23169778831512033,196,9.047785314224813e-05,0.05370272696018219,402417,4.17903288602829,0.5111111111111111,0.041666666666666664,0.17916666666666667,0.10277777777777777,0.16527777777777777
560,720,0.01,0.162902690530243,0.17692215844488746,307,8.969068290854112e-05,0.053434908390045166,403137,4.185461135705312,0.30277777777777776,0.03333333333333333,0.20833333333333334,0.16527777777777777,0.2902777777777778
561,720,0.01,-0.057134406977369843,-0.0555328821354073,212,8.965444874067745e-05,0.054152876138687134,403857,4.197820882002513,0.2875,0.03194444444444444,0.07361111111111111,0.24027777777777778,0.36666666666666664
562,720,0.01,0.21644278878425152,0.24165204689861142,205,9.385465926799144e-05,0.054192934185266495,404577,4.204205548763275,0.0375,0.11805555555555555,0.21944444444444444,0.3638888888888889,0.2611111111111111
563,720,0.01,-0.022690984036655735,-0.022435479854234552,210,8.343985206364677e-05,0.05601047724485397,405297,4.210725764433543,0.25833333333333336,0.059722222222222225,0.1388888888888889,0.1625,0.38055555555555554
564,720,0.01,0.5236615316337734,0.6881977362372307,317,8.24783099422651e-05,0.05727706104516983,406017,4.217133967081706,0.08472222222222223,0.0875,0.26666666666666666,0.21388888888888888,0.3472222222222222
565,720,0.01,0.4164186088002516,0.5165205648708511,301,9.292208936560403e-05,0.05818533897399902,406737,4.224192349116008,0.043055555555555555,0.08333333333333333,0.24583333333333332,0.20277777777777778,0.425
566,720,0.01,0.012575935700775205,0.012655345314396493,168,9.523914706051073e-05,0.058427274227142334,407457,4.230442651112875,0.11527777777777778,0.015277777777777777,0.17083333333333334,0.39305555555555555,0.3055555555555556
567,720,0.01,-0.0404955634524943,-0.039686575021908754,222,9.956271806130544e-05,0.05778799206018448,408177,4.236737497647604,0.10694444444444444,0.05555555555555555,0.24583333333333332,0.32083333333333336,0.2708333333333333
568,720,0.01,0.32212757661729685,0.3800608282190574,249,9.544997336534935e-05,0.05760850012302399,408897,4.243136632442474,0.22083333333333333,0.08472222222222223,0.14722222222222223,0.20972222222222223,0.3375
569,720,0.01,0.029191050203516488,0.02962128504169903,305,9.985350133850564e-05,0.057871013879776,409617,4.249525686105092,0.2222222222222222,0.1388888888888889,0.18194444444444444,0.17777777777777778,0.2791666666666667
570,720,0.01,0.10159021171988354,0.10692977192640551,294,9.752151463923534e-05,0.05830156430602074,410337,4.256309135754903,0.41388888888888886,0.11944444444444445,0.0763888888888889,0.24583333333333332,0.14444444444444443
571,720,0.01,0.07714515794627017,0.08019886446153279,178,0.00010559981626304053,0.05748073756694794,411057,4.269386899471283,0.1638888888888889,0.07777777777777778,0.3194444444444444,0.23055555555555557,0.20833333333333334
572,720,0.01,-0.3050137489751725,-0.2628867602296753,226,0.0001009473118958542,0.05756117403507233,411777,4.275919898351034,0.14166666666666666,0.09166666666666666,0.35694444444444445,0.075,0.3347222222222222
573,720,0.01,-0.24613959096643007,-0.2181869167358016,225,9.897309870312811e-05,0.05772639438509941,412497,4.282321997483572,0.3888888888888889,0.09861111111111111,0.2375,0.13055555555555556,0.14444444444444443
574,720,0.01,-0.3042470016237197,-0.26232136387498084,261,0.00010328301452141709,0.058080002665519714,413217,4.288807547092437,0.2652777777777778,0.059722222222222225,0.13194444444444445,0.24722222222222223,0.29583333333333334
575,720,0.01,0.11609229469515933,0.1230995234780985,228,9.546204569864535e-05,0.05829784646630287,413937,4.295197300116221,0.325,0.06527777777777778,0.07083333333333333,0.2722222222222222,0.26666666666666666
576,720,0.01,-0.024583776210561792,-0.02428405629004371,224,0.00010410821349372175,0.05763772875070572,414657,4.301698064804077,0.2222222222222222,0.05694444444444444,0.30416666666666664,0.26944444444444443,0.14722222222222223
577,720,0.01,-0.0795495231393415,-0.07646771738183056,219,9.262439481795405e-05,0.057500384747982025,415377,4.308170465628306,0.22083333333333333,0.13055555555555556,0.1736111111111111,0.275,0.2
578,720,0.01,0.029976185038596906,0.030429994010772177,248,0.00010262375578425538,0.05768058821558952,416097,4.314561279614766,0.19305555555555556,0.16111111111111112,0.1361111111111111,0.2111111111111111,0.2986111111111111
579,720,0.01,-0.05019183407989586,-0.04895303621905467,237,9.57338115186859e-05,0.05777948722243309,416817,4.3209107677141825,0.3402777777777778,0.03611111111111111,0.11944444444444445,0.2375,0.26666666666666666
580,720,0.01,0.47243003702733777,0.6038869662260813,296,9.439952721600599e-05,0.05724871903657913,417537,4.327932099501292,0.21805555555555556,0.05555555555555555,0.16666666666666666,0.26944444444444443,0.2902777777777778
581,720,0.01,0.08770943883698051,0.09167087878097235,184,9.586675293273098e-05,0.057446595281362534,418257,4.342185453573863,0.19027777777777777,0.03888888888888889,0.16527777777777777,0.21805555555555556,0.3875
582,720,0.01,0.38147701712772625,0.46444600464913566,232,9.753699141331e-05,0.05738769471645355,418977,4.348874266942342,0.14027777777777778,0.041666666666666664,0.05555555555555555,0.2833333333333333,0.4791666666666667
583,720,0.01,0.3283628126544398,0.3886927161921192,220,9.068859659843535e-05,0.057542234659194946,419697,4.355376501878102,0.2361111111111111,0.019444444444444445,0.2763888888888889,0.09861111111111111,0.36944444444444446
584,720,0.01,0.25855094142232254,0.2950521199695222,211,9.499843826890557e-05,0.05803348496556282,420417,4.361763501167298,0.2708333333333333,0.03194444444444444,0.12222222222222222,0.15694444444444444,0.41805555555555557
585,720,0.01,-0.1707823104126139,-0.15699493307622914,232,9.892331961762264e-05,0.0585888996720314,421137,4.368184415499369,0.12222222222222222,0.05416666666666667,0.15555555555555556,0.2152777777777778,0.4527777777777778
586,720,0.01,-0.2815057191913915,-0.24535340030539354,268,9.80762942718785e-05,0.05791197717189789,421857,4.374793402353922,0.16666666666666666,0.03194444444444444,0.1,0.25972222222222224,0.44166666666666665
587,720,0.01,0.46363223264901093,0.5898381723386612,210,8.930376519250179e-05,0.057623907923698425,422577,4.3813002149264015,0.32916666666666666,0.009722222222222222,0.07361111111111111,0.16944444444444445,0.41805555555555557
588,720,0.01,-0.3526593932519182,-0.2971834633309899,223,9.161733921827261e-05,0.05847819149494171,423297,4.3877095977465315,0.3972222222222222,0.03333333333333333,0.12638888888888888,0.13055555555555556,0.3125
589,720,0.01,0.3958557805670307,0.48565504177268326,245,8.844198175413314e-05,0.05827281251549721,424017,4.394566114743551,0.3333333333333333,0.06388888888888888,0.14027777777777778,0.11527777777777778,0.3472222222222222
590,720,0.01,-0.19486247491201386,-0.17705217375367988,123,9.133303500069208e-05,0.05845130234956741,424737,4.401002685228984,0.2972222222222222,0.07222222222222222,0.24166666666666667,0.08472222222222223,0.30416666666666664
591,720,0.01,-0.05802361764990337,-0.056372339094113766,207,9.390368141137313e-05,0.057614777237176895,425457,4.414329032103221,0.16944444444444445,0.05,0.1486111111111111,0.2652777777777778,0.36666666666666664
592,720,0.01,-0.07044941619073279,-0.0680251188268799,149,8.844051544403758e-05,0.058769553899765015,426177,4.42158678372701,0.35138888888888886,0.03333333333333333,0.04583333333333333,0.29305555555555557,0.2763888888888889
593,720,0.01,0.12752541318464283,0.13601373760120183,247,9.71403622934809e-05,0.05887581408023834,426897,4.428815750281016,0.2902777777777778,0.09722222222222222,0.20277777777777778,0.17916666666666667,0.23055555555555557
594,720,0.01,0.8465184191819172,1.3315153457869062,195,9.608572283670785e-05,0.057927586138248444,427617,4.435257617632548,0.10555555555555556,0.0375,0.11805555555555555,0.25833333333333336,0.48055555555555557
595,720,0.01,-0.12229373980961245,-0.1151115966276921,177,9.667693666415289e-05,0.05781232565641403,428337,4.441671085357666,0.20972222222222223,0.04583333333333333,0.10833333333333334,0.1361111111111111,0.5
596,720,0.01,-0.05868305118105963,-0.05699439369026871,110,9.68262686127572e-05,0.058656416833400726,429057,4.448140513896942,0.019444444444444445,0.013888888888888888,0.24027777777777778,0.33194444444444443,0.39444444444444443
597,720,0.01,0.30019455224474567,0.3501214511852311,157,9.726338294058223e-05,0.058993879705667496,429777,4.454526416460673,0.027777777777777776,0.034722222222222224,0.20416666666666666,0.35,0.38333333333333336
598,720,0.01,0.07923678954824594,0.08246060708445913,151,9.399096845249409e-05,0.058284029364585876,430497,4.46106938123703,0.19722222222222222,0.06805555555555555,0.1986111111111111,0.20277777777777778,0.3333333333333333
599,720,0.01,0.01884394517119061,0.019022612809186157,142,8.945842336440061e-05,0.05798650532960892,431217,4.467660748958588,0.11666666666666667,0.029166666666666667,0.12222222222222222,0.4388888888888889,0.29305555555555557
600,720,0.01,0.0675262758862364,0.06985837070541545,137,8.456836665244635e-05,0.058248475193977356,431937,4.47409051656723,0.08333333333333333,0.029166666666666667,0.0875,0.26944444444444443,0.5305555555555556
601,720,0.01,0.03411730142275723,0.03470597209247406,219,8.118268612836092e-05,0.05858128145337105,432657,4.486598034699758,0.009722222222222222,0.004166666666666667,0.1388888888888889,0.4152777777777778,0.43194444444444446
602,720,0.01,-0.14819344655565547,-0.13773570325090778,187,7.677604655782488e-05,0.05821166932582855,433377,4.493067979812622,0.09722222222222222,0.0375,0.06944444444444445,0.33055555555555555,0.4652777777777778
603,720,0.01,0.03002700479058848,0.03048236153815309,131,7.89606768118271e-05,0.05803389474749565,434097,4.499548498789469,0.12361111111111112,0.06944444444444445,0.08472222222222223,0.3263888888888889,0.3958333333333333
604,720,0.01,0.19354232405680435,0.2135407474321247,146,7.63352284884099e-05,0.05858777463436127,434817,4.506685483455658,0.2847222222222222,0.041666666666666664,0.1111111111111111,0.24305555555555555,0.3194444444444444
605,720,0.01,-0.1746534202930194,-0.16025199003995083,111,7.511111343774246e-05,0.05972187966108322,435537,4.514615750312805,0.1763888888888889,0.043055555555555555,0.1125,0.15416666666666667,0.5138888888888888
606,720,0.01,0.2705123094635641,0.31063572985493204,171,7.946898408843279e-05,0.05799144133925438,436257,4.521071330706278,0.30972222222222223,0.07222222222222222,0.08611111111111111,0.24305555555555555,0.28888888888888886
607,720,0.01,0.24831851483808634,0.2818681612068852,159,7.629447020715614e-05,0.05788688361644745,436977,4.527495733896891,0.05416666666666667,0.022222222222222223,0.17083333333333334,0.40694444444444444,0.3458333333333333
608,720,0.01,-0.1740516124955341,-0.15974647104225326,213,7.605437229156249e-05,0.05670805275440216,437697,4.533864398797353,0.2388888888888889,0.043055555555555555,0.1875,0.1986111111111111,0.33194444444444443
609,720,0.01,0.0016799614440704757,0.0016813733698464173,235,7.382980063413116e-05,0.05626249313354492,438417,4.540292513370514,0.05138888888888889,0.06944444444444445,0.22361111111111112,0.3541666666666667,0.3013888888888889
610,720,0.01,-0.3813422971536992,-0.31705592020868345,247,7.92002824457288e-05,0.05565562844276428,439137,4.546603500843048,0.07083333333333333,0.027777777777777776,0.17777777777777778,0.28888888888888886,0.43472222222222223
611,720,0.01,-0.5345521689132908,-0.414068370203008,245,7.772142221382537e-05,0.055022429674863815,439857,4.558690818150838,0.06666666666666667,0.020833333333333332,0.09027777777777778,0.4486111111111111,0.3736111111111111
612,720,0.01,-0.18084720879319752,-0.16543713717824982,131,8.262203368253217e-05,0.05509098619222641,440577,4.5651910146077475,0.2986111111111111,0.019444444444444445,0.1125,0.17222222222222222,0.3972222222222222
613,720,0.01,0.2106383067830913,0.2344657764061966,174,7.943066210979547e-05,0.054854657500982285,441297,4.571650381882986,0.30416666666666664,0.06805555555555555,0.2361111111111111,0.21388888888888888,0.17777777777777778
614,720,0.01,1.4096592714860912,3.094560033008163,362,8.633419338113728e-05,0.05569028481841087,442017,4.578062935670217,0.12083333333333333,0.03194444444444444,0.13333333333333333,0.2611111111111111,0.4527777777777778
615,720,0.01,0.03874363423679879,0.039503956262270545,146,8.798763684959946e-05,0.05698318034410477,442737,4.584452732404073,0.019444444444444445,0.004166666666666667,0.11805555555555555,0.31666666666666665,0.5416666666666666
616,720,0.01,0.10925807343056497,0.11545018125399542,92,9.30989628992999e-05,0.05537839233875275,443457,4.591939584414164,0.31805555555555554,0.016666666666666666,0.08888888888888889,0.13333333333333333,0.44305555555555554
617,720,0.01,-0.20477639473722115,-0.18517050379390387,183,9.736375410890711e-05,0.055842410773038864,444177,4.599108215173086,0.05555555555555555,0.011111111111111112,0.14166666666666666,0.3861111111111111,0.40555555555555556
618,720,0.01,-0.03264911645060301,-0.03212188747871647,190,9.33818179419177e-05,0.05581945553421974,444897,4.605578319231669,0.225,0.001388888888888889,0.02638888888888889,0.2111111111111111,0.5361111111111111
619,720,0.01,-0.02647665904856373,-0.02612922535928952,160,9.329728279681149e-05,0.055045027285814285,445617,4.612163750330607,0.175,0.07222222222222222,0.10694444444444444,0.35694444444444445,0.28888888888888886
620,720,0.01,0.024212029455309876,0.024507520634679203,241,9.18558059791192e-05,0.05550524592399597,446337,4.618590565522512,0.37916666666666665,0.011111111111111112,0.08333333333333333,0.1486111111111111,0.37777777777777777
621,720,0.01,-0.1845797770433409,-0.1685463936568976,224,9.442474582783688e-05,0.0553966760635376,447057,4.6308337330818174,0.2013888888888889,0.03611111111111111,0.05138888888888889,0.16944444444444445,0.5416666666666666
622,720,0.01,0.16325903647446363,0.1773416246158075,152,9.549658998745751e-05,0.0550423189997673,447777,4.637289750576019,0.05277777777777778,0.022222222222222223,0.13472222222222222,0.4722222222222222,0.31805555555555554
623,720,0.01,-0.3357789239892917,-0.285218890693801,262,0.00010005415584702051,0.054790887981653214,448497,4.6445359826087955,0.225,0.011111111111111112,0.08055555555555556,0.20833333333333334,0.475
624,720,0.01,0.05484490879876597,0.05637676722839191,125,9.539259135383165e-05,0.054270919412374496,449217,4.651109484831492,0.175,0.03194444444444444,0.08472222222222223,0.2611111111111111,0.44722222222222224
625,720,0.01,-0.39213547661076587,-0.32438742194198755,164,0.00010403818535501665,0.054026342928409576,449937,4.65796639919281,0.30694444444444446,0.04861111111111111,0.10555555555555556,0.1638888888888889,0.375
626,720,0.01,0.2163575391651668,0.24154620104630053,78,0.0001017700467299518,0.0541241317987442,450657,4.664485184351603,0.12361111111111112,0.015277777777777777,0.05,0.2777777777777778,0.5333333333333333
627,720,0.01,-0.23822468846818068,-0.21197438906682775,72,9.833555257298738e-05,0.05370642989873886,451377,4.671708802382152,0.043055555555555555,0.025,0.02638888888888889,0.3333333333333333,0.5722222222222222
628,720,0.01,0.4791567720750326,0.6147122575080664,231,0.00010291038402606823,0.05318032577633858,452097,4.680335450172424,0.1125,0.027777777777777776,0.07222222222222222,0.4791666666666667,0.30833333333333335
629,720,0.01,-0.2557718227262598,-0.2256813694494928,191,9.612836557203587e-05,0.052086129784584045,452817,4.686896248658498,0.2861111111111111,0.025,0.075,0.32916666666666666,0.2847222222222222
630,720,0.01,0.0788096884844051,0.0819983857222506,112,9.610596471500482e-05,0.051053404808044434,453537,4.69334016640981,0.24027777777777778,0.07916666666666666,0.10416666666666667,0.2722222222222222,0.30416666666666664
631,720,0.01,0.10651183406206179,0.112391090472995,116,0.00010162016712911282,0.050981275737285614,454257,4.706096049149831,0.09583333333333334,0.016666666666666666,0.04027777777777778,0.22083333333333333,0.6263888888888889
632,720,0.01,-0.3816588027681706,-0.31727204164068157,153,0.00010242276667011336,0.05085036903619766,454977,4.712567714850108,0.1736111111111111,0.018055555555555554,0.02361111111111111,0.35138888888888886,0.43333333333333335
633,720,0.01,-0.47540432302342883,-0.3783663351561001,173,0.00010384999097065398,0.05179041624069214,455697,4.718962649504344,0.3611111111111111,0.0125,0.019444444444444445,0.26666666666666666,0.3402777777777778
634,720,0.01,-0.10388674550168737,-0.09867262897983164,116,0.00010296978282692887,0.05120505765080452,456417,4.725348969300588,0.33611111111111114,0.03194444444444444,0.11805555555555555,0.21944444444444444,0.29444444444444445
635,720,0.01,0.14300063816775954,0.15373053793940827,118,9.644855783537625e-05,0.050542958080768585,457137,4.731980049610138,0.15,0.025,0.1527777777777778,0.30277777777777776,0.36944444444444446
636,720,0.01,-0.12447461193680612,-0.11703932225668234,183,0.00010304200791577185,0.04929924011230469,457857,4.7384329835573835,0.2708333333333333,0.018055555555555554,0.05277777777777778,0.3541666666666667,0.30416666666666664
637,720,0.01,-0.11025599749531072,-0.10439516664670945,114,0.00010503725968899542,0.049803778529167175,458577,4.744928999741872,0.05694444444444444,0.05,0.04027777777777778,0.38055555555555554,0.4722222222222222
638,720,0.01,0.39513623138707066,0.48458642441314836,91,9.468474908974006e-05,0.049832090735435486,459297,4.752193268140157,0.09722222222222222,0.03888888888888889,0.034722222222222224,0.33055555555555555,0.4986111111111111
639,720,0.01,0.15829837827632048,0.17151569739754335,191,9.974270085927451e-05,0.0494716577231884,460017,4.759415515263876,0.2777777777777778,0.0763888888888889,0.16666666666666666,0.08194444444444444,0.3972222222222222
640,720,0.01,0.5031736543520683,0.6539620539547262,185,9.939583665325497e-05,0.04919390752911568,460737,4.766844348112742,0.18888888888888888,0.05555555555555555,0.0875,0.16111111111111112,0.5069444444444444
641,720,0.01,0.015353984751613039,0.015472462768737705,99,0.00010160636316969531,0.04846920073032379,461457,4.779590018590292,0.08055555555555556,0.04722222222222222,0.09166666666666666,0.20833333333333334,0.5722222222222222
642,720,0.01,0.087473270451109,0.09141309107348006,124,0.00010390407963364446,0.047624483704566956,462177,4.78613703250885,0.2222222222222222,0.13055555555555556,0.21388888888888888,0.19166666666666668,0.24166666666666667
643,720,0.01,-0.3077100971986733,-0.26487159709604025,95,9.523321713105462e-05,0.04810536280274391,462897,4.792763332525889,0.044444444444444446,0.07083333333333333,0.16527777777777777,0.18055555555555555,0.5388888888888889
644,720,0.01,-0.03606295185464057,-0.03542043050104804,158,9.600520926748383e-05,0.04836493730545044,463617,4.799209463596344,0.2986111111111111,0.04722222222222222,0.08888888888888889,0.11527777777777778,0.45
645,720,0.01,-0.2751170214813744,-0.240516757829504,164,9.185704977375685e-05,0.04824674129486084,464337,4.8056551973025,0.22916666666666666,0.05277777777777778,0.1111111111111111,0.23194444444444445,0.375
646,720,0.01,-0.10792906362062893,-0.10230872685938086,117,9.203488197423818e-05,0.04904864355921745,465057,4.812063598632813,0.125,0.04861111111111111,0.1638888888888889,0.08055555555555556,0.5819444444444445
647,720,0.01,-0.4844993189978886,-0.38399445816142097,80,9.769118944152271e-05,0.04833683371543884,465777,4.818666179974874,0.05,0.020833333333333332,0.025,0.10555555555555556,0.7986111111111112
648,720,0.01,0.3060583620712016,0.3580615635207378,195,0.00010238689283141867,0.048687539994716644,466497,4.825095915794373,0.26944444444444443,0.08888888888888889,0.075,0.1736111111111111,0.39305555555555555
649,720,0.01,0.10983866813775568,0.11609799376542695,252,0.00010097248786880501,0.048741765320301056,467217,4.831778518358866,0.2763888888888889,0.075,0.18055555555555555,0.12638888888888888,0.3416666666666667
650,720,0.01,-0.9778084685524037,-0.62386549314012,134,9.764162908444026e-05,0.048543866723775864,467937,4.838651684919993,0.11527777777777778,0.06805555555555555,0.04583333333333333,0.12083333333333333,0.65
651,720,0.01,0.49869059111482417,0.6465638332112591,251,0.00010636968205643725,0.0476529598236084,468657,4.852323297659556,0.24305555555555555,0.1527777777777778,0.17916666666666667,0.18472222222222223,0.24027777777777778
652,720,0.01,0.08812182240219339,0.0921211587476487,190,0.00010041615945131829,0.047043561935424805,469377,4.859181749820709,0.22361111111111112,0.041666666666666664,0.11944444444444445,0.1625,0.4527777777777778
653,720,0.01,-0.13637699402358625,-0.1274863619488954,170,0.00010156172697356346,0.04720737785100937,470097,4.865563412507375,0.25,0.0875,0.04861111111111111,0.225,0.3888888888888889
654,720,0.01,-0.07007080943171436,-0.06767220003312902,138,9.408569041827124e-05,0.04742920771241188,470817,4.871944431463877,0.16111111111111112,0.10694444444444444,0.1125,0.11666666666666667,0.5027777777777778
655,720,0.01,1.0098031278625308,1.7450605358808353,207,0.00010329312173982746,0.04643608629703522,471537,4.878357414404551,0.23055555555555557,0.04027777777777778,0.06111111111111111,0.4,0.26805555555555555
656,720,0.01,-0.28039799312597885,-0.24451699542852623,140,0.00010012735910499436,0.04698439687490463,472257,4.88476129770279,0.15694444444444444,0.05416666666666667,0.04027777777777778,0.24305555555555555,0.5055555555555555
657,720,0.01,-0.0336345464304618,-0.03307519380218582,187,0.00010391684692321077,0.046688202768564224,472977,4.8912168343861895,0.30972222222222223,0.09166666666666666,0.05416666666666667,0.15555555555555556,0.3888888888888889
658,720,0.01,0.07408441069194525,0.07689770334008506,137,0.00010236537532869584,0.04678640142083168,473697,4.897607533137004,0.2513888888888889,0.07083333333333333,0.125,0.19722222222222222,0.35555555555555557
659,720,0.01,0.13898680348316736,0.14910893566813632,198,0.00010155803065319762,0.04656088724732399,474417,4.904200132687887,0.21388888888888888,0.030555555555555555,0.16944444444444445,0.24583333333333332,0.3402777777777778
660,720,0.01,-0.2943881825371324,-0.2550127557320415,42,9.809340156658032e-05,0.0480724573135376,475137,4.910421685377757,0.04027777777777778,0.008333333333333333,0.002777777777777778,0.10555555555555556,0.8430555555555556
661,720,0.01,-0.4676130377439778,-0.37350409297250264,125,9.558241699399635e-05,0.047368478029966354,475857,4.922925651073456,0.025,0.09444444444444444,0.175,0.16666666666666666,0.5388888888888889
662,720,0.01,0.2577240287300308,0.2939816675806708,140,0.00010606712896282665,0.04772625118494034,476577,4.931743550300598,0.027777777777777776,0.06388888888888888,0.1986111111111111,0.275,0.43472222222222223
663,720,0.01,0.36949031541688704,0.4469969146629209,130,0.00010758786406768195,0.0474691279232502,477297,4.938652181625367,0.2638888888888889,0.10833333333333334,0.08333333333333333,0.05555555555555555,0.4888888888888889
664,720,0.01,0.10496714956238079,0.1106741236253923,159,0.00010448647550320958,0.04806618019938469,478017,4.945133868853251,0.4263888888888889,0.08194444444444444,0.06666666666666667,0.24444444444444444,0.18055555555555555
665,720,0.01,0.0029389790328892846,0.0029433020658289344,240,9.913503536659441e-05,0.047683410346508026,478737,4.951509563128154,0.13055555555555556,0.19166666666666668,0.1,0.26944444444444443,0.30833333333333335
666,720,0.01,-0.21799248500010715,-0.19586851530812577,273,9.855189233449992e-05,0.0473468154668808,479457,4.957869533697764,0.12083333333333333,0.13194444444444445,0.18888888888888888,0.28194444444444444,0.2763888888888889
667,720,0.01,-0.09597198156503983,-0.09151052983475605,251,0.00010458367663280417,0.04701196402311325,480177,4.964196479320526,0.11388888888888889,0.25,0.14027777777777778,0.2263888888888889,0.26944444444444443
668,720,0.01,0.22405307588253554,0.2511374228890293,214,0.00010332586188421071,0.04698401689529419,480897,4.971271999677023,0.18888888888888888,0.13472222222222222,0.15694444444444444,0.20972222222222223,0.30972222222222223
669,720,0.01,-0.05204697897969965,-0.05071573061109658,209,0.00010293827816035952,0.046607039868831635,481617,4.977504702409108,0.3486111111111111,0.08611111111111111,0.12222222222222222,0.20416666666666666,0.2388888888888889
670,720,0.01,-0.028512241989465947,-0.028109603798685323,271,0.00010372166862250904,0.04712437838315964,482337,4.983935034275055,0.20555555555555555,0.07222222222222222,0.22083333333333333,0.29444444444444445,0.20694444444444443
671,720,0.01,0.05911803316966619,0.06090045479368755,307,0.00010771568059529576,0.04679432511329651,483057,4.996490800380707,0.21666666666666667,0.07222222222222222,0.20972222222222223,0.17222222222222222,0.32916666666666666
672,720,0.01,-0.05088019719830015,-0.0496074766006398,219,0.00010193424117611963,0.04699617251753807,483777,5.003102115790049,0.2652777777777778,0.06388888888888888,0.16527777777777777,0.2625,0.24305555555555555
673,720,0.01,0.11227117309189394,0.11881621236434103,173,0.00010576621388938494,0.04672698304057121,484497,5.01057673295339,0.3861111111111111,0.10694444444444444,0.2847222222222222,0.12638888888888888,0.09583333333333334
674,720,0.01,0.3884478050125057,0.47469001002929123,189,0.00010122551312987424,0.04696072265505791,485217,5.018490135669708,0.14305555555555555,0.11805555555555555,0.28055555555555556,0.20694444444444443,0.2513888888888889
675,720,0.01,-0.1314854042289756,-0.12320792749927001,269,0.00010549486180985291,0.046825408935546875,485937,5.025138334433238,0.28888888888888886,0.08333333333333333,0.225,0.15138888888888888,0.2513888888888889
676,720,0.01,-0.09292543472174027,-0.08873855377379092,223,0.00010775960046834774,0.04664800688624382,486657,5.031774250666301,0.1763888888888889,0.17222222222222222,0.11666666666666667,0.2708333333333333,0.2638888888888889
677,720,0.01,0.022214815211550863,0.022463401572958563,145,0.00011045746613136645,0.04578113183379173,487377,5.038286070028941,0.2847222222222222,0.16111111111111112,0.1986111111111111,0.24444444444444444,0.1111111111111111
678,720,0.01,0.08699707522214103,0.09089348909248685,151,0.00010750357859908237,0.04551015794277191,488097,5.044766350587209,0.25277777777777777,0.05,0.2847222222222222,0.17083333333333334,0.24166666666666667
679,720,0.01,-0.06331292014856532,-0.06135029467673181,154,0.00010820655190097265,0.04524798318743706,488817,5.05153861840566,0.10833333333333334,0.07222222222222222,0.07777777777777778,0.12083333333333333,0.6208333333333333
680,720,0.01,0.19617941396848784,0.2167451868349659,233,0.00010805793113680315,0.04499821364879608,489537,5.059076130390167,0.2861111111111111,0.04861111111111111,0.09861111111111111,0.24305555555555555,0.3236111111111111
681,720,0.01,-0.23771886922383495,-0.21157568972138008,78,9.893286396365713e-05,0.04505438357591629,490257,5.072251518567403,0.15694444444444444,0.1,0.15416666666666667,0.16666666666666666,0.4222222222222222
682,720,0.01,-0.10596759868544249,-0.10054620891099819,248,0.00010238545044356013,0.0452616922557354,490977,5.078632231553396,0.44583333333333336,0.030555555555555555,0.10694444444444444,0.20833333333333334,0.20833333333333334
683,720,0.01,0.2194321983023746,0.24536940693317155,225,0.00010627136600255148,0.045002229511737823,491697,5.085061931610108,0.5402777777777777,0.03333333333333333,0.09166666666666666,0.28055555555555556,0.05416666666666667
684,720,0.01,0.13953810032164282,0.149742610446834,198,9.258445175217074e-05,0.04417145624756813,492417,5.091600481669108,0.3111111111111111,0.14166666666666666,0.13333333333333333,0.16805555555555557,0.24583333333333332
685,720,0.01,-0.2726560807802211,-0.23864541291701336,199,9.373924213428432e-05,0.04355340451002121,493137,5.098022615909576,0.18472222222222223,0.1361111111111111,0.09861111111111111,0.125,0.45555555555555555
686,720,0.01,-0.0234905435065841,-0.023216788430820756,132,9.618053046930678e-05,0.0432138592004776,493857,5.104459218184153,0.13472222222222222,0.12361111111111112,0.06805555555555555,0.38055555555555554,0.29305555555555557
687,720,0.01,-0.6989067252076775,-0.5028714951338022,174,9.160070773709272e-05,0.04310823231935501,494577,5.110882747173309,0.18055555555555555,0.09722222222222222,0.06388888888888888,0.3333333333333333,0.325
688,720,0.01,-0.08243330420612145,-0.07912714584525371,117,9.592330657142157e-05,0.04240323230624199,495297,5.117288430531819,0.35833333333333334,0.10277777777777777,0.015277777777777777,0.3194444444444444,0.20416666666666666
689,720,0.01,0.14624729812538614,0.15748239588667556,107,9.72040798791972e-05,0.04151446372270584,496017,5.123642098903656,0.21805555555555556,0.0763888888888889,0.1111111111111111,0.22916666666666666,0.36527777777777776
690,720,0.01,-0.28755842017044464,-0.24990725505505362,112,9.38957569132981e-05,0.04146052896976471,496737,5.129985499382019,0.14444444444444443,0.07916666666666666,0.18611111111111112,0.31666666666666665,0.27361111111111114
691,720,0.01,0.0653208034304874,0.06750142757921407,109,9.3330603479242e-05,0.041435424238443375,497457,5.14224906762441,0.4722222222222222,0.10833333333333334,0.05,0.10138888888888889,0.26805555555555555
692,720,0.01,0.1879158467791153,0.20673196069535194,68,9.062479434507824e-05,0.040074996650218964,498177,5.148815000057221,0.19583333333333333,0.10972222222222222,0.15555555555555556,0.12638888888888888,0.4125
693,720,0.01,-0.0986642039843849,-0.09395309611290292,247,8.880172579716196e-05,0.04050784930586815,498897,5.155465400218963,0.3625,0.10138888888888889,0.10972222222222222,0.22083333333333333,0.20555555555555555
694,720,0.01,-0.16784675275463287,-0.15451660724185978,179,8.761070593866154e-05,0.040264472365379333,499617,5.16200213432312,0.3416666666666667,0.07361111111111111,0.2375,0.09583333333333334,0.2513888888888889
695,720,0.01,-0.05555073190586733,-0.05403596810513267,115,8.943497596950087e-05,0.03933906555175781,500337,5.169044967492422,0.20972222222222223,0.02638888888888889,0.14444444444444443,0.09583333333333334,0.5236111111111111
696,720,0.01,-0.05146790337562037,-0.05016586405756873,120,9.015868716030835e-05,0.039857007563114166,501057,5.175412468115488,0.30277777777777776,0.09166666666666666,0.05277777777777778,0.034722222222222224,0.5180555555555556
697,720,0.01,0.12588243216629433,0.13414882102451808,105,8.54878849370127e-05,0.03937344253063202,501777,5.1819051305452986,0.24722222222222223,0.11944444444444445,0.22777777777777777,0.2388888888888889,0.16666666666666666
698,720,0.01,0.08487744270851616,0.08858364465960022,149,8.490933569191839e-05,0.0394374318420887,502497,5.189661169052124,0.3416666666666667,0.030555555555555555,0.027777777777777776,0.18194444444444444,0.41805555555555557
699,720,0.01,0.22068469258144927,0.24693020223023998,219,8.46487482880952e-05,0.03887954354286194,503217,5.1975674510002134,0.39166666666666666,0.13333333333333333,0.1111111111111111,0.19722222222222222,0.16666666666666666
700,720,0.01,0.5503482520796975,0.7338567319517524,232,8.917189549922316e-05,0.03910917788743973,503937,5.204887799421946,0.3111111111111111,0.0763888888888889,0.041666666666666664,0.2763888888888889,0.29444444444444445
701,720,0.01,-0.06389893343563158,-0.06190019473584418,229,8.702415800851466e-05,0.039171766489744186,504657,5.220147883892059,0.28194444444444444,0.006944444444444444,0.04027777777777778,0.24722222222222223,0.4236111111111111
702,720,0.01,0.12111021113392799,0.1287493062533851,154,9.145266632104823e-05,0.038654666393995285,505377,5.227726952234904,0.3625,0.15,0.08333333333333333,0.2902777777777778,0.11388888888888889
703,720,0.01,0.00839767917910848,0.00843303859661404,136,9.173392468003133e-05,0.038700170814991,506097,5.234442134698232,0.3055555555555556,0.10694444444444444,0.2111111111111111,0.29583333333333334,0.08055555555555556
704,720,0.01,-0.03602311910998071,-0.03538200788412005,155,8.436646616650654e-05,0.03850102424621582,506817,5.240996050834656,0.15555555555555556,0.2388888888888889,0.09583333333333334,0.22083333333333333,0.28888888888888886
705,720,0.01,-0.0057563650450350185,-0.005739828920307333,280,8.512848162101565e-05,0.0379817858338356,507537,5.247531449794769,0.2791666666666667,0.10972222222222222,0.11388888888888889,0.3597222222222222,0.1375
706,720,0.01,0.19559284739274055,0.21603169405313194,100,8.631844094806083e-05,0.03821936994791031,508257,5.254058031241099,0.34305555555555556,0.03611111111111111,0.041666666666666664,0.09027777777777778,0.4888888888888889
707,720,0.01,-0.19959866600973322,-0.1809405964970494,123,8.736112291545497e-05,0.038353994488716125,508977,5.262124900023142,0.2263888888888889,0.06527777777777778,0.19444444444444445,0.1361111111111111,0.37777777777777777
708,720,0.01,0.0454675493882275,0.046517043944624525,53,8.805177329804792e-05,0.03924565389752388,509697,5.270037583510081,0.015277777777777777,0.009722222222222222,0.030555555555555555,0.1111111111111111,0.8333333333333334
709,720,0.01,-0.16104947462040603,-0.1487500452030699,106,8.250834428306715e-05,0.03908053785562515,510417,5.277218616008758,0.3416666666666667,0.0375,0.09444444444444444,0.15694444444444444,0.36944444444444446
710,720,0.01,0.07519267075494014,0.0780918476456236,166,8.295095741838547e-05,0.038826897740364075,511137,5.2838684519131975,0.24166666666666667,0.13333333333333333,0.2152777777777778,0.19166666666666668,0.21805555555555556
711,720,0.01,0.10868221997098637,0.114808030318295,190,8.503171615833101e-05,0.038203947246074677,511857,5.296334350109101,0.28888888888888886,0.08472222222222223,0.11944444444444445,0.3111111111111111,0.19583333333333333
712,720,0.01,-0.24335910618570933,-0.21601007241761783,145,8.773826877536016e-05,0.0375264436006546,512577,5.3027082522710165,0.1736111111111111,0.26666666666666666,0.24583333333333332,0.22777777777777777,0.08611111111111111
713,720,0.01,0.17779181385350765,0.19457660104638919,84,8.707988542179615e-05,0.037811484187841415,513297,5.309224633375804,0.10555555555555556,0.10833333333333334,0.059722222222222225,0.07916666666666666,0.6472222222222223
714,720,0.01,-0.020137622785440887,-0.019936215082879905,184,8.466481644215188e-05,0.03758474066853523,514017,5.3163931488990785,0.32916666666666666,0.17222222222222222,0.10277777777777777,0.19305555555555556,0.20277777777777778
715,720,0.01,0.04518775977563552,0.04622428030434955,115,9.113423087051666e-05,0.03714749217033386,514737,5.322906835873922,0.34305555555555556,0.10694444444444444,0.19444444444444445,0.25972222222222224,0.09583333333333334
716,720,0.01,0.011368486889628894,0.011433353716212569,161,8.917633587720451e-05,0.03731152042746544,515457,5.329474381605784,0.14444444444444443,0.24861111111111112,0.19027777777777777,0.12777777777777777,0.28888888888888886
717,720,0.01,0.21236411389119136,0.23659806564855557,142,8.259772195944808e-05,0.03795240819454193,516177,5.335948435465495,0.26944444444444443,0.07916666666666666,0.1527777777777778,0.09305555555555556,0.40555555555555556
718,720,0.01,0.03492823716585735,0.03554539246083244,253,8.813411224713895e-05,0.037251800298690796,516897,5.343674866358439,0.4166666666666667,0.12916666666666668,0.2013888888888889,0.23472222222222222,0.018055555555555554
719,720,0.01,0.05964749204431714,0.06146230668020958,142,8.882880424355082e-05,0.03738078847527504,517617,5.351195764541626,0.20555555555555555,0.15833333333333333,0.1527777777777778,0.1125,0.37083333333333335
720,720,0.01,-0.11511203550799426,-0.10873371515792418,224,7.775064990356542e-05,0.03736139461398125,518337,5.358401433626811,0.2513888888888889,0.16111111111111112,0.06666666666666667,0.3347222222222222,0.18611111111111112
721,720,0.01,-0.07300049217576778,-0.07039962750109807,143,8.150853561296066e-05,0.03719110041856766,519057,5.371902434031169,0.10694444444444444,0.13055555555555556,0.1875,0.29444444444444445,0.28055555555555556
722,720,0.01,-0.19297682061755747,-0.17549891465640333,123,8.116239341309968e-05,0.03752322494983673,519777,5.378356949488322,0.2986111111111111,0.13055555555555556,0.0763888888888889,0.0875,0.40694444444444444
723,720,0.01,0.018478919547028103,0.018650711324821767,97,7.957459333485733e-05,0.03735526651144028,520497,5.384757133324941,0.37222222222222223,0.09444444444444444,0.20277777777777778,0.11388888888888889,0.21666666666666667
724,720,0.01,0.0006673074739289948,0.0006675301730967309,124,8.202470906503045e-05,0.03739486634731293,521217,5.391065601507822,0.4263888888888889,0.09861111111111111,0.19166666666666668,0.18333333333333332,0.1
725,720,0.01,0.7475298742313232,1.1117772134652553,164,7.186287132930779e-05,0.036927588284015656,521937,5.39749401807785,0.3333333333333333,0.1388888888888889,0.1375,0.13472222222222222,0.25555555555555554
726,720,0.01,-0.1484224487926121,-0.13793314109599397,111,7.521217151962547e-05,0.03694780915975571,522657,5.403875283400217,0.3888888888888889,0.12916666666666668,0.15833333333333333,0.26666666666666666,0.05694444444444444
727,720,0.01,-0.2226231221324717,-0.19958354829719782,95,7.608507878052883e-05,0.03726775199174881,523377,5.410370250542958,0.2569444444444444,0.06111111111111111,0.14444444444444443,0.3388888888888889,0.1986111111111111
728,720,0.01,0.15875704636025262,0.17205315750624273,103,7.402940736180123e-05,0.03657487779855728,524097,5.416941750049591,0.4652777777777778,0.059722222222222225,0.06111111111111111,0.17083333333333334,0.24305555555555555
729,720,0.01,0.10509957579345053,0.11082121575274262,123,6.636317231267539e-05,0.03663105145096779,524817,5.426263817151388,0.44305555555555554,0.05138888888888889,0.14722222222222223,0.15555555555555556,0.20277777777777778
730,720,0.01,0.24192961756250042,0.2737045432309495,165,7.626153922425752e-05,0.03577609360218048,525537,5.434165116151174,0.29583333333333334,0.013888888888888888,0.09583333333333334,0.1736111111111111,0.42083333333333334
731,720,0.01,-0.023334184803993546,-0.02306404793430683,123,7.454118857973905e-05,0.03635775297880173,526257,5.446542751789093,0.17916666666666667,0.08055555555555556,0.2125,0.24444444444444444,0.2833333333333333
732,720,0.01,-0.112445988930216,-0.10635438743938663,136,6.857558879447525e-05,0.035974688827991486,526977,5.452970548470815,0.34444444444444444,0.10555555555555556,0.21944444444444444,0.17083333333333334,0.1597222222222222
733,720,0.01,-0.08610206693386324,-0.08249942003012889,74,6.574287146400416e-05,0.03540777415037155,527697,5.459240746498108,0.5111111111111111,0.15555555555555556,0.04861111111111111,0.175,0.10972222222222222
734,720,0.01,0.009497116311754705,0.009542357026230297,141,6.945757506855443e-05,0.035946279764175415,528417,5.465559363365173,0.19583333333333333,0.10138888888888889,0.1625,0.025,0.5152777777777777
735,720,0.01,0.021898982844859853,0.022140525527020172,153,7.056980633832508e-05,0.035715315490961075,529137,5.471981930732727,0.2013888888888889,0.0763888888888889,0.225,0.16666666666666666,0.33055555555555555
736,720,0.01,0.18384066498737056,0.20182431514731114,115,7.159636732012586e-05,0.03531540930271149,529857,5.4783059159914655,0.05555555555555555,0.059722222222222225,0.2652777777777778,0.125,0.49444444444444446
737,720,0.01,-0.0807395137381327,-0.07756605847842535,99,7.123259026179262e-05,0.03536704182624817,530577,5.484696765740712,0.16111111111111112,0.12361111111111112,0.1625,0.2513888888888889,0.3013888888888889
738,720,0.01,-0.18604657864211605,-0.1697650771340521,87,7.341763468199739e-05,0.03572404757142067,531297,5.490926798184713,0.225,0.05416666666666667,0.24722222222222223,0.24166666666666667,0.23194444444444445
739,720,0.01,0.17728626464293748,0.1939728364179909,177,7.601285179690523e-05,0.035579971969127655,532017,5.497466099262238,0.20833333333333334,0.18055555555555555,0.20277777777777778,0.1486111111111111,0.25972222222222224
740,720,0.01,0.014605174776177992,0.014712351483809005,98,7.139721280585339e-05,0.03502725437283516,532737,5.50412403345108,0.21805555555555556,0.23194444444444445,0.23472222222222222,0.12916666666666668,0.18611111111111112
741,720,0.01,0.19389120520982808,0.21396420279082817,113,7.800780222927036e-05,0.034998275339603424,533457,5.517681634426117,0.2,0.11944444444444445,0.24722222222222223,0.08472222222222223,0.3486111111111111
742,720,0.01,-0.2185963585629078,-0.196353962463643,84,7.410747994830065e-05,0.035083141177892685,534177,5.525771963596344,0.3402777777777778,0.04861111111111111,0.10555555555555556,0.20694444444444443,0.2986111111111111
743,720,0.01,0.18473891343359186,0.2029043369623671,139,7.447300752371828e-05,0.03437934070825577,534897,5.53226271867752,0.46944444444444444,0.07777777777777778,0.11527777777777778,0.2569444444444444,0.08055555555555556
744,720,0.01,-0.030073194722338617,-0.02962549534336323,65,7.148092447929836e-05,0.03553532063961029,535617,5.53855638106664,0.08611111111111111,0.05,0.006944444444444444,0.25277777777777777,0.6041666666666666
745,720,0.01,-0.021187556934770688,-0.020964677515793118,61,6.955440175791713e-05,0.03522907570004463,536337,5.544922749201457,0.3055555555555556,0.14444444444444443,0.18055555555555555,0.12777777777777777,0.24166666666666667
746,720,0.01,-0.0238167374332046,-0.02353535722163158,148,7.040404729979047e-05,0.03448085859417915,537057,5.551172649860382,0.2125,0.06111111111111111,0.12638888888888888,0.2722222222222222,0.3277777777777778
747,720,0.01,0.1316875243218351,0.14075180637501772,93,7.538809999611355e-05,0.034146782010793686,537777,5.5574732979138695,0.28888888888888886,0.1597222222222222,0.14722222222222223,0.16805555555555557,0.2361111111111111
748,720,0.01,-0.1736879255667065,-0.15944082624072897,64,6.983268597196001e-05,0.03423016518354416,538497,5.563811385631562,0.058333333333333334,0.12222222222222222,0.09305555555555556,0.18888888888888888,0.5375
749,720,0.01,0.15440266351447934,0.1669606846774072,118,7.133332232140472e-05,0.0337042510509491,539217,5.570177634557088,0.2833333333333333,0.13472222222222222,0.19583333333333333,0.12083333333333333,0.2652777777777778
750,720,0.01,0.10477416620369001,0.11045980268345956,67,6.406963632343832e-05,0.034143202006816864,539937,5.576517117023468,0.1375,0.2152777777777778,0.2125,0.24444444444444444,0.19027777777777777
751,720,0.01,-0.009656996315866747,-0.00961051726328166,85,6.575436297882536e-05,0.03384343534708023,540657,5.589155900478363,0.3972222222222222,0.1375,0.22777777777777777,0.11388888888888889,0.12361111111111112
752,720,0.01,-0.003616792181612246,-0.003610259466966692,26,6.734877390752242e-05,0.034009676426649094,541377,5.596453249454498,0.002777777777777778,0.059722222222222225,0.006944444444444444,0.2361111111111111,0.6944444444444444
753,720,0.01,-0.5566663665783081,-0.42688355704019876,37,6.630918662722251e-05,0.033954888582229614,542097,5.604076532522837,0.23472222222222222,0.041666666666666664,0.10277777777777777,0.0125,0.6083333333333333
754,720,0.01,0.22338066615075602,0.2502964286881113,79,7.260039591806667e-05,0.03337612375617027,542817,5.612200299898784,0.1597222222222222,0.0375,0.2638888888888889,0.3958333333333333,0.14305555555555555
755,720,0.01,0.04443279512629117,0.04543471604149141,72,7.434451854730166e-05,0.033231597393751144,543537,5.618570868174235,0.3861111111111111,0.12916666666666668,0.20416666666666666,0.0763888888888889,0.20416666666666666
756,720,0.01,0.004334495434082579,0.00434390294677911,60,6.454574624715153e-05,0.03431565687060356,544257,5.625482634703318,0.21388888888888888,0.10694444444444444,0.10416666666666667,0.17777777777777778,0.3972222222222222
757,720,0.01,0.5176599705829432,0.6780962570993958,98,6.43135307212914e-05,0.03473140299320221,544977,5.631853465239207,0.02638888888888889,0.059722222222222225,0.07222222222222222,0.3194444444444444,0.5222222222222223
758,720,0.01,0.031613340554565876,0.032118349832706006,64,6.6207417585752e-05,0.03393528237938881,545697,5.638229135672251,0.16805555555555557,0.09444444444444444,0.11805555555555555,0.31666666666666665,0.30277777777777776
759,720,0.01,0.23714133107432456,0.2676202592489294,72,6.624078251636295e-05,0.033992618322372437,546417,5.644498217105865,0.39444444444444443,0.06805555555555555,0.22083333333333333,0.2111111111111111,0.10555555555555556
760,720,0.01,0.12718102077714022,0.1356225704565166,61,6.495010545929998e-05,0.03402109816670418,547137,5.650798134009043,0.10555555555555556,0.10694444444444444,0.10416666666666667,0.20694444444444443,0.47638888888888886
761,720,0.01,0.4759859965957382,0.609600475914458,128,6.620515351364196e-05,0.03560250252485275,547857,5.662980616092682,0.1375,0.18194444444444444,0.04861111111111111,0.26666666666666666,0.36527777777777776
762,720,0.01,-0.1713333732426385,-0.1574593538598652,98,6.659095948483204e-05,0.03525178134441376,548577,5.66972668170929,0.009722222222222222,0.016666666666666666,0.14583333333333334,0.33611111111111114,0.49166666666666664
763,720,0.01,0.005126370076632584,0.005139532393737545,69,7.007699995761463e-05,0.034702714532613754,549297,5.677533149719238,0.14166666666666666,0.14444444444444443,0.2375,0.3277777777777778,0.1486111111111111
764,720,0.01,0.07652751451218977,0.07953189272196193,85,6.270296784754868e-05,0.035847652703523636,550017,5.68480414946874,0.15,0.06388888888888888,0.25972222222222224,0.20694444444444443,0.3194444444444444
765,720,0.01,0.1963676506473023,0.21697424446574387,92,6.133349735617028e-05,0.03587086498737335,550737,5.691159268220265,0.03888888888888889,0.05416666666666667,0.034722222222222224,0.28055555555555556,0.5916666666666667
766,720,0.01,-0.1370170856937546,-0.12804467195686375,183,6.641362794728896e-05,0.03626613691449165,551457,5.697477932771047,0.022222222222222223,0.03333333333333333,0.04861111111111111,0.5930555555555556,0.30277777777777776
767,720,0.01,-0.3243403634313583,-0.27699588366585715,130,6.757984275383125e-05,0.036237698048353195,552177,5.703795798619589,0.016666666666666666,0.002777777777777778,0.1597222222222222,0.28194444444444444,0.5388888888888889
768,720,0.01,0.011427206991762235,0.011492746929814057,163,6.74280009257523e-05,0.036157310009002686,552897,5.710206866264343,0.06666666666666667,0.05277777777777778,0.1597222222222222,0.42083333333333334,0.3
769,720,0.01,0.03644235595994073,0.03711451882376671,265,6.665555680708874e-05,0.035098787397146225,553617,5.716517730553945,0.06666666666666667,0.05138888888888889,0.09027777777777778,0.37222222222222223,0.41944444444444445
770,720,0.01,0.166423683858999,0.18107339746697493,233,6.112483877384673e-05,0.03539162874221802,554337,5.722874879837036,0.06388888888888888,0.04722222222222222,0.04861111111111111,0.4777777777777778,0.3625
771,720,0.01,0.18411280377670367,0.20215142266873198,170,6.010809500670196e-05,0.03581444174051285,555057,5.735585017999013,0.10555555555555556,0.12083333333333333,0.15416666666666667,0.3611111111111111,0.25833333333333336
772,720,0.01,-0.24427282966618208,-0.21672609524965059,132,5.99491340406328e-05,0.0354142002761364,555777,5.741946081320445,0.3277777777777778,0.09583333333333334,0.18055555555555555,0.12916666666666668,0.26666666666666666
773,720,0.01,0.008526033145137175,0.008562483283787392,85,6.121145532536806e-05,0.03577389195561409,556497,5.748265568415324,0.2722222222222222,0.04027777777777778,0.06944444444444445,0.24583333333333332,0.37222222222222223
774,720,0.01,-0.05078388578886946,-0.0495159385491879,94,6.343089444524393e-05,0.03588808700442314,557217,5.7557173331578575,0.0375,0.0763888888888889,0.10416666666666667,0.47638888888888886,0.3055555555555556
775,720,0.01,0.25572021820836893,0.2913913696002346,60,6.444040516776619e-05,0.035576142370700836,557937,5.763170397281646,0.2125,0.08611111111111111,0.2125,0.19305555555555556,0.29583333333333334
776,720,0.01,0.3114800739849865,0.3654445782836031,134,6.290340299857336e-05,0.035638123750686646,558657,5.769488632678986,0.20833333333333334,0.07777777777777778,0.19722222222222222,0.3333333333333333,0.18333333333333332
777,720,0.01,0.025882117936409595,0.02621996841531904,114,5.897124311534046e-05,0.036715030670166016,559377,5.7758562127749125,0.15833333333333333,0.10416666666666667,0.05694444444444444,0.4486111111111111,0.23194444444444445
778,720,0.01,0.05296246497470141,0.054390067818723464,85,5.791560634330987e-05,0.03648899868130684,560097,5.782179900010427,0.03333333333333333,0.05555555555555555,0.14444444444444443,0.4736111111111111,0.29305555555555557
779,720,0.01,0.042607616199552105,0.04352835088646434,153,6.0181201467912616e-05,0.03604336827993393,560817,5.788659699757894,0.06111111111111111,0.09305555555555556,0.1597222222222222,0.2375,0.4486111111111111
780,720,0.01,-0.12405791816711415,-0.11667132137687097,125,6.266838306348492e-05,0.03587081655859947,561537,5.795035413901011,0.1527777777777778,0.09166666666666666,0.1875,0.2791666666666667,0.28888888888888886
781,720,0.01,-0.02137492556017098,-0.021148100833962347,141,6.0196292642760655e-05,0.03576377406716347,562257,5.807474048932393,0.1625,0.06527777777777778,0.12916666666666668,0.38333333333333336,0.25972222222222224
782,720,0.01,0.18050065085392902,0.19781690108407024,210,5.9588568648097054e-05,0.03528241813182831,562977,5.814190399646759,0.12916666666666668,0.0875,0.19166666666666668,0.2916666666666667,0.3
783,720,0.01,-0.10917993167100239,-0.10343091818908878,194,6.0333959340318366e-05,0.03584228828549385,563697,5.820580049355825,0.13472222222222222,0.20694444444444443,0.10138888888888889,0.3236111111111111,0.23333333333333334
784,720,0.01,-0.02353236189203843,-0.023257635073592242,273,6.153770622934947e-05,0.03561447560787201,564417,5.8268992821375525,0.16805555555555557,0.0875,0.20972222222222223,0.18055555555555555,0.3541666666666667
785,720,0.01,-0.19661226407606378,-0.1784908998418785,309,6.0744757599372356e-05,0.0372941717505455,565137,5.833393617471059,0.15555555555555556,0.1375,0.2513888888888889,0.22777777777777777,0.22777777777777777
786,720,0.01,0.024700695828969683,0.025008285353047333,187,6.435542539343765e-05,0.0368945375084877,565857,5.841469383239746,0.2,0.1625,0.2375,0.3458333333333333,0.05416666666666667
787,720,0.01,-0.16987807313695247,-0.15623231172778174,129,6.176549005784991e-05,0.03751370683312416,566577,5.849476130803426,0.2111111111111111,0.07361111111111111,0.15,0.23055555555555557,0.3347222222222222
788,720,0.01,0.07893602048054012,0.08213508537271852,147,6.411311003628523e-05,0.03798530250787735,567297,5.8564351320266725,0.29305555555555557,0.06944444444444445,0.18055555555555555,0.12083333333333333,0.33611111111111114
789,720,0.01,-0.33264044597232567,-0.28297204189682035,258,6.50072120834011e-05,0.03903411328792572,568017,5.862861732641856,0.15833333333333333,0.04027777777777778,0.0763888888888889,0.25416666666666665,0.4708333333333333
790,720,0.01,0.043330098269301016,0.04428255382549495,200,7.061528086877741e-05,0.038942039012908936,568737,5.869187498092652,0.23055555555555557,0.09444444444444444,0.1986111111111111,0.2986111111111111,0.17777777777777778
791,720,0.01,-0.13304042835206847,-0.12457030078675246,82,6.867430916170431e-05,0.03848499804735184,569457,5.881509284178416,0.21944444444444444,0.08611111111111111,0.20694444444444443,0.28194444444444444,0.20555555555555555
792,720,0.01,-0.05503883451642391,-0.053551607625840214,113,6.857494762471105e-05,0.0386829636991024,570177,5.887872580687205,0.22083333333333333,0.10555555555555556,0.0875,0.32083333333333336,0.2652777777777778
793,720,0.01,-0.22505128137029928,-0.20152472919658315,130,6.722269843951128e-05,0.03830214589834213,570897,5.894262131055196,0.3972222222222222,0.10416666666666667,0.0875,0.2513888888888889,0.1597222222222222
794,720,0.01,0.35756740290145295,0.42984693903245663,182,6.866741789129568e-05,0.038033854216337204,571617,5.900581999619802,0.2777777777777778,0.09027777777777778,0.09861111111111111,0.36527777777777776,0.16805555555555557
795,720,0.01,0.06173671827734505,0.06368225976131736,160,6.84378255199489e-05,0.03808852285146713,572337,5.906950199604035,0.14583333333333334,0.09027777777777778,0.2361111111111111,0.30694444444444446,0.22083333333333333
796,720,0.01,-0.21274320391106197,-0.19163630479932592,151,6.738804329668508e-05,0.03733863681554794,573057,5.913422683874766,0.3611111111111111,0.06527777777777778,0.12777777777777777,0.32916666666666666,0.11666666666666667
797,720,0.01,-0.020448098683167215,-0.020240454034459177,71,7.026483234919093e-05,0.036896318197250366,573777,5.919847496350607,0.04722222222222222,0.041666666666666664,0.13055555555555556,0.37083333333333335,0.4097222222222222
798,720,0.01,0.08651736161211514,0.09037029813962616,105,6.768405612547212e-05,0.03718436136841774,574497,5.927356131871542,0.3013888888888889,0.07777777777777778,0.0763888888888889,0.22777777777777777,0.31666666666666665
799,720,0.01,-0.19270634125250596,-0.17527587396376476,133,6.534822752731391e-05,0.03739878907799721,575217,5.934712799390157,0.14166666666666666,0.09305555555555556,0.09444444444444444,0.3527777777777778,0.31805555555555554
800,720,0.01,0.04345403840966455,0.044411990372821286,173,6.436656652921455e-05,0.037371955811977386,575937,5.942400213082632,0.15833333333333333,0.0875,0.06666666666666667,0.34305555555555556,0.34444444444444444
801,720,0.01,-0.07894811311844788,-0.07591212876090869,192,6.97269110560228e-05,0.038251690566539764,576657,5.954875799020131,0.2,0.027777777777777776,0.022222222222222223,0.3625,0.3875
802,720,0.01,-0.04674300604497421,-0.04566737620640415,145,6.68550007731028e-05,0.03928577899932861,577377,5.961437614758809,0.11527777777777778,0.027777777777777776,0.13333333333333333,0.38333333333333336,0.3402777777777778
803,720,0.01,-0.10341093643322669,-0.09824366719918842,196,6.918417259006067e-05,0.038415346294641495,578097,5.968754132588704,0.3486111111111111,0.07916666666666666,0.17916666666666667,0.20555555555555555,0.1875
804,720,0.01,0.24886931163950402,0.28257440457035643,174,6.224625799657385e-05,0.039184752851724625,578817,5.975219865640004,0.1388888888888889,0.03333333333333333,0.11805555555555555,0.5097222222222222,0.2
805,720,0.01,-0.2426178021951044,-0.2154286820888449,223,6.58859346723754e-05,0.03970986604690552,579537,5.981669950485229,0.044444444444444446,0.05277777777777778,0.06666666666666667,0.5263888888888889,0.30972222222222223
806,720,0.01,-0.3037103879549743,-0.26192540920785445,260,6.761795664008079e-05,0.04018047824501991,580257,5.9880896011988325,0.2375,0.0625,0.10277777777777777,0.3541666666666667,0.24305555555555555
807,720,0.01,-0.1265002862456635,-0.11882610268872895,178,6.479569966207539e-05,0.040263302624225616,580977,5.994489483038584,0.3,0.12916666666666668,0.22916666666666666,0.22777777777777777,0.11388888888888889
808,720,0.01,0.24178025456566024,0.27351431311030394,150,6.65678109094693e-05,0.04018022119998932,581697,6.000930897394816,0.08194444444444444,0.043055555555555555,0.11527777777777778,0.3236111111111111,0.4361111111111111
809,720,0.01,0.05708574336755823,0.058746587001459405,160,6.587064586432866e-05,0.04013488441705704,582417,6.008394197622935,0.18194444444444444,0.027777777777777776,0.08055555555555556,0.3680555555555556,0.3416666666666667
810,720,0.01,0.04919515913862881,0.0504253308402669,180,6.334769488173859e-05,0.039288826286792755,583137,6.016096083323161,0.1111111111111111,0.044444444444444446,0.16805555555555557,0.3388888888888889,0.3375
811,720,0.01,-0.3270126847903284,-0.278925403711469,93,6.712193106245144e-05,0.03880147635936737,583857,6.029814600944519,0.13472222222222222,0.06527777777777778,0.06944444444444445,0.14722222222222223,0.5833333333333334
812,720,0.01,-0.34402331304257683,-0.2910875990481254,131,6.649212170815291e-05,0.039613258093595505,584577,6.036492451032003,0.14166666666666666,0.05416666666666667,0.15,0.275,0.37916666666666665
813,720,0.01,-0.2093956952822349,-0.18892576610973122,86,6.712605304275914e-05,0.03903971612453461,585297,6.043006900946299,0.05416666666666667,0.009722222222222222,0.14027777777777778,0.2708333333333333,0.525
814,720,0.01,-0.22434613213122162,-0.20096148640518163,110,6.254354274864858e-05,0.038834098726511,586017,6.050233983993531,0.37083333333333335,0.10416666666666667,0.19027777777777777,0.22916666666666666,0.10555555555555556
815,720,0.01,0.16235427518919723,0.17627689323082452,170,6.919421780114337e-05,0.03890080749988556,586737,6.058755946159363,0.18055555555555555,0.20833333333333334,0.1638888888888889,0.2972222222222222,0.15
816,720,0.01,-0.04533208071756633,-0.04431993378993837,114,6.390225363727748e-05,0.03814581781625748,587457,6.0653677145640055,0.2513888888888889,0.04861111111111111,0.10416666666666667,0.25555555555555554,0.3402777777777778
817,720,0.01,0.1389454027000782,0.1490613626431323,164,6.251862018113267e-05,0.03837083280086517,588177,6.072392396132151,0.24027777777777778,0.04583333333333333,0.07361111111111111,0.2833333333333333,0.35694444444444445
818,720,0.01,-0.03366083847999448,-0.03310061590288094,165,6.934672744465488e-05,0.038936302065849304,588897,6.080270183086395,0.14583333333333334,0.002777777777777778,0.03194444444444444,0.37222222222222223,0.44722222222222224
819,720,0.01,-0.3314398078778414,-0.28211063379929857,152,6.949747402889746e-05,0.038712866604328156,589617,6.089835683504741,0.28194444444444444,0.08333333333333333,0.09305555555555556,0.3333333333333333,0.20833333333333334
820,720,0.01,-0.4045222756912344,-0.332704481984579,164,7.190651553704205e-05,0.03793047368526459,590337,6.098034930229187,0.2152777777777778,0.030555555555555555,0.13194444444444445,0.31666666666666665,0.3055555555555556
821,720,0.01,0.06361685604768268,0.06568401014711833,191,6.983504712757673e-05,0.03745755925774574,591057,6.112971798578898,0.40694444444444444,0.058333333333333334,0.12083333333333333,0.30694444444444446,0.10694444444444444
822,720,0.01,-0.060935553090925465,-0.059116125120348584,174,6.667457308190529e-05,0.037358298897743225,591777,6.119699001312256,0.10555555555555556,0.075,0.20694444444444443,0.2513888888888889,0.3611111111111111
823,720,0.01,-0.046345198206521394,-0.045287659686071735,202,6.433112941977015e-05,0.03713878616690636,592497,6.126960150400797,0.2,0.1125,0.15138888888888888,0.33194444444444443,0.20416666666666666
824,720,0.01,-0.45783543681585315,-0.3673484212003355,124,7.15550964565005e-05,0.03700851649045944,593217,6.13448736667633,0.3347222222222222,0.06944444444444445,0.13055555555555556,0.2708333333333333,0.19444444444444445
825,720,0.01,0.26896075630442573,0.3086037855901951,150,6.522014101998745e-05,0.036635998636484146,593937,6.141062831878662,0.14166666666666666,0.019444444444444445,0.2791666666666667,0.37916666666666665,0.18055555555555555
826,720,0.01,-0.06254556723523225,-0.06062974266726806,129,7.038913720660073e-05,0.03685413673520088,594657,6.148170415560404,0.26805555555555555,0.06666666666666667,0.10694444444444444,0.2111111111111111,0.3472222222222222
827,720,0.01,0.05606467143621637,0.057666082309451916,157,6.753432323623404e-05,0.03712651878595352,595377,6.155140181382497,0.2722222222222222,0.10972222222222222,0.20555555555555555,0.2,0.2125
828,720,0.01,-0.20711587818985003,-0.18707455579947752,160,6.83251311582151e-05,0.03728475049138069,596097,6.161973849932353,0.36944444444444446,0.06666666666666667,0.11388888888888889,0.19583333333333333,0.25416666666666665
829,720,0.01,0.12912208488907276,0.13782902741716097,175,7.000784449423413e-05,0.036848925054073334,596817,6.172151180108388,0.11944444444444445,0.10277777777777777,0.1625,0.2638888888888889,0.35138888888888886
830,720,0.01,0.03927688770326865,0.04005842317291908,133,6.969018663135607e-05,0.036773018538951874,597537,6.181842748324076,0.22083333333333333,0.03611111111111111,0.24444444444444444,0.18472222222222223,0.3138888888888889
831,720,0.01,0.03573575395618764,0.036381950474255076,146,6.713065891214379e-05,0.03761798143386841,598257,6.1984549005826315,0.14583333333333334,0.10138888888888889,0.25277777777777777,0.33055555555555555,0.16944444444444445
832,720,0.01,0.07002115199763495,0.07253086718465385,127,6.380187121648204e-05,0.037913478910923004,598977,6.206000566482544,0.18055555555555555,0.07916666666666666,0.23333333333333334,0.19722222222222222,0.30972222222222223
833,720,0.01,-0.019670981967399376,-0.01947877059371972,155,6.467395440318392e-05,0.03763985633850098,599697,6.21295018196106,0.11527777777777778,0.12777777777777777,0.35694444444444445,0.14583333333333334,0.25416666666666665
834,720,0.01,0.011388379432328177,0.011453473897507838,110,6.577138535451215e-05,0.037003323435783386,600417,6.219650451342265,0.2625,0.0625,0.1486111111111111,0.30972222222222223,0.21666666666666667
835,720,0.01,-0.12825046861503947,-0.12036696891637899,97,6.538307982282277e-05,0.037360213696956635,601137,6.226314083735148,0.2763888888888889,0.09583333333333334,0.2791666666666667,0.2375,0.1111111111111111
836,720,0.01,-0.12768139664315015,-0.11986625195436018,81,6.20262041681801e-05,0.036924563348293304,601857,6.232881200313568,0.26805555555555555,0.08472222222222223,0.25416666666666665,0.1,0.29305555555555557
837,720,0.01,0.20021417751851792,0.2216643831881231,122,6.423414370652205e-05,0.03784217685461044,602577,6.239474181334177,0.2777777777777778,0.06666666666666667,0.1625,0.25555555555555554,0.2375
838,720,0.01,0.14445293546683258,0.1554073149781834,130,6.70408725858983e-05,0.03764498233795166,603297,6.246001986662547,0.19305555555555556,0.06388888888888888,0.1625,0.15833333333333333,0.4222222222222222
839,720,0.01,0.296009983240326,0.34448357906773586,120,6.428133215826569e-05,0.03715641424059868,604017,6.253267999490102,0.10833333333333334,0.14444444444444443,0.3194444444444444,0.18888888888888888,0.2388888888888889
840,720,0.01,0.17923259931392027,0.19629897012873831,106,6.0603003171561594e-05,0.03761132434010506,604737,6.260542980829874,0.30972222222222223,0.14444444444444443,0.19444444444444445,0.1388888888888889,0.2125
841,720,0.01,0.10552202370261615,0.11129057898657413,88,6.362842130253436e-05,0.036935754120349884,605457,6.274178047974904,0.29583333333333334,0.11388888888888889,0.11527777777777778,0.13194444444444445,0.34305555555555556
842,720,0.01,-0.28356449967191244,-0.24690545377763418,129,6.578246178732015e-05,0.03662998601794243,606177,6.281372384230296,0.3055555555555556,0.07777777777777778,0.10972222222222222,0.30694444444444446,0.2
843,720,0.01,0.6711408366449414,0.9564680583959821,216,6.522800167658715e-05,0.037200361490249634,606897,6.288549598058065,0.13333333333333333,0.04722222222222222,0.12222222222222222,0.15,0.5472222222222223
844,720,0.01,-0.2206480032527818,-0.19800106837329112,132,7.299078209446938e-05,0.03601286560297012,607617,6.295182601610819,0.1388888888888889,0.05555555555555555,0.24027777777777778,0.23194444444444445,0.3333333333333333
845,720,0.01,-0.029229048261933187,-0.028806011306377943,105,7.854959354366049e-05,0.03623725473880768,608337,6.30187029838562,0.1361111111111111,0.06666666666666667,0.4083333333333333,0.17777777777777778,0.2111111111111111
846,720,0.01,-0.12013671966783993,-0.11320081446145092,121,7.671060928815778e-05,0.03596507012844086,609057,6.308968448638916,0.175,0.11388888888888889,0.2972222222222222,0.21944444444444444,0.19444444444444445
847,720,0.01,0.04770325724726465,0.04885936772457433,122,7.555071801764117e-05,0.036191873252391815,609777,6.315517981847127,0.12083333333333333,0.07083333333333333,0.23055555555555557,0.16111111111111112,0.4166666666666667
848,720,0.01,-0.5954859377214422,-0.44870539407746557,114,7.326848060781939e-05,0.03605400398373604,610497,6.322015881538391,0.125,0.06944444444444445,0.20833333333333334,0.1486111111111111,0.4486111111111111
849,720,0.01,0.18817242568416453,0.20704162238514678,133,7.54656724868457e-05,0.036170680075883865,611217,6.3285475969314575,0.25,0.030555555555555555,0.2263888888888889,0.28055555555555556,0.2125
850,720,0.01,0.307878294924025,0.3605353947969401,149,7.192290695204266e-05,0.03630692884325981,611937,6.335582383473715,0.1597222222222222,0.09444444444444444,0.3125,0.16666666666666666,0.26666666666666666
851,720,0.01,-0.14742964121128707,-0.13707684958684951,128,7.496344681183271e-05,0.035975925624370575,612657,6.349436680475871,0.325,0.10277777777777777,0.15555555555555556,0.20555555555555555,0.2111111111111111
852,720,0.01,0.32103849655480915,0.3785586496308786,142,7.338495260885085e-05,0.036097317934036255,613377,6.356934181849161,0.19444444444444445,0.059722222222222225,0.14305555555555555,0.2111111111111111,0.39166666666666666
853,720,0.01,0.03231954559849359,0.03284749444978674,129,7.60928071372291e-05,0.036603737622499466,614097,6.364183417956034,0.1486111111111111,0.05694444444444444,0.1388888888888889,0.2763888888888889,0.37916666666666665
854,720,0.01,0.09283071644063365,0.09727596876331512,98,7.771248187964375e-05,0.03699406981468201,614817,6.370669468243917,0.05416666666666667,0.08055555555555556,0.19305555555555556,0.2625,0.4097222222222222
855,720,0.01,0.02987591587835847,0.030326678840336685,131,7.670643583423953e-05,0.037216946482658386,615537,6.377106614907583,0.2861111111111111,0.05416666666666667,0.26805555555555555,0.24861111111111112,0.14305555555555555
856,720,0.01,-0.22427239334830376,-0.2009025641052815,127,7.556395224684012e-05,0.03764510899782181,616257,6.383707483609517,0.12083333333333333,0.075,0.24027777777777778,0.2638888888888889,0.3
857,720,0.01,0.13443408850093325,0.1438892610616651,178,7.421394113357059e-05,0.03707638755440712,616977,6.390123681227366,0.20416666666666666,0.11666666666666667,0.25,0.23194444444444445,0.19722222222222222
858,720,0.01,-0.020086600472388416,-0.019886208685925166,189,7.330921607465117e-05,0.036133717745542526,617697,6.3966031511624655,0.09722222222222222,0.1597222222222222,0.4097222222222222,0.18472222222222223,0.1486111111111111
859,720,0.01,-0.011316157227657081,-0.011252370354607244,185,7.332767399424888e-05,0.03599531203508377,618417,6.40297493537267,0.11944444444444445,0.08472222222222223,0.31527777777777777,0.17222222222222222,0.30833333333333335
860,720,0.01,0.10704111793659783,0.11298001698026283,143,7.486877013636533e-05,0.0362229086458683,619137,6.409302465120951,0.20972222222222223,0.0625,0.23194444444444445,0.2638888888888889,0.23194444444444445
861,720,0.01,-0.1916245849397984,-0.17438324071540068,200,7.224719404853709e-05,0.035607777535915375,619857,6.422496783733368,0.21944444444444444,0.058333333333333334,0.20555555555555555,0.37777777777777777,0.1388888888888889
862,720,0.01,-0.0960303535285978,-0.09156355860128973,274,7.522855030780798e-05,0.03505261242389679,620577,6.430358898639679,0.225,0.22083333333333333,0.21666666666666667,0.30972222222222223,0.027777777777777776
863,720,0.01,-0.03457081392879653,-0.033980070402183093,178,7.312209236387288e-05,0.03512848913669586,621297,6.438212017218272,0.17777777777777778,0.058333333333333334,0.16805555555555557,0.31805555555555554,0.2777777777777778
864,720,0.01,-0.2329004497469681,-0.20776756346164926,107,7.972220317292845e-05,0.03519374132156372,622017,6.446031733353933,0.29583333333333334,0.04861111111111111,0.15416666666666667,0.2125,0.28888888888888886
865,720,0.01,0.050054363862031145,0.051328249086374234,78,7.026221349204005e-05,0.035717159509658813,622737,6.452652935187022,0.3763888888888889,0.025,0.03888888888888889,0.1527777777777778,0.40694444444444444
866,720,0.01,0.1171948817302297,0.1243385213777699,116,7.455580972646204e-05,0.035689178854227066,623457,6.4591680804888405,0.16111111111111112,0.10833333333333334,0.1486111111111111,0.26666666666666666,0.31527777777777777
867,720,0.01,-0.14670850436901844,-0.13645433948053054,150,7.312078694465325e-05,0.03536420315504074,624177,6.4656246145566305,0.37777777777777777,0.1125,0.15694444444444444,0.17916666666666667,0.1736111111111111
868,720,0.01,-0.10952350237078771,-0.10373890014611487,143,7.084836163231658e-05,0.03509128838777542,624897,6.471983166535695,0.11944444444444445,0.14583333333333334,0.2722222222222222,0.26805555555555555,0.19444444444444445
869,720,0.01,0.22982142417175164,0.25837527445702957,113,7.087429383116412e-05,0.034687191247940063,625617,6.478461746374766,0.10416666666666667,0.09027777777777778,0.2513888888888889,0.19027777777777777,0.3638888888888889
870,720,0.01,-0.007176847024722993,-0.007151154957535932,107,6.858042561867074e-05,0.03389328345656395,626337,6.484858397642771,0.2708333333333333,0.0375,0.14722222222222223,0.3263888888888889,0.21805555555555556
871,720,0.01,0.22941473031913923,0.25786360502208794,183,6.765013363923976e-05,0.03363873064517975,627057,6.497164901097616,0.03888888888888889,0.041666666666666664,0.20416666666666666,0.32083333333333336,0.39444444444444443
872,720,0.01,0.030268957969614613,0.030731720186802258,123,6.455150251996302e-05,0.034337662160396576,627777,6.50392663081487,0.15694444444444444,0.05277777777777778,0.4222222222222222,0.12361111111111112,0.24444444444444444
873,720,0.01,0.8228231903279271,1.276918947634488,197,6.831740582179514e-05,0.03460411727428436,628497,6.511660985151926,0.14305555555555555,0.058333333333333334,0.0763888888888889,0.23194444444444445,0.49027777777777776
874,720,0.01,0.11269788202320544,0.11929372310645547,143,7.090809996397082e-05,0.03442307561635971,629217,6.519336001078288,0.1527777777777778,0.0625,0.23472222222222222,0.16527777777777777,0.38472222222222224
875,720,0.01,-0.039708529104899644,-0.03893047787381143,195,6.708783186139852e-05,0.03485895320773125,629937,6.5274743636449175,0.20277777777777778,0.1375,0.19444444444444445,0.19305555555555556,0.2722222222222222
876,720,0.01,0.01799292793307473,0.01815577589854489,115,6.794602869730524e-05,0.036066699773073196,630657,6.53400795062383,0.04027777777777778,0.005555555555555556,0.07777777777777778,0.12777777777777777,0.7486111111111111
877,720,0.01,0.14435574069484486,0.1552950208849333,86,6.911417692915873e-05,0.03572016954421997,631377,6.540553017457326,0.08611111111111111,0.05138888888888889,0.12083333333333333,0.10416666666666667,0.6375
878,720,0.01,-0.0345907488907922,-0.03399932778081938,121,6.52294847441226e-05,0.03620189055800438,632097,6.547026467323303,0.3680555555555556,0.08611111111111111,0.14027777777777778,0.029166666666666667,0.3763888888888889
879,720,0.01,-0.04118271528274889,-0.04034622948215816,151,6.548995294224369e-05,0.036692067980766296,632817,6.553565597534179,0.12638888888888888,0.14583333333333334,0.15416666666666667,0.14305555555555555,0.4305555555555556
880,720,0.01,0.0041243316741197905,0.00413284843462125,106,6.557610177474595e-05,0.037128906697034836,633537,6.560026868184408,0.1,0.0375,0.24166666666666667,0.28194444444444444,0.3388888888888889
881,720,0.01,-0.10273804549706875,-0.09763667934081177,94,6.828080921460848e-05,0.038065165281295776,634257,6.572381047407786,0.044444444444444446,0.05,0.11944444444444445,0.1486111111111111,0.6375
882,720,0.01,0.26878477606604634,0.30837351744597963,91,6.626744584157981e-05,0.037669844925403595,634977,6.578895330429077,0.09583333333333334,0.03333333333333333,0.2222222222222222,0.30416666666666664,0.34444444444444444
883,720,0.01,0.26213150020403747,0.29969744167125834,92,6.966891282394904e-05,0.038214441388845444,635697,6.585485013326009,0.09305555555555556,0.03194444444444444,0.20833333333333334,0.35555555555555557,0.3111111111111111
884,720,0.01,-0.19918800225419495,-0.1806041694119226,96,6.908487306292146e-05,0.03792840242385864,636417,6.5933309157689415,0.10833333333333334,0.044444444444444446,0.14444444444444443,0.2763888888888889,0.4263888888888889
885,720,0.01,0.1067391401401485,0.11264397246878599,95,6.617963446539457e-05,0.03722892329096794,637137,6.601256616910299,0.25555555555555554,0.08888888888888889,0.15416666666666667,0.2361111111111111,0.2652777777777778
886,720,0.01,-0.010190845340595611,-0.01013909461993967,74,7.067143059329182e-05,0.037651900202035904,637857,6.60810163418452,0.17083333333333334,0.04583333333333333,0.07222222222222222,0.11805555555555555,0.5930555555555556
887,720,0.01,0.568325329037374,0.7653082641376161,86,6.782247422607826e-05,0.03750790283083916,638577,6.614850699901581,0.019444444444444445,0.011111111111111112,0.14166666666666666,0.49166666666666664,0.33611111111111114
888,720,0.01,0.1471058985279187,0.15847663750475638,74,6.21155629914938e-05,0.037785302847623825,639297,6.621443247795105,0.044444444444444446,0.016666666666666666,0.14305555555555555,0.40694444444444444,0.3888888888888889
889,720,0.01,-0.0836077145475104,-0.0802079936446305,67,6.234213316121087e-05,0.038239095360040665,640017,6.628480152289073,0.06944444444444445,0.06111111111111111,0.3,0.16944444444444445,0.4
890,720,0.01,-0.03589110297205766,-0.035254654336051794,159,6.023894981000113e-05,0.040123287588357925,640737,6.635116863250732,0.49722222222222223,0.027777777777777776,0.04027777777777778,0.1125,0.32222222222222224
891,720,0.01,0.2515623195482085,0.2860330425648474,158,6.325953161194775e-05,0.04053401201963425,641457,6.64753026564916,0.3277777777777778,0.13055555555555556,0.05277777777777778,0.20972222222222223,0.2791666666666667
892,720,0.01,-0.37330570595791585,-0.3115452640440186,66,6.443553585313566e-05,0.040824875235557556,642177,6.6540229002634685,0.2569444444444444,0.21805555555555556,0.06388888888888888,0.08055555555555556,0.38055555555555554
893,720,0.01,0.035576406850443165,0.03621681916695074,133,6.677045437426285e-05,0.04112791270017624,642897,6.660557448863983,0.21666666666666667,0.24861111111111112,0.20972222222222223,0.18611111111111112,0.1388888888888889
894,720,0.01,-0.019928311874781793,-0.019731055569242262,100,6.758904276138209e-05,0.04136604070663452,643617,6.667045319080353,0.19583333333333333,0.11388888888888889,0.25,0.25416666666666665,0.18611111111111112
895,720,0.01,0.06528698259997995,0.06746532440488973,128,6.551094398774796e-05,0.04109349101781845,644337,6.674552114804586,0.075,0.09166666666666666,0.32222222222222224,0.30277777777777776,0.20833333333333334
896,720,0.01,0.1554914987398398,0.1682320045808401,101,6.52044978728049e-05,0.04093237966299057,645057,6.6821666836738585,0.18888888888888888,0.08611111111111111,0.22361111111111112,0.25833333333333336,0.24305555555555555
897,720,0.01,-0.039200350266313196,-0.03844195856317978,118,6.526212561715914e-05,0.04093487560749054,645777,6.688874697685241,0.16805555555555557,0.11666666666666667,0.17916666666666667,0.12222222222222222,0.41388888888888886
898,720,0.01,-0.08455579753823096,-0.08107961954872134,137,6.36051458551871e-05,0.04058358073234558,646497,6.6953036189079285,0.14305555555555555,0.04722222222222222,0.21666666666666667,0.3402777777777778,0.25277777777777777
899,720,0.01,0.15827388699432754,0.1714870058275877,141,6.69495220096097e-05,0.040482811629772186,647217,6.7016993999481205,0.09861111111111111,0.0875,0.13055555555555556,0.19722222222222222,0.4861111111111111
900,720,0.01,0.04215353654240482,0.04305461345607431,100,6.642030490158706e-05,0.04024837538599968,647937,6.708153482278188,0.32916666666666666,0.09722222222222222,0.13472222222222222,0.13194444444444445,0.30694444444444446
901,720,0.01,0.33356161554240976,0.3959310549408832,99,6.635811167193929e-05,0.03978246822953224,648657,6.720723100503286,0.09166666666666666,0.06111111111111111,0.19444444444444445,0.3611111111111111,0.2916666666666667
902,720,0.01,0.1626329999807181,0.17660479645791516,121,6.914793583645304e-05,0.03972414880990982,649377,6.727123733361562,0.08611111111111111,0.09861111111111111,0.08194444444444444,0.24027777777777778,0.4930555555555556
903,720,0.01,0.10925999797786529,0.115452327992696,118,6.647937851388027e-05,0.03923305496573448,650097,6.734197115898132,0.2902777777777778,0.08888888888888889,0.05416666666666667,0.22083333333333333,0.3458333333333333
904,720,0.01,0.07945594326692425,0.08269785834811816,95,6.64652919870908e-05,0.039489295333623886,650817,6.740794098377227,0.04583333333333333,0.09027777777777778,0.2833333333333333,0.24305555555555555,0.3375
905,720,0.01,0.15343811449771164,0.16583563656564437,154,6.603292379294442e-05,0.039155296981334686,651537,6.747502148151398,0.19722222222222222,0.03888888888888889,0.23472222222222222,0.22916666666666666,0.3
906,720,0.01,0.13452589655178565,0.14399428412602044,118,6.589243958059241e-05,0.03932034224271774,652257,6.754171550273895,0.1736111111111111,0.058333333333333334,0.2111111111111111,0.2833333333333333,0.27361111111111114
907,720,0.01,0.1292561542730599,0.13798158568041896,131,6.837977153584991e-05,0.039095163345336914,652977,6.761305383841196,0.175,0.02361111111111111,0.22083333333333333,0.26666666666666666,0.3138888888888889
908,720,0.01,-0.3284142219690552,-0.27993530869180305,141,6.899638576922169e-05,0.03911565616726875,653697,6.767425167560577,0.19305555555555556,0.008333333333333333,0.2722222222222222,0.225,0.3013888888888889
909,720,0.01,-0.2680313618287468,-0.23511620742780992,82,6.828815612859923e-05,0.03919479623436928,654417,6.773681616783142,0.06805555555555555,0.06805555555555555,0.07361111111111111,0.14444444444444443,0.6458333333333334
910,720,0.01,-0.14231131765814786,-0.1326488072918237,113,7.228240895453079e-05,0.03918316960334778,655137,6.779430981477102,0.05694444444444444,0.12638888888888888,0.1638888888888889,0.225,0.42777777777777776
911,720,0.01,-0.17027372086432274,-0.15656608046430032,158,6.60007846540288e-05,0.03867208585143089,655857,6.791310918331146,0.30972222222222223,0.07361111111111111,0.16944444444444445,0.18055555555555555,0.26666666666666666
912,720,0.01,0.20365726472127132,0.22587792983362398,147,6.333965838570698e-05,0.03832303732633591,656577,6.797853183746338,0.14305555555555555,0.10138888888888889,0.16527777777777777,0.25277777777777777,0.3375
913,720,0.01,0.3265081455239513,0.3861195403869371,183,5.896263043925703e-05,0.03877633064985275,657297,6.80438402891159,0.06388888888888888,0.1,0.23333333333333334,0.2986111111111111,0.30416666666666664
914,720,0.01,0.1407269126082325,0.15111025136164047,148,5.7166404997133216e-05,0.0387684665620327,658017,6.810449067751566,0.10138888888888889,0.07361111111111111,0.17083333333333334,0.35833333333333334,0.29583333333333334
915,720,0.01,0.040624455203557196,0.04146091686761566,158,5.5471586678221586e-05,0.038527365773916245,658737,6.81637841463089,0.20972222222222223,0.022222222222222223,0.09444444444444444,0.2722222222222222,0.4013888888888889
916,720,0.01,0.10465883974668164,0.11033174467314466,154,5.701976933652178e-05,0.039025723934173584,659457,6.822317250569662,0.40694444444444444,0.02361111111111111,0.03611111111111111,0.2152777777777778,0.31805555555555554
917,720,0.01,-0.029719223842915872,-0.02928195022768476,112,5.511931189327394e-05,0.038903139531612396,660177,6.828036602338155,0.16805555555555557,0.10555555555555556,0.08194444444444444,0.22361111111111112,0.42083333333333334
918,720,0.01,0.006340724470332345,0.006360869419085757,125,5.720607574125501e-05,0.038305941969156265,660897,6.8339093645413715,0.1638888888888889,0.03888888888888889,0.23055555555555557,0.20694444444444443,0.3597222222222222
919,720,0.01,-0.12492140559505929,-0.11743373537078738,120,5.659487836737753e-05,0.038481030613183975,661617,6.840260847409566,0.0625,0.10694444444444444,0.09305555555555556,0.17083333333333334,0.5666666666666667
920,720,0.01,0.1525559565395015,0.1648076388757196,117,6.004663149118035e-05,0.03840242326259613,662337,6.846555499235789,0.07361111111111111,0.08611111111111111,0.20277777777777778,0.3111111111111111,0.3263888888888889
921,720,0.01,0.12718861349865485,0.13563119295517412,94,6.015218443988286e-05,0.03794608265161514,663057,6.8586001316706335,0.14305555555555555,0.08472222222222223,0.11805555555555555,0.19722222222222222,0.45694444444444443
922,720,0.01,-0.09341706597246925,-0.08918644826984934,102,5.8621990835187417e-05,0.03800737485289574,663777,6.864842712879181,0.18333333333333332,0.12083333333333333,0.15138888888888888,0.175,0.36944444444444446
923,720,0.01,-0.12445859333369917,-0.11702517834674464,145,5.4019424149171554e-05,0.03809604421257973,664497,6.8709936817487085,0.04861111111111111,0.11805555555555555,0.4375,0.3,0.09583333333333334
924,720,0.01,-0.18797625691134817,-0.1713656186613065,123,5.285377709090729e-05,0.037857577204704285,665217,6.877125398317973,0.15138888888888888,0.14583333333333334,0.33194444444444443,0.175,0.19583333333333333
925,720,0.01,-0.23755738732322618,-0.21144836318508387,86,5.494674743178823e-05,0.03785819187760353,665937,6.882780881722768,0.30694444444444446,0.06111111111111111,0.1111111111111111,0.1,0.42083333333333334
926,720,0.01,-0.10318564277914462,-0.09804048433283419,93,5.4794362426946464e-05,0.03768832981586456,666657,6.888446382681528,0.058333333333333334,0.07222222222222222,0.20833333333333334,0.24027777777777778,0.42083333333333334
927,720,0.01,-0.2057343310640688,-0.18595068482696953,119,5.6391974112557364e-05,0.03757714480161667,667377,6.894545384248098,0.10277777777777777,0.1361111111111111,0.18888888888888888,0.16111111111111112,0.4111111111111111
928,720,0.01,-0.23435348791583277,-0.20891787150741636,128,5.718590568903892e-05,0.03787187859416008,668097,6.900784464677175,0.15555555555555556,0.07222222222222222,0.3194444444444444,0.25972222222222224,0.19305555555555556
929,720,0.01,-0.030094351515190233,-0.02964602513857284,113,5.4413806804455414e-05,0.03796685114502907,668817,6.906596966584524,0.05,0.06527777777777778,0.20694444444444443,0.5472222222222223,0.13055555555555556
930,720,0.01,0.16083422478192824,0.17449025129711537,95,5.395420206089814e-05,0.038287222385406494,669537,6.9125205993652346,0.16944444444444445,0.1388888888888889,0.11944444444444445,0.2625,0.30972222222222223
931,720,0.01,-0.2097282880904159,-0.18919547871210218,93,5.430939195573754e-05,0.03840561956167221,670257,6.924083185195923,0.1875,0.027777777777777776,0.058333333333333334,0.24583333333333332,0.48055555555555557
932,720,0.01,-0.1668294423523536,-0.15365605053902676,97,5.5620672929358584e-05,0.038149937987327576,670977,6.930760212739309,0.12777777777777777,0.10555555555555556,0.2388888888888889,0.16527777777777777,0.3625
933,720,0.01,0.05006025786669392,0.05133444563823697,73,5.3663786803149886e-05,0.03766772896051407,671697,6.937264899412791,0.08611111111111111,0.18055555555555555,0.16805555555555557,0.16666666666666666,0.39861111111111114
934,720,0.01,-0.08976412535618998,-0.08585321610985552,129,5.426866973721189e-05,0.03712436556816101,672417,6.9477195302645365,0.15555555555555556,0.12777777777777777,0.23055555555555557,0.33194444444444443,0.15416666666666667
935,720,0.01,0.006960952805063488,0.006985236550343776,110,5.387909391174617e-05,0.03851596638560295,673137,6.955365534623464,0.1388888888888889,0.06527777777777778,0.17083333333333334,0.39861111111111114,0.2263888888888889
936,720,0.01,-0.05110510362478741,-0.049821201951831706,82,5.604924990494611e-05,0.03807457536458969,673857,6.961238233248393,0.25416666666666665,0.1486111111111111,0.16527777777777777,0.33194444444444443,0.1
937,720,0.01,-0.3525272976685402,-0.2970906182384927,51,5.482539595378613e-05,0.038369789719581604,674577,6.967264946301778,0.1625,0.05277777777777778,0.14305555555555555,0.225,0.4166666666666667
938,720,0.01,0.194999244022644,0.21531006774249328,228,5.721650937984022e-05,0.03947915881872177,675297,6.973013782501221,0.45,0.03611111111111111,0.10694444444444444,0.11527777777777778,0.2916666666666667
939,720,0.01,-0.18094876438550092,-0.1655218874005957,302,5.761639843689813e-05,0.03888828307390213,676017,6.978858196735382,0.4083333333333333,0.125,0.10416666666666667,0.06388888888888888,0.2986111111111111
940,720,0.01,0.0536433030081722,0.055108181110687715,120,5.6797213110510506e-05,0.03888610750436783,676737,6.984651664892833,0.1527777777777778,0.14027777777777778,0.22083333333333333,0.29583333333333334,0.19027777777777777
941,720,0.01,0.430617630615185,0.5382072741255761,208,5.763428878127444e-05,0.038775764405727386,677457,6.996161985397339,0.24444444444444444,0.09861111111111111,0.14722222222222223,0.2263888888888889,0.2833333333333333
942,720,0.01,-0.22645865320996555,-0.20264769041003516,87,6.151568308041533e-05,0.03841798007488251,678177,7.002237717310588,0.17083333333333334,0.09305555555555556,0.2875,0.25,0.1986111111111111
943,720,0.01,0.1574636793767089,0.17053824253105132,124,5.497274819769397e-05,0.03813112899661064,678897,7.00945113102595,0.1625,0.1388888888888889,0.17916666666666667,0.25833333333333336,0.2611111111111111
944,720,0.01,0.09417552848936873,0.0987525913742946,110,5.696846162284904e-05,0.03800465539097786,679617,7.016815714041392,0.18888888888888888,0.10416666666666667,0.16666666666666666,0.2902777777777778,0.25
945,720,0.01,0.07429209432965021,0.07712138059880025,136,5.6977645512132665e-05,0.03818110376596451,680337,7.0229372183481855,0.08055555555555556,0.04583333333333333,0.24305555555555555,0.2916666666666667,0.3388888888888889
946,720,0.01,-0.08693448720743867,-0.08326284832323672,94,5.992841539131809e-05,0.037712182849645615,681057,7.029294602076212,0.11666666666666667,0.14027777777777778,0.15833333333333333,0.375,0.20972222222222223
947,720,0.01,-0.21013984521719362,-0.18952910243394394,94,5.947242252912272e-05,0.03835655003786087,681777,7.035358933607737,0.07083333333333333,0.20277777777777778,0.24444444444444444,0.4166666666666667,0.06527777777777778
948,720,0.01,-0.007233642816757932,-0.007207542992741511,154,5.7639277861198936e-05,0.03819665312767029,682497,7.041624081134796,0.11944444444444445,0.10694444444444444,0.2708333333333333,0.3347222222222222,0.16805555555555557
949,720,0.01,0.13052106767137348,0.13942194460778334,102,5.843430391097273e-05,0.03869094327092171,683217,7.047850898901621,0.14166666666666666,0.125,0.2652777777777778,0.21944444444444444,0.24861111111111112
950,720,0.01,0.005133428060106584,0.005146626676982402,89,6.0421982710876266e-05,0.03806716948747635,683937,7.054628837108612,0.25,0.10694444444444444,0.14444444444444443,0.31527777777777777,0.18333333333333332
951,720,0.01,0.3592462765178614,0.43224948755724313,126,5.659627964860192e-05,0.037497807294130325,684657,7.067758198579153,0.2222222222222222,0.10972222222222222,0.16944444444444445,0.20694444444444443,0.2916666666666667
952,720,0.01,0.0629993844212625,0.06502618362362855,113,5.9607242124255006e-05,0.037504054605960846,685377,7.07395308415095,0.18194444444444444,0.09027777777777778,0.1597222222222222,0.23472222222222222,0.3333333333333333
953,720,0.01,0.2546339604397593,0.2899893473093553,161,5.879811663413016e-05,0.037085890769958496,686097,7.080669367313385,0.05694444444444444,0.08194444444444444,0.19166666666666668,0.4263888888888889,0.24305555555555555
954,720,0.01,0.01590118045304155,0.016028276990990298,143,5.8956759538533437e-05,0.03697558492422104,686817,7.087192018826802,0.09166666666666666,0.075,0.2222222222222222,0.3,0.3111111111111111
955,720,0.01,-0.09726962795966879,-0.09268866335459547,223,5.507742385285989e-05,0.03732558339834213,687537,7.0944971998532615,0.10555555555555556,0.05138888888888889,0.11388888888888889,0.3013888888888889,0.42777777777777776
956,720,0.01,0.09234297518253141,0.0967409124969445,108,5.651202504471561e-05,0.036844611167907715,688257,7.101033985614777,0.1486111111111111,0.11388888888888889,0.24166666666666667,0.225,0.2708333333333333
957,720,0.01,-0.11638993699303936,-0.10987193824351371,93,5.714875747899997e-05,0.03677166998386383,688977,7.107531201839447,0.24305555555555555,0.06944444444444445,0.13472222222222222,0.3736111111111111,0.17916666666666667
958,720,0.01,0.05591178650742822,0.05750439346598335,106,5.6029987863186965e-05,0.036555252969264984,689697,7.114015714327494,0.1763888888888889,0.08611111111111111,0.1638888888888889,0.27361111111111114,0.3
959,720,0.01,-0.22429900686052515,-0.20092383061166674,90,5.5959232023875906e-05,0.03609524294734001,690417,7.119815834363302,0.20277777777777778,0.18194444444444444,0.17222222222222222,0.23333333333333334,0.20972222222222223
960,720,0.01,0.2375456735285311,0.2681329155729324,85,5.372672798734533e-05,0.03680569678544998,691137,7.125748149553934,0.3277777777777778,0.15555555555555556,0.18611111111111112,0.26944444444444443,0.06111111111111111
961,720,0.01,0.323910774131673,0.38252394471655227,73,5.7001572011156694e-05,0.03694666177034378,691857,7.136968715985616,0.1527777777777778,0.03888888888888889,0.1,0.5944444444444444,0.11388888888888889
962,720,0.01,0.30484805424145667,0.356418885250839,144,5.740244681899437e-05,0.037175871431827545,692577,7.142874832948049,0.11527777777777778,0.08055555555555556,0.10694444444444444,0.4041666666666667,0.29305555555555557
963,720,0.01,-0.3095935312027451,-0.26625485987644315,87,5.711901127875131e-05,0.0374683141708374,693297,7.148811149597168,0.3138888888888889,0.07361111111111111,0.08055555555555556,0.3819444444444444,0.15
964,720,0.01,-0.23304407367897628,-0.2078813388286227,102,5.7729656143439775e-05,0.03715161234140396,694017,7.154645450909933,0.3541666666666667,0.16527777777777777,0.09027777777777778,0.22777777777777777,0.1625
965,720,0.01,0.03952826840431654,0.04031990665303775,121,5.251691936665439e-05,0.037195540964603424,694737,7.160404817263285,0.011111111111111112,0.0875,0.19166666666666668,0.3958333333333333,0.3138888888888889
966,720,0.01,-0.03441921391872176,-0.03383361066975865,71,5.7428559335272035e-05,0.03674726188182831,695457,7.166145932674408,0.38055555555555554,0.15555555555555556,0.24166666666666667,0.20833333333333334,0.013888888888888888
967,720,0.01,0.04000628385102295,0.0408173145127837,80,5.630482034525307e-05,0.036919690668582916,696177,7.172338517506917,0.25277777777777777,0.1,0.20694444444444443,0.20555555555555555,0.23472222222222222
968,720,0.01,0.08608904574114977,0.08990337523808667,82,5.588989294867335e-05,0.03737432509660721,696897,7.17868614991506,0.20416666666666666,0.08333333333333333,0.11666666666666667,0.2569444444444444,0.3388888888888889
969,720,0.01,-0.004426045548716163,-0.004416265044089318,109,5.6786911264023524e-05,0.037727952003479004,697617,7.185765949885051,0.20416666666666666,0.0625,0.12083333333333333,0.24027777777777778,0.37222222222222223
970,720,0.01,-0.3652058614643904,-0.30594624275249416,152,5.989089393223266e-05,0.036993611603975296,698337,7.19187818368276,0.2361111111111111,0.11666666666666667,0.044444444444444446,0.3388888888888889,0.2638888888888889
971,720,0.01,-0.1774939653036023,-0.16263394742959236,90,6.07764321608152e-05,0.03784475475549698,699057,7.204035798708598,0.225,0.09861111111111111,0.125,0.23333333333333334,0.31805555555555554
972,720,0.01,-0.018779515661651428,-0.018604279223752185,126,6.300247007276185e-05,0.03805329278111458,699777,7.210140415032705,0.034722222222222224,0.08333333333333333,0.13472222222222222,0.5152777777777777,0.23194444444444445
973,720,0.01,0.18542448142602347,0.20372929242296323,89,5.983387230041141e-05,0.03835926949977875,700497,7.216203248500824,0.33611111111111114,0.034722222222222224,0.075,0.3236111111111111,0.23055555555555557
974,720,0.01,0.3770361012567937,0.4579569424991332,149,5.608402606311655e-05,0.03803659975528717,701217,7.222149014472961,0.2,0.1125,0.07083333333333333,0.2972222222222222,0.3194444444444444
975,720,0.01,-0.1434776343506291,-0.13365982376881813,125,5.97823467526521e-05,0.03769869729876518,701937,7.227782968680064,0.25,0.18194444444444444,0.1388888888888889,0.3333333333333333,0.09583333333333334
976,720,0.01,0.02650854262077597,0.02686301932557522,179,5.735479752881171e-05,0.03794974833726883,702657,7.233546650409698,0.31527777777777777,0.06805555555555555,0.15416666666666667,0.3472222222222222,0.11527777777777778
977,720,0.01,-0.3928268586650884,-0.324854366916843,145,5.8631081110939296e-05,0.038308560848236084,703377,7.239219868183136,0.0625,0.09305555555555556,0.19305555555555556,0.3875,0.2638888888888889
978,720,0.01,0.41878173380955586,0.5201085302805104,137,5.977929495454898e-05,0.038091592490673065,704097,7.2449056029319765,0.175,0.17222222222222222,0.1597222222222222,0.3458333333333333,0.14722222222222223
979,720,0.01,0.22277898067779903,0.249544369764235,131,5.794260299328218e-05,0.037569768726825714,704817,7.250625769297282,0.07916666666666666,0.034722222222222224,0.16527777777777777,0.4722222222222222,0.24861111111111112
980,720,0.01,0.09327256361380844,0.09776090417409145,113,5.931159149794338e-05,0.037530817091464996,705537,7.256554198265076,0.07222222222222222,0.034722222222222224,0.2375,0.4375,0.21805555555555556
981,720,0.01,-0.21909208890148438,-0.1967522554548118,140,5.56920319114498e-05,0.037715476006269455,706257,7.268155936400095,0.13333333333333333,0.08888888888888889,0.21666666666666667,0.3819444444444444,0.17916666666666667
982,720,0.01,0.024314246637308967,0.02461224825876407,122,5.8941223557616873e-05,0.037396110594272614,706977,7.274228314558665,0.21666666666666667,0.16805555555555557,0.17083333333333334,0.24444444444444444,0.2
983,720,0.01,0.09751601930450625,0.10242910156935303,96,5.7920601409477965e-05,0.036940962076187134,707697,7.280394319693247,0.3611111111111111,0.075,0.18472222222222223,0.2111111111111111,0.16805555555555557
984,720,0.01,0.022123567974532337,0.022370108869026906,142,5.971143667567149e-05,0.036622896790504456,708417,7.28734716574351,0.24861111111111112,0.12083333333333333,0.2763888888888889,0.2513888888888889,0.10277777777777777
985,720,0.01,0.9690403434462879,1.635414152972142,169,5.641777577238827e-05,0.037002190947532654,709137,7.2932144482930505,0.011111111111111112,0.11527777777777778,0.20694444444444443,0.26805555555555555,0.39861111111111114
986,720,0.01,0.5188965243004401,0.6801725967526131,136,5.7414631704786085e-05,0.036558616906404495,709857,7.299177801609039,0.08611111111111111,0.1111111111111111,0.11388888888888889,0.34444444444444444,0.34444444444444444
987,720,0.01,0.13737677717994104,0.1472603286087597,212,6.172599181203016e-05,0.036757029592990875,710577,7.305026133855184,0.14722222222222223,0.030555555555555555,0.13472222222222222,0.30972222222222223,0.37777777777777777
988,720,0.01,-0.024535705264256746,-0.0242371515739368,95,6.0413370407433023e-05,0.03665093332529068,711297,7.310865382353465,0.2125,0.0763888888888889,0.12777777777777777,0.35694444444444445,0.2263888888888889
989,720,0.01,0.05777826063193971,0.05948004122710748,110,5.510085363766848e-05,0.03710920736193657,712017,7.316554649670919,0.19305555555555556,0.1625,0.08333333333333333,0.16527777777777777,0.3958333333333333
990,720,0.01,-0.19279432926723292,-0.17534843660994104,112,6.065324270897084e-05,0.03671156242489815,712737,7.322227732340495,0.006944444444444444,0.03333333333333333,0.19722222222222222,0.5138888888888888,0.24861111111111112
991,720,0.01,-0.3999172405089953,-0.32962447632292213,120,6.022777895774804e-05,0.03644180670380592,713457,7.333479567368825,0.07916666666666666,0.059722222222222225,0.19305555555555556,0.29305555555555557,0.375
992,720,0.01,0.15004063341916254,0.16188145298521506,121,5.830563200611828e-05,0.0360233336687088,714177,7.339594614505768,0.26666666666666666,0.08888888888888889,0.17083333333333334,0.32083333333333336,0.1527777777777778
993,720,0.01,0.15719248668094368,0.17022084414956784,81,6.471916746527818e-05,0.03637595474720001,714897,7.34577248096466,0.26666666666666666,0.07222222222222222,0.09583333333333334,0.375,0.19027777777777777
994,720,0.01,0.3674068845708376,0.44398533495516745,133,5.7697125147468696e-05,0.03627559170126915,715617,7.351887667179108,0.24444444444444444,0.0375,0.15833333333333333,0.32916666666666666,0.23055555555555557
995,720,0.01,0.08632575410117399,0.09016139501514098,120,5.598484680401978e-05,0.035909079015254974,716337,7.358095999558767,0.07222222222222222,0.011111111111111112,0.17777777777777778,0.49583333333333335,0.24305555555555555
996,720,0.01,-0.037363143758132794,-0.036673754090434274,94,5.8425672287083015e-05,0.03658773750066757,717057,7.36422260204951,0.1597222222222222,0.10555555555555556,0.20833333333333334,0.2777777777777778,0.24861111111111112
997,720,0.01,-0.08632911616570171,-0.08270771418461531,106,5.756008346603873e-05,0.03623587638139725,717777,7.3701091527938845,0.21388888888888888,0.044444444444444446,0.15416666666666667,0.41388888888888886,0.1736111111111111
998,720,0.01,0.13259440176647647,0.14178679769236036,101,6.013478746732896e-05,0.036015257239341736,718497,7.375948731104533,0.3861111111111111,0.16111111111111112,0.16527777777777777,0.1125,0.175
999,720,0.01,0.022204143970011497,0.022452490677250747,120,6.009462923278382e-05,0.035469673573970795,719217,7.381632765134175,0.18611111111111112,0.09722222222222222,0.1763888888888889,0.1986111111111111,0.3416666666666667
1000,720,0.01,-0.3264305666681869,-0.27850553092563357,122,5.803114861969839e-05,0.036302290856838226,719937,7.387490896383921,0.05416666666666667,0.04861111111111111,0.1527777777777778,0.4263888888888889,0.31805555555555554
1001,720,0.01,0.12976929135008186,0.13856567607140158,182,5.7262227965616654e-05,0.03597524017095566,720657,7.399146982034048,0.0875,0.029166666666666667,0.2,0.35833333333333334,0.325
1002,720,0.01,0.33580115790319603,0.3990608049669242,158,6.444478979498551e-05,0.03584172576665878,721377,7.40479549964269,0.2763888888888889,0.09583333333333334,0.17777777777777778,0.19166666666666668,0.25833333333333336
1003,720,0.01,0.264571182962105,0.30287216219119184,151,5.860266698821053e-05,0.03607010841369629,722097,7.4106093645095825,0.2,0.02638888888888889,0.14444444444444443,0.17916666666666667,0.45
1004,720,0.01,0.06250082615734581,0.0644953383581397,184,6.261566515175016e-05,0.03583294525742531,722817,7.4165481170018515,0.14444444444444443,0.015277777777777777,0.24444444444444444,0.1625,0.43333333333333335
1005,720,0.01,0.1669673604934044,0.18171569406170085,163,6.231691385589026e-05,0.03648345544934273,723537,7.422597169876099,0.0875,0.04722222222222222,0.19722222222222222,0.29305555555555557,0.375
1006,720,0.01,0.015002191905970606,0.015115289650543318,122,6.127384678570202e-05,0.036721162497997284,724257,7.4291386842727665,0.18194444444444444,0.1361111111111111,0.1597222222222222,0.16527777777777777,0.35694444444444445
1007,720,0.01,0.20630803460824687,0.22913176080844178,152,6.35211513175212e-05,0.0369342565536499,724977,7.435357117652893,0.07222222222222222,0.10972222222222222,0.19027777777777777,0.3,0.3277777777777778
1008,720,0.01,-0.3468491833762322,-0.2930880657102036,212,6.132058778121063e-05,0.036785271018743515,725697,7.441329451402028,0.07083333333333333,0.06388888888888888,0.09861111111111111,0.2388888888888889,0.5277777777777778
1009,720,0.01,-0.039932499847806044,-0.039145705225450245,140,6.845210093615605e-05,0.03658007085323334,726417,7.447594686349233,0.25,0.03194444444444444,0.2861111111111111,0.2791666666666667,0.1527777777777778
1010,720,0.01,0.18032210802338997,0.19760305855467508,161,6.763200546831488e-05,0.03718212991952896,727137,7.453921433289846,0.006944444444444444,0.008333333333333333,0.1375,0.2763888888888889,0.5708333333333333
1011,720,0.01,-0.008964420868108834,-0.008924360243494078,92,6.578719355856163e-05,0.03792286291718483,727857,7.465319033463796,0.25972222222222224,0.034722222222222224,0.16666666666666666,0.19305555555555556,0.3458333333333333
1012,720,0.01,-0.02736495144480936,-0.026993923254186925,88,6.222390431452772e-05,0.03932791203260422,728577,7.471141616503398,0.12083333333333333,0.03611111111111111,0.10833333333333334,0.15694444444444444,0.5777777777777777
1013,720,0.01,-0.07652651862163114,-0.07367165098788808,146,6.082061863076484e-05,0.039202723652124405,729297,7.477142981688181,0.03611111111111111,0.004166666666666667,0.2763888888888889,0.16666666666666666,0.5166666666666667
