episode,steps,epsilon,train_reward,train_portfolio_return,train_position_changes,mean_loss,mean_max_q,updates,minutes,action_share_-1,action_share_0,action_share_0.5,action_share_1,action_share_2
1,720,1.0,-0.0784406183978222,-0.07544304002490143,566,0.0016434117282758136,0.2038884162902832,657,0.008379133542378743,0.20833333333333334,0.19027777777777777,0.18055555555555555,0.21388888888888888,0.20694444444444443
2,720,0.9909,-0.01577324545524322,-0.01564949929961612,573,0.000733070326653736,0.20925164222717285,1377,0.018079682191212972,0.2222222222222222,0.20694444444444443,0.19583333333333333,0.1736111111111111,0.2013888888888889
3,720,0.98188281,-0.2594280480582653,-0.22850728360403227,568,0.00047055022880360613,0.19666051864624023,2097,0.028460983435312906,0.19444444444444445,0.2,0.20833333333333334,0.1986111111111111,0.1986111111111111
4,720,0.972947676429,-0.29458785093980655,-0.25516149129572496,590,0.000346244272481676,0.18289288878440857,2817,0.03762846390406291,0.19305555555555556,0.2152777777777778,0.19722222222222222,0.20416666666666666,0.19027777777777777
5,720,0.9640938525734961,-0.12094520411349595,-0.11391748806061375,552,0.0002602228241610444,0.17522874474525452,3537,0.04659983317057292,0.21388888888888888,0.19583333333333333,0.18888888888888888,0.19583333333333333,0.20555555555555555
6,720,0.9553205985150773,0.2619819494262682,0.29950308544141846,577,0.0002529821317491749,0.16144606471061707,4257,0.055424702167510984,0.17777777777777778,0.2013888888888889,0.1875,0.2222222222222222,0.2111111111111111
7,720,0.9466271810685901,-0.03242511285545056,-0.0319050550171226,579,0.00019429984902469895,0.1535656899213791,4977,0.06523166497548422,0.19722222222222222,0.20277777777777778,0.23055555555555557,0.17916666666666667,0.19027777777777777
8,720,0.938012873720866,-0.3915484162985597,-0.3239906801667012,579,0.00016760842771266956,0.14297150075435638,5697,0.07368379831314087,0.2,0.21666666666666667,0.19722222222222222,0.19305555555555556,0.19305555555555556
9,720,0.9294769565700061,0.07422772513196191,0.07705204939114041,572,0.00018970205117309685,0.1340527981519699,6417,0.08393727938334147,0.18611111111111112,0.2013888888888889,0.21388888888888888,0.20833333333333334,0.19027777777777777
10,720,0.921018716265219,0.09868137410113073,0.10371457147958818,584,0.0001754295063316628,0.12360180914402008,7137,0.0927562157313029,0.2152777777777778,0.1736111111111111,0.19305555555555556,0.1986111111111111,0.21944444444444444
11,720,0.9126374459472055,-0.11098732023809581,-0.10504990338877085,573,0.0001455292336383233,0.11725671589374542,7857,0.11010943253835043,0.225,0.1986111111111111,0.20555555555555555,0.18472222222222223,0.18611111111111112
12,720,0.904332445189086,-0.1235146901839329,-0.11619134216303151,566,0.0001537015745018127,0.1134427934885025,8577,0.11986974875132243,0.175,0.19027777777777777,0.21388888888888888,0.2,0.22083333333333333
13,720,0.8961030199378652,0.011198748694843282,0.011261689414011622,580,0.00021709922291140375,0.11341855674982071,9297,0.13154704968134562,0.18055555555555555,0.20972222222222223,0.1763888888888889,0.21805555555555556,0.2152777777777778
14,720,0.8879484824564307,0.0024233005644574406,0.0024262391304668007,583,0.0001931108369313329,0.10916683822870255,10017,0.14098440011342367,0.19583333333333333,0.20833333333333334,0.19305555555555556,0.19583333333333333,0.20694444444444443
15,720,0.8798681512660771,0.20479240360342765,0.22727026163203212,574,0.00017448003253169494,0.10491008311510086,10737,0.14977566401163736,0.19722222222222222,0.2013888888888889,0.2013888888888889,0.19166666666666668,0.20833333333333334
16,720,0.8718613510895558,-0.3969731847329558,-0.32764794530917474,570,0.00016931901153232804,0.09863757342100143,11457,0.15859399636586508,0.21805555555555556,0.1986111111111111,0.19583333333333333,0.1875,0.2
17,720,0.8639274127946408,-0.049698984359339726,-0.04848419746468291,588,0.00014611087594857964,0.10028690844774246,12177,0.16800811688105266,0.16527777777777777,0.2125,0.22361111111111112,0.2,0.1986111111111111
18,720,0.8560656733382096,-0.19730116228805064,-0.17905664110066344,554,0.00014798428058687325,0.09136781096458435,12897,0.1770023822784424,0.2013888888888889,0.16666666666666666,0.19722222222222222,0.21666666666666667,0.21805555555555556
19,720,0.8482754757108318,-0.18894018759465953,-0.17216397992244958,567,0.0001698859590053164,0.08769066631793976,13617,0.18590145111083983,0.18611111111111112,0.1986111111111111,0.22083333333333333,0.19305555555555556,0.2013888888888889
20,720,0.8405561688818632,-0.07505546582911583,-0.07230797030607006,585,0.0002254047545900701,0.08768818527460098,14337,0.1941599170366923,0.18333333333333332,0.17916666666666667,0.2152777777777778,0.2152777777777778,0.20694444444444443
21,720,0.8329071077450383,-0.27461704599685194,-0.24013693988559626,565,0.00015101138066408263,0.08507853001356125,15057,0.21207923491795858,0.1875,0.19027777777777777,0.20972222222222223,0.2013888888888889,0.2111111111111111
22,720,0.8253276530645585,0.09117578117728012,0.09546154985601185,566,0.0001456966679143079,0.08254485577344894,15777,0.22074821790059407,0.19444444444444445,0.16944444444444445,0.2111111111111111,0.2125,0.2125
23,720,0.817817171421671,0.18155842103417383,0.19908458642510674,579,0.0001626308674834339,0.08030322194099426,16497,0.22999645074208577,0.17777777777777778,0.1986111111111111,0.19305555555555556,0.2361111111111111,0.19444444444444445
24,720,0.8103750351617338,0.07137406777721005,0.07398289313187578,577,0.0001365945819897105,0.07616052031517029,17217,0.23984683354695638,0.19027777777777777,0.19444444444444445,0.2125,0.20277777777777778,0.2
25,720,0.8030006223417621,-0.06990794677120196,-0.06752034628183934,585,0.00014358498771495457,0.07481105625629425,17937,0.24897034962972006,0.2263888888888889,0.1986111111111111,0.1875,0.19583333333333333,0.19166666666666668
26,720,0.795693316678452,-0.2289190974539801,-0.20460711978875135,585,0.00015050641961554195,0.07507174462080002,18657,0.25787063042322794,0.20833333333333334,0.18472222222222223,0.20416666666666666,0.1763888888888889,0.2263888888888889
27,720,0.7884525074966781,-0.06617509123534726,-0.06403302966923996,562,0.00013423910579351487,0.07277834415435791,19377,0.2670967976252238,0.2,0.2,0.1763888888888889,0.20972222222222223,0.21388888888888888
28,720,0.7812775896784583,-0.15902701560716748,-0.1470266849341435,564,0.00011110233773352876,0.06837287545204163,20097,0.2765901843706767,0.2,0.17916666666666667,0.19166666666666668,0.19722222222222222,0.23194444444444445
29,720,0.7741679636123843,-0.38888742508330365,-0.32218942981237964,564,0.00012663492669970664,0.07353789359331131,20817,0.2863943974177043,0.2152777777777778,0.2,0.16805555555555557,0.19027777777777777,0.2263888888888889
30,720,0.7671230351435115,-0.03070385189451067,-0.030237276052192175,591,0.00012078463220556538,0.06645562499761581,21537,0.2957500656445821,0.18611111111111112,0.20694444444444443,0.19583333333333333,0.19444444444444445,0.21666666666666667
31,720,0.7601422155237056,-0.08413273329222819,-0.08069077494350418,556,0.0001315471126215723,0.07090296596288681,22257,0.3135246197382609,0.18333333333333332,0.19722222222222222,0.21805555555555556,0.18611111111111112,0.2152777777777778
32,720,0.7532249213624399,0.0717282474323094,0.07436334339244577,572,0.00012394912852566146,0.06415629386901855,22977,0.32279508113861083,0.2152777777777778,0.1986111111111111,0.19305555555555556,0.19027777777777777,0.20277777777777778
33,720,0.7463705745780417,0.13983279867597484,0.15008148763286067,579,9.750833663323041e-05,0.06163332238793373,23697,0.33243289788564045,0.18333333333333332,0.17222222222222222,0.225,0.23055555555555557,0.18888888888888888
34,720,0.7395786023493816,0.13501407779593277,0.1445528970200185,577,0.00010365324751294085,0.05972590297460556,24417,0.3416706999142965,0.20694444444444443,0.17916666666666667,0.18611111111111112,0.16944444444444445,0.25833333333333336
35,720,0.7328484370680022,-0.12000923631989985,-0.11308775512589009,596,9.986935136920591e-05,0.05794065445661545,25137,0.3504008173942566,0.22361111111111112,0.1763888888888889,0.2125,0.17777777777777778,0.20972222222222223
36,720,0.7261795162906833,-0.23380818680019175,-0.2084863759033605,575,9.875014215544474e-05,0.059705037623643875,25857,0.3597441832224528,0.19166666666666668,0.18333333333333332,0.19027777777777777,0.20694444444444443,0.22777777777777777
37,720,0.7195712826924381,-0.08849296761473431,-0.08469045247725748,593,9.268854274624674e-05,0.057681698352098465,26577,0.36985304752985637,0.19027777777777777,0.18333333333333332,0.225,0.17777777777777778,0.22361111111111112
38,720,0.7130231840199369,0.03460997935428381,0.03521587448905805,580,9.635489621662903e-05,0.05426829680800438,27297,0.3792298158009847,0.19722222222222222,0.1736111111111111,0.2,0.21666666666666667,0.2125
39,720,0.7065346730453554,-0.12279535770083502,-0.11555536117313514,585,9.643963332513926e-05,0.05525292456150055,28017,0.38810549974441527,0.18333333333333332,0.18194444444444444,0.19027777777777777,0.20694444444444443,0.2375
40,720,0.7001052075206428,-0.3803692700441133,-0.3163910737003338,552,0.00010197823376579941,0.05212791636586189,28737,0.3980120857556661,0.1736111111111111,0.18333333333333332,0.2013888888888889,0.2222222222222222,0.21944444444444444
41,720,0.6937342501322049,0.003082255944282711,0.0030870109792950906,584,7.140563881320203e-05,0.04695303738117218,29457,0.41584213574727374,0.20416666666666666,0.1763888888888889,0.20972222222222223,0.20277777777777778,0.20694444444444443
42,720,0.6874212684560018,0.08209406661627257,0.08555791978718763,555,7.60896971769398e-05,0.047006893903017044,30177,0.42496243317921956,0.18194444444444444,0.18888888888888888,0.20972222222222223,0.20416666666666666,0.2152777777777778
43,720,0.6811657349130522,-0.13971594522101305,-0.13039478416345263,578,9.133507161449315e-05,0.046091478317976,30897,0.4335450331370036,0.20277777777777778,0.20277777777777778,0.16805555555555557,0.2111111111111111,0.2152777777777778
44,720,0.6749671267253434,0.06130418100969689,0.06322227703004368,551,7.87920334485332e-05,0.0472884401679039,31617,0.44275476535161334,0.18888888888888888,0.19444444444444445,0.20416666666666666,0.18888888888888888,0.22361111111111112
45,720,0.6688249258721428,-0.03222506835940519,-0.03171137357992326,547,7.151620530344694e-05,0.04262601584196091,32337,0.45237553119659424,0.19027777777777777,0.2222222222222222,0.19027777777777777,0.22361111111111112,0.1736111111111111
46,720,0.6627386190467063,-0.20911622620599613,-0.18869906426622507,555,6.659654949190655e-05,0.04351628199219704,33057,0.461745282014211,0.1986111111111111,0.16666666666666666,0.18611111111111112,0.2013888888888889,0.24722222222222223
47,720,0.6567076976133812,0.028834012526098168,0.029253737067609364,567,6.90575350088491e-05,0.04245505854487419,33777,0.4704381505648295,0.18888888888888888,0.175,0.19583333333333333,0.21666666666666667,0.22361111111111112
48,720,0.6507316575650994,-0.05916149192479875,-0.05744545808150725,578,6.889351645895658e-05,0.042028144001960754,34497,0.47947318156560265,0.2013888888888889,0.20416666666666666,0.19722222222222222,0.18611111111111112,0.2111111111111111
49,720,0.6448099994812571,-0.3082128651204482,-0.2652411031797206,563,7.412223141424571e-05,0.040425632148981094,35217,0.4884002844492594,0.18194444444444444,0.19027777777777777,0.20972222222222223,0.18194444444444444,0.2361111111111111
50,720,0.6389422284859776,-0.1131611328382983,-0.10699324419070999,574,7.821961107513036e-05,0.04143949970602989,35937,0.49765533208847046,0.18611111111111112,0.175,0.2152777777777778,0.18333333333333332,0.24027777777777778
51,720,0.6331278542067552,-0.014048115162294988,-0.013949900839093976,564,8.281565089621128e-05,0.04167135804891586,36657,0.5162829836209615,0.1736111111111111,0.18194444444444444,0.2013888888888889,0.18194444444444444,0.2611111111111111
52,720,0.6273663907334738,0.009343700993554093,0.00938748964410907,551,8.31534233839193e-05,0.04266716167330742,37377,0.5260766983032227,0.23333333333333334,0.20277777777777778,0.17083333333333334,0.17777777777777778,0.2152777777777778
53,720,0.6216573565777992,-0.13775761700991065,-0.12869014315825467,556,7.886691104330465e-05,0.04248329997062683,38097,0.5351396679878235,0.20416666666666666,0.16111111111111112,0.19027777777777777,0.2,0.24444444444444444
54,720,0.6160002746329413,0.12415684793017663,0.13219343927071425,574,6.804203560730254e-05,0.04131849855184555,38817,0.5446760972340902,0.18055555555555555,0.1736111111111111,0.19722222222222222,0.2152777777777778,0.23333333333333334
55,720,0.6103946721337815,0.0860028052320575,0.08980938546906558,583,6.888358537809028e-05,0.03847339004278183,39537,0.554315733909607,0.18194444444444444,0.1763888888888889,0.2111111111111111,0.2111111111111111,0.21944444444444444
56,720,0.604840080617364,-0.19027263941109618,-0.1732662969758446,549,6.219253925792146e-05,0.03828034549951553,40257,0.5633127172787984,0.16666666666666666,0.18472222222222223,0.2125,0.21944444444444444,0.21666666666666667
57,720,0.5993360358837461,-0.12617921165729037,-0.1185431347178807,580,7.55609617688909e-05,0.04031377285718918,40977,0.5735002994537354,0.21666666666666667,0.22777777777777777,0.16944444444444445,0.21944444444444444,0.16666666666666666
58,720,0.5938820779572039,0.1569959078835081,0.16999082615236238,549,6.502659455236426e-05,0.03890162333846092,41697,0.5827384352684021,0.1763888888888889,0.2111111111111111,0.2,0.19305555555555556,0.21944444444444444
59,720,0.5884777510477934,-0.007079555339417427,-0.00705455432100377,562,6.247769779292867e-05,0.03892521932721138,42417,0.5922390500704448,0.20416666666666666,0.18194444444444444,0.17777777777777778,0.19583333333333333,0.24027777777777778
60,720,0.5831226035132585,0.14565212409602857,0.15679369739326554,560,6.232328290580981e-05,0.03675992041826248,43137,0.6018983324368795,0.20277777777777778,0.19027777777777777,0.22916666666666666,0.18055555555555555,0.19722222222222222
61,720,0.5778161878212879,-0.12642432879453802,-0.11875916842344292,558,5.477201218582195e-05,0.03372717648744583,43857,0.6192420164744059,0.1736111111111111,0.14722222222222223,0.21666666666666667,0.22083333333333333,0.24166666666666667
62,720,0.5725580605121141,-0.06299209262597298,-0.061049101704274134,561,4.8935328236944364e-05,0.03437107056379318,44577,0.6291771133740743,0.175,0.1763888888888889,0.18055555555555555,0.20277777777777778,0.2652777777777778
63,720,0.5673477821614539,-0.20022342881227467,-0.18145215452757524,551,5.2966859488555604e-05,0.03470276668667793,45297,0.6384464025497436,0.20555555555555555,0.1736111111111111,0.1625,0.19444444444444445,0.2638888888888889
64,720,0.5621849173437846,0.06723432670015622,0.06954607201475782,552,5.0573645032475016e-05,0.034162696450948715,46017,0.6474213361740112,0.2152777777777778,0.17916666666666667,0.19583333333333333,0.17777777777777778,0.23194444444444445
65,720,0.5570690345959561,-0.1302308584375166,-0.12210726142109163,565,4.6837018396672646e-05,0.032420821487903595,46737,0.6586116512616476,0.18888888888888888,0.19166666666666668,0.18888888888888888,0.17083333333333334,0.25972222222222224
66,720,0.5519997063811329,0.003152839254411803,0.0031578146796240603,551,5.1168786865218865e-05,0.02963114157319069,47457,0.6693519830703736,0.23472222222222222,0.17222222222222222,0.18888888888888888,0.17222222222222222,0.23194444444444445
67,720,0.5469765090530646,0.041898461577705846,0.042788590266738646,540,5.238800233276682e-05,0.032039910554885864,48177,0.6801722685496012,0.24444444444444444,0.1625,0.17777777777777778,0.18472222222222223,0.23055555555555557
68,720,0.5419990228206817,-0.08851558584339528,-0.0847111549237759,564,4.5738720929320054e-05,0.02941998839378357,48897,0.6891939520835877,0.2125,0.19444444444444445,0.2,0.19583333333333333,0.19722222222222222
69,720,0.5370668317130135,-0.054873423364855206,-0.0533950415588299,560,4.9992585137361956e-05,0.02957163378596306,49617,0.6995326320330302,0.2013888888888889,0.18611111111111112,0.16944444444444445,0.2111111111111111,0.23194444444444445
70,720,0.5321795235444251,-0.06305751771312873,-0.061110530639113425,548,4.261034125268755e-05,0.028493203222751617,50337,0.7092692494392395,0.225,0.19166666666666668,0.19166666666666668,0.19444444444444445,0.19722222222222222
71,720,0.5273366898801708,-0.0521167499405923,-0.0507819607762342,548,5.190572718068628e-05,0.028863660991191864,51057,0.7269168814023336,0.1875,0.18472222222222223,0.20833333333333334,0.19305555555555556,0.2263888888888889
72,720,0.5225379260022612,-0.11561417067061532,-0.10918113895578974,535,4.795047943086199e-05,0.03013823926448822,51777,0.736691415309906,0.19583333333333333,0.1597222222222222,0.19722222222222222,0.1986111111111111,0.24861111111111112
73,720,0.5177828308756407,0.3228001472768723,0.380989328846687,545,4.498177331445024e-05,0.029487211257219315,52497,0.7472543517748514,0.21388888888888888,0.1763888888888889,0.2013888888888889,0.17916666666666667,0.22916666666666666
74,720,0.5130710071146724,-0.3584354105477827,-0.30123124252766187,531,4.2925933294352743e-05,0.028318816795945168,53217,0.7573519349098206,0.24722222222222223,0.15694444444444444,0.18888888888888888,0.17916666666666667,0.22777777777777777
75,720,0.5084020609499288,0.1278600078582783,0.13639390534447982,545,4.5600314495509845e-05,0.026814540848135948,53937,0.7664813319842021,0.2111111111111111,0.16527777777777777,0.1736111111111111,0.2125,0.2375
76,720,0.5037756021952844,0.35336091485266974,0.4238449374959128,561,4.5360750851210064e-05,0.025430332869291306,54657,0.7756829500198364,0.19166666666666668,0.17777777777777778,0.20833333333333334,0.1986111111111111,0.22361111111111112
77,720,0.4991912442153073,0.09545906287765916,0.10016378357266342,554,4.722407947055116e-05,0.025486895814538002,55377,0.7853758811950684,0.18888888888888888,0.18888888888888888,0.24027777777777778,0.1638888888888889,0.21805555555555556
78,720,0.494648603892948,0.05985563774189512,0.06168326848781058,553,4.497928446451422e-05,0.022243298590183258,56097,0.796131432056427,0.20277777777777778,0.15416666666666667,0.19722222222222222,0.22083333333333333,0.225
79,720,0.4901473015975222,0.15070937072640386,0.16265870631960255,523,4.649704171823841e-05,0.024354103952646255,56817,0.8049500981966654,0.19027777777777777,0.17083333333333334,0.1527777777777778,0.2125,0.27361111111111114
80,720,0.4856869611529847,0.04549705896480604,0.04654792667513741,555,4.5012837286625045e-05,0.02424374222755432,57537,0.8143571813901266,0.18611111111111112,0.18888888888888888,0.18888888888888888,0.20555555555555555,0.23055555555555557
81,720,0.48126720980649257,0.19243109545897705,0.21219297522914293,513,4.750138536767028e-05,0.026193832978606224,58257,0.8323575496673584,0.24583333333333332,0.175,0.16111111111111112,0.19305555555555556,0.225
82,720,0.4768876781972535,-0.09769881714828697,-0.09307798801804756,532,4.175429312833027e-05,0.026847515255212784,58977,0.842671533425649,0.19444444444444445,0.16805555555555557,0.2125,0.18333333333333332,0.24166666666666667
83,720,0.47254800032565847,0.066136176051207,0.06837219396713423,541,4.429902625891676e-05,0.02450931817293167,59697,0.8524472832679748,0.19305555555555556,0.17777777777777778,0.1638888888888889,0.2222222222222222,0.24305555555555555
84,720,0.46824781352269496,0.07572009681867863,0.0786606113623951,530,4.5887902509396857e-05,0.02457772009074688,60417,0.8626683155695597,0.18472222222222223,0.14305555555555555,0.17916666666666667,0.2125,0.28055555555555556
85,720,0.46398675841963843,-0.2514085834486326,-0.2222954505718724,527,4.4057543646481967e-05,0.023102931678295135,61137,0.8719625314076741,0.18888888888888888,0.16944444444444445,0.17083333333333334,0.20694444444444443,0.2638888888888889
86,720,0.45976447891801975,-0.016265050112012652,-0.016133488435942533,549,4.315336210791227e-05,0.022815357893705368,61857,0.8819899161656698,0.19583333333333333,0.1375,0.19305555555555556,0.19444444444444445,0.2791666666666667
87,720,0.4555806221598658,-0.22234677719117327,-0.1993623266945116,524,4.00955434669312e-05,0.022154979407787323,62577,0.8907352169354756,0.18194444444444444,0.1527777777777778,0.21388888888888888,0.225,0.2263888888888889
88,720,0.451434838498211,0.3588761076697987,0.43171941152916915,586,4.08906189414261e-05,0.021334344521164894,63297,0.900396732489268,0.1763888888888889,0.15416666666666667,0.19027777777777777,0.22916666666666666,0.25
89,720,0.44732678146787724,-0.3293347016924134,-0.280597808683975,570,4.3086040641861066e-05,0.021326184272766113,64017,0.9094870169957479,0.20833333333333334,0.1527777777777778,0.18333333333333332,0.18888888888888888,0.26666666666666666
90,720,0.4432561077565196,0.15502981211000352,0.16769277197159882,542,4.0409440772590544e-05,0.022560792043805122,64737,0.9188307523727417,0.23194444444444445,0.16944444444444445,0.17083333333333334,0.17777777777777778,0.25
91,720,0.43922247717593527,-0.05256484787831451,-0.051207208138707716,542,4.570460879323137e-05,0.02163577452301979,65457,0.9367976148923238,0.18055555555555555,0.1625,0.19305555555555556,0.22916666666666666,0.23472222222222222
92,720,0.43522555263363427,-0.04530914267617917,-0.044298012109606155,536,4.187006455317209e-05,0.020776227116584778,66177,0.9472668528556824,0.18055555555555555,0.14305555555555555,0.17916666666666667,0.21944444444444444,0.2777777777777778
93,720,0.43126500010466823,0.20154653026076447,0.22329315588810772,527,4.2290707800576555e-05,0.02148132212460041,66897,0.9574214855829875,0.18333333333333332,0.15694444444444444,0.1986111111111111,0.16944444444444445,0.2916666666666667
94,720,0.42734048860371576,0.017661345980388692,0.017818229783426842,548,4.262807929207055e-05,0.021723803132772446,67617,0.9673361500104268,0.17916666666666667,0.1361111111111111,0.18888888888888888,0.21388888888888888,0.28194444444444444
95,720,0.42345169015742196,0.097675256399247,0.10260466315423034,541,4.1773794786574094e-05,0.021495763212442398,68337,0.9778492649396261,0.17916666666666667,0.1527777777777778,0.19166666666666668,0.2111111111111111,0.2652777777777778
96,720,0.41959827977698944,0.12935941951895913,0.138099105696454,532,4.0992870010035805e-05,0.020728033035993576,69057,0.9878286004066468,0.1736111111111111,0.1597222222222222,0.15555555555555556,0.21944444444444444,0.2916666666666667
97,720,0.4157799354310188,-0.31213760682337566,-0.2681191904946054,558,3.809661604539845e-05,0.020196227356791496,69777,0.9963227311770121,0.18194444444444444,0.16666666666666666,0.18472222222222223,0.20277777777777778,0.2638888888888889
98,720,0.41199633801859653,0.018888189552436044,0.01906769983157952,528,4.2498686423186885e-05,0.019549023360013962,70497,1.0059170325597127,0.25416666666666665,0.18472222222222223,0.15694444444444444,0.15416666666666667,0.25
99,720,0.4082471713426273,-0.0306946517300885,-0.03022835403463975,544,4.273610883905753e-05,0.019078725948929787,71217,1.0161645849545797,0.21666666666666667,0.1638888888888889,0.1736111111111111,0.2111111111111111,0.23472222222222222
100,720,0.4045321220834094,0.18946279782005399,0.20860016059241282,531,4.356280219579073e-05,0.021251555532217026,71937,1.0267513672510782,0.14722222222222223,0.17222222222222222,0.1388888888888889,0.22777777777777777,0.3138888888888889
101,720,0.4008508797724504,0.11017114723746786,0.11646913471646969,571,4.316520867556998e-05,0.020917264744639397,72657,1.0461318333943685,0.20972222222222223,0.1763888888888889,0.1625,0.18472222222222223,0.26666666666666666
102,720,0.3972031367665211,-0.1465363940728668,-0.13630570159046929,526,4.0846176026813434e-05,0.019121117889881134,73377,1.0557967662811278,0.23333333333333334,0.16944444444444445,0.1736111111111111,0.21805555555555556,0.20555555555555555
103,720,0.39358858822194576,0.1746799176996289,0.19086498079971026,501,4.447887648540119e-05,0.018906809389591217,74097,1.0664871295293172,0.22361111111111112,0.14583333333333334,0.1638888888888889,0.20694444444444443,0.25972222222222224
104,720,0.39000693206912607,0.16054416310797362,0.17414962609232965,560,4.304911784755758e-05,0.017889250069856644,74817,1.0766890525817872,0.21805555555555556,0.15833333333333333,0.1736111111111111,0.17916666666666667,0.2708333333333333
105,720,0.386457868987297,0.00019049027716108637,0.00019050842158740977,538,4.2986941771990435e-05,0.017875652760267258,75537,1.0865333477656047,0.2,0.1875,0.19305555555555556,0.18888888888888888,0.23055555555555557
106,720,0.3829411023795126,0.15873904847861003,0.17203206322206266,525,5.299562242902943e-05,0.018681269139051437,76257,1.0967039823532105,0.15416666666666667,0.1375,0.18055555555555555,0.2361111111111111,0.2916666666666667
107,720,0.3794563383478591,0.037957328479378175,0.03868690958295229,555,4.032170843654765e-05,0.017307421192526817,76977,1.1057651003201803,0.19722222222222222,0.14722222222222223,0.20277777777777778,0.21805555555555556,0.23472222222222222
108,720,0.37600328566889357,0.23186027697222142,0.260943533670972,512,4.549508292812889e-05,0.018808521330356598,77697,1.1158481995264689,0.19027777777777777,0.16805555555555557,0.1625,0.24305555555555555,0.2361111111111111
109,720,0.37258165576930663,0.38768400868193637,0.4735640772573042,532,4.1242235804222424e-05,0.017675910145044327,78417,1.125536851088206,0.19722222222222222,0.15555555555555556,0.19444444444444445,0.18333333333333332,0.26944444444444443
110,720,0.36919116270180596,-0.031215258134487816,-0.030733091968037307,514,4.0477554491897336e-05,0.017242655158042908,79137,1.1361617962519328,0.23055555555555557,0.14722222222222223,0.16527777777777777,0.20416666666666666,0.25277777777777777
111,720,0.3658315231212195,-0.3437968589739017,-0.29092704477219467,535,3.7461793443880096e-05,0.017186950892210007,79857,1.1542297323544821,0.20416666666666666,0.14722222222222223,0.1625,0.25416666666666665,0.23194444444444445
112,720,0.36250245626081645,-0.02884090544307345,-0.028428976166940623,536,3.910817006524465e-05,0.017745133489370346,80577,1.1642756660779316,0.17777777777777778,0.16805555555555557,0.19166666666666668,0.20555555555555555,0.2569444444444444
113,720,0.359203683908843,0.25055145940177886,0.28473369985265373,529,3.678425263413171e-05,0.018016472458839417,81297,1.1739498813947042,0.2125,0.15,0.17222222222222222,0.20833333333333334,0.2569444444444444
114,720,0.3559349303852725,0.31569592972929095,0.3712132470460714,513,3.7147509395809824e-05,0.01876966468989849,82017,1.1841997504234314,0.2125,0.12361111111111112,0.16666666666666666,0.23055555555555557,0.26666666666666666
115,720,0.3526959225187665,0.010223322570817681,0.010275759273111085,520,3.844794048291078e-05,0.019300252199172974,82737,1.1949198365211486,0.24722222222222223,0.1486111111111111,0.19444444444444445,0.17083333333333334,0.2388888888888889
116,720,0.34948638962384576,-0.04455476454044716,-0.04357677941878457,496,3.70385961155585e-05,0.019793609157204628,83457,1.2044871648152669,0.19305555555555556,0.13055555555555556,0.20972222222222223,0.2,0.26666666666666666
117,720,0.34630606347826876,-0.2108294868343275,-0.19008784420644598,533,4.011464480476611e-05,0.019404225051403046,84177,1.2161886811256408,0.2513888888888889,0.14305555555555555,0.1763888888888889,0.18472222222222223,0.24444444444444444
118,720,0.3431546783006165,0.06492050432707372,0.06707419323132946,540,3.9414936088633114e-05,0.01945464499294758,84897,1.2262786666552226,0.20277777777777778,0.1638888888888889,0.17083333333333334,0.225,0.2375
119,720,0.3400319707280809,-0.08266524032765438,-0.0793407047564999,499,4.007626180029749e-05,0.01934974268078804,85617,1.2359795808792113,0.18472222222222223,0.12777777777777777,0.18194444444444444,0.20833333333333334,0.2972222222222222
120,720,0.3369376797944554,0.013159242318884046,0.013246206188958887,520,3.9255497250047076e-05,0.01897570677101612,86337,1.2452476342519125,0.2152777777777778,0.1375,0.18611111111111112,0.20277777777777778,0.25833333333333336
121,720,0.3338715469083258,0.045747478211138545,0.04681003523532978,532,4.0865828316959276e-05,0.018285270780324936,87057,1.2627432346343994,0.17916666666666667,0.14444444444444443,0.17083333333333334,0.22777777777777777,0.2777777777777778
122,720,0.3308333158314601,0.004945794710983119,0.0049580453416868675,517,3.980532603564926e-05,0.018441092222929,87777,1.272407066822052,0.19027777777777777,0.16111111111111112,0.17222222222222222,0.18472222222222223,0.2916666666666667
123,720,0.3278227326573938,0.059457263511811784,0.06126040546759448,550,3.9959317702040506e-05,0.018280470743775368,88497,1.2819739659627278,0.1763888888888889,0.14027777777777778,0.15694444444444444,0.20555555555555555,0.32083333333333336
124,720,0.3248395457902115,0.3013968355087889,0.3517456557917764,500,3.6092173225673226e-05,0.018430273979902267,89217,1.2922689318656921,0.21388888888888888,0.17777777777777778,0.1875,0.18194444444444444,0.2388888888888889
125,720,0.3218835059235206,-0.233736110838414,-0.20842932474165643,497,4.011607399926712e-05,0.019065018743276596,89937,1.3028205156326294,0.1986111111111111,0.16666666666666666,0.15416666666666667,0.2152777777777778,0.2652777777777778
126,720,0.3189543660196166,-0.08476119716142455,-0.0812683460657686,505,4.0193966397813105e-05,0.019469451159238815,90657,1.3117255647977193,0.22916666666666666,0.1625,0.17777777777777778,0.16805555555555557,0.2625
127,720,0.31605188128883804,0.2651322178675546,0.3036033240359992,525,4.456316351908956e-05,0.019521182402968407,91377,1.3223272522290548,0.1763888888888889,0.16805555555555557,0.14583333333333334,0.20972222222222223,0.3
128,720,0.31317580916910964,0.041070038500975396,0.041925077860594184,524,4.646428135528267e-05,0.018568918108940125,92097,1.3321799000104269,0.24444444444444444,0.18333333333333332,0.14444444444444443,0.18611111111111112,0.24166666666666667
129,720,0.3103259093056707,0.4627486883264605,0.5884341002190354,545,4.481928965434336e-05,0.019273150712251663,92817,1.3424891312917073,0.2263888888888889,0.17222222222222222,0.1597222222222222,0.17916666666666667,0.2625
130,720,0.30750194353098914,-0.09169013845620408,-0.0876121803531309,514,3.932746732920754e-05,0.018846997991204262,93537,1.3524381995201111,0.2222222222222222,0.1638888888888889,0.19166666666666668,0.16527777777777777,0.2569444444444444
131,720,0.30470367584485714,0.07168829034518819,0.07432041582036808,528,4.0899570006382016e-05,0.017144661396741867,94257,1.3718512654304504,0.22083333333333333,0.16666666666666666,0.14722222222222223,0.20416666666666666,0.2611111111111111
132,720,0.3019308723946689,0.11828104910365216,0.12556040466112517,479,4.1038923289862495e-05,0.018323086202144623,94977,1.3830339670181275,0.18194444444444444,0.1361111111111111,0.15555555555555556,0.22916666666666666,0.2972222222222222
133,720,0.29918330145587746,0.020664721472048356,0.020879715203578453,498,4.161324067253089e-05,0.0178527794778347,95697,1.392491066455841,0.2569444444444444,0.12916666666666668,0.15,0.21805555555555556,0.24583333333333332
134,720,0.29646073341262896,0.011019039293286199,0.011079972509600466,533,3.9210643058140705e-05,0.017284393310546875,96417,1.4021302858988445,0.2722222222222222,0.15138888888888888,0.1361111111111111,0.2152777777777778,0.225
135,720,0.29376294073857406,-0.26890018769921925,-0.23578046964881438,535,3.9891144856735786e-05,0.01829032599925995,97137,1.4120182991027832,0.26666666666666666,0.14444444444444443,0.1361111111111111,0.17777777777777778,0.275
136,720,0.29108969797785306,0.10869314044699366,0.11482020461912068,500,4.229204431693587e-05,0.0184665247797966,97857,1.4217683633168539,0.3125,0.12361111111111112,0.14166666666666666,0.175,0.24722222222222223
137,720,0.2884407817262546,0.0942386748880392,0.09882197583413799,534,4.2261878560465346e-05,0.019032534211874008,98577,1.4309345523516337,0.25,0.17083333333333334,0.1625,0.19583333333333333,0.22083333333333333
138,720,0.28581597061254566,0.22629588887312738,0.25394663924999716,527,3.8861125853549715e-05,0.020994141697883606,99297,1.4408090154329936,0.22777777777777777,0.11805555555555555,0.1736111111111111,0.21388888888888888,0.26666666666666666
139,720,0.2832150452799715,-0.01677270907505175,-0.016632830330553627,478,4.101025298016086e-05,0.0192960686981678,100017,1.4505083481470744,0.24027777777777778,0.15555555555555556,0.15,0.23472222222222222,0.21944444444444444
140,720,0.28063778836792375,0.29354294803040487,0.3411707788166627,512,4.463117141995099e-05,0.019869737327098846,100737,1.4600225329399108,0.19722222222222222,0.1361111111111111,0.15555555555555556,0.24583333333333332,0.2652777777777778
141,720,0.27808398449377564,-0.044515698489797355,-0.04353941501096892,515,4.532686466771136e-05,0.01865159347653389,101457,1.4794309337933857,0.23472222222222222,0.14305555555555555,0.14305555555555555,0.225,0.25416666666666665
142,720,0.2755534202348823,0.2169437217968675,0.24227418721138827,537,4.345739740377515e-05,0.0189064834266901,102177,1.4902974645296732,0.2388888888888889,0.14305555555555555,0.22361111111111112,0.2111111111111111,0.18333333333333332
143,720,0.2730458841107448,0.19033032410139533,0.20964910792425995,519,4.112383568200231e-05,0.017674557864665985,102897,1.4995583335558573,0.18333333333333332,0.2,0.1486111111111111,0.2125,0.25555555555555554
144,720,0.270561166565337,0.586074888089876,0.7969214373957294,514,4.3377460428928316e-05,0.018524490296840668,103617,1.510104246934255,0.20972222222222223,0.2013888888888889,0.1527777777777778,0.19166666666666668,0.24444444444444444
145,720,0.26809905994959243,-0.10275375120124218,-0.09765085148089103,508,4.4041771699691407e-05,0.018326373770833015,104337,1.5210931181907654,0.28194444444444444,0.1986111111111111,0.15833333333333333,0.1736111111111111,0.1875
146,720,0.26565935850405115,-0.06172536888048608,-0.05985895667221475,520,4.0716897950056184e-05,0.017941903322935104,105057,1.5303147991498312,0.24444444444444444,0.18333333333333332,0.15555555555555556,0.2111111111111111,0.20555555555555555
147,720,0.2632418583416643,0.08113502895280959,0.08451732791939492,525,3.991244731069956e-05,0.018407780677080154,105777,1.539215381940206,0.21388888888888888,0.1736111111111111,0.1638888888888889,0.18055555555555555,0.26805555555555555
148,720,0.2608463574307552,0.2931290436383631,0.3406157772075564,543,4.191160896754001e-05,0.016764411702752113,106497,1.5493529001871744,0.3,0.14583333333333334,0.15,0.16944444444444445,0.23472222222222222
149,720,0.2584726555781353,-0.1738190592520608,-0.15955104463611391,451,3.83857141539718e-05,0.016507774591445923,107217,1.5590445319811503,0.1986111111111111,0.14444444444444443,0.17083333333333334,0.23333333333333334,0.25277777777777777
150,720,0.2561205544123743,-0.049183496070695276,-0.04799357576801189,477,3.740393307857125e-05,0.0161296296864748,107937,1.5679515480995179,0.12361111111111112,0.14444444444444443,0.17222222222222222,0.3,0.25972222222222224
151,720,0.2537898573672217,0.04187206159613566,0.04276106103056221,508,4.0429734282396465e-05,0.01729714497923851,108657,1.5873815298080445,0.23055555555555557,0.14166666666666666,0.15833333333333333,0.19305555555555556,0.2763888888888889
152,720,0.25148036966518,0.05419188359977231,0.05568715177240047,520,3.8313134275035234e-05,0.016677703708410263,109377,1.5969011823336283,0.3055555555555556,0.1763888888888889,0.11805555555555555,0.18194444444444444,0.21805555555555556
153,720,0.24919189830122687,0.015601573982195888,0.01572391394148709,519,3.937394291142482e-05,0.017686087638139725,110097,1.6061894655227662,0.23055555555555557,0.18472222222222223,0.12361111111111112,0.21666666666666667,0.24444444444444444
154,720,0.24692425202668572,-0.15315157229784224,-0.14200033702547865,535,3.855702227989847e-05,0.01695120334625244,110817,1.6164117455482483,0.24722222222222223,0.1638888888888889,0.11805555555555555,0.2375,0.23333333333333334
155,720,0.24467724133324287,-0.07964617537108193,-0.07655697452451138,506,4.0246990512413403e-05,0.018009860068559647,111537,1.6258766810099283,0.26805555555555555,0.175,0.14305555555555555,0.20833333333333334,0.20555555555555555
156,720,0.24245067843711035,0.5412028340768219,0.7180721755804116,519,4.058011291792557e-05,0.01685185357928276,112257,1.6350525856018066,0.24305555555555555,0.1763888888888889,0.14444444444444443,0.16944444444444445,0.26666666666666666
157,720,0.24024437726333264,0.08084474602357386,0.08420255674120036,502,3.869529478303472e-05,0.017331749200820923,112977,1.6443530996640523,0.29305555555555557,0.1638888888888889,0.1638888888888889,0.19444444444444445,0.18472222222222223
158,720,0.2380581534302363,0.09207262984619514,0.09644445378100253,507,3.917018541541337e-05,0.01720213145017624,113697,1.6543716311454773,0.2,0.1625,0.1625,0.19722222222222222,0.2777777777777778
159,720,0.23589182423402116,-0.12779445628827915,-0.11996575393864439,503,3.989418825211841e-05,0.016708146780729294,114417,1.6642198006312052,0.2625,0.1736111111111111,0.18611111111111112,0.15416666666666667,0.22361111111111112
160,720,0.23374520863349157,0.29141446526410686,0.33831915581908434,535,3.850955196943081e-05,0.016452297568321228,115137,1.6741191824277242,0.20972222222222223,0.2111111111111111,0.18472222222222223,0.19166666666666668,0.20277777777777778
161,720,0.2316181272349268,-0.06928590573083118,-0.0669401252259727,473,3.80795648690461e-05,0.01565689966082573,115857,1.691807715098063,0.29305555555555557,0.15555555555555556,0.125,0.2222222222222222,0.20416666666666666
162,720,0.22951040227708897,-0.3246408189796587,-0.2772130816332521,531,3.711674390337471e-05,0.01578015647828579,116577,1.7003604491551718,0.24305555555555555,0.21805555555555556,0.13194444444444445,0.14166666666666666,0.2652777777777778
163,720,0.22742185761636746,0.43123204631038015,0.5391526632184704,518,3.603739847272259e-05,0.015355093404650688,117297,1.7096885164578757,0.22916666666666666,0.18472222222222223,0.1486111111111111,0.20555555555555555,0.23194444444444445
164,720,0.22535231871205852,0.26288962378438446,0.30068314654495176,528,3.629289281484994e-05,0.01548831257969141,118017,1.719587016105652,0.2125,0.1736111111111111,0.18194444444444444,0.18055555555555555,0.2513888888888889
165,720,0.22330161261177878,0.46000717211097814,0.5840853461896451,516,3.6017255707873926e-05,0.015300193801522255,118737,1.730400816599528,0.22916666666666666,0.20972222222222223,0.17083333333333334,0.17222222222222222,0.21805555555555556
166,720,0.22126956793701158,-0.08804229514025318,-0.08427785469231253,438,3.554452753557295e-05,0.015797916799783707,119457,1.740621316432953,0.2263888888888889,0.15138888888888888,0.15416666666666667,0.2361111111111111,0.23194444444444445
167,720,0.21925601486878477,0.03856506508919924,0.03931834949918711,514,3.793587036398094e-05,0.016273610293865204,120177,1.7504717508951824,0.23472222222222222,0.1486111111111111,0.14444444444444443,0.21944444444444444,0.25277777777777777
168,720,0.21726078513347882,0.21740272805878827,0.24284452972771886,529,3.803848424139586e-05,0.016615619882941246,120897,1.760129165649414,0.26666666666666666,0.2125,0.11805555555555555,0.16666666666666666,0.2361111111111111
169,720,0.21528371198876417,-0.0014564878997429713,-0.0014554277360089296,501,3.928140004316245e-05,0.016819434240460396,121617,1.7716699481010436,0.25,0.21388888888888888,0.14722222222222223,0.19444444444444445,0.19444444444444445
170,720,0.2133246302096664,0.0673248375371908,0.0696428819060908,466,4.0318650145662915e-05,0.016870062798261642,122337,1.7819023489952088,0.24583333333333332,0.15694444444444444,0.14722222222222223,0.2263888888888889,0.22361111111111112
171,720,0.21138337607475843,0.7557550376821007,1.1292185568373707,491,3.613599799968546e-05,0.017047172412276268,123057,1.80124374628067,0.2222222222222222,0.15555555555555556,0.18333333333333332,0.18611111111111112,0.25277777777777777
172,720,0.20945978735247814,-0.021976826866153678,-0.021737095794231998,508,3.870674386108577e-05,0.01711445301771164,123777,1.8105111479759217,0.18611111111111112,0.19583333333333333,0.18888888888888888,0.19305555555555556,0.2361111111111111
173,720,0.20755370328757058,0.07029182019038495,0.07282120646717738,498,3.6851539258325124e-05,0.01642180047929287,124497,1.821161699295044,0.1763888888888889,0.1597222222222222,0.17916666666666667,0.225,0.25972222222222224
174,720,0.20566496458765368,0.19143103682076384,0.21098131713863566,519,3.983937398288617e-05,0.01722380332648754,125217,1.8306785980860392,0.20833333333333334,0.19722222222222222,0.16111111111111112,0.2013888888888889,0.23194444444444445
175,720,0.20379341340990603,0.2184858523609695,0.24419141413163747,486,4.2007255852796434e-05,0.015591912902891636,125937,1.8407749652862548,0.2152777777777778,0.175,0.15833333333333333,0.19583333333333333,0.25555555555555554
176,720,0.20193889334787588,0.29328187136340733,0.3408206761236665,502,3.89555782804665e-05,0.016896119341254234,126657,1.8512224992116293,0.2013888888888889,0.16666666666666666,0.18055555555555555,0.19444444444444445,0.2569444444444444
177,720,0.2001012494184102,0.10822828233970676,0.11430209184262541,515,4.400480911941587e-05,0.018051069229841232,127377,1.8609361171722412,0.24444444444444444,0.14444444444444443,0.1986111111111111,0.17916666666666667,0.23333333333333334
178,720,0.19828032804870266,0.23595045098767625,0.26611157403465313,481,3.819924152518676e-05,0.01676025800406933,128097,1.8704729636510213,0.28888888888888886,0.15138888888888888,0.15416666666666667,0.1597222222222222,0.24583333333333332
179,720,0.19647597706345946,0.27908518544780253,0.321919947416059,491,3.852212581957954e-05,0.017112545669078827,128817,1.8803956667582193,0.24444444444444444,0.10972222222222222,0.18611111111111112,0.18611111111111112,0.27361111111111114
180,720,0.19468804567218198,-0.003411250033475682,-0.003405438330349897,510,4.117529470022418e-05,0.016674313694238663,129537,1.889578100045522,0.2361111111111111,0.17916666666666667,0.175,0.1597222222222222,0.25
181,720,0.19291638445656512,0.25832494703056125,0.29475947852227824,508,4.1813297899453675e-05,0.01648944616317749,130257,1.9075534661610922,0.26805555555555555,0.18194444444444444,0.19305555555555556,0.15,0.20694444444444443
182,720,0.19116084535801037,-0.06682563575923503,-0.06464171984483158,484,4.40893548456087e-05,0.01661871001124382,130977,1.9175264159838359,0.1986111111111111,0.15,0.19166666666666668,0.21805555555555556,0.24166666666666667
183,720,0.18942128166525246,0.34091395469710317,0.4062322359776058,532,3.9965369635158115e-05,0.017067421227693558,131697,1.9287783662478128,0.225,0.17083333333333334,0.14305555555555555,0.18194444444444444,0.2791666666666667
184,720,0.18769754800209867,0.16625766788778967,0.18087733669488615,506,4.3345596009203294e-05,0.01701035536825657,132417,1.9392085631688436,0.25,0.17777777777777778,0.175,0.20277777777777778,0.19444444444444445
185,720,0.18598950031527958,0.11210071177445487,0.11862551373264085,491,3.893388369786205e-05,0.01643485203385353,133137,1.9492995341618855,0.2013888888888889,0.17222222222222222,0.175,0.1986111111111111,0.25277777777777777
186,720,0.18429699586241055,0.03465147011241664,0.03525882727158747,482,4.115230102191466e-05,0.016786418855190277,133857,1.95923863252004,0.21388888888888888,0.16111111111111112,0.1638888888888889,0.19722222222222222,0.2638888888888889
187,720,0.1826198932000626,-0.048559002947533146,-0.04739886862693943,466,4.169503723561421e-05,0.017452294006943703,134577,1.9694021979967753,0.2916666666666667,0.1361111111111111,0.1638888888888889,0.18472222222222223,0.22361111111111112
188,720,0.18095805217194205,0.17644543783348382,0.1929693339923655,480,3.845943531865083e-05,0.016725603491067886,135297,1.980414096514384,0.25416666666666665,0.14583333333333334,0.19027777777777777,0.14722222222222223,0.2625
189,720,0.17931133389717738,-0.12479933505945452,-0.11732599345823214,478,3.534913020833604e-05,0.01652090810239315,136017,1.98957763115565,0.25833333333333336,0.15694444444444444,0.18194444444444444,0.20833333333333334,0.19444444444444445
190,720,0.17767960075871306,0.011346808798032225,0.011411428008980762,471,4.011222311469788e-05,0.01592383161187172,136737,2.0001706004142763,0.2652777777777778,0.13333333333333333,0.19305555555555556,0.20416666666666666,0.20416666666666666
191,720,0.17606271639180876,-0.07673265893914925,-0.07386258492761177,491,3.8247130596068426e-05,0.016713246703147888,137457,2.0182236512502034,0.25,0.1527777777777778,0.1638888888888889,0.17222222222222222,0.2611111111111111
192,720,0.1744605456726433,0.13359641201653116,0.14293145314950184,478,3.970236124865146e-05,0.016484323889017105,138177,2.028195929527283,0.24027777777777778,0.13472222222222222,0.17916666666666667,0.19583333333333333,0.25
193,720,0.17287295470702224,0.3869756723798274,0.4725206679138829,485,3.625640463522157e-05,0.015901723876595497,138897,2.037443518638611,0.22083333333333333,0.13194444444444445,0.1388888888888889,0.2152777777777778,0.29305555555555557
194,720,0.17129981081918835,0.3020206682652135,0.3525891820925271,552,3.7637416811422656e-05,0.016884466633200645,139617,2.047222332159678,0.2847222222222222,0.15416666666666667,0.13194444444444445,0.17777777777777778,0.2513888888888889
195,720,0.16974098254073375,0.4808729901911583,0.6174858352881738,504,3.677359969489973e-05,0.016870902851223946,140337,2.0567781805992125,0.21805555555555556,0.13055555555555556,0.175,0.19722222222222222,0.2791666666666667
196,720,0.16819633959961308,0.0665691216419254,0.06883484114105687,528,3.661833003687005e-05,0.015103437006473541,141057,2.0671465317408244,0.25,0.1763888888888889,0.16527777777777777,0.18055555555555555,0.22777777777777777
197,720,0.16666575290925661,0.0050393962576026005,0.005052115371499966,530,3.874392337163752e-05,0.016349125653505325,141777,2.076633882522583,0.2125,0.16527777777777777,0.17777777777777778,0.17916666666666667,0.2652777777777778
198,720,0.16514909455778237,0.24794768154431873,0.2813928899431406,539,4.0084267585724674e-05,0.016842994838953018,142497,2.086077932516734,0.22361111111111112,0.14166666666666666,0.18472222222222223,0.19583333333333333,0.25416666666666665
199,720,0.16364623779730655,0.5682195451303875,0.7651215328091578,484,3.829870004084215e-05,0.01712670549750328,143217,2.09548624753952,0.21388888888888888,0.15694444444444444,0.1597222222222222,0.15,0.3194444444444444
200,720,0.16215705703335107,-0.10180309381039074,-0.09679261871569889,517,3.801592961660087e-05,0.01677425019443035,143937,2.10584135055542,0.24722222222222223,0.18611111111111112,0.1625,0.19583333333333333,0.20833333333333334
201,720,0.16068142781434758,0.21220380385517199,0.23639984245711854,491,3.984619175222785e-05,0.01735314354300499,144657,2.125415817896525,0.22916666666666666,0.20277777777777778,0.16527777777777777,0.1361111111111111,0.26666666666666666
202,720,0.15921922682123701,0.280758682648515,0.3241340288604495,529,3.7855020377719487e-05,0.016825227066874504,145377,2.1347936312357585,0.2125,0.18611111111111112,0.1625,0.20416666666666666,0.23472222222222222
203,720,0.15777033185716377,-0.06568989860725488,-0.0635787952084017,482,3.873778726478526e-05,0.016708239912986755,146097,2.1446712176005045,0.20277777777777778,0.19166666666666668,0.19722222222222222,0.16944444444444445,0.2388888888888889
204,720,0.15633462183726357,0.12521738794912915,0.13339481266193287,504,3.7565170013446426e-05,0.01711227186024189,146817,2.1538707971572877,0.2652777777777778,0.14583333333333334,0.1986111111111111,0.18055555555555555,0.20972222222222223
205,720,0.15491197677854449,-0.1469504309772982,-0.13666322888430593,506,3.874211174282512e-05,0.017025556415319443,147537,2.164669879277547,0.28055555555555556,0.15138888888888888,0.1486111111111111,0.175,0.24444444444444444
206,720,0.15350227778985973,0.38746091157781926,0.4732353660475537,517,3.954033105376059e-05,0.01634836383163929,148257,2.17391783396403,0.24166666666666667,0.17222222222222222,0.18055555555555555,0.17222222222222222,0.23333333333333334
207,720,0.152105407061972,0.5713275849323273,0.7706161350865646,524,3.9917797606550364e-05,0.015877602621912956,148977,2.1828917463620505,0.2652777777777778,0.21805555555555556,0.11527777777777778,0.16944444444444445,0.23194444444444445
208,720,0.15072124785770807,0.250995629191541,0.285304466499283,544,4.324019583161013e-05,0.017635608091950417,149697,2.1919599334398905,0.24583333333333332,0.18888888888888888,0.1736111111111111,0.15833333333333333,0.23333333333333334
209,720,0.14934968450220293,0.29457260442081135,0.3425524350732281,515,4.058286318948174e-05,0.017070190981030464,150417,2.2020865519841513,0.2902777777777778,0.14722222222222223,0.13055555555555556,0.16944444444444445,0.2625
210,720,0.1479906023732329,0.19068936073566925,0.21008349424425465,507,3.9401596193834445e-05,0.016940373927354813,151137,2.2116994818051654,0.2791666666666667,0.1986111111111111,0.1486111111111111,0.12638888888888888,0.24722222222222223
211,720,0.14664388789163646,0.581236588778562,0.7882483919566208,507,4.284605047865221e-05,0.01659088209271431,151857,2.229961081345876,0.26805555555555555,0.1763888888888889,0.13333333333333333,0.14444444444444443,0.2777777777777778
212,720,0.14530942851182257,0.4132626898283387,0.511742093049881,517,4.4111138583957656e-05,0.016704749315977097,152577,2.2388815681139627,0.27361111111111114,0.175,0.14305555555555555,0.15833333333333333,0.25
213,720,0.143987112712365,-0.02080158592742489,-0.02058672533154593,527,4.101692402148021e-05,0.01664438098669052,153297,2.248153479894002,0.22916666666666666,0.1527777777777778,0.17083333333333334,0.17222222222222222,0.275
214,720,0.1426768299866825,0.06054136953628316,0.06241154813430061,503,4.1274344015265444e-05,0.016162503510713577,154017,2.2588448325792947,0.23333333333333334,0.10694444444444444,0.15,0.22916666666666666,0.28055555555555556
215,720,0.14137847083380367,0.17587696472963313,0.19229135573673117,483,3.9032847524190905e-05,0.016937851905822754,154737,2.267990831534068,0.325,0.15,0.12361111111111112,0.1763888888888889,0.225
216,720,0.14009192674921606,0.27371270580738244,0.3148370029363696,473,4.0563654739697895e-05,0.016869649291038513,155457,2.278424684206645,0.2986111111111111,0.14444444444444443,0.13333333333333333,0.1625,0.2611111111111111
217,720,0.1388170902157982,0.06068683504832205,0.06256610361511994,452,4.05230176637714e-05,0.016236426308751106,156177,2.290375316143036,0.2861111111111111,0.13055555555555556,0.14305555555555555,0.17777777777777778,0.2625
218,720,0.13755385469483442,0.2950973418347751,0.3432571074339221,527,3.9869166477678343e-05,0.016791602596640587,156897,2.300407298405965,0.29583333333333334,0.14444444444444443,0.15416666666666667,0.1388888888888889,0.26666666666666666
219,720,0.13630211461711142,0.0367927965257805,0.03747802951331014,480,3.9448841459943654e-05,0.017249491065740585,157617,2.3102400660514832,0.2763888888888889,0.13055555555555556,0.17083333333333334,0.17083333333333334,0.2513888888888889
220,720,0.1350617653740957,0.2415341254558194,0.2732009027373401,514,3.884664806719229e-05,0.01666197180747986,158337,2.320409917831421,0.2625,0.14444444444444443,0.15833333333333333,0.15416666666666667,0.28055555555555556
221,720,0.13383270330919142,-0.025027549015632367,-0.024716956429577608,469,4.111205352299092e-05,0.016674358397722244,159057,2.339159067471822,0.3013888888888889,0.125,0.18611111111111112,0.1638888888888889,0.22361111111111112
222,720,0.1326148257090778,0.12204043998168823,0.1297997899393153,466,4.1636528571113256e-05,0.016325071454048157,159777,2.3484403014183046,0.21805555555555556,0.14722222222222223,0.14444444444444443,0.17916666666666667,0.3111111111111111
223,720,0.13140803079512517,0.14519777734906625,0.15626823132088608,461,3.91300438423059e-05,0.015661129727959633,160497,2.35899498462677,0.24861111111111112,0.1875,0.16527777777777777,0.17916666666666667,0.21944444444444444
224,720,0.13021221771488953,0.556582539627018,0.7446998578476052,516,4.2852302284599216e-05,0.016054170206189156,161217,2.369106682141622,0.25,0.13055555555555556,0.175,0.16666666666666666,0.2777777777777778
225,720,0.12902728653368403,0.22256315961856518,0.2492747208737942,494,4.017917353975362e-05,0.016088884323835373,161937,2.3785511175791423,0.16527777777777777,0.17222222222222222,0.20833333333333334,0.18055555555555555,0.27361111111111114
226,720,0.12785313822622751,0.28168239213891105,0.32535770910497996,455,4.023329921412571e-05,0.016143742948770523,162657,2.388804813226064,0.30833333333333335,0.13333333333333333,0.13055555555555556,0.1527777777777778,0.275
227,720,0.12668967466836883,0.1321430717644954,0.141271591327486,506,4.16369823053881e-05,0.016755573451519012,163377,2.3984184503555297,0.2375,0.1736111111111111,0.16805555555555557,0.1388888888888889,0.28194444444444444
228,720,0.12553679862888667,0.21971764838818592,0.2457249484795141,452,3.8684951264005776e-05,0.016226477921009064,164097,2.409040379524231,0.1986111111111111,0.12777777777777777,0.2111111111111111,0.1638888888888889,0.2986111111111111
229,720,0.1243944137613638,0.644578266209336,0.9051833796121336,536,4.040046247584744e-05,0.016810085624456406,164817,2.4190479159355163,0.2375,0.13194444444444445,0.15416666666666667,0.19722222222222222,0.2791666666666667
230,720,0.12326242459613539,0.4292631740854338,0.5361252495632065,526,4.306394185707379e-05,0.01603318750858307,165537,2.4294535319010415,0.28888888888888886,0.15833333333333333,0.11944444444444445,0.16666666666666666,0.26666666666666666
231,720,0.12214073653231056,0.249677010464925,0.28361075688437687,510,4.309282171814427e-05,0.016162801533937454,166257,2.44952278137207,0.2708333333333333,0.15694444444444444,0.175,0.14583333333333334,0.2513888888888889
232,720,0.12102925582986652,0.24252461123109736,0.2744626148713778,504,4.2082557666213285e-05,0.015943527221679688,166977,2.459567101796468,0.2777777777777778,0.1597222222222222,0.14305555555555555,0.175,0.24444444444444444
233,720,0.11992788960181475,0.42314576312087593,0.5267568245873986,504,4.036662109506829e-05,0.015759306028485298,167697,2.468740499019623,0.2611111111111111,0.14166666666666666,0.13472222222222222,0.17083333333333334,0.2916666666666667
234,720,0.11883654580643824,-0.14927126333293966,-0.13866456551481,467,3.804592790351712e-05,0.016453687101602554,168417,2.4790234684944155,0.19722222222222222,0.16805555555555557,0.18888888888888888,0.17222222222222222,0.27361111111111114
235,720,0.11775513323959964,0.37600335035132604,0.456452013388849,514,4.0080206228291594e-05,0.015627527609467506,169137,2.4885145664215087,0.28055555555555556,0.1375,0.1625,0.13194444444444445,0.2875
236,720,0.11668356152711928,-0.16118999053833236,-0.148869650968399,449,4.162231182110393e-05,0.015935206785798073,169857,2.497767217954,0.27361111111111114,0.1486111111111111,0.18472222222222223,0.14166666666666666,0.2513888888888889
237,720,0.1156217411172225,0.3855944015722114,0.47048812217289027,496,4.242603821593447e-05,0.015761347487568855,170577,2.507997767130534,0.31666666666666665,0.13194444444444445,0.18194444444444444,0.15416666666666667,0.2152777777777778
238,720,0.11456958327305578,0.37491926943879295,0.4548739570860185,494,4.099551032873529e-05,0.016252754256129265,171297,2.5183263142903645,0.2263888888888889,0.12777777777777777,0.1597222222222222,0.1986111111111111,0.2875
239,720,0.11352700006527097,0.4164052967183216,0.5165003769592176,475,4.029828957704417e-05,0.016233813017606735,172017,2.527530300617218,0.3013888888888889,0.1638888888888889,0.14305555555555555,0.14722222222222223,0.24444444444444444
240,720,0.112493904364677,0.1326882900063394,0.14189400307767897,514,4.342775365810464e-05,0.01709640957415104,172737,2.5371476491292317,0.24583333333333332,0.14583333333333334,0.16666666666666666,0.16527777777777777,0.2763888888888889
241,720,0.11147020983495844,0.5435192626306476,0.7220565800379437,499,4.5309103159575496e-05,0.016884030774235725,173457,2.5558888991673787,0.23055555555555557,0.1638888888888889,0.15833333333333333,0.16805555555555557,0.2791666666666667
242,720,0.11045583092546031,0.35206386550247887,0.4219993375208273,511,4.429107575055645e-05,0.01611075922846794,174177,2.5655383189519245,0.30416666666666664,0.17777777777777778,0.17222222222222222,0.12638888888888888,0.21944444444444444
243,720,0.10945068286403863,0.11963488306069278,0.12708525852421837,515,4.165899527303433e-05,0.01663726568222046,174897,2.574511182308197,0.19305555555555556,0.14583333333333334,0.2222222222222222,0.18333333333333332,0.25555555555555554
244,720,0.10845468164997588,0.14783204913366726,0.159318171520068,527,4.096010075929573e-05,0.015215538442134857,175617,2.584191350142161,0.26666666666666666,0.16805555555555557,0.15555555555555556,0.15138888888888888,0.25833333333333336
245,720,0.10746774404696109,0.6405727897820572,0.8975674753403278,506,4.497942443827519e-05,0.01665821112692356,176337,2.5938677628835043,0.2763888888888889,0.11388888888888889,0.15416666666666667,0.19305555555555556,0.2625
246,720,0.10648978757613374,0.31390733431361717,0.36876289331745427,491,4.3428035341245655e-05,0.016630161553621292,177057,2.6041864156723022,0.325,0.11944444444444445,0.1361111111111111,0.15416666666666667,0.2652777777777778
247,720,0.10552073050919092,-0.05764324037532882,-0.05601333630231953,463,4.15130611322133e-05,0.016870124265551567,177777,2.6143758336702985,0.3,0.14722222222222223,0.13055555555555556,0.14305555555555555,0.2791666666666667
248,720,0.10456049186155728,0.21028049934985607,0.23402415438785273,503,4.141709012451934e-05,0.016732703894376755,178497,2.6255919496218363,0.2902777777777778,0.12638888888888888,0.17222222222222222,0.15555555555555556,0.25555555555555554
249,720,0.1036089913856171,-0.09380706199684777,-0.08954159267702155,423,4.206986050626761e-05,0.017791498452425003,179217,2.6357693672180176,0.23333333333333334,0.1736111111111111,0.21388888888888888,0.14583333333333334,0.23333333333333334
250,720,0.10266614956400799,0.2577363415899675,0.29399760029379185,507,4.21183553549377e-05,0.016774389892816544,179937,2.6458407322565716,0.3194444444444444,0.14722222222222223,0.19305555555555556,0.11805555555555555,0.2222222222222222
251,720,0.10173188760297552,0.06773352487157532,0.07008012074514136,469,4.036163957152894e-05,0.016238776966929436,180657,2.6635165333747866,0.2722222222222222,0.1486111111111111,0.2111111111111111,0.14305555555555555,0.225
252,720,0.10080612742578844,0.35116565160987606,0.4207226514150244,497,4.4827117778822864e-05,0.016329221427440643,181377,2.6731381177902223,0.25833333333333336,0.1763888888888889,0.18472222222222223,0.17916666666666667,0.2013888888888889
253,720,0.09988879166621377,0.453584716575255,0.5739442287850747,489,4.2995564530833183e-05,0.01601783186197281,182097,2.683697783946991,0.26805555555555555,0.18194444444444444,0.19305555555555556,0.12916666666666668,0.22777777777777777
254,720,0.09897980366205122,0.23449292970821337,0.26426753366380984,530,4.35927092111241e-05,0.016189033165574074,182817,2.6941898504892987,0.2513888888888889,0.21388888888888888,0.14722222222222223,0.17083333333333334,0.21666666666666667
255,720,0.09807908744872657,0.9280707948739116,1.529624302997913,505,4.068196556595972e-05,0.015773244202136993,183537,2.704470717906952,0.24166666666666667,0.16111111111111112,0.18888888888888888,0.12638888888888888,0.28194444444444444
256,720,0.09718656775294315,-0.05396906353197475,-0.0525385828417525,499,3.884770418886142e-05,0.015822943300008774,184257,2.7140972018241882,0.31527777777777777,0.1597222222222222,0.20277777777777778,0.08888888888888889,0.23333333333333334
257,720,0.09630216998639138,0.06641039244355505,0.0686651993074443,459,3.952177584475673e-05,0.015473444014787674,184977,2.7241451501846314,0.2569444444444444,0.175,0.16944444444444445,0.18194444444444444,0.21666666666666667
258,720,0.09542582023951522,-0.034372013983648954,-0.033788006602664455,492,4.051268999521401e-05,0.01597633957862854,185697,2.734883948167165,0.25277777777777777,0.19583333333333333,0.18611111111111112,0.1388888888888889,0.2263888888888889
259,720,0.09455744527533563,-0.009907444479493235,-0.009858527432368591,481,4.1249358477873306e-05,0.01635258086025715,186417,2.7454513867696124,0.2611111111111111,0.14444444444444443,0.1638888888888889,0.17777777777777778,0.25277777777777777
260,720,0.09369697252333008,0.15202779918909257,0.16419259959249244,461,4.0852316288288015e-05,0.0157161857932806,187137,2.755545385678609,0.24861111111111112,0.15,0.13194444444444445,0.18472222222222223,0.2847222222222222
261,720,0.09284433007336777,0.28032813785183097,0.32356405255317866,467,4.15008145536275e-05,0.016177063807845116,187857,2.774692996342977,0.2902777777777778,0.1763888888888889,0.18055555555555555,0.13055555555555556,0.2222222222222222
262,720,0.09199944666970013,0.2927586978083184,0.34011937767020384,498,4.203212151878688e-05,0.016598111018538475,188577,2.7839254339536033,0.3125,0.13055555555555556,0.12222222222222222,0.16805555555555557,0.26666666666666666
263,720,0.09116225170500586,0.2038246677607174,0.22608316270289341,454,4.340506486389333e-05,0.01631230302155018,189297,2.793062933286031,0.2388888888888889,0.17083333333333334,0.2,0.18333333333333332,0.20694444444444443
264,720,0.0903326752144903,0.2154075273058822,0.24036727751578812,471,3.785368466601035e-05,0.01632339134812355,190017,2.802542797724406,0.31666666666666665,0.14166666666666666,0.15138888888888888,0.14305555555555555,0.24722222222222223
265,720,0.08951064787003844,0.14400588382070748,0.15489090367593872,468,3.983165194843726e-05,0.015910588204860687,190737,2.8122800032297772,0.2513888888888889,0.1625,0.2152777777777778,0.1361111111111111,0.23472222222222222
266,720,0.0886961009744211,0.7030921773639711,1.01998922524947,530,4.119040121647938e-05,0.016207033768296242,191457,2.822151799996694,0.2916666666666667,0.14305555555555555,0.17777777777777778,0.16944444444444445,0.21805555555555556
267,720,0.08788896645555387,0.29084201096740436,0.3375532485123558,443,4.2748925085965714e-05,0.0166164617985487,192177,2.8314990162849427,0.25,0.12916666666666668,0.2152777777777778,0.1875,0.21805555555555556
268,720,0.08708917686080833,0.2116587797223568,0.2357261583089012,472,4.059896122043938e-05,0.016355670988559723,192897,2.841374882062276,0.2847222222222222,0.1125,0.14027777777777778,0.14305555555555555,0.3194444444444444
269,720,0.08629666535137498,0.5179857304648631,0.6786430025869914,517,4.195609021988073e-05,0.01613740250468254,193617,2.8522713502248127,0.29305555555555557,0.14305555555555555,0.1111111111111111,0.2,0.25277777777777777
270,720,0.08551136569667747,0.13670428757617384,0.14648906732662104,498,3.9923604437161784e-05,0.01649165339767933,194337,2.8628119985262552,0.2361111111111111,0.15138888888888888,0.1763888888888889,0.17222222222222222,0.2638888888888889
271,720,0.0847332122688377,0.3348962525731272,0.3977953600277042,494,4.2280393302007724e-05,0.0167419221252203,195057,2.8812450846036275,0.2569444444444444,0.14583333333333334,0.20555555555555555,0.17083333333333334,0.22083333333333333
272,720,0.08396214003719128,0.343649287070632,0.41008401408244977,498,4.040430703248098e-05,0.016697783023118973,195777,2.8911115487416583,0.29444444444444445,0.15416666666666667,0.1361111111111111,0.13333333333333333,0.28194444444444444
273,720,0.08319808456285284,0.029705179195653287,0.030150779297769548,470,4.075173616734497e-05,0.016846101731061935,196497,2.9007024645805357,0.24027777777777778,0.15416666666666667,0.17916666666666667,0.20555555555555555,0.22083333333333333
274,720,0.08244098199333087,0.16273955435340567,0.17673017552362724,501,4.12316222675852e-05,0.017074108123779297,197217,2.911675997575124,0.3111111111111111,0.15833333333333333,0.16111111111111112,0.11527777777777778,0.25416666666666665
275,720,0.08169076905719157,0.04073550823866898,0.041576580685670717,442,4.35929870023857e-05,0.01797265000641346,197937,2.9218949834505716,0.23055555555555557,0.1527777777777778,0.18333333333333332,0.175,0.25833333333333336
276,720,0.08094738305877112,0.0713949033534602,0.07400527041746341,505,4.258125523695829e-05,0.017210345715284348,198657,2.9336276133855184,0.20972222222222223,0.1375,0.22083333333333333,0.1763888888888889,0.25555555555555554
277,720,0.08021076187293631,0.3105782828641903,0.36421378752846345,502,4.0851497510629996e-05,0.01780807226896286,199377,2.943003316720327,0.25555555555555554,0.1361111111111111,0.15555555555555556,0.17222222222222222,0.28055555555555556
278,720,0.07948084393989259,0.6110622142657735,0.8423873699149083,512,4.0707734929886406e-05,0.018005967140197754,200097,2.952730365594228,0.25972222222222224,0.175,0.14166666666666666,0.2111111111111111,0.2125
279,720,0.07875756826003957,0.1863671546772948,0.2048645508334992,496,4.127963504237818e-05,0.01633993722498417,200817,2.962438948949178,0.23472222222222222,0.16944444444444445,0.14583333333333334,0.20277777777777778,0.24722222222222223
280,720,0.07804087438887321,0.444105411097511,0.5590948228566801,476,4.14957032957217e-05,0.017118630930781364,201537,2.9735084970792136,0.26944444444444443,0.17083333333333334,0.125,0.18055555555555555,0.25416666666666665
281,720,0.07733070243193446,-0.06907979465076822,-0.06674779142703369,461,4.096499024449764e-05,0.016606291756033897,202257,2.9929212530454,0.24305555555555555,0.2,0.13333333333333333,0.18472222222222223,0.2388888888888889
282,720,0.07662699303980386,0.052850561022201134,0.0542720840042068,502,3.859661664162357e-05,0.01663733273744583,202977,3.0030263463656106,0.2375,0.18472222222222223,0.14166666666666666,0.19444444444444445,0.24166666666666667
283,720,0.07592968740314164,0.24204509985282993,0.2738516420422914,491,3.724202443764726e-05,0.017282627522945404,203697,3.0146333654721578,0.24583333333333332,0.17222222222222222,0.18611111111111112,0.175,0.22083333333333333
284,720,0.07523872724777306,0.20318098340344184,0.22529420609709727,465,3.934463463287506e-05,0.01719493605196476,204417,3.0251739660898846,0.24027777777777778,0.18055555555555555,0.16527777777777777,0.19305555555555556,0.22083333333333333
285,720,0.07455405482981832,0.1328701977148505,0.14210174129315623,490,3.830939419281599e-05,0.01670396514236927,205137,3.0351213494936626,0.19166666666666668,0.19583333333333333,0.14722222222222223,0.21388888888888888,0.2513888888888889
286,720,0.07387561293086697,-0.1629440020931259,-0.15036123492507558,499,3.7870044224695854e-05,0.01725487783551216,205857,3.044509196281433,0.22083333333333333,0.20416666666666666,0.15416666666666667,0.19583333333333333,0.225
287,720,0.07320334485319609,0.5247679804715306,0.6900666744119623,534,3.935449854124171e-05,0.01637507788836956,206577,3.053571367263794,0.3236111111111111,0.1875,0.14722222222222223,0.13472222222222222,0.20694444444444443
288,720,0.07253719441503201,-0.0018739367609785945,-0.0018721820377374243,466,3.803577386760379e-05,0.01630965620279312,207297,3.063854718208313,0.25833333333333336,0.1986111111111111,0.1527777777777778,0.14583333333333334,0.24444444444444444
289,720,0.07187710594585521,0.35848644811690256,0.43116163706152744,529,3.828685189041102e-05,0.01592768356204033,208017,3.0733909010887146,0.2125,0.18472222222222223,0.16805555555555557,0.2111111111111111,0.22361111111111112
290,720,0.07122302428174793,0.5102477343013315,0.6657037958021617,486,3.757613472114624e-05,0.01549922488629818,208737,3.0833903153737388,0.21805555555555556,0.18472222222222223,0.14027777777777778,0.20972222222222223,0.24722222222222223
291,720,0.07057489476078402,0.14942070742743233,0.16116139568737453,486,3.6801378630318344e-05,0.015868358314037323,209457,3.1023491501808165,0.25277777777777777,0.19583333333333333,0.18194444444444444,0.15416666666666667,0.2152777777777778
292,720,0.06993266321846088,0.1110349523658407,0.11743396313258248,511,3.686537445951722e-05,0.015570646151900291,210177,3.1119040807088214,0.2111111111111111,0.17777777777777778,0.18472222222222223,0.19583333333333333,0.23055555555555557
293,720,0.06929627598317288,0.126051307165015,0.1343403665783891,469,3.806382922119964e-05,0.015781212598085403,210897,3.1218048135439553,0.2763888888888889,0.16666666666666666,0.125,0.20833333333333334,0.22361111111111112
294,720,0.068665679871726,0.5161946496248094,0.6756391081796629,510,4.1277131798425314e-05,0.016944607719779015,211617,3.1319652676582335,0.25555555555555554,0.1736111111111111,0.1638888888888889,0.17777777777777778,0.22916666666666666
295,720,0.0680408221848933,0.5647402574403257,0.7589908385976087,519,4.132926782808176e-05,0.0160287506878376,212337,3.1414485653241475,0.24583333333333332,0.1597222222222222,0.175,0.22361111111111112,0.19583333333333333
296,720,0.06742165070301076,0.29263164966510324,0.3399491288067098,511,3.665979215712569e-05,0.016716845333576202,213057,3.151198351383209,0.25972222222222224,0.19305555555555556,0.1361111111111111,0.15416666666666667,0.2569444444444444
297,720,0.06680811368161337,0.06394888544629924,0.06603790731700498,500,4.243177538683085e-05,0.01630333438515663,213777,3.1605215509732565,0.2611111111111111,0.21805555555555556,0.14027777777777778,0.19027777777777777,0.19027777777777777
298,720,0.06620015984711068,0.2386836894157556,0.26957689245644456,507,4.1502326951103896e-05,0.016873525455594063,214497,3.170059498151143,0.27361111111111114,0.16666666666666666,0.14583333333333334,0.20416666666666666,0.20972222222222223
299,720,0.06559773839250198,0.14822086738634496,0.15976902322982212,529,4.079817708644542e-05,0.01625121757388115,215217,3.180298932393392,0.2513888888888889,0.16111111111111112,0.1486111111111111,0.19444444444444445,0.24444444444444444
300,720,0.06500079897313021,0.26567609679720694,0.30431251925725356,506,4.2675978436869226e-05,0.016062241047620773,215937,3.190201417605082,0.22916666666666666,0.13194444444444445,0.1625,0.24305555555555555,0.23333333333333334
301,720,0.06440929170247472,0.1914179743128533,0.21096549878891357,521,4.302309992125528e-05,0.01690419763326645,216657,3.209337099393209,0.2791666666666667,0.18333333333333332,0.1597222222222222,0.1388888888888889,0.2388888888888889
302,720,0.06382316714798221,-0.01250334833708705,-0.012425506243957218,504,3.9805150782336164e-05,0.016377311199903488,217377,3.2196131984392804,0.225,0.17916666666666667,0.14027777777777778,0.20694444444444443,0.24861111111111112
303,720,0.06324237632693558,0.07932622821176699,0.08255742524404797,511,4.0670854886886645e-05,0.01711774617433548,218097,3.2294649124145507,0.21388888888888888,0.16944444444444445,0.15555555555555556,0.1763888888888889,0.2847222222222222
304,720,0.06266687070236046,0.7118702756729971,1.0377989426163117,492,4.282809396600997e-05,0.01604779064655304,218817,3.239741599559784,0.22083333333333333,0.20555555555555555,0.14444444444444443,0.18888888888888888,0.24027777777777778
305,720,0.06209660217896898,0.6856632489154804,0.9850880064818688,515,3.949786817858896e-05,0.015439270064234734,219537,3.2498284816741942,0.23472222222222222,0.19305555555555556,0.2,0.15416666666666667,0.21805555555555556
306,720,0.06153152309914036,0.5352809006889875,0.7079279330114467,535,3.790623948008134e-05,0.015336304903030396,220257,3.259690531094869,0.22916666666666666,0.17083333333333334,0.1763888888888889,0.1638888888888889,0.25972222222222224
307,720,0.06097158623893818,0.262812759452941,0.30058317424667114,438,4.226465558885037e-05,0.016543781384825706,220977,3.2689732670783997,0.30694444444444446,0.2638888888888889,0.09027777777777778,0.1375,0.2013888888888889
308,720,0.06041674480416385,0.6046718461431688,0.8306513749989686,533,3.8649340069696336e-05,0.01680121384561062,221697,3.27779141664505,0.22777777777777777,0.19583333333333333,0.16666666666666666,0.18333333333333332,0.2263888888888889
309,720,0.059866952426445956,0.5679715424228677,0.7646838321676308,541,3.739656482113989e-05,0.0159907266497612,222417,3.289024583498637,0.25555555555555554,0.20833333333333334,0.12916666666666668,0.17083333333333334,0.2361111111111111
310,720,0.059322163159365296,0.09385729115687048,0.09840298291272664,482,3.673774772702624e-05,0.01596357673406601,223137,3.298811395963033,0.18333333333333332,0.22083333333333333,0.15138888888888888,0.21666666666666667,0.22777777777777777
311,720,0.05878233147461507,0.06641710497680917,0.0686723727822105,484,3.7122984268636275e-05,0.015927951782941818,223857,3.317743452390035,0.26944444444444443,0.15694444444444444,0.15,0.18611111111111112,0.2375
312,720,0.058247412258196074,0.7268318525142418,1.0685168492316999,485,3.953348941018299e-05,0.016812613233923912,224577,3.326823715368907,0.22361111111111112,0.2013888888888889,0.1875,0.175,0.2125
313,720,0.05771736080664649,0.23390510647824586,0.26352458622090924,457,3.5745198689104046e-05,0.01550713274627924,225297,3.336919367313385,0.2875,0.16944444444444445,0.17916666666666667,0.14722222222222223,0.21666666666666667
314,720,0.057192132823306006,0.9531626607839618,1.5939003271788845,496,3.455745660656046e-05,0.015455424785614014,226017,3.34821918408076,0.2263888888888889,0.14444444444444443,0.2125,0.17083333333333334,0.24583333333333332
315,720,0.05667168441461392,0.10292605516602525,0.10840944489325288,520,3.800668396504787e-05,0.015950791537761688,226737,3.3586256821950276,0.23333333333333334,0.19722222222222222,0.1763888888888889,0.11666666666666667,0.2763888888888889
316,720,0.056155972086440936,0.6238084173463311,0.8660211137623692,493,3.6390193484850085e-05,0.01534930057823658,227457,3.368101930618286,0.2375,0.19166666666666668,0.1111111111111111,0.19166666666666668,0.26805555555555555
317,720,0.05564495274045432,0.36582540975977607,0.4417035133176921,519,3.9531363816220414e-05,0.015403857454657555,228177,3.3781882524490356,0.22916666666666666,0.15694444444444444,0.14027777777777778,0.23055555555555557,0.24305555555555555
318,720,0.05513858367051619,0.5329315591302934,0.7039201366238608,537,3.847104213466284e-05,0.016911428421735764,228897,3.3893905838330585,0.24583333333333332,0.1875,0.16527777777777777,0.15138888888888888,0.25
319,720,0.05463682255911449,0.4389682558210834,0.5511060480182755,520,3.970593929933683e-05,0.01582188718020916,229617,3.399295417467753,0.20416666666666666,0.21388888888888888,0.1527777777777778,0.1875,0.24166666666666667
320,720,0.05413962747382655,0.652491436300929,0.9203192270366316,531,3.782831330454428e-05,0.015644842758774757,230337,3.40908704996109,0.20972222222222223,0.19444444444444445,0.16666666666666666,0.17222222222222222,0.2569444444444444
321,720,0.05364695686381473,0.21509708448235845,0.23998227415981233,494,3.81396016248598e-05,0.016217749565839767,231057,3.4273628989855447,0.20555555555555555,0.2263888888888889,0.1986111111111111,0.1625,0.20694444444444443
322,720,0.05315876955635402,0.16664492122464952,0.1813347239405949,514,3.968878309403105e-05,0.016302060335874557,231777,3.4369815468788145,0.20416666666666666,0.20833333333333334,0.1875,0.18194444444444444,0.21805555555555556
323,720,0.0526750247533912,0.49347149047641053,0.6379926372811291,521,3.6983786018633205e-05,0.016488634049892426,232497,3.447657068570455,0.21805555555555556,0.2222222222222222,0.15694444444444444,0.13333333333333333,0.26944444444444443
324,720,0.052195682028135335,0.3839931435706331,0.4681353754809756,506,3.8773572028579414e-05,0.01619570143520832,233217,3.456490862369537,0.19722222222222222,0.20555555555555555,0.18472222222222223,0.1597222222222222,0.25277777777777777
325,720,0.0517207013216793,0.48409427062747284,0.6227046118240005,510,4.0980051206436956e-05,0.016093170270323753,233937,3.4660035530726114,0.1875,0.15138888888888888,0.20416666666666666,0.19444444444444445,0.2625
326,720,0.05125004293965202,0.9267096772529156,1.5261835289649022,503,3.8392008202158145e-05,0.01625520922243595,234657,3.4764629642168683,0.23472222222222222,0.1736111111111111,0.1625,0.19305555555555556,0.2361111111111111
327,720,0.050783667548901186,0.8700694033530387,1.387076518889724,513,4.1110404064662966e-05,0.016781119629740715,235377,3.4858999649683633,0.19444444444444445,0.21805555555555556,0.15138888888888888,0.20555555555555555,0.23055555555555557
328,720,0.050321536174206184,0.500075359358284,0.648845521958765,512,4.351307482769092e-05,0.016387242823839188,236097,3.4951233863830566,0.21666666666666667,0.24305555555555555,0.15,0.16527777777777777,0.225
329,720,0.049863610195020905,0.6352219373169146,0.8874409885669505,514,4.323674173494712e-05,0.016988633200526237,236817,3.5042851010958356,0.19027777777777777,0.225,0.18194444444444444,0.18333333333333332,0.21944444444444444
330,720,0.049409851342246215,0.857987424489123,1.3584094371004474,501,5.057721676722495e-05,0.017977673560380936,237537,3.514296003182729,0.24444444444444444,0.18333333333333332,0.1361111111111111,0.1986111111111111,0.2375
331,720,0.04896022169503177,0.12703215950376529,0.13545353281649786,457,4.746249065242915e-05,0.019370853900909424,238257,3.53415953318278,0.25833333333333336,0.19444444444444445,0.13472222222222222,0.18194444444444444,0.23055555555555557
332,720,0.04851468367760699,0.5671823356586395,0.7632916811703132,535,4.143622305340007e-05,0.017894264310598373,238977,3.5438027143478394,0.23333333333333334,0.23055555555555557,0.14722222222222223,0.15138888888888888,0.2375
333,720,0.04807320005614076,0.5746767907990852,0.776556234789763,504,4.269231341519723e-05,0.017026422545313835,239697,3.554173465569814,0.225,0.21388888888888888,0.09444444444444444,0.16944444444444445,0.2972222222222222
334,720,0.04763573393562988,0.2331891835193515,0.26262032369028065,522,4.211958655938967e-05,0.01763780228793621,240417,3.566016964117686,0.20972222222222223,0.16944444444444445,0.15555555555555556,0.20833333333333334,0.2569444444444444
335,720,0.04720224875681565,0.08744579493102411,0.09138310434313035,503,4.351330635598869e-05,0.017724856734275818,241137,3.5760304649670918,0.22916666666666666,0.19722222222222222,0.13472222222222222,0.21388888888888888,0.225
336,720,0.04677270829312862,0.2839519446587956,0.32836909398889813,500,4.4065732562456916e-05,0.01833956502377987,241857,3.586242667833964,0.24444444444444444,0.14305555555555555,0.16527777777777777,0.21805555555555556,0.22916666666666666
337,720,0.046347076647661155,0.1491322844783994,0.16082653838591665,514,4.5933828278066355e-05,0.01805037073791027,242577,3.5954855998357136,0.225,0.18055555555555555,0.1625,0.19444444444444445,0.2375
338,720,0.045925318250167435,0.26781003793104086,0.30709881723407206,513,4.5819464415015114e-05,0.018221616744995117,243297,3.6047117988268536,0.21805555555555556,0.1986111111111111,0.19583333333333333,0.1763888888888889,0.2111111111111111
339,720,0.045507397854090914,0.32387341561673794,0.3824722966398708,508,4.816738234517793e-05,0.018199916929006577,244017,3.614808281262716,0.2361111111111111,0.13333333333333333,0.1736111111111111,0.23333333333333334,0.22361111111111112
340,720,0.04509328053361869,0.014859623816977717,0.014970576919545842,422,4.6017380538564286e-05,0.017992408946156502,244737,3.625728718439738,0.32916666666666666,0.15,0.16805555555555557,0.18333333333333332,0.16944444444444445
341,720,0.04468293168076276,0.8574553172274565,1.3571548441316064,506,4.042253489286749e-05,0.01721853017807007,245457,3.645624566078186,0.23472222222222222,0.19166666666666668,0.16111111111111112,0.17083333333333334,0.24166666666666667
342,720,0.04427631700246782,0.15829881278833755,0.17151620643530419,440,4.3857888980862e-05,0.017010433599352837,246177,3.655555232365926,0.2388888888888889,0.14166666666666666,0.17083333333333334,0.23194444444444445,0.21666666666666667
343,720,0.043873402517745366,0.48956097941227766,0.631599756811684,474,4.438712253810687e-05,0.016351329162716866,246897,3.6653356830279034,0.225,0.19583333333333333,0.16666666666666666,0.16527777777777777,0.24722222222222223
344,720,0.04347415455483388,0.2303747895566297,0.259071808476232,474,4.322557235304379e-05,0.01658426783978939,247617,3.675318964322408,0.24583333333333332,0.17916666666666667,0.175,0.1875,0.2125
345,720,0.043078539748384895,0.37617631864873685,0.4567039552022061,489,4.102735027547371e-05,0.016993485391139984,248337,3.68526291847229,0.20555555555555555,0.16527777777777777,0.1736111111111111,0.1638888888888889,0.2916666666666667
346,720,0.04268652503667459,0.10754612292591854,0.11354221938741516,471,4.116252201684903e-05,0.016514291986823082,249057,3.695790684223175,0.21388888888888888,0.1736111111111111,0.2222222222222222,0.1486111111111111,0.24166666666666667
347,720,0.04229807765884085,0.04094030521521371,0.041789914264526606,460,4.122012885545701e-05,0.016570014879107475,249777,3.7053987344106036,0.22916666666666666,0.17222222222222222,0.15138888888888888,0.1986111111111111,0.24861111111111112
348,720,0.0419131651521454,0.16440558702353084,0.17869228045158092,457,4.0601647477463605e-05,0.015832656994462013,250497,3.715531615416209,0.2125,0.22361111111111112,0.18611111111111112,0.18194444444444444,0.19583333333333333
349,720,0.04153175534926088,0.6479188819022883,0.9115585076056127,522,4.108744967905093e-05,0.016162147745490074,251217,3.7255258798599242,0.2638888888888889,0.1361111111111111,0.14166666666666666,0.1875,0.2708333333333333
350,720,0.04115381637558261,0.19369265046080678,0.213723188361294,469,4.353505389518533e-05,0.015976928174495697,251937,3.736107929547628,0.2611111111111111,0.15416666666666667,0.19027777777777777,0.18333333333333332,0.2111111111111111
351,720,0.040779316646564805,0.24978410992372568,0.28374823826370776,433,4.3220032080171225e-05,0.016935277730226517,252657,3.7547149658203125,0.3125,0.1486111111111111,0.17083333333333334,0.12638888888888888,0.24166666666666667
352,720,0.04040822486508106,0.9530480477241955,1.5936030493619477,512,4.4323110857173256e-05,0.017705608159303665,253377,3.764791214466095,0.25416666666666665,0.14722222222222223,0.19305555555555556,0.13333333333333333,0.2722222222222222
353,720,0.040040510018808824,0.19860914834066057,0.21970514894222326,469,4.2880194514004367e-05,0.01778789982199669,254097,3.7759806474049884,0.24861111111111112,0.18333333333333332,0.1625,0.14166666666666666,0.2638888888888889
354,720,0.03967614137763766,0.25252406810371514,0.287270477941328,513,4.573775756347863e-05,0.01781029999256134,254817,3.7863827188809713,0.2013888888888889,0.18472222222222223,0.1486111111111111,0.19305555555555556,0.2722222222222222
355,720,0.03931508849110116,0.3505768657647106,0.4198863962397339,488,4.573868900605602e-05,0.019133348017930984,255537,3.795877683162689,0.2916666666666667,0.21944444444444444,0.14444444444444443,0.12638888888888888,0.21805555555555556
356,720,0.03895732118583214,0.4302929032465933,0.5377078572166543,526,4.724401116694328e-05,0.01938871294260025,256257,3.8051162004470824,0.21944444444444444,0.1597222222222222,0.16527777777777777,0.18472222222222223,0.2708333333333333
357,720,0.03860280956304107,0.20729879546045918,0.23035013990075215,494,4.400654166829554e-05,0.01915617473423481,256977,3.814827581246694,0.20277777777777778,0.18611111111111112,0.14166666666666666,0.16527777777777777,0.30416666666666664
358,720,0.038251523996017396,-0.06883344949838698,-0.06651786094953493,489,4.323184104527576e-05,0.018583204597234726,257697,3.8251440644264223,0.2361111111111111,0.1736111111111111,0.15694444444444444,0.1875,0.24583333333333332
359,720,0.03790343512765364,0.3299911833960585,0.390955864902758,480,4.262081884386741e-05,0.018030360341072083,258417,3.8359336853027344,0.19583333333333333,0.23055555555555557,0.2013888888888889,0.14583333333333334,0.2263888888888889
360,720,0.037558513867991986,0.5029353737425334,0.6535679938186767,520,4.2251938786345515e-05,0.018069321289658546,259137,3.846443216005961,0.22916666666666666,0.19722222222222222,0.13194444444444445,0.1597222222222222,0.28194444444444444
361,720,0.03721673139179326,0.9636494582803754,1.6212451639197978,491,4.741051545048928e-05,0.018027285113930702,259857,3.8660345673561096,0.20277777777777778,0.18611111111111112,0.19444444444444445,0.1763888888888889,0.24027777777777778
362,720,0.03687805913612794,0.9084116550628607,1.4803797043818636,487,4.74131409760048e-05,0.017446093261241913,260577,3.8759313146273295,0.20972222222222223,0.18888888888888888,0.19583333333333333,0.14722222222222223,0.25833333333333336
363,720,0.036542468797989176,0.3229391827502455,0.38118134870022824,503,4.368357706299422e-05,0.01722143217921257,261297,3.8858293652534486,0.2513888888888889,0.20555555555555555,0.16805555555555557,0.1375,0.2375
364,720,0.03620993233192747,0.174424373431095,0.1905607009594119,462,4.48074249574246e-05,0.017154116183519363,262017,3.8960166494051616,0.2388888888888889,0.21388888888888888,0.19027777777777777,0.18194444444444444,0.175
365,720,0.03588042194770693,0.15168244153286736,0.16379060618464591,482,4.2927021292547983e-05,0.0176098495721817,262737,3.905406900246938,0.20833333333333334,0.2013888888888889,0.19722222222222222,0.14166666666666666,0.2513888888888889
366,720,0.0355539101079828,0.13140903551672226,0.14043416399950615,443,4.282264369395408e-05,0.016995744779706,263457,3.9154306133588155,0.21388888888888888,0.14444444444444443,0.18611111111111112,0.2722222222222222,0.18333333333333332
367,720,0.03523036952600015,0.40599468281053,0.5007945724277054,493,4.638242034060467e-05,0.01695883460342884,264177,3.925463132063548,0.19027777777777777,0.20416666666666666,0.19305555555555556,0.16805555555555557,0.24444444444444444
368,720,0.03490977316331355,0.32948664351455426,0.39025424920693785,451,4.436545059560457e-05,0.01705595850944519,264897,3.935679598649343,0.2222222222222222,0.17916666666666667,0.21388888888888888,0.18055555555555555,0.20416666666666666
369,720,0.0345920942275274,0.9514115811367371,1.5893621756010705,507,4.364032617887561e-05,0.017122983932495117,265617,3.9451207319895425,0.24861111111111112,0.17222222222222222,0.20694444444444443,0.15694444444444444,0.2152777777777778
370,720,0.0342773061700569,0.6418253506560926,0.8999457832925808,489,4.370139016221704e-05,0.01719711720943451,266337,3.954821149508158,0.16805555555555557,0.21944444444444444,0.1736111111111111,0.2125,0.2263888888888889
371,720,0.03396538268390938,0.17227590708102788,0.1880055671480496,499,4.641875330864625e-05,0.017666373401880264,267057,3.9736090977986653,0.18472222222222223,0.19583333333333333,0.17083333333333334,0.19722222222222222,0.2513888888888889
372,720,0.03365629770148581,0.1812020030174408,0.19865728722800657,500,4.981596583143578e-05,0.0187789648771286,267777,3.98375749985377,0.24722222222222223,0.17777777777777778,0.20416666666666666,0.14305555555555555,0.22777777777777777
373,720,0.03335002539240229,1.3264925563063328,2.7678048211186916,527,4.837862340739068e-05,0.018209468573331833,268497,3.9929118831952413,0.22916666666666666,0.16111111111111112,0.17916666666666667,0.15138888888888888,0.2791666666666667
374,720,0.03304654016133143,0.47617749349555083,0.6099087389302926,491,4.832881821307132e-05,0.01747773215174675,269217,4.002181319395701,0.18333333333333332,0.16666666666666666,0.17222222222222222,0.20555555555555555,0.2722222222222222
375,720,0.03274581664586331,0.22660591688981566,0.2543354581088493,498,4.788473239235221e-05,0.018314333632588387,269937,4.011702064673106,0.18611111111111112,0.2361111111111111,0.20694444444444443,0.1875,0.18333333333333332
376,720,0.03244782971438596,0.6555430319812765,0.9261882152298073,521,5.3408681373588886e-05,0.01844099536538124,270657,4.021032186349233,0.23333333333333334,0.20833333333333334,0.14722222222222223,0.18194444444444444,0.22916666666666666
377,720,0.032152554463985045,0.06958762813177684,0.07206600022960163,448,4.643390425119125e-05,0.01839451864361763,271377,4.031136814753214,0.22083333333333333,0.25555555555555554,0.13333333333333333,0.19444444444444445,0.19583333333333333
378,720,0.03185996621836278,0.07730434219860262,0.08037082879679147,404,4.8161646849267626e-05,0.017721304669976234,272097,4.040898180007934,0.20833333333333334,0.18472222222222223,0.16527777777777777,0.2652777777777778,0.1763888888888889
379,720,0.03157004052577568,0.9354280148293919,1.548303936226381,494,4.649825354792686e-05,0.019150320440530777,272817,4.049716782569885,0.21388888888888888,0.19722222222222222,0.175,0.1986111111111111,0.2152777777777778
380,720,0.031282753156991125,0.16626413251573557,0.1808849706521931,492,5.037303114426727e-05,0.018720271065831184,273537,4.059892749786377,0.21944444444444444,0.1875,0.2222222222222222,0.16111111111111112,0.20972222222222223
381,720,0.030998080103262507,0.935617610396997,1.5487871291617634,537,4.55191030571061e-05,0.018761970102787018,274257,4.079519848028819,0.20277777777777778,0.2361111111111111,0.16111111111111112,0.15694444444444444,0.24305555555555555
382,720,0.030715997574322817,0.3383211745599196,0.40259090758975846,438,4.859636221302329e-05,0.018311072140932083,274977,4.088947534561157,0.22083333333333333,0.20277777777777778,0.1597222222222222,0.17222222222222222,0.24444444444444444
383,720,0.03043648199639648,0.6154451827280505,0.8504802180460349,543,5.033056435321568e-05,0.018020611256361008,275697,4.0997381011645,0.17222222222222222,0.23333333333333334,0.1763888888888889,0.19583333333333333,0.2222222222222222
384,720,0.030159510010229273,0.46751198204265537,0.5960183269972259,502,4.927334366710865e-05,0.017985306680202484,276417,4.109877065817515,0.2111111111111111,0.20277777777777778,0.19722222222222222,0.1736111111111111,0.2152777777777778
385,720,0.029885058469136187,0.2764744898381654,0.3184733178210313,539,4.738596840828298e-05,0.018379997462034225,277137,4.120510133107503,0.25555555555555554,0.17222222222222222,0.10833333333333334,0.2111111111111111,0.25277777777777777
386,720,0.029613104437067047,0.13739620614584636,0.1472826189071068,464,4.5458643155092834e-05,0.01843881607055664,277857,4.130222149689993,0.20416666666666666,0.16666666666666666,0.20833333333333334,0.17083333333333334,0.25
387,720,0.029343625186689738,0.3313994798635623,0.3929161231221361,477,4.483221928366119e-05,0.01801304519176483,278577,4.141449733575185,0.2263888888888889,0.11527777777777778,0.26666666666666666,0.17222222222222222,0.21944444444444444
388,720,0.029076598197490863,0.5728003867891474,0.7732258231229969,485,4.875546635629588e-05,0.01804002746939659,279297,4.151920167605082,0.29583333333333334,0.1625,0.16527777777777777,0.16666666666666666,0.20972222222222223
389,720,0.028812001153893697,0.7095013035358028,1.0329771672807597,517,4.968269371501164e-05,0.018450278788805008,280017,4.161537035306295,0.2722222222222222,0.16805555555555557,0.1388888888888889,0.15,0.2708333333333333
390,720,0.028549811943393264,1.0999757411401672,2.0040931471878993,498,4.845962015199095e-05,0.018355842679739,280737,4.171758151054382,0.26805555555555555,0.18055555555555555,0.18194444444444444,0.14583333333333334,0.22361111111111112
391,720,0.028290008654708387,0.3919882270066222,0.47992028820797583,467,4.733373954321804e-05,0.0183237437158823,281457,4.191688414414724,0.19583333333333333,0.18472222222222223,0.2152777777777778,0.2152777777777778,0.18888888888888888
392,720,0.02803256957595054,0.48912194368684203,0.6308835834531836,513,4.470608326477709e-05,0.01829548552632332,282177,4.202471800645193,0.2388888888888889,0.2013888888888889,0.1597222222222222,0.14444444444444443,0.25555555555555554
393,720,0.02777747319280939,0.2542271699588165,0.2894646986406302,509,4.528622623259556e-05,0.018027087673544884,282897,4.211842266718547,0.25,0.16805555555555557,0.21805555555555556,0.16944444444444445,0.19444444444444445
394,720,0.027524698186754824,0.2458330899339854,0.278686130142916,465,4.688094345889719e-05,0.018581731244921684,283617,4.220014735062917,0.23194444444444445,0.2152777777777778,0.17777777777777778,0.18611111111111112,0.18888888888888888
395,720,0.027274223433255355,0.36696981451597593,0.443354350107928,498,4.5565699509906056e-05,0.01803394965827465,284337,4.228887617588043,0.2111111111111111,0.1638888888888889,0.20416666666666666,0.18055555555555555,0.24027777777777778
396,720,0.027026028000012733,1.0960040496546537,1.9921854784597306,502,4.523854930261627e-05,0.01832040399312973,285057,4.238343000411987,0.24722222222222223,0.17083333333333334,0.15138888888888888,0.1763888888888889,0.25416666666666665
397,720,0.02678009114521262,0.5724975266906067,0.7726888650911512,519,4.0026809090755303e-05,0.017955703660845757,285777,4.248079252243042,0.28055555555555556,0.15555555555555556,0.2111111111111111,0.13333333333333333,0.21944444444444444
398,720,0.026536392315791184,0.24038774407564745,0.2717421652237417,522,4.484051620592153e-05,0.017388582229614258,286497,4.2573997497558596,0.23055555555555557,0.15555555555555556,0.2361111111111111,0.16666666666666666,0.2111111111111111
399,720,0.026294911145717484,0.2399809744250924,0.271224964305548,521,4.272192752018277e-05,0.017524586990475655,287217,4.267015751202901,0.19444444444444445,0.16666666666666666,0.24583333333333332,0.19722222222222222,0.19583333333333333
400,720,0.026055627454291456,1.2109185953468922,2.3565665632444355,494,4.5813658327157704e-05,0.017574308440089226,287937,4.276481767495473,0.2763888888888889,0.14444444444444443,0.14305555555555555,0.1736111111111111,0.2625
401,720,0.025818521244457403,0.23608475888045236,0.26628163423213413,458,4.391169893930661e-05,0.017720937728881836,288657,4.29543503522873,0.20555555555555555,0.13333333333333333,0.21388888888888888,0.20833333333333334,0.2388888888888889
402,720,0.02558357270113284,0.39872195804448907,0.4899193009352374,477,4.5953326601496274e-05,0.01797182857990265,289377,4.304732298851013,0.22361111111111112,0.13333333333333333,0.2222222222222222,0.18472222222222223,0.2361111111111111
403,720,0.025350762189552532,0.7400796694512798,1.0961025031785825,502,4.9390314422402705e-05,0.01840849220752716,290097,4.314269133408865,0.2375,0.19305555555555556,0.16666666666666666,0.16944444444444445,0.23333333333333334
404,720,0.025120070253627603,0.15794709519429564,0.17110423602666214,441,4.778133813816667e-05,0.018567044287919998,290817,4.323529350757599,0.2152777777777778,0.15833333333333333,0.24305555555555555,0.20555555555555555,0.17777777777777778
405,720,0.02489147761431959,0.3365853677784975,0.4001583925795982,502,4.606362286318068e-05,0.017803307622671127,291537,4.3348768989245094,0.1763888888888889,0.18888888888888888,0.23055555555555557,0.21388888888888888,0.19027777777777777
406,720,0.024664965168029282,0.20424435354387724,0.22659784036914554,480,4.4583345646111007e-05,0.017777245491743088,292257,4.344694066047668,0.20416666666666666,0.18888888888888888,0.19166666666666668,0.16111111111111112,0.25416666666666665
407,720,0.024440513985000214,0.5589601819759991,0.7488530655806092,537,4.137030205508078e-05,0.01775430142879486,292977,4.353894368807475,0.20833333333333334,0.17222222222222222,0.1763888888888889,0.1736111111111111,0.26944444444444443
408,720,0.02421810530773671,0.4480479933479481,0.5652538156218774,517,4.102566458136102e-05,0.017537739127874374,293697,4.363054883480072,0.25555555555555554,0.1486111111111111,0.15,0.23333333333333334,0.2125
409,720,0.023997720549436306,0.07534984928265727,0.07826131385285717,437,4.373187733411517e-05,0.01753005012869835,294417,4.3727096517880755,0.16111111111111112,0.25,0.17777777777777778,0.23194444444444445,0.17916666666666667
410,720,0.023779341292436435,0.42315347551152854,0.5267685995778724,488,4.635620998290809e-05,0.0167265385389328,295137,4.383171331882477,0.16805555555555557,0.20555555555555555,0.18472222222222223,0.17222222222222222,0.26944444444444443
411,720,0.023562949286675263,0.30923241142336083,0.36237896614645426,499,4.212598415607418e-05,0.01771245151758194,295857,4.402788035074869,0.20833333333333334,0.14722222222222223,0.21944444444444444,0.1875,0.2375
412,720,0.02334852644816652,0.2778006047035555,0.32022292472087033,463,4.4799473571149264e-05,0.017356373369693756,296577,4.414434198538462,0.26805555555555555,0.1736111111111111,0.17083333333333334,0.23055555555555557,0.15694444444444444
413,720,0.023136054857488205,0.7511190015635751,1.119370268852005,500,4.1665838448857864e-05,0.017124051228165627,297297,4.4235835830370585,0.20555555555555555,0.20277777777777778,0.1875,0.1625,0.24166666666666667
414,720,0.022925516758285063,0.6780048105657588,0.969943398410398,506,4.548182082291735e-05,0.017771024256944656,298017,4.434074147542318,0.24722222222222223,0.17777777777777778,0.1763888888888889,0.1625,0.2361111111111111
415,720,0.02271689455578467,0.139939382183815,0.15020407388483537,464,4.5779632394745325e-05,0.01754315197467804,298737,4.444524280230204,0.20277777777777778,0.14444444444444443,0.21666666666666667,0.20833333333333334,0.22777777777777777
416,720,0.022510170815327028,0.6696833904012026,0.9536186882795312,501,4.663003384419224e-05,0.017311669886112213,299457,4.455326664447784,0.25833333333333336,0.19305555555555556,0.17222222222222222,0.14027777777777778,0.2361111111111111
417,720,0.022305328260907552,0.11155000102104663,0.11800964423173999,475,4.6581239084591494e-05,0.017756465822458267,300177,4.465084715684255,0.22083333333333333,0.14583333333333334,0.2263888888888889,0.20694444444444443,0.2
418,720,0.022102349773733293,0.18276209821919556,0.2005287661734403,448,4.590500555600051e-05,0.018356649205088615,300897,4.475658766428629,0.1986111111111111,0.18333333333333332,0.24444444444444444,0.175,0.1986111111111111
419,720,0.02190121839079232,0.7659086890553557,1.1509480298215897,513,4.833582688156134e-05,0.018832966685295105,301617,4.485294981797536,0.2388888888888889,0.17222222222222222,0.19166666666666668,0.1638888888888889,0.23333333333333334
420,720,0.021701917303436107,0.501496806218897,0.6511909347945379,460,4.3317055159756515e-05,0.018282320350408554,302337,4.496522529919942,0.28194444444444444,0.17083333333333334,0.1361111111111111,0.22916666666666666,0.18194444444444444
421,720,0.021504429855974838,0.22067627171271897,0.24691970203890112,483,4.302321494707131e-05,0.01845301315188408,303057,4.515022567907969,0.24444444444444444,0.17222222222222222,0.18055555555555555,0.22361111111111112,0.17916666666666667
422,720,0.021308739544285468,0.048588062979820615,0.049787815193031326,449,4.201059142714156e-05,0.018398001790046692,303777,4.52496158281962,0.2375,0.16944444444444445,0.19166666666666668,0.2,0.2013888888888889
423,720,0.02111483001443247,0.4077486775463675,0.5034292681530639,516,4.636120207679697e-05,0.018251080065965652,304497,4.53454821507136,0.26805555555555555,0.21388888888888888,0.1638888888888889,0.1361111111111111,0.21805555555555556
424,720,0.020922685061301134,0.3840282848338852,0.4681869685192144,489,4.3268988139920514e-05,0.018137387931346893,305217,4.545022682348887,0.2722222222222222,0.14444444444444443,0.2,0.175,0.20833333333333334
425,720,0.020732288627243294,0.6228830881382382,0.8642952285520293,494,4.427528953859413e-05,0.01781383901834488,305937,4.5551064848899845,0.29305555555555557,0.16944444444444445,0.17083333333333334,0.14305555555555555,0.22361111111111112
426,720,0.02054362480073538,0.27848618414939935,0.3211283527579556,459,5.1710124426386354e-05,0.018284082412719727,306657,4.565646501382192,0.1875,0.1597222222222222,0.2916666666666667,0.1375,0.22361111111111112
427,720,0.02035667781504869,0.5309913437513142,0.7006173696459639,507,4.702407609582022e-05,0.018145756796002388,307377,4.5751703461011255,0.18472222222222223,0.19722222222222222,0.24166666666666667,0.18472222222222223,0.19166666666666668
428,720,0.020171432046931746,0.12016099343053885,0.12767838577794732,420,4.6626473822976145e-05,0.017855221405625343,308097,4.584901750087738,0.1597222222222222,0.19027777777777777,0.21388888888888888,0.2013888888888889,0.23472222222222222
429,720,0.019987872015304668,0.10060721367172169,0.10584219675086293,479,4.333572235029553e-05,0.016916517168283463,308817,4.594566114743551,0.16805555555555557,0.17777777777777778,0.22361111111111112,0.20416666666666666,0.2263888888888889
430,720,0.019805982379965396,0.13978577572191664,0.15002740867538988,494,4.4518409506761396e-05,0.01798149198293686,309537,4.604659903049469,0.19166666666666668,0.19444444444444445,0.1375,0.25555555555555554,0.22083333333333333
431,720,0.01962574794030771,0.17329846532635987,0.18922099335237363,494,4.1748287569336955e-05,0.017704660072922707,310257,4.622628966967265,0.16111111111111112,0.1736111111111111,0.25972222222222224,0.1625,0.24305555555555555
432,720,0.01944715363405091,0.5833582104998747,0.7920464061381316,460,4.2416198414230164e-05,0.017890689894557,310977,4.635178649425507,0.22916666666666666,0.22777777777777777,0.20833333333333334,0.13055555555555556,0.20416666666666666
433,720,0.019270184535981047,0.8394843543987758,1.315172860235624,512,4.006909741873541e-05,0.018304048106074333,311697,4.645229617754619,0.20694444444444443,0.2,0.20972222222222223,0.15,0.23333333333333334
434,720,0.01909482585670362,0.25066825956409783,0.28488376572101837,507,4.1949716622487664e-05,0.017330428585410118,312417,4.6559068640073145,0.225,0.21666666666666667,0.23472222222222222,0.16944444444444445,0.15416666666666667
435,720,0.018921062941407617,0.4859293077164448,0.6256850687592961,495,4.416239622489431e-05,0.01812244951725006,313137,4.665437150001526,0.22916666666666666,0.20972222222222223,0.17777777777777778,0.14166666666666666,0.24166666666666667
436,720,0.01874888126864081,0.10675067354138044,0.11265680511214993,469,4.266885515309898e-05,0.017386790364980698,313857,4.6760316332181295,0.23055555555555557,0.17777777777777778,0.18055555555555555,0.17916666666666667,0.23194444444444445
437,720,0.018578266449096176,0.2055407732005186,0.22818905713968163,467,4.20558158086553e-05,0.01770348846912384,314577,4.685638650258382,0.23055555555555557,0.20555555555555555,0.24305555555555555,0.11805555555555555,0.20277777777777778
438,720,0.018409204224409403,0.3688255294772008,0.4460352911315981,455,4.237591636335007e-05,0.016959385946393013,315297,4.695301266511281,0.23472222222222222,0.20277777777777778,0.2111111111111111,0.15694444444444444,0.19444444444444445
439,720,0.01824168046596728,0.690942369938156,0.995595236375596,520,4.029680174981978e-05,0.01739821396768093,316017,4.705561463038126,0.225,0.20416666666666666,0.18333333333333332,0.14444444444444443,0.24305555555555555
440,720,0.018075681173726977,0.7097026374643662,1.0333865157670141,496,4.3970367534661316e-05,0.017200786620378494,316737,4.715543766816457,0.2111111111111111,0.18888888888888888,0.16666666666666666,0.18472222222222223,0.24861111111111112
441,720,0.01791119247504606,0.331492079383015,0.3930451124578529,481,4.360139193724737e-05,0.017625615000724792,317457,4.735064816474915,0.20277777777777778,0.2013888888888889,0.27361111111111114,0.1375,0.18472222222222223
442,720,0.01774820062352314,0.990738808300226,1.693223513384825,489,4.251476385029997e-05,0.017850518226623535,318177,4.745784866809845,0.19166666666666668,0.22777777777777777,0.20416666666666666,0.14166666666666666,0.23472222222222222
443,720,0.017586691997849083,0.3030236980577929,0.3539465499656942,470,4.269326172511178e-05,0.018132027238607407,318897,4.75695485273997,0.23194444444444445,0.2013888888888889,0.225,0.15555555555555556,0.18611111111111112
444,720,0.017426653100668658,0.7642476503678307,1.1473781875730231,500,4.037016743596824e-05,0.01759251207113266,319617,4.76708995103836,0.20972222222222223,0.2152777777777778,0.20416666666666666,0.1486111111111111,0.2222222222222222
445,720,0.017268070557452574,0.3551115857555883,0.4263398046066855,463,4.02765118640976e-05,0.017769457772374153,320337,4.777295164267222,0.24861111111111112,0.20555555555555555,0.19305555555555556,0.13194444444444445,0.22083333333333333
446,720,0.017110931115379754,0.5650642852543429,0.7595608929056521,471,3.860082095014958e-05,0.017030267044901848,321057,4.7869109829266865,0.21805555555555556,0.18194444444444444,0.20833333333333334,0.15416666666666667,0.2375
447,720,0.016955221642229797,0.27774325644552766,0.320147214406876,488,4.0103334076017445e-05,0.017349520698189735,321777,4.796567014853159,0.20972222222222223,0.16111111111111112,0.15694444444444444,0.19583333333333333,0.2763888888888889
448,720,0.016800929125285507,0.41940123470334917,0.5210505306285862,455,4.077709595170139e-05,0.017766369506716728,322497,4.805849866072337,0.19444444444444445,0.25277777777777777,0.19027777777777777,0.15555555555555556,0.20694444444444443
449,720,0.016648040670245407,0.6493541868401208,0.9143041469140079,493,3.863970477924441e-05,0.017983242869377136,323217,4.815781950950623,0.1875,0.18055555555555555,0.2152777777777778,0.1638888888888889,0.25277777777777777
450,720,0.016496543500146173,0.43968889894432683,0.5522242447872181,452,3.955172131087339e-05,0.01768042892217636,323937,4.825273752212524,0.1736111111111111,0.16944444444444445,0.2875,0.12222222222222222,0.24722222222222223
451,720,0.016346424954294843,0.39468337070360093,0.4839142657989166,500,3.982053806213217e-05,0.01721576787531376,324657,4.844198632240295,0.19444444444444445,0.15,0.2611111111111111,0.12222222222222222,0.2722222222222222
452,720,0.01619767248721076,0.3105532103603927,0.3641795837018844,463,3.778941158240438e-05,0.016938352957367897,325377,4.854443049430847,0.2222222222222222,0.24722222222222223,0.19444444444444445,0.11527777777777778,0.22083333333333333
453,720,0.016050273667577143,0.33086407006405777,0.3921705417935133,432,3.933252562925797e-05,0.016475534066557884,326097,4.8640075842539465,0.2361111111111111,0.18194444444444444,0.18611111111111112,0.19027777777777777,0.20555555555555555
454,720,0.015904216177202193,1.0451418947108215,1.843802015489032,500,3.766298795224227e-05,0.016570575535297394,326817,4.873975217342377,0.25277777777777777,0.1527777777777778,0.16666666666666666,0.2013888888888889,0.2263888888888889
455,720,0.015759487809989654,1.0102185259402143,1.7462010656211047,514,3.740787694065754e-05,0.016366999596357346,327537,4.884556400775909,0.2611111111111111,0.14166666666666666,0.22083333333333333,0.14722222222222223,0.22916666666666666
456,720,0.015616076470918748,0.7434349531282277,1.103147333786096,506,3.9287651257937896e-05,0.01729990355670452,328257,4.89442431529363,0.22361111111111112,0.19583333333333333,0.20277777777777778,0.15833333333333333,0.21944444444444444
457,720,0.015473970175033387,-0.04926576185875168,-0.048071890105394255,381,3.8028266314742925e-05,0.01672055944800377,328977,4.906261467933655,0.23194444444444445,0.16527777777777777,0.21666666666666667,0.12916666666666668,0.2569444444444444
458,720,0.015333157046440584,0.9321920928315268,1.5400711509712743,504,4.23845899477884e-05,0.0180358849465847,329697,4.917755397160848,0.2388888888888889,0.23333333333333334,0.1986111111111111,0.12777777777777777,0.2013888888888889
459,720,0.015193625317317975,0.8454043997586022,1.328919438619915,488,3.9981461631871044e-05,0.018238523975014687,330417,4.9286792834599815,0.23333333333333334,0.12361111111111112,0.25416666666666665,0.16805555555555557,0.22083333333333333
460,720,0.01505536332693038,0.09957744505384347,0.10470402128958667,430,4.0609247212665246e-05,0.018453065305948257,331137,4.939470831553141,0.13333333333333333,0.1625,0.3263888888888889,0.1361111111111111,0.24166666666666667
461,720,0.014918359520655315,0.9994475749074417,1.7167805960657603,490,3.719358160196862e-05,0.017496280372142792,331857,4.958815801143646,0.24861111111111112,0.20972222222222223,0.2013888888888889,0.12916666666666668,0.2111111111111111
462,720,0.014782602449017352,0.032755959539702305,0.033298341866401904,497,3.828028570625166e-05,0.017363019287586212,332577,4.968428496519724,0.2388888888888889,0.21388888888888888,0.20277777777777778,0.12638888888888888,0.21805555555555556
463,720,0.014648080766731294,0.6228897235190105,0.8643075989017857,499,4.0034398182342557e-05,0.01751825213432312,333297,4.980487585067749,0.24861111111111112,0.1638888888888889,0.18055555555555555,0.14166666666666666,0.2652777777777778
464,720,0.01451478323175404,0.8329154273980778,1.3000145003105428,469,4.293807275720004e-05,0.018109235912561417,334017,4.990895768006642,0.2611111111111111,0.1597222222222222,0.14444444444444443,0.16111111111111112,0.27361111111111114
465,720,0.014382698704345078,1.0962047862607036,1.9927861799067261,460,4.025926375308902e-05,0.017526354640722275,334737,5.00036274989446,0.2513888888888889,0.17916666666666667,0.19722222222222222,0.10972222222222222,0.2625
466,720,0.014251816146135538,0.2961769896930622,0.34470813525168276,450,4.0744968135994795e-05,0.017695246264338493,335457,5.009902401765188,0.26944444444444443,0.20416666666666666,0.21666666666666667,0.14722222222222223,0.1625
467,720,0.014122124619205706,0.3275649111267911,0.38758511808830676,505,3.765795103289646e-05,0.016645802184939384,336177,5.019543449083964,0.2513888888888889,0.2,0.21944444444444444,0.14027777777777778,0.18888888888888888
468,720,0.013993613285170934,0.334019970998492,0.39657103421402073,460,3.795876828134068e-05,0.016102075576782227,336897,5.029785700639089,0.24583333333333332,0.18888888888888888,0.24722222222222223,0.12638888888888888,0.19166666666666668
469,720,0.013866271404275878,0.3164348777541676,0.3722268768303998,491,3.6370732453229313e-05,0.016167210415005684,337617,5.038974062601725,0.2722222222222222,0.2013888888888889,0.20416666666666666,0.11944444444444445,0.20277777777777778
470,720,0.013740088334496968,0.38012744824608663,0.46247096691691647,504,3.761061723379397e-05,0.016333023086190224,338337,5.048795036474863,0.24166666666666667,0.15694444444444444,0.25833333333333336,0.13055555555555556,0.2125
471,720,0.013615053530653046,0.465355786874842,0.5925807074140235,507,3.66016386389371e-05,0.01660255342721939,339057,5.068316531181336,0.2625,0.1597222222222222,0.19027777777777777,0.15138888888888888,0.2361111111111111
472,720,0.013491156543524103,0.2255101404112159,0.2529617395992496,429,3.7550867964202754e-05,0.017221901565790176,339777,5.079664433002472,0.22916666666666666,0.20833333333333334,0.22083333333333333,0.12222222222222222,0.21944444444444444
473,720,0.013368387018978033,0.806819563945144,1.2407700160140887,501,4.006673476497882e-05,0.016805022954940796,340497,5.089853485425313,0.26944444444444443,0.19583333333333333,0.17083333333333334,0.1361111111111111,0.22777777777777777
474,720,0.013246734697105333,0.00415917084347155,0.004167832198379351,472,3.7457355212053596e-05,0.017029473558068275,341217,5.099376249313354,0.2708333333333333,0.13055555555555556,0.20694444444444443,0.12777777777777777,0.2638888888888889
475,720,0.013126189411361674,0.18755429200677146,0.20629573985963434,452,3.795477705605461e-05,0.017313707619905472,341937,5.108870816230774,0.26944444444444443,0.17222222222222222,0.23472222222222222,0.13472222222222222,0.18888888888888888
476,720,0.013006741087718283,0.44973558813839637,0.5678975599639922,472,3.766184477171919e-05,0.017153240740299225,342657,5.119427831967672,0.22777777777777777,0.17222222222222222,0.2791666666666667,0.1486111111111111,0.17222222222222222
477,720,0.012888379743820046,0.23301239540272653,0.262397127151071,486,3.6940517101255765e-05,0.01826009526848793,343377,5.13084519704183,0.25277777777777777,0.17777777777777778,0.24722222222222223,0.10972222222222222,0.2125
478,720,0.012771095488151283,1.1830338337566169,2.2642624252300396,512,3.7551665289154496e-05,0.017021164298057556,344097,5.141368834177653,0.2916666666666667,0.15,0.2013888888888889,0.11805555555555555,0.2388888888888889
479,720,0.012654878519209106,0.8158020364219961,1.2609883403383204,519,3.7500147694421075e-05,0.01745707355439663,344817,5.15072211821874,0.2777777777777778,0.1625,0.1736111111111111,0.12638888888888888,0.25972222222222224
480,720,0.012539719124684302,0.9147322562343014,1.4961068453816773,525,4.2064978190915607e-05,0.01688295416533947,345537,5.160586615403493,0.25,0.18055555555555555,0.16805555555555557,0.1625,0.2388888888888889
481,720,0.012425607680649675,0.5124778843410844,0.6694227105161297,483,4.114782457109969e-05,0.017129741609096527,346257,5.179263285795847,0.25416666666666665,0.19444444444444445,0.20555555555555555,0.15416666666666667,0.19166666666666668
482,720,0.012312534650755763,0.09947197566738827,0.10458751497827867,468,3.877861328065693e-05,0.017157582566142082,346977,5.18908843199412,0.2652777777777778,0.17083333333333334,0.2652777777777778,0.10277777777777777,0.19583333333333333
483,720,0.012200490585433887,1.1196693236066044,2.0638408959064316,521,3.707050225582659e-05,0.016665901988744736,347697,5.199803499380748,0.23333333333333334,0.2013888888888889,0.18611111111111112,0.14444444444444443,0.23472222222222222
484,720,0.01208946612110644,0.636272104479949,0.8894241582628968,495,3.682718084468838e-05,0.015831366181373596,348417,5.210136719544729,0.24583333333333332,0.1597222222222222,0.23472222222222222,0.13055555555555556,0.22916666666666666
485,720,0.01197945197940437,0.36407142258347763,0.4391770002268198,481,3.7517902947254496e-05,0.016267359256744385,349137,5.2205175002415976,0.2833333333333333,0.16111111111111112,0.2222222222222222,0.12777777777777777,0.20555555555555555
486,720,0.01187043896639179,0.7513272005409299,1.119811565511776,525,4.054465013294046e-05,0.016383778303861618,349857,5.231521697839101,0.25972222222222224,0.1736111111111111,0.22083333333333333,0.10972222222222222,0.2361111111111111
487,720,0.011762417971797624,0.20909330189921516,0.23255999335383093,478,3.82383629534565e-05,0.016834374517202377,350577,5.242459082603455,0.25277777777777777,0.13055555555555556,0.22777777777777777,0.14305555555555555,0.24583333333333332
488,720,0.011655379968254265,0.8837628952762523,1.419988759386635,490,3.758195929448347e-05,0.01614103838801384,351297,5.251979466279348,0.2263888888888889,0.17222222222222222,0.20972222222222223,0.1,0.2916666666666667
489,720,0.011549316010543152,0.5655087886650534,0.7603431975795638,484,3.679594381083007e-05,0.0158383809030056,352017,5.262007347742716,0.2013888888888889,0.16805555555555557,0.2652777777777778,0.10972222222222222,0.25555555555555554
490,720,0.011444217234847209,-0.012021841688542634,-0.011949868056997603,452,3.7314991350790983e-05,0.016279704868793488,352737,5.271571016311645,0.25416666666666665,0.18888888888888888,0.2513888888888889,0.10972222222222222,0.19583333333333333
491,720,0.011340074858010099,0.5404962641115564,0.7168586661481313,504,3.848717864103592e-05,0.01638268679380417,353457,5.290849963823955,0.2652777777777778,0.15138888888888888,0.2125,0.12638888888888888,0.24444444444444444
492,720,0.011236880176802208,1.1306746581770117,2.097745714769366,487,4.0614810531123014e-05,0.017035694792866707,354177,5.300826851526896,0.2569444444444444,0.15694444444444444,0.19444444444444445,0.11388888888888889,0.2777777777777778
493,720,0.011134624567193307,0.6121313335674313,0.8443581551277506,509,3.7269515315882825e-05,0.017314815893769264,354897,5.311313350995381,0.2833333333333333,0.18333333333333332,0.18055555555555555,0.10555555555555556,0.24722222222222223
494,720,0.011033299483631848,0.20753418164075788,0.2306397814080814,475,3.96699483518306e-05,0.017161550000309944,355617,5.321716165542602,0.21944444444444444,0.15416666666666667,0.2222222222222222,0.17222222222222222,0.23194444444444445
495,720,0.010932896458330798,0.6792232350772414,0.9723450885752158,513,4.252205546385489e-05,0.017915088683366776,356337,5.33124920129776,0.2152777777777778,0.16111111111111112,0.20277777777777778,0.1638888888888889,0.2569444444444444
496,720,0.010833407100559987,0.6156176825438969,0.8507994530760761,473,4.045513345924216e-05,0.018059708178043365,357057,5.34189373254776,0.21666666666666667,0.12638888888888888,0.2833333333333333,0.11666666666666667,0.2569444444444444
497,720,0.010734823095944892,0.8837771303666242,1.4200232083905164,514,3.9693354350826365e-05,0.01771022006869316,357777,5.352193534374237,0.24722222222222223,0.17777777777777778,0.1638888888888889,0.1638888888888889,0.24722222222222223
498,720,0.010637136205771794,0.28541421497515607,0.33031294955899604,479,4.0471079394895544e-05,0.017849497497081757,358497,5.361774464448293,0.2513888888888889,0.1361111111111111,0.2652777777777778,0.10555555555555556,0.24166666666666667
499,720,0.01054033826629927,1.067997420679905,1.909547063187929,536,3.895889815086977e-05,0.01825745403766632,359217,5.371483683586121,0.2375,0.2,0.2125,0.125,0.225
500,720,0.010444421188075948,1.0011128827078608,1.7213086412324348,521,4.4196751496706886e-05,0.017970874905586243,359937,5.381522583961487,0.25,0.12638888888888888,0.20694444444444443,0.20972222222222223,0.20694444444444443
501,720,0.010349376955264456,1.0832180765399186,1.9541710191906874,523,4.0856582678669735e-05,0.017939696088433266,360657,5.402264332771301,0.29444444444444445,0.15555555555555556,0.21666666666666667,0.14583333333333334,0.1875
502,720,0.01025519762497155,1.0199074410408933,1.7729380918223754,509,4.291560263456833e-05,0.017365096136927605,361377,5.413031748930613,0.2361111111111111,0.18055555555555555,0.1875,0.13333333333333333,0.2625
503,720,0.010161875326584309,0.27885224344456333,0.3216120525975965,510,3.973792834636293e-05,0.01775495894253254,362097,5.42360296646754,0.2652777777777778,0.19722222222222222,0.20833333333333334,0.11527777777777778,0.21388888888888888
504,720,0.010069402261112392,0.7344528031572217,1.0843411355082027,511,4.554199666320831e-05,0.01876923069357872,362817,5.435189684232076,0.25972222222222224,0.17222222222222222,0.18333333333333332,0.12361111111111112,0.2611111111111111
505,720,0.01,0.9871683202929374,1.683624537840482,520,4.086322788907637e-05,0.0180013719946146,363537,5.445675551891327,0.23472222222222222,0.18333333333333332,0.19722222222222222,0.12638888888888888,0.25833333333333336
506,720,0.01,0.21606554966571787,0.24118373551315364,445,4.2257007279052536e-05,0.017667993903160095,364257,5.456642417112986,0.25,0.15555555555555556,0.3125,0.09444444444444444,0.1875
507,720,0.01,0.2851359993670873,0.32994288721375553,498,4.2304011099582164e-05,0.01840958371758461,364977,5.466427596410115,0.2722222222222222,0.12638888888888888,0.22916666666666666,0.11527777777777778,0.2569444444444444
508,720,0.01,0.7906098685695407,1.2047406183311353,495,4.4364791961015726e-05,0.0182906836271286,365697,5.4763979832331335,0.2638888888888889,0.1763888888888889,0.22361111111111112,0.09166666666666666,0.24444444444444444
509,720,0.01,0.7776285639240761,1.1763051726059364,512,4.213991723847559e-05,0.017856266349554062,366417,5.487283416589102,0.2263888888888889,0.1375,0.23055555555555557,0.15833333333333333,0.24722222222222223
510,720,0.01,0.9220747728961163,1.5145020022122444,516,4.205928242476552e-05,0.018345853313803673,367137,5.497688766320547,0.24444444444444444,0.1625,0.2111111111111111,0.1111111111111111,0.2708333333333333
511,720,0.01,0.01667674194792005,0.016816575047628346,455,4.18654608589956e-05,0.018325267359614372,367857,5.517864549160004,0.22916666666666666,0.09583333333333334,0.2972222222222222,0.14166666666666666,0.2361111111111111
512,720,0.01,1.0312706782348218,1.8046273503805534,514,4.242906344163404e-05,0.019081834703683853,368577,5.527765162785848,0.2763888888888889,0.18888888888888888,0.20555555555555555,0.10972222222222222,0.21944444444444444
513,720,0.01,-0.03674597131503707,-0.03607903217363284,450,4.3835984207716034e-05,0.018659140914678574,369297,5.536993567148844,0.25277777777777777,0.12638888888888888,0.3402777777777778,0.06805555555555555,0.2125
514,720,0.01,0.355035622836257,0.42623145978631216,499,4.247883734175654e-05,0.018315013498067856,370017,5.546649384498596,0.2652777777777778,0.1597222222222222,0.26805555555555555,0.10138888888888889,0.20555555555555555
515,720,0.01,0.0413887257953198,0.04225717905997506,482,4.3913761654342425e-05,0.017916612327098846,370737,5.556916550795237,0.2625,0.14583333333333334,0.3013888888888889,0.14305555555555555,0.14722222222222223
516,720,0.01,0.2618900478983498,0.2993836646098964,515,4.2778156137046607e-05,0.01833191141486168,371457,5.567122300465901,0.20416666666666666,0.1986111111111111,0.23055555555555557,0.18888888888888888,0.17777777777777778
517,720,0.01,0.39899408389599444,0.49032480166478964,485,4.13606763850617e-05,0.018197383731603622,372177,5.577147535483042,0.24861111111111112,0.17777777777777778,0.28888888888888886,0.09027777777777778,0.19444444444444445
518,720,0.01,0.2641619018499611,0.30233903033151077,464,4.26132596102333e-05,0.018172098323702812,372897,5.587084400653839,0.2361111111111111,0.20694444444444443,0.2777777777777778,0.075,0.20416666666666666
519,720,0.01,0.3389721278593181,0.40350422600032343,512,4.084629849785415e-05,0.01735616847872734,373617,5.597864298025767,0.2611111111111111,0.19444444444444445,0.23055555555555557,0.10694444444444444,0.20694444444444443
520,720,0.01,0.2575722096492515,0.2937852313851128,466,4.310432365931168e-05,0.01793353259563446,374337,5.607829197247823,0.1736111111111111,0.2263888888888889,0.2361111111111111,0.1388888888888889,0.225
521,720,0.01,0.3506983393007885,0.4200588853373288,454,4.100078090611229e-05,0.017710339277982712,375057,5.629437152544657,0.2361111111111111,0.1875,0.2902777777777778,0.12638888888888888,0.1597222222222222
522,720,0.01,0.6159878858100626,0.85148475192073,498,4.281531332581936e-05,0.017691027373075485,375777,5.639092636108399,0.26944444444444443,0.16527777777777777,0.2013888888888889,0.14444444444444443,0.21944444444444444
523,720,0.01,0.7138486013852596,1.0418343630327591,512,4.1018448215860795e-05,0.01797598786652088,376497,5.649787215391795,0.2569444444444444,0.18888888888888888,0.21944444444444444,0.15,0.18472222222222223
524,720,0.01,1.1991932961370906,2.317439651617338,498,4.282846658219973e-05,0.01830660179257393,377217,5.659686132272085,0.2916666666666667,0.16666666666666666,0.18611111111111112,0.11805555555555555,0.2375
525,720,0.01,0.37185712178687463,0.45042573225092863,494,4.6559326220732244e-05,0.018878620117902756,377937,5.669319128990173,0.22777777777777777,0.15694444444444444,0.22916666666666666,0.175,0.2111111111111111
526,720,0.01,0.5748606976486651,0.7768829856949493,500,4.126290168768618e-05,0.01784481666982174,378657,5.679441114266713,0.2013888888888889,0.18472222222222223,0.25833333333333336,0.11527777777777778,0.24027777777777778
527,720,0.01,0.3140194125089083,0.368916310389515,508,4.221521358102917e-05,0.018109990283846855,379377,5.690525499979655,0.21666666666666667,0.18611111111111112,0.2125,0.16111111111111112,0.22361111111111112
528,720,0.01,0.35755484293300566,0.42982898031279415,510,4.316203040464946e-05,0.017940785735845566,380097,5.699795532226562,0.2611111111111111,0.17222222222222222,0.28888888888888886,0.08888888888888889,0.18888888888888888
529,720,0.01,0.6687705964921674,0.9518362506631581,490,4.5909021820180994e-05,0.017698906362056732,380817,5.709519767761231,0.19583333333333333,0.16805555555555557,0.2625,0.16527777777777777,0.20833333333333334
530,720,0.01,0.8725204062959235,1.3929344264041124,514,4.425510157185878e-05,0.01797303557395935,381537,5.718190185228983,0.21805555555555556,0.20416666666666666,0.22777777777777777,0.1486111111111111,0.2013888888888889
531,720,0.01,0.12423466182367203,0.1322815430782185,456,4.498771136493613e-05,0.01765359193086624,382257,5.73835194905599,0.16944444444444445,0.21805555555555556,0.25555555555555554,0.09583333333333334,0.2611111111111111
532,720,0.01,0.04212086237957691,0.04302053307657294,455,4.390720402195964e-05,0.017701197415590286,382977,5.748855415980021,0.30277777777777776,0.14583333333333334,0.24861111111111112,0.06388888888888888,0.2388888888888889
533,720,0.01,0.3778655161303592,0.45916669529638776,468,4.38533587839629e-05,0.01765710674226284,383697,5.758934466044108,0.2222222222222222,0.21388888888888888,0.2013888888888889,0.12222222222222222,0.24027777777777778
534,720,0.01,0.35597731197574883,0.4275751590365977,516,4.016431072513013e-05,0.017694856971502304,384417,5.769288682937622,0.25555555555555554,0.2013888888888889,0.20555555555555555,0.12083333333333333,0.21666666666666667
535,720,0.01,0.6786201599808294,0.9711559749692069,489,3.907440364703992e-05,0.017134159803390503,385137,5.779497667153676,0.20555555555555555,0.2263888888888889,0.2152777777777778,0.12083333333333333,0.23194444444444445
536,720,0.01,0.1926597309312529,0.21247015722813067,478,3.8795191464184124e-05,0.016970956698060036,385857,5.789338282744089,0.22361111111111112,0.20277777777777778,0.24583333333333332,0.07361111111111111,0.25416666666666665
537,720,0.01,0.05933204383672732,0.06112752310435643,472,4.059870385364977e-05,0.01744449883699417,386577,5.799417698383332,0.26944444444444443,0.1875,0.19166666666666668,0.12361111111111112,0.22777777777777777
538,720,0.01,0.6135719585447698,0.8470170983633405,485,4.256794690667852e-05,0.01756715588271618,387297,5.809120186169943,0.21805555555555556,0.18194444444444444,0.20833333333333334,0.17083333333333334,0.22083333333333333
539,720,0.01,1.2238687985863288,2.4003174624983474,499,4.4054243848121486e-05,0.017458993941545486,388017,5.818697996934255,0.24861111111111112,0.19027777777777777,0.15416666666666667,0.1763888888888889,0.23055555555555557
540,720,0.01,0.731715532602464,1.07864353139141,490,4.157007675379039e-05,0.01740937866270542,388737,5.829959181944529,0.17916666666666667,0.23472222222222222,0.2375,0.1375,0.2111111111111111
541,720,0.01,0.36223923089412824,0.43654256621851495,492,4.1519028260002716e-05,0.016975823789834976,389457,5.8475332140922545,0.19444444444444445,0.175,0.24583333333333332,0.125,0.25972222222222224
542,720,0.01,0.718754917354445,1.0518768632689843,519,4.144399946300028e-05,0.01739327795803547,390177,5.85852746963501,0.23055555555555557,0.2111111111111111,0.20277777777777778,0.13472222222222222,0.22083333333333333
543,720,0.01,0.48682952440114335,0.6271491964994931,488,3.9844582512513526e-05,0.016923993825912476,390897,5.868660366535186,0.2,0.24305555555555555,0.2,0.13055555555555556,0.2263888888888889
544,720,0.01,0.3933794506435698,0.4819806211533597,513,3.9299481853858095e-05,0.01767650619149208,391617,5.879933897654215,0.22361111111111112,0.19305555555555556,0.20277777777777778,0.16805555555555557,0.2125
545,720,0.01,0.4738266465063367,0.6061285349000378,503,3.9797359734924004e-05,0.017115989699959755,392337,5.890508083502452,0.17083333333333334,0.2375,0.24444444444444444,0.1388888888888889,0.20833333333333334
546,720,0.01,0.47531021952258923,0.6085131122649932,480,4.3182393397324225e-05,0.017392762005329132,393057,5.900517817338308,0.1986111111111111,0.20972222222222223,0.20972222222222223,0.16944444444444445,0.2125
547,720,0.01,0.2744743885761263,0.31583887313040826,503,3.954648354035978e-05,0.017045965418219566,393777,5.911867396036784,0.19583333333333333,0.19583333333333333,0.22916666666666666,0.15416666666666667,0.225
548,720,0.01,0.1388417818380816,0.14894230208293258,532,3.810680571518788e-05,0.016771145164966583,394497,5.92140783071518,0.24722222222222223,0.24166666666666667,0.19722222222222222,0.11666666666666667,0.19722222222222222
549,720,0.01,1.0623704977404296,1.893221241221668,508,3.8691132210210024e-05,0.01684413105249405,395217,5.931555151939392,0.24722222222222223,0.16111111111111112,0.23055555555555557,0.1361111111111111,0.225
550,720,0.01,0.34335637397700847,0.4096710424969623,455,3.92091753724344e-05,0.017147935926914215,395937,5.94197263320287,0.19027777777777777,0.225,0.27361111111111114,0.12361111111111112,0.1875
551,720,0.01,1.0417703297880159,1.8342300976048524,490,4.0204520382758345e-05,0.01617799699306488,396657,5.961547247568766,0.2791666666666667,0.16805555555555557,0.17916666666666667,0.12916666666666668,0.24444444444444444
552,720,0.01,0.5463779169229821,0.7269863874224767,496,4.022825936544905e-05,0.01733771152794361,397377,5.972182699044546,0.23194444444444445,0.21666666666666667,0.20416666666666666,0.14027777777777778,0.20694444444444443
553,720,0.01,0.32142296968467626,0.3790887702916528,477,4.023772568189088e-05,0.01656259596347809,398097,5.9839142481486,0.14444444444444443,0.2625,0.3,0.09166666666666666,0.2013888888888889
554,720,0.01,0.4002784968065737,0.4922402239142163,474,4.0472105963039614e-05,0.01707218959927559,398817,5.994990515708923,0.14027777777777778,0.20555555555555555,0.2972222222222222,0.12361111111111112,0.23333333333333334
555,720,0.01,0.5106925425047906,0.6664448793228601,509,3.7140430190952936e-05,0.016814038157463074,399537,6.004258680343628,0.24722222222222223,0.19722222222222222,0.23333333333333334,0.13333333333333333,0.18888888888888888
556,720,0.01,0.5912899010450146,0.8063168833638479,489,4.228398515427519e-05,0.017274238169193268,400257,6.0148575146993,0.24027777777777778,0.17777777777777778,0.2125,0.1361111111111111,0.23333333333333334
557,720,0.01,0.13809624665704337,0.14808604440051898,484,4.1447028831953506e-05,0.017419669777154922,400977,6.02578151623408,0.2013888888888889,0.19444444444444445,0.27361111111111114,0.10416666666666667,0.2263888888888889
558,720,0.01,0.03913770372510916,0.03991367377769439,496,3.977163839863351e-05,0.017286045476794243,401697,6.035989880561829,0.2152777777777778,0.18194444444444444,0.2652777777777778,0.125,0.2125
559,720,0.01,0.9567768104845054,1.6032920325612703,519,3.815596355960022e-05,0.01639387384057045,402417,6.045987212657929,0.20277777777777778,0.19027777777777777,0.24861111111111112,0.13333333333333333,0.225
560,720,0.01,0.8880858135962598,1.430472817665764,524,4.2039383261756785e-05,0.016874579712748528,403137,6.057031182448069,0.2625,0.2,0.21388888888888888,0.14027777777777778,0.18333333333333332
561,720,0.01,0.7091656713888197,1.0322949492828868,504,4.1322397172886365e-05,0.017352193593978882,403857,6.075227395693461,0.21388888888888888,0.1763888888888889,0.24027777777777778,0.14305555555555555,0.2263888888888889
562,720,0.01,1.3531159974500875,2.8694640050015794,501,3.8337723025152725e-05,0.01686301827430725,404577,6.085831848780314,0.22361111111111112,0.17916666666666667,0.25555555555555554,0.1111111111111111,0.23055555555555557
563,720,0.01,0.706925483934267,1.0277473233027203,522,4.1890969079203284e-05,0.01698523759841919,405297,6.095924866199494,0.25416666666666665,0.18472222222222223,0.24027777777777778,0.11805555555555555,0.20277777777777778
564,720,0.01,0.15981416592090325,0.1732928129417255,468,4.106341258799754e-05,0.01611814647912979,406017,6.106641666094462,0.24027777777777778,0.1486111111111111,0.2569444444444444,0.12083333333333333,0.23333333333333334
565,720,0.01,0.755043860777539,1.1277048440975639,491,4.254012559638593e-05,0.016077732667326927,406737,6.117884115378062,0.19444444444444445,0.1486111111111111,0.2638888888888889,0.19444444444444445,0.1986111111111111
566,720,0.01,0.6013405977908983,0.8245631669191664,496,3.877183869968172e-05,0.016271250322461128,407457,6.129347582658132,0.2638888888888889,0.2013888888888889,0.22916666666666666,0.10833333333333334,0.19722222222222222
567,720,0.01,0.5225115456308759,0.6862574483362305,511,3.949252605303223e-05,0.016808725893497467,408177,6.139562431971232,0.19722222222222222,0.17916666666666667,0.29305555555555557,0.09722222222222222,0.23333333333333334
568,720,0.01,1.1402932535118326,2.127685435450397,489,3.8799972135924086e-05,0.01665044017136097,408897,6.149380282560984,0.20555555555555555,0.21944444444444444,0.2513888888888889,0.1111111111111111,0.2125
569,720,0.01,0.7225413160041162,1.0596608143244866,541,3.8007117147268825e-05,0.01778877153992653,409617,6.15947949886322,0.24027777777777778,0.1875,0.2125,0.14583333333333334,0.21388888888888888
570,720,0.01,0.43008419662836245,0.5373869608977038,505,3.967743885545537e-05,0.017072822898626328,410337,6.171581284205119,0.2569444444444444,0.19583333333333333,0.24027777777777778,0.10416666666666667,0.20277777777777778
571,720,0.01,0.20389539307510995,0.2261698808865975,473,4.148041251836629e-05,0.0170468557626009,411057,6.190888448556264,0.23472222222222222,0.18333333333333332,0.26666666666666666,0.11666666666666667,0.1986111111111111
572,720,0.01,0.5574516021751481,0.7462167702021725,512,3.630659803851207e-05,0.016586314886808395,411777,6.201823584238688,0.2222222222222222,0.2375,0.21666666666666667,0.13194444444444445,0.19166666666666668
573,720,0.01,0.41645860643824995,0.5165812233245148,493,3.847554538904458e-05,0.0165262334048748,412497,6.211956803003947,0.2125,0.16527777777777777,0.2763888888888889,0.10138888888888889,0.24444444444444444
574,720,0.01,0.6763268877696916,0.9666407570387228,504,3.6877331199826184e-05,0.016802245751023293,413217,6.223001249631246,0.2263888888888889,0.19027777777777777,0.22361111111111112,0.16805555555555557,0.19166666666666668
575,720,0.01,0.6347931438804496,0.8866318397505903,497,3.713070758900964e-05,0.016418959945440292,413937,6.233030569553375,0.21666666666666667,0.1638888888888889,0.23055555555555557,0.14027777777777778,0.24861111111111112
576,720,0.01,0.3646637587805417,0.44002972938427276,508,4.0884656094577725e-05,0.017203882336616516,414657,6.242560815811157,0.21944444444444444,0.2569444444444444,0.18055555555555555,0.1361111111111111,0.20694444444444443
577,720,0.01,0.29664326378000494,0.3453352840099009,505,3.976107381049587e-05,0.01734136790037155,415377,6.252448685963949,0.20972222222222223,0.1986111111111111,0.2638888888888889,0.15555555555555556,0.17222222222222222
578,720,0.01,0.2623386156589342,0.29996665697648384,457,4.000413150353981e-05,0.01667044684290886,416097,6.26332908074061,0.18194444444444444,0.15138888888888888,0.2722222222222222,0.20972222222222223,0.18472222222222223
579,720,0.01,1.1131384417550034,2.04389651110317,506,3.6471948756873944e-05,0.016472913324832916,416817,6.274228715896607,0.2763888888888889,0.16805555555555557,0.1875,0.15833333333333333,0.20972222222222223
580,720,0.01,0.38479159649200995,0.46930808057310935,497,4.013279161654282e-05,0.01705782115459442,417537,6.284085782368978,0.24305555555555555,0.22777777777777777,0.1736111111111111,0.1361111111111111,0.21944444444444444
581,720,0.01,0.2505294918421265,0.28470547769845234,511,4.044949366870141e-05,0.016789309680461884,418257,6.304487550258637,0.23055555555555557,0.1763888888888889,0.20972222222222223,0.23472222222222222,0.1486111111111111
582,720,0.01,0.8452624750843806,1.3285889309414545,509,3.7753074896803206e-05,0.01679537072777748,418977,6.315209901332855,0.21944444444444444,0.21944444444444444,0.20416666666666666,0.14583333333333334,0.2111111111111111
583,720,0.01,0.3072165015576644,0.3596352993694061,527,3.760237183188211e-05,0.01622333563864231,419697,6.325156986713409,0.24583333333333332,0.2152777777777778,0.20555555555555555,0.10833333333333334,0.225
584,720,0.01,0.5322376324589968,0.7027381511483555,521,3.792047155886596e-05,0.016401637345552444,420417,6.335221413771311,0.21944444444444444,0.15694444444444444,0.275,0.16111111111111112,0.1875
585,720,0.01,0.4346272405099231,0.5443872666319882,506,3.7377569817130686e-05,0.016680607572197914,421137,6.346681400140127,0.25555555555555554,0.1986111111111111,0.2152777777777778,0.1388888888888889,0.19166666666666668
586,720,0.01,1.0860667618075666,1.962598520601623,508,3.8984068990228276e-05,0.016972564160823822,421857,6.357086980342865,0.23194444444444445,0.18333333333333332,0.2,0.13194444444444445,0.25277777777777777
587,720,0.01,1.212869950211365,2.3631228104375706,507,3.9550983812356816e-05,0.017594875767827034,422577,6.367589012781779,0.21666666666666667,0.18472222222222223,0.24027777777777778,0.125,0.23333333333333334
588,720,0.01,0.9511417873841654,1.588663676092589,500,3.975401795817864e-05,0.017448648810386658,423297,6.378373833497365,0.2708333333333333,0.19583333333333333,0.19722222222222222,0.10416666666666667,0.23194444444444445
589,720,0.01,0.09701108217877295,0.10187258470231542,412,4.0326243732933006e-05,0.017644120380282402,424017,6.3884424010912575,0.1763888888888889,0.2638888888888889,0.23472222222222222,0.13055555555555556,0.19444444444444445
590,720,0.01,0.8487367101580761,1.3366930659609935,542,4.027462809340755e-05,0.017766278237104416,424737,6.397308198610942,0.26805555555555555,0.18472222222222223,0.18333333333333332,0.15138888888888888,0.2125
591,720,0.01,0.9153162055598384,1.4975648709555949,522,4.0313372845604236e-05,0.017987165600061417,425457,6.415948299566905,0.28888888888888886,0.19583333333333333,0.2013888888888889,0.10416666666666667,0.20972222222222223
592,720,0.01,0.04841657582706518,0.04960780550472221,505,4.109389047420741e-05,0.017824966460466385,426177,6.4272345662117,0.23055555555555557,0.28055555555555556,0.18888888888888888,0.11944444444444445,0.18055555555555555
593,720,0.01,0.7086743044605924,1.0312965920563597,523,3.9553945969651575e-05,0.017674267292022705,426897,6.438554966449738,0.2791666666666667,0.19722222222222222,0.20694444444444443,0.12083333333333333,0.19583333333333333
594,720,0.01,0.9289037941440732,1.5317323560775256,498,4.024864282680735e-05,0.017389072105288506,427617,6.449569833278656,0.24722222222222223,0.1986111111111111,0.18611111111111112,0.14722222222222223,0.22083333333333333
595,720,0.01,0.3182689257849892,0.37474591614512476,472,4.122988733065035e-05,0.01720128394663334,428337,6.460665480295817,0.23055555555555557,0.2,0.21805555555555556,0.12638888888888888,0.225
596,720,0.01,0.3067343603358137,0.3589799211500231,472,3.959005776752949e-05,0.017521480098366737,429057,6.470432301362355,0.17916666666666667,0.2013888888888889,0.23333333333333334,0.13194444444444445,0.25416666666666665
597,720,0.01,0.9440907320783825,1.5704750651526735,501,3.979099469057069e-05,0.017611125484108925,429777,6.481105848153432,0.20277777777777778,0.19583333333333333,0.24027777777777778,0.14166666666666666,0.21944444444444444
598,720,0.01,0.07892382776963218,0.08212189129289538,512,4.055288634011352e-05,0.01730949990451336,430497,6.492063649495443,0.2222222222222222,0.19027777777777777,0.25,0.15555555555555556,0.18194444444444444
599,720,0.01,0.08960631075251879,0.09374360383742153,488,3.996732721008003e-05,0.017528587952256203,431217,6.5018040855725605,0.2388888888888889,0.2361111111111111,0.275,0.1111111111111111,0.1388888888888889
600,720,0.01,0.2975486793205812,0.3465539230874557,528,4.135403509937735e-05,0.016563622280955315,431937,6.511017167568207,0.19444444444444445,0.20833333333333334,0.24166666666666667,0.1638888888888889,0.19166666666666668
601,720,0.01,0.3800381026964749,0.46234030748159105,501,4.007753827484824e-05,0.017220523208379745,432657,6.532079768180847,0.2625,0.15,0.2902777777777778,0.12777777777777777,0.16944444444444445
602,720,0.01,0.1184718060959815,0.12577513365847826,464,4.073337219349721e-05,0.017154589295387268,433377,6.5414594848950705,0.2388888888888889,0.20416666666666666,0.225,0.16805555555555557,0.1638888888888889
603,720,0.01,0.811700203290112,1.2517331380773387,509,3.9519212339200746e-05,0.017304297536611557,434097,6.550993080933889,0.22777777777777777,0.21388888888888888,0.225,0.125,0.20833333333333334
604,720,0.01,0.9489650286658143,1.5830349083239885,490,4.186321533678791e-05,0.016984017565846443,434817,6.560908031463623,0.24166666666666667,0.18055555555555555,0.24305555555555555,0.11388888888888889,0.22083333333333333
605,720,0.01,0.3834420545261512,0.4673265250545082,477,4.001742794091317e-05,0.01694008708000183,435537,6.571152396996816,0.24166666666666667,0.2125,0.2569444444444444,0.10277777777777777,0.18611111111111112
606,720,0.01,0.3690547594274889,0.44636680372435866,493,4.100549029115225e-05,0.01783452369272709,436257,6.580724867184957,0.19166666666666668,0.24722222222222223,0.2125,0.1388888888888889,0.20972222222222223
607,720,0.01,1.2629058562241762,2.535680754095225,491,4.134932367050068e-05,0.01750853657722473,436977,6.590987781683604,0.27361111111111114,0.19166666666666668,0.18333333333333332,0.11944444444444445,0.23194444444444445
608,720,0.01,1.0265148418724652,1.7913206689253656,501,3.941544658295647e-05,0.01733366772532463,437697,6.600501867135366,0.22916666666666666,0.20277777777777778,0.2111111111111111,0.12083333333333333,0.2361111111111111
609,720,0.01,1.1181214393968377,2.059102093467303,511,4.345594236888751e-05,0.017090965062379837,438417,6.610776166121165,0.2375,0.19722222222222222,0.24583333333333332,0.09027777777777778,0.22916666666666666
610,720,0.01,0.49167451524007405,0.635051848128624,502,3.8597991238020765e-05,0.01703576371073723,439137,6.621249735355377,0.19722222222222222,0.23333333333333334,0.2361111111111111,0.13333333333333333,0.2
611,720,0.01,1.6160536746518648,4.033188473563366,501,4.29318640309854e-05,0.017348624765872955,439857,6.641113646825155,0.25416666666666665,0.225,0.22916666666666666,0.08055555555555556,0.2111111111111111
612,720,0.01,0.1846185060727674,0.202759507145293,503,4.200923179319539e-05,0.018171269446611404,440577,6.6525658170382185,0.21944444444444444,0.2902777777777778,0.2,0.14305555555555555,0.14722222222222223
613,720,0.01,0.7011139403705117,1.0159971577673654,506,4.415876106046805e-05,0.018194135278463364,441297,6.662737234433492,0.2388888888888889,0.22777777777777777,0.2361111111111111,0.09722222222222222,0.2
614,720,0.01,0.6517654588631903,0.9189256245277444,480,3.9141977586293956e-05,0.01745908334851265,442017,6.673017430305481,0.2388888888888889,0.2152777777777778,0.225,0.12916666666666668,0.19166666666666668
615,720,0.01,0.42758273068242597,0.5335460457313623,488,3.975899912802561e-05,0.017557810992002487,442737,6.682816183567047,0.25,0.23055555555555557,0.2388888888888889,0.10833333333333334,0.17222222222222222
616,720,0.01,0.3878418727188465,0.4737967183935383,488,4.281394202381408e-05,0.017672112211585045,443457,6.692931699752807,0.2652777777777778,0.20694444444444443,0.20694444444444443,0.07916666666666666,0.24166666666666667
617,720,0.01,1.4746971347897297,3.3697121387127957,484,4.291893724131215e-05,0.017372947186231613,444177,6.704429566860199,0.20277777777777778,0.22916666666666666,0.22083333333333333,0.11805555555555555,0.22916666666666666
618,720,0.01,0.37020996719614735,0.448038623355941,515,4.088917088564712e-05,0.017674624919891357,444897,6.714758431911468,0.2222222222222222,0.22916666666666666,0.25277777777777777,0.09722222222222222,0.1986111111111111
619,720,0.01,0.9108588845122744,1.4864571961153938,489,4.242679287042645e-05,0.018413787707686424,445617,6.724966116746267,0.28194444444444444,0.19305555555555556,0.20972222222222223,0.10972222222222222,0.20555555555555555
620,720,0.01,1.1368140184454372,2.116822391107295,509,4.229360784569912e-05,0.01878487691283226,446337,6.73624324798584,0.2263888888888889,0.2111111111111111,0.2152777777777778,0.11805555555555555,0.22916666666666666
621,720,0.01,0.2904743459731881,0.3370615673974835,492,4.471181424858312e-05,0.01851572096347809,447057,6.755227168401082,0.19583333333333333,0.23055555555555557,0.25833333333333336,0.16666666666666666,0.1486111111111111
622,720,0.01,0.6292267042030844,0.8761591921432592,484,4.224055617214617e-05,0.018750276416540146,447777,6.7659796833992,0.2375,0.2569444444444444,0.2111111111111111,0.13333333333333333,0.16111111111111112
623,720,0.01,0.4416056239654904,0.5552022849659886,476,4.1302039622021564e-05,0.018203573301434517,448497,6.777368032932282,0.22777777777777777,0.2791666666666667,0.1875,0.13472222222222222,0.17083333333333334
624,720,0.01,0.7046476202801772,1.0231336480317998,479,4.282936982412543e-05,0.018312115222215652,449217,6.787213651339213,0.15138888888888888,0.23194444444444445,0.24861111111111112,0.1486111111111111,0.21944444444444444
625,720,0.01,0.8491609376105361,1.3376845656033662,493,4.3228962358120446e-05,0.018396582454442978,449937,6.797370982170105,0.26805555555555555,0.22361111111111112,0.20555555555555555,0.075,0.22777777777777777
626,720,0.01,-0.016064941579536755,-0.015936588652155637,435,4.212248288695264e-05,0.01787097379565239,450657,6.808231131235758,0.16944444444444445,0.2513888888888889,0.28055555555555556,0.175,0.12361111111111112
627,720,0.01,1.1037213184518249,2.0153663093928142,477,4.4315412288950835e-05,0.01834552362561226,451377,6.8189313014348345,0.24722222222222223,0.22777777777777777,0.16111111111111112,0.12361111111111112,0.24027777777777778
628,720,0.01,0.4696762450376809,0.599476271002096,496,4.684493489498386e-05,0.01871597208082676,452097,6.829244216283162,0.1875,0.23333333333333334,0.2263888888888889,0.15138888888888888,0.2013888888888889
629,720,0.01,0.7096169421799413,1.0332122715972605,489,4.566078367184269e-05,0.01797279343008995,452817,6.840241718292236,0.20833333333333334,0.18333333333333332,0.25277777777777777,0.15833333333333333,0.19722222222222222
630,720,0.01,1.573296574651779,3.8225198149892865,509,4.419524299995222e-05,0.018211377784609795,453537,6.850848015149435,0.2625,0.1875,0.22777777777777777,0.10277777777777777,0.21944444444444444
631,720,0.01,0.0019993887162435137,0.002001388826639028,489,4.260976422882676e-05,0.018218081444501877,454257,6.871015147368113,0.19722222222222222,0.18888888888888888,0.21944444444444444,0.21944444444444444,0.175
632,720,0.01,0.08408737073826421,0.08772392489964242,430,3.959921750341285e-05,0.018077246844768524,454977,6.880589465300242,0.17916666666666667,0.2625,0.26666666666666666,0.1625,0.12916666666666668
633,720,0.01,0.5480696379232192,0.7299104392037354,472,4.043445439694753e-05,0.01780954748392105,455697,6.890715765953064,0.2125,0.29583333333333334,0.2,0.14583333333333334,0.14583333333333334
634,720,0.01,0.4001117258473048,0.4919913823309665,479,4.141607379829616e-05,0.017388347536325455,456417,6.901493732134501,0.16527777777777777,0.23472222222222222,0.3,0.11944444444444445,0.18055555555555555
635,720,0.01,0.6829386395278577,0.9796867785236836,509,3.917231381870402e-05,0.018009088933467865,457137,6.911344536145529,0.20694444444444443,0.20416666666666666,0.22916666666666666,0.125,0.23472222222222222
636,720,0.01,0.2760750565195216,0.317946780813364,498,3.957768312451056e-05,0.017760640010237694,457857,6.921198650201162,0.25416666666666665,0.2625,0.2,0.09861111111111111,0.18472222222222223
637,720,0.01,0.15755528999133603,0.1706454811709177,494,4.2940311607253535e-05,0.017382115125656128,458577,6.931417115529379,0.22361111111111112,0.2652777777777778,0.2375,0.12222222222222222,0.15138888888888888
638,720,0.01,0.723097833690463,1.0608073710054815,513,4.176578006030872e-05,0.017284365370869637,459297,6.941723450024923,0.25277777777777777,0.21805555555555556,0.21805555555555556,0.13055555555555556,0.18055555555555555
639,720,0.01,0.8366448175751615,1.3086081664017986,534,4.5728068718947016e-05,0.017626170068979263,460017,6.9535430828730265,0.19722222222222222,0.19166666666666668,0.22083333333333333,0.1638888888888889,0.2263888888888889
640,720,0.01,1.5443955272706287,3.6851387323074674,482,4.321697136649366e-05,0.017698992043733597,460737,6.963919015725454,0.24305555555555555,0.2013888888888889,0.22083333333333333,0.125,0.20972222222222223
641,720,0.01,-0.04432497870027688,-0.04335698165324475,441,4.4152039365346554e-05,0.017348958179354668,461457,6.984867699941,0.17777777777777778,0.1986111111111111,0.31527777777777777,0.16527777777777777,0.14305555555555555
642,720,0.01,1.0349168577238919,1.8148721910137864,502,4.1686025330515504e-05,0.017286822199821472,462177,6.995611647764842,0.24861111111111112,0.20694444444444443,0.23333333333333334,0.13194444444444445,0.17916666666666667
643,720,0.01,0.7745766241653954,1.1696733454387283,504,4.4334280423501897e-05,0.017372120171785355,462897,7.0065282980601,0.22777777777777777,0.2513888888888889,0.1986111111111111,0.12916666666666668,0.19305555555555556
644,720,0.01,0.05712184390324409,0.05878480901031957,481,4.3522182611215816e-05,0.016738850623369217,463617,7.016202251116435,0.20277777777777778,0.18194444444444444,0.3125,0.18333333333333332,0.11944444444444445
645,720,0.01,0.8026663498767415,1.2314829174632775,508,4.285778675239271e-05,0.016992025077342987,464337,7.0261485497156775,0.23333333333333334,0.2625,0.21944444444444444,0.1,0.18472222222222223
646,720,0.01,0.5740902286302987,0.7755144796686471,510,3.875353135198465e-05,0.017181018367409706,465057,7.035929282506307,0.2625,0.25277777777777777,0.21944444444444444,0.1125,0.1527777777777778
647,720,0.01,-0.04230450404565754,-0.041422154704965686,439,4.272941894088136e-05,0.01712905988097191,465777,7.047690765062968,0.20555555555555555,0.20277777777777778,0.2972222222222222,0.15,0.14444444444444443
648,720,0.01,0.3549537628429563,0.4261147132670704,497,4.3453957016481584e-05,0.016361381858587265,466497,7.058247951666514,0.2152777777777778,0.22361111111111112,0.2125,0.1375,0.2111111111111111
649,720,0.01,0.3453038200073673,0.41241897563004604,459,4.260526803187127e-05,0.016020813956856728,467217,7.0689927021662395,0.2,0.22777777777777777,0.25972222222222224,0.1486111111111111,0.1638888888888889
650,720,0.01,0.5225357235395618,0.6862982190077063,514,4.828318697541868e-05,0.01674683205783367,467937,7.079300399621328,0.23055555555555557,0.20277777777777778,0.1986111111111111,0.18194444444444444,0.18611111111111112
651,720,0.01,0.5351401104444415,0.7076874903464778,506,4.458760511043794e-05,0.01648544706404209,468657,7.099270947774252,0.2263888888888889,0.21388888888888888,0.2111111111111111,0.18472222222222223,0.1638888888888889
652,720,0.01,0.18964039350478182,0.2088148218263859,482,4.551588197677524e-05,0.017156273126602173,469377,7.110654000441233,0.22361111111111112,0.26666666666666666,0.1986111111111111,0.15555555555555556,0.15555555555555556
653,720,0.01,1.37004527139137,2.935528858304792,517,4.69648989583978e-05,0.017284352332353592,470097,7.121333400408427,0.24861111111111112,0.19305555555555556,0.1625,0.1763888888888889,0.21944444444444444
654,720,0.01,0.9429673429003633,1.567589042648856,526,4.443993268902583e-05,0.01897718571126461,470817,7.131472317377726,0.2513888888888889,0.18194444444444444,0.2375,0.12361111111111112,0.20555555555555555
655,720,0.01,0.7155426571616279,1.045296275838611,534,5.079746808734045e-05,0.01827217824757099,471537,7.14191509882609,0.25,0.2263888888888889,0.19027777777777777,0.1388888888888889,0.19444444444444445
656,720,0.01,1.3787756636980877,2.970037989107745,504,4.6732682526200934e-05,0.01779096946120262,472257,7.152367830276489,0.21666666666666667,0.24861111111111112,0.15138888888888888,0.13333333333333333,0.25
657,720,0.01,0.6197274771355099,0.8584215104753246,511,4.665806934301347e-05,0.018482353538274765,472977,7.1647169351577755,0.2263888888888889,0.225,0.19166666666666668,0.11527777777777778,0.24166666666666667
658,720,0.01,0.3693185936753549,0.4467484551663017,519,4.651856477772122e-05,0.017982808873057365,473697,7.176257280508677,0.19583333333333333,0.3013888888888889,0.19027777777777777,0.14027777777777778,0.17222222222222222
659,720,0.01,0.5311849535850965,0.7009466577679111,492,4.929694362469187e-05,0.01840716227889061,474417,7.186364551385243,0.21666666666666667,0.23472222222222222,0.18611111111111112,0.225,0.1375
660,720,0.01,0.5185425275388704,0.6795779263563937,498,5.192047745165635e-05,0.019203994423151016,475137,7.196735548973083,0.225,0.25833333333333336,0.18194444444444444,0.14583333333333334,0.18888888888888888
661,720,0.01,0.3846211723357768,0.4690576963195954,530,4.7230416549205577e-05,0.018302246928215027,475857,7.215988683700561,0.2569444444444444,0.20555555555555555,0.14583333333333334,0.24305555555555555,0.1486111111111111
662,720,0.01,0.3805187961545823,0.46304341387670855,507,4.670117632485926e-05,0.017847616225481033,476577,7.225954747200012,0.18888888888888888,0.2777777777777778,0.21666666666666667,0.12638888888888888,0.19027777777777777
663,720,0.01,1.550373003636233,3.713227905899057,517,5.0467280896605695e-05,0.018404601141810417,477297,7.23656405210495,0.25972222222222224,0.2708333333333333,0.16805555555555557,0.11388888888888889,0.1875
664,720,0.01,0.4257483285563958,0.5307354842428298,499,4.717271931692974e-05,0.0172849353402853,478017,7.24660663207372,0.18055555555555555,0.3486111111111111,0.1388888888888889,0.15833333333333333,0.1736111111111111
665,720,0.01,0.7261780163024126,1.0671648200618757,462,4.919846647150431e-05,0.018041756004095078,478737,7.257740767796834,0.21388888888888888,0.2638888888888889,0.21666666666666667,0.09722222222222222,0.20833333333333334
666,720,0.01,1.244397673352118,2.470843588020203,519,5.156147540472173e-05,0.018199950456619263,479457,7.267974265416464,0.25,0.2513888888888889,0.18055555555555555,0.10833333333333334,0.20972222222222223
667,720,0.01,1.2642492076665377,2.5404336075975187,487,5.330765631520585e-05,0.018188487738370895,480177,7.278700864315033,0.24444444444444444,0.27361111111111114,0.16805555555555557,0.11805555555555555,0.19583333333333333
668,720,0.01,0.8727189866226932,1.393409663289232,496,5.223073707283119e-05,0.01911894977092743,480897,7.288917517662048,0.21666666666666667,0.2111111111111111,0.17083333333333334,0.1986111111111111,0.20277777777777778
669,720,0.01,0.5431467294917223,0.7214151763742562,510,5.088619775506231e-05,0.018820282071828842,481617,7.298989450931549,0.16944444444444445,0.2972222222222222,0.2152777777777778,0.16666666666666666,0.15138888888888888
670,720,0.01,0.13253175174723125,0.141715266968232,438,4.9708064957738115e-05,0.018148619681596756,482337,7.310314285755157,0.15694444444444444,0.3138888888888889,0.2152777777777778,0.13333333333333333,0.18055555555555555
671,720,0.01,0.26672323954113614,0.30567903599178337,533,4.765043745338618e-05,0.01751580275595188,483057,7.3285382151603695,0.20555555555555555,0.23194444444444445,0.24166666666666667,0.15833333333333333,0.1625
672,720,0.01,0.8032932719232041,1.2328823219134502,528,5.2836682047857015e-05,0.0173824243247509,483777,7.3383038798968,0.225,0.23472222222222222,0.20277777777777778,0.10833333333333334,0.22916666666666666
673,720,0.01,0.694762636011212,1.0032335220047002,497,5.3059116402841435e-05,0.018934331834316254,484497,7.349674181143443,0.2625,0.2513888888888889,0.16666666666666666,0.14722222222222223,0.17222222222222222
674,720,0.01,0.3699584429543848,0.44767445233999803,486,5.0407540733330176e-05,0.01886456459760666,485217,7.360010512669882,0.2013888888888889,0.27361111111111114,0.16805555555555557,0.1638888888888889,0.19305555555555556
675,720,0.01,0.19083503786169123,0.21025978857066274,475,5.075347765013147e-05,0.018867384642362595,485937,7.37142409880956,0.27361111111111114,0.15833333333333333,0.20833333333333334,0.15,0.20972222222222223
676,720,0.01,0.22707168212115045,0.25491982003083735,487,4.488803505182659e-05,0.018297268077731133,486657,7.381177067756653,0.2708333333333333,0.26666666666666666,0.13194444444444445,0.15138888888888888,0.17916666666666667
677,720,0.01,0.6242930145975815,0.8669256016033344,512,4.808714453980024e-05,0.018619108945131302,487377,7.392036267121633,0.2375,0.225,0.18611111111111112,0.17083333333333334,0.18055555555555555
678,720,0.01,0.4439443036562892,0.5588436613116852,515,4.731299325410671e-05,0.018013404682278633,488097,7.401890667279561,0.18055555555555555,0.2388888888888889,0.20277777777777778,0.19305555555555556,0.18472222222222223
679,720,0.01,0.20003635757201987,0.22144716620619365,454,4.933297678412095e-05,0.018987201154232025,488817,7.412358665466309,0.1638888888888889,0.33194444444444443,0.1638888888888889,0.16527777777777777,0.175
680,720,0.01,0.16045299001690752,0.17404258012147378,522,4.63895564684612e-05,0.018060723319649696,489537,7.423111399014791,0.19722222222222222,0.23194444444444445,0.19444444444444445,0.1875,0.18888888888888888
681,720,0.01,0.6631320141105734,0.9408616308941284,459,4.6111956942240794e-05,0.01840430498123169,490257,7.442084149519602,0.2125,0.2111111111111111,0.24305555555555555,0.1388888888888889,0.19444444444444445
682,720,0.01,0.5490246120308687,0.7315632479508976,518,4.5954378415697446e-05,0.018363788723945618,490977,7.4523696025212605,0.2569444444444444,0.29305555555555557,0.1361111111111111,0.13055555555555556,0.18333333333333332
683,720,0.01,0.829231859040626,1.291557824609192,518,5.169869508437033e-05,0.01852807030081749,491697,7.464024913311005,0.25972222222222224,0.25277777777777777,0.14722222222222223,0.12777777777777777,0.2125
684,720,0.01,0.9893444643449476,1.689470850318255,521,4.8810510064514444e-05,0.018004635348916054,492417,7.474677983919779,0.23194444444444445,0.2638888888888889,0.15555555555555556,0.13055555555555556,0.21805555555555556
685,720,0.01,0.6400456498583036,0.8965674553644434,531,5.066053090558853e-05,0.01788982003927231,493137,7.485548480351766,0.18611111111111112,0.2722222222222222,0.19583333333333333,0.14027777777777778,0.20555555555555555
686,720,0.01,0.8833171662091311,1.4189103404136745,535,4.6756274511810463e-05,0.017803523689508438,493857,7.4965999841690065,0.19305555555555556,0.275,0.2111111111111111,0.10694444444444444,0.21388888888888888
687,720,0.01,0.8791486388408036,1.40884803352967,522,4.790315433006577e-05,0.01870560273528099,494577,7.507425582408905,0.22083333333333333,0.24583333333333332,0.1986111111111111,0.11805555555555555,0.21666666666666667
688,720,0.01,0.3416358525495652,0.40724775851648665,462,4.762751640075496e-05,0.018032561987638474,495297,7.5183228015899655,0.19444444444444445,0.31666666666666665,0.1638888888888889,0.12222222222222222,0.20277777777777778
689,720,0.01,0.5542849442186282,0.7406958450273484,493,4.762679889406879e-05,0.019072897732257843,496017,7.528359297911326,0.2375,0.2013888888888889,0.2375,0.12638888888888888,0.19722222222222222
690,720,0.01,1.012179171806004,1.7515906752183952,525,4.9072671333760806e-05,0.01948615536093712,496737,7.538623531659444,0.2625,0.24583333333333332,0.15833333333333333,0.125,0.20833333333333334
691,720,0.01,0.7565950750856562,1.1310079315310801,512,4.478128828648348e-05,0.0188697949051857,497457,7.558519864082337,0.22083333333333333,0.2875,0.1763888888888889,0.13472222222222222,0.18055555555555555
692,720,0.01,0.7612059635814109,1.14085645927002,518,4.844551502982439e-05,0.018818585202097893,498177,7.568207101027171,0.26666666666666666,0.25972222222222224,0.12916666666666668,0.13333333333333333,0.2111111111111111
693,720,0.01,0.8652553615726182,1.3756126487093132,534,4.935130477355819e-05,0.018761664628982544,498897,7.57837895154953,0.2513888888888889,0.24583333333333332,0.19583333333333333,0.10972222222222222,0.19722222222222222
694,720,0.01,0.3819673619572761,0.46516426425872015,527,4.931672640016889e-05,0.019160151481628418,499617,7.587745499610901,0.26944444444444443,0.21805555555555556,0.2,0.14444444444444443,0.16805555555555557
695,720,0.01,0.6356391963714868,0.8882287047388309,517,4.914084901580888e-05,0.019027503207325935,500337,7.599310715993245,0.22361111111111112,0.24444444444444444,0.18611111111111112,0.11666666666666667,0.22916666666666666
696,720,0.01,0.8240272774494326,1.279662207646639,518,4.382514933291127e-05,0.01849529892206192,501057,7.608981299400329,0.2013888888888889,0.2972222222222222,0.17222222222222222,0.11666666666666667,0.2125
697,720,0.01,1.5705318818722072,3.809205442832438,529,4.8366853692035267e-05,0.018508942797780037,501777,7.619741233189901,0.26944444444444443,0.2125,0.15138888888888888,0.1375,0.22916666666666666
698,720,0.01,0.752419154565429,1.1221275665351107,539,4.7177495985629824e-05,0.01888863556087017,502497,7.631644900639852,0.25277777777777777,0.2222222222222222,0.20972222222222223,0.16666666666666666,0.1486111111111111
699,720,0.01,0.13751449761653115,0.14741834068259352,549,4.5856419248795846e-05,0.018610592931509018,503217,7.641260917981466,0.2513888888888889,0.2986111111111111,0.1375,0.14166666666666666,0.17083333333333334
700,720,0.01,0.5723322915465369,0.7723959787893606,527,4.4275800040496605e-05,0.01792328804731369,503937,7.651466484864553,0.2125,0.3125,0.15555555555555556,0.14722222222222223,0.17222222222222222
701,720,0.01,0.6892153466180198,0.9921517711930361,511,4.42571765814945e-05,0.018627328798174858,504657,7.670914049943288,0.25833333333333336,0.25277777777777777,0.19444444444444445,0.11944444444444445,0.175
702,720,0.01,0.34187553127430736,0.4075850862881769,546,4.565645363199009e-05,0.018691863864660263,505377,7.682013817628225,0.2625,0.25833333333333336,0.15138888888888888,0.15138888888888888,0.1763888888888889
703,720,0.01,0.629542239203916,0.8767512794427317,512,4.6864862585809737e-05,0.01848018541932106,506097,7.693101565043132,0.2111111111111111,0.2722222222222222,0.20694444444444443,0.12222222222222222,0.1875
704,720,0.01,0.47156964277971397,0.602507584597608,512,4.747424235726309e-05,0.018881957978010178,506817,7.7032284339269,0.2152777777777778,0.2791666666666667,0.16805555555555557,0.10416666666666667,0.23333333333333334
705,720,0.01,0.5800119904858022,0.7860598463469091,551,4.4562932262377015e-05,0.018883302807807922,507537,7.713012897968293,0.23055555555555557,0.21805555555555556,0.2111111111111111,0.12777777777777777,0.2125
706,720,0.01,0.36357206586789337,0.43845851693149673,497,4.573536403237692e-05,0.01912233605980873,508257,7.723141380151113,0.30972222222222223,0.22777777777777777,0.1638888888888889,0.13333333333333333,0.16527777777777777
707,720,0.01,-0.08488417085057046,-0.08138131894009937,484,4.356352894016406e-05,0.018399454653263092,508977,7.733666666348776,0.2152777777777778,0.2875,0.2388888888888889,0.12083333333333333,0.1375
708,720,0.01,0.3015275514677348,0.3519223620703369,517,4.3082298165902306e-05,0.018488697707653046,509697,7.745097001393636,0.25555555555555554,0.275,0.18472222222222223,0.12361111111111112,0.16111111111111112
709,720,0.01,0.10078717222189106,0.10604122041677377,475,4.702894739618084e-05,0.01824541762471199,510417,7.755588181813558,0.20694444444444443,0.2513888888888889,0.18472222222222223,0.18194444444444444,0.175
710,720,0.01,1.20671107714273,2.342473417700464,512,4.3334701522073575e-05,0.019092904403805733,511137,7.765736746788025,0.2861111111111111,0.18194444444444444,0.20277777777777778,0.12638888888888888,0.20277777777777778
711,720,0.01,0.6104968194574413,0.8413459880847087,520,4.5263266919290697e-05,0.019153166562318802,511857,7.785911329587301,0.21666666666666667,0.30277777777777776,0.15138888888888888,0.11805555555555555,0.2111111111111111
712,720,0.01,1.06427286259341,1.8987304422165567,499,4.539631414799159e-05,0.018733372911810875,512577,7.795778214931488,0.2902777777777778,0.2013888888888889,0.15,0.12777777777777777,0.23055555555555557
713,720,0.01,0.5255642831919507,0.6914130150787161,544,4.675797594144468e-05,0.018703289330005646,513297,7.80621501604716,0.23194444444444445,0.24583333333333332,0.19722222222222222,0.12777777777777777,0.19722222222222222
714,720,0.01,0.8463441223964292,1.3311090055697452,496,4.441057473185437e-05,0.019303906708955765,514017,7.817985733350118,0.24583333333333332,0.20972222222222223,0.2375,0.1388888888888889,0.16805555555555557
715,720,0.01,0.3441071359969756,0.4107297673517887,549,4.217465086766323e-05,0.01895603910088539,514737,7.8282188177108765,0.26805555555555555,0.2652777777777778,0.15694444444444444,0.14166666666666666,0.16805555555555557
716,720,0.01,0.8748873948189704,1.3986051833885678,530,4.246661182428902e-05,0.01883523166179657,515457,7.837562815348307,0.25972222222222224,0.225,0.1597222222222222,0.13472222222222222,0.22083333333333333
717,720,0.01,0.16062286648974425,0.17424203927517423,554,4.305493798331857e-05,0.01815914921462536,516177,7.8481345494588215,0.22777777777777777,0.24583333333333332,0.18333333333333332,0.16666666666666666,0.1763888888888889
718,720,0.01,0.08865707091504808,0.09270587144306885,503,4.313293399036411e-05,0.017967797815799713,516897,7.859295451641083,0.2361111111111111,0.2125,0.2611111111111111,0.18055555555555555,0.10972222222222222
719,720,0.01,1.2227154062440966,2.396397823251421,530,4.903320494804575e-05,0.018237542361021042,517617,7.869804298877716,0.25833333333333336,0.2,0.19722222222222222,0.10277777777777777,0.24166666666666667
720,720,0.01,1.4214342476739055,3.143058352820245,559,4.869334180486678e-05,0.018497727811336517,518337,7.8803150177001955,0.24027777777777778,0.2638888888888889,0.1625,0.10833333333333334,0.225
721,720,0.01,0.7846224832624307,1.19157942662757,498,4.8932016063140007e-05,0.019113343209028244,519057,7.898733182748159,0.2708333333333333,0.2375,0.15138888888888888,0.09305555555555556,0.24722222222222223
722,720,0.01,0.34495998448105475,0.4119334192887303,534,4.389275928941869e-05,0.01831411011517048,519777,7.909228452046713,0.1986111111111111,0.26805555555555555,0.225,0.11527777777777778,0.19305555555555556
723,720,0.01,0.8898473493881346,1.434757955629137,503,4.62133543704921e-05,0.019034167751669884,520497,7.920625698566437,0.2263888888888889,0.30833333333333335,0.1486111111111111,0.11388888888888889,0.20277777777777778
724,720,0.01,0.6995266580198523,1.0127997393341008,538,4.60726286241374e-05,0.018630878999829292,521217,7.931146347522736,0.21388888888888888,0.2875,0.16111111111111112,0.11527777777777778,0.2222222222222222
725,720,0.01,0.4581761774052178,0.5811875480434121,520,4.502626237328716e-05,0.018157560378313065,521937,7.941872549057007,0.22083333333333333,0.3347222222222222,0.15,0.12222222222222222,0.17222222222222222
726,720,0.01,0.2789823605011239,0.3217840280560196,456,4.5005732506019234e-05,0.01821625605225563,522657,7.953268349170685,0.2569444444444444,0.21805555555555556,0.2875,0.11388888888888889,0.12361111111111112
727,720,0.01,0.6182770435471177,0.8557279473845414,512,4.380942937005885e-05,0.018392005935311317,523377,7.963771414756775,0.24027777777777778,0.24444444444444444,0.17777777777777778,0.10694444444444444,0.23055555555555557
728,720,0.01,0.9120167267770107,1.4893377886606025,520,4.464314434800245e-05,0.018383702263236046,524097,7.973982934157053,0.26944444444444443,0.2263888888888889,0.1763888888888889,0.14583333333333334,0.18194444444444444
729,720,0.01,0.6708232175776672,0.9558467455117508,502,4.283308254950195e-05,0.018439406529068947,524817,7.984684415658315,0.24027777777777778,0.2902777777777778,0.17777777777777778,0.08333333333333333,0.20833333333333334
730,720,0.01,1.240909200012437,2.4587567372829846,534,4.304452360707324e-05,0.018160607665777206,525537,7.995334664980571,0.2708333333333333,0.24166666666666667,0.14305555555555555,0.12916666666666668,0.2152777777777778
731,720,0.01,0.9861899773004096,1.681000316482919,526,4.210841661031534e-05,0.018151480704545975,526257,8.013467065493266,0.25277777777777777,0.23055555555555557,0.20555555555555555,0.14305555555555555,0.16805555555555557
732,720,0.01,1.2835103526512066,2.6092873852505805,535,4.8926294899350374e-05,0.018826810643076897,526977,8.025101065635681,0.24583333333333332,0.23472222222222222,0.19722222222222222,0.10138888888888889,0.22083333333333333
733,720,0.01,0.13870732587794551,0.148787830327622,483,4.272570115517738e-05,0.017713245004415512,527697,8.03608769973119,0.24583333333333332,0.23055555555555557,0.18055555555555555,0.1736111111111111,0.16944444444444445
734,720,0.01,1.3959710480224254,3.0388946296852843,509,4.425318418902356e-05,0.01738479733467102,528417,8.047512499491374,0.26944444444444443,0.2361111111111111,0.15833333333333333,0.1361111111111111,0.2
735,720,0.01,0.43527972631638556,0.5453952862266203,518,4.530810873701638e-05,0.01804455742239952,529137,8.057178548971812,0.23055555555555557,0.2763888888888889,0.16527777777777777,0.16527777777777777,0.1625
736,720,0.01,0.05461060247940868,0.05612928047119148,483,4.208467938345469e-05,0.01800958439707756,529857,8.068519481023152,0.2388888888888889,0.225,0.175,0.1361111111111111,0.225
737,720,0.01,0.18167535257019113,0.1992248054254666,502,4.376898955469086e-05,0.01825820654630661,530577,8.07790286540985,0.24166666666666667,0.18472222222222223,0.20416666666666666,0.14722222222222223,0.2222222222222222
738,720,0.01,0.33539971284484105,0.3984992716403608,500,4.266091191816991e-05,0.018047917634248734,531297,8.088947717348734,0.25416666666666665,0.30277777777777776,0.1388888888888889,0.10138888888888889,0.20277777777777778
739,720,0.01,0.1822951431871311,0.19996830409041544,468,4.128631477568787e-05,0.018632400780916214,532017,8.098446182409923,0.22361111111111112,0.25555555555555554,0.19305555555555556,0.12777777777777777,0.2
740,720,0.01,1.1198512528284532,2.0643983488034428,522,4.2768155637734e-05,0.018392495810985565,532737,8.10799674987793,0.20833333333333334,0.2361111111111111,0.20694444444444443,0.11666666666666667,0.23194444444444445
741,720,0.01,0.20395283779338447,0.22624031989311622,507,4.4410729967441714e-05,0.018699955195188522,533457,8.128587814172109,0.2625,0.26666666666666666,0.14583333333333334,0.15555555555555556,0.16944444444444445
742,720,0.01,0.3776949030591703,0.45891776362123227,525,4.355687983408845e-05,0.018247101455926895,534177,8.1390318830808,0.2847222222222222,0.275,0.15833333333333333,0.11666666666666667,0.16527777777777777
743,720,0.01,1.415001438581291,3.1164923878779387,522,4.151019443775618e-05,0.018224546685814857,534897,8.148287598292033,0.25416666666666665,0.20833333333333334,0.15833333333333333,0.14583333333333334,0.23333333333333334
744,720,0.01,0.8485611639520074,1.3362829043607345,532,4.4687953964562944e-05,0.018311932682991028,535617,8.158264001210531,0.25277777777777777,0.25833333333333336,0.14583333333333334,0.12777777777777777,0.2152777777777778
745,720,0.01,0.555094093653747,0.7421048980774236,519,4.5000739190628435e-05,0.018809625878930092,536337,8.16843123435974,0.275,0.2375,0.1388888888888889,0.1736111111111111,0.175
746,720,0.01,0.39505094672277924,0.484459817357233,483,4.324298723759057e-05,0.019033901393413544,537057,8.178369951248168,0.25555555555555554,0.24444444444444444,0.17222222222222222,0.1111111111111111,0.21666666666666667
747,720,0.01,0.17395930992784106,0.19000714335868252,520,4.529768841621262e-05,0.01871507614850998,537777,8.189552350838978,0.21666666666666667,0.27361111111111114,0.19027777777777777,0.12916666666666668,0.19027777777777777
748,720,0.01,0.39289860252453,0.48126818485977596,504,4.3172595303531126e-05,0.01836007460951805,538497,8.199473750591277,0.2375,0.325,0.1527777777777778,0.11388888888888889,0.17083333333333334
749,720,0.01,-0.03613320882257576,-0.03548819655639002,484,4.384592263022569e-05,0.01815372332930565,539217,8.209483734766643,0.22777777777777777,0.28055555555555556,0.15694444444444444,0.13333333333333333,0.2013888888888889
750,720,0.01,0.3320916848925255,0.39388064045084437,514,4.2464209021394104e-05,0.01769081875681877,539937,8.21965394814809,0.25972222222222224,0.28888888888888886,0.16111111111111112,0.14444444444444443,0.14583333333333334
751,720,0.01,0.17082217686823095,0.18627978227884534,455,4.1718924833528745e-05,0.018061868846416473,540657,8.23912308216095,0.24166666666666667,0.2513888888888889,0.225,0.08888888888888889,0.19305555555555556
752,720,0.01,0.701934958202127,1.017653007030252,505,4.314331407108006e-05,0.018746424466371536,541377,8.249317701657613,0.25972222222222224,0.2847222222222222,0.1597222222222222,0.09722222222222222,0.1986111111111111
753,720,0.01,0.30277494773575886,0.35360979721078767,453,4.174691772757594e-05,0.018677910789847374,542097,8.260563385486602,0.3,0.18194444444444444,0.19027777777777777,0.13194444444444445,0.19583333333333333
754,720,0.01,0.3385756070038568,0.4029478176250405,515,4.460668046072492e-05,0.018101409077644348,542817,8.272142299016316,0.25416666666666665,0.2569444444444444,0.16527777777777777,0.125,0.1986111111111111
755,720,0.01,0.9143173670967495,1.4950714525668203,522,4.3792544672922104e-05,0.01805654540657997,543537,8.281835397084555,0.24166666666666667,0.28194444444444444,0.13194444444444445,0.14027777777777778,0.20416666666666666
756,720,0.01,0.9488822019420029,1.582820972864952,527,4.36113887859493e-05,0.018940245732665062,544257,8.292156183719635,0.23194444444444445,0.23194444444444445,0.2,0.13194444444444445,0.20416666666666666
757,720,0.01,0.4428917796645236,0.557203804104659,508,4.0178523765790586e-05,0.01868416555225849,544977,8.303674499193827,0.21805555555555556,0.30694444444444446,0.15555555555555556,0.12916666666666668,0.19027777777777777
758,720,0.01,0.7456126445684922,1.107732330274334,494,4.0846212483655916e-05,0.018074797466397285,545697,8.31484586795171,0.24861111111111112,0.30694444444444446,0.12222222222222222,0.10555555555555556,0.21666666666666667
759,720,0.01,-0.051668348932861395,-0.05035623501008979,489,4.233693591686461e-05,0.017951861023902893,546417,8.325382200876872,0.2902777777777778,0.22361111111111112,0.16666666666666666,0.11944444444444445,0.2
760,720,0.01,1.3858289198217404,2.998138668011385,507,4.364434835603485e-05,0.017938917502760887,547137,8.335295283794403,0.25972222222222224,0.25555555555555554,0.14583333333333334,0.09027777777777778,0.24861111111111112
761,720,0.01,1.061763477609114,1.891465530613647,543,4.631066257666639e-05,0.018410086631774902,547857,8.353807433446248,0.22916666666666666,0.2791666666666667,0.1527777777777778,0.12916666666666668,0.20972222222222223
762,720,0.01,0.3861987555191055,0.4713770860707498,499,4.405482597399492e-05,0.018504761159420013,548577,8.36495610078176,0.2513888888888889,0.30972222222222223,0.15694444444444444,0.11527777777777778,0.16666666666666666
763,720,0.01,0.8815813970590037,1.4147153123212863,480,4.147458346703085e-05,0.01828724704682827,549297,8.376526983579,0.24305555555555555,0.2569444444444444,0.125,0.19027777777777777,0.18472222222222223
764,720,0.01,0.9550902391550209,1.5989050953380453,533,4.357122764986343e-05,0.018368635326623917,550017,8.385915684700013,0.21666666666666667,0.2722222222222222,0.14583333333333334,0.13472222222222222,0.23055555555555557
765,720,0.01,0.9770547924908223,1.6566204101372914,484,4.330190612715038e-05,0.01845977082848549,550737,8.395672599474588,0.21388888888888888,0.3055555555555556,0.17083333333333334,0.10694444444444444,0.20277777777777778
766,720,0.01,0.5444632204827796,0.7236828963347415,509,4.196057550668936e-05,0.0178116075694561,551457,8.406784931818644,0.21666666666666667,0.31666666666666665,0.13472222222222222,0.16944444444444445,0.1625
767,720,0.01,1.6487322241178357,4.200382726442236,492,4.454903830214284e-05,0.018358677625656128,552177,8.418370513121287,0.24861111111111112,0.24722222222222223,0.15833333333333333,0.1388888888888889,0.20694444444444443
768,720,0.01,0.6708554463356866,0.9559097810390127,471,4.340606597881763e-05,0.01812494359910488,552897,8.428364551067352,0.18055555555555555,0.3013888888888889,0.24583333333333332,0.09861111111111111,0.1736111111111111
769,720,0.01,0.7757106287002007,1.1721351604423762,478,4.4963338334330024e-05,0.018072420731186867,553617,8.438459599018097,0.2,0.32916666666666666,0.1527777777777778,0.14444444444444443,0.1736111111111111
770,720,0.01,0.4178929227886798,0.5187580413195154,446,4.320314634974744e-05,0.017766550183296204,554337,8.448753166198731,0.16944444444444445,0.30277777777777776,0.19166666666666668,0.2,0.1361111111111111
771,720,0.01,0.20403686546484714,0.2263433623409965,451,3.977551931989688e-05,0.01715831086039543,555057,8.467628133296966,0.25416666666666665,0.3194444444444444,0.15833333333333333,0.1638888888888889,0.10416666666666667
772,720,0.01,0.19002143580829292,0.20927551917762877,485,4.094983123587149e-05,0.01786774769425392,555777,8.478917765617371,0.23333333333333334,0.3111111111111111,0.13194444444444445,0.1638888888888889,0.1597222222222222
773,720,0.01,0.20534112868673654,0.22794388040744407,461,4.135994475215436e-05,0.01797482743859291,556497,8.48863474925359,0.2708333333333333,0.225,0.15555555555555556,0.1736111111111111,0.175
774,720,0.01,0.4903723741537667,0.6329241655110447,464,4.016651846288571e-05,0.017550138756632805,557217,8.500060033798217,0.20555555555555555,0.29305555555555557,0.1597222222222222,0.1625,0.17916666666666667
775,720,0.01,1.0648082901451457,1.900282917942429,482,4.293164667438355e-05,0.01811831444501877,557937,8.51072019735972,0.18888888888888888,0.2861111111111111,0.12083333333333333,0.2,0.20416666666666666
776,720,0.01,0.2522139123611258,0.2868712855194424,486,3.939286149893127e-05,0.018086139112710953,558657,8.520777785778046,0.1986111111111111,0.28888888888888886,0.17916666666666667,0.15,0.18333333333333332
777,720,0.01,0.09465711901862295,0.09928186765328761,465,4.200768360962886e-05,0.017179038375616074,559377,8.531792747974396,0.23055555555555557,0.31527777777777777,0.18333333333333332,0.09305555555555556,0.17777777777777778
778,720,0.01,0.09560857344145327,0.10032828197703059,465,4.062853523565637e-05,0.01742127165198326,560097,8.543240634600322,0.22916666666666666,0.31805555555555554,0.17083333333333334,0.14444444444444443,0.1375
779,720,0.01,1.0299877395488741,1.8010314925788382,504,4.63591252431191e-05,0.01793726161122322,560817,8.553184747695923,0.21944444444444444,0.3277777777777778,0.13333333333333333,0.11527777777777778,0.20416666666666666
780,720,0.01,0.1197585934526185,0.1272246993082422,411,4.6746526306328125e-05,0.01770348846912384,561537,8.563766316572826,0.2125,0.34444444444444444,0.14305555555555555,0.15138888888888888,0.1486111111111111
781,720,0.01,0.1428527992313899,0.15355998425137085,452,4.4106826006403326e-05,0.01825721189379692,562257,8.582797133922577,0.19166666666666668,0.33194444444444443,0.12222222222222222,0.16527777777777777,0.18888888888888888
782,720,0.01,0.892294973414003,1.4407246268035885,497,4.188974628757731e-05,0.017628207802772522,562977,8.59303734699885,0.1763888888888889,0.3416666666666667,0.13333333333333333,0.12638888888888888,0.2222222222222222
783,720,0.01,0.5483418443390556,0.7303813960199372,470,4.2695490026289915e-05,0.01779155805706978,563697,8.60254229704539,0.2263888888888889,0.32916666666666666,0.14583333333333334,0.12916666666666668,0.16944444444444445
784,720,0.01,0.40081882622511367,0.49304674308011576,459,4.1060075145398716e-05,0.01756705343723297,564417,8.6118842959404,0.2125,0.3458333333333333,0.15416666666666667,0.10694444444444444,0.18055555555555555
785,720,0.01,0.9116904185894346,1.48852562987275,466,4.110431032889513e-05,0.017343446612358093,565137,8.622349798679352,0.22916666666666666,0.2861111111111111,0.15416666666666667,0.1,0.23055555555555557
786,720,0.01,0.25723009050657636,0.2933426783981856,404,3.901034781519128e-05,0.01762976683676243,565857,8.632292167345684,0.2833333333333333,0.2513888888888889,0.12083333333333333,0.18194444444444444,0.1625
787,720,0.01,0.868331686787424,1.382932058471121,437,3.9605236274079895e-05,0.017317362129688263,566577,8.641890863577524,0.18194444444444444,0.3333333333333333,0.15694444444444444,0.1361111111111111,0.19166666666666668
788,720,0.01,1.3035033960874949,2.682174211605692,476,4.219281262673273e-05,0.01766146346926689,567297,8.652543083826702,0.24722222222222223,0.25277777777777777,0.16666666666666666,0.11527777777777778,0.21805555555555556
789,720,0.01,0.7278475157320207,1.0706188329839161,467,3.889385522799987e-05,0.01739252358675003,568017,8.6635449330012,0.21388888888888888,0.36527777777777776,0.11805555555555555,0.12222222222222222,0.18055555555555555
790,720,0.01,0.3242930389770964,0.38305253604307987,425,3.7157303007815145e-05,0.01714222878217697,568737,8.674252132574717,0.24861111111111112,0.2847222222222222,0.19444444444444445,0.10416666666666667,0.16805555555555557
791,720,0.01,0.3406389346203552,0.4058455470561855,455,3.956868573974741e-05,0.01734095625579357,569457,8.693694245815276,0.1875,0.2986111111111111,0.15694444444444444,0.14444444444444443,0.2125
792,720,0.01,0.05944759533378297,0.0612501450626568,423,3.830435257946697e-05,0.017248347401618958,570177,8.703438715140026,0.18611111111111112,0.33611111111111114,0.14305555555555555,0.18333333333333332,0.15138888888888888
793,720,0.01,0.8181477299215336,1.2662981511504596,477,4.0035535996215306e-05,0.01775626838207245,570897,8.712898933887482,0.20972222222222223,0.2861111111111111,0.09722222222222222,0.16805555555555557,0.2388888888888889
794,720,0.01,0.3093922394209498,0.36259672985047753,423,3.880418066602134e-05,0.01682344637811184,571617,8.723526283105214,0.19305555555555556,0.3263888888888889,0.14027777777777778,0.15555555555555556,0.18472222222222223
795,720,0.01,1.2963353829042186,2.6558747085127408,485,3.8637700739248734e-05,0.017458442598581314,572337,8.73290555079778,0.23333333333333334,0.28055555555555556,0.1388888888888889,0.1125,0.23472222222222222
796,720,0.01,1.6417508833248136,4.16420351900827,470,4.069600811110124e-05,0.01745922490954399,573057,8.743777016798655,0.24444444444444444,0.3,0.11805555555555555,0.12638888888888888,0.2111111111111111
797,720,0.01,0.2925126159297112,0.33978963914918436,432,4.108336796156841e-05,0.017223525792360306,573777,8.753164768218994,0.18333333333333332,0.29583333333333334,0.0875,0.25277777777777777,0.18055555555555555
798,720,0.01,1.0729582331859389,1.9240166414038997,477,4.1296560430560526e-05,0.017449038103222847,574497,8.764414501190185,0.2111111111111111,0.31805555555555554,0.10972222222222222,0.1625,0.1986111111111111
799,720,0.01,1.2814004627929914,2.6016802143694275,498,4.49056895667531e-05,0.017625700682401657,575217,8.773494231700898,0.22777777777777777,0.30416666666666664,0.15416666666666667,0.10416666666666667,0.20972222222222223
800,720,0.01,0.4862550338216918,0.6262146830750217,477,4.1546177775823405e-05,0.018087904900312424,575937,8.78417051633199,0.18333333333333332,0.3347222222222222,0.13194444444444445,0.13472222222222222,0.2152777777777778
801,720,0.01,0.2278769745021086,0.25593080441499794,418,4.071336769458058e-05,0.017223486676812172,576657,8.802212715148926,0.13333333333333333,0.29305555555555557,0.15416666666666667,0.2222222222222222,0.19722222222222222
802,720,0.01,0.22909343073296276,0.25745951888615903,452,4.318655101971874e-05,0.01774914748966694,577377,8.811854080359142,0.1875,0.3486111111111111,0.14722222222222223,0.16111111111111112,0.15555555555555556
803,720,0.01,0.47727530265182755,0.6116770819586441,470,4.0835425291637266e-05,0.017273185774683952,578097,8.822881750265758,0.20694444444444443,0.31666666666666665,0.10972222222222222,0.15833333333333333,0.20833333333333334
804,720,0.01,0.6750147190994246,0.9640618849792486,490,3.8630017537697214e-05,0.01755615696310997,578817,8.834271347522735,0.20555555555555555,0.3347222222222222,0.1361111111111111,0.12361111111111112,0.2
805,720,0.01,0.9505657647006129,1.587172976474689,452,4.3942174451987944e-05,0.01804606057703495,579537,8.844576183954874,0.175,0.38472222222222224,0.07083333333333333,0.1486111111111111,0.22083333333333333
806,720,0.01,0.22637064633825477,0.2540403846261876,391,4.450460021543121e-05,0.018011411651968956,580257,8.854546332359314,0.27361111111111114,0.36527777777777776,0.11527777777777778,0.10555555555555556,0.14027777777777778
807,720,0.01,0.4798463872507097,0.6158261716270934,446,4.2816324609399695e-05,0.017613505944609642,580977,8.864224298795063,0.18194444444444444,0.32916666666666666,0.125,0.13333333333333333,0.23055555555555557
808,720,0.01,1.212194279551856,2.360851214541996,494,4.0191515398014925e-05,0.01732548326253891,581697,8.874356333414713,0.24444444444444444,0.3,0.10416666666666667,0.1625,0.18888888888888888
809,720,0.01,0.614224866396024,0.8482234240951845,477,4.018598432872346e-05,0.017005395144224167,582417,8.884264580408733,0.23333333333333334,0.3347222222222222,0.11666666666666667,0.14166666666666666,0.1736111111111111
810,720,0.01,0.32649168233051634,0.386096720620666,399,4.2754680324226985e-05,0.01819567009806633,583137,8.89350430170695,0.19583333333333333,0.325,0.14166666666666666,0.15138888888888888,0.18611111111111112
811,720,0.01,0.3090553869038423,0.36213781301020753,387,4.135808895347913e-05,0.018357034772634506,583857,8.911433815956116,0.2388888888888889,0.3388888888888889,0.1111111111111111,0.14444444444444443,0.16666666666666666
812,720,0.01,1.229695812104985,2.420188997946275,461,4.125072113083661e-05,0.017381513491272926,584577,8.922755765914918,0.2569444444444444,0.30972222222222223,0.07222222222222222,0.1361111111111111,0.225
813,720,0.01,0.3230896705628469,0.3813892153004992,398,4.194419844402041e-05,0.01772897318005562,585297,8.932573835055033,0.17083333333333334,0.2972222222222222,0.12916666666666668,0.19444444444444445,0.20833333333333334
814,720,0.01,0.421556994100377,0.5243330865324591,441,4.1668608500660614e-05,0.017800305038690567,586017,8.941631917158762,0.2375,0.32083333333333336,0.125,0.18194444444444444,0.13472222222222222
815,720,0.01,0.5802727012733166,0.7865255521206249,403,4.0972576946134924e-05,0.017890024930238724,586737,8.951952783266703,0.24027777777777778,0.34305555555555556,0.12083333333333333,0.15138888888888888,0.14444444444444443
816,720,0.01,0.515114327986385,0.6738298564557668,460,4.106915371772225e-05,0.018096689134836197,587457,8.96145163377126,0.23333333333333334,0.3625,0.12222222222222222,0.11666666666666667,0.16527777777777777
817,720,0.01,1.1820419990013682,2.2610264213622746,482,4.028413312653356e-05,0.017420705407857895,588177,8.971067865689596,0.21666666666666667,0.2708333333333333,0.1527777777777778,0.12916666666666668,0.23055555555555557
818,720,0.01,0.7568321537431172,1.1315132079232764,482,4.9022548675263046e-05,0.018130023032426834,588897,8.98174264828364,0.21944444444444444,0.23055555555555557,0.1375,0.14166666666666666,0.2708333333333333
819,720,0.01,0.6994746094494518,1.0126949787115107,508,4.496893591926386e-05,0.01845512166619301,589617,8.993449866771698,0.19444444444444445,0.34305555555555556,0.12916666666666668,0.12638888888888888,0.20694444444444443
820,720,0.01,0.3881771735197592,0.4742909664698509,514,4.789053763640065e-05,0.018073033541440964,590337,9.003983346621196,0.2375,0.26944444444444443,0.1597222222222222,0.14166666666666666,0.19166666666666668
821,720,0.01,0.3150830066704034,0.37037305634073636,411,4.6524098662656696e-05,0.01812974363565445,591057,9.02415288289388,0.18611111111111112,0.30833333333333335,0.1388888888888889,0.12777777777777777,0.2388888888888889
822,720,0.01,0.34543524245828694,0.41260461139163307,427,4.386452856755972e-05,0.01887141726911068,591777,9.034281432628632,0.20277777777777778,0.41944444444444445,0.10694444444444444,0.09583333333333334,0.175
823,720,0.01,1.1966217741556622,2.3089197418936775,443,4.7459891813004007e-05,0.019111718982458115,592497,9.044463880856831,0.24722222222222223,0.32222222222222224,0.1597222222222222,0.07222222222222222,0.1986111111111111
824,720,0.01,0.5913318913251372,0.8063927327082301,458,4.514391611741707e-05,0.018095925450325012,593217,9.054637030760448,0.22361111111111112,0.3611111111111111,0.1736111111111111,0.09722222222222222,0.14444444444444443
825,720,0.01,0.3979912213001787,0.4888309598498235,386,4.423840216910927e-05,0.018206149339675903,593937,9.06489573319753,0.2,0.30972222222222223,0.14027777777777778,0.1597222222222222,0.19027777777777777
826,720,0.01,1.4708907351217835,3.3531108834294248,495,4.343807926135115e-05,0.018071535974740982,594657,9.075339317321777,0.2361111111111111,0.28888888888888886,0.11805555555555555,0.16527777777777777,0.19166666666666668
827,720,0.01,1.3327310035725093,2.791383543642896,460,4.439843836255224e-05,0.01741853915154934,595377,9.08592460155487,0.2222222222222222,0.2875,0.1625,0.10416666666666667,0.22361111111111112
828,720,0.01,1.7782662916523955,4.919584683687256,495,4.664980750830081e-05,0.01752868853509426,596097,9.096431068579356,0.2513888888888889,0.2638888888888889,0.14583333333333334,0.13333333333333333,0.20555555555555555
829,720,0.01,0.33004174909438033,0.39102620133569,474,4.9462646975623806e-05,0.018636776134371758,596817,9.107938067118328,0.18333333333333332,0.2777777777777778,0.15138888888888888,0.18888888888888888,0.1986111111111111
830,720,0.01,0.926105894602333,1.5246587235497668,464,4.836141173806633e-05,0.017888007685542107,597537,9.118244298299153,0.2111111111111111,0.2833333333333333,0.11388888888888889,0.20833333333333334,0.18333333333333332
831,720,0.01,1.1828171065353412,2.263555047361897,482,4.693137975916923e-05,0.018311776220798492,598257,9.138403717676798,0.23194444444444445,0.30694444444444446,0.1111111111111111,0.12222222222222222,0.22777777777777777
832,720,0.01,0.3999593117876363,0.4917639991960283,458,4.5597584494316835e-05,0.01808989606797695,598977,9.148387718200684,0.2375,0.3333333333333333,0.11666666666666667,0.1486111111111111,0.1638888888888889
833,720,0.01,0.012851039047232117,0.012933968512031102,373,4.7436452142493284e-05,0.018131934106349945,599697,9.157782332102459,0.16805555555555557,0.25972222222222224,0.18611111111111112,0.1527777777777778,0.23333333333333334
834,720,0.01,0.3520505295358326,0.4219803739115431,488,4.320524049161476e-05,0.01778348535299301,600417,9.16726256608963,0.2722222222222222,0.3236111111111111,0.11527777777777778,0.12361111111111112,0.16527777777777777
835,720,0.01,1.2422670902795032,2.463456539578454,487,4.516182102255091e-05,0.018525686115026474,601137,9.177190752824147,0.24583333333333332,0.3236111111111111,0.11805555555555555,0.125,0.1875
836,720,0.01,0.7689260279675975,1.1574479703404448,436,4.1148351229165e-05,0.018695957958698273,601857,9.188322468598683,0.2611111111111111,0.3333333333333333,0.12083333333333333,0.11527777777777778,0.16944444444444445
837,720,0.01,1.9026806889484675,5.703841289831934,507,4.1534604040154794e-05,0.01846316084265709,602577,9.200072415669759,0.2777777777777778,0.2791666666666667,0.10972222222222222,0.12777777777777777,0.20555555555555555
838,720,0.01,0.42853385920972087,0.5350053390010954,455,4.300364771678586e-05,0.01846121810376644,603297,9.210835282007853,0.25833333333333336,0.30972222222222223,0.12916666666666668,0.14583333333333334,0.15694444444444444
839,720,0.01,0.5746558150467944,0.7765189705770752,469,4.240929280664811e-05,0.0187331922352314,604017,9.219832150141398,0.18888888888888888,0.3458333333333333,0.11388888888888889,0.1361111111111111,0.2152777777777778
840,720,0.01,0.2328093738528894,0.2621408593446317,397,4.132756703130427e-05,0.018456600606441498,604737,9.229731214046478,0.2847222222222222,0.30833333333333335,0.09583333333333334,0.1486111111111111,0.1625
841,720,0.01,0.6332931155263594,0.8838039599774026,452,4.2240935867236357e-05,0.018135614693164825,605457,9.247781999905904,0.2875,0.2833333333333333,0.07777777777777778,0.15694444444444444,0.19444444444444445
842,720,0.01,1.1399011123566425,2.1264591817186655,501,4.6292247685010404e-05,0.018184078857302666,606177,9.257543313503266,0.29305555555555557,0.22361111111111112,0.10972222222222222,0.1486111111111111,0.225
843,720,0.01,0.4205698668446594,0.522829118222131,453,4.566381097548502e-05,0.01827581599354744,606897,9.267940751711528,0.3111111111111111,0.3347222222222222,0.08333333333333333,0.11527777777777778,0.15555555555555556
844,720,0.01,1.5402107178375262,3.6655732869288276,479,4.308501930204835e-05,0.01839151233434677,607617,9.279671200116475,0.2708333333333333,0.30833333333333335,0.09861111111111111,0.15,0.17222222222222222
845,720,0.01,0.5330366829392165,0.7040992686140826,425,4.6910250258254864e-05,0.018342282623052597,608337,9.289354081948598,0.23472222222222222,0.3,0.09305555555555556,0.15416666666666667,0.21805555555555556
846,720,0.01,0.6841514564759472,0.982089232774715,479,4.356023991552623e-05,0.018275538459420204,609057,9.301029483477274,0.26666666666666666,0.30833333333333335,0.11666666666666667,0.13055555555555556,0.17777777777777778
847,720,0.01,0.6156895608259496,0.8509324901423647,417,4.663308293528543e-05,0.018304649740457535,609777,9.312614715099334,0.2111111111111111,0.3277777777777778,0.12083333333333333,0.13055555555555556,0.20972222222222223
848,720,0.01,0.35006282262165134,0.4191567009373207,441,4.550113139379795e-05,0.018345646560192108,610497,9.323348999023438,0.2361111111111111,0.3486111111111111,0.10833333333333334,0.16805555555555557,0.1388888888888889
849,720,0.01,1.12051626420663,2.066436886322845,462,4.46095487935357e-05,0.018629929050803185,611217,9.334003047148387,0.2916666666666667,0.25,0.10833333333333334,0.14722222222222223,0.20277777777777778
850,720,0.01,1.185105687731462,2.2710325112036944,468,4.7666343064318226e-05,0.01881370134651661,611937,9.343982962767283,0.22361111111111112,0.2972222222222222,0.13055555555555556,0.15138888888888888,0.19722222222222222
851,720,0.01,1.2003720829317461,2.3213525114313787,515,4.653781449835353e-05,0.018726971000432968,612657,9.363326052824656,0.2611111111111111,0.27361111111111114,0.14444444444444443,0.12777777777777777,0.19305555555555556
852,720,0.01,0.38937070965888304,0.4760516365205747,414,4.656007032129613e-05,0.018425708636641502,613377,9.374831366539002,0.19305555555555556,0.375,0.08888888888888889,0.18472222222222223,0.15833333333333333
853,720,0.01,1.3749051318258256,2.954701529810374,482,4.5415125898923886e-05,0.019106408581137657,614097,9.385585435231526,0.24444444444444444,0.3055555555555556,0.11388888888888889,0.1111111111111111,0.225
854,720,0.01,0.32015264194579013,0.3773379878415646,421,4.726778627425827e-05,0.019684765487909317,614817,9.395946164925894,0.24444444444444444,0.3236111111111111,0.08888888888888889,0.19027777777777777,0.1527777777777778
855,720,0.01,0.2673700691633607,0.30652386106887275,437,4.756435811259507e-05,0.019849015399813652,615537,9.407566916942596,0.22777777777777777,0.3638888888888889,0.09166666666666666,0.15416666666666667,0.1625
856,720,0.01,0.9449114847066685,1.5725856553360829,442,4.986937912387172e-05,0.019615856930613518,616257,9.41831491390864,0.28055555555555556,0.29583333333333334,0.11944444444444445,0.1125,0.19166666666666668
857,720,0.01,1.456877086953715,3.2925333664371017,502,4.707893774341048e-05,0.020023172721266747,616977,9.428270900249482,0.2875,0.30694444444444446,0.1,0.1125,0.19305555555555556
858,720,0.01,1.6638946800342143,4.2798341172345395,507,4.6243058284289874e-05,0.019547749310731888,617697,9.438041150569916,0.27361111111111114,0.2722222222222222,0.08888888888888889,0.16805555555555557,0.19722222222222222
859,720,0.01,0.2950871066394404,0.34324335900540337,429,4.433583781696547e-05,0.019280575215816498,618417,9.447930852572123,0.24722222222222223,0.2972222222222222,0.10694444444444444,0.16666666666666666,0.18194444444444444
860,720,0.01,0.4970358210399245,0.6438414017739111,450,4.69272018323055e-05,0.019062938168644905,619137,9.45928089618683,0.21944444444444444,0.37083333333333335,0.10138888888888889,0.125,0.18333333333333332
861,720,0.01,0.1443838400252872,0.15532748435758337,404,4.753897452474121e-05,0.019160881638526917,619857,9.479916250705719,0.22083333333333333,0.29305555555555557,0.11944444444444445,0.15694444444444444,0.20972222222222223
862,720,0.01,1.0052254877894045,1.7325233540145124,507,4.501641751504495e-05,0.01942799612879753,620577,9.48941433429718,0.2777777777777778,0.2763888888888889,0.1111111111111111,0.14305555555555555,0.19166666666666668
863,720,0.01,0.5891547125887366,0.8024641710033134,439,4.7876951706863714e-05,0.01965200901031494,621297,9.499184600512187,0.20277777777777778,0.34305555555555556,0.09583333333333334,0.1736111111111111,0.18472222222222223
864,720,0.01,0.7324298069930668,1.08012878360873,499,4.4894850619433174e-05,0.019900880753993988,622017,9.510456101099651,0.28194444444444444,0.25277777777777777,0.12222222222222222,0.1486111111111111,0.19444444444444445
865,720,0.01,0.6537156947267915,0.9226716337137035,478,4.7116054079449693e-05,0.01933060772716999,622737,9.520910465717316,0.20277777777777778,0.2847222222222222,0.14722222222222223,0.18611111111111112,0.17916666666666667
866,720,0.01,0.8182384109306945,1.2665036706720931,504,4.652657368827325e-05,0.019445359706878662,623457,9.530285966396331,0.23055555555555557,0.2611111111111111,0.14444444444444443,0.15555555555555556,0.20833333333333334
867,720,0.01,0.18456157003992354,0.20269102873995237,458,4.6250080308456946e-05,0.0195901021361351,624177,9.540702962875367,0.25555555555555554,0.28194444444444444,0.10972222222222222,0.22361111111111112,0.12916666666666668
868,720,0.01,0.31070041324035885,0.36438040964611096,458,4.6435550854716386e-05,0.02009967528283596,624897,9.55148373444875,0.20555555555555555,0.30416666666666664,0.10138888888888889,0.18194444444444444,0.20694444444444443
869,720,0.01,1.1879516630428215,2.2803550485364,479,4.890909059188036e-05,0.020800728350877762,625617,9.562130383650462,0.2611111111111111,0.2833333333333333,0.1,0.1388888888888889,0.21666666666666667
870,720,0.01,0.9215087560811366,1.5130791545135374,476,4.737774172554054e-05,0.02022162452340126,626337,9.57177400191625,0.2013888888888889,0.23055555555555557,0.11527777777777778,0.2513888888888889,0.2013888888888889
871,720,0.01,0.46426101726763896,0.5908381524806556,414,4.509246306775417e-05,0.02019333839416504,627057,9.591983664035798,0.2388888888888889,0.31527777777777777,0.13333333333333333,0.14444444444444443,0.16805555555555557
872,720,0.01,1.079493303779964,1.9431878710140147,439,4.788398279945088e-05,0.020599786192178726,627777,9.601808500289916,0.2638888888888889,0.275,0.09166666666666666,0.17222222222222222,0.19722222222222222
873,720,0.01,1.1535147686950507,2.1693127576609372,502,5.043233043630203e-05,0.020643724128603935,628497,9.61254406372706,0.29305555555555557,0.25972222222222224,0.09722222222222222,0.16805555555555557,0.18194444444444444
874,720,0.01,1.6269704739751374,4.088435795367277,475,5.025563813079417e-05,0.020542073994874954,629217,9.622912764549255,0.2791666666666667,0.2638888888888889,0.13055555555555556,0.14305555555555555,0.18333333333333332
875,720,0.01,0.302953395244071,0.3538513670594581,424,4.510373743945214e-05,0.020363137125968933,629937,9.63434735139211,0.19722222222222222,0.30972222222222223,0.18333333333333332,0.11527777777777778,0.19444444444444445
876,720,0.01,0.07227721944099214,0.07495330071533335,446,5.1119291518059776e-05,0.02052082121372223,630657,9.645563598473867,0.22361111111111112,0.29305555555555557,0.1125,0.2,0.17083333333333334
877,720,0.01,0.3722537253600415,0.45100109036595515,470,4.830479470506867e-05,0.020452138036489487,631377,9.656190832455954,0.24722222222222223,0.32222222222222224,0.12361111111111112,0.12361111111111112,0.18333333333333332
878,720,0.01,0.2922514323179019,0.33943975374632473,392,4.9411126656195845e-05,0.020394224673509598,632097,9.666726199785868,0.22083333333333333,0.31527777777777777,0.11388888888888889,0.1,0.25
879,720,0.01,0.33787795279027777,0.40196938651162206,452,4.6657462985422174e-05,0.020346779376268387,632817,9.676070034503937,0.24444444444444444,0.3333333333333333,0.15,0.09027777777777778,0.18194444444444444
880,720,0.01,1.0023736194443122,1.7247416586185098,477,4.6859025901034735e-05,0.020169785246253014,633537,9.68685214916865,0.24166666666666667,0.2902777777777778,0.10694444444444444,0.14166666666666666,0.21944444444444444
881,720,0.01,0.25257312404914584,0.2873336277605747,385,4.79748828221697e-05,0.019875524565577507,634257,9.705583214759827,0.30833333333333335,0.30694444444444446,0.09583333333333334,0.11388888888888889,0.175
882,720,0.01,0.702170536776916,1.0181283788415714,472,4.823851321841883e-05,0.01961924135684967,634977,9.71572076479594,0.24305555555555555,0.30277777777777776,0.1111111111111111,0.1763888888888889,0.16666666666666666
883,720,0.01,0.6179133617868043,0.8550531756864923,457,4.502317213008509e-05,0.019055232405662537,635697,9.726713716983795,0.15,0.34444444444444444,0.09861111111111111,0.19583333333333333,0.2111111111111111
884,720,0.01,1.0870525776915883,1.9655205373298212,491,4.4344535519434835e-05,0.019414491951465607,636417,9.736527252197266,0.21805555555555556,0.30416666666666664,0.10833333333333334,0.10416666666666667,0.2652777777777778
885,720,0.01,1.0191040751227907,1.7707113024495102,521,4.555900144017263e-05,0.01989153027534485,637137,9.746823513507843,0.19583333333333333,0.32083333333333336,0.09305555555555556,0.14027777777777778,0.25
886,720,0.01,0.9085917712928483,1.4808265012596284,495,4.974323677010438e-05,0.01887785829603672,637857,9.756556149323782,0.23055555555555557,0.3194444444444444,0.13194444444444445,0.13055555555555556,0.1875
887,720,0.01,0.4398559671295596,0.5524835937387442,460,5.079646642419296e-05,0.018448766320943832,638577,9.766318718592325,0.29305555555555557,0.3125,0.06805555555555555,0.15694444444444444,0.16944444444444445
888,720,0.01,0.6782105312833869,0.9703486982678631,460,4.833647432304942e-05,0.019558805972337723,639297,9.776047782103221,0.3111111111111111,0.37083333333333335,0.09027777777777778,0.08611111111111111,0.14166666666666666
889,720,0.01,0.4862538186174752,0.6262127068932821,464,4.876435728723057e-05,0.01969909481704235,640017,9.785950450102488,0.19305555555555556,0.3388888888888889,0.11805555555555555,0.15555555555555556,0.19444444444444445
890,720,0.01,0.11867346667993914,0.1260021810218226,352,4.4375285839729864e-05,0.019890259951353073,640737,9.797324832280477,0.19027777777777777,0.4597222222222222,0.1,0.0875,0.1625
891,720,0.01,0.8218681059212876,1.274745336008933,433,4.495648694400087e-05,0.019804999232292175,641457,9.818580567836761,0.18194444444444444,0.3958333333333333,0.13333333333333333,0.15138888888888888,0.1375
892,720,0.01,0.4347999462836505,0.5446540142635696,415,4.462512351387381e-05,0.019387539476156235,642177,9.828722250461578,0.20833333333333334,0.3541666666666667,0.11666666666666667,0.12916666666666668,0.19166666666666668
893,720,0.01,0.7355352099143112,1.086598461889623,455,4.259001599267422e-05,0.019466154277324677,642897,9.839333430926006,0.275,0.32083333333333336,0.11805555555555555,0.10833333333333334,0.17777777777777778
894,720,0.01,-0.05914316494020901,-0.057428183740648286,354,4.5669832147470715e-05,0.019673414528369904,643617,9.850475764274597,0.2611111111111111,0.3402777777777778,0.14722222222222223,0.10277777777777777,0.1486111111111111
895,720,0.01,1.4979384263623872,3.4724592555390705,478,4.419097027974001e-05,0.019734222441911697,644337,9.86088863213857,0.3138888888888889,0.28888888888888886,0.09583333333333334,0.10555555555555556,0.19583333333333333
896,720,0.01,1.3409759492753444,2.8227725174752454,475,4.3995440434072305e-05,0.019159719347953796,645057,9.87125281492869,0.23333333333333334,0.25277777777777777,0.16805555555555557,0.12638888888888888,0.21944444444444444
897,720,0.01,0.441579646417736,0.5551618851491089,491,4.212993218415149e-05,0.018569499254226685,645777,9.88138788541158,0.25,0.3402777777777778,0.10694444444444444,0.14583333333333334,0.15694444444444444
898,720,0.01,1.2161310844923523,2.3741083083819348,512,4.2958986930191005e-05,0.01904400996863842,646497,9.89227908452352,0.2986111111111111,0.3013888888888889,0.10555555555555556,0.10694444444444444,0.1875
899,720,0.01,0.27595582109250066,0.3177896442344741,370,4.5579175952702324e-05,0.01866821199655533,647217,9.902743017673492,0.22916666666666666,0.3819444444444444,0.08194444444444444,0.12222222222222222,0.18472222222222223
900,720,0.01,2.1538100324814025,7.617629376123615,502,4.578335504750915e-05,0.018047532066702843,647937,9.914023498694101,0.27361111111111114,0.2652777777777778,0.09166666666666666,0.14027777777777778,0.22916666666666666
901,720,0.01,1.4964107105289495,3.4656318252345475,477,4.530508081820194e-05,0.018335584551095963,648657,9.933466748396556,0.275,0.27361111111111114,0.08472222222222223,0.14722222222222223,0.21944444444444444
902,720,0.01,0.2476881371191846,0.28106035471784785,376,4.471094332782539e-05,0.018156785517930984,649377,9.943533869584401,0.22083333333333333,0.3236111111111111,0.15,0.14722222222222223,0.15833333333333333
903,720,0.01,1.2679944346512704,2.5537181964544042,464,4.5646214458530364e-05,0.017804838716983795,650097,9.954055480162303,0.26805555555555555,0.2638888888888889,0.1361111111111111,0.15,0.18194444444444444
904,720,0.01,0.8125592911850343,1.2536684059224252,503,4.694493532926774e-05,0.01831481046974659,650817,9.96561865011851,0.21666666666666667,0.33055555555555555,0.08055555555555556,0.18611111111111112,0.18611111111111112
905,720,0.01,0.6697779440402684,0.9538034187691944,449,4.616400128725218e-05,0.017331315204501152,651537,9.97837128241857,0.18888888888888888,0.40694444444444444,0.13333333333333333,0.1111111111111111,0.1597222222222222
906,720,0.01,0.5034606333641813,0.6544367744651927,459,4.546926616184363e-05,0.017767272889614105,652257,9.987898182868957,0.21944444444444444,0.3680555555555556,0.1,0.15138888888888888,0.16111111111111112
907,720,0.01,0.15629272867843608,0.16916840212291473,442,4.446774410098442e-05,0.018430784344673157,652977,9.996981298923492,0.34305555555555556,0.32222222222222224,0.10277777777777777,0.08055555555555556,0.15138888888888888
908,720,0.01,0.762221394070216,1.143031454282152,461,4.296582704152267e-05,0.0180533267557621,653697,10.008067333698273,0.20972222222222223,0.30416666666666664,0.1,0.15138888888888888,0.23472222222222222
909,720,0.01,0.7897390056991215,1.2028214273850866,482,4.5786191329474e-05,0.018441954627633095,654417,10.01873596906662,0.24583333333333332,0.29583333333333334,0.1125,0.16527777777777777,0.18055555555555555
910,720,0.01,1.0861934161187377,1.96297377023952,456,4.37609014764146e-05,0.01828993856906891,655137,10.029219249884287,0.2125,0.37916666666666665,0.1,0.11666666666666667,0.19166666666666668
911,720,0.01,0.04885354441592822,0.0500665513678209,396,4.435396712728511e-05,0.018095657229423523,655857,10.048572830359142,0.1875,0.30833333333333335,0.10972222222222222,0.19444444444444445,0.2
912,720,0.01,0.4021232992533312,0.4949956531602884,417,4.570218353465963e-05,0.018730424344539642,656577,10.059092847506205,0.2,0.3277777777777778,0.14583333333333334,0.18055555555555555,0.14583333333333334
913,720,0.01,0.6328477228964239,0.8829651143990729,460,4.32748228503341e-05,0.01880834996700287,657297,10.070013697942098,0.24166666666666667,0.2763888888888889,0.1388888888888889,0.16527777777777777,0.17777777777777778
914,720,0.01,1.0661493381505822,1.9041749456794577,486,4.389285910519902e-05,0.018878374248743057,658017,10.080736517906189,0.25277777777777777,0.3375,0.08055555555555556,0.1111111111111111,0.21805555555555556
915,720,0.01,0.4943252940679074,0.6393917584800461,465,4.474378591794448e-05,0.01914755254983902,658737,10.0911230802536,0.23055555555555557,0.3263888888888889,0.10833333333333334,0.14444444444444443,0.19027777777777777
916,720,0.01,1.1119503934050894,2.040282362192763,503,4.488102240808682e-05,0.018483396619558334,659457,10.102717101573944,0.21805555555555556,0.3416666666666667,0.11666666666666667,0.10555555555555556,0.21805555555555556
917,720,0.01,0.25663977897293777,0.2925794285979244,391,4.3564506495386016e-05,0.018618697300553322,660177,10.113988983631135,0.24305555555555555,0.30277777777777776,0.17916666666666667,0.11666666666666667,0.15833333333333333
918,720,0.01,0.29890717087918683,0.3483844483201959,466,4.526488950205021e-05,0.018848875537514687,660897,10.124193632602692,0.2263888888888889,0.29444444444444445,0.16111111111111112,0.14583333333333334,0.17222222222222222
919,720,0.01,0.37412413135530614,0.45371759119227506,441,4.4490750450323604e-05,0.019003044813871384,661617,10.134840766588846,0.27361111111111114,0.28055555555555556,0.13333333333333333,0.1527777777777778,0.1597222222222222
920,720,0.01,1.348462904445826,2.851500853627066,479,4.4926316498579884e-05,0.019050300121307373,662337,10.14498421351115,0.22916666666666666,0.22083333333333333,0.14027777777777778,0.17777777777777778,0.23194444444444445
921,720,0.01,0.34302775548528963,0.40920787463208885,461,4.2102731946316556e-05,0.01885921321809292,663057,10.165174412727357,0.22083333333333333,0.3375,0.12361111111111112,0.12361111111111112,0.19444444444444445
922,720,0.01,1.2617092103600287,2.531452326813469,501,4.188600763528585e-05,0.018366001546382904,663777,10.174960732460022,0.24305555555555555,0.3347222222222222,0.1,0.13055555555555556,0.19166666666666668
923,720,0.01,1.1902851350232817,2.2880186029955176,488,4.2202566612559166e-05,0.018325382843613625,664497,10.184990402062734,0.21666666666666667,0.30972222222222223,0.10416666666666667,0.14166666666666666,0.22777777777777777
924,720,0.01,0.6253265651414279,0.8688561610677255,454,4.103063767817932e-05,0.018085647374391556,665217,10.19715984662374,0.175,0.3597222222222222,0.18194444444444444,0.12083333333333333,0.1625
925,720,0.01,0.6221835023568647,0.8629914502234222,451,4.3684890408712816e-05,0.0173160582780838,665937,10.210286116600036,0.2375,0.35555555555555557,0.10138888888888889,0.09583333333333334,0.20972222222222223
926,720,0.01,0.5861148465135342,0.796993240978376,448,3.9880523895084884e-05,0.01767662912607193,666657,10.220709248383839,0.22916666666666666,0.32916666666666666,0.17777777777777778,0.13333333333333333,0.13055555555555556
927,720,0.01,1.0955411485681565,1.9908007130801835,486,4.279639132012865e-05,0.018118850886821747,667377,10.230632332960765,0.2652777777777778,0.2972222222222222,0.1125,0.09166666666666666,0.23333333333333334
928,720,0.01,0.0017347254533869282,0.001736230960006857,386,4.056049322621725e-05,0.018151603639125824,668097,10.241783515612285,0.21666666666666667,0.2833333333333333,0.1625,0.09583333333333334,0.24166666666666667
929,720,0.01,0.5300506929754782,0.6990184347353903,461,4.1134966083215355e-05,0.0178486667573452,668817,10.251162346204122,0.21944444444444444,0.3138888888888889,0.1625,0.15416666666666667,0.15
930,720,0.01,2.0738022450661107,6.955012594973429,496,4.066409304262682e-05,0.018278969451785088,669537,10.262708830833436,0.29305555555555557,0.25277777777777777,0.1,0.1388888888888889,0.2152777777777778
931,720,0.01,0.9213788808073181,1.5127527888640908,487,4.262271153013191e-05,0.018353968858718872,670257,10.28382131656011,0.2625,0.28888888888888886,0.1111111111111111,0.13472222222222222,0.20277777777777778
932,720,0.01,0.4487803115136637,0.566400499242387,444,4.206571496878395e-05,0.019091123715043068,670977,10.295645197232565,0.2875,0.2875,0.15,0.15694444444444444,0.11805555555555555
933,720,0.01,0.8976105315342736,1.4537329831205401,476,4.283073455755786e-05,0.017853809520602226,671697,10.305657080809276,0.24027777777777778,0.24722222222222223,0.17916666666666667,0.14444444444444443,0.18888888888888888
934,720,0.01,0.2313795348522468,0.26033749069029555,493,4.2594567827968096e-05,0.018834862858057022,672417,10.316853213310242,0.23055555555555557,0.31805555555555554,0.10416666666666667,0.1388888888888889,0.20833333333333334
935,720,0.01,0.6262144323701131,0.8705161940436585,493,4.123013628461397e-05,0.018324922770261765,673137,10.327177917957306,0.18194444444444444,0.33611111111111114,0.12083333333333333,0.1527777777777778,0.20833333333333334
936,720,0.01,1.749112654688862,4.749498621168181,453,3.9428609276607555e-05,0.01826237142086029,673857,10.337198499838511,0.22361111111111112,0.28194444444444444,0.15833333333333333,0.14305555555555555,0.19305555555555556
937,720,0.01,0.9663693292844927,1.628384317022471,488,3.985062442350479e-05,0.018358608707785606,674577,10.347036067644755,0.25277777777777777,0.28194444444444444,0.10972222222222222,0.11944444444444445,0.2361111111111111
938,720,0.01,1.3427943842569317,2.8297303049724873,464,4.356946654979765e-05,0.018389184027910233,675297,10.356518797079723,0.2222222222222222,0.2833333333333333,0.175,0.125,0.19444444444444445
939,720,0.01,0.7987851534291122,1.222838879347004,430,4.4691401104854676e-05,0.01879899948835373,676017,10.366090635458628,0.26666666666666666,0.2625,0.12222222222222222,0.18333333333333332,0.16527777777777777
940,720,0.01,0.19506929321577282,0.21539520221390496,368,4.271152890093314e-05,0.01880909502506256,676737,10.377674949169158,0.21805555555555556,0.25555555555555554,0.24444444444444444,0.12361111111111112,0.15833333333333333
941,720,0.01,0.23365797309383116,0.2632123656952714,405,4.343355877836075e-05,0.018921203911304474,677457,10.39602715174357,0.17083333333333334,0.24444444444444444,0.14305555555555555,0.15,0.2916666666666667
942,720,0.01,1.0003807372982032,1.719316976785454,485,4.257265880925034e-05,0.018708661198616028,678177,10.406759750843047,0.2,0.3541666666666667,0.11527777777777778,0.11527777777777778,0.2152777777777778
943,720,0.01,0.9666827929266284,1.6292083490887208,509,4.376978063570884e-05,0.017716985195875168,678897,10.416747017701466,0.18194444444444444,0.31805555555555554,0.16666666666666666,0.1375,0.19583333333333333
944,720,0.01,0.26041968655438813,0.29747450501966655,470,4.431181635785227e-05,0.01900959201157093,679617,10.427465681234995,0.20694444444444443,0.2861111111111111,0.2152777777777778,0.1,0.19166666666666668
945,720,0.01,1.254957077680762,2.507687813015288,513,4.4669822947677555e-05,0.018712928518652916,680337,10.438822348912558,0.2833333333333333,0.28055555555555556,0.1361111111111111,0.13333333333333333,0.16666666666666666
946,720,0.01,0.9442447053849843,1.5708708801696845,497,4.402687612810041e-05,0.01867828331887722,681057,10.448483264446258,0.24027777777777778,0.2875,0.13472222222222222,0.14027777777777778,0.19722222222222222
947,720,0.01,0.8859605648608682,1.4253129433339433,499,4.7212404258011196e-05,0.01901273801922798,681777,10.460238718986512,0.21666666666666667,0.3277777777777778,0.15416666666666667,0.1125,0.18888888888888888
948,720,0.01,0.47728090114673627,0.6116861049498423,445,4.27001495432301e-05,0.018765080720186234,682497,10.469898513952892,0.2222222222222222,0.2777777777777778,0.15,0.13472222222222222,0.2152777777777778
949,720,0.01,0.6557671096137919,0.9266198792861775,486,4.327285416947133e-05,0.01877921260893345,683217,10.479482146104177,0.2611111111111111,0.3263888888888889,0.11805555555555555,0.08472222222222223,0.20972222222222223
950,720,0.01,0.188306673856694,0.20720367639459947,468,4.0804246332805226e-05,0.01881546899676323,683937,10.489676129817962,0.24027777777777778,0.2625,0.20555555555555555,0.10972222222222222,0.18194444444444444
951,720,0.01,0.3196466475731845,0.37664123886093326,471,4.526217908152022e-05,0.019356796517968178,684657,10.509207880496978,0.2625,0.34444444444444444,0.10416666666666667,0.1375,0.15138888888888888
952,720,0.01,1.2065471021735972,2.3419253806583757,487,4.428447158615099e-05,0.019287724047899246,685377,10.520237815380096,0.2611111111111111,0.275,0.1111111111111111,0.1527777777777778,0.2
953,720,0.01,0.4357531525926595,0.5461270901762947,433,4.588706460203361e-05,0.019021181389689445,686097,10.530670201778412,0.23194444444444445,0.2777777777777778,0.1875,0.17916666666666667,0.12361111111111112
954,720,0.01,0.1047501291225425,0.11043311079186768,474,4.4620723789042437e-05,0.019434284418821335,686817,10.540807449817658,0.28055555555555556,0.3236111111111111,0.11666666666666667,0.14722222222222223,0.13194444444444445
955,720,0.01,1.3941063716901827,3.0313704157528534,506,4.415240793428489e-05,0.01868162676692009,687537,10.550168248017629,0.25,0.2986111111111111,0.08472222222222223,0.12222222222222222,0.24444444444444444
956,720,0.01,0.3419694491737555,0.40771728993082057,497,4.3409425643403665e-05,0.0189651045948267,688257,10.560722529888153,0.24583333333333332,0.3638888888888889,0.1125,0.11388888888888889,0.1638888888888889
957,720,0.01,0.1259599345153806,0.13423672362864525,446,4.3313218352775744e-05,0.018105655908584595,688977,10.570365234216053,0.2263888888888889,0.24722222222222223,0.1527777777777778,0.20694444444444443,0.16666666666666666
958,720,0.01,0.20805790411324318,0.2312844639197631,419,4.228649782160371e-05,0.017982665449380875,689697,10.581263732910156,0.2111111111111111,0.24583333333333332,0.21666666666666667,0.13333333333333333,0.19305555555555556
959,720,0.01,0.7337414691526777,1.082858999990635,500,4.2882715884691906e-05,0.01739373616874218,690417,10.59180048306783,0.2833333333333333,0.2847222222222222,0.13333333333333333,0.13055555555555556,0.16805555555555557
960,720,0.01,1.2002074356817227,2.3208057048903408,488,4.187109446876194e-05,0.017686843872070312,691137,10.602214535077414,0.2569444444444444,0.3,0.08888888888888889,0.14166666666666666,0.2125
961,720,0.01,1.0876954250440019,1.96742752724181,482,4.223144014253598e-05,0.01805318333208561,691857,10.623334447542826,0.2111111111111111,0.37083333333333335,0.10277777777777777,0.12083333333333333,0.19444444444444445
962,720,0.01,0.5264450933059709,0.6929034850835465,462,4.322590274846839e-05,0.018862096592783928,692577,10.634556150436401,0.2513888888888889,0.32222222222222224,0.17916666666666667,0.1111111111111111,0.1361111111111111
963,720,0.01,0.04887940763058738,0.050093709815646426,371,4.397850631347764e-05,0.01877710223197937,693297,10.644326865673065,0.3111111111111111,0.2972222222222222,0.16805555555555557,0.09027777777777778,0.13333333333333333
964,720,0.01,0.41490107508911434,0.5142209391111519,422,4.2857425489728486e-05,0.01814497634768486,694017,10.655191047986348,0.24305555555555555,0.3486111111111111,0.19583333333333333,0.10138888888888889,0.1111111111111111
965,720,0.01,0.41734326985092096,0.5179234808806632,476,4.211961849402238e-05,0.01841558702290058,694737,10.666031567255656,0.24583333333333332,0.3402777777777778,0.13472222222222222,0.11388888888888889,0.16527777777777777
966,720,0.01,1.2702752839107843,2.5618329427098896,501,4.3369891213589856e-05,0.01770339347422123,695457,10.676610418160756,0.275,0.3055555555555556,0.1,0.12361111111111112,0.19583333333333333
967,720,0.01,1.385808860945751,2.9980584706479965,507,4.595909990333287e-05,0.018472542986273766,696177,10.686585831642152,0.28194444444444444,0.2791666666666667,0.12777777777777777,0.13194444444444445,0.17916666666666667
968,720,0.01,0.605627084498508,0.8324009188903023,477,4.4437126760183474e-05,0.018380215391516685,696897,10.696960484981537,0.25416666666666665,0.29305555555555557,0.1763888888888889,0.13194444444444445,0.14444444444444443
969,720,0.01,1.4808406492752146,3.3966401601845515,473,4.364903690859339e-05,0.018065020442008972,697617,10.707600684960683,0.23333333333333334,0.2833333333333333,0.11388888888888889,0.15833333333333333,0.2111111111111111
970,720,0.01,0.5542790392687952,0.7406855663360534,441,4.3867878898456386e-05,0.017997991293668747,698337,10.717275047302246,0.19166666666666668,0.37083333333333335,0.20416666666666666,0.08888888888888889,0.14444444444444443
971,720,0.01,1.466311399666645,3.333222101878225,508,4.3803721723634226e-05,0.01817023754119873,699057,10.736702533562978,0.2263888888888889,0.29583333333333334,0.11944444444444445,0.12361111111111112,0.23472222222222222
972,720,0.01,0.05257416366216903,0.05398072625054562,444,4.4310597852220076e-05,0.018306879326701164,699777,10.748586897055308,0.3236111111111111,0.34444444444444444,0.14583333333333334,0.08611111111111111,0.1
973,720,0.01,0.7096816560412114,1.0333438528716523,476,4.533639266178903e-05,0.018252292647957802,700497,10.758501879374187,0.25416666666666665,0.2847222222222222,0.17777777777777778,0.1527777777777778,0.13055555555555556
974,720,0.01,0.5281329589232957,0.6957632914749678,479,4.358143784707459e-05,0.018610699102282524,701217,10.76903655131658,0.3111111111111111,0.32222222222222224,0.11666666666666667,0.1,0.15
975,720,0.01,1.011976367242216,1.7510326966539909,489,4.212693365970053e-05,0.018411578610539436,701937,10.77937654654185,0.25416666666666665,0.2986111111111111,0.09861111111111111,0.17083333333333334,0.17777777777777778
976,720,0.01,1.2324470768215459,2.4296117996273936,471,4.280624129301537e-05,0.017716558650135994,702657,10.789818183581035,0.26944444444444443,0.325,0.10833333333333334,0.11666666666666667,0.18055555555555555
977,720,0.01,0.7528706193312169,1.1230858486589406,449,4.1843926391670216e-05,0.018126029521226883,703377,10.80017746289571,0.2263888888888889,0.325,0.1763888888888889,0.14027777777777778,0.13194444444444445
978,720,0.01,0.48202145228316434,0.6193445235665744,433,4.1726271659728e-05,0.01761472597718239,704097,10.810166517893473,0.2388888888888889,0.4097222222222222,0.10833333333333334,0.09861111111111111,0.14444444444444443
979,720,0.01,0.46218638157211145,0.5875411640711841,428,4.2181539671067486e-05,0.017778988927602768,704817,10.82031766573588,0.2722222222222222,0.31666666666666665,0.14027777777777778,0.12361111111111112,0.14722222222222223
980,720,0.01,0.3232834275543054,0.3816568950504622,446,4.494506965657921e-05,0.018289562314748764,705537,10.831814948717753,0.22916666666666666,0.3625,0.11527777777777778,0.1597222222222222,0.13333333333333333
981,720,0.01,0.45184766742429544,0.5712125834867388,415,4.29003643173726e-05,0.017970016226172447,706257,10.851490565141042,0.24583333333333332,0.2986111111111111,0.18888888888888888,0.12916666666666668,0.1375
982,720,0.01,0.17464146063998767,0.1908191845147189,423,4.1698116384244106e-05,0.017857730388641357,706977,10.863873330752055,0.19305555555555556,0.3236111111111111,0.2152777777777778,0.09305555555555556,0.175
983,720,0.01,0.495117805671467,0.6406915104376429,476,4.076195124930059e-05,0.017832081764936447,707697,10.874802617232005,0.24722222222222223,0.4013888888888889,0.11666666666666667,0.09583333333333334,0.1388888888888889
984,720,0.01,0.8695089214505236,1.3857389805689824,451,4.012956680349412e-05,0.017716865986585617,708417,10.885090180238087,0.2375,0.3402777777777778,0.17083333333333334,0.09444444444444444,0.15694444444444444
985,720,0.01,0.710078221523627,1.0341503667648029,457,4.306695052744342e-05,0.018002931028604507,709137,10.895429134368896,0.2375,0.3263888888888889,0.12361111111111112,0.16805555555555557,0.14444444444444443
986,720,0.01,0.49186095029085525,0.635356707520315,444,4.395712525011833e-05,0.017642442137002945,709857,10.90602931578954,0.23055555555555557,0.3541666666666667,0.10833333333333334,0.13194444444444445,0.175
987,720,0.01,1.051693851237114,1.8624956557495143,516,4.1128194139774775e-05,0.017877165228128433,710577,10.916231469313304,0.25555555555555554,0.3472222222222222,0.11666666666666667,0.10277777777777777,0.17777777777777778
988,720,0.01,1.0989645657644715,2.00105701745968,495,4.357306596097664e-05,0.017354721203446388,711297,10.927185463905335,0.2625,0.3194444444444444,0.10833333333333334,0.10138888888888889,0.20833333333333334
989,720,0.01,0.29708268450066067,0.3459265821147264,445,4.1136903174295485e-05,0.017941290512681007,712017,10.937075746059417,0.2375,0.2763888888888889,0.1875,0.1486111111111111,0.15
990,720,0.01,0.1505192143033147,0.16243764031796193,389,4.282518000182891e-05,0.018267402425408363,712737,10.9470263838768,0.1763888888888889,0.26805555555555555,0.22916666666666666,0.1986111111111111,0.12777777777777777
991,720,0.01,1.2588009289458624,2.5211967898686707,484,4.311172773188648e-05,0.017891017720103264,713457,10.96520988146464,0.22916666666666666,0.3611111111111111,0.12222222222222222,0.10555555555555556,0.18194444444444444
992,720,0.01,0.5030175113833288,0.6537038195707048,452,4.126334446128668e-05,0.0177730955183506,714177,10.976981135209401,0.21944444444444444,0.37222222222222223,0.11666666666666667,0.1388888888888889,0.1527777777777778
993,720,0.01,0.29632288501673926,0.3449043361923796,462,3.978084482317475e-05,0.016754968091845512,714897,10.987741851806641,0.22361111111111112,0.40555555555555556,0.10972222222222222,0.125,0.1361111111111111
994,720,0.01,0.6479394325127619,0.9115977917035507,423,4.219535388124819e-05,0.016906559467315674,715617,10.998245565096537,0.18194444444444444,0.41944444444444445,0.17777777777777778,0.08472222222222223,0.1361111111111111
995,720,0.01,0.6879241652095714,0.9895812017561261,439,4.205866993440092e-05,0.017480231821537018,716337,11.008899982770284,0.23055555555555557,0.2902777777777778,0.15833333333333333,0.18472222222222223,0.1361111111111111
996,720,0.01,1.21469468535523,2.3692652212550054,474,4.2593008354035397e-05,0.01826866902410984,717057,11.01859200000763,0.23194444444444445,0.4013888888888889,0.13055555555555556,0.07083333333333333,0.16527777777777777
997,720,0.01,0.5440858519807263,0.7230325554189463,427,4.383601503074412e-05,0.018156828358769417,717777,11.029424464702606,0.2125,0.3958333333333333,0.14583333333333334,0.1111111111111111,0.13472222222222222
998,720,0.01,0.4653934819987892,0.5926407410726651,418,4.352517976763516e-05,0.017954058945178986,718497,11.039224100112914,0.18333333333333332,0.3888888888888889,0.2125,0.11666666666666667,0.09861111111111111
999,720,0.01,0.6258605839218141,0.8698544318795329,472,4.263792919800835e-05,0.017701085656881332,719217,11.050349648793539,0.21805555555555556,0.35833333333333334,0.14583333333333334,0.125,0.1527777777777778
1000,720,0.01,0.5446928521921497,0.7240787540336417,437,4.415955894753804e-05,0.018304921686649323,719937,11.061256317297618,0.19444444444444445,0.4513888888888889,0.1388888888888889,0.06805555555555555,0.14722222222222223
1001,720,0.01,0.27338638494247136,0.3144080141861507,403,4.3389393043627126e-05,0.018582753837108612,720657,11.081246034304302,0.24722222222222223,0.3625,0.10555555555555556,0.18611111111111112,0.09861111111111111
1002,720,0.01,1.339564827039271,2.8173819224611503,499,4.503191674732281e-05,0.017439190298318863,721377,11.091215618451436,0.23194444444444445,0.38333333333333336,0.08888888888888889,0.11666666666666667,0.17916666666666667
1003,720,0.01,0.8748600893116869,1.3985396891514408,445,4.262957498895048e-05,0.0178123340010643,722097,11.102504515647889,0.25,0.33611111111111114,0.1597222222222222,0.11805555555555555,0.1361111111111111
1004,720,0.01,0.33523896249291574,0.3982744804583942,336,4.2375715357441855e-05,0.0185625609010458,722817,11.1129651983579,0.10833333333333334,0.275,0.24583333333333332,0.27361111111111114,0.09722222222222222
1005,720,0.01,0.23860143703867245,0.26947247103366356,375,4.092821327377452e-05,0.017493240535259247,723537,11.124366315205892,0.1875,0.3263888888888889,0.20833333333333334,0.20277777777777778,0.075
1006,720,0.01,0.6073911762163263,0.8356362950861651,415,3.9081521903325564e-05,0.017024578526616096,724257,11.13474144935608,0.20416666666666666,0.3736111111111111,0.15694444444444444,0.1375,0.12777777777777777
1007,720,0.01,0.5487307866001837,0.7310545453723472,422,4.330947361950166e-05,0.017509102821350098,724977,11.14439461628596,0.2125,0.3902777777777778,0.15555555555555556,0.14027777777777778,0.10138888888888889
1008,720,0.01,0.3032566546081879,0.35426199742474274,372,4.098371795432993e-05,0.017563769593834877,725697,11.155341851711274,0.225,0.28194444444444444,0.2361111111111111,0.17083333333333334,0.08611111111111111
1009,720,0.01,0.3526662411190741,0.42285617329114267,405,3.9688716297961134e-05,0.018225405365228653,726417,11.166048196951548,0.19027777777777777,0.4013888888888889,0.10694444444444444,0.19027777777777777,0.1111111111111111
1010,720,0.01,0.8883898428079395,1.431211864740784,506,4.1426180727436684e-05,0.017889617010951042,727137,11.17628136475881,0.25972222222222224,0.2986111111111111,0.1111111111111111,0.12916666666666668,0.2013888888888889
1011,720,0.01,1.2476471668901428,2.482140416375879,423,4.1095424123543325e-05,0.01699511706829071,727857,11.19466054836909,0.2222222222222222,0.36666666666666664,0.12083333333333333,0.13194444444444445,0.15833333333333333
1012,720,0.01,0.507496319619463,0.661127053068596,365,4.054265067705071e-05,0.01767795719206333,728577,11.204814596970875,0.1875,0.31666666666666665,0.17916666666666667,0.21805555555555556,0.09861111111111111
1013,720,0.01,0.1527555241188048,0.165040119913632,353,3.828921222495612e-05,0.017458558082580566,729297,11.214450999101002,0.14166666666666666,0.26666666666666666,0.25833333333333336,0.22361111111111112,0.10972222222222222
