episode,steps,epsilon,train_reward,train_portfolio_return,train_position_changes,mean_loss,mean_max_q,updates,minutes,action_share_-1,action_share_0,action_share_0.5,action_share_1,action_share_2
1,720,1.0,-0.0723761623977993,-0.06981906909584201,585,0.0001686548967069525,0.1233140230178833,657,0.013637165228525797,0.18611111111111112,0.18472222222222223,0.21666666666666667,0.19444444444444445,0.21805555555555556
2,720,0.9909,0.07916190545425547,0.08237955103755779,569,3.2628342950778866e-05,0.09593675285577774,1377,0.02584948142369588,0.2111111111111111,0.20555555555555555,0.19166666666666668,0.2013888888888889,0.19027777777777777
3,720,0.98188281,-0.12672259078565457,-0.11902196987473213,563,2.2469994383477064e-05,0.07449126988649368,2097,0.039356565475463866,0.2,0.18472222222222223,0.18333333333333332,0.20833333333333334,0.22361111111111112
4,720,0.972947676429,-0.21725896563355587,-0.19527845290620793,582,1.97686626955197e-05,0.059373218566179276,2817,0.051473065217336016,0.18472222222222223,0.2263888888888889,0.1763888888888889,0.20277777777777778,0.20972222222222223
5,720,0.9640938525734961,-0.027061497407192776,-0.02669861582772204,577,2.0528556739110272e-05,0.04864628240466118,3537,0.06142471631368001,0.2152777777777778,0.20694444444444443,0.20972222222222223,0.18055555555555555,0.1875
6,720,0.9553205985150773,-0.12096560970386955,-0.11393556891291245,547,2.657437364253686e-05,0.042990900576114655,4257,0.07228835026423136,0.17222222222222222,0.2013888888888889,0.23472222222222222,0.2,0.19166666666666668
7,720,0.9466271810685901,-0.26594816941446303,-0.23352114648072309,589,2.565774829703413e-05,0.04184461385011673,4977,0.08430611689885457,0.2222222222222222,0.17916666666666667,0.1986111111111111,0.20694444444444443,0.19305555555555556
8,720,0.938012873720866,-0.046562820152143546,-0.045495403437460946,567,2.5591870402447765e-05,0.03483714163303375,5697,0.09706670045852661,0.17777777777777778,0.19583333333333333,0.18472222222222223,0.2152777777777778,0.2263888888888889
9,720,0.9294769565700061,-0.317251414092909,-0.27185233447381807,584,2.3892413323917733e-05,0.03128085657954216,6417,0.10885634819666544,0.18194444444444444,0.2111111111111111,0.19166666666666668,0.19166666666666668,0.22361111111111112
10,720,0.921018716265219,-0.12116281045236084,-0.11411028425437153,582,2.402362748057385e-05,0.028326669707894325,7137,0.12340588172276815,0.19722222222222222,0.2013888888888889,0.1986111111111111,0.19305555555555556,0.20972222222222223
11,720,0.9126374459472055,-0.23528082910894216,-0.20965113450725836,576,2.4068670334524238e-05,0.02512342296540737,7857,0.1464130997657776,0.19444444444444445,0.19583333333333333,0.19027777777777777,0.20694444444444443,0.2125
12,720,0.904332445189086,-0.19639313933836267,-0.17831086715169786,577,2.5237749877583662e-05,0.02481495402753353,8577,0.1591188629468282,0.21944444444444444,0.18888888888888888,0.1875,0.21666666666666667,0.1875
13,720,0.8961030199378652,0.06260395374155772,0.0646051228515987,558,2.783420989595066e-05,0.022999662905931473,9297,0.17116278012593586,0.24166666666666667,0.18055555555555555,0.16805555555555557,0.1875,0.2222222222222222
14,720,0.8879484824564307,-0.18372820253729671,-0.16783804740077946,558,2.712832307515277e-05,0.022261757403612137,10017,0.18306276798248292,0.20555555555555555,0.17916666666666667,0.16527777777777777,0.225,0.225
15,720,0.8798681512660771,-0.2410485028984633,-0.21419648828392446,561,2.785850537318563e-05,0.021364834159612656,10737,0.1950455625851949,0.20555555555555555,0.1736111111111111,0.20694444444444443,0.1875,0.2263888888888889
16,720,0.8718613510895558,0.009935367035449606,0.009984886657183445,576,2.8429181978455947e-05,0.018017347902059555,11457,0.20580523014068602,0.18611111111111112,0.19444444444444445,0.20833333333333334,0.21388888888888888,0.19722222222222222
17,720,0.8639274127946408,-0.19868538827853643,-0.18019222610031083,561,3.013922774925959e-05,0.019407935440540314,12177,0.2168189287185669,0.21666666666666667,0.16666666666666666,0.19027777777777777,0.20416666666666666,0.2222222222222222
18,720,0.8560656733382096,-0.14121896824513025,-0.13170083906357966,548,2.844226638798217e-05,0.02056758478283882,12897,0.2314253290494283,0.2513888888888889,0.1625,0.17222222222222222,0.2152777777777778,0.1986111111111111
19,720,0.8482754757108318,-0.07483431087683635,-0.07210278393135605,576,2.9642582633313294e-05,0.01751834899187088,13617,0.24268908103307088,0.20972222222222223,0.18472222222222223,0.17916666666666667,0.24444444444444444,0.18194444444444444
20,720,0.8405561688818632,-0.2320334525698791,-0.2070804023352376,557,2.8755092071403648e-05,0.017026416957378387,14337,0.25408636331558226,0.20555555555555555,0.18472222222222223,0.1986111111111111,0.20972222222222223,0.2013888888888889
21,720,0.8329071077450383,-0.3755954528554006,-0.31311984775269697,550,3.098903432917015e-05,0.01688283495604992,15057,0.27590374946594237,0.2013888888888889,0.1875,0.18055555555555555,0.20833333333333334,0.2222222222222222
22,720,0.8253276530645585,0.06520994362652573,0.0673830911397213,572,3.2106550207799955e-05,0.015393652953207493,15777,0.2871982177098592,0.19583333333333333,0.175,0.1736111111111111,0.22083333333333333,0.23472222222222222
23,720,0.817817171421671,-0.06760728017983869,-0.06537255176322454,553,3.2346192349703214e-05,0.01669011265039444,16497,0.29796064694722496,0.19583333333333333,0.1597222222222222,0.1736111111111111,0.22361111111111112,0.24722222222222223
24,720,0.8103750351617338,-0.3313902078205889,-0.28207502556255837,574,3.1509251430053257e-05,0.017135847359895706,17217,0.3111260135968526,0.2361111111111111,0.2,0.14444444444444443,0.2013888888888889,0.21805555555555556
25,720,0.8030006223417621,-0.15148790627175363,-0.14057172409790708,572,3.123058395683782e-05,0.017705794423818588,17937,0.32291584809621177,0.20277777777777778,0.16805555555555557,0.2111111111111111,0.20972222222222223,0.20833333333333334
26,720,0.795693316678452,-0.148517660280968,-0.1380152158574004,547,3.045906300750782e-05,0.017733043059706688,18657,0.33301918109258016,0.16111111111111112,0.1986111111111111,0.19583333333333333,0.21805555555555556,0.2263888888888889
27,720,0.7884525074966781,-0.2674202179964267,-0.23464861054561637,578,3.268910651033568e-05,0.01678844913840294,19377,0.34487346808115643,0.20555555555555555,0.19444444444444445,0.19166666666666668,0.2013888888888889,0.20694444444444443
28,720,0.7812775896784583,-0.18768191481952304,-0.1711216807853132,565,3.475206842217126e-05,0.017700595781207085,20097,0.35632896423339844,0.2013888888888889,0.18611111111111112,0.17222222222222222,0.19027777777777777,0.25
29,720,0.7741679636123843,-0.006300821693273078,-0.006281013141487435,555,3.549524787634558e-05,0.018402228131890297,20817,0.3671688159306844,0.2,0.17777777777777778,0.2,0.21944444444444444,0.20277777777777778
30,720,0.7671230351435115,0.21341620261007202,0.2378997611527216,551,3.2833595199437895e-05,0.019307292997837067,21537,0.37760091622670494,0.20555555555555555,0.16111111111111112,0.16805555555555557,0.2625,0.20277777777777778
31,720,0.7601422155237056,0.0262867963578617,0.02663534153279934,541,3.606969707006e-05,0.02392571046948433,22257,0.39844042857488,0.22361111111111112,0.16944444444444445,0.2,0.17916666666666667,0.22777777777777777
32,720,0.7532249213624399,-0.10274747908124765,-0.09764519182100373,565,3.341997802408514e-05,0.024056896567344666,22977,0.40911864837010703,0.1736111111111111,0.2111111111111111,0.18611111111111112,0.16666666666666666,0.2625
33,720,0.7463705745780417,0.14757904844471403,0.15902490032442862,564,3.540439914660156e-05,0.02151167020201683,23697,0.4201173981030782,0.19444444444444445,0.1875,0.17222222222222222,0.16527777777777777,0.28055555555555556
34,720,0.7395786023493816,0.15412773469399924,0.166639897651643,545,3.485136371637054e-05,0.021355103701353073,24417,0.4335202177365621,0.25,0.14583333333333334,0.1625,0.22361111111111112,0.21805555555555556
35,720,0.7328484370680022,-0.0759420292661565,-0.07313006366762287,544,3.2472449754550324e-05,0.020934326574206352,25137,0.4450451135635376,0.2125,0.16527777777777777,0.19027777777777777,0.18611111111111112,0.24583333333333332
36,720,0.7261795162906833,0.0011484770152645272,0.0011491367675358077,558,3.588801597263429e-05,0.01874987781047821,25857,0.4556914448738098,0.2361111111111111,0.2125,0.18611111111111112,0.18194444444444444,0.18333333333333332
37,720,0.7195712826924381,-0.2679838897293949,-0.23507989592653256,561,3.470334497453425e-05,0.0185728520154953,26577,0.4658897161483765,0.2569444444444444,0.18055555555555555,0.1638888888888889,0.20555555555555555,0.19305555555555556
38,720,0.7130231840199369,0.03340593007157008,0.0339701736510174,554,3.52905775356602e-05,0.022406522184610367,27297,0.478381864229838,0.16666666666666666,0.18611111111111112,0.17777777777777778,0.24027777777777778,0.22916666666666666
39,720,0.7065346730453554,-0.43820028797832244,-0.35480345519626755,553,3.426111770371184e-05,0.020428795367479324,28017,0.48985138336817424,0.18055555555555555,0.19305555555555556,0.14583333333333334,0.2361111111111111,0.24444444444444444
40,720,0.7001052075206428,-0.13926301233863625,-0.13000082215407271,524,3.509894437140954e-05,0.02002914994955063,28737,0.5018557985623677,0.28888888888888886,0.1361111111111111,0.19305555555555556,0.1763888888888889,0.20555555555555555
41,720,0.6937342501322049,-0.18398979313275898,-0.16805570467169018,557,3.650951611512533e-05,0.019157055765390396,29457,0.5231655796368917,0.16666666666666666,0.18472222222222223,0.20555555555555555,0.21805555555555556,0.225
42,720,0.6874212684560018,0.06098950350001207,0.06288775752730724,560,3.573984041496361e-05,0.02079247310757637,30177,0.534467097123464,0.2125,0.17083333333333334,0.16666666666666666,0.2111111111111111,0.2388888888888889
43,720,0.6811657349130522,-0.05257886833442377,-0.05122051055315058,538,3.4015308030019594e-05,0.019678916782140732,30897,0.5486422459284465,0.25972222222222224,0.1527777777777778,0.15555555555555556,0.19444444444444445,0.2375
44,720,0.6749671267253434,-0.10285514507467837,-0.09774233951800837,535,3.453872200604261e-05,0.019414877519011497,31617,0.5642361164093017,0.22777777777777777,0.1763888888888889,0.1875,0.20694444444444443,0.2013888888888889
45,720,0.6688249258721428,0.12540032962612271,0.13360217677684494,548,3.7356925229738005e-05,0.01765420287847519,32337,0.5773849805196126,0.24305555555555555,0.16944444444444445,0.15555555555555556,0.18888888888888888,0.24305555555555555
46,720,0.6627386190467063,0.13413863944654505,0.1435513499813703,563,3.7272477422650104e-05,0.017533326521515846,33057,0.5887276848157247,0.19305555555555556,0.19444444444444445,0.18055555555555555,0.21388888888888888,0.21805555555555556
47,720,0.6567076976133812,-0.05976775117463153,-0.05801671730792368,540,3.694879446306408e-05,0.014321987517178059,33777,0.599947981039683,0.20833333333333334,0.19166666666666668,0.16111111111111112,0.2111111111111111,0.22777777777777777
48,720,0.6507316575650994,-0.01630331943316725,-0.01617113961899863,543,3.8503734275410454e-05,0.014411095529794693,34497,0.6114855488141377,0.20972222222222223,0.12638888888888888,0.18611111111111112,0.2375,0.24027777777777778
49,720,0.6448099994812571,-0.203059105326961,-0.18377000354095974,536,3.6503834727833843e-05,0.014295428991317749,35217,0.6214401125907898,0.20833333333333334,0.16527777777777777,0.19722222222222222,0.1875,0.24166666666666667
50,720,0.6389422284859776,-0.263526589542347,-0.231662807566697,509,3.456192618942724e-05,0.012799415737390518,35937,0.6325411677360535,0.175,0.14444444444444443,0.19722222222222222,0.27361111111111114,0.20972222222222223
51,720,0.6331278542067552,0.08386433221379669,0.08748134761345305,516,3.6476622723095414e-05,0.01224981714040041,36657,0.6543575326601664,0.2652777777777778,0.175,0.15,0.17916666666666667,0.23055555555555557
52,720,0.6273663907334738,0.23455585605917506,0.26434709190947325,535,3.7259752655119074e-05,0.0121784508228302,37377,0.6680490334828695,0.2013888888888889,0.15,0.18888888888888888,0.19444444444444445,0.2652777777777778
53,720,0.6216573565777992,-0.20774339538362938,-0.1875845204704406,533,3.508613568657084e-05,0.01191258430480957,38097,0.6811175505320232,0.15555555555555556,0.1638888888888889,0.22916666666666666,0.2152777777777778,0.2361111111111111
54,720,0.6160002746329413,-0.24027230532685123,-0.21358631272860795,534,3.832445920011196e-05,0.012251199223101139,38817,0.6973689635594685,0.175,0.20416666666666666,0.15833333333333333,0.19444444444444445,0.26805555555555555
55,720,0.6103946721337815,-0.2892009767604682,-0.2511383135180143,529,3.636534527863154e-05,0.01282888650894165,39537,0.7090134819348654,0.20555555555555555,0.1597222222222222,0.15833333333333333,0.2388888888888889,0.2375
56,720,0.604840080617364,-0.07117153649019226,-0.0686978738728895,526,3.618964988542454e-05,0.010668709874153137,40257,0.7195907473564148,0.1763888888888889,0.2013888888888889,0.18888888888888888,0.20277777777777778,0.23055555555555557
57,720,0.5993360358837461,-0.2644893428873693,-0.23240217079949532,514,3.703353327056094e-05,0.012763377279043198,40977,0.7318411827087402,0.20694444444444443,0.175,0.15833333333333333,0.20277777777777778,0.2569444444444444
58,720,0.5938820779572039,0.2761798873201878,0.31808494947167243,516,3.568047660817481e-05,0.013082416728138924,41697,0.7444568991661071,0.2791666666666667,0.14444444444444443,0.15694444444444444,0.225,0.19444444444444445
59,720,0.5884777510477934,-0.2246606766232391,-0.20121278004495435,514,3.665412257558071e-05,0.012850409373641014,42417,0.756356434027354,0.24305555555555555,0.2013888888888889,0.16111111111111112,0.1875,0.20694444444444443
60,720,0.5831226035132585,-0.047743634712685806,-0.046621831181164475,523,3.678792205240218e-05,0.013175785541534424,43137,0.76749662955602,0.1763888888888889,0.15416666666666667,0.21805555555555556,0.2361111111111111,0.2152777777777778
61,720,0.5778161878212879,-0.13254323841545382,-0.12413493772999296,495,3.520259934046205e-05,0.011986098252236843,43857,0.7919022480646769,0.2222222222222222,0.17083333333333334,0.1875,0.2125,0.20694444444444443
62,720,0.5725580605121141,0.04533840584987834,0.046381901757184485,515,3.601525255968833e-05,0.010258054360747337,44577,0.8038644989331564,0.24444444444444444,0.16944444444444445,0.1736111111111111,0.18888888888888888,0.22361111111111112
63,720,0.5673477821614539,-0.05207783319602061,-0.05074501958144573,502,3.583212907945684e-05,0.008838110603392124,45297,0.8154501954714457,0.21944444444444444,0.14027777777777778,0.22777777777777777,0.22916666666666666,0.18333333333333332
64,720,0.5621849173437846,0.021804014518477834,0.022043459161172896,494,3.625618802642647e-05,0.00979889091104269,46017,0.8285264333089193,0.23055555555555557,0.16527777777777777,0.1638888888888889,0.22361111111111112,0.21666666666666667
65,720,0.5570690345959561,-0.17512872470918844,-0.16065103113704293,505,3.623698179606233e-05,0.010960238054394722,46737,0.8442423820495606,0.15694444444444444,0.13472222222222222,0.17222222222222222,0.20972222222222223,0.3263888888888889
66,720,0.5519997063811329,-0.09818383794711359,-0.0935177573995063,504,3.8254151161254415e-05,0.012097920291125774,47457,0.8599736293156942,0.20555555555555555,0.15138888888888888,0.17916666666666667,0.18888888888888888,0.275
67,720,0.5469765090530646,0.05767126389291395,0.0593666863820419,522,3.543308281513823e-05,0.011804942972958088,48177,0.8747313141822814,0.18888888888888888,0.1388888888888889,0.125,0.24027777777777778,0.30694444444444446
68,720,0.5419990228206817,0.11405945511078627,0.1208187613068179,515,3.6603399504050076e-05,0.010710569098591805,48897,0.8856547673543295,0.22916666666666666,0.12638888888888888,0.13333333333333333,0.23472222222222222,0.2763888888888889
69,720,0.5370668317130135,0.058670485114076756,0.06042575709091169,475,3.673242951233785e-05,0.012091390788555145,49617,0.8973704139391582,0.12638888888888888,0.15833333333333333,0.13055555555555556,0.1763888888888889,0.4083333333333333
70,720,0.5321795235444251,-0.17731166968140868,-0.1624812853496439,512,3.51942448655033e-05,0.011764539405703545,50337,0.9093080838521321,0.17916666666666667,0.16666666666666666,0.17777777777777778,0.2111111111111111,0.2652777777777778
71,720,0.5273366898801708,-0.08871761962464651,-0.08489605551137103,485,3.477423179245105e-05,0.013840442523360252,51057,0.9333492120107015,0.18055555555555555,0.1361111111111111,0.10416666666666667,0.18888888888888888,0.3902777777777778
72,720,0.5225379260022612,-0.015516095062227812,-0.015396340632967132,483,3.718755851435971e-05,0.011076875030994415,51777,0.9447937846183777,0.24166666666666667,0.14722222222222223,0.13194444444444445,0.2222222222222222,0.2569444444444444
73,720,0.5177828308756407,-0.06285406339001448,-0.060919490084291095,477,3.883917789014251e-05,0.011098341085016727,52497,0.9580633799235027,0.16527777777777777,0.11666666666666667,0.15,0.29305555555555557,0.275
74,720,0.5130710071146724,0.06258657730472784,0.06458662396865389,501,3.676384345302116e-05,0.010759040713310242,53217,0.9690235813458761,0.20972222222222223,0.14305555555555555,0.13055555555555556,0.21805555555555556,0.2986111111111111
75,720,0.5084020609499288,0.09169305124127627,0.09602834590268672,506,3.695560155468532e-05,0.010677983984351158,53937,0.9813385327657064,0.28194444444444444,0.11805555555555555,0.14722222222222223,0.24722222222222223,0.20555555555555555
76,720,0.5037756021952844,-0.2918255680060948,-0.2531011923404838,486,3.745989388777262e-05,0.012862308882176876,54657,0.9920829653739929,0.1763888888888889,0.12638888888888888,0.11527777777777778,0.25972222222222224,0.32222222222222224
77,720,0.4991912442153073,-0.06759517678414949,-0.06536123952893813,502,3.8936895355669144e-05,0.011979917995631695,55377,1.0041216969490052,0.3013888888888889,0.14444444444444443,0.17777777777777778,0.18472222222222223,0.19166666666666668
78,720,0.494648603892948,-0.08741928353444413,-0.08370717141539596,486,3.827990224560078e-05,0.011085269972682,56097,1.0154175996780395,0.1736111111111111,0.15833333333333333,0.17083333333333334,0.2569444444444444,0.24027777777777778
79,720,0.4901473015975222,0.0544192847020145,0.055927243491861844,445,3.7185928052470746e-05,0.011803008615970612,56817,1.0283493836720785,0.18333333333333332,0.22361111111111112,0.1388888888888889,0.16805555555555557,0.2861111111111111
80,720,0.4856869611529847,0.28657699358190614,0.33186070867322615,463,3.8701456926067594e-05,0.009317616000771523,57537,1.0410170475641887,0.26805555555555555,0.14583333333333334,0.16805555555555557,0.19027777777777777,0.22777777777777777
81,720,0.48126720980649257,-0.3708802692060707,-0.30987343398599543,459,3.752684832407896e-05,0.010815165005624294,58257,1.0631392161051432,0.1763888888888889,0.13472222222222222,0.1527777777777778,0.2125,0.3236111111111111
82,720,0.4768876781972535,-0.16906499326548002,-0.15554598222170601,491,3.8208235009228194e-05,0.009932959452271461,58977,1.0747350136439004,0.21944444444444444,0.14583333333333334,0.20555555555555555,0.20416666666666666,0.225
83,720,0.47254800032565847,-0.15585563542994565,-0.14431728827847,472,3.863626912258648e-05,0.008909891359508038,59697,1.0864074309666951,0.17222222222222222,0.21805555555555556,0.17083333333333334,0.17222222222222222,0.26666666666666666
84,720,0.46824781352269496,-0.0647263998364212,-0.06267611973507892,478,3.893893358192852e-05,0.009229481220245361,60417,1.0976095477739969,0.15555555555555556,0.12222222222222222,0.16111111111111112,0.2111111111111111,0.35
85,720,0.46398675841963843,-0.0727287142907919,-0.07014694834323765,477,3.777969572714331e-05,0.008795153349637985,61137,1.1097179015477499,0.2,0.14305555555555555,0.12916666666666668,0.16805555555555557,0.3597222222222222
86,720,0.45976447891801975,-0.16891386901725042,-0.15541835509957236,464,3.841563149080685e-05,0.008484169840812683,61857,1.1217352151870728,0.2263888888888889,0.1638888888888889,0.16527777777777777,0.15555555555555556,0.28888888888888886
87,720,0.4555806221598658,0.10325847409241638,0.10877796241863336,476,3.961930342484265e-05,0.008553724735975266,62577,1.1350514014561972,0.12916666666666668,0.20972222222222223,0.15694444444444444,0.20555555555555555,0.2986111111111111
88,720,0.451434838498211,-0.11889254454285293,-0.11209679431916142,458,3.7207014478705484e-05,0.009701467119157314,63297,1.1456384976704916,0.2388888888888889,0.14027777777777778,0.14027777777777778,0.24027777777777778,0.24027777777777778
89,720,0.44732678146787724,-0.08332347024877011,-0.07994651085005988,457,3.640461821482354e-05,0.009843936190009117,64017,1.1571928143501282,0.31805555555555554,0.20555555555555555,0.18194444444444444,0.14583333333333334,0.1486111111111111
90,720,0.4432561077565196,-0.014565925799596842,-0.014460355898418098,461,3.8147325711987735e-05,0.01002407819032669,64737,1.1695491671562195,0.20555555555555555,0.18472222222222223,0.15694444444444444,0.2375,0.2152777777777778
91,720,0.43922247717593527,-0.1389828439525182,-0.12975704174030533,473,3.688500736795201e-05,0.007588951848447323,65457,1.1922483642896016,0.15555555555555556,0.13333333333333333,0.1597222222222222,0.23472222222222222,0.31666666666666665
92,720,0.43522555263363427,-0.14049767010844857,-0.1310743105669594,461,3.668941703520229e-05,0.007026300765573978,66177,1.2044999798138936,0.20555555555555555,0.09166666666666666,0.14305555555555555,0.24166666666666667,0.31805555555555554
93,720,0.43126500010466823,-0.4194420963263636,-0.34258650907635024,435,3.856046964630069e-05,0.00763715011999011,66897,1.2167622288068136,0.20833333333333334,0.1361111111111111,0.17222222222222222,0.21388888888888888,0.26944444444444443
94,720,0.42734048860371576,-0.21169033787517447,-0.19078475791627114,449,3.8004362626351294e-05,0.008000271394848824,67617,1.2288554151852926,0.2902777777777778,0.16527777777777777,0.16944444444444445,0.18055555555555555,0.19444444444444445
95,720,0.42345169015742196,-0.15595016409370907,-0.14439817099888452,516,3.875637585729742e-05,0.008948343805968761,68337,1.2407963792483012,0.3263888888888889,0.1486111111111111,0.12083333333333333,0.19166666666666668,0.2125
96,720,0.41959827977698944,-0.035497919295280254,-0.03487525763248356,483,3.907097901737365e-05,0.008262122049927711,69057,1.2529525319735209,0.23333333333333334,0.10416666666666667,0.08888888888888889,0.2777777777777778,0.29583333333333334
97,720,0.4157799354310188,-0.059103206132940775,-0.05739051894259162,435,3.892394246981389e-05,0.007771331816911697,69777,1.2640352447827656,0.22083333333333333,0.14583333333333334,0.13055555555555556,0.2125,0.2902777777777778
98,720,0.41199633801859653,-0.09082336315450337,-0.0868210022882211,417,3.9420286088898135e-05,0.010516074486076832,70497,1.275886066754659,0.1875,0.14583333333333334,0.12222222222222222,0.1986111111111111,0.3458333333333333
99,720,0.4082471713426273,-0.10008193526919984,-0.09523671702429026,469,3.891040366347119e-05,0.010236960835754871,71217,1.2876459638277689,0.3138888888888889,0.1638888888888889,0.12083333333333333,0.22361111111111112,0.17777777777777778
100,720,0.4045321220834094,0.11290932253895702,0.1195304121704952,427,3.841090311185427e-05,0.008803851902484894,71937,1.2998579819997151,0.11388888888888889,0.18611111111111112,0.2125,0.275,0.2125
101,720,0.4008508797724504,-0.35065648479874595,-0.2957743754827491,464,3.907662019552542e-05,0.007825258187949657,72657,1.3219458301862081,0.30833333333333335,0.19027777777777777,0.15,0.125,0.2263888888888889
102,720,0.3972031367665211,-0.466378058552238,-0.3727299056093707,423,3.8469762492038876e-05,0.008377757854759693,73377,1.335438330968221,0.1388888888888889,0.2125,0.1986111111111111,0.24166666666666667,0.20833333333333334
103,720,0.39358858822194576,0.20196651317964112,0.22380702601914892,425,3.770733634319691e-05,0.007640195079147816,74097,1.3469807664553324,0.1986111111111111,0.16666666666666666,0.16944444444444445,0.25833333333333336,0.20694444444444443
104,720,0.39000693206912607,0.057031481719598244,0.058689139225496234,414,3.890694461890437e-05,0.008010152727365494,74817,1.3596973657608031,0.21805555555555556,0.16527777777777777,0.2111111111111111,0.225,0.18055555555555555
105,720,0.386457868987297,0.02689949320692519,0.02726455050919041,414,3.841248669055454e-05,0.007728506810963154,75537,1.372800095876058,0.19583333333333333,0.13055555555555556,0.12777777777777777,0.19027777777777777,0.35555555555555557
106,720,0.3829411023795126,0.16113974902056516,0.17484914135894547,450,3.929773297133781e-05,0.008159874007105827,76257,1.3847230950991312,0.21944444444444444,0.2375,0.12916666666666668,0.2222222222222222,0.19166666666666668
107,720,0.3794563383478591,-0.3978984460806386,-0.3282697589629854,418,3.859160023390966e-05,0.007718516048043966,76977,1.3975127816200257,0.09583333333333334,0.15833333333333333,0.18888888888888888,0.23055555555555557,0.3263888888888889
108,720,0.37600328566889357,-0.13207681813348668,-0.12372632121457672,448,3.9280638233978806e-05,0.007541144732385874,77697,1.4094165802001952,0.22916666666666666,0.14444444444444443,0.14722222222222223,0.22777777777777777,0.2513888888888889
109,720,0.37258165576930663,-0.23338971362236519,-0.20815507936726962,448,3.834339446105635e-05,0.007668013218790293,78417,1.4216315825780232,0.20972222222222223,0.14027777777777778,0.11388888888888889,0.2638888888888889,0.2722222222222222
110,720,0.36919116270180596,-0.1483002327913562,-0.13782777629318232,431,3.878129683193442e-05,0.008794878609478474,79137,1.4326918125152588,0.22916666666666666,0.1527777777777778,0.10833333333333334,0.3138888888888889,0.19583333333333333
111,720,0.3658315231212195,0.06783334828272022,0.07018694512469348,450,3.8519642446822725e-05,0.008435312658548355,79857,1.4539743145306905,0.225,0.18611111111111112,0.18333333333333332,0.19305555555555556,0.2125
112,720,0.36250245626081645,0.1501322495829213,0.161987904982966,432,3.7741169160199205e-05,0.007471505086869001,80577,1.4659904479980468,0.21388888888888888,0.15416666666666667,0.1375,0.24444444444444444,0.25
113,720,0.359203683908843,0.02065308814146317,0.020867839041443403,387,3.969396622665045e-05,0.006820527371019125,81297,1.4806431492169698,0.22361111111111112,0.10833333333333334,0.18333333333333332,0.2638888888888889,0.22083333333333333
114,720,0.3559349303852725,0.06730722583535281,0.06962404384046605,424,3.740656397768463e-05,0.006148836575448513,82017,1.4928759972254435,0.23194444444444445,0.18888888888888888,0.15694444444444444,0.2652777777777778,0.15694444444444444
115,720,0.3526959225187665,-0.1925111428569256,-0.175114873424553,412,3.890583586022937e-05,0.0057268161326646805,82737,1.5042873978614808,0.1875,0.14027777777777778,0.18611111111111112,0.24027777777777778,0.24583333333333332
116,720,0.34948638962384576,-0.07968361721607753,-0.0765915492878555,431,3.805905607805471e-05,0.005802557338029146,83457,1.5157377481460572,0.2916666666666667,0.11805555555555555,0.10972222222222222,0.225,0.25555555555555554
117,720,0.34630606347826876,-0.02255438094816619,-0.022301932400295765,439,3.8969991646808924e-05,0.006861754693090916,84177,1.5274139285087585,0.4888888888888889,0.1638888888888889,0.10416666666666667,0.1361111111111111,0.10694444444444444
118,720,0.3431546783006165,-0.022317987364235098,-0.022070783530114046,389,3.788511105477078e-05,0.006186989136040211,84897,1.5385407328605651,0.1597222222222222,0.2222222222222222,0.20972222222222223,0.21666666666666667,0.19166666666666668
119,720,0.3400319707280809,0.10150564705278499,0.1068361687365571,404,3.691219577098713e-05,0.0066661410965025425,85617,1.5507780631383261,0.26944444444444443,0.14722222222222223,0.1388888888888889,0.24166666666666667,0.20277777777777778
120,720,0.3369376797944554,-0.16328506201316073,-0.1506509632441836,360,3.767444634250852e-05,0.005166145972907543,86337,1.562947165966034,0.2222222222222222,0.1875,0.20694444444444443,0.18888888888888888,0.19444444444444445
121,720,0.3338715469083258,-0.097641511395537,-0.09302601468029703,431,3.596227933510616e-05,0.00555855967104435,87057,1.5867240150769553,0.24583333333333332,0.18888888888888888,0.15138888888888888,0.16944444444444445,0.24444444444444444
122,720,0.3308333158314601,0.1227648227603159,0.13061849394218417,428,3.713936218837767e-05,0.0052962033078074455,87777,1.5987179636955262,0.23472222222222222,0.14027777777777778,0.18611111111111112,0.23333333333333334,0.20555555555555555
123,720,0.3278227326573938,-0.029605271516769414,-0.029171328345190317,397,3.764455455868503e-05,0.005397996865212917,88497,1.6101978818575542,0.15694444444444444,0.15833333333333333,0.18888888888888888,0.23194444444444445,0.2638888888888889
124,720,0.3248395457902115,-0.08184048138370727,-0.07858106955351818,369,3.6622863144152184e-05,0.005525696091353893,89217,1.6237385789553325,0.15416666666666667,0.1638888888888889,0.30694444444444446,0.21388888888888888,0.16111111111111112
125,720,0.3218835059235206,-0.07012851533103324,-0.06772599929500267,407,3.599603865167309e-05,0.0060943132266402245,89937,1.6355990807215373,0.1986111111111111,0.17916666666666667,0.2375,0.21666666666666667,0.16805555555555557
126,720,0.3189543660196166,-0.04029064197586943,-0.03948976601233234,402,3.6786900777012005e-05,0.006076259538531303,90657,1.6484314640363058,0.21388888888888888,0.1875,0.21944444444444444,0.23472222222222222,0.14444444444444443
127,720,0.31605188128883804,-0.18915672654051624,-0.1723432192547314,387,3.623065934890393e-05,0.006073721218854189,91377,1.6606854478518167,0.30416666666666664,0.18055555555555555,0.1388888888888889,0.20416666666666666,0.17222222222222222
128,720,0.31317580916910964,-0.048903725253292014,-0.047727194891471036,364,3.5279607361518276e-05,0.007071467116475105,92097,1.6734500010808309,0.11944444444444445,0.09027777777777778,0.08333333333333333,0.2916666666666667,0.4152777777777778
129,720,0.3103259093056707,0.13268903317954828,0.14189485170302185,351,3.523896757668707e-05,0.007320511620491743,92817,1.684788413842519,0.09861111111111111,0.19722222222222222,0.16527777777777777,0.2652777777777778,0.27361111111111114
130,720,0.30750194353098914,0.02445322933957186,0.02475466153406214,387,3.4069334211355654e-05,0.006796876899898052,93537,1.6966098467508952,0.21666666666666667,0.1625,0.17916666666666667,0.26944444444444443,0.17222222222222222
131,720,0.30470367584485714,0.09554965741117699,0.10026345691229532,385,3.4287084608624555e-05,0.006521701812744141,94257,1.7187414487202963,0.22777777777777777,0.1763888888888889,0.20277777777777778,0.20694444444444443,0.18611111111111112
132,720,0.3019308723946689,0.011350188158988632,0.011414845939046625,405,3.5134181028853264e-05,0.0062355357222259045,94977,1.7311408162117004,0.13333333333333333,0.25,0.1375,0.24861111111111112,0.23055555555555557
133,720,0.29918330145587746,0.0627752181225113,0.06478746740304131,399,3.5591767289765306e-05,0.005972635932266712,95697,1.7471595644950866,0.14305555555555555,0.2777777777777778,0.21805555555555556,0.16111111111111112,0.2
134,720,0.29646073341262896,-0.10143959305432253,-0.09646424247082219,401,3.614814981523927e-05,0.005775279365479946,96417,1.7626816789309183,0.2222222222222222,0.1361111111111111,0.14583333333333334,0.18333333333333332,0.3125
135,720,0.29376294073857406,-0.011427640759777175,-0.011362593288603118,340,3.4902985582145145e-05,0.0052390568889677525,97137,1.7771454811096192,0.16527777777777777,0.17777777777777778,0.27361111111111114,0.18055555555555555,0.20277777777777778
136,720,0.29108969797785306,-0.1052512419947456,-0.09990164832970239,346,3.50576290688625e-05,0.004969148896634579,97857,1.7910511493682861,0.19027777777777777,0.1986111111111111,0.14444444444444443,0.15555555555555556,0.3111111111111111
137,720,0.2884407817262546,0.03604926167675501,0.03670691515399249,312,3.565744912066293e-05,0.005590284243226051,98577,1.804378914833069,0.16111111111111112,0.17916666666666667,0.15833333333333333,0.18333333333333332,0.31805555555555554
138,720,0.28581597061254566,-0.20200487090883812,-0.1829090520429757,345,3.580063055955583e-05,0.005583781749010086,99297,1.818902564048767,0.09027777777777778,0.16805555555555557,0.1361111111111111,0.24166666666666667,0.3638888888888889
139,720,0.2832150452799715,0.09638913701570398,0.10118749344462419,351,3.446816284748719e-05,0.005344108212739229,100017,1.832019611199697,0.15138888888888888,0.1638888888888889,0.12916666666666668,0.2125,0.34305555555555556
140,720,0.28063778836792375,-0.17208186323414223,-0.15808975114847346,332,3.3408180039234344e-05,0.004797855392098427,100737,1.8443591634432475,0.13333333333333333,0.19444444444444445,0.16666666666666666,0.30416666666666664,0.2013888888888889
141,720,0.27808398449377564,-0.05731680317964181,-0.05570513364138696,349,3.425225559744326e-05,0.004348169080913067,101457,1.8686932802200318,0.19305555555555556,0.1875,0.20694444444444443,0.1875,0.225
142,720,0.2755534202348823,-0.37631821562242823,-0.31361611978707393,364,3.400416501146234e-05,0.004455287475138903,102177,1.882982365290324,0.225,0.22916666666666666,0.19166666666666668,0.15694444444444444,0.19722222222222222
143,720,0.2730458841107448,0.03066173680034898,0.031136649305242514,364,3.381171690395806e-05,0.004029787611216307,102897,1.8962538162867228,0.1875,0.2152777777777778,0.2791666666666667,0.1625,0.15555555555555556
144,720,0.270561166565337,-0.07691760218653455,-0.07403385195085299,335,3.199491265364587e-05,0.004304008558392525,103617,1.9101067145665487,0.12638888888888888,0.21666666666666667,0.3055555555555556,0.1763888888888889,0.175
145,720,0.26809905994959243,-0.014248335941187231,-0.014147308794729696,366,3.368986854310505e-05,0.003634252119809389,104337,1.9225235819816588,0.10416666666666667,0.13333333333333333,0.2569444444444444,0.22083333333333333,0.2847222222222222
146,720,0.26565935850405115,-0.1978072176351345,-0.17947197877629728,362,3.525273762205769e-05,0.0036206822842359543,105057,1.9348464806874592,0.18472222222222223,0.18333333333333332,0.15,0.16666666666666666,0.31527777777777777
147,720,0.2632418583416643,-0.22757526890857965,-0.20353752961957794,323,3.3307580054042774e-05,0.00405013607814908,105777,1.9475440820058187,0.14722222222222223,0.175,0.19027777777777777,0.1527777777777778,0.3347222222222222
148,720,0.2608463574307552,-0.36415617629074964,-0.3052173223122413,380,3.469876676578881e-05,0.0038410238921642303,106497,1.9614491184552512,0.14444444444444443,0.21388888888888888,0.22083333333333333,0.20833333333333334,0.2125
149,720,0.2584726555781353,-0.3746705589765618,-0.31248426262529905,315,3.390030339889765e-05,0.0032760794274508953,107217,1.975002113978068,0.19305555555555556,0.24305555555555555,0.1986111111111111,0.2263888888888889,0.1388888888888889
150,720,0.2561205544123743,-0.0768566919757798,-0.07397744943989737,304,3.540498070151443e-05,0.003211455186828971,107937,1.989182416598002,0.18333333333333332,0.19444444444444445,0.15555555555555556,0.16805555555555557,0.2986111111111111
151,720,0.2537898573672217,0.1786862318963149,0.19564552987523443,314,3.3884581468631345e-05,0.0033194103743880987,108657,2.017255381743113,0.16805555555555557,0.14444444444444443,0.25972222222222224,0.1763888888888889,0.2513888888888889
152,720,0.25148036966518,-0.014197634808807664,-0.014097323679786222,327,3.5238806024532705e-05,0.004072310868650675,109377,2.0324630459149677,0.18333333333333332,0.225,0.22916666666666666,0.22361111111111112,0.1388888888888889
153,720,0.24919189830122687,-0.0923079290038761,-0.0881756708464484,340,3.351750196745545e-05,0.0038695428520441055,110097,2.0451537489891054,0.09583333333333334,0.14583333333333334,0.13472222222222222,0.2013888888888889,0.4222222222222222
154,720,0.24692425202668572,-0.0533142660082313,-0.05191798429093075,356,3.522163921161336e-05,0.0035350527614355087,110817,2.059075129032135,0.10694444444444444,0.20833333333333334,0.18472222222222223,0.2847222222222222,0.2152777777777778
155,720,0.24467724133324287,0.0195092080657425,0.01970075628903034,321,3.419839048698729e-05,0.0037777447141706944,111537,2.076319448153178,0.18194444444444444,0.14722222222222223,0.1597222222222222,0.37222222222222223,0.1388888888888889
156,720,0.24245067843711035,-0.0410280831642964,-0.04019782471286604,303,3.431055981637756e-05,0.0035833315923810005,112257,2.0916272163391114,0.09444444444444444,0.23055555555555557,0.21388888888888888,0.32083333333333336,0.14027777777777778
157,720,0.24024437726333264,-0.020920325914495705,-0.020703013946926085,275,3.397021140787931e-05,0.003013795707374811,112977,2.1054272651672363,0.09305555555555556,0.1388888888888889,0.11388888888888889,0.25833333333333336,0.3958333333333333
158,720,0.2380581534302363,0.003856880459777669,0.0038643277946337484,305,3.4209530381051284e-05,0.002478210488334298,113697,2.1192598660786945,0.19305555555555556,0.2708333333333333,0.2722222222222222,0.17777777777777778,0.08611111111111111
159,720,0.23589182423402116,-0.2570299676500512,-0.22665496191527967,299,3.559258277997894e-05,0.0033201035112142563,114417,2.1319429953893025,0.1597222222222222,0.19305555555555556,0.15555555555555556,0.22916666666666666,0.2625
160,720,0.23374520863349157,-0.003978315452171012,-0.003970412438951243,252,3.406752836162418e-05,0.0032646507024765015,115137,2.1450441002845766,0.15416666666666667,0.18472222222222223,0.175,0.23472222222222222,0.2513888888888889
161,720,0.2316181272349268,-0.04780628318901388,-0.04668155699991983,280,3.443664723540173e-05,0.0038132972549647093,115857,2.1698222160339355,0.1111111111111111,0.15138888888888888,0.21666666666666667,0.2625,0.25833333333333336
162,720,0.22951040227708897,-0.025890998296120037,-0.025558700417903868,280,3.4927380592838135e-05,0.0024788561277091503,116577,2.1828184485435487,0.19166666666666668,0.14722222222222223,0.1388888888888889,0.17083333333333334,0.35138888888888886
163,720,0.22742185761636746,0.06815293411801408,0.07052901637112319,284,3.299544252273436e-05,0.002367781475186348,117297,2.1981866478919985,0.14722222222222223,0.22916666666666666,0.17222222222222222,0.2708333333333333,0.18055555555555555
164,720,0.22535231871205852,-0.1456783135827661,-0.13556426430265178,321,3.1800825490790884e-05,0.002687990665435791,118017,2.212357715765635,0.05277777777777778,0.2125,0.19166666666666668,0.30694444444444446,0.2361111111111111
165,720,0.22330161261177878,0.1811074971992221,0.1985440124929594,285,3.284950379717581e-05,0.0034812605008482933,118737,2.226748816172282,0.07222222222222222,0.18333333333333332,0.1486111111111111,0.3013888888888889,0.29444444444444445
166,720,0.22126956793701158,-0.22503076174095557,-0.20150834461188472,262,3.378172472518296e-05,0.002963077975437045,119457,2.2409648180007933,0.1638888888888889,0.20972222222222223,0.14166666666666666,0.3111111111111111,0.1736111111111111
167,720,0.21925601486878477,0.14962398789376452,0.16139746111031483,303,3.216515570759131e-05,0.002436338923871517,120177,2.2542608181635537,0.28194444444444444,0.11944444444444445,0.14166666666666666,0.23333333333333334,0.22361111111111112
168,720,0.21726078513347882,0.0065999945801077375,0.006621822539383926,263,3.23817671332765e-05,0.002573976293206215,120897,2.2683369159698485,0.05416666666666667,0.15555555555555556,0.22361111111111112,0.2388888888888889,0.3277777777777778
169,720,0.21528371198876417,-0.2128192468679981,-0.19169777282785316,248,3.2613280630913426e-05,0.0020771855488419533,121617,2.2831560810407003,0.25416666666666665,0.19305555555555556,0.23055555555555557,0.14722222222222223,0.175
170,720,0.2133246302096664,-0.07196252314332678,-0.06943423016230121,325,3.362780601479345e-05,0.003037870628759265,122337,2.296967347462972,0.12083333333333333,0.20555555555555555,0.16111111111111112,0.26666666666666666,0.24583333333333332
171,720,0.21138337607475843,0.11565289187786569,0.12260613878862947,273,3.2137088903204535e-05,0.0039821164682507515,123057,2.321333412329356,0.10833333333333334,0.15833333333333333,0.09444444444444444,0.25,0.3888888888888889
172,720,0.20945978735247814,0.1575720969525868,0.17066515632949897,304,3.262052982411963e-05,0.0031282256823033094,123777,2.334767198562622,0.12916666666666668,0.17083333333333334,0.2013888888888889,0.2111111111111111,0.2875
173,720,0.20755370328757058,-0.04270281136558656,-0.041803887248987426,275,3.203735938654973e-05,0.003290381282567978,124497,2.3481055974960325,0.16527777777777777,0.2375,0.19583333333333333,0.19305555555555556,0.20833333333333334
174,720,0.20566496458765368,-0.32826598806799084,-0.2798285627821031,269,3.308928727960847e-05,0.003570751752704382,125217,2.3619699994723002,0.07777777777777778,0.1597222222222222,0.24305555555555555,0.24444444444444444,0.275
175,720,0.20379341340990603,-0.015163546521110603,-0.01504915885365865,263,3.392603761969642e-05,0.0041334377601742744,125937,2.3774001479148863,0.08194444444444444,0.20833333333333334,0.14166666666666666,0.2902777777777778,0.2777777777777778
176,720,0.20193889334787588,-0.0075601762957667375,-0.007531670045615169,312,3.230345952766179e-05,0.0037794378586113453,126657,2.389665651321411,0.2625,0.19305555555555556,0.20694444444444443,0.17916666666666667,0.15833333333333333
177,720,0.2001012494184102,0.4721201259523252,0.6033899809067891,317,3.111371264215753e-05,0.004225493408739567,127377,2.4034350673357645,0.11388888888888889,0.12916666666666668,0.14166666666666666,0.2222222222222222,0.39305555555555555
178,720,0.19828032804870266,-0.2605935347673566,-0.2294059243325185,263,3.3264446642533585e-05,0.0038318221922963858,128097,2.4177804509798686,0.05416666666666667,0.1361111111111111,0.2111111111111111,0.3486111111111111,0.25
179,720,0.19647597706345946,-0.008026623745765021,-0.00799449641684602,290,3.2436569603709766e-05,0.003706087591126561,128817,2.4315652807553607,0.15694444444444444,0.15555555555555556,0.18888888888888888,0.23055555555555557,0.26805555555555555
180,720,0.19468804567218198,-0.3170371846301007,-0.27169632708049385,256,3.2927807710494664e-05,0.003248344175517559,129537,2.4453764001528424,0.25555555555555554,0.17222222222222222,0.2263888888888889,0.1875,0.15833333333333333
181,720,0.19291638445656512,-0.03925758353362921,-0.03849699009677121,300,3.1865429845841695e-05,0.002662086859345436,130257,2.4704333464304606,0.13194444444444445,0.1527777777777778,0.22777777777777777,0.23055555555555557,0.2569444444444444
182,720,0.19116084535801037,-0.059309178121836295,-0.05758465009868097,292,3.324713226662526e-05,0.0030396562069654465,130977,2.4868602474530537,0.10972222222222222,0.13055555555555556,0.10833333333333334,0.275,0.3763888888888889
183,720,0.18942128166525246,0.49802699431556297,0.6454715411825873,239,3.423884213968146e-05,0.0033828439190983772,131697,2.501051664352417,0.21944444444444444,0.1486111111111111,0.09583333333333334,0.26944444444444443,0.26666666666666666
184,720,0.18769754800209867,0.021725709932084343,0.021963431604131944,286,3.414118309718914e-05,0.003112348262220621,132417,2.5140279173851012,0.08055555555555556,0.14722222222222223,0.13194444444444445,0.39861111111111114,0.24166666666666667
185,720,0.18598950031527958,0.016050799398295464,0.016180305443026954,274,3.3834605345519874e-05,0.003854563692584634,133137,2.529043400287628,0.09583333333333334,0.16805555555555557,0.12777777777777777,0.275,0.3333333333333333
186,720,0.18429699586241055,0.10418583125642371,0.10980667252249598,272,3.481383835719498e-05,0.004119778051972389,133857,2.5432586669921875,0.07777777777777778,0.14305555555555555,0.15694444444444444,0.26944444444444443,0.3527777777777778
187,720,0.1826198932000626,-0.5574101182056258,-0.42730965485218,346,3.381015477101654e-05,0.004513267893344164,134577,2.558101264635722,0.14166666666666666,0.22083333333333333,0.18055555555555555,0.20694444444444443,0.25
188,720,0.18095805217194205,0.1847661112251695,0.20293705374872317,335,3.5360250683424967e-05,0.0037644708063453436,135297,2.572370398044586,0.12777777777777777,0.24166666666666667,0.1736111111111111,0.2111111111111111,0.24583333333333332
189,720,0.17931133389717738,-0.07403207789229534,-0.07135809551149441,291,3.401354092476241e-05,0.003290231339633465,136017,2.584686267375946,0.0625,0.14583333333333334,0.29444444444444445,0.22916666666666666,0.26805555555555555
190,720,0.17767960075871306,0.1547321820371016,0.1673452832008686,294,3.595575331650656e-05,0.0036851924378424883,136737,2.5993693153063457,0.07083333333333333,0.16111111111111112,0.16666666666666666,0.375,0.2263888888888889
191,720,0.17606271639180876,0.006095716547363042,0.006114333235604175,338,3.545848233746559e-05,0.002782216062769294,137457,2.6239821314811707,0.058333333333333334,0.2625,0.2222222222222222,0.2125,0.24444444444444444
192,720,0.1744605456726433,-0.14243315715210816,-0.1327544784846333,307,3.689290710629696e-05,0.002978714182972908,138177,2.636141045888265,0.09583333333333334,0.25555555555555554,0.2722222222222222,0.19444444444444445,0.18194444444444444
193,720,0.17287295470702224,0.07744726759132789,0.08052525225703633,321,3.7019230160240116e-05,0.0027591357938945293,138897,2.6498947660128276,0.08055555555555556,0.25,0.17222222222222222,0.2708333333333333,0.2263888888888889
194,720,0.17129981081918835,0.06547791958389301,0.06766916247385413,282,3.509031984726284e-05,0.003841142635792494,139617,2.66369891166687,0.11944444444444445,0.2722222222222222,0.23333333333333334,0.16666666666666666,0.20833333333333334
195,720,0.16974098254073375,-0.14936626611075615,-0.13874639088683438,270,3.565520939774716e-05,0.003504680935293436,140337,2.678694681326548,0.175,0.12638888888888888,0.13333333333333333,0.2,0.36527777777777776
196,720,0.16819633959961308,0.0685710785759284,0.07097674574760737,287,3.5801089744482955e-05,0.0037547959946095943,141057,2.697463063398997,0.08611111111111111,0.19444444444444445,0.12361111111111112,0.19305555555555556,0.4027777777777778
197,720,0.16666575290925661,-0.08912075664180717,-0.08526489343483734,232,3.6727044343681175e-05,0.0032533793710172176,141777,2.712295464674632,0.23472222222222222,0.16527777777777777,0.175,0.16527777777777777,0.25972222222222224
198,720,0.16514909455778237,0.006957639357866731,0.006981899963459437,249,3.5904000647077634e-05,0.0032242625020444393,142497,2.7260843316713967,0.3625,0.1486111111111111,0.10555555555555556,0.15555555555555556,0.22777777777777777
199,720,0.16364623779730655,-0.17571692429083144,-0.16114459067939269,243,3.6217421861313896e-05,0.002699056174606085,143217,2.7393614808718363,0.30416666666666664,0.18333333333333332,0.0625,0.20833333333333334,0.24166666666666667
200,720,0.16215705703335107,-0.24102614288825946,-0.21417891751294138,254,3.606820328311894e-05,0.0027971600648015738,143937,2.752539034684499,0.12916666666666668,0.10416666666666667,0.23055555555555557,0.2722222222222222,0.2638888888888889
201,720,0.16068142781434758,0.04910427980210766,0.050329873220763544,236,3.727702302790527e-05,0.002346200402826071,144657,2.778505214055379,0.325,0.1111111111111111,0.08055555555555556,0.23472222222222222,0.24861111111111112
202,720,0.15921922682123701,0.0720573408444438,0.07471696747547751,249,3.6140194965936546e-05,0.002296007238328457,145377,2.7929643114407856,0.16666666666666666,0.16944444444444445,0.22916666666666666,0.2763888888888889,0.15833333333333333
203,720,0.15777033185716377,0.12771697546387298,0.13623137582698575,219,3.617283703773764e-05,0.0024588769301772118,146097,2.8079561988512673,0.19583333333333333,0.1111111111111111,0.15138888888888888,0.09583333333333334,0.44583333333333336
204,720,0.15633462183726357,-0.08462065106166324,-0.08113921284070935,228,3.8187273630935834e-05,0.0027844177093356848,146817,2.8223024805386863,0.23472222222222222,0.2,0.17916666666666667,0.21666666666666667,0.16944444444444445
205,720,0.15491197677854449,0.07195104960789615,0.07460274055083671,211,3.9037278928491204e-05,0.0025555745232850313,147537,2.8363956809043884,0.225,0.14027777777777778,0.17916666666666667,0.2902777777777778,0.16527777777777777
206,720,0.15350227778985973,0.10874452857813685,0.11487749461799157,207,3.600261964543784e-05,0.0028495846781879663,148257,2.8515954971313477,0.19444444444444445,0.12916666666666668,0.225,0.31527777777777777,0.1361111111111111
207,720,0.152105407061972,0.134293682972887,0.14372866396056283,241,3.5986217545137656e-05,0.003008047817274928,148977,2.8651055296262107,0.1375,0.15138888888888888,0.1625,0.2902777777777778,0.25833333333333336
208,720,0.15072124785770807,-0.07347258917723785,-0.07083838547320942,254,3.6733153836444724e-05,0.0023785047233104706,149697,2.8807414809862775,0.19027777777777777,0.13194444444444445,0.1388888888888889,0.2,0.3388888888888889
209,720,0.14934968450220293,-0.08769168088709652,-0.08395673316463348,224,3.4579310794116383e-05,0.003360961563885212,150417,2.8941307187080385,0.19583333333333333,0.2125,0.17083333333333334,0.19305555555555556,0.22777777777777777
210,720,0.1479906023732329,-0.04736016183615435,-0.046256166405563626,215,3.575723821869461e-05,0.0034526707604527473,151137,2.90882865190506,0.24444444444444444,0.19305555555555556,0.17222222222222222,0.16944444444444445,0.22083333333333333
211,720,0.14664388789163646,0.11407065554461857,0.12083131503349764,207,3.62129204713963e-05,0.0033381411340087652,151857,2.934585364659627,0.225,0.09722222222222222,0.29305555555555557,0.22083333333333333,0.1638888888888889
212,720,0.14530942851182257,0.014448302314037665,0.0145531835437267,168,3.4534210765160524e-05,0.003097818000242114,152577,2.947227664788564,0.2652777777777778,0.09027777777777778,0.25,0.11388888888888889,0.28055555555555556
213,720,0.143987112712365,0.4073464702245784,0.5028246994827443,230,3.726034380077989e-05,0.0033954645041376352,153297,2.9623928666114807,0.11388888888888889,0.1597222222222222,0.16527777777777777,0.2986111111111111,0.2625
214,720,0.1426768299866825,-0.06113195017892068,-0.05930089382890391,264,3.674294382941904e-05,0.003384696552529931,154017,2.9762492140134174,0.08888888888888889,0.15694444444444444,0.15555555555555556,0.30277777777777776,0.29583333333333334
215,720,0.14137847083380367,-0.22918479861084826,-0.20481842852345888,226,3.6034547815688714e-05,0.0030078350100666285,154737,2.990027932325999,0.17916666666666667,0.17222222222222222,0.13472222222222222,0.3111111111111111,0.20277777777777778
216,720,0.14009192674921606,-0.1062905287116151,-0.10083662265311255,273,3.571562607476153e-05,0.0028687589801847935,155457,3.0048996647198996,0.2513888888888889,0.09027777777777778,0.11666666666666667,0.2569444444444444,0.2847222222222222
217,720,0.1388170902157982,-0.08925466924244471,-0.08538737979043554,271,3.4393189504397825e-05,0.002977493917569518,156177,3.0203436334927876,0.24444444444444444,0.125,0.11944444444444445,0.2222222222222222,0.28888888888888886
218,720,0.13755385469483442,-0.29840208455428197,-0.2579970681589364,296,3.6966829437940556e-05,0.003388819983229041,156897,3.034680116176605,0.18194444444444444,0.275,0.07916666666666666,0.22916666666666666,0.23472222222222222
219,720,0.13630211461711142,-0.041283216080737574,-0.04044267060560336,265,3.628001666445218e-05,0.002386210486292839,157617,3.049029763539632,0.16805555555555557,0.13194444444444445,0.19444444444444445,0.33055555555555555,0.175
220,720,0.1350617653740957,-0.08611990329857576,-0.08251578475915566,261,3.427079903985941e-05,0.002474763197824359,158337,3.062585783004761,0.1875,0.075,0.13055555555555556,0.225,0.3819444444444444
221,720,0.13383270330919142,0.03599810931860352,0.03665388650685286,205,3.588417551251647e-05,0.0024716900661587715,159057,3.0890493631362914,0.18888888888888888,0.0875,0.12777777777777777,0.25972222222222224,0.33611111111111114
222,720,0.1326148257090778,0.04220994092871826,0.04311344797068206,247,3.600054526297451e-05,0.0029870150610804558,159777,3.102543032169342,0.3375,0.1486111111111111,0.13472222222222222,0.13055555555555556,0.24861111111111112
223,720,0.13140803079512517,0.036778444275974216,0.037463139476314744,248,3.616634941876227e-05,0.004137220326811075,160497,3.116778298219045,0.08333333333333333,0.25833333333333336,0.14027777777777778,0.25,0.26805555555555555
224,720,0.13021221771488953,0.24697659904549524,0.28014915571560883,222,3.576130616364834e-05,0.003797380719333887,161217,3.130682949225108,0.08472222222222223,0.17222222222222222,0.24583333333333332,0.32222222222222224,0.175
225,720,0.12902728653368403,0.17371777124782603,0.18971974531433045,255,3.523083636941414e-05,0.0038485650438815355,161937,3.143626848856608,0.19027777777777777,0.12222222222222222,0.16666666666666666,0.31805555555555554,0.20277777777777778
226,720,0.12785313822622751,-0.4085489030285825,-0.3353860299392033,222,3.7919668893790814e-05,0.0047217486426234245,162657,3.160033416748047,0.09722222222222222,0.04583333333333333,0.1375,0.3902777777777778,0.32916666666666666
227,720,0.12668967466836883,-0.022561955727437952,-0.02230933821930059,247,3.622374325371109e-05,0.004649508744478226,163377,3.174560864766439,0.10138888888888889,0.24722222222222223,0.125,0.24166666666666667,0.2847222222222222
228,720,0.12553679862888667,-0.36701865203889905,-0.3072032771475438,232,3.6833484982581565e-05,0.00465867156162858,164097,3.188801181316376,0.17222222222222222,0.25416666666666665,0.1527777777777778,0.20277777777777778,0.21805555555555556
229,720,0.1243944137613638,-0.09688116068828026,-0.09233613412674968,200,3.711514863640433e-05,0.0046704960986971855,164817,3.2037918329238892,0.06944444444444445,0.07916666666666666,0.20555555555555555,0.25277777777777777,0.39305555555555555
230,720,0.12326242459613539,0.2734315431034623,0.3144673717750863,244,3.684347245906692e-05,0.004347254056483507,165537,3.2177685340245565,0.09583333333333334,0.1375,0.2013888888888889,0.3527777777777778,0.2125
231,720,0.12214073653231056,-0.2978714568827856,-0.2576032363911921,260,3.7704361926671484e-05,0.004401895217597485,166257,3.2458324631055198,0.1486111111111111,0.15416666666666667,0.1625,0.1986111111111111,0.33611111111111114
232,720,0.12102925582986652,0.1460311402848598,0.15723222403081127,223,3.811763411931679e-05,0.003826646599918604,166977,3.2613571643829347,0.18472222222222223,0.1638888888888889,0.28888888888888886,0.2,0.1625
233,720,0.11992788960181475,-0.09197360999469101,-0.08787077967755974,236,3.616729185990961e-05,0.0042729731649160385,167697,3.2767448306083677,0.14027777777777778,0.11388888888888889,0.1597222222222222,0.21805555555555556,0.3680555555555556
234,720,0.11883654580643824,0.08393375797016914,0.08755684944940634,229,3.751442462645274e-05,0.003827302949503064,168417,3.2912072499593097,0.2847222222222222,0.09722222222222222,0.20972222222222223,0.15,0.25833333333333336
235,720,0.11775513323959964,-0.0835371120713006,-0.08014305175888314,234,3.564002922568458e-05,0.003958701156079769,169137,3.304914196332296,0.10972222222222222,0.2652777777777778,0.17916666666666667,0.21666666666666667,0.22916666666666666
236,720,0.11668356152711928,0.08169031479883526,0.0851197122736318,249,3.620741639514967e-05,0.003293117741122842,169857,3.3184723337491353,0.11388888888888889,0.22777777777777777,0.2013888888888889,0.2125,0.24444444444444444
237,720,0.1156217411172225,0.14574070409000392,0.1568961707104879,309,3.4639230530804825e-05,0.0027724532410502434,170577,3.3356797297795615,0.17222222222222222,0.10694444444444444,0.20416666666666666,0.2513888888888889,0.2652777777777778
238,720,0.11456958327305578,-0.4119526383783266,-0.3376443544532399,294,3.6776375895897215e-05,0.0034895706921815872,171297,3.351403200626373,0.15138888888888888,0.075,0.10555555555555556,0.2986111111111111,0.36944444444444446
239,720,0.11352700006527097,0.23214673325755095,0.2613047906113275,210,3.609758061315915e-05,0.003376937471330166,172017,3.366428013642629,0.2125,0.09027777777777778,0.21944444444444444,0.18055555555555555,0.2972222222222222
240,720,0.112493904364677,-0.017649488445434146,-0.017494648511020894,267,3.9189364967266255e-05,0.0031266494188457727,172737,3.3804612000783285,0.04583333333333333,0.20416666666666666,0.175,0.25416666666666665,0.32083333333333336
241,720,0.11147020983495844,-0.1543669164737037,-0.14304246851627545,244,4.040074840961299e-05,0.003427887801080942,173457,3.405600166320801,0.14722222222222223,0.22777777777777777,0.1125,0.19027777777777777,0.32222222222222224
242,720,0.11045583092546031,0.09210050232959516,0.09647501483674437,257,3.6443251463601376e-05,0.0035519730299711227,174177,3.418717833360036,0.1111111111111111,0.14722222222222223,0.18472222222222223,0.34305555555555556,0.21388888888888888
243,720,0.10945068286403863,0.01788016892757304,0.01804097613828315,296,3.572012275046493e-05,0.004051742609590292,174897,3.432568081219991,0.18611111111111112,0.2861111111111111,0.10833333333333334,0.2361111111111111,0.18333333333333332
244,720,0.10845468164997588,0.18247488668052705,0.20018400997064,201,3.772060628206317e-05,0.004033541772514582,175617,3.4463042974472047,0.25277777777777777,0.15,0.10694444444444444,0.13472222222222222,0.35555555555555557
245,720,0.10746774404696109,0.04071161204543605,0.04155169126781577,323,3.9955819916157354e-05,0.003556431271135807,176337,3.460525898138682,0.12777777777777777,0.12916666666666668,0.21666666666666667,0.1736111111111111,0.3527777777777778
246,720,0.10648978757613374,-0.31162833276072155,-0.26774636765492843,228,3.904342744047224e-05,0.0037394696846604347,177057,3.4766181985537212,0.13472222222222222,0.22916666666666666,0.15416666666666667,0.25555555555555554,0.2263888888888889
247,720,0.10552073050919092,0.09204236932597668,0.09641127530344229,226,3.7698545065091414e-05,0.0033704275265336037,177777,3.4923388957977295,0.14583333333333334,0.14027777777777778,0.29305555555555557,0.25833333333333336,0.1625
248,720,0.10456049186155728,-0.1164859249407204,-0.10995737570878539,209,3.76242353051263e-05,0.0036339848302304745,178497,3.506642480691274,0.07222222222222222,0.10694444444444444,0.1638888888888889,0.1736111111111111,0.48333333333333334
249,720,0.1036089913856171,0.24924644751338734,0.28305820061192977,192,4.015988083539115e-05,0.003081441158428788,179217,3.521776282787323,0.11666666666666667,0.16666666666666666,0.33611111111111114,0.2625,0.11805555555555555
250,720,0.10266614956400799,0.2407056229521872,0.2721464894541319,204,3.884241211077703e-05,0.0034104285296052694,179937,3.5352410674095154,0.1375,0.07361111111111111,0.3138888888888889,0.3125,0.1625
251,720,0.10173188760297552,-0.047845359964508095,-0.046718808882844076,203,3.761489907169057e-05,0.0030702506192028522,180657,3.5595550656318666,0.2388888888888889,0.06111111111111111,0.18333333333333332,0.2513888888888889,0.2652777777777778
252,720,0.10080612742578844,-0.05009178755316621,-0.04885788251374967,162,3.750001200602229e-05,0.003143125679343939,181377,3.5725112160046897,0.22916666666666666,0.04583333333333333,0.24861111111111112,0.2611111111111111,0.2152777777777778
253,720,0.09988879166621377,-0.18059400744234097,-0.16522579797945147,174,3.8298860014644255e-05,0.0029257312417030334,182097,3.586374564965566,0.11805555555555555,0.058333333333333334,0.18055555555555555,0.25277777777777777,0.3902777777777778
254,720,0.09897980366205122,-0.0180206066289352,-0.01785920646111827,164,3.8519974162277824e-05,0.002708849497139454,182817,3.6004770159721375,0.225,0.1125,0.27361111111111114,0.1763888888888889,0.2125
255,720,0.09807908744872657,-0.053428554993105865,-0.05202633343040819,243,3.774131164075495e-05,0.0035916378255933523,183537,3.6141826629638674,0.18055555555555555,0.13194444444444445,0.17083333333333334,0.3402777777777778,0.1763888888888889
256,720,0.09718656775294315,0.10113271202958532,0.10642346772440558,185,3.78292506815746e-05,0.003815052565187216,184257,3.627096962928772,0.06111111111111111,0.16527777777777777,0.16666666666666666,0.21666666666666667,0.3902777777777778
257,720,0.09630216998639138,0.12354840384269195,0.1315047723955869,182,3.663632799278578e-05,0.004220739006996155,184977,3.64028480052948,0.24444444444444444,0.18055555555555555,0.20277777777777778,0.15555555555555556,0.21666666666666667
258,720,0.09542582023951522,-0.1298262563273864,-0.12175199230012412,162,3.7307177864123434e-05,0.003439791966229677,185697,3.654366978009542,0.15694444444444444,0.15833333333333333,0.19305555555555556,0.15,0.3416666666666667
259,720,0.09455744527533563,-0.04477810018457348,-0.04379035896395955,155,3.768225248753273e-05,0.0036358111537992954,186417,3.67066646416982,0.25555555555555554,0.125,0.23472222222222222,0.15694444444444444,0.22777777777777777
260,720,0.09369697252333008,0.28090245974534106,0.3243244226937323,190,3.598291398247966e-05,0.003025149228051305,187137,3.683927615483602,0.06111111111111111,0.13333333333333333,0.24444444444444444,0.1375,0.4236111111111111
261,720,0.09284433007336777,0.04409586335158869,0.04508253520106775,157,3.845259477846715e-05,0.003112302627414465,187857,3.709260598818461,0.08055555555555556,0.22083333333333333,0.225,0.2611111111111111,0.2125
262,720,0.09199944666970013,-0.14600463063095537,-0.1358462984015032,188,3.802678469481988e-05,0.0026693365070968866,188577,3.7238974968592324,0.06666666666666667,0.2763888888888889,0.1736111111111111,0.175,0.30833333333333335
263,720,0.09116225170500586,-0.042575537151303675,-0.041681925830499456,185,3.715335728631746e-05,0.0027085356414318085,189297,3.73807293176651,0.18611111111111112,0.21388888888888888,0.21666666666666667,0.18055555555555555,0.20277777777777778
264,720,0.0903326752144903,0.33552294758935663,0.3986716259606078,202,3.757209896914699e-05,0.0026051916647702456,190017,3.7515846292177835,0.059722222222222225,0.30277777777777776,0.1597222222222222,0.11388888888888889,0.3638888888888889
265,720,0.08951064787003844,-0.15618440321046886,-0.14459856294487505,179,3.881355414073874e-05,0.00299438601359725,190737,3.76633464495341,0.14583333333333334,0.2,0.19444444444444445,0.23333333333333334,0.2263888888888889
266,720,0.0886961009744211,-0.024505162725581016,-0.02420734884427922,187,3.8003056411323795e-05,0.0032375650480389595,191457,3.7805638631184895,0.043055555555555555,0.1375,0.2125,0.38333333333333336,0.22361111111111112
267,720,0.08788896645555387,0.100183820280694,0.1053740895769717,158,3.827036336032405e-05,0.0033351145684719086,192177,3.794155645370483,0.15555555555555556,0.20555555555555555,0.19305555555555556,0.08333333333333333,0.3625
268,720,0.08708917686080833,-0.09174871697133971,-0.08766562511146392,138,3.794652877912894e-05,0.0032445017714053392,192897,3.807042113939921,0.17916666666666667,0.15,0.16666666666666666,0.2013888888888889,0.30277777777777776
269,720,0.08629666535137498,-0.14913482045499893,-0.138547034411299,192,3.800750631247259e-05,0.003354341257363558,193617,3.821628514925639,0.05277777777777778,0.19166666666666668,0.2013888888888889,0.24305555555555555,0.3111111111111111
270,720,0.08551136569667747,-0.13685088291046085,-0.12789973851059722,200,3.678391473663901e-05,0.0037293031346052885,194337,3.83564684788386,0.07916666666666666,0.2388888888888889,0.19166666666666668,0.19722222222222222,0.29305555555555557
271,720,0.0847332122688377,-0.26247041546759686,-0.2308508810509915,268,4.017076380730739e-05,0.0048447041772305965,195057,3.859981481234233,0.044444444444444446,0.14166666666666666,0.2652777777777778,0.13333333333333333,0.4152777777777778
272,720,0.08396214003719128,-0.04294141468079553,-0.04203248874449006,310,3.994933674296893e-05,0.004213231615722179,195777,3.8728838483492534,0.075,0.4875,0.18055555555555555,0.06805555555555555,0.18888888888888888
273,720,0.08319808456285284,-0.03959608598959488,-0.03882240614687216,336,4.131345336999301e-05,0.004138038028031588,196497,3.8867497007052103,0.04583333333333333,0.4666666666666667,0.13055555555555556,0.06805555555555555,0.28888888888888886
274,720,0.08244098199333087,0.04873730150076716,0.04994449566496795,255,3.8328588444376996e-05,0.0038197364192456007,197217,3.900154980023702,0.03333333333333333,0.19166666666666668,0.2375,0.19166666666666668,0.3458333333333333
275,720,0.08169076905719157,-0.050711650218770936,-0.049447277311277626,234,3.832738628185932e-05,0.003474177559837699,197937,3.917020833492279,0.02638888888888889,0.16805555555555557,0.20833333333333334,0.22083333333333333,0.3763888888888889
276,720,0.08094738305877112,0.09049994989528441,0.09472145279093902,197,3.802241908046098e-05,0.0033177523873746395,198657,3.933445517222087,0.14305555555555555,0.16527777777777777,0.23333333333333334,0.16805555555555557,0.2902777777777778
277,720,0.08021076187293631,-0.3481386212373328,-0.29399899730168544,175,3.940748667774743e-05,0.0031749396584928036,199377,3.9479677120844525,0.1597222222222222,0.10833333333333334,0.19722222222222222,0.21388888888888888,0.32083333333333336
278,720,0.07948084393989259,0.27335026363926196,0.3143605369132041,194,3.917237222910646e-05,0.0030432201456278563,200097,3.9614655494689943,0.1388888888888889,0.11666666666666667,0.24444444444444444,0.08611111111111111,0.41388888888888886
279,720,0.07875756826003957,0.0052260225359210145,0.005239702011061942,179,4.1869098956542276e-05,0.0025225109420716763,200817,3.9758047461509705,0.11527777777777778,0.16805555555555557,0.21666666666666667,0.2125,0.2875
280,720,0.07804087438887321,0.19393657304249085,0.2140192789649713,159,3.98290607992951e-05,0.0025655836798250675,201537,3.9896621147791547,0.06805555555555555,0.10833333333333334,0.11666666666666667,0.2777777777777778,0.42916666666666664
281,720,0.07733070243193446,0.04864804118708807,0.04985078147247912,156,4.281142869583871e-05,0.002928074449300766,202257,4.016821646690369,0.06944444444444445,0.12361111111111112,0.1527777777777778,0.2638888888888889,0.3902777777777778
282,720,0.07662699303980386,0.12204069984850854,0.12980008353683292,152,4.1451264279304366e-05,0.002272863406687975,202977,4.032375148932139,0.08472222222222223,0.07222222222222222,0.30416666666666664,0.15,0.3888888888888889
283,720,0.07592968740314164,0.38155932767164513,0.4645665489572841,167,4.272549933072393e-05,0.0024386791046708822,203697,4.045926217238108,0.0763888888888889,0.13333333333333333,0.225,0.16944444444444445,0.3958333333333333
284,720,0.07523872724777306,-0.1448214952525136,-0.13482328252092368,151,4.1894975212623345e-05,0.002633841708302498,204417,4.060342013835907,0.12361111111111112,0.10972222222222222,0.25833333333333336,0.14722222222222223,0.3611111111111111
285,720,0.07455405482981832,0.09639944817903623,0.10119884802726786,187,4.2412633757749066e-05,0.002284567803144455,205137,4.074505913257599,0.06944444444444445,0.1527777777777778,0.18472222222222223,0.2777777777777778,0.31527777777777777
286,720,0.07387561293086697,-0.20901507909401595,-0.1886169993693857,127,4.113575756971639e-05,0.0024271802976727486,205857,4.088499367237091,0.05277777777777778,0.14722222222222223,0.2388888888888889,0.15,0.4111111111111111
287,720,0.07320334485319609,0.3365037735522694,0.40004415239969005,134,4.214901238760326e-05,0.0027525308541953564,206577,4.104132131735484,0.05694444444444444,0.09861111111111111,0.24583333333333332,0.16666666666666666,0.43194444444444446
288,720,0.07253719441503201,-0.1587347832396309,-0.1467773820974303,131,4.303350953402211e-05,0.002514959080144763,207297,4.116922001043956,0.10694444444444444,0.02638888888888889,0.12777777777777777,0.20972222222222223,0.5291666666666667
289,720,0.07187710594585521,0.05600350512734402,0.05760139075766735,129,4.2097296621553444e-05,0.0023448816500604153,208017,4.131251649061839,0.09861111111111111,0.030555555555555555,0.25555555555555554,0.33055555555555555,0.2847222222222222
290,720,0.07122302428174793,-0.44114647942025625,-0.35670153031565066,107,4.4170642296295325e-05,0.002794911153614521,208737,4.144778315226237,0.13472222222222222,0.03888888888888889,0.11805555555555555,0.30277777777777776,0.40555555555555556
291,720,0.07057489476078402,-0.06981431373067762,-0.06743303128891243,129,4.5284873049745835e-05,0.0028779704589396715,209457,4.1724408308664955,0.23055555555555557,0.027777777777777776,0.13472222222222222,0.1375,0.46944444444444444
292,720,0.06993266321846088,0.25413151290036595,0.2893413581398714,116,4.46149635586658e-05,0.0031928534153848886,210177,4.1856437961260475,0.09305555555555556,0.07361111111111111,0.1486111111111111,0.20416666666666666,0.48055555555555557
293,720,0.06929627598317288,-0.0020280963216396056,-0.0020260411239095832,127,4.5109788134646404e-05,0.0038112206384539604,210897,4.200312697887421,0.17083333333333334,0.09583333333333334,0.29583333333333334,0.1638888888888889,0.27361111111111114
294,720,0.068665679871726,0.037098865196418314,0.037795617634026835,121,4.559630427504797e-05,0.003109867451712489,211617,4.215624264876047,0.12638888888888888,0.04583333333333333,0.16111111111111112,0.39861111111111114,0.26805555555555555
295,720,0.0680408221848933,0.004201428518128714,0.00421026689252435,125,4.625084753545e-05,0.002999112941324711,212337,4.229353781541189,0.19027777777777777,0.04861111111111111,0.2847222222222222,0.16944444444444445,0.30694444444444446
296,720,0.06742165070301076,0.1309071918052636,0.1398619878694758,140,4.6163434385309506e-05,0.0030144117772579193,213057,4.244688399632772,0.18888888888888888,0.05416666666666667,0.2361111111111111,0.18611111111111112,0.3347222222222222
297,720,0.06680811368161337,-0.5273660554152383,-0.4098426338836013,188,4.426002007941558e-05,0.0030717607587575912,213777,4.258682012557983,0.15,0.13194444444444445,0.2152777777777778,0.16527777777777777,0.3375
298,720,0.06620015984711068,-0.13103516200000925,-0.12281306979807172,151,4.562316726277358e-05,0.0032942392863333225,214497,4.27271074851354,0.027777777777777776,0.3416666666666667,0.23333333333333334,0.23472222222222222,0.1625
299,720,0.06559773839250198,0.023961675428087373,0.02425106315488934,126,4.564554731195535e-05,0.0032266583293676376,215217,4.285349615414938,0.006944444444444444,0.11388888888888889,0.3680555555555556,0.19722222222222222,0.3138888888888889
300,720,0.06500079897313021,0.12122376916226836,0.12887749207721866,119,4.331990278640458e-05,0.0029541687108576298,215937,4.298397914568583,0.03194444444444444,0.12638888888888888,0.1527777777777778,0.2833333333333333,0.40555555555555556
301,720,0.06440929170247472,-0.16935486389837778,-0.1557907291681031,126,4.4371601856912296e-05,0.0030325211118906736,216657,4.323537417252859,0.2,0.0625,0.10694444444444444,0.22916666666666666,0.4013888888888889
302,720,0.06382316714798221,0.050159514568726006,0.051438802807031614,115,4.35528058561532e-05,0.0031291800551116467,217377,4.336208081245422,0.23333333333333334,0.03194444444444444,0.09444444444444444,0.1625,0.4777777777777778
303,720,0.06324237632693558,0.09952098793964366,0.10464165464903696,113,4.517669829056104e-05,0.002504094270989299,218097,4.350673949718475,0.19444444444444445,0.10416666666666667,0.11666666666666667,0.22916666666666666,0.35555555555555557
304,720,0.06266687070236046,-0.22839579120400127,-0.20419077679540598,113,4.526421473277272e-05,0.0028628872241824865,218817,4.365187962849935,0.06666666666666667,0.04583333333333333,0.26944444444444443,0.38333333333333336,0.23472222222222222
305,720,0.06209660217896898,0.10961751842709413,0.1158511963076343,124,4.498669578273014e-05,0.0027253623120486736,219537,4.380290683110555,0.12361111111111112,0.043055555555555555,0.2,0.2861111111111111,0.3472222222222222
306,720,0.06153152309914036,0.024234027254730138,0.024530057793504145,172,4.3108646410574795e-05,0.0025285687297582626,220257,4.393610195318858,0.20277777777777778,0.06805555555555555,0.21388888888888888,0.20694444444444443,0.30833333333333335
307,720,0.06097158623893818,-0.03996139487337368,-0.03917346873374983,116,4.6132350392882574e-05,0.002234324812889099,220977,4.406880263487498,0.09861111111111111,0.0763888888888889,0.24722222222222223,0.3194444444444444,0.25833333333333336
308,720,0.06041674480416385,-0.00384019374080174,-0.003832829626373657,119,4.076268009435403e-05,0.002835327060893178,221697,4.421439198652903,0.1625,0.08194444444444444,0.19583333333333333,0.20555555555555555,0.3541666666666667
309,720,0.059866952426445956,0.22457240282548901,0.2517873410074587,125,4.212296308120737e-05,0.0029854392632842064,222417,4.435603348414103,0.19583333333333333,0.03333333333333333,0.16944444444444445,0.3125,0.28888888888888886
310,720,0.059322163159365296,0.5062124322892237,0.6589957215787567,214,4.244066312821815e-05,0.0027872216887772083,223137,4.449839580059051,0.24444444444444444,0.07222222222222222,0.08472222222222223,0.29305555555555557,0.3055555555555556
311,720,0.05878233147461507,-0.5788254418215353,-0.4394436138635568,129,4.0134949718625044e-05,0.003319217124953866,223857,4.474133133888245,0.11805555555555555,0.05694444444444444,0.2569444444444444,0.1986111111111111,0.36944444444444446
312,720,0.058247412258196074,-0.23311840942765147,-0.2079402193738462,121,4.163783920982193e-05,0.002784930169582367,224577,4.491784898440043,0.2388888888888889,0.05277777777777778,0.1875,0.12083333333333333,0.4
313,720,0.05771736080664649,0.12911893083213502,0.13782543864528085,132,4.1638835102730806e-05,0.0028115096502006054,225297,4.505589965979258,0.1638888888888889,0.03611111111111111,0.28194444444444444,0.18472222222222223,0.3333333333333333
314,720,0.057192132823306006,0.41387344993559794,0.5126656868311885,126,4.114141740450982e-05,0.0029682491440325975,226017,4.520289615790049,0.06666666666666667,0.09861111111111111,0.24305555555555555,0.24444444444444444,0.3472222222222222
315,720,0.05667168441461392,-0.2855068012583029,-0.24836677089078396,112,4.366328897920842e-05,0.003011024324223399,226737,4.535580348968506,0.025,0.15555555555555556,0.17083333333333334,0.21388888888888888,0.43472222222222223
316,720,0.056155972086440936,0.09732763035309613,0.10222143566849473,119,4.0178722488488145e-05,0.0030127852223813534,227457,4.549951895078023,0.075,0.08611111111111111,0.13472222222222222,0.10833333333333334,0.5958333333333333
317,720,0.05564495274045432,0.23227320403373833,0.2614643188948287,113,4.1394754524364745e-05,0.002592104021459818,228177,4.562343414624532,0.1388888888888889,0.06111111111111111,0.23333333333333334,0.2638888888888889,0.30277777777777776
318,720,0.05513858367051619,0.0648720765466504,0.06702251844786078,96,4.0426418529983086e-05,0.0027510710060596466,228897,4.57688444852829,0.05694444444444444,0.07361111111111111,0.2125,0.3013888888888889,0.35555555555555557
319,720,0.05463682255911449,-0.4309177242815425,-0.35008761941686894,123,4.2452892967048686e-05,0.0026130559854209423,229617,4.590988965829213,0.03333333333333333,0.07361111111111111,0.1875,0.2763888888888889,0.42916666666666664
320,720,0.05413962747382655,0.19777025377984614,0.21868237398713264,116,4.516421799331106e-05,0.0031573427841067314,230337,4.606745314598084,0.12916666666666668,0.09027777777777778,0.19166666666666668,0.12638888888888888,0.4625
321,720,0.05364695686381473,-0.17938701205960284,-0.1642176210619416,107,4.168870830072693e-05,0.002309238538146019,231057,4.631007099151612,0.0875,0.04861111111111111,0.3138888888888889,0.3,0.25
322,720,0.05315876955635402,-0.10268711048731842,-0.09759071628572269,130,4.2547611931493315e-05,0.001916019362397492,231777,4.646676433086395,0.15138888888888888,0.07361111111111111,0.175,0.21388888888888888,0.3861111111111111
323,720,0.0526750247533912,-0.3082692202245258,-0.26528250942708487,117,4.203328933651089e-05,0.0020001998636871576,232497,4.660756599903107,0.04583333333333333,0.0625,0.2708333333333333,0.19027777777777777,0.4305555555555556
324,720,0.052195682028135335,0.18355433850829078,0.2014802502824773,104,4.256463879402064e-05,0.002452996326610446,233217,4.67438984711965,0.008333333333333333,0.13472222222222222,0.19722222222222222,0.3486111111111111,0.3111111111111111
325,720,0.0517207013216793,0.15540832847894268,0.16813484646061783,129,4.134869088829873e-05,0.002343799453228712,233937,4.6887415488560995,0.11805555555555555,0.14722222222222223,0.15694444444444444,0.3111111111111111,0.26666666666666666
326,720,0.05125004293965202,0.13465320043148052,0.1441399283070781,121,4.114087686022887e-05,0.002448675222694874,234657,4.702618885040283,0.18472222222222223,0.07222222222222222,0.2125,0.2222222222222222,0.30833333333333335
327,720,0.050783667548901186,-0.3362774939876171,-0.2855751702877338,136,4.1511883044778287e-05,0.0022728419862687588,235377,4.715488000710805,0.06111111111111111,0.07083333333333333,0.18611111111111112,0.35555555555555557,0.3263888888888889
328,720,0.050321536174206184,0.0022615108725772817,0.002264070017102826,123,4.0669051938695904e-05,0.0023112944327294827,236097,4.728801282246907,0.1486111111111111,0.06666666666666667,0.1,0.2611111111111111,0.4236111111111111
329,720,0.049863610195020905,0.12286665749870193,0.13073363604336508,112,4.075335253269764e-05,0.002310051117092371,236817,4.743626379966736,0.03333333333333333,0.12222222222222222,0.2708333333333333,0.175,0.39861111111111114
330,720,0.049409851342246215,0.14880032604898608,0.16044125618379002,127,4.1266489838815486e-05,0.0025118698831647635,237537,4.757840915520986,0.20833333333333334,0.05138888888888889,0.08472222222222223,0.2847222222222222,0.37083333333333335
331,720,0.04896022169503177,0.06422845079889174,0.0663359762433704,240,4.1418157659083795e-05,0.0027241059578955173,238257,4.783726183573405,0.2652777777777778,0.09722222222222222,0.11666666666666667,0.20694444444444443,0.3138888888888889
332,720,0.04851468367760699,0.033812790616540925,0.034390940910352,135,4.137496191687104e-05,0.0028652276378124952,238977,4.798681382338206,0.10416666666666667,0.075,0.1763888888888889,0.30833333333333335,0.33611111111111114
333,720,0.04807320005614076,-0.3226920658149116,-0.2758031750048381,136,4.031210514641417e-05,0.002165882382541895,239697,4.812451080481211,0.0625,0.08194444444444444,0.20833333333333334,0.2847222222222222,0.3625
334,720,0.04763573393562988,0.07338385394016089,0.07614353958112674,113,4.2110574182490584e-05,0.001963735558092594,240417,4.825123234589895,0.10555555555555556,0.0875,0.2125,0.24166666666666667,0.3527777777777778
335,720,0.04720224875681565,-0.08527430317602284,-0.08173963188307076,111,4.1228032946744656e-05,0.0026100671384483576,241137,4.843204696973165,0.14305555555555555,0.07777777777777778,0.17777777777777778,0.22916666666666666,0.37222222222222223
336,720,0.04677270829312862,0.2733202032311616,0.31432102729291533,114,4.196700122949753e-05,0.0017987213796004653,241857,4.856921362876892,0.18611111111111112,0.06111111111111111,0.15694444444444444,0.35833333333333334,0.2375
337,720,0.046347076647661155,-0.027435413262147174,-0.027062480615269502,106,4.368528112005758e-05,0.002113737864419818,242577,4.871345563729604,0.02638888888888889,0.18194444444444444,0.20833333333333334,0.29583333333333334,0.2875
338,720,0.045925318250167435,-0.04216557221455896,-0.041288968477980914,120,4.222678553307762e-05,0.0025072337593883276,243297,4.886589046319326,0.19583333333333333,0.1,0.23055555555555557,0.18472222222222223,0.28888888888888886
339,720,0.045507397854090914,0.23857059323471774,0.26943331627748557,104,4.0467264543369514e-05,0.0021074358373880386,244017,4.900069550673167,0.08055555555555556,0.02638888888888889,0.1763888888888889,0.33055555555555555,0.3861111111111111
340,720,0.04509328053361869,0.15762492407402295,0.1707270008333912,98,4.186684534867406e-05,0.002122267382219434,244737,4.914323095480601,0.1597222222222222,0.06944444444444445,0.15416666666666667,0.21944444444444444,0.3972222222222222
341,720,0.04468293168076276,0.16450702654738666,0.1788118524998481,104,4.115150950257076e-05,0.0023487089201807976,245457,4.939655963579813,0.058333333333333334,0.05,0.14722222222222223,0.22083333333333333,0.5236111111111111
342,720,0.04427631700246782,-0.41516446924994477,-0.3397683160350379,101,3.9619143733994455e-05,0.0029918355867266655,246177,4.955072716871897,0.1361111111111111,0.044444444444444446,0.1736111111111111,0.28194444444444444,0.3638888888888889
343,720,0.043873402517745366,0.028467021374260958,0.028876079355868223,108,4.137073940708231e-05,0.002955864882096648,246897,4.970149183273316,0.15833333333333333,0.09027777777777778,0.2791666666666667,0.22361111111111112,0.24861111111111112
344,720,0.04347415455483388,0.0067991936791254115,0.00682236067233144,112,4.136274594657152e-05,0.0029367217794060707,247617,4.984308667977651,0.18333333333333332,0.058333333333333334,0.17083333333333334,0.2,0.3875
345,720,0.043078539748384895,-0.043814710652597705,-0.042868712724524305,113,4.107142462114805e-05,0.0025043911300599575,248337,4.997758996486664,0.1875,0.06388888888888888,0.19027777777777777,0.37222222222222223,0.18611111111111112
346,720,0.04268652503667459,0.07872614990450322,0.08190800088901251,97,4.1286271084572945e-05,0.0027091698721051216,249057,5.013790146509806,0.1597222222222222,0.08055555555555556,0.20277777777777778,0.16666666666666666,0.3902777777777778
347,720,0.04229807765884085,0.21602383950034154,0.24113196661393577,123,3.976327416113337e-05,0.0021380598191171885,249777,5.028318313757579,0.12777777777777777,0.10972222222222222,0.2152777777777778,0.1527777777777778,0.39444444444444443
348,720,0.0419131651521454,-0.021091441076613687,-0.020870572173170232,101,4.1723437848557094e-05,0.00326381903141737,250497,5.042516163984934,0.17222222222222222,0.05555555555555555,0.2375,0.19027777777777777,0.34444444444444444
349,720,0.04153175534926088,-0.09234749654336102,-0.08821174877783455,99,3.8825505758824064e-05,0.00317896855995059,251217,5.05724089940389,0.12638888888888888,0.08472222222222223,0.20833333333333334,0.3333333333333333,0.24722222222222223
350,720,0.04115381637558261,0.027347923454329737,0.027725310307317397,79,3.970359350154872e-05,0.0031650210730731487,251937,5.071985650062561,0.2263888888888889,0.025,0.058333333333333334,0.34305555555555556,0.3472222222222222
351,720,0.040779316646564805,0.16731824256353148,0.18213040966461413,103,3.8156610225491427e-05,0.0035269660875201225,252657,5.096876498063406,0.17777777777777778,0.044444444444444446,0.24583333333333332,0.24722222222222223,0.2847222222222222
352,720,0.04040822486508106,0.691861196782244,0.9974296854902005,128,3.9919913691240555e-05,0.0034025239292532206,253377,5.1118804812431335,0.18472222222222223,0.019444444444444445,0.12083333333333333,0.1125,0.5625
353,720,0.040040510018808824,0.0035413774613163784,0.0035476555473159532,91,4.011816068075152e-05,0.0035240284632891417,254097,5.127477848529816,0.08472222222222223,0.0375,0.10138888888888889,0.42083333333333334,0.35555555555555557
354,720,0.03967614137763766,0.03278105141651966,0.03332426958639778,109,4.0089258579377605e-05,0.0036028875038027763,254817,5.141908530394236,0.12638888888888888,0.041666666666666664,0.23055555555555557,0.22916666666666666,0.37222222222222223
355,720,0.03931508849110116,0.015686901794745363,0.01581058713898109,95,3.973539500066181e-05,0.0035414055455476046,255537,5.156891997655233,0.2222222222222222,0.04027777777777778,0.12638888888888888,0.24166666666666667,0.36944444444444446
356,720,0.03895732118583214,-0.09957412757240276,-0.0947771545906202,126,3.918882542090311e-05,0.0036585163325071335,256257,5.170691382884979,0.07777777777777778,0.05555555555555555,0.14305555555555555,0.4236111111111111,0.3
357,720,0.03860280956304107,-0.14734453338756562,-0.13700340495016494,89,4.0294056711647704e-05,0.003590263891965151,256977,5.185115067164103,0.05416666666666667,0.05138888888888889,0.10694444444444444,0.33194444444444443,0.45555555555555555
358,720,0.038251523996017396,-0.03850861446963939,-0.03777658434028763,114,4.1307060087092395e-05,0.0032239879947155714,257697,5.198509701093038,0.16805555555555557,0.03333333333333333,0.10694444444444444,0.24861111111111112,0.44305555555555554
359,720,0.03790343512765364,0.1694435060646058,0.18464541986083094,85,3.9167213980009465e-05,0.0032397310715168715,258417,5.214094583193461,0.1638888888888889,0.02638888888888889,0.10972222222222222,0.25833333333333336,0.44166666666666665
360,720,0.037558513867991986,0.30648504819997896,0.3586411531945579,112,3.778623124996254e-05,0.0027156814467161894,259137,5.227242465813955,0.15416666666666667,0.022222222222222223,0.05694444444444444,0.4083333333333333,0.35833333333333334
361,720,0.03721673139179326,0.16283712107083814,0.17684499082514105,97,3.9053378610434366e-05,0.0031107214745134115,259857,5.252124031384786,0.041666666666666664,0.030555555555555555,0.1375,0.25555555555555554,0.5347222222222222
362,720,0.03687805913612794,-0.14634374009058845,-0.13613929141513104,81,3.7871670900181524e-05,0.0035135699436068535,260577,5.267715366681417,0.12916666666666668,0.008333333333333333,0.075,0.17222222222222222,0.6152777777777778
363,720,0.036542468797989176,0.15338020265256178,0.16576812282772968,105,4.0131955670909114e-05,0.003477864433079958,261297,5.2818084796269735,0.16111111111111112,0.05,0.1736111111111111,0.25972222222222224,0.35555555555555557
364,720,0.03620993233192747,0.11960895029133006,0.12705603046114122,57,3.907097500612306e-05,0.0036376044154167175,262017,5.295301946004232,0.10555555555555556,0.030555555555555555,0.075,0.11388888888888889,0.675
365,720,0.03588042194770693,0.013624189010289018,0.013717421196544954,94,4.031677644762668e-05,0.003583424724638462,262737,5.3096460143725075,0.21388888888888888,0.10416666666666667,0.10138888888888889,0.15416666666666667,0.4263888888888889
366,720,0.0355539101079828,0.13629456541863227,0.14601942157106018,105,4.2787596976268104e-05,0.003635585308074951,263457,5.322008113066356,0.12222222222222222,0.06111111111111111,0.10555555555555556,0.25555555555555554,0.45555555555555555
367,720,0.03523036952600015,0.07264609175128481,0.07534989436453587,97,4.0077745973121635e-05,0.003485682187601924,264177,5.336948732535045,0.03888888888888889,0.020833333333333332,0.18194444444444444,0.49722222222222223,0.2611111111111111
368,720,0.03490977316331355,0.018059520075713337,0.018223579330765016,86,4.269482354857246e-05,0.0037057942245155573,264897,5.354200315475464,0.0375,0.06527777777777778,0.1486111111111111,0.38055555555555554,0.3680555555555556
369,720,0.0345920942275274,0.6104977050961042,0.8413476188526263,84,4.2944790656444336e-05,0.003671614918857813,265617,5.3685488621393835,0.034722222222222224,0.022222222222222223,0.06805555555555555,0.40555555555555556,0.46944444444444444
370,720,0.0342773061700569,0.05695407680569932,0.0586071946553226,96,4.308336743103306e-05,0.0029279151931405067,266337,5.383538178602854,0.10972222222222222,0.0375,0.13333333333333333,0.24861111111111112,0.4708333333333333
371,720,0.03396538268390938,-0.021474585217934716,-0.02124564801839335,73,4.451425622341453e-05,0.002923380583524704,267057,5.409036485354106,0.1361111111111111,0.015277777777777777,0.04861111111111111,0.2833333333333333,0.5166666666666667
372,720,0.03365629770148581,-0.14509020690478913,-0.1350557343535319,122,4.4623397047871546e-05,0.003562087658792734,267777,5.422654084364573,0.11805555555555555,0.08472222222222223,0.14444444444444443,0.2263888888888889,0.4263888888888889
373,720,0.03335002539240229,-0.45318507389705925,-0.3643995103192582,63,4.6207460988827935e-05,0.003032949985936284,268497,5.43630276521047,0.3111111111111111,0.05,0.09305555555555556,0.20972222222222223,0.33611111111111114
374,720,0.03304654016133143,-0.09782146227832009,-0.09318921076553832,84,4.5636702299766005e-05,0.002919611753895879,269217,5.451168032487233,0.05277777777777778,0.041666666666666664,0.14305555555555555,0.18333333333333332,0.5791666666666667
375,720,0.03274581664586331,0.1403211850074034,0.15064330889319133,80,4.8667564950240676e-05,0.0036653466522693634,269937,5.465098579724629,0.03611111111111111,0.013888888888888888,0.10972222222222222,0.2652777777777778,0.575
376,720,0.03244782971438596,-0.18083454852835756,-0.1654265713244989,61,4.7537922556431215e-05,0.0035713498946279287,270657,5.481860895951589,0.016666666666666666,0.004166666666666667,0.09722222222222222,0.11666666666666667,0.7652777777777777
377,720,0.032152554463985045,-0.03940007026204912,-0.03863398175504085,101,5.102181868197577e-05,0.0033559417352080345,271377,5.495438631375631,0.13472222222222222,0.05138888888888889,0.22916666666666666,0.2972222222222222,0.2875
378,720,0.03185996621836278,-0.5293194043132056,-0.4109942919631262,70,4.942718394810678e-05,0.00296334782615304,272097,5.509743682543436,0.16944444444444445,0.14305555555555555,0.09722222222222222,0.25,0.3402777777777778
379,720,0.03157004052577568,-0.20259878210172738,-0.18339418742464864,90,4.933827851295468e-05,0.003059165086597204,272817,5.526257264614105,0.20833333333333334,0.10555555555555556,0.13194444444444445,0.18055555555555555,0.3736111111111111
380,720,0.031282753156991125,-0.047624473719246954,-0.046508218922501676,98,5.1543297014531064e-05,0.003022722899913788,273537,5.540567982196808,0.09722222222222222,0.019444444444444445,0.2125,0.4111111111111111,0.25972222222222224
381,720,0.030998080103262507,0.25781743564587506,0.2941025400624748,82,5.393252604840705e-05,0.0036464789882302284,274257,5.565529950459799,0.20833333333333334,0.04861111111111111,0.11388888888888889,0.2152777777777778,0.41388888888888886
382,720,0.030715997574322817,0.16174302095967186,0.17555810870716249,58,4.9791126151730065e-05,0.00355656910687685,274977,5.580699662367503,0.3458333333333333,0.1125,0.05694444444444444,0.1361111111111111,0.3486111111111111
383,720,0.03043648199639648,0.014884738237623655,0.014996067637649269,63,5.120215417188471e-05,0.003544752486050129,275697,5.5941171487172445,0.43333333333333335,0.07083333333333333,0.175,0.12638888888888888,0.19444444444444445
384,720,0.030159510010229273,0.01847401168301365,0.018645711937921527,64,5.300208714263337e-05,0.003010176122188568,276417,5.607448315620422,0.05555555555555555,0.015277777777777777,0.10555555555555556,0.19027777777777777,0.6333333333333333
385,720,0.029885058469136187,-0.31864471732875543,-0.27286615852619234,59,5.0112634314953336e-05,0.002523596165701747,277137,5.622165763378144,0.1375,0.013888888888888888,0.18194444444444444,0.22361111111111112,0.44305555555555554
386,720,0.029613104437067047,0.09609458987748176,0.10086318958351237,55,5.072579082884153e-05,0.002331685507670045,277857,5.635485816001892,0.06805555555555555,0.008333333333333333,0.13472222222222222,0.44166666666666665,0.3472222222222222
387,720,0.029343625186689738,-0.018476077157914002,-0.0183064407891238,63,5.1015860184280526e-05,0.0019017680315300822,278577,5.646902847290039,0.16666666666666666,0.043055555555555555,0.1736111111111111,0.36527777777777776,0.2513888888888889
388,720,0.029076598197490863,-0.18501161768961016,-0.16890537160339036,65,5.0948152599832816e-05,0.0028114039450883865,279297,5.6603908459345496,0.17916666666666667,0.03611111111111111,0.09166666666666666,0.25416666666666665,0.4388888888888889
389,720,0.028812001153893697,-0.14148075905428284,-0.13192812205190996,54,5.195089180334536e-05,0.0024264638777822256,280017,5.675045466423034,0.06666666666666667,0.05138888888888889,0.16527777777777777,0.1638888888888889,0.5527777777777778
390,720,0.028549811943393264,-0.03326448712949256,-0.03271730806892392,67,4.918786979967788e-05,0.002777994377538562,280737,5.689829683303833,0.15416666666666667,0.043055555555555555,0.1597222222222222,0.3333333333333333,0.30972222222222223
391,720,0.028290008654708387,0.10502901829717254,0.11074284175391957,60,5.0101219284846995e-05,0.0029588844627141953,281457,5.714728780587515,0.28888888888888886,0.06666666666666667,0.16666666666666666,0.20277777777777778,0.275
392,720,0.02803256957595054,0.024003470237753725,0.024293872427718632,57,4.939609677118521e-05,0.0022496532183140516,282177,5.73038714726766,0.3333333333333333,0.07361111111111111,0.0763888888888889,0.2875,0.22916666666666666
393,720,0.02777747319280939,-0.13524059727922128,-0.12649427669674063,63,4.828148120294726e-05,0.0022254791110754013,282897,5.745576779047648,0.5472222222222223,0.05277777777777778,0.08611111111111111,0.11527777777777778,0.1986111111111111
394,720,0.027524698186754824,0.011359941149553958,0.01142471030659964,66,5.1675814866788035e-05,0.002488223370164633,283617,5.759669947624206,0.20972222222222223,0.06666666666666667,0.18194444444444444,0.28055555555555556,0.2611111111111111
395,720,0.027274223433255355,-0.06236901003413576,-0.060463875441744364,55,5.218353761620165e-05,0.002639814279973507,284337,5.773260748386383,0.12777777777777777,0.005555555555555556,0.12361111111111112,0.37916666666666665,0.3638888888888889
396,720,0.027026028000012733,-0.36581380528061974,-0.306368060208695,85,5.277178115269028e-05,0.0025773763190954924,285057,5.787236233552297,0.08055555555555556,0.04861111111111111,0.14166666666666666,0.2708333333333333,0.4583333333333333
397,720,0.02678009114521262,-0.017134065943864848,-0.016988112616168283,70,5.135816549884314e-05,0.0026581715792417526,285777,5.801508132616679,0.1486111111111111,0.022222222222222223,0.2916666666666667,0.24027777777777778,0.2972222222222222
398,720,0.026536392315791184,-0.06613670774548702,-0.0639971033010398,73,4.994918991643418e-05,0.002662847749888897,286497,5.816504716873169,0.1736111111111111,0.04583333333333333,0.16944444444444445,0.25833333333333336,0.3527777777777778
399,720,0.026294911145717484,-0.01535823786354765,-0.015240901589223754,67,4.9200240304495917e-05,0.0026519556995481253,287217,5.832008814811706,0.0875,0.034722222222222224,0.1361111111111111,0.3680555555555556,0.3736111111111111
400,720,0.026055627454291456,-0.11401756882942805,-0.10775771990772032,61,4.955800597043789e-05,0.0024694751482456923,287937,5.846939464410146,0.09861111111111111,0.044444444444444446,0.15833333333333333,0.35833333333333334,0.3402777777777778
401,720,0.025818521244457403,0.02982699043471354,0.030276270883604628,70,5.0683508844586966e-05,0.002397982869297266,288657,5.872260399659475,0.06805555555555555,0.03888888888888889,0.19305555555555556,0.41388888888888886,0.2861111111111111
402,720,0.02558357270113284,0.24262886210263734,0.274595485635553,62,5.015197758287589e-05,0.0028541870415210724,289377,5.886550879478454,0.025,0.03611111111111111,0.07222222222222222,0.3597222222222222,0.5069444444444444
403,720,0.025350762189552532,0.09167834673667066,0.09601222946731713,94,5.0604694696529704e-05,0.0025455611757934093,290097,5.901383582750956,0.07361111111111111,0.0625,0.3013888888888889,0.29305555555555557,0.26944444444444443
404,720,0.025120070253627603,0.014324103817792679,0.014427185388522945,66,4.8147297196818626e-05,0.0025018565356731415,290817,5.916040762265523,0.09444444444444444,0.02638888888888889,0.25416666666666665,0.3236111111111111,0.3013888888888889
405,720,0.02489147761431959,0.03717832505031135,0.03787808399851489,68,5.317460037430363e-05,0.0029374808073043823,291537,5.9301595489184065,0.08888888888888889,0.025,0.10555555555555556,0.19305555555555556,0.5875
406,720,0.024664965168029282,-0.011063619530988455,-0.011002642774144644,62,5.086235676748806e-05,0.0028303670696914196,292257,5.945292063554128,0.06805555555555555,0.05416666666666667,0.15416666666666667,0.2708333333333333,0.4527777777777778
407,720,0.024440513985000214,-0.4519223398660317,-0.3635964090058349,78,5.134860142435274e-05,0.0027619132306426764,292977,5.960843197504679,0.11944444444444445,0.008333333333333333,0.1486111111111111,0.31666666666666665,0.40694444444444444
408,720,0.02421810530773671,-0.060315191539295,-0.05853225585352728,78,5.299862840502101e-05,0.0023696040734648705,293697,5.974859098593394,0.05416666666666667,0.043055555555555555,0.18194444444444444,0.2847222222222222,0.4361111111111111
409,720,0.023997720549436306,0.11826301414226759,0.12554010540573812,56,5.1560546564309736e-05,0.002188371494412422,294417,5.988580099741617,0.008333333333333333,0.058333333333333334,0.19444444444444445,0.40694444444444444,0.33194444444444443
410,720,0.023779341292436435,-0.09385074005920921,-0.08958135886765173,45,5.060694358513097e-05,0.0020756544545292854,295137,6.00275008281072,0.075,0.04583333333333333,0.22083333333333333,0.26666666666666666,0.39166666666666666
411,720,0.023562949286675263,-0.19671123330291837,-0.17857219993920415,61,5.232856458658514e-05,0.00184474082197994,295857,6.0295007983843485,0.15833333333333333,0.17083333333333334,0.15,0.24444444444444444,0.2763888888888889
412,720,0.02334852644816652,0.19430043351073154,0.2144610929627182,69,5.14596892672772e-05,0.0015479576541110873,296577,6.043415029843648,0.011111111111111112,0.013888888888888888,0.15138888888888888,0.325,0.4986111111111111
413,720,0.023136054857488205,0.1668234431350539,0.18154563689807457,78,5.158852483444005e-05,0.0018254827009513974,297297,6.0583671967188515,0.027777777777777776,0.043055555555555555,0.1597222222222222,0.3486111111111111,0.42083333333333334
414,720,0.022925516758285063,0.0012754956824669412,0.001276309473045023,54,5.1494918670869084e-05,0.0018894476816058159,298017,6.071136200428009,0.13194444444444445,0.14722222222222223,0.07916666666666666,0.25972222222222224,0.3819444444444444
415,720,0.02271689455578467,-0.17604109604504606,-0.16141647983719076,57,5.174243143023382e-05,0.0023807294201105833,298737,6.084546196460724,0.04861111111111111,0.008333333333333333,0.07777777777777778,0.2708333333333333,0.5944444444444444
416,720,0.022510170815327028,-0.06439743345140213,-0.062367720962964945,47,5.531522154140273e-05,0.0020300676114857197,299457,6.0979359666506445,0.002777777777777778,0.006944444444444444,0.2125,0.1736111111111111,0.6041666666666666
417,720,0.022305328260907552,0.0902635262620078,0.0944626653605829,62,5.286816757587884e-05,0.0017899323720484972,300177,6.112366267045339,0.13194444444444445,0.0763888888888889,0.23194444444444445,0.20694444444444443,0.3527777777777778
418,720,0.022102349773733293,-0.1456443833724271,-0.13553493331871458,75,5.132586818237744e-05,0.002146889455616474,300897,6.128061664104462,0.5513888888888889,0.07361111111111111,0.125,0.16666666666666666,0.08333333333333333
419,720,0.02190121839079232,-0.09891793799549167,-0.09418296186446451,68,5.2232151795629354e-05,0.0020238375291228294,301617,6.14225556453069,0.22083333333333333,0.041666666666666664,0.20833333333333334,0.18472222222222223,0.34444444444444444
420,720,0.021701917303436107,0.33094159874888435,0.39227847912873703,41,5.153980031688358e-05,0.0025933010037988424,302337,6.156721798578898,0.005555555555555556,0.005555555555555556,0.12638888888888888,0.21666666666666667,0.6458333333333334
421,720,0.021504429855974838,0.1703739542231271,0.18574818396310144,48,5.2558103185320864e-05,0.002428451320156455,303057,6.182526846726735,0.002777777777777778,0.009722222222222222,0.2111111111111111,0.26666666666666666,0.5097222222222222
422,720,0.021308739544285468,0.1361698179608267,0.145876467478391,62,5.120962709194525e-05,0.0022011296823620796,303777,6.196113828818003,0.14027777777777778,0.02638888888888889,0.12916666666666668,0.32222222222222224,0.3819444444444444
423,720,0.02111483001443247,0.0919283286546345,0.09628624695483357,97,5.0893870252998064e-05,0.0024919244460761547,304497,6.210036031405131,0.06388888888888888,0.07083333333333333,0.2847222222222222,0.15555555555555556,0.425
424,720,0.020922685061301134,-0.03954970581907548,-0.038777825532347654,81,5.2161824588539374e-05,0.002007080242037773,305217,6.223563166459401,0.07777777777777778,0.06388888888888888,0.29444444444444445,0.24027777777777778,0.3236111111111111
425,720,0.020732288627243294,-0.1632010929273475,-0.15057964118765088,70,4.989400724626749e-05,0.001406069495715201,305937,6.239197166760762,0.09861111111111111,0.07916666666666666,0.22083333333333333,0.2777777777777778,0.3236111111111111
426,720,0.02054362480073538,0.1726257297105593,0.1884212310795339,80,5.0696147966138796e-05,0.002166660036891699,306657,6.253402630488078,0.04027777777777778,0.04027777777777778,0.2625,0.25277777777777777,0.4041666666666667
427,720,0.02035667781504869,0.3008366108984251,0.35098858669262323,82,5.141713971599731e-05,0.002120979130268097,307377,6.268596144517263,0.10416666666666667,0.03888888888888889,0.2611111111111111,0.2791666666666667,0.31666666666666665
428,720,0.020171432046931746,0.19663364498527436,0.21729799578033093,41,4.850646975253565e-05,0.0024501304142177105,308097,6.282276447614034,0.006944444444444444,0.09166666666666666,0.16944444444444445,0.1597222222222222,0.5722222222222222
429,720,0.019987872015304668,0.04179153074393521,0.042677089974851645,63,5.0321755255329964e-05,0.002585086040198803,308817,6.295575817426045,0.044444444444444446,0.10416666666666667,0.18472222222222223,0.08055555555555556,0.5861111111111111
430,720,0.019805982379965396,0.052680033724906324,0.05409231716312335,56,5.0073413715128684e-05,0.0022237803786993027,309537,6.310259481271108,0.18611111111111112,0.16944444444444445,0.05,0.14305555555555555,0.4513888888888889
431,720,0.01962574794030771,-0.12100700455329602,-0.11397224665748173,69,4.9474662699190555e-05,0.0022343285381793976,310257,6.3380620837211605,0.011111111111111112,0.044444444444444446,0.24583333333333332,0.2847222222222222,0.41388888888888886
432,720,0.01944715363405091,0.06305647362458092,0.06508698685555458,67,4.652155715045107e-05,0.0027756094932556152,310977,6.352571014563242,0.04027777777777778,0.059722222222222225,0.25277777777777777,0.2111111111111111,0.4361111111111111
433,720,0.019270184535981047,0.020175271078981812,0.0203801674875832,63,4.604698790192035e-05,0.0021820208057761192,311697,6.366950766245524,0.022222222222222223,0.022222222222222223,0.225,0.22777777777777777,0.5027777777777778
434,720,0.01909482585670362,-0.13567709283394006,-0.12687547486027928,72,4.764584722604721e-05,0.00231465557590127,312417,6.381945296128591,0.011111111111111112,0.044444444444444446,0.24722222222222223,0.3416666666666667,0.35555555555555557
435,720,0.018921062941407617,0.26912224978806143,0.30881513363943736,60,4.4245949905214526e-05,0.002115248702466488,313137,6.396974631150564,0.11527777777777778,0.0875,0.1763888888888889,0.15694444444444444,0.4638888888888889
436,720,0.01874888126864081,0.11251703434387524,0.11909131973678622,59,4.636225578072602e-05,0.002333461306989193,313857,6.4117055296897885,0.006944444444444444,0.015277777777777777,0.25416666666666665,0.27361111111111114,0.45
437,720,0.018578266449096176,-0.008538590493524125,-0.008502240263200567,57,4.68915681955827e-05,0.0022195978090167046,314577,6.424633065859477,0.1736111111111111,0.15,0.15833333333333333,0.1388888888888889,0.37916666666666665
438,720,0.018409204224409403,0.21343135751247894,0.23791852154494553,77,4.4094960322935446e-05,0.002405541017651558,315297,6.438678280512492,0.125,0.09305555555555556,0.1597222222222222,0.21944444444444444,0.4027777777777778
439,720,0.01824168046596728,0.2234462014700781,0.25037836994880647,68,4.733597921307996e-05,0.0024928662460297346,316017,6.453346280256907,0.0375,0.05277777777777778,0.31805555555555554,0.21666666666666667,0.375
440,720,0.018075681173726977,-0.1567796639523091,-0.1451075983194493,57,4.43963419242108e-05,0.0022555626928806305,316737,6.469066631793976,0.13472222222222222,0.24305555555555555,0.1527777777777778,0.14444444444444443,0.325
441,720,0.01791119247504606,-0.20970283977552884,-0.1891748448407855,107,4.293548139584244e-05,0.002176545560359955,317457,6.498152498404185,0.14027777777777778,0.18888888888888888,0.28194444444444444,0.14305555555555555,0.24583333333333332
442,720,0.01774820062352314,-0.14315849070259298,-0.13338329268031002,62,4.200495432213655e-05,0.0029061981476843357,318177,6.512010884284973,0.1625,0.03333333333333333,0.10277777777777777,0.2972222222222222,0.4041666666666667
443,720,0.017586691997849083,-0.08054403784991737,-0.07738572725975656,49,4.359984915633201e-05,0.0020654378458857536,318897,6.526062782605489,0.015277777777777777,0.02638888888888889,0.20416666666666666,0.33611111111111114,0.41805555555555557
444,720,0.017426653100668658,0.07525093680461212,0.07815466562882833,63,4.279751375406704e-05,0.0026544295251369476,319617,6.54148238102595,0.03611111111111111,0.03194444444444444,0.21805555555555556,0.28194444444444444,0.43194444444444446
445,720,0.017268070557452574,0.5009692882788729,0.6503201316563583,64,4.318077671238522e-05,0.0024641593918204308,320337,6.555725367863973,0.001388888888888889,0.004166666666666667,0.2833333333333333,0.30277777777777776,0.4083333333333333
446,720,0.017110931115379754,-0.054637021676029685,-0.053171236095051144,80,4.0916071156971157e-05,0.0021757944487035275,321057,6.569809730847677,0.11666666666666667,0.14583333333333334,0.2152777777777778,0.17083333333333334,0.35138888888888886
447,720,0.016955221642229797,-0.007512351128685046,-0.007484203946884316,79,4.138465140689125e-05,0.0024752127937972546,321777,6.583840401967366,0.19444444444444445,0.09861111111111111,0.19305555555555556,0.17222222222222222,0.3416666666666667
448,720,0.016800929125285507,-0.17267238051276584,-0.1585867669348231,68,4.0854309917095736e-05,0.002466631820425391,322497,6.598827815055847,0.19027777777777777,0.10416666666666667,0.1763888888888889,0.27361111111111114,0.25555555555555554
449,720,0.016648040670245407,0.30397415516143367,0.35523402983232977,97,3.8650507588045005e-05,0.002124023623764515,323217,6.613627445697785,0.20972222222222223,0.10416666666666667,0.20694444444444443,0.23194444444444445,0.24722222222222223
450,720,0.016496543500146173,0.3277387932383925,0.38782641529669104,73,4.23813338443324e-05,0.002558706561103463,323937,6.627198648452759,0.10694444444444444,0.002777777777777778,0.25416666666666665,0.3277777777777778,0.30833333333333335
451,720,0.016346424954294843,0.35630515700971593,0.4280432591910597,42,3.9898679439273916e-05,0.002164196688681841,324657,6.65291264851888,0.020833333333333332,0.002777777777777778,0.19027777777777777,0.2777777777777778,0.5083333333333333
452,720,0.01619767248721076,0.03151867747023236,0.032020650950625784,69,4.222019019329713e-05,0.0019884398207068443,325377,6.6668854316075645,0.0625,0.001388888888888889,0.18472222222222223,0.275,0.47638888888888886
453,720,0.016050273667577143,0.443345475215099,0.5579104608333036,64,4.2025297174556425e-05,0.002479126211255789,326097,6.681612678368887,0.009722222222222222,0.004166666666666667,0.24166666666666667,0.3263888888888889,0.41805555555555557
454,720,0.015904216177202193,-0.25518209062514846,-0.22522459422229668,75,4.387022514720229e-05,0.0027343560941517353,326817,6.697161014874776,0.06666666666666667,0.016666666666666666,0.25416666666666665,0.28194444444444444,0.38055555555555554
455,720,0.015759487809989654,0.24411626956474197,0.276492739116758,77,4.291797632731687e-05,0.002980895107612014,327537,6.712186082204183,0.08333333333333333,0.008333333333333333,0.13472222222222222,0.26805555555555555,0.5055555555555555
456,720,0.015616076470918748,-0.10301470217240377,-0.09788628964727941,74,4.320322089420693e-05,0.0028999217320233583,328257,6.72653558254242,0.125,0.013888888888888888,0.16805555555555557,0.4305555555555556,0.2625
457,720,0.015473970175033387,-0.17032533285191576,-0.15660961064194157,59,4.234086523840435e-05,0.002808264922350645,328977,6.740789632002513,0.10277777777777777,0.03333333333333333,0.2833333333333333,0.225,0.35555555555555557
458,720,0.015333157046440584,0.07758853013058635,0.08067790077941184,66,4.2081199021342605e-05,0.003046938683837652,329697,6.75554978052775,0.041666666666666664,0.011111111111111112,0.17222222222222222,0.14722222222222223,0.6277777777777778
459,720,0.015193625317317975,0.04390890297997715,0.044887164445784444,76,4.224894810881273e-05,0.0031630948651582003,330417,6.769915628433227,0.08611111111111111,0.029166666666666667,0.15138888888888888,0.30972222222222223,0.4236111111111111
460,720,0.01505536332693038,-0.18055192429429873,-0.1651906673139275,61,4.2344941807136314e-05,0.0030279187485575676,331137,6.784610946973165,0.016666666666666666,0.016666666666666666,0.27361111111111114,0.3736111111111111,0.3194444444444444
461,720,0.014918359520655315,-0.11195713373167983,-0.10591741733718985,89,4.396327960497122e-05,0.003074377542361617,331857,6.809498850504557,0.2833333333333333,0.07361111111111111,0.20416666666666666,0.17777777777777778,0.2611111111111111
462,720,0.014782602449017352,-0.0413685356351245,-0.04052453611694018,63,4.42240801172981e-05,0.0025995285250246525,332577,6.82366969982783,0.12361111111111112,0.059722222222222225,0.1375,0.4,0.2791666666666667
463,720,0.014648080766731294,0.5470296794286833,0.7281123392843973,65,4.3553422690618185e-05,0.002737948903813958,333297,6.838868264357249,0.09027777777777778,0.009722222222222222,0.25555555555555554,0.20277777777777778,0.44166666666666665
464,720,0.01451478323175404,-0.00949387149673816,-0.009448946980342043,60,4.263570542030316e-05,0.002664347644895315,334017,6.853664831320445,0.07361111111111111,0.20833333333333334,0.1736111111111111,0.18888888888888888,0.35555555555555557
465,720,0.014382698704345078,0.07201363353504492,0.07466999551498721,78,4.4830102519376346e-05,0.0026844677049666643,334737,6.867605447769165,0.18194444444444444,0.0125,0.21944444444444444,0.18611111111111112,0.4
466,720,0.014251816146135538,0.17657690158577538,0.19312617652670738,73,4.587886172657818e-05,0.0026102736592292786,335457,6.881622417767843,0.16111111111111112,0.2388888888888889,0.10416666666666667,0.20833333333333334,0.2875
467,720,0.014122124619205706,0.2347569009921441,0.26460130803939763,56,4.186791275313024e-05,0.0023281294852495193,336177,6.896306264400482,0.10833333333333334,0.10694444444444444,0.16944444444444445,0.28194444444444444,0.3333333333333333
468,720,0.013993613285170934,0.021985769265748672,0.022229237294309145,50,4.486737482617779e-05,0.003264442551881075,336897,6.909427428245545,0.002777777777777778,0.016666666666666666,0.3277777777777778,0.18611111111111112,0.4666666666666667
469,720,0.013866271404275878,0.38868976906870273,0.4750468751782837,79,4.6598184376812744e-05,0.003114026738330722,337617,6.924271047115326,0.21666666666666667,0.05416666666666667,0.14722222222222223,0.17222222222222222,0.4097222222222222
470,720,0.013740088334496968,0.3880827087881759,0.47415170454720723,72,4.698057534824329e-05,0.003260142169892788,338337,6.938803462187449,0.08333333333333333,0.05555555555555555,0.14027777777777778,0.3416666666666667,0.37916666666666665
471,720,0.013615053530653046,0.5278414425937761,0.6952690208319898,51,4.484866395462935e-05,0.0033881794661283493,339057,6.965072015921275,0.018055555555555554,0.0125,0.17777777777777778,0.19444444444444445,0.5972222222222222
472,720,0.013491156543524103,-0.046891527607349985,-0.04580910465359178,75,4.439113005850635e-05,0.0035120013635605574,339777,6.97908171415329,0.10833333333333334,0.025,0.14027777777777778,0.12916666666666668,0.5972222222222222
473,720,0.013368387018978033,-0.13668353092973848,-0.12775377859145132,57,4.793011744873689e-05,0.0036785134579986334,340497,6.993265251318614,0.22777777777777777,0.03333333333333333,0.14444444444444443,0.1388888888888889,0.45555555555555555
474,720,0.013246734697105333,0.32419130195244683,0.3829118355504715,51,4.465562004346187e-05,0.003729712450876832,341217,7.0075280149777734,0.08472222222222223,0.03194444444444444,0.18194444444444444,0.23194444444444445,0.46944444444444444
475,720,0.013126189411361674,0.17379098678830393,0.18980685447733725,54,4.670127808468452e-05,0.0033380426466464996,341937,7.022996679941813,0.10555555555555556,0.025,0.15833333333333333,0.30694444444444446,0.4041666666666667
476,720,0.013006741087718283,0.13791631865361267,0.14787949015378699,81,4.665608151349766e-05,0.002847273601219058,342657,7.037212864557902,0.10277777777777777,0.0625,0.11805555555555555,0.30972222222222223,0.40694444444444444
477,720,0.012888379743820046,0.03791073867575641,0.03863851849108424,108,4.433415366015146e-05,0.003413525875657797,343377,7.051567832628886,0.19444444444444445,0.04722222222222222,0.06944444444444445,0.10138888888888889,0.5875
478,720,0.012771095488151283,-0.22747617670007145,-0.20345860248392666,374,4.569639278378822e-05,0.0035639037378132343,344097,7.066005448500316,0.31666666666666665,0.11388888888888889,0.08888888888888889,0.14444444444444443,0.33611111111111114
479,720,0.012654878519209106,-0.06909325501699455,-0.06676035325899943,352,4.58402455984065e-05,0.00422618817538023,344817,7.080446898937225,0.24861111111111112,0.1527777777777778,0.04861111111111111,0.13194444444444445,0.41805555555555557
480,720,0.012539719124684302,0.1547902591929502,0.1674130812635497,125,4.610676150933715e-05,0.004147438332438469,345537,7.097021317481994,0.18333333333333332,0.05,0.09027777777777778,0.2625,0.41388888888888886
481,720,0.012425607680649675,-0.007224047875323119,-0.007198017161560988,398,4.280717165430461e-05,0.004505246412009001,346257,7.123972634474437,0.175,0.29305555555555557,0.025,0.15138888888888888,0.35555555555555557
482,720,0.012312534650755763,-0.4072692652162505,-0.33453502039663874,268,4.5134666949151226e-05,0.004276004619896412,346977,7.13942889769872,0.1486111111111111,0.20833333333333334,0.10277777777777777,0.08055555555555556,0.4597222222222222
483,720,0.012200490585433887,-0.08777483824451084,-0.08403290573478317,107,4.3074780974923973e-05,0.0038536570500582457,347697,7.152925248940786,0.13333333333333333,0.059722222222222225,0.24027777777777778,0.33611111111111114,0.23055555555555557
484,720,0.01208946612110644,-0.1098730517821432,-0.10405213293762916,173,4.394079273374195e-05,0.003956931643188,348417,7.167307130495707,0.059722222222222225,0.1125,0.05416666666666667,0.28888888888888886,0.4847222222222222
485,720,0.01197945197940437,-0.08057394698163134,-0.0774133214389019,107,4.296141376648342e-05,0.003898011287674308,349137,7.181150233745575,0.20416666666666666,0.12777777777777777,0.10694444444444444,0.25277777777777777,0.30833333333333335
486,720,0.01187043896639179,-0.12469345827802075,-0.11723253382784626,52,4.518572987737773e-05,0.00389137864112854,349857,7.197390715281169,0.19583333333333333,0.008333333333333333,0.07916666666666666,0.20416666666666666,0.5125
487,720,0.011762417971797624,0.06178109499811436,0.06372946353931441,72,4.4239578143863886e-05,0.003471336793154478,350577,7.213485848903656,0.12361111111111112,0.025,0.1597222222222222,0.30972222222222223,0.3819444444444444
488,720,0.011655379968254265,0.06430387750657897,0.06641640948871363,69,4.553653420139704e-05,0.0035716593265533447,351297,7.228612530231476,0.17083333333333334,0.10416666666666667,0.05694444444444444,0.12361111111111112,0.5444444444444444
489,720,0.011549316010543152,-0.3815983414704305,-0.31723076177441034,91,4.426364616847422e-05,0.004334036260843277,352017,7.2429776628812155,0.025,0.05555555555555555,0.16944444444444445,0.37916666666666665,0.37083333333333335
490,720,0.011444217234847209,-0.08207319281451379,-0.07879546932358805,94,4.713058448007562e-05,0.00430222786962986,352737,7.2581004977226256,0.11805555555555555,0.21805555555555556,0.04583333333333333,0.17083333333333334,0.44722222222222224
491,720,0.011340074858010099,0.005917061572089315,0.005934601959697305,105,4.716975294690605e-05,0.0037897732108831406,353457,7.287306682268778,0.28055555555555556,0.041666666666666664,0.24166666666666667,0.13333333333333333,0.30277777777777776
492,720,0.011236880176802208,0.2688659757113504,0.30847976122494036,65,4.797276194621089e-05,0.0033331038430333138,354177,7.301629833380381,0.13333333333333333,0.009722222222222222,0.1361111111111111,0.30972222222222223,0.4111111111111111
493,720,0.011134624567193307,0.004603230006179102,0.0046138411450129535,87,4.509541466101534e-05,0.003805140731856227,354897,7.316481530666351,0.10277777777777777,0.08333333333333333,0.26666666666666666,0.12777777777777777,0.41944444444444445
494,720,0.011033299483631848,0.12003348513417009,0.12753460659483773,54,4.7370197429093726e-05,0.0036830874159932137,355617,7.330042246977488,0.24027777777777778,0.008333333333333333,0.1527777777777778,0.16944444444444445,0.42916666666666664
495,720,0.010932896458330798,-0.0717070326302581,-0.06919644906220723,82,4.6777903084047366e-05,0.00344109907746315,356337,7.344396249453227,0.2638888888888889,0.025,0.11805555555555555,0.23472222222222222,0.35833333333333334
496,720,0.010833407100559987,0.08511164858611761,0.08883862720548086,87,4.626877578428119e-05,0.003148989984765649,357057,7.360696200529734,0.2263888888888889,0.08055555555555556,0.05694444444444444,0.2847222222222222,0.35138888888888886
497,720,0.010734823095944892,0.29150213876233805,0.33843649608496706,63,4.849555189897122e-05,0.0033410568721592426,357777,7.3757642149925235,0.2791666666666667,0.013888888888888888,0.12638888888888888,0.26666666666666666,0.3138888888888889
498,720,0.010637136205771794,0.0059214530730044715,0.005939019532121614,58,4.7823805167960624e-05,0.0036144335754215717,358497,7.3886871616045635,0.18333333333333332,0.002777777777777778,0.18888888888888888,0.25277777777777777,0.37222222222222223
499,720,0.01054033826629927,0.19055281724718584,0.20991827650256045,93,4.8458619552446986e-05,0.003247110638767481,359217,7.405057148138682,0.06666666666666667,0.08194444444444444,0.1763888888888889,0.3236111111111111,0.35138888888888886
500,720,0.010444421188075948,-0.09751656833535803,-0.0929126874954943,117,4.6248196330604215e-05,0.003567188046872616,359937,7.420161100228627,0.18472222222222223,0.07777777777777778,0.15694444444444444,0.09722222222222222,0.48333333333333334
501,720,0.010349376955264456,0.0890530631072049,0.09313866012129957,88,4.905089233236342e-05,0.003745002904906869,360657,7.446725797653198,0.20277777777777778,0.04583333333333333,0.04861111111111111,0.2722222222222222,0.4305555555555556
502,720,0.01025519762497155,0.3500887928069659,0.4191935571784189,99,4.967259591618737e-05,0.003374633379280567,361377,7.460828665892283,0.29444444444444445,0.06527777777777778,0.10972222222222222,0.2263888888888889,0.30416666666666664
503,720,0.010161875326584309,-0.1522503856970888,-0.14122677071431167,83,4.954945044851734e-05,0.003431122750043869,362097,7.476851749420166,0.1111111111111111,0.04583333333333333,0.16527777777777777,0.15833333333333333,0.5194444444444445
504,720,0.010069402261112392,-0.1152852589283879,-0.10888808998121158,105,4.828951399026159e-05,0.0031694634817540646,362817,7.490860712528229,0.16111111111111112,0.08333333333333333,0.1361111111111111,0.23194444444444445,0.3875
505,720,0.01,-0.04034757661226871,-0.03954445075651736,194,4.865367718720235e-05,0.0037137907929718494,363537,7.506941533088684,0.23194444444444445,0.18333333333333332,0.1125,0.1,0.37222222222222223
506,720,0.01,0.14265185415536452,0.15332820534083114,224,4.9646425937529176e-05,0.004251377657055855,364257,7.522736430168152,0.043055555555555555,0.3333333333333333,0.05416666666666667,0.20555555555555555,0.3638888888888889
507,720,0.01,-0.1533339974377438,-0.14215684345824653,202,4.861354147401976e-05,0.0039046425372362137,364977,7.53760058482488,0.22083333333333333,0.1597222222222222,0.06944444444444445,0.1638888888888889,0.3861111111111111
508,720,0.01,-0.02959975125402068,-0.029165969101046962,209,4.878159833323379e-05,0.003521102014929056,365697,7.5515074292818705,0.041666666666666664,0.31527777777777777,0.09305555555555556,0.16111111111111112,0.3888888888888889
509,720,0.01,0.24531131022535715,0.27801911169997884,304,4.97322251084774e-05,0.00327505636960268,366417,7.565851199626922,0.12361111111111112,0.2763888888888889,0.15,0.18194444444444444,0.26805555555555555
510,720,0.01,0.06730630292680236,0.06962305667574809,201,4.942533774333747e-05,0.0029605620075017214,367137,7.580467247962952,0.12777777777777777,0.1875,0.1597222222222222,0.30833333333333335,0.21666666666666667
511,720,0.01,-0.24994103949635704,-0.22115329708847264,152,5.140337529686197e-05,0.003984475042670965,367857,7.607028861840566,0.07777777777777778,0.18333333333333332,0.0875,0.11944444444444445,0.5319444444444444
512,720,0.01,-0.021050221325891783,-0.020830211870417004,175,4.911725766684564e-05,0.004158520605415106,368577,7.623251795768738,0.18888888888888888,0.18472222222222223,0.07083333333333333,0.059722222222222225,0.49583333333333335
513,720,0.01,-0.13519709504685273,-0.12645627642124813,152,5.0270711653865874e-05,0.004739110823720694,369297,7.638170448939006,0.11944444444444445,0.2638888888888889,0.07361111111111111,0.10416666666666667,0.4388888888888889
514,720,0.01,-0.14399473473123633,-0.13410769279708046,170,4.92404522143867e-05,0.004132659640163183,370017,7.65200058221817,0.07361111111111111,0.2263888888888889,0.05,0.3055555555555556,0.34444444444444444
515,720,0.01,-0.05475885503190356,-0.053286584394017456,63,4.898937415494705e-05,0.003815863048657775,370737,7.6668351491292315,0.2861111111111111,0.05,0.125,0.2263888888888889,0.3125
516,720,0.01,0.010274351300513861,0.010327313677120031,70,4.804460763428627e-05,0.0036523467861115932,371457,7.6806318163871765,0.22916666666666666,0.07916666666666666,0.18194444444444444,0.2263888888888889,0.2833333333333333
517,720,0.01,-0.022132790206242446,-0.02188965704696666,86,4.9872937526945156e-05,0.003310902277007699,372177,7.695157814025879,0.25833333333333336,0.14027777777777778,0.1111111111111111,0.1638888888888889,0.3263888888888889
518,720,0.01,0.0520211205914023,0.05339799066696238,327,4.8523830605518016e-05,0.0038794721476733685,372897,7.708979614575704,0.08055555555555556,0.31666666666666665,0.02361111111111111,0.07916666666666666,0.5
519,720,0.01,-0.34239393959024883,-0.2899315744598565,70,5.051730311404551e-05,0.0036299917846918106,373617,7.7239506642023725,0.11388888888888889,0.11666666666666667,0.18611111111111112,0.11527777777777778,0.46805555555555556
520,720,0.01,-0.15535101557637973,-0.14388538482941948,117,5.2210004160871093e-05,0.003435470163822174,374337,7.735394179821014,0.1111111111111111,0.11944444444444445,0.11944444444444445,0.2861111111111111,0.3638888888888889
521,720,0.01,-0.010429160293549667,-0.010374965168176709,115,4.979407704139602e-05,0.0034350550267845392,375057,7.761499949296316,0.17222222222222222,0.09166666666666666,0.21388888888888888,0.3416666666666667,0.18055555555555555
522,720,0.01,0.10770291434484264,0.11371682694014762,159,4.876686689890954e-05,0.00414964510127902,375777,7.775345547993978,0.23194444444444445,0.1125,0.12361111111111112,0.2777777777777778,0.25416666666666665
523,720,0.01,0.2197749270429523,0.24579630397232677,118,4.745358018125343e-05,0.004115641117095947,376497,7.789609948794047,0.10833333333333334,0.14305555555555555,0.13194444444444445,0.3111111111111111,0.3055555555555556
524,720,0.01,-0.0021291996830724597,-0.0021269345453549526,64,4.891241747044559e-05,0.004053575452417135,377217,7.803606279691061,0.08055555555555556,0.0625,0.2652777777777778,0.24027777777777778,0.35138888888888886
525,720,0.01,0.11182410189655373,0.11831613365663607,96,4.831733240406619e-05,0.003716854378581047,377937,7.818618814150493,0.1361111111111111,0.08472222222222223,0.15555555555555556,0.3736111111111111,0.25
526,720,0.01,-0.04284861302282282,-0.04194358364595574,92,4.657407589042527e-05,0.0031355160754173994,378657,7.833894983927409,0.21944444444444444,0.058333333333333334,0.20416666666666666,0.20416666666666666,0.3138888888888889
527,720,0.01,0.13348827179621833,0.14280786297301207,105,4.775541148597363e-05,0.003304742742329836,379377,7.848702251911163,0.19722222222222222,0.07083333333333333,0.13194444444444445,0.32083333333333336,0.2791666666666667
528,720,0.01,0.09417760657747519,0.09875487468136313,75,4.783165095684833e-05,0.0034383833408355713,380097,7.863439345359803,0.08194444444444444,0.018055555555555554,0.28194444444444444,0.3486111111111111,0.26944444444444443
529,720,0.01,-0.04621415982925969,-0.04516254753317939,103,4.891022682740085e-05,0.0034729940816760063,380817,7.876922500133515,0.15416666666666667,0.06944444444444445,0.15833333333333333,0.2777777777777778,0.3402777777777778
530,720,0.01,0.04920036590664821,0.05043080017552626,76,4.8396840793429877e-05,0.003195927944034338,381537,7.8900625824928285,0.15555555555555556,0.044444444444444446,0.1486111111111111,0.31805555555555554,0.3333333333333333
531,720,0.01,-0.23056783941869993,-0.2059174369245439,67,4.9081673948118504e-05,0.0030731973238289356,382257,7.916296847661337,0.25972222222222224,0.025,0.18194444444444444,0.35138888888888886,0.18194444444444444
532,720,0.01,0.1216394269990752,0.12934681638600387,203,4.860541870862613e-05,0.003201004583388567,382977,7.9328971147537235,0.029166666666666667,0.23194444444444445,0.06527777777777778,0.18888888888888888,0.4847222222222222
533,720,0.01,0.06527390052367023,0.06745135983339967,115,4.907783900812824e-05,0.0033760396763682365,383697,7.947308433055878,0.12222222222222222,0.10833333333333334,0.1125,0.4930555555555556,0.1638888888888889
534,720,0.01,-0.037356175889021216,-0.03666704173585367,128,4.554873104072815e-05,0.0028825898189097643,384417,7.961548467477162,0.15833333333333333,0.22361111111111112,0.07361111111111111,0.22361111111111112,0.32083333333333336
535,720,0.01,0.08539459352092212,0.08914675216900858,80,4.6709841677107354e-05,0.0031525567173957825,385137,7.976395916938782,0.18888888888888888,0.04027777777777778,0.13333333333333333,0.2222222222222222,0.4152777777777778
536,720,0.01,-0.011882881668888751,-0.011812559051233129,113,4.554697085773619e-05,0.003261568956077099,385857,7.99148952960968,0.12638888888888888,0.15138888888888888,0.22083333333333333,0.16805555555555557,0.3333333333333333
537,720,0.01,0.2503887342085728,0.2845246583217509,115,4.7357959330282836e-05,0.003130244789645076,386577,8.005349918206532,0.11805555555555555,0.09861111111111111,0.16805555555555557,0.3111111111111111,0.30416666666666664
538,720,0.01,0.08274736030777391,0.08626733963246713,63,4.856585503982084e-05,0.0027697384357452393,387297,8.01924945116043,0.17083333333333334,0.06944444444444445,0.12916666666666668,0.3013888888888889,0.32916666666666666
539,720,0.01,0.14051941752566907,0.1508714264233515,61,4.690025313417815e-05,0.0030362498946487904,388017,8.0350688179334,0.09722222222222222,0.006944444444444444,0.2638888888888889,0.3680555555555556,0.2638888888888889
540,720,0.01,-0.48777634765775346,-0.3860098219706142,92,4.891462879565249e-05,0.003258466487750411,388737,8.048132546742757,0.23333333333333334,0.022222222222222223,0.2152777777777778,0.3013888888888889,0.22777777777777777
541,720,0.01,0.07441876872420479,0.07725783293987254,89,4.9062691707351606e-05,0.0029562145937234163,389457,8.07323454618454,0.125,0.05,0.21666666666666667,0.42916666666666664,0.17916666666666667
542,720,0.01,-0.030531355208759388,-0.03006998076782308,174,4.4980985284029074e-05,0.0030598118901252747,390177,8.08755985101064,0.1375,0.23472222222222222,0.07083333333333333,0.2986111111111111,0.25833333333333336
543,720,0.01,0.12198043237244144,0.12973199538911317,116,4.7189472456921064e-05,0.002799415960907936,390897,8.102528631687164,0.25,0.09722222222222222,0.18611111111111112,0.3138888888888889,0.1527777777777778
544,720,0.01,-0.13619750908434794,-0.12732974483679893,173,4.5401285142866575e-05,0.002967284293845296,391617,8.11722989877065,0.09305555555555556,0.18333333333333332,0.09722222222222222,0.3416666666666667,0.2847222222222222
545,720,0.01,-0.06639014181185515,-0.06423428826463873,142,4.461028472380551e-05,0.0031091950368136168,392337,8.132467067241668,0.09305555555555556,0.24861111111111112,0.10416666666666667,0.29305555555555557,0.2611111111111111
546,720,0.01,0.2248350397369721,0.2521161497453044,106,4.498190720975496e-05,0.0029589489568024874,393057,8.149485965569815,0.17222222222222222,0.06111111111111111,0.14583333333333334,0.29583333333333334,0.325
547,720,0.01,0.060833349076564625,0.06272179586050286,85,4.520981693884904e-05,0.0021075995173305273,393777,8.164151867230734,0.11805555555555555,0.030555555555555555,0.225,0.44722222222222224,0.17916666666666667
548,720,0.01,-0.060005833262287304,-0.05824095995926559,130,4.3360212151179035e-05,0.0022762638982385397,394497,8.178555997212728,0.24722222222222223,0.07222222222222222,0.1736111111111111,0.29444444444444445,0.2125
549,720,0.01,0.13764155173598724,0.1475641341711531,103,4.517202596364061e-05,0.0030006784945726395,395217,8.193393329779306,0.20555555555555555,0.12638888888888888,0.175,0.40694444444444444,0.08611111111111111
550,720,0.01,0.15608922988379997,0.16893050196936965,138,4.5894492460421236e-05,0.0030784360133111477,395937,8.20815071662267,0.20555555555555555,0.06388888888888888,0.19583333333333333,0.325,0.20972222222222223
551,720,0.01,-0.2209287103486582,-0.19822616356989486,103,4.460371807226693e-05,0.003099264344200492,396657,8.233427548408509,0.075,0.20277777777777778,0.1986111111111111,0.3111111111111111,0.2125
552,720,0.01,-0.06593654312555643,-0.06380972988482947,101,4.622202504454738e-05,0.0031863779295235872,397377,8.24764978090922,0.1125,0.1625,0.26666666666666666,0.2263888888888889,0.23194444444444445
553,720,0.01,0.09813583222977436,0.10311261317847742,94,4.422428251523848e-05,0.0030911832582205534,398097,8.261774814128875,0.1625,0.059722222222222225,0.1527777777777778,0.2833333333333333,0.3416666666666667
554,720,0.01,0.01580713298110069,0.01593272659332623,97,4.422110252259396e-05,0.003431642660871148,398817,8.276769697666168,0.09305555555555556,0.30833333333333335,0.16944444444444445,0.17777777777777778,0.2513888888888889
555,720,0.01,0.09838099885693423,0.1033830927321524,184,4.38247745377238e-05,0.0034297225065529346,399537,8.291304981708526,0.2902777777777778,0.11388888888888889,0.11527777777777778,0.28194444444444444,0.1986111111111111
556,720,0.01,-0.4249561800332351,-0.3462015660722073,318,4.2002349413097464e-05,0.0032589654438197613,400257,8.30710684855779,0.06944444444444445,0.3541666666666667,0.09305555555555556,0.16527777777777777,0.31805555555555554
557,720,0.01,-0.23749664161606604,-0.21140046060334727,70,4.224254278394963e-05,0.0034394680988043547,400977,8.321467733383178,0.2388888888888889,0.016666666666666666,0.1986111111111111,0.3541666666666667,0.19166666666666668
558,720,0.01,0.0628577968431761,0.06487539982049872,57,4.258006346162802e-05,0.0027875981759279966,401697,8.335598532358805,0.0375,0.05138888888888889,0.1763888888888889,0.5097222222222222,0.225
559,720,0.01,-0.015934922852500713,-0.015808633661997806,71,4.227537609848595e-05,0.0033019359689205885,402417,8.351290182272594,0.17777777777777778,0.022222222222222223,0.18333333333333332,0.4,0.21666666666666667
560,720,0.01,0.06939629775573534,0.07186090106011278,101,4.390663320792656e-05,0.0035265677142888308,403137,8.366400567690532,0.17222222222222222,0.20972222222222223,0.18194444444444444,0.2375,0.1986111111111111
561,720,0.01,-0.02441298632357798,-0.02411739964306059,76,4.302294129085264e-05,0.0029971871990710497,403857,8.390662829081217,0.10138888888888889,0.04027777777777778,0.3277777777777778,0.3388888888888889,0.19166666666666668
562,720,0.01,0.12716264481629214,0.13560170249235393,62,4.045898561963036e-05,0.0034808036871254444,404577,8.40531553030014,0.24583333333333332,0.04722222222222222,0.1763888888888889,0.29583333333333334,0.23472222222222222
563,720,0.01,-0.05264969935561183,-0.051287711193297336,51,4.19878947342214e-05,0.003818623721599579,405297,8.420128297805785,0.11805555555555555,0.044444444444444446,0.13194444444444445,0.32222222222222224,0.38333333333333336
564,720,0.01,0.17517060238086068,0.1914494633898014,64,4.030526934255047e-05,0.0035063247196376324,406017,8.434355131785075,0.22777777777777777,0.027777777777777776,0.2111111111111111,0.38055555555555554,0.1527777777777778
565,720,0.01,-0.04291313194536706,-0.04200539441967088,58,4.018352363522758e-05,0.003692325670272112,406737,8.450913747151693,0.32083333333333336,0.059722222222222225,0.24861111111111112,0.1986111111111111,0.17222222222222222
566,720,0.01,0.12327785506516091,0.1311986865700867,66,4.031262290280008e-05,0.0038079735822975636,407457,8.466274333000182,0.1625,0.022222222222222223,0.2013888888888889,0.4527777777777778,0.16111111111111112
567,720,0.01,0.09723073021154527,0.10211463542992316,65,4.1612539138845426e-05,0.0033807724248617887,408177,8.480702030658723,0.20277777777777778,0.022222222222222223,0.25416666666666665,0.3125,0.20833333333333334
568,720,0.01,0.11943264238604022,0.12685733908921137,75,4.0474350585226505e-05,0.0029931282624602318,408897,8.494534881909688,0.1388888888888889,0.05416666666666667,0.225,0.3472222222222222,0.23472222222222222
569,720,0.01,-0.03662928688730309,-0.035966551044852135,73,3.9618424154418286e-05,0.0027768441941589117,409617,8.509418265024822,0.18333333333333332,0.03888888888888889,0.2652777777777778,0.25,0.2625
570,720,0.01,-0.30408722888378004,-0.2622034935221099,64,4.0559689100266245e-05,0.0030974899418652058,410337,8.523266430695852,0.1375,0.03888888888888889,0.2847222222222222,0.42916666666666664,0.10972222222222222
571,720,0.01,0.12145934783620758,0.12914346286713863,64,3.7485018756595104e-05,0.002907114801928401,411057,8.5502539118131,0.22916666666666666,0.02361111111111111,0.25416666666666665,0.35138888888888886,0.14166666666666666
572,720,0.01,0.21592713399406185,0.2410119481220625,58,3.9816689360981804e-05,0.0030282328370958567,411777,8.566768697897594,0.19583333333333333,0.075,0.14166666666666666,0.2513888888888889,0.33611111111111114
573,720,0.01,-0.13427018757031256,-0.12564620684099914,71,4.048052313186822e-05,0.0026562802959233522,412497,8.581424045562745,0.15694444444444444,0.04861111111111111,0.2763888888888889,0.3763888888888889,0.14166666666666666
574,720,0.01,-0.1839810560020732,-0.16804843583390405,58,3.968266384567364e-05,0.002704130718484521,413217,8.595750617980958,0.13194444444444445,0.03888888888888889,0.12361111111111112,0.3333333333333333,0.37222222222222223
575,720,0.01,-0.07335146739743542,-0.07072583694883405,50,3.7544607135310395e-05,0.002523093717172742,413937,8.610039667288463,0.2847222222222222,0.020833333333333332,0.20416666666666666,0.3472222222222222,0.14305555555555555
576,720,0.01,-0.10761494286057582,-0.10202669910129925,54,3.702448778110718e-05,0.002438203664496541,414657,8.624213778972626,0.26805555555555555,0.02638888888888889,0.2111111111111111,0.35555555555555557,0.1388888888888889
577,720,0.01,-0.21337696361759226,-0.19214845083166254,66,3.9302496173200376e-05,0.002618902362883091,415377,8.639382600784302,0.2152777777777778,0.03333333333333333,0.2388888888888889,0.27361111111111114,0.2388888888888889
578,720,0.01,0.18667601988351298,0.20523674904803935,88,3.988817463778105e-05,0.002824538853019476,416097,8.654916616280873,0.13472222222222222,0.4097222222222222,0.08333333333333333,0.09305555555555556,0.2791666666666667
579,720,0.01,-0.08982023338491849,-0.0859045056449762,66,3.8804555977852336e-05,0.0029897582717239857,416817,8.669603463013967,0.275,0.09166666666666666,0.2388888888888889,0.23194444444444445,0.1625
580,720,0.01,0.14653315360601699,0.15781331586866654,78,3.8621879363947506e-05,0.00265025463886559,417537,8.683908180395763,0.30833333333333335,0.02361111111111111,0.26805555555555555,0.2916666666666667,0.10833333333333334
581,720,0.01,-0.037885523903706725,-0.03717684518116582,70,3.86572281084025e-05,0.0025215959176421165,418257,8.71083023150762,0.08472222222222223,0.058333333333333334,0.3055555555555556,0.2861111111111111,0.2652777777777778
582,720,0.01,-0.18066599961219804,-0.1652858930223836,62,3.870449622303972e-05,0.003193543292582035,418977,8.725296533107757,0.1527777777777778,0.08055555555555556,0.3125,0.24166666666666667,0.2125
583,720,0.01,0.0375872361469308,0.03830257064673526,83,3.861957952469513e-05,0.002791475970298052,419697,8.739796634515127,0.175,0.04722222222222222,0.25833333333333336,0.3013888888888889,0.21805555555555556
584,720,0.01,0.3741829615394992,0.45380311618162783,50,3.798360777409471e-05,0.0025246054865419865,420417,8.75554799636205,0.41944444444444445,0.030555555555555555,0.15694444444444444,0.20972222222222223,0.18333333333333332
585,720,0.01,-0.13664997990162914,-0.1277245133430217,71,3.785590416656406e-05,0.0027081111911684275,421137,8.76939561367035,0.23194444444444445,0.06527777777777778,0.2569444444444444,0.14027777777777778,0.3055555555555556
586,720,0.01,-0.26394615143111416,-0.23198510495378777,56,3.716413447768395e-05,0.00278271920979023,421857,8.783756180604298,0.12222222222222222,0.043055555555555555,0.22361111111111112,0.24166666666666667,0.36944444444444446
587,720,0.01,-0.1710300717104403,-0.15720377123360996,50,3.8451351981115696e-05,0.002440446289256215,422577,8.798529648780823,0.29583333333333334,0.05,0.16527777777777777,0.16805555555555557,0.32083333333333336
588,720,0.01,-0.07119966177985709,-0.06872406664661235,56,3.724479194412804e-05,0.0028982306830585003,423297,8.81277943054835,0.15833333333333333,0.06527777777777778,0.2777777777777778,0.20277777777777778,0.29583333333333334
589,720,0.01,0.03667289836518933,0.03735364526278695,77,3.702686216229267e-05,0.0023701165337115526,424017,8.827319633960723,0.2375,0.06805555555555555,0.125,0.3458333333333333,0.22361111111111112
590,720,0.01,-0.00946436279265337,-0.00941971667116459,63,3.484874903278978e-05,0.002637116238474846,424737,8.842285998662312,0.38333333333333336,0.03611111111111111,0.16666666666666666,0.16527777777777777,0.24861111111111112
591,720,0.01,0.032003222358584896,0.032520832452125115,55,3.879351981544864e-05,0.002543708775192499,425457,8.868293396631877,0.28888888888888886,0.02638888888888889,0.15416666666666667,0.17916666666666667,0.35138888888888886
592,720,0.01,0.20525985522606377,0.22784408521417876,77,3.736856251445412e-05,0.002798668807372451,426177,8.88318511247635,0.2111111111111111,0.08472222222222223,0.16944444444444445,0.32083333333333336,0.21388888888888888
593,720,0.01,0.08389504885677962,0.08751475190278724,76,3.656676477703513e-05,0.003009988460689783,426897,8.89443131685257,0.2361111111111111,0.11527777777777778,0.11944444444444445,0.20416666666666666,0.325
594,720,0.01,-0.18970513960389568,-0.17279699260629655,67,3.700792774452566e-05,0.0024428681936115026,427617,8.909366647402445,0.11388888888888889,0.03333333333333333,0.20972222222222223,0.2152777777777778,0.42777777777777776
595,720,0.01,0.004957812610535629,0.004970122899104146,58,3.6564478095139444e-05,0.0023232335224747658,428337,8.92666561603546,0.20972222222222223,0.05277777777777778,0.18472222222222223,0.23333333333333334,0.3194444444444444
596,720,0.01,-0.08990452964465678,-0.08598155722857015,134,3.7707993990605045e-05,0.0019087116234004498,429057,8.941137699286143,0.2388888888888889,0.22916666666666666,0.19583333333333333,0.19166666666666668,0.14444444444444443
597,720,0.01,0.15693466448718102,0.1699191741346242,103,3.6100142890897285e-05,0.00257421494461596,429777,8.95567101240158,0.33611111111111114,0.11527777777777778,0.11805555555555555,0.13333333333333333,0.2972222222222222
598,720,0.01,0.08159031699689501,0.08501120811274321,112,3.767673856411117e-05,0.002296481281518936,430497,8.97031462987264,0.24027777777777778,0.2125,0.19166666666666668,0.19027777777777777,0.16527777777777777
599,720,0.01,0.1800695154152233,0.19730059107669828,58,3.368566155030648e-05,0.0030592861585319042,431217,8.986032164096832,0.04583333333333333,0.07361111111111111,0.225,0.15555555555555556,0.5
600,720,0.01,0.3737621468114279,0.453191463123952,68,3.4186243489229024e-05,0.0027382439002394676,431937,9.000725734233857,0.18472222222222223,0.1361111111111111,0.11944444444444445,0.25277777777777777,0.30694444444444446
601,720,0.01,0.03757376940203163,0.03828858818503522,62,3.5267480013266724e-05,0.00272832321934402,432657,9.027654997507732,0.2847222222222222,0.10416666666666667,0.11805555555555555,0.13472222222222222,0.35833333333333334
602,720,0.01,0.11312835455375071,0.11977565202900786,57,3.7081865653792395e-05,0.002581225708127022,433377,9.043124564488728,0.15694444444444444,0.07777777777777778,0.2375,0.2777777777777778,0.25
603,720,0.01,-0.031985732168160134,-0.031479599333173125,80,3.5972340273499665e-05,0.0028095627203583717,434097,9.05737586816152,0.17777777777777778,0.016666666666666666,0.18194444444444444,0.30277777777777776,0.32083333333333336
604,720,0.01,-0.024166719284417028,-0.0238770423296778,148,3.401406893949065e-05,0.0035629807971417904,434817,9.071414295832316,0.09861111111111111,0.23333333333333334,0.11388888888888889,0.2708333333333333,0.2833333333333333
605,720,0.01,-0.022256142154318488,-0.022010301422191292,220,3.4209494472432e-05,0.0036507565528154373,435537,9.085895029703776,0.22361111111111112,0.02361111111111111,0.1,0.20277777777777778,0.45
606,720,0.01,0.11597726208300956,0.12297033783663402,61,3.4792219688976424e-05,0.0033923080191016197,436257,9.099859662850697,0.14444444444444443,0.02361111111111111,0.17083333333333334,0.33194444444444443,0.32916666666666666
607,720,0.01,-0.09787983437161368,-0.09324214166466827,79,3.495338468976822e-05,0.002911943942308426,436977,9.11492934624354,0.09861111111111111,0.13194444444444445,0.15,0.20694444444444443,0.4125
608,720,0.01,0.07689583010089805,0.07992957437824177,110,3.544053541367652e-05,0.0023050191812217236,437697,9.129277201493581,0.1986111111111111,0.16111111111111112,0.20277777777777778,0.10138888888888889,0.33611111111111114
609,720,0.01,0.01909318280520146,0.019276623247369118,86,3.626526183779788e-05,0.0026164650917053223,438417,9.146659978230794,0.22361111111111112,0.06805555555555555,0.28194444444444444,0.19027777777777777,0.2361111111111111
610,720,0.01,-0.30353897872865543,-0.2617988855699305,68,3.656220780878054e-05,0.0030646794475615025,439137,9.16056496699651,0.09027777777777778,0.05,0.1638888888888889,0.37777777777777777,0.31805555555555554
611,720,0.01,0.20984292134529572,0.23348429068565202,87,3.514736726831163e-05,0.003127521835267544,439857,9.187249346574147,0.10833333333333334,0.075,0.2125,0.2361111111111111,0.3680555555555556
612,720,0.01,0.2665853085093441,0.30549895475484656,85,3.5138770286064556e-05,0.0026739779859781265,440577,9.202184549967448,0.15833333333333333,0.09027777777777778,0.175,0.2125,0.3638888888888889
613,720,0.01,-0.2016881813254704,-0.1826502468728074,71,3.5004304013202476e-05,0.0024089186917990446,441297,9.216487395763398,0.26666666666666666,0.08333333333333333,0.19305555555555556,0.35,0.10694444444444444
614,720,0.01,-0.16201887925613465,-0.1495748510055357,67,3.631989286532189e-05,0.0031986134126782417,442017,9.231275697549185,0.11666666666666667,0.07777777777777778,0.25416666666666665,0.2847222222222222,0.26666666666666666
615,720,0.01,-0.10391032795012378,-0.09869388423545533,79,3.763184614437402e-05,0.0027556384447962046,442737,9.246042335033417,0.31805555555555554,0.07361111111111111,0.15833333333333333,0.12916666666666668,0.32083333333333336
616,720,0.01,0.021494716579438345,0.02172739210761021,77,3.593776466396371e-05,0.0020991184283047915,443457,9.260118401050567,0.17222222222222222,0.06388888888888888,0.2513888888888889,0.2986111111111111,0.21388888888888888
617,720,0.01,-0.02950384365340225,-0.029072854273405002,61,3.6477576480188465e-05,0.002463540993630886,444177,9.274704762299855,0.1375,0.09583333333333334,0.17777777777777778,0.40555555555555556,0.18333333333333332
618,720,0.01,0.27065795957458033,0.31082663799704413,73,3.731193518206055e-05,0.0021321068052202463,444897,9.290112499396006,0.19722222222222222,0.06666666666666667,0.2708333333333333,0.2875,0.17777777777777778
619,720,0.01,-0.012087108777915294,-0.012014353108864673,72,3.7017028324094604e-05,0.002203419804573059,445617,9.305422031879425,0.21944444444444444,0.058333333333333334,0.2388888888888889,0.19305555555555556,0.2902777777777778
620,720,0.01,0.10292909220270473,0.10841281117850321,106,3.6638030840347505e-05,0.002082581166177988,446337,9.320083216826122,0.1375,0.16111111111111112,0.17222222222222222,0.2791666666666667,0.25
621,720,0.01,0.04105093713456878,0.04190517585799314,72,3.760205525572423e-05,0.002320113591849804,447057,9.344740311304728,0.11944444444444445,0.2222222222222222,0.2375,0.2902777777777778,0.13055555555555556
622,720,0.01,0.18129423812886103,0.19876785061528657,85,3.8168659196773865e-05,0.0023509517777711153,447777,9.361225966612498,0.2111111111111111,0.16527777777777777,0.11944444444444445,0.20277777777777778,0.3013888888888889
623,720,0.01,0.06881158932692513,0.07123435814706203,57,3.5211461749895534e-05,0.0026544518768787384,448497,9.37703669865926,0.28888888888888886,0.04027777777777778,0.10694444444444444,0.31666666666666665,0.24722222222222223
624,720,0.01,0.05765421356731585,0.05934862398909413,74,3.793722701743718e-05,0.0023165359161794186,449217,9.391438130537669,0.030555555555555555,0.059722222222222225,0.25972222222222224,0.26666666666666666,0.38333333333333336
625,720,0.01,0.16181475593500672,0.17564244036382015,98,3.682459654959934e-05,0.0026804604567587376,449937,9.405118815104167,0.19166666666666668,0.10972222222222222,0.23333333333333334,0.2569444444444444,0.20833333333333334
626,720,0.01,0.26395241301560163,0.3020662334210551,95,3.6204804409104933e-05,0.002443544799461961,450657,9.421502880255382,0.2875,0.08611111111111111,0.10138888888888889,0.17916666666666667,0.3458333333333333
627,720,0.01,-0.15348548993098232,-0.14228679041359638,67,3.7840383592740386e-05,0.0028635503258556128,451377,9.435389629999797,0.3625,0.15555555555555556,0.12638888888888888,0.07777777777777778,0.2777777777777778
628,720,0.01,0.27759025192156084,0.319945241362561,84,3.6082935397037846e-05,0.002816313412040472,452097,9.450461745262146,0.09305555555555556,0.18194444444444444,0.1638888888888889,0.14583333333333334,0.4152777777777778
629,720,0.01,0.1008298003339927,0.10608836987084236,53,3.5200055888001063e-05,0.002822637092322111,452817,9.46479297876358,0.09722222222222222,0.06666666666666667,0.1125,0.16805555555555557,0.5555555555555556
630,720,0.01,0.25635693562645245,0.2922138828052758,77,3.610359820337787e-05,0.0025484194047749043,453537,9.480583548545837,0.30694444444444446,0.1111111111111111,0.0375,0.2569444444444444,0.2875
631,720,0.01,0.050675784600667184,0.0519817692979434,82,3.7894935998236986e-05,0.003025694051757455,454257,9.506515916188558,0.1625,0.18333333333333332,0.13472222222222222,0.11944444444444445,0.4
632,720,0.01,-0.1665024426548984,-0.15337925106940387,73,3.891146627918513e-05,0.003575331997126341,454977,9.520413649082183,0.09166666666666666,0.10277777777777777,0.08055555555555556,0.39444444444444443,0.33055555555555555
633,720,0.01,-0.3899237268520052,-0.322891482273177,130,3.8445671593005196e-05,0.0034652738831937313,455697,9.534717996915182,0.225,0.20833333333333334,0.09722222222222222,0.2388888888888889,0.23055555555555557
634,720,0.01,-0.17162974099255424,-0.15770901873723764,73,4.086997786064078e-05,0.0038608452305197716,456417,9.549188983440398,0.4861111111111111,0.08888888888888889,0.13194444444444445,0.15833333333333333,0.13472222222222222
635,720,0.01,-0.167893755634829,-0.15455634646254335,57,3.8878816437520274e-05,0.0030951285734772682,457137,9.56314309835434,0.21388888888888888,0.03611111111111111,0.1388888888888889,0.2152777777777778,0.3958333333333333
636,720,0.01,0.25555553574173545,0.29117871759460767,81,3.742758850333101e-05,0.004053736105561256,457857,9.578609128793081,0.22361111111111112,0.05277777777777778,0.24166666666666667,0.175,0.30694444444444446
637,720,0.01,-0.05661295525671518,-0.055040259703450944,86,3.908286089553157e-05,0.003807131201028824,458577,9.593313546975454,0.19583333333333333,0.06388888888888888,0.18194444444444444,0.2569444444444444,0.3013888888888889
638,720,0.01,-0.4234968907336818,-0.345246788534624,125,3.862032676048936e-05,0.003771764226257801,459297,9.607231517632803,0.25416666666666665,0.15555555555555556,0.1375,0.24583333333333332,0.20694444444444443
639,720,0.01,0.012762889043110105,0.012844682313876143,77,3.986167089919945e-05,0.0032132845371961594,460017,9.622113863627115,0.12638888888888888,0.1638888888888889,0.17222222222222222,0.24583333333333332,0.2916666666666667
640,720,0.01,-0.13641977443078165,-0.12752368763920607,79,3.9256430826147454e-05,0.003105987561866641,460737,9.635681513945261,0.1388888888888889,0.08472222222222223,0.175,0.3375,0.2638888888888889
641,720,0.01,-0.06860840445669687,-0.06630776178263453,68,3.910047651061177e-05,0.0029238867573440075,461457,9.66701754728953,0.1625,0.03888888888888889,0.20694444444444443,0.37916666666666665,0.2125
642,720,0.01,-0.08974594273700731,-0.08583659437589408,87,3.7646726073287734e-05,0.003309637773782015,462177,9.681460964679719,0.34305555555555556,0.025,0.1125,0.3013888888888889,0.21805555555555556
643,720,0.01,0.2622674306630935,0.299874122148996,70,3.842427661816651e-05,0.0032635373063385487,462897,9.696853562196095,0.24444444444444444,0.1111111111111111,0.2263888888888889,0.23333333333333334,0.18472222222222223
644,720,0.01,0.07926592973619544,0.08249215064958637,94,3.7728488439370264e-05,0.003143562003970146,463617,9.711443114280701,0.16805555555555557,0.08472222222222223,0.11527777777777778,0.3458333333333333,0.2861111111111111
645,720,0.01,0.0891746664846616,0.09327159755705217,70,3.8339579061307124e-05,0.0026927038561552763,464337,9.725702250003815,0.05,0.05138888888888889,0.24027777777777778,0.3541666666666667,0.30416666666666664
646,720,0.01,0.01092893830203752,0.010988877305788458,74,3.8472119854304765e-05,0.002662070095539093,465057,9.739298446973164,0.2,0.09305555555555556,0.2222222222222222,0.19027777777777777,0.29444444444444445
647,720,0.01,-0.10091902622479397,-0.09599376928041714,69,3.923601526215255e-05,0.002783547155559063,465777,9.753881128629049,0.32222222222222224,0.1361111111111111,0.1125,0.2833333333333333,0.14583333333333334
648,720,0.01,0.029189395402960748,0.029619581225232672,70,3.827897757370617e-05,0.002614900004118681,466497,9.768197580178578,0.24583333333333332,0.08333333333333333,0.1875,0.24166666666666667,0.24166666666666667
649,720,0.01,0.2831216563700091,0.3272666224349241,49,3.80297918405227e-05,0.0026029974687844515,467217,9.782010229428609,0.26805555555555555,0.016666666666666666,0.20416666666666666,0.29444444444444445,0.21666666666666667
650,720,0.01,0.29036235987221615,0.33691184346944314,52,3.9586579327988146e-05,0.0031134141609072685,467937,9.795862750212352,0.11666666666666667,0.034722222222222224,0.21944444444444444,0.39861111111111114,0.23055555555555557
651,720,0.01,-0.002192800480604253,-0.0021903980499662357,68,3.648127543429938e-05,0.002540016081184149,468657,9.821389396985372,0.2722222222222222,0.0375,0.08888888888888889,0.2111111111111111,0.3902777777777778
652,720,0.01,-0.0667319079065751,-0.0645540466131167,84,3.7469825748656955e-05,0.0027311269659549,469377,9.835144297281902,0.28194444444444444,0.09722222222222222,0.21666666666666667,0.3236111111111111,0.08055555555555556
653,720,0.01,-0.38008129014817743,-0.3161941797234852,72,3.8126690369861336e-05,0.0029264295008033514,470097,9.849947996934254,0.15555555555555556,0.020833333333333332,0.25972222222222224,0.20416666666666666,0.3597222222222222
654,720,0.01,-0.08270570395681444,-0.07937795721911856,70,3.8972397413140745e-05,0.003219316015020013,470817,9.864303596814473,0.23194444444444445,0.059722222222222225,0.13194444444444445,0.31666666666666665,0.25972222222222224
655,720,0.01,0.16530361152214684,0.1797512504150769,62,3.765132265256297e-05,0.0031828447245061398,471537,9.879280682404836,0.3236111111111111,0.027777777777777776,0.24861111111111112,0.2263888888888889,0.1736111111111111
656,720,0.01,0.03472205280658247,0.035331901207623195,84,3.717537033354448e-05,0.0029354379512369633,472257,9.893305365244547,0.18888888888888888,0.043055555555555555,0.19166666666666668,0.31666666666666665,0.25972222222222224
657,720,0.01,-0.09155981197615484,-0.08749326431137405,55,3.6621500655403196e-05,0.003115020925179124,472977,9.905770281950632,0.2222222222222222,0.04583333333333333,0.06805555555555555,0.3458333333333333,0.31805555555555554
658,720,0.01,-0.15938513839940702,-0.14733209942823056,83,3.76806567272878e-05,0.0032494808547198772,473697,9.919210048516591,0.24861111111111112,0.08055555555555556,0.1125,0.21388888888888888,0.34444444444444444
659,720,0.01,-0.10084747443316673,-0.09592908370081032,77,3.8436510150556086e-05,0.00345613737590611,474417,9.933569431304932,0.17916666666666667,0.07916666666666666,0.16944444444444445,0.37916666666666665,0.19305555555555556
660,720,0.01,0.12745578457396176,0.13593464129665223,77,3.703278555222924e-05,0.0027696765027940273,475137,9.949654829502105,0.14166666666666666,0.03888888888888889,0.20694444444444443,0.31805555555555554,0.29444444444444445
661,720,0.01,0.2132986985200577,0.23775431141339332,50,3.808327369117453e-05,0.0032036243937909603,475857,9.976892916361491,0.16805555555555557,0.043055555555555555,0.17222222222222222,0.2361111111111111,0.38055555555555554
662,720,0.01,-0.13851452650600626,-0.12934939633396947,59,3.7533919837389676e-05,0.0028944774530828,476577,9.991843934853872,0.13194444444444445,0.043055555555555555,0.1625,0.25277777777777777,0.4097222222222222
663,720,0.01,-0.2627469742836838,-0.23106356660933125,62,3.813182805237779e-05,0.0026465945411473513,477297,10.00586887995402,0.15,0.03611111111111111,0.3125,0.18055555555555555,0.32083333333333336
664,720,0.01,-0.184300719077389,-0.16831433752767966,58,3.7956004208202404e-05,0.0030113630928099155,478017,10.019813398520151,0.43333333333333335,0.044444444444444446,0.17777777777777778,0.13472222222222222,0.20972222222222223
665,720,0.01,0.23680220362165572,0.267190447304096,94,3.7728758364765884e-05,0.0034830844961106777,478737,10.034167599678039,0.1486111111111111,0.05138888888888889,0.1638888888888889,0.2625,0.3736111111111111
666,720,0.01,0.20569375523541586,0.2283769623735743,85,3.818660921663448e-05,0.0029944246634840965,479457,10.049142495791118,0.15833333333333333,0.05,0.1375,0.3902777777777778,0.2638888888888889
667,720,0.01,-0.16400883761769766,-0.1512654789441621,73,3.9024547955553617e-05,0.0029395311139523983,480177,10.063407667477925,0.1736111111111111,0.11805555555555555,0.15138888888888888,0.2013888888888889,0.35555555555555557
668,720,0.01,-0.1463431877892612,-0.13613881430358765,75,3.879733704050321e-05,0.0025085960514843464,480897,10.078377163410186,0.2152777777777778,0.05694444444444444,0.22361111111111112,0.12083333333333333,0.38333333333333336
669,720,0.01,-0.1868041835444768,-0.1703938289789123,57,3.8615502402687224e-05,0.0023785335943102837,481617,10.09698512951533,0.10972222222222222,0.022222222222222223,0.12361111111111112,0.25277777777777777,0.49166666666666664
670,720,0.01,0.23611510409932995,0.2663200604085094,81,3.9212728622967716e-05,0.0029156820382922888,482337,10.11275753180186,0.2652777777777778,0.0625,0.21388888888888888,0.26805555555555555,0.19027777777777777
671,720,0.01,-0.19710593969474605,-0.17889635876432497,65,3.982170377286012e-05,0.002120938152074814,483057,10.140544815858204,0.22361111111111112,0.03611111111111111,0.18611111111111112,0.375,0.17916666666666667
672,720,0.01,-0.04045146330815452,-0.039644224127417416,69,3.979534070973993e-05,0.0026115193031728268,483777,10.154825766881308,0.28888888888888886,0.10555555555555556,0.1375,0.25,0.21805555555555556
673,720,0.01,-0.06132941757349562,-0.05948663289117184,73,4.133318427142917e-05,0.0027153503615409136,484497,10.168860801060994,0.17777777777777778,0.044444444444444446,0.08611111111111111,0.1875,0.5041666666666667
674,720,0.01,-0.05414718506674005,-0.05270733109421011,88,3.9891996035142556e-05,0.0023908657021820545,485217,10.183156565825145,0.26805555555555555,0.04861111111111111,0.14583333333333334,0.3013888888888889,0.2361111111111111
675,720,0.01,0.13234352775047428,0.1415003889807589,92,4.029857058059052e-05,0.0023108620662242174,485937,10.196941431363424,0.12083333333333333,0.09166666666666666,0.20416666666666666,0.30694444444444446,0.2763888888888889
676,720,0.01,0.010357706313218034,0.01041153303318998,81,3.965356133903697e-05,0.0025043620262295008,486657,10.207517397403716,0.20833333333333334,0.04722222222222222,0.15555555555555556,0.3472222222222222,0.24166666666666667
677,720,0.01,-0.0831183510223306,-0.07975777083364244,75,3.777044651466592e-05,0.002424947451800108,487377,10.221177633603414,0.2833333333333333,0.0375,0.1638888888888889,0.24861111111111112,0.26666666666666666
678,720,0.01,0.2444675351785344,0.27694120588313154,79,3.743493660345444e-05,0.00269721238873899,488097,10.23543991247813,0.18888888888888888,0.002777777777777778,0.16805555555555557,0.25555555555555554,0.38472222222222224
679,720,0.01,-0.20268818552554937,-0.18346719151675017,96,3.8210881973554935e-05,0.0029104454442858696,488817,10.249724117914836,0.33055555555555555,0.020833333333333332,0.14444444444444443,0.3347222222222222,0.16944444444444445
680,720,0.01,-0.06515042818600147,-0.06307348737952523,76,3.719169809781104e-05,0.002602434018626809,489537,10.264034116268158,0.2847222222222222,0.0625,0.3638888888888889,0.21666666666666667,0.07222222222222222
681,720,0.01,0.42675568224378313,0.5322782532038324,62,3.714564491272338e-05,0.002471916377544403,490257,10.291813313961029,0.24722222222222223,0.03888888888888889,0.20277777777777778,0.18888888888888888,0.32222222222222224
682,720,0.01,-0.041787243928612876,-0.04092619235679995,100,3.936728945998564e-05,0.0022549983114004135,490977,10.307213099797567,0.14027777777777778,0.075,0.11805555555555555,0.3611111111111111,0.3055555555555556
683,720,0.01,0.1637016502528223,0.17786284758242332,90,3.941000860550048e-05,0.0027775599155575037,491697,10.32122186422348,0.4013888888888889,0.008333333333333333,0.11944444444444445,0.25972222222222224,0.2111111111111111
684,720,0.01,-0.21697930681053462,-0.19505337395429778,123,3.624867385636005e-05,0.002779284492135048,492417,10.336190084616343,0.14027777777777778,0.030555555555555555,0.17777777777777778,0.24166666666666667,0.4097222222222222
685,720,0.01,-0.06382075010319108,-0.06182684809969874,65,3.723510078164812e-05,0.002812144346535206,493137,10.35091102917989,0.14027777777777778,0.07777777777777778,0.16111111111111112,0.19305555555555556,0.42777777777777776
686,720,0.01,0.10438425581982558,0.11002690727621389,70,3.7409385994477714e-05,0.003448223927989602,493857,10.364757633209228,0.24027777777777778,0.006944444444444444,0.14583333333333334,0.31666666666666665,0.2902777777777778
687,720,0.01,-0.1687637830824231,-0.1552915857609507,96,3.9905990212850563e-05,0.0036481693387031555,494577,10.377910129229228,0.1111111111111111,0.06527777777777778,0.3194444444444444,0.23333333333333334,0.2708333333333333
688,720,0.01,-0.008118757709721182,-0.008085889605884078,82,3.694461463005104e-05,0.0034681656397879124,495297,10.39244133234024,0.4375,0.011111111111111112,0.12361111111111112,0.1625,0.2652777777777778
689,720,0.01,0.14654630006211572,0.15782853711064804,81,3.509435383901089e-05,0.0031125994864851236,496017,10.407129116853078,0.2972222222222222,0.027777777777777776,0.09722222222222222,0.2708333333333333,0.30694444444444446
690,720,0.01,0.22651158030900365,0.25421713397177603,71,3.5255405919087934e-05,0.003526712069287896,496737,10.419766314824422,0.18333333333333332,0.006944444444444444,0.07916666666666666,0.32916666666666666,0.4013888888888889
691,720,0.01,0.16595833762133091,0.18052391726424322,85,3.787174191024355e-05,0.0030547939240932465,497457,10.444483399391174,0.36666666666666664,0.05555555555555555,0.2,0.19027777777777777,0.1875
692,720,0.01,0.25844004654943653,0.29490851329206924,77,3.842725583480286e-05,0.0031766551546752453,498177,10.457864447434742,0.1638888888888889,0.034722222222222224,0.1986111111111111,0.26944444444444443,0.3333333333333333
693,720,0.01,-0.17586357886097984,-0.1612676036384355,98,3.862145965866956e-05,0.002696894109249115,498897,10.471004565556845,0.24305555555555555,0.05277777777777778,0.15416666666666667,0.35833333333333334,0.19166666666666668
694,720,0.01,-0.1092193352459095,-0.10346624552004702,81,3.8083514904327686e-05,0.002594475168734789,499617,10.48671148220698,0.25,0.10416666666666667,0.20972222222222223,0.21388888888888888,0.2222222222222222
695,720,0.01,0.03319694619602789,0.03375411313430532,64,3.700561845789707e-05,0.0027878531254827976,500337,10.499459950129191,0.14305555555555555,0.1125,0.1527777777777778,0.25277777777777777,0.3388888888888889
696,720,0.01,0.057178890988816886,0.05884521132079357,90,3.835320060514075e-05,0.002503775991499424,501057,10.513352080186207,0.18333333333333332,0.041666666666666664,0.08055555555555556,0.38333333333333336,0.3111111111111111
697,720,0.01,-0.16766137045250726,-0.15435985505500904,60,3.996345554039888e-05,0.0025238594971597195,501777,10.526428047815958,0.24027777777777778,0.02361111111111111,0.125,0.30416666666666664,0.30694444444444446
698,720,0.01,-0.18869361875511323,-0.1719598361889374,86,3.7765297994004264e-05,0.002458975650370121,502497,10.537517364819845,0.23472222222222222,0.06805555555555555,0.14444444444444443,0.30833333333333335,0.24444444444444444
699,720,0.01,0.13909676178320357,0.14923529668034807,75,3.753200050166722e-05,0.0026580390986055136,503217,10.552078783512115,0.1763888888888889,0.12916666666666668,0.23055555555555557,0.19444444444444445,0.26944444444444443
700,720,0.01,0.0636411254349756,0.06570987395893968,87,3.842356831253508e-05,0.002060899045318365,503937,10.565320813655854,0.18611111111111112,0.0875,0.14027777777777778,0.20416666666666666,0.3819444444444444
701,720,0.01,-0.10411285781081481,-0.09887640715372714,76,3.9679113654579445e-05,0.002009821590036154,504657,10.591870049635569,0.25,0.07222222222222222,0.11388888888888889,0.28055555555555556,0.2833333333333333
702,720,0.01,0.09694539128384196,0.10180020408352819,89,3.865188256087195e-05,0.0022538616321980953,505377,10.605235981941224,0.3,0.059722222222222225,0.16805555555555557,0.15694444444444444,0.31527777777777777
703,720,0.01,-0.2703129739065694,-0.23685938614205604,80,3.657805652766102e-05,0.0024910508655011654,506097,10.618829230467478,0.2569444444444444,0.0375,0.08611111111111111,0.15694444444444444,0.4625
704,720,0.01,-0.28226518429554376,-0.24592631048365088,62,4.073575116510458e-05,0.0027065176982432604,506817,10.632697598139446,0.3111111111111111,0.11388888888888889,0.16805555555555557,0.34305555555555556,0.06388888888888888
705,720,0.01,0.03242860488487169,0.032960142203000586,74,3.813042327465155e-05,0.0021672823932021856,507537,10.64666694800059,0.2875,0.0763888888888889,0.14166666666666666,0.25,0.24444444444444444
706,720,0.01,-0.01511530632461325,-0.015001643485476057,74,3.734937746836901e-05,0.0021135297138243914,508257,10.660874168078104,0.18194444444444444,0.05277777777777778,0.12777777777777777,0.4888888888888889,0.1486111111111111
707,720,0.01,0.08838025135441013,0.09240343094648273,67,3.7538647084526626e-05,0.002168613485991955,508977,10.673959231376648,0.2777777777777778,0.0625,0.23333333333333334,0.30416666666666664,0.12222222222222222
708,720,0.01,-0.14551704557383993,-0.13542484723125559,59,3.774178462789577e-05,0.0023622503504157066,509697,10.688647083441417,0.18888888888888888,0.05416666666666667,0.17916666666666667,0.19027777777777777,0.3875
709,720,0.01,0.04593516504052237,0.04700652613061296,49,3.751280419679561e-05,0.0021774726919829845,510417,10.70166521469752,0.13472222222222222,0.0375,0.04861111111111111,0.3527777777777778,0.4263888888888889
710,720,0.01,0.0002478787422753098,0.000247909466749352,64,3.713544373087845e-05,0.00268365815281868,511137,10.715126279989878,0.22083333333333333,0.14166666666666666,0.09444444444444444,0.3111111111111111,0.23194444444444445
711,720,0.01,0.1305930166672585,0.13950392782185594,65,3.7984782877881826e-05,0.0024440414272248745,511857,10.740410232543946,0.20972222222222223,0.030555555555555555,0.1527777777777778,0.32083333333333336,0.2861111111111111
712,720,0.01,-0.18142911175540005,-0.16592263051156542,56,3.7830291271095325e-05,0.002622118918225169,512577,10.755378297964732,0.12222222222222222,0.03611111111111111,0.09027777777777778,0.3236111111111111,0.42777777777777776
713,720,0.01,-0.10735971909294074,-0.10179748572310165,60,4.004194019873669e-05,0.00349642476066947,513297,10.768865565458933,0.1388888888888889,0.05416666666666667,0.16527777777777777,0.29444444444444445,0.3472222222222222
714,720,0.01,0.01704205261481179,0.017188096845073275,68,3.697065130457607e-05,0.003279871540144086,514017,10.784625081221263,0.15833333333333333,0.11666666666666667,0.1597222222222222,0.37916666666666665,0.18611111111111112
715,720,0.01,0.08847203092250308,0.09250369586262397,58,3.881923434568711e-05,0.0029292653780430555,514737,10.799498283863068,0.21666666666666667,0.07222222222222222,0.15416666666666667,0.325,0.23194444444444445
716,720,0.01,-0.15588332361245202,-0.14434098024956354,69,3.7263008889314935e-05,0.002579126972705126,515457,10.814906545480092,0.11388888888888889,0.10277777777777777,0.17222222222222222,0.2611111111111111,0.35
717,720,0.01,-0.18547057528856845,-0.16928672128018507,66,3.83489617332897e-05,0.0025875093415379524,516177,10.83212654987971,0.23472222222222222,0.0625,0.17916666666666667,0.35555555555555557,0.16805555555555557
718,720,0.01,0.20259213297851528,0.22457290347369785,63,3.7905539507695114e-05,0.002710605040192604,516897,10.84711910088857,0.1375,0.05694444444444444,0.15138888888888888,0.4125,0.24166666666666667
719,720,0.01,0.31445336166905014,0.369510479382954,81,3.882725822247974e-05,0.002243324648588896,517617,10.861377529303233,0.0763888888888889,0.059722222222222225,0.2,0.3638888888888889,0.3
720,720,0.01,-0.29949758187245273,-0.25880948529919534,68,4.0575266596457973e-05,0.002010188065469265,518337,10.875975632667542,0.14583333333333334,0.1,0.14166666666666666,0.41388888888888886,0.1986111111111111
721,720,0.01,-0.15785568129319594,-0.14602698264280567,74,3.905830556050205e-05,0.002295014215633273,519057,10.899898362159728,0.12361111111111112,0.07777777777777778,0.12777777777777777,0.2388888888888889,0.43194444444444446
722,720,0.01,0.39885503535755845,0.49011758858599674,62,3.905489459915164e-05,0.002537462394684553,519777,10.914174433549245,0.14583333333333334,0.0763888888888889,0.08888888888888889,0.5166666666666667,0.17222222222222222
723,720,0.01,0.1193274259721577,0.12673878143825035,53,4.050669980541797e-05,0.0025213323533535004,520497,10.927660318215688,0.17222222222222222,0.0375,0.08333333333333333,0.26805555555555555,0.4388888888888889
724,720,0.01,0.16380013589983522,0.17797885587953877,64,3.954073978952187e-05,0.0024437312968075275,521217,10.943197647730509,0.18333333333333332,0.027777777777777776,0.05694444444444444,0.43333333333333335,0.2986111111111111
725,720,0.01,0.1741181262941772,0.1901961509774548,54,3.872913995969106e-05,0.0025839093141257763,521937,10.9588449994723,0.08611111111111111,0.030555555555555555,0.06527777777777778,0.46111111111111114,0.35694444444444445
726,720,0.01,-0.0917511870594057,-0.08766787865492764,69,3.940142995588758e-05,0.00299086538143456,522657,10.972505513827006,0.21388888888888888,0.06388888888888888,0.12083333333333333,0.3972222222222222,0.20416666666666666
727,720,0.01,-0.14621687976756817,-0.1360296948150158,72,4.2852471033762006e-05,0.0025824219919741154,523377,10.986049433549246,0.14166666666666666,0.06805555555555555,0.10277777777777777,0.45694444444444443,0.23055555555555557
728,720,0.01,0.09807018432040952,0.10304019851858848,70,4.07834515082565e-05,0.0029375203885138035,524097,11.000321431954701,0.16805555555555557,0.041666666666666664,0.13472222222222222,0.48055555555555557,0.175
729,720,0.01,0.12036866091798856,0.12791259223266715,72,3.974074336888912e-05,0.002610475290566683,524817,11.01657538016637,0.08611111111111111,0.09583333333333334,0.1486111111111111,0.3638888888888889,0.3055555555555556
730,720,0.01,0.030491211407485137,0.030960829314338856,63,4.058927961902252e-05,0.0024417219683527946,525537,11.032457896073659,0.1125,0.06944444444444445,0.12222222222222222,0.5972222222222222,0.09861111111111111
731,720,0.01,-0.02908996770889596,-0.02867092771578983,63,3.997508856122699e-05,0.002445923164486885,526257,11.05478903055191,0.125,0.0625,0.175,0.3263888888888889,0.3111111111111111
732,720,0.01,-0.06260841008589586,-0.06068877351721391,78,3.964527744907779e-05,0.0029075611382722855,526977,11.069082466761271,0.09305555555555556,0.06388888888888888,0.10277777777777777,0.44027777777777777,0.3
733,720,0.01,0.03522903025524696,0.035856924209586305,68,3.9510177281777535e-05,0.002346854889765382,527697,11.08241934776306,0.19722222222222222,0.04027777777777778,0.13472222222222222,0.2777777777777778,0.35
734,720,0.01,0.011857251350009956,0.011927827224246679,59,4.137122510630636e-05,0.0025949261616915464,528417,11.096818379561107,0.1,0.05277777777777778,0.1736111111111111,0.4597222222222222,0.21388888888888888
735,720,0.01,-0.0842536542988685,-0.08080193201966268,93,3.98367267090786e-05,0.0026793768629431725,529137,11.112044715881348,0.03888888888888889,0.05138888888888889,0.06527777777777778,0.4083333333333333,0.4361111111111111
736,720,0.01,-0.00039505262632888796,-0.000394974603315279,65,4.064665402868033e-05,0.0024388814345002174,529857,11.127577181657156,0.20416666666666666,0.08472222222222223,0.08611111111111111,0.35833333333333334,0.26666666666666666
737,720,0.01,-0.005719582118579553,-0.00570325644893821,80,3.868115167935886e-05,0.00214273389428854,530577,11.141875533262889,0.10555555555555556,0.07361111111111111,0.14166666666666666,0.3638888888888889,0.31527777777777777
738,720,0.01,0.008826638094188027,0.008865707730788541,72,4.072542113438734e-05,0.0027603544294834137,531297,11.156794397036235,0.15138888888888888,0.07222222222222222,0.22361111111111112,0.30972222222222223,0.24305555555555555
739,720,0.01,-0.09279316348497908,-0.08861801212336473,57,3.97900211889161e-05,0.002910253591835499,532017,11.169983712832133,0.2763888888888889,0.041666666666666664,0.20694444444444443,0.2791666666666667,0.19583333333333333
740,720,0.01,-0.3061159638437011,-0.26369876981561347,77,3.881986153575983e-05,0.002690767403692007,532737,11.183994833628336,0.06805555555555555,0.06111111111111111,0.1625,0.4083333333333333,0.3
741,720,0.01,-0.16247549967492236,-0.14996308384895018,59,3.8052483092896084e-05,0.0027518868446350098,533457,11.208944718043009,0.125,0.05277777777777778,0.06805555555555555,0.43333333333333335,0.32083333333333336
742,720,0.01,-0.13522137529094375,-0.12647748601858855,71,3.83228969048509e-05,0.0028912797570228577,534177,11.224642948309581,0.20694444444444443,0.02361111111111111,0.10972222222222222,0.33194444444444443,0.3277777777777778
743,720,0.01,-0.2893862326243741,-0.2512770316871157,64,3.94171478357445e-05,0.002420109696686268,534897,11.23996391693751,0.10972222222222222,0.058333333333333334,0.14027777777777778,0.30694444444444446,0.38472222222222224
744,720,0.01,-0.06237342415943333,-0.06046802266276419,67,3.795287748668367e-05,0.0023034114856272936,535617,11.253431765238444,0.15138888888888888,0.05694444444444444,0.10277777777777777,0.37083333333333335,0.31805555555555554
745,720,0.01,0.04389616022358011,0.04487384978801923,95,3.9804186059831815e-05,0.002397163538262248,536337,11.267645414670309,0.22361111111111112,0.04722222222222222,0.1875,0.29583333333333334,0.24583333333333332
746,720,0.01,0.04428321564316146,0.04527835215172393,66,4.0771023916224496e-05,0.00256758788600564,537057,11.28206624587377,0.18472222222222223,0.04027777777777778,0.30277777777777776,0.26805555555555555,0.20416666666666666
747,720,0.01,0.1228626498492556,0.1307291044684129,78,4.075559955683477e-05,0.0027021821588277817,537777,11.297435295581817,0.14444444444444443,0.06111111111111111,0.21944444444444444,0.3055555555555556,0.26944444444444443
748,720,0.01,-0.07992278184450084,-0.0768123695196079,69,4.027051766368256e-05,0.0024236487224698067,538497,11.312453349431356,0.08472222222222223,0.09305555555555556,0.09166666666666666,0.30972222222222223,0.42083333333333334
749,720,0.01,-0.05519897612671169,-0.05370316126010288,84,4.0812304828503126e-05,0.0027728730347007513,539217,11.328864999612172,0.06527777777777778,0.09444444444444444,0.125,0.28055555555555556,0.43472222222222223
750,720,0.01,-0.028829527186053465,-0.028417921319222605,70,4.101264989786715e-05,0.0025821207091212273,539937,11.343607981999716,0.18055555555555555,0.02361111111111111,0.19027777777777777,0.41388888888888886,0.19166666666666668
751,720,0.01,-0.09583880750846802,-0.09138953455012389,87,4.026431618942499e-05,0.002460191957652569,540657,11.366045447190603,0.09861111111111111,0.06527777777777778,0.15416666666666667,0.4638888888888889,0.21805555555555556
752,720,0.01,-0.047792369573821006,-0.0466682928016694,72,4.099392609444092e-05,0.002503660973161459,541377,11.379656048615773,0.06527777777777778,0.04027777777777778,0.175,0.3736111111111111,0.3458333333333333
753,720,0.01,-0.221461623762922,-0.19865332577219308,71,4.201742345660225e-05,0.002390081062912941,542097,11.393785313765209,0.14583333333333334,0.06805555555555555,0.19722222222222222,0.3527777777777778,0.2361111111111111
754,720,0.01,0.05300877971820646,0.05443890275514929,76,4.029640207616265e-05,0.0020630769431591034,542817,11.409101164340973,0.18194444444444444,0.05694444444444444,0.14583333333333334,0.4486111111111111,0.16666666666666666
755,720,0.01,-0.14845186968071797,-0.1379585034954951,93,3.876077313028266e-05,0.0023731898982077837,543537,11.423603995641072,0.23194444444444445,0.06805555555555555,0.14027777777777778,0.2763888888888889,0.2833333333333333
756,720,0.01,0.2227870452242622,0.24955444681349626,106,3.938686460413818e-05,0.0024149406235665083,544257,11.438482614358266,0.19305555555555556,0.034722222222222224,0.07222222222222222,0.4097222222222222,0.2902777777777778
757,720,0.01,-0.24210903717630616,-0.21502941809037457,81,4.108597841978836e-05,0.002709566382691264,544977,11.453122929732006,0.20277777777777778,0.05,0.10833333333333334,0.3416666666666667,0.2972222222222222
758,720,0.01,-0.07646835837681434,-0.07361777393759328,76,4.047157965487713e-05,0.002210519276559353,545697,11.468043049176535,0.1361111111111111,0.059722222222222225,0.2263888888888889,0.45,0.12777777777777777
759,720,0.01,0.09465489788083833,0.09927942599950668,106,4.1030610997141694e-05,0.0024116174317896366,546417,11.483401294549306,0.19027777777777777,0.12361111111111112,0.14722222222222223,0.275,0.2638888888888889
760,720,0.01,0.4745979519447314,0.6073678284492552,79,4.102514140463932e-05,0.0021430354099720716,547137,11.497588098049164,0.08333333333333333,0.08472222222222223,0.28055555555555556,0.4388888888888889,0.1125
761,720,0.01,-0.09154697623313014,-0.08748155153423187,70,4.1237571263587194e-05,0.003009757259860635,547857,11.52253874540329,0.2111111111111111,0.09722222222222222,0.1625,0.28888888888888886,0.24027777777777778
762,720,0.01,-0.15960692590540798,-0.14752118954565607,74,3.968449826238106e-05,0.00305792479775846,548577,11.536448200543722,0.1,0.06111111111111111,0.27361111111111114,0.3972222222222222,0.16805555555555557
763,720,0.01,-0.06754825095002764,-0.0653173797964296,71,4.0824563864639965e-05,0.0024165636859834194,549297,11.550915197531383,0.14444444444444443,0.07222222222222222,0.19027777777777777,0.44027777777777777,0.1527777777777778
764,720,0.01,0.05360391654633441,0.05506662495095971,71,4.126618413869841e-05,0.002187322126701474,550017,11.567076182365417,0.14027777777777778,0.1388888888888889,0.1527777777777778,0.3638888888888889,0.20416666666666666
765,720,0.01,-0.05146487803749397,-0.050162990483795356,62,3.9730560664944885e-05,0.0020533311180770397,550737,11.581305531660716,0.17222222222222222,0.058333333333333334,0.16527777777777777,0.19722222222222222,0.40694444444444444
766,720,0.01,0.01316248020156248,0.013249486966611546,85,3.85918099621247e-05,0.002723000943660736,551457,11.59629506667455,0.15416666666666667,0.10416666666666667,0.12638888888888888,0.2513888888888889,0.3638888888888889
767,720,0.01,-0.15823778443217437,-0.14635322608005163,94,3.981592653619575e-05,0.00282842805609107,552177,11.610575032234191,0.0875,0.10833333333333334,0.2513888888888889,0.32222222222222224,0.23055555555555557
768,720,0.01,0.12379516139406938,0.1317840141936888,87,3.9742285696951916e-05,0.002434311667457223,552897,11.626014812787373,0.1527777777777778,0.19444444444444445,0.17222222222222222,0.20555555555555555,0.275
769,720,0.01,-0.32406610356771925,-0.27679756546138146,71,3.7322449118922424e-05,0.002068886300548911,553617,11.639806548754374,0.07916666666666666,0.09583333333333334,0.175,0.49583333333333335,0.15416666666666667
770,720,0.01,0.077301455244034,0.08036770981979213,63,3.9061549493150476e-05,0.0025413515977561474,554337,11.654078749815623,0.03888888888888889,0.11944444444444445,0.2861111111111111,0.44722222222222224,0.10833333333333334
771,720,0.01,0.13419997302418815,0.14362149022784032,55,3.640834904293418e-05,0.0023830998688936234,555057,11.679427131017048,0.15555555555555556,0.03888888888888889,0.20833333333333334,0.2708333333333333,0.3263888888888889
772,720,0.01,0.1018098995722008,0.1071729776643584,79,3.7810650230262075e-05,0.0024724481627345085,555777,11.69355701605479,0.06111111111111111,0.04722222222222222,0.1597222222222222,0.4236111111111111,0.30833333333333335
773,720,0.01,0.20626064571124017,0.22907351499013306,74,3.989262118579973e-05,0.0023612724617123604,556497,11.708109815915426,0.11388888888888889,0.03194444444444444,0.21944444444444444,0.3638888888888889,0.2708333333333333
774,720,0.01,-0.13743907107205514,-0.12841254673148328,80,3.7566474751808225e-05,0.0022747861221432686,557217,11.72236559788386,0.09166666666666666,0.030555555555555555,0.24583333333333332,0.26944444444444443,0.3625
775,720,0.01,-0.14084300888918908,-0.13137433249751684,76,3.649785537491981e-05,0.0023105228319764137,557937,11.737795146306356,0.09444444444444444,0.0625,0.32916666666666666,0.2847222222222222,0.22916666666666666
776,720,0.01,-0.005350860517784563,-0.005336570163570031,82,3.777567157562266e-05,0.0025069324765354395,558657,11.752762115001678,0.10833333333333334,0.10972222222222222,0.16805555555555557,0.3819444444444444,0.23194444444444445
777,720,0.01,0.09684195944004083,0.10168624875032561,80,3.8282534735066696e-05,0.00272231618873775,559377,11.768308381239573,0.20833333333333334,0.0763888888888889,0.1625,0.25277777777777777,0.3
778,720,0.01,0.269152931953847,0.30885529153840796,76,3.9791927536548936e-05,0.002094194060191512,560097,11.78097798426946,0.1527777777777778,0.04583333333333333,0.25972222222222224,0.34305555555555556,0.1986111111111111
779,720,0.01,-0.09008201305853063,-0.08614376594703121,82,3.963054562569192e-05,0.0022396615240722895,560817,11.793984381357829,0.15138888888888888,0.09861111111111111,0.2638888888888889,0.2,0.2861111111111111
780,720,0.01,0.33134444310830197,0.3928394636479353,87,3.702521721227943e-05,0.002109215361997485,561537,11.80811448097229,0.15138888888888888,0.08611111111111111,0.22083333333333333,0.3263888888888889,0.2152777777777778
781,720,0.01,-0.02695857105165679,-0.026598432307736508,94,3.6810266278229794e-05,0.001936722663231194,562257,11.831868815422059,0.16527777777777777,0.1111111111111111,0.12083333333333333,0.4125,0.19027777777777777
782,720,0.01,0.18943722764135518,0.2085692568654407,99,3.764446672297102e-05,0.0025353063829243183,562977,11.846305346488952,0.05694444444444444,0.06944444444444445,0.29305555555555557,0.2861111111111111,0.29444444444444445
783,720,0.01,-0.04839074067541284,-0.04723856831028317,74,3.7974395314677165e-05,0.0029662169981747866,563697,11.860402866204579,0.04027777777777778,0.04027777777777778,0.29444444444444445,0.43333333333333335,0.19166666666666668
784,720,0.01,-0.14902366073302367,-0.13845127021668602,65,3.8882848369010186e-05,0.003259475575760007,564417,11.874413534005482,0.075,0.09722222222222222,0.3194444444444444,0.13472222222222222,0.3736111111111111
785,720,0.01,0.017019319850707718,0.01716497361084479,70,3.897341298397805e-05,0.003263904480263591,565137,11.888505899906159,0.18194444444444444,0.0763888888888889,0.2361111111111111,0.2875,0.21805555555555556
786,720,0.01,-0.18526735311807163,-0.16911788476954515,67,3.848826320209911e-05,0.003157220548018813,565857,11.904148729642232,0.12083333333333333,0.05,0.26944444444444443,0.37916666666666665,0.18055555555555555
787,720,0.01,0.07624518739446645,0.07922715461413743,71,3.872847159729847e-05,0.0027791878674179316,566577,11.918563032150269,0.05694444444444444,0.09861111111111111,0.14444444444444443,0.3333333333333333,0.36666666666666664
788,720,0.01,-0.11711913155755878,-0.11052077819384132,90,3.7587472715788156e-05,0.002891306299716234,567297,11.932605350017548,0.1,0.16527777777777777,0.23055555555555557,0.3138888888888889,0.19027777777777777
789,720,0.01,0.22112323169287895,0.24747714981332902,55,3.57338129358848e-05,0.0028046034276485443,568017,11.94683758020401,0.18611111111111112,0.06944444444444445,0.18472222222222223,0.21805555555555556,0.3416666666666667
790,720,0.01,0.1358415964088117,0.1455004278413492,88,3.8611517762395424e-05,0.0028462298214435577,568737,11.962116964658101,0.2,0.08333333333333333,0.22361111111111112,0.23472222222222222,0.25833333333333336
791,720,0.01,0.3665889591365106,0.4428047455057935,77,3.6887620737818197e-05,0.003304448677226901,569457,11.988190881411235,0.13194444444444445,0.029166666666666667,0.15833333333333333,0.2708333333333333,0.4097222222222222
792,720,0.01,-0.004089052741894757,-0.004080703949159825,75,3.817852018528356e-05,0.003007330698892474,570177,12.003043246269225,0.18055555555555555,0.05277777777777778,0.28055555555555556,0.3472222222222222,0.1388888888888889
793,720,0.01,0.053723249903241725,0.05519253710568606,74,3.713480370935132e-05,0.002516338601708412,570897,12.01701204776764,0.075,0.059722222222222225,0.1986111111111111,0.24722222222222223,0.41944444444444445
794,720,0.01,0.06786047328458468,0.07021597434127913,56,3.770557425595042e-05,0.0027302117086946964,571617,12.032664612929027,0.19166666666666668,0.0125,0.25972222222222224,0.29583333333333334,0.24027777777777778
795,720,0.01,0.31031532924393646,0.3638551097341114,79,3.568691978064938e-05,0.0027069244533777237,572337,12.047435581684113,0.19305555555555556,0.10833333333333334,0.24722222222222223,0.225,0.2263888888888889
796,720,0.01,0.1022343811439495,0.10764305195199264,76,3.697970116339396e-05,0.0023100129328668118,573057,12.063540164629618,0.1597222222222222,0.059722222222222225,0.1763888888888889,0.325,0.2791666666666667
797,720,0.01,0.126980839072159,0.13539526234636523,69,3.7553237960865874e-05,0.002540880348533392,573777,12.07907613515854,0.10277777777777777,0.06388888888888888,0.2013888888888889,0.21805555555555556,0.41388888888888886
798,720,0.01,-0.08748510030231874,-0.08376747686322183,46,3.569758353907875e-05,0.0024929153732955456,574497,12.09357461531957,0.09166666666666666,0.06944444444444445,0.21666666666666667,0.24166666666666667,0.38055555555555554
799,720,0.01,0.186300475738345,0.2047842144220764,61,3.744182805702521e-05,0.0026637171395123005,575217,12.107979611555736,0.1361111111111111,0.013888888888888888,0.22916666666666666,0.275,0.3458333333333333
800,720,0.01,0.09449947757737681,0.09910858893364716,63,3.662825817577363e-05,0.0022024190984666348,575937,12.12546883424123,0.1597222222222222,0.07083333333333333,0.19166666666666668,0.3541666666666667,0.22361111111111112
801,720,0.01,0.011998984560200484,0.012071261168116854,54,3.6552580229454176e-05,0.002580129075795412,576657,12.149202263355255,0.18472222222222223,0.027777777777777776,0.2513888888888889,0.30416666666666664,0.23194444444444445
802,720,0.01,0.10345111552202386,0.10899157956552474,65,3.6451564422653364e-05,0.0025921755004674196,577377,12.163847347100576,0.07222222222222222,0.02638888888888889,0.21805555555555556,0.425,0.25833333333333336
803,720,0.01,0.08372268334000614,0.08732731801461191,72,3.7829790697843334e-05,0.003687099553644657,578097,12.17801793018977,0.09583333333333334,0.1,0.21805555555555556,0.2652777777777778,0.32083333333333336
804,720,0.01,0.060925457487476846,0.06281968598454513,68,3.557106652149539e-05,0.0026553766801953316,578817,12.192767230669658,0.10972222222222222,0.075,0.17222222222222222,0.3763888888888889,0.26666666666666666
805,720,0.01,0.03869696313747963,0.03945544260198708,59,3.6261185096009284e-05,0.0022908193059265614,579537,12.206153897444407,0.06527777777777778,0.1,0.3194444444444444,0.28055555555555556,0.23472222222222222
806,720,0.01,-0.044867227783332665,-0.04387557983535162,50,3.6237971508196805e-05,0.0029206096660345793,580257,12.219219680627187,0.05,0.08333333333333333,0.15138888888888888,0.31805555555555554,0.3972222222222222
807,720,0.01,-0.3626135424410103,-0.3041446999163331,57,3.56956665314101e-05,0.0029741632752120495,580977,12.23502406279246,0.08888888888888889,0.04583333333333333,0.1361111111111111,0.275,0.45416666666666666
808,720,0.01,-0.17050807042041452,-0.15676371567017144,85,3.7275883406411795e-05,0.003382860915735364,581697,12.25027293364207,0.10138888888888889,0.05694444444444444,0.24305555555555555,0.31666666666666665,0.28194444444444444
809,720,0.01,0.3218709938538089,0.3797067738220452,85,3.751309581553465e-05,0.00379009242169559,582417,12.26722784837087,0.059722222222222225,0.043055555555555555,0.13055555555555556,0.49583333333333335,0.2708333333333333
810,720,0.01,0.11693090429242502,0.12404176054647631,57,3.707177984703473e-05,0.002953721210360527,583137,12.282569678624471,0.1638888888888889,0.07222222222222222,0.24583333333333332,0.4152777777777778,0.10277777777777777
811,720,0.01,-0.3674463695330209,-0.30749953506391425,54,3.7218912429024285e-05,0.0022864695638418198,583857,12.308350014686585,0.14583333333333334,0.03333333333333333,0.13055555555555556,0.30833333333333335,0.3819444444444444
812,720,0.01,0.18214241088448566,0.19978504416344345,80,3.862328333828676e-05,0.0028820440638810396,584577,12.323348530133565,0.12222222222222222,0.10416666666666667,0.13194444444444445,0.2847222222222222,0.35694444444444445
813,720,0.01,-0.25079311914727775,-0.2218166538586721,68,3.7770063957193795e-05,0.0029314872808754444,585297,12.340169250965118,0.07361111111111111,0.06944444444444445,0.22361111111111112,0.38472222222222224,0.24861111111111112
814,720,0.01,0.013255869836978415,0.013344118385508974,56,3.743614045485325e-05,0.0022987111005932093,586017,12.355272579193116,0.02638888888888889,0.04861111111111111,0.10833333333333334,0.39305555555555555,0.4236111111111111
815,720,0.01,0.005823717372894153,0.00584070818212723,66,3.624272192407968e-05,0.0027351947501301765,586737,12.36907069683075,0.05138888888888889,0.06527777777777778,0.18194444444444444,0.30833333333333335,0.39305555555555555
816,720,0.01,-0.14572925918879917,-0.13560830238329857,69,3.7172457794238454e-05,0.0028711985796689987,587457,12.383116098244985,0.1361111111111111,0.08888888888888889,0.20833333333333334,0.17916666666666667,0.3875
817,720,0.01,-0.26515895226679775,-0.23291598945746328,75,3.7736187641712605e-05,0.003277766751125455,588177,12.397218378384908,0.059722222222222225,0.09027777777777778,0.1361111111111111,0.2916666666666667,0.4222222222222222
818,720,0.01,-0.014578597162703386,-0.014472843949986602,61,3.702957950508789e-05,0.0027422888670116663,588897,12.411242647965748,0.07361111111111111,0.05555555555555555,0.09722222222222222,0.29305555555555557,0.48055555555555557
819,720,0.01,-0.15437235190950588,-0.14304712644126494,56,3.6114902646507595e-05,0.0029283601325005293,589617,12.425509945551555,0.08611111111111111,0.019444444444444445,0.1361111111111111,0.49722222222222223,0.2611111111111111
820,720,0.01,-0.07384232379645744,-0.07118186518686598,57,3.8245457310242474e-05,0.0028084483928978443,590337,12.440110615889232,0.06805555555555555,0.03611111111111111,0.12222222222222222,0.39861111111111114,0.375
821,720,0.01,-0.11774280496369995,-0.11107534977604594,55,3.8113690290073365e-05,0.003045646706596017,591057,12.466421282291412,0.09444444444444444,0.059722222222222225,0.15833333333333333,0.2777777777777778,0.4097222222222222
822,720,0.01,0.03868197771225044,0.039439866036885984,49,3.910773556046681e-05,0.0030301986262202263,591777,12.482393817106884,0.08611111111111111,0.02638888888888889,0.1527777777777778,0.25416666666666665,0.48055555555555557
823,720,0.01,-0.03783344948387159,-0.037126705418486616,72,3.7830657691352424e-05,0.0024124174378812313,592497,12.498769315083821,0.08194444444444444,0.10694444444444444,0.19305555555555556,0.3111111111111111,0.30694444444444446
824,720,0.01,0.0812247761453703,0.08461466467264378,83,3.774630410538925e-05,0.0027251418214291334,593217,12.512764982382457,0.14027777777777778,0.03333333333333333,0.16805555555555557,0.24305555555555555,0.4152777777777778
825,720,0.01,0.0974870587913617,0.10239717511917124,71,3.693224816364212e-05,0.00215906766243279,593937,12.5268541653951,0.2111111111111111,0.03611111111111111,0.1736111111111111,0.28888888888888886,0.2902777777777778
826,720,0.01,0.21300428829987872,0.23738995753142667,70,3.864537583998147e-05,0.002672591246664524,594657,12.540460495154063,0.1527777777777778,0.05,0.25416666666666665,0.2361111111111111,0.30694444444444446
827,720,0.01,0.07616450289316684,0.07914008122216187,68,3.853484687776169e-05,0.002303461544215679,595377,12.556198251247405,0.24583333333333332,0.06666666666666667,0.16944444444444445,0.34444444444444444,0.1736111111111111
828,720,0.01,-0.08361908154982736,-0.08021844886307683,68,3.756651216614652e-05,0.0026346209924668074,596097,12.571513732274374,0.07361111111111111,0.07083333333333333,0.1597222222222222,0.36944444444444446,0.3263888888888889
829,720,0.01,0.06862520259159771,0.07103471287847074,60,3.666395960458936e-05,0.0029883049428462982,596817,12.585627130667369,0.22916666666666666,0.02638888888888889,0.06388888888888888,0.26944444444444443,0.4111111111111111
830,720,0.01,-0.0500474100742375,-0.04881567228788741,47,3.763110339226235e-05,0.0035358378663659096,597537,12.598678016662598,0.2222222222222222,0.04583333333333333,0.1763888888888889,0.38472222222222224,0.17083333333333334
831,720,0.01,0.0487618424571508,0.04997026262321236,59,3.65478229860451e-05,0.0029941294342279434,598257,12.624911097685496,0.2,0.09444444444444444,0.16805555555555557,0.275,0.2625
832,720,0.01,-0.11577590719964603,-0.10932520525566314,65,3.709637131679402e-05,0.0029003508388996124,598977,12.639137268066406,0.07777777777777778,0.08333333333333333,0.20555555555555555,0.29305555555555557,0.3402777777777778
833,720,0.01,-0.24007140843826633,-0.21342830879497776,67,3.599687629250386e-05,0.002753686159849167,599697,12.652265731493632,0.2125,0.09861111111111111,0.1486111111111111,0.22916666666666666,0.3111111111111111
834,720,0.01,-0.16645458447248102,-0.15333873236959572,56,3.775664643828552e-05,0.0029060477390885353,600417,12.667612878481547,0.2388888888888889,0.03194444444444444,0.2388888888888889,0.15555555555555556,0.3347222222222222
835,720,0.01,0.07566339465457309,0.07859945070538465,69,3.728831276122138e-05,0.0027194214053452015,601137,12.681956299146016,0.19722222222222222,0.04861111111111111,0.1125,0.26805555555555555,0.3736111111111111
836,720,0.01,-0.04752047323495623,-0.04640905015879404,72,3.8756805279010425e-05,0.0021995084825903177,601857,12.69600263039271,0.20694444444444443,0.03333333333333333,0.18194444444444444,0.2972222222222222,0.28055555555555556
837,720,0.01,-0.32753737185259474,-0.2793036429857687,44,3.8672040261644725e-05,0.0028602699749171734,602577,12.710086297988891,0.31666666666666665,0.011111111111111112,0.02638888888888889,0.18888888888888888,0.45694444444444443
838,720,0.01,0.12810727708837216,0.13667493533414565,52,3.8992689433649095e-05,0.0029593603685498238,603297,12.72444996436437,0.21944444444444444,0.022222222222222223,0.14027777777777778,0.14722222222222223,0.4708333333333333
839,720,0.01,-0.37885473230139954,-0.3153549377447533,67,4.174902107934031e-05,0.003702397458255291,604017,12.739634378751118,0.35555555555555557,0.06805555555555555,0.14583333333333334,0.17916666666666667,0.2513888888888889
840,720,0.01,0.1367879931610575,0.14658503888118402,65,3.8845527089708616e-05,0.003384694457054138,604737,12.754090265432994,0.3458333333333333,0.0375,0.16944444444444445,0.2125,0.23472222222222222
841,720,0.01,0.18634131064891504,0.20483341268222577,51,3.825793255221773e-05,0.002979805925861001,605457,12.780687348047893,0.31666666666666665,0.05416666666666667,0.08333333333333333,0.33194444444444443,0.21388888888888888
842,720,0.01,0.07781351658886475,0.08092106602626403,61,3.957541262909419e-05,0.002824285998940468,606177,12.789659829934438,0.19027777777777777,0.029166666666666667,0.09722222222222222,0.2791666666666667,0.4041666666666667
843,720,0.01,-0.04503102589080108,-0.044032178380257636,73,3.965132216055483e-05,0.002564801834523678,606897,12.803473782539367,0.35555555555555557,0.05416666666666667,0.16805555555555557,0.2986111111111111,0.12361111111111112
844,720,0.01,-0.01278709861537401,-0.012705691028256139,46,4.1521544124457755e-05,0.002440622542053461,607617,12.8182740966479,0.2013888888888889,0.04861111111111111,0.15416666666666667,0.24027777777777778,0.35555555555555557
845,720,0.01,-0.05067606245035235,-0.049413448659171744,60,4.0244889865132586e-05,0.0022759372368454933,608337,12.831928014755249,0.2513888888888889,0.04027777777777778,0.20277777777777778,0.28194444444444444,0.22361111111111112
846,720,0.01,-0.27795425452707373,-0.24266853479202988,63,4.097383982626626e-05,0.002472345484420657,609057,12.846568961938223,0.18472222222222223,0.06527777777777778,0.20833333333333334,0.3347222222222222,0.20694444444444443
847,720,0.01,-0.09503753490725295,-0.09066119811993822,61,4.111557954047385e-05,0.0028885342180728912,609777,12.860540115833283,0.11527777777777778,0.1,0.16944444444444445,0.29444444444444445,0.32083333333333336
848,720,0.01,0.07524884890583809,0.07815241455337807,65,4.179324944415283e-05,0.00255640409886837,610497,12.875442282358806,0.35833333333333334,0.0375,0.15555555555555556,0.24027777777777778,0.20833333333333334
849,720,0.01,-0.15509546656877463,-0.14366657763232493,64,4.107724219137607e-05,0.0027460837736725807,611217,12.888635365168254,0.1638888888888889,0.0875,0.14166666666666666,0.25555555555555554,0.35138888888888886
850,720,0.01,0.09576450956650655,0.1004998762841387,65,4.093492276777195e-05,0.002835253719240427,611937,12.90227496623993,0.2,0.08333333333333333,0.19444444444444445,0.2763888888888889,0.24583333333333332
851,720,0.01,0.15654549690067465,0.16946396809468456,55,4.122650151051251e-05,0.002796952845528722,612657,12.92771529754003,0.37083333333333335,0.07361111111111111,0.12638888888888888,0.20416666666666666,0.225
852,720,0.01,0.03909224842338621,0.039866405262199756,56,4.076532740858359e-05,0.0028186505660414696,613377,12.941978764533996,0.14583333333333334,0.08611111111111111,0.11944444444444445,0.21805555555555556,0.4305555555555556
853,720,0.01,-0.21006142578145692,-0.189465543271371,70,4.0045322311420426e-05,0.0023290289100259542,614097,12.956516015529633,0.2916666666666667,0.034722222222222224,0.17083333333333334,0.2625,0.24027777777777778
854,720,0.01,-0.221854804364838,-0.19896833780753964,60,4.21121351425629e-05,0.002637794241309166,614817,12.971431215604147,0.25833333333333336,0.10277777777777777,0.14722222222222223,0.1375,0.3541666666666667
855,720,0.01,0.00037865398822019953,0.0003787256866918387,55,4.100208378822066e-05,0.0023720930330455303,615537,12.985794083277385,0.31805555555555554,0.043055555555555555,0.18611111111111112,0.16944444444444445,0.2833333333333333
856,720,0.01,0.07199058975043451,0.0746452313364121,56,4.113951770882017e-05,0.0025169914588332176,616257,12.999855748812358,0.3111111111111111,0.07222222222222222,0.2513888888888889,0.21944444444444444,0.14583333333333334
857,720,0.01,0.11464630366817814,0.12147670521782428,52,4.1445449748304476e-05,0.00242525152862072,616977,13.013884178797404,0.2902777777777778,0.03888888888888889,0.06805555555555555,0.3347222222222222,0.26805555555555555
858,720,0.01,-0.07936873565825156,-0.07630073921342317,59,4.158009524720304e-05,0.0031008338555693626,617697,13.030456149578095,0.25416666666666665,0.018055555555555554,0.14166666666666666,0.19166666666666668,0.39444444444444443
859,720,0.01,0.3903974046777413,0.4775678696046588,68,4.0166560275641434e-05,0.003931925632059574,618417,13.044607083002726,0.1111111111111111,0.02361111111111111,0.06805555555555555,0.15,0.6472222222222223
860,720,0.01,0.02386386055681841,0.02415088106873009,76,3.982452230325685e-05,0.0034499189350754023,619137,13.05848178466161,0.4,0.0763888888888889,0.10138888888888889,0.11666666666666667,0.3055555555555556
861,720,0.01,0.002016207729834832,0.0020182416433403016,62,4.2128319162455024e-05,0.0036538243293762207,619857,13.08327049811681,0.2861111111111111,0.058333333333333334,0.09444444444444444,0.17916666666666667,0.3819444444444444
862,720,0.01,0.34580877450540154,0.41313236304383416,60,4.181200147159972e-05,0.0035666581243276596,620577,13.096211381753285,0.23194444444444445,0.13472222222222222,0.18472222222222223,0.12916666666666668,0.3194444444444444
863,720,0.01,0.1364382683940469,0.1461841198053564,54,4.03071017634223e-05,0.002812021179124713,621297,13.10997703075409,0.22916666666666666,0.02361111111111111,0.15,0.32916666666666666,0.26805555555555555
864,720,0.01,-0.1048210938028523,-0.09951438936780344,60,4.1087559634434004e-05,0.0025971545837819576,622017,13.123709332942962,0.2263888888888889,0.006944444444444444,0.18888888888888888,0.15416666666666667,0.4236111111111111
865,720,0.01,0.13921190761330096,0.14936763395145847,86,4.426331095020133e-05,0.0025383790489286184,622737,13.138650282224019,0.1125,0.08472222222222223,0.2791666666666667,0.25833333333333336,0.2652777777777778
866,720,0.01,-0.03413327369704403,-0.0335573053366951,69,4.255062181452255e-05,0.003159316722303629,623457,13.153844896952311,0.09444444444444444,0.06527777777777778,0.19722222222222222,0.20694444444444443,0.4361111111111111
867,720,0.01,0.0459973417619397,0.04707162758758421,59,3.929236858084551e-05,0.002690102905035019,624177,13.168238627910615,0.2361111111111111,0.09027777777777778,0.19444444444444445,0.2652777777777778,0.21388888888888888
868,720,0.01,0.08547173906096175,0.08923077822446546,48,4.008132125995366e-05,0.0028570089489221573,624897,13.182819298903148,0.12916666666666668,0.019444444444444445,0.21944444444444444,0.20416666666666666,0.42777777777777776
869,720,0.01,0.030553671168405898,0.031025224892303083,84,4.1563074586924305e-05,0.002944370498880744,625617,13.197059881687164,0.19027777777777777,0.075,0.06805555555555555,0.32222222222222224,0.34444444444444444
870,720,0.01,-0.6766374595178402,-0.4916766201980115,62,4.2629502824335454e-05,0.0034809871576726437,626337,13.212059811751049,0.22916666666666666,0.06805555555555555,0.09027777777777778,0.3638888888888889,0.24861111111111112
871,720,0.01,0.04961840257208032,0.05087001056112461,75,4.301685687298434e-05,0.0031132728327065706,627057,13.239725597699483,0.1638888888888889,0.11805555555555555,0.15555555555555556,0.2777777777777778,0.2847222222222222
872,720,0.01,-0.1977535617734007,-0.17942795145709212,157,4.350827117226193e-05,0.0033501898869872093,627777,13.254744064807891,0.1638888888888889,0.11666666666666667,0.2,0.29444444444444445,0.225
873,720,0.01,-0.2754714080394476,-0.24078586079555764,109,4.268362551000691e-05,0.0029043741524219513,628497,13.269447163740795,0.15416666666666667,0.13333333333333333,0.13333333333333333,0.2611111111111111,0.31805555555555554
874,720,0.01,-0.004870149681919518,-0.004858309731532229,118,4.216000968300351e-05,0.003122231224551797,629217,13.28356333176295,0.1875,0.10138888888888889,0.2013888888888889,0.28888888888888886,0.22083333333333333
875,720,0.01,0.041333405653663995,0.04219952283997497,110,4.450609140020687e-05,0.003389185993000865,629937,13.298208431402843,0.21805555555555556,0.09166666666666666,0.16666666666666666,0.22777777777777777,0.29583333333333334
876,720,0.01,-0.18717259918683868,-0.1706994125749709,89,4.0613896975274755e-05,0.0026709544472396374,630657,13.313208850224813,0.12916666666666668,0.09583333333333334,0.19444444444444445,0.3625,0.21805555555555556
877,720,0.01,-0.15642759280841062,-0.14480656238375766,85,4.196488616925207e-05,0.0027403109706938267,631377,13.32887628475825,0.225,0.09444444444444444,0.15,0.2638888888888889,0.26666666666666666
878,720,0.01,0.17491516048566777,0.1911451561489126,80,3.949474166423291e-05,0.0024327458813786507,632097,13.343713680903116,0.059722222222222225,0.2152777777777778,0.2569444444444444,0.15416666666666667,0.3138888888888889
879,720,0.01,-0.0425129512017983,-0.04162194670699604,112,4.192750935393026e-05,0.0025412430986762047,632817,13.358271880944569,0.14444444444444443,0.10277777777777777,0.11527777777777778,0.21805555555555556,0.41944444444444445
880,720,0.01,-0.008149905328938806,-0.008116784887729267,113,4.116506947613945e-05,0.0025471325498074293,633537,13.37426054875056,0.11944444444444445,0.08055555555555556,0.2,0.22777777777777777,0.37222222222222223
881,720,0.01,0.12380023851983074,0.1317897604180518,108,4.1419596842868284e-05,0.0024129534140229225,634257,13.398332782586415,0.13194444444444445,0.10555555555555556,0.33055555555555555,0.18611111111111112,0.24583333333333332
882,720,0.01,0.04308359938334462,0.04402517106294179,121,4.047890908951659e-05,0.002728221006691456,634977,13.41307728290558,0.12777777777777777,0.022222222222222223,0.1486111111111111,0.2875,0.41388888888888886
883,720,0.01,0.011363682315984596,0.011428494221851881,112,3.953943411892801e-05,0.002444867044687271,635697,13.426721449693044,0.12638888888888888,0.09861111111111111,0.2152777777777778,0.2222222222222222,0.3375
884,720,0.01,0.2100488849996374,0.23373836978236895,61,3.9799073620846076e-05,0.002884446643292904,636417,13.441014162699382,0.14583333333333334,0.06805555555555555,0.20277777777777778,0.13055555555555556,0.4527777777777778
885,720,0.01,0.23692029459453742,0.26734009989298047,82,4.030600373425841e-05,0.002188674174249172,637137,13.455547980467479,0.21805555555555556,0.07916666666666666,0.275,0.18611111111111112,0.24166666666666667
886,720,0.01,-0.052779485957011305,-0.051410833346993035,96,4.144623237860085e-05,0.0020916652865707874,637857,13.470641565322875,0.19722222222222222,0.09861111111111111,0.25277777777777777,0.23055555555555557,0.22083333333333333
887,720,0.01,-0.20694421809085303,-0.18693499695925087,75,4.0406209834347664e-05,0.00228108000010252,638577,13.4871844013532,0.21666666666666667,0.08611111111111111,0.28194444444444444,0.22916666666666666,0.18611111111111112
888,720,0.01,-0.04011451884695763,-0.039320583046490665,84,4.1491193514452285e-05,0.002803780836984515,639297,13.500819782416025,0.22916666666666666,0.09861111111111111,0.16805555555555557,0.18055555555555555,0.3236111111111111
889,720,0.01,0.30390400930533945,0.35513896911519605,103,4.076239049734593e-05,0.0023904219269752502,640017,13.515677865346273,0.19305555555555556,0.059722222222222225,0.12638888888888888,0.07361111111111111,0.5472222222222223
890,720,0.01,0.013986629832277808,0.014084900362652197,59,4.153372150691818e-05,0.002290627919137478,640737,13.530396580696106,0.11388888888888889,0.075,0.19722222222222222,0.28194444444444444,0.33194444444444443
891,720,0.01,-0.30261711723856544,-0.26111805262197385,57,3.870347988671104e-05,0.001966590527445078,641457,13.554388165473938,0.0875,0.043055555555555555,0.12916666666666668,0.12638888888888888,0.6138888888888889
892,720,0.01,-0.20392209204906256,-0.18447409533545345,86,4.389866150960289e-05,0.0024389424361288548,642177,13.568716363112133,0.14166666666666666,0.08333333333333333,0.2833333333333333,0.225,0.26666666666666666
893,720,0.01,-0.011306970885380572,-0.01124328733873814,73,4.4052587970276766e-05,0.0025887489318847656,642897,13.582540448506673,0.22916666666666666,0.10138888888888889,0.12916666666666668,0.21805555555555556,0.32222222222222224
894,720,0.01,-0.1331192850615951,-0.12463933157044982,64,4.14828268554225e-05,0.0032761278562247753,643617,13.5958003838857,0.06527777777777778,0.09722222222222222,0.2013888888888889,0.2388888888888889,0.3972222222222222
895,720,0.01,-0.011536941930398757,-0.011470646609191615,101,4.3751894601326864e-05,0.0025615482591092587,644337,13.609996914863586,0.22916666666666666,0.14027777777777778,0.1763888888888889,0.20416666666666666,0.25
896,720,0.01,0.06812730105632113,0.07050157578649574,31,4.330020533795202e-05,0.0033378014340996742,645057,13.624562815825145,0.022222222222222223,0.05277777777777778,0.019444444444444445,0.12916666666666668,0.7763888888888889
897,720,0.01,0.16166130883667051,0.17546205528280456,73,4.3633931877846204e-05,0.0029982002452015877,645777,13.638234150409698,0.1361111111111111,0.13333333333333333,0.18472222222222223,0.2986111111111111,0.24722222222222223
898,720,0.01,-0.05377840075531953,-0.05235791999488859,50,4.429182773593412e-05,0.003295415546745062,646497,13.654006862640381,0.1625,0.09166666666666666,0.12083333333333333,0.1736111111111111,0.4513888888888889
899,720,0.01,0.0043266693685652955,0.0043360429163483705,74,4.569580107474596e-05,0.004022793844342232,647217,13.66820274591446,0.14305555555555555,0.10694444444444444,0.25277777777777777,0.2388888888888889,0.25833333333333336
900,720,0.01,0.21070501927708285,0.23454813344397518,97,4.614467553665236e-05,0.0033148196525871754,647937,13.682071248690287,0.14583333333333334,0.15833333333333333,0.23333333333333334,0.10416666666666667,0.35833333333333334
901,720,0.01,-0.14415760901437313,-0.13424871290130302,161,4.7638851957445794e-05,0.0033828287851065397,648657,13.704043996334075,0.06944444444444445,0.059722222222222225,0.2513888888888889,0.28194444444444444,0.3375
902,720,0.01,-0.0968189571863374,-0.09227967249966762,91,4.707877712917252e-05,0.003043682314455509,649377,13.719192481040954,0.06388888888888888,0.1361111111111111,0.2902777777777778,0.19166666666666668,0.31805555555555554
903,720,0.01,0.055915730527310706,0.0575085642925619,67,4.620400178383635e-05,0.0029682486783713102,650097,13.735144245624543,0.04722222222222222,0.04861111111111111,0.24583333333333332,0.275,0.38333333333333336
904,720,0.01,0.16030150521726763,0.1738647439865293,88,4.508901467564404e-05,0.0033884430304169655,650817,13.750599344571432,0.05555555555555555,0.08611111111111111,0.2708333333333333,0.22916666666666666,0.35833333333333334
905,720,0.01,-0.43608464903666955,-0.35343700731556393,68,4.410590843614652e-05,0.0029060181695967913,651537,13.765343395868937,0.058333333333333334,0.07916666666666666,0.16111111111111112,0.08333333333333333,0.6180555555555556
906,720,0.01,0.24815281014864435,0.28165576723915375,119,5.029992095918108e-05,0.00334510812535882,652257,13.7816752632459,0.12361111111111112,0.12638888888888888,0.3138888888888889,0.18472222222222223,0.2513888888888889
907,720,0.01,-0.17905599477537457,-0.16394091685424772,103,4.807061835284306e-05,0.0033067429903894663,652977,13.796022800604502,0.10833333333333334,0.07777777777777778,0.19722222222222222,0.13194444444444445,0.4847222222222222
908,720,0.01,-0.018946136223044776,-0.01876778630749687,175,4.67316203109173e-05,0.003942528739571571,653697,13.811131846904754,0.04583333333333333,0.15416666666666667,0.2,0.21944444444444444,0.38055555555555554
909,720,0.01,0.23962994459030676,0.2707788047285913,110,4.852918105168808e-05,0.0038717614952474833,654417,13.825344979763031,0.12638888888888888,0.14027777777777778,0.18055555555555555,0.09722222222222222,0.45555555555555555
910,720,0.01,-0.3341316589634606,-0.28404048646574775,116,4.814099920117264e-05,0.003965204581618309,655137,13.83867574930191,0.14027777777777778,0.11805555555555555,0.07777777777777778,0.20416666666666666,0.4597222222222222
911,720,0.01,0.10433946234405518,0.10997718642643561,117,4.5814295639148544e-05,0.003278378862887621,655857,13.86647786696752,0.12638888888888888,0.06666666666666667,0.15,0.24305555555555555,0.41388888888888886
912,720,0.01,0.06204386369179303,0.06400901506796264,173,4.777916683704259e-05,0.0030827654991298914,656577,13.881145366032918,0.09444444444444444,0.23055555555555557,0.18611111111111112,0.17916666666666667,0.30972222222222223
913,720,0.01,-0.36460829305544407,-0.3055313742092305,168,4.855044264533919e-05,0.003534854855388403,657297,13.895617365837097,0.08888888888888889,0.14583333333333334,0.25,0.23055555555555557,0.2847222222222222
914,720,0.01,-0.4392871595862354,-0.3555043200582847,175,4.872302866437571e-05,0.003478613682091236,658017,13.909796067078908,0.059722222222222225,0.1625,0.10694444444444444,0.17777777777777778,0.4930555555555556
915,720,0.01,0.03887739249595315,0.03964300780128438,125,4.817168419701072e-05,0.0027697996702045202,658737,13.923398681481679,0.1375,0.1486111111111111,0.3013888888888889,0.08888888888888889,0.3236111111111111
916,720,0.01,0.37667935227408605,0.45743691060900304,139,5.279148081803619e-05,0.0028921887278556824,659457,13.937581797440847,0.13194444444444445,0.15,0.1527777777777778,0.22916666666666666,0.33611111111111114
917,720,0.01,-0.26567269891319384,-0.23330997508232065,178,5.23843009242834e-05,0.0025145788677036762,660177,13.953235034147898,0.12777777777777777,0.14722222222222223,0.20555555555555555,0.26805555555555555,0.2513888888888889
918,720,0.01,-0.14984615574252264,-0.13915959840923897,221,5.1322348474514e-05,0.0035071573220193386,660897,13.968185766537983,0.15555555555555556,0.14583333333333334,0.10972222222222222,0.2361111111111111,0.3527777777777778
919,720,0.01,0.15137570316504553,0.16343368169763495,142,5.081633409278968e-05,0.002970606554299593,661617,13.983443013827006,0.08472222222222223,0.12638888888888888,0.20416666666666666,0.2986111111111111,0.2861111111111111
920,720,0.01,0.030221332887768286,0.030682632673174393,140,4.7689180917132035e-05,0.002780720591545105,662337,13.99716653029124,0.1638888888888889,0.06666666666666667,0.23472222222222222,0.2263888888888889,0.30833333333333335
921,720,0.01,0.10416929367372536,0.10978831915462717,116,5.101415780978237e-05,0.0029954181518405676,663057,14.029912479718526,0.1625,0.08472222222222223,0.18333333333333332,0.19305555555555556,0.3763888888888889
922,720,0.01,0.09924523037508468,0.10433708335248837,111,4.95593554862555e-05,0.003174516838043928,663777,14.044994465510051,0.09722222222222222,0.16666666666666666,0.2388888888888889,0.25,0.24722222222222223
923,720,0.01,-0.05278782192578169,-0.05141874072370323,134,4.8250123709042075e-05,0.0028076728340238333,664497,14.057410947481792,0.17777777777777778,0.15,0.14722222222222223,0.2222222222222222,0.30277777777777776
924,720,0.01,-0.34168455913496915,-0.28942768709407174,70,4.733900747169173e-05,0.0032444584649056196,665217,14.073025747140248,0.09027777777777778,0.11527777777777778,0.20277777777777778,0.14583333333333334,0.44583333333333336
925,720,0.01,0.17421785735023748,0.19031485641572243,89,4.779912205145188e-05,0.0035551360342651606,665937,14.08751211563746,0.13472222222222222,0.09722222222222222,0.14166666666666666,0.18194444444444444,0.4444444444444444
926,720,0.01,0.17467897523611361,0.19086385845344522,81,4.982557165552256e-05,0.00346824387088418,666657,14.102554833889007,0.027777777777777776,0.1388888888888889,0.19166666666666668,0.11805555555555555,0.5236111111111111
927,720,0.01,-0.2413508149430704,-0.21443401024552544,124,5.019409170598818e-05,0.003560759127140045,667377,14.120075380802154,0.21805555555555556,0.09583333333333334,0.11527777777777778,0.2638888888888889,0.30694444444444446
928,720,0.01,0.2316069051416683,0.26062408657077873,94,5.0197529309217415e-05,0.0031952494755387306,668097,14.133418031533559,0.20694444444444443,0.10277777777777777,0.20277777777777778,0.26666666666666666,0.22083333333333333
929,720,0.01,-0.006728198023101142,-0.006705614376249058,101,4.9705053883523456e-05,0.002548089250922203,668817,14.14862539768219,0.025,0.1527777777777778,0.26805555555555555,0.2375,0.31666666666666665
930,720,0.01,0.03832237354995073,0.03906614633420391,88,5.099594701757976e-05,0.0028648125007748604,669537,14.163779664039613,0.12222222222222222,0.06527777777777778,0.14583333333333334,0.30277777777777776,0.3638888888888889
931,720,0.01,-0.3471837635464944,-0.2933245448627142,91,4.949434860906068e-05,0.0026759181637316942,670257,14.189930518468222,0.13333333333333333,0.1,0.25833333333333336,0.2388888888888889,0.26944444444444443
932,720,0.01,0.5091852869317286,0.6639350129714898,137,5.189423393024602e-05,0.0026643474120646715,670977,14.20578476190567,0.07777777777777778,0.14583333333333334,0.09722222222222222,0.24583333333333332,0.43333333333333335
933,720,0.01,0.11013955066133792,0.11643385867176126,172,5.0717446967812265e-05,0.0030583736952394247,671697,14.220658167203267,0.15,0.19444444444444445,0.14444444444444443,0.2111111111111111,0.3
934,720,0.01,0.13108547641665289,0.1400652258375803,75,4.969109895240662e-05,0.0033811568282544613,672417,14.234455049037933,0.1875,0.06944444444444445,0.09722222222222222,0.3625,0.2833333333333333
935,720,0.01,0.5435250534849649,0.7220665522456025,125,4.963072430731093e-05,0.003048487938940525,673137,14.249575797716776,0.07361111111111111,0.058333333333333334,0.12083333333333333,0.43333333333333335,0.3138888888888889
936,720,0.01,-0.21832690565839502,-0.1961373885277008,107,5.1041575896862114e-05,0.0031925749499350786,673857,14.264606662591298,0.04027777777777778,0.06388888888888888,0.17916666666666667,0.4305555555555556,0.2861111111111111
937,720,0.01,0.1659973767575037,0.1805700047978056,207,5.348178695183176e-05,0.0033898171968758106,674577,14.280064411958058,0.14027777777777778,0.09583333333333334,0.19166666666666668,0.3972222222222222,0.175
938,720,0.01,0.015638949083047415,0.01576187743464663,129,5.098170072288768e-05,0.0035043915268033743,675297,14.294675079981486,0.19444444444444445,0.07361111111111111,0.11527777777777778,0.3736111111111111,0.24305555555555555
939,720,0.01,0.06254795522436274,0.06454550821249816,106,4.999921338948197e-05,0.00319834821857512,676017,14.308199115594228,0.13055555555555556,0.175,0.24305555555555555,0.1736111111111111,0.2777777777777778
940,720,0.01,-0.07134247342425785,-0.06885705419773236,137,4.865934982818645e-05,0.0033323438838124275,676737,14.321418631076813,0.22916666666666666,0.1125,0.125,0.3,0.23333333333333334
941,720,0.01,-0.2307372172721816,-0.2060519255345501,102,5.025830682825472e-05,0.0031696429941803217,677457,14.348352348804474,0.16944444444444445,0.17083333333333334,0.16805555555555557,0.2569444444444444,0.23472222222222222
942,720,0.01,0.19724100842082729,0.21803756264333662,106,5.047709137215861e-05,0.003005384234711528,678177,14.362867550055187,0.22361111111111112,0.1763888888888889,0.09166666666666666,0.2388888888888889,0.26944444444444443
943,720,0.01,-0.08634508623144888,-0.08272236328575555,82,5.380773925986028e-05,0.0031457708682864904,678897,14.37814769744873,0.21944444444444444,0.11527777777777778,0.1361111111111111,0.18055555555555555,0.3486111111111111
944,720,0.01,-0.04073731815717851,-0.03991870724970803,137,5.178862586490141e-05,0.003206674475222826,679617,14.393056297302246,0.20972222222222223,0.07222222222222222,0.20277777777777778,0.3819444444444444,0.13333333333333333
945,720,0.01,0.05733622725749951,0.059011819181841396,136,5.208269311146473e-05,0.003149038180708885,680337,14.407229248682658,0.22361111111111112,0.059722222222222225,0.06111111111111111,0.2708333333333333,0.38472222222222224
946,720,0.01,-0.25774711765461833,-0.22720936749313136,184,5.339641729101964e-05,0.0035441622603684664,681057,14.420310513178508,0.14305555555555555,0.043055555555555555,0.07083333333333333,0.2875,0.45555555555555555
947,720,0.01,-0.10403587065468324,-0.09880702954043241,159,5.115655910054152e-05,0.0028058437164872885,681777,14.434512464205424,0.11527777777777778,0.16944444444444445,0.23194444444444445,0.2152777777777778,0.26805555555555555
948,720,0.01,0.053948821278939116,0.05543058518531474,144,5.274028844218669e-05,0.0038425028324127197,682497,14.448057818412781,0.17916666666666667,0.0375,0.09027777777777778,0.2222222222222222,0.4708333333333333
949,720,0.01,0.017477591260490866,0.01763121806237611,116,5.0213693374543154e-05,0.0031353456433862448,683217,14.462747581799825,0.23194444444444445,0.09166666666666666,0.1388888888888889,0.4236111111111111,0.11388888888888889
950,720,0.01,0.04907948655881018,0.05030383245949466,155,5.2558250359248226e-05,0.002962329890578985,683937,14.480340282122294,0.14027777777777778,0.04027777777777778,0.10972222222222222,0.3236111111111111,0.3861111111111111
951,720,0.01,-0.29825622926088413,-0.25788883521062667,130,5.088106067887566e-05,0.004161162301898003,684657,14.506584918498993,0.2986111111111111,0.025,0.06527777777777778,0.2625,0.3486111111111111
952,720,0.01,0.1094643531960589,0.11568029978938554,83,4.8800408180543145e-05,0.003946526441723108,685377,14.519996746381123,0.22777777777777777,0.025,0.17222222222222222,0.275,0.3
953,720,0.01,0.17255016505601647,0.18833143183262058,69,5.316857447420868e-05,0.0036474040243774652,686097,14.535627297560374,0.23055555555555557,0.08888888888888889,0.2125,0.2375,0.23055555555555557
954,720,0.01,-0.2924510138265809,-0.2535681910216505,112,5.341538713107891e-05,0.003587865736335516,686817,14.550830813248952,0.2263888888888889,0.06944444444444445,0.13194444444444445,0.19305555555555556,0.37916666666666665
955,720,0.01,0.03753587496362167,0.038249243567556546,71,5.296053497987588e-05,0.003559150965884328,687537,14.565957045555114,0.10694444444444444,0.125,0.05,0.39166666666666666,0.3263888888888889
956,720,0.01,0.17116622780734844,0.186687993170638,112,5.138650649946107e-05,0.0034060454927384853,688257,14.57972811460495,0.12361111111111112,0.18611111111111112,0.21805555555555556,0.24444444444444444,0.22777777777777777
957,720,0.01,0.2835775763036276,0.3278718877110858,90,5.043434909263548e-05,0.0035693072713911533,688977,14.594868632157644,0.2652777777777778,0.05555555555555555,0.14166666666666666,0.2638888888888889,0.27361111111111114
958,720,0.01,-0.20890508089899773,-0.18852774379495818,140,5.1121015124206474e-05,0.0031161047518253326,689697,14.610045266151428,0.19583333333333333,0.05277777777777778,0.13055555555555556,0.4152777777777778,0.20555555555555555
959,720,0.01,-0.23652759399825343,-0.21063589971016117,211,4.881137057408422e-05,0.00288024777546525,690417,14.625620313485463,0.07916666666666666,0.1,0.125,0.3111111111111111,0.38472222222222224
960,720,0.01,0.21438103780355355,0.23909470677838107,175,5.352954573380784e-05,0.002992409747093916,691137,14.641862801710765,0.16666666666666666,0.1111111111111111,0.13472222222222222,0.4263888888888889,0.16111111111111112
961,720,0.01,0.045890467409035685,0.046959728464622374,93,4.9402313562849384e-05,0.003176468424499035,691857,14.672126114368439,0.23055555555555557,0.09583333333333334,0.13333333333333333,0.35694444444444445,0.18333333333333332
962,720,0.01,-0.13205076488501608,-0.12370349114129764,165,5.0572111912414485e-05,0.003381656017154455,692577,14.687282180786132,0.09861111111111111,0.06666666666666667,0.12361111111111112,0.4361111111111111,0.275
963,720,0.01,-0.02808582665106962,-0.027695086454508577,191,4.9810192634443715e-05,0.0035637763794511557,693297,14.702838730812072,0.09583333333333334,0.20277777777777778,0.125,0.4222222222222222,0.15416666666666667
964,720,0.01,-0.10681589638521141,-0.10130888995700393,201,5.0368215052761416e-05,0.003847348503768444,694017,14.71761831442515,0.12777777777777777,0.12777777777777777,0.13333333333333333,0.3333333333333333,0.2777777777777778
965,720,0.01,-0.00996609098816105,-0.00991659407009915,107,4.736239372581015e-05,0.003148400690406561,694737,14.732444016138713,0.2361111111111111,0.08194444444444444,0.14583333333333334,0.32222222222222224,0.21388888888888888
966,720,0.01,-0.12423275679281832,-0.11682574784883848,96,4.6973986654090066e-05,0.003338032402098179,695457,14.747884364922841,0.28055555555555556,0.08055555555555556,0.10416666666666667,0.3013888888888889,0.23333333333333334
967,720,0.01,-0.07882517335423811,-0.0757985146322051,115,4.908702292899155e-05,0.003326651407405734,696177,14.763932466506958,0.08888888888888889,0.15416666666666667,0.14444444444444443,0.2222222222222222,0.3902777777777778
968,720,0.01,0.10837747876459611,0.11446835413353673,72,4.757579508868225e-05,0.003105245530605316,696897,14.778737632433574,0.10833333333333334,0.05416666666666667,0.12777777777777777,0.24027777777777778,0.46944444444444444
969,720,0.01,-0.03400278690101764,-0.033431189097849034,117,4.663367062170841e-05,0.003102766815572977,697617,14.793091599146525,0.18194444444444444,0.034722222222222224,0.15,0.42777777777777776,0.20555555555555555
970,720,0.01,0.3956202889003245,0.4853052235819979,78,4.713495200121542e-05,0.0033172767143696547,698337,14.807152883211772,0.13472222222222222,0.07222222222222222,0.1486111111111111,0.21388888888888888,0.4305555555555556
971,720,0.01,-0.3024726621869742,-0.26101130968255526,90,4.638316086129635e-05,0.0028953994624316692,699057,14.833634579181671,0.23055555555555557,0.13055555555555556,0.1597222222222222,0.16666666666666666,0.3125
972,720,0.01,0.2245994300453367,0.25182117379632873,90,4.649006684884524e-05,0.002577858744189143,699777,14.854674728711446,0.11666666666666667,0.14027777777777778,0.175,0.18611111111111112,0.3819444444444444
973,720,0.01,0.2404337210487414,0.2718006374232331,84,4.7689699648698376e-05,0.0025804764591157436,700497,14.870329415798187,0.14444444444444443,0.09305555555555556,0.14722222222222223,0.20972222222222223,0.40555555555555556
974,720,0.01,0.07560943326678599,0.0785412495524751,75,4.754712963656655e-05,0.002860941691324115,701217,14.885485184192657,0.1763888888888889,0.05138888888888889,0.15416666666666667,0.2833333333333333,0.3347222222222222
975,720,0.01,0.14077395562341913,0.1511644043324274,84,4.771940302185208e-05,0.002705670427531004,701937,14.900476213296255,0.1486111111111111,0.015277777777777777,0.058333333333333334,0.3194444444444444,0.4583333333333333
976,720,0.01,0.048498838901797466,0.0496941530216255,96,4.581577892268898e-05,0.0024901716969907284,702657,14.918192780017852,0.1875,0.04027777777777778,0.18611111111111112,0.225,0.3611111111111111
977,720,0.01,-0.06757353033875604,-0.06534100770307416,92,4.705839658640798e-05,0.0029400228522717953,703377,14.933986866474152,0.10555555555555556,0.05,0.15,0.28055555555555556,0.41388888888888886
978,720,0.01,-0.15439607464804095,-0.14306745546908772,108,4.704407575546712e-05,0.002756120404228568,704097,14.950271181265514,0.09027777777777778,0.09722222222222222,0.11666666666666667,0.2875,0.4083333333333333
979,720,0.01,0.10410314630158815,0.10971491200156058,104,4.845334565478273e-05,0.003378477646037936,704817,14.965916283925374,0.1361111111111111,0.09305555555555556,0.10277777777777777,0.24166666666666667,0.4263888888888889
980,720,0.01,0.08389281641477409,0.08751232409188292,117,4.938073858511416e-05,0.0026698806323111057,705537,14.981518363952636,0.13055555555555556,0.030555555555555555,0.07916666666666666,0.3013888888888889,0.4583333333333333
981,720,0.01,-0.12363133091312317,-0.11629442423744629,112,4.792600608677983e-05,0.003049613907933235,706257,15.008725615342458,0.18333333333333332,0.043055555555555555,0.2222222222222222,0.16805555555555557,0.38333333333333336
982,720,0.01,-0.010890279769617746,-0.010831195349348177,64,4.7947666319537855e-05,0.0032962262630462646,706977,15.024936230977376,0.32916666666666666,0.09166666666666666,0.08611111111111111,0.3277777777777778,0.16527777777777777
983,720,0.01,-0.025719563052059684,-0.0253916325156327,76,4.749099581557756e-05,0.0031216079369187355,707697,15.040312314033509,0.11805555555555555,0.02361111111111111,0.09861111111111111,0.19444444444444445,0.5652777777777778
984,720,0.01,-0.21286883027859754,-0.1917378502154755,70,4.878559652625983e-05,0.0029607960022985935,708417,15.057491934299469,0.17222222222222222,0.03611111111111111,0.10277777777777777,0.2569444444444444,0.43194444444444446
985,720,0.01,-0.10660771299923359,-0.10112177792263455,78,4.8357842998332975e-05,0.003395852167159319,709137,15.072751065095266,0.13055555555555556,0.03333333333333333,0.15833333333333333,0.23055555555555557,0.44722222222222224
986,720,0.01,-0.07165505070224641,-0.06914806284143638,115,4.916836568579836e-05,0.0035020736977458,709857,15.087272051970164,0.1625,0.08055555555555556,0.18194444444444444,0.2902777777777778,0.2847222222222222
987,720,0.01,0.10571426590841354,0.11150423647509511,62,4.711865136641791e-05,0.0035853968001902103,710577,15.103585199515026,0.075,0.06388888888888888,0.09166666666666666,0.2777777777777778,0.49166666666666664
988,720,0.01,0.1648254026515132,0.1791872177754441,80,4.9428964881472994e-05,0.004211133811622858,711297,15.117954349517822,0.08611111111111111,0.058333333333333334,0.08888888888888889,0.29444444444444445,0.4722222222222222
989,720,0.01,-0.04479540468705735,-0.04380690555290201,73,4.978296911480761e-05,0.0039760274812579155,712017,15.133846628665925,0.09861111111111111,0.018055555555555554,0.10277777777777777,0.35833333333333334,0.4222222222222222
990,720,0.01,-0.44181547606953386,-0.3571317509122386,77,5.124621644149051e-05,0.004108303226530552,712737,15.148246129353842,0.2902777777777778,0.0625,0.02361111111111111,0.26805555555555555,0.35555555555555557
991,720,0.01,0.02126890461519007,0.021496699885785953,99,4.854001354917475e-05,0.00386834261007607,713457,15.175649313131968,0.1763888888888889,0.03888888888888889,0.11805555555555555,0.30277777777777776,0.3638888888888889
992,720,0.01,-0.07943372564530046,-0.07636076846575068,67,5.1647495586672044e-05,0.0037517042364925146,714177,15.18810746272405,0.07777777777777778,0.05277777777777778,0.08333333333333333,0.32916666666666666,0.45694444444444443
993,720,0.01,-0.07686894826274543,-0.07398879896845911,77,5.088413183026811e-05,0.0029717583674937487,714897,15.202155864238739,0.06527777777777778,0.09444444444444444,0.23055555555555557,0.1875,0.4222222222222222
994,720,0.01,0.17269877510797838,0.1885080429512218,99,4.794628147427223e-05,0.0025655084755271673,715617,15.216632962226868,0.10416666666666667,0.09861111111111111,0.15,0.30833333333333335,0.3388888888888889
995,720,0.01,0.040888565433564755,0.04173601367625257,69,4.709985360022984e-05,0.0028963510412722826,716337,15.232460300127665,0.10555555555555556,0.05138888888888889,0.12638888888888888,0.1638888888888889,0.5527777777777778
996,720,0.01,0.04030435877234378,0.041127602294122934,99,4.931765293400127e-05,0.0031009737867861986,717057,15.246960047880808,0.22777777777777777,0.09444444444444444,0.175,0.24861111111111112,0.25416666666666665
997,720,0.01,-0.12214823294633691,-0.11498282992377651,84,4.871368376295019e-05,0.0030472343787550926,717777,15.26248954931895,0.09305555555555556,0.05416666666666667,0.1111111111111111,0.2777777777777778,0.4638888888888889
998,720,0.01,-0.09950774837826293,-0.09471706463328566,80,4.7882588968503925e-05,0.0032829451374709606,718497,15.276744699478149,0.20833333333333334,0.06944444444444445,0.19444444444444445,0.27361111111111114,0.25416666666666665
999,720,0.01,0.06535177577681676,0.06753449111515986,103,4.796110538210188e-05,0.003180719679221511,719217,15.29397124449412,0.1763888888888889,0.05416666666666667,0.19722222222222222,0.2652777777777778,0.30694444444444446
1000,720,0.01,-0.04789261472879146,-0.046763854896499035,66,4.934887044909273e-05,0.0028727534227073193,719937,15.30662895043691,0.14027777777777778,0.044444444444444446,0.10277777777777777,0.4083333333333333,0.30416666666666664
1001,720,0.01,-0.1655481806803202,-0.1525709674860054,105,4.6081500974853244e-05,0.003943943418562412,720657,15.331885945796966,0.2763888888888889,0.10138888888888889,0.12777777777777777,0.29305555555555557,0.2013888888888889
1002,720,0.01,-0.04338134479380724,-0.04245383481177134,97,4.716409505868392e-05,0.0032625114545226097,721377,15.347159131368,0.175,0.05277777777777778,0.11388888888888889,0.2875,0.37083333333333335
1003,720,0.01,0.12084687324716012,0.12845210293055054,101,4.892957557558475e-05,0.0034659625962376595,722097,15.359781181812286,0.12638888888888888,0.04027777777777778,0.2569444444444444,0.37916666666666665,0.19722222222222222
1004,720,0.01,-0.0684392197869543,-0.06614978200617017,72,4.784412134692199e-05,0.003215930424630642,722817,15.373633948961894,0.19027777777777777,0.013888888888888888,0.15138888888888888,0.43472222222222223,0.20972222222222223
1005,720,0.01,0.1548550673322575,0.16748874158482874,84,4.6747869829586205e-05,0.0032987301237881184,723537,15.387913767496745,0.0625,0.10277777777777777,0.23333333333333334,0.2652777777777778,0.33611111111111114
1006,720,0.01,-0.18285957778891407,-0.16711489690634596,79,4.800238258692641e-05,0.003546234918758273,724257,15.402191114425658,0.10277777777777777,0.044444444444444446,0.05555555555555555,0.29583333333333334,0.5013888888888889
1007,720,0.01,0.04286388670006373,0.043795810688807224,96,4.9586200979471566e-05,0.0033056940883398056,724977,15.414500164985657,0.15,0.06805555555555555,0.27361111111111114,0.3680555555555556,0.14027777777777778
1008,720,0.01,0.10183330553188286,0.10719889241371483,79,4.642761348602815e-05,0.0032361950725317,725697,15.428150232632955,0.1111111111111111,0.0375,0.18888888888888888,0.49166666666666664,0.17083333333333334
1009,720,0.01,0.05470125617416932,0.056225026832425806,99,4.612381135429031e-05,0.002866217400878668,726417,15.43987048069636,0.07916666666666666,0.04027777777777778,0.15,0.45,0.28055555555555556
1010,720,0.01,0.10842401106574093,0.11452021411718172,99,4.696897833645784e-05,0.0029235342517495155,727137,15.452634195486704,0.06944444444444445,0.04861111111111111,0.2513888888888889,0.24583333333333332,0.38472222222222224
1011,720,0.01,0.006135200286065116,0.006154059175302429,106,4.696335347236729e-05,0.003033826593309641,727857,15.473196144898733,0.10277777777777777,0.0625,0.23333333333333334,0.36527777777777776,0.2361111111111111
1012,720,0.01,0.08505627678472434,0.08877833791844503,147,4.71628585867418e-05,0.0028479001484811306,728577,15.486642781893412,0.10416666666666667,0.04861111111111111,0.2611111111111111,0.4666666666666667,0.11944444444444445
1013,720,0.01,0.006969432605066903,0.006993775619960951,73,4.799525271437233e-05,0.0025102258659899235,729297,15.497739732265472,0.09166666666666666,0.034722222222222224,0.2791666666666667,0.3458333333333333,0.24861111111111112
