episode,steps,epsilon,train_reward,train_portfolio_return,train_position_changes,mean_loss,mean_max_q,updates,minutes,action_share_-1,action_share_0,action_share_0.5,action_share_1,action_share_2
1,720,1.0,-0.024979840131065068,-0.02467042565347488,581,0.005826674344526998,0.3040566146373749,657,0.013646252950032552,0.2152777777777778,0.1736111111111111,0.21388888888888888,0.2111111111111111,0.18611111111111112
2,720,0.9909,0.2577468558197251,0.294011205753397,560,0.0013452076274309852,0.30642783641815186,1377,0.02399693727493286,0.21944444444444444,0.19722222222222222,0.19027777777777777,0.20694444444444443,0.18611111111111112
3,720,0.98188281,-0.11356897931373501,-0.10735737958789249,587,0.0007503695470303582,0.28293323516845703,2097,0.034123186270395914,0.18472222222222223,0.2013888888888889,0.19583333333333333,0.21944444444444444,0.1986111111111111
4,720,0.972947676429,-0.035323830669835216,-0.03470722576690666,559,0.0005771520410336154,0.2609841823577881,2817,0.04744865496953329,0.2222222222222222,0.18472222222222223,0.1763888888888889,0.22083333333333333,0.19583333333333333
5,720,0.9640938525734961,-0.09229451003294736,-0.08816343502018731,571,0.0004510159382738897,0.23438090085983276,3537,0.06075341701507568,0.19444444444444445,0.20694444444444443,0.17916666666666667,0.225,0.19444444444444445
6,720,0.9553205985150773,0.03187564895384793,0.032389118655836935,593,0.00036519636946145007,0.2102663516998291,4257,0.07191060384114584,0.20416666666666666,0.22083333333333333,0.19166666666666668,0.18472222222222223,0.1986111111111111
7,720,0.9466271810685901,-0.23709068550413462,-0.21108025881092252,589,0.0003551113704209759,0.1985785961151123,4977,0.08289335171381633,0.21805555555555556,0.20555555555555555,0.20416666666666666,0.18888888888888888,0.18333333333333332
8,720,0.938012873720866,0.026237895875757793,0.02658513979710686,582,0.00030918972409684403,0.18278852105140686,5697,0.09449630578358968,0.20833333333333334,0.21388888888888888,0.18333333333333332,0.20694444444444443,0.1875
9,720,0.9294769565700061,-0.11404010658049417,-0.1077778288155159,578,0.0002467402155970275,0.16911756992340088,6417,0.10644102096557617,0.20833333333333334,0.19722222222222222,0.20833333333333334,0.19722222222222222,0.18888888888888888
10,720,0.921018716265219,-0.3218119736813358,-0.27516553452597114,566,0.00021549683647713715,0.15377475321292877,7137,0.1197502334912618,0.20277777777777778,0.17777777777777778,0.22916666666666666,0.1763888888888889,0.21388888888888888
11,720,0.9126374459472055,-0.05509981272864657,-0.0536093185971962,575,0.00028581336204701476,0.1540086418390274,7857,0.14172100226084391,0.22777777777777777,0.18611111111111112,0.1875,0.19722222222222222,0.2013888888888889
12,720,0.904332445189086,0.3423160015386688,0.4082052222289376,578,0.00025228430325417625,0.14421936869621277,8577,0.1531437357266744,0.18472222222222223,0.20833333333333334,0.20694444444444443,0.19166666666666668,0.20833333333333334
13,720,0.8961030199378652,0.08477532176016858,0.08847248314150713,571,0.00024899174469384083,0.13748034834861755,9297,0.16626555522282918,0.20277777777777778,0.1763888888888889,0.23055555555555557,0.18888888888888888,0.2013888888888889
14,720,0.8879484824564307,-0.24484770439893605,-0.2171762502225586,579,0.00022511973567007873,0.1294279396533966,10017,0.17995571692784626,0.19583333333333333,0.19027777777777777,0.20694444444444443,0.18611111111111112,0.22083333333333333
15,720,0.8798681512660771,0.06152772096558978,0.06345997625760269,587,0.00020999904979564438,0.12409628182649612,10737,0.19128541946411132,0.18888888888888888,0.19305555555555556,0.20277777777777778,0.2125,0.20277777777777778
16,720,0.8718613510895558,-0.12109014497170603,-0.11404590831344308,569,0.00019072211700606407,0.11666995286941528,11457,0.20638947089513143,0.20833333333333334,0.18472222222222223,0.22083333333333333,0.18472222222222223,0.2013888888888889
17,720,0.8639274127946408,-0.1656356753352381,-0.15264510975319812,574,0.0001663976080029291,0.10998465120792389,12177,0.21743623415629068,0.19583333333333333,0.2013888888888889,0.17083333333333334,0.2013888888888889,0.23055555555555557
18,720,0.8560656733382096,0.11651089999692464,0.12356975730735664,574,0.0001695978500012845,0.10422047227621078,12897,0.22983171939849853,0.2152777777777778,0.18611111111111112,0.1875,0.18194444444444444,0.22916666666666666
19,720,0.8482754757108318,-0.09704827666475051,-0.09248780658620248,580,0.000140414219039384,0.1023368090391159,13617,0.2390850861867269,0.19444444444444445,0.20277777777777778,0.19305555555555556,0.19027777777777777,0.21944444444444444
20,720,0.8405561688818632,-0.1801681268021274,-0.16487020809381403,563,0.00015351778535861943,0.09873179346323013,14337,0.24913335243860882,0.2125,0.20416666666666666,0.19027777777777777,0.18611111111111112,0.20694444444444443
21,720,0.8329071077450383,-0.15000452270803002,-0.13929591629701588,577,0.00017213814003298468,0.09590299427509308,15057,0.26897672017415364,0.22083333333333333,0.20833333333333334,0.18472222222222223,0.18194444444444444,0.20416666666666666
22,720,0.8253276530645585,0.011615498234332335,0.011683220087633117,563,0.0001331675987381055,0.09228269010782242,15777,0.2789672215779622,0.21805555555555556,0.18333333333333332,0.20833333333333334,0.19305555555555556,0.19722222222222222
23,720,0.817817171421671,-0.1112422780760626,-0.10527804884551806,594,0.0001337750900903403,0.09088166803121567,16497,0.2890545209248861,0.20416666666666666,0.2013888888888889,0.19166666666666668,0.2,0.20277777777777778
24,720,0.8103750351617338,0.13565674124800156,0.1452886957460391,570,0.00014867902916901383,0.08894450217485428,17217,0.2988503336906433,0.20972222222222223,0.19305555555555556,0.19722222222222222,0.2013888888888889,0.1986111111111111
25,720,0.8030006223417621,0.06944218846950749,0.07191009065059162,534,0.000142946385863575,0.08246259391307831,17937,0.30959320068359375,0.22083333333333333,0.1763888888888889,0.17916666666666667,0.21666666666666667,0.20694444444444443
26,720,0.795693316678452,-0.024607463764667527,-0.024307168340519048,591,0.00012188189418540989,0.07910364866256714,18657,0.3220837195714315,0.19722222222222222,0.2222222222222222,0.17916666666666667,0.18472222222222223,0.21666666666666667
27,720,0.7884525074966781,-0.25499788951032665,-0.22508186658392682,586,0.00011228527825248117,0.07669977843761444,19377,0.33645310401916506,0.19166666666666668,0.18333333333333332,0.2111111111111111,0.18472222222222223,0.22916666666666666
28,720,0.7812775896784583,-0.2052617301112832,-0.18556587342105035,568,0.00011858485136144737,0.07571585476398468,20097,0.3467264374097188,0.21388888888888888,0.18194444444444444,0.17916666666666667,0.20277777777777778,0.2222222222222222
29,720,0.7741679636123843,-0.11066868217767112,-0.10476469278874578,576,0.00011534612602998903,0.0743495523929596,20817,0.35745285352071127,0.20277777777777778,0.19166666666666668,0.19444444444444445,0.20277777777777778,0.20833333333333334
30,720,0.7671230351435115,-0.12491123417762098,-0.11742475837523736,583,0.00011467411688196687,0.06906065344810486,21537,0.36762383381525676,0.2222222222222222,0.19166666666666668,0.16527777777777777,0.2125,0.20833333333333334
31,720,0.7601422155237056,-0.1145175066451074,-0.10820367408032416,551,8.05196042342181e-05,0.06517092883586884,22257,0.38718900283177693,0.21805555555555556,0.18472222222222223,0.19305555555555556,0.19166666666666668,0.2125
32,720,0.7532249213624399,-0.06916057534992724,-0.06682317714803843,550,9.462469310063978e-05,0.06558233499526978,22977,0.3991333166758219,0.1986111111111111,0.20555555555555555,0.16527777777777777,0.2111111111111111,0.21944444444444444
33,720,0.7463705745780417,0.1887159928899556,0.20769790897887308,577,8.261874815060664e-05,0.06109140068292618,23697,0.4101901849110921,0.19444444444444445,0.18472222222222223,0.17777777777777778,0.1986111111111111,0.24444444444444444
34,720,0.7395786023493816,0.031172151172555916,0.03166309061093364,569,6.935686757919434e-05,0.061652131378650665,24417,0.42034111817677816,0.20972222222222223,0.18333333333333332,0.19027777777777777,0.1986111111111111,0.21805555555555556
35,720,0.7328484370680022,0.0033427557483168705,0.0033483489868546545,590,8.034534300299533e-05,0.06034772843122482,25137,0.4313821991284688,0.19722222222222222,0.18888888888888888,0.19027777777777777,0.21944444444444444,0.20416666666666666
36,720,0.7261795162906833,-0.11377557735513684,-0.1075417787560311,549,6.966120025582414e-05,0.05776893347501755,25857,0.44230037132898964,0.18333333333333332,0.19583333333333333,0.19722222222222222,0.1875,0.2361111111111111
37,720,0.7195712826924381,-0.07053730607647346,-0.06810702639322697,568,6.480553062778603e-05,0.056857913732528687,26577,0.4520788709322611,0.21666666666666667,0.2,0.18888888888888888,0.18472222222222223,0.20972222222222223
38,720,0.7130231840199369,-0.018297054896149627,-0.018130680055722825,561,7.25880491472708e-05,0.05576024949550629,27297,0.46427142222722373,0.18055555555555555,0.18611111111111112,0.20833333333333334,0.19166666666666668,0.23333333333333334
39,720,0.7065346730453554,-0.1682316876345678,-0.1548420006584833,591,6.839403768279023e-05,0.0571478009223938,28017,0.4748190363248189,0.20555555555555555,0.2,0.17916666666666667,0.18888888888888888,0.2263888888888889
40,720,0.7001052075206428,-0.14529754040370932,-0.1352350476850278,570,7.002977296350663e-05,0.05288537219166756,28737,0.48504168589909874,0.21805555555555556,0.1986111111111111,0.2013888888888889,0.1875,0.19444444444444445
41,720,0.6937342501322049,-0.15198409632661944,-0.14099805808119048,561,6.567503363991515e-05,0.053712986409664154,29457,0.5025966008504231,0.2222222222222222,0.17777777777777778,0.20694444444444443,0.16944444444444445,0.22361111111111112
42,720,0.6874212684560018,-0.3743149448447846,-0.3122397288360108,566,6.0335338346501686e-05,0.05264436826109886,30177,0.512494417031606,0.21666666666666667,0.1763888888888889,0.20972222222222223,0.20694444444444443,0.19027777777777777
43,720,0.6811657349130522,0.07222161384251856,0.07489352895555479,573,5.750579809955525e-05,0.049739770591259,30897,0.5234472831090291,0.22777777777777777,0.18333333333333332,0.18472222222222223,0.17916666666666667,0.225
44,720,0.6749671267253434,-0.17259861253883557,-0.1585246952959598,557,6.245319307001612e-05,0.050538305193185806,31617,0.5339235703150431,0.2013888888888889,0.18055555555555555,0.18611111111111112,0.22083333333333333,0.2111111111111111
45,720,0.6688249258721428,-0.02189855353957691,-0.021660520905607217,572,6.103628644622303e-05,0.05004071816802025,32337,0.5440348704655965,0.20833333333333334,0.20416666666666666,0.1763888888888889,0.16805555555555557,0.24305555555555555
46,720,0.6627386190467063,-0.06524450794125682,-0.06316162905028366,572,6.679361106307625e-05,0.045947663486003876,33057,0.554591170946757,0.20416666666666666,0.2,0.20416666666666666,0.2,0.19166666666666668
47,720,0.6567076976133812,-0.22137529571087947,-0.19858414408867708,561,6.725682759325637e-05,0.04564623534679413,33777,0.5654397368431091,0.21944444444444444,0.1875,0.19166666666666668,0.19027777777777777,0.2111111111111111
48,720,0.6507316575650994,-0.4128938346556965,-0.33826746783912665,570,5.658724729882023e-05,0.04586155712604523,34497,0.5772891203562419,0.20555555555555555,0.1763888888888889,0.19027777777777777,0.1875,0.24027777777777778
49,720,0.6448099994812571,-0.07053493631827577,-0.06810481802959512,570,5.9208504467278544e-05,0.044626787304878235,35217,0.5892508506774903,0.2111111111111111,0.175,0.2013888888888889,0.20416666666666666,0.20833333333333334
50,720,0.6389422284859776,-0.15435297280902374,-0.14303051930450372,567,5.663700081994547e-05,0.04173070937395096,35937,0.5989970525105794,0.22361111111111112,0.2,0.19305555555555556,0.1638888888888889,0.21944444444444444
51,720,0.6331278542067552,-0.04935224307772831,-0.048154210449086854,571,5.530183102817116e-05,0.03947364166378975,36657,0.6189344684282939,0.1986111111111111,0.22083333333333333,0.16805555555555557,0.2111111111111111,0.2013888888888889
52,720,0.6273663907334738,-0.09303457337995893,-0.08883800219838411,573,5.642913140491146e-05,0.041473448276519775,37377,0.6296741525332133,0.2388888888888889,0.18333333333333332,0.18888888888888888,0.2,0.18888888888888888
53,720,0.6216573565777992,0.059232786807070864,0.06102220396524394,552,6.317367745446568e-05,0.039116695523262024,38097,0.6403502702713013,0.1875,0.1736111111111111,0.16944444444444445,0.2,0.26944444444444443
54,720,0.6160002746329413,-0.2889394971161182,-0.2509424758278973,566,5.39607727836887e-05,0.03868779540061951,38817,0.6521447539329529,0.23472222222222222,0.20972222222222223,0.20694444444444443,0.16666666666666666,0.18194444444444444
55,720,0.6103946721337815,0.012963703252430247,0.013048096341450988,550,5.29169708443078e-05,0.0379566065967083,39537,0.6620497226715087,0.21388888888888888,0.20277777777777778,0.18472222222222223,0.16805555555555557,0.23055555555555557
56,720,0.604840080617364,-0.27689002125023754,-0.241862128419021,539,6.18445865332736e-05,0.03943471610546112,40257,0.6713649352391561,0.2152777777777778,0.17222222222222222,0.17222222222222222,0.20555555555555555,0.23472222222222222
57,720,0.5993360358837461,0.14217765805080784,0.15278143124790122,573,5.1389371758937665e-05,0.03867065906524658,40977,0.6826304197311401,0.21388888888888888,0.20833333333333334,0.16944444444444445,0.20694444444444443,0.2013888888888889
58,720,0.5938820779572039,0.24077761148249946,0.2722380727066822,559,4.448860440283574e-05,0.036650143563747406,41697,0.6935186703999837,0.22083333333333333,0.19166666666666668,0.19305555555555556,0.21388888888888888,0.18055555555555555
59,720,0.5884777510477934,0.12230389169424721,0.13009747684016282,561,4.803119428010581e-05,0.03516462445259094,42417,0.7038963516553243,0.22083333333333333,0.19444444444444445,0.19305555555555556,0.18055555555555555,0.2111111111111111
60,720,0.5831226035132585,0.026176427221753708,0.026522038929724268,558,5.222458216343916e-05,0.03559187054634094,43137,0.7160933335622152,0.23055555555555557,0.17222222222222222,0.17222222222222222,0.175,0.25
61,720,0.5778161878212879,-0.13563750507346692,-0.126840909131527,542,4.807802179129794e-05,0.036429449915885925,43857,0.7400067170461019,0.20972222222222223,0.2,0.2013888888888889,0.1763888888888889,0.2125
62,720,0.5725580605121141,0.04356870549241053,0.04453175691545064,543,4.310460703007064e-05,0.03641839697957039,44577,0.7501061002413432,0.2152777777777778,0.16944444444444445,0.16805555555555557,0.16527777777777777,0.28194444444444444
63,720,0.5673477821614539,-0.26183844933214606,-0.23036465123049488,555,4.166448334470058e-05,0.03333612158894539,45297,0.7612065037091573,0.18194444444444444,0.18194444444444444,0.2,0.19583333333333333,0.24027777777777778
64,720,0.5621849173437846,0.061449913056487816,0.0633772338794838,557,4.561174277897509e-05,0.03400302678346634,46017,0.7717253009478251,0.23194444444444445,0.19722222222222222,0.19305555555555556,0.16666666666666666,0.2111111111111111
65,720,0.5570690345959561,0.06069153800221208,0.06257110082626172,547,4.146711269944111e-05,0.03286849707365036,46737,0.7825388193130494,0.18333333333333332,0.19722222222222222,0.2,0.18611111111111112,0.23333333333333334
66,720,0.5519997063811329,0.10437675285053628,0.11001857880966726,556,4.769462164454631e-05,0.03196534141898155,47457,0.7933342178662618,0.2111111111111111,0.19722222222222222,0.18333333333333332,0.17222222222222222,0.2361111111111111
67,720,0.5469765090530646,0.11902395080921077,0.12639689608243465,576,4.3281387671514595e-05,0.03139108791947365,48177,0.8029858350753785,0.19027777777777777,0.20277777777777778,0.18611111111111112,0.20555555555555555,0.2152777777777778
68,720,0.5419990228206817,5.318525685761284e-05,5.318667121745335e-05,540,4.335590477416594e-05,0.031734321266412735,48897,0.8123061537742615,0.20833333333333334,0.20972222222222223,0.1763888888888889,0.1638888888888889,0.24166666666666667
69,720,0.5370668317130135,-0.30458598266867487,-0.2625713805720423,527,4.2363177837816895e-05,0.030538752675056458,49617,0.8249312361081441,0.20277777777777778,0.19583333333333333,0.1736111111111111,0.19305555555555556,0.23472222222222222
70,720,0.5321795235444251,-0.04795892945659918,-0.046827066396049055,563,4.613322629817655e-05,0.030819948762655258,50337,0.8369817535082499,0.20972222222222223,0.21805555555555556,0.17916666666666667,0.17916666666666667,0.21388888888888888
71,720,0.5273366898801708,-0.020713578697297626,-0.020500526089068494,564,4.0433234145590785e-05,0.029865697026252747,51057,0.8575399518013,0.225,0.2013888888888889,0.18333333333333332,0.1625,0.22777777777777777
72,720,0.5225379260022612,-0.03181251118614859,-0.03131181674695782,532,3.593419409955661e-05,0.02893931046128273,51777,0.8691693186759949,0.25555555555555554,0.17777777777777778,0.17777777777777778,0.1527777777777778,0.2361111111111111
73,720,0.5177828308756407,-0.034710098828057936,-0.03411461302066765,553,4.48457558971111e-05,0.03121327981352806,52497,0.8798194011052449,0.2111111111111111,0.18194444444444444,0.19722222222222222,0.16944444444444445,0.24027777777777778
74,720,0.5130710071146724,-0.19562836027793593,-0.17768221614979696,549,3.7745077293038776e-05,0.02976463921368122,53217,0.8907364010810852,0.2125,0.18888888888888888,0.15138888888888888,0.20833333333333334,0.2388888888888889
75,720,0.5084020609499288,0.010385216008124398,0.01043932952852944,532,4.3721308406929894e-05,0.027367040514945984,53937,0.9017257889111837,0.24722222222222223,0.18333333333333332,0.1527777777777778,0.1875,0.22916666666666666
76,720,0.5037756021952844,-0.09169428629005937,-0.08761596477836919,535,4.265215111697924e-05,0.02608298510313034,54657,0.9122054855028788,0.24583333333333332,0.2013888888888889,0.16666666666666666,0.17083333333333334,0.2152777777777778
77,720,0.4991912442153073,-0.023448439137885337,-0.023175660724521263,548,3.774379646301895e-05,0.02670929953455925,55377,0.9228110194206238,0.22361111111111112,0.16805555555555557,0.15833333333333333,0.18333333333333332,0.26666666666666666
78,720,0.494648603892948,-0.13254042696152862,-0.12413247527226556,549,3.9240080464727116e-05,0.027880705893039703,56097,0.9348812858263652,0.20972222222222223,0.18194444444444444,0.18472222222222223,0.1875,0.2361111111111111
79,720,0.4901473015975222,-0.2338649717048785,-0.2085313206529582,551,4.0680193807121315e-05,0.02808566391468048,56817,0.94579652150472,0.2152777777777778,0.20833333333333334,0.20277777777777778,0.15555555555555556,0.21805555555555556
80,720,0.4856869611529847,0.16890668847684656,0.18400965202514086,541,3.701041072316811e-05,0.026016157120466232,57537,0.956903604666392,0.21944444444444444,0.225,0.14166666666666666,0.2013888888888889,0.2125
81,720,0.48126720980649257,-0.13909771604505866,-0.12985700262847044,542,4.3019177415873045e-05,0.024186529219150543,58257,0.9761903564135234,0.24305555555555555,0.19166666666666668,0.17916666666666667,0.16944444444444445,0.21666666666666667
82,720,0.4768876781972535,0.15010490221057865,0.16195612810158044,530,3.800995343681279e-05,0.024357933551073074,58977,0.9862507700920105,0.1875,0.17916666666666667,0.16111111111111112,0.19722222222222222,0.275
83,720,0.47254800032565847,-0.31905716459689315,-0.27316600105381217,568,3.663228365869347e-05,0.025077443569898605,59697,0.9974662025769552,0.225,0.19583333333333333,0.15833333333333333,0.19305555555555556,0.22777777777777777
84,720,0.46824781352269496,-0.08930411087751056,-0.08543259861597552,532,3.448324915274902e-05,0.022538116201758385,60417,1.0091530680656433,0.25833333333333336,0.1625,0.1763888888888889,0.17777777777777778,0.225
85,720,0.46398675841963843,0.07065022368556749,0.07320577824910135,550,3.458102287747049e-05,0.023394573479890823,61137,1.0195082505544026,0.21944444444444444,0.15694444444444444,0.14027777777777778,0.1986111111111111,0.2847222222222222
86,720,0.45976447891801975,-0.10162256408890247,-0.09662954821961711,529,3.505933390089113e-05,0.023714806884527206,61857,1.0301420529683432,0.22777777777777777,0.2,0.18055555555555555,0.17083333333333334,0.22083333333333333
87,720,0.4555806221598658,0.03179131079255505,0.03230205252737872,565,3.7047427859862285e-05,0.022578313946723938,62577,1.040929170449575,0.275,0.18611111111111112,0.14166666666666666,0.18055555555555555,0.21666666666666667
88,720,0.451434838498211,0.19156059688153423,0.21113822211576827,557,3.6273082618107664e-05,0.022199716418981552,63297,1.0519994060198465,0.22361111111111112,0.19027777777777777,0.2013888888888889,0.16527777777777777,0.21944444444444444
89,720,0.44732678146787724,0.11092074247249707,0.11730634840640475,543,3.5736313948417676e-05,0.022528426721692085,64017,1.0619428356488545,0.2513888888888889,0.18888888888888888,0.15138888888888888,0.16666666666666666,0.24166666666666667
90,720,0.4432561077565196,0.03110072858358078,0.03158940919334241,526,3.115922882620402e-05,0.022030102089047432,64737,1.0722733020782471,0.25416666666666665,0.15555555555555556,0.16944444444444445,0.17916666666666667,0.24166666666666667
91,720,0.43922247717593527,0.018411880749334177,0.018582424494826277,531,3.6265433415236554e-05,0.023024382069706917,65457,1.0931535363197327,0.27361111111111114,0.17777777777777778,0.15833333333333333,0.1763888888888889,0.21388888888888888
92,720,0.43522555263363427,0.061570677222570674,0.06350565949881504,510,3.288465541054898e-05,0.022633351385593414,66177,1.103088637193044,0.17916666666666667,0.13333333333333333,0.1527777777777778,0.2111111111111111,0.3236111111111111
93,720,0.43126500010466823,0.02822080150026393,0.028622780802099568,545,3.083873862313643e-05,0.020030882209539413,66897,1.1137959003448485,0.2222222222222222,0.19166666666666668,0.15694444444444444,0.19027777777777777,0.2388888888888889
94,720,0.42734048860371576,-0.17898961671854863,-0.16388541903501697,530,3.367573953470229e-05,0.019256526604294777,67617,1.123373822371165,0.28055555555555556,0.1736111111111111,0.1736111111111111,0.18611111111111112,0.18611111111111112
95,720,0.42345169015742196,-0.006204737265205823,-0.006185527633713939,519,3.127632933228597e-05,0.018962565809488297,68337,1.1325510025024415,0.19305555555555556,0.19166666666666668,0.17222222222222222,0.2013888888888889,0.24166666666666667
96,720,0.41959827977698944,0.07090963147036777,0.0734842122950885,510,3.229742417008512e-05,0.017780518159270287,69057,1.1421754360198975,0.20277777777777778,0.15833333333333333,0.18055555555555555,0.2013888888888889,0.2569444444444444
97,720,0.4157799354310188,-0.061716086475739534,-0.05985022986202604,517,3.2647199407165314e-05,0.018967151641845703,69777,1.153397003809611,0.2013888888888889,0.19305555555555556,0.16111111111111112,0.23194444444444445,0.2125
98,720,0.41199633801859653,-0.07669986281844729,-0.07383221071508594,524,3.506760390968743e-05,0.018955785781145096,70497,1.1631884336471559,0.19583333333333333,0.175,0.1375,0.19722222222222222,0.29444444444444445
99,720,0.4082471713426273,0.0831774399042264,0.08673462152853695,547,3.5119041112036735e-05,0.019771458581089973,71217,1.1730849504470826,0.2263888888888889,0.13194444444444445,0.16111111111111112,0.21944444444444444,0.2611111111111111
100,720,0.4045321220834094,0.12553623168528652,0.13375624611587744,533,3.4236944102556463e-05,0.01900530606508255,71937,1.1849412719408672,0.25416666666666665,0.16944444444444445,0.14583333333333334,0.22777777777777777,0.20277777777777778
101,720,0.4008508797724504,0.005423411762783958,0.005438145083271229,542,3.340825692690588e-05,0.017532315105199814,72657,1.2062658349672952,0.2972222222222222,0.16805555555555557,0.1625,0.18055555555555555,0.19166666666666668
102,720,0.3972031367665211,-0.04061664599621273,-0.039802845174886414,522,3.569798373316897e-05,0.018792808055877686,73377,1.2167179703712463,0.19583333333333333,0.19166666666666668,0.1527777777777778,0.20416666666666666,0.25555555555555554
103,720,0.39358858822194576,-0.09882899459563545,-0.09410239183441294,517,3.42726073730167e-05,0.018547423183918,74097,1.2269921859105428,0.18888888888888888,0.1875,0.1388888888888889,0.2013888888888889,0.2833333333333333
104,720,0.39000693206912607,-0.045334095433136615,-0.04432185921150833,545,3.315297751542959e-05,0.017775442451238632,74817,1.237718121210734,0.2361111111111111,0.14166666666666666,0.13472222222222222,0.24305555555555555,0.24444444444444444
105,720,0.386457868987297,-0.035077219679060266,-0.03446914460395434,520,3.376323679604967e-05,0.017259685322642326,75537,1.2476494510968525,0.2111111111111111,0.1527777777777778,0.1375,0.2152777777777778,0.2833333333333333
106,720,0.3829411023795126,0.08220631975599221,0.08567978391171738,516,3.5601054042899706e-05,0.016990579664707184,76257,1.2583456714948018,0.2638888888888889,0.16527777777777777,0.14722222222222223,0.19444444444444445,0.22916666666666666
107,720,0.3794563383478591,0.31611445093578006,0.37178724897619,513,3.405663330163912e-05,0.017297595739364624,76977,1.2685795863469442,0.2013888888888889,0.18611111111111112,0.1597222222222222,0.17222222222222222,0.28055555555555556
108,720,0.37600328566889357,-0.0814766847563742,-0.07824579947289512,513,3.65815554649392e-05,0.01686229556798935,77697,1.2787705341974893,0.2263888888888889,0.1597222222222222,0.19166666666666668,0.16944444444444445,0.25277777777777777
109,720,0.37258165576930663,0.15795836036887903,0.1711174287946442,503,3.731610158360531e-05,0.016521966084837914,78417,1.2881025513013205,0.25972222222222224,0.17777777777777778,0.11666666666666667,0.20694444444444443,0.2388888888888889
110,720,0.36919116270180596,-0.13234817786627315,-0.1239640743461291,515,3.4600376771878576e-05,0.01683049649000168,79137,1.2985342502593995,0.18611111111111112,0.16527777777777777,0.1527777777777778,0.21666666666666667,0.2791666666666667
111,720,0.3658315231212195,-0.010907929294499899,-0.010848653554712873,505,3.229003553365651e-05,0.016614753752946854,79857,1.3224652528762817,0.2513888888888889,0.15416666666666667,0.14722222222222223,0.20277777777777778,0.24444444444444444
112,720,0.36250245626081645,-0.06971684086182443,-0.06734212688078989,477,3.111768998249115e-05,0.017101317644119263,80577,1.334118672211965,0.225,0.15694444444444444,0.1597222222222222,0.19027777777777777,0.26805555555555555
113,720,0.359203683908843,-0.03826516560749459,-0.037542303628085194,507,3.332758942380881e-05,0.018836889415979385,81297,1.3469667514165242,0.26944444444444443,0.15555555555555556,0.15,0.18194444444444444,0.24305555555555555
114,720,0.3559349303852725,-0.0732051106734195,-0.0705898214734677,475,3.491590966101891e-05,0.01804356276988983,82017,1.3580101331075032,0.25416666666666665,0.16111111111111112,0.125,0.17222222222222222,0.2875
115,720,0.3526959225187665,-0.09756250636470216,-0.0929543563419738,495,3.42647182719702e-05,0.01720341667532921,82737,1.368523403008779,0.1875,0.1625,0.14305555555555555,0.2111111111111111,0.29583333333333334
116,720,0.34948638962384576,0.0322015206702439,0.03272559989180235,507,3.472986827672584e-05,0.016975460574030876,83457,1.3793280879656473,0.22083333333333333,0.16111111111111112,0.12083333333333333,0.2388888888888889,0.25833333333333336
117,720,0.34630606347826876,0.056036999256197983,0.05763681478817162,488,3.337404741361954e-05,0.01827661320567131,84177,1.3905500849088033,0.25277777777777777,0.16805555555555557,0.11527777777777778,0.1625,0.3013888888888889
118,720,0.3431546783006165,-0.024003108122681374,-0.023717324653134808,519,3.382959510847488e-05,0.017908887937664986,84897,1.4013665676116944,0.22916666666666666,0.1486111111111111,0.1375,0.21805555555555556,0.26666666666666666
119,720,0.3400319707280809,0.23279536179698754,0.262123174280259,518,3.3311795847465776e-05,0.01823178119957447,85617,1.4115390698115031,0.1763888888888889,0.20833333333333334,0.15416666666666667,0.20833333333333334,0.25277777777777777
120,720,0.3369376797944554,0.21386325134550402,0.2384532863926947,505,3.116821740276363e-05,0.01808786392211914,86337,1.4227060715357462,0.17777777777777778,0.15,0.14305555555555555,0.20416666666666666,0.325
121,720,0.3338715469083258,0.3229392105292372,0.3811813870680498,517,3.185330929101029e-05,0.018496058881282806,87057,1.44175390402476,0.2861111111111111,0.1375,0.1125,0.19583333333333333,0.26805555555555555
122,720,0.3308333158314601,-0.02538101109312123,-0.02506162108376897,528,3.330388889442777e-05,0.01798294484615326,87777,1.4510251879692078,0.20833333333333334,0.1527777777777778,0.15138888888888888,0.17916666666666667,0.30833333333333335
123,720,0.3278227326573938,-0.0591751768164523,-0.0574583567500313,509,3.6404675362670484e-05,0.018429679796099663,88497,1.4622113505999248,0.22361111111111112,0.19305555555555556,0.1527777777777778,0.2111111111111111,0.21944444444444444
124,720,0.3248395457902115,0.038852763023814976,0.039617402258118384,516,3.7846355568641835e-05,0.017346743494272232,89217,1.4735388000806173,0.2652777777777778,0.11666666666666667,0.11388888888888889,0.22361111111111112,0.28055555555555556
125,720,0.3218835059235206,0.07927776426356023,0.08250496150836972,517,3.4524279093754255e-05,0.019091563299298286,89937,1.484118433793386,0.31666666666666665,0.15694444444444444,0.13055555555555556,0.17222222222222222,0.22361111111111112
126,720,0.3189543660196166,0.07195516183346212,0.0746071595687876,474,3.3284083593167045e-05,0.01955803483724594,90657,1.4960348844528197,0.23333333333333334,0.1527777777777778,0.12083333333333333,0.175,0.31805555555555554
127,720,0.31605188128883804,0.054931268806118864,0.05646799987314344,504,3.670085708399205e-05,0.019921351224184036,91377,1.5076420545578002,0.30416666666666664,0.14305555555555555,0.14166666666666666,0.20555555555555555,0.20555555555555555
128,720,0.31317580916910964,-0.047137818037367045,-0.046044083801780045,518,3.188448429669835e-05,0.018303874880075455,92097,1.518714185555776,0.2638888888888889,0.1361111111111111,0.12916666666666668,0.19166666666666668,0.2791666666666667
129,720,0.3103259093056707,-0.06127639053523479,-0.05943675893054634,528,3.4923551126869115e-05,0.018240943551063538,92817,1.529697302977244,0.2625,0.16944444444444445,0.11944444444444445,0.225,0.22361111111111112
130,720,0.30750194353098914,-0.2369950440988054,-0.2110048018098334,507,4.1397762404610855e-05,0.0178116112947464,93537,1.5397800048192343,0.22916666666666666,0.14583333333333334,0.1388888888888889,0.19027777777777777,0.29583333333333334
131,720,0.30470367584485714,-0.1858184940673437,-0.16957569175758813,504,3.6026850004115356e-05,0.017845068126916885,94257,1.5602292696634927,0.24722222222222223,0.15833333333333333,0.14305555555555555,0.20555555555555555,0.24583333333333332
132,720,0.3019308723946689,0.050154907873096524,0.05143395915964688,487,3.959551578165904e-05,0.01829385571181774,94977,1.5700469017028809,0.24583333333333332,0.14027777777777778,0.14722222222222223,0.18333333333333332,0.2833333333333333
133,720,0.29918330145587746,-0.0573903589632851,-0.055774589435804045,491,3.9537250058351166e-05,0.018587395548820496,95697,1.5810367544492085,0.2222222222222222,0.1986111111111111,0.1625,0.17777777777777778,0.2388888888888889
134,720,0.29646073341262896,0.3109246803122985,0.3646864295594108,479,3.738938451078866e-05,0.01735605113208294,96417,1.5919801870981851,0.25416666666666665,0.13333333333333333,0.13055555555555556,0.20694444444444443,0.275
135,720,0.29376294073857406,0.03305076761718829,0.03360301147135947,502,4.088808186300715e-05,0.016726622357964516,97137,1.6040817697842915,0.2638888888888889,0.1625,0.1486111111111111,0.1986111111111111,0.2263888888888889
136,720,0.29108969797785306,-0.06056490854027801,-0.058767327003265035,502,3.840026368177657e-05,0.016413476318120956,97857,1.614979338645935,0.22083333333333333,0.15,0.16527777777777777,0.1875,0.2763888888888889
137,720,0.2884407817262546,0.22512489334530925,0.25247913273278466,492,3.840755644483175e-05,0.01688244752585888,98577,1.6263119220733642,0.28055555555555556,0.15,0.12777777777777777,0.17777777777777778,0.2638888888888889
138,720,0.28581597061254566,-0.21801702482030538,-0.19588824830805163,513,3.579811022973445e-05,0.01755732111632824,99297,1.6388074199358622,0.2388888888888889,0.1736111111111111,0.12222222222222222,0.18333333333333332,0.28194444444444444
139,720,0.2832150452799715,0.2948868204781791,0.3429743528893865,515,3.328110218616429e-05,0.017805468291044235,100017,1.651072903474172,0.2263888888888889,0.1375,0.16805555555555557,0.20555555555555555,0.2625
140,720,0.28063778836792375,-0.12104213068746186,-0.11400336884061302,501,4.0156701422549505e-05,0.016803190112113953,100737,1.664914870262146,0.2388888888888889,0.14583333333333334,0.19444444444444445,0.20555555555555555,0.2152777777777778
141,720,0.27808398449377564,-0.274764578815242,-0.24024903635528794,437,3.878328680128915e-05,0.017580369487404823,101457,1.6874548355738321,0.28888888888888886,0.12916666666666668,0.14444444444444443,0.16111111111111112,0.2763888888888889
142,720,0.2755534202348823,-0.19845176001665438,-0.1800006734598335,525,3.918997230382754e-05,0.017351990565657616,102177,1.6988336364428203,0.28194444444444444,0.15416666666666667,0.1388888888888889,0.17083333333333334,0.25416666666666665
143,720,0.2730458841107448,-0.10932903223397136,-0.10356458717861872,511,3.9689035322807185e-05,0.01667691022157669,102897,1.7107852498690288,0.2375,0.1375,0.13055555555555556,0.22361111111111112,0.2708333333333333
144,720,0.270561166565337,-0.039696761585703864,-0.03891916840321796,485,3.635760889311415e-05,0.015434646978974342,103617,1.7216280500094097,0.25555555555555554,0.1388888888888889,0.12361111111111112,0.20694444444444443,0.275
145,720,0.26809905994959243,0.10787909372234472,0.11391305816287245,496,3.902323334159519e-05,0.017336033284664154,104337,1.7347622553507487,0.2722222222222222,0.10972222222222222,0.14444444444444443,0.25277777777777777,0.22083333333333333
146,720,0.26565935850405115,-0.2108154696161,-0.19007649141144722,483,3.9649229014078934e-05,0.016919057816267014,105057,1.7493767023086548,0.2513888888888889,0.18333333333333332,0.12083333333333333,0.18055555555555555,0.2638888888888889
147,720,0.2632418583416643,-0.011569696470159676,-0.011503024902931203,473,3.86276917816354e-05,0.01747448928654194,105777,1.762501319249471,0.2722222222222222,0.1625,0.10555555555555556,0.22083333333333333,0.2388888888888889
148,720,0.2608463574307552,0.4290280976304526,0.5357641851256632,492,3.7302725267333396e-05,0.016647852957248688,106497,1.774219000339508,0.2902777777777778,0.08888888888888889,0.15694444444444444,0.2,0.2638888888888889
149,720,0.2584726555781353,0.5471196619299294,0.7282678461514667,532,3.913120710371408e-05,0.017437025904655457,107217,1.7862141847610473,0.22361111111111112,0.16666666666666666,0.14027777777777778,0.22361111111111112,0.24583333333333332
150,720,0.2561205544123743,-0.006003341039706515,-0.005985356994004154,511,3.842047578928032e-05,0.01646428555250168,107937,1.7981177687644958,0.2222222222222222,0.14583333333333334,0.14444444444444443,0.20416666666666666,0.2833333333333333
151,720,0.2537898573672217,-0.056256855153227564,-0.05470369952113696,455,3.7462444390712334e-05,0.017546232789754868,108657,1.8190420031547547,0.25972222222222224,0.12777777777777777,0.14166666666666666,0.20694444444444443,0.2638888888888889
152,720,0.25148036966518,0.11636888669201703,0.12341020678224623,474,4.030694382461459e-05,0.01655133254826069,109377,1.8301574190457661,0.18611111111111112,0.14166666666666666,0.17777777777777778,0.20972222222222223,0.2847222222222222
153,720,0.24919189830122687,0.3368672929993409,0.40055318819244623,506,3.982562972421672e-05,0.017138613387942314,110097,1.841360867023468,0.2361111111111111,0.09861111111111111,0.14027777777777778,0.23055555555555557,0.29444444444444445
154,720,0.24692425202668572,0.2176847590219751,0.24319509980101217,501,3.967340351209714e-05,0.01758609339594841,110817,1.8536572853724163,0.21388888888888888,0.15555555555555556,0.14305555555555555,0.20694444444444443,0.28055555555555556
155,720,0.24467724133324287,0.14648279373351245,0.15775501000584669,466,3.918747578002997e-05,0.01813102513551712,111537,1.8665244181950886,0.2972222222222222,0.11805555555555555,0.14027777777777778,0.23333333333333334,0.2111111111111111
156,720,0.24245067843711035,0.1515435019658509,0.16362892085423342,515,3.958023186909385e-05,0.01673126220703125,112257,1.8781874179840088,0.25,0.14027777777777778,0.14722222222222223,0.2263888888888889,0.2361111111111111
157,720,0.24024437726333264,0.2300912361739965,0.2587148450174517,494,3.759488662985354e-05,0.015683617442846298,112977,1.8904095053672791,0.24027777777777778,0.13333333333333333,0.1527777777777778,0.2375,0.2361111111111111
158,720,0.2380581534302363,0.15114207815165487,0.16316190623618043,500,3.720653889255724e-05,0.016233626753091812,113697,1.9017671863238017,0.22083333333333333,0.14722222222222223,0.14166666666666666,0.21388888888888888,0.2763888888888889
159,720,0.23589182423402116,0.30715668411848324,0.3595539719000045,482,3.744227341636967e-05,0.016082581132650375,114417,1.9137193719546,0.2263888888888889,0.13472222222222222,0.11805555555555555,0.22777777777777777,0.29305555555555557
160,720,0.23374520863349157,0.3948772931288436,0.4842020579559594,475,3.8303995737957544e-05,0.01657254435122013,115137,1.9303981184959411,0.19027777777777777,0.13472222222222222,0.17083333333333334,0.22916666666666666,0.275
161,720,0.2316181272349268,0.3722400752646274,0.4509812841978027,494,3.69400032228542e-05,0.016227345913648605,115857,1.9544686357180276,0.225,0.13472222222222222,0.16111111111111112,0.2152777777777778,0.2638888888888889
162,720,0.22951040227708897,0.09296453253105132,0.09742281176832401,471,3.868109754168674e-05,0.016691172495484352,116577,1.9659581820170084,0.22361111111111112,0.15555555555555556,0.16111111111111112,0.23055555555555557,0.22916666666666666
163,720,0.22742185761636746,0.2532534792824613,0.2882097699414081,515,3.695700386667037e-05,0.016772549599409103,117297,1.9778617024421692,0.30277777777777776,0.14305555555555555,0.14027777777777778,0.19722222222222222,0.21666666666666667
164,720,0.22535231871205852,-0.03932325603818358,-0.038560132334194086,493,3.984382457247193e-05,0.015991153195500374,118017,1.9897389849026998,0.22916666666666666,0.15694444444444444,0.14583333333333334,0.22083333333333333,0.24722222222222223
165,720,0.22330161261177878,-0.1507712104156951,-0.13995555463731357,497,3.5344827520905e-05,0.01603718474507332,118737,2.0014543016751607,0.19027777777777777,0.14722222222222223,0.1736111111111111,0.2222222222222222,0.26666666666666666
166,720,0.22126956793701158,0.03522364493887016,0.03585134580734661,545,4.06780060668805e-05,0.01598281040787697,119457,2.012869636217753,0.3013888888888889,0.1597222222222222,0.11944444444444445,0.19166666666666668,0.22777777777777777
167,720,0.21925601486878477,-0.12612737443224617,-0.11849744125568962,445,3.833943607610814e-05,0.016057126224040985,120177,2.0245394865671793,0.26666666666666666,0.2125,0.13194444444444445,0.14722222222222223,0.24166666666666667
168,720,0.21726078513347882,0.3307342017551443,0.39198975469904207,486,3.654097840429434e-05,0.01569375768303871,120897,2.0361076990763345,0.2513888888888889,0.15416666666666667,0.15138888888888888,0.20694444444444443,0.2361111111111111
169,720,0.21528371198876417,-0.30057766690560184,-0.25960960190606364,498,3.7833808556165925e-05,0.0164775513112545,121617,2.048315970102946,0.2222222222222222,0.12638888888888888,0.19444444444444445,0.18333333333333332,0.27361111111111114
170,720,0.2133246302096664,0.0045773454899859616,0.004587837538319928,473,3.7885270350873016e-05,0.01598994806408882,122337,2.059492766857147,0.2722222222222222,0.18333333333333332,0.17916666666666667,0.2111111111111111,0.15416666666666667
171,720,0.21138337607475843,0.4756601417726577,0.6090760652816531,480,3.9121608573269544e-05,0.016110040247440338,123057,2.082186186313629,0.1763888888888889,0.1361111111111111,0.14027777777777778,0.2111111111111111,0.33611111111111114
172,720,0.20945978735247814,0.4483242858452121,0.5656863432567683,496,4.0024361416928715e-05,0.01568388193845749,123777,2.093371872107188,0.23194444444444445,0.15416666666666667,0.14027777777777778,0.17916666666666667,0.29444444444444445
173,720,0.20755370328757058,0.3991371763398111,0.49053807114100856,435,4.113666010804688e-05,0.016060665249824524,124497,2.1049453218777976,0.28055555555555556,0.12777777777777777,0.1763888888888889,0.18333333333333332,0.23194444444444445
174,720,0.20566496458765368,-0.019421167861293723,-0.019233791960992064,463,4.3374573902433946e-05,0.016003580763936043,125217,2.117026650905609,0.16944444444444445,0.11944444444444445,0.15,0.24305555555555555,0.31805555555555554
175,720,0.20379341340990603,0.10286562780405932,0.10834246865813957,457,4.351009452976642e-05,0.01623622700572014,125937,2.1303330183029177,0.15,0.16527777777777777,0.20277777777777778,0.24444444444444444,0.2375
176,720,0.20193889334787588,-0.2156813640232751,-0.19400792096457886,522,4.300785439126129e-05,0.017909560352563858,126657,2.1429980675379436,0.24722222222222223,0.1388888888888889,0.16527777777777777,0.21805555555555556,0.23055555555555557
177,720,0.2001012494184102,-0.16079566539771847,-0.14853396269301944,486,4.0726892700604365e-05,0.016102254390716553,127377,2.154264438152313,0.24861111111111112,0.11944444444444445,0.14305555555555555,0.20833333333333334,0.28055555555555556
178,720,0.19828032804870266,0.23890132234380498,0.26985322426129366,484,4.214184341435612e-05,0.016592836007475853,128097,2.1666264375050863,0.20416666666666666,0.1736111111111111,0.15555555555555556,0.20694444444444443,0.25972222222222224
179,720,0.19647597706345946,0.1184115959144387,0.12570735257388121,473,3.9307945625447854e-05,0.015314827673137188,128817,2.182292902469635,0.2125,0.15555555555555556,0.17222222222222222,0.2125,0.24722222222222223
180,720,0.19468804567218198,0.2187311872008815,0.24449669507953864,480,4.1999976367100724e-05,0.01573595590889454,129537,2.19472865263621,0.275,0.16805555555555557,0.1597222222222222,0.15138888888888888,0.24583333333333332
181,720,0.19291638445656512,0.386131002271972,0.4712773988725143,505,3.899646757064248e-05,0.016582297161221504,130257,2.218262485663096,0.2375,0.1625,0.14722222222222223,0.20972222222222223,0.24305555555555555
182,720,0.19116084535801037,-0.01861120290079759,-0.018439083898647235,477,3.822799689790675e-05,0.01693699322640896,130977,2.230079432328542,0.25,0.14444444444444443,0.16111111111111112,0.18055555555555555,0.2638888888888889
183,720,0.18942128166525246,0.04220079162355613,0.04310390425109012,458,4.135422992577433e-05,0.016286417841911316,131697,2.242147986094157,0.2763888888888889,0.11666666666666667,0.2013888888888889,0.19027777777777777,0.2152777777777778
184,720,0.18769754800209867,0.06480859378547008,0.06695478306218594,460,3.99197236447435e-05,0.01610281504690647,132417,2.256415235996246,0.25555555555555554,0.14166666666666666,0.18611111111111112,0.18333333333333332,0.23333333333333334
185,720,0.18598950031527958,-0.11010283294680309,-0.10425798123106145,492,4.150957480785817e-05,0.016359025612473488,133137,2.2687027851740518,0.24444444444444444,0.1763888888888889,0.1736111111111111,0.19305555555555556,0.2125
186,720,0.18429699586241055,0.10049188438025776,0.105714668107872,471,4.239176221037471e-05,0.01624574139714241,133857,2.279472569624583,0.26805555555555555,0.1361111111111111,0.14166666666666666,0.2013888888888889,0.25277777777777777
187,720,0.1826198932000626,0.028481443771036175,0.028890918321923476,503,4.1807264268653755e-05,0.016486845910549164,134577,2.291515568892161,0.22361111111111112,0.15694444444444444,0.1486111111111111,0.19444444444444445,0.2763888888888889
188,720,0.18095805217194205,-0.12083232381934905,-0.11381746116060265,546,4.4468458808448e-05,0.017656467854976654,135297,2.303462354342143,0.19166666666666668,0.18194444444444444,0.1875,0.1875,0.2513888888888889
189,720,0.17931133389717738,-0.0440007105806799,-0.04304672251970387,474,4.042698356746162e-05,0.016493119299411774,136017,2.3151123682657877,0.2125,0.18194444444444444,0.1361111111111111,0.21805555555555556,0.2513888888888889
190,720,0.17767960075871306,-0.22898163853033263,-0.2046568629600929,473,4.3200697143674914e-05,0.016424510627985,136737,2.3293253342310587,0.2125,0.1625,0.17916666666666667,0.2125,0.23333333333333334
191,720,0.17606271639180876,0.14233913010610738,0.1529675882640884,447,4.106945430066844e-05,0.0161442831158638,137457,2.35342591603597,0.2902777777777778,0.14583333333333334,0.13333333333333333,0.18611111111111112,0.24444444444444444
192,720,0.1744605456726433,0.5489123917206389,0.7313689422887546,474,4.581848147735299e-05,0.017826776951551437,138177,2.3663777033487956,0.2708333333333333,0.11666666666666667,0.12777777777777777,0.24861111111111112,0.2361111111111111
193,720,0.17287295470702224,0.0017658082516502872,0.001767368209099729,490,4.493401033995623e-05,0.018128197640180588,138897,2.378920086224874,0.28055555555555556,0.14166666666666666,0.13055555555555556,0.20833333333333334,0.2388888888888889
194,720,0.17129981081918835,-0.033457565357652506,-0.03290405126860896,462,4.007246318072551e-05,0.01649485155940056,139617,2.3904529213905334,0.2861111111111111,0.1763888888888889,0.17083333333333334,0.18472222222222223,0.18194444444444444
195,720,0.16974098254073375,0.30863809262493813,0.3615695192748669,481,4.39449509687822e-05,0.0168642308562994,140337,2.4018273035685223,0.25972222222222224,0.12777777777777777,0.1638888888888889,0.15833333333333333,0.2902777777777778
196,720,0.16819633959961308,0.3079549709924929,0.36063971930157157,468,4.176680082410813e-05,0.017311347648501396,141057,2.413203855355581,0.23472222222222222,0.11944444444444445,0.15138888888888888,0.1986111111111111,0.29583333333333334
197,720,0.16666575290925661,0.24234769983000046,0.27423716784720087,515,4.271623565096484e-05,0.01766449585556984,141777,2.4247443159421285,0.23472222222222222,0.1763888888888889,0.1375,0.2263888888888889,0.225
198,720,0.16514909455778237,-0.08606397133237864,-0.08246446662789397,471,4.09224410304887e-05,0.017712071537971497,142497,2.4377125024795534,0.2902777777777778,0.17083333333333334,0.14444444444444443,0.15555555555555556,0.2388888888888889
199,720,0.16364623779730655,0.17317514286896551,0.18907434473980667,487,4.409625337176395e-05,0.017433414235711098,143217,2.449900833765666,0.20416666666666666,0.18055555555555555,0.14166666666666666,0.20277777777777778,0.2708333333333333
200,720,0.16215705703335107,0.07898560933612105,0.08218874854372538,485,4.0385546891583445e-05,0.016476131975650787,143937,2.4628768881162006,0.24722222222222223,0.18055555555555555,0.18055555555555555,0.1763888888888889,0.2152777777777778
201,720,0.16068142781434758,0.8587372069176668,1.3601783941392829,501,3.754435441704926e-05,0.016303502023220062,144657,2.4854095379511514,0.2833333333333333,0.16111111111111112,0.10694444444444444,0.19305555555555556,0.25555555555555554
202,720,0.15921922682123701,0.046620457322946264,0.047724277529276105,468,3.896734303275985e-05,0.015023154206573963,145377,2.4988093852996824,0.25833333333333336,0.1875,0.17083333333333334,0.18888888888888888,0.19444444444444445
203,720,0.15777033185716377,0.5466433312603742,0.7274448152041373,494,3.91142843795933e-05,0.015650201588869095,146097,2.5117567658424376,0.2847222222222222,0.16944444444444445,0.14166666666666666,0.16527777777777777,0.2388888888888889
204,720,0.15633462183726357,0.18479220026646753,0.20296843763257777,490,4.2854366039238e-05,0.015390358865261078,146817,2.5233118017514546,0.2375,0.16666666666666666,0.12083333333333333,0.24444444444444444,0.23055555555555557
205,720,0.15491197677854449,0.462557515867172,0.5881304643900107,482,4.2323933807134985e-05,0.016821544617414474,147537,2.535134502251943,0.2152777777777778,0.16527777777777777,0.13333333333333333,0.24027777777777778,0.24583333333333332
206,720,0.15350227778985973,0.14983163046960876,0.16163864170953102,488,4.347159947428736e-05,0.0160694420337677,148257,2.5458783388137816,0.26805555555555555,0.14722222222222223,0.15555555555555556,0.2,0.22916666666666666
207,720,0.152105407061972,-0.11127984948544947,-0.10531166417874172,463,4.174079964766659e-05,0.016314780339598656,148977,2.558074649175008,0.3194444444444444,0.18194444444444444,0.12222222222222222,0.1625,0.21388888888888888
208,720,0.15072124785770807,0.4431404112307261,0.557591022260705,476,4.495294216692653e-05,0.015004152432084084,149697,2.570313370227814,0.25972222222222224,0.11805555555555555,0.1527777777777778,0.24444444444444444,0.225
209,720,0.14934968450220293,0.00012055488004861258,0.00012056214708100477,472,4.2743732308281324e-05,0.015155164524912834,150417,2.5822301824887592,0.24305555555555555,0.15,0.175,0.22916666666666666,0.20277777777777778
210,720,0.1479906023732329,0.3232586771650191,0.38162269892763634,498,4.460571638623555e-05,0.015459166839718819,151137,2.594556001822154,0.3055555555555556,0.1486111111111111,0.12638888888888888,0.18472222222222223,0.23472222222222222
211,720,0.14664388789163646,0.06893349079424281,0.07136495114673758,473,4.277142595457109e-05,0.016194507479667664,151857,2.6230003674825033,0.3138888888888889,0.18333333333333332,0.1375,0.1625,0.20277777777777778
212,720,0.14530942851182257,0.08297983595602262,0.086519899692312,470,4.1860953355884094e-05,0.017085494473576546,152577,2.635637402534485,0.21944444444444444,0.16666666666666666,0.15138888888888888,0.2222222222222222,0.24027777777777778
213,720,0.143987112712365,-0.03319741702692959,-0.032652430143909394,517,4.433301502962826e-05,0.01664411649107933,153297,2.64840646982193,0.2361111111111111,0.11944444444444445,0.14722222222222223,0.18888888888888888,0.30833333333333335
214,720,0.1426768299866825,0.19128422413547191,0.21080354276971502,457,4.1844480785534365e-05,0.016600484028458595,154017,2.661139984925588,0.3125,0.19027777777777777,0.07916666666666666,0.23333333333333334,0.18472222222222223
215,720,0.14137847083380367,0.1589677620102794,0.17230015347123473,468,4.0101964080147604e-05,0.01566413603723049,154737,2.673935369650523,0.2513888888888889,0.1361111111111111,0.15555555555555556,0.21944444444444444,0.2375
216,720,0.14009192674921606,0.06677395527097701,0.06905379688441271,473,4.013822897503713e-05,0.016336847096681595,155457,2.687576937675476,0.2791666666666667,0.16944444444444445,0.16527777777777777,0.19583333333333333,0.19027777777777777
217,720,0.1388170902157982,0.34037927614557284,0.4054805547343856,506,4.2306832026244795e-05,0.016672562807798386,156177,2.698927116394043,0.26944444444444443,0.10972222222222222,0.1375,0.23055555555555557,0.25277777777777777
218,720,0.13755385469483442,0.10621306286511248,0.11205878969883876,463,4.249616369078366e-05,0.016374962404370308,156897,2.711029887199402,0.3111111111111111,0.16111111111111112,0.15,0.13333333333333333,0.24444444444444444
219,720,0.13630211461711142,-0.034154112303944155,-0.03357744444626232,437,4.034387267842653e-05,0.016492191702127457,157617,2.7248297174771627,0.19305555555555556,0.1875,0.17083333333333334,0.1736111111111111,0.275
220,720,0.1350617653740957,0.3542781688330052,0.42515156409482513,482,4.035585304791311e-05,0.01591767743229866,158337,2.7387131174405415,0.2638888888888889,0.15694444444444444,0.125,0.20694444444444443,0.24722222222222223
221,720,0.13383270330919142,0.2540941053007852,0.28929312787671546,511,4.288093719285118e-05,0.0154208242893219,159057,2.761766485373179,0.24722222222222223,0.16666666666666666,0.13472222222222222,0.20694444444444443,0.24444444444444444
222,720,0.1326148257090778,0.1235491768122143,0.1315056470146292,484,4.118067842505803e-05,0.015741227194666862,159777,2.7757054527600604,0.2222222222222222,0.1875,0.19027777777777777,0.19722222222222222,0.20277777777777778
223,720,0.13140803079512517,0.10429495369658297,0.1099277839425703,480,4.529361897943494e-05,0.01642746850848198,160497,2.787961800893148,0.16666666666666666,0.15555555555555556,0.17777777777777778,0.22083333333333333,0.2791666666666667
224,720,0.13021221771488953,0.011178144307121194,0.011240853200733536,475,3.99687658968004e-05,0.015810543671250343,161217,2.8007059494654336,0.25555555555555554,0.20694444444444443,0.14166666666666666,0.17222222222222222,0.22361111111111112
225,720,0.12902728653368403,0.7035877800028154,1.0209905853578034,473,4.043613161002213e-05,0.016287993639707565,161937,2.813996370633443,0.2125,0.10416666666666667,0.1486111111111111,0.26805555555555555,0.26666666666666666
226,720,0.12785313822622751,0.9586327354434903,1.6081280334592902,488,4.214242056706199e-05,0.016386646777391434,162657,2.8268476327260337,0.22916666666666666,0.15694444444444444,0.14027777777777778,0.20694444444444443,0.26666666666666666
227,720,0.12668967466836883,0.30639074428654706,0.35851303405802537,518,4.5524200358057795e-05,0.016399620100855827,163377,2.8413012544314067,0.24583333333333332,0.14444444444444443,0.14583333333333334,0.17083333333333334,0.29305555555555557
228,720,0.12553679862888667,0.19915609527913083,0.22037244541052048,480,4.494753584493891e-05,0.0161232091486454,164097,2.8545100847880045,0.23472222222222222,0.16666666666666666,0.14166666666666666,0.18888888888888888,0.26805555555555555
229,720,0.1243944137613638,0.44485587441458246,0.560265305476269,489,4.448279574818217e-05,0.01638682559132576,164817,2.868948169549306,0.32222222222222224,0.15833333333333333,0.11805555555555555,0.19722222222222222,0.20416666666666666
230,720,0.12326242459613539,0.19358194047166008,0.21358882451812722,470,4.650720519142245e-05,0.01594294235110283,165537,2.8798012018203734,0.2777777777777778,0.14583333333333334,0.10277777777777777,0.19027777777777777,0.2833333333333333
231,720,0.12214073653231056,0.019898551679755315,0.02009784756415489,481,4.299715095486236e-05,0.015765443444252014,166257,2.904246985912323,0.2111111111111111,0.18194444444444444,0.15694444444444444,0.18055555555555555,0.26944444444444443
232,720,0.12102925582986652,0.42635474171850196,0.5316640238990524,488,4.3151077585434904e-05,0.01599183678627014,166977,2.9158384362856546,0.2361111111111111,0.14027777777777778,0.13055555555555556,0.19444444444444445,0.2986111111111111
233,720,0.11992788960181475,0.4181069375024498,0.5190831126707969,437,4.399940168392883e-05,0.016521068289875984,167697,2.9288373867670696,0.29444444444444445,0.16111111111111112,0.10694444444444444,0.15555555555555556,0.28194444444444444
234,720,0.11883654580643824,0.41888657061102513,0.5202679019505783,449,4.337126447227193e-05,0.01581725850701332,168417,2.9442871530850727,0.28888888888888886,0.12777777777777777,0.14444444444444443,0.20277777777777778,0.2361111111111111
235,720,0.11775513323959964,0.4508330621418606,0.5696192313481434,492,3.9567208052125755e-05,0.015302108600735664,169137,2.9575896859169006,0.3013888888888889,0.12916666666666668,0.11388888888888889,0.20277777777777778,0.25277777777777777
236,720,0.11668356152711928,0.11231492938386281,0.1188651686842559,473,3.966395383182923e-05,0.015281902626156807,169857,2.969674317042033,0.25972222222222224,0.14722222222222223,0.175,0.14583333333333334,0.2722222222222222
237,720,0.1156217411172225,-0.17349925682324255,-0.15928222403644,492,4.200040737221873e-05,0.015847869217395782,170577,2.9822187860806784,0.2916666666666667,0.1597222222222222,0.12916666666666668,0.15138888888888888,0.26805555555555555
238,720,0.11456958327305578,0.05545387279795298,0.057020258560849246,495,4.259647484509009e-05,0.016645565629005432,171297,2.993740904331207,0.2722222222222222,0.14166666666666666,0.1361111111111111,0.22083333333333333,0.22916666666666666
239,720,0.11352700006527097,0.09722421610106188,0.10210745615680406,477,4.077838377472492e-05,0.016451220959424973,172017,3.0065248171488443,0.20555555555555555,0.13194444444444445,0.18194444444444444,0.18194444444444444,0.2986111111111111
240,720,0.112493904364677,-0.0021194502307314324,-0.0021172057820367796,422,4.171107979750054e-05,0.01661086454987526,172737,3.0181894540786742,0.4027777777777778,0.09444444444444444,0.10694444444444444,0.17916666666666667,0.21666666666666667
241,720,0.11147020983495844,0.7244326981416872,1.0635601063613898,463,4.243570896025833e-05,0.016148539260029793,173457,3.043925134340922,0.30833333333333335,0.14305555555555555,0.14027777777777778,0.1638888888888889,0.24444444444444444
242,720,0.11045583092546031,0.4851169967678763,0.6243650431872183,483,3.967864029290367e-05,0.016278520226478577,174177,3.055916905403137,0.275,0.15138888888888888,0.11666666666666667,0.17777777777777778,0.2791666666666667
243,720,0.10945068286403863,0.06082298498524608,0.06271078177183931,466,3.911544969494369e-05,0.01649164967238903,174897,3.068420934677124,0.2513888888888889,0.16527777777777777,0.14166666666666666,0.20694444444444443,0.23472222222222222
244,720,0.10845468164997588,0.5189570297327036,0.6802742593973983,522,3.905189569069181e-05,0.016079667955636978,175617,3.081675620873769,0.25555555555555554,0.14305555555555555,0.13055555555555556,0.20555555555555555,0.2652777777777778
245,720,0.10746774404696109,0.11136060331520165,0.11779791582107957,474,3.788086937296005e-05,0.016105078160762787,176337,3.09239231745402,0.30416666666666664,0.10555555555555556,0.13194444444444445,0.175,0.2833333333333333
246,720,0.10648978757613374,0.19056053975304257,0.20992762013961652,480,3.961752746211763e-05,0.016551407054066658,177057,3.1063780864079793,0.2861111111111111,0.15416666666666667,0.15694444444444444,0.17916666666666667,0.22361111111111112
247,720,0.10552073050919092,-0.06996020950537042,-0.0675690789446366,467,4.032573435653022e-05,0.01576070860028267,177777,3.1206128358840943,0.35833333333333334,0.11666666666666667,0.09444444444444444,0.19722222222222222,0.23333333333333334
248,720,0.10456049186155728,0.02189352220926901,0.022134944005326895,463,3.940758162773111e-05,0.015518718399107456,178497,3.133794701099396,0.425,0.125,0.11388888888888889,0.14305555555555555,0.19305555555555556
249,720,0.1036089913856171,0.15151198707837352,0.16359224979756926,454,4.375137509416365e-05,0.016083544120192528,179217,3.146665887037913,0.2902777777777778,0.10555555555555556,0.1361111111111111,0.20555555555555555,0.2625
250,720,0.10266614956400799,-0.1429128532000855,-0.13317039296968647,454,4.0537935188290755e-05,0.01566333696246147,179937,3.158751670519511,0.38472222222222224,0.12916666666666668,0.12222222222222222,0.14027777777777778,0.22361111111111112
251,720,0.10173188760297552,-0.07212356258266374,-0.06958407588628268,453,3.97144668542953e-05,0.01625734753906727,180657,3.181696820259094,0.2847222222222222,0.12083333333333333,0.14722222222222223,0.15138888888888888,0.29583333333333334
252,720,0.10080612742578844,0.3981544033759759,0.4890739302000293,486,4.298282691353153e-05,0.017717696726322174,181377,3.19474333524704,0.2763888888888889,0.14027777777777778,0.1638888888888889,0.175,0.24444444444444444
253,720,0.09988879166621377,0.10662736963709588,0.1125196186419406,503,4.2211476204556676e-05,0.01743367314338684,182097,3.2075912833213804,0.23472222222222222,0.19166666666666668,0.11527777777777778,0.15416666666666667,0.30416666666666664
254,720,0.09897980366205122,0.5188343707575215,0.6800681713182481,527,4.319830522945267e-05,0.01752680353820324,182817,3.21992738644282,0.2222222222222222,0.15833333333333333,0.1361111111111111,0.17222222222222222,0.3111111111111111
255,720,0.09807908744872657,0.21831068775753898,0.24397349492241305,438,4.591437906735033e-05,0.01725030317902565,183537,3.229574469725291,0.2625,0.14166666666666666,0.15833333333333333,0.2,0.2375
256,720,0.09718656775294315,-0.055021302706678876,-0.053535014527239744,458,4.2880466521132295e-05,0.017909608781337738,184257,3.2423243204752605,0.3055555555555556,0.16111111111111112,0.1111111111111111,0.13194444444444445,0.2902777777777778
257,720,0.09630216998639138,0.4535840879382139,0.5739432393457446,454,4.388528179788409e-05,0.01879698596894741,184977,3.257487432161967,0.3236111111111111,0.14444444444444443,0.08333333333333333,0.1638888888888889,0.2847222222222222
258,720,0.09542582023951522,0.3961331993146846,0.48606724750797436,473,4.3922550524813335e-05,0.01750166155397892,185697,3.272006400426229,0.28055555555555556,0.15694444444444444,0.14583333333333334,0.2013888888888889,0.2152777777777778
259,720,0.09455744527533563,0.3582766909608423,0.4308614721486448,467,4.2165966609294024e-05,0.01737258769571781,186417,3.2844889521598817,0.3277777777777778,0.14305555555555555,0.0875,0.15,0.2916666666666667
260,720,0.09369697252333008,0.27735760042742036,0.3196381898493561,494,4.028838781980287e-05,0.016767004504799843,187137,3.3016446510950725,0.3486111111111111,0.17083333333333334,0.12083333333333333,0.12638888888888888,0.23333333333333334
261,720,0.09284433007336777,0.15338972040109758,0.1657792183683786,484,4.384316948618208e-05,0.01731318235397339,187857,3.3291956702868144,0.3277777777777778,0.13333333333333333,0.11388888888888889,0.18194444444444444,0.24305555555555555
262,720,0.09199944666970013,0.332044283462551,0.39381457008120213,553,4.437799658363575e-05,0.0167708657681942,188577,3.3431320667266844,0.2222222222222222,0.18194444444444444,0.13194444444444445,0.1638888888888889,0.3
263,720,0.09116225170500586,0.5143821410187132,0.6726047486074995,531,4.3293479728213744e-05,0.017383160069584846,189297,3.356686234474182,0.2,0.18055555555555555,0.10972222222222222,0.2263888888888889,0.2833333333333333
264,720,0.0903326752144903,0.2964422820483422,0.3450649233645351,506,4.191391269109267e-05,0.016275906935334206,190017,3.371182548999786,0.28888888888888886,0.1361111111111111,0.1,0.18888888888888888,0.2861111111111111
265,720,0.08951064787003844,0.19716539249500303,0.21794546308749152,479,4.1559796204637675e-05,0.01639164611697197,190737,3.3836947043736774,0.23333333333333334,0.15416666666666667,0.1388888888888889,0.15694444444444444,0.31666666666666665
266,720,0.0886961009744211,0.6773231584349937,0.9686010398581404,508,4.190657674725015e-05,0.01656012050807476,191457,3.395644036928813,0.28194444444444444,0.16527777777777777,0.10972222222222222,0.18055555555555555,0.2625
267,720,0.08788896645555387,0.5907587275044335,0.8053576704063319,489,4.510732302631166e-05,0.01643577590584755,192177,3.408097235361735,0.2513888888888889,0.2,0.1527777777777778,0.13055555555555556,0.2652777777777778
268,720,0.08708917686080833,0.3782546643523139,0.4597346379211644,495,3.900150093664302e-05,0.01583268493413925,192897,3.4216277877489727,0.33055555555555555,0.16944444444444445,0.10972222222222222,0.16527777777777777,0.225
269,720,0.08629666535137498,0.38745063325201035,0.4732202237322938,465,4.10475748784241e-05,0.01602294109761715,193617,3.4338576197624207,0.26805555555555555,0.14444444444444443,0.1638888888888889,0.19583333333333333,0.22777777777777777
270,720,0.08551136569667747,0.609984471836446,0.8404028204837524,478,4.553287496441448e-05,0.016552889719605446,194337,3.447322150071462,0.3680555555555556,0.1361111111111111,0.1125,0.16666666666666666,0.21666666666666667
271,720,0.0847332122688377,0.09245260520314796,0.0968611548167555,474,4.265812900838581e-05,0.017249450087547302,195057,3.471709887186686,0.29305555555555557,0.19166666666666668,0.13472222222222222,0.13472222222222222,0.24583333333333332
272,720,0.08396214003719128,0.670035262610511,0.9543062333604393,491,4.822462737416168e-05,0.017725899815559387,195777,3.4830090681711834,0.26944444444444443,0.18055555555555555,0.14166666666666666,0.14305555555555555,0.2652777777777778
273,720,0.08319808456285284,0.11677421637380751,0.12386565058009102,494,4.373520383625065e-05,0.01725248619914055,196497,3.494324521223704,0.3333333333333333,0.12083333333333333,0.1736111111111111,0.18055555555555555,0.19166666666666668
274,720,0.08244098199333087,0.48262068192142654,0.6203151735917423,499,4.256306865626256e-05,0.01795671321451664,197217,3.5125510374705,0.30833333333333335,0.15555555555555556,0.11805555555555555,0.17083333333333334,0.24722222222222223
275,720,0.08169076905719157,0.13029668742857292,0.1391663095160045,467,4.379878236654299e-05,0.0177558995783329,197937,3.529142852624257,0.21388888888888888,0.19166666666666668,0.16111111111111112,0.18888888888888888,0.24444444444444444
276,720,0.08094738305877112,0.11284567519283764,0.11945915929841311,505,4.436659244220209e-05,0.017649950459599495,198657,3.5437745690345763,0.2972222222222222,0.15138888888888888,0.13194444444444445,0.18194444444444444,0.2375
277,720,0.08021076187293631,0.26003391827950606,0.29697407704898704,485,4.564388763886503e-05,0.01817523129284382,199377,3.5601702531178794,0.2861111111111111,0.14444444444444443,0.14166666666666666,0.16527777777777777,0.2625
278,720,0.07948084393989259,0.7913354090712484,1.2063408273835319,491,4.430755131402798e-05,0.01780136674642563,200097,3.57454293568929,0.3055555555555556,0.15416666666666667,0.13333333333333333,0.15555555555555556,0.2513888888888889
279,720,0.07875756826003957,0.6080495883081481,0.8368452981864904,500,4.1339851067176726e-05,0.017384419217705727,200817,3.5868108669916787,0.2902777777777778,0.1763888888888889,0.12222222222222222,0.12361111111111112,0.2875
280,720,0.07804087438887321,0.5896658084586486,0.8033856384558178,505,4.4333710369907446e-05,0.017742998898029327,201537,3.599654233455658,0.2569444444444444,0.16805555555555557,0.1,0.1736111111111111,0.3013888888888889
281,720,0.07733070243193446,0.5148691975339605,0.6734196000709922,519,4.1590187474109065e-05,0.017314735800027847,202257,3.622757403055827,0.29444444444444445,0.15555555555555556,0.1361111111111111,0.1486111111111111,0.2652777777777778
282,720,0.07662699303980386,0.23385244285735501,0.26345804619324453,484,4.383818121469732e-05,0.017234129831194878,202977,3.634760622183482,0.3,0.15694444444444444,0.14027777777777778,0.14583333333333334,0.2569444444444444
283,720,0.07592968740314164,0.2326785554159591,0.26197575884955704,485,4.2319233827786065e-05,0.017479829490184784,203697,3.6465929547945657,0.24583333333333332,0.1527777777777778,0.14444444444444443,0.1638888888888889,0.29305555555555557
284,720,0.07523872724777306,0.31194517581342085,0.36607979676277336,476,4.5298229319238693e-05,0.016664575785398483,204417,3.6587685187657675,0.2847222222222222,0.14583333333333334,0.13055555555555556,0.20694444444444443,0.23194444444444445
285,720,0.07455405482981832,0.12468936242860587,0.13279650924965614,493,4.204420807430627e-05,0.017142001539468765,205137,3.67035786708196,0.2847222222222222,0.11805555555555555,0.1486111111111111,0.16666666666666666,0.28194444444444444
286,720,0.07387561293086697,0.4696137963462904,0.5993763889208403,495,4.45026771192008e-05,0.01734202355146408,205857,3.6825645208358764,0.2916666666666667,0.14722222222222223,0.1375,0.16805555555555557,0.25555555555555554
287,720,0.07320334485319609,0.318445155926906,0.37498820916206355,497,4.0543334809070884e-05,0.01759592443704605,206577,3.6955108364423115,0.26805555555555555,0.14305555555555555,0.1875,0.15694444444444444,0.24444444444444444
288,720,0.07253719441503201,0.7574017254061629,1.1327276032556743,461,4.339427995066419e-05,0.016174042597413063,207297,3.7077160517374677,0.3125,0.17083333333333334,0.14305555555555555,0.12222222222222222,0.2513888888888889
289,720,0.07187710594585521,0.4838154033319883,0.6222521556680725,485,4.2660912380496385e-05,0.015842456370592117,208017,3.7205303867657977,0.2375,0.2,0.12777777777777777,0.2013888888888889,0.23333333333333334
290,720,0.07122302428174793,0.4467759950130418,0.5632640811124741,516,4.0745811005156915e-05,0.016162054613232613,208737,3.7344213843345644,0.2861111111111111,0.19444444444444445,0.14583333333333334,0.13055555555555556,0.24305555555555555
291,720,0.07057489476078402,0.06531449384464041,0.06749469210856707,487,4.093516024568089e-05,0.01557563804090023,209457,3.75715735356013,0.23333333333333334,0.18611111111111112,0.19583333333333333,0.15555555555555556,0.22916666666666666
292,720,0.06993266321846088,1.1543577173431268,2.1719854518790704,479,4.359259539923086e-05,0.015701863914728165,210177,3.7705923358599347,0.24722222222222223,0.18194444444444444,0.16944444444444445,0.12916666666666668,0.2722222222222222
293,720,0.06929627598317288,0.3963530486406215,0.4863939943068518,483,4.6775175141849305e-05,0.016429826617240906,210897,3.7839890718460083,0.28194444444444444,0.16111111111111112,0.15138888888888888,0.14305555555555555,0.2625
294,720,0.068665679871726,0.28799732766287867,0.3337537398789916,461,4.293346749540837e-05,0.015836752951145172,211617,3.795615816116333,0.24583333333333332,0.15,0.14444444444444443,0.17222222222222222,0.2875
295,720,0.0680408221848933,0.735485626451632,1.086495003677589,451,4.6652548268058225e-05,0.017577476799488068,212337,3.8082751194636026,0.2972222222222222,0.14444444444444443,0.1375,0.1375,0.2833333333333333
296,720,0.06742165070301076,-0.27420639230059174,-0.23982483523222964,464,4.403135605015349e-05,0.01707923412322998,213057,3.8229527870814004,0.2708333333333333,0.13472222222222222,0.12083333333333333,0.1625,0.3111111111111111
297,720,0.06680811368161337,0.11458179864781663,0.12140436667324583,457,4.352236757212167e-05,0.017374221235513687,213777,3.8367212692896526,0.24027777777777778,0.21666666666666667,0.14027777777777778,0.18194444444444444,0.22083333333333333
298,720,0.06620015984711068,0.3595885377448928,0.43273977492265936,483,3.9421730691123636e-05,0.01674916036427021,214497,3.849009950955709,0.25972222222222224,0.2013888888888889,0.15138888888888888,0.14305555555555555,0.24444444444444444
299,720,0.06559773839250198,0.12659863656210157,0.13496139434519194,469,4.14339176586509e-05,0.01703733578324318,215217,3.861639221509298,0.30694444444444446,0.13333333333333333,0.16805555555555557,0.15833333333333333,0.23333333333333334
300,720,0.06500079897313021,0.3072867387993235,0.35973079975629907,489,4.216981113687426e-05,0.017349356785416603,215937,3.873861769835154,0.25416666666666665,0.17083333333333334,0.15833333333333333,0.18333333333333332,0.23333333333333334
301,720,0.06440929170247472,0.5033574433572316,0.6542660619310063,494,4.166594196324998e-05,0.016736865043640137,216657,3.8969459692637125,0.26805555555555555,0.13333333333333333,0.13194444444444445,0.16111111111111112,0.3055555555555556
302,720,0.06382316714798221,0.2139520972277818,0.23856332275564807,442,4.307828869514197e-05,0.017189687117934227,217377,3.909271188577016,0.2375,0.1763888888888889,0.15833333333333333,0.1361111111111111,0.2916666666666667
303,720,0.06324237632693558,0.13310322180389528,0.14236790952162037,473,4.1578148070837215e-05,0.017361657693982124,218097,3.920893720785777,0.2847222222222222,0.15555555555555556,0.1597222222222222,0.13194444444444445,0.26805555555555555
304,720,0.06266687070236046,0.4980934759498165,0.6455809384561804,514,4.497958521925385e-05,0.018418151885271072,218817,3.932740120093028,0.2652777777777778,0.1375,0.12083333333333333,0.18194444444444444,0.29444444444444445
305,720,0.06209660217896898,0.7146504643621006,1.0434722910224603,485,4.725452111971309e-05,0.017884239554405212,219537,3.945904604593913,0.33055555555555555,0.14027777777777778,0.11666666666666667,0.1763888888888889,0.2361111111111111
306,720,0.06153152309914036,0.47145836205215896,0.602329266309559,516,4.603149760416474e-05,0.017876531928777695,220257,3.957648519674937,0.2708333333333333,0.15694444444444444,0.1625,0.13333333333333333,0.2763888888888889
307,720,0.06097158623893818,0.5647750995447176,0.7590521266077217,502,4.558348412552328e-05,0.017116867005825043,220977,3.972874903678894,0.2625,0.14444444444444443,0.1375,0.1375,0.31805555555555554
308,720,0.06041674480416385,0.7729202997920036,1.1660826371041444,494,4.5384437927017035e-05,0.017598701640963554,221697,3.9858917355537415,0.31666666666666665,0.18888888888888888,0.09444444444444444,0.1486111111111111,0.2513888888888889
309,720,0.059866952426445956,0.36067888724831854,0.4343028139993763,537,4.4204012829140994e-05,0.01779315248131752,222417,3.9986876527468365,0.28055555555555556,0.17916666666666667,0.1388888888888889,0.12083333333333333,0.28055555555555556
310,720,0.059322163159365296,0.46790105614967686,0.5966394172198193,501,4.6246410499861666e-05,0.018141690641641617,223137,4.010703134536743,0.32083333333333336,0.18472222222222223,0.12361111111111112,0.10833333333333334,0.2625
311,720,0.05878233147461507,0.31358498322068673,0.3683217422094218,503,4.349290217330943e-05,0.01741376519203186,223857,4.034475533167521,0.325,0.1736111111111111,0.13194444444444445,0.12777777777777777,0.24166666666666667
312,720,0.058247412258196074,0.7551296804294496,1.1278874508221608,472,4.4421033361332875e-05,0.01668160781264305,224577,4.046797037124634,0.2847222222222222,0.15416666666666667,0.14027777777777778,0.19027777777777777,0.23055555555555557
313,720,0.05771736080664649,0.21466176723975272,0.23944260596729872,475,4.638907023490901e-05,0.017105314880609512,225297,4.05942135254542,0.23194444444444445,0.15694444444444444,0.2013888888888889,0.18055555555555555,0.22916666666666666
314,720,0.057192132823306006,0.6101552889399763,0.8407172196144894,476,4.3280746031844806e-05,0.017229020595550537,226017,4.072298570473989,0.2625,0.1388888888888889,0.16805555555555557,0.1638888888888889,0.26666666666666666
315,720,0.05667168441461392,1.466616993703896,3.334546511070112,502,4.553574997948494e-05,0.01611282303929329,226737,4.085630635420482,0.33055555555555555,0.13194444444444445,0.125,0.16527777777777777,0.24722222222222223
316,720,0.056155972086440936,-0.08338222213168456,-0.08000056413705114,458,4.6747324083500845e-05,0.01692286506295204,227457,4.099149350325266,0.2013888888888889,0.18055555555555555,0.15833333333333333,0.2013888888888889,0.25833333333333336
317,720,0.05564495274045432,0.4660051790582799,0.5936152527533762,518,4.620817756328203e-05,0.017311960458755493,228177,4.111317737897237,0.2611111111111111,0.15555555555555556,0.12222222222222222,0.16111111111111112,0.3
318,720,0.05513858367051619,0.3190451886906759,0.3758134947117846,509,4.8621282636910716e-05,0.016367703676223755,228897,4.122949353853861,0.25277777777777777,0.14027777777777778,0.18472222222222223,0.16111111111111112,0.2611111111111111
319,720,0.05463682255911449,0.37438487118676117,0.45409668269196124,526,5.058920092248324e-05,0.017210032790899277,229617,4.134932871659597,0.31527777777777777,0.13472222222222222,0.1361111111111111,0.1361111111111111,0.2777777777777778
320,720,0.05413962747382655,0.7211934204025617,1.0568864767509125,523,5.1822127147715946e-05,0.017634272575378418,230337,4.149552567799886,0.25833333333333336,0.1486111111111111,0.15138888888888888,0.1638888888888889,0.2777777777777778
321,720,0.05364695686381473,0.9731838583668054,1.646356685454263,471,5.516605654823555e-05,0.01824515126645565,231057,4.172879568735758,0.26805555555555555,0.12916666666666668,0.125,0.20416666666666666,0.27361111111111114
322,720,0.05315876955635402,0.04145691879890845,0.04232825613097568,492,5.39584987993496e-05,0.019092034548521042,231777,4.184802901744843,0.2,0.12638888888888888,0.1736111111111111,0.20833333333333334,0.2916666666666667
323,720,0.0526750247533912,-0.0331021014629457,-0.032560222470376154,467,4.821132810724925e-05,0.018751561641693115,232497,4.1981387535731,0.2833333333333333,0.17777777777777778,0.1361111111111111,0.17222222222222222,0.23055555555555557
324,720,0.052195682028135335,-0.07639235129940884,-0.07354735965607218,429,5.097110822842094e-05,0.018422910943627357,233217,4.211968453725179,0.225,0.20555555555555555,0.16666666666666666,0.19722222222222222,0.20555555555555555
325,720,0.0517207013216793,0.8814351118092109,1.414362100924091,498,4.95562862953294e-05,0.018550679087638855,233937,4.225094819068909,0.25277777777777777,0.15138888888888888,0.1486111111111111,0.19027777777777777,0.2569444444444444
326,720,0.05125004293965202,0.2361358872703057,0.2663463788283251,504,4.714581701819043e-05,0.01776447892189026,234657,4.23730833530426,0.18055555555555555,0.1125,0.1875,0.24861111111111112,0.2708333333333333
327,720,0.050783667548901186,1.692694802507841,4.434104831042211,487,5.2272786860562015e-05,0.018032770603895187,235377,4.249964185555776,0.29444444444444445,0.10833333333333334,0.16666666666666666,0.13055555555555556,0.3
328,720,0.050321536174206184,0.9942034354521909,1.7025707116239857,492,4.9307965112651195e-05,0.0188615545630455,236097,4.262175782521566,0.25555555555555554,0.125,0.13333333333333333,0.20555555555555555,0.28055555555555556
329,720,0.049863610195020905,-0.04519020667425069,-0.04418433797629473,437,5.002186199665933e-05,0.01892237551510334,236817,4.274417416254679,0.29583333333333334,0.1388888888888889,0.14305555555555555,0.2,0.2222222222222222
330,720,0.049409851342246215,0.7973908923571177,1.2197418211837512,513,5.220733898264977e-05,0.01993926614522934,237537,4.296483604113261,0.2638888888888889,0.10694444444444444,0.13055555555555556,0.19027777777777777,0.30833333333333335
331,720,0.04896022169503177,0.23166549155891364,0.2606979441830144,471,5.3320677135262586e-05,0.018669186159968376,238257,4.323706336816152,0.3013888888888889,0.13194444444444445,0.16527777777777777,0.1375,0.2638888888888889
332,720,0.04851468367760699,-0.11941900656065751,-0.11256411860740156,468,4.7759807514719596e-05,0.018943119794130325,238977,4.3393385171890255,0.29583333333333334,0.09861111111111111,0.11805555555555555,0.22083333333333333,0.26666666666666666
333,720,0.04807320005614076,0.1037345020997585,0.10930589742862451,441,5.058879253536159e-05,0.01865869015455246,239697,4.351838183403015,0.21944444444444444,0.11666666666666667,0.20277777777777778,0.21944444444444444,0.24166666666666667
334,720,0.04763573393562988,0.06369427142282007,0.06576651366802122,479,5.261455522208457e-05,0.019229428842663765,240417,4.365187970797221,0.22916666666666666,0.15,0.18194444444444444,0.19166666666666668,0.24722222222222223
335,720,0.04720224875681565,0.19260843054465487,0.21240795863575035,476,4.842399380322604e-05,0.019504260271787643,241137,4.3777881026268,0.24166666666666667,0.14027777777777778,0.14583333333333334,0.17916666666666667,0.29305555555555557
336,720,0.04677270829312862,0.126946278605598,0.13535602323443463,488,5.0288574864983575e-05,0.02000163309276104,241857,4.391176366806031,0.2388888888888889,0.11388888888888889,0.24722222222222223,0.175,0.225
337,720,0.046347076647661155,0.47650211488789945,0.6104314345811839,454,5.303874063681885e-05,0.020015373826026917,242577,4.405413901805877,0.2777777777777778,0.12361111111111112,0.13333333333333333,0.17222222222222222,0.29305555555555557
338,720,0.045925318250167435,1.661910651827459,4.269369162234753,533,5.059143444693998e-05,0.019023248925805092,243297,4.417824383576711,0.28194444444444444,0.1361111111111111,0.12083333333333333,0.17916666666666667,0.28194444444444444
339,720,0.045507397854090914,0.6650965025254773,0.9446781786374643,495,5.107772220374803e-05,0.019080601632595062,244017,4.430941482384999,0.25277777777777777,0.15833333333333333,0.14166666666666666,0.16805555555555557,0.2791666666666667
340,720,0.04509328053361869,0.22636442827946954,0.254032586953602,467,4.7720265610627795e-05,0.019341787323355675,244737,4.44318665266037,0.25972222222222224,0.10138888888888889,0.18055555555555555,0.17916666666666667,0.2791666666666667
341,720,0.04468293168076276,0.9951599360161631,1.705156958710052,482,4.8869868397913605e-05,0.017922108992934227,245457,4.46817911863327,0.29444444444444445,0.1388888888888889,0.13333333333333333,0.175,0.25833333333333336
342,720,0.04427631700246782,-0.04944867697153924,-0.04824599621917813,434,4.8017153004467316e-05,0.01793588511645794,246177,4.48121505578359,0.21666666666666667,0.10694444444444444,0.18472222222222223,0.2152777777777778,0.2763888888888889
343,720,0.043873402517745366,0.5961826018763635,0.8151763070621678,452,5.1262429124360806e-05,0.018475709483027458,246897,4.495197053750356,0.2763888888888889,0.14027777777777778,0.1361111111111111,0.19027777777777777,0.2569444444444444
344,720,0.04347415455483388,0.09990247090689983,0.10506313701426917,399,5.0610928826699816e-05,0.018465857952833176,247617,4.507297217845917,0.34444444444444444,0.1625,0.18472222222222223,0.12361111111111112,0.18472222222222223
345,720,0.043078539748384895,0.38444415508706137,0.4687976707831767,457,5.5243293895222855e-05,0.01977190002799034,248337,4.518480253219605,0.2916666666666667,0.14027777777777778,0.1597222222222222,0.2152777777777778,0.19305555555555556
346,720,0.04268652503667459,0.14333555711537396,0.15411700887161306,456,5.9128566337878714e-05,0.019865771755576134,249057,4.532948048909505,0.22083333333333333,0.16111111111111112,0.1625,0.23333333333333334,0.2222222222222222
347,720,0.04229807765884085,1.0056837496972073,1.733775852344058,450,5.2812301214544276e-05,0.020295854657888412,249777,4.544591236114502,0.30277777777777776,0.10555555555555556,0.10277777777777777,0.23333333333333334,0.25555555555555554
348,720,0.0419131651521454,-0.11248338421994436,-0.10638780495115052,493,4.87640392621971e-05,0.01995852217078209,250497,4.556435787677765,0.2388888888888889,0.12777777777777777,0.1763888888888889,0.19583333333333333,0.2611111111111111
349,720,0.04153175534926088,0.880393046991952,1.4118474895441637,494,4.9146392015902365e-05,0.020718131214380264,251217,4.569503486156464,0.2361111111111111,0.12916666666666668,0.1527777777777778,0.1986111111111111,0.2833333333333333
350,720,0.04115381637558261,0.03789540621107955,0.038622593724769505,450,5.077302363992607e-05,0.019745610654354095,251937,4.583976304531097,0.21805555555555556,0.14166666666666666,0.21666666666666667,0.1986111111111111,0.225
351,720,0.040779316646564805,1.0406524455461026,1.8310635267004094,485,4.638277237695042e-05,0.01877017877995968,252657,4.6066768884658815,0.24444444444444444,0.1125,0.1875,0.20694444444444443,0.24861111111111112
352,720,0.04040822486508106,0.43540619950748755,0.5455907496601695,475,4.675112428837262e-05,0.018201123923063278,253377,4.620398986339569,0.21666666666666667,0.16805555555555557,0.15138888888888888,0.19444444444444445,0.26944444444444443
353,720,0.040040510018808824,0.22580319416309697,0.2533289785457513,481,4.706856173015694e-05,0.018462520092725754,254097,4.6328994035720825,0.25416666666666665,0.15416666666666667,0.15416666666666667,0.18888888888888888,0.24861111111111112
354,720,0.03967614137763766,0.04650435511793659,0.04760264149165461,478,4.939855461998377e-05,0.018162395805120468,254817,4.647415169080099,0.24861111111111112,0.10833333333333334,0.1875,0.16666666666666666,0.28888888888888886
355,720,0.03931508849110116,0.5886972959602594,0.8016398824552784,481,4.852003674942454e-05,0.018450405448675156,255537,4.660572652022044,0.2263888888888889,0.12777777777777777,0.17222222222222222,0.2111111111111111,0.2625
356,720,0.03895732118583214,0.116101688605397,0.12311007382376515,492,5.08757759234868e-05,0.0190129354596138,256257,4.675802834828695,0.2833333333333333,0.12916666666666668,0.15833333333333333,0.2152777777777778,0.21388888888888888
357,720,0.03860280956304107,0.228225039168136,0.25636802563720495,496,4.8007779830388445e-05,0.019010916352272034,256977,4.689941648642222,0.24861111111111112,0.11388888888888889,0.16805555555555557,0.22083333333333333,0.24861111111111112
358,720,0.038251523996017396,0.5615162413876269,0.7533289558021927,483,5.2202431518506074e-05,0.018759004771709442,257697,4.704447484016418,0.26805555555555555,0.17777777777777778,0.20416666666666666,0.13333333333333333,0.21666666666666667
359,720,0.03790343512765364,0.424946008369543,0.5295078368121031,541,4.740694030260784e-05,0.018583519384264946,258417,4.71755321820577,0.2791666666666667,0.15,0.15416666666666667,0.15138888888888888,0.2652777777777778
360,720,0.037558513867991986,0.25437693616805246,0.2896578313425022,469,4.6847549142765075e-05,0.018261920660734177,259137,4.728928820292155,0.2513888888888889,0.16527777777777777,0.13472222222222222,0.20416666666666666,0.24444444444444444
361,720,0.03721673139179326,-0.013983612124235949,-0.013886295560673778,451,4.9763512101384956e-05,0.018286896869540215,259857,4.750379920005798,0.3638888888888889,0.15,0.10416666666666667,0.1763888888888889,0.20555555555555555
362,720,0.03687805913612794,0.306021935621687,0.3580120950607424,535,4.8510777118180056e-05,0.01907854899764061,260577,4.765897385279337,0.2722222222222222,0.175,0.1486111111111111,0.17916666666666667,0.225
363,720,0.036542468797989176,0.4139220203795732,0.5127391594594675,501,4.635701403306788e-05,0.01864948868751526,261297,4.7795586029688515,0.25277777777777777,0.1736111111111111,0.16527777777777777,0.1625,0.24583333333333332
364,720,0.03620993233192747,-0.14971623644228493,-0.13904775136125824,453,4.949785022997983e-05,0.018811821937561035,262017,4.7939860383669535,0.2361111111111111,0.22361111111111112,0.1388888888888889,0.1986111111111111,0.20277777777777778
365,720,0.03588042194770693,0.45324727471481374,0.5734132037163691,477,5.054828935473981e-05,0.01870907098054886,262737,4.808882168928782,0.23055555555555557,0.11527777777777778,0.10972222222222222,0.2791666666666667,0.2652777777777778
366,720,0.0355539101079828,0.0874864493835618,0.09142747482766578,469,4.5423228512693944e-05,0.01853925921022892,263457,4.82291640440623,0.25277777777777777,0.18333333333333332,0.20833333333333334,0.11944444444444445,0.2361111111111111
367,720,0.03523036952600015,0.6264109289361862,0.8708837801660922,498,5.0743637717055715e-05,0.01855221763253212,264177,4.834876171747843,0.2375,0.14305555555555555,0.1763888888888889,0.16666666666666666,0.2763888888888889
368,720,0.03490977316331355,0.21127924457778932,0.2352572457927824,439,4.6611992135897e-05,0.017693955451250076,264897,4.849752736091614,0.2652777777777778,0.1486111111111111,0.17083333333333334,0.14583333333333334,0.26944444444444443
369,720,0.0345920942275274,0.6755401167682137,0.9650940696449402,491,4.959886518286617e-05,0.017792455852031708,265617,4.865514520804087,0.21388888888888888,0.19305555555555556,0.20694444444444443,0.15,0.2361111111111111
370,720,0.0342773061700569,0.6461839318543309,0.9082449243630397,479,5.054179020160316e-05,0.01849197968840599,266337,4.876736569404602,0.30694444444444446,0.1736111111111111,0.1388888888888889,0.1375,0.24305555555555555
371,720,0.03396538268390938,0.2439078227727691,0.2762266860302347,478,4.968271560857021e-05,0.018293313682079315,267057,4.899058918158214,0.25555555555555554,0.18194444444444444,0.13333333333333333,0.1986111111111111,0.23055555555555557
372,720,0.03365629770148581,0.07959594647003963,0.08284945012771416,478,4.9210922936203535e-05,0.01874011941254139,267777,4.910380085309346,0.24583333333333332,0.12916666666666668,0.1875,0.19583333333333333,0.24166666666666667
373,720,0.03335002539240229,0.13282877776716162,0.14205443647846616,462,5.1099446320929725e-05,0.019102923572063446,268497,4.922208786010742,0.2722222222222222,0.20277777777777778,0.12777777777777777,0.1486111111111111,0.24861111111111112
374,720,0.03304654016133143,-0.03327908010235939,-0.03273142349600833,439,5.084610028486875e-05,0.01956600323319435,269217,4.93589608669281,0.25,0.18611111111111112,0.14444444444444443,0.18194444444444444,0.2375
375,720,0.03274581664586331,0.18334986016293103,0.2012345987049835,447,5.257855115764364e-05,0.02009568363428116,269937,4.947491935888926,0.23472222222222222,0.1736111111111111,0.17222222222222222,0.13472222222222222,0.2847222222222222
376,720,0.03244782971438596,0.06029493762730755,0.06214976828515528,486,4.691344185327277e-05,0.01884905807673931,270657,4.9592600385348,0.2388888888888889,0.2111111111111111,0.18194444444444444,0.12222222222222222,0.24583333333333332
377,720,0.032152554463985045,0.22284250959174862,0.24962375448256346,435,4.921395644335765e-05,0.01844131574034691,271377,4.969066254297892,0.2777777777777778,0.22083333333333333,0.18472222222222223,0.14166666666666666,0.175
378,720,0.03185996621836278,0.10112479017877765,0.10641470283747956,438,4.638931968151559e-05,0.01927594095468521,272097,4.981292903423309,0.275,0.16944444444444445,0.1736111111111111,0.12638888888888888,0.25555555555555554
379,720,0.03157004052577568,0.5245051545331997,0.6896225394200752,488,4.4947766386687566e-05,0.018898753449320793,272817,4.993153504530588,0.23194444444444445,0.1375,0.20833333333333334,0.1486111111111111,0.27361111111111114
380,720,0.031282753156991125,-0.006963758688356463,-0.006939567906316113,448,4.526971086988851e-05,0.017717862501740456,273537,5.005178451538086,0.30416666666666664,0.22777777777777777,0.1597222222222222,0.12916666666666668,0.17916666666666667
381,720,0.030998080103262507,0.5803303561776122,0.7866285570496903,499,5.0464661592286574e-05,0.01775420270860195,274257,5.027200969060262,0.24861111111111112,0.125,0.1875,0.13472222222222222,0.30416666666666664
382,720,0.030715997574322817,0.17774345351964693,0.19451883232000866,501,4.800225651453932e-05,0.018155209720134735,274977,5.041584018866221,0.24166666666666667,0.1125,0.18472222222222223,0.23194444444444445,0.22916666666666666
383,720,0.03043648199639648,1.03637338950528,1.8189751291250653,496,5.173462204008198e-05,0.018631484359502792,275697,5.055973370869954,0.2625,0.12083333333333333,0.1625,0.1527777777777778,0.3013888888888889
384,720,0.030159510010229273,0.300045319953834,0.3499199845011014,475,5.07736909816635e-05,0.018071988597512245,276417,5.0711686372756954,0.23194444444444445,0.20277777777777778,0.1527777777777778,0.20972222222222223,0.20277777777777778
385,720,0.029885058469136187,-0.08089782862928728,-0.07771208194832402,416,5.098533746124506e-05,0.017734933644533157,277137,5.0891307353973385,0.2513888888888889,0.1986111111111111,0.1986111111111111,0.14444444444444443,0.20694444444444443
386,720,0.029613104437067047,0.398601742396887,0.48974020008717645,498,4.624533745527515e-05,0.01732875406742096,277857,5.105450634161631,0.24861111111111112,0.1875,0.20833333333333334,0.15138888888888888,0.20416666666666666
387,720,0.029343625186689738,-0.006598061783234714,-0.006576342368519783,467,4.442429148967777e-05,0.017781905829906464,278577,5.121210221449534,0.23472222222222222,0.23194444444444445,0.25416666666666665,0.10416666666666667,0.175
388,720,0.029076598197490863,0.15900117161196228,0.17233932020668363,491,4.4669857701743845e-05,0.017486199736595154,279297,5.134126869837443,0.2013888888888889,0.15833333333333333,0.2152777777777778,0.16805555555555557,0.2569444444444444
389,720,0.028812001153893697,0.36921368534960747,0.4465966871690945,474,4.256251472977763e-05,0.016822444275021553,280017,5.148911054929098,0.24583333333333332,0.18472222222222223,0.16111111111111112,0.16111111111111112,0.24722222222222223
390,720,0.028549811943393264,0.2200316469634663,0.24611616575614903,435,4.0507971767864443e-05,0.016956131905317307,280737,5.160466285546621,0.31666666666666665,0.2222222222222222,0.1486111111111111,0.14166666666666666,0.17083333333333334
391,720,0.028290008654708387,0.6968738044710019,1.0074671528154124,541,3.979104009077774e-05,0.016902200877666473,281457,5.1845778544743855,0.21388888888888888,0.2513888888888889,0.16805555555555557,0.12083333333333333,0.24583333333333332
392,720,0.02803256957595054,0.18432310267724897,0.20240426037602455,501,4.0754829567251565e-05,0.01686638966202736,282177,5.1995816389719645,0.21805555555555556,0.2152777777777778,0.15,0.1763888888888889,0.24027777777777778
393,720,0.02777747319280939,1.0775665493449462,1.9375225303432404,521,4.255248498894717e-05,0.017386704683303833,282897,5.212418568134308,0.21944444444444444,0.14444444444444443,0.15138888888888888,0.22083333333333333,0.2638888888888889
394,720,0.027524698186754824,0.3965771689801755,0.4867271627670833,498,4.321438802890043e-05,0.018058668822050095,283617,5.227163167794545,0.25416666666666665,0.19722222222222222,0.14444444444444443,0.15416666666666667,0.25
395,720,0.027274223433255355,0.06318448368292791,0.06522333742982056,468,4.6256752389379266e-05,0.017715847119688988,284337,5.241191653410594,0.22361111111111112,0.20833333333333334,0.1763888888888889,0.1763888888888889,0.2152777777777778
396,720,0.027026028000012733,0.08940216550728564,0.09352034407068088,516,4.3873643642200476e-05,0.017186321318149567,285057,5.253791503111521,0.22777777777777777,0.16111111111111112,0.15833333333333333,0.16944444444444445,0.2833333333333333
397,720,0.02678009114521262,1.6994751547803204,4.471075170407612,545,4.6491546507038746e-05,0.016822097823023796,285777,5.266154070695241,0.22916666666666666,0.20833333333333334,0.11527777777777778,0.16527777777777777,0.28194444444444444
398,720,0.026536392315791184,0.3621382579001698,0.4363975215375746,493,4.5696767981300784e-05,0.0173963513225317,286497,5.281040438016256,0.19722222222222222,0.18472222222222223,0.1527777777777778,0.19166666666666668,0.27361111111111114
399,720,0.026294911145717484,0.15778251828879541,0.1709115151746139,495,4.553239610913806e-05,0.018623312935233116,287217,5.292186852296194,0.2625,0.18055555555555555,0.175,0.1638888888888889,0.21805555555555556
400,720,0.026055627454291456,0.5037881415292195,0.6549787047558235,500,4.589568038682046e-05,0.018325770273804665,287937,5.303970718383789,0.23055555555555557,0.2152777777777778,0.11527777777777778,0.20277777777777778,0.2361111111111111
401,720,0.025818521244457403,1.0906559489081262,1.976225684402284,531,4.1721251291922576e-05,0.017162347212433815,288657,5.329268050193787,0.2375,0.16111111111111112,0.15,0.19027777777777777,0.2611111111111111
402,720,0.02558357270113284,0.7969241472332581,1.21870600926137,488,5.053286651496415e-05,0.018444472923874855,289377,5.341851985454559,0.22777777777777777,0.19583333333333333,0.20555555555555555,0.1638888888888889,0.20694444444444443
403,720,0.025350762189552532,0.6551450783307701,0.9254218341001905,510,4.249226137113106e-05,0.01749303936958313,290097,5.354291717211406,0.2625,0.2111111111111111,0.175,0.17083333333333334,0.18055555555555555
404,720,0.025120070253627603,0.05028949558201561,0.05157547877047919,446,4.309200363523915e-05,0.017480289563536644,290817,5.368772518634796,0.25833333333333336,0.18472222222222223,0.2125,0.1527777777777778,0.19166666666666668
405,720,0.02489147761431959,0.7561682517457584,1.1300985616923338,505,4.215121642295748e-05,0.016914257779717445,291537,5.381330851713816,0.2638888888888889,0.18194444444444444,0.12638888888888888,0.16944444444444445,0.25833333333333336
406,720,0.024664965168029282,0.4110163201581923,0.5083499728673573,517,4.345080602534937e-05,0.016852805390954018,292257,5.392769372463226,0.25,0.21805555555555556,0.1361111111111111,0.2,0.19583333333333333
407,720,0.024440513985000214,0.31365160199788505,0.36841290116712,465,4.4417579082770924e-05,0.01715908572077751,292977,5.405032217502594,0.24583333333333332,0.2611111111111111,0.15,0.1388888888888889,0.20416666666666666
408,720,0.02421810530773671,0.229593441421746,0.25808841930167636,510,4.0792847679919454e-05,0.016406945884227753,293697,5.4167748888333636,0.2625,0.20277777777777778,0.16666666666666666,0.13055555555555556,0.2375
409,720,0.023997720549436306,0.6157774290069858,0.8510951353590563,509,4.5204430632060796e-05,0.0168248750269413,294417,5.429865022500356,0.2222222222222222,0.20972222222222223,0.18472222222222223,0.14444444444444443,0.2388888888888889
410,720,0.023779341292436435,0.2501061296001111,0.28416169702330474,521,4.149984574597612e-05,0.01671862043440342,295137,5.442498421669006,0.2222222222222222,0.21944444444444444,0.16944444444444445,0.1625,0.2263888888888889
411,720,0.023562949286675263,-0.08741974487013929,-0.08370759413388729,444,4.411171158835714e-05,0.017278894782066345,295857,5.4648918827374775,0.23194444444444445,0.23472222222222222,0.18888888888888888,0.1125,0.23194444444444445
412,720,0.02334852644816652,0.4280375602802817,0.5342437065089967,463,4.31363565149291e-05,0.01733260415494442,296577,5.478967336813609,0.24166666666666667,0.2222222222222222,0.2,0.14027777777777778,0.19583333333333333
413,720,0.023136054857488205,0.45684878560557435,0.5790900850440039,467,4.483983102419289e-05,0.017230886965990067,297297,5.491859384377798,0.2013888888888889,0.17777777777777778,0.21388888888888888,0.16805555555555557,0.2388888888888889
414,720,0.022925516758285063,0.3165817363180201,0.3724284148972463,493,4.251704911363656e-05,0.017767559736967087,298017,5.505084617932638,0.22916666666666666,0.22361111111111112,0.15833333333333333,0.14027777777777778,0.24861111111111112
415,720,0.02271689455578467,0.3673140035894379,0.4438512224084714,465,4.445214419143263e-05,0.017098024487495422,298737,5.5171058177948,0.2513888888888889,0.16527777777777777,0.20277777777777778,0.15833333333333333,0.2222222222222222
416,720,0.022510170815327028,0.40589892076312256,0.5006508601479145,502,4.2396735165716056e-05,0.016596611589193344,299457,5.531856683890025,0.19722222222222222,0.21666666666666667,0.1763888888888889,0.15833333333333333,0.2513888888888889
417,720,0.022305328260907552,0.8123645469572033,1.253229559741698,493,4.153586679902017e-05,0.016424324363470078,300177,5.544643767674764,0.21388888888888888,0.24444444444444444,0.14305555555555555,0.1361111111111111,0.2625
418,720,0.022102349773733293,0.8315643037424186,1.296908994744268,499,4.131638414340462e-05,0.016975585371255875,300897,5.557473905881246,0.21666666666666667,0.19305555555555556,0.13333333333333333,0.18611111111111112,0.2708333333333333
419,720,0.02190121839079232,0.47016894017450817,0.6002645193494021,509,4.27213123468088e-05,0.017165379598736763,301617,5.570426901181539,0.19166666666666668,0.18611111111111112,0.2013888888888889,0.2111111111111111,0.20972222222222223
420,720,0.021701917303436107,0.9029329777821019,1.46682766197927,530,4.949569609809462e-05,0.017458073794841766,302337,5.58309158484141,0.21944444444444444,0.16111111111111112,0.17916666666666667,0.19305555555555556,0.24722222222222223
421,720,0.021504429855974838,1.0103951840933267,1.7466862472838058,463,4.324092026814065e-05,0.01715736836194992,303057,5.610928404331207,0.2708333333333333,0.22083333333333333,0.12638888888888888,0.13055555555555556,0.2513888888888889
422,720,0.021308739544285468,0.3797210597061553,0.4618767562243693,489,4.427112607143297e-05,0.017512314021587372,303777,5.6247215390205385,0.25277777777777777,0.2111111111111111,0.15,0.1375,0.24861111111111112
423,720,0.02111483001443247,1.0099317410855264,1.7454136096681698,499,4.0643460503512564e-05,0.01648375764489174,304497,5.637133649984995,0.2638888888888889,0.225,0.17083333333333334,0.1388888888888889,0.2013888888888889
424,720,0.020922685061301134,0.3819136059543961,0.46508550500122237,499,4.353804329058322e-05,0.016574731096625328,305217,5.649700101216634,0.24166666666666667,0.21388888888888888,0.125,0.17777777777777778,0.24166666666666667
425,720,0.020732288627243294,0.029154054554572196,0.029583194238693045,451,4.3718326252120376e-05,0.01744481548666954,305937,5.662614885965983,0.20972222222222223,0.22083333333333333,0.15694444444444444,0.2263888888888889,0.18611111111111112
426,720,0.02054362480073538,0.46020442526954924,0.5843978428470848,495,4.3209768788680475e-05,0.017062630504369736,306657,5.674434999624888,0.24305555555555555,0.21666666666666667,0.17777777777777778,0.15555555555555556,0.20694444444444443
427,720,0.02035667781504869,0.035989378537768436,0.0366448357484781,453,4.388504760552476e-05,0.016994791105389595,307377,5.686266632874807,0.22916666666666666,0.20555555555555555,0.18055555555555555,0.19583333333333333,0.18888888888888888
428,720,0.020171432046931746,0.0712833706253041,0.07388549035941905,448,4.7623115801798124e-05,0.017985668033361435,308097,5.698218603928884,0.2611111111111111,0.16111111111111112,0.2569444444444444,0.13194444444444445,0.18888888888888888
429,720,0.019987872015304668,0.25072521156804767,0.28495694451013964,498,4.7015516257589395e-05,0.01852458342909813,308817,5.711233671506246,0.26805555555555555,0.19444444444444445,0.1875,0.15833333333333333,0.19166666666666668
430,720,0.019805982379965396,0.48931157307387785,0.6311928762320158,516,4.1782323099444817e-05,0.018019843846559525,309537,5.72437891960144,0.2,0.23333333333333334,0.16111111111111112,0.17222222222222222,0.23333333333333334
431,720,0.01962574794030771,0.35556181951590915,0.4269821355290915,510,4.628271303646317e-05,0.01770203560590744,310257,5.7473986347516375,0.2013888888888889,0.22083333333333333,0.19583333333333333,0.1763888888888889,0.20555555555555555
432,720,0.01944715363405091,1.1426450450985257,2.1350497560225956,534,4.586473689995627e-05,0.017858639359474182,310977,5.760400501887004,0.22777777777777777,0.25972222222222224,0.12083333333333333,0.18194444444444444,0.20972222222222223
433,720,0.019270184535981047,0.9813300892995853,1.6680025646061138,535,4.190442445077578e-05,0.017602642998099327,311697,5.7753495335578915,0.2513888888888889,0.19722222222222222,0.12638888888888888,0.17916666666666667,0.24583333333333332
434,720,0.01909482585670362,-0.016799732797268974,-0.016659404212721607,449,4.5533916438166164e-05,0.017492085695266724,312417,5.790077118078868,0.2388888888888889,0.22361111111111112,0.1875,0.13472222222222222,0.2152777777777778
435,720,0.018921062941407617,1.5725720860543795,3.819027219698083,514,4.2763070230951904e-05,0.017542541027069092,313137,5.802539769808451,0.24444444444444444,0.2569444444444444,0.15,0.12083333333333333,0.22777777777777777
436,720,0.01874888126864081,0.11666284522271311,0.12374049133860265,491,4.1338151849383094e-05,0.017256557941436768,313857,5.81433013677597,0.21666666666666667,0.20555555555555555,0.20277777777777778,0.18333333333333332,0.19166666666666668
437,720,0.018578266449096176,0.1639644460183056,0.1781724256272037,457,4.0628731987150483e-05,0.01685030572116375,314577,5.826779619852702,0.27361111111111114,0.20972222222222223,0.2013888888888889,0.17083333333333334,0.14444444444444443
438,720,0.018409204224409403,-0.04277630230266083,-0.04187430339171083,457,4.116045457370395e-05,0.017493871971964836,315297,5.839311869939168,0.2,0.23194444444444445,0.2388888888888889,0.13055555555555556,0.1986111111111111
439,720,0.01824168046596728,0.4173268374652793,0.5178985379815924,497,4.213551552791412e-05,0.017233241349458694,316017,5.851835552851359,0.21944444444444444,0.20833333333333334,0.14027777777777778,0.20416666666666666,0.22777777777777777
440,720,0.018075681173726977,0.25335399417329507,0.28833926071356863,427,4.425741341644122e-05,0.01718863472342491,316737,5.863830335934957,0.15694444444444444,0.22777777777777777,0.16666666666666666,0.17777777777777778,0.2708333333333333
441,720,0.01791119247504606,0.14336866515496294,0.1541552200557761,434,4.7723807905539517e-05,0.0186360701918602,317457,5.8905049681663515,0.2111111111111111,0.20694444444444443,0.17916666666666667,0.2152777777777778,0.1875
442,720,0.01774820062352314,-0.04460094369979319,-0.04362094521931459,451,4.340163009525592e-05,0.017810657620429993,318177,5.904122018814087,0.20416666666666666,0.24166666666666667,0.20972222222222223,0.1875,0.15694444444444444
443,720,0.017586691997849083,0.9671193889400129,1.6303565015934551,496,4.599616370721075e-05,0.01844654232263565,318897,5.918712119261424,0.22361111111111112,0.1638888888888889,0.18194444444444444,0.18888888888888888,0.24166666666666667
444,720,0.017426653100668658,0.20064848305162783,0.22219507402198624,450,4.791820281424306e-05,0.01730234920978546,319617,5.933349017302195,0.2125,0.2625,0.17916666666666667,0.14027777777777778,0.20555555555555555
445,720,0.017268070557452574,0.9673087404399399,1.6308546106997368,503,5.0183273209667174e-05,0.017777487635612488,320337,5.945958685874939,0.2222222222222222,0.17777777777777778,0.15555555555555556,0.17916666666666667,0.2652777777777778
446,720,0.017110931115379754,0.6481747364596608,0.9120476511335947,512,4.813961536708828e-05,0.017488054931163788,321057,5.958261919021607,0.2375,0.2125,0.18055555555555555,0.16666666666666666,0.20277777777777778
447,720,0.016955221642229797,0.6524903973700862,0.9203172319587947,503,4.808865146136062e-05,0.018481720238924026,321777,5.970274551709493,0.2361111111111111,0.22777777777777777,0.20277777777777778,0.1486111111111111,0.18472222222222223
448,720,0.016800929125285507,0.3361263526390599,0.39951584616034186,481,4.812153828702827e-05,0.018737975507974625,322497,5.9819188714027405,0.20694444444444443,0.20416666666666666,0.18888888888888888,0.17916666666666667,0.22083333333333333
449,720,0.016648040670245407,0.08765440232191879,0.09161079867352373,445,4.582028819489399e-05,0.018395710736513138,323217,5.995437184969584,0.17083333333333334,0.28888888888888886,0.22777777777777777,0.1388888888888889,0.1736111111111111
450,720,0.016496543500146173,1.0086699369874814,1.7419516201602718,492,5.25312838868154e-05,0.017633814364671707,323937,6.011798934141795,0.2708333333333333,0.22916666666666666,0.15555555555555556,0.14305555555555555,0.2013888888888889
451,720,0.016346424954294843,0.6462621545585173,0.9083941982795047,476,4.95015834126712e-05,0.017842940986156464,324657,6.035011434555054,0.18472222222222223,0.20694444444444443,0.18333333333333332,0.1597222222222222,0.2652777777777778
452,720,0.01619767248721076,0.20722551375205492,0.23025998104410283,489,4.603165779902459e-05,0.018594523891806602,325377,6.048743065198263,0.19722222222222222,0.30416666666666664,0.1625,0.1361111111111111,0.2
453,720,0.016050273667577143,0.13892489239476238,0.1490377952854447,432,4.727617376829585e-05,0.017668766900897026,326097,6.0613831877708435,0.2513888888888889,0.21805555555555556,0.1763888888888889,0.12638888888888888,0.22777777777777777
454,720,0.015904216177202193,1.3658600799678284,2.9190923356682936,507,4.657802962431864e-05,0.01840091124176979,326817,6.079005618890126,0.23055555555555557,0.24166666666666667,0.14444444444444443,0.1375,0.24583333333333332
455,720,0.015759487809989654,0.10978753403564138,0.11604092455574833,495,4.577093366656805e-05,0.017150189727544785,327537,6.092777355511983,0.23055555555555557,0.2625,0.2125,0.10555555555555556,0.18888888888888888
456,720,0.015616076470918748,0.6727365268803368,0.9595924675042204,498,4.66828449627125e-05,0.01839577779173851,328257,6.105139787991842,0.18055555555555555,0.225,0.15,0.15833333333333333,0.2861111111111111
457,720,0.015473970175033387,0.925136762806462,1.5222131817246387,531,4.966572986278253e-05,0.018015144392848015,328977,6.118840018908183,0.22361111111111112,0.23055555555555557,0.1361111111111111,0.16944444444444445,0.24027777777777778
458,720,0.015333157046440584,0.8887467217181918,1.4320796678227654,491,4.9874546564549544e-05,0.018036536872386932,329697,6.131902889410655,0.25555555555555554,0.22083333333333333,0.16805555555555557,0.13333333333333333,0.2222222222222222
459,720,0.015193625317317975,1.022388150224911,1.779825484090074,494,4.902051049763637e-05,0.01908842846751213,330417,6.144070617357889,0.2152777777777778,0.26944444444444443,0.14444444444444443,0.14166666666666666,0.22916666666666666
460,720,0.01505536332693038,0.7287291921734302,1.0724452538659155,501,5.269265567828067e-05,0.01846952736377716,331137,6.157162586847941,0.2361111111111111,0.2375,0.15416666666666667,0.12222222222222222,0.25
461,720,0.014918359520655315,1.2417080802829397,2.461520973800869,506,5.090476492771106e-05,0.01884152740240097,331857,6.179706267515818,0.2375,0.24583333333333332,0.11527777777777778,0.15694444444444444,0.24444444444444444
462,720,0.014782602449017352,1.2480808655777378,2.4836509436376613,503,5.1735163143954806e-05,0.019003722816705704,332577,6.191732136408488,0.25972222222222224,0.2611111111111111,0.11666666666666667,0.12222222222222222,0.24027777777777778
463,720,0.014648080766731294,1.3330635058164633,2.792644396785487,483,4.993019017799977e-05,0.018981877714395523,333297,6.204686216513315,0.24722222222222223,0.20277777777777778,0.1527777777777778,0.1388888888888889,0.25833333333333336
464,720,0.01451478323175404,0.002170860207419293,0.002173218230441254,457,5.313423819188756e-05,0.019098427146673203,334017,6.216717620690663,0.22083333333333333,0.26805555555555555,0.17222222222222222,0.13194444444444445,0.20694444444444443
465,720,0.014382698704345078,0.8212686188024934,1.2733820641542444,505,5.446158192323007e-05,0.01930183731019497,334737,6.228358217080435,0.2125,0.22361111111111112,0.13333333333333333,0.15555555555555556,0.275
466,720,0.014251816146135538,1.2037310987052823,2.332527745292659,491,4.8467312582387324e-05,0.01939776912331581,335457,6.24131867090861,0.2652777777777778,0.25416666666666665,0.1486111111111111,0.13333333333333333,0.1986111111111111
467,720,0.014122124619205706,0.6569824814612993,0.9289628623577388,497,4.917917520464875e-05,0.019034987315535545,336177,6.253455018997192,0.23194444444444445,0.21944444444444444,0.12222222222222222,0.14027777777777778,0.2861111111111111
468,720,0.013993613285170934,0.7067610523611958,1.0274139250319116,496,4.914781752379188e-05,0.018995758146047592,336897,6.266050167878469,0.20694444444444443,0.23194444444444445,0.14027777777777778,0.16666666666666666,0.25416666666666665
469,720,0.013866271404275878,0.5614433258762481,0.753201115585588,480,5.136930022773514e-05,0.019359268248081207,337617,6.279442886511485,0.23055555555555557,0.22916666666666666,0.1638888888888889,0.14722222222222223,0.22916666666666666
470,720,0.013740088334496968,0.3791096807154536,0.4609832686462132,480,5.412702464582253e-05,0.020328544080257416,338337,6.292930952707926,0.2513888888888889,0.2611111111111111,0.13472222222222222,0.125,0.22777777777777777
471,720,0.013615053530653046,0.7294305568651325,1.0738993036424396,518,6.324613290315837e-05,0.02202356606721878,339057,6.31677230199178,0.3013888888888889,0.19166666666666668,0.11805555555555555,0.12916666666666668,0.25972222222222224
472,720,0.013491156543524103,0.14657796899794762,0.15786520488890554,493,5.661297457335321e-05,0.020483411848545074,339777,6.331932739416758,0.23333333333333334,0.23333333333333334,0.15416666666666667,0.1527777777777778,0.2263888888888889
473,720,0.013368387018978033,0.19835519211332403,0.21939543655249372,517,5.003156304610457e-05,0.0204855278134346,340497,6.343851900100708,0.23472222222222222,0.24444444444444444,0.12638888888888888,0.1375,0.2569444444444444
474,720,0.013246734697105333,0.9162758615382798,1.499962824436719,494,4.77627582818564e-05,0.01966230198740959,341217,6.3562302708625795,0.2375,0.23333333333333334,0.10555555555555556,0.1388888888888889,0.2847222222222222
475,720,0.013126189411361674,0.6736451442926384,0.9613737964919253,500,5.0221992369693506e-05,0.020019758492708206,341937,6.368333133061727,0.2222222222222222,0.24305555555555555,0.18194444444444444,0.13055555555555556,0.2222222222222222
476,720,0.013006741087718283,-1.9465543299466536e-05,-1.9465353847114564e-05,478,5.2643131327082907e-05,0.01995832659304142,342657,6.380355437596639,0.18333333333333332,0.28888888888888886,0.1361111111111111,0.13333333333333333,0.25833333333333336
477,720,0.012888379743820046,0.38717911539483624,0.4728202724334156,485,5.038293963934848e-05,0.020238831639289856,343377,6.392302918434143,0.26805555555555555,0.2625,0.13055555555555556,0.12777777777777777,0.2111111111111111
478,720,0.012771095488151283,0.2692498839874004,0.3089821938721722,445,5.1275220567327375e-05,0.020972654223442078,344097,6.404875636100769,0.19583333333333333,0.2777777777777778,0.1763888888888889,0.12222222222222222,0.22777777777777777
479,720,0.012654878519209106,0.7103362337540197,1.0346752701507227,455,5.3092884790354826e-05,0.02054000459611416,344817,6.417745355765025,0.2611111111111111,0.275,0.1375,0.10833333333333334,0.21805555555555556
480,720,0.012539719124684302,0.5207398711539404,0.6832725939294033,460,4.541902956639711e-05,0.019852090626955032,345537,6.430246202150981,0.2652777777777778,0.2902777777777778,0.175,0.1125,0.15694444444444444
481,720,0.012425607680649675,0.20865686190181967,0.23202217224540034,411,4.5143755504442296e-05,0.01909232884645462,346257,6.451349834601085,0.24722222222222223,0.3125,0.175,0.11527777777777778,0.15
482,720,0.012312534650755763,0.7431884519636227,1.1026289694103188,497,4.8587114685637466e-05,0.019194984808564186,346977,6.462671800454458,0.25555555555555554,0.2513888888888889,0.1111111111111111,0.15,0.23194444444444445
483,720,0.012200490585433887,0.18573458897566342,0.20410263584958233,467,4.7492412521579456e-05,0.019189905375242233,347697,6.476470367113749,0.19722222222222222,0.24583333333333332,0.17222222222222222,0.15694444444444444,0.22777777777777777
484,720,0.01208946612110644,0.7147212043873863,1.0436168514170405,494,5.2838743425177706e-05,0.01926211453974247,348417,6.491396403312683,0.26666666666666666,0.23333333333333334,0.11388888888888889,0.14305555555555555,0.24305555555555555
485,720,0.01197945197940437,0.19617965956607528,0.21674548566468488,446,4.628297986326086e-05,0.018807342275977135,349137,6.504592971007029,0.21944444444444444,0.3111111111111111,0.11944444444444445,0.12638888888888888,0.22361111111111112
486,720,0.01187043896639179,0.5069515247879685,0.6602223261032933,478,5.1443127994035525e-05,0.01940136030316353,349857,6.51689525047938,0.24027777777777778,0.26805555555555555,0.12222222222222222,0.1375,0.23194444444444445
487,720,0.011762417971797624,0.2339133090510622,0.26353495041584063,486,5.734185110289521e-05,0.019209114834666252,350577,6.53009752035141,0.22777777777777777,0.24444444444444444,0.16805555555555557,0.13333333333333333,0.2263888888888889
488,720,0.011655379968254265,0.3828439133024008,0.4664491190036928,456,5.156483040183149e-05,0.019387317821383476,351297,6.544045150279999,0.21944444444444444,0.2847222222222222,0.1375,0.1625,0.19583333333333333
489,720,0.011549316010543152,0.07630966754511613,0.07929674558724775,455,5.117240126537581e-05,0.019259078428149223,352017,6.556334253152212,0.2222222222222222,0.25833333333333336,0.1625,0.0875,0.26944444444444443
490,720,0.011444217234847209,0.17934383794164918,0.1964320521863263,459,4.8287612882328784e-05,0.01896875537931919,352737,6.568487735589345,0.24722222222222223,0.25833333333333336,0.20277777777777778,0.1125,0.17916666666666667
491,720,0.011340074858010099,1.0739293352037025,1.926857539041798,493,4.491494242605162e-05,0.017992690205574036,353457,6.590981785456339,0.2513888888888889,0.21666666666666667,0.14027777777777778,0.13333333333333333,0.25833333333333336
492,720,0.011236880176802208,0.6435722361188948,0.9032676715959611,521,4.8693080326403206e-05,0.018270006403326988,354177,6.603302033742269,0.17916666666666667,0.2902777777777778,0.125,0.14166666666666666,0.2638888888888889
493,720,0.011134624567193307,1.2439546669064934,2.469306322473366,494,5.239839901807702e-05,0.017881089821457863,354897,6.617309868335724,0.2,0.2833333333333333,0.12083333333333333,0.1527777777777778,0.24305555555555555
494,720,0.011033299483631848,0.6155737674523204,0.8507181768332481,524,4.75973735559718e-05,0.017501354217529297,355617,6.629366886615753,0.2,0.25416666666666665,0.1388888888888889,0.16111111111111112,0.24583333333333332
495,720,0.010932896458330798,0.6611646542672919,0.9370470112552693,515,4.780332107859269e-05,0.018214210867881775,356337,6.6416201512018835,0.16805555555555557,0.25416666666666665,0.19722222222222222,0.13055555555555556,0.25
496,720,0.010833407100559987,0.7432274939715346,1.1027110618696998,528,5.172392114647866e-05,0.018664613366127014,357057,6.65399082104365,0.22777777777777777,0.24444444444444444,0.17222222222222222,0.12361111111111112,0.23194444444444445
497,720,0.010734823095944892,1.3136728522056624,2.7198109689876038,512,4.91907668851531e-05,0.017953477799892426,357777,6.6665412863095606,0.2513888888888889,0.17777777777777778,0.1638888888888889,0.16944444444444445,0.2375
498,720,0.010637136205771794,0.12722046968867662,0.1356673704144835,494,5.0870914348403556e-05,0.018815264105796814,358497,6.678217653433482,0.2013888888888889,0.24027777777777778,0.1986111111111111,0.13472222222222222,0.225
499,720,0.01054033826629927,1.1262041804288867,2.083928219895898,517,4.948927801125238e-05,0.01796070858836174,359217,6.692332784334819,0.24166666666666667,0.22777777777777777,0.11527777777777778,0.16527777777777777,0.25
500,720,0.010444421188075948,0.8505296552569521,1.3408863864145268,537,5.589898439413648e-05,0.0192989744246006,359937,6.704679870605469,0.2013888888888889,0.25833333333333336,0.15833333333333333,0.13194444444444445,0.25
501,720,0.010349376955264456,0.9655440662471265,1.6262161033939782,498,5.214398982944759e-05,0.01983168162405491,360657,6.729598601659139,0.15694444444444444,0.2916666666666667,0.15833333333333333,0.1486111111111111,0.24444444444444444
502,720,0.01025519762497155,0.8760127200666041,1.4013059136755204,465,4.723605997898833e-05,0.01873670145869255,361377,6.743132738272349,0.18333333333333332,0.2875,0.15416666666666667,0.10277777777777777,0.2722222222222222
503,720,0.010161875326584309,0.17680804060067454,0.19340198640978512,481,4.667700929101354e-05,0.0187695175409317,362097,6.756471252441406,0.1736111111111111,0.25833333333333336,0.20555555555555555,0.16527777777777777,0.19722222222222222
504,720,0.010069402261112392,0.12727273589976104,0.1357267289961992,443,4.923044807204254e-05,0.018123053014278412,362817,6.768556487560272,0.21388888888888888,0.23194444444444445,0.2625,0.1,0.19166666666666668
505,720,0.01,0.21586448169152878,0.24093419830167084,442,4.746728858814701e-05,0.019116230309009552,363537,6.780282469590505,0.20277777777777778,0.2833333333333333,0.2152777777777778,0.11388888888888889,0.18472222222222223
506,720,0.01,0.7471739258771007,1.1110256636060436,509,5.1512966534674986e-05,0.018735677003860474,364257,6.792195502916972,0.20833333333333334,0.2722222222222222,0.1597222222222222,0.12916666666666668,0.23055555555555557
507,720,0.01,0.6317681779848043,0.8809334658163186,510,5.3413128110454027e-05,0.018767405301332474,364977,6.80638126929601,0.1986111111111111,0.25833333333333336,0.11944444444444445,0.17083333333333334,0.25277777777777777
508,720,0.01,0.35415866785860983,0.4249812672697786,474,5.054957369768292e-05,0.018690185621380806,365697,6.819911368687948,0.18472222222222223,0.26944444444444443,0.20416666666666666,0.11527777777777778,0.2263888888888889
509,720,0.01,0.12454322987447139,0.13263098289713016,468,4.4898218839585345e-05,0.01850641891360283,366417,6.83349240620931,0.18055555555555555,0.21388888888888888,0.20972222222222223,0.15,0.24583333333333332
510,720,0.01,0.36069007373598394,0.4343188588998528,453,4.431879974870551e-05,0.018548980355262756,367137,6.845534384250641,0.19305555555555556,0.3055555555555556,0.16805555555555557,0.1638888888888889,0.16944444444444445
511,720,0.01,1.3914937418808844,3.0208516839916735,473,4.7794836704421564e-05,0.018510382622480392,367857,6.870238769054413,0.24583333333333332,0.25972222222222224,0.13333333333333333,0.14444444444444443,0.21666666666666667
512,720,0.01,0.7262884251675386,1.0673930659836426,519,4.759880625265901e-05,0.018612563610076904,368577,6.883494651317596,0.19722222222222222,0.25555555555555554,0.15555555555555556,0.1388888888888889,0.25277777777777777
513,720,0.01,0.08664103257061431,0.090505153618194,450,5.085222370426992e-05,0.018846508115530014,369297,6.89716215133667,0.2388888888888889,0.30277777777777776,0.1736111111111111,0.1111111111111111,0.1736111111111111
514,720,0.01,0.17890430989505482,0.19590630229292172,483,5.02726019223903e-05,0.01943952962756157,370017,6.910542702674865,0.19583333333333333,0.26805555555555555,0.1638888888888889,0.14166666666666666,0.23055555555555557
515,720,0.01,0.46142404372201024,0.586331382542935,463,4.715366271107592e-05,0.018782787024974823,370737,6.923413236935933,0.19444444444444445,0.2902777777777778,0.21388888888888888,0.11805555555555555,0.18333333333333332
516,720,0.01,0.631554937564787,0.8805324175354174,489,4.4823265065790315e-05,0.01898142509162426,371457,6.935871851444245,0.2,0.25555555555555554,0.21805555555555556,0.11527777777777778,0.2111111111111111
517,720,0.01,0.23903287765266304,0.27002029118344395,466,4.970379260132379e-05,0.01970372349023819,372177,6.9491034865379335,0.18333333333333332,0.3013888888888889,0.20416666666666666,0.10972222222222222,0.2013888888888889
518,720,0.01,0.7172132398833689,1.0487159681019547,521,5.271493421837982e-05,0.019358815625309944,372897,6.961737986405691,0.22777777777777777,0.26944444444444443,0.12638888888888888,0.13333333333333333,0.24305555555555555
519,720,0.01,0.5576132687033255,0.7464990978257058,485,4.893249191834709e-05,0.019337695091962814,373617,6.975905668735504,0.22083333333333333,0.33611111111111114,0.125,0.14722222222222223,0.17083333333333334
520,720,0.01,1.2238579265537048,2.4002804943369322,507,4.884739241914657e-05,0.01949211396276951,374337,6.98801068464915,0.2125,0.2875,0.10972222222222222,0.12361111111111112,0.26666666666666666
521,720,0.01,0.7743961729182397,1.1692818605006559,493,4.638729259214516e-05,0.020060118287801743,375057,7.009961668650309,0.21944444444444444,0.25833333333333336,0.17222222222222222,0.125,0.225
522,720,0.01,0.01587849277710444,0.01600522593218745,434,4.992562348004665e-05,0.019228562712669373,375777,7.022259183724722,0.15,0.21388888888888888,0.2569444444444444,0.15694444444444444,0.2222222222222222
523,720,0.01,0.11839803953292762,0.12569209215897725,460,4.968924759320241e-05,0.019408466294407845,376497,7.034747469425201,0.22361111111111112,0.18888888888888888,0.20555555555555555,0.19027777777777777,0.19166666666666668
524,720,0.01,1.6188478641491246,4.047271822543842,518,5.2022917341471635e-05,0.019208524376153946,377217,7.046842984358469,0.2111111111111111,0.28888888888888886,0.11944444444444445,0.15833333333333333,0.2222222222222222
525,720,0.01,0.8312870075026556,1.2962721588171404,471,4.787836418245206e-05,0.019169893115758896,377937,7.060189298788706,0.17777777777777778,0.3125,0.1763888888888889,0.1111111111111111,0.2222222222222222
526,720,0.01,0.1549694668105326,0.16762230932764965,436,5.344954771670827e-05,0.018711920827627182,378657,7.072342137495677,0.20416666666666666,0.1986111111111111,0.25833333333333336,0.15833333333333333,0.18055555555555555
527,720,0.01,0.1961035190484217,0.2166528455604313,418,4.860615150113922e-05,0.01922379620373249,379377,7.085176837444306,0.16527777777777777,0.30694444444444446,0.20694444444444443,0.13472222222222222,0.18611111111111112
528,720,0.01,-0.22766237204808712,-0.20360690097997103,477,5.199148517552506e-05,0.01930549181997776,380097,7.09737708568573,0.18611111111111112,0.29444444444444445,0.18888888888888888,0.14444444444444443,0.18611111111111112
529,720,0.01,0.7177248818254275,1.0497644453181874,499,4.935062186809268e-05,0.019615603610873222,380817,7.109566219647726,0.23055555555555557,0.25833333333333336,0.13472222222222222,0.1361111111111111,0.24027777777777778
530,720,0.01,0.8859103761533164,1.4251912230664185,482,4.638391291867568e-05,0.018881719559431076,381537,7.123995137214661,0.2111111111111111,0.2708333333333333,0.16944444444444445,0.11666666666666667,0.23194444444444445
531,720,0.01,0.960063891883869,1.6118633449617135,488,4.7512565625614416e-05,0.018704254180192947,382257,7.147626805305481,0.1986111111111111,0.25,0.16805555555555557,0.15555555555555556,0.22777777777777777
532,720,0.01,0.32161927560523557,0.37935952015626784,465,4.65810261428285e-05,0.01854703016579151,382977,7.160177250703176,0.24444444444444444,0.24861111111111112,0.21944444444444444,0.12083333333333333,0.16666666666666666
533,720,0.01,-0.05274103434316964,-0.0513743578613961,430,4.641897620811303e-05,0.018900949507951736,383697,7.172368387381236,0.28055555555555556,0.22916666666666666,0.2111111111111111,0.11527777777777778,0.1638888888888889
534,720,0.01,0.24698212801530817,0.28015623364121245,399,4.324378645605975e-05,0.0182650163769722,384417,7.185306187470754,0.2375,0.2791666666666667,0.24583333333333332,0.0763888888888889,0.16111111111111112
535,720,0.01,0.46015128911557956,0.5843136562760551,507,4.18888665510369e-05,0.01792183145880699,385137,7.197627218564351,0.19166666666666668,0.31666666666666665,0.1527777777777778,0.12777777777777777,0.2111111111111111
536,720,0.01,0.17577311397624312,0.19216754181037166,418,4.068532064012389e-05,0.01749960519373417,385857,7.210891532897949,0.2125,0.18611111111111112,0.20555555555555555,0.18888888888888888,0.20694444444444443
537,720,0.01,0.31450228464907504,0.36957748155573955,420,4.509541932343887e-05,0.017800569534301758,386577,7.225318952401479,0.2263888888888889,0.3263888888888889,0.1597222222222222,0.10555555555555556,0.18194444444444444
538,720,0.01,1.3320980957084034,2.7889847063838484,493,4.131768945272698e-05,0.017978670075535774,387297,7.238876616954803,0.24166666666666667,0.2513888888888889,0.13194444444444445,0.13055555555555556,0.24444444444444444
539,720,0.01,0.38638171520824116,0.4716463133931401,442,4.431037840125403e-05,0.01814592257142067,388017,7.252187768618266,0.20277777777777778,0.2388888888888889,0.225,0.1527777777777778,0.18055555555555555
540,720,0.01,0.5613827500753616,0.7530949172404506,526,4.679866232966864e-05,0.018123958259820938,388737,7.2638975540796915,0.24861111111111112,0.21666666666666667,0.18611111111111112,0.10833333333333334,0.24027777777777778
541,720,0.01,1.4339226674565866,3.195123030823546,483,4.6879702732540964e-05,0.018166573718190193,389457,7.289203719298045,0.23055555555555557,0.2222222222222222,0.20694444444444443,0.1,0.24027777777777778
542,720,0.01,0.7640803564657357,1.147018974344681,511,4.8719115813532374e-05,0.01939108781516552,390177,7.301177453994751,0.20277777777777778,0.2708333333333333,0.15,0.12638888888888888,0.25
543,720,0.01,0.34685330853930413,0.41460919905990723,467,4.679939526239549e-05,0.019369829446077347,390897,7.3121018528938295,0.2388888888888889,0.23055555555555557,0.19444444444444445,0.125,0.2111111111111111
544,720,0.01,0.6847474751506969,0.9832709470993861,479,4.7077427550195555e-05,0.01906784251332283,391617,7.327856000264486,0.2013888888888889,0.25972222222222224,0.17083333333333334,0.1375,0.23055555555555557
545,720,0.01,0.9205008257016772,1.5105474218072117,522,4.560031579532936e-05,0.018823159858584404,392337,7.343123336633046,0.21388888888888888,0.24722222222222223,0.15138888888888888,0.13194444444444445,0.25555555555555554
546,720,0.01,0.7170189285701293,1.0483179180857998,479,4.640423108589352e-05,0.01909022033214569,393057,7.355628355344137,0.18472222222222223,0.2625,0.22916666666666666,0.1125,0.2111111111111111
547,720,0.01,0.1973806883358375,0.21820770990937222,433,4.8093551572492285e-05,0.0192168727517128,393777,7.367606170972189,0.17083333333333334,0.2152777777777778,0.30416666666666664,0.10277777777777777,0.20694444444444443
548,720,0.01,0.8615593724577003,1.3668486160796642,504,5.074890780431613e-05,0.019380534067749977,394497,7.38032033443451,0.18333333333333332,0.2916666666666667,0.1388888888888889,0.125,0.2611111111111111
549,720,0.01,0.3660951128467906,0.44209239764508834,464,5.0851682916825464e-05,0.01959151402115822,395217,7.394172251224518,0.2222222222222222,0.23194444444444445,0.225,0.10833333333333334,0.2125
550,720,0.01,-0.0030485099783648627,-0.0030438679900696153,471,4.586385950536472e-05,0.019082678481936455,395937,7.407234903176626,0.18472222222222223,0.31666666666666665,0.19444444444444445,0.11527777777777778,0.18888888888888888
551,720,0.01,1.4024940050645034,3.0653262783868422,475,5.081010040284026e-05,0.019466307014226913,396657,7.4313309709231055,0.2152777777777778,0.25,0.18194444444444444,0.10138888888888889,0.2513888888888889
552,720,0.01,0.6587669361214046,0.9324080821316589,491,4.8008616060239245e-05,0.019194137305021286,397377,7.444153153896332,0.17222222222222222,0.2861111111111111,0.17777777777777778,0.13472222222222222,0.22916666666666666
553,720,0.01,1.0288799109551616,1.7979301479957623,501,4.6394496687046035e-05,0.019027363508939743,398097,7.45827054977417,0.22083333333333333,0.22361111111111112,0.1875,0.10555555555555556,0.2625
554,720,0.01,0.3809525175610526,0.46367810475346327,458,4.529862362940346e-05,0.018281836062669754,398817,7.470687937736511,0.20694444444444443,0.29305555555555557,0.2125,0.06666666666666667,0.22083333333333333
555,720,0.01,0.08248518938538915,0.08598258925034452,441,4.328686197191524e-05,0.018041737377643585,399537,7.485147587458292,0.1736111111111111,0.325,0.2375,0.07777777777777778,0.18611111111111112
556,720,0.01,0.08189509234136651,0.08534194317483745,424,4.865977910463294e-05,0.019053831696510315,400257,7.498575588067372,0.25416666666666665,0.25833333333333336,0.2222222222222222,0.09027777777777778,0.175
557,720,0.01,1.229809403382669,2.4205775236506124,495,4.855152654449234e-05,0.019505808129906654,400977,7.514040585358938,0.2013888888888889,0.29305555555555557,0.14583333333333334,0.13333333333333333,0.2263888888888889
558,720,0.01,0.3995152134901936,0.49110165642732917,457,4.7546719987521e-05,0.01942313462495804,401697,7.526414084434509,0.23055555555555557,0.2513888888888889,0.19305555555555556,0.11805555555555555,0.20694444444444443
559,720,0.01,0.10240697822177833,0.10783424440519318,430,5.207808882106393e-05,0.01980298012495041,402417,7.5386655529340105,0.22361111111111112,0.23472222222222222,0.23055555555555557,0.1,0.2111111111111111
560,720,0.01,0.24813419918748025,0.2816319146154027,419,5.07278073996531e-05,0.019707243889570236,403137,7.550547103087108,0.14722222222222223,0.2861111111111111,0.2763888888888889,0.10833333333333334,0.18194444444444444
561,720,0.01,0.240509330560864,0.2718968012843497,430,4.584086060882934e-05,0.019608501344919205,403857,7.575664472579956,0.24305555555555555,0.2847222222222222,0.21388888888888888,0.08194444444444444,0.1763888888888889
562,720,0.01,0.03453027599320872,0.03513336759250696,449,4.512562430944753e-05,0.019062243402004242,404577,7.588570102055868,0.19166666666666668,0.2861111111111111,0.24027777777777778,0.07083333333333333,0.2111111111111111
563,720,0.01,0.24189031279608786,0.2736544815552364,431,4.83723459423244e-05,0.01944282092154026,405297,7.600330285231272,0.175,0.2875,0.2611111111111111,0.09583333333333334,0.18055555555555555
564,720,0.01,0.1954945442255,0.21591216016151416,480,4.4609703959647755e-05,0.018379440531134605,406017,7.614340051015218,0.175,0.22777777777777777,0.3333333333333333,0.09444444444444444,0.16944444444444445
565,720,0.01,0.7312206515558426,1.0776151046004876,459,4.245280254432752e-05,0.018363745883107185,406737,7.627191650867462,0.2763888888888889,0.19444444444444445,0.2111111111111111,0.11805555555555555,0.2
566,720,0.01,0.5284000515152127,0.6962162777797134,499,4.168619336976715e-05,0.01830171048641205,407457,7.639212067921957,0.20416666666666666,0.21944444444444444,0.20416666666666666,0.14166666666666666,0.23055555555555557
567,720,0.01,1.441525533483259,3.227139543598696,478,4.196953796811916e-05,0.01845710538327694,408177,7.652745584646861,0.20694444444444443,0.30833333333333335,0.17083333333333334,0.08055555555555556,0.23333333333333334
568,720,0.01,0.3800282102380452,0.4623258414124449,468,4.465992597791531e-05,0.017468711361289024,408897,7.665551598866781,0.1527777777777778,0.3013888888888889,0.23333333333333334,0.11527777777777778,0.19722222222222222
569,720,0.01,0.1108226662676341,0.11719677261356076,428,4.2840462348673707e-05,0.017113767564296722,409617,7.679663133621216,0.18611111111111112,0.3194444444444444,0.25277777777777777,0.07222222222222222,0.16944444444444445
570,720,0.01,0.09368580126258216,0.0982146340517247,469,4.62370089887069e-05,0.0177801214158535,410337,7.691453119119008,0.19444444444444445,0.25833333333333336,0.19583333333333333,0.1361111111111111,0.2152777777777778
571,720,0.01,0.1059028555768195,0.11171387445764336,452,4.477665186565598e-05,0.018482927232980728,411057,7.7138404726982115,0.19722222222222222,0.28055555555555556,0.24305555555555555,0.09583333333333334,0.18333333333333332
572,720,0.01,0.8250092729491912,1.2819019251918138,485,4.3563676067353504e-05,0.01766258291900158,411777,7.727429485321045,0.23333333333333334,0.21666666666666667,0.1875,0.1111111111111111,0.2513888888888889
573,720,0.01,0.35733834115620056,0.42951945330581354,444,4.141189343853411e-05,0.01721828617155552,412497,7.739850449562073,0.22361111111111112,0.2625,0.2,0.11666666666666667,0.19722222222222222
574,720,0.01,0.3490928480655025,0.41778082243767,482,4.247325584856298e-05,0.01740604266524315,413217,7.752498054504395,0.18333333333333332,0.2972222222222222,0.175,0.14722222222222223,0.19722222222222222
575,720,0.01,0.12008098509678994,0.12758816571852516,440,4.4391049594752176e-05,0.018204795196652412,413937,7.764409371217092,0.13472222222222222,0.24583333333333332,0.2875,0.10972222222222222,0.2222222222222222
576,720,0.01,0.5996815507784087,0.8215386404575193,467,4.3961640893839004e-05,0.017730768769979477,414657,7.777766366799672,0.20416666666666666,0.23194444444444445,0.25416666666666665,0.09722222222222222,0.2125
577,720,0.01,0.2994647117235253,0.34913643733682176,457,4.2554891479716795e-05,0.01677684858441353,415377,7.791556004683176,0.15833333333333333,0.32916666666666666,0.20416666666666666,0.12361111111111112,0.18472222222222223
578,720,0.01,0.8086296760528257,1.2448297341145782,525,4.2843678059196264e-05,0.017508938908576965,416097,7.804723016421,0.2152777777777778,0.25,0.16527777777777777,0.11944444444444445,0.25
579,720,0.01,0.13281020133497923,0.14203322137873053,458,4.267611720049697e-05,0.01727590337395668,416817,7.817433619499207,0.21666666666666667,0.25277777777777777,0.23194444444444445,0.13194444444444445,0.16666666666666666
580,720,0.01,0.3747102434234673,0.4545698823608353,458,4.328250664305718e-05,0.017695751041173935,417537,7.829913338025411,0.25416666666666665,0.25833333333333336,0.22083333333333333,0.08611111111111111,0.18055555555555555
581,720,0.01,1.0303310257809675,1.8019932131891836,464,4.258288750331e-05,0.01700783148407936,418257,7.85395868619283,0.1986111111111111,0.2833333333333333,0.13055555555555556,0.14166666666666666,0.24583333333333332
582,720,0.01,0.4875329236037937,0.6282941345739581,501,4.691530465632038e-05,0.017945973202586174,418977,7.8665544827779135,0.19583333333333333,0.2986111111111111,0.19166666666666668,0.10972222222222222,0.20416666666666666
583,720,0.01,1.1947567974114535,2.3027544343911486,483,4.82522953588058e-05,0.017581136897206306,419697,7.878661719957988,0.20833333333333334,0.25,0.15555555555555556,0.11805555555555555,0.26805555555555555
584,720,0.01,0.2837650151407261,0.3281208058012617,436,4.968966472410506e-05,0.01837800443172455,420417,7.893901952107748,0.20694444444444443,0.26805555555555555,0.24305555555555555,0.10416666666666667,0.17777777777777778
585,720,0.01,0.3321260455914847,0.393928535986773,427,4.573612735233231e-05,0.01882399432361126,421137,7.907125918070475,0.16527777777777777,0.2708333333333333,0.2916666666666667,0.09305555555555556,0.17916666666666667
586,720,0.01,1.3395149523786494,2.81719153658105,492,4.311093267435556e-05,0.01835465244948864,421857,7.920179601510366,0.22083333333333333,0.23055555555555557,0.18333333333333332,0.14027777777777778,0.225
587,720,0.01,0.01505624153681422,0.0151701577400003,399,4.2893897074868115e-05,0.01801961660385132,422577,7.932482302188873,0.22916666666666666,0.23055555555555557,0.30694444444444446,0.05277777777777778,0.18055555555555555
588,720,0.01,0.0679245636224015,0.07028456704265462,457,4.455169324223284e-05,0.017951564863324165,423297,7.946017118295034,0.15138888888888888,0.275,0.2152777777777778,0.16111111111111112,0.19722222222222222
589,720,0.01,0.14260740130129226,0.15327693774992812,432,4.455473173771275e-05,0.01857530139386654,424017,7.9576931357383724,0.19444444444444445,0.30833333333333335,0.2833333333333333,0.08472222222222223,0.12916666666666668
590,720,0.01,0.6444226869517425,0.9048869956525529,473,4.258279057264897e-05,0.019023917615413666,424737,7.969674738248189,0.21666666666666667,0.2625,0.20277777777777778,0.09166666666666666,0.2263888888888889
591,720,0.01,1.122895484969251,2.07374130259381,504,4.2156580551970064e-05,0.0186885017901659,425457,7.991554971536001,0.225,0.25833333333333336,0.1638888888888889,0.14444444444444443,0.20833333333333334
592,720,0.01,0.42836575692244333,0.5347473227797928,474,4.6744390815294736e-05,0.018780268728733063,426177,8.004711318016053,0.2,0.2708333333333333,0.21388888888888888,0.11527777777777778,0.2
593,720,0.01,1.1646248396642558,2.2047203736786245,477,4.542251309026647e-05,0.01906668394804001,426897,8.017445254325867,0.2111111111111111,0.2652777777777778,0.16944444444444445,0.125,0.22916666666666666
594,720,0.01,0.502551947910595,0.6529340946693942,487,4.314670053039056e-05,0.018764778971672058,427617,8.03007161617279,0.19166666666666668,0.28888888888888886,0.18194444444444444,0.10555555555555556,0.23194444444444445
595,720,0.01,0.5774625683236168,0.781512225157895,474,4.5263632905011443e-05,0.019272668287158012,428337,8.045949467023213,0.17222222222222222,0.25972222222222224,0.22916666666666666,0.1361111111111111,0.20277777777777778
596,720,0.01,0.6566827002950484,0.928384682289283,487,4.079298308725912e-05,0.018389616161584854,429057,8.058792638778687,0.19722222222222222,0.28055555555555556,0.18055555555555555,0.14166666666666666,0.2
597,720,0.01,0.8621912282648245,1.368344595694246,493,4.4120092185393235e-05,0.018598902970552444,429777,8.072398217519124,0.18611111111111112,0.25972222222222224,0.20416666666666666,0.13333333333333333,0.21666666666666667
598,720,0.01,1.4130428501728207,3.108437764024761,485,4.230462326025493e-05,0.017872611060738564,430497,8.086204834779103,0.19305555555555556,0.24722222222222223,0.18333333333333332,0.1111111111111111,0.2652777777777778
599,720,0.01,1.085699180308415,1.9615097243189847,507,4.211607891875246e-05,0.01831824705004692,431217,8.099766715367634,0.20833333333333334,0.2388888888888889,0.18194444444444444,0.12777777777777777,0.24305555555555555
600,720,0.01,1.0030444349094465,1.726570070656574,488,4.1526882118129534e-05,0.017786439508199692,431937,8.112940486272176,0.19444444444444445,0.2847222222222222,0.17916666666666667,0.14583333333333334,0.19583333333333333
601,720,0.01,0.332610435700111,0.39460390473950313,454,4.072499140193031e-05,0.0177213866263628,432657,8.134706668059032,0.16944444444444445,0.25277777777777777,0.2388888888888889,0.10972222222222222,0.22916666666666666
602,720,0.01,1.1651010512593376,2.20624686211647,470,4.3097733400069656e-05,0.018543275073170662,433377,8.147224819660186,0.21805555555555556,0.2222222222222222,0.20277777777777778,0.12222222222222222,0.23472222222222222
603,720,0.01,1.2691452858018522,2.5578103514086146,490,4.666810918555105e-05,0.018074776977300644,434097,8.159758766492208,0.19027777777777777,0.2763888888888889,0.15555555555555556,0.15416666666666667,0.22361111111111112
604,720,0.01,0.3537406510468577,0.4243857256255039,423,4.494670958921334e-05,0.018046807497739792,434817,8.171037367979686,0.1597222222222222,0.30277777777777776,0.24166666666666667,0.09027777777777778,0.20555555555555555
605,720,0.01,0.9293744433890618,1.5329241944463496,483,4.1658928005795635e-05,0.018037481233477592,435537,8.182955352465312,0.21388888888888888,0.20694444444444443,0.18611111111111112,0.14444444444444443,0.24861111111111112
606,720,0.01,0.10168281851512406,0.10703228589181113,415,4.531449619536134e-05,0.01727251522243023,436257,8.195764168103535,0.1986111111111111,0.2875,0.25416666666666665,0.08888888888888889,0.17083333333333334
607,720,0.01,0.9505285536943546,1.5870767069560219,461,4.530948988051225e-05,0.017183486372232437,436977,8.207982567946116,0.19027777777777777,0.27361111111111114,0.19722222222222222,0.10277777777777777,0.2361111111111111
608,720,0.01,0.403925399508463,0.4976922142151836,465,4.764898573941739e-05,0.018170278519392014,437697,8.218622716267904,0.1875,0.25972222222222224,0.22777777777777777,0.12222222222222222,0.20277777777777778
609,720,0.01,1.0194521592437813,1.7716759109304512,465,4.2223448671544855e-05,0.017516184598207474,438417,8.232014016310375,0.2152777777777778,0.24722222222222223,0.20277777777777778,0.11666666666666667,0.21805555555555556
610,720,0.01,1.0799904676842018,1.9446514815838967,508,4.588644261755487e-05,0.01718278042972088,439137,8.24610656897227,0.17777777777777778,0.28888888888888886,0.1625,0.15694444444444444,0.21388888888888888
611,720,0.01,0.5811514231999404,0.788096101232654,453,4.456064661882111e-05,0.018034018576145172,439857,8.270374119281769,0.18055555555555555,0.2625,0.22083333333333333,0.1388888888888889,0.19722222222222222
612,720,0.01,0.17708093657561527,0.19372770545004836,424,4.038869926464233e-05,0.01744527742266655,440577,8.28212368885676,0.12222222222222222,0.2986111111111111,0.32222222222222224,0.1125,0.14444444444444443
613,720,0.01,1.1910147019175328,2.2904183077820943,508,4.3297374856542266e-05,0.01717406138777733,441297,8.294225521882375,0.19027777777777777,0.225,0.18472222222222223,0.1388888888888889,0.2611111111111111
614,720,0.01,0.39938634561050845,0.4909095136992496,424,4.563927070522469e-05,0.018122680485248566,442017,8.306538605690003,0.18472222222222223,0.2708333333333333,0.25277777777777777,0.10694444444444444,0.18472222222222223
615,720,0.01,1.8752416533738236,5.522395088682018,486,4.2251983200003454e-05,0.01803647167980671,442737,8.318583150704702,0.2361111111111111,0.23194444444444445,0.14444444444444443,0.12777777777777777,0.25972222222222224
616,720,0.01,0.8341105821469571,1.3027650168821556,495,4.451606986827351e-05,0.018609676510095596,443457,8.331414365768433,0.21666666666666667,0.2611111111111111,0.19166666666666668,0.13472222222222222,0.19583333333333333
617,720,0.01,0.9430484712453883,1.5677973553484996,505,4.3273223325791654e-05,0.018142109736800194,444177,8.345490634441376,0.19305555555555556,0.28055555555555556,0.2,0.12361111111111112,0.20277777777777778
618,720,0.01,0.32762864283605775,0.3876735540776921,423,3.97077684106585e-05,0.017637601122260094,444897,8.358722150325775,0.2111111111111111,0.2611111111111111,0.2722222222222222,0.10833333333333334,0.14722222222222223
619,720,0.01,0.3147880542431322,0.36996892108476875,475,4.25606692412354e-05,0.018116163089871407,445617,8.376113601525624,0.17916666666666667,0.27361111111111114,0.23333333333333334,0.1361111111111111,0.17777777777777778
620,720,0.01,0.9593648764823627,1.6100382502159367,495,4.449503199895035e-05,0.01855096034705639,446337,8.38952093521754,0.22083333333333333,0.2722222222222222,0.16944444444444445,0.15555555555555556,0.18194444444444444
621,720,0.01,0.9811376612396957,1.667489215441801,491,4.3235176939207225e-05,0.017740074545145035,447057,8.415071368217468,0.1986111111111111,0.29444444444444445,0.19583333333333333,0.12916666666666668,0.18194444444444444
622,720,0.01,0.09707489761833851,0.10194290342934065,415,4.088199555477937e-05,0.01708989217877388,447777,8.429355716705322,0.14722222222222223,0.3347222222222222,0.25416666666666665,0.14583333333333334,0.11805555555555555
623,720,0.01,0.2874865856486057,0.33307270973750014,465,4.17933131441512e-05,0.017800649628043175,448497,8.442229803403219,0.24166666666666667,0.3125,0.18611111111111112,0.10277777777777777,0.15694444444444444
624,720,0.01,0.9309030433726758,1.5367989830749034,490,4.1627344314242184e-05,0.01820365898311138,449217,8.453491671880085,0.20972222222222223,0.3013888888888889,0.15555555555555556,0.13194444444444445,0.2013888888888889
625,720,0.01,0.5100751325724034,0.6654163172574836,480,4.5123667436857635e-05,0.018689384683966637,449937,8.46796503464381,0.22916666666666666,0.24861111111111112,0.19444444444444445,0.11805555555555555,0.20972222222222223
626,720,0.01,0.1467493705705754,0.15806368181505515,434,4.317589804511752e-05,0.018637415021657944,450657,8.480168652534484,0.1986111111111111,0.2611111111111111,0.24027777777777778,0.1388888888888889,0.16111111111111112
627,720,0.01,0.3635489292117022,0.4384252361963503,475,4.411197609341697e-05,0.018829138949513435,451377,8.493619322776794,0.20694444444444443,0.2791666666666667,0.24583333333333332,0.10277777777777777,0.16527777777777777
628,720,0.01,0.40316196348352107,0.49654925836692154,480,4.528001409324942e-05,0.019498363137245178,452097,8.506163084506989,0.25555555555555554,0.2263888888888889,0.22361111111111112,0.12916666666666668,0.16527777777777777
629,720,0.01,0.36099768121996745,0.43476013398154545,423,4.382159287767232e-05,0.018452221527695656,452817,8.518916285037994,0.16666666666666666,0.2791666666666667,0.25833333333333336,0.13472222222222222,0.16111111111111112
630,720,0.01,0.5621594431766554,0.7544570628846747,487,4.114875741328837e-05,0.018705392256379128,453537,8.53105840285619,0.16527777777777777,0.28194444444444444,0.15694444444444444,0.16111111111111112,0.23472222222222222
631,720,0.01,1.4373423597224275,3.2094936180949087,517,4.247484945760031e-05,0.018975434824824333,454257,8.553281152248383,0.18472222222222223,0.2222222222222222,0.21944444444444444,0.13055555555555556,0.24305555555555555
632,720,0.01,0.23358122175758836,0.2631154161787954,455,4.26329887760504e-05,0.01903403550386429,454977,8.566757134596507,0.1986111111111111,0.2388888888888889,0.24166666666666667,0.13472222222222222,0.18611111111111112
633,720,0.01,0.20580467342662254,0.2285132192809065,461,4.146290913998503e-05,0.018651418387889862,455697,8.5793701171875,0.2375,0.2611111111111111,0.19722222222222222,0.14722222222222223,0.15694444444444444
634,720,0.01,1.4323809425641534,3.188660288385682,510,4.0295665755568024e-05,0.018561700358986855,456417,8.592165470123291,0.2222222222222222,0.2777777777777778,0.15,0.1375,0.2125
635,720,0.01,0.6176136587122133,0.8544972938501201,505,4.4672696982514836e-05,0.018237095326185226,457137,8.60623603661855,0.2625,0.275,0.1527777777777778,0.08888888888888889,0.22083333333333333
636,720,0.01,0.6621027835735322,0.9388650644752594,481,4.1637101279926965e-05,0.018410539254546165,457857,8.618661038080852,0.2222222222222222,0.2777777777777778,0.175,0.13333333333333333,0.19166666666666668
637,720,0.01,0.8789476033714094,1.4083638183084055,503,4.333135874503569e-05,0.018055204302072525,458577,8.631589333216349,0.26666666666666666,0.24722222222222223,0.15694444444444444,0.12361111111111112,0.20555555555555555
638,720,0.01,0.5156751267973588,0.6747688015040603,442,4.320149010305209e-05,0.018559852614998817,459297,8.643565805753072,0.18472222222222223,0.23333333333333334,0.2222222222222222,0.175,0.18472222222222223
639,720,0.01,0.9329753335342165,1.5420614174115435,467,3.921305178538306e-05,0.019021302461624146,460017,8.655938537915548,0.2611111111111111,0.29305555555555557,0.12916666666666668,0.10555555555555556,0.2111111111111111
640,720,0.01,0.6958285654232859,1.0053699659820063,473,4.392270949185533e-05,0.0191195048391819,460737,8.667155838012695,0.2513888888888889,0.2569444444444444,0.15833333333333333,0.14583333333333334,0.1875
641,720,0.01,0.11394262606279086,0.12068782476670514,426,4.608144119452441e-05,0.018511217087507248,461457,8.695686769485473,0.1375,0.3611111111111111,0.20694444444444443,0.12916666666666668,0.16527777777777777
642,720,0.01,0.42880294605038327,0.5354184443162819,433,4.6111332687814864e-05,0.018926240503787994,462177,8.708216269810995,0.24583333333333332,0.2847222222222222,0.16666666666666666,0.11527777777777778,0.1875
643,720,0.01,0.10323703914744224,0.10875419607873549,461,4.174660323693994e-05,0.018508484587073326,462897,8.72021023829778,0.17222222222222222,0.30833333333333335,0.15138888888888888,0.16527777777777777,0.20277777777777778
644,720,0.01,0.2215506016070296,0.24801039795473945,458,4.077527329147617e-05,0.018154770135879517,463617,8.732213536898294,0.22777777777777777,0.33055555555555555,0.2013888888888889,0.12083333333333333,0.11944444444444445
645,720,0.01,0.08771159372877503,0.09167323121612614,462,4.1390222500265535e-05,0.017922919243574142,464337,8.74443085193634,0.16111111111111112,0.25555555555555554,0.29444444444444445,0.09861111111111111,0.19027777777777777
646,720,0.01,1.1796545197944104,2.253250075214104,474,4.155757734704619e-05,0.017675623297691345,465057,8.758081352710724,0.16944444444444445,0.26944444444444443,0.1875,0.1375,0.2361111111111111
647,720,0.01,0.23859571229786844,0.26946520365361204,452,4.391223375377093e-05,0.018522273749113083,465777,8.771962634722392,0.14305555555555555,0.29583333333333334,0.2375,0.16666666666666666,0.15694444444444444
648,720,0.01,0.6965732702052446,1.0068639307975973,494,4.50735443842455e-05,0.01855873316526413,466497,8.784439039230346,0.17777777777777778,0.2861111111111111,0.18611111111111112,0.14027777777777778,0.20972222222222223
649,720,0.01,1.506705585616371,3.5118424050021098,503,4.513271432844906e-05,0.018526369705796242,467217,8.796297653516133,0.22361111111111112,0.2513888888888889,0.15416666666666667,0.1375,0.23333333333333334
650,720,0.01,1.4473548030090613,3.2518526389884252,506,4.489738889535349e-05,0.01906791515648365,467937,8.80913710196813,0.19305555555555556,0.25555555555555554,0.175,0.13055555555555556,0.24583333333333332
651,720,0.01,0.19152971763773038,0.21110082366074656,446,4.626056881483641e-05,0.019388237968087196,468657,8.833516204357148,0.16111111111111112,0.24861111111111112,0.25555555555555554,0.1597222222222222,0.175
652,720,0.01,1.3052061112785796,2.6884492463544403,489,4.8725531898223076e-05,0.01959880441427231,469377,8.848260049025217,0.1527777777777778,0.25972222222222224,0.20416666666666666,0.1375,0.24583333333333332
653,720,0.01,0.24856304644894775,0.2821816568214881,465,4.6248531404873774e-05,0.019672269001603127,470097,8.860415450731914,0.1625,0.2833333333333333,0.18055555555555555,0.1986111111111111,0.175
654,720,0.01,0.26827014305680036,0.30770035847524824,472,4.561879480004589e-05,0.019344672560691833,470817,8.876499672730764,0.16805555555555557,0.32916666666666666,0.2513888888888889,0.09861111111111111,0.1527777777777778
655,720,0.01,1.1248516994049687,2.0797600847965443,498,4.4901006976437605e-05,0.019886277616024017,471537,8.889599204063416,0.20277777777777778,0.2902777777777778,0.16944444444444445,0.13333333333333333,0.20416666666666666
656,720,0.01,0.28496603598423553,0.3297168648299562,482,4.596933482237849e-05,0.020063690841197968,472257,8.901480702559153,0.175,0.3194444444444444,0.19722222222222222,0.13194444444444445,0.1763888888888889
657,720,0.01,1.9193038722897118,5.8162118634031525,495,4.3905106739809226e-05,0.020126093178987503,472977,8.912958470980326,0.20833333333333334,0.2361111111111111,0.175,0.14583333333333334,0.23472222222222222
658,720,0.01,0.11368667214661177,0.12040101703549189,444,4.661266334172372e-05,0.019107580184936523,473697,8.92704110145569,0.19166666666666668,0.32916666666666666,0.2263888888888889,0.13055555555555556,0.12222222222222222
659,720,0.01,0.8856635773007626,1.4245927625080772,502,4.6682921857963166e-05,0.0192570798099041,474417,8.93936181863149,0.20555555555555555,0.2361111111111111,0.18194444444444444,0.16805555555555557,0.20833333333333334
660,720,0.01,0.6193066161317875,0.8576395378955071,492,4.877809650578355e-05,0.019820082932710648,475137,8.952220952510833,0.22777777777777777,0.24305555555555555,0.1875,0.1111111111111111,0.23055555555555557
661,720,0.01,1.0366467750039579,1.8197459014006783,477,4.656374695362805e-05,0.019566234201192856,475857,8.976172737280528,0.2013888888888889,0.31666666666666665,0.18888888888888888,0.12083333333333333,0.17222222222222222
662,720,0.01,0.22131559731568293,0.24771714461481942,428,4.7418944854547994e-05,0.019932083785533905,476577,8.988898388544719,0.1763888888888889,0.3375,0.2152777777777778,0.14722222222222223,0.12361111111111112
663,720,0.01,0.9042453002086726,1.4700670603452308,514,4.427461182103798e-05,0.01992836222052574,477297,9.00139495531718,0.23194444444444445,0.23055555555555557,0.18333333333333332,0.13472222222222222,0.21944444444444444
664,720,0.01,0.6502526357407399,0.9160248242248259,509,4.8411257662590084e-05,0.020160865038633347,478017,9.014555271466573,0.2,0.2972222222222222,0.15833333333333333,0.1736111111111111,0.17083333333333334
665,720,0.01,0.6921461853380028,0.9979990112133001,511,4.874918754972491e-05,0.02035551890730858,478737,9.02697748740514,0.23055555555555557,0.21388888888888888,0.20555555555555555,0.125,0.225
666,720,0.01,0.35164502011214166,0.4214038643675426,471,4.90060602310728e-05,0.01991909369826317,479457,9.041213421026866,0.15416666666666667,0.33611111111111114,0.18611111111111112,0.1486111111111111,0.175
667,720,0.01,0.755486001866692,1.1286457978365547,484,5.187210235564837e-05,0.020711228251457214,480177,9.053632235527038,0.20416666666666666,0.3125,0.15138888888888888,0.14305555555555555,0.18888888888888888
668,720,0.01,1.5860344336574375,3.8843412931896504,516,4.9490809338850443e-05,0.02035517618060112,480897,9.0667906721433,0.19305555555555556,0.2375,0.16944444444444445,0.1597222222222222,0.24027777777777778
669,720,0.01,0.25314363367924414,0.2880682735336806,431,4.59591566520127e-05,0.019358206540346146,481617,9.079540932178498,0.14583333333333334,0.3680555555555556,0.18194444444444444,0.18055555555555555,0.12361111111111112
670,720,0.01,0.7337335909613083,1.0828425908934722,515,4.394105536928489e-05,0.019168339669704437,482337,9.092230002085367,0.2,0.31805555555555554,0.16527777777777777,0.10972222222222222,0.20694444444444443
671,720,0.01,0.3996196166792365,0.4912573403222569,459,4.552334079714152e-05,0.01894838735461235,483057,9.11593827009201,0.1638888888888889,0.26805555555555555,0.25555555555555554,0.175,0.1375
672,720,0.01,0.7885967743173496,1.2003067320776468,483,4.585708776024452e-05,0.018103621900081635,483777,9.1290376385053,0.16527777777777777,0.31527777777777777,0.20694444444444443,0.15694444444444444,0.15555555555555556
673,720,0.01,0.4630545712679777,0.5889200494320128,475,4.6685996419960754e-05,0.018912354484200478,484497,9.14241585334142,0.1597222222222222,0.3111111111111111,0.19027777777777777,0.16944444444444445,0.16944444444444445
674,720,0.01,0.32265791480392997,0.38079292128743836,450,4.396879136265852e-05,0.01873558573424816,485217,9.155426971117656,0.18055555555555555,0.35138888888888886,0.18333333333333332,0.14444444444444443,0.14027777777777778
675,720,0.01,0.29545040916112997,0.3437314513621972,460,4.31796677996014e-05,0.01890767365694046,485937,9.169019103050232,0.20277777777777778,0.3111111111111111,0.2013888888888889,0.12222222222222222,0.1625
676,720,0.01,0.4099431562187017,0.5067321343265989,457,4.36058972076757e-05,0.019372515380382538,486657,9.181528985500336,0.20277777777777778,0.3263888888888889,0.1763888888888889,0.16111111111111112,0.13333333333333333
677,720,0.01,0.37651096526312766,0.4571915178250303,497,4.6492525845880865e-05,0.019288143143057823,487377,9.1953946352005,0.1763888888888889,0.3402777777777778,0.17777777777777778,0.11944444444444445,0.18611111111111112
678,720,0.01,0.7957640548838635,1.2161335978003973,505,4.506840270374192e-05,0.01904156059026718,488097,9.20719731648763,0.22777777777777777,0.25555555555555554,0.18472222222222223,0.1486111111111111,0.18333333333333332
679,720,0.01,0.27571532130861665,0.3174727542173479,482,4.587548723091257e-05,0.018941497430205345,488817,9.220953953266143,0.22361111111111112,0.30694444444444446,0.1486111111111111,0.13194444444444445,0.18888888888888888
680,720,0.01,0.12678616817232044,0.13517425544147876,428,4.175065865992009e-05,0.018876217305660248,489537,9.234495703379313,0.20416666666666666,0.3277777777777778,0.17777777777777778,0.12916666666666668,0.16111111111111112
681,720,0.01,0.010809975622815101,0.010868614513813268,454,4.282826245495623e-05,0.018995370715856552,490257,9.257633399963378,0.1875,0.30694444444444446,0.1625,0.17222222222222222,0.17083333333333334
682,720,0.01,1.3959286102434598,3.0387232316046324,520,4.021102638363219e-05,0.018888356164097786,490977,9.270191538333894,0.18611111111111112,0.2708333333333333,0.2,0.10833333333333334,0.23472222222222222
683,720,0.01,0.2883603951232761,0.33423807037912967,481,4.305193675312087e-05,0.019138995558023453,491697,9.28354420264562,0.2013888888888889,0.30277777777777776,0.20972222222222223,0.14305555555555555,0.14305555555555555
684,720,0.01,0.8194216195866011,1.2691870045927809,490,4.846426912384534e-05,0.019037604331970215,492417,9.297562265396119,0.22361111111111112,0.2222222222222222,0.18611111111111112,0.125,0.24305555555555555
685,720,0.01,0.28958163526178043,0.33586849082980597,469,4.39390936548989e-05,0.01927344501018524,493137,9.309817318121592,0.17916666666666667,0.33194444444444443,0.1625,0.14027777777777778,0.18611111111111112
686,720,0.01,0.8075418413823449,1.2423890582670771,503,4.8699889455545216e-05,0.018497318029403687,493857,9.322915120919545,0.23055555555555557,0.2388888888888889,0.19166666666666668,0.12916666666666668,0.20972222222222223
687,720,0.01,0.2745254583022352,0.3159060743772242,452,4.4619560267417706e-05,0.018590552732348442,494577,9.335531699657441,0.15,0.2722222222222222,0.22916666666666666,0.1986111111111111,0.15
688,720,0.01,1.763565677533386,4.833199665618308,522,4.5050551364056446e-05,0.018360065296292305,495297,9.348211689790089,0.2013888888888889,0.2513888888888889,0.18055555555555555,0.16527777777777777,0.2013888888888889
689,720,0.01,0.10193985118438206,0.1073168659268271,475,4.36970544241275e-05,0.01821434497833252,496017,9.35946983496348,0.1638888888888889,0.37222222222222223,0.17222222222222222,0.16805555555555557,0.12361111111111112
690,720,0.01,1.4767248690727266,3.3785817433849257,515,4.403845295478782e-05,0.018427517265081406,496737,9.371146134535472,0.21805555555555556,0.24583333333333332,0.16666666666666666,0.11666666666666667,0.25277777777777777
691,720,0.01,0.5277523272640767,0.6951179531055904,478,4.8225117670123536e-05,0.018411165103316307,497457,9.397550435860952,0.17222222222222222,0.3236111111111111,0.18888888888888888,0.125,0.19027777777777777
692,720,0.01,0.1866242123034192,0.20517431026604638,458,4.518908090934322e-05,0.01794722117483616,498177,9.410462900002797,0.21805555555555556,0.33611111111111114,0.17222222222222222,0.12638888888888888,0.14722222222222223
693,720,0.01,0.22775243313233232,0.25577439881195874,457,4.340108874506162e-05,0.018691159784793854,498897,9.42427218357722,0.175,0.3486111111111111,0.19583333333333333,0.14583333333333334,0.13472222222222222
694,720,0.01,0.7844727551216624,1.191251310079421,494,4.305351807261104e-05,0.018140217289328575,499617,9.43705020348231,0.21388888888888888,0.3125,0.19027777777777777,0.1486111111111111,0.13472222222222222
695,720,0.01,0.861915864932163,1.3676925302150713,505,4.076010297037808e-05,0.01889389008283615,500337,9.449275803565978,0.23055555555555557,0.24722222222222223,0.20277777777777778,0.15833333333333333,0.16111111111111112
696,720,0.01,0.27051182696255827,0.310635097472026,450,4.440281831724254e-05,0.018780354410409927,501057,9.461627034346263,0.2125,0.3333333333333333,0.21388888888888888,0.09583333333333334,0.14444444444444443
697,720,0.01,-0.029982159669499905,-0.02953715322800432,455,4.200847910295933e-05,0.01950819231569767,501777,9.473153984546661,0.21944444444444444,0.29305555555555557,0.24722222222222223,0.10833333333333334,0.13194444444444445
698,720,0.01,0.7364319633460427,1.0884704654583324,517,4.062060020639062e-05,0.019122006371617317,502497,9.485883855819703,0.19166666666666668,0.2569444444444444,0.1736111111111111,0.14444444444444443,0.23333333333333334
699,720,0.01,0.9120303277464262,1.4893716462979691,485,4.252660323168634e-05,0.018576279282569885,503217,9.498176602522532,0.225,0.30972222222222223,0.1625,0.12916666666666668,0.1736111111111111
700,720,0.01,0.39744143512200675,0.4880126461358647,487,4.261641131127666e-05,0.01824537292122841,503937,9.51004938284556,0.15416666666666667,0.35138888888888886,0.1875,0.11388888888888889,0.19305555555555556
701,720,0.01,-0.004063275372571808,-0.004055031438766399,478,4.3047505422085426e-05,0.018503615632653236,504657,9.533068486054738,0.17777777777777778,0.30694444444444446,0.2222222222222222,0.14027777777777778,0.1527777777777778
702,720,0.01,1.2834082015615806,2.60891871144194,501,4.347188046899141e-05,0.018116537481546402,505377,9.546420800685883,0.24305555555555555,0.24444444444444444,0.1736111111111111,0.14305555555555555,0.19583333333333333
703,720,0.01,0.3919368566614946,0.479844266144662,431,4.5068539942702856e-05,0.01870209351181984,506097,9.560272435347239,0.23055555555555557,0.3680555555555556,0.16527777777777777,0.12083333333333333,0.11527777777777778
704,720,0.01,1.5403231668085566,3.6660979553428756,497,4.204375461035347e-05,0.017794713377952576,506817,9.572588853041331,0.20972222222222223,0.29305555555555557,0.19027777777777777,0.09583333333333334,0.2111111111111111
705,720,0.01,0.19518120275298886,0.21553122413945314,475,4.0886463667296386e-05,0.018029989674687386,507537,9.586788153648376,0.18333333333333332,0.3013888888888889,0.23333333333333334,0.12361111111111112,0.15833333333333333
706,720,0.01,0.3401699115114405,0.40518632761371465,520,4.2934920557197784e-05,0.01823766902089119,508257,9.601575485865276,0.20833333333333334,0.3138888888888889,0.1875,0.1111111111111111,0.17916666666666667
707,720,0.01,0.11300012815823762,0.11963207643865004,452,4.0833582145043895e-05,0.017794311046600342,508977,9.614062138398488,0.18194444444444444,0.30972222222222223,0.2263888888888889,0.1597222222222222,0.12222222222222222
708,720,0.01,0.2711414983118762,0.31146062672109953,489,4.2854148640950975e-05,0.017716364935040474,509697,9.626653186480205,0.1875,0.33055555555555555,0.16944444444444445,0.14444444444444443,0.16805555555555557
709,720,0.01,1.512750747372723,3.5391998288733975,487,3.927663726573074e-05,0.018376067280769348,510417,9.639370818932852,0.19305555555555556,0.2875,0.1986111111111111,0.10694444444444444,0.21388888888888888
710,720,0.01,0.18638262420691562,0.2048831896655261,456,4.430426094788547e-05,0.018588067963719368,511137,9.65212333202362,0.16944444444444445,0.3,0.20555555555555555,0.14305555555555555,0.18194444444444444
711,720,0.01,1.47608148544662,3.3757655416318455,498,4.164009667798988e-05,0.018798386678099632,511857,9.676287599404652,0.2111111111111111,0.23333333333333334,0.18888888888888888,0.11944444444444445,0.24722222222222223
712,720,0.01,0.30085219954354603,0.3510096469384121,497,4.115558228300466e-05,0.018247323110699654,512577,9.689956084887188,0.19722222222222222,0.2791666666666667,0.19166666666666668,0.17916666666666667,0.1527777777777778
713,720,0.01,0.2725205123234542,0.3132703968633681,488,4.217023964277663e-05,0.018001822754740715,513297,9.703260203202566,0.1638888888888889,0.3486111111111111,0.20694444444444443,0.12916666666666668,0.15138888888888888
714,720,0.01,0.5793839255694402,0.7849384370146906,517,3.928343168253276e-05,0.018090425059199333,514017,9.715020418167114,0.18194444444444444,0.26944444444444443,0.22777777777777777,0.11527777777777778,0.20555555555555555
715,720,0.01,0.7565821088082415,1.130980300470204,503,4.014654153934316e-05,0.018391909077763557,514737,9.729127569993336,0.2222222222222222,0.3055555555555556,0.2125,0.08194444444444444,0.17777777777777778
716,720,0.01,1.395487480680188,3.0369420242897887,508,4.237615735670867e-05,0.018030721694231033,515457,9.742278118928274,0.2,0.27361111111111114,0.17777777777777778,0.1361111111111111,0.2125
717,720,0.01,1.2119402919107642,2.359997708264572,496,4.5511642349538305e-05,0.018442176282405853,516177,9.75571705500285,0.25,0.26944444444444443,0.19027777777777777,0.1111111111111111,0.17916666666666667
718,720,0.01,0.33109588102156556,0.3924932995877686,473,4.443622180790246e-05,0.019360506907105446,516897,9.768050169944763,0.2,0.32222222222222224,0.20555555555555555,0.13194444444444445,0.14027777777777778
719,720,0.01,0.8816995962945172,1.4150007466939178,514,4.703890813289036e-05,0.019062642008066177,517617,9.782173736890156,0.22083333333333333,0.2625,0.19722222222222222,0.13055555555555556,0.18888888888888888
720,720,0.01,0.349905562489417,0.4189335417143587,457,4.344372266713334e-05,0.019049106165766716,518337,9.794485517342885,0.1986111111111111,0.2611111111111111,0.24722222222222223,0.1388888888888889,0.15416666666666667
721,720,0.01,0.36160712714504517,0.43563480920522,478,4.112882105447271e-05,0.01821087673306465,519057,9.816444651285808,0.18194444444444444,0.27361111111111114,0.22916666666666666,0.1527777777777778,0.1625
722,720,0.01,1.641539130540456,4.163110100305429,516,4.1858704418650124e-05,0.018804293125867844,519777,9.82868171930313,0.2361111111111111,0.2708333333333333,0.1486111111111111,0.125,0.21944444444444444
723,720,0.01,0.4264510537125025,0.5318115486194233,515,4.258485222913401e-05,0.019128216430544853,520497,9.840721567471823,0.19722222222222222,0.2861111111111111,0.21666666666666667,0.12083333333333333,0.17916666666666667
724,720,0.01,1.3962260976148335,3.0399248794911813,513,3.925197702932969e-05,0.017992209643125534,521217,9.854306737581888,0.19027777777777777,0.2708333333333333,0.19027777777777777,0.1111111111111111,0.2375
725,720,0.01,0.21149627346997013,0.23552536139775926,460,4.31987694406012e-05,0.019212109968066216,521937,9.867941184838612,0.18055555555555555,0.2763888888888889,0.23194444444444445,0.1361111111111111,0.175
726,720,0.01,0.7024881568137701,1.0187694786593213,499,4.150131485529427e-05,0.01943296566605568,522657,9.884021353721618,0.1625,0.2916666666666667,0.225,0.11388888888888889,0.20694444444444443
727,720,0.01,0.15791072602032347,0.1710616447074711,479,4.3112082826408163e-05,0.019099881872534752,523377,9.897066203753154,0.1986111111111111,0.2861111111111111,0.21805555555555556,0.13055555555555556,0.16666666666666666
728,720,0.01,0.8861462963179653,1.425763442075421,475,4.0766517827250937e-05,0.018777769058942795,524097,9.908547119299572,0.1763888888888889,0.2847222222222222,0.2263888888888889,0.12361111111111112,0.18888888888888888
729,720,0.01,1.2847301563108604,2.613692693471155,483,4.09635256725475e-05,0.018678704276680946,524817,9.921853637695312,0.19583333333333333,0.2263888888888889,0.2152777777777778,0.14027777777777778,0.2222222222222222
730,720,0.01,0.292733314396392,0.34008536129973366,472,4.205057996765997e-05,0.018043862655758858,525537,9.935366419951121,0.18055555555555555,0.31666666666666665,0.20972222222222223,0.14027777777777778,0.1527777777777778
731,720,0.01,0.13463791151756915,0.1441224357839297,485,4.234541839751829e-05,0.01815439760684967,526257,9.95970850388209,0.24166666666666667,0.3236111111111111,0.1875,0.09583333333333334,0.15138888888888888
732,720,0.01,0.47015444422907987,0.6002413221703926,515,3.946988308093245e-05,0.017787259072065353,526977,9.971931302547455,0.17777777777777778,0.3347222222222222,0.1875,0.09861111111111111,0.2013888888888889
733,720,0.01,0.5356850075029668,0.7086182578000442,516,4.108045163649068e-05,0.01894209161400795,527697,9.984105738004049,0.15694444444444444,0.3236111111111111,0.19583333333333333,0.12916666666666668,0.19444444444444445
734,720,0.01,0.48314727401318985,0.6211686434438408,484,4.097581307228716e-05,0.018802441656589508,528417,9.99576630194982,0.20833333333333334,0.2777777777777778,0.2111111111111111,0.1361111111111111,0.16666666666666666
735,720,0.01,2.2947177626177995,8.921635360688304,496,4.068180913160783e-05,0.01852957345545292,529137,10.008644755681356,0.22916666666666666,0.26666666666666666,0.16666666666666666,0.10833333333333334,0.22916666666666666
736,720,0.01,0.7831767663065969,1.1884133122944807,490,4.390266514696527e-05,0.018449148163199425,529857,10.022133652369181,0.20555555555555555,0.33611111111111114,0.16111111111111112,0.12777777777777777,0.16944444444444445
737,720,0.01,0.16241711699649472,0.17635081491933846,468,3.945161414801785e-05,0.0184481218457222,530577,10.0347807208697,0.14444444444444443,0.3763888888888889,0.23472222222222222,0.09861111111111111,0.14583333333333334
738,720,0.01,0.13709462553132756,0.14693667287780188,462,3.919716110911193e-05,0.018565144389867783,531297,10.04736525217692,0.1763888888888889,0.2847222222222222,0.30416666666666664,0.0875,0.14722222222222223
739,720,0.01,0.21460527961572506,0.23937259477677109,446,3.876426021760279e-05,0.018992830067873,532017,10.060485804080963,0.17916666666666667,0.3125,0.24861111111111112,0.1111111111111111,0.1486111111111111
740,720,0.01,1.1278767465928439,2.089090609904526,493,3.6506773998704985e-05,0.01848744787275791,532737,10.074213834603627,0.20277777777777778,0.30277777777777776,0.18611111111111112,0.11666666666666667,0.19166666666666668
741,720,0.01,0.5961379437363348,0.8150952464744887,489,3.966021252431852e-05,0.018764905631542206,533457,10.098155121008555,0.15,0.3055555555555556,0.225,0.11944444444444445,0.2
742,720,0.01,0.44908193885806946,0.5668730397272359,471,3.996724346582899e-05,0.018648456782102585,534177,10.110861134529113,0.19722222222222222,0.29583333333333334,0.1736111111111111,0.11527777777777778,0.21805555555555556
743,720,0.01,0.22622007615738576,0.25385157775335854,445,3.8425718238007296e-05,0.01896616816520691,534897,10.12448795636495,0.18611111111111112,0.29583333333333334,0.25555555555555554,0.11527777777777778,0.14722222222222223
744,720,0.01,0.12713487952017857,0.13557017261253845,499,3.825726609976401e-05,0.018889769911766052,535617,10.137292234102885,0.17916666666666667,0.30277777777777776,0.24722222222222223,0.12083333333333333,0.15
745,720,0.01,0.8901566557202841,1.4355111581612157,481,4.1746677806663176e-05,0.019464053213596344,536337,10.150021918614705,0.225,0.24861111111111112,0.1763888888888889,0.12361111111111112,0.2263888888888889
746,720,0.01,0.27971945197872655,0.32275866295174627,466,4.291692964039208e-05,0.018935369327664375,537057,10.162785371144613,0.18055555555555555,0.2861111111111111,0.22777777777777777,0.12222222222222222,0.18333333333333332
747,720,0.01,0.32547545781554055,0.3846888506302011,442,3.985145008679562e-05,0.018645912408828735,537777,10.175242368380228,0.15416666666666667,0.3194444444444444,0.24166666666666667,0.11805555555555555,0.16666666666666666
748,720,0.01,0.9207657888186259,1.511212712412184,518,4.199226169450615e-05,0.019378602504730225,538497,10.188625319798787,0.18194444444444444,0.32083333333333336,0.17222222222222222,0.1361111111111111,0.18888888888888888
749,720,0.01,0.8241757521491693,1.2800007049369397,486,4.228998731908481e-05,0.01917024329304695,539217,10.200523451964061,0.2263888888888889,0.2916666666666667,0.175,0.11805555555555555,0.18888888888888888
750,720,0.01,0.8929593445535563,1.4423467125790532,487,4.255047038744427e-05,0.019030297175049782,539937,10.211714720726013,0.16805555555555557,0.3625,0.18055555555555555,0.11666666666666667,0.17222222222222222
751,720,0.01,0.7559242425246775,1.1295788614098794,492,3.8570460633814544e-05,0.018127113580703735,540657,10.233625050385793,0.18611111111111112,0.31527777777777777,0.19305555555555556,0.12361111111111112,0.18194444444444444
752,720,0.01,1.267225894057656,2.5509880690034454,477,3.967496881563824e-05,0.01816496253013611,541377,10.246815021832784,0.20277777777777778,0.3111111111111111,0.1638888888888889,0.11527777777777778,0.20694444444444443
753,720,0.01,2.202779483320034,8.050133267735434,506,4.3880123169199374e-05,0.01885540969669819,542097,10.26233366727829,0.22361111111111112,0.2625,0.15694444444444444,0.10833333333333334,0.24861111111111112
754,720,0.01,1.0159009183119405,1.7618504785505378,510,4.43198882900712e-05,0.019365238025784492,542817,10.274700939655304,0.23194444444444445,0.24166666666666667,0.2,0.1111111111111111,0.2152777777777778
755,720,0.01,0.101905553565993,0.10727888824679832,481,4.136991968329716e-05,0.0185985267162323,543537,10.288152050971984,0.20416666666666666,0.37222222222222223,0.13055555555555556,0.10972222222222222,0.18333333333333332
756,720,0.01,0.08112841397549875,0.0845101538856059,493,4.271061426884949e-05,0.018280286341905594,544257,10.300968289375305,0.16944444444444445,0.34305555555555556,0.18194444444444444,0.14583333333333334,0.1597222222222222
757,720,0.01,0.30661690854688706,0.3588203159003107,470,4.203851938326706e-05,0.01840445026755333,544977,10.313780335585276,0.14166666666666666,0.32916666666666666,0.23194444444444445,0.12638888888888888,0.17083333333333334
758,720,0.01,0.11465761007663236,0.1214893851632084,461,3.919591336196188e-05,0.018669916316866875,545697,10.329608285427094,0.1388888888888889,0.36666666666666664,0.24166666666666667,0.11527777777777778,0.1375
759,720,0.01,0.9471323516483283,1.5783053747896,488,4.401855743228427e-05,0.018203005194664,546417,10.342624839146932,0.18194444444444444,0.35694444444444445,0.10138888888888889,0.12361111111111112,0.2361111111111111
760,720,0.01,0.3427644497742883,0.4088368709965411,466,4.174985162990197e-05,0.017904415726661682,547137,10.356525667508443,0.16666666666666666,0.3333333333333333,0.20694444444444443,0.1361111111111111,0.15694444444444444
761,720,0.01,0.3890600031032483,0.475593088841229,472,4.156806498687931e-05,0.01823294907808304,547857,10.37993761698405,0.14027777777777778,0.36944444444444446,0.1597222222222222,0.13055555555555556,0.2
762,720,0.01,1.9241509851584344,5.84933101292699,493,4.147245325232992e-05,0.01856357604265213,548577,10.39304062128067,0.19305555555555556,0.24583333333333332,0.17916666666666667,0.1111111111111111,0.2708333333333333
763,720,0.01,0.005454661182349039,0.005469564932635951,477,4.3207967235048275e-05,0.017863040789961815,549297,10.40746448834737,0.15555555555555556,0.3333333333333333,0.21944444444444444,0.13333333333333333,0.15833333333333333
764,720,0.01,0.40462578479835476,0.4987415432352098,502,4.084403964396996e-05,0.01830255053937435,550017,10.427575735251109,0.1875,0.3388888888888889,0.1486111111111111,0.13194444444444445,0.19305555555555556
765,720,0.01,0.36856446788825514,0.44565783613247034,498,4.2842374037061544e-05,0.019040603190660477,550737,10.440729868412017,0.15833333333333333,0.2972222222222222,0.1986111111111111,0.14444444444444443,0.2013888888888889
766,720,0.01,0.7211536265391858,1.0568046269200444,497,4.191383765399021e-05,0.018744874745607376,551457,10.453360001246134,0.18333333333333332,0.31527777777777777,0.14444444444444443,0.16805555555555557,0.18888888888888888
767,720,0.01,0.7600016894002345,1.138279832904217,468,4.070904539553845e-05,0.019057495519518852,552177,10.466042351722717,0.22083333333333333,0.29444444444444445,0.18055555555555555,0.1125,0.19166666666666668
768,720,0.01,0.2582030167176435,0.294601617718115,478,3.997799845541926e-05,0.018004752695560455,552897,10.47933368285497,0.19722222222222222,0.28194444444444444,0.20555555555555555,0.14166666666666666,0.1736111111111111
769,720,0.01,0.46907016672585267,0.5985071568331617,478,4.1855544496785216e-05,0.01838044449687004,553617,10.493250302473704,0.1638888888888889,0.35,0.13333333333333333,0.16944444444444445,0.18333333333333332
770,720,0.01,1.0888120875624097,1.970742993121291,528,4.234630962274524e-05,0.018146470189094543,554337,10.50708950360616,0.22777777777777777,0.2722222222222222,0.14583333333333334,0.13055555555555556,0.22361111111111112
771,720,0.01,0.7341305944934226,1.0836696509209105,527,4.174962864580165e-05,0.017728019505739212,555057,10.529689486821493,0.2361111111111111,0.325,0.14722222222222223,0.10277777777777777,0.18888888888888888
772,720,0.01,1.0855183416282077,1.9609742172306732,498,4.423612305244104e-05,0.018398739397525787,555777,10.541408487161,0.20833333333333334,0.2847222222222222,0.18888888888888888,0.1,0.21805555555555556
773,720,0.01,0.945464322945373,1.5740082722609725,495,4.276485588105869e-05,0.018512573093175888,556497,10.55365697145462,0.18055555555555555,0.26666666666666666,0.20972222222222223,0.13055555555555556,0.2125
774,720,0.01,0.3413963966958196,0.4069108251449842,449,4.006037528243824e-05,0.018897151574492455,557217,10.56590903600057,0.1527777777777778,0.34444444444444444,0.18333333333333332,0.17083333333333334,0.1486111111111111
775,720,0.01,1.4901755722135874,3.437874618077914,465,4.112240293099805e-05,0.01853647083044052,557937,10.578748416900634,0.1986111111111111,0.33055555555555555,0.15555555555555556,0.10972222222222222,0.20555555555555555
776,720,0.01,0.08140467413985551,0.08480980222751056,442,4.083639134933037e-05,0.017768830060958862,558657,10.59259725411733,0.12083333333333333,0.3347222222222222,0.19444444444444445,0.18888888888888888,0.16111111111111112
777,720,0.01,1.0213341817725334,1.7768971791683015,494,4.2274996152021536e-05,0.018640073016285896,559377,10.606053483486175,0.17083333333333334,0.2847222222222222,0.1638888888888889,0.14444444444444443,0.2361111111111111
778,720,0.01,0.6038878674515955,0.8292167457621256,474,4.0674152613620306e-05,0.018026404082775116,560097,10.61881803671519,0.16944444444444445,0.32083333333333336,0.2013888888888889,0.10694444444444444,0.2013888888888889
779,720,0.01,0.29307373586898683,0.34054163278972926,467,4.0665190791363175e-05,0.01869213953614235,560817,10.632116719086964,0.18888888888888888,0.36527777777777776,0.175,0.1375,0.13333333333333333
780,720,0.01,1.0734300393497234,1.9253965359741025,493,4.152934908840204e-05,0.01876976154744625,561537,10.645033137003582,0.20833333333333334,0.34444444444444444,0.18472222222222223,0.10138888888888889,0.16111111111111112
781,720,0.01,0.43574743498750856,0.5461182500573527,456,4.2121231258028676e-05,0.018867850303649902,562257,10.67017393509547,0.18888888888888888,0.3125,0.1486111111111111,0.20972222222222223,0.14027777777777778
782,720,0.01,0.4116087856167378,0.5092438829049342,481,4.3514498365008573e-05,0.019702568650245667,562977,10.683253316084544,0.19305555555555556,0.35694444444444445,0.14722222222222223,0.12916666666666668,0.1736111111111111
783,720,0.01,0.41954533513772896,0.5212697304637783,500,4.234627429898157e-05,0.018972013145685196,563697,10.695002202192942,0.20277777777777778,0.3333333333333333,0.12638888888888888,0.1388888888888889,0.1986111111111111
784,720,0.01,0.2639135794052649,0.3020156704700938,484,3.9729029366400125e-05,0.018098371103405952,564417,10.709191036224365,0.18333333333333332,0.27361111111111114,0.18611111111111112,0.2013888888888889,0.15555555555555556
785,720,0.01,0.27739083761020583,0.3196820516340009,476,4.0506861300097326e-05,0.018989533185958862,565137,10.72177956899007,0.21388888888888888,0.2916666666666667,0.2111111111111111,0.13333333333333333,0.15
786,720,0.01,0.2687623059786217,0.3083441185089568,470,3.9085493276363396e-05,0.018256720155477524,565857,10.736450787385305,0.1736111111111111,0.3263888888888889,0.14583333333333334,0.16944444444444445,0.18472222222222223
787,720,0.01,0.3181645880404483,0.3746024857396486,468,4.225610617570257e-05,0.01807785965502262,566577,10.749026787281036,0.19722222222222222,0.2986111111111111,0.20416666666666666,0.13194444444444445,0.16805555555555557
788,720,0.01,1.4891946495417983,3.4335235406346083,465,4.1693736184495515e-05,0.01831318624317646,567297,10.761346737543741,0.17083333333333334,0.30277777777777776,0.1736111111111111,0.1125,0.24027777777777778
789,720,0.01,0.3359188282099257,0.3992254425672648,500,3.8186781388402675e-05,0.018548496067523956,568017,10.77528376976649,0.20277777777777778,0.3388888888888889,0.1361111111111111,0.18055555555555555,0.14166666666666666
790,720,0.01,1.134610448009075,2.1099618150881865,495,4.078774276700238e-05,0.018713902682065964,568737,10.787278119723002,0.25277777777777777,0.3013888888888889,0.12638888888888888,0.13472222222222222,0.18472222222222223
791,720,0.01,0.9044747265582184,1.4706338238267689,489,4.3032474848637825e-05,0.01839224062860012,569457,10.811789166927337,0.22083333333333333,0.31527777777777777,0.1486111111111111,0.12222222222222222,0.19305555555555556
792,720,0.01,0.5217965065512039,0.6850521393351547,489,4.121745610316591e-05,0.01939636841416359,570177,10.825166384379068,0.16111111111111112,0.3111111111111111,0.24861111111111112,0.11944444444444445,0.1597222222222222
793,720,0.01,2.1467916085851004,7.557358949283962,491,4.147463472716279e-05,0.0187830850481987,570897,10.837821118036906,0.2125,0.32083333333333336,0.1625,0.09027777777777778,0.21388888888888888
794,720,0.01,0.21522117237989385,0.2401361505000872,469,4.397738203275973e-05,0.01896730437874794,571617,10.85118835369746,0.19166666666666668,0.3861111111111111,0.1361111111111111,0.12777777777777777,0.15833333333333333
795,720,0.01,0.2593650661693957,0.2961068832453262,482,4.241039401904345e-05,0.01930297538638115,572337,10.864028616746266,0.25833333333333336,0.26666666666666666,0.16527777777777777,0.13194444444444445,0.17777777777777778
796,720,0.01,0.5627188015888288,0.7554387077216469,493,4.3325249921761295e-05,0.018904393538832664,573057,10.87676275173823,0.15694444444444444,0.3194444444444444,0.20972222222222223,0.14027777777777778,0.1736111111111111
797,720,0.01,0.29857088290848044,0.3479310790859207,505,4.0978476191513535e-05,0.0185649823397398,573777,10.890200901031495,0.1527777777777778,0.3388888888888889,0.17916666666666667,0.16111111111111112,0.16805555555555557
798,720,0.01,0.7087781148009945,1.0315074725926379,491,4.1613608022493684e-05,0.01859883777797222,574497,10.903877087434132,0.18611111111111112,0.3194444444444444,0.15555555555555556,0.1638888888888889,0.175
799,720,0.01,0.3339444499469158,0.3964655676834383,478,4.3477161076073877e-05,0.018508536741137505,575217,10.916832570234934,0.18472222222222223,0.36666666666666664,0.1486111111111111,0.14166666666666666,0.15833333333333333
800,720,0.01,0.4049654962990181,0.499250769464074,503,4.188271727545927e-05,0.017847223207354546,575937,10.930130501588186,0.1597222222222222,0.34305555555555556,0.20277777777777778,0.14027777777777778,0.15416666666666667
801,720,0.01,0.4708924253686685,0.6014227059508026,490,4.333976338557477e-05,0.018849283456802368,576657,10.952373218536376,0.17916666666666667,0.35555555555555557,0.20555555555555555,0.10138888888888889,0.15833333333333333
802,720,0.01,1.247836829478855,2.482800910775059,525,4.253189459228047e-05,0.018964778631925583,577377,10.965340050061544,0.18611111111111112,0.28194444444444444,0.1486111111111111,0.11388888888888889,0.26944444444444443
803,720,0.01,1.1313484356679215,2.0998336094137704,501,4.3229945729055746e-05,0.018957674503326416,578097,10.978257469336192,0.2013888888888889,0.3,0.1597222222222222,0.11388888888888889,0.225
804,720,0.01,0.6240308610568708,0.8664362445927709,518,4.389576978762003e-05,0.019642308354377747,578817,10.99161046743393,0.19444444444444445,0.29305555555555557,0.15555555555555556,0.12361111111111112,0.23333333333333334
805,720,0.01,0.5928750050636,0.8091823539490115,506,4.345768138970622e-05,0.019367530941963196,579537,11.004211219151815,0.2125,0.31805555555555554,0.16944444444444445,0.125,0.175
806,720,0.01,0.4321300595169497,0.54053546343046,479,4.058159278454494e-05,0.0190180204808712,580257,11.017877972126007,0.17083333333333334,0.3472222222222222,0.15555555555555556,0.16944444444444445,0.15694444444444444
807,720,0.01,0.6332323862998018,0.8836895614936298,489,3.919425948753188e-05,0.0191945880651474,580977,11.031010568141937,0.15833333333333333,0.33611111111111114,0.2111111111111111,0.13055555555555556,0.1638888888888889
808,720,0.01,0.6744174444052756,0.9628891507747053,492,4.287225668551602e-05,0.01920861378312111,581697,11.045770903428396,0.19027777777777777,0.3486111111111111,0.1375,0.1486111111111111,0.175
809,720,0.01,0.038169829457502066,0.03890765502068305,452,4.1324852464994264e-05,0.018280107527971268,582417,11.058886035283406,0.16111111111111112,0.34444444444444444,0.19583333333333333,0.1597222222222222,0.1388888888888889
810,720,0.01,0.4132902281672484,0.5117837244892096,482,4.010181471206427e-05,0.01823919638991356,583137,11.07268645366033,0.15694444444444444,0.3125,0.2361111111111111,0.09861111111111111,0.19583333333333333
811,720,0.01,0.21132121044150187,0.23530908551775354,435,4.0818889534774725e-05,0.017761223018169403,583857,11.09700071811676,0.14166666666666666,0.30277777777777776,0.23055555555555557,0.15694444444444444,0.16805555555555557
812,720,0.01,1.7278077123479896,4.628301517459971,503,4.303802744895317e-05,0.0183891449123621,584577,11.109492901961008,0.18888888888888888,0.3236111111111111,0.1388888888888889,0.10694444444444444,0.24166666666666667
813,720,0.01,0.35772292748424234,0.4300693326744931,489,4.356399921840016e-05,0.017833923920989037,585297,11.122261289755503,0.17222222222222222,0.3472222222222222,0.15555555555555556,0.1388888888888889,0.18611111111111112
814,720,0.01,1.4466803527708592,3.2489859427938974,487,4.459581763285314e-05,0.018232673406600952,586017,11.136477466424306,0.21944444444444444,0.26666666666666666,0.14027777777777778,0.1388888888888889,0.23472222222222222
815,720,0.01,0.33667613982880945,0.4002854935961775,496,4.325520219355086e-05,0.018285900354385376,586737,11.152413149674734,0.16805555555555557,0.3236111111111111,0.16944444444444445,0.15416666666666667,0.18472222222222223
816,720,0.01,0.4912962099636007,0.634433416372542,515,4.45205069960745e-05,0.018315652385354042,587457,11.16536111831665,0.21944444444444444,0.33194444444444443,0.15694444444444444,0.10555555555555556,0.18611111111111112
817,720,0.01,1.1559629721067288,2.177081385677485,501,4.4051128464970035e-05,0.01868583634495735,588177,11.177563269933065,0.19444444444444445,0.3013888888888889,0.14722222222222223,0.14722222222222223,0.20972222222222223
818,720,0.01,0.3922630312086716,0.4803270324068214,479,4.3017091301559654e-05,0.0180991068482399,588897,11.191093238194783,0.16111111111111112,0.36666666666666664,0.17916666666666667,0.13333333333333333,0.1597222222222222
819,720,0.01,1.5893079007956215,3.9003562217750263,510,4.118642487280037e-05,0.01882312446832657,589617,11.203929154078166,0.17222222222222222,0.3375,0.19166666666666668,0.09166666666666666,0.20694444444444443
820,720,0.01,1.5674059619501068,3.7941957235416197,521,4.642790282155652e-05,0.018887346610426903,590337,11.21596300204595,0.2125,0.2902777777777778,0.18055555555555555,0.10138888888888889,0.2152777777777778
821,720,0.01,1.159337456547277,2.1878205066875336,499,4.8249749732399825e-05,0.01850789040327072,591057,11.24035325050354,0.225,0.2916666666666667,0.175,0.11388888888888889,0.19444444444444445
822,720,0.01,0.829548922731462,1.2922845095874465,478,4.4140398291700776e-05,0.019068364053964615,591777,11.253959520657856,0.17222222222222222,0.33611111111111114,0.18611111111111112,0.1111111111111111,0.19444444444444445
823,720,0.01,0.5174000005934667,0.677660059134743,457,4.491303245180865e-05,0.019403323531150818,592497,11.267831587791443,0.125,0.35694444444444445,0.17222222222222222,0.19027777777777777,0.15555555555555556
824,720,0.01,0.993782233605994,1.7014326235499984,485,4.2448430143496e-05,0.019208472222089767,593217,11.280686183770497,0.18472222222222223,0.3458333333333333,0.14444444444444443,0.11944444444444445,0.20555555555555555
825,720,0.01,0.10275212454306541,0.10821667531275958,448,4.562836643344781e-05,0.019004328176379204,593937,11.292251201470693,0.19583333333333333,0.3458333333333333,0.18055555555555555,0.15416666666666667,0.12361111111111112
826,720,0.01,1.0485664845072347,1.853557565698876,475,4.480477486544664e-05,0.018560420721769333,594657,11.305145251750947,0.19444444444444445,0.30833333333333335,0.18472222222222223,0.1111111111111111,0.2013888888888889
827,720,0.01,0.17464402235091794,0.19082223505314655,468,4.7340906745476884e-05,0.01829443871974945,595377,11.318128685156504,0.17916666666666667,0.36944444444444446,0.16805555555555557,0.13472222222222222,0.1486111111111111
828,720,0.01,0.34144700821309765,0.40698203283847123,487,4.318313616396255e-05,0.018004272133111954,596097,11.33162482182185,0.125,0.3819444444444444,0.1763888888888889,0.14583333333333334,0.17083333333333334
829,720,0.01,2.1203773440783746,7.334281786288724,471,5.125351999595296e-05,0.01978374272584915,596817,11.345018835862478,0.22083333333333333,0.2611111111111111,0.1625,0.09166666666666666,0.2638888888888889
830,720,0.01,0.7993670651831557,1.2241327518415406,480,4.481675719161002e-05,0.018971331417560577,597537,11.358528184890748,0.21388888888888888,0.3611111111111111,0.14305555555555555,0.10416666666666667,0.17777777777777778
831,720,0.01,0.6315858075443398,0.8805904704287357,493,4.4865166977261755e-05,0.018868200480937958,598257,11.382020703951518,0.15555555555555556,0.4166666666666667,0.11805555555555555,0.11388888888888889,0.19583333333333333
832,720,0.01,0.9003611594475044,1.4604915804875462,485,4.606857778526319e-05,0.01897430419921875,598977,11.395205501715342,0.23472222222222222,0.33611111111111114,0.13194444444444445,0.13055555555555556,0.16666666666666666
833,720,0.01,0.7914570228705324,1.2066091651905273,521,4.359547037766889e-05,0.01806614175438881,599697,11.407993686199188,0.23055555555555557,0.35694444444444445,0.10555555555555556,0.12083333333333333,0.18611111111111112
834,720,0.01,0.7113234731586404,1.0366849736190198,485,4.514232673374055e-05,0.018307961523532867,600417,11.421847569942475,0.18888888888888888,0.31805555555555554,0.18611111111111112,0.11805555555555555,0.18888888888888888
835,720,0.01,0.20854429920809692,0.2318835003157551,490,4.486157272114926e-05,0.01872771605849266,601137,11.434456952412923,0.18333333333333332,0.39166666666666666,0.1625,0.11805555555555555,0.14444444444444443
836,720,0.01,0.13510477788333547,0.1446567127757925,479,4.266009710944572e-05,0.0188592541962862,601857,11.448919967810314,0.16527777777777777,0.39861111111111114,0.2111111111111111,0.10416666666666667,0.12083333333333333
837,720,0.01,0.24075814511682686,0.27221330709618585,480,4.3904551001914016e-05,0.017832737416028976,602577,11.462806137402852,0.15694444444444444,0.39166666666666666,0.12638888888888888,0.16805555555555557,0.15694444444444444
838,720,0.01,0.5176891061324932,0.678145150068304,489,4.200752355877234e-05,0.018421262502670288,603297,11.475640253225963,0.14166666666666666,0.3402777777777778,0.2111111111111111,0.14166666666666666,0.16527777777777777
839,720,0.01,0.4783393504611215,0.6133928961192581,512,4.181936520429493e-05,0.01906179077923298,604017,11.490445252259573,0.1736111111111111,0.35833333333333334,0.15555555555555556,0.1527777777777778,0.1597222222222222
840,720,0.01,0.4704462241045476,0.6007083085093883,474,4.2920867362125945e-05,0.019116509705781937,604737,11.503243486086527,0.13055555555555556,0.42083333333333334,0.16666666666666666,0.13472222222222222,0.14722222222222223
841,720,0.01,0.37382038338140294,0.4532760944745813,472,4.6060368721454224e-05,0.019007805734872818,605457,11.526904133955638,0.16805555555555557,0.3763888888888889,0.16944444444444445,0.12361111111111112,0.1625
842,720,0.01,0.06468176954344715,0.06681947591084558,472,4.218043852435787e-05,0.0187698882073164,606177,11.541119718551636,0.11388888888888889,0.49166666666666664,0.15833333333333333,0.10694444444444444,0.12916666666666668
843,720,0.01,0.5590256984720349,0.7489676480590279,490,4.539152506089926e-05,0.018920540809631348,606897,11.55364958445231,0.2013888888888889,0.3638888888888889,0.14444444444444443,0.13333333333333333,0.15694444444444444
844,720,0.01,1.1970501670879101,2.3103375633951613,494,4.472093008618888e-05,0.019768130034208298,607617,11.565661370754242,0.18194444444444444,0.3625,0.16666666666666666,0.1125,0.1763888888888889
845,720,0.01,1.442528786011472,3.2313825600855326,483,4.45462405385418e-05,0.019199397414922714,608337,11.577912151813507,0.2,0.3111111111111111,0.18055555555555555,0.09861111111111111,0.20972222222222223
846,720,0.01,0.2723418541695592,0.3130357913564208,496,4.254380502036131e-05,0.01955987885594368,609057,11.591682652632395,0.1361111111111111,0.3458333333333333,0.20833333333333334,0.15416666666666667,0.15555555555555556
847,720,0.01,0.5229132510626653,0.6869349631842085,494,4.2567327756791604e-05,0.01838601939380169,609777,11.604597902297973,0.14583333333333334,0.3416666666666667,0.1736111111111111,0.16666666666666666,0.17222222222222222
848,720,0.01,0.31596272646171425,0.3715791310660004,443,4.2612627506362814e-05,0.018133312463760376,610497,11.617572402954101,0.1111111111111111,0.41944444444444445,0.18472222222222223,0.1375,0.14722222222222223
849,720,0.01,1.1170193221397662,2.055732461464827,512,4.2912554941823246e-05,0.01798175647854805,611217,11.63191358645757,0.16944444444444445,0.3625,0.13055555555555556,0.11527777777777778,0.2222222222222222
850,720,0.01,1.3418348790441206,2.826057421138589,505,4.420648397677319e-05,0.018885035067796707,611937,11.643303938706715,0.19166666666666668,0.35,0.13472222222222222,0.1,0.22361111111111112
851,720,0.01,0.8528964215377555,1.3464332788908449,466,4.38197456674061e-05,0.018371395766735077,612657,11.669504551092784,0.14166666666666666,0.3375,0.19305555555555556,0.14722222222222223,0.18055555555555555
852,720,0.01,0.2117908586877435,0.23588938252040026,470,4.359630806776396e-05,0.018385697156190872,613377,11.681730771064759,0.16805555555555557,0.35555555555555557,0.16944444444444445,0.14166666666666666,0.16527777777777777
853,720,0.01,0.2366680022817554,0.2670204000586984,465,4.3478072340500756e-05,0.01779918558895588,614097,11.695028301080068,0.14305555555555555,0.425,0.1736111111111111,0.1125,0.14583333333333334
854,720,0.01,0.20477391724781577,0.22724757408724994,444,4.381530418160966e-05,0.01862938329577446,614817,11.710956168174743,0.1125,0.375,0.26666666666666666,0.11666666666666667,0.12916666666666668
855,720,0.01,0.44034842340955016,0.5532483123138401,488,4.3703432344146776e-05,0.018580304458737373,615537,11.72320080200831,0.13472222222222222,0.39444444444444443,0.1736111111111111,0.12222222222222222,0.175
856,720,0.01,0.6520892413930185,0.9195470397172691,488,4.14878268012823e-05,0.018748804926872253,616257,11.737395866711934,0.16527777777777777,0.3263888888888889,0.2111111111111111,0.11944444444444445,0.17777777777777778
857,720,0.01,1.304328027828331,2.685211901651559,461,4.6322293369232486e-05,0.019113004207611084,616977,11.751800604661305,0.175,0.3347222222222222,0.13055555555555556,0.1375,0.2222222222222222
858,720,0.01,0.7636370483198888,1.1460673942812472,484,4.759226335661677e-05,0.018695905804634094,617697,11.763969155152639,0.19722222222222222,0.3597222222222222,0.15555555555555556,0.0875,0.2
859,720,0.01,0.24090771350291423,0.2724036042181486,462,4.449392928967831e-05,0.01837269589304924,618417,11.776790618896484,0.1638888888888889,0.4097222222222222,0.1625,0.13194444444444445,0.13194444444444445
860,720,0.01,0.09148629236195938,0.09580175573575977,475,4.5049909011949136e-05,0.017770271748304367,619137,11.790158569812775,0.15694444444444444,0.39861111111111114,0.23055555555555557,0.07916666666666666,0.13472222222222222
861,720,0.01,0.3711520949175707,0.4494035035294637,476,4.588998077552889e-05,0.017638709396123886,619857,11.813764222462972,0.12361111111111112,0.3958333333333333,0.2152777777777778,0.09722222222222222,0.16805555555555557
862,720,0.01,0.6576424146383169,0.930236269083297,496,4.243465384787568e-05,0.017868274822831154,620577,11.826072601477305,0.16666666666666666,0.3527777777777778,0.1763888888888889,0.125,0.17916666666666667
863,720,0.01,0.6589762423029946,0.9328125894200716,504,4.068390558889708e-05,0.01794123463332653,621297,11.839112269878388,0.16805555555555557,0.3458333333333333,0.19027777777777777,0.11527777777777778,0.18055555555555555
864,720,0.01,1.2287696548926328,2.417022831648411,484,4.1835409892125126e-05,0.01805952936410904,622017,11.850980921586354,0.18888888888888888,0.36527777777777776,0.13194444444444445,0.0875,0.2263888888888889
865,720,0.01,0.20313378280089073,0.2252363728371567,485,4.757463335762522e-05,0.017864301800727844,622737,11.864357002576192,0.12361111111111112,0.3888888888888889,0.1736111111111111,0.1361111111111111,0.17777777777777778
866,720,0.01,0.21160073380468394,0.235654431531795,466,4.242918829378242e-05,0.017892591655254364,623457,11.877260768413544,0.14722222222222223,0.4236111111111111,0.15,0.1125,0.16666666666666666
867,720,0.01,0.2531509009220855,0.28807763427263167,471,4.556606189680679e-05,0.018540028482675552,624177,11.891967153549194,0.14027777777777778,0.3625,0.18194444444444444,0.10694444444444444,0.20833333333333334
868,720,0.01,0.4119320177837389,0.5097317979264093,462,4.5068733542545184e-05,0.017762135714292526,624897,11.906297687689463,0.15416666666666667,0.3888888888888889,0.18472222222222223,0.11527777777777778,0.15694444444444444
869,720,0.01,0.4201667124754977,0.5222153067483348,435,4.338685686333419e-05,0.01839204877614975,625617,11.919739985466004,0.15416666666666667,0.4583333333333333,0.11527777777777778,0.09722222222222222,0.175
870,720,0.01,0.21204568521959363,0.23620436005611078,430,4.323126547155375e-05,0.01823394186794758,626337,11.932406536738078,0.14583333333333334,0.4388888888888889,0.16666666666666666,0.07916666666666666,0.16944444444444445
871,720,0.01,1.2441437754187896,2.4699624598693424,468,4.571245799019784e-05,0.018061405047774315,627057,11.95565840403239,0.19583333333333333,0.3458333333333333,0.15138888888888888,0.07222222222222222,0.23472222222222222
872,720,0.01,0.5061780673789333,0.6589387113191965,453,4.6813609561821877e-05,0.018575187772512436,627777,11.968495535850526,0.15,0.39166666666666666,0.1638888888888889,0.1111111111111111,0.18333333333333332
873,720,0.01,0.728743265366418,1.0724744199931626,437,4.772949126971879e-05,0.01914386637508869,628497,11.982422451178232,0.17916666666666667,0.42916666666666664,0.12638888888888888,0.0875,0.17777777777777778
874,720,0.01,0.5195647761238863,0.6812957503870367,486,4.683243183004985e-05,0.018354635685682297,629217,11.994770753383637,0.12638888888888888,0.39444444444444443,0.1388888888888889,0.1375,0.20277777777777778
875,720,0.01,0.8050449789304622,1.2367971052988387,476,4.401133487590414e-05,0.01856931298971176,629937,12.008447885513306,0.22916666666666666,0.30694444444444446,0.14583333333333334,0.12777777777777777,0.19027777777777777
876,720,0.01,0.38715519120896064,0.47278503682895323,453,4.383277462744041e-05,0.017748095095157623,630657,12.021790051460266,0.17916666666666667,0.42777777777777776,0.1361111111111111,0.09305555555555556,0.1638888888888889
877,720,0.01,0.7765573306103593,1.173975090257969,469,4.5820194185984694e-05,0.018532074987888336,631377,12.03466883500417,0.16527777777777777,0.39305555555555555,0.17083333333333334,0.09166666666666666,0.17916666666666667
878,720,0.01,0.2876484585285998,0.33328851552235017,455,4.380883038442739e-05,0.018690450116991997,632097,12.04812745253245,0.15,0.4583333333333333,0.12777777777777777,0.10555555555555556,0.15833333333333333
879,720,0.01,1.3656922381292755,2.9184346032042754,486,4.497064125593574e-05,0.01848609186708927,632817,12.060807065169017,0.15833333333333333,0.39305555555555555,0.1375,0.06666666666666667,0.24444444444444444
880,720,0.01,1.0026694117699329,1.7255477355002258,500,4.412103232122415e-05,0.01938003860414028,633537,12.07404367129008,0.17777777777777778,0.37222222222222223,0.13194444444444445,0.10277777777777777,0.2152777777777778
881,720,0.01,0.31550829143822723,0.37095597907312783,495,4.2769782978919266e-05,0.019201582297682762,634257,12.101796118418376,0.15555555555555556,0.3819444444444444,0.1763888888888889,0.10555555555555556,0.18055555555555555
882,720,0.01,0.24831790909396595,0.2818673847230173,444,4.319797669217627e-05,0.018721912056207657,634977,12.115529004732768,0.1388888888888889,0.4166666666666667,0.2,0.10694444444444444,0.1375
883,720,0.01,0.985794551274499,1.6799403887576192,506,4.2024110516397035e-05,0.019005436450242996,635697,12.129664385318756,0.20555555555555555,0.3416666666666667,0.15,0.09861111111111111,0.20416666666666666
884,720,0.01,0.05622598825303867,0.05783671539773194,467,4.356194157632368e-05,0.019010156393051147,636417,12.143597300847372,0.20694444444444443,0.36666666666666664,0.175,0.10833333333333334,0.14305555555555555
885,720,0.01,0.10312412662839404,0.10862901091706889,465,4.452729090821271e-05,0.01972152851521969,637137,12.156134637196859,0.15833333333333333,0.35138888888888886,0.24861111111111112,0.09722222222222222,0.14444444444444443
886,720,0.01,0.7009273218801945,1.0156209705241372,496,4.472516060584692e-05,0.019234908744692802,637857,12.168108320236206,0.20555555555555555,0.2916666666666667,0.19305555555555556,0.10416666666666667,0.20555555555555555
887,720,0.01,-0.023447088177512513,-0.023174341072657034,466,4.812174186099583e-05,0.0195726677775383,638577,12.179871598879496,0.16805555555555557,0.3958333333333333,0.21388888888888888,0.0875,0.13472222222222222
888,720,0.01,0.5541282147966183,0.7404230481518657,478,4.780981257807879e-05,0.019359515979886055,639297,12.19440141916275,0.19722222222222222,0.3888888888888889,0.16527777777777777,0.09444444444444444,0.15416666666666667
889,720,0.01,0.38176211789868975,0.46486357885663065,467,4.356164003082894e-05,0.01914380118250847,640017,12.209251534938812,0.15833333333333333,0.38333333333333336,0.1486111111111111,0.1375,0.17222222222222222
890,720,0.01,0.4842297732597743,0.6229245074682317,458,4.514701861858662e-05,0.018934903666377068,640737,12.221405466397604,0.17916666666666667,0.3680555555555556,0.20694444444444443,0.08611111111111111,0.1597222222222222
891,720,0.01,0.5003094662647496,0.6492315732700313,442,3.996973976225288e-05,0.018182367086410522,641457,12.245976869265238,0.22916666666666666,0.39305555555555555,0.14583333333333334,0.09444444444444444,0.1375
892,720,0.01,0.5947686666159026,0.8126115788847412,502,4.0008468733453304e-05,0.018158935010433197,642177,12.257961968580881,0.15694444444444444,0.37083333333333335,0.18333333333333332,0.10277777777777777,0.18611111111111112
893,720,0.01,0.677330277645101,0.9686150547924532,456,3.964328572894576e-05,0.017421919852495193,642897,12.27072643438975,0.16805555555555557,0.43194444444444446,0.15138888888888888,0.0875,0.16111111111111112
894,720,0.01,0.6238525934930955,0.8661035492057856,471,4.3048636650332305e-05,0.0182509608566761,643617,12.284496235847474,0.18472222222222223,0.37222222222222223,0.15138888888888888,0.09722222222222222,0.19444444444444445
895,720,0.01,0.6633762603836922,0.9413357370110853,484,4.240971710866385e-05,0.017099041491746902,644337,12.29778085152308,0.15694444444444444,0.39305555555555555,0.1736111111111111,0.0875,0.18888888888888888
896,720,0.01,0.7421866771666957,1.1005236633987967,497,4.2807460809197236e-05,0.01853477582335472,645057,12.311545137564341,0.16805555555555557,0.38333333333333336,0.15694444444444444,0.09722222222222222,0.19444444444444445
897,720,0.01,0.5347932045280841,0.7070951861956372,441,4.383869507288788e-05,0.018156815320253372,645777,12.326163121064504,0.13055555555555556,0.36944444444444446,0.19444444444444445,0.08194444444444444,0.22361111111111112
898,720,0.01,0.17262248949123404,0.18841738034033084,418,4.233614179788169e-05,0.01779228076338768,646497,12.339468399683634,0.1375,0.4111111111111111,0.15,0.1763888888888889,0.125
899,720,0.01,0.23867724090048306,0.26956870559685897,450,4.0043292599673605e-05,0.017417950555682182,647217,12.35279655456543,0.1361111111111111,0.44722222222222224,0.1625,0.1125,0.14166666666666666
900,720,0.01,0.6171107168491948,0.853564824034893,496,3.8466595839913176e-05,0.01705273613333702,647937,12.365626152356466,0.14027777777777778,0.4097222222222222,0.17916666666666667,0.10277777777777777,0.16805555555555557
901,720,0.01,-0.19358860261404626,-0.1760031753119794,403,3.7382653680929754e-05,0.018014252185821533,648657,12.392336332798005,0.11666666666666667,0.4875,0.12916666666666668,0.14027777777777778,0.12638888888888888
902,720,0.01,0.9573527357121873,1.6047917659435296,510,3.780959437512542e-05,0.01758398301899433,649377,12.40507093667984,0.18333333333333332,0.3597222222222222,0.1527777777777778,0.1,0.20416666666666666
903,720,0.01,0.7675066293211383,1.154387863880784,485,3.8460277119788266e-05,0.017191480845212936,650097,12.418172836303711,0.17222222222222222,0.39444444444444443,0.14027777777777778,0.12361111111111112,0.16944444444444445
904,720,0.01,0.6848082003182159,0.983391385216664,462,3.9207702546819845e-05,0.017592523247003555,650817,12.431267253557841,0.1486111111111111,0.4222222222222222,0.175,0.0875,0.16666666666666666
905,720,0.01,0.8798718230101961,1.410590704354024,459,4.046194152604383e-05,0.017783835530281067,651537,12.442097453276316,0.15,0.4,0.15694444444444444,0.08194444444444444,0.2111111111111111
906,720,0.01,0.42581588225828726,0.530838894584241,460,4.043622540166325e-05,0.018081121146678925,652257,12.454595971107484,0.14305555555555555,0.37777777777777777,0.2013888888888889,0.1,0.17777777777777778
907,720,0.01,0.7881934300465152,1.199419429919332,484,4.113912502185081e-05,0.01781637780368328,652977,12.466464567184449,0.12222222222222222,0.3611111111111111,0.2013888888888889,0.12083333333333333,0.19444444444444445
908,720,0.01,0.07192628536117004,0.0745761291529432,461,3.879283019740696e-05,0.017759883776307106,653697,12.475642700990042,0.12638888888888888,0.36527777777777776,0.19166666666666668,0.1375,0.17916666666666667
909,720,0.01,1.3729225620208472,2.9468688249773094,482,3.9638969190036734e-05,0.017551366239786148,654417,12.489564168453217,0.18472222222222223,0.36527777777777776,0.14583333333333334,0.09861111111111111,0.20555555555555555
910,720,0.01,0.9174866132965936,1.5029914919343925,459,4.1680434530159495e-05,0.018048206344246864,655137,12.502700968583424,0.19583333333333333,0.38333333333333336,0.15138888888888888,0.09444444444444444,0.175
911,720,0.01,0.18264721793113187,0.2003908570046269,442,4.0979040535502365e-05,0.017493337392807007,655857,12.5274645169576,0.14583333333333334,0.3888888888888889,0.16666666666666666,0.15138888888888888,0.14722222222222223
912,720,0.01,0.8424639741586805,1.3220814824599159,455,3.8842751159033166e-05,0.017527882009744644,656577,12.540050605932871,0.12916666666666668,0.39861111111111114,0.16111111111111112,0.10138888888888889,0.20972222222222223
913,720,0.01,-0.20414397443538115,-0.1846550260958677,460,4.0391175963981775e-05,0.017135394737124443,657297,12.552798354625702,0.15,0.41944444444444445,0.15833333333333333,0.12361111111111112,0.1486111111111111
914,720,0.01,0.282185240814294,0.3260243310643509,477,4.0345815179736946e-05,0.017347555607557297,658017,12.565734934806823,0.10555555555555556,0.375,0.22361111111111112,0.12222222222222222,0.1736111111111111
915,720,0.01,0.6250394641602264,0.8683196876448707,484,3.8504783035225245e-05,0.017510488629341125,658737,12.578280985355377,0.1125,0.3375,0.225,0.1375,0.1875
916,720,0.01,0.5889731184993943,0.8021368838812126,469,3.936750989118486e-05,0.0175393745303154,659457,12.592493534088135,0.14444444444444443,0.3277777777777778,0.19166666666666668,0.17222222222222222,0.1638888888888889
917,720,0.01,0.5059219761699042,0.6585139260931123,457,3.9735411804839616e-05,0.017992384731769562,660177,12.603861105442046,0.13055555555555556,0.4305555555555556,0.14722222222222223,0.10416666666666667,0.1875
918,720,0.01,0.6806676469443006,0.9751960256951246,504,4.148979535077362e-05,0.018848497420549393,660897,12.616654419898987,0.15,0.35138888888888886,0.20555555555555555,0.10555555555555556,0.1875
919,720,0.01,0.8234610170941801,1.2783716907338403,470,3.832173273015845e-05,0.018190670758485794,661617,12.629006505012512,0.16666666666666666,0.36666666666666664,0.19027777777777777,0.08611111111111111,0.19027777777777777
920,720,0.01,0.30761997901521293,0.3601839922483496,449,3.8062143852989215e-05,0.01811119168996811,662337,12.641864736874899,0.1375,0.4,0.2013888888888889,0.13194444444444445,0.12916666666666668
921,720,0.01,0.3199280939930663,0.37702874413750176,477,3.698629402227501e-05,0.017580445855855942,663057,12.665801803270975,0.1388888888888889,0.4236111111111111,0.1625,0.12222222222222222,0.1527777777777778
922,720,0.01,0.7685108608342356,1.1565524547584052,461,3.712964880327895e-05,0.01725020259618759,663777,12.678646171092987,0.19722222222222222,0.33611111111111114,0.16944444444444445,0.10416666666666667,0.19305555555555556
923,720,0.01,0.3811053141783384,0.4639017669036378,431,3.419431266770011e-05,0.01713426783680916,664497,12.691596802075704,0.16666666666666666,0.32916666666666666,0.1875,0.13055555555555556,0.18611111111111112
924,720,0.01,0.25036345499914475,0.2844921869643213,452,3.892373201400308e-05,0.017620928585529327,665217,12.704800621668499,0.15694444444444444,0.34305555555555556,0.2,0.14027777777777778,0.1597222222222222
925,720,0.01,0.5615217249455263,0.7533385703094002,457,3.545871088590502e-05,0.016784340143203735,665937,12.71903898715973,0.13194444444444445,0.42777777777777776,0.2111111111111111,0.0763888888888889,0.1527777777777778
926,720,0.01,0.34645960887281707,0.4140523775074507,477,3.508942962374325e-05,0.01671449840068817,666657,12.732399153709412,0.15833333333333333,0.3902777777777778,0.175,0.10555555555555556,0.17083333333333334
927,720,0.01,0.5980462485568623,0.8185623085365274,462,3.458491682345589e-05,0.01701127365231514,667377,12.744986720879872,0.1527777777777778,0.37777777777777777,0.18888888888888888,0.09444444444444444,0.18611111111111112
928,720,0.01,0.8548131161417922,1.3509349877175696,477,3.686511165470721e-05,0.01630333811044693,668097,12.757607920964558,0.17083333333333334,0.3611111111111111,0.17777777777777778,0.1125,0.17777777777777778
929,720,0.01,0.818196591544433,1.266408888861493,455,3.6518018490975615e-05,0.016064487397670746,668817,12.773049553235372,0.16666666666666666,0.375,0.16527777777777777,0.10694444444444444,0.18611111111111112
930,720,0.01,0.36771667025142385,0.4444327302296516,432,3.629028281895646e-05,0.016909275203943253,669537,12.786236854394277,0.12083333333333333,0.4361111111111111,0.18611111111111112,0.12083333333333333,0.1361111111111111
931,720,0.01,1.1436559400612274,2.1382205644358883,457,3.7798788527096706e-05,0.01741167902946472,670257,12.81073103348414,0.16527777777777777,0.3347222222222222,0.1527777777777778,0.12777777777777777,0.21944444444444444
932,720,0.01,0.6606228283976292,0.9359977533570236,446,3.7125114379755865e-05,0.017761249095201492,670977,12.822966102759043,0.11527777777777778,0.4,0.18472222222222223,0.12777777777777777,0.17222222222222222
933,720,0.01,0.39779008016695916,0.48853152481874984,453,3.8292212971353164e-05,0.01750621572136879,671697,12.835115202267964,0.1375,0.37916666666666665,0.20555555555555555,0.11388888888888889,0.1638888888888889
934,720,0.01,0.45948873999591056,0.5832643183151678,486,3.625840978934826e-05,0.01711292192339897,672417,12.848894087473552,0.16666666666666666,0.35833333333333334,0.22361111111111112,0.09305555555555556,0.15833333333333333
935,720,0.01,0.9453990826516252,1.5738403486829347,458,3.362517074315797e-05,0.017680253833532333,673137,12.861889338493347,0.14722222222222223,0.3861111111111111,0.16666666666666666,0.12222222222222222,0.17777777777777778
936,720,0.01,0.14103290474774233,0.1514625359456705,451,3.627937179481301e-05,0.01667889393866062,673857,12.874736901124319,0.15694444444444444,0.3861111111111111,0.20972222222222223,0.10694444444444444,0.14027777777777778
937,720,0.01,0.27037175849936174,0.3104515316843015,443,3.8488677897577063e-05,0.017394792288541794,674577,12.88842296997706,0.12361111111111112,0.4222222222222222,0.2013888888888889,0.10277777777777777,0.15
938,720,0.01,0.24731094119683839,0.28057723509687404,449,3.5322135200506936e-05,0.016833627596497536,675297,12.901149805386861,0.17083333333333334,0.3347222222222222,0.22777777777777777,0.1111111111111111,0.15555555555555556
939,720,0.01,0.2668263897509603,0.3058137240047436,470,3.6149936040096184e-05,0.01714406907558441,676017,12.914205849170685,0.13333333333333333,0.38333333333333336,0.225,0.11527777777777778,0.14305555555555555
940,720,0.01,0.17349738153656985,0.1894575722143752,446,3.267994425060452e-05,0.01662261225283146,676737,12.927782769997915,0.125,0.36527777777777776,0.19722222222222222,0.1763888888888889,0.1361111111111111
941,720,0.01,0.5649167573535643,0.7593013277278495,450,3.804900142212217e-05,0.01824425905942917,677457,12.953176883856456,0.12361111111111112,0.40555555555555556,0.1763888888888889,0.08611111111111111,0.20833333333333334
942,720,0.01,0.4337377383459393,0.5430141416056706,454,3.837940271801522e-05,0.01774785667657852,678177,12.966722885767618,0.14166666666666666,0.42916666666666664,0.18888888888888888,0.07916666666666666,0.16111111111111112
943,720,0.01,0.18890345022588242,0.20792432203223088,461,3.6702070108023894e-05,0.017545048147439957,678897,12.979402633508046,0.11666666666666667,0.4027777777777778,0.16944444444444445,0.1638888888888889,0.14722222222222223
944,720,0.01,0.4344294580304043,0.5440818440936623,466,3.66024720708285e-05,0.017109235748648643,679617,12.994677003224691,0.125,0.40694444444444444,0.14722222222222223,0.14444444444444443,0.1763888888888889
945,720,0.01,0.20233554725848296,0.2242587358607102,448,3.64141833099691e-05,0.016784220933914185,680337,13.010007433096568,0.12638888888888888,0.4222222222222222,0.1638888888888889,0.14166666666666666,0.14583333333333334
946,720,0.01,1.0422423056702512,1.8355681015835996,468,3.777759967533711e-05,0.01769942231476307,681057,13.02314515511195,0.19583333333333333,0.35,0.14027777777777778,0.1,0.21388888888888888
947,720,0.01,0.3385931216346017,0.4029723899532105,445,3.943341008607604e-05,0.01760180853307247,681777,13.036076819896698,0.25,0.35,0.16666666666666666,0.10833333333333334,0.125
948,720,0.01,0.09612047591045045,0.10089168693317463,419,3.795589228098429e-05,0.017778705805540085,682497,13.048450815677644,0.2152777777777778,0.37083333333333335,0.16805555555555557,0.11944444444444445,0.12638888888888888
949,720,0.01,0.8912101746959084,1.4380783674460909,476,3.513404342230489e-05,0.017469994723796844,683217,13.061102803548177,0.16527777777777777,0.3763888888888889,0.19583333333333333,0.10138888888888889,0.16111111111111112
950,720,0.01,0.9351252335852828,1.5475324743881829,499,3.5310038384118847e-05,0.017156369984149933,683937,13.072830319404602,0.16805555555555557,0.3902777777777778,0.15694444444444444,0.09305555555555556,0.19166666666666668
951,720,0.01,0.6912208915220595,0.9961511301322785,483,3.514236529251017e-05,0.016656987369060516,684657,13.096665052572886,0.15416666666666667,0.4097222222222222,0.17222222222222222,0.08472222222222223,0.17916666666666667
952,720,0.01,0.9455161503115228,1.5741416797872265,489,3.6002052944341916e-05,0.016487490385770798,685377,13.109415753682454,0.23055555555555557,0.2777777777777778,0.1625,0.10833333333333334,0.22083333333333333
953,720,0.01,0.49071757145681744,0.6334879438308445,435,3.399449528842524e-05,0.016458140686154366,686097,13.123463769753775,0.16944444444444445,0.37916666666666665,0.20416666666666666,0.10277777777777777,0.14444444444444443
954,720,0.01,0.7086137380858066,1.0311735675112779,438,3.614031343456898e-05,0.016066502779722214,686817,13.136788415908814,0.16111111111111112,0.3736111111111111,0.1736111111111111,0.09305555555555556,0.1986111111111111
955,720,0.01,1.1289257653161189,2.0923328240665593,486,3.4985339022518424e-05,0.015993691980838776,687537,13.149015136559804,0.1625,0.32083333333333336,0.17222222222222222,0.12083333333333333,0.22361111111111112
956,720,0.01,0.012440471456020162,0.012518176013823323,427,3.4211677382245397e-05,0.01640334352850914,688257,13.163302803039551,0.10972222222222222,0.5125,0.15833333333333333,0.07083333333333333,0.1486111111111111
957,720,0.01,0.2653401843604823,0.30387445803988467,433,3.47079802862835e-05,0.016482792794704437,688977,13.176563036441802,0.13055555555555556,0.43472222222222223,0.17777777777777778,0.09861111111111111,0.15833333333333333
958,720,0.01,1.0111894060532636,1.7488685923369256,488,3.5482837452289254e-05,0.016609448939561844,689697,13.19025886853536,0.18055555555555555,0.39166666666666666,0.14444444444444443,0.08888888888888889,0.19444444444444445
959,720,0.01,0.5779547833495264,0.7823893280878675,455,3.4319596943532814e-05,0.016147838905453682,690417,13.203082001209259,0.19305555555555556,0.3680555555555556,0.15833333333333333,0.1111111111111111,0.16944444444444445
960,720,0.01,0.8910502994633162,1.4376886102571071,474,3.648925590798374e-05,0.016176704317331314,691137,13.217060037453969,0.1597222222222222,0.39166666666666666,0.20555555555555555,0.09027777777777778,0.1527777777777778
961,720,0.01,0.851393505660488,1.342909435744248,480,3.7276346366373524e-05,0.016577571630477905,691857,13.24240440527598,0.2013888888888889,0.34305555555555556,0.13055555555555556,0.10416666666666667,0.22083333333333333
962,720,0.01,0.22928813797599143,0.25770437919956724,435,3.6366570116620604e-05,0.016640108078718185,692577,13.255152638753255,0.14583333333333334,0.41805555555555557,0.16666666666666666,0.10277777777777777,0.16666666666666666
963,720,0.01,0.21814516690849348,0.24376760841306888,428,3.394757601363886e-05,0.016455020755529404,693297,13.26828148762385,0.1375,0.40694444444444444,0.175,0.12916666666666668,0.15138888888888888
964,720,0.01,0.7328680931160458,1.0810406750086767,465,3.5273129908040975e-05,0.016687912866473198,694017,13.281029669443766,0.125,0.4097222222222222,0.20555555555555555,0.10833333333333334,0.15138888888888888
965,720,0.01,0.8130753821674435,1.2548318040478774,461,3.6412456079738655e-05,0.017067544162273407,694737,13.29599678516388,0.11805555555555555,0.3763888888888889,0.2569444444444444,0.0875,0.16111111111111112
966,720,0.01,0.8310226142616545,1.295665120230832,488,3.513130128819992e-05,0.01692156493663788,695457,13.310020585854849,0.1986111111111111,0.34444444444444444,0.1388888888888889,0.10972222222222222,0.20833333333333334
967,720,0.01,0.2620079444719158,0.2995368665225082,460,3.636711663830283e-05,0.016648568212985992,696177,13.324228902657827,0.1527777777777778,0.3611111111111111,0.17083333333333334,0.12222222222222222,0.19305555555555556
968,720,0.01,0.7145271746270551,1.0432203673952465,451,3.703069825557274e-05,0.016435328871011734,696897,13.338915952046712,0.19722222222222222,0.35555555555555557,0.15416666666666667,0.10138888888888889,0.19166666666666668
969,720,0.01,0.12897494466329734,0.1376616193137068,451,3.6625570742722224e-05,0.016828343272209167,697617,13.352985739707947,0.15833333333333333,0.35694444444444445,0.2625,0.09722222222222222,0.125
970,720,0.01,0.8386454056195933,1.313231363313042,469,3.502745450482002e-05,0.016238391399383545,698337,13.364961453278859,0.13472222222222222,0.37777777777777777,0.24027777777777778,0.07222222222222222,0.175
971,720,0.01,0.2023332646617484,0.22425594137490545,444,3.5473993482860856e-05,0.016530616208910942,699057,13.388586982091267,0.12916666666666668,0.36666666666666664,0.22083333333333333,0.1361111111111111,0.14722222222222223
972,720,0.01,0.8383319970839417,1.3125064904554513,468,3.488352134329236e-05,0.016502078622579575,699777,13.401452469825745,0.1597222222222222,0.37916666666666665,0.1527777777777778,0.09722222222222222,0.2111111111111111
973,720,0.01,1.2117409588393278,2.359328016349449,464,3.275623606668887e-05,0.01594630256295204,700497,13.41445156733195,0.16111111111111112,0.2708333333333333,0.24166666666666667,0.10555555555555556,0.22083333333333333
974,720,0.01,1.018730860939877,1.7696774266352349,484,3.622853592888633e-05,0.016519716009497643,701217,13.42650046745936,0.1597222222222222,0.35833333333333334,0.20972222222222223,0.07361111111111111,0.1986111111111111
975,720,0.01,0.061571806667290514,0.06350686067034372,401,3.7457401975239516e-05,0.01675977185368538,701937,13.441940168539682,0.10833333333333334,0.4444444444444444,0.2638888888888889,0.07916666666666666,0.10416666666666667
976,720,0.01,1.0421467650400464,1.835297202561323,491,3.636389057090936e-05,0.016978103667497635,702657,13.455321633815766,0.19027777777777777,0.3416666666666667,0.15555555555555556,0.08888888888888889,0.22361111111111112
977,720,0.01,0.9259434801455575,1.5242487157711357,442,3.537218818349983e-05,0.017079247161746025,703377,13.469163986047109,0.16666666666666666,0.3625,0.18611111111111112,0.10694444444444444,0.17777777777777778
978,720,0.01,0.4247442533579247,0.529199282067996,469,3.5303021425331985e-05,0.01724807545542717,704097,13.480609087149302,0.18055555555555555,0.43333333333333335,0.175,0.06111111111111111,0.15
979,720,0.01,0.3925110487707684,0.48069422504173054,472,3.2639465473494056e-05,0.01689707487821579,704817,13.493462002277374,0.15138888888888888,0.38055555555555554,0.1875,0.09027777777777778,0.19027777777777777
980,720,0.01,0.30986646010438396,0.3632430546411287,436,3.2565118691410234e-05,0.016828980296850204,705537,13.506704918543498,0.12361111111111112,0.4013888888888889,0.19583333333333333,0.13194444444444445,0.14722222222222223
981,720,0.01,0.5064984504290015,0.6594702923136253,433,3.279840586982472e-05,0.017006902024149895,706257,13.527509367465973,0.14027777777777778,0.4263888888888889,0.15555555555555556,0.1111111111111111,0.16666666666666666
982,720,0.01,1.1336250283932863,2.106898707182426,458,3.3369471659246604e-05,0.017198555171489716,706977,13.539522568384806,0.20277777777777778,0.30833333333333335,0.20694444444444443,0.09027777777777778,0.19166666666666668
983,720,0.01,1.2035669070156123,2.33198061684949,463,3.403187561161758e-05,0.017627347260713577,707697,13.553379237651825,0.1625,0.325,0.18888888888888888,0.1111111111111111,0.2125
984,720,0.01,0.3460660874901127,0.4134960271357013,459,3.081928908714973e-05,0.01753954403102398,708417,13.567556718985239,0.11666666666666667,0.36666666666666664,0.3,0.08055555555555556,0.1361111111111111
985,720,0.01,0.9177811843316828,1.503728909334559,441,3.164984272972207e-05,0.017337718978524208,709137,13.580994482835134,0.2152777777777778,0.4111111111111111,0.1625,0.0625,0.1486111111111111
986,720,0.01,1.0298226105198853,1.8005689991549003,485,3.1947706833711384e-05,0.016376357525587082,709857,13.592382705211639,0.2111111111111111,0.3347222222222222,0.1597222222222222,0.09027777777777778,0.20416666666666666
987,720,0.01,0.6393865699483776,0.8953178776877948,441,3.203556740471767e-05,0.016352737322449684,710577,13.60530221859614,0.1597222222222222,0.30833333333333335,0.2625,0.10694444444444444,0.1625
988,720,0.01,0.3157093740818414,0.37123168224431,444,3.198076955628595e-05,0.016474362462759018,711297,13.61895710627238,0.14722222222222223,0.39444444444444443,0.20555555555555555,0.13472222222222222,0.11805555555555555
989,720,0.01,1.4525121340633151,3.2738374934985277,476,3.368604001505244e-05,0.01675465516746044,712017,13.63215730190277,0.20277777777777778,0.2986111111111111,0.18472222222222223,0.1111111111111111,0.20277777777777778
990,720,0.01,0.853309876125906,1.347403623078594,484,3.756320599500719e-05,0.01707788184285164,712737,13.645130403836568,0.19305555555555556,0.3819444444444444,0.14583333333333334,0.10694444444444444,0.17222222222222222
991,720,0.01,1.29618360850426,2.6553198824277997,481,3.528027833049742e-05,0.01756107248365879,713457,13.670899267991384,0.19583333333333333,0.3236111111111111,0.20416666666666666,0.1125,0.1638888888888889
992,720,0.01,0.7089756728379069,1.031908852867542,481,3.464224997742349e-05,0.018043482676148415,714177,13.683434184392294,0.19027777777777777,0.33194444444444443,0.22083333333333333,0.10555555555555556,0.15138888888888888
993,720,0.01,0.5325744922372043,0.7033118317638349,450,3.422760253468166e-05,0.017710965126752853,714897,13.696750986576081,0.16111111111111112,0.3958333333333333,0.19027777777777777,0.1,0.1527777777777778
994,720,0.01,1.3026627803330455,2.6790802185646325,461,3.743308043592859e-05,0.018406063318252563,715617,13.71045218706131,0.20277777777777778,0.2708333333333333,0.17777777777777778,0.13333333333333333,0.2152777777777778
995,720,0.01,0.7412945762931757,1.098650619999865,454,3.807374203890706e-05,0.018559530377388,716337,13.724914054075876,0.20416666666666666,0.3402777777777778,0.19583333333333333,0.08611111111111111,0.1736111111111111
996,720,0.01,1.5067749828789936,3.5121555253791126,472,3.6488181462522736e-05,0.018479585647583008,717057,13.739215683937072,0.2152777777777778,0.3527777777777778,0.15555555555555556,0.09861111111111111,0.17777777777777778
997,720,0.01,0.43123362014090744,0.5391550855858214,460,3.6065892721934585e-05,0.018037846311926842,717777,13.751461335023244,0.19166666666666668,0.3402777777777778,0.18194444444444444,0.10833333333333334,0.17777777777777778
998,720,0.01,0.5538903822227099,0.7400091680776688,480,3.610594260155469e-05,0.017644783481955528,718497,13.763370088736217,0.17916666666666667,0.35555555555555557,0.1875,0.12361111111111112,0.15416666666666667
999,720,0.01,0.4372743075036238,0.5484807787010695,454,3.809958368871473e-05,0.017432801425457,719217,13.776344501972199,0.1597222222222222,0.39444444444444443,0.23055555555555557,0.09583333333333334,0.11944444444444445
1000,720,0.01,0.30683498654879304,0.35911667703349726,436,3.491138798431671e-05,0.017657725140452385,719937,13.789959939320882,0.19722222222222222,0.3333333333333333,0.23055555555555557,0.1125,0.12638888888888888
1001,720,0.01,0.4852031925069707,0.6245050625671229,458,3.6447982329769325e-05,0.017980927601456642,720657,13.81350378592809,0.15,0.4305555555555556,0.2125,0.09027777777777778,0.11666666666666667
1002,720,0.01,0.003519187076136259,0.003525386685371279,459,3.760656129669668e-05,0.018513552844524384,721377,13.826531672477723,0.16111111111111112,0.4305555555555556,0.22361111111111112,0.059722222222222225,0.125
1003,720,0.01,1.1282591130104471,2.0902720002622925,467,3.5866344954784936e-05,0.018018536269664764,722097,13.839490071932476,0.18055555555555555,0.3347222222222222,0.17222222222222222,0.11527777777777778,0.19722222222222222
1004,720,0.01,1.149638664115532,2.157051947409141,468,3.790577130757811e-05,0.018094472587108612,722817,13.852610901991527,0.22777777777777777,0.31527777777777777,0.1638888888888889,0.07083333333333333,0.2222222222222222
1005,720,0.01,0.6797743677206497,0.973432411939771,442,3.852225251598106e-05,0.018630847334861755,723537,13.864222486813864,0.1736111111111111,0.3875,0.2111111111111111,0.08055555555555556,0.14722222222222223
1006,720,0.01,0.6668736434890644,0.9481372185801333,454,3.868384039328198e-05,0.018695317208766937,724257,13.876017169157665,0.1875,0.3541666666666667,0.19305555555555556,0.08611111111111111,0.17916666666666667
1007,720,0.01,0.6754803619633345,0.9649766493404879,445,3.663178406693785e-05,0.018235735595226288,724977,13.887935086091359,0.20277777777777778,0.35833333333333334,0.15694444444444444,0.09444444444444444,0.1875
1008,720,0.01,0.4607804363526154,0.5853107364577306,434,3.5187863073184014e-05,0.018231427296996117,725697,13.900411053498585,0.1375,0.4222222222222222,0.19166666666666668,0.09305555555555556,0.15555555555555556
1009,720,0.01,0.8692119160431308,1.3850305084063708,458,3.8444359696162185e-05,0.018177933990955353,726417,13.913005832831065,0.18055555555555555,0.39166666666666666,0.15138888888888888,0.11805555555555555,0.15833333333333333
1010,720,0.01,0.36854215302504073,0.4456255768355326,432,3.51132304583896e-05,0.017833132296800613,727137,13.92683648665746,0.15694444444444444,0.3819444444444444,0.2152777777777778,0.07916666666666666,0.16666666666666666
1011,720,0.01,0.9442322598593894,1.570838884529441,469,3.7364804597928014e-05,0.01846262998878956,727857,13.949419053395589,0.18472222222222223,0.35833333333333334,0.18888888888888888,0.07361111111111111,0.19444444444444445
1012,720,0.01,0.7750071849395689,1.1706077228127318,487,3.856200415839339e-05,0.017215346917510033,728577,13.962001538276672,0.18888888888888888,0.3402777777777778,0.18472222222222223,0.11805555555555555,0.16805555555555557
1013,720,0.01,1.1980591609781546,2.3136793594136473,480,3.839217149940547e-05,0.01820705085992813,729297,13.976364302635194,0.20277777777777778,0.3527777777777778,0.1638888888888889,0.10555555555555556,0.175
