episode,steps,epsilon,train_reward,train_portfolio_return,train_position_changes,mean_loss,mean_max_q,updates,minutes,action_share_-1,action_share_0,action_share_0.5,action_share_1,action_share_2
1,720,1.0,0.022597162158923687,0.022854412079422737,599,0.0006609619806744435,0.09411760419607162,657,0.013606882095336914,0.21666666666666667,0.19583333333333333,0.1875,0.20416666666666666,0.19583333333333333
2,720,0.9909,-0.1063285339420876,-0.10087079491513573,575,0.0002793974912492558,0.12040790170431137,1377,0.026254101594289144,0.1986111111111111,0.20972222222222223,0.2,0.18611111111111112,0.20555555555555555
3,720,0.98188281,0.04565590848210671,0.046714183512680085,568,0.00027894085809142174,0.12565159797668457,2097,0.04015829960505168,0.18611111111111112,0.225,0.1986111111111111,0.21388888888888888,0.1763888888888889
4,720,0.972947676429,-0.06048961017118693,-0.05869645104966548,578,0.0002717367201209223,0.1319880187511444,2817,0.0529486338297526,0.19722222222222222,0.20972222222222223,0.18611111111111112,0.19444444444444445,0.2125
5,720,0.9640938525734961,-0.23871464331361403,-0.21236039146363328,571,0.0002485769565282681,0.133527934551239,3537,0.06582655111948649,0.20416666666666666,0.18055555555555555,0.2152777777777778,0.18194444444444444,0.21805555555555556
6,720,0.9553205985150773,0.07992408674005679,0.08320483494351327,586,0.00025785008881737463,0.1303492933511734,4257,0.07920891841252645,0.21666666666666667,0.20416666666666666,0.2111111111111111,0.17916666666666667,0.18888888888888888
7,720,0.9466271810685901,-0.10262609241615697,-0.09753565133186837,568,0.0002549404254750698,0.12804998457431793,4977,0.09196383158365885,0.24027777777777778,0.1875,0.20277777777777778,0.17777777777777778,0.19166666666666668
8,720,0.938012873720866,-0.014505657791676105,-0.014400957597449082,568,0.00022019616008037702,0.12797924876213074,5697,0.1040206511815389,0.20972222222222223,0.18888888888888888,0.18888888888888888,0.1986111111111111,0.21388888888888888
9,720,0.9294769565700061,-0.17761740574792861,-0.1627373058877477,593,0.0002152408193675607,0.12428507208824158,6417,0.1171275814374288,0.19583333333333333,0.175,0.21388888888888888,0.20555555555555555,0.20972222222222223
10,720,0.921018716265219,0.0988039054196897,0.1038498193672237,559,0.0002033526032998149,0.11651678383350372,7137,0.12967722018559774,0.17777777777777778,0.2513888888888889,0.1875,0.1875,0.19583333333333333
11,720,0.9126374459472055,-0.2574384181775428,-0.226970770603514,583,0.00018047666503662185,0.1154085025191307,7857,0.15382778644561768,0.18194444444444444,0.21805555555555556,0.19583333333333333,0.21666666666666667,0.1875
12,720,0.904332445189086,-0.04162267026068472,-0.04076834107373528,576,0.00015754510485647995,0.11314287781715393,8577,0.1657696525255839,0.17777777777777778,0.18888888888888888,0.2152777777777778,0.2111111111111111,0.20694444444444443
13,720,0.8961030199378652,-0.11985538173979268,-0.11295128911717367,571,0.00014593943695520768,0.10753747820854187,9297,0.18001050154368084,0.2125,0.18472222222222223,0.1875,0.18055555555555555,0.23472222222222222
14,720,0.8879484824564307,0.049390316652534336,0.05063034924116949,566,0.00016712716958661785,0.10855473577976227,10017,0.1905981183052063,0.2222222222222222,0.19444444444444445,0.18333333333333332,0.17777777777777778,0.2222222222222222
15,720,0.8798681512660771,-0.3737453205499646,-0.31184785227593526,593,0.00015713866394738337,0.09909513592720032,10737,0.20237993399302165,0.20833333333333334,0.2013888888888889,0.21805555555555556,0.2013888888888889,0.17083333333333334
16,720,0.8718613510895558,-0.16631344886217597,-0.15321922988203762,591,0.00014558684692929092,0.09687349200248718,11457,0.21287648677825927,0.1875,0.20833333333333334,0.19583333333333333,0.2013888888888889,0.20694444444444443
17,720,0.8639274127946408,-0.22740996821526752,-0.20340586293902974,573,0.00012007707116734107,0.09204941987991333,12177,0.227237335840861,0.17916666666666667,0.19722222222222222,0.2111111111111111,0.20694444444444443,0.20555555555555555
18,720,0.8560656733382096,-0.0651549253765615,-0.06307770090711795,577,0.0001672387605746432,0.08949059993028641,12897,0.23937970002492268,0.18472222222222223,0.19305555555555556,0.19027777777777777,0.19722222222222222,0.23472222222222222
19,720,0.8482754757108318,-0.3742953480833708,-0.312226250830005,584,0.00013583488976109948,0.08556590974330902,13617,0.24952308734258016,0.20555555555555555,0.20416666666666666,0.20416666666666666,0.2013888888888889,0.18472222222222223
20,720,0.8405561688818632,0.09500624021869708,0.09966571725926032,571,0.00013691195725995284,0.081353560090065,14337,0.2610839525858561,0.19027777777777777,0.20694444444444443,0.21944444444444444,0.20277777777777778,0.18055555555555555
21,720,0.8329071077450383,0.010517193891732625,0.010572693973136094,577,0.00011765045367913747,0.07980252057313919,15057,0.2829007824261983,0.18888888888888888,0.225,0.18194444444444444,0.20833333333333334,0.19583333333333333
22,720,0.8253276530645585,-0.0657044435941726,-0.06359241534352178,577,0.00011748952888410714,0.08103145658969879,15777,0.2942283193270365,0.19166666666666668,0.20972222222222223,0.20416666666666666,0.2013888888888889,0.19305555555555556
23,720,0.817817171421671,-0.17923798461026003,-0.16409305726431633,577,0.00012195087170362563,0.07913251221179962,16497,0.3059408982594808,0.18333333333333332,0.19722222222222222,0.1736111111111111,0.20833333333333334,0.2375
24,720,0.8103750351617338,-0.12037893632219168,-0.11341558598158219,577,0.00014583219468072964,0.07612971216440201,17217,0.31748228470484413,0.19444444444444445,0.20555555555555555,0.19305555555555556,0.19722222222222222,0.20972222222222223
25,720,0.8030006223417621,0.06214375261121903,0.06411530308714553,573,0.00011041907046597367,0.07252749800682068,17937,0.32868438164393105,0.2,0.19444444444444445,0.21388888888888888,0.19722222222222222,0.19444444444444445
26,720,0.795693316678452,0.001787911931659139,0.0017895111991719226,565,0.00010730596697814892,0.06883183866739273,18657,0.34000396728515625,0.19444444444444445,0.20277777777777778,0.22083333333333333,0.18888888888888888,0.19305555555555556
27,720,0.7884525074966781,-0.06868374603296087,-0.06637810497769203,573,8.209905586479889e-05,0.06522294133901596,19377,0.35218616724014284,0.22083333333333333,0.16666666666666666,0.20833333333333334,0.18333333333333332,0.22083333333333333
28,720,0.7812775896784583,0.08473253830736877,0.08842591552657075,577,7.955667332832187e-05,0.0630514845252037,20097,0.36380195220311484,0.2388888888888889,0.1875,0.17916666666666667,0.18472222222222223,0.20972222222222223
29,720,0.7741679636123843,-0.29199350710235716,-0.2532266153192344,596,7.9614533979111e-05,0.06310415267944336,20817,0.3754487196604411,0.19305555555555556,0.19583333333333333,0.19722222222222222,0.20416666666666666,0.20972222222222223
30,720,0.7671230351435115,-0.10113734153006948,-0.09619110613503667,564,8.941088451845442e-05,0.05959944427013397,21537,0.38624273538589476,0.2111111111111111,0.2013888888888889,0.20277777777777778,0.19305555555555556,0.19166666666666668
31,720,0.7601422155237056,-0.2168291346803072,-0.19493248432784582,556,7.680924966280145e-05,0.06043311953544617,22257,0.40754546721776325,0.19166666666666668,0.19444444444444445,0.17083333333333334,0.23055555555555557,0.2125
32,720,0.7532249213624399,-0.30078757654858307,-0.2597650006797769,574,7.48065747605627e-05,0.05832567438483238,22977,0.4190925161043803,0.19027777777777777,0.18611111111111112,0.18055555555555555,0.19583333333333333,0.24722222222222223
33,720,0.7463705745780417,-0.08423205956978194,-0.08078208197208292,589,6.991099997877528e-05,0.05428697541356087,23697,0.4315783858299255,0.20555555555555555,0.18472222222222223,0.20277777777777778,0.20277777777777778,0.20416666666666666
34,720,0.7395786023493816,-0.24670112816740108,-0.21862581062710562,594,6.389886593499088e-05,0.05353264510631561,24417,0.4437465985616048,0.18055555555555555,0.225,0.16805555555555557,0.18888888888888888,0.2375
35,720,0.7328484370680022,-0.22789842954499637,-0.2037948733544641,569,9.841480084307679e-05,0.05868944525718689,25137,0.4556867003440857,0.2125,0.21388888888888888,0.19722222222222222,0.20833333333333334,0.16805555555555557
36,720,0.7261795162906833,0.2698380798512458,0.30975235826600556,573,7.918424340813443e-05,0.05389562249183655,25857,0.46820303599039714,0.2152777777777778,0.18333333333333332,0.2013888888888889,0.2,0.2
37,720,0.7195712826924381,-0.004256771553828592,-0.004247724343650061,572,7.266944851380686e-05,0.05357597768306732,26577,0.4825019836425781,0.20833333333333334,0.17916666666666667,0.20555555555555555,0.1763888888888889,0.23055555555555557
38,720,0.7130231840199369,-0.3873192794609441,-0.32112569030270555,571,7.942594217335379e-05,0.053456127643585205,27297,0.4948821504910787,0.21388888888888888,0.18333333333333332,0.2,0.18888888888888888,0.21388888888888888
39,720,0.7065346730453554,0.022195677237625094,0.022443833882282993,567,7.028291773975878e-05,0.05174842104315758,28017,0.5061362028121948,0.20555555555555555,0.2,0.21388888888888888,0.18055555555555555,0.2
40,720,0.7001052075206428,0.0752832129995085,0.07818946492053547,583,6.81637487862948e-05,0.05067041516304016,28737,0.5169168988863627,0.17916666666666667,0.1763888888888889,0.20833333333333334,0.19583333333333333,0.24027777777777778
41,720,0.6937342501322049,3.611577416345662e-05,3.611642634626655e-05,570,6.200838482376033e-05,0.04931388422846794,29457,0.5393776694933573,0.2263888888888889,0.18472222222222223,0.20416666666666666,0.1736111111111111,0.2111111111111111
42,720,0.6874212684560018,0.05243566868472194,0.053834765321292055,569,6.495950458429434e-05,0.047536760568618774,30177,0.5534594813982646,0.2125,0.19305555555555556,0.1597222222222222,0.22083333333333333,0.21388888888888888
43,720,0.6811657349130522,-0.03766574351289663,-0.03696521227639027,550,5.8258769601909284e-05,0.04486355930566788,30897,0.5678116997083028,0.20277777777777778,0.21388888888888888,0.17222222222222222,0.2125,0.1986111111111111
44,720,0.6749671267253434,-0.10616999032350014,-0.10072823241649387,557,5.472592665430259e-05,0.045913029462099075,31617,0.5796802838643392,0.19722222222222222,0.17916666666666667,0.17777777777777778,0.1986111111111111,0.24722222222222223
45,720,0.6688249258721428,-0.03444273239828762,-0.03385633316704184,569,6.320429237752655e-05,0.043102651834487915,32337,0.5908875981966655,0.19027777777777777,0.2,0.19027777777777777,0.1875,0.23194444444444445
46,720,0.6627386190467063,0.14646141322319667,0.15773025687753206,561,5.7882000224809516e-05,0.042488470673561096,33057,0.6019926150639852,0.23472222222222222,0.18055555555555555,0.23472222222222222,0.15694444444444444,0.19305555555555556
47,720,0.6567076976133812,0.013430930464919597,0.01352153057168759,554,5.453923850180015e-05,0.04190018028020859,33777,0.6123554468154907,0.18333333333333332,0.18194444444444444,0.23472222222222222,0.16527777777777777,0.23472222222222222
48,720,0.6507316575650994,-0.05889513823782999,-0.05719437176669895,570,5.282238678571755e-05,0.0404943972826004,34497,0.6238872488339742,0.18055555555555555,0.2,0.20972222222222223,0.20694444444444443,0.20277777777777778
49,720,0.6448099994812571,-0.07725097512543994,-0.07434249255788428,551,6.164112847323445e-05,0.04131371155381203,35217,0.6365237514177958,0.2111111111111111,0.19166666666666668,0.1986111111111111,0.1986111111111111,0.2
50,720,0.6389422284859776,0.05307887296896263,0.05451281439588995,550,5.150709119132241e-05,0.037490054965019226,35937,0.6480676333109537,0.19722222222222222,0.19444444444444445,0.21944444444444444,0.1875,0.2013888888888889
51,720,0.6331278542067552,0.2819470440485173,0.32570851397214473,555,5.070599773186283e-05,0.03565633296966553,36657,0.6722925662994385,0.20972222222222223,0.19444444444444445,0.1736111111111111,0.20972222222222223,0.2125
52,720,0.6273663907334738,-0.026580087663679433,-0.026229946256013714,560,5.047880617894407e-05,0.0363711379468441,37377,0.6885063529014588,0.20972222222222223,0.1986111111111111,0.19583333333333333,0.18333333333333332,0.2125
53,720,0.6216573565777992,0.057107274391434586,0.05876938314491187,563,5.34475563224785e-05,0.03709296137094498,38097,0.7028165856997172,0.21805555555555556,0.18472222222222223,0.1625,0.2,0.23472222222222222
54,720,0.6160002746329413,-0.005145706156734401,-0.0051324896898758965,549,4.585446678725526e-05,0.03562002629041672,38817,0.7144954522450765,0.21388888888888888,0.19583333333333333,0.18194444444444444,0.16527777777777777,0.24305555555555555
55,720,0.6103946721337815,0.12874026590684687,0.13739466562503067,571,4.615411016225658e-05,0.03424079343676567,39537,0.7260711669921875,0.21666666666666667,0.2125,0.18194444444444444,0.18611111111111112,0.20277777777777778
56,720,0.604840080617364,0.00854000486199418,0.008576574731674391,566,4.6151643927158955e-05,0.03181656822562218,40257,0.7380648334821065,0.20972222222222223,0.21666666666666667,0.1875,0.18888888888888888,0.19722222222222222
57,720,0.5993360358837461,0.1064977267915574,0.11237539778166461,563,4.8483799992027345e-05,0.032313890755176544,40977,0.7500424345334371,0.2111111111111111,0.18611111111111112,0.18472222222222223,0.19444444444444445,0.22361111111111112
58,720,0.5938820779572039,-0.11447690286914622,-0.10816746304695346,574,4.0598141026748635e-05,0.031339049339294434,41697,0.7623658855756124,0.19583333333333333,0.2125,0.19027777777777777,0.1875,0.21388888888888888
59,720,0.5884777510477934,-0.1576167317572454,-0.14582290180505797,540,4.675029320348282e-05,0.030769381672143936,42417,0.7736689329147339,0.175,0.1763888888888889,0.2111111111111111,0.16805555555555557,0.26944444444444443
60,720,0.5831226035132585,0.40416204801527345,0.4980466827819092,537,4.7413616683419e-05,0.030348677188158035,43137,0.7863298654556274,0.2152777777777778,0.15555555555555556,0.18194444444444444,0.18888888888888888,0.25833333333333336
61,720,0.5778161878212879,-0.27228699481328783,-0.23836435575912407,535,4.147163984069064e-05,0.03124668076634407,43857,0.8087166508038839,0.18888888888888888,0.18611111111111112,0.17777777777777778,0.19583333333333333,0.2513888888888889
62,720,0.5725580605121141,-0.12304014539092739,-0.11577183583704254,544,4.186936546249045e-05,0.0290847048163414,44577,0.8203077356020609,0.23472222222222222,0.175,0.1736111111111111,0.18055555555555555,0.2361111111111111
63,720,0.5673477821614539,0.05263133531245219,0.05404098579058525,545,4.287657991805342e-05,0.029382457956671715,45297,0.8349751989046733,0.20694444444444443,0.18194444444444444,0.18194444444444444,0.18333333333333332,0.24583333333333332
64,720,0.5621849173437846,-0.23408545577352358,-0.20870580765107793,548,3.8947877211133646e-05,0.029070138931274414,46017,0.8481118837992351,0.2388888888888889,0.175,0.18611111111111112,0.18611111111111112,0.21388888888888888
65,720,0.5570690345959561,0.16132838049621825,0.17507077578910635,555,5.3221307508819235e-05,0.030182747170329094,46737,0.8619829495747884,0.20555555555555555,0.20972222222222223,0.17777777777777778,0.18611111111111112,0.22083333333333333
66,720,0.5519997063811329,-0.2430511343998128,-0.2157685884562799,531,5.6992672234122845e-05,0.03010946325957775,47457,0.8758852203687032,0.1986111111111111,0.19444444444444445,0.19166666666666668,0.2111111111111111,0.20416666666666666
67,720,0.5469765090530646,-0.1251465707513349,-0.11763243617059949,534,5.2343255197229156e-05,0.030152779072523117,48177,0.8868999520937602,0.23194444444444445,0.1736111111111111,0.1763888888888889,0.19027777777777777,0.22777777777777777
68,720,0.5419990228206817,0.4253934121739271,0.5301922975408795,560,5.371388555835842e-05,0.031159844249486923,48897,0.898745083808899,0.2708333333333333,0.16527777777777777,0.18888888888888888,0.15694444444444444,0.21805555555555556
69,720,0.5370668317130135,0.0012654169680359094,0.0012662179459090872,535,5.4157127230306894e-05,0.030073899775743484,49617,0.9107380509376526,0.1486111111111111,0.1736111111111111,0.20694444444444443,0.22083333333333333,0.25
70,720,0.5321795235444251,-0.1389696279230867,-0.1297455405077549,545,4.4986301312140616e-05,0.029185205698013306,50337,0.922671381632487,0.18472222222222223,0.20972222222222223,0.15555555555555556,0.2,0.25
71,720,0.5273366898801708,0.007306089379345595,0.007332843967803315,533,4.176537622697651e-05,0.028868509456515312,51057,0.9450326045354207,0.2111111111111111,0.16111111111111112,0.1736111111111111,0.19722222222222222,0.2569444444444444
72,720,0.5225379260022612,-0.1259393283654492,-0.11833166258011996,536,3.993215631478759e-05,0.029586855322122574,51777,0.9586142977078755,0.28194444444444444,0.14444444444444443,0.17777777777777778,0.16805555555555557,0.22777777777777777
73,720,0.5177828308756407,0.003197191241901854,0.0032023077091423158,549,4.5650858141420437e-05,0.030073024332523346,52497,0.9697322487831116,0.275,0.18333333333333332,0.16666666666666666,0.15,0.225
74,720,0.5130710071146724,-0.14397152970211852,-0.1340875995077463,535,4.583076155060755e-05,0.029150264337658882,53217,0.9821171522140503,0.2111111111111111,0.16805555555555557,0.17777777777777778,0.20555555555555555,0.2375
75,720,0.5084020609499288,0.21445534613640085,0.23918678526133896,566,5.1674778592314394e-05,0.028606927022337914,53937,0.995890720685323,0.20555555555555555,0.2125,0.1527777777777778,0.18472222222222223,0.24444444444444444
76,720,0.5037756021952844,-0.021792757322632784,-0.021557010814441058,552,6.004161984189219e-05,0.029616571962833405,54657,1.00832656621933,0.2611111111111111,0.17222222222222222,0.15,0.1597222222222222,0.2569444444444444
77,720,0.4991912442153073,0.1609086243404198,0.1745776361039182,534,4.8277707671533995e-05,0.02791224978864193,55377,1.0206803838411966,0.16944444444444445,0.18611111111111112,0.17777777777777778,0.17916666666666667,0.2875
78,720,0.494648603892948,0.044415737847090554,0.04541688392173748,566,4.608219109816976e-05,0.028145115822553635,56097,1.0324169834454855,0.20972222222222223,0.19305555555555556,0.19444444444444445,0.15138888888888888,0.2513888888888889
79,720,0.4901473015975222,0.10129823560268437,0.10660662204790339,525,4.409985395770693e-05,0.02562066912651062,56817,1.0439298351605732,0.20555555555555555,0.16527777777777777,0.18888888888888888,0.16805555555555557,0.2722222222222222
80,720,0.4856869611529847,-0.029719846153375532,-0.029282554315492648,540,4.4285758537575424e-05,0.029892951250076294,57537,1.0557348012924195,0.20416666666666666,0.15694444444444444,0.17083333333333334,0.20277777777777778,0.2652777777777778
81,720,0.48126720980649257,-0.045162296249289136,-0.044157660382690755,533,4.767916256140678e-05,0.025486964732408524,58257,1.0771572470664978,0.24444444444444444,0.1625,0.15416666666666667,0.16805555555555557,0.2708333333333333
82,720,0.4768876781972535,0.00012103967905134627,0.00012104700464865559,530,4.4981126536135386e-05,0.025346461683511734,58977,1.0890583356221517,0.20833333333333334,0.1736111111111111,0.19166666666666668,0.1736111111111111,0.25277777777777777
83,720,0.47254800032565847,-0.00508732276715275,-0.0050744042568470205,529,4.616862864723872e-05,0.024661876261234283,59697,1.1002413670221964,0.2263888888888889,0.20277777777777778,0.16527777777777777,0.16944444444444445,0.2361111111111111
84,720,0.46824781352269496,0.11701103411419476,0.12413183342112188,514,4.1250826059998264e-05,0.023929458111524582,60417,1.1112996300061544,0.23333333333333334,0.19722222222222222,0.1486111111111111,0.1736111111111111,0.24722222222222223
85,720,0.46398675841963843,-0.02124339202751898,-0.021019340517757445,530,4.463918037092501e-05,0.02489783987402916,61137,1.1242799321810404,0.2777777777777778,0.19027777777777777,0.13055555555555556,0.1486111111111111,0.25277777777777777
86,720,0.45976447891801975,0.017971673713739714,0.0181341360223366,522,4.415664897376498e-05,0.022841801866889,61857,1.136845350265503,0.23333333333333334,0.20694444444444443,0.1625,0.16666666666666666,0.23055555555555557
87,720,0.4555806221598658,-0.0035242409649543557,-0.003518038116682498,518,4.004711411451151e-05,0.023405037820339203,62577,1.1493771036465963,0.18611111111111112,0.1527777777777778,0.15694444444444444,0.16805555555555557,0.33611111111111114
88,720,0.451434838498211,0.19948822197616767,0.22077783099592807,523,4.499756670636796e-05,0.024248963221907616,63297,1.1599567174911498,0.21388888888888888,0.16666666666666666,0.1361111111111111,0.1388888888888889,0.34444444444444444
89,720,0.44732678146787724,0.25329867533607786,0.28826799325496166,528,4.247379472922653e-05,0.024673758074641228,64017,1.1719172676404317,0.24444444444444444,0.15833333333333333,0.175,0.19166666666666668,0.23055555555555557
90,720,0.4432561077565196,-0.07115583639738367,-0.0686832522282973,502,4.106525107911491e-05,0.022904349491000175,64737,1.1837451020876566,0.1638888888888889,0.18194444444444444,0.20694444444444443,0.18611111111111112,0.2611111111111111
91,720,0.43922247717593527,-0.09223892490657912,-0.08811274906081779,533,4.196106866882272e-05,0.02297734096646309,65457,1.2052959322929382,0.20555555555555555,0.15833333333333333,0.15555555555555556,0.17222222222222222,0.30833333333333335
92,720,0.43522555263363427,0.09600502764514057,0.10076459823385209,522,4.024003094021585e-05,0.021735752001404762,66177,1.2162300864855449,0.20972222222222223,0.1361111111111111,0.19583333333333333,0.17777777777777778,0.28055555555555556
93,720,0.43126500010466823,0.12104186389611123,0.12867216199244358,512,4.1006394347833624e-05,0.020876605063676834,66897,1.2289299011230468,0.23194444444444445,0.1875,0.1736111111111111,0.15555555555555556,0.2513888888888889
94,720,0.42734048860371576,0.017855333083783204,0.018015692545597206,534,3.800366803261568e-05,0.02149292826652527,67617,1.2417217334111532,0.22083333333333333,0.1736111111111111,0.1388888888888889,0.2013888888888889,0.2652777777777778
95,720,0.42345169015742196,-0.1716984858298905,-0.15776691990351055,489,3.806585011337423e-05,0.023300854489207268,68337,1.253773315747579,0.2611111111111111,0.1638888888888889,0.14722222222222223,0.1375,0.2902777777777778
96,720,0.41959827977698944,-0.5013815806680408,-0.3943067327255989,524,3.958830390299934e-05,0.02129499800503254,69057,1.2662269473075867,0.2152777777777778,0.1625,0.19027777777777777,0.1763888888888889,0.25555555555555554
97,720,0.4157799354310188,0.2399205578779403,0.2711481636025901,527,4.452621929860672e-05,0.0211905799806118,69777,1.2781229496002198,0.24305555555555555,0.15138888888888888,0.19166666666666668,0.16111111111111112,0.25277777777777777
98,720,0.41199633801859653,0.38082905603843153,0.46349740798080297,533,4.4319565901989535e-05,0.021634912118315697,70497,1.2923418005307516,0.1763888888888889,0.20694444444444443,0.17777777777777778,0.16944444444444445,0.26944444444444443
99,720,0.4082471713426273,0.034762230808425,0.03537349961032166,517,4.02967802289014e-05,0.02081623300909996,71217,1.3042950669924418,0.23472222222222222,0.16111111111111112,0.15694444444444444,0.16805555555555557,0.2791666666666667
100,720,0.4045321220834094,-0.19604273995594682,-0.17802289733773446,517,4.5479118577734176e-05,0.02131250873208046,71937,1.3163116852442422,0.2361111111111111,0.15833333333333333,0.16527777777777777,0.16527777777777777,0.275
101,720,0.4008508797724504,-0.2523194877817757,-0.2230035424649054,508,4.333560554338571e-05,0.0220688134431839,72657,1.3391960342725118,0.30694444444444446,0.1361111111111111,0.1736111111111111,0.12777777777777777,0.25555555555555554
102,720,0.3972031367665211,-0.09159258199260249,-0.08752316668215399,500,4.024131224519402e-05,0.022286925464868546,73377,1.3516086339950562,0.2708333333333333,0.1597222222222222,0.16527777777777777,0.1486111111111111,0.25555555555555554
103,720,0.39358858822194576,0.26410627378570395,0.30226658574724174,529,3.892117898658398e-05,0.02061453089118004,74097,1.3662579854329426,0.23055555555555557,0.16944444444444445,0.14722222222222223,0.15,0.30277777777777776
104,720,0.39000693206912607,0.18153863805493523,0.19906086519426647,524,4.713008108991643e-05,0.02074422687292099,74817,1.3796947320302329,0.2125,0.1986111111111111,0.14722222222222223,0.14583333333333334,0.29583333333333334
105,720,0.386457868987297,-0.003903708335211379,-0.0038960987708887007,541,5.178260504155534e-05,0.02090149000287056,75537,1.3933597207069397,0.23333333333333334,0.16527777777777777,0.175,0.1486111111111111,0.2777777777777778
106,720,0.3829411023795126,0.5315966906900782,0.7016471448188641,531,4.6864036058498944e-05,0.021812185645103455,76257,1.4065118670463561,0.21388888888888888,0.17916666666666667,0.1527777777777778,0.18333333333333332,0.2708333333333333
107,720,0.3794563383478591,0.05707866987615441,0.058739097993063316,525,5.765253674907298e-05,0.022269893437623978,76977,1.42167063554128,0.24305555555555555,0.1625,0.16111111111111112,0.14444444444444443,0.28888888888888886
108,720,0.37600328566889357,0.02329277923393689,0.02356617460210031,523,4.284020210055435e-05,0.021383721381425858,77697,1.433777634302775,0.23055555555555557,0.18472222222222223,0.15416666666666667,0.15555555555555556,0.275
109,720,0.37258165576930663,-0.2382669775986569,-0.21200771328007773,537,4.3064925115585435e-05,0.019992230460047722,78417,1.4462297836939493,0.19027777777777777,0.2013888888888889,0.16111111111111112,0.16944444444444445,0.2777777777777778
110,720,0.36919116270180596,0.4880160519927493,0.6290809997590978,557,4.0327859494482254e-05,0.020163841545581818,79137,1.458617385228475,0.22777777777777777,0.1597222222222222,0.175,0.1875,0.25
111,720,0.3658315231212195,0.04143031352053354,0.0423005250664652,515,3.977212450586699e-05,0.019839465618133545,79857,1.4823488354682923,0.1763888888888889,0.16111111111111112,0.16111111111111112,0.15555555555555556,0.3458333333333333
112,720,0.36250245626081645,0.60346059228315,0.8284353338198052,503,4.1474917917285994e-05,0.019494544714689255,80577,1.4951529026031494,0.31805555555555554,0.16111111111111112,0.1486111111111111,0.1375,0.23472222222222222
113,720,0.359203683908843,0.14662082875625168,0.15791483177522636,538,4.016191280824286e-05,0.020323337987065315,81297,1.5069218476613362,0.23055555555555557,0.2125,0.16805555555555557,0.14722222222222223,0.24166666666666667
114,720,0.3559349303852725,-0.17270638467688032,-0.1586153780020364,524,4.483671246286273e-05,0.02024223282933235,82017,1.5198445995648702,0.21388888888888888,0.2013888888888889,0.14444444444444443,0.1375,0.30277777777777776
115,720,0.3526959225187665,-0.04656721439648401,-0.04549959775466683,494,4.103822859380873e-05,0.020060591399669647,82737,1.532192866007487,0.23055555555555557,0.1875,0.1763888888888889,0.14027777777777778,0.2652777777777778
116,720,0.34948638962384576,-0.04981130134020138,-0.048591062845355304,516,4.1866583142614724e-05,0.018705839291214943,83457,1.54487593571345,0.225,0.16111111111111112,0.15,0.15833333333333333,0.3055555555555556
117,720,0.34630606347826876,-0.0810476466350191,-0.07785024693486153,534,4.0722436129827755e-05,0.017350610345602036,84177,1.557685947418213,0.22361111111111112,0.18194444444444444,0.15833333333333333,0.19027777777777777,0.24583333333333332
118,720,0.3431546783006165,-0.021280385892916965,-0.021055556126620134,508,4.234789905568606e-05,0.01774393953382969,84897,1.5706940015157065,0.19166666666666668,0.18055555555555555,0.13194444444444445,0.1625,0.3333333333333333
119,720,0.3400319707280809,0.19984964145979994,0.22121912363031404,509,4.2188932234744745e-05,0.018248043954372406,85617,1.582860819498698,0.2125,0.18472222222222223,0.14444444444444443,0.15138888888888888,0.30694444444444446
120,720,0.3369376797944554,-0.02617695802682625,-0.025837311551840658,522,4.0468733311627146e-05,0.017275240272283554,86337,1.5954018195470174,0.175,0.18333333333333332,0.15833333333333333,0.1486111111111111,0.3347222222222222
121,720,0.3338715469083258,-0.044826341501684935,-0.04383648666383877,507,4.093352179602839e-05,0.017990536987781525,87057,1.6191346367200217,0.18055555555555555,0.18333333333333332,0.15416666666666667,0.1736111111111111,0.30833333333333335
122,720,0.3308333158314601,-0.0022517091688408534,-0.002249175973447204,515,4.447587731546163e-05,0.01870499551296234,87777,1.6314715027809144,0.18888888888888888,0.15138888888888888,0.14444444444444443,0.1875,0.3277777777777778
123,720,0.3278227326573938,-0.031679514026130035,-0.031182975402066382,498,4.251110652199309e-05,0.018937647342681885,88497,1.6434768517812093,0.3277777777777778,0.16111111111111112,0.16666666666666666,0.13194444444444445,0.2125
124,720,0.3248395457902115,-0.2363680920590494,-0.21050998456383851,531,4.123849716077328e-05,0.0182088240981102,89217,1.6555381337801616,0.2833333333333333,0.17916666666666667,0.13194444444444445,0.14305555555555555,0.2625
125,720,0.3218835059235206,0.2660106680708053,0.3047489777671606,509,4.171897806549572e-05,0.017879830673336983,89937,1.66925448179245,0.2791666666666667,0.17083333333333334,0.17222222222222222,0.14027777777777778,0.2375
126,720,0.3189543660196166,-0.03141508066995836,-0.03092675398948641,498,4.136875380203896e-05,0.016733933240175247,90657,1.6812732696533204,0.17916666666666667,0.21388888888888888,0.15,0.17916666666666667,0.2777777777777778
127,720,0.31605188128883804,0.07292544231711505,0.07565033592829962,496,4.119016576472253e-05,0.016927696764469147,91377,1.6939884344736735,0.25833333333333336,0.20972222222222223,0.12638888888888888,0.15,0.25555555555555554
128,720,0.31317580916910964,-0.09062798372154378,-0.086642568462873,491,4.489693704070103e-05,0.017986726015806198,92097,1.7071151653925578,0.26666666666666666,0.14583333333333334,0.10833333333333334,0.19166666666666668,0.2875
129,720,0.3103259093056707,-0.026251836430354288,-0.02591025256784385,540,4.393751868545021e-05,0.01741463504731655,92817,1.7195926149686178,0.24861111111111112,0.1986111111111111,0.15833333333333333,0.14166666666666666,0.25277777777777777
130,720,0.30750194353098914,0.29763153378973983,0.3466654957200288,511,4.3692642344063235e-05,0.016809236258268356,93537,1.7320491472880046,0.22777777777777777,0.16805555555555557,0.2013888888888889,0.13472222222222222,0.26805555555555555
131,720,0.30470367584485714,0.13448778056647545,0.14395068048769377,534,4.06871930396038e-05,0.01768183894455433,94257,1.7627806981404623,0.21666666666666667,0.16944444444444445,0.17083333333333334,0.1638888888888889,0.2791666666666667
132,720,0.3019308723946689,0.05192118189503185,0.053292720705373275,479,4.100350127929333e-05,0.016797292977571487,94977,1.7790377020835877,0.23194444444444445,0.21944444444444444,0.1597222222222222,0.12083333333333333,0.26805555555555555
133,720,0.29918330145587746,0.12168525618762013,0.12939857462019466,503,4.350460248916635e-05,0.016854126006364822,95697,1.7931754827499389,0.29305555555555557,0.24027777777777778,0.12222222222222222,0.1,0.24444444444444444
134,720,0.29646073341262896,0.5078376880832195,0.6616942062573996,528,4.305875630102997e-05,0.016590416431427002,96417,1.8073268016179402,0.2625,0.17777777777777778,0.1638888888888889,0.17916666666666667,0.21666666666666667
135,720,0.29376294073857406,0.23480196755530647,0.2646583005583376,514,3.988599531541897e-05,0.0168672613799572,97137,1.8221708337465923,0.2152777777777778,0.18888888888888888,0.19027777777777777,0.13333333333333333,0.2722222222222222
136,720,0.29108969797785306,-0.08241910988553489,-0.07911407458797226,491,4.390332700141799e-05,0.018186405301094055,97857,1.835043199857076,0.25416666666666665,0.1527777777777778,0.1597222222222222,0.14583333333333334,0.2875
137,720,0.2884407817262546,-0.007441438796149754,-0.0074138198411867196,490,4.417421492285535e-05,0.01765603944659233,98577,1.8492584506670633,0.2361111111111111,0.1486111111111111,0.1361111111111111,0.1625,0.31666666666666665
138,720,0.28581597061254566,-0.3244434899107139,-0.27707044069046527,518,4.2594739340984233e-05,0.017401177436113358,99297,1.8624391158421834,0.19583333333333333,0.16944444444444445,0.16805555555555557,0.175,0.2916666666666667
139,720,0.2832150452799715,0.22689858581126746,0.2547026168398665,530,4.032401023121363e-05,0.0160182137042284,100017,1.8769070347150167,0.18333333333333332,0.1527777777777778,0.20833333333333334,0.1638888888888889,0.2916666666666667
140,720,0.28063778836792375,0.17311490211110067,0.18900271615762176,558,4.164978400290743e-05,0.016768978908658028,100737,1.8902582009633382,0.1875,0.1875,0.15833333333333333,0.20277777777777778,0.2638888888888889
141,720,0.27808398449377564,0.07594844514339259,0.07890694983035318,517,3.695271944934575e-05,0.017644377425312996,101457,1.9144823988278707,0.18888888888888888,0.17083333333333334,0.14583333333333334,0.17083333333333334,0.3236111111111111
142,720,0.2755534202348823,0.06261311813678304,0.0646148793584076,550,3.9205873928141146e-05,0.016663456335663795,102177,1.926414636770884,0.20972222222222223,0.20694444444444443,0.16805555555555557,0.1527777777777778,0.2625
143,720,0.2730458841107448,-0.011308207937787662,-0.011244510481854597,513,3.9492178542685804e-05,0.016250742599368095,102897,1.938431485493978,0.2902777777777778,0.16666666666666666,0.18611111111111112,0.10694444444444444,0.25
144,720,0.270561166565337,-0.026878755548844512,-0.02652073667156074,475,3.780620210894388e-05,0.01643618755042553,103617,1.9518624345461528,0.2222222222222222,0.1736111111111111,0.11944444444444445,0.18194444444444444,0.30277777777777776
145,720,0.26809905994959243,0.4461128000098171,0.5622276758925264,513,3.801733286713392e-05,0.016952574253082275,104337,1.9645767331123352,0.24722222222222223,0.1875,0.175,0.14444444444444443,0.24583333333333332
146,720,0.26565935850405115,0.038353285878372535,0.039098266784629576,529,4.00901513848516e-05,0.017147794365882874,105057,1.9782247185707091,0.18055555555555555,0.19583333333333333,0.16527777777777777,0.17777777777777778,0.28055555555555556
147,720,0.2632418583416643,-0.041358386282549335,-0.040514798012753706,511,3.8157166934777505e-05,0.017468417063355446,105777,1.9913468678792319,0.22361111111111112,0.20694444444444443,0.19305555555555556,0.18888888888888888,0.1875
148,720,0.2608463574307552,0.0666778492663589,0.06895105933219758,524,3.6678892668836247e-05,0.016570236533880234,106497,2.0035851200421653,0.23055555555555557,0.17777777777777778,0.16805555555555557,0.17083333333333334,0.25277777777777777
149,720,0.2584726555781353,-0.14081526346652337,-0.13135023177689076,519,4.142821588225666e-05,0.01725570298731327,107217,2.0159448663393658,0.26944444444444443,0.18333333333333332,0.13333333333333333,0.18611111111111112,0.22777777777777777
150,720,0.2561205544123743,-0.03847748999713559,-0.037746635177971055,534,4.342772775392708e-05,0.016350599005818367,107937,2.0291207869847616,0.2375,0.23055555555555557,0.1625,0.14722222222222223,0.2222222222222222
151,720,0.2537898573672217,0.2554554946466635,0.29104955312275305,514,3.820052217962358e-05,0.01734810136258602,108657,2.053111465771993,0.28194444444444444,0.1486111111111111,0.14444444444444443,0.17083333333333334,0.25416666666666665
152,720,0.25148036966518,0.534885585858307,0.7072528972044236,529,4.092111334885986e-05,0.017628975212574005,109377,2.065675981839498,0.22777777777777777,0.1638888888888889,0.15555555555555556,0.20416666666666666,0.24861111111111112
153,720,0.24919189830122687,0.23210525665368342,0.2612524770570732,519,3.9536464619989904e-05,0.017471006140112877,110097,2.0782840490341186,0.20972222222222223,0.18055555555555555,0.1388888888888889,0.1486111111111111,0.32222222222222224
154,720,0.24692425202668572,0.25369151208550605,0.2887741716820569,520,4.059153012702963e-05,0.017114071175456047,110817,2.0936283191045124,0.2263888888888889,0.22083333333333333,0.11527777777777778,0.1638888888888889,0.27361111111111114
155,720,0.24467724133324287,-0.060666168805894746,-0.058862631648373465,512,4.003661337163875e-05,0.017180323600769043,111537,2.1073444843292237,0.2111111111111111,0.17083333333333334,0.175,0.15138888888888888,0.2916666666666667
156,720,0.24245067843711035,0.23189119091416505,0.26098251500869685,487,3.767079090266634e-05,0.016866816207766533,112257,2.120227348804474,0.2125,0.17083333333333334,0.18472222222222223,0.15833333333333333,0.27361111111111114
157,720,0.24024437726333264,0.1472671369098449,0.15866344346302652,502,4.090571682758713e-05,0.01773758977651596,112977,2.133137035369873,0.24722222222222223,0.1763888888888889,0.175,0.1375,0.2638888888888889
158,720,0.2380581534302363,0.18757355644001042,0.2063189786872235,452,4.662867446414667e-05,0.016650468111038208,113697,2.1454288800557455,0.2,0.14027777777777778,0.18055555555555555,0.12777777777777777,0.35138888888888886
159,720,0.23589182423402116,0.08133928729485841,0.08473887225608712,485,4.630399889846457e-05,0.0171839389950037,114417,2.158273951212565,0.19305555555555556,0.2013888888888889,0.14722222222222223,0.18333333333333332,0.275
160,720,0.23374520863349157,0.46212165110199116,0.5874384051111539,524,4.035655754124592e-05,0.015124086290597916,115137,2.1709243496259054,0.25416666666666665,0.1763888888888889,0.18472222222222223,0.12638888888888888,0.25833333333333336
161,720,0.2316181272349268,0.07995590636149859,0.08323930265967672,482,4.3135855206502226e-05,0.017807111144065857,115857,2.195669051011403,0.23055555555555557,0.20416666666666666,0.18333333333333332,0.12638888888888888,0.25555555555555554
162,720,0.22951040227708897,0.3595552809639976,0.4326921274021891,485,4.014118854469315e-05,0.016799526289105415,116577,2.2097169677416484,0.17777777777777778,0.15138888888888888,0.2361111111111111,0.1486111111111111,0.2861111111111111
163,720,0.22742185761636746,0.23547487951143123,0.2655095906387075,491,4.371227205789789e-05,0.01799480803310871,117297,2.2230400164922077,0.20416666666666666,0.15555555555555556,0.16527777777777777,0.18194444444444444,0.29305555555555557
164,720,0.22535231871205852,0.6083398232796751,0.8373784923013552,544,4.493378394146122e-05,0.017856717109680176,118017,2.2372010827064512,0.23333333333333334,0.1388888888888889,0.1736111111111111,0.175,0.2791666666666667
165,720,0.22330161261177878,0.19799783343653166,0.2189597528651117,531,4.7818119195300015e-05,0.01721888780593872,118737,2.2502891500790914,0.24305555555555555,0.20972222222222223,0.11666666666666667,0.1638888888888889,0.26666666666666666
166,720,0.22126956793701158,0.7589709913459908,1.136077047439373,514,4.577521930792096e-05,0.01805582456290722,119457,2.263959316412608,0.25,0.14444444444444443,0.16111111111111112,0.16111111111111112,0.2833333333333333
167,720,0.21925601486878477,0.3282372732331035,0.38851839145465705,538,4.560134027542517e-05,0.018480440601706505,120177,2.2764471689860026,0.25555555555555554,0.1527777777777778,0.16666666666666666,0.1486111111111111,0.2763888888888889
168,720,0.21726078513347882,-0.03833413567143895,-0.037608682107855285,532,4.459194379427976e-05,0.018930453807115555,120897,2.29005073706309,0.23333333333333334,0.17222222222222222,0.14305555555555555,0.19166666666666668,0.25972222222222224
169,720,0.21528371198876417,0.6083341708344415,0.8373681066494121,512,4.499266917087476e-05,0.017836518585681915,121617,2.3032801151275635,0.25,0.175,0.15833333333333333,0.15,0.26666666666666666
170,720,0.2133246302096664,0.08773968797115626,0.09170390137931306,489,4.56209386420091e-05,0.017884399741888046,122337,2.3160531004269918,0.23333333333333334,0.1763888888888889,0.175,0.16111111111111112,0.25416666666666665
171,720,0.21138337607475843,0.48619812884391084,0.6261221459975528,511,4.2941353840180654e-05,0.017378177493810654,123057,2.3414059480031333,0.2222222222222222,0.16944444444444445,0.16111111111111112,0.16111111111111112,0.2861111111111111
172,720,0.20945978735247814,0.1328065208630335,0.1420290181652346,483,4.304964185166682e-05,0.018295705318450928,123777,2.3563844839731853,0.2361111111111111,0.1638888888888889,0.175,0.12777777777777777,0.2972222222222222
173,720,0.20755370328757058,-0.23748302077840225,-0.21138971914388371,475,4.5634523334885875e-05,0.01790415309369564,124497,2.3704845825831096,0.3138888888888889,0.15833333333333333,0.175,0.11666666666666667,0.2361111111111111
174,720,0.20566496458765368,0.24375438988723117,0.27603088590866376,544,4.2319024785481616e-05,0.019376814365386963,125217,2.384113399187724,0.225,0.16527777777777777,0.18333333333333332,0.15138888888888888,0.275
175,720,0.20379341340990603,0.3935328813990704,0.48220802000424245,501,4.2576851074550685e-05,0.01743924804031849,125937,2.3968759179115295,0.22083333333333333,0.175,0.19027777777777777,0.12916666666666668,0.2847222222222222
176,720,0.20193889334787588,-0.23970242945889586,-0.21313802682447525,467,4.2675056859782975e-05,0.017930198460817337,126657,2.410652200380961,0.19583333333333333,0.19583333333333333,0.13055555555555556,0.19027777777777777,0.2875
177,720,0.2001012494184102,0.19922468438328475,0.22045615253394946,509,4.584919751854007e-05,0.018343456089496613,127377,2.4242371320724487,0.2361111111111111,0.14722222222222223,0.18888888888888888,0.1527777777777778,0.275
178,720,0.19828032804870266,0.26936590055763443,0.3091340663064952,500,4.6188828754465145e-05,0.018198516219854355,128097,2.4381624857584634,0.29583333333333334,0.1361111111111111,0.1527777777777778,0.15,0.2652777777777778
179,720,0.19647597706345946,0.6911458281458221,0.9960012979124948,494,5.00835121935476e-05,0.018661189824342728,128817,2.4519521315892536,0.25555555555555554,0.16111111111111112,0.15555555555555556,0.19444444444444445,0.23333333333333334
180,720,0.19468804567218198,0.16630155081092465,0.18092915818131639,483,4.695746979576951e-05,0.01851937733590603,129537,2.465009303887685,0.2513888888888889,0.15416666666666667,0.15694444444444444,0.14722222222222223,0.2902777777777778
181,720,0.19291638445656512,-0.1357358116410717,-0.1269267421856799,502,4.382370817539696e-05,0.01800965517759323,130257,2.4928067525227866,0.23194444444444445,0.14444444444444443,0.2125,0.14027777777777778,0.2708333333333333
182,720,0.19116084535801037,0.567828720472731,0.7644318145785995,482,4.594104395512962e-05,0.019287416711449623,130977,2.5069919149080913,0.3125,0.14166666666666666,0.1527777777777778,0.13472222222222222,0.25833333333333336
183,720,0.18942128166525246,0.17528026875704295,0.1915801324997306,503,4.66656077694299e-05,0.01860749162733555,131697,2.520651419957479,0.23194444444444445,0.13055555555555556,0.16666666666666666,0.20416666666666666,0.26666666666666666
184,720,0.18769754800209867,0.6640792711108402,0.9427009966990765,508,4.351588034094473e-05,0.01823784038424492,132417,2.5344143152236938,0.3,0.1388888888888889,0.16944444444444445,0.14305555555555555,0.24861111111111112
185,720,0.18598950031527958,-0.07171627307461743,-0.0692050500608914,503,4.4159884243476375e-05,0.019286613911390305,133137,2.548538668950399,0.28888888888888886,0.14583333333333334,0.16527777777777777,0.1486111111111111,0.2513888888888889
186,720,0.18429699586241055,0.2864486768718021,0.33168981965296607,499,4.590045362849398e-05,0.018138866871595383,133857,2.5604927500089008,0.275,0.125,0.19444444444444445,0.14305555555555555,0.2625
187,720,0.1826198932000626,0.09766801215769016,0.10259667564863983,485,4.512733653048902e-05,0.01852748915553093,134577,2.575009834766388,0.28055555555555556,0.175,0.2152777777777778,0.10138888888888889,0.22777777777777777
188,720,0.18095805217194205,0.7387184377841443,1.093251163181121,506,4.3814783449154975e-05,0.01902218535542488,135297,2.589715365568797,0.25,0.17777777777777778,0.17083333333333334,0.14583333333333334,0.25555555555555554
189,720,0.17931133389717738,0.15720221142141713,0.17023222429890938,463,4.6852060029323185e-05,0.018583960831165314,136017,2.603430783748627,0.30972222222222223,0.12638888888888888,0.1625,0.12083333333333333,0.28055555555555556
190,720,0.17767960075871306,0.031629117895795186,0.03213463404455985,502,4.5126132771302864e-05,0.017284899950027466,136737,2.6151349504788715,0.2263888888888889,0.13055555555555556,0.15833333333333333,0.18611111111111112,0.2986111111111111
191,720,0.17606271639180876,0.38374578788440067,0.467772268757801,504,4.57935283899739e-05,0.01781894825398922,137457,2.6403956174850465,0.2972222222222222,0.1375,0.15694444444444444,0.14722222222222223,0.2611111111111111
192,720,0.1744605456726433,0.031285230793101276,0.0317797572779388,473,4.608886088767071e-05,0.017594946548342705,138177,2.6544002016385395,0.2222222222222222,0.17222222222222222,0.14444444444444443,0.16111111111111112,0.3
193,720,0.17287295470702224,0.2861541888340909,0.3312977106696793,500,4.085684607465131e-05,0.017527397722005844,138897,2.669338353474935,0.26805555555555555,0.1388888888888889,0.21944444444444444,0.13194444444444445,0.24166666666666667
194,720,0.17129981081918835,0.29371920927904993,0.3414071960877707,506,4.5793339307288585e-05,0.017786171287298203,139617,2.688062882423401,0.25972222222222224,0.14027777777777778,0.17083333333333334,0.17083333333333334,0.25833333333333336
195,720,0.16974098254073375,0.18121070478606713,0.1986677177117635,504,4.6589169782388734e-05,0.01800854131579399,140337,2.70736509958903,0.2222222222222222,0.14722222222222223,0.16944444444444445,0.19166666666666668,0.26944444444444443
196,720,0.16819633959961308,0.08049369844306828,0.08382201685458823,482,4.460046889865528e-05,0.01820584014058113,141057,2.7218494017918906,0.3,0.1625,0.14027777777777778,0.09166666666666666,0.3055555555555556
197,720,0.16666575290925661,0.24747045738423454,0.2807815241883551,506,4.35915002425544e-05,0.017534419894218445,141777,2.7349223017692568,0.22361111111111112,0.175,0.16111111111111112,0.14305555555555555,0.2972222222222222
198,720,0.16514909455778237,0.13610073811507598,0.14579731324277945,523,4.715933235451707e-05,0.01777084358036518,142497,2.748543135325114,0.20277777777777778,0.1597222222222222,0.2,0.16944444444444445,0.26805555555555555
199,720,0.16364623779730655,0.5170957437531809,0.677149697230564,482,5.1471198772408874e-05,0.01859244704246521,143217,2.764248033364614,0.25416666666666665,0.12361111111111112,0.19722222222222222,0.1388888888888889,0.2861111111111111
200,720,0.16215705703335107,0.37391398891326183,0.45341213552333826,486,5.164152188273066e-05,0.018837736919522285,143937,2.777800965309143,0.28194444444444444,0.14444444444444443,0.14444444444444443,0.1763888888888889,0.25277777777777777
201,720,0.16068142781434758,0.17950184057927396,0.19662110654146048,509,4.600881402186335e-05,0.01830514892935753,144657,2.8055561542510987,0.3055555555555556,0.12222222222222222,0.16666666666666666,0.1375,0.26805555555555555
202,720,0.15921922682123701,-0.0364073970169847,-0.03575261805397667,488,4.688866966438986e-05,0.01873074471950531,145377,2.8203819473584493,0.2722222222222222,0.15138888888888888,0.1361111111111111,0.19166666666666668,0.24861111111111112
203,720,0.15777033185716377,0.43926364994880573,0.5515643033159681,527,4.582966658972509e-05,0.017379313707351685,146097,2.8338669657707216,0.2569444444444444,0.15694444444444444,0.16111111111111112,0.17777777777777778,0.24722222222222223
204,720,0.15633462183726357,-0.19711006859922284,-0.17889974901582706,506,4.189764327849035e-05,0.017337486147880554,146817,2.8481041828791303,0.28194444444444444,0.16805555555555557,0.16805555555555557,0.15,0.23194444444444445
205,720,0.15491197677854449,0.2707925456039446,0.3110030688217327,502,4.470758767006878e-05,0.018705595284700394,147537,2.8619454503059387,0.2763888888888889,0.13472222222222222,0.18472222222222223,0.1486111111111111,0.25555555555555554
206,720,0.15350227778985973,0.2052286051143133,0.22780571554883378,501,4.723923098279354e-05,0.019179463386535645,148257,2.8766746322313943,0.2847222222222222,0.1486111111111111,0.1388888888888889,0.1361111111111111,0.2916666666666667
207,720,0.152105407061972,0.05348330766744488,0.054939382221625754,495,5.11278936604261e-05,0.01885306090116501,148977,2.890869116783142,0.20555555555555555,0.12361111111111112,0.19722222222222222,0.25,0.22361111111111112
208,720,0.15072124785770807,0.42662622566812647,0.532079902547395,504,5.024143723630914e-05,0.020124366506934166,149697,2.9046879331270854,0.24583333333333332,0.14722222222222223,0.16111111111111112,0.16527777777777777,0.28055555555555556
209,720,0.14934968450220293,0.3202981201854664,0.3775383751231094,510,4.8690123119538635e-05,0.018717104569077492,150417,2.919128183523814,0.2708333333333333,0.2263888888888889,0.1527777777777778,0.14305555555555555,0.20694444444444443
210,720,0.1479906023732329,0.13990326367318073,0.15016253097699828,496,4.7284144943660064e-05,0.01868700236082077,151137,2.933153835932414,0.2777777777777778,0.13055555555555556,0.1736111111111111,0.1597222222222222,0.25833333333333336
211,720,0.14664388789163646,0.14972946182997357,0.16151996473239683,468,4.697147654850495e-05,0.018677471205592155,151857,2.957502015431722,0.2777777777777778,0.10833333333333334,0.13055555555555556,0.20694444444444443,0.2763888888888889
212,720,0.14530942851182257,0.5796099389834557,0.7853419026372503,512,4.644248107802519e-05,0.018667133525013924,152577,2.9739320317904157,0.2638888888888889,0.15555555555555556,0.15555555555555556,0.175,0.25
213,720,0.143987112712365,1.2573441932231064,2.516071071033324,525,4.799712613198103e-05,0.01891045644879341,153297,2.988006766637166,0.3736111111111111,0.13472222222222222,0.125,0.1111111111111111,0.25555555555555554
214,720,0.1426768299866825,0.2692970217159185,0.30904389777374575,483,4.6511434344312066e-05,0.018447108566761017,154017,3.002935703595479,0.20416666666666666,0.14166666666666666,0.2,0.18611111111111112,0.26805555555555555
215,720,0.14137847083380367,0.9767989015928339,1.655940692125462,499,4.609771923848409e-05,0.01867453008890152,154737,3.0179662505785623,0.26805555555555555,0.18333333333333332,0.14583333333333334,0.12083333333333333,0.28194444444444444
216,720,0.14009192674921606,0.021235576390476248,0.021462655781542272,463,4.370363669055324e-05,0.018419161438941956,155457,3.0320499340693154,0.19583333333333333,0.11805555555555555,0.16666666666666666,0.2125,0.30694444444444446
217,720,0.1388170902157982,-0.04640405106353339,-0.04534384558155746,492,4.580177352914284e-05,0.018763449043035507,156177,3.048204700152079,0.2013888888888889,0.20277777777777778,0.1638888888888889,0.175,0.2569444444444444
218,720,0.13755385469483442,1.0304476615405882,1.8023200448558105,517,4.7163611924992844e-05,0.01818406581878662,156897,3.0621088186899823,0.26805555555555555,0.14166666666666666,0.16805555555555557,0.14722222222222223,0.275
219,720,0.13630211461711142,0.9591178156345667,1.609393491603647,515,5.279044702951473e-05,0.02031695656478405,157617,3.077818214893341,0.31805555555555554,0.13472222222222222,0.14583333333333334,0.1375,0.2638888888888889
220,720,0.1350617653740957,-0.19948785424528118,-0.1808498300504544,499,4.8919655180018004e-05,0.01943456381559372,158337,3.0906564195950827,0.21944444444444444,0.12916666666666668,0.15694444444444444,0.18611111111111112,0.30833333333333335
221,720,0.13383270330919142,0.8934975728774348,1.4436616065813475,518,5.03915028123932e-05,0.019725443795323372,159057,3.1166852990786236,0.20555555555555555,0.16111111111111112,0.17916666666666667,0.16666666666666666,0.2875
222,720,0.1326148257090778,0.13633530392914409,0.14606610964631006,438,5.157554260222241e-05,0.019509751349687576,159777,3.1294736504554748,0.2638888888888889,0.13055555555555556,0.14305555555555555,0.16805555555555557,0.29444444444444445
223,720,0.13140803079512517,0.0899223206150574,0.09408929222091822,466,5.363629446845961e-05,0.01895543746650219,160497,3.1422857006390887,0.2902777777777778,0.16666666666666666,0.14027777777777778,0.1125,0.2902777777777778
224,720,0.13021221771488953,0.12624097791452873,0.13455553817115518,515,5.0891941063784744e-05,0.01792556792497635,161217,3.1560452302296955,0.2513888888888889,0.14166666666666666,0.15555555555555556,0.19305555555555556,0.25833333333333336
225,720,0.12902728653368403,0.007483510692497499,0.007511582139273054,502,4.9750935705914244e-05,0.018869180232286453,161937,3.171309169133504,0.3111111111111111,0.11944444444444445,0.15416666666666667,0.14583333333333334,0.26944444444444443
226,720,0.12785313822622751,0.16828893636626274,0.18327845343663762,509,5.142191081025279e-05,0.01861422136425972,162657,3.1856253306070963,0.24444444444444444,0.1375,0.19305555555555556,0.15416666666666667,0.2708333333333333
227,720,0.12668967466836883,0.23383246810539113,0.2634328091842104,460,5.0358364702181765e-05,0.019113952293992043,163377,3.198164180914561,0.18888888888888888,0.1625,0.18611111111111112,0.2,0.2625
228,720,0.12553679862888667,-0.057259633338634014,-0.05565114691082251,466,4.8193157930301016e-05,0.019726671278476715,164097,3.2129812677701315,0.18333333333333332,0.1527777777777778,0.12638888888888888,0.2361111111111111,0.3013888888888889
229,720,0.1243944137613638,-0.1763775983571082,-0.16169861765790694,472,4.960714233245906e-05,0.018682822585105896,164817,3.226231133937836,0.16666666666666666,0.20555555555555555,0.12777777777777777,0.23472222222222222,0.2652777777777778
230,720,0.12326242459613539,0.3850547038472083,0.46969471719739686,517,4.902398529414616e-05,0.019068457186222076,165537,3.2407368143399555,0.20277777777777778,0.14305555555555555,0.16111111111111112,0.1986111111111111,0.29444444444444445
231,720,0.12214073653231056,0.11764985299166963,0.1248501794791641,508,4.723897665396887e-05,0.019233059138059616,166257,3.2728767514228823,0.26666666666666666,0.20555555555555555,0.14444444444444443,0.14027777777777778,0.24305555555555555
232,720,0.12102925582986652,1.3852661689100347,2.995889344794535,522,4.9589987838771776e-05,0.019015688449144363,166977,3.28711173137029,0.2638888888888889,0.1486111111111111,0.13194444444444445,0.15694444444444444,0.2986111111111111
233,720,0.11992788960181475,0.43690585330002146,0.5479103395457627,499,4.950030978913371e-05,0.017887765541672707,167697,3.3027231335639953,0.275,0.18055555555555555,0.1388888888888889,0.15694444444444444,0.24861111111111112
234,720,0.11883654580643824,0.5241179081653731,0.6889683659000192,513,4.8832273777558535e-05,0.01862424798309803,168417,3.31713631550471,0.24444444444444444,0.14305555555555555,0.15555555555555556,0.1763888888888889,0.28055555555555556
235,720,0.11775513323959964,0.14202360651369703,0.15260385717459357,452,4.843455650795174e-05,0.01895083487033844,169137,3.3349435170491537,0.2222222222222222,0.1486111111111111,0.175,0.18611111111111112,0.26805555555555555
236,720,0.11668356152711928,0.37600677829681395,0.45645700603550976,520,4.528526922437474e-05,0.01866348646581173,169857,3.3502373178799947,0.22916666666666666,0.1986111111111111,0.12638888888888888,0.16944444444444445,0.2763888888888889
237,720,0.1156217411172225,0.23349640975787705,0.26300829337719844,474,4.672288019820472e-05,0.018990058451890945,170577,3.364509467283885,0.26666666666666666,0.17916666666666667,0.11388888888888889,0.17777777777777778,0.2625
238,720,0.11456958327305578,0.6262655782961666,0.8706118657731883,482,4.707738483426106e-05,0.018824268132448196,171297,3.378323233127594,0.3402777777777778,0.14583333333333334,0.14166666666666666,0.12222222222222222,0.25
239,720,0.11352700006527097,0.8199991861741369,1.270497989741675,488,4.832385072227731e-05,0.018895577639341354,172017,3.3919742862383524,0.24027777777777778,0.15416666666666667,0.1625,0.17916666666666667,0.2638888888888889
240,720,0.112493904364677,0.14608876196233941,0.15729890761398568,481,4.828101683895309e-05,0.018672950565814972,172737,3.4057939012845355,0.2652777777777778,0.16666666666666666,0.12083333333333333,0.18194444444444444,0.2652777777777778
241,720,0.11147020983495844,0.9230702704410969,1.5170064291508982,495,4.903493074582204e-05,0.01861214078962803,173457,3.430590283870697,0.3138888888888889,0.18472222222222223,0.12638888888888888,0.1486111111111111,0.2263888888888889
242,720,0.11045583092546031,0.039640536594874785,0.04043670804297772,458,4.474992035865297e-05,0.019072934985160828,174177,3.444369165102641,0.19444444444444445,0.16527777777777777,0.17916666666666667,0.22777777777777777,0.23333333333333334
243,720,0.10945068286403863,-0.10521084111466036,-0.0998652828295361,497,4.8788642597072695e-05,0.018971018493175507,174897,3.457153300444285,0.21666666666666667,0.13333333333333333,0.19305555555555556,0.16944444444444445,0.2875
244,720,0.10845468164997588,0.11372682753589507,0.12044600807779182,507,4.819819518186503e-05,0.018451876938343048,175617,3.4722797989845278,0.2638888888888889,0.175,0.15694444444444444,0.1361111111111111,0.26805555555555555
245,720,0.10746774404696109,0.11093585368156987,0.1173232323838036,474,5.423280546842256e-05,0.018747501075267792,176337,3.490211848417918,0.2847222222222222,0.1625,0.15833333333333333,0.15,0.24444444444444444
246,720,0.10648978757613374,-0.013034838920627886,-0.012950253326515115,515,4.9803506340140305e-05,0.018119215965270996,177057,3.5049529830614725,0.2652777777777778,0.17777777777777778,0.13194444444444445,0.16666666666666666,0.25833333333333336
247,720,0.10552073050919092,0.4332132076135468,0.5422049954974335,491,5.325156526067884e-05,0.018323980271816254,177777,3.5191101988156634,0.19444444444444445,0.16805555555555557,0.19027777777777777,0.2125,0.23472222222222222
248,720,0.10456049186155728,0.3126101144492046,0.36698845806773495,527,5.0968813995192855e-05,0.018106263130903244,178497,3.5334974845250446,0.20694444444444443,0.2263888888888889,0.13472222222222222,0.15416666666666667,0.2777777777777778
249,720,0.1036089913856171,-0.022292894052111177,-0.0220462437391582,476,4.842523652920742e-05,0.01784704253077507,179217,3.547296667098999,0.25555555555555554,0.15138888888888888,0.13055555555555556,0.16944444444444445,0.29305555555555557
250,720,0.10266614956400799,-0.026212654346964,-0.02587208495438842,466,5.045845084118304e-05,0.018433406949043274,179937,3.5608317653338113,0.22916666666666666,0.15555555555555556,0.16805555555555557,0.12222222222222222,0.325
251,720,0.10173188760297552,0.33471978346989667,0.39754871409735393,486,5.1229671823370556e-05,0.018870359286665916,180657,3.5877616008122764,0.2388888888888889,0.17916666666666667,0.15416666666666667,0.17777777777777778,0.25
252,720,0.10080612742578844,0.1344001664647133,0.1438504586668481,462,5.065983203975419e-05,0.017582764849066734,181377,3.6020238995552063,0.30833333333333335,0.19444444444444445,0.10972222222222222,0.11527777777777778,0.2722222222222222
253,720,0.09988879166621377,0.15850676017895116,0.1717598455046676,478,4.885781654593302e-05,0.017022261396050453,182097,3.618203902244568,0.2569444444444444,0.19027777777777777,0.12222222222222222,0.18055555555555555,0.25
254,720,0.09897980366205122,0.12835488060081554,0.13695641488686516,491,4.718128560120426e-05,0.017803829163312912,182817,3.632184334595998,0.24861111111111112,0.20694444444444443,0.13194444444444445,0.1763888888888889,0.2361111111111111
255,720,0.09807908744872657,0.8435617955719004,1.324632113046869,500,4.7439758797433264e-05,0.018921252340078354,183537,3.646588067213694,0.20833333333333334,0.1486111111111111,0.20555555555555555,0.1763888888888889,0.2611111111111111
256,720,0.09718656775294315,0.0067196962709883245,0.006742324085595497,489,4.844581877073829e-05,0.01784255914390087,184257,3.6616992990175885,0.19305555555555556,0.16111111111111112,0.15138888888888888,0.22916666666666666,0.2652777777777778
257,720,0.09630216998639138,0.11019882582623931,0.11650003743419668,445,4.7342964458291844e-05,0.01651063561439514,184977,3.6769567489624024,0.21944444444444444,0.17777777777777778,0.1486111111111111,0.1763888888888889,0.2777777777777778
258,720,0.09542582023951522,0.32128541209301514,0.37889907920874655,466,4.6065844274936455e-05,0.017402775585651398,185697,3.69122306505839,0.2569444444444444,0.14166666666666666,0.1,0.20277777777777778,0.2986111111111111
259,720,0.09455744527533563,1.1322117467220305,2.102510885529413,529,4.546645956224893e-05,0.017374608665704727,186417,3.70556325117747,0.24722222222222223,0.1527777777777778,0.14027777777777778,0.17222222222222222,0.2875
260,720,0.09369697252333008,-0.11760104658494354,-0.1109493283267059,435,4.38237659889435e-05,0.017494220286607742,187137,3.7205906828244526,0.3194444444444444,0.18194444444444444,0.12638888888888888,0.17222222222222222,0.2
261,720,0.09284433007336777,0.7634534449943531,1.145673405340779,490,4.8064382777586916e-05,0.01784098893404007,187857,3.744802300135295,0.27361111111111114,0.1375,0.18888888888888888,0.14027777777777778,0.25972222222222224
262,720,0.09199944666970013,1.2861694208360734,2.618897497816553,460,4.5751221954206916e-05,0.01730952039361,188577,3.7583363175392153,0.32083333333333336,0.10138888888888889,0.14444444444444443,0.12638888888888888,0.30694444444444446
263,720,0.09116225170500586,0.23957320871987603,0.2707067080322376,465,4.9662371841602885e-05,0.01780562475323677,189297,3.7706788023312887,0.2708333333333333,0.09027777777777778,0.13333333333333333,0.23194444444444445,0.27361111111111114
264,720,0.0903326752144903,-0.11255091900105291,-0.106448152817328,451,5.0727510189416434e-05,0.018846420571208,190017,3.783216631412506,0.2611111111111111,0.11944444444444445,0.12916666666666668,0.2513888888888889,0.2388888888888889
265,720,0.08951064787003844,0.4549090928867641,0.5760301041744109,493,4.9891357965255643e-05,0.018944429233670235,190737,3.797423199812571,0.23194444444444445,0.13472222222222222,0.14027777777777778,0.18888888888888888,0.30416666666666664
266,720,0.0886961009744211,0.1331138518963377,0.14238005306264268,471,4.9814170434577436e-05,0.018815064802765846,191457,3.8109405835469565,0.20694444444444443,0.16944444444444445,0.19166666666666668,0.17083333333333334,0.2611111111111111
267,720,0.08788896645555387,0.3290076852516974,0.38958853488422096,497,4.696413492789968e-05,0.0189670380204916,192177,3.8258352994918825,0.25555555555555554,0.16111111111111112,0.13055555555555556,0.16527777777777777,0.2875
268,720,0.08708917686080833,0.2945501271442095,0.3425222584899352,447,4.9781053629279386e-05,0.01860416680574417,192897,3.8406389355659485,0.2763888888888889,0.14305555555555555,0.16666666666666666,0.15416666666666667,0.25972222222222224
269,720,0.08629666535137498,0.6032841508957183,0.8281127506120269,503,4.7542091335294064e-05,0.017892923206090927,193617,3.854939067363739,0.3013888888888889,0.15,0.125,0.19166666666666668,0.23194444444444445
270,720,0.08551136569667747,-0.05752214043014094,-0.05589901264693553,449,4.1719878181033384e-05,0.017804447561502457,194337,3.868992551167806,0.2222222222222222,0.19722222222222222,0.10416666666666667,0.2152777777777778,0.2611111111111111
271,720,0.0847332122688377,0.1360249536693755,0.14571048291874655,471,4.593059504208618e-05,0.01797633245587349,195057,3.8930928707122803,0.25833333333333336,0.1486111111111111,0.11527777777777778,0.23194444444444445,0.24583333333333332
272,720,0.08396214003719128,0.45307788650806735,0.5731467086465185,495,5.203932606087215e-05,0.0184205062687397,195777,3.9076371868451436,0.2722222222222222,0.175,0.1375,0.12222222222222222,0.29305555555555557
273,720,0.08319808456285284,0.15639814028076818,0.16929165253347533,493,5.015554917235932e-05,0.019586678594350815,196497,3.924348163604736,0.20972222222222223,0.20416666666666666,0.16111111111111112,0.23333333333333334,0.19166666666666668
274,720,0.08244098199333087,0.3831809280448303,0.46694341726404187,472,5.062591862699467e-05,0.018583200871944427,197217,3.9392956495285034,0.3416666666666667,0.20277777777777778,0.11805555555555555,0.13472222222222222,0.20277777777777778
275,720,0.08169076905719157,0.7549061322018624,1.1274118185193829,493,4.579449036378315e-05,0.01803545467555523,197937,3.95330441792806,0.29583333333333334,0.1375,0.13333333333333333,0.13194444444444445,0.3013888888888889
276,720,0.08094738305877112,0.22009545511441928,0.2461956806613792,467,4.541225600102431e-05,0.01914171874523163,198657,3.9678983012835185,0.3277777777777778,0.18333333333333332,0.14166666666666666,0.12361111111111112,0.22361111111111112
277,720,0.08021076187293631,0.06545156857924936,0.06764102868947597,492,4.840385271715301e-05,0.018924713134765625,199377,3.9820470333099367,0.2513888888888889,0.18472222222222223,0.12777777777777777,0.1597222222222222,0.2763888888888889
278,720,0.07948084393989259,1.2531232496225415,2.5012612111267454,499,4.609434913744634e-05,0.0183497853577137,200097,3.9960004647572833,0.21944444444444444,0.1361111111111111,0.14722222222222223,0.14305555555555555,0.3541666666666667
279,720,0.07875756826003957,0.1936358956621826,0.21365430570088262,471,4.644087005848026e-05,0.018786339089274406,200817,4.010858416557312,0.30277777777777776,0.15694444444444444,0.1111111111111111,0.13194444444444445,0.2972222222222222
280,720,0.07804087438887321,0.8960984342148419,1.450025503795354,479,4.6773904000474434e-05,0.01854683645069599,201537,4.026780732472738,0.2638888888888889,0.13055555555555556,0.12361111111111112,0.18194444444444444,0.3
281,720,0.07733070243193446,0.2775440335652126,0.3198842370728048,460,4.6692110076188934e-05,0.01961730234324932,202257,4.054831469058991,0.34305555555555556,0.16111111111111112,0.12361111111111112,0.14722222222222223,0.225
282,720,0.07662699303980386,-0.1028467812053537,-0.09773479312127975,475,5.102556066402839e-05,0.02005908638238907,202977,4.068257915973663,0.33611111111111114,0.17222222222222222,0.13472222222222222,0.11666666666666667,0.24027777777777778
283,720,0.07592968740314164,0.1392413747101183,0.14940150297782084,433,4.934335552206903e-05,0.019942548125982285,203697,4.082502130667368,0.22777777777777777,0.1375,0.20416666666666666,0.2152777777777778,0.2152777777777778
284,720,0.07523872724777306,0.15557632258272808,0.1683311027117338,484,4.972623286852872e-05,0.019387174397706985,204417,4.0948302984237674,0.24722222222222223,0.19305555555555556,0.11388888888888889,0.23194444444444445,0.21388888888888888
285,720,0.07455405482981832,0.26221834965371565,0.2998103245806585,495,4.647966817148901e-05,0.019030384719371796,205137,4.1097815990447994,0.25972222222222224,0.18333333333333332,0.14027777777777778,0.16805555555555557,0.24861111111111112
286,720,0.07387561293086697,0.16132112268549456,0.17506224737877862,443,4.671826440395914e-05,0.019575636833906174,205857,4.124307401974996,0.3125,0.12916666666666668,0.15416666666666667,0.1625,0.24166666666666667
287,720,0.07320334485319609,1.1266687657719254,2.085361300614215,482,5.513918599717726e-05,0.019015103578567505,206577,4.138195665677388,0.29583333333333334,0.1111111111111111,0.16527777777777777,0.15138888888888888,0.2763888888888889
288,720,0.07253719441503201,0.05275128096238837,0.05416742100420824,457,5.054962592920573e-05,0.019624099135398865,207297,4.151609901587168,0.1986111111111111,0.10833333333333334,0.19027777777777777,0.18333333333333332,0.3194444444444444
289,720,0.07187710594585521,0.21555531661122657,0.24055060408062623,490,4.533389074670898e-05,0.019674209877848625,208017,4.1661852359771725,0.24861111111111112,0.19444444444444445,0.1375,0.18472222222222223,0.23472222222222222
290,720,0.07122302428174793,1.3775634345875625,2.965228309293373,470,4.7654507918398145e-05,0.018116319552063942,208737,4.179453118642171,0.28194444444444444,0.1597222222222222,0.11805555555555555,0.1486111111111111,0.2916666666666667
291,720,0.07057489476078402,0.16217081403842784,0.17606111191271823,438,4.5676815912227336e-05,0.017793186008930206,209457,4.206426465511322,0.3055555555555556,0.1527777777777778,0.1597222222222222,0.16111111111111112,0.22083333333333333
292,720,0.06993266321846088,0.11885477025136491,0.12620634774619055,424,4.319673339018158e-05,0.018442846834659576,210177,4.22024530172348,0.275,0.15833333333333333,0.1527777777777778,0.1527777777777778,0.2611111111111111
293,720,0.06929627598317288,-0.04608133585689184,-0.04503571380668392,450,4.721169449087231e-05,0.018192829564213753,210897,4.23452824751536,0.2263888888888889,0.2,0.15833333333333333,0.15833333333333333,0.2569444444444444
294,720,0.068665679871726,0.1605545324104753,0.174161801268105,465,4.8613689912397404e-05,0.01814158260822296,211617,4.248353966077169,0.3125,0.1527777777777778,0.12083333333333333,0.15,0.2638888888888889
295,720,0.0680408221848933,0.16643565466250532,0.18108753594916704,468,4.589716328003609e-05,0.01854979246854782,212337,4.262843767801921,0.24166666666666667,0.2111111111111111,0.1527777777777778,0.14027777777777778,0.25416666666666665
296,720,0.06742165070301076,0.14673025130076167,0.1580415406947242,474,4.3389804632928036e-05,0.01821947656571865,213057,4.27855296532313,0.2902777777777778,0.15555555555555556,0.1388888888888889,0.18472222222222223,0.23055555555555557
297,720,0.06680811368161337,0.314003032096574,0.36889388715954685,463,4.360520896524475e-05,0.018446335569024086,213777,4.293702367941538,0.23194444444444445,0.15833333333333333,0.19583333333333333,0.18194444444444444,0.23194444444444445
298,720,0.06620015984711068,0.24216823505659504,0.2740085076814447,453,4.4384631221166476e-05,0.017913393676280975,214497,4.309196519851684,0.2388888888888889,0.2013888888888889,0.18055555555555555,0.1597222222222222,0.21944444444444444
299,720,0.06559773839250198,0.1644250291328173,0.17871519693848836,434,4.657797541211848e-05,0.01809941604733467,215217,4.323828669389089,0.29305555555555557,0.12222222222222222,0.13055555555555556,0.16666666666666666,0.2875
300,720,0.06500079897313021,1.110988779434665,2.037360189425492,501,4.7619073629650505e-05,0.018092799931764603,215937,4.3361215154329935,0.25833333333333336,0.2263888888888889,0.10416666666666667,0.15694444444444444,0.25416666666666665
301,720,0.06440929170247472,1.410900518399028,3.0996455485462535,496,4.831835055306834e-05,0.018959984183311462,216657,4.363518953323364,0.3138888888888889,0.14027777777777778,0.14305555555555555,0.12638888888888888,0.2763888888888889
302,720,0.06382316714798221,0.5372134180965472,0.711231724762184,449,4.525559158865791e-05,0.018817733973264694,217377,4.3773835817972815,0.3,0.17222222222222222,0.15555555555555556,0.15138888888888888,0.22083333333333333
303,720,0.06324237632693558,0.034757177202327585,0.035368267253713226,443,4.568585577291944e-05,0.018325038254261017,218097,4.3915192008018495,0.26666666666666666,0.21388888888888888,0.12083333333333333,0.16527777777777777,0.23333333333333334
304,720,0.06266687070236046,0.476612655321577,0.6106094622098157,496,4.8388902865149754e-05,0.018676578998565674,218817,4.406814833482106,0.2625,0.15833333333333333,0.14444444444444443,0.15555555555555556,0.2791666666666667
305,720,0.06209660217896898,0.18415068590728711,0.2021969635884977,447,4.927878359366231e-05,0.018565939739346504,219537,4.421171617507935,0.24583333333333332,0.13333333333333333,0.2013888888888889,0.2,0.21944444444444444
306,720,0.06153152309914036,0.3881217259450176,0.47420922287756184,476,4.471932242798478e-05,0.01817123033106327,220257,4.4363929510116575,0.2111111111111111,0.22777777777777777,0.2125,0.15138888888888888,0.19722222222222222
307,720,0.06097158623893818,0.17479370789885756,0.19100049727320645,455,4.708088680697781e-05,0.018909625709056854,220977,4.449812932809194,0.2222222222222222,0.15138888888888888,0.15555555555555556,0.19166666666666668,0.2791666666666667
308,720,0.06041674480416385,0.2596770476108333,0.2965113076221877,501,4.5913386237670135e-05,0.01899520307779312,221697,4.4631882866223656,0.25972222222222224,0.1597222222222222,0.1638888888888889,0.1875,0.22916666666666666
309,720,0.059866952426445956,-0.05930741200342931,-0.05758298568011311,452,5.0505759675919154e-05,0.01941361278295517,222417,4.47984303633372,0.1986111111111111,0.18194444444444444,0.18055555555555555,0.15555555555555556,0.2833333333333333
310,720,0.059322163159365296,0.21844304616281154,0.24413815616731127,448,4.471830420698098e-05,0.01848524436354637,223137,4.495009497801463,0.29583333333333334,0.14583333333333334,0.1527777777777778,0.16805555555555557,0.2375
311,720,0.05878233147461507,0.1537923269333257,0.16624866319126164,477,4.436923521653726e-05,0.018014395609498024,223857,4.521922651926676,0.18333333333333332,0.13333333333333333,0.18055555555555555,0.21944444444444444,0.2833333333333333
312,720,0.058247412258196074,0.05343930203131138,0.054892959964458754,450,4.5666285433930573e-05,0.017716646194458008,224577,4.536907883485158,0.25416666666666665,0.175,0.16666666666666666,0.19583333333333333,0.20833333333333334
313,720,0.05771736080664649,0.2346468023692255,0.2644620848411181,446,4.700107622663078e-05,0.01808544620871544,225297,4.550637598832449,0.26805555555555555,0.16944444444444445,0.1875,0.21388888888888888,0.16111111111111112
314,720,0.057192132823306006,0.2883838639550167,0.334269383755343,448,4.509468398307743e-05,0.017640460282564163,226017,4.565622786680858,0.27361111111111114,0.2013888888888889,0.17083333333333334,0.15833333333333333,0.19583333333333333
315,720,0.05667168441461392,0.13426545059162803,0.14369637423267512,467,4.1579938526107677e-05,0.01771143451333046,226737,4.579202536741892,0.24583333333333332,0.1986111111111111,0.1736111111111111,0.15694444444444444,0.225
316,720,0.056155972086440936,0.31750544217521887,0.373696720743262,497,4.621019708742501e-05,0.018328076228499413,227457,4.59339671532313,0.24444444444444444,0.18055555555555555,0.14722222222222223,0.20277777777777778,0.225
317,720,0.05564495274045432,0.30839580276117584,0.3612396647433609,497,4.590046033349103e-05,0.018012207001447678,228177,4.608565100034078,0.25972222222222224,0.14027777777777778,0.20555555555555555,0.16111111111111112,0.23333333333333334
318,720,0.05513858367051619,0.49248661961890733,0.6363802202094941,508,4.7653019618741784e-05,0.018454425036907196,228897,4.622499918937683,0.2263888888888889,0.2,0.1625,0.1625,0.24861111111111112
319,720,0.05463682255911449,0.018307316915081945,0.018475923179206655,463,4.850858513868338e-05,0.018181847408413887,229617,4.636897854010264,0.2847222222222222,0.1875,0.15,0.1625,0.2152777777777778
320,720,0.05413962747382655,1.03780630519184,1.8230173782170325,499,4.3916370798847814e-05,0.01905536651611328,230337,4.651759334405264,0.29444444444444445,0.18194444444444444,0.14027777777777778,0.15694444444444444,0.2263888888888889
321,720,0.05364695686381473,-0.16338987381930095,-0.15073998038566505,484,4.0793278872620757e-05,0.018261363729834557,231057,4.678208613395691,0.2861111111111111,0.13333333333333333,0.20972222222222223,0.16527777777777777,0.20555555555555555
322,720,0.05315876955635402,0.3004038806121953,0.3504040994865858,465,4.293261581425314e-05,0.018529292196035385,231777,4.693580532073975,0.2652777777777778,0.1875,0.15138888888888888,0.19722222222222222,0.1986111111111111
323,720,0.0526750247533912,0.33406409615926197,0.3966326594950331,507,4.550997162292939e-05,0.01882762834429741,232497,4.708901417255402,0.1736111111111111,0.1986111111111111,0.16111111111111112,0.2111111111111111,0.25555555555555554
324,720,0.052195682028135335,0.13167710297794444,0.1407399182700939,446,4.974697272043866e-05,0.018656965345144272,233217,4.722920568784078,0.21805555555555556,0.13055555555555556,0.22361111111111112,0.16527777777777777,0.2625
325,720,0.0517207013216793,0.3320204274035925,0.3937813195552533,475,4.4369914826347666e-05,0.017461782321333885,233937,4.736139953136444,0.2652777777777778,0.1875,0.20416666666666666,0.15,0.19305555555555556
326,720,0.05125004293965202,1.3505746881335232,2.8596429844865763,505,4.568042748158202e-05,0.017441075295209885,234657,4.751646550496419,0.25972222222222224,0.2152777777777778,0.14305555555555555,0.13472222222222222,0.24722222222222223
327,720,0.050783667548901186,0.4631502989303644,0.5890721603145583,461,4.5798574893120126e-05,0.017766868695616722,235377,4.766474397977193,0.2263888888888889,0.17916666666666667,0.21805555555555556,0.16805555555555557,0.20833333333333334
328,720,0.050321536174206184,0.6191725923785946,0.8573905867556155,464,4.208522119850184e-05,0.017556842416524887,236097,4.7808966477712,0.25,0.24861111111111112,0.16111111111111112,0.12777777777777777,0.2125
329,720,0.049863610195020905,0.05164756268114844,0.053004559004231844,472,4.571352813450681e-05,0.017331060022115707,236817,4.795418083667755,0.25,0.175,0.16111111111111112,0.20555555555555555,0.20833333333333334
330,720,0.049409851342246215,0.6019271993060704,0.8256337724161156,476,4.857166199675097e-05,0.0175123680382967,237537,4.810551285743713,0.31805555555555554,0.18611111111111112,0.10416666666666667,0.12638888888888888,0.2652777777777778
331,720,0.04896022169503177,0.6915281601888157,0.9967645790706692,505,4.601969629144757e-05,0.01742057502269745,238257,4.836501983801524,0.23333333333333334,0.20277777777777778,0.16666666666666666,0.14166666666666666,0.25555555555555554
332,720,0.04851468367760699,0.06764790720547892,0.06998850690460334,412,4.687570795264643e-05,0.017574891448020935,238977,4.85156831741333,0.25555555555555554,0.1736111111111111,0.25277777777777777,0.14722222222222223,0.17083333333333334
333,720,0.04807320005614076,0.6745490207918841,0.9631474376283291,487,4.736554413966587e-05,0.018060188740491867,239697,4.866964932282766,0.31527777777777777,0.2125,0.12361111111111112,0.13194444444444445,0.21666666666666667
334,720,0.04763573393562988,0.0896732730672072,0.09381684589301376,432,4.59416606632759e-05,0.017885521054267883,240417,4.88168568611145,0.24305555555555555,0.22361111111111112,0.2263888888888889,0.16111111111111112,0.14583333333333334
335,720,0.04720224875681565,0.6987224708016285,1.0111817221924375,510,4.50676943968473e-05,0.018494902178645134,241137,4.896694334348043,0.25416666666666665,0.2111111111111111,0.14583333333333334,0.15833333333333333,0.23055555555555557
336,720,0.04677270829312862,0.6752616001291744,0.9645468344598538,515,4.3201096445955045e-05,0.0167800672352314,241857,4.910620582103729,0.28055555555555556,0.20555555555555555,0.17083333333333334,0.1527777777777778,0.19027777777777777
337,720,0.046347076647661155,0.287649864867921,0.33329039057973153,470,4.664553220866057e-05,0.017263583838939667,242577,4.92476521730423,0.21944444444444444,0.23055555555555557,0.16111111111111112,0.1597222222222222,0.22916666666666666
338,720,0.045925318250167435,0.12714145790421688,0.1355776428538087,467,4.6350362708835746e-05,0.017883501946926117,243297,4.938242737452189,0.2513888888888889,0.19583333333333333,0.175,0.15416666666666667,0.22361111111111112
339,720,0.045507397854090914,0.5318752339067166,0.7021211931065745,498,4.4658205067409856e-05,0.01693807728588581,244017,4.95284913778305,0.22083333333333333,0.21805555555555556,0.16111111111111112,0.14583333333333334,0.25416666666666665
340,720,0.04509328053361869,0.3470958221649095,0.4149523026675541,487,4.208435386014268e-05,0.016498154029250145,244737,4.967088886102041,0.2902777777777778,0.24861111111111112,0.18055555555555555,0.13194444444444445,0.1486111111111111
341,720,0.04468293168076276,0.3629808995470086,0.43760840000730505,466,4.390533362589445e-05,0.018023494631052017,245457,4.992540983359019,0.2763888888888889,0.21666666666666667,0.11666666666666667,0.14166666666666666,0.24861111111111112
342,720,0.04427631700246782,0.8290865731475926,1.2912249177681216,478,4.2832225468221925e-05,0.017402833327651024,246177,5.00610833565394,0.25277777777777777,0.17222222222222222,0.20833333333333334,0.13055555555555556,0.2361111111111111
343,720,0.043873402517745366,0.7984054103395503,1.2219949318951135,485,4.624183576677549e-05,0.017638273537158966,246897,5.0197932322820025,0.24166666666666667,0.22083333333333333,0.14027777777777778,0.16111111111111112,0.2361111111111111
344,720,0.04347415455483388,-0.15605367982664126,-0.14448673466536643,459,4.4539396621227446e-05,0.017923686653375626,247617,5.034260733922323,0.24027777777777778,0.20833333333333334,0.19166666666666668,0.15138888888888888,0.20833333333333334
345,720,0.043078539748384895,1.513562148520246,3.542884435468234,502,4.9363308074943135e-05,0.018618375062942505,248337,5.049811367193858,0.28888888888888886,0.15138888888888888,0.16111111111111112,0.12638888888888888,0.2722222222222222
346,720,0.04268652503667459,0.4120169380527051,0.5098600102005857,464,4.692922557675653e-05,0.01813856139779091,249057,5.064993917942047,0.21944444444444444,0.14722222222222223,0.24166666666666667,0.16111111111111112,0.23055555555555557
347,720,0.04229807765884085,0.9480364979324252,1.5806375941883632,502,5.133671184012201e-05,0.018140682950615883,249777,5.077787701288859,0.2569444444444444,0.18611111111111112,0.19027777777777777,0.17777777777777778,0.18888888888888888
348,720,0.0419131651521454,0.7043284384655929,1.0224880036073345,471,5.172474577900882e-05,0.018952496349811554,250497,5.093260784943898,0.2361111111111111,0.1486111111111111,0.15833333333333333,0.21666666666666667,0.24027777777777778
349,720,0.04153175534926088,0.7998357684366109,1.2251754544384066,481,5.149694615435389e-05,0.019330352544784546,251217,5.108317983150482,0.2263888888888889,0.14305555555555555,0.16944444444444445,0.17916666666666667,0.28194444444444444
350,720,0.04115381637558261,0.056035030919398314,0.057634733004757965,486,5.029170236841512e-05,0.01948639750480652,251937,5.123601619402567,0.2638888888888889,0.21666666666666667,0.17777777777777778,0.14583333333333334,0.19583333333333333
351,720,0.040779316646564805,-0.07482787321300592,-0.07209681042178173,427,5.1580333299878274e-05,0.018723081797361374,252657,5.148919320106506,0.18055555555555555,0.1527777777777778,0.26944444444444443,0.19305555555555556,0.20416666666666666
352,720,0.04040822486508106,0.9242281202129417,1.5199224322916431,493,5.0022137765558404e-05,0.019277647137641907,253377,5.163277451197306,0.23472222222222222,0.1486111111111111,0.17777777777777778,0.1736111111111111,0.2652777777777778
353,720,0.040040510018808824,-0.06443415714112434,-0.062402153647604486,416,4.903632197081404e-05,0.018805978819727898,254097,5.176899552345276,0.3013888888888889,0.18888888888888888,0.23055555555555557,0.14305555555555555,0.1361111111111111
354,720,0.03967614137763766,0.7468503997015726,1.1103428020144128,450,4.7221414491913395e-05,0.018971271812915802,254817,5.190424716472625,0.23055555555555557,0.1388888888888889,0.18194444444444444,0.2111111111111111,0.2375
355,720,0.03931508849110116,-0.08445354703165822,-0.08098565467042307,435,4.742095398518763e-05,0.018725696951150894,255537,5.20411715110143,0.14166666666666666,0.14027777777777778,0.2152777777777778,0.2902777777777778,0.2125
356,720,0.03895732118583214,0.2463508438035154,0.2793483462523916,438,4.6600789090057837e-05,0.01889207772910595,256257,5.220260731379191,0.2375,0.18055555555555555,0.2,0.1875,0.19444444444444445
357,720,0.03860280956304107,0.6470372944373213,0.9098740441967659,489,4.607312462086257e-05,0.01783604919910431,256977,5.233663316567739,0.19305555555555556,0.1763888888888889,0.18888888888888888,0.225,0.21666666666666667
358,720,0.038251523996017396,0.9810901159293479,1.6673623918541627,488,4.465719766812981e-05,0.01740262843668461,257697,5.248037600517273,0.21944444444444444,0.15416666666666667,0.20555555555555555,0.1986111111111111,0.2222222222222222
359,720,0.03790343512765364,0.20861359641145175,0.23196886935506855,443,4.940189204868754e-05,0.016980338841676712,258417,5.2602431337038675,0.3013888888888889,0.2222222222222222,0.19166666666666668,0.10833333333333334,0.1763888888888889
360,720,0.037558513867991986,0.2766406509367602,0.3186924149982011,460,4.621119833372076e-05,0.01872236095368862,259137,5.273619600137075,0.2263888888888889,0.18472222222222223,0.23472222222222222,0.14305555555555555,0.2111111111111111
361,720,0.03721673139179326,0.7583662556309513,1.1347856758673176,473,4.4422463228481014e-05,0.0184036735445261,259857,5.300330118338267,0.24722222222222223,0.19305555555555556,0.2013888888888889,0.1597222222222222,0.1986111111111111
362,720,0.03687805913612794,0.2525743968798158,0.28733526631934136,451,4.740410535456855e-05,0.019485395401716232,260577,5.31413273413976,0.2125,0.18611111111111112,0.23333333333333334,0.1361111111111111,0.23194444444444445
363,720,0.036542468797989176,1.1421520818548547,2.1335046725917666,474,4.642808727339798e-05,0.01849731057882309,261297,5.329129453500112,0.23194444444444445,0.2013888888888889,0.18888888888888888,0.13472222222222222,0.24305555555555555
364,720,0.03620993233192747,0.5109270706034611,0.6668357533056228,510,5.1609464250961736e-05,0.018919825553894043,262017,5.342701482772827,0.27361111111111114,0.18333333333333332,0.1763888888888889,0.13194444444444445,0.23472222222222222
365,720,0.03588042194770693,0.013919877491860314,0.014017210081436193,466,4.949683079126367e-05,0.01839100569486618,262737,5.3587774674097695,0.24166666666666667,0.16666666666666666,0.1736111111111111,0.1986111111111111,0.21944444444444444
366,720,0.0355539101079828,0.6755993580547607,0.9652104877941574,470,4.515096507020644e-05,0.018532954156398773,263457,5.373910435040792,0.2611111111111111,0.2013888888888889,0.15416666666666667,0.16527777777777777,0.21805555555555556
367,720,0.03523036952600015,-0.06980767724324481,-0.0674268422994081,465,4.8382731482534936e-05,0.01907646283507347,264177,5.3887449661890665,0.2569444444444444,0.15833333333333333,0.20833333333333334,0.14166666666666666,0.23472222222222222
368,720,0.03490977316331355,0.4103536836362223,0.5073508161628386,423,4.741528742644934e-05,0.017986895516514778,264897,5.402308468023936,0.2388888888888889,0.1875,0.21388888888888888,0.11666666666666667,0.24305555555555555
369,720,0.0345920942275274,0.35492223509377824,0.4260697517888634,440,4.8750538463890635e-05,0.01895262859761715,265617,5.416532933712006,0.2569444444444444,0.18055555555555555,0.125,0.17777777777777778,0.25972222222222224
370,720,0.0342773061700569,0.38433619885764664,0.4686391134836403,487,5.076899384574871e-05,0.019098110496997833,266337,5.430878035227457,0.2652777777777778,0.1986111111111111,0.15138888888888888,0.1597222222222222,0.225
371,720,0.03396538268390938,0.46076154640012934,0.5852807902960853,480,4.8582161792233416e-05,0.01912863738834858,267057,5.456161514918009,0.2611111111111111,0.18611111111111112,0.17777777777777778,0.1361111111111111,0.2388888888888889
372,720,0.03365629770148581,0.4068496526803376,0.5020782552447747,494,4.880116980151191e-05,0.018472546711564064,267777,5.4693529526392615,0.31527777777777777,0.20972222222222223,0.1486111111111111,0.11666666666666667,0.20972222222222223
373,720,0.03335002539240229,0.7202420470028708,1.054930540231263,475,4.838281029782997e-05,0.018541276454925537,268497,5.484614483515421,0.26805555555555555,0.15416666666666667,0.18055555555555555,0.1361111111111111,0.2611111111111111
374,720,0.03304654016133143,0.6658945511422597,0.9462307457976444,468,4.718996219455423e-05,0.019140038639307022,269217,5.497452469666799,0.20833333333333334,0.1638888888888889,0.20416666666666666,0.17916666666666667,0.24444444444444444
375,720,0.03274581664586331,0.22657988735457768,0.25430280876476696,415,5.052994160779336e-05,0.019208943471312523,269937,5.510533054669698,0.24027777777777778,0.19166666666666668,0.1625,0.21805555555555556,0.1875
376,720,0.03244782971438596,0.2947098689786509,0.34273673258807236,455,4.9193266549233763e-05,0.0194709412753582,270657,5.526162433624267,0.2513888888888889,0.20833333333333334,0.18611111111111112,0.1375,0.21666666666666667
377,720,0.032152554463985045,0.6803263084687671,0.9745219303487269,480,4.699247663084962e-05,0.0194304920732975,271377,5.5396987199783325,0.3138888888888889,0.20416666666666666,0.1375,0.11527777777777778,0.22916666666666666
378,720,0.03185996621836278,0.050843430326604,0.05215814432917565,408,4.996267354171222e-05,0.01931862160563469,272097,5.552344266573588,0.24305555555555555,0.1638888888888889,0.16666666666666666,0.25,0.1763888888888889
379,720,0.03157004052577568,0.23469022177922227,0.26451698823073677,440,4.767543647782683e-05,0.020083438605070114,272817,5.567677334944407,0.23333333333333334,0.20694444444444443,0.16527777777777777,0.1486111111111111,0.24583333333333332
380,720,0.031282753156991125,0.16626837304041525,0.18088997823467134,435,4.760767227607074e-05,0.019022300839424133,273537,5.581656114260356,0.33194444444444443,0.20277777777777778,0.1763888888888889,0.10555555555555556,0.18333333333333332
381,720,0.030998080103262507,0.7449158212554096,1.106264124848154,460,4.547674899918598e-05,0.018752865493297577,274257,5.608431136608123,0.26944444444444443,0.20277777777777778,0.17777777777777778,0.09027777777777778,0.25972222222222224
382,720,0.030715997574322817,1.2709343770038162,2.564181296007662,486,4.6038385591550147e-05,0.01854676753282547,274977,5.62379959821701,0.3138888888888889,0.20972222222222223,0.16805555555555557,0.09305555555555556,0.2152777777777778
383,720,0.03043648199639648,0.24833123004253374,0.2818844605262585,444,4.729560126987861e-05,0.01843731477856636,275697,5.639135336875915,0.3,0.18472222222222223,0.2222222222222222,0.06805555555555555,0.225
384,720,0.030159510010229273,0.9105914159209597,1.4857922358437379,466,4.627808883318115e-05,0.018707331269979477,276417,5.6544530669848125,0.29305555555555557,0.22083333333333333,0.16944444444444445,0.09861111111111111,0.21805555555555556
385,720,0.029885058469136187,0.6584960030072445,0.9318845997097096,470,4.8034649104364586e-05,0.018962103873491287,277137,5.669126033782959,0.25833333333333336,0.22916666666666666,0.18194444444444444,0.1125,0.21805555555555556
386,720,0.029613104437067047,0.6168362660088761,0.8530561814132451,466,4.568653012281882e-05,0.01806904561817646,277857,5.6846469163894655,0.28888888888888886,0.2,0.16666666666666666,0.07222222222222222,0.2722222222222222
387,720,0.029343625186689738,0.8741853146753743,1.396921761334725,490,4.6403757167152235e-05,0.01830209046602249,278577,5.700033867359162,0.26805555555555555,0.15,0.17916666666666667,0.1361111111111111,0.26666666666666666
388,720,0.029076598197490863,0.24515159926220395,0.27781501433544764,447,4.402020222060956e-05,0.018163185566663742,279297,5.715109550952912,0.2625,0.18333333333333332,0.175,0.1638888888888889,0.2152777777777778
389,720,0.028812001153893697,0.8029701288174851,1.232160897953115,475,4.4586227713554965e-05,0.01889936625957489,280017,5.7302624702453615,0.30694444444444446,0.17777777777777778,0.14305555555555555,0.10972222222222222,0.2625
390,720,0.028549811943393264,0.36576239862339555,0.44161267280300787,470,4.346434216636731e-05,0.018806353211402893,280737,5.744206086794535,0.23333333333333334,0.18333333333333332,0.1527777777777778,0.1763888888888889,0.25416666666666665
391,720,0.028290008654708387,2.1931303401407893,7.96322719490221,492,4.5034329918457336e-05,0.01856120489537716,281457,5.769340900580088,0.2916666666666667,0.16111111111111112,0.1625,0.10416666666666667,0.28055555555555556
392,720,0.02803256957595054,0.009329910315919756,0.009373569602617149,409,4.49042312223153e-05,0.018671058118343353,282177,5.783353718121846,0.1986111111111111,0.19027777777777777,0.1486111111111111,0.19166666666666668,0.2708333333333333
393,720,0.02777747319280939,0.0834472230820823,0.08702784379966122,449,4.520789316049761e-05,0.01950208470225334,282897,5.7976696491241455,0.21666666666666667,0.1527777777777778,0.2,0.2361111111111111,0.19444444444444445
394,720,0.027524698186754824,-0.04904882791937654,-0.047865362189866145,495,4.9150908308901206e-05,0.019192490726709366,283617,5.813502383232117,0.2611111111111111,0.2,0.14583333333333334,0.14305555555555555,0.25
395,720,0.027274223433255355,0.5230117105730475,0.687101066151804,437,4.570485811225606e-05,0.018488291651010513,284337,5.829124836126963,0.2777777777777778,0.20555555555555555,0.1361111111111111,0.1361111111111111,0.24444444444444444
396,720,0.027026028000012733,0.1662844773225083,0.1809089957731358,450,4.8342648504886814e-05,0.01955653913319111,285057,5.844873348871867,0.2777777777777778,0.19027777777777777,0.20277777777777778,0.15833333333333333,0.17083333333333334
397,720,0.02678009114521262,0.5656948926382227,0.7606708349291347,497,5.002161493621316e-05,0.02006390318274498,285777,5.85877251625061,0.22083333333333333,0.2222222222222222,0.14583333333333334,0.16805555555555557,0.24305555555555555
398,720,0.026536392315791184,0.7763470990673575,1.173518100158843,510,5.0985979171653326e-05,0.020336225628852844,286497,5.873381753762563,0.23472222222222222,0.21666666666666667,0.18194444444444444,0.10138888888888889,0.2652777777777778
399,720,0.026294911145717484,0.5858644213619031,0.7965432850160232,453,5.423470838650246e-05,0.020729972049593925,287217,5.8881546338399255,0.21666666666666667,0.2222222222222222,0.11944444444444445,0.15138888888888888,0.2902777777777778
400,720,0.026055627454291456,0.16957096178306458,0.1847964193166074,475,4.988298689517655e-05,0.02087162807583809,287937,5.9019678672154745,0.24305555555555555,0.1361111111111111,0.18888888888888888,0.1597222222222222,0.2722222222222222
401,720,0.025818521244457403,0.24593609330412544,0.2788178459071389,422,4.816157321177646e-05,0.01974223367869854,288657,5.9279404004414875,0.20277777777777778,0.24583333333333332,0.15416666666666667,0.15416666666666667,0.24305555555555555
402,720,0.02558357270113284,0.5103889113946993,0.6659389716227924,470,4.7619992638677404e-05,0.019839977845549583,289377,5.941527251402537,0.2611111111111111,0.2152777777777778,0.12638888888888888,0.19027777777777777,0.20694444444444443
403,720,0.025350762189552532,0.380934218909505,0.46365132166289724,481,4.46054019979177e-05,0.01927836798131466,290097,5.95652498404185,0.2013888888888889,0.21666666666666667,0.1763888888888889,0.13333333333333333,0.2722222222222222
404,720,0.025120070253627603,0.14583346758812848,0.157003493423989,465,4.447254498119138e-05,0.019472870975732803,290817,5.970732069015503,0.2777777777777778,0.1986111111111111,0.1763888888888889,0.12222222222222222,0.225
405,720,0.02489147761431959,-0.03286746580266595,-0.0323331999666473,492,4.6310212837852305e-05,0.019006915390491486,291537,5.984613764286041,0.2875,0.18194444444444444,0.18472222222222223,0.10416666666666667,0.24166666666666667
406,720,0.024664965168029282,0.2862323419094713,0.33140175974583785,487,4.552570634107016e-05,0.01868707500398159,292257,5.9992138862609865,0.24027777777777778,0.18333333333333332,0.19444444444444445,0.11666666666666667,0.2652777777777778
407,720,0.024440513985000214,0.45590724442709485,0.5776040064162984,450,4.6296593249432284e-05,0.019685078412294388,292977,6.013464033603668,0.31666666666666665,0.14583333333333334,0.18194444444444444,0.10972222222222222,0.24583333333333332
408,720,0.02421810530773671,0.334207704169628,0.396833241534724,466,4.6018292224895654e-05,0.01919025555253029,293697,6.028778632481893,0.14305555555555555,0.2638888888888889,0.15416666666666667,0.19027777777777777,0.24861111111111112
409,720,0.023997720549436306,0.2802054068742051,0.32340162021100505,436,4.5886746256150625e-05,0.0187227800488472,294417,6.043209234873454,0.19166666666666668,0.2833333333333333,0.15833333333333333,0.15416666666666667,0.2125
410,720,0.023779341292436435,0.08035694241322684,0.08367380779298372,428,4.94272133487862e-05,0.018691161647439003,295137,6.057673950990041,0.2833333333333333,0.18888888888888888,0.12916666666666668,0.18333333333333332,0.2152777777777778
411,720,0.023562949286675263,0.48197849470566867,0.6192749619428273,474,4.642251879608415e-05,0.019090821966528893,295857,6.082519666353861,0.21388888888888888,0.2388888888888889,0.15416666666666667,0.11527777777777778,0.2777777777777778
412,720,0.02334852644816652,0.29303001549843954,0.3404830250939943,460,4.506347476586193e-05,0.018536094576120377,296577,6.097541534900666,0.1986111111111111,0.2388888888888889,0.1875,0.1527777777777778,0.2222222222222222
413,720,0.023136054857488205,1.2546085000516598,2.5064653245922326,508,4.7643362615367045e-05,0.019438451156020164,297297,6.113135381539663,0.24861111111111112,0.20555555555555555,0.1388888888888889,0.13333333333333333,0.27361111111111114
414,720,0.022925516758285063,1.3396980485321668,2.817890513656705,484,4.743948838444744e-05,0.018769828602671623,298017,6.127372713883718,0.22361111111111112,0.19722222222222222,0.19305555555555556,0.11527777777777778,0.2708333333333333
415,720,0.02271689455578467,0.02852834874159912,0.028939179551995542,439,4.425749759396543e-05,0.018077507615089417,298737,6.141660698254904,0.2652777777777778,0.21805555555555556,0.1361111111111111,0.1361111111111111,0.24444444444444444
416,720,0.022510170815327028,-0.04912548837546595,-0.047938350467765956,455,4.6627891293206225e-05,0.01758360117673874,299457,6.155967732270558,0.26666666666666666,0.18888888888888888,0.13472222222222222,0.14583333333333334,0.2638888888888889
417,720,0.022305328260907552,0.3511084017354688,0.42064131754986556,477,4.773487759292847e-05,0.01781914383172989,300177,6.170215582847595,0.23333333333333334,0.22083333333333333,0.19166666666666668,0.14027777777777778,0.21388888888888888
418,720,0.022102349773733293,0.6366728051647217,0.8901814035211544,430,4.452284256962634e-05,0.01857028529047966,300897,6.183169066905975,0.22777777777777777,0.1638888888888889,0.1763888888888889,0.1486111111111111,0.2833333333333333
419,720,0.02190121839079232,1.1055075275287132,2.020757197257894,477,4.8544486358221344e-05,0.01860290765762329,301617,6.196889483928681,0.24583333333333332,0.22777777777777777,0.14722222222222223,0.125,0.25416666666666665
420,720,0.021701917303436107,0.4097555503515071,0.5064494890516957,464,4.608157854211943e-05,0.01807389222085476,302337,6.211996336778005,0.225,0.16527777777777777,0.19166666666666668,0.15555555555555556,0.2625
421,720,0.021504429855974838,0.4924044714681707,0.6362458001217584,452,4.21952059266712e-05,0.018619969487190247,303057,6.238160069783529,0.2625,0.20972222222222223,0.1638888888888889,0.1,0.2638888888888889
422,720,0.021308739544285468,0.16607040251703747,0.18065621996701742,437,4.4004664933557556e-05,0.017978234216570854,303777,6.252848168214162,0.20555555555555555,0.20416666666666666,0.1736111111111111,0.19444444444444445,0.2222222222222222
423,720,0.02111483001443247,0.9431090198417937,1.5679528365812603,505,5.0219140302942836e-05,0.01934947818517685,304497,6.266547767321269,0.2791666666666667,0.16527777777777777,0.1736111111111111,0.12361111111111112,0.25833333333333336
424,720,0.020922685061301134,0.5521707598116335,0.7370195805343409,503,5.655485855918919e-05,0.019132215529680252,305217,6.280783251921336,0.24027777777777778,0.2152777777777778,0.16805555555555557,0.09166666666666666,0.2847222222222222
425,720,0.020732288627243294,0.25829826541103335,0.29472493270336697,468,4.62349358940628e-05,0.01867680624127388,305937,6.2955243190129595,0.20277777777777778,0.21805555555555556,0.175,0.13194444444444445,0.2722222222222222
426,720,0.02054362480073538,0.420824426313884,0.5232168181384342,465,4.468307223532974e-05,0.018891919404268265,306657,6.3099584698677065,0.2361111111111111,0.1763888888888889,0.18472222222222223,0.11527777777777778,0.2875
427,720,0.02035667781504869,2.093406681717722,7.112504864966414,499,4.394426644643722e-05,0.018186379224061966,307377,6.3215228835741675,0.30416666666666664,0.175,0.15138888888888888,0.1125,0.2569444444444444
428,720,0.020171432046931746,1.4673344244550117,3.3376573638065787,501,4.714383646336905e-05,0.01798509806394577,308097,6.337323633829753,0.2875,0.15555555555555556,0.14305555555555555,0.12361111111111112,0.2902777777777778
429,720,0.019987872015304668,0.38406025792453563,0.4682339117447052,434,4.720230252435916e-05,0.019526954740285873,308817,6.352242350578308,0.2569444444444444,0.20972222222222223,0.17777777777777778,0.1111111111111111,0.24444444444444444
430,720,0.019805982379965396,0.10981444094466582,0.11607095417137248,401,4.537305105461403e-05,0.018153609707951546,309537,6.3668844183286035,0.2847222222222222,0.1361111111111111,0.18472222222222223,0.14027777777777778,0.25416666666666665
431,720,0.01962574794030771,0.6568677430410578,0.9287415489030206,485,4.725287563284534e-05,0.019060559570789337,310257,6.3927360812822975,0.28055555555555556,0.17083333333333334,0.22361111111111112,0.08611111111111111,0.2388888888888889
432,720,0.01944715363405091,1.5031825447137557,3.495974966891847,480,4.50401169372425e-05,0.01837732642889023,310977,6.405937834580739,0.28194444444444444,0.14444444444444443,0.18333333333333332,0.1388888888888889,0.2513888888888889
433,720,0.019270184535981047,0.3600559175378256,0.43340956505298256,471,4.530380822921466e-05,0.01880398392677307,311697,6.419746617476146,0.2569444444444444,0.19027777777777777,0.20833333333333334,0.125,0.21944444444444444
434,720,0.01909482585670362,0.6865033140405102,0.9867563103300572,439,4.694232984926809e-05,0.01827745884656906,312417,6.43602869908015,0.28055555555555556,0.20277777777777778,0.15,0.1111111111111111,0.25555555555555554
435,720,0.018921062941407617,0.8098956217273938,1.247673366168704,485,5.065083302674288e-05,0.019016698002815247,313137,6.449662113189698,0.24722222222222223,0.16527777777777777,0.2,0.1527777777777778,0.23472222222222222
436,720,0.01874888126864081,0.45628673811344816,0.5782028107903552,483,4.730716102838212e-05,0.01889314502477646,313857,6.464740852514903,0.2777777777777778,0.23194444444444445,0.15,0.11388888888888889,0.2263888888888889
437,720,0.018578266449096176,0.29366394853365263,0.34133307097436005,460,4.599529704970943e-05,0.018537115305662155,314577,6.48401859998703,0.22361111111111112,0.20833333333333334,0.24305555555555555,0.125,0.2
438,720,0.018409204224409403,0.1403446402668794,0.15067029784708463,414,4.954841604356059e-05,0.019825350493192673,315297,6.499413247903188,0.3277777777777778,0.1736111111111111,0.19166666666666668,0.13055555555555556,0.1763888888888889
439,720,0.01824168046596728,0.12608730501885032,0.1343812011320764,396,4.8220847688500925e-05,0.01872863993048668,316017,6.5144120494524635,0.20694444444444443,0.19305555555555556,0.2569444444444444,0.17916666666666667,0.1638888888888889
440,720,0.018075681173726977,0.8076129212582119,1.24254845266778,482,4.471802427209089e-05,0.019090764224529266,316737,6.528741900126139,0.30277777777777776,0.18194444444444444,0.1597222222222222,0.125,0.23055555555555557
441,720,0.01791119247504606,1.6207530390119538,4.056896923785152,483,4.842329615510405e-05,0.019108787178993225,317457,6.5572911659876505,0.30972222222222223,0.15138888888888888,0.12361111111111112,0.14166666666666666,0.27361111111111114
442,720,0.01774820062352314,0.2046441060782421,0.22708827398399167,464,4.5398742559478304e-05,0.0196224395185709,318177,6.57170213063558,0.28888888888888886,0.20972222222222223,0.1736111111111111,0.13333333333333333,0.19444444444444445
443,720,0.017586691997849083,0.04556353588680616,0.046617500272522205,444,4.435422519135399e-05,0.019092412665486336,318897,6.587268165747324,0.17222222222222222,0.21666666666666667,0.26944444444444443,0.1763888888888889,0.16527777777777777
444,720,0.017426653100668658,0.34809866017009655,0.41637198234758954,475,4.868487191439878e-05,0.01920914463698864,319617,6.60246649980545,0.32222222222222224,0.20833333333333334,0.1527777777777778,0.10833333333333334,0.20833333333333334
445,720,0.017268070557452574,0.41468536654154203,0.513894343937628,489,4.419445178503641e-05,0.01913537085056305,320337,6.617144203186035,0.32916666666666666,0.15833333333333333,0.18194444444444444,0.11388888888888889,0.21666666666666667
446,720,0.017110931115379754,0.5231446479787094,0.6873253598988103,489,4.3417781108069496e-05,0.018826551735401154,321057,6.632297933101654,0.24722222222222223,0.17222222222222222,0.21666666666666667,0.13055555555555556,0.23333333333333334
447,720,0.016955221642229797,0.2059675671712214,0.22871335269928528,476,4.296516291080681e-05,0.018461793661117554,321777,6.64646098613739,0.18194444444444444,0.16805555555555557,0.23055555555555557,0.2,0.21944444444444444
448,720,0.016800929125285507,0.4762182480887765,0.6099743514430724,453,4.471373100740392e-05,0.018721485510468483,322497,6.661883099873861,0.2791666666666667,0.16111111111111112,0.21388888888888888,0.12361111111111112,0.2222222222222222
449,720,0.016648040670245407,0.1291039146274178,0.13780835295384297,455,4.331274148196624e-05,0.018641911447048187,323217,6.676227148373922,0.22361111111111112,0.17916666666666667,0.23333333333333334,0.17777777777777778,0.18611111111111112
450,720,0.016496543500146173,0.12469517120937365,0.13280308943534114,498,4.607191831382806e-05,0.018502049148082733,323937,6.69022878408432,0.24722222222222223,0.16666666666666666,0.19166666666666668,0.15555555555555556,0.2388888888888889
451,720,0.016346424954294843,0.6666509723303098,0.9477034729013756,466,4.523103279881171e-05,0.0189156923443079,324657,6.714960749944051,0.24166666666666667,0.1875,0.20694444444444443,0.12916666666666668,0.23472222222222222
452,720,0.01619767248721076,0.6596225638539671,0.9340622116359927,450,4.429640924980857e-05,0.01861298456788063,325377,6.72998960018158,0.24305555555555555,0.16805555555555557,0.14583333333333334,0.20694444444444443,0.2361111111111111
453,720,0.016050273667577143,1.0167648290405429,1.7642375017487746,477,4.6395040230133114e-05,0.018793310970067978,326097,6.743880101044973,0.31527777777777777,0.1736111111111111,0.1527777777777778,0.11805555555555555,0.24027777777777778
454,720,0.015904216177202193,1.0124686986677487,1.7523874499696785,486,4.770114585299881e-05,0.019068997353315353,326817,6.758711417516072,0.29444444444444445,0.16944444444444445,0.15555555555555556,0.1486111111111111,0.23194444444444445
455,720,0.015759487809989654,0.4042183174708028,0.49813097942474815,477,4.420416555982835e-05,0.01847476325929165,327537,6.773039182027181,0.24444444444444444,0.16805555555555557,0.175,0.18055555555555555,0.23194444444444445
456,720,0.015616076470918748,-0.08574376860558695,-0.08217062220579618,428,4.510516716133376e-05,0.01923336833715439,328257,6.788051549593607,0.26805555555555555,0.23194444444444445,0.1361111111111111,0.17916666666666667,0.18472222222222223
457,720,0.015473970175033387,0.035271113395339795,0.03590051723890175,437,4.471211468373642e-05,0.01881430298089981,328977,6.8026518146197,0.23055555555555557,0.1875,0.21944444444444444,0.1875,0.175
458,720,0.015333157046440584,0.7369330023782111,1.0895171328677722,462,4.471348436380948e-05,0.018840203061699867,329697,6.816131667296092,0.2763888888888889,0.13194444444444445,0.15,0.21805555555555556,0.22361111111111112
459,720,0.015193625317317975,1.5059435425622218,3.508405496538397,495,4.6259328869129803e-05,0.01802843064069748,330417,6.831607067584992,0.25,0.18055555555555555,0.14722222222222223,0.1486111111111111,0.27361111111111114
460,720,0.01505536332693038,0.08186422093029037,0.08530843765473461,400,4.710197830111914e-05,0.018550267443060875,331137,6.845822068055471,0.2777777777777778,0.25,0.19027777777777777,0.09166666666666666,0.19027777777777777
461,720,0.014918359520655315,1.0813310593355991,1.9486017040023813,508,4.437006966529427e-05,0.018435338512063026,331857,6.8725944519042965,0.29305555555555557,0.15416666666666667,0.19583333333333333,0.11944444444444445,0.2375
462,720,0.014782602449017352,0.5233956186002324,0.6877488821366919,480,4.591634136911832e-05,0.018019530922174454,332577,6.886667970816294,0.24583333333333332,0.14305555555555555,0.22916666666666666,0.18055555555555555,0.2013888888888889
463,720,0.014648080766731294,0.8386440318750137,1.313228185526178,486,4.680243186688434e-05,0.01795206405222416,333297,6.902443385124206,0.2722222222222222,0.16805555555555557,0.16666666666666666,0.17222222222222222,0.22083333333333333
464,720,0.01451478323175404,0.2846901953866953,0.32935012551852294,507,4.6740709178215586e-05,0.01801251620054245,334017,6.918088734149933,0.24166666666666667,0.18333333333333332,0.17916666666666667,0.17083333333333334,0.225
465,720,0.014382698704345078,0.30674862834375183,0.35899931122465345,418,4.522248250395933e-05,0.01765485294163227,334737,6.932934586207072,0.29305555555555557,0.11944444444444445,0.16805555555555557,0.15416666666666667,0.2652777777777778
466,720,0.014251816146135538,0.02708743274764871,0.027457632280293742,397,4.4155478713037154e-05,0.017642058432102203,335457,6.947993548711141,0.2111111111111111,0.1,0.23333333333333334,0.26805555555555555,0.1875
467,720,0.014122124619205706,2.2164855843936504,8.175029272453104,495,4.3676457635734145e-05,0.01722049154341221,336177,6.962552964687347,0.2763888888888889,0.15416666666666667,0.15,0.18611111111111112,0.23333333333333334
468,720,0.013993613285170934,2.2561637586324275,8.546396549541372,484,4.541421924512987e-05,0.018022842705249786,336897,6.976869368553162,0.30416666666666664,0.13055555555555556,0.16944444444444445,0.13472222222222222,0.2611111111111111
469,720,0.013866271404275878,0.017671123110797046,0.017828181173638713,458,4.4198474045566e-05,0.018387094140052795,337617,6.991936282316844,0.225,0.18333333333333332,0.2111111111111111,0.16111111111111112,0.21944444444444444
470,720,0.013740088334496968,0.5231697508766018,0.6873677171866723,481,4.5143515006253034e-05,0.019141674041748047,338337,7.006038347880046,0.23333333333333334,0.16666666666666666,0.2569444444444444,0.13194444444444445,0.2111111111111111
471,720,0.013615053530653046,0.9089814730190602,1.48179347203246,452,4.6371389559377954e-05,0.019321931526064873,339057,7.032978904247284,0.19305555555555556,0.17083333333333334,0.18194444444444444,0.1527777777777778,0.3013888888888889
472,720,0.013491156543524103,0.21534711364825251,0.24029234465525784,450,4.755943394659173e-05,0.01906050369143486,339777,7.046119852860769,0.26944444444444443,0.17777777777777778,0.22916666666666666,0.12916666666666668,0.19444444444444445
473,720,0.013368387018978033,0.8716312658855473,1.3908077173178195,471,4.9073847693155887e-05,0.019259653985500336,340497,7.061379182338714,0.33055555555555555,0.16944444444444445,0.2152777777777778,0.10972222222222222,0.175
474,720,0.013246734697105333,0.3230393222693046,0.38131966646163673,469,4.8820864799381523e-05,0.019179996103048325,341217,7.075219583511353,0.3138888888888889,0.19583333333333333,0.16944444444444445,0.10277777777777777,0.21805555555555556
475,720,0.013126189411361674,0.3963902905615719,0.4864493515052879,472,4.796837462082395e-05,0.01906602270901203,341937,7.091169734795888,0.22777777777777777,0.1638888888888889,0.25972222222222224,0.12222222222222222,0.2263888888888889
476,720,0.013006741087718283,1.697379348335922,4.459620863005992,498,5.0460975363522365e-05,0.019477564841508865,342657,7.105805667241414,0.25,0.1486111111111111,0.20555555555555555,0.10972222222222222,0.2861111111111111
477,720,0.012888379743820046,1.4482153779239455,3.2555132516011005,479,5.175210074462989e-05,0.019335400313138962,343377,7.120509998003642,0.2638888888888889,0.16111111111111112,0.2375,0.11805555555555555,0.21944444444444444
478,720,0.012771095488151283,0.6408443159621993,0.8980827845452772,468,4.744449142385242e-05,0.01977946236729622,344097,7.136730666955312,0.23472222222222222,0.15694444444444444,0.2388888888888889,0.14444444444444443,0.225
479,720,0.012654878519209106,1.9547516421468665,6.062164861776733,494,4.815931338776459e-05,0.020065099000930786,344817,7.150337652365367,0.2875,0.13472222222222222,0.18472222222222223,0.13472222222222222,0.25833333333333336
480,720,0.012539719124684302,0.0641182416040802,0.06621846268968556,463,5.0919139003882364e-05,0.019796323031187057,345537,7.1670225858688354,0.20416666666666666,0.25833333333333336,0.19444444444444445,0.11666666666666667,0.2263888888888889
481,720,0.012425607680649675,0.0697810717508167,0.07227340461641685,475,4.962443344109286e-05,0.01962900720536709,346257,7.193155916531881,0.2361111111111111,0.19722222222222222,0.24166666666666667,0.1375,0.1875
482,720,0.012312534650755763,0.5663774597684998,0.7618730212080469,456,4.71753684602542e-05,0.019863814115524292,346977,7.210189600785573,0.21805555555555556,0.1625,0.25555555555555554,0.12361111111111112,0.24027777777777778
483,720,0.012200490585433887,0.960252101996342,1.612354970318607,512,5.1205014191661276e-05,0.020740840584039688,347697,7.224746835231781,0.24444444444444444,0.1875,0.24722222222222223,0.09305555555555556,0.22777777777777777
484,720,0.01208946612110644,8.321367727058611e-05,8.321713962766708e-05,438,5.206813081536489e-05,0.01974881812930107,348417,7.239124651749929,0.2125,0.2,0.20694444444444443,0.20694444444444443,0.1736111111111111
485,720,0.01197945197940437,0.7942977166000655,1.2128863776074126,490,4.992392497974328e-05,0.01976073533296585,349137,7.254455133279165,0.23194444444444445,0.15833333333333333,0.24861111111111112,0.12222222222222222,0.2388888888888889
486,720,0.01187043896639179,0.09921921314870198,0.1043083519383452,434,4.972431407218715e-05,0.019661901518702507,349857,7.268940750757853,0.24861111111111112,0.14583333333333334,0.25972222222222224,0.14305555555555555,0.20277777777777778
487,720,0.011762417971797624,-0.047320400638469394,-0.04621824365453431,495,5.08674165618888e-05,0.01928776130080223,350577,7.285016735394795,0.2361111111111111,0.22361111111111112,0.25277777777777777,0.12916666666666668,0.15833333333333333
488,720,0.011655379968254265,0.07028132016693535,0.07280994187849288,426,4.727647851344348e-05,0.01936544105410576,351297,7.299505015214284,0.2638888888888889,0.2222222222222222,0.20972222222222223,0.12083333333333333,0.18333333333333332
489,720,0.011549316010543152,0.45154039973249627,0.5707298747870786,492,4.9676512439115565e-05,0.01872088760137558,352017,7.314897016684214,0.21666666666666667,0.20555555555555555,0.2569444444444444,0.11666666666666667,0.20416666666666666
490,720,0.011444217234847209,0.2571255792856249,0.2932075166388408,487,4.796761724037424e-05,0.01900600828230381,352737,7.328688263893127,0.27361111111111114,0.175,0.24166666666666667,0.11944444444444445,0.19027777777777777
491,720,0.011340074858010099,0.5145866542335669,0.6729468533630951,475,5.0506950378803596e-05,0.01958298869431019,353457,7.3552219470342,0.2125,0.20694444444444443,0.25416666666666665,0.10138888888888889,0.225
492,720,0.011236880176802208,0.32500656932910765,0.3840397381634242,460,4.888059091854302e-05,0.019348710775375366,354177,7.368487234910329,0.30277777777777776,0.2111111111111111,0.2708333333333333,0.08472222222222223,0.13055555555555556
493,720,0.011134624567193307,1.1954526599441369,2.3050534972797747,458,4.877256402803849e-05,0.020539965480566025,354897,7.380380467573802,0.29444444444444445,0.16527777777777777,0.23055555555555557,0.09861111111111111,0.2111111111111111
494,720,0.011033299483631848,1.1277274379821667,2.0886294165082253,477,5.025611241585971e-05,0.020165350288152695,355617,7.391892802715302,0.26944444444444443,0.1625,0.2361111111111111,0.10277777777777777,0.22916666666666666
495,720,0.010932896458330798,0.4983986241211093,0.6460831610925291,477,4.70299007904234e-05,0.020580396056175232,356337,7.405347816149393,0.25833333333333336,0.21944444444444444,0.1986111111111111,0.1125,0.2111111111111111
496,720,0.010833407100559987,0.11836934905006549,0.12565979597259935,429,4.644567391222962e-05,0.019732631742954254,357057,7.420997834205627,0.2013888888888889,0.16805555555555557,0.275,0.15555555555555556,0.2
497,720,0.010734823095944892,0.9313261780888772,1.5378726179227313,489,4.950506974713183e-05,0.01978325843811035,357777,7.436453402042389,0.2388888888888889,0.17916666666666667,0.2722222222222222,0.10416666666666667,0.20555555555555555
498,720,0.010637136205771794,0.7602113703869479,1.1387282365386695,497,4.999437203928715e-05,0.01912688836455345,358497,7.452350334326426,0.22777777777777777,0.16666666666666666,0.2708333333333333,0.10694444444444444,0.22777777777777777
499,720,0.01054033826629927,0.07034878271786665,0.07288231881517371,409,4.943643870976505e-05,0.019420934841036797,359217,7.466435201962789,0.20416666666666666,0.24444444444444444,0.2902777777777778,0.09166666666666666,0.16944444444444445
500,720,0.010444421188075948,0.050742563463680265,0.052052021790073066,432,4.768322956528613e-05,0.01965642347931862,359937,7.482048420111338,0.18055555555555555,0.20972222222222223,0.3236111111111111,0.09583333333333334,0.19027777777777777
501,720,0.010349376955264456,0.7244800929957423,1.0636579108091526,501,5.030340235205383e-05,0.020005155354738235,360657,7.509528501828512,0.24027777777777778,0.1875,0.2388888888888889,0.12638888888888888,0.20694444444444443
502,720,0.01025519762497155,0.35871975591312466,0.4314955771830098,432,4.9908760265932665e-05,0.019402379170060158,361377,7.525266369183858,0.14027777777777778,0.24305555555555555,0.31666666666666665,0.08333333333333333,0.21666666666666667
503,720,0.010161875326584309,-0.031011386291268307,-0.03053546559238096,409,4.9967117279771226e-05,0.0191196259111166,362097,7.539521050453186,0.2375,0.2152777777777778,0.2652777777777778,0.1375,0.14444444444444443
504,720,0.010069402261112392,0.451806421704098,0.5711477790286124,515,4.904332168204443e-05,0.019474953413009644,362817,7.554572685559591,0.22916666666666666,0.2152777777777778,0.2625,0.12361111111111112,0.16944444444444445
505,720,0.01,1.7134770152231509,4.548219221182088,501,5.10252722885222e-05,0.01958472467958927,363537,7.569570382436116,0.29444444444444445,0.17777777777777778,0.1986111111111111,0.08472222222222223,0.24444444444444444
506,720,0.01,1.2722223384003457,2.5687747814081106,482,4.9083003007884446e-05,0.019587121903896332,364257,7.5844271341959635,0.25277777777777777,0.19444444444444445,0.2625,0.12361111111111112,0.16666666666666666
507,720,0.01,1.1099703732662538,2.0342684976391157,484,4.890185131595596e-05,0.020287595689296722,364977,7.597101298967997,0.2263888888888889,0.17222222222222222,0.20694444444444443,0.12361111111111112,0.2708333333333333
508,720,0.01,-0.06102118059469416,-0.05919668720867688,439,5.012444085347549e-05,0.020308269187808037,365697,7.612707134087881,0.2722222222222222,0.25277777777777777,0.2222222222222222,0.0625,0.19027777777777777
509,720,0.01,-0.08971986211287462,-0.08581275211280714,385,4.9679138107371225e-05,0.020373117178678513,366417,7.6290858348210655,0.14722222222222223,0.25277777777777777,0.2986111111111111,0.1527777777777778,0.1486111111111111
510,720,0.01,0.18550104377430954,0.2038214562923859,440,4.981100392392869e-05,0.019481951370835304,367137,7.643713768323263,0.1527777777777778,0.25277777777777777,0.31527777777777777,0.09861111111111111,0.18055555555555555
511,720,0.01,0.3590199053543199,0.4319253042685198,468,4.624194993236112e-05,0.01927620731294155,367857,7.672769602139791,0.18055555555555555,0.2111111111111111,0.2875,0.10138888888888889,0.21944444444444444
512,720,0.01,0.31643597129128553,0.372228377412247,384,4.55832847983907e-05,0.019287124276161194,368577,7.687524350484212,0.15138888888888888,0.30833333333333335,0.2013888888888889,0.17083333333333334,0.16805555555555557
513,720,0.01,1.5588398854816203,3.75330366865012,511,4.706673941099224e-05,0.018235668540000916,369297,7.701300283273061,0.21805555555555556,0.18055555555555555,0.23333333333333334,0.11666666666666667,0.2513888888888889
514,720,0.01,0.4042008458604665,0.49810480489270104,452,4.8805189933571256e-05,0.018375352025032043,370017,7.7157699505488075,0.22916666666666666,0.21388888888888888,0.24861111111111112,0.09583333333333334,0.2125
515,720,0.01,0.2665449951226367,0.305446326731448,453,5.2353756349374534e-05,0.019091129302978516,370737,7.72981778383255,0.2513888888888889,0.23055555555555557,0.23472222222222222,0.13333333333333333,0.15
516,720,0.01,0.013448587672873621,0.013539426690112988,408,4.4654712842707845e-05,0.01832001656293869,371457,7.744197082519531,0.1736111111111111,0.24027777777777778,0.32083333333333336,0.12083333333333333,0.14444444444444443
517,720,0.01,1.250168528410018,2.490931228979723,487,4.779179116920002e-05,0.01831844076514244,372177,7.7586394866307575,0.25555555555555554,0.20972222222222223,0.21666666666666667,0.10694444444444444,0.2111111111111111
518,720,0.01,0.35426211236798233,0.42512868138228765,498,4.5834173388609794e-05,0.018710292875766754,372897,7.772824386755626,0.23333333333333334,0.25277777777777777,0.24166666666666667,0.08888888888888889,0.18333333333333332
519,720,0.01,0.5963590381674604,0.8154965982921321,458,4.604414361513894e-05,0.01918135955929756,373617,7.786996853351593,0.2222222222222222,0.2111111111111111,0.22361111111111112,0.11666666666666667,0.2263888888888889
520,720,0.01,0.2635959381363514,0.30160216223749803,418,4.970235999684923e-05,0.018666068091988564,374337,7.802602668603261,0.1875,0.2222222222222222,0.25972222222222224,0.09583333333333334,0.23472222222222222
521,720,0.01,1.6659058307673906,4.2904633443967795,473,4.7072737071276706e-05,0.018937107175588608,375057,7.829392584164937,0.1986111111111111,0.2222222222222222,0.25416666666666665,0.10555555555555556,0.21944444444444444
522,720,0.01,0.91755043198331,1.5031512346614972,486,4.900449003394493e-05,0.01952221803367138,375777,7.841842019557953,0.2625,0.20416666666666666,0.21805555555555556,0.07916666666666666,0.2361111111111111
523,720,0.01,0.24429178503616542,0.2767168030043963,419,4.774115286131241e-05,0.01812615618109703,376497,7.854105500380198,0.2638888888888889,0.21805555555555556,0.24583333333333332,0.07361111111111111,0.1986111111111111
524,720,0.01,0.13134415299474803,0.14036017215521368,464,5.0760483319815344e-05,0.018632853403687477,377217,7.869002318382263,0.22777777777777777,0.24444444444444444,0.2569444444444444,0.06111111111111111,0.20972222222222223
525,720,0.01,0.6586783354518911,0.9322368770663716,474,4.667018786600844e-05,0.01787812076508999,377937,7.881629451115926,0.19583333333333333,0.19444444444444445,0.29583333333333334,0.11666666666666667,0.19722222222222222
526,720,0.01,0.27182468799748155,0.3123569092249716,430,4.881239177747274e-05,0.01852460578083992,378657,7.895535818735758,0.2263888888888889,0.2375,0.2375,0.07222222222222222,0.2263888888888889
527,720,0.01,0.5965977684400573,0.815930064028582,508,4.862908965100764e-05,0.01980675384402275,379377,7.909450566768646,0.23472222222222222,0.24166666666666667,0.23055555555555557,0.10138888888888889,0.19166666666666668
528,720,0.01,1.7271764399974352,4.624749647547994,492,4.747102703580216e-05,0.019371086731553078,380097,7.924073652426402,0.2763888888888889,0.18472222222222223,0.2388888888888889,0.08472222222222223,0.2152777777777778
529,720,0.01,0.4203807845425231,0.5225412054071663,438,4.546335117841712e-05,0.018810711801052094,380817,7.938345416386922,0.2388888888888889,0.20277777777777778,0.3138888888888889,0.07083333333333333,0.1736111111111111
530,720,0.01,0.6870656522066301,0.9878738534192537,485,4.398094572100793e-05,0.01844538003206253,381537,7.95206716855367,0.21805555555555556,0.25555555555555554,0.25,0.0875,0.18888888888888888
531,720,0.01,0.73077827631145,1.0766962223711927,463,4.936761423045432e-05,0.01899576373398304,382257,7.9786447842915855,0.2125,0.18472222222222223,0.28055555555555556,0.10416666666666667,0.21805555555555556
532,720,0.01,0.69703924238149,1.0077992914599565,462,5.002006495892096e-05,0.01886778511106968,382977,7.995715034008026,0.30277777777777776,0.2013888888888889,0.22361111111111112,0.09722222222222222,0.175
533,720,0.01,0.7792835951774025,1.179910007918083,498,4.882101811113494e-05,0.01902162842452526,383697,8.009251499176026,0.2569444444444444,0.19583333333333333,0.23055555555555557,0.09861111111111111,0.21805555555555556
534,720,0.01,1.7338299117551366,4.662298537190587,479,5.296706121953321e-05,0.019197363406419754,384417,8.024391615390778,0.2361111111111111,0.18194444444444444,0.2638888888888889,0.06944444444444445,0.24861111111111112
535,720,0.01,2.716763184895348,14.131265784793825,478,4.8325601227993e-05,0.019497819244861603,385137,8.040640350182851,0.24722222222222223,0.1361111111111111,0.2361111111111111,0.07361111111111111,0.30694444444444446
536,720,0.01,0.9334728622625253,1.5433264806723939,497,4.949990300247009e-05,0.019921744242310524,385857,8.05696914990743,0.25555555555555554,0.18194444444444444,0.24444444444444444,0.09027777777777778,0.22777777777777777
537,720,0.01,0.32385508198912816,0.3824469511399402,385,4.7962168941416574e-05,0.01965314894914627,386577,8.07135194937388,0.2111111111111111,0.3,0.23194444444444445,0.09166666666666666,0.16527777777777777
538,720,0.01,0.1553255870877096,0.16803819735677017,417,4.646473502639815e-05,0.019351176917552948,387297,8.087753681341807,0.18055555555555555,0.20555555555555555,0.31805555555555554,0.1111111111111111,0.18472222222222223
539,720,0.01,0.046004920794476545,0.04707956340759112,421,4.717208527659346e-05,0.019074702635407448,388017,8.10185521443685,0.22083333333333333,0.2708333333333333,0.23333333333333334,0.07083333333333333,0.20416666666666666
540,720,0.01,0.8000824833738406,1.2257245061878184,472,4.66153188704589e-05,0.0186257716268301,388737,8.116425164540608,0.2375,0.1736111111111111,0.28055555555555556,0.08194444444444444,0.2263888888888889
541,720,0.01,0.2187688446974323,0.2445435605919537,456,4.761846081464682e-05,0.018096923828125,389457,8.14525298277537,0.25972222222222224,0.2263888888888889,0.22916666666666666,0.07083333333333333,0.21388888888888888
542,720,0.01,0.6878825279876896,0.9894983628467748,501,4.716394026647524e-05,0.018284054473042488,390177,8.159214115142822,0.24027777777777778,0.22777777777777777,0.23055555555555557,0.1111111111111111,0.19027777777777777
543,720,0.01,1.4845717705234087,3.413075199202158,482,4.7089590208947304e-05,0.018626399338245392,390897,8.174199601014456,0.2388888888888889,0.1763888888888889,0.24166666666666667,0.08333333333333333,0.25972222222222224
544,720,0.01,0.25232398209019435,0.2870129388889131,428,4.697232347249762e-05,0.01925872266292572,391617,8.187347483634948,0.17916666666666667,0.24166666666666667,0.2763888888888889,0.10416666666666667,0.1986111111111111
545,720,0.01,0.8633227112610281,1.371025853946425,484,4.7644708312570096e-05,0.01939539797604084,392337,8.200853017965953,0.25833333333333336,0.21666666666666667,0.20555555555555555,0.10416666666666667,0.2152777777777778
546,720,0.01,0.4128880477882368,0.5111758369863204,509,4.446837493914144e-05,0.019427675753831863,393057,8.21237340370814,0.25,0.23472222222222222,0.23472222222222222,0.09444444444444444,0.18611111111111112
547,720,0.01,0.6334145752647121,0.8840327802094303,482,4.64256816295953e-05,0.019085103645920753,393777,8.227414166927337,0.28055555555555556,0.24861111111111112,0.20694444444444443,0.0763888888888889,0.1875
548,720,0.01,-0.008583528579273648,-0.008546795273432495,440,4.4927059709860054e-05,0.019321156665682793,394497,8.240961118539174,0.24722222222222223,0.2791666666666667,0.225,0.10277777777777777,0.14583333333333334
549,720,0.01,0.42885569929511236,0.5354994447577324,482,4.6274020854121365e-05,0.019192874431610107,395217,8.256483352184295,0.20694444444444443,0.20555555555555555,0.32222222222222224,0.07777777777777778,0.1875
550,720,0.01,-0.013876506541749562,-0.013780671621608231,429,4.6216258947929925e-05,0.018815824761986732,395937,8.269445765018464,0.19166666666666668,0.19722222222222222,0.30972222222222223,0.10972222222222222,0.19166666666666668
551,720,0.01,2.3419656031055682,9.401662021155131,505,4.555630421742131e-05,0.018655015155673027,396657,8.296581598122915,0.275,0.2,0.17916666666666667,0.09305555555555556,0.25277777777777777
552,720,0.01,0.5095149943387844,0.6644837151207355,445,4.252964594368475e-05,0.018860403448343277,397377,8.31093921661377,0.23055555555555557,0.20833333333333334,0.25972222222222224,0.09583333333333334,0.20555555555555555
553,720,0.01,0.665148780024096,0.9447798442056514,489,4.0196832377306336e-05,0.017975620925426483,398097,8.327198032538096,0.21944444444444444,0.18194444444444444,0.2791666666666667,0.09583333333333334,0.22361111111111112
554,720,0.01,1.1999889159772545,2.3200801226890118,473,4.2647949730204955e-05,0.018350455909967422,398817,8.3418195327123,0.22777777777777777,0.21805555555555556,0.2388888888888889,0.09027777777777778,0.225
555,720,0.01,0.23570638705863145,0.2658025995755775,443,4.441681998564996e-05,0.018488163128495216,399537,8.358641882737478,0.2513888888888889,0.225,0.225,0.09444444444444444,0.20416666666666666
556,720,0.01,0.7104730819402709,1.0349537308240344,504,4.499493302445343e-05,0.017609935253858566,400257,8.374158215522765,0.25277777777777777,0.2263888888888889,0.2222222222222222,0.08888888888888889,0.20972222222222223
557,720,0.01,0.9806488960092988,1.6661857580291186,492,4.399366129695813e-05,0.017773602157831192,400977,8.389576419194539,0.22777777777777777,0.24027777777777778,0.21805555555555556,0.06666666666666667,0.24722222222222223
558,720,0.01,1.0214591571394793,1.7772442445990988,519,4.479495138032992e-05,0.017643572762608528,401697,8.403837966918946,0.27361111111111114,0.21388888888888888,0.19583333333333333,0.0875,0.22916666666666666
559,720,0.01,0.8981388967353304,1.4550297928058957,454,4.3023104950003066e-05,0.017850445583462715,402417,8.418039751052856,0.2791666666666667,0.21666666666666667,0.2013888888888889,0.07777777777777778,0.225
560,720,0.01,0.6185569467945736,0.856247444364469,505,4.45982282182437e-05,0.01850227452814579,403137,8.432429834206898,0.28055555555555556,0.20972222222222223,0.22083333333333333,0.09583333333333334,0.19305555555555556
561,720,0.01,0.37045160848816866,0.44838857155905076,484,4.367323489810183e-05,0.018441198393702507,403857,8.460136799017588,0.31666666666666665,0.16805555555555557,0.24444444444444444,0.10416666666666667,0.16666666666666666
562,720,0.01,1.2837533386444744,2.61016449808962,517,4.876215929243699e-05,0.01936456374824047,404577,8.47625173330307,0.2722222222222222,0.14166666666666666,0.23472222222222222,0.10416666666666667,0.24722222222222223
563,720,0.01,0.6149099463506368,0.8494900387312843,467,4.6779877367144865e-05,0.018800370395183563,405297,8.491815650463105,0.2611111111111111,0.1736111111111111,0.22361111111111112,0.10694444444444444,0.23472222222222222
564,720,0.01,0.1634320708195648,0.17754536277912547,479,4.333453214131724e-05,0.01828613504767418,406017,8.50588850180308,0.2222222222222222,0.2652777777777778,0.22361111111111112,0.10416666666666667,0.18472222222222223
565,720,0.01,1.011612937112403,1.75003307014213,508,4.6389259378227303e-05,0.01801391877233982,406737,8.520009700457255,0.30416666666666664,0.17222222222222222,0.19583333333333333,0.09166666666666666,0.2361111111111111
566,720,0.01,0.7154110060604397,1.0450270280554186,486,4.6662142225765516e-05,0.018838267773389816,407457,8.533808386325836,0.24027777777777778,0.24861111111111112,0.26805555555555555,0.06805555555555555,0.175
567,720,0.01,0.3429358221577811,0.40907832741796346,464,4.814274910940084e-05,0.018682271242141724,408177,8.548948816458385,0.30972222222222223,0.2,0.225,0.08472222222222223,0.18055555555555555
568,720,0.01,0.7213443517294196,1.0571969487854358,507,4.527314208012791e-05,0.019539326429367065,408897,8.563518551985423,0.2152777777777778,0.20694444444444443,0.26944444444444443,0.09027777777777778,0.21805555555555556
569,720,0.01,0.31648493809583317,0.3722955726961519,445,4.547432293091131e-05,0.01935742050409317,409617,8.579599285125733,0.275,0.29583333333333334,0.16111111111111112,0.07083333333333333,0.19722222222222222
570,720,0.01,0.6826475494950923,0.9791105952991226,501,4.499200923520321e-05,0.019998963922262192,410337,8.593957034746806,0.28888888888888886,0.18333333333333332,0.24722222222222223,0.08472222222222223,0.19583333333333333
571,720,0.01,0.127780913724649,0.13630402680755682,457,4.9759962712414564e-05,0.019584963098168373,411057,8.619198950131734,0.27361111111111114,0.1986111111111111,0.2013888888888889,0.13333333333333333,0.19305555555555556
572,720,0.01,0.3476761013438451,0.41577360829821086,480,4.9523538684247294e-05,0.02004115656018257,411777,8.633719484011332,0.2013888888888889,0.21666666666666667,0.2791666666666667,0.09861111111111111,0.20416666666666666
573,720,0.01,0.19311067527883066,0.2130170370890685,437,4.996718865236794e-05,0.020185604691505432,412497,8.649717064698537,0.3263888888888889,0.21944444444444444,0.16111111111111112,0.10416666666666667,0.18888888888888888
574,720,0.01,0.2596259561320474,0.29644506863435516,501,4.648998893925535e-05,0.019663462415337563,413217,8.663637765248616,0.26944444444444443,0.2569444444444444,0.20833333333333334,0.09027777777777778,0.175
575,720,0.01,0.49390249877002357,0.6386987778579705,460,4.4143362291985495e-05,0.018922023475170135,413937,8.677951085567475,0.2013888888888889,0.24861111111111112,0.29444444444444445,0.08611111111111111,0.16944444444444445
576,720,0.01,1.6173014497378144,4.039472680566696,494,4.7205277893327645e-05,0.01888449117541313,414657,8.692281897862753,0.22361111111111112,0.19305555555555556,0.1986111111111111,0.10972222222222222,0.275
577,720,0.01,0.14006742625824586,0.15035136013024575,403,4.841131343987905e-05,0.019047558307647705,415377,8.708124486605326,0.2013888888888889,0.17916666666666667,0.2972222222222222,0.09861111111111111,0.22361111111111112
578,720,0.01,1.1702230315646345,2.222711324729796,516,4.3704141729803167e-05,0.019193384796380997,416097,8.72306396563848,0.22361111111111112,0.20277777777777778,0.24027777777777778,0.1,0.23333333333333334
579,720,0.01,0.8873032077737076,1.428571459591096,478,4.557128408022335e-05,0.019088946282863617,416817,8.737573019663493,0.25833333333333336,0.16944444444444445,0.27361111111111114,0.11666666666666667,0.18194444444444444
580,720,0.01,0.5505569824419204,0.734218678268733,464,4.7793431752375505e-05,0.01946190558373928,417537,8.752346233526866,0.2388888888888889,0.2125,0.21805555555555556,0.10694444444444444,0.22361111111111112
581,720,0.01,0.058696943222085324,0.060453814321294486,429,4.73564825508927e-05,0.019480861723423004,418257,8.778804433345794,0.19305555555555556,0.2013888888888889,0.28055555555555556,0.14305555555555555,0.18194444444444444
582,720,0.01,0.4062454547776238,0.5011709768286996,472,4.449478888596382e-05,0.019056178629398346,418977,8.794486618041992,0.2777777777777778,0.22916666666666666,0.24305555555555555,0.09027777777777778,0.1597222222222222
583,720,0.01,0.5460656772572932,0.7264472379465232,489,4.3704348772482466e-05,0.019221317023038864,419697,8.808586581548054,0.22916666666666666,0.21388888888888888,0.2763888888888889,0.075,0.20555555555555555
584,720,0.01,0.41091195993259394,0.5081925693373777,482,4.710367600056189e-05,0.019833948463201523,420417,8.823403100172678,0.25555555555555554,0.24027777777777778,0.19444444444444445,0.06666666666666667,0.24305555555555555
585,720,0.01,0.28740994832384364,0.3329705505259708,417,4.724447766193407e-05,0.019984930753707886,421137,8.838390636444093,0.2777777777777778,0.2222222222222222,0.23055555555555557,0.10833333333333334,0.16111111111111112
586,720,0.01,0.7294359258041878,1.0739104383113052,472,4.190255028536032e-05,0.019380783662199974,421857,8.85182545185089,0.24027777777777778,0.17777777777777778,0.2638888888888889,0.10833333333333334,0.20972222222222223
587,720,0.01,0.9458629860568125,1.5750346389813457,489,4.661220459512252e-05,0.019249077886343002,422577,8.8658891359965,0.26805555555555555,0.1875,0.23333333333333334,0.09583333333333334,0.2152777777777778
588,720,0.01,1.0226437090043259,1.7805359836811032,483,4.3477111518718126e-05,0.018663769587874413,423297,8.879144418239594,0.2,0.175,0.2791666666666667,0.09305555555555556,0.25277777777777777
589,720,0.01,1.0965376936527316,1.9937826664084302,524,4.8252914128473395e-05,0.01901727169752121,424017,8.893724834918975,0.25972222222222224,0.18888888888888888,0.24444444444444444,0.10972222222222222,0.19722222222222222
590,720,0.01,0.9541929571259242,1.5965741903966126,461,4.8423751587102335e-05,0.01949530467391014,424737,8.908479416370392,0.2361111111111111,0.1625,0.3125,0.0875,0.2013888888888889
591,720,0.01,0.2773250043639025,0.3195951755401527,380,4.613043458524165e-05,0.01999109983444214,425457,8.936206165949503,0.2652777777777778,0.1875,0.2902777777777778,0.10416666666666667,0.1527777777777778
592,720,0.01,0.4785948610235934,0.6138051877158153,417,4.903739871653872e-05,0.019908709451556206,426177,8.951184701919555,0.20694444444444443,0.21805555555555556,0.30277777777777776,0.07777777777777778,0.19444444444444445
593,720,0.01,1.490649022218754,3.4399762273029513,480,4.8176477543569895e-05,0.02083258517086506,426897,8.96530655225118,0.2652777777777778,0.18611111111111112,0.20972222222222223,0.1125,0.2263888888888889
594,720,0.01,1.5973058143299745,3.939705995412101,500,5.092537579179811e-05,0.0200299434363842,427617,8.980446068445842,0.24583333333333332,0.19305555555555556,0.20972222222222223,0.11666666666666667,0.23472222222222222
595,720,0.01,0.261621188070537,0.2990343595007239,436,4.854478418868287e-05,0.020731087774038315,428337,8.99535581668218,0.21944444444444444,0.24722222222222223,0.25972222222222224,0.07916666666666666,0.19444444444444445
596,720,0.01,1.326223081478946,2.766789629355345,495,4.888458805049191e-05,0.02013954520225525,429057,9.00952128569285,0.2,0.19722222222222222,0.24166666666666667,0.1,0.2611111111111111
597,720,0.01,1.2538259795883266,2.503722517013269,505,4.7243769218615245e-05,0.020369358360767365,429777,9.025667750835419,0.24027777777777778,0.2388888888888889,0.2111111111111111,0.08888888888888889,0.22083333333333333
598,720,0.01,0.6132582381963719,0.8464377423983775,480,4.7447942117489424e-05,0.020136656239628792,430497,9.039355166753133,0.28194444444444444,0.2152777777777778,0.23333333333333334,0.07361111111111111,0.19583333333333333
599,720,0.01,0.5942863101706863,0.8117374648412146,467,4.676280260330006e-05,0.020427364856004715,431217,9.053529866536458,0.2361111111111111,0.31527777777777777,0.20833333333333334,0.06527777777777778,0.175
600,720,0.01,0.47393702173479135,0.6063058214878472,449,4.403697302879866e-05,0.020081397145986557,431937,9.067670698960622,0.29583333333333334,0.24305555555555555,0.20555555555555555,0.09166666666666666,0.1638888888888889
601,720,0.01,0.01357965445935708,0.013672276751671486,449,4.508087948427904e-05,0.020072203129529953,432657,9.094099267323811,0.29583333333333334,0.24583333333333332,0.25277777777777777,0.07361111111111111,0.13194444444444445
602,720,0.01,0.26231622158914036,0.29993754575840037,465,4.643883129347159e-05,0.01875069923698902,433377,9.109892968336741,0.25277777777777777,0.19722222222222222,0.2569444444444444,0.10138888888888889,0.19166666666666668
603,720,0.01,1.4859106203908872,3.418987601374049,496,4.8134271811603766e-05,0.01932709664106369,434097,9.122415014108022,0.2791666666666667,0.2152777777777778,0.17222222222222222,0.08888888888888889,0.24444444444444444
604,720,0.01,1.084905104429998,1.9591589943357102,517,4.776808843871549e-05,0.01882762648165226,434817,9.137626047929128,0.27361111111111114,0.22777777777777777,0.19027777777777777,0.10277777777777777,0.20555555555555555
605,720,0.01,0.5955810815837767,0.8140847700026017,487,4.707194038549763e-05,0.02003677375614643,435537,9.152201847235363,0.25833333333333336,0.2263888888888889,0.19305555555555556,0.09027777777777778,0.23194444444444445
606,720,0.01,0.27063676835918604,0.3107988602817333,476,5.1605712767215866e-05,0.020563708618283272,436257,9.16790076494217,0.19583333333333333,0.25277777777777777,0.225,0.09861111111111111,0.22777777777777777
607,720,0.01,0.23304607863752,0.2624396494860499,443,5.525587172946366e-05,0.020055226981639862,436977,9.181697118282319,0.24027777777777778,0.30277777777777776,0.1875,0.06944444444444445,0.2
608,720,0.01,0.19439935791172747,0.2145812387414514,470,4.530897446354882e-05,0.019505750387907028,437697,9.19602601925532,0.3,0.20277777777777778,0.22361111111111112,0.08055555555555556,0.19305555555555556
609,720,0.01,0.6642009195508805,0.9429373376197505,467,4.761529561139671e-05,0.019273072481155396,438417,9.210270901521048,0.23333333333333334,0.26944444444444443,0.1875,0.09027777777777778,0.21944444444444444
610,720,0.01,0.2809169392736361,0.32434359842551364,381,4.655157115646741e-05,0.019737785682082176,439137,9.224402781327566,0.2013888888888889,0.30277777777777776,0.2638888888888889,0.10277777777777777,0.12916666666666668
611,720,0.01,0.145137191548839,0.15619818000689678,462,4.71975020938468e-05,0.019083112478256226,439857,9.250417669614157,0.28055555555555556,0.30972222222222223,0.2013888888888889,0.059722222222222225,0.1486111111111111
612,720,0.01,0.4724166758070696,0.6038655364822054,478,4.449748885993661e-05,0.01915048621594906,440577,9.264972619215648,0.24027777777777778,0.275,0.23333333333333334,0.07916666666666666,0.17222222222222222
613,720,0.01,0.0737222058061771,0.07650771636231957,426,4.3364999615075956e-05,0.01803884096443653,441297,9.27894366979599,0.20555555555555555,0.225,0.2638888888888889,0.11944444444444445,0.18611111111111112
614,720,0.01,0.22407785181293777,0.25116842136674755,387,4.343295273025028e-05,0.018682748079299927,442017,9.29361006418864,0.20833333333333334,0.2222222222222222,0.2708333333333333,0.13472222222222222,0.1638888888888889
615,720,0.01,1.390698339651717,3.017654761187396,517,4.772906034228678e-05,0.018625332042574883,442737,9.307670950889587,0.21388888888888888,0.2222222222222222,0.2638888888888889,0.07777777777777778,0.2222222222222222
616,720,0.01,1.0561775662979571,1.87535908706294,484,4.6974871459800245e-05,0.018910905346274376,443457,9.323028870423634,0.2611111111111111,0.25277777777777777,0.2222222222222222,0.08055555555555556,0.18333333333333332
617,720,0.01,0.17453477427794123,0.19069214712476623,469,4.8442656018071125e-05,0.01866428554058075,444177,9.335911683241527,0.2152777777777778,0.24305555555555555,0.2375,0.12361111111111112,0.18055555555555555
618,720,0.01,0.4411451852887023,0.5544863745128366,446,4.411534046842765e-05,0.01867198944091797,444897,9.349631985028585,0.21944444444444444,0.2861111111111111,0.21944444444444444,0.09583333333333334,0.17916666666666667
619,720,0.01,0.772763682798196,1.165743418317592,447,4.3981112281067505e-05,0.018671955913305283,445617,9.365924199422201,0.23194444444444445,0.28194444444444444,0.2222222222222222,0.08055555555555556,0.18333333333333332
620,720,0.01,2.1587218220905067,7.660061482028215,492,4.606986408109353e-05,0.018993474543094635,446337,9.37929524978002,0.25,0.175,0.22083333333333333,0.08333333333333333,0.2708333333333333
621,720,0.01,0.6769391985607732,0.967845321142605,460,4.20956812414867e-05,0.018451733514666557,447057,9.409655598799388,0.2222222222222222,0.2263888888888889,0.2986111111111111,0.075,0.17777777777777778
622,720,0.01,0.06824974684057704,0.07063266221681941,501,4.3716560691741e-05,0.018511155620217323,447777,9.42622343301773,0.19305555555555556,0.30972222222222223,0.2569444444444444,0.058333333333333334,0.18194444444444444
623,720,0.01,0.8580328746675001,1.3585166296659934,485,4.496700004842245e-05,0.01846538484096527,448497,9.44095019896825,0.24583333333333332,0.2902777777777778,0.17777777777777778,0.07777777777777778,0.20833333333333334
624,720,0.01,0.7972766740623286,1.219488300536688,466,4.895537800848615e-05,0.018157055601477623,449217,9.455872702598572,0.24722222222222223,0.2513888888888889,0.2222222222222222,0.07083333333333333,0.20833333333333334
625,720,0.01,0.30409699450414956,0.3554005161151048,422,4.4819880884006125e-05,0.018775083124637604,449937,9.471186717351278,0.19027777777777777,0.2708333333333333,0.2833333333333333,0.059722222222222225,0.19583333333333333
626,720,0.01,0.2131916816708764,0.23762185793443313,474,4.432864777123137e-05,0.018672365695238113,450657,9.489461533228557,0.2152777777777778,0.32222222222222224,0.22361111111111112,0.07083333333333333,0.16805555555555557
627,720,0.01,1.4979405941609363,3.4724689509402618,509,4.3892156363906705e-05,0.017870694398880005,451377,9.504085203011831,0.2638888888888889,0.24583333333333332,0.2263888888888889,0.07361111111111111,0.19027777777777777
628,720,0.01,1.8132915418588882,5.130593363128923,475,4.193275737204911e-05,0.018105782568454742,452097,9.51820676724116,0.20833333333333334,0.2152777777777778,0.23194444444444445,0.09444444444444444,0.25
629,720,0.01,1.0207212676122484,1.775195701048808,478,4.5064543955201467e-05,0.018028002232313156,452817,9.534769697984059,0.24583333333333332,0.24166666666666667,0.23472222222222222,0.07916666666666666,0.1986111111111111
630,720,0.01,0.14297413397209224,0.15369995964470795,477,4.521594887718392e-05,0.017795832827687263,453537,9.548560535907745,0.22777777777777777,0.20833333333333334,0.225,0.1,0.2388888888888889
631,720,0.01,1.0662421826259172,1.9044445947960948,487,4.3717075048890464e-05,0.018334828317165375,454257,9.574435333410898,0.23194444444444445,0.22361111111111112,0.25,0.08472222222222223,0.20972222222222223
632,720,0.01,0.7234302494327617,1.0614925296899065,439,4.316496025340813e-05,0.01870397850871086,454977,9.589309616883595,0.225,0.25972222222222224,0.25972222222222224,0.06527777777777778,0.19027777777777777
633,720,0.01,0.16762408532959555,0.18249201099271062,450,4.4104436263599685e-05,0.018558170646429062,455697,9.603906214237213,0.18888888888888888,0.2833333333333333,0.23194444444444445,0.10694444444444444,0.18888888888888888
634,720,0.01,0.8756880633544493,1.4005264401302124,490,4.380585228697479e-05,0.018043043091893196,456417,9.619243999322256,0.25833333333333336,0.19444444444444445,0.2708333333333333,0.06666666666666667,0.20972222222222223
635,720,0.01,0.5197358269881359,0.681583362075608,468,4.50027535811791e-05,0.018135925754904747,457137,9.63360220193863,0.22083333333333333,0.2652777777777778,0.24305555555555555,0.06111111111111111,0.20972222222222223
636,720,0.01,1.6363170461932801,4.136218180915768,478,4.534081726761643e-05,0.01891396939754486,457857,9.648203281561534,0.2152777777777778,0.20277777777777778,0.2763888888888889,0.08055555555555556,0.225
637,720,0.01,0.922950809702501,1.5167057636630386,481,4.431769078792058e-05,0.01827528327703476,458577,9.665229034423827,0.20555555555555555,0.2652777777777778,0.25416666666666665,0.07916666666666666,0.19583333333333333
638,720,0.01,0.7928286923442058,1.2096379804145512,460,4.5095487429433785e-05,0.01822419837117195,459297,9.679976816972097,0.2222222222222222,0.2777777777777778,0.2263888888888889,0.05277777777777778,0.22083333333333333
639,720,0.01,1.1808759615444815,2.2572261584620894,476,4.493433268382634e-05,0.018535977229475975,460017,9.694681783517202,0.2222222222222222,0.2111111111111111,0.275,0.08611111111111111,0.20555555555555555
640,720,0.01,0.9522372836348242,1.5915011013545661,476,4.4952603392781994e-05,0.01828131079673767,460737,9.709474869569142,0.25833333333333336,0.19444444444444445,0.23472222222222222,0.10277777777777777,0.20972222222222223
641,720,0.01,0.22173061324002247,0.24823507456606264,385,4.4436883978151955e-05,0.01872570998966694,461457,9.735762818654377,0.12916666666666668,0.17916666666666667,0.3125,0.19444444444444445,0.18472222222222223
642,720,0.01,1.1183588572530374,2.059828465151627,480,4.5548671221240514e-05,0.01842307113111019,462177,9.750955200195312,0.25277777777777777,0.19027777777777777,0.25833333333333336,0.05555555555555555,0.24305555555555555
643,720,0.01,0.19791646443608693,0.21886057136364245,453,4.574378666701604e-05,0.019371729344129562,462897,9.764221700032552,0.2125,0.275,0.24583333333333332,0.08888888888888889,0.17777777777777778
644,720,0.01,1.839622768579066,5.29416345690501,454,4.7160765833117085e-05,0.018923737108707428,463617,9.776275185743968,0.24583333333333332,0.1875,0.24861111111111112,0.059722222222222225,0.25833333333333336
645,720,0.01,-0.07261305282645723,-0.07003939395783887,404,4.5394710078502006e-05,0.018771164119243622,464337,9.790132633845012,0.24722222222222223,0.2611111111111111,0.22777777777777777,0.10972222222222222,0.15416666666666667
646,720,0.01,1.5696673093118512,3.805049332657756,472,4.574647203728293e-05,0.019543008878827095,465057,9.802717034022013,0.24444444444444444,0.2513888888888889,0.24583333333333332,0.07083333333333333,0.1875
647,720,0.01,0.2844220628771749,0.32899373131590504,434,5.103033866160129e-05,0.020085766911506653,465777,9.816026580333709,0.17777777777777778,0.29444444444444445,0.25,0.1125,0.16527777777777777
648,720,0.01,0.24345394768472545,0.2756475699638645,460,4.615408010345668e-05,0.019221264868974686,466497,9.831006749471028,0.21944444444444444,0.2513888888888889,0.24027777777777778,0.06111111111111111,0.22777777777777777
649,720,0.01,1.1300198415467746,2.0957179233473306,500,4.923916415893675e-05,0.019646644592285156,467217,9.844593199094136,0.25277777777777777,0.175,0.2861111111111111,0.075,0.2111111111111111
650,720,0.01,0.658474562641572,0.9318431798414883,499,4.610683351605379e-05,0.018975958228111267,467937,9.858434919516245,0.26666666666666666,0.20694444444444443,0.24444444444444444,0.08611111111111111,0.19583333333333333
651,720,0.01,1.5852993605320007,3.8807522644304697,471,4.5131751853154535e-05,0.019148511812090874,468657,9.885499453544616,0.25277777777777777,0.19722222222222222,0.2361111111111111,0.07777777777777778,0.2361111111111111
652,720,0.01,0.15267208980712557,0.1649429196481258,422,4.9106834747666044e-05,0.02024311013519764,469377,9.900930134455363,0.12777777777777777,0.1625,0.2916666666666667,0.22777777777777777,0.19027777777777777
653,720,0.01,0.4247941739276967,0.5292756224729152,461,4.812837671579473e-05,0.019304992631077766,470097,9.915819350878397,0.16944444444444445,0.19583333333333333,0.2652777777777778,0.17916666666666667,0.19027777777777777
654,720,0.01,0.6713828772025265,0.9569416603288634,493,4.989994075559581e-05,0.02055453509092331,470817,9.93068329890569,0.23055555555555557,0.25416666666666665,0.24027777777777778,0.08472222222222223,0.19027777777777777
655,720,0.01,0.9154580646386106,1.4979191983390563,493,4.8372695519244896e-05,0.019996244460344315,471537,9.944448900222778,0.23194444444444445,0.17083333333333334,0.24583333333333332,0.10833333333333334,0.24305555555555555
656,720,0.01,1.0442236666809719,1.8411919552656815,452,4.9449517613690354e-05,0.01919148862361908,472257,9.95841273466746,0.25972222222222224,0.1986111111111111,0.25972222222222224,0.05277777777777778,0.22916666666666666
657,720,0.01,0.7688400019102714,1.1572623815805128,485,4.95271585754785e-05,0.019033808261156082,472977,9.973974132537842,0.20277777777777778,0.2611111111111111,0.2388888888888889,0.075,0.2222222222222222
658,720,0.01,2.0479595102974115,6.752066944304808,500,4.9770784888399554e-05,0.019559144973754883,473697,9.989656615257264,0.25416666666666665,0.17916666666666667,0.25416666666666665,0.0763888888888889,0.2361111111111111
659,720,0.01,0.14580703393400832,0.1569729099980468,433,4.715989476456646e-05,0.019185135141015053,474417,10.004827268918355,0.19305555555555556,0.24583333333333332,0.26666666666666666,0.11666666666666667,0.17777777777777778
660,720,0.01,0.3855677428819501,0.47044892140802985,442,4.854913159862109e-05,0.01959620602428913,475137,10.02054495414098,0.18888888888888888,0.24861111111111112,0.2791666666666667,0.10833333333333334,0.175
661,720,0.01,1.1622210026146942,2.1970259998264723,477,4.802131607119817e-05,0.019006475806236267,475857,10.047693586349487,0.16666666666666666,0.16111111111111112,0.29305555555555557,0.10277777777777777,0.2763888888888889
662,720,0.01,0.25471214054110697,0.2900902027496577,386,4.919334717972864e-05,0.019196275621652603,476577,10.063192665576935,0.15416666666666667,0.2388888888888889,0.30416666666666664,0.125,0.17777777777777778
663,720,0.01,1.4651857298117006,3.32834706873707,461,4.955706177093412e-05,0.020024234429001808,477297,10.078886234760285,0.21388888888888888,0.175,0.28888888888888886,0.06944444444444445,0.25277777777777777
664,720,0.01,0.9086258855063012,1.480911134148018,482,4.904663868248665e-05,0.02060379646718502,478017,10.093314083417257,0.2361111111111111,0.2013888888888889,0.2708333333333333,0.08472222222222223,0.20694444444444443
665,720,0.01,0.2908093253106724,0.33750953042049536,432,4.982397147159645e-05,0.020006870850920677,478737,10.110377566019695,0.19583333333333333,0.27361111111111114,0.2611111111111111,0.08888888888888889,0.18055555555555555
666,720,0.01,0.19274827365860991,0.21257751739560415,407,4.6683107321617474e-05,0.01895720511674881,479457,10.127531969547272,0.20277777777777778,0.24583333333333332,0.2263888888888889,0.18611111111111112,0.1388888888888889
667,720,0.01,0.3426002725619422,0.4086055910723767,458,4.7034699735427747e-05,0.01950151100754738,480177,10.14199921687444,0.2,0.23333333333333334,0.2611111111111111,0.15138888888888888,0.15416666666666667
668,720,0.01,0.23196226492075536,0.2610721412732906,436,4.6217228782552414e-05,0.019253183156251907,480897,10.15611792008082,0.20277777777777778,0.24166666666666667,0.2388888888888889,0.09861111111111111,0.21805555555555556
669,720,0.01,1.6278316498287346,4.0928197208012635,489,4.5792199838009155e-05,0.018974648788571358,481617,10.17069668372472,0.24444444444444444,0.21388888888888888,0.225,0.08611111111111111,0.23055555555555557
670,720,0.01,0.23552295757879527,0.265570435356693,477,4.805907065651304e-05,0.018798120319843292,482337,10.183708198865254,0.2513888888888889,0.2222222222222222,0.23055555555555557,0.1,0.19583333333333333
671,720,0.01,0.3475939149398917,0.4156572557378988,465,4.8375615532828914e-05,0.01892954297363758,483057,10.21028283437093,0.21944444444444444,0.2152777777777778,0.24444444444444444,0.09444444444444444,0.2263888888888889
672,720,0.01,0.20457765503736916,0.22700673540012928,422,4.704097454527477e-05,0.018984239548444748,483777,10.224510069688161,0.19166666666666668,0.19583333333333333,0.26666666666666666,0.20833333333333334,0.1375
673,720,0.01,0.292261835122248,0.33945368774849194,447,4.492388689969731e-05,0.019039060920476913,484497,10.239525886376699,0.22777777777777777,0.22361111111111112,0.25416666666666665,0.08888888888888889,0.20555555555555555
674,720,0.01,0.3123720880505077,0.3666631174493604,397,4.648750470247857e-05,0.01900453306734562,485217,10.25361743370692,0.18333333333333332,0.175,0.2972222222222222,0.18333333333333332,0.16111111111111112
675,720,0.01,0.13497620576291983,0.1445095512957193,396,4.627681015310574e-05,0.01962161622941494,485937,10.268697547912598,0.15416666666666667,0.2152777777777778,0.2625,0.1388888888888889,0.22916666666666666
676,720,0.01,0.7840058328773375,1.1902284049270042,458,4.263294790057949e-05,0.018910428509116173,486657,10.283598216374715,0.18888888888888888,0.17777777777777778,0.3125,0.08472222222222223,0.2361111111111111
677,720,0.01,-0.010337090548263891,-0.01028384644871938,454,4.291453471852138e-05,0.018777813762426376,487377,10.29854159752528,0.18611111111111112,0.22083333333333333,0.3277777777777778,0.08055555555555556,0.18472222222222223
678,720,0.01,0.10979584365792316,0.11605019847281262,448,4.647586253112321e-05,0.01949276775121689,488097,10.3107435186704,0.20972222222222223,0.2,0.3013888888888889,0.10972222222222222,0.17916666666666667
679,720,0.01,1.0322266949115302,1.8073099029776731,455,4.545006510802018e-05,0.019600125029683113,488817,10.325275150934855,0.21944444444444444,0.24305555555555555,0.24861111111111112,0.09583333333333334,0.19305555555555556
680,720,0.01,0.13142503381058854,0.14045240914634105,462,4.672716393214513e-05,0.019076060503721237,489537,10.339332365989685,0.23472222222222222,0.21944444444444444,0.24861111111111112,0.13055555555555556,0.16666666666666666
681,720,0.01,0.6788969715633311,0.9717016893005319,469,4.741573719557992e-05,0.020025577396154404,490257,10.366835383574168,0.20694444444444443,0.23194444444444445,0.2791666666666667,0.06805555555555555,0.21388888888888888
682,720,0.01,0.4191487981140681,0.5206666102803208,455,4.729654700162832e-05,0.019812364131212234,490977,10.380640053749085,0.23194444444444445,0.2125,0.30833333333333335,0.06527777777777778,0.18194444444444444
683,720,0.01,0.7901471660015866,1.2037207151594695,460,4.892613175494868e-05,0.020180441439151764,491697,10.395354251066843,0.18472222222222223,0.21666666666666667,0.2861111111111111,0.10694444444444444,0.20555555555555555
684,720,0.01,0.266874325557713,0.30587632073937177,421,4.9069247787277466e-05,0.019656162708997726,492417,10.410758650302887,0.25,0.22361111111111112,0.2222222222222222,0.11527777777777778,0.18888888888888888
685,720,0.01,0.5461524616906948,0.7265970731934552,429,4.679343830326212e-05,0.01984819583594799,493137,10.425009834766389,0.23333333333333334,0.16111111111111112,0.2569444444444444,0.12222222222222222,0.2263888888888889
686,720,0.01,0.8120300995008625,1.2524760988504484,493,4.722787802949016e-05,0.019576899707317352,493857,10.440131481488546,0.23194444444444445,0.19305555555555556,0.24583333333333332,0.10972222222222222,0.21944444444444444
687,720,0.01,0.41849625309520466,0.5196746305493434,423,4.577587951517772e-05,0.018954936414957047,494577,10.452337984244028,0.21666666666666667,0.2,0.28055555555555556,0.10833333333333334,0.19444444444444445
688,720,0.01,0.453028792405994,0.5730694783172186,467,4.376371732885471e-05,0.019501926377415657,495297,10.46598391532898,0.20555555555555555,0.21944444444444444,0.27361111111111114,0.11388888888888889,0.1875
689,720,0.01,0.2825529754019623,0.32651204574425674,433,4.325921974112943e-05,0.018633872270584106,496017,10.480339817206065,0.20833333333333334,0.26666666666666666,0.24166666666666667,0.11944444444444445,0.1638888888888889
690,720,0.01,1.2036585869449534,2.332286106600426,453,4.324127602583556e-05,0.018254943192005157,496737,10.494794849554697,0.24722222222222223,0.1625,0.2875,0.08472222222222223,0.21805555555555556
691,720,0.01,0.8693917262510814,1.385459399796423,495,4.2749108244303596e-05,0.01745932549238205,497457,10.521831365426381,0.19166666666666668,0.24027777777777778,0.2375,0.09305555555555556,0.2375
692,720,0.01,0.21678950555728646,0.2420826231292319,436,4.415115891889501e-05,0.017577743157744408,498177,10.537253801027934,0.1361111111111111,0.20694444444444443,0.26944444444444443,0.1375,0.25
693,720,0.01,-0.008753558516305295,-0.008715357668667933,445,4.3040996616936257e-05,0.018173854798078537,498897,10.550289301077525,0.22916666666666666,0.22361111111111112,0.26666666666666666,0.11388888888888889,0.16666666666666666
694,720,0.01,0.2227476979354335,0.24950528120104432,424,4.343782664793454e-05,0.018089203163981438,499617,10.566535381476085,0.175,0.2763888888888889,0.2569444444444444,0.13055555555555556,0.16111111111111112
695,720,0.01,1.6338899543394259,4.123767223530025,476,4.642457532150325e-05,0.019064923748373985,500337,10.583063765366871,0.1763888888888889,0.22361111111111112,0.29583333333333334,0.075,0.22916666666666666
696,720,0.01,1.3916643158868525,3.0215375952684767,462,4.6741854307836345e-05,0.01910126581788063,501057,10.598390201727549,0.15138888888888888,0.15138888888888888,0.2708333333333333,0.14305555555555555,0.2833333333333333
697,720,0.01,0.4055497053990708,0.5001269013040364,451,4.72581737881228e-05,0.019693119451403618,501777,10.61200855175654,0.22777777777777777,0.20555555555555555,0.2611111111111111,0.08333333333333333,0.2222222222222222
698,720,0.01,0.3102320143225588,0.3637414849862608,416,4.303724585194383e-05,0.01884187012910843,502497,10.626706000169118,0.18055555555555555,0.19722222222222222,0.2847222222222222,0.10416666666666667,0.23333333333333334
699,720,0.01,0.3877553163859637,0.4736691574748617,476,4.317030969534446e-05,0.0181458480656147,503217,10.640837947527567,0.21944444444444444,0.25972222222222224,0.19027777777777777,0.11805555555555555,0.2125
700,720,0.01,0.8652206433109811,1.375530172999543,472,4.386763787983404e-05,0.018882576376199722,503937,10.654651701450348,0.2125,0.19722222222222222,0.24305555555555555,0.14583333333333334,0.2013888888888889
701,720,0.01,0.9706778070621106,1.6397330828404928,438,4.4996086396369924e-05,0.019694717600941658,504657,10.679759351412455,0.2152777777777778,0.18888888888888888,0.24166666666666667,0.13055555555555556,0.22361111111111112
702,720,0.01,0.3396216190355533,0.40441608570128174,427,4.32114541657332e-05,0.01886531338095665,505377,10.695213536421457,0.21666666666666667,0.1986111111111111,0.28055555555555556,0.10416666666666667,0.2
703,720,0.01,0.2653166935192796,0.3038438292917893,487,4.508547599344739e-05,0.018424227833747864,506097,10.706941282749176,0.2152777777777778,0.2263888888888889,0.2625,0.08611111111111111,0.20972222222222223
704,720,0.01,0.869872191423104,1.3866058053392063,455,4.4902606421399266e-05,0.01837662234902382,506817,10.721509567896526,0.20833333333333334,0.23055555555555557,0.20972222222222223,0.12222222222222222,0.22916666666666666
705,720,0.01,0.3151428229645729,0.37045502943023645,417,4.2856017298870735e-05,0.018544156104326248,507537,10.735148016611735,0.14444444444444443,0.25416666666666665,0.3055555555555556,0.1486111111111111,0.14722222222222223
706,720,0.01,0.5061038162872523,0.6588155378817855,465,4.3554859929726165e-05,0.019022829830646515,508257,10.750160149733226,0.24722222222222223,0.19583333333333333,0.25555555555555554,0.11944444444444445,0.18194444444444444
707,720,0.01,1.2512624347559327,2.4947520702444947,503,4.4100778502019646e-05,0.01843952387571335,508977,10.766023635864258,0.2263888888888889,0.18333333333333332,0.24722222222222223,0.10972222222222222,0.23333333333333334
708,720,0.01,0.7426632061643244,1.1015248623658316,500,4.417123146191039e-05,0.018699519336223602,509697,10.780158332983653,0.25416666666666665,0.20833333333333334,0.19027777777777777,0.08611111111111111,0.2611111111111111
709,720,0.01,1.2047533022968102,2.335936008795581,484,4.5631550129756864e-05,0.01830744743347168,510417,10.794849284489949,0.2263888888888889,0.18888888888888888,0.2361111111111111,0.09305555555555556,0.25555555555555554
710,720,0.01,0.7469678921672113,1.110590765960227,452,4.605420214652946e-05,0.01857972890138626,511137,10.81097058057785,0.23472222222222222,0.2361111111111111,0.24444444444444444,0.09444444444444444,0.19027777777777777
711,720,0.01,0.12658616935827743,0.1349472446383604,438,4.3826256786714014e-05,0.018113374710083008,511857,10.838833316167195,0.2388888888888889,0.22083333333333333,0.2361111111111111,0.11388888888888889,0.19027777777777777
712,720,0.01,1.8112129431556716,5.117863554379692,497,4.1706928934420126e-05,0.017390284687280655,512577,10.854346966743469,0.24305555555555555,0.2152777777777778,0.19722222222222222,0.09166666666666666,0.25277777777777777
713,720,0.01,1.1650675092157656,2.206139319848113,507,4.063912559154738e-05,0.017700251191854477,513297,10.870244363943735,0.2263888888888889,0.22083333333333333,0.2263888888888889,0.11944444444444445,0.20694444444444443
714,720,0.01,1.1088312237800655,2.030813980218508,482,4.6059484970505256e-05,0.01842927187681198,514017,10.885017116864523,0.25833333333333336,0.2388888888888889,0.21805555555555556,0.06944444444444445,0.2152777777777778
715,720,0.01,0.9311092732614261,1.537322200796675,492,4.7248674110910036e-05,0.018276434391736984,514737,10.900693118572235,0.2263888888888889,0.225,0.2111111111111111,0.08888888888888889,0.24861111111111112
716,720,0.01,0.02635614017956891,0.026706534819259664,383,4.8180721710701214e-05,0.018520448356866837,515457,10.915094864368438,0.15694444444444444,0.22777777777777777,0.25833333333333336,0.19166666666666668,0.16527777777777777
717,720,0.01,0.15295727712754834,0.16527519397578683,417,4.676783752554709e-05,0.01834654062986374,516177,10.928937915960947,0.17083333333333334,0.21805555555555556,0.25277777777777777,0.1375,0.22083333333333333
718,720,0.01,0.4192746617474699,0.5208580189505252,456,4.4675879985334176e-05,0.01893555372953415,516897,10.943213899930319,0.20972222222222223,0.23194444444444445,0.225,0.13055555555555556,0.20277777777777778
719,720,0.01,0.9142315849242713,1.4948574290969674,456,4.438888984800037e-05,0.018390322104096413,517617,10.958291149139404,0.18611111111111112,0.19027777777777777,0.3125,0.08333333333333333,0.22777777777777777
720,720,0.01,0.40991720879694027,0.5066930390196434,432,4.493395884613468e-05,0.018832586705684662,518337,10.973930033047994,0.24166666666666667,0.2125,0.2263888888888889,0.15,0.16944444444444445
721,720,0.01,0.10737731341646406,0.11335425873682037,426,4.300274752672016e-05,0.017926009371876717,519057,11.000259482860566,0.23472222222222222,0.22361111111111112,0.2611111111111111,0.0875,0.19305555555555556
722,720,0.01,0.19146239081884606,0.21101928683977755,462,4.289368475080361e-05,0.01871125027537346,519777,11.015673633416494,0.19444444444444445,0.2125,0.2847222222222222,0.09583333333333334,0.2125
723,720,0.01,0.9069043803473543,1.4766439069124,492,4.269096315662561e-05,0.01831405609846115,520497,11.03246973355611,0.21388888888888888,0.2361111111111111,0.21388888888888888,0.1,0.2361111111111111
724,720,0.01,0.39837174007862713,0.4893975957889589,439,4.443957713596723e-05,0.018451880663633347,521217,11.047394700845082,0.22083333333333333,0.22777777777777777,0.23194444444444445,0.09444444444444444,0.225
725,720,0.01,0.35462347313483245,0.4256437600344556,414,4.0801490680072065e-05,0.01801457814872265,521937,11.061524283885955,0.20694444444444443,0.30694444444444446,0.24166666666666667,0.08611111111111111,0.15833333333333333
726,720,0.01,0.4734649672154604,0.6055477365081856,441,4.277950539770043e-05,0.01801808923482895,522657,11.076266900698345,0.19166666666666668,0.19444444444444445,0.2763888888888889,0.09861111111111111,0.2388888888888889
727,720,0.01,0.20337120772574593,0.22552730902729223,454,4.396227648347425e-05,0.018368884921073914,523377,11.090991135438284,0.17916666666666667,0.3111111111111111,0.2222222222222222,0.0875,0.2
728,720,0.01,0.5905653228564293,0.805008539604412,447,4.300461325783545e-05,0.0181904099881649,524097,11.105129547913869,0.19722222222222222,0.2013888888888889,0.26666666666666666,0.11527777777777778,0.21944444444444444
729,720,0.01,0.0538012916914954,0.055274889431651264,384,4.055836262750745e-05,0.018252337351441383,524817,11.120406401157378,0.14583333333333334,0.19722222222222222,0.30694444444444446,0.20416666666666666,0.14583333333333334
730,720,0.01,0.219629929787341,0.2456156800225071,415,4.060275089033085e-05,0.017980925738811493,525537,11.132374517122905,0.14722222222222223,0.18611111111111112,0.2722222222222222,0.19027777777777777,0.20416666666666666
731,720,0.01,0.5579981451279393,0.7471714135249994,448,3.984434774919363e-05,0.017610616981983185,526257,11.158513049284617,0.2777777777777778,0.2125,0.2388888888888889,0.09861111111111111,0.17222222222222222
732,720,0.01,1.3400900897466184,2.8193875775265154,477,4.113753280737203e-05,0.018047446385025978,526977,11.17216989994049,0.2777777777777778,0.19027777777777777,0.2222222222222222,0.10555555555555556,0.20416666666666666
733,720,0.01,1.0677443503810315,1.908810836405558,514,4.737075829805488e-05,0.018217019736766815,527697,11.186068165302277,0.27361111111111114,0.21388888888888888,0.19444444444444445,0.09861111111111111,0.21944444444444444
734,720,0.01,0.38647466852988904,0.4717831141642077,455,4.294731795526887e-05,0.01803951896727085,528417,11.200461248556772,0.2902777777777778,0.2,0.24861111111111112,0.08611111111111111,0.175
735,720,0.01,0.6031779616092903,0.8279186349302097,454,4.180137807326092e-05,0.017498554661870003,529137,11.214350950717925,0.2569444444444444,0.225,0.2847222222222222,0.05694444444444444,0.1763888888888889
736,720,0.01,0.43784055576800524,0.5493578515514921,470,4.159197440887712e-05,0.017493989318609238,529857,11.229348119099935,0.20416666666666666,0.21666666666666667,0.29583333333333334,0.09722222222222222,0.18611111111111112
737,720,0.01,-0.010882951353489503,-0.010823946282167207,382,4.0937333055050354e-05,0.017691027373075485,530577,11.244219768047333,0.19444444444444445,0.24583333333333332,0.25277777777777777,0.15416666666666667,0.1527777777777778
738,720,0.01,0.26014916170521973,0.29712355339760776,483,4.3013150560808656e-05,0.01832522265613079,531297,11.258887000878651,0.20555555555555555,0.2013888888888889,0.26666666666666666,0.11944444444444445,0.20694444444444443
739,720,0.01,0.2751623442115868,0.31674442335200936,464,4.355825294750401e-05,0.018294360488653183,532017,11.27296940088272,0.22361111111111112,0.20555555555555555,0.22361111111111112,0.09861111111111111,0.24861111111111112
740,720,0.01,0.04718321595594032,0.04831405934829136,341,4.261780542012477e-05,0.019123760983347893,532737,11.287239452203115,0.27361111111111114,0.16944444444444445,0.325,0.12222222222222222,0.10972222222222222
741,720,0.01,0.3751216555393696,0.455168433150948,446,4.502444581299238e-05,0.018567968159914017,533457,11.313005999724071,0.24722222222222223,0.1736111111111111,0.2611111111111111,0.08888888888888889,0.22916666666666666
742,720,0.01,1.1148785526810205,2.0491978397920994,500,4.432563807894338e-05,0.01839543506503105,534177,11.32894280354182,0.24722222222222223,0.2263888888888889,0.21805555555555556,0.09722222222222222,0.2111111111111111
743,720,0.01,1.4854108333995029,3.4167796006667723,468,4.264163745928171e-05,0.01764770597219467,534897,11.344014751911164,0.19444444444444445,0.21666666666666667,0.20694444444444443,0.10694444444444444,0.275
744,720,0.01,0.9327201695805488,1.5414128577178534,481,4.1657580166227286e-05,0.018081853166222572,535617,11.35902825196584,0.25,0.19444444444444445,0.20972222222222223,0.09861111111111111,0.24722222222222223
745,720,0.01,0.5088686704274885,0.6634082670770189,483,4.368520173127561e-05,0.018730338662862778,536337,11.373290050029755,0.1638888888888889,0.24722222222222223,0.22777777777777777,0.11666666666666667,0.24444444444444444
746,720,0.01,0.07467735422411675,0.07753643221445095,397,4.451653912964402e-05,0.01912945695221424,537057,11.388523217042287,0.1486111111111111,0.22361111111111112,0.3541666666666667,0.15833333333333333,0.11527777777777778
747,720,0.01,0.3651500790373052,0.440730215328462,452,4.553916238718456e-05,0.018382485955953598,537777,11.403519896666209,0.1763888888888889,0.20694444444444443,0.2847222222222222,0.10138888888888889,0.23055555555555557
748,720,0.01,0.44869319821056275,0.5662640508642425,432,4.3395424480271076e-05,0.018261533230543137,538497,11.418061482906342,0.1638888888888889,0.2263888888888889,0.21805555555555556,0.18888888888888888,0.20277777777777778
749,720,0.01,0.8446906169772297,1.3272576891600516,472,4.565027579259448e-05,0.018726270645856857,539217,11.431377418835957,0.23194444444444445,0.25277777777777777,0.17083333333333334,0.10277777777777777,0.24166666666666667
750,720,0.01,1.2505660816148676,2.4923193357825792,480,4.9404140308221635e-05,0.018052995204925537,539937,11.448310681184132,0.2791666666666667,0.19444444444444445,0.2111111111111111,0.075,0.24027777777777778
751,720,0.01,1.2927011704972218,2.642612596551169,490,5.006509991921525e-05,0.018695559352636337,540657,11.474940137068431,0.24027777777777778,0.21805555555555556,0.19305555555555556,0.10555555555555556,0.24305555555555555
752,720,0.01,0.779912266222423,1.1812808850910543,466,4.744110208194898e-05,0.019512729719281197,541377,11.491175850232443,0.18472222222222223,0.3125,0.19166666666666668,0.10416666666666667,0.20694444444444443
753,720,0.01,1.0829794457748676,1.953466147205698,478,4.585191151388951e-05,0.019453318789601326,542097,11.505216952164968,0.2388888888888889,0.2125,0.225,0.11527777777777778,0.20833333333333334
754,720,0.01,0.9787885264275271,1.661230278086836,451,4.8106248484853295e-05,0.01928117126226425,542817,11.518513933817546,0.24444444444444444,0.24027777777777778,0.17777777777777778,0.10555555555555556,0.23194444444444445
755,720,0.01,0.4219081814275614,0.5248685070057975,465,4.7370431870300916e-05,0.018557196483016014,543537,11.532261582215627,0.24027777777777778,0.2652777777777778,0.20416666666666666,0.11388888888888889,0.1763888888888889
756,720,0.01,0.9411018681700862,1.5628037349950312,457,4.386640778446033e-05,0.018195029348134995,544257,11.54641760190328,0.24861111111111112,0.2,0.22083333333333333,0.08888888888888889,0.24166666666666667
757,720,0.01,1.27985821013609,2.596129794664437,489,4.375454312821603e-05,0.018768619745969772,544977,11.561392501990001,0.2916666666666667,0.2222222222222222,0.17222222222222222,0.09027777777777778,0.22361111111111112
758,720,0.01,0.1484867362436408,0.16007741068824743,399,4.804181893405257e-05,0.019082948565483093,545697,11.575857384999592,0.3055555555555556,0.2111111111111111,0.20555555555555555,0.1361111111111111,0.14166666666666666
759,720,0.01,0.1874730710517318,0.20619776734634887,448,4.717050303371353e-05,0.01905292645096779,546417,11.59040006796519,0.22916666666666666,0.2013888888888889,0.22916666666666666,0.12361111111111112,0.21666666666666667
760,720,0.01,0.5162628310295989,0.6757533595028435,448,4.608312289443954e-05,0.018042854964733124,547137,11.605378615856171,0.20277777777777778,0.2152777777777778,0.2708333333333333,0.11527777777777778,0.19583333333333333
761,720,0.01,0.3651272444813548,0.4406973172693578,473,4.846789457436292e-05,0.019248418509960175,547857,11.631790733337402,0.2375,0.25277777777777777,0.22361111111111112,0.07916666666666666,0.20694444444444443
762,720,0.01,1.3049836117639297,2.6876286594808083,486,4.676106637791438e-05,0.018629558384418488,548577,11.64824274778366,0.275,0.2125,0.19166666666666668,0.08888888888888889,0.23194444444444445
763,720,0.01,0.8357390473979794,1.3065180447017255,477,4.987170314557766e-05,0.01874176785349846,549297,11.663200533390045,0.28055555555555556,0.1875,0.20833333333333334,0.09027777777777778,0.23333333333333334
764,720,0.01,1.5365270740374042,3.648418592107027,473,4.929741068938003e-05,0.0183703675866127,550017,11.679237333933512,0.26805555555555555,0.18055555555555555,0.19583333333333333,0.10555555555555556,0.25
765,720,0.01,0.7482292657557373,1.1132546891565709,465,4.9284143976061993e-05,0.018546132370829582,550737,11.694633837540945,0.2722222222222222,0.2125,0.225,0.09583333333333334,0.19444444444444445
766,720,0.01,0.3188603751190994,0.37555924920073513,427,4.7580653189369416e-05,0.018235493451356888,551457,11.709763097763062,0.26666666666666666,0.18194444444444444,0.2263888888888889,0.18055555555555555,0.14444444444444443
767,720,0.01,0.5935687924288541,0.8104379773250692,438,4.6078117403188416e-05,0.018290922045707703,552177,11.72544428507487,0.24583333333333332,0.20972222222222223,0.225,0.10555555555555556,0.21388888888888888
768,720,0.01,0.2100414654679547,0.2337292160554041,409,4.979137889651813e-05,0.018108272925019264,552897,11.740761601924897,0.2569444444444444,0.19583333333333333,0.2263888888888889,0.12222222222222222,0.1986111111111111
769,720,0.01,0.6072825758778915,0.8354369551876659,422,4.622123928028385e-05,0.01813122257590294,553617,11.755055566628775,0.25555555555555554,0.24166666666666667,0.21944444444444444,0.12361111111111112,0.1597222222222222
770,720,0.01,1.5879971853544272,3.8939374567139744,482,4.393534475437061e-05,0.018189705908298492,554337,11.770853082338968,0.29583333333333334,0.17777777777777778,0.2375,0.07222222222222222,0.21666666666666667
771,720,0.01,1.441025934137063,3.225028194904562,482,4.6706734363195006e-05,0.018189186230301857,555057,11.798015383879344,0.25,0.19583333333333333,0.24722222222222223,0.08055555555555556,0.2263888888888889
772,720,0.01,0.9681474075567074,1.6330619474317127,468,5.0402526301240866e-05,0.019205350428819656,555777,11.814203067620594,0.32916666666666666,0.19305555555555556,0.2125,0.09305555555555556,0.17222222222222222
773,720,0.01,0.5689856779587263,0.766474368521207,451,4.946563853107161e-05,0.020182043313980103,556497,11.828184902668,0.30833333333333335,0.18194444444444444,0.24027777777777778,0.059722222222222225,0.20972222222222223
774,720,0.01,0.3077993501331398,0.36042799185421415,469,5.011291666884669e-05,0.019853129982948303,557217,11.843073681990306,0.2263888888888889,0.19722222222222222,0.2833333333333333,0.08472222222222223,0.20833333333333334
775,720,0.01,1.43087175819322,3.1823435954693355,474,4.836580020158484e-05,0.02016625925898552,557937,11.857946415742239,0.2847222222222222,0.1597222222222222,0.24722222222222223,0.06805555555555555,0.24027777777777778
776,720,0.01,0.15937017012890767,0.1727719914998227,478,5.202786752660258e-05,0.019465342164039612,558657,11.873265782992044,0.18194444444444444,0.23194444444444445,0.28055555555555556,0.10833333333333334,0.19722222222222222
777,720,0.01,0.12331109784215788,0.13123629138080495,423,5.132063441427211e-05,0.019046109169721603,559377,11.88736500342687,0.2763888888888889,0.20416666666666666,0.19722222222222222,0.09027777777777778,0.23194444444444445
778,720,0.01,0.3848770755731834,0.4694336810458286,435,4.707266044003215e-05,0.01987021416425705,560097,11.901678848266602,0.20555555555555555,0.24027777777777778,0.2125,0.1486111111111111,0.19305555555555556
779,720,0.01,0.6172914752156576,0.8538999016677509,445,4.471943359855383e-05,0.018978260457515717,560817,11.917469950517019,0.2569444444444444,0.23055555555555557,0.24166666666666667,0.10416666666666667,0.16666666666666666
780,720,0.01,1.3516042347212456,2.8636187129987603,483,4.754220157110467e-05,0.018893256783485413,561537,11.933165482680003,0.29583333333333334,0.15,0.20972222222222223,0.059722222222222225,0.2847222222222222
781,720,0.01,1.5865370769892362,3.8867969918894865,470,5.0368135411342034e-05,0.019590340554714203,562257,11.959160466988882,0.2708333333333333,0.16944444444444445,0.225,0.06666666666666667,0.26805555555555555
782,720,0.01,1.4328305991625094,3.190544170640927,465,5.206379332776123e-05,0.018898483365774155,562977,11.97338141600291,0.3,0.20555555555555555,0.20555555555555555,0.07083333333333333,0.21805555555555556
783,720,0.01,0.1826188805526459,0.20035684155653577,448,4.864650470861105e-05,0.0195335503667593,563697,11.988150533040365,0.24166666666666667,0.2875,0.19444444444444445,0.125,0.15138888888888888
784,720,0.01,0.33095783256666966,0.3923010813073371,444,4.650468991687578e-05,0.019333716481924057,564417,12.002664001782735,0.1986111111111111,0.225,0.27361111111111114,0.08194444444444444,0.22083333333333333
785,720,0.01,0.008337178075309691,0.008372029130264247,377,4.708797087131542e-05,0.019037451595067978,565137,12.018594817320507,0.24722222222222223,0.23472222222222222,0.3055555555555556,0.09027777777777778,0.12222222222222222
786,720,0.01,0.1257921659889004,0.1340464503662202,370,5.094700683103939e-05,0.019366370514035225,565857,12.033661631743113,0.2375,0.24027777777777778,0.33055555555555555,0.08611111111111111,0.10555555555555556
787,720,0.01,0.8519890530301787,1.344305164866277,470,4.819121341168082e-05,0.018385617062449455,566577,12.04831475019455,0.28055555555555556,0.22916666666666666,0.24166666666666667,0.07916666666666666,0.16944444444444445
788,720,0.01,0.03390108122346473,0.03448227194609754,440,4.615556729403478e-05,0.018661463633179665,567297,12.064311500390371,0.28055555555555556,0.21944444444444444,0.2111111111111111,0.14166666666666666,0.14722222222222223
789,720,0.01,1.3318398932197661,2.7880065073953784,477,4.572049927118213e-05,0.018245084211230278,568017,12.078398032983143,0.24166666666666667,0.22916666666666666,0.2222222222222222,0.075,0.23194444444444445
790,720,0.01,1.4491080152241744,3.2593135773650275,483,4.6329333392552345e-05,0.017846867442131042,568737,12.09309843381246,0.25416666666666665,0.175,0.24861111111111112,0.07222222222222222,0.25
791,720,0.01,1.2901560056080823,2.633353335037699,476,4.665576792982999e-05,0.018001902848482132,569457,12.118369714419048,0.24583333333333332,0.20555555555555555,0.24166666666666667,0.1,0.20694444444444443
792,720,0.01,0.18101010390443248,0.19842728802681386,365,4.966669134394882e-05,0.018716655671596527,570177,12.133569304148356,0.18055555555555555,0.22361111111111112,0.35555555555555557,0.11527777777777778,0.125
793,720,0.01,0.13756865495238532,0.14748048348576592,407,4.7373565989043226e-05,0.018818911164999008,570897,12.149933099746704,0.2125,0.17222222222222222,0.2833333333333333,0.15555555555555556,0.1763888888888889
794,720,0.01,0.6386888864594027,0.8939960068755155,448,4.7038301369816004e-05,0.0196056105196476,571617,12.161902085940044,0.18472222222222223,0.22361111111111112,0.325,0.08472222222222223,0.18194444444444444
795,720,0.01,0.07096993524729706,0.07354894939949008,448,4.8828685165365945e-05,0.019355975091457367,572337,12.177493834495545,0.2569444444444444,0.20277777777777778,0.25416666666666665,0.09305555555555556,0.19305555555555556
796,720,0.01,1.050394133887189,1.8587776371916522,451,4.698209094789894e-05,0.018894290551543236,573057,12.190327099959056,0.23055555555555557,0.19583333333333333,0.2513888888888889,0.10277777777777777,0.21944444444444444
797,720,0.01,0.14200723862421236,0.15258499163643746,456,4.8343394939820425e-05,0.019201330840587616,573777,12.20454028447469,0.19444444444444445,0.2111111111111111,0.24861111111111112,0.14305555555555555,0.20277777777777778
798,720,0.01,0.685262188664671,0.9842920262168016,495,4.810643289627276e-05,0.01897086389362812,574497,12.217828567822774,0.29444444444444445,0.18333333333333332,0.24027777777777778,0.0625,0.21944444444444444
799,720,0.01,0.951162894551423,1.5887183160264207,470,5.278297967884605e-05,0.01918039098381996,575217,12.234762720266978,0.2513888888888889,0.21805555555555556,0.21944444444444444,0.06666666666666667,0.24444444444444444
800,720,0.01,0.23161854785911096,0.2606387637462628,382,5.346719089074112e-05,0.019336748868227005,575937,12.249353682994842,0.23055555555555557,0.2569444444444444,0.33055555555555555,0.07361111111111111,0.10833333333333334
801,720,0.01,0.9190352093922872,1.5068706176105664,479,5.440618124844655e-05,0.019652891904115677,576657,12.279080148537954,0.24583333333333332,0.2111111111111111,0.20555555555555555,0.10833333333333334,0.22916666666666666
802,720,0.01,0.4230366931842465,0.5265903103983027,490,5.1879196166737526e-05,0.01930323801934719,577377,12.293717702229818,0.2125,0.20694444444444443,0.2569444444444444,0.10138888888888889,0.2222222222222222
803,720,0.01,0.2561471879493553,0.29194287236794714,453,4.86508183687167e-05,0.019959934055805206,578097,12.30741999944051,0.20694444444444443,0.2125,0.32083333333333336,0.05277777777777778,0.20694444444444443
804,720,0.01,0.2704913736343089,0.3106082908963055,448,4.793174681102149e-05,0.018689019605517387,578817,12.322474634647369,0.14583333333333334,0.225,0.3194444444444444,0.12777777777777777,0.18194444444444444
805,720,0.01,0.6250851283182455,0.8684050048382712,465,4.654328668923174e-05,0.019031979143619537,579537,12.337054534753163,0.19722222222222222,0.23194444444444445,0.2569444444444444,0.07916666666666666,0.23472222222222222
806,720,0.01,0.07030700338548483,0.0728374954445199,414,4.923902962572255e-05,0.01883121207356453,580257,12.350956618785858,0.24027777777777778,0.16944444444444445,0.26805555555555555,0.15,0.17222222222222222
807,720,0.01,0.45596357716911456,0.5776928796790184,432,4.583792813390472e-05,0.018511954694986343,580977,12.365080900986989,0.18194444444444444,0.2013888888888889,0.3472222222222222,0.07222222222222222,0.19722222222222222
808,720,0.01,1.6689571770757512,4.306631034258224,469,4.431252199815895e-05,0.018332280218601227,581697,12.379250431060791,0.23194444444444445,0.19444444444444445,0.2763888888888889,0.06666666666666667,0.23055555555555557
809,720,0.01,0.2761594318045916,0.3180579876401892,480,4.490724806045263e-05,0.01892259530723095,582417,12.3940097173055,0.14166666666666666,0.19305555555555556,0.33611111111111114,0.11666666666666667,0.2125
810,720,0.01,0.2869277504005885,0.33232794983755176,434,4.7013640034442185e-05,0.019534358754754066,583137,12.408862698078156,0.19305555555555556,0.28194444444444444,0.2708333333333333,0.06111111111111111,0.19305555555555556
811,720,0.01,1.1668099241254606,2.2117306145646216,484,4.465371237579853e-05,0.01904965564608574,583857,12.434710784753163,0.19722222222222222,0.2111111111111111,0.26666666666666666,0.06527777777777778,0.25972222222222224
812,720,0.01,1.1858772080088646,2.2735571528950196,473,4.684294353233377e-05,0.018975600600242615,584577,12.448879520098368,0.28055555555555556,0.13194444444444445,0.2972222222222222,0.075,0.2152777777777778
813,720,0.01,0.49330766005729254,0.6377243062418478,449,4.3680128488985146e-05,0.01918044686317444,585297,12.46497833331426,0.24583333333333332,0.26944444444444443,0.24444444444444444,0.06388888888888888,0.1763888888888889
814,720,0.01,0.40599868978525794,0.5008005860856806,445,4.6339917930203634e-05,0.019176490604877472,586017,12.480247334639232,0.28194444444444444,0.18611111111111112,0.22916666666666666,0.10277777777777777,0.2
815,720,0.01,0.39777975235546825,0.48851615162515283,476,4.6732909827874714e-05,0.018582768738269806,586737,12.496604398886364,0.2388888888888889,0.2,0.26944444444444443,0.08472222222222223,0.20694444444444443
816,720,0.01,0.2632873228909576,0.30120052994490654,451,4.885661424951751e-05,0.01928357593715191,587457,12.511139484246572,0.1986111111111111,0.21666666666666667,0.3277777777777778,0.07361111111111111,0.18333333333333332
817,720,0.01,1.4646891632635999,3.3261982899241422,498,5.273699156178837e-05,0.019872155040502548,588177,12.526746002833049,0.275,0.2013888888888889,0.225,0.08055555555555556,0.21805555555555556
818,720,0.01,0.18609664883300325,0.2045386720089737,460,4.761112712811963e-05,0.020948374643921852,588897,12.540409803390503,0.19305555555555556,0.175,0.30416666666666664,0.1361111111111111,0.19166666666666668
819,720,0.01,0.48955622514099667,0.6315919997622659,420,5.153223940447383e-05,0.02031618170440197,589617,12.555873302618663,0.19722222222222222,0.1875,0.2916666666666667,0.12777777777777777,0.19583333333333333
820,720,0.01,0.24309633948318235,0.27519146948806217,472,4.68987661937111e-05,0.019707046449184418,590337,12.57124328215917,0.18194444444444444,0.22777777777777777,0.3013888888888889,0.0875,0.2013888888888889
821,720,0.01,1.2893049146711668,2.630262336490649,488,4.877464961307649e-05,0.018897559493780136,591057,12.596649734179179,0.3013888888888889,0.17083333333333334,0.23333333333333334,0.07777777777777778,0.21666666666666667
822,720,0.01,0.1072884009664513,0.11325527208258301,426,4.844809087040226e-05,0.01955914869904518,591777,12.611891833941142,0.16527777777777777,0.30694444444444446,0.26944444444444443,0.11388888888888889,0.14444444444444443
823,720,0.01,0.3631741328480891,0.43788622066533733,436,4.798604082023101e-05,0.01870325580239296,592497,12.625311100482941,0.1375,0.21388888888888888,0.2791666666666667,0.1527777777777778,0.21666666666666667
824,720,0.01,0.5110575561492305,0.6670532654693901,426,4.684501092242499e-05,0.01781066507101059,593217,12.638707466920216,0.19722222222222222,0.1986111111111111,0.30694444444444446,0.06944444444444445,0.22777777777777777
825,720,0.01,0.46123103701380447,0.5860252394894494,396,4.536727435354098e-05,0.01781122013926506,593937,12.655234316984812,0.17916666666666667,0.19305555555555556,0.2611111111111111,0.19444444444444445,0.17222222222222222
826,720,0.01,0.5621942479045388,0.7545181273479888,513,4.662160725704073e-05,0.01873685233294964,594657,12.668812652428945,0.17222222222222222,0.25833333333333336,0.2569444444444444,0.10416666666666667,0.20833333333333334
827,720,0.01,1.092324976430421,1.9811972346551299,509,4.697686535261407e-05,0.017941797152161598,595377,12.683912070592244,0.2611111111111111,0.20694444444444443,0.23194444444444445,0.07083333333333333,0.22916666666666666
828,720,0.01,0.25512995240942554,0.2906293303666845,450,4.414294731355363e-05,0.01801799237728119,596097,12.696873418490092,0.19166666666666668,0.25416666666666665,0.2361111111111111,0.09583333333333334,0.2222222222222222
829,720,0.01,0.4184309184747242,0.5195753464274875,483,4.534778710194587e-05,0.018448881804943085,596817,12.711216266949972,0.1986111111111111,0.23194444444444445,0.26805555555555555,0.1125,0.18888888888888888
830,720,0.01,0.3231605638992202,0.38148715006222256,468,4.456105177597338e-05,0.018603648990392685,597537,12.725387052694957,0.26666666666666666,0.25416666666666665,0.22777777777777777,0.059722222222222225,0.19166666666666668
831,720,0.01,0.23831930397146373,0.2691143613913367,474,4.4954504405975765e-05,0.01880706660449505,598257,12.747389082113902,0.1625,0.19444444444444445,0.31527777777777777,0.125,0.20277777777777778
832,720,0.01,0.6732309988363736,0.9605616706268061,479,4.968767908369248e-05,0.018857691437005997,598977,12.763254952430724,0.2152777777777778,0.18333333333333332,0.25555555555555554,0.09722222222222222,0.24861111111111112
833,720,0.01,0.29463689034866986,0.34263874507644454,437,4.941488306384498e-05,0.01926257833838463,599697,12.778552834192912,0.18472222222222223,0.20555555555555555,0.29583333333333334,0.12222222222222222,0.19166666666666668
834,720,0.01,1.5482581791889634,3.7032707887865435,506,4.555659637112007e-05,0.018688272684812546,600417,12.7932723681132,0.29305555555555557,0.16111111111111112,0.2513888888888889,0.07777777777777778,0.21666666666666667
835,720,0.01,0.36230531437750774,0.43663750109208976,444,4.283715608405853e-05,0.01892460137605667,601137,12.808067015806834,0.15694444444444444,0.20555555555555555,0.3055555555555556,0.11527777777777778,0.21666666666666667
836,720,0.01,0.2675166199237903,0.30671534716510074,464,4.600158691674652e-05,0.018688064068555832,601857,12.821300502618154,0.17222222222222222,0.19722222222222222,0.30277777777777776,0.08333333333333333,0.24444444444444444
837,720,0.01,0.3885676892376179,0.47486681269614106,473,4.642522215160878e-05,0.018721651285886765,602577,12.833944400151571,0.1638888888888889,0.28888888888888886,0.2513888888888889,0.11388888888888889,0.18194444444444444
838,720,0.01,0.1417330045957073,0.15226895694669595,470,4.3003936696727075e-05,0.018521875143051147,603297,12.848066798845927,0.16666666666666666,0.25555555555555554,0.18611111111111112,0.175,0.21666666666666667
839,720,0.01,0.09402497304986446,0.09858718064705219,480,4.595438448910095e-05,0.019473813474178314,604017,12.86397869984309,0.1736111111111111,0.2847222222222222,0.2263888888888889,0.10694444444444444,0.20833333333333334
840,720,0.01,0.05567466598700794,0.057253667201203395,438,4.4378546803929766e-05,0.019440168514847755,604737,12.879423169294993,0.1527777777777778,0.2902777777777778,0.26944444444444443,0.08472222222222223,0.20277777777777778
841,720,0.01,1.481952475702632,3.401531179384871,515,4.392149588738903e-05,0.018758609890937805,605457,12.906090386708577,0.2611111111111111,0.175,0.22777777777777777,0.10277777777777777,0.23333333333333334
842,720,0.01,0.5141532050846962,0.6722218731057918,440,4.399296960476325e-05,0.018486421555280685,606177,12.921187969048818,0.19722222222222222,0.18055555555555555,0.2569444444444444,0.2111111111111111,0.15416666666666667
843,720,0.01,1.3142648292488905,2.72201366359439,483,4.004846856433788e-05,0.018559357151389122,606897,12.936301517486573,0.24027777777777778,0.1763888888888889,0.23472222222222222,0.07222222222222222,0.2763888888888889
844,720,0.01,0.23216278695033318,0.2613250393734745,472,4.069391375322892e-05,0.01795029640197754,607617,12.949656200408935,0.2388888888888889,0.25277777777777777,0.2111111111111111,0.08888888888888889,0.20833333333333334
845,720,0.01,0.7799266073750648,1.1813121673974951,475,3.9926144590178105e-05,0.017919490113854408,608337,12.96404670079549,0.21666666666666667,0.1986111111111111,0.2569444444444444,0.09583333333333334,0.23194444444444445
846,720,0.01,1.2125690293996525,2.3621109290472773,493,3.998329786756787e-05,0.01774786412715912,609057,12.979682099819183,0.2611111111111111,0.2375,0.19722222222222222,0.08194444444444444,0.2222222222222222
847,720,0.01,0.561688647107893,0.7536312658029227,484,4.360634365336106e-05,0.018339015543460846,609777,12.993558164437612,0.2152777777777778,0.23333333333333334,0.24305555555555555,0.10694444444444444,0.2013888888888889
848,720,0.01,0.3357816943053391,0.39903357447504084,438,4.051101717803047e-05,0.01728469878435135,610497,13.00569593111674,0.19166666666666668,0.23055555555555557,0.28055555555555556,0.10833333333333334,0.18888888888888888
849,720,0.01,0.11949665396089741,0.12692947331081061,459,3.963319332203557e-05,0.017177455127239227,611217,13.02050350109736,0.1638888888888889,0.28194444444444444,0.26805555555555555,0.08194444444444444,0.20416666666666666
850,720,0.01,0.4978653096206406,0.6452055151252012,495,4.100647315302316e-05,0.016879497095942497,611937,13.038316782315572,0.2152777777777778,0.23333333333333334,0.23194444444444445,0.10138888888888889,0.21805555555555556
851,720,0.01,0.6542774148799908,0.9237519405049968,481,4.3570072735595505e-05,0.017960336059331894,612657,13.063844434420268,0.24027777777777778,0.21944444444444444,0.21944444444444444,0.10277777777777777,0.21805555555555556
852,720,0.01,0.9523442350039564,1.5917782807675493,470,3.887067873367616e-05,0.016426388174295425,613377,13.078121181329092,0.27361111111111114,0.1638888888888889,0.22916666666666666,0.11527777777777778,0.21805555555555556
853,720,0.01,0.6741444683104113,0.9623534020862949,504,4.0555926497947644e-05,0.016742190346121788,614097,13.091579647858937,0.24166666666666667,0.24166666666666667,0.2361111111111111,0.06388888888888888,0.21666666666666667
854,720,0.01,0.273440182861018,0.3144787285035584,416,3.775657116749345e-05,0.01711573451757431,614817,13.10522886912028,0.16527777777777777,0.20694444444444443,0.28194444444444444,0.16527777777777777,0.18055555555555555
855,720,0.01,0.2616298741056252,0.29904564300775593,444,4.304516684214832e-05,0.017666729167103767,615537,13.119670899709066,0.20416666666666666,0.2708333333333333,0.21388888888888888,0.13472222222222222,0.1763888888888889
856,720,0.01,0.24631524697041562,0.27930280631337934,480,4.510244945347747e-05,0.01834936998784542,616257,13.133527819315592,0.20277777777777778,0.2013888888888889,0.2652777777777778,0.10555555555555556,0.225
857,720,0.01,1.580734219509876,3.858521723434591,484,4.425471474986706e-05,0.018643729388713837,616977,13.14740123351415,0.20416666666666666,0.23333333333333334,0.23333333333333334,0.07777777777777778,0.2513888888888889
858,720,0.01,1.3947038144587796,3.0337796484729678,516,4.427434861074491e-05,0.01823263429105282,617697,13.15941341718038,0.25555555555555554,0.20972222222222223,0.19583333333333333,0.09027777777777778,0.24861111111111112
859,720,0.01,0.1726487629562948,0.1884486045930336,459,4.020486522904321e-05,0.01747816428542137,618417,13.174230364958445,0.1763888888888889,0.2388888888888889,0.25833333333333336,0.125,0.2013888888888889
860,720,0.01,0.6774910430263116,0.9689315653834842,485,3.929751354184595e-05,0.017360514029860497,619137,13.190040131409964,0.20833333333333334,0.24305555555555555,0.25555555555555554,0.1125,0.18055555555555555
861,720,0.01,0.7148947776983214,1.0439715995467318,487,3.81191320583538e-05,0.017610400915145874,619857,13.21596698363622,0.23055555555555557,0.2013888888888889,0.2611111111111111,0.10138888888888889,0.20555555555555555
862,720,0.01,0.6480449267952834,0.9117994649785639,446,4.070722230961918e-05,0.0189997348934412,620577,13.229354484875996,0.22361111111111112,0.28888888888888886,0.21805555555555556,0.10694444444444444,0.1625
863,720,0.01,0.3136953822948588,0.3684728120017622,452,4.155949002956226e-05,0.018222499638795853,621297,13.244279030958811,0.175,0.24583333333333332,0.225,0.1111111111111111,0.24305555555555555
864,720,0.01,0.6986301806019577,1.0109961183945568,474,3.687190707700615e-05,0.01807674765586853,622017,13.259965598583221,0.17916666666666667,0.22083333333333333,0.2847222222222222,0.11805555555555555,0.19722222222222222
865,720,0.01,0.16665290077572556,0.18134415049897457,437,3.840760373224031e-05,0.01808352582156658,622737,13.27528946797053,0.20277777777777778,0.29305555555555557,0.2152777777777778,0.10972222222222222,0.17916666666666667
866,720,0.01,0.05396312651390087,0.055445683475811025,433,3.662650787595743e-05,0.018717262893915176,623457,13.28794356584549,0.18055555555555555,0.2361111111111111,0.32916666666666666,0.11666666666666667,0.1375
867,720,0.01,0.7176254810708762,1.0495607073116946,483,3.8287686201480635e-05,0.018029509112238884,624177,13.301622517903645,0.19166666666666668,0.2152777777777778,0.20833333333333334,0.15694444444444444,0.22777777777777777
868,720,0.01,1.6829863181096485,4.381603177192043,492,3.804773738364828e-05,0.017819490283727646,624897,13.316502233346304,0.2611111111111111,0.16527777777777777,0.23055555555555557,0.07916666666666666,0.2638888888888889
869,720,0.01,0.5662031386802583,0.761565916353846,460,3.9749718519033193e-05,0.0177026204764843,625617,13.330539766947428,0.21666666666666667,0.23055555555555557,0.24444444444444444,0.11805555555555555,0.19027777777777777
870,720,0.01,0.1220771125855671,0.12984122339920434,446,3.8666937782889163e-05,0.017202503979206085,626337,13.3454807360967,0.1986111111111111,0.24444444444444444,0.2791666666666667,0.125,0.1527777777777778
871,720,0.01,0.4499483320441256,0.5682311560987028,475,3.714870648410498e-05,0.017575277015566826,627057,13.37364919980367,0.20972222222222223,0.2375,0.22083333333333333,0.15,0.18194444444444444
872,720,0.01,1.683466285386186,4.3841867905877425,482,4.047517809466525e-05,0.018297530710697174,627777,13.387500818570455,0.21388888888888888,0.22916666666666666,0.21805555555555556,0.0763888888888889,0.2625
873,720,0.01,1.0261778572997937,1.7903801953939937,480,3.5528790776121846e-05,0.017700906842947006,628497,13.404336583614349,0.2263888888888889,0.20972222222222223,0.20833333333333334,0.0875,0.26805555555555555
874,720,0.01,0.9077004028093243,1.4786161559657316,477,3.835892038447734e-05,0.016983982175588608,629217,13.419149414698284,0.2652777777777778,0.16805555555555557,0.2611111111111111,0.06944444444444445,0.2361111111111111
875,720,0.01,0.439297004073449,0.5516160552481975,500,4.2995796993889394e-05,0.018043726682662964,629937,13.434092982610066,0.2152777777777778,0.26666666666666666,0.23194444444444445,0.0875,0.1986111111111111
876,720,0.01,0.2828513316393782,0.3269078779336745,479,3.838981920567777e-05,0.01825757324695587,630657,13.447498265902201,0.1597222222222222,0.29305555555555557,0.2625,0.11388888888888889,0.17083333333333334
877,720,0.01,0.8312181784329824,1.2961141139798262,481,4.028679231851129e-05,0.018563199788331985,631377,13.462343653043112,0.24305555555555555,0.19722222222222222,0.24722222222222223,0.0875,0.225
878,720,0.01,1.4019370770511286,3.0630628146505776,486,4.027754921228027e-05,0.017808079719543457,632097,13.480143733819325,0.225,0.1625,0.2708333333333333,0.1,0.24166666666666667
879,720,0.01,0.3210778578761774,0.37861291258883556,438,4.223197614818572e-05,0.01702035963535309,632817,13.495495486259461,0.21944444444444444,0.20972222222222223,0.26666666666666666,0.09861111111111111,0.20555555555555555
880,720,0.01,1.5411476311595271,3.669946573071236,487,4.031872285092201e-05,0.017519686371088028,633537,13.510878217220306,0.2388888888888889,0.1736111111111111,0.25833333333333336,0.07222222222222222,0.2569444444444444
881,720,0.01,0.4582712799852307,0.5813379302094686,460,3.8033811855105644e-05,0.017473308369517326,634257,13.536889700094859,0.21805555555555556,0.21944444444444444,0.24583333333333332,0.1111111111111111,0.20555555555555555
882,720,0.01,0.6358493298967945,0.8886255265844714,465,3.872294915936436e-05,0.017684783786535263,634977,13.552056566874187,0.17777777777777778,0.2763888888888889,0.20694444444444443,0.125,0.21388888888888888
883,720,0.01,1.424195211316799,3.1545129919473647,498,4.169184106659587e-05,0.01807151362299919,635697,13.566470166047415,0.25416666666666665,0.2152777777777778,0.18194444444444444,0.09305555555555556,0.25555555555555554
884,720,0.01,2.3503067623296854,9.488786795937347,510,4.063231909994001e-05,0.018489355221390724,636417,13.5812517841657,0.22916666666666666,0.19166666666666668,0.21944444444444444,0.09722222222222222,0.2625
885,720,0.01,0.7297689238240699,1.0746011613789994,470,4.050493627245386e-05,0.01839776523411274,637137,13.596393287181854,0.23194444444444445,0.25833333333333336,0.22916666666666666,0.09722222222222222,0.18333333333333332
886,720,0.01,0.4795169019070584,0.6152938682835438,478,4.365318186122143e-05,0.018022863194346428,637857,13.612186849117279,0.21944444444444444,0.2638888888888889,0.2152777777777778,0.09722222222222222,0.20416666666666666
887,720,0.01,1.2270894067137006,2.411286206085144,488,4.2917658827769225e-05,0.019439011812210083,638577,13.62756131887436,0.23472222222222222,0.24166666666666667,0.1986111111111111,0.0763888888888889,0.24861111111111112
888,720,0.01,0.15158267257057814,0.1636745017954493,445,4.139803206473718e-05,0.018627630546689034,639297,13.642442047595978,0.12777777777777777,0.29305555555555557,0.23472222222222222,0.11944444444444445,0.225
889,720,0.01,0.6579132626579625,0.9307591405603821,482,4.358070524151319e-05,0.018902204930782318,640017,13.656891850630442,0.16944444444444445,0.2763888888888889,0.26944444444444443,0.08055555555555556,0.20416666666666666
890,720,0.01,0.18600658741227263,0.2044301944297442,462,4.228956955658861e-05,0.01826726272702217,640737,13.671763384342194,0.1625,0.25416666666666665,0.2833333333333333,0.11527777777777778,0.18472222222222223
891,720,0.01,1.157158449421425,2.180881785594349,493,4.057939721380737e-05,0.01874963752925396,641457,13.69855303366979,0.2152777777777778,0.30416666666666664,0.18472222222222223,0.07777777777777778,0.21805555555555556
892,720,0.01,0.36285677015601103,0.4374299616270716,463,4.310884112202176e-05,0.018797889351844788,642177,13.712562115987142,0.1875,0.2388888888888889,0.2361111111111111,0.12777777777777777,0.20972222222222223
893,720,0.01,1.0200038256754569,1.7732053733277326,473,4.119022773920733e-05,0.019088614732027054,642897,13.727051417032877,0.21944444444444444,0.275,0.2222222222222222,0.06527777777777778,0.21805555555555556
894,720,0.01,0.634181303012149,0.8854778743451881,461,4.415286974664114e-05,0.01877274177968502,643617,13.743220031261444,0.20277777777777778,0.24861111111111112,0.2652777777777778,0.08472222222222223,0.1986111111111111
895,720,0.01,0.3310598586206684,0.3924431395393353,476,3.928763199433484e-05,0.0180965568870306,644337,13.758417332172394,0.17083333333333334,0.2722222222222222,0.25833333333333336,0.10138888888888889,0.19722222222222222
896,720,0.01,0.6623577037180064,0.9393593832408433,481,4.2605782414284474e-05,0.01872243545949459,645057,13.772912383079529,0.24444444444444444,0.2111111111111111,0.2513888888888889,0.08194444444444444,0.2111111111111111
897,720,0.01,0.6639202834337259,0.9423921557318891,471,4.164171836262338e-05,0.019227344542741776,645777,13.78830851316452,0.20555555555555555,0.275,0.23055555555555557,0.07361111111111111,0.2152777777777778
898,720,0.01,0.7133143362809019,1.0407437735416027,455,4.3415506228130755e-05,0.019673995673656464,646497,13.802379365762075,0.20972222222222223,0.21944444444444444,0.22916666666666666,0.08055555555555556,0.2611111111111111
899,720,0.01,0.060553621504063945,0.062424564846096375,410,4.294179717589941e-05,0.019704390317201614,647217,13.815564564863841,0.18055555555555555,0.35,0.26666666666666666,0.041666666666666664,0.16111111111111112
900,720,0.01,1.5781639352381611,3.8460499762988674,459,4.263009231080004e-05,0.018851885572075844,647937,13.831125168005626,0.2361111111111111,0.15,0.2388888888888889,0.11527777777777778,0.25972222222222224
901,720,0.01,0.699415434616776,1.0125758813467352,492,4.622418860738738e-05,0.018607990816235542,648657,13.858582985401153,0.2125,0.24027777777777778,0.24305555555555555,0.09305555555555556,0.2111111111111111
902,720,0.01,0.46657433312213376,0.5945225235146379,368,4.196216771485221e-05,0.01827191188931465,649377,13.873937698205312,0.1486111111111111,0.2013888888888889,0.30833333333333335,0.16111111111111112,0.18055555555555555
903,720,0.01,1.3588876155476601,2.8918616466225844,497,4.144416705255733e-05,0.01750526949763298,650097,13.888557298978169,0.22777777777777777,0.21388888888888888,0.2111111111111111,0.08472222222222223,0.2625
904,720,0.01,0.3783946040431696,0.4599389270288683,472,4.4168534241685444e-05,0.018212709575891495,650817,13.903727316856385,0.18194444444444444,0.2638888888888889,0.29583333333333334,0.05694444444444444,0.2013888888888889
905,720,0.01,0.6366243693845937,0.8900898533274559,469,4.4063433112266166e-05,0.01817893423140049,651537,13.918139982223511,0.20694444444444443,0.28055555555555556,0.22916666666666666,0.09166666666666666,0.19166666666666668
906,720,0.01,0.5317257628274029,0.7018667942278265,459,4.585527051403915e-05,0.018335290253162384,652257,13.933553365866343,0.18472222222222223,0.2611111111111111,0.27361111111111114,0.06944444444444445,0.2111111111111111
907,720,0.01,0.1286706183066993,0.13731545157471636,389,4.473865978980029e-05,0.018096966668963432,652977,13.948494565486907,0.15,0.3736111111111111,0.24166666666666667,0.1,0.13472222222222222
908,720,0.01,0.27728468594564304,0.3195419726224651,452,4.4120521735951315e-05,0.018514765426516533,653697,13.963789049784342,0.1736111111111111,0.26666666666666666,0.2902777777777778,0.08194444444444444,0.1875
909,720,0.01,0.46785797529951223,0.5965706341179482,425,4.186595893366353e-05,0.0189121812582016,654417,13.978267419338227,0.18472222222222223,0.32222222222222224,0.2611111111111111,0.06388888888888888,0.16805555555555557
910,720,0.01,0.5096651343739722,0.6647336395256565,482,4.464145788208245e-05,0.01940455101430416,655137,13.993413432439167,0.14583333333333334,0.30277777777777776,0.275,0.07083333333333333,0.20555555555555555
911,720,0.01,1.4030607156446662,3.0676307947358366,461,4.7332932736784036e-05,0.018353894352912903,655857,14.025912650426228,0.21388888888888888,0.24444444444444444,0.25277777777777777,0.05277777777777778,0.2361111111111111
912,720,0.01,0.38456744059552467,0.4689787634136626,478,4.611469247493005e-05,0.01886526308953762,656577,14.041966183980305,0.16944444444444445,0.31527777777777777,0.2263888888888889,0.0875,0.2013888888888889
913,720,0.01,0.6591975301714784,0.9332403447249493,476,4.474262733917082e-05,0.01876360923051834,657297,14.058923701445261,0.21944444444444444,0.22777777777777777,0.23194444444444445,0.10138888888888889,0.21944444444444444
914,720,0.01,1.774529626140286,4.897506450928417,472,4.468613349723051e-05,0.01885509490966797,658017,14.073358130455016,0.2222222222222222,0.2125,0.23055555555555557,0.075,0.25972222222222224
915,720,0.01,-0.03480089502646777,-0.03420230776066979,401,4.403093149044758e-05,0.018559247255325317,658737,14.088180486361185,0.13194444444444445,0.22361111111111112,0.30416666666666664,0.22916666666666666,0.1111111111111111
916,720,0.01,0.5700367976605517,0.7683321207216471,454,4.198598629222438e-05,0.018793612718582153,659457,14.10242793560028,0.1597222222222222,0.3347222222222222,0.2722222222222222,0.05416666666666667,0.17916666666666667
917,720,0.01,0.2897643515059009,0.3361125980035835,380,4.4413679951402525e-05,0.01884831115603447,660177,14.11868756612142,0.17083333333333334,0.25,0.275,0.11805555555555555,0.18611111111111112
918,720,0.01,1.401500322423685,3.0612886406322426,459,4.660286618016269e-05,0.019478507339954376,660897,14.132069516181947,0.22916666666666666,0.19444444444444445,0.25555555555555554,0.07361111111111111,0.24722222222222223
919,720,0.01,1.7747407280409426,4.898751557166879,479,4.8387632375579415e-05,0.019606374204158783,661617,14.146806800365448,0.2388888888888889,0.2,0.2263888888888889,0.06944444444444445,0.2652777777777778
920,720,0.01,0.1553654902901281,0.16808480675131765,459,4.743214145719321e-05,0.019367923960089684,662337,14.160110199451447,0.14305555555555555,0.25416666666666665,0.25,0.13472222222222222,0.21805555555555556
921,720,0.01,1.3195583122501162,2.741768318990548,457,4.4005543323540526e-05,0.020050348713994026,663057,14.185111518700918,0.20833333333333334,0.21388888888888888,0.24722222222222223,0.07916666666666666,0.2513888888888889
922,720,0.01,0.5275671245119091,0.6948040416649495,452,4.3621658214002916e-05,0.01908060349524021,663777,14.19938223361969,0.15,0.2986111111111111,0.2986111111111111,0.07083333333333333,0.18194444444444444
923,720,0.01,1.3561420745575825,2.8811910359464954,469,4.346329166588071e-05,0.018932320177555084,664497,14.214027865727742,0.1875,0.30277777777777776,0.21805555555555556,0.06805555555555555,0.22361111111111112
924,720,0.01,1.343157249068231,2.8311202314994026,484,4.659962559243367e-05,0.018795175477862358,665217,14.228969717025757,0.1763888888888889,0.25972222222222224,0.23333333333333334,0.10138888888888889,0.22916666666666666
925,720,0.01,0.9181055695333572,1.5045412136843939,458,4.762312281627601e-05,0.019484253600239754,665937,14.244543500741322,0.20277777777777778,0.28194444444444444,0.20277777777777778,0.08888888888888889,0.22361111111111112
926,720,0.01,1.4964048883082057,3.4656058254159907,489,4.924760541926945e-05,0.02048918977379799,666657,14.259445401032766,0.20277777777777778,0.21666666666666667,0.225,0.08611111111111111,0.26944444444444443
927,720,0.01,0.37476429686472656,0.45464850899353304,418,4.845208255169887e-05,0.019526924937963486,667377,14.276534716288248,0.1875,0.24027777777777778,0.26666666666666666,0.10277777777777777,0.20277777777777778
928,720,0.01,0.6902436209561754,0.9942013032971122,470,4.8174981921218004e-05,0.01892971247434616,668097,14.291508503754933,0.19444444444444445,0.25277777777777777,0.2861111111111111,0.0763888888888889,0.19027777777777777
929,720,0.01,1.569140715016654,3.8025196871979237,472,4.5164366531480483e-05,0.019167711958289146,668817,14.306384368737538,0.21944444444444444,0.20555555555555555,0.23333333333333334,0.06388888888888888,0.2777777777777778
930,720,0.01,1.5301727280888882,3.6189745800520434,493,4.687767421576912e-05,0.01977757178246975,669537,14.322142831484477,0.2263888888888889,0.20972222222222223,0.23472222222222222,0.10555555555555556,0.22361111111111112
931,720,0.01,2.379764673322718,9.802360481198928,491,5.37960397031788e-05,0.020168114453554153,670257,14.348371601104736,0.24583333333333332,0.20416666666666666,0.20694444444444443,0.07083333333333333,0.2722222222222222
932,720,0.01,0.691197159367762,0.9961037577277785,462,5.3457523151539335e-05,0.020788777619600296,670977,14.362418981393178,0.2375,0.25972222222222224,0.22083333333333333,0.0763888888888889,0.20555555555555555
933,720,0.01,1.7157210680501522,4.5606836984522445,500,5.208589643896428e-05,0.020740561187267303,671697,14.3768741329511,0.25972222222222224,0.2152777777777778,0.21944444444444444,0.05416666666666667,0.2513888888888889
934,720,0.01,0.8521496883890759,1.344681773415323,473,5.613762414213852e-05,0.021389231085777283,672417,14.391964320341746,0.22083333333333333,0.2722222222222222,0.2111111111111111,0.06111111111111111,0.23472222222222222
935,720,0.01,1.205768853885006,2.3393255447404213,471,5.1797713096372416e-05,0.020551465451717377,673137,14.406599167982737,0.23194444444444445,0.20277777777777778,0.225,0.08472222222222223,0.25555555555555554
936,720,0.01,0.615589137843836,0.8507466233148229,468,4.7762681482607956e-05,0.020820502191781998,673857,14.422260399659475,0.16805555555555557,0.2708333333333333,0.23194444444444445,0.09444444444444444,0.23472222222222222
937,720,0.01,0.7722682376787733,1.1646706770752164,452,5.166470666356165e-05,0.020259689539670944,674577,14.437922151883443,0.18194444444444444,0.2388888888888889,0.2513888888888889,0.1125,0.2152777777777778
938,720,0.01,0.8393856086650008,1.3149442580796604,481,4.9856807614408656e-05,0.021063653752207756,675297,14.45295132001241,0.2652777777777778,0.22361111111111112,0.21805555555555556,0.10694444444444444,0.18611111111111112
939,720,0.01,0.3591349008789511,0.43208997873834853,443,5.247323277773022e-05,0.021022632718086243,676017,14.466467968622844,0.1736111111111111,0.275,0.25555555555555554,0.06388888888888888,0.23194444444444445
940,720,0.01,0.37560277323720975,0.4558687088814919,471,4.9726319960225535e-05,0.020327208563685417,676737,14.483875115712484,0.1625,0.29583333333333334,0.25833333333333336,0.0763888888888889,0.20694444444444443
941,720,0.01,0.4442564706652463,0.5593303568360646,443,4.764122675043028e-05,0.020854514092206955,677457,14.511499281724294,0.19305555555555556,0.2361111111111111,0.2847222222222222,0.08888888888888889,0.19722222222222222
942,720,0.01,1.0590071233455407,1.883506601123985,480,5.0055043991253316e-05,0.020688368007540703,678177,14.526302699247996,0.2263888888888889,0.20972222222222223,0.22777777777777777,0.08888888888888889,0.24722222222222223
943,720,0.01,0.9352010360028665,1.5477255908278726,477,4.9134462064001936e-05,0.020192351192235947,678897,14.540428801377614,0.22916666666666666,0.2708333333333333,0.22361111111111112,0.09166666666666666,0.18472222222222223
944,720,0.01,0.6059942215435603,0.8330737846584289,456,4.69821810977717e-05,0.021439626812934875,679617,14.55476990143458,0.13194444444444445,0.31666666666666665,0.22777777777777777,0.11666666666666667,0.20694444444444443
945,720,0.01,0.7917249249987091,1.2072003996748908,477,4.6536964642503635e-05,0.02135307528078556,680337,14.568821581204732,0.22361111111111112,0.26666666666666666,0.24722222222222223,0.06111111111111111,0.2013888888888889
946,720,0.01,0.24347904043948898,0.27567957987711056,445,4.878174630802176e-05,0.02059527114033699,681057,14.582901414235433,0.18888888888888888,0.2861111111111111,0.2125,0.10833333333333334,0.20416666666666666
947,720,0.01,1.551450490911367,3.718309085954309,483,4.857454005989186e-05,0.021312333643436432,681777,14.598572134971619,0.2375,0.2013888888888889,0.2361111111111111,0.08194444444444444,0.24305555555555555
948,720,0.01,0.019572570728402773,0.01976536929106887,437,4.9077982180278926e-05,0.021204568445682526,682497,14.614063719908396,0.16111111111111112,0.27361111111111114,0.2722222222222222,0.11944444444444445,0.1736111111111111
949,720,0.01,0.3320714152667559,0.39385238729823824,339,5.052501711588775e-05,0.020875241607427597,683217,14.630146368344624,0.1638888888888889,0.35833333333333334,0.19027777777777777,0.1111111111111111,0.1763888888888889
950,720,0.01,0.7522215639920224,1.1217082955557616,467,5.32077972871371e-05,0.021329235285520554,683937,14.646386047204336,0.20555555555555555,0.23333333333333334,0.22916666666666666,0.08888888888888889,0.24305555555555555
951,720,0.01,0.9140656736756907,1.494443538521375,495,5.089910141704321e-05,0.02129822038114071,684657,14.676595969994862,0.2125,0.22083333333333333,0.2611111111111111,0.08611111111111111,0.21944444444444444
952,720,0.01,0.2870295245798898,0.33246355332155875,438,4.7469966865618414e-05,0.02053278684616089,685377,14.692015600204467,0.18472222222222223,0.30972222222222223,0.25,0.08055555555555556,0.175
953,720,0.01,0.11335595748820368,0.12003054525945833,453,4.669594748192038e-05,0.021141501143574715,686097,14.708630935351055,0.19722222222222222,0.31666666666666665,0.2222222222222222,0.09583333333333334,0.16805555555555557
954,720,0.01,0.4767445243784084,0.6108218657649422,474,4.670131502406447e-05,0.02117566578090191,686817,14.72457085053126,0.1638888888888889,0.28888888888888886,0.24444444444444444,0.09027777777777778,0.2125
955,720,0.01,0.9149126345497782,1.4965571295392195,507,4.669659043656793e-05,0.020099280402064323,687537,14.74059826930364,0.22777777777777777,0.20694444444444443,0.23194444444444445,0.08333333333333333,0.25
956,720,0.01,1.816666828355051,5.151320833017323,475,4.685711483413494e-05,0.02009454183280468,688257,14.756523919105529,0.2013888888888889,0.23055555555555557,0.22361111111111112,0.08194444444444444,0.2625
957,720,0.01,1.7802098696182815,4.931101045894341,479,4.574678003513731e-05,0.020430253818631172,688977,14.772857348124186,0.19444444444444445,0.2361111111111111,0.24027777777777778,0.05416666666666667,0.275
958,720,0.01,0.3272603321782789,0.387162553227516,411,4.8664389795602704e-05,0.020118625834584236,689697,14.787859499454498,0.12638888888888888,0.33055555555555555,0.24305555555555555,0.09861111111111111,0.2013888888888889
959,720,0.01,0.4419008477552132,0.5556614854584578,478,4.648077253427295e-05,0.020055269822478294,690417,14.802627567450205,0.16666666666666666,0.28194444444444444,0.24722222222222223,0.07777777777777778,0.2263888888888889
960,720,0.01,0.6376461682449632,0.8920221320175483,466,4.786794746552106e-05,0.020976800471544266,691137,14.817876799901326,0.15555555555555556,0.25555555555555554,0.25555555555555554,0.14027777777777778,0.19305555555555556
961,720,0.01,0.8594668780628149,1.3619011766668039,486,4.970752887503396e-05,0.020641960203647614,691857,14.850990450382232,0.18194444444444444,0.24444444444444444,0.23055555555555557,0.10277777777777777,0.24027777777777778
962,720,0.01,0.9043553391687171,1.4703388789108316,492,4.721926671764878e-05,0.02016068808734417,692577,14.870085815588633,0.20416666666666666,0.24583333333333332,0.24444444444444444,0.08888888888888889,0.21666666666666667
963,720,0.01,1.831836413345598,5.245345169240142,498,4.6663378767182925e-05,0.02098102495074272,693297,14.886574514706929,0.24861111111111112,0.19027777777777777,0.24583333333333332,0.075,0.24027777777777778
964,720,0.01,0.9182062468675243,1.504793376910436,464,5.1357068014112886e-05,0.020663365721702576,694017,14.902224604288737,0.18194444444444444,0.2777777777777778,0.25,0.07083333333333333,0.21944444444444444
965,720,0.01,2.4338772510413356,10.403008807294201,484,5.0960100929842155e-05,0.020595116540789604,694737,14.921249119440715,0.24444444444444444,0.22777777777777777,0.19444444444444445,0.07777777777777778,0.25555555555555554
966,720,0.01,1.8583869835187485,5.413383530364606,465,5.365487087374277e-05,0.02062191814184189,695457,14.937086848417918,0.2125,0.2111111111111111,0.22777777777777777,0.11666666666666667,0.23194444444444445
967,720,0.01,0.2860726110906408,0.33118911083630476,481,5.144355329396907e-05,0.021177934482693672,696177,14.952829734484355,0.19444444444444445,0.2513888888888889,0.25972222222222224,0.09027777777777778,0.20416666666666666
968,720,0.01,1.895085255149085,5.653115592816419,470,5.1550130592659116e-05,0.02130218781530857,696897,14.967816603183746,0.2388888888888889,0.19166666666666668,0.24027777777777778,0.06666666666666667,0.2625
969,720,0.01,0.4820644333073286,0.6194141261484623,452,5.4236061979887985e-05,0.021993855014443398,697617,14.984130930900573,0.19444444444444445,0.25833333333333336,0.23055555555555557,0.09166666666666666,0.225
970,720,0.01,1.5414975084637195,3.6715807672560263,498,5.5889493395018994e-05,0.021028686314821243,698337,14.998495284716288,0.22361111111111112,0.20416666666666666,0.24305555555555555,0.09861111111111111,0.23055555555555557
971,720,0.01,0.10494504708656571,0.11064957524872843,448,5.398009660666503e-05,0.02120150998234749,699057,15.027487949530284,0.14444444444444443,0.27361111111111114,0.24861111111111112,0.11527777777777778,0.21805555555555556
972,720,0.01,0.6595603904292727,0.9339419681027392,489,5.0153355017654474e-05,0.021022262051701546,699777,15.044607249895732,0.15416666666666667,0.2861111111111111,0.25833333333333336,0.09444444444444444,0.20694444444444443
973,720,0.01,0.11983983046306673,0.12731627539255297,439,5.1281045008029956e-05,0.02081049606204033,700497,15.06097838083903,0.20277777777777778,0.2777777777777778,0.24722222222222223,0.12222222222222222,0.15
974,720,0.01,1.8380438569650006,5.2842333705493525,484,5.003499880255428e-05,0.02114957943558693,701217,15.076600301265717,0.2388888888888889,0.1986111111111111,0.2375,0.09305555555555556,0.23194444444444445
975,720,0.01,1.172487497728901,2.230017314443111,467,5.2655429043271495e-05,0.020955337211489677,701937,15.09274050394694,0.22083333333333333,0.23333333333333334,0.22361111111111112,0.10416666666666667,0.21805555555555556
976,720,0.01,0.3809096347286665,0.46361533943641775,469,5.423112643888493e-05,0.021659446880221367,702657,15.10693818728129,0.14027777777777778,0.23055555555555557,0.3125,0.09722222222222222,0.21944444444444444
977,720,0.01,0.6234674880678319,0.8653850409644757,422,5.3835292040578984e-05,0.022092437371611595,703377,15.121350117524464,0.20277777777777778,0.19722222222222222,0.2611111111111111,0.16944444444444445,0.16944444444444445
978,720,0.01,0.8367847198502991,1.3089311685305214,483,5.343506496855197e-05,0.021291622892022133,704097,15.136613667011261,0.18194444444444444,0.18888888888888888,0.2972222222222222,0.05694444444444444,0.275
979,720,0.01,1.3104952691490235,2.7080097203323414,489,5.515185692072717e-05,0.023371152579784393,704817,15.151969567934673,0.2,0.1986111111111111,0.2847222222222222,0.0763888888888889,0.24027777777777778
980,720,0.01,0.40292192648428726,0.4961900742841945,438,5.689631853379574e-05,0.02310921996831894,705537,15.167599081993103,0.22361111111111112,0.2763888888888889,0.2013888888888889,0.09861111111111111,0.2
981,720,0.01,1.24272155929374,2.4650309309867975,469,5.6527919631813954e-05,0.02202007547020912,706257,15.19612265030543,0.21666666666666667,0.2375,0.25,0.07222222222222222,0.22361111111111112
982,720,0.01,0.19894074118019067,0.2201096614989786,452,5.377841671108601e-05,0.021633589640259743,706977,15.21068156560262,0.19027777777777777,0.29305555555555557,0.2152777777777778,0.12916666666666668,0.17222222222222222
983,720,0.01,1.4054166096678713,3.0772249988403075,470,5.336802068995894e-05,0.020710747689008713,707697,15.225704602400462,0.2111111111111111,0.21388888888888888,0.25416666666666665,0.08472222222222223,0.2361111111111111
984,720,0.01,0.510792232365228,0.6666110152612079,447,5.273437230420718e-05,0.021251091733574867,708417,15.24049008289973,0.1361111111111111,0.2986111111111111,0.29305555555555557,0.05138888888888889,0.22083333333333333
985,720,0.01,0.38355891196565095,0.4674980030941802,441,5.261119129929486e-05,0.020362727344036102,709137,15.254719030857085,0.21388888888888888,0.25277777777777777,0.275,0.09444444444444444,0.1638888888888889
986,720,0.01,0.4807773863547983,0.6173312048288122,461,5.5535919966587247e-05,0.021313946694135666,709857,15.26990093390147,0.23472222222222222,0.22916666666666666,0.2847222222222222,0.05277777777777778,0.1986111111111111
987,720,0.01,1.1385944491678266,2.1223766204417136,471,5.457399565026814e-05,0.021177861839532852,710577,15.285110569000244,0.23472222222222222,0.24166666666666667,0.225,0.06944444444444445,0.22916666666666666
988,720,0.01,0.5154602865931959,0.6744090324806316,422,5.278756195442232e-05,0.020911313593387604,711297,15.300482932726542,0.1486111111111111,0.32083333333333336,0.25833333333333336,0.09861111111111111,0.1736111111111111
989,720,0.01,0.4761579974110385,0.6098773523194221,472,5.217032386705493e-05,0.02059430070221424,712017,15.313909248510997,0.19444444444444445,0.3055555555555556,0.2722222222222222,0.05138888888888889,0.1763888888888889
990,720,0.01,0.37385999106860013,0.4533336565194819,440,5.385380046492274e-05,0.019968334585428238,712737,15.327828502655029,0.11805555555555555,0.3486111111111111,0.3125,0.04861111111111111,0.17222222222222222
991,720,0.01,0.8270941483708848,1.2866643692565667,467,5.317474840972459e-05,0.020794205367565155,713457,15.353551483154297,0.15555555555555556,0.24444444444444444,0.31527777777777777,0.07777777777777778,0.20694444444444443
992,720,0.01,1.1775162241751054,2.246301096962389,467,5.5120028501834086e-05,0.021093862131237984,714177,15.366756117343902,0.18611111111111112,0.19722222222222222,0.2847222222222222,0.09722222222222222,0.23472222222222222
993,720,0.01,1.189804276908116,2.28643791264181,493,5.486230337636597e-05,0.02113422565162182,714897,15.381057731310527,0.2111111111111111,0.21388888888888888,0.26666666666666666,0.06805555555555555,0.24027777777777778
994,720,0.01,0.5412772583004146,0.7182000465264431,487,5.509300239939168e-05,0.021964816376566887,715617,15.39771465063095,0.21944444444444444,0.22777777777777777,0.25833333333333336,0.09027777777777778,0.20416666666666666
995,720,0.01,0.9496550058251951,1.5848177584048035,456,5.562534098418029e-05,0.022059034556150436,716337,15.411028615633647,0.16666666666666666,0.2513888888888889,0.20555555555555555,0.1388888888888889,0.2375
996,720,0.01,0.2549175675816585,0.290355249384993,407,5.7232446182650976e-05,0.0214117169380188,717057,15.42462388674418,0.11666666666666667,0.3958333333333333,0.19027777777777777,0.1597222222222222,0.1375
997,720,0.01,0.7242894148726151,1.0632644539049578,467,5.039655173706908e-05,0.022037265822291374,717777,15.437930119037627,0.16805555555555557,0.24722222222222223,0.30277777777777776,0.0625,0.21944444444444444
998,720,0.01,0.07980766920257726,0.08307873824411716,444,5.596718332172815e-05,0.021593034267425537,718497,15.450188835461935,0.16944444444444445,0.2263888888888889,0.2569444444444444,0.175,0.17222222222222222
999,720,0.01,0.6205143070081635,0.8598843474621924,456,4.79425948469725e-05,0.020638419315218925,719217,15.462756530443828,0.14722222222222223,0.30277777777777776,0.25416666666666665,0.1361111111111111,0.1597222222222222
1000,720,0.01,1.5075400404259653,3.5156089048655073,474,5.1257151738405404e-05,0.02080702595412731,719937,15.476481652259826,0.2263888888888889,0.20277777777777778,0.2833333333333333,0.05416666666666667,0.23333333333333334
1001,720,0.01,0.5792635545081795,0.7847235950113773,474,5.4765284936466845e-05,0.020847002044320107,720657,15.499125369389851,0.20555555555555555,0.2152777777777778,0.29444444444444445,0.06111111111111111,0.22361111111111112
1002,720,0.01,1.004625969965333,1.7308856485249708,508,5.4343678457118785e-05,0.02091846615076065,721377,15.510445499420166,0.22361111111111112,0.21944444444444444,0.28888888888888886,0.09444444444444444,0.1736111111111111
1003,720,0.01,0.6392254951665498,0.8950126143599286,489,5.218006881730414e-05,0.02051202952861786,722097,15.52192988395691,0.2222222222222222,0.23472222222222222,0.2916666666666667,0.07222222222222222,0.17916666666666667
1004,720,0.01,1.7821844659577497,4.94282414669548,488,5.168543600070229e-05,0.020887911319732666,722817,15.532993384202321,0.22777777777777777,0.16944444444444445,0.2611111111111111,0.08055555555555556,0.2611111111111111
1005,720,0.01,1.2620341035051472,2.5325998578691653,490,5.372549135750483e-05,0.02039765566587448,723537,15.543630985418956,0.18888888888888888,0.20833333333333334,0.2791666666666667,0.08888888888888889,0.23472222222222222
1006,720,0.01,1.9719963935229017,6.185006279634646,477,5.2630433131323826e-05,0.020900040864944458,724257,15.553379114468893,0.23472222222222222,0.20416666666666666,0.25416666666666665,0.08888888888888889,0.21805555555555556
1007,720,0.01,0.1390053367347364,0.14913023259046976,461,4.763741926581133e-05,0.020499832928180695,724977,15.564011001586914,0.1111111111111111,0.36666666666666664,0.2638888888888889,0.10138888888888889,0.15694444444444444
1008,720,0.01,0.3718621205787616,0.45043298264543297,399,5.043892925868931e-05,0.020801546052098274,725697,15.574461384614308,0.10138888888888889,0.31666666666666665,0.3236111111111111,0.06944444444444445,0.18888888888888888
1009,720,0.01,0.20332659952778492,0.22547264168180114,433,4.646993820390182e-05,0.02098463475704193,726417,15.585747416814169,0.1,0.3388888888888889,0.31527777777777777,0.09722222222222222,0.1486111111111111
1010,720,0.01,0.14438041377708885,0.15532352592565224,391,5.380465618145536e-05,0.021897196769714355,727137,15.594763016700744,0.09861111111111111,0.33194444444444443,0.2861111111111111,0.13333333333333333,0.15
1011,720,0.01,1.346564952088293,2.844197821098062,512,5.651809424812705e-05,0.02123871073126793,727857,15.610354634126027,0.2111111111111111,0.225,0.26666666666666666,0.07222222222222222,0.225
1012,720,0.01,0.3297368076594665,0.3906020844785405,453,4.877781028527453e-05,0.020395055413246155,728577,15.621209768454234,0.12916666666666668,0.29305555555555557,0.2708333333333333,0.13194444444444445,0.175
1013,720,0.01,0.28705247792815713,0.3324941381725599,443,4.868677912352521e-05,0.020894328132271767,729297,15.629271733760834,0.08194444444444444,0.3541666666666667,0.28194444444444444,0.10555555555555556,0.1763888888888889
