episode,steps,epsilon,train_reward,train_portfolio_return,train_position_changes,mean_loss,mean_max_q,updates,minutes,action_share_-1,action_share_0,action_share_0.5,action_share_1,action_share_2
1,720,1.0,-0.7473977800683171,-0.2906440122408439,584,0.0032665713371629605,0.26151779294013977,657,0.01528540054957072,0.17083333333333334,0.2111111111111111,0.21805555555555556,0.19166666666666668,0.20833333333333334
2,720,0.9909,-0.512547513783358,-0.09588391460202839,579,0.001355207889436214,0.2621292173862457,1377,0.026199698448181152,0.20694444444444443,0.19722222222222222,0.19305555555555556,0.20277777777777778,0.2
3,720,0.98188281,-0.41671503809462257,0.011854678167593224,578,0.0013211213393030145,0.26504844427108765,2097,0.03918776512145996,0.23472222222222222,0.18333333333333332,0.16666666666666666,0.2111111111111111,0.20416666666666666
4,720,0.972947676429,-0.36605829014821106,0.01734033779682731,569,0.0014251281263972892,0.2571454346179962,2817,0.05062256654103597,0.18055555555555555,0.20555555555555555,0.23333333333333334,0.2111111111111111,0.16944444444444445
5,720,0.9640938525734961,-0.5301171215548749,-0.11251807279703119,578,0.0016713084918188138,0.2586921453475952,3537,0.06324106454849243,0.2152777777777778,0.1986111111111111,0.18333333333333332,0.19166666666666668,0.2111111111111111
6,720,0.9553205985150773,-0.7270165694796583,-0.26215135941873946,576,0.001397330865317296,0.2420969009399414,4257,0.07442773183186849,0.22777777777777777,0.20694444444444443,0.17916666666666667,0.18472222222222223,0.2013888888888889
7,720,0.9466271810685901,-0.711770813616869,-0.2569714529105056,569,0.0009243176123871106,0.23327568173408508,4977,0.08496211369832357,0.22361111111111112,0.17222222222222222,0.20972222222222223,0.19444444444444445,0.2
8,720,0.938012873720866,-0.622630292646697,-0.1993891599811748,567,0.0007111515602041942,0.22370262444019318,5697,0.09608346621195475,0.19305555555555556,0.21666666666666667,0.19583333333333333,0.19305555555555556,0.2013888888888889
9,720,0.9294769565700061,-0.737100723994917,-0.27046703532093197,574,0.0006449719994432396,0.21106941998004913,6417,0.10590167045593261,0.21944444444444444,0.20277777777777778,0.19583333333333333,0.18333333333333332,0.1986111111111111
10,720,0.921018716265219,-0.09455304883419588,0.3373592373754468,565,0.0006764075500339257,0.1949368715286255,7137,0.11676034927368165,0.17083333333333334,0.21666666666666667,0.20416666666666666,0.20555555555555555,0.20277777777777778
11,720,0.9126374459472055,-0.7096969784998145,-0.2617309677742934,568,0.0006340787910529697,0.18757027387619019,7857,0.13644341627756754,0.21388888888888888,0.1986111111111111,0.19583333333333333,0.19444444444444445,0.19722222222222222
12,720,0.904332445189086,-0.5142560720912138,-0.0931299122996101,587,0.0005082751050698183,0.17932912707328796,8577,0.14750548203786215,0.19027777777777777,0.20555555555555555,0.20416666666666666,0.16666666666666666,0.23333333333333334
13,720,0.8961030199378652,-0.36920927343260596,0.008325189816855705,532,0.000415796765527274,0.16547587513923645,9297,0.15619648297627767,0.18611111111111112,0.22361111111111112,0.19722222222222222,0.1986111111111111,0.19444444444444445
14,720,0.8879484824564307,-0.3146256122698947,0.0885803190651484,565,0.0003851127223242656,0.15622904896736145,10017,0.16971426804860432,0.19444444444444445,0.1875,0.2,0.21944444444444444,0.1986111111111111
15,720,0.8798681512660771,-0.42089191571527745,-0.021164731538272807,569,0.0003610295533589023,0.1551053673028946,10737,0.18212083578109742,0.18333333333333332,0.1763888888888889,0.22361111111111112,0.20555555555555555,0.2111111111111111
16,720,0.8718613510895558,-0.3818967799077389,0.01217676045279581,565,0.00027648005504185373,0.14387832581996918,11457,0.19379254976908367,0.20833333333333334,0.18611111111111112,0.19305555555555556,0.21666666666666667,0.19583333333333333
17,720,0.8639274127946408,-0.5055537574740128,-0.09927362466934386,542,0.00028100655843243456,0.13719011843204498,12177,0.20549265146255494,0.22777777777777777,0.2,0.19027777777777777,0.16805555555555557,0.21388888888888888
18,720,0.8560656733382096,-0.5382793872646605,-0.11421355243402687,593,0.0002994469507939357,0.13160014152526855,12897,0.21651301781336466,0.2125,0.2111111111111111,0.20694444444444443,0.1875,0.18194444444444444
19,720,0.8482754757108318,-0.5799939991357403,-0.16011810576866814,577,0.00025204443917472316,0.12055210024118423,13617,0.2274589697519938,0.2,0.19166666666666668,0.20694444444444443,0.18611111111111112,0.2152777777777778
20,720,0.8405561688818632,-0.604092892848811,-0.17208343190888575,585,0.00023153141904307025,0.1159551739692688,14337,0.23952866792678834,0.2,0.2152777777777778,0.19166666666666668,0.19583333333333333,0.19722222222222222
21,720,0.8329071077450383,-0.3629293563506264,0.05661525519663746,578,0.00020193215808224826,0.1120743677020073,15057,0.2617528001467387,0.21388888888888888,0.18055555555555555,0.20694444444444443,0.18611111111111112,0.2125
22,720,0.8253276530645585,-0.4982489689516798,-0.08994384169443981,561,0.0001915205663964217,0.1063086986541748,15777,0.2738617499669393,0.21944444444444444,0.20555555555555555,0.16666666666666666,0.21388888888888888,0.19444444444444445
23,720,0.817817171421671,-0.5905575697540794,-0.1910818729916578,580,0.00017243018022175722,0.10200593620538712,16497,0.28582611481348674,0.18055555555555555,0.2125,0.20416666666666666,0.22083333333333333,0.18194444444444444
24,720,0.8103750351617338,-0.6076828546488984,-0.16613424486774564,581,0.00017445893749936658,0.09818300604820251,17217,0.297746733824412,0.2222222222222222,0.20833333333333334,0.17916666666666667,0.1763888888888889,0.21388888888888888
25,720,0.8030006223417621,-0.3061113596162524,0.10421937834553963,578,0.0001618430363881392,0.09048163890838623,17937,0.30905061960220337,0.20555555555555555,0.2125,0.18194444444444444,0.2,0.2
26,720,0.795693316678452,-0.4931938325833284,-0.07428959662349333,578,0.00015263734504110794,0.08326481282711029,18657,0.324812650680542,0.20833333333333334,0.1986111111111111,0.18333333333333332,0.19166666666666668,0.21805555555555556
27,720,0.7884525074966781,-0.2459354148623875,0.18360466764670358,596,0.00014533057540878265,0.0812883973121643,19377,0.3362330476442973,0.19166666666666668,0.23472222222222222,0.175,0.18055555555555555,0.21805555555555556
28,720,0.7812775896784583,-0.41156129722298757,-0.023774132010854987,567,0.00014781565177549459,0.07957988977432251,20097,0.3489838163057963,0.175,0.18194444444444444,0.21388888888888888,0.2,0.22916666666666666
29,720,0.7741679636123843,-0.4797186635363706,-0.09513422711493125,570,0.00014059026419898954,0.07499656081199646,20817,0.36084296703338625,0.16666666666666666,0.20833333333333334,0.19305555555555556,0.2152777777777778,0.21666666666666667
30,720,0.7671230351435115,-0.4741318435876838,-0.07330598015947065,565,0.0001223775647708357,0.07172569632530212,21537,0.3745655655860901,0.2013888888888889,0.16944444444444445,0.19583333333333333,0.2111111111111111,0.2222222222222222
31,720,0.7601422155237056,-0.4951434956381387,-0.1004795541745429,577,0.00012693044498317046,0.07161470502614975,22257,0.39639962116877236,0.19305555555555556,0.2111111111111111,0.16805555555555557,0.23055555555555557,0.19722222222222222
32,720,0.7532249213624399,-0.537831382324421,-0.13049516307683917,571,0.00014173931308505416,0.06931480765342712,22977,0.4079835851987203,0.2125,0.18611111111111112,0.20277777777777778,0.20277777777777778,0.19583333333333333
33,720,0.7463705745780417,-0.2122013850399166,0.22146213804987047,572,0.0001169606863034763,0.06748734414577484,23697,0.42235346635182697,0.20277777777777778,0.17222222222222222,0.1986111111111111,0.21944444444444444,0.20694444444444443
34,720,0.7395786023493816,-0.3463026999644108,0.0291130348439419,556,0.00010544012020545779,0.0651145651936531,24417,0.43442853291829425,0.19027777777777777,0.20833333333333334,0.19583333333333333,0.21666666666666667,0.18888888888888888
35,720,0.7328484370680022,-0.4585955970952395,-0.08341053184592984,555,0.00010164703198572372,0.061173684895038605,25137,0.44518373409907025,0.175,0.20416666666666666,0.23194444444444445,0.19583333333333333,0.19305555555555556
36,720,0.7261795162906833,-0.31454305338213623,0.07999557792932732,555,0.00010339231787131414,0.060559362173080444,25857,0.45610248247782387,0.18888888888888888,0.18611111111111112,0.19166666666666668,0.21805555555555556,0.2152777777777778
37,720,0.7195712826924381,-0.2071783214193792,0.2123634010808515,557,9.69738445216232e-05,0.059362344443798065,26577,0.4686763683954875,0.21666666666666667,0.1763888888888889,0.19027777777777777,0.2,0.21666666666666667
38,720,0.7130231840199369,-0.3038954950954755,0.08448422456533611,555,9.166402292572052e-05,0.056067779660224915,27297,0.48254631757736205,0.20416666666666666,0.20694444444444443,0.2,0.18611111111111112,0.20277777777777778
39,720,0.7065346730453554,-0.7541162289013543,-0.29873275377566255,568,8.569200507635186e-05,0.05076499655842781,28017,0.4958143989245097,0.23472222222222222,0.20972222222222223,0.19583333333333333,0.16944444444444445,0.19027777777777777
40,720,0.7001052075206428,-0.3521426487488717,0.05164683654919844,562,8.857281245834908e-05,0.05082802474498749,28737,0.5095188180605571,0.22083333333333333,0.19444444444444445,0.19444444444444445,0.18888888888888888,0.2013888888888889
41,720,0.6937342501322049,-0.28117414629618215,0.10415005025332547,549,7.69913189590928e-05,0.05114494636654854,29457,0.5312406341234843,0.19305555555555556,0.20277777777777778,0.20833333333333334,0.19444444444444445,0.2013888888888889
42,720,0.6874212684560018,-0.40754416400848614,-0.04141224292316925,532,7.980847448026098e-05,0.04895652085542679,30177,0.5418723305066426,0.18472222222222223,0.20277777777777778,0.22916666666666666,0.15694444444444444,0.2263888888888889
43,720,0.6811657349130522,-0.40034798089900914,0.020866747692989573,574,8.071306965575786e-05,0.04965109005570412,30897,0.5536818663279216,0.225,0.18611111111111112,0.17916666666666667,0.17916666666666667,0.23055555555555557
44,720,0.6749671267253434,-0.4277311952693074,-0.044223514714507695,540,7.285461168875271e-05,0.0483689047396183,31617,0.5654688318570454,0.1986111111111111,0.2263888888888889,0.17777777777777778,0.18611111111111112,0.2111111111111111
45,720,0.6688249258721428,-0.2778738546949566,0.12145409831101706,536,7.469925842037304e-05,0.04674183577299118,32337,0.576949433485667,0.20833333333333334,0.19444444444444445,0.175,0.22777777777777777,0.19444444444444445
46,720,0.6627386190467063,-0.27792431116113897,0.12758219373657598,548,7.067595361655144e-05,0.04157087951898575,33057,0.5896661043167114,0.22916666666666666,0.19583333333333333,0.1875,0.16805555555555557,0.21944444444444444
47,720,0.6567076976133812,-0.42861166281092833,-0.06139604584736935,552,6.0740333790616e-05,0.04066578671336174,33777,0.6005956013997396,0.18055555555555555,0.21805555555555556,0.19027777777777777,0.2125,0.1986111111111111
48,720,0.6507316575650994,-0.45123725641310086,-0.06596115941868663,551,6.400234333846634e-05,0.04108429327607155,34497,0.6114765524864196,0.20972222222222223,0.2263888888888889,0.18611111111111112,0.1875,0.19027777777777777
49,720,0.6448099994812571,-0.5926659141856513,-0.16757813233418717,564,7.065753972155007e-05,0.03900813311338425,35217,0.6228989005088806,0.2263888888888889,0.18888888888888888,0.1736111111111111,0.19305555555555556,0.21805555555555556
50,720,0.6389422284859776,-0.5273418965655459,-0.12636437611436846,549,7.53306209389848e-05,0.04190284386277199,35937,0.6343207836151123,0.24722222222222223,0.22083333333333333,0.14583333333333334,0.19305555555555556,0.19305555555555556
51,720,0.6331278542067552,-0.4102115557853276,-0.02416479658466164,551,5.8240924290152585e-05,0.03879217803478241,36657,0.6624372680981954,0.20972222222222223,0.19027777777777777,0.19722222222222222,0.1986111111111111,0.20416666666666666
52,720,0.6273663907334738,-0.4543281788285378,-0.04860712010309032,569,6.344624534904142e-05,0.03917946666479111,37377,0.6749905029932658,0.21388888888888888,0.18055555555555555,0.18611111111111112,0.2125,0.20694444444444443
53,720,0.6216573565777992,-0.4446209902010838,-0.06608606361881697,527,6.637557074655989e-05,0.03871399909257889,38097,0.6868141849835714,0.21388888888888888,0.19166666666666668,0.1527777777777778,0.20277777777777778,0.2388888888888889
54,720,0.6160002746329413,-0.4715717299265986,-0.10243678802199807,543,5.516621150592174e-05,0.036302946507930756,38817,0.6991262157758077,0.19305555555555556,0.20555555555555555,0.18472222222222223,0.2111111111111111,0.20555555555555555
55,720,0.6103946721337815,-0.40311011554069026,-0.0023573326577462916,544,6.0961922746274567e-05,0.03703334182500839,39537,0.7108829696973165,0.24583333333333332,0.18472222222222223,0.18194444444444444,0.16666666666666666,0.22083333333333333
56,720,0.604840080617364,-0.5239208935660907,-0.12293212367398909,558,5.7941480263758016e-05,0.036695148795843124,40257,0.7233146031697592,0.19305555555555556,0.2013888888888889,0.18472222222222223,0.175,0.24583333333333332
57,720,0.5993360358837461,-0.4713351727984599,-0.1013262133312588,531,5.570990475563222e-05,0.03468422591686249,40977,0.7357861479123433,0.20416666666666666,0.2152777777777778,0.21388888888888888,0.1638888888888889,0.20277777777777778
58,720,0.5938820779572039,-0.15860314375645457,0.23911430747867457,543,6.18035909597994e-05,0.031080670654773712,41697,0.7483664155006409,0.19027777777777777,0.17916666666666667,0.22361111111111112,0.18472222222222223,0.2222222222222222
59,720,0.5884777510477934,-0.619478422414332,-0.23239378822232948,539,5.82618310444458e-05,0.032074399292469025,42417,0.7610404332478841,0.18333333333333332,0.2111111111111111,0.20972222222222223,0.19722222222222222,0.1986111111111111
60,720,0.5831226035132585,-0.31326579533674576,0.047319669385969654,531,5.2174134577853695e-05,0.029952649027109146,43137,0.7740777691205343,0.18888888888888888,0.2375,0.18472222222222223,0.20277777777777778,0.18611111111111112
61,720,0.5778161878212879,-0.73691125243315,-0.31316504268975864,515,5.493162275090274e-05,0.030691545456647873,43857,0.7970870971679688,0.17083333333333334,0.20833333333333334,0.18055555555555555,0.19027777777777777,0.25
62,720,0.5725580605121141,-0.4830847064602699,-0.08225408384541155,555,5.3608011517604205e-05,0.02842743694782257,44577,0.8084102670351664,0.20555555555555555,0.23194444444444445,0.1875,0.16666666666666666,0.20833333333333334
63,720,0.5673477821614539,-0.5401132584658963,-0.17189329196816983,515,5.005561086666906e-05,0.02814496122300625,45297,0.8202882329622905,0.20416666666666666,0.18055555555555555,0.20555555555555555,0.19722222222222222,0.2125
64,720,0.5621849173437846,-0.42202244553407364,-0.05258915887917448,531,4.888271639376601e-05,0.026842206716537476,46017,0.8319199800491333,0.20694444444444443,0.24583333333333332,0.16805555555555557,0.18055555555555555,0.1986111111111111
65,720,0.5570690345959561,-0.19978514603483022,0.19867269120912678,538,5.0571022971881674e-05,0.02803603559732437,46737,0.8433706998825073,0.19166666666666668,0.20555555555555555,0.18194444444444444,0.18333333333333332,0.2375
66,720,0.5519997063811329,-0.43591095292635545,-0.05484935635300192,555,5.262109168218861e-05,0.02742338739335537,47457,0.8565768003463745,0.17916666666666667,0.18333333333333332,0.19444444444444445,0.2013888888888889,0.24166666666666667
67,720,0.5469765090530646,-0.44406669640003743,-0.08223755503734054,509,4.883496431931336e-05,0.025971222668886185,48177,0.8669790307680766,0.20555555555555555,0.17916666666666667,0.18333333333333332,0.19027777777777777,0.24166666666666667
68,720,0.5419990228206817,-0.27793615112184417,0.09069362697736594,542,4.408969231488097e-05,0.024868540465831757,48897,0.8786645650863647,0.19166666666666668,0.20416666666666666,0.19166666666666668,0.2222222222222222,0.19027777777777777
69,720,0.5370668317130135,-0.3443849534443128,0.013454758010804868,535,4.4431452416423174e-05,0.02365700528025627,49617,0.889636751015981,0.23333333333333334,0.21944444444444444,0.17083333333333334,0.20833333333333334,0.16805555555555557
70,720,0.5321795235444251,-0.34588378748514004,0.03548116511113353,537,4.670498678807336e-05,0.025382675230503082,50337,0.9020345330238342,0.24027777777777778,0.18888888888888888,0.19027777777777777,0.18611111111111112,0.19444444444444445
71,720,0.5273366898801708,-0.24584846353575707,0.13360354485199477,537,3.96832380753646e-05,0.02449726313352585,51057,0.9250545183817546,0.2111111111111111,0.20555555555555555,0.1875,0.19583333333333333,0.2
72,720,0.5225379260022612,-0.5458751792310832,-0.16337152102972374,545,4.0940095136142593e-05,0.02541472017765045,51777,0.9376323183377584,0.19722222222222222,0.1986111111111111,0.18055555555555555,0.20555555555555555,0.21805555555555556
73,720,0.5177828308756407,-0.3592691126769145,-0.00026907646934770657,526,4.3374003176823965e-05,0.023462409153580666,52497,0.9495311538378398,0.17222222222222222,0.18194444444444444,0.20694444444444443,0.2152777777777778,0.22361111111111112
74,720,0.5130710071146724,-0.4389050232132349,-0.12226014609906233,478,3.806205678908251e-05,0.02323099970817566,53217,0.9610485474268595,0.2125,0.2222222222222222,0.1986111111111111,0.19444444444444445,0.17222222222222222
75,720,0.5084020609499288,-0.31657653523621687,0.05013997495323563,529,4.186427959338188e-05,0.02569960616528988,53937,0.9735415657361348,0.2111111111111111,0.1986111111111111,0.17777777777777778,0.18611111111111112,0.2263888888888889
76,720,0.5037756021952844,-0.34798196319913116,0.014623935356238071,542,4.840313872212694e-05,0.024042708799242973,54657,0.9852413853009542,0.22361111111111112,0.23055555555555557,0.2,0.18472222222222223,0.16111111111111112
77,720,0.4991912442153073,-0.2024773204700846,0.16244166843477292,527,4.458518011334592e-05,0.02402038499712944,55377,0.9989977518717448,0.22083333333333333,0.17916666666666667,0.20416666666666666,0.19444444444444445,0.2013888888888889
78,720,0.494648603892948,-0.5280578209924862,-0.18152123065008086,499,4.058042227875881e-05,0.022449776530265808,56097,1.0102349360783895,0.19166666666666668,0.1736111111111111,0.1875,0.2611111111111111,0.18611111111111112
79,720,0.4901473015975222,-0.5298452077053057,-0.16418268098893674,503,3.823119700048968e-05,0.022007331252098083,56817,1.0220084508260092,0.20833333333333334,0.20277777777777778,0.18055555555555555,0.2152777777777778,0.19305555555555556
80,720,0.4856869611529847,-0.3455865387506074,0.019093453727087484,520,3.769616725498458e-05,0.019436374306678772,57537,1.0343103806177776,0.21666666666666667,0.19166666666666668,0.19444444444444445,0.20277777777777778,0.19444444444444445
81,720,0.48126720980649257,-0.5463289328833812,-0.1710363168957797,489,4.005627637045311e-05,0.019313890486955643,58257,1.0600635329882304,0.23333333333333334,0.175,0.17083333333333334,0.18888888888888888,0.23194444444444445
82,720,0.4768876781972535,-0.33521104641688754,0.03436628439278411,514,3.879473357149739e-05,0.018527479842305183,58977,1.072547713915507,0.23194444444444445,0.19722222222222222,0.19166666666666668,0.15833333333333333,0.22083333333333333
83,720,0.47254800032565847,-0.20787419611392335,0.16985031401538708,533,3.476629371574644e-05,0.01770920678973198,59697,1.084876000881195,0.2,0.19166666666666668,0.21388888888888888,0.19027777777777777,0.20416666666666666
84,720,0.46824781352269496,-0.18527961685848007,0.16441682599521967,489,4.144324118316136e-05,0.01926824450492859,60417,1.0975013494491577,0.15555555555555556,0.18333333333333332,0.20833333333333334,0.2125,0.24027777777777778
85,720,0.46398675841963843,-0.30420840324265297,0.03023980626298517,495,4.3677330635697825e-05,0.019202403724193573,61137,1.1100470503171285,0.19722222222222222,0.18472222222222223,0.25416666666666665,0.1736111111111111,0.19027777777777777
86,720,0.45976447891801975,-0.7174621005551896,-0.31148081794499505,520,3.72285274731136e-05,0.019271571189165115,61857,1.1222952365875245,0.18472222222222223,0.18472222222222223,0.19722222222222222,0.20972222222222223,0.22361111111111112
87,720,0.4555806221598658,-0.29379657922543473,0.06844403877532756,511,3.73749046641731e-05,0.01871182769536972,62577,1.1338140845298768,0.22916666666666666,0.2013888888888889,0.16944444444444445,0.18333333333333332,0.21666666666666667
88,720,0.451434838498211,-0.3365045103335755,-0.003249220155355892,489,3.54590857202513e-05,0.018063994124531746,63297,1.145899732907613,0.22777777777777777,0.21666666666666667,0.19722222222222222,0.17222222222222222,0.18611111111111112
89,720,0.44732678146787724,-0.35564242338133645,-0.02287669134298309,509,3.278794480239513e-05,0.01661159098148346,64017,1.160739799340566,0.1736111111111111,0.18611111111111112,0.19305555555555556,0.21805555555555556,0.22916666666666666
90,720,0.4432561077565196,-0.3358141825026769,-0.01912885872344483,461,3.403611373818826e-05,0.016542838886380196,64737,1.174415902296702,0.20694444444444443,0.18194444444444444,0.17222222222222222,0.19305555555555556,0.24583333333333332
91,720,0.43922247717593527,-0.33208827357328724,-0.0030835097616991325,460,3.5027322869357e-05,0.016352014616131783,65457,1.198064883550008,0.1638888888888889,0.2111111111111111,0.1486111111111111,0.15555555555555556,0.32083333333333336
92,720,0.43522555263363427,-0.24967464277919804,0.07232089179958123,456,3.2131263241000044e-05,0.015493006445467472,66177,1.2113703489303589,0.175,0.15138888888888888,0.17083333333333334,0.2,0.30277777777777776
93,720,0.43126500010466823,0.13634394987739748,0.6583845234488572,520,3.429002458688046e-05,0.016208268702030182,66897,1.2231227517127992,0.20277777777777778,0.19305555555555556,0.19583333333333333,0.17222222222222222,0.2361111111111111
94,720,0.42734048860371576,-0.42505120780236455,-0.06695440286567989,520,3.601896501790078e-05,0.016694718971848488,67617,1.235781184832255,0.16944444444444445,0.2222222222222222,0.1986111111111111,0.19444444444444445,0.2152777777777778
95,720,0.42345169015742196,-0.3444710526842745,0.01311419387178292,501,3.553078544958528e-05,0.01565629243850708,68337,1.248602533340454,0.18333333333333332,0.2222222222222222,0.17222222222222222,0.16666666666666666,0.25555555555555554
96,720,0.41959827977698944,-0.193314144427201,0.18374821260353658,499,3.334657544150509e-05,0.015098529867827892,69057,1.260925034681956,0.26666666666666666,0.20833333333333334,0.1597222222222222,0.1638888888888889,0.2013888888888889
97,720,0.4157799354310188,-0.3083799678232737,0.027491127358465928,504,3.500767142870447e-05,0.014447154477238655,69777,1.272219713528951,0.18472222222222223,0.18194444444444444,0.19166666666666668,0.2263888888888889,0.2152777777777778
98,720,0.41199633801859653,-0.6269232979568936,-0.23273520150342553,529,2.9965832515522884e-05,0.015119882300496101,70497,1.2831040501594544,0.1625,0.19583333333333333,0.1875,0.19722222222222222,0.2569444444444444
99,720,0.4082471713426273,-0.3322063757537876,-0.009906975131040108,472,3.530612190287583e-05,0.014607196673750877,71217,1.2953278024991353,0.18888888888888888,0.19166666666666668,0.14583333333333334,0.2111111111111111,0.2625
100,720,0.4045321220834094,-0.4145183223023537,-0.08950632111327195,460,3.5204484044647365e-05,0.01550360955297947,71937,1.3069852670033772,0.14583333333333334,0.20416666666666666,0.17222222222222222,0.1763888888888889,0.3013888888888889
101,720,0.4008508797724504,-0.12657265232851844,0.2182645519978863,469,3.5725110039190136e-05,0.01658548414707184,72657,1.3327080368995667,0.16944444444444445,0.24861111111111112,0.16527777777777777,0.1625,0.25416666666666665
102,720,0.3972031367665211,-0.2678834491808469,0.08558232796608944,490,3.5864839257252847e-05,0.01604265160858631,73377,1.3442915995915732,0.2152777777777778,0.17777777777777778,0.14027777777777778,0.225,0.24166666666666667
103,720,0.39358858822194576,-0.26631398577154913,0.0363304024002149,434,3.5663254661560334e-05,0.015606636181473732,74097,1.3560153683026632,0.2722222222222222,0.1875,0.19166666666666668,0.1625,0.18611111111111112
104,720,0.39000693206912607,-0.13041666205645966,0.23563293644584782,464,3.670391259270723e-05,0.016789663583040237,74817,1.3689005692799887,0.3472222222222222,0.19305555555555556,0.15138888888888888,0.14166666666666666,0.16666666666666666
105,720,0.386457868987297,-0.10104614783122888,0.26295454393294015,485,3.60739847855661e-05,0.015644118189811707,75537,1.381419014930725,0.21944444444444444,0.20833333333333334,0.1875,0.1638888888888889,0.22083333333333333
106,720,0.3829411023795126,-0.35677827724861777,-0.03442188802081125,480,3.3789484122179504e-05,0.01498277485370636,76257,1.393725085258484,0.19583333333333333,0.22083333333333333,0.23333333333333334,0.1625,0.1875
107,720,0.3794563383478591,-0.5894332146521738,-0.2563488322519172,459,3.343493239829816e-05,0.01412451732903719,76977,1.4063841025034587,0.15694444444444444,0.22083333333333333,0.2222222222222222,0.2222222222222222,0.17777777777777778
108,720,0.37600328566889357,-0.39155475901741005,-0.06625767210882838,452,3.593514617882142e-05,0.014676391147077084,77697,1.4183282852172852,0.21666666666666667,0.1638888888888889,0.12638888888888888,0.20833333333333334,0.2847222222222222
109,720,0.37258165576930663,-0.32533055795993115,0.006943436690412419,475,3.6261373390465855e-05,0.015146086923778057,78417,1.4295007824897765,0.13333333333333333,0.2,0.14444444444444443,0.22083333333333333,0.3013888888888889
110,720,0.36919116270180596,-0.29781234961328157,0.002941969509939746,453,3.318158876608221e-05,0.014620494097471237,79137,1.4420456171035767,0.17916666666666667,0.22361111111111112,0.1736111111111111,0.20416666666666666,0.21944444444444444
111,720,0.3658315231212195,-0.2734840169410596,0.040307126042193,452,3.2335299082180626e-05,0.013718564063310623,79857,1.4668412844340006,0.14444444444444443,0.19166666666666668,0.16805555555555557,0.20277777777777778,0.29305555555555557
112,720,0.36250245626081645,-0.4511007714692397,-0.14943187589854334,450,3.4528969874574816e-05,0.014070466160774231,80577,1.4791880170504252,0.16527777777777777,0.18055555555555555,0.16527777777777777,0.29305555555555557,0.19583333333333333
113,720,0.359203683908843,-0.37054396820162105,-0.0720653493202349,437,3.5265667565909095e-05,0.013797422870993614,81297,1.4909423192342122,0.18055555555555555,0.20694444444444443,0.18472222222222223,0.19027777777777777,0.2375
114,720,0.3559349303852725,-0.7173165466765231,-0.31772095414543666,497,3.333781690836683e-05,0.013333071023225784,82017,1.502267599105835,0.18472222222222223,0.22083333333333333,0.17083333333333334,0.19444444444444445,0.22916666666666666
115,720,0.3526959225187665,-0.14465132651799942,0.20454111077945347,479,3.2115697038332456e-05,0.01374264806509018,82737,1.5151442170143128,0.17083333333333334,0.19305555555555556,0.1625,0.20277777777777778,0.2708333333333333
116,720,0.34948638962384576,-0.24857542442482175,0.05145463865287647,448,3.361748024354307e-05,0.013897270895540714,83457,1.5273528655370077,0.24166666666666667,0.175,0.1736111111111111,0.20972222222222223,0.2
117,720,0.34630606347826876,-0.48064161991816184,-0.12400213031764584,498,3.151705620388788e-05,0.013475503772497177,84177,1.5396745999654133,0.1986111111111111,0.2125,0.125,0.21388888888888888,0.25
118,720,0.3431546783006165,0.26820820990845523,0.7989590821025077,484,3.253311226229825e-05,0.014254162088036537,84897,1.5531681338946024,0.21666666666666667,0.20555555555555555,0.17916666666666667,0.22083333333333333,0.17777777777777778
119,720,0.3400319707280809,-0.16668210632587588,0.12616481787656575,406,3.360281251742789e-05,0.013647647574543953,85617,1.5668411175409953,0.2388888888888889,0.1986111111111111,0.14722222222222223,0.16527777777777777,0.25
120,720,0.3369376797944554,-0.27849871906117113,0.06876233309346702,493,3.375066064816363e-05,0.012385755777359009,86337,1.579212733109792,0.2152777777777778,0.20694444444444443,0.1736111111111111,0.1763888888888889,0.22777777777777777
121,720,0.3338715469083258,-0.3052943897248659,0.03376306970051801,445,3.734265305739528e-05,0.01283437293022871,87057,1.6030646522839864,0.31805555555555554,0.2125,0.11944444444444445,0.1597222222222222,0.19027777777777777
122,720,0.3308333158314601,-0.4155011691155292,-0.10192452750379288,449,3.887483840874969e-05,0.013221293687820435,87777,1.6145312825838725,0.16944444444444445,0.2263888888888889,0.16944444444444445,0.19444444444444445,0.24027777777777778
123,720,0.3278227326573938,-0.22698228299813997,0.09912863622458001,474,3.570753617623268e-05,0.014023242518305779,88497,1.6265116492907206,0.1625,0.20833333333333334,0.1527777777777778,0.19583333333333333,0.28055555555555556
124,720,0.3248395457902115,-0.3810606494963353,-0.06649657731221892,454,3.406422997361208e-05,0.013517731800675392,89217,1.6392992854118347,0.2652777777777778,0.19583333333333333,0.15833333333333333,0.18194444444444444,0.1986111111111111
125,720,0.3218835059235206,-0.24962691018072294,0.04956216324392493,467,3.526838259707195e-05,0.012832297012209892,89937,1.6519336342811584,0.15833333333333333,0.19305555555555556,0.18055555555555555,0.27361111111111114,0.19444444444444445
126,720,0.3189543660196166,-0.4087493355900391,-0.09629232169461877,441,3.624564478362421e-05,0.013460850343108177,90657,1.6665653665860494,0.16805555555555557,0.26805555555555555,0.14027777777777778,0.19027777777777777,0.23333333333333334
127,720,0.31605188128883804,-0.22891650285056264,0.03933750645416456,416,3.4793826259576435e-05,0.013076044619083405,91377,1.6797050356864929,0.14027777777777778,0.23055555555555557,0.20694444444444443,0.1763888888888889,0.24583333333333332
128,720,0.31317580916910964,-0.40148106558090446,-0.11039796289825698,412,3.363690539875582e-05,0.0137341832742095,92097,1.69206436475118,0.23472222222222222,0.16805555555555557,0.11944444444444445,0.2263888888888889,0.2513888888888889
129,720,0.3103259093056707,0.16650779315998543,0.6487341194988283,492,3.480422949577486e-05,0.01354121696203947,92817,1.7049396514892579,0.15694444444444444,0.19444444444444445,0.19583333333333333,0.2125,0.24027777777777778
130,720,0.30750194353098914,-0.32471857436665413,-0.04755086441391421,433,3.628998172189313e-05,0.013607712462544441,93537,1.7175225853919982,0.14583333333333334,0.21666666666666667,0.1638888888888889,0.2513888888888889,0.2222222222222222
131,720,0.30470367584485714,-0.13150981250278118,0.19780436796412904,452,3.516090378323295e-05,0.01355893537402153,94257,1.740950099627177,0.18472222222222223,0.21944444444444444,0.15,0.22083333333333333,0.225
132,720,0.3019308723946689,-0.3337237250105765,-0.049458754968210505,439,3.641039539464449e-05,0.013326238840818405,94977,1.7533560355504354,0.18888888888888888,0.20833333333333334,0.19444444444444445,0.1875,0.22083333333333333
133,720,0.29918330145587746,-0.19910729517819464,0.09926602250228878,428,3.574870636384731e-05,0.012648507952690125,95697,1.765787915388743,0.2,0.18333333333333332,0.14305555555555555,0.19583333333333333,0.2777777777777778
134,720,0.29646073341262896,-0.2143314931254703,0.0949059912843242,466,3.87522477859016e-05,0.012381091713905334,96417,1.778249482313792,0.16666666666666666,0.22083333333333333,0.19722222222222222,0.1986111111111111,0.21666666666666667
135,720,0.29376294073857406,-0.19692809247472692,0.10469790397644285,428,4.1036144308590236e-05,0.013074353337287903,97137,1.7925345818201701,0.2361111111111111,0.1527777777777778,0.17083333333333334,0.18888888888888888,0.2513888888888889
136,720,0.29108969797785306,-0.03047503311259821,0.2760571430665726,403,3.5790487935274644e-05,0.013073872774839401,97857,1.8050872166951497,0.20277777777777778,0.24027777777777778,0.18611111111111112,0.15694444444444444,0.21388888888888888
137,720,0.2884407817262546,-0.25729938425176035,0.07810041311215543,466,3.7868220293704425e-05,0.012683635577559471,98577,1.8184132854143777,0.1875,0.17083333333333334,0.16666666666666666,0.1875,0.2875
138,720,0.28581597061254566,-0.25824155180523384,0.0296906817866327,404,3.719822115423692e-05,0.01378000807017088,99297,1.8306578834851583,0.24583333333333332,0.2013888888888889,0.14583333333333334,0.19583333333333333,0.2111111111111111
139,720,0.2832150452799715,-0.2878673498146043,0.029046504991003808,457,3.876538220184658e-05,0.012935078702867031,100017,1.8424285332361856,0.28194444444444444,0.16944444444444445,0.1875,0.20277777777777778,0.15833333333333333
140,720,0.28063778836792375,0.005390336389378239,0.37456914976403133,457,3.7333629887194144e-05,0.012609043158590794,100737,1.8577461043993633,0.23055555555555557,0.19305555555555556,0.17083333333333334,0.18055555555555555,0.225
141,720,0.27808398449377564,-0.33130744405632,-0.030822440613049173,432,3.40929189671139e-05,0.012929820455610752,101457,1.8824103156725565,0.2222222222222222,0.20694444444444443,0.1527777777777778,0.19027777777777777,0.22777777777777777
142,720,0.2755534202348823,-0.14336836474883058,0.14956272996113618,409,3.619961690270025e-05,0.013433919288218021,102177,1.8933683037757874,0.17916666666666667,0.1875,0.2013888888888889,0.18194444444444444,0.25
143,720,0.2730458841107448,-0.36275529467424233,-0.048537776110628594,435,3.755098403972726e-05,0.013260403648018837,102897,1.9064828673998515,0.17777777777777778,0.18472222222222223,0.16805555555555557,0.20555555555555555,0.2638888888888889
144,720,0.270561166565337,-0.2180197154432712,0.055727691947661695,401,3.5313066545465216e-05,0.013250469230115414,103617,1.9182663162549336,0.20277777777777778,0.18055555555555555,0.15138888888888888,0.20833333333333334,0.2569444444444444
145,720,0.26809905994959243,-0.29297605371251445,0.014629931280521813,462,3.4844275928789e-05,0.013337457552552223,104337,1.930302886168162,0.2361111111111111,0.22083333333333333,0.15833333333333333,0.17916666666666667,0.20555555555555555
146,720,0.26565935850405115,-0.175481381670608,0.14828395896893798,461,3.59597286016348e-05,0.013241366483271122,105057,1.9435102025667825,0.16944444444444445,0.14583333333333334,0.2,0.2013888888888889,0.2833333333333333
147,720,0.2632418583416643,0.11248163582471589,0.5265062626804773,455,3.691343026098871e-05,0.0138736292719841,105777,1.954731547832489,0.175,0.19166666666666668,0.1875,0.18194444444444444,0.2638888888888889
148,720,0.2608463574307552,-0.1519253471566469,0.15266269487276363,429,3.4861322037866355e-05,0.013950306922197342,106497,1.9683000802993775,0.2791666666666667,0.1763888888888889,0.19444444444444445,0.15138888888888888,0.1986111111111111
149,720,0.2584726555781353,-0.20880129653643342,0.07138124959143677,430,3.7538550364186244e-05,0.012943961657583714,107217,1.9818113366762797,0.2375,0.21944444444444444,0.15,0.19166666666666668,0.2013888888888889
150,720,0.2561205544123743,-0.021582201393240127,0.28071408157481925,411,3.581884089195834e-05,0.012599156238138676,107937,1.9942524194717408,0.1597222222222222,0.18888888888888888,0.19027777777777777,0.15833333333333333,0.30277777777777776
151,720,0.2537898573672217,-0.381801450070752,-0.1106829319408128,385,3.6125294938453106e-05,0.012661277316510677,108657,2.0180188179016114,0.2013888888888889,0.18611111111111112,0.19166666666666668,0.175,0.24583333333333332
152,720,0.25148036966518,-0.4785111240820406,-0.16640793258238695,453,3.4674141444510395e-05,0.013125983998179436,109377,2.031621750195821,0.18611111111111112,0.19722222222222222,0.16944444444444445,0.20277777777777778,0.24444444444444444
153,720,0.24919189830122687,-0.2659213790663732,0.028733692306569525,430,3.5225839823422376e-05,0.01168885175138712,110097,2.043992483615875,0.16666666666666666,0.19583333333333333,0.18888888888888888,0.19166666666666668,0.2569444444444444
154,720,0.24692425202668572,-0.28347671622412407,-0.007200666300009928,433,3.494967244629758e-05,0.011927139945328236,110817,2.0556737184524536,0.18611111111111112,0.23472222222222222,0.2013888888888889,0.17777777777777778,0.2
155,720,0.24467724133324287,-0.2306054191282619,0.0611938849484337,421,3.425279608488078e-05,0.012218226678669453,111537,2.0672122836112976,0.25416666666666665,0.18194444444444444,0.16944444444444445,0.1625,0.23194444444444445
156,720,0.24245067843711035,0.2742831867261162,0.7472326382763232,434,3.3870159328823016e-05,0.011550240218639374,112257,2.078964134057363,0.2388888888888889,0.19305555555555556,0.19444444444444445,0.16111111111111112,0.2125
157,720,0.24024437726333264,-0.11637604487796006,0.1890134802609449,438,3.923932656814739e-05,0.01131879910826683,112977,2.090612248579661,0.14722222222222223,0.2388888888888889,0.15833333333333333,0.1875,0.26805555555555555
158,720,0.2380581534302363,-0.30394084537509425,-0.02852607005715513,404,3.219010806863783e-05,0.012813995592296124,113697,2.1028607368469237,0.14722222222222223,0.20555555555555555,0.19444444444444445,0.14305555555555555,0.30972222222222223
159,720,0.23589182423402116,-0.1380850963951295,0.10452447568947587,359,3.512194196749382e-05,0.01216408982872963,114417,2.1156389156977338,0.125,0.2125,0.16666666666666666,0.1527777777777778,0.34305555555555556
160,720,0.23374520863349157,-0.19312062085285175,0.09103782813095851,403,3.225973170073202e-05,0.011115330271422863,115137,2.12809206644694,0.19027777777777777,0.18055555555555555,0.17916666666666667,0.21388888888888888,0.2361111111111111
161,720,0.2316181272349268,0.18755408304105534,0.6373090696483048,420,3.5912221653688904e-05,0.01181066408753395,115857,2.149867049853007,0.2013888888888889,0.1638888888888889,0.14166666666666666,0.21805555555555556,0.275
162,720,0.22951040227708897,-0.40142162485957833,-0.09644800741851745,418,3.690348773943697e-05,0.012066406197845936,116577,2.1607483863830566,0.25416666666666665,0.15694444444444444,0.1486111111111111,0.16944444444444445,0.2708333333333333
163,720,0.22742185761636746,-0.04758232225517896,0.23295987089573345,384,4.034705343150967e-05,0.012819662690162659,117297,2.174356098969777,0.1625,0.19722222222222222,0.17777777777777778,0.18888888888888888,0.27361111111111114
164,720,0.22535231871205852,-0.25205202107816516,0.03453078792129327,403,3.522176252393668e-05,0.012215490452945232,118017,2.1890865008036298,0.2763888888888889,0.17222222222222222,0.14305555555555555,0.20972222222222223,0.1986111111111111
165,720,0.22330161261177878,-0.26957460289977125,0.04047297882461631,416,3.9271316811411656e-05,0.012334279716014862,118737,2.2029964208602903,0.21944444444444444,0.19444444444444445,0.13333333333333333,0.18333333333333332,0.26944444444444443
166,720,0.22126956793701158,-0.21638504952529514,0.0016162552094907134,335,3.734508062254665e-05,0.01240258477628231,119457,2.215790883700053,0.23194444444444445,0.2513888888888889,0.18055555555555555,0.14305555555555555,0.19305555555555556
167,720,0.21925601486878477,0.2435178296222485,0.6845826196050313,404,3.271350807633806e-05,0.012543616816401482,120177,2.229093436400096,0.20555555555555555,0.17222222222222222,0.18888888888888888,0.22361111111111112,0.20972222222222223
168,720,0.21726078513347882,-0.219753299641786,0.09993017482553146,441,3.4838570165144726e-05,0.012098962441086769,120897,2.2411955038706464,0.2013888888888889,0.16527777777777777,0.20277777777777778,0.19583333333333333,0.23472222222222222
169,720,0.21528371198876417,-0.2177695838381454,0.11541933137521276,471,3.350439113900292e-05,0.011547399684786797,121617,2.255569084485372,0.18055555555555555,0.17083333333333334,0.20833333333333334,0.18055555555555555,0.25972222222222224
170,720,0.2133246302096664,0.33759990642355286,0.9099936289478043,423,3.377342709680104e-05,0.011308799497783184,122337,2.2690186500549316,0.2,0.16805555555555557,0.14305555555555555,0.18333333333333332,0.3055555555555556
171,720,0.21138337607475843,-0.17850790441544184,0.08057369112143009,375,3.602556157602521e-05,0.011670674197375774,123057,2.290874167283376,0.21388888888888888,0.14027777777777778,0.175,0.21805555555555556,0.25277777777777777
172,720,0.20945978735247814,0.25637550642371615,0.7395483427924407,423,3.342504668100648e-05,0.011214228346943855,123777,2.30373965104421,0.18055555555555555,0.17916666666666667,0.19444444444444445,0.1986111111111111,0.24722222222222223
173,720,0.20755370328757058,0.0026309492824794626,0.2890183365748997,400,3.5253194931151986e-05,0.011575023643672466,124497,2.3185922145843505,0.17222222222222222,0.21944444444444444,0.14027777777777778,0.21388888888888888,0.25416666666666665
174,720,0.20566496458765368,0.07734056264604552,0.5050717366996678,444,4.138318581681233e-05,0.011460917070508003,125217,2.3308677156766255,0.2847222222222222,0.17083333333333334,0.14027777777777778,0.1986111111111111,0.20555555555555555
175,720,0.20379341340990603,0.31348332619953867,0.9126377804701387,479,3.328672117390852e-05,0.011285251937806606,125937,2.342875834306081,0.25833333333333336,0.1527777777777778,0.14444444444444443,0.24027777777777778,0.20416666666666666
176,720,0.20193889334787588,-0.10952801033889724,0.20138131384265057,412,3.8932676852709845e-05,0.012392301112413406,126657,2.35368926525116,0.1986111111111111,0.17777777777777778,0.13194444444444445,0.18888888888888888,0.30277777777777776
177,720,0.2001012494184102,-0.25649723134495694,0.030457386930607067,391,3.6458100469695235e-05,0.012119797058403492,127377,2.366689117749532,0.22361111111111112,0.17916666666666667,0.12916666666666668,0.1875,0.28055555555555556
178,720,0.19828032804870266,-0.0038286037499507992,0.3393325545452701,427,3.7418737293945826e-05,0.012321445159614086,128097,2.37798664967219,0.24861111111111112,0.1527777777777778,0.16805555555555557,0.18333333333333332,0.24722222222222223
179,720,0.19647597706345946,-0.38697601143175236,-0.11770252926608571,379,4.032571341920427e-05,0.012984797358512878,128817,2.3920104344685873,0.2222222222222222,0.19444444444444445,0.1527777777777778,0.19305555555555556,0.2375
180,720,0.19468804567218198,-0.06332478992366869,0.3095390565648941,441,3.697124353215663e-05,0.012573891319334507,129537,2.4054908672968547,0.2222222222222222,0.19444444444444445,0.19722222222222222,0.15,0.2361111111111111
181,720,0.19291638445656512,-0.16654418722991945,0.0843229822792424,363,3.6173382068227514e-05,0.013138478621840477,130257,2.4291729807853697,0.275,0.19027777777777777,0.1375,0.17222222222222222,0.225
182,720,0.19116084535801037,-0.03245017093595007,0.32783504344285275,441,4.14284810517529e-05,0.013370105065405369,130977,2.4408653020858764,0.1763888888888889,0.1625,0.1638888888888889,0.20555555555555555,0.2916666666666667
183,720,0.18942128166525246,-0.28312360160039557,-0.017223550814942312,427,4.186404892152496e-05,0.01351988036185503,131697,2.4536798675855,0.16944444444444445,0.18472222222222223,0.2013888888888889,0.23194444444444445,0.2125
184,720,0.18769754800209867,0.31951547901482286,0.8969844220174745,404,3.9932081054101016e-05,0.013630019500851631,132417,2.467184583346049,0.3138888888888889,0.12222222222222222,0.12916666666666668,0.17222222222222222,0.2625
185,720,0.18598950031527958,-0.4079327403184397,-0.1233809331474397,370,3.7227300966454396e-05,0.013591134920716286,133137,2.478399034341176,0.33194444444444443,0.11388888888888889,0.13194444444444445,0.16805555555555557,0.25416666666666665
186,720,0.18429699586241055,-0.14779283180957317,0.08676692876660885,365,4.002080344333889e-05,0.013113725930452347,133857,2.4908695658047995,0.19583333333333333,0.1986111111111111,0.1875,0.28194444444444444,0.1361111111111111
187,720,0.1826198932000626,-0.03867141027624725,0.2634279091191041,401,4.23502473255313e-05,0.013363972306251526,134577,2.5037235657374066,0.23333333333333334,0.1486111111111111,0.17222222222222222,0.22361111111111112,0.2222222222222222
188,720,0.18095805217194205,-0.2353001765255123,0.0684401952684166,435,4.2364535875094586e-05,0.012946334667503834,135297,2.5163960655530295,0.18194444444444444,0.25,0.14583333333333334,0.1875,0.23472222222222222
189,720,0.17931133389717738,-0.15493562157968302,0.08851499607156543,352,4.129355229451903e-05,0.012978429906070232,136017,2.5284751812616983,0.20972222222222223,0.2375,0.19583333333333333,0.15416666666666667,0.20277777777777778
190,720,0.17767960075871306,-0.21582273034557606,0.04673654279353334,377,3.8552019865771096e-05,0.012596636079251766,136737,2.540329353014628,0.2569444444444444,0.2513888888888889,0.16527777777777777,0.13472222222222222,0.19166666666666668
191,720,0.17606271639180876,-0.31647737080453436,-0.041108520730313125,405,4.01284235977073e-05,0.01292678527534008,137457,2.565738268693288,0.18888888888888888,0.1986111111111111,0.1986111111111111,0.16666666666666666,0.24722222222222223
192,720,0.1744605456726433,-0.23371819839498395,0.07711029414208759,441,3.846517613763151e-05,0.013247090391814709,138177,2.5769812862078347,0.20833333333333334,0.16944444444444445,0.15416666666666667,0.1875,0.28055555555555556
193,720,0.17287295470702224,-0.03559772984378169,0.29291876383592763,422,3.861055490688159e-05,0.012590189464390278,138897,2.592167051633199,0.14583333333333334,0.1597222222222222,0.16666666666666666,0.2361111111111111,0.2916666666666667
194,720,0.17129981081918835,-0.31014854279916615,-0.08848619790393575,353,3.4877781287276674e-05,0.01279142964631319,139617,2.6037107984224956,0.12361111111111112,0.26805555555555555,0.15555555555555556,0.2111111111111111,0.24166666666666667
195,720,0.16974098254073375,0.4088833405007925,1.0547071680614444,442,3.924895117077338e-05,0.012581565417349339,140337,2.6176917513211566,0.19305555555555556,0.175,0.14166666666666666,0.20416666666666666,0.2861111111111111
196,720,0.16819633959961308,0.021507439943492548,0.4169510849202225,470,3.8988531158186865e-05,0.012401534244418144,141057,2.6302012324333193,0.18611111111111112,0.17083333333333334,0.18194444444444444,0.225,0.2361111111111111
197,720,0.16666575290925661,-0.2753220960788639,0.0036846757092114935,396,3.7631373930303706e-05,0.012485731393098831,141777,2.6437376658121745,0.29583333333333334,0.17222222222222222,0.14166666666666666,0.18194444444444444,0.20833333333333334
198,720,0.16514909455778237,-0.0917570432321505,0.20712675934119074,433,3.8180761550342546e-05,0.012966352514922619,142497,2.656246284643809,0.18333333333333332,0.20833333333333334,0.18055555555555555,0.1625,0.2652777777777778
199,720,0.16364623779730655,-0.5080400022092038,-0.18944817854186724,430,4.011404001605317e-05,0.012864037416875362,143217,2.668102482954661,0.20694444444444443,0.19722222222222222,0.1638888888888889,0.18055555555555555,0.2513888888888889
200,720,0.16215705703335107,-0.10913699836660821,0.20064990973658303,416,3.9495909902598214e-05,0.014112245291471481,143937,2.679617766539256,0.17083333333333334,0.15416666666666667,0.14027777777777778,0.15833333333333333,0.3763888888888889
201,720,0.16068142781434758,-0.1548946624354584,0.15673957629459645,414,3.729270819437463e-05,0.013475912623107433,144657,2.7042434851328534,0.23472222222222222,0.14444444444444443,0.18055555555555555,0.17777777777777778,0.2625
202,720,0.15921922682123701,-0.12539078670675177,0.17041596737222653,400,3.8334038940017005e-05,0.01336221769452095,145377,2.717230232556661,0.28055555555555556,0.17222222222222222,0.17777777777777778,0.13194444444444445,0.2375
203,720,0.15777033185716377,-0.27949950564725234,-0.02663827729173973,405,3.5497169303905845e-05,0.0131295807659626,146097,2.7303982337315875,0.2916666666666667,0.20694444444444443,0.17916666666666667,0.15,0.17222222222222222
204,720,0.15633462183726357,-0.03345804023336123,0.2863284013854841,419,3.986677575337833e-05,0.01406971737742424,146817,2.7453688661257427,0.14583333333333334,0.18888888888888888,0.16805555555555557,0.2,0.2972222222222222
205,720,0.15491197677854449,-0.005396233316089906,0.3611824447702967,457,4.224744891164139e-05,0.013901064172387123,147537,2.7591583808263143,0.2,0.1388888888888889,0.19722222222222222,0.2013888888888889,0.2625
206,720,0.15350227778985973,-0.27664157239336473,0.024913714023715006,420,4.2444550633212605e-05,0.013534072786569595,148257,2.7712521155675254,0.25833333333333336,0.1736111111111111,0.12222222222222222,0.17777777777777778,0.26805555555555555
207,720,0.152105407061972,-0.29980972460700817,-0.02059469642993028,422,4.4356821011761994e-05,0.013864606618881226,148977,2.785508465766907,0.2013888888888889,0.19166666666666668,0.1986111111111111,0.2,0.20833333333333334
208,720,0.15072124785770807,-0.31885988558467027,-0.011048398720484576,435,4.190431025992641e-05,0.012992233969271183,149697,2.800063200791677,0.2388888888888889,0.19027777777777777,0.1361111111111111,0.1638888888888889,0.2708333333333333
209,720,0.14934968450220293,0.13375599532463217,0.5996038347802313,496,4.186546788863173e-05,0.013447238132357597,150417,2.813384000460307,0.20555555555555555,0.18611111111111112,0.16805555555555557,0.21666666666666667,0.22361111111111112
210,720,0.1479906023732329,-0.2900777286965927,-0.05877939367591278,347,3.887486104758864e-05,0.013292547315359116,151137,2.8268437147140504,0.35555555555555557,0.22777777777777777,0.12916666666666668,0.14305555555555555,0.14444444444444443
211,720,0.14664388789163646,-0.4795344843687991,-0.22820359232715892,341,4.0985343002830635e-05,0.013489902019500732,151857,2.8513554334640503,0.275,0.19305555555555556,0.1527777777777778,0.1736111111111111,0.20555555555555555
212,720,0.14530942851182257,0.03270175862640944,0.33402642831318174,376,3.8009695995495145e-05,0.012480984441936016,152577,2.8650030493736267,0.21944444444444444,0.20833333333333334,0.15416666666666667,0.18611111111111112,0.23194444444444445
213,720,0.143987112712365,-0.0036071425337744992,0.27270283742463786,382,4.2841357320513556e-05,0.012300800532102585,153297,2.877668535709381,0.21666666666666667,0.225,0.19166666666666668,0.20416666666666666,0.1625
214,720,0.1426768299866825,-0.13957899667836215,0.07726024018015454,335,3.97288095617417e-05,0.011783269234001637,154017,2.89214377005895,0.24583333333333332,0.2611111111111111,0.17777777777777778,0.14305555555555555,0.17222222222222222
215,720,0.14137847083380367,0.025858374362624763,0.32625393023704596,385,3.846977881999515e-05,0.012179063633084297,154737,2.90384236574173,0.21944444444444444,0.17916666666666667,0.16527777777777777,0.18888888888888888,0.24722222222222223
216,720,0.14009192674921606,-0.012938211492569726,0.39105407696360883,476,3.6717992518080995e-05,0.011912244372069836,155457,2.916703999042511,0.24305555555555555,0.1736111111111111,0.13333333333333333,0.19166666666666668,0.25833333333333336
217,720,0.1388170902157982,0.18054078414870375,0.6711980829483364,461,3.7184315860688206e-05,0.011199408210814,156177,2.929252318541209,0.20277777777777778,0.1763888888888889,0.17916666666666667,0.2013888888888889,0.24027777777777778
218,720,0.13755385469483442,-0.2170867294787383,0.03501225840965705,403,3.7534976881185383e-05,0.01210729405283928,156897,2.940868449211121,0.18055555555555555,0.15833333333333333,0.22361111111111112,0.2361111111111111,0.2013888888888889
219,720,0.13630211461711142,-0.10994485572299496,0.18034308270898047,380,3.8739125510447694e-05,0.011594749055802822,157617,2.952633817990621,0.2625,0.12916666666666668,0.11527777777777778,0.23472222222222222,0.25833333333333336
220,720,0.1350617653740957,-0.16933305866618173,0.12009885111207352,417,3.933299703046739e-05,0.011874559335410595,158337,2.9647132992744445,0.25833333333333336,0.1625,0.16527777777777777,0.16805555555555557,0.24583333333333332
221,720,0.13383270330919142,0.011610895549818976,0.3232765496815677,394,4.225622752503316e-05,0.012937748804688454,159057,2.989565618832906,0.21388888888888888,0.16805555555555557,0.1736111111111111,0.21944444444444444,0.225
222,720,0.1326148257090778,-0.3303616587780202,-0.04051793791859348,414,3.9680937061348234e-05,0.013753595761954784,159777,3.0042244871457418,0.3013888888888889,0.20555555555555555,0.12777777777777777,0.20416666666666666,0.16111111111111112
223,720,0.13140803079512517,-0.3194274819899047,-0.02948408912071232,395,4.404209592823665e-05,0.013780626468360424,160497,3.0166580359141033,0.26944444444444443,0.13333333333333333,0.19305555555555556,0.19444444444444445,0.20972222222222223
224,720,0.13021221771488953,-0.1045168386185711,0.16181467920933645,385,4.070180846787884e-05,0.013042688369750977,161217,3.028895115852356,0.26944444444444443,0.23194444444444445,0.11666666666666667,0.15833333333333333,0.22361111111111112
225,720,0.12902728653368403,-0.029013124036324993,0.3151975414251482,413,3.889969466020678e-05,0.01217716559767723,161937,3.0400304834047955,0.29305555555555557,0.2111111111111111,0.10555555555555556,0.15833333333333333,0.23194444444444445
226,720,0.12785313822622751,-0.18068001525409108,0.09507185787548811,380,4.1707075806445775e-05,0.012683449313044548,162657,3.0543476502100626,0.30972222222222223,0.19166666666666668,0.12916666666666668,0.17916666666666667,0.19027777777777777
227,720,0.12668967466836883,-0.020369166845015215,0.2698272062653513,387,4.409717175551325e-05,0.012427961453795433,163377,3.068693800767263,0.21388888888888888,0.18333333333333332,0.13194444444444445,0.24861111111111112,0.2222222222222222
228,720,0.12553679862888667,0.37101395892550393,1.012774178762606,463,4.291671152082522e-05,0.013051873072981834,164097,3.082574999332428,0.18888888888888888,0.15416666666666667,0.14583333333333334,0.225,0.2861111111111111
229,720,0.1243944137613638,0.19812847490419033,0.7017012311956012,481,4.339654184882925e-05,0.012790275737643242,164817,3.0954614520072936,0.1638888888888889,0.14444444444444443,0.1875,0.1986111111111111,0.3055555555555556
230,720,0.12326242459613539,-0.003943294282568068,0.2989505974090765,408,4.79464705613787e-05,0.013555947691202164,165537,3.108091950416565,0.1597222222222222,0.1986111111111111,0.2125,0.19027777777777777,0.2388888888888889
231,720,0.12214073653231056,-0.12274003735757491,0.1589448309251753,373,4.334027792083361e-05,0.012537803500890732,166257,3.131065519650777,0.25277777777777777,0.2652777777777778,0.12222222222222222,0.14305555555555555,0.21666666666666667
232,720,0.12102925582986652,0.39196384361913506,0.9896601467401047,403,4.285352060201654e-05,0.013064006343483925,166977,3.144427231947581,0.18472222222222223,0.12222222222222222,0.14027777777777778,0.24305555555555555,0.30972222222222223
233,720,0.11992788960181475,-0.3023352833361582,-0.04527819379005782,344,4.2900027376112525e-05,0.013345233164727688,167697,3.1569701155026753,0.2902777777777778,0.24027777777777778,0.09444444444444444,0.09861111111111111,0.2763888888888889
234,720,0.11883654580643824,0.2093692990895063,0.6818078215197794,451,4.1946030162560215e-05,0.014706583693623543,168417,3.169804100195567,0.2513888888888889,0.18055555555555555,0.15,0.2013888888888889,0.21666666666666667
235,720,0.11775513323959964,-0.2010824980310648,0.11395584243192225,475,4.283375405723038e-05,0.01298370398581028,169137,3.182124682267507,0.14722222222222223,0.2152777777777778,0.1597222222222222,0.20416666666666666,0.27361111111111114
236,720,0.11668356152711928,-0.23317467593032098,0.04689152823316034,375,4.26507075657254e-05,0.012933183461427689,169857,3.196226950486501,0.24444444444444444,0.16944444444444445,0.10833333333333334,0.1736111111111111,0.30416666666666664
237,720,0.1156217411172225,-0.053731020498791505,0.28308711078938287,455,4.084503601941631e-05,0.012202674522995949,170577,3.209096364180247,0.19583333333333333,0.1736111111111111,0.1638888888888889,0.22083333333333333,0.24583333333333332
238,720,0.11456958327305578,-0.1554171967871866,0.09481215785262842,372,4.134877210238604e-05,0.012096984311938286,171297,3.2224541187286375,0.3013888888888889,0.18333333333333332,0.14583333333333334,0.18472222222222223,0.18472222222222223
239,720,0.11352700006527097,-0.4068943554064384,-0.12880927652571683,408,4.1782981998039756e-05,0.01198955811560154,172017,3.2362209995587667,0.24861111111111112,0.20555555555555555,0.14444444444444443,0.2222222222222222,0.17916666666666667
240,720,0.112493904364677,0.04064372944026075,0.35478629962552244,408,4.233745709901389e-05,0.01270017959177494,172737,3.2495060324668885,0.18333333333333332,0.1736111111111111,0.2125,0.2125,0.21805555555555556
241,720,0.11147020983495844,0.3099478565400419,0.8597607613828795,443,4.223249278538788e-05,0.011863600462675095,173457,3.2747119188308718,0.18333333333333332,0.18611111111111112,0.14444444444444443,0.2263888888888889,0.25972222222222224
242,720,0.11045583092546031,-0.10439034389732144,0.209684589873822,435,4.289970640027403e-05,0.013281727209687233,174177,3.2869548996289573,0.2361111111111111,0.1875,0.14166666666666666,0.20833333333333334,0.2263888888888889
243,720,0.10945068286403863,-0.04544925502391724,0.24925921167104126,416,3.9429497103861246e-05,0.0113932304084301,174897,3.29954643646876,0.22777777777777777,0.2777777777777778,0.1375,0.18611111111111112,0.17083333333333334
244,720,0.10845468164997588,0.33556128896144555,0.8735055262895426,419,3.9674726043712225e-05,0.01122282538563013,175617,3.315606431166331,0.15,0.19305555555555556,0.18055555555555555,0.19722222222222222,0.2791666666666667
245,720,0.10746774404696109,0.4171587241020025,1.0733356264807115,447,3.899680025812005e-05,0.011288352310657501,176337,3.3287028352419537,0.18194444444444444,0.21388888888888888,0.14444444444444443,0.16944444444444445,0.2902777777777778
246,720,0.10648978757613374,0.4560921991044876,1.2058042885526903,439,4.134643306391202e-05,0.011053537018597126,177057,3.340355869134267,0.24027777777777778,0.13333333333333333,0.12777777777777777,0.19305555555555556,0.3055555555555556
247,720,0.10552073050919092,0.6302802900757688,1.5250990509975635,444,4.3957260421242005e-05,0.011939709074795246,177777,3.35259161790212,0.20277777777777778,0.20555555555555555,0.14027777777777778,0.20972222222222223,0.24166666666666667
248,720,0.10456049186155728,-0.4878776154262115,-0.19154286186422886,419,4.31561546684457e-05,0.012162295170128345,178497,3.3663951992988586,0.14722222222222223,0.20416666666666666,0.1736111111111111,0.24166666666666667,0.23333333333333334
249,720,0.1036089913856171,-0.4668023200225416,-0.13826055330279174,474,3.886934287922688e-05,0.011680043302476406,179217,3.379835836092631,0.19444444444444445,0.1875,0.18472222222222223,0.20694444444444443,0.2263888888888889
250,720,0.10266614956400799,0.20434495076082612,0.63287938580402,439,4.208520554635066e-05,0.01154384110122919,179937,3.3928065021832783,0.19305555555555556,0.15833333333333333,0.18333333333333332,0.2638888888888889,0.2013888888888889
251,720,0.10173188760297552,-0.36450359569111485,-0.07156378343945635,423,3.965784404095353e-05,0.011117227375507355,180657,3.415725016593933,0.24583333333333332,0.20555555555555555,0.1375,0.2,0.2111111111111111
252,720,0.10080612742578844,0.1523715686150685,0.5172076433428043,389,3.7699483140664194e-05,0.0112864775583148,181377,3.428277285893758,0.3013888888888889,0.17916666666666667,0.15833333333333333,0.1763888888888889,0.18472222222222223
253,720,0.09988879166621377,0.18209284900357084,0.5763197359563181,403,3.991964121041747e-05,0.011588011868298054,182097,3.4421215693155927,0.22916666666666666,0.2,0.1597222222222222,0.15694444444444444,0.25416666666666665
254,720,0.09897980366205122,-0.1838304803108671,0.08428362957159408,380,4.191266186050295e-05,0.011645554564893246,182817,3.4568178335825603,0.2902777777777778,0.14444444444444443,0.11944444444444445,0.2111111111111111,0.23472222222222222
255,720,0.09807908744872657,0.36439373327877156,0.9201316152099175,431,3.915565495731244e-05,0.012147869914770126,183537,3.4684960007667542,0.17777777777777778,0.1625,0.1486111111111111,0.23194444444444445,0.2791666666666667
256,720,0.09718656775294315,0.10562933371233886,0.5366878196003961,493,3.822415027469914e-05,0.011511009186506271,184257,3.478867320219676,0.18611111111111112,0.2,0.18472222222222223,0.22083333333333333,0.20833333333333334
257,720,0.09630216998639138,-0.1444437338651875,0.08905055493178948,381,3.996295870239111e-05,0.011896554380655289,184977,3.4912397980690004,0.175,0.2263888888888889,0.18055555555555555,0.2013888888888889,0.21666666666666667
258,720,0.09542582023951522,-0.060394269322579394,0.17510291462725025,373,4.01680449448981e-05,0.012798583135008812,185697,3.503669198354085,0.20833333333333334,0.2611111111111111,0.15416666666666667,0.19027777777777777,0.18611111111111112
259,720,0.09455744527533563,0.19153888089496757,0.5388553808681544,357,4.042184495523947e-05,0.012345850467681885,186417,3.5180591980616254,0.15138888888888888,0.18055555555555555,0.12083333333333333,0.21805555555555556,0.32916666666666666
260,720,0.09369697252333008,0.08543245171252382,0.4203913776665573,407,4.2348129970074906e-05,0.012767540290951729,187137,3.530610454082489,0.21944444444444444,0.2791666666666667,0.15694444444444444,0.16805555555555557,0.1763888888888889
261,720,0.09284433007336777,0.06062110392931755,0.32130661112957437,366,4.227864037476239e-05,0.01242153812199831,187857,3.5539255499839784,0.18888888888888888,0.24444444444444444,0.175,0.20833333333333334,0.18333333333333332
262,720,0.09199944666970013,0.1257594924947997,0.5079626366097059,435,3.808100111402584e-05,0.012449224479496479,188577,3.5657262484232586,0.18888888888888888,0.19166666666666668,0.16944444444444445,0.19444444444444445,0.25555555555555554
263,720,0.09116225170500586,-0.035382773681200894,0.2600069367669151,398,3.99153360705087e-05,0.011885802261531353,189297,3.5784377336502073,0.16805555555555557,0.15555555555555556,0.18055555555555555,0.18055555555555555,0.31527777777777777
264,720,0.0903326752144903,-0.09146663416809142,0.15665632673893004,383,4.043612682380626e-05,0.012624002061784267,190017,3.5897442658742267,0.15,0.16944444444444445,0.175,0.19583333333333333,0.30972222222222223
265,720,0.08951064787003844,0.035870630276435424,0.48567710348213655,476,4.479567605433961e-05,0.012518898583948612,190737,3.6006662527720135,0.2361111111111111,0.17222222222222222,0.15,0.17083333333333334,0.2708333333333333
266,720,0.0886961009744211,-0.11895826729182352,0.10604626451409294,342,4.8156548413973926e-05,0.013306698761880398,191457,3.6125733852386475,0.19722222222222222,0.15833333333333333,0.17222222222222222,0.24444444444444444,0.22777777777777777
267,720,0.08788896645555387,0.05332409221032584,0.34557858087439497,385,4.027789987933122e-05,0.012054737657308578,192177,3.625607446829478,0.17777777777777778,0.24444444444444444,0.16805555555555557,0.1875,0.2222222222222222
268,720,0.08708917686080833,0.3144487371465006,0.8845682265827286,450,4.2780312392349314e-05,0.01239583920687437,192897,3.637578483422597,0.16805555555555557,0.2111111111111111,0.14583333333333334,0.18888888888888888,0.2861111111111111
269,720,0.08629666535137498,0.6313426005587771,1.622407005885616,441,4.0012565306015956e-05,0.012034962885081768,193617,3.65000714858373,0.26944444444444443,0.19583333333333333,0.11944444444444445,0.16805555555555557,0.24722222222222223
270,720,0.08551136569667747,-0.1792962972011443,0.047025935464470425,355,3.74994852487968e-05,0.011590840294957161,194337,3.6647324840227764,0.21805555555555556,0.21944444444444444,0.24166666666666667,0.12361111111111112,0.19722222222222222
271,720,0.0847332122688377,0.7410129465367585,1.8448574092102619,434,3.972277120914845e-05,0.012325159274041653,195057,3.6885493993759155,0.2152777777777778,0.17916666666666667,0.14444444444444443,0.17777777777777778,0.2833333333333333
272,720,0.08396214003719128,0.12044646850514162,0.4278880557393243,370,4.077155867258221e-05,0.01133839413523674,195777,3.7013036489486693,0.20555555555555555,0.225,0.1375,0.17083333333333334,0.2611111111111111
273,720,0.08319808456285284,0.1273217457041434,0.4341491488131759,355,4.272215512754782e-05,0.01161895040422678,196497,3.7146830677986147,0.2375,0.20277777777777778,0.12083333333333333,0.16527777777777777,0.27361111111111114
274,720,0.08244098199333087,0.0198879615135179,0.4367562399736873,456,4.295484251947023e-05,0.012671677395701408,197217,3.7266502499580385,0.18194444444444444,0.1875,0.1638888888888889,0.18333333333333332,0.2833333333333333
275,720,0.08169076905719157,-0.22693731521700003,-0.007409726825072904,331,4.15352107489121e-05,0.011809531599283218,197937,3.7385879158973694,0.19166666666666668,0.18194444444444444,0.1111111111111111,0.16111111111111112,0.3541666666666667
276,720,0.08094738305877112,0.24303985006118328,0.648374828429648,370,4.447634802949728e-05,0.012018385343253613,198657,3.750936166445414,0.2375,0.17777777777777778,0.16944444444444445,0.12083333333333333,0.29444444444444445
277,720,0.08021076187293631,-0.16882234624337802,0.13306647699842422,424,4.228556045973164e-05,0.012471171095967293,199377,3.7636623978614807,0.2152777777777778,0.2361111111111111,0.15833333333333333,0.17916666666666667,0.2111111111111111
278,720,0.07948084393989259,-0.1302940254334194,0.13849358803720113,387,4.1468815646163014e-05,0.013231729157269001,200097,3.777914067109426,0.17916666666666667,0.12361111111111112,0.14444444444444443,0.2361111111111111,0.31666666666666665
279,720,0.07875756826003957,-0.23736689089519172,0.08234838290653768,435,4.19362022272354e-05,0.013438303023576736,200817,3.791091016928355,0.24027777777777778,0.15555555555555556,0.15138888888888888,0.1597222222222222,0.29305555555555557
280,720,0.07804087438887321,0.00639506177078018,0.30492433959331966,387,4.468457868066859e-05,0.014115475118160248,201537,3.8037644823392234,0.18333333333333332,0.15138888888888888,0.1375,0.1986111111111111,0.32916666666666666
281,720,0.07733070243193446,0.4242737097569519,1.1501201187327088,464,4.574443303732146e-05,0.013713467866182327,202257,3.8328901171684264,0.17916666666666667,0.1361111111111111,0.15555555555555556,0.19166666666666668,0.3375
282,720,0.07662699303980386,-0.024947602764243636,0.26465884395739847,381,4.385639888116404e-05,0.013662677258253098,202977,3.8460516333580017,0.16527777777777777,0.19027777777777777,0.16666666666666666,0.15138888888888888,0.3263888888888889
283,720,0.07592968740314164,0.21187012461622798,0.6534601034717014,405,4.4434317041779855e-05,0.013494757935404778,203697,3.8578957676887513,0.20277777777777778,0.2013888888888889,0.2013888888888889,0.14305555555555555,0.2513888888888889
284,720,0.07523872724777306,0.3225249638792455,0.8044845152523132,409,4.4354805893615576e-05,0.013973290100693703,204417,3.87658748626709,0.13333333333333333,0.1763888888888889,0.17222222222222222,0.18333333333333332,0.3347222222222222
285,720,0.07455405482981832,-0.12169273391892542,0.15639483659419584,401,4.654480612013382e-05,0.013498341664671898,205137,3.8887680689493815,0.1625,0.15,0.1486111111111111,0.19444444444444445,0.34444444444444444
286,720,0.07387561293086697,0.5529670352743294,1.2840884918238435,419,4.798672592364205e-05,0.013405552133917809,205857,3.9014514843622843,0.16666666666666666,0.2125,0.1736111111111111,0.14305555555555555,0.30416666666666664
287,720,0.07320334485319609,-0.06897214207747653,0.1841531265105385,365,4.185288670062922e-05,0.013452710583806038,206577,3.913887866338094,0.21805555555555556,0.1763888888888889,0.17777777777777778,0.14722222222222223,0.28055555555555556
288,720,0.07253719441503201,-0.06221103174961567,0.26274632020583644,402,4.0897896376969177e-05,0.013701902702450752,207297,3.9270402669906614,0.2361111111111111,0.1875,0.15138888888888888,0.1111111111111111,0.3138888888888889
289,720,0.07187710594585521,0.018760020890313457,0.30572706151154083,348,4.224371591337533e-05,0.012902487069368362,208017,3.939369265238444,0.2013888888888889,0.19305555555555556,0.09583333333333334,0.15,0.3597222222222222
290,720,0.07122302428174793,0.5784686976507993,1.3755255510295719,398,4.118690513400401e-05,0.012796524912118912,208737,3.9512301007906596,0.16944444444444445,0.18611111111111112,0.12638888888888888,0.18055555555555555,0.3375
291,720,0.07057489476078402,-0.5317003452203808,-0.2068162309934316,419,4.385951836335759e-05,0.013231268152594566,209457,3.97525448401769,0.17916666666666667,0.2,0.16944444444444445,0.16944444444444445,0.28194444444444444
292,720,0.06993266321846088,0.07010454366630298,0.4072036998504147,371,4.0487715988193586e-05,0.013550969772040844,210177,3.98794668118159,0.26805555555555555,0.2,0.14444444444444443,0.14583333333333334,0.24166666666666667
293,720,0.06929627598317288,0.1273770018726447,0.48345971035442603,380,4.415608555948186e-05,0.012669487856328487,210897,3.9999377806981404,0.17222222222222222,0.25416666666666665,0.12916666666666668,0.1486111111111111,0.29583333333333334
294,720,0.068665679871726,0.2727289861764253,0.7366864979142065,407,4.461837982919153e-05,0.013505739159882069,211617,4.012534550825754,0.1986111111111111,0.16805555555555557,0.1486111111111111,0.19305555555555556,0.2916666666666667
295,720,0.0680408221848933,-0.1090672996878761,0.13732919270918198,346,4.574229680353407e-05,0.013451637700200081,212337,4.0275818030039465,0.28888888888888886,0.23333333333333334,0.21666666666666667,0.1,0.16111111111111112
296,720,0.06742165070301076,0.3911913930731307,0.9693260804340302,395,4.4854552123120404e-05,0.013603392988443375,213057,4.040338218212128,0.23194444444444445,0.1625,0.14722222222222223,0.16111111111111112,0.2972222222222222
297,720,0.06680811368161337,-0.09956271460508852,0.21280673043886056,418,4.313529197727601e-05,0.012715390883386135,213777,4.053608767191569,0.1875,0.29305555555555557,0.1388888888888889,0.15138888888888888,0.22916666666666666
298,720,0.06620015984711068,-0.29140541592739805,-0.07610367491762171,331,4.351603674119057e-05,0.012429047375917435,214497,4.065574018160502,0.25416666666666665,0.21805555555555556,0.18333333333333332,0.12222222222222222,0.2222222222222222
299,720,0.06559773839250198,-0.05784268148549549,0.2506423740015862,387,4.5324373224452254e-05,0.013017247430980206,215217,4.0780704339345295,0.23055555555555557,0.2013888888888889,0.14722222222222223,0.15,0.2708333333333333
300,720,0.06500079897313021,-0.09734897396723072,0.14327965912124951,337,4.361959704889766e-05,0.012456301599740982,215937,4.091376932462056,0.325,0.18888888888888888,0.12361111111111112,0.13472222222222222,0.22777777777777777
301,720,0.06440929170247472,0.508406904723389,1.3149935577926826,446,4.3953895410848214e-05,0.01233004592359066,216657,4.115536852677663,0.20277777777777778,0.18333333333333332,0.16666666666666666,0.175,0.2722222222222222
302,720,0.06382316714798221,0.026469899966619352,0.3194564875730541,350,4.591848390494609e-05,0.01233737263828516,217377,4.128070032596588,0.24027777777777778,0.2125,0.12222222222222222,0.16111111111111112,0.2638888888888889
303,720,0.06324237632693558,0.11550063094176147,0.4769817257717992,406,4.575619109219689e-05,0.01255024503916502,218097,4.141175385316213,0.1361111111111111,0.21944444444444444,0.15694444444444444,0.1375,0.35
304,720,0.06266687070236046,0.22658977382234247,0.6443411278845581,392,4.458721928004808e-05,0.013503490947186947,218817,4.152622735500335,0.20277777777777778,0.19444444444444445,0.125,0.18333333333333332,0.29444444444444445
305,720,0.06209660217896898,-0.25829964184123094,-0.032267566745193155,342,4.404604436684976e-05,0.01383769791573286,219537,4.165727603435516,0.1763888888888889,0.24444444444444444,0.21805555555555556,0.12222222222222222,0.2388888888888889
306,720,0.06153152309914036,0.2601752416107832,0.6840056006407631,359,4.447240979238308e-05,0.012680605985224247,220257,4.178213783105215,0.28194444444444444,0.16527777777777777,0.1486111111111111,0.1361111111111111,0.26805555555555555
307,720,0.06097158623893818,0.2382362590842369,0.7467139136248768,428,4.700549073075106e-05,0.013356884941458702,220977,4.191847332318624,0.23194444444444445,0.1736111111111111,0.125,0.16666666666666666,0.30277777777777776
308,720,0.06041674480416385,0.02329663611688722,0.2927821948176714,387,4.460567942664461e-05,0.012952717952430248,221697,4.204554100831349,0.21944444444444444,0.18055555555555555,0.25833333333333336,0.18194444444444444,0.1597222222222222
309,720,0.059866952426445956,-0.1512601042268729,0.09088565710641894,352,4.574286806473538e-05,0.013914575800299644,222417,4.21622496843338,0.16805555555555557,0.19166666666666668,0.16527777777777777,0.1486111111111111,0.3263888888888889
310,720,0.059322163159365296,-0.04530771522931175,0.22868228826885506,353,4.862211229313592e-05,0.013859465718269348,223137,4.229024732112885,0.1597222222222222,0.14027777777777778,0.1736111111111111,0.16527777777777777,0.3611111111111111
311,720,0.05878233147461507,-0.06231143510995108,0.2419572528080749,390,5.325264219714477e-05,0.013816878199577332,223857,4.253003887335459,0.19583333333333333,0.20972222222222223,0.11388888888888889,0.20277777777777778,0.2777777777777778
312,720,0.058247412258196074,1.0564094485488371,3.093537245757134,441,5.180691195694938e-05,0.013895070180296898,224577,4.2662803371747335,0.25833333333333336,0.1597222222222222,0.1486111111111111,0.14305555555555555,0.2902777777777778
313,720,0.05771736080664649,0.12473243042453028,0.6355553829390665,453,5.110778394813072e-05,0.01416976097971201,225297,4.279473519325256,0.2722222222222222,0.1527777777777778,0.13055555555555556,0.14166666666666666,0.30277777777777776
314,720,0.057192132823306006,-0.005306498634369277,0.2544453232336119,342,5.356334043856098e-05,0.014188846573233604,226017,4.292097047964732,0.2652777777777778,0.2013888888888889,0.16666666666666666,0.18888888888888888,0.17777777777777778
315,720,0.05667168441461392,-0.1409448154538682,0.11801543947779014,380,4.842111865046819e-05,0.013941685669124126,226737,4.304418150583903,0.2361111111111111,0.1875,0.14444444444444443,0.19305555555555556,0.2388888888888889
316,720,0.056155972086440936,0.5338269976610779,1.3136514658612182,400,5.325622270978177e-05,0.013832228258252144,227457,4.318061983585357,0.21666666666666667,0.18888888888888888,0.10694444444444444,0.15138888888888888,0.33611111111111114
317,720,0.05564495274045432,-0.16233976637324513,0.09654051066773972,384,4.540606262758552e-05,0.01283359620720148,228177,4.329732298851013,0.20277777777777778,0.2125,0.15694444444444444,0.19583333333333333,0.23194444444444445
318,720,0.05513858367051619,0.1464576856333188,0.5721713441739169,447,4.625562320370591e-05,0.013418132439255714,228897,4.342434600989024,0.19444444444444445,0.1763888888888889,0.14166666666666666,0.2,0.2875
319,720,0.05463682255911449,0.8627947088651117,2.266747066387927,458,4.9417425639654136e-05,0.013157278299331665,229617,4.354844184716542,0.18333333333333332,0.18333333333333332,0.18194444444444444,0.17083333333333334,0.28055555555555556
320,720,0.05413962747382655,-0.11336679136025545,0.20880613668623416,442,4.733453578561845e-05,0.013455886393785477,230337,4.368039866288503,0.2125,0.2125,0.1486111111111111,0.16805555555555557,0.25833333333333336
321,720,0.05364695686381473,-0.2590414121130843,0.024503994728041878,395,4.392745882897644e-05,0.012903506867587566,231057,4.391899784406026,0.23472222222222222,0.19305555555555556,0.13472222222222222,0.13055555555555556,0.30694444444444446
322,720,0.05315876955635402,0.0009404275596445754,0.2984749072999684,390,4.480808432213558e-05,0.013312248513102531,231777,4.4044081171353655,0.2013888888888889,0.2763888888888889,0.15,0.15138888888888888,0.22083333333333333
323,720,0.0526750247533912,-0.10306402514495491,0.13761728572238674,342,4.435343573100504e-05,0.01337838638573885,232497,4.416657753785452,0.17083333333333334,0.2263888888888889,0.17083333333333334,0.14305555555555555,0.28888888888888886
324,720,0.052195682028135335,0.22697387857632295,0.6735947845481252,405,4.8999781704929366e-05,0.01338128000497818,233217,4.430073285102845,0.20416666666666666,0.1986111111111111,0.18055555555555555,0.1388888888888889,0.2777777777777778
325,720,0.0517207013216793,0.35319035655277276,0.9288816066850634,427,4.816059670626297e-05,0.013326723128557205,233937,4.443463901678721,0.18194444444444444,0.18888888888888888,0.175,0.16805555555555557,0.2861111111111111
326,720,0.05125004293965202,0.1962559303267785,0.6703044752625227,436,4.905678320028528e-05,0.01398300752043724,234657,4.4567146817843115,0.1986111111111111,0.1763888888888889,0.1638888888888889,0.15833333333333333,0.30277777777777776
327,720,0.050783667548901186,-0.36039422744294575,-0.11453666397386197,355,4.790673574082878e-05,0.013127677142620087,235377,4.468218783537547,0.21805555555555556,0.20972222222222223,0.1986111111111111,0.125,0.24861111111111112
328,720,0.050321536174206184,-0.23514743053321369,0.014963416986917721,342,4.660313876077756e-05,0.014249577187001705,236097,4.480477484067281,0.3013888888888889,0.24861111111111112,0.10694444444444444,0.10277777777777777,0.24027777777777778
329,720,0.049863610195020905,-0.1481435474476589,0.15703008741350777,400,4.727633166541839e-05,0.013178400695323944,236817,4.492758234341939,0.2722222222222222,0.23472222222222222,0.12361111111111112,0.11805555555555555,0.2513888888888889
330,720,0.049409851342246215,-0.19182677662751094,0.10039942042409966,421,4.2156785975243515e-05,0.012508701533079147,237537,4.505344653129578,0.25833333333333336,0.2125,0.1625,0.1361111111111111,0.23055555555555557
331,720,0.04896022169503177,-0.10670660944109643,0.18862049949561333,388,4.8542673534433966e-05,0.013148311525583267,238257,4.529832136631012,0.17222222222222222,0.2708333333333333,0.16527777777777777,0.1375,0.25416666666666665
332,720,0.04851468367760699,0.28274755340572966,0.719008297641651,396,4.327686719105057e-05,0.012948129326105118,238977,4.54256229797999,0.18888888888888888,0.23055555555555557,0.19583333333333333,0.1527777777777778,0.23194444444444445
333,720,0.04807320005614076,0.6304526739886837,1.5154524148358135,432,4.5045649024662755e-05,0.01309538260102272,239697,4.555273282527923,0.23055555555555557,0.21388888888888888,0.20277777777777778,0.13472222222222222,0.21805555555555556
334,720,0.04763573393562988,-0.11754010587004601,0.11011087101107675,324,4.330803686293115e-05,0.01287809107452631,240417,4.567149150371551,0.3013888888888889,0.23194444444444445,0.14027777777777778,0.10972222222222222,0.21666666666666667
335,720,0.04720224875681565,-0.06161327900382728,0.22126440670875858,362,4.391031756970026e-05,0.012046773917973042,241137,4.583527767658234,0.3125,0.24027777777777778,0.16805555555555557,0.09722222222222222,0.18194444444444444
336,720,0.04677270829312862,0.4537944984022947,1.0437666417903162,355,4.2929111182527576e-05,0.01209759060293436,241857,4.596270835399627,0.31805555555555554,0.16111111111111112,0.12361111111111112,0.16111111111111112,0.2361111111111111
337,720,0.046347076647661155,0.4003814515624861,0.9934791953907895,404,4.5242686551066274e-05,0.01226747129112482,242577,4.608862050374349,0.26805555555555555,0.20833333333333334,0.14583333333333334,0.1486111111111111,0.22916666666666666
338,720,0.045925318250167435,0.5241541327299857,1.2070441524816795,377,4.423143990127048e-05,0.012109319679439068,243297,4.621826934814453,0.29583333333333334,0.2152777777777778,0.14722222222222223,0.13333333333333333,0.20833333333333334
339,720,0.045507397854090914,-0.15964466191021665,0.04823242206519529,308,4.5410212212320606e-05,0.013237838633358479,244017,4.634858016173045,0.13333333333333333,0.14305555555555555,0.175,0.20694444444444443,0.3416666666666667
340,720,0.04509328053361869,0.4068745860159897,1.0572591476077768,434,4.4148703412045304e-05,0.012911895290017128,244737,4.64610386689504,0.21805555555555556,0.2013888888888889,0.1763888888888889,0.1625,0.24166666666666667
341,720,0.04468293168076276,0.5788647922175937,1.3592995926599576,413,4.764560717628936e-05,0.012336207553744316,245457,4.671420264244079,0.17777777777777778,0.2388888888888889,0.14027777777777778,0.2152777777777778,0.22777777777777777
342,720,0.04427631700246782,0.4607120393344655,1.1132182856545927,414,4.7177193567272805e-05,0.012637125328183174,246177,4.6845900019009905,0.18333333333333332,0.22777777777777777,0.2125,0.15,0.2263888888888889
343,720,0.043873402517745366,-0.05323036341436034,0.19634327859928113,326,4.7435998639381674e-05,0.01303109247237444,246897,4.697818648815155,0.24166666666666667,0.2652777777777778,0.14027777777777778,0.1361111111111111,0.21666666666666667
344,720,0.04347415455483388,-0.1921278961513505,0.10724185070041714,400,4.380495250997127e-05,0.013315127231180668,247617,4.7110493342081705,0.23472222222222222,0.18888888888888888,0.15138888888888888,0.14722222222222223,0.2777777777777778
345,720,0.043078539748384895,0.09571876641306132,0.37295968879996266,355,4.829452981564625e-05,0.013486611656844616,248337,4.723944600423177,0.1125,0.2875,0.15138888888888888,0.17222222222222222,0.2763888888888889
346,720,0.04268652503667459,0.1283430556720421,0.43203005389066984,366,4.8377843561158644e-05,0.012957483530044556,249057,4.736465569337209,0.18194444444444444,0.2513888888888889,0.1625,0.175,0.22916666666666666
347,720,0.04229807765884085,-0.06645191883189376,0.17915500107154436,356,4.837436998236121e-05,0.012785053811967373,249777,4.750778933366139,0.2125,0.20972222222222223,0.16944444444444445,0.2125,0.19583333333333333
348,720,0.0419131651521454,0.43646415273648925,1.0620778773168196,422,4.448671505138514e-05,0.012627650052309036,250497,4.765131366252899,0.22777777777777777,0.24444444444444444,0.15138888888888888,0.16805555555555557,0.20833333333333334
349,720,0.04153175534926088,-0.12315051898093173,0.15875885650046806,394,4.4847296159231416e-05,0.012606604024767876,251217,4.777871350447337,0.20833333333333334,0.18472222222222223,0.20555555555555555,0.13194444444444445,0.26944444444444443
350,720,0.04115381637558261,0.12486583913551746,0.4613575597489099,381,4.387811823107768e-05,0.013407984748482704,251937,4.791610451539357,0.2222222222222222,0.24027777777777778,0.20972222222222223,0.14583333333333334,0.18194444444444444
351,720,0.040779316646564805,0.24217474232443204,0.7339893601498302,443,4.69067794016256e-05,0.012844273820519447,252657,4.814432100454966,0.21944444444444444,0.24861111111111112,0.15555555555555556,0.15555555555555556,0.22083333333333333
352,720,0.04040822486508106,-0.41573742976009453,-0.17694926168353153,338,4.688063147189799e-05,0.01325749047100544,253377,4.827749498685201,0.25555555555555554,0.19027777777777777,0.18472222222222223,0.1527777777777778,0.21666666666666667
353,720,0.040040510018808824,0.23902522891737651,0.7079182460617577,412,4.383742263043031e-05,0.012417520396411419,254097,4.841276899973551,0.2569444444444444,0.20833333333333334,0.20555555555555555,0.1111111111111111,0.21805555555555556
354,720,0.03967614137763766,0.37720993793664964,0.9762674471928416,436,4.307783365978442e-05,0.012972619384527206,254817,4.858190615971883,0.175,0.225,0.2013888888888889,0.17083333333333334,0.22777777777777777
355,720,0.03931508849110116,0.542183226709787,1.3377366710673546,427,4.211624337813191e-05,0.012446540407836437,255537,4.871565183003743,0.2,0.20277777777777778,0.19722222222222222,0.1527777777777778,0.24722222222222223
356,720,0.03895732118583214,0.25788078742364695,0.6675921963158717,383,4.7857197494573076e-05,0.013109000399708748,256257,4.885052100817362,0.1625,0.2125,0.20972222222222223,0.22777777777777777,0.1875
357,720,0.03860280956304107,-0.10029423782443309,0.14134314035538598,352,4.619199186966701e-05,0.013661898672580719,256977,4.899481999874115,0.18888888888888888,0.24305555555555555,0.1763888888888889,0.12083333333333333,0.2708333333333333
358,720,0.038251523996017396,-0.13819988462219743,0.10467383049911816,370,4.737569860885237e-05,0.014028158970177174,257697,4.911762567361196,0.10972222222222222,0.22083333333333333,0.18888888888888888,0.24444444444444444,0.2361111111111111
359,720,0.03790343512765364,-0.33132710992700176,-0.052877757262880354,393,4.448322532779356e-05,0.014192233793437481,258417,4.924936469395956,0.24027777777777778,0.21388888888888888,0.2013888888888889,0.12916666666666668,0.2152777777777778
360,720,0.037558513867991986,0.22742646378118933,0.6313802959015091,384,4.1263366958648677e-05,0.013902781531214714,259137,4.939724632104238,0.29444444444444445,0.25416666666666665,0.14583333333333334,0.12638888888888888,0.17916666666666667
361,720,0.03721673139179326,-0.06044497079530067,0.20931614353186112,388,5.007423169697884e-05,0.014201363548636436,259857,4.9638436516126,0.20694444444444443,0.23333333333333334,0.2263888888888889,0.13194444444444445,0.2013888888888889
362,720,0.03687805913612794,-0.04145899145468863,0.2405328543277958,411,4.5523695916926954e-05,0.013797733932733536,260577,4.976138416926066,0.18611111111111112,0.26666666666666666,0.2222222222222222,0.15138888888888888,0.1736111111111111
363,720,0.036542468797989176,0.026698288560960803,0.2971872785645875,361,4.7046459875825046e-05,0.014418188482522964,261297,4.989095282554627,0.2569444444444444,0.2833333333333333,0.1638888888888889,0.10833333333333334,0.1875
364,720,0.03620993233192747,-0.1564261064997885,0.17535930636273145,453,4.5911435189635896e-05,0.013476749882102013,262017,5.001609683036804,0.17916666666666667,0.2375,0.19444444444444445,0.16944444444444445,0.21944444444444444
365,720,0.03588042194770693,0.5172851657693739,1.2700121088389569,446,4.5299962793402906e-05,0.012794114649295807,262737,5.014843249320984,0.2513888888888889,0.27361111111111114,0.1638888888888889,0.14166666666666666,0.16944444444444445
366,720,0.0355539101079828,0.15587153070689386,0.4475486371672279,328,4.2614405356289356e-05,0.013228096067905426,263457,5.029236535231273,0.19305555555555556,0.17222222222222222,0.25277777777777777,0.21666666666666667,0.16527777777777777
367,720,0.03523036952600015,-0.06768205876059798,0.1762341552216622,386,4.244261610513907e-05,0.013223016634583473,264177,5.042563565572103,0.1111111111111111,0.30694444444444446,0.2152777777777778,0.19722222222222222,0.16944444444444445
368,720,0.03490977316331355,-0.001246301899406835,0.2604939880025561,377,4.139713825502945e-05,0.012118699960410595,264897,5.056033782164255,0.2111111111111111,0.2111111111111111,0.2111111111111111,0.18333333333333332,0.18333333333333332
369,720,0.0345920942275274,0.32562549843541766,0.8333144406833637,427,4.1773741771875295e-05,0.012008852325379848,265617,5.068405584494273,0.21805555555555556,0.175,0.20694444444444443,0.225,0.175
370,720,0.0342773061700569,0.12395538493924124,0.5855881085926613,465,4.3996832496557344e-05,0.012389492243528366,266337,5.0803612987200415,0.24166666666666667,0.225,0.20416666666666666,0.08333333333333333,0.24583333333333332
371,720,0.03396538268390938,0.046196578974747125,0.3657402358525548,409,4.12714871231401e-05,0.0129111148416996,267057,5.103752934932709,0.21805555555555556,0.1875,0.24722222222222223,0.15555555555555556,0.19166666666666668
372,720,0.03365629770148581,1.1441284025841805,3.253016103218333,422,4.333203482171181e-05,0.01315675675868988,267777,5.117152547836303,0.2708333333333333,0.19166666666666668,0.20833333333333334,0.12222222222222222,0.20694444444444443
373,720,0.03335002539240229,0.023872591225283877,0.3977622866967574,443,4.6759648892526053e-05,0.012640634551644325,268497,5.131477967898051,0.2263888888888889,0.19444444444444445,0.20555555555555555,0.16666666666666666,0.20694444444444443
374,720,0.03304654016133143,0.11590963106935746,0.4472419346319212,394,4.606895230002313e-05,0.012814323417842388,269217,5.144693267345429,0.22916666666666666,0.2152777777777778,0.2652777777777778,0.125,0.16527777777777777
375,720,0.03274581664586331,0.13054963095565966,0.48186233464354866,408,4.373178437996709e-05,0.012256208807229996,269937,5.157943300406138,0.14583333333333334,0.1625,0.29583333333333334,0.18472222222222223,0.2111111111111111
376,720,0.03244782971438596,0.10088257443179355,0.41535810162698494,389,4.399596953008869e-05,0.012127196416258812,270657,5.171583620707194,0.12638888888888888,0.2638888888888889,0.21666666666666667,0.2013888888888889,0.19166666666666668
377,720,0.032152554463985045,0.35571704611094945,0.8362345711669996,392,4.418848640549792e-05,0.011942718178033829,271377,5.184002935886383,0.15555555555555556,0.19583333333333333,0.2722222222222222,0.16805555555555557,0.20833333333333334
378,720,0.03185996621836278,-0.19684912021635065,0.06359095879699517,384,4.581098420936137e-05,0.012220650911331177,272097,5.196053767204285,0.19722222222222222,0.23333333333333334,0.175,0.1875,0.20694444444444443
379,720,0.03157004052577568,-0.04013481896454135,0.2206276345835525,361,4.386010715506927e-05,0.01229263935238123,272817,5.209296687444051,0.25833333333333336,0.2111111111111111,0.24166666666666667,0.1388888888888889,0.15
380,720,0.031282753156991125,0.5912970661866751,1.327505437087292,376,4.3670424958640475e-05,0.012732337228953838,273537,5.222410984834036,0.20277777777777778,0.19305555555555556,0.2611111111111111,0.15694444444444444,0.18611111111111112
381,720,0.030998080103262507,0.34203950660082744,0.8149165824914784,393,4.639539500633166e-05,0.01266205683350563,274257,5.246282299359639,0.1875,0.2611111111111111,0.20833333333333334,0.14305555555555555,0.2
382,720,0.030715997574322817,0.14420630447981966,0.5717761795984673,440,4.6244538994718215e-05,0.012779601849615574,274977,5.259200751781464,0.2388888888888889,0.18333333333333332,0.22083333333333333,0.14722222222222223,0.20972222222222223
383,720,0.03043648199639648,-0.05492049132408081,0.15902543374397693,335,4.639041176991062e-05,0.01313113421201706,275697,5.272519866625468,0.1763888888888889,0.2375,0.25833333333333336,0.14722222222222223,0.18055555555555555
384,720,0.030159510010229273,0.8583224065837372,2.1465996908766187,428,4.150192667490652e-05,0.012699035927653313,276417,5.285804867744446,0.2263888888888889,0.21388888888888888,0.21388888888888888,0.1375,0.20833333333333334
385,720,0.029885058469136187,0.05193437723088939,0.42573059022309234,452,4.377709204340539e-05,0.012539882212877274,277137,5.298762647310893,0.20833333333333334,0.22083333333333333,0.24166666666666667,0.14166666666666666,0.1875
386,720,0.029613104437067047,0.1064832545912538,0.36442521847768905,350,4.117220831605866e-05,0.012599743902683258,277857,5.312542231877645,0.15416666666666667,0.23333333333333334,0.2763888888888889,0.18055555555555555,0.15555555555555556
387,720,0.029343625186689738,-0.11315528094623564,0.03571780636427979,263,4.3498003822151074e-05,0.012726257555186749,278577,5.326262136300405,0.18888888888888888,0.25972222222222224,0.2652777777777778,0.15555555555555556,0.13055555555555556
388,720,0.029076598197490863,1.1556446884348888,3.2637313831615176,437,4.019891956911831e-05,0.012365422211587429,279297,5.340325284004211,0.20972222222222223,0.19166666666666668,0.20416666666666666,0.20416666666666666,0.19027777777777777
389,720,0.028812001153893697,-0.06531692242092617,0.17960905891464285,379,4.1684002558718526e-05,0.012627915479242802,280017,5.353332237402598,0.20416666666666666,0.21388888888888888,0.25555555555555554,0.1736111111111111,0.1527777777777778
390,720,0.028549811943393264,-0.051317775097368686,0.2629272299742593,449,3.9762060358346694e-05,0.012408312410116196,280737,5.366046833992004,0.23194444444444445,0.21388888888888888,0.2111111111111111,0.1625,0.18055555555555555
391,720,0.028290008654708387,0.47675972301600017,1.119138679801341,407,4.014028126120037e-05,0.012220175936818123,281457,5.389139016469319,0.1986111111111111,0.2152777777777778,0.1986111111111111,0.16666666666666666,0.22083333333333333
392,720,0.02803256957595054,0.7263092050088392,1.823731409080692,440,4.030553310990904e-05,0.013443587347865105,282177,5.401920835177104,0.2222222222222222,0.1625,0.1625,0.19583333333333333,0.2569444444444444
393,720,0.02777747319280939,1.1484317188243673,3.2330878665017897,415,4.177862075430817e-05,0.012877735309302807,282897,5.414854749043783,0.21805555555555556,0.18472222222222223,0.20833333333333334,0.1763888888888889,0.2125
394,720,0.027524698186754824,0.011206246061234302,0.24914116360896954,355,4.3472126843526994e-05,0.013146484270691872,283617,5.428708783785502,0.1986111111111111,0.2125,0.29583333333333334,0.15555555555555556,0.1375
395,720,0.027274223433255355,0.10591019676447437,0.3783817921907908,361,4.2899554395919245e-05,0.013552483171224594,284337,5.441222866376241,0.13055555555555556,0.24444444444444444,0.24722222222222223,0.1763888888888889,0.2013888888888889
396,720,0.027026028000012733,-0.0004581023390356348,0.25456876207898027,349,4.285203916399243e-05,0.014396140351891518,285057,5.454713682333629,0.23055555555555557,0.21388888888888888,0.18055555555555555,0.1486111111111111,0.2263888888888889
397,720,0.02678009114521262,0.0020933237051948663,0.25777378844803667,357,4.170591420739179e-05,0.012754597701132298,285777,5.468672100702921,0.15,0.24027777777777778,0.19583333333333333,0.20972222222222223,0.20416666666666666
398,720,0.026536392315791184,0.1836331117984666,0.4830979533718869,348,4.076917109109167e-05,0.012760079465806484,286497,5.483135803540548,0.22777777777777777,0.19722222222222222,0.24305555555555555,0.19166666666666668,0.14027777777777778
399,720,0.026294911145717484,-0.19927039103969585,0.024781694529937726,342,4.347002216288982e-05,0.012979710474610329,287217,5.4965897838274635,0.17222222222222222,0.25,0.19305555555555556,0.18611111111111112,0.1986111111111111
400,720,0.026055627454291456,0.3174237963930642,0.9020339172796925,462,4.111728199960554e-05,0.012855257838964462,287937,5.509859502315521,0.19444444444444445,0.19444444444444445,0.21944444444444444,0.1597222222222222,0.23194444444444445
401,720,0.025818521244457403,-0.007587821587881123,0.24752573590176707,359,4.3052549099482145e-05,0.012330303899943829,288657,5.533537050088246,0.14166666666666666,0.24444444444444444,0.1986111111111111,0.2,0.2152777777777778
402,720,0.02558357270113284,0.6047728005739117,1.4535177242120332,434,4.130641817583738e-05,0.014018211513757706,289377,5.545477783679962,0.24722222222222223,0.19722222222222222,0.21666666666666667,0.19027777777777777,0.1486111111111111
403,720,0.025350762189552532,0.009224490684979464,0.2670919740394815,373,4.2261061855697336e-05,0.01354072242975235,290097,5.557020648320516,0.1763888888888889,0.19305555555555556,0.2708333333333333,0.18333333333333332,0.1763888888888889
404,720,0.025120070253627603,-0.062137699659700965,0.2012495423694043,395,4.6374128772994384e-05,0.014131269417703152,290817,5.570280134677887,0.2611111111111111,0.27361111111111114,0.17222222222222222,0.1597222222222222,0.13333333333333333
405,720,0.02489147761431959,0.49215089728468203,1.1796207576455924,433,4.548773530233221e-05,0.014629737474024296,291537,5.583016415437062,0.2152777777777778,0.2638888888888889,0.18611111111111112,0.14166666666666666,0.19305555555555556
406,720,0.024664965168029282,0.03197320686544447,0.32474926406807714,402,4.559739754768088e-05,0.014606887474656105,292257,5.596609250704447,0.25555555555555554,0.23194444444444445,0.20416666666666666,0.14166666666666666,0.16666666666666666
407,720,0.024440513985000214,0.6234710138129084,1.4344503785116594,407,4.536632597541433e-05,0.013973582535982132,292977,5.608743480841318,0.1986111111111111,0.225,0.19722222222222222,0.15694444444444444,0.2222222222222222
408,720,0.02421810530773671,0.4508120587624874,1.0887421835675233,428,4.242491128126049e-05,0.014035449363291264,293697,5.623956700166066,0.22777777777777777,0.23055555555555557,0.2125,0.15555555555555556,0.1736111111111111
409,720,0.023997720549436306,-0.005455714841427367,0.2288076207307157,365,4.181659962670084e-05,0.013553955592215061,294417,5.63652728398641,0.17916666666666667,0.26944444444444443,0.15416666666666667,0.20833333333333334,0.18888888888888888
410,720,0.023779341292436435,-0.11475929775534637,0.1972062317394203,425,4.530075226385735e-05,0.01390047650784254,295137,5.649047100543976,0.2013888888888889,0.20416666666666666,0.20833333333333334,0.12222222222222222,0.2638888888888889
411,720,0.023562949286675263,-0.11336303442947263,0.14069413284609622,386,4.188420488794185e-05,0.014115501195192337,295857,5.672467799981435,0.2847222222222222,0.21805555555555556,0.2,0.13055555555555556,0.16666666666666666
412,720,0.02334852644816652,-0.1106272872188191,0.11948942718351341,368,4.0179368121092314e-05,0.01342916302382946,296577,5.686423218250274,0.2902777777777778,0.25972222222222224,0.18611111111111112,0.1125,0.15138888888888888
413,720,0.023136054857488205,0.21291019519310006,0.6688924372730876,445,4.484051415071614e-05,0.01405475102365017,297297,5.699618784586589,0.18194444444444444,0.22777777777777777,0.19583333333333333,0.15555555555555556,0.2388888888888889
414,720,0.022925516758285063,0.06693342412407177,0.3410238965976109,365,4.565591128766755e-05,0.013372915796935558,298017,5.711974815527598,0.1625,0.32083333333333336,0.16111111111111112,0.16944444444444445,0.18611111111111112
415,720,0.02271689455578467,-0.01944909432714898,0.22758755454307433,350,4.0610423520269655e-05,0.013017941266298294,298737,5.724968783060709,0.28194444444444444,0.23472222222222222,0.20833333333333334,0.15416666666666667,0.12083333333333333
416,720,0.022510170815327028,0.08120352067417005,0.4136903017449465,396,4.337663370203397e-05,0.013332191854715347,299457,5.738162497679393,0.22083333333333333,0.26805555555555555,0.22361111111111112,0.12222222222222222,0.16527777777777777
417,720,0.022305328260907552,0.13524540044839523,0.4258175955456498,364,4.273404092979642e-05,0.013684632256627083,300177,5.751319018999736,0.18611111111111112,0.2791666666666667,0.24166666666666667,0.1763888888888889,0.11666666666666667
418,720,0.022102349773733293,0.6019842717312837,1.3844876315713068,394,4.135746240005271e-05,0.013169671408832073,300897,5.763727263609568,0.18888888888888888,0.20694444444444443,0.2361111111111111,0.11527777777777778,0.25277777777777777
419,720,0.02190121839079232,0.16701032277648403,0.6108473143710254,435,4.671738172292963e-05,0.01364181935787201,301617,5.7774223168691,0.23055555555555557,0.2,0.2,0.1527777777777778,0.21666666666666667
420,720,0.021701917303436107,0.4858968640075555,1.1509225949087107,396,4.6909493441186594e-05,0.014637302607297897,302337,5.790796403090159,0.3125,0.18333333333333332,0.18888888888888888,0.1,0.2152777777777778
421,720,0.021504429855974838,0.042895807340660744,0.39814423005311483,446,4.213272272484877e-05,0.014172546565532684,303057,5.815481185913086,0.26805555555555555,0.2222222222222222,0.20277777777777778,0.1527777777777778,0.15416666666666667
422,720,0.021308739544285468,0.019721065835734315,0.2620294071091074,346,4.162538197836814e-05,0.013683831319212914,303777,5.82913415034612,0.19027777777777777,0.2902777777777778,0.22361111111111112,0.17222222222222222,0.12361111111111112
423,720,0.02111483001443247,0.7195991123800131,1.823844099026691,470,4.177456867687902e-05,0.013665465638041496,304497,5.841867085297903,0.21666666666666667,0.18888888888888888,0.2111111111111111,0.1875,0.19583333333333333
424,720,0.020922685061301134,0.16828464287709924,0.4659956597853543,378,4.101838260718675e-05,0.013460777699947357,305217,5.855896965662638,0.22083333333333333,0.26944444444444443,0.25,0.14583333333333334,0.11388888888888889
425,720,0.020732288627243294,-0.27580245003527615,-0.10129680576061084,265,4.339704418801678e-05,0.013302582316100597,305937,5.869224548339844,0.3541666666666667,0.25555555555555554,0.1736111111111111,0.1125,0.10416666666666667
426,720,0.02054362480073538,0.4274223801264371,0.9965533723598667,399,4.484957965789565e-05,0.013924660161137581,306657,5.882987932364146,0.1986111111111111,0.1875,0.2263888888888889,0.1875,0.2
427,720,0.02035667781504869,-0.04094978697509751,0.24209592275989622,397,4.2817227860167705e-05,0.013833858072757721,307377,5.896178102493286,0.24444444444444444,0.19166666666666668,0.21944444444444444,0.1527777777777778,0.19166666666666668
428,720,0.020171432046931746,0.5843509980273882,1.3416387342055,376,3.995748537590771e-05,0.012219003401696682,308097,5.9090445876121525,0.2361111111111111,0.17083333333333334,0.24305555555555555,0.12083333333333333,0.22916666666666666
429,720,0.019987872015304668,0.2360777445356635,0.6418567146680034,384,4.1526711563872395e-05,0.012758136726915836,308817,5.92153750260671,0.2513888888888889,0.19305555555555556,0.20555555555555555,0.15555555555555556,0.19444444444444445
430,720,0.019805982379965396,-0.03160709480698085,0.22555390015445176,356,4.31087825278256e-05,0.011773490346968174,309537,5.935443381468455,0.25277777777777777,0.275,0.17777777777777778,0.07916666666666666,0.2152777777777778
431,720,0.01962574794030771,0.11059726209912361,0.4649883088047344,421,4.417948050685381e-05,0.012521646916866302,310257,5.959698402881623,0.1638888888888889,0.25,0.25416666666666665,0.11666666666666667,0.2152777777777778
432,720,0.01944715363405091,0.7003078209381653,1.7865598906393036,452,4.161292156115653e-05,0.012819377705454826,310977,5.972388199965159,0.19583333333333333,0.1486111111111111,0.19444444444444445,0.18611111111111112,0.275
433,720,0.019270184535981047,0.18893404930140786,0.5529930194901223,385,4.135575978302263e-05,0.013496007770299911,311697,5.986401800314585,0.18472222222222223,0.24027777777777778,0.23194444444444445,0.1375,0.20555555555555555
434,720,0.01909482585670362,-0.20677844754846295,-0.049035406128133174,291,4.278260419646863e-05,0.01324098464101553,312417,5.99793316523234,0.15833333333333333,0.2861111111111111,0.2875,0.15416666666666667,0.11388888888888889
435,720,0.018921062941407617,-0.07158684852270451,0.06333814317161224,249,4.2204398398047894e-05,0.012912043370306492,313137,6.010225633780162,0.3013888888888889,0.3958333333333333,0.17222222222222222,0.09027777777777778,0.04027777777777778
436,720,0.01874888126864081,-0.010838943449209295,0.16405669660991418,262,4.113825261811144e-05,0.012542575597763062,313857,6.02346586783727,0.2777777777777778,0.36944444444444446,0.15138888888888888,0.10277777777777777,0.09861111111111111
437,720,0.018578266449096176,0.15207515419854642,0.5091931257462787,382,4.127904830334551e-05,0.011872402392327785,314577,6.03586528301239,0.29305555555555557,0.23194444444444445,0.18055555555555555,0.12222222222222222,0.17222222222222222
438,720,0.018409204224409403,0.3834573831268079,0.8334645672170091,337,4.137940488943867e-05,0.011988325044512749,315297,6.049352836608887,0.20694444444444443,0.2263888888888889,0.2763888888888889,0.1125,0.17777777777777778
439,720,0.01824168046596728,0.3698584712978327,0.9287236661895377,430,4.084235931082326e-05,0.01172550767660141,316017,6.062502400080363,0.18611111111111112,0.20972222222222223,0.24861111111111112,0.15833333333333333,0.19722222222222222
440,720,0.018075681173726977,0.6067341173526188,1.452809537037706,432,3.98424747648581e-05,0.012052509933710098,316737,6.075347352027893,0.18055555555555555,0.20416666666666666,0.20555555555555555,0.14583333333333334,0.2638888888888889
441,720,0.01791119247504606,-0.20648863879364915,-0.05468647950697669,264,4.223027245113068e-05,0.012105921283364296,317457,6.101818366845449,0.17777777777777778,0.26666666666666666,0.2152777777777778,0.17083333333333334,0.16944444444444445
442,720,0.01774820062352314,0.06743282085668656,0.41897222005312296,425,4.176077561497651e-05,0.012673988938331604,318177,6.114041519165039,0.19722222222222222,0.18611111111111112,0.2375,0.15,0.22916666666666666
443,720,0.017586691997849083,0.7913863624408827,1.8802766899742762,390,4.2911715828116335e-05,0.012342538684606552,318897,6.125621497631073,0.15555555555555556,0.2375,0.19305555555555556,0.16111111111111112,0.25277777777777777
444,720,0.017426653100668658,-0.025533344777540285,0.21466297954292224,348,4.001481321627883e-05,0.012479503639042377,319617,6.139248303572336,0.2013888888888889,0.29583333333333334,0.22361111111111112,0.10416666666666667,0.175
445,720,0.017268070557452574,0.15025884040682716,0.4866255802916237,378,4.014092601841589e-05,0.012931195087730885,320337,6.154734818140666,0.20972222222222223,0.20277777777777778,0.2638888888888889,0.11666666666666667,0.20694444444444443
446,720,0.017110931115379754,0.2960412047787316,0.7621615427452633,385,4.323255407396371e-05,0.012975424528121948,321057,6.167234635353088,0.20972222222222223,0.17222222222222222,0.19722222222222222,0.18472222222222223,0.2361111111111111
447,720,0.016955221642229797,0.024097380403009825,0.2790241193616827,365,4.026100458910757e-05,0.012277829460799694,321777,6.179579583803813,0.11805555555555555,0.28888888888888886,0.2263888888888889,0.16944444444444445,0.19722222222222222
448,720,0.016800929125285507,0.11780384302201648,0.44672711483876326,373,3.983060099572968e-05,0.012070796452462673,322497,6.191708934307099,0.19722222222222222,0.2722222222222222,0.20694444444444443,0.10833333333333334,0.2152777777777778
449,720,0.016648040670245407,0.3649419561131104,0.7913006141906436,339,3.886969536147768e-05,0.012855133041739464,323217,6.205300867557526,0.2111111111111111,0.22083333333333333,0.2569444444444444,0.10277777777777777,0.20833333333333334
450,720,0.016496543500146173,0.1366219474860337,0.47384104315325026,383,3.8928710881059995e-05,0.012853115797042847,323937,6.218614749113718,0.16527777777777777,0.2222222222222222,0.20277777777777778,0.11527777777777778,0.29444444444444445
451,720,0.016346424954294843,0.21995958859663992,0.6277677351845687,403,4.167853019604687e-05,0.012589539401233196,324657,6.2449438651402795,0.17222222222222222,0.17222222222222222,0.23055555555555557,0.1638888888888889,0.2611111111111111
452,720,0.01619767248721076,0.19560342184024182,0.5062203325646928,356,3.961065127542598e-05,0.013147804886102676,325377,6.258158850669861,0.13055555555555556,0.22777777777777777,0.29305555555555557,0.175,0.1736111111111111
453,720,0.016050273667577143,0.030327875894952786,0.25367329240636316,338,4.351039491944499e-05,0.013152983970940113,326097,6.2746942162513735,0.15138888888888888,0.24583333333333332,0.30833333333333335,0.11805555555555555,0.1763888888888889
454,720,0.015904216177202193,0.3133096674897946,0.7608729272602246,405,4.575038603510014e-05,0.013503906317055225,326817,6.287353368600209,0.18333333333333332,0.275,0.21944444444444444,0.1388888888888889,0.18333333333333332
455,720,0.015759487809989654,0.011740205277461556,0.23861052288763096,339,4.116335190802702e-05,0.013558023609220982,327537,6.300507267316182,0.10416666666666667,0.2791666666666667,0.21944444444444444,0.19583333333333333,0.2013888888888889
456,720,0.015616076470918748,0.9046224193985688,2.2891277873407265,411,4.271321130570666e-05,0.013501713052392006,328257,6.314500017960866,0.18333333333333332,0.24305555555555555,0.2375,0.12083333333333333,0.2152777777777778
457,720,0.015473970175033387,-0.050411683766397604,0.2151145063163462,386,4.2199666212481036e-05,0.013170786201953888,328977,6.326723102728526,0.20277777777777778,0.2625,0.26805555555555555,0.11666666666666667,0.15
458,720,0.015333157046440584,0.04087825953973909,0.30784175008198966,349,4.297843046793383e-05,0.013048890978097916,329697,6.340462350845337,0.14444444444444443,0.22083333333333333,0.3194444444444444,0.11527777777777778,0.2
459,720,0.015193625317317975,0.3258407485483817,0.7902239943791036,377,4.4176386903574085e-05,0.014213332906365395,330417,6.354285184542338,0.14305555555555555,0.2652777777777778,0.18055555555555555,0.15694444444444444,0.25416666666666665
460,720,0.01505536332693038,0.6503300569678976,1.5518792715263925,434,4.025494739228937e-05,0.013061115518212318,331137,6.367371118068695,0.1736111111111111,0.2638888888888889,0.21666666666666667,0.15555555555555556,0.19027777777777777
461,720,0.014918359520655315,0.3850040287845344,0.9842758346977707,431,4.332258038175496e-05,0.013469177298247814,331857,6.391988400618235,0.21944444444444444,0.2222222222222222,0.18888888888888888,0.17083333333333334,0.1986111111111111
462,720,0.014782602449017352,-0.05200859212943959,0.18529466707140907,369,4.217759151667148e-05,0.013668736442923546,332577,6.405423283576965,0.15416666666666667,0.20555555555555555,0.2777777777777778,0.18888888888888888,0.1736111111111111
463,720,0.014648080766731294,0.29882616161117626,0.7165666490333438,386,4.121901632743174e-05,0.013816630467772484,333297,6.419290900230408,0.16944444444444445,0.3347222222222222,0.18611111111111112,0.13194444444444445,0.17777777777777778
464,720,0.01451478323175404,0.1002636250051292,0.4597477181550629,418,4.4404622118084564e-05,0.013325103558599949,334017,6.432584516207377,0.2013888888888889,0.23055555555555557,0.1736111111111111,0.1625,0.23194444444444445
465,720,0.014382698704345078,-0.12322479997028753,0.04998428777085473,308,3.90495634102687e-05,0.013632209971547127,334737,6.446878186861674,0.14444444444444443,0.3638888888888889,0.24861111111111112,0.13472222222222222,0.10833333333333334
466,720,0.014251816146135538,0.13076419501417605,0.4315591929731253,387,3.808316766177692e-05,0.012555407360196114,335457,6.460699065526327,0.15,0.24027777777777778,0.3111111111111111,0.13333333333333333,0.16527777777777777
467,720,0.014122124619205706,-0.03225228299454454,0.17968531063197335,332,3.834800340124881e-05,0.012910370714962482,336177,6.473742469151815,0.16527777777777777,0.34444444444444444,0.22916666666666666,0.12222222222222222,0.1388888888888889
468,720,0.013993613285170934,0.338085766787603,0.8900168923588259,453,3.860070818670162e-05,0.012141377665102482,336897,6.4870401541392,0.19722222222222222,0.24305555555555555,0.24166666666666667,0.15416666666666667,0.1638888888888889
469,720,0.013866271404275878,0.03433060302446489,0.19821218857988399,273,3.8189850540169975e-05,0.011980084702372551,337617,6.499730165799459,0.1625,0.30694444444444446,0.35138888888888886,0.10277777777777777,0.0763888888888889
470,720,0.013740088334496968,0.24908290846355605,0.5727613694438551,345,4.088812177340313e-05,0.012256995774805546,338337,6.512547500928243,0.13194444444444445,0.3527777777777778,0.24722222222222223,0.13194444444444445,0.1361111111111111
471,720,0.013615053530653046,0.4180785913404469,0.9417285690678414,417,4.019387915200746e-05,0.01238140556961298,339057,6.53825843334198,0.16666666666666666,0.20277777777777778,0.225,0.24166666666666667,0.1638888888888889
472,720,0.013491156543524103,0.5021915160718062,1.2404831085482373,445,3.978788675390711e-05,0.012244426645338535,339777,6.551261568069458,0.1625,0.23055555555555557,0.2375,0.12916666666666668,0.24027777777777778
473,720,0.013368387018978033,0.34730699028296963,0.8350229537483207,400,4.371535125326571e-05,0.01303183101117611,340497,6.565591084957123,0.19722222222222222,0.22916666666666666,0.25277777777777777,0.14583333333333334,0.175
474,720,0.013246734697105333,0.28569421536590295,0.6473932915387492,383,4.109732103516863e-05,0.012938509695231915,341217,6.57942316532135,0.09583333333333334,0.24305555555555555,0.27361111111111114,0.22777777777777777,0.1597222222222222
475,720,0.013126189411361674,0.1421500437508214,0.5161133351366725,430,3.968213386037355e-05,0.013170667923986912,341937,6.593209866682688,0.17777777777777778,0.20972222222222223,0.25,0.18611111111111112,0.1763888888888889
476,720,0.013006741087718283,0.24534577018542233,0.5893828086045307,394,4.1704814115443393e-05,0.012986847199499607,342657,6.60626943508784,0.13472222222222222,0.18611111111111112,0.25555555555555554,0.24444444444444444,0.17916666666666667
477,720,0.012888379743820046,0.8988595039712389,2.335456341271818,451,4.127369371013224e-05,0.012707151472568512,343377,6.620147617657979,0.20416666666666666,0.2638888888888889,0.17222222222222222,0.15,0.20972222222222223
478,720,0.012771095488151283,-0.037973822209657476,0.18060400692293022,326,4.064964749469861e-05,0.013258928433060646,344097,6.6331515153249105,0.25277777777777777,0.225,0.275,0.14444444444444443,0.10277777777777777
479,720,0.012654878519209106,0.0886191800819429,0.3252739331658261,340,4.016474333512734e-05,0.01277354545891285,344817,6.645819183190664,0.11944444444444445,0.25277777777777777,0.26944444444444443,0.21388888888888888,0.14444444444444443
480,720,0.012539719124684302,-0.033656868940955244,0.14980588337147127,312,3.75261606500822e-05,0.011746599338948727,345537,6.657051265239716,0.1875,0.3013888888888889,0.3,0.12638888888888888,0.08472222222222223
481,720,0.012425607680649675,0.6397362118260074,1.6025356292991328,457,3.6612345756263194e-05,0.01173473335802555,346257,6.68261139790217,0.22361111111111112,0.18055555555555555,0.175,0.2388888888888889,0.18194444444444444
482,720,0.012312534650755763,0.523465046087727,1.2165790659262292,422,3.768762960463492e-05,0.012456814758479595,346977,6.695756185054779,0.1486111111111111,0.2388888888888889,0.26805555555555555,0.1486111111111111,0.19583333333333333
483,720,0.012200490585433887,0.9307776339449766,2.348550728742877,395,3.966006647336447e-05,0.012397893704473972,347697,6.711140016714732,0.21388888888888888,0.2513888888888889,0.20972222222222223,0.1,0.225
484,720,0.01208946612110644,0.7271614761561,1.750166557357137,430,4.045738823176887e-05,0.011960570700466633,348417,6.722259334723154,0.20972222222222223,0.24444444444444444,0.19027777777777777,0.16527777777777777,0.19027777777777777
485,720,0.01197945197940437,0.6369927189114093,1.5067641017355036,414,4.354456379537118e-05,0.012288063764572144,349137,6.735379151503245,0.15694444444444444,0.2611111111111111,0.21805555555555556,0.18333333333333332,0.18055555555555555
486,720,0.01187043896639179,0.4474749500086161,0.9260570810003856,339,4.1428028191603515e-05,0.013010874390602112,349857,6.748920150597891,0.13055555555555556,0.2791666666666667,0.2388888888888889,0.15555555555555556,0.19583333333333333
487,720,0.011762417971797624,0.22213218132080917,0.5634300871669402,382,4.3183950520465766e-05,0.013582209125161171,350577,6.762565084298452,0.19305555555555556,0.34305555555555556,0.16805555555555557,0.15833333333333333,0.1375
488,720,0.011655379968254265,0.10219337551499899,0.3470855076967869,346,3.956234769349167e-05,0.012515822425484657,351297,6.777166231473287,0.15138888888888888,0.2569444444444444,0.2833333333333333,0.1597222222222222,0.1486111111111111
489,720,0.011549316010543152,0.6541117897507368,1.5089436042512516,401,3.9205762813152333e-05,0.012617023661732674,352017,6.789761201540629,0.18055555555555555,0.2847222222222222,0.21666666666666667,0.12916666666666668,0.18888888888888888
490,720,0.011444217234847209,0.15210202393307595,0.4934696303731685,389,3.7063970504884004e-05,0.012996822595596313,352737,6.802276249726614,0.1527777777777778,0.3055555555555556,0.20416666666666666,0.14722222222222223,0.19027777777777777
491,720,0.011340074858010099,0.13502688094133924,0.46342105185340765,359,4.399884387945955e-05,0.012534857727587223,353457,6.827397084236145,0.25833333333333336,0.19583333333333333,0.175,0.18611111111111112,0.18472222222222223
492,720,0.011236880176802208,0.9873448642827095,2.5204712703928043,409,3.865925956587388e-05,0.012317359447479248,354177,6.843579999605814,0.18194444444444444,0.2513888888888889,0.2013888888888889,0.16527777777777777,0.2
493,720,0.011134624567193307,0.3099923487005187,0.850567499803401,439,4.170260424921758e-05,0.013059167191386223,354897,6.860305333137513,0.16944444444444445,0.2361111111111111,0.18611111111111112,0.19166666666666668,0.21666666666666667
494,720,0.011033299483631848,0.9249954758568855,2.330077163202903,431,4.251527065359066e-05,0.013240713626146317,355617,6.872578716278076,0.20833333333333334,0.28194444444444444,0.19027777777777777,0.14722222222222223,0.17222222222222222
495,720,0.010932896458330798,1.0305992208464498,2.809885822517737,430,4.09692790008699e-05,0.012912757694721222,356337,6.885607349872589,0.20833333333333334,0.2902777777777778,0.16111111111111112,0.12222222222222222,0.21805555555555556
496,720,0.010833407100559987,-0.06421761579699942,0.1517498380283806,326,4.129972717742526e-05,0.012814766727387905,357057,6.897158380349477,0.28055555555555556,0.28194444444444444,0.1638888888888889,0.15694444444444444,0.11666666666666667
497,720,0.010734823095944892,0.015949250570609443,0.269279289202198,375,4.132831675052431e-05,0.013675311580300331,357777,6.909269467989604,0.14722222222222223,0.2972222222222222,0.24444444444444444,0.14027777777777778,0.17083333333333334
498,720,0.010637136205771794,-0.119352028812972,0.07454570384803305,335,3.78370307897866e-05,0.013248994946479797,358497,6.921884767214457,0.17916666666666667,0.30277777777777776,0.24583333333333332,0.16944444444444445,0.10277777777777777
499,720,0.01054033826629927,0.015815749351527516,0.27069722939818797,376,3.846612298098585e-05,0.013019207864999771,359217,6.935227167606354,0.14166666666666666,0.2763888888888889,0.26666666666666666,0.09166666666666666,0.22361111111111112
500,720,0.010444421188075948,0.1134291314326538,0.36401032826263147,336,4.273113543654795e-05,0.013469964265823364,359937,6.948136615753174,0.125,0.3416666666666667,0.2125,0.14583333333333334,0.175
501,720,0.010349376955264456,0.35151840165786497,0.8335764459449502,405,3.984015090799807e-05,0.013572190888226032,360657,6.9739910165468855,0.13333333333333333,0.3263888888888889,0.21666666666666667,0.14444444444444443,0.17916666666666667
502,720,0.01025519762497155,-0.09459955378683127,0.15159788849414157,398,3.9075720933902224e-05,0.013701955787837505,361377,6.987862614790599,0.1486111111111111,0.2833333333333333,0.25972222222222224,0.16111111111111112,0.14722222222222223
503,720,0.010161875326584309,0.1196015447330801,0.42703882383029335,388,3.886243344797751e-05,0.013703816570341587,362097,7.000578665733338,0.1486111111111111,0.275,0.2513888888888889,0.18333333333333332,0.14166666666666666
504,720,0.010069402261112392,0.05553352418510257,0.3505791820478319,389,3.9162839641448954e-05,0.012957178056240082,362817,7.0146830677986145,0.21666666666666667,0.28888888888888886,0.22777777777777777,0.11527777777777778,0.15138888888888888
505,720,0.01,1.3091021290958673,4.166017742255662,464,3.8182559599262173e-05,0.012663479894399643,363537,7.027112750212352,0.19305555555555556,0.23472222222222222,0.16944444444444445,0.16805555555555557,0.23472222222222222
506,720,0.01,-0.015313504314418407,0.22836804494217167,370,4.1692542227641144e-05,0.012337541207671165,364257,7.040461198488871,0.15833333333333333,0.24583333333333332,0.2625,0.1638888888888889,0.16944444444444445
507,720,0.01,-0.1729174388031316,0.04925727968535276,336,3.769053231760861e-05,0.012860236689448357,364977,7.053625003496806,0.21944444444444444,0.30416666666666664,0.17083333333333334,0.15694444444444444,0.1486111111111111
508,720,0.01,-0.0571251295720601,0.19946409606018323,394,4.173275325709053e-05,0.013155932538211346,365697,7.067485066254934,0.24305555555555555,0.25833333333333336,0.23194444444444445,0.12777777777777777,0.1388888888888889
509,720,0.01,0.3718746693532358,0.9746174222846926,451,3.908232112937387e-05,0.013457141816616058,366417,7.078958749771118,0.21805555555555556,0.25277777777777777,0.19583333333333333,0.14722222222222223,0.18611111111111112
510,720,0.01,0.07590772444391775,0.410095911537834,441,4.3402559511681224e-05,0.013599550351500511,367137,7.091042113304138,0.19305555555555556,0.275,0.22361111111111112,0.16944444444444445,0.1388888888888889
511,720,0.01,-0.2534024657150724,-0.026056967959654398,366,4.029158581538973e-05,0.0125888641923666,367857,7.115437400341034,0.20833333333333334,0.31805555555555554,0.16666666666666666,0.1736111111111111,0.13333333333333333
512,720,0.01,0.42453777091177913,1.0330513059752837,410,3.853577358338751e-05,0.012984181754291058,368577,7.128157333532969,0.2125,0.25416666666666665,0.19166666666666668,0.15555555555555556,0.18611111111111112
513,720,0.01,0.750474130191747,1.766198874110561,408,3.588420547405096e-05,0.012076301500201225,369297,7.1410598158836365,0.24027777777777778,0.30833333333333335,0.16944444444444445,0.13194444444444445,0.15
514,720,0.01,0.1689704642652426,0.5375964712602546,422,3.97890774908976e-05,0.012084811925888062,370017,7.154291466871897,0.18194444444444444,0.2861111111111111,0.2361111111111111,0.12083333333333333,0.175
515,720,0.01,-0.08481697856358464,0.11369467209365935,349,3.7581662650154615e-05,0.01262343768030405,370737,7.167492020130157,0.14444444444444443,0.2861111111111111,0.30416666666666664,0.18611111111111112,0.07916666666666666
516,720,0.01,1.3513179290020803,4.284710969561798,438,3.880888681856555e-05,0.0131607037037611,371457,7.1825095852216085,0.22916666666666666,0.21805555555555556,0.18888888888888888,0.16527777777777777,0.1986111111111111
517,720,0.01,0.2070465625168188,0.5396368278100461,376,3.845297724183183e-05,0.012865929864346981,372177,7.1946787198384605,0.1388888888888889,0.2847222222222222,0.24722222222222223,0.19166666666666668,0.1375
518,720,0.01,0.05874070010196961,0.34613927631697594,389,4.154725686854969e-05,0.013393695466220379,372897,7.207678914070129,0.16527777777777777,0.3638888888888889,0.16944444444444445,0.1638888888888889,0.1375
519,720,0.01,0.14719577319548033,0.5337194114289199,428,4.463002755983325e-05,0.013210851699113846,373617,7.22029721736908,0.19305555555555556,0.2569444444444444,0.20277777777777778,0.15833333333333333,0.18888888888888888
520,720,0.01,1.0712838422248716,2.981998552873225,418,4.241058566726173e-05,0.013986699283123016,374337,7.2345452030499775,0.24027777777777778,0.2375,0.13055555555555556,0.15138888888888888,0.24027777777777778
521,720,0.01,0.2682869634374472,0.6537359878197684,355,4.248824719499882e-05,0.014528514817357063,375057,7.258561782042185,0.1638888888888889,0.3375,0.2111111111111111,0.10833333333333334,0.17916666666666667
522,720,0.01,0.3172570481499397,0.7528745636836327,397,4.3472100436600964e-05,0.014810924418270588,375777,7.272174767653147,0.2708333333333333,0.2763888888888889,0.20694444444444443,0.12638888888888888,0.11944444444444445
523,720,0.01,0.08193379353989784,0.3884441359026687,397,4.0937651850627943e-05,0.014815220609307289,376497,7.285642635822296,0.19444444444444445,0.25833333333333336,0.23194444444444445,0.14722222222222223,0.16805555555555557
524,720,0.01,0.13661031401987184,0.46171486864407485,402,4.5003852936689426e-05,0.0148524921387434,377217,7.299040452639262,0.16944444444444445,0.30694444444444446,0.25833333333333336,0.11805555555555555,0.14722222222222223
525,720,0.01,0.00784290743882086,0.2151200851692152,352,4.2481362719273523e-05,0.014624597504734993,377937,7.311896800994873,0.14305555555555555,0.3597222222222222,0.25972222222222224,0.14305555555555555,0.09444444444444444
526,720,0.01,0.7263116691851407,1.7685166440069655,417,4.434112650970847e-05,0.014614696614444256,378657,7.325195519129435,0.19583333333333333,0.26805555555555555,0.18611111111111112,0.125,0.225
527,720,0.01,0.10865329503508543,0.4203499643770625,388,4.546210838927638e-05,0.01493866741657257,379377,7.338589549064636,0.1763888888888889,0.2847222222222222,0.2375,0.12916666666666668,0.17222222222222222
528,720,0.01,-0.22334556068926625,0.021124467617053,405,4.282294363141167e-05,0.01450972631573677,380097,7.3517267346382145,0.16944444444444445,0.24027777777777778,0.22083333333333333,0.18888888888888888,0.18055555555555555
529,720,0.01,0.4064744227785118,0.8879176001424056,341,4.303705012363126e-05,0.014457118697464466,380817,7.364614999294281,0.14444444444444443,0.28055555555555556,0.20694444444444443,0.1375,0.23055555555555557
530,720,0.01,0.11906687323840223,0.4043392019276877,363,4.2970835867587694e-05,0.014226836152374744,381537,7.377803234259288,0.15,0.3388888888888889,0.2111111111111111,0.12916666666666668,0.17083333333333334
531,720,0.01,0.06021689169299032,0.3829472243583323,439,3.809674428162503e-05,0.014406959526240826,382257,7.403095551331838,0.18472222222222223,0.32916666666666666,0.2,0.1625,0.12361111111111112
532,720,0.01,0.12251254999996679,0.3737064847735092,352,4.0900712871108326e-05,0.014115000143647194,382977,7.416029548645019,0.12638888888888888,0.2902777777777778,0.2902777777777778,0.14722222222222223,0.14583333333333334
533,720,0.01,0.9844328777602745,2.710560256531472,474,3.6320452887947696e-05,0.012759958393871784,383697,7.4294183651606245,0.24861111111111112,0.2833333333333333,0.13472222222222222,0.1625,0.17083333333333334
534,720,0.01,0.38913557636271856,0.9909971156018795,468,4.188234780839492e-05,0.013325106352567673,384417,7.442779199282328,0.15833333333333333,0.25277777777777777,0.2388888888888889,0.13333333333333333,0.21666666666666667
535,720,0.01,0.45074130181787214,0.9976895780568964,390,4.0477513569688504e-05,0.01289752684533596,385137,7.454996736844381,0.16666666666666666,0.33194444444444443,0.22916666666666666,0.1486111111111111,0.12361111111111112
536,720,0.01,0.4230795773861576,1.0159278832788226,421,4.247655594756199e-05,0.013169552199542522,385857,7.468441100915273,0.1736111111111111,0.325,0.25555555555555554,0.06805555555555555,0.17777777777777778
537,720,0.01,0.8035469118188675,1.9610588140370564,426,4.049822559674491e-05,0.013407525606453419,386577,7.481669950485229,0.13055555555555556,0.25555555555555554,0.29444444444444445,0.09305555555555556,0.2263888888888889
538,720,0.01,0.1484977296505067,0.45280726515950565,381,4.211802044361927e-05,0.013541565276682377,387297,7.495214100678762,0.17777777777777778,0.30972222222222223,0.24583333333333332,0.12083333333333333,0.14583333333333334
539,720,0.01,0.12886012635245872,0.48826368199324954,405,5.0078800235395544e-05,0.014262348413467407,388017,7.509458716710409,0.1625,0.2625,0.20555555555555555,0.14027777777777778,0.22916666666666666
540,720,0.01,0.715549849223888,1.7595009529285517,439,4.37752256289059e-05,0.015364172868430614,388737,7.523476000626882,0.18472222222222223,0.2625,0.25416666666666665,0.1111111111111111,0.1875
541,720,0.01,0.5391476172466625,1.3353169420119144,454,4.400562598018749e-05,0.015122910961508751,389457,7.548061700661977,0.1763888888888889,0.3,0.2125,0.09444444444444444,0.21666666666666667
542,720,0.01,0.4133484121885043,0.9354665570804452,412,4.4420858841931476e-05,0.014565575867891312,390177,7.563202699025472,0.175,0.2986111111111111,0.2777777777777778,0.1111111111111111,0.1375
543,720,0.01,-0.012201901326277319,0.23281244351446428,379,4.514492282699697e-05,0.014200735837221146,390897,7.578541382153829,0.1361111111111111,0.35138888888888886,0.24166666666666667,0.13472222222222222,0.1361111111111111
544,720,0.01,0.4550497806876308,1.066383092553215,407,4.520926851859662e-05,0.014251494780182838,391617,7.5910760998725895,0.2222222222222222,0.26805555555555555,0.1986111111111111,0.14027777777777778,0.17083333333333334
545,720,0.01,0.078625606288557,0.4093457735012367,418,4.646096015221701e-05,0.013869608752429485,392337,7.604017432530721,0.18055555555555555,0.2611111111111111,0.21944444444444444,0.14305555555555555,0.19583333333333333
546,720,0.01,0.46138795803283017,1.0511240460622915,406,4.2627885130109964e-05,0.013976046815514565,393057,7.620416450500488,0.18194444444444444,0.3402777777777778,0.22361111111111112,0.11527777777777778,0.1388888888888889
547,720,0.01,0.39939314780964424,1.0004919950042468,456,4.471689452808884e-05,0.014568792656064034,393777,7.635347652435303,0.1625,0.25416666666666665,0.22777777777777777,0.11805555555555555,0.2375
548,720,0.01,0.18345960729349645,0.49999174880069064,373,4.574989499385791e-05,0.013611973263323307,394497,7.64983770052592,0.1111111111111111,0.2916666666666667,0.30833333333333335,0.11527777777777778,0.1736111111111111
549,720,0.01,1.30303509939331,3.7984123337306066,401,4.5897677332757466e-05,0.013659534975886345,395217,7.662871849536896,0.18472222222222223,0.3111111111111111,0.2,0.1111111111111111,0.19305555555555556
550,720,0.01,0.08764983516605294,0.37217879129168296,363,4.930434416034283e-05,0.01427717600017786,395937,7.67627554734548,0.15555555555555556,0.31527777777777777,0.25833333333333336,0.12361111111111112,0.14722222222222223
551,720,0.01,0.1136820121698519,0.36265092514580566,347,4.567576416750146e-05,0.013723439536988735,396657,7.701622434457144,0.15416666666666667,0.43194444444444446,0.21805555555555556,0.09444444444444444,0.10138888888888889
552,720,0.01,0.3191546718730769,0.72919273402362,372,4.312699094649967e-05,0.01361651811748743,397377,7.715602882703146,0.14722222222222223,0.35833333333333334,0.20972222222222223,0.12083333333333333,0.1638888888888889
553,720,0.01,0.9079313850248516,2.200897966669051,384,4.476661226817669e-05,0.014328725636005402,398097,7.731216450532277,0.17916666666666667,0.3402777777777778,0.1875,0.07222222222222222,0.22083333333333333
554,720,0.01,1.1927676295777514,3.5109944566677838,467,4.131458386559138e-05,0.01414911076426506,398817,7.744857335090638,0.20833333333333334,0.3,0.22361111111111112,0.09166666666666666,0.1763888888888889
555,720,0.01,0.14037040391161584,0.44393265837908125,391,4.1103467906901236e-05,0.01398972887545824,399537,7.758266786734263,0.15555555555555556,0.3388888888888889,0.25416666666666665,0.09722222222222222,0.15416666666666667
556,720,0.01,0.39282557584618666,0.9460965085853072,439,4.0168355950400935e-05,0.013497631996870041,400257,7.771534617741903,0.13472222222222222,0.29305555555555557,0.2513888888888889,0.13194444444444445,0.18888888888888888
557,720,0.01,0.45825848479982095,1.046760879580523,426,4.0884918636644825e-05,0.01399404276162386,400977,7.7849669019381205,0.1638888888888889,0.29583333333333334,0.26805555555555555,0.11527777777777778,0.15694444444444444
558,720,0.01,0.31810234335789195,0.6447729384584635,314,4.582562768796884e-05,0.013651035726070404,401697,7.7979851524035135,0.06527777777777778,0.3736111111111111,0.2986111111111111,0.09722222222222222,0.16527777777777777
559,720,0.01,0.16531057041283975,0.5016440938140005,391,4.302650005456598e-05,0.013558595441281796,402417,7.811638299624125,0.14722222222222223,0.29305555555555557,0.24027777777777778,0.15,0.16944444444444445
560,720,0.01,0.6968116208533593,1.5627005910970544,377,4.7085229684600767e-05,0.013155045919120312,403137,7.826576952139536,0.1763888888888889,0.35555555555555557,0.2152777777777778,0.10277777777777777,0.15
561,720,0.01,0.020603519599661717,0.23195645509918816,338,4.169622118044774e-05,0.013660853728652,403857,7.852448801199595,0.09027777777777778,0.425,0.25833333333333336,0.09027777777777778,0.1361111111111111
562,720,0.01,0.39179884062175446,0.8899471025701473,376,4.1758500875251535e-05,0.014363342896103859,404577,7.865806066989899,0.1388888888888889,0.2861111111111111,0.2791666666666667,0.10416666666666667,0.19166666666666668
563,720,0.01,0.5926737884491506,1.253926459562062,373,4.277852500725506e-05,0.01412198320031166,405297,7.879181269804636,0.16805555555555557,0.3541666666666667,0.25416666666666665,0.0763888888888889,0.14722222222222223
564,720,0.01,0.16443383921735633,0.4393387967548794,356,3.967485609513864e-05,0.013873093761503696,406017,7.8922130505243935,0.09444444444444444,0.3236111111111111,0.3375,0.09722222222222222,0.14722222222222223
565,720,0.01,0.10200931285530732,0.38612115844868744,369,4.240364065582172e-05,0.014023044146597385,406737,7.905091150601705,0.1388888888888889,0.3388888888888889,0.23194444444444445,0.10972222222222222,0.18055555555555555
566,720,0.01,0.24072490540989513,0.6144186218767176,394,4.315552490020814e-05,0.014355169609189034,407457,7.921936066945394,0.15555555555555556,0.2875,0.24166666666666667,0.15694444444444444,0.15833333333333333
567,720,0.01,0.47575102779073297,1.1217708100628578,426,4.378518160845285e-05,0.014896828681230545,408177,7.9351421674092615,0.18333333333333332,0.2361111111111111,0.22361111111111112,0.12361111111111112,0.23333333333333334
568,720,0.01,0.336008398738285,0.803101790367575,397,4.572066956143317e-05,0.015004023909568787,408897,7.948099533716838,0.1736111111111111,0.2861111111111111,0.19305555555555556,0.16527777777777777,0.18194444444444444
569,720,0.01,0.7232602433137435,1.7305696305591827,421,4.317645662392048e-05,0.014155229553580284,409617,7.961157635847727,0.15138888888888888,0.2833333333333333,0.18472222222222223,0.17083333333333334,0.20972222222222223
570,720,0.01,0.31604812411312017,0.6973159053502296,367,3.9914687970900156e-05,0.01399964652955532,410337,7.974909130732218,0.1388888888888889,0.4027777777777778,0.24861111111111112,0.1,0.10972222222222222
571,720,0.01,0.11056365301719974,0.43198794902426974,384,4.221905312407317e-05,0.013850526884198189,411057,7.998644797007243,0.18611111111111112,0.24722222222222223,0.2625,0.10416666666666667,0.2
572,720,0.01,0.5904743215344505,1.3773212332168874,399,4.313830434057309e-05,0.013954300433397293,411777,8.01096506913503,0.1763888888888889,0.2388888888888889,0.22777777777777777,0.1125,0.24444444444444444
573,720,0.01,0.8277980686667945,2.0642353756800986,436,4.368766196876095e-05,0.013661796227097511,412497,8.024242115020751,0.17916666666666667,0.30694444444444446,0.17222222222222222,0.10972222222222222,0.23194444444444445
574,720,0.01,0.12303588586472881,0.43660958963318186,389,4.0975664299164945e-05,0.013934362679719925,413217,8.036586749553681,0.13472222222222222,0.32083333333333336,0.28055555555555556,0.12361111111111112,0.14027777777777778
575,720,0.01,-0.0015747800367398286,0.18907443641065713,304,4.1585402242263724e-05,0.0139026353135705,413937,8.049576167265574,0.13472222222222222,0.2611111111111111,0.39305555555555555,0.10833333333333334,0.10277777777777777
576,720,0.01,0.7491121449523103,1.790196838985437,437,4.539961790012765e-05,0.013901588506996632,414657,8.062015314896902,0.18333333333333332,0.2861111111111111,0.20555555555555555,0.12777777777777777,0.19722222222222222
577,720,0.01,1.290356018198091,3.846980909327609,431,4.408507476480534e-05,0.01419088989496231,415377,8.077384154001871,0.1986111111111111,0.29583333333333334,0.175,0.13333333333333333,0.19722222222222222
578,720,0.01,0.26048033791293085,0.5824595880184431,360,3.9278692006266484e-05,0.013788211159408092,416097,8.093152582645416,0.09305555555555556,0.4013888888888889,0.225,0.14166666666666666,0.1388888888888889
579,720,0.01,1.2778600064406558,3.9006115646492017,425,4.072157087951685e-05,0.013868219219148159,416817,8.106216069062551,0.24583333333333332,0.2638888888888889,0.14027777777777778,0.1125,0.2375
580,720,0.01,0.08622991982523573,0.328406255855201,333,4.818731637341342e-05,0.013776211999356747,417537,8.120405268669128,0.12916666666666668,0.33194444444444443,0.2263888888888889,0.12361111111111112,0.18888888888888888
581,720,0.01,0.9695411383088854,2.44454265095095,410,4.2494218515306174e-05,0.013726059347391129,418257,8.146961617469788,0.1763888888888889,0.30833333333333335,0.20555555555555555,0.09444444444444444,0.2152777777777778
582,720,0.01,0.5388955141869519,1.173623333845033,399,3.982668467238505e-05,0.014171391725540161,418977,8.161030685901641,0.09305555555555556,0.2763888888888889,0.28888888888888886,0.13055555555555556,0.2111111111111111
583,720,0.01,0.4727845930516413,0.983840461445699,354,4.233329365206373e-05,0.014366780407726765,419697,8.173517715930938,0.10555555555555556,0.3902777777777778,0.2638888888888889,0.0875,0.1527777777777778
584,720,0.01,1.2006487736449245,3.543277980444066,430,4.621580805329965e-05,0.014700479805469513,420417,8.187494417031607,0.24166666666666667,0.2152777777777778,0.20416666666666666,0.12222222222222222,0.21666666666666667
585,720,0.01,0.26253463848791125,0.6994159589714213,409,4.5899560407431434e-05,0.014644995331764221,421137,8.202395617961884,0.20694444444444443,0.3194444444444444,0.18055555555555555,0.12777777777777777,0.16527777777777777
586,720,0.01,0.42999211828180095,0.9532450512268447,393,4.090616052015624e-05,0.014366142451763153,421857,8.215529616673788,0.09861111111111111,0.32083333333333336,0.2763888888888889,0.13333333333333333,0.17083333333333334
587,720,0.01,0.5644162969246692,1.2874011335435145,379,4.489707371501734e-05,0.015051167458295822,422577,8.228286616007487,0.1875,0.2791666666666667,0.20694444444444443,0.10416666666666667,0.2222222222222222
588,720,0.01,0.5823190151269813,1.3049731208103648,372,4.185307480560773e-05,0.01457706093788147,423297,8.241886536280314,0.20833333333333334,0.2722222222222222,0.25277777777777777,0.09583333333333334,0.17083333333333334
589,720,0.01,0.05848684082487227,0.2872225572562861,347,4.611628487004459e-05,0.014051930047571659,424017,8.254361967245737,0.12083333333333333,0.33611111111111114,0.32916666666666666,0.08194444444444444,0.13194444444444445
590,720,0.01,0.35858861058798897,0.76489043255881,366,4.115620031118144e-05,0.014224432408809662,424737,8.266547250747681,0.08055555555555556,0.3194444444444444,0.30833333333333335,0.1388888888888889,0.1527777777777778
591,720,0.01,0.14683370748679878,0.5013034650804775,418,4.449337728071138e-05,0.01440044492483139,425457,8.293355886141459,0.17083333333333334,0.325,0.25416666666666665,0.0875,0.1625
592,720,0.01,0.1543516539829624,0.5081016190947025,382,4.302326506275575e-05,0.014415905810892582,426177,8.304100553194681,0.20694444444444443,0.2902777777777778,0.22916666666666666,0.07916666666666666,0.19444444444444445
593,720,0.01,0.04303727111355984,0.28857540523055913,357,4.066638621098819e-05,0.01472695916891098,426897,8.31764574845632,0.18611111111111112,0.3263888888888889,0.25972222222222224,0.09583333333333334,0.13194444444444445
594,720,0.01,0.7688415304060067,1.8902457421813859,427,4.265019309488909e-05,0.014660395681858063,427617,8.330173103014628,0.2111111111111111,0.28888888888888886,0.2125,0.07222222222222222,0.2152777777777778
595,720,0.01,0.5154511095270781,1.1435237982790878,388,4.1733465793135516e-05,0.014518137089908123,428337,8.34167164961497,0.11944444444444445,0.38333333333333336,0.23472222222222222,0.07083333333333333,0.19166666666666668
596,720,0.01,0.27003454098674795,0.6624369050644499,390,4.65627691621901e-05,0.015259613282978535,429057,8.354896283149719,0.16111111111111112,0.25555555555555554,0.29305555555555557,0.1125,0.17777777777777778
597,720,0.01,-0.07950984522247809,0.11710459484601898,349,4.4075137495585495e-05,0.015420474112033844,429777,8.36830491622289,0.1388888888888889,0.3375,0.28055555555555556,0.11944444444444445,0.12361111111111112
598,720,0.01,-0.07054471521690472,0.12238432576761027,325,4.200153586503398e-05,0.014644565060734749,430497,8.38134522040685,0.18055555555555555,0.31805555555555554,0.2833333333333333,0.0875,0.13055555555555556
599,720,0.01,0.26633095451199074,0.6612676483277515,378,4.299392006209423e-05,0.015234347432851791,431217,8.39360694885254,0.22777777777777777,0.3125,0.19722222222222222,0.12777777777777777,0.13472222222222222
600,720,0.01,0.11986790682065368,0.39426571402936306,362,4.1299049261548744e-05,0.014192339032888412,431937,8.407599767049154,0.12083333333333333,0.3277777777777778,0.24583333333333332,0.08194444444444444,0.22361111111111112
601,720,0.01,0.2996616536228832,0.744837893485149,429,3.867967921122626e-05,0.014573181979358196,432657,8.433648399511974,0.16944444444444445,0.3333333333333333,0.26666666666666666,0.0875,0.14305555555555555
602,720,0.01,0.05805766023164068,0.32486114832722723,388,4.158985290511434e-05,0.015126960352063179,433377,8.44728278319041,0.1527777777777778,0.3277777777777778,0.2361111111111111,0.1361111111111111,0.14722222222222223
603,720,0.01,0.05045782255747173,0.3397162295679623,370,4.309082027778762e-05,0.015212047845125198,434097,8.460542265574137,0.29305555555555557,0.2986111111111111,0.18888888888888888,0.07916666666666666,0.14027777777777778
604,720,0.01,1.0119885618893532,2.8535259559279553,478,4.05136971746995e-05,0.015282239764928818,434817,8.475173433621725,0.21388888888888888,0.28194444444444444,0.15138888888888888,0.13055555555555556,0.2222222222222222
605,720,0.01,-0.21655502612599684,-0.017401834393009685,359,4.303735871139401e-05,0.014057567343115807,435537,8.489805567264558,0.15555555555555556,0.325,0.29583333333333334,0.13194444444444445,0.09166666666666666
606,720,0.01,0.19213135074414825,0.4935134297171093,357,4.044130694561924e-05,0.014448271133005619,436257,8.501924264431,0.17916666666666667,0.3486111111111111,0.24444444444444444,0.10416666666666667,0.12361111111111112
607,720,0.01,0.3221076866676649,0.7438715786279069,377,4.229911367019668e-05,0.01477951742708683,436977,8.515554698308309,0.19722222222222222,0.30694444444444446,0.22916666666666666,0.12222222222222222,0.14444444444444443
608,720,0.01,-0.012549985918169033,0.25100848505769524,399,4.162111660611521e-05,0.014743346720933914,437697,8.529243167241415,0.20416666666666666,0.33611111111111114,0.24861111111111112,0.08611111111111111,0.125
609,720,0.01,0.13840110464090188,0.4621399834251956,416,4.3123661566824015e-05,0.014444064348936081,438417,8.542222301165262,0.21944444444444444,0.3236111111111111,0.2263888888888889,0.10972222222222222,0.12083333333333333
610,720,0.01,0.5424601329303154,1.2265652087959071,405,3.750364869448377e-05,0.0150094423443079,439137,8.555228499571482,0.19027777777777777,0.29305555555555557,0.24166666666666667,0.1125,0.1625
611,720,0.01,0.17852635442312426,0.4840522520819386,375,3.556229403203462e-05,0.014335415326058865,439857,8.58046174844106,0.13055555555555556,0.2875,0.27361111111111114,0.12222222222222222,0.18611111111111112
612,720,0.01,0.7683566498835339,1.9508894986949126,468,3.776146242621002e-05,0.01433421391993761,440577,8.593878002961477,0.19305555555555556,0.275,0.24861111111111112,0.10555555555555556,0.17777777777777778
613,720,0.01,0.4738126992101838,1.0689944146319212,401,4.291373232566305e-05,0.01482372172176838,441297,8.607184584935506,0.19166666666666668,0.2722222222222222,0.2513888888888889,0.11527777777777778,0.16944444444444445
614,720,0.01,-0.0005569625517947113,0.27244855132730117,416,4.004457393370507e-05,0.014616429805755615,442017,8.620613551139831,0.1597222222222222,0.2833333333333333,0.2569444444444444,0.1375,0.1625
615,720,0.01,0.1451199638733763,0.47457522294668664,404,3.9339779856264713e-05,0.014133713208138943,442737,8.633518215020498,0.19583333333333333,0.23194444444444445,0.275,0.11805555555555555,0.17916666666666667
616,720,0.01,0.004841564484708852,0.1854133881172808,332,3.889244936014317e-05,0.014040950685739517,443457,8.646428632736207,0.11388888888888889,0.3736111111111111,0.31527777777777777,0.10555555555555556,0.09166666666666666
617,720,0.01,-0.019250847812697695,0.16970215986799153,300,4.21197538179917e-05,0.014816476963460445,444177,8.659700151284536,0.12638888888888888,0.3388888888888889,0.24444444444444444,0.16666666666666666,0.12361111111111112
618,720,0.01,0.043861950677172926,0.364259718396321,414,3.979875335491872e-05,0.014075974002480507,444897,8.67279241879781,0.20416666666666666,0.27361111111111114,0.24305555555555555,0.06944444444444445,0.20972222222222223
619,720,0.01,0.35014736315265615,0.8201107723272762,412,3.787731239349846e-05,0.014146413654088974,445617,8.685308265686036,0.1638888888888889,0.35138888888888886,0.25833333333333336,0.08055555555555556,0.14583333333333334
620,720,0.01,0.4463217570456123,0.9695828263398261,393,3.686266339728819e-05,0.013633480295538902,446337,8.698624300956727,0.14166666666666666,0.34305555555555556,0.25833333333333336,0.10555555555555556,0.15138888888888888
621,720,0.01,0.23703481709895854,0.6463073613269263,398,3.94028146546235e-05,0.013969473540782928,447057,8.72550976673762,0.15833333333333333,0.32083333333333336,0.23055555555555557,0.08611111111111111,0.20416666666666666
622,720,0.01,0.10095777065799975,0.3791367647582815,365,3.981969379146398e-05,0.013871004804968834,447777,8.73814435005188,0.18472222222222223,0.30972222222222223,0.2638888888888889,0.075,0.16666666666666666
623,720,0.01,0.12002229419754888,0.444151994380511,401,3.7540216218050974e-05,0.014440927654504776,448497,8.749085680643718,0.19444444444444445,0.27361111111111114,0.21944444444444444,0.13055555555555556,0.18194444444444444
624,720,0.01,-0.007746467485255027,0.26017869522493564,388,3.854045296773418e-05,0.014004673808813095,449217,8.76233248313268,0.1597222222222222,0.3333333333333333,0.2,0.10138888888888889,0.20555555555555555
625,720,0.01,0.32967331216870793,0.8361542671463433,435,3.761079384629637e-05,0.014768238179385662,449937,8.775380265712737,0.19305555555555556,0.29444444444444445,0.21388888888888888,0.10138888888888889,0.19722222222222222
626,720,0.01,0.03111128836185119,0.30651238879254694,398,3.7778138758110596e-05,0.014143061824142933,450657,8.788923199971517,0.18055555555555555,0.3013888888888889,0.24305555555555555,0.10694444444444444,0.16805555555555557
627,720,0.01,1.151348680150133,3.4497534055080274,471,3.7849384836540086e-05,0.012942822650074959,451377,8.802279698848725,0.20694444444444443,0.24305555555555555,0.20277777777777778,0.11805555555555555,0.22916666666666666
628,720,0.01,0.9655158143980422,2.4703859563869996,413,3.559969917811638e-05,0.013510344550013542,452097,8.814998666445414,0.1986111111111111,0.2902777777777778,0.2263888888888889,0.10555555555555556,0.17916666666666667
629,720,0.01,0.6885024851825005,1.6025779816338215,412,3.858243537580266e-05,0.012925153598189354,452817,8.827651433149974,0.16111111111111112,0.3638888888888889,0.2013888888888889,0.09166666666666666,0.18194444444444444
630,720,0.01,0.5570936330829898,1.2889509978701645,406,3.923560465434801e-05,0.013668653555214405,453537,8.841692717870076,0.18055555555555555,0.22916666666666666,0.25,0.15,0.19027777777777777
631,720,0.01,0.5068571810385794,1.2330250280074497,445,3.758572060456168e-05,0.013688446953892708,454257,8.869593516985576,0.19722222222222222,0.2763888888888889,0.24861111111111112,0.10416666666666667,0.1736111111111111
632,720,0.01,0.3092475162591694,0.8413472711382224,446,3.7477273180128475e-05,0.014256958849728107,454977,8.883108433087667,0.19027777777777777,0.26944444444444443,0.21666666666666667,0.10555555555555556,0.21805555555555556
633,720,0.01,1.0421762940387376,2.8648632277975565,431,4.1130066522833257e-05,0.014432212337851524,455697,8.896124053001405,0.19444444444444445,0.26944444444444443,0.1875,0.10694444444444444,0.24166666666666667
634,720,0.01,0.3989944296545377,0.9097921796152837,401,4.451000061054502e-05,0.014318344183266163,456417,8.910401133696238,0.1986111111111111,0.2861111111111111,0.19305555555555556,0.14722222222222223,0.175
635,720,0.01,0.4172573747389635,1.0112519215783449,433,4.032904160264176e-05,0.014262018725275993,457137,8.924152068297069,0.22361111111111112,0.2902777777777778,0.2,0.08888888888888889,0.19722222222222222
636,720,0.01,-0.05913240905094981,0.18130243817820535,394,3.880038196307901e-05,0.014004919677972794,457857,8.936177734533945,0.18333333333333332,0.3194444444444444,0.2708333333333333,0.09722222222222222,0.12916666666666668
637,720,0.01,0.516355007987602,1.200874998730384,441,4.0847411786318034e-05,0.01494085043668747,458577,8.949185049533844,0.2,0.31666666666666665,0.23194444444444445,0.1,0.15138888888888888
638,720,0.01,0.5377326740769445,1.263093480634717,426,4.065417160240435e-05,0.0140147116035223,459297,8.964640303452809,0.18611111111111112,0.3,0.24166666666666667,0.09444444444444444,0.17777777777777778
639,720,0.01,-0.038931408504592674,0.20450487633491465,391,3.851914662315418e-05,0.01386019866913557,460017,8.97752073208491,0.125,0.35555555555555557,0.25277777777777777,0.12638888888888888,0.14027777777777778
640,720,0.01,0.5907688519102153,1.4309177280290024,441,3.934026035621072e-05,0.013315726071596146,460737,8.991133681933086,0.20972222222222223,0.24305555555555555,0.25972222222222224,0.09722222222222222,0.19027777777777777
641,720,0.01,0.32204636395881503,0.6716252620238807,347,3.7476410967782515e-05,0.012936178594827652,461457,9.015857450167339,0.1486111111111111,0.2791666666666667,0.2708333333333333,0.11805555555555555,0.18333333333333332
642,720,0.01,-0.2513487295494601,-0.08593055348945722,294,3.9992520852491805e-05,0.014376090839505196,462177,9.028497318426767,0.12222222222222222,0.35555555555555557,0.25,0.11944444444444445,0.1527777777777778
643,720,0.01,0.20668166558983814,0.5436992796853297,406,3.420554241857745e-05,0.013360181823372841,462897,9.042013164361318,0.15,0.3277777777777778,0.2763888888888889,0.11805555555555555,0.12777777777777777
644,720,0.01,0.49510301091304776,1.1288948832237238,428,3.4520780454588226e-05,0.013114972971379757,463617,9.055430765946706,0.19583333333333333,0.3486111111111111,0.2361111111111111,0.06666666666666667,0.1527777777777778
645,720,0.01,-0.11146068763645499,0.12360168103673619,388,3.618117966273833e-05,0.012650204822421074,464337,9.069570251305898,0.18055555555555555,0.35833333333333334,0.24444444444444444,0.10416666666666667,0.1125
646,720,0.01,0.47585632763830843,1.1008800484585177,419,3.598573837406447e-05,0.012262140400707722,465057,9.083034817377726,0.19444444444444445,0.33055555555555555,0.1875,0.1,0.1875
647,720,0.01,0.43080783336333733,0.9567948094237948,381,3.7712861964994065e-05,0.012324482202529907,465777,9.098011084397633,0.15,0.36944444444444446,0.2513888888888889,0.07916666666666666,0.15
648,720,0.01,0.4834879344209919,1.1106330673798928,404,3.829623269919264e-05,0.012602793984115124,466497,9.112923232714335,0.1625,0.425,0.18333333333333332,0.06388888888888888,0.16527777777777777
649,720,0.01,-0.1468392723145579,0.08916432478365688,397,3.627531713290308e-05,0.013357773423194885,467217,9.126079551378886,0.11666666666666667,0.2763888888888889,0.275,0.19444444444444445,0.1375
650,720,0.01,0.5015062082627639,1.1463231347860638,413,3.763452424436764e-05,0.012996823526918888,467937,9.139035300413768,0.21388888888888888,0.34305555555555556,0.18611111111111112,0.1111111111111111,0.14583333333333334
651,720,0.01,1.294175392182053,4.043878814712182,448,3.7955954823903284e-05,0.013604408130049706,468657,9.16272266705831,0.2222222222222222,0.2638888888888889,0.17222222222222222,0.1,0.24166666666666667
652,720,0.01,0.0478026663901228,0.31232800933461213,350,4.1043416004211195e-05,0.014315510168671608,469377,9.177003733317058,0.22361111111111112,0.3194444444444444,0.2569444444444444,0.0763888888888889,0.12361111111111112
653,720,0.01,0.10979924702563584,0.3994079397926711,395,3.780454292533856e-05,0.014105452224612236,470097,9.190068368117014,0.11805555555555555,0.3236111111111111,0.25833333333333336,0.15694444444444444,0.14305555555555555
654,720,0.01,0.7242394736544845,1.6885162826454563,397,3.6686757208473055e-05,0.014304734766483307,470817,9.204131968816121,0.19166666666666668,0.3013888888888889,0.24861111111111112,0.07083333333333333,0.1875
655,720,0.01,0.04730358862927038,0.26497655527623687,338,3.803808245379514e-05,0.013081087730824947,471537,9.216594433784485,0.1388888888888889,0.3236111111111111,0.25,0.18194444444444444,0.10555555555555556
656,720,0.01,1.4333162093546346,4.75498369714852,441,3.931449679410232e-05,0.01378974225372076,472257,9.231662432352701,0.24166666666666667,0.3194444444444444,0.16111111111111112,0.09583333333333334,0.18194444444444444
657,720,0.01,-0.06468321644355375,0.10939717648901337,296,3.764565071833204e-05,0.012546689249575138,472977,9.245640234152477,0.11388888888888889,0.3972222222222222,0.20416666666666666,0.15138888888888888,0.13333333333333333
658,720,0.01,0.17360801580472526,0.5024663870131816,404,3.759792335687153e-05,0.012497682124376297,473697,9.258494098981222,0.15416666666666667,0.375,0.2875,0.05694444444444444,0.12638888888888888
659,720,0.01,-0.03039369768269417,0.18632026529989032,373,3.716004389262808e-05,0.013027936220169067,474417,9.271577600638071,0.09722222222222222,0.375,0.2611111111111111,0.15416666666666667,0.1125
660,720,0.01,0.07611243303412465,0.296103470425066,318,3.5712914068931744e-05,0.013803640380501747,475137,9.284416584173838,0.11388888888888889,0.37916666666666665,0.32222222222222224,0.08194444444444444,0.10277777777777777
661,720,0.01,0.23261939615876268,0.617075702538668,395,3.428311233746071e-05,0.012788906693458557,475857,9.308801249663036,0.13194444444444445,0.3472222222222222,0.22916666666666666,0.11666666666666667,0.175
662,720,0.01,0.013445594976225907,0.210998946921239,337,3.731784589591472e-05,0.013237593695521355,476577,9.323212420940399,0.14305555555555555,0.3763888888888889,0.2611111111111111,0.12638888888888888,0.09305555555555556
663,720,0.01,0.26810293232594495,0.7282389331566712,429,3.640970042447912e-05,0.013399203307926655,477297,9.335748596986134,0.17916666666666667,0.26666666666666666,0.2152777777777778,0.13472222222222222,0.20416666666666666
664,720,0.01,-0.04259951043694111,0.11980043854780975,294,4.1754824034493744e-05,0.014413455501198769,478017,9.347938132286071,0.10694444444444444,0.37916666666666665,0.2638888888888889,0.16111111111111112,0.08888888888888889
665,720,0.01,-0.11528746014992369,0.06658562303894411,326,3.9098515086758806e-05,0.013821134343743324,478737,9.359781269232432,0.14583333333333334,0.325,0.24583333333333332,0.125,0.15833333333333333
666,720,0.01,0.275789595616766,0.6816737809377482,393,3.8525430660582867e-05,0.013516760431230068,479457,9.373172736167907,0.15138888888888888,0.3458333333333333,0.20277777777777778,0.10833333333333334,0.19166666666666668
667,720,0.01,0.3298789486503186,0.8155327460658908,403,3.706643288978739e-05,0.013010777533054352,480177,9.386752967039744,0.1763888888888889,0.3263888888888889,0.21388888888888888,0.09861111111111111,0.18472222222222223
668,720,0.01,1.5567632489395087,5.412590022145183,429,3.810389643932568e-05,0.012763453647494316,480897,9.39966555039088,0.22777777777777777,0.26666666666666666,0.1763888888888889,0.10416666666666667,0.225
669,720,0.01,0.10426603007245919,0.4322777798551296,402,3.838655763325328e-05,0.013167832046747208,481617,9.412211533387502,0.15833333333333333,0.2777777777777778,0.1875,0.16944444444444445,0.20694444444444443
670,720,0.01,0.18309626690108008,0.5719961845941011,425,3.785254999494706e-05,0.013032445684075356,482337,9.427351315816244,0.16666666666666666,0.3527777777777778,0.2111111111111111,0.07777777777777778,0.19166666666666668
671,720,0.01,0.30818336639968597,0.6857041444596319,344,4.1275046075699924e-05,0.012691974639892578,483057,9.453849983215331,0.15833333333333333,0.3680555555555556,0.23194444444444445,0.11527777777777778,0.12638888888888888
672,720,0.01,-0.07347695039593946,0.14199079365592704,353,3.774707571311511e-05,0.013138316571712494,483777,9.465248433748881,0.14305555555555555,0.3902777777777778,0.20555555555555555,0.12083333333333333,0.14027777777777778
673,720,0.01,0.42444057974093985,0.9087347342416578,368,3.860197577220485e-05,0.013039619661867619,484497,9.479192248980205,0.2111111111111111,0.35555555555555557,0.21944444444444444,0.058333333333333334,0.15555555555555556
674,720,0.01,0.9555918117549358,2.3841129260012495,402,3.832868387184539e-05,0.013080358505249023,485217,9.491454601287842,0.16805555555555557,0.2652777777777778,0.2638888888888889,0.1125,0.19027777777777777
675,720,0.01,1.2955091646019465,3.943181561094203,423,3.593845769324212e-05,0.013131795451045036,485937,9.504869051774342,0.2152777777777778,0.3388888888888889,0.16666666666666666,0.08472222222222223,0.19444444444444445
676,720,0.01,-0.04764681479555942,0.15356042949452187,362,4.273723803736276e-05,0.013390354812145233,486657,9.517715617020924,0.2152777777777778,0.2833333333333333,0.28888888888888886,0.10555555555555556,0.10694444444444444
677,720,0.01,0.2970259733808915,0.7160514332635322,404,4.284807966491321e-05,0.014403022825717926,487377,9.53103127082189,0.17777777777777778,0.40694444444444444,0.20972222222222223,0.06805555555555555,0.1375
678,720,0.01,0.11146227716880619,0.38883084870826456,396,4.961568451007123e-05,0.014863328076899052,488097,9.543835417429607,0.10416666666666667,0.3763888888888889,0.25555555555555554,0.13194444444444445,0.13194444444444445
679,720,0.01,1.150401259084292,3.1543303958391764,407,4.268636259515309e-05,0.014630378223955631,488817,9.55857179959615,0.18194444444444444,0.37916666666666665,0.1763888888888889,0.06805555555555555,0.19444444444444445
680,720,0.01,0.5788839343193447,1.3658418825772634,416,4.130110015694299e-05,0.01417568325996399,489537,9.571593002478282,0.19027777777777777,0.31527777777777777,0.1763888888888889,0.11388888888888889,0.20416666666666666
681,720,0.01,0.7650352213594571,1.7990644080434075,423,4.08431130507678e-05,0.013815537095069885,490257,9.598409648736318,0.18888888888888888,0.31666666666666665,0.24305555555555555,0.06805555555555555,0.18333333333333332
682,720,0.01,0.9791825059158616,2.57935460388408,421,4.0373066516015875e-05,0.013139460235834122,490977,9.610975201924642,0.19722222222222222,0.3194444444444444,0.14444444444444443,0.13472222222222222,0.20416666666666666
683,720,0.01,-0.03788618933563686,0.17188528967922667,360,4.237659179453759e-05,0.013956217095255852,491697,9.623996265729268,0.125,0.41805555555555557,0.20694444444444443,0.13055555555555556,0.11944444444444445
684,720,0.01,1.5884043563834636,5.5594342468816516,413,4.201785820264882e-05,0.01379002258181572,492417,9.637648049990336,0.2722222222222222,0.28888888888888886,0.14166666666666666,0.09027777777777778,0.20694444444444443
685,720,0.01,0.12157040059490339,0.36522657052430096,350,4.2613372067989984e-05,0.01435412373393774,493137,9.65146454970042,0.125,0.4027777777777778,0.2777777777777778,0.07361111111111111,0.12083333333333333
686,720,0.01,-0.12476110055909763,0.08084041378820328,346,4.479132559127821e-05,0.013612762093544006,493857,9.664220631122589,0.16527777777777777,0.39861111111111114,0.20277777777777778,0.09722222222222222,0.1361111111111111
687,720,0.01,0.08554417459703842,0.3146154305363149,338,4.255730293354847e-05,0.013635578565299511,494577,9.67772898276647,0.14583333333333334,0.46111111111111114,0.21805555555555556,0.07361111111111111,0.10138888888888889
688,720,0.01,0.07985585565385203,0.33891000742139044,363,4.065759818685264e-05,0.01305692084133625,495297,9.690884133179983,0.12777777777777777,0.37916666666666665,0.2375,0.11805555555555555,0.1375
689,720,0.01,0.35158472816083164,0.8250086525761497,379,4.2538043211000816e-05,0.013483981601893902,496017,9.70409631729126,0.1638888888888889,0.4097222222222222,0.16805555555555557,0.09861111111111111,0.1597222222222222
690,720,0.01,0.4434489416529906,1.0984499258997595,441,4.084362773381953e-05,0.013151244260370731,496737,9.71760433514913,0.22361111111111112,0.3597222222222222,0.1388888888888889,0.09722222222222222,0.18055555555555555
691,720,0.01,0.1592021957857199,0.4158105526023641,323,4.048255845848164e-05,0.012603648006916046,497457,9.742240532239277,0.11805555555555555,0.3194444444444444,0.2638888888888889,0.13194444444444445,0.16666666666666666
692,720,0.01,0.3456302739085013,0.7822565282028291,363,4.3290403892923576e-05,0.012831355445086956,498177,9.756377919514973,0.18888888888888888,0.3972222222222222,0.21388888888888888,0.07083333333333333,0.12916666666666668
693,720,0.01,0.19888239405546868,0.5974081252825321,427,4.215522558486858e-05,0.013723703101277351,498897,9.77294941743215,0.15,0.36666666666666664,0.23055555555555557,0.08888888888888889,0.1638888888888889
694,720,0.01,0.006304892054396257,0.21264617353298942,341,4.441461777812745e-05,0.013205116614699364,499617,9.78612798055013,0.14027777777777778,0.4111111111111111,0.25555555555555554,0.09166666666666666,0.10138888888888889
695,720,0.01,0.24178035526260588,0.5908689163982979,380,4.05562505787e-05,0.01374020241200924,500337,9.799912548065185,0.13333333333333333,0.43472222222222223,0.20416666666666666,0.10138888888888889,0.12638888888888888
696,720,0.01,0.35991455791918514,0.8736990112428806,425,3.8734460964759716e-05,0.013720111921429634,501057,9.81319005091985,0.16805555555555557,0.4027777777777778,0.1875,0.08194444444444444,0.1597222222222222
697,720,0.01,0.1510990545411563,0.4135426266994995,358,3.77350618540125e-05,0.013512132689356804,501777,9.82660566965739,0.10277777777777777,0.4125,0.2611111111111111,0.09583333333333334,0.12777777777777777
698,720,0.01,0.21449310462336088,0.5651679031941192,396,4.0670231603851584e-05,0.014235831797122955,502497,9.84168063402176,0.1527777777777778,0.39444444444444443,0.20972222222222223,0.10416666666666667,0.1388888888888889
699,720,0.01,0.061015080342983224,0.3185268364047582,359,4.044963995208188e-05,0.014037881046533585,503217,9.854641501108805,0.14444444444444443,0.4013888888888889,0.20277777777777778,0.075,0.1763888888888889
700,720,0.01,0.1935882395337714,0.460951943774339,313,4.071432831046372e-05,0.013918868266046047,503937,9.870784032344819,0.12638888888888888,0.48055555555555557,0.20833333333333334,0.09305555555555556,0.09166666666666666
701,720,0.01,0.0007577412197186783,0.2011239473398263,319,4.299517133164146e-05,0.014330614358186722,504657,9.896550766626994,0.2013888888888889,0.45555555555555555,0.1875,0.058333333333333334,0.09722222222222222
702,720,0.01,-0.03154968656565529,0.17697820823058952,357,4.049744543597929e-05,0.015485609881579876,505377,9.909910984834035,0.11805555555555555,0.39444444444444443,0.21388888888888888,0.16805555555555557,0.10555555555555556
703,720,0.01,0.80907390290533,1.9589187158692551,424,3.845958839292507e-05,0.01448269933462143,506097,9.9227996190389,0.17083333333333334,0.35833333333333334,0.1875,0.10972222222222222,0.1736111111111111
704,720,0.01,0.829179416316192,2.021276476177637,413,4.092195180318312e-05,0.014399388805031776,506817,9.936255701382954,0.20416666666666666,0.34444444444444444,0.15833333333333333,0.09027777777777778,0.20277777777777778
705,720,0.01,0.6579600068016295,1.608981738752031,433,4.024113270588714e-05,0.014941459521651268,507537,9.94969498316447,0.18611111111111112,0.32916666666666666,0.20277777777777778,0.075,0.20694444444444443
706,720,0.01,0.1526298514865244,0.4079431091503263,341,4.044074772132768e-05,0.01480136252939701,508257,9.963336483637493,0.10138888888888889,0.45694444444444443,0.24166666666666667,0.06805555555555555,0.13194444444444445
707,720,0.01,1.4077281115337388,4.573248577763559,432,4.224974514828419e-05,0.014715049415826797,508977,9.976178085803985,0.24861111111111112,0.3111111111111111,0.14583333333333334,0.08611111111111111,0.20833333333333334
708,720,0.01,0.5499500359262443,1.348319664297096,450,3.934127816794191e-05,0.014157360419631004,509697,9.989993369579315,0.18194444444444444,0.3416666666666667,0.19305555555555556,0.08333333333333333,0.2
709,720,0.01,0.09384781575187931,0.3348885640572399,350,3.994221520113367e-05,0.013595267198979855,510417,10.00581153233846,0.125,0.4083333333333333,0.23333333333333334,0.10416666666666667,0.12916666666666668
710,720,0.01,0.06745803343075996,0.3250603869161872,342,3.8915098246484884e-05,0.01385541819036007,511137,10.019092682997385,0.1388888888888889,0.4486111111111111,0.20277777777777778,0.05277777777777778,0.15694444444444444
711,720,0.01,0.07509003421540511,0.41671389904587386,392,3.984077162107901e-05,0.014001032337546349,511857,10.044318250815074,0.28055555555555556,0.3402777777777778,0.1638888888888889,0.06111111111111111,0.15416666666666667
712,720,0.01,-0.11833970900865907,0.10148612529716905,361,4.173926128790602e-05,0.013636630028486252,512577,10.057945450146994,0.16944444444444445,0.3736111111111111,0.21805555555555556,0.075,0.1638888888888889
713,720,0.01,0.4582588110090605,0.9729084232953447,362,3.5748905233706154e-05,0.014034722931683064,513297,10.070446503162383,0.14444444444444443,0.4,0.2375,0.07361111111111111,0.14444444444444443
714,720,0.01,0.39505610240315475,0.8890160827949272,392,3.886985225310329e-05,0.013169870711863041,514017,10.084068735440573,0.19444444444444445,0.39166666666666666,0.15833333333333333,0.1111111111111111,0.14444444444444443
715,720,0.01,-0.04922987620126208,0.12105490759813864,312,4.071725417260394e-05,0.0131989736109972,514737,10.097939232985178,0.10694444444444444,0.34444444444444444,0.2986111111111111,0.15555555555555556,0.09444444444444444
716,720,0.01,-0.062409324118391736,0.16572204468882146,409,3.82381758741859e-05,0.013070791959762573,515457,10.111733516057333,0.13055555555555556,0.4125,0.22083333333333333,0.14027777777777778,0.09583333333333334
717,720,0.01,0.8318440005517881,2.002195938950369,417,3.969704489716403e-05,0.013719631358981133,516177,10.124626497427622,0.19027777777777777,0.33055555555555555,0.2361111111111111,0.0763888888888889,0.16666666666666666
718,720,0.01,-0.06947026881804097,0.1365867942635195,340,3.905367010853903e-05,0.013979898765683174,516897,10.137319600582122,0.15694444444444444,0.39166666666666666,0.25972222222222224,0.059722222222222225,0.13194444444444445
719,720,0.01,0.49800180295193064,1.1276153593400573,402,4.3991645264264255e-05,0.014251970686018467,517617,10.150467932224274,0.18194444444444444,0.32083333333333336,0.1875,0.10694444444444444,0.20277777777777778
720,720,0.01,1.1701556308098415,3.4544590616906525,429,4.3277229234364413e-05,0.014355972409248352,518337,10.163495516777038,0.275,0.2611111111111111,0.10555555555555556,0.13055555555555556,0.22777777777777777
721,720,0.01,0.29597775776200086,0.742773409433336,407,4.3985352507055114e-05,0.014262731187045574,519057,10.188692518075307,0.15,0.3736111111111111,0.25277777777777777,0.05694444444444444,0.16666666666666666
722,720,0.01,0.3468455347119886,0.7127418966754093,346,3.90887557765988e-05,0.014114387333393097,519777,10.20215988556544,0.1361111111111111,0.37916666666666665,0.22777777777777777,0.08888888888888889,0.16805555555555557
723,720,0.01,0.10638808503130207,0.37422245655798814,380,3.98356587879789e-05,0.014452437870204449,520497,10.214419134457906,0.175,0.39861111111111114,0.225,0.09583333333333334,0.10555555555555556
724,720,0.01,1.5128146229167552,5.301669655182162,446,3.940388808764005e-05,0.014147262088954449,521217,10.227821350097656,0.24166666666666667,0.2861111111111111,0.15416666666666667,0.1,0.21805555555555556
725,720,0.01,0.10268634576237806,0.37188587692796204,382,3.813354333917434e-05,0.014453371055424213,521937,10.240259834130605,0.13472222222222222,0.39305555555555555,0.21805555555555556,0.13333333333333333,0.12083333333333333
726,720,0.01,0.05136764790773904,0.33691891312545597,374,4.14641495391758e-05,0.014541801996529102,522657,10.254690364996593,0.16527777777777777,0.41944444444444445,0.16805555555555557,0.07222222222222222,0.175
727,720,0.01,1.0000380027664166,2.5583181475371575,414,3.65475568540003e-05,0.014597577974200249,523377,10.26794936656952,0.19444444444444445,0.30972222222222223,0.22916666666666666,0.07083333333333333,0.19583333333333333
728,720,0.01,0.5664677475717094,1.2995598787797205,422,3.4915262899125484e-05,0.013786714524030685,524097,10.281385219097137,0.2013888888888889,0.31527777777777777,0.2152777777777778,0.09861111111111111,0.16944444444444445
729,720,0.01,-0.15132982347685967,-0.00032976909107695906,278,3.6505244113666574e-05,0.013617020100355148,524817,10.295671832561492,0.14444444444444443,0.4041666666666667,0.325,0.05555555555555555,0.07083333333333333
730,720,0.01,0.5774647200673318,1.364259157121718,441,4.10818682325953e-05,0.01391042023897171,525537,10.3104043841362,0.17777777777777778,0.3416666666666667,0.1986111111111111,0.09722222222222222,0.18472222222222223
731,720,0.01,0.38837758037796655,0.8830213358345333,383,3.7066318950312254e-05,0.014143677428364754,526257,10.335965331395467,0.19305555555555556,0.38055555555555554,0.2125,0.05138888888888889,0.1625
732,720,0.01,0.5497948450052884,1.2609720806874605,406,4.2922054774408025e-05,0.01451466791331768,526977,10.349290716648103,0.22916666666666666,0.30694444444444446,0.1875,0.075,0.2013888888888889
733,720,0.01,0.3490837694333138,0.8479626637803117,405,3.960786271793242e-05,0.014091232791543007,527697,10.362420165538788,0.19027777777777777,0.25416666666666665,0.2972222222222222,0.08888888888888889,0.16944444444444445
734,720,0.01,1.1146458500059622,3.0557914609176695,402,3.987177678494744e-05,0.014010371640324593,528417,10.375957083702087,0.30416666666666664,0.2638888888888889,0.18472222222222223,0.08888888888888889,0.15833333333333333
735,720,0.01,0.1872336727509033,0.5491922603593451,383,3.885432036743926e-05,0.013658925890922546,529137,10.389222153027852,0.18472222222222223,0.3680555555555556,0.18472222222222223,0.06666666666666667,0.19583333333333333
736,720,0.01,0.30091774933646054,0.7197307697124948,402,4.096092175637346e-05,0.01427934505045414,529857,10.404815769195556,0.15694444444444444,0.3013888888888889,0.30277777777777776,0.08611111111111111,0.1527777777777778
737,720,0.01,0.5779563616324892,1.278361083886408,401,4.2714645485375516e-05,0.014017309062182903,530577,10.418574500083924,0.19166666666666668,0.36944444444444446,0.23055555555555557,0.06111111111111111,0.14722222222222223
738,720,0.01,0.24289757005574664,0.6106656971927489,421,4.046658824942521e-05,0.013623024336993694,531297,10.432212114334106,0.10972222222222222,0.4111111111111111,0.2652777777777778,0.0763888888888889,0.1375
739,720,0.01,0.441070283692174,1.0679758604719978,430,4.0883379814557783e-05,0.013900208286941051,532017,10.445164000988006,0.20416666666666666,0.3277777777777778,0.18888888888888888,0.09027777777777778,0.18888888888888888
740,720,0.01,0.016951272868226615,0.2290005435675626,323,3.902901126038058e-05,0.01390748843550682,532737,10.459737002849579,0.27361111111111114,0.36944444444444446,0.2111111111111111,0.04583333333333333,0.1
741,720,0.01,0.37148008894531565,0.9299229675723946,456,3.769148430402917e-05,0.014433307573199272,533457,10.48548618555069,0.1875,0.30833333333333335,0.22916666666666666,0.11527777777777778,0.1597222222222222
742,720,0.01,-0.06285929472751418,0.10284224367884498,289,3.8324152891770304e-05,0.01355956494808197,534177,10.499639467398326,0.11527777777777778,0.4527777777777778,0.30277777777777776,0.06805555555555555,0.06111111111111111
743,720,0.01,0.1851537678801328,0.4650710914521219,363,3.543863979618638e-05,0.013809842988848686,534897,10.513120301564534,0.17083333333333334,0.3902777777777778,0.2611111111111111,0.05277777777777778,0.125
744,720,0.01,0.09461100362365735,0.35915203773382287,370,3.594205243062889e-05,0.014271358028054237,535617,10.525134750207265,0.19583333333333333,0.4375,0.20694444444444443,0.05138888888888889,0.10833333333333334
745,720,0.01,0.41201914456163524,1.0309814407324396,452,3.662934519752525e-05,0.01408213097602129,536337,10.537893398602803,0.18888888888888888,0.3402777777777778,0.20416666666666666,0.0875,0.17916666666666667
746,720,0.01,0.30505137934807935,0.7083899535491276,404,3.607832872679258e-05,0.013644928112626076,537057,10.551275285085042,0.1361111111111111,0.35555555555555557,0.2763888888888889,0.1111111111111111,0.12083333333333333
747,720,0.01,0.07108507594933353,0.3009373927275323,334,3.4753745239868294e-05,0.013416605070233345,537777,10.56449483235677,0.1597222222222222,0.425,0.22916666666666666,0.07083333333333333,0.11527777777777778
748,720,0.01,0.4138550729947711,1.0362402098570422,454,3.756064193491208e-05,0.013904817402362823,538497,10.578135768572489,0.2013888888888889,0.3333333333333333,0.20416666666666666,0.10138888888888889,0.1597222222222222
749,720,0.01,0.1155539050253565,0.34858231687760943,336,3.700422957106437e-05,0.013631202280521393,539217,10.591560932000478,0.14722222222222223,0.43472222222222223,0.25277777777777777,0.06111111111111111,0.10416666666666667
750,720,0.01,0.6196113102250487,1.5039295308875444,464,3.465130046088739e-05,0.013628844171762466,539937,10.602970802783966,0.1736111111111111,0.33611111111111114,0.2111111111111111,0.09583333333333334,0.18333333333333332
751,720,0.01,1.2479590404808716,3.656243655096051,428,3.944582005412182e-05,0.013844382017850876,540657,10.627462852001191,0.20833333333333334,0.2986111111111111,0.2152777777777778,0.09305555555555556,0.18472222222222223
752,720,0.01,0.037496424926804495,0.3024491126856337,374,3.608586380323686e-05,0.013478885404765606,541377,10.640800034999847,0.1486111111111111,0.40694444444444444,0.23333333333333334,0.0625,0.1486111111111111
753,720,0.01,0.464138470787176,1.0291935960107104,396,3.3753454580518234e-05,0.013201617635786533,542097,10.654299600919087,0.19722222222222222,0.4083333333333333,0.17777777777777778,0.05,0.16666666666666666
754,720,0.01,0.3206077282848801,0.7799899679142472,419,3.646006646628545e-05,0.013369384221732616,542817,10.667374948660532,0.1638888888888889,0.3333333333333333,0.2638888888888889,0.075,0.1638888888888889
755,720,0.01,0.30279073276015356,0.6783157029668385,360,3.774800576113396e-05,0.013063991442322731,543537,10.68207304875056,0.1638888888888889,0.42083333333333334,0.21944444444444444,0.07083333333333333,0.125
756,720,0.01,0.9977722000803643,2.544057297507376,420,3.418284426920258e-05,0.013001498766243458,544257,10.696094465255737,0.1597222222222222,0.30972222222222223,0.2763888888888889,0.09444444444444444,0.1597222222222222
757,720,0.01,1.3259264650579206,4.215716468207896,442,3.5955651691842327e-05,0.012966033071279526,544977,10.711186464627584,0.24583333333333332,0.2847222222222222,0.16944444444444445,0.10277777777777777,0.19722222222222222
758,720,0.01,0.07660147202903263,0.34965833067480334,357,4.0679932974146346e-05,0.012910176999866962,545697,10.728588203589121,0.18472222222222223,0.3861111111111111,0.21666666666666667,0.09583333333333334,0.11666666666666667
759,720,0.01,0.07332219331287103,0.3176135626952532,353,3.8761865609002496e-05,0.01370200514793396,546417,10.742689283688863,0.17222222222222222,0.4041666666666667,0.18611111111111112,0.125,0.1125
760,720,0.01,0.07324712036065431,0.3155398587573812,381,3.847895014562002e-05,0.013098340481519699,547137,10.75497928460439,0.1736111111111111,0.325,0.26666666666666666,0.14027777777777778,0.09444444444444444
761,720,0.01,0.07913583812708103,0.3453252940541047,376,3.449632768908689e-05,0.013067726045846939,547857,10.783054081598918,0.14722222222222223,0.4263888888888889,0.2152777777777778,0.08888888888888889,0.12222222222222222
762,720,0.01,0.1203295064491831,0.45437972872585686,422,3.4956133987407156e-05,0.013142140582203865,548577,10.796282001336415,0.12638888888888888,0.3736111111111111,0.22083333333333333,0.10138888888888889,0.17777777777777778
763,720,0.01,0.35441288732611,0.9206484959627199,443,3.98895205118303e-05,0.013341791927814484,549297,10.809309883912404,0.18888888888888888,0.3736111111111111,0.17916666666666667,0.08888888888888889,0.16944444444444445
764,720,0.01,0.10499659951853733,0.36410235853312045,334,3.858799328276695e-05,0.014182576909661293,550017,10.82108740011851,0.1875,0.37916666666666665,0.14583333333333334,0.14027777777777778,0.14722222222222223
765,720,0.01,0.1215291344014856,0.42301681326235774,394,3.926371133502471e-05,0.01379750482738018,550737,10.835413149992625,0.16527777777777777,0.3611111111111111,0.2513888888888889,0.0763888888888889,0.14583333333333334
766,720,0.01,1.4579791438583258,4.911970204850924,437,3.722444284587962e-05,0.014141414314508438,551457,10.849820534388224,0.19722222222222222,0.30277777777777776,0.19722222222222222,0.1,0.20277777777777778
767,720,0.01,0.2251985614544219,0.6176080753549189,408,3.444127769524938e-05,0.013175567612051964,552177,10.864737983544668,0.14305555555555555,0.43333333333333335,0.20416666666666666,0.06111111111111111,0.15833333333333333
768,720,0.01,0.08500496646569548,0.3109538033818484,328,3.7796004630763494e-05,0.013248142786324024,552897,10.877561930815379,0.13194444444444445,0.4097222222222222,0.2791666666666667,0.075,0.10416666666666667
769,720,0.01,0.6334320753940179,1.4575921637651756,427,4.20455235396528e-05,0.013545653782784939,553617,10.890717848141987,0.1597222222222222,0.32916666666666666,0.21805555555555556,0.11805555555555555,0.175
770,720,0.01,0.37779889735262306,0.9161134646719065,411,3.967992528512493e-05,0.013491195626556873,554337,10.904739685853322,0.18055555555555555,0.3680555555555556,0.2263888888888889,0.043055555555555555,0.18194444444444444
771,720,0.01,1.6328475544808532,5.879854850976054,417,3.583947195567008e-05,0.012743333354592323,555057,10.935677285989126,0.18472222222222223,0.33194444444444443,0.18055555555555555,0.09166666666666666,0.2111111111111111
772,720,0.01,0.02037068490357663,0.2139392921291976,340,3.731553116873935e-05,0.01255872379988432,555777,10.951036282380421,0.10694444444444444,0.46944444444444444,0.26666666666666666,0.06805555555555555,0.08888888888888889
773,720,0.01,0.999237886687016,2.535086917310043,402,3.571832314466721e-05,0.011924685910344124,556497,10.964633019765218,0.1625,0.35138888888888886,0.23333333333333334,0.08888888888888889,0.1638888888888889
774,720,0.01,0.2740782367690366,0.6186269639795345,381,3.6903869829529865e-05,0.012614669278264046,557217,10.978555730978648,0.12638888888888888,0.3680555555555556,0.30416666666666664,0.07361111111111111,0.12777777777777777
775,720,0.01,0.6371565484738427,1.4909310306295658,420,3.732618588653875e-05,0.013105454854667187,557937,10.992756831645966,0.20833333333333334,0.29444444444444445,0.24166666666666667,0.0875,0.16805555555555557
776,720,0.01,0.13700259001027765,0.4024947148227356,374,3.79528181206802e-05,0.012833833694458008,558657,11.010382282733918,0.13472222222222222,0.3763888888888889,0.2847222222222222,0.08611111111111111,0.11805555555555555
777,720,0.01,1.4936668125022363,5.23492663549505,484,3.595761022678643e-05,0.013201761990785599,559377,11.027555835247039,0.20833333333333334,0.29305555555555557,0.14722222222222223,0.13055555555555556,0.22083333333333333
778,720,0.01,0.4640493665438857,0.9710164350023014,369,3.674076784566043e-05,0.013409345410764217,560097,11.041673282782236,0.13333333333333333,0.39305555555555555,0.2625,0.0875,0.12361111111111112
779,720,0.01,0.11440271096844136,0.41467908591689917,383,4.119239974140025e-05,0.014240186661481857,560817,11.055300684769948,0.17777777777777778,0.35694444444444445,0.22083333333333333,0.08472222222222223,0.1597222222222222
780,720,0.01,0.39850051221354155,0.8561426907735421,371,3.3492673113263055e-05,0.013844987377524376,561537,11.068875519434611,0.15138888888888888,0.35555555555555557,0.2847222222222222,0.08472222222222223,0.12361111111111112
781,720,0.01,0.0391424992473912,0.24999868491717003,340,3.865171591365248e-05,0.014284564182162285,562257,11.118009018898011,0.15833333333333333,0.4125,0.2125,0.09861111111111111,0.11805555555555555
782,720,0.01,0.08497635079900173,0.28046891514057215,299,3.5177330634420896e-05,0.014055121690034866,562977,11.13613668680191,0.07361111111111111,0.4222222222222222,0.23472222222222222,0.14305555555555555,0.12638888888888888
783,720,0.01,0.9919749810835851,2.6272507097438127,439,3.701264797023719e-05,0.014236537739634514,563697,11.151548850536347,0.18611111111111112,0.36666666666666664,0.18611111111111112,0.06527777777777778,0.19583333333333333
784,720,0.01,0.6852786223599933,1.574173784807226,405,3.919598260356199e-05,0.014036335982382298,564417,11.167766781648,0.19444444444444445,0.37777777777777777,0.19583333333333333,0.0763888888888889,0.15555555555555556
785,720,0.01,0.9561934448156687,2.520818337433639,438,3.8716839640073886e-05,0.014299375005066395,565137,11.182236603895824,0.19305555555555556,0.3875,0.16944444444444445,0.07361111111111111,0.1763888888888889
786,720,0.01,0.06360838437930967,0.2893115379259692,339,3.577816680591342e-05,0.014170384965837002,565857,11.198436685403188,0.1125,0.46944444444444444,0.19583333333333333,0.09861111111111111,0.12361111111111112
787,720,0.01,0.17684042403038752,0.43525197198430465,333,3.760400077352541e-05,0.013426646590232849,566577,11.217446565628052,0.15138888888888888,0.39166666666666666,0.23055555555555557,0.06944444444444445,0.15694444444444444
788,720,0.01,0.9571423849817302,2.461293575607431,414,3.8710800442408475e-05,0.014080534689128399,567297,11.239103098710379,0.20416666666666666,0.2833333333333333,0.2152777777777778,0.07222222222222222,0.225
789,720,0.01,0.45632602336901745,1.0448532435389808,419,4.044539106947317e-05,0.01378871500492096,568017,11.25753585100174,0.1638888888888889,0.3055555555555556,0.2,0.1486111111111111,0.18194444444444444
790,720,0.01,0.19273716150594244,0.48770871545545513,351,3.852164456551084e-05,0.013628094457089901,568737,11.275197199980418,0.14444444444444443,0.44305555555555554,0.22083333333333333,0.05277777777777778,0.1388888888888889
791,720,0.01,-0.1622147679715784,-0.004205898302625299,308,3.9114513572258144e-05,0.013978257775306702,569457,11.31118735074997,0.07916666666666666,0.37222222222222223,0.3277777777777778,0.1486111111111111,0.07222222222222222
792,720,0.01,-0.13072316433073605,0.00881546502323527,276,3.694249973717787e-05,0.013424711301922798,570177,11.338693682352702,0.07083333333333333,0.5,0.23472222222222222,0.09027777777777778,0.10416666666666667
793,720,0.01,0.6320116325023214,1.4993023489319373,429,3.5289788333001424e-05,0.013175221160054207,570897,11.361902066071828,0.18472222222222223,0.3402777777777778,0.2111111111111111,0.08611111111111111,0.17777777777777778
794,720,0.01,0.048816642289133065,0.27515360044184956,334,3.723612382171066e-05,0.013336500152945518,571617,11.383882383505503,0.09444444444444444,0.43472222222222223,0.2638888888888889,0.09583333333333334,0.1111111111111111
795,720,0.01,-0.0756342977651438,0.15877765313037484,382,4.0031613574835014e-05,0.014574462547898293,572337,11.40651916662852,0.12777777777777777,0.3333333333333333,0.22916666666666666,0.13055555555555556,0.17916666666666667
796,720,0.01,0.029292290155783485,0.3155992827653584,400,3.7142906376175236e-05,0.012735165655612946,573057,11.424207603931427,0.15416666666666667,0.3736111111111111,0.2013888888888889,0.12222222222222222,0.1486111111111111
797,720,0.01,0.03794620734872173,0.3290258195546141,412,3.866901066026508e-05,0.014019415713846684,573777,11.44397300084432,0.14027777777777778,0.33194444444444443,0.19583333333333333,0.14722222222222223,0.18472222222222223
798,720,0.01,0.7765456452450124,2.0013003514682923,476,3.5637868584596315e-05,0.013480423018336296,574497,11.458889098962148,0.22083333333333333,0.2972222222222222,0.19305555555555556,0.09305555555555556,0.19583333333333333
799,720,0.01,-0.08681132597440391,0.07378380186986111,307,3.316461097458361e-05,0.013359935954213142,575217,11.473957733313243,0.10972222222222222,0.40555555555555556,0.2777777777777778,0.13194444444444445,0.075
800,720,0.01,0.2953800199996887,0.7952243855402918,439,3.415600679975089e-05,0.013736328110098839,575937,11.48908451795578,0.18194444444444444,0.3486111111111111,0.2222222222222222,0.07916666666666666,0.16805555555555557
801,720,0.01,0.22727799864168857,0.5821394266903257,390,3.427309372151892e-05,0.013150320388376713,576657,11.515519499778748,0.13194444444444445,0.35,0.20416666666666666,0.14027777777777778,0.1736111111111111
802,720,0.01,0.735303179221216,1.7900323178395268,419,3.719897346804323e-05,0.013242718763649464,577377,11.53137565056483,0.18055555555555555,0.2652777777777778,0.24166666666666667,0.07916666666666666,0.23333333333333334
803,720,0.01,0.5661374720776499,1.3634855846473823,440,3.672754141411537e-05,0.013238047249615192,578097,11.549798520406087,0.18333333333333332,0.32083333333333336,0.20833333333333334,0.0763888888888889,0.2111111111111111
804,720,0.01,0.2242083668888247,0.5445125622608715,403,3.608260392664104e-05,0.012525099329650402,578817,11.566515485445658,0.11805555555555555,0.39166666666666666,0.24861111111111112,0.12638888888888888,0.11527777777777778
805,720,0.01,0.39369474882397765,0.8807953555210775,395,3.588108301642023e-05,0.013113191351294518,579537,11.586666969458262,0.14305555555555555,0.35833333333333334,0.24166666666666667,0.09027777777777778,0.16666666666666666
806,720,0.01,0.8207704170178257,2.020041028884464,404,3.725682364574823e-05,0.012972765602171421,580257,11.603876419862111,0.17777777777777778,0.3236111111111111,0.21805555555555556,0.08194444444444444,0.1986111111111111
807,720,0.01,0.17844098896406446,0.48466771899431516,381,3.654143669993775e-05,0.013832364231348038,580977,11.618605367342631,0.1125,0.4083333333333333,0.2361111111111111,0.08333333333333333,0.1597222222222222
808,720,0.01,-0.11225615923503723,0.053105945145974776,305,3.597606513999886e-05,0.01366383209824562,581697,11.63130376736323,0.07222222222222222,0.39305555555555555,0.20277777777777778,0.1763888888888889,0.15555555555555556
809,720,0.01,0.08829670721738887,0.3927729768021542,413,3.566418225141711e-05,0.013026351109147072,582417,11.645078818003336,0.14444444444444443,0.3736111111111111,0.20972222222222223,0.12361111111111112,0.1486111111111111
810,720,0.01,0.8384273006369781,2.0892467798750287,440,3.7687244865638705e-05,0.013900084421038628,583137,11.66083285411199,0.20416666666666666,0.3458333333333333,0.1875,0.08333333333333333,0.17916666666666667
811,720,0.01,1.4511490923438564,4.857067737980207,433,3.923818408490358e-05,0.013619869947433472,583857,11.689916781584422,0.23333333333333334,0.2388888888888889,0.21944444444444444,0.10277777777777777,0.20555555555555555
812,720,0.01,1.0570373289878048,2.8134615843888957,422,3.4887721289401775e-05,0.01341385766863823,584577,11.705079849561056,0.17777777777777778,0.32916666666666666,0.18888888888888888,0.12222222222222222,0.18194444444444444
813,720,0.01,0.3754748580489546,0.8468377607943363,373,3.680831767193619e-05,0.013569628819823265,585297,11.719172449906667,0.18888888888888888,0.3972222222222222,0.18194444444444444,0.06944444444444445,0.1625
814,720,0.01,0.47694876966731975,1.0605002016623506,397,3.785008407122506e-05,0.0137314572930336,586017,11.732256333033243,0.1527777777777778,0.35694444444444445,0.24583333333333332,0.07222222222222222,0.17222222222222222
815,720,0.01,0.035646583465337646,0.3042740252170577,391,3.5304482491937963e-05,0.013518640771508217,586737,11.747470835844675,0.12777777777777777,0.32916666666666666,0.2638888888888889,0.08333333333333333,0.19583333333333333
816,720,0.01,0.9885027788061382,2.682171938668912,439,3.950971698082463e-05,0.013697808608412743,587457,11.764946683247883,0.2152777777777778,0.3875,0.1388888888888889,0.08055555555555556,0.17777777777777778
817,720,0.01,0.1313326057327862,0.43524075080111824,361,4.124992049886108e-05,0.012869776226580143,588177,11.780596752961477,0.16111111111111112,0.39166666666666666,0.22083333333333333,0.05555555555555555,0.17083333333333334
818,720,0.01,0.1394698608138482,0.4186700678426656,354,4.0196376470349706e-05,0.013261412270367146,588897,11.794523485501607,0.12638888888888888,0.4083333333333333,0.26805555555555555,0.05555555555555555,0.14166666666666666
819,720,0.01,0.4208800828466449,1.0195608420402062,432,3.9609165450353125e-05,0.013742957264184952,589617,11.80916918516159,0.2,0.3902777777777778,0.17777777777777778,0.059722222222222225,0.17222222222222222
820,720,0.01,0.15817509816794698,0.43286379885140924,347,3.805335098705756e-05,0.013573728501796722,590337,11.822265597184499,0.12222222222222222,0.42083333333333334,0.1763888888888889,0.14583333333333334,0.13472222222222222
821,720,0.01,0.7050154009249966,1.6287682774737227,412,3.670819294951697e-05,0.01450016163289547,591057,11.848427784442901,0.16111111111111112,0.3638888888888889,0.20972222222222223,0.06805555555555555,0.19722222222222222
822,720,0.01,0.9946264018538069,2.597094376231801,428,3.877511649079679e-05,0.0139644555747509,591777,11.86363566716512,0.16111111111111112,0.3125,0.20833333333333334,0.08888888888888889,0.22916666666666666
823,720,0.01,-0.003264709146950012,0.21863976602935908,361,3.49076895102169e-05,0.013568487018346786,592497,11.878373551368714,0.13472222222222222,0.44166666666666665,0.22777777777777777,0.07916666666666666,0.11666666666666667
824,720,0.01,0.15040014871175025,0.4034032065982196,321,3.4738989549825624e-05,0.013582627288997173,593217,11.893966468175252,0.18472222222222223,0.3527777777777778,0.2111111111111111,0.125,0.12638888888888888
825,720,0.01,0.40737231854575273,0.9124254748215821,391,3.827970117653321e-05,0.01369547750800848,593937,11.909908219178517,0.15138888888888888,0.34444444444444444,0.2375,0.08611111111111111,0.18055555555555555
826,720,0.01,-0.002649477094892199,0.22918398563304132,363,3.9066095316937e-05,0.013383676297962666,594657,11.924502499898274,0.18611111111111112,0.30694444444444446,0.25277777777777777,0.12777777777777777,0.12638888888888888
827,720,0.01,0.08315358206758233,0.3500661376032945,376,3.47203191520546e-05,0.013784131035208702,595377,11.940307064851124,0.11805555555555555,0.3736111111111111,0.2902777777777778,0.10277777777777777,0.11527777777777778
828,720,0.01,0.7640539758963437,1.8068250690471244,425,3.606997524533047e-05,0.013357242569327354,596097,11.954081753889719,0.1625,0.3875,0.20694444444444443,0.08611111111111111,0.15694444444444444
829,720,0.01,0.6487767776868699,1.5466449263157447,436,3.601133576517491e-05,0.013583519496023655,596817,11.96864775021871,0.1638888888888889,0.3875,0.16805555555555557,0.0875,0.19305555555555556
830,720,0.01,0.1086867439719005,0.34673984741981956,326,3.45555333789586e-05,0.014065287075936794,597537,11.98393428325653,0.16111111111111112,0.46805555555555556,0.21805555555555556,0.04861111111111111,0.10416666666666667
831,720,0.01,0.7890047173501217,1.961674202375324,444,3.7107182173359537e-05,0.013518905267119408,598257,12.010306334495544,0.16666666666666666,0.3333333333333333,0.20972222222222223,0.07083333333333333,0.21944444444444444
832,720,0.01,0.489577607268141,1.1936736567138664,461,3.79068009642146e-05,0.013716907240450382,598977,12.026312418778737,0.20555555555555555,0.30833333333333335,0.22361111111111112,0.1,0.1625
833,720,0.01,0.012043968261814461,0.2392966094943878,342,4.0445642063483926e-05,0.013956272974610329,599697,12.039330899715424,0.18611111111111112,0.36944444444444446,0.2111111111111111,0.08611111111111111,0.14722222222222223
834,720,0.01,-0.1409869728993335,0.0465646382280398,344,3.649309176757419e-05,0.013746178708970547,600417,12.054774169127146,0.16805555555555557,0.41805555555555557,0.2361111111111111,0.08611111111111111,0.09166666666666666
835,720,0.01,-0.009929599415359164,0.22179415901714927,385,3.8813440652221386e-05,0.01461334154009819,601137,12.07220309972763,0.14166666666666666,0.37916666666666665,0.25555555555555554,0.08888888888888889,0.13472222222222222
836,720,0.01,0.5809828498342282,1.3643020209776728,453,3.7034842932825995e-05,0.01434036809951067,601857,12.087335666020712,0.15694444444444444,0.3277777777777778,0.20972222222222223,0.09583333333333334,0.20972222222222223
837,720,0.01,1.4908914703206837,4.984312550378791,408,3.8528045197633926e-05,0.014369888231158257,602577,12.102197619279226,0.23055555555555557,0.2902777777777778,0.175,0.09305555555555556,0.2111111111111111
838,720,0.01,0.05220643200807132,0.2544615441224234,324,3.6409676599507496e-05,0.014996862038969994,603297,12.11666145324707,0.14027777777777778,0.45694444444444443,0.21805555555555556,0.09305555555555556,0.09166666666666666
839,720,0.01,1.0095823605489092,2.749349508549788,437,4.018095143515489e-05,0.01505747064948082,604017,12.130781217416127,0.17777777777777778,0.25972222222222224,0.2,0.10138888888888889,0.2611111111111111
840,720,0.01,0.12933158095112204,0.4096360929195684,363,3.979888176041237e-05,0.014990204945206642,604737,12.14599976936976,0.1875,0.38472222222222224,0.20277777777777778,0.08055555555555556,0.14444444444444443
841,720,0.01,0.1503623565932981,0.4558826610566016,366,3.5019452395267255e-05,0.014459905214607716,605457,12.172492718696594,0.23333333333333334,0.36944444444444446,0.16805555555555557,0.09027777777777778,0.1388888888888889
842,720,0.01,0.5151991743768738,1.1802709855564877,406,3.860643072357561e-05,0.014090160839259624,606177,12.187815268834433,0.19583333333333333,0.3638888888888889,0.17916666666666667,0.06388888888888888,0.19722222222222222
843,720,0.01,0.11051358786552866,0.385780595685302,388,3.696532780092336e-05,0.01414724625647068,606897,12.203001582622528,0.1597222222222222,0.36666666666666664,0.24027777777777778,0.09583333333333334,0.1375
844,720,0.01,0.46977333764216983,1.1070172834128775,405,3.6142661633675745e-05,0.015435174107551575,607617,12.218789450327556,0.2111111111111111,0.3236111111111111,0.17222222222222222,0.07777777777777778,0.2152777777777778
845,720,0.01,-0.051903517662824576,0.18009681572584646,375,3.805131604445301e-05,0.014976476319134235,608337,12.232362786928812,0.16944444444444445,0.3736111111111111,0.17222222222222222,0.07083333333333333,0.21388888888888888
846,720,0.01,0.2848002256178219,0.6434541658822865,341,3.974505277963342e-05,0.013881128281354904,609057,12.248132467269897,0.13055555555555556,0.41388888888888886,0.2361111111111111,0.05277777777777778,0.16666666666666666
847,720,0.01,0.8117959375014306,2.0118241873534743,441,3.7910573303179264e-05,0.014086171984672546,609777,12.263186915715535,0.18611111111111112,0.35833333333333334,0.1763888888888889,0.08055555555555556,0.1986111111111111
848,720,0.01,0.9035641205969375,2.3469989904370063,429,3.784340041950903e-05,0.013481467962265015,610497,12.278101269404093,0.20555555555555555,0.35,0.16527777777777777,0.08333333333333333,0.19583333333333333
849,720,0.01,0.8411001239562951,2.180696264595027,434,3.547231677885066e-05,0.013150548562407494,611217,12.299991583824157,0.21666666666666667,0.3375,0.15416666666666667,0.06944444444444445,0.2222222222222222
850,720,0.01,0.4756357333701359,1.2498999158220983,468,3.722340746763722e-05,0.013456195592880249,611937,12.31828354994456,0.20555555555555555,0.29305555555555557,0.1763888888888889,0.1,0.225
851,720,0.01,0.020724403364980073,0.24666801382368275,352,3.8202857516959436e-05,0.013574814423918724,612657,12.347585264841715,0.11944444444444445,0.4527777777777778,0.20277777777777778,0.07777777777777778,0.14722222222222223
852,720,0.01,-0.031483379450791646,0.23802407473714537,400,3.6705533016680017e-05,0.013190928846597672,613377,12.361912135283152,0.22083333333333333,0.39166666666666666,0.20694444444444443,0.044444444444444446,0.1361111111111111
853,720,0.01,1.5477784201368359,5.29671721204851,416,3.672299904009277e-05,0.013447982259094715,614097,12.377627484003703,0.2125,0.32222222222222224,0.16666666666666666,0.09444444444444444,0.20416666666666666
854,720,0.01,0.22145491188912345,0.5757083416254465,359,3.8589803500599375e-05,0.013594218529760838,614817,12.39166291554769,0.1736111111111111,0.375,0.1486111111111111,0.0763888888888889,0.2263888888888889
855,720,0.01,0.08192325119411169,0.34067504386427006,355,3.4172919905965195e-05,0.01369470451027155,615537,12.406402850151062,0.2013888888888889,0.4097222222222222,0.20416666666666666,0.0625,0.12222222222222222
856,720,0.01,0.2575652273865762,0.612144414751526,371,3.562371262862346e-05,0.013667766004800797,616257,12.421131467819214,0.12222222222222222,0.37222222222222223,0.23333333333333334,0.10138888888888889,0.17083333333333334
857,720,0.01,-0.04731055223031161,0.17843754631159126,363,3.7733706575535405e-05,0.013749242760241032,616977,12.435326250394185,0.18888888888888888,0.36666666666666664,0.23194444444444445,0.08888888888888889,0.12361111111111112
858,720,0.01,-0.16592117965415473,0.005594410942968198,330,3.802696551626165e-05,0.013431902043521404,617697,12.450474270184834,0.12916666666666668,0.45555555555555555,0.2263888888888889,0.07361111111111111,0.11527777777777778
859,720,0.01,0.1324926354930257,0.42974003707881914,377,3.373660755793632e-05,0.013189379125833511,618417,12.464840698242188,0.13055555555555556,0.38333333333333336,0.2791666666666667,0.08333333333333333,0.12361111111111112
860,720,0.01,0.8877807872595136,2.1543447469985346,395,3.5263126713718725e-05,0.013517911545932293,619137,12.479909682273865,0.18888888888888888,0.37916666666666665,0.16527777777777777,0.07361111111111111,0.19305555555555556
861,720,0.01,-0.15611686000284752,0.016518079539196373,313,3.4006395439215945e-05,0.013464479707181454,619857,12.508202950159708,0.1527777777777778,0.4888888888888889,0.20972222222222223,0.06805555555555555,0.08055555555555556
862,720,0.01,-0.0617735854149163,0.14880975941137553,366,3.5258512607722674e-05,0.014053951017558575,620577,12.524665947755178,0.11805555555555555,0.4305555555555556,0.24583333333333332,0.10555555555555556,0.1
863,720,0.01,0.19371362555167565,0.6019371658349095,418,3.7585690237544137e-05,0.0142299709841609,621297,12.539732333024343,0.25833333333333336,0.2972222222222222,0.19166666666666668,0.07777777777777778,0.175
864,720,0.01,0.590417034265777,1.409494644091109,418,3.824508539448996e-05,0.014995366334915161,622017,12.554252099990844,0.24722222222222223,0.3902777777777778,0.1375,0.058333333333333334,0.16666666666666666
865,720,0.01,0.20280730469227648,0.4960185881249093,342,3.3487039524970895e-05,0.014252649620175362,622737,12.570587833722433,0.18194444444444444,0.4513888888888889,0.1986111111111111,0.075,0.09305555555555556
866,720,0.01,0.4558738280829485,1.0175296714312716,388,3.283984945028351e-05,0.013873905874788761,623457,12.583918702602386,0.275,0.36527777777777776,0.15694444444444444,0.06388888888888888,0.1388888888888889
867,720,0.01,-0.005513325720335914,0.20199980547632768,329,3.4800618866231365e-05,0.013689863495528698,624177,12.596288549900056,0.16527777777777777,0.41944444444444445,0.20277777777777778,0.075,0.1375
868,720,0.01,-0.06839880937217714,0.08773895722802938,290,3.392245826413879e-05,0.014386388473212719,624897,12.611942931016285,0.1361111111111111,0.4486111111111111,0.24583333333333332,0.0763888888888889,0.09305555555555556
869,720,0.01,0.6250592240718008,1.4757892252334743,455,3.324680199057184e-05,0.014460224658250809,625617,12.626911715666454,0.15,0.3763888888888889,0.21944444444444444,0.09861111111111111,0.15555555555555556
870,720,0.01,0.24820156675115604,0.652768179556013,420,3.494185132619047e-05,0.014412513002753258,626337,12.642998484770457,0.15416666666666667,0.3972222222222222,0.18888888888888888,0.09027777777777778,0.16944444444444445
871,720,0.01,0.605006275766855,1.4381907680607489,413,4.0105283582963444e-05,0.014290308579802513,627057,12.671183935801189,0.1597222222222222,0.37083333333333335,0.15138888888888888,0.1,0.21805555555555556
872,720,0.01,0.08787949447258858,0.4139390960871341,405,3.627248355794816e-05,0.0146555220708251,627777,12.686080503463746,0.19027777777777777,0.4305555555555556,0.15694444444444444,0.0875,0.13472222222222222
873,720,0.01,0.6193587582188543,1.5937605130658268,464,4.045373746571891e-05,0.01490117609500885,628497,12.701274565855663,0.20694444444444443,0.2902777777777778,0.16666666666666666,0.09305555555555556,0.24305555555555555
874,720,0.01,0.038590400940987216,0.2502460862536722,328,3.7890625263672616e-05,0.014432056806981564,629217,12.716701984405518,0.16111111111111112,0.4305555555555556,0.2013888888888889,0.07361111111111111,0.13333333333333333
875,720,0.01,0.23783083258347779,0.6267445881216833,407,3.6250026408879424e-05,0.01356144342571497,629937,12.733360469341278,0.19305555555555556,0.4222222222222222,0.18194444444444444,0.06388888888888888,0.1388888888888889
876,720,0.01,0.0031588202466305178,0.19143542565499683,339,3.577386417658898e-05,0.013369260355830193,630657,12.74854608376821,0.12361111111111112,0.4361111111111111,0.22916666666666666,0.12222222222222222,0.08888888888888889
877,720,0.01,0.3783969034015056,0.8499283403637594,382,3.51497218540923e-05,0.013048673048615456,631377,12.764690383275349,0.16666666666666666,0.3861111111111111,0.19444444444444445,0.06944444444444445,0.18333333333333332
878,720,0.01,0.2550546508774377,0.6291438816823316,376,3.386130971800109e-05,0.013487330637872219,632097,12.780445849895477,0.1527777777777778,0.40694444444444444,0.20416666666666666,0.06111111111111111,0.175
879,720,0.01,0.9063399373016952,2.3563025526634065,457,3.5675787849716774e-05,0.013186794705688953,632817,12.795815400282542,0.19027777777777777,0.30694444444444446,0.20833333333333334,0.10277777777777777,0.19166666666666668
880,720,0.01,0.10022133092810591,0.35489143713744764,371,3.4826653528499365e-05,0.013445863500237465,633537,12.809799734751383,0.1388888888888889,0.4125,0.2111111111111111,0.10694444444444444,0.13055555555555556
881,720,0.01,-0.07992044787571663,0.10084663519903603,314,3.689430721528374e-05,0.014043644070625305,634257,12.835734216372172,0.09583333333333334,0.39166666666666666,0.31527777777777777,0.08888888888888889,0.10833333333333334
882,720,0.01,0.2365266606058057,0.5620931123272896,377,3.524028621705434e-05,0.013879906386137009,634977,12.851979180177052,0.11388888888888889,0.3861111111111111,0.26805555555555555,0.09166666666666666,0.14027777777777778
883,720,0.01,0.45889498900914977,0.8981789686202806,325,3.3952191502824763e-05,0.012829789891839027,635697,12.86813395023346,0.11805555555555555,0.4111111111111111,0.24444444444444444,0.08333333333333333,0.14305555555555555
884,720,0.01,0.38114569405677595,0.8287738117685202,370,3.5422204866285436e-05,0.013171058148145676,636417,12.882860736052196,0.14722222222222223,0.3625,0.24722222222222223,0.07916666666666666,0.1638888888888889
885,720,0.01,0.07636724947062218,0.34026485775224113,381,3.5937802743370005e-05,0.013600138947367668,637137,12.897158201535543,0.10972222222222222,0.4375,0.24027777777777778,0.08055555555555556,0.13194444444444445
886,720,0.01,1.4926610041378578,5.00841510511312,422,3.6985938863962376e-05,0.01447029784321785,637857,12.912321984767914,0.19722222222222222,0.2861111111111111,0.19027777777777777,0.07916666666666666,0.24722222222222223
887,720,0.01,0.8916312153057385,2.2208046360304174,422,3.389485238219297e-05,0.01430058665573597,638577,12.930208218097686,0.15694444444444444,0.3680555555555556,0.21388888888888888,0.08194444444444444,0.17916666666666667
888,720,0.01,0.7432848152280126,1.8973160696297175,466,3.477453771488904e-05,0.013565154746174812,639297,12.94572703440984,0.17777777777777778,0.3388888888888889,0.15138888888888888,0.10138888888888889,0.23055555555555557
889,720,0.01,0.16088684276397655,0.4392711545257031,364,3.439516086195403e-05,0.013778737746179104,640017,12.95960606733958,0.09305555555555556,0.40555555555555556,0.25277777777777777,0.12777777777777777,0.12083333333333333
890,720,0.01,0.6734613345234268,1.633230276475519,440,3.260048879888523e-05,0.013711456209421158,640737,12.97471351623535,0.16666666666666666,0.4083333333333333,0.16527777777777777,0.07222222222222222,0.1875
891,720,0.01,0.7047528448525275,1.7271383741877986,418,3.73762058807693e-05,0.014054369181394577,641457,13.003003581364949,0.18055555555555555,0.325,0.12777777777777777,0.1597222222222222,0.20694444444444443
892,720,0.01,0.8724844027672096,2.2771836254510904,469,3.690590083856983e-05,0.014281888492405415,642177,13.017052018642426,0.16666666666666666,0.35833333333333334,0.15694444444444444,0.09166666666666666,0.2263888888888889
893,720,0.01,-0.1341792898078566,0.1301164835420312,426,3.9536947778944725e-05,0.01463167741894722,642897,13.032361817359924,0.14027777777777778,0.42083333333333334,0.16111111111111112,0.11944444444444445,0.15833333333333333
894,720,0.01,-0.12630742357860805,0.10759674820938003,383,3.8105025210042084e-05,0.014630969613790512,643617,13.046492751439413,0.11388888888888889,0.4375,0.2013888888888889,0.1,0.14722222222222223
895,720,0.01,1.0146157157497073,2.7401125918637543,462,3.726825819967416e-05,0.013746057637035847,644337,13.059013617038726,0.18194444444444444,0.3736111111111111,0.16805555555555557,0.08888888888888889,0.1875
896,720,0.01,1.0976368665474145,2.999370071316569,456,3.457300030681331e-05,0.014329899102449417,645057,13.074335332711538,0.1638888888888889,0.3819444444444444,0.19027777777777777,0.0875,0.1763888888888889
897,720,0.01,0.8802499432986107,2.0640879117728432,399,3.73258708426268e-05,0.014032246544957161,645777,13.089690399169921,0.10555555555555556,0.5208333333333334,0.14027777777777778,0.08055555555555556,0.1527777777777778
898,720,0.01,0.412159153815645,0.8982058561484931,378,3.779162153389532e-05,0.013580992817878723,646497,13.105057966709136,0.19444444444444445,0.37222222222222223,0.17777777777777778,0.09583333333333334,0.1597222222222222
899,720,0.01,1.0890873743998974,3.0850639147692043,449,3.534373251265303e-05,0.013768482953310013,647217,13.11953688065211,0.16111111111111112,0.36666666666666664,0.1638888888888889,0.08888888888888889,0.21944444444444444
900,720,0.01,0.09461630586240906,0.3581402570362966,362,3.625558831319924e-05,0.012951657176017761,647937,13.135059948762258,0.11805555555555555,0.4708333333333333,0.14722222222222223,0.11388888888888889,0.15
901,720,0.01,0.3626988475672185,0.8279568131606165,365,3.558164491121513e-05,0.013535981997847557,648657,13.1626460313797,0.1375,0.4583333333333333,0.13333333333333333,0.10277777777777777,0.16805555555555557
902,720,0.01,0.397009156673174,0.8340179418143066,374,3.3545438552411926e-05,0.013576994650065899,649377,13.177811082204183,0.07916666666666666,0.45555555555555555,0.19027777777777777,0.1375,0.1375
903,720,0.01,0.7743718419827689,1.8423234729861981,415,3.6701557428386876e-05,0.013232314959168434,650097,13.1933771332105,0.13194444444444445,0.44305555555555554,0.15833333333333333,0.0625,0.20416666666666666
904,720,0.01,0.26470333114842415,0.6548383513334672,387,3.754852577534014e-05,0.012283367104828358,650817,13.207622202237447,0.11666666666666667,0.4930555555555556,0.1597222222222222,0.075,0.15555555555555556
905,720,0.01,0.516786912909532,1.0488669087671307,336,3.557521370996458e-05,0.013522272929549217,651537,13.222305683294932,0.13194444444444445,0.5097222222222222,0.18611111111111112,0.06111111111111111,0.1111111111111111
906,720,0.01,-0.15155657121703814,-0.023769518350694407,251,3.827504459776618e-05,0.012945836409926414,652257,13.236730436484018,0.06388888888888888,0.5430555555555555,0.23472222222222222,0.07777777777777778,0.08055555555555556
907,720,0.01,0.7036537705442655,1.6212564674450327,408,3.5793249230664516e-05,0.013155832886695862,652977,13.252896269162497,0.19305555555555556,0.4486111111111111,0.16111111111111112,0.07083333333333333,0.12638888888888888
908,720,0.01,0.19837942996938238,0.5587425366562708,385,3.603246034850195e-05,0.013162455521523952,653697,13.269095981121064,0.1486111111111111,0.4361111111111111,0.15833333333333333,0.10694444444444444,0.15
909,720,0.01,0.5484665941899803,1.158614529112484,342,3.598559821082543e-05,0.013464713469147682,654417,13.286298497517903,0.13194444444444445,0.4388888888888889,0.1597222222222222,0.11805555555555555,0.15138888888888888
910,720,0.01,0.5742431319254159,1.3449008790086547,412,3.400229466150348e-05,0.013496377505362034,655137,13.299647970994313,0.1986111111111111,0.42916666666666664,0.11805555555555555,0.09444444444444444,0.1597222222222222
911,720,0.01,0.8219042952503457,1.9754768005560601,395,3.5804984846284546e-05,0.013778937980532646,655857,13.327770535151164,0.16666666666666666,0.4236111111111111,0.16111111111111112,0.06666666666666667,0.18194444444444444
912,720,0.01,-0.03424711614042857,0.219880476494823,398,4.0679751383423635e-05,0.013525880873203278,656577,13.344557364781698,0.1486111111111111,0.4791666666666667,0.15,0.09305555555555556,0.12916666666666668
913,720,0.01,0.4974083770692585,1.1274165942821712,390,3.909389805711625e-05,0.013587739318609238,657297,13.359310964743296,0.15416666666666667,0.43333333333333335,0.16805555555555557,0.07083333333333333,0.1736111111111111
914,720,0.01,1.0630988824726488,2.8713329624243893,424,3.816539222675096e-05,0.013925815001130104,658017,13.374734397729238,0.15555555555555556,0.4583333333333333,0.11527777777777778,0.09027777777777778,0.18055555555555555
915,720,0.01,-0.11040637511050198,0.03364730982632902,285,3.8212984406982287e-05,0.013960035517811775,658737,13.390648667017619,0.08333333333333333,0.5069444444444444,0.2708333333333333,0.05416666666666667,0.08472222222222223
916,720,0.01,0.03462477976296707,0.29774063551879704,374,3.779452380033238e-05,0.014263330958783627,659457,13.406599601109823,0.12083333333333333,0.48055555555555557,0.15833333333333333,0.1125,0.12777777777777777
917,720,0.01,0.34472185817368983,0.7980843679587653,374,3.4189767776145646e-05,0.013912479393184185,660177,13.42295346657435,0.15,0.46944444444444444,0.17083333333333334,0.058333333333333334,0.15138888888888888
918,720,0.01,0.25867279680190125,0.6187800286352259,360,3.459116715652676e-05,0.013022826053202152,660897,13.439672617117564,0.1527777777777778,0.4444444444444444,0.16805555555555557,0.09027777777777778,0.14444444444444443
919,720,0.01,0.4661604593782661,1.075932518795701,400,3.505433944989515e-05,0.013950511813163757,661617,13.455053548018137,0.16805555555555557,0.4708333333333333,0.125,0.08333333333333333,0.1527777777777778
920,720,0.01,0.19128778734001564,0.5250661517877095,376,3.695681133422113e-05,0.013804299756884575,662337,13.469296101729075,0.11805555555555555,0.44305555555555554,0.12777777777777777,0.15555555555555556,0.15555555555555556
921,720,0.01,0.13259597809340662,0.4511349553572668,388,3.907088305178756e-05,0.014407400041818619,663057,13.499642916520436,0.17916666666666667,0.4027777777777778,0.1625,0.1,0.15555555555555556
922,720,0.01,0.581195678291656,1.2371342145941648,365,3.421584267723827e-05,0.013759549707174301,663777,13.51717393398285,0.13055555555555556,0.4513888888888889,0.17083333333333334,0.08194444444444444,0.16527777777777777
923,720,0.01,0.14951837189470235,0.4362253278984609,383,3.527104242001163e-05,0.01323961652815342,664497,13.53341981569926,0.09722222222222222,0.4888888888888889,0.20416666666666666,0.0875,0.12222222222222222
924,720,0.01,-0.0585866105509432,0.15017417732397065,347,3.172917008163899e-05,0.013422751799225807,665217,13.549039483070374,0.13333333333333333,0.4361111111111111,0.20277777777777778,0.10694444444444444,0.12083333333333333
925,720,0.01,0.5115664996408198,1.2090587054031263,441,3.365029725980801e-05,0.013162301853299141,665937,13.563196587562562,0.13472222222222222,0.36666666666666664,0.2,0.1,0.1986111111111111
926,720,0.01,-0.02908611421783032,0.16697378069608027,340,3.5836331990897935e-05,0.013262040913105011,666657,13.580196849505107,0.11944444444444445,0.4527777777777778,0.1638888888888889,0.1388888888888889,0.125
927,720,0.01,0.49368571634006275,1.1312010975174145,404,3.578388924299563e-05,0.01384211890399456,667377,13.594778450330098,0.19722222222222222,0.38055555555555554,0.15694444444444444,0.09027777777777778,0.175
928,720,0.01,0.5249430930479165,1.2193028012052642,404,3.6601798135254486e-05,0.01402635034173727,668097,13.60942910114924,0.14305555555555555,0.37777777777777777,0.16944444444444445,0.0875,0.2222222222222222
929,720,0.01,0.38966908356378616,0.9235435492130779,429,3.754631918582163e-05,0.014974486082792282,668817,13.623896948496501,0.16805555555555557,0.4041666666666667,0.20694444444444443,0.07083333333333333,0.15
930,720,0.01,0.2776721846751116,0.6915955308983583,379,3.794512653156643e-05,0.014739906415343285,669537,13.636972482999166,0.14722222222222223,0.41805555555555557,0.21666666666666667,0.075,0.14305555555555555
931,720,0.01,0.04836137235259147,0.2650496524434083,329,3.828527942080958e-05,0.014923762530088425,670257,13.665078866481782,0.11805555555555555,0.5041666666666667,0.1763888888888889,0.08888888888888889,0.1125
932,720,0.01,0.6720383564697878,1.5845162586646548,435,3.6308792294271875e-05,0.014781298115849495,670977,13.679770700136821,0.15,0.37777777777777777,0.19583333333333333,0.10416666666666667,0.17222222222222222
933,720,0.01,0.036435087153607,0.2591477297696201,334,3.837354940338224e-05,0.013272726908326149,671697,13.692632484436036,0.16111111111111112,0.35138888888888886,0.30416666666666664,0.058333333333333334,0.125
934,720,0.01,0.5739190342482312,1.3377034930649607,425,3.6586326041287974e-05,0.014119930565357208,672417,13.70789483388265,0.1763888888888889,0.38472222222222224,0.17777777777777778,0.11944444444444445,0.14166666666666666
935,720,0.01,0.520823554292814,1.1789073908298247,398,3.6710014746353816e-05,0.013925045728683472,673137,13.723684982458751,0.1875,0.45,0.1361111111111111,0.08333333333333333,0.14305555555555555
936,720,0.01,0.47295276881375176,1.0278026508988645,366,3.502346933777921e-05,0.013380447402596474,673857,13.738585118452708,0.1736111111111111,0.48333333333333334,0.14583333333333334,0.07222222222222222,0.125
937,720,0.01,0.26502854744301424,0.644651565413173,368,3.492640109167648e-05,0.014226950705051422,674577,13.752281852563222,0.1527777777777778,0.4847222222222222,0.1638888888888889,0.06111111111111111,0.1375
938,720,0.01,0.5770511924695969,1.3107015794501202,403,3.7251639450156894e-05,0.01468057744204998,675297,13.768416118621825,0.14444444444444443,0.46805555555555556,0.16527777777777777,0.06527777777777778,0.15694444444444444
939,720,0.01,0.20641999263449046,0.4909596792113726,319,3.8178602087807826e-05,0.01480465941131115,676017,13.787314784526824,0.11944444444444445,0.5652777777777778,0.1625,0.05694444444444444,0.09583333333333334
940,720,0.01,1.00888616103516,2.670713880637332,448,3.948060989639796e-05,0.01438147947192192,676737,13.80059620141983,0.1638888888888889,0.3680555555555556,0.19444444444444445,0.10277777777777777,0.17083333333333334
941,720,0.01,0.2673271848100173,0.6455541302854291,361,3.829140045026078e-05,0.01481371745467186,677457,13.827519969145458,0.1597222222222222,0.42916666666666664,0.16944444444444445,0.09583333333333334,0.14583333333333334
942,720,0.01,0.3222564663584183,0.7070324717950605,360,3.753451527220224e-05,0.014693358913064003,678177,13.842594516277313,0.12777777777777777,0.4,0.2375,0.05555555555555555,0.17916666666666667
943,720,0.01,0.5009180362553398,1.0936690146129915,374,3.511970749059401e-05,0.014450269751250744,678897,13.861877616246542,0.13055555555555556,0.5111111111111111,0.13194444444444445,0.0763888888888889,0.15
944,720,0.01,0.09260399489257555,0.3338960152834509,338,3.5139620202547424e-05,0.014159874059259892,679617,13.879167366027833,0.12777777777777777,0.47638888888888886,0.19027777777777777,0.075,0.13055555555555556
945,720,0.01,0.6075864266642471,1.3740240498736678,392,3.817073794228539e-05,0.014463644474744797,680337,13.895059529940287,0.18888888888888888,0.4236111111111111,0.1388888888888889,0.06805555555555555,0.18055555555555555
946,720,0.01,0.17000231790119774,0.46814884470200946,372,3.605198117371502e-05,0.014271585270762444,681057,13.90990263223648,0.1638888888888889,0.46111111111111114,0.1763888888888889,0.10416666666666667,0.09444444444444444
947,720,0.01,0.8724581907476887,2.1977843863911084,448,3.6771171591630666e-05,0.014562021009624004,681777,13.925690984725952,0.1763888888888889,0.39444444444444443,0.16666666666666666,0.0875,0.175
948,720,0.01,0.06461458407168452,0.28449363724999555,324,3.688871140512775e-05,0.014614861458539963,682497,13.940212349096933,0.12361111111111112,0.48194444444444445,0.11805555555555555,0.14305555555555555,0.13333333333333333
949,720,0.01,1.0801879157816785,3.0095856860024144,458,3.525673066191201e-05,0.014640260487794876,683217,13.955688416957855,0.16944444444444445,0.3958333333333333,0.1486111111111111,0.09583333333333334,0.19027777777777777
950,720,0.01,1.4816677362400057,4.933817320891711,426,3.607787037746372e-05,0.013814743608236313,683937,13.969678115844726,0.18194444444444444,0.3402777777777778,0.16805555555555557,0.07777777777777778,0.23194444444444445
951,720,0.01,-0.03159587304303476,0.20069928786795943,371,3.68637499699768e-05,0.013898174278438091,684657,13.999160667260488,0.13055555555555556,0.49583333333333335,0.18194444444444444,0.09305555555555556,0.09861111111111111
952,720,0.01,1.092967301713279,2.9837249620660016,427,3.6990436332315666e-05,0.014018894173204899,685377,14.012041064103444,0.14305555555555555,0.44305555555555554,0.1388888888888889,0.07222222222222222,0.20277777777777778
953,720,0.01,1.4969673910651338,5.025300725427486,415,3.742748748941772e-05,0.01420257892459631,686097,14.026649284362794,0.19583333333333333,0.4222222222222222,0.11527777777777778,0.0763888888888889,0.19027777777777777
954,720,0.01,1.0184448954462568,2.707822938857313,423,3.921785368624518e-05,0.014502224512398243,686817,14.041580585638682,0.1763888888888889,0.42916666666666664,0.12916666666666668,0.07222222222222222,0.19305555555555556
955,720,0.01,0.00152153586237448,0.20114051652974796,333,3.592634695779553e-05,0.013760445639491081,687537,14.055863666534425,0.13055555555555556,0.43472222222222223,0.22916666666666666,0.12777777777777777,0.07777777777777778
956,720,0.01,1.2564973195573468,3.676253801218209,412,3.497933480755617e-05,0.013664470985531807,688257,14.0700630346934,0.20555555555555555,0.38055555555555554,0.16666666666666666,0.06805555555555555,0.17916666666666667
957,720,0.01,-0.004503664195218523,0.20471898925040888,340,3.5562475716233166e-05,0.014800206758081913,688977,14.08408883412679,0.175,0.4583333333333333,0.21666666666666667,0.05555555555555555,0.09444444444444444
958,720,0.01,0.4329553677593732,0.9279463475354588,352,3.5619426354413816e-05,0.01426547858864069,689697,14.099145166079204,0.1638888888888889,0.4722222222222222,0.12638888888888888,0.1,0.1375
959,720,0.01,0.347619377882052,0.749568835530414,331,3.591993061099351e-05,0.014684480614960194,690417,14.115611366430919,0.14305555555555555,0.5777777777777777,0.09166666666666666,0.058333333333333334,0.12916666666666668
960,720,0.01,0.20869994789030039,0.5588524598149296,382,3.469007232360531e-05,0.013817999511957169,691137,14.129926852385204,0.18611111111111112,0.4388888888888889,0.10555555555555556,0.1361111111111111,0.13333333333333333
961,720,0.01,0.02915613509832843,0.2200674390147328,309,3.4945491092407284e-05,0.014632629230618477,691857,14.163749881585439,0.10555555555555556,0.5208333333333334,0.18333333333333332,0.06944444444444445,0.12083333333333333
962,720,0.01,0.20295630728425704,0.5139260463415143,337,3.782558036770449e-05,0.014425243251025677,692577,14.177118984858195,0.1527777777777778,0.5166666666666667,0.12222222222222222,0.09722222222222222,0.1111111111111111
963,720,0.01,-0.1678966701006333,-0.007369382058012186,304,3.7430458713869385e-05,0.01431327685713768,693297,14.192502701282502,0.13194444444444445,0.47638888888888886,0.19305555555555556,0.11527777777777778,0.08333333333333333
964,720,0.01,0.16287387665282363,0.4923825603452461,388,3.5779490706823304e-05,0.014106176793575287,694017,14.207569535573324,0.14444444444444443,0.4444444444444444,0.17777777777777778,0.1125,0.12083333333333333
965,720,0.01,0.10114211318767996,0.3366174254918888,312,3.5472845282432294e-05,0.01378693152219057,694737,14.225220902760823,0.13472222222222222,0.5319444444444444,0.12916666666666668,0.10277777777777777,0.10138888888888889
966,720,0.01,0.35161562303493055,0.8531105824303666,410,3.6895262105139816e-05,0.014266051352024078,695457,14.239826583862305,0.1388888888888889,0.4736111111111111,0.11388888888888889,0.11388888888888889,0.1597222222222222
967,720,0.01,0.8821094107625208,2.172783920224118,415,3.870674199409526e-05,0.014854064211249352,696177,14.254492151737214,0.11944444444444445,0.4527777777777778,0.1638888888888889,0.09583333333333334,0.16805555555555557
968,720,0.01,0.5730417542867362,1.2513763814703576,366,3.5429871785355415e-05,0.014621859416365623,696897,14.26860191822052,0.14583333333333334,0.46805555555555556,0.15694444444444444,0.09444444444444444,0.13472222222222222
969,720,0.01,0.07255185873205379,0.2764105218043833,302,3.457964198408566e-05,0.014611514285206795,697617,14.284326799710591,0.13055555555555556,0.5513888888888889,0.1388888888888889,0.09861111111111111,0.08055555555555556
970,720,0.01,0.2907910539776953,0.6393356265193255,331,3.579284187367193e-05,0.014153961092233658,698337,14.299794069925944,0.13194444444444445,0.5013888888888889,0.14722222222222223,0.0875,0.13194444444444445
971,720,0.01,1.2116764116842975,3.6028533822819675,460,3.937553829145044e-05,0.014347082003951073,699057,14.327811483542124,0.16944444444444445,0.3111111111111111,0.175,0.14305555555555555,0.2013888888888889
972,720,0.01,0.8063401468165425,2.0247853999970093,437,3.673307680729623e-05,0.013686585240066051,699777,14.342219885190328,0.15555555555555556,0.41805555555555557,0.12916666666666668,0.10972222222222222,0.1875
973,720,0.01,-0.01867109253436499,0.17507139501563018,333,3.49425186578224e-05,0.01430121622979641,700497,14.357097633679707,0.08888888888888889,0.48055555555555557,0.22361111111111112,0.11388888888888889,0.09305555555555556
974,720,0.01,0.002352675003551224,0.20786299096328098,353,3.557265658792454e-05,0.013738819397985935,701217,14.374272716045379,0.13055555555555556,0.4527777777777778,0.20277777777777778,0.13194444444444445,0.08194444444444444
975,720,0.01,1.43891009285474,4.692560192238179,430,3.458966965707886e-05,0.014023851603269577,701937,14.389384337266286,0.17083333333333334,0.35138888888888886,0.13055555555555556,0.10694444444444444,0.24027777777777778
976,720,0.01,0.43189179475899925,0.9648026245586292,381,3.7928383677707545e-05,0.013794268481433392,702657,14.40689970254898,0.1527777777777778,0.4222222222222222,0.13055555555555556,0.13333333333333333,0.16111111111111112
977,720,0.01,0.04295832575099802,0.31614673276747607,413,3.467648473739852e-05,0.01376885175704956,703377,14.421045434474944,0.125,0.4375,0.2263888888888889,0.09027777777777778,0.12083333333333333
978,720,0.01,0.02353937982696443,0.2773522487190214,371,3.9839489550609465e-05,0.014191940426826477,704097,14.435989232858022,0.1527777777777778,0.3736111111111111,0.10416666666666667,0.2388888888888889,0.13055555555555556
979,720,0.01,0.08564855312138761,0.34399773001337675,366,3.722243789512605e-05,0.014288051053881645,704817,14.450535051027934,0.125,0.4027777777777778,0.21666666666666667,0.14722222222222223,0.10833333333333334
980,720,0.01,0.0030742224817764327,0.21600904578201252,322,3.688323418929132e-05,0.014399594627320766,705537,14.466422335306804,0.1111111111111111,0.42083333333333334,0.18888888888888888,0.14444444444444443,0.13472222222222222
981,720,0.01,0.3972974905078351,0.9141956159666755,381,3.9209022893121274e-05,0.013921848498284817,706257,14.494137434164683,0.1597222222222222,0.35138888888888886,0.2013888888888889,0.13194444444444445,0.15555555555555556
982,720,0.01,0.005871436581180282,0.22063527029940988,351,3.428170899724137e-05,0.014580730348825455,706977,14.50830235083898,0.10694444444444444,0.425,0.2388888888888889,0.12222222222222222,0.10694444444444444
983,720,0.01,0.20594130856722642,0.5055997270622223,359,3.430035040992152e-05,0.014071209356188774,707697,14.522096530596416,0.11527777777777778,0.4597222222222222,0.16666666666666666,0.14583333333333334,0.1125
984,720,0.01,0.22055309896136008,0.6603909703785185,432,3.5510339493940695e-05,0.014562468975782394,708417,14.536118900775909,0.19027777777777777,0.4027777777777778,0.1361111111111111,0.10694444444444444,0.1638888888888889
985,720,0.01,0.810628474789666,1.9245144730608819,413,3.602922734115863e-05,0.014095650985836983,709137,14.5531538327535,0.17222222222222222,0.325,0.2222222222222222,0.09166666666666666,0.18888888888888888
986,720,0.01,-0.025441344851964545,0.17182065552347892,342,3.686907651601561e-05,0.014465346932411194,709857,14.565900584061941,0.1361111111111111,0.3416666666666667,0.27361111111111114,0.16527777777777777,0.08333333333333333
987,720,0.01,0.6528401284675437,1.3657382471283075,331,3.714571380189429e-05,0.014505468308925629,710577,14.58049221833547,0.13055555555555556,0.4027777777777778,0.14166666666666666,0.14722222222222223,0.17777777777777778
988,720,0.01,0.14026918054387433,0.39622083144503906,329,3.904628109189111e-05,0.01485356129705906,711297,14.594141817092895,0.15555555555555556,0.33194444444444443,0.1527777777777778,0.18888888888888888,0.17083333333333334
989,720,0.01,0.521556706353496,1.1544957519328891,389,3.454536419743211e-05,0.01318609993904829,712017,14.609365018208821,0.1111111111111111,0.37222222222222223,0.20972222222222223,0.125,0.18194444444444444
990,720,0.01,0.7828776540089887,1.939906135114133,409,3.5676866150424755e-05,0.01324479840695858,712737,14.62385018269221,0.16944444444444445,0.30972222222222223,0.16527777777777777,0.10277777777777777,0.25277777777777777
991,720,0.01,1.2386081949261722,3.644149219181684,416,3.5159337725569156e-05,0.01321908924728632,713457,14.650954218705495,0.19027777777777777,0.3013888888888889,0.13055555555555556,0.15555555555555556,0.2222222222222222
992,720,0.01,0.15559848690304956,0.4808236998396853,404,3.516774346634419e-05,0.013286121189594269,714177,14.665539968013764,0.1361111111111111,0.4222222222222222,0.14027777777777778,0.1763888888888889,0.125
993,720,0.01,0.4092135806789925,1.0533314685002826,445,3.7483295936150775e-05,0.014220215380191803,714897,14.680285549163818,0.15694444444444444,0.3875,0.14583333333333334,0.11666666666666667,0.19305555555555556
994,720,0.01,0.9623968884697235,2.446629815302028,415,3.7345907737239436e-05,0.013850083574652672,715617,14.695439767837524,0.15555555555555556,0.4041666666666667,0.1486111111111111,0.10694444444444444,0.18472222222222223
995,720,0.01,0.1824565401186487,0.4787639059467421,350,3.594874795314556e-05,0.013529932126402855,716337,14.710980800787608,0.15416666666666667,0.35694444444444445,0.1597222222222222,0.18055555555555555,0.1486111111111111
996,720,0.01,0.09356829843274486,0.31925647110744104,327,3.777035896190581e-05,0.013969400897622108,717057,14.726469349861144,0.10972222222222222,0.41805555555555557,0.2,0.15138888888888888,0.12083333333333333
997,720,0.01,0.9268819550303588,2.3106083201654513,403,3.585626788612394e-05,0.013783329166471958,717777,14.73999498685201,0.15555555555555556,0.44027777777777777,0.14027777777777778,0.09027777777777778,0.1736111111111111
998,720,0.01,0.19464918761544667,0.5029039265681412,359,3.37024816442661e-05,0.013689148239791393,718497,14.754311867554982,0.125,0.48055555555555557,0.16666666666666666,0.10833333333333334,0.11944444444444445
999,720,0.01,0.8686268644589119,2.176013723760749,423,3.508668192024642e-05,0.013676982372999191,719217,14.770953047275544,0.15,0.37916666666666665,0.14722222222222223,0.09722222222222222,0.2263888888888889
1000,720,0.01,0.4010931304761346,0.9369084712638878,401,3.795537190790633e-05,0.013695677742362022,719937,14.785274569193522,0.14166666666666666,0.3861111111111111,0.20694444444444443,0.07083333333333333,0.19444444444444445
1001,720,0.01,1.3939221429009916,4.341049359311153,411,3.57730788677044e-05,0.01388842985033989,720657,14.813137702147166,0.17916666666666667,0.3819444444444444,0.13472222222222222,0.1111111111111111,0.19305555555555556
1002,720,0.01,1.4773513202969013,4.949762604135204,423,3.747507999049857e-05,0.013938683085143566,721377,14.828104547659557,0.18333333333333332,0.34305555555555556,0.10416666666666667,0.10555555555555556,0.2638888888888889
1003,720,0.01,0.8796783012381338,2.1666628391181826,398,4.1156877903682066e-05,0.01479647308588028,722097,14.843049649397532,0.1361111111111111,0.4125,0.12777777777777777,0.09166666666666666,0.23194444444444445
1004,720,0.01,0.18976131583356562,0.512496074932538,368,4.129426129995611e-05,0.014537584036588669,722817,14.859588301181793,0.11944444444444445,0.39861111111111114,0.1486111111111111,0.14166666666666666,0.19166666666666668
1005,720,0.01,0.6154345860123087,1.4071286027331893,398,3.715861651143213e-05,0.015092610381543636,723537,14.874693802992503,0.14444444444444443,0.43333333333333335,0.15555555555555556,0.08888888888888889,0.17777777777777778
1006,720,0.01,0.2655733043218565,0.5641199042748313,321,3.714358588114111e-05,0.014676306396722794,724257,14.890957486629485,0.11805555555555555,0.4152777777777778,0.17222222222222222,0.1986111111111111,0.09583333333333334
1007,720,0.01,0.2659300915472042,0.5839632487038207,336,3.560007618072329e-05,0.014603393152356148,724977,14.905638368924459,0.1625,0.4041666666666667,0.15833333333333333,0.16944444444444445,0.10555555555555556
1008,720,0.01,-0.054854117450082646,0.09707317371909507,284,3.769355716561525e-05,0.014950370416045189,725697,14.920528101921082,0.09305555555555556,0.37083333333333335,0.29444444444444445,0.1388888888888889,0.10277777777777777
1009,720,0.01,0.8521089065349314,2.1200808237530975,435,3.7997706362426066e-05,0.0153086818754673,726417,14.9344309647878,0.14722222222222223,0.3958333333333333,0.1375,0.12777777777777777,0.19166666666666668
1010,720,0.01,0.7518820542893784,1.796537526512898,417,3.7000322115293075e-05,0.014559656381607056,727137,14.948885834217071,0.16666666666666666,0.3597222222222222,0.13472222222222222,0.1625,0.1763888888888889
1011,720,0.01,0.1012260797990018,0.35388207892350176,340,4.1315015982945626e-05,0.015391973778605461,727857,14.974014933904012,0.2569444444444444,0.33055555555555555,0.2152777777777778,0.07222222222222222,0.125
1012,720,0.01,0.07895950665370424,0.3531828804087662,383,3.9524630735993724e-05,0.015124665573239326,728577,14.989695970217387,0.16666666666666666,0.37222222222222223,0.12083333333333333,0.18194444444444444,0.15833333333333333
1013,720,0.01,0.26129969987204915,0.6250680630721877,359,3.677810678558065e-05,0.015143651515245438,729297,15.00416331688563,0.15555555555555556,0.40694444444444444,0.20416666666666666,0.10277777777777777,0.13055555555555556
