Downloaded data: 30,528 candles, 2023-03-25 00:00:00+00:00 to 2026-09-16 23:00:00+00:00; no missing hours
dev_train: 28,152 candles, 2023-04-01 00:00:00+00:00 to 2026-06-16 23:00:00+00:00; no missing hours
val: 1,464 candles, 2026-06-17 00:00:00+00:00 to 2026-08-16 23:00:00+00:00; no missing hours
eval: 744 candles, 2026-08-17 00:00:00+00:00 to 2026-09-16 23:00:00+00:00; no missing hours
episode   1/1013  eps 1.000  train return  -15.42%  loss 3.57e-04  maxQ +0.1349  changes   566  0.0 min
episode   2/1013  eps 0.991  train return   +0.27%  loss 2.97e-05  maxQ +0.1372  changes   567  0.0 min
episode   3/1013  eps 0.982  train return  +33.70%  loss 3.39e-05  maxQ +0.1400  changes   564  0.1 min
episode   4/1013  eps 0.973  train return   -2.38%  loss 3.99e-05  maxQ +0.1503  changes   586  0.1 min
episode   5/1013  eps 0.964  train return  -20.14%  loss 4.33e-05  maxQ +0.1602  changes   572  0.1 min
episode   6/1013  eps 0.955  train return  -22.67%  loss 4.67e-05  maxQ +0.1647  changes   581  0.1 min
episode   7/1013  eps 0.947  train return   +3.99%  loss 4.37e-05  maxQ +0.1662  changes   564  0.1 min
episode   8/1013  eps 0.938  train return  -11.55%  loss 3.83e-05  maxQ +0.1745  changes   578  0.1 min
episode   9/1013  eps 0.929  train return  -19.89%  loss 4.26e-05  maxQ +0.1657  changes   593  0.2 min
episode  10/1013  eps 0.921  train return   -4.03%  loss 4.14e-05  maxQ +0.1686  changes   577  0.2 min | val return -9.17% (best -9.17%)
episode  11/1013  eps 0.913  train return  -23.83%  loss 3.86e-05  maxQ +0.1751  changes   573  0.2 min
episode  12/1013  eps 0.904  train return  -17.59%  loss 3.98e-05  maxQ +0.1827  changes   573  0.2 min
episode  13/1013  eps 0.896  train return  -27.59%  loss 3.87e-05  maxQ +0.1828  changes   569  0.2 min
episode  14/1013  eps 0.888  train return   +2.06%  loss 3.94e-05  maxQ +0.1889  changes   593  0.2 min
episode  15/1013  eps 0.880  train return  -10.16%  loss 3.87e-05  maxQ +0.1872  changes   575  0.2 min
episode  16/1013  eps 0.872  train return   -6.26%  loss 3.57e-05  maxQ +0.1878  changes   570  0.3 min
episode  17/1013  eps 0.864  train return   -3.43%  loss 3.74e-05  maxQ +0.1867  changes   553  0.3 min
episode  18/1013  eps 0.856  train return  -36.43%  loss 3.61e-05  maxQ +0.1870  changes   577  0.3 min
episode  19/1013  eps 0.848  train return  -11.55%  loss 4.03e-05  maxQ +0.1950  changes   591  0.3 min
episode  20/1013  eps 0.841  train return   +2.82%  loss 3.62e-05  maxQ +0.1994  changes   562  0.3 min | val return -8.31% (best -8.31%)
episode  21/1013  eps 0.833  train return   -9.44%  loss 3.57e-05  maxQ +0.1973  changes   571  0.3 min
episode  22/1013  eps 0.825  train return   +4.11%  loss 3.53e-05  maxQ +0.1991  changes   568  0.3 min
episode  23/1013  eps 0.818  train return  +11.75%  loss 3.87e-05  maxQ +0.2028  changes   574  0.4 min
episode  24/1013  eps 0.810  train return   +2.35%  loss 3.69e-05  maxQ +0.2068  changes   541  0.4 min
episode  25/1013  eps 0.803  train return   -6.56%  loss 3.50e-05  maxQ +0.2044  changes   545  0.4 min
episode  26/1013  eps 0.796  train return  -27.92%  loss 3.50e-05  maxQ +0.2053  changes   570  0.4 min
episode  27/1013  eps 0.788  train return   -3.59%  loss 3.47e-05  maxQ +0.2064  changes   568  0.4 min
episode  28/1013  eps 0.781  train return  -13.73%  loss 3.56e-05  maxQ +0.2036  changes   559  0.4 min
episode  29/1013  eps 0.774  train return  -19.52%  loss 3.38e-05  maxQ +0.2072  changes   555  0.4 min
episode  30/1013  eps 0.767  train return  +19.37%  loss 3.66e-05  maxQ +0.2085  changes   585  0.4 min | val return +11.50% (best +11.50%)
episode  31/1013  eps 0.760  train return   -9.18%  loss 3.54e-05  maxQ +0.2105  changes   571  0.5 min
episode  32/1013  eps 0.753  train return  -16.82%  loss 3.54e-05  maxQ +0.2103  changes   552  0.5 min
episode  33/1013  eps 0.746  train return  -21.77%  loss 3.59e-05  maxQ +0.2163  changes   573  0.5 min
episode  34/1013  eps 0.740  train return   -8.05%  loss 3.46e-05  maxQ +0.2173  changes   548  0.5 min
episode  35/1013  eps 0.733  train return  +19.36%  loss 3.64e-05  maxQ +0.2150  changes   545  0.5 min
episode  36/1013  eps 0.726  train return   +5.52%  loss 3.80e-05  maxQ +0.2125  changes   550  0.5 min
episode  37/1013  eps 0.720  train return  -10.69%  loss 3.46e-05  maxQ +0.2146  changes   542  0.5 min
episode  38/1013  eps 0.713  train return  -14.94%  loss 3.75e-05  maxQ +0.2141  changes   561  0.5 min
episode  39/1013  eps 0.707  train return  -21.96%  loss 3.42e-05  maxQ +0.2099  changes   574  0.6 min
episode  40/1013  eps 0.700  train return  -14.34%  loss 3.52e-05  maxQ +0.2083  changes   551  0.6 min | val return -13.75% (best +11.50%)
episode  41/1013  eps 0.694  train return   +1.88%  loss 3.46e-05  maxQ +0.2136  changes   534  0.6 min
episode  42/1013  eps 0.687  train return   -0.38%  loss 3.55e-05  maxQ +0.2107  changes   563  0.6 min
episode  43/1013  eps 0.681  train return  -12.14%  loss 3.36e-05  maxQ +0.2122  changes   537  0.6 min
episode  44/1013  eps 0.675  train return   -8.00%  loss 3.42e-05  maxQ +0.2124  changes   560  0.6 min
episode  45/1013  eps 0.669  train return   -4.39%  loss 3.43e-05  maxQ +0.2166  changes   530  0.6 min
episode  46/1013  eps 0.663  train return  -33.88%  loss 3.34e-05  maxQ +0.2149  changes   557  0.6 min
episode  47/1013  eps 0.657  train return  -11.01%  loss 3.43e-05  maxQ +0.2222  changes   526  0.7 min
episode  48/1013  eps 0.651  train return   -9.12%  loss 3.34e-05  maxQ +0.2179  changes   534  0.7 min
episode  49/1013  eps 0.645  train return   -3.37%  loss 3.39e-05  maxQ +0.2200  changes   532  0.7 min
episode  50/1013  eps 0.639  train return   +8.89%  loss 3.09e-05  maxQ +0.2215  changes   555  0.7 min | val return -56.17% (best +11.50%)
episode  51/1013  eps 0.633  train return  -12.25%  loss 3.44e-05  maxQ +0.2188  changes   522  0.7 min
episode  52/1013  eps 0.627  train return  +28.08%  loss 3.40e-05  maxQ +0.2219  changes   536  0.7 min
episode  53/1013  eps 0.622  train return   -9.16%  loss 3.46e-05  maxQ +0.2208  changes   529  0.7 min
episode  54/1013  eps 0.616  train return  +14.94%  loss 3.48e-05  maxQ +0.2173  changes   524  0.7 min
episode  55/1013  eps 0.610  train return   +6.38%  loss 3.46e-05  maxQ +0.2140  changes   533  0.8 min
episode  56/1013  eps 0.605  train return   -8.95%  loss 3.50e-05  maxQ +0.2098  changes   553  0.8 min
episode  57/1013  eps 0.599  train return  -17.54%  loss 3.51e-05  maxQ +0.2087  changes   518  0.8 min
episode  58/1013  eps 0.594  train return   -8.26%  loss 3.76e-05  maxQ +0.2069  changes   526  0.8 min
episode  59/1013  eps 0.588  train return  -29.98%  loss 3.39e-05  maxQ +0.2052  changes   524  0.8 min
episode  60/1013  eps 0.583  train return  +21.58%  loss 3.61e-05  maxQ +0.2025  changes   540  0.8 min | val return +13.19% (best +13.19%)
episode  61/1013  eps 0.578  train return   -3.28%  loss 3.68e-05  maxQ +0.2022  changes   507  0.8 min
episode  62/1013  eps 0.573  train return  -21.13%  loss 3.47e-05  maxQ +0.2012  changes   494  0.8 min
episode  63/1013  eps 0.567  train return  -12.81%  loss 3.55e-05  maxQ +0.2007  changes   482  0.9 min
episode  64/1013  eps 0.562  train return  +24.82%  loss 3.52e-05  maxQ +0.2006  changes   499  0.9 min
episode  65/1013  eps 0.557  train return  +13.05%  loss 3.57e-05  maxQ +0.1981  changes   514  0.9 min
episode  66/1013  eps 0.552  train return  -13.52%  loss 3.46e-05  maxQ +0.1983  changes   508  0.9 min
episode  67/1013  eps 0.547  train return   +2.88%  loss 3.65e-05  maxQ +0.1949  changes   519  0.9 min
episode  68/1013  eps 0.542  train return   -0.15%  loss 3.59e-05  maxQ +0.1922  changes   522  0.9 min
episode  69/1013  eps 0.537  train return   -6.53%  loss 3.83e-05  maxQ +0.1914  changes   500  0.9 min
episode  70/1013  eps 0.532  train return   +0.28%  loss 3.63e-05  maxQ +0.1916  changes   536  0.9 min | val return -23.85% (best +13.19%)
episode  71/1013  eps 0.527  train return  -22.82%  loss 3.73e-05  maxQ +0.1975  changes   492  1.0 min
episode  72/1013  eps 0.523  train return  -31.16%  loss 3.59e-05  maxQ +0.1951  changes   518  1.0 min
episode  73/1013  eps 0.518  train return  -26.56%  loss 3.67e-05  maxQ +0.1951  changes   515  1.0 min
episode  74/1013  eps 0.513  train return  -17.61%  loss 3.60e-05  maxQ +0.1935  changes   513  1.0 min
episode  75/1013  eps 0.508  train return   -9.86%  loss 3.62e-05  maxQ +0.1935  changes   491  1.0 min
episode  76/1013  eps 0.504  train return   +2.29%  loss 3.69e-05  maxQ +0.1923  changes   506  1.0 min
episode  77/1013  eps 0.499  train return  -41.07%  loss 3.86e-05  maxQ +0.1895  changes   477  1.0 min
episode  78/1013  eps 0.495  train return  -19.41%  loss 3.85e-05  maxQ +0.1900  changes   490  1.0 min
episode  79/1013  eps 0.490  train return   -4.56%  loss 3.78e-05  maxQ +0.1870  changes   478  1.0 min
episode  80/1013  eps 0.486  train return  -24.41%  loss 3.63e-05  maxQ +0.1870  changes   504  1.1 min | val return -9.37% (best +13.19%)
episode  81/1013  eps 0.481  train return   -6.41%  loss 3.84e-05  maxQ +0.1883  changes   472  1.1 min
episode  82/1013  eps 0.477  train return   -8.23%  loss 3.75e-05  maxQ +0.1873  changes   480  1.1 min
episode  83/1013  eps 0.473  train return   -2.06%  loss 3.86e-05  maxQ +0.1878  changes   456  1.1 min
episode  84/1013  eps 0.468  train return  -30.63%  loss 4.00e-05  maxQ +0.1873  changes   479  1.1 min
episode  85/1013  eps 0.464  train return   +1.67%  loss 3.87e-05  maxQ +0.1878  changes   505  1.1 min
episode  86/1013  eps 0.460  train return   +6.02%  loss 3.75e-05  maxQ +0.1827  changes   490  1.1 min
episode  87/1013  eps 0.456  train return   -9.46%  loss 3.71e-05  maxQ +0.1818  changes   494  1.1 min
episode  88/1013  eps 0.451  train return   +7.71%  loss 3.87e-05  maxQ +0.1823  changes   478  1.2 min
episode  89/1013  eps 0.447  train return  -20.29%  loss 3.61e-05  maxQ +0.1799  changes   469  1.2 min
episode  90/1013  eps 0.443  train return   -4.56%  loss 3.68e-05  maxQ +0.1792  changes   462  1.2 min | val return -22.29% (best +13.19%)
episode  91/1013  eps 0.439  train return  -13.16%  loss 3.80e-05  maxQ +0.1819  changes   437  1.2 min
episode  92/1013  eps 0.435  train return   -2.43%  loss 3.86e-05  maxQ +0.1777  changes   463  1.2 min
episode  93/1013  eps 0.431  train return  +12.30%  loss 3.75e-05  maxQ +0.1780  changes   460  1.2 min
episode  94/1013  eps 0.427  train return   +0.97%  loss 3.86e-05  maxQ +0.1751  changes   481  1.2 min
episode  95/1013  eps 0.423  train return  +57.12%  loss 3.73e-05  maxQ +0.1733  changes   454  1.2 min
episode  96/1013  eps 0.420  train return  +19.96%  loss 3.85e-05  maxQ +0.1717  changes   465  1.3 min
episode  97/1013  eps 0.416  train return   +6.09%  loss 4.30e-05  maxQ +0.1719  changes   423  1.3 min
episode  98/1013  eps 0.412  train return  -19.96%  loss 3.80e-05  maxQ +0.1728  changes   436  1.3 min
episode  99/1013  eps 0.408  train return  +17.80%  loss 3.79e-05  maxQ +0.1708  changes   421  1.3 min
episode 100/1013  eps 0.405  train return  -23.50%  loss 4.00e-05  maxQ +0.1688  changes   419  1.3 min | val return -7.40% (best +13.19%)
episode 101/1013  eps 0.401  train return   -3.27%  loss 3.86e-05  maxQ +0.1711  changes   443  1.3 min
episode 102/1013  eps 0.397  train return   +8.23%  loss 3.97e-05  maxQ +0.1665  changes   379  1.3 min
episode 103/1013  eps 0.394  train return   +1.55%  loss 3.98e-05  maxQ +0.1632  changes   430  1.3 min
episode 104/1013  eps 0.390  train return   +7.77%  loss 4.08e-05  maxQ +0.1637  changes   418  1.4 min
episode 105/1013  eps 0.386  train return  -39.65%  loss 3.95e-05  maxQ +0.1624  changes   450  1.4 min
episode 106/1013  eps 0.383  train return   +2.11%  loss 3.98e-05  maxQ +0.1644  changes   410  1.4 min
episode 107/1013  eps 0.379  train return   +3.30%  loss 4.05e-05  maxQ +0.1666  changes   417  1.4 min
episode 108/1013  eps 0.376  train return   +0.59%  loss 3.93e-05  maxQ +0.1654  changes   429  1.4 min
episode 109/1013  eps 0.373  train return  -31.41%  loss 3.96e-05  maxQ +0.1643  changes   412  1.4 min
episode 110/1013  eps 0.369  train return  +26.29%  loss 4.04e-05  maxQ +0.1619  changes   443  1.4 min | val return -6.85% (best +13.19%)
episode 111/1013  eps 0.366  train return  -23.82%  loss 3.99e-05  maxQ +0.1626  changes   427  1.4 min
episode 112/1013  eps 0.363  train return  +22.98%  loss 3.94e-05  maxQ +0.1630  changes   419  1.5 min
episode 113/1013  eps 0.359  train return  -16.27%  loss 4.12e-05  maxQ +0.1623  changes   414  1.5 min
episode 114/1013  eps 0.356  train return  -13.38%  loss 4.22e-05  maxQ +0.1617  changes   399  1.5 min
episode 115/1013  eps 0.353  train return  -14.11%  loss 4.09e-05  maxQ +0.1580  changes   403  1.5 min
episode 116/1013  eps 0.349  train return   -7.27%  loss 4.08e-05  maxQ +0.1584  changes   403  1.5 min
episode 117/1013  eps 0.346  train return   +6.71%  loss 4.04e-05  maxQ +0.1555  changes   369  1.5 min
episode 118/1013  eps 0.343  train return  -15.43%  loss 4.22e-05  maxQ +0.1569  changes   382  1.5 min
episode 119/1013  eps 0.340  train return   -5.17%  loss 4.29e-05  maxQ +0.1559  changes   418  1.5 min
episode 120/1013  eps 0.337  train return  -21.29%  loss 4.31e-05  maxQ +0.1557  changes   404  1.5 min | val return +1.48% (best +13.19%)
episode 121/1013  eps 0.334  train return   +2.54%  loss 4.31e-05  maxQ +0.1520  changes   394  1.6 min
episode 122/1013  eps 0.331  train return  -16.01%  loss 4.11e-05  maxQ +0.1495  changes   404  1.6 min
episode 123/1013  eps 0.328  train return  -10.38%  loss 4.24e-05  maxQ +0.1500  changes   403  1.6 min
episode 124/1013  eps 0.325  train return   +3.38%  loss 4.11e-05  maxQ +0.1490  changes   402  1.6 min
episode 125/1013  eps 0.322  train return  +18.56%  loss 4.29e-05  maxQ +0.1462  changes   436  1.6 min
episode 126/1013  eps 0.319  train return  -14.07%  loss 4.03e-05  maxQ +0.1467  changes   386  1.6 min
episode 127/1013  eps 0.316  train return  -17.68%  loss 4.09e-05  maxQ +0.1461  changes   384  1.6 min
episode 128/1013  eps 0.313  train return  -19.99%  loss 3.79e-05  maxQ +0.1441  changes   403  1.6 min
episode 129/1013  eps 0.310  train return   -4.90%  loss 3.99e-05  maxQ +0.1424  changes   398  1.6 min
episode 130/1013  eps 0.308  train return   -8.40%  loss 3.98e-05  maxQ +0.1415  changes   423  1.7 min | val return -15.17% (best +13.19%)
episode 131/1013  eps 0.305  train return  +29.35%  loss 3.97e-05  maxQ +0.1393  changes   424  1.7 min
episode 132/1013  eps 0.302  train return   -3.39%  loss 3.90e-05  maxQ +0.1374  changes   383  1.7 min
episode 133/1013  eps 0.299  train return  +48.74%  loss 4.15e-05  maxQ +0.1353  changes   375  1.7 min
episode 134/1013  eps 0.296  train return   +7.59%  loss 4.08e-05  maxQ +0.1330  changes   359  1.7 min
episode 135/1013  eps 0.294  train return  -25.51%  loss 4.19e-05  maxQ +0.1306  changes   385  1.7 min
episode 136/1013  eps 0.291  train return   +2.74%  loss 3.99e-05  maxQ +0.1312  changes   365  1.8 min
episode 137/1013  eps 0.288  train return  +17.35%  loss 4.24e-05  maxQ +0.1278  changes   400  1.8 min
episode 138/1013  eps 0.286  train return  -17.04%  loss 4.13e-05  maxQ +0.1277  changes   384  1.8 min
episode 139/1013  eps 0.283  train return  -23.63%  loss 4.14e-05  maxQ +0.1253  changes   391  1.8 min
episode 140/1013  eps 0.281  train return  -11.32%  loss 4.10e-05  maxQ +0.1239  changes   368  1.8 min | val return -13.92% (best +13.19%)
episode 141/1013  eps 0.278  train return  +19.29%  loss 4.07e-05  maxQ +0.1246  changes   376  1.8 min
episode 142/1013  eps 0.276  train return  -19.44%  loss 4.38e-05  maxQ +0.1209  changes   406  1.8 min
episode 143/1013  eps 0.273  train return  -31.98%  loss 4.20e-05  maxQ +0.1201  changes   377  1.8 min
episode 144/1013  eps 0.271  train return   -7.00%  loss 4.14e-05  maxQ +0.1239  changes   351  1.8 min
episode 145/1013  eps 0.268  train return   +2.10%  loss 4.18e-05  maxQ +0.1234  changes   378  1.9 min
episode 146/1013  eps 0.266  train return   -4.75%  loss 4.02e-05  maxQ +0.1234  changes   396  1.9 min
episode 147/1013  eps 0.263  train return   -5.06%  loss 4.12e-05  maxQ +0.1230  changes   352  1.9 min
episode 148/1013  eps 0.261  train return   -0.44%  loss 3.97e-05  maxQ +0.1210  changes   376  1.9 min
episode 149/1013  eps 0.258  train return   -1.55%  loss 4.00e-05  maxQ +0.1202  changes   409  1.9 min
episode 150/1013  eps 0.256  train return   -0.03%  loss 3.94e-05  maxQ +0.1175  changes   340  1.9 min | val return -27.31% (best +13.19%)
episode 151/1013  eps 0.254  train return   -6.60%  loss 3.89e-05  maxQ +0.1170  changes   351  1.9 min
episode 152/1013  eps 0.251  train return  -30.93%  loss 4.09e-05  maxQ +0.1169  changes   371  2.0 min
episode 153/1013  eps 0.249  train return   +0.19%  loss 4.10e-05  maxQ +0.1169  changes   376  2.0 min
episode 154/1013  eps 0.247  train return   -7.03%  loss 4.20e-05  maxQ +0.1145  changes   360  2.0 min
episode 155/1013  eps 0.245  train return   +4.33%  loss 4.17e-05  maxQ +0.1127  changes   333  2.0 min
episode 156/1013  eps 0.242  train return   -7.59%  loss 3.98e-05  maxQ +0.1111  changes   316  2.0 min
episode 157/1013  eps 0.240  train return  +22.35%  loss 4.01e-05  maxQ +0.1136  changes   308  2.0 min
episode 158/1013  eps 0.238  train return  -13.68%  loss 4.12e-05  maxQ +0.1139  changes   303  2.0 min
episode 159/1013  eps 0.236  train return  -25.87%  loss 4.19e-05  maxQ +0.1116  changes   346  2.0 min
episode 160/1013  eps 0.234  train return   +9.56%  loss 4.32e-05  maxQ +0.1102  changes   351  2.1 min | val return -2.33% (best +13.19%)
episode 161/1013  eps 0.232  train return   +4.26%  loss 4.31e-05  maxQ +0.1093  changes   349  2.1 min
episode 162/1013  eps 0.230  train return  +17.50%  loss 4.27e-05  maxQ +0.1057  changes   374  2.1 min
episode 163/1013  eps 0.227  train return   -2.17%  loss 4.35e-05  maxQ +0.1055  changes   364  2.1 min
episode 164/1013  eps 0.225  train return  -12.96%  loss 4.21e-05  maxQ +0.1038  changes   358  2.1 min
episode 165/1013  eps 0.223  train return  -19.96%  loss 4.36e-05  maxQ +0.1044  changes   327  2.1 min
episode 166/1013  eps 0.221  train return  -32.70%  loss 4.57e-05  maxQ +0.1023  changes   397  2.1 min
episode 167/1013  eps 0.219  train return   +0.54%  loss 4.37e-05  maxQ +0.1030  changes   310  2.1 min
episode 168/1013  eps 0.217  train return  -37.46%  loss 4.29e-05  maxQ +0.1030  changes   344  2.2 min
episode 169/1013  eps 0.215  train return  +15.03%  loss 4.59e-05  maxQ +0.1018  changes   345  2.2 min
episode 170/1013  eps 0.213  train return  +40.58%  loss 4.48e-05  maxQ +0.1004  changes   391  2.2 min | val return -0.66% (best +13.19%)
episode 171/1013  eps 0.211  train return   +3.44%  loss 4.49e-05  maxQ +0.1008  changes   378  2.2 min
episode 172/1013  eps 0.209  train return   -3.79%  loss 4.65e-05  maxQ +0.1020  changes   344  2.2 min
episode 173/1013  eps 0.208  train return  +53.49%  loss 4.39e-05  maxQ +0.0986  changes   369  2.2 min
episode 174/1013  eps 0.206  train return   -9.30%  loss 4.47e-05  maxQ +0.0992  changes   386  2.2 min
episode 175/1013  eps 0.204  train return  -11.51%  loss 4.61e-05  maxQ +0.0978  changes   367  2.3 min
episode 176/1013  eps 0.202  train return  -10.86%  loss 4.65e-05  maxQ +0.0973  changes   348  2.3 min
episode 177/1013  eps 0.200  train return   +0.24%  loss 4.47e-05  maxQ +0.1003  changes   299  2.3 min
episode 178/1013  eps 0.198  train return   +7.38%  loss 4.46e-05  maxQ +0.0992  changes   305  2.3 min
episode 179/1013  eps 0.196  train return  -11.06%  loss 4.44e-05  maxQ +0.0977  changes   337  2.3 min
episode 180/1013  eps 0.195  train return   -3.69%  loss 4.47e-05  maxQ +0.0963  changes   327  2.3 min | val return +0.89% (best +13.19%)
episode 181/1013  eps 0.193  train return  -33.31%  loss 4.57e-05  maxQ +0.0967  changes   313  2.3 min
episode 182/1013  eps 0.191  train return   -2.90%  loss 4.47e-05  maxQ +0.0957  changes   305  2.3 min
episode 183/1013  eps 0.189  train return  -12.91%  loss 4.47e-05  maxQ +0.0960  changes   340  2.4 min
episode 184/1013  eps 0.188  train return   -2.91%  loss 4.34e-05  maxQ +0.0937  changes   292  2.4 min
episode 185/1013  eps 0.186  train return   +7.06%  loss 4.43e-05  maxQ +0.0947  changes   352  2.4 min
episode 186/1013  eps 0.184  train return   -4.38%  loss 4.60e-05  maxQ +0.0928  changes   325  2.4 min
episode 187/1013  eps 0.183  train return   -5.30%  loss 4.39e-05  maxQ +0.0941  changes   302  2.4 min
episode 188/1013  eps 0.181  train return  -10.74%  loss 4.48e-05  maxQ +0.0960  changes   299  2.4 min
episode 189/1013  eps 0.179  train return   -0.53%  loss 4.54e-05  maxQ +0.0934  changes   305  2.4 min
episode 190/1013  eps 0.178  train return   -7.22%  loss 4.37e-05  maxQ +0.0944  changes   318  2.4 min | val return +1.81% (best +13.19%)
episode 191/1013  eps 0.176  train return  -10.20%  loss 4.82e-05  maxQ +0.0922  changes   331  2.5 min
episode 192/1013  eps 0.174  train return  +21.01%  loss 4.37e-05  maxQ +0.0926  changes   297  2.5 min
episode 193/1013  eps 0.173  train return  +19.04%  loss 4.42e-05  maxQ +0.0921  changes   313  2.5 min
episode 194/1013  eps 0.171  train return   -5.15%  loss 4.33e-05  maxQ +0.0912  changes   303  2.5 min
episode 195/1013  eps 0.170  train return  -13.24%  loss 4.33e-05  maxQ +0.0898  changes   347  2.5 min
episode 196/1013  eps 0.168  train return   -5.70%  loss 4.41e-05  maxQ +0.0889  changes   317  2.5 min
episode 197/1013  eps 0.167  train return  +16.19%  loss 4.36e-05  maxQ +0.0887  changes   295  2.5 min
episode 198/1013  eps 0.165  train return  +23.17%  loss 4.30e-05  maxQ +0.0891  changes   322  2.5 min
episode 199/1013  eps 0.164  train return  -28.51%  loss 4.56e-05  maxQ +0.0885  changes   280  2.6 min
episode 200/1013  eps 0.162  train return  -12.13%  loss 4.44e-05  maxQ +0.0874  changes   297  2.6 min | val return -3.15% (best +13.19%)
episode 201/1013  eps 0.161  train return  +15.05%  loss 4.51e-05  maxQ +0.0880  changes   299  2.6 min
episode 202/1013  eps 0.159  train return  +15.36%  loss 4.42e-05  maxQ +0.0871  changes   298  2.6 min
episode 203/1013  eps 0.158  train return   +2.16%  loss 4.14e-05  maxQ +0.0868  changes   327  2.6 min
episode 204/1013  eps 0.156  train return  -12.12%  loss 4.54e-05  maxQ +0.0867  changes   306  2.6 min
episode 205/1013  eps 0.155  train return   -8.64%  loss 4.35e-05  maxQ +0.0852  changes   285  2.6 min
episode 206/1013  eps 0.154  train return  +10.01%  loss 4.24e-05  maxQ +0.0844  changes   297  2.6 min
episode 207/1013  eps 0.152  train return   -2.62%  loss 4.27e-05  maxQ +0.0839  changes   277  2.7 min
episode 208/1013  eps 0.151  train return   -0.24%  loss 4.29e-05  maxQ +0.0848  changes   260  2.7 min
episode 209/1013  eps 0.149  train return   +1.96%  loss 4.36e-05  maxQ +0.0849  changes   204  2.7 min
episode 210/1013  eps 0.148  train return   +0.34%  loss 4.09e-05  maxQ +0.0836  changes   249  2.7 min | val return +4.55% (best +13.19%)
episode 211/1013  eps 0.147  train return   -1.98%  loss 4.22e-05  maxQ +0.0829  changes   256  2.7 min
episode 212/1013  eps 0.145  train return  -16.32%  loss 4.30e-05  maxQ +0.0821  changes   296  2.7 min
episode 213/1013  eps 0.144  train return   +6.19%  loss 4.14e-05  maxQ +0.0799  changes   299  2.7 min
episode 214/1013  eps 0.143  train return   +6.53%  loss 3.89e-05  maxQ +0.0807  changes   312  2.8 min
episode 215/1013  eps 0.141  train return  +21.02%  loss 4.12e-05  maxQ +0.0805  changes   269  2.8 min
episode 216/1013  eps 0.140  train return   -9.28%  loss 3.93e-05  maxQ +0.0791  changes   319  2.8 min
episode 217/1013  eps 0.139  train return   -2.10%  loss 3.85e-05  maxQ +0.0788  changes   319  2.8 min
episode 218/1013  eps 0.138  train return  -16.75%  loss 4.05e-05  maxQ +0.0794  changes   312  2.8 min
episode 219/1013  eps 0.136  train return  +14.12%  loss 3.82e-05  maxQ +0.0792  changes   263  2.8 min
episode 220/1013  eps 0.135  train return  -32.68%  loss 4.08e-05  maxQ +0.0791  changes   322  2.8 min | val return +4.76% (best +13.19%)
episode 221/1013  eps 0.134  train return  +15.60%  loss 4.11e-05  maxQ +0.0793  changes   277  2.8 min
episode 222/1013  eps 0.133  train return   -0.07%  loss 3.78e-05  maxQ +0.0780  changes   325  2.9 min
episode 223/1013  eps 0.131  train return  -13.86%  loss 3.91e-05  maxQ +0.0768  changes   300  2.9 min
episode 224/1013  eps 0.130  train return   +5.23%  loss 3.84e-05  maxQ +0.0765  changes   298  2.9 min
episode 225/1013  eps 0.129  train return  +10.32%  loss 3.74e-05  maxQ +0.0763  changes   290  2.9 min
episode 226/1013  eps 0.128  train return  -18.19%  loss 3.86e-05  maxQ +0.0776  changes   255  2.9 min
episode 227/1013  eps 0.127  train return  +21.86%  loss 3.78e-05  maxQ +0.0752  changes   262  2.9 min
episode 228/1013  eps 0.126  train return  -44.91%  loss 3.84e-05  maxQ +0.0747  changes   278  2.9 min
episode 229/1013  eps 0.124  train return   +2.67%  loss 3.74e-05  maxQ +0.0754  changes   297  2.9 min
episode 230/1013  eps 0.123  train return   -8.99%  loss 3.78e-05  maxQ +0.0741  changes   238  3.0 min | val return -17.84% (best +13.19%)
episode 231/1013  eps 0.122  train return  -12.33%  loss 3.62e-05  maxQ +0.0742  changes   238  3.0 min
episode 232/1013  eps 0.121  train return   +0.03%  loss 3.68e-05  maxQ +0.0736  changes   243  3.0 min
episode 233/1013  eps 0.120  train return  -36.21%  loss 3.80e-05  maxQ +0.0731  changes   251  3.0 min
episode 234/1013  eps 0.119  train return   +6.51%  loss 3.85e-05  maxQ +0.0727  changes   245  3.0 min
episode 235/1013  eps 0.118  train return   -9.16%  loss 3.70e-05  maxQ +0.0722  changes   256  3.0 min
episode 236/1013  eps 0.117  train return  +12.40%  loss 3.58e-05  maxQ +0.0713  changes   289  3.0 min
episode 237/1013  eps 0.116  train return  -12.71%  loss 3.69e-05  maxQ +0.0703  changes   231  3.0 min
episode 238/1013  eps 0.115  train return   -3.88%  loss 3.56e-05  maxQ +0.0694  changes   270  3.1 min
episode 239/1013  eps 0.114  train return   -6.39%  loss 3.36e-05  maxQ +0.0682  changes   236  3.1 min
episode 240/1013  eps 0.112  train return   +2.86%  loss 3.51e-05  maxQ +0.0679  changes   260  3.1 min | val return +1.89% (best +13.19%)
episode 241/1013  eps 0.111  train return   +6.83%  loss 3.29e-05  maxQ +0.0681  changes   177  3.1 min
episode 242/1013  eps 0.110  train return   +6.57%  loss 3.30e-05  maxQ +0.0676  changes   229  3.1 min
episode 243/1013  eps 0.109  train return   +6.76%  loss 3.29e-05  maxQ +0.0684  changes   170  3.1 min
episode 244/1013  eps 0.108  train return  +40.50%  loss 3.06e-05  maxQ +0.0673  changes   236  3.1 min
episode 245/1013  eps 0.107  train return   -1.10%  loss 3.28e-05  maxQ +0.0670  changes   185  3.1 min
episode 246/1013  eps 0.106  train return   +7.19%  loss 3.13e-05  maxQ +0.0672  changes   195  3.1 min
episode 247/1013  eps 0.106  train return   +1.67%  loss 3.14e-05  maxQ +0.0679  changes   230  3.2 min
episode 248/1013  eps 0.105  train return  +12.52%  loss 3.27e-05  maxQ +0.0680  changes   236  3.2 min
episode 249/1013  eps 0.104  train return   +6.38%  loss 3.24e-05  maxQ +0.0675  changes   199  3.2 min
episode 250/1013  eps 0.103  train return  -10.07%  loss 3.26e-05  maxQ +0.0667  changes   221  3.2 min | val return -3.08% (best +13.19%)
episode 251/1013  eps 0.102  train return   -5.93%  loss 3.08e-05  maxQ +0.0657  changes   199  3.2 min
episode 252/1013  eps 0.101  train return  -25.32%  loss 2.99e-05  maxQ +0.0658  changes   204  3.2 min
episode 253/1013  eps 0.100  train return  +25.08%  loss 3.16e-05  maxQ +0.0653  changes   152  3.2 min
episode 254/1013  eps 0.099  train return  +10.53%  loss 3.34e-05  maxQ +0.0662  changes   232  3.2 min
episode 255/1013  eps 0.098  train return  -13.68%  loss 3.22e-05  maxQ +0.0660  changes   243  3.3 min
episode 256/1013  eps 0.097  train return  +12.32%  loss 3.24e-05  maxQ +0.0658  changes   155  3.3 min
episode 257/1013  eps 0.096  train return  -27.10%  loss 3.26e-05  maxQ +0.0661  changes   222  3.3 min
episode 258/1013  eps 0.095  train return  -24.64%  loss 3.50e-05  maxQ +0.0645  changes   211  3.3 min
episode 259/1013  eps 0.095  train return  -20.51%  loss 3.43e-05  maxQ +0.0645  changes   209  3.3 min
episode 260/1013  eps 0.094  train return  +37.01%  loss 3.59e-05  maxQ +0.0635  changes   216  3.3 min | val return -1.18% (best +13.19%)
episode 261/1013  eps 0.093  train return  -14.00%  loss 3.36e-05  maxQ +0.0645  changes   165  3.3 min
episode 262/1013  eps 0.092  train return   +2.48%  loss 3.37e-05  maxQ +0.0648  changes   242  3.3 min
episode 263/1013  eps 0.091  train return  +33.56%  loss 3.53e-05  maxQ +0.0634  changes   202  3.4 min
episode 264/1013  eps 0.090  train return  -11.26%  loss 3.54e-05  maxQ +0.0646  changes   157  3.4 min
episode 265/1013  eps 0.090  train return   +4.89%  loss 3.54e-05  maxQ +0.0637  changes   201  3.4 min
episode 266/1013  eps 0.089  train return  -10.37%  loss 3.79e-05  maxQ +0.0658  changes   180  3.4 min
episode 267/1013  eps 0.088  train return   +7.96%  loss 3.69e-05  maxQ +0.0647  changes   170  3.4 min
episode 268/1013  eps 0.087  train return   +5.97%  loss 3.96e-05  maxQ +0.0635  changes   250  3.4 min
episode 269/1013  eps 0.086  train return  -11.70%  loss 3.68e-05  maxQ +0.0631  changes   172  3.4 min
episode 270/1013  eps 0.086  train return   -1.61%  loss 3.67e-05  maxQ +0.0628  changes   198  3.4 min | val return -2.08% (best +13.19%)
episode 271/1013  eps 0.085  train return   -7.78%  loss 3.73e-05  maxQ +0.0630  changes   192  3.5 min
episode 272/1013  eps 0.084  train return  -26.27%  loss 3.67e-05  maxQ +0.0642  changes   153  3.5 min
episode 273/1013  eps 0.083  train return  -13.15%  loss 3.91e-05  maxQ +0.0647  changes   204  3.5 min
episode 274/1013  eps 0.082  train return  +21.80%  loss 3.74e-05  maxQ +0.0637  changes   242  3.5 min
episode 275/1013  eps 0.082  train return   +4.05%  loss 3.70e-05  maxQ +0.0640  changes   150  3.5 min
episode 276/1013  eps 0.081  train return  +43.06%  loss 3.71e-05  maxQ +0.0636  changes   204  3.5 min
episode 277/1013  eps 0.080  train return  +26.84%  loss 3.67e-05  maxQ +0.0639  changes   156  3.5 min
episode 278/1013  eps 0.079  train return   -8.78%  loss 3.80e-05  maxQ +0.0649  changes   201  3.5 min
episode 279/1013  eps 0.079  train return  -19.05%  loss 4.21e-05  maxQ +0.0646  changes   194  3.5 min
episode 280/1013  eps 0.078  train return   -2.14%  loss 3.92e-05  maxQ +0.0644  changes   205  3.6 min | val return +13.21% (best +13.21%)
episode 281/1013  eps 0.077  train return   +9.13%  loss 3.95e-05  maxQ +0.0631  changes   214  3.6 min
episode 282/1013  eps 0.077  train return   +7.16%  loss 4.00e-05  maxQ +0.0627  changes   167  3.6 min
episode 283/1013  eps 0.076  train return  -17.02%  loss 3.98e-05  maxQ +0.0622  changes   165  3.6 min
episode 284/1013  eps 0.075  train return   +1.29%  loss 3.92e-05  maxQ +0.0618  changes   201  3.6 min
episode 285/1013  eps 0.075  train return  -17.34%  loss 3.83e-05  maxQ +0.0624  changes   242  3.6 min
episode 286/1013  eps 0.074  train return  +17.75%  loss 4.10e-05  maxQ +0.0634  changes   190  3.6 min
episode 287/1013  eps 0.073  train return  +14.17%  loss 4.13e-05  maxQ +0.0630  changes   175  3.6 min
episode 288/1013  eps 0.073  train return   -2.97%  loss 3.97e-05  maxQ +0.0630  changes   127  3.7 min
episode 289/1013  eps 0.072  train return   +3.82%  loss 4.13e-05  maxQ +0.0638  changes   257  3.7 min
episode 290/1013  eps 0.071  train return  +17.03%  loss 4.23e-05  maxQ +0.0638  changes   274  3.7 min | val return -9.17% (best +13.21%)
episode 291/1013  eps 0.071  train return   -3.98%  loss 4.17e-05  maxQ +0.0631  changes   179  3.7 min
episode 292/1013  eps 0.070  train return  -12.94%  loss 4.07e-05  maxQ +0.0636  changes   245  3.7 min
episode 293/1013  eps 0.069  train return   -9.41%  loss 4.41e-05  maxQ +0.0631  changes   202  3.7 min
episode 294/1013  eps 0.069  train return   +1.71%  loss 4.17e-05  maxQ +0.0637  changes   182  3.7 min
episode 295/1013  eps 0.068  train return   -9.81%  loss 4.21e-05  maxQ +0.0632  changes   199  3.8 min
episode 296/1013  eps 0.067  train return   -5.49%  loss 4.24e-05  maxQ +0.0643  changes   144  3.8 min
episode 297/1013  eps 0.067  train return  +24.41%  loss 4.15e-05  maxQ +0.0637  changes   221  3.8 min
episode 298/1013  eps 0.066  train return   -7.94%  loss 4.17e-05  maxQ +0.0630  changes   269  3.8 min
episode 299/1013  eps 0.066  train return   -9.03%  loss 4.19e-05  maxQ +0.0625  changes   180  3.8 min
episode 300/1013  eps 0.065  train return  -27.84%  loss 4.37e-05  maxQ +0.0624  changes   129  3.8 min | val return -11.20% (best +13.21%)
episode 301/1013  eps 0.064  train return  +23.75%  loss 4.20e-05  maxQ +0.0625  changes   219  3.8 min
episode 302/1013  eps 0.064  train return   +6.95%  loss 4.24e-05  maxQ +0.0619  changes   175  3.8 min
episode 303/1013  eps 0.063  train return   +4.12%  loss 4.12e-05  maxQ +0.0610  changes   148  3.9 min
episode 304/1013  eps 0.063  train return   -6.58%  loss 4.24e-05  maxQ +0.0601  changes   154  3.9 min
episode 305/1013  eps 0.062  train return   +0.21%  loss 4.08e-05  maxQ +0.0597  changes   177  3.9 min
episode 306/1013  eps 0.062  train return  -14.16%  loss 4.09e-05  maxQ +0.0583  changes   156  3.9 min
episode 307/1013  eps 0.061  train return  +33.35%  loss 4.31e-05  maxQ +0.0580  changes   167  3.9 min
episode 308/1013  eps 0.060  train return  +21.87%  loss 4.30e-05  maxQ +0.0575  changes   162  3.9 min
episode 309/1013  eps 0.060  train return  +10.87%  loss 4.61e-05  maxQ +0.0580  changes   148  3.9 min
episode 310/1013  eps 0.059  train return  +18.07%  loss 4.28e-05  maxQ +0.0583  changes   180  3.9 min | val return +10.31% (best +13.21%)
episode 311/1013  eps 0.059  train return   -3.44%  loss 4.40e-05  maxQ +0.0583  changes   151  4.0 min
episode 312/1013  eps 0.058  train return  -12.41%  loss 4.36e-05  maxQ +0.0580  changes   191  4.0 min
episode 313/1013  eps 0.058  train return  +26.29%  loss 4.60e-05  maxQ +0.0577  changes   164  4.0 min
episode 314/1013  eps 0.057  train return  +20.85%  loss 4.43e-05  maxQ +0.0572  changes   182  4.0 min
episode 315/1013  eps 0.057  train return   -9.36%  loss 4.48e-05  maxQ +0.0571  changes   213  4.0 min
episode 316/1013  eps 0.056  train return   -5.27%  loss 4.57e-05  maxQ +0.0578  changes   253  4.0 min
episode 317/1013  eps 0.056  train return   -8.52%  loss 4.48e-05  maxQ +0.0557  changes   217  4.0 min
episode 318/1013  eps 0.055  train return  -17.50%  loss 4.15e-05  maxQ +0.0561  changes   221  4.0 min
episode 319/1013  eps 0.055  train return   -0.89%  loss 4.38e-05  maxQ +0.0571  changes   181  4.0 min
episode 320/1013  eps 0.054  train return   -6.67%  loss 4.42e-05  maxQ +0.0568  changes   246  4.1 min | val return -8.50% (best +13.21%)
episode 321/1013  eps 0.054  train return   +0.19%  loss 4.46e-05  maxQ +0.0568  changes   177  4.1 min
episode 322/1013  eps 0.053  train return  -21.15%  loss 4.47e-05  maxQ +0.0557  changes   169  4.1 min
episode 323/1013  eps 0.053  train return   +9.25%  loss 4.28e-05  maxQ +0.0557  changes   177  4.1 min
episode 324/1013  eps 0.052  train return   +4.68%  loss 4.38e-05  maxQ +0.0554  changes   169  4.1 min
episode 325/1013  eps 0.052  train return  -19.26%  loss 4.50e-05  maxQ +0.0560  changes   133  4.1 min
episode 326/1013  eps 0.051  train return  -23.01%  loss 4.41e-05  maxQ +0.0554  changes   180  4.1 min
episode 327/1013  eps 0.051  train return  +20.41%  loss 4.23e-05  maxQ +0.0550  changes   200  4.2 min
episode 328/1013  eps 0.050  train return   -0.88%  loss 4.48e-05  maxQ +0.0541  changes   160  4.2 min
episode 329/1013  eps 0.050  train return  +30.80%  loss 4.57e-05  maxQ +0.0538  changes   166  4.2 min
episode 330/1013  eps 0.049  train return  +29.56%  loss 4.47e-05  maxQ +0.0554  changes   176  4.2 min | val return -8.53% (best +13.21%)
episode 331/1013  eps 0.049  train return  +11.91%  loss 4.49e-05  maxQ +0.0548  changes   162  4.2 min
episode 332/1013  eps 0.049  train return   -1.04%  loss 4.36e-05  maxQ +0.0542  changes   182  4.2 min
episode 333/1013  eps 0.048  train return   -4.56%  loss 4.66e-05  maxQ +0.0535  changes   155  4.2 min
episode 334/1013  eps 0.048  train return  +19.21%  loss 4.48e-05  maxQ +0.0538  changes   137  4.3 min
episode 335/1013  eps 0.047  train return  +81.53%  loss 4.54e-05  maxQ +0.0532  changes   180  4.3 min
episode 336/1013  eps 0.047  train return  -15.59%  loss 4.39e-05  maxQ +0.0526  changes   191  4.3 min
episode 337/1013  eps 0.046  train return  -16.37%  loss 4.45e-05  maxQ +0.0516  changes   146  4.3 min
episode 338/1013  eps 0.046  train return   +4.09%  loss 4.36e-05  maxQ +0.0512  changes   159  4.3 min
episode 339/1013  eps 0.046  train return  -13.03%  loss 4.38e-05  maxQ +0.0506  changes   132  4.3 min
episode 340/1013  eps 0.045  train return  +38.86%  loss 4.39e-05  maxQ +0.0508  changes   169  4.3 min | val return +2.46% (best +13.21%)
episode 341/1013  eps 0.045  train return   +3.66%  loss 4.57e-05  maxQ +0.0518  changes   186  4.3 min
episode 342/1013  eps 0.044  train return   -6.25%  loss 4.33e-05  maxQ +0.0515  changes   203  4.4 min
episode 343/1013  eps 0.044  train return   -2.45%  loss 4.23e-05  maxQ +0.0518  changes   129  4.4 min
episode 344/1013  eps 0.043  train return   -8.68%  loss 4.16e-05  maxQ +0.0519  changes   144  4.4 min
episode 345/1013  eps 0.043  train return  +11.30%  loss 4.41e-05  maxQ +0.0526  changes   213  4.4 min
episode 346/1013  eps 0.043  train return  +13.58%  loss 4.32e-05  maxQ +0.0520  changes   149  4.4 min
episode 347/1013  eps 0.042  train return  +62.17%  loss 4.27e-05  maxQ +0.0523  changes   194  4.4 min
episode 348/1013  eps 0.042  train return   -4.73%  loss 4.03e-05  maxQ +0.0521  changes   187  4.4 min
episode 349/1013  eps 0.042  train return  +31.55%  loss 4.15e-05  maxQ +0.0517  changes   163  4.4 min
episode 350/1013  eps 0.041  train return  -10.04%  loss 4.18e-05  maxQ +0.0511  changes   166  4.4 min | val return +8.07% (best +13.21%)
episode 351/1013  eps 0.041  train return  +17.47%  loss 4.10e-05  maxQ +0.0514  changes    90  4.5 min
episode 352/1013  eps 0.040  train return  +16.15%  loss 4.31e-05  maxQ +0.0509  changes   138  4.5 min
episode 353/1013  eps 0.040  train return  +25.91%  loss 4.06e-05  maxQ +0.0510  changes   123  4.5 min
episode 354/1013  eps 0.040  train return  -11.30%  loss 4.22e-05  maxQ +0.0500  changes   142  4.5 min
episode 355/1013  eps 0.039  train return  -22.73%  loss 4.18e-05  maxQ +0.0504  changes   138  4.5 min
episode 356/1013  eps 0.039  train return   +1.94%  loss 4.30e-05  maxQ +0.0496  changes    91  4.5 min
episode 357/1013  eps 0.039  train return   -2.15%  loss 4.23e-05  maxQ +0.0502  changes   169  4.5 min
episode 358/1013  eps 0.038  train return  +14.32%  loss 4.07e-05  maxQ +0.0499  changes   116  4.6 min
episode 359/1013  eps 0.038  train return  -19.42%  loss 4.40e-05  maxQ +0.0505  changes   126  4.6 min
episode 360/1013  eps 0.038  train return  +13.48%  loss 3.93e-05  maxQ +0.0510  changes   137  4.6 min | val return +0.51% (best +13.21%)
episode 361/1013  eps 0.037  train return   -5.36%  loss 4.05e-05  maxQ +0.0523  changes   141  4.6 min
episode 362/1013  eps 0.037  train return  -23.74%  loss 4.11e-05  maxQ +0.0518  changes   160  4.6 min
episode 363/1013  eps 0.037  train return  +13.81%  loss 3.97e-05  maxQ +0.0519  changes   119  4.6 min
episode 364/1013  eps 0.036  train return  -17.94%  loss 3.95e-05  maxQ +0.0519  changes    95  4.6 min
episode 365/1013  eps 0.036  train return  -11.26%  loss 4.08e-05  maxQ +0.0519  changes    71  4.6 min
episode 366/1013  eps 0.036  train return  -15.86%  loss 4.20e-05  maxQ +0.0522  changes   111  4.7 min
episode 367/1013  eps 0.035  train return   +5.61%  loss 3.97e-05  maxQ +0.0515  changes   118  4.7 min
episode 368/1013  eps 0.035  train return  -12.41%  loss 4.15e-05  maxQ +0.0520  changes   121  4.7 min
episode 369/1013  eps 0.035  train return   -3.17%  loss 4.01e-05  maxQ +0.0511  changes   154  4.7 min
episode 370/1013  eps 0.034  train return   +5.22%  loss 4.20e-05  maxQ +0.0514  changes   157  4.7 min | val return -9.64% (best +13.21%)
episode 371/1013  eps 0.034  train return   +0.61%  loss 4.16e-05  maxQ +0.0502  changes   137  4.7 min
episode 372/1013  eps 0.034  train return   +9.30%  loss 4.24e-05  maxQ +0.0509  changes   150  4.7 min
episode 373/1013  eps 0.033  train return  -14.09%  loss 4.28e-05  maxQ +0.0508  changes   153  4.8 min
episode 374/1013  eps 0.033  train return  -14.97%  loss 4.36e-05  maxQ +0.0503  changes   131  4.8 min
episode 375/1013  eps 0.033  train return  -13.71%  loss 4.21e-05  maxQ +0.0508  changes   117  4.8 min
episode 376/1013  eps 0.032  train return  -22.09%  loss 4.21e-05  maxQ +0.0521  changes   146  4.8 min
episode 377/1013  eps 0.032  train return  -10.31%  loss 4.11e-05  maxQ +0.0510  changes   101  4.8 min
episode 378/1013  eps 0.032  train return  -12.97%  loss 4.41e-05  maxQ +0.0504  changes   114  4.8 min
episode 379/1013  eps 0.032  train return   +9.86%  loss 4.42e-05  maxQ +0.0500  changes   133  4.8 min
episode 380/1013  eps 0.031  train return  +32.78%  loss 4.25e-05  maxQ +0.0505  changes   131  4.8 min | val return -7.34% (best +13.21%)
episode 381/1013  eps 0.031  train return   -8.10%  loss 4.35e-05  maxQ +0.0485  changes   121  4.9 min
episode 382/1013  eps 0.031  train return   +6.70%  loss 4.45e-05  maxQ +0.0483  changes   106  4.9 min
episode 383/1013  eps 0.030  train return  +29.39%  loss 4.37e-05  maxQ +0.0483  changes   121  4.9 min
episode 384/1013  eps 0.030  train return  +31.75%  loss 4.38e-05  maxQ +0.0486  changes   124  4.9 min
episode 385/1013  eps 0.030  train return   -1.58%  loss 4.37e-05  maxQ +0.0489  changes   152  4.9 min
episode 386/1013  eps 0.030  train return  +26.12%  loss 4.44e-05  maxQ +0.0483  changes   123  4.9 min
episode 387/1013  eps 0.029  train return   -8.59%  loss 4.36e-05  maxQ +0.0479  changes   178  4.9 min
episode 388/1013  eps 0.029  train return   -2.01%  loss 4.21e-05  maxQ +0.0473  changes   152  4.9 min
episode 389/1013  eps 0.029  train return   -1.50%  loss 4.31e-05  maxQ +0.0474  changes   132  4.9 min
episode 390/1013  eps 0.029  train return   -4.74%  loss 4.36e-05  maxQ +0.0462  changes   143  5.0 min | val return +0.97% (best +13.21%)
episode 391/1013  eps 0.028  train return   -3.43%  loss 4.17e-05  maxQ +0.0457  changes    94  5.0 min
episode 392/1013  eps 0.028  train return  +73.75%  loss 3.98e-05  maxQ +0.0447  changes   194  5.0 min
episode 393/1013  eps 0.028  train return  -19.47%  loss 4.35e-05  maxQ +0.0454  changes   118  5.0 min
episode 394/1013  eps 0.028  train return  +28.29%  loss 4.55e-05  maxQ +0.0458  changes   158  5.0 min
episode 395/1013  eps 0.027  train return  -14.23%  loss 4.39e-05  maxQ +0.0460  changes   150  5.0 min
episode 396/1013  eps 0.027  train return  +38.64%  loss 4.30e-05  maxQ +0.0460  changes   121  5.0 min
episode 397/1013  eps 0.027  train return  -23.26%  loss 4.02e-05  maxQ +0.0472  changes   151  5.1 min
episode 398/1013  eps 0.027  train return  -18.37%  loss 4.05e-05  maxQ +0.0463  changes   180  5.1 min
episode 399/1013  eps 0.026  train return   +0.15%  loss 4.26e-05  maxQ +0.0461  changes   180  5.1 min
episode 400/1013  eps 0.026  train return   +6.03%  loss 4.12e-05  maxQ +0.0472  changes   104  5.1 min | val return -8.67% (best +13.21%)
episode 401/1013  eps 0.026  train return   +0.97%  loss 4.10e-05  maxQ +0.0467  changes   117  5.1 min
episode 402/1013  eps 0.026  train return   +2.77%  loss 4.24e-05  maxQ +0.0462  changes    72  5.1 min
episode 403/1013  eps 0.025  train return  +28.16%  loss 4.12e-05  maxQ +0.0462  changes   162  5.2 min
episode 404/1013  eps 0.025  train return  +15.49%  loss 4.11e-05  maxQ +0.0458  changes   163  5.2 min
episode 405/1013  eps 0.025  train return  -12.57%  loss 4.01e-05  maxQ +0.0451  changes   184  5.2 min
episode 406/1013  eps 0.025  train return  -19.41%  loss 4.13e-05  maxQ +0.0454  changes   139  5.2 min
episode 407/1013  eps 0.024  train return  -20.76%  loss 4.38e-05  maxQ +0.0452  changes   155  5.2 min
episode 408/1013  eps 0.024  train return  +24.72%  loss 4.19e-05  maxQ +0.0447  changes   130  5.2 min
episode 409/1013  eps 0.024  train return  -27.86%  loss 4.29e-05  maxQ +0.0439  changes   164  5.2 min
episode 410/1013  eps 0.024  train return  +23.03%  loss 4.34e-05  maxQ +0.0450  changes   149  5.3 min | val return -2.79% (best +13.21%)
episode 411/1013  eps 0.024  train return   -9.13%  loss 4.27e-05  maxQ +0.0449  changes   159  5.3 min
episode 412/1013  eps 0.023  train return  -15.12%  loss 4.59e-05  maxQ +0.0443  changes   153  5.3 min
episode 413/1013  eps 0.023  train return  -40.36%  loss 4.57e-05  maxQ +0.0445  changes   225  5.3 min
episode 414/1013  eps 0.023  train return   +3.08%  loss 4.73e-05  maxQ +0.0437  changes   153  5.3 min
episode 415/1013  eps 0.023  train return  +13.01%  loss 4.65e-05  maxQ +0.0441  changes    84  5.3 min
episode 416/1013  eps 0.023  train return  +14.99%  loss 4.57e-05  maxQ +0.0432  changes   191  5.3 min
episode 417/1013  eps 0.022  train return   -0.87%  loss 4.67e-05  maxQ +0.0437  changes   247  5.3 min
episode 418/1013  eps 0.022  train return   +9.44%  loss 4.37e-05  maxQ +0.0431  changes   188  5.4 min
episode 419/1013  eps 0.022  train return   +6.48%  loss 4.26e-05  maxQ +0.0425  changes   155  5.4 min
episode 420/1013  eps 0.022  train return   +6.83%  loss 4.46e-05  maxQ +0.0417  changes    85  5.4 min | val return +0.04% (best +13.21%)
episode 421/1013  eps 0.022  train return  +17.65%  loss 4.56e-05  maxQ +0.0415  changes   125  5.4 min
episode 422/1013  eps 0.021  train return   -1.31%  loss 4.70e-05  maxQ +0.0409  changes   142  5.4 min
episode 423/1013  eps 0.021  train return  +10.95%  loss 4.54e-05  maxQ +0.0408  changes   116  5.4 min
episode 424/1013  eps 0.021  train return  -25.75%  loss 4.50e-05  maxQ +0.0408  changes   124  5.4 min
episode 425/1013  eps 0.021  train return  +10.72%  loss 4.31e-05  maxQ +0.0403  changes   186  5.5 min
episode 426/1013  eps 0.021  train return   -1.44%  loss 4.44e-05  maxQ +0.0404  changes   178  5.5 min
episode 427/1013  eps 0.020  train return  +14.98%  loss 4.57e-05  maxQ +0.0401  changes   119  5.5 min
episode 428/1013  eps 0.020  train return   +4.91%  loss 4.48e-05  maxQ +0.0394  changes   160  5.5 min
episode 429/1013  eps 0.020  train return  -19.19%  loss 4.58e-05  maxQ +0.0395  changes   128  5.5 min
episode 430/1013  eps 0.020  train return  +37.43%  loss 4.47e-05  maxQ +0.0404  changes   181  5.5 min | val return -12.54% (best +13.21%)
episode 431/1013  eps 0.020  train return  -15.81%  loss 4.46e-05  maxQ +0.0399  changes   156  5.5 min
episode 432/1013  eps 0.019  train return  -17.73%  loss 4.57e-05  maxQ +0.0396  changes   161  5.5 min
episode 433/1013  eps 0.019  train return   +0.74%  loss 4.43e-05  maxQ +0.0390  changes   173  5.6 min
episode 434/1013  eps 0.019  train return   +0.67%  loss 4.13e-05  maxQ +0.0389  changes   159  5.6 min
episode 435/1013  eps 0.019  train return  +19.91%  loss 4.17e-05  maxQ +0.0387  changes   156  5.6 min
episode 436/1013  eps 0.019  train return   +3.88%  loss 4.22e-05  maxQ +0.0381  changes   162  5.6 min
episode 437/1013  eps 0.019  train return  -18.38%  loss 4.37e-05  maxQ +0.0381  changes   149  5.6 min
episode 438/1013  eps 0.018  train return  +10.90%  loss 4.24e-05  maxQ +0.0384  changes   173  5.6 min
episode 439/1013  eps 0.018  train return  -11.19%  loss 4.30e-05  maxQ +0.0391  changes   110  5.6 min
episode 440/1013  eps 0.018  train return   -9.71%  loss 4.03e-05  maxQ +0.0383  changes   114  5.6 min | val return -27.17% (best +13.21%)
episode 441/1013  eps 0.018  train return  -10.35%  loss 4.11e-05  maxQ +0.0378  changes   106  5.7 min
episode 442/1013  eps 0.018  train return   +5.37%  loss 4.34e-05  maxQ +0.0377  changes   112  5.7 min
episode 443/1013  eps 0.018  train return  +37.01%  loss 4.36e-05  maxQ +0.0376  changes   162  5.7 min
episode 444/1013  eps 0.017  train return  -13.60%  loss 4.59e-05  maxQ +0.0373  changes    76  5.7 min
episode 445/1013  eps 0.017  train return   +5.03%  loss 4.32e-05  maxQ +0.0377  changes   172  5.7 min
episode 446/1013  eps 0.017  train return  +14.30%  loss 4.21e-05  maxQ +0.0374  changes   150  5.7 min
episode 447/1013  eps 0.017  train return  +13.52%  loss 4.10e-05  maxQ +0.0360  changes   127  5.7 min
episode 448/1013  eps 0.017  train return  +50.31%  loss 4.29e-05  maxQ +0.0366  changes   141  5.8 min
episode 449/1013  eps 0.017  train return   +6.45%  loss 4.14e-05  maxQ +0.0369  changes   129  5.8 min
episode 450/1013  eps 0.016  train return  -10.22%  loss 3.89e-05  maxQ +0.0375  changes   102  5.8 min | val return -8.53% (best +13.21%)
episode 451/1013  eps 0.016  train return  +12.15%  loss 3.93e-05  maxQ +0.0374  changes   145  5.8 min
episode 452/1013  eps 0.016  train return  +28.37%  loss 4.16e-05  maxQ +0.0375  changes    91  5.8 min
episode 453/1013  eps 0.016  train return  +16.88%  loss 4.03e-05  maxQ +0.0380  changes   142  5.8 min
episode 454/1013  eps 0.016  train return  +11.02%  loss 4.21e-05  maxQ +0.0371  changes    85  5.8 min
episode 455/1013  eps 0.016  train return  -17.30%  loss 3.92e-05  maxQ +0.0372  changes    78  5.8 min
episode 456/1013  eps 0.016  train return   +1.48%  loss 4.08e-05  maxQ +0.0371  changes   156  5.9 min
episode 457/1013  eps 0.015  train return  -25.54%  loss 4.07e-05  maxQ +0.0371  changes   132  5.9 min
episode 458/1013  eps 0.015  train return  +35.33%  loss 4.04e-05  maxQ +0.0367  changes   113  5.9 min
episode 459/1013  eps 0.015  train return   -8.38%  loss 4.25e-05  maxQ +0.0364  changes   119  5.9 min
episode 460/1013  eps 0.015  train return   +9.50%  loss 4.16e-05  maxQ +0.0363  changes   111  5.9 min | val return +13.31% (best +13.31%)
episode 461/1013  eps 0.015  train return   -6.68%  loss 4.15e-05  maxQ +0.0365  changes   185  5.9 min
episode 462/1013  eps 0.015  train return   +0.76%  loss 3.99e-05  maxQ +0.0366  changes   126  5.9 min
episode 463/1013  eps 0.015  train return   -7.57%  loss 3.86e-05  maxQ +0.0352  changes   111  5.9 min
episode 464/1013  eps 0.015  train return  +16.65%  loss 3.96e-05  maxQ +0.0349  changes   136  6.0 min
episode 465/1013  eps 0.014  train return  +19.80%  loss 3.90e-05  maxQ +0.0346  changes   135  6.0 min
episode 466/1013  eps 0.014  train return   -3.70%  loss 3.86e-05  maxQ +0.0340  changes   116  6.0 min
episode 467/1013  eps 0.014  train return   -1.13%  loss 3.76e-05  maxQ +0.0349  changes   132  6.0 min
episode 468/1013  eps 0.014  train return  -25.39%  loss 3.90e-05  maxQ +0.0343  changes   138  6.0 min
episode 469/1013  eps 0.014  train return  +10.96%  loss 3.42e-05  maxQ +0.0346  changes    76  6.0 min
episode 470/1013  eps 0.014  train return  +11.06%  loss 3.71e-05  maxQ +0.0348  changes   145  6.0 min | val return +0.54% (best +13.31%)
episode 471/1013  eps 0.014  train return  -32.73%  loss 3.59e-05  maxQ +0.0354  changes   155  6.0 min
episode 472/1013  eps 0.013  train return  -15.86%  loss 3.50e-05  maxQ +0.0350  changes    44  6.1 min
episode 473/1013  eps 0.013  train return   -6.48%  loss 3.54e-05  maxQ +0.0354  changes    79  6.1 min
episode 474/1013  eps 0.013  train return   +1.76%  loss 3.71e-05  maxQ +0.0358  changes    84  6.1 min
episode 475/1013  eps 0.013  train return  +23.04%  loss 3.68e-05  maxQ +0.0360  changes   171  6.1 min
episode 476/1013  eps 0.013  train return  +30.83%  loss 3.63e-05  maxQ +0.0363  changes   130  6.1 min
episode 477/1013  eps 0.013  train return   +3.68%  loss 3.60e-05  maxQ +0.0357  changes   131  6.1 min
episode 478/1013  eps 0.013  train return  -24.36%  loss 3.58e-05  maxQ +0.0349  changes   126  6.1 min
episode 479/1013  eps 0.013  train return  -19.79%  loss 3.48e-05  maxQ +0.0348  changes   131  6.1 min
episode 480/1013  eps 0.013  train return   +5.58%  loss 3.68e-05  maxQ +0.0349  changes   129  6.1 min | val return -6.49% (best +13.31%)
episode 481/1013  eps 0.012  train return   -7.08%  loss 3.62e-05  maxQ +0.0349  changes   110  6.2 min
episode 482/1013  eps 0.012  train return  +11.32%  loss 3.71e-05  maxQ +0.0354  changes   132  6.2 min
episode 483/1013  eps 0.012  train return   -0.88%  loss 3.61e-05  maxQ +0.0354  changes   133  6.2 min
episode 484/1013  eps 0.012  train return  -24.12%  loss 3.59e-05  maxQ +0.0360  changes   106  6.2 min
episode 485/1013  eps 0.012  train return   -4.81%  loss 3.80e-05  maxQ +0.0365  changes   129  6.2 min
episode 486/1013  eps 0.012  train return  -10.82%  loss 3.56e-05  maxQ +0.0362  changes   157  6.2 min
episode 487/1013  eps 0.012  train return  +26.71%  loss 3.63e-05  maxQ +0.0371  changes   113  6.2 min
episode 488/1013  eps 0.012  train return  +13.27%  loss 3.70e-05  maxQ +0.0370  changes   100  6.2 min
episode 489/1013  eps 0.012  train return  -18.47%  loss 3.72e-05  maxQ +0.0368  changes   141  6.3 min
episode 490/1013  eps 0.011  train return   -9.64%  loss 3.54e-05  maxQ +0.0372  changes   103  6.3 min | val return +4.50% (best +13.31%)
episode 491/1013  eps 0.011  train return   +5.79%  loss 3.56e-05  maxQ +0.0364  changes   204  6.3 min
episode 492/1013  eps 0.011  train return   +5.03%  loss 3.58e-05  maxQ +0.0360  changes   203  6.3 min
episode 493/1013  eps 0.011  train return  -29.33%  loss 3.57e-05  maxQ +0.0358  changes   197  6.3 min
episode 494/1013  eps 0.011  train return  -16.67%  loss 3.50e-05  maxQ +0.0356  changes   177  6.3 min
episode 495/1013  eps 0.011  train return   -7.67%  loss 3.63e-05  maxQ +0.0354  changes   128  6.3 min
episode 496/1013  eps 0.011  train return   +4.99%  loss 3.41e-05  maxQ +0.0353  changes   134  6.3 min
episode 497/1013  eps 0.011  train return   +9.26%  loss 3.46e-05  maxQ +0.0352  changes   100  6.4 min
episode 498/1013  eps 0.011  train return  +33.76%  loss 3.38e-05  maxQ +0.0349  changes   132  6.4 min
episode 499/1013  eps 0.011  train return  +21.91%  loss 3.56e-05  maxQ +0.0349  changes   185  6.4 min
episode 500/1013  eps 0.010  train return   -5.83%  loss 3.53e-05  maxQ +0.0348  changes   105  6.4 min | val return -12.23% (best +13.31%)
episode 501/1013  eps 0.010  train return  +23.20%  loss 3.44e-05  maxQ +0.0352  changes   210  6.4 min
episode 502/1013  eps 0.010  train return   -8.06%  loss 3.55e-05  maxQ +0.0353  changes   143  6.4 min
episode 503/1013  eps 0.010  train return   -7.03%  loss 3.42e-05  maxQ +0.0359  changes   128  6.4 min
episode 504/1013  eps 0.010  train return  -12.03%  loss 3.60e-05  maxQ +0.0354  changes   171  6.4 min
episode 505/1013  eps 0.010  train return   +1.81%  loss 3.55e-05  maxQ +0.0367  changes   155  6.5 min
episode 506/1013  eps 0.010  train return  -14.32%  loss 3.48e-05  maxQ +0.0370  changes   149  6.5 min
episode 507/1013  eps 0.010  train return   +6.51%  loss 3.36e-05  maxQ +0.0370  changes   126  6.5 min
episode 508/1013  eps 0.010  train return   -5.44%  loss 3.25e-05  maxQ +0.0370  changes   185  6.5 min
episode 509/1013  eps 0.010  train return  -19.28%  loss 3.39e-05  maxQ +0.0370  changes   205  6.5 min
episode 510/1013  eps 0.010  train return   +2.36%  loss 3.33e-05  maxQ +0.0366  changes   162  6.5 min | val return +19.14% (best +19.14%)
episode 511/1013  eps 0.010  train return   +3.61%  loss 3.37e-05  maxQ +0.0361  changes   107  6.6 min
episode 512/1013  eps 0.010  train return   +6.42%  loss 3.21e-05  maxQ +0.0365  changes    97  6.6 min
episode 513/1013  eps 0.010  train return  -13.55%  loss 3.35e-05  maxQ +0.0368  changes   163  6.6 min
episode 514/1013  eps 0.010  train return  -14.51%  loss 3.31e-05  maxQ +0.0367  changes   116  6.6 min
episode 515/1013  eps 0.010  train return  +17.87%  loss 3.43e-05  maxQ +0.0367  changes   132  6.6 min
episode 516/1013  eps 0.010  train return   -2.22%  loss 3.24e-05  maxQ +0.0366  changes   138  6.6 min
episode 517/1013  eps 0.010  train return  +14.61%  loss 3.13e-05  maxQ +0.0366  changes   156  6.6 min
episode 518/1013  eps 0.010  train return   -3.77%  loss 3.20e-05  maxQ +0.0365  changes   117  6.6 min
episode 519/1013  eps 0.010  train return  -12.64%  loss 3.18e-05  maxQ +0.0359  changes   213  6.7 min
episode 520/1013  eps 0.010  train return  +26.74%  loss 3.27e-05  maxQ +0.0358  changes   149  6.7 min | val return -0.57% (best +19.14%)
episode 521/1013  eps 0.010  train return  +30.94%  loss 3.18e-05  maxQ +0.0357  changes   174  6.7 min
episode 522/1013  eps 0.010  train return  -15.80%  loss 3.18e-05  maxQ +0.0356  changes   153  6.7 min
episode 523/1013  eps 0.010  train return  +11.26%  loss 3.21e-05  maxQ +0.0355  changes   160  6.7 min
episode 524/1013  eps 0.010  train return  +37.74%  loss 3.12e-05  maxQ +0.0353  changes   122  6.7 min
episode 525/1013  eps 0.010  train return   +2.37%  loss 3.20e-05  maxQ +0.0344  changes   139  6.8 min
episode 526/1013  eps 0.010  train return  +11.29%  loss 3.19e-05  maxQ +0.0343  changes    92  6.8 min
episode 527/1013  eps 0.010  train return  +11.38%  loss 3.32e-05  maxQ +0.0343  changes   168  6.8 min
episode 528/1013  eps 0.010  train return  +22.73%  loss 3.08e-05  maxQ +0.0343  changes   156  6.8 min
episode 529/1013  eps 0.010  train return  -11.34%  loss 3.27e-05  maxQ +0.0345  changes   174  6.8 min
episode 530/1013  eps 0.010  train return   +2.34%  loss 3.20e-05  maxQ +0.0352  changes   102  6.8 min | val return -15.17% (best +19.14%)
episode 531/1013  eps 0.010  train return  -11.15%  loss 3.17e-05  maxQ +0.0344  changes   150  6.8 min
episode 532/1013  eps 0.010  train return  +25.36%  loss 3.23e-05  maxQ +0.0343  changes   140  6.8 min
episode 533/1013  eps 0.010  train return   +3.13%  loss 3.28e-05  maxQ +0.0339  changes   178  6.9 min
episode 534/1013  eps 0.010  train return   +0.56%  loss 3.17e-05  maxQ +0.0344  changes   108  6.9 min
episode 535/1013  eps 0.010  train return   +0.78%  loss 3.30e-05  maxQ +0.0344  changes   146  6.9 min
episode 536/1013  eps 0.010  train return  -10.96%  loss 3.25e-05  maxQ +0.0343  changes   142  6.9 min
episode 537/1013  eps 0.010  train return   -9.64%  loss 3.15e-05  maxQ +0.0339  changes    97  6.9 min
episode 538/1013  eps 0.010  train return  -23.71%  loss 3.28e-05  maxQ +0.0351  changes   146  6.9 min
episode 539/1013  eps 0.010  train return  +26.98%  loss 3.26e-05  maxQ +0.0339  changes   189  6.9 min
episode 540/1013  eps 0.010  train return  +15.14%  loss 3.34e-05  maxQ +0.0340  changes   132  7.0 min | val return -12.37% (best +19.14%)
episode 541/1013  eps 0.010  train return  +14.36%  loss 3.18e-05  maxQ +0.0334  changes   131  7.0 min
episode 542/1013  eps 0.010  train return  +25.06%  loss 3.21e-05  maxQ +0.0344  changes   137  7.0 min
episode 543/1013  eps 0.010  train return  +28.14%  loss 3.27e-05  maxQ +0.0347  changes   184  7.0 min
episode 544/1013  eps 0.010  train return   +7.05%  loss 3.17e-05  maxQ +0.0342  changes   243  7.0 min
episode 545/1013  eps 0.010  train return   +4.06%  loss 3.24e-05  maxQ +0.0344  changes   249  7.0 min
episode 546/1013  eps 0.010  train return  +85.91%  loss 3.22e-05  maxQ +0.0350  changes   184  7.0 min
episode 547/1013  eps 0.010  train return  -27.66%  loss 3.30e-05  maxQ +0.0353  changes   125  7.0 min
episode 548/1013  eps 0.010  train return   -0.20%  loss 3.11e-05  maxQ +0.0354  changes   128  7.1 min
episode 549/1013  eps 0.010  train return  +23.19%  loss 3.10e-05  maxQ +0.0354  changes   192  7.1 min
episode 550/1013  eps 0.010  train return   +0.97%  loss 3.22e-05  maxQ +0.0356  changes   125  7.1 min | val return -4.71% (best +19.14%)
episode 551/1013  eps 0.010  train return  -24.12%  loss 3.24e-05  maxQ +0.0359  changes   237  7.1 min
episode 552/1013  eps 0.010  train return  -20.08%  loss 3.25e-05  maxQ +0.0357  changes   253  7.1 min
episode 553/1013  eps 0.010  train return  -11.89%  loss 3.06e-05  maxQ +0.0350  changes   155  7.1 min
episode 554/1013  eps 0.010  train return  -14.12%  loss 3.13e-05  maxQ +0.0354  changes   133  7.2 min
episode 555/1013  eps 0.010  train return  +11.66%  loss 3.17e-05  maxQ +0.0373  changes   129  7.2 min
episode 556/1013  eps 0.010  train return  +32.19%  loss 3.21e-05  maxQ +0.0374  changes   165  7.2 min
episode 557/1013  eps 0.010  train return   +3.06%  loss 3.41e-05  maxQ +0.0375  changes   170  7.2 min
episode 558/1013  eps 0.010  train return  -13.87%  loss 3.24e-05  maxQ +0.0372  changes   205  7.2 min
episode 559/1013  eps 0.010  train return   -4.08%  loss 3.22e-05  maxQ +0.0369  changes   152  7.3 min
episode 560/1013  eps 0.010  train return  +11.03%  loss 3.44e-05  maxQ +0.0370  changes   141  7.3 min | val return +3.16% (best +19.14%)
episode 561/1013  eps 0.010  train return  +10.68%  loss 3.22e-05  maxQ +0.0366  changes   120  7.3 min
episode 562/1013  eps 0.010  train return   +5.93%  loss 3.30e-05  maxQ +0.0370  changes    87  7.3 min
episode 563/1013  eps 0.010  train return  +12.25%  loss 3.40e-05  maxQ +0.0374  changes    96  7.4 min
episode 564/1013  eps 0.010  train return   -8.34%  loss 3.36e-05  maxQ +0.0374  changes   126  7.4 min
episode 565/1013  eps 0.010  train return  -13.53%  loss 3.45e-05  maxQ +0.0379  changes   119  7.4 min
episode 566/1013  eps 0.010  train return  -23.49%  loss 3.46e-05  maxQ +0.0372  changes   125  7.4 min
episode 567/1013  eps 0.010  train return   +1.11%  loss 3.48e-05  maxQ +0.0376  changes   177  7.4 min
episode 568/1013  eps 0.010  train return  -12.76%  loss 3.64e-05  maxQ +0.0372  changes   175  7.4 min
episode 569/1013  eps 0.010  train return   +3.75%  loss 3.68e-05  maxQ +0.0374  changes   118  7.5 min
episode 570/1013  eps 0.010  train return  +18.02%  loss 3.53e-05  maxQ +0.0371  changes   107  7.5 min | val return -4.88% (best +19.14%)
episode 571/1013  eps 0.010  train return  +36.89%  loss 3.62e-05  maxQ +0.0364  changes   143  7.5 min
episode 572/1013  eps 0.010  train return   +0.76%  loss 3.69e-05  maxQ +0.0366  changes   110  7.5 min
episode 573/1013  eps 0.010  train return   +3.07%  loss 3.52e-05  maxQ +0.0364  changes   107  7.5 min
episode 574/1013  eps 0.010  train return   +9.48%  loss 3.56e-05  maxQ +0.0358  changes   159  7.6 min
episode 575/1013  eps 0.010  train return   +1.43%  loss 3.69e-05  maxQ +0.0360  changes   112  7.6 min
episode 576/1013  eps 0.010  train return   +2.25%  loss 3.72e-05  maxQ +0.0360  changes   136  7.6 min
episode 577/1013  eps 0.010  train return   -7.83%  loss 3.66e-05  maxQ +0.0357  changes    89  7.6 min
episode 578/1013  eps 0.010  train return   -0.68%  loss 3.69e-05  maxQ +0.0353  changes   103  7.6 min
episode 579/1013  eps 0.010  train return   -4.16%  loss 3.84e-05  maxQ +0.0358  changes    94  7.6 min
episode 580/1013  eps 0.010  train return  +14.75%  loss 3.67e-05  maxQ +0.0358  changes   163  7.6 min | val return -15.53% (best +19.14%)
episode 581/1013  eps 0.010  train return  +20.78%  loss 3.58e-05  maxQ +0.0368  changes   146  7.6 min
episode 582/1013  eps 0.010  train return  +12.45%  loss 3.84e-05  maxQ +0.0375  changes   128  7.7 min
episode 583/1013  eps 0.010  train return  -36.16%  loss 3.72e-05  maxQ +0.0375  changes   159  7.7 min
episode 584/1013  eps 0.010  train return   +0.45%  loss 3.58e-05  maxQ +0.0367  changes   125  7.7 min
episode 585/1013  eps 0.010  train return   +2.25%  loss 3.63e-05  maxQ +0.0369  changes   117  7.7 min
episode 586/1013  eps 0.010  train return   +3.28%  loss 3.72e-05  maxQ +0.0375  changes   132  7.7 min
episode 587/1013  eps 0.010  train return   -0.03%  loss 3.80e-05  maxQ +0.0372  changes   107  7.7 min
episode 588/1013  eps 0.010  train return  +21.78%  loss 3.79e-05  maxQ +0.0375  changes    91  7.7 min
episode 589/1013  eps 0.010  train return   -2.44%  loss 3.79e-05  maxQ +0.0369  changes   146  7.8 min
episode 590/1013  eps 0.010  train return  +14.40%  loss 3.76e-05  maxQ +0.0372  changes    96  7.8 min | val return -12.99% (best +19.14%)
episode 591/1013  eps 0.010  train return   -4.94%  loss 3.81e-05  maxQ +0.0371  changes   123  7.8 min
episode 592/1013  eps 0.010  train return   -8.32%  loss 3.47e-05  maxQ +0.0374  changes   106  7.8 min
episode 593/1013  eps 0.010  train return  +11.45%  loss 3.73e-05  maxQ +0.0376  changes   116  7.8 min
episode 594/1013  eps 0.010  train return   +1.42%  loss 3.71e-05  maxQ +0.0382  changes    92  7.8 min
episode 595/1013  eps 0.010  train return   -6.12%  loss 3.85e-05  maxQ +0.0375  changes    94  7.9 min
episode 596/1013  eps 0.010  train return  +11.27%  loss 4.20e-05  maxQ +0.0372  changes    91  7.9 min
episode 597/1013  eps 0.010  train return   -4.11%  loss 4.05e-05  maxQ +0.0370  changes    90  7.9 min
episode 598/1013  eps 0.010  train return   +3.65%  loss 3.87e-05  maxQ +0.0375  changes   127  7.9 min
episode 599/1013  eps 0.010  train return   -4.57%  loss 3.96e-05  maxQ +0.0375  changes   112  7.9 min
episode 600/1013  eps 0.010  train return   -0.29%  loss 3.77e-05  maxQ +0.0368  changes    87  7.9 min | val return -2.93% (best +19.14%)
episode 601/1013  eps 0.010  train return  +36.28%  loss 3.96e-05  maxQ +0.0367  changes   110  8.0 min
episode 602/1013  eps 0.010  train return  -22.52%  loss 3.95e-05  maxQ +0.0362  changes   213  8.0 min
episode 603/1013  eps 0.010  train return   +7.89%  loss 3.96e-05  maxQ +0.0364  changes    90  8.0 min
episode 604/1013  eps 0.010  train return   +4.97%  loss 3.69e-05  maxQ +0.0362  changes    80  8.0 min
episode 605/1013  eps 0.010  train return   +8.96%  loss 3.84e-05  maxQ +0.0357  changes    92  8.0 min
episode 606/1013  eps 0.010  train return  -10.35%  loss 3.76e-05  maxQ +0.0352  changes    87  8.1 min
episode 607/1013  eps 0.010  train return   +9.76%  loss 3.72e-05  maxQ +0.0351  changes    87  8.1 min
episode 608/1013  eps 0.010  train return   -6.38%  loss 3.89e-05  maxQ +0.0352  changes    76  8.1 min
episode 609/1013  eps 0.010  train return  +11.05%  loss 3.94e-05  maxQ +0.0343  changes    79  8.1 min
episode 610/1013  eps 0.010  train return  -18.38%  loss 3.95e-05  maxQ +0.0343  changes    58  8.1 min | val return -1.12% (best +19.14%)
episode 611/1013  eps 0.010  train return  -19.52%  loss 3.89e-05  maxQ +0.0348  changes    63  8.2 min
episode 612/1013  eps 0.010  train return   -2.07%  loss 3.96e-05  maxQ +0.0341  changes    64  8.2 min
episode 613/1013  eps 0.010  train return   +5.82%  loss 3.95e-05  maxQ +0.0337  changes    91  8.2 min
episode 614/1013  eps 0.010  train return   +2.81%  loss 4.05e-05  maxQ +0.0342  changes    69  8.2 min
episode 615/1013  eps 0.010  train return   -7.67%  loss 4.18e-05  maxQ +0.0337  changes    62  8.2 min
episode 616/1013  eps 0.010  train return   +5.03%  loss 4.12e-05  maxQ +0.0335  changes    84  8.2 min
episode 617/1013  eps 0.010  train return   -0.79%  loss 4.05e-05  maxQ +0.0330  changes    91  8.2 min
episode 618/1013  eps 0.010  train return   -6.36%  loss 4.03e-05  maxQ +0.0330  changes    64  8.2 min
episode 619/1013  eps 0.010  train return  +21.02%  loss 3.87e-05  maxQ +0.0330  changes    81  8.3 min
episode 620/1013  eps 0.010  train return   +4.76%  loss 3.92e-05  maxQ +0.0325  changes    90  8.3 min | val return +25.25% (best +25.25%)
episode 621/1013  eps 0.010  train return   +5.65%  loss 4.09e-05  maxQ +0.0332  changes    65  8.3 min
episode 622/1013  eps 0.010  train return  +50.64%  loss 4.22e-05  maxQ +0.0323  changes    99  8.3 min
episode 623/1013  eps 0.010  train return  -31.35%  loss 4.24e-05  maxQ +0.0325  changes    81  8.4 min
episode 624/1013  eps 0.010  train return   -1.53%  loss 4.06e-05  maxQ +0.0323  changes    83  8.4 min
episode 625/1013  eps 0.010  train return   +5.92%  loss 3.94e-05  maxQ +0.0317  changes    87  8.4 min
episode 626/1013  eps 0.010  train return   -9.75%  loss 3.80e-05  maxQ +0.0321  changes    76  8.5 min
episode 627/1013  eps 0.010  train return  +14.44%  loss 3.93e-05  maxQ +0.0314  changes   107  8.5 min
episode 628/1013  eps 0.010  train return   -4.64%  loss 3.80e-05  maxQ +0.0312  changes   129  8.5 min
episode 629/1013  eps 0.010  train return  -20.38%  loss 3.98e-05  maxQ +0.0306  changes    60  8.5 min
episode 630/1013  eps 0.010  train return   -5.10%  loss 3.76e-05  maxQ +0.0301  changes    91  8.5 min | val return -7.03% (best +25.25%)
episode 631/1013  eps 0.010  train return   +9.65%  loss 3.71e-05  maxQ +0.0303  changes   123  8.6 min
episode 632/1013  eps 0.010  train return   -8.63%  loss 3.70e-05  maxQ +0.0298  changes   103  8.6 min
episode 633/1013  eps 0.010  train return  +33.12%  loss 3.66e-05  maxQ +0.0296  changes   100  8.6 min
episode 634/1013  eps 0.010  train return   -5.35%  loss 3.86e-05  maxQ +0.0299  changes    62  8.6 min
episode 635/1013  eps 0.010  train return   -8.76%  loss 3.56e-05  maxQ +0.0301  changes   105  8.6 min
episode 636/1013  eps 0.010  train return   -5.72%  loss 3.82e-05  maxQ +0.0313  changes    93  8.6 min
episode 637/1013  eps 0.010  train return   +9.40%  loss 3.74e-05  maxQ +0.0308  changes   107  8.6 min
episode 638/1013  eps 0.010  train return   -2.06%  loss 3.79e-05  maxQ +0.0313  changes   120  8.6 min
episode 639/1013  eps 0.010  train return  +14.20%  loss 3.78e-05  maxQ +0.0312  changes   100  8.7 min
episode 640/1013  eps 0.010  train return   +5.78%  loss 3.83e-05  maxQ +0.0309  changes    82  8.7 min | val return -5.22% (best +25.25%)
episode 641/1013  eps 0.010  train return  -13.85%  loss 3.68e-05  maxQ +0.0310  changes    83  8.8 min
episode 642/1013  eps 0.010  train return  +10.13%  loss 3.76e-05  maxQ +0.0311  changes   148  8.8 min
episode 643/1013  eps 0.010  train return   -5.24%  loss 3.65e-05  maxQ +0.0312  changes   101  8.8 min
episode 644/1013  eps 0.010  train return   -6.31%  loss 3.67e-05  maxQ +0.0312  changes    70  8.8 min
episode 645/1013  eps 0.010  train return  -10.08%  loss 3.90e-05  maxQ +0.0314  changes    83  8.8 min
episode 646/1013  eps 0.010  train return   +1.83%  loss 3.54e-05  maxQ +0.0313  changes   132  8.8 min
episode 647/1013  eps 0.010  train return   -4.29%  loss 3.34e-05  maxQ +0.0310  changes   107  8.9 min
episode 648/1013  eps 0.010  train return   +9.08%  loss 3.61e-05  maxQ +0.0305  changes    79  8.9 min
episode 649/1013  eps 0.010  train return   -0.75%  loss 3.64e-05  maxQ +0.0305  changes   134  8.9 min
episode 650/1013  eps 0.010  train return   +0.97%  loss 3.55e-05  maxQ +0.0305  changes   104  8.9 min | val return +3.12% (best +25.25%)
episode 651/1013  eps 0.010  train return   -8.09%  loss 3.44e-05  maxQ +0.0305  changes    74  8.9 min
episode 652/1013  eps 0.010  train return   +1.82%  loss 3.39e-05  maxQ +0.0304  changes    75  8.9 min
episode 653/1013  eps 0.010  train return  +17.89%  loss 3.66e-05  maxQ +0.0311  changes    79  8.9 min
episode 654/1013  eps 0.010  train return   -3.59%  loss 3.49e-05  maxQ +0.0305  changes    91  9.0 min
episode 655/1013  eps 0.010  train return  +21.51%  loss 3.39e-05  maxQ +0.0310  changes   107  9.0 min
episode 656/1013  eps 0.010  train return  -10.65%  loss 3.50e-05  maxQ +0.0310  changes    79  9.0 min
episode 657/1013  eps 0.010  train return   +3.02%  loss 3.52e-05  maxQ +0.0306  changes   149  9.0 min
episode 658/1013  eps 0.010  train return   -5.85%  loss 3.49e-05  maxQ +0.0305  changes   105  9.0 min
episode 659/1013  eps 0.010  train return   +9.31%  loss 3.74e-05  maxQ +0.0307  changes   102  9.0 min
episode 660/1013  eps 0.010  train return   -4.79%  loss 3.68e-05  maxQ +0.0300  changes    94  9.0 min | val return +5.97% (best +25.25%)
episode 661/1013  eps 0.010  train return  +13.71%  loss 3.64e-05  maxQ +0.0303  changes    97  9.1 min
episode 662/1013  eps 0.010  train return   +9.34%  loss 3.76e-05  maxQ +0.0301  changes    71  9.1 min
episode 663/1013  eps 0.010  train return  +33.19%  loss 3.83e-05  maxQ +0.0299  changes    70  9.1 min
episode 664/1013  eps 0.010  train return   -5.77%  loss 3.54e-05  maxQ +0.0300  changes    92  9.1 min
episode 665/1013  eps 0.010  train return  +20.99%  loss 3.60e-05  maxQ +0.0298  changes    59  9.1 min
episode 666/1013  eps 0.010  train return  +10.51%  loss 3.65e-05  maxQ +0.0299  changes    97  9.1 min
episode 667/1013  eps 0.010  train return  +31.66%  loss 3.62e-05  maxQ +0.0297  changes    74  9.1 min
episode 668/1013  eps 0.010  train return  +31.10%  loss 3.91e-05  maxQ +0.0292  changes    70  9.1 min
episode 669/1013  eps 0.010  train return   -2.69%  loss 3.67e-05  maxQ +0.0290  changes   104  9.2 min
episode 670/1013  eps 0.010  train return  +12.41%  loss 3.78e-05  maxQ +0.0304  changes   282  9.2 min | val return -3.24% (best +25.25%)
episode 671/1013  eps 0.010  train return  -16.53%  loss 3.62e-05  maxQ +0.0305  changes   178  9.2 min
episode 672/1013  eps 0.010  train return  +18.55%  loss 3.83e-05  maxQ +0.0314  changes   351  9.2 min
episode 673/1013  eps 0.010  train return   +1.08%  loss 3.71e-05  maxQ +0.0316  changes   186  9.2 min
episode 674/1013  eps 0.010  train return   -6.25%  loss 3.50e-05  maxQ +0.0317  changes   124  9.2 min
episode 675/1013  eps 0.010  train return   -4.03%  loss 3.71e-05  maxQ +0.0320  changes   128  9.2 min
episode 676/1013  eps 0.010  train return  +24.48%  loss 3.73e-05  maxQ +0.0318  changes   176  9.3 min
episode 677/1013  eps 0.010  train return   -3.71%  loss 3.69e-05  maxQ +0.0324  changes   297  9.3 min
episode 678/1013  eps 0.010  train return  -12.47%  loss 3.70e-05  maxQ +0.0316  changes   153  9.3 min
episode 679/1013  eps 0.010  train return  -18.92%  loss 3.59e-05  maxQ +0.0316  changes   182  9.3 min
episode 680/1013  eps 0.010  train return  -13.78%  loss 3.59e-05  maxQ +0.0315  changes   281  9.3 min | val return -2.39% (best +25.25%)
episode 681/1013  eps 0.010  train return  -30.90%  loss 3.55e-05  maxQ +0.0309  changes   122  9.3 min
episode 682/1013  eps 0.010  train return   -7.58%  loss 3.38e-05  maxQ +0.0310  changes   178  9.3 min
episode 683/1013  eps 0.010  train return  +10.68%  loss 3.27e-05  maxQ +0.0305  changes   129  9.4 min
episode 684/1013  eps 0.010  train return  +69.46%  loss 3.31e-05  maxQ +0.0310  changes   173  9.4 min
episode 685/1013  eps 0.010  train return   -8.51%  loss 3.32e-05  maxQ +0.0313  changes   253  9.4 min
episode 686/1013  eps 0.010  train return   +7.72%  loss 3.23e-05  maxQ +0.0308  changes   153  9.4 min
episode 687/1013  eps 0.010  train return  -21.21%  loss 3.33e-05  maxQ +0.0308  changes   110  9.4 min
episode 688/1013  eps 0.010  train return  +29.72%  loss 3.32e-05  maxQ +0.0306  changes    99  9.5 min
episode 689/1013  eps 0.010  train return   +0.30%  loss 3.30e-05  maxQ +0.0305  changes   147  9.5 min
episode 690/1013  eps 0.010  train return  +47.82%  loss 3.38e-05  maxQ +0.0308  changes   250  9.5 min | val return +9.69% (best +25.25%)
episode 691/1013  eps 0.010  train return  -14.41%  loss 3.44e-05  maxQ +0.0307  changes   168  9.5 min
episode 692/1013  eps 0.010  train return  -18.62%  loss 3.45e-05  maxQ +0.0308  changes   189  9.5 min
episode 693/1013  eps 0.010  train return  -16.47%  loss 3.28e-05  maxQ +0.0319  changes   223  9.5 min
episode 694/1013  eps 0.010  train return  +15.78%  loss 3.31e-05  maxQ +0.0322  changes   151  9.5 min
episode 695/1013  eps 0.010  train return   -0.90%  loss 3.43e-05  maxQ +0.0326  changes   193  9.5 min
episode 696/1013  eps 0.010  train return  +31.26%  loss 3.37e-05  maxQ +0.0329  changes   140  9.6 min
episode 697/1013  eps 0.010  train return  -16.74%  loss 3.50e-05  maxQ +0.0331  changes   124  9.6 min
episode 698/1013  eps 0.010  train return   -2.14%  loss 3.62e-05  maxQ +0.0328  changes   165  9.6 min
episode 699/1013  eps 0.010  train return  +13.13%  loss 3.70e-05  maxQ +0.0325  changes   106  9.6 min
episode 700/1013  eps 0.010  train return  +10.00%  loss 3.62e-05  maxQ +0.0325  changes   111  9.6 min | val return -8.64% (best +25.25%)
episode 701/1013  eps 0.010  train return  +52.50%  loss 3.61e-05  maxQ +0.0325  changes   248  9.6 min
episode 702/1013  eps 0.010  train return  -17.85%  loss 3.66e-05  maxQ +0.0325  changes   109  9.6 min
episode 703/1013  eps 0.010  train return   +2.92%  loss 3.70e-05  maxQ +0.0329  changes   190  9.7 min
episode 704/1013  eps 0.010  train return   -2.03%  loss 3.79e-05  maxQ +0.0329  changes   166  9.7 min
episode 705/1013  eps 0.010  train return   +5.60%  loss 3.72e-05  maxQ +0.0330  changes   153  9.7 min
episode 706/1013  eps 0.010  train return  -17.14%  loss 3.57e-05  maxQ +0.0334  changes   128  9.7 min
episode 707/1013  eps 0.010  train return  +10.65%  loss 3.69e-05  maxQ +0.0331  changes   129  9.7 min
episode 708/1013  eps 0.010  train return  +12.87%  loss 3.46e-05  maxQ +0.0330  changes   138  9.7 min
episode 709/1013  eps 0.010  train return  +16.98%  loss 3.74e-05  maxQ +0.0332  changes   241  9.7 min
episode 710/1013  eps 0.010  train return   -0.49%  loss 3.62e-05  maxQ +0.0331  changes   192  9.7 min | val return -19.01% (best +25.25%)
episode 711/1013  eps 0.010  train return   +0.72%  loss 3.65e-05  maxQ +0.0330  changes   298  9.8 min
episode 712/1013  eps 0.010  train return  +18.60%  loss 3.73e-05  maxQ +0.0325  changes   198  9.8 min
episode 713/1013  eps 0.010  train return  -15.59%  loss 3.73e-05  maxQ +0.0326  changes   111  9.8 min
episode 714/1013  eps 0.010  train return  +25.08%  loss 3.93e-05  maxQ +0.0325  changes   149  9.8 min
episode 715/1013  eps 0.010  train return   +1.46%  loss 4.06e-05  maxQ +0.0329  changes   115  9.8 min
episode 716/1013  eps 0.010  train return   +4.10%  loss 4.02e-05  maxQ +0.0335  changes    68  9.8 min
episode 717/1013  eps 0.010  train return   -3.33%  loss 3.85e-05  maxQ +0.0329  changes    96  9.8 min
episode 718/1013  eps 0.010  train return  +20.51%  loss 4.07e-05  maxQ +0.0336  changes   147  9.8 min
episode 719/1013  eps 0.010  train return   +9.09%  loss 3.80e-05  maxQ +0.0329  changes   164  9.9 min
episode 720/1013  eps 0.010  train return  +62.94%  loss 3.80e-05  maxQ +0.0343  changes    91  9.9 min | val return -7.63% (best +25.25%)
episode 721/1013  eps 0.010  train return  -24.18%  loss 3.86e-05  maxQ +0.0342  changes    88  9.9 min
episode 722/1013  eps 0.010  train return   +9.57%  loss 4.03e-05  maxQ +0.0349  changes    60  9.9 min
episode 723/1013  eps 0.010  train return   +6.36%  loss 3.78e-05  maxQ +0.0352  changes   128  9.9 min
episode 724/1013  eps 0.010  train return   -6.32%  loss 3.78e-05  maxQ +0.0345  changes   124  9.9 min
episode 725/1013  eps 0.010  train return  +39.56%  loss 3.73e-05  maxQ +0.0346  changes   197  9.9 min
episode 726/1013  eps 0.010  train return  +15.74%  loss 3.76e-05  maxQ +0.0346  changes   173  10.0 min
episode 727/1013  eps 0.010  train return   +7.35%  loss 3.75e-05  maxQ +0.0347  changes   166  10.0 min
episode 728/1013  eps 0.010  train return  -15.43%  loss 3.76e-05  maxQ +0.0342  changes   111  10.0 min
episode 729/1013  eps 0.010  train return   +9.17%  loss 3.95e-05  maxQ +0.0347  changes   255  10.0 min
episode 730/1013  eps 0.010  train return  -13.35%  loss 4.04e-05  maxQ +0.0346  changes   200  10.0 min | val return -20.04% (best +25.25%)
episode 731/1013  eps 0.010  train return  -26.71%  loss 3.83e-05  maxQ +0.0349  changes   222  10.0 min
episode 732/1013  eps 0.010  train return  -22.73%  loss 3.96e-05  maxQ +0.0343  changes   152  10.0 min
episode 733/1013  eps 0.010  train return  -21.34%  loss 4.09e-05  maxQ +0.0346  changes   143  10.0 min
episode 734/1013  eps 0.010  train return  -17.22%  loss 4.00e-05  maxQ +0.0341  changes   214  10.1 min
episode 735/1013  eps 0.010  train return   +5.76%  loss 4.01e-05  maxQ +0.0350  changes   188  10.1 min
episode 736/1013  eps 0.010  train return   -3.16%  loss 3.97e-05  maxQ +0.0346  changes   187  10.1 min
episode 737/1013  eps 0.010  train return  +22.13%  loss 4.17e-05  maxQ +0.0356  changes   207  10.1 min
episode 738/1013  eps 0.010  train return  -16.81%  loss 4.10e-05  maxQ +0.0352  changes   155  10.1 min
episode 739/1013  eps 0.010  train return   -6.63%  loss 4.04e-05  maxQ +0.0346  changes   139  10.1 min
episode 740/1013  eps 0.010  train return   +8.70%  loss 4.21e-05  maxQ +0.0346  changes   233  10.1 min | val return -4.26% (best +25.25%)
episode 741/1013  eps 0.010  train return  +15.08%  loss 4.20e-05  maxQ +0.0348  changes   200  10.2 min
episode 742/1013  eps 0.010  train return  -24.43%  loss 4.14e-05  maxQ +0.0344  changes   170  10.2 min
episode 743/1013  eps 0.010  train return  -26.98%  loss 4.21e-05  maxQ +0.0339  changes   138  10.2 min
episode 744/1013  eps 0.010  train return  +54.02%  loss 4.08e-05  maxQ +0.0335  changes   146  10.2 min
episode 745/1013  eps 0.010  train return  -14.18%  loss 4.32e-05  maxQ +0.0333  changes   185  10.2 min
episode 746/1013  eps 0.010  train return  +34.36%  loss 4.46e-05  maxQ +0.0336  changes   139  10.2 min
episode 747/1013  eps 0.010  train return   -3.32%  loss 4.09e-05  maxQ +0.0332  changes   144  10.2 min
episode 748/1013  eps 0.010  train return  +18.32%  loss 4.37e-05  maxQ +0.0333  changes   113  10.2 min
episode 749/1013  eps 0.010  train return  +44.65%  loss 4.27e-05  maxQ +0.0329  changes   112  10.3 min
episode 750/1013  eps 0.010  train return  +52.27%  loss 4.21e-05  maxQ +0.0333  changes   124  10.3 min | val return +2.85% (best +25.25%)
episode 751/1013  eps 0.010  train return  +11.23%  loss 4.32e-05  maxQ +0.0338  changes   130  10.3 min
episode 752/1013  eps 0.010  train return  +28.61%  loss 4.41e-05  maxQ +0.0335  changes   147  10.3 min
episode 753/1013  eps 0.010  train return   +2.75%  loss 4.39e-05  maxQ +0.0333  changes    99  10.3 min
episode 754/1013  eps 0.010  train return  -19.94%  loss 4.42e-05  maxQ +0.0329  changes   153  10.3 min
episode 755/1013  eps 0.010  train return  -39.29%  loss 4.31e-05  maxQ +0.0324  changes   124  10.4 min
episode 756/1013  eps 0.010  train return  -14.74%  loss 4.31e-05  maxQ +0.0329  changes    82  10.4 min
episode 757/1013  eps 0.010  train return   +7.36%  loss 4.50e-05  maxQ +0.0326  changes    83  10.4 min
episode 758/1013  eps 0.010  train return  +12.32%  loss 4.45e-05  maxQ +0.0318  changes   121  10.4 min
episode 759/1013  eps 0.010  train return  -14.20%  loss 4.43e-05  maxQ +0.0318  changes    63  10.4 min
episode 760/1013  eps 0.010  train return  +16.99%  loss 4.29e-05  maxQ +0.0317  changes    85  10.4 min | val return -3.67% (best +25.25%)
episode 761/1013  eps 0.010  train return   +9.46%  loss 4.57e-05  maxQ +0.0314  changes   118  10.4 min
episode 762/1013  eps 0.010  train return  +16.43%  loss 4.24e-05  maxQ +0.0309  changes   113  10.4 min
episode 763/1013  eps 0.010  train return  +23.83%  loss 4.25e-05  maxQ +0.0308  changes   111  10.5 min
episode 764/1013  eps 0.010  train return  +17.93%  loss 4.30e-05  maxQ +0.0309  changes    66  10.5 min
episode 765/1013  eps 0.010  train return   -4.17%  loss 4.28e-05  maxQ +0.0305  changes    82  10.5 min
episode 766/1013  eps 0.010  train return  +19.81%  loss 4.38e-05  maxQ +0.0312  changes   134  10.5 min
episode 767/1013  eps 0.010  train return   +3.44%  loss 4.17e-05  maxQ +0.0313  changes    85  10.5 min
episode 768/1013  eps 0.010  train return   -0.06%  loss 4.07e-05  maxQ +0.0308  changes    59  10.5 min
episode 769/1013  eps 0.010  train return   -2.42%  loss 4.03e-05  maxQ +0.0310  changes    51  10.5 min
episode 770/1013  eps 0.010  train return   +7.96%  loss 4.12e-05  maxQ +0.0308  changes    72  10.5 min | val return -6.91% (best +25.25%)
episode 771/1013  eps 0.010  train return   -5.43%  loss 4.28e-05  maxQ +0.0309  changes    56  10.5 min
episode 772/1013  eps 0.010  train return   -4.09%  loss 4.14e-05  maxQ +0.0310  changes   122  10.6 min
episode 773/1013  eps 0.010  train return   -0.04%  loss 4.34e-05  maxQ +0.0306  changes    74  10.6 min
episode 774/1013  eps 0.010  train return   -3.50%  loss 4.14e-05  maxQ +0.0306  changes   176  10.6 min
episode 775/1013  eps 0.010  train return   -1.25%  loss 4.12e-05  maxQ +0.0316  changes   100  10.6 min
episode 776/1013  eps 0.010  train return   +5.18%  loss 4.06e-05  maxQ +0.0313  changes    71  10.6 min
episode 777/1013  eps 0.010  train return   +2.31%  loss 4.24e-05  maxQ +0.0321  changes    92  10.6 min
episode 778/1013  eps 0.010  train return  +19.99%  loss 4.05e-05  maxQ +0.0324  changes    91  10.6 min
episode 779/1013  eps 0.010  train return  +19.32%  loss 4.29e-05  maxQ +0.0324  changes    80  10.6 min
episode 780/1013  eps 0.010  train return   -8.96%  loss 4.19e-05  maxQ +0.0315  changes    82  10.6 min | val return +0.38% (best +25.25%)
episode 781/1013  eps 0.010  train return   -7.05%  loss 4.03e-05  maxQ +0.0314  changes   117  10.7 min
episode 782/1013  eps 0.010  train return  +50.68%  loss 3.97e-05  maxQ +0.0316  changes   113  10.7 min
episode 783/1013  eps 0.010  train return  +37.59%  loss 4.25e-05  maxQ +0.0311  changes   147  10.7 min
episode 784/1013  eps 0.010  train return  -16.55%  loss 4.14e-05  maxQ +0.0315  changes   126  10.7 min
episode 785/1013  eps 0.010  train return  -11.94%  loss 4.01e-05  maxQ +0.0310  changes    81  10.7 min
episode 786/1013  eps 0.010  train return   +7.34%  loss 3.86e-05  maxQ +0.0312  changes    59  10.7 min
episode 787/1013  eps 0.010  train return  +37.46%  loss 3.97e-05  maxQ +0.0322  changes   101  10.7 min
episode 788/1013  eps 0.010  train return  +21.71%  loss 3.94e-05  maxQ +0.0322  changes   100  10.7 min
episode 789/1013  eps 0.010  train return  +30.56%  loss 4.04e-05  maxQ +0.0334  changes    74  10.8 min
episode 790/1013  eps 0.010  train return  -10.99%  loss 3.95e-05  maxQ +0.0331  changes    67  10.8 min | val return +0.87% (best +25.25%)
episode 791/1013  eps 0.010  train return   +2.94%  loss 3.85e-05  maxQ +0.0331  changes    62  10.8 min
episode 792/1013  eps 0.010  train return   +7.12%  loss 4.03e-05  maxQ +0.0329  changes    77  10.8 min
episode 793/1013  eps 0.010  train return   +6.92%  loss 4.00e-05  maxQ +0.0326  changes    67  10.8 min
episode 794/1013  eps 0.010  train return   +3.85%  loss 4.06e-05  maxQ +0.0332  changes    87  10.8 min
episode 795/1013  eps 0.010  train return  -15.46%  loss 3.85e-05  maxQ +0.0322  changes    90  10.8 min
episode 796/1013  eps 0.010  train return  -10.04%  loss 4.01e-05  maxQ +0.0322  changes    54  10.8 min
episode 797/1013  eps 0.010  train return   -7.07%  loss 3.96e-05  maxQ +0.0322  changes    83  10.8 min
episode 798/1013  eps 0.010  train return  +20.03%  loss 4.02e-05  maxQ +0.0324  changes    74  10.9 min
episode 799/1013  eps 0.010  train return  +38.50%  loss 3.77e-05  maxQ +0.0327  changes    61  10.9 min
episode 800/1013  eps 0.010  train return  +12.17%  loss 4.05e-05  maxQ +0.0325  changes    99  10.9 min | val return +0.96% (best +25.25%)
episode 801/1013  eps 0.010  train return  -33.12%  loss 3.98e-05  maxQ +0.0324  changes    95  10.9 min
episode 802/1013  eps 0.010  train return  +49.14%  loss 4.10e-05  maxQ +0.0327  changes    68  10.9 min
episode 803/1013  eps 0.010  train return   -6.99%  loss 4.03e-05  maxQ +0.0321  changes    67  10.9 min
episode 804/1013  eps 0.010  train return  +19.06%  loss 4.11e-05  maxQ +0.0322  changes    71  10.9 min
episode 805/1013  eps 0.010  train return  +17.65%  loss 4.12e-05  maxQ +0.0326  changes   107  10.9 min
episode 806/1013  eps 0.010  train return  +24.49%  loss 4.16e-05  maxQ +0.0326  changes    86  11.0 min
episode 807/1013  eps 0.010  train return  +70.65%  loss 3.98e-05  maxQ +0.0326  changes   123  11.0 min
episode 808/1013  eps 0.010  train return   +6.72%  loss 4.04e-05  maxQ +0.0320  changes    93  11.0 min
episode 809/1013  eps 0.010  train return   -0.18%  loss 4.36e-05  maxQ +0.0322  changes    79  11.0 min
episode 810/1013  eps 0.010  train return   +4.00%  loss 4.27e-05  maxQ +0.0319  changes    87  11.0 min | val return +0.12% (best +25.25%)
episode 811/1013  eps 0.010  train return  -32.89%  loss 4.30e-05  maxQ +0.0320  changes    78  11.0 min
episode 812/1013  eps 0.010  train return  -30.67%  loss 4.24e-05  maxQ +0.0324  changes    82  11.0 min
episode 813/1013  eps 0.010  train return  +51.17%  loss 4.31e-05  maxQ +0.0326  changes    75  11.0 min
episode 814/1013  eps 0.010  train return  -34.12%  loss 4.22e-05  maxQ +0.0333  changes    65  11.1 min
episode 815/1013  eps 0.010  train return  -15.70%  loss 4.35e-05  maxQ +0.0325  changes    81  11.1 min
episode 816/1013  eps 0.010  train return  -17.53%  loss 4.39e-05  maxQ +0.0325  changes    85  11.1 min
episode 817/1013  eps 0.010  train return   +0.88%  loss 4.48e-05  maxQ +0.0329  changes    87  11.1 min
episode 818/1013  eps 0.010  train return  -31.41%  loss 4.37e-05  maxQ +0.0334  changes    83  11.1 min
episode 819/1013  eps 0.010  train return   -4.87%  loss 4.59e-05  maxQ +0.0339  changes   144  11.1 min
episode 820/1013  eps 0.010  train return   -2.50%  loss 4.34e-05  maxQ +0.0337  changes    63  11.1 min | val return +0.00% (best +25.25%)
episode 821/1013  eps 0.010  train return   +7.48%  loss 4.50e-05  maxQ +0.0335  changes    84  11.1 min
episode 822/1013  eps 0.010  train return  +22.23%  loss 4.58e-05  maxQ +0.0334  changes    87  11.2 min
episode 823/1013  eps 0.010  train return  +23.02%  loss 4.35e-05  maxQ +0.0335  changes    82  11.2 min
episode 824/1013  eps 0.010  train return  -34.18%  loss 4.61e-05  maxQ +0.0342  changes    79  11.2 min
episode 825/1013  eps 0.010  train return  -10.29%  loss 4.54e-05  maxQ +0.0337  changes    76  11.2 min
episode 826/1013  eps 0.010  train return  +15.46%  loss 4.63e-05  maxQ +0.0335  changes    88  11.2 min
episode 827/1013  eps 0.010  train return   -7.10%  loss 4.40e-05  maxQ +0.0331  changes    89  11.2 min
episode 828/1013  eps 0.010  train return  -15.42%  loss 4.36e-05  maxQ +0.0336  changes    53  11.2 min
episode 829/1013  eps 0.010  train return  -10.06%  loss 4.53e-05  maxQ +0.0333  changes    73  11.2 min
episode 830/1013  eps 0.010  train return  -16.28%  loss 4.54e-05  maxQ +0.0331  changes    88  11.2 min | val return -4.63% (best +25.25%)
episode 831/1013  eps 0.010  train return  -11.53%  loss 4.49e-05  maxQ +0.0328  changes    70  11.3 min
episode 832/1013  eps 0.010  train return  +37.58%  loss 4.59e-05  maxQ +0.0328  changes    84  11.3 min
episode 833/1013  eps 0.010  train return  -54.75%  loss 4.54e-05  maxQ +0.0333  changes    72  11.3 min
episode 834/1013  eps 0.010  train return   +3.66%  loss 4.84e-05  maxQ +0.0332  changes   179  11.3 min
episode 835/1013  eps 0.010  train return   -4.98%  loss 4.73e-05  maxQ +0.0339  changes   188  11.3 min
episode 836/1013  eps 0.010  train return  -34.03%  loss 4.54e-05  maxQ +0.0337  changes   142  11.3 min
episode 837/1013  eps 0.010  train return  -21.93%  loss 4.43e-05  maxQ +0.0336  changes   110  11.3 min
episode 838/1013  eps 0.010  train return   +2.97%  loss 4.57e-05  maxQ +0.0332  changes    70  11.3 min
episode 839/1013  eps 0.010  train return   +0.73%  loss 4.62e-05  maxQ +0.0336  changes    84  11.3 min
episode 840/1013  eps 0.010  train return  -21.51%  loss 4.61e-05  maxQ +0.0342  changes    82  11.4 min | val return +2.07% (best +25.25%)
episode 841/1013  eps 0.010  train return  -10.40%  loss 4.64e-05  maxQ +0.0342  changes    70  11.4 min
episode 842/1013  eps 0.010  train return   +5.33%  loss 4.39e-05  maxQ +0.0338  changes    92  11.4 min
episode 843/1013  eps 0.010  train return  -33.72%  loss 4.75e-05  maxQ +0.0341  changes    80  11.4 min
episode 844/1013  eps 0.010  train return  -17.85%  loss 4.85e-05  maxQ +0.0342  changes    93  11.4 min
episode 845/1013  eps 0.010  train return   +8.26%  loss 4.75e-05  maxQ +0.0339  changes    72  11.4 min
episode 846/1013  eps 0.010  train return  +30.62%  loss 4.82e-05  maxQ +0.0342  changes    81  11.4 min
episode 847/1013  eps 0.010  train return   -6.34%  loss 5.01e-05  maxQ +0.0347  changes    91  11.4 min
episode 848/1013  eps 0.010  train return  +25.23%  loss 4.97e-05  maxQ +0.0348  changes   142  11.4 min
episode 849/1013  eps 0.010  train return  +13.43%  loss 4.82e-05  maxQ +0.0350  changes    69  11.5 min
episode 850/1013  eps 0.010  train return   -2.72%  loss 4.81e-05  maxQ +0.0348  changes    79  11.5 min | val return +0.33% (best +25.25%)
episode 851/1013  eps 0.010  train return  -29.81%  loss 5.11e-05  maxQ +0.0346  changes   103  11.5 min
episode 852/1013  eps 0.010  train return  -22.65%  loss 5.16e-05  maxQ +0.0347  changes    98  11.5 min
episode 853/1013  eps 0.010  train return  -22.10%  loss 4.92e-05  maxQ +0.0341  changes   144  11.5 min
episode 854/1013  eps 0.010  train return  -16.16%  loss 5.02e-05  maxQ +0.0339  changes   109  11.5 min
episode 855/1013  eps 0.010  train return  +58.80%  loss 4.86e-05  maxQ +0.0335  changes   108  11.5 min
episode 856/1013  eps 0.010  train return  +17.82%  loss 5.20e-05  maxQ +0.0337  changes    85  11.5 min
episode 857/1013  eps 0.010  train return  -13.99%  loss 5.13e-05  maxQ +0.0338  changes    69  11.6 min
episode 858/1013  eps 0.010  train return   -7.69%  loss 5.38e-05  maxQ +0.0338  changes    66  11.6 min
episode 859/1013  eps 0.010  train return  -11.20%  loss 5.17e-05  maxQ +0.0336  changes    68  11.6 min
episode 860/1013  eps 0.010  train return  +11.80%  loss 4.97e-05  maxQ +0.0329  changes   115  11.6 min | val return -1.13% (best +25.25%)
episode 861/1013  eps 0.010  train return   -4.85%  loss 4.94e-05  maxQ +0.0329  changes   130  11.6 min
episode 862/1013  eps 0.010  train return   +4.20%  loss 5.04e-05  maxQ +0.0329  changes   139  11.6 min
episode 863/1013  eps 0.010  train return   +5.65%  loss 4.72e-05  maxQ +0.0331  changes    84  11.6 min
episode 864/1013  eps 0.010  train return  -12.00%  loss 4.66e-05  maxQ +0.0336  changes    89  11.6 min
episode 865/1013  eps 0.010  train return   -8.09%  loss 4.72e-05  maxQ +0.0334  changes    78  11.6 min
episode 866/1013  eps 0.010  train return   +6.90%  loss 4.52e-05  maxQ +0.0335  changes    55  11.7 min
episode 867/1013  eps 0.010  train return   +3.04%  loss 4.58e-05  maxQ +0.0339  changes    93  11.7 min
episode 868/1013  eps 0.010  train return  -11.94%  loss 4.86e-05  maxQ +0.0336  changes    72  11.7 min
episode 869/1013  eps 0.010  train return   +3.83%  loss 4.63e-05  maxQ +0.0338  changes    74  11.7 min
episode 870/1013  eps 0.010  train return   +8.47%  loss 4.72e-05  maxQ +0.0332  changes   100  11.7 min | val return +1.92% (best +25.25%)
episode 871/1013  eps 0.010  train return  -15.67%  loss 4.59e-05  maxQ +0.0336  changes    72  11.7 min
episode 872/1013  eps 0.010  train return  +10.92%  loss 4.42e-05  maxQ +0.0326  changes    91  11.7 min
episode 873/1013  eps 0.010  train return  +41.01%  loss 4.39e-05  maxQ +0.0331  changes    75  11.7 min
episode 874/1013  eps 0.010  train return   -2.84%  loss 4.55e-05  maxQ +0.0330  changes    85  11.7 min
episode 875/1013  eps 0.010  train return  -19.81%  loss 4.43e-05  maxQ +0.0328  changes    80  11.8 min
episode 876/1013  eps 0.010  train return   -4.48%  loss 4.46e-05  maxQ +0.0330  changes    66  11.8 min
episode 877/1013  eps 0.010  train return   +7.97%  loss 4.24e-05  maxQ +0.0329  changes    90  11.8 min
episode 878/1013  eps 0.010  train return   -4.56%  loss 4.31e-05  maxQ +0.0327  changes    82  11.8 min
episode 879/1013  eps 0.010  train return  -15.87%  loss 3.98e-05  maxQ +0.0321  changes   153  11.8 min
episode 880/1013  eps 0.010  train return   -5.39%  loss 4.16e-05  maxQ +0.0318  changes   160  11.8 min | val return +2.11% (best +25.25%)
episode 881/1013  eps 0.010  train return   -6.12%  loss 4.20e-05  maxQ +0.0321  changes   154  11.8 min
episode 882/1013  eps 0.010  train return  -24.40%  loss 3.77e-05  maxQ +0.0321  changes   286  11.9 min
episode 883/1013  eps 0.010  train return   +3.91%  loss 3.68e-05  maxQ +0.0316  changes   180  11.9 min
episode 884/1013  eps 0.010  train return  +51.36%  loss 3.51e-05  maxQ +0.0314  changes   120  11.9 min
episode 885/1013  eps 0.010  train return  -19.92%  loss 3.61e-05  maxQ +0.0312  changes   128  11.9 min
episode 886/1013  eps 0.010  train return   -0.67%  loss 3.55e-05  maxQ +0.0317  changes   104  11.9 min
episode 887/1013  eps 0.010  train return   +7.12%  loss 3.44e-05  maxQ +0.0315  changes    91  11.9 min
episode 888/1013  eps 0.010  train return  +20.33%  loss 3.40e-05  maxQ +0.0310  changes    83  11.9 min
episode 889/1013  eps 0.010  train return   +7.38%  loss 3.44e-05  maxQ +0.0312  changes   123  11.9 min
episode 890/1013  eps 0.010  train return   +5.99%  loss 3.36e-05  maxQ +0.0314  changes   189  11.9 min | val return +0.79% (best +25.25%)
episode 891/1013  eps 0.010  train return   +6.47%  loss 3.41e-05  maxQ +0.0309  changes    97  12.0 min
episode 892/1013  eps 0.010  train return  -13.78%  loss 3.18e-05  maxQ +0.0308  changes   128  12.0 min
episode 893/1013  eps 0.010  train return   +1.48%  loss 3.18e-05  maxQ +0.0310  changes    62  12.0 min
episode 894/1013  eps 0.010  train return   +9.62%  loss 3.33e-05  maxQ +0.0311  changes    81  12.0 min
episode 895/1013  eps 0.010  train return  +20.61%  loss 3.30e-05  maxQ +0.0307  changes    88  12.0 min
episode 896/1013  eps 0.010  train return   +7.59%  loss 3.22e-05  maxQ +0.0314  changes   139  12.0 min
episode 897/1013  eps 0.010  train return   -2.55%  loss 3.07e-05  maxQ +0.0310  changes    74  12.0 min
episode 898/1013  eps 0.010  train return   -5.60%  loss 3.14e-05  maxQ +0.0309  changes   162  12.0 min
episode 899/1013  eps 0.010  train return  +11.26%  loss 2.91e-05  maxQ +0.0311  changes   147  12.0 min
episode 900/1013  eps 0.010  train return   -5.05%  loss 3.00e-05  maxQ +0.0310  changes   163  12.1 min | val return -0.59% (best +25.25%)
episode 901/1013  eps 0.010  train return   +1.92%  loss 2.96e-05  maxQ +0.0324  changes   130  12.1 min
episode 902/1013  eps 0.010  train return   -1.29%  loss 2.95e-05  maxQ +0.0322  changes   129  12.1 min
episode 903/1013  eps 0.010  train return   -2.98%  loss 2.75e-05  maxQ +0.0328  changes   172  12.1 min
episode 904/1013  eps 0.010  train return  -15.17%  loss 2.97e-05  maxQ +0.0329  changes   196  12.1 min
episode 905/1013  eps 0.010  train return  -14.36%  loss 2.89e-05  maxQ +0.0326  changes   113  12.1 min
episode 906/1013  eps 0.010  train return   +1.73%  loss 3.02e-05  maxQ +0.0327  changes    84  12.1 min
episode 907/1013  eps 0.010  train return   +1.82%  loss 2.81e-05  maxQ +0.0321  changes    84  12.1 min
episode 908/1013  eps 0.010  train return  +15.05%  loss 3.02e-05  maxQ +0.0324  changes    94  12.1 min
episode 909/1013  eps 0.010  train return  +55.85%  loss 2.92e-05  maxQ +0.0316  changes    78  12.2 min
episode 910/1013  eps 0.010  train return  +20.39%  loss 2.97e-05  maxQ +0.0319  changes    79  12.2 min | val return -1.76% (best +25.25%)
episode 911/1013  eps 0.010  train return  -13.47%  loss 2.90e-05  maxQ +0.0321  changes    66  12.2 min
episode 912/1013  eps 0.010  train return   +5.35%  loss 2.85e-05  maxQ +0.0323  changes    88  12.2 min
episode 913/1013  eps 0.010  train return  +11.06%  loss 2.89e-05  maxQ +0.0319  changes    75  12.2 min
episode 914/1013  eps 0.010  train return   -6.76%  loss 2.98e-05  maxQ +0.0319  changes   173  12.2 min
episode 915/1013  eps 0.010  train return   +2.94%  loss 2.90e-05  maxQ +0.0320  changes   171  12.2 min
episode 916/1013  eps 0.010  train return   -0.28%  loss 3.00e-05  maxQ +0.0316  changes    88  12.2 min
episode 917/1013  eps 0.010  train return   +1.03%  loss 3.03e-05  maxQ +0.0322  changes   286  12.3 min
episode 918/1013  eps 0.010  train return  -16.41%  loss 3.08e-05  maxQ +0.0320  changes   427  12.3 min
episode 919/1013  eps 0.010  train return  +18.66%  loss 3.06e-05  maxQ +0.0316  changes   204  12.3 min
episode 920/1013  eps 0.010  train return   +3.10%  loss 3.35e-05  maxQ +0.0318  changes   120  12.3 min | val return +6.01% (best +25.25%)
episode 921/1013  eps 0.010  train return  -25.62%  loss 3.25e-05  maxQ +0.0315  changes   133  12.3 min
episode 922/1013  eps 0.010  train return   -0.12%  loss 3.18e-05  maxQ +0.0311  changes   106  12.3 min
episode 923/1013  eps 0.010  train return   +9.40%  loss 3.20e-05  maxQ +0.0315  changes   143  12.3 min
episode 924/1013  eps 0.010  train return   +0.87%  loss 3.37e-05  maxQ +0.0317  changes   132  12.3 min
episode 925/1013  eps 0.010  train return  +19.87%  loss 3.15e-05  maxQ +0.0323  changes   204  12.3 min
episode 926/1013  eps 0.010  train return  +28.05%  loss 3.23e-05  maxQ +0.0319  changes   209  12.4 min
episode 927/1013  eps 0.010  train return   -5.56%  loss 3.02e-05  maxQ +0.0322  changes   175  12.4 min
episode 928/1013  eps 0.010  train return  -17.00%  loss 3.04e-05  maxQ +0.0325  changes   106  12.4 min
episode 929/1013  eps 0.010  train return  +24.20%  loss 3.11e-05  maxQ +0.0326  changes    84  12.4 min
episode 930/1013  eps 0.010  train return   +2.99%  loss 3.15e-05  maxQ +0.0329  changes   341  12.4 min | val return -22.77% (best +25.25%)
episode 931/1013  eps 0.010  train return  -11.91%  loss 3.36e-05  maxQ +0.0344  changes   365  12.4 min
episode 932/1013  eps 0.010  train return   -6.56%  loss 3.14e-05  maxQ +0.0347  changes   185  12.4 min
episode 933/1013  eps 0.010  train return   -8.98%  loss 3.15e-05  maxQ +0.0346  changes   160  12.4 min
episode 934/1013  eps 0.010  train return   -5.79%  loss 3.32e-05  maxQ +0.0350  changes   238  12.5 min
episode 935/1013  eps 0.010  train return   +4.49%  loss 3.33e-05  maxQ +0.0356  changes    73  12.5 min
episode 936/1013  eps 0.010  train return  +17.63%  loss 3.39e-05  maxQ +0.0353  changes    79  12.5 min
episode 937/1013  eps 0.010  train return   +3.29%  loss 3.45e-05  maxQ +0.0358  changes    72  12.5 min
episode 938/1013  eps 0.010  train return  +11.32%  loss 3.91e-05  maxQ +0.0369  changes   183  12.5 min
episode 939/1013  eps 0.010  train return  -20.03%  loss 3.60e-05  maxQ +0.0371  changes   250  12.5 min
episode 940/1013  eps 0.010  train return   +1.27%  loss 3.34e-05  maxQ +0.0376  changes   242  12.5 min | val return -13.21% (best +25.25%)
episode 941/1013  eps 0.010  train return   -1.92%  loss 3.63e-05  maxQ +0.0379  changes   249  12.5 min
episode 942/1013  eps 0.010  train return  +11.62%  loss 3.51e-05  maxQ +0.0379  changes   235  12.5 min
episode 943/1013  eps 0.010  train return   +0.32%  loss 3.53e-05  maxQ +0.0383  changes   186  12.6 min
episode 944/1013  eps 0.010  train return   -4.66%  loss 3.58e-05  maxQ +0.0395  changes    67  12.6 min
episode 945/1013  eps 0.010  train return   -4.71%  loss 3.69e-05  maxQ +0.0397  changes   105  12.6 min
episode 946/1013  eps 0.010  train return  -40.76%  loss 3.73e-05  maxQ +0.0400  changes   131  12.6 min
episode 947/1013  eps 0.010  train return   -7.00%  loss 3.86e-05  maxQ +0.0391  changes   161  12.6 min
episode 948/1013  eps 0.010  train return  +35.24%  loss 3.75e-05  maxQ +0.0394  changes   138  12.6 min
episode 949/1013  eps 0.010  train return  -31.44%  loss 3.91e-05  maxQ +0.0389  changes   129  12.6 min
episode 950/1013  eps 0.010  train return  +15.83%  loss 4.05e-05  maxQ +0.0397  changes   192  12.6 min | val return -27.14% (best +25.25%)
episode 951/1013  eps 0.010  train return   -2.23%  loss 3.95e-05  maxQ +0.0395  changes   173  12.6 min
episode 952/1013  eps 0.010  train return  -13.61%  loss 4.02e-05  maxQ +0.0394  changes   157  12.7 min
episode 953/1013  eps 0.010  train return  +16.13%  loss 4.24e-05  maxQ +0.0398  changes   167  12.7 min
episode 954/1013  eps 0.010  train return   +3.32%  loss 4.02e-05  maxQ +0.0401  changes   146  12.7 min
episode 955/1013  eps 0.010  train return   +5.59%  loss 4.27e-05  maxQ +0.0403  changes   190  12.7 min
episode 956/1013  eps 0.010  train return   +3.28%  loss 4.29e-05  maxQ +0.0400  changes   102  12.7 min
episode 957/1013  eps 0.010  train return  -19.42%  loss 4.32e-05  maxQ +0.0400  changes   206  12.7 min
episode 958/1013  eps 0.010  train return  +11.91%  loss 4.41e-05  maxQ +0.0403  changes   160  12.7 min
episode 959/1013  eps 0.010  train return   -8.50%  loss 4.41e-05  maxQ +0.0396  changes   153  12.7 min
episode 960/1013  eps 0.010  train return  -13.90%  loss 4.28e-05  maxQ +0.0393  changes   114  12.7 min | val return -9.24% (best +25.25%)
episode 961/1013  eps 0.010  train return   +7.22%  loss 4.42e-05  maxQ +0.0390  changes   143  12.8 min
episode 962/1013  eps 0.010  train return  -13.08%  loss 4.33e-05  maxQ +0.0383  changes   133  12.8 min
episode 963/1013  eps 0.010  train return   -6.48%  loss 4.59e-05  maxQ +0.0392  changes   130  12.8 min
episode 964/1013  eps 0.010  train return   +5.19%  loss 4.43e-05  maxQ +0.0396  changes   184  12.8 min
episode 965/1013  eps 0.010  train return  +11.32%  loss 4.44e-05  maxQ +0.0390  changes   169  12.8 min
episode 966/1013  eps 0.010  train return  -23.92%  loss 4.40e-05  maxQ +0.0390  changes   119  12.8 min
episode 967/1013  eps 0.010  train return  -11.00%  loss 4.54e-05  maxQ +0.0385  changes   149  12.8 min
episode 968/1013  eps 0.010  train return   +7.25%  loss 4.82e-05  maxQ +0.0386  changes    84  12.8 min
episode 969/1013  eps 0.010  train return  +18.65%  loss 4.57e-05  maxQ +0.0389  changes   115  12.8 min
episode 970/1013  eps 0.010  train return   -7.87%  loss 4.65e-05  maxQ +0.0384  changes   131  12.9 min | val return -11.45% (best +25.25%)
episode 971/1013  eps 0.010  train return  -16.04%  loss 4.71e-05  maxQ +0.0381  changes   112  12.9 min
episode 972/1013  eps 0.010  train return  -12.00%  loss 4.66e-05  maxQ +0.0382  changes   113  12.9 min
episode 973/1013  eps 0.010  train return   +0.19%  loss 4.80e-05  maxQ +0.0382  changes   125  12.9 min
episode 974/1013  eps 0.010  train return   +3.43%  loss 4.66e-05  maxQ +0.0377  changes    93  12.9 min
episode 975/1013  eps 0.010  train return   +3.02%  loss 4.72e-05  maxQ +0.0371  changes   159  12.9 min
episode 976/1013  eps 0.010  train return   -1.43%  loss 4.58e-05  maxQ +0.0369  changes    90  12.9 min
episode 977/1013  eps 0.010  train return  +24.22%  loss 4.40e-05  maxQ +0.0364  changes    96  12.9 min
episode 978/1013  eps 0.010  train return  -23.25%  loss 4.58e-05  maxQ +0.0359  changes    96  13.0 min
episode 979/1013  eps 0.010  train return   +1.16%  loss 4.72e-05  maxQ +0.0359  changes    69  13.0 min
episode 980/1013  eps 0.010  train return  -21.35%  loss 4.66e-05  maxQ +0.0355  changes   115  13.0 min | val return -8.04% (best +25.25%)
episode 981/1013  eps 0.010  train return  -16.18%  loss 4.80e-05  maxQ +0.0359  changes    94  13.0 min
episode 982/1013  eps 0.010  train return   -0.82%  loss 4.75e-05  maxQ +0.0360  changes    95  13.0 min
episode 983/1013  eps 0.010  train return   -6.43%  loss 4.51e-05  maxQ +0.0357  changes   112  13.0 min
episode 984/1013  eps 0.010  train return  -16.91%  loss 4.51e-05  maxQ +0.0352  changes   100  13.0 min
episode 985/1013  eps 0.010  train return  -22.73%  loss 4.65e-05  maxQ +0.0350  changes   102  13.0 min
episode 986/1013  eps 0.010  train return   +1.76%  loss 4.49e-05  maxQ +0.0349  changes    91  13.1 min
episode 987/1013  eps 0.010  train return   -3.98%  loss 4.39e-05  maxQ +0.0351  changes    81  13.1 min
episode 988/1013  eps 0.010  train return  -17.21%  loss 4.29e-05  maxQ +0.0344  changes   110  13.1 min
episode 989/1013  eps 0.010  train return   -1.99%  loss 4.45e-05  maxQ +0.0335  changes    82  13.1 min
episode 990/1013  eps 0.010  train return   -1.18%  loss 4.32e-05  maxQ +0.0334  changes    98  13.1 min | val return -11.55% (best +25.25%)
episode 991/1013  eps 0.010  train return  -12.50%  loss 4.07e-05  maxQ +0.0329  changes    54  13.1 min
episode 992/1013  eps 0.010  train return  -16.34%  loss 4.15e-05  maxQ +0.0331  changes    59  13.1 min
episode 993/1013  eps 0.010  train return  +22.52%  loss 4.21e-05  maxQ +0.0334  changes    55  13.1 min
episode 994/1013  eps 0.010  train return   +8.16%  loss 4.20e-05  maxQ +0.0333  changes    60  13.2 min
episode 995/1013  eps 0.010  train return   -9.64%  loss 4.22e-05  maxQ +0.0330  changes    67  13.2 min
episode 996/1013  eps 0.010  train return  +47.01%  loss 4.48e-05  maxQ +0.0334  changes    68  13.2 min
episode 997/1013  eps 0.010  train return   -9.78%  loss 4.39e-05  maxQ +0.0330  changes    97  13.2 min
episode 998/1013  eps 0.010  train return  +34.17%  loss 4.44e-05  maxQ +0.0328  changes   111  13.2 min
episode 999/1013  eps 0.010  train return  +44.14%  loss 4.51e-05  maxQ +0.0323  changes    91  13.2 min
episode 1000/1013  eps 0.010  train return   +2.67%  loss 4.56e-05  maxQ +0.0320  changes    93  13.2 min | val return -0.10% (best +25.25%)
episode 1001/1013  eps 0.010  train return   +6.19%  loss 4.50e-05  maxQ +0.0315  changes    92  13.2 min
episode 1002/1013  eps 0.010  train return   -2.30%  loss 4.81e-05  maxQ +0.0320  changes    64  13.3 min
episode 1003/1013  eps 0.010  train return   -6.74%  loss 4.65e-05  maxQ +0.0316  changes    97  13.3 min
episode 1004/1013  eps 0.010  train return  +13.50%  loss 4.55e-05  maxQ +0.0318  changes    58  13.3 min
episode 1005/1013  eps 0.010  train return   +8.45%  loss 4.51e-05  maxQ +0.0319  changes    76  13.3 min
episode 1006/1013  eps 0.010  train return   +8.30%  loss 4.57e-05  maxQ +0.0320  changes    96  13.3 min
episode 1007/1013  eps 0.010  train return   -9.64%  loss 4.54e-05  maxQ +0.0314  changes    70  13.3 min
episode 1008/1013  eps 0.010  train return  +20.29%  loss 4.77e-05  maxQ +0.0311  changes   160  13.3 min
episode 1009/1013  eps 0.010  train return  -15.51%  loss 4.54e-05  maxQ +0.0308  changes    79  13.3 min
episode 1010/1013  eps 0.010  train return  -14.11%  loss 4.55e-05  maxQ +0.0309  changes   138  13.3 min | val return -19.71% (best +25.25%)
episode 1011/1013  eps 0.010  train return  +15.31%  loss 4.46e-05  maxQ +0.0307  changes    58  13.4 min
episode 1012/1013  eps 0.010  train return  +23.19%  loss 4.70e-05  maxQ +0.0311  changes   136  13.4 min
episode 1013/1013  eps 0.010  train return  +12.48%  loss 4.53e-05  maxQ +0.0311  changes    94  13.4 min | val return -9.28% (best +25.25%)
model    env  portfolio_return  excess_return  n_changes
 last    val         -0.092773      -0.050155      208.9
 last val_w1         -0.062443      -0.035528      144.9
 last val_w2         -0.032088      -0.016654       64.9
 best    val          0.252219       0.294837      115.9
 best val_w1          0.270253       0.297168       57.9
 best val_w2         -0.025583      -0.010149       59.3
