Downloaded data: 30,528 candles, 2023-03-25 00:00:00+00:00 to 2026-09-16 23:00:00+00:00; no missing hours
dev_train: 28,152 candles, 2023-04-01 00:00:00+00:00 to 2026-06-16 23:00:00+00:00; no missing hours
val: 1,464 candles, 2026-06-17 00:00:00+00:00 to 2026-08-16 23:00:00+00:00; no missing hours
eval: 744 candles, 2026-08-17 00:00:00+00:00 to 2026-09-16 23:00:00+00:00; no missing hours
episode   1/1013  eps 1.000  train return   +3.05%  loss 1.26e-04  maxQ +0.1005  changes   566  0.0 min
episode   2/1013  eps 0.991  train return   -5.05%  loss 3.76e-05  maxQ +0.1069  changes   584  0.0 min
episode   3/1013  eps 0.982  train return  -15.38%  loss 3.47e-05  maxQ +0.1112  changes   556  0.1 min
episode   4/1013  eps 0.973  train return  -18.30%  loss 3.05e-05  maxQ +0.1164  changes   556  0.1 min
episode   5/1013  eps 0.964  train return   +0.60%  loss 3.25e-05  maxQ +0.1181  changes   546  0.1 min
episode   6/1013  eps 0.955  train return   -8.61%  loss 3.12e-05  maxQ +0.1220  changes   575  0.1 min
episode   7/1013  eps 0.947  train return  -18.28%  loss 2.99e-05  maxQ +0.1263  changes   545  0.1 min
episode   8/1013  eps 0.938  train return  -10.01%  loss 3.16e-05  maxQ +0.1351  changes   583  0.1 min
episode   9/1013  eps 0.929  train return   +4.63%  loss 3.09e-05  maxQ +0.1392  changes   567  0.2 min
episode  10/1013  eps 0.921  train return   -5.99%  loss 2.83e-05  maxQ +0.1408  changes   591  0.2 min | val return -9.96% (best -9.96%)
episode  11/1013  eps 0.913  train return   -8.18%  loss 2.85e-05  maxQ +0.1435  changes   579  0.2 min
episode  12/1013  eps 0.904  train return  -29.99%  loss 3.23e-05  maxQ +0.1443  changes   589  0.2 min
episode  13/1013  eps 0.896  train return  -12.21%  loss 2.95e-05  maxQ +0.1493  changes   585  0.2 min
episode  14/1013  eps 0.888  train return   -8.30%  loss 2.84e-05  maxQ +0.1503  changes   583  0.2 min
episode  15/1013  eps 0.880  train return  -13.81%  loss 2.86e-05  maxQ +0.1529  changes   579  0.2 min
episode  16/1013  eps 0.872  train return   +7.65%  loss 2.85e-05  maxQ +0.1548  changes   573  0.3 min
episode  17/1013  eps 0.864  train return   -8.42%  loss 2.75e-05  maxQ +0.1593  changes   570  0.3 min
episode  18/1013  eps 0.856  train return   -7.87%  loss 2.58e-05  maxQ +0.1651  changes   574  0.3 min
episode  19/1013  eps 0.848  train return   +1.90%  loss 2.75e-05  maxQ +0.1630  changes   574  0.3 min
episode  20/1013  eps 0.841  train return  -10.22%  loss 2.70e-05  maxQ +0.1642  changes   571  0.3 min | val return -14.57% (best -9.96%)
episode  21/1013  eps 0.833  train return  -14.94%  loss 2.81e-05  maxQ +0.1645  changes   568  0.3 min
episode  22/1013  eps 0.825  train return   -5.11%  loss 2.77e-05  maxQ +0.1648  changes   586  0.4 min
episode  23/1013  eps 0.818  train return  +11.76%  loss 2.73e-05  maxQ +0.1685  changes   576  0.4 min
episode  24/1013  eps 0.810  train return  -17.80%  loss 2.61e-05  maxQ +0.1687  changes   586  0.4 min
episode  25/1013  eps 0.803  train return  -23.09%  loss 2.64e-05  maxQ +0.1701  changes   571  0.4 min
episode  26/1013  eps 0.796  train return   +0.04%  loss 2.84e-05  maxQ +0.1678  changes   572  0.4 min
episode  27/1013  eps 0.788  train return  -30.27%  loss 2.58e-05  maxQ +0.1684  changes   569  0.4 min
episode  28/1013  eps 0.781  train return   +3.29%  loss 2.68e-05  maxQ +0.1695  changes   571  0.4 min
episode  29/1013  eps 0.774  train return   -4.70%  loss 2.69e-05  maxQ +0.1743  changes   562  0.4 min
episode  30/1013  eps 0.767  train return  -26.90%  loss 2.65e-05  maxQ +0.1737  changes   579  0.4 min | val return -34.70% (best -9.96%)
episode  31/1013  eps 0.760  train return  -34.67%  loss 2.54e-05  maxQ +0.1750  changes   579  0.5 min
episode  32/1013  eps 0.753  train return  -27.68%  loss 2.61e-05  maxQ +0.1729  changes   566  0.5 min
episode  33/1013  eps 0.746  train return   -5.97%  loss 2.73e-05  maxQ +0.1746  changes   576  0.5 min
episode  34/1013  eps 0.740  train return   +3.36%  loss 2.69e-05  maxQ +0.1709  changes   548  0.5 min
episode  35/1013  eps 0.733  train return   -4.42%  loss 3.01e-05  maxQ +0.1717  changes   548  0.5 min
episode  36/1013  eps 0.726  train return  -25.90%  loss 2.93e-05  maxQ +0.1713  changes   549  0.5 min
episode  37/1013  eps 0.720  train return  +54.31%  loss 3.11e-05  maxQ +0.1725  changes   574  0.5 min
episode  38/1013  eps 0.713  train return   +2.49%  loss 2.87e-05  maxQ +0.1710  changes   561  0.6 min
episode  39/1013  eps 0.707  train return  -23.22%  loss 2.97e-05  maxQ +0.1734  changes   557  0.6 min
episode  40/1013  eps 0.700  train return  -10.77%  loss 3.07e-05  maxQ +0.1776  changes   545  0.6 min | val return -2.68% (best -2.68%)
episode  41/1013  eps 0.694  train return  -19.54%  loss 3.13e-05  maxQ +0.1772  changes   544  0.6 min
episode  42/1013  eps 0.687  train return  -22.50%  loss 3.09e-05  maxQ +0.1770  changes   552  0.6 min
episode  43/1013  eps 0.681  train return   -0.42%  loss 3.16e-05  maxQ +0.1765  changes   551  0.6 min
episode  44/1013  eps 0.675  train return  -15.56%  loss 3.14e-05  maxQ +0.1784  changes   556  0.6 min
episode  45/1013  eps 0.669  train return  -12.69%  loss 3.24e-05  maxQ +0.1805  changes   562  0.6 min
episode  46/1013  eps 0.663  train return   +8.33%  loss 2.96e-05  maxQ +0.1793  changes   528  0.7 min
episode  47/1013  eps 0.657  train return  +12.09%  loss 3.05e-05  maxQ +0.1786  changes   540  0.7 min
episode  48/1013  eps 0.651  train return   +8.71%  loss 3.10e-05  maxQ +0.1785  changes   562  0.7 min
episode  49/1013  eps 0.645  train return   +9.07%  loss 3.18e-05  maxQ +0.1795  changes   513  0.7 min
episode  50/1013  eps 0.639  train return  -32.37%  loss 3.03e-05  maxQ +0.1783  changes   534  0.7 min | val return -7.58% (best -2.68%)
episode  51/1013  eps 0.633  train return  +25.48%  loss 3.14e-05  maxQ +0.1774  changes   534  0.7 min
episode  52/1013  eps 0.627  train return   +6.41%  loss 3.23e-05  maxQ +0.1815  changes   521  0.7 min
episode  53/1013  eps 0.622  train return   -6.46%  loss 3.42e-05  maxQ +0.1790  changes   537  0.7 min
episode  54/1013  eps 0.616  train return  -23.23%  loss 3.24e-05  maxQ +0.1795  changes   547  0.8 min
episode  55/1013  eps 0.610  train return   -9.06%  loss 3.47e-05  maxQ +0.1779  changes   513  0.8 min
episode  56/1013  eps 0.605  train return  +17.72%  loss 3.30e-05  maxQ +0.1805  changes   523  0.8 min
episode  57/1013  eps 0.599  train return   -3.37%  loss 3.21e-05  maxQ +0.1814  changes   511  0.8 min
episode  58/1013  eps 0.594  train return  -18.15%  loss 3.13e-05  maxQ +0.1811  changes   521  0.8 min
episode  59/1013  eps 0.588  train return  -27.26%  loss 3.14e-05  maxQ +0.1795  changes   517  0.8 min
episode  60/1013  eps 0.583  train return  -27.68%  loss 3.42e-05  maxQ +0.1774  changes   506  0.8 min | val return -18.62% (best -2.68%)
episode  61/1013  eps 0.578  train return   +9.21%  loss 3.32e-05  maxQ +0.1773  changes   526  0.8 min
episode  62/1013  eps 0.573  train return  +15.06%  loss 3.40e-05  maxQ +0.1759  changes   520  0.9 min
episode  63/1013  eps 0.567  train return   -2.47%  loss 3.40e-05  maxQ +0.1764  changes   506  0.9 min
episode  64/1013  eps 0.562  train return   +3.89%  loss 3.41e-05  maxQ +0.1754  changes   517  0.9 min
episode  65/1013  eps 0.557  train return  +12.67%  loss 3.36e-05  maxQ +0.1747  changes   545  0.9 min
episode  66/1013  eps 0.552  train return  -27.98%  loss 3.41e-05  maxQ +0.1742  changes   540  0.9 min
episode  67/1013  eps 0.547  train return   +4.67%  loss 3.41e-05  maxQ +0.1738  changes   505  0.9 min
episode  68/1013  eps 0.542  train return  -24.38%  loss 3.56e-05  maxQ +0.1750  changes   501  0.9 min
episode  69/1013  eps 0.537  train return   +1.31%  loss 3.39e-05  maxQ +0.1745  changes   524  0.9 min
episode  70/1013  eps 0.532  train return  -10.39%  loss 3.48e-05  maxQ +0.1771  changes   531  1.0 min | val return -8.15% (best -2.68%)
episode  71/1013  eps 0.527  train return   -9.23%  loss 3.51e-05  maxQ +0.1750  changes   511  1.0 min
episode  72/1013  eps 0.523  train return  +28.78%  loss 3.42e-05  maxQ +0.1740  changes   521  1.0 min
episode  73/1013  eps 0.518  train return  -13.54%  loss 3.51e-05  maxQ +0.1716  changes   531  1.0 min
episode  74/1013  eps 0.513  train return   -8.31%  loss 3.37e-05  maxQ +0.1706  changes   501  1.0 min
episode  75/1013  eps 0.508  train return   -2.29%  loss 3.30e-05  maxQ +0.1693  changes   495  1.0 min
episode  76/1013  eps 0.504  train return  -15.20%  loss 3.55e-05  maxQ +0.1676  changes   523  1.0 min
episode  77/1013  eps 0.499  train return   +5.20%  loss 3.47e-05  maxQ +0.1693  changes   501  1.0 min
episode  78/1013  eps 0.495  train return  -26.23%  loss 3.60e-05  maxQ +0.1708  changes   483  1.1 min
episode  79/1013  eps 0.490  train return   +1.27%  loss 3.44e-05  maxQ +0.1686  changes   525  1.1 min
episode  80/1013  eps 0.486  train return  +12.91%  loss 3.39e-05  maxQ +0.1711  changes   506  1.1 min | val return +19.32% (best +19.32%)
episode  81/1013  eps 0.481  train return   +4.02%  loss 3.41e-05  maxQ +0.1721  changes   480  1.1 min
episode  82/1013  eps 0.477  train return  -17.34%  loss 3.59e-05  maxQ +0.1731  changes   488  1.1 min
episode  83/1013  eps 0.473  train return   -1.18%  loss 3.61e-05  maxQ +0.1704  changes   493  1.1 min
episode  84/1013  eps 0.468  train return  +10.85%  loss 3.70e-05  maxQ +0.1694  changes   482  1.1 min
episode  85/1013  eps 0.464  train return  -21.64%  loss 3.62e-05  maxQ +0.1677  changes   481  1.1 min
episode  86/1013  eps 0.460  train return   +7.74%  loss 3.63e-05  maxQ +0.1663  changes   476  1.2 min
episode  87/1013  eps 0.456  train return  +18.75%  loss 3.50e-05  maxQ +0.1660  changes   460  1.2 min
episode  88/1013  eps 0.451  train return  -32.06%  loss 3.58e-05  maxQ +0.1677  changes   466  1.2 min
episode  89/1013  eps 0.447  train return   +2.00%  loss 3.82e-05  maxQ +0.1642  changes   473  1.2 min
episode  90/1013  eps 0.443  train return   -6.24%  loss 3.84e-05  maxQ +0.1664  changes   489  1.2 min | val return +5.18% (best +19.32%)
episode  91/1013  eps 0.439  train return   -4.47%  loss 3.48e-05  maxQ +0.1629  changes   464  1.2 min
episode  92/1013  eps 0.435  train return  +11.81%  loss 3.53e-05  maxQ +0.1602  changes   456  1.2 min
episode  93/1013  eps 0.431  train return   +1.59%  loss 3.57e-05  maxQ +0.1618  changes   468  1.2 min
episode  94/1013  eps 0.427  train return  +23.26%  loss 3.60e-05  maxQ +0.1570  changes   462  1.3 min
episode  95/1013  eps 0.423  train return   -2.34%  loss 3.70e-05  maxQ +0.1591  changes   470  1.3 min
episode  96/1013  eps 0.420  train return  -21.62%  loss 3.74e-05  maxQ +0.1547  changes   441  1.3 min
episode  97/1013  eps 0.416  train return  -13.33%  loss 3.64e-05  maxQ +0.1515  changes   467  1.3 min
episode  98/1013  eps 0.412  train return  -15.28%  loss 3.80e-05  maxQ +0.1515  changes   431  1.3 min
episode  99/1013  eps 0.408  train return  +11.47%  loss 3.66e-05  maxQ +0.1526  changes   440  1.3 min
episode 100/1013  eps 0.405  train return   -4.08%  loss 3.70e-05  maxQ +0.1511  changes   469  1.3 min | val return -2.11% (best +19.32%)
episode 101/1013  eps 0.401  train return  -21.61%  loss 3.87e-05  maxQ +0.1470  changes   452  1.3 min
episode 102/1013  eps 0.397  train return  +26.86%  loss 3.68e-05  maxQ +0.1486  changes   450  1.4 min
episode 103/1013  eps 0.394  train return  -14.65%  loss 3.67e-05  maxQ +0.1489  changes   442  1.4 min
episode 104/1013  eps 0.390  train return   -3.70%  loss 3.83e-05  maxQ +0.1470  changes   452  1.4 min
episode 105/1013  eps 0.386  train return   +6.39%  loss 3.68e-05  maxQ +0.1480  changes   451  1.4 min
episode 106/1013  eps 0.383  train return  -11.63%  loss 3.68e-05  maxQ +0.1451  changes   426  1.4 min
episode 107/1013  eps 0.379  train return   -8.32%  loss 3.71e-05  maxQ +0.1439  changes   453  1.4 min
episode 108/1013  eps 0.376  train return  -13.08%  loss 3.69e-05  maxQ +0.1439  changes   401  1.4 min
episode 109/1013  eps 0.373  train return   -6.28%  loss 3.55e-05  maxQ +0.1443  changes   444  1.4 min
episode 110/1013  eps 0.369  train return  +18.24%  loss 3.81e-05  maxQ +0.1436  changes   480  1.4 min | val return -22.26% (best +19.32%)
episode 111/1013  eps 0.366  train return  -31.08%  loss 3.36e-05  maxQ +0.1454  changes   417  1.5 min
episode 112/1013  eps 0.363  train return   -0.00%  loss 3.51e-05  maxQ +0.1431  changes   448  1.5 min
episode 113/1013  eps 0.359  train return   +5.80%  loss 3.63e-05  maxQ +0.1425  changes   471  1.5 min
episode 114/1013  eps 0.356  train return   -2.71%  loss 3.51e-05  maxQ +0.1445  changes   418  1.5 min
episode 115/1013  eps 0.353  train return   -4.53%  loss 3.43e-05  maxQ +0.1465  changes   406  1.5 min
episode 116/1013  eps 0.349  train return  -21.89%  loss 3.47e-05  maxQ +0.1455  changes   467  1.5 min
episode 117/1013  eps 0.346  train return  -21.22%  loss 3.54e-05  maxQ +0.1434  changes   454  1.5 min
episode 118/1013  eps 0.343  train return  -16.37%  loss 3.49e-05  maxQ +0.1439  changes   465  1.6 min
episode 119/1013  eps 0.340  train return  +22.68%  loss 3.79e-05  maxQ +0.1456  changes   410  1.6 min
episode 120/1013  eps 0.337  train return   -8.03%  loss 3.50e-05  maxQ +0.1449  changes   422  1.6 min | val return +4.75% (best +19.32%)
episode 121/1013  eps 0.334  train return  -18.80%  loss 3.68e-05  maxQ +0.1450  changes   392  1.6 min
episode 122/1013  eps 0.331  train return   -9.85%  loss 3.47e-05  maxQ +0.1432  changes   441  1.6 min
episode 123/1013  eps 0.328  train return   -4.12%  loss 3.30e-05  maxQ +0.1432  changes   427  1.6 min
episode 124/1013  eps 0.325  train return  -13.94%  loss 3.33e-05  maxQ +0.1450  changes   424  1.6 min
episode 125/1013  eps 0.322  train return  -13.23%  loss 3.38e-05  maxQ +0.1463  changes   432  1.6 min
episode 126/1013  eps 0.319  train return   -8.59%  loss 3.37e-05  maxQ +0.1451  changes   480  1.7 min
episode 127/1013  eps 0.316  train return  -12.96%  loss 3.36e-05  maxQ +0.1440  changes   393  1.7 min
episode 128/1013  eps 0.313  train return  -10.96%  loss 3.23e-05  maxQ +0.1439  changes   451  1.7 min
episode 129/1013  eps 0.310  train return  -20.06%  loss 3.48e-05  maxQ +0.1427  changes   392  1.7 min
episode 130/1013  eps 0.308  train return   -9.72%  loss 3.55e-05  maxQ +0.1419  changes   418  1.7 min | val return -6.75% (best +19.32%)
episode 131/1013  eps 0.305  train return   +7.18%  loss 3.34e-05  maxQ +0.1393  changes   437  1.7 min
episode 132/1013  eps 0.302  train return  -18.49%  loss 3.35e-05  maxQ +0.1375  changes   407  1.8 min
episode 133/1013  eps 0.299  train return  +15.84%  loss 3.39e-05  maxQ +0.1367  changes   398  1.8 min
episode 134/1013  eps 0.296  train return  -16.50%  loss 3.41e-05  maxQ +0.1361  changes   419  1.8 min
episode 135/1013  eps 0.294  train return   +3.72%  loss 3.43e-05  maxQ +0.1344  changes   445  1.8 min
episode 136/1013  eps 0.291  train return   -9.88%  loss 3.19e-05  maxQ +0.1297  changes   375  1.8 min
episode 137/1013  eps 0.288  train return   -5.09%  loss 3.23e-05  maxQ +0.1312  changes   436  1.8 min
episode 138/1013  eps 0.286  train return  +19.57%  loss 3.33e-05  maxQ +0.1336  changes   362  1.8 min
episode 139/1013  eps 0.283  train return   -9.44%  loss 3.20e-05  maxQ +0.1323  changes   411  1.8 min
episode 140/1013  eps 0.281  train return   +1.49%  loss 3.29e-05  maxQ +0.1330  changes   432  1.9 min | val return -8.20% (best +19.32%)
episode 141/1013  eps 0.278  train return   +9.05%  loss 3.07e-05  maxQ +0.1314  changes   378  1.9 min
episode 142/1013  eps 0.276  train return  -16.71%  loss 3.30e-05  maxQ +0.1312  changes   400  1.9 min
episode 143/1013  eps 0.273  train return   +9.86%  loss 3.23e-05  maxQ +0.1304  changes   412  1.9 min
episode 144/1013  eps 0.271  train return   +1.09%  loss 3.36e-05  maxQ +0.1267  changes   434  1.9 min
episode 145/1013  eps 0.268  train return  -19.78%  loss 3.33e-05  maxQ +0.1249  changes   390  1.9 min
episode 146/1013  eps 0.266  train return  -29.23%  loss 3.35e-05  maxQ +0.1250  changes   411  1.9 min
episode 147/1013  eps 0.263  train return   -3.45%  loss 3.46e-05  maxQ +0.1227  changes   399  1.9 min
episode 148/1013  eps 0.261  train return   -3.31%  loss 3.28e-05  maxQ +0.1231  changes   410  2.0 min
episode 149/1013  eps 0.258  train return  -10.04%  loss 3.28e-05  maxQ +0.1222  changes   354  2.0 min
episode 150/1013  eps 0.256  train return   +0.52%  loss 3.16e-05  maxQ +0.1203  changes   416  2.0 min | val return +2.02% (best +19.32%)
episode 151/1013  eps 0.254  train return  -16.67%  loss 3.26e-05  maxQ +0.1188  changes   394  2.0 min
episode 152/1013  eps 0.251  train return   +3.37%  loss 3.20e-05  maxQ +0.1178  changes   357  2.0 min
episode 153/1013  eps 0.249  train return   -0.20%  loss 3.26e-05  maxQ +0.1160  changes   369  2.0 min
episode 154/1013  eps 0.247  train return  -26.36%  loss 3.35e-05  maxQ +0.1173  changes   408  2.0 min
episode 155/1013  eps 0.245  train return   -3.22%  loss 3.29e-05  maxQ +0.1185  changes   348  2.1 min
episode 156/1013  eps 0.242  train return  -28.07%  loss 3.30e-05  maxQ +0.1192  changes   346  2.1 min
episode 157/1013  eps 0.240  train return  +13.60%  loss 3.23e-05  maxQ +0.1187  changes   342  2.1 min
episode 158/1013  eps 0.238  train return   -5.08%  loss 3.40e-05  maxQ +0.1176  changes   371  2.1 min
episode 159/1013  eps 0.236  train return   -1.19%  loss 3.36e-05  maxQ +0.1151  changes   391  2.1 min
episode 160/1013  eps 0.234  train return   -9.88%  loss 3.26e-05  maxQ +0.1127  changes   365  2.1 min | val return -4.49% (best +19.32%)
episode 161/1013  eps 0.232  train return  +20.10%  loss 3.30e-05  maxQ +0.1136  changes   393  2.1 min
episode 162/1013  eps 0.230  train return   -7.90%  loss 3.35e-05  maxQ +0.1159  changes   338  2.2 min
episode 163/1013  eps 0.227  train return  -19.60%  loss 3.49e-05  maxQ +0.1150  changes   402  2.2 min
episode 164/1013  eps 0.225  train return   +0.33%  loss 3.27e-05  maxQ +0.1143  changes   357  2.2 min
episode 165/1013  eps 0.223  train return  +30.31%  loss 3.40e-05  maxQ +0.1129  changes   384  2.2 min
episode 166/1013  eps 0.221  train return  -30.99%  loss 3.33e-05  maxQ +0.1132  changes   339  2.2 min
episode 167/1013  eps 0.219  train return   +6.34%  loss 3.31e-05  maxQ +0.1109  changes   348  2.2 min
episode 168/1013  eps 0.217  train return   -2.57%  loss 3.31e-05  maxQ +0.1109  changes   362  2.2 min
episode 169/1013  eps 0.215  train return  -13.42%  loss 3.26e-05  maxQ +0.1078  changes   349  2.3 min
episode 170/1013  eps 0.213  train return  +14.33%  loss 3.16e-05  maxQ +0.1072  changes   338  2.3 min | val return +5.36% (best +19.32%)
episode 171/1013  eps 0.211  train return   -0.85%  loss 3.17e-05  maxQ +0.1055  changes   288  2.3 min
episode 172/1013  eps 0.209  train return  +10.65%  loss 3.13e-05  maxQ +0.1052  changes   334  2.3 min
episode 173/1013  eps 0.208  train return   +5.59%  loss 3.12e-05  maxQ +0.1051  changes   357  2.3 min
episode 174/1013  eps 0.206  train return   -9.78%  loss 3.07e-05  maxQ +0.1040  changes   354  2.3 min
episode 175/1013  eps 0.204  train return   +6.15%  loss 3.27e-05  maxQ +0.1046  changes   311  2.3 min
episode 176/1013  eps 0.202  train return  +22.25%  loss 3.14e-05  maxQ +0.1037  changes   319  2.3 min
episode 177/1013  eps 0.200  train return  +15.87%  loss 3.20e-05  maxQ +0.1065  changes   327  2.4 min
episode 178/1013  eps 0.198  train return   +1.42%  loss 3.23e-05  maxQ +0.1055  changes   329  2.4 min
episode 179/1013  eps 0.196  train return   -6.38%  loss 3.24e-05  maxQ +0.1035  changes   333  2.4 min
episode 180/1013  eps 0.195  train return   +8.66%  loss 3.35e-05  maxQ +0.1014  changes   360  2.4 min | val return +31.88% (best +31.88%)
episode 181/1013  eps 0.193  train return  +41.82%  loss 3.20e-05  maxQ +0.1013  changes   316  2.4 min
episode 182/1013  eps 0.191  train return  +45.33%  loss 3.31e-05  maxQ +0.1028  changes   254  2.4 min
episode 183/1013  eps 0.189  train return  +48.59%  loss 3.47e-05  maxQ +0.1008  changes   352  2.4 min
episode 184/1013  eps 0.188  train return   -6.45%  loss 3.40e-05  maxQ +0.0989  changes   333  2.5 min
episode 185/1013  eps 0.186  train return   -2.52%  loss 3.39e-05  maxQ +0.0969  changes   364  2.5 min
episode 186/1013  eps 0.184  train return   -1.88%  loss 3.36e-05  maxQ +0.0967  changes   272  2.5 min
episode 187/1013  eps 0.183  train return  -13.11%  loss 3.38e-05  maxQ +0.0965  changes   334  2.5 min
episode 188/1013  eps 0.181  train return   -9.15%  loss 3.57e-05  maxQ +0.0927  changes   269  2.5 min
episode 189/1013  eps 0.179  train return   -1.69%  loss 3.51e-05  maxQ +0.0936  changes   265  2.5 min
episode 190/1013  eps 0.178  train return  +44.43%  loss 3.48e-05  maxQ +0.0944  changes   301  2.5 min | val return -27.26% (best +31.88%)
episode 191/1013  eps 0.176  train return  -19.74%  loss 3.63e-05  maxQ +0.0944  changes   267  2.6 min
episode 192/1013  eps 0.174  train return  -11.08%  loss 3.65e-05  maxQ +0.0951  changes   307  2.6 min
episode 193/1013  eps 0.173  train return   -1.37%  loss 3.52e-05  maxQ +0.0941  changes   323  2.6 min
episode 194/1013  eps 0.171  train return   -2.39%  loss 3.62e-05  maxQ +0.0933  changes   310  2.6 min
episode 195/1013  eps 0.170  train return   -3.06%  loss 3.61e-05  maxQ +0.0925  changes   293  2.6 min
episode 196/1013  eps 0.168  train return   -1.38%  loss 3.71e-05  maxQ +0.0936  changes   268  2.6 min
episode 197/1013  eps 0.167  train return  +12.72%  loss 3.63e-05  maxQ +0.0933  changes   317  2.6 min
episode 198/1013  eps 0.165  train return  -32.27%  loss 3.64e-05  maxQ +0.0938  changes   281  2.6 min
episode 199/1013  eps 0.164  train return  -10.09%  loss 3.63e-05  maxQ +0.0928  changes   267  2.7 min
episode 200/1013  eps 0.162  train return  -30.45%  loss 3.57e-05  maxQ +0.0920  changes   341  2.7 min | val return -9.35% (best +31.88%)
episode 201/1013  eps 0.161  train return  -15.96%  loss 3.62e-05  maxQ +0.0907  changes   361  2.7 min
episode 202/1013  eps 0.159  train return   -3.96%  loss 3.56e-05  maxQ +0.0897  changes   357  2.7 min
episode 203/1013  eps 0.158  train return  -13.94%  loss 3.62e-05  maxQ +0.0884  changes   316  2.7 min
episode 204/1013  eps 0.156  train return  -12.94%  loss 3.46e-05  maxQ +0.0897  changes   314  2.7 min
episode 205/1013  eps 0.155  train return   +2.86%  loss 3.52e-05  maxQ +0.0889  changes   334  2.7 min
episode 206/1013  eps 0.154  train return  +14.26%  loss 3.63e-05  maxQ +0.0897  changes   333  2.8 min
episode 207/1013  eps 0.152  train return  -17.89%  loss 3.73e-05  maxQ +0.0879  changes   289  2.8 min
episode 208/1013  eps 0.151  train return  +27.24%  loss 3.88e-05  maxQ +0.0884  changes   305  2.8 min
episode 209/1013  eps 0.149  train return   -7.64%  loss 3.77e-05  maxQ +0.0906  changes   259  2.8 min
episode 210/1013  eps 0.148  train return   -1.43%  loss 3.84e-05  maxQ +0.0884  changes   332  2.8 min | val return -0.12% (best +31.88%)
episode 211/1013  eps 0.147  train return  -23.54%  loss 3.95e-05  maxQ +0.0878  changes   245  2.8 min
episode 212/1013  eps 0.145  train return   +4.30%  loss 3.66e-05  maxQ +0.0874  changes   306  2.8 min
episode 213/1013  eps 0.144  train return  +14.15%  loss 3.76e-05  maxQ +0.0863  changes   313  2.9 min
episode 214/1013  eps 0.143  train return   -1.28%  loss 3.87e-05  maxQ +0.0860  changes   303  2.9 min
episode 215/1013  eps 0.141  train return  +32.14%  loss 3.77e-05  maxQ +0.0852  changes   268  2.9 min
episode 216/1013  eps 0.140  train return  +15.37%  loss 3.70e-05  maxQ +0.0858  changes   252  2.9 min
episode 217/1013  eps 0.139  train return  -13.28%  loss 3.61e-05  maxQ +0.0844  changes   264  2.9 min
episode 218/1013  eps 0.138  train return   +4.85%  loss 3.75e-05  maxQ +0.0847  changes   237  2.9 min
episode 219/1013  eps 0.136  train return  +25.15%  loss 3.71e-05  maxQ +0.0841  changes   276  2.9 min
episode 220/1013  eps 0.135  train return  +12.08%  loss 3.75e-05  maxQ +0.0834  changes   289  2.9 min | val return -12.29% (best +31.88%)
episode 221/1013  eps 0.134  train return  +47.18%  loss 3.82e-05  maxQ +0.0832  changes   282  3.0 min
episode 222/1013  eps 0.133  train return  -15.95%  loss 3.92e-05  maxQ +0.0818  changes   198  3.0 min
episode 223/1013  eps 0.131  train return  -15.77%  loss 3.92e-05  maxQ +0.0818  changes   270  3.0 min
episode 224/1013  eps 0.130  train return  -11.49%  loss 3.98e-05  maxQ +0.0824  changes   229  3.0 min
episode 225/1013  eps 0.129  train return   +4.20%  loss 4.22e-05  maxQ +0.0840  changes   270  3.0 min
episode 226/1013  eps 0.128  train return   +0.99%  loss 3.97e-05  maxQ +0.0834  changes   290  3.0 min
episode 227/1013  eps 0.127  train return   +8.20%  loss 3.98e-05  maxQ +0.0857  changes   294  3.0 min
episode 228/1013  eps 0.126  train return  -21.31%  loss 4.07e-05  maxQ +0.0885  changes   285  3.0 min
episode 229/1013  eps 0.124  train return   -6.65%  loss 4.12e-05  maxQ +0.0863  changes   337  3.1 min
episode 230/1013  eps 0.123  train return   -7.52%  loss 4.02e-05  maxQ +0.0858  changes   278  3.1 min | val return -18.14% (best +31.88%)
episode 231/1013  eps 0.122  train return  -13.47%  loss 4.01e-05  maxQ +0.0861  changes   304  3.1 min
episode 232/1013  eps 0.121  train return  -37.05%  loss 4.21e-05  maxQ +0.0873  changes   219  3.1 min
episode 233/1013  eps 0.120  train return   +2.90%  loss 4.18e-05  maxQ +0.0860  changes   313  3.1 min
episode 234/1013  eps 0.119  train return  -14.27%  loss 3.98e-05  maxQ +0.0854  changes   218  3.1 min
episode 235/1013  eps 0.118  train return  -22.29%  loss 4.04e-05  maxQ +0.0844  changes   216  3.1 min
episode 236/1013  eps 0.117  train return  -17.55%  loss 4.31e-05  maxQ +0.0836  changes   238  3.2 min
episode 237/1013  eps 0.116  train return  -18.40%  loss 4.24e-05  maxQ +0.0843  changes   233  3.2 min
episode 238/1013  eps 0.115  train return  -24.06%  loss 4.45e-05  maxQ +0.0833  changes   335  3.2 min
episode 239/1013  eps 0.114  train return  -11.47%  loss 4.36e-05  maxQ +0.0826  changes   264  3.2 min
episode 240/1013  eps 0.112  train return   +8.36%  loss 4.55e-05  maxQ +0.0821  changes   280  3.2 min | val return -9.84% (best +31.88%)
episode 241/1013  eps 0.111  train return  +21.63%  loss 4.73e-05  maxQ +0.0801  changes   222  3.2 min
episode 242/1013  eps 0.110  train return  -14.28%  loss 4.48e-05  maxQ +0.0817  changes   273  3.2 min
episode 243/1013  eps 0.109  train return   -1.23%  loss 4.48e-05  maxQ +0.0812  changes   261  3.2 min
episode 244/1013  eps 0.108  train return  -12.13%  loss 4.53e-05  maxQ +0.0805  changes   241  3.3 min
episode 245/1013  eps 0.107  train return   -8.78%  loss 4.54e-05  maxQ +0.0798  changes   259  3.3 min
episode 246/1013  eps 0.106  train return   +2.70%  loss 4.18e-05  maxQ +0.0789  changes   310  3.3 min
episode 247/1013  eps 0.106  train return  +15.20%  loss 4.38e-05  maxQ +0.0791  changes   274  3.3 min
episode 248/1013  eps 0.105  train return  +47.12%  loss 4.50e-05  maxQ +0.0784  changes   243  3.3 min
episode 249/1013  eps 0.104  train return  -17.24%  loss 4.61e-05  maxQ +0.0774  changes   198  3.3 min
episode 250/1013  eps 0.103  train return  -12.94%  loss 4.51e-05  maxQ +0.0766  changes   298  3.3 min | val return +12.89% (best +31.88%)
episode 251/1013  eps 0.102  train return  -25.07%  loss 4.71e-05  maxQ +0.0758  changes   250  3.4 min
episode 252/1013  eps 0.101  train return   +1.95%  loss 4.41e-05  maxQ +0.0760  changes   279  3.4 min
episode 253/1013  eps 0.100  train return  +21.72%  loss 4.65e-05  maxQ +0.0751  changes   262  3.4 min
episode 254/1013  eps 0.099  train return   +0.64%  loss 4.62e-05  maxQ +0.0739  changes   251  3.4 min
episode 255/1013  eps 0.098  train return  -27.02%  loss 4.75e-05  maxQ +0.0750  changes   275  3.4 min
episode 256/1013  eps 0.097  train return   +9.06%  loss 4.52e-05  maxQ +0.0738  changes   253  3.4 min
episode 257/1013  eps 0.096  train return   +7.86%  loss 4.51e-05  maxQ +0.0734  changes   223  3.4 min
episode 258/1013  eps 0.095  train return  -25.49%  loss 4.50e-05  maxQ +0.0728  changes   224  3.4 min
episode 259/1013  eps 0.095  train return  +18.12%  loss 4.37e-05  maxQ +0.0716  changes   258  3.5 min
episode 260/1013  eps 0.094  train return  -19.04%  loss 4.27e-05  maxQ +0.0718  changes   215  3.5 min | val return +9.80% (best +31.88%)
episode 261/1013  eps 0.093  train return  +14.06%  loss 4.41e-05  maxQ +0.0704  changes   225  3.5 min
episode 262/1013  eps 0.092  train return   -3.96%  loss 4.36e-05  maxQ +0.0700  changes   211  3.5 min
episode 263/1013  eps 0.091  train return   -9.87%  loss 4.34e-05  maxQ +0.0689  changes   267  3.5 min
episode 264/1013  eps 0.090  train return  -15.65%  loss 4.41e-05  maxQ +0.0672  changes   239  3.5 min
episode 265/1013  eps 0.090  train return  +10.56%  loss 4.41e-05  maxQ +0.0668  changes   208  3.5 min
episode 266/1013  eps 0.089  train return  +28.92%  loss 4.28e-05  maxQ +0.0659  changes   273  3.5 min
episode 267/1013  eps 0.088  train return  -14.33%  loss 4.37e-05  maxQ +0.0656  changes   224  3.6 min
episode 268/1013  eps 0.087  train return   -3.85%  loss 4.29e-05  maxQ +0.0657  changes   276  3.6 min
episode 269/1013  eps 0.086  train return  -11.40%  loss 4.42e-05  maxQ +0.0649  changes   178  3.6 min
episode 270/1013  eps 0.086  train return   -3.96%  loss 4.65e-05  maxQ +0.0646  changes   305  3.6 min | val return -10.37% (best +31.88%)
episode 271/1013  eps 0.085  train return  -33.34%  loss 4.44e-05  maxQ +0.0642  changes   226  3.6 min
episode 272/1013  eps 0.084  train return   +5.76%  loss 4.39e-05  maxQ +0.0637  changes   254  3.6 min
episode 273/1013  eps 0.083  train return  +10.91%  loss 4.55e-05  maxQ +0.0636  changes   243  3.6 min
episode 274/1013  eps 0.082  train return  +18.85%  loss 4.70e-05  maxQ +0.0630  changes   240  3.7 min
episode 275/1013  eps 0.082  train return  -18.55%  loss 4.63e-05  maxQ +0.0624  changes   251  3.7 min
episode 276/1013  eps 0.081  train return  -12.15%  loss 4.53e-05  maxQ +0.0621  changes   225  3.7 min
episode 277/1013  eps 0.080  train return  -18.60%  loss 4.48e-05  maxQ +0.0615  changes   261  3.7 min
episode 278/1013  eps 0.079  train return  -13.77%  loss 4.63e-05  maxQ +0.0609  changes   255  3.7 min
episode 279/1013  eps 0.079  train return  -12.41%  loss 4.47e-05  maxQ +0.0620  changes   228  3.7 min
episode 280/1013  eps 0.078  train return   -1.51%  loss 4.43e-05  maxQ +0.0608  changes   334  3.7 min | val return -3.62% (best +31.88%)
episode 281/1013  eps 0.077  train return  -13.38%  loss 4.55e-05  maxQ +0.0609  changes   299  3.8 min
episode 282/1013  eps 0.077  train return  -15.83%  loss 4.35e-05  maxQ +0.0600  changes   295  3.8 min
episode 283/1013  eps 0.076  train return   -9.93%  loss 4.42e-05  maxQ +0.0590  changes   251  3.8 min
episode 284/1013  eps 0.075  train return  -20.54%  loss 4.38e-05  maxQ +0.0588  changes   252  3.8 min
episode 285/1013  eps 0.075  train return   +2.74%  loss 4.49e-05  maxQ +0.0587  changes   220  3.8 min
episode 286/1013  eps 0.074  train return   +9.19%  loss 4.36e-05  maxQ +0.0581  changes   234  3.8 min
episode 287/1013  eps 0.073  train return  -13.07%  loss 4.38e-05  maxQ +0.0575  changes   228  3.8 min
episode 288/1013  eps 0.073  train return   +6.39%  loss 4.36e-05  maxQ +0.0568  changes   256  3.8 min
episode 289/1013  eps 0.072  train return  +17.10%  loss 4.23e-05  maxQ +0.0571  changes   252  3.9 min
episode 290/1013  eps 0.071  train return  -16.53%  loss 4.38e-05  maxQ +0.0587  changes   302  3.9 min | val return -8.32% (best +31.88%)
episode 291/1013  eps 0.071  train return  +15.28%  loss 4.00e-05  maxQ +0.0579  changes   232  3.9 min
episode 292/1013  eps 0.070  train return  -13.53%  loss 4.20e-05  maxQ +0.0584  changes   299  3.9 min
episode 293/1013  eps 0.069  train return  +20.37%  loss 4.00e-05  maxQ +0.0587  changes   276  3.9 min
episode 294/1013  eps 0.069  train return  +23.64%  loss 4.04e-05  maxQ +0.0579  changes   284  3.9 min
episode 295/1013  eps 0.068  train return   -9.89%  loss 3.90e-05  maxQ +0.0588  changes   269  3.9 min
episode 296/1013  eps 0.067  train return  -13.90%  loss 3.84e-05  maxQ +0.0578  changes   295  3.9 min
episode 297/1013  eps 0.067  train return  -24.21%  loss 4.02e-05  maxQ +0.0575  changes   239  4.0 min
episode 298/1013  eps 0.066  train return   +7.68%  loss 3.93e-05  maxQ +0.0571  changes   267  4.0 min
episode 299/1013  eps 0.066  train return  +14.49%  loss 4.03e-05  maxQ +0.0578  changes   280  4.0 min
episode 300/1013  eps 0.065  train return   -7.62%  loss 4.09e-05  maxQ +0.0570  changes   275  4.0 min | val return -3.79% (best +31.88%)
episode 301/1013  eps 0.064  train return  +13.50%  loss 4.02e-05  maxQ +0.0568  changes   238  4.0 min
episode 302/1013  eps 0.064  train return  +49.62%  loss 3.90e-05  maxQ +0.0570  changes   281  4.0 min
episode 303/1013  eps 0.063  train return   +0.13%  loss 4.13e-05  maxQ +0.0582  changes   287  4.0 min
episode 304/1013  eps 0.063  train return   -2.72%  loss 3.91e-05  maxQ +0.0572  changes   279  4.1 min
episode 305/1013  eps 0.062  train return  +30.49%  loss 3.91e-05  maxQ +0.0577  changes   222  4.1 min
episode 306/1013  eps 0.062  train return  -21.68%  loss 3.82e-05  maxQ +0.0575  changes   315  4.1 min
episode 307/1013  eps 0.061  train return   +5.98%  loss 3.98e-05  maxQ +0.0565  changes   249  4.1 min
episode 308/1013  eps 0.060  train return   -9.50%  loss 3.92e-05  maxQ +0.0577  changes   298  4.1 min
episode 309/1013  eps 0.060  train return  -17.64%  loss 3.74e-05  maxQ +0.0581  changes   304  4.1 min
episode 310/1013  eps 0.059  train return  +48.17%  loss 3.92e-05  maxQ +0.0580  changes   341  4.1 min | val return -2.53% (best +31.88%)
episode 311/1013  eps 0.059  train return  -34.56%  loss 4.02e-05  maxQ +0.0577  changes   378  4.2 min
episode 312/1013  eps 0.058  train return   -3.02%  loss 3.97e-05  maxQ +0.0578  changes   221  4.2 min
episode 313/1013  eps 0.058  train return  +39.51%  loss 3.86e-05  maxQ +0.0559  changes   320  4.2 min
episode 314/1013  eps 0.057  train return  -17.94%  loss 4.12e-05  maxQ +0.0568  changes   271  4.2 min
episode 315/1013  eps 0.057  train return  -29.41%  loss 4.09e-05  maxQ +0.0564  changes   308  4.2 min
episode 316/1013  eps 0.056  train return  +17.50%  loss 4.02e-05  maxQ +0.0563  changes   295  4.2 min
episode 317/1013  eps 0.056  train return  +20.93%  loss 3.84e-05  maxQ +0.0558  changes   325  4.2 min
episode 318/1013  eps 0.055  train return  +10.82%  loss 4.05e-05  maxQ +0.0547  changes   307  4.3 min
episode 319/1013  eps 0.055  train return   -2.50%  loss 3.99e-05  maxQ +0.0542  changes   323  4.3 min
episode 320/1013  eps 0.054  train return   +3.00%  loss 4.13e-05  maxQ +0.0553  changes   323  4.3 min | val return -3.21% (best +31.88%)
episode 321/1013  eps 0.054  train return   -3.25%  loss 3.76e-05  maxQ +0.0554  changes   308  4.3 min
episode 322/1013  eps 0.053  train return   -5.77%  loss 4.05e-05  maxQ +0.0563  changes   342  4.3 min
episode 323/1013  eps 0.053  train return   +1.13%  loss 4.09e-05  maxQ +0.0552  changes   372  4.3 min
episode 324/1013  eps 0.052  train return  -44.59%  loss 3.97e-05  maxQ +0.0551  changes   327  4.4 min
episode 325/1013  eps 0.052  train return  +13.14%  loss 3.99e-05  maxQ +0.0557  changes   361  4.4 min
episode 326/1013  eps 0.051  train return   -1.42%  loss 3.85e-05  maxQ +0.0552  changes   252  4.4 min
episode 327/1013  eps 0.051  train return   +0.30%  loss 3.94e-05  maxQ +0.0545  changes   241  4.4 min
episode 328/1013  eps 0.050  train return   -3.67%  loss 4.12e-05  maxQ +0.0547  changes   302  4.4 min
episode 329/1013  eps 0.050  train return  +10.01%  loss 3.99e-05  maxQ +0.0551  changes   245  4.4 min
episode 330/1013  eps 0.049  train return  +23.91%  loss 3.84e-05  maxQ +0.0552  changes   301  4.4 min | val return -6.74% (best +31.88%)
episode 331/1013  eps 0.049  train return  -14.78%  loss 3.95e-05  maxQ +0.0543  changes   344  4.5 min
episode 332/1013  eps 0.049  train return  +12.16%  loss 4.04e-05  maxQ +0.0552  changes   263  4.5 min
episode 333/1013  eps 0.048  train return  +10.97%  loss 4.09e-05  maxQ +0.0546  changes   279  4.5 min
episode 334/1013  eps 0.048  train return  -13.88%  loss 3.96e-05  maxQ +0.0553  changes   298  4.5 min
episode 335/1013  eps 0.047  train return   -7.90%  loss 3.92e-05  maxQ +0.0548  changes   264  4.5 min
episode 336/1013  eps 0.047  train return   -0.42%  loss 3.80e-05  maxQ +0.0557  changes   324  4.5 min
episode 337/1013  eps 0.046  train return   -9.73%  loss 3.89e-05  maxQ +0.0555  changes   348  4.5 min
episode 338/1013  eps 0.046  train return   +2.12%  loss 3.82e-05  maxQ +0.0547  changes   311  4.5 min
episode 339/1013  eps 0.046  train return   -4.85%  loss 3.76e-05  maxQ +0.0545  changes   367  4.6 min
episode 340/1013  eps 0.045  train return   -4.35%  loss 3.92e-05  maxQ +0.0548  changes   334  4.6 min | val return -3.30% (best +31.88%)
episode 341/1013  eps 0.045  train return   +2.56%  loss 3.81e-05  maxQ +0.0545  changes   231  4.6 min
episode 342/1013  eps 0.044  train return  +18.45%  loss 3.55e-05  maxQ +0.0544  changes   294  4.6 min
episode 343/1013  eps 0.044  train return   +7.12%  loss 3.65e-05  maxQ +0.0543  changes   353  4.6 min
episode 344/1013  eps 0.043  train return   -6.91%  loss 3.72e-05  maxQ +0.0549  changes   261  4.6 min
episode 345/1013  eps 0.043  train return  -11.38%  loss 3.66e-05  maxQ +0.0554  changes   225  4.6 min
episode 346/1013  eps 0.043  train return  -27.11%  loss 3.59e-05  maxQ +0.0547  changes   245  4.7 min
episode 347/1013  eps 0.042  train return   +8.02%  loss 3.53e-05  maxQ +0.0551  changes   238  4.7 min
episode 348/1013  eps 0.042  train return   +1.28%  loss 3.51e-05  maxQ +0.0541  changes   225  4.7 min
episode 349/1013  eps 0.042  train return  -31.26%  loss 3.42e-05  maxQ +0.0542  changes   231  4.7 min
episode 350/1013  eps 0.041  train return  +11.93%  loss 3.48e-05  maxQ +0.0550  changes   259  4.7 min | val return -13.29% (best +31.88%)
episode 351/1013  eps 0.041  train return  +25.37%  loss 3.55e-05  maxQ +0.0541  changes   351  4.7 min
episode 352/1013  eps 0.040  train return  -14.42%  loss 3.52e-05  maxQ +0.0542  changes   345  4.7 min
episode 353/1013  eps 0.040  train return   +7.46%  loss 3.66e-05  maxQ +0.0545  changes   425  4.7 min
episode 354/1013  eps 0.040  train return   +7.92%  loss 3.62e-05  maxQ +0.0550  changes   438  4.8 min
episode 355/1013  eps 0.039  train return  +26.61%  loss 3.57e-05  maxQ +0.0544  changes   411  4.8 min
episode 356/1013  eps 0.039  train return  -16.53%  loss 3.60e-05  maxQ +0.0545  changes   272  4.8 min
episode 357/1013  eps 0.039  train return  -10.36%  loss 3.65e-05  maxQ +0.0553  changes   316  4.8 min
episode 358/1013  eps 0.038  train return   -4.13%  loss 3.76e-05  maxQ +0.0564  changes   424  4.8 min
episode 359/1013  eps 0.038  train return  -21.05%  loss 3.74e-05  maxQ +0.0559  changes   312  4.8 min
episode 360/1013  eps 0.038  train return  -16.36%  loss 3.77e-05  maxQ +0.0563  changes   371  4.8 min | val return -4.23% (best +31.88%)
episode 361/1013  eps 0.037  train return   -7.87%  loss 3.72e-05  maxQ +0.0567  changes   300  4.9 min
episode 362/1013  eps 0.037  train return   +0.19%  loss 3.74e-05  maxQ +0.0560  changes   271  4.9 min
episode 363/1013  eps 0.037  train return  +11.42%  loss 3.65e-05  maxQ +0.0555  changes   359  4.9 min
episode 364/1013  eps 0.036  train return   +6.52%  loss 3.60e-05  maxQ +0.0558  changes   228  4.9 min
episode 365/1013  eps 0.036  train return   -5.92%  loss 3.78e-05  maxQ +0.0562  changes   308  4.9 min
episode 366/1013  eps 0.036  train return  +12.48%  loss 3.94e-05  maxQ +0.0576  changes   179  4.9 min
episode 367/1013  eps 0.035  train return  -18.44%  loss 3.70e-05  maxQ +0.0567  changes   356  4.9 min
episode 368/1013  eps 0.035  train return  +11.32%  loss 3.71e-05  maxQ +0.0556  changes   296  5.0 min
episode 369/1013  eps 0.035  train return   +1.62%  loss 3.74e-05  maxQ +0.0563  changes   301  5.0 min
episode 370/1013  eps 0.034  train return   -0.38%  loss 3.89e-05  maxQ +0.0564  changes   324  5.0 min | val return -8.42% (best +31.88%)
episode 371/1013  eps 0.034  train return  -15.76%  loss 3.65e-05  maxQ +0.0559  changes   262  5.0 min
episode 372/1013  eps 0.034  train return  +12.63%  loss 3.62e-05  maxQ +0.0549  changes   326  5.0 min
episode 373/1013  eps 0.033  train return   +6.75%  loss 3.93e-05  maxQ +0.0545  changes   226  5.0 min
episode 374/1013  eps 0.033  train return  -15.79%  loss 3.49e-05  maxQ +0.0538  changes   295  5.0 min
episode 375/1013  eps 0.033  train return   -1.42%  loss 3.81e-05  maxQ +0.0528  changes   207  5.1 min
episode 376/1013  eps 0.032  train return  -13.35%  loss 3.78e-05  maxQ +0.0515  changes   228  5.1 min
episode 377/1013  eps 0.032  train return   +3.71%  loss 3.44e-05  maxQ +0.0513  changes   272  5.1 min
episode 378/1013  eps 0.032  train return  -14.75%  loss 3.63e-05  maxQ +0.0508  changes   247  5.1 min
episode 379/1013  eps 0.032  train return   +3.38%  loss 3.47e-05  maxQ +0.0508  changes   277  5.1 min
episode 380/1013  eps 0.031  train return   +1.04%  loss 3.51e-05  maxQ +0.0511  changes   256  5.1 min | val return -9.36% (best +31.88%)
episode 381/1013  eps 0.031  train return  +30.24%  loss 3.50e-05  maxQ +0.0506  changes   258  5.2 min
episode 382/1013  eps 0.031  train return  +20.81%  loss 3.58e-05  maxQ +0.0511  changes   244  5.2 min
episode 383/1013  eps 0.030  train return   -5.52%  loss 3.66e-05  maxQ +0.0504  changes   276  5.2 min
episode 384/1013  eps 0.030  train return   +6.50%  loss 3.33e-05  maxQ +0.0496  changes   257  5.2 min
episode 385/1013  eps 0.030  train return  +12.61%  loss 3.49e-05  maxQ +0.0495  changes   236  5.2 min
episode 386/1013  eps 0.030  train return  +45.83%  loss 3.39e-05  maxQ +0.0487  changes   253  5.2 min
episode 387/1013  eps 0.029  train return   +0.51%  loss 3.29e-05  maxQ +0.0482  changes   193  5.3 min
episode 388/1013  eps 0.029  train return  -13.28%  loss 3.50e-05  maxQ +0.0489  changes   220  5.3 min
episode 389/1013  eps 0.029  train return  -22.01%  loss 3.26e-05  maxQ +0.0484  changes   246  5.3 min
episode 390/1013  eps 0.029  train return  +10.78%  loss 3.39e-05  maxQ +0.0490  changes   198  5.3 min | val return -3.13% (best +31.88%)
episode 391/1013  eps 0.028  train return  +18.76%  loss 3.15e-05  maxQ +0.0485  changes   216  5.3 min
episode 392/1013  eps 0.028  train return   +4.60%  loss 3.37e-05  maxQ +0.0486  changes   234  5.3 min
episode 393/1013  eps 0.028  train return   -5.28%  loss 3.29e-05  maxQ +0.0492  changes   140  5.4 min
episode 394/1013  eps 0.028  train return  -35.40%  loss 3.21e-05  maxQ +0.0483  changes   210  5.4 min
episode 395/1013  eps 0.027  train return  -10.08%  loss 3.15e-05  maxQ +0.0484  changes   160  5.4 min
episode 396/1013  eps 0.027  train return   +1.92%  loss 3.12e-05  maxQ +0.0488  changes   187  5.4 min
episode 397/1013  eps 0.027  train return   -5.32%  loss 3.19e-05  maxQ +0.0485  changes   201  5.4 min
episode 398/1013  eps 0.027  train return  +16.51%  loss 3.25e-05  maxQ +0.0487  changes   165  5.4 min
episode 399/1013  eps 0.026  train return   +0.11%  loss 3.17e-05  maxQ +0.0493  changes   207  5.4 min
episode 400/1013  eps 0.026  train return   +7.11%  loss 3.33e-05  maxQ +0.0495  changes   231  5.4 min | val return -4.54% (best +31.88%)
episode 401/1013  eps 0.026  train return   -7.61%  loss 3.25e-05  maxQ +0.0490  changes   185  5.5 min
episode 402/1013  eps 0.026  train return  +25.72%  loss 3.22e-05  maxQ +0.0481  changes   217  5.5 min
episode 403/1013  eps 0.025  train return  +16.39%  loss 3.13e-05  maxQ +0.0477  changes   261  5.5 min
episode 404/1013  eps 0.025  train return   +2.52%  loss 3.26e-05  maxQ +0.0479  changes   215  5.5 min
episode 405/1013  eps 0.025  train return  +12.11%  loss 3.25e-05  maxQ +0.0475  changes   219  5.5 min
episode 406/1013  eps 0.025  train return   +2.08%  loss 3.35e-05  maxQ +0.0479  changes   160  5.5 min
episode 407/1013  eps 0.024  train return   -4.16%  loss 3.01e-05  maxQ +0.0474  changes   195  5.5 min
episode 408/1013  eps 0.024  train return  +31.12%  loss 3.24e-05  maxQ +0.0481  changes   163  5.6 min
episode 409/1013  eps 0.024  train return   +8.92%  loss 3.17e-05  maxQ +0.0482  changes   168  5.6 min
episode 410/1013  eps 0.024  train return   +2.25%  loss 3.36e-05  maxQ +0.0481  changes   177  5.6 min | val return -30.43% (best +31.88%)
episode 411/1013  eps 0.024  train return  -26.28%  loss 3.35e-05  maxQ +0.0488  changes   143  5.6 min
episode 412/1013  eps 0.023  train return  +10.68%  loss 3.45e-05  maxQ +0.0480  changes   225  5.6 min
episode 413/1013  eps 0.023  train return  -12.26%  loss 3.35e-05  maxQ +0.0475  changes   133  5.6 min
episode 414/1013  eps 0.023  train return   -5.16%  loss 3.44e-05  maxQ +0.0470  changes   154  5.6 min
episode 415/1013  eps 0.023  train return  -20.18%  loss 3.39e-05  maxQ +0.0476  changes   234  5.7 min
episode 416/1013  eps 0.023  train return   -9.54%  loss 3.48e-05  maxQ +0.0472  changes   216  5.7 min
episode 417/1013  eps 0.022  train return  -17.30%  loss 3.36e-05  maxQ +0.0469  changes   163  5.7 min
episode 418/1013  eps 0.022  train return   -0.58%  loss 3.46e-05  maxQ +0.0470  changes   140  5.7 min
episode 419/1013  eps 0.022  train return   +2.81%  loss 3.56e-05  maxQ +0.0474  changes   152  5.7 min
episode 420/1013  eps 0.022  train return   -3.29%  loss 3.39e-05  maxQ +0.0476  changes   206  5.7 min | val return -6.49% (best +31.88%)
episode 421/1013  eps 0.022  train return   -3.97%  loss 3.65e-05  maxQ +0.0481  changes   192  5.7 min
episode 422/1013  eps 0.021  train return   +9.08%  loss 3.50e-05  maxQ +0.0479  changes   172  5.8 min
episode 423/1013  eps 0.021  train return  -24.42%  loss 3.48e-05  maxQ +0.0479  changes   123  5.8 min
episode 424/1013  eps 0.021  train return   +0.72%  loss 3.52e-05  maxQ +0.0472  changes    97  5.8 min
episode 425/1013  eps 0.021  train return   +4.51%  loss 3.61e-05  maxQ +0.0470  changes   254  5.8 min
episode 426/1013  eps 0.021  train return   -2.99%  loss 3.73e-05  maxQ +0.0464  changes   138  5.8 min
episode 427/1013  eps 0.020  train return  -28.53%  loss 3.63e-05  maxQ +0.0469  changes   225  5.8 min
episode 428/1013  eps 0.020  train return  +13.68%  loss 3.67e-05  maxQ +0.0472  changes   196  5.8 min
episode 429/1013  eps 0.020  train return   +7.92%  loss 3.71e-05  maxQ +0.0470  changes   185  5.8 min
episode 430/1013  eps 0.020  train return   -7.42%  loss 3.78e-05  maxQ +0.0465  changes   193  5.9 min | val return +11.20% (best +31.88%)
episode 431/1013  eps 0.020  train return  +14.95%  loss 3.79e-05  maxQ +0.0457  changes   233  5.9 min
episode 432/1013  eps 0.019  train return  -13.54%  loss 3.69e-05  maxQ +0.0462  changes   192  5.9 min
episode 433/1013  eps 0.019  train return  +14.28%  loss 3.59e-05  maxQ +0.0455  changes   154  5.9 min
episode 434/1013  eps 0.019  train return  +37.42%  loss 3.74e-05  maxQ +0.0458  changes   227  5.9 min
episode 435/1013  eps 0.019  train return   +4.95%  loss 3.74e-05  maxQ +0.0456  changes   263  5.9 min
episode 436/1013  eps 0.019  train return   +6.19%  loss 3.67e-05  maxQ +0.0451  changes   240  5.9 min
episode 437/1013  eps 0.019  train return   +0.40%  loss 3.76e-05  maxQ +0.0461  changes   250  5.9 min
episode 438/1013  eps 0.018  train return  +40.46%  loss 3.64e-05  maxQ +0.0464  changes   159  6.0 min
episode 439/1013  eps 0.018  train return   -4.70%  loss 3.86e-05  maxQ +0.0455  changes   176  6.0 min
episode 440/1013  eps 0.018  train return  -18.83%  loss 3.83e-05  maxQ +0.0461  changes   252  6.0 min | val return -3.08% (best +31.88%)
episode 441/1013  eps 0.018  train return   -8.46%  loss 3.91e-05  maxQ +0.0456  changes   225  6.0 min
episode 442/1013  eps 0.018  train return   +7.71%  loss 3.95e-05  maxQ +0.0454  changes   281  6.0 min
episode 443/1013  eps 0.018  train return  +16.62%  loss 4.01e-05  maxQ +0.0449  changes   278  6.0 min
episode 444/1013  eps 0.017  train return  +13.57%  loss 4.08e-05  maxQ +0.0456  changes   269  6.0 min
episode 445/1013  eps 0.017  train return  -33.26%  loss 4.03e-05  maxQ +0.0459  changes   232  6.0 min
episode 446/1013  eps 0.017  train return  -15.37%  loss 4.13e-05  maxQ +0.0449  changes   163  6.1 min
episode 447/1013  eps 0.017  train return  +16.73%  loss 3.99e-05  maxQ +0.0454  changes   230  6.1 min
episode 448/1013  eps 0.017  train return  -11.62%  loss 4.16e-05  maxQ +0.0450  changes   214  6.1 min
episode 449/1013  eps 0.017  train return   +8.44%  loss 4.10e-05  maxQ +0.0450  changes   187  6.1 min
episode 450/1013  eps 0.016  train return   +9.73%  loss 4.15e-05  maxQ +0.0451  changes   230  6.1 min | val return -9.72% (best +31.88%)
episode 451/1013  eps 0.016  train return  -12.34%  loss 4.01e-05  maxQ +0.0444  changes   150  6.1 min
episode 452/1013  eps 0.016  train return   -4.21%  loss 4.25e-05  maxQ +0.0443  changes   187  6.1 min
episode 453/1013  eps 0.016  train return   -6.31%  loss 4.17e-05  maxQ +0.0443  changes   246  6.1 min
episode 454/1013  eps 0.016  train return   -3.26%  loss 4.16e-05  maxQ +0.0444  changes   281  6.2 min
episode 455/1013  eps 0.016  train return  +67.82%  loss 3.96e-05  maxQ +0.0442  changes   286  6.2 min
episode 456/1013  eps 0.016  train return   -9.66%  loss 4.05e-05  maxQ +0.0443  changes   282  6.2 min
episode 457/1013  eps 0.015  train return   -6.94%  loss 4.27e-05  maxQ +0.0441  changes   224  6.2 min
episode 458/1013  eps 0.015  train return  +52.04%  loss 4.21e-05  maxQ +0.0437  changes   257  6.2 min
episode 459/1013  eps 0.015  train return  +34.28%  loss 4.31e-05  maxQ +0.0439  changes   205  6.2 min
episode 460/1013  eps 0.015  train return  -18.33%  loss 4.27e-05  maxQ +0.0438  changes   148  6.2 min | val return -4.99% (best +31.88%)
episode 461/1013  eps 0.015  train return   -1.76%  loss 4.37e-05  maxQ +0.0440  changes   191  6.3 min
episode 462/1013  eps 0.015  train return   +9.86%  loss 4.55e-05  maxQ +0.0440  changes   273  6.3 min
episode 463/1013  eps 0.015  train return  +20.85%  loss 4.23e-05  maxQ +0.0444  changes   207  6.3 min
episode 464/1013  eps 0.015  train return  -15.84%  loss 4.46e-05  maxQ +0.0444  changes   270  6.3 min
episode 465/1013  eps 0.014  train return   -8.62%  loss 4.34e-05  maxQ +0.0445  changes   242  6.3 min
episode 466/1013  eps 0.014  train return  -18.83%  loss 4.24e-05  maxQ +0.0446  changes   161  6.3 min
episode 467/1013  eps 0.014  train return   -5.54%  loss 4.48e-05  maxQ +0.0448  changes   143  6.3 min
episode 468/1013  eps 0.014  train return   +9.13%  loss 4.31e-05  maxQ +0.0452  changes   232  6.3 min
episode 469/1013  eps 0.014  train return  -21.74%  loss 4.24e-05  maxQ +0.0445  changes   208  6.3 min
episode 470/1013  eps 0.014  train return   +0.48%  loss 4.40e-05  maxQ +0.0439  changes   160  6.4 min | val return -12.94% (best +31.88%)
episode 471/1013  eps 0.014  train return   +4.61%  loss 4.41e-05  maxQ +0.0439  changes   227  6.4 min
episode 472/1013  eps 0.013  train return  +43.86%  loss 4.31e-05  maxQ +0.0443  changes   273  6.4 min
episode 473/1013  eps 0.013  train return  +12.93%  loss 4.55e-05  maxQ +0.0440  changes   234  6.4 min
episode 474/1013  eps 0.013  train return   +7.21%  loss 4.62e-05  maxQ +0.0435  changes   136  6.4 min
episode 475/1013  eps 0.013  train return   +9.58%  loss 4.43e-05  maxQ +0.0433  changes   139  6.4 min
episode 476/1013  eps 0.013  train return   +3.13%  loss 4.34e-05  maxQ +0.0431  changes   182  6.4 min
episode 477/1013  eps 0.013  train return   -2.19%  loss 4.46e-05  maxQ +0.0427  changes   210  6.5 min
episode 478/1013  eps 0.013  train return   +0.14%  loss 4.43e-05  maxQ +0.0429  changes   221  6.5 min
episode 479/1013  eps 0.013  train return   -5.36%  loss 4.37e-05  maxQ +0.0420  changes   195  6.5 min
episode 480/1013  eps 0.013  train return   -0.44%  loss 4.75e-05  maxQ +0.0425  changes   318  6.5 min | val return -3.75% (best +31.88%)
episode 481/1013  eps 0.012  train return  +21.54%  loss 4.40e-05  maxQ +0.0422  changes   268  6.5 min
episode 482/1013  eps 0.012  train return  -17.31%  loss 4.37e-05  maxQ +0.0421  changes   274  6.6 min
episode 483/1013  eps 0.012  train return   -6.42%  loss 4.42e-05  maxQ +0.0426  changes   268  6.6 min
episode 484/1013  eps 0.012  train return  +16.98%  loss 4.48e-05  maxQ +0.0423  changes   290  6.6 min
episode 485/1013  eps 0.012  train return   -1.31%  loss 4.55e-05  maxQ +0.0425  changes   245  6.6 min
episode 486/1013  eps 0.012  train return   -8.70%  loss 4.69e-05  maxQ +0.0424  changes   291  6.6 min
episode 487/1013  eps 0.012  train return   -4.79%  loss 4.54e-05  maxQ +0.0424  changes   230  6.6 min
episode 488/1013  eps 0.012  train return   +4.71%  loss 4.40e-05  maxQ +0.0429  changes   316  6.6 min
episode 489/1013  eps 0.012  train return  -11.04%  loss 4.53e-05  maxQ +0.0435  changes   262  6.7 min
episode 490/1013  eps 0.011  train return   -6.79%  loss 4.37e-05  maxQ +0.0436  changes   237  6.7 min | val return -11.19% (best +31.88%)
episode 491/1013  eps 0.011  train return   -6.46%  loss 4.28e-05  maxQ +0.0437  changes   276  6.7 min
episode 492/1013  eps 0.011  train return   +5.74%  loss 4.40e-05  maxQ +0.0431  changes   348  6.7 min
episode 493/1013  eps 0.011  train return  -16.25%  loss 4.36e-05  maxQ +0.0427  changes   363  6.7 min
episode 494/1013  eps 0.011  train return   -4.12%  loss 4.44e-05  maxQ +0.0425  changes   165  6.7 min
episode 495/1013  eps 0.011  train return  -23.87%  loss 4.23e-05  maxQ +0.0424  changes   304  6.8 min
episode 496/1013  eps 0.011  train return   -0.47%  loss 4.41e-05  maxQ +0.0432  changes   363  6.8 min
episode 497/1013  eps 0.011  train return  -26.73%  loss 4.19e-05  maxQ +0.0428  changes   239  6.8 min
episode 498/1013  eps 0.011  train return  -20.92%  loss 4.19e-05  maxQ +0.0424  changes   127  6.8 min
episode 499/1013  eps 0.011  train return   +2.58%  loss 4.25e-05  maxQ +0.0430  changes   174  6.8 min
episode 500/1013  eps 0.010  train return  +15.54%  loss 4.36e-05  maxQ +0.0424  changes   195  6.8 min | val return +3.36% (best +31.88%)
episode 501/1013  eps 0.010  train return   -0.69%  loss 4.21e-05  maxQ +0.0417  changes   163  6.8 min
episode 502/1013  eps 0.010  train return   +4.89%  loss 4.26e-05  maxQ +0.0415  changes   115  6.8 min
episode 503/1013  eps 0.010  train return   +8.78%  loss 4.16e-05  maxQ +0.0409  changes   141  6.9 min
episode 504/1013  eps 0.010  train return   +0.90%  loss 4.29e-05  maxQ +0.0408  changes   169  6.9 min
episode 505/1013  eps 0.010  train return   +6.50%  loss 4.17e-05  maxQ +0.0407  changes   158  6.9 min
episode 506/1013  eps 0.010  train return  +10.18%  loss 4.05e-05  maxQ +0.0404  changes   183  6.9 min
episode 507/1013  eps 0.010  train return   -0.73%  loss 4.17e-05  maxQ +0.0408  changes   182  6.9 min
episode 508/1013  eps 0.010  train return  +11.76%  loss 4.13e-05  maxQ +0.0408  changes   226  6.9 min
episode 509/1013  eps 0.010  train return  +22.48%  loss 3.95e-05  maxQ +0.0401  changes   132  7.0 min
episode 510/1013  eps 0.010  train return  -19.54%  loss 3.99e-05  maxQ +0.0397  changes   113  7.0 min | val return -5.97% (best +31.88%)
episode 511/1013  eps 0.010  train return  -27.11%  loss 3.99e-05  maxQ +0.0399  changes   276  7.0 min
episode 512/1013  eps 0.010  train return   +0.07%  loss 4.12e-05  maxQ +0.0390  changes   139  7.0 min
episode 513/1013  eps 0.010  train return  -19.64%  loss 3.95e-05  maxQ +0.0394  changes   172  7.0 min
episode 514/1013  eps 0.010  train return   -6.41%  loss 3.74e-05  maxQ +0.0389  changes   146  7.0 min
episode 515/1013  eps 0.010  train return  -15.69%  loss 4.00e-05  maxQ +0.0382  changes   191  7.0 min
episode 516/1013  eps 0.010  train return   -1.45%  loss 3.95e-05  maxQ +0.0383  changes   224  7.1 min
episode 517/1013  eps 0.010  train return   +1.07%  loss 3.96e-05  maxQ +0.0387  changes   122  7.1 min
episode 518/1013  eps 0.010  train return  -13.66%  loss 4.12e-05  maxQ +0.0386  changes   188  7.1 min
episode 519/1013  eps 0.010  train return  +15.27%  loss 4.20e-05  maxQ +0.0379  changes   134  7.1 min
episode 520/1013  eps 0.010  train return   -5.12%  loss 4.08e-05  maxQ +0.0375  changes   237  7.1 min | val return -4.95% (best +31.88%)
episode 521/1013  eps 0.010  train return  +10.01%  loss 4.06e-05  maxQ +0.0376  changes   165  7.1 min
episode 522/1013  eps 0.010  train return  +14.10%  loss 3.90e-05  maxQ +0.0368  changes   171  7.2 min
episode 523/1013  eps 0.010  train return   -2.17%  loss 3.99e-05  maxQ +0.0367  changes   184  7.2 min
episode 524/1013  eps 0.010  train return   +4.15%  loss 4.04e-05  maxQ +0.0362  changes   125  7.2 min
episode 525/1013  eps 0.010  train return  -40.25%  loss 3.83e-05  maxQ +0.0357  changes   119  7.2 min
episode 526/1013  eps 0.010  train return  +13.74%  loss 3.91e-05  maxQ +0.0359  changes   150  7.2 min
episode 527/1013  eps 0.010  train return  +27.48%  loss 3.61e-05  maxQ +0.0361  changes   119  7.3 min
episode 528/1013  eps 0.010  train return   -3.19%  loss 3.80e-05  maxQ +0.0361  changes    77  7.3 min
episode 529/1013  eps 0.010  train return  +47.50%  loss 4.02e-05  maxQ +0.0359  changes   110  7.3 min
episode 530/1013  eps 0.010  train return  +19.69%  loss 4.09e-05  maxQ +0.0362  changes   154  7.3 min | val return +4.80% (best +31.88%)
episode 531/1013  eps 0.010  train return  -24.42%  loss 4.03e-05  maxQ +0.0362  changes   187  7.4 min
episode 532/1013  eps 0.010  train return   -1.08%  loss 4.17e-05  maxQ +0.0364  changes   142  7.4 min
episode 533/1013  eps 0.010  train return  -13.44%  loss 3.87e-05  maxQ +0.0359  changes    91  7.4 min
episode 534/1013  eps 0.010  train return   -7.99%  loss 4.01e-05  maxQ +0.0357  changes   125  7.4 min
episode 535/1013  eps 0.010  train return  +16.69%  loss 4.40e-05  maxQ +0.0350  changes   111  7.4 min
episode 536/1013  eps 0.010  train return  +56.42%  loss 4.07e-05  maxQ +0.0348  changes   133  7.5 min
episode 537/1013  eps 0.010  train return   +1.97%  loss 3.84e-05  maxQ +0.0346  changes   128  7.5 min
episode 538/1013  eps 0.010  train return  +28.29%  loss 4.08e-05  maxQ +0.0341  changes   143  7.5 min
episode 539/1013  eps 0.010  train return  +26.39%  loss 4.03e-05  maxQ +0.0337  changes   177  7.5 min
episode 540/1013  eps 0.010  train return  +29.58%  loss 4.00e-05  maxQ +0.0337  changes   152  7.5 min | val return -2.24% (best +31.88%)
episode 541/1013  eps 0.010  train return   -0.95%  loss 4.05e-05  maxQ +0.0334  changes    79  7.6 min
episode 542/1013  eps 0.010  train return  +10.56%  loss 4.25e-05  maxQ +0.0338  changes   110  7.6 min
episode 543/1013  eps 0.010  train return   +8.28%  loss 4.14e-05  maxQ +0.0327  changes    76  7.6 min
episode 544/1013  eps 0.010  train return  +12.09%  loss 4.25e-05  maxQ +0.0330  changes   125  7.6 min
episode 545/1013  eps 0.010  train return  -18.54%  loss 4.45e-05  maxQ +0.0328  changes   113  7.6 min
episode 546/1013  eps 0.010  train return   -2.69%  loss 4.48e-05  maxQ +0.0328  changes   121  7.6 min
episode 547/1013  eps 0.010  train return   -5.46%  loss 4.38e-05  maxQ +0.0330  changes   117  7.6 min
episode 548/1013  eps 0.010  train return   +2.32%  loss 4.50e-05  maxQ +0.0331  changes    63  7.6 min
episode 549/1013  eps 0.010  train return  +15.33%  loss 4.36e-05  maxQ +0.0323  changes    78  7.7 min
episode 550/1013  eps 0.010  train return   +7.19%  loss 4.22e-05  maxQ +0.0328  changes    76  7.7 min | val return -3.42% (best +31.88%)
episode 551/1013  eps 0.010  train return  +34.91%  loss 4.01e-05  maxQ +0.0329  changes   110  7.7 min
episode 552/1013  eps 0.010  train return   +0.76%  loss 4.33e-05  maxQ +0.0322  changes    86  7.7 min
episode 553/1013  eps 0.010  train return  +36.83%  loss 4.33e-05  maxQ +0.0318  changes   106  7.7 min
episode 554/1013  eps 0.010  train return  +16.26%  loss 4.46e-05  maxQ +0.0317  changes   147  7.7 min
episode 555/1013  eps 0.010  train return  -32.96%  loss 4.21e-05  maxQ +0.0324  changes    53  7.8 min
episode 556/1013  eps 0.010  train return  -11.79%  loss 4.49e-05  maxQ +0.0318  changes   113  7.8 min
episode 557/1013  eps 0.010  train return  -23.75%  loss 4.44e-05  maxQ +0.0317  changes   135  7.8 min
episode 558/1013  eps 0.010  train return   +7.10%  loss 4.39e-05  maxQ +0.0313  changes   112  7.8 min
episode 559/1013  eps 0.010  train return   -9.06%  loss 4.50e-05  maxQ +0.0310  changes    88  7.8 min
episode 560/1013  eps 0.010  train return   -6.45%  loss 4.52e-05  maxQ +0.0303  changes    91  7.8 min | val return -4.96% (best +31.88%)
episode 561/1013  eps 0.010  train return   +8.33%  loss 4.53e-05  maxQ +0.0309  changes    69  7.9 min
episode 562/1013  eps 0.010  train return  +18.96%  loss 4.51e-05  maxQ +0.0309  changes   112  7.9 min
episode 563/1013  eps 0.010  train return  -13.40%  loss 4.57e-05  maxQ +0.0310  changes    67  7.9 min
episode 564/1013  eps 0.010  train return  +14.28%  loss 4.55e-05  maxQ +0.0301  changes    89  7.9 min
episode 565/1013  eps 0.010  train return   -1.57%  loss 4.46e-05  maxQ +0.0302  changes    91  7.9 min
episode 566/1013  eps 0.010  train return   -7.02%  loss 4.35e-05  maxQ +0.0299  changes    84  8.0 min
episode 567/1013  eps 0.010  train return  +19.42%  loss 4.33e-05  maxQ +0.0295  changes    80  8.0 min
episode 568/1013  eps 0.010  train return  +25.61%  loss 4.31e-05  maxQ +0.0300  changes    81  8.0 min
episode 569/1013  eps 0.010  train return   -7.89%  loss 4.47e-05  maxQ +0.0298  changes   117  8.0 min
episode 570/1013  eps 0.010  train return  -26.76%  loss 4.78e-05  maxQ +0.0301  changes   111  8.0 min | val return -4.72% (best +31.88%)
episode 571/1013  eps 0.010  train return  +30.46%  loss 4.66e-05  maxQ +0.0302  changes   117  8.1 min
episode 572/1013  eps 0.010  train return  +18.83%  loss 4.95e-05  maxQ +0.0307  changes   120  8.1 min
episode 573/1013  eps 0.010  train return   -8.50%  loss 4.56e-05  maxQ +0.0311  changes   134  8.1 min
episode 574/1013  eps 0.010  train return   -6.86%  loss 4.49e-05  maxQ +0.0312  changes    81  8.1 min
episode 575/1013  eps 0.010  train return   +2.91%  loss 4.50e-05  maxQ +0.0320  changes    12  8.2 min
episode 576/1013  eps 0.010  train return  +79.68%  loss 4.46e-05  maxQ +0.0317  changes   149  8.2 min
episode 577/1013  eps 0.010  train return  -28.96%  loss 4.67e-05  maxQ +0.0324  changes    49  8.2 min
episode 578/1013  eps 0.010  train return  +36.20%  loss 4.75e-05  maxQ +0.0318  changes   105  8.2 min
episode 579/1013  eps 0.010  train return   -7.69%  loss 4.49e-05  maxQ +0.0321  changes    68  8.2 min
episode 580/1013  eps 0.010  train return   -1.09%  loss 4.70e-05  maxQ +0.0322  changes    89  8.2 min | val return -5.86% (best +31.88%)
episode 581/1013  eps 0.010  train return  +34.78%  loss 5.04e-05  maxQ +0.0325  changes    77  8.2 min
episode 582/1013  eps 0.010  train return  -19.64%  loss 5.27e-05  maxQ +0.0325  changes   162  8.2 min
episode 583/1013  eps 0.010  train return   +2.43%  loss 4.86e-05  maxQ +0.0323  changes   247  8.3 min
episode 584/1013  eps 0.010  train return   -2.05%  loss 4.99e-05  maxQ +0.0326  changes   236  8.3 min
episode 585/1013  eps 0.010  train return  +27.46%  loss 5.15e-05  maxQ +0.0331  changes   123  8.3 min
episode 586/1013  eps 0.010  train return  -18.41%  loss 5.06e-05  maxQ +0.0338  changes   196  8.4 min
episode 587/1013  eps 0.010  train return   +7.08%  loss 5.13e-05  maxQ +0.0336  changes   141  8.4 min
episode 588/1013  eps 0.010  train return   +7.76%  loss 5.03e-05  maxQ +0.0337  changes   163  8.4 min
episode 589/1013  eps 0.010  train return  -20.33%  loss 5.15e-05  maxQ +0.0340  changes   111  8.5 min
episode 590/1013  eps 0.010  train return  -25.64%  loss 5.02e-05  maxQ +0.0333  changes   126  8.5 min | val return -2.86% (best +31.88%)
episode 591/1013  eps 0.010  train return  +16.16%  loss 5.19e-05  maxQ +0.0338  changes    97  8.5 min
episode 592/1013  eps 0.010  train return  -29.77%  loss 5.15e-05  maxQ +0.0330  changes   136  8.5 min
episode 593/1013  eps 0.010  train return   -3.67%  loss 5.26e-05  maxQ +0.0334  changes   159  8.5 min
episode 594/1013  eps 0.010  train return   +2.19%  loss 5.00e-05  maxQ +0.0336  changes   136  8.6 min
episode 595/1013  eps 0.010  train return  -10.24%  loss 4.91e-05  maxQ +0.0344  changes   205  8.6 min
episode 596/1013  eps 0.010  train return  +11.66%  loss 4.96e-05  maxQ +0.0344  changes   158  8.6 min
episode 597/1013  eps 0.010  train return   +2.45%  loss 4.91e-05  maxQ +0.0339  changes   144  8.6 min
episode 598/1013  eps 0.010  train return   -2.77%  loss 4.97e-05  maxQ +0.0339  changes   209  8.6 min
episode 599/1013  eps 0.010  train return   -8.50%  loss 4.87e-05  maxQ +0.0338  changes   121  8.6 min
episode 600/1013  eps 0.010  train return   -6.17%  loss 4.69e-05  maxQ +0.0335  changes   152  8.6 min | val return +3.39% (best +31.88%)
episode 601/1013  eps 0.010  train return   -4.55%  loss 4.85e-05  maxQ +0.0341  changes   114  8.7 min
episode 602/1013  eps 0.010  train return  +50.85%  loss 4.63e-05  maxQ +0.0339  changes   212  8.7 min
episode 603/1013  eps 0.010  train return  -16.18%  loss 4.65e-05  maxQ +0.0340  changes   108  8.7 min
episode 604/1013  eps 0.010  train return  -28.78%  loss 4.69e-05  maxQ +0.0339  changes   160  8.8 min
episode 605/1013  eps 0.010  train return   +0.79%  loss 4.56e-05  maxQ +0.0334  changes   148  8.8 min
episode 606/1013  eps 0.010  train return  -14.48%  loss 4.59e-05  maxQ +0.0336  changes   185  8.8 min
episode 607/1013  eps 0.010  train return  +22.57%  loss 4.87e-05  maxQ +0.0337  changes   147  8.8 min
episode 608/1013  eps 0.010  train return  +20.73%  loss 4.85e-05  maxQ +0.0347  changes   234  8.8 min
episode 609/1013  eps 0.010  train return   -6.12%  loss 4.98e-05  maxQ +0.0343  changes   221  8.8 min
episode 610/1013  eps 0.010  train return  +33.08%  loss 5.08e-05  maxQ +0.0342  changes   172  8.9 min | val return -12.68% (best +31.88%)
episode 611/1013  eps 0.010  train return   +1.92%  loss 4.71e-05  maxQ +0.0341  changes   138  8.9 min
episode 612/1013  eps 0.010  train return   -2.01%  loss 4.92e-05  maxQ +0.0331  changes   160  8.9 min
episode 613/1013  eps 0.010  train return  -26.20%  loss 4.96e-05  maxQ +0.0336  changes   147  8.9 min
episode 614/1013  eps 0.010  train return   +1.84%  loss 4.70e-05  maxQ +0.0331  changes   170  8.9 min
episode 615/1013  eps 0.010  train return   -4.40%  loss 4.46e-05  maxQ +0.0329  changes   114  9.0 min
episode 616/1013  eps 0.010  train return  -12.78%  loss 4.52e-05  maxQ +0.0329  changes   117  9.0 min
episode 617/1013  eps 0.010  train return  +26.39%  loss 4.47e-05  maxQ +0.0328  changes   142  9.0 min
episode 618/1013  eps 0.010  train return   -8.14%  loss 4.50e-05  maxQ +0.0328  changes   199  9.0 min
episode 619/1013  eps 0.010  train return  -28.81%  loss 4.55e-05  maxQ +0.0328  changes   148  9.0 min
episode 620/1013  eps 0.010  train return   -9.23%  loss 4.27e-05  maxQ +0.0327  changes    89  9.0 min | val return +10.82% (best +31.88%)
episode 621/1013  eps 0.010  train return   -0.70%  loss 4.69e-05  maxQ +0.0328  changes   191  9.0 min
episode 622/1013  eps 0.010  train return   -7.05%  loss 4.55e-05  maxQ +0.0326  changes   110  9.1 min
episode 623/1013  eps 0.010  train return   -9.79%  loss 4.51e-05  maxQ +0.0322  changes    91  9.1 min
episode 624/1013  eps 0.010  train return  +12.28%  loss 4.50e-05  maxQ +0.0320  changes   127  9.1 min
episode 625/1013  eps 0.010  train return   +4.25%  loss 4.26e-05  maxQ +0.0319  changes   117  9.1 min
episode 626/1013  eps 0.010  train return  +28.16%  loss 4.39e-05  maxQ +0.0324  changes   212  9.1 min
episode 627/1013  eps 0.010  train return   +9.30%  loss 4.39e-05  maxQ +0.0329  changes   221  9.1 min
episode 628/1013  eps 0.010  train return  +17.29%  loss 4.43e-05  maxQ +0.0328  changes   198  9.1 min
episode 629/1013  eps 0.010  train return   -4.13%  loss 4.46e-05  maxQ +0.0333  changes   194  9.1 min
episode 630/1013  eps 0.010  train return  -15.48%  loss 4.47e-05  maxQ +0.0326  changes   163  9.2 min | val return -5.04% (best +31.88%)
episode 631/1013  eps 0.010  train return   -5.25%  loss 4.20e-05  maxQ +0.0333  changes   338  9.2 min
episode 632/1013  eps 0.010  train return   -5.44%  loss 4.44e-05  maxQ +0.0343  changes   150  9.2 min
episode 633/1013  eps 0.010  train return   -9.12%  loss 4.34e-05  maxQ +0.0340  changes   228  9.2 min
episode 634/1013  eps 0.010  train return  -12.13%  loss 4.43e-05  maxQ +0.0339  changes   285  9.2 min
episode 635/1013  eps 0.010  train return   +5.80%  loss 4.29e-05  maxQ +0.0338  changes   208  9.2 min
episode 636/1013  eps 0.010  train return  +16.34%  loss 4.15e-05  maxQ +0.0344  changes   228  9.3 min
episode 637/1013  eps 0.010  train return  +11.15%  loss 4.21e-05  maxQ +0.0345  changes   151  9.3 min
episode 638/1013  eps 0.010  train return   -0.72%  loss 4.44e-05  maxQ +0.0346  changes   177  9.3 min
episode 639/1013  eps 0.010  train return  -38.43%  loss 4.26e-05  maxQ +0.0345  changes   180  9.3 min
episode 640/1013  eps 0.010  train return   -8.53%  loss 3.92e-05  maxQ +0.0348  changes   204  9.3 min | val return -3.79% (best +31.88%)
episode 641/1013  eps 0.010  train return  +25.96%  loss 4.14e-05  maxQ +0.0347  changes   196  9.3 min
episode 642/1013  eps 0.010  train return   -4.19%  loss 4.00e-05  maxQ +0.0342  changes   211  9.3 min
episode 643/1013  eps 0.010  train return   -0.50%  loss 3.94e-05  maxQ +0.0343  changes   155  9.4 min
episode 644/1013  eps 0.010  train return  +41.39%  loss 3.92e-05  maxQ +0.0338  changes   191  9.4 min
episode 645/1013  eps 0.010  train return   +5.26%  loss 3.86e-05  maxQ +0.0340  changes   206  9.4 min
episode 646/1013  eps 0.010  train return  +12.03%  loss 3.86e-05  maxQ +0.0334  changes   158  9.4 min
episode 647/1013  eps 0.010  train return  -20.79%  loss 3.69e-05  maxQ +0.0342  changes   231  9.4 min
episode 648/1013  eps 0.010  train return  -31.06%  loss 3.62e-05  maxQ +0.0350  changes   222  9.5 min
episode 649/1013  eps 0.010  train return   -5.34%  loss 3.80e-05  maxQ +0.0351  changes   184  9.5 min
episode 650/1013  eps 0.010  train return  -12.65%  loss 3.87e-05  maxQ +0.0349  changes   200  9.5 min | val return -5.58% (best +31.88%)
episode 651/1013  eps 0.010  train return  -35.41%  loss 3.81e-05  maxQ +0.0349  changes   165  9.5 min
episode 652/1013  eps 0.010  train return  +17.22%  loss 3.73e-05  maxQ +0.0347  changes   212  9.5 min
episode 653/1013  eps 0.010  train return   -1.89%  loss 3.67e-05  maxQ +0.0342  changes   182  9.5 min
episode 654/1013  eps 0.010  train return  +21.47%  loss 3.78e-05  maxQ +0.0345  changes   159  9.5 min
episode 655/1013  eps 0.010  train return  +19.63%  loss 3.60e-05  maxQ +0.0336  changes   125  9.6 min
episode 656/1013  eps 0.010  train return   -2.39%  loss 3.37e-05  maxQ +0.0341  changes   223  9.6 min
episode 657/1013  eps 0.010  train return  +17.96%  loss 3.56e-05  maxQ +0.0340  changes   187  9.6 min
episode 658/1013  eps 0.010  train return   -5.20%  loss 3.51e-05  maxQ +0.0338  changes   155  9.6 min
episode 659/1013  eps 0.010  train return  +19.80%  loss 3.51e-05  maxQ +0.0336  changes   174  9.6 min
episode 660/1013  eps 0.010  train return  -25.52%  loss 3.68e-05  maxQ +0.0330  changes   144  9.6 min | val return -15.06% (best +31.88%)
episode 661/1013  eps 0.010  train return  -11.41%  loss 3.76e-05  maxQ +0.0326  changes   173  9.6 min
episode 662/1013  eps 0.010  train return   -1.43%  loss 3.47e-05  maxQ +0.0324  changes   138  9.7 min
episode 663/1013  eps 0.010  train return   -9.61%  loss 3.65e-05  maxQ +0.0326  changes   138  9.7 min
episode 664/1013  eps 0.010  train return  -23.46%  loss 3.73e-05  maxQ +0.0323  changes   251  9.7 min
episode 665/1013  eps 0.010  train return  +11.75%  loss 3.70e-05  maxQ +0.0320  changes   187  9.7 min
episode 666/1013  eps 0.010  train return   -2.34%  loss 3.52e-05  maxQ +0.0318  changes   235  9.7 min
episode 667/1013  eps 0.010  train return  +16.91%  loss 3.64e-05  maxQ +0.0319  changes   176  9.7 min
episode 668/1013  eps 0.010  train return  +20.89%  loss 3.62e-05  maxQ +0.0321  changes   126  9.7 min
episode 669/1013  eps 0.010  train return   +1.67%  loss 3.62e-05  maxQ +0.0323  changes   217  9.8 min
episode 670/1013  eps 0.010  train return  -25.71%  loss 3.74e-05  maxQ +0.0319  changes   180  9.8 min | val return -9.82% (best +31.88%)
episode 671/1013  eps 0.010  train return  -30.60%  loss 3.79e-05  maxQ +0.0321  changes   156  9.8 min
episode 672/1013  eps 0.010  train return  +15.04%  loss 3.67e-05  maxQ +0.0323  changes   290  9.8 min
episode 673/1013  eps 0.010  train return   +3.75%  loss 3.83e-05  maxQ +0.0321  changes   234  9.8 min
episode 674/1013  eps 0.010  train return  -12.64%  loss 3.71e-05  maxQ +0.0320  changes   220  9.8 min
episode 675/1013  eps 0.010  train return  +23.90%  loss 3.49e-05  maxQ +0.0320  changes   261  9.8 min
episode 676/1013  eps 0.010  train return   +8.32%  loss 3.66e-05  maxQ +0.0316  changes   302  9.8 min
episode 677/1013  eps 0.010  train return  +15.88%  loss 3.71e-05  maxQ +0.0327  changes   183  9.9 min
episode 678/1013  eps 0.010  train return   +7.62%  loss 3.47e-05  maxQ +0.0325  changes   211  9.9 min
episode 679/1013  eps 0.010  train return  -17.35%  loss 3.51e-05  maxQ +0.0317  changes   173  9.9 min
episode 680/1013  eps 0.010  train return   -9.43%  loss 3.42e-05  maxQ +0.0318  changes   205  9.9 min | val return -5.92% (best +31.88%)
episode 681/1013  eps 0.010  train return   -5.65%  loss 3.40e-05  maxQ +0.0315  changes   173  9.9 min
episode 682/1013  eps 0.010  train return  -13.15%  loss 3.59e-05  maxQ +0.0314  changes   172  9.9 min
episode 683/1013  eps 0.010  train return   -4.48%  loss 3.51e-05  maxQ +0.0311  changes   128  9.9 min
episode 684/1013  eps 0.010  train return   -7.49%  loss 3.62e-05  maxQ +0.0311  changes   144  10.0 min
episode 685/1013  eps 0.010  train return  +12.77%  loss 3.46e-05  maxQ +0.0312  changes   178  10.0 min
episode 686/1013  eps 0.010  train return  +38.57%  loss 3.37e-05  maxQ +0.0318  changes   157  10.0 min
episode 687/1013  eps 0.010  train return   -3.34%  loss 3.48e-05  maxQ +0.0316  changes   213  10.0 min
episode 688/1013  eps 0.010  train return  +12.38%  loss 3.67e-05  maxQ +0.0317  changes   203  10.0 min
episode 689/1013  eps 0.010  train return   -0.06%  loss 3.63e-05  maxQ +0.0321  changes   122  10.0 min
episode 690/1013  eps 0.010  train return   -2.32%  loss 3.86e-05  maxQ +0.0314  changes   165  10.0 min | val return -18.32% (best +31.88%)
episode 691/1013  eps 0.010  train return   -2.93%  loss 3.64e-05  maxQ +0.0315  changes   148  10.1 min
episode 692/1013  eps 0.010  train return   +2.49%  loss 3.76e-05  maxQ +0.0322  changes   105  10.1 min
episode 693/1013  eps 0.010  train return  +43.44%  loss 3.73e-05  maxQ +0.0320  changes   162  10.1 min
episode 694/1013  eps 0.010  train return  -29.21%  loss 3.75e-05  maxQ +0.0321  changes   221  10.1 min
episode 695/1013  eps 0.010  train return   +3.50%  loss 4.03e-05  maxQ +0.0315  changes   170  10.1 min
episode 696/1013  eps 0.010  train return   +0.08%  loss 3.77e-05  maxQ +0.0320  changes   149  10.1 min
episode 697/1013  eps 0.010  train return  +17.83%  loss 4.07e-05  maxQ +0.0314  changes   167  10.1 min
episode 698/1013  eps 0.010  train return   +5.18%  loss 3.83e-05  maxQ +0.0314  changes   156  10.2 min
episode 699/1013  eps 0.010  train return  +28.02%  loss 3.71e-05  maxQ +0.0312  changes   202  10.2 min
episode 700/1013  eps 0.010  train return  -14.09%  loss 4.18e-05  maxQ +0.0312  changes   131  10.2 min | val return -19.23% (best +31.88%)
episode 701/1013  eps 0.010  train return  -29.21%  loss 3.79e-05  maxQ +0.0311  changes   166  10.2 min
episode 702/1013  eps 0.010  train return   +3.36%  loss 3.86e-05  maxQ +0.0316  changes   159  10.2 min
episode 703/1013  eps 0.010  train return   +8.96%  loss 4.00e-05  maxQ +0.0320  changes   119  10.2 min
episode 704/1013  eps 0.010  train return  -14.85%  loss 4.14e-05  maxQ +0.0318  changes   145  10.3 min
episode 705/1013  eps 0.010  train return  +22.70%  loss 4.03e-05  maxQ +0.0321  changes   103  10.3 min
episode 706/1013  eps 0.010  train return   -2.30%  loss 4.10e-05  maxQ +0.0314  changes   150  10.3 min
episode 707/1013  eps 0.010  train return  +21.57%  loss 4.16e-05  maxQ +0.0317  changes   148  10.3 min
episode 708/1013  eps 0.010  train return   -7.69%  loss 4.23e-05  maxQ +0.0314  changes   127  10.3 min
episode 709/1013  eps 0.010  train return   +1.96%  loss 3.86e-05  maxQ +0.0310  changes   170  10.3 min
episode 710/1013  eps 0.010  train return  -21.01%  loss 4.04e-05  maxQ +0.0315  changes   147  10.4 min | val return +2.53% (best +31.88%)
episode 711/1013  eps 0.010  train return  -16.73%  loss 3.97e-05  maxQ +0.0313  changes   178  10.4 min
episode 712/1013  eps 0.010  train return   -8.06%  loss 4.04e-05  maxQ +0.0310  changes   153  10.4 min
episode 713/1013  eps 0.010  train return   +9.08%  loss 3.93e-05  maxQ +0.0313  changes   164  10.4 min
episode 714/1013  eps 0.010  train return   -3.64%  loss 3.92e-05  maxQ +0.0315  changes   111  10.4 min
episode 715/1013  eps 0.010  train return   -6.35%  loss 3.92e-05  maxQ +0.0313  changes   114  10.4 min
episode 716/1013  eps 0.010  train return  +17.09%  loss 4.00e-05  maxQ +0.0315  changes   129  10.4 min
episode 717/1013  eps 0.010  train return   -8.80%  loss 3.95e-05  maxQ +0.0313  changes   153  10.4 min
episode 718/1013  eps 0.010  train return  -11.15%  loss 3.89e-05  maxQ +0.0320  changes   131  10.5 min
episode 719/1013  eps 0.010  train return  +21.18%  loss 3.86e-05  maxQ +0.0318  changes   129  10.5 min
episode 720/1013  eps 0.010  train return  -11.43%  loss 3.96e-05  maxQ +0.0313  changes   119  10.5 min | val return -4.03% (best +31.88%)
episode 721/1013  eps 0.010  train return   +7.26%  loss 3.95e-05  maxQ +0.0313  changes   156  10.5 min
episode 722/1013  eps 0.010  train return   +7.15%  loss 3.81e-05  maxQ +0.0314  changes   174  10.5 min
episode 723/1013  eps 0.010  train return  +16.80%  loss 3.67e-05  maxQ +0.0316  changes   159  10.5 min
episode 724/1013  eps 0.010  train return  +27.94%  loss 3.53e-05  maxQ +0.0324  changes   117  10.5 min
episode 725/1013  eps 0.010  train return  +27.44%  loss 3.68e-05  maxQ +0.0320  changes   107  10.5 min
episode 726/1013  eps 0.010  train return  +36.87%  loss 3.58e-05  maxQ +0.0324  changes   102  10.6 min
episode 727/1013  eps 0.010  train return   +7.05%  loss 3.42e-05  maxQ +0.0326  changes   152  10.6 min
episode 728/1013  eps 0.010  train return   -5.11%  loss 3.83e-05  maxQ +0.0324  changes   141  10.6 min
episode 729/1013  eps 0.010  train return   -8.58%  loss 3.86e-05  maxQ +0.0327  changes   110  10.6 min
episode 730/1013  eps 0.010  train return  -10.31%  loss 3.64e-05  maxQ +0.0329  changes    86  10.6 min | val return -0.73% (best +31.88%)
episode 731/1013  eps 0.010  train return   -7.78%  loss 3.80e-05  maxQ +0.0333  changes   130  10.6 min
episode 732/1013  eps 0.010  train return   +1.35%  loss 3.96e-05  maxQ +0.0330  changes   114  10.6 min
episode 733/1013  eps 0.010  train return  +10.71%  loss 3.72e-05  maxQ +0.0336  changes   113  10.6 min
episode 734/1013  eps 0.010  train return   +8.83%  loss 3.67e-05  maxQ +0.0330  changes    78  10.7 min
episode 735/1013  eps 0.010  train return   -7.98%  loss 3.57e-05  maxQ +0.0335  changes   142  10.7 min
episode 736/1013  eps 0.010  train return   -4.73%  loss 3.63e-05  maxQ +0.0331  changes   124  10.7 min
episode 737/1013  eps 0.010  train return   -9.29%  loss 3.66e-05  maxQ +0.0333  changes   134  10.7 min
episode 738/1013  eps 0.010  train return  +14.93%  loss 3.57e-05  maxQ +0.0329  changes   137  10.7 min
episode 739/1013  eps 0.010  train return  +13.80%  loss 3.64e-05  maxQ +0.0333  changes   128  10.7 min
episode 740/1013  eps 0.010  train return  +17.08%  loss 3.63e-05  maxQ +0.0335  changes   104  10.7 min | val return +5.37% (best +31.88%)
episode 741/1013  eps 0.010  train return   -6.35%  loss 3.44e-05  maxQ +0.0332  changes   144  10.8 min
episode 742/1013  eps 0.010  train return   +4.12%  loss 3.50e-05  maxQ +0.0328  changes   115  10.8 min
episode 743/1013  eps 0.010  train return  +11.80%  loss 3.61e-05  maxQ +0.0336  changes   119  10.8 min
episode 744/1013  eps 0.010  train return   +4.13%  loss 3.42e-05  maxQ +0.0334  changes    88  10.8 min
episode 745/1013  eps 0.010  train return  +16.80%  loss 3.26e-05  maxQ +0.0337  changes   126  10.8 min
episode 746/1013  eps 0.010  train return   +9.81%  loss 3.41e-05  maxQ +0.0337  changes   131  10.8 min
episode 747/1013  eps 0.010  train return   -6.99%  loss 3.67e-05  maxQ +0.0337  changes   107  10.8 min
episode 748/1013  eps 0.010  train return   -7.86%  loss 3.36e-05  maxQ +0.0330  changes   211  10.8 min
episode 749/1013  eps 0.010  train return  +13.81%  loss 3.53e-05  maxQ +0.0330  changes   122  10.9 min
episode 750/1013  eps 0.010  train return  -16.12%  loss 3.67e-05  maxQ +0.0331  changes   114  10.9 min | val return +1.12% (best +31.88%)
episode 751/1013  eps 0.010  train return   -6.67%  loss 3.80e-05  maxQ +0.0334  changes   132  10.9 min
episode 752/1013  eps 0.010  train return   -5.96%  loss 3.62e-05  maxQ +0.0329  changes   136  10.9 min
episode 753/1013  eps 0.010  train return  +13.80%  loss 3.98e-05  maxQ +0.0334  changes   142  10.9 min
episode 754/1013  eps 0.010  train return  +23.74%  loss 3.63e-05  maxQ +0.0338  changes   172  10.9 min
episode 755/1013  eps 0.010  train return   -5.55%  loss 3.84e-05  maxQ +0.0338  changes   101  10.9 min
episode 756/1013  eps 0.010  train return   +4.92%  loss 3.56e-05  maxQ +0.0334  changes   149  10.9 min
episode 757/1013  eps 0.010  train return  +13.08%  loss 3.64e-05  maxQ +0.0330  changes   144  11.0 min
episode 758/1013  eps 0.010  train return   +2.02%  loss 3.76e-05  maxQ +0.0334  changes   134  11.0 min
episode 759/1013  eps 0.010  train return  -30.25%  loss 3.60e-05  maxQ +0.0336  changes   141  11.0 min
episode 760/1013  eps 0.010  train return   +3.39%  loss 3.86e-05  maxQ +0.0333  changes   215  11.0 min | val return -11.24% (best +31.88%)
episode 761/1013  eps 0.010  train return   -1.90%  loss 3.73e-05  maxQ +0.0334  changes   150  11.0 min
episode 762/1013  eps 0.010  train return   -9.77%  loss 3.93e-05  maxQ +0.0330  changes   120  11.0 min
episode 763/1013  eps 0.010  train return   +5.60%  loss 3.75e-05  maxQ +0.0333  changes   148  11.0 min
episode 764/1013  eps 0.010  train return  +20.86%  loss 3.75e-05  maxQ +0.0327  changes   192  11.0 min
episode 765/1013  eps 0.010  train return   +4.64%  loss 3.67e-05  maxQ +0.0326  changes   139  11.1 min
episode 766/1013  eps 0.010  train return   -4.32%  loss 3.53e-05  maxQ +0.0321  changes   165  11.1 min
episode 767/1013  eps 0.010  train return   -4.97%  loss 3.63e-05  maxQ +0.0319  changes   147  11.1 min
episode 768/1013  eps 0.010  train return  -11.35%  loss 3.61e-05  maxQ +0.0322  changes   223  11.1 min
episode 769/1013  eps 0.010  train return  +13.69%  loss 3.55e-05  maxQ +0.0326  changes   177  11.1 min
episode 770/1013  eps 0.010  train return  -14.48%  loss 3.67e-05  maxQ +0.0323  changes   135  11.1 min | val return -3.26% (best +31.88%)
episode 771/1013  eps 0.010  train return  +13.10%  loss 3.44e-05  maxQ +0.0323  changes   194  11.1 min
episode 772/1013  eps 0.010  train return   -3.48%  loss 3.53e-05  maxQ +0.0320  changes   167  11.1 min
episode 773/1013  eps 0.010  train return  +42.19%  loss 3.52e-05  maxQ +0.0319  changes   142  11.2 min
episode 774/1013  eps 0.010  train return   -6.73%  loss 3.50e-05  maxQ +0.0319  changes   174  11.2 min
episode 775/1013  eps 0.010  train return  +10.38%  loss 3.57e-05  maxQ +0.0319  changes   151  11.2 min
episode 776/1013  eps 0.010  train return   +3.92%  loss 3.63e-05  maxQ +0.0320  changes   139  11.2 min
episode 777/1013  eps 0.010  train return   +2.93%  loss 3.73e-05  maxQ +0.0321  changes   110  11.2 min
episode 778/1013  eps 0.010  train return   -5.56%  loss 3.76e-05  maxQ +0.0318  changes   147  11.2 min
episode 779/1013  eps 0.010  train return  +42.96%  loss 3.70e-05  maxQ +0.0322  changes   155  11.2 min
episode 780/1013  eps 0.010  train return  +24.61%  loss 3.52e-05  maxQ +0.0330  changes   119  11.2 min | val return +6.97% (best +31.88%)
episode 781/1013  eps 0.010  train return  -22.16%  loss 3.72e-05  maxQ +0.0328  changes   144  11.3 min
episode 782/1013  eps 0.010  train return  +37.23%  loss 3.60e-05  maxQ +0.0332  changes   142  11.3 min
episode 783/1013  eps 0.010  train return   -5.29%  loss 3.48e-05  maxQ +0.0329  changes   209  11.3 min
episode 784/1013  eps 0.010  train return  +24.91%  loss 3.66e-05  maxQ +0.0339  changes   186  11.3 min
episode 785/1013  eps 0.010  train return   -2.28%  loss 3.63e-05  maxQ +0.0336  changes   178  11.3 min
episode 786/1013  eps 0.010  train return  -44.66%  loss 3.70e-05  maxQ +0.0347  changes   119  11.3 min
episode 787/1013  eps 0.010  train return  -11.66%  loss 3.79e-05  maxQ +0.0344  changes   138  11.3 min
episode 788/1013  eps 0.010  train return   -1.25%  loss 3.68e-05  maxQ +0.0351  changes   178  11.3 min
episode 789/1013  eps 0.010  train return  +19.08%  loss 3.64e-05  maxQ +0.0350  changes   171  11.3 min
episode 790/1013  eps 0.010  train return  +30.35%  loss 3.73e-05  maxQ +0.0356  changes   220  11.4 min | val return -7.24% (best +31.88%)
episode 791/1013  eps 0.010  train return   +4.59%  loss 3.74e-05  maxQ +0.0352  changes   163  11.4 min
episode 792/1013  eps 0.010  train return  +35.01%  loss 3.84e-05  maxQ +0.0357  changes   188  11.4 min
episode 793/1013  eps 0.010  train return   +3.59%  loss 3.71e-05  maxQ +0.0350  changes   153  11.4 min
episode 794/1013  eps 0.010  train return   +4.71%  loss 3.60e-05  maxQ +0.0357  changes   103  11.4 min
episode 795/1013  eps 0.010  train return  +24.28%  loss 3.75e-05  maxQ +0.0357  changes   195  11.4 min
episode 796/1013  eps 0.010  train return  -19.49%  loss 4.00e-05  maxQ +0.0356  changes   229  11.4 min
episode 797/1013  eps 0.010  train return   +0.36%  loss 3.82e-05  maxQ +0.0358  changes   221  11.5 min
episode 798/1013  eps 0.010  train return  -25.97%  loss 3.87e-05  maxQ +0.0359  changes   240  11.5 min
episode 799/1013  eps 0.010  train return  +10.53%  loss 3.92e-05  maxQ +0.0357  changes   160  11.5 min
episode 800/1013  eps 0.010  train return   +4.72%  loss 3.91e-05  maxQ +0.0357  changes   133  11.5 min | val return +2.52% (best +31.88%)
episode 801/1013  eps 0.010  train return  +29.88%  loss 3.93e-05  maxQ +0.0363  changes   176  11.5 min
episode 802/1013  eps 0.010  train return  -19.53%  loss 3.92e-05  maxQ +0.0365  changes   155  11.5 min
episode 803/1013  eps 0.010  train return  +61.88%  loss 3.87e-05  maxQ +0.0364  changes   145  11.5 min
episode 804/1013  eps 0.010  train return   -1.49%  loss 3.86e-05  maxQ +0.0365  changes   133  11.5 min
episode 805/1013  eps 0.010  train return   -5.48%  loss 4.12e-05  maxQ +0.0368  changes   136  11.6 min
episode 806/1013  eps 0.010  train return  -12.66%  loss 3.87e-05  maxQ +0.0366  changes   121  11.6 min
episode 807/1013  eps 0.010  train return   +3.43%  loss 3.90e-05  maxQ +0.0362  changes   130  11.6 min
episode 808/1013  eps 0.010  train return   +1.20%  loss 4.17e-05  maxQ +0.0365  changes   107  11.6 min
episode 809/1013  eps 0.010  train return   +9.08%  loss 3.96e-05  maxQ +0.0361  changes   119  11.6 min
episode 810/1013  eps 0.010  train return   -2.45%  loss 3.92e-05  maxQ +0.0354  changes   113  11.6 min | val return -5.40% (best +31.88%)
episode 811/1013  eps 0.010  train return   +8.75%  loss 4.08e-05  maxQ +0.0356  changes   165  11.6 min
episode 812/1013  eps 0.010  train return   +1.07%  loss 4.13e-05  maxQ +0.0355  changes   142  11.6 min
episode 813/1013  eps 0.010  train return  -24.00%  loss 4.10e-05  maxQ +0.0357  changes   166  11.7 min
episode 814/1013  eps 0.010  train return  +32.66%  loss 4.04e-05  maxQ +0.0351  changes    73  11.7 min
episode 815/1013  eps 0.010  train return   +6.55%  loss 4.18e-05  maxQ +0.0352  changes   138  11.7 min
episode 816/1013  eps 0.010  train return  +18.60%  loss 4.14e-05  maxQ +0.0354  changes   152  11.7 min
episode 817/1013  eps 0.010  train return   +5.13%  loss 4.08e-05  maxQ +0.0350  changes   153  11.7 min
episode 818/1013  eps 0.010  train return  -13.93%  loss 4.18e-05  maxQ +0.0345  changes   136  11.7 min
episode 819/1013  eps 0.010  train return   +9.83%  loss 4.24e-05  maxQ +0.0344  changes   148  11.7 min
episode 820/1013  eps 0.010  train return  -12.30%  loss 4.05e-05  maxQ +0.0344  changes   183  11.7 min | val return -11.94% (best +31.88%)
episode 821/1013  eps 0.010  train return  -22.89%  loss 4.22e-05  maxQ +0.0343  changes   161  11.8 min
episode 822/1013  eps 0.010  train return  -16.21%  loss 4.18e-05  maxQ +0.0335  changes   113  11.8 min
episode 823/1013  eps 0.010  train return   +2.21%  loss 4.19e-05  maxQ +0.0333  changes   137  11.8 min
episode 824/1013  eps 0.010  train return   -9.39%  loss 4.14e-05  maxQ +0.0336  changes   131  11.8 min
episode 825/1013  eps 0.010  train return   -6.30%  loss 3.94e-05  maxQ +0.0333  changes   165  11.8 min
episode 826/1013  eps 0.010  train return  +16.67%  loss 4.22e-05  maxQ +0.0331  changes   107  11.8 min
episode 827/1013  eps 0.010  train return   -5.93%  loss 4.06e-05  maxQ +0.0334  changes   153  11.8 min
episode 828/1013  eps 0.010  train return   -2.58%  loss 3.90e-05  maxQ +0.0330  changes   115  11.8 min
episode 829/1013  eps 0.010  train return   -5.72%  loss 4.13e-05  maxQ +0.0333  changes   132  11.9 min
episode 830/1013  eps 0.010  train return   +1.29%  loss 4.14e-05  maxQ +0.0334  changes   135  11.9 min | val return -7.08% (best +31.88%)
episode 831/1013  eps 0.010  train return  +13.32%  loss 4.11e-05  maxQ +0.0329  changes   142  11.9 min
episode 832/1013  eps 0.010  train return  -15.52%  loss 4.23e-05  maxQ +0.0325  changes   123  11.9 min
episode 833/1013  eps 0.010  train return   +0.01%  loss 4.20e-05  maxQ +0.0328  changes   120  11.9 min
episode 834/1013  eps 0.010  train return  +18.95%  loss 4.06e-05  maxQ +0.0327  changes   127  11.9 min
episode 835/1013  eps 0.010  train return   +1.00%  loss 4.26e-05  maxQ +0.0326  changes   131  11.9 min
episode 836/1013  eps 0.010  train return   -8.89%  loss 4.35e-05  maxQ +0.0324  changes   137  11.9 min
episode 837/1013  eps 0.010  train return  -30.38%  loss 4.09e-05  maxQ +0.0328  changes   127  12.0 min
episode 838/1013  eps 0.010  train return   -1.41%  loss 4.16e-05  maxQ +0.0323  changes   140  12.0 min
episode 839/1013  eps 0.010  train return   -5.51%  loss 4.12e-05  maxQ +0.0325  changes   182  12.0 min
episode 840/1013  eps 0.010  train return  -14.02%  loss 4.26e-05  maxQ +0.0328  changes   112  12.0 min | val return -4.79% (best +31.88%)
episode 841/1013  eps 0.010  train return  +15.87%  loss 4.24e-05  maxQ +0.0325  changes    89  12.0 min
episode 842/1013  eps 0.010  train return   +0.51%  loss 4.30e-05  maxQ +0.0331  changes    69  12.0 min
episode 843/1013  eps 0.010  train return   -5.15%  loss 4.41e-05  maxQ +0.0335  changes    68  12.0 min
episode 844/1013  eps 0.010  train return   -6.40%  loss 4.24e-05  maxQ +0.0336  changes   123  12.1 min
episode 845/1013  eps 0.010  train return   +6.33%  loss 4.36e-05  maxQ +0.0333  changes   119  12.1 min
episode 846/1013  eps 0.010  train return   +1.84%  loss 4.17e-05  maxQ +0.0342  changes    96  12.1 min
episode 847/1013  eps 0.010  train return   -7.45%  loss 4.06e-05  maxQ +0.0341  changes    77  12.1 min
episode 848/1013  eps 0.010  train return   -0.45%  loss 4.06e-05  maxQ +0.0344  changes   107  12.1 min
episode 849/1013  eps 0.010  train return   +9.49%  loss 4.00e-05  maxQ +0.0347  changes   106  12.1 min
episode 850/1013  eps 0.010  train return  -17.96%  loss 3.88e-05  maxQ +0.0349  changes   101  12.1 min | val return +2.15% (best +31.88%)
episode 851/1013  eps 0.010  train return   +4.74%  loss 3.95e-05  maxQ +0.0349  changes    94  12.1 min
episode 852/1013  eps 0.010  train return  +22.41%  loss 4.15e-05  maxQ +0.0346  changes   157  12.2 min
episode 853/1013  eps 0.010  train return   -7.92%  loss 4.04e-05  maxQ +0.0343  changes   126  12.2 min
episode 854/1013  eps 0.010  train return  +17.40%  loss 4.04e-05  maxQ +0.0339  changes   116  12.2 min
episode 855/1013  eps 0.010  train return  +19.47%  loss 3.94e-05  maxQ +0.0337  changes   145  12.2 min
episode 856/1013  eps 0.010  train return  +17.85%  loss 3.92e-05  maxQ +0.0336  changes   146  12.2 min
episode 857/1013  eps 0.010  train return   -6.17%  loss 4.09e-05  maxQ +0.0334  changes    85  12.2 min
episode 858/1013  eps 0.010  train return   +2.80%  loss 4.07e-05  maxQ +0.0336  changes    84  12.2 min
episode 859/1013  eps 0.010  train return   -2.20%  loss 3.97e-05  maxQ +0.0334  changes   113  12.2 min
episode 860/1013  eps 0.010  train return  +22.07%  loss 4.02e-05  maxQ +0.0336  changes   127  12.2 min | val return -4.69% (best +31.88%)
episode 861/1013  eps 0.010  train return   +4.34%  loss 4.01e-05  maxQ +0.0343  changes   121  12.3 min
episode 862/1013  eps 0.010  train return  +32.54%  loss 4.18e-05  maxQ +0.0347  changes   148  12.3 min
episode 863/1013  eps 0.010  train return   +1.90%  loss 3.89e-05  maxQ +0.0345  changes    95  12.3 min
episode 864/1013  eps 0.010  train return   +5.60%  loss 4.12e-05  maxQ +0.0345  changes   115  12.3 min
episode 865/1013  eps 0.010  train return   -2.99%  loss 3.91e-05  maxQ +0.0342  changes   132  12.3 min
episode 866/1013  eps 0.010  train return   -0.25%  loss 4.22e-05  maxQ +0.0339  changes   127  12.3 min
episode 867/1013  eps 0.010  train return   -6.14%  loss 3.96e-05  maxQ +0.0343  changes   164  12.3 min
episode 868/1013  eps 0.010  train return   -5.45%  loss 3.94e-05  maxQ +0.0347  changes   171  12.3 min
episode 869/1013  eps 0.010  train return   -1.99%  loss 3.99e-05  maxQ +0.0350  changes   150  12.4 min
episode 870/1013  eps 0.010  train return  -25.98%  loss 3.89e-05  maxQ +0.0350  changes   109  12.4 min | val return -9.15% (best +31.88%)
episode 871/1013  eps 0.010  train return   -4.00%  loss 3.96e-05  maxQ +0.0354  changes   245  12.4 min
episode 872/1013  eps 0.010  train return   +4.11%  loss 3.90e-05  maxQ +0.0349  changes   149  12.4 min
episode 873/1013  eps 0.010  train return   +1.67%  loss 3.90e-05  maxQ +0.0350  changes   228  12.4 min
episode 874/1013  eps 0.010  train return   +6.07%  loss 3.83e-05  maxQ +0.0354  changes   151  12.4 min
episode 875/1013  eps 0.010  train return  -10.25%  loss 3.81e-05  maxQ +0.0358  changes   154  12.4 min
episode 876/1013  eps 0.010  train return   +4.69%  loss 4.00e-05  maxQ +0.0363  changes   136  12.5 min
episode 877/1013  eps 0.010  train return   +8.18%  loss 3.84e-05  maxQ +0.0360  changes   186  12.5 min
episode 878/1013  eps 0.010  train return  +13.72%  loss 3.91e-05  maxQ +0.0362  changes   195  12.5 min
episode 879/1013  eps 0.010  train return  -16.62%  loss 3.91e-05  maxQ +0.0360  changes   196  12.5 min
episode 880/1013  eps 0.010  train return   -2.37%  loss 3.86e-05  maxQ +0.0365  changes   181  12.5 min | val return -15.37% (best +31.88%)
episode 881/1013  eps 0.010  train return  +24.91%  loss 3.77e-05  maxQ +0.0363  changes   167  12.5 min
episode 882/1013  eps 0.010  train return  +10.30%  loss 3.74e-05  maxQ +0.0365  changes   171  12.5 min
episode 883/1013  eps 0.010  train return   -3.22%  loss 3.76e-05  maxQ +0.0363  changes   171  12.6 min
episode 884/1013  eps 0.010  train return  -11.20%  loss 3.36e-05  maxQ +0.0360  changes   119  12.6 min
episode 885/1013  eps 0.010  train return   +8.41%  loss 3.64e-05  maxQ +0.0361  changes   125  12.6 min
episode 886/1013  eps 0.010  train return   +7.78%  loss 3.67e-05  maxQ +0.0355  changes    93  12.6 min
episode 887/1013  eps 0.010  train return  +11.98%  loss 3.51e-05  maxQ +0.0355  changes   114  12.6 min
episode 888/1013  eps 0.010  train return   +8.39%  loss 3.38e-05  maxQ +0.0353  changes   152  12.6 min
episode 889/1013  eps 0.010  train return   +2.70%  loss 3.46e-05  maxQ +0.0344  changes    92  12.6 min
episode 890/1013  eps 0.010  train return  +10.31%  loss 3.38e-05  maxQ +0.0346  changes   152  12.6 min | val return -13.79% (best +31.88%)
episode 891/1013  eps 0.010  train return   +6.86%  loss 3.34e-05  maxQ +0.0345  changes   162  12.7 min
episode 892/1013  eps 0.010  train return   -3.35%  loss 3.32e-05  maxQ +0.0345  changes   108  12.7 min
episode 893/1013  eps 0.010  train return   -0.80%  loss 3.32e-05  maxQ +0.0346  changes   188  12.7 min
episode 894/1013  eps 0.010  train return   -2.69%  loss 3.23e-05  maxQ +0.0347  changes   140  12.7 min
episode 895/1013  eps 0.010  train return  -10.59%  loss 3.32e-05  maxQ +0.0345  changes   124  12.7 min
episode 896/1013  eps 0.010  train return   -4.78%  loss 3.16e-05  maxQ +0.0345  changes   138  12.7 min
episode 897/1013  eps 0.010  train return   +6.74%  loss 3.32e-05  maxQ +0.0346  changes   191  12.7 min
episode 898/1013  eps 0.010  train return  +22.12%  loss 3.28e-05  maxQ +0.0345  changes   146  12.7 min
episode 899/1013  eps 0.010  train return  -11.81%  loss 3.29e-05  maxQ +0.0349  changes    99  12.8 min
episode 900/1013  eps 0.010  train return   +7.08%  loss 3.09e-05  maxQ +0.0351  changes   152  12.8 min | val return -12.99% (best +31.88%)
episode 901/1013  eps 0.010  train return   +2.57%  loss 3.06e-05  maxQ +0.0344  changes   125  12.8 min
episode 902/1013  eps 0.010  train return  +34.14%  loss 2.99e-05  maxQ +0.0343  changes   198  12.8 min
episode 903/1013  eps 0.010  train return  +28.66%  loss 2.99e-05  maxQ +0.0344  changes   160  12.8 min
episode 904/1013  eps 0.010  train return   +5.61%  loss 2.90e-05  maxQ +0.0340  changes   145  12.8 min
episode 905/1013  eps 0.010  train return  -19.01%  loss 2.88e-05  maxQ +0.0336  changes   139  12.8 min
episode 906/1013  eps 0.010  train return   +1.77%  loss 2.72e-05  maxQ +0.0336  changes   141  12.9 min
episode 907/1013  eps 0.010  train return   -4.24%  loss 2.95e-05  maxQ +0.0332  changes   167  12.9 min
episode 908/1013  eps 0.010  train return  -10.13%  loss 2.71e-05  maxQ +0.0336  changes   162  12.9 min
episode 909/1013  eps 0.010  train return  -22.49%  loss 2.89e-05  maxQ +0.0343  changes   205  12.9 min
episode 910/1013  eps 0.010  train return   +1.37%  loss 2.83e-05  maxQ +0.0348  changes   198  12.9 min | val return -9.56% (best +31.88%)
episode 911/1013  eps 0.010  train return   -3.97%  loss 2.94e-05  maxQ +0.0345  changes   199  12.9 min
episode 912/1013  eps 0.010  train return   +2.44%  loss 2.80e-05  maxQ +0.0348  changes   133  12.9 min
episode 913/1013  eps 0.010  train return   +4.15%  loss 2.78e-05  maxQ +0.0347  changes   131  12.9 min
episode 914/1013  eps 0.010  train return  +84.18%  loss 2.92e-05  maxQ +0.0346  changes   221  13.0 min
episode 915/1013  eps 0.010  train return  +13.85%  loss 2.92e-05  maxQ +0.0351  changes   223  13.0 min
episode 916/1013  eps 0.010  train return   -0.67%  loss 2.92e-05  maxQ +0.0351  changes   203  13.0 min
episode 917/1013  eps 0.010  train return   -0.16%  loss 2.81e-05  maxQ +0.0349  changes   132  13.0 min
episode 918/1013  eps 0.010  train return  +26.24%  loss 2.84e-05  maxQ +0.0351  changes   217  13.0 min
episode 919/1013  eps 0.010  train return  -30.43%  loss 2.92e-05  maxQ +0.0357  changes   179  13.0 min
episode 920/1013  eps 0.010  train return   +4.05%  loss 2.88e-05  maxQ +0.0349  changes   248  13.0 min | val return -13.13% (best +31.88%)
episode 921/1013  eps 0.010  train return   -3.86%  loss 2.97e-05  maxQ +0.0349  changes   196  13.1 min
episode 922/1013  eps 0.010  train return   -9.37%  loss 2.98e-05  maxQ +0.0353  changes   203  13.1 min
episode 923/1013  eps 0.010  train return  +14.61%  loss 2.89e-05  maxQ +0.0350  changes   133  13.1 min
episode 924/1013  eps 0.010  train return  -10.65%  loss 2.75e-05  maxQ +0.0350  changes   152  13.1 min
episode 925/1013  eps 0.010  train return   -5.66%  loss 2.87e-05  maxQ +0.0347  changes   155  13.1 min
episode 926/1013  eps 0.010  train return  -15.25%  loss 2.91e-05  maxQ +0.0353  changes   133  13.1 min
episode 927/1013  eps 0.010  train return  -22.91%  loss 3.04e-05  maxQ +0.0349  changes   163  13.1 min
episode 928/1013  eps 0.010  train return   +4.56%  loss 2.93e-05  maxQ +0.0354  changes   117  13.1 min
episode 929/1013  eps 0.010  train return   +2.63%  loss 2.99e-05  maxQ +0.0352  changes   120  13.2 min
episode 930/1013  eps 0.010  train return  +22.45%  loss 2.94e-05  maxQ +0.0356  changes   137  13.2 min | val return -6.43% (best +31.88%)
episode 931/1013  eps 0.010  train return  +19.05%  loss 2.97e-05  maxQ +0.0357  changes   155  13.2 min
episode 932/1013  eps 0.010  train return   -8.99%  loss 2.92e-05  maxQ +0.0358  changes   131  13.2 min
episode 933/1013  eps 0.010  train return  +28.67%  loss 2.92e-05  maxQ +0.0354  changes   160  13.2 min
episode 934/1013  eps 0.010  train return   +1.08%  loss 2.94e-05  maxQ +0.0355  changes   166  13.2 min
episode 935/1013  eps 0.010  train return  +27.07%  loss 3.09e-05  maxQ +0.0360  changes   197  13.2 min
episode 936/1013  eps 0.010  train return  -25.07%  loss 3.17e-05  maxQ +0.0354  changes   139  13.2 min
episode 937/1013  eps 0.010  train return  -18.58%  loss 3.47e-05  maxQ +0.0354  changes   151  13.3 min
episode 938/1013  eps 0.010  train return  -12.21%  loss 3.28e-05  maxQ +0.0350  changes   139  13.3 min
episode 939/1013  eps 0.010  train return   -1.42%  loss 3.37e-05  maxQ +0.0347  changes   228  13.3 min
episode 940/1013  eps 0.010  train return  +17.81%  loss 3.28e-05  maxQ +0.0342  changes   204  13.3 min | val return -29.71% (best +31.88%)
episode 941/1013  eps 0.010  train return  +30.20%  loss 3.48e-05  maxQ +0.0338  changes   193  13.3 min
episode 942/1013  eps 0.010  train return   +4.12%  loss 3.37e-05  maxQ +0.0334  changes   110  13.3 min
episode 943/1013  eps 0.010  train return   +4.98%  loss 3.70e-05  maxQ +0.0332  changes   151  13.3 min
episode 944/1013  eps 0.010  train return  -22.40%  loss 3.68e-05  maxQ +0.0333  changes   143  13.4 min
episode 945/1013  eps 0.010  train return  -31.38%  loss 3.74e-05  maxQ +0.0336  changes   157  13.4 min
episode 946/1013  eps 0.010  train return   -6.39%  loss 3.87e-05  maxQ +0.0334  changes   141  13.4 min
episode 947/1013  eps 0.010  train return   +9.08%  loss 3.81e-05  maxQ +0.0332  changes    86  13.4 min
episode 948/1013  eps 0.010  train return  +17.09%  loss 3.72e-05  maxQ +0.0333  changes   104  13.4 min
episode 949/1013  eps 0.010  train return  +38.78%  loss 3.75e-05  maxQ +0.0335  changes    85  13.4 min
episode 950/1013  eps 0.010  train return  -12.68%  loss 3.82e-05  maxQ +0.0332  changes    99  13.4 min | val return -9.84% (best +31.88%)
episode 951/1013  eps 0.010  train return  -10.52%  loss 3.77e-05  maxQ +0.0327  changes   118  13.4 min
episode 952/1013  eps 0.010  train return   -7.75%  loss 3.64e-05  maxQ +0.0329  changes   199  13.5 min
episode 953/1013  eps 0.010  train return  +61.11%  loss 3.55e-05  maxQ +0.0330  changes   121  13.5 min
episode 954/1013  eps 0.010  train return  +40.20%  loss 3.79e-05  maxQ +0.0331  changes    78  13.5 min
episode 955/1013  eps 0.010  train return  +14.01%  loss 3.85e-05  maxQ +0.0337  changes   141  13.5 min
episode 956/1013  eps 0.010  train return  -34.68%  loss 3.80e-05  maxQ +0.0335  changes   148  13.5 min
episode 957/1013  eps 0.010  train return  -15.76%  loss 3.61e-05  maxQ +0.0335  changes   120  13.5 min
episode 958/1013  eps 0.010  train return  +19.56%  loss 3.89e-05  maxQ +0.0335  changes   142  13.5 min
episode 959/1013  eps 0.010  train return  +22.35%  loss 3.96e-05  maxQ +0.0327  changes   139  13.5 min
episode 960/1013  eps 0.010  train return  -22.37%  loss 4.05e-05  maxQ +0.0323  changes   104  13.5 min | val return -17.83% (best +31.88%)
episode 961/1013  eps 0.010  train return  +25.01%  loss 4.04e-05  maxQ +0.0323  changes   106  13.6 min
episode 962/1013  eps 0.010  train return  -12.26%  loss 3.89e-05  maxQ +0.0321  changes    75  13.6 min
episode 963/1013  eps 0.010  train return   +0.55%  loss 3.70e-05  maxQ +0.0325  changes   111  13.6 min
episode 964/1013  eps 0.010  train return   -6.86%  loss 3.98e-05  maxQ +0.0321  changes   105  13.6 min
episode 965/1013  eps 0.010  train return   +0.81%  loss 4.13e-05  maxQ +0.0319  changes    91  13.6 min
episode 966/1013  eps 0.010  train return  +12.55%  loss 3.99e-05  maxQ +0.0318  changes   122  13.6 min
episode 967/1013  eps 0.010  train return   -4.64%  loss 4.20e-05  maxQ +0.0316  changes    76  13.6 min
episode 968/1013  eps 0.010  train return   +4.40%  loss 4.14e-05  maxQ +0.0316  changes   119  13.6 min
episode 969/1013  eps 0.010  train return   -7.46%  loss 4.09e-05  maxQ +0.0320  changes   170  13.6 min
episode 970/1013  eps 0.010  train return  +31.02%  loss 4.18e-05  maxQ +0.0316  changes   138  13.7 min | val return -3.11% (best +31.88%)
episode 971/1013  eps 0.010  train return   +9.74%  loss 4.27e-05  maxQ +0.0318  changes   185  13.7 min
episode 972/1013  eps 0.010  train return   -6.02%  loss 4.40e-05  maxQ +0.0319  changes   121  13.7 min
episode 973/1013  eps 0.010  train return  +34.18%  loss 4.46e-05  maxQ +0.0323  changes    59  13.7 min
episode 974/1013  eps 0.010  train return  +18.40%  loss 4.34e-05  maxQ +0.0322  changes    92  13.7 min
episode 975/1013  eps 0.010  train return   +3.90%  loss 4.26e-05  maxQ +0.0317  changes    82  13.7 min
episode 976/1013  eps 0.010  train return   +2.64%  loss 4.42e-05  maxQ +0.0315  changes   101  13.7 min
episode 977/1013  eps 0.010  train return  +19.27%  loss 4.75e-05  maxQ +0.0315  changes   121  13.7 min
episode 978/1013  eps 0.010  train return  -16.92%  loss 4.55e-05  maxQ +0.0314  changes    85  13.8 min
episode 979/1013  eps 0.010  train return  +65.74%  loss 4.44e-05  maxQ +0.0314  changes    98  13.8 min
episode 980/1013  eps 0.010  train return  -15.23%  loss 4.55e-05  maxQ +0.0316  changes    71  13.8 min | val return -10.79% (best +31.88%)
episode 981/1013  eps 0.010  train return  +10.48%  loss 4.84e-05  maxQ +0.0315  changes   107  13.8 min
episode 982/1013  eps 0.010  train return   -7.55%  loss 4.54e-05  maxQ +0.0316  changes   108  13.8 min
episode 983/1013  eps 0.010  train return  -15.44%  loss 4.85e-05  maxQ +0.0316  changes   115  13.8 min
episode 984/1013  eps 0.010  train return   -1.04%  loss 4.50e-05  maxQ +0.0314  changes   140  13.8 min
episode 985/1013  eps 0.010  train return  +75.95%  loss 4.51e-05  maxQ +0.0309  changes    94  13.8 min
episode 986/1013  eps 0.010  train return   -8.44%  loss 4.69e-05  maxQ +0.0310  changes    83  13.8 min
episode 987/1013  eps 0.010  train return   -7.29%  loss 4.94e-05  maxQ +0.0306  changes    84  13.9 min
episode 988/1013  eps 0.010  train return  +51.59%  loss 4.68e-05  maxQ +0.0305  changes   106  13.9 min
episode 989/1013  eps 0.010  train return  +78.98%  loss 4.61e-05  maxQ +0.0305  changes   120  13.9 min
episode 990/1013  eps 0.010  train return   -3.43%  loss 4.73e-05  maxQ +0.0304  changes   147  13.9 min | val return -19.47% (best +31.88%)
episode 991/1013  eps 0.010  train return  +34.93%  loss 5.01e-05  maxQ +0.0307  changes   188  13.9 min
episode 992/1013  eps 0.010  train return   +3.44%  loss 4.53e-05  maxQ +0.0315  changes   175  13.9 min
episode 993/1013  eps 0.010  train return   -0.64%  loss 4.70e-05  maxQ +0.0309  changes   199  13.9 min
episode 994/1013  eps 0.010  train return  +10.75%  loss 4.82e-05  maxQ +0.0315  changes   231  13.9 min
episode 995/1013  eps 0.010  train return  +14.58%  loss 4.89e-05  maxQ +0.0326  changes   255  14.0 min
episode 996/1013  eps 0.010  train return   +0.56%  loss 5.12e-05  maxQ +0.0329  changes   220  14.0 min
episode 997/1013  eps 0.010  train return  -18.02%  loss 4.82e-05  maxQ +0.0332  changes   200  14.0 min
episode 998/1013  eps 0.010  train return  -22.60%  loss 5.01e-05  maxQ +0.0336  changes   209  14.0 min
episode 999/1013  eps 0.010  train return  -19.29%  loss 4.91e-05  maxQ +0.0336  changes   155  14.0 min
episode 1000/1013  eps 0.010  train return  +12.47%  loss 4.72e-05  maxQ +0.0341  changes   138  14.0 min | val return +0.57% (best +31.88%)
episode 1001/1013  eps 0.010  train return  -14.04%  loss 4.64e-05  maxQ +0.0341  changes   123  14.0 min
episode 1002/1013  eps 0.010  train return  +29.45%  loss 4.77e-05  maxQ +0.0339  changes   115  14.0 min
episode 1003/1013  eps 0.010  train return   +1.58%  loss 4.70e-05  maxQ +0.0343  changes    96  14.0 min
episode 1004/1013  eps 0.010  train return  +37.90%  loss 4.60e-05  maxQ +0.0339  changes   111  14.0 min
episode 1005/1013  eps 0.010  train return  -33.78%  loss 4.77e-05  maxQ +0.0340  changes   165  14.1 min
episode 1006/1013  eps 0.010  train return  +23.74%  loss 4.69e-05  maxQ +0.0342  changes   101  14.1 min
episode 1007/1013  eps 0.010  train return  +14.03%  loss 4.47e-05  maxQ +0.0338  changes    80  14.1 min
episode 1008/1013  eps 0.010  train return  +18.71%  loss 4.51e-05  maxQ +0.0339  changes   115  14.1 min
episode 1009/1013  eps 0.010  train return   -7.64%  loss 4.48e-05  maxQ +0.0342  changes    62  14.1 min
episode 1010/1013  eps 0.010  train return  +14.99%  loss 4.56e-05  maxQ +0.0345  changes   237  14.1 min | val return -32.89% (best +31.88%)
episode 1011/1013  eps 0.010  train return  +14.41%  loss 4.65e-05  maxQ +0.0342  changes   107  14.1 min
episode 1012/1013  eps 0.010  train return   -0.40%  loss 4.43e-05  maxQ +0.0342  changes    64  14.1 min
episode 1013/1013  eps 0.010  train return  -14.74%  loss 4.23e-05  maxQ +0.0345  changes   120  14.1 min | val return +1.60% (best +31.88%)
model    env  portfolio_return  excess_return  n_changes
 last    val          0.014911       0.057529       69.4
 last val_w1          0.006742       0.033657       37.4
 last val_w2          0.005702       0.021136       33.0
 best    val          0.317959       0.360577      179.2
 best val_w1          0.245273       0.272188       98.2
 best val_w2          0.066506       0.081939       85.0
