Downloaded data: 30,528 candles, 2023-03-25 00:00:00+00:00 to 2026-09-16 23:00:00+00:00; no missing hours
dev_train: 28,152 candles, 2023-04-01 00:00:00+00:00 to 2026-06-16 23:00:00+00:00; no missing hours
val: 1,464 candles, 2026-06-17 00:00:00+00:00 to 2026-08-16 23:00:00+00:00; no missing hours
eval: 744 candles, 2026-08-17 00:00:00+00:00 to 2026-09-16 23:00:00+00:00; no missing hours
episode   1/1013  eps 1.000  train return   -8.48%  loss 9.65e-04  maxQ +0.1965  changes   590  0.0 min
episode   2/1013  eps 0.991  train return   -5.11%  loss 2.94e-05  maxQ +0.1981  changes   570  0.0 min
episode   3/1013  eps 0.982  train return  -19.46%  loss 3.09e-05  maxQ +0.1979  changes   569  0.1 min
episode   4/1013  eps 0.973  train return   -4.36%  loss 3.13e-05  maxQ +0.1989  changes   583  0.1 min
episode   5/1013  eps 0.964  train return  +12.51%  loss 3.34e-05  maxQ +0.2072  changes   596  0.1 min
episode   6/1013  eps 0.955  train return   +9.98%  loss 3.60e-05  maxQ +0.2062  changes   575  0.1 min
episode   7/1013  eps 0.947  train return  -15.84%  loss 3.50e-05  maxQ +0.2113  changes   568  0.1 min
episode   8/1013  eps 0.938  train return   -7.51%  loss 3.62e-05  maxQ +0.2143  changes   567  0.1 min
episode   9/1013  eps 0.929  train return   -8.87%  loss 3.41e-05  maxQ +0.2148  changes   562  0.2 min
episode  10/1013  eps 0.921  train return  +19.02%  loss 3.36e-05  maxQ +0.2228  changes   562  0.2 min | val return -8.53% (best -8.53%)
episode  11/1013  eps 0.913  train return  -18.69%  loss 3.62e-05  maxQ +0.2211  changes   541  0.2 min
episode  12/1013  eps 0.904  train return  -23.30%  loss 3.25e-05  maxQ +0.2270  changes   563  0.2 min
episode  13/1013  eps 0.896  train return  +27.87%  loss 3.37e-05  maxQ +0.2371  changes   572  0.2 min
episode  14/1013  eps 0.888  train return   -0.08%  loss 3.98e-05  maxQ +0.2380  changes   570  0.2 min
episode  15/1013  eps 0.880  train return   -0.96%  loss 3.65e-05  maxQ +0.2384  changes   596  0.2 min
episode  16/1013  eps 0.872  train return  -14.96%  loss 3.60e-05  maxQ +0.2429  changes   573  0.3 min
episode  17/1013  eps 0.864  train return   -3.65%  loss 3.60e-05  maxQ +0.2399  changes   574  0.3 min
episode  18/1013  eps 0.856  train return  -18.43%  loss 3.53e-05  maxQ +0.2438  changes   583  0.3 min
episode  19/1013  eps 0.848  train return  -14.06%  loss 3.75e-05  maxQ +0.2450  changes   584  0.3 min
episode  20/1013  eps 0.841  train return  -16.99%  loss 3.80e-05  maxQ +0.2447  changes   567  0.3 min | val return -3.66% (best -3.66%)
episode  21/1013  eps 0.833  train return   -4.81%  loss 3.66e-05  maxQ +0.2431  changes   566  0.3 min
episode  22/1013  eps 0.825  train return  -19.07%  loss 3.90e-05  maxQ +0.2504  changes   557  0.3 min
episode  23/1013  eps 0.818  train return  -16.32%  loss 3.75e-05  maxQ +0.2473  changes   594  0.4 min
episode  24/1013  eps 0.810  train return  -23.73%  loss 3.64e-05  maxQ +0.2437  changes   567  0.4 min
episode  25/1013  eps 0.803  train return   -9.59%  loss 3.56e-05  maxQ +0.2443  changes   579  0.4 min
episode  26/1013  eps 0.796  train return   -3.66%  loss 3.81e-05  maxQ +0.2448  changes   578  0.4 min
episode  27/1013  eps 0.788  train return  -17.18%  loss 3.62e-05  maxQ +0.2507  changes   562  0.4 min
episode  28/1013  eps 0.781  train return   +1.95%  loss 3.59e-05  maxQ +0.2484  changes   589  0.4 min
episode  29/1013  eps 0.774  train return  +16.26%  loss 4.01e-05  maxQ +0.2538  changes   553  0.4 min
episode  30/1013  eps 0.767  train return   +3.93%  loss 3.67e-05  maxQ +0.2534  changes   555  0.4 min | val return -5.74% (best -3.66%)
episode  31/1013  eps 0.760  train return   -4.00%  loss 3.67e-05  maxQ +0.2525  changes   561  0.5 min
episode  32/1013  eps 0.753  train return  -10.33%  loss 3.55e-05  maxQ +0.2558  changes   562  0.5 min
episode  33/1013  eps 0.746  train return   +2.80%  loss 3.66e-05  maxQ +0.2558  changes   565  0.5 min
episode  34/1013  eps 0.740  train return   +4.95%  loss 3.98e-05  maxQ +0.2520  changes   560  0.5 min
episode  35/1013  eps 0.733  train return   +9.65%  loss 3.63e-05  maxQ +0.2507  changes   557  0.5 min
episode  36/1013  eps 0.726  train return   -9.04%  loss 3.48e-05  maxQ +0.2525  changes   532  0.5 min
episode  37/1013  eps 0.720  train return  -26.28%  loss 3.58e-05  maxQ +0.2536  changes   534  0.5 min
episode  38/1013  eps 0.713  train return  -16.31%  loss 3.41e-05  maxQ +0.2564  changes   567  0.5 min
episode  39/1013  eps 0.707  train return   -7.90%  loss 3.72e-05  maxQ +0.2581  changes   557  0.6 min
episode  40/1013  eps 0.700  train return   -2.19%  loss 3.90e-05  maxQ +0.2593  changes   549  0.6 min | val return -8.55% (best -3.66%)
episode  41/1013  eps 0.694  train return   -8.12%  loss 3.54e-05  maxQ +0.2583  changes   543  0.6 min
episode  42/1013  eps 0.687  train return  -15.18%  loss 3.78e-05  maxQ +0.2599  changes   534  0.6 min
episode  43/1013  eps 0.681  train return   +3.25%  loss 3.65e-05  maxQ +0.2534  changes   544  0.6 min
episode  44/1013  eps 0.675  train return   -2.27%  loss 3.51e-05  maxQ +0.2515  changes   534  0.6 min
episode  45/1013  eps 0.669  train return  -32.76%  loss 3.73e-05  maxQ +0.2503  changes   542  0.6 min
episode  46/1013  eps 0.663  train return   +0.35%  loss 3.57e-05  maxQ +0.2570  changes   532  0.6 min
episode  47/1013  eps 0.657  train return  +10.61%  loss 3.39e-05  maxQ +0.2609  changes   527  0.7 min
episode  48/1013  eps 0.651  train return   -5.19%  loss 3.37e-05  maxQ +0.2595  changes   552  0.7 min
episode  49/1013  eps 0.645  train return  -13.03%  loss 3.51e-05  maxQ +0.2607  changes   545  0.7 min
episode  50/1013  eps 0.639  train return   +5.70%  loss 3.68e-05  maxQ +0.2620  changes   530  0.7 min | val return -6.34% (best -3.66%)
episode  51/1013  eps 0.633  train return  +11.67%  loss 3.56e-05  maxQ +0.2613  changes   549  0.7 min
episode  52/1013  eps 0.627  train return   -5.61%  loss 3.62e-05  maxQ +0.2579  changes   536  0.7 min
episode  53/1013  eps 0.622  train return   +4.23%  loss 3.52e-05  maxQ +0.2648  changes   534  0.7 min
episode  54/1013  eps 0.616  train return   -7.15%  loss 3.66e-05  maxQ +0.2666  changes   554  0.7 min
episode  55/1013  eps 0.610  train return   +6.16%  loss 3.38e-05  maxQ +0.2674  changes   515  0.8 min
episode  56/1013  eps 0.605  train return  -21.65%  loss 3.40e-05  maxQ +0.2596  changes   535  0.8 min
episode  57/1013  eps 0.599  train return  +16.98%  loss 3.37e-05  maxQ +0.2568  changes   535  0.8 min
episode  58/1013  eps 0.594  train return  -11.02%  loss 3.36e-05  maxQ +0.2541  changes   529  0.8 min
episode  59/1013  eps 0.588  train return  -29.19%  loss 3.47e-05  maxQ +0.2534  changes   510  0.8 min
episode  60/1013  eps 0.583  train return  -19.62%  loss 3.54e-05  maxQ +0.2571  changes   526  0.8 min | val return +4.24% (best +4.24%)
episode  61/1013  eps 0.578  train return   -4.98%  loss 3.41e-05  maxQ +0.2552  changes   515  0.8 min
episode  62/1013  eps 0.573  train return   +2.64%  loss 3.34e-05  maxQ +0.2531  changes   503  0.8 min
episode  63/1013  eps 0.567  train return  -12.36%  loss 3.43e-05  maxQ +0.2547  changes   516  0.9 min
episode  64/1013  eps 0.562  train return  -26.35%  loss 3.55e-05  maxQ +0.2490  changes   500  0.9 min
episode  65/1013  eps 0.557  train return   -2.37%  loss 3.35e-05  maxQ +0.2490  changes   501  0.9 min
episode  66/1013  eps 0.552  train return  -10.15%  loss 3.31e-05  maxQ +0.2444  changes   523  0.9 min
episode  67/1013  eps 0.547  train return   -1.98%  loss 3.26e-05  maxQ +0.2464  changes   503  0.9 min
episode  68/1013  eps 0.542  train return   -9.20%  loss 3.42e-05  maxQ +0.2443  changes   496  0.9 min
episode  69/1013  eps 0.537  train return   +3.58%  loss 3.37e-05  maxQ +0.2494  changes   471  0.9 min
episode  70/1013  eps 0.532  train return  -19.19%  loss 3.32e-05  maxQ +0.2456  changes   469  0.9 min | val return -2.85% (best +4.24%)
episode  71/1013  eps 0.527  train return  -10.57%  loss 3.30e-05  maxQ +0.2444  changes   525  1.0 min
episode  72/1013  eps 0.523  train return  +27.17%  loss 3.48e-05  maxQ +0.2444  changes   478  1.0 min
episode  73/1013  eps 0.518  train return  +33.54%  loss 3.30e-05  maxQ +0.2421  changes   498  1.0 min
episode  74/1013  eps 0.513  train return  -13.76%  loss 3.27e-05  maxQ +0.2422  changes   484  1.0 min
episode  75/1013  eps 0.508  train return   -6.16%  loss 3.36e-05  maxQ +0.2403  changes   514  1.0 min
episode  76/1013  eps 0.504  train return   +0.62%  loss 3.46e-05  maxQ +0.2428  changes   537  1.0 min
episode  77/1013  eps 0.499  train return   -7.39%  loss 3.30e-05  maxQ +0.2405  changes   487  1.0 min
episode  78/1013  eps 0.495  train return  +13.58%  loss 3.48e-05  maxQ +0.2379  changes   486  1.0 min
episode  79/1013  eps 0.490  train return   +3.14%  loss 3.28e-05  maxQ +0.2342  changes   493  1.0 min
episode  80/1013  eps 0.486  train return  -24.32%  loss 3.41e-05  maxQ +0.2354  changes   495  1.1 min | val return -4.68% (best +4.24%)
episode  81/1013  eps 0.481  train return  +16.14%  loss 3.32e-05  maxQ +0.2407  changes   472  1.1 min
episode  82/1013  eps 0.477  train return  -17.72%  loss 3.25e-05  maxQ +0.2367  changes   479  1.1 min
episode  83/1013  eps 0.473  train return   +7.19%  loss 3.42e-05  maxQ +0.2365  changes   493  1.1 min
episode  84/1013  eps 0.468  train return  -23.25%  loss 3.19e-05  maxQ +0.2320  changes   452  1.1 min
episode  85/1013  eps 0.464  train return  -20.87%  loss 3.22e-05  maxQ +0.2303  changes   472  1.1 min
episode  86/1013  eps 0.460  train return  +14.39%  loss 3.29e-05  maxQ +0.2287  changes   477  1.1 min
episode  87/1013  eps 0.456  train return   -9.13%  loss 3.09e-05  maxQ +0.2252  changes   479  1.1 min
episode  88/1013  eps 0.451  train return  +16.33%  loss 3.30e-05  maxQ +0.2235  changes   499  1.2 min
episode  89/1013  eps 0.447  train return  +17.35%  loss 3.32e-05  maxQ +0.2281  changes   465  1.2 min
episode  90/1013  eps 0.443  train return   +1.60%  loss 3.13e-05  maxQ +0.2278  changes   437  1.2 min | val return -8.53% (best +4.24%)
episode  91/1013  eps 0.439  train return   -3.32%  loss 3.23e-05  maxQ +0.2250  changes   469  1.2 min
episode  92/1013  eps 0.435  train return   -1.77%  loss 3.16e-05  maxQ +0.2231  changes   485  1.2 min
episode  93/1013  eps 0.431  train return  -11.66%  loss 3.06e-05  maxQ +0.2213  changes   482  1.2 min
episode  94/1013  eps 0.427  train return  -10.92%  loss 3.11e-05  maxQ +0.2218  changes   473  1.2 min
episode  95/1013  eps 0.423  train return   -0.38%  loss 2.99e-05  maxQ +0.2190  changes   458  1.2 min
episode  96/1013  eps 0.420  train return   -1.70%  loss 3.24e-05  maxQ +0.2178  changes   455  1.3 min
episode  97/1013  eps 0.416  train return   +8.10%  loss 3.05e-05  maxQ +0.2173  changes   477  1.3 min
episode  98/1013  eps 0.412  train return   -2.72%  loss 3.20e-05  maxQ +0.2180  changes   445  1.3 min
episode  99/1013  eps 0.408  train return  -14.90%  loss 3.32e-05  maxQ +0.2168  changes   463  1.3 min
episode 100/1013  eps 0.405  train return  -19.71%  loss 3.37e-05  maxQ +0.2161  changes   462  1.3 min | val return +4.24% (best +4.24%)
episode 101/1013  eps 0.401  train return  -15.80%  loss 3.39e-05  maxQ +0.2148  changes   425  1.3 min
episode 102/1013  eps 0.397  train return   -3.69%  loss 3.32e-05  maxQ +0.2142  changes   443  1.3 min
episode 103/1013  eps 0.394  train return  -13.05%  loss 3.32e-05  maxQ +0.2145  changes   464  1.3 min
episode 104/1013  eps 0.390  train return   -8.54%  loss 3.42e-05  maxQ +0.2103  changes   454  1.4 min
episode 105/1013  eps 0.386  train return   +2.17%  loss 3.33e-05  maxQ +0.2120  changes   430  1.4 min
episode 106/1013  eps 0.383  train return   -3.68%  loss 3.35e-05  maxQ +0.2116  changes   419  1.4 min
episode 107/1013  eps 0.379  train return   +1.73%  loss 3.34e-05  maxQ +0.2092  changes   442  1.4 min
episode 108/1013  eps 0.376  train return  -16.01%  loss 3.43e-05  maxQ +0.2077  changes   420  1.4 min
episode 109/1013  eps 0.373  train return  +39.39%  loss 3.48e-05  maxQ +0.2084  changes   408  1.4 min
episode 110/1013  eps 0.369  train return  -13.44%  loss 3.39e-05  maxQ +0.2091  changes   438  1.4 min | val return +2.38% (best +4.24%)
episode 111/1013  eps 0.366  train return   -5.32%  loss 3.48e-05  maxQ +0.2066  changes   444  1.4 min
episode 112/1013  eps 0.363  train return  -20.82%  loss 3.68e-05  maxQ +0.2052  changes   444  1.4 min
episode 113/1013  eps 0.359  train return   -6.76%  loss 3.67e-05  maxQ +0.2048  changes   410  1.5 min
episode 114/1013  eps 0.356  train return  -22.37%  loss 3.44e-05  maxQ +0.2027  changes   384  1.5 min
episode 115/1013  eps 0.353  train return   +4.66%  loss 3.52e-05  maxQ +0.2009  changes   452  1.5 min
episode 116/1013  eps 0.349  train return   -6.46%  loss 3.62e-05  maxQ +0.1995  changes   431  1.5 min
episode 117/1013  eps 0.346  train return  -22.55%  loss 3.59e-05  maxQ +0.1987  changes   414  1.5 min
episode 118/1013  eps 0.343  train return  -14.36%  loss 3.72e-05  maxQ +0.1960  changes   401  1.5 min
episode 119/1013  eps 0.340  train return   -7.03%  loss 3.63e-05  maxQ +0.1935  changes   430  1.5 min
episode 120/1013  eps 0.337  train return  -28.57%  loss 3.52e-05  maxQ +0.1961  changes   378  1.5 min | val return +3.18% (best +4.24%)
episode 121/1013  eps 0.334  train return  -24.54%  loss 3.66e-05  maxQ +0.1948  changes   406  1.6 min
episode 122/1013  eps 0.331  train return   +0.93%  loss 3.49e-05  maxQ +0.1933  changes   425  1.6 min
episode 123/1013  eps 0.328  train return   +4.75%  loss 3.58e-05  maxQ +0.1893  changes   440  1.6 min
episode 124/1013  eps 0.325  train return  +11.26%  loss 3.63e-05  maxQ +0.1903  changes   420  1.6 min
episode 125/1013  eps 0.322  train return   -6.22%  loss 3.78e-05  maxQ +0.1918  changes   373  1.6 min
episode 126/1013  eps 0.319  train return   +1.79%  loss 3.88e-05  maxQ +0.1896  changes   404  1.6 min
episode 127/1013  eps 0.316  train return  +17.85%  loss 3.62e-05  maxQ +0.1870  changes   404  1.6 min
episode 128/1013  eps 0.313  train return   -2.52%  loss 3.62e-05  maxQ +0.1877  changes   401  1.7 min
episode 129/1013  eps 0.310  train return   -5.14%  loss 3.81e-05  maxQ +0.1836  changes   368  1.7 min
episode 130/1013  eps 0.308  train return  -14.85%  loss 3.59e-05  maxQ +0.1811  changes   386  1.7 min | val return -1.58% (best +4.24%)
episode 131/1013  eps 0.305  train return   -9.39%  loss 3.77e-05  maxQ +0.1791  changes   366  1.7 min
episode 132/1013  eps 0.302  train return   -4.62%  loss 3.81e-05  maxQ +0.1752  changes   421  1.7 min
episode 133/1013  eps 0.299  train return  -15.97%  loss 3.72e-05  maxQ +0.1748  changes   406  1.7 min
episode 134/1013  eps 0.296  train return  -16.10%  loss 3.86e-05  maxQ +0.1746  changes   418  1.7 min
episode 135/1013  eps 0.294  train return   +5.44%  loss 3.89e-05  maxQ +0.1735  changes   386  1.8 min
episode 136/1013  eps 0.291  train return  +28.99%  loss 3.60e-05  maxQ +0.1717  changes   414  1.8 min
episode 137/1013  eps 0.288  train return  -30.21%  loss 3.67e-05  maxQ +0.1696  changes   345  1.8 min
episode 138/1013  eps 0.286  train return   +9.07%  loss 3.76e-05  maxQ +0.1681  changes   349  1.8 min
episode 139/1013  eps 0.283  train return  -16.21%  loss 3.81e-05  maxQ +0.1659  changes   388  1.8 min
episode 140/1013  eps 0.281  train return  -12.24%  loss 3.85e-05  maxQ +0.1646  changes   375  1.8 min | val return +8.15% (best +8.15%)
episode 141/1013  eps 0.278  train return  -14.93%  loss 3.77e-05  maxQ +0.1636  changes   381  1.8 min
episode 142/1013  eps 0.276  train return   +7.71%  loss 3.81e-05  maxQ +0.1635  changes   390  1.9 min
episode 143/1013  eps 0.273  train return   -3.68%  loss 3.77e-05  maxQ +0.1638  changes   406  1.9 min
episode 144/1013  eps 0.271  train return  -23.73%  loss 3.79e-05  maxQ +0.1634  changes   329  1.9 min
episode 145/1013  eps 0.268  train return  -13.74%  loss 3.93e-05  maxQ +0.1663  changes   351  1.9 min
episode 146/1013  eps 0.266  train return   +5.69%  loss 3.67e-05  maxQ +0.1628  changes   391  1.9 min
episode 147/1013  eps 0.263  train return  +20.81%  loss 3.87e-05  maxQ +0.1603  changes   361  1.9 min
episode 148/1013  eps 0.261  train return   +0.73%  loss 3.81e-05  maxQ +0.1582  changes   346  1.9 min
episode 149/1013  eps 0.258  train return  +38.77%  loss 3.96e-05  maxQ +0.1569  changes   371  2.0 min
episode 150/1013  eps 0.256  train return   +0.47%  loss 3.75e-05  maxQ +0.1533  changes   383  2.0 min | val return -3.67% (best +8.15%)
episode 151/1013  eps 0.254  train return  +12.63%  loss 3.90e-05  maxQ +0.1527  changes   370  2.0 min
episode 152/1013  eps 0.251  train return   +4.59%  loss 3.81e-05  maxQ +0.1514  changes   325  2.0 min
episode 153/1013  eps 0.249  train return  -24.52%  loss 3.90e-05  maxQ +0.1512  changes   335  2.0 min
episode 154/1013  eps 0.247  train return  +10.81%  loss 4.03e-05  maxQ +0.1508  changes   392  2.0 min
episode 155/1013  eps 0.245  train return   +7.04%  loss 3.97e-05  maxQ +0.1509  changes   352  2.0 min
episode 156/1013  eps 0.242  train return  +14.73%  loss 3.82e-05  maxQ +0.1506  changes   301  2.1 min
episode 157/1013  eps 0.240  train return   -2.57%  loss 3.89e-05  maxQ +0.1528  changes   342  2.1 min
episode 158/1013  eps 0.238  train return   -2.04%  loss 4.08e-05  maxQ +0.1501  changes   309  2.1 min
episode 159/1013  eps 0.236  train return  -21.17%  loss 3.91e-05  maxQ +0.1492  changes   335  2.1 min
episode 160/1013  eps 0.234  train return  -27.32%  loss 3.90e-05  maxQ +0.1462  changes   320  2.1 min | val return -17.49% (best +8.15%)
episode 161/1013  eps 0.232  train return   +1.68%  loss 3.90e-05  maxQ +0.1448  changes   360  2.1 min
episode 162/1013  eps 0.230  train return   -6.11%  loss 4.00e-05  maxQ +0.1427  changes   317  2.1 min
episode 163/1013  eps 0.227  train return   -0.69%  loss 4.06e-05  maxQ +0.1440  changes   351  2.2 min
episode 164/1013  eps 0.225  train return  +17.44%  loss 4.11e-05  maxQ +0.1433  changes   323  2.2 min
episode 165/1013  eps 0.223  train return  -13.32%  loss 3.82e-05  maxQ +0.1443  changes   353  2.2 min
episode 166/1013  eps 0.221  train return  -36.35%  loss 3.85e-05  maxQ +0.1421  changes   335  2.2 min
episode 167/1013  eps 0.219  train return  +52.32%  loss 3.93e-05  maxQ +0.1426  changes   322  2.2 min
episode 168/1013  eps 0.217  train return   +7.70%  loss 3.68e-05  maxQ +0.1418  changes   317  2.2 min
episode 169/1013  eps 0.215  train return  +14.68%  loss 3.80e-05  maxQ +0.1393  changes   344  2.2 min
episode 170/1013  eps 0.213  train return  -23.28%  loss 3.86e-05  maxQ +0.1387  changes   322  2.3 min | val return -8.29% (best +8.15%)
episode 171/1013  eps 0.211  train return   -8.09%  loss 3.96e-05  maxQ +0.1385  changes   312  2.3 min
episode 172/1013  eps 0.209  train return  -26.58%  loss 3.81e-05  maxQ +0.1365  changes   300  2.3 min
episode 173/1013  eps 0.208  train return   -9.72%  loss 3.70e-05  maxQ +0.1360  changes   302  2.3 min
episode 174/1013  eps 0.206  train return  +11.09%  loss 3.76e-05  maxQ +0.1353  changes   319  2.3 min
episode 175/1013  eps 0.204  train return   -0.34%  loss 3.80e-05  maxQ +0.1352  changes   297  2.3 min
episode 176/1013  eps 0.202  train return   +9.41%  loss 3.64e-05  maxQ +0.1317  changes   361  2.3 min
episode 177/1013  eps 0.200  train return  +13.50%  loss 3.60e-05  maxQ +0.1304  changes   297  2.4 min
episode 178/1013  eps 0.198  train return  +11.56%  loss 3.74e-05  maxQ +0.1288  changes   305  2.4 min
episode 179/1013  eps 0.196  train return   -3.10%  loss 3.67e-05  maxQ +0.1300  changes   282  2.4 min
episode 180/1013  eps 0.195  train return   -8.46%  loss 3.43e-05  maxQ +0.1298  changes   334  2.4 min | val return -1.59% (best +8.15%)
episode 181/1013  eps 0.193  train return  -19.09%  loss 3.49e-05  maxQ +0.1303  changes   250  2.4 min
episode 182/1013  eps 0.191  train return   -5.37%  loss 3.67e-05  maxQ +0.1275  changes   273  2.4 min
episode 183/1013  eps 0.189  train return  +16.18%  loss 3.71e-05  maxQ +0.1259  changes   283  2.5 min
episode 184/1013  eps 0.188  train return  -32.19%  loss 3.52e-05  maxQ +0.1265  changes   280  2.5 min
episode 185/1013  eps 0.186  train return   +6.19%  loss 3.81e-05  maxQ +0.1239  changes   304  2.5 min
episode 186/1013  eps 0.184  train return   +6.00%  loss 3.56e-05  maxQ +0.1245  changes   293  2.5 min
episode 187/1013  eps 0.183  train return  -25.61%  loss 3.72e-05  maxQ +0.1236  changes   310  2.5 min
episode 188/1013  eps 0.181  train return   -4.95%  loss 3.62e-05  maxQ +0.1221  changes   293  2.5 min
episode 189/1013  eps 0.179  train return   -8.69%  loss 3.65e-05  maxQ +0.1206  changes   314  2.5 min
episode 190/1013  eps 0.178  train return   -3.53%  loss 3.62e-05  maxQ +0.1193  changes   271  2.6 min | val return -4.57% (best +8.15%)
episode 191/1013  eps 0.176  train return  +24.27%  loss 3.54e-05  maxQ +0.1196  changes   309  2.6 min
episode 192/1013  eps 0.174  train return   -8.39%  loss 3.65e-05  maxQ +0.1177  changes   297  2.6 min
episode 193/1013  eps 0.173  train return   -1.24%  loss 3.46e-05  maxQ +0.1165  changes   298  2.6 min
episode 194/1013  eps 0.171  train return  -29.35%  loss 3.53e-05  maxQ +0.1177  changes   260  2.6 min
episode 195/1013  eps 0.170  train return  +27.94%  loss 3.66e-05  maxQ +0.1154  changes   247  2.6 min
episode 196/1013  eps 0.168  train return   -1.32%  loss 3.68e-05  maxQ +0.1143  changes   255  2.6 min
episode 197/1013  eps 0.167  train return  -16.88%  loss 3.94e-05  maxQ +0.1136  changes   283  2.7 min
episode 198/1013  eps 0.165  train return  +15.60%  loss 3.69e-05  maxQ +0.1136  changes   278  2.7 min
episode 199/1013  eps 0.164  train return  +24.12%  loss 3.69e-05  maxQ +0.1130  changes   260  2.7 min
episode 200/1013  eps 0.162  train return   +3.47%  loss 3.67e-05  maxQ +0.1121  changes   290  2.7 min | val return -14.54% (best +8.15%)
episode 201/1013  eps 0.161  train return  +10.80%  loss 3.66e-05  maxQ +0.1099  changes   341  2.7 min
episode 202/1013  eps 0.159  train return   -3.24%  loss 3.77e-05  maxQ +0.1093  changes   287  2.7 min
episode 203/1013  eps 0.158  train return   -5.43%  loss 3.79e-05  maxQ +0.1089  changes   310  2.8 min
episode 204/1013  eps 0.156  train return   +1.14%  loss 3.55e-05  maxQ +0.1092  changes   290  2.8 min
episode 205/1013  eps 0.155  train return   -6.85%  loss 3.56e-05  maxQ +0.1094  changes   257  2.8 min
episode 206/1013  eps 0.154  train return  -18.91%  loss 3.61e-05  maxQ +0.1086  changes   245  2.8 min
episode 207/1013  eps 0.152  train return  -12.40%  loss 3.62e-05  maxQ +0.1081  changes   293  2.8 min
episode 208/1013  eps 0.151  train return   -5.93%  loss 3.60e-05  maxQ +0.1066  changes   277  2.8 min
episode 209/1013  eps 0.149  train return   +5.42%  loss 3.66e-05  maxQ +0.1071  changes   314  2.8 min
episode 210/1013  eps 0.148  train return  +12.64%  loss 3.64e-05  maxQ +0.1070  changes   267  2.8 min | val return +0.70% (best +8.15%)
episode 211/1013  eps 0.147  train return  -16.05%  loss 3.44e-05  maxQ +0.1057  changes   247  2.9 min
episode 212/1013  eps 0.145  train return  +17.18%  loss 3.59e-05  maxQ +0.1045  changes   236  2.9 min
episode 213/1013  eps 0.144  train return   +0.95%  loss 3.55e-05  maxQ +0.1046  changes   272  2.9 min
episode 214/1013  eps 0.143  train return  -18.08%  loss 3.36e-05  maxQ +0.1027  changes   327  2.9 min
episode 215/1013  eps 0.141  train return   -7.00%  loss 3.47e-05  maxQ +0.1020  changes   296  2.9 min
episode 216/1013  eps 0.140  train return   -7.35%  loss 3.28e-05  maxQ +0.1021  changes   296  2.9 min
episode 217/1013  eps 0.139  train return   +1.53%  loss 3.46e-05  maxQ +0.1001  changes   268  3.0 min
episode 218/1013  eps 0.138  train return   +0.95%  loss 3.39e-05  maxQ +0.0989  changes   304  3.0 min
episode 219/1013  eps 0.136  train return   -9.76%  loss 3.48e-05  maxQ +0.0985  changes   279  3.0 min
episode 220/1013  eps 0.135  train return  +41.17%  loss 3.39e-05  maxQ +0.0985  changes   248  3.0 min | val return +10.98% (best +10.98%)
episode 221/1013  eps 0.134  train return  -10.63%  loss 3.47e-05  maxQ +0.0964  changes   282  3.0 min
episode 222/1013  eps 0.133  train return   -2.02%  loss 3.46e-05  maxQ +0.0959  changes   317  3.0 min
episode 223/1013  eps 0.131  train return   +4.57%  loss 3.54e-05  maxQ +0.0950  changes   307  3.1 min
episode 224/1013  eps 0.130  train return  -12.65%  loss 3.39e-05  maxQ +0.0961  changes   256  3.1 min
episode 225/1013  eps 0.129  train return   +6.90%  loss 3.19e-05  maxQ +0.0967  changes   263  3.1 min
episode 226/1013  eps 0.128  train return   -7.19%  loss 3.31e-05  maxQ +0.0952  changes   268  3.1 min
episode 227/1013  eps 0.127  train return   +3.16%  loss 3.25e-05  maxQ +0.0947  changes   286  3.1 min
episode 228/1013  eps 0.126  train return   +4.08%  loss 3.33e-05  maxQ +0.0948  changes   304  3.1 min
episode 229/1013  eps 0.124  train return  +56.55%  loss 3.25e-05  maxQ +0.0941  changes   271  3.1 min
episode 230/1013  eps 0.123  train return  -11.83%  loss 3.36e-05  maxQ +0.0922  changes   300  3.1 min | val return +2.53% (best +10.98%)
episode 231/1013  eps 0.122  train return   -9.06%  loss 3.30e-05  maxQ +0.0926  changes   266  3.2 min
episode 232/1013  eps 0.121  train return   +4.61%  loss 3.27e-05  maxQ +0.0906  changes   245  3.2 min
episode 233/1013  eps 0.120  train return  +10.26%  loss 3.44e-05  maxQ +0.0913  changes   237  3.2 min
episode 234/1013  eps 0.119  train return  +27.57%  loss 3.38e-05  maxQ +0.0919  changes   272  3.2 min
episode 235/1013  eps 0.118  train return  +29.07%  loss 3.31e-05  maxQ +0.0906  changes   263  3.2 min
episode 236/1013  eps 0.117  train return  +32.78%  loss 3.52e-05  maxQ +0.0908  changes   268  3.2 min
episode 237/1013  eps 0.116  train return  -12.94%  loss 3.55e-05  maxQ +0.0933  changes   248  3.2 min
episode 238/1013  eps 0.115  train return   -1.42%  loss 3.32e-05  maxQ +0.0928  changes   355  3.2 min
episode 239/1013  eps 0.114  train return  +43.29%  loss 3.53e-05  maxQ +0.0915  changes   305  3.3 min
episode 240/1013  eps 0.112  train return   -6.86%  loss 3.52e-05  maxQ +0.0913  changes   240  3.3 min | val return -8.61% (best +10.98%)
episode 241/1013  eps 0.111  train return   +7.92%  loss 3.56e-05  maxQ +0.0906  changes   252  3.3 min
episode 242/1013  eps 0.110  train return   +8.38%  loss 3.55e-05  maxQ +0.0921  changes   247  3.3 min
episode 243/1013  eps 0.109  train return   -4.05%  loss 3.47e-05  maxQ +0.0921  changes   291  3.3 min
episode 244/1013  eps 0.108  train return  -17.76%  loss 3.44e-05  maxQ +0.0927  changes   256  3.3 min
episode 245/1013  eps 0.107  train return   -1.91%  loss 3.41e-05  maxQ +0.0915  changes   239  3.3 min
episode 246/1013  eps 0.106  train return  -11.87%  loss 3.63e-05  maxQ +0.0913  changes   295  3.3 min
episode 247/1013  eps 0.106  train return  -15.14%  loss 3.54e-05  maxQ +0.0904  changes   317  3.4 min
episode 248/1013  eps 0.105  train return   +6.29%  loss 3.63e-05  maxQ +0.0891  changes   357  3.4 min
episode 249/1013  eps 0.104  train return  -14.60%  loss 3.48e-05  maxQ +0.0881  changes   203  3.4 min
episode 250/1013  eps 0.103  train return   +8.42%  loss 3.42e-05  maxQ +0.0882  changes   219  3.4 min | val return -11.53% (best +10.98%)
episode 251/1013  eps 0.102  train return   -1.67%  loss 3.53e-05  maxQ +0.0891  changes   350  3.4 min
episode 252/1013  eps 0.101  train return   +4.39%  loss 3.59e-05  maxQ +0.0894  changes   273  3.4 min
episode 253/1013  eps 0.100  train return   -5.18%  loss 3.59e-05  maxQ +0.0891  changes   263  3.4 min
episode 254/1013  eps 0.099  train return  +47.25%  loss 3.38e-05  maxQ +0.0882  changes   230  3.5 min
episode 255/1013  eps 0.098  train return  +13.82%  loss 3.51e-05  maxQ +0.0892  changes   364  3.5 min
episode 256/1013  eps 0.097  train return   -7.98%  loss 3.45e-05  maxQ +0.0889  changes   329  3.5 min
episode 257/1013  eps 0.096  train return   +5.56%  loss 3.47e-05  maxQ +0.0907  changes   196  3.5 min
episode 258/1013  eps 0.095  train return  +27.45%  loss 3.51e-05  maxQ +0.0907  changes   329  3.5 min
episode 259/1013  eps 0.095  train return  +16.24%  loss 3.52e-05  maxQ +0.0898  changes   245  3.5 min
episode 260/1013  eps 0.094  train return   -8.74%  loss 3.38e-05  maxQ +0.0898  changes   250  3.6 min | val return +3.27% (best +10.98%)
episode 261/1013  eps 0.093  train return  +13.43%  loss 3.49e-05  maxQ +0.0893  changes   205  3.6 min
episode 262/1013  eps 0.092  train return  -16.45%  loss 3.66e-05  maxQ +0.0891  changes   236  3.6 min
episode 263/1013  eps 0.091  train return  -19.57%  loss 3.63e-05  maxQ +0.0890  changes   257  3.6 min
episode 264/1013  eps 0.090  train return   -8.96%  loss 3.47e-05  maxQ +0.0888  changes   319  3.6 min
episode 265/1013  eps 0.090  train return  +20.28%  loss 3.58e-05  maxQ +0.0880  changes   241  3.6 min
episode 266/1013  eps 0.089  train return  +62.72%  loss 3.50e-05  maxQ +0.0881  changes   330  3.6 min
episode 267/1013  eps 0.088  train return   -1.71%  loss 3.40e-05  maxQ +0.0880  changes   251  3.6 min
episode 268/1013  eps 0.087  train return   +7.18%  loss 3.38e-05  maxQ +0.0885  changes   326  3.7 min
episode 269/1013  eps 0.086  train return   +2.19%  loss 3.48e-05  maxQ +0.0874  changes   322  3.7 min
episode 270/1013  eps 0.086  train return  -10.13%  loss 3.78e-05  maxQ +0.0877  changes   329  3.7 min | val return -9.09% (best +10.98%)
episode 271/1013  eps 0.085  train return  +13.38%  loss 3.54e-05  maxQ +0.0864  changes   293  3.7 min
episode 272/1013  eps 0.084  train return   -2.81%  loss 3.66e-05  maxQ +0.0848  changes   289  3.7 min
episode 273/1013  eps 0.083  train return  +17.34%  loss 3.68e-05  maxQ +0.0849  changes   284  3.7 min
episode 274/1013  eps 0.082  train return  -21.55%  loss 3.49e-05  maxQ +0.0854  changes   206  3.7 min
episode 275/1013  eps 0.082  train return  -13.13%  loss 3.93e-05  maxQ +0.0846  changes   268  3.8 min
episode 276/1013  eps 0.081  train return  -11.80%  loss 3.62e-05  maxQ +0.0841  changes   259  3.8 min
episode 277/1013  eps 0.080  train return   +3.85%  loss 3.76e-05  maxQ +0.0837  changes   240  3.8 min
episode 278/1013  eps 0.079  train return   -8.05%  loss 3.54e-05  maxQ +0.0838  changes   263  3.8 min
episode 279/1013  eps 0.079  train return   +8.84%  loss 3.71e-05  maxQ +0.0832  changes   244  3.8 min
episode 280/1013  eps 0.078  train return  -32.64%  loss 3.84e-05  maxQ +0.0824  changes   269  3.8 min | val return +8.66% (best +10.98%)
episode 281/1013  eps 0.077  train return  +14.01%  loss 3.70e-05  maxQ +0.0823  changes   286  3.8 min
episode 282/1013  eps 0.077  train return   +0.25%  loss 3.63e-05  maxQ +0.0823  changes   240  3.9 min
episode 283/1013  eps 0.076  train return  +15.02%  loss 3.80e-05  maxQ +0.0828  changes   242  3.9 min
episode 284/1013  eps 0.075  train return   -8.89%  loss 3.56e-05  maxQ +0.0823  changes   276  3.9 min
episode 285/1013  eps 0.075  train return   +1.08%  loss 3.84e-05  maxQ +0.0836  changes   189  3.9 min
episode 286/1013  eps 0.074  train return  -16.42%  loss 3.83e-05  maxQ +0.0842  changes   227  3.9 min
episode 287/1013  eps 0.073  train return   -8.86%  loss 3.68e-05  maxQ +0.0839  changes   197  3.9 min
episode 288/1013  eps 0.073  train return  -13.83%  loss 3.85e-05  maxQ +0.0840  changes   198  3.9 min
episode 289/1013  eps 0.072  train return   -8.85%  loss 3.87e-05  maxQ +0.0827  changes   245  4.0 min
episode 290/1013  eps 0.071  train return   -2.45%  loss 3.90e-05  maxQ +0.0817  changes   209  4.0 min | val return -0.99% (best +10.98%)
episode 291/1013  eps 0.071  train return   +3.97%  loss 3.90e-05  maxQ +0.0817  changes   242  4.0 min
episode 292/1013  eps 0.070  train return  -15.48%  loss 3.79e-05  maxQ +0.0823  changes   206  4.0 min
episode 293/1013  eps 0.069  train return   -3.89%  loss 3.74e-05  maxQ +0.0819  changes   244  4.0 min
episode 294/1013  eps 0.069  train return  +53.70%  loss 3.95e-05  maxQ +0.0815  changes   239  4.0 min
episode 295/1013  eps 0.068  train return   +4.65%  loss 4.02e-05  maxQ +0.0815  changes   224  4.0 min
episode 296/1013  eps 0.067  train return   +5.50%  loss 3.72e-05  maxQ +0.0810  changes   267  4.0 min
episode 297/1013  eps 0.067  train return   -8.57%  loss 3.55e-05  maxQ +0.0798  changes   221  4.1 min
episode 298/1013  eps 0.066  train return  -18.81%  loss 3.78e-05  maxQ +0.0795  changes   236  4.1 min
episode 299/1013  eps 0.066  train return   -4.90%  loss 3.65e-05  maxQ +0.0790  changes   146  4.1 min
episode 300/1013  eps 0.065  train return  -27.13%  loss 3.75e-05  maxQ +0.0775  changes   276  4.1 min | val return -4.79% (best +10.98%)
episode 301/1013  eps 0.064  train return   -0.07%  loss 3.89e-05  maxQ +0.0762  changes   237  4.1 min
episode 302/1013  eps 0.064  train return  +17.46%  loss 3.77e-05  maxQ +0.0768  changes   190  4.2 min
episode 303/1013  eps 0.063  train return   -6.40%  loss 3.89e-05  maxQ +0.0761  changes   193  4.2 min
episode 304/1013  eps 0.063  train return   -2.66%  loss 3.92e-05  maxQ +0.0753  changes   226  4.2 min
episode 305/1013  eps 0.062  train return   -4.93%  loss 3.67e-05  maxQ +0.0744  changes   222  4.2 min
episode 306/1013  eps 0.062  train return  -12.22%  loss 3.69e-05  maxQ +0.0738  changes   244  4.2 min
episode 307/1013  eps 0.061  train return  +14.34%  loss 3.89e-05  maxQ +0.0733  changes   223  4.2 min
episode 308/1013  eps 0.060  train return   +9.85%  loss 3.68e-05  maxQ +0.0735  changes   200  4.2 min
episode 309/1013  eps 0.060  train return  -23.73%  loss 3.72e-05  maxQ +0.0727  changes   235  4.3 min
episode 310/1013  eps 0.059  train return  -19.08%  loss 3.45e-05  maxQ +0.0736  changes   180  4.3 min | val return -8.64% (best +10.98%)
episode 311/1013  eps 0.059  train return   -0.68%  loss 3.82e-05  maxQ +0.0723  changes   196  4.3 min
episode 312/1013  eps 0.058  train return   +8.48%  loss 3.52e-05  maxQ +0.0713  changes   200  4.3 min
episode 313/1013  eps 0.058  train return   +8.14%  loss 3.64e-05  maxQ +0.0719  changes   141  4.3 min
episode 314/1013  eps 0.057  train return   +6.63%  loss 3.78e-05  maxQ +0.0693  changes   171  4.3 min
episode 315/1013  eps 0.057  train return   -8.45%  loss 3.79e-05  maxQ +0.0691  changes   210  4.3 min
episode 316/1013  eps 0.056  train return   +2.40%  loss 3.73e-05  maxQ +0.0682  changes   155  4.4 min
episode 317/1013  eps 0.056  train return  -12.85%  loss 3.63e-05  maxQ +0.0682  changes   184  4.4 min
episode 318/1013  eps 0.055  train return   +0.57%  loss 3.77e-05  maxQ +0.0680  changes   202  4.4 min
episode 319/1013  eps 0.055  train return  +19.63%  loss 3.74e-05  maxQ +0.0672  changes   267  4.4 min
episode 320/1013  eps 0.054  train return   +5.72%  loss 3.76e-05  maxQ +0.0663  changes   193  4.4 min | val return -32.62% (best +10.98%)
episode 321/1013  eps 0.054  train return  -22.65%  loss 3.57e-05  maxQ +0.0656  changes   248  4.4 min
episode 322/1013  eps 0.053  train return  -15.11%  loss 3.61e-05  maxQ +0.0647  changes   172  4.4 min
episode 323/1013  eps 0.053  train return  -22.53%  loss 3.82e-05  maxQ +0.0647  changes   242  4.5 min
episode 324/1013  eps 0.052  train return   -0.95%  loss 3.57e-05  maxQ +0.0647  changes   169  4.5 min
episode 325/1013  eps 0.052  train return  +30.26%  loss 3.52e-05  maxQ +0.0644  changes   152  4.5 min
episode 326/1013  eps 0.051  train return   -6.46%  loss 3.65e-05  maxQ +0.0642  changes   149  4.5 min
episode 327/1013  eps 0.051  train return  -19.56%  loss 3.64e-05  maxQ +0.0629  changes   173  4.5 min
episode 328/1013  eps 0.050  train return  -28.66%  loss 3.73e-05  maxQ +0.0625  changes   168  4.5 min
episode 329/1013  eps 0.050  train return  +27.42%  loss 3.60e-05  maxQ +0.0620  changes   199  4.6 min
episode 330/1013  eps 0.049  train return   -4.85%  loss 3.44e-05  maxQ +0.0629  changes   224  4.6 min | val return -0.37% (best +10.98%)
episode 331/1013  eps 0.049  train return  -31.40%  loss 3.54e-05  maxQ +0.0625  changes   165  4.6 min
episode 332/1013  eps 0.049  train return  -12.33%  loss 3.74e-05  maxQ +0.0624  changes   173  4.6 min
episode 333/1013  eps 0.048  train return  +26.48%  loss 3.58e-05  maxQ +0.0620  changes   220  4.6 min
episode 334/1013  eps 0.048  train return  +10.41%  loss 3.56e-05  maxQ +0.0611  changes   195  4.6 min
episode 335/1013  eps 0.047  train return  +25.06%  loss 3.64e-05  maxQ +0.0610  changes   153  4.6 min
episode 336/1013  eps 0.047  train return  -23.77%  loss 3.52e-05  maxQ +0.0606  changes   175  4.6 min
episode 337/1013  eps 0.046  train return   +1.49%  loss 3.65e-05  maxQ +0.0618  changes   157  4.7 min
episode 338/1013  eps 0.046  train return  +29.33%  loss 3.74e-05  maxQ +0.0607  changes   199  4.7 min
episode 339/1013  eps 0.046  train return   -6.10%  loss 3.60e-05  maxQ +0.0605  changes   203  4.7 min
episode 340/1013  eps 0.045  train return  -11.98%  loss 3.65e-05  maxQ +0.0601  changes   260  4.7 min | val return -4.30% (best +10.98%)
episode 341/1013  eps 0.045  train return   +5.12%  loss 3.76e-05  maxQ +0.0598  changes   206  4.7 min
episode 342/1013  eps 0.044  train return   +4.83%  loss 3.55e-05  maxQ +0.0596  changes   208  4.7 min
episode 343/1013  eps 0.044  train return   +7.83%  loss 3.56e-05  maxQ +0.0589  changes   183  4.7 min
episode 344/1013  eps 0.043  train return  -17.63%  loss 3.60e-05  maxQ +0.0580  changes   210  4.8 min
episode 345/1013  eps 0.043  train return   +3.39%  loss 3.69e-05  maxQ +0.0576  changes   216  4.8 min
episode 346/1013  eps 0.043  train return   -8.06%  loss 3.79e-05  maxQ +0.0578  changes   196  4.8 min
episode 347/1013  eps 0.042  train return   -0.34%  loss 3.88e-05  maxQ +0.0582  changes   112  4.8 min
episode 348/1013  eps 0.042  train return   -7.77%  loss 3.87e-05  maxQ +0.0576  changes   140  4.8 min
episode 349/1013  eps 0.042  train return   +3.22%  loss 3.75e-05  maxQ +0.0570  changes   161  4.8 min
episode 350/1013  eps 0.041  train return  -26.57%  loss 4.05e-05  maxQ +0.0572  changes   125  4.9 min | val return -5.01% (best +10.98%)
episode 351/1013  eps 0.041  train return  +37.69%  loss 4.07e-05  maxQ +0.0561  changes   174  4.9 min
episode 352/1013  eps 0.040  train return   -4.13%  loss 3.58e-05  maxQ +0.0559  changes   124  4.9 min
episode 353/1013  eps 0.040  train return  +11.88%  loss 3.77e-05  maxQ +0.0555  changes   168  4.9 min
episode 354/1013  eps 0.040  train return  +10.12%  loss 3.99e-05  maxQ +0.0551  changes   164  4.9 min
episode 355/1013  eps 0.039  train return  +19.68%  loss 3.97e-05  maxQ +0.0552  changes   166  4.9 min
episode 356/1013  eps 0.039  train return   -7.76%  loss 3.92e-05  maxQ +0.0553  changes   146  4.9 min
episode 357/1013  eps 0.039  train return  -10.44%  loss 3.72e-05  maxQ +0.0552  changes   189  5.0 min
episode 358/1013  eps 0.038  train return   -7.35%  loss 3.75e-05  maxQ +0.0545  changes   138  5.0 min
episode 359/1013  eps 0.038  train return   +3.96%  loss 3.66e-05  maxQ +0.0542  changes   148  5.0 min
episode 360/1013  eps 0.038  train return   +2.45%  loss 3.61e-05  maxQ +0.0535  changes   171  5.0 min | val return -4.10% (best +10.98%)
episode 361/1013  eps 0.037  train return   +8.47%  loss 3.64e-05  maxQ +0.0530  changes   214  5.0 min
episode 362/1013  eps 0.037  train return   +2.69%  loss 3.65e-05  maxQ +0.0535  changes   194  5.0 min
episode 363/1013  eps 0.037  train return   +6.19%  loss 3.67e-05  maxQ +0.0537  changes   190  5.1 min
episode 364/1013  eps 0.036  train return   -3.44%  loss 3.71e-05  maxQ +0.0534  changes   194  5.1 min
episode 365/1013  eps 0.036  train return   +7.83%  loss 3.81e-05  maxQ +0.0524  changes   147  5.1 min
episode 366/1013  eps 0.036  train return  -23.63%  loss 3.48e-05  maxQ +0.0520  changes   182  5.1 min
episode 367/1013  eps 0.035  train return  +20.15%  loss 3.66e-05  maxQ +0.0530  changes   112  5.1 min
episode 368/1013  eps 0.035  train return   +7.89%  loss 3.76e-05  maxQ +0.0521  changes   192  5.1 min
episode 369/1013  eps 0.035  train return  +18.18%  loss 3.69e-05  maxQ +0.0507  changes   225  5.1 min
episode 370/1013  eps 0.034  train return   -4.65%  loss 3.72e-05  maxQ +0.0497  changes   157  5.2 min | val return -6.29% (best +10.98%)
episode 371/1013  eps 0.034  train return  +21.64%  loss 3.59e-05  maxQ +0.0503  changes   188  5.2 min
episode 372/1013  eps 0.034  train return   -6.67%  loss 3.67e-05  maxQ +0.0502  changes   157  5.2 min
episode 373/1013  eps 0.033  train return  +11.92%  loss 3.45e-05  maxQ +0.0502  changes   158  5.2 min
episode 374/1013  eps 0.033  train return   -0.62%  loss 3.88e-05  maxQ +0.0494  changes   200  5.2 min
episode 375/1013  eps 0.033  train return  -26.13%  loss 3.63e-05  maxQ +0.0487  changes   143  5.2 min
episode 376/1013  eps 0.032  train return  +11.86%  loss 3.64e-05  maxQ +0.0489  changes   181  5.3 min
episode 377/1013  eps 0.032  train return   +0.96%  loss 3.66e-05  maxQ +0.0486  changes   172  5.3 min
episode 378/1013  eps 0.032  train return  -24.94%  loss 3.71e-05  maxQ +0.0493  changes   208  5.3 min
episode 379/1013  eps 0.032  train return   -9.01%  loss 3.70e-05  maxQ +0.0495  changes   234  5.3 min
episode 380/1013  eps 0.031  train return  +27.95%  loss 3.64e-05  maxQ +0.0500  changes   251  5.3 min | val return +0.62% (best +10.98%)
episode 381/1013  eps 0.031  train return  -10.68%  loss 3.61e-05  maxQ +0.0506  changes   181  5.3 min
episode 382/1013  eps 0.031  train return   -8.26%  loss 3.79e-05  maxQ +0.0508  changes   181  5.4 min
episode 383/1013  eps 0.030  train return   -4.97%  loss 3.55e-05  maxQ +0.0504  changes   149  5.4 min
episode 384/1013  eps 0.030  train return  -20.02%  loss 3.59e-05  maxQ +0.0506  changes   228  5.4 min
episode 385/1013  eps 0.030  train return   +4.00%  loss 3.74e-05  maxQ +0.0511  changes   219  5.4 min
episode 386/1013  eps 0.030  train return  -22.28%  loss 3.72e-05  maxQ +0.0510  changes   179  5.4 min
episode 387/1013  eps 0.029  train return  +62.16%  loss 3.62e-05  maxQ +0.0522  changes   165  5.4 min
episode 388/1013  eps 0.029  train return  +21.89%  loss 3.89e-05  maxQ +0.0519  changes   188  5.4 min
episode 389/1013  eps 0.029  train return   +2.74%  loss 3.62e-05  maxQ +0.0528  changes   252  5.4 min
episode 390/1013  eps 0.029  train return  -27.22%  loss 3.93e-05  maxQ +0.0528  changes   202  5.5 min | val return -11.70% (best +10.98%)
episode 391/1013  eps 0.028  train return  -25.01%  loss 3.72e-05  maxQ +0.0542  changes   182  5.5 min
episode 392/1013  eps 0.028  train return  -22.40%  loss 3.75e-05  maxQ +0.0530  changes   192  5.5 min
episode 393/1013  eps 0.028  train return  -13.72%  loss 3.83e-05  maxQ +0.0537  changes   208  5.5 min
episode 394/1013  eps 0.028  train return   -4.44%  loss 4.05e-05  maxQ +0.0537  changes   182  5.5 min
episode 395/1013  eps 0.027  train return  +15.15%  loss 3.85e-05  maxQ +0.0537  changes   260  5.5 min
episode 396/1013  eps 0.027  train return   -4.11%  loss 3.93e-05  maxQ +0.0526  changes   219  5.6 min
episode 397/1013  eps 0.027  train return  +18.70%  loss 3.97e-05  maxQ +0.0530  changes   241  5.6 min
episode 398/1013  eps 0.027  train return  +14.27%  loss 4.04e-05  maxQ +0.0531  changes   189  5.6 min
episode 399/1013  eps 0.026  train return  +11.65%  loss 4.19e-05  maxQ +0.0522  changes   227  5.6 min
episode 400/1013  eps 0.026  train return   +9.20%  loss 3.87e-05  maxQ +0.0520  changes   181  5.6 min | val return +0.49% (best +10.98%)
episode 401/1013  eps 0.026  train return   -2.36%  loss 3.84e-05  maxQ +0.0519  changes   171  5.6 min
episode 402/1013  eps 0.026  train return   +7.60%  loss 4.01e-05  maxQ +0.0520  changes   165  5.6 min
episode 403/1013  eps 0.025  train return   +9.55%  loss 3.83e-05  maxQ +0.0523  changes   124  5.7 min
episode 404/1013  eps 0.025  train return   +5.51%  loss 3.90e-05  maxQ +0.0514  changes   237  5.7 min
episode 405/1013  eps 0.025  train return  +13.20%  loss 4.01e-05  maxQ +0.0521  changes   212  5.7 min
episode 406/1013  eps 0.025  train return  -38.38%  loss 3.89e-05  maxQ +0.0514  changes   195  5.7 min
episode 407/1013  eps 0.024  train return  -24.36%  loss 3.98e-05  maxQ +0.0507  changes   163  5.7 min
episode 408/1013  eps 0.024  train return   -3.83%  loss 3.95e-05  maxQ +0.0500  changes   235  5.7 min
episode 409/1013  eps 0.024  train return  -14.47%  loss 3.90e-05  maxQ +0.0509  changes   183  5.7 min
episode 410/1013  eps 0.024  train return  +17.09%  loss 4.06e-05  maxQ +0.0509  changes   152  5.8 min | val return -13.25% (best +10.98%)
episode 411/1013  eps 0.024  train return  -14.70%  loss 4.09e-05  maxQ +0.0514  changes   202  5.8 min
episode 412/1013  eps 0.023  train return  -17.05%  loss 4.08e-05  maxQ +0.0507  changes   265  5.8 min
episode 413/1013  eps 0.023  train return   -7.81%  loss 3.97e-05  maxQ +0.0503  changes   297  5.8 min
episode 414/1013  eps 0.023  train return   +9.73%  loss 3.98e-05  maxQ +0.0498  changes   221  5.8 min
episode 415/1013  eps 0.023  train return  +19.47%  loss 3.87e-05  maxQ +0.0505  changes   152  5.8 min
episode 416/1013  eps 0.023  train return  -12.10%  loss 3.98e-05  maxQ +0.0497  changes   292  5.8 min
episode 417/1013  eps 0.022  train return  -21.25%  loss 3.56e-05  maxQ +0.0494  changes   278  5.9 min
episode 418/1013  eps 0.022  train return  -18.94%  loss 3.71e-05  maxQ +0.0494  changes   193  5.9 min
episode 419/1013  eps 0.022  train return   -0.98%  loss 3.80e-05  maxQ +0.0496  changes   250  5.9 min
episode 420/1013  eps 0.022  train return  -10.97%  loss 3.76e-05  maxQ +0.0493  changes   216  5.9 min | val return -14.57% (best +10.98%)
episode 421/1013  eps 0.022  train return  +22.80%  loss 3.71e-05  maxQ +0.0487  changes   326  5.9 min
episode 422/1013  eps 0.021  train return  -15.88%  loss 3.76e-05  maxQ +0.0490  changes   250  5.9 min
episode 423/1013  eps 0.021  train return   +0.56%  loss 3.66e-05  maxQ +0.0486  changes   135  5.9 min
episode 424/1013  eps 0.021  train return   -2.63%  loss 3.66e-05  maxQ +0.0485  changes   163  5.9 min
episode 425/1013  eps 0.021  train return   +6.72%  loss 3.91e-05  maxQ +0.0496  changes   150  5.9 min
episode 426/1013  eps 0.021  train return   +9.95%  loss 3.79e-05  maxQ +0.0500  changes   206  6.0 min
episode 427/1013  eps 0.020  train return  -15.29%  loss 3.95e-05  maxQ +0.0491  changes   314  6.0 min
episode 428/1013  eps 0.020  train return  -12.31%  loss 3.78e-05  maxQ +0.0489  changes   234  6.0 min
episode 429/1013  eps 0.020  train return   +4.40%  loss 3.67e-05  maxQ +0.0484  changes   211  6.0 min
episode 430/1013  eps 0.020  train return  -22.60%  loss 3.74e-05  maxQ +0.0481  changes   196  6.0 min | val return -5.87% (best +10.98%)
episode 431/1013  eps 0.020  train return  +19.82%  loss 3.80e-05  maxQ +0.0487  changes   198  6.0 min
episode 432/1013  eps 0.019  train return   +4.93%  loss 3.75e-05  maxQ +0.0481  changes   187  6.0 min
episode 433/1013  eps 0.019  train return  -22.18%  loss 4.04e-05  maxQ +0.0473  changes   211  6.1 min
episode 434/1013  eps 0.019  train return   -2.90%  loss 4.23e-05  maxQ +0.0461  changes   221  6.1 min
episode 435/1013  eps 0.019  train return   +5.20%  loss 3.94e-05  maxQ +0.0454  changes   156  6.1 min
episode 436/1013  eps 0.019  train return  -15.07%  loss 4.03e-05  maxQ +0.0452  changes   183  6.1 min
episode 437/1013  eps 0.019  train return  -12.75%  loss 3.81e-05  maxQ +0.0444  changes   160  6.1 min
episode 438/1013  eps 0.018  train return  +18.01%  loss 3.88e-05  maxQ +0.0448  changes   179  6.1 min
episode 439/1013  eps 0.018  train return   +0.22%  loss 3.97e-05  maxQ +0.0444  changes   165  6.1 min
episode 440/1013  eps 0.018  train return   +9.46%  loss 3.99e-05  maxQ +0.0446  changes   197  6.1 min | val return +4.24% (best +10.98%)
episode 441/1013  eps 0.018  train return   -7.88%  loss 3.94e-05  maxQ +0.0436  changes   161  6.1 min
episode 442/1013  eps 0.018  train return   -5.27%  loss 3.81e-05  maxQ +0.0434  changes   174  6.2 min
episode 443/1013  eps 0.018  train return  +36.97%  loss 4.03e-05  maxQ +0.0430  changes   136  6.2 min
episode 444/1013  eps 0.017  train return   +8.04%  loss 3.83e-05  maxQ +0.0425  changes   126  6.2 min
episode 445/1013  eps 0.017  train return  -13.00%  loss 4.08e-05  maxQ +0.0423  changes   127  6.2 min
episode 446/1013  eps 0.017  train return  +97.01%  loss 3.90e-05  maxQ +0.0427  changes   177  6.2 min
episode 447/1013  eps 0.017  train return  +34.53%  loss 4.03e-05  maxQ +0.0420  changes   159  6.2 min
episode 448/1013  eps 0.017  train return  +16.28%  loss 3.96e-05  maxQ +0.0423  changes   109  6.2 min
episode 449/1013  eps 0.017  train return   -0.19%  loss 4.01e-05  maxQ +0.0426  changes   107  6.3 min
episode 450/1013  eps 0.016  train return  -13.03%  loss 3.81e-05  maxQ +0.0433  changes   152  6.3 min | val return -7.50% (best +10.98%)
episode 451/1013  eps 0.016  train return   +0.65%  loss 3.78e-05  maxQ +0.0435  changes   172  6.3 min
episode 452/1013  eps 0.016  train return  +23.59%  loss 4.06e-05  maxQ +0.0432  changes   187  6.3 min
episode 453/1013  eps 0.016  train return   -0.76%  loss 3.68e-05  maxQ +0.0430  changes   154  6.3 min
episode 454/1013  eps 0.016  train return   -1.99%  loss 3.78e-05  maxQ +0.0429  changes   123  6.3 min
episode 455/1013  eps 0.016  train return   -7.56%  loss 3.66e-05  maxQ +0.0430  changes   136  6.3 min
episode 456/1013  eps 0.016  train return  -10.16%  loss 3.81e-05  maxQ +0.0426  changes   130  6.3 min
episode 457/1013  eps 0.015  train return   -5.12%  loss 3.67e-05  maxQ +0.0422  changes   154  6.4 min
episode 458/1013  eps 0.015  train return  +17.71%  loss 3.61e-05  maxQ +0.0431  changes   171  6.4 min
episode 459/1013  eps 0.015  train return  +23.01%  loss 3.80e-05  maxQ +0.0419  changes   124  6.4 min
episode 460/1013  eps 0.015  train return   +4.08%  loss 3.82e-05  maxQ +0.0425  changes   188  6.4 min | val return -14.98% (best +10.98%)
episode 461/1013  eps 0.015  train return  -24.82%  loss 3.67e-05  maxQ +0.0436  changes   215  6.4 min
episode 462/1013  eps 0.015  train return   -4.07%  loss 3.55e-05  maxQ +0.0429  changes   171  6.4 min
episode 463/1013  eps 0.015  train return  +10.83%  loss 3.61e-05  maxQ +0.0422  changes    99  6.4 min
episode 464/1013  eps 0.015  train return   -8.04%  loss 3.38e-05  maxQ +0.0418  changes   160  6.5 min
episode 465/1013  eps 0.014  train return  -25.67%  loss 3.61e-05  maxQ +0.0425  changes   141  6.5 min
episode 466/1013  eps 0.014  train return   +9.24%  loss 3.54e-05  maxQ +0.0417  changes   162  6.5 min
episode 467/1013  eps 0.014  train return  -13.40%  loss 3.43e-05  maxQ +0.0413  changes   136  6.5 min
episode 468/1013  eps 0.014  train return  +17.84%  loss 3.66e-05  maxQ +0.0413  changes   110  6.5 min
episode 469/1013  eps 0.014  train return  +31.27%  loss 3.39e-05  maxQ +0.0415  changes   138  6.5 min
episode 470/1013  eps 0.014  train return   +6.17%  loss 3.52e-05  maxQ +0.0416  changes   146  6.6 min | val return -1.73% (best +10.98%)
episode 471/1013  eps 0.014  train return  -13.13%  loss 3.60e-05  maxQ +0.0417  changes    75  6.6 min
episode 472/1013  eps 0.013  train return  -29.30%  loss 3.52e-05  maxQ +0.0414  changes    93  6.6 min
episode 473/1013  eps 0.013  train return   -9.00%  loss 3.62e-05  maxQ +0.0408  changes   113  6.6 min
episode 474/1013  eps 0.013  train return  +14.61%  loss 3.67e-05  maxQ +0.0403  changes   116  6.6 min
episode 475/1013  eps 0.013  train return  +25.30%  loss 3.73e-05  maxQ +0.0406  changes   119  6.6 min
episode 476/1013  eps 0.013  train return   -8.42%  loss 3.53e-05  maxQ +0.0407  changes   143  6.7 min
episode 477/1013  eps 0.013  train return   -6.13%  loss 3.45e-05  maxQ +0.0402  changes   151  6.7 min
episode 478/1013  eps 0.013  train return  +17.50%  loss 3.70e-05  maxQ +0.0400  changes   136  6.7 min
episode 479/1013  eps 0.013  train return   +8.62%  loss 3.57e-05  maxQ +0.0406  changes    83  6.7 min
episode 480/1013  eps 0.013  train return   -9.71%  loss 3.45e-05  maxQ +0.0408  changes    99  6.7 min | val return -14.09% (best +10.98%)
episode 481/1013  eps 0.012  train return  +22.12%  loss 3.52e-05  maxQ +0.0399  changes   126  6.7 min
episode 482/1013  eps 0.012  train return  -24.21%  loss 3.59e-05  maxQ +0.0394  changes   134  6.8 min
episode 483/1013  eps 0.012  train return  +26.87%  loss 3.53e-05  maxQ +0.0384  changes   148  6.8 min
episode 484/1013  eps 0.012  train return  +35.50%  loss 3.62e-05  maxQ +0.0389  changes    93  6.8 min
episode 485/1013  eps 0.012  train return  -18.50%  loss 3.77e-05  maxQ +0.0391  changes   116  6.8 min
episode 486/1013  eps 0.012  train return   +2.51%  loss 3.80e-05  maxQ +0.0387  changes   110  6.8 min
episode 487/1013  eps 0.012  train return  +11.38%  loss 3.65e-05  maxQ +0.0386  changes   122  6.8 min
episode 488/1013  eps 0.012  train return  +45.34%  loss 3.78e-05  maxQ +0.0384  changes   104  6.8 min
episode 489/1013  eps 0.012  train return  -15.36%  loss 3.77e-05  maxQ +0.0393  changes    96  6.8 min
episode 490/1013  eps 0.011  train return   -9.29%  loss 3.68e-05  maxQ +0.0395  changes   113  6.9 min | val return -0.07% (best +10.98%)
episode 491/1013  eps 0.011  train return   -2.91%  loss 3.65e-05  maxQ +0.0385  changes   117  6.9 min
episode 492/1013  eps 0.011  train return  -11.24%  loss 3.82e-05  maxQ +0.0381  changes   179  6.9 min
episode 493/1013  eps 0.011  train return  +24.51%  loss 3.69e-05  maxQ +0.0375  changes   134  6.9 min
episode 494/1013  eps 0.011  train return  +22.97%  loss 3.88e-05  maxQ +0.0374  changes   126  6.9 min
episode 495/1013  eps 0.011  train return   -3.73%  loss 3.75e-05  maxQ +0.0377  changes   140  7.0 min
episode 496/1013  eps 0.011  train return  +14.61%  loss 3.82e-05  maxQ +0.0376  changes    98  7.0 min
episode 497/1013  eps 0.011  train return   +7.41%  loss 3.86e-05  maxQ +0.0371  changes    83  7.0 min
episode 498/1013  eps 0.011  train return   -6.23%  loss 3.88e-05  maxQ +0.0369  changes   131  7.0 min
episode 499/1013  eps 0.011  train return   +9.54%  loss 3.91e-05  maxQ +0.0367  changes   126  7.0 min
episode 500/1013  eps 0.010  train return  -17.80%  loss 4.05e-05  maxQ +0.0364  changes   152  7.0 min | val return -14.18% (best +10.98%)
episode 501/1013  eps 0.010  train return  -29.83%  loss 3.84e-05  maxQ +0.0369  changes   205  7.0 min
episode 502/1013  eps 0.010  train return   +7.36%  loss 3.82e-05  maxQ +0.0363  changes   198  7.1 min
episode 503/1013  eps 0.010  train return   +4.98%  loss 3.78e-05  maxQ +0.0356  changes   141  7.1 min
episode 504/1013  eps 0.010  train return   +9.23%  loss 3.83e-05  maxQ +0.0359  changes   125  7.1 min
episode 505/1013  eps 0.010  train return  +13.93%  loss 4.01e-05  maxQ +0.0365  changes   275  7.1 min
episode 506/1013  eps 0.010  train return  +27.07%  loss 3.95e-05  maxQ +0.0359  changes   194  7.1 min
episode 507/1013  eps 0.010  train return  -45.69%  loss 3.91e-05  maxQ +0.0365  changes   215  7.1 min
episode 508/1013  eps 0.010  train return   -2.01%  loss 3.92e-05  maxQ +0.0363  changes   171  7.1 min
episode 509/1013  eps 0.010  train return   -0.72%  loss 4.10e-05  maxQ +0.0369  changes   144  7.2 min
episode 510/1013  eps 0.010  train return  +11.27%  loss 3.90e-05  maxQ +0.0362  changes   137  7.2 min | val return -7.74% (best +10.98%)
episode 511/1013  eps 0.010  train return   -5.12%  loss 4.23e-05  maxQ +0.0370  changes   123  7.2 min
episode 512/1013  eps 0.010  train return   -5.55%  loss 4.15e-05  maxQ +0.0359  changes   186  7.2 min
episode 513/1013  eps 0.010  train return  -16.84%  loss 4.01e-05  maxQ +0.0360  changes   195  7.3 min
episode 514/1013  eps 0.010  train return  -12.03%  loss 4.20e-05  maxQ +0.0360  changes   242  7.3 min
episode 515/1013  eps 0.010  train return  +10.14%  loss 4.18e-05  maxQ +0.0364  changes   252  7.3 min
episode 516/1013  eps 0.010  train return  -11.59%  loss 3.95e-05  maxQ +0.0360  changes   257  7.3 min
episode 517/1013  eps 0.010  train return   -7.72%  loss 4.09e-05  maxQ +0.0357  changes   148  7.4 min
episode 518/1013  eps 0.010  train return  -16.05%  loss 3.93e-05  maxQ +0.0358  changes   194  7.4 min
episode 519/1013  eps 0.010  train return  +13.83%  loss 4.07e-05  maxQ +0.0355  changes   151  7.4 min
episode 520/1013  eps 0.010  train return   -8.02%  loss 4.11e-05  maxQ +0.0361  changes   177  7.4 min | val return -6.27% (best +10.98%)
episode 521/1013  eps 0.010  train return   +5.61%  loss 4.18e-05  maxQ +0.0362  changes   170  7.5 min
episode 522/1013  eps 0.010  train return   +3.02%  loss 3.86e-05  maxQ +0.0360  changes   130  7.5 min
episode 523/1013  eps 0.010  train return   +3.06%  loss 3.82e-05  maxQ +0.0357  changes   137  7.5 min
episode 524/1013  eps 0.010  train return   -5.83%  loss 4.04e-05  maxQ +0.0355  changes   117  7.5 min
episode 525/1013  eps 0.010  train return   -6.66%  loss 4.18e-05  maxQ +0.0354  changes   108  7.5 min
episode 526/1013  eps 0.010  train return  +24.90%  loss 3.87e-05  maxQ +0.0352  changes   172  7.6 min
episode 527/1013  eps 0.010  train return  +21.96%  loss 4.16e-05  maxQ +0.0357  changes   153  7.6 min
episode 528/1013  eps 0.010  train return  +19.26%  loss 4.17e-05  maxQ +0.0356  changes   169  7.6 min
episode 529/1013  eps 0.010  train return  -10.23%  loss 3.95e-05  maxQ +0.0352  changes   186  7.6 min
episode 530/1013  eps 0.010  train return  +28.99%  loss 3.94e-05  maxQ +0.0357  changes   151  7.6 min | val return -1.80% (best +10.98%)
episode 531/1013  eps 0.010  train return  -19.48%  loss 4.35e-05  maxQ +0.0353  changes   145  7.6 min
episode 532/1013  eps 0.010  train return  -18.16%  loss 4.17e-05  maxQ +0.0358  changes   125  7.7 min
episode 533/1013  eps 0.010  train return  -34.42%  loss 4.14e-05  maxQ +0.0360  changes   147  7.7 min
episode 534/1013  eps 0.010  train return   +3.62%  loss 4.17e-05  maxQ +0.0370  changes   154  7.7 min
episode 535/1013  eps 0.010  train return  +29.98%  loss 4.22e-05  maxQ +0.0374  changes   211  7.7 min
episode 536/1013  eps 0.010  train return  +18.66%  loss 3.94e-05  maxQ +0.0375  changes   242  7.7 min
episode 537/1013  eps 0.010  train return   +7.24%  loss 4.20e-05  maxQ +0.0372  changes   200  7.7 min
episode 538/1013  eps 0.010  train return   -1.63%  loss 4.11e-05  maxQ +0.0377  changes   119  7.7 min
episode 539/1013  eps 0.010  train return   +1.21%  loss 4.22e-05  maxQ +0.0375  changes   165  7.8 min
episode 540/1013  eps 0.010  train return   -8.58%  loss 4.29e-05  maxQ +0.0372  changes   131  7.8 min | val return -16.83% (best +10.98%)
episode 541/1013  eps 0.010  train return   +9.63%  loss 4.16e-05  maxQ +0.0371  changes   179  7.8 min
episode 542/1013  eps 0.010  train return  -30.55%  loss 4.13e-05  maxQ +0.0368  changes   180  7.8 min
episode 543/1013  eps 0.010  train return   +2.00%  loss 4.00e-05  maxQ +0.0367  changes   103  7.8 min
episode 544/1013  eps 0.010  train return   +5.86%  loss 4.17e-05  maxQ +0.0368  changes   122  7.9 min
episode 545/1013  eps 0.010  train return  -17.97%  loss 3.87e-05  maxQ +0.0362  changes   159  7.9 min
episode 546/1013  eps 0.010  train return   +1.82%  loss 3.96e-05  maxQ +0.0367  changes    97  7.9 min
episode 547/1013  eps 0.010  train return   -2.09%  loss 4.10e-05  maxQ +0.0367  changes   188  7.9 min
episode 548/1013  eps 0.010  train return   +9.69%  loss 4.17e-05  maxQ +0.0368  changes   166  7.9 min
episode 549/1013  eps 0.010  train return   -0.36%  loss 4.17e-05  maxQ +0.0368  changes   170  7.9 min
episode 550/1013  eps 0.010  train return   +2.39%  loss 4.10e-05  maxQ +0.0363  changes   199  8.0 min | val return +3.06% (best +10.98%)
episode 551/1013  eps 0.010  train return  +16.47%  loss 4.02e-05  maxQ +0.0364  changes   157  8.0 min
episode 552/1013  eps 0.010  train return  +11.91%  loss 3.98e-05  maxQ +0.0364  changes   125  8.0 min
episode 553/1013  eps 0.010  train return  +16.33%  loss 4.08e-05  maxQ +0.0362  changes   207  8.0 min
episode 554/1013  eps 0.010  train return   +3.09%  loss 4.32e-05  maxQ +0.0373  changes   222  8.1 min
episode 555/1013  eps 0.010  train return   -2.88%  loss 3.88e-05  maxQ +0.0369  changes   178  8.1 min
episode 556/1013  eps 0.010  train return   -1.59%  loss 3.81e-05  maxQ +0.0366  changes   259  8.1 min
episode 557/1013  eps 0.010  train return   -2.71%  loss 4.00e-05  maxQ +0.0365  changes   161  8.1 min
episode 558/1013  eps 0.010  train return   -5.93%  loss 3.95e-05  maxQ +0.0372  changes   169  8.1 min
episode 559/1013  eps 0.010  train return  -18.51%  loss 3.87e-05  maxQ +0.0369  changes   190  8.1 min
episode 560/1013  eps 0.010  train return  +39.99%  loss 4.03e-05  maxQ +0.0361  changes   178  8.2 min | val return +1.62% (best +10.98%)
episode 561/1013  eps 0.010  train return  +17.92%  loss 3.89e-05  maxQ +0.0357  changes   259  8.2 min
episode 562/1013  eps 0.010  train return  +12.63%  loss 4.16e-05  maxQ +0.0359  changes   207  8.2 min
episode 563/1013  eps 0.010  train return  +59.64%  loss 3.85e-05  maxQ +0.0356  changes   190  8.2 min
episode 564/1013  eps 0.010  train return   -6.11%  loss 4.04e-05  maxQ +0.0360  changes   171  8.2 min
episode 565/1013  eps 0.010  train return  +45.67%  loss 3.69e-05  maxQ +0.0360  changes   128  8.2 min
episode 566/1013  eps 0.010  train return   +4.23%  loss 3.89e-05  maxQ +0.0367  changes   190  8.2 min
episode 567/1013  eps 0.010  train return  -29.89%  loss 3.99e-05  maxQ +0.0362  changes   190  8.3 min
episode 568/1013  eps 0.010  train return  -26.54%  loss 4.00e-05  maxQ +0.0366  changes   188  8.3 min
episode 569/1013  eps 0.010  train return  -11.02%  loss 3.94e-05  maxQ +0.0373  changes   125  8.3 min
episode 570/1013  eps 0.010  train return   +5.60%  loss 4.00e-05  maxQ +0.0368  changes   164  8.4 min | val return +2.56% (best +10.98%)
episode 571/1013  eps 0.010  train return   -7.59%  loss 3.89e-05  maxQ +0.0369  changes   124  8.4 min
episode 572/1013  eps 0.010  train return   -6.49%  loss 4.05e-05  maxQ +0.0368  changes   148  8.4 min
episode 573/1013  eps 0.010  train return  +20.61%  loss 3.92e-05  maxQ +0.0370  changes   156  8.5 min
episode 574/1013  eps 0.010  train return  +12.50%  loss 3.97e-05  maxQ +0.0368  changes   187  8.5 min
episode 575/1013  eps 0.010  train return  +17.50%  loss 3.92e-05  maxQ +0.0363  changes   175  8.5 min
episode 576/1013  eps 0.010  train return  -17.82%  loss 3.72e-05  maxQ +0.0365  changes   146  8.5 min
episode 577/1013  eps 0.010  train return   -5.76%  loss 3.69e-05  maxQ +0.0361  changes   190  8.5 min
episode 578/1013  eps 0.010  train return   -1.06%  loss 3.57e-05  maxQ +0.0359  changes   117  8.6 min
episode 579/1013  eps 0.010  train return   -8.99%  loss 3.64e-05  maxQ +0.0359  changes   183  8.6 min
episode 580/1013  eps 0.010  train return   +6.49%  loss 3.83e-05  maxQ +0.0363  changes   147  8.6 min | val return +10.42% (best +10.98%)
episode 581/1013  eps 0.010  train return  -23.68%  loss 3.71e-05  maxQ +0.0361  changes   199  8.6 min
episode 582/1013  eps 0.010  train return  +28.30%  loss 3.91e-05  maxQ +0.0360  changes   293  8.6 min
episode 583/1013  eps 0.010  train return  +21.52%  loss 3.82e-05  maxQ +0.0356  changes   208  8.7 min
episode 584/1013  eps 0.010  train return   +0.87%  loss 3.66e-05  maxQ +0.0358  changes   141  8.7 min
episode 585/1013  eps 0.010  train return   -3.69%  loss 3.80e-05  maxQ +0.0343  changes   172  8.7 min
episode 586/1013  eps 0.010  train return  -26.73%  loss 3.97e-05  maxQ +0.0344  changes   153  8.8 min
episode 587/1013  eps 0.010  train return   -3.65%  loss 4.12e-05  maxQ +0.0345  changes   176  8.8 min
episode 588/1013  eps 0.010  train return  -22.09%  loss 3.91e-05  maxQ +0.0349  changes   165  8.8 min
episode 589/1013  eps 0.010  train return  +10.14%  loss 3.86e-05  maxQ +0.0342  changes   154  8.8 min
episode 590/1013  eps 0.010  train return  +53.83%  loss 3.89e-05  maxQ +0.0345  changes   126  8.8 min | val return -7.38% (best +10.98%)
episode 591/1013  eps 0.010  train return   +0.55%  loss 3.89e-05  maxQ +0.0341  changes   154  8.9 min
episode 592/1013  eps 0.010  train return  -10.80%  loss 4.06e-05  maxQ +0.0341  changes   152  8.9 min
episode 593/1013  eps 0.010  train return  +17.96%  loss 3.82e-05  maxQ +0.0336  changes   237  8.9 min
episode 594/1013  eps 0.010  train return   +4.04%  loss 3.95e-05  maxQ +0.0332  changes   154  8.9 min
episode 595/1013  eps 0.010  train return  +58.51%  loss 4.04e-05  maxQ +0.0342  changes   109  8.9 min
episode 596/1013  eps 0.010  train return   +8.92%  loss 4.00e-05  maxQ +0.0339  changes   115  8.9 min
episode 597/1013  eps 0.010  train return   -8.26%  loss 4.22e-05  maxQ +0.0338  changes   146  9.0 min
episode 598/1013  eps 0.010  train return  +15.36%  loss 4.03e-05  maxQ +0.0341  changes    91  9.0 min
episode 599/1013  eps 0.010  train return  -13.23%  loss 3.94e-05  maxQ +0.0346  changes   160  9.0 min
episode 600/1013  eps 0.010  train return  -10.93%  loss 3.95e-05  maxQ +0.0346  changes   224  9.0 min | val return +2.70% (best +10.98%)
episode 601/1013  eps 0.010  train return  -34.93%  loss 3.77e-05  maxQ +0.0352  changes   159  9.0 min
episode 602/1013  eps 0.010  train return  -13.05%  loss 3.85e-05  maxQ +0.0348  changes   193  9.0 min
episode 603/1013  eps 0.010  train return   -7.47%  loss 3.99e-05  maxQ +0.0347  changes    75  9.0 min
episode 604/1013  eps 0.010  train return  -26.59%  loss 3.78e-05  maxQ +0.0345  changes   146  9.1 min
episode 605/1013  eps 0.010  train return  -34.58%  loss 3.77e-05  maxQ +0.0353  changes   169  9.1 min
episode 606/1013  eps 0.010  train return   -5.40%  loss 3.99e-05  maxQ +0.0351  changes   161  9.1 min
episode 607/1013  eps 0.010  train return   -0.32%  loss 4.06e-05  maxQ +0.0348  changes   166  9.1 min
episode 608/1013  eps 0.010  train return  -12.06%  loss 4.00e-05  maxQ +0.0356  changes   154  9.1 min
episode 609/1013  eps 0.010  train return   +0.77%  loss 3.91e-05  maxQ +0.0349  changes   158  9.1 min
episode 610/1013  eps 0.010  train return  +20.18%  loss 4.00e-05  maxQ +0.0346  changes   175  9.1 min | val return -6.97% (best +10.98%)
episode 611/1013  eps 0.010  train return  +36.20%  loss 4.12e-05  maxQ +0.0352  changes   199  9.2 min
episode 612/1013  eps 0.010  train return  +22.67%  loss 4.07e-05  maxQ +0.0348  changes   166  9.2 min
episode 613/1013  eps 0.010  train return   +0.57%  loss 4.07e-05  maxQ +0.0349  changes   157  9.2 min
episode 614/1013  eps 0.010  train return  +10.56%  loss 4.20e-05  maxQ +0.0350  changes   196  9.2 min
episode 615/1013  eps 0.010  train return   -0.12%  loss 4.09e-05  maxQ +0.0351  changes   130  9.2 min
episode 616/1013  eps 0.010  train return   -9.81%  loss 3.93e-05  maxQ +0.0357  changes   188  9.2 min
episode 617/1013  eps 0.010  train return   +2.74%  loss 4.03e-05  maxQ +0.0354  changes   222  9.3 min
episode 618/1013  eps 0.010  train return   -1.35%  loss 4.13e-05  maxQ +0.0358  changes   146  9.3 min
episode 619/1013  eps 0.010  train return  +19.79%  loss 4.01e-05  maxQ +0.0358  changes   170  9.3 min
episode 620/1013  eps 0.010  train return  +23.06%  loss 4.02e-05  maxQ +0.0354  changes   202  9.3 min | val return +2.41% (best +10.98%)
episode 621/1013  eps 0.010  train return   -1.91%  loss 4.15e-05  maxQ +0.0360  changes   193  9.3 min
episode 622/1013  eps 0.010  train return   -9.30%  loss 4.17e-05  maxQ +0.0362  changes   154  9.3 min
episode 623/1013  eps 0.010  train return   -8.55%  loss 4.26e-05  maxQ +0.0355  changes   182  9.3 min
episode 624/1013  eps 0.010  train return  +19.52%  loss 4.05e-05  maxQ +0.0359  changes   150  9.4 min
episode 625/1013  eps 0.010  train return  -26.43%  loss 3.96e-05  maxQ +0.0353  changes   166  9.4 min
episode 626/1013  eps 0.010  train return  -18.76%  loss 4.26e-05  maxQ +0.0354  changes   166  9.4 min
episode 627/1013  eps 0.010  train return  -14.30%  loss 4.04e-05  maxQ +0.0351  changes   179  9.4 min
episode 628/1013  eps 0.010  train return  +27.54%  loss 4.04e-05  maxQ +0.0353  changes   213  9.4 min
episode 629/1013  eps 0.010  train return   -3.58%  loss 4.32e-05  maxQ +0.0362  changes   114  9.5 min
episode 630/1013  eps 0.010  train return   -9.78%  loss 4.30e-05  maxQ +0.0359  changes   174  9.5 min | val return -2.29% (best +10.98%)
episode 631/1013  eps 0.010  train return   -4.20%  loss 4.10e-05  maxQ +0.0361  changes   152  9.5 min
episode 632/1013  eps 0.010  train return   -8.17%  loss 3.93e-05  maxQ +0.0368  changes   174  9.5 min
episode 633/1013  eps 0.010  train return  -11.28%  loss 3.96e-05  maxQ +0.0366  changes   223  9.5 min
episode 634/1013  eps 0.010  train return  -27.79%  loss 3.89e-05  maxQ +0.0371  changes   177  9.5 min
episode 635/1013  eps 0.010  train return   -8.89%  loss 4.01e-05  maxQ +0.0365  changes   158  9.6 min
episode 636/1013  eps 0.010  train return  +11.66%  loss 4.06e-05  maxQ +0.0367  changes   128  9.6 min
episode 637/1013  eps 0.010  train return  +18.30%  loss 4.00e-05  maxQ +0.0366  changes   136  9.6 min
episode 638/1013  eps 0.010  train return   -2.12%  loss 3.81e-05  maxQ +0.0357  changes   180  9.6 min
episode 639/1013  eps 0.010  train return   -0.95%  loss 3.82e-05  maxQ +0.0350  changes   150  9.6 min
episode 640/1013  eps 0.010  train return   -3.66%  loss 3.78e-05  maxQ +0.0350  changes   103  9.6 min | val return -6.40% (best +10.98%)
episode 641/1013  eps 0.010  train return   +0.62%  loss 3.87e-05  maxQ +0.0351  changes   128  9.7 min
episode 642/1013  eps 0.010  train return  -11.85%  loss 3.73e-05  maxQ +0.0352  changes   122  9.7 min
episode 643/1013  eps 0.010  train return  +13.47%  loss 3.82e-05  maxQ +0.0347  changes   128  9.7 min
episode 644/1013  eps 0.010  train return   -4.93%  loss 3.90e-05  maxQ +0.0350  changes    60  9.7 min
episode 645/1013  eps 0.010  train return   -4.66%  loss 3.63e-05  maxQ +0.0338  changes    65  9.7 min
episode 646/1013  eps 0.010  train return  +42.44%  loss 3.69e-05  maxQ +0.0337  changes    87  9.7 min
episode 647/1013  eps 0.010  train return  +13.93%  loss 3.69e-05  maxQ +0.0340  changes    95  9.7 min
episode 648/1013  eps 0.010  train return  +49.16%  loss 3.78e-05  maxQ +0.0336  changes    91  9.8 min
episode 649/1013  eps 0.010  train return  +15.74%  loss 3.82e-05  maxQ +0.0332  changes    63  9.8 min
episode 650/1013  eps 0.010  train return  -15.24%  loss 3.53e-05  maxQ +0.0333  changes    81  9.8 min | val return -8.49% (best +10.98%)
episode 651/1013  eps 0.010  train return   +6.15%  loss 3.60e-05  maxQ +0.0323  changes    93  9.8 min
episode 652/1013  eps 0.010  train return  +58.44%  loss 3.73e-05  maxQ +0.0326  changes    98  9.8 min
episode 653/1013  eps 0.010  train return   +1.55%  loss 3.66e-05  maxQ +0.0329  changes    89  9.8 min
episode 654/1013  eps 0.010  train return  +14.39%  loss 3.65e-05  maxQ +0.0328  changes    90  9.8 min
episode 655/1013  eps 0.010  train return  +58.79%  loss 3.66e-05  maxQ +0.0335  changes    94  9.8 min
episode 656/1013  eps 0.010  train return  +24.35%  loss 3.58e-05  maxQ +0.0323  changes   109  9.9 min
episode 657/1013  eps 0.010  train return   -2.93%  loss 3.67e-05  maxQ +0.0324  changes   113  9.9 min
episode 658/1013  eps 0.010  train return  +57.52%  loss 3.62e-05  maxQ +0.0336  changes   121  9.9 min
episode 659/1013  eps 0.010  train return  -54.67%  loss 3.68e-05  maxQ +0.0347  changes    74  9.9 min
episode 660/1013  eps 0.010  train return   -4.29%  loss 3.73e-05  maxQ +0.0340  changes    64  9.9 min | val return +2.37% (best +10.98%)
episode 661/1013  eps 0.010  train return  +53.05%  loss 3.67e-05  maxQ +0.0349  changes   100  10.0 min
episode 662/1013  eps 0.010  train return  +11.02%  loss 3.85e-05  maxQ +0.0344  changes   135  10.0 min
episode 663/1013  eps 0.010  train return   -0.36%  loss 3.89e-05  maxQ +0.0341  changes    98  10.0 min
episode 664/1013  eps 0.010  train return   -5.66%  loss 3.82e-05  maxQ +0.0338  changes   161  10.0 min
episode 665/1013  eps 0.010  train return  -14.14%  loss 3.99e-05  maxQ +0.0340  changes   117  10.0 min
episode 666/1013  eps 0.010  train return  -21.89%  loss 4.00e-05  maxQ +0.0332  changes    88  10.0 min
episode 667/1013  eps 0.010  train return  -10.80%  loss 3.83e-05  maxQ +0.0326  changes    60  10.0 min
episode 668/1013  eps 0.010  train return   -2.60%  loss 4.05e-05  maxQ +0.0327  changes    75  10.1 min
episode 669/1013  eps 0.010  train return  -25.34%  loss 4.01e-05  maxQ +0.0316  changes    66  10.1 min
episode 670/1013  eps 0.010  train return  +40.93%  loss 4.01e-05  maxQ +0.0320  changes    90  10.1 min | val return -1.50% (best +10.98%)
episode 671/1013  eps 0.010  train return  -10.64%  loss 4.00e-05  maxQ +0.0315  changes    61  10.1 min
episode 672/1013  eps 0.010  train return   -9.81%  loss 3.97e-05  maxQ +0.0318  changes    96  10.1 min
episode 673/1013  eps 0.010  train return  -30.56%  loss 4.14e-05  maxQ +0.0312  changes   142  10.1 min
episode 674/1013  eps 0.010  train return   -4.32%  loss 3.83e-05  maxQ +0.0306  changes    75  10.1 min
episode 675/1013  eps 0.010  train return   +0.28%  loss 4.07e-05  maxQ +0.0307  changes    80  10.2 min
episode 676/1013  eps 0.010  train return  -13.34%  loss 3.57e-05  maxQ +0.0311  changes   100  10.2 min
episode 677/1013  eps 0.010  train return   -2.33%  loss 3.68e-05  maxQ +0.0309  changes   137  10.2 min
episode 678/1013  eps 0.010  train return  +29.77%  loss 3.88e-05  maxQ +0.0313  changes   147  10.2 min
episode 679/1013  eps 0.010  train return   +3.45%  loss 3.88e-05  maxQ +0.0314  changes    93  10.2 min
episode 680/1013  eps 0.010  train return   +1.06%  loss 3.95e-05  maxQ +0.0317  changes   170  10.2 min | val return -9.46% (best +10.98%)
episode 681/1013  eps 0.010  train return  +41.39%  loss 4.24e-05  maxQ +0.0317  changes   125  10.3 min
episode 682/1013  eps 0.010  train return   -9.64%  loss 4.14e-05  maxQ +0.0318  changes   142  10.3 min
episode 683/1013  eps 0.010  train return  -10.78%  loss 4.08e-05  maxQ +0.0320  changes   140  10.3 min
episode 684/1013  eps 0.010  train return   +0.77%  loss 3.81e-05  maxQ +0.0312  changes   109  10.3 min
episode 685/1013  eps 0.010  train return   +3.44%  loss 4.04e-05  maxQ +0.0315  changes    94  10.3 min
episode 686/1013  eps 0.010  train return   +5.32%  loss 3.83e-05  maxQ +0.0317  changes   171  10.3 min
episode 687/1013  eps 0.010  train return  +16.05%  loss 3.92e-05  maxQ +0.0330  changes    95  10.4 min
episode 688/1013  eps 0.010  train return  -11.39%  loss 3.96e-05  maxQ +0.0329  changes    79  10.4 min
episode 689/1013  eps 0.010  train return  +19.28%  loss 3.83e-05  maxQ +0.0324  changes    98  10.4 min
episode 690/1013  eps 0.010  train return  -14.24%  loss 3.78e-05  maxQ +0.0323  changes    95  10.4 min | val return -4.13% (best +10.98%)
episode 691/1013  eps 0.010  train return   -2.55%  loss 3.83e-05  maxQ +0.0320  changes    99  10.4 min
episode 692/1013  eps 0.010  train return  -10.54%  loss 3.81e-05  maxQ +0.0317  changes   122  10.4 min
episode 693/1013  eps 0.010  train return   +6.61%  loss 3.80e-05  maxQ +0.0323  changes    86  10.4 min
episode 694/1013  eps 0.010  train return  +10.34%  loss 3.72e-05  maxQ +0.0317  changes   108  10.4 min
episode 695/1013  eps 0.010  train return   -1.23%  loss 4.02e-05  maxQ +0.0319  changes    98  10.5 min
episode 696/1013  eps 0.010  train return   -7.87%  loss 4.07e-05  maxQ +0.0324  changes   164  10.5 min
episode 697/1013  eps 0.010  train return  -10.94%  loss 3.88e-05  maxQ +0.0320  changes   133  10.5 min
episode 698/1013  eps 0.010  train return  -20.23%  loss 3.81e-05  maxQ +0.0319  changes   110  10.5 min
episode 699/1013  eps 0.010  train return  -31.68%  loss 4.14e-05  maxQ +0.0321  changes    79  10.5 min
episode 700/1013  eps 0.010  train return   +8.66%  loss 4.01e-05  maxQ +0.0318  changes    75  10.5 min | val return +11.36% (best +11.36%)
episode 701/1013  eps 0.010  train return   +3.35%  loss 4.08e-05  maxQ +0.0315  changes    97  10.5 min
episode 702/1013  eps 0.010  train return   -3.54%  loss 4.05e-05  maxQ +0.0307  changes    85  10.5 min
episode 703/1013  eps 0.010  train return  +36.71%  loss 3.80e-05  maxQ +0.0309  changes    76  10.6 min
episode 704/1013  eps 0.010  train return   +1.49%  loss 3.99e-05  maxQ +0.0307  changes    97  10.6 min
episode 705/1013  eps 0.010  train return   -7.84%  loss 3.83e-05  maxQ +0.0314  changes    83  10.6 min
episode 706/1013  eps 0.010  train return  -29.06%  loss 4.21e-05  maxQ +0.0313  changes    79  10.6 min
episode 707/1013  eps 0.010  train return   -3.07%  loss 3.99e-05  maxQ +0.0310  changes    88  10.6 min
episode 708/1013  eps 0.010  train return   +7.52%  loss 4.03e-05  maxQ +0.0304  changes    94  10.6 min
episode 709/1013  eps 0.010  train return  -12.45%  loss 4.05e-05  maxQ +0.0304  changes   128  10.6 min
episode 710/1013  eps 0.010  train return   -2.55%  loss 4.15e-05  maxQ +0.0294  changes   102  10.7 min | val return +2.07% (best +11.36%)
episode 711/1013  eps 0.010  train return  +21.44%  loss 4.29e-05  maxQ +0.0300  changes   106  10.7 min
episode 712/1013  eps 0.010  train return   -3.48%  loss 4.19e-05  maxQ +0.0293  changes    88  10.7 min
episode 713/1013  eps 0.010  train return  +33.63%  loss 4.18e-05  maxQ +0.0296  changes    91  10.7 min
episode 714/1013  eps 0.010  train return   +8.61%  loss 4.15e-05  maxQ +0.0294  changes    72  10.7 min
episode 715/1013  eps 0.010  train return   +9.48%  loss 4.19e-05  maxQ +0.0289  changes    55  10.7 min
episode 716/1013  eps 0.010  train return  +19.03%  loss 4.33e-05  maxQ +0.0286  changes    60  10.7 min
episode 717/1013  eps 0.010  train return  +29.64%  loss 4.39e-05  maxQ +0.0291  changes   130  10.8 min
episode 718/1013  eps 0.010  train return   -3.95%  loss 4.14e-05  maxQ +0.0297  changes    98  10.8 min
episode 719/1013  eps 0.010  train return   +1.25%  loss 4.25e-05  maxQ +0.0295  changes   126  10.8 min
episode 720/1013  eps 0.010  train return   +5.60%  loss 4.19e-05  maxQ +0.0295  changes    95  10.8 min | val return -5.06% (best +11.36%)
episode 721/1013  eps 0.010  train return  -24.29%  loss 4.37e-05  maxQ +0.0298  changes    70  10.8 min
episode 722/1013  eps 0.010  train return  +14.34%  loss 4.23e-05  maxQ +0.0299  changes    95  10.8 min
episode 723/1013  eps 0.010  train return  -11.43%  loss 4.14e-05  maxQ +0.0296  changes   135  10.9 min
episode 724/1013  eps 0.010  train return   -7.76%  loss 4.25e-05  maxQ +0.0290  changes   144  10.9 min
episode 725/1013  eps 0.010  train return  +67.65%  loss 4.26e-05  maxQ +0.0295  changes   131  10.9 min
episode 726/1013  eps 0.010  train return  -20.96%  loss 4.42e-05  maxQ +0.0294  changes   102  10.9 min
episode 727/1013  eps 0.010  train return  +18.50%  loss 4.29e-05  maxQ +0.0303  changes    82  10.9 min
episode 728/1013  eps 0.010  train return  -14.29%  loss 4.23e-05  maxQ +0.0305  changes   134  10.9 min
episode 729/1013  eps 0.010  train return  -16.40%  loss 3.99e-05  maxQ +0.0296  changes   139  10.9 min
episode 730/1013  eps 0.010  train return  -28.29%  loss 4.15e-05  maxQ +0.0294  changes    87  10.9 min | val return +2.68% (best +11.36%)
episode 731/1013  eps 0.010  train return   +0.80%  loss 4.22e-05  maxQ +0.0297  changes    95  11.0 min
episode 732/1013  eps 0.010  train return   +4.75%  loss 4.20e-05  maxQ +0.0295  changes    62  11.0 min
episode 733/1013  eps 0.010  train return  +14.12%  loss 4.32e-05  maxQ +0.0295  changes   189  11.0 min
episode 734/1013  eps 0.010  train return   -5.29%  loss 4.03e-05  maxQ +0.0291  changes   131  11.0 min
episode 735/1013  eps 0.010  train return   +7.12%  loss 4.08e-05  maxQ +0.0295  changes   141  11.0 min
episode 736/1013  eps 0.010  train return   -2.81%  loss 4.01e-05  maxQ +0.0293  changes   134  11.0 min
episode 737/1013  eps 0.010  train return   -8.14%  loss 3.94e-05  maxQ +0.0291  changes   176  11.0 min
episode 738/1013  eps 0.010  train return   +4.77%  loss 4.11e-05  maxQ +0.0304  changes    98  11.0 min
episode 739/1013  eps 0.010  train return  -24.95%  loss 3.80e-05  maxQ +0.0293  changes   131  11.1 min
episode 740/1013  eps 0.010  train return   -7.66%  loss 3.94e-05  maxQ +0.0297  changes   154  11.1 min | val return -10.29% (best +11.36%)
episode 741/1013  eps 0.010  train return  -16.56%  loss 4.08e-05  maxQ +0.0293  changes   105  11.1 min
episode 742/1013  eps 0.010  train return  +28.43%  loss 3.92e-05  maxQ +0.0289  changes   146  11.1 min
episode 743/1013  eps 0.010  train return  -22.42%  loss 4.00e-05  maxQ +0.0288  changes   150  11.1 min
episode 744/1013  eps 0.010  train return   +8.67%  loss 4.22e-05  maxQ +0.0281  changes   132  11.1 min
episode 745/1013  eps 0.010  train return  +19.63%  loss 4.12e-05  maxQ +0.0293  changes   117  11.1 min
episode 746/1013  eps 0.010  train return  -18.37%  loss 4.26e-05  maxQ +0.0294  changes   128  11.1 min
episode 747/1013  eps 0.010  train return  -14.27%  loss 4.25e-05  maxQ +0.0291  changes   139  11.2 min
episode 748/1013  eps 0.010  train return  -28.32%  loss 4.19e-05  maxQ +0.0294  changes   135  11.2 min
episode 749/1013  eps 0.010  train return   +7.34%  loss 4.18e-05  maxQ +0.0295  changes   139  11.2 min
episode 750/1013  eps 0.010  train return   +1.44%  loss 3.81e-05  maxQ +0.0289  changes   149  11.2 min | val return +2.11% (best +11.36%)
episode 751/1013  eps 0.010  train return   -9.67%  loss 3.82e-05  maxQ +0.0295  changes   122  11.2 min
episode 752/1013  eps 0.010  train return   +0.82%  loss 3.97e-05  maxQ +0.0300  changes   151  11.2 min
episode 753/1013  eps 0.010  train return   +9.89%  loss 3.71e-05  maxQ +0.0299  changes   121  11.2 min
episode 754/1013  eps 0.010  train return   +7.39%  loss 3.72e-05  maxQ +0.0304  changes   181  11.3 min
episode 755/1013  eps 0.010  train return  -15.93%  loss 3.90e-05  maxQ +0.0303  changes   142  11.3 min
episode 756/1013  eps 0.010  train return  -19.81%  loss 3.93e-05  maxQ +0.0301  changes   141  11.3 min
episode 757/1013  eps 0.010  train return  -16.84%  loss 4.05e-05  maxQ +0.0308  changes   165  11.3 min
episode 758/1013  eps 0.010  train return   -8.52%  loss 4.02e-05  maxQ +0.0313  changes   112  11.3 min
episode 759/1013  eps 0.010  train return   +6.04%  loss 3.95e-05  maxQ +0.0314  changes   136  11.3 min
episode 760/1013  eps 0.010  train return  +18.88%  loss 3.91e-05  maxQ +0.0317  changes   138  11.3 min | val return -5.24% (best +11.36%)
episode 761/1013  eps 0.010  train return   +9.64%  loss 4.22e-05  maxQ +0.0313  changes   146  11.3 min
episode 762/1013  eps 0.010  train return  -12.75%  loss 3.99e-05  maxQ +0.0316  changes   127  11.4 min
episode 763/1013  eps 0.010  train return  -23.00%  loss 4.22e-05  maxQ +0.0317  changes   107  11.4 min
episode 764/1013  eps 0.010  train return   -9.61%  loss 3.93e-05  maxQ +0.0323  changes   127  11.4 min
episode 765/1013  eps 0.010  train return  -21.90%  loss 4.15e-05  maxQ +0.0322  changes   107  11.4 min
episode 766/1013  eps 0.010  train return  -15.60%  loss 4.02e-05  maxQ +0.0321  changes   117  11.4 min
episode 767/1013  eps 0.010  train return   -2.63%  loss 4.05e-05  maxQ +0.0320  changes   143  11.4 min
episode 768/1013  eps 0.010  train return   +1.90%  loss 3.87e-05  maxQ +0.0325  changes    87  11.4 min
episode 769/1013  eps 0.010  train return   -2.87%  loss 3.87e-05  maxQ +0.0317  changes   109  11.5 min
episode 770/1013  eps 0.010  train return  -23.34%  loss 4.08e-05  maxQ +0.0318  changes   131  11.5 min | val return -14.49% (best +11.36%)
episode 771/1013  eps 0.010  train return   -4.23%  loss 4.06e-05  maxQ +0.0322  changes   112  11.5 min
episode 772/1013  eps 0.010  train return  +51.10%  loss 3.99e-05  maxQ +0.0323  changes   123  11.5 min
episode 773/1013  eps 0.010  train return  +40.42%  loss 4.04e-05  maxQ +0.0323  changes   103  11.5 min
episode 774/1013  eps 0.010  train return   +7.29%  loss 3.98e-05  maxQ +0.0326  changes   184  11.5 min
episode 775/1013  eps 0.010  train return   +0.37%  loss 4.15e-05  maxQ +0.0324  changes   171  11.5 min
episode 776/1013  eps 0.010  train return  +11.31%  loss 3.94e-05  maxQ +0.0319  changes   175  11.5 min
episode 777/1013  eps 0.010  train return  +14.87%  loss 4.12e-05  maxQ +0.0318  changes   179  11.6 min
episode 778/1013  eps 0.010  train return  -20.19%  loss 3.61e-05  maxQ +0.0319  changes   188  11.6 min
episode 779/1013  eps 0.010  train return   +6.35%  loss 4.20e-05  maxQ +0.0317  changes   180  11.6 min
episode 780/1013  eps 0.010  train return   -1.68%  loss 3.98e-05  maxQ +0.0311  changes   144  11.6 min | val return -8.68% (best +11.36%)
episode 781/1013  eps 0.010  train return   -9.02%  loss 4.12e-05  maxQ +0.0316  changes   115  11.6 min
episode 782/1013  eps 0.010  train return   +2.38%  loss 3.71e-05  maxQ +0.0318  changes   167  11.6 min
episode 783/1013  eps 0.010  train return  -15.80%  loss 3.80e-05  maxQ +0.0316  changes   169  11.6 min
episode 784/1013  eps 0.010  train return  +23.19%  loss 4.01e-05  maxQ +0.0315  changes   117  11.6 min
episode 785/1013  eps 0.010  train return   -5.79%  loss 3.90e-05  maxQ +0.0314  changes   164  11.7 min
episode 786/1013  eps 0.010  train return   +3.52%  loss 4.08e-05  maxQ +0.0320  changes   135  11.7 min
episode 787/1013  eps 0.010  train return  +16.80%  loss 3.81e-05  maxQ +0.0322  changes    91  11.7 min
episode 788/1013  eps 0.010  train return  -10.26%  loss 3.89e-05  maxQ +0.0320  changes    93  11.7 min
episode 789/1013  eps 0.010  train return  -23.39%  loss 3.95e-05  maxQ +0.0318  changes   142  11.7 min
episode 790/1013  eps 0.010  train return   -0.64%  loss 3.68e-05  maxQ +0.0311  changes   150  11.7 min | val return -3.00% (best +11.36%)
episode 791/1013  eps 0.010  train return   +2.81%  loss 3.65e-05  maxQ +0.0318  changes   160  11.7 min
episode 792/1013  eps 0.010  train return  -30.22%  loss 3.85e-05  maxQ +0.0317  changes   118  11.8 min
episode 793/1013  eps 0.010  train return  +17.99%  loss 3.97e-05  maxQ +0.0314  changes   111  11.8 min
episode 794/1013  eps 0.010  train return   +8.45%  loss 3.61e-05  maxQ +0.0305  changes   139  11.8 min
episode 795/1013  eps 0.010  train return  +16.29%  loss 3.55e-05  maxQ +0.0303  changes   138  11.8 min
episode 796/1013  eps 0.010  train return  +11.79%  loss 3.75e-05  maxQ +0.0298  changes   152  11.8 min
episode 797/1013  eps 0.010  train return   -7.84%  loss 3.63e-05  maxQ +0.0299  changes   177  11.8 min
episode 798/1013  eps 0.010  train return   -6.58%  loss 3.22e-05  maxQ +0.0298  changes    99  11.8 min
episode 799/1013  eps 0.010  train return  -14.71%  loss 3.22e-05  maxQ +0.0311  changes    46  11.9 min
episode 800/1013  eps 0.010  train return   +6.55%  loss 3.19e-05  maxQ +0.0305  changes    58  11.9 min | val return -17.30% (best +11.36%)
episode 801/1013  eps 0.010  train return   -6.67%  loss 3.30e-05  maxQ +0.0305  changes   107  11.9 min
episode 802/1013  eps 0.010  train return  +37.59%  loss 3.34e-05  maxQ +0.0303  changes    38  11.9 min
episode 803/1013  eps 0.010  train return  -24.53%  loss 3.19e-05  maxQ +0.0304  changes   105  11.9 min
episode 804/1013  eps 0.010  train return   -2.20%  loss 3.45e-05  maxQ +0.0301  changes    99  11.9 min
episode 805/1013  eps 0.010  train return  +18.98%  loss 3.63e-05  maxQ +0.0297  changes    76  11.9 min
episode 806/1013  eps 0.010  train return   +0.14%  loss 3.63e-05  maxQ +0.0296  changes    79  11.9 min
episode 807/1013  eps 0.010  train return  -16.59%  loss 3.65e-05  maxQ +0.0294  changes   113  12.0 min
episode 808/1013  eps 0.010  train return   +1.16%  loss 3.40e-05  maxQ +0.0292  changes   100  12.0 min
episode 809/1013  eps 0.010  train return   -5.27%  loss 3.26e-05  maxQ +0.0296  changes   107  12.0 min
episode 810/1013  eps 0.010  train return   +6.66%  loss 3.36e-05  maxQ +0.0293  changes    72  12.0 min | val return -1.11% (best +11.36%)
episode 811/1013  eps 0.010  train return   +5.37%  loss 3.43e-05  maxQ +0.0291  changes   103  12.0 min
episode 812/1013  eps 0.010  train return  +11.99%  loss 3.44e-05  maxQ +0.0294  changes   107  12.0 min
episode 813/1013  eps 0.010  train return   -1.11%  loss 3.13e-05  maxQ +0.0294  changes    75  12.0 min
episode 814/1013  eps 0.010  train return   +6.46%  loss 3.10e-05  maxQ +0.0290  changes    93  12.1 min
episode 815/1013  eps 0.010  train return   -6.30%  loss 3.39e-05  maxQ +0.0290  changes    98  12.1 min
episode 816/1013  eps 0.010  train return  -32.17%  loss 3.19e-05  maxQ +0.0286  changes   114  12.1 min
episode 817/1013  eps 0.010  train return  -13.90%  loss 3.37e-05  maxQ +0.0287  changes   113  12.1 min
episode 818/1013  eps 0.010  train return  -14.01%  loss 3.21e-05  maxQ +0.0283  changes   105  12.1 min
episode 819/1013  eps 0.010  train return   -4.13%  loss 3.30e-05  maxQ +0.0278  changes   136  12.1 min
episode 820/1013  eps 0.010  train return  +10.81%  loss 3.19e-05  maxQ +0.0280  changes    93  12.1 min | val return -3.69% (best +11.36%)
episode 821/1013  eps 0.010  train return  +20.98%  loss 3.33e-05  maxQ +0.0284  changes    81  12.2 min
episode 822/1013  eps 0.010  train return  -15.09%  loss 3.19e-05  maxQ +0.0282  changes    73  12.2 min
episode 823/1013  eps 0.010  train return  -16.10%  loss 3.12e-05  maxQ +0.0280  changes   131  12.2 min
episode 824/1013  eps 0.010  train return   +8.67%  loss 3.29e-05  maxQ +0.0279  changes    87  12.2 min
episode 825/1013  eps 0.010  train return   +7.98%  loss 3.20e-05  maxQ +0.0279  changes    77  12.2 min
episode 826/1013  eps 0.010  train return  -14.64%  loss 2.95e-05  maxQ +0.0277  changes   144  12.2 min
episode 827/1013  eps 0.010  train return   +0.81%  loss 3.09e-05  maxQ +0.0273  changes    96  12.2 min
episode 828/1013  eps 0.010  train return   +8.16%  loss 3.03e-05  maxQ +0.0272  changes   121  12.2 min
episode 829/1013  eps 0.010  train return   -5.33%  loss 2.96e-05  maxQ +0.0274  changes   125  12.3 min
episode 830/1013  eps 0.010  train return  +62.34%  loss 2.97e-05  maxQ +0.0270  changes    98  12.3 min | val return -1.18% (best +11.36%)
episode 831/1013  eps 0.010  train return  +13.27%  loss 3.04e-05  maxQ +0.0277  changes   111  12.3 min
episode 832/1013  eps 0.010  train return  -13.23%  loss 2.91e-05  maxQ +0.0278  changes   138  12.3 min
episode 833/1013  eps 0.010  train return  -19.40%  loss 2.97e-05  maxQ +0.0273  changes   111  12.3 min
episode 834/1013  eps 0.010  train return  -15.43%  loss 3.10e-05  maxQ +0.0273  changes   132  12.3 min
episode 835/1013  eps 0.010  train return   -2.23%  loss 3.04e-05  maxQ +0.0270  changes    93  12.3 min
episode 836/1013  eps 0.010  train return  -11.63%  loss 3.01e-05  maxQ +0.0271  changes   104  12.3 min
episode 837/1013  eps 0.010  train return  +11.19%  loss 3.07e-05  maxQ +0.0272  changes   101  12.4 min
episode 838/1013  eps 0.010  train return   +9.41%  loss 3.04e-05  maxQ +0.0282  changes    73  12.4 min
episode 839/1013  eps 0.010  train return  +24.05%  loss 3.00e-05  maxQ +0.0284  changes    72  12.4 min
episode 840/1013  eps 0.010  train return  +10.09%  loss 3.07e-05  maxQ +0.0287  changes    83  12.4 min | val return -6.11% (best +11.36%)
episode 841/1013  eps 0.010  train return  +19.10%  loss 3.06e-05  maxQ +0.0281  changes    67  12.4 min
episode 842/1013  eps 0.010  train return  +36.04%  loss 3.08e-05  maxQ +0.0276  changes    73  12.4 min
episode 843/1013  eps 0.010  train return  -31.75%  loss 3.00e-05  maxQ +0.0276  changes   104  12.4 min
episode 844/1013  eps 0.010  train return  +17.02%  loss 3.12e-05  maxQ +0.0269  changes    67  12.5 min
episode 845/1013  eps 0.010  train return  +28.24%  loss 3.10e-05  maxQ +0.0281  changes    60  12.5 min
episode 846/1013  eps 0.010  train return   -2.78%  loss 3.29e-05  maxQ +0.0287  changes    60  12.5 min
episode 847/1013  eps 0.010  train return   +1.22%  loss 3.24e-05  maxQ +0.0280  changes    91  12.5 min
episode 848/1013  eps 0.010  train return  -25.04%  loss 3.27e-05  maxQ +0.0278  changes    85  12.5 min
episode 849/1013  eps 0.010  train return  -13.71%  loss 3.28e-05  maxQ +0.0277  changes    90  12.5 min
episode 850/1013  eps 0.010  train return  +37.79%  loss 3.38e-05  maxQ +0.0278  changes    80  12.5 min | val return +14.12% (best +14.12%)
episode 851/1013  eps 0.010  train return  -31.67%  loss 3.54e-05  maxQ +0.0279  changes    89  12.6 min
episode 852/1013  eps 0.010  train return   -3.30%  loss 3.69e-05  maxQ +0.0279  changes    71  12.6 min
episode 853/1013  eps 0.010  train return  -22.03%  loss 3.34e-05  maxQ +0.0283  changes    77  12.6 min
episode 854/1013  eps 0.010  train return  +23.79%  loss 3.61e-05  maxQ +0.0279  changes    85  12.6 min
episode 855/1013  eps 0.010  train return  -12.38%  loss 3.64e-05  maxQ +0.0280  changes    72  12.6 min
episode 856/1013  eps 0.010  train return  -19.76%  loss 3.60e-05  maxQ +0.0281  changes    66  12.6 min
episode 857/1013  eps 0.010  train return   -7.38%  loss 3.65e-05  maxQ +0.0288  changes    79  12.6 min
episode 858/1013  eps 0.010  train return  +21.44%  loss 3.69e-05  maxQ +0.0285  changes    81  12.6 min
episode 859/1013  eps 0.010  train return   -2.11%  loss 3.50e-05  maxQ +0.0283  changes    58  12.6 min
episode 860/1013  eps 0.010  train return   +1.78%  loss 3.68e-05  maxQ +0.0280  changes    97  12.7 min | val return -8.79% (best +14.12%)
episode 861/1013  eps 0.010  train return   +3.31%  loss 3.65e-05  maxQ +0.0278  changes    89  12.7 min
episode 862/1013  eps 0.010  train return  +24.44%  loss 3.65e-05  maxQ +0.0280  changes    74  12.7 min
episode 863/1013  eps 0.010  train return   -8.06%  loss 3.55e-05  maxQ +0.0282  changes    73  12.7 min
episode 864/1013  eps 0.010  train return  +33.94%  loss 3.69e-05  maxQ +0.0286  changes   103  12.7 min
episode 865/1013  eps 0.010  train return   +2.85%  loss 3.43e-05  maxQ +0.0286  changes   110  12.7 min
episode 866/1013  eps 0.010  train return   +1.82%  loss 3.59e-05  maxQ +0.0284  changes    98  12.7 min
episode 867/1013  eps 0.010  train return   +2.00%  loss 3.77e-05  maxQ +0.0287  changes   100  12.8 min
episode 868/1013  eps 0.010  train return  -11.65%  loss 3.50e-05  maxQ +0.0284  changes    69  12.8 min
episode 869/1013  eps 0.010  train return   +4.54%  loss 3.80e-05  maxQ +0.0282  changes    95  12.8 min
episode 870/1013  eps 0.010  train return  -10.27%  loss 3.76e-05  maxQ +0.0281  changes   121  12.8 min | val return -7.27% (best +14.12%)
episode 871/1013  eps 0.010  train return   -3.78%  loss 3.79e-05  maxQ +0.0279  changes    90  12.8 min
episode 872/1013  eps 0.010  train return  -12.50%  loss 3.71e-05  maxQ +0.0276  changes    71  12.8 min
episode 873/1013  eps 0.010  train return  +17.69%  loss 3.62e-05  maxQ +0.0279  changes    55  12.8 min
episode 874/1013  eps 0.010  train return  +14.92%  loss 3.60e-05  maxQ +0.0281  changes    60  12.8 min
episode 875/1013  eps 0.010  train return   +8.38%  loss 3.62e-05  maxQ +0.0278  changes    60  12.9 min
episode 876/1013  eps 0.010  train return   +7.34%  loss 3.67e-05  maxQ +0.0278  changes    68  12.9 min
episode 877/1013  eps 0.010  train return  -19.98%  loss 3.63e-05  maxQ +0.0283  changes    74  12.9 min
episode 878/1013  eps 0.010  train return  +29.84%  loss 3.62e-05  maxQ +0.0280  changes    45  12.9 min
episode 879/1013  eps 0.010  train return   -2.50%  loss 3.75e-05  maxQ +0.0283  changes    90  12.9 min
episode 880/1013  eps 0.010  train return  -12.08%  loss 3.68e-05  maxQ +0.0282  changes    80  12.9 min | val return +1.89% (best +14.12%)
episode 881/1013  eps 0.010  train return  -18.85%  loss 3.70e-05  maxQ +0.0279  changes   104  12.9 min
episode 882/1013  eps 0.010  train return   +3.63%  loss 3.81e-05  maxQ +0.0277  changes    73  13.0 min
episode 883/1013  eps 0.010  train return   -6.16%  loss 3.97e-05  maxQ +0.0271  changes    71  13.0 min
episode 884/1013  eps 0.010  train return   +3.02%  loss 3.90e-05  maxQ +0.0267  changes    76  13.0 min
episode 885/1013  eps 0.010  train return  +40.29%  loss 3.95e-05  maxQ +0.0271  changes    74  13.0 min
episode 886/1013  eps 0.010  train return   -0.50%  loss 4.04e-05  maxQ +0.0270  changes    78  13.0 min
episode 887/1013  eps 0.010  train return   +4.04%  loss 3.90e-05  maxQ +0.0260  changes    63  13.0 min
episode 888/1013  eps 0.010  train return   -5.80%  loss 4.05e-05  maxQ +0.0263  changes   102  13.0 min
episode 889/1013  eps 0.010  train return  +11.00%  loss 4.06e-05  maxQ +0.0268  changes    93  13.0 min
episode 890/1013  eps 0.010  train return   +6.18%  loss 4.03e-05  maxQ +0.0263  changes    91  13.1 min | val return -1.85% (best +14.12%)
episode 891/1013  eps 0.010  train return   -0.43%  loss 4.01e-05  maxQ +0.0258  changes    70  13.1 min
episode 892/1013  eps 0.010  train return  +22.16%  loss 3.94e-05  maxQ +0.0258  changes    91  13.1 min
episode 893/1013  eps 0.010  train return  -15.54%  loss 3.95e-05  maxQ +0.0266  changes    48  13.1 min
episode 894/1013  eps 0.010  train return   +9.84%  loss 4.04e-05  maxQ +0.0264  changes    76  13.1 min
episode 895/1013  eps 0.010  train return  +30.70%  loss 4.08e-05  maxQ +0.0270  changes    77  13.1 min
episode 896/1013  eps 0.010  train return   +9.24%  loss 4.21e-05  maxQ +0.0270  changes    93  13.1 min
episode 897/1013  eps 0.010  train return  -17.52%  loss 4.31e-05  maxQ +0.0264  changes    89  13.2 min
episode 898/1013  eps 0.010  train return   +4.71%  loss 4.20e-05  maxQ +0.0268  changes   105  13.2 min
episode 899/1013  eps 0.010  train return   +4.41%  loss 4.12e-05  maxQ +0.0266  changes    97  13.2 min
episode 900/1013  eps 0.010  train return  -16.96%  loss 4.11e-05  maxQ +0.0270  changes   128  13.2 min | val return +3.95% (best +14.12%)
episode 901/1013  eps 0.010  train return   -2.52%  loss 3.95e-05  maxQ +0.0270  changes   125  13.2 min
episode 902/1013  eps 0.010  train return  +27.99%  loss 3.90e-05  maxQ +0.0269  changes    90  13.2 min
episode 903/1013  eps 0.010  train return   +4.01%  loss 3.99e-05  maxQ +0.0265  changes    85  13.2 min
episode 904/1013  eps 0.010  train return  +15.84%  loss 3.81e-05  maxQ +0.0271  changes    73  13.2 min
episode 905/1013  eps 0.010  train return  +12.71%  loss 3.64e-05  maxQ +0.0277  changes    43  13.3 min
episode 906/1013  eps 0.010  train return   -3.03%  loss 3.80e-05  maxQ +0.0282  changes    42  13.3 min
episode 907/1013  eps 0.010  train return  +17.27%  loss 3.68e-05  maxQ +0.0280  changes    98  13.3 min
episode 908/1013  eps 0.010  train return   +3.99%  loss 3.89e-05  maxQ +0.0280  changes    90  13.3 min
episode 909/1013  eps 0.010  train return   -7.11%  loss 3.68e-05  maxQ +0.0276  changes    65  13.3 min
episode 910/1013  eps 0.010  train return   -7.35%  loss 3.69e-05  maxQ +0.0285  changes    45  13.3 min | val return +1.11% (best +14.12%)
episode 911/1013  eps 0.010  train return   +8.74%  loss 3.65e-05  maxQ +0.0284  changes    40  13.3 min
episode 912/1013  eps 0.010  train return   -0.47%  loss 3.77e-05  maxQ +0.0286  changes    42  13.4 min
episode 913/1013  eps 0.010  train return  +51.01%  loss 3.95e-05  maxQ +0.0289  changes    56  13.4 min
episode 914/1013  eps 0.010  train return  +12.31%  loss 3.68e-05  maxQ +0.0293  changes    61  13.4 min
episode 915/1013  eps 0.010  train return  -21.52%  loss 3.70e-05  maxQ +0.0289  changes    55  13.4 min
episode 916/1013  eps 0.010  train return  +34.52%  loss 3.62e-05  maxQ +0.0281  changes    64  13.4 min
episode 917/1013  eps 0.010  train return  +55.00%  loss 3.57e-05  maxQ +0.0278  changes    53  13.4 min
episode 918/1013  eps 0.010  train return  +13.51%  loss 3.68e-05  maxQ +0.0277  changes    56  13.4 min
episode 919/1013  eps 0.010  train return   +8.51%  loss 3.53e-05  maxQ +0.0280  changes    53  13.4 min
episode 920/1013  eps 0.010  train return   -7.13%  loss 3.53e-05  maxQ +0.0279  changes    48  13.5 min | val return -1.43% (best +14.12%)
episode 921/1013  eps 0.010  train return   +7.11%  loss 3.39e-05  maxQ +0.0278  changes    61  13.5 min
episode 922/1013  eps 0.010  train return   -3.58%  loss 3.29e-05  maxQ +0.0274  changes    76  13.5 min
episode 923/1013  eps 0.010  train return   +8.51%  loss 3.42e-05  maxQ +0.0276  changes    83  13.5 min
episode 924/1013  eps 0.010  train return   -7.18%  loss 3.39e-05  maxQ +0.0274  changes    82  13.5 min
episode 925/1013  eps 0.010  train return  +12.40%  loss 3.33e-05  maxQ +0.0279  changes    55  13.5 min
episode 926/1013  eps 0.010  train return  -34.86%  loss 3.30e-05  maxQ +0.0285  changes    53  13.5 min
episode 927/1013  eps 0.010  train return  -18.16%  loss 3.21e-05  maxQ +0.0286  changes   198  13.6 min
episode 928/1013  eps 0.010  train return   -9.91%  loss 3.26e-05  maxQ +0.0287  changes   118  13.6 min
episode 929/1013  eps 0.010  train return  +14.31%  loss 3.31e-05  maxQ +0.0279  changes   136  13.6 min
episode 930/1013  eps 0.010  train return   -6.88%  loss 3.35e-05  maxQ +0.0276  changes   129  13.6 min | val return +2.88% (best +14.12%)
episode 931/1013  eps 0.010  train return   -9.87%  loss 3.33e-05  maxQ +0.0277  changes   158  13.6 min
episode 932/1013  eps 0.010  train return  -18.28%  loss 3.37e-05  maxQ +0.0281  changes    64  13.6 min
episode 933/1013  eps 0.010  train return   -3.91%  loss 3.21e-05  maxQ +0.0279  changes    85  13.6 min
episode 934/1013  eps 0.010  train return  -37.09%  loss 3.19e-05  maxQ +0.0274  changes    82  13.7 min
episode 935/1013  eps 0.010  train return   -7.52%  loss 3.41e-05  maxQ +0.0271  changes    84  13.7 min
episode 936/1013  eps 0.010  train return  -12.86%  loss 3.25e-05  maxQ +0.0272  changes    77  13.7 min
episode 937/1013  eps 0.010  train return  +18.64%  loss 3.35e-05  maxQ +0.0277  changes    69  13.7 min
episode 938/1013  eps 0.010  train return  -16.62%  loss 3.32e-05  maxQ +0.0272  changes    59  13.7 min
episode 939/1013  eps 0.010  train return  +23.41%  loss 3.46e-05  maxQ +0.0271  changes    52  13.7 min
episode 940/1013  eps 0.010  train return   +0.72%  loss 3.45e-05  maxQ +0.0269  changes    72  13.7 min | val return -5.43% (best +14.12%)
episode 941/1013  eps 0.010  train return  -28.35%  loss 3.47e-05  maxQ +0.0272  changes    76  13.7 min
episode 942/1013  eps 0.010  train return  -38.44%  loss 3.40e-05  maxQ +0.0277  changes    97  13.8 min
episode 943/1013  eps 0.010  train return   -2.37%  loss 3.41e-05  maxQ +0.0276  changes    54  13.8 min
episode 944/1013  eps 0.010  train return  +11.90%  loss 3.43e-05  maxQ +0.0275  changes    74  13.8 min
episode 945/1013  eps 0.010  train return   -4.72%  loss 3.36e-05  maxQ +0.0273  changes    75  13.8 min
episode 946/1013  eps 0.010  train return  +22.54%  loss 3.29e-05  maxQ +0.0277  changes    59  13.8 min
episode 947/1013  eps 0.010  train return   -1.50%  loss 3.44e-05  maxQ +0.0277  changes    73  13.8 min
episode 948/1013  eps 0.010  train return  +14.57%  loss 3.54e-05  maxQ +0.0275  changes    76  13.8 min
episode 949/1013  eps 0.010  train return   +6.11%  loss 3.47e-05  maxQ +0.0271  changes    86  13.8 min
episode 950/1013  eps 0.010  train return   +8.77%  loss 3.44e-05  maxQ +0.0275  changes   105  13.8 min | val return -3.74% (best +14.12%)
episode 951/1013  eps 0.010  train return   -3.57%  loss 3.34e-05  maxQ +0.0277  changes    78  13.9 min
episode 952/1013  eps 0.010  train return  +12.82%  loss 3.42e-05  maxQ +0.0273  changes    93  13.9 min
episode 953/1013  eps 0.010  train return  -17.62%  loss 3.32e-05  maxQ +0.0273  changes   133  13.9 min
episode 954/1013  eps 0.010  train return   +3.68%  loss 3.30e-05  maxQ +0.0271  changes    97  13.9 min
episode 955/1013  eps 0.010  train return  +35.33%  loss 3.21e-05  maxQ +0.0269  changes   108  13.9 min
episode 956/1013  eps 0.010  train return   +3.99%  loss 3.05e-05  maxQ +0.0274  changes    91  13.9 min
episode 957/1013  eps 0.010  train return  -12.09%  loss 3.07e-05  maxQ +0.0275  changes    78  13.9 min
episode 958/1013  eps 0.010  train return  -30.21%  loss 3.06e-05  maxQ +0.0279  changes    44  13.9 min
episode 959/1013  eps 0.010  train return  +12.18%  loss 3.31e-05  maxQ +0.0276  changes    53  13.9 min
episode 960/1013  eps 0.010  train return   +5.36%  loss 3.30e-05  maxQ +0.0273  changes    70  14.0 min | val return +8.08% (best +14.12%)
episode 961/1013  eps 0.010  train return  +14.46%  loss 3.23e-05  maxQ +0.0270  changes    76  14.0 min
episode 962/1013  eps 0.010  train return  +43.88%  loss 3.16e-05  maxQ +0.0270  changes    74  14.0 min
episode 963/1013  eps 0.010  train return   -5.00%  loss 3.08e-05  maxQ +0.0267  changes    67  14.0 min
episode 964/1013  eps 0.010  train return  +70.36%  loss 3.18e-05  maxQ +0.0273  changes    84  14.0 min
episode 965/1013  eps 0.010  train return   +0.18%  loss 3.39e-05  maxQ +0.0271  changes   101  14.0 min
episode 966/1013  eps 0.010  train return   +5.04%  loss 3.39e-05  maxQ +0.0276  changes    54  14.0 min
episode 967/1013  eps 0.010  train return  -22.40%  loss 3.28e-05  maxQ +0.0279  changes    84  14.0 min
episode 968/1013  eps 0.010  train return   -9.51%  loss 3.06e-05  maxQ +0.0278  changes    64  14.0 min
episode 969/1013  eps 0.010  train return  +16.70%  loss 3.01e-05  maxQ +0.0276  changes    77  14.1 min
episode 970/1013  eps 0.010  train return   -1.11%  loss 3.01e-05  maxQ +0.0283  changes    48  14.1 min | val return +4.87% (best +14.12%)
episode 971/1013  eps 0.010  train return  +10.97%  loss 3.13e-05  maxQ +0.0286  changes    89  14.1 min
episode 972/1013  eps 0.010  train return  +21.99%  loss 3.31e-05  maxQ +0.0287  changes    77  14.1 min
episode 973/1013  eps 0.010  train return  -27.20%  loss 3.31e-05  maxQ +0.0291  changes    57  14.1 min
episode 974/1013  eps 0.010  train return  -16.96%  loss 3.31e-05  maxQ +0.0292  changes    97  14.1 min
episode 975/1013  eps 0.010  train return  -17.29%  loss 3.36e-05  maxQ +0.0301  changes    79  14.1 min
episode 976/1013  eps 0.010  train return  -16.99%  loss 3.32e-05  maxQ +0.0293  changes    93  14.2 min
episode 977/1013  eps 0.010  train return  -46.19%  loss 3.35e-05  maxQ +0.0289  changes    89  14.2 min
episode 978/1013  eps 0.010  train return   +5.19%  loss 3.37e-05  maxQ +0.0289  changes    70  14.2 min
episode 979/1013  eps 0.010  train return  +13.10%  loss 3.35e-05  maxQ +0.0282  changes    79  14.2 min
episode 980/1013  eps 0.010  train return  +14.59%  loss 3.39e-05  maxQ +0.0276  changes    60  14.2 min | val return -9.92% (best +14.12%)
episode 981/1013  eps 0.010  train return   -8.89%  loss 3.51e-05  maxQ +0.0277  changes   100  14.2 min
episode 982/1013  eps 0.010  train return   +1.60%  loss 3.41e-05  maxQ +0.0279  changes    89  14.2 min
episode 983/1013  eps 0.010  train return  +12.55%  loss 3.22e-05  maxQ +0.0279  changes    89  14.2 min
episode 984/1013  eps 0.010  train return   +1.28%  loss 3.19e-05  maxQ +0.0276  changes   104  14.2 min
episode 985/1013  eps 0.010  train return   +5.51%  loss 3.54e-05  maxQ +0.0270  changes    91  14.2 min
episode 986/1013  eps 0.010  train return  -18.71%  loss 3.37e-05  maxQ +0.0266  changes    64  14.2 min
episode 987/1013  eps 0.010  train return   -8.34%  loss 3.37e-05  maxQ +0.0271  changes    61  14.2 min
episode 988/1013  eps 0.010  train return  +25.54%  loss 3.37e-05  maxQ +0.0264  changes   105  14.3 min
episode 989/1013  eps 0.010  train return   +4.13%  loss 3.49e-05  maxQ +0.0270  changes    94  14.3 min
episode 990/1013  eps 0.010  train return  -27.07%  loss 3.43e-05  maxQ +0.0261  changes   102  14.3 min | val return +6.99% (best +14.12%)
episode 991/1013  eps 0.010  train return  -23.90%  loss 3.66e-05  maxQ +0.0265  changes   107  14.3 min
episode 992/1013  eps 0.010  train return  +11.22%  loss 3.64e-05  maxQ +0.0256  changes    67  14.3 min
episode 993/1013  eps 0.010  train return  +10.77%  loss 3.64e-05  maxQ +0.0258  changes    72  14.3 min
episode 994/1013  eps 0.010  train return   +3.60%  loss 3.61e-05  maxQ +0.0257  changes    83  14.3 min
episode 995/1013  eps 0.010  train return  +14.18%  loss 3.40e-05  maxQ +0.0258  changes   110  14.3 min
episode 996/1013  eps 0.010  train return  -12.06%  loss 3.71e-05  maxQ +0.0255  changes   171  14.3 min
episode 997/1013  eps 0.010  train return   -6.50%  loss 3.63e-05  maxQ +0.0254  changes    74  14.3 min
episode 998/1013  eps 0.010  train return  +13.44%  loss 3.57e-05  maxQ +0.0250  changes    71  14.3 min
episode 999/1013  eps 0.010  train return   +8.36%  loss 3.73e-05  maxQ +0.0256  changes    76  14.3 min
episode 1000/1013  eps 0.010  train return   -3.45%  loss 3.68e-05  maxQ +0.0249  changes    68  14.3 min | val return +2.35% (best +14.12%)
episode 1001/1013  eps 0.010  train return   -1.67%  loss 3.62e-05  maxQ +0.0245  changes    89  14.4 min
episode 1002/1013  eps 0.010  train return   -0.64%  loss 3.77e-05  maxQ +0.0247  changes    74  14.4 min
episode 1003/1013  eps 0.010  train return   -9.07%  loss 3.50e-05  maxQ +0.0243  changes    98  14.4 min
episode 1004/1013  eps 0.010  train return  -13.51%  loss 3.60e-05  maxQ +0.0246  changes    77  14.4 min
episode 1005/1013  eps 0.010  train return   +7.01%  loss 3.78e-05  maxQ +0.0247  changes    64  14.4 min
episode 1006/1013  eps 0.010  train return   +0.45%  loss 3.83e-05  maxQ +0.0249  changes    56  14.4 min
episode 1007/1013  eps 0.010  train return  +10.25%  loss 3.58e-05  maxQ +0.0250  changes    83  14.4 min
episode 1008/1013  eps 0.010  train return   -6.13%  loss 3.37e-05  maxQ +0.0247  changes   100  14.4 min
episode 1009/1013  eps 0.010  train return   +1.87%  loss 3.44e-05  maxQ +0.0248  changes    61  14.4 min
episode 1010/1013  eps 0.010  train return  +14.95%  loss 3.32e-05  maxQ +0.0249  changes    80  14.4 min | val return +6.41% (best +14.12%)
episode 1011/1013  eps 0.010  train return   -3.71%  loss 3.34e-05  maxQ +0.0253  changes    82  14.4 min
episode 1012/1013  eps 0.010  train return   +2.43%  loss 3.05e-05  maxQ +0.0254  changes    80  14.4 min
episode 1013/1013  eps 0.010  train return   -6.03%  loss 3.23e-05  maxQ +0.0258  changes    72  14.4 min | val return -15.14% (best +14.12%)
model    env  portfolio_return  excess_return  n_changes
 last    val         -0.151408      -0.108790       46.8
 last val_w1         -0.114421      -0.087506       26.8
 last val_w2         -0.040778      -0.025344       20.8
 best    val          0.138744       0.181362       76.2
 best val_w1          0.141945       0.168861       41.2
 best val_w2         -0.015959      -0.000525       36.2
