episode,steps,epsilon,train_reward,train_portfolio_return,train_position_changes,mean_loss,mean_max_q,updates,minutes,action_share_-1,action_share_0,action_share_0.5,action_share_1,action_share_2
1,720,1.0,0.03002523047311862,0.03048053313692156,566,0.00010457257147975931,0.07588730752468109,657,0.020323681831359863,0.21666666666666667,0.22083333333333333,0.1875,0.19722222222222222,0.17777777777777778
2,720,0.9909,-0.0540891454250632,-0.05265234897158666,583,3.6745039634272164e-05,0.06404578685760498,1377,0.032613364855448405,0.2,0.20833333333333334,0.19583333333333333,0.18888888888888888,0.20694444444444443
3,720,0.98188281,-0.17395908983882935,-0.1596687249568668,558,3.465439202727793e-05,0.05366560071706772,2097,0.045994484424591066,0.2,0.20555555555555555,0.21666666666666667,0.20555555555555555,0.17222222222222222
4,720,0.972947676429,-0.1985832810418544,-0.18010851352014834,558,3.0188756321396997e-05,0.04614860936999321,2817,0.05578914880752563,0.19305555555555556,0.1638888888888889,0.22916666666666666,0.20277777777777778,0.2111111111111111
5,720,0.9640938525734961,0.009641176524264567,0.009687802388917754,547,3.231331079531527e-05,0.0384443923830986,3537,0.06646216710408528,0.2263888888888889,0.18194444444444444,0.18611111111111112,0.2125,0.19305555555555556
6,720,0.9553205985150773,-0.11138879543473341,-0.10540913153936637,575,3.093886337460895e-05,0.03214932605624199,4257,0.07822766701380411,0.21666666666666667,0.19722222222222222,0.19166666666666668,0.18194444444444444,0.2125
7,720,0.9466271810685901,-0.19928952264815716,-0.18068735057709084,548,2.9837479223715492e-05,0.03372683748602867,4977,0.09020164807637533,0.19305555555555556,0.21805555555555556,0.20555555555555555,0.1597222222222222,0.22361111111111112
8,720,0.938012873720866,-0.11257202031607617,-0.1064670077374118,586,3.053817102277713e-05,0.03635725751519203,5697,0.09941333134969076,0.18611111111111112,0.21805555555555556,0.16666666666666666,0.20416666666666666,0.225
9,720,0.9294769565700061,0.06475843860865904,0.06690127109835364,569,3.0251828249876983e-05,0.03374965116381645,6417,0.10892168283462525,0.20416666666666666,0.20277777777777778,0.18888888888888888,0.19444444444444445,0.20972222222222223
10,720,0.921018716265219,-0.036811904932496746,-0.036142584874836015,592,2.852017224768133e-05,0.0298435278236866,7137,0.1178671677907308,0.1875,0.17222222222222222,0.20555555555555555,0.20277777777777778,0.23194444444444445
11,720,0.9126374459472055,-0.10088065474269199,-0.09595908055598923,580,2.802663038765887e-05,0.02729412168264389,7857,0.14094733397165934,0.18055555555555555,0.20277777777777778,0.19166666666666668,0.22361111111111112,0.2013888888888889
12,720,0.904332445189086,-0.3840849829514035,-0.3189264549198969,587,3.0523770984321645e-05,0.023752298206090927,8577,0.15090754826863606,0.20833333333333334,0.2125,0.19305555555555556,0.20555555555555555,0.18055555555555555
13,720,0.8961030199378652,-0.14059735996060413,-0.13116092932289536,578,2.8186598466264614e-05,0.026225412264466286,9297,0.16247916221618652,0.2125,0.18611111111111112,0.20277777777777778,0.17222222222222222,0.2263888888888889
14,720,0.8879484824564307,-0.11334444185745819,-0.10715692538064392,579,2.7392510510379807e-05,0.02270670235157013,10017,0.17399381399154662,0.19444444444444445,0.16805555555555557,0.21666666666666667,0.17916666666666667,0.24166666666666667
15,720,0.8798681512660771,-0.10497561808310236,-0.09965352550842976,581,2.776849280823828e-05,0.022448666393756866,10737,0.19127787748972574,0.20833333333333334,0.16805555555555557,0.2125,0.1986111111111111,0.2125
16,720,0.8718613510895558,0.02947315834938603,0.02991179056843074,577,2.8149076655381577e-05,0.021593429148197174,11457,0.2137710968653361,0.19583333333333333,0.2,0.1875,0.18194444444444444,0.23472222222222222
17,720,0.8639274127946408,-0.09243835522048503,-0.08829458888872865,572,2.708072984584457e-05,0.02246290259063244,12177,0.24032223224639893,0.17916666666666667,0.1625,0.19444444444444445,0.20555555555555555,0.25833333333333336
18,720,0.8560656733382096,-0.07091949482042963,-0.06846311734699562,575,2.5525975401781883e-05,0.025432370603084564,12897,0.2527170300483704,0.17777777777777778,0.17916666666666667,0.17916666666666667,0.2125,0.2513888888888889
19,720,0.8482754757108318,0.022842649445720082,0.023105540657009094,576,2.6634272202525405e-05,0.022270169109106064,13617,0.2648348331451416,0.20694444444444443,0.17777777777777778,0.19027777777777777,0.21388888888888888,0.2111111111111111
20,720,0.8405561688818632,-0.10569136029717491,-0.10029771092466788,572,2.666374257261042e-05,0.021044153720140457,14337,0.27781491676966347,0.2152777777777778,0.1527777777777778,0.18888888888888888,0.18472222222222223,0.25833333333333336
21,720,0.8329071077450383,-0.1849507068929347,-0.1688547474256985,568,2.7773433688101554e-05,0.019571347162127495,15057,0.30051730076471966,0.225,0.16805555555555557,0.2125,0.20277777777777778,0.19166666666666668
22,720,0.8253276530645585,-0.060826132688068586,-0.05901316759499475,579,2.719308808233715e-05,0.019136901944875717,15777,0.31101041634877524,0.1875,0.18194444444444444,0.2013888888888889,0.20416666666666666,0.225
23,720,0.817817171421671,0.16655379888731936,0.1812270828637088,575,2.708533706936578e-05,0.020876869559288025,16497,0.321367617448171,0.18611111111111112,0.16944444444444445,0.2111111111111111,0.18611111111111112,0.24722222222222223
24,720,0.8103750351617338,-0.2234812705848969,-0.20027012979996184,583,2.54671722031061e-05,0.01976863481104374,17217,0.3326573650042216,0.18888888888888888,0.1625,0.21388888888888888,0.19583333333333333,0.2388888888888889
25,720,0.8030006223417621,-0.2273885764460297,-0.20338882219880727,568,2.557089544173626e-05,0.019910521805286407,17937,0.3468196153640747,0.17916666666666667,0.18194444444444444,0.2111111111111111,0.20277777777777778,0.225
26,720,0.795693316678452,0.021510795670772867,0.02174382068774272,573,2.7413920834836367e-05,0.018033165484666824,18657,0.35702531337738036,0.1736111111111111,0.18194444444444444,0.20694444444444443,0.20555555555555555,0.23194444444444445
27,720,0.7884525074966781,-0.3439240192150515,-0.2910172049276587,584,2.5156250983273923e-05,0.017124410718679428,19377,0.37018989721934,0.20555555555555555,0.19305555555555556,0.2013888888888889,0.16805555555555557,0.23194444444444445
28,720,0.7812775896784583,-0.013216001165132175,-0.013129053277670444,568,2.6125488798495804e-05,0.017115149646997452,20097,0.38015089829762777,0.23194444444444445,0.15694444444444444,0.2125,0.18472222222222223,0.21388888888888888
29,720,0.7741679636123843,-0.024793250164893397,-0.024488421961689544,581,2.6572485271951033e-05,0.020462526008486748,20817,0.3915096839269002,0.225,0.17083333333333334,0.18055555555555555,0.20972222222222223,0.21388888888888888
30,720,0.7671230351435115,-0.32831902178885913,-0.2798667551403333,575,2.5502235800129508e-05,0.01901875250041485,21537,0.4023443341255188,0.25,0.15,0.19305555555555556,0.19583333333333333,0.2111111111111111
31,720,0.7601422155237056,-0.40435949156632256,-0.33259584802591724,566,2.5217897989351616e-05,0.018381504341959953,22257,0.42354116439819334,0.2111111111111111,0.17083333333333334,0.2125,0.20416666666666666,0.2013888888888889
32,720,0.7532249213624399,-0.2754979626830967,-0.24080602118880035,569,2.595163211051638e-05,0.01695743016898632,22977,0.4326278646787008,0.19583333333333333,0.15833333333333333,0.16666666666666666,0.24305555555555555,0.2361111111111111
33,720,0.7463705745780417,-0.016528788919543486,-0.016392938001508872,578,2.626487071779593e-05,0.017879078164696693,23697,0.44099478324254354,0.16111111111111112,0.18055555555555555,0.19722222222222222,0.20277777777777778,0.25833333333333336
34,720,0.7395786023493816,0.06495005691301345,0.06710572849910013,558,2.618761231979584e-05,0.01623721234500408,24417,0.4507174491882324,0.25972222222222224,0.15416666666666667,0.1875,0.19444444444444445,0.20416666666666666
35,720,0.7328484370680022,0.03527022536961967,0.03589959733300674,548,2.8651481354321125e-05,0.017507702112197876,25137,0.46120151281356814,0.20416666666666666,0.1763888888888889,0.1875,0.17916666666666667,0.25277777777777777
36,720,0.7261795162906833,-0.3866142828548817,-0.32064691747164786,550,2.7921339339956023e-05,0.016650978475809097,25857,0.4725679318110148,0.22083333333333333,0.19166666666666668,0.1736111111111111,0.21944444444444444,0.19444444444444445
37,720,0.7195712826924381,0.5354320707533164,0.7081861401030525,563,2.9619016592934914e-05,0.016693051904439926,26577,0.48427899678548175,0.17083333333333334,0.17083333333333334,0.18611111111111112,0.19166666666666668,0.28055555555555556
38,720,0.7130231840199369,0.006012925232922538,0.006031039155539153,565,2.8012508147412517e-05,0.015886535868048668,27297,0.4962820291519165,0.20555555555555555,0.19583333333333333,0.18333333333333332,0.19305555555555556,0.2222222222222222
39,720,0.7065346730453554,-0.26636297524720626,-0.23383902044729077,547,2.8661706838622398e-05,0.014566361904144287,28017,0.5111663142840067,0.17222222222222222,0.2611111111111111,0.20555555555555555,0.19027777777777777,0.17083333333333334
40,720,0.7001052075206428,-0.05882768514992786,-0.057130774470891654,561,2.9782757968632724e-05,0.016658274456858635,28737,0.5323370973269145,0.18194444444444444,0.2513888888888889,0.19722222222222222,0.14166666666666666,0.22777777777777777
41,720,0.6937342501322049,-0.2539989782117565,-0.22430740536035487,547,3.036246957132486e-05,0.01626529172062874,29457,0.5505507508913676,0.21388888888888888,0.1625,0.17083333333333334,0.19027777777777777,0.2625
42,720,0.6874212684560018,-0.10977165393202122,-0.10396128114407976,551,3.010909516092397e-05,0.017937850207090378,30177,0.5591930945714315,0.18611111111111112,0.1375,0.22916666666666666,0.18888888888888888,0.25833333333333336
43,720,0.6811657349130522,0.008384908162419494,0.008420159963687723,548,3.1104163648226154e-05,0.016341129317879677,30897,0.5687183499336242,0.20277777777777778,0.18055555555555555,0.2222222222222222,0.21666666666666667,0.17777777777777778
44,720,0.6749671267253434,-0.2290142276305905,-0.20468278205498192,554,3.090998362975168e-05,0.01653604954481125,31617,0.578741729259491,0.2791666666666667,0.15694444444444444,0.1527777777777778,0.17083333333333334,0.24027777777777778
45,720,0.6688249258721428,-0.18568225415937026,-0.16946254711902298,547,3.067579379931986e-05,0.015245869755744934,32337,0.5876403331756592,0.17916666666666667,0.16944444444444445,0.2,0.1986111111111111,0.25277777777777777
46,720,0.6627386190467063,0.11342879951828902,0.12011213352962669,518,2.9256180059494203e-05,0.01670285500586033,33057,0.5978922168413798,0.20694444444444443,0.17777777777777778,0.1736111111111111,0.2111111111111111,0.23055555555555557
47,720,0.6567076976133812,0.18882354707200721,0.20782780892515484,536,3.028080281397807e-05,0.015135765075683594,33777,0.606695564587911,0.17777777777777778,0.18888888888888888,0.20416666666666666,0.2013888888888889,0.22777777777777777
48,720,0.6507316575650994,0.08419209208138256,0.08783783877450468,547,3.1124092894035335e-05,0.01417896430939436,34497,0.6155657649040223,0.18055555555555555,0.1597222222222222,0.16527777777777777,0.1763888888888889,0.31805555555555554
49,720,0.6448099994812571,-0.06404742927863072,-0.06203948831472883,516,3.1666972861583215e-05,0.0151755902916193,35217,0.6247979124387105,0.16944444444444445,0.17777777777777778,0.15555555555555556,0.2111111111111111,0.2861111111111111
50,720,0.6389422284859776,-0.28520175523750985,-0.24813745319070013,524,2.983231464163004e-05,0.014535680413246155,35937,0.6347189346949259,0.18611111111111112,0.18888888888888888,0.18333333333333332,0.22361111111111112,0.21805555555555556
51,720,0.6331278542067552,-0.0644482691587665,-0.062415384951589936,539,3.0216485292713614e-05,0.01419458631426096,36657,0.6515382329622904,0.2222222222222222,0.15694444444444444,0.1875,0.22083333333333333,0.2125
52,720,0.6273663907334738,0.09488650341365969,0.09953405468225629,520,3.151470747361095e-05,0.013546665199100971,37377,0.660528564453125,0.16666666666666666,0.1625,0.18888888888888888,0.20694444444444443,0.275
53,720,0.6216573565777992,-0.054863495001799836,-0.053385643274476924,537,3.282959481288748e-05,0.016038894653320312,38097,0.6694743990898132,0.24583333333333332,0.15416666666666667,0.14027777777777778,0.1597222222222222,0.3
54,720,0.6160002746329413,-0.28474094132323924,-0.24779090462644404,551,3.161244491833612e-05,0.015957210212945938,38817,0.6794111649195353,0.22083333333333333,0.17083333333333334,0.14305555555555555,0.22361111111111112,0.24166666666666667
55,720,0.6103946721337815,-0.16055390699890051,-0.14832808874231773,530,3.3252589227256775e-05,0.015876779332756996,39537,0.6919324000676473,0.23333333333333334,0.16527777777777777,0.17777777777777778,0.18055555555555555,0.24305555555555555
56,720,0.604840080617364,-0.0036797541446418336,-0.0036729921460653125,541,3.056649144228787e-05,0.015220386907458305,40257,0.7011601328849792,0.20972222222222223,0.19444444444444445,0.20416666666666666,0.16666666666666666,0.225
57,720,0.5993360358837461,-0.06656866809538944,-0.06440133212810861,522,3.0770191103910195e-05,0.014868007972836494,40977,0.7103752334912617,0.20416666666666666,0.12916666666666668,0.22083333333333333,0.20833333333333334,0.2375
58,720,0.5938820779572039,-0.16280331027469122,-0.15024168929285453,528,3.0149910327913354e-05,0.014702191576361656,41697,0.7202035983403524,0.14305555555555555,0.17083333333333334,0.18194444444444444,0.21805555555555556,0.2861111111111111
59,720,0.5884777510477934,-0.19417539614309223,-0.17648654948237286,512,3.093287081381075e-05,0.014280565083026886,42417,0.7288031657536824,0.24722222222222223,0.19722222222222222,0.1388888888888889,0.18055555555555555,0.2361111111111111
60,720,0.5831226035132585,-0.19503986013174596,-0.17719813958819308,518,3.3138839732297735e-05,0.01351625844836235,43137,0.737679664293925,0.2611111111111111,0.12083333333333333,0.18888888888888888,0.17916666666666667,0.25
61,720,0.5778161878212879,0.27642351331866366,0.3184061083533021,514,3.2646389413710295e-05,0.015847736969590187,43857,0.7540533343950907,0.21805555555555556,0.18194444444444444,0.15,0.2152777777777778,0.23472222222222222
62,720,0.5725580605121141,0.07506673329963574,0.0779560840507858,521,3.3501392783187435e-05,0.014785520732402802,44577,0.7628911137580872,0.16666666666666666,0.16666666666666666,0.2111111111111111,0.20833333333333334,0.24722222222222223
63,720,0.5673477821614539,0.0049482728284353855,0.004960535748844919,503,3.2575064679147345e-05,0.014514710754156113,45297,0.7717159628868103,0.2013888888888889,0.2,0.17083333333333334,0.2152777777777778,0.2125
64,720,0.5621849173437846,0.08501320808564063,0.0887314466616187,526,3.310546082073213e-05,0.013103693723678589,46017,0.780047881603241,0.18472222222222223,0.16805555555555557,0.21944444444444444,0.25416666666666665,0.1736111111111111
65,720,0.5570690345959561,0.17830446344994832,0.1951891572587643,542,3.275796698416242e-05,0.013906345702707767,46737,0.7884808818499247,0.20555555555555555,0.1625,0.19305555555555556,0.19166666666666668,0.24722222222222223
66,720,0.5519997063811329,-0.2354856811295689,-0.20981302248724842,537,3.313658634611885e-05,0.013315408490598202,47457,0.7967392484347026,0.18888888888888888,0.16527777777777777,0.1388888888888889,0.22777777777777777,0.2791666666666667
67,720,0.5469765090530646,-0.15624737182122103,-0.1446524246891846,532,3.290190992023175e-05,0.013809604570269585,48177,0.8048673947652181,0.15694444444444444,0.18055555555555555,0.21944444444444444,0.2222222222222222,0.22083333333333333
68,720,0.5419990228206817,-0.20182100671682915,-0.18275880446388137,509,3.501317086021219e-05,0.01294526644051075,48897,0.8143643657366435,0.20416666666666666,0.19444444444444445,0.19027777777777777,0.16527777777777777,0.24583333333333332
69,720,0.5370668317130135,-0.1267239638969531,-0.11902317955478747,512,3.287905011638436e-05,0.011505327187478542,49617,0.8235668301582336,0.16111111111111112,0.1986111111111111,0.175,0.21944444444444444,0.24583333333333332
70,720,0.5321795235444251,-0.09634220523698578,-0.0918468118886957,520,3.3747230328471133e-05,0.01246938668191433,50337,0.8322238008181254,0.2875,0.24583333333333332,0.16527777777777777,0.16944444444444445,0.13194444444444445
71,720,0.5273366898801708,0.14797807553336975,0.15948747493984783,506,3.3588321116440056e-05,0.011642111465334892,51057,0.8485085805257161,0.1597222222222222,0.14305555555555555,0.22361111111111112,0.19027777777777777,0.2833333333333333
72,720,0.5225379260022612,-0.23650935214409932,-0.21062150011403213,537,3.3341295106639434e-05,0.013105301186442375,51777,0.8572654167811076,0.1763888888888889,0.14722222222222223,0.17916666666666667,0.22777777777777777,0.26944444444444443
73,720,0.5177828308756407,-0.07861775293237472,-0.07560679648778246,499,3.4398560594834434e-05,0.0129008200019598,52497,0.8652268648147583,0.19027777777777777,0.18333333333333332,0.20833333333333334,0.175,0.24305555555555555
74,720,0.5130710071146724,-0.0778633152162571,-0.07490913625302642,510,3.2909461318316365e-05,0.012659275904297829,53217,0.8734576821327209,0.1597222222222222,0.2013888888888889,0.2222222222222222,0.19722222222222222,0.21944444444444444
75,720,0.5084020609499288,-0.03968013721606044,-0.03890319090740635,485,3.235134379464297e-05,0.011701737530529499,53937,0.8838500301043193,0.19166666666666668,0.19027777777777777,0.17222222222222222,0.22916666666666666,0.21666666666666667
76,720,0.5037756021952844,-0.03263652645478061,-0.032109701820615455,483,3.4492355441291994e-05,0.012345369905233383,54657,0.8923849980036418,0.2777777777777778,0.13055555555555556,0.125,0.22777777777777777,0.2388888888888889
77,720,0.4991912442153073,0.028701867436654035,0.029117735226647623,470,3.399911957949876e-05,0.013888919726014137,55377,0.901345415910085,0.13194444444444445,0.19722222222222222,0.1125,0.17916666666666667,0.37916666666666665
78,720,0.494648603892948,-0.0882468710262112,-0.0844651702007091,514,3.412682923453758e-05,0.01259409636259079,56097,0.9091944495836893,0.20416666666666666,0.2,0.17083333333333334,0.23055555555555557,0.19444444444444445
79,720,0.4901473015975222,-0.035060831377698935,-0.03445332106366261,531,3.306243846863152e-05,0.012269587256014347,56817,0.9178623994191487,0.17222222222222222,0.18611111111111112,0.15694444444444444,0.20416666666666666,0.28055555555555556
80,720,0.4856869611529847,-0.0009621857757766758,-0.0009617230234737484,499,3.350887656539372e-05,0.01342185027897358,57537,0.926415479183197,0.2861111111111111,0.18611111111111112,0.11805555555555555,0.19722222222222222,0.2125
81,720,0.48126720980649257,-0.2986940278757739,-0.25821365934170015,510,3.2443638730228486e-05,0.012349501252174377,58257,0.9409730315208436,0.2152777777777778,0.13333333333333333,0.1986111111111111,0.24861111111111112,0.20416666666666666
82,720,0.4768876781972535,-0.2924907416779282,-0.2535978445645579,510,3.443532736911139e-05,0.011874319985508919,58977,0.9517607450485229,0.14166666666666666,0.24305555555555555,0.20972222222222223,0.21388888888888888,0.19166666666666668
83,720,0.47254800032565847,-0.12892911469123144,-0.12096372590511639,496,3.4190663745903295e-05,0.012043632566928864,59697,0.960262680053711,0.21944444444444444,0.15,0.17777777777777778,0.24305555555555555,0.20972222222222223
84,720,0.46824781352269496,0.17573888281895642,0.19212673323420226,496,3.578382799736978e-05,0.011739442124962807,60417,0.9686545968055725,0.2111111111111111,0.15833333333333333,0.15694444444444444,0.20972222222222223,0.2638888888888889
85,720,0.46398675841963843,-0.30492066198528145,-0.2628181413832652,472,3.519577351072358e-05,0.009258435107767582,61137,0.9766224145889282,0.20833333333333334,0.14444444444444443,0.16527777777777777,0.22777777777777777,0.25416666666666665
86,720,0.45976447891801975,-0.00013921517763400455,-0.00013920548765400387,485,3.5056461100819234e-05,0.009151860140264034,61857,0.9866974631945292,0.2638888888888889,0.18055555555555555,0.19722222222222222,0.1875,0.17083333333333334
87,720,0.4555806221598658,0.2179982739564297,0.24358492113545283,470,3.310985571829406e-05,0.008305968716740608,62577,0.9958617130915324,0.175,0.18888888888888888,0.20555555555555555,0.21805555555555556,0.2125
88,720,0.451434838498211,-0.32168430510799867,-0.2750729900364711,469,3.397870017225715e-05,0.009450074285268784,63297,1.0037801464398701,0.16944444444444445,0.2263888888888889,0.19166666666666668,0.2625,0.15
89,720,0.44732678146787724,-0.010729684673388265,-0.010672326933576004,479,3.765063979257219e-05,0.01016298495233059,64017,1.0142055988311767,0.2,0.1875,0.1625,0.25833333333333336,0.19166666666666668
90,720,0.4432561077565196,0.19095208294039656,0.21040145181319936,455,3.647452180833473e-05,0.010038260370492935,64737,1.0233396808306376,0.18611111111111112,0.17777777777777778,0.12916666666666668,0.23194444444444445,0.275
91,720,0.43922247717593527,0.005461802504110293,0.005476745339957789,474,3.3431945140212824e-05,0.008947046473622322,65457,1.0421376983324686,0.23333333333333334,0.1763888888888889,0.1986111111111111,0.19444444444444445,0.19722222222222222
92,720,0.43522555263363427,0.12674270082094502,0.13512491349563605,488,3.3652920301266125e-05,0.008589280769228935,66177,1.0519712130228678,0.2152777777777778,0.14027777777777778,0.15694444444444444,0.25416666666666665,0.23333333333333334
93,720,0.43126500010466823,-0.026215805072434165,-0.025875154159188618,445,3.431493453642058e-05,0.009694614447653294,66897,1.061600963274638,0.12638888888888888,0.22361111111111112,0.20694444444444443,0.19305555555555556,0.25
94,720,0.42734048860371576,0.2707589124611451,0.3109589764097995,433,3.4917486931994466e-05,0.009841430000960827,67617,1.0701713959376018,0.2513888888888889,0.1361111111111111,0.1125,0.12916666666666668,0.37083333333333335
95,720,0.42345169015742196,-0.014204772827699986,-0.014104361046597402,464,3.617176664837037e-05,0.011567980982363224,68337,1.0786097168922424,0.25833333333333336,0.14722222222222223,0.11388888888888889,0.1875,0.29305555555555557
96,720,0.41959827977698944,-0.10915635031038712,-0.1034097756209712,429,3.6105346660204104e-05,0.010579481720924377,69057,1.088383146127065,0.18194444444444444,0.13055555555555556,0.09027777777777778,0.2513888888888889,0.3458333333333333
97,720,0.4157799354310188,-0.2555584344914642,-0.22551612133337573,447,3.5386841260434364e-05,0.011199148371815681,69777,1.0970918655395507,0.3388888888888889,0.13333333333333333,0.12083333333333333,0.18611111111111112,0.22083333333333333
98,720,0.41199633801859653,-0.2798561823785564,-0.24410755570774734,448,3.693061528969742e-05,0.011392530053853989,70497,1.1062217831611634,0.18194444444444444,0.14583333333333334,0.19027777777777777,0.24722222222222223,0.23472222222222222
99,720,0.4082471713426273,0.022721712318477857,0.022981816693615986,437,3.497417194719472e-05,0.010981865227222443,71217,1.1150198499361674,0.2986111111111111,0.14583333333333334,0.1375,0.17777777777777778,0.24027777777777778
100,720,0.4045321220834094,-0.46972966322711507,-0.37482874778078823,462,3.663293453731361e-05,0.01001944113522768,71937,1.1240137656529745,0.19305555555555556,0.16527777777777777,0.16527777777777777,0.18194444444444444,0.29444444444444445
101,720,0.4008508797724504,-0.04333351392770773,-0.042408033454008565,471,3.722121943054744e-05,0.009144287556409836,72657,1.1406075477600097,0.24444444444444444,0.15555555555555556,0.12222222222222222,0.20833333333333334,0.26944444444444443
102,720,0.3972031367665211,0.31348733982444277,0.36818814115009446,459,3.575007429819582e-05,0.01030938420444727,73377,1.1492342472076416,0.2125,0.18055555555555555,0.15555555555555556,0.2708333333333333,0.18055555555555555
103,720,0.39358858822194576,0.0627966559509726,0.06481029437879204,492,3.592148828298984e-05,0.011205318383872509,74097,1.1576451778411865,0.3055555555555556,0.175,0.15416666666666667,0.2111111111111111,0.15416666666666667
104,720,0.39000693206912607,-0.09911750523480688,-0.09436371523326603,494,3.6956092223287366e-05,0.011235270649194717,74817,1.1664284507433573,0.19166666666666668,0.20694444444444443,0.18055555555555555,0.19583333333333333,0.225
105,720,0.386457868987297,-0.08801587847183324,-0.08425366404451629,448,3.688231434150819e-05,0.010516867972910404,75537,1.1749398827552795,0.1875,0.2,0.1763888888888889,0.20555555555555555,0.23055555555555557
106,720,0.3829411023795126,-0.16828803273285642,-0.15488961982745908,448,3.543977356154452e-05,0.009915576316416264,76257,1.1842474142710369,0.21944444444444444,0.23194444444444445,0.19305555555555556,0.15416666666666667,0.2013888888888889
107,720,0.3794563383478591,-0.2722367578053892,-0.2383260925021422,435,3.664375345490751e-05,0.009402813389897346,76977,1.1932828346888225,0.1986111111111111,0.1736111111111111,0.1986111111111111,0.225,0.20416666666666666
108,720,0.37600328566889357,-0.07181596761124505,-0.06929784060668676,418,3.6101603771814756e-05,0.008954623714089394,77697,1.2019025484720867,0.22777777777777777,0.16944444444444445,0.18194444444444444,0.2652777777777778,0.15555555555555556
109,720,0.37258165576930663,-0.2319698325849973,-0.20702995519771705,469,3.5036284067599705e-05,0.008743755519390106,78417,1.210888115564982,0.23055555555555557,0.16527777777777777,0.20555555555555555,0.2513888888888889,0.14722222222222223
110,720,0.36919116270180596,-0.04949529278328804,-0.04829036197056791,464,3.702899203214353e-05,0.007622828707098961,79137,1.2193235953648884,0.2722222222222222,0.1638888888888889,0.23333333333333334,0.18333333333333332,0.14722222222222223
111,720,0.3658315231212195,-0.13543333732279028,-0.12666262000413764,452,3.416625692504264e-05,0.007120464462786913,79857,1.2365111311276753,0.2125,0.175,0.15694444444444444,0.2222222222222222,0.23333333333333334
112,720,0.36250245626081645,-0.03141511927900655,-0.030926791404479292,443,3.432369981308309e-05,0.00706518953666091,80577,1.245095948378245,0.18888888888888888,0.16111111111111112,0.21805555555555556,0.20694444444444443,0.225
113,720,0.359203683908843,0.04507035989755507,0.04610146091102729,437,3.653567069553295e-05,0.007012654095888138,81297,1.2537677804629008,0.2513888888888889,0.12083333333333333,0.09444444444444444,0.25277777777777777,0.28055555555555556
114,720,0.3559349303852725,-0.06287361661388495,-0.06093785195621659,419,3.4644117838272196e-05,0.009846494533121586,82017,1.2617268999417623,0.23055555555555557,0.1527777777777778,0.15555555555555556,0.28055555555555556,0.18055555555555555
115,720,0.3526959225187665,0.09772626533960889,0.10266090728419752,439,3.3122669380721465e-05,0.008976302109658718,82737,1.2711770335833232,0.2611111111111111,0.13194444444444445,0.16527777777777777,0.21388888888888888,0.22777777777777777
116,720,0.34948638962384576,-0.1930273490729592,-0.1755405743702141,441,3.545412537088548e-05,0.008491667918860912,83457,1.2808560132980347,0.18333333333333332,0.16527777777777777,0.18888888888888888,0.2569444444444444,0.20555555555555555
117,720,0.34630606347826876,-0.06775544510501418,-0.06551102051080282,505,3.5751564769902364e-05,0.007403126452118158,84177,1.2884330948193867,0.2013888888888889,0.17777777777777778,0.2125,0.20416666666666666,0.20416666666666666
118,720,0.3431546783006165,-0.08372300639987587,-0.08031403205603693,469,3.4618665110504784e-05,0.007670168299227953,84897,1.2983381350835164,0.27361111111111114,0.12777777777777777,0.11527777777777778,0.24166666666666667,0.24166666666666667
119,720,0.3400319707280809,-0.19622043992666752,-0.17816894966768015,414,3.6093335376739965e-05,0.008463101461529732,85617,1.3076082150141397,0.2263888888888889,0.20416666666666666,0.21805555555555556,0.20833333333333334,0.14305555555555555
120,720,0.3369376797944554,0.05768273671246471,0.059378840374590736,394,3.411602427831895e-05,0.007724111899733543,86337,1.3166236321131388,0.23055555555555557,0.13472222222222222,0.19305555555555556,0.22361111111111112,0.21805555555555556
121,720,0.3338715469083258,-0.13107596842432054,-0.12284886392982541,396,3.547836883133944e-05,0.008261219598352909,87057,1.332171348730723,0.30972222222222223,0.16805555555555557,0.15138888888888888,0.1125,0.25833333333333336
122,720,0.3308333158314601,-0.13778983646244317,-0.1287182158325838,420,3.3710351020014664e-05,0.007872378453612328,87777,1.3405155976613363,0.17916666666666667,0.25416666666666665,0.2611111111111111,0.2125,0.09305555555555556
123,720,0.3278227326573938,0.046858440715901825,0.047973648179581385,398,3.2299472547315924e-05,0.008114516735076904,88497,1.348938230673472,0.15,0.18472222222222223,0.23055555555555557,0.24305555555555555,0.19166666666666668
124,720,0.3248395457902115,-0.17081530405008238,-0.15702274642095781,404,3.224509782550437e-05,0.007725302595645189,89217,1.3578513503074645,0.25,0.15833333333333333,0.12222222222222222,0.16944444444444445,0.3
125,720,0.3218835059235206,0.05556125531665307,0.05713377015300325,399,3.2577556674419204e-05,0.007906573824584484,89937,1.3664020975430806,0.1736111111111111,0.18472222222222223,0.12638888888888888,0.225,0.2902777777777778
126,720,0.3189543660196166,-0.02033994428334077,-0.02013448299827736,450,3.2374180462587296e-05,0.0071398233994841576,90657,1.3757784962654114,0.1625,0.12083333333333333,0.11666666666666667,0.275,0.325
127,720,0.31605188128883804,-0.08483425578779015,-0.08133546488657184,394,3.379372802025197e-05,0.008660872466862202,91377,1.384514300028483,0.16111111111111112,0.15,0.2708333333333333,0.18055555555555555,0.2375
128,720,0.31317580916910964,-0.14515846229879825,-0.13511476945042478,434,3.124152189760328e-05,0.008179519325494766,92097,1.3948646306991577,0.16944444444444445,0.13055555555555556,0.2388888888888889,0.2625,0.1986111111111111
129,720,0.3103259093056707,-0.10657406873355706,-0.10109153531617654,372,3.360340195715455e-05,0.007635961752384901,92817,1.4048279484113058,0.11944444444444445,0.09861111111111111,0.13472222222222222,0.25833333333333336,0.3888888888888889
130,720,0.30750194353098914,0.027298579811997938,0.027674599848319437,390,3.363720423471427e-05,0.006875321269035339,93537,1.413957150777181,0.2625,0.14305555555555555,0.16111111111111112,0.2,0.23333333333333334
131,720,0.30470367584485714,0.03647310974547691,0.03714641451171019,422,3.284262140065645e-05,0.007125217467546463,94257,1.4308280309041341,0.24861111111111112,0.16805555555555557,0.2111111111111111,0.1875,0.18472222222222223
132,720,0.3019308723946689,-0.01709468024606847,-0.016949395244589383,432,3.2695999277621016e-05,0.006564645562320948,94977,1.4386772990226746,0.16805555555555557,0.1763888888888889,0.19444444444444445,0.2611111111111111,0.2
133,720,0.29918330145587746,0.0379942673692806,0.03872527823298921,401,3.3174239279610955e-05,0.007214803248643875,95697,1.4476065158843994,0.24722222222222223,0.14583333333333334,0.1875,0.22916666666666666,0.19027777777777777
134,720,0.29646073341262896,-0.045491357024130576,-0.04447213885948853,401,3.2963225620126954e-05,0.007016372866928577,96417,1.456328264872233,0.3111111111111111,0.16805555555555557,0.18611111111111112,0.15694444444444444,0.17777777777777778
135,720,0.29376294073857406,0.1129355883720688,0.11955981795564785,380,3.1989037504824104e-05,0.006534384563565254,97137,1.4654361287752786,0.19583333333333333,0.17916666666666667,0.19583333333333333,0.1763888888888889,0.25277777777777777
136,720,0.29108969797785306,-0.06731830421206669,-0.06510242786408682,378,3.050641292803549e-05,0.005340150091797113,97857,1.4745327313741048,0.13333333333333333,0.16111111111111112,0.28194444444444444,0.25555555555555554,0.16805555555555557
137,720,0.2884407817262546,-0.023793732280570135,-0.02351289324509287,367,3.087849826847054e-05,0.005947592668235302,98577,1.482623032728831,0.19027777777777777,0.24583333333333332,0.2611111111111111,0.1763888888888889,0.12638888888888888
138,720,0.28581597061254566,0.008434918977918798,0.008470593139343618,325,3.1895882247883695e-05,0.006440388970077038,99297,1.491835614045461,0.20555555555555555,0.14444444444444443,0.09444444444444444,0.15694444444444444,0.39861111111111114
139,720,0.2832150452799715,-0.1993438411468899,-0.1807318532015295,404,3.068441851168144e-05,0.0070256637409329414,100017,1.49973673025767,0.18611111111111112,0.1111111111111111,0.15,0.2152777777777778,0.3375
140,720,0.28063778836792375,-0.21885965301746957,-0.1965655301552358,328,3.083767095151618e-05,0.006904842332005501,100737,1.508839213848114,0.38472222222222224,0.2152777777777778,0.12222222222222222,0.14444444444444443,0.13333333333333333
141,720,0.27808398449377564,-0.1485024664916065,-0.1380021189426628,355,2.96918785946016e-05,0.006058516912162304,101457,1.525320533911387,0.3347222222222222,0.26944444444444443,0.13333333333333333,0.1111111111111111,0.15138888888888888
142,720,0.2755534202348823,-0.3514955566386416,-0.29636502354048233,348,3.12835371384305e-05,0.005805456545203924,102177,1.5366112470626831,0.15416666666666667,0.19027777777777777,0.19027777777777777,0.19027777777777777,0.275
143,720,0.2730458841107448,-0.18662052365148785,-0.1702414496057596,379,3.088913713390361e-05,0.005303488112986088,102897,1.5460857311884562,0.16805555555555557,0.24166666666666667,0.16805555555555557,0.18472222222222223,0.2375
144,720,0.270561166565337,0.099039051480246,0.10410941582403943,375,3.214781625489296e-05,0.006142039783298969,103617,1.5550166845321656,0.2708333333333333,0.16527777777777777,0.15555555555555556,0.1986111111111111,0.20972222222222223
145,720,0.26809905994959243,-0.1358146892982613,-0.12699560544288913,385,3.2397506151937706e-05,0.005324533209204674,104337,1.5634939630826314,0.14305555555555555,0.2569444444444444,0.2125,0.2708333333333333,0.11666666666666667
146,720,0.26565935850405115,-0.20726349024505003,-0.18719454453891238,382,3.127669519926712e-05,0.005101100541651249,105057,1.572135583559672,0.13194444444444445,0.2,0.25972222222222224,0.21388888888888888,0.19444444444444445
147,720,0.2632418583416643,-0.03341241644463596,-0.0328603869520524,368,3.20843861396093e-05,0.005643004085868597,105777,1.5811673800150554,0.33611111111111114,0.2513888888888889,0.15694444444444444,0.14166666666666666,0.11388888888888889
148,720,0.2608463574307552,-0.19983005674657867,-0.1811300973307307,295,3.117621664867127e-05,0.005597940646111965,106497,1.5891541322072347,0.11944444444444445,0.19722222222222222,0.1875,0.2763888888888889,0.21944444444444444
149,720,0.2584726555781353,-0.09368457261622294,-0.08943006436024659,356,3.092028993971022e-05,0.006266739219427109,107217,1.5984999974568685,0.12083333333333333,0.10277777777777777,0.25555555555555554,0.25,0.2708333333333333
150,720,0.2561205544123743,0.19389903027165087,0.21397370217293354,340,3.0393525039092615e-05,0.005479657556861639,107937,1.6075024485588074,0.19166666666666668,0.15416666666666667,0.2125,0.21388888888888888,0.22777777777777777
151,720,0.2537898573672217,-0.4114915903526749,-0.3373389062828559,398,3.147677586841585e-05,0.005260872654616833,108657,1.6263436635335287,0.1361111111111111,0.13333333333333333,0.1763888888888889,0.16527777777777777,0.3888888888888889
152,720,0.25148036966518,0.14286003701585348,0.1535683335001199,348,3.1794332361161854e-05,0.005034178029745817,109377,1.6360741178194682,0.25972222222222224,0.1,0.16111111111111112,0.2222222222222222,0.2569444444444444
153,720,0.24919189830122687,-0.03922432560175158,-0.03846501196341001,323,3.170271088619201e-05,0.004735189024358988,110097,1.6443615317344666,0.1986111111111111,0.13194444444444445,0.14166666666666666,0.2388888888888889,0.28888888888888886
154,720,0.24692425202668572,-0.02287183994038206,-0.022612262182429066,390,3.231710464193485e-05,0.005433307960629463,110817,1.653404215971629,0.20694444444444443,0.1597222222222222,0.18611111111111112,0.2222222222222222,0.225
155,720,0.24467724133324287,-0.1873548073801003,-0.17085050417119596,337,3.179399026357209e-05,0.0057184817269444466,111537,1.6624748786290486,0.19722222222222222,0.13194444444444445,0.1486111111111111,0.2222222222222222,0.3
156,720,0.24245067843711035,-0.3150732773630598,-0.27026460077596004,309,3.222220070079452e-05,0.004762024153023958,112257,1.6716786305109659,0.12083333333333333,0.1597222222222222,0.25833333333333336,0.23194444444444445,0.22916666666666666
157,720,0.24024437726333264,-0.06166416146693273,-0.05980141130949046,298,3.1001246878127455e-05,0.004892976488918066,112977,1.680632229646047,0.2791666666666667,0.23055555555555557,0.14166666666666666,0.2222222222222222,0.12638888888888888
158,720,0.2380581534302363,0.27116261952893556,0.3114883266581845,361,3.2891768288184015e-05,0.004624854773283005,113697,1.6900207996368408,0.2111111111111111,0.22361111111111112,0.18472222222222223,0.17777777777777778,0.20277777777777778
159,720,0.23589182423402116,-0.009783881471328148,-0.009736175014549153,361,3.153315210258572e-05,0.0038160549011081457,114417,1.6986316800117494,0.2375,0.2625,0.225,0.12777777777777777,0.14722222222222223
160,720,0.23374520863349157,0.026171025939100204,0.026516494409017488,353,3.074313405085781e-05,0.005351150408387184,115137,1.7081212321917216,0.21388888888888888,0.10277777777777777,0.1875,0.20416666666666666,0.2916666666666667
161,720,0.2316181272349268,0.2474128105581933,0.2807076933267145,331,3.201378351731263e-05,0.005360529292374849,115857,1.7255295991897583,0.1388888888888889,0.1388888888888889,0.17777777777777778,0.2638888888888889,0.28055555555555556
162,720,0.22951040227708897,0.035999785651865096,0.036655624285699684,341,3.194233750542076e-05,0.006145781837403774,116577,1.73447136481603,0.15833333333333333,0.12222222222222222,0.20277777777777778,0.3236111111111111,0.19305555555555556
163,720,0.22742185761636746,-0.1747395513421737,-0.16032431530230096,360,3.261676091470791e-05,0.007418959867209196,117297,1.7457741498947144,0.18333333333333332,0.16666666666666666,0.2763888888888889,0.16805555555555557,0.20555555555555555
164,720,0.22535231871205852,0.05090773826885101,0.05222580863000803,276,3.082232696872072e-05,0.0063750105910003185,118017,1.7542882124582926,0.15,0.15694444444444444,0.18194444444444444,0.2902777777777778,0.22083333333333333
165,720,0.22330161261177878,0.2723356680731497,0.31302766881554667,282,3.351859928923457e-05,0.0068299369886517525,118737,1.761976130803426,0.11944444444444445,0.14166666666666666,0.25416666666666665,0.23472222222222222,0.25
166,720,0.22126956793701158,-0.10371401730904324,-0.09851693088571611,330,3.110677892613644e-05,0.007657832466065884,119457,1.7721247831980387,0.11805555555555555,0.1527777777777778,0.2861111111111111,0.2875,0.15555555555555556
167,720,0.21925601486878477,-0.016545429498891207,-0.016409305656687745,363,3.1007398198804974e-05,0.00634375773370266,120177,1.7811318318049112,0.18611111111111112,0.2013888888888889,0.21666666666666667,0.1597222222222222,0.2361111111111111
168,720,0.21726078513347882,0.03418456246110146,0.034775569831122954,358,3.134027852524923e-05,0.006138957105576992,120897,1.7894964297612508,0.08888888888888889,0.1486111111111111,0.30972222222222223,0.22916666666666666,0.22361111111111112
169,720,0.21528371198876417,-0.04881573215972723,-0.0476433977747025,313,3.302450606952334e-05,0.0054210275411605835,121617,1.7985199133555094,0.05416666666666667,0.1388888888888889,0.24166666666666667,0.3263888888888889,0.2388888888888889
170,720,0.2133246302096664,-0.02471634827679345,-0.024413400394859175,273,3.01204770822652e-05,0.0055865016765892506,122337,1.8084695617357889,0.35694444444444445,0.12083333333333333,0.20833333333333334,0.18194444444444444,0.13194444444444445
171,720,0.21138337607475843,-0.17585859599844952,-0.16126342433979413,268,3.101789534096295e-05,0.004886589013040066,123057,1.8288604497909546,0.0763888888888889,0.125,0.2875,0.20972222222222223,0.3013888888888889
172,720,0.20945978735247814,0.011019758479403105,0.011080699664537619,310,3.0384844400386e-05,0.00511291716247797,123777,1.8381357153256734,0.18472222222222223,0.12222222222222222,0.19166666666666668,0.19722222222222222,0.30416666666666664
173,720,0.20755370328757058,-0.22577875225447733,-0.20210538547695278,307,3.0110153082634698e-05,0.005004493519663811,124497,1.8470366795857747,0.13055555555555556,0.1375,0.2152777777777778,0.2222222222222222,0.29444444444444445
174,720,0.20566496458765368,-0.09540478201862487,-0.09099508885422747,315,3.0413064263888778e-05,0.005379462614655495,125217,1.8562270283699036,0.2222222222222222,0.11388888888888889,0.22083333333333333,0.17777777777777778,0.2652777777777778
175,720,0.20379341340990603,0.11607296385274479,0.12307781322803546,266,3.144858509295369e-05,0.005380856338888407,125937,1.866289981206258,0.09861111111111111,0.16944444444444445,0.24166666666666667,0.11805555555555555,0.37222222222222223
176,720,0.20193889334787588,-0.014385548850215847,-0.014282571230276764,298,3.100699201657638e-05,0.005257925949990749,126657,1.875762414932251,0.225,0.15138888888888888,0.25833333333333336,0.12777777777777777,0.2375
177,720,0.2001012494184102,0.24029577021275572,0.2716252035629929,296,3.034863084710398e-05,0.005775919649749994,127377,1.8847159624099732,0.10972222222222222,0.08333333333333333,0.20833333333333334,0.175,0.4236111111111111
178,720,0.19828032804870266,0.04261998577783323,0.04354125897192063,308,3.231043783039745e-05,0.0045403591357171535,128097,1.8934582988421123,0.09305555555555556,0.15694444444444444,0.17083333333333334,0.20555555555555555,0.3736111111111111
179,720,0.19647597706345946,0.03158453032731365,0.032088614696836215,355,3.244116189509643e-05,0.00434150081127882,128817,1.9027757128079732,0.2263888888888889,0.2263888888888889,0.1736111111111111,0.19305555555555556,0.18055555555555555
180,720,0.19468804567218198,0.029186539320119807,0.029616640550614415,327,3.197346803997587e-05,0.004502769093960524,129537,1.9121593832969666,0.12083333333333333,0.07916666666666666,0.16944444444444445,0.23194444444444445,0.39861111111111114
181,720,0.19291638445656512,0.24499515384378764,0.27761512166742763,281,3.159164751562255e-05,0.004710040986537933,130257,1.9286652644475302,0.06111111111111111,0.2,0.15555555555555556,0.3402777777777778,0.24305555555555555
182,720,0.19116084535801037,0.1341041364356356,0.1435118946973366,283,3.242583664157589e-05,0.005901172757148743,130977,1.9370638291041056,0.12083333333333333,0.1111111111111111,0.21388888888888888,0.24305555555555555,0.3111111111111111
183,720,0.18942128166525246,0.23399463242325108,0.2636377095171847,314,3.289827410336936e-05,0.005606034304946661,131697,1.948257048924764,0.10972222222222222,0.09583333333333334,0.1388888888888889,0.30277777777777776,0.3527777777777778
184,720,0.18769754800209867,-0.17462798960910964,-0.16023063440220242,257,3.3273571907936154e-05,0.0055423760786652565,132417,1.956595245997111,0.3402777777777778,0.15,0.1388888888888889,0.2625,0.10833333333333334
185,720,0.18598950031527958,0.06309544656491999,0.06512849723603442,270,3.4201242845534175e-05,0.005699183326214552,133137,1.9664390484491985,0.2513888888888889,0.1125,0.10277777777777777,0.2722222222222222,0.2611111111111111
186,720,0.18429699586241055,0.13367450849231455,0.1430207155535499,254,3.3129089491821005e-05,0.006064862012863159,133857,1.9764442960421245,0.12083333333333333,0.09305555555555556,0.11805555555555555,0.225,0.44305555555555554
187,720,0.1826198932000626,-0.3246322942720088,-0.27720692005981595,275,3.376699584186503e-05,0.004497396759688854,134577,1.98628089427948,0.24027777777777778,0.1597222222222222,0.13055555555555556,0.1986111111111111,0.2708333333333333
188,720,0.18095805217194205,0.01796063289304877,0.018122895047955057,279,3.484772955617801e-05,0.004505620338022709,135297,1.9955876310666403,0.1638888888888889,0.18194444444444444,0.14166666666666666,0.19444444444444445,0.31805555555555554
189,720,0.17931133389717738,-0.07435788466451994,-0.07166060405060681,252,3.45923890323421e-05,0.0038367444649338722,136017,2.0047465125719706,0.08611111111111111,0.11666666666666667,0.24583333333333332,0.2152777777777778,0.33611111111111114
190,720,0.17767960075871306,0.11581643116373155,0.1227897440078014,275,3.3409933185642636e-05,0.0044060368090868,136737,2.0133557001749676,0.11388888888888889,0.10972222222222222,0.16944444444444445,0.23472222222222222,0.37222222222222223
191,720,0.17606271639180876,-0.07994588261052905,-0.07683369561473596,262,3.583640617282274e-05,0.004631727933883667,137457,2.0317985971768695,0.05694444444444444,0.10138888888888889,0.10555555555555556,0.28055555555555556,0.45555555555555555
192,720,0.1744605456726433,0.04112529532636361,0.04198265292338288,334,3.5873976039763674e-05,0.005248965695500374,138177,2.0410833835601805,0.13194444444444445,0.1638888888888889,0.175,0.1597222222222222,0.36944444444444446
193,720,0.17287295470702224,0.05073693760842579,0.05204610311432756,232,3.511748369141464e-05,0.0056766425259411335,138897,2.0490301330884297,0.16944444444444445,0.06666666666666667,0.1361111111111111,0.31527777777777777,0.3125
194,720,0.17129981081918835,0.019168341928066483,0.019353234063293367,257,3.5199175245755515e-05,0.004668347537517548,139617,2.0589175820350647,0.1625,0.2361111111111111,0.12222222222222222,0.18333333333333332,0.29583333333333334
195,720,0.16974098254073375,-0.03985270108063005,-0.03906902717792715,297,3.615178413080381e-05,0.004033167380839586,140337,2.068377363681793,0.2013888888888889,0.1361111111111111,0.16527777777777777,0.2763888888888889,0.22083333333333333
196,720,0.16819633959961308,0.13471736713878482,0.14421334635444327,226,3.58448117443307e-05,0.005319687072187662,141057,2.077812830607096,0.05138888888888889,0.13194444444444445,0.0763888888888889,0.43333333333333335,0.30694444444444446
197,720,0.16666575290925661,0.0708699435034689,0.0734416087346339,251,3.496027231272415e-05,0.005733944941312075,141777,2.0877633333206176,0.18055555555555555,0.2152777777777778,0.15,0.10833333333333334,0.3458333333333333
198,720,0.16514909455778237,0.043245115188014646,0.04419381124720312,240,3.5568554161752926e-05,0.005560222081840038,142497,2.0974060813585917,0.24305555555555555,0.10694444444444444,0.19722222222222222,0.16944444444444445,0.2833333333333333
199,720,0.16364623779730655,0.015677349811585157,0.015800884179704378,307,3.4822237403078464e-05,0.005532499402761459,143217,2.1075963656107586,0.06527777777777778,0.22083333333333333,0.3125,0.125,0.2763888888888889
200,720,0.16215705703335107,-0.18801025057665646,-0.1713937865023607,249,3.5954522127844434e-05,0.005128015764057636,143937,2.115943165620168,0.06388888888888888,0.09722222222222222,0.19583333333333333,0.22916666666666666,0.41388888888888886
201,720,0.16068142781434758,0.06030877443929277,0.06216446515347829,255,3.481822901739583e-05,0.004868384450674057,144657,2.132650931676229,0.13472222222222222,0.17777777777777778,0.16527777777777777,0.22777777777777777,0.29444444444444445
202,720,0.15921922682123701,-0.036359844333623687,-0.03570676441331644,251,3.4802990513880006e-05,0.005006828345358372,145377,2.141246831417084,0.2222222222222222,0.07361111111111111,0.11666666666666667,0.1736111111111111,0.41388888888888886
203,720,0.15777033185716377,-0.017986009916467413,-0.01782522703069811,272,3.483526154721201e-05,0.005437328480184078,146097,2.150397864977519,0.08888888888888889,0.09861111111111111,0.1527777777777778,0.2916666666666667,0.3680555555555556
204,720,0.15633462183726357,-0.2309586475650335,-0.20622771022644137,192,3.473850709825557e-05,0.005494722165167332,146817,2.1590977787971495,0.34305555555555556,0.09305555555555556,0.07222222222222222,0.20833333333333334,0.2833333333333333
205,720,0.15491197677854449,0.09961959508911507,0.10475058558438244,264,3.6062581532152966e-05,0.005096375942230225,147537,2.167683263619741,0.1388888888888889,0.08888888888888889,0.18888888888888888,0.18333333333333332,0.4
206,720,0.15350227778985973,0.2155638843155723,0.24056123279695663,253,3.477958206303811e-05,0.005053112283349037,148257,2.1760316610336305,0.12361111111111112,0.16527777777777777,0.28055555555555556,0.17916666666666667,0.2513888888888889
207,720,0.152105407061972,-0.49345641420827524,-0.3894874411391198,210,3.6437884303571386e-05,0.005442160647362471,148977,2.1848157842954,0.2125,0.12083333333333333,0.09166666666666666,0.16805555555555557,0.40694444444444444
208,720,0.15072124785770807,-0.05726233731007333,-0.05565370039969797,240,3.7870272989140274e-05,0.004924108739942312,149697,2.194221528371175,0.2569444444444444,0.17222222222222222,0.18055555555555555,0.17777777777777778,0.2125
209,720,0.14934968450220293,0.16668706041878056,0.18138450548273277,250,3.664913461610316e-05,0.005467964801937342,150417,2.2035942316055297,0.1125,0.11527777777777778,0.23333333333333334,0.1111111111111111,0.42777777777777776
210,720,0.1479906023732329,-0.09846335822385253,-0.09377110215766915,267,3.705889996328753e-05,0.004882625304162502,151137,2.2126991828282674,0.18333333333333332,0.125,0.2861111111111111,0.13333333333333333,0.2722222222222222
211,720,0.14664388789163646,-0.09637140504315977,-0.09187332939860737,232,3.760005490676122e-05,0.004796827211976051,151857,2.2292298952738445,0.5208333333333334,0.10277777777777777,0.06944444444444445,0.17222222222222222,0.13472222222222222
212,720,0.14530942851182257,-0.12354230065259,-0.11621574419740133,253,3.621046299018518e-05,0.004831104073673487,152577,2.238278611501058,0.15694444444444444,0.19305555555555556,0.14166666666666666,0.20694444444444443,0.3013888888888889
213,720,0.143987112712365,0.2566519748246175,0.2925951928010515,230,3.6466386080115224e-05,0.00439433753490448,153297,2.24695231517156,0.05277777777777778,0.075,0.10138888888888889,0.28888888888888886,0.48194444444444445
214,720,0.1426768299866825,0.07515294194035814,0.07804901718531299,207,3.7817240946146235e-05,0.004748025443404913,154017,2.256393297513326,0.18888888888888888,0.23055555555555557,0.11527777777777778,0.18194444444444444,0.2833333333333333
215,720,0.14137847083380367,0.13550787748298926,0.14511821644817724,283,3.7585124002564246e-05,0.005158859305083752,154737,2.265452678998311,0.06944444444444445,0.21666666666666667,0.1875,0.15833333333333333,0.3680555555555556
216,720,0.14009192674921606,-0.19131441915494332,-0.17412712292783372,294,3.6640539265893796e-05,0.0051720323972404,155457,2.2741162339846293,0.12638888888888888,0.14027777777777778,0.19027777777777777,0.10277777777777777,0.44027777777777777
217,720,0.1388170902157982,-0.15102533612869057,-0.1401740862767673,304,3.636493828227887e-05,0.005268265958875418,156177,2.2837169329325357,0.10138888888888889,0.14027777777777778,0.12361111111111112,0.17222222222222222,0.4625
218,720,0.13755385469483442,-0.0553694743630708,-0.05386448944870703,221,3.78399153469723e-05,0.00497662415727973,156897,2.2920275966326398,0.15138888888888888,0.075,0.17083333333333334,0.2111111111111111,0.39166666666666666
219,720,0.13630211461711142,0.11273507449239402,0.11933535317792532,252,3.893928970910565e-05,0.004890353884547949,157617,2.3007251501083372,0.041666666666666664,0.12777777777777777,0.1763888888888889,0.18333333333333332,0.4708333333333333
220,720,0.1350617653740957,0.14041917800577644,0.15075606940587138,249,3.8942236766261986e-05,0.004545420408248901,158337,2.3097796996434528,0.25555555555555554,0.14444444444444443,0.21944444444444444,0.11388888888888889,0.26666666666666666
221,720,0.13383270330919142,0.19657271570311097,0.21722382894675807,201,3.808399389855468e-05,0.0035671971272677183,159057,2.327138614654541,0.16111111111111112,0.09861111111111111,0.05,0.19722222222222222,0.4930555555555556
222,720,0.1326148257090778,-0.15915154307017518,-0.14713289692378873,203,3.947166335870457e-05,0.004684215411543846,159777,2.3365198453267415,0.15555555555555556,0.13472222222222222,0.13472222222222222,0.12638888888888888,0.4486111111111111
223,720,0.13140803079512517,-0.0810507441083067,-0.07785310326466088,207,3.8479078984386836e-05,0.004868929274380207,160497,2.3465954820315043,0.20972222222222223,0.1638888888888889,0.075,0.19583333333333333,0.35555555555555557
224,720,0.13021221771488953,-0.43361617987392326,-0.35183901502042303,215,3.934539431737802e-05,0.004459580406546593,161217,2.3560791969299317,0.18472222222222223,0.1,0.06527777777777778,0.2638888888888889,0.3861111111111111
225,720,0.12902728653368403,-0.07440059040014055,-0.07170024862088553,237,3.977385528817952e-05,0.004756352864205837,161937,2.366242547829946,0.1763888888888889,0.15416666666666667,0.17777777777777778,0.13194444444444445,0.3597222222222222
226,720,0.12785313822622751,0.19828255859672878,0.2193068707902761,262,3.912570586648043e-05,0.00417711865156889,162657,2.374882964293162,0.19166666666666668,0.1638888888888889,0.13055555555555556,0.19027777777777777,0.3236111111111111
227,720,0.12668967466836883,-0.028937886812372773,-0.028523195886348995,216,4.053599659528118e-05,0.004790154285728931,163377,2.384135099252065,0.058333333333333334,0.10138888888888889,0.11805555555555555,0.2638888888888889,0.4583333333333333
228,720,0.12553679862888667,-0.32739552211439,-0.2792014051451662,240,4.0699600285481415e-05,0.0050263116136193275,164097,2.3933464646339417,0.08888888888888889,0.09305555555555556,0.23194444444444445,0.21944444444444444,0.36666666666666664
229,720,0.1243944137613638,-0.06522399992201354,-0.06314241615393823,187,4.031789426461627e-05,0.0050408318638801575,164817,2.4035170475641885,0.06111111111111111,0.06388888888888888,0.13055555555555556,0.21666666666666667,0.5277777777777778
230,720,0.12326242459613539,-0.1243049427042138,-0.11688949828618167,224,4.1066501258531694e-05,0.00502361822873354,165537,2.4133757829666136,0.11388888888888889,0.1527777777777778,0.15416666666666667,0.23333333333333334,0.3458333333333333
231,720,0.12214073653231056,-0.014270400183503968,-0.014169060647426734,218,3.9797680612865504e-05,0.0051703304052352905,166257,2.4323879996935527,0.6,0.05277777777777778,0.11666666666666667,0.09166666666666666,0.1388888888888889
232,720,0.12102925582986652,-0.35423835861787045,-0.29829231065487216,174,4.04766220754027e-05,0.005505847744643688,166977,2.44139963388443,0.16666666666666666,0.15416666666666667,0.08611111111111111,0.13333333333333333,0.4597222222222222
233,720,0.11992788960181475,0.30126372132591933,0.35156573124887736,221,4.1410134794104025e-05,0.004334649536758661,167697,2.452079633871714,0.175,0.04027777777777778,0.07222222222222222,0.23333333333333334,0.4791666666666667
234,720,0.11883654580643824,-0.12021608568453238,-0.11327119338752933,201,3.933266033868676e-05,0.003859051503241062,168417,2.461460530757904,0.1,0.0625,0.06805555555555555,0.31666666666666665,0.4527777777777778
235,720,0.11775513323959964,-0.2765306350178093,-0.24158961513986388,188,4.3100644059753295e-05,0.005072807427495718,169137,2.4705674330393474,0.3527777777777778,0.12361111111111112,0.0763888888888889,0.25416666666666665,0.19305555555555556
236,720,0.11668356152711928,0.13546052896502012,0.14506399808131687,184,4.307714263455232e-05,0.00381264160387218,169857,2.480708563327789,0.41388888888888886,0.08888888888888889,0.075,0.15416666666666667,0.26805555555555555
237,720,0.1156217411172225,-0.23364849882951694,-0.20835997060653044,184,4.361639396203524e-05,0.003957703709602356,170577,2.4897178173065186,0.21388888888888888,0.10138888888888889,0.22777777777777777,0.24166666666666667,0.2152777777777778
238,720,0.11456958327305578,0.12411520168283285,0.13214628864452882,214,4.256932061821317e-05,0.004393491894006729,171297,2.4989064653714497,0.275,0.10138888888888889,0.15555555555555556,0.09583333333333334,0.37222222222222223
239,720,0.11352700006527097,0.016137566182827297,0.016268479965887872,257,4.179587783583985e-05,0.0038256170228123665,172017,2.508556600411733,0.1638888888888889,0.30972222222222223,0.1763888888888889,0.16527777777777777,0.18472222222222223
240,720,0.112493904364677,-0.40600556014261135,-0.33369353734437013,208,4.3899422261498934e-05,0.004415309056639671,172737,2.5180771152178445,0.17916666666666667,0.16805555555555557,0.1111111111111111,0.21666666666666667,0.325
241,720,0.11147020983495844,0.1849809357221423,0.20319550185568303,270,4.446668213960139e-05,0.004444672726094723,173457,2.535639230410258,0.1763888888888889,0.17222222222222222,0.125,0.1375,0.3888888888888889
242,720,0.11045583092546031,-0.24116543799770992,-0.21428837092329744,183,4.447665703411177e-05,0.004126373212784529,174177,2.544704882303874,0.1527777777777778,0.14722222222222223,0.1388888888888889,0.18333333333333332,0.37777777777777777
243,720,0.10945068286403863,0.2096559494705514,0.23325368537438318,186,4.3718623727626335e-05,0.0041618067771196365,174897,2.553650180498759,0.13333333333333333,0.10833333333333334,0.1388888888888889,0.2125,0.40694444444444444
244,720,0.10845468164997588,0.03614980620038589,0.03681115559723547,199,4.455492396573391e-05,0.004028019029647112,175617,2.562487530708313,0.07916666666666666,0.175,0.13333333333333333,0.26666666666666666,0.3458333333333333
245,720,0.10746774404696109,-0.17372230426393698,-0.15946972307334717,211,4.392061567083753e-05,0.004329522140324116,176337,2.5712810158729553,0.13472222222222222,0.03888888888888889,0.1597222222222222,0.2263888888888889,0.44027777777777777
246,720,0.10648978757613374,0.3997725142120203,0.4914853673222761,167,4.2964622814957286e-05,0.004018247127532959,177057,2.5801249146461487,0.5569444444444445,0.058333333333333334,0.08611111111111111,0.1111111111111111,0.1875
247,720,0.10552073050919092,0.005108933643879809,0.005122006498668563,252,4.253066956481335e-05,0.0037138033658266068,177777,2.589216911792755,0.35694444444444445,0.10416666666666667,0.11527777777777778,0.11527777777777778,0.30833333333333335
248,720,0.10456049186155728,0.2302945537896385,0.2589707899366904,209,4.412694484017266e-05,0.004496199078857899,178497,2.5979183673858643,0.4027777777777778,0.07916666666666666,0.07916666666666666,0.08194444444444444,0.35694444444444445
249,720,0.1036089913856171,0.06327785541989475,0.06532280382670064,185,4.252655262335894e-05,0.0043937829323112965,179217,2.607230246067047,0.3388888888888889,0.05694444444444444,0.15833333333333333,0.1736111111111111,0.2722222222222222
250,720,0.10266614956400799,0.19794199367707757,0.21889168834609896,213,4.289647570961582e-05,0.0035843560472130775,179937,2.616777181625366,0.23194444444444445,0.09305555555555556,0.12916666666666668,0.20555555555555555,0.3402777777777778
251,720,0.10173188760297552,-0.19979917526665963,-0.18110480902580828,223,4.367216862546128e-05,0.003133126301690936,180657,2.632594048976898,0.14444444444444443,0.09583333333333334,0.09722222222222222,0.30833333333333335,0.3541666666666667
252,720,0.10080612742578844,-0.04750193966144735,-0.0463913765470505,184,4.454609322313748e-05,0.003801167942583561,181377,2.6405587156613666,0.2652777777777778,0.09444444444444444,0.17083333333333334,0.15138888888888888,0.31805555555555554
253,720,0.09988879166621377,-0.13572555528111988,-0.1269177875861628,267,4.4791295699219015e-05,0.0036952185910195112,182097,2.6495869477589924,0.16111111111111112,0.20416666666666666,0.125,0.19166666666666668,0.31805555555555554
254,720,0.09897980366205122,-0.004688746173762684,-0.004677771163135391,229,4.451929334613346e-05,0.0033026598393917084,182817,2.660487965742747,0.16944444444444445,0.16944444444444445,0.17083333333333334,0.15138888888888888,0.3388888888888889
255,720,0.09807908744872657,-0.13813800953745653,-0.12902151988636112,172,4.525547095681759e-05,0.0030638673342764378,183537,2.670265233516693,0.1597222222222222,0.1388888888888889,0.14444444444444443,0.15694444444444444,0.4
256,720,0.09718656775294315,0.021443544873711404,0.021675109911863943,214,4.416928584431743e-05,0.0027445266023278236,184257,2.6798622965812684,0.23472222222222222,0.10833333333333334,0.12777777777777777,0.23472222222222222,0.29444444444444445
257,720,0.09630216998639138,0.041867070007051185,0.04275585600882148,252,4.3732988299578006e-05,0.002596537582576275,184977,2.689407932758331,0.2902777777777778,0.20277777777777778,0.13472222222222222,0.14583333333333334,0.2263888888888889
258,720,0.09542582023951522,0.11101766454398752,0.11741464530027823,193,4.494046636030665e-05,0.0025554466992616653,185697,2.699129064877828,0.4222222222222222,0.05694444444444444,0.05277777777777778,0.25833333333333336,0.20972222222222223
259,720,0.09455744527533563,0.03596849688499541,0.03662318911697948,241,4.250745397484934e-05,0.002607121365144849,186417,2.7078235467274983,0.11805555555555555,0.06388888888888888,0.1638888888888889,0.38472222222222224,0.26944444444444443
260,720,0.09369697252333008,-0.08965144074930506,-0.08575020003482225,237,4.263545221950456e-05,0.004295567516237497,187137,2.7167105317115783,0.26666666666666666,0.058333333333333334,0.14027777777777778,0.28888888888888886,0.24583333333333332
261,720,0.09284433007336777,0.03328934715917958,0.033849637423220225,214,4.2051330379106526e-05,0.003669983008876443,187857,2.7347842971483867,0.1625,0.09305555555555556,0.25277777777777777,0.22361111111111112,0.26805555555555555
262,720,0.09199944666970013,0.26567785456136606,0.3043148119330701,207,4.2766649350293544e-05,0.0038833057042211294,188577,2.7436188499132794,0.30416666666666664,0.06944444444444445,0.14583333333333334,0.1638888888888889,0.31666666666666665
263,720,0.09116225170500586,0.053027741446936755,0.054458896929147516,202,4.335390666483363e-05,0.0042871953919529915,189297,2.7529033144315083,0.18888888888888888,0.1,0.1,0.20555555555555555,0.40555555555555556
264,720,0.0903326752144903,0.09891026468426915,0.10396723026597399,214,4.494280418738425e-05,0.0043185921385884285,190017,2.7621455987294516,0.2263888888888889,0.09861111111111111,0.12777777777777777,0.13333333333333333,0.41388888888888886
265,720,0.08951064787003844,0.05501764965252511,0.056559262414785705,229,4.3834270400111564e-05,0.0038952575996518135,190737,2.771213781833649,0.1986111111111111,0.09166666666666666,0.1986111111111111,0.21666666666666667,0.29444444444444445
266,720,0.0886961009744211,-0.28342662744980757,-0.24680161580107096,179,4.5547228982438055e-05,0.003899852279573679,191457,2.7806595961252847,0.20416666666666666,0.044444444444444446,0.19305555555555556,0.1875,0.37083333333333335
267,720,0.08788896645555387,0.08561267510577796,0.08938430092043026,195,4.6748057041491444e-05,0.0035998020321130753,192177,2.7900834639867145,0.22083333333333333,0.05,0.22083333333333333,0.30833333333333335,0.2
268,720,0.08708917686080833,0.05589920463361026,0.05749108816284676,232,4.4250499725725e-05,0.0040172007866203785,192897,2.799145730336507,0.375,0.05138888888888889,0.17222222222222222,0.14166666666666666,0.25972222222222224
269,720,0.08629666535137498,-0.2583233893735177,-0.22765457658624955,216,4.522490556332236e-05,0.003832168411463499,193617,2.8074851512908934,0.059722222222222225,0.06527777777777778,0.25277777777777777,0.275,0.3472222222222222
270,720,0.08551136569667747,-0.20332638780196005,-0.18398813836147376,216,4.8033492013625316e-05,0.004302867688238621,194337,2.8162169456481934,0.19027777777777777,0.13194444444444445,0.15833333333333333,0.16944444444444445,0.35
271,720,0.0847332122688377,-0.5735961715514384,-0.43650463535961936,190,4.617432449928553e-05,0.0042481208220124245,195057,2.834101728598277,0.21805555555555556,0.08472222222222223,0.15138888888888888,0.125,0.42083333333333334
272,720,0.08396214003719128,0.11719027937147083,0.12433334678043595,286,4.835369479931412e-05,0.004083613865077496,195777,2.8444039980570475,0.2847222222222222,0.19027777777777777,0.18333333333333332,0.22777777777777777,0.11388888888888889
273,720,0.08319808456285284,0.021800892779261165,0.022040268613007674,212,4.670529917550286e-05,0.004121630918234587,196497,2.853273646036784,0.3388888888888889,0.14722222222222223,0.20277777777777778,0.17777777777777778,0.13333333333333333
274,720,0.08244098199333087,0.32803385515434264,0.3882359704368854,240,4.8064034139214424e-05,0.003565509570762515,197217,2.8622817476590474,0.07222222222222222,0.16527777777777777,0.26944444444444443,0.30833333333333335,0.18472222222222223
275,720,0.08169076905719157,0.025815792486867807,0.02615190617173857,182,4.732278495617316e-05,0.004120377358049154,197937,2.871434966723124,0.13472222222222222,0.030555555555555555,0.1986111111111111,0.2875,0.3486111111111111
276,720,0.08094738305877112,-0.1948136499845575,-0.17701199240484689,216,4.7270526009570956e-05,0.004248739220201969,198657,2.8800354997316995,0.03611111111111111,0.0875,0.23055555555555557,0.4013888888888889,0.24444444444444444
277,720,0.08021076187293631,-0.10083932928222931,-0.09592171987674847,216,4.528973896071875e-05,0.00368383526802063,199377,2.88877534866333,0.16805555555555557,0.03611111111111111,0.225,0.23472222222222222,0.33611111111111114
278,720,0.07948084393989259,-0.15910989820922722,-0.1470973786523042,237,4.705872068673974e-05,0.003972423262894154,200097,2.8975932319959004,0.18333333333333332,0.12916666666666668,0.13333333333333333,0.31666666666666665,0.2375
279,720,0.07875756826003957,0.2937628355089815,0.3414657179030747,212,4.6489884257678366e-05,0.0033489519264549017,200817,2.9065871318181355,0.058333333333333334,0.034722222222222224,0.24722222222222223,0.40555555555555556,0.25416666666666665
280,720,0.07804087438887321,0.09180952122682201,0.09615600774253252,249,4.6025496663383415e-05,0.0032497597858309746,201537,2.9157543460528057,0.30833333333333335,0.12361111111111112,0.25416666666666665,0.22777777777777777,0.08611111111111111
281,720,0.07733070243193446,0.04122024127160138,0.042081589648033546,219,4.6633328325798277e-05,0.0033363662660121918,202257,2.93219176530838,0.2652777777777778,0.05,0.14305555555555555,0.2722222222222222,0.26944444444444443
282,720,0.07662699303980386,0.0034263866917339787,0.003432263464728358,232,4.4406197348381385e-05,0.003099337685853243,202977,2.9409841656684876,0.1361111111111111,0.10833333333333334,0.2125,0.2763888888888889,0.26666666666666666
283,720,0.07592968740314164,-0.03626585365036671,-0.0356161255737093,298,4.474940084012107e-05,0.0033537696581333876,203697,2.949550513426463,0.20694444444444443,0.0625,0.2569444444444444,0.3375,0.1361111111111111
284,720,0.07523872724777306,-0.4683808916476966,-0.3739849656567691,225,4.6111907264882274e-05,0.0032282897736877203,204417,2.9583950956662495,0.13472222222222222,0.06805555555555555,0.18888888888888888,0.2361111111111111,0.37222222222222223
285,720,0.07455405482981832,-0.08156871438394599,-0.07833062426542681,198,4.6181042148418785e-05,0.0030424599535763264,205137,2.9676085154215497,0.13472222222222222,0.175,0.20416666666666666,0.2263888888888889,0.25972222222222224
286,720,0.07387561293086697,0.11986097712003181,0.12734011461517936,176,4.5557573966764014e-05,0.0032388130202889442,205857,2.977063063780467,0.31527777777777777,0.07361111111111111,0.16527777777777777,0.22777777777777777,0.21805555555555556
287,720,0.07320334485319609,-0.10449480398388948,-0.0992205221405984,226,4.455726835317364e-05,0.004188324324786663,206577,2.9860059301058453,0.11388888888888889,0.07083333333333333,0.36944444444444446,0.25555555555555554,0.19027777777777777
288,720,0.07253719441503201,0.14692076853291772,0.1582621885817228,205,4.3337729439624834e-05,0.0037496224977076054,207297,2.9950796445210774,0.1361111111111111,0.09722222222222222,0.21666666666666667,0.3527777777777778,0.19722222222222222
289,720,0.07187710594585521,-0.02176163716104055,-0.021526561036711467,208,4.266467999387815e-05,0.0033951185178011656,208017,3.0037425478299458,0.10416666666666667,0.07083333333333333,0.3055555555555556,0.275,0.24444444444444444
290,720,0.07122302428174793,0.01176592170187136,0.011835412432014802,265,4.497314025684318e-05,0.0033882558345794678,208737,3.013119649887085,0.14722222222222223,0.17083333333333334,0.16111111111111112,0.3055555555555556,0.2152777777777778
291,720,0.07057489476078402,0.07636856962083148,0.07936032027819961,197,4.03215504623707e-05,0.003354809945449233,209457,3.029604415098826,0.1763888888888889,0.05277777777777778,0.20277777777777778,0.14444444444444443,0.4236111111111111
292,720,0.06993266321846088,-0.11259021815978797,-0.10648326796320484,253,4.308121935612992e-05,0.002991007175296545,210177,3.0385744015375775,0.23055555555555557,0.12361111111111112,0.2708333333333333,0.19027777777777777,0.18472222222222223
293,720,0.06929627598317288,0.21797496304796388,0.24355593237906636,233,3.987311397395388e-05,0.003290743101388216,210897,3.0471954147020974,0.08888888888888889,0.15833333333333333,0.23333333333333334,0.2722222222222222,0.24722222222222223
294,720,0.068665679871726,0.15208734381481465,0.16426192306900478,256,4.0119090067491924e-05,0.0030310540460050106,211617,3.057040230433146,0.2263888888888889,0.03611111111111111,0.175,0.19027777777777777,0.37222222222222223
295,720,0.0680408221848933,-0.103414176315109,-0.09824658877846093,329,4.073024573977414e-05,0.0046278140507638454,212337,3.0653938968976338,0.09722222222222222,0.058333333333333334,0.4097222222222222,0.2638888888888889,0.17083333333333334
296,720,0.06742165070301076,-0.22700666915359077,-0.2030845324792362,279,3.94768700415524e-05,0.003560853423550725,213057,3.0738110820452373,0.35555555555555557,0.07083333333333333,0.21805555555555556,0.25416666666666665,0.10138888888888889
297,720,0.06680811368161337,-0.053259022449957526,-0.05186560742011992,193,4.1051515893286705e-05,0.004623890854418278,213777,3.0841930508613586,0.25833333333333336,0.04583333333333333,0.3347222222222222,0.23333333333333334,0.12777777777777777
298,720,0.06620015984711068,0.07708900250314833,0.08013820711878084,229,3.9963640563200895e-05,0.00474973488599062,214497,3.0934890786806744,0.21944444444444444,0.04027777777777778,0.3125,0.20416666666666666,0.22361111111111112
299,720,0.06559773839250198,0.03321883008197044,0.03377673593894759,270,4.037044259222158e-05,0.004273067694157362,215217,3.101948400338491,0.2152777777777778,0.06111111111111111,0.33611111111111114,0.2,0.1875
300,720,0.06500079897313021,0.08721722586406573,0.09113367643211379,216,4.209109262471126e-05,0.003922894597053528,215937,3.1112150311470033,0.16805555555555557,0.05277777777777778,0.20694444444444443,0.15555555555555556,0.4166666666666667
301,720,0.06440929170247472,0.3103550437924917,0.36390927569967046,172,4.115829497348184e-05,0.003057540627196431,216657,3.1306370973587034,0.3277777777777778,0.08333333333333333,0.1,0.17222222222222222,0.31666666666666665
302,720,0.06382316714798221,0.20805300245437128,0.23127842859813907,238,3.9260774063778726e-05,0.0033020954579114914,217377,3.13971129655838,0.08055555555555556,0.043055555555555555,0.1486111111111111,0.23055555555555557,0.49722222222222223
303,720,0.06324237632693558,0.280299099499451,0.3235256189918536,175,4.194999840415726e-05,0.0032303661573678255,218097,3.149223331610362,0.11388888888888889,0.10277777777777777,0.1111111111111111,0.19722222222222222,0.475
304,720,0.06266687070236046,-0.0072895612682749335,-0.007263056857478745,160,4.124717424550302e-05,0.0029857237823307514,218817,3.158676330248515,0.175,0.0625,0.17777777777777778,0.2388888888888889,0.3458333333333333
305,720,0.06209660217896898,-0.2390731677007759,-0.21264272885614632,185,3.9589302288807934e-05,0.002771205035969615,219537,3.1687003493309023,0.3861111111111111,0.06666666666666667,0.11666666666666667,0.2513888888888889,0.17916666666666667
306,720,0.06153152309914036,-0.016135137491748667,-0.01600566345657628,219,3.96258729943434e-05,0.003276888746768236,220257,3.177408746878306,0.23333333333333334,0.08055555555555556,0.18472222222222223,0.15555555555555556,0.3458333333333333
307,720,0.06097158623893818,-0.012083470085416272,-0.012010758126359877,172,4.1447330554294445e-05,0.0031314962543547153,220977,3.1860211809476215,0.10277777777777777,0.019444444444444445,0.2972222222222222,0.2611111111111111,0.3194444444444444
308,720,0.06041674480416385,-0.17013975222921734,-0.15645307920415374,249,4.013336319354089e-05,0.0034944263752549887,221697,3.196293866634369,0.17916666666666667,0.08055555555555556,0.16527777777777777,0.21388888888888888,0.3611111111111111
309,720,0.059866952426445956,-0.19895584356967874,-0.1804139174703293,190,3.865872024625282e-05,0.003302338533103466,222417,3.2062018116315207,0.11805555555555555,0.09444444444444444,0.09166666666666666,0.2638888888888889,0.43194444444444446
310,720,0.059322163159365296,0.3904349948947549,0.4776234127454617,188,3.9838273365451946e-05,0.0034698769450187683,223137,3.2154812614123025,0.40555555555555556,0.03888888888888889,0.18055555555555555,0.12361111111111112,0.2513888888888889
311,720,0.05878233147461507,-0.08053990207213141,-0.07738191152425511,171,4.107884862428869e-05,0.0030557489953935146,223857,3.2347365180651346,0.10277777777777777,0.07777777777777778,0.22777777777777777,0.21805555555555556,0.3736111111111111
312,720,0.058247412258196074,-0.10518400931916558,-0.09984113027486019,239,4.0207078282290037e-05,0.0029426622204482555,224577,3.2437618136405946,0.15555555555555556,0.05138888888888889,0.20972222222222223,0.28055555555555556,0.30277777777777776
313,720,0.05771736080664649,0.3519721088850601,0.4218688656575622,238,3.80918845735323e-05,0.002937840297818184,225297,3.2526933987935385,0.09166666666666666,0.08333333333333333,0.32222222222222224,0.25555555555555554,0.24722222222222223
314,720,0.057192132823306006,-0.23733325766447147,-0.2112716055682391,191,4.251542247857287e-05,0.0022844718769192696,226017,3.262265964349111,0.19583333333333333,0.06666666666666667,0.18333333333333332,0.14166666666666666,0.4125
315,720,0.05667168441461392,-0.3130774784960108,-0.26880674137979277,233,4.141169276231772e-05,0.002273228019475937,226737,3.2716158986091615,0.13472222222222222,0.12361111111111112,0.12916666666666668,0.2763888888888889,0.33611111111111114
316,720,0.056155972086440936,0.00035149670266752353,0.0003515584848730047,159,4.121917106153382e-05,0.0020815746393054724,227457,3.280575331052144,0.2125,0.09444444444444444,0.05416666666666667,0.19583333333333333,0.44305555555555554
317,720,0.05564495274045432,0.17777174906546453,0.19455263236055043,163,4.034650608622946e-05,0.00207437202334404,228177,3.2890010794003803,0.14722222222222223,0.07916666666666666,0.1597222222222222,0.12222222222222222,0.49166666666666664
318,720,0.05513858367051619,0.027108861715485395,0.027479649872755196,136,4.108988491048472e-05,0.0016114979516714811,228897,3.297793145974477,0.3194444444444444,0.11666666666666667,0.17083333333333334,0.06666666666666667,0.3263888888888889
319,720,0.05463682255911449,0.11629990182966125,0.12333271115680411,191,4.086843415254609e-05,0.001764419605024159,229617,3.3065672318140664,0.10555555555555556,0.06527777777777778,0.09722222222222222,0.16527777777777777,0.5666666666666667
320,720,0.05413962747382655,0.16228690983009111,0.17619765558446576,175,4.233095894884779e-05,0.002313771517947316,230337,3.315779745578766,0.25,0.07083333333333333,0.23333333333333334,0.12916666666666668,0.31666666666666665
321,720,0.05364695686381473,0.07361589846053786,0.07639328176715865,156,4.0802754325694776e-05,0.0026001085061579943,231057,3.333330178260803,0.11388888888888889,0.10416666666666667,0.12083333333333333,0.10833333333333334,0.5527777777777778
322,720,0.05315876955635402,0.11861784931176583,0.12593955748544583,175,4.3661522232064776e-05,0.0029120221734046936,231777,3.3420175472895304,0.14722222222222223,0.09722222222222222,0.1875,0.19027777777777777,0.37777777777777777
323,720,0.0526750247533912,-0.0500653104940787,-0.04883269873431029,120,4.4014560664133266e-05,0.0023049318697303534,232497,3.3507682124773663,0.041666666666666664,0.05416666666666667,0.1625,0.14027777777777778,0.6013888888888889
324,720,0.052195682028135335,-0.1209675617194608,-0.11393729852280954,144,4.312930067019099e-05,0.0030448923353105783,233217,3.3592668811480206,0.31527777777777777,0.08055555555555556,0.1,0.12638888888888888,0.37777777777777777
325,720,0.0517207013216793,0.34519380780246806,0.41226360085101654,178,4.205782777009719e-05,0.002738784998655319,233937,3.3689770340919494,0.19583333333333333,0.059722222222222225,0.14722222222222223,0.3680555555555556,0.22916666666666666
326,720,0.05125004293965202,-0.251720386279854,-0.22253790325155876,156,4.2797154861141784e-05,0.002705629914999008,234657,3.3777679840723676,0.23472222222222222,0.019444444444444445,0.1111111111111111,0.1527777777777778,0.48194444444444445
327,720,0.050783667548901186,0.07218242055980115,0.07485140117515221,191,4.3407119469268055e-05,0.0028102598153054714,235377,3.3870245814323425,0.3138888888888889,0.08888888888888889,0.20972222222222223,0.25,0.1375
328,720,0.050321536174206184,-0.13221713484785555,-0.12384926843209598,154,4.432308310495298e-05,0.0027875187806785107,236097,3.3955527822176617,0.07083333333333333,0.1,0.2791666666666667,0.24305555555555555,0.30694444444444446
329,720,0.049863610195020905,-0.09072073918547834,-0.08672728342622671,214,4.3562392116629985e-05,0.003212320152670145,236817,3.405288779735565,0.19166666666666668,0.10416666666666667,0.16944444444444445,0.1736111111111111,0.3611111111111111
330,720,0.049409851342246215,0.1998478015201004,0.22121687666283352,131,4.2299847346940724e-05,0.0029262539464980364,237537,3.4139090458552044,0.12222222222222222,0.075,0.16944444444444445,0.2152777777777778,0.41805555555555557
331,720,0.04896022169503177,0.0561701413685634,0.057777640162494315,146,4.246275970748078e-05,0.0028160118963569403,238257,3.431484814484914,0.2972222222222222,0.05138888888888889,0.058333333333333334,0.20694444444444443,0.3861111111111111
332,720,0.04851468367760699,0.1558938021242545,0.16870208282075838,96,4.410902665578457e-05,0.0033020623959600925,238977,3.4400184671084086,0.2222222222222222,0.08611111111111111,0.12083333333333333,0.17083333333333334,0.4
333,720,0.04807320005614076,-0.17256692997235767,-0.15849803477634516,113,4.532236992594739e-05,0.003786779008805752,239697,3.4488107999165853,0.13194444444444445,0.05,0.1375,0.275,0.40555555555555556
334,720,0.04763573393562988,0.07620932211926291,0.07918844852933749,97,4.4550565629227394e-05,0.0034663581755012274,240417,3.4569207111994427,0.05555555555555555,0.025,0.1597222222222222,0.20555555555555555,0.5541666666666667
335,720,0.04720224875681565,-0.01939575027482958,-0.01920886293428159,158,4.300443465328701e-05,0.0038489913567900658,241137,3.4659291466077167,0.14027777777777778,0.07222222222222222,0.2638888888888889,0.20277777777777778,0.32083333333333336
336,720,0.04677270829312862,0.08348904961682534,0.08707331135840635,156,4.3574575057745176e-05,0.003995949402451515,241857,3.4765756805737813,0.2777777777777778,0.04583333333333333,0.11388888888888889,0.1486111111111111,0.41388888888888886
337,720,0.046347076647661155,-0.16965781461262883,-0.15604644423319358,162,4.0828706980593984e-05,0.003443185705691576,242577,3.485587465763092,0.20277777777777778,0.04722222222222222,0.11805555555555555,0.19444444444444445,0.4375
338,720,0.045925318250167435,-0.17838823156744932,-0.16338244091477871,146,4.246141347279162e-05,0.003590791020542383,243297,3.4948273340861005,0.19722222222222222,0.07222222222222222,0.11944444444444445,0.10833333333333334,0.5027777777777778
339,720,0.045507397854090914,-0.1854215596863693,-0.16924600237065168,183,4.364220859037636e-05,0.003565837163478136,244017,3.5035401145617167,0.06388888888888888,0.015277777777777777,0.06388888888888888,0.20694444444444443,0.65
340,720,0.04509328053361869,-0.10771649028878638,-0.10211788135086652,135,4.521421496595697e-05,0.003287306521087885,244737,3.51214493115743,0.2263888888888889,0.05,0.0875,0.25416666666666665,0.3819444444444444
341,720,0.04468293168076276,-0.0128014476112071,-0.012719857608542995,75,4.268203868302104e-05,0.0031378082931041718,245457,3.5303461154301963,0.13333333333333333,0.027777777777777776,0.059722222222222225,0.14027777777777778,0.6388888888888888
342,720,0.04427631700246782,-0.11005079568035726,-0.10421136805216424,117,4.270061615822366e-05,0.003386951284483075,246177,3.5400202671686807,0.36527777777777776,0.04722222222222222,0.1486111111111111,0.21666666666666667,0.2222222222222222
343,720,0.043873402517745366,-0.09691138709023828,-0.09236356912496901,143,4.274396593220647e-05,0.003448544070124626,246897,3.5483866333961487,0.30416666666666664,0.04027777777777778,0.15138888888888888,0.14166666666666666,0.3625
344,720,0.04347415455483388,0.12629981359814862,0.13462229248559554,113,4.3334917931285116e-05,0.003203076310455799,247617,3.5573481281598407,0.22361111111111112,0.04722222222222222,0.06527777777777778,0.1388888888888889,0.525
345,720,0.043078539748384895,-0.16676974216855617,-0.1536055221414263,104,4.2542647127498235e-05,0.003557924646884203,248337,3.5667566299438476,0.25972222222222224,0.1,0.044444444444444446,0.15138888888888888,0.4444444444444444
346,720,0.04268652503667459,0.02207763254751363,0.022323146940122607,266,4.2180736321976535e-05,0.0033657639287412167,249057,3.576802694797516,0.24583333333333332,0.04861111111111111,0.08611111111111111,0.19305555555555556,0.4263888888888889
347,720,0.04229807765884085,0.013616726363657494,0.013709856209872306,116,4.34169612819662e-05,0.00342574599198997,249777,3.587783896923065,0.4097222222222222,0.043055555555555555,0.03333333333333333,0.16666666666666666,0.3472222222222222
348,720,0.0419131651521454,-0.04036995151718979,-0.03956594061769536,158,4.346830365875576e-05,0.0028973259031772614,250497,3.596738346417745,0.3458333333333333,0.075,0.12916666666666668,0.14027777777777778,0.30972222222222223
349,720,0.04153175534926088,-0.25466399828005465,-0.22482308501495485,175,4.1085135918213686e-05,0.00260680983774364,251217,3.6064879139264425,0.23055555555555557,0.10833333333333334,0.26944444444444443,0.2375,0.15416666666666667
350,720,0.04115381637558261,0.12560911545120054,0.13383888155207346,139,4.2690927158320035e-05,0.003385085379704833,251937,3.6154576818148296,0.14305555555555555,0.11805555555555555,0.21388888888888888,0.12777777777777777,0.3972222222222222
351,720,0.040779316646564805,0.17504212726442256,0.19129640161378703,118,4.1773927754699496e-05,0.0032422945369035006,252657,3.633140714963277,0.17222222222222222,0.058333333333333334,0.06388888888888888,0.3875,0.31805555555555554
352,720,0.04040822486508106,-0.1289153054932623,-0.12095158703537023,90,4.314119188393306e-05,0.003150485921651125,253377,3.6418559471766154,0.125,0.10416666666666667,0.058333333333333334,0.20416666666666666,0.5083333333333333
353,720,0.040040510018808824,0.040038800377316344,0.04085115882660628,142,4.5506417140788675e-05,0.0029410996939986944,254097,3.650569796562195,0.2986111111111111,0.19722222222222222,0.08888888888888889,0.25,0.16527777777777777
354,720,0.03967614137763766,0.11187917842854188,0.11837772832713656,107,4.625008827790427e-05,0.00314761302433908,254817,3.6599205334981284,0.1763888888888889,0.075,0.11666666666666667,0.19027777777777777,0.44166666666666665
355,720,0.03931508849110116,0.47613909039932384,0.6098469146372016,111,4.571777328566087e-05,0.0031513203866779804,255537,3.668948181470235,0.16111111111111112,0.07083333333333333,0.09305555555555556,0.2125,0.4625
356,720,0.03895732118583214,-0.03034018999688644,-0.029884546166435433,117,4.610502587891258e-05,0.0033131632953882217,256257,3.678013547261556,0.17916666666666667,0.06388888888888888,0.0763888888888889,0.09027777777777778,0.5902777777777778
357,720,0.03860280956304107,-0.20147823360770237,-0.18247862814266813,140,4.8136656941248174e-05,0.003176863305270672,256977,3.688617750008901,0.13055555555555556,0.10694444444444444,0.12916666666666668,0.24444444444444444,0.3888888888888889
358,720,0.038251523996017396,0.23250164637345247,0.26175252367313595,108,4.8685438321172116e-05,0.0033508040942251682,257697,3.6975192149480183,0.16944444444444445,0.05416666666666667,0.08888888888888889,0.14583333333333334,0.5416666666666666
359,720,0.03790343512765364,-0.22521788902039316,-0.20165775020364418,112,4.92564374604222e-05,0.0033303869422525167,258417,3.70794913371404,0.2388888888888889,0.05416666666666667,0.12777777777777777,0.17777777777777778,0.4013888888888889
360,720,0.037558513867991986,0.05535146505561951,0.05691201704504989,150,4.914057480441948e-05,0.0038641400169581175,259137,3.7184720794359842,0.1375,0.07777777777777778,0.11527777777777778,0.2263888888888889,0.44305555555555554
361,720,0.03721673139179326,0.04549608300437994,0.04654690528627636,129,4.745235810206496e-05,0.0035400339402258396,259857,3.7360984166463216,0.10416666666666667,0.027777777777777776,0.058333333333333334,0.20555555555555555,0.6041666666666666
362,720,0.03687805913612794,0.4722514833491166,0.60360061187439,169,4.930455008762793e-05,0.0032874210737645626,260577,3.7463313500086466,0.07083333333333333,0.08472222222222223,0.08194444444444444,0.3,0.4625
363,720,0.036542468797989176,-0.12683482570245724,-0.11912084082216001,113,5.025346114911776e-05,0.0028557877521961927,261297,3.7554295619328815,0.25,0.07083333333333333,0.10972222222222222,0.20277777777777778,0.36666666666666664
364,720,0.03620993233192747,0.012460743913336602,0.01253870245338895,110,4.7590922990063214e-05,0.0032830238342285156,262017,3.764463845888774,0.2611111111111111,0.03888888888888889,0.08194444444444444,0.1527777777777778,0.4652777777777778
365,720,0.03588042194770693,-0.267575553222391,-0.2347674873435236,140,5.1633857928360764e-05,0.0037393514066934586,262737,3.7740344842274984,0.12638888888888888,0.12777777777777777,0.08611111111111111,0.23055555555555557,0.42916666666666664
366,720,0.0355539101079828,0.1299991137328946,0.13882737401892964,79,5.2913538716994584e-05,0.0032071841415017843,263457,3.784071950117747,0.13472222222222222,0.08333333333333333,0.02361111111111111,0.18194444444444444,0.5763888888888888
367,720,0.03523036952600015,0.12116878922752476,0.12881542817252245,106,5.076944721243611e-05,0.003222531406208873,264177,3.796171514193217,0.14027777777777778,0.06666666666666667,0.12777777777777777,0.22361111111111112,0.44166666666666665
368,720,0.03490977316331355,0.13769794327662502,0.1476288489053248,134,5.2530462834157434e-05,0.002906752284616232,264897,3.8048467953999836,0.24027777777777778,0.09305555555555556,0.0763888888888889,0.31666666666666665,0.27361111111111114
369,720,0.0345920942275274,0.015782130057864975,0.015907325622901425,107,5.1531568475285087e-05,0.003534148447215557,265617,3.8141085823376972,0.2569444444444444,0.018055555555555554,0.14722222222222223,0.2763888888888889,0.3013888888888889
370,720,0.0342773061700569,0.12956416730173398,0.13833215282205025,114,5.287123425306264e-05,0.003841365221887827,266337,3.823527431488037,0.3527777777777778,0.0625,0.04722222222222222,0.2513888888888889,0.2861111111111111
371,720,0.03396538268390938,-0.1380335773268009,-0.12893055692860123,102,5.184595558426332e-05,0.0034784581512212753,267057,3.840398649374644,0.09722222222222222,0.018055555555555554,0.1,0.26944444444444443,0.5152777777777777
372,720,0.03365629770148581,-0.0033978577733616237,-0.0033920915873775215,111,5.198974392518115e-05,0.0035655531100928783,267777,3.8493455489476522,0.10277777777777777,0.08472222222222223,0.0875,0.2361111111111111,0.4888888888888889
373,720,0.03335002539240229,0.09629893304747252,0.10108816644285801,93,5.370644618096776e-05,0.003115745261311531,268497,3.8586522340774536,0.15833333333333333,0.07222222222222222,0.10972222222222222,0.2513888888888889,0.4083333333333333
374,720,0.03304654016133143,-0.0730516181342861,-0.07044715299627602,100,5.162231231249987e-05,0.0029864581301808357,269217,3.8683000644048056,0.03611111111111111,0.06666666666666667,0.12916666666666668,0.30694444444444446,0.46111111111111114
375,720,0.03274581664586331,0.24618731233167507,0.2791391496399158,77,5.2639919138325945e-05,0.0021901167929172516,269937,3.87759374777476,0.0875,0.058333333333333334,0.1125,0.1375,0.6041666666666666
376,720,0.03244782971438596,-0.13618489240754672,-0.1273187345687785,83,5.339442414853895e-05,0.002099032048135996,270657,3.8871565302213034,0.16944444444444445,0.030555555555555555,0.09444444444444444,0.12777777777777777,0.5777777777777777
377,720,0.032152554463985045,0.0499918590873122,0.051262538104652755,102,4.9970214940407863e-05,0.0022449621465057135,271377,3.8973196784655255,0.19027777777777777,0.15694444444444444,0.16666666666666666,0.21666666666666667,0.26944444444444443
378,720,0.03185996621836278,0.15672425646993218,0.1696730396560966,135,5.056573090642915e-05,0.0025959713384509087,272097,3.906111713250478,0.2375,0.15138888888888888,0.06805555555555555,0.28194444444444444,0.2611111111111111
379,720,0.03157004052577568,-0.046549395840781424,-0.045482589784551775,101,5.015947186469323e-05,0.003002876415848732,272817,3.9158583283424377,0.2847222222222222,0.05694444444444444,0.025,0.17916666666666667,0.45416666666666666
380,720,0.031282753156991125,-0.02226750849928845,-0.022021417527305465,94,5.12901566404859e-05,0.0031191513407975435,273537,3.924827245871226,0.12083333333333333,0.058333333333333334,0.14444444444444443,0.3541666666666667,0.32222222222222224
381,720,0.030998080103262507,0.1980072950292679,0.21897128622041584,91,5.1480242556560064e-05,0.003028733655810356,274257,3.9433582623799643,0.22361111111111112,0.03194444444444444,0.08611111111111111,0.0763888888888889,0.5819444444444445
382,720,0.030715997574322817,0.3717977715641552,0.4503396517151579,70,5.1889909217253364e-05,0.002895008772611618,274977,3.9522500316301983,0.08055555555555556,0.08055555555555556,0.17222222222222222,0.21666666666666667,0.45
383,720,0.03043648199639648,0.05565587199430837,0.0572337973702175,82,5.355992179071715e-05,0.0028124102391302586,275697,3.9618199984232585,0.1486111111111111,0.03888888888888889,0.18055555555555555,0.3236111111111111,0.30833333333333335
384,720,0.030159510010229273,-0.20336757534215763,-0.18402174719069142,96,4.988462999714708e-05,0.0023681544698774815,276417,3.9699408451716107,0.1597222222222222,0.12638888888888888,0.2,0.2111111111111111,0.30277777777777776
385,720,0.029885058469136187,-0.16617494325083243,-0.15310193787118764,116,5.130329542832139e-05,0.0025873978156596422,277137,3.9788642803827923,0.24166666666666667,0.06111111111111111,0.1736111111111111,0.2638888888888889,0.25972222222222224
386,720,0.029613104437067047,-0.0946515625247303,-0.09031015071311221,65,5.089257946085329e-05,0.002171723870560527,277857,3.988510549068451,0.16527777777777777,0.07083333333333333,0.21666666666666667,0.2875,0.25972222222222224
387,720,0.029343625186689738,0.12237385141204568,0.13017654090634645,76,5.206748027906845e-05,0.0027784439735114574,278577,3.9979895114898683,0.10138888888888889,0.08194444444444444,0.12222222222222222,0.275,0.41944444444444445
388,720,0.029076598197490863,-0.07362851706898815,-0.07098325638985592,101,5.3294828397712184e-05,0.0031487029045820236,279297,4.006925463676453,0.2902777777777778,0.07777777777777778,0.09305555555555556,0.2777777777777778,0.2611111111111111
389,720,0.028812001153893697,-0.17199798542471623,-0.15801913059936046,107,5.139169671919161e-05,0.0026780725456774235,280017,4.016470281283061,0.15416666666666667,0.06111111111111111,0.12916666666666668,0.3111111111111111,0.34444444444444444
390,720,0.028549811943393264,0.004233011967598293,0.004241983817604877,88,5.0730935533415e-05,0.002941611921414733,280737,4.025926760832468,0.21944444444444444,0.03888888888888889,0.24305555555555555,0.32916666666666666,0.16944444444444445
391,720,0.028290008654708387,-0.1487634488647677,-0.13822705584176054,111,5.0474216221927134e-05,0.0029223149176687002,281457,4.044652831554413,0.3541666666666667,0.0763888888888889,0.09444444444444444,0.3819444444444444,0.09305555555555556
392,720,0.02803256957595054,0.23858589630460306,0.269452742652881,109,5.13328388352521e-05,0.002893456956371665,282177,4.054071128368378,0.15416666666666667,0.11805555555555555,0.1597222222222222,0.36527777777777776,0.20277777777777778
393,720,0.02777747319280939,-0.032808302032367884,-0.03227594745674478,72,4.993099335277091e-05,0.003218600992113352,282897,4.063808564345042,0.12083333333333333,0.0763888888888889,0.29444444444444445,0.2611111111111111,0.24722222222222223
394,720,0.027524698186754824,-0.14301518508123834,-0.1332590927355327,116,5.032844660743447e-05,0.0025463360361754894,283617,4.0731172323226925,0.2388888888888889,0.10277777777777777,0.22083333333333333,0.175,0.2625
395,720,0.027274223433255355,-0.0344974260200454,-0.03390917361828594,131,4.873435962053918e-05,0.002308829687535763,284337,4.081549282868703,0.14444444444444443,0.13472222222222222,0.13472222222222222,0.2013888888888889,0.38472222222222224
396,720,0.027026028000012733,0.04481182956409779,0.04583104690812556,81,4.9034105069899347e-05,0.002312804339453578,285057,4.09213639497757,0.06944444444444445,0.05555555555555555,0.24861111111111112,0.2625,0.3638888888888889
397,720,0.02678009114521262,-0.22191674628830824,-0.19901795371278752,91,4.8943297163835574e-05,0.0025922576896846294,285777,4.101321180661519,0.1625,0.11527777777777778,0.12777777777777777,0.24166666666666667,0.3527777777777778
398,720,0.026536392315791184,0.3487028266833112,0.41722796542169505,83,4.900703232553699e-05,0.0024045901373028755,286497,4.110435867309571,0.20416666666666666,0.09166666666666666,0.2,0.058333333333333334,0.44583333333333336
399,720,0.026294911145717484,-0.19082803039154128,-0.17372532993455214,125,4.902047486060231e-05,0.0024847202003002167,287217,4.119701830546061,0.25416666666666665,0.18194444444444444,0.12638888888888888,0.1111111111111111,0.3263888888888889
400,720,0.026055627454291456,0.18640714873087522,0.20491273921452446,106,4.872779938725418e-05,0.002240340691059828,287937,4.128647530078888,0.19027777777777777,0.09861111111111111,0.19027777777777777,0.23194444444444445,0.28888888888888886
401,720,0.025818521244457403,0.13724031036552914,0.14710377632875216,82,4.9914429846214466e-05,0.00259647355414927,288657,4.146903379758199,0.12638888888888888,0.09444444444444444,0.17777777777777778,0.225,0.3763888888888889
402,720,0.02558357270113284,0.2892878026053613,0.33547602670472787,91,4.979070175750167e-05,0.0024500719737261534,289377,4.155667761961619,0.09027777777777778,0.15833333333333333,0.3,0.20555555555555555,0.24583333333333332
403,720,0.025350762189552532,0.46753632276650403,0.5960571757113857,98,4.747740071909195e-05,0.0021454899106174707,290097,4.165662348270416,0.2,0.10555555555555556,0.2513888888888889,0.11388888888888889,0.32916666666666666
404,720,0.025120070253627603,0.04084636000582909,0.041692047690017775,80,4.979340761666309e-05,0.002462159376591444,290817,4.174393312136332,0.18472222222222223,0.12777777777777777,0.18888888888888888,0.0763888888888889,0.4222222222222222
405,720,0.02489147761431959,0.20995577874144764,0.23362350636650486,56,4.7944483499880636e-05,0.002955486299470067,291537,4.183582198619843,0.175,0.0125,0.1388888888888889,0.22083333333333333,0.4527777777777778
406,720,0.024664965168029282,0.09607667526062316,0.10084346821791113,79,4.990678269854875e-05,0.002527512377128005,292257,4.193469063440959,0.16944444444444445,0.06388888888888888,0.2611111111111111,0.4083333333333333,0.09722222222222222
407,720,0.024440513985000214,0.02283128096675895,0.023093909569308124,87,4.63961353059656e-05,0.0028798109851777554,292977,4.202015817165375,0.11944444444444445,0.06527777777777778,0.25277777777777777,0.28194444444444444,0.28055555555555556
408,720,0.02421810530773671,0.25591585376831405,0.29164403638843295,83,4.778543377597089e-05,0.002200302667915821,293697,4.2108262300491335,0.09166666666666666,0.10972222222222222,0.21805555555555556,0.275,0.3055555555555556
409,720,0.023997720549436306,-0.01463882753592945,-0.014532200830855158,42,4.66147102340781e-05,0.0021129900123924017,294417,4.220158847173055,0.07777777777777778,0.05416666666666667,0.1111111111111111,0.12222222222222222,0.6347222222222222
410,720,0.023779341292436435,-0.12267381166012821,-0.11544785389565193,39,4.811832722756056e-05,0.002318885177373886,295137,4.228766731421152,0.09444444444444444,0.02361111111111111,0.009722222222222222,0.14166666666666666,0.7305555555555555
411,720,0.023562949286675263,-0.38360035751336086,-0.3185963093627673,69,4.870770484330933e-05,0.002445141552016139,295857,4.244859230518341,0.06944444444444445,0.06111111111111111,0.1375,0.12083333333333333,0.6111111111111112
412,720,0.02334852644816652,0.12336219893671128,0.1312941002705279,84,5.0002711254314316e-05,0.002744627185165882,296577,4.253925466537476,0.15694444444444444,0.0625,0.09166666666666666,0.18472222222222223,0.5041666666666667
413,720,0.023136054857488205,-0.061866807233060844,-0.05999191926934222,91,4.9716373622585605e-05,0.00237822812050581,297297,4.262875747680664,0.19166666666666668,0.1111111111111111,0.10694444444444444,0.11388888888888889,0.47638888888888886
414,720,0.022925516758285063,-0.06859685712748315,-0.06629698006872786,86,4.863764199474948e-05,0.0020072537008672953,298017,4.271724331378937,0.1125,0.05416666666666667,0.23194444444444445,0.1763888888888889,0.425
415,720,0.02271689455578467,-0.09003646578436297,-0.0861021413386518,119,4.942024562145283e-05,0.0026054340414702892,298737,4.280512197812398,0.2625,0.06805555555555555,0.22361111111111112,0.2916666666666667,0.15416666666666667
416,720,0.022510170815327028,-0.025379685843093233,-0.025060329045798135,116,4.868993399895771e-05,0.00237698620185256,299457,4.290212865670522,0.07222222222222222,0.03333333333333333,0.1625,0.3736111111111111,0.35833333333333334
417,720,0.022305328260907552,-0.10703885138203209,-0.1015092352957585,64,4.80640881253041e-05,0.00291949394159019,300177,4.29957865079244,0.02361111111111111,0.06388888888888888,0.10138888888888889,0.20833333333333334,0.6027777777777777
418,720,0.022102349773733293,-0.0062818453975695306,-0.006262155857224894,90,4.749734888365411e-05,0.0028140293434262276,300897,4.308772146701813,0.04027777777777778,0.0875,0.16111111111111112,0.25972222222222224,0.4513888888888889
419,720,0.02190121839079232,0.02358555163564689,0.02386589040146303,80,5.120172855489121e-05,0.0029442361555993557,301617,4.318526180585225,0.11944444444444445,0.11805555555555555,0.1375,0.19722222222222222,0.42777777777777776
420,720,0.021701917303436107,0.004882707469802249,0.0048946473109290345,64,5.052809177767712e-05,0.0031462402548640966,302337,4.3275748292605085,0.13055555555555556,0.1111111111111111,0.11666666666666667,0.1597222222222222,0.48194444444444445
421,720,0.021504429855974838,0.0002548909368145615,0.00025492342427013703,66,5.079160971111681e-05,0.002635634271427989,303057,4.346497714519501,0.08333333333333333,0.058333333333333334,0.07222222222222222,0.034722222222222224,0.7513888888888889
422,720,0.021308739544285468,0.13893216038743791,0.14904614651407133,87,4.942996474584207e-05,0.0028764393646270037,303777,4.356091046333313,0.12361111111111112,0.08472222222222223,0.08611111111111111,0.09583333333333334,0.6097222222222223
423,720,0.02111483001443247,-0.13560133328545707,-0.12680932483476892,93,5.011255163556901e-05,0.0028535043820738792,304497,4.365385095278422,0.19444444444444445,0.05,0.31666666666666665,0.125,0.3138888888888889
424,720,0.020922685061301134,-0.06108955537513627,-0.059261012229499754,89,4.935140198085719e-05,0.0030551583040505648,305217,4.3742431481679285,0.14583333333333334,0.05138888888888889,0.18055555555555555,0.18055555555555555,0.44166666666666665
425,720,0.020732288627243294,-0.45575903430980425,-0.36603341711022974,92,4.962618343774415e-05,0.0028419129084795713,305937,4.384116681416829,0.2361111111111111,0.09861111111111111,0.18333333333333332,0.1597222222222222,0.32222222222222224
426,720,0.02054362480073538,-0.07286084235946237,-0.07026979991485394,111,4.962173664150921e-05,0.0026714415289461613,306657,4.394155498345693,0.10972222222222222,0.09166666666666666,0.25416666666666665,0.18055555555555555,0.3638888888888889
427,720,0.02035667781504869,-0.3010586991107489,-0.25996566788546305,111,5.042675568600114e-05,0.002232979517430067,307377,4.403591330846151,0.044444444444444446,0.12083333333333333,0.14305555555555555,0.1597222222222222,0.5319444444444444
428,720,0.020171432046931746,0.2263817102511361,0.2540542592965094,120,4.879581338804605e-05,0.0029893815517425537,308097,4.412985881169637,0.17222222222222222,0.06388888888888888,0.20833333333333334,0.1736111111111111,0.3819444444444444
429,720,0.019987872015304668,0.025485370626781415,0.025812899160916336,103,4.9622853103099055e-05,0.003038200084120035,308817,4.4226916313171385,0.10138888888888889,0.11944444444444445,0.23333333333333334,0.14027777777777778,0.40555555555555556
430,720,0.019805982379965396,-0.18198101969303004,-0.16638283742477977,126,4.985538305769903e-05,0.00260368874296546,309537,4.432729880015056,0.21666666666666667,0.06111111111111111,0.125,0.2111111111111111,0.3861111111111111
431,720,0.01962574794030771,0.16427395532439967,0.1785371373950504,85,5.030933982526322e-05,0.0031803101301193237,310257,4.450335065523784,0.13472222222222222,0.12361111111111112,0.10555555555555556,0.22777777777777777,0.4083333333333333
432,720,0.01944715363405091,-0.3888591153803421,-0.3221702409248567,141,4.8703455576691746e-05,0.0030334896873682737,310977,4.458851850032806,0.17777777777777778,0.1527777777777778,0.18055555555555555,0.275,0.21388888888888888
433,720,0.019270184535981047,0.18275471139203692,0.20051989810769677,121,4.674056516351912e-05,0.0025780261494219303,311697,4.467491082350413,0.12777777777777777,0.12777777777777777,0.1763888888888889,0.1375,0.4305555555555556
434,720,0.01909482585670362,0.09389238937947195,0.09844153558168678,118,4.872712323226046e-05,0.0027280542999505997,312417,4.476944180329641,0.13472222222222222,0.22777777777777777,0.26944444444444443,0.20555555555555555,0.1625
435,720,0.018921062941407617,0.1352581439822546,0.14483227777294982,124,4.9726565895172015e-05,0.0026000672951340675,313137,4.486151512463888,0.23194444444444445,0.10555555555555556,0.19722222222222222,0.17777777777777778,0.2875
436,720,0.01874888126864081,0.05980248858595411,0.061626842417725536,91,4.7470322081406065e-05,0.003259501652792096,313857,4.495304683844249,0.06388888888888888,0.11666666666666667,0.17083333333333334,0.17777777777777778,0.4708333333333333
437,720,0.018578266449096176,-0.09133060799885323,-0.08728409016737815,78,4.8045289285407e-05,0.003065291326493025,314577,4.5054377794265745,0.041666666666666664,0.07777777777777778,0.13194444444444445,0.125,0.6236111111111111
438,720,0.018409204224409403,0.3288620899126853,0.38938623199793065,66,4.866154590672522e-05,0.0032527376897633076,315297,4.51614351272583,0.14027777777777778,0.08194444444444444,0.1125,0.08888888888888889,0.5763888888888888
439,720,0.01824168046596728,0.0254221549693607,0.02574805377374978,79,5.074689067264949e-05,0.002929138485342264,316017,4.526103846232096,0.13472222222222222,0.12777777777777777,0.1527777777777778,0.15,0.43472222222222223
440,720,0.018075681173726977,0.05633234197924199,0.057949226256998054,119,4.841057881195512e-05,0.002266543684527278,316737,4.536420015494029,0.13194444444444445,0.11944444444444445,0.21388888888888888,0.19027777777777777,0.34444444444444444
441,720,0.01791119247504606,-0.4080195608473383,-0.3350341286007117,89,5.0008036261159656e-05,0.0022790601942688227,317457,4.554144195715586,0.1388888888888889,0.05138888888888889,0.14305555555555555,0.24444444444444444,0.4222222222222222
442,720,0.01774820062352314,-0.184583695349085,-0.16854965153995638,167,5.1412791351721255e-05,0.002400788012892008,318177,4.563746913274129,0.16805555555555557,0.13472222222222222,0.12361111111111112,0.09722222222222222,0.47638888888888886
443,720,0.017586691997849083,0.07163090274251573,0.07425876491622074,74,5.119140670709991e-05,0.0019118310883641243,318897,4.573594947655995,0.07777777777777778,0.07083333333333333,0.12222222222222222,0.16527777777777777,0.5638888888888889
444,720,0.017426653100668658,0.135569279515091,0.14518853119237574,98,4.961937000113418e-05,0.0028067766688764095,319617,4.582640850543976,0.16805555555555557,0.05,0.12361111111111112,0.20833333333333334,0.45
445,720,0.017268070557452574,-0.34321010877546715,-0.2905108739928073,136,4.907657634147553e-05,0.002992876572534442,320337,4.5923114776611325,0.15,0.043055555555555555,0.09166666666666666,0.25277777777777777,0.4625
446,720,0.017110931115379754,-0.26918298074488434,-0.2359965550621943,121,4.8702759931984475e-05,0.0028497613966464996,321057,4.601648350556691,0.06111111111111111,0.10694444444444444,0.13055555555555556,0.09583333333333334,0.6055555555555555
447,720,0.016955221642229797,0.4415572947397433,0.5551271250598946,100,5.139931306404024e-05,0.003139728680253029,321777,4.6108623822530115,0.11805555555555555,0.08194444444444444,0.18611111111111112,0.12083333333333333,0.4930555555555556
448,720,0.016800929125285507,-0.03209529099983755,-0.031585703484296346,92,5.0684316935682246e-05,0.003482431871816516,322497,4.619617863496145,0.11666666666666667,0.0763888888888889,0.125,0.18194444444444444,0.5
449,720,0.016648040670245407,-0.02214245186609938,-0.02189910717075161,91,5.057823384125489e-05,0.0035359091125428677,323217,4.628538580735524,0.2152777777777778,0.06944444444444445,0.14305555555555555,0.06527777777777778,0.5069444444444444
450,720,0.016496543500146173,0.07462755116823756,0.0774827689436175,82,4.987554573795529e-05,0.0030066915787756443,323937,4.637358331680298,0.20694444444444443,0.044444444444444446,0.1388888888888889,0.2,0.4097222222222222
451,720,0.016346424954294843,-0.11569042939776104,-0.10924906907808718,79,4.954988021508042e-05,0.0027978308498859406,324657,4.6535300493240355,0.15,0.10416666666666667,0.2,0.23472222222222222,0.3111111111111111
452,720,0.01619767248721076,-0.03911559363255556,-0.038360456686562516,147,5.0060230000781304e-05,0.003228929592296481,325377,4.663137682278951,0.18888888888888888,0.12361111111111112,0.15555555555555556,0.13472222222222222,0.3972222222222222
453,720,0.016050273667577143,0.11557888090601753,0.12252305669183006,89,5.0242161023561493e-05,0.0027096124831587076,326097,4.672500348091125,0.10972222222222222,0.06805555555555555,0.16666666666666666,0.15416666666666667,0.5013888888888889
454,720,0.015904216177202193,-0.20038037858984575,-0.18158061534864245,119,4.975055988501885e-05,0.0024041240103542805,326817,4.681865779558818,0.175,0.23055555555555557,0.19305555555555556,0.20833333333333334,0.19305555555555556
455,720,0.015759487809989654,0.26693091447252304,0.30595022095418245,116,4.7595662054946944e-05,0.0021701196674257517,327537,4.6920160015424095,0.18888888888888888,0.12916666666666668,0.10277777777777777,0.10277777777777777,0.47638888888888886
456,720,0.015616076470918748,-0.12869922511211945,-0.12076162139606939,113,4.797928228678453e-05,0.0022018689196556807,328257,4.701872046788534,0.09444444444444444,0.06388888888888888,0.2375,0.11805555555555555,0.4861111111111111
457,720,0.015473970175033387,-0.070341518207984,-0.06792455519202079,89,4.98202400965258e-05,0.002753983484581113,328977,4.711006164550781,0.07361111111111111,0.16805555555555557,0.12777777777777777,0.2513888888888889,0.37916666666666665
458,720,0.015333157046440584,0.1750410168297637,0.1912950787577079,117,5.022193356328191e-05,0.0028337338007986546,329697,4.721492016315461,0.1375,0.0763888888888889,0.075,0.19722222222222222,0.5138888888888888
459,720,0.015193625317317975,-0.016618387516098496,-0.016481063865789403,107,5.1343036355117673e-05,0.0021922742016613483,330417,4.730990314483643,0.23194444444444445,0.027777777777777776,0.16111111111111112,0.2722222222222222,0.30694444444444446
460,720,0.01505536332693038,-0.17738983719846646,-0.16254674954943682,106,5.0140117260374e-05,0.0030618938617408276,331137,4.739939395586649,0.11666666666666667,0.08333333333333333,0.07777777777777778,0.20972222222222223,0.5125
461,720,0.014918359520655315,0.006176670562166771,0.006195785527134623,90,5.0985391703761705e-05,0.003481476567685604,331857,4.758160718282064,0.0763888888888889,0.13472222222222222,0.09305555555555556,0.16944444444444445,0.5263888888888889
462,720,0.014782602449017352,0.3503511550725845,0.4195659488640546,133,5.2135782928214917e-05,0.0031569076236337423,332577,4.766958530743917,0.05,0.15833333333333333,0.20555555555555555,0.20277777777777778,0.38333333333333336
463,720,0.014648080766731294,-0.09414659851691605,-0.08985067408112635,95,4.901324955931664e-05,0.003063799813389778,333297,4.775777347882589,0.09027777777777778,0.06805555555555555,0.12916666666666668,0.13055555555555556,0.5819444444444445
464,720,0.01451478323175404,-0.0194807085121176,-0.01929218568090696,86,5.187019550905663e-05,0.0025495151057839394,334017,4.784545131524404,0.12916666666666668,0.14166666666666666,0.14583333333333334,0.21805555555555556,0.36527777777777776
465,720,0.014382698704345078,0.15908008142461263,0.1724318329328407,116,5.066710481034736e-05,0.002705963794142008,334737,4.794177261988322,0.23333333333333334,0.08055555555555556,0.20416666666666666,0.16944444444444445,0.3125
466,720,0.014251816146135538,-0.0824013885725976,-0.07909775513570794,98,4.990367128180474e-05,0.0024953819811344147,335457,4.803883516788483,0.15555555555555556,0.10277777777777777,0.12222222222222222,0.275,0.34444444444444444
467,720,0.014122124619205706,-0.07852929865056252,-0.07552502633444957,74,5.183299937496284e-05,0.0028479716274887323,336177,4.812879347801209,0.125,0.03611111111111111,0.10833333333333334,0.1638888888888889,0.5666666666666667
468,720,0.013993613285170934,-0.027007325067058607,-0.02664588838591697,89,5.051170846475846e-05,0.003170531243085861,336897,4.822784980138143,0.030555555555555555,0.08194444444444444,0.21388888888888888,0.14583333333333334,0.5277777777777778
469,720,0.013866271404275878,-0.5918119599145223,-0.446676224651007,93,4.969508501441548e-05,0.0024052350781857967,337617,4.8319446841875715,0.16944444444444445,0.06666666666666667,0.1736111111111111,0.1388888888888889,0.4513888888888889
470,720,0.013740088334496968,0.23076581958289752,0.25956423962998354,74,4.8436945141677116e-05,0.002650284441187978,338337,4.841456850369771,0.15138888888888888,0.07361111111111111,0.1763888888888889,0.1375,0.46111111111111114
471,720,0.013615053530653046,-0.07668334951505157,-0.07381691649910649,79,4.902431327814661e-05,0.0028840904124081135,339057,4.858563697338104,0.06805555555555555,0.10694444444444444,0.19722222222222222,0.25277777777777777,0.375
472,720,0.013491156543524103,-0.16156908942978943,-0.14919225238741896,83,4.925620966736864e-05,0.0032523339614272118,339777,4.867522247632345,0.16527777777777777,0.07222222222222222,0.16944444444444445,0.13472222222222222,0.4583333333333333
473,720,0.013368387018978033,-0.0697612201661612,-0.06738351666995335,112,5.071099694633732e-05,0.0032069780863821507,340497,4.876917878786723,0.10972222222222222,0.08055555555555556,0.3263888888888889,0.0875,0.3958333333333333
474,720,0.013246734697105333,0.13492196731037207,0.1444474765521615,56,5.171330011408928e-05,0.002816207939758897,341217,4.885678700606028,0.0763888888888889,0.07222222222222222,0.27361111111111114,0.16666666666666666,0.4111111111111111
475,720,0.013126189411361674,-0.004126085811280867,-0.004117585214633679,116,5.1872264620871846e-05,0.002105389954522252,341937,4.894781414667765,0.1486111111111111,0.09861111111111111,0.25277777777777777,0.225,0.275
476,720,0.013006741087718283,0.17391798534968134,0.18995796783155994,78,5.185164247147138e-05,0.002683843718841672,342657,4.903417630990346,0.08055555555555556,0.06388888888888888,0.16527777777777777,0.35138888888888886,0.3388888888888889
477,720,0.012888379743820046,0.009284767185069716,0.009328004347971541,68,5.1925545399929736e-05,0.0027706094551831484,343377,4.9121881802876795,0.12916666666666668,0.12916666666666668,0.13194444444444445,0.1986111111111111,0.4111111111111111
478,720,0.012771095488151283,0.27598935987076423,0.3178338420303133,90,4.9593802894934116e-05,0.002716024871915579,344097,4.921315018335978,0.15833333333333333,0.07222222222222222,0.11666666666666667,0.2916666666666667,0.3611111111111111
479,720,0.012654878519209106,-0.0004056660913074483,-0.0004055838199439332,98,5.0837220233764434e-05,0.0027317218482494354,344817,4.931390062967936,0.08472222222222223,0.03333333333333333,0.2263888888888889,0.0875,0.5680555555555555
480,720,0.012539719124684302,0.27755746228355416,0.3199019615454768,95,5.271402724120991e-05,0.0028932737186551094,345537,4.941453548272451,0.14583333333333334,0.043055555555555555,0.15138888888888888,0.3333333333333333,0.3263888888888889
481,720,0.012425607680649675,0.19151919107459944,0.2110880749985662,92,5.149539843437702e-05,0.002499109599739313,346257,4.959368097782135,0.20416666666666666,0.11388888888888889,0.125,0.22083333333333333,0.33611111111111114
482,720,0.012312534650755763,-0.22968678212424043,-0.20521749639136844,107,4.954495831397152e-05,0.0028903319034725428,346977,4.968732782204946,0.05416666666666667,0.11527777777777778,0.29583333333333334,0.22916666666666666,0.3055555555555556
483,720,0.012200490585433887,-0.07479171991871321,-0.07206326305827326,110,5.053108909831078e-05,0.003281026380136609,347697,4.9779503305753074,0.24583333333333332,0.10833333333333334,0.1125,0.1986111111111111,0.3347222222222222
484,720,0.01208946612110644,0.4114835728039864,0.5090549180638833,97,4.9893410037308664e-05,0.0025218212977051735,348417,4.987665549914042,0.10277777777777777,0.12777777777777777,0.2875,0.09583333333333334,0.3861111111111111
485,720,0.01197945197940437,-0.0895029649555686,-0.08561444599225554,83,4.9657557269711106e-05,0.002721124328672886,349137,4.9977042317390445,0.1486111111111111,0.13333333333333333,0.12777777777777777,0.23055555555555557,0.3597222222222222
486,720,0.01187043896639179,0.013172143012684946,0.013259277852325058,76,5.3632856293006625e-05,0.002991117537021637,349857,5.007186178366343,0.10138888888888889,0.18472222222222223,0.14166666666666666,0.07777777777777778,0.49444444444444446
487,720,0.011762417971797624,0.04627782448053537,0.04736535427496036,79,5.031774809746518e-05,0.0026849748101085424,350577,5.0168375968933105,0.18333333333333332,0.06388888888888888,0.15138888888888888,0.12222222222222222,0.4791666666666667
488,720,0.011655379968254265,0.046184790141495395,0.04726791786402984,72,5.183486531703036e-05,0.0028091263957321644,351297,5.026803664366404,0.15,0.09583333333333334,0.11527777777777778,0.2777777777777778,0.3611111111111111
489,720,0.011549316010543152,0.09867607147605288,0.10370871891053679,105,5.258378868373054e-05,0.0028473706915974617,352017,5.036347385247549,0.16805555555555557,0.12361111111111112,0.14305555555555555,0.10277777777777777,0.4625
490,720,0.011444217234847209,0.12814283185476916,0.1367153502644034,122,4.943034073095179e-05,0.0023113477509468794,352737,5.044978415966034,0.14027777777777778,0.17777777777777778,0.24722222222222223,0.0875,0.3472222222222222
491,720,0.011340074858010099,-0.18045109687619515,-0.1651064914007555,93,4.918313930425534e-05,0.0023334852885454893,353457,5.061985417207082,0.13055555555555556,0.06666666666666667,0.2222222222222222,0.14305555555555555,0.4375
492,720,0.011236880176802208,-0.18947764561076386,-0.17260878748406006,100,4.779440589699233e-05,0.0024278266355395317,354177,5.071564964453379,0.16944444444444445,0.07222222222222222,0.23333333333333334,0.18194444444444444,0.34305555555555556
493,720,0.011134624567193307,-0.20972796382659978,-0.189195215797493,107,4.8511961223438346e-05,0.002499513328075409,354897,5.0811899979909265,0.2152777777777778,0.06944444444444445,0.22916666666666666,0.22777777777777777,0.25833333333333336
494,720,0.011033299483631848,-0.21122295668468516,-0.1904064575347092,90,5.002694520296953e-05,0.0025707927998155355,355617,5.0913011948267615,0.1361111111111111,0.08611111111111111,0.225,0.18055555555555555,0.37222222222222223
495,720,0.010932896458330798,-0.47019138086921836,-0.3751173337495298,80,4.877898424587733e-05,0.0030348082073032856,356337,5.10155543088913,0.18333333333333332,0.0625,0.2111111111111111,0.11666666666666667,0.4263888888888889
496,720,0.010833407100559987,-0.019154488817475546,-0.018972207288397658,93,4.842141849823949e-05,0.0033005757723003626,357057,5.111378180980682,0.17222222222222222,0.04722222222222222,0.17083333333333334,0.38055555555555554,0.22916666666666666
497,720,0.010734823095944892,-0.5143428312335767,-0.40210661760326594,79,4.791332643839673e-05,0.002954682568088174,357777,5.1202133615811665,0.12916666666666668,0.075,0.13333333333333333,0.18055555555555555,0.48194444444444445
498,720,0.010637136205771794,-0.05351812711203252,-0.052111241637649575,84,4.957703014270009e-05,0.0027072259690612555,358497,5.130186895529429,0.14305555555555555,0.07361111111111111,0.2875,0.1597222222222222,0.33611111111111114
499,720,0.01054033826629927,0.1703932594459754,0.18577107531699233,89,4.83411503801613e-05,0.0027493154630064964,359217,5.140280262629191,0.07777777777777778,0.11944444444444445,0.1375,0.3597222222222222,0.3055555555555556
500,720,0.010444421188075948,0.21466739092776815,0.23944957622542695,93,4.8016610718251384e-05,0.002586734015494585,359937,5.149637361367543,0.17083333333333334,0.10833333333333334,0.1736111111111111,0.18611111111111112,0.3611111111111111
501,720,0.010349376955264456,0.23725723536334573,0.2677671903886427,93,4.7083102521759836e-05,0.0020012669265270233,360657,5.165090048313141,0.2375,0.07361111111111111,0.2263888888888889,0.1638888888888889,0.2986111111111111
502,720,0.01025519762497155,-0.01169868818408726,-0.011630524598582603,59,4.81259556617412e-05,0.002281411085277796,361377,5.17428244749705,0.14027777777777778,0.041666666666666664,0.14583333333333334,0.18472222222222223,0.4875
503,720,0.010161875326584309,-0.030625296366418604,-0.030161092837023507,98,4.760030571131008e-05,0.0019646300934255123,362097,5.18443843126297,0.09444444444444444,0.17916666666666667,0.2263888888888889,0.20694444444444443,0.29305555555555557
504,720,0.010069402261112392,0.04517868256318292,0.046214783547386507,86,4.612149046528834e-05,0.002324836328625679,362817,5.193883649508158,0.07916666666666666,0.15416666666666667,0.15694444444444444,0.24027777777777778,0.36944444444444446
505,720,0.01,0.27229658670581913,0.31297635490162246,57,4.6839451356896055e-05,0.002898711943998933,363537,5.20236321290334,0.1986111111111111,0.10555555555555556,0.21666666666666667,0.058333333333333334,0.42083333333333334
506,720,0.01,0.18859764329463513,0.20755498687763163,90,4.697189437037094e-05,0.002407805295661092,364257,5.211316597461701,0.1388888888888889,0.14027777777777778,0.22361111111111112,0.11944444444444445,0.37777777777777777
507,720,0.01,-0.04525272459556735,-0.04424409171678856,96,4.818506495970117e-05,0.0025977911427617073,364977,5.21953531106313,0.12777777777777777,0.09583333333333334,0.2013888888888889,0.175,0.4
508,720,0.01,0.16492397604548986,0.17930345999073194,72,4.664173978186328e-05,0.0023323623463511467,365697,5.229776684443156,0.23333333333333334,0.06805555555555555,0.09722222222222222,0.21805555555555556,0.38333333333333336
509,720,0.01,0.08481104835480331,0.08851137125135145,81,4.601414710426373e-05,0.002209656871855259,366417,5.239012749989827,0.10277777777777777,0.16666666666666666,0.14166666666666666,0.22083333333333333,0.3680555555555556
510,720,0.01,-0.3251470751350883,-0.2775789043519238,75,4.707237902089724e-05,0.002526715397834778,367137,5.248429878552755,0.18055555555555555,0.10555555555555556,0.18333333333333332,0.1361111111111111,0.39444444444444443
511,720,0.01,-0.3663310964642405,-0.30672677710728247,74,4.729468628283939e-05,0.0018920984584838152,367857,5.26618363459905,0.2222222222222222,0.04861111111111111,0.19166666666666668,0.20555555555555555,0.33194444444444443
512,720,0.01,-0.07715445840088261,-0.07425314681559558,76,4.656246886977695e-05,0.0020798922050744295,368577,5.276086095968882,0.12638888888888888,0.08611111111111111,0.13333333333333333,0.3,0.3541666666666667
513,720,0.01,0.07761865730350945,0.08071045903984664,67,4.772449615302321e-05,0.0019047334790229797,369297,5.284474531809489,0.11944444444444445,0.10277777777777777,0.23194444444444445,0.1736111111111111,0.37222222222222223
514,720,0.01,-0.1962037985066347,-0.17815527311817814,66,4.6528162590675494e-05,0.002216098830103874,370017,5.292651613553365,0.24444444444444444,0.05555555555555555,0.12916666666666668,0.30833333333333335,0.2625
515,720,0.01,0.05861169413012588,0.06036341544982671,77,4.7099316918775e-05,0.0020033293403685093,370737,5.302125545342763,0.12083333333333333,0.05694444444444444,0.26805555555555555,0.22361111111111112,0.33055555555555555
516,720,0.01,0.13434914739023568,0.14379210196377268,66,4.705336791377906e-05,0.002002870198339224,371457,5.311464945475261,0.12222222222222222,0.10972222222222222,0.16111111111111112,0.1527777777777778,0.45416666666666666
517,720,0.01,-0.059668306989143716,-0.05792303788977493,54,4.5821343211274424e-05,0.002566786017268896,372177,5.321463064352671,0.18611111111111112,0.03333333333333333,0.12777777777777777,0.24722222222222223,0.40555555555555556
518,720,0.01,0.0927770830907817,0.09721711975555003,65,4.8343226688353345e-05,0.002739781979471445,372897,5.3307718674341835,0.10416666666666667,0.1,0.11805555555555555,0.29444444444444445,0.38333333333333336
519,720,0.01,-0.04744584383799905,-0.04633788158566121,66,4.8869880889570694e-05,0.002527602482587099,373617,5.339795315265656,0.05416666666666667,0.041666666666666664,0.18472222222222223,0.29583333333333334,0.4236111111111111
520,720,0.01,-0.07472805365130604,-0.07200418290915533,81,4.6892948734643545e-05,0.0026248616632074118,374337,5.348491466045379,0.18333333333333332,0.11944444444444445,0.19305555555555556,0.30277777777777776,0.2013888888888889
521,720,0.01,0.04048774416580473,0.04131854739685137,77,4.801634180972138e-05,0.0022103951778262854,375057,5.366599015394846,0.15,0.16666666666666666,0.2125,0.24722222222222223,0.22361111111111112
522,720,0.01,0.206443146661039,0.22929784254336472,60,4.740192407426649e-05,0.0024247870314866304,375777,5.375255950291952,0.10555555555555556,0.1,0.28055555555555556,0.24305555555555555,0.2708333333333333
523,720,0.01,0.21640045836480945,0.24159948835908396,88,4.874457896322484e-05,0.0025276937521994114,376497,5.385513480504354,0.16666666666666666,0.1,0.18888888888888888,0.1875,0.35694444444444445
524,720,0.01,0.02597109173635384,0.02631127916755993,75,4.894383087806394e-05,0.0023027982097119093,377217,5.395326149463654,0.12083333333333333,0.11527777777777778,0.21666666666666667,0.2722222222222222,0.275
525,720,0.01,-0.01699391429747947,-0.016850332226885145,73,4.607637606694779e-05,0.0024364450946450233,377937,5.40444399913152,0.26944444444444443,0.0625,0.12638888888888888,0.19166666666666668,0.35
526,720,0.01,0.07115052148604098,0.07374283507238388,81,4.5527591326946196e-05,0.003221540478989482,378657,5.414223698774974,0.22361111111111112,0.08194444444444444,0.06944444444444445,0.3138888888888889,0.3111111111111111
527,720,0.01,0.348227681977744,0.41655473701046963,65,4.572095436969903e-05,0.003267134539783001,379377,5.423279496033986,0.15416666666666667,0.05694444444444444,0.21944444444444444,0.17222222222222222,0.3972222222222222
528,720,0.01,0.15334982758009,0.16573271307430404,63,4.588573803074622e-05,0.0028530580457299948,380097,5.432454180717468,0.11666666666666667,0.07916666666666666,0.15555555555555556,0.30277777777777776,0.3458333333333333
529,720,0.01,0.0662643388867418,0.06850912835168343,50,4.957196442142554e-05,0.003276995848864317,380817,5.4415052453676855,0.1986111111111111,0.10277777777777777,0.17083333333333334,0.1527777777777778,0.375
530,720,0.01,0.025792642750896183,0.026128151301005875,47,4.822539587444731e-05,0.0032240422442555428,381537,5.450542481740316,0.24444444444444444,0.020833333333333332,0.11388888888888889,0.28194444444444444,0.3388888888888889
531,720,0.01,-0.13984608080231434,-0.13050794338053828,102,4.864597237757254e-05,0.0034163957461714745,382257,5.469721400737763,0.12222222222222222,0.1388888888888889,0.14027777777777778,0.23055555555555557,0.3680555555555556
532,720,0.01,-0.1278696279734055,-0.120031905109513,71,4.8591830809780526e-05,0.0030787785071879625,382977,5.478948799769084,0.17777777777777778,0.06527777777777778,0.14583333333333334,0.25,0.3611111111111111
533,720,0.01,0.1850200676357447,0.20324258611934742,63,4.842685394805813e-05,0.0027485701721161604,383697,5.488580314318339,0.2638888888888889,0.0875,0.19027777777777777,0.21666666666666667,0.24166666666666667
534,720,0.01,-0.08901007984105229,-0.08516364787704289,68,4.799776311301684e-05,0.003130740951746702,384417,5.497967346509298,0.2777777777777778,0.07916666666666666,0.125,0.225,0.29305555555555557
535,720,0.01,0.24901516894895936,0.28276149106581516,61,5.011248384916043e-05,0.002835924969986081,385137,5.5075667142868046,0.2013888888888889,0.044444444444444446,0.14305555555555555,0.1736111111111111,0.4375
536,720,0.01,0.34168183074005487,0.4073124627094762,56,4.5897473819422883e-05,0.003020223928615451,385857,5.517174696922302,0.11388888888888889,0.05694444444444444,0.0625,0.2513888888888889,0.5152777777777777
537,720,0.01,-0.05616384743449112,-0.05461577557996056,57,4.653254246704819e-05,0.0027876035310328007,386577,5.526250946521759,0.35694444444444445,0.07083333333333333,0.18055555555555555,0.1736111111111111,0.21805555555555556
538,720,0.01,-0.09959125782562299,-0.09479266115436791,76,4.7310779970959834e-05,0.00226382352411747,387297,5.5371277809143065,0.23333333333333334,0.08611111111111111,0.16111111111111112,0.18194444444444444,0.3375
539,720,0.01,0.20852832333496155,0.23186382005844441,51,4.8342102324265095e-05,0.003152268473058939,388017,5.545683550834656,0.2263888888888889,0.041666666666666664,0.06111111111111111,0.19027777777777777,0.48055555555555557
540,720,0.01,0.05578398306306587,0.05736924939819299,51,4.99067255304908e-05,0.0038008892443031073,388737,5.5554601113001505,0.19166666666666668,0.0763888888888889,0.10833333333333334,0.14166666666666666,0.48194444444444445
541,720,0.01,-0.03413848813742712,-0.03356234478136999,71,4.867499766937221e-05,0.0037228779401630163,389457,5.5722039620081585,0.21666666666666667,0.11805555555555555,0.16527777777777777,0.24027777777777778,0.25972222222222224
542,720,0.01,-0.011236263059322073,-0.011173372029333772,65,4.80364246186582e-05,0.0038509101141244173,390177,5.581713231404622,0.25416666666666665,0.030555555555555555,0.10972222222222222,0.2847222222222222,0.32083333333333336
543,720,0.01,0.013565338557101462,0.013657765222308438,60,4.7262944351839703e-05,0.0031221953686326742,390897,5.59141259988149,0.13055555555555556,0.06527777777777778,0.15,0.3013888888888889,0.3527777777777778
544,720,0.01,0.04041094625753422,0.041238579381293716,71,4.714503422999567e-05,0.0028795809485018253,391617,5.601183581352234,0.20555555555555555,0.06944444444444445,0.125,0.225,0.375
545,720,0.01,-0.25250109440733054,-0.22314463735735446,52,4.749292993564167e-05,0.0028208475559949875,392337,5.610922582944235,0.15833333333333333,0.04027777777777778,0.09444444444444444,0.18194444444444444,0.525
546,720,0.01,0.049887447363302424,0.05115277970079379,76,4.802443447084038e-05,0.0030858349055051804,393057,5.619856115182241,0.225,0.09166666666666666,0.15833333333333333,0.26805555555555555,0.2569444444444444
547,720,0.01,0.013116913562828781,0.013203317645188228,60,4.814180859082424e-05,0.003178992075845599,393777,5.629145363966624,0.21666666666666667,0.041666666666666664,0.12222222222222222,0.2763888888888889,0.34305555555555556
548,720,0.01,0.08633016054260678,0.09016619875806109,41,4.748378595296445e-05,0.003510857466608286,394497,5.638290981451671,0.1361111111111111,0.027777777777777776,0.16666666666666666,0.3347222222222222,0.3347222222222222
549,720,0.01,0.13294639893912408,0.1421887741600536,70,4.7703188034928543e-05,0.0031605081167072058,395217,5.647316984335581,0.13333333333333333,0.04861111111111111,0.18611111111111112,0.24583333333333332,0.3861111111111111
550,720,0.01,0.17462069176848785,0.19079445280092577,51,4.6370212683339356e-05,0.003169568721204996,395937,5.656820031007131,0.2791666666666667,0.05416666666666667,0.0625,0.19166666666666668,0.4125
551,720,0.01,0.07070204316836325,0.07326139265840292,67,4.4557710815398526e-05,0.0038244989700615406,396657,5.67510416507721,0.15555555555555556,0.12083333333333333,0.13472222222222222,0.1763888888888889,0.4125
552,720,0.01,0.24051456522645204,0.27190345925619264,65,4.8080058125934655e-05,0.003262521233409643,397377,5.684089680512746,0.2986111111111111,0.058333333333333334,0.18611111111111112,0.20972222222222223,0.24722222222222223
553,720,0.01,-0.12079820755183814,-0.11378722740431202,68,4.699483262382071e-05,0.003154145088046789,398097,5.694220515092214,0.33055555555555555,0.11527777777777778,0.10694444444444444,0.13194444444444445,0.31527777777777777
554,720,0.01,0.15061250575174198,0.16254609086781047,102,4.723298935055532e-05,0.0030154024716466665,398817,5.703673628966014,0.15416666666666667,0.04722222222222222,0.1638888888888889,0.23194444444444445,0.4027777777777778
555,720,0.01,-0.5639055373511769,-0.43101746376186134,70,4.7366721599296904e-05,0.00318763661198318,399537,5.713398428757985,0.12777777777777777,0.07777777777777778,0.07777777777777778,0.3375,0.37916666666666665
556,720,0.01,0.12489883833473885,0.13303382768027183,62,4.979454457851615e-05,0.00313355028629303,400257,5.7223645130793255,0.3402777777777778,0.027777777777777776,0.11388888888888889,0.2652777777777778,0.25277777777777777
557,720,0.01,-0.08993542858065252,-0.08600979898960859,65,5.074188743113457e-05,0.0035754465498030186,400977,5.731512133280436,0.375,0.019444444444444445,0.10833333333333334,0.16666666666666666,0.33055555555555555
558,720,0.01,0.06140534795998492,0.06332984542637954,57,4.853313848166686e-05,0.00332969194278121,401697,5.740088299910227,0.17083333333333334,0.06944444444444445,0.09722222222222222,0.41388888888888886,0.24861111111111112
559,720,0.01,-0.03746065923963066,-0.03676768873302605,69,4.784313634268579e-05,0.002908681984990835,402417,5.749242464701335,0.1875,0.08055555555555556,0.019444444444444445,0.3402777777777778,0.37222222222222223
560,720,0.01,-0.14713359167589166,-0.1368213437697664,59,4.8544538615007895e-05,0.0030405945144593716,403137,5.7585022648175554,0.14166666666666666,0.09305555555555556,0.14444444444444443,0.24027777777777778,0.38055555555555554
561,720,0.01,-0.11947355948310721,-0.11261252950772993,70,4.858971985236672e-05,0.0025732300709933043,403857,5.777049163977305,0.20277777777777778,0.10833333333333334,0.17916666666666667,0.42777777777777776,0.08194444444444444
562,720,0.01,-0.16670224765814004,-0.15354839323260128,68,4.77341778100203e-05,0.00316936569288373,404577,5.786590214570364,0.15694444444444444,0.07361111111111111,0.06944444444444445,0.2916666666666667,0.4083333333333333
563,720,0.01,0.15687603744561388,0.16985058724511837,77,5.007203793007243e-05,0.0029394319280982018,405297,5.795699799060822,0.16666666666666666,0.11944444444444445,0.12361111111111112,0.46944444444444444,0.12083333333333333
564,720,0.01,0.11308797030075127,0.11973043163887542,54,4.879758332284231e-05,0.002935460302978754,406017,5.80559461514155,0.08055555555555556,0.018055555555555554,0.2,0.37222222222222223,0.32916666666666666
565,720,0.01,-0.08139977612182574,-0.07817490588981313,77,4.823828278404108e-05,0.0021348316222429276,406737,5.814438764254252,0.12222222222222222,0.07777777777777778,0.15694444444444444,0.5027777777777778,0.14027777777777778
566,720,0.01,-0.307074351119965,-0.264404093505506,62,4.9799941989982066e-05,0.002268468961119652,407457,5.82556168238322,0.13055555555555556,0.0875,0.14444444444444443,0.25277777777777777,0.38472222222222224
567,720,0.01,-0.09119614220204142,-0.08716135284350068,71,5.033291659325793e-05,0.0016300519928336143,408177,5.836223081747691,0.225,0.0375,0.1527777777777778,0.2569444444444444,0.3277777777777778
568,720,0.01,0.08602244717381413,0.08983079165177021,63,4.841738799415099e-05,0.0024536889977753162,408897,5.8460793455441795,0.20555555555555555,0.05138888888888889,0.1875,0.41805555555555557,0.1375
569,720,0.01,0.05014181861843014,0.051420196762862025,83,4.7281069862492585e-05,0.002671543974429369,409617,5.85529641310374,0.17222222222222222,0.06527777777777778,0.19166666666666668,0.38472222222222224,0.18611111111111112
570,720,0.01,-0.14837503553566603,-0.13789226672952226,67,4.9320533893630154e-05,0.002675680909305811,410337,5.864285214742025,0.29305555555555557,0.022222222222222223,0.19583333333333333,0.29583333333333334,0.19305555555555556
571,720,0.01,0.2664695607847641,0.30534785496628736,67,4.853084081509628e-05,0.0028524925000965595,411057,5.882804417610169,0.2013888888888889,0.058333333333333334,0.14305555555555555,0.40555555555555556,0.19166666666666668
572,720,0.01,-0.010871685870215454,-0.010812802673107247,71,5.0577296930340606e-05,0.0026274658739566803,411777,5.892113880316416,0.14444444444444443,0.13055555555555556,0.09444444444444444,0.23194444444444445,0.39861111111111114
573,720,0.01,-0.0009450593046691894,-0.0009446128767668371,73,4.703437815073307e-05,0.003409653902053833,412497,5.900987164179484,0.005555555555555556,0.1527777777777778,0.24583333333333332,0.2916666666666667,0.30416666666666664
574,720,0.01,-0.03183313805219521,-0.03133179754228477,68,4.738119541419413e-05,0.0033851091284304857,413217,5.911073899269104,0.08472222222222223,0.16666666666666666,0.09166666666666666,0.3763888888888889,0.28055555555555556
575,720,0.01,-0.36697323617650235,-0.3071718124724181,39,4.876218294435199e-05,0.0037389800418168306,413937,5.920399415493011,0.1625,0.015277777777777777,0.15,0.25555555555555554,0.4166666666666667
576,720,0.01,0.42278776487905867,0.526210346153509,73,4.638805710454916e-05,0.003929540049284697,414657,5.929999967416127,0.15,0.10138888888888889,0.09444444444444444,0.4361111111111111,0.21805555555555556
577,720,0.01,0.044996459099134196,0.046024156034321306,71,5.072734150720256e-05,0.0034973800648003817,415377,5.939090851942698,0.23333333333333334,0.09166666666666666,0.1625,0.3194444444444444,0.19305555555555556
578,720,0.01,0.18562283800849003,0.20396808373375608,74,4.845812544039695e-05,0.0031780723948031664,416097,5.948777115345001,0.04722222222222222,0.10555555555555556,0.19583333333333333,0.35,0.3013888888888889
579,720,0.01,-0.03495703189721909,-0.03435309261827135,64,4.765502460612778e-05,0.0036207977682352066,416817,5.957741280396779,0.1986111111111111,0.05555555555555555,0.1375,0.35555555555555557,0.25277777777777777
580,720,0.01,-0.07294345975579727,-0.07034660863036468,64,4.7583884410566193e-05,0.0030326643027365208,417537,5.968172629674275,0.11388888888888889,0.018055555555555554,0.1361111111111111,0.38333333333333336,0.3486111111111111
581,720,0.01,0.07397489706528554,0.07677977482455534,68,4.7630309524669834e-05,0.003141564317047596,418257,5.985078628857931,0.18611111111111112,0.05138888888888889,0.20972222222222223,0.3125,0.24027777777777778
582,720,0.01,0.14996784738692845,0.16179688732196573,81,4.9236564497176814e-05,0.0026865326799452305,418977,5.99461233218511,0.24861111111111112,0.1597222222222222,0.12083333333333333,0.2972222222222222,0.1736111111111111
583,720,0.01,-0.35992562828322094,-0.3022717846133196,81,4.595274455899319e-05,0.0027249930426478386,419697,6.004150382677714,0.13194444444444445,0.13333333333333333,0.18472222222222223,0.24166666666666667,0.30833333333333335
584,720,0.01,0.07008901477194089,0.07260365457458007,126,4.721077382454395e-05,0.003021705662831664,420417,6.012327496210734,0.11805555555555555,0.2902777777777778,0.07916666666666666,0.14722222222222223,0.36527777777777776
585,720,0.01,0.22058921695600545,0.24681115647237006,80,4.820091929029028e-05,0.0028583938255906105,421137,6.021052515506744,0.17916666666666667,0.1375,0.07916666666666666,0.3597222222222222,0.24444444444444444
586,720,0.01,-0.3512612465320938,-0.29620013543745793,64,4.792388370257565e-05,0.0031083961948752403,421857,6.03017438252767,0.14444444444444443,0.07083333333333333,0.2513888888888889,0.11805555555555555,0.4152777777777778
587,720,0.01,-0.07453373064368352,-0.07182383444855656,71,4.7287071394445473e-05,0.0031425959896296263,422577,6.040627996126811,0.18055555555555555,0.22916666666666666,0.12361111111111112,0.2152777777777778,0.2513888888888889
588,720,0.01,-0.17894052289891846,-0.1638443699689699,106,4.834215279364192e-05,0.0028222333639860153,423297,6.050046384334564,0.24861111111111112,0.24444444444444444,0.1638888888888889,0.2625,0.08055555555555556
589,720,0.01,-0.011713915662096633,-0.01164557485844675,96,4.6446472163097495e-05,0.003346469718962908,424017,6.059414263566335,0.0875,0.25,0.11805555555555555,0.35,0.19444444444444445
590,720,0.01,-0.2761506663179758,-0.2413013881768452,109,4.549642801900215e-05,0.0030542598105967045,424737,6.068919781843821,0.06527777777777778,0.24027777777777778,0.14583333333333334,0.19722222222222222,0.35138888888888886
591,720,0.01,-0.23216421792732841,-0.20718408197085625,66,4.64125071504087e-05,0.0033334773033857346,425457,6.088809963067373,0.14027777777777778,0.12638888888888888,0.20833333333333334,0.3763888888888889,0.1486111111111111
592,720,0.01,0.016716324814231555,0.01685682435876923,83,4.642349864020111e-05,0.002662407234311104,426177,6.098876814047496,0.1986111111111111,0.19027777777777777,0.19027777777777777,0.3,0.12083333333333333
593,720,0.01,-0.05755937583326666,-0.05593416597331147,76,4.561783979271341e-05,0.0028185949195176363,426897,6.108219881852468,0.16944444444444445,0.08611111111111111,0.19722222222222222,0.34444444444444444,0.20277777777777778
594,720,0.01,-0.005965587992126205,-0.005947829203499122,74,4.33841947622366e-05,0.002612999640405178,427617,6.118856847286224,0.17777777777777778,0.2152777777777778,0.20416666666666666,0.16111111111111112,0.24166666666666667
595,720,0.01,0.26161824453705307,0.29903053575521876,85,4.3430848380568124e-05,0.0028789518401026726,428337,6.129176914691925,0.06111111111111111,0.20416666666666666,0.1361111111111111,0.3875,0.2111111111111111
596,720,0.01,0.09416106484544418,0.09873669952297859,75,4.4735972325169216e-05,0.002308033872395754,429057,6.137835629781088,0.20694444444444443,0.12361111111111112,0.18888888888888888,0.3472222222222222,0.13333333333333333
597,720,0.01,-0.049005700711246984,-0.047824298395697795,93,4.4579115168138136e-05,0.0025369205977767706,429777,6.1474332491556805,0.12361111111111112,0.08888888888888889,0.22361111111111112,0.4027777777777778,0.16111111111111112
598,720,0.01,0.015934944422074472,0.016062582717417007,77,4.248862996216e-05,0.002963196486234665,430497,6.156863232453664,0.09027777777777778,0.2152777777777778,0.22777777777777777,0.3638888888888889,0.10277777777777777
599,720,0.01,-0.208516157167413,-0.18821208159671698,63,4.306052234205203e-05,0.0030740066431462765,431217,6.165802665551504,0.28888888888888886,0.06805555555555555,0.12222222222222222,0.32222222222222224,0.1986111111111111
600,720,0.01,-0.06662668112490173,-0.06445560746688794,57,4.3084658904667274e-05,0.003245896426960826,431937,6.175008531411489,0.08333333333333333,0.04027777777777778,0.16944444444444445,0.39861111111111114,0.30833333333333335
601,720,0.01,0.01411288188227632,0.014212938742578451,52,4.290660151898212e-05,0.0035463012754917145,432657,6.19320718050003,0.35694444444444445,0.059722222222222225,0.2152777777777778,0.32222222222222224,0.04583333333333333
602,720,0.01,-0.051918219876407,-0.050593493750410334,92,4.2247729077694705e-05,0.003238026052713394,433377,6.20339603026708,0.18472222222222223,0.12638888888888888,0.27361111111111114,0.19027777777777777,0.225
603,720,0.01,0.006981088687977014,0.0070055132913056095,102,4.2450450165334685e-05,0.00323106674477458,434097,6.2122189482053125,0.1875,0.15416666666666667,0.1388888888888889,0.4444444444444444,0.075
604,720,0.01,-0.18059280386437604,-0.16522479326301387,126,4.350385897851083e-05,0.0031443117186427116,434817,6.221383313337962,0.04027777777777778,0.17083333333333334,0.19305555555555556,0.3375,0.25833333333333336
605,720,0.01,-0.0608901892167702,-0.05907344201452758,89,4.110911202638413e-05,0.0023809459526091814,435537,6.231524280707041,0.125,0.19166666666666668,0.11388888888888889,0.32916666666666666,0.24027777777777778
606,720,0.01,-0.1893588965072126,-0.1725105296853885,105,4.221462958690204e-05,0.0020332348067313433,436257,6.240187001228333,0.1486111111111111,0.1361111111111111,0.25555555555555554,0.3111111111111111,0.1486111111111111
607,720,0.01,0.10737040153578815,0.11334656339162796,83,4.178274154722001e-05,0.0019002612680196762,436977,6.25043796300888,0.12222222222222222,0.21805555555555556,0.2263888888888889,0.32083333333333336,0.1125
608,720,0.01,0.024396874489088085,0.024696913265542353,74,4.023219440291036e-05,0.0020653954707086086,437697,6.259807582696279,0.17083333333333334,0.10694444444444444,0.2125,0.2916666666666667,0.21805555555555556
609,720,0.01,-0.001959531085741176,-0.0019576124581088816,82,3.995092263645953e-05,0.0025625203270465136,438417,6.269138328234354,0.21388888888888888,0.1486111111111111,0.14444444444444443,0.2916666666666667,0.2013888888888889
610,720,0.01,0.08556910973216686,0.08933684252012752,74,4.227271839959536e-05,0.0024520743172615767,439137,6.278345779577891,0.2875,0.09583333333333334,0.15,0.3236111111111111,0.14305555555555555
611,720,0.01,-0.006392226697377341,-0.006371839878485552,95,4.047226542146139e-05,0.0024831409100443125,439857,6.297206032276153,0.20833333333333334,0.24444444444444444,0.10277777777777777,0.35,0.09444444444444444
612,720,0.01,0.048670109005518034,0.049873949644542614,72,4.0906938767825016e-05,0.0022328568156808615,440577,6.3075872977574665,0.21805555555555556,0.13333333333333333,0.23333333333333334,0.24861111111111112,0.16666666666666666
613,720,0.01,-0.08092920177299892,-0.07774101656583232,77,3.987576244778918e-05,0.0025025191716849804,441297,6.316659379005432,0.18472222222222223,0.1,0.11805555555555555,0.3875,0.20972222222222223
614,720,0.01,-0.07910879284781243,-0.0760605990215697,63,4.015798381513175e-05,0.002583540277555585,442017,6.325664063294728,0.18472222222222223,0.1125,0.2013888888888889,0.2375,0.2638888888888889
615,720,0.01,0.11468644415721398,0.12152172274472184,72,3.752017690885623e-05,0.002480881055817008,442737,6.335282762845357,0.09861111111111111,0.1388888888888889,0.21666666666666667,0.2652777777777778,0.28055555555555556
616,720,0.01,0.008832562846037265,0.008871685027463272,74,3.9080653568311794e-05,0.0023032259196043015,443457,6.345466800530752,0.17083333333333334,0.16111111111111112,0.22777777777777777,0.325,0.11527777777777778
617,720,0.01,0.11137320375100047,0.11781200065068842,83,3.653913097423356e-05,0.0027518575079739094,444177,6.354567313194275,0.2513888888888889,0.03333333333333333,0.25,0.4097222222222222,0.05555555555555555
618,720,0.01,-0.033737909164536464,-0.033175132628731285,57,3.7532639952233796e-05,0.0030427430756390095,444897,6.3635720133781435,0.2916666666666667,0.09166666666666666,0.10555555555555556,0.32083333333333336,0.19027777777777777
619,720,0.01,-0.28012293316326664,-0.2443091637196766,56,3.9203980188378614e-05,0.0030941087752580643,445617,6.371985681851705,0.16805555555555557,0.015277777777777777,0.33194444444444443,0.2111111111111111,0.27361111111111114
620,720,0.01,0.01907722905850784,0.019260362096025663,74,3.7637978222291065e-05,0.00308783957734704,446337,6.381241679191589,0.10555555555555556,0.14027777777777778,0.225,0.33194444444444443,0.19722222222222222
621,720,0.01,-0.11123506521222068,-0.10527159531463548,96,3.844757989415686e-05,0.0028847039211541414,447057,6.4022412975629175,0.20555555555555555,0.20694444444444443,0.22361111111111112,0.3138888888888889,0.05
622,720,0.01,0.02888867463300361,0.029309999783122098,84,3.861624411961707e-05,0.0028972101863473654,447777,6.411935861905416,0.10833333333333334,0.27361111111111114,0.23472222222222222,0.3375,0.04583333333333333
623,720,0.01,-0.018132824447660983,-0.01796941397491314,64,3.6541178269544615e-05,0.002924489788711071,448497,6.421352378527323,0.12777777777777777,0.1486111111111111,0.23472222222222222,0.3763888888888889,0.1125
624,720,0.01,0.18431229370365781,0.20239126369036797,80,3.6444406061440933e-05,0.002385347615927458,449217,6.430813848972321,0.1986111111111111,0.1125,0.2263888888888889,0.2763888888888889,0.18611111111111112
625,720,0.01,-0.019333181529469945,-0.019147494143513355,88,3.361698394933733e-05,0.002241792157292366,449937,6.440225795904795,0.125,0.09722222222222222,0.2777777777777778,0.3375,0.1625
626,720,0.01,0.13733335795302729,0.14721051653363393,87,3.531985884642886e-05,0.002515258966013789,450657,6.4496693968772885,0.09305555555555556,0.1875,0.2916666666666667,0.25833333333333336,0.16944444444444445
627,720,0.01,0.11698638780810472,0.12410412806529214,89,3.506580892462807e-05,0.002953037852421403,451377,6.459000317255656,0.1986111111111111,0.10277777777777777,0.2222222222222222,0.31805555555555554,0.15833333333333333
628,720,0.01,0.0442097074399617,0.0452015184422041,80,3.367845493976852e-05,0.001966334879398346,452097,6.468543899059296,0.1625,0.09583333333333334,0.1,0.3472222222222222,0.29444444444444445
629,720,0.01,-0.007811195389124973,-0.007780767280602063,66,3.3786053360371526e-05,0.0023141575511544943,452817,6.479400499661764,0.1111111111111111,0.12361111111111112,0.2569444444444444,0.24027777777777778,0.26805555555555555
630,720,0.01,-0.007651804586843845,-0.007622604056511717,81,3.3835161983435885e-05,0.0021468098275363445,453537,6.488940179347992,0.19583333333333333,0.10694444444444444,0.24583333333333332,0.2972222222222222,0.15416666666666667
631,720,0.01,0.1782838972051966,0.1951645769587933,75,3.122656065228411e-05,0.0022372473031282425,454257,6.5064272801081335,0.09444444444444444,0.1375,0.19305555555555556,0.48194444444444445,0.09305555555555556
632,720,0.01,0.09007493486797803,0.09425627858280516,67,3.3084490778239544e-05,0.002722497098147869,454977,6.516862630844116,0.17222222222222222,0.17222222222222222,0.1875,0.32083333333333336,0.14722222222222223
633,720,0.01,-0.05520647184845413,-0.053710254411312275,106,3.201483235733981e-05,0.00251687690615654,455697,6.525992381572723,0.17916666666666667,0.18194444444444444,0.25,0.1986111111111111,0.19027777777777777
634,720,0.01,0.04312066213175916,0.044063866222263215,67,3.225855672642158e-05,0.0023995316587388515,456417,6.537149194876353,0.1361111111111111,0.04861111111111111,0.3277777777777778,0.3375,0.15
635,720,0.01,0.0005265350026929254,0.0005266736465809885,60,3.2280905119503384e-05,0.002480501076206565,457137,6.546564380327861,0.1,0.05277777777777778,0.1736111111111111,0.4791666666666667,0.19444444444444445
636,720,0.01,0.16491923890452687,0.17929787347723836,56,3.163162774121197e-05,0.0023325947113335133,457857,6.5579778472582495,0.24444444444444444,0.043055555555555555,0.1111111111111111,0.4791666666666667,0.12222222222222222
637,720,0.01,0.045576180921508086,0.0466307348708066,75,3.14833660853411e-05,0.0024481602013111115,458577,6.56753769715627,0.28888888888888886,0.08333333333333333,0.12777777777777777,0.34305555555555556,0.15694444444444444
638,720,0.01,-0.06403313746982854,-0.06202608306663937,78,3.3130910473270585e-05,0.0028989221900701523,459297,6.576609297593435,0.2652777777777778,0.11944444444444445,0.20416666666666666,0.3347222222222222,0.0763888888888889
639,720,0.01,-0.30490017335405906,-0.2628030373812893,114,3.233528926279582e-05,0.002648623427376151,460017,6.58592164516449,0.10972222222222222,0.21388888888888888,0.18472222222222223,0.3597222222222222,0.13194444444444445
640,720,0.01,-0.19050688806120275,-0.173459935549102,61,3.0481301927112426e-05,0.002194264903664589,460737,6.594965696334839,0.12083333333333333,0.04583333333333333,0.26805555555555555,0.3597222222222222,0.20555555555555555
641,720,0.01,0.335751322631521,0.3989910841289115,83,3.0834843024270715e-05,0.0021324981935322285,461457,6.614104048411051,0.1763888888888889,0.11944444444444445,0.21388888888888888,0.325,0.16527777777777777
642,720,0.01,-0.2685451448871133,-0.2355090908249936,85,3.015447279924249e-05,0.0021876429673284292,462177,6.622855432828268,0.12638888888888888,0.16944444444444445,0.20972222222222223,0.3611111111111111,0.13333333333333333
643,720,0.01,0.09663058090206339,0.10145340053217677,81,3.042582077846924e-05,0.0018006808822974563,462897,6.631408031781515,0.12638888888888888,0.14027777777777778,0.3402777777777778,0.29305555555555557,0.1
644,720,0.01,0.11379304153966871,0.12052019975023742,67,2.9945218517468675e-05,0.0021697538904845715,463617,6.641986282666524,0.20555555555555555,0.07083333333333333,0.1638888888888889,0.43194444444444446,0.12777777777777777
645,720,0.01,0.17129919140208152,0.18684578996242052,53,2.8771602170410106e-05,0.0022270872723311186,464337,6.651784745852153,0.16111111111111112,0.06805555555555555,0.14305555555555555,0.49166666666666664,0.1361111111111111
646,720,0.01,0.023560470500596255,0.023840211004829248,50,2.9517098100010722e-05,0.0016966923139989376,465057,6.6616309642791744,0.17222222222222222,0.05694444444444444,0.09027777777777778,0.3736111111111111,0.30694444444444446
647,720,0.01,0.02719855005076669,0.027571806944733934,70,2.8010842317548343e-05,0.0028660150710493326,465777,6.671117615699768,0.18611111111111112,0.09722222222222222,0.12638888888888888,0.3819444444444444,0.20833333333333334
648,720,0.01,0.2585648487249485,0.29507013077651045,49,2.881866770205003e-05,0.0028105517849326134,466497,6.68062694867452,0.2263888888888889,0.04861111111111111,0.18611111111111112,0.2777777777777778,0.2611111111111111
649,720,0.01,0.085723425440628,0.08950495727777907,77,3.0201970084438774e-05,0.0029188538901507854,467217,6.6900254448254906,0.08611111111111111,0.075,0.2375,0.3055555555555556,0.29583333333333334
650,720,0.01,0.14456932158730407,0.1555417961788581,77,2.930323036783496e-05,0.0026870891451835632,467937,6.700807281335195,0.18888888888888888,0.08055555555555556,0.2263888888888889,0.31805555555555554,0.18611111111111112
651,720,0.01,-0.06028600829516291,-0.05850478036959872,53,2.939100745796471e-05,0.002720883581787348,468657,6.718092346191407,0.19444444444444445,0.07083333333333333,0.20555555555555555,0.2722222222222222,0.2569444444444444
652,720,0.01,-0.08765714338821913,-0.08392509477498289,65,2.9105859954370317e-05,0.002895676763728261,469377,6.728823284308116,0.12361111111111112,0.08055555555555556,0.28055555555555556,0.2611111111111111,0.25416666666666665
653,720,0.01,-0.1977910777556108,-0.1794587354460171,65,2.9029473859054632e-05,0.002577059203758836,470097,6.737061949570974,0.2,0.13194444444444445,0.0875,0.16944444444444445,0.4111111111111111
654,720,0.01,0.3772310808564232,0.45824124207546446,79,2.9358217904650194e-05,0.0024468996562063694,470817,6.745246815681457,0.25277777777777777,0.11527777777777778,0.15833333333333333,0.29583333333333334,0.17777777777777778
655,720,0.01,0.5392078425474028,0.7146480528268078,66,2.947043340984439e-05,0.0024923961609601974,471537,6.754978895187378,0.11527777777777778,0.09305555555555556,0.18055555555555555,0.3138888888888889,0.2972222222222222
656,720,0.01,-0.14406130516353624,-0.1341653337036841,64,2.9439691300897014e-05,0.002469470491632819,472257,6.765325895945231,0.2875,0.0625,0.08055555555555556,0.40694444444444444,0.1625
657,720,0.01,0.10861160216683702,0.11472930780278401,89,2.7732723239953178e-05,0.002301451750099659,472977,6.774352248509725,0.19027777777777777,0.06111111111111111,0.2388888888888889,0.30416666666666664,0.20555555555555555
658,720,0.01,0.024423147323434185,0.02472383531145672,47,2.735864690698185e-05,0.00219321739859879,473697,6.783826414744059,0.22361111111111112,0.06388888888888888,0.0875,0.39305555555555555,0.23194444444444445
659,720,0.01,0.10606229676203165,0.1118911415668642,63,2.8661460236713132e-05,0.0023447528947144747,474417,6.7927080949147545,0.07222222222222222,0.08055555555555556,0.13333333333333333,0.3375,0.3763888888888889
660,720,0.01,0.14631498131182608,0.15756074063476122,55,2.910911811113692e-05,0.0024683133233338594,475137,6.802783799171448,0.17777777777777778,0.03888888888888889,0.18472222222222223,0.18055555555555555,0.41805555555555557
661,720,0.01,-0.022164224548510265,-0.02192040281902441,72,2.954377516933467e-05,0.0021858965046703815,475857,6.821657665570577,0.18055555555555555,0.10833333333333334,0.12777777777777777,0.3472222222222222,0.2361111111111111
662,720,0.01,-0.057143459351631856,-0.0555414317665367,64,2.671944912814676e-05,0.002251707250252366,476577,6.831116314729055,0.02361111111111111,0.044444444444444446,0.1527777777777778,0.24722222222222223,0.5319444444444444
663,720,0.01,-0.1499573340256847,-0.13925529984710494,61,2.9011457940618535e-05,0.0025291400961577892,477297,6.840420583883922,0.15416666666666667,0.1388888888888889,0.125,0.2375,0.34444444444444444
664,720,0.01,-0.27972789882036736,-0.24401058091538463,124,2.9910335634516134e-05,0.0023027812130749226,478017,6.84941459496816,0.0375,0.24444444444444444,0.20277777777777778,0.33194444444444443,0.18333333333333332
665,720,0.01,0.032665704786710804,0.03320508598824623,83,2.921477910907318e-05,0.0026480634696781635,478737,6.858208334445953,0.20416666666666666,0.07777777777777778,0.125,0.475,0.11805555555555555
666,720,0.01,-0.023149450211756167,-0.022883557398651,58,2.873271248770632e-05,0.002542425412684679,479457,6.868596680959066,0.2222222222222222,0.10138888888888889,0.18888888888888888,0.15833333333333333,0.32916666666666666
667,720,0.01,0.43184364561374394,0.5400942958366386,59,2.965356963184402e-05,0.0029926549177616835,480177,6.877505215009053,0.2708333333333333,0.029166666666666667,0.20555555555555555,0.17777777777777778,0.31666666666666665
668,720,0.01,0.22744262367675125,0.2553854082887117,51,2.9080367349049792e-05,0.004353693220764399,480897,6.886684731642405,0.23472222222222222,0.020833333333333332,0.05,0.19027777777777777,0.5041666666666667
669,720,0.01,-0.0628939928421412,-0.060956986305950145,45,2.9227706753924092e-05,0.0035576848313212395,481617,6.895938265323639,0.21666666666666667,0.03611111111111111,0.13333333333333333,0.17222222222222222,0.44166666666666665
670,720,0.01,-0.04926377186852314,-0.048069995775874674,56,2.8654756397372695e-05,0.0030118823051452637,482337,6.905223031838735,0.11666666666666667,0.05555555555555555,0.11805555555555555,0.35,0.3597222222222222
671,720,0.01,-0.26914107121766495,-0.2359645353680615,72,3.118269699989974e-05,0.003443321445956826,483057,6.92420791387558,0.22083333333333333,0.06944444444444445,0.15555555555555556,0.27361111111111114,0.28055555555555556
672,720,0.01,0.2410299650792177,0.2725591670731651,64,2.9488733393160752e-05,0.003521192353218794,483777,6.93347358306249,0.17916666666666667,0.02361111111111111,0.1111111111111111,0.1763888888888889,0.5097222222222222
673,720,0.01,0.11352352728037117,0.12021824427105154,64,3.17452576590919e-05,0.0030568568035960197,484497,6.946804781754811,0.13333333333333333,0.043055555555555555,0.11388888888888889,0.3527777777777778,0.35694444444444445
674,720,0.01,0.27707354239448756,0.3192633892560459,78,3.053518373753326e-05,0.002563470508903265,485217,6.963812681039174,0.10138888888888889,0.09861111111111111,0.1111111111111111,0.3819444444444444,0.30694444444444446
675,720,0.01,0.0834868362459328,0.08707090526463834,73,3.0012371954373724e-05,0.0032415962778031826,485937,6.979037447770437,0.19722222222222222,0.02638888888888889,0.08888888888888889,0.29583333333333334,0.39166666666666666
676,720,0.01,0.3086902943203711,0.3616405973674055,89,3.2555572904079275e-05,0.003171640681102872,486657,6.991988698641459,0.34305555555555556,0.034722222222222224,0.08055555555555556,0.2638888888888889,0.2777777777777778
677,720,0.01,0.30334174059687957,0.3543772310480553,75,3.0910237018133555e-05,0.0033413267228752375,487377,7.003603978951772,0.25555555555555554,0.02361111111111111,0.10833333333333334,0.20833333333333334,0.4041666666666667
678,720,0.01,0.08592026575361317,0.08971943688299011,67,3.08242789616189e-05,0.003249871078878641,488097,7.01461797952652,0.09027777777777778,0.043055555555555555,0.15555555555555556,0.37916666666666665,0.33194444444444443
679,720,0.01,-0.13334688221040222,-0.1248385384924372,68,3.2460599437753345e-05,0.003323483280837536,488817,7.026055697600047,0.15555555555555556,0.02638888888888889,0.175,0.2361111111111111,0.40694444444444444
680,720,0.01,-0.14619054193123163,-0.13600693940685338,75,3.1640332874379355e-05,0.0034447810612618923,489537,7.038520348072052,0.2625,0.06111111111111111,0.11805555555555555,0.21944444444444444,0.3388888888888889
681,720,0.01,0.002152452252097015,0.0021547704404123458,73,3.208401316972716e-05,0.0028015258722007275,490257,7.061726045608521,0.12361111111111112,0.0375,0.1625,0.25416666666666665,0.4222222222222222
682,720,0.01,0.005446481663364054,0.00546134070887816,107,3.262471661603033e-05,0.0028648688457906246,490977,7.07348769903183,0.16944444444444445,0.06111111111111111,0.14722222222222223,0.26805555555555555,0.3541666666666667
683,720,0.01,0.03139520198000953,0.0318932295616996,74,3.155916372305809e-05,0.0027401766274124384,491697,7.086437511444092,0.12916666666666668,0.03611111111111111,0.1486111111111111,0.3541666666666667,0.33194444444444443
684,720,0.01,0.06982884939854282,0.07232463654126708,59,3.1888237848913074e-05,0.0034520321059972048,492417,7.097857530911764,0.2625,0.0625,0.11527777777777778,0.275,0.2847222222222222
685,720,0.01,0.2920354457785573,0.33915048402955583,82,3.151658101564357e-05,0.0031315451487898827,493137,7.108926630020141,0.3819444444444444,0.05,0.05555555555555555,0.1625,0.35
686,720,0.01,0.09886051016370703,0.10391230427213727,71,3.233669686627157e-05,0.0031677496153861284,493857,7.120430715878805,0.21805555555555556,0.059722222222222225,0.09305555555555556,0.18888888888888888,0.44027777777777777
687,720,0.01,-0.11433817815551356,-0.108043735251803,80,3.3834146496600524e-05,0.0032715806737542152,494577,7.131505680084229,0.2833333333333333,0.05138888888888889,0.09861111111111111,0.1388888888888889,0.42777777777777776
688,720,0.01,0.15058873646931065,0.16251845830984135,73,3.395624062881729e-05,0.003941366448998451,495297,7.143736449877421,0.0625,0.05,0.1625,0.3013888888888889,0.4236111111111111
689,720,0.01,0.11732592692605473,0.12448587019394308,96,3.2773841310371507e-05,0.004185120575129986,496017,7.154591381549835,0.20555555555555555,0.08472222222222223,0.11666666666666667,0.29305555555555557,0.3
690,720,0.01,0.11448836563899335,0.12129959538378476,85,3.477924340952793e-05,0.0041060191579163074,496737,7.16602041721344,0.19166666666666668,0.022222222222222223,0.07361111111111111,0.18055555555555555,0.5319444444444444
691,720,0.01,-0.41364240638907607,-0.3387626367499119,108,3.3256426206030986e-05,0.0034897997975349426,497457,7.186819612979889,0.19722222222222222,0.043055555555555555,0.15416666666666667,0.2625,0.34305555555555556
692,720,0.01,-0.20775156261627709,-0.1875911556295734,80,3.6123899010615585e-05,0.0037678531371057034,498177,7.197860618432363,0.3375,0.03611111111111111,0.09027777777777778,0.12083333333333333,0.4152777777777778
693,720,0.01,0.3011903335324112,0.3514665464616016,101,3.7401732552350746e-05,0.004277070052921772,498897,7.208559815088908,0.4847222222222222,0.022222222222222223,0.13472222222222222,0.10138888888888889,0.2569444444444444
694,720,0.01,-0.42247051802958924,-0.3445744227205233,90,3.694403233743692e-05,0.003665503580123186,499617,7.219003212451935,0.2125,0.034722222222222224,0.15,0.15694444444444444,0.44583333333333336
695,720,0.01,-0.09000423396759556,-0.08607268427560322,100,3.835260564907609e-05,0.003400385845452547,500337,7.228369879722595,0.34305555555555556,0.041666666666666664,0.1125,0.16666666666666666,0.33611111111111114
696,720,0.01,0.06924556740274469,0.07169935126367633,68,3.84137618438116e-05,0.003973712678998709,501057,7.239151783784231,0.39444444444444443,0.05138888888888889,0.06805555555555555,0.225,0.2611111111111111
697,720,0.01,-0.049542580174517604,-0.04833536477252043,70,3.841168220080565e-05,0.0029978007078170776,501777,7.249915166695913,0.12916666666666668,0.058333333333333334,0.18333333333333332,0.2763888888888889,0.3527777777777778
698,720,0.01,0.3672481334427299,0.443756118848907,80,3.946598072843699e-05,0.0032640963327139616,502497,7.259712167580923,0.32083333333333336,0.09861111111111111,0.11805555555555555,0.11527777777777778,0.3472222222222222
699,720,0.01,-0.014950150566163448,-0.014838951900476571,119,3.908573606344766e-05,0.0032097853254526854,503217,7.270835645993551,0.20555555555555555,0.03333333333333333,0.1736111111111111,0.15833333333333333,0.42916666666666664
700,720,0.01,-0.4330227273169999,-0.35145424806741665,73,4.246098535279291e-05,0.003072830382734537,503937,7.280914763609569,0.2,0.029166666666666667,0.1375,0.23472222222222222,0.39861111111111114
701,720,0.01,-0.33608045130521746,-0.28543438423293943,75,4.063102922297427e-05,0.003374021966010332,504657,7.299983716011047,0.24305555555555555,0.008333333333333333,0.07083333333333333,0.22361111111111112,0.45416666666666666
702,720,0.01,-0.2547753897720277,-0.2249094283190166,84,4.247649931762175e-05,0.0033098566345870495,505377,7.311193132400513,0.14583333333333334,0.11944444444444445,0.18194444444444444,0.34444444444444444,0.20833333333333334
703,720,0.01,-0.04056620185780472,-0.039754407635023914,61,4.13103483310806e-05,0.0032801805064082146,506097,7.321908446153005,0.1736111111111111,0.03611111111111111,0.18194444444444444,0.2,0.4083333333333333
704,720,0.01,-0.13832856215211958,-0.12918747130132335,100,4.368399078329175e-05,0.0027649439871311188,506817,7.332323928674062,0.2,0.13472222222222222,0.14027777777777778,0.2833333333333333,0.24166666666666667
705,720,0.01,0.2049109384434244,0.22741574453835423,110,4.3122578454636416e-05,0.003966107033193111,507537,7.342691814899444,0.15416666666666667,0.07361111111111111,0.19027777777777777,0.2263888888888889,0.35555555555555557
706,720,0.01,0.025101141936075627,0.025418828125310045,94,4.288468572389724e-05,0.003382005263119936,508257,7.353849864006042,0.24166666666666667,0.18055555555555555,0.16666666666666666,0.1625,0.24861111111111112
707,720,0.01,-0.010390189670323995,-0.010336398112324785,71,4.373955946448405e-05,0.003128375392407179,508977,7.366771916548411,0.11666666666666667,0.13333333333333333,0.2,0.16805555555555557,0.3819444444444444
708,720,0.01,-0.057458751123053896,-0.05583916484268958,79,4.395991674452186e-05,0.002593756653368473,509697,7.379238998889923,0.3625,0.08333333333333333,0.10555555555555556,0.22083333333333333,0.22777777777777777
709,720,0.01,-0.1770854009295796,-0.16229175959437725,71,4.283101816453281e-05,0.0026272840332239866,510417,7.395028400421142,0.3958333333333333,0.0625,0.075,0.15,0.31666666666666665
710,720,0.01,-0.3235745228723198,-0.2764419657098697,81,4.436760246764809e-05,0.0033215717412531376,511137,7.413637510935465,0.13333333333333333,0.03888888888888889,0.12222222222222222,0.12638888888888888,0.5791666666666667
711,720,0.01,-0.13977244579625556,-0.13044391597037852,83,4.507445733123758e-05,0.0027796230278909206,511857,7.438956348101298,0.2361111111111111,0.15833333333333333,0.05555555555555555,0.13055555555555556,0.41944444444444445
712,720,0.01,-0.00909259665346865,-0.009051384001114382,79,4.3964546284769314e-05,0.002680903533473611,512577,7.453596433003743,0.18194444444444444,0.1638888888888889,0.125,0.11666666666666667,0.4125
713,720,0.01,0.14788296932925313,0.1593772057311118,85,4.3642706066293614e-05,0.0034377863630652428,513297,7.466244733333587,0.175,0.08888888888888889,0.19444444444444445,0.25972222222222224,0.28194444444444444
714,720,0.01,0.11836371814113526,0.12565345750264711,56,4.3841417292848445e-05,0.003353819949552417,514017,7.47932946284612,0.1388888888888889,0.04583333333333333,0.09166666666666666,0.25416666666666665,0.46944444444444444
715,720,0.01,0.046401817809928615,0.04749522864393918,59,4.529228620084622e-05,0.002961333841085434,514737,7.491893116633097,0.2111111111111111,0.06805555555555555,0.1486111111111111,0.18888888888888888,0.38333333333333336
716,720,0.01,-0.05875893973694182,-0.0570659543085712,65,4.395970273978694e-05,0.003538941964507103,515457,7.503858931859335,0.16111111111111112,0.13333333333333333,0.11805555555555555,0.1638888888888889,0.4236111111111111
717,720,0.01,0.02750044112721331,0.027882068533905624,71,4.497787516836777e-05,0.0034980999771505594,516177,7.516528483231863,0.1111111111111111,0.08194444444444444,0.1597222222222222,0.28888888888888886,0.35833333333333334
718,720,0.01,-0.17258489601909244,-0.15851315310417113,78,4.420059158418452e-05,0.003763917600736022,516897,7.534641933441162,0.14722222222222223,0.1361111111111111,0.14722222222222223,0.2152777777777778,0.3541666666666667
719,720,0.01,0.11237826785785546,0.11893603814100251,86,4.534043789084939e-05,0.0036826864816248417,517617,7.546001247564951,0.1375,0.14444444444444443,0.18055555555555555,0.25416666666666665,0.2833333333333333
720,720,0.01,-0.17085210743209323,-0.15705377026395262,84,4.5352933228868e-05,0.0037881224416196346,518337,7.56202674706777,0.2569444444444444,0.18194444444444444,0.15833333333333333,0.26666666666666666,0.1361111111111111
721,720,0.01,0.018781804498213987,0.018959292025663377,86,4.568949884994961e-05,0.0034012238029390574,519057,7.608613650004069,0.10972222222222222,0.2013888888888889,0.19305555555555556,0.18333333333333332,0.3125
722,720,0.01,-0.24255606823765213,-0.21538024590142324,119,4.5249880223410504e-05,0.003178246784955263,519777,7.623148345947266,0.1111111111111111,0.2375,0.12777777777777777,0.17916666666666667,0.34444444444444444
723,720,0.01,0.25537298944126885,0.29094303920823417,104,4.427645796770068e-05,0.0030756741762161255,520497,7.655670881271362,0.041666666666666664,0.22361111111111112,0.10277777777777777,0.22916666666666666,0.4027777777777778
724,720,0.01,0.3288916757329471,0.389427338737351,100,4.2561016136409715e-05,0.003287707455456257,521217,7.679224745432536,0.19166666666666668,0.13333333333333333,0.1125,0.1486111111111111,0.41388888888888886
725,720,0.01,0.030384926992744362,0.030851260068829323,89,4.344374045659707e-05,0.003147474257275462,521937,7.696306284268697,0.2125,0.23194444444444445,0.08611111111111111,0.24027777777777778,0.22916666666666666
726,720,0.01,0.2886119424783074,0.3345737366529242,95,4.233101857633099e-05,0.003488235641270876,522657,7.708862280845642,0.09166666666666666,0.26805555555555555,0.18472222222222223,0.19166666666666668,0.2638888888888889
727,720,0.01,-0.05042451357855203,-0.049174299607059324,108,4.343219933389264e-05,0.0030672119464725256,523377,7.721639382839203,0.1361111111111111,0.2875,0.17222222222222222,0.14444444444444443,0.25972222222222224
728,720,0.01,-0.04186935092695067,-0.04100493579559139,81,4.4517557388543436e-05,0.002922485349699855,524097,7.733582329750061,0.11666666666666667,0.12777777777777777,0.20833333333333334,0.25555555555555554,0.2916666666666667
729,720,0.01,0.19817989783816656,0.21918170224706368,103,4.470668234135802e-05,0.0029005876276642084,524817,7.746693150202433,0.21805555555555556,0.12361111111111112,0.19583333333333333,0.15555555555555556,0.30694444444444446
730,720,0.01,-0.11398702150081894,-0.10773046387329488,108,4.4123941592665184e-05,0.0029462245292961597,525537,7.759335565567016,0.07083333333333333,0.03194444444444444,0.10277777777777777,0.14027777777777778,0.6541666666666667
731,720,0.01,-0.0811311139668207,-0.07792721310214279,74,4.541407640646058e-05,0.003416750580072403,526257,7.780164662996928,0.1486111111111111,0.06944444444444445,0.1597222222222222,0.23333333333333334,0.3888888888888889
732,720,0.01,-0.02185297260220493,-0.02161592625875619,76,4.5941380854704524e-05,0.0036300048232078552,526977,7.790056884288788,0.034722222222222224,0.13472222222222222,0.09305555555555556,0.4305555555555556,0.30694444444444446
733,720,0.01,-0.15650925956272624,-0.14487640040435823,86,4.4637796673264854e-05,0.003346871817484498,527697,7.799509163697561,0.06666666666666667,0.08472222222222223,0.26805555555555555,0.2875,0.29305555555555557
734,720,0.01,-0.05480559867094346,-0.05333083618993639,55,4.458491651272804e-05,0.0033946316689252853,528417,7.8094455122947695,0.1625,0.07777777777777778,0.1763888888888889,0.19444444444444445,0.3888888888888889
735,720,0.01,-0.004504427987324158,-0.00449429826681691,77,4.341253703867349e-05,0.0034647632855921984,529137,7.82098681529363,0.13333333333333333,0.10972222222222222,0.11388888888888889,0.44305555555555554,0.2
736,720,0.01,0.033331180550309446,0.03389288776412114,89,4.503489832864539e-05,0.003074789419770241,529857,7.830971384048462,0.22916666666666666,0.09861111111111111,0.1375,0.19027777777777777,0.34444444444444444
737,720,0.01,-0.07965878831626765,-0.07656862178731916,66,4.580115720500544e-05,0.003525656182318926,530577,7.844178529580434,0.2361111111111111,0.05555555555555555,0.09166666666666666,0.14722222222222223,0.46944444444444444
738,720,0.01,0.20210815573027716,0.2239803814447623,71,4.4315453849069144e-05,0.0027328534051775932,531297,7.855556114514669,0.11666666666666667,0.08055555555555556,0.1388888888888889,0.2111111111111111,0.4527777777777778
739,720,0.01,-0.08793657584795113,-0.08418104007767035,87,4.266818412790801e-05,0.002642232459038496,532017,7.866991281509399,0.1111111111111111,0.08611111111111111,0.24583333333333332,0.1875,0.36944444444444446
740,720,0.01,0.13924615396170884,0.1494069962699074,66,4.29402126618091e-05,0.003363983239978552,532737,7.878448045253753,0.20416666666666666,0.041666666666666664,0.26944444444444443,0.10694444444444444,0.37777777777777777
741,720,0.01,-0.20877149624344948,-0.1884193363125024,78,4.3823908419603365e-05,0.002947988221421838,533457,7.899470734596252,0.09861111111111111,0.13055555555555556,0.09861111111111111,0.33611111111111114,0.33611111111111114
742,720,0.01,0.0819342971627955,0.08538449464601627,66,4.4190724506481476e-05,0.0025953862350434065,534177,7.9091523806254065,0.03611111111111111,0.14722222222222223,0.1361111111111111,0.25555555555555554,0.425
743,720,0.01,0.006750140540624507,0.0067729740869177935,74,4.4088227682297856e-05,0.0032068968284875154,534897,7.9187108993530275,0.09861111111111111,0.18055555555555555,0.1527777777777778,0.2375,0.33055555555555555
744,720,0.01,0.03517597058943481,0.03580196344546871,44,4.379974085900863e-05,0.0037802052684128284,535617,7.9291080673535665,0.17083333333333334,0.044444444444444446,0.11666666666666667,0.37916666666666665,0.28888888888888886
745,720,0.01,0.08578282498113136,0.08956967529370652,64,4.3115323156447026e-05,0.0029648703057318926,536337,7.938984080155691,0.09444444444444444,0.12083333333333333,0.10277777777777777,0.31666666666666665,0.36527777777777776
746,720,0.01,-0.014818899833434134,-0.01470964030512334,86,4.211066549891661e-05,0.0029073006007820368,537057,7.9496577501297,0.25416666666666665,0.07777777777777778,0.16527777777777777,0.3472222222222222,0.15555555555555556
747,720,0.01,0.027681207493228537,0.028067891834922643,82,4.4427585514010086e-05,0.0033797752112150192,537777,7.963461498419444,0.09305555555555556,0.1,0.26944444444444443,0.19305555555555556,0.34444444444444444
748,720,0.01,0.2008467380611323,0.22243740433880999,66,4.079948666028738e-05,0.002516683889552951,538497,7.983770596981048,0.1527777777777778,0.07361111111111111,0.1388888888888889,0.3375,0.2972222222222222
749,720,0.01,0.2297986943415723,0.25834667212580165,74,4.293050711162828e-05,0.002542720176279545,539217,7.998163715998332,0.10416666666666667,0.06527777777777778,0.2388888888888889,0.28194444444444444,0.30972222222222223
750,720,0.01,0.10663891725962012,0.11253246567272046,97,4.354880956422373e-05,0.002137928968295455,539937,8.012648363908133,0.12638888888888888,0.09444444444444444,0.2,0.3,0.2791666666666667
751,720,0.01,0.0709298618085817,0.07350592946344259,83,4.5910799553894324e-05,0.002648563589900732,540657,8.036081532637278,0.28194444444444444,0.05416666666666667,0.14722222222222223,0.3541666666666667,0.1625
752,720,0.01,-0.16747855952702353,-0.15420524866604868,76,4.222844668599161e-05,0.0021560245659202337,541377,8.046287111441295,0.22083333333333333,0.07777777777777778,0.15,0.325,0.2263888888888889
753,720,0.01,-0.036522950747762385,-0.03586403399896454,82,4.4043498140429925e-05,0.0019435135181993246,542097,8.056615416208903,0.09722222222222222,0.1597222222222222,0.23055555555555557,0.3,0.2125
754,720,0.01,0.18590543887358632,0.20430837423669623,104,4.357582379902346e-05,0.001993493176996708,542817,8.06679638226827,0.13333333333333333,0.20694444444444443,0.1638888888888889,0.2722222222222222,0.22361111111111112
755,720,0.01,0.1348674413475135,0.1443850761527996,82,4.2134661811764496e-05,0.002151970285922289,543537,8.079539132118224,0.1361111111111111,0.1763888888888889,0.20833333333333334,0.4222222222222222,0.05694444444444444
756,720,0.01,0.05700087605276241,0.058656737834252404,93,4.16668723270656e-05,0.0021828769240528345,544257,8.100111949443818,0.09583333333333334,0.020833333333333332,0.20277777777777778,0.4875,0.19305555555555556
757,720,0.01,0.19292005537803897,0.2127858339384583,111,4.185693760013641e-05,0.003112406237050891,544977,8.111373782157898,0.17222222222222222,0.06944444444444445,0.10972222222222222,0.3458333333333333,0.30277777777777776
758,720,0.01,0.1550999061015145,0.16777462308744617,94,4.307582476788715e-05,0.002515144180506468,545697,8.125082198778788,0.10694444444444444,0.09861111111111111,0.15833333333333333,0.2111111111111111,0.425
759,720,0.01,-0.11896857776503549,-0.11216430189443694,115,4.235078624661684e-05,0.002531978767365217,546417,8.136072313785553,0.14444444444444443,0.14305555555555555,0.15555555555555556,0.31666666666666665,0.24027777777777778
760,720,0.01,-0.04681497249822991,-0.045736053669299004,84,4.3263651534491345e-05,0.0020846067927777767,547137,8.148560949166615,0.18472222222222223,0.1111111111111111,0.13055555555555556,0.35555555555555557,0.21805555555555556
761,720,0.01,-0.0681508309577327,-0.06588043119812093,81,4.288973245315396e-05,0.0024796281941235065,547857,8.167189931869506,0.10277777777777777,0.025,0.12083333333333333,0.3527777777777778,0.39861111111111114
762,720,0.01,0.10303040473621088,0.10852511297726486,84,4.359463654408399e-05,0.0021599496249109507,548577,8.176636977990468,0.3013888888888889,0.09444444444444444,0.09444444444444444,0.1986111111111111,0.3111111111111111
763,720,0.01,0.1630366534416659,0.17707983292478047,82,4.2138574504709446e-05,0.002081576269119978,549297,8.187353829542795,0.2222222222222222,0.09305555555555556,0.08194444444444444,0.44166666666666665,0.16111111111111112
764,720,0.01,0.2638814661443805,0.3019738591725416,79,4.1830238401669504e-05,0.002555012935772538,550017,8.197606333096822,0.22777777777777777,0.09166666666666666,0.10416666666666667,0.3125,0.2638888888888889
765,720,0.01,0.1756343833274448,0.19200216310563278,59,4.059248008919288e-05,0.002432222245261073,550737,8.208669531345368,0.3055555555555556,0.09444444444444444,0.030555555555555555,0.2875,0.28194444444444444
766,720,0.01,0.3705802982313936,0.44857497630634646,78,4.083112508573726e-05,0.0021619927138090134,551457,8.21820698181788,0.1111111111111111,0.10972222222222222,0.175,0.3263888888888889,0.2777777777777778
767,720,0.01,0.19621263386327964,0.21678560765344357,59,4.010376377310523e-05,0.0022149968426674604,552177,8.229923045635223,0.24305555555555555,0.06527777777777778,0.0763888888888889,0.22916666666666666,0.3861111111111111
768,720,0.01,0.057048614860253526,0.05870727805081488,73,4.2426205997495954e-05,0.002667112508788705,552897,8.240729129314422,0.3611111111111111,0.002777777777777778,0.05277777777777778,0.32083333333333336,0.2625
769,720,0.01,-0.04396604142856803,-0.043013545185853985,94,4.241413464695951e-05,0.003431654768064618,553617,8.251170651117961,0.3277777777777778,0.044444444444444446,0.09305555555555556,0.24444444444444444,0.2902777777777778
770,720,0.01,-0.15227958572039096,-0.1412518465465119,110,3.9607843953288265e-05,0.003363798838108778,554337,8.26202845176061,0.4263888888888889,0.043055555555555555,0.10694444444444444,0.2625,0.16111111111111112
771,720,0.01,-0.284210735361097,-0.24739197313071803,99,3.935044141169581e-05,0.003597018774598837,555057,8.279513049125672,0.23472222222222222,0.09583333333333334,0.14027777777777778,0.275,0.25416666666666665
772,720,0.01,-0.16780852879963093,-0.1544842889050374,125,3.9481943718379224e-05,0.0034980245400220156,555777,8.289103082815807,0.2388888888888889,0.05277777777777778,0.1875,0.275,0.24583333333333332
773,720,0.01,0.2898974757727648,0.33629047885350327,118,3.955392325249502e-05,0.00332268001511693,556497,8.300066232681274,0.18888888888888888,0.05,0.07083333333333333,0.26944444444444443,0.42083333333333334
774,720,0.01,0.27675017115509887,0.3188368463883451,113,4.1004218268072794e-05,0.003202216699719429,557217,8.31148158311844,0.22916666666666666,0.03333333333333333,0.17777777777777778,0.37222222222222223,0.1875
775,720,0.01,0.03478275261628574,0.03539474756436678,125,3.8924651660939466e-05,0.003101167269051075,557937,8.322310217221577,0.20277777777777778,0.02361111111111111,0.04583333333333333,0.3527777777777778,0.375
776,720,0.01,-0.09429159116612792,-0.08998262947655977,192,4.0488801208640424e-05,0.0027991067618131638,558657,8.333628964424133,0.31527777777777777,0.05277777777777778,0.20694444444444443,0.1625,0.2625
777,720,0.01,-0.01944164561971037,-0.0192538756488293,110,4.110867876963514e-05,0.003597625996917486,559377,8.350494428475697,0.058333333333333334,0.07083333333333333,0.1527777777777778,0.3541666666666667,0.3638888888888889
778,720,0.01,0.07898148784516373,0.08218428832177538,101,4.1617738376468574e-05,0.003284233622252941,560097,8.36783397992452,0.20416666666666666,0.05,0.15833333333333333,0.23055555555555557,0.35694444444444445
779,720,0.01,0.3501022434711802,0.41921264640278744,89,3.991364770538692e-05,0.003616862930357456,560817,8.393100066979725,0.19166666666666668,0.1,0.1527777777777778,0.20416666666666666,0.35138888888888886
780,720,0.01,-0.07725428501124194,-0.07434555637345652,78,3.887496033914633e-05,0.004064981825649738,561537,8.410582864284516,0.3263888888888889,0.05555555555555555,0.07222222222222222,0.15,0.3958333333333333
781,720,0.01,-0.19301450582101956,-0.1755299855621001,69,3.9210632312208167e-05,0.0033085208851844072,562257,8.43966321547826,0.33194444444444443,0.044444444444444446,0.06666666666666667,0.21944444444444444,0.3375
782,720,0.01,0.39428028227793144,0.4833162376708915,61,3.945216893473318e-05,0.003528019180521369,562977,8.461149116357168,0.1486111111111111,0.0875,0.07083333333333333,0.25,0.44305555555555554
783,720,0.01,-0.05792340317286807,-0.05627776920300065,79,3.970264964436865e-05,0.003973173443228006,563697,8.47498201529185,0.14305555555555555,0.07361111111111111,0.17222222222222222,0.2722222222222222,0.3388888888888889
784,720,0.01,-0.0019171670620622308,-0.0019153304711622132,110,3.9245882682179296e-05,0.004037121310830116,564417,8.491318480173748,0.2,0.10416666666666667,0.07083333333333333,0.3486111111111111,0.2763888888888889
785,720,0.01,0.01191036643927913,0.011981577288578515,60,3.837880618170352e-05,0.0034731717314571142,565137,8.509546566009522,0.20555555555555555,0.043055555555555555,0.09444444444444444,0.27361111111111114,0.38333333333333336
786,720,0.01,0.11276874388411601,0.11937304115286218,82,3.995818600262485e-05,0.003882220946252346,565857,8.526523999373119,0.20694444444444443,0.025,0.1,0.2833333333333333,0.38472222222222224
787,720,0.01,-0.11064624138609293,-0.10474460277438713,61,3.9972924213947814e-05,0.004010757431387901,566577,8.550454481442769,0.1638888888888889,0.09861111111111111,0.09444444444444444,0.19722222222222222,0.44583333333333336
788,720,0.01,0.06656986812554949,0.06883563900906164,94,3.987416591700013e-05,0.0037882670294493437,567297,8.569037012259166,0.17777777777777778,0.0875,0.24166666666666667,0.2722222222222222,0.22083333333333333
789,720,0.01,0.11750376177360025,0.12468586074935395,94,3.9848242534566854e-05,0.003760556923225522,568017,8.584888517856598,0.07361111111111111,0.06666666666666667,0.21388888888888888,0.18333333333333332,0.4625
790,720,0.01,0.18865641335390934,0.20762595704122644,91,4.069207091359001e-05,0.0033741467632353306,568737,8.5986931959788,0.21805555555555556,0.10555555555555556,0.15694444444444444,0.19305555555555556,0.3263888888888889
791,720,0.01,0.0470793192634975,0.04820514864270997,71,4.094036278148552e-05,0.003422068664804101,569457,8.622816133499146,0.16805555555555557,0.14027777777777778,0.1625,0.1875,0.3416666666666667
792,720,0.01,0.2025166440995299,0.22448046532704802,98,4.025986711692692e-05,0.0036522112786769867,570177,8.63995334704717,0.11805555555555555,0.06666666666666667,0.24027777777777778,0.2902777777777778,0.2847222222222222
793,720,0.01,0.3242410843315521,0.3829806819053909,63,3.9753695853050884e-05,0.003641439601778984,570897,8.654157332579295,0.1361111111111111,0.08055555555555556,0.18611111111111112,0.16111111111111112,0.4361111111111111
794,720,0.01,0.00666481983779791,0.006687079173540722,82,3.862702971244087e-05,0.003735682461410761,571617,8.667757161458333,0.1125,0.025,0.15416666666666667,0.15138888888888888,0.5569444444444445
795,720,0.01,0.11489126764608248,0.12175146026383299,79,4.1085107794616404e-05,0.003674308769404888,572337,8.678347448507944,0.22916666666666666,0.004166666666666667,0.1527777777777778,0.2916666666666667,0.32222222222222224
796,720,0.01,-0.261636970930978,-0.23020957070877945,85,4.058659415843774e-05,0.003537219949066639,573057,8.690219910939534,0.1625,0.11666666666666667,0.06944444444444445,0.19027777777777777,0.46111111111111114
797,720,0.01,0.18638842181774457,0.20489017512960328,72,4.2328729894810145e-05,0.003929636906832457,573777,8.700641163190205,0.2569444444444444,0.07916666666666666,0.10277777777777777,0.06111111111111111,0.5
798,720,0.01,-0.252763018514364,-0.22334808785904936,98,4.252624871570434e-05,0.003687909571453929,574497,8.718014732996624,0.12222222222222222,0.05555555555555555,0.2125,0.24583333333333332,0.3638888888888889
799,720,0.01,0.15731535387815773,0.17036463473820218,87,4.216448817260243e-05,0.00358098978176713,575217,8.732301966349285,0.2013888888888889,0.07916666666666666,0.175,0.2111111111111111,0.3333333333333333
800,720,0.01,-0.05437087386787619,-0.0529192061577215,67,4.214083785932922e-05,0.003657701425254345,575937,8.743791731198629,0.1763888888888889,0.07083333333333333,0.09583333333333334,0.26944444444444443,0.3875
801,720,0.01,0.4189133129473053,0.5203085580096602,58,4.322008598289055e-05,0.004408772103488445,576657,8.768384432792663,0.1527777777777778,0.034722222222222224,0.11805555555555555,0.12083333333333333,0.5736111111111111
802,720,0.01,-0.04375831835927782,-0.04281473637431532,104,4.138303518048916e-05,0.0037151742726564407,577377,8.779735283056896,0.16805555555555557,0.03194444444444444,0.20833333333333334,0.29583333333333334,0.29583333333333334
803,720,0.01,0.20943986559940855,0.23298722793355964,129,4.385595078196679e-05,0.004031085409224033,578097,8.790612498919169,0.15416666666666667,0.02361111111111111,0.17777777777777778,0.20972222222222223,0.43472222222222223
804,720,0.01,0.08406637515816134,0.08770108774458807,90,4.2796706639415386e-05,0.004118051845580339,578817,8.802089611689249,0.09583333333333334,0.025,0.16666666666666666,0.18055555555555555,0.5319444444444444
805,720,0.01,-0.10592577032152264,-0.10050858544363728,124,4.300791542972446e-05,0.0036081401631236076,579537,8.81238214969635,0.1,0.044444444444444446,0.1486111111111111,0.3125,0.39444444444444443
806,720,0.01,-0.14617068578209805,-0.13598978366147085,132,4.340859665919399e-05,0.003607418853789568,580257,8.822842915852865,0.11527777777777778,0.034722222222222224,0.28194444444444444,0.15138888888888888,0.4166666666666667
807,720,0.01,0.0006477436241388358,0.000647953455340744,142,4.427547577279256e-05,0.003524306695908308,580977,8.833875095844268,0.10694444444444444,0.075,0.14444444444444443,0.30972222222222223,0.3638888888888889
808,720,0.01,0.14879678737509294,0.16043714976787715,138,4.593302877159052e-05,0.00381710147485137,581697,8.844930080572764,0.13472222222222222,0.05277777777777778,0.23194444444444445,0.2861111111111111,0.29444444444444445
809,720,0.01,0.014095796256152426,0.014195610427528482,107,4.2560478040185344e-05,0.0038820041809231043,582417,8.855529216925303,0.2125,0.03611111111111111,0.2222222222222222,0.2,0.32916666666666666
810,720,0.01,0.09027413928946265,0.09447428098453647,59,4.35943721337632e-05,0.004262862727046013,583137,8.86549346446991,0.15,0.05277777777777778,0.14444444444444443,0.20277777777777778,0.45
811,720,0.01,0.33001342580907345,0.39098680346166015,87,4.35138523610274e-05,0.003671274520456791,583857,8.883083462715149,0.14027777777777778,0.05694444444444444,0.20555555555555555,0.12083333333333333,0.47638888888888886
812,720,0.01,-0.17136472676272094,-0.157485770060809,122,4.701609842388482e-05,0.003739314852282405,584577,8.892127947012584,0.03888888888888889,0.09722222222222222,0.19166666666666668,0.1875,0.4847222222222222
813,720,0.01,-0.031354794316229256,-0.03086833033592884,85,4.439297957156264e-05,0.003904093988239765,585297,8.90232226451238,0.10555555555555556,0.08611111111111111,0.14444444444444443,0.2611111111111111,0.4027777777777778
814,720,0.01,0.23867440539126006,0.26956510572819115,85,4.5103837093544524e-05,0.0035261656157672405,586017,8.91282076438268,0.0763888888888889,0.013888888888888888,0.10833333333333334,0.1638888888888889,0.6375
815,720,0.01,0.2048913652869005,0.2273917203729814,84,4.723345914372759e-05,0.003969995770603418,586737,8.924536498387655,0.19027777777777777,0.025,0.12361111111111112,0.17083333333333334,0.49027777777777776
816,720,0.01,-0.08944513538622105,-0.08556156594044706,111,4.6826794695991544e-05,0.004211005754768848,587457,8.9352618654569,0.15694444444444444,0.08055555555555556,0.2111111111111111,0.2,0.35138888888888886
817,720,0.01,-0.06411377764321652,-0.0621017183962711,89,4.6605512909536626e-05,0.0038055717013776302,588177,8.947632666428884,0.20416666666666666,0.04722222222222222,0.12777777777777777,0.13055555555555556,0.49027777777777776
818,720,0.01,-0.26879361072892755,-0.23569901710622654,104,4.675172125037837e-05,0.003025241196155548,588897,8.958705898125967,0.1375,0.02361111111111111,0.14444444444444443,0.20833333333333334,0.4861111111111111
819,720,0.01,0.3881295832978965,0.47422080630515295,83,4.70525602319564e-05,0.003370125312358141,589617,8.970868897438049,0.20833333333333334,0.03194444444444444,0.17222222222222222,0.2013888888888889,0.3861111111111111
820,720,0.01,0.043991633635473704,0.04497361222171237,79,4.659977824227705e-05,0.002919780556112528,590337,8.98598908185959,0.09166666666666666,0.008333333333333333,0.10972222222222222,0.21805555555555556,0.5722222222222222
821,720,0.01,-0.021317411637768312,-0.021091801602810767,95,5.051523573153342e-05,0.003294500522315502,591057,9.009060645103455,0.16111111111111112,0.05416666666666667,0.1625,0.28194444444444444,0.3402777777777778
822,720,0.01,-0.13113940777390387,-0.12290450806235365,60,4.813226048680816e-05,0.0030939923599362373,591777,9.02252293030421,0.13333333333333333,0.04583333333333333,0.14722222222222223,0.1486111111111111,0.525
823,720,0.01,-0.05533730576181656,-0.053834053103190005,89,4.6368576278786755e-05,0.0029537766240537167,592497,9.03326638142268,0.05694444444444444,0.18333333333333332,0.07777777777777778,0.2861111111111111,0.3958333333333333
824,720,0.01,-0.06189407902060859,-0.060017554620449776,77,4.730707095051104e-05,0.0038434136658906937,593217,9.043460615475972,0.22916666666666666,0.09305555555555556,0.17083333333333334,0.13194444444444445,0.375
825,720,0.01,-0.1459610077022085,-0.13580860066391254,83,4.856932756638344e-05,0.0029105087742209435,593937,9.054098232587178,0.24861111111111112,0.043055555555555555,0.08472222222222223,0.20416666666666666,0.41944444444444445
826,720,0.01,0.10566324654602914,0.11144752968424698,56,4.805997588543202e-05,0.002653460716828704,594657,9.06486222743988,0.3263888888888889,0.03888888888888889,0.06111111111111111,0.2,0.3736111111111111
827,720,0.01,-0.15162878604014948,-0.14069279162618464,67,4.878183039207013e-05,0.0028893593698740005,595377,9.075521898269653,0.19027777777777777,0.06944444444444445,0.08472222222222223,0.2125,0.44305555555555554
828,720,0.01,0.11766893311836206,0.12487164196785394,30,4.875038069940274e-05,0.003019329160451889,596097,9.086560746033987,0.12222222222222222,0.019444444444444445,0.13194444444444445,0.10416666666666667,0.6222222222222222
829,720,0.01,0.03131997297568862,0.031815604181351986,81,4.78316172044894e-05,0.003568889107555151,596817,9.097376147905985,0.24166666666666667,0.09305555555555556,0.09722222222222222,0.23333333333333334,0.3347222222222222
830,720,0.01,-0.004351769726792325,-0.004342314497546518,72,4.8628405507618785e-05,0.0034401030279695988,597537,9.107596214612325,0.19027777777777777,0.025,0.1388888888888889,0.1638888888888889,0.48194444444444445
831,720,0.01,0.03634048451391674,0.03700887184933843,87,5.006019363867785e-05,0.0035807848908007145,598257,9.126508279641468,0.10972222222222222,0.10972222222222222,0.10277777777777777,0.28055555555555556,0.3972222222222222
832,720,0.01,-0.08916438274799787,-0.08530479889526754,106,4.918856407256398e-05,0.003597413655370474,598977,9.13790998061498,0.24722222222222223,0.09861111111111111,0.15138888888888888,0.07222222222222222,0.4305555555555556
833,720,0.01,-0.16425198932664856,-0.1514718251056747,79,5.0045295120071386e-05,0.0037086757365614176,599697,9.148395999272664,0.08055555555555556,0.14166666666666666,0.1375,0.2847222222222222,0.35555555555555557
834,720,0.01,0.25606147018423836,0.2918321346584307,88,4.8123178669357006e-05,0.003963705152273178,600417,9.157998045285543,0.16527777777777777,0.11527777777777778,0.11527777777777778,0.2013888888888889,0.4027777777777778
835,720,0.01,0.1614087856400423,0.17516526132234866,90,4.984923562511136e-05,0.0028139795176684856,601137,9.16761519908905,0.21666666666666667,0.08888888888888889,0.1763888888888889,0.09166666666666666,0.4263888888888889
836,720,0.01,-0.007989688396204404,-0.00795785567013918,89,5.1565651090691566e-05,0.0029894141480326653,601857,9.177748767534892,0.21805555555555556,0.07222222222222222,0.1527777777777778,0.19722222222222222,0.3597222222222222
837,720,0.01,-0.05447003022856118,-0.05301311058682423,118,5.0025405593916935e-05,0.002869021613150835,602577,9.190606864293416,0.12222222222222222,0.1,0.14305555555555555,0.2625,0.37222222222222223
838,720,0.01,-0.06892154172674195,-0.0666000898493796,74,4.999895188954421e-05,0.003225897438824177,603297,9.20792891184489,0.20972222222222223,0.11388888888888889,0.11666666666666667,0.15694444444444444,0.4027777777777778
839,720,0.01,0.08970599916973686,0.09385264284100359,78,4.847006243456538e-05,0.0034626752603799105,604017,9.217730895678203,0.3013888888888889,0.10833333333333334,0.07777777777777778,0.15694444444444444,0.35555555555555557
840,720,0.01,-0.13680277357797602,-0.12785778133989967,43,5.149545519947828e-05,0.003345540724694729,604737,9.22771577835083,0.3611111111111111,0.0125,0.06111111111111111,0.20277777777777778,0.3625
841,720,0.01,0.15206463524968555,0.1642354846514842,77,5.0400597360243816e-05,0.003299036528915167,605457,9.248243578275044,0.25416666666666665,0.1111111111111111,0.14305555555555555,0.25833333333333336,0.23333333333333334
842,720,0.01,0.14234421183375,0.1529734473462414,69,5.034026824230548e-05,0.0038176451344043016,606177,9.25873668193817,0.42777777777777776,0.12083333333333333,0.06666666666666667,0.09861111111111111,0.2861111111111111
843,720,0.01,-0.12334262468519917,-0.11603925610152854,57,5.269573738991716e-05,0.003324710763990879,606897,9.26884034872055,0.19305555555555556,0.02361111111111111,0.12361111111111112,0.2152777777777778,0.4444444444444444
844,720,0.01,0.12306173776544449,0.13095424137987322,77,4.9738106712185174e-05,0.0033505333121865988,607617,9.280042763551076,0.1736111111111111,0.14027777777777778,0.1361111111111111,0.20972222222222223,0.3402777777777778
845,720,0.01,0.1241477561516037,0.13218314566545675,88,5.028045006838511e-05,0.0027350145392119884,608337,9.289617077509563,0.1527777777777778,0.09583333333333334,0.17083333333333334,0.2777777777777778,0.30277777777777776
846,720,0.01,0.21274631590379797,0.2370707862496586,78,4.831606567753018e-05,0.003725397866219282,609057,9.301475298404693,0.20555555555555555,0.05694444444444444,0.13194444444444445,0.3055555555555556,0.3
847,720,0.01,-0.01400563101191268,-0.013908008448524467,67,4.872486199221587e-05,0.0033436096273362637,609777,9.311435496807098,0.2569444444444444,0.08055555555555556,0.11944444444444445,0.24166666666666667,0.3013888888888889
848,720,0.01,-0.03521341776574194,-0.03460063910423994,77,4.815235119319065e-05,0.003587912768125534,610497,9.321082162857056,0.31805555555555554,0.09444444444444444,0.06388888888888888,0.26805555555555555,0.25555555555555554
849,720,0.01,-0.03878314420653809,-0.0380407070249994,67,4.866177676048109e-05,0.0033718347549438477,611217,9.331399965286256,0.09583333333333334,0.10555555555555556,0.10277777777777777,0.1527777777777778,0.5430555555555555
850,720,0.01,-0.1495269161112891,-0.1388847401663973,75,4.8211073491681114e-05,0.0034750616177916527,611937,9.342069081465404,0.24027777777777778,0.08472222222222223,0.1388888888888889,0.21944444444444444,0.31666666666666665
851,720,0.01,0.11172929797541538,0.11821011792752634,63,4.76976569542684e-05,0.003337213769555092,612657,9.359678761164348,0.36944444444444446,0.016666666666666666,0.14722222222222223,0.20416666666666666,0.2625
852,720,0.01,-0.019558423218021304,-0.019368398138822185,64,4.942129780450462e-05,0.0030263776425272226,613377,9.371065398057302,0.19166666666666668,0.034722222222222224,0.05277777777777778,0.2569444444444444,0.4638888888888889
853,720,0.01,0.058491066818115625,0.060235514375601484,40,4.89599008536364e-05,0.004212607629597187,614097,9.38282382885615,0.35,0.027777777777777776,0.030555555555555555,0.09722222222222222,0.49444444444444446
854,720,0.01,0.09863225800026597,0.10366036265464307,116,5.373548984708678e-05,0.004941785242408514,614817,9.39410231510798,0.5527777777777778,0.011111111111111112,0.005555555555555556,0.19027777777777777,0.24027777777777778
855,720,0.01,-0.12025443005487071,-0.1133051937934123,73,5.175087571716277e-05,0.004488728940486908,615537,9.404478482405345,0.48333333333333334,0.022222222222222223,0.05416666666666667,0.29583333333333334,0.14444444444444443
856,720,0.01,0.11243851662927,0.11900345469345419,55,4.682778886591324e-05,0.00392475351691246,616257,9.415631830692291,0.33194444444444443,0.020833333333333332,0.14027777777777778,0.18472222222222223,0.32222222222222224
857,720,0.01,0.1805000094119236,0.19781613275423982,78,5.2239088504140654e-05,0.0036020083352923393,616977,9.426900645097097,0.43472222222222223,0.022222222222222223,0.11944444444444445,0.30277777777777776,0.12083333333333333
858,720,0.01,0.013259756778486414,0.013348057202479557,50,4.8643086444776096e-05,0.00438813166692853,617697,9.436436013380687,0.3416666666666667,0.04027777777777778,0.07083333333333333,0.26944444444444443,0.2777777777777778
859,720,0.01,0.07797201268815157,0.08109240137650153,85,4.807132399946568e-05,0.0034698941744863987,618417,9.44613661368688,0.3541666666666667,0.0375,0.06944444444444445,0.3486111111111111,0.19027777777777777
860,720,0.01,-0.05688061347923597,-0.05529315210201602,89,4.948369826378338e-05,0.003638853784650564,619137,9.455757415294647,0.35,0.05,0.1,0.26805555555555555,0.23194444444444445
861,720,0.01,0.03916313209929691,0.039940117427924804,85,5.0886903008833744e-05,0.003621806623414159,619857,9.474415179093679,0.3333333333333333,0.07083333333333333,0.17916666666666667,0.28055555555555556,0.1361111111111111
862,720,0.01,-0.15885144992743416,-0.14687691894779242,66,5.5203473459641826e-05,0.0042428066954016685,620577,9.484476661682129,0.5986111111111111,0.001388888888888889,0.044444444444444446,0.044444444444444446,0.3111111111111111
863,720,0.01,0.03310301512259999,0.033657016061083844,79,4.742233714978283e-05,0.003680863883346319,621297,9.493379867076873,0.2569444444444444,0.06111111111111111,0.21388888888888888,0.2611111111111111,0.20694444444444443
864,720,0.01,-0.21784771581269916,-0.19575209341956945,64,5.141032714593368e-05,0.0040191784501075745,622017,9.503487479686736,0.33194444444444443,0.059722222222222225,0.1125,0.13194444444444445,0.3638888888888889
865,720,0.01,0.08761063792698456,0.09156302603279709,88,5.005055431234319e-05,0.0037872237153351307,622737,9.512999029954274,0.38333333333333336,0.058333333333333334,0.09722222222222222,0.20694444444444443,0.25416666666666665
866,720,0.01,0.19052222510060915,0.2098812630714635,61,5.1702875535081854e-05,0.0038826693780720234,623457,9.523968132336934,0.39166666666666666,0.027777777777777776,0.044444444444444446,0.22777777777777777,0.30833333333333335
867,720,0.01,-0.17262251988475874,-0.15854481249668062,75,4.8987332730929564e-05,0.0038483685348182917,624177,9.536972463130951,0.2125,0.08055555555555556,0.08194444444444444,0.16944444444444445,0.45555555555555555
868,720,0.01,-0.03214076942316722,-0.03162974443816757,179,4.9451982407491516e-05,0.004729618318378925,624897,9.54642006556193,0.4722222222222222,0.059722222222222225,0.06527777777777778,0.1,0.30277777777777776
869,720,0.01,-0.047494270597747315,-0.046384063233729345,95,5.0238868237152525e-05,0.004774080589413643,625617,9.555346981684368,0.36944444444444446,0.043055555555555555,0.09027777777777778,0.15,0.3472222222222222
870,720,0.01,0.024131178953708733,0.024424692036154383,70,4.703046770499794e-05,0.004724102094769478,626337,9.565258065859476,0.19027777777777777,0.12083333333333333,0.08333333333333333,0.23055555555555557,0.375
871,720,0.01,-0.3129068474186951,-0.2686819664414106,81,4.805529030262632e-05,0.004552451893687248,627057,9.584446863333385,0.32083333333333336,0.05555555555555555,0.13333333333333333,0.23333333333333334,0.2569444444444444
872,720,0.01,-0.17972364232109558,-0.16449892335262417,56,5.161374633012706e-05,0.004557248204946518,627777,9.594121448198955,0.35694444444444445,0.07222222222222222,0.15416666666666667,0.2111111111111111,0.20555555555555555
873,720,0.01,0.24996026472604535,0.28397439659970236,80,4.94119625184592e-05,0.004685814492404461,628497,9.60324279864629,0.2791666666666667,0.09305555555555556,0.13472222222222222,0.24583333333333332,0.24722222222222223
874,720,0.01,-0.024043319675860788,-0.023756581706551372,61,4.6782955377643195e-05,0.004369150847196579,629217,9.613023082415262,0.39305555555555555,0.03333333333333333,0.20833333333333334,0.08194444444444444,0.2833333333333333
875,720,0.01,-0.006072125251301618,-0.006053727156116073,91,4.7612598125902476e-05,0.0043516322039067745,629937,9.622547368208567,0.2861111111111111,0.12083333333333333,0.09861111111111111,0.2388888888888889,0.25555555555555554
876,720,0.01,0.08646348647293835,0.09031155587044348,101,4.88724015111883e-05,0.0040672095492482185,630657,9.63199508190155,0.3333333333333333,0.13333333333333333,0.12222222222222222,0.3194444444444444,0.09166666666666666
877,720,0.01,0.10389179952337121,0.10948040211249332,71,4.727957359717847e-05,0.004246899858117104,631377,9.640885333220163,0.36527777777777776,0.034722222222222224,0.1125,0.26944444444444443,0.21805555555555556
878,720,0.01,0.06219508414531779,0.06416992716006775,90,5.046324595367777e-05,0.0036021824926137924,632097,9.652173415819805,0.3458333333333333,0.125,0.14722222222222223,0.22777777777777777,0.15416666666666667
879,720,0.01,0.07817307755229595,0.08130979292748064,112,5.0238186263919086e-05,0.004398247692734003,632817,9.661687763532003,0.43194444444444446,0.15694444444444444,0.1388888888888889,0.19583333333333333,0.0763888888888889
880,720,0.01,0.09452467153973268,0.09913628018288878,77,4.9094954224276284e-05,0.004165027290582657,633537,9.671243516604106,0.2763888888888889,0.10277777777777777,0.1,0.2375,0.2833333333333333
881,720,0.01,0.08213385905756444,0.08560111764644796,75,4.822131361253115e-05,0.003862422425299883,634257,9.689228812853495,0.25416666666666665,0.07083333333333333,0.15416666666666667,0.3819444444444444,0.1388888888888889
882,720,0.01,0.09113771127411523,0.09541984653471358,73,4.583885089333408e-05,0.003886861726641655,634977,9.69888089497884,0.24305555555555555,0.10694444444444444,0.05416666666666667,0.20416666666666666,0.39166666666666666
883,720,0.01,-0.2561886384679372,-0.22600405038986027,67,4.60802117736926e-05,0.003363880328834057,635697,9.708635898431142,0.2111111111111111,0.06527777777777778,0.20416666666666666,0.19305555555555556,0.3263888888888889
884,720,0.01,0.037352771792066655,0.038059154241702586,66,4.450563066282282e-05,0.0027201897464692593,636417,9.71840014855067,0.30277777777777776,0.04722222222222222,0.15833333333333333,0.18888888888888888,0.30277777777777776
885,720,0.01,0.04859284257953577,0.04979283277056523,72,4.702116629636698e-05,0.0030761570669710636,637137,9.728500533103944,0.23333333333333334,0.022222222222222223,0.09861111111111111,0.2638888888888889,0.3819444444444444
886,720,0.01,-0.048611175494501835,-0.04744856695775168,71,4.481713731113107e-05,0.0036564148031175137,637857,9.738475382328033,0.3486111111111111,0.043055555555555555,0.18888888888888888,0.3111111111111111,0.10833333333333334
887,720,0.01,-0.013412409613437887,-0.013322864035339665,62,4.520350613701238e-05,0.0035067908465862274,638577,9.747354300816854,0.175,0.06111111111111111,0.1486111111111111,0.09583333333333334,0.5194444444444445
888,720,0.01,0.2570723331159466,0.2931386601251713,81,4.4599753836236134e-05,0.003564998507499695,639297,9.757439982891082,0.1597222222222222,0.08194444444444444,0.16111111111111112,0.20416666666666666,0.39305555555555555
889,720,0.01,0.1498480053545753,0.16165766356440048,76,4.284290251158988e-05,0.003155165584757924,640017,9.766805831591288,0.33194444444444443,0.05555555555555555,0.04722222222222222,0.28194444444444444,0.2833333333333333
890,720,0.01,0.04560381282656313,0.0466596556714709,89,4.358407650152508e-05,0.00330965593457222,640737,9.778386930624643,0.25555555555555554,0.10555555555555556,0.1597222222222222,0.14027777777777778,0.3388888888888889
891,720,0.01,0.11175414501704994,0.11823790248606336,77,4.407968163807002e-05,0.0035115687642246485,641457,9.798229177792868,0.29305555555555557,0.058333333333333334,0.2125,0.15,0.2861111111111111
892,720,0.01,-0.14660373915221306,-0.13636386519298738,82,4.484387394162089e-05,0.0032523437403142452,642177,9.80865916411082,0.37777777777777777,0.0875,0.2125,0.18055555555555555,0.14166666666666666
893,720,0.01,-0.10846796043369623,-0.10279235949984522,104,4.210480216468366e-05,0.003301893826574087,642897,9.818688996632893,0.11388888888888889,0.1361111111111111,0.15138888888888888,0.225,0.3736111111111111
894,720,0.01,0.018922739288981888,0.01910290896036182,81,4.142622878096821e-05,0.003946454264223576,643617,9.82737902800242,0.3333333333333333,0.20694444444444443,0.12361111111111112,0.1638888888888889,0.17222222222222222
895,720,0.01,-0.11039976947955091,-0.10452392027488999,316,4.278681545252362e-05,0.0042140912264585495,644337,9.83638523419698,0.37916666666666665,0.1388888888888889,0.09166666666666666,0.14722222222222223,0.24305555555555555
896,720,0.01,0.11488468632275517,0.12174407767907414,157,4.1086571260014654e-05,0.0035659645218402147,645057,9.84574666817983,0.19722222222222222,0.27361111111111114,0.08611111111111111,0.1375,0.3055555555555556
897,720,0.01,-0.0708366356568044,-0.06838592778212726,65,4.2514012089769595e-05,0.0028650478925555944,645777,9.855824665228527,0.2638888888888889,0.016666666666666666,0.15555555555555556,0.2263888888888889,0.3375
898,720,0.01,-0.1672647698833515,-0.15402440717721178,68,4.178906553483507e-05,0.0026629390195012093,646497,9.865146247545878,0.1638888888888889,0.02361111111111111,0.28888888888888886,0.23055555555555557,0.29305555555555557
899,720,0.01,-0.05620919944055321,-0.05465864967881717,95,4.259366207356329e-05,0.0034206027630716562,647217,9.874179132779439,0.2625,0.06388888888888888,0.21944444444444444,0.17916666666666667,0.275
900,720,0.01,0.06262385789063091,0.06462631312155342,95,4.046419235616365e-05,0.0031721924897283316,647937,9.883668033281962,0.1986111111111111,0.019444444444444445,0.25555555555555554,0.25972222222222224,0.26666666666666666
901,720,0.01,-0.26061606991778163,-0.22942328959026426,127,4.049210569595137e-05,0.003457247279584408,648657,9.902667029698689,0.23333333333333334,0.3111111111111111,0.11666666666666667,0.11666666666666667,0.2222222222222222
902,720,0.01,-0.005153511082867882,-0.005140254527007282,79,3.991308628251823e-05,0.003646696684882045,649377,9.91320396264394,0.29305555555555557,0.013888888888888888,0.13333333333333333,0.21666666666666667,0.34305555555555556
903,720,0.01,-0.035107590526738314,-0.034498468149202544,60,3.9513404940155144e-05,0.003863033838570118,650097,9.923427446683247,0.18611111111111112,0.011111111111111112,0.14166666666666666,0.22083333333333333,0.44027777777777777
904,720,0.01,-0.08522375487826876,-0.08169321421141362,87,3.9043293614011216e-05,0.0030699342023581266,650817,9.932845799128215,0.15138888888888888,0.03194444444444444,0.25416666666666665,0.2708333333333333,0.2916666666666667
905,720,0.01,-0.14834233006906766,-0.13786407063276607,93,3.807330860025912e-05,0.0026351851411163807,651537,9.942160884539286,0.20694444444444443,0.004166666666666667,0.30416666666666664,0.19166666666666668,0.29305555555555557
906,720,0.01,-0.00364436113562522,-0.0036377285112547675,67,3.556553214518014e-05,0.0028168230783194304,652257,9.952349650859833,0.16111111111111112,0.006944444444444444,0.24166666666666667,0.13472222222222222,0.45555555555555555
907,720,0.01,0.06269315381519593,0.06470008994242371,67,3.778814432659298e-05,0.002376717980951071,652977,9.961651078859965,0.08611111111111111,0.06944444444444445,0.39444444444444443,0.16666666666666666,0.2833333333333333
908,720,0.01,0.03891025076744655,0.039677169234729304,73,3.7148056829513125e-05,0.0028254780918359756,653697,9.97220184803009,0.17083333333333334,0.015277777777777777,0.2111111111111111,0.3111111111111111,0.2916666666666667
909,720,0.01,-0.014073908227418492,-0.01397533376552107,77,4.1586300802818083e-05,0.003304174169898033,654417,9.982011516888937,0.5069444444444444,0.043055555555555555,0.16944444444444445,0.08194444444444444,0.1986111111111111
910,720,0.01,0.03752278309685952,0.03823565103576998,66,3.848300989754231e-05,0.003278828226029873,655137,9.99112815062205,0.39861111111111114,0.0125,0.21666666666666667,0.12083333333333333,0.2513888888888889
911,720,0.01,0.16524663881170237,0.1796840387033225,70,3.945855588590853e-05,0.002646876499056816,655857,10.009258178869883,0.17777777777777778,0.013888888888888888,0.31666666666666665,0.16805555555555557,0.3236111111111111
912,720,0.01,0.07592498488800113,0.0788816386946698,61,3.694942987395835e-05,0.002938278019428253,656577,10.019856615861256,0.2125,0.02638888888888889,0.23472222222222222,0.2861111111111111,0.24027777777777778
913,720,0.01,0.18863688168912807,0.20760237032619488,60,3.8504431948796185e-05,0.0031953295692801476,657297,10.03193184932073,0.3,0.05138888888888889,0.2388888888888889,0.24444444444444444,0.16527777777777777
914,720,0.01,0.7065190949969434,1.0269234366433935,56,3.7497793509702306e-05,0.003460479434579611,658017,10.041799799601238,0.15138888888888888,0.03333333333333333,0.15138888888888888,0.25,0.41388888888888886
915,720,0.01,0.1350343436500126,0.14457609259705317,59,3.946531986874409e-05,0.0034338992554694414,658737,10.052397028605144,0.2513888888888889,0.04027777777777778,0.2013888888888889,0.13333333333333333,0.3736111111111111
916,720,0.01,-0.11896438960122631,-0.11216058348530811,61,3.887934789569651e-05,0.0032605144660919905,659457,10.06390570004781,0.1597222222222222,0.0125,0.2375,0.15416666666666667,0.4361111111111111
917,720,0.01,0.13983221505790328,0.15008081642471716,52,3.856745163627945e-05,0.0031698201783001423,660177,10.073471450805664,0.075,0.04861111111111111,0.19722222222222222,0.1875,0.49166666666666664
918,720,0.01,0.21245818981854717,0.2367144052306389,79,3.781292997599748e-05,0.0033481866121292114,660897,10.083603731791179,0.14722222222222223,0.04861111111111111,0.2361111111111111,0.20555555555555555,0.3625
919,720,0.01,-0.24768628540017754,-0.2193952080103425,54,3.9249946706200314e-05,0.0036572699900716543,661617,10.093619080384572,0.1763888888888889,0.04861111111111111,0.20416666666666666,0.17916666666666667,0.39166666666666666
920,720,0.01,0.21430717017075315,0.23900318116600805,59,3.8055893140962224e-05,0.003493789816275239,662337,10.102958166599274,0.12638888888888888,0.034722222222222224,0.18194444444444444,0.16805555555555557,0.4888888888888889
921,720,0.01,0.005533884684007369,0.00554922490781018,67,3.792867435031945e-05,0.003089443314820528,663057,10.122530162334442,0.10138888888888889,0.05555555555555555,0.24583333333333332,0.16111111111111112,0.4361111111111111
922,720,0.01,0.016394027517128807,0.016529146960343466,64,3.8633173106619426e-05,0.0031639724038541317,663777,10.132731397946676,0.19027777777777777,0.016666666666666666,0.21805555555555556,0.19166666666666668,0.38333333333333336
923,720,0.01,0.024763537862439865,0.025072700982008866,85,3.9110810915745885e-05,0.0031593760941177607,664497,10.143492714564006,0.06944444444444445,0.08055555555555556,0.26805555555555555,0.19583333333333333,0.3861111111111111
924,720,0.01,-0.13539366479455045,-0.12662797181497998,203,3.4851441773753324e-05,0.0036646672524511814,665217,10.152523680528004,0.034722222222222224,0.39444444444444443,0.03611111111111111,0.10694444444444444,0.42777777777777776
925,720,0.01,-0.1540396591140155,-0.1427619769631976,169,3.69338641171958e-05,0.0036691026762127876,665937,10.16210591395696,0.1,0.19583333333333333,0.15416666666666667,0.1361111111111111,0.41388888888888886
926,720,0.01,-0.13718249607813854,-0.1281888904948939,54,3.685693813824602e-05,0.003422555048018694,666657,10.171393648783367,0.14444444444444443,0.022222222222222223,0.17222222222222222,0.25277777777777777,0.4083333333333333
927,720,0.01,-0.2008903566830285,-0.18199788489764046,61,3.898637567974422e-05,0.002995832357555628,667377,10.181127031644186,0.15694444444444444,0.05277777777777778,0.18611111111111112,0.15416666666666667,0.45
928,720,0.01,0.2493613963986345,0.283205695198806,60,3.777055934885236e-05,0.0030460876878350973,668097,10.190627412001293,0.22777777777777777,0.04027777777777778,0.3333333333333333,0.05694444444444444,0.3416666666666667
929,720,0.01,0.05730999996531651,0.058984044533662905,48,3.9015464700595554e-05,0.0026845489628612995,668817,10.200199015935262,0.1388888888888889,0.029166666666666667,0.2763888888888889,0.15833333333333333,0.3972222222222222
930,720,0.01,0.1772154208387664,0.1938882538362916,57,3.9297817896668775e-05,0.002599449595436454,669537,10.20951606432597,0.2652777777777778,0.004166666666666667,0.21805555555555556,0.20972222222222223,0.30277777777777776
931,720,0.01,-0.06590797268295229,-0.06378298213235267,57,3.8936347242371184e-05,0.0024269772693514824,670257,10.228006811936696,0.1375,0.06666666666666667,0.19444444444444445,0.1361111111111111,0.4652777777777778
932,720,0.01,0.06217033928167656,0.06414359474612574,76,3.7320184312269096e-05,0.0027172795962542295,670977,10.239085980256398,0.2569444444444444,0.03194444444444444,0.2569444444444444,0.28194444444444444,0.17222222222222222
933,720,0.01,0.19302237506263856,0.21290993215120868,43,3.740200701890394e-05,0.003216769080609083,671697,10.252012014389038,0.1486111111111111,0.041666666666666664,0.1625,0.20972222222222223,0.4375
934,720,0.01,-0.13993308934006496,-0.13058359332182556,52,3.826368568600932e-05,0.003670693840831518,672417,10.262260417143503,0.10416666666666667,0.019444444444444445,0.17916666666666667,0.21388888888888888,0.48333333333333334
935,720,0.01,0.2450350479291594,0.277666091970858,52,3.809237108372245e-05,0.002856191713362932,673137,10.272743880748749,0.09444444444444444,0.02638888888888889,0.17777777777777778,0.19166666666666668,0.5097222222222222
936,720,0.01,-0.12820680126573555,-0.12032855683488108,65,3.842865522124662e-05,0.0027084785979241133,673857,10.282626513640086,0.18611111111111112,0.043055555555555555,0.2388888888888889,0.17083333333333334,0.3611111111111111
937,720,0.01,-0.15861490183043928,-0.14667509043633198,50,4.1050190494236936e-05,0.0029728757217526436,674577,10.292667150497437,0.11805555555555555,0.04583333333333333,0.16666666666666666,0.20694444444444443,0.4625
938,720,0.01,-0.06821458641230857,-0.0659399845174109,59,4.0547381517323325e-05,0.002814258448779583,675297,10.302030313014985,0.20694444444444443,0.03888888888888889,0.1527777777777778,0.22916666666666666,0.37222222222222223
939,720,0.01,0.04007594230078179,0.040889818758636176,61,4.25484279351925e-05,0.002569751814007759,676017,10.311712535222371,0.15138888888888888,0.059722222222222225,0.19166666666666668,0.2847222222222222,0.3125
940,720,0.01,0.0556976864406118,0.057278005940340826,62,4.0396702812965185e-05,0.002702526282519102,676737,10.321649714310963,0.23055555555555557,0.05555555555555555,0.11527777777777778,0.2638888888888889,0.3347222222222222
941,720,0.01,0.4489716142489218,0.5667001846068089,69,4.05875674200868e-05,0.002527389209717512,677457,10.339400815963746,0.1625,0.044444444444444446,0.16527777777777777,0.2513888888888889,0.3763888888888889
942,720,0.01,0.39476216391699254,0.48403119277878104,69,4.092282611433499e-05,0.00248475419357419,678177,10.349690846602122,0.12777777777777777,0.03888888888888889,0.1361111111111111,0.20833333333333334,0.4888888888888889
943,720,0.01,-0.08453748501530821,-0.08106279164411068,66,4.127040071024466e-05,0.0021400146652013063,678897,10.359979482491811,0.17222222222222222,0.03333333333333333,0.22083333333333333,0.16666666666666666,0.40694444444444444
944,720,0.01,-0.014195536207455908,-0.014095254660926426,115,4.1428903890997996e-05,0.0020447219721972942,679617,10.36919938325882,0.2361111111111111,0.06944444444444445,0.20833333333333334,0.15555555555555556,0.33055555555555555
945,720,0.01,-0.681385859034347,-0.494084621089268,65,4.161625478471049e-05,0.002620002953335643,680337,10.379627430438996,0.1361111111111111,0.03888888888888889,0.12916666666666668,0.20833333333333334,0.4875
946,720,0.01,-0.2728657997663292,-0.23880506668728618,80,4.333495195143971e-05,0.0024076311383396387,681057,10.390478932857514,0.2777777777777778,0.03333333333333333,0.12222222222222222,0.15833333333333333,0.4083333333333333
947,720,0.01,0.016566729762392766,0.016704718986804812,91,4.5299547089901655e-05,0.0022134152241051197,681777,10.401510731379192,0.058333333333333334,0.05277777777777778,0.2791666666666667,0.23333333333333334,0.3763888888888889
948,720,0.01,0.0959201006491038,0.1006711175727506,67,4.4824645318739285e-05,0.002383775543421507,682497,10.412163682778676,0.2791666666666667,0.075,0.24583333333333332,0.1375,0.2625
949,720,0.01,0.04572929716581167,0.04679100330764241,70,4.4070785304484164e-05,0.002592828357592225,683217,10.421789562702179,0.15138888888888888,0.10972222222222222,0.2222222222222222,0.16944444444444445,0.3472222222222222
950,720,0.01,0.03879234855159806,0.039554596218665417,74,4.3271581388479615e-05,0.003193470649421215,683937,10.431477232774098,0.12916666666666668,0.12222222222222222,0.14027777777777778,0.28888888888888886,0.3194444444444444
951,720,0.01,-0.063315900023343,-0.061353091731145115,78,4.3393566772920164e-05,0.002384955994784832,684657,10.449134095509846,0.1736111111111111,0.12777777777777777,0.19722222222222222,0.2111111111111111,0.2902777777777778
952,720,0.01,-0.07918586861159532,-0.07613180961224952,89,4.254974004677731e-05,0.0029131784103810787,685377,10.459490180015564,0.1625,0.10694444444444444,0.2791666666666667,0.21388888888888888,0.2375
953,720,0.01,0.1509777504666205,0.16297078223671924,75,4.198570039130168e-05,0.0030728611163794994,686097,10.470082513491313,0.03888888888888889,0.12083333333333333,0.20416666666666666,0.19027777777777777,0.44583333333333336
954,720,0.01,0.20496973465735496,0.2274879140586752,47,4.426970770307687e-05,0.0029035410843789577,686817,10.479830515384673,0.034722222222222224,0.027777777777777776,0.08055555555555556,0.35555555555555557,0.5013888888888889
955,720,0.01,0.10866395632045257,0.11478767003994661,56,4.430946218387059e-05,0.0034614838659763336,687537,10.48982794682185,0.22083333333333333,0.05416666666666667,0.12777777777777777,0.18472222222222223,0.4125
956,720,0.01,-0.07163613273810608,-0.06913045285129749,123,4.481986134629147e-05,0.004200599621981382,688257,10.500634133815765,0.16111111111111112,0.30277777777777776,0.18055555555555555,0.07083333333333333,0.2847222222222222
957,720,0.01,0.03296338471893657,0.033512696190636904,71,4.323001378831274e-05,0.004460226744413376,688977,10.510324148337046,0.20277777777777778,0.041666666666666664,0.16944444444444445,0.2152777777777778,0.37083333333333335
958,720,0.01,0.0576857096517761,0.059381989848271255,57,4.5020657388603364e-05,0.0036748263519257307,689697,10.52053774992625,0.16111111111111112,0.002777777777777778,0.1597222222222222,0.20416666666666666,0.4722222222222222
959,720,0.01,0.2866852721529867,0.3320049284554558,84,4.3711363290791874e-05,0.0026152844075113535,690417,10.532705748081208,0.16944444444444445,0.125,0.21666666666666667,0.25277777777777777,0.2361111111111111
960,720,0.01,-0.18699950328246928,-0.17055585161524855,59,4.53277456825971e-05,0.0023142616264522076,691137,10.542133982976278,0.11388888888888889,0.058333333333333334,0.15,0.15138888888888888,0.5263888888888889
961,720,0.01,-0.03493163433641499,-0.03432856723078204,56,4.761569298352697e-05,0.0026149367913603783,691857,10.560492996374766,0.12777777777777777,0.018055555555555554,0.13333333333333333,0.17222222222222222,0.5486111111111112
962,720,0.01,-0.16252329877672364,-0.15000371387899258,67,4.4466155476483336e-05,0.002324514091014862,692577,10.569636845588684,0.11388888888888889,0.04583333333333333,0.18333333333333332,0.14722222222222223,0.5097222222222222
963,720,0.01,0.13239297050746238,0.14155682930236435,77,4.518224222162341e-05,0.0024268818087875843,693297,10.579331747690837,0.12222222222222222,0.09166666666666666,0.23194444444444445,0.2222222222222222,0.33194444444444443
964,720,0.01,0.07108683739461302,0.07367445691282848,44,4.518373981581034e-05,0.0021489523351192474,694017,10.58835388024648,0.12916666666666668,0.07222222222222222,0.1361111111111111,0.2986111111111111,0.3638888888888889
965,720,0.01,-0.003956976755309073,-0.003949158238749639,48,4.5871663218122194e-05,0.0022922581993043423,694737,10.597040780385335,0.11805555555555555,0.018055555555555554,0.18472222222222223,0.16111111111111112,0.5180555555555556
966,720,0.01,-0.12587779527550402,-0.11827740913383544,68,4.466860897183425e-05,0.0025985848624259233,695457,10.607444365819296,0.23194444444444445,0.05555555555555555,0.15833333333333333,0.20972222222222223,0.34444444444444444
967,720,0.01,-0.14090687752016204,-0.13142980865811615,65,4.673781218495302e-05,0.0026810637209564447,696177,10.616693913936615,0.15138888888888888,0.04027777777777778,0.2125,0.14305555555555555,0.4527777777777778
968,720,0.01,-0.09281808728291883,-0.08864072694080505,87,4.5599193649397626e-05,0.0024495350662618876,696897,10.626094917456308,0.17777777777777778,0.11388888888888889,0.2013888888888889,0.1597222222222222,0.3472222222222222
969,720,0.01,-0.09421268486093483,-0.08991082053513877,137,4.73608926717538e-05,0.0033944915048778057,697617,10.635655895868938,0.12361111111111112,0.4444444444444444,0.15416666666666667,0.08472222222222223,0.19305555555555556
970,720,0.01,0.14739261488970146,0.15880883933304735,62,4.76731953224569e-05,0.003269223729148507,698337,10.645248448848724,0.10416666666666667,0.0875,0.2,0.1875,0.42083333333333334
971,720,0.01,0.10414913772462346,0.1097659505431825,62,4.662178772984286e-05,0.0034709207247942686,699057,10.663522481918335,0.24861111111111112,0.030555555555555555,0.2625,0.2013888888888889,0.2569444444444444
972,720,0.01,-0.0794617131855664,-0.07638661849419104,58,4.855360452261771e-05,0.00307718338444829,699777,10.673301513989767,0.17083333333333334,0.022222222222222223,0.2375,0.1486111111111111,0.42083333333333334
973,720,0.01,0.299490060571662,0.34917063682494076,72,5.078326116113709e-05,0.0032057282514870167,700497,10.682544247309368,0.25,0.12361111111111112,0.10555555555555556,0.1986111111111111,0.32222222222222224
974,720,0.01,0.05216705931508788,0.053551733443492955,59,4.785166523156982e-05,0.003097485052421689,701217,10.693099796772003,0.20833333333333334,0.10972222222222222,0.24027777777777778,0.25,0.19166666666666668
975,720,0.01,0.12676273941838398,0.13514766003472078,74,4.71541380875351e-05,0.002960607409477234,701937,10.703433628877004,0.2569444444444444,0.05416666666666667,0.25972222222222224,0.16111111111111112,0.26805555555555555
976,720,0.01,0.05157092081675586,0.05292385786419773,75,4.9471246438770325e-05,0.003529201727360487,702657,10.712871479988099,0.08333333333333333,0.10972222222222222,0.16111111111111112,0.21666666666666667,0.42916666666666664
977,720,0.01,0.056933419387206856,0.058585326789352576,52,5.013709304396091e-05,0.0038404976949095726,703377,10.723352245489757,0.23472222222222222,0.013888888888888888,0.23333333333333334,0.1125,0.40555555555555556
978,720,0.01,-0.3397121398232653,-0.28802475741377165,40,4.820406665607556e-05,0.0038609930779784918,704097,10.733463581403097,0.23055555555555557,0.02361111111111111,0.23055555555555557,0.10138888888888889,0.41388888888888886
979,720,0.01,0.09115806108283332,0.09544213834587256,53,4.806121293591382e-05,0.004666944034397602,704817,10.744309564431509,0.02638888888888889,0.1125,0.1625,0.1361111111111111,0.5625
980,720,0.01,-0.17583131973917515,-0.16124054643148134,57,5.0795566245495944e-05,0.00401079747825861,705537,10.753977111975352,0.19444444444444445,0.0375,0.19444444444444445,0.1,0.4736111111111111
981,720,0.01,-0.13163910744192223,-0.12334268290146588,60,4.871759919322156e-05,0.004244064912199974,706257,10.772604084014892,0.20694444444444443,0.10694444444444444,0.2152777777777778,0.16805555555555557,0.30277777777777776
982,720,0.01,0.03928601432229641,0.04006791543322885,58,4.694313670496639e-05,0.0037723153363913298,706977,10.782189695040385,0.1361111111111111,0.0375,0.1986111111111111,0.22916666666666666,0.39861111111111114
983,720,0.01,-0.14888538369673784,-0.13833212957469987,72,5.0075209398730496e-05,0.0031682371627539396,707697,10.792902481555938,0.15555555555555556,0.05277777777777778,0.24166666666666667,0.22361111111111112,0.3263888888888889
984,720,0.01,0.07339368778361215,0.07615412226026352,121,4.8431768108356566e-05,0.0031805026810616255,708417,10.80246259768804,0.2152777777777778,0.044444444444444446,0.20277777777777778,0.1763888888888889,0.3611111111111111
985,720,0.01,0.4395557419388376,0.5520175690154032,52,4.763011468943053e-05,0.0030084443278610706,709137,10.812757527828216,0.12638888888888888,0.11944444444444445,0.1736111111111111,0.15,0.4305555555555556
986,720,0.01,-0.2323685041649046,-0.20734602680972614,64,4.951765565187492e-05,0.0029339792672544718,709857,10.822013099988302,0.20277777777777778,0.09861111111111111,0.1388888888888889,0.2361111111111111,0.3236111111111111
987,720,0.01,-0.04067594790751872,-0.03985978501305809,73,4.940742203921723e-05,0.00277796876616776,710577,10.833090913295745,0.23472222222222222,0.05138888888888889,0.19305555555555556,0.23055555555555557,0.2902777777777778
988,720,0.01,0.4178712338051315,0.518725101358561,66,4.6850926068802636e-05,0.002972071524709463,711297,10.842762565612793,0.175,0.058333333333333334,0.12638888888888888,0.23472222222222222,0.40555555555555556
989,720,0.01,0.3080816422942593,0.3608120842226663,48,4.772349399091682e-05,0.0029204213060438633,712017,10.852674416701,0.13472222222222222,0.002777777777777778,0.2263888888888889,0.2222222222222222,0.41388888888888886
990,720,0.01,0.0085774835223165,0.008614375538887664,59,4.983112031469419e-05,0.003318777307868004,712737,10.862568414211273,0.15833333333333333,0.030555555555555555,0.19583333333333333,0.28194444444444444,0.3333333333333333
991,720,0.01,-0.09321724236232508,-0.08900442803241149,74,5.0381548385303175e-05,0.002870755735784769,713457,10.88057299455007,0.2652777777777778,0.09861111111111111,0.12638888888888888,0.1111111111111111,0.39861111111111114
992,720,0.01,0.0020933045059672046,0.002095496997426949,104,4.737300137599555e-05,0.0029899096116423607,714177,10.890718964735667,0.1875,0.1125,0.1597222222222222,0.2902777777777778,0.25
993,720,0.01,0.057709847906211025,0.059407561788918706,64,4.804785551060478e-05,0.0028030560351908207,714897,10.90034549633662,0.13333333333333333,0.11805555555555555,0.24305555555555555,0.13333333333333333,0.37222222222222223
994,720,0.01,-0.03947269934992361,-0.03870380235652693,93,5.0036705368307187e-05,0.002684368286281824,715617,10.910494963328043,0.1986111111111111,0.09166666666666666,0.22361111111111112,0.14027777777777778,0.3458333333333333
995,720,0.01,-0.42469694566290683,-0.3460320570765363,73,4.942922945474493e-05,0.0034082895144820213,716337,10.920071931680043,0.0875,0.0625,0.2611111111111111,0.23472222222222222,0.3541666666666667
996,720,0.01,0.15654746368299186,0.16946626817799948,90,4.982102921455104e-05,0.0034537038300186396,717057,10.930936515331268,0.058333333333333334,0.07222222222222222,0.38333333333333336,0.2611111111111111,0.225
997,720,0.01,-0.02381071571872723,-0.023529477212655525,74,4.788580167579918e-05,0.0029668842907994986,717777,10.940892914930979,0.25,0.034722222222222224,0.24583333333333332,0.14583333333333334,0.3236111111111111
998,720,0.01,-0.1128442547141821,-0.10671022504618577,84,4.745467742345176e-05,0.0033185514621436596,718497,10.951109317938487,0.1375,0.015277777777777777,0.17916666666666667,0.27361111111111114,0.39444444444444443
999,720,0.01,-0.1438405249073297,-0.13397415340058516,68,4.992527349259035e-05,0.003009229199960828,719217,10.962044783433278,0.15694444444444444,0.058333333333333334,0.1986111111111111,0.1125,0.4736111111111111
1000,720,0.01,-0.3639079246338112,-0.30504481995018196,61,4.738293589146754e-05,0.002976436400786042,719937,10.971316015720367,0.020833333333333332,0.05416666666666667,0.21944444444444444,0.2152777777777778,0.49027777777777776
1001,720,0.01,-0.06998276615682734,-0.06759011122672065,70,4.9336662518979005e-05,0.0024351608008146286,720657,10.989068214098612,0.12638888888888888,0.07777777777777778,0.1638888888888889,0.3625,0.26944444444444443
1002,720,0.01,0.04282974216950427,0.04376017137929922,61,4.750138125978588e-05,0.00304771913215518,721377,10.999310962359111,0.32916666666666666,0.0625,0.17777777777777778,0.2513888888888889,0.17916666666666667
1003,720,0.01,-0.09489051739839534,-0.09052749956680528,68,4.805514564496762e-05,0.002711078617721796,722097,11.008511213461558,0.12916666666666668,0.03611111111111111,0.2,0.2638888888888889,0.37083333333333335
1004,720,0.01,0.21575958545699842,0.24080403580386522,61,4.958967237295534e-05,0.0026584044098854065,722817,11.01910852988561,0.20972222222222223,0.1375,0.125,0.25555555555555554,0.2722222222222222
1005,720,0.01,-0.1611684391022502,-0.14885130768942256,87,4.9205272027090056e-05,0.0024514864198863506,723537,11.028421998023987,0.17916666666666667,0.14027777777777778,0.2652777777777778,0.21944444444444444,0.19583333333333333
1006,720,0.01,-0.37997894198594895,-0.3161241898728533,76,4.835609133427473e-05,0.0031926606316119432,724257,11.037463764349619,0.10138888888888889,0.10416666666666667,0.19444444444444445,0.25277777777777777,0.3472222222222222
1007,720,0.01,-0.08994558573674928,-0.08601908248360468,72,4.682547998855726e-05,0.00280233146622777,724977,11.047851264476776,0.10138888888888889,0.10555555555555556,0.15694444444444444,0.22083333333333333,0.4152777777777778
1008,720,0.01,0.02441778560925733,0.024718341049872583,62,4.650545588826087e-05,0.002697183284908533,725697,11.05681156317393,0.17916666666666667,0.05,0.2791666666666667,0.25277777777777777,0.2388888888888889
1009,720,0.01,0.10571298778534659,0.11150281583680077,63,4.5645123230365745e-05,0.002814929001033306,726417,11.066394845644632,0.24861111111111112,0.030555555555555555,0.1361111111111111,0.33194444444444443,0.25277777777777777
1010,720,0.01,-0.03446754987784486,-0.03388031012021653,81,4.78867301227284e-05,0.002587348222732544,727137,11.07673108180364,0.21666666666666667,0.10277777777777777,0.20694444444444443,0.3958333333333333,0.07777777777777778
1011,720,0.01,0.14934382878612454,0.1610721306082714,76,4.631386138574574e-05,0.0028816305566579103,727857,11.095271265506744,0.09305555555555556,0.04861111111111111,0.20277777777777778,0.3861111111111111,0.26944444444444443
1012,720,0.01,-0.048556736399976944,-0.047396709508727985,70,4.64164097542784e-05,0.0023019127547740936,728577,11.104939146836598,0.10138888888888889,0.05277777777777778,0.25,0.25972222222222224,0.33611111111111114
1013,720,0.01,-0.39948517629286756,-0.32933476846607945,89,4.33293456972529e-05,0.0021471665240824223,729297,11.114845029513042,0.0875,0.04722222222222222,0.28194444444444444,0.3541666666666667,0.22916666666666666
