episode,steps,epsilon,train_reward,train_portfolio_return,train_position_changes,mean_loss,mean_max_q,updates,minutes,action_share_-1,action_share_0,action_share_0.5,action_share_1,action_share_2
1,720,1.0,-0.8407438898919752,-0.36348283266798653,590,0.0021403781567165795,0.1538529396057129,657,0.010806183020273844,0.19444444444444445,0.18333333333333332,0.21666666666666667,0.21666666666666667,0.18888888888888888
2,720,0.9909,-0.37537345232618,0.03938225144196683,578,0.0010081683501387791,0.18456485867500305,1377,0.020874285697937013,0.16805555555555557,0.22916666666666666,0.19166666666666668,0.19166666666666668,0.21944444444444444
3,720,0.98188281,-0.38937191975149316,0.03187556191413332,580,0.0011412371323078535,0.20005664229393005,2097,0.029935920238494874,0.2125,0.2125,0.16527777777777777,0.16805555555555557,0.24166666666666667
4,720,0.972947676429,-0.6302633597711673,-0.2050796513870521,574,0.0006347793230007583,0.1954272836446762,2817,0.03880820274353027,0.23333333333333334,0.20972222222222223,0.1763888888888889,0.20416666666666666,0.1763888888888889
5,720,0.9640938525734961,-0.5846058260053679,-0.15747827101271128,574,0.0005391079325919337,0.19502872228622437,3537,0.04761470556259155,0.20694444444444443,0.1763888888888889,0.20694444444444443,0.20972222222222223,0.2
6,720,0.9553205985150773,-0.3628963575312354,0.05216888917258489,577,0.000467175129819629,0.18418079614639282,4257,0.05956268310546875,0.18888888888888888,0.18333333333333332,0.2,0.21944444444444444,0.20833333333333334
7,720,0.9466271810685901,-0.30384879896092215,0.09653060611416753,570,0.00033868873084025433,0.17788711190223694,4977,0.0685720682144165,0.19583333333333333,0.19305555555555556,0.1986111111111111,0.20555555555555555,0.20694444444444443
8,720,0.938012873720866,-0.49842208123528664,-0.08462556719764536,587,0.0002683564957401864,0.1663217842578888,5697,0.07785836855570476,0.2013888888888889,0.19166666666666668,0.1986111111111111,0.20833333333333334,0.2
9,720,0.9294769565700061,-0.419870820765393,-0.02309983826652351,573,0.00021227731968893852,0.14991092681884766,6417,0.08640513420104981,0.20833333333333334,0.2111111111111111,0.1875,0.19444444444444445,0.1986111111111111
10,720,0.921018716265219,-0.5722784140988373,-0.1495829596369035,573,0.00021218847591121125,0.1432700753211975,7137,0.09503449996312459,0.2152777777777778,0.18888888888888888,0.2152777777777778,0.16944444444444445,0.2111111111111111
11,720,0.9126374459472055,-0.31321249447954236,0.11715749183086888,597,0.0002134434613961073,0.13210585713386536,7857,0.11440970500310262,0.18611111111111112,0.19444444444444445,0.225,0.18194444444444444,0.2125
12,720,0.904332445189086,-0.29030613944832134,0.12096941557074392,569,0.00019052109262500177,0.12501400709152222,8577,0.1244885524113973,0.21388888888888888,0.2111111111111111,0.18194444444444444,0.19027777777777777,0.20277777777777778
13,720,0.8961030199378652,-0.3527405130913859,0.057343348234985436,562,0.0002170484699793936,0.11662862449884415,9297,0.13405431906382242,0.225,0.16666666666666666,0.21666666666666667,0.19166666666666668,0.2
14,720,0.8879484824564307,-0.5231312125977726,-0.11496776649486418,569,0.00020379819631873236,0.10970611870288849,10017,0.14311025142669678,0.1763888888888889,0.18611111111111112,0.19583333333333333,0.21944444444444444,0.2222222222222222
15,720,0.8798681512660771,-0.5015612203999233,-0.10824265699420854,570,0.00026817553714156224,0.10692256689071655,10737,0.15227361917495727,0.18611111111111112,0.19305555555555556,0.19305555555555556,0.22916666666666666,0.1986111111111111
16,720,0.8718613510895558,-0.7241106821900108,-0.2622207970865982,585,0.00018201649443957044,0.10198887437582016,11457,0.16241398652394612,0.2152777777777778,0.20694444444444443,0.17777777777777778,0.19166666666666668,0.20833333333333334
17,720,0.8639274127946408,-0.29904191140519293,0.1056773002436231,572,0.00017187564848831648,0.09407404065132141,12177,0.17104686896006266,0.19027777777777777,0.18333333333333332,0.21944444444444444,0.20277777777777778,0.20416666666666666
18,720,0.8560656733382096,-0.5163953059218307,-0.11165518477000436,552,0.00018089586837959358,0.0924292579293251,12897,0.18268588383992512,0.2152777777777778,0.2013888888888889,0.20555555555555555,0.1638888888888889,0.21388888888888888
19,720,0.8482754757108318,-0.6334143981058129,-0.21133560074192892,575,0.00016947237508652,0.09007011353969574,13617,0.19187978506088257,0.20555555555555555,0.2,0.20555555555555555,0.1986111111111111,0.19027777777777777
20,720,0.8405561688818632,-0.521988636563382,-0.1410019581445343,544,0.00022815778460325318,0.09022186696529388,14337,0.2024124503135681,0.17222222222222222,0.2152777777777778,0.1875,0.18888888888888888,0.2361111111111111
21,720,0.8329071077450383,-0.45051445275790153,-0.044971840699803645,573,0.00015195666228464688,0.08381910622119904,15057,0.2197438875834147,0.18472222222222223,0.21944444444444444,0.22361111111111112,0.1763888888888889,0.19583333333333333
22,720,0.8253276530645585,-0.4355964905473639,-0.028677263517764007,581,0.00012746564100578122,0.07804220169782639,15777,0.2299107352892558,0.20833333333333334,0.20277777777777778,0.18611111111111112,0.21944444444444444,0.18333333333333332
23,720,0.817817171421671,-0.3487256021793321,0.033834182170545235,580,0.0001414069660010379,0.07808052003383636,16497,0.23965925375620525,0.2,0.19305555555555556,0.21944444444444444,0.21805555555555556,0.16944444444444445
24,720,0.8103750351617338,-0.314659914886944,0.06485653920183831,569,0.00018188154202915838,0.08174368739128113,17217,0.250263782342275,0.18472222222222223,0.22361111111111112,0.1986111111111111,0.18472222222222223,0.20833333333333334
25,720,0.8030006223417621,-0.5008225299342374,-0.09364347050512356,556,0.00016729136943670003,0.07748476415872574,17937,0.2600952506065369,0.17083333333333334,0.17777777777777778,0.20416666666666666,0.2013888888888889,0.24583333333333332
26,720,0.795693316678452,-0.6426279450042192,-0.2047732182980252,567,0.00010089748341973367,0.07144810259342194,18657,0.269843852519989,0.2013888888888889,0.19305555555555556,0.19166666666666668,0.1875,0.2263888888888889
27,720,0.7884525074966781,-0.3843251487622161,-0.0010745709968675854,564,0.00010649719441870628,0.06831078231334686,19377,0.2789873202641805,0.20277777777777778,0.19444444444444445,0.21388888888888888,0.18333333333333332,0.20555555555555555
28,720,0.7812775896784583,-0.5962024991499064,-0.1889718369546738,566,0.00010180048237897507,0.06597776710987091,20097,0.28757356802622475,0.2013888888888889,0.21805555555555556,0.2111111111111111,0.19166666666666668,0.17777777777777778
29,720,0.7741679636123843,-0.30629243091960434,0.09330756962224074,577,9.755458784942069e-05,0.06375965476036072,20817,0.2970093011856079,0.19444444444444445,0.20416666666666666,0.21944444444444444,0.18888888888888888,0.19305555555555556
30,720,0.7671230351435115,-0.29494837527793194,0.09505175251463505,564,0.00013419791705220833,0.05854110047221184,21537,0.30730910301208497,0.18472222222222223,0.2,0.21388888888888888,0.19305555555555556,0.20833333333333334
31,720,0.7601422155237056,-0.6076337327783405,-0.20238857225933504,550,0.00010285011617522994,0.054849933832883835,22257,0.3267346183458964,0.18055555555555555,0.24444444444444444,0.19305555555555556,0.1736111111111111,0.20833333333333334
32,720,0.7532249213624399,-0.49349654711530805,-0.10192037658916653,564,9.864339008092631e-05,0.05635931342840195,22977,0.33552988767623904,0.20555555555555555,0.20694444444444443,0.2013888888888889,0.19166666666666668,0.19444444444444445
33,720,0.7463705745780417,-0.4694983287308629,-0.0773435544102905,551,0.00010850466681707378,0.054719701409339905,23697,0.3442683021227519,0.2222222222222222,0.18055555555555555,0.21388888888888888,0.18333333333333332,0.2
34,720,0.7395786023493816,-0.3717910603338936,0.019394618338909764,570,0.0001044966672755739,0.05551981180906296,24417,0.35288468599319456,0.2013888888888889,0.17083333333333334,0.20972222222222223,0.19444444444444445,0.22361111111111112
35,720,0.7328484370680022,-0.4072838281333703,0.015332527221701309,575,0.00013273188994591893,0.05294794216752052,25137,0.3607875506083171,0.20555555555555555,0.21666666666666667,0.16805555555555557,0.17916666666666667,0.23055555555555557
36,720,0.7261795162906833,-0.22084205187782702,0.20702414749173048,573,0.0001268895124692588,0.054033465683460236,25857,0.37043933471043905,0.21666666666666667,0.14444444444444443,0.2013888888888889,0.225,0.2125
37,720,0.7195712826924381,-0.4278042132508945,-0.05167140088760491,548,8.067235899034131e-05,0.049323856830596924,26577,0.3792898853619893,0.1986111111111111,0.18333333333333332,0.20833333333333334,0.20694444444444443,0.20277777777777778
38,720,0.7130231840199369,-0.40389826989290395,-0.014787839756181254,572,7.129107388360959e-05,0.0488734133541584,27297,0.38802693684895834,0.20416666666666666,0.19305555555555556,0.21388888888888888,0.1875,0.2013888888888889
39,720,0.7065346730453554,-0.5098699881193431,-0.10606301075312263,577,7.916084770285024e-05,0.04767529293894768,28017,0.3966464360555013,0.1597222222222222,0.21944444444444444,0.21388888888888888,0.17222222222222222,0.23472222222222222
40,720,0.7001052075206428,-0.563532668588504,-0.15509633884195706,551,9.001933072138652e-05,0.05124208703637123,28737,0.4052695353825887,0.20277777777777778,0.20555555555555555,0.18055555555555555,0.18611111111111112,0.225
41,720,0.6937342501322049,-0.7222345889950519,-0.272204072168599,572,8.520507497501562e-05,0.04614356532692909,29457,0.42184258699417115,0.19305555555555556,0.19722222222222222,0.17777777777777778,0.21805555555555556,0.21388888888888888
42,720,0.6874212684560018,-0.5282205285094117,-0.15356386694709812,550,8.538462929613565e-05,0.04310929775238037,30177,0.4306178013483683,0.18472222222222223,0.20833333333333334,0.20277777777777778,0.2222222222222222,0.18194444444444444
43,720,0.6811657349130522,-0.2315630135806496,0.145896140579874,554,7.643207413315799e-05,0.043885618448257446,30897,0.4391617854436239,0.19166666666666668,0.18611111111111112,0.21805555555555556,0.2013888888888889,0.20277777777777778
44,720,0.6749671267253434,-0.638181251252516,-0.2193912783206633,556,8.170461534923056e-05,0.03960627317428589,31617,0.44766165018081666,0.19444444444444445,0.20277777777777778,0.19722222222222222,0.20277777777777778,0.20277777777777778
45,720,0.6688249258721428,-0.35775029338276265,0.012325041569429818,550,7.233184906504498e-05,0.039038028568029404,32337,0.45646363496780396,0.1736111111111111,0.2513888888888889,0.18472222222222223,0.2,0.19027777777777777
46,720,0.6627386190467063,-0.46817922692903574,-0.08531837669565034,534,8.196957567684472e-05,0.04051709920167923,33057,0.46483118534088136,0.16805555555555557,0.22083333333333333,0.1736111111111111,0.21944444444444444,0.21805555555555556
47,720,0.6567076976133812,-0.5411251465741708,-0.15601887347563614,536,7.147427918425819e-05,0.03783085197210312,33777,0.47371983528137207,0.1763888888888889,0.19166666666666668,0.2,0.19583333333333333,0.2361111111111111
48,720,0.6507316575650994,-0.4199731225144821,-0.030982999155857338,560,5.95616922055342e-05,0.035655148327350616,34497,0.4832422216733297,0.2,0.22083333333333333,0.2,0.17222222222222222,0.20694444444444443
49,720,0.6448099994812571,-0.6930027085997341,-0.2621411321164504,564,6.191465787550341e-05,0.03688466548919678,35217,0.49179183642069496,0.21944444444444444,0.2152777777777778,0.18194444444444444,0.18333333333333332,0.2
50,720,0.6389422284859776,-0.5128324095415904,-0.11691375420559957,561,5.037154681354473e-05,0.03600496053695679,35937,0.5004199504852295,0.19444444444444445,0.18611111111111112,0.19722222222222222,0.2,0.2222222222222222
51,720,0.6331278542067552,-0.49304366047798054,-0.09993982832676784,539,5.091154123672621e-05,0.03538720682263374,36657,0.5178248047828674,0.2125,0.1875,0.19027777777777777,0.16111111111111112,0.24861111111111112
52,720,0.6273663907334738,-0.29864934580211544,0.09455802778781308,551,5.962683487723552e-05,0.03416335955262184,37377,0.5261419534683227,0.21388888888888888,0.19166666666666668,0.20972222222222223,0.1763888888888889,0.20833333333333334
53,720,0.6216573565777992,-0.38967503393668695,-0.017028383815192005,539,5.234312908315688e-05,0.03319937735795975,38097,0.5347135543823243,0.19305555555555556,0.1986111111111111,0.1986111111111111,0.2,0.20972222222222223
54,720,0.6160002746329413,-0.47396739977454233,-0.09059741928584553,531,5.7692541660496013e-05,0.03488919883966446,38817,0.5438266317049663,0.16944444444444445,0.18333333333333332,0.18333333333333332,0.1986111111111111,0.2652777777777778
55,720,0.6103946721337815,-0.5127382804240533,-0.10840053759329471,559,5.54258298128237e-05,0.036071620881557465,39537,0.5527894377708436,0.19444444444444445,0.19444444444444445,0.19027777777777777,0.19583333333333333,0.225
56,720,0.604840080617364,-0.2329964374187968,0.14025687113473984,545,4.684692450811983e-05,0.03190042823553085,40257,0.5631082018216451,0.1625,0.18472222222222223,0.20277777777777778,0.18611111111111112,0.2638888888888889
57,720,0.5993360358837461,-0.41960202129916085,-0.0393085768345347,533,4.874242539345788e-05,0.02978418953716755,40977,0.5725791215896606,0.20416666666666666,0.20416666666666666,0.19583333333333333,0.16666666666666666,0.22916666666666666
58,720,0.5938820779572039,-0.18239924210357691,0.20635179276664006,533,5.225110986025862e-05,0.030272217467427254,41697,0.581332782904307,0.16805555555555557,0.19722222222222222,0.2263888888888889,0.17777777777777778,0.23055555555555557
59,720,0.5884777510477934,-0.39776406948629744,-0.0404242981746894,510,4.998249780783226e-05,0.02904513292014599,42417,0.5898272514343261,0.2111111111111111,0.20972222222222223,0.21666666666666667,0.18194444444444444,0.18055555555555555
60,720,0.5831226035132585,-0.3935696310133835,-0.01323131726522997,544,4.705020496531789e-05,0.02744719386100769,43137,0.5992387493451437,0.20555555555555555,0.16805555555555557,0.20277777777777778,0.20416666666666666,0.21944444444444444
61,720,0.5778161878212879,-0.536697879430101,-0.1488763654171178,533,5.279528658977344e-05,0.030201198533177376,43857,0.6150492866834004,0.19166666666666668,0.1625,0.2013888888888889,0.2111111111111111,0.23333333333333334
62,720,0.5725580605121141,-0.4547467226984051,-0.07964583650665125,533,5.566708568696615e-05,0.029647214338183403,44577,0.624478566646576,0.17083333333333334,0.18055555555555555,0.1986111111111111,0.20833333333333334,0.24166666666666667
63,720,0.5673477821614539,-0.44597608119024196,-0.10548721317143495,513,5.04549569667587e-05,0.033174701035022736,45297,0.6339166680971782,0.14027777777777778,0.175,0.2125,0.21666666666666667,0.25555555555555554
64,720,0.5621849173437846,-0.41441127491660973,-0.04987457322339783,536,4.537330015131778e-05,0.027386054396629333,46017,0.6428358554840088,0.15833333333333333,0.19444444444444445,0.2111111111111111,0.19444444444444445,0.24166666666666667
65,720,0.5570690345959561,-0.3059518246310529,0.05579936859121171,546,4.4139641434210514e-05,0.02592957392334938,46737,0.6532480359077454,0.2,0.20694444444444443,0.18055555555555555,0.2152777777777778,0.19722222222222222
66,720,0.5519997063811329,-0.3661447217459034,0.022095854269828408,547,4.164530670828349e-05,0.02652619779109955,47457,0.6621780713399251,0.20416666666666666,0.21388888888888888,0.1875,0.17777777777777778,0.21666666666666667
67,720,0.5469765090530646,-0.5213041226470925,-0.14470096499312646,527,4.165602378962932e-05,0.026545478031039238,48177,0.6697752356529236,0.14583333333333334,0.14722222222222223,0.1986111111111111,0.20833333333333334,0.3
68,720,0.5419990228206817,-0.47989998421863234,-0.12335221805549956,528,4.5493972517205194e-05,0.024147067219018936,48897,0.6791590531667073,0.14583333333333334,0.18611111111111112,0.21666666666666667,0.20694444444444443,0.24444444444444444
69,720,0.5370668317130135,-0.2468847556700405,0.13952925661230942,535,4.439367791443753e-05,0.021916579455137253,49617,0.6883832494417826,0.17777777777777778,0.20833333333333334,0.1763888888888889,0.21666666666666667,0.22083333333333333
70,720,0.5321795235444251,-0.34810977856356373,0.014747914386027405,537,3.738050126255783e-05,0.022886745631694794,50337,0.697170901298523,0.2,0.21944444444444444,0.20694444444444443,0.15555555555555556,0.21805555555555556
71,720,0.5273366898801708,0.056538235117901674,0.4696705133922401,499,4.3717661222646916e-05,0.02418605610728264,51057,0.713524854183197,0.15555555555555556,0.19166666666666668,0.2,0.21388888888888888,0.2388888888888889
72,720,0.5225379260022612,-0.22884802671761656,0.0888825351776874,486,4.8277421857771215e-05,0.023967880755662918,51777,0.7227001190185547,0.1527777777777778,0.1736111111111111,0.20277777777777778,0.22916666666666666,0.24166666666666667
73,720,0.5177828308756407,-0.4857002557447568,-0.12689569873156037,482,4.255920298798325e-05,0.02488737367093563,52497,0.7319812695185344,0.18055555555555555,0.14583333333333334,0.15833333333333333,0.22361111111111112,0.2916666666666667
74,720,0.5130710071146724,-0.30331338843650085,0.03374342972062605,500,4.9611095907190857e-05,0.024661879986524582,53217,0.7411060372988383,0.17916666666666667,0.19444444444444445,0.20833333333333334,0.2111111111111111,0.20694444444444443
75,720,0.5084020609499288,-0.5049379746115783,-0.13923863617271548,512,4.050354438934139e-05,0.02477755770087242,53937,0.7501740694046021,0.19027777777777777,0.1875,0.19722222222222222,0.1597222222222222,0.2652777777777778
76,720,0.5037756021952844,-0.3885329955457491,-0.025453452394038734,513,4.0116434413701226e-05,0.022124558687210083,54657,0.7596321503321329,0.18888888888888888,0.15833333333333333,0.1986111111111111,0.18333333333333332,0.2708333333333333
77,720,0.4991912442153073,-0.20652965478832447,0.15600528866757868,527,3.766382236184048e-05,0.020103275775909424,55377,0.7686632513999939,0.16944444444444445,0.20555555555555555,0.21944444444444444,0.18611111111111112,0.21944444444444444
78,720,0.494648603892948,-0.15624546526484384,0.2383186532678876,507,7.108775076732046e-05,0.02560248412191868,56097,0.7775172193845113,0.18194444444444444,0.17222222222222222,0.17222222222222222,0.17916666666666667,0.29444444444444445
79,720,0.4901473015975222,-0.349523407626958,-0.01046823029372157,487,5.0036878320093414e-05,0.022521182894706726,56817,0.7865179856618245,0.16666666666666666,0.1763888888888889,0.19583333333333333,0.19722222222222222,0.2638888888888889
80,720,0.4856869611529847,-0.1201810253251679,0.24149832237304358,500,4.995227072362872e-05,0.022468145936727524,57537,0.7948061704635621,0.17777777777777778,0.1986111111111111,0.24027777777777778,0.1736111111111111,0.20972222222222223
81,720,0.48126720980649257,-0.310774390307458,0.02298580364418701,463,4.41448683987902e-05,0.028264613822102547,58257,0.8099987030029296,0.15833333333333333,0.12222222222222222,0.16527777777777777,0.1986111111111111,0.35555555555555557
82,720,0.4768876781972535,-0.4082145149841549,-0.08030622258699038,471,4.560982924759729e-05,0.024706440046429634,58977,0.8196152051289877,0.16111111111111112,0.17083333333333334,0.15138888888888888,0.2125,0.30416666666666664
83,720,0.47254800032565847,-0.6038012340915125,-0.2257041428826585,494,5.199079659708635e-05,0.02418755739927292,59697,0.8282685200373332,0.17916666666666667,0.16527777777777777,0.1875,0.2013888888888889,0.26666666666666666
84,720,0.46824781352269496,-0.30811694647777105,0.049572620821646485,496,5.106600112614817e-05,0.023212887346744537,60417,0.839566969871521,0.1763888888888889,0.12222222222222222,0.18333333333333332,0.22777777777777777,0.2902777777777778
85,720,0.46398675841963843,-0.29066924245050474,0.035444452813109484,475,4.425670299876098e-05,0.021107150241732597,61137,0.849040937423706,0.16111111111111112,0.15555555555555556,0.1763888888888889,0.24027777777777778,0.26666666666666666
86,720,0.45976447891801975,-0.422403582702966,-0.07100654249166827,495,3.831060441573047e-05,0.021189767867326736,61857,0.8579646706581116,0.11805555555555555,0.16666666666666666,0.1597222222222222,0.24861111111111112,0.30694444444444446
87,720,0.4555806221598658,-0.004146074575850964,0.3852130096905213,493,4.091715402031089e-05,0.01900431141257286,62577,0.8672847827275594,0.1638888888888889,0.1875,0.19305555555555556,0.19583333333333333,0.25972222222222224
88,720,0.451434838498211,-0.30421374154764685,0.07981125119701393,501,3.7648437489679055e-05,0.01876850053668022,63297,0.8764050682385762,0.19583333333333333,0.12222222222222222,0.1638888888888889,0.17916666666666667,0.3388888888888889
89,720,0.44732678146787724,-0.3748557086828871,-0.05053414336155759,477,3.614319531379806e-05,0.016174813732504845,64017,0.88489328622818,0.1736111111111111,0.1763888888888889,0.1763888888888889,0.2375,0.2361111111111111
90,720,0.4432561077565196,-0.35814516992348233,-0.023611940771874784,462,3.375361319765741e-05,0.016008252277970314,64737,0.8941587328910827,0.17222222222222222,0.13333333333333333,0.14444444444444443,0.2388888888888889,0.3111111111111111
91,720,0.43922247717593527,-0.2474087904904303,0.11081192234598669,495,4.5256748529077915e-05,0.018087344244122505,65457,0.9104774554570516,0.16527777777777777,0.12916666666666668,0.19583333333333333,0.21388888888888888,0.29583333333333334
92,720,0.43522555263363427,-0.30939518154479323,-0.004883219670090533,448,4.3357045944958374e-05,0.01674940250813961,66177,0.9196890195210775,0.15416666666666667,0.13333333333333333,0.20416666666666666,0.21666666666666667,0.2916666666666667
93,720,0.43126500010466823,-0.603843108735039,-0.22651044199853687,507,3.829621688914307e-05,0.017138630151748657,66897,0.9294394850730896,0.175,0.16666666666666666,0.19027777777777777,0.22083333333333333,0.24722222222222223
94,720,0.42734048860371576,-0.33878231670346326,-0.01762514431840745,471,3.7888058760573685e-05,0.016496123746037483,67617,0.9380874832471212,0.14722222222222223,0.13472222222222222,0.20694444444444443,0.22361111111111112,0.2875
95,720,0.42345169015742196,-0.23833500940383284,0.07188093737216827,478,3.8241259149648005e-05,0.015343040227890015,68337,0.9480621536572774,0.1625,0.18888888888888888,0.22361111111111112,0.19444444444444445,0.23055555555555557
96,720,0.41959827977698944,-0.2914814646136023,0.04109030624624821,481,3.602136718225463e-05,0.015155450440943241,69057,0.9577453017234803,0.16111111111111112,0.15833333333333333,0.1875,0.20972222222222223,0.2833333333333333
97,720,0.4157799354310188,-0.29224967366444243,-0.012174951829232339,431,3.904244538009354e-05,0.014544475823640823,69777,0.9660135865211487,0.2263888888888889,0.2125,0.20972222222222223,0.175,0.1763888888888889
98,720,0.41199633801859653,-0.40542175353507504,-0.08210452227836884,480,3.675746772336828e-05,0.015643630176782608,70497,0.9742617170015971,0.14444444444444443,0.15,0.16527777777777777,0.24027777777777778,0.3
99,720,0.4082471713426273,-0.31919582920228834,0.006827371759084322,459,3.9849079581068105e-05,0.015294362790882587,71217,0.9826363881429037,0.16666666666666666,0.18472222222222223,0.15833333333333333,0.18333333333333332,0.30694444444444446
100,720,0.4045321220834094,-0.07241393093070003,0.28542071453476825,439,4.364543421691754e-05,0.017115958034992218,71937,0.990674618879954,0.12222222222222222,0.1388888888888889,0.11944444444444445,0.2375,0.3819444444444444
101,720,0.4008508797724504,-0.22811442019004738,0.10393997930999199,447,4.065328061591976e-05,0.01842326670885086,72657,1.0081146319707235,0.19305555555555556,0.1375,0.15,0.19305555555555556,0.3263888888888889
102,720,0.3972031367665211,-0.4291502712611215,-0.09755747161364825,474,4.191167827608903e-05,0.01680220477283001,73377,1.0170573711395263,0.14444444444444443,0.175,0.17083333333333334,0.2263888888888889,0.2833333333333333
103,720,0.39358858822194576,-0.17370412637542726,0.13802678646870148,459,4.379516780090853e-05,0.015881864354014397,74097,1.0254692713419595,0.1986111111111111,0.15416666666666667,0.18888888888888888,0.19583333333333333,0.2625
104,720,0.39000693206912607,-0.32305896772017334,-0.025235102392732633,439,4.3807806673612507e-05,0.016244109719991684,74817,1.034310766061147,0.16666666666666666,0.1361111111111111,0.18611111111111112,0.20555555555555555,0.3055555555555556
105,720,0.386457868987297,-0.27829979925720344,0.048069814681778844,461,4.244423616657716e-05,0.01576158031821251,75537,1.043163502216339,0.20277777777777778,0.17083333333333334,0.19166666666666668,0.20416666666666666,0.23055555555555557
106,720,0.3829411023795126,-0.22614561600189362,0.06327565530555823,417,3.9711000258396074e-05,0.015184218063950539,76257,1.052328352133433,0.1625,0.16111111111111112,0.15416666666666667,0.19722222222222222,0.325
107,720,0.3794563383478591,-0.4363748548963648,-0.12223366576558914,420,4.054506069905983e-05,0.0165320485830307,76977,1.0619564334551492,0.14583333333333334,0.13333333333333333,0.12777777777777777,0.23333333333333334,0.3597222222222222
108,720,0.37600328566889357,-0.29290588396330036,-0.013316425304541024,412,3.6344373916108454e-05,0.014752229675650597,77697,1.0715771993001302,0.1527777777777778,0.15555555555555556,0.17083333333333334,0.20972222222222223,0.3111111111111111
109,720,0.37258165576930663,-0.4097592853522151,-0.11993480176613769,407,4.029314688978047e-05,0.013975788839161396,78417,1.0819027344385783,0.16111111111111112,0.14444444444444443,0.1638888888888889,0.21944444444444444,0.3111111111111111
110,720,0.36919116270180596,-0.10758501608424939,0.1781141521830385,422,4.026198808257201e-05,0.016215743497014046,79137,1.0916804194450378,0.12361111111111112,0.12361111111111112,0.2361111111111111,0.2111111111111111,0.3055555555555556
111,720,0.3658315231212195,-0.26131062221473356,0.02192630215318858,431,4.061646929787659e-05,0.01411489024758339,79857,1.1110896190007529,0.1375,0.14027777777777778,0.20277777777777778,0.20416666666666666,0.31527777777777777
112,720,0.36250245626081645,-0.4040680009640583,-0.0934127471494135,447,4.108806691141985e-05,0.01437903568148613,80577,1.1198588331540427,0.175,0.1875,0.19444444444444445,0.2,0.24305555555555555
113,720,0.359203683908843,-0.15708834233686433,0.15045976446249543,438,3.840550394392671e-05,0.014019410125911236,81297,1.128816787401835,0.19305555555555556,0.13333333333333333,0.18333333333333332,0.21666666666666667,0.27361111111111114
114,720,0.3559349303852725,-0.3262873244032525,-0.023506636015461546,456,3.944518106461853e-05,0.01326431892812252,82017,1.1377066055933633,0.1638888888888889,0.18194444444444444,0.17916666666666667,0.2111111111111111,0.2638888888888889
115,720,0.3526959225187665,-0.24055129091524402,0.04806825132117809,431,3.793951587011987e-05,0.012670334428548813,82737,1.1461787184079488,0.2,0.18611111111111112,0.1638888888888889,0.16944444444444445,0.28055555555555556
116,720,0.34948638962384576,-0.016420631389026594,0.3153191931533381,431,3.99273326466856e-05,0.0143772903829813,83457,1.1547917207082112,0.11944444444444445,0.10833333333333334,0.1763888888888889,0.2388888888888889,0.35694444444444445
117,720,0.34630606347826876,-0.2940109381033126,-0.03681611774161009,398,4.4326947453201786e-05,0.015046382322907448,84177,1.1640174508094787,0.12083333333333333,0.14583333333333334,0.16944444444444445,0.26666666666666666,0.2972222222222222
118,720,0.3431546783006165,-0.4161776813329689,-0.09983543406393625,464,4.5966375163667785e-05,0.01412498764693737,84897,1.1733856161435445,0.17222222222222222,0.14722222222222223,0.1527777777777778,0.22777777777777777,0.3
119,720,0.3400319707280809,-0.43705066890677674,-0.13263957103544166,419,4.284414127116381e-05,0.016447193920612335,85617,1.1834561506907144,0.15416666666666667,0.1388888888888889,0.15833333333333333,0.19027777777777777,0.35833333333333334
120,720,0.3369376797944554,-0.3437081313478833,-0.060782438147861106,438,4.359791922878584e-05,0.01652686297893524,86337,1.19349893728892,0.15138888888888888,0.19583333333333333,0.22916666666666666,0.18333333333333332,0.24027777777777778
121,720,0.3338715469083258,-0.19364054272085193,0.1191947542211782,444,4.306578025787328e-05,0.016022518277168274,87057,1.211579700311025,0.175,0.12361111111111112,0.20694444444444443,0.20277777777777778,0.2916666666666667
122,720,0.3308333158314601,-0.25843110230148414,0.05555732512018263,455,3.987856727007966e-05,0.015690935775637627,87777,1.2198585510253905,0.1638888888888889,0.2111111111111111,0.18611111111111112,0.1763888888888889,0.2625
123,720,0.3278227326573938,-0.07443528216107519,0.24990146203998975,414,4.275629875046939e-05,0.015048784203827381,88497,1.2285884499549866,0.2361111111111111,0.1875,0.13194444444444445,0.17777777777777778,0.26666666666666666
124,720,0.3248395457902115,-0.19010254949620306,0.1223194153560756,443,3.816967962772348e-05,0.013896717689931393,89217,1.2373275717099508,0.18194444444444444,0.14444444444444443,0.16111111111111112,0.18472222222222223,0.3277777777777778
125,720,0.3218835059235206,-0.421525958962622,-0.12892392077907922,428,4.1585508452297087e-05,0.013514852151274681,89937,1.2460124850273133,0.13472222222222222,0.1375,0.19722222222222222,0.24861111111111112,0.28194444444444444
126,720,0.3189543660196166,-0.30149377385611237,0.006779100926459503,441,4.791770989464163e-05,0.013754351995885372,90657,1.2557348529497783,0.2263888888888889,0.18611111111111112,0.18055555555555555,0.16944444444444445,0.2375
127,720,0.31605188128883804,-0.183012606804914,0.05864246421235597,386,4.1517639677598105e-05,0.01340681966394186,91377,1.2672553022702535,0.16944444444444445,0.16111111111111112,0.19444444444444445,0.24027777777777778,0.23472222222222222
128,720,0.31317580916910964,-0.20281359559075074,0.07243997663162416,407,4.184232574289126e-05,0.01363728754222393,92097,1.2788543542226156,0.15694444444444444,0.15138888888888888,0.15,0.22916666666666666,0.3125
129,720,0.3103259093056707,-0.15223151996022768,0.1317538170662731,393,4.680003373399207e-05,0.015002944506704807,92817,1.288284667332967,0.09583333333333334,0.14722222222222223,0.1111111111111111,0.18611111111111112,0.4597222222222222
130,720,0.30750194353098914,-0.30516078307361244,-0.040804899393832805,416,4.5418155101136413e-05,0.013687512837350368,93537,1.2980963865915933,0.15138888888888888,0.15416666666666667,0.15138888888888888,0.2111111111111111,0.33194444444444443
131,720,0.30470367584485714,-0.20031475251536743,0.07539200130261481,413,4.126812137378187e-05,0.01269715465605259,94257,1.3178872386614482,0.17916666666666667,0.18194444444444444,0.17777777777777778,0.16944444444444445,0.2916666666666667
132,720,0.3019308723946689,-0.18597012793270004,0.10079194643394973,399,3.996096319269782e-05,0.011786664836108685,94977,1.3283053040504456,0.1527777777777778,0.1125,0.16111111111111112,0.20555555555555555,0.3680555555555556
133,720,0.29918330145587746,-0.29762265905730345,-0.00535825213733343,427,3.465450530989579e-05,0.01134985126554966,95697,1.3386361201604207,0.16944444444444445,0.14027777777777778,0.1375,0.25,0.30277777777777776
134,720,0.29646073341262896,-0.0027978240740270904,0.33803507508600683,426,3.9821730787379135e-05,0.011747946962714195,96417,1.3475486516952515,0.19305555555555556,0.14722222222222223,0.19027777777777777,0.19722222222222222,0.2722222222222222
135,720,0.29376294073857406,-0.003585650248895251,0.2903510972471308,408,3.9342696231869924e-05,0.012290817685425282,97137,1.357447334130605,0.13472222222222222,0.13055555555555556,0.16944444444444445,0.2638888888888889,0.3013888888888889
136,720,0.29108969797785306,-0.11246964088326784,0.15607466714103646,391,3.915967367649702e-05,0.010165084153413773,97857,1.3676362355550131,0.18055555555555555,0.1638888888888889,0.2013888888888889,0.19583333333333333,0.25833333333333336
137,720,0.2884407817262546,-0.004718748520617565,0.30119262984492834,415,3.7171837542852394e-05,0.010695377364754677,98577,1.3765979528427124,0.10833333333333334,0.11527777777777778,0.17916666666666667,0.2722222222222222,0.325
138,720,0.28581597061254566,-0.034114403615278045,0.28902432678882106,405,3.8884188182287796e-05,0.012972948141396046,99297,1.3860547343889873,0.15138888888888888,0.1361111111111111,0.15,0.19027777777777777,0.37222222222222223
139,720,0.2832150452799715,-0.3204271506435808,-0.058166856976533454,404,3.760317391525961e-05,0.012964678928256035,100017,1.3954983671506247,0.16805555555555557,0.1125,0.16111111111111112,0.2625,0.29583333333333334
140,720,0.28063778836792375,-0.3771466983052082,-0.11961564366693511,385,4.07841358133333e-05,0.012143097817897797,100737,1.4049918532371521,0.2361111111111111,0.15138888888888888,0.1527777777777778,0.225,0.23472222222222222
141,720,0.27808398449377564,-0.3829172268821171,-0.09802387378632194,415,4.123219817352543e-05,0.01115969568490982,101457,1.422291386127472,0.14722222222222223,0.15416666666666667,0.1597222222222222,0.1986111111111111,0.3402777777777778
142,720,0.2755534202348823,-0.12975527705145748,0.1867811460681934,428,3.62089663591784e-05,0.011747082695364952,102177,1.430971654256185,0.17777777777777778,0.14583333333333334,0.15138888888888888,0.21944444444444444,0.3055555555555556
143,720,0.2730458841107448,-0.32472966349658944,-0.04278730796904351,420,3.799580366098275e-05,0.012114539742469788,102897,1.44013592004776,0.18472222222222223,0.1527777777777778,0.16805555555555557,0.24166666666666667,0.25277777777777777
144,720,0.270561166565337,-0.31284922909611806,-0.00533494744677665,445,4.183493115558829e-05,0.012046592310070992,103617,1.4499783873558045,0.17916666666666667,0.12916666666666668,0.14166666666666666,0.2833333333333333,0.26666666666666666
145,720,0.26809905994959243,-0.021751558390690342,0.21166862871031755,351,3.638427615063241e-05,0.010428963229060173,104337,1.4598192850748697,0.15555555555555556,0.21944444444444444,0.19722222222222222,0.2125,0.2152777777777778
146,720,0.26565935850405115,-0.28881310234201285,-0.01568873166422169,413,4.154185767220042e-05,0.010555669665336609,105057,1.469290586312612,0.2972222222222222,0.13472222222222222,0.18194444444444444,0.20277777777777778,0.18333333333333332
147,720,0.2632418583416643,-0.653171539169362,-0.30052242161843,430,4.5637820862035974e-05,0.011312645860016346,105777,1.4806851029396058,0.23472222222222222,0.18194444444444444,0.125,0.17777777777777778,0.28055555555555556
148,720,0.2608463574307552,-0.29973403734347076,-0.012900108368941066,431,4.0040041884973716e-05,0.010978957638144493,106497,1.4912834167480469,0.20555555555555555,0.17777777777777778,0.15694444444444444,0.19583333333333333,0.2638888888888889
149,720,0.2584726555781353,0.10114676528431919,0.4820062813375565,438,3.62090441209754e-05,0.009925497695803642,107217,1.499763552347819,0.18055555555555555,0.16111111111111112,0.19166666666666668,0.19305555555555556,0.27361111111111114
150,720,0.2561205544123743,0.07960883739384693,0.4107321675650448,421,3.7736303645867035e-05,0.009459415450692177,107937,1.509351634979248,0.175,0.1638888888888889,0.24583333333333332,0.18055555555555555,0.23472222222222222
151,720,0.2537898573672217,0.02442022246106717,0.2974752003451071,354,4.2545675101892913e-05,0.010434187017381191,108657,1.5302467028299966,0.2,0.13194444444444445,0.1361111111111111,0.2375,0.29444444444444445
152,720,0.25148036966518,-0.2253738226883504,0.014733663239765216,374,4.014824896911604e-05,0.011381791904568672,109377,1.541622233390808,0.25555555555555554,0.16666666666666666,0.1763888888888889,0.23055555555555557,0.17083333333333334
153,720,0.24919189830122687,-0.14188134947686623,0.10696125213202712,376,4.112505351940854e-05,0.011350559070706367,110097,1.5526295185089112,0.1,0.17916666666666667,0.16111111111111112,0.20833333333333334,0.35138888888888886
154,720,0.24692425202668572,-0.060241402848044315,0.20593909714728298,384,3.5019803874547506e-05,0.010494772344827652,110817,1.563934338092804,0.18333333333333332,0.21666666666666667,0.1638888888888889,0.1875,0.24861111111111112
155,720,0.24467724133324287,-0.3757058274630366,-0.13103795165677445,355,3.782734840393055e-05,0.010367004200816154,111537,1.5748000542322795,0.24166666666666667,0.18055555555555555,0.16666666666666666,0.20277777777777778,0.20833333333333334
156,720,0.24245067843711035,-0.1024619539305004,0.1930798178937847,392,3.6110868341489145e-05,0.009864866733551025,112257,1.5858723044395446,0.2611111111111111,0.17083333333333334,0.11666666666666667,0.1763888888888889,0.275
157,720,0.24024437726333264,-0.3951858994297111,-0.1428873305562146,355,3.634101552607818e-05,0.00909543689340353,112977,1.5958362340927124,0.21666666666666667,0.1875,0.2013888888888889,0.2152777777777778,0.17916666666666667
158,720,0.2380581534302363,-0.2599335532017949,-0.05060805119768952,329,3.541893610695802e-05,0.009485486894845963,113697,1.605632515748342,0.15833333333333333,0.17222222222222222,0.1625,0.2222222222222222,0.2847222222222222
159,720,0.23589182423402116,-0.19625092680151662,0.03380800104199522,387,3.8167561458774596e-05,0.009226201102137566,114417,1.6163940707842508,0.10277777777777777,0.175,0.21388888888888888,0.25972222222222224,0.24861111111111112
160,720,0.23374520863349157,-0.10562521352096216,0.16081783454190446,381,3.599100835774354e-05,0.009360529482364655,115137,1.6290425697962443,0.11527777777777778,0.1638888888888889,0.16666666666666666,0.18472222222222223,0.36944444444444446
161,720,0.2316181272349268,-0.160718206563225,0.11241329332517536,442,3.4916106171244284e-05,0.010002579540014267,115857,1.647226353486379,0.12361111111111112,0.1763888888888889,0.20555555555555555,0.2388888888888889,0.25555555555555554
162,720,0.22951040227708897,0.09150176977041158,0.38541782074208153,355,3.3276973428857876e-05,0.009701142087578773,116577,1.657141621907552,0.17777777777777778,0.17777777777777778,0.18055555555555555,0.20972222222222223,0.25416666666666665
163,720,0.22742185761636746,-0.3429579449484177,-0.07822852581434236,384,3.622151623656262e-05,0.00895768217742443,117297,1.6660850365956625,0.16944444444444445,0.18055555555555555,0.15555555555555556,0.2222222222222222,0.2722222222222222
164,720,0.22535231871205852,-0.20736093335555308,0.0667739205991964,428,3.701103809640295e-05,0.009066174738109112,118017,1.676354420185089,0.1875,0.17777777777777778,0.19305555555555556,0.20833333333333334,0.23333333333333334
165,720,0.22330161261177878,-0.23347260570334344,0.05921428668768414,421,3.641469551717415e-05,0.008562703616917133,118737,1.6873259862263998,0.2263888888888889,0.14722222222222223,0.18194444444444444,0.19444444444444445,0.25
166,720,0.22126956793701158,-0.21787430205312663,0.015494512159984986,364,3.8442225081780636e-05,0.009448410011827946,119457,1.6986643513043722,0.22777777777777777,0.2861111111111111,0.1486111111111111,0.12777777777777777,0.20972222222222223
167,720,0.21925601486878477,-0.47900670582809773,-0.19043378016221868,407,3.906206442252369e-05,0.008911263197660446,120177,1.7078630367914835,0.15555555555555556,0.18611111111111112,0.14583333333333334,0.225,0.2875
168,720,0.21726078513347882,-0.35240668816231174,-0.10810484108836149,345,3.65087572100088e-05,0.010311512276530266,120897,1.7185604174931843,0.17777777777777778,0.09305555555555556,0.15833333333333333,0.2152777777777778,0.35555555555555557
169,720,0.21528371198876417,-0.27997990699704484,-0.037748960941453524,392,3.662060328350789e-05,0.00963970459997654,121617,1.7283987045288085,0.1638888888888889,0.17777777777777778,0.20416666666666666,0.24444444444444444,0.20972222222222223
170,720,0.2133246302096664,-0.29404103957647243,-0.08701975819203944,315,3.5107679367582834e-05,0.009404048323631287,122337,1.7371716856956483,0.2972222222222222,0.21944444444444444,0.20555555555555555,0.16666666666666666,0.1111111111111111
171,720,0.21138337607475843,-0.4493240620118337,-0.19008345056484832,366,3.608096674712316e-05,0.010719101876020432,123057,1.7558022022247315,0.18055555555555555,0.1375,0.13472222222222222,0.24583333333333332,0.3013888888888889
172,720,0.20945978735247814,0.07431750811202266,0.43091987702962475,433,3.5485018145209324e-05,0.009642794728279114,123777,1.7663443525632223,0.1486111111111111,0.15416666666666667,0.2125,0.24166666666666667,0.24305555555555555
173,720,0.20755370328757058,-0.3312661463592783,-0.08402494421932094,412,3.435371267970469e-05,0.009881613776087761,124497,1.7754439870516459,0.1763888888888889,0.16666666666666666,0.2708333333333333,0.2013888888888889,0.18472222222222223
174,720,0.20566496458765368,-0.24694299088115046,-0.01999047784609831,343,3.6596156909733206e-05,0.010192183777689934,125217,1.7860101342201233,0.2375,0.16944444444444445,0.1597222222222222,0.21944444444444444,0.21388888888888888
175,720,0.20379341340990603,-0.07996036240465074,0.1906979378526934,385,3.650634227293874e-05,0.010150195099413395,125937,1.7954260547955831,0.22777777777777777,0.2,0.17222222222222222,0.2,0.2
176,720,0.20193889334787588,-0.1822645357455996,0.12129634206713558,462,3.171122777606191e-05,0.010066958144307137,126657,1.8042680382728578,0.12361111111111112,0.19583333333333333,0.2013888888888889,0.23194444444444445,0.24722222222222223
177,720,0.2001012494184102,-0.12290909224491109,0.1417828082832555,381,3.44139600365957e-05,0.010312286205589771,127377,1.8147371371587118,0.18888888888888888,0.21944444444444444,0.1597222222222222,0.20555555555555555,0.2263888888888889
178,720,0.19828032804870266,0.12418617657193382,0.5154102230089528,418,3.531563130915553e-05,0.010381278581917286,128097,1.8254467844963074,0.21666666666666667,0.16527777777777777,0.14166666666666666,0.18472222222222223,0.2916666666666667
179,720,0.19647597706345946,-0.29274498837195756,-0.04088566530294424,360,3.748758282426934e-05,0.009283016435801983,128817,1.8358349363009134,0.2625,0.15416666666666667,0.15416666666666667,0.1625,0.26666666666666666
180,720,0.19468804567218198,-0.05466154374824931,0.2245684010620017,361,4.189123921681433e-05,0.00983639620244503,129537,1.8454698999722798,0.2638888888888889,0.14583333333333334,0.14722222222222223,0.14722222222222223,0.29583333333333334
181,720,0.19291638445656512,-0.12964424872760563,0.10445914242279009,359,3.8705231629086886e-05,0.01056746207177639,130257,1.8655618707338968,0.20555555555555555,0.19027777777777777,0.1736111111111111,0.19583333333333333,0.23472222222222222
182,720,0.19116084535801037,-0.0011703745411555423,0.25336210609245025,369,3.509878592416903e-05,0.010463546961545944,130977,1.8750480532646179,0.15416666666666667,0.19305555555555556,0.1875,0.23333333333333334,0.23194444444444445
183,720,0.18942128166525246,0.0712606763837407,0.4329864260258194,444,3.4883052991416564e-05,0.009232750162482262,131697,1.8847365498542785,0.18472222222222223,0.17916666666666667,0.18333333333333332,0.2222222222222222,0.23055555555555557
184,720,0.18769754800209867,-0.10653228541835262,0.16266840741601762,383,3.895546164787649e-05,0.00992147158831358,132417,1.8937984704971313,0.275,0.1375,0.17083333333333334,0.18611111111111112,0.23055555555555557
185,720,0.18598950031527958,0.04319001058047216,0.4379090512191943,475,3.4836374502194504e-05,0.010205314494669437,133137,1.9033618688583374,0.2722222222222222,0.15833333333333333,0.17777777777777778,0.18888888888888888,0.20277777777777778
186,720,0.18429699586241055,0.03164921061549902,0.3101599259183463,364,3.7874789512039164e-05,0.010147533379495144,133857,1.9137301166852316,0.2611111111111111,0.18333333333333332,0.175,0.19583333333333333,0.18472222222222223
187,720,0.1826198932000626,-0.2759163391389633,-0.04224793483744338,405,3.9482627030590975e-05,0.009609716013073921,134577,1.9237454334894817,0.10555555555555556,0.2152777777777778,0.20277777777777778,0.2375,0.2388888888888889
188,720,0.18095805217194205,0.3036030482467424,0.7196195048571914,371,3.7864287705562874e-05,0.010146882385015488,135297,1.932833766937256,0.14583333333333334,0.09722222222222222,0.1625,0.2638888888888889,0.33055555555555555
189,720,0.17931133389717738,-0.11664415196909544,0.18099328109242863,420,3.786765636277778e-05,0.011196509003639221,136017,1.9430734515190125,0.20416666666666666,0.15555555555555556,0.2222222222222222,0.17916666666666667,0.2388888888888889
190,720,0.17767960075871306,0.3897736542919428,0.906508682175889,364,3.995672418821212e-05,0.011212647892534733,136737,1.9536035497983297,0.23333333333333334,0.14305555555555555,0.13333333333333333,0.21805555555555556,0.2722222222222222
191,720,0.17606271639180876,-0.17896706152445677,0.08007765191801686,404,3.620538841207437e-05,0.012045950628817081,137457,1.9719393849372864,0.1527777777777778,0.16805555555555557,0.16666666666666666,0.23194444444444445,0.28055555555555556
192,720,0.1744605456726433,-0.23254012525709727,-0.007511769825246151,347,4.226397536513105e-05,0.012164058163762093,138177,1.9817174355189004,0.1486111111111111,0.1638888888888889,0.1875,0.21388888888888888,0.2861111111111111
193,720,0.17287295470702224,-0.05254271720961553,0.23208429346414694,391,3.924589425044663e-05,0.011571153998374939,138897,1.990700884660085,0.2013888888888889,0.1125,0.10694444444444444,0.23055555555555557,0.3486111111111111
194,720,0.17129981081918835,-0.002091871245637324,0.25722653073654733,353,3.657812549135997e-05,0.010417994111776352,139617,1.9994066874186198,0.25,0.15,0.16111111111111112,0.21944444444444444,0.21944444444444444
195,720,0.16974098254073375,-0.27579065877623055,-0.07599764512365825,317,3.680352897137911e-05,0.010886546224355698,140337,2.0091238538424174,0.2125,0.1486111111111111,0.17777777777777778,0.21666666666666667,0.24444444444444444
196,720,0.16819633959961308,-0.16505710576352395,0.10593694999400682,369,3.4657152864130896e-05,0.010644365102052689,141057,2.018849484125773,0.2833333333333333,0.15416666666666667,0.1361111111111111,0.1597222222222222,0.26666666666666666
197,720,0.16666575290925661,-0.2557767685033752,-0.0509338411304725,316,3.596872970648393e-05,0.01075916551053524,141777,2.0282753388086956,0.2125,0.18194444444444444,0.2111111111111111,0.2152777777777778,0.17916666666666667
198,720,0.16514909455778237,-0.06190682022993361,0.1868979985200454,369,3.6612465064283444e-05,0.011124019511044025,142497,2.0387402216593427,0.11666666666666667,0.14583333333333334,0.2013888888888889,0.22361111111111112,0.3125
199,720,0.16364623779730655,-0.16764266271168468,0.07880865740999865,354,3.680378013213057e-05,0.011138079687952995,143217,2.0486423850059508,0.1763888888888889,0.1527777777777778,0.1625,0.23055555555555557,0.2777777777777778
200,720,0.16215705703335107,-0.13788728401652536,0.1028113763405285,387,3.796174876495368e-05,0.010699949227273464,143937,2.0578754544258118,0.16111111111111112,0.17222222222222222,0.21805555555555556,0.19166666666666668,0.2569444444444444
201,720,0.16068142781434758,-0.19732406002674185,0.016561587419774426,325,3.734341644556278e-05,0.010795172303915024,144657,2.0751952171325683,0.24583333333333332,0.21666666666666667,0.12222222222222222,0.24861111111111112,0.16666666666666666
202,720,0.15921922682123701,-0.31612953962811247,-0.06865876128464621,411,3.6603954763197385e-05,0.01057457085698843,145377,2.0844027360280353,0.15,0.20694444444444443,0.175,0.20555555555555555,0.2625
203,720,0.15777033185716377,-0.03597737891012209,0.15924927755614027,293,3.599234815207334e-05,0.011527694761753082,146097,2.0946420709292095,0.10555555555555556,0.17916666666666667,0.1638888888888889,0.18888888888888888,0.3625
204,720,0.15633462183726357,-0.3964562191074216,-0.0719839203225513,465,3.596725606358733e-05,0.011191877536475658,146817,2.1048182368278505,0.15416666666666667,0.15833333333333333,0.18333333333333332,0.18472222222222223,0.3194444444444444
205,720,0.15491197677854449,0.012725691958399014,0.3494885812304138,424,3.650781323661552e-05,0.01074833981692791,147537,2.1180838028589886,0.15833333333333333,0.19583333333333333,0.22361111111111112,0.14722222222222223,0.275
206,720,0.15350227778985973,-0.29521046213163515,-0.070827117419614,341,3.742237558602331e-05,0.010757418349385262,148257,2.129000985622406,0.2125,0.20555555555555555,0.2125,0.10833333333333334,0.2611111111111111
207,720,0.152105407061972,0.10962471494206487,0.4457449353816243,392,3.675428093351406e-05,0.010091335512697697,148977,2.138518452644348,0.18472222222222223,0.20555555555555555,0.18194444444444444,0.2013888888888889,0.2263888888888889
208,720,0.15072124785770807,-0.2464146876007162,0.001836997615894509,366,4.142556490731092e-05,0.010497328825294971,149697,2.1481223185857137,0.2263888888888889,0.1763888888888889,0.16527777777777777,0.15,0.28194444444444444
209,720,0.14934968450220293,-0.2086095815188213,0.01906997126339771,370,3.601627643219116e-05,0.009820161387324333,150417,2.1598250031471253,0.14444444444444443,0.19166666666666668,0.2013888888888889,0.19583333333333333,0.26666666666666666
210,720,0.1479906023732329,-0.18920172709772867,0.010351482613839336,316,3.827150987060829e-05,0.010874992236495018,151137,2.1706488013267515,0.10694444444444444,0.16944444444444445,0.1388888888888889,0.24305555555555555,0.3416666666666667
211,720,0.14664388789163646,-0.23514960918563393,0.00838535257477191,371,3.82479918092334e-05,0.010538597591221333,151857,2.188031466801961,0.19722222222222222,0.17916666666666667,0.1597222222222222,0.1527777777777778,0.3111111111111111
212,720,0.14530942851182257,0.03214017911186643,0.30818434429768327,363,3.745673730514278e-05,0.010706516914069653,152577,2.1976727843284607,0.17916666666666667,0.14305555555555555,0.2,0.20972222222222223,0.26805555555555555
213,720,0.143987112712365,0.07894414130458133,0.3410382686697917,346,3.63679277913636e-05,0.010810045525431633,153297,2.2072622855504354,0.11805555555555555,0.22916666666666666,0.24861111111111112,0.125,0.2791666666666667
214,720,0.1426768299866825,0.05440311284709106,0.4055140571541487,392,3.470340775998516e-05,0.011732030659914017,154017,2.2175485690434775,0.14444444444444443,0.19027777777777777,0.15694444444444444,0.1597222222222222,0.3486111111111111
215,720,0.14137847083380367,-0.1114221634150355,0.1429102229016892,364,3.574684879797335e-05,0.011593658477067947,154737,2.228222366174062,0.12916666666666668,0.09166666666666666,0.13472222222222222,0.2361111111111111,0.4083333333333333
216,720,0.14009192674921606,-0.1870574086302934,0.08295410706137463,379,3.515383817721663e-05,0.011421759612858295,155457,2.238328750928243,0.24027777777777778,0.175,0.1375,0.2263888888888889,0.22083333333333333
217,720,0.1388170902157982,-0.1287992677510563,0.17668449326857583,413,3.4802775211220354e-05,0.011895139701664448,156177,2.250900387763977,0.2222222222222222,0.24166666666666667,0.16805555555555557,0.12638888888888888,0.24166666666666667
218,720,0.13755385469483442,-0.22205450996662512,-0.015926323230026074,348,3.766742471877175e-05,0.010007224977016449,156897,2.261699883143107,0.14444444444444443,0.21388888888888888,0.19722222222222222,0.2263888888888889,0.21805555555555556
219,720,0.13630211461711142,0.22270464727196682,0.6224780601774227,392,3.3636601903531805e-05,0.009683780372142792,157617,2.2716941356658937,0.16805555555555557,0.2263888888888889,0.1527777777777778,0.18611111111111112,0.26666666666666666
220,720,0.1350617653740957,-0.23940760427990537,-0.05626285931870967,296,3.8045255510294535e-05,0.009046856313943863,158337,2.2827747186024983,0.20555555555555555,0.23472222222222222,0.16944444444444445,0.20972222222222223,0.18055555555555555
221,720,0.13383270330919142,-0.17714105164397137,0.09319975215437393,392,3.634371800621415e-05,0.010495451278984547,159057,2.3011573354403176,0.175,0.15,0.13194444444444445,0.175,0.3680555555555556
222,720,0.1326148257090778,0.04204939799773186,0.3533045253039302,396,3.584112365362873e-05,0.008962620049715042,159777,2.3107766032218935,0.20277777777777778,0.19166666666666668,0.1597222222222222,0.19444444444444445,0.2513888888888889
223,720,0.13140803079512517,-0.11798726776187536,0.13089881972889295,354,3.6372491264400094e-05,0.009876422584056854,160497,2.320628039042155,0.22083333333333333,0.1986111111111111,0.16805555555555557,0.13333333333333333,0.2791666666666667
224,720,0.13021221771488953,-0.30871978623619467,-0.0706034609908015,359,3.4537009106669654e-05,0.009835667908191681,161217,2.332230734825134,0.21805555555555556,0.18055555555555555,0.1527777777777778,0.15833333333333333,0.2902777777777778
225,720,0.12902728653368403,0.15987977257394298,0.45845808659140297,350,3.7858580752627956e-05,0.008922034874558449,161937,2.343609400590261,0.17083333333333334,0.2222222222222222,0.1486111111111111,0.21805555555555556,0.24027777777777778
226,720,0.12785313822622751,-0.14478963802124928,0.10209218753107296,375,3.704911673468006e-05,0.009543037973344326,162657,2.3531574010849,0.14444444444444443,0.14444444444444443,0.15138888888888888,0.20277777777777778,0.35694444444444445
227,720,0.12668967466836883,-0.2877101178143951,-0.030243352488694697,383,3.8425302739142354e-05,0.009483019821345806,163377,2.363312534491221,0.17916666666666667,0.16111111111111112,0.16666666666666666,0.19444444444444445,0.2986111111111111
228,720,0.12553679862888667,0.43367363117892227,0.9885855978455114,369,3.498600616404069e-05,0.009773277677595615,164097,2.3733262340227763,0.2222222222222222,0.13333333333333333,0.15138888888888888,0.22777777777777777,0.2652777777777778
229,720,0.1243944137613638,0.11705860333740899,0.39592685011671147,360,3.63686699049342e-05,0.010148683562874794,164817,2.3828139026959736,0.10972222222222222,0.13194444444444445,0.17777777777777778,0.25972222222222224,0.32083333333333336
230,720,0.12326242459613539,0.27062041582970414,0.7012621484079129,397,3.762859227612757e-05,0.009990276768803596,165537,2.392240635553996,0.1486111111111111,0.15,0.15416666666666667,0.2625,0.2847222222222222
231,720,0.12214073653231056,0.03083162571660962,0.39351819613069083,424,3.890820690596936e-05,0.009870563633739948,166257,2.4097506006558738,0.2111111111111111,0.1736111111111111,0.17777777777777778,0.1625,0.275
232,720,0.12102925582986652,-0.25886288894245574,-0.027235138041719065,332,3.734301056207793e-05,0.010981544852256775,166977,2.418942217032115,0.36944444444444446,0.19305555555555556,0.125,0.16666666666666666,0.14583333333333334
233,720,0.11992788960181475,0.22283038985978965,0.5680462063975056,317,3.9391999031421516e-05,0.010935487225651741,167697,2.428936219215393,0.3111111111111111,0.12777777777777777,0.1361111111111111,0.12222222222222222,0.30277777777777776
234,720,0.11883654580643824,0.1120685040158164,0.4234286506725484,372,4.07617394128263e-05,0.010647982358932495,168417,2.4381696343421937,0.20972222222222223,0.14166666666666666,0.16527777777777777,0.1875,0.29583333333333334
235,720,0.11775513323959964,-0.06295265825982901,0.12952517097815952,280,3.6900728533358534e-05,0.010509656742215157,169137,2.4486014366149904,0.2625,0.17916666666666667,0.15416666666666667,0.19722222222222222,0.20694444444444443
236,720,0.11668356152711928,-0.5447564151303412,-0.24892999445953745,364,3.417956636945342e-05,0.010917176492512226,169857,2.4588358839352926,0.29305555555555557,0.14722222222222223,0.15694444444444444,0.16944444444444445,0.23333333333333334
237,720,0.1156217411172225,0.00449177318951525,0.25858965570831316,340,3.612884388025527e-05,0.01095409132540226,170577,2.468619652589162,0.18611111111111112,0.12361111111111112,0.10833333333333334,0.17777777777777778,0.4041666666666667
238,720,0.11456958327305578,0.05182187525072462,0.33685772019508264,354,3.791096874894922e-05,0.01150455605238676,171297,2.4799588004748028,0.18472222222222223,0.13194444444444445,0.1125,0.2125,0.35833333333333334
239,720,0.11352700006527097,0.027434672899432355,0.2708483542069926,322,4.132687020678026e-05,0.010717056691646576,172017,2.4907846649487815,0.17777777777777778,0.17916666666666667,0.1597222222222222,0.21388888888888888,0.26944444444444443
240,720,0.112493904364677,0.030729387141132717,0.33773700908166826,389,4.245712131528813e-05,0.011248947121202946,172737,2.499786384900411,0.22361111111111112,0.12638888888888888,0.1388888888888889,0.20833333333333334,0.30277777777777776
241,720,0.11147020983495844,0.09015141177765082,0.33029591740858955,292,3.939512001175495e-05,0.011491665616631508,173457,2.518647102514903,0.18055555555555555,0.24861111111111112,0.125,0.1986111111111111,0.24722222222222223
242,720,0.11045583092546031,-0.10198155260394305,0.08710526936936391,303,3.868923404045038e-05,0.01107933558523655,174177,2.5287455995877584,0.0875,0.2013888888888889,0.19722222222222222,0.24444444444444444,0.26944444444444443
243,720,0.10945068286403863,-0.09101468282052182,0.13369852294638296,326,3.807137224940662e-05,0.011383192613720894,174897,2.53965855439504,0.12361111111111112,0.2,0.12361111111111112,0.20694444444444443,0.3458333333333333
244,720,0.10845468164997588,0.12456317267532349,0.39105600241733374,333,4.029161000984358e-05,0.011332408525049686,175617,2.549482719103495,0.13472222222222222,0.21944444444444444,0.19027777777777777,0.21805555555555556,0.2375
245,720,0.10746774404696109,0.14743803498115818,0.5104959414982391,400,3.7425700056953956e-05,0.011063196696341038,176337,2.560782086849213,0.12361111111111112,0.18472222222222223,0.16805555555555557,0.23055555555555557,0.29305555555555557
246,720,0.10648978757613374,0.051039896514077795,0.2966576257570608,332,3.787200203962331e-05,0.011178208515048027,177057,2.5695332527160644,0.12638888888888888,0.1527777777777778,0.16666666666666666,0.2611111111111111,0.29305555555555557
247,720,0.10552073050919092,0.0939772036145252,0.3853837867699743,350,4.0356637380985676e-05,0.01116349920630455,177777,2.5802242000897726,0.2,0.12222222222222222,0.20555555555555555,0.14583333333333334,0.3263888888888889
248,720,0.10456049186155728,-0.2039828131554662,0.07790267647115523,407,3.849013711740352e-05,0.011308165267109871,178497,2.5902618328730265,0.20694444444444443,0.17222222222222222,0.2,0.15555555555555556,0.2652777777777778
249,720,0.1036089913856171,-0.28778885251543834,-0.08221200060996758,315,4.131921861080122e-05,0.011743040755391121,179217,2.600565254688263,0.2388888888888889,0.23472222222222222,0.1486111111111111,0.1597222222222222,0.21805555555555556
250,720,0.10266614956400799,0.057883313504877874,0.3203321232922336,330,3.981635481219807e-05,0.011426729150116444,179937,2.6105395674705507,0.19166666666666668,0.20416666666666666,0.11944444444444445,0.15833333333333333,0.3263888888888889
251,720,0.10173188760297552,-0.19844326365393505,0.020004191239494595,341,3.798327885975697e-05,0.010927531868219376,180657,2.6290273825327555,0.12638888888888888,0.24305555555555555,0.13055555555555556,0.16666666666666666,0.3333333333333333
252,720,0.10080612742578844,0.24390253707169407,0.6651288986986088,357,3.805724095400365e-05,0.011467952281236649,181377,2.6396818002065023,0.20416666666666666,0.13194444444444445,0.15138888888888888,0.12638888888888888,0.3861111111111111
253,720,0.09988879166621377,-0.40287794217869777,-0.14817821126138797,351,4.09957146795629e-05,0.011047780513763428,182097,2.650759001572927,0.28888888888888886,0.18194444444444444,0.1597222222222222,0.1486111111111111,0.22083333333333333
254,720,0.09897980366205122,0.19841242599771922,0.6289121933660236,399,3.972969432324034e-05,0.011249328032135963,182817,2.660624138514201,0.2222222222222222,0.15138888888888888,0.17777777777777778,0.11944444444444445,0.32916666666666666
255,720,0.09807908744872657,0.3410189078593578,0.698964432095396,271,4.0599630936968526e-05,0.011849354952573776,183537,2.670845115184784,0.08333333333333333,0.1,0.12916666666666668,0.18194444444444444,0.5055555555555555
256,720,0.09718656775294315,0.5721970695844397,1.3203013502322793,391,4.02968679092434e-05,0.01196190807968378,184257,2.6797154545783997,0.1361111111111111,0.21944444444444444,0.14722222222222223,0.1486111111111111,0.3486111111111111
257,720,0.09630216998639138,-0.04093416309492883,0.21812870995806777,357,4.029376229431768e-05,0.010419346392154694,184977,2.6895005027453105,0.1125,0.18888888888888888,0.17083333333333334,0.23055555555555557,0.2972222222222222
258,720,0.09542582023951522,0.01515836371459519,0.2363436615509089,309,3.960229984159014e-05,0.011586018837988377,185697,2.700158437093099,0.14166666666666666,0.25555555555555554,0.18888888888888888,0.12916666666666668,0.2847222222222222
259,720,0.09455744527533563,0.2751174680880921,0.701682500986174,385,4.333987902024698e-05,0.01160916406661272,186417,2.7097567677497865,0.1486111111111111,0.16805555555555557,0.20972222222222223,0.13333333333333333,0.3402777777777778
260,720,0.09369697252333008,-0.1090410517234646,0.12604213408577092,330,4.471948512269187e-05,0.011482643894851208,187137,2.7192673365275066,0.2111111111111111,0.16666666666666666,0.1486111111111111,0.1736111111111111,0.3
261,720,0.09284433007336777,0.057221551528412164,0.40034908438423833,411,4.272128796982442e-05,0.011930951848626137,187857,2.7382530689239504,0.17083333333333334,0.15138888888888888,0.17777777777777778,0.17083333333333334,0.32916666666666666
262,720,0.09199944666970013,0.12925302478631306,0.3699209326581143,285,4.213020747051309e-05,0.0117254089564085,188577,2.751242736975352,0.25555555555555554,0.15,0.13472222222222222,0.18472222222222223,0.275
263,720,0.09116225170500586,0.28750909343060177,0.71602246664512,378,4.128928574371255e-05,0.01172662153840065,189297,2.7626190503438313,0.22777777777777777,0.1875,0.19583333333333333,0.15555555555555556,0.23333333333333334
264,720,0.0903326752144903,0.7028419712404504,1.5769124854584908,367,3.9338666560221706e-05,0.011253527365624905,190017,2.7747014999389648,0.25,0.19305555555555556,0.15833333333333333,0.21388888888888888,0.18472222222222223
265,720,0.08951064787003844,0.3003627961328736,0.6551022611470536,307,4.533189534628137e-05,0.010925010778009892,190737,2.786699899037679,0.22361111111111112,0.19305555555555556,0.22361111111111112,0.10277777777777777,0.2569444444444444
266,720,0.0886961009744211,-0.18608235196383424,0.0551338680615685,355,4.281928666311311e-05,0.011582811363041401,191457,2.7986745198567706,0.175,0.1736111111111111,0.15416666666666667,0.18888888888888888,0.30833333333333335
267,720,0.08788896645555387,0.16794990527194104,0.5207443292148237,364,4.108753667095597e-05,0.011506292968988419,192177,2.8093664685885114,0.1388888888888889,0.18611111111111112,0.2125,0.1597222222222222,0.30277777777777776
268,720,0.08708917686080833,-0.024477961362380004,0.2367933705058347,358,4.001389344744489e-05,0.011485358700156212,192897,2.8191435019175213,0.15416666666666667,0.2111111111111111,0.20833333333333334,0.15,0.2763888888888889
269,720,0.08629666535137498,-0.01974076520083821,0.28725138360790115,410,4.0898792908845075e-05,0.010784285143017769,193617,2.82916913429896,0.1638888888888889,0.1986111111111111,0.20416666666666666,0.15833333333333333,0.275
270,720,0.08551136569667747,0.40430434284971783,0.9893428197234422,408,3.963109969618017e-05,0.010906007140874863,194337,2.8395097851753235,0.2222222222222222,0.20277777777777778,0.18888888888888888,0.1361111111111111,0.25
271,720,0.0847332122688377,-0.1803878579379007,-0.016500213207905956,263,4.10619304489046e-05,0.011170469224452972,195057,2.8594988862673443,0.10972222222222222,0.14027777777777778,0.1527777777777778,0.2777777777777778,0.3194444444444444
272,720,0.08396214003719128,-0.22591247305612777,-0.047259273859454165,266,4.10514995590145e-05,0.010913199745118618,195777,2.869997501373291,0.25277777777777777,0.11944444444444445,0.1375,0.1875,0.30277777777777776
273,720,0.08319808456285284,0.9098718878590077,2.324674876619265,413,4.247670450215285e-05,0.010736281983554363,196497,2.881025687853495,0.24444444444444444,0.17777777777777778,0.16111111111111112,0.14027777777777778,0.2763888888888889
274,720,0.08244098199333087,-0.23186920436487715,0.0535135284733359,398,3.927743678231208e-05,0.011350439861416817,197217,2.8927819887797037,0.25972222222222224,0.18333333333333332,0.20277777777777778,0.12777777777777777,0.2263888888888889
275,720,0.08169076905719157,-0.10595507068081444,0.0909456940644815,290,4.2521250558517444e-05,0.011258892714977264,197937,2.9050153851509095,0.20416666666666666,0.28194444444444444,0.1125,0.14027777777777778,0.2611111111111111
276,720,0.08094738305877112,0.6150506121063185,1.4261378045576203,385,4.2909036700520016e-05,0.01167970895767212,198657,2.91698081890742,0.16805555555555557,0.18472222222222223,0.19722222222222222,0.12638888888888888,0.3236111111111111
277,720,0.08021076187293631,0.18296613501718842,0.5635613484116468,363,4.4815734365026096e-05,0.012036914005875587,199377,2.9278127829233807,0.16111111111111112,0.24444444444444444,0.15,0.13055555555555556,0.3138888888888889
278,720,0.07948084393989259,0.5274964636114865,1.2194212498073083,414,4.495507467431202e-05,0.010784437879920006,200097,2.9390193859736127,0.17083333333333334,0.20694444444444443,0.20972222222222223,0.1375,0.275
279,720,0.07875756826003957,0.2068932317371044,0.5405557558363936,335,4.593577931346873e-05,0.011733985505998135,200817,2.951503316561381,0.18194444444444444,0.15833333333333333,0.2013888888888889,0.14583333333333334,0.3125
280,720,0.07804087438887321,-0.04035186591314382,0.1801577713653888,329,4.688769794761861e-05,0.011865319684147835,201537,2.96227711836497,0.2652777777777778,0.25833333333333336,0.13194444444444445,0.17222222222222222,0.17222222222222222
281,720,0.07733070243193446,0.4134692352851635,0.9347328119831935,378,4.478554378945571e-05,0.01247092429548502,202257,2.979752838611603,0.16666666666666666,0.1375,0.2569444444444444,0.18194444444444444,0.2569444444444444
282,720,0.07662699303980386,-0.2731549459164061,-0.04031958013502612,325,4.463409142342951e-05,0.012819062918424606,202977,2.9902016361554464,0.29444444444444445,0.18888888888888888,0.15833333333333333,0.13472222222222222,0.22361111111111112
283,720,0.07592968740314164,0.14597445994951047,0.45277345916217393,341,4.7621099483623966e-05,0.012514173984527588,203697,2.9998128533363344,0.16666666666666666,0.1986111111111111,0.20555555555555555,0.17222222222222222,0.2569444444444444
284,720,0.07523872724777306,-0.24928636791611253,-0.039485660725420035,342,4.708312681284749e-05,0.012988616712391376,204417,3.010509220759074,0.13472222222222222,0.19305555555555556,0.18888888888888888,0.20833333333333334,0.275
285,720,0.07455405482981832,0.09056985416166029,0.4309232340426188,367,4.538277186914759e-05,0.013547979295253754,205137,3.020851767063141,0.21805555555555556,0.175,0.14722222222222223,0.11944444444444445,0.3402777777777778
286,720,0.07387561293086697,0.888479533923226,2.358449919087875,401,4.4032223403670896e-05,0.0131904948502779,205857,3.031668484210968,0.2847222222222222,0.16111111111111112,0.1527777777777778,0.0875,0.3138888888888889
287,720,0.07320334485319609,0.6729546048453326,1.6011524708720493,398,4.838426396721237e-05,0.013249148614704609,206577,3.0413713018099466,0.17222222222222222,0.175,0.20555555555555555,0.15138888888888888,0.29583333333333334
288,720,0.07253719441503201,-0.19048496830072267,0.042388830609138894,368,4.667538647582761e-05,0.013007421977818012,207297,3.0529120365778604,0.0763888888888889,0.23472222222222222,0.1986111111111111,0.14583333333333334,0.34444444444444444
289,720,0.07187710594585521,0.619668382459078,1.5349359804377865,433,4.9203654605712975e-05,0.012699906714260578,208017,3.0647085547447204,0.19166666666666668,0.18194444444444444,0.14722222222222223,0.15416666666666667,0.325
290,720,0.07122302428174793,0.5055630691590489,1.1545094606140363,370,4.6772380200208216e-05,0.01266268827021122,208737,3.074165483315786,0.24583333333333332,0.2375,0.1486111111111111,0.12222222222222222,0.24583333333333332
291,720,0.07057489476078402,-0.01923332697213026,0.16272533124815913,282,4.6678381858732286e-05,0.012146467342972755,209457,3.093628668785095,0.22361111111111112,0.17916666666666667,0.28888888888888886,0.17083333333333334,0.1375
292,720,0.06993266321846088,0.051765457841876625,0.3525821345486495,386,4.791860425383574e-05,0.012773137539625168,210177,3.102705486615499,0.20694444444444443,0.2375,0.1986111111111111,0.15138888888888888,0.20555555555555555
293,720,0.06929627598317288,0.7122900848271564,1.7340665642107416,386,5.014376433160174e-05,0.01338732335716486,210897,3.1154327670733135,0.225,0.15694444444444444,0.10277777777777777,0.12777777777777777,0.3875
294,720,0.068665679871726,-0.1213145939541385,0.12376584413508218,350,5.221578393148876e-05,0.013926208019256592,211617,3.1264798521995543,0.21388888888888888,0.21666666666666667,0.18055555555555555,0.1638888888888889,0.225
295,720,0.0680408221848933,-0.19734443284343084,0.08888644849155503,405,4.9835399480950096e-05,0.013135410845279694,212337,3.136986001332601,0.24861111111111112,0.16666666666666666,0.16944444444444445,0.1597222222222222,0.25555555555555554
296,720,0.06742165070301076,0.8113198115307749,2.0126491607435737,407,4.854656815748765e-05,0.012799997813999653,213057,3.146478287378947,0.2125,0.19444444444444445,0.18611111111111112,0.1375,0.26944444444444443
297,720,0.06680811368161337,-0.05991780993452975,0.15902854154683088,318,4.664446441766914e-05,0.012858433648943901,213777,3.1550641854604087,0.13194444444444445,0.2375,0.19583333333333333,0.1763888888888889,0.25833333333333336
298,720,0.06620015984711068,0.06807538496841278,0.4096273588657682,396,4.91124693439815e-05,0.012275425717234612,214497,3.165360168615977,0.225,0.15555555555555556,0.175,0.18888888888888888,0.25555555555555554
299,720,0.06559773839250198,-0.2840445404424137,-0.07784738255566803,288,5.3042461483225147e-05,0.012056129053235054,215217,3.175087300936381,0.35555555555555557,0.16805555555555557,0.10833333333333334,0.13194444444444445,0.2361111111111111
300,720,0.06500079897313021,0.042367614622360175,0.35238217923259674,383,4.694326740061822e-05,0.012090513482689857,215937,3.1842163523038227,0.18611111111111112,0.16666666666666666,0.17083333333333334,0.16666666666666666,0.30972222222222223
301,720,0.06440929170247472,0.5544664108306313,1.3773024270071201,436,4.683397036286705e-05,0.012433819472789764,216657,3.2032891511917114,0.18055555555555555,0.2111111111111111,0.16805555555555557,0.14583333333333334,0.29444444444444445
302,720,0.06382316714798221,-0.10532100897814639,0.1917573601742617,393,4.888247969776987e-05,0.013277907855808735,217377,3.2138879855473834,0.2222222222222222,0.16666666666666666,0.15555555555555556,0.15,0.3055555555555556
303,720,0.06324237632693558,-0.09347818348579053,0.13204056790890872,347,4.844486718159007e-05,0.013301556929945946,218097,3.224341551462809,0.19444444444444445,0.13194444444444445,0.25555555555555554,0.21805555555555556,0.2
304,720,0.06266687070236046,0.19732638299902525,0.6238930489273629,405,5.0004894310657414e-05,0.014417344704270363,218817,3.233494583765666,0.20277777777777778,0.1527777777777778,0.19305555555555556,0.16944444444444445,0.28194444444444444
305,720,0.06209660217896898,-0.4536617164092791,-0.14628828838789953,385,5.4098867515979994e-05,0.013203389942646027,219537,3.2434811035792035,0.3055555555555556,0.20277777777777778,0.16111111111111112,0.10138888888888889,0.22916666666666666
306,720,0.06153152309914036,0.25166049497094045,0.7222998072942344,410,5.088369299907451e-05,0.013015134260058403,220257,3.2540671547253925,0.2222222222222222,0.16666666666666666,0.16944444444444445,0.16666666666666666,0.275
307,720,0.06097158623893818,0.06030274013393712,0.30643589704668384,312,5.3068661998167954e-05,0.013908347114920616,220977,3.2657467206319173,0.20833333333333334,0.2361111111111111,0.14166666666666666,0.1375,0.2763888888888889
308,720,0.06041674480416385,0.7452361549556696,1.8059331430072647,435,4.796718535165686e-05,0.013882242143154144,221697,3.275590654214223,0.18472222222222223,0.23055555555555557,0.20416666666666666,0.15416666666666667,0.2263888888888889
309,720,0.059866952426445956,-0.018128181044555533,0.28257762039363676,394,4.986669145460433e-05,0.013107188045978546,222417,3.285718568166097,0.17222222222222222,0.20416666666666666,0.19583333333333333,0.175,0.25277777777777777
310,720,0.059322163159365296,0.10632122523428368,0.46971899879328616,399,5.1567113083213674e-05,0.013125550001859665,223137,3.2954995155334474,0.1486111111111111,0.1763888888888889,0.20416666666666666,0.16527777777777777,0.3055555555555556
311,720,0.05878233147461507,-0.0827744746590621,0.18913425475384926,389,5.065884907177557e-05,0.014231452718377113,223857,3.314093518257141,0.16944444444444445,0.11666666666666667,0.20972222222222223,0.18472222222222223,0.3194444444444444
312,720,0.058247412258196074,0.03223896958974664,0.3354108129753741,376,4.8205509508786944e-05,0.014636501669883728,224577,3.324632469813029,0.1763888888888889,0.1597222222222222,0.2,0.13055555555555556,0.3333333333333333
313,720,0.05771736080664649,0.814221017807258,2.0517677650193082,424,4.860521692206829e-05,0.014258163049817085,225297,3.3351986169815064,0.24305555555555555,0.17777777777777778,0.16527777777777777,0.14166666666666666,0.2722222222222222
314,720,0.057192132823306006,0.5850303068509252,1.3620509939473844,383,5.474258178487111e-05,0.014061913825571537,226017,3.3459198673566184,0.19027777777777777,0.1375,0.1986111111111111,0.2152777777777778,0.25833333333333336
315,720,0.05667168441461392,0.05183614083917613,0.29477397189320387,300,5.2302827982152345e-05,0.01526285707950592,226737,3.3555856347084045,0.24861111111111112,0.2152777777777778,0.14444444444444443,0.17916666666666667,0.2125
316,720,0.056155972086440936,-0.0008705427201649613,0.30718955833232875,363,5.070308951518301e-05,0.01442706398665905,227457,3.36487185160319,0.31527777777777777,0.19444444444444445,0.13055555555555556,0.13333333333333333,0.2263888888888889
317,720,0.05564495274045432,0.08309253388041223,0.4471448320240774,417,5.0279741507589885e-05,0.014634575694799423,228177,3.373723936080933,0.1875,0.20694444444444443,0.16944444444444445,0.1527777777777778,0.2833333333333333
318,720,0.05513858367051619,-0.23295593222618832,-0.00643513746964397,323,5.234617964965259e-05,0.015065804123878479,228897,3.3845686038335163,0.16805555555555557,0.13055555555555556,0.18472222222222223,0.22361111111111112,0.29305555555555557
319,720,0.05463682255911449,-0.15527295797058485,0.07301993478783464,335,5.459461087108745e-05,0.014777075499296188,229617,3.3952204028765363,0.16944444444444445,0.20277777777777778,0.16805555555555557,0.23472222222222222,0.225
320,720,0.05413962747382655,0.055065848529950154,0.4259180451981013,422,4.9120305360853916e-05,0.013995984569191933,230337,3.4065554022789,0.2375,0.17777777777777778,0.20833333333333334,0.1527777777777778,0.22361111111111112
321,720,0.05364695686381473,0.12666405030814942,0.4253452289490893,364,5.097926571124844e-05,0.015552971512079239,231057,3.4247670849164327,0.2,0.18611111111111112,0.18611111111111112,0.2388888888888889,0.18888888888888888
322,720,0.05315876955635402,-0.3415875996220194,-0.10737400071392755,351,5.112415611342334e-05,0.013928674161434174,231777,3.4339478532473247,0.2625,0.23333333333333334,0.1375,0.1736111111111111,0.19305555555555556
323,720,0.0526750247533912,0.3922492914000523,0.963540637731485,427,5.4792531012834744e-05,0.014350064098834991,232497,3.443757502237956,0.18472222222222223,0.2,0.16666666666666666,0.16805555555555557,0.28055555555555556
324,720,0.052195682028135335,-0.23018977116199169,-0.02584979355007455,299,4.9745546742643556e-05,0.01511304546147585,233217,3.453291384379069,0.18194444444444444,0.20416666666666666,0.1361111111111111,0.26805555555555555,0.20972222222222223
325,720,0.0517207013216793,0.0558228839401807,0.32687013099441287,362,5.1189266071105524e-05,0.014496996067464352,233937,3.463318419456482,0.18194444444444444,0.18055555555555555,0.225,0.1625,0.25
326,720,0.05125004293965202,0.12941587691487602,0.4691233713935572,399,4.5856183895567586e-05,0.014404691755771637,234657,3.4738170504570007,0.1486111111111111,0.2222222222222222,0.23194444444444445,0.175,0.2222222222222222
327,720,0.050783667548901186,0.12145532906613747,0.3525008078858738,284,5.089880088588769e-05,0.013961296528577805,235377,3.483223537604014,0.13194444444444445,0.24444444444444444,0.19722222222222222,0.24166666666666667,0.18472222222222223
328,720,0.050321536174206184,-0.0017934854925807033,0.2604345147701188,355,4.545035202075572e-05,0.013184471055865288,236097,3.494747551282247,0.23055555555555557,0.20416666666666666,0.1388888888888889,0.2125,0.21388888888888888
329,720,0.049863610195020905,0.23659258699945396,0.717453356571015,403,4.677709848819076e-05,0.012821951881051064,236817,3.5065647681554157,0.2916666666666667,0.19027777777777777,0.1361111111111111,0.1527777777777778,0.22916666666666666
330,720,0.049409851342246215,0.2704552298990118,0.6777527176934568,377,4.9725500772031714e-05,0.01357946451753378,237537,3.517070702711741,0.21944444444444444,0.1625,0.20833333333333334,0.15694444444444444,0.25277777777777777
331,720,0.04896022169503177,0.11502088391083373,0.3934335538897653,320,4.693733059689799e-05,0.013140840455889702,238257,3.535734252134959,0.25416666666666665,0.2111111111111111,0.13333333333333333,0.1986111111111111,0.20277777777777778
332,720,0.04851468367760699,-0.012409793595536983,0.3146759460534596,388,4.8709529117887645e-05,0.013781373389065266,238977,3.5456591685612997,0.2777777777777778,0.21666666666666667,0.14444444444444443,0.09027777777777778,0.2708333333333333
333,720,0.04807320005614076,0.6104633662555639,1.4669026262452363,395,5.001212838225102e-05,0.013485394418239594,239697,3.5541820526123047,0.2625,0.16527777777777777,0.14305555555555555,0.12777777777777777,0.3013888888888889
334,720,0.04763573393562988,0.005949916726594085,0.27564242789228377,377,4.803813383963037e-05,0.01221125852316618,240417,3.5644932190577188,0.20277777777777778,0.2013888888888889,0.13472222222222222,0.23472222222222222,0.2263888888888889
335,720,0.04720224875681565,0.4749329372995011,1.1467024859263986,420,4.9333988210441425e-05,0.01200094074010849,241137,3.5746844172477723,0.20277777777777778,0.1361111111111111,0.20416666666666666,0.17222222222222222,0.2847222222222222
336,720,0.04677270829312862,1.1403742256818454,3.239198531055691,409,4.581164566591017e-05,0.012501279823482037,241857,3.5846908330917358,0.2152777777777778,0.18611111111111112,0.16111111111111112,0.15833333333333333,0.2791666666666667
337,720,0.046347076647661155,0.8800044749122062,2.0442497245173867,343,4.856060044807641e-05,0.01212858222424984,242577,3.5961490869522095,0.2611111111111111,0.1763888888888889,0.1638888888888889,0.16944444444444445,0.22916666666666666
338,720,0.045925318250167435,0.2972027081257217,0.7571667453156257,380,4.8334969487010916e-05,0.01266055554151535,243297,3.6052560011545816,0.19305555555555556,0.24722222222222223,0.1527777777777778,0.1527777777777778,0.25416666666666665
339,720,0.045507397854090914,0.06105105650990779,0.30414943784120396,314,4.959595996751886e-05,0.013855446130037308,244017,3.6156179507573447,0.30694444444444446,0.21388888888888888,0.09722222222222222,0.20416666666666666,0.17777777777777778
340,720,0.04509328053361869,0.06195591976508293,0.36404686831416533,388,5.4669841660547214e-05,0.014823097735643387,244737,3.6254923701286317,0.17083333333333334,0.1986111111111111,0.20416666666666666,0.19444444444444445,0.23194444444444445
341,720,0.04468293168076276,0.15114723996322232,0.4548419073287433,353,5.375035000396464e-05,0.014515411108732224,245457,3.6445269187291465,0.12083333333333333,0.2,0.2388888888888889,0.15416666666666667,0.2861111111111111
342,720,0.04427631700246782,0.145333543792621,0.4708398200187389,358,4.7821047667184756e-05,0.01413160189986229,246177,3.655361020565033,0.24722222222222223,0.30416666666666664,0.15416666666666667,0.125,0.16944444444444445
343,720,0.043873402517745366,-0.07165584633311516,0.17803070901963047,367,4.972023314798611e-05,0.014090463519096375,246897,3.6676491181055706,0.19027777777777777,0.2777777777777778,0.1597222222222222,0.19444444444444445,0.17777777777777778
344,720,0.04347415455483388,0.16463068003278258,0.5382273469656149,398,4.645830376198824e-05,0.01443423517048359,247617,3.6782953341801963,0.19722222222222222,0.24861111111111112,0.125,0.1875,0.24166666666666667
345,720,0.043078539748384895,0.129006627815729,0.3542619611407358,299,4.7436490324849324e-05,0.014133918099105358,248337,3.689098052183787,0.11527777777777778,0.20416666666666666,0.15833333333333333,0.33611111111111114,0.18611111111111112
346,720,0.04268652503667459,0.43046900612938765,1.0106720232744641,408,4.693077001244698e-05,0.01299889013171196,249057,3.6992524027824403,0.17777777777777778,0.20694444444444443,0.1486111111111111,0.18055555555555555,0.2861111111111111
347,720,0.04229807765884085,0.012674496382032805,0.25944921744410254,357,4.7622298782496525e-05,0.013348430395126343,249777,3.710507166385651,0.10972222222222222,0.22916666666666666,0.20972222222222223,0.2111111111111111,0.24027777777777778
348,720,0.0419131651521454,-0.08618811157152269,0.10275532455914749,318,4.6181609162785106e-05,0.013904467225074768,250497,3.7215806365013124,0.13194444444444445,0.21944444444444444,0.15555555555555556,0.275,0.21805555555555556
349,720,0.04153175534926088,0.013627961070696665,0.334595114816848,404,5.068871402297898e-05,0.014478628523647785,251217,3.732547700405121,0.175,0.13055555555555556,0.14444444444444443,0.22916666666666666,0.32083333333333336
350,720,0.04115381637558261,-0.09731511826212037,0.08132255698428148,317,4.8530050508411985e-05,0.014377498999238014,251937,3.7422205011049905,0.14444444444444443,0.17222222222222222,0.2222222222222222,0.25972222222222224,0.2013888888888889
351,720,0.040779316646564805,-0.0781482379404778,0.15934102529848237,369,4.197327933247329e-05,0.013012165203690529,252657,3.7600160678227743,0.14166666666666666,0.24305555555555555,0.12361111111111112,0.26944444444444443,0.2222222222222222
352,720,0.04040822486508106,-0.13566101344149636,0.10168297357248601,366,4.442864268665087e-05,0.013563718646764755,253377,3.7712679862976075,0.20555555555555555,0.2388888888888889,0.12361111111111112,0.21944444444444444,0.2125
353,720,0.040040510018808824,0.4439224184053965,1.0399441262856914,369,5.408581442528278e-05,0.014294728636741638,254097,3.7811442176500956,0.2152777777777778,0.1875,0.11527777777777778,0.1736111111111111,0.30833333333333335
354,720,0.03967614137763766,-0.09005855322487435,0.13053553673988771,328,4.853401957865976e-05,0.013572383671998978,254817,3.791521151860555,0.1597222222222222,0.23055555555555557,0.1,0.2777777777777778,0.23194444444444445
355,720,0.03931508849110116,-0.2759576792130425,-0.031210261930382344,384,4.990433224950013e-05,0.013203304260969162,255537,3.8005861163139345,0.15,0.21388888888888888,0.14722222222222223,0.21666666666666667,0.2722222222222222
356,720,0.03895732118583214,0.015645129143791993,0.2922632379411343,373,4.763538512280421e-05,0.01335427351295948,256257,3.810547049840291,0.25416666666666665,0.19444444444444445,0.14444444444444443,0.20277777777777778,0.20416666666666666
357,720,0.03860280956304107,0.15145664217721982,0.3888230226801681,309,4.633345917757954e-05,0.013616345822811127,256977,3.8209490696589152,0.13333333333333333,0.22083333333333333,0.1375,0.36527777777777776,0.14305555555555555
358,720,0.038251523996017396,0.45655487219110413,1.0674270687257383,402,5.091690199808201e-05,0.013658869080245495,257697,3.8313143173853557,0.19305555555555556,0.175,0.15416666666666667,0.1986111111111111,0.2791666666666667
359,720,0.03790343512765364,0.11328002563016563,0.37958127005619446,326,4.505083037555677e-05,0.013526170514523983,258417,3.840812853972117,0.2638888888888889,0.32083333333333336,0.14444444444444443,0.12638888888888888,0.14444444444444443
360,720,0.037558513867991986,-0.04338150124812139,0.2276705337700402,380,4.2554105335865545e-05,0.012249414809048176,259137,3.8502413988113404,0.2763888888888889,0.2916666666666667,0.12222222222222222,0.15,0.1597222222222222
361,720,0.03721673139179326,0.40422120409899237,0.9713551587494651,425,4.5975888623514846e-05,0.013300323858857155,259857,3.8687286535898844,0.18194444444444444,0.22361111111111112,0.15416666666666667,0.2111111111111111,0.22916666666666666
362,720,0.03687805913612794,-0.3583682049199886,-0.1718973881498541,267,4.3342178570229505e-05,0.011895905248820782,260577,3.879555348555247,0.31666666666666665,0.3,0.13472222222222222,0.12222222222222222,0.12638888888888888
363,720,0.036542468797989176,-0.022361706120639584,0.24687234762945987,363,4.0502636673207034e-05,0.011490944772958755,261297,3.8891903360684714,0.25416666666666665,0.21666666666666667,0.1527777777777778,0.18888888888888888,0.1875
364,720,0.03620993233192747,0.4637541316550739,1.121777395761832,409,4.1593862132079566e-05,0.011167570948600769,262017,3.89931100209554,0.20972222222222223,0.1986111111111111,0.17916666666666667,0.17083333333333334,0.24166666666666667
365,720,0.03588042194770693,0.07278976472054424,0.3064189456108275,320,4.336973889217512e-05,0.012011799030005932,262737,3.9092461029688517,0.19305555555555556,0.18611111111111112,0.2,0.24722222222222223,0.1736111111111111
366,720,0.0355539101079828,0.17703018003736024,0.5182072227577756,368,4.317214950207118e-05,0.011228533461689949,263457,3.9211260000864665,0.31666666666666665,0.21666666666666667,0.12222222222222222,0.17222222222222222,0.17222222222222222
367,720,0.03523036952600015,-0.24091987308420798,-0.02729056863315793,337,4.411386897673866e-05,0.012494626455008984,264177,3.931390468279521,0.20555555555555555,0.23194444444444445,0.20694444444444443,0.19444444444444445,0.16111111111111112
368,720,0.03490977316331355,0.18525793773276364,0.4722000840483356,294,4.2546449185465464e-05,0.012713954783976078,264897,3.9423057516415914,0.3972222222222222,0.2013888888888889,0.09583333333333334,0.18333333333333332,0.12222222222222222
369,720,0.0345920942275274,-0.03138938354159325,0.1842511293447795,323,4.552983981764353e-05,0.013999843038618565,265617,3.9527112364768984,0.34305555555555556,0.23055555555555557,0.1375,0.14166666666666666,0.14722222222222223
370,720,0.0342773061700569,-0.19840882811243768,-0.0004087445536155032,299,4.470289684503668e-05,0.013774862512946129,266337,3.9631675521532697,0.36666666666666664,0.25972222222222224,0.07083333333333333,0.16527777777777777,0.1375
371,720,0.03396538268390938,0.9411192052218805,2.3455101903454474,385,4.1451555224133095e-05,0.012586891651153564,267057,3.9812722206115723,0.29444444444444445,0.1875,0.15555555555555556,0.12777777777777777,0.23472222222222222
372,720,0.03365629770148581,0.6971957074846996,1.5991792119724977,389,4.086864541048069e-05,0.013203988783061504,267777,3.9919346531232196,0.18194444444444444,0.33055555555555555,0.11805555555555555,0.14444444444444443,0.225
373,720,0.03335002539240229,-0.03885493202022672,0.2338570401224227,367,4.1606483202687946e-05,0.012576637789607048,268497,4.0019525527954105,0.22777777777777777,0.22083333333333333,0.12361111111111112,0.21944444444444444,0.20833333333333334
374,720,0.03304654016133143,0.6566063671939311,1.6780967309059607,443,4.1672951277228596e-05,0.011576230637729168,269217,4.012413235505422,0.26944444444444443,0.22083333333333333,0.1111111111111111,0.13333333333333333,0.2652777777777778
375,720,0.03274581664586331,0.2494313132996819,0.5588234115081554,316,4.09954857269036e-05,0.012820682488381863,269937,4.02373773654302,0.3125,0.16805555555555557,0.1763888888888889,0.21388888888888888,0.12916666666666668
376,720,0.03244782971438596,0.6497820758522047,1.4285201397518912,358,4.360057857866195e-05,0.013445974327623844,270657,4.03467675447464,0.1986111111111111,0.25,0.17083333333333334,0.16805555555555557,0.2125
377,720,0.032152554463985045,0.17170607734105794,0.5394975198038288,366,4.394662112190417e-05,0.01324432622641325,271377,4.043820571899414,0.25277777777777777,0.20416666666666666,0.1486111111111111,0.15833333333333333,0.2361111111111111
378,720,0.03185996621836278,0.336719155535138,0.8789613589573875,390,4.2320366810599806e-05,0.013789840042591095,272097,4.054062151908875,0.3263888888888889,0.19027777777777777,0.1125,0.12777777777777777,0.24305555555555555
379,720,0.03157004052577568,0.05268544328433258,0.3373438472924093,368,3.837472268186401e-05,0.01339633297175169,272817,4.065359652042389,0.24027777777777778,0.20972222222222223,0.17083333333333334,0.18888888888888888,0.19027777777777777
380,720,0.031282753156991125,-0.123311678927538,0.12376911994718287,367,4.044703538284011e-05,0.013844218105077744,273537,4.074766870339712,0.20416666666666666,0.23333333333333334,0.15555555555555556,0.21388888888888888,0.19305555555555556
381,720,0.030998080103262507,-0.09774000486816413,0.1465529372091534,324,4.138144082869783e-05,0.012696552090346813,274257,4.094549000263214,0.2569444444444444,0.2638888888888889,0.1361111111111111,0.13333333333333333,0.20972222222222223
382,720,0.030715997574322817,-0.425699137810584,-0.14118275927358714,398,4.2033208495063766e-05,0.01218920387327671,274977,4.1051562031110125,0.2111111111111111,0.24444444444444444,0.15694444444444444,0.16527777777777777,0.2222222222222222
383,720,0.03043648199639648,0.020994421367729617,0.27474278546392683,338,3.928682906335881e-05,0.011686807498335838,275697,4.116547652085623,0.20833333333333334,0.2375,0.15694444444444444,0.20694444444444443,0.19027777777777777
384,720,0.030159510010229273,-0.031822987279648246,0.24380721783301484,377,3.781922168981409e-05,0.011831210926175117,276417,4.1273022850354515,0.1736111111111111,0.24166666666666667,0.18472222222222223,0.2013888888888889,0.1986111111111111
385,720,0.029885058469136187,-0.27787342869504117,-0.08503862589910882,323,3.978694964088289e-05,0.011549917049705982,277137,4.138401985168457,0.13055555555555556,0.22916666666666666,0.1486111111111111,0.2791666666666667,0.2125
386,720,0.029613104437067047,-0.015440145480551719,0.2564745894517333,363,4.015421518614757e-05,0.011159250512719154,277857,4.150045184294383,0.20833333333333334,0.29305555555555557,0.12777777777777777,0.1875,0.18333333333333332
387,720,0.029343625186689738,0.8613246346975152,2.116855480255127,405,3.705877287782439e-05,0.0115166325122118,278577,4.160560750961304,0.21805555555555556,0.22777777777777777,0.15555555555555556,0.16111111111111112,0.2375
388,720,0.029076598197490863,0.08182687672466404,0.3889900172268357,367,4.047127915530129e-05,0.011603749357163906,279297,4.170345485210419,0.225,0.2388888888888889,0.18333333333333332,0.1361111111111111,0.21666666666666667
389,720,0.028812001153893697,-0.15625597771354244,0.10682330209951729,390,4.136799963261082e-05,0.012054876424372196,280017,4.179629115263621,0.18333333333333332,0.2875,0.1527777777777778,0.1638888888888889,0.2125
390,720,0.028549811943393264,0.03212250000689669,0.3009860799944344,355,4.220168614589663e-05,0.01214628666639328,280737,4.189519615968068,0.14166666666666666,0.23472222222222222,0.12638888888888888,0.23333333333333334,0.2638888888888889
391,720,0.028290008654708387,0.030974905294305285,0.22015134617674126,303,4.008099766931789e-05,0.012104852125048637,281457,4.207972753047943,0.17777777777777778,0.32222222222222224,0.1597222222222222,0.16111111111111112,0.17916666666666667
392,720,0.02803256957595054,0.14370694337821832,0.44261428511540957,363,4.122122873897954e-05,0.012329799123108387,282177,4.21817258199056,0.15694444444444444,0.22916666666666666,0.19305555555555556,0.23472222222222222,0.18611111111111112
393,720,0.02777747319280939,0.13693561006980842,0.42894385729635376,347,4.045674563712964e-05,0.01271739974617958,282897,4.227922650178273,0.17083333333333334,0.21805555555555556,0.14444444444444443,0.24722222222222223,0.21944444444444444
394,720,0.027524698186754824,0.03963889613484501,0.29225518327790967,337,3.990666737081483e-05,0.011885952204465866,283617,4.2385391553243,0.19027777777777777,0.3111111111111111,0.18611111111111112,0.15138888888888888,0.16111111111111112
395,720,0.027274223433255355,0.020749372843082422,0.27156620486704086,343,3.8166212267596065e-05,0.012198317795991898,284337,4.248811785380045,0.22361111111111112,0.29305555555555557,0.1527777777777778,0.15416666666666667,0.1763888888888889
396,720,0.027026028000012733,0.00045448071286812136,0.17874991247467875,272,3.967115612037257e-05,0.01233920268714428,285057,4.259266972541809,0.2,0.22777777777777777,0.2152777777777778,0.23472222222222222,0.12222222222222222
397,720,0.02678009114521262,-0.05067674112752245,0.1332314692856471,324,3.889917542336561e-05,0.01227407343685627,285777,4.269008584817251,0.12222222222222222,0.18194444444444444,0.2111111111111111,0.3388888888888889,0.14583333333333334
398,720,0.026536392315791184,-0.1276490856585601,0.024649819126350225,275,3.53994586766425e-05,0.01229606382548809,286497,4.279659136136373,0.1986111111111111,0.2847222222222222,0.1625,0.24444444444444444,0.10972222222222222
399,720,0.026294911145717484,0.5992810084631751,1.4881289653049108,442,4.209859485197537e-05,0.0128492321819067,287217,4.289859000841776,0.19305555555555556,0.19722222222222222,0.14583333333333334,0.1763888888888889,0.2875
400,720,0.026055627454291456,0.04805534451612182,0.3587366640195784,390,3.936474653553685e-05,0.012310754507780075,287937,4.300374519824982,0.2013888888888889,0.27361111111111114,0.13472222222222222,0.19722222222222222,0.19305555555555556
401,720,0.025818521244457403,-0.08885791965079454,0.12427915631839581,324,4.3830091384380564e-05,0.012432647868990898,288657,4.317845900853475,0.1638888888888889,0.2708333333333333,0.1875,0.1763888888888889,0.2013888888888889
402,720,0.02558357270113284,-0.1500427885929127,0.046506225127082024,328,4.358316727651375e-05,0.013097716495394707,289377,4.327469499905904,0.14722222222222223,0.29444444444444445,0.1486111111111111,0.2791666666666667,0.13055555555555556
403,720,0.025350762189552532,0.02098613863221684,0.3151965716889893,404,3.903131351989941e-05,0.011848540976643562,290097,4.337354187170664,0.20555555555555555,0.175,0.17916666666666667,0.22777777777777777,0.2125
404,720,0.025120070253627603,0.324169845933005,0.7500946040528,351,3.787974649816937e-05,0.012187925167381763,290817,4.347986149787903,0.32083333333333336,0.2833333333333333,0.1486111111111111,0.10833333333333334,0.1388888888888889
405,720,0.02489147761431959,-0.007213655084988913,0.2690725332687667,395,3.717928813608119e-05,0.01171798724681139,291537,4.360271350542704,0.1625,0.2388888888888889,0.18611111111111112,0.2263888888888889,0.18611111111111112
406,720,0.024664965168029282,-0.10225643892213718,0.12270792920370677,379,3.875392574678295e-05,0.011844821274280548,292257,4.371151554584503,0.22777777777777777,0.23333333333333334,0.1736111111111111,0.22916666666666666,0.1361111111111111
407,720,0.024440513985000214,-0.041531515059511255,0.19329511529254884,341,3.459492847986844e-05,0.011309510096907616,292977,4.382126784324646,0.2222222222222222,0.2763888888888889,0.1736111111111111,0.10694444444444444,0.22083333333333333
408,720,0.02421810530773671,0.17663765159851227,0.5100422817571948,362,3.859848937900602e-05,0.011854327283799648,293697,4.392338001728058,0.1597222222222222,0.3013888888888889,0.1527777777777778,0.19305555555555556,0.19305555555555556
409,720,0.023997720549436306,0.2539116524633728,0.615123868448868,344,4.0036115704980245e-05,0.01185928750783205,294417,4.402566715081533,0.16666666666666666,0.2763888888888889,0.15833333333333333,0.20555555555555555,0.19305555555555556
410,720,0.023779341292436435,0.003572496867372639,0.3222336913413719,420,3.986180458292034e-05,0.011341361328959465,295137,4.412603652477264,0.12916666666666668,0.20833333333333334,0.12916666666666668,0.2722222222222222,0.2611111111111111
411,720,0.023562949286675263,0.07789221851012057,0.2832452469173308,281,3.811798598892185e-05,0.01184813305735588,295857,4.430586683750152,0.09444444444444444,0.33611111111111114,0.18888888888888888,0.2722222222222222,0.10833333333333334
412,720,0.02334852644816652,0.07060939924910525,0.2555947933683742,270,3.563039320068937e-05,0.01192067377269268,296577,4.440569869677225,0.17083333333333334,0.2763888888888889,0.2125,0.21388888888888888,0.12638888888888888
413,720,0.023136054857488205,-0.07457675515102179,0.14674012693076244,338,3.788209453685138e-05,0.011934008449316025,297297,4.451813999811808,0.1527777777777778,0.1486111111111111,0.15138888888888888,0.34305555555555556,0.20416666666666666
414,720,0.022925516758285063,0.09375138262272469,0.42013421197572165,391,3.685279853837326e-05,0.011855412274599075,298017,4.462005404631297,0.16805555555555557,0.23472222222222222,0.18194444444444444,0.25416666666666665,0.16111111111111112
415,720,0.02271689455578467,-0.03777064157475279,0.1246584149833938,290,3.752143760620028e-05,0.012349945493042469,298737,4.472765851020813,0.2,0.25555555555555554,0.3527777777777778,0.1111111111111111,0.08055555555555556
416,720,0.022510170815327028,0.02880573405697394,0.36418302648158307,422,3.726555795411615e-05,0.012439366430044174,299457,4.482841618855795,0.19027777777777777,0.22916666666666666,0.18194444444444444,0.1527777777777778,0.24583333333333332
417,720,0.022305328260907552,0.020672158018985066,0.29910057290249226,396,3.7349411033776254e-05,0.012132115662097931,300177,4.495347348848979,0.10972222222222222,0.2013888888888889,0.25,0.23055555555555557,0.20833333333333334
418,720,0.022102349773733293,-0.039467780211334166,0.2343348225886257,409,3.6149189963907705e-05,0.011937962844967842,300897,4.5069259881973265,0.16944444444444445,0.25972222222222224,0.2,0.20972222222222223,0.16111111111111112
419,720,0.02190121839079232,-0.10577585743892895,0.07167639052071717,298,3.550897524809847e-05,0.012190038338303566,301617,4.518948952356975,0.18888888888888888,0.20555555555555555,0.22361111111111112,0.2625,0.11944444444444445
420,720,0.021701917303436107,0.11647514712886922,0.4750990603984795,412,3.6788705676826795e-05,0.011296289041638374,302337,4.5296550989151,0.20694444444444443,0.2847222222222222,0.19027777777777777,0.15138888888888888,0.16666666666666666
421,720,0.021504429855974838,0.10380647976751557,0.3806528676104799,345,3.655745298626951e-05,0.0126414205878973,303057,4.549277087052663,0.19722222222222222,0.21388888888888888,0.20416666666666666,0.2125,0.17222222222222222
422,720,0.021308739544285468,-0.09938378489807262,0.1315815037606325,351,3.8095113912580324e-05,0.013014030642807484,303777,4.559402771790823,0.18194444444444444,0.30972222222222223,0.19722222222222222,0.14444444444444443,0.16666666666666666
423,720,0.02111483001443247,0.12212109805986561,0.3561110725313261,308,3.7077334037702613e-05,0.012784907594323158,304497,4.5699693361918134,0.10138888888888889,0.19583333333333333,0.2111111111111111,0.3416666666666667,0.15
424,720,0.020922685061301134,0.6736817084658534,1.581657690911753,418,4.050434271347411e-05,0.012182770296931267,305217,4.580362502733866,0.14166666666666666,0.20972222222222223,0.15555555555555556,0.20555555555555555,0.2875
425,720,0.020732288627243294,0.36667651012761726,0.8311176353395977,348,3.8979124138273216e-05,0.011676939204335213,305937,4.590839052200318,0.1638888888888889,0.21388888888888888,0.19027777777777777,0.225,0.20694444444444443
426,720,0.02054362480073538,0.33797858690849547,0.8533199288039734,420,3.8580747207738066e-05,0.011803222820162773,306657,4.601111300786337,0.22361111111111112,0.21805555555555556,0.18472222222222223,0.18472222222222223,0.18888888888888888
427,720,0.02035667781504869,0.09231415279251476,0.3768718527675685,354,4.408929418862802e-05,0.011879077181220055,307377,4.611336350440979,0.15138888888888888,0.2222222222222222,0.22777777777777777,0.18194444444444444,0.21666666666666667
428,720,0.020171432046931746,0.252763033583026,0.6144801778829347,357,3.7222888449327403e-05,0.011940468102693558,308097,4.622390786806743,0.16944444444444445,0.25833333333333336,0.19027777777777777,0.21805555555555556,0.1638888888888889
429,720,0.019987872015304668,-0.18388918037179267,0.07665694555370628,418,3.9294371602712394e-05,0.011729041114449501,308817,4.633627200126648,0.15138888888888888,0.2152777777777778,0.13333333333333333,0.29444444444444445,0.20555555555555555
430,720,0.019805982379965396,0.1838767763694785,0.4912680173011079,351,4.406126200567289e-05,0.012972384691238403,309537,4.644167101383209,0.10972222222222222,0.23055555555555557,0.18333333333333332,0.24444444444444444,0.23194444444444445
431,720,0.01962574794030771,0.26404956211794334,0.6521038926223581,355,4.111830554241654e-05,0.012175146490335464,310257,4.664000288645426,0.20833333333333334,0.31666666666666665,0.15,0.1361111111111111,0.18888888888888888
432,720,0.01944715363405091,0.046225398909863095,0.33472516121661666,396,3.9559077578764524e-05,0.01270468719303608,310977,4.672913336753846,0.18888888888888888,0.2513888888888889,0.19722222222222222,0.1597222222222222,0.20277777777777778
433,720,0.019270184535981047,0.3681330348635802,0.8019745481504819,339,3.837931026093126e-05,0.012439556419849396,311697,4.682992200056712,0.13472222222222222,0.24305555555555555,0.1736111111111111,0.2791666666666667,0.16944444444444445
434,720,0.01909482585670362,0.11304295522395197,0.40149980883715686,364,3.664827800978148e-05,0.012454462237656116,312417,4.6919646183649695,0.13333333333333333,0.23333333333333334,0.3236111111111111,0.1527777777777778,0.15694444444444444
435,720,0.018921062941407617,0.16175493834224855,0.5422693541785568,417,3.8481406876498015e-05,0.012517022900283337,313137,4.702378686269125,0.13472222222222222,0.22916666666666666,0.2222222222222222,0.18611111111111112,0.22777777777777777
436,720,0.01874888126864081,0.1688296826047991,0.43954873010899753,363,3.9083867573531785e-05,0.01200583390891552,313857,4.712767652670542,0.12916666666666668,0.32083333333333336,0.2152777777777778,0.19583333333333333,0.1388888888888889
437,720,0.018578266449096176,0.12287112195812797,0.42706676156396917,391,3.822005361623976e-05,0.011860798113048077,314577,4.724130133787791,0.10555555555555556,0.27361111111111114,0.23055555555555557,0.24861111111111112,0.14166666666666666
438,720,0.018409204224409403,0.1220649957059252,0.32222377309018246,287,3.622351412104763e-05,0.010811815969645977,315297,4.737056585152944,0.1,0.3013888888888889,0.20833333333333334,0.25972222222222224,0.13055555555555556
439,720,0.01824168046596728,0.0009119842704110716,0.27591297893528965,378,3.819305437168118e-05,0.012054444290697575,316017,4.747759052117666,0.14166666666666666,0.30416666666666664,0.1736111111111111,0.17083333333333334,0.20972222222222223
440,720,0.018075681173726977,0.10207091637126368,0.36761851413101043,338,4.092564140465684e-05,0.01181560754776001,316737,4.761141367753347,0.11666666666666667,0.2638888888888889,0.20555555555555555,0.23472222222222222,0.17916666666666667
441,720,0.01791119247504606,-0.010610289929424052,0.21487320104975516,339,3.8755972228601524e-05,0.012015992775559425,317457,4.781794917583466,0.1736111111111111,0.2986111111111111,0.16527777777777777,0.17083333333333334,0.19166666666666668
442,720,0.01774820062352314,0.3548597075180562,0.855881355566235,418,3.7675626678416545e-05,0.011176432482898235,318177,4.792666200796763,0.1736111111111111,0.24444444444444444,0.25416666666666665,0.12777777777777777,0.2
443,720,0.017586691997849083,0.051281813704542725,0.29147091594222374,363,3.5349833852807125e-05,0.011702088639140129,318897,4.802440369129181,0.0875,0.2111111111111111,0.24305555555555555,0.2611111111111111,0.19722222222222222
444,720,0.017426653100668658,0.39100885565148347,0.9198726498782825,417,3.696835215249747e-05,0.012041188776493073,319617,4.813119053840637,0.1625,0.25,0.2152777777777778,0.18055555555555555,0.19166666666666668
445,720,0.017268070557452574,0.301117085867308,0.7791168435465776,443,3.337998954798928e-05,0.011114485561847687,320337,4.824115252494812,0.24444444444444444,0.25972222222222224,0.18055555555555555,0.15138888888888888,0.1638888888888889
446,720,0.017110931115379754,0.10984419907746937,0.34728869525435924,320,3.453213625637848e-05,0.01096603274345398,321057,4.835571050643921,0.15416666666666667,0.2902777777777778,0.23194444444444445,0.17916666666666667,0.14444444444444443
447,720,0.016955221642229797,0.3421747369943265,0.7921656286691132,380,3.515800038308549e-05,0.010896669700741768,321777,4.845826272169749,0.20555555555555555,0.1638888888888889,0.225,0.20277777777777778,0.20277777777777778
448,720,0.016800929125285507,0.1541680476591287,0.400624274596997,322,3.66746650052442e-05,0.010881997644901276,322497,4.857670052846273,0.11527777777777778,0.2916666666666667,0.2708333333333333,0.18055555555555555,0.14166666666666666
449,720,0.016648040670245407,-0.09791306570533871,0.15729679245811345,394,3.9305760775379086e-05,0.011381363496184349,323217,4.868037271499634,0.13055555555555556,0.25277777777777777,0.21805555555555556,0.20972222222222223,0.18888888888888888
450,720,0.016496543500146173,-0.0912355351726149,0.07279185945504096,309,3.851666643362882e-05,0.010855944827198982,323937,4.877680536111196,0.09305555555555556,0.23055555555555557,0.28055555555555556,0.2833333333333333,0.1125
451,720,0.016346424954294843,0.2318520565400558,0.5133898318957237,330,3.82732585263865e-05,0.011866964399814606,324657,4.8971543709437055,0.13194444444444445,0.25416666666666665,0.26805555555555555,0.19722222222222222,0.1486111111111111
452,720,0.01619767248721076,0.11308422523397037,0.45075516634087487,411,3.934014452953407e-05,0.011390365660190582,325377,4.909136152267456,0.15555555555555556,0.17222222222222222,0.1986111111111111,0.25833333333333336,0.2152777777777778
453,720,0.016050273667577143,0.019804504020809993,0.29150022015821575,361,3.784003685420127e-05,0.011359727010130882,326097,4.919947322209676,0.1625,0.2388888888888889,0.2847222222222222,0.10833333333333334,0.20555555555555555
454,720,0.015904216177202193,0.4567413147480271,1.0370268427512013,401,3.416244145202856e-05,0.010960766114294529,326817,4.930578037103017,0.1638888888888889,0.29583333333333334,0.24027777777777778,0.1375,0.1625
455,720,0.015759487809989654,0.287979212023021,0.622517916436587,334,3.6754367766257525e-05,0.011423042044043541,327537,4.942192717393239,0.1388888888888889,0.28888888888888886,0.21805555555555556,0.2222222222222222,0.13194444444444445
456,720,0.015616076470918748,0.5229491611527501,1.1873683643738984,399,3.600126476675946e-05,0.010831661522388458,328257,4.954358784357707,0.14166666666666666,0.18611111111111112,0.21388888888888888,0.1986111111111111,0.25972222222222224
457,720,0.015473970175033387,0.051510863228493714,0.23677954891114328,301,3.521179077981489e-05,0.01094731129705906,328977,4.965731505552927,0.09444444444444444,0.225,0.32916666666666666,0.2625,0.08888888888888889
458,720,0.015333157046440584,0.02631063721876664,0.19251036697036383,274,3.663758203755505e-05,0.011325404047966003,329697,4.977933716773987,0.11944444444444445,0.18611111111111112,0.2513888888888889,0.275,0.16805555555555557
459,720,0.015193625317317975,0.3453768120475702,0.8388250576778586,432,3.5285508615364355e-05,0.01043942105025053,330417,4.9891153335571286,0.12222222222222222,0.2152777777777778,0.21944444444444444,0.2388888888888889,0.20416666666666666
460,720,0.01505536332693038,0.42018220369352516,0.9826457769322661,402,3.721092105277219e-05,0.010973845608532429,331137,5.000022252400716,0.16666666666666666,0.25277777777777777,0.23472222222222222,0.14166666666666666,0.20416666666666666
461,720,0.014918359520655315,0.08444570534650699,0.24850358895426616,248,3.510811876594744e-05,0.011228209361433983,331857,5.019819104671479,0.08611111111111111,0.29305555555555557,0.30833333333333335,0.2263888888888889,0.08611111111111111
462,720,0.014782602449017352,0.8531225584133487,2.031697089931961,376,3.885300939714398e-05,0.011824789457023144,332577,5.030962018171946,0.19166666666666668,0.1736111111111111,0.19583333333333333,0.2569444444444444,0.18194444444444444
463,720,0.014648080766731294,0.3055501529752913,0.8386841004577521,437,3.8533223700672656e-05,0.011651577427983284,333297,5.042488869031271,0.2013888888888889,0.16527777777777777,0.2222222222222222,0.19583333333333333,0.2152777777777778
464,720,0.01451478323175404,0.47515909780055876,1.0624799084064498,387,3.9815120001346964e-05,0.012056886218488216,334017,5.054464070002238,0.16527777777777777,0.19444444444444445,0.21388888888888888,0.20694444444444443,0.21944444444444444
465,720,0.014382698704345078,-0.043987335194981235,0.11964611295850092,269,4.0710961244864544e-05,0.012142948806285858,334737,5.066908919811249,0.11527777777777778,0.2722222222222222,0.2111111111111111,0.25277777777777777,0.1486111111111111
466,720,0.014251816146135538,0.33172075448889,0.7095338901334862,321,3.857995954932549e-05,0.012234194204211235,335457,5.077020021279653,0.13194444444444445,0.1986111111111111,0.17222222222222222,0.2222222222222222,0.275
467,720,0.014122124619205706,0.6589515988951274,1.545816946023716,420,3.766485358988171e-05,0.012269771657884121,336177,5.08741203546524,0.175,0.15,0.3236111111111111,0.14444444444444443,0.20694444444444443
468,720,0.013993613285170934,0.3569929480400936,0.8570569470214637,395,4.0906193098382774e-05,0.012680398300290108,336897,5.09927541812261,0.18472222222222223,0.19305555555555556,0.17083333333333334,0.22916666666666666,0.2222222222222222
469,720,0.013866271404275878,0.4326608692729228,1.0085455823315508,410,3.9198666476952186e-05,0.012791499495506287,337617,5.1140741348266605,0.18055555555555555,0.21944444444444444,0.1763888888888889,0.16944444444444445,0.25416666666666665
470,720,0.013740088334496968,0.2160137631949612,0.4806982442794143,300,3.940429899734631e-05,0.013443387113511562,338337,5.1265801350275675,0.11666666666666667,0.22083333333333333,0.29583333333333334,0.16805555555555557,0.1986111111111111
471,720,0.013615053530653046,0.030727887330885953,0.29560515522318953,359,3.6727670935003216e-05,0.012876851484179497,339057,5.14536163409551,0.15,0.2152777777777778,0.19583333333333333,0.18333333333333332,0.25555555555555554
472,720,0.013491156543524103,0.1890394978779494,0.5477302422627264,366,3.582584084193109e-05,0.012216087430715561,339777,5.15576708316803,0.3375,0.2,0.15694444444444444,0.12638888888888888,0.17916666666666667
473,720,0.013368387018978033,0.03247416445830645,0.28495559901991063,375,3.5784357722453325e-05,0.012417294085025787,340497,5.165657484531403,0.13055555555555556,0.30416666666666664,0.21388888888888888,0.1875,0.1638888888888889
474,720,0.013246734697105333,0.057334945418101066,0.3402215624651941,369,3.882017996753954e-05,0.012699938379228115,341217,5.177275268236796,0.19166666666666668,0.2111111111111111,0.21388888888888888,0.18055555555555555,0.20277777777777778
475,720,0.013126189411361674,0.023628057901356053,0.3520582457939634,431,3.722715296008674e-05,0.012563267722725868,341937,5.1902133345603945,0.23472222222222222,0.20555555555555555,0.19444444444444445,0.14027777777777778,0.225
476,720,0.013006741087718283,0.09831754251504578,0.3375205210548151,356,3.659129546349504e-05,0.012081494554877281,342657,5.201245971520742,0.10833333333333334,0.2388888888888889,0.35,0.15,0.1527777777777778
477,720,0.012888379743820046,-0.19426363820346382,-0.018588697030525347,309,4.092722871796973e-05,0.012609442695975304,343377,5.2131402333577475,0.075,0.23194444444444445,0.22083333333333333,0.28888888888888886,0.18333333333333332
478,720,0.012771095488151283,0.27899267163461394,0.62172868795066,352,3.6370129547928326e-05,0.011846347711980343,344097,5.224370570977529,0.10277777777777777,0.31666666666666665,0.2222222222222222,0.18888888888888888,0.16944444444444445
479,720,0.012654878519209106,0.13590141588795915,0.5199104458035009,450,3.7528632367411775e-05,0.011918321251869202,344817,5.236184553305308,0.19027777777777777,0.2847222222222222,0.175,0.1736111111111111,0.1763888888888889
480,720,0.012539719124684302,0.05643474240105309,0.29037741119367055,368,3.845091660979152e-05,0.01211601123213768,345537,5.250025737285614,0.11944444444444445,0.2847222222222222,0.2638888888888889,0.20277777777777778,0.12916666666666668
481,720,0.012425607680649675,-3.302589148077256e-05,0.20468361717665973,340,3.8635074765301804e-05,0.011344606056809425,346257,5.269587818781535,0.11527777777777778,0.31666666666666665,0.2513888888888889,0.19722222222222222,0.11944444444444445
482,720,0.012312534650755763,0.5521403909726316,1.1806879294142005,388,3.553291961553542e-05,0.01185377687215805,346977,5.2808192332585655,0.16944444444444445,0.23194444444444445,0.25555555555555554,0.2111111111111111,0.13194444444444445
483,720,0.012200490585433887,0.5331877477471221,1.2016074391974723,371,3.8395297393536664e-05,0.012339327484369278,347697,5.2927295684814455,0.2513888888888889,0.16944444444444445,0.11666666666666667,0.18333333333333332,0.2791666666666667
484,720,0.01208946612110644,-0.10203685720928297,0.16819887872321537,405,3.982050580601835e-05,0.011725281365215778,348417,5.304367919762929,0.20416666666666666,0.22916666666666666,0.16944444444444445,0.18888888888888888,0.20833333333333334
485,720,0.01197945197940437,0.22376763356683316,0.5683398406717357,347,4.143487582142471e-05,0.012041207402944565,349137,5.315141518910726,0.17916666666666667,0.2263888888888889,0.16805555555555557,0.18194444444444444,0.24444444444444444
486,720,0.01187043896639179,0.6495653386906358,1.5512038318464056,444,4.123122392280089e-05,0.01222122274339199,349857,5.326405052344004,0.225,0.2375,0.18333333333333332,0.14583333333333334,0.20833333333333334
487,720,0.011762417971797624,0.37064160293013304,0.9540254985172101,471,3.79384674804189e-05,0.012080741114914417,350577,5.337324504057566,0.2263888888888889,0.23333333333333334,0.16805555555555557,0.17916666666666667,0.19305555555555556
488,720,0.011655379968254265,0.6713843896595907,1.5367516627958673,387,4.165609001726504e-05,0.012590768747031689,351297,5.348118750254313,0.22083333333333333,0.17222222222222222,0.19305555555555556,0.18472222222222223,0.22916666666666666
489,720,0.011549316010543152,0.7598855419754333,1.6963136949514817,373,3.8072424085713565e-05,0.012445840053260326,352017,5.358831099669138,0.21944444444444444,0.19166666666666668,0.20416666666666666,0.1597222222222222,0.225
490,720,0.011444217234847209,0.15136351172383603,0.4852951574404678,381,4.0520724428461105e-05,0.01292016077786684,352737,5.370007554690043,0.21944444444444444,0.19166666666666668,0.19305555555555556,0.19583333333333333,0.2
491,720,0.011340074858010099,0.21262612399150152,0.5206321308901081,332,4.1412795188635854e-05,0.012864632532000542,353457,5.391564337412516,0.17777777777777778,0.16805555555555557,0.18888888888888888,0.2611111111111111,0.20416666666666666
492,720,0.011236880176802208,0.2932348220722424,0.6917014913579247,381,4.1728841295530905e-05,0.013035488314926624,354177,5.402786334355672,0.20833333333333334,0.225,0.18888888888888888,0.18194444444444444,0.19583333333333333
493,720,0.011134624567193307,0.9155002026613034,2.393969575808783,410,4.00656963860355e-05,0.012919665314257145,354897,5.4136059006055195,0.2777777777777778,0.2111111111111111,0.12222222222222222,0.1361111111111111,0.25277777777777777
494,720,0.011033299483631848,-0.05788020252104542,0.17629515188330025,357,4.1473189634820705e-05,0.012845836579799652,355617,5.425428152084351,0.20416666666666666,0.2388888888888889,0.17916666666666667,0.2222222222222222,0.15555555555555556
495,720,0.010932896458330798,0.23717323046115563,0.5689760834606827,353,4.184773343796324e-05,0.012536341324448586,356337,5.437268133958181,0.20277777777777778,0.32083333333333336,0.15416666666666667,0.16527777777777777,0.15694444444444444
496,720,0.010833407100559987,-0.31986452453927516,-0.09729956477324297,362,3.980367577393433e-05,0.01257660798728466,357057,5.4495528856913245,0.14722222222222223,0.25833333333333336,0.24305555555555555,0.1875,0.1638888888888889
497,720,0.010734823095944892,0.43758808670393884,0.93980623011733,345,4.2440105155744986e-05,0.012765442952513695,357777,5.4618667205174765,0.20277777777777778,0.19722222222222222,0.16111111111111112,0.22083333333333333,0.21805555555555556
498,720,0.010637136205771794,0.14207088782258032,0.4195229831568117,330,4.2428553117840945e-05,0.012993955984711647,358497,5.4726164698600765,0.18055555555555555,0.24305555555555555,0.22777777777777777,0.1625,0.18611111111111112
499,720,0.01054033826629927,0.5150921533262387,1.2096677245118967,428,3.9836289109492405e-05,0.012722071260213852,359217,5.483846366405487,0.19444444444444445,0.2125,0.1736111111111111,0.20694444444444443,0.2125
500,720,0.010444421188075948,1.1504192203313437,3.13265153997607,395,3.94105743680484e-05,0.012583456933498383,359937,5.495380004247029,0.22083333333333333,0.2125,0.12777777777777777,0.20555555555555555,0.23333333333333334
501,720,0.010349376955264456,0.2127626073225782,0.6590789638327448,446,4.093126145916257e-05,0.011894400231540203,360657,5.5144287824630736,0.27361111111111114,0.24166666666666667,0.17916666666666667,0.11944444444444445,0.18611111111111112
502,720,0.01025519762497155,0.5836905299285933,1.331916659168137,383,4.303698184963246e-05,0.012696648016571999,361377,5.525797351201375,0.2652777777777778,0.23472222222222222,0.1625,0.1597222222222222,0.17777777777777778
503,720,0.010161875326584309,-0.11759892778833439,0.07293842075528945,317,4.5587180381466575e-05,0.012314822524785995,362097,5.537701733907064,0.125,0.21805555555555556,0.2513888888888889,0.24166666666666667,0.1638888888888889
504,720,0.010069402261112392,0.27229115015898675,0.6926428942521103,393,4.337545705084267e-05,0.012499659322202206,362817,5.549778219064077,0.24444444444444444,0.24583333333333332,0.15,0.18611111111111112,0.1736111111111111
505,720,0.01,0.11552149032666126,0.3768131132721586,355,4.199048785267223e-05,0.012504642829298973,363537,5.564206548531851,0.19305555555555556,0.2638888888888889,0.21805555555555556,0.21666666666666667,0.10833333333333334
506,720,0.01,0.4972217740903273,1.2099541618944496,408,4.147289446715755e-05,0.012828327715396881,364257,5.5763007521629335,0.33055555555555555,0.24722222222222223,0.10555555555555556,0.14027777777777778,0.1763888888888889
507,720,0.01,0.7391855209805023,1.6876992251120093,378,4.5820317762314113e-05,0.012599767185747623,364977,5.587797351678213,0.22361111111111112,0.2625,0.21805555555555556,0.12222222222222222,0.1736111111111111
508,720,0.01,0.025985753988094017,0.24574750328121064,330,4.2523120785315566e-05,0.012959923595190048,365697,5.599895385901133,0.17777777777777778,0.2833333333333333,0.24027777777777778,0.16666666666666666,0.13194444444444445
509,720,0.01,-0.017157287546916287,0.20905941271167872,335,4.399663369238422e-05,0.012846432626247406,366417,5.612104837099711,0.25,0.19027777777777777,0.16944444444444445,0.2,0.19027777777777777
510,720,0.01,0.23675321854939682,0.5531004425645558,328,4.354793068791373e-05,0.013255026191473007,367137,5.62394342025121,0.20277777777777778,0.2125,0.19444444444444445,0.20694444444444443,0.18333333333333332
511,720,0.01,0.10941422448012142,0.31773482978949996,283,4.3623227134680244e-05,0.012496189214289188,367857,5.643391235669454,0.1875,0.19305555555555556,0.22777777777777777,0.2722222222222222,0.11944444444444445
512,720,0.01,0.4238992525963201,1.0070164229109029,405,4.1292988277695665e-05,0.012810841202735901,368577,5.654828234513601,0.2388888888888889,0.24027777777777778,0.16111111111111112,0.15694444444444444,0.20277777777777778
513,720,0.01,0.31145751637822333,0.780612696116397,382,4.29126337356441e-05,0.012436551973223686,369297,5.666789217789968,0.31805555555555554,0.18194444444444444,0.14722222222222223,0.14166666666666666,0.2111111111111111
514,720,0.01,0.36667820057803463,0.9082339877154779,423,4.418556296109778e-05,0.012911333702504635,370017,5.678307716051737,0.23055555555555557,0.2569444444444444,0.1638888888888889,0.1527777777777778,0.19583333333333333
515,720,0.01,0.08528050219022647,0.3441750809627582,352,4.197484034244149e-05,0.012950576841831207,370737,5.689060568809509,0.1597222222222222,0.28194444444444444,0.18472222222222223,0.24444444444444444,0.12916666666666668
516,720,0.01,0.43652983390428385,0.9155979779281196,354,4.3323262668890394e-05,0.01256757415831089,371457,5.700879204273224,0.14027777777777778,0.2513888888888889,0.2361111111111111,0.2125,0.1597222222222222
517,720,0.01,0.5806130082623806,1.3434237669078426,408,4.285181143915098e-05,0.012375229969620705,372177,5.714150567849477,0.20555555555555555,0.20555555555555555,0.16666666666666666,0.18333333333333332,0.2388888888888889
518,720,0.01,0.5247933974785122,1.1620209245026136,381,4.18873783145399e-05,0.011988094076514244,372897,5.726777068773905,0.24583333333333332,0.21805555555555556,0.14722222222222223,0.16944444444444445,0.21944444444444444
519,720,0.01,0.15607349347462346,0.4352276725764572,323,4.165171625661262e-05,0.011987854726612568,373617,5.737692066033682,0.18194444444444444,0.33611111111111114,0.19444444444444445,0.125,0.1625
520,720,0.01,0.24411308027994155,0.6365871710191358,379,4.263980382827665e-05,0.012191809713840485,374337,5.7494651516278585,0.30277777777777776,0.23194444444444445,0.14722222222222223,0.13194444444444445,0.18611111111111112
521,720,0.01,0.07968411489311605,0.28297822672484285,285,4.23303224149802e-05,0.012806372717022896,375057,5.7683092713356015,0.20555555555555555,0.3486111111111111,0.2013888888888889,0.1486111111111111,0.09583333333333334
522,720,0.01,1.4342311193795294,4.580236278865939,421,4.4999089249763024e-05,0.012723165564239025,375777,5.780679468313853,0.19027777777777777,0.23472222222222222,0.18194444444444444,0.15138888888888888,0.24166666666666667
523,720,0.01,0.5344082095512526,1.2031941847912613,380,4.6176387949496224e-05,0.013454942032694817,376497,5.791781349976858,0.17222222222222222,0.19305555555555556,0.18888888888888888,0.16805555555555557,0.2777777777777778
524,720,0.01,0.28422982308100714,0.7748746896961851,434,4.365411962226062e-05,0.01374028529971838,377217,5.803701953093211,0.2,0.24027777777777778,0.19027777777777777,0.12638888888888888,0.24305555555555555
525,720,0.01,0.4931067365426898,1.0961592393444803,356,4.9030592919684246e-05,0.013720461167395115,377937,5.816032818953196,0.20416666666666666,0.21944444444444444,0.2013888888888889,0.15416666666666667,0.22083333333333333
526,720,0.01,0.5859749226638944,1.3221069059203114,373,4.530224607985171e-05,0.013750080019235611,378657,5.827785336971283,0.1736111111111111,0.3,0.2111111111111111,0.09722222222222222,0.21805555555555556
527,720,0.01,0.17426819471077196,0.49222485079165756,354,4.090229714266671e-05,0.014365451410412788,379377,5.839730954170227,0.1638888888888889,0.3111111111111111,0.23055555555555557,0.13333333333333333,0.16111111111111112
528,720,0.01,0.19298041435669913,0.4575113322729836,319,4.301545798423629e-05,0.013406941667199135,380097,5.85205618540446,0.24444444444444444,0.2777777777777778,0.1763888888888889,0.16111111111111112,0.14027777777777778
529,720,0.01,-0.1012936659482162,0.07487710493284849,292,4.7374005237088565e-05,0.013559291139245033,380817,5.864319070180257,0.12638888888888888,0.25,0.19027777777777777,0.2513888888888889,0.18194444444444444
530,720,0.01,-0.1401986106110317,-0.006427862943457319,254,4.790687243156652e-05,0.013277065008878708,381537,5.87472890218099,0.13194444444444445,0.18472222222222223,0.4013888888888889,0.20416666666666666,0.07777777777777778
531,720,0.01,0.5601190713750951,1.2707702051664156,381,4.666529089894943e-05,0.013161330483853817,382257,5.895065152645111,0.15138888888888888,0.25555555555555554,0.2361111111111111,0.11944444444444445,0.2375
532,720,0.01,-0.019142104818886715,0.1262098670674079,243,4.7200290194066634e-05,0.013629033230245113,382977,5.9063965996106464,0.18472222222222223,0.2569444444444444,0.3277777777777778,0.15416666666666667,0.0763888888888889
533,720,0.01,0.43873770745668295,0.9782996387718961,384,4.382284092356612e-05,0.01368674822151661,383697,5.9192022999127705,0.2263888888888889,0.25833333333333336,0.175,0.16805555555555557,0.17222222222222222
534,720,0.01,0.01754855796029736,0.2732192783476748,377,4.393177399353792e-05,0.012767767533659935,384417,5.92972008784612,0.1638888888888889,0.29305555555555557,0.2111111111111111,0.14166666666666666,0.19027777777777777
535,720,0.01,0.00810855846270049,0.19256751491984447,291,4.31656000071396e-05,0.012760413810610771,385137,5.942110033830007,0.21805555555555556,0.23333333333333334,0.2777777777777778,0.1527777777777778,0.11805555555555555
536,720,0.01,0.2599077448628357,0.6493936654019314,381,4.647136571646924e-05,0.013271382078528404,385857,5.952796252568563,0.16805555555555557,0.3236111111111111,0.1625,0.14027777777777778,0.20555555555555555
537,720,0.01,0.22598536507579944,0.6417050478370885,418,4.373491998042785e-05,0.012791717424988747,386577,5.964638304710388,0.19027777777777777,0.23333333333333334,0.1527777777777778,0.2152777777777778,0.20833333333333334
538,720,0.01,0.07395876389241166,0.23270231540362962,239,4.183423976403194e-05,0.013131946325302124,387297,5.977152951558431,0.16666666666666666,0.2222222222222222,0.36527777777777776,0.1625,0.08333333333333333
539,720,0.01,0.05076488003111596,0.23740306370270492,272,3.980941678744582e-05,0.013083282858133316,388017,5.9888334512710575,0.18472222222222223,0.19583333333333333,0.3597222222222222,0.1763888888888889,0.08333333333333333
540,720,0.01,0.015873655787418575,0.22277596580001857,311,4.012314973857024e-05,0.012727899476885796,388737,6.001368534564972,0.14027777777777778,0.2763888888888889,0.30972222222222223,0.14166666666666666,0.13194444444444445
541,720,0.01,-0.017566054543364934,0.16991833292730507,309,4.0347864813207305e-05,0.012448031455278397,389457,6.019860951105754,0.16111111111111112,0.2986111111111111,0.26944444444444443,0.14722222222222223,0.12361111111111112
542,720,0.01,0.17915355060819013,0.44325871097711755,316,4.151053807769737e-05,0.011752309277653694,390177,6.031267801920573,0.1111111111111111,0.26805555555555555,0.36944444444444446,0.11666666666666667,0.13472222222222222
543,720,0.01,0.3316726248756342,0.789028302828332,387,3.979551895428004e-05,0.012217353098094463,390897,6.041608234246572,0.2722222222222222,0.21388888888888888,0.1361111111111111,0.15138888888888888,0.2263888888888889
544,720,0.01,0.4197825704044604,0.9392136782179372,353,4.13546498824265e-05,0.011864544823765755,391617,6.051403252283732,0.25416666666666665,0.2972222222222222,0.13055555555555556,0.12638888888888888,0.19166666666666668
545,720,0.01,0.35118310557664,0.7819051582968586,350,4.463123087564074e-05,0.012331558391451836,392337,6.061267304420471,0.20277777777777778,0.2708333333333333,0.1986111111111111,0.17222222222222222,0.15555555555555556
546,720,0.01,0.8936997700940843,2.306696881357012,431,4.536158212052517e-05,0.012928079813718796,393057,6.071798201402029,0.24444444444444444,0.19305555555555556,0.14166666666666666,0.1736111111111111,0.24722222222222223
547,720,0.01,0.2459192191069888,0.6115061186090147,382,4.273671769144332e-05,0.011825980618596077,393777,6.082807632287343,0.17222222222222222,0.3638888888888889,0.15833333333333333,0.13055555555555556,0.175
548,720,0.01,0.062248395762145005,0.26870715751523133,297,4.687552613076049e-05,0.012406728230416775,394497,6.0944844047228495,0.1486111111111111,0.2638888888888889,0.2625,0.1986111111111111,0.12638888888888888
549,720,0.01,0.24358657329857472,0.6876492314368092,426,4.253629779340271e-05,0.01252762507647276,395217,6.10716860294342,0.2375,0.2861111111111111,0.15138888888888888,0.1388888888888889,0.18611111111111112
550,720,0.01,0.7709298398266621,1.8198391373403893,387,4.272883681500793e-05,0.01295231282711029,395937,6.119792453447977,0.2388888888888889,0.20416666666666666,0.16111111111111112,0.19166666666666668,0.20416666666666666
551,720,0.01,0.7940690505020649,1.979689351147413,429,4.359300700747958e-05,0.012740712612867355,396657,6.139753135045369,0.21388888888888888,0.22361111111111112,0.13194444444444445,0.15833333333333333,0.2722222222222222
552,720,0.01,0.14151779941714035,0.4183834383466427,342,4.267179748467243e-05,0.01298864558339119,397377,6.15203111966451,0.14305555555555555,0.30416666666666664,0.1986111111111111,0.22083333333333333,0.13333333333333333
553,720,0.01,0.43573054612608764,1.114314287805608,447,4.326943015687195e-05,0.013236491940915585,398097,6.166016821066538,0.22083333333333333,0.23333333333333334,0.1527777777777778,0.18055555555555555,0.2125
554,720,0.01,0.11863805733020258,0.4058443137222776,339,4.4857281193976125e-05,0.013090035878121853,398817,6.178153002262116,0.16527777777777777,0.3375,0.23194444444444445,0.0875,0.17777777777777778
555,720,0.01,0.33523564204533995,0.7784383398318002,380,4.192772024048786e-05,0.012390904128551483,399537,6.192603532473246,0.1388888888888889,0.3236111111111111,0.225,0.13194444444444445,0.18055555555555555
556,720,0.01,0.7788738715999954,1.8246200828281696,408,4.400974430862132e-05,0.012593714520335197,400257,6.208034420013428,0.14166666666666666,0.22361111111111112,0.25555555555555554,0.175,0.20416666666666666
557,720,0.01,-0.11984115443279199,0.029330762136801747,257,4.377440937130612e-05,0.012556630186736584,400977,6.220497731367747,0.13333333333333333,0.3625,0.2152777777777778,0.18194444444444444,0.10694444444444444
558,720,0.01,0.2723703740565998,0.5846607935648875,314,4.2885871897624385e-05,0.013009865768253803,401697,6.233519001801809,0.11805555555555555,0.18611111111111112,0.29444444444444445,0.18333333333333332,0.21805555555555556
559,720,0.01,0.012192081174289765,0.23021885096916317,333,3.89952192790588e-05,0.012448311783373356,402417,6.245006668567657,0.22083333333333333,0.2722222222222222,0.19583333333333333,0.1625,0.1486111111111111
560,720,0.01,0.14450957442070506,0.44955929306980424,389,4.123431086213714e-05,0.012552851811051369,403137,6.256739485263824,0.15694444444444444,0.22083333333333333,0.21805555555555556,0.21388888888888888,0.19027777777777777
561,720,0.01,0.24490307699201205,0.5910641625632105,370,4.150315212427813e-05,0.012471476569771767,403857,6.2768017689387,0.13472222222222222,0.2611111111111111,0.2652777777777778,0.1625,0.1763888888888889
562,720,0.01,1.2551833521183249,3.6028853281930635,387,4.026912227901549e-05,0.011854924261569977,404577,6.289762651920318,0.18472222222222223,0.24166666666666667,0.1736111111111111,0.15,0.25
563,720,0.01,0.10489263533183596,0.342310838875163,303,4.269525458716493e-05,0.011734666302800179,405297,6.301840233802795,0.14444444444444443,0.29583333333333334,0.2361111111111111,0.0875,0.2361111111111111
564,720,0.01,-0.0374734554534198,0.1694418042094894,326,4.0902865729700956e-05,0.012815553694963455,406017,6.313208699226379,0.1125,0.2763888888888889,0.1638888888888889,0.14027777777777778,0.30694444444444446
565,720,0.01,0.34034084483899857,0.7329771836550838,334,4.173707968170169e-05,0.012759974226355553,406737,6.325761318206787,0.09722222222222222,0.2652777777777778,0.18611111111111112,0.17083333333333334,0.28055555555555556
566,720,0.01,0.7664632752926692,1.7911767337764974,388,3.95132025384252e-05,0.013054849579930305,407457,6.33764416774114,0.20694444444444443,0.24027777777777778,0.1763888888888889,0.15,0.2263888888888889
567,720,0.01,-0.10274264600665038,0.03796010964765317,265,4.058173208376401e-05,0.012621153146028519,408177,6.349666798114777,0.10138888888888889,0.3,0.24027777777777778,0.2,0.15833333333333333
568,720,0.01,0.35772509581173395,0.7695496794246495,355,3.872176383765691e-05,0.01295250840485096,408897,6.363397586345672,0.13055555555555556,0.2847222222222222,0.21805555555555556,0.16111111111111112,0.20555555555555555
569,720,0.01,0.6469498107331948,1.4252868613491474,380,4.342212974077281e-05,0.012451120652258396,409617,6.37635999917984,0.1527777777777778,0.2875,0.19027777777777777,0.1736111111111111,0.19583333333333333
570,720,0.01,-0.1673023872984508,0.03997597580768475,340,4.052234061317803e-05,0.012932749465107918,410337,6.3890221357345585,0.16111111111111112,0.30694444444444446,0.25416666666666665,0.10138888888888889,0.1763888888888889
571,720,0.01,0.2425787854662999,0.569220164526941,315,3.9385615174422934e-05,0.01289429236203432,411057,6.410437552134196,0.16111111111111112,0.22777777777777777,0.21388888888888888,0.15416666666666667,0.24305555555555555
572,720,0.01,0.184039351270415,0.5535448990039356,408,3.839263909336902e-05,0.013445895165205002,411777,6.424187735716502,0.15138888888888888,0.24027777777777778,0.19305555555555556,0.1763888888888889,0.2388888888888889
573,720,0.01,0.07024350348049796,0.41586903768046657,401,4.1888378531338174e-05,0.013164632022380829,412497,6.436493869622549,0.20416666666666666,0.2569444444444444,0.18333333333333332,0.12361111111111112,0.23194444444444445
574,720,0.01,-0.08089004181856924,0.21970613670958117,438,3.865796227021039e-05,0.01300261914730072,413217,6.450526801745097,0.17222222222222222,0.2847222222222222,0.19027777777777777,0.12361111111111112,0.22916666666666666
575,720,0.01,0.20651613130054203,0.6120652667135877,407,4.110730960620559e-05,0.01233447715640068,413937,6.464081887404124,0.22777777777777777,0.2625,0.15833333333333333,0.11666666666666667,0.23472222222222222
576,720,0.01,-0.0758128059382098,0.07700839620360767,260,3.900870201694791e-05,0.012412864714860916,414657,6.477473469575246,0.08611111111111111,0.2708333333333333,0.17916666666666667,0.2,0.2638888888888889
577,720,0.01,0.1348373046007089,0.5080799789233597,425,3.792969112813201e-05,0.012928180396556854,415377,6.490710751215617,0.19027777777777777,0.2625,0.19722222222222222,0.1527777777777778,0.19722222222222222
578,720,0.01,0.22778424187059532,0.5500454326219633,372,3.9853011055078646e-05,0.013170434162020683,416097,6.504564634958903,0.08611111111111111,0.30416666666666664,0.2263888888888889,0.19166666666666668,0.19166666666666668
579,720,0.01,0.07592321990744347,0.35448758926697943,386,3.968747395472544e-05,0.013384262099862099,416817,6.517549602190654,0.11805555555555555,0.2611111111111111,0.2708333333333333,0.1763888888888889,0.1736111111111111
580,720,0.01,0.5497386299373851,1.250694037892282,400,4.191782513518976e-05,0.013067008927464485,417537,6.531334066390992,0.13055555555555556,0.20416666666666666,0.24444444444444444,0.16805555555555557,0.25277777777777777
581,720,0.01,0.7018851197856112,1.6628184240866433,424,3.855424412475056e-05,0.012039178051054478,418257,6.55418658653895,0.16944444444444445,0.2652777777777778,0.15694444444444444,0.17083333333333334,0.2375
582,720,0.01,0.4384961217286295,0.9837641419465617,385,3.8850127557705286e-05,0.012666599825024605,418977,6.567862951755524,0.15138888888888888,0.3013888888888889,0.175,0.1527777777777778,0.21944444444444444
583,720,0.01,0.19537335836513015,0.5153150306461101,361,4.316059098907014e-05,0.01255575567483902,419697,6.57981698513031,0.2125,0.25277777777777777,0.26666666666666666,0.11944444444444445,0.1486111111111111
584,720,0.01,0.7291392455226678,1.6701622691358042,401,3.999267178566394e-05,0.012878043577075005,420417,6.5937058885892235,0.14305555555555555,0.2222222222222222,0.2263888888888889,0.17777777777777778,0.23055555555555557
585,720,0.01,0.22585673633299422,0.47713844981014253,296,4.0418156618216014e-05,0.012187909334897995,421137,6.605031168460846,0.12222222222222222,0.375,0.2638888888888889,0.12361111111111112,0.11527777777777778
586,720,0.01,0.2363706478159909,0.5509546550399511,336,3.63699736251672e-05,0.011745249852538109,421857,6.623986053466797,0.14444444444444443,0.2902777777777778,0.16527777777777777,0.1638888888888889,0.2361111111111111
587,720,0.01,0.5432187413758117,1.2394241151800691,404,4.020874457890184e-05,0.012117096222937107,422577,6.639585816860199,0.20416666666666666,0.30277777777777776,0.16666666666666666,0.12916666666666668,0.19722222222222222
588,720,0.01,0.10250150369022933,0.4035454557087279,381,3.7747267862818667e-05,0.011563706211745739,423297,6.658585818608602,0.14305555555555555,0.30833333333333335,0.2625,0.10555555555555556,0.18055555555555555
589,720,0.01,-0.03957078066486467,0.19116190239707342,343,4.327034120403065e-05,0.012487152591347694,424017,6.680381166934967,0.14444444444444443,0.35833333333333334,0.12638888888888888,0.24166666666666667,0.12916666666666668
590,720,0.01,0.5930738339075307,1.337480953489059,393,3.732928602175889e-05,0.01175743155181408,424737,6.696108118693034,0.13472222222222222,0.3388888888888889,0.14444444444444443,0.11527777777777778,0.26666666666666666
591,720,0.01,0.057234540021206155,0.293995269070239,355,3.99365090755863e-05,0.011649501509964466,425457,6.726828368504842,0.15,0.2791666666666667,0.29305555555555557,0.13472222222222222,0.14305555555555555
592,720,0.01,0.06802081998837707,0.34718983606429976,389,3.331108373458846e-05,0.012022005394101143,426177,6.742565453052521,0.14166666666666666,0.30694444444444446,0.23055555555555557,0.19583333333333333,0.125
593,720,0.01,0.30661184486038134,0.788025332758459,440,3.616531698627215e-05,0.01191697083413601,426897,6.761987336476644,0.1361111111111111,0.2916666666666667,0.19305555555555556,0.1625,0.21666666666666667
594,720,0.01,0.470732009960183,1.0948501219093014,408,3.500756401359063e-05,0.01176397129893303,427617,6.78535749912262,0.175,0.275,0.1361111111111111,0.1763888888888889,0.2375
595,720,0.01,0.1814484735869608,0.3756804392012918,255,3.570238893265317e-05,0.012123508378863335,428337,6.8208795865376795,0.09305555555555556,0.4638888888888889,0.17083333333333334,0.17916666666666667,0.09305555555555556
596,720,0.01,0.16021133685470446,0.3732927686340597,266,3.703801974981818e-05,0.012481393292546272,429057,6.879012354214987,0.07777777777777778,0.45,0.1986111111111111,0.15555555555555556,0.11805555555555555
597,720,0.01,0.27640850392741456,0.6526970082236359,367,3.5478016157715805e-05,0.012042377144098282,429777,6.895795516173044,0.1527777777777778,0.275,0.25555555555555554,0.15416666666666667,0.1625
598,720,0.01,0.21468287885960366,0.5545449697595362,382,3.918454428660173e-05,0.011883294209837914,430497,6.913228869438171,0.1375,0.30416666666666664,0.21666666666666667,0.1736111111111111,0.16805555555555557
599,720,0.01,0.639298542665376,1.492530707319367,411,3.8914631458434695e-05,0.011552505195140839,431217,6.925712434450785,0.16805555555555557,0.22777777777777777,0.1625,0.1986111111111111,0.24305555555555555
600,720,0.01,0.6056594654327965,1.4082719700284123,415,3.998742224540466e-05,0.013168181292712688,431937,6.941630820433299,0.14166666666666666,0.24583333333333332,0.19305555555555556,0.1736111111111111,0.24583333333333332
601,720,0.01,0.1817590594029003,0.5492315896633535,409,3.993082085950543e-05,0.012972241267561913,432657,6.966929916540781,0.175,0.23194444444444445,0.2152777777777778,0.15138888888888888,0.2263888888888889
602,720,0.01,0.19785218188541087,0.5088566549772902,348,4.343846522184928e-05,0.012919729575514793,433377,6.97914453347524,0.11527777777777778,0.2972222222222222,0.18472222222222223,0.2,0.20277777777777778
603,720,0.01,0.2087430666460772,0.5472715146743585,379,3.980539561957307e-05,0.012698072008788586,434097,6.991656804084778,0.12777777777777777,0.28888888888888886,0.2361111111111111,0.13055555555555556,0.21666666666666667
604,720,0.01,0.12255475901494081,0.3778919503278837,336,4.345722264184183e-05,0.012685123831033707,434817,7.003177301088969,0.16111111111111112,0.22361111111111112,0.2861111111111111,0.18888888888888888,0.14027777777777778
605,720,0.01,0.3044831968610213,0.6388310230569576,341,3.887912615962503e-05,0.01219349168241024,435537,7.016152787208557,0.13194444444444445,0.24861111111111112,0.2625,0.1986111111111111,0.15833333333333333
606,720,0.01,0.5904773919658665,1.2818291770742283,374,3.825377426286044e-05,0.012193846516311169,436257,7.028875235716502,0.2361111111111111,0.25972222222222224,0.2611111111111111,0.07222222222222222,0.17083333333333334
607,720,0.01,0.5334857937177985,1.2411425296649932,434,3.9491662657079964e-05,0.012707816436886787,436977,7.0409399509429935,0.1986111111111111,0.2638888888888889,0.21666666666666667,0.13194444444444445,0.18888888888888888
608,720,0.01,0.34883080262021743,0.8754165647627585,420,3.946806262244233e-05,0.012518391013145447,437697,7.054625384012858,0.17222222222222222,0.25833333333333336,0.18194444444444444,0.15833333333333333,0.22916666666666666
609,720,0.01,0.6658049524989912,1.4683624436641702,393,3.94465288347116e-05,0.012762444093823433,438417,7.069102319081624,0.10416666666666667,0.1527777777777778,0.23055555555555557,0.21805555555555556,0.29444444444444445
610,720,0.01,0.06550381539297763,0.2573468362729767,277,3.8782573638703374e-05,0.01236436516046524,439137,7.082085367043813,0.1638888888888889,0.2833333333333333,0.25833333333333336,0.13333333333333333,0.16111111111111112
611,720,0.01,0.03536143019427612,0.2273549788380782,285,3.861396083948421e-05,0.012159275822341442,439857,7.104486433664958,0.14583333333333334,0.2763888888888889,0.26944444444444443,0.15694444444444444,0.15138888888888888
612,720,0.01,0.4302172723798929,1.0579642630745067,451,3.852818386778583e-05,0.011955718509852886,440577,7.1180018862088525,0.18333333333333332,0.3680555555555556,0.13333333333333333,0.14583333333333334,0.16944444444444445
613,720,0.01,-0.05299565890830634,0.16795498227642103,331,3.7639056650580945e-05,0.012843838892877102,441297,7.1288359522819515,0.18194444444444444,0.32222222222222224,0.1736111111111111,0.1527777777777778,0.16944444444444445
614,720,0.01,0.22573393445035947,0.6156444776654053,396,3.738465373872815e-05,0.01245991699397564,442017,7.139305885632833,0.12222222222222222,0.28194444444444444,0.2111111111111111,0.18333333333333332,0.2013888888888889
615,720,0.01,0.35919559759678565,0.7314264348659583,332,3.925999694097805e-05,0.012929013930261135,442737,7.150607168674469,0.10277777777777777,0.2861111111111111,0.35,0.14583333333333334,0.11527777777777778
616,720,0.01,0.1266729197044557,0.37221046777130096,332,4.1859169454659824e-05,0.012459561228752136,443457,7.161869668960572,0.12222222222222222,0.26805555555555555,0.2722222222222222,0.11388888888888889,0.22361111111111112
617,720,0.01,-0.12784094192435125,0.0643976561450863,332,3.8394533315669023e-05,0.011951550841331482,444177,7.176446600755056,0.09861111111111111,0.35694444444444445,0.2638888888888889,0.10138888888888889,0.17916666666666667
618,720,0.01,0.34430353568463223,0.7719019818761244,360,3.9641574407293474e-05,0.012184860184788704,444897,7.18866898616155,0.16111111111111112,0.24027777777777778,0.22361111111111112,0.16666666666666666,0.20833333333333334
619,720,0.01,0.7986151194924362,1.8622702953440236,382,3.922946671461129e-05,0.012573941610753536,445617,7.200579885641734,0.14027777777777778,0.2263888888888889,0.2,0.18472222222222223,0.24861111111111112
620,720,0.01,0.5074101255547215,1.1900187940612645,427,3.969946218249889e-05,0.011999523267149925,446337,7.213799985249837,0.16111111111111112,0.2361111111111111,0.18333333333333332,0.175,0.24444444444444444
621,720,0.01,0.6928134093836467,1.5736198488146163,424,3.5934130600404994e-05,0.011985464952886105,447057,7.234504735469818,0.15,0.2861111111111111,0.18333333333333332,0.20277777777777778,0.17777777777777778
622,720,0.01,0.5104936506126855,1.2478937138833306,456,4.0972447008395346e-05,0.011819256469607353,447777,7.246068068345388,0.17222222222222222,0.2722222222222222,0.19583333333333333,0.16805555555555557,0.19166666666666668
623,720,0.01,0.1714797118245793,0.5581196034884279,419,3.934573941124755e-05,0.012515157461166382,448497,7.258786833286285,0.1736111111111111,0.24305555555555555,0.15138888888888888,0.19444444444444445,0.2375
624,720,0.01,0.16986241328933996,0.4082705810153002,297,4.399208314112002e-05,0.012639151886105537,449217,7.27141938606898,0.13333333333333333,0.3763888888888889,0.18472222222222223,0.14444444444444443,0.16111111111111112
625,720,0.01,0.10266271174309635,0.4400282216200164,407,4.029050001640321e-05,0.012341242283582687,449937,7.283687353134155,0.19722222222222222,0.2833333333333333,0.2125,0.1361111111111111,0.17083333333333334
626,720,0.01,0.09689553868690448,0.3111381000230802,317,3.6915140825991935e-05,0.012042898684740067,450657,7.297700870037079,0.09444444444444444,0.3111111111111111,0.2902777777777778,0.1527777777777778,0.15138888888888888
627,720,0.01,0.15251396345705828,0.48886481946210214,402,3.8504537235439785e-05,0.012379088439047337,451377,7.312606616814931,0.12916666666666668,0.2388888888888889,0.2375,0.20972222222222223,0.18472222222222223
628,720,0.01,0.11740776954878142,0.44760109560392625,399,3.8846299214077994e-05,0.01253223791718483,452097,7.324564468860626,0.17222222222222222,0.2652777777777778,0.175,0.22777777777777777,0.1597222222222222
629,720,0.01,0.5238249250309134,1.1778211946728887,402,3.658003273332926e-05,0.012238187715411186,452817,7.339101334412892,0.17916666666666667,0.2833333333333333,0.24583333333333332,0.13194444444444445,0.1597222222222222
630,720,0.01,0.15220653481465818,0.45274741823539766,364,3.6520958714289816e-05,0.012011977843940258,453537,7.350789936383565,0.22361111111111112,0.2972222222222222,0.1986111111111111,0.14444444444444443,0.1361111111111111
631,720,0.01,0.15935700559341362,0.3998386858554568,295,3.887313094234438e-05,0.012335723266005516,454257,7.372857050100962,0.09722222222222222,0.24444444444444444,0.325,0.18472222222222223,0.1486111111111111
632,720,0.01,0.08093454964276327,0.30399750432673533,304,3.962100794423249e-05,0.012068066745996475,454977,7.384995166460673,0.22916666666666666,0.2972222222222222,0.2722222222222222,0.09722222222222222,0.10416666666666667
633,720,0.01,0.5890733538672177,1.3556656792340909,399,3.8791714036455636e-05,0.012070717290043831,455697,7.3962207992871605,0.1597222222222222,0.26666666666666666,0.19027777777777777,0.1736111111111111,0.20972222222222223
634,720,0.01,0.3410744079942457,0.7024602453061584,313,3.878696107904034e-05,0.01220041885972023,456417,7.4078713178634645,0.08194444444444444,0.36944444444444446,0.29444444444444445,0.08611111111111111,0.16805555555555557
635,720,0.01,0.2424441378512568,0.5561178124797694,319,3.780694808028784e-05,0.012387978844344616,457137,7.420337915420532,0.20972222222222223,0.2833333333333333,0.24027777777777778,0.11944444444444445,0.14722222222222223
636,720,0.01,0.9107184853722647,2.325827400383283,432,3.84864029317416e-05,0.01254335232079029,457857,7.431799248854319,0.18888888888888888,0.2861111111111111,0.1736111111111111,0.1375,0.21388888888888888
637,720,0.01,0.11324710518715857,0.424751062086248,391,3.803974926894524e-05,0.012505557388067245,458577,7.442938152949015,0.1736111111111111,0.25972222222222224,0.2638888888888889,0.125,0.17777777777777778
638,720,0.01,-0.018255050023458022,0.25012675475418855,374,3.720722637328638e-05,0.013214084319770336,459297,7.453508969148,0.25833333333333336,0.2152777777777778,0.26944444444444443,0.08888888888888889,0.16805555555555557
639,720,0.01,0.14620578951903968,0.43757230207338305,367,3.778788805498657e-05,0.012783586978912354,460017,7.466157404581706,0.1625,0.25972222222222224,0.24305555555555555,0.20277777777777778,0.13194444444444445
640,720,0.01,0.044896430263176884,0.31902975239598597,388,3.8612084837394734e-05,0.012927096337080002,460737,7.477025802930196,0.13472222222222222,0.30277777777777776,0.24722222222222223,0.15555555555555556,0.1597222222222222
641,720,0.01,0.4610520859394645,1.0371506390610117,392,3.969927147914455e-05,0.013155520893633366,461457,7.497053937117259,0.18333333333333332,0.29444444444444445,0.20833333333333334,0.12777777777777777,0.18611111111111112
642,720,0.01,0.5050010742889658,1.0807971683174897,388,3.81715566037302e-05,0.012812100350856781,462177,7.507633435726166,0.12361111111111112,0.26805555555555555,0.2847222222222222,0.1625,0.16111111111111112
643,720,0.01,0.47422661827466445,1.0651990587880151,398,3.838144499721036e-05,0.012824335135519505,462897,7.519771985212961,0.15694444444444444,0.26805555555555555,0.18611111111111112,0.14027777777777778,0.24861111111111112
644,720,0.01,0.5531120649093293,1.2673507170274863,407,3.996927717303657e-05,0.01274733617901802,463617,7.534274439016978,0.21666666666666667,0.33055555555555555,0.1736111111111111,0.10277777777777777,0.1763888888888889
645,720,0.01,0.21184579512040908,0.6037518574205449,409,3.950098359332009e-05,0.013205870985984802,464337,7.54560440381368,0.15416666666666667,0.24861111111111112,0.25972222222222224,0.15416666666666667,0.18333333333333332
646,720,0.01,0.3233935269053353,0.6953573200513237,345,3.9494176847812116e-05,0.012548020109534264,465057,7.55584671497345,0.14583333333333334,0.29583333333333334,0.3055555555555556,0.13194444444444445,0.12083333333333333
647,720,0.01,0.3505332343641448,0.8529579134018455,419,3.871881491098369e-05,0.011982269585132599,465777,7.567187384764353,0.19722222222222222,0.32222222222222224,0.20694444444444443,0.12222222222222222,0.15138888888888888
648,720,0.01,0.17844636151937304,0.5180799742113342,394,3.819054591013406e-05,0.012796795926988125,466497,7.579404286543528,0.15555555555555556,0.28055555555555556,0.21388888888888888,0.17083333333333334,0.17916666666666667
649,720,0.01,0.5736403430011264,1.2075655405555379,340,4.2512699464067635e-05,0.013146016746759415,467217,7.592226151625315,0.23333333333333334,0.27361111111111114,0.24861111111111112,0.0763888888888889,0.16805555555555557
650,720,0.01,0.29966557153036166,0.7729867813383693,437,4.086315941549401e-05,0.01305217482149601,467937,7.6056252519289655,0.1986111111111111,0.3263888888888889,0.225,0.1125,0.1375
651,720,0.01,0.16685116519643614,0.49011182160199973,347,4.6302292879671665e-05,0.012743018567562103,468657,7.625460418065389,0.2222222222222222,0.2777777777777778,0.16666666666666666,0.12361111111111112,0.20972222222222223
652,720,0.01,0.5457651599951195,1.1984776861217679,361,4.057960236170604e-05,0.012562812305986881,469377,7.636233401298523,0.2763888888888889,0.23472222222222222,0.18194444444444444,0.13194444444444445,0.175
653,720,0.01,0.9266262677504506,2.387615453199846,437,3.717812279041431e-05,0.012347943149507046,470097,7.650494766235352,0.20277777777777778,0.3125,0.15138888888888888,0.10833333333333334,0.225
654,720,0.01,0.9254033058310783,2.3015871448322107,416,3.940087160824785e-05,0.011826969683170319,470817,7.667278802394867,0.19027777777777777,0.2722222222222222,0.20416666666666666,0.14583333333333334,0.1875
655,720,0.01,0.12060570992465572,0.3094480465644778,277,3.9517771277688656e-05,0.011901548132300377,471537,7.679050620396932,0.05694444444444444,0.3013888888888889,0.35833333333333334,0.14583333333333334,0.1375
656,720,0.01,0.2188469210674355,0.5393294831626028,347,3.827523593397725e-05,0.012185025960206985,472257,7.6931386351585385,0.14722222222222223,0.3388888888888889,0.225,0.13472222222222222,0.15416666666666667
657,720,0.01,0.4017783789935522,0.8856609178446728,397,3.7862917457055624e-05,0.01241665706038475,472977,7.704878354072571,0.1111111111111111,0.3125,0.29444444444444445,0.10555555555555556,0.1763888888888889
658,720,0.01,0.21062259972197095,0.5838721863832488,379,4.19312341187429e-05,0.01331181637942791,473697,7.716811366875967,0.1527777777777778,0.21805555555555556,0.1597222222222222,0.18472222222222223,0.2847222222222222
659,720,0.01,0.5346623868259449,1.194956847380078,391,4.3683008190479695e-05,0.013470078818500042,474417,7.730276004473368,0.16805555555555557,0.2986111111111111,0.17222222222222222,0.15416666666666667,0.20694444444444443
660,720,0.01,-0.041544930286448824,0.23980619086732813,413,4.5285682857512354e-05,0.013290874660015106,475137,7.741645952065785,0.18194444444444444,0.23194444444444445,0.20277777777777778,0.18611111111111112,0.19722222222222222
661,720,0.01,0.4443953782121007,1.1020128343411102,438,4.014845788889134e-05,0.012746807187795639,475857,7.761702152093251,0.1638888888888889,0.3194444444444444,0.14722222222222223,0.14583333333333334,0.22361111111111112
662,720,0.01,0.809165884928576,1.8861282121767857,408,4.155684506865024e-05,0.013251635245978832,476577,7.77284406820933,0.13055555555555556,0.2375,0.24027777777777778,0.1597222222222222,0.23194444444444445
663,720,0.01,0.7546952576039896,1.8883784584194174,451,4.1418598673064684e-05,0.01312571857124567,477297,7.783581821123759,0.19722222222222222,0.2861111111111111,0.16805555555555557,0.13472222222222222,0.21388888888888888
664,720,0.01,0.07673248259887974,0.2598371701828779,264,3.9081291576318714e-05,0.012706873938441277,478017,7.795213150978088,0.08055555555555556,0.2791666666666667,0.2625,0.2375,0.14027777777777778
665,720,0.01,0.057759551882003844,0.294674810302312,365,4.6412745077380654e-05,0.013161584734916687,478737,7.807068022092183,0.10833333333333334,0.25277777777777777,0.33055555555555555,0.17222222222222222,0.1361111111111111
666,720,0.01,-0.1950736631149436,0.04778282553891633,385,5.052955780355559e-05,0.013667266815900803,479457,7.818357785542806,0.14166666666666666,0.2513888888888889,0.2388888888888889,0.14444444444444443,0.22361111111111112
667,720,0.01,0.9026225438451221,2.292418969970452,424,4.180511009382018e-05,0.013340523466467857,480177,7.831390651067098,0.23055555555555557,0.26666666666666666,0.18472222222222223,0.1527777777777778,0.16527777777777777
668,720,0.01,0.7374089258282929,1.748097697171206,405,4.6148327348621225e-05,0.013134122826159,480897,7.8436944882074995,0.175,0.21805555555555556,0.1527777777777778,0.2,0.25416666666666665
669,720,0.01,-0.22427686151591672,-0.016636913696097322,349,4.3419184333338814e-05,0.013037268072366714,481617,7.8554663022359215,0.16111111111111112,0.39444444444444443,0.13333333333333333,0.175,0.1361111111111111
670,720,0.01,0.11753050703768299,0.40885949324288196,370,4.245493469675744e-05,0.013161545619368553,482337,7.867697203159333,0.14722222222222223,0.26666666666666666,0.2,0.225,0.16111111111111112
671,720,0.01,0.10528885715001593,0.3559995493088153,342,4.142080313790252e-05,0.013361063785851002,483057,7.888904384771982,0.08333333333333333,0.2902777777777778,0.20277777777777778,0.2388888888888889,0.18472222222222223
672,720,0.01,0.7693691138185487,1.7783830278365307,404,4.130524772057874e-05,0.012632755562663078,483777,7.900018568833669,0.1986111111111111,0.2638888888888889,0.19166666666666668,0.17222222222222222,0.1736111111111111
673,720,0.01,0.21436740933355328,0.5894172018666828,421,4.2521976844353855e-05,0.012628564611077309,484497,7.912254671255748,0.18194444444444444,0.30972222222222223,0.1875,0.16111111111111112,0.1597222222222222
674,720,0.01,-0.05349637054122586,0.17175617705822166,345,4.2515163584590076e-05,0.012557677924633026,485217,7.924032119909922,0.1388888888888889,0.325,0.25555555555555554,0.1388888888888889,0.14166666666666666
675,720,0.01,0.09773561504075336,0.35626637916955395,368,3.952849954455612e-05,0.012742700055241585,485937,7.936189285914103,0.13472222222222222,0.31666666666666665,0.2763888888888889,0.16944444444444445,0.10277777777777777
676,720,0.01,-0.021554029406446403,0.23669929363139164,383,3.880447443281001e-05,0.012695644050836563,486657,7.948746299743652,0.13194444444444445,0.30416666666666664,0.17777777777777778,0.2125,0.1736111111111111
677,720,0.01,0.494101807711124,1.16593428267758,461,3.7433488120718215e-05,0.012169565074145794,487377,7.961397699515024,0.13194444444444445,0.30416666666666664,0.1625,0.22083333333333333,0.18055555555555555
678,720,0.01,0.6268389430382534,1.3310969319525285,371,3.5907359289113726e-05,0.01219894178211689,488097,7.972943818569183,0.14027777777777778,0.3347222222222222,0.1763888888888889,0.16944444444444445,0.17916666666666667
679,720,0.01,-0.011078048357814521,0.20673932765122105,333,3.5544375435215946e-05,0.011965506710112095,488817,7.983839738368988,0.1361111111111111,0.25277777777777777,0.14305555555555555,0.3,0.16805555555555557
680,720,0.01,0.6723773555191573,1.6172583943241752,451,3.6184099552530015e-05,0.012007065117359161,489537,7.995322255293528,0.18194444444444444,0.2847222222222222,0.1875,0.15833333333333333,0.1875
681,720,0.01,-0.13561006080216356,0.06437730625088878,352,3.687111459385051e-05,0.011705897748470306,490257,8.015666238466899,0.11527777777777778,0.325,0.20833333333333334,0.21805555555555556,0.13333333333333333
682,720,0.01,0.7886281436324613,1.93770347052295,435,3.92545152269324e-05,0.01197560504078865,490977,8.026454786459604,0.1486111111111111,0.34305555555555556,0.14722222222222223,0.1638888888888889,0.19722222222222222
683,720,0.01,0.14359040267366027,0.46241678984630563,371,3.768304494921419e-05,0.01182495430111885,491697,8.038986285527548,0.18055555555555555,0.24305555555555555,0.2388888888888889,0.175,0.1625
684,720,0.01,0.0856629472698514,0.324007268455617,349,4.129499985007594e-05,0.012445064261555672,492417,8.052175116539,0.09583333333333334,0.29305555555555557,0.20416666666666666,0.2916666666666667,0.11527777777777778
685,720,0.01,0.3733321855273891,0.7794995721357865,329,3.8919796274209754e-05,0.012202424928545952,493137,8.065571618080138,0.09583333333333334,0.28194444444444444,0.1986111111111111,0.1736111111111111,0.25
686,720,0.01,0.7282968677318614,1.6546076546082586,396,4.469702641800824e-05,0.012507283128798008,493857,8.078083487351735,0.2,0.33611111111111114,0.12083333333333333,0.18472222222222223,0.15833333333333333
687,720,0.01,0.7345199829568925,1.6865826159008015,414,4.118180816274414e-05,0.01267675869166851,494577,8.090234100818634,0.15138888888888888,0.3194444444444444,0.18194444444444444,0.14583333333333334,0.2013888888888889
688,720,0.01,-0.01676483940143422,0.21316804930197808,336,3.8421826767868574e-05,0.012249704450368881,495297,8.102421621481577,0.1638888888888889,0.3347222222222222,0.15138888888888888,0.15694444444444444,0.19305555555555556
689,720,0.01,-0.24385740951704613,-0.04003399779489858,347,4.137831900076587e-05,0.01219505537301302,496017,8.118656500180562,0.14583333333333334,0.2569444444444444,0.20277777777777778,0.2125,0.18194444444444444
690,720,0.01,-0.1805510723582325,0.03323941258127161,372,3.931528188129758e-05,0.012410098686814308,496737,8.130151267846426,0.1527777777777778,0.3861111111111111,0.16111111111111112,0.1375,0.1625
691,720,0.01,0.2688016300677908,0.6393529643722962,385,3.6460733888866846e-05,0.012368162162601948,497457,8.150758250554402,0.125,0.4,0.17222222222222222,0.15694444444444444,0.14583333333333334
692,720,0.01,0.22116760147820225,0.5764375741616847,380,3.920387940626016e-05,0.012638590298593044,498177,8.160417520999909,0.15,0.37777777777777777,0.16944444444444445,0.1486111111111111,0.15416666666666667
693,720,0.01,0.15435758604359398,0.4489767041868833,345,3.7519223253133934e-05,0.012656735256314278,498897,8.171611034870148,0.14722222222222223,0.2708333333333333,0.16527777777777777,0.24305555555555555,0.1736111111111111
694,720,0.01,0.3951015581636439,0.8577230258668411,378,4.079553137772665e-05,0.013050049543380737,499617,8.182152235507965,0.10833333333333334,0.3527777777777778,0.25416666666666665,0.11944444444444445,0.16527777777777777
695,720,0.01,0.20081626807745534,0.43199169376394053,290,3.888438237330168e-05,0.012799577787518501,500337,8.192989420890807,0.0763888888888889,0.39444444444444443,0.25833333333333336,0.10555555555555556,0.16527777777777777
696,720,0.01,0.03524867111183996,0.2766617599193366,335,3.76365133598079e-05,0.013364281505346298,501057,8.203519237041473,0.1388888888888889,0.3347222222222222,0.2013888888888889,0.1875,0.1375
697,720,0.01,-0.09112483797897869,0.10835303588607914,342,3.7016010509205444e-05,0.012817511335015297,501777,8.216455952326458,0.08888888888888889,0.35138888888888886,0.19166666666666668,0.20833333333333334,0.1597222222222222
698,720,0.01,0.3273772055567164,0.6814007160035898,330,3.845513815450532e-05,0.012362776324152946,502497,8.228581603368124,0.08472222222222223,0.32916666666666666,0.23472222222222222,0.16666666666666666,0.18472222222222223
699,720,0.01,0.543872094337403,1.2498692295727687,408,4.124895212448286e-05,0.012849623337388039,503217,8.23897155125936,0.13055555555555556,0.31805555555555554,0.15833333333333333,0.1388888888888889,0.25416666666666665
700,720,0.01,0.04762031266643891,0.229823068963662,280,3.8763843672818945e-05,0.012415120378136635,503937,8.25247893333435,0.07916666666666666,0.24861111111111112,0.3333333333333333,0.20972222222222223,0.12916666666666668
701,720,0.01,0.35358390812754575,0.773728641758185,371,3.594730970032995e-05,0.011952660046517849,504657,8.274387319882711,0.14722222222222223,0.33611111111111114,0.18472222222222223,0.19166666666666668,0.14027777777777778
702,720,0.01,-0.07834336482063982,0.06519367296696466,248,3.877748616408401e-05,0.012312420643866062,505377,8.284581903616587,0.1125,0.3541666666666667,0.26944444444444443,0.12083333333333333,0.14305555555555555
703,720,0.01,0.48270382475836154,1.0672181710825233,376,3.471893527754825e-05,0.012281701900064945,506097,8.295255037148793,0.14583333333333334,0.3263888888888889,0.18472222222222223,0.1527777777777778,0.19027777777777777
704,720,0.01,0.011195500472899685,0.18880131420907342,308,4.015400696112515e-05,0.012953300029039383,506817,8.306037735939025,0.07222222222222222,0.30694444444444446,0.2875,0.19305555555555556,0.14027777777777778
705,720,0.01,0.12127076303227133,0.328128439717549,303,3.716177437051253e-05,0.012854000553488731,507537,8.317188719908396,0.1125,0.38472222222222224,0.21944444444444444,0.17222222222222222,0.1111111111111111
706,720,0.01,0.07398073216540552,0.3270795916207503,365,3.7483068609213254e-05,0.013031412847340107,508257,8.330000984668732,0.12222222222222222,0.25833333333333336,0.2569444444444444,0.20277777777777778,0.1597222222222222
707,720,0.01,0.922308385194656,2.316992122896392,400,3.991439485338965e-05,0.013238887302577496,508977,8.342078785101572,0.20277777777777778,0.25416666666666665,0.16944444444444445,0.12361111111111112,0.25
708,720,0.01,0.6095523683836194,1.2101322787658426,317,4.119534328689648e-05,0.013239381834864616,509697,8.354560784498851,0.09444444444444444,0.35833333333333334,0.17916666666666667,0.2013888888888889,0.16666666666666666
709,720,0.01,0.6128237128304848,1.2940612371361926,362,3.978073505979612e-05,0.013604402542114258,510417,8.36617165406545,0.1638888888888889,0.2902777777777778,0.1638888888888889,0.18055555555555555,0.2013888888888889
710,720,0.01,0.5040270069201513,1.1324616292841978,396,3.8416814351825854e-05,0.013066229410469532,511137,8.377908984820047,0.12222222222222222,0.3416666666666667,0.14166666666666666,0.13055555555555556,0.2638888888888889
711,720,0.01,0.825836151015781,1.990935309461182,414,3.6666391003513534e-05,0.012301993556320667,511857,8.399480470021565,0.16944444444444445,0.2833333333333333,0.16805555555555557,0.19166666666666668,0.1875
712,720,0.01,0.11228474619653951,0.3672271984959725,345,3.6623104353515776e-05,0.01232762262225151,512577,8.41283171971639,0.14722222222222223,0.38055555555555554,0.21805555555555556,0.12777777777777777,0.12638888888888888
713,720,0.01,0.2025353230907571,0.5976524340465708,428,3.647358841665967e-05,0.012380633503198624,513297,8.424725019931794,0.13472222222222222,0.37222222222222223,0.15555555555555556,0.14722222222222223,0.19027777777777777
714,720,0.01,0.17218594877155274,0.5709585096493575,442,3.937196964519292e-05,0.012183518148958683,514017,8.436567850907643,0.1763888888888889,0.3194444444444444,0.17777777777777778,0.14305555555555555,0.18333333333333332
715,720,0.01,0.49688907816554456,1.0645020889066172,383,3.719006688495736e-05,0.01228831522166729,514737,8.447228554884592,0.11944444444444445,0.29444444444444445,0.3138888888888889,0.1111111111111111,0.16111111111111112
716,720,0.01,0.9090286740986114,2.2675114610454923,432,3.4448921511890754e-05,0.011833764612674713,515457,8.458675583203634,0.1736111111111111,0.3277777777777778,0.19722222222222222,0.1388888888888889,0.1625
717,720,0.01,-0.17769094941267793,-0.04011418990486604,289,3.4901214617851414e-05,0.011468052864074707,516177,8.469645969072978,0.08611111111111111,0.33194444444444443,0.34444444444444444,0.19166666666666668,0.04583333333333333
718,720,0.01,0.3104186937370926,0.671411858878947,361,3.72893741655389e-05,0.011118238791823387,516897,8.48146811723709,0.1361111111111111,0.40555555555555556,0.15416666666666667,0.18055555555555555,0.12361111111111112
719,720,0.01,0.32460032995718446,0.7042077329025305,354,3.6934476930936295e-05,0.011423125863075256,517617,8.49180781841278,0.12638888888888888,0.3763888888888889,0.14583333333333334,0.18611111111111112,0.16527777777777777
720,720,0.01,-0.05884064794832454,0.14328917812893227,349,3.471875877494313e-05,0.011326553300023079,518337,8.502988398075104,0.08333333333333333,0.35833333333333334,0.2638888888888889,0.1375,0.15694444444444444
721,720,0.01,0.31259883787451276,0.6186603098278294,308,3.408109920681252e-05,0.011025620624423027,519057,8.523154401779175,0.10833333333333334,0.3472222222222222,0.24027777777777778,0.14027777777777778,0.1638888888888889
722,720,0.01,0.261459993430971,0.5530333110648944,335,3.3088228305031305e-05,0.011347442865371704,519777,8.534766451517742,0.09027777777777778,0.30972222222222223,0.2972222222222222,0.17777777777777778,0.125
723,720,0.01,-0.10933921178802261,0.04358383886409056,294,3.459410865187035e-05,0.011614588089287281,520497,8.547622668743134,0.08611111111111111,0.43194444444444446,0.22361111111111112,0.15,0.10833333333333334
724,720,0.01,0.33485772920929613,0.7680154965770276,400,3.34190650145653e-05,0.011431168764829636,521217,8.560561215877533,0.11388888888888889,0.3,0.24722222222222223,0.1625,0.1763888888888889
725,720,0.01,0.18678147823334046,0.49747667995232314,373,3.3249633097259194e-05,0.011607488617300987,521937,8.571772984663646,0.09583333333333334,0.2638888888888889,0.25416666666666665,0.1763888888888889,0.20972222222222223
726,720,0.01,0.22062542665008822,0.517213496794314,339,3.17834466121288e-05,0.011735424399375916,522657,8.583871901035309,0.10138888888888889,0.35555555555555557,0.3138888888888889,0.0625,0.16666666666666666
727,720,0.01,0.2125300288803911,0.4744426129975847,313,3.296973480044269e-05,0.011971062049269676,523377,8.596380686759948,0.09444444444444444,0.3263888888888889,0.20694444444444443,0.20833333333333334,0.1638888888888889
728,720,0.01,-0.10804460195929355,0.060197697745479894,296,3.366713409478608e-05,0.011654932051897049,524097,8.606774135430653,0.08194444444444444,0.3819444444444444,0.2125,0.20555555555555555,0.11805555555555555
729,720,0.01,0.3207089262454566,0.6277666570310398,296,3.155572423073257e-05,0.011473268270492554,524817,8.617632019519807,0.07083333333333333,0.26805555555555555,0.32083333333333336,0.1763888888888889,0.1638888888888889
730,720,0.01,0.8682466162309289,2.0229906300253138,383,3.17673022727326e-05,0.012082396075129509,525537,8.628829717636108,0.11527777777777778,0.3194444444444444,0.19027777777777777,0.175,0.2
731,720,0.01,0.8030747744535229,1.9730096041063865,411,3.353354050356453e-05,0.012585554271936417,526257,8.651293035348257,0.18055555555555555,0.21666666666666667,0.2013888888888889,0.13055555555555556,0.2708333333333333
732,720,0.01,0.6441844925810085,1.4514617825696572,402,3.398240453533516e-05,0.011920584365725517,526977,8.662500635782878,0.12361111111111112,0.2625,0.2111111111111111,0.21666666666666667,0.18611111111111112
733,720,0.01,0.6009818714356119,1.3267719351944893,391,3.307241964749766e-05,0.012048106640577316,527697,8.673551885286967,0.11944444444444445,0.4027777777777778,0.17222222222222222,0.125,0.18055555555555555
734,720,0.01,0.8497628864356997,2.0748708071339643,399,3.658501131490589e-05,0.012375857681035995,528417,8.68467166821162,0.1638888888888889,0.30972222222222223,0.1597222222222222,0.16805555555555557,0.1986111111111111
735,720,0.01,0.4197660297823087,0.9803350147891647,419,3.6512250094094474e-05,0.011948492377996445,529137,8.696751483281453,0.09722222222222222,0.3194444444444444,0.21388888888888888,0.16666666666666666,0.20277777777777778
736,720,0.01,0.5886968588986647,1.3506616903838249,415,3.75496249325301e-05,0.012074592523276806,529857,8.707855586210886,0.14305555555555555,0.25416666666666665,0.2152777777777778,0.19722222222222222,0.19027777777777777
737,720,0.01,0.6987098208716674,1.5823757817935182,418,3.6794145053894074e-05,0.012028014287352562,530577,8.71851978302002,0.12083333333333333,0.3055555555555556,0.17222222222222222,0.19305555555555556,0.20833333333333334
738,720,0.01,0.7243821624875768,1.6009640440793116,400,3.364257380237884e-05,0.01223703846335411,531297,8.728817451000214,0.09583333333333334,0.3333333333333333,0.23194444444444445,0.1625,0.1763888888888889
739,720,0.01,0.18621450173476423,0.5360504845558947,403,3.51969361234852e-05,0.011723615229129791,532017,8.739478536446889,0.12777777777777777,0.30694444444444446,0.2722222222222222,0.14166666666666666,0.15138888888888888
740,720,0.01,-0.11936109285101436,0.1231518751228895,382,3.520628419993146e-05,0.011850778944790363,532737,8.752225335439046,0.1,0.33194444444444443,0.20416666666666666,0.14722222222222223,0.21666666666666667
741,720,0.01,0.11411599567659085,0.4026537746893477,374,3.7264515674451105e-05,0.012441111728549004,533457,8.771955402692159,0.12777777777777777,0.33055555555555555,0.2708333333333333,0.11527777777777778,0.15555555555555556
742,720,0.01,0.8944888965807041,2.238916617525387,443,3.668830755840544e-05,0.012845289893448353,534177,8.784505633513133,0.17083333333333334,0.27361111111111114,0.20277777777777778,0.1375,0.2152777777777778
743,720,0.01,0.6711311752619441,1.5552017293173552,398,3.7544874365064765e-05,0.01299908384680748,534897,8.795326685905456,0.175,0.2972222222222222,0.13055555555555556,0.15833333333333333,0.2388888888888889
744,720,0.01,0.6717150044846865,1.4582875864543188,378,3.410339299989573e-05,0.012447439134120941,535617,8.807804600397747,0.1361111111111111,0.35,0.2263888888888889,0.10833333333333334,0.17916666666666667
745,720,0.01,0.32708553275794117,0.6834336261878848,339,3.505376978157276e-05,0.012015393003821373,536337,8.81980562210083,0.10694444444444444,0.41388888888888886,0.17777777777777778,0.14027777777777778,0.16111111111111112
746,720,0.01,0.037143504057302455,0.26635602435568884,359,3.495389589968707e-05,0.012228831648826599,537057,8.833094251155853,0.11388888888888889,0.3611111111111111,0.22083333333333333,0.16527777777777777,0.1388888888888889
747,720,0.01,0.018384125399796215,0.16460750584662942,233,3.6594414047562575e-05,0.012291579507291317,537777,8.845316871007283,0.08333333333333333,0.4152777777777778,0.26666666666666666,0.175,0.059722222222222225
748,720,0.01,0.24588180748645921,0.628048091677454,398,3.5036750779858674e-05,0.011987886391580105,538497,8.856132320562999,0.1,0.33194444444444443,0.2513888888888889,0.12083333333333333,0.19583333333333333
749,720,0.01,0.3242067919418136,0.669804897804513,307,3.544666213125917e-05,0.012429185211658478,539217,8.867015369733174,0.075,0.3972222222222222,0.175,0.14305555555555555,0.20972222222222223
750,720,0.01,0.2153197712647076,0.5254962565650678,363,3.5459926596104194e-05,0.012002557516098022,539937,8.877442002296448,0.11666666666666667,0.35,0.2361111111111111,0.16666666666666666,0.13055555555555556
751,720,0.01,0.02447127531468444,0.18290263165394127,275,3.272206178116398e-05,0.011882147751748562,540657,8.89591372013092,0.07361111111111111,0.4375,0.19444444444444445,0.2375,0.05694444444444444
752,720,0.01,0.27603612432713354,0.6467211422575185,397,3.430590772824063e-05,0.011689790524542332,541377,8.906326599915822,0.10555555555555556,0.37222222222222223,0.275,0.1125,0.13472222222222222
753,720,0.01,0.5232457859990509,1.2529619799295761,454,3.5479531642421435e-05,0.012439442798495293,542097,8.917837285995484,0.14444444444444443,0.3013888888888889,0.2388888888888889,0.14027777777777778,0.175
754,720,0.01,0.21337636624164438,0.5134266223981068,336,3.369649491939223e-05,0.012580281123518944,542817,8.927917802333832,0.09305555555555556,0.38333333333333336,0.3,0.10555555555555556,0.11805555555555555
755,720,0.01,0.49957132223958195,1.0830253293522376,390,3.718742038295709e-05,0.01246150117367506,543537,8.939219717184702,0.11666666666666667,0.37916666666666665,0.21388888888888888,0.10277777777777777,0.1875
756,720,0.01,0.5437580475676435,1.253552922759818,438,4.0222826510216694e-05,0.012344734743237495,544257,8.949644136428834,0.14027777777777778,0.2916666666666667,0.25,0.11388888888888889,0.20416666666666666
757,720,0.01,0.7376123800269002,1.7541596807791602,435,3.907692221850488e-05,0.012135669589042664,544977,8.961929869651794,0.12777777777777777,0.32222222222222224,0.2152777777777778,0.12222222222222222,0.2125
758,720,0.01,0.05149475559887535,0.362736425219667,416,3.8497666460241616e-05,0.012789931148290634,545697,8.974473786354064,0.15694444444444444,0.35,0.225,0.12083333333333333,0.14722222222222223
759,720,0.01,0.4367721934027516,0.884235547219753,340,3.807422649010227e-05,0.012455206364393234,546417,8.985770483811697,0.10416666666666667,0.3388888888888889,0.2833333333333333,0.09583333333333334,0.17777777777777778
760,720,0.01,0.07164666950067719,0.20882240836705313,228,3.47600956615679e-05,0.012229222804307938,547137,8.99607495466868,0.07083333333333333,0.4125,0.33611111111111114,0.07916666666666666,0.10138888888888889
761,720,0.01,0.0949372899408591,0.432881268107949,430,3.6905161845071334e-05,0.012241573072969913,547857,9.015368636449178,0.16527777777777777,0.35555555555555557,0.20972222222222223,0.13333333333333333,0.1361111111111111
762,720,0.01,-0.03201865030602941,0.24076900124975942,402,3.661149533703186e-05,0.0126927699893713,548577,9.02637196779251,0.1527777777777778,0.3347222222222222,0.25416666666666665,0.11388888888888889,0.14444444444444443
763,720,0.01,0.3332905073348467,0.703253945861176,342,3.806611901306193e-05,0.011583758518099785,549297,9.04077841838201,0.10555555555555556,0.3527777777777778,0.21944444444444444,0.19583333333333333,0.12638888888888888
764,720,0.01,0.4094890327705711,0.8538026811732262,361,3.547216807141417e-05,0.012117056176066399,550017,9.0525053024292,0.09305555555555556,0.3111111111111111,0.2875,0.15833333333333333,0.15
765,720,0.01,0.6444005336140487,1.472304059912378,427,3.746964785401967e-05,0.012560050003230572,550737,9.064191687107087,0.11666666666666667,0.2708333333333333,0.26805555555555555,0.12638888888888888,0.21805555555555556
766,720,0.01,0.0718641022879961,0.3821138496237855,412,3.811340580707818e-05,0.01246446929872036,551457,9.075835486253103,0.19444444444444445,0.3375,0.225,0.09444444444444444,0.1486111111111111
767,720,0.01,0.25721509310707474,0.6043442291267058,387,3.8400346953595646e-05,0.012674671597778797,552177,9.087618621190389,0.1,0.30833333333333335,0.3138888888888889,0.1375,0.14027777777777778
768,720,0.01,0.4037379802498208,0.9425236539473936,436,3.867303588044201e-05,0.012189935892820358,552897,9.098796983559927,0.12222222222222222,0.33055555555555555,0.2638888888888889,0.12638888888888888,0.15694444444444444
769,720,0.01,0.07991059235261132,0.33297140899762345,363,3.951098829525613e-05,0.012427642941474915,553617,9.113768835862478,0.10138888888888889,0.3458333333333333,0.2791666666666667,0.11666666666666667,0.15694444444444444
770,720,0.01,0.7239878283628165,1.6764407362857061,400,3.547317969100226e-05,0.011731388047337532,554337,9.125143984953562,0.1486111111111111,0.34444444444444444,0.17916666666666667,0.13472222222222222,0.19305555555555556
771,720,0.01,0.1774710702541782,0.45932072448748174,346,3.622068743172551e-05,0.011968754231929779,555057,9.144656987984975,0.10416666666666667,0.35,0.2986111111111111,0.12083333333333333,0.12638888888888888
772,720,0.01,0.36628889655641045,0.776755408135924,361,3.711394936090073e-05,0.0116963442414999,555777,9.15504647095998,0.1375,0.36944444444444446,0.24722222222222223,0.08472222222222223,0.16111111111111112
773,720,0.01,0.07636513906379447,0.22766640918690606,258,3.6417073263490036e-05,0.011439444497227669,556497,9.164521233240764,0.04027777777777778,0.42916666666666664,0.325,0.12777777777777777,0.07777777777777778
774,720,0.01,0.22994272380708247,0.5233970215282115,365,3.925841197340358e-05,0.012049300596117973,557217,9.176115854581196,0.10694444444444444,0.3486111111111111,0.32222222222222224,0.11666666666666667,0.10555555555555556
775,720,0.01,0.6865392747826552,1.5194466013862882,410,3.600640538681748e-05,0.01130182296037674,557937,9.187330520153045,0.13333333333333333,0.37916666666666665,0.24166666666666667,0.1,0.14583333333333334
776,720,0.01,0.6069173292796209,1.3423795848895033,396,3.77733169102612e-05,0.012006130069494247,558657,9.197662949562073,0.14444444444444443,0.2861111111111111,0.2625,0.13472222222222222,0.17222222222222222
777,720,0.01,0.03347064500312695,0.24759867661101764,347,3.670207640816948e-05,0.012053858488798141,559377,9.207813835144043,0.10416666666666667,0.43472222222222223,0.28194444444444444,0.1,0.07916666666666666
778,720,0.01,0.8356213351315283,1.920110141123092,399,3.5968843990809144e-05,0.011440899223089218,560097,9.218601636091869,0.12083333333333333,0.3763888888888889,0.23472222222222222,0.1125,0.15555555555555556
779,720,0.01,0.1353395721743346,0.3523442556573655,319,3.731358903754275e-05,0.0116041898727417,560817,9.228882070382436,0.07777777777777778,0.2972222222222222,0.3861111111111111,0.17083333333333334,0.06805555555555555
780,720,0.01,0.4216190341728864,0.9403512903309861,387,3.697002803038332e-05,0.01153598539531231,561537,9.241416601339976,0.1388888888888889,0.39861111111111114,0.21666666666666667,0.09722222222222222,0.1486111111111111
781,720,0.01,-0.0011405706658837206,0.15212657380661954,294,3.80347722537206e-05,0.011717798188328743,562257,9.261488918463389,0.05,0.38472222222222224,0.33611111111111114,0.14583333333333334,0.08333333333333333
782,720,0.01,0.5429454441622117,1.1290916729897273,362,3.548803791141432e-05,0.012014206498861313,562977,9.271663204828899,0.09722222222222222,0.3680555555555556,0.29305555555555557,0.09166666666666666,0.15
783,720,0.01,-0.0151961500567708,0.189227396869037,336,3.48519260910507e-05,0.011573992669582367,563697,9.283937335014343,0.10416666666666667,0.31666666666666665,0.3277777777777778,0.13055555555555556,0.12083333333333333
784,720,0.01,0.43096091360790045,0.9605222926931687,398,3.716148827632221e-05,0.012414997443556786,564417,9.295031134287516,0.14305555555555555,0.39305555555555555,0.2222222222222222,0.09166666666666666,0.15
785,720,0.01,0.6704716922029175,1.5161292083832567,418,3.7730565712637243e-05,0.01167566329240799,565137,9.306625119845073,0.14027777777777778,0.32916666666666666,0.2388888888888889,0.12777777777777777,0.1638888888888889
786,720,0.01,0.0028009365805138934,0.240545170442781,349,3.726577299529607e-05,0.012100483290851116,565857,9.319427120685578,0.13472222222222222,0.4652777777777778,0.18333333333333332,0.07222222222222222,0.14444444444444443
787,720,0.01,0.5880525028993985,1.3456264355047578,414,3.7868317074046195e-05,0.01178285013884306,566577,9.332157385349273,0.13333333333333333,0.33055555555555555,0.20972222222222223,0.13472222222222222,0.19166666666666668
788,720,0.01,0.26596482826999746,0.5919581959785782,326,3.8821924503433064e-05,0.011896929703652859,567297,9.344594736893972,0.09583333333333334,0.4125,0.16666666666666666,0.175,0.15
789,720,0.01,0.23579690654160054,0.5331077838863136,343,3.522269246837418e-05,0.011596905067563057,568017,9.356217968463898,0.10555555555555556,0.32222222222222224,0.3375,0.12638888888888888,0.10833333333333334
790,720,0.01,0.7214205024044801,1.6522822675950661,411,3.41040066770246e-05,0.01141505315899849,568737,9.367338955402374,0.14027777777777778,0.3138888888888889,0.22361111111111112,0.14166666666666666,0.18055555555555555
791,720,0.01,-0.054303736272859615,0.11538123773981801,314,3.6181471563799685e-05,0.01138986088335514,569457,9.386820336182913,0.07777777777777778,0.3958333333333333,0.3125,0.13194444444444445,0.08194444444444444
792,720,0.01,0.447160548561096,0.9663136547773268,378,3.5968480916734636e-05,0.011921219527721405,570177,9.39744031826655,0.10416666666666667,0.3541666666666667,0.2625,0.11527777777777778,0.1638888888888889
793,720,0.01,-0.10299906124898348,0.07815466772735769,336,3.702777730470391e-05,0.01210706029087305,570897,9.407969435056051,0.075,0.29444444444444445,0.3972222222222222,0.11666666666666667,0.11666666666666667
794,720,0.01,0.4392397154960585,1.0441656589206687,448,3.5819040059297754e-05,0.011911025270819664,571617,9.41861693461736,0.13055555555555556,0.36527777777777776,0.20694444444444443,0.125,0.17222222222222222
795,720,0.01,0.5870853493733927,1.2672901443470437,374,3.823858256611048e-05,0.01190527155995369,572337,9.428566654523214,0.15,0.3680555555555556,0.20277777777777778,0.12222222222222222,0.15694444444444444
796,720,0.01,0.25340268155623197,0.49466586704177784,286,3.9439779381053896e-05,0.012189368717372417,573057,9.440918199221294,0.075,0.3458333333333333,0.3625,0.125,0.09166666666666666
797,720,0.01,0.6635748217452107,1.5435858101449869,423,4.0006378851052834e-05,0.012729967944324017,573777,9.451748784383138,0.11805555555555555,0.36944444444444446,0.20277777777777778,0.10277777777777777,0.20694444444444443
798,720,0.01,0.39504278513672864,0.8076773426797585,345,3.763432012217689e-05,0.012284329161047935,574497,9.462356932957967,0.08888888888888889,0.31527777777777777,0.30833333333333335,0.1111111111111111,0.1763888888888889
799,720,0.01,0.1325841292954886,0.319937159856152,264,3.769350541599831e-05,0.012396048754453659,575217,9.47265636920929,0.07777777777777778,0.3527777777777778,0.4027777777777778,0.10138888888888889,0.06527777777777778
800,720,0.01,0.8767067021582036,2.097844980465209,396,3.7645344674628075e-05,0.012757070362567902,575937,9.4821875055631,0.12638888888888888,0.35833333333333334,0.21388888888888888,0.09722222222222222,0.20416666666666666
801,720,0.01,0.03739029351906767,0.22647020720831468,314,3.513481309230176e-05,0.012372580356895924,576657,9.502604754765828,0.08611111111111111,0.30833333333333335,0.25833333333333336,0.24027777777777778,0.10694444444444444
802,720,0.01,0.9366593068510566,2.284318942003529,396,3.7448739923699274e-05,0.012811674736440182,577377,9.51407710313797,0.13194444444444445,0.2902777777777778,0.21805555555555556,0.14027777777777778,0.21944444444444444
803,720,0.01,-0.0949938814144371,0.1399747563237388,388,3.726317241709391e-05,0.012634596787393093,578097,9.523755784829458,0.1361111111111111,0.3277777777777778,0.21666666666666667,0.14444444444444443,0.175
804,720,0.01,0.6137815791550733,1.468304750454105,425,3.671993223027433e-05,0.012566969729959965,578817,9.536095635096233,0.1763888888888889,0.26805555555555555,0.1736111111111111,0.15138888888888888,0.23055555555555557
805,720,0.01,0.1030063186257071,0.3562944590364301,350,3.83329066873254e-05,0.012801938690245152,579537,9.548388850688934,0.10416666666666667,0.35694444444444445,0.3111111111111111,0.08888888888888889,0.1388888888888889
806,720,0.01,-0.09710734313949335,0.04800950641093027,281,3.8440993136469436e-05,0.012099302373826504,580257,9.560283688704173,0.06666666666666667,0.4305555555555556,0.26666666666666666,0.18333333333333332,0.05277777777777778
807,720,0.01,0.0874550723806311,0.2916946938685019,326,3.926640603013867e-05,0.012542298063635826,580977,9.571493403116863,0.08194444444444444,0.43333333333333335,0.275,0.09722222222222222,0.1125
808,720,0.01,0.41264972501589625,0.8499335601555453,349,3.657191171050221e-05,0.01231306605041027,581697,9.587306451797485,0.09861111111111111,0.3888888888888889,0.22361111111111112,0.12777777777777777,0.16111111111111112
809,720,0.01,0.1674221199464748,0.5059472767194826,403,3.6057415254870444e-05,0.011988582089543343,582417,9.600797919432322,0.125,0.4013888888888889,0.27361111111111114,0.06527777777777778,0.13472222222222222
810,720,0.01,0.15020452069992668,0.42897087978059933,369,3.6255536431579255e-05,0.011926120147109032,583137,9.616355534394582,0.125,0.38055555555555554,0.26666666666666666,0.10972222222222222,0.11805555555555555
811,720,0.01,0.36226499794724476,0.8171421104618999,372,3.557007582281181e-05,0.011940952390432358,583857,9.638190182050069,0.19722222222222222,0.3458333333333333,0.25833333333333336,0.059722222222222225,0.1388888888888889
812,720,0.01,0.5319649963437472,1.3916057358269236,489,3.607309109838752e-05,0.01211930438876152,584577,9.649469900131226,0.20694444444444443,0.28888888888888886,0.19583333333333333,0.11944444444444445,0.18888888888888888
813,720,0.01,-0.226866554244627,-0.052441454268883025,344,3.46161162774984e-05,0.012161074206233025,585297,9.66124758720398,0.09305555555555556,0.375,0.2972222222222222,0.14444444444444443,0.09027777777777778
814,720,0.01,0.7888482607871933,1.9003988464296264,444,3.461754341363606e-05,0.01161038875579834,586017,9.673879369099934,0.15138888888888888,0.3416666666666667,0.19027777777777777,0.11944444444444445,0.19722222222222222
815,720,0.01,0.5236199910594256,1.148177892724651,414,3.763491608626484e-05,0.011358648538589478,586737,9.684661384423574,0.09861111111111111,0.39305555555555555,0.24861111111111112,0.09305555555555556,0.16666666666666666
816,720,0.01,0.49128017996829965,1.1319353452335168,412,3.8333410035799416e-05,0.011569889262318611,587457,9.696270032723744,0.1597222222222222,0.3458333333333333,0.2375,0.08333333333333333,0.1736111111111111
817,720,0.01,0.1613376182531334,0.3844979988787267,296,3.886371871873153e-05,0.01232432946562767,588177,9.706565201282501,0.05416666666666667,0.2625,0.275,0.16666666666666666,0.24166666666666667
818,720,0.01,0.45651002868698437,1.0606264297509909,415,3.958916800254681e-05,0.012350847013294697,588897,9.716939334074656,0.14444444444444443,0.2722222222222222,0.22083333333333333,0.14305555555555555,0.21944444444444444
819,720,0.01,0.05671409704455309,0.27821439109260515,337,3.668881652427242e-05,0.011941258795559406,589617,9.72700028816859,0.08888888888888889,0.42916666666666664,0.2833333333333333,0.06527777777777778,0.13333333333333333
820,720,0.01,0.6855042518968719,1.5332530108975515,396,3.645341453446033e-05,0.012219151481986046,590337,9.73743676741918,0.13194444444444445,0.35138888888888886,0.18055555555555555,0.16666666666666666,0.16944444444444445
821,720,0.01,0.4735364347797576,1.0401767265787414,406,3.7707934337858103e-05,0.012358461506664753,591057,9.756121536095938,0.12916666666666668,0.4111111111111111,0.2013888888888889,0.09444444444444444,0.1638888888888889
822,720,0.01,0.6024056713384478,1.4124809825966644,461,3.758427135254452e-05,0.012299524620175362,591777,9.767953836917878,0.11527777777777778,0.35138888888888886,0.2125,0.12777777777777777,0.19305555555555556
823,720,0.01,0.050674414477778984,0.31314420047113933,355,3.480014261312034e-05,0.012167762964963913,592497,9.781619183222453,0.11666666666666667,0.39305555555555555,0.20277777777777778,0.1361111111111111,0.15138888888888888
824,720,0.01,0.5456924829418502,1.217637595132694,428,3.789125440284301e-05,0.012397968210279942,593217,9.793553952376048,0.11388888888888889,0.36666666666666664,0.2152777777777778,0.11666666666666667,0.1875
825,720,0.01,0.030290314082238146,0.23095502855065897,297,3.5519688159032135e-05,0.012792615219950676,593937,9.805449020862579,0.06111111111111111,0.30416666666666664,0.2569444444444444,0.1375,0.24027777777777778
826,720,0.01,0.2740880297428451,0.6550612707465155,390,3.838806305667377e-05,0.013006388209760189,594657,9.815585732460022,0.09861111111111111,0.3194444444444444,0.25833333333333336,0.1486111111111111,0.175
827,720,0.01,-0.17096134884063108,0.019985744440072173,340,3.541346588159892e-05,0.01285570953041315,595377,9.826743082205455,0.08333333333333333,0.4152777777777778,0.2388888888888889,0.1638888888888889,0.09861111111111111
828,720,0.01,0.030845952532660155,0.21603547000755174,287,3.570336083448132e-05,0.012189963832497597,596097,9.838243118921916,0.05694444444444444,0.4722222222222222,0.2902777777777778,0.08055555555555556,0.1
829,720,0.01,0.07819789993168877,0.3440640536508188,356,3.468162961376543e-05,0.012663796544075012,596817,9.849995470046997,0.14166666666666666,0.39305555555555555,0.16805555555555557,0.14027777777777778,0.15694444444444444
830,720,0.01,0.5845565883737122,1.3550373527282789,401,3.771729089218449e-05,0.012299217283725739,597537,9.860241369406383,0.2,0.35694444444444445,0.13333333333333333,0.10694444444444444,0.20277777777777778
831,720,0.01,0.5717688435890765,1.3484812522439613,445,3.675294647993926e-05,0.01283898763358593,598257,9.879953984419505,0.13194444444444445,0.3611111111111111,0.1875,0.1361111111111111,0.18333333333333332
832,720,0.01,0.29832451713772773,0.678792050330753,345,3.61430757032445e-05,0.012606731615960598,598977,9.890805272261302,0.1625,0.4361111111111111,0.17916666666666667,0.09027777777777778,0.13194444444444445
833,720,0.01,0.002154221961797826,0.24689220807317236,364,3.613683947176267e-05,0.012893669307231903,599697,9.900790671507517,0.12361111111111112,0.39861111111111114,0.1736111111111111,0.15833333333333333,0.14583333333333334
834,720,0.01,0.22662947183449253,0.5807184704819481,378,3.674269923281928e-05,0.012475898489356041,600417,9.912282832463582,0.11388888888888889,0.41388888888888886,0.18333333333333332,0.1388888888888889,0.15
835,720,0.01,0.3006717743370151,0.7885795803984486,435,3.519765344953561e-05,0.011647460050880909,601137,9.923298168182374,0.13472222222222222,0.3638888888888889,0.18194444444444444,0.11805555555555555,0.2013888888888889
836,720,0.01,0.07446399532450439,0.2910605279657257,344,3.711974440597664e-05,0.012050790712237358,601857,9.935451583067577,0.075,0.4111111111111111,0.2611111111111111,0.17083333333333334,0.08194444444444444
837,720,0.01,0.08830831983727203,0.38931152660393487,386,3.994773606639986e-05,0.012360580265522003,602577,9.948369336128234,0.10972222222222222,0.375,0.21805555555555556,0.11805555555555555,0.17916666666666667
838,720,0.01,0.10465682822061301,0.36978915730738393,347,3.8963654947110624e-05,0.012275069952011108,603297,9.959888152281444,0.11527777777777778,0.41944444444444445,0.16666666666666666,0.10416666666666667,0.19444444444444445
839,720,0.01,0.4684250810080366,0.9846152785218265,374,3.449773389674091e-05,0.011633668094873428,604017,9.97218199968338,0.10277777777777777,0.375,0.2569444444444444,0.10416666666666667,0.16111111111111112
840,720,0.01,0.8469531084897625,1.9563432274985484,381,3.254816493330913e-05,0.011493121273815632,604737,9.983929451306661,0.10416666666666667,0.4013888888888889,0.19305555555555556,0.13333333333333333,0.16805555555555557
841,720,0.01,0.054176319531936926,0.30300914890228303,381,3.411201591411049e-05,0.011616850271821022,605457,10.00397508541743,0.07361111111111111,0.45555555555555555,0.20972222222222223,0.125,0.1361111111111111
842,720,0.01,0.31353829622673685,0.8180932666493903,438,3.60145747821308e-05,0.01245628111064434,606177,10.01477418343226,0.12916666666666668,0.3055555555555556,0.2222222222222222,0.13472222222222222,0.20833333333333334
843,720,0.01,0.3481387004634332,0.8853975498932183,449,3.509042974580249e-05,0.012109115719795227,606897,10.027476418018342,0.15138888888888888,0.3236111111111111,0.18888888888888888,0.1388888888888889,0.19722222222222222
844,720,0.01,0.03723919991353472,0.31882237719009665,404,3.319019129814175e-05,0.011720962822437286,607617,10.039466567834218,0.10277777777777777,0.4236111111111111,0.1986111111111111,0.11527777777777778,0.1597222222222222
845,720,0.01,-0.0347420847197855,0.19095786900949796,376,3.2530188323991955e-05,0.01175800058990717,608337,10.050578439235688,0.08611111111111111,0.43333333333333335,0.23472222222222222,0.1361111111111111,0.10972222222222222
846,720,0.01,0.2907012581544723,0.7414206718329766,443,3.2776812729353976e-05,0.011665512807667255,609057,10.061417738596598,0.14166666666666666,0.36527777777777776,0.20416666666666666,0.1375,0.15138888888888888
847,720,0.01,0.09259142006653058,0.3107394191391981,315,3.748016143466278e-05,0.011780375614762306,609777,10.073512236277262,0.05277777777777778,0.375,0.2361111111111111,0.20277777777777778,0.13333333333333333
848,720,0.01,0.5553900978144554,1.405216926970076,484,3.593255516105071e-05,0.011835268698632717,610497,10.083871666590372,0.1375,0.29305555555555557,0.22916666666666666,0.13333333333333333,0.20694444444444443
849,720,0.01,0.8376719255595537,2.1070444153442986,454,3.82410227542904e-05,0.012475300580263138,611217,10.094611469904581,0.14166666666666666,0.3597222222222222,0.17777777777777778,0.14166666666666666,0.17916666666666667
850,720,0.01,0.1700885829753153,0.45293926352600655,382,3.7645997393080205e-05,0.012280591763556004,611937,10.107290804386139,0.075,0.35,0.2625,0.19305555555555556,0.11944444444444445
851,720,0.01,0.004630614997289442,0.23198983590143207,364,3.533439859400763e-05,0.012098010629415512,612657,10.130339670181275,0.08472222222222223,0.41805555555555557,0.20555555555555555,0.16944444444444445,0.12222222222222222
852,720,0.01,0.3396679683101857,0.749653849894607,369,3.3746045813940225e-05,0.011433251202106476,613377,10.14208027124405,0.09027777777777778,0.4,0.19027777777777777,0.1375,0.18194444444444444
853,720,0.01,0.21923012792063232,0.6499254876959364,453,3.545097907817762e-05,0.012061823159456253,614097,10.154982566833496,0.1527777777777778,0.3277777777777778,0.2361111111111111,0.12777777777777777,0.15555555555555556
854,720,0.01,0.6850938880213041,1.6982242946987252,475,3.639543551672533e-05,0.012187330052256584,614817,10.166173533598583,0.13472222222222222,0.2972222222222222,0.2125,0.12916666666666668,0.2263888888888889
855,720,0.01,0.19871050343941976,0.520000256243498,386,3.614273485999951e-05,0.011977408081293106,615537,10.176656750837962,0.09027777777777778,0.3194444444444444,0.2638888888888889,0.1986111111111111,0.12777777777777777
856,720,0.01,0.5779876986490823,1.2648028170359296,389,3.5581247594665104e-05,0.012210860848426819,616257,10.18855345249176,0.12916666666666668,0.375,0.20416666666666666,0.11805555555555555,0.1736111111111111
857,720,0.01,0.2271913011941001,0.5678281241096599,382,3.5285046658373175e-05,0.011981622315943241,616977,10.201735850175222,0.12777777777777777,0.3625,0.2625,0.10694444444444444,0.14027777777777778
858,720,0.01,0.40501072963662055,0.9640540494430458,449,3.453410423743561e-05,0.01136830449104309,617697,10.213915419578552,0.12083333333333333,0.35,0.20555555555555555,0.17777777777777778,0.14583333333333334
859,720,0.01,0.17484193166094236,0.43740863248792183,342,3.2593432257499445e-05,0.011234918609261513,618417,10.226814452807108,0.05555555555555555,0.28888888888888886,0.3,0.20833333333333334,0.14722222222222223
860,720,0.01,0.2903472976283712,0.6316590146802992,348,3.531780163257281e-05,0.011717816814780235,619137,10.23846892118454,0.0875,0.3055555555555556,0.225,0.25416666666666665,0.12777777777777777
861,720,0.01,0.42418826739873183,1.045594113597872,442,3.8435099445956034e-05,0.01242905855178833,619857,10.258391952514648,0.1736111111111111,0.3236111111111111,0.16111111111111112,0.11944444444444445,0.2222222222222222
862,720,0.01,0.5175643941667396,1.2295826024570244,447,4.052534616347556e-05,0.012760596349835396,620577,10.26957733631134,0.14444444444444443,0.3333333333333333,0.20555555555555555,0.13472222222222222,0.18194444444444444
863,720,0.01,-0.06578935863090672,0.1467830118228508,350,3.505874518370749e-05,0.012523174285888672,621297,10.281573287645976,0.10416666666666667,0.31666666666666665,0.28055555555555556,0.14027777777777778,0.15833333333333333
864,720,0.01,0.11360041268119342,0.4406586612854526,400,3.5675726693145606e-05,0.012067866511642933,622017,10.292541519800823,0.12777777777777777,0.41805555555555557,0.18055555555555555,0.10972222222222222,0.1638888888888889
865,720,0.01,0.23355186260130603,0.5754671990397764,382,3.5426011734469085e-05,0.012021932750940323,622737,10.30352383852005,0.09722222222222222,0.3625,0.22777777777777777,0.1361111111111111,0.1763888888888889
866,720,0.01,0.6376304876334342,1.470401004922146,422,3.4003606601294856e-05,0.011854015290737152,623457,10.316803936163584,0.13194444444444445,0.33055555555555555,0.1875,0.16527777777777777,0.18472222222222223
867,720,0.01,0.2186728950789596,0.5859330275940275,385,3.421241762314114e-05,0.011963047087192535,624177,10.329130204518636,0.1,0.35555555555555557,0.29583333333333334,0.08611111111111111,0.1625
868,720,0.01,0.3113036988542114,0.7160990122613362,397,3.178386014357986e-05,0.01113254576921463,624897,10.340525217851003,0.1111111111111111,0.3458333333333333,0.2986111111111111,0.10694444444444444,0.1375
869,720,0.01,0.6086751366329562,1.4705113083178891,473,3.379513250049765e-05,0.011602083221077919,625617,10.353235550721486,0.14583333333333334,0.325,0.24722222222222223,0.10972222222222222,0.17222222222222222
870,720,0.01,-0.032964261301632256,0.212016787590372,386,3.449124112775179e-05,0.01083432137966156,626337,10.363931385676066,0.12222222222222222,0.3138888888888889,0.3055555555555556,0.14027777777777778,0.11805555555555555
871,720,0.01,-0.0651295019111167,0.10945676884010802,327,3.213708824445247e-05,0.010983556509017944,627057,10.38400628566742,0.06388888888888888,0.35,0.2875,0.17222222222222222,0.12638888888888888
872,720,0.01,0.7122959948887989,1.723849112561692,453,3.5153751412685275e-05,0.011186373420059681,627777,10.394846733411153,0.14027777777777778,0.3333333333333333,0.20694444444444443,0.11944444444444445,0.2
873,720,0.01,0.6071635259097703,1.3837229397694335,445,3.323051255898059e-05,0.010837959125638008,628497,10.405407782395681,0.15555555555555556,0.3736111111111111,0.2652777777777778,0.07361111111111111,0.13194444444444445
874,720,0.01,0.6709359821161207,1.6443782780325589,479,3.346841254041364e-05,0.011154163628816605,629217,10.4178897023201,0.1625,0.2972222222222222,0.2125,0.13472222222222222,0.19305555555555556
875,720,0.01,0.08578643665178326,0.3785558099366746,416,3.339463267164117e-05,0.011649330146610737,629937,10.430194302399952,0.075,0.38055555555555554,0.2222222222222222,0.1527777777777778,0.16944444444444445
876,720,0.01,0.07315304705579553,0.3480418352437009,374,3.23927157915528e-05,0.011165596544742584,630657,10.441744367281595,0.11527777777777778,0.44027777777777777,0.18611111111111112,0.12638888888888888,0.13194444444444445
877,720,0.01,0.809928477368482,2.003951165770583,445,3.718669574747461e-05,0.011648384854197502,631377,10.453530971209208,0.1763888888888889,0.27361111111111114,0.21944444444444444,0.15,0.18055555555555555
878,720,0.01,0.570473248199161,1.2915380924530044,430,3.6935853312848446e-05,0.011943784542381763,632097,10.46464361747106,0.10833333333333334,0.2916666666666667,0.2875,0.11805555555555555,0.19444444444444445
879,720,0.01,0.18828522763480726,0.5136670665579326,366,3.43113922471932e-05,0.01196192018687725,632817,10.475224486986797,0.1,0.3875,0.25,0.12222222222222222,0.14027777777777778
880,720,0.01,-0.21176471683180667,-0.05329213382235953,304,3.760210349241788e-05,0.0124330073595047,633537,10.485042536258698,0.04583333333333333,0.44027777777777777,0.31666666666666665,0.1125,0.08472222222222223
881,720,0.01,0.3834570253606678,0.9337420763896156,447,3.836087764865523e-05,0.012316251173615456,634257,10.503046766916912,0.1375,0.3263888888888889,0.20694444444444443,0.1527777777777778,0.1763888888888889
882,720,0.01,0.14891668821299217,0.5142445810148168,450,3.29866471733769e-05,0.011592661030590534,634977,10.51342963774999,0.12638888888888888,0.35694444444444445,0.26944444444444443,0.0875,0.1597222222222222
883,720,0.01,0.32138225742380794,0.7012822941830197,371,3.372321655837772e-05,0.01193056721240282,635697,10.525223020712534,0.08194444444444444,0.35694444444444445,0.2763888888888889,0.1,0.18472222222222223
884,720,0.01,0.9155267204705306,2.4110723720708127,469,3.2454213264069644e-05,0.012400157749652863,636417,10.537406488259633,0.1638888888888889,0.29583333333333334,0.19166666666666668,0.16111111111111112,0.1875
885,720,0.01,-0.09254098193243036,0.10457320226802636,371,3.3905137397343626e-05,0.012412551790475845,637137,10.549593468507132,0.0875,0.3638888888888889,0.34444444444444444,0.10138888888888889,0.10277777777777777
886,720,0.01,0.8138142716052776,2.03683019253743,452,3.47689803119364e-05,0.01199272833764553,637857,10.561260668436686,0.1625,0.33611111111111114,0.20972222222222223,0.09166666666666666,0.2
887,720,0.01,0.3946678634398656,0.8606350672215424,380,3.579697858968858e-05,0.011995818465948105,638577,10.57290061712265,0.10416666666666667,0.38333333333333336,0.2625,0.1125,0.1375
888,720,0.01,-0.13920631343223946,0.05790833158473685,350,3.14049738019801e-05,0.012393763288855553,639297,10.58419391711553,0.0763888888888889,0.3875,0.3,0.10138888888888889,0.13472222222222222
889,720,0.01,-0.0481732461628051,0.17037797692314816,377,3.3331130079735276e-05,0.011807172559201717,640017,10.59614888827006,0.07916666666666666,0.3416666666666667,0.3,0.14444444444444443,0.13472222222222222
890,720,0.01,0.6391876531582772,1.4149719041832203,399,3.22438181734065e-05,0.011809233576059341,640737,10.607105068365733,0.1111111111111111,0.35138888888888886,0.1986111111111111,0.1361111111111111,0.20277777777777778
891,720,0.01,0.4531333596882856,1.1162239813382833,459,3.427454459925785e-05,0.011936098337173462,641457,10.627009383837382,0.15416666666666667,0.325,0.20694444444444443,0.11527777777777778,0.1986111111111111
892,720,0.01,0.7453128532560126,1.7259387201588186,407,3.157312176414153e-05,0.011503146961331367,642177,10.638111452261606,0.12638888888888888,0.3194444444444444,0.23333333333333334,0.12777777777777777,0.19305555555555556
893,720,0.01,0.17261816957571455,0.42563619906854755,327,3.2868724341976e-05,0.011584144085645676,642897,10.649219167232513,0.06527777777777778,0.42916666666666664,0.2986111111111111,0.09166666666666666,0.11527777777777778
894,720,0.01,0.39502833626044864,0.9358148254344933,450,3.431188018352158e-05,0.011971082538366318,643617,10.660285719235738,0.11944444444444445,0.36666666666666664,0.275,0.09583333333333334,0.14305555555555555
895,720,0.01,0.4657897744424288,1.0133294096803054,399,3.505280184931002e-05,0.012334993109107018,644337,10.670315619309743,0.1111111111111111,0.38333333333333336,0.23333333333333334,0.12916666666666668,0.14305555555555555
896,720,0.01,0.8456671801149699,2.0822725940493054,430,3.4812503867619345e-05,0.01214628480374813,645057,10.68129833539327,0.13333333333333333,0.3402777777777778,0.225,0.12777777777777777,0.1736111111111111
897,720,0.01,0.8586502745679492,2.1697422472511683,470,3.2705455352773546e-05,0.011572534218430519,645777,10.694275617599487,0.1527777777777778,0.29444444444444445,0.23472222222222222,0.14027777777777778,0.17777777777777778
898,720,0.01,0.5090446674227617,1.2757158617746809,476,3.488856969069174e-05,0.012011714279651642,646497,10.705649749437969,0.14722222222222223,0.31805555555555554,0.21805555555555556,0.12777777777777777,0.18888888888888888
899,720,0.01,0.5393423424893933,1.2118789158445984,438,3.50436663375654e-05,0.012726454064249992,647217,10.718416253725687,0.11805555555555555,0.3736111111111111,0.2652777777777778,0.09305555555555556,0.15
900,720,0.01,0.41742042197716495,0.965841547281515,444,3.488001242936257e-05,0.012126192450523376,647937,10.730540100733439,0.13055555555555556,0.33611111111111114,0.3013888888888889,0.11527777777777778,0.11666666666666667
901,720,0.01,0.5866310101870408,1.3510946076225543,449,3.487139788249907e-05,0.012304209172725677,648657,10.751298367977142,0.09722222222222222,0.3402777777777778,0.2513888888888889,0.12777777777777777,0.18333333333333332
902,720,0.01,0.19589190220869865,0.4920364058814344,365,3.51288396106813e-05,0.012632429599761963,649377,10.762183248996735,0.12361111111111112,0.4513888888888889,0.25,0.08055555555555556,0.09444444444444444
903,720,0.01,0.019114542174677767,0.1710075618261171,263,3.460462430035073e-05,0.01212725043296814,650097,10.772250401973725,0.05,0.43333333333333335,0.3333333333333333,0.10138888888888889,0.08194444444444444
904,720,0.01,0.3386797674984911,0.789935825436445,414,3.5640121483184987e-05,0.012098580598831177,650817,10.784324204921722,0.12638888888888888,0.4041666666666667,0.22916666666666666,0.1125,0.12777777777777777
905,720,0.01,0.43044736999690514,0.9521813140959954,411,3.4634389841888454e-05,0.01191665418446064,651537,10.795177487532298,0.12777777777777777,0.3458333333333333,0.3055555555555556,0.10555555555555556,0.11527777777777778
906,720,0.01,0.6654918503719369,1.5344885223949003,450,3.4503206613104946e-05,0.011746454052627087,652257,10.806442685921986,0.12361111111111112,0.37083333333333335,0.26944444444444443,0.07777777777777778,0.15833333333333333
907,720,0.01,0.07035066043870916,0.3153471990011607,356,3.484971252242354e-05,0.01214451715350151,652977,10.816999737421671,0.09027777777777778,0.41388888888888886,0.26666666666666666,0.125,0.10416666666666667
908,720,0.01,0.3758202919517533,0.8081790550728021,387,3.4499675400133536e-05,0.01266588643193245,653697,10.827238901456196,0.10833333333333334,0.425,0.23194444444444445,0.1,0.13472222222222222
909,720,0.01,0.7475621181462652,1.8138738215327193,453,3.9541683992183604e-05,0.012375496327877045,654417,10.838393151760101,0.15138888888888888,0.325,0.2222222222222222,0.12638888888888888,0.175
910,720,0.01,0.44816246021721107,0.9086810622846235,346,3.819064708573529e-05,0.012233607470989227,655137,10.850201201438903,0.07361111111111111,0.4583333333333333,0.2388888888888889,0.12361111111111112,0.10555555555555556
911,720,0.01,0.7651914956659654,1.714727270989477,377,4.105452333836486e-05,0.012628495693206787,655857,10.872210919857025,0.11388888888888889,0.3888888888888889,0.20972222222222223,0.1375,0.15
912,720,0.01,0.3110645344957773,0.7385727786624745,413,4.024228550810626e-05,0.012230130843818188,656577,10.886302705605825,0.09027777777777778,0.35555555555555557,0.2569444444444444,0.14722222222222223,0.15
913,720,0.01,0.1522330578852466,0.42223994933130693,348,3.500002670004202e-05,0.012443131767213345,657297,10.898369415601094,0.09166666666666666,0.43333333333333335,0.2222222222222222,0.1111111111111111,0.14166666666666666
914,720,0.01,-0.13749908785652076,0.01257937515788865,264,3.5763042927151725e-05,0.012098143808543682,658017,10.910593354701996,0.05416666666666667,0.4638888888888889,0.2972222222222222,0.11527777777777778,0.06944444444444445
915,720,0.01,0.0610718851746395,0.24741309784954124,297,3.595515603175651e-05,0.012100262567400932,658737,10.922432335217794,0.05555555555555555,0.3902777777777778,0.28194444444444444,0.18472222222222223,0.0875
916,720,0.01,0.12123787605987953,0.31158702843395414,289,4.002403889179125e-05,0.012752553448081017,659457,10.934905552864075,0.04583333333333333,0.4625,0.24305555555555555,0.17222222222222222,0.0763888888888889
917,720,0.01,0.8172117977972608,2.0304520438929536,450,4.031718025948471e-05,0.012029947713017464,660177,10.946469287077585,0.1625,0.3236111111111111,0.225,0.12777777777777777,0.16111111111111112
918,720,0.01,1.0968109071643046,2.9741500731334036,454,4.000631877008547e-05,0.012786068953573704,660897,10.958090237776439,0.1527777777777778,0.29444444444444445,0.2652777777777778,0.11805555555555555,0.16944444444444445
919,720,0.01,1.2069716927239007,3.53226444791263,477,4.079205594709694e-05,0.01266530156135559,661617,10.971257249514261,0.1625,0.3138888888888889,0.21388888888888888,0.1388888888888889,0.17083333333333334
920,720,0.01,0.5971403496543711,1.308597851746423,398,3.862845700458214e-05,0.01169625110924244,662337,10.98231238524119,0.11527777777777778,0.38055555555555554,0.2375,0.09722222222222222,0.16944444444444445
921,720,0.01,0.3261345137413603,0.7278614948763371,374,3.407232108290575e-05,0.011754337698221207,663057,11.001724735895793,0.07083333333333333,0.40694444444444444,0.25972222222222224,0.1125,0.15
922,720,0.01,0.8726226971125687,2.1712400587215037,437,4.587226332988495e-05,0.01205018162727356,663777,11.013166284561157,0.15555555555555556,0.3680555555555556,0.18333333333333332,0.11527777777777778,0.17777777777777778
923,720,0.01,0.7457049928925885,1.7441050506422533,414,4.013345450175621e-05,0.012414001859724522,664497,11.027209401130676,0.13333333333333333,0.3194444444444444,0.225,0.13333333333333333,0.18888888888888888
924,720,0.01,1.0469261588161336,2.7384689607028614,410,4.006551861266416e-05,0.012858805246651173,665217,11.039151267210643,0.125,0.3194444444444444,0.21805555555555556,0.11805555555555555,0.21944444444444444
925,720,0.01,0.0483056043677662,0.2439671713363416,326,4.152251661303631e-05,0.012887472286820412,665937,11.050718784332275,0.10277777777777777,0.4861111111111111,0.25972222222222224,0.07083333333333333,0.08055555555555556
926,720,0.01,-0.050310316250229935,0.1802068075416856,364,4.297626737942058e-05,0.013228651136159897,666657,11.062527652581533,0.08611111111111111,0.4388888888888889,0.2708333333333333,0.06388888888888888,0.14027777777777778
927,720,0.01,0.0104314879825287,0.19056917129488027,312,3.932655035264866e-05,0.01333756372332573,667377,11.073946265379588,0.059722222222222225,0.4263888888888889,0.23472222222222222,0.19027777777777777,0.08888888888888889
928,720,0.01,0.17769813448915955,0.4136826873679431,308,4.1557453331127664e-05,0.013231620192527771,668097,11.087138851483664,0.06111111111111111,0.4583333333333333,0.2777777777777778,0.10833333333333334,0.09444444444444444
929,720,0.01,0.6143026282044043,1.4164575083993292,441,3.882716688205316e-05,0.012089896015822887,668817,11.097697337468466,0.14166666666666666,0.3527777777777778,0.19583333333333333,0.1625,0.14722222222222223
930,720,0.01,0.5455638998690063,1.2256831448100223,412,4.050128124946342e-05,0.012150503695011139,669537,11.111065034071604,0.10138888888888889,0.41944444444444445,0.21805555555555556,0.08888888888888889,0.17222222222222222
931,720,0.01,1.0473798097310185,2.832931096053186,449,3.9468431965714346e-05,0.012358825653791428,670257,11.128875803947448,0.1486111111111111,0.3263888888888889,0.1986111111111111,0.13055555555555556,0.19583333333333333
932,720,0.01,0.05743493261710592,0.2949018912344874,348,4.204419613655672e-05,0.012136444449424744,670977,11.139810387293497,0.09861111111111111,0.4652777777777778,0.24583333333333332,0.08611111111111111,0.10416666666666667
933,720,0.01,0.21099298725950202,0.565950499038308,392,4.1237257707709636e-05,0.01240241527557373,671697,11.150930186112722,0.13055555555555556,0.3972222222222222,0.19166666666666668,0.14444444444444443,0.1361111111111111
934,720,0.01,0.08986610334412908,0.343282309201121,346,3.888655320830973e-05,0.01156618818640709,672417,11.162676922480266,0.09444444444444444,0.4777777777777778,0.17916666666666667,0.13055555555555556,0.11805555555555555
935,720,0.01,0.9430569511514103,2.446319848598219,465,3.924226468572872e-05,0.012118115089833736,673137,11.173673903942108,0.11388888888888889,0.34305555555555556,0.21805555555555556,0.14305555555555555,0.18194444444444444
936,720,0.01,0.2005257948324312,0.5087414022660124,368,4.002041181870987e-05,0.011880443431437016,673857,11.185459550221761,0.10694444444444444,0.41805555555555557,0.25555555555555554,0.07222222222222222,0.14722222222222223
937,720,0.01,0.5960969220260756,1.2537532149556743,341,4.2775262867659575e-05,0.01199342217296362,674577,11.197792716821034,0.08194444444444444,0.4847222222222222,0.14027777777777778,0.15416666666666667,0.1388888888888889
938,720,0.01,0.14337272106848994,0.4040665728909614,331,4.319775767195703e-05,0.012979485094547272,675297,11.208174820741018,0.08333333333333333,0.49722222222222223,0.19027777777777777,0.1125,0.11666666666666667
939,720,0.01,0.08276857919045574,0.33778943876391443,360,4.1265426379292576e-05,0.012250804342329502,676017,11.218673050403595,0.0875,0.48055555555555557,0.19166666666666668,0.09861111111111111,0.14166666666666666
940,720,0.01,0.25199635927295455,0.6144532577642812,389,3.767411938800554e-05,0.01189088262617588,676737,11.231251339117685,0.13333333333333333,0.4305555555555556,0.24027777777777778,0.07916666666666666,0.11666666666666667
941,720,0.01,1.0422169757422108,2.6774404332522326,391,3.979010117139599e-05,0.012947904877364635,677457,11.250698439280193,0.13055555555555556,0.41388888888888886,0.16944444444444445,0.08194444444444444,0.20416666666666666
942,720,0.01,0.9072481106696039,2.4007571930638454,494,3.9635212160899555e-05,0.01274854689836502,678177,11.26004890203476,0.14305555555555555,0.3125,0.20416666666666666,0.14583333333333334,0.19444444444444445
943,720,0.01,0.24715566431272293,0.5910682791617907,376,4.4784778198289944e-05,0.013262705877423286,678897,11.271452387173971,0.08055555555555556,0.3375,0.28055555555555556,0.1361111111111111,0.16527777777777777
944,720,0.01,0.14272273818834325,0.3650932457224394,300,4.586650112262052e-05,0.013006603345274925,679617,11.282824234167736,0.08333333333333333,0.42083333333333334,0.3472222222222222,0.05694444444444444,0.09166666666666666
945,720,0.01,0.6411129403182527,1.5666792436894057,467,4.3070843037816706e-05,0.012878203764557838,680337,11.291419951121012,0.13472222222222222,0.35694444444444445,0.22916666666666666,0.08472222222222223,0.19444444444444445
946,720,0.01,0.037155320270966866,0.2240381112786538,321,3.785756454261799e-05,0.012422063387930393,681057,11.300345702966053,0.04583333333333333,0.5222222222222223,0.2625,0.075,0.09444444444444444
947,720,0.01,0.3425154901843422,0.7134613230606002,329,4.1195969418418425e-05,0.012039978988468647,681777,11.309804817040762,0.07777777777777778,0.5,0.225,0.07083333333333333,0.12638888888888888
948,720,0.01,-0.02752240050757653,0.20710822130541962,378,3.912738031128053e-05,0.012449422851204872,682497,11.319205832481384,0.09861111111111111,0.33611111111111114,0.32083333333333336,0.10416666666666667,0.14027777777777778
949,720,0.01,-0.020678706570877742,0.26626458329321934,419,4.520385918896055e-05,0.013147212564945221,683217,11.329033537705739,0.1125,0.3861111111111111,0.21388888888888888,0.12777777777777777,0.1597222222222222
950,720,0.01,0.34803955459435715,0.7687791354170868,380,3.912909671410287e-05,0.013176679611206055,683937,11.339388434092204,0.11805555555555555,0.37083333333333335,0.3111111111111111,0.08055555555555556,0.11944444444444445
951,720,0.01,0.44726780815961115,0.9586741850546125,355,4.375889390202145e-05,0.01244147028774023,684657,11.358521469434102,0.09166666666666666,0.3736111111111111,0.2902777777777778,0.10138888888888889,0.14305555555555555
952,720,0.01,0.6701028404517092,1.5411146934532591,436,3.807118553646028e-05,0.012529979459941387,685377,11.36747047106425,0.10972222222222222,0.37777777777777777,0.25277777777777777,0.09722222222222222,0.1625
953,720,0.01,1.2953631073714644,3.9227292749132667,454,3.998823885543364e-05,0.01302026305347681,686097,11.377211821079253,0.1361111111111111,0.35694444444444445,0.20555555555555555,0.11388888888888889,0.1875
954,720,0.01,-0.03789641056133847,0.16690341856544189,325,4.2113426412823984e-05,0.012543794699013233,686817,11.387349053223927,0.08333333333333333,0.3861111111111111,0.24444444444444444,0.06944444444444445,0.21666666666666667
955,720,0.01,0.20452087386246245,0.48664346964223126,357,4.2763137330818304e-05,0.012528924271464348,687537,11.398103686173757,0.09305555555555556,0.37777777777777777,0.24722222222222223,0.18611111111111112,0.09583333333333334
956,720,0.01,0.9852947775433174,2.599499390302685,448,3.9810952054924406e-05,0.012420856393873692,688257,11.40841585000356,0.12777777777777777,0.3277777777777778,0.1986111111111111,0.13472222222222222,0.2111111111111111
957,720,0.01,0.5471363252324136,1.252152274026531,436,4.20123148046514e-05,0.012999236583709717,688977,11.419267884890239,0.10972222222222222,0.36666666666666664,0.24027777777777778,0.12638888888888888,0.15694444444444444
958,720,0.01,0.7135355661201865,1.7408978963612909,433,3.9827127612726244e-05,0.01257405523210764,689697,11.431229070822399,0.12916666666666668,0.31527777777777777,0.2361111111111111,0.10277777777777777,0.21666666666666667
959,720,0.01,1.1820239466897937,3.3039101499035164,410,4.3318765487280565e-05,0.012727325782179832,690417,11.442019653320312,0.19583333333333333,0.33611111111111114,0.2013888888888889,0.1,0.16666666666666666
960,720,0.01,0.4260247850894638,1.0345502459138904,457,4.353593109145651e-05,0.013435116037726402,691137,11.454209085305532,0.14444444444444443,0.35138888888888886,0.2388888888888889,0.12222222222222222,0.14305555555555555
961,720,0.01,0.09155084388129807,0.3344921985609688,338,4.46571075144675e-05,0.013486049138009548,691857,11.472510015964508,0.06666666666666667,0.41805555555555557,0.2833333333333333,0.1,0.13194444444444445
962,720,0.01,0.7420097773872382,1.711521122906591,409,3.9279115578160094e-05,0.013477375730872154,692577,11.483306018511454,0.14444444444444443,0.3472222222222222,0.21666666666666667,0.14027777777777778,0.15138888888888888
963,720,0.01,0.1442117882050646,0.40629950260724734,345,4.161077057460716e-05,0.013412358239293098,693297,11.494448900222778,0.08611111111111111,0.46805555555555556,0.225,0.09861111111111111,0.12222222222222222
964,720,0.01,0.4905847572109517,1.0814916106520003,405,4.2316797738648244e-05,0.013693561777472496,694017,11.505120237668356,0.12222222222222222,0.32222222222222224,0.26944444444444443,0.13194444444444445,0.15416666666666667
965,720,0.01,0.20754770187923544,0.5825661923634111,407,4.239108152811847e-05,0.013490458950400352,694737,11.51623692115148,0.09583333333333334,0.3347222222222222,0.21805555555555556,0.17916666666666667,0.17222222222222222
966,720,0.01,0.4619697713175663,1.0533441799726262,425,3.92259717096345e-05,0.014325820840895176,695457,11.52516307036082,0.1125,0.4,0.22777777777777777,0.08611111111111111,0.1736111111111111
967,720,0.01,0.4726910037330294,1.0718480851530776,427,4.043935663781263e-05,0.013907616958022118,696177,11.534816733996074,0.12222222222222222,0.36527777777777776,0.23333333333333334,0.13333333333333333,0.14583333333333334
968,720,0.01,0.8364106749422078,2.0630485400260867,447,4.062357863100867e-05,0.013810691423714161,696897,11.545318603515625,0.13194444444444445,0.3611111111111111,0.2013888888888889,0.11388888888888889,0.19166666666666668
969,720,0.01,0.3043140078243644,0.7608805700544461,410,4.2624436424729435e-05,0.013420864008367062,697617,11.555830319722494,0.14583333333333334,0.36944444444444446,0.19444444444444445,0.12916666666666668,0.16111111111111112
970,720,0.01,0.8975036316883537,2.1550477534796757,409,3.927083213852711e-05,0.01271477248519659,698337,11.565750368436177,0.11388888888888889,0.325,0.20694444444444443,0.15694444444444444,0.19722222222222222
971,720,0.01,0.1755607064166884,0.5008936635686225,379,4.2289321618227406e-05,0.013302192091941833,699057,11.583350137869518,0.10972222222222222,0.35,0.2777777777777778,0.12777777777777777,0.13472222222222222
972,720,0.01,0.23072195241864205,0.6132034980691987,406,3.786573405224974e-05,0.013189281336963177,699777,11.591630820433299,0.12361111111111112,0.35694444444444445,0.22916666666666666,0.14305555555555555,0.14722222222222223
973,720,0.01,0.1425278971378131,0.43875462714809244,381,3.9815904367893985e-05,0.013465801253914833,700497,11.600825583934784,0.1111111111111111,0.32083333333333336,0.2625,0.16944444444444445,0.1361111111111111
974,720,0.01,0.054444995278472505,0.2804287660006699,327,4.390218565883212e-05,0.013445508666336536,701217,11.608497416973114,0.08888888888888889,0.41388888888888886,0.18472222222222223,0.15694444444444444,0.15555555555555556
975,720,0.01,0.6559195694613071,1.5065807400264073,417,4.3491200804308187e-05,0.014111824333667755,701937,11.616003119945526,0.14444444444444443,0.35694444444444445,0.24166666666666667,0.0875,0.16944444444444445
976,720,0.01,-0.12775947879579158,0.11097779193936441,409,4.767003638208836e-05,0.013226060196757317,702657,11.624239301681518,0.09583333333333334,0.3958333333333333,0.26805555555555555,0.1,0.14027777777777778
977,720,0.01,0.278339267253778,0.6373666780923535,388,4.103854344571624e-05,0.013791078701615334,703377,11.633151316642762,0.08611111111111111,0.31666666666666665,0.2652777777777778,0.2152777777777778,0.11666666666666667
978,720,0.01,0.2176787522278794,0.5568721123009233,360,3.397852318711456e-05,0.012822320684790611,704097,11.643295649687449,0.09166666666666666,0.3236111111111111,0.2375,0.2152777777777778,0.13194444444444445
979,720,0.01,0.8020583084814861,1.9448512558644837,420,4.022387492012867e-05,0.012568057514727116,704817,11.652877585093181,0.14027777777777778,0.32916666666666666,0.18611111111111112,0.14027777777777778,0.20416666666666666
980,720,0.01,0.37097743231245306,0.7602880005029602,366,3.671304998407423e-05,0.012081524357199669,705537,11.66119705438614,0.0763888888888889,0.4097222222222222,0.2638888888888889,0.13472222222222222,0.11527777777777778
981,720,0.01,0.42012753229284916,0.9628108092856373,429,3.7162918089153306e-05,0.013167865574359894,706257,11.675779302914938,0.10277777777777777,0.3472222222222222,0.26805555555555555,0.10972222222222222,0.17222222222222222
982,720,0.01,0.09808502905998415,0.3476132018411684,349,3.8737396607757546e-05,0.01279424224048853,706977,11.683782688776652,0.07916666666666666,0.4375,0.275,0.08333333333333333,0.125
983,720,0.01,0.9686671120347617,2.3599198248369833,378,4.107165808338525e-05,0.013408415950834751,707697,11.69152800242106,0.12222222222222222,0.37222222222222223,0.21388888888888888,0.12083333333333333,0.17083333333333334
984,720,0.01,0.14270480285476228,0.364045344796986,292,3.997075257681596e-05,0.013130277395248413,708417,11.699081969261169,0.07361111111111111,0.4236111111111111,0.3347222222222222,0.08888888888888889,0.07916666666666666
985,720,0.01,0.22865725396770123,0.6010461414098451,383,3.9903152295058435e-05,0.013452169485390186,709137,11.707655501365661,0.11805555555555555,0.37916666666666665,0.2388888888888889,0.11388888888888889,0.15
986,720,0.01,0.6016977134449839,1.3226243075656754,390,3.9070588671721554e-05,0.013451614417135715,709857,11.717177538077037,0.10972222222222222,0.36944444444444446,0.19166666666666668,0.14722222222222223,0.18194444444444444
987,720,0.01,-0.024388221788583048,0.19466018175505462,346,4.037358937441443e-05,0.013548453338444233,710577,11.725240552425385,0.09166666666666666,0.39166666666666666,0.2652777777777778,0.14722222222222223,0.10416666666666667
988,720,0.01,1.2033094470915602,3.5032954324828065,455,4.0442347964623576e-05,0.013509169220924377,711297,11.73405661980311,0.18194444444444444,0.33611111111111114,0.1986111111111111,0.08611111111111111,0.19722222222222222
989,720,0.01,0.8739421934774205,2.2041350971733857,451,3.621429397324189e-05,0.013096841052174568,712017,11.742723818620046,0.14166666666666666,0.3194444444444444,0.2361111111111111,0.09444444444444444,0.20833333333333334
990,720,0.01,0.28235758510729403,0.7565604112605411,467,3.69803153224287e-05,0.013029467314481735,712737,11.752883569399517,0.1375,0.31805555555555554,0.26944444444444443,0.10555555555555556,0.16944444444444445
991,720,0.01,0.6560102401723711,1.5105710573935927,413,4.1515431612677075e-05,0.012932042591273785,713457,11.76611255009969,0.12638888888888888,0.3194444444444444,0.21666666666666667,0.14166666666666666,0.19583333333333333
992,720,0.01,0.4715246241920322,1.1070199941974153,423,4.098214552388729e-05,0.012918242253363132,714177,11.773214368025462,0.16527777777777777,0.2986111111111111,0.2222222222222222,0.125,0.18888888888888888
993,720,0.01,0.4069870995671304,0.790486014657471,318,3.878736182388012e-05,0.013325477950274944,714897,11.780986118316651,0.06944444444444445,0.29444444444444445,0.2513888888888889,0.2722222222222222,0.1125
994,720,0.01,0.006258012632850658,0.1820592121761162,303,3.7957242029228333e-05,0.012976337224245071,715617,11.788993950684866,0.059722222222222225,0.40694444444444444,0.24166666666666667,0.225,0.06666666666666667
995,720,0.01,-0.135880829469569,0.000119177631521028,274,3.824264930535214e-05,0.013272754848003387,716337,11.796232970555623,0.06527777777777778,0.4361111111111111,0.26805555555555555,0.17777777777777778,0.05277777777777778
996,720,0.01,0.6245249036021523,1.423650570185997,426,3.526497184793698e-05,0.013093730434775352,717057,11.802701401710511,0.12916666666666668,0.28055555555555556,0.16805555555555557,0.2375,0.18472222222222223
997,720,0.01,0.3558303663496595,0.7460050790030941,361,3.7684271726195425e-05,0.013567432761192322,717777,11.808984315395355,0.06388888888888888,0.3527777777777778,0.21805555555555556,0.23333333333333334,0.13194444444444445
998,720,0.01,0.414845550109221,0.8447532894742129,356,3.860701071339968e-05,0.012847216799855232,718497,11.815411853790284,0.07222222222222222,0.3819444444444444,0.24583333333333332,0.16111111111111112,0.1388888888888889
999,720,0.01,0.7619681977597381,1.8482882441756172,419,3.89227696031311e-05,0.01328853890299797,719217,11.82290053764979,0.11805555555555555,0.3611111111111111,0.18472222222222223,0.09305555555555556,0.24305555555555555
1000,720,0.01,0.7753274384469477,1.967819293306293,468,3.767270656377756e-05,0.012264002114534378,719937,11.828994150956472,0.16111111111111112,0.30416666666666664,0.18333333333333332,0.14305555555555555,0.20833333333333334
1001,720,0.01,0.7419928667193452,1.7067343374647925,407,3.7594441332405245e-05,0.012779466807842255,720657,11.841189289093018,0.14722222222222223,0.29444444444444445,0.25972222222222224,0.14166666666666666,0.15694444444444444
1002,720,0.01,0.7798383221103535,1.8083252861781363,411,3.6103807903802793e-05,0.012407323345541954,721377,11.847133866945903,0.1527777777777778,0.35555555555555557,0.24583333333333332,0.08472222222222223,0.16111111111111112
1003,720,0.01,0.3797146441941186,0.8546845806094963,410,3.777057927247067e-05,0.012830185703933239,722097,11.853210588296255,0.09444444444444444,0.31666666666666665,0.28888888888888886,0.1527777777777778,0.14722222222222223
1004,720,0.01,0.7026298822531993,1.6415870246761877,425,3.5534480233915625e-05,0.012872571125626564,722817,11.859116387367248,0.1388888888888889,0.2916666666666667,0.28888888888888886,0.13194444444444445,0.1486111111111111
1005,720,0.01,0.41976051168366585,0.8780997824764272,352,3.7545010862534885e-05,0.01259695552289486,723537,11.865225152174633,0.0875,0.3680555555555556,0.22777777777777777,0.175,0.14166666666666666
1006,720,0.01,0.7824668211806212,1.9630431196355271,445,3.86063513688997e-05,0.013451756909489632,724257,11.871717071533203,0.1625,0.2972222222222222,0.2375,0.09583333333333334,0.20694444444444443
1007,720,0.01,0.45083160967759534,1.0700683160959508,429,3.944471810907796e-05,0.013564739376306534,724977,11.878152151902517,0.14444444444444443,0.3236111111111111,0.275,0.1,0.15694444444444444
1008,720,0.01,0.3498867231250553,0.8232793550040887,435,3.9687604287842585e-05,0.013399884104728699,725697,11.885177199045817,0.14166666666666666,0.3541666666666667,0.2111111111111111,0.19166666666666668,0.10138888888888889
1009,720,0.01,0.302401099525884,0.6987642917163479,385,3.867950885528949e-05,0.012920117005705833,726417,11.891363735993703,0.11944444444444445,0.3111111111111111,0.2652777777777778,0.15833333333333333,0.14583333333333334
1010,720,0.01,0.25270813998173536,0.6589886006742818,419,3.8744986880424725e-05,0.013738478533923626,727137,11.897608455022176,0.1527777777777778,0.325,0.29583333333333334,0.0875,0.1388888888888889
1011,720,0.01,0.020254536332192742,0.19483074137166523,303,3.84618611418672e-05,0.013181246817111969,727857,11.910718818505606,0.05694444444444444,0.2833333333333333,0.2777777777777778,0.3263888888888889,0.05555555555555555
1012,720,0.01,1.0450491946283627,2.7567311137557104,421,3.81449441255831e-05,0.012931842356920242,728577,11.917347617944081,0.15138888888888888,0.35,0.20416666666666666,0.09027777777777778,0.20416666666666666
1013,720,0.01,0.9364122502978134,2.483063596377874,437,3.7741476883941987e-05,0.013156259432435036,729297,11.92476905186971,0.2152777777777778,0.3236111111111111,0.18611111111111112,0.09305555555555556,0.18194444444444444
