Downloaded data: 30,528 candles, 2023-03-25 00:00:00+00:00 to 2026-09-16 23:00:00+00:00; no missing hours
dev_train: 28,152 candles, 2023-04-01 00:00:00+00:00 to 2026-06-16 23:00:00+00:00; no missing hours
val: 1,464 candles, 2026-06-17 00:00:00+00:00 to 2026-08-16 23:00:00+00:00; no missing hours
eval: 744 candles, 2026-08-17 00:00:00+00:00 to 2026-09-16 23:00:00+00:00; no missing hours
episode   1/1013  eps 1.000  train return   +3.05%  loss 1.69e-02  maxQ +0.2856  changes   566  0.0 min
episode   2/1013  eps 0.991  train return   -4.09%  loss 4.40e-03  maxQ +0.3122  changes   582  0.0 min
episode   3/1013  eps 0.982  train return  -13.36%  loss 2.70e-03  maxQ +0.2962  changes   558  0.0 min
episode   4/1013  eps 0.973  train return  -20.45%  loss 1.99e-03  maxQ +0.2708  changes   557  0.0 min
episode   5/1013  eps 0.964  train return   +1.59%  loss 1.71e-03  maxQ +0.2490  changes   540  0.1 min
episode   6/1013  eps 0.955  train return  -10.49%  loss 9.97e-04  maxQ +0.2322  changes   580  0.1 min
episode   7/1013  eps 0.947  train return  -17.26%  loss 7.49e-04  maxQ +0.2129  changes   552  0.1 min
episode   8/1013  eps 0.938  train return  -11.48%  loss 6.43e-04  maxQ +0.1926  changes   585  0.1 min
episode   9/1013  eps 0.929  train return   +5.75%  loss 4.86e-04  maxQ +0.1740  changes   573  0.1 min
episode  10/1013  eps 0.921  train return   -6.62%  loss 4.36e-04  maxQ +0.1553  changes   587  0.1 min | val return -26.99% (best -26.99%)
episode  11/1013  eps 0.913  train return   -6.08%  loss 3.52e-04  maxQ +0.1393  changes   574  0.1 min
episode  12/1013  eps 0.904  train return  -31.15%  loss 3.04e-04  maxQ +0.1271  changes   589  0.1 min
episode  13/1013  eps 0.896  train return  -11.52%  loss 2.70e-04  maxQ +0.1158  changes   565  0.2 min
episode  14/1013  eps 0.888  train return  -18.01%  loss 2.29e-04  maxQ +0.1034  changes   573  0.2 min
episode  15/1013  eps 0.880  train return   -7.65%  loss 2.13e-04  maxQ +0.1015  changes   568  0.2 min
episode  16/1013  eps 0.872  train return   +7.57%  loss 1.85e-04  maxQ +0.0928  changes   566  0.2 min
episode  17/1013  eps 0.864  train return  -10.52%  loss 1.44e-04  maxQ +0.0843  changes   561  0.2 min
episode  18/1013  eps 0.856  train return   -1.10%  loss 1.27e-04  maxQ +0.0774  changes   564  0.2 min
episode  19/1013  eps 0.848  train return   +6.83%  loss 1.14e-04  maxQ +0.0715  changes   562  0.2 min
episode  20/1013  eps 0.841  train return   -3.69%  loss 1.12e-04  maxQ +0.0648  changes   574  0.2 min | val return -20.47% (best -20.47%)
episode  21/1013  eps 0.833  train return  -15.55%  loss 9.45e-05  maxQ +0.0611  changes   573  0.2 min
episode  22/1013  eps 0.825  train return  -12.32%  loss 8.16e-05  maxQ +0.0562  changes   585  0.3 min
episode  23/1013  eps 0.818  train return   +5.73%  loss 6.80e-05  maxQ +0.0519  changes   578  0.3 min
episode  24/1013  eps 0.810  train return  -21.09%  loss 5.89e-05  maxQ +0.0488  changes   580  0.3 min
episode  25/1013  eps 0.803  train return  -14.87%  loss 5.92e-05  maxQ +0.0459  changes   557  0.3 min
episode  26/1013  eps 0.796  train return  -12.57%  loss 5.40e-05  maxQ +0.0436  changes   576  0.3 min
episode  27/1013  eps 0.788  train return  -23.47%  loss 4.69e-05  maxQ +0.0395  changes   595  0.3 min
episode  28/1013  eps 0.781  train return   +3.02%  loss 4.52e-05  maxQ +0.0364  changes   577  0.3 min
episode  29/1013  eps 0.774  train return   -4.14%  loss 4.51e-05  maxQ +0.0351  changes   572  0.4 min
episode  30/1013  eps 0.767  train return  -22.56%  loss 3.96e-05  maxQ +0.0324  changes   581  0.4 min | val return -23.10% (best -20.47%)
episode  31/1013  eps 0.760  train return  -27.44%  loss 3.91e-05  maxQ +0.0303  changes   582  0.4 min
episode  32/1013  eps 0.753  train return  -17.71%  loss 3.46e-05  maxQ +0.0288  changes   560  0.4 min
episode  33/1013  eps 0.746  train return   +2.78%  loss 3.62e-05  maxQ +0.0266  changes   585  0.4 min
episode  34/1013  eps 0.740  train return   -9.10%  loss 3.09e-05  maxQ +0.0247  changes   580  0.4 min
episode  35/1013  eps 0.733  train return   +3.15%  loss 3.41e-05  maxQ +0.0228  changes   576  0.4 min
episode  36/1013  eps 0.726  train return  -24.14%  loss 3.41e-05  maxQ +0.0215  changes   565  0.4 min
episode  37/1013  eps 0.720  train return  +24.77%  loss 3.53e-05  maxQ +0.0200  changes   556  0.5 min
episode  38/1013  eps 0.713  train return   -3.62%  loss 3.24e-05  maxQ +0.0212  changes   553  0.5 min
episode  39/1013  eps 0.707  train return   -5.24%  loss 3.29e-05  maxQ +0.0183  changes   579  0.5 min
episode  40/1013  eps 0.700  train return  -16.17%  loss 3.11e-05  maxQ +0.0184  changes   562  0.5 min | val return +2.29% (best +2.29%)
episode  41/1013  eps 0.694  train return  -19.74%  loss 2.99e-05  maxQ +0.0170  changes   557  0.5 min
episode  42/1013  eps 0.687  train return   -9.45%  loss 3.06e-05  maxQ +0.0191  changes   559  0.5 min
episode  43/1013  eps 0.681  train return   -8.08%  loss 3.16e-05  maxQ +0.0177  changes   564  0.5 min
episode  44/1013  eps 0.675  train return  -25.88%  loss 3.26e-05  maxQ +0.0162  changes   562  0.5 min
episode  45/1013  eps 0.669  train return  -13.95%  loss 2.81e-05  maxQ +0.0144  changes   568  0.5 min
episode  46/1013  eps 0.663  train return   +7.87%  loss 2.83e-05  maxQ +0.0140  changes   558  0.6 min
episode  47/1013  eps 0.657  train return   -2.17%  loss 3.14e-05  maxQ +0.0139  changes   568  0.6 min
episode  48/1013  eps 0.651  train return   +3.72%  loss 3.16e-05  maxQ +0.0131  changes   546  0.6 min
episode  49/1013  eps 0.645  train return  -11.09%  loss 3.05e-05  maxQ +0.0133  changes   542  0.6 min
episode  50/1013  eps 0.639  train return  -17.20%  loss 2.88e-05  maxQ +0.0137  changes   544  0.6 min | val return -12.53% (best +2.29%)
episode  51/1013  eps 0.633  train return   -1.89%  loss 3.06e-05  maxQ +0.0136  changes   554  0.6 min
episode  52/1013  eps 0.627  train return   -1.11%  loss 2.93e-05  maxQ +0.0140  changes   551  0.6 min
episode  53/1013  eps 0.622  train return   -3.57%  loss 3.03e-05  maxQ +0.0135  changes   555  0.6 min
episode  54/1013  eps 0.616  train return  -21.68%  loss 3.04e-05  maxQ +0.0140  changes   561  0.6 min
episode  55/1013  eps 0.610  train return   -8.96%  loss 3.36e-05  maxQ +0.0138  changes   550  0.7 min
episode  56/1013  eps 0.605  train return   +8.20%  loss 3.02e-05  maxQ +0.0130  changes   559  0.7 min
episode  57/1013  eps 0.599  train return   +0.78%  loss 2.80e-05  maxQ +0.0132  changes   518  0.7 min
episode  58/1013  eps 0.594  train return  -14.65%  loss 2.89e-05  maxQ +0.0131  changes   541  0.7 min
episode  59/1013  eps 0.588  train return   +0.33%  loss 2.98e-05  maxQ +0.0133  changes   525  0.7 min
episode  60/1013  eps 0.583  train return   -7.04%  loss 3.24e-05  maxQ +0.0125  changes   556  0.7 min | val return +0.96% (best +2.29%)
episode  61/1013  eps 0.578  train return  +20.19%  loss 3.26e-05  maxQ +0.0119  changes   539  0.7 min
episode  62/1013  eps 0.573  train return   +0.53%  loss 3.19e-05  maxQ +0.0122  changes   569  0.7 min
episode  63/1013  eps 0.567  train return   -6.16%  loss 3.20e-05  maxQ +0.0125  changes   545  0.7 min
episode  64/1013  eps 0.562  train return   -3.25%  loss 3.21e-05  maxQ +0.0124  changes   555  0.8 min
episode  65/1013  eps 0.557  train return  +27.55%  loss 3.36e-05  maxQ +0.0124  changes   540  0.8 min
episode  66/1013  eps 0.552  train return  -21.61%  loss 3.33e-05  maxQ +0.0118  changes   553  0.8 min
episode  67/1013  eps 0.547  train return   +2.61%  loss 3.13e-05  maxQ +0.0114  changes   531  0.8 min
episode  68/1013  eps 0.542  train return   -5.30%  loss 3.07e-05  maxQ +0.0110  changes   540  0.8 min
episode  69/1013  eps 0.537  train return   -8.10%  loss 3.14e-05  maxQ +0.0103  changes   514  0.8 min
episode  70/1013  eps 0.532  train return  -12.97%  loss 3.18e-05  maxQ +0.0122  changes   552  0.8 min | val return -24.66% (best +2.29%)
episode  71/1013  eps 0.527  train return   +1.09%  loss 3.32e-05  maxQ +0.0109  changes   534  0.8 min
episode  72/1013  eps 0.523  train return   -0.59%  loss 3.56e-05  maxQ +0.0110  changes   542  0.9 min
episode  73/1013  eps 0.518  train return   +6.41%  loss 3.31e-05  maxQ +0.0105  changes   525  0.9 min
episode  74/1013  eps 0.513  train return  -13.44%  loss 3.36e-05  maxQ +0.0110  changes   527  0.9 min
episode  75/1013  eps 0.508  train return   +7.97%  loss 3.11e-05  maxQ +0.0099  changes   504  0.9 min
episode  76/1013  eps 0.504  train return   -3.29%  loss 3.31e-05  maxQ +0.0096  changes   532  0.9 min
episode  77/1013  eps 0.499  train return  +10.16%  loss 3.33e-05  maxQ +0.0115  changes   532  0.9 min
episode  78/1013  eps 0.495  train return   +0.23%  loss 3.22e-05  maxQ +0.0099  changes   520  0.9 min
episode  79/1013  eps 0.490  train return  +13.11%  loss 2.98e-05  maxQ +0.0095  changes   535  0.9 min
episode  80/1013  eps 0.486  train return  +18.43%  loss 3.06e-05  maxQ +0.0102  changes   513  0.9 min | val return -16.12% (best +2.29%)
episode  81/1013  eps 0.481  train return   -6.83%  loss 3.01e-05  maxQ +0.0095  changes   510  1.0 min
episode  82/1013  eps 0.477  train return  -25.35%  loss 3.15e-05  maxQ +0.0098  changes   507  1.0 min
episode  83/1013  eps 0.473  train return   -4.93%  loss 3.16e-05  maxQ +0.0093  changes   507  1.0 min
episode  84/1013  eps 0.468  train return  +24.16%  loss 3.26e-05  maxQ +0.0109  changes   515  1.0 min
episode  85/1013  eps 0.464  train return   +2.80%  loss 3.45e-05  maxQ +0.0109  changes   500  1.0 min
episode  86/1013  eps 0.460  train return   +0.26%  loss 3.22e-05  maxQ +0.0105  changes   513  1.0 min
episode  87/1013  eps 0.456  train return  +15.77%  loss 3.34e-05  maxQ +0.0101  changes   527  1.0 min
episode  88/1013  eps 0.451  train return  -13.06%  loss 3.34e-05  maxQ +0.0100  changes   516  1.0 min
episode  89/1013  eps 0.447  train return   +0.24%  loss 3.61e-05  maxQ +0.0107  changes   503  1.0 min
episode  90/1013  eps 0.443  train return  +17.00%  loss 3.42e-05  maxQ +0.0102  changes   528  1.1 min | val return -3.46% (best +2.29%)
episode  91/1013  eps 0.439  train return   +3.08%  loss 3.11e-05  maxQ +0.0096  changes   489  1.1 min
episode  92/1013  eps 0.435  train return   -3.61%  loss 3.10e-05  maxQ +0.0093  changes   515  1.1 min
episode  93/1013  eps 0.431  train return   -0.01%  loss 3.33e-05  maxQ +0.0091  changes   507  1.1 min
episode  94/1013  eps 0.427  train return  +14.50%  loss 3.49e-05  maxQ +0.0111  changes   472  1.1 min
episode  95/1013  eps 0.423  train return  +37.16%  loss 3.56e-05  maxQ +0.0108  changes   510  1.1 min
episode  96/1013  eps 0.420  train return  +10.10%  loss 3.45e-05  maxQ +0.0104  changes   511  1.1 min
episode  97/1013  eps 0.416  train return   -1.43%  loss 3.36e-05  maxQ +0.0097  changes   465  1.1 min
episode  98/1013  eps 0.412  train return  -10.77%  loss 3.78e-05  maxQ +0.0097  changes   476  1.1 min
episode  99/1013  eps 0.408  train return  +18.08%  loss 3.82e-05  maxQ +0.0100  changes   466  1.2 min
episode 100/1013  eps 0.405  train return  -18.92%  loss 3.61e-05  maxQ +0.0110  changes   514  1.2 min | val return +4.99% (best +4.99%)
episode 101/1013  eps 0.401  train return   +4.22%  loss 3.62e-05  maxQ +0.0091  changes   489  1.2 min
episode 102/1013  eps 0.397  train return  +70.16%  loss 3.65e-05  maxQ +0.0105  changes   480  1.2 min
episode 103/1013  eps 0.394  train return  +15.36%  loss 3.64e-05  maxQ +0.0113  changes   506  1.2 min
episode 104/1013  eps 0.390  train return  -19.79%  loss 3.92e-05  maxQ +0.0114  changes   512  1.2 min
episode 105/1013  eps 0.386  train return   +4.11%  loss 3.67e-05  maxQ +0.0123  changes   504  1.2 min
episode 106/1013  eps 0.383  train return  -17.33%  loss 3.40e-05  maxQ +0.0113  changes   519  1.2 min
episode 107/1013  eps 0.379  train return  -25.58%  loss 3.52e-05  maxQ +0.0114  changes   502  1.2 min
episode 108/1013  eps 0.376  train return   +5.39%  loss 3.57e-05  maxQ +0.0101  changes   471  1.3 min
episode 109/1013  eps 0.373  train return  -18.26%  loss 3.44e-05  maxQ +0.0106  changes   485  1.3 min
episode 110/1013  eps 0.369  train return   +9.95%  loss 3.45e-05  maxQ +0.0098  changes   513  1.3 min | val return -17.47% (best +4.99%)
episode 111/1013  eps 0.366  train return  -20.09%  loss 3.49e-05  maxQ +0.0099  changes   492  1.3 min
episode 112/1013  eps 0.363  train return   +1.60%  loss 3.48e-05  maxQ +0.0100  changes   520  1.3 min
episode 113/1013  eps 0.359  train return   -5.46%  loss 3.81e-05  maxQ +0.0115  changes   484  1.3 min
episode 114/1013  eps 0.356  train return   -0.40%  loss 3.64e-05  maxQ +0.0134  changes   470  1.3 min
episode 115/1013  eps 0.353  train return   +8.10%  loss 3.28e-05  maxQ +0.0110  changes   490  1.3 min
episode 116/1013  eps 0.349  train return   +2.30%  loss 3.53e-05  maxQ +0.0102  changes   530  1.4 min
episode 117/1013  eps 0.346  train return   -2.17%  loss 3.61e-05  maxQ +0.0088  changes   508  1.4 min
episode 118/1013  eps 0.343  train return  -22.49%  loss 3.56e-05  maxQ +0.0092  changes   486  1.4 min
episode 119/1013  eps 0.340  train return  +80.36%  loss 3.73e-05  maxQ +0.0105  changes   496  1.4 min
episode 120/1013  eps 0.337  train return   -6.90%  loss 3.66e-05  maxQ +0.0098  changes   477  1.4 min | val return -28.83% (best +4.99%)
episode 121/1013  eps 0.334  train return  -17.53%  loss 3.86e-05  maxQ +0.0108  changes   448  1.4 min
episode 122/1013  eps 0.331  train return  -13.77%  loss 3.64e-05  maxQ +0.0103  changes   450  1.4 min
episode 123/1013  eps 0.328  train return   -3.97%  loss 3.60e-05  maxQ +0.0103  changes   454  1.4 min
episode 124/1013  eps 0.325  train return  -16.86%  loss 3.99e-05  maxQ +0.0118  changes   456  1.5 min
episode 125/1013  eps 0.322  train return   +4.47%  loss 3.93e-05  maxQ +0.0108  changes   446  1.5 min
episode 126/1013  eps 0.319  train return   -5.31%  loss 3.66e-05  maxQ +0.0103  changes   506  1.5 min
episode 127/1013  eps 0.316  train return  +22.63%  loss 3.72e-05  maxQ +0.0104  changes   445  1.5 min
episode 128/1013  eps 0.313  train return   +6.18%  loss 3.61e-05  maxQ +0.0110  changes   485  1.5 min
episode 129/1013  eps 0.310  train return   -8.65%  loss 3.65e-05  maxQ +0.0116  changes   479  1.5 min
episode 130/1013  eps 0.308  train return   -8.48%  loss 3.82e-05  maxQ +0.0113  changes   458  1.5 min | val return +1.90% (best +4.99%)
episode 131/1013  eps 0.305  train return  -14.00%  loss 3.83e-05  maxQ +0.0119  changes   492  1.5 min
episode 132/1013  eps 0.302  train return  +18.08%  loss 3.80e-05  maxQ +0.0108  changes   441  1.6 min
episode 133/1013  eps 0.299  train return  +79.24%  loss 3.48e-05  maxQ +0.0107  changes   474  1.6 min
episode 134/1013  eps 0.296  train return   -5.91%  loss 3.74e-05  maxQ +0.0103  changes   508  1.6 min
episode 135/1013  eps 0.294  train return   -2.32%  loss 3.86e-05  maxQ +0.0099  changes   482  1.6 min
episode 136/1013  eps 0.291  train return   -1.75%  loss 3.29e-05  maxQ +0.0082  changes   450  1.6 min
episode 137/1013  eps 0.288  train return  +18.87%  loss 3.34e-05  maxQ +0.0093  changes   451  1.6 min
episode 138/1013  eps 0.286  train return   +3.76%  loss 3.47e-05  maxQ +0.0090  changes   418  1.6 min
episode 139/1013  eps 0.283  train return  -19.60%  loss 3.59e-05  maxQ +0.0095  changes   488  1.6 min
episode 140/1013  eps 0.281  train return   -0.54%  loss 3.48e-05  maxQ +0.0105  changes   495  1.6 min | val return -13.09% (best +4.99%)
episode 141/1013  eps 0.278  train return  -10.89%  loss 3.46e-05  maxQ +0.0078  changes   431  1.7 min
episode 142/1013  eps 0.276  train return   +7.00%  loss 3.67e-05  maxQ +0.0088  changes   472  1.7 min
episode 143/1013  eps 0.273  train return   +8.21%  loss 3.84e-05  maxQ +0.0100  changes   441  1.7 min
episode 144/1013  eps 0.271  train return  +37.64%  loss 3.84e-05  maxQ +0.0095  changes   497  1.7 min
episode 145/1013  eps 0.268  train return   -4.40%  loss 3.92e-05  maxQ +0.0081  changes   412  1.7 min
episode 146/1013  eps 0.266  train return   -5.74%  loss 3.71e-05  maxQ +0.0091  changes   468  1.7 min
episode 147/1013  eps 0.263  train return   +2.24%  loss 3.61e-05  maxQ +0.0088  changes   472  1.7 min
episode 148/1013  eps 0.261  train return  -15.75%  loss 3.62e-05  maxQ +0.0091  changes   420  1.7 min
episode 149/1013  eps 0.258  train return   +7.62%  loss 3.73e-05  maxQ +0.0099  changes   433  1.7 min
episode 150/1013  eps 0.256  train return  +13.71%  loss 3.51e-05  maxQ +0.0101  changes   438  1.8 min | val return -12.91% (best +4.99%)
episode 151/1013  eps 0.254  train return   -9.05%  loss 3.47e-05  maxQ +0.0092  changes   466  1.8 min
episode 152/1013  eps 0.251  train return   +6.61%  loss 3.56e-05  maxQ +0.0090  changes   398  1.8 min
episode 153/1013  eps 0.249  train return  +11.79%  loss 3.38e-05  maxQ +0.0092  changes   472  1.8 min
episode 154/1013  eps 0.247  train return   +1.08%  loss 3.58e-05  maxQ +0.0101  changes   474  1.8 min
episode 155/1013  eps 0.245  train return   -7.48%  loss 3.53e-05  maxQ +0.0102  changes   428  1.8 min
episode 156/1013  eps 0.242  train return  -23.24%  loss 3.60e-05  maxQ +0.0101  changes   426  1.8 min
episode 157/1013  eps 0.240  train return   +5.22%  loss 3.63e-05  maxQ +0.0091  changes   424  1.8 min
episode 158/1013  eps 0.238  train return  +25.62%  loss 3.99e-05  maxQ +0.0086  changes   438  1.9 min
episode 159/1013  eps 0.236  train return  +13.78%  loss 3.60e-05  maxQ +0.0082  changes   463  1.9 min
episode 160/1013  eps 0.234  train return   -6.78%  loss 3.64e-05  maxQ +0.0086  changes   444  1.9 min | val return -21.62% (best +4.99%)
episode 161/1013  eps 0.232  train return  +69.12%  loss 3.69e-05  maxQ +0.0096  changes   440  1.9 min
episode 162/1013  eps 0.230  train return   -6.09%  loss 3.72e-05  maxQ +0.0089  changes   431  1.9 min
episode 163/1013  eps 0.227  train return   +4.40%  loss 3.68e-05  maxQ +0.0097  changes   435  1.9 min
episode 164/1013  eps 0.225  train return  +64.90%  loss 3.57e-05  maxQ +0.0105  changes   443  1.9 min
episode 165/1013  eps 0.223  train return  +23.68%  loss 3.80e-05  maxQ +0.0099  changes   424  1.9 min
episode 166/1013  eps 0.221  train return  +25.50%  loss 3.66e-05  maxQ +0.0104  changes   429  2.0 min
episode 167/1013  eps 0.219  train return  +14.95%  loss 3.60e-05  maxQ +0.0094  changes   452  2.0 min
episode 168/1013  eps 0.217  train return   -3.91%  loss 3.64e-05  maxQ +0.0096  changes   389  2.0 min
episode 169/1013  eps 0.215  train return   -0.22%  loss 3.82e-05  maxQ +0.0089  changes   374  2.0 min
episode 170/1013  eps 0.213  train return   -2.37%  loss 3.50e-05  maxQ +0.0090  changes   429  2.0 min | val return -32.11% (best +4.99%)
episode 171/1013  eps 0.211  train return  +16.21%  loss 3.54e-05  maxQ +0.0091  changes   476  2.0 min
episode 172/1013  eps 0.209  train return   +5.58%  loss 3.63e-05  maxQ +0.0087  changes   458  2.0 min
episode 173/1013  eps 0.208  train return  +47.71%  loss 3.57e-05  maxQ +0.0089  changes   429  2.0 min
episode 174/1013  eps 0.206  train return   -2.76%  loss 3.55e-05  maxQ +0.0088  changes   396  2.1 min
episode 175/1013  eps 0.204  train return   +7.24%  loss 3.58e-05  maxQ +0.0098  changes   402  2.1 min
episode 176/1013  eps 0.202  train return   -1.30%  loss 3.68e-05  maxQ +0.0104  changes   417  2.1 min
episode 177/1013  eps 0.200  train return   -7.69%  loss 3.69e-05  maxQ +0.0110  changes   427  2.1 min
episode 178/1013  eps 0.198  train return   -2.02%  loss 3.78e-05  maxQ +0.0119  changes   409  2.1 min
episode 179/1013  eps 0.196  train return   +3.09%  loss 3.78e-05  maxQ +0.0115  changes   393  2.1 min
episode 180/1013  eps 0.195  train return  +10.19%  loss 3.72e-05  maxQ +0.0106  changes   399  2.1 min | val return -19.30% (best +4.99%)
episode 181/1013  eps 0.193  train return  +68.63%  loss 3.98e-05  maxQ +0.0108  changes   459  2.1 min
episode 182/1013  eps 0.191  train return +102.21%  loss 3.87e-05  maxQ +0.0111  changes   415  2.2 min
episode 183/1013  eps 0.189  train return  +83.93%  loss 4.16e-05  maxQ +0.0104  changes   466  2.2 min
episode 184/1013  eps 0.188  train return   -5.52%  loss 3.82e-05  maxQ +0.0099  changes   427  2.2 min
episode 185/1013  eps 0.186  train return  -10.70%  loss 3.96e-05  maxQ +0.0093  changes   408  2.2 min
episode 186/1013  eps 0.184  train return   -4.84%  loss 3.98e-05  maxQ +0.0090  changes   419  2.2 min
episode 187/1013  eps 0.183  train return  -16.12%  loss 3.72e-05  maxQ +0.0093  changes   457  2.2 min
episode 188/1013  eps 0.181  train return   +1.57%  loss 4.04e-05  maxQ +0.0095  changes   373  2.2 min
episode 189/1013  eps 0.179  train return   +3.18%  loss 3.85e-05  maxQ +0.0097  changes   397  2.2 min
episode 190/1013  eps 0.178  train return  +54.84%  loss 4.18e-05  maxQ +0.0103  changes   395  2.2 min | val return -18.42% (best +4.99%)
episode 191/1013  eps 0.176  train return   -4.70%  loss 4.12e-05  maxQ +0.0097  changes   437  2.3 min
episode 192/1013  eps 0.174  train return  -17.72%  loss 4.34e-05  maxQ +0.0096  changes   382  2.3 min
episode 193/1013  eps 0.173  train return   +3.72%  loss 4.16e-05  maxQ +0.0095  changes   402  2.3 min
episode 194/1013  eps 0.171  train return   +5.55%  loss 3.91e-05  maxQ +0.0088  changes   400  2.3 min
episode 195/1013  eps 0.170  train return  +12.18%  loss 4.02e-05  maxQ +0.0091  changes   441  2.3 min
episode 196/1013  eps 0.168  train return  +27.57%  loss 4.32e-05  maxQ +0.0100  changes   386  2.3 min
episode 197/1013  eps 0.167  train return  +16.24%  loss 4.23e-05  maxQ +0.0094  changes   401  2.3 min
episode 198/1013  eps 0.165  train return  +38.89%  loss 4.27e-05  maxQ +0.0098  changes   430  2.3 min
episode 199/1013  eps 0.164  train return   +5.29%  loss 3.96e-05  maxQ +0.0096  changes   353  2.4 min
episode 200/1013  eps 0.162  train return  -18.69%  loss 4.10e-05  maxQ +0.0108  changes   395  2.4 min | val return -36.35% (best +4.99%)
episode 201/1013  eps 0.161  train return  +15.44%  loss 3.94e-05  maxQ +0.0092  changes   428  2.4 min
episode 202/1013  eps 0.159  train return  -19.64%  loss 4.20e-05  maxQ +0.0096  changes   437  2.4 min
episode 203/1013  eps 0.158  train return   -8.16%  loss 3.85e-05  maxQ +0.0100  changes   426  2.4 min
episode 204/1013  eps 0.156  train return   -6.66%  loss 3.75e-05  maxQ +0.0104  changes   382  2.4 min
episode 205/1013  eps 0.155  train return   +3.13%  loss 3.83e-05  maxQ +0.0101  changes   371  2.4 min
episode 206/1013  eps 0.154  train return  +59.06%  loss 3.74e-05  maxQ +0.0117  changes   463  2.4 min
episode 207/1013  eps 0.152  train return  -29.46%  loss 3.95e-05  maxQ +0.0115  changes   423  2.5 min
episode 208/1013  eps 0.151  train return  +35.53%  loss 4.09e-05  maxQ +0.0104  changes   437  2.5 min
episode 209/1013  eps 0.149  train return  +13.42%  loss 4.21e-05  maxQ +0.0120  changes   428  2.5 min
episode 210/1013  eps 0.148  train return  +10.58%  loss 4.05e-05  maxQ +0.0118  changes   380  2.5 min | val return -21.43% (best +4.99%)
episode 211/1013  eps 0.147  train return  +29.94%  loss 4.39e-05  maxQ +0.0103  changes   442  2.5 min
episode 212/1013  eps 0.145  train return   -3.55%  loss 4.18e-05  maxQ +0.0112  changes   358  2.5 min
episode 213/1013  eps 0.144  train return  +23.22%  loss 3.90e-05  maxQ +0.0103  changes   409  2.5 min
episode 214/1013  eps 0.143  train return   -4.12%  loss 4.21e-05  maxQ +0.0101  changes   393  2.6 min
episode 215/1013  eps 0.141  train return   +5.34%  loss 4.26e-05  maxQ +0.0101  changes   399  2.6 min
episode 216/1013  eps 0.140  train return   +7.06%  loss 3.87e-05  maxQ +0.0095  changes   412  2.6 min
episode 217/1013  eps 0.139  train return  -18.00%  loss 3.92e-05  maxQ +0.0096  changes   362  2.6 min
episode 218/1013  eps 0.138  train return  +10.14%  loss 4.00e-05  maxQ +0.0098  changes   378  2.6 min
episode 219/1013  eps 0.136  train return  +18.16%  loss 3.88e-05  maxQ +0.0100  changes   413  2.6 min
episode 220/1013  eps 0.135  train return  +49.19%  loss 4.06e-05  maxQ +0.0105  changes   425  2.6 min | val return -32.39% (best +4.99%)
episode 221/1013  eps 0.134  train return +139.23%  loss 4.09e-05  maxQ +0.0102  changes   441  2.7 min
episode 222/1013  eps 0.133  train return  -11.64%  loss 4.19e-05  maxQ +0.0106  changes   364  2.7 min
episode 223/1013  eps 0.131  train return  +18.57%  loss 3.90e-05  maxQ +0.0105  changes   410  2.7 min
episode 224/1013  eps 0.130  train return  +49.21%  loss 4.60e-05  maxQ +0.0107  changes   461  2.7 min
episode 225/1013  eps 0.129  train return   -8.59%  loss 4.20e-05  maxQ +0.0111  changes   370  2.7 min
episode 226/1013  eps 0.128  train return  +11.96%  loss 3.94e-05  maxQ +0.0108  changes   412  2.7 min
episode 227/1013  eps 0.127  train return  +12.48%  loss 4.15e-05  maxQ +0.0108  changes   390  2.7 min
episode 228/1013  eps 0.126  train return   -0.73%  loss 4.09e-05  maxQ +0.0113  changes   402  2.7 min
episode 229/1013  eps 0.124  train return   -9.27%  loss 4.46e-05  maxQ +0.0112  changes   382  2.7 min
episode 230/1013  eps 0.123  train return  -13.51%  loss 4.15e-05  maxQ +0.0109  changes   373  2.8 min | val return -25.02% (best +4.99%)
episode 231/1013  eps 0.122  train return   +9.93%  loss 4.20e-05  maxQ +0.0107  changes   380  2.8 min
episode 232/1013  eps 0.121  train return  -15.96%  loss 4.14e-05  maxQ +0.0110  changes   426  2.8 min
episode 233/1013  eps 0.120  train return  +39.53%  loss 4.35e-05  maxQ +0.0101  changes   400  2.8 min
episode 234/1013  eps 0.119  train return   -4.74%  loss 4.01e-05  maxQ +0.0097  changes   416  2.8 min
episode 235/1013  eps 0.118  train return  +12.66%  loss 4.28e-05  maxQ +0.0105  changes   376  2.8 min
episode 236/1013  eps 0.117  train return  +32.57%  loss 4.07e-05  maxQ +0.0090  changes   453  2.8 min
episode 237/1013  eps 0.116  train return   -5.34%  loss 4.14e-05  maxQ +0.0097  changes   374  2.8 min
episode 238/1013  eps 0.115  train return  -10.87%  loss 4.01e-05  maxQ +0.0097  changes   396  2.9 min
episode 239/1013  eps 0.114  train return   +0.80%  loss 3.88e-05  maxQ +0.0084  changes   373  2.9 min
episode 240/1013  eps 0.112  train return  +94.21%  loss 4.08e-05  maxQ +0.0096  changes   442  2.9 min | val return -34.08% (best +4.99%)
episode 241/1013  eps 0.111  train return  +15.00%  loss 4.96e-05  maxQ +0.0096  changes   357  2.9 min
episode 242/1013  eps 0.110  train return  +56.78%  loss 4.20e-05  maxQ +0.0101  changes   398  2.9 min
episode 243/1013  eps 0.109  train return  +10.37%  loss 4.46e-05  maxQ +0.0096  changes   359  2.9 min
episode 244/1013  eps 0.108  train return   +3.02%  loss 4.49e-05  maxQ +0.0090  changes   413  2.9 min
episode 245/1013  eps 0.107  train return  +15.82%  loss 4.37e-05  maxQ +0.0094  changes   356  2.9 min
episode 246/1013  eps 0.106  train return +136.00%  loss 4.04e-05  maxQ +0.0092  changes   422  3.0 min
episode 247/1013  eps 0.106  train return   -1.97%  loss 4.16e-05  maxQ +0.0104  changes   346  3.0 min
episode 248/1013  eps 0.105  train return   +9.27%  loss 4.23e-05  maxQ +0.0105  changes   373  3.0 min
episode 249/1013  eps 0.104  train return  +49.10%  loss 4.07e-05  maxQ +0.0101  changes   369  3.0 min
episode 250/1013  eps 0.103  train return  -25.57%  loss 4.29e-05  maxQ +0.0109  changes   350  3.0 min | val return -29.01% (best +4.99%)
episode 251/1013  eps 0.102  train return  +33.95%  loss 4.35e-05  maxQ +0.0102  changes   400  3.0 min
episode 252/1013  eps 0.101  train return   -5.97%  loss 4.23e-05  maxQ +0.0102  changes   336  3.0 min
episode 253/1013  eps 0.100  train return  +20.31%  loss 4.02e-05  maxQ +0.0110  changes   395  3.0 min
episode 254/1013  eps 0.099  train return  +22.62%  loss 3.96e-05  maxQ +0.0101  changes   334  3.1 min
episode 255/1013  eps 0.098  train return   -6.14%  loss 3.87e-05  maxQ +0.0097  changes   395  3.1 min
episode 256/1013  eps 0.097  train return  +12.77%  loss 4.23e-05  maxQ +0.0102  changes   363  3.1 min
episode 257/1013  eps 0.096  train return   +6.24%  loss 4.40e-05  maxQ +0.0107  changes   330  3.1 min
episode 258/1013  eps 0.095  train return   -7.79%  loss 4.49e-05  maxQ +0.0100  changes   384  3.1 min
episode 259/1013  eps 0.095  train return  +16.41%  loss 4.13e-05  maxQ +0.0097  changes   373  3.1 min
episode 260/1013  eps 0.094  train return  +24.22%  loss 4.04e-05  maxQ +0.0109  changes   433  3.1 min | val return -16.76% (best +4.99%)
episode 261/1013  eps 0.093  train return   +7.17%  loss 3.72e-05  maxQ +0.0121  changes   353  3.1 min
episode 262/1013  eps 0.092  train return  +32.93%  loss 4.01e-05  maxQ +0.0108  changes   371  3.2 min
episode 263/1013  eps 0.091  train return   -9.56%  loss 3.64e-05  maxQ +0.0097  changes   328  3.2 min
episode 264/1013  eps 0.090  train return   +3.45%  loss 4.23e-05  maxQ +0.0104  changes   384  3.2 min
episode 265/1013  eps 0.090  train return  -15.24%  loss 3.91e-05  maxQ +0.0094  changes   304  3.2 min
episode 266/1013  eps 0.089  train return +114.31%  loss 3.76e-05  maxQ +0.0095  changes   437  3.2 min
episode 267/1013  eps 0.088  train return   +8.68%  loss 3.72e-05  maxQ +0.0098  changes   372  3.2 min
episode 268/1013  eps 0.087  train return  +70.36%  loss 3.80e-05  maxQ +0.0089  changes   406  3.2 min
episode 269/1013  eps 0.086  train return  -10.61%  loss 3.92e-05  maxQ +0.0075  changes   316  3.2 min
episode 270/1013  eps 0.086  train return  +20.08%  loss 4.10e-05  maxQ +0.0093  changes   357  3.2 min | val return -37.90% (best +4.99%)
episode 271/1013  eps 0.085  train return   +5.26%  loss 3.83e-05  maxQ +0.0085  changes   400  3.3 min
episode 272/1013  eps 0.084  train return +195.04%  loss 3.98e-05  maxQ +0.0093  changes   398  3.3 min
episode 273/1013  eps 0.083  train return  +37.41%  loss 3.95e-05  maxQ +0.0085  changes   341  3.3 min
episode 274/1013  eps 0.082  train return +221.75%  loss 3.99e-05  maxQ +0.0091  changes   401  3.3 min
episode 275/1013  eps 0.082  train return   +6.06%  loss 4.22e-05  maxQ +0.0097  changes   312  3.3 min
episode 276/1013  eps 0.081  train return   -6.35%  loss 3.95e-05  maxQ +0.0089  changes   298  3.3 min
episode 277/1013  eps 0.080  train return  +84.40%  loss 3.99e-05  maxQ +0.0088  changes   373  3.3 min
episode 278/1013  eps 0.079  train return   -6.15%  loss 4.15e-05  maxQ +0.0097  changes   382  3.3 min
episode 279/1013  eps 0.079  train return  +30.13%  loss 3.90e-05  maxQ +0.0098  changes   336  3.4 min
episode 280/1013  eps 0.078  train return  +11.43%  loss 4.10e-05  maxQ +0.0089  changes   372  3.4 min | val return -35.17% (best +4.99%)
episode 281/1013  eps 0.077  train return   -6.61%  loss 4.22e-05  maxQ +0.0090  changes   351  3.4 min
episode 282/1013  eps 0.077  train return   -1.80%  loss 3.79e-05  maxQ +0.0092  changes   339  3.4 min
episode 283/1013  eps 0.076  train return   +2.30%  loss 3.89e-05  maxQ +0.0079  changes   244  3.4 min
episode 284/1013  eps 0.075  train return   -2.58%  loss 4.03e-05  maxQ +0.0081  changes   335  3.4 min
episode 285/1013  eps 0.075  train return   +4.89%  loss 3.82e-05  maxQ +0.0085  changes   287  3.4 min
episode 286/1013  eps 0.074  train return   -2.00%  loss 3.73e-05  maxQ +0.0080  changes   321  3.4 min
episode 287/1013  eps 0.073  train return   +5.76%  loss 3.73e-05  maxQ +0.0083  changes   385  3.5 min
episode 288/1013  eps 0.073  train return  +17.22%  loss 3.66e-05  maxQ +0.0074  changes   311  3.5 min
episode 289/1013  eps 0.072  train return  +20.28%  loss 3.95e-05  maxQ +0.0080  changes   358  3.5 min
episode 290/1013  eps 0.071  train return  -12.27%  loss 3.71e-05  maxQ +0.0086  changes   396  3.5 min | val return -23.74% (best +4.99%)
episode 291/1013  eps 0.071  train return   +9.99%  loss 3.66e-05  maxQ +0.0082  changes   363  3.5 min
episode 292/1013  eps 0.070  train return  -11.17%  loss 3.64e-05  maxQ +0.0084  changes   275  3.5 min
episode 293/1013  eps 0.069  train return   +5.09%  loss 3.41e-05  maxQ +0.0094  changes   372  3.5 min
episode 294/1013  eps 0.069  train return  +39.38%  loss 3.70e-05  maxQ +0.0102  changes   394  3.5 min
episode 295/1013  eps 0.068  train return   -8.58%  loss 3.70e-05  maxQ +0.0105  changes   268  3.6 min
episode 296/1013  eps 0.067  train return  -15.99%  loss 3.41e-05  maxQ +0.0092  changes   326  3.6 min
episode 297/1013  eps 0.067  train return   -9.91%  loss 3.60e-05  maxQ +0.0097  changes   369  3.6 min
episode 298/1013  eps 0.066  train return  +77.58%  loss 3.64e-05  maxQ +0.0102  changes   372  3.6 min
episode 299/1013  eps 0.066  train return  +21.84%  loss 3.69e-05  maxQ +0.0098  changes   319  3.6 min
episode 300/1013  eps 0.065  train return   -4.44%  loss 3.42e-05  maxQ +0.0101  changes   321  3.6 min | val return -22.79% (best +4.99%)
episode 301/1013  eps 0.064  train return   +5.57%  loss 3.49e-05  maxQ +0.0091  changes   324  3.6 min
episode 302/1013  eps 0.064  train return  +91.56%  loss 3.81e-05  maxQ +0.0094  changes   392  3.6 min
episode 303/1013  eps 0.063  train return  +64.57%  loss 3.93e-05  maxQ +0.0087  changes   373  3.7 min
episode 304/1013  eps 0.063  train return  +17.19%  loss 3.88e-05  maxQ +0.0087  changes   257  3.7 min
episode 305/1013  eps 0.062  train return  +32.03%  loss 3.77e-05  maxQ +0.0103  changes   385  3.7 min
episode 306/1013  eps 0.062  train return   +1.65%  loss 3.86e-05  maxQ +0.0098  changes   323  3.7 min
episode 307/1013  eps 0.061  train return  +72.19%  loss 4.11e-05  maxQ +0.0099  changes   397  3.7 min
episode 308/1013  eps 0.060  train return   -8.88%  loss 3.81e-05  maxQ +0.0108  changes   411  3.7 min
episode 309/1013  eps 0.060  train return   +5.88%  loss 3.61e-05  maxQ +0.0098  changes   416  3.7 min
episode 310/1013  eps 0.059  train return +121.09%  loss 3.81e-05  maxQ +0.0101  changes   401  3.7 min | val return -13.91% (best +4.99%)
episode 311/1013  eps 0.059  train return  -21.02%  loss 3.92e-05  maxQ +0.0096  changes   389  3.8 min
episode 312/1013  eps 0.058  train return   -4.44%  loss 3.63e-05  maxQ +0.0092  changes   313  3.8 min
episode 313/1013  eps 0.058  train return  +32.82%  loss 3.88e-05  maxQ +0.0091  changes   349  3.8 min
episode 314/1013  eps 0.057  train return   +7.18%  loss 4.15e-05  maxQ +0.0080  changes   367  3.8 min
episode 315/1013  eps 0.057  train return +140.90%  loss 4.00e-05  maxQ +0.0083  changes   377  3.8 min
episode 316/1013  eps 0.056  train return  +76.82%  loss 3.74e-05  maxQ +0.0096  changes   341  3.8 min
episode 317/1013  eps 0.056  train return  +75.77%  loss 3.81e-05  maxQ +0.0095  changes   316  3.8 min
episode 318/1013  eps 0.055  train return   -4.84%  loss 4.10e-05  maxQ +0.0086  changes   315  3.8 min
episode 319/1013  eps 0.055  train return  +28.40%  loss 3.92e-05  maxQ +0.0103  changes   354  3.8 min
episode 320/1013  eps 0.054  train return   +0.51%  loss 4.15e-05  maxQ +0.0091  changes   326  3.9 min | val return -28.71% (best +4.99%)
episode 321/1013  eps 0.054  train return  +83.10%  loss 3.88e-05  maxQ +0.0091  changes   395  3.9 min
episode 322/1013  eps 0.053  train return  -19.15%  loss 4.03e-05  maxQ +0.0093  changes   293  3.9 min
episode 323/1013  eps 0.053  train return  +41.54%  loss 4.13e-05  maxQ +0.0094  changes   345  3.9 min
episode 324/1013  eps 0.052  train return  -10.57%  loss 4.41e-05  maxQ +0.0084  changes   363  3.9 min
episode 325/1013  eps 0.052  train return  +35.76%  loss 4.60e-05  maxQ +0.0099  changes   345  3.9 min
episode 326/1013  eps 0.051  train return   +8.36%  loss 4.41e-05  maxQ +0.0097  changes   374  3.9 min
episode 327/1013  eps 0.051  train return  +11.58%  loss 4.01e-05  maxQ +0.0097  changes   315  4.0 min
episode 328/1013  eps 0.050  train return  -13.09%  loss 4.10e-05  maxQ +0.0098  changes   293  4.0 min
episode 329/1013  eps 0.050  train return  +27.33%  loss 4.22e-05  maxQ +0.0100  changes   339  4.0 min
episode 330/1013  eps 0.049  train return   +7.22%  loss 4.00e-05  maxQ +0.0094  changes   337  4.0 min | val return -14.66% (best +4.99%)
episode 331/1013  eps 0.049  train return  +10.45%  loss 4.02e-05  maxQ +0.0084  changes   366  4.0 min
episode 332/1013  eps 0.049  train return  +70.63%  loss 4.32e-05  maxQ +0.0089  changes   366  4.0 min
episode 333/1013  eps 0.048  train return   -6.34%  loss 4.30e-05  maxQ +0.0086  changes   354  4.0 min
episode 334/1013  eps 0.048  train return   +9.87%  loss 3.96e-05  maxQ +0.0093  changes   363  4.0 min
episode 335/1013  eps 0.047  train return  +20.06%  loss 4.04e-05  maxQ +0.0088  changes   349  4.0 min
episode 336/1013  eps 0.047  train return  +35.12%  loss 3.84e-05  maxQ +0.0097  changes   327  4.1 min
episode 337/1013  eps 0.046  train return  +68.30%  loss 4.22e-05  maxQ +0.0097  changes   340  4.1 min
episode 338/1013  eps 0.046  train return +153.35%  loss 4.00e-05  maxQ +0.0105  changes   363  4.1 min
episode 339/1013  eps 0.046  train return  +18.70%  loss 4.04e-05  maxQ +0.0091  changes   338  4.1 min
episode 340/1013  eps 0.045  train return   +2.77%  loss 4.72e-05  maxQ +0.0105  changes   346  4.1 min | val return -39.18% (best +4.99%)
episode 341/1013  eps 0.045  train return   +5.66%  loss 4.26e-05  maxQ +0.0097  changes   277  4.1 min
episode 342/1013  eps 0.044  train return  +10.95%  loss 3.99e-05  maxQ +0.0093  changes   322  4.1 min
episode 343/1013  eps 0.044  train return  +28.77%  loss 4.05e-05  maxQ +0.0086  changes   303  4.2 min
episode 344/1013  eps 0.043  train return  +12.19%  loss 4.39e-05  maxQ +0.0096  changes   317  4.2 min
episode 345/1013  eps 0.043  train return  +36.32%  loss 3.95e-05  maxQ +0.0084  changes   332  4.2 min
episode 346/1013  eps 0.043  train return  +26.70%  loss 4.11e-05  maxQ +0.0091  changes   375  4.2 min
episode 347/1013  eps 0.042  train return  +14.68%  loss 3.74e-05  maxQ +0.0096  changes   295  4.2 min
episode 348/1013  eps 0.042  train return  +38.09%  loss 4.22e-05  maxQ +0.0096  changes   264  4.2 min
episode 349/1013  eps 0.042  train return  -12.48%  loss 4.49e-05  maxQ +0.0097  changes   330  4.2 min
episode 350/1013  eps 0.041  train return  +22.44%  loss 4.36e-05  maxQ +0.0094  changes   357  4.2 min | val return -34.97% (best +4.99%)
episode 351/1013  eps 0.041  train return  +33.37%  loss 4.41e-05  maxQ +0.0103  changes   291  4.3 min
episode 352/1013  eps 0.040  train return  +68.40%  loss 4.01e-05  maxQ +0.0093  changes   371  4.3 min
episode 353/1013  eps 0.040  train return  +22.29%  loss 4.17e-05  maxQ +0.0083  changes   319  4.3 min
episode 354/1013  eps 0.040  train return  +53.89%  loss 4.14e-05  maxQ +0.0086  changes   373  4.3 min
episode 355/1013  eps 0.039  train return  +58.62%  loss 4.02e-05  maxQ +0.0086  changes   350  4.3 min
episode 356/1013  eps 0.039  train return  +26.23%  loss 4.03e-05  maxQ +0.0097  changes   345  4.3 min
episode 357/1013  eps 0.039  train return +132.11%  loss 4.58e-05  maxQ +0.0099  changes   376  4.3 min
episode 358/1013  eps 0.038  train return  +36.72%  loss 4.91e-05  maxQ +0.0098  changes   356  4.3 min
episode 359/1013  eps 0.038  train return  -12.79%  loss 4.81e-05  maxQ +0.0103  changes   315  4.3 min
episode 360/1013  eps 0.038  train return   -6.05%  loss 4.40e-05  maxQ +0.0094  changes   336  4.4 min | val return -28.13% (best +4.99%)
episode 361/1013  eps 0.037  train return   -5.01%  loss 4.56e-05  maxQ +0.0113  changes   330  4.4 min
episode 362/1013  eps 0.037  train return +178.63%  loss 4.22e-05  maxQ +0.0098  changes   364  4.4 min
episode 363/1013  eps 0.037  train return  +68.47%  loss 4.18e-05  maxQ +0.0094  changes   335  4.4 min
episode 364/1013  eps 0.036  train return  +98.25%  loss 4.28e-05  maxQ +0.0091  changes   397  4.4 min
episode 365/1013  eps 0.036  train return   +2.20%  loss 4.29e-05  maxQ +0.0091  changes   324  4.4 min
episode 366/1013  eps 0.036  train return  -11.56%  loss 4.52e-05  maxQ +0.0098  changes   262  4.4 min
episode 367/1013  eps 0.035  train return   -7.32%  loss 4.32e-05  maxQ +0.0085  changes   347  4.4 min
episode 368/1013  eps 0.035  train return  +28.61%  loss 4.30e-05  maxQ +0.0084  changes   324  4.5 min
episode 369/1013  eps 0.035  train return  +11.21%  loss 4.20e-05  maxQ +0.0091  changes   292  4.5 min
episode 370/1013  eps 0.034  train return  -10.35%  loss 4.37e-05  maxQ +0.0084  changes   383  4.5 min | val return -23.46% (best +4.99%)
episode 371/1013  eps 0.034  train return  +15.61%  loss 4.36e-05  maxQ +0.0083  changes   300  4.5 min
episode 372/1013  eps 0.034  train return  +11.11%  loss 4.49e-05  maxQ +0.0099  changes   282  4.5 min
episode 373/1013  eps 0.033  train return  +26.64%  loss 4.48e-05  maxQ +0.0096  changes   279  4.5 min
episode 374/1013  eps 0.033  train return +106.89%  loss 4.27e-05  maxQ +0.0103  changes   391  4.5 min
episode 375/1013  eps 0.033  train return  +21.96%  loss 4.56e-05  maxQ +0.0098  changes   339  4.6 min
episode 376/1013  eps 0.032  train return  +10.06%  loss 4.48e-05  maxQ +0.0090  changes   226  4.6 min
episode 377/1013  eps 0.032  train return  +24.66%  loss 3.90e-05  maxQ +0.0085  changes   246  4.6 min
episode 378/1013  eps 0.032  train return   +9.29%  loss 4.22e-05  maxQ +0.0080  changes   241  4.6 min
episode 379/1013  eps 0.032  train return   -3.38%  loss 4.04e-05  maxQ +0.0084  changes   282  4.6 min
episode 380/1013  eps 0.031  train return  -10.04%  loss 4.32e-05  maxQ +0.0090  changes   335  4.6 min | val return -25.46% (best +4.99%)
episode 381/1013  eps 0.031  train return  +20.30%  loss 4.07e-05  maxQ +0.0090  changes   307  4.6 min
episode 382/1013  eps 0.031  train return  +32.65%  loss 4.35e-05  maxQ +0.0099  changes   373  4.6 min
episode 383/1013  eps 0.030  train return  +20.66%  loss 4.44e-05  maxQ +0.0097  changes   324  4.7 min
episode 384/1013  eps 0.030  train return   -2.27%  loss 4.24e-05  maxQ +0.0089  changes   300  4.7 min
episode 385/1013  eps 0.030  train return  +35.12%  loss 3.96e-05  maxQ +0.0091  changes   360  4.7 min
episode 386/1013  eps 0.030  train return   -3.55%  loss 3.74e-05  maxQ +0.0086  changes   327  4.7 min
episode 387/1013  eps 0.029  train return  +91.29%  loss 3.99e-05  maxQ +0.0082  changes   350  4.7 min
episode 388/1013  eps 0.029  train return   -0.65%  loss 4.16e-05  maxQ +0.0084  changes   308  4.7 min
episode 389/1013  eps 0.029  train return   -0.35%  loss 4.36e-05  maxQ +0.0088  changes   337  4.7 min
episode 390/1013  eps 0.029  train return  +12.39%  loss 4.05e-05  maxQ +0.0087  changes   310  4.7 min | val return -35.69% (best +4.99%)
episode 391/1013  eps 0.028  train return  +15.00%  loss 4.11e-05  maxQ +0.0088  changes   371  4.8 min
episode 392/1013  eps 0.028  train return  +35.87%  loss 4.10e-05  maxQ +0.0104  changes   393  4.8 min
episode 393/1013  eps 0.028  train return  -13.74%  loss 4.28e-05  maxQ +0.0088  changes   320  4.8 min
episode 394/1013  eps 0.028  train return  +11.27%  loss 4.24e-05  maxQ +0.0090  changes   337  4.8 min
episode 395/1013  eps 0.027  train return  -14.90%  loss 4.01e-05  maxQ +0.0090  changes   281  4.8 min
episode 396/1013  eps 0.027  train return  +10.42%  loss 3.96e-05  maxQ +0.0097  changes   282  4.8 min
episode 397/1013  eps 0.027  train return +116.27%  loss 4.34e-05  maxQ +0.0105  changes   364  4.8 min
episode 398/1013  eps 0.027  train return  +39.88%  loss 4.41e-05  maxQ +0.0093  changes   281  4.8 min
episode 399/1013  eps 0.026  train return  +21.66%  loss 4.56e-05  maxQ +0.0087  changes   375  4.8 min
episode 400/1013  eps 0.026  train return  +21.10%  loss 4.32e-05  maxQ +0.0099  changes   359  4.9 min | val return -27.57% (best +4.99%)
episode 401/1013  eps 0.026  train return  +19.71%  loss 3.91e-05  maxQ +0.0094  changes   343  4.9 min
episode 402/1013  eps 0.026  train return  +11.57%  loss 3.84e-05  maxQ +0.0085  changes   300  4.9 min
episode 403/1013  eps 0.025  train return  +15.42%  loss 3.95e-05  maxQ +0.0084  changes   365  4.9 min
episode 404/1013  eps 0.025  train return  +22.20%  loss 4.28e-05  maxQ +0.0080  changes   423  4.9 min
episode 405/1013  eps 0.025  train return  +36.83%  loss 3.97e-05  maxQ +0.0081  changes   292  4.9 min
episode 406/1013  eps 0.025  train return  +20.01%  loss 4.08e-05  maxQ +0.0082  changes   310  4.9 min
episode 407/1013  eps 0.024  train return  +30.67%  loss 4.21e-05  maxQ +0.0097  changes   403  5.0 min
episode 408/1013  eps 0.024  train return  +27.48%  loss 3.85e-05  maxQ +0.0094  changes   285  5.0 min
episode 409/1013  eps 0.024  train return  +14.05%  loss 3.72e-05  maxQ +0.0086  changes   266  5.0 min
episode 410/1013  eps 0.024  train return  +10.66%  loss 3.78e-05  maxQ +0.0076  changes   360  5.0 min | val return -25.47% (best +4.99%)
episode 411/1013  eps 0.024  train return +100.85%  loss 3.90e-05  maxQ +0.0077  changes   401  5.0 min
episode 412/1013  eps 0.023  train return   +1.43%  loss 4.09e-05  maxQ +0.0075  changes   272  5.0 min
episode 413/1013  eps 0.023  train return   +8.38%  loss 3.94e-05  maxQ +0.0084  changes   241  5.0 min
episode 414/1013  eps 0.023  train return  +34.36%  loss 4.00e-05  maxQ +0.0080  changes   363  5.0 min
episode 415/1013  eps 0.023  train return   +9.50%  loss 4.13e-05  maxQ +0.0091  changes   300  5.0 min
episode 416/1013  eps 0.023  train return  +58.18%  loss 4.16e-05  maxQ +0.0085  changes   390  5.1 min
episode 417/1013  eps 0.022  train return   +0.52%  loss 3.92e-05  maxQ +0.0084  changes   251  5.1 min
episode 418/1013  eps 0.022  train return  +19.45%  loss 4.05e-05  maxQ +0.0083  changes   329  5.1 min
episode 419/1013  eps 0.022  train return  +49.60%  loss 4.23e-05  maxQ +0.0085  changes   363  5.1 min
episode 420/1013  eps 0.022  train return  +24.41%  loss 4.05e-05  maxQ +0.0094  changes   317  5.1 min | val return -24.78% (best +4.99%)
episode 421/1013  eps 0.022  train return  +32.64%  loss 4.10e-05  maxQ +0.0090  changes   339  5.1 min
episode 422/1013  eps 0.021  train return   +8.52%  loss 3.90e-05  maxQ +0.0082  changes   301  5.1 min
episode 423/1013  eps 0.021  train return  +14.66%  loss 4.08e-05  maxQ +0.0094  changes   326  5.2 min
episode 424/1013  eps 0.021  train return   +1.59%  loss 4.30e-05  maxQ +0.0088  changes   250  5.2 min
episode 425/1013  eps 0.021  train return +198.40%  loss 4.22e-05  maxQ +0.0094  changes   401  5.2 min
episode 426/1013  eps 0.021  train return  +31.41%  loss 4.18e-05  maxQ +0.0094  changes   364  5.2 min
episode 427/1013  eps 0.020  train return   -2.47%  loss 3.93e-05  maxQ +0.0104  changes   321  5.2 min
episode 428/1013  eps 0.020  train return  +27.86%  loss 3.94e-05  maxQ +0.0096  changes   383  5.2 min
episode 429/1013  eps 0.020  train return   +9.10%  loss 4.00e-05  maxQ +0.0088  changes   289  5.2 min
episode 430/1013  eps 0.020  train return  -22.42%  loss 4.33e-05  maxQ +0.0090  changes   333  5.2 min | val return -10.05% (best +4.99%)
episode 431/1013  eps 0.020  train return  +23.93%  loss 4.03e-05  maxQ +0.0087  changes   285  5.3 min
episode 432/1013  eps 0.019  train return  -32.73%  loss 4.07e-05  maxQ +0.0090  changes   353  5.3 min
episode 433/1013  eps 0.019  train return  +55.52%  loss 3.80e-05  maxQ +0.0083  changes   362  5.3 min
episode 434/1013  eps 0.019  train return +241.62%  loss 4.02e-05  maxQ +0.0083  changes   413  5.3 min
episode 435/1013  eps 0.019  train return +130.28%  loss 4.09e-05  maxQ +0.0081  changes   328  5.3 min
episode 436/1013  eps 0.019  train return  +55.08%  loss 3.88e-05  maxQ +0.0095  changes   366  5.3 min
episode 437/1013  eps 0.019  train return  +26.64%  loss 4.01e-05  maxQ +0.0102  changes   374  5.3 min
episode 438/1013  eps 0.018  train return  +43.61%  loss 4.17e-05  maxQ +0.0093  changes   326  5.3 min
episode 439/1013  eps 0.018  train return   +1.37%  loss 4.17e-05  maxQ +0.0088  changes   274  5.4 min
episode 440/1013  eps 0.018  train return  -22.65%  loss 4.01e-05  maxQ +0.0081  changes   288  5.4 min | val return -13.32% (best +4.99%)
episode 441/1013  eps 0.018  train return +115.89%  loss 4.08e-05  maxQ +0.0080  changes   385  5.4 min
episode 442/1013  eps 0.018  train return  +20.47%  loss 4.06e-05  maxQ +0.0085  changes   295  5.4 min
episode 443/1013  eps 0.018  train return +152.33%  loss 4.28e-05  maxQ +0.0081  changes   341  5.4 min
episode 444/1013  eps 0.017  train return  +51.40%  loss 4.34e-05  maxQ +0.0090  changes   347  5.4 min
episode 445/1013  eps 0.017  train return  +22.99%  loss 4.37e-05  maxQ +0.0095  changes   336  5.4 min
episode 446/1013  eps 0.017  train return  +83.69%  loss 4.50e-05  maxQ +0.0099  changes   354  5.4 min
episode 447/1013  eps 0.017  train return  +25.40%  loss 3.91e-05  maxQ +0.0095  changes   317  5.5 min
episode 448/1013  eps 0.017  train return  +79.46%  loss 4.08e-05  maxQ +0.0101  changes   332  5.5 min
episode 449/1013  eps 0.017  train return   +1.87%  loss 4.35e-05  maxQ +0.0099  changes   276  5.5 min
episode 450/1013  eps 0.016  train return   -5.30%  loss 4.17e-05  maxQ +0.0106  changes   274  5.5 min | val return -33.35% (best +4.99%)
episode 451/1013  eps 0.016  train return  -19.59%  loss 4.01e-05  maxQ +0.0103  changes   358  5.5 min
episode 452/1013  eps 0.016  train return   +2.79%  loss 4.34e-05  maxQ +0.0104  changes   361  5.5 min
episode 453/1013  eps 0.016  train return  +15.73%  loss 4.30e-05  maxQ +0.0099  changes   278  5.5 min
episode 454/1013  eps 0.016  train return  +11.50%  loss 5.02e-05  maxQ +0.0106  changes   324  5.6 min
episode 455/1013  eps 0.016  train return +167.54%  loss 3.92e-05  maxQ +0.0093  changes   358  5.6 min
episode 456/1013  eps 0.016  train return   -4.74%  loss 4.17e-05  maxQ +0.0089  changes   235  5.6 min
episode 457/1013  eps 0.015  train return  +56.92%  loss 4.28e-05  maxQ +0.0088  changes   399  5.6 min
episode 458/1013  eps 0.015  train return +103.92%  loss 4.64e-05  maxQ +0.0087  changes   361  5.6 min
episode 459/1013  eps 0.015  train return +134.47%  loss 4.20e-05  maxQ +0.0091  changes   357  5.6 min
episode 460/1013  eps 0.015  train return   -8.71%  loss 4.18e-05  maxQ +0.0100  changes   299  5.6 min | val return -41.56% (best +4.99%)
episode 461/1013  eps 0.015  train return  +13.48%  loss 4.13e-05  maxQ +0.0095  changes   290  5.6 min
episode 462/1013  eps 0.015  train return  +85.43%  loss 4.31e-05  maxQ +0.0101  changes   342  5.7 min
episode 463/1013  eps 0.015  train return   +7.69%  loss 4.46e-05  maxQ +0.0096  changes   357  5.7 min
episode 464/1013  eps 0.015  train return   +0.51%  loss 4.25e-05  maxQ +0.0101  changes   324  5.7 min
episode 465/1013  eps 0.014  train return  +31.20%  loss 4.20e-05  maxQ +0.0098  changes   389  5.7 min
episode 466/1013  eps 0.014  train return   +8.12%  loss 4.14e-05  maxQ +0.0094  changes   358  5.7 min
episode 467/1013  eps 0.014  train return  +13.79%  loss 4.26e-05  maxQ +0.0099  changes   412  5.7 min
episode 468/1013  eps 0.014  train return  +19.67%  loss 4.45e-05  maxQ +0.0094  changes   297  5.7 min
episode 469/1013  eps 0.014  train return  -12.90%  loss 4.18e-05  maxQ +0.0093  changes   376  5.7 min
episode 470/1013  eps 0.014  train return  +22.66%  loss 4.35e-05  maxQ +0.0095  changes   252  5.8 min | val return -18.32% (best +4.99%)
episode 471/1013  eps 0.014  train return   +0.18%  loss 4.18e-05  maxQ +0.0088  changes   265  5.8 min
episode 472/1013  eps 0.013  train return  +55.26%  loss 4.28e-05  maxQ +0.0099  changes   364  5.8 min
episode 473/1013  eps 0.013  train return  +30.53%  loss 4.84e-05  maxQ +0.0094  changes   357  5.8 min
episode 474/1013  eps 0.013  train return   -7.15%  loss 4.44e-05  maxQ +0.0094  changes   263  5.8 min
episode 475/1013  eps 0.013  train return  +99.70%  loss 4.45e-05  maxQ +0.0097  changes   354  5.8 min
episode 476/1013  eps 0.013  train return  +41.06%  loss 4.27e-05  maxQ +0.0095  changes   326  5.8 min
episode 477/1013  eps 0.013  train return   -1.91%  loss 4.39e-05  maxQ +0.0107  changes   286  5.8 min
episode 478/1013  eps 0.013  train return  +63.12%  loss 4.64e-05  maxQ +0.0087  changes   346  5.9 min
episode 479/1013  eps 0.013  train return  +27.13%  loss 4.34e-05  maxQ +0.0085  changes   410  5.9 min
episode 480/1013  eps 0.013  train return +322.12%  loss 4.74e-05  maxQ +0.0078  changes   435  5.9 min | val return -5.86% (best +4.99%)
episode 481/1013  eps 0.012  train return  +27.28%  loss 4.62e-05  maxQ +0.0084  changes   327  5.9 min
episode 482/1013  eps 0.012  train return   -0.58%  loss 4.55e-05  maxQ +0.0090  changes   381  5.9 min
episode 483/1013  eps 0.012  train return   -9.72%  loss 4.58e-05  maxQ +0.0096  changes   266  5.9 min
episode 484/1013  eps 0.012  train return +103.26%  loss 4.81e-05  maxQ +0.0083  changes   355  5.9 min
episode 485/1013  eps 0.012  train return   +6.18%  loss 4.56e-05  maxQ +0.0081  changes   282  6.0 min
episode 486/1013  eps 0.012  train return  +12.29%  loss 4.63e-05  maxQ +0.0085  changes   339  6.0 min
episode 487/1013  eps 0.012  train return  +40.42%  loss 4.47e-05  maxQ +0.0089  changes   276  6.0 min
episode 488/1013  eps 0.012  train return +296.25%  loss 4.52e-05  maxQ +0.0094  changes   398  6.0 min
episode 489/1013  eps 0.012  train return  -16.12%  loss 4.55e-05  maxQ +0.0096  changes   366  6.0 min
episode 490/1013  eps 0.011  train return  +42.03%  loss 4.34e-05  maxQ +0.0094  changes   350  6.0 min | val return -22.29% (best +4.99%)
episode 491/1013  eps 0.011  train return   -3.52%  loss 4.71e-05  maxQ +0.0100  changes   322  6.0 min
episode 492/1013  eps 0.011  train return  +39.39%  loss 4.41e-05  maxQ +0.0089  changes   340  6.0 min
episode 493/1013  eps 0.011  train return  +35.01%  loss 4.52e-05  maxQ +0.0101  changes   416  6.1 min
episode 494/1013  eps 0.011  train return   +9.27%  loss 4.96e-05  maxQ +0.0094  changes   350  6.1 min
episode 495/1013  eps 0.011  train return  +11.05%  loss 4.63e-05  maxQ +0.0086  changes   300  6.1 min
episode 496/1013  eps 0.011  train return   +5.41%  loss 4.63e-05  maxQ +0.0080  changes   294  6.1 min
episode 497/1013  eps 0.011  train return   +4.22%  loss 4.68e-05  maxQ +0.0093  changes   356  6.1 min
episode 498/1013  eps 0.011  train return   -3.76%  loss 4.71e-05  maxQ +0.0095  changes   371  6.1 min
episode 499/1013  eps 0.011  train return +132.17%  loss 4.67e-05  maxQ +0.0095  changes   399  6.1 min
episode 500/1013  eps 0.010  train return   +4.41%  loss 4.38e-05  maxQ +0.0090  changes   360  6.1 min | val return -2.26% (best +4.99%)
episode 501/1013  eps 0.010  train return  +73.40%  loss 4.77e-05  maxQ +0.0089  changes   331  6.2 min
episode 502/1013  eps 0.010  train return  +18.20%  loss 4.64e-05  maxQ +0.0104  changes   301  6.2 min
episode 503/1013  eps 0.010  train return  +28.63%  loss 4.64e-05  maxQ +0.0106  changes   294  6.2 min
episode 504/1013  eps 0.010  train return   +3.11%  loss 4.43e-05  maxQ +0.0105  changes   395  6.2 min
episode 505/1013  eps 0.010  train return   +8.34%  loss 4.32e-05  maxQ +0.0107  changes   318  6.2 min
episode 506/1013  eps 0.010  train return  +10.36%  loss 4.23e-05  maxQ +0.0101  changes   382  6.2 min
episode 507/1013  eps 0.010  train return   +1.61%  loss 4.25e-05  maxQ +0.0100  changes   311  6.2 min
episode 508/1013  eps 0.010  train return +310.21%  loss 4.35e-05  maxQ +0.0110  changes   419  6.2 min
episode 509/1013  eps 0.010  train return   +8.70%  loss 4.47e-05  maxQ +0.0107  changes   371  6.3 min
episode 510/1013  eps 0.010  train return   +2.58%  loss 4.40e-05  maxQ +0.0112  changes   268  6.3 min | val return -6.84% (best +4.99%)
episode 511/1013  eps 0.010  train return   +9.27%  loss 4.52e-05  maxQ +0.0105  changes   414  6.3 min
episode 512/1013  eps 0.010  train return  +10.98%  loss 4.50e-05  maxQ +0.0090  changes   366  6.3 min
episode 513/1013  eps 0.010  train return  +20.81%  loss 4.13e-05  maxQ +0.0094  changes   410  6.3 min
episode 514/1013  eps 0.010  train return  -26.50%  loss 4.38e-05  maxQ +0.0088  changes   334  6.3 min
episode 515/1013  eps 0.010  train return  +13.43%  loss 4.22e-05  maxQ +0.0087  changes   318  6.3 min
episode 516/1013  eps 0.010  train return  +59.18%  loss 4.22e-05  maxQ +0.0084  changes   383  6.4 min
episode 517/1013  eps 0.010  train return   +2.72%  loss 4.16e-05  maxQ +0.0091  changes   257  6.4 min
episode 518/1013  eps 0.010  train return +160.04%  loss 4.34e-05  maxQ +0.0101  changes   387  6.4 min
episode 519/1013  eps 0.010  train return  +58.94%  loss 4.28e-05  maxQ +0.0102  changes   394  6.4 min
episode 520/1013  eps 0.010  train return   -1.55%  loss 4.54e-05  maxQ +0.0091  changes   339  6.4 min | val return -10.85% (best +4.99%)
episode 521/1013  eps 0.010  train return  +16.26%  loss 4.73e-05  maxQ +0.0090  changes   316  6.4 min
episode 522/1013  eps 0.010  train return   -7.37%  loss 4.38e-05  maxQ +0.0102  changes   340  6.4 min
episode 523/1013  eps 0.010  train return  +49.99%  loss 4.45e-05  maxQ +0.0093  changes   375  6.4 min
episode 524/1013  eps 0.010  train return   +4.75%  loss 4.45e-05  maxQ +0.0094  changes   368  6.5 min
episode 525/1013  eps 0.010  train return  +19.06%  loss 4.10e-05  maxQ +0.0093  changes   391  6.5 min
episode 526/1013  eps 0.010  train return  +34.10%  loss 4.14e-05  maxQ +0.0091  changes   397  6.5 min
episode 527/1013  eps 0.010  train return   +5.86%  loss 4.49e-05  maxQ +0.0094  changes   359  6.5 min
episode 528/1013  eps 0.010  train return +116.66%  loss 4.51e-05  maxQ +0.0094  changes   426  6.5 min
episode 529/1013  eps 0.010  train return  +16.06%  loss 4.46e-05  maxQ +0.0085  changes   298  6.5 min
episode 530/1013  eps 0.010  train return +118.05%  loss 4.26e-05  maxQ +0.0082  changes   380  6.5 min | val return -6.84% (best +4.99%)
episode 531/1013  eps 0.010  train return   +2.58%  loss 4.26e-05  maxQ +0.0090  changes   382  6.5 min
episode 532/1013  eps 0.010  train return   +7.24%  loss 4.16e-05  maxQ +0.0094  changes   367  6.6 min
episode 533/1013  eps 0.010  train return   +7.51%  loss 4.33e-05  maxQ +0.0092  changes   315  6.6 min
episode 534/1013  eps 0.010  train return  +41.20%  loss 4.31e-05  maxQ +0.0088  changes   365  6.6 min
episode 535/1013  eps 0.010  train return  +29.23%  loss 4.61e-05  maxQ +0.0095  changes   278  6.6 min
episode 536/1013  eps 0.010  train return  +21.58%  loss 4.26e-05  maxQ +0.0094  changes   341  6.6 min
episode 537/1013  eps 0.010  train return  +17.14%  loss 4.52e-05  maxQ +0.0087  changes   259  6.6 min
episode 538/1013  eps 0.010  train return  +32.02%  loss 4.39e-05  maxQ +0.0081  changes   381  6.6 min
episode 539/1013  eps 0.010  train return  +27.36%  loss 4.59e-05  maxQ +0.0084  changes   382  6.6 min
episode 540/1013  eps 0.010  train return  +24.74%  loss 4.51e-05  maxQ +0.0090  changes   315  6.7 min | val return -13.60% (best +4.99%)
episode 541/1013  eps 0.010  train return   +0.91%  loss 4.43e-05  maxQ +0.0093  changes   285  6.7 min
episode 542/1013  eps 0.010  train return  +20.68%  loss 4.31e-05  maxQ +0.0095  changes   318  6.7 min
episode 543/1013  eps 0.010  train return  +11.28%  loss 4.20e-05  maxQ +0.0088  changes   285  6.7 min
episode 544/1013  eps 0.010  train return  +16.50%  loss 4.17e-05  maxQ +0.0088  changes   415  6.7 min
episode 545/1013  eps 0.010  train return   -4.14%  loss 4.32e-05  maxQ +0.0090  changes   338  6.7 min
episode 546/1013  eps 0.010  train return  +23.44%  loss 4.36e-05  maxQ +0.0085  changes   396  6.7 min
episode 547/1013  eps 0.010  train return  +17.20%  loss 4.26e-05  maxQ +0.0088  changes   348  6.8 min
episode 548/1013  eps 0.010  train return   +2.77%  loss 4.51e-05  maxQ +0.0091  changes   247  6.8 min
episode 549/1013  eps 0.010  train return  +17.94%  loss 4.62e-05  maxQ +0.0091  changes   288  6.8 min
episode 550/1013  eps 0.010  train return  +72.99%  loss 4.09e-05  maxQ +0.0076  changes   344  6.8 min | val return +6.79% (best +6.79%)
episode 551/1013  eps 0.010  train return   -7.49%  loss 4.08e-05  maxQ +0.0074  changes   308  6.8 min
episode 552/1013  eps 0.010  train return  +31.18%  loss 4.35e-05  maxQ +0.0076  changes   408  6.8 min
episode 553/1013  eps 0.010  train return +143.94%  loss 4.22e-05  maxQ +0.0081  changes   373  6.8 min
episode 554/1013  eps 0.010  train return  +57.50%  loss 4.29e-05  maxQ +0.0073  changes   387  6.8 min
episode 555/1013  eps 0.010  train return  +13.58%  loss 4.58e-05  maxQ +0.0081  changes   396  6.9 min
episode 556/1013  eps 0.010  train return   -7.28%  loss 4.48e-05  maxQ +0.0079  changes   279  6.9 min
episode 557/1013  eps 0.010  train return  +36.08%  loss 4.11e-05  maxQ +0.0076  changes   383  6.9 min
episode 558/1013  eps 0.010  train return  +58.01%  loss 4.06e-05  maxQ +0.0077  changes   337  6.9 min
episode 559/1013  eps 0.010  train return  +10.06%  loss 4.23e-05  maxQ +0.0088  changes   297  6.9 min
episode 560/1013  eps 0.010  train return  +44.65%  loss 4.40e-05  maxQ +0.0080  changes   410  6.9 min | val return -8.95% (best +6.79%)
episode 561/1013  eps 0.010  train return   -7.32%  loss 4.35e-05  maxQ +0.0081  changes   264  6.9 min
episode 562/1013  eps 0.010  train return  +45.74%  loss 4.23e-05  maxQ +0.0080  changes   374  7.0 min
episode 563/1013  eps 0.010  train return  +64.33%  loss 4.42e-05  maxQ +0.0073  changes   362  7.0 min
episode 564/1013  eps 0.010  train return   +9.90%  loss 4.34e-05  maxQ +0.0076  changes   289  7.0 min
episode 565/1013  eps 0.010  train return  +44.92%  loss 4.54e-05  maxQ +0.0086  changes   366  7.0 min
episode 566/1013  eps 0.010  train return   +0.54%  loss 4.49e-05  maxQ +0.0098  changes   333  7.0 min
episode 567/1013  eps 0.010  train return  +11.40%  loss 4.62e-05  maxQ +0.0095  changes   321  7.0 min
episode 568/1013  eps 0.010  train return  +43.43%  loss 4.58e-05  maxQ +0.0082  changes   289  7.0 min
episode 569/1013  eps 0.010  train return  +55.04%  loss 4.44e-05  maxQ +0.0095  changes   349  7.0 min
episode 570/1013  eps 0.010  train return  +73.16%  loss 4.74e-05  maxQ +0.0092  changes   349  7.0 min | val return -5.41% (best +6.79%)
episode 571/1013  eps 0.010  train return  +32.81%  loss 4.81e-05  maxQ +0.0080  changes   318  7.1 min
episode 572/1013  eps 0.010  train return  +52.89%  loss 4.92e-05  maxQ +0.0078  changes   361  7.1 min
episode 573/1013  eps 0.010  train return   +6.22%  loss 4.56e-05  maxQ +0.0084  changes   327  7.1 min
episode 574/1013  eps 0.010  train return  +94.79%  loss 4.82e-05  maxQ +0.0093  changes   347  7.1 min
episode 575/1013  eps 0.010  train return  +11.01%  loss 4.40e-05  maxQ +0.0083  changes   365  7.1 min
episode 576/1013  eps 0.010  train return  +49.28%  loss 4.33e-05  maxQ +0.0087  changes   347  7.1 min
episode 577/1013  eps 0.010  train return  +29.21%  loss 4.85e-05  maxQ +0.0086  changes   369  7.1 min
episode 578/1013  eps 0.010  train return  +56.18%  loss 4.71e-05  maxQ +0.0088  changes   304  7.2 min
episode 579/1013  eps 0.010  train return   -8.01%  loss 4.32e-05  maxQ +0.0081  changes   301  7.2 min
episode 580/1013  eps 0.010  train return  +79.21%  loss 4.33e-05  maxQ +0.0089  changes   447  7.2 min | val return -11.54% (best +6.79%)
episode 581/1013  eps 0.010  train return  +27.77%  loss 4.54e-05  maxQ +0.0087  changes   341  7.2 min
episode 582/1013  eps 0.010  train return   +9.44%  loss 4.57e-05  maxQ +0.0079  changes   311  7.2 min
episode 583/1013  eps 0.010  train return  +97.44%  loss 4.38e-05  maxQ +0.0096  changes   416  7.2 min
episode 584/1013  eps 0.010  train return  +32.60%  loss 4.52e-05  maxQ +0.0095  changes   334  7.2 min
episode 585/1013  eps 0.010  train return  +74.24%  loss 4.91e-05  maxQ +0.0092  changes   394  7.3 min
episode 586/1013  eps 0.010  train return  +18.22%  loss 4.40e-05  maxQ +0.0096  changes   405  7.3 min
episode 587/1013  eps 0.010  train return   +8.98%  loss 4.67e-05  maxQ +0.0107  changes   288  7.3 min
episode 588/1013  eps 0.010  train return  +77.63%  loss 4.70e-05  maxQ +0.0092  changes   357  7.3 min
episode 589/1013  eps 0.010  train return  +14.96%  loss 4.64e-05  maxQ +0.0111  changes   354  7.3 min
episode 590/1013  eps 0.010  train return   +8.34%  loss 4.84e-05  maxQ +0.0097  changes   338  7.3 min | val return -3.07% (best +6.79%)
episode 591/1013  eps 0.010  train return  +32.02%  loss 4.81e-05  maxQ +0.0108  changes   305  7.3 min
episode 592/1013  eps 0.010  train return  +21.05%  loss 4.97e-05  maxQ +0.0107  changes   344  7.3 min
episode 593/1013  eps 0.010  train return  +16.29%  loss 4.48e-05  maxQ +0.0103  changes   326  7.4 min
episode 594/1013  eps 0.010  train return  +20.63%  loss 4.22e-05  maxQ +0.0106  changes   289  7.4 min
episode 595/1013  eps 0.010  train return  +33.69%  loss 4.30e-05  maxQ +0.0097  changes   339  7.4 min
episode 596/1013  eps 0.010  train return  +20.53%  loss 4.46e-05  maxQ +0.0093  changes   313  7.4 min
episode 597/1013  eps 0.010  train return  +16.11%  loss 4.36e-05  maxQ +0.0086  changes   316  7.4 min
episode 598/1013  eps 0.010  train return  +46.61%  loss 4.52e-05  maxQ +0.0090  changes   361  7.4 min
episode 599/1013  eps 0.010  train return   +5.81%  loss 4.89e-05  maxQ +0.0085  changes   382  7.4 min
episode 600/1013  eps 0.010  train return   +9.80%  loss 4.30e-05  maxQ +0.0081  changes   361  7.4 min | val return -15.87% (best +6.79%)
episode 601/1013  eps 0.010  train return   +2.79%  loss 4.33e-05  maxQ +0.0081  changes   304  7.5 min
episode 602/1013  eps 0.010  train return  +38.31%  loss 4.13e-05  maxQ +0.0086  changes   370  7.5 min
episode 603/1013  eps 0.010  train return  +24.41%  loss 4.33e-05  maxQ +0.0084  changes   376  7.5 min
episode 604/1013  eps 0.010  train return  +35.91%  loss 4.48e-05  maxQ +0.0084  changes   359  7.5 min
episode 605/1013  eps 0.010  train return   +2.24%  loss 4.51e-05  maxQ +0.0077  changes   299  7.5 min
episode 606/1013  eps 0.010  train return  +25.98%  loss 4.34e-05  maxQ +0.0082  changes   288  7.5 min
episode 607/1013  eps 0.010  train return  +76.00%  loss 4.32e-05  maxQ +0.0082  changes   406  7.5 min
episode 608/1013  eps 0.010  train return  +54.72%  loss 4.22e-05  maxQ +0.0076  changes   375  7.5 min
episode 609/1013  eps 0.010  train return   -0.90%  loss 4.29e-05  maxQ +0.0085  changes   335  7.6 min
episode 610/1013  eps 0.010  train return   +6.33%  loss 4.42e-05  maxQ +0.0087  changes   318  7.6 min | val return -11.51% (best +6.79%)
episode 611/1013  eps 0.010  train return  +12.22%  loss 4.41e-05  maxQ +0.0089  changes   405  7.6 min
episode 612/1013  eps 0.010  train return   +0.66%  loss 4.58e-05  maxQ +0.0091  changes   343  7.6 min
episode 613/1013  eps 0.010  train return   +3.88%  loss 4.39e-05  maxQ +0.0089  changes   417  7.6 min
episode 614/1013  eps 0.010  train return   -2.17%  loss 4.30e-05  maxQ +0.0090  changes   329  7.6 min
episode 615/1013  eps 0.010  train return  +63.54%  loss 4.24e-05  maxQ +0.0102  changes   337  7.6 min
episode 616/1013  eps 0.010  train return  +12.70%  loss 4.27e-05  maxQ +0.0092  changes   350  7.6 min
episode 617/1013  eps 0.010  train return  +30.97%  loss 4.03e-05  maxQ +0.0092  changes   314  7.7 min
episode 618/1013  eps 0.010  train return  -10.75%  loss 4.24e-05  maxQ +0.0088  changes   241  7.7 min
episode 619/1013  eps 0.010  train return +112.60%  loss 4.54e-05  maxQ +0.0089  changes   396  7.7 min
episode 620/1013  eps 0.010  train return   +4.63%  loss 4.39e-05  maxQ +0.0086  changes   269  7.7 min | val return -5.67% (best +6.79%)
episode 621/1013  eps 0.010  train return  +38.33%  loss 4.27e-05  maxQ +0.0088  changes   337  7.7 min
episode 622/1013  eps 0.010  train return   -0.50%  loss 3.93e-05  maxQ +0.0084  changes   277  7.7 min
episode 623/1013  eps 0.010  train return  +12.34%  loss 5.01e-05  maxQ +0.0096  changes   291  7.7 min
episode 624/1013  eps 0.010  train return  +28.27%  loss 4.50e-05  maxQ +0.0092  changes   323  7.8 min
episode 625/1013  eps 0.010  train return  +45.24%  loss 4.19e-05  maxQ +0.0091  changes   339  7.8 min
episode 626/1013  eps 0.010  train return   +6.37%  loss 4.41e-05  maxQ +0.0093  changes   370  7.8 min
episode 627/1013  eps 0.010  train return  +22.05%  loss 4.35e-05  maxQ +0.0103  changes   329  7.8 min
episode 628/1013  eps 0.010  train return   +7.24%  loss 4.52e-05  maxQ +0.0094  changes   263  7.8 min
episode 629/1013  eps 0.010  train return   -7.18%  loss 4.08e-05  maxQ +0.0090  changes   258  7.8 min
episode 630/1013  eps 0.010  train return   -0.17%  loss 4.28e-05  maxQ +0.0086  changes   266  7.8 min | val return -3.17% (best +6.79%)
episode 631/1013  eps 0.010  train return  +34.98%  loss 4.04e-05  maxQ +0.0080  changes   315  7.9 min
episode 632/1013  eps 0.010  train return  +29.12%  loss 4.07e-05  maxQ +0.0083  changes   313  7.9 min
episode 633/1013  eps 0.010  train return  +46.63%  loss 4.06e-05  maxQ +0.0085  changes   346  7.9 min
episode 634/1013  eps 0.010  train return   -0.01%  loss 4.13e-05  maxQ +0.0088  changes   286  7.9 min
episode 635/1013  eps 0.010  train return   +4.87%  loss 3.98e-05  maxQ +0.0079  changes   282  7.9 min
episode 636/1013  eps 0.010  train return  +36.29%  loss 3.94e-05  maxQ +0.0080  changes   314  7.9 min
episode 637/1013  eps 0.010  train return  +58.85%  loss 4.07e-05  maxQ +0.0085  changes   392  7.9 min
episode 638/1013  eps 0.010  train return  +29.54%  loss 4.19e-05  maxQ +0.0081  changes   360  7.9 min
episode 639/1013  eps 0.010  train return  +18.49%  loss 3.85e-05  maxQ +0.0086  changes   375  8.0 min
episode 640/1013  eps 0.010  train return   +6.13%  loss 3.78e-05  maxQ +0.0079  changes   257  8.0 min | val return -13.07% (best +6.79%)
episode 641/1013  eps 0.010  train return  +57.90%  loss 3.87e-05  maxQ +0.0086  changes   335  8.0 min
episode 642/1013  eps 0.010  train return   -3.13%  loss 3.64e-05  maxQ +0.0084  changes   335  8.0 min
episode 643/1013  eps 0.010  train return  +29.74%  loss 3.74e-05  maxQ +0.0086  changes   371  8.0 min
episode 644/1013  eps 0.010  train return  +26.60%  loss 3.71e-05  maxQ +0.0100  changes   328  8.0 min
episode 645/1013  eps 0.010  train return  +39.40%  loss 3.79e-05  maxQ +0.0089  changes   365  8.0 min
episode 646/1013  eps 0.010  train return  +22.05%  loss 3.52e-05  maxQ +0.0096  changes   307  8.1 min
episode 647/1013  eps 0.010  train return   +0.80%  loss 3.79e-05  maxQ +0.0090  changes   277  8.1 min
episode 648/1013  eps 0.010  train return  +12.50%  loss 3.82e-05  maxQ +0.0083  changes   414  8.1 min
episode 649/1013  eps 0.010  train return  +16.29%  loss 3.82e-05  maxQ +0.0085  changes   323  8.1 min
episode 650/1013  eps 0.010  train return  +52.28%  loss 3.58e-05  maxQ +0.0082  changes   389  8.1 min | val return -18.51% (best +6.79%)
episode 651/1013  eps 0.010  train return  +31.00%  loss 3.63e-05  maxQ +0.0089  changes   390  8.1 min
episode 652/1013  eps 0.010  train return  +81.47%  loss 3.61e-05  maxQ +0.0084  changes   356  8.1 min
episode 653/1013  eps 0.010  train return  +72.37%  loss 3.58e-05  maxQ +0.0075  changes   375  8.1 min
episode 654/1013  eps 0.010  train return  +39.49%  loss 3.89e-05  maxQ +0.0079  changes   341  8.2 min
episode 655/1013  eps 0.010  train return  +50.58%  loss 3.67e-05  maxQ +0.0083  changes   337  8.2 min
episode 656/1013  eps 0.010  train return   +9.92%  loss 3.79e-05  maxQ +0.0093  changes   330  8.2 min
episode 657/1013  eps 0.010  train return +101.36%  loss 3.46e-05  maxQ +0.0090  changes   355  8.2 min
episode 658/1013  eps 0.010  train return   +3.15%  loss 3.91e-05  maxQ +0.0083  changes   247  8.2 min
episode 659/1013  eps 0.010  train return   +4.45%  loss 3.59e-05  maxQ +0.0085  changes   250  8.2 min
episode 660/1013  eps 0.010  train return   +8.50%  loss 3.81e-05  maxQ +0.0093  changes   260  8.2 min | val return -23.58% (best +6.79%)
episode 661/1013  eps 0.010  train return  -11.30%  loss 3.68e-05  maxQ +0.0081  changes   341  8.2 min
episode 662/1013  eps 0.010  train return  +13.12%  loss 3.32e-05  maxQ +0.0075  changes   300  8.3 min
episode 663/1013  eps 0.010  train return  +15.56%  loss 3.68e-05  maxQ +0.0071  changes   332  8.3 min
episode 664/1013  eps 0.010  train return  +95.39%  loss 3.64e-05  maxQ +0.0079  changes   390  8.3 min
episode 665/1013  eps 0.010  train return  +35.79%  loss 3.62e-05  maxQ +0.0082  changes   345  8.3 min
episode 666/1013  eps 0.010  train return   +1.87%  loss 3.72e-05  maxQ +0.0077  changes   275  8.3 min
episode 667/1013  eps 0.010  train return  +30.01%  loss 3.65e-05  maxQ +0.0078  changes   373  8.3 min
episode 668/1013  eps 0.010  train return   +8.99%  loss 3.85e-05  maxQ +0.0082  changes   286  8.3 min
episode 669/1013  eps 0.010  train return  +31.65%  loss 3.66e-05  maxQ +0.0086  changes   374  8.3 min
episode 670/1013  eps 0.010  train return   -3.79%  loss 3.62e-05  maxQ +0.0090  changes   388  8.4 min | val return -1.07% (best +6.79%)
episode 671/1013  eps 0.010  train return   -2.27%  loss 4.29e-05  maxQ +0.0082  changes   352  8.4 min
episode 672/1013  eps 0.010  train return  +23.48%  loss 3.66e-05  maxQ +0.0084  changes   349  8.4 min
episode 673/1013  eps 0.010  train return   -4.59%  loss 3.96e-05  maxQ +0.0083  changes   318  8.4 min
episode 674/1013  eps 0.010  train return  +48.65%  loss 3.82e-05  maxQ +0.0081  changes   369  8.4 min
episode 675/1013  eps 0.010  train return  +52.98%  loss 3.73e-05  maxQ +0.0091  changes   304  8.4 min
episode 676/1013  eps 0.010  train return  +59.42%  loss 3.72e-05  maxQ +0.0083  changes   402  8.4 min
episode 677/1013  eps 0.010  train return  +79.61%  loss 3.70e-05  maxQ +0.0082  changes   354  8.5 min
episode 678/1013  eps 0.010  train return  +37.39%  loss 3.97e-05  maxQ +0.0083  changes   359  8.5 min
episode 679/1013  eps 0.010  train return  +41.95%  loss 3.90e-05  maxQ +0.0085  changes   371  8.5 min
episode 680/1013  eps 0.010  train return  +12.80%  loss 3.83e-05  maxQ +0.0080  changes   328  8.5 min | val return -18.74% (best +6.79%)
episode 681/1013  eps 0.010  train return  +45.24%  loss 3.53e-05  maxQ +0.0074  changes   402  8.5 min
episode 682/1013  eps 0.010  train return   +4.23%  loss 3.93e-05  maxQ +0.0073  changes   299  8.5 min
episode 683/1013  eps 0.010  train return   +9.31%  loss 3.83e-05  maxQ +0.0074  changes   318  8.6 min
episode 684/1013  eps 0.010  train return  +14.39%  loss 3.83e-05  maxQ +0.0067  changes   372  8.6 min
episode 685/1013  eps 0.010  train return   -2.99%  loss 3.73e-05  maxQ +0.0072  changes   338  8.6 min
episode 686/1013  eps 0.010  train return  +28.52%  loss 3.62e-05  maxQ +0.0086  changes   360  8.6 min
episode 687/1013  eps 0.010  train return  +21.66%  loss 3.58e-05  maxQ +0.0083  changes   394  8.6 min
episode 688/1013  eps 0.010  train return  +18.68%  loss 3.92e-05  maxQ +0.0075  changes   396  8.6 min
episode 689/1013  eps 0.010  train return  +21.92%  loss 3.70e-05  maxQ +0.0080  changes   310  8.6 min
episode 690/1013  eps 0.010  train return   +9.82%  loss 4.76e-05  maxQ +0.0082  changes   318  8.6 min | val return -11.72% (best +6.79%)
episode 691/1013  eps 0.010  train return +172.97%  loss 3.74e-05  maxQ +0.0088  changes   457  8.7 min
episode 692/1013  eps 0.010  train return  +53.22%  loss 4.14e-05  maxQ +0.0097  changes   347  8.7 min
episode 693/1013  eps 0.010  train return  +31.03%  loss 3.81e-05  maxQ +0.0088  changes   410  8.7 min
episode 694/1013  eps 0.010  train return  +20.53%  loss 4.03e-05  maxQ +0.0084  changes   451  8.7 min
episode 695/1013  eps 0.010  train return   +7.68%  loss 4.13e-05  maxQ +0.0090  changes   395  8.7 min
episode 696/1013  eps 0.010  train return  +10.94%  loss 3.85e-05  maxQ +0.0085  changes   367  8.7 min
episode 697/1013  eps 0.010  train return   +2.09%  loss 4.39e-05  maxQ +0.0086  changes   315  8.7 min
episode 698/1013  eps 0.010  train return  +52.00%  loss 4.13e-05  maxQ +0.0085  changes   329  8.8 min
episode 699/1013  eps 0.010  train return  +81.65%  loss 3.92e-05  maxQ +0.0088  changes   399  8.8 min
episode 700/1013  eps 0.010  train return  +46.05%  loss 4.04e-05  maxQ +0.0081  changes   403  8.8 min | val return -21.20% (best +6.79%)
episode 701/1013  eps 0.010  train return  -10.69%  loss 4.32e-05  maxQ +0.0079  changes   300  8.8 min
episode 702/1013  eps 0.010  train return  +27.42%  loss 4.54e-05  maxQ +0.0091  changes   407  8.8 min
episode 703/1013  eps 0.010  train return   +7.72%  loss 4.66e-05  maxQ +0.0083  changes   380  8.8 min
episode 704/1013  eps 0.010  train return  -12.84%  loss 4.67e-05  maxQ +0.0088  changes   365  8.8 min
episode 705/1013  eps 0.010  train return  +33.80%  loss 4.39e-05  maxQ +0.0089  changes   367  8.8 min
episode 706/1013  eps 0.010  train return   -6.03%  loss 4.46e-05  maxQ +0.0080  changes   297  8.9 min
episode 707/1013  eps 0.010  train return  +24.47%  loss 4.40e-05  maxQ +0.0090  changes   368  8.9 min
episode 708/1013  eps 0.010  train return  +20.34%  loss 4.12e-05  maxQ +0.0097  changes   366  8.9 min
episode 709/1013  eps 0.010  train return  +38.73%  loss 4.22e-05  maxQ +0.0095  changes   378  8.9 min
episode 710/1013  eps 0.010  train return   +6.55%  loss 4.45e-05  maxQ +0.0095  changes   402  8.9 min | val return -18.58% (best +6.79%)
episode 711/1013  eps 0.010  train return  -13.67%  loss 4.09e-05  maxQ +0.0088  changes   290  8.9 min
episode 712/1013  eps 0.010  train return   -4.84%  loss 4.17e-05  maxQ +0.0085  changes   325  8.9 min
episode 713/1013  eps 0.010  train return +106.68%  loss 4.06e-05  maxQ +0.0091  changes   368  9.0 min
episode 714/1013  eps 0.010  train return   +3.76%  loss 4.38e-05  maxQ +0.0087  changes   323  9.0 min
episode 715/1013  eps 0.010  train return   +7.20%  loss 4.53e-05  maxQ +0.0090  changes   288  9.0 min
episode 716/1013  eps 0.010  train return  +50.78%  loss 4.27e-05  maxQ +0.0094  changes   387  9.0 min
episode 717/1013  eps 0.010  train return  +16.17%  loss 4.12e-05  maxQ +0.0083  changes   362  9.0 min
episode 718/1013  eps 0.010  train return  +30.43%  loss 3.98e-05  maxQ +0.0087  changes   353  9.0 min
episode 719/1013  eps 0.010  train return  +21.16%  loss 4.36e-05  maxQ +0.0087  changes   362  9.0 min
episode 720/1013  eps 0.010  train return   -0.54%  loss 4.20e-05  maxQ +0.0091  changes   334  9.0 min | val return -25.96% (best +6.79%)
episode 721/1013  eps 0.010  train return   +9.99%  loss 4.18e-05  maxQ +0.0084  changes   369  9.1 min
episode 722/1013  eps 0.010  train return  +55.79%  loss 4.21e-05  maxQ +0.0093  changes   419  9.1 min
episode 723/1013  eps 0.010  train return  +17.80%  loss 4.09e-05  maxQ +0.0090  changes   390  9.1 min
episode 724/1013  eps 0.010  train return  +20.01%  loss 3.99e-05  maxQ +0.0090  changes   295  9.1 min
episode 725/1013  eps 0.010  train return  +10.71%  loss 4.03e-05  maxQ +0.0094  changes   360  9.1 min
episode 726/1013  eps 0.010  train return  +45.91%  loss 3.87e-05  maxQ +0.0092  changes   341  9.1 min
episode 727/1013  eps 0.010  train return  +45.76%  loss 3.62e-05  maxQ +0.0101  changes   416  9.1 min
episode 728/1013  eps 0.010  train return   -2.47%  loss 4.60e-05  maxQ +0.0105  changes   317  9.1 min
episode 729/1013  eps 0.010  train return  +32.98%  loss 4.63e-05  maxQ +0.0101  changes   444  9.2 min
episode 730/1013  eps 0.010  train return  +13.03%  loss 4.16e-05  maxQ +0.0107  changes   341  9.2 min | val return -10.56% (best +6.79%)
episode 731/1013  eps 0.010  train return   +2.59%  loss 4.07e-05  maxQ +0.0102  changes   322  9.2 min
episode 732/1013  eps 0.010  train return   +0.68%  loss 4.19e-05  maxQ +0.0090  changes   295  9.2 min
episode 733/1013  eps 0.010  train return  +26.10%  loss 3.87e-05  maxQ +0.0093  changes   388  9.2 min
episode 734/1013  eps 0.010  train return  +47.21%  loss 3.85e-05  maxQ +0.0086  changes   320  9.2 min
episode 735/1013  eps 0.010  train return  +30.61%  loss 3.81e-05  maxQ +0.0076  changes   358  9.2 min
episode 736/1013  eps 0.010  train return   -6.64%  loss 3.68e-05  maxQ +0.0080  changes   251  9.2 min
episode 737/1013  eps 0.010  train return   +4.36%  loss 4.36e-05  maxQ +0.0087  changes   290  9.3 min
episode 738/1013  eps 0.010  train return  +23.25%  loss 4.13e-05  maxQ +0.0084  changes   368  9.3 min
episode 739/1013  eps 0.010  train return   +9.19%  loss 4.19e-05  maxQ +0.0088  changes   338  9.3 min
episode 740/1013  eps 0.010  train return  +24.71%  loss 4.02e-05  maxQ +0.0089  changes   366  9.3 min | val return -2.45% (best +6.79%)
episode 741/1013  eps 0.010  train return   -8.27%  loss 4.01e-05  maxQ +0.0091  changes   327  9.3 min
episode 742/1013  eps 0.010  train return  -12.35%  loss 4.08e-05  maxQ +0.0090  changes   294  9.3 min
episode 743/1013  eps 0.010  train return  +45.59%  loss 4.30e-05  maxQ +0.0085  changes   348  9.3 min
episode 744/1013  eps 0.010  train return  +15.69%  loss 4.07e-05  maxQ +0.0079  changes   305  9.4 min
episode 745/1013  eps 0.010  train return  +44.39%  loss 3.72e-05  maxQ +0.0078  changes   365  9.4 min
episode 746/1013  eps 0.010  train return  +61.71%  loss 3.92e-05  maxQ +0.0077  changes   390  9.4 min
episode 747/1013  eps 0.010  train return   +3.41%  loss 4.10e-05  maxQ +0.0080  changes   319  9.4 min
episode 748/1013  eps 0.010  train return  +80.27%  loss 3.63e-05  maxQ +0.0076  changes   379  9.4 min
episode 749/1013  eps 0.010  train return  +35.78%  loss 4.01e-05  maxQ +0.0079  changes   387  9.4 min
episode 750/1013  eps 0.010  train return +103.24%  loss 3.92e-05  maxQ +0.0082  changes   371  9.4 min | val return -14.20% (best +6.79%)
episode 751/1013  eps 0.010  train return  -14.32%  loss 4.39e-05  maxQ +0.0083  changes   370  9.5 min
episode 752/1013  eps 0.010  train return   +8.87%  loss 4.41e-05  maxQ +0.0080  changes   371  9.5 min
episode 753/1013  eps 0.010  train return  +50.57%  loss 4.18e-05  maxQ +0.0080  changes   416  9.5 min
episode 754/1013  eps 0.010  train return  +39.10%  loss 3.71e-05  maxQ +0.0084  changes   416  9.5 min
episode 755/1013  eps 0.010  train return  +27.42%  loss 3.88e-05  maxQ +0.0084  changes   321  9.5 min
episode 756/1013  eps 0.010  train return   -0.27%  loss 3.89e-05  maxQ +0.0091  changes   324  9.5 min
episode 757/1013  eps 0.010  train return  +53.57%  loss 3.81e-05  maxQ +0.0094  changes   396  9.5 min
episode 758/1013  eps 0.010  train return  +62.72%  loss 3.95e-05  maxQ +0.0086  changes   377  9.5 min
episode 759/1013  eps 0.010  train return  -14.39%  loss 4.01e-05  maxQ +0.0088  changes   277  9.6 min
episode 760/1013  eps 0.010  train return  +64.16%  loss 3.83e-05  maxQ +0.0091  changes   417  9.6 min | val return -3.67% (best +6.79%)
episode 761/1013  eps 0.010  train return  +20.70%  loss 3.94e-05  maxQ +0.0083  changes   375  9.6 min
episode 762/1013  eps 0.010  train return   +9.36%  loss 3.57e-05  maxQ +0.0092  changes   400  9.6 min
episode 763/1013  eps 0.010  train return  +30.74%  loss 3.88e-05  maxQ +0.0081  changes   387  9.6 min
episode 764/1013  eps 0.010  train return  +74.34%  loss 3.60e-05  maxQ +0.0074  changes   425  9.6 min
episode 765/1013  eps 0.010  train return  +17.18%  loss 3.63e-05  maxQ +0.0080  changes   324  9.6 min
episode 766/1013  eps 0.010  train return  +44.91%  loss 3.73e-05  maxQ +0.0073  changes   403  9.6 min
episode 767/1013  eps 0.010  train return  +34.00%  loss 3.55e-05  maxQ +0.0070  changes   325  9.7 min
episode 768/1013  eps 0.010  train return  +34.27%  loss 4.25e-05  maxQ +0.0069  changes   415  9.7 min
episode 769/1013  eps 0.010  train return   +0.84%  loss 4.07e-05  maxQ +0.0070  changes   284  9.7 min
episode 770/1013  eps 0.010  train return   +9.78%  loss 3.79e-05  maxQ +0.0066  changes   327  9.7 min | val return -15.98% (best +6.79%)
episode 771/1013  eps 0.010  train return   +8.21%  loss 3.57e-05  maxQ +0.0071  changes   394  9.7 min
episode 772/1013  eps 0.010  train return  +18.59%  loss 3.95e-05  maxQ +0.0073  changes   335  9.7 min
episode 773/1013  eps 0.010  train return +127.91%  loss 3.62e-05  maxQ +0.0080  changes   362  9.7 min
episode 774/1013  eps 0.010  train return  +38.85%  loss 3.84e-05  maxQ +0.0084  changes   421  9.7 min
episode 775/1013  eps 0.010  train return   +8.68%  loss 3.71e-05  maxQ +0.0091  changes   314  9.8 min
episode 776/1013  eps 0.010  train return   -2.03%  loss 3.89e-05  maxQ +0.0085  changes   336  9.8 min
episode 777/1013  eps 0.010  train return   +2.13%  loss 3.81e-05  maxQ +0.0078  changes   360  9.8 min
episode 778/1013  eps 0.010  train return  +44.88%  loss 3.79e-05  maxQ +0.0076  changes   369  9.8 min
episode 779/1013  eps 0.010  train return  +83.68%  loss 3.70e-05  maxQ +0.0073  changes   391  9.8 min
episode 780/1013  eps 0.010  train return   +6.77%  loss 3.44e-05  maxQ +0.0068  changes   351  9.8 min | val return -12.65% (best +6.79%)
episode 781/1013  eps 0.010  train return  +18.24%  loss 3.39e-05  maxQ +0.0069  changes   372  9.8 min
episode 782/1013  eps 0.010  train return  +35.12%  loss 3.39e-05  maxQ +0.0076  changes   387  9.9 min
episode 783/1013  eps 0.010  train return   -8.28%  loss 3.66e-05  maxQ +0.0081  changes   325  9.9 min
episode 784/1013  eps 0.010  train return  +25.08%  loss 3.85e-05  maxQ +0.0081  changes   384  9.9 min
episode 785/1013  eps 0.010  train return  +31.87%  loss 3.68e-05  maxQ +0.0083  changes   328  9.9 min
episode 786/1013  eps 0.010  train return  +64.95%  loss 3.49e-05  maxQ +0.0079  changes   416  9.9 min
episode 787/1013  eps 0.010  train return   -0.00%  loss 3.97e-05  maxQ +0.0092  changes   253  9.9 min
episode 788/1013  eps 0.010  train return  +31.00%  loss 3.84e-05  maxQ +0.0091  changes   267  9.9 min
episode 789/1013  eps 0.010  train return  +16.45%  loss 3.73e-05  maxQ +0.0094  changes   320  9.9 min
episode 790/1013  eps 0.010  train return  +58.31%  loss 3.69e-05  maxQ +0.0090  changes   342  10.0 min | val return -11.85% (best +6.79%)
episode 791/1013  eps 0.010  train return  +28.05%  loss 3.89e-05  maxQ +0.0086  changes   387  10.0 min
episode 792/1013  eps 0.010  train return  +73.21%  loss 3.99e-05  maxQ +0.0087  changes   385  10.0 min
episode 793/1013  eps 0.010  train return +119.13%  loss 3.88e-05  maxQ +0.0093  changes   371  10.0 min
episode 794/1013  eps 0.010  train return   +2.71%  loss 3.89e-05  maxQ +0.0094  changes   330  10.0 min
episode 795/1013  eps 0.010  train return  +71.98%  loss 3.67e-05  maxQ +0.0084  changes   383  10.0 min
episode 796/1013  eps 0.010  train return  +30.36%  loss 3.76e-05  maxQ +0.0085  changes   368  10.0 min
episode 797/1013  eps 0.010  train return  +40.16%  loss 3.62e-05  maxQ +0.0084  changes   375  10.0 min
episode 798/1013  eps 0.010  train return  +16.46%  loss 3.77e-05  maxQ +0.0087  changes   409  10.1 min
episode 799/1013  eps 0.010  train return  +65.28%  loss 4.00e-05  maxQ +0.0087  changes   384  10.1 min
episode 800/1013  eps 0.010  train return   +1.86%  loss 3.75e-05  maxQ +0.0090  changes   328  10.1 min | val return -13.46% (best +6.79%)
episode 801/1013  eps 0.010  train return  +37.73%  loss 3.94e-05  maxQ +0.0092  changes   347  10.1 min
episode 802/1013  eps 0.010  train return   -0.64%  loss 3.81e-05  maxQ +0.0088  changes   328  10.1 min
episode 803/1013  eps 0.010  train return +129.12%  loss 3.74e-05  maxQ +0.0086  changes   362  10.1 min
episode 804/1013  eps 0.010  train return   +7.15%  loss 4.27e-05  maxQ +0.0100  changes   252  10.1 min
episode 805/1013  eps 0.010  train return   +4.24%  loss 4.47e-05  maxQ +0.0100  changes   286  10.1 min
episode 806/1013  eps 0.010  train return   -4.22%  loss 4.36e-05  maxQ +0.0100  changes   302  10.2 min
episode 807/1013  eps 0.010  train return  +67.10%  loss 4.20e-05  maxQ +0.0099  changes   404  10.2 min
episode 808/1013  eps 0.010  train return  +13.20%  loss 4.11e-05  maxQ +0.0096  changes   341  10.2 min
episode 809/1013  eps 0.010  train return  +15.18%  loss 3.97e-05  maxQ +0.0095  changes   337  10.2 min
episode 810/1013  eps 0.010  train return  +55.25%  loss 4.04e-05  maxQ +0.0088  changes   378  10.2 min | val return -16.30% (best +6.79%)
episode 811/1013  eps 0.010  train return  +91.78%  loss 3.75e-05  maxQ +0.0084  changes   407  10.2 min
episode 812/1013  eps 0.010  train return   +1.01%  loss 4.30e-05  maxQ +0.0093  changes   274  10.2 min
episode 813/1013  eps 0.010  train return  +12.26%  loss 4.34e-05  maxQ +0.0097  changes   414  10.3 min
episode 814/1013  eps 0.010  train return  +62.03%  loss 4.09e-05  maxQ +0.0086  changes   352  10.3 min
episode 815/1013  eps 0.010  train return  +49.46%  loss 4.43e-05  maxQ +0.0087  changes   415  10.3 min
episode 816/1013  eps 0.010  train return   +7.92%  loss 4.29e-05  maxQ +0.0087  changes   343  10.3 min
episode 817/1013  eps 0.010  train return  +20.55%  loss 4.41e-05  maxQ +0.0086  changes   371  10.3 min
episode 818/1013  eps 0.010  train return  +25.45%  loss 4.00e-05  maxQ +0.0082  changes   376  10.3 min
episode 819/1013  eps 0.010  train return  +44.05%  loss 4.66e-05  maxQ +0.0087  changes   326  10.3 min
episode 820/1013  eps 0.010  train return  +45.80%  loss 4.29e-05  maxQ +0.0091  changes   392  10.3 min | val return -4.37% (best +6.79%)
episode 821/1013  eps 0.010  train return  +37.73%  loss 4.58e-05  maxQ +0.0087  changes   389  10.4 min
episode 822/1013  eps 0.010  train return   +0.85%  loss 4.97e-05  maxQ +0.0095  changes   268  10.4 min
episode 823/1013  eps 0.010  train return   -3.46%  loss 4.39e-05  maxQ +0.0089  changes   305  10.4 min
episode 824/1013  eps 0.010  train return   +9.54%  loss 4.60e-05  maxQ +0.0090  changes   311  10.4 min
episode 825/1013  eps 0.010  train return  +43.91%  loss 4.04e-05  maxQ +0.0093  changes   387  10.4 min
episode 826/1013  eps 0.010  train return  +96.68%  loss 4.24e-05  maxQ +0.0088  changes   378  10.4 min
episode 827/1013  eps 0.010  train return   -2.71%  loss 4.13e-05  maxQ +0.0092  changes   263  10.4 min
episode 828/1013  eps 0.010  train return  +12.66%  loss 4.05e-05  maxQ +0.0099  changes   325  10.4 min
episode 829/1013  eps 0.010  train return  +64.59%  loss 4.15e-05  maxQ +0.0099  changes   358  10.5 min
episode 830/1013  eps 0.010  train return  +44.63%  loss 3.99e-05  maxQ +0.0095  changes   414  10.5 min | val return -15.20% (best +6.79%)
episode 831/1013  eps 0.010  train return  +33.83%  loss 4.10e-05  maxQ +0.0094  changes   383  10.5 min
episode 832/1013  eps 0.010  train return   -9.22%  loss 4.24e-05  maxQ +0.0089  changes   318  10.5 min
episode 833/1013  eps 0.010  train return  +51.36%  loss 4.45e-05  maxQ +0.0096  changes   429  10.5 min
episode 834/1013  eps 0.010  train return  +49.97%  loss 4.03e-05  maxQ +0.0091  changes   366  10.5 min
episode 835/1013  eps 0.010  train return  +37.52%  loss 4.31e-05  maxQ +0.0096  changes   410  10.5 min
episode 836/1013  eps 0.010  train return  +31.24%  loss 4.38e-05  maxQ +0.0088  changes   354  10.6 min
episode 837/1013  eps 0.010  train return   +1.49%  loss 4.14e-05  maxQ +0.0096  changes   343  10.6 min
episode 838/1013  eps 0.010  train return  +19.99%  loss 4.04e-05  maxQ +0.0091  changes   332  10.6 min
episode 839/1013  eps 0.010  train return  +50.39%  loss 4.12e-05  maxQ +0.0091  changes   368  10.6 min
episode 840/1013  eps 0.010  train return  +11.80%  loss 4.24e-05  maxQ +0.0090  changes   367  10.6 min | val return -11.06% (best +6.79%)
episode 841/1013  eps 0.010  train return   +5.66%  loss 4.05e-05  maxQ +0.0088  changes   283  10.6 min
episode 842/1013  eps 0.010  train return   +1.97%  loss 3.87e-05  maxQ +0.0088  changes   318  10.6 min
episode 843/1013  eps 0.010  train return  +18.88%  loss 4.12e-05  maxQ +0.0094  changes   326  10.6 min
episode 844/1013  eps 0.010  train return   -2.95%  loss 4.05e-05  maxQ +0.0089  changes   319  10.7 min
episode 845/1013  eps 0.010  train return  +38.86%  loss 4.11e-05  maxQ +0.0087  changes   362  10.7 min
episode 846/1013  eps 0.010  train return  +24.29%  loss 3.97e-05  maxQ +0.0096  changes   346  10.7 min
episode 847/1013  eps 0.010  train return  +12.74%  loss 3.91e-05  maxQ +0.0090  changes   274  10.7 min
episode 848/1013  eps 0.010  train return   +4.78%  loss 3.93e-05  maxQ +0.0100  changes   344  10.7 min
episode 849/1013  eps 0.010  train return  -15.27%  loss 3.87e-05  maxQ +0.0095  changes   302  10.7 min
episode 850/1013  eps 0.010  train return   -6.81%  loss 3.94e-05  maxQ +0.0100  changes   356  10.7 min | val return -5.92% (best +6.79%)
episode 851/1013  eps 0.010  train return   -7.55%  loss 3.94e-05  maxQ +0.0097  changes   365  10.8 min
episode 852/1013  eps 0.010  train return  +48.29%  loss 4.12e-05  maxQ +0.0093  changes   390  10.8 min
episode 853/1013  eps 0.010  train return +152.38%  loss 3.93e-05  maxQ +0.0098  changes   419  10.8 min
episode 854/1013  eps 0.010  train return  +38.38%  loss 4.15e-05  maxQ +0.0092  changes   355  10.8 min
episode 855/1013  eps 0.010  train return  +35.40%  loss 3.98e-05  maxQ +0.0093  changes   397  10.8 min
episode 856/1013  eps 0.010  train return  +85.22%  loss 4.08e-05  maxQ +0.0085  changes   377  10.8 min
episode 857/1013  eps 0.010  train return  +32.69%  loss 4.17e-05  maxQ +0.0091  changes   368  10.8 min
episode 858/1013  eps 0.010  train return   +7.26%  loss 4.21e-05  maxQ +0.0087  changes   293  10.8 min
episode 859/1013  eps 0.010  train return   +2.49%  loss 3.76e-05  maxQ +0.0092  changes   288  10.9 min
episode 860/1013  eps 0.010  train return  +20.34%  loss 4.19e-05  maxQ +0.0088  changes   380  10.9 min | val return -15.75% (best +6.79%)
episode 861/1013  eps 0.010  train return   +6.69%  loss 4.25e-05  maxQ +0.0086  changes   322  10.9 min
episode 862/1013  eps 0.010  train return  +15.35%  loss 4.70e-05  maxQ +0.0089  changes   409  10.9 min
episode 863/1013  eps 0.010  train return  -13.92%  loss 4.06e-05  maxQ +0.0090  changes   290  10.9 min
episode 864/1013  eps 0.010  train return  +95.98%  loss 4.27e-05  maxQ +0.0097  changes   399  10.9 min
episode 865/1013  eps 0.010  train return  +28.88%  loss 3.88e-05  maxQ +0.0089  changes   365  10.9 min
episode 866/1013  eps 0.010  train return  +35.31%  loss 4.17e-05  maxQ +0.0086  changes   306  11.0 min
episode 867/1013  eps 0.010  train return  +84.13%  loss 4.18e-05  maxQ +0.0087  changes   359  11.0 min
episode 868/1013  eps 0.010  train return  +40.16%  loss 3.68e-05  maxQ +0.0079  changes   404  11.0 min
episode 869/1013  eps 0.010  train return  +38.07%  loss 4.04e-05  maxQ +0.0080  changes   376  11.0 min
episode 870/1013  eps 0.010  train return  +35.25%  loss 3.91e-05  maxQ +0.0078  changes   379  11.0 min | val return -1.34% (best +6.79%)
episode 871/1013  eps 0.010  train return  +18.12%  loss 4.09e-05  maxQ +0.0082  changes   355  11.0 min
episode 872/1013  eps 0.010  train return  +51.65%  loss 4.21e-05  maxQ +0.0097  changes   395  11.0 min
episode 873/1013  eps 0.010  train return  +30.91%  loss 3.98e-05  maxQ +0.0094  changes   392  11.1 min
episode 874/1013  eps 0.010  train return  +13.17%  loss 3.92e-05  maxQ +0.0091  changes   290  11.1 min
episode 875/1013  eps 0.010  train return  +15.73%  loss 3.73e-05  maxQ +0.0087  changes   371  11.1 min
episode 876/1013  eps 0.010  train return  +82.03%  loss 4.19e-05  maxQ +0.0097  changes   384  11.1 min
episode 877/1013  eps 0.010  train return  +19.97%  loss 3.72e-05  maxQ +0.0089  changes   396  11.1 min
episode 878/1013  eps 0.010  train return  +97.67%  loss 3.90e-05  maxQ +0.0081  changes   405  11.1 min
episode 879/1013  eps 0.010  train return   +3.74%  loss 4.03e-05  maxQ +0.0084  changes   248  11.1 min
episode 880/1013  eps 0.010  train return  +24.56%  loss 3.69e-05  maxQ +0.0087  changes   319  11.1 min | val return -4.92% (best +6.79%)
episode 881/1013  eps 0.010  train return  +13.76%  loss 4.01e-05  maxQ +0.0090  changes   337  11.2 min
episode 882/1013  eps 0.010  train return  +12.23%  loss 3.82e-05  maxQ +0.0085  changes   278  11.2 min
episode 883/1013  eps 0.010  train return   -2.14%  loss 3.68e-05  maxQ +0.0082  changes   265  11.2 min
episode 884/1013  eps 0.010  train return  +18.27%  loss 3.67e-05  maxQ +0.0077  changes   330  11.2 min
episode 885/1013  eps 0.010  train return  +27.88%  loss 3.75e-05  maxQ +0.0086  changes   344  11.2 min
episode 886/1013  eps 0.010  train return   +3.86%  loss 4.12e-05  maxQ +0.0080  changes   359  11.2 min
episode 887/1013  eps 0.010  train return   +3.16%  loss 3.77e-05  maxQ +0.0082  changes   306  11.2 min
episode 888/1013  eps 0.010  train return  +11.52%  loss 4.51e-05  maxQ +0.0077  changes   377  11.2 min
episode 889/1013  eps 0.010  train return  +14.39%  loss 3.90e-05  maxQ +0.0074  changes   384  11.3 min
episode 890/1013  eps 0.010  train return   +1.98%  loss 3.94e-05  maxQ +0.0084  changes   335  11.3 min | val return -3.94% (best +6.79%)
episode 891/1013  eps 0.010  train return  +24.53%  loss 3.63e-05  maxQ +0.0076  changes   365  11.3 min
episode 892/1013  eps 0.010  train return   -7.50%  loss 3.81e-05  maxQ +0.0078  changes   292  11.3 min
episode 893/1013  eps 0.010  train return  +82.98%  loss 3.57e-05  maxQ +0.0081  changes   388  11.3 min
episode 894/1013  eps 0.010  train return   +2.51%  loss 3.69e-05  maxQ +0.0078  changes   281  11.3 min
episode 895/1013  eps 0.010  train return  +43.50%  loss 3.85e-05  maxQ +0.0082  changes   418  11.3 min
episode 896/1013  eps 0.010  train return   +0.61%  loss 3.72e-05  maxQ +0.0081  changes   368  11.3 min
episode 897/1013  eps 0.010  train return  +27.04%  loss 3.87e-05  maxQ +0.0083  changes   407  11.4 min
episode 898/1013  eps 0.010  train return  +32.29%  loss 4.12e-05  maxQ +0.0086  changes   383  11.4 min
episode 899/1013  eps 0.010  train return  -17.47%  loss 3.57e-05  maxQ +0.0084  changes   317  11.4 min
episode 900/1013  eps 0.010  train return   +1.40%  loss 3.29e-05  maxQ +0.0084  changes   335  11.4 min | val return +0.83% (best +6.79%)
episode 901/1013  eps 0.010  train return   +4.00%  loss 3.42e-05  maxQ +0.0082  changes   328  11.4 min
episode 902/1013  eps 0.010  train return +136.96%  loss 3.53e-05  maxQ +0.0082  changes   391  11.4 min
episode 903/1013  eps 0.010  train return  +63.96%  loss 3.91e-05  maxQ +0.0091  changes   339  11.4 min
episode 904/1013  eps 0.010  train return   -6.47%  loss 3.91e-05  maxQ +0.0094  changes   321  11.5 min
episode 905/1013  eps 0.010  train return   +2.04%  loss 3.56e-05  maxQ +0.0088  changes   360  11.5 min
episode 906/1013  eps 0.010  train return   +1.27%  loss 3.12e-05  maxQ +0.0081  changes   265  11.5 min
episode 907/1013  eps 0.010  train return  +12.60%  loss 3.43e-05  maxQ +0.0090  changes   330  11.5 min
episode 908/1013  eps 0.010  train return  +43.56%  loss 3.52e-05  maxQ +0.0085  changes   339  11.5 min
episode 909/1013  eps 0.010  train return  +11.43%  loss 3.53e-05  maxQ +0.0091  changes   380  11.5 min
episode 910/1013  eps 0.010  train return  +56.67%  loss 3.48e-05  maxQ +0.0085  changes   328  11.5 min | val return -11.08% (best +6.79%)
episode 911/1013  eps 0.010  train return   +4.75%  loss 3.52e-05  maxQ +0.0079  changes   335  11.5 min
episode 912/1013  eps 0.010  train return  +10.98%  loss 3.19e-05  maxQ +0.0076  changes   252  11.6 min
episode 913/1013  eps 0.010  train return   +2.91%  loss 3.45e-05  maxQ +0.0078  changes   304  11.6 min
episode 914/1013  eps 0.010  train return  +99.42%  loss 3.40e-05  maxQ +0.0077  changes   357  11.6 min
episode 915/1013  eps 0.010  train return  +45.41%  loss 3.36e-05  maxQ +0.0086  changes   395  11.6 min
episode 916/1013  eps 0.010  train return   -1.01%  loss 3.49e-05  maxQ +0.0084  changes   297  11.6 min
episode 917/1013  eps 0.010  train return  -11.11%  loss 3.55e-05  maxQ +0.0087  changes   286  11.6 min
episode 918/1013  eps 0.010  train return  +75.33%  loss 3.49e-05  maxQ +0.0079  changes   383  11.6 min
episode 919/1013  eps 0.010  train return +115.64%  loss 3.45e-05  maxQ +0.0090  changes   404  11.6 min
episode 920/1013  eps 0.010  train return  +14.44%  loss 3.57e-05  maxQ +0.0091  changes   341  11.7 min | val return -23.09% (best +6.79%)
episode 921/1013  eps 0.010  train return  +48.46%  loss 3.56e-05  maxQ +0.0095  changes   389  11.7 min
episode 922/1013  eps 0.010  train return  +17.34%  loss 3.35e-05  maxQ +0.0091  changes   333  11.7 min
episode 923/1013  eps 0.010  train return   +5.11%  loss 3.45e-05  maxQ +0.0100  changes   294  11.7 min
episode 924/1013  eps 0.010  train return  +10.15%  loss 3.20e-05  maxQ +0.0095  changes   343  11.7 min
episode 925/1013  eps 0.010  train return  +17.02%  loss 3.24e-05  maxQ +0.0090  changes   334  11.7 min
episode 926/1013  eps 0.010  train return  +62.12%  loss 3.42e-05  maxQ +0.0091  changes   357  11.7 min
episode 927/1013  eps 0.010  train return  +30.99%  loss 3.37e-05  maxQ +0.0091  changes   375  11.8 min
episode 928/1013  eps 0.010  train return  +22.20%  loss 3.20e-05  maxQ +0.0086  changes   331  11.8 min
episode 929/1013  eps 0.010  train return  +85.52%  loss 3.16e-05  maxQ +0.0088  changes   392  11.8 min
episode 930/1013  eps 0.010  train return +140.47%  loss 3.35e-05  maxQ +0.0085  changes   376  11.8 min | val return -6.56% (best +6.79%)
episode 931/1013  eps 0.010  train return  +23.14%  loss 3.31e-05  maxQ +0.0085  changes   326  11.8 min
episode 932/1013  eps 0.010  train return  +16.89%  loss 3.36e-05  maxQ +0.0080  changes   310  11.8 min
episode 933/1013  eps 0.010  train return  +17.95%  loss 3.17e-05  maxQ +0.0080  changes   333  11.8 min
episode 934/1013  eps 0.010  train return  +47.54%  loss 3.29e-05  maxQ +0.0088  changes   396  11.9 min
episode 935/1013  eps 0.010  train return +180.75%  loss 3.26e-05  maxQ +0.0095  changes   365  11.9 min
episode 936/1013  eps 0.010  train return  -15.35%  loss 3.49e-05  maxQ +0.0096  changes   392  11.9 min
episode 937/1013  eps 0.010  train return +124.04%  loss 3.60e-05  maxQ +0.0100  changes   430  11.9 min
episode 938/1013  eps 0.010  train return  +18.08%  loss 4.03e-05  maxQ +0.0093  changes   298  11.9 min
episode 939/1013  eps 0.010  train return  +25.17%  loss 3.57e-05  maxQ +0.0091  changes   342  11.9 min
episode 940/1013  eps 0.010  train return   -3.11%  loss 3.47e-05  maxQ +0.0092  changes   289  11.9 min | val return -8.01% (best +6.79%)
episode 941/1013  eps 0.010  train return +244.87%  loss 3.52e-05  maxQ +0.0090  changes   414  11.9 min
episode 942/1013  eps 0.010  train return  +27.51%  loss 3.41e-05  maxQ +0.0090  changes   328  12.0 min
episode 943/1013  eps 0.010  train return  +68.77%  loss 3.43e-05  maxQ +0.0082  changes   354  12.0 min
episode 944/1013  eps 0.010  train return  +86.50%  loss 3.70e-05  maxQ +0.0089  changes   329  12.0 min
episode 945/1013  eps 0.010  train return  +28.30%  loss 3.95e-05  maxQ +0.0092  changes   377  12.0 min
episode 946/1013  eps 0.010  train return  +35.34%  loss 3.92e-05  maxQ +0.0095  changes   335  12.0 min
episode 947/1013  eps 0.010  train return  +17.45%  loss 3.88e-05  maxQ +0.0093  changes   311  12.0 min
episode 948/1013  eps 0.010  train return  +11.61%  loss 3.89e-05  maxQ +0.0091  changes   290  12.0 min
episode 949/1013  eps 0.010  train return  +34.28%  loss 3.54e-05  maxQ +0.0092  changes   329  12.0 min
episode 950/1013  eps 0.010  train return   -3.74%  loss 3.59e-05  maxQ +0.0098  changes   277  12.1 min | val return -11.88% (best +6.79%)
episode 951/1013  eps 0.010  train return   -8.69%  loss 3.42e-05  maxQ +0.0098  changes   309  12.1 min
episode 952/1013  eps 0.010  train return +159.54%  loss 3.64e-05  maxQ +0.0100  changes   359  12.1 min
episode 953/1013  eps 0.010  train return  +91.65%  loss 3.61e-05  maxQ +0.0099  changes   383  12.1 min
episode 954/1013  eps 0.010  train return  +25.82%  loss 3.74e-05  maxQ +0.0091  changes   315  12.1 min
episode 955/1013  eps 0.010  train return  +68.94%  loss 3.71e-05  maxQ +0.0093  changes   378  12.1 min
episode 956/1013  eps 0.010  train return  +23.98%  loss 3.72e-05  maxQ +0.0093  changes   329  12.1 min
episode 957/1013  eps 0.010  train return   +9.12%  loss 3.48e-05  maxQ +0.0094  changes   321  12.2 min
episode 958/1013  eps 0.010  train return  +33.10%  loss 3.59e-05  maxQ +0.0098  changes   379  12.2 min
episode 959/1013  eps 0.010  train return  +66.55%  loss 3.62e-05  maxQ +0.0093  changes   359  12.2 min
episode 960/1013  eps 0.010  train return  +18.94%  loss 3.67e-05  maxQ +0.0095  changes   281  12.2 min | val return -6.85% (best +6.79%)
episode 961/1013  eps 0.010  train return   +6.54%  loss 3.87e-05  maxQ +0.0087  changes   318  12.2 min
episode 962/1013  eps 0.010  train return   -1.55%  loss 3.80e-05  maxQ +0.0088  changes   357  12.2 min
episode 963/1013  eps 0.010  train return  +24.96%  loss 3.70e-05  maxQ +0.0091  changes   413  12.2 min
episode 964/1013  eps 0.010  train return  +13.07%  loss 3.64e-05  maxQ +0.0089  changes   312  12.2 min
episode 965/1013  eps 0.010  train return  +35.57%  loss 3.71e-05  maxQ +0.0083  changes   351  12.3 min
episode 966/1013  eps 0.010  train return  +10.73%  loss 3.64e-05  maxQ +0.0091  changes   389  12.3 min
episode 967/1013  eps 0.010  train return   -7.94%  loss 3.87e-05  maxQ +0.0090  changes   370  12.3 min
episode 968/1013  eps 0.010  train return  +25.11%  loss 3.90e-05  maxQ +0.0102  changes   343  12.3 min
episode 969/1013  eps 0.010  train return +189.70%  loss 3.85e-05  maxQ +0.0094  changes   368  12.3 min
episode 970/1013  eps 0.010  train return  +87.80%  loss 4.10e-05  maxQ +0.0101  changes   371  12.3 min | val return -20.80% (best +6.79%)
episode 971/1013  eps 0.010  train return  +68.00%  loss 4.09e-05  maxQ +0.0093  changes   428  12.3 min
episode 972/1013  eps 0.010  train return  +31.36%  loss 3.82e-05  maxQ +0.0103  changes   345  12.4 min
episode 973/1013  eps 0.010  train return  +45.02%  loss 4.11e-05  maxQ +0.0099  changes   385  12.4 min
episode 974/1013  eps 0.010  train return  +71.61%  loss 4.15e-05  maxQ +0.0100  changes   365  12.4 min
episode 975/1013  eps 0.010  train return  +20.60%  loss 4.04e-05  maxQ +0.0102  changes   290  12.4 min
episode 976/1013  eps 0.010  train return  +79.23%  loss 3.98e-05  maxQ +0.0092  changes   425  12.4 min
episode 977/1013  eps 0.010  train return   +6.80%  loss 3.88e-05  maxQ +0.0097  changes   358  12.4 min
episode 978/1013  eps 0.010  train return  -11.71%  loss 4.27e-05  maxQ +0.0097  changes   386  12.4 min
episode 979/1013  eps 0.010  train return  +43.85%  loss 3.90e-05  maxQ +0.0094  changes   386  12.4 min
episode 980/1013  eps 0.010  train return   +9.90%  loss 3.77e-05  maxQ +0.0098  changes   348  12.5 min | val return -16.13% (best +6.79%)
episode 981/1013  eps 0.010  train return  +71.47%  loss 3.89e-05  maxQ +0.0104  changes   405  12.5 min
episode 982/1013  eps 0.010  train return  +14.95%  loss 3.96e-05  maxQ +0.0099  changes   372  12.5 min
episode 983/1013  eps 0.010  train return  +15.33%  loss 4.10e-05  maxQ +0.0104  changes   380  12.5 min
episode 984/1013  eps 0.010  train return  +33.25%  loss 3.95e-05  maxQ +0.0098  changes   372  12.5 min
episode 985/1013  eps 0.010  train return  +29.51%  loss 3.87e-05  maxQ +0.0092  changes   353  12.5 min
episode 986/1013  eps 0.010  train return  +26.94%  loss 3.99e-05  maxQ +0.0091  changes   351  12.5 min
episode 987/1013  eps 0.010  train return   +4.35%  loss 3.93e-05  maxQ +0.0091  changes   313  12.6 min
episode 988/1013  eps 0.010  train return  +42.28%  loss 4.07e-05  maxQ +0.0098  changes   384  12.6 min
episode 989/1013  eps 0.010  train return  +88.03%  loss 4.03e-05  maxQ +0.0100  changes   388  12.6 min
episode 990/1013  eps 0.010  train return   +4.82%  loss 4.11e-05  maxQ +0.0098  changes   351  12.6 min | val return -25.21% (best +6.79%)
episode 991/1013  eps 0.010  train return  +49.77%  loss 4.18e-05  maxQ +0.0104  changes   373  12.6 min
episode 992/1013  eps 0.010  train return  +13.82%  loss 4.01e-05  maxQ +0.0107  changes   382  12.6 min
episode 993/1013  eps 0.010  train return  +75.19%  loss 4.02e-05  maxQ +0.0099  changes   407  12.7 min
episode 994/1013  eps 0.010  train return  +12.17%  loss 4.29e-05  maxQ +0.0098  changes   380  12.7 min
episode 995/1013  eps 0.010  train return  +36.09%  loss 3.97e-05  maxQ +0.0097  changes   381  12.7 min
episode 996/1013  eps 0.010  train return   -8.29%  loss 4.18e-05  maxQ +0.0096  changes   335  12.7 min
episode 997/1013  eps 0.010  train return   -8.85%  loss 3.84e-05  maxQ +0.0093  changes   322  12.7 min
episode 998/1013  eps 0.010  train return  +21.96%  loss 4.11e-05  maxQ +0.0083  changes   349  12.7 min
episode 999/1013  eps 0.010  train return   +5.46%  loss 4.02e-05  maxQ +0.0082  changes   344  12.7 min
episode 1000/1013  eps 0.010  train return  +58.65%  loss 4.08e-05  maxQ +0.0084  changes   392  12.7 min | val return -10.31% (best +6.79%)
episode 1001/1013  eps 0.010  train return  -10.64%  loss 4.06e-05  maxQ +0.0097  changes   276  12.8 min
episode 1002/1013  eps 0.010  train return   +9.20%  loss 3.85e-05  maxQ +0.0095  changes   313  12.8 min
episode 1003/1013  eps 0.010  train return  +10.04%  loss 3.94e-05  maxQ +0.0100  changes   358  12.8 min
episode 1004/1013  eps 0.010  train return  +58.79%  loss 3.88e-05  maxQ +0.0089  changes   382  12.8 min
episode 1005/1013  eps 0.010  train return  +26.87%  loss 4.20e-05  maxQ +0.0091  changes   410  12.8 min
episode 1006/1013  eps 0.010  train return +227.91%  loss 4.04e-05  maxQ +0.0095  changes   453  12.8 min
episode 1007/1013  eps 0.010  train return  +44.75%  loss 3.86e-05  maxQ +0.0092  changes   392  12.8 min
episode 1008/1013  eps 0.010  train return  +30.74%  loss 4.25e-05  maxQ +0.0093  changes   395  12.9 min
episode 1009/1013  eps 0.010  train return  +18.16%  loss 3.97e-05  maxQ +0.0087  changes   319  12.9 min
episode 1010/1013  eps 0.010  train return +100.53%  loss 4.12e-05  maxQ +0.0099  changes   379  12.9 min | val return -0.76% (best +6.79%)
episode 1011/1013  eps 0.010  train return   +0.50%  loss 3.92e-05  maxQ +0.0093  changes   338  12.9 min
episode 1012/1013  eps 0.010  train return   +6.21%  loss 3.81e-05  maxQ +0.0098  changes   355  12.9 min
episode 1013/1013  eps 0.010  train return  +14.65%  loss 3.61e-05  maxQ +0.0093  changes   381  12.9 min | val return -14.86% (best +6.79%)
model    env  portfolio_return  excess_return  n_changes
 last    val         -0.148581      -0.105963      564.8
 last val_w1         -0.104922      -0.078007      297.8
 last val_w2         -0.046738      -0.031304      278.9
 best    val          0.067932       0.110550      672.9
 best val_w1          0.006357       0.033273      357.9
 best val_w2          0.056904       0.072338      328.8
