Downloaded data: 30,528 candles, 2023-03-25 00:00:00+00:00 to 2026-09-16 23:00:00+00:00; no missing hours
dev_train: 28,152 candles, 2023-04-01 00:00:00+00:00 to 2026-06-16 23:00:00+00:00; no missing hours
val: 1,464 candles, 2026-06-17 00:00:00+00:00 to 2026-08-16 23:00:00+00:00; no missing hours
eval: 744 candles, 2026-08-17 00:00:00+00:00 to 2026-09-16 23:00:00+00:00; no missing hours
episode   1/1013  eps 1.000  train return   -2.47%  loss 5.81e-03  maxQ +0.3010  changes   581  0.0 min
episode   2/1013  eps 0.991  train return  +29.40%  loss 1.37e-03  maxQ +0.3035  changes   560  0.0 min
episode   3/1013  eps 0.982  train return  -10.39%  loss 7.75e-04  maxQ +0.2794  changes   588  0.0 min
episode   4/1013  eps 0.973  train return   -4.88%  loss 5.74e-04  maxQ +0.2567  changes   558  0.0 min
episode   5/1013  eps 0.964  train return   -9.24%  loss 4.59e-04  maxQ +0.2294  changes   570  0.1 min
episode   6/1013  eps 0.955  train return   +2.66%  loss 3.67e-04  maxQ +0.2051  changes   592  0.1 min
episode   7/1013  eps 0.947  train return  -17.36%  loss 3.38e-04  maxQ +0.1934  changes   589  0.1 min
episode   8/1013  eps 0.938  train return   -0.61%  loss 3.01e-04  maxQ +0.1750  changes   579  0.1 min
episode   9/1013  eps 0.929  train return  -11.21%  loss 2.31e-04  maxQ +0.1621  changes   580  0.1 min
episode  10/1013  eps 0.921  train return  -28.07%  loss 2.03e-04  maxQ +0.1451  changes   568  0.1 min | val return -2.05% (best -2.05%)
episode  11/1013  eps 0.913  train return   -9.67%  loss 2.88e-04  maxQ +0.1462  changes   569  0.1 min
episode  12/1013  eps 0.904  train return  +35.42%  loss 2.43e-04  maxQ +0.1338  changes   577  0.2 min
episode  13/1013  eps 0.896  train return   +4.11%  loss 2.15e-04  maxQ +0.1274  changes   567  0.2 min
episode  14/1013  eps 0.888  train return  -17.76%  loss 2.02e-04  maxQ +0.1179  changes   583  0.2 min
episode  15/1013  eps 0.880  train return   +1.81%  loss 1.76e-04  maxQ +0.1134  changes   586  0.2 min
episode  16/1013  eps 0.872  train return   +0.99%  loss 1.80e-04  maxQ +0.1086  changes   574  0.2 min
episode  17/1013  eps 0.864  train return  -10.07%  loss 1.46e-04  maxQ +0.1018  changes   564  0.2 min
episode  18/1013  eps 0.856  train return   +3.68%  loss 1.40e-04  maxQ +0.0931  changes   582  0.2 min
episode  19/1013  eps 0.848  train return   -8.34%  loss 1.37e-04  maxQ +0.0900  changes   584  0.2 min
episode  20/1013  eps 0.841  train return  -14.68%  loss 1.29e-04  maxQ +0.0868  changes   569  0.3 min | val return -26.70% (best -2.05%)
episode  21/1013  eps 0.833  train return  -11.24%  loss 1.30e-04  maxQ +0.0835  changes   563  0.3 min
episode  22/1013  eps 0.825  train return   +3.33%  loss 1.26e-04  maxQ +0.0813  changes   561  0.3 min
episode  23/1013  eps 0.818  train return   -7.07%  loss 1.10e-04  maxQ +0.0755  changes   583  0.3 min
episode  24/1013  eps 0.810  train return  +17.72%  loss 1.14e-04  maxQ +0.0733  changes   558  0.3 min
episode  25/1013  eps 0.803  train return   +0.48%  loss 1.12e-04  maxQ +0.0679  changes   543  0.3 min
episode  26/1013  eps 0.796  train return   -4.19%  loss 1.08e-04  maxQ +0.0680  changes   584  0.3 min
episode  27/1013  eps 0.788  train return  -20.79%  loss 9.54e-05  maxQ +0.0681  changes   576  0.3 min
episode  28/1013  eps 0.781  train return   -5.15%  loss 9.81e-05  maxQ +0.0642  changes   570  0.4 min
episode  29/1013  eps 0.774  train return  -21.95%  loss 9.54e-05  maxQ +0.0635  changes   575  0.4 min
episode  30/1013  eps 0.767  train return  -14.98%  loss 9.11e-05  maxQ +0.0605  changes   569  0.4 min | val return -12.25% (best -2.05%)
episode  31/1013  eps 0.760  train return  -13.55%  loss 8.51e-05  maxQ +0.0559  changes   549  0.4 min
episode  32/1013  eps 0.753  train return   -3.56%  loss 8.35e-05  maxQ +0.0608  changes   544  0.4 min
episode  33/1013  eps 0.746  train return   +7.53%  loss 8.20e-05  maxQ +0.0565  changes   561  0.4 min
episode  34/1013  eps 0.740  train return   +7.74%  loss 6.88e-05  maxQ +0.0558  changes   560  0.4 min
episode  35/1013  eps 0.733  train return   +2.43%  loss 7.32e-05  maxQ +0.0534  changes   586  0.5 min
episode  36/1013  eps 0.726  train return   -0.74%  loss 6.17e-05  maxQ +0.0501  changes   550  0.5 min
episode  37/1013  eps 0.720  train return   -7.60%  loss 6.69e-05  maxQ +0.0501  changes   560  0.5 min
episode  38/1013  eps 0.713  train return   -2.31%  loss 8.66e-05  maxQ +0.0503  changes   552  0.5 min
episode  39/1013  eps 0.707  train return  -23.14%  loss 6.85e-05  maxQ +0.0518  changes   573  0.5 min
episode  40/1013  eps 0.700  train return  -13.59%  loss 6.96e-05  maxQ +0.0470  changes   559  0.5 min | val return +23.35% (best +23.35%)
episode  41/1013  eps 0.694  train return  -22.96%  loss 6.44e-05  maxQ +0.0464  changes   567  0.5 min
episode  42/1013  eps 0.687  train return  -16.01%  loss 6.03e-05  maxQ +0.0453  changes   571  0.5 min
episode  43/1013  eps 0.681  train return   +9.70%  loss 5.58e-05  maxQ +0.0419  changes   561  0.6 min
episode  44/1013  eps 0.675  train return   -4.44%  loss 6.04e-05  maxQ +0.0434  changes   541  0.6 min
episode  45/1013  eps 0.669  train return   -6.69%  loss 5.50e-05  maxQ +0.0417  changes   564  0.6 min
episode  46/1013  eps 0.663  train return  -11.72%  loss 5.75e-05  maxQ +0.0379  changes   559  0.6 min
episode  47/1013  eps 0.657  train return   -9.65%  loss 5.95e-05  maxQ +0.0374  changes   564  0.6 min
episode  48/1013  eps 0.651  train return  -35.86%  loss 4.97e-05  maxQ +0.0383  changes   560  0.6 min
episode  49/1013  eps 0.645  train return   +4.81%  loss 5.41e-05  maxQ +0.0381  changes   549  0.6 min
episode  50/1013  eps 0.639  train return   -1.74%  loss 6.10e-05  maxQ +0.0355  changes   542  0.6 min | val return +10.43% (best +23.35%)
episode  51/1013  eps 0.633  train return   -9.44%  loss 5.11e-05  maxQ +0.0332  changes   540  0.7 min
episode  52/1013  eps 0.627  train return   -4.30%  loss 5.22e-05  maxQ +0.0356  changes   577  0.7 min
episode  53/1013  eps 0.622  train return  +10.13%  loss 5.76e-05  maxQ +0.0336  changes   556  0.7 min
episode  54/1013  eps 0.616  train return  -16.69%  loss 5.46e-05  maxQ +0.0332  changes   547  0.7 min
episode  55/1013  eps 0.610  train return   -5.23%  loss 4.83e-05  maxQ +0.0332  changes   563  0.7 min
episode  56/1013  eps 0.605  train return   -6.84%  loss 6.05e-05  maxQ +0.0332  changes   550  0.7 min
episode  57/1013  eps 0.599  train return  +11.51%  loss 4.81e-05  maxQ +0.0313  changes   539  0.7 min
episode  58/1013  eps 0.594  train return  +24.60%  loss 4.44e-05  maxQ +0.0305  changes   547  0.8 min
episode  59/1013  eps 0.588  train return  +11.60%  loss 4.63e-05  maxQ +0.0315  changes   541  0.8 min
episode  60/1013  eps 0.583  train return   +2.05%  loss 4.77e-05  maxQ +0.0301  changes   548  0.8 min | val return -3.96% (best +23.35%)
episode  61/1013  eps 0.578  train return  -10.48%  loss 4.69e-05  maxQ +0.0311  changes   532  0.8 min
episode  62/1013  eps 0.573  train return  -19.64%  loss 4.25e-05  maxQ +0.0323  changes   549  0.8 min
episode  63/1013  eps 0.567  train return  -12.17%  loss 4.14e-05  maxQ +0.0283  changes   542  0.8 min
episode  64/1013  eps 0.562  train return   +2.05%  loss 4.29e-05  maxQ +0.0274  changes   544  0.8 min
episode  65/1013  eps 0.557  train return   -3.54%  loss 3.65e-05  maxQ +0.0262  changes   523  0.8 min
episode  66/1013  eps 0.552  train return   +5.87%  loss 3.83e-05  maxQ +0.0269  changes   502  0.9 min
episode  67/1013  eps 0.547  train return   -1.92%  loss 4.14e-05  maxQ +0.0256  changes   534  0.9 min
episode  68/1013  eps 0.542  train return   -6.00%  loss 4.38e-05  maxQ +0.0266  changes   502  0.9 min
episode  69/1013  eps 0.537  train return  -26.81%  loss 3.96e-05  maxQ +0.0246  changes   513  0.9 min
episode  70/1013  eps 0.532  train return  -13.64%  loss 4.35e-05  maxQ +0.0264  changes   548  0.9 min | val return -5.34% (best +23.35%)
episode  71/1013  eps 0.527  train return   -6.90%  loss 3.93e-05  maxQ +0.0239  changes   519  0.9 min
episode  72/1013  eps 0.523  train return   -1.09%  loss 3.76e-05  maxQ +0.0249  changes   483  0.9 min
episode  73/1013  eps 0.518  train return   -8.78%  loss 4.29e-05  maxQ +0.0245  changes   547  1.0 min
episode  74/1013  eps 0.513  train return  -11.96%  loss 3.66e-05  maxQ +0.0228  changes   500  1.0 min
episode  75/1013  eps 0.508  train return   +6.73%  loss 3.73e-05  maxQ +0.0212  changes   494  1.0 min
episode  76/1013  eps 0.504  train return   -9.82%  loss 3.92e-05  maxQ +0.0201  changes   506  1.0 min
episode  77/1013  eps 0.499  train return   -9.69%  loss 3.37e-05  maxQ +0.0201  changes   494  1.0 min
episode  78/1013  eps 0.495  train return  -19.02%  loss 3.62e-05  maxQ +0.0189  changes   499  1.0 min
episode  79/1013  eps 0.490  train return  -19.52%  loss 3.68e-05  maxQ +0.0199  changes   506  1.0 min
episode  80/1013  eps 0.486  train return  +14.02%  loss 3.68e-05  maxQ +0.0195  changes   523  1.0 min | val return -16.04% (best +23.35%)
episode  81/1013  eps 0.481  train return   -0.48%  loss 3.67e-05  maxQ +0.0184  changes   499  1.1 min
episode  82/1013  eps 0.477  train return   +6.23%  loss 3.37e-05  maxQ +0.0218  changes   507  1.1 min
episode  83/1013  eps 0.473  train return  -16.99%  loss 3.51e-05  maxQ +0.0196  changes   543  1.1 min
episode  84/1013  eps 0.468  train return   +1.88%  loss 3.64e-05  maxQ +0.0181  changes   489  1.1 min
episode  85/1013  eps 0.464  train return   +8.10%  loss 3.58e-05  maxQ +0.0192  changes   509  1.1 min
episode  86/1013  eps 0.460  train return  -15.24%  loss 3.83e-05  maxQ +0.0211  changes   509  1.1 min
episode  87/1013  eps 0.456  train return   -5.07%  loss 3.58e-05  maxQ +0.0210  changes   526  1.1 min
episode  88/1013  eps 0.451  train return   +5.84%  loss 3.26e-05  maxQ +0.0201  changes   503  1.2 min
episode  89/1013  eps 0.447  train return   -2.30%  loss 3.25e-05  maxQ +0.0190  changes   505  1.2 min
episode  90/1013  eps 0.443  train return   -8.82%  loss 3.00e-05  maxQ +0.0197  changes   508  1.2 min | val return -4.21% (best +23.35%)
episode  91/1013  eps 0.439  train return  +20.74%  loss 3.49e-05  maxQ +0.0173  changes   498  1.2 min
episode  92/1013  eps 0.435  train return  +10.33%  loss 3.20e-05  maxQ +0.0175  changes   462  1.2 min
episode  93/1013  eps 0.431  train return   +3.32%  loss 2.96e-05  maxQ +0.0147  changes   482  1.2 min
episode  94/1013  eps 0.427  train return   +2.61%  loss 3.13e-05  maxQ +0.0150  changes   484  1.2 min
episode  95/1013  eps 0.423  train return   +2.21%  loss 3.28e-05  maxQ +0.0155  changes   488  1.3 min
episode  96/1013  eps 0.420  train return   -1.24%  loss 3.51e-05  maxQ +0.0129  changes   492  1.3 min
episode  97/1013  eps 0.416  train return   -0.87%  loss 3.21e-05  maxQ +0.0149  changes   492  1.3 min
episode  98/1013  eps 0.412  train return  -13.22%  loss 3.23e-05  maxQ +0.0141  changes   467  1.3 min
episode  99/1013  eps 0.408  train return   -5.11%  loss 2.97e-05  maxQ +0.0152  changes   489  1.3 min
episode 100/1013  eps 0.405  train return  +20.28%  loss 3.27e-05  maxQ +0.0151  changes   489  1.3 min | val return -17.70% (best +23.35%)
episode 101/1013  eps 0.401  train return   +5.11%  loss 3.67e-05  maxQ +0.0144  changes   488  1.4 min
episode 102/1013  eps 0.397  train return  +10.84%  loss 3.58e-05  maxQ +0.0136  changes   493  1.4 min
episode 103/1013  eps 0.394  train return   -0.46%  loss 3.22e-05  maxQ +0.0128  changes   488  1.4 min
episode 104/1013  eps 0.390  train return   -8.01%  loss 3.16e-05  maxQ +0.0128  changes   462  1.4 min
episode 105/1013  eps 0.386  train return  -13.68%  loss 3.43e-05  maxQ +0.0125  changes   455  1.4 min
episode 106/1013  eps 0.383  train return   +2.32%  loss 3.51e-05  maxQ +0.0129  changes   475  1.4 min
episode 107/1013  eps 0.379  train return  +27.28%  loss 3.75e-05  maxQ +0.0137  changes   470  1.4 min
episode 108/1013  eps 0.376  train return   +2.47%  loss 3.55e-05  maxQ +0.0130  changes   424  1.4 min
episode 109/1013  eps 0.373  train return  +14.54%  loss 3.37e-05  maxQ +0.0122  changes   475  1.5 min
episode 110/1013  eps 0.369  train return  -11.62%  loss 3.30e-05  maxQ +0.0127  changes   455  1.5 min | val return -3.39% (best +23.35%)
episode 111/1013  eps 0.366  train return  +12.48%  loss 3.29e-05  maxQ +0.0139  changes   447  1.5 min
episode 112/1013  eps 0.363  train return   -8.22%  loss 3.27e-05  maxQ +0.0132  changes   408  1.5 min
episode 113/1013  eps 0.359  train return   +7.03%  loss 3.32e-05  maxQ +0.0130  changes   485  1.5 min
episode 114/1013  eps 0.356  train return   -4.43%  loss 3.36e-05  maxQ +0.0132  changes   437  1.5 min
episode 115/1013  eps 0.353  train return   -8.43%  loss 3.26e-05  maxQ +0.0117  changes   460  1.5 min
episode 116/1013  eps 0.349  train return  -13.16%  loss 3.44e-05  maxQ +0.0127  changes   432  1.6 min
episode 117/1013  eps 0.346  train return  +20.64%  loss 3.44e-05  maxQ +0.0129  changes   463  1.6 min
episode 118/1013  eps 0.343  train return   -8.78%  loss 3.31e-05  maxQ +0.0131  changes   450  1.6 min
episode 119/1013  eps 0.340  train return  +13.93%  loss 3.66e-05  maxQ +0.0121  changes   443  1.6 min
episode 120/1013  eps 0.337  train return   +8.18%  loss 3.32e-05  maxQ +0.0127  changes   445  1.6 min | val return +13.11% (best +23.35%)
episode 121/1013  eps 0.334  train return  +22.94%  loss 3.30e-05  maxQ +0.0129  changes   440  1.6 min
episode 122/1013  eps 0.331  train return   -2.95%  loss 3.37e-05  maxQ +0.0121  changes   455  1.6 min
episode 123/1013  eps 0.328  train return   +3.16%  loss 3.76e-05  maxQ +0.0138  changes   425  1.7 min
episode 124/1013  eps 0.325  train return   +6.78%  loss 3.84e-05  maxQ +0.0115  changes   460  1.7 min
episode 125/1013  eps 0.322  train return   -0.41%  loss 3.30e-05  maxQ +0.0116  changes   448  1.7 min
episode 126/1013  eps 0.319  train return  -21.74%  loss 3.31e-05  maxQ +0.0119  changes   434  1.7 min
episode 127/1013  eps 0.316  train return   -7.55%  loss 3.73e-05  maxQ +0.0123  changes   438  1.7 min
episode 128/1013  eps 0.313  train return   -9.83%  loss 3.25e-05  maxQ +0.0131  changes   432  1.7 min
episode 129/1013  eps 0.310  train return  +33.92%  loss 3.72e-05  maxQ +0.0126  changes   451  1.7 min
episode 130/1013  eps 0.308  train return  -30.38%  loss 3.94e-05  maxQ +0.0113  changes   458  1.7 min | val return -31.62% (best +23.35%)
episode 131/1013  eps 0.305  train return  +10.75%  loss 3.25e-05  maxQ +0.0116  changes   454  1.8 min
episode 132/1013  eps 0.302  train return  +13.08%  loss 3.73e-05  maxQ +0.0132  changes   425  1.8 min
episode 133/1013  eps 0.299  train return  -15.15%  loss 3.34e-05  maxQ +0.0121  changes   393  1.8 min
episode 134/1013  eps 0.296  train return  +20.11%  loss 3.38e-05  maxQ +0.0116  changes   450  1.8 min
episode 135/1013  eps 0.294  train return  -10.34%  loss 3.58e-05  maxQ +0.0116  changes   433  1.8 min
episode 136/1013  eps 0.291  train return   +9.64%  loss 3.54e-05  maxQ +0.0108  changes   466  1.8 min
episode 137/1013  eps 0.288  train return  -11.10%  loss 3.87e-05  maxQ +0.0103  changes   451  1.8 min
episode 138/1013  eps 0.286  train return  -17.39%  loss 3.69e-05  maxQ +0.0126  changes   391  1.9 min
episode 139/1013  eps 0.283  train return  +12.16%  loss 3.47e-05  maxQ +0.0137  changes   452  1.9 min
episode 140/1013  eps 0.281  train return   -3.29%  loss 3.92e-05  maxQ +0.0120  changes   428  1.9 min | val return -20.54% (best +23.35%)
episode 141/1013  eps 0.278  train return  -22.77%  loss 3.98e-05  maxQ +0.0130  changes   402  1.9 min
episode 142/1013  eps 0.276  train return  -24.50%  loss 3.71e-05  maxQ +0.0131  changes   460  1.9 min
episode 143/1013  eps 0.273  train return   +8.34%  loss 3.60e-05  maxQ +0.0125  changes   464  1.9 min
episode 144/1013  eps 0.271  train return   +8.41%  loss 3.56e-05  maxQ +0.0114  changes   426  2.0 min
episode 145/1013  eps 0.268  train return  +11.10%  loss 3.68e-05  maxQ +0.0129  changes   420  2.0 min
episode 146/1013  eps 0.266  train return   -3.60%  loss 3.72e-05  maxQ +0.0126  changes   437  2.0 min
episode 147/1013  eps 0.263  train return   +0.23%  loss 3.63e-05  maxQ +0.0118  changes   416  2.0 min
episode 148/1013  eps 0.261  train return  +57.49%  loss 3.85e-05  maxQ +0.0116  changes   447  2.0 min
episode 149/1013  eps 0.258  train return  +24.05%  loss 3.97e-05  maxQ +0.0123  changes   476  2.0 min
episode 150/1013  eps 0.256  train return   +0.28%  loss 3.71e-05  maxQ +0.0117  changes   426  2.0 min | val return -7.32% (best +23.35%)
episode 151/1013  eps 0.254  train return   +2.32%  loss 3.67e-05  maxQ +0.0118  changes   387  2.1 min
episode 152/1013  eps 0.251  train return  +18.07%  loss 4.04e-05  maxQ +0.0112  changes   429  2.1 min
episode 153/1013  eps 0.249  train return  -10.66%  loss 4.10e-05  maxQ +0.0116  changes   477  2.1 min
episode 154/1013  eps 0.247  train return  +53.42%  loss 3.95e-05  maxQ +0.0119  changes   436  2.1 min
episode 155/1013  eps 0.245  train return  +20.55%  loss 4.16e-05  maxQ +0.0130  changes   390  2.1 min
episode 156/1013  eps 0.242  train return   +4.47%  loss 3.74e-05  maxQ +0.0117  changes   426  2.1 min
episode 157/1013  eps 0.240  train return  +12.68%  loss 3.42e-05  maxQ +0.0101  changes   419  2.1 min
episode 158/1013  eps 0.238  train return   -1.60%  loss 3.47e-05  maxQ +0.0111  changes   461  2.1 min
episode 159/1013  eps 0.236  train return  +33.00%  loss 3.63e-05  maxQ +0.0101  changes   445  2.2 min
episode 160/1013  eps 0.234  train return  +33.63%  loss 3.61e-05  maxQ +0.0111  changes   391  2.2 min | val return -34.06% (best +23.35%)
episode 161/1013  eps 0.232  train return  +38.73%  loss 3.57e-05  maxQ +0.0099  changes   446  2.2 min
episode 162/1013  eps 0.230  train return   +6.75%  loss 3.54e-05  maxQ +0.0104  changes   427  2.2 min
episode 163/1013  eps 0.227  train return   +2.69%  loss 3.69e-05  maxQ +0.0108  changes   466  2.2 min
episode 164/1013  eps 0.225  train return  +10.93%  loss 3.56e-05  maxQ +0.0107  changes   397  2.2 min
episode 165/1013  eps 0.223  train return   +0.84%  loss 3.54e-05  maxQ +0.0115  changes   431  2.2 min
episode 166/1013  eps 0.221  train return   +4.12%  loss 3.78e-05  maxQ +0.0110  changes   409  2.3 min
episode 167/1013  eps 0.219  train return   -9.03%  loss 3.52e-05  maxQ +0.0104  changes   386  2.3 min
episode 168/1013  eps 0.217  train return   +7.32%  loss 3.58e-05  maxQ +0.0108  changes   413  2.3 min
episode 169/1013  eps 0.215  train return   +2.74%  loss 3.97e-05  maxQ +0.0119  changes   468  2.3 min
episode 170/1013  eps 0.213  train return  +17.90%  loss 3.79e-05  maxQ +0.0107  changes   349  2.3 min | val return -22.02% (best +23.35%)
episode 171/1013  eps 0.211  train return  +21.32%  loss 3.95e-05  maxQ +0.0110  changes   403  2.3 min
episode 172/1013  eps 0.209  train return  +80.39%  loss 4.00e-05  maxQ +0.0119  changes   438  2.3 min
episode 173/1013  eps 0.208  train return  +51.70%  loss 3.78e-05  maxQ +0.0116  changes   396  2.4 min
episode 174/1013  eps 0.206  train return   -4.79%  loss 4.22e-05  maxQ +0.0111  changes   408  2.4 min
episode 175/1013  eps 0.204  train return   +4.84%  loss 4.66e-05  maxQ +0.0124  changes   403  2.4 min
episode 176/1013  eps 0.202  train return   +4.89%  loss 4.85e-05  maxQ +0.0132  changes   415  2.4 min
episode 177/1013  eps 0.200  train return  +20.22%  loss 4.24e-05  maxQ +0.0123  changes   433  2.4 min
episode 178/1013  eps 0.198  train return  +47.10%  loss 4.10e-05  maxQ +0.0124  changes   434  2.4 min
episode 179/1013  eps 0.196  train return  +24.83%  loss 4.18e-05  maxQ +0.0117  changes   415  2.4 min
episode 180/1013  eps 0.195  train return  +42.32%  loss 4.25e-05  maxQ +0.0118  changes   425  2.4 min | val return -18.52% (best +23.35%)
episode 181/1013  eps 0.193  train return  +53.43%  loss 4.12e-05  maxQ +0.0128  changes   435  2.5 min
episode 182/1013  eps 0.191  train return  +11.61%  loss 4.22e-05  maxQ +0.0124  changes   386  2.5 min
episode 183/1013  eps 0.189  train return   +3.53%  loss 4.33e-05  maxQ +0.0130  changes   374  2.5 min
episode 184/1013  eps 0.188  train return   -9.68%  loss 3.91e-05  maxQ +0.0123  changes   408  2.5 min
episode 185/1013  eps 0.186  train return   +1.11%  loss 4.07e-05  maxQ +0.0122  changes   398  2.5 min
episode 186/1013  eps 0.184  train return  -12.64%  loss 3.90e-05  maxQ +0.0120  changes   424  2.5 min
episode 187/1013  eps 0.183  train return  -14.95%  loss 4.22e-05  maxQ +0.0127  changes   463  2.5 min
episode 188/1013  eps 0.181  train return  -27.73%  loss 4.52e-05  maxQ +0.0122  changes   494  2.6 min
episode 189/1013  eps 0.179  train return   -5.98%  loss 4.11e-05  maxQ +0.0133  changes   415  2.6 min
episode 190/1013  eps 0.178  train return  -14.78%  loss 4.33e-05  maxQ +0.0130  changes   384  2.6 min | val return -27.45% (best +23.35%)
episode 191/1013  eps 0.176  train return  +20.69%  loss 4.11e-05  maxQ +0.0124  changes   397  2.6 min
episode 192/1013  eps 0.174  train return  +63.18%  loss 4.38e-05  maxQ +0.0119  changes   388  2.6 min
episode 193/1013  eps 0.173  train return  +11.91%  loss 4.29e-05  maxQ +0.0123  changes   420  2.6 min
episode 194/1013  eps 0.171  train return  -12.91%  loss 4.09e-05  maxQ +0.0110  changes   400  2.6 min
episode 195/1013  eps 0.170  train return  -18.45%  loss 4.18e-05  maxQ +0.0119  changes   430  2.6 min
episode 196/1013  eps 0.168  train return   +3.18%  loss 4.23e-05  maxQ +0.0116  changes   422  2.7 min
episode 197/1013  eps 0.167  train return  +22.91%  loss 4.15e-05  maxQ +0.0117  changes   432  2.7 min
episode 198/1013  eps 0.165  train return  -18.58%  loss 3.96e-05  maxQ +0.0117  changes   364  2.7 min
episode 199/1013  eps 0.164  train return   +6.75%  loss 3.99e-05  maxQ +0.0114  changes   426  2.7 min
episode 200/1013  eps 0.162  train return  +17.54%  loss 4.06e-05  maxQ +0.0114  changes   343  2.7 min | val return -23.64% (best +23.35%)
episode 201/1013  eps 0.161  train return +111.65%  loss 4.37e-05  maxQ +0.0125  changes   432  2.7 min
episode 202/1013  eps 0.159  train return  +16.17%  loss 4.75e-05  maxQ +0.0124  changes   393  2.7 min
episode 203/1013  eps 0.158  train return  +49.41%  loss 4.74e-05  maxQ +0.0126  changes   442  2.8 min
episode 204/1013  eps 0.156  train return  +59.52%  loss 4.80e-05  maxQ +0.0121  changes   437  2.8 min
episode 205/1013  eps 0.155  train return  +42.91%  loss 4.69e-05  maxQ +0.0125  changes   438  2.8 min
episode 206/1013  eps 0.154  train return  +45.76%  loss 4.82e-05  maxQ +0.0128  changes   449  2.8 min
episode 207/1013  eps 0.152  train return   +2.20%  loss 4.57e-05  maxQ +0.0123  changes   389  2.8 min
episode 208/1013  eps 0.151  train return +147.16%  loss 5.15e-05  maxQ +0.0123  changes   413  2.8 min
episode 209/1013  eps 0.149  train return  +26.57%  loss 5.34e-05  maxQ +0.0122  changes   405  2.8 min
episode 210/1013  eps 0.148  train return  +17.11%  loss 4.59e-05  maxQ +0.0131  changes   425  2.8 min | val return -14.01% (best +23.35%)
episode 211/1013  eps 0.147  train return   -9.43%  loss 4.28e-05  maxQ +0.0116  changes   410  2.9 min
episode 212/1013  eps 0.145  train return   -3.25%  loss 4.34e-05  maxQ +0.0131  changes   409  2.9 min
episode 213/1013  eps 0.144  train return  +16.98%  loss 4.54e-05  maxQ +0.0128  changes   402  2.9 min
episode 214/1013  eps 0.143  train return   +2.68%  loss 4.72e-05  maxQ +0.0133  changes   388  2.9 min
episode 215/1013  eps 0.141  train return  +23.90%  loss 5.02e-05  maxQ +0.0134  changes   409  2.9 min
episode 216/1013  eps 0.140  train return   -3.09%  loss 5.03e-05  maxQ +0.0134  changes   413  2.9 min
episode 217/1013  eps 0.139  train return   +7.36%  loss 4.56e-05  maxQ +0.0128  changes   452  3.0 min
episode 218/1013  eps 0.138  train return  +17.33%  loss 4.61e-05  maxQ +0.0126  changes   368  3.0 min
episode 219/1013  eps 0.136  train return   +4.37%  loss 4.59e-05  maxQ +0.0135  changes   343  3.0 min
episode 220/1013  eps 0.135  train return  +28.15%  loss 4.78e-05  maxQ +0.0131  changes   441  3.0 min | val return -27.24% (best +23.35%)
episode 221/1013  eps 0.134  train return  +43.64%  loss 4.56e-05  maxQ +0.0130  changes   459  3.0 min
episode 222/1013  eps 0.133  train return  +22.77%  loss 4.47e-05  maxQ +0.0126  changes   441  3.0 min
episode 223/1013  eps 0.131  train return  +18.65%  loss 5.13e-05  maxQ +0.0129  changes   366  3.0 min
episode 224/1013  eps 0.130  train return  +18.94%  loss 4.70e-05  maxQ +0.0127  changes   423  3.0 min
episode 225/1013  eps 0.129  train return  +71.25%  loss 4.73e-05  maxQ +0.0135  changes   434  3.1 min
episode 226/1013  eps 0.128  train return +240.45%  loss 4.66e-05  maxQ +0.0132  changes   421  3.1 min
episode 227/1013  eps 0.127  train return  +37.41%  loss 4.87e-05  maxQ +0.0135  changes   438  3.1 min
episode 228/1013  eps 0.126  train return   +9.46%  loss 4.78e-05  maxQ +0.0133  changes   438  3.1 min
episode 229/1013  eps 0.124  train return  +64.53%  loss 5.09e-05  maxQ +0.0117  changes   442  3.1 min
episode 230/1013  eps 0.123  train return  +18.73%  loss 4.86e-05  maxQ +0.0118  changes   388  3.1 min | val return -27.60% (best +23.35%)
episode 231/1013  eps 0.122  train return   +7.28%  loss 4.45e-05  maxQ +0.0115  changes   396  3.1 min
episode 232/1013  eps 0.121  train return  +94.23%  loss 4.51e-05  maxQ +0.0117  changes   406  3.2 min
episode 233/1013  eps 0.120  train return  +24.91%  loss 5.13e-05  maxQ +0.0135  changes   414  3.2 min
episode 234/1013  eps 0.119  train return  +19.26%  loss 5.20e-05  maxQ +0.0131  changes   389  3.2 min
episode 235/1013  eps 0.118  train return  +57.22%  loss 4.73e-05  maxQ +0.0131  changes   463  3.2 min
episode 236/1013  eps 0.117  train return   +0.61%  loss 4.58e-05  maxQ +0.0130  changes   361  3.2 min
episode 237/1013  eps 0.116  train return   -8.39%  loss 4.76e-05  maxQ +0.0130  changes   447  3.2 min
episode 238/1013  eps 0.115  train return  +37.62%  loss 4.53e-05  maxQ +0.0128  changes   385  3.2 min
episode 239/1013  eps 0.114  train return  +39.79%  loss 4.67e-05  maxQ +0.0136  changes   387  3.3 min
episode 240/1013  eps 0.112  train return  +11.93%  loss 4.74e-05  maxQ +0.0134  changes   355  3.3 min | val return -13.69% (best +23.35%)
episode 241/1013  eps 0.111  train return  +35.07%  loss 4.55e-05  maxQ +0.0127  changes   369  3.3 min
episode 242/1013  eps 0.110  train return  +76.86%  loss 4.60e-05  maxQ +0.0131  changes   446  3.3 min
episode 243/1013  eps 0.109  train return   +0.72%  loss 4.46e-05  maxQ +0.0135  changes   381  3.3 min
episode 244/1013  eps 0.108  train return  +46.95%  loss 3.80e-05  maxQ +0.0133  changes   415  3.3 min
episode 245/1013  eps 0.107  train return  +16.48%  loss 3.98e-05  maxQ +0.0136  changes   390  3.3 min
episode 246/1013  eps 0.106  train return  +32.22%  loss 4.18e-05  maxQ +0.0136  changes   416  3.3 min
episode 247/1013  eps 0.106  train return   +6.81%  loss 5.20e-05  maxQ +0.0141  changes   358  3.4 min
episode 248/1013  eps 0.105  train return  -10.55%  loss 4.28e-05  maxQ +0.0132  changes   338  3.4 min
episode 249/1013  eps 0.104  train return  +49.28%  loss 4.45e-05  maxQ +0.0135  changes   415  3.4 min
episode 250/1013  eps 0.103  train return   +7.24%  loss 3.95e-05  maxQ +0.0125  changes   399  3.4 min | val return -19.81% (best +23.35%)
episode 251/1013  eps 0.102  train return   +0.03%  loss 4.08e-05  maxQ +0.0120  changes   326  3.4 min
episode 252/1013  eps 0.101  train return  +14.12%  loss 3.99e-05  maxQ +0.0117  changes   428  3.4 min
episode 253/1013  eps 0.100  train return   +2.95%  loss 3.81e-05  maxQ +0.0111  changes   372  3.5 min
episode 254/1013  eps 0.099  train return  +67.44%  loss 4.59e-05  maxQ +0.0114  changes   447  3.5 min
episode 255/1013  eps 0.098  train return  +24.14%  loss 4.02e-05  maxQ +0.0110  changes   301  3.5 min
episode 256/1013  eps 0.097  train return   +8.74%  loss 4.53e-05  maxQ +0.0123  changes   324  3.5 min
episode 257/1013  eps 0.096  train return  +57.22%  loss 4.16e-05  maxQ +0.0129  changes   430  3.5 min
episode 258/1013  eps 0.095  train return  +47.33%  loss 4.48e-05  maxQ +0.0129  changes   409  3.5 min
episode 259/1013  eps 0.095  train return  +80.49%  loss 4.49e-05  maxQ +0.0131  changes   399  3.5 min
episode 260/1013  eps 0.094  train return  +10.96%  loss 4.23e-05  maxQ +0.0124  changes   386  3.5 min | val return -8.98% (best +23.35%)
episode 261/1013  eps 0.093  train return  +29.19%  loss 4.35e-05  maxQ +0.0124  changes   388  3.6 min
episode 262/1013  eps 0.092  train return  +61.81%  loss 4.43e-05  maxQ +0.0128  changes   420  3.6 min
episode 263/1013  eps 0.091  train return  +43.01%  loss 4.47e-05  maxQ +0.0125  changes   441  3.6 min
episode 264/1013  eps 0.090  train return  +57.39%  loss 4.30e-05  maxQ +0.0131  changes   460  3.6 min
episode 265/1013  eps 0.090  train return   +8.45%  loss 4.49e-05  maxQ +0.0127  changes   390  3.6 min
episode 266/1013  eps 0.089  train return +118.18%  loss 4.89e-05  maxQ +0.0131  changes   396  3.6 min
episode 267/1013  eps 0.088  train return  +86.25%  loss 4.95e-05  maxQ +0.0129  changes   388  3.6 min
episode 268/1013  eps 0.087  train return  +67.92%  loss 4.46e-05  maxQ +0.0136  changes   393  3.7 min
episode 269/1013  eps 0.086  train return  +33.16%  loss 4.42e-05  maxQ +0.0129  changes   375  3.7 min
episode 270/1013  eps 0.086  train return  +49.41%  loss 4.77e-05  maxQ +0.0133  changes   423  3.7 min | val return +11.65% (best +23.35%)
episode 271/1013  eps 0.085  train return  +14.10%  loss 4.51e-05  maxQ +0.0138  changes   353  3.7 min
episode 272/1013  eps 0.084  train return  +89.94%  loss 5.04e-05  maxQ +0.0133  changes   407  3.7 min
episode 273/1013  eps 0.083  train return   -7.08%  loss 4.80e-05  maxQ +0.0143  changes   334  3.7 min
episode 274/1013  eps 0.082  train return  +86.85%  loss 4.54e-05  maxQ +0.0140  changes   430  3.7 min
episode 275/1013  eps 0.082  train return   -0.62%  loss 4.41e-05  maxQ +0.0145  changes   336  3.8 min
episode 276/1013  eps 0.081  train return   +0.62%  loss 4.63e-05  maxQ +0.0138  changes   383  3.8 min
episode 277/1013  eps 0.080  train return  +34.69%  loss 4.70e-05  maxQ +0.0132  changes   403  3.8 min
episode 278/1013  eps 0.079  train return  +79.58%  loss 4.55e-05  maxQ +0.0138  changes   478  3.8 min
episode 279/1013  eps 0.079  train return  +79.49%  loss 4.73e-05  maxQ +0.0140  changes   399  3.8 min
episode 280/1013  eps 0.078  train return +174.45%  loss 5.11e-05  maxQ +0.0146  changes   384  3.8 min | val return -13.53% (best +23.35%)
episode 281/1013  eps 0.077  train return  +20.59%  loss 4.63e-05  maxQ +0.0135  changes   468  3.8 min
episode 282/1013  eps 0.077  train return  +17.15%  loss 4.62e-05  maxQ +0.0139  changes   357  3.9 min
episode 283/1013  eps 0.076  train return  +64.66%  loss 4.93e-05  maxQ +0.0140  changes   376  3.9 min
episode 284/1013  eps 0.075  train return  +23.63%  loss 5.12e-05  maxQ +0.0139  changes   376  3.9 min
episode 285/1013  eps 0.075  train return  +27.99%  loss 4.28e-05  maxQ +0.0135  changes   402  3.9 min
episode 286/1013  eps 0.074  train return  +35.74%  loss 4.28e-05  maxQ +0.0129  changes   417  3.9 min
episode 287/1013  eps 0.073  train return  +65.84%  loss 4.21e-05  maxQ +0.0128  changes   389  3.9 min
episode 288/1013  eps 0.073  train return +138.94%  loss 4.56e-05  maxQ +0.0128  changes   408  3.9 min
episode 289/1013  eps 0.072  train return +183.91%  loss 4.70e-05  maxQ +0.0133  changes   427  3.9 min
episode 290/1013  eps 0.071  train return  +48.59%  loss 4.61e-05  maxQ +0.0133  changes   408  4.0 min | val return +0.96% (best +23.35%)
episode 291/1013  eps 0.071  train return  +11.72%  loss 4.47e-05  maxQ +0.0135  changes   372  4.0 min
episode 292/1013  eps 0.070  train return +131.58%  loss 4.90e-05  maxQ +0.0141  changes   439  4.0 min
episode 293/1013  eps 0.069  train return  +21.26%  loss 4.60e-05  maxQ +0.0142  changes   413  4.0 min
episode 294/1013  eps 0.069  train return  +43.37%  loss 4.77e-05  maxQ +0.0132  changes   323  4.0 min
episode 295/1013  eps 0.068  train return  +99.81%  loss 5.17e-05  maxQ +0.0136  changes   415  4.0 min
episode 296/1013  eps 0.067  train return   -1.05%  loss 4.44e-05  maxQ +0.0130  changes   374  4.0 min
episode 297/1013  eps 0.067  train return  +16.01%  loss 4.58e-05  maxQ +0.0136  changes   375  4.1 min
episode 298/1013  eps 0.066  train return  +21.89%  loss 4.17e-05  maxQ +0.0140  changes   339  4.1 min
episode 299/1013  eps 0.066  train return  +19.94%  loss 4.75e-05  maxQ +0.0141  changes   371  4.1 min
episode 300/1013  eps 0.065  train return  +16.08%  loss 4.24e-05  maxQ +0.0146  changes   348  4.1 min | val return -3.93% (best +23.35%)
episode 301/1013  eps 0.064  train return  +74.02%  loss 4.16e-05  maxQ +0.0135  changes   413  4.1 min
episode 302/1013  eps 0.064  train return  +18.17%  loss 4.49e-05  maxQ +0.0136  changes   388  4.1 min
episode 303/1013  eps 0.063  train return  -13.49%  loss 4.38e-05  maxQ +0.0142  changes   418  4.1 min
episode 304/1013  eps 0.063  train return  +48.18%  loss 4.90e-05  maxQ +0.0143  changes   440  4.2 min
episode 305/1013  eps 0.062  train return +109.21%  loss 4.62e-05  maxQ +0.0137  changes   441  4.2 min
episode 306/1013  eps 0.062  train return  +53.84%  loss 4.96e-05  maxQ +0.0144  changes   421  4.2 min
episode 307/1013  eps 0.061  train return +101.69%  loss 4.87e-05  maxQ +0.0144  changes   420  4.2 min
episode 308/1013  eps 0.060  train return  +81.62%  loss 4.32e-05  maxQ +0.0136  changes   392  4.2 min
episode 309/1013  eps 0.060  train return  +24.49%  loss 4.48e-05  maxQ +0.0136  changes   431  4.2 min
episode 310/1013  eps 0.059  train return  +68.44%  loss 4.71e-05  maxQ +0.0136  changes   412  4.2 min | val return +12.41% (best +23.35%)
episode 311/1013  eps 0.059  train return  +12.46%  loss 4.42e-05  maxQ +0.0134  changes   427  4.3 min
episode 312/1013  eps 0.058  train return  +92.28%  loss 4.43e-05  maxQ +0.0131  changes   433  4.3 min
episode 313/1013  eps 0.058  train return  +35.88%  loss 4.56e-05  maxQ +0.0131  changes   359  4.3 min
episode 314/1013  eps 0.057  train return +145.96%  loss 4.36e-05  maxQ +0.0133  changes   408  4.3 min
episode 315/1013  eps 0.057  train return +380.50%  loss 4.42e-05  maxQ +0.0124  changes   463  4.3 min
episode 316/1013  eps 0.056  train return   -5.95%  loss 4.68e-05  maxQ +0.0137  changes   351  4.3 min
episode 317/1013  eps 0.056  train return  +91.29%  loss 4.90e-05  maxQ +0.0151  changes   420  4.3 min
episode 318/1013  eps 0.055  train return  +65.20%  loss 4.93e-05  maxQ +0.0134  changes   407  4.4 min
episode 319/1013  eps 0.055  train return  +49.01%  loss 5.00e-05  maxQ +0.0145  changes   365  4.4 min
episode 320/1013  eps 0.054  train return  +86.40%  loss 5.22e-05  maxQ +0.0139  changes   444  4.4 min | val return +15.72% (best +23.35%)
episode 321/1013  eps 0.054  train return +114.04%  loss 5.39e-05  maxQ +0.0144  changes   390  4.4 min
episode 322/1013  eps 0.053  train return  +68.65%  loss 5.15e-05  maxQ +0.0151  changes   384  4.4 min
episode 323/1013  eps 0.053  train return  +27.25%  loss 4.86e-05  maxQ +0.0148  changes   326  4.4 min
episode 324/1013  eps 0.052  train return  -12.28%  loss 5.08e-05  maxQ +0.0147  changes   320  4.4 min
episode 325/1013  eps 0.052  train return  +79.44%  loss 5.02e-05  maxQ +0.0152  changes   424  4.5 min
episode 326/1013  eps 0.051  train return  +33.67%  loss 4.86e-05  maxQ +0.0149  changes   393  4.5 min
episode 327/1013  eps 0.051  train return +438.76%  loss 5.31e-05  maxQ +0.0149  changes   458  4.5 min
episode 328/1013  eps 0.050  train return +239.02%  loss 5.30e-05  maxQ +0.0151  changes   447  4.5 min
episode 329/1013  eps 0.050  train return   +7.73%  loss 5.29e-05  maxQ +0.0146  changes   347  4.5 min
episode 330/1013  eps 0.049  train return +100.68%  loss 5.16e-05  maxQ +0.0155  changes   388  4.5 min | val return -27.51% (best +23.35%)
episode 331/1013  eps 0.049  train return  +28.69%  loss 5.47e-05  maxQ +0.0160  changes   404  4.5 min
episode 332/1013  eps 0.049  train return  +15.62%  loss 5.42e-05  maxQ +0.0152  changes   348  4.6 min
episode 333/1013  eps 0.048  train return   +5.63%  loss 5.98e-05  maxQ +0.0160  changes   354  4.6 min
episode 334/1013  eps 0.048  train return   +0.80%  loss 5.33e-05  maxQ +0.0160  changes   357  4.6 min
episode 335/1013  eps 0.047  train return  +31.14%  loss 4.97e-05  maxQ +0.0162  changes   403  4.6 min
episode 336/1013  eps 0.047  train return  +21.91%  loss 4.95e-05  maxQ +0.0155  changes   381  4.6 min
episode 337/1013  eps 0.046  train return  +81.67%  loss 5.10e-05  maxQ +0.0155  changes   411  4.6 min
episode 338/1013  eps 0.046  train return +414.55%  loss 5.26e-05  maxQ +0.0153  changes   420  4.6 min
episode 339/1013  eps 0.046  train return  +75.35%  loss 5.37e-05  maxQ +0.0152  changes   382  4.7 min
episode 340/1013  eps 0.045  train return  +36.64%  loss 4.90e-05  maxQ +0.0154  changes   373  4.7 min | val return -1.77% (best +23.35%)
episode 341/1013  eps 0.045  train return +136.56%  loss 4.92e-05  maxQ +0.0148  changes   436  4.7 min
episode 342/1013  eps 0.044  train return  +13.33%  loss 4.81e-05  maxQ +0.0150  changes   345  4.7 min
episode 343/1013  eps 0.044  train return  +75.12%  loss 5.36e-05  maxQ +0.0151  changes   418  4.7 min
episode 344/1013  eps 0.043  train return  +18.12%  loss 5.11e-05  maxQ +0.0146  changes   262  4.7 min
episode 345/1013  eps 0.043  train return  +49.90%  loss 4.83e-05  maxQ +0.0143  changes   399  4.7 min
episode 346/1013  eps 0.043  train return  +76.59%  loss 5.52e-05  maxQ +0.0149  changes   397  4.8 min
episode 347/1013  eps 0.042  train return +172.61%  loss 5.02e-05  maxQ +0.0152  changes   396  4.8 min
episode 348/1013  eps 0.042  train return   +3.31%  loss 5.13e-05  maxQ +0.0161  changes   383  4.8 min
episode 349/1013  eps 0.042  train return  +96.84%  loss 5.49e-05  maxQ +0.0164  changes   391  4.8 min
episode 350/1013  eps 0.041  train return   +3.33%  loss 5.17e-05  maxQ +0.0159  changes   322  4.8 min | val return -16.50% (best +23.35%)
episode 351/1013  eps 0.041  train return +147.62%  loss 5.04e-05  maxQ +0.0158  changes   421  4.8 min
episode 352/1013  eps 0.040  train return  +74.19%  loss 5.30e-05  maxQ +0.0158  changes   390  4.8 min
episode 353/1013  eps 0.040  train return   +3.73%  loss 5.11e-05  maxQ +0.0160  changes   376  4.9 min
episode 354/1013  eps 0.040  train return   -2.15%  loss 5.32e-05  maxQ +0.0160  changes   362  4.9 min
episode 355/1013  eps 0.039  train return  +53.10%  loss 5.22e-05  maxQ +0.0160  changes   379  4.9 min
episode 356/1013  eps 0.039  train return   -4.47%  loss 5.81e-05  maxQ +0.0164  changes   401  4.9 min
episode 357/1013  eps 0.039  train return  +21.55%  loss 5.12e-05  maxQ +0.0166  changes   321  4.9 min
episode 358/1013  eps 0.038  train return  +94.84%  loss 4.94e-05  maxQ +0.0157  changes   404  4.9 min
episode 359/1013  eps 0.038  train return  +47.13%  loss 5.13e-05  maxQ +0.0152  changes   454  4.9 min
episode 360/1013  eps 0.038  train return  +12.06%  loss 5.11e-05  maxQ +0.0154  changes   390  5.0 min | val return -7.84% (best +23.35%)
episode 361/1013  eps 0.037  train return  +24.33%  loss 4.98e-05  maxQ +0.0152  changes   317  5.0 min
episode 362/1013  eps 0.037  train return  +40.48%  loss 5.12e-05  maxQ +0.0150  changes   462  5.0 min
episode 363/1013  eps 0.037  train return  +26.91%  loss 5.09e-05  maxQ +0.0144  changes   360  5.0 min
episode 364/1013  eps 0.036  train return   +2.72%  loss 5.13e-05  maxQ +0.0145  changes   292  5.0 min
episode 365/1013  eps 0.036  train return  +54.76%  loss 5.01e-05  maxQ +0.0149  changes   385  5.0 min
episode 366/1013  eps 0.036  train return   -9.58%  loss 5.27e-05  maxQ +0.0147  changes   366  5.0 min
episode 367/1013  eps 0.035  train return  +36.46%  loss 5.03e-05  maxQ +0.0145  changes   453  5.1 min
episode 368/1013  eps 0.035  train return  +17.90%  loss 5.08e-05  maxQ +0.0142  changes   361  5.1 min
episode 369/1013  eps 0.035  train return +103.20%  loss 5.52e-05  maxQ +0.0148  changes   406  5.1 min
episode 370/1013  eps 0.034  train return  +88.11%  loss 5.46e-05  maxQ +0.0144  changes   449  5.1 min | val return -2.01% (best +23.35%)
episode 371/1013  eps 0.034  train return  +52.65%  loss 4.94e-05  maxQ +0.0146  changes   369  5.1 min
episode 372/1013  eps 0.034  train return  +16.98%  loss 5.36e-05  maxQ +0.0141  changes   300  5.1 min
episode 373/1013  eps 0.033  train return  +13.00%  loss 4.96e-05  maxQ +0.0142  changes   395  5.1 min
episode 374/1013  eps 0.033  train return  +27.71%  loss 4.48e-05  maxQ +0.0138  changes   370  5.2 min
episode 375/1013  eps 0.033  train return  +20.64%  loss 4.94e-05  maxQ +0.0145  changes   373  5.2 min
episode 376/1013  eps 0.032  train return  +36.93%  loss 4.67e-05  maxQ +0.0142  changes   430  5.2 min
episode 377/1013  eps 0.032  train return  +44.23%  loss 4.79e-05  maxQ +0.0137  changes   382  5.2 min
episode 378/1013  eps 0.032  train return  +19.28%  loss 4.76e-05  maxQ +0.0138  changes   362  5.2 min
episode 379/1013  eps 0.032  train return +133.05%  loss 4.98e-05  maxQ +0.0144  changes   373  5.2 min
episode 380/1013  eps 0.031  train return   +5.35%  loss 5.19e-05  maxQ +0.0141  changes   267  5.2 min | val return +10.18% (best +23.35%)
episode 381/1013  eps 0.031  train return +143.22%  loss 5.35e-05  maxQ +0.0138  changes   418  5.3 min
episode 382/1013  eps 0.031  train return  +14.18%  loss 4.93e-05  maxQ +0.0141  changes   436  5.3 min
episode 383/1013  eps 0.030  train return +173.61%  loss 5.08e-05  maxQ +0.0136  changes   397  5.3 min
episode 384/1013  eps 0.030  train return  +19.93%  loss 5.37e-05  maxQ +0.0135  changes   401  5.3 min
episode 385/1013  eps 0.030  train return   -0.30%  loss 4.77e-05  maxQ +0.0136  changes   313  5.3 min
episode 386/1013  eps 0.030  train return  +23.33%  loss 5.05e-05  maxQ +0.0141  changes   405  5.3 min
episode 387/1013  eps 0.029  train return   +4.88%  loss 4.86e-05  maxQ +0.0140  changes   301  5.3 min
episode 388/1013  eps 0.029  train return  +16.30%  loss 4.63e-05  maxQ +0.0147  changes   382  5.4 min
episode 389/1013  eps 0.029  train return  +33.46%  loss 5.05e-05  maxQ +0.0147  changes   374  5.4 min
episode 390/1013  eps 0.029  train return  +31.72%  loss 4.97e-05  maxQ +0.0140  changes   295  5.4 min | val return -10.39% (best +23.35%)
episode 391/1013  eps 0.028  train return  +83.34%  loss 4.61e-05  maxQ +0.0141  changes   390  5.4 min
episode 392/1013  eps 0.028  train return  +50.19%  loss 4.68e-05  maxQ +0.0133  changes   418  5.4 min
episode 393/1013  eps 0.028  train return +143.31%  loss 4.56e-05  maxQ +0.0137  changes   447  5.4 min
episode 394/1013  eps 0.028  train return  +87.65%  loss 4.34e-05  maxQ +0.0140  changes   394  5.4 min
episode 395/1013  eps 0.027  train return  +20.35%  loss 4.61e-05  maxQ +0.0131  changes   353  5.5 min
episode 396/1013  eps 0.027  train return  -10.97%  loss 4.62e-05  maxQ +0.0128  changes   454  5.5 min
episode 397/1013  eps 0.027  train return +198.45%  loss 4.73e-05  maxQ +0.0128  changes   428  5.5 min
episode 398/1013  eps 0.027  train return  +18.72%  loss 4.78e-05  maxQ +0.0133  changes   361  5.5 min
episode 399/1013  eps 0.026  train return  +47.43%  loss 4.68e-05  maxQ +0.0134  changes   338  5.5 min
episode 400/1013  eps 0.026  train return  +40.88%  loss 4.69e-05  maxQ +0.0133  changes   421  5.5 min | val return +0.43% (best +23.35%)
episode 401/1013  eps 0.026  train return +183.19%  loss 4.44e-05  maxQ +0.0132  changes   404  5.5 min
episode 402/1013  eps 0.026  train return +102.36%  loss 4.66e-05  maxQ +0.0133  changes   400  5.6 min
episode 403/1013  eps 0.025  train return  +37.87%  loss 4.47e-05  maxQ +0.0135  changes   358  5.6 min
episode 404/1013  eps 0.025  train return   -5.52%  loss 4.98e-05  maxQ +0.0133  changes   334  5.6 min
episode 405/1013  eps 0.025  train return +159.59%  loss 4.46e-05  maxQ +0.0125  changes   421  5.6 min
episode 406/1013  eps 0.025  train return  +22.74%  loss 5.04e-05  maxQ +0.0130  changes   407  5.6 min
episode 407/1013  eps 0.024  train return  +10.45%  loss 5.73e-05  maxQ +0.0136  changes   358  5.6 min
episode 408/1013  eps 0.024  train return  +21.63%  loss 4.93e-05  maxQ +0.0133  changes   418  5.6 min
episode 409/1013  eps 0.024  train return  +62.55%  loss 4.69e-05  maxQ +0.0130  changes   386  5.6 min
episode 410/1013  eps 0.024  train return  +77.11%  loss 4.99e-05  maxQ +0.0126  changes   446  5.7 min | val return -7.19% (best +23.35%)
episode 411/1013  eps 0.024  train return  +15.92%  loss 5.07e-05  maxQ +0.0129  changes   355  5.7 min
episode 412/1013  eps 0.023  train return  +44.64%  loss 4.23e-05  maxQ +0.0125  changes   402  5.7 min
episode 413/1013  eps 0.023  train return  +58.86%  loss 4.37e-05  maxQ +0.0119  changes   366  5.7 min
episode 414/1013  eps 0.023  train return  +37.57%  loss 4.44e-05  maxQ +0.0122  changes   395  5.7 min
episode 415/1013  eps 0.023  train return  +53.02%  loss 5.00e-05  maxQ +0.0120  changes   342  5.7 min
episode 416/1013  eps 0.023  train return  +40.87%  loss 4.48e-05  maxQ +0.0125  changes   355  5.8 min
episode 417/1013  eps 0.022  train return +166.52%  loss 4.14e-05  maxQ +0.0123  changes   407  5.8 min
episode 418/1013  eps 0.022  train return +182.36%  loss 4.17e-05  maxQ +0.0122  changes   411  5.8 min
episode 419/1013  eps 0.022  train return  +44.91%  loss 4.55e-05  maxQ +0.0121  changes   388  5.8 min
episode 420/1013  eps 0.022  train return +115.99%  loss 4.64e-05  maxQ +0.0119  changes   406  5.8 min | val return -7.02% (best +23.35%)
episode 421/1013  eps 0.022  train return +124.61%  loss 4.79e-05  maxQ +0.0122  changes   369  5.8 min
episode 422/1013  eps 0.021  train return  +72.84%  loss 4.35e-05  maxQ +0.0120  changes   412  5.8 min
episode 423/1013  eps 0.021  train return  +95.67%  loss 4.30e-05  maxQ +0.0119  changes   396  5.9 min
episode 424/1013  eps 0.021  train return  +16.09%  loss 4.53e-05  maxQ +0.0119  changes   378  5.9 min
episode 425/1013  eps 0.021  train return  +20.94%  loss 4.47e-05  maxQ +0.0122  changes   306  5.9 min
episode 426/1013  eps 0.021  train return  +60.33%  loss 4.62e-05  maxQ +0.0125  changes   366  5.9 min
episode 427/1013  eps 0.020  train return   +9.96%  loss 4.53e-05  maxQ +0.0123  changes   352  5.9 min
episode 428/1013  eps 0.020  train return   +7.90%  loss 4.69e-05  maxQ +0.0130  changes   333  5.9 min
episode 429/1013  eps 0.020  train return  +32.28%  loss 4.20e-05  maxQ +0.0132  changes   393  5.9 min
episode 430/1013  eps 0.020  train return  +61.55%  loss 4.19e-05  maxQ +0.0131  changes   433  6.0 min | val return +15.23% (best +23.35%)
episode 431/1013  eps 0.020  train return  +23.65%  loss 4.69e-05  maxQ +0.0124  changes   422  6.0 min
episode 432/1013  eps 0.019  train return +175.52%  loss 4.65e-05  maxQ +0.0125  changes   459  6.0 min
episode 433/1013  eps 0.019  train return +155.47%  loss 4.27e-05  maxQ +0.0127  changes   434  6.0 min
episode 434/1013  eps 0.019  train return  +17.18%  loss 4.34e-05  maxQ +0.0123  changes   334  6.0 min
episode 435/1013  eps 0.019  train return +246.34%  loss 4.24e-05  maxQ +0.0127  changes   409  6.0 min
episode 436/1013  eps 0.019  train return  +66.27%  loss 4.49e-05  maxQ +0.0137  changes   408  6.0 min
episode 437/1013  eps 0.019  train return  +11.04%  loss 4.39e-05  maxQ +0.0124  changes   351  6.1 min
episode 438/1013  eps 0.018  train return   +9.06%  loss 4.19e-05  maxQ +0.0125  changes   297  6.1 min
episode 439/1013  eps 0.018  train return  +43.40%  loss 4.46e-05  maxQ +0.0125  changes   409  6.1 min
episode 440/1013  eps 0.018  train return   -0.55%  loss 4.42e-05  maxQ +0.0128  changes   319  6.1 min | val return -7.74% (best +23.35%)
episode 441/1013  eps 0.018  train return  +14.99%  loss 5.12e-05  maxQ +0.0132  changes   337  6.1 min
episode 442/1013  eps 0.018  train return  +29.05%  loss 4.46e-05  maxQ +0.0122  changes   318  6.1 min
episode 443/1013  eps 0.018  train return +181.88%  loss 4.73e-05  maxQ +0.0135  changes   427  6.1 min
episode 444/1013  eps 0.017  train return   -4.97%  loss 4.50e-05  maxQ +0.0133  changes   320  6.2 min
episode 445/1013  eps 0.017  train return +229.35%  loss 4.60e-05  maxQ +0.0135  changes   365  6.2 min
episode 446/1013  eps 0.017  train return  +70.37%  loss 4.24e-05  maxQ +0.0128  changes   396  6.2 min
episode 447/1013  eps 0.017  train return  +39.67%  loss 4.52e-05  maxQ +0.0141  changes   389  6.2 min
episode 448/1013  eps 0.017  train return  +42.88%  loss 4.66e-05  maxQ +0.0134  changes   415  6.2 min
episode 449/1013  eps 0.017  train return  +18.24%  loss 4.31e-05  maxQ +0.0130  changes   315  6.2 min
episode 450/1013  eps 0.016  train return +194.80%  loss 4.85e-05  maxQ +0.0136  changes   400  6.2 min | val return -10.49% (best +23.35%)
episode 451/1013  eps 0.016  train return   +5.72%  loss 4.57e-05  maxQ +0.0130  changes   366  6.3 min
episode 452/1013  eps 0.016  train return  +15.29%  loss 4.31e-05  maxQ +0.0127  changes   385  6.3 min
episode 453/1013  eps 0.016  train return  +21.21%  loss 4.29e-05  maxQ +0.0126  changes   350  6.3 min
episode 454/1013  eps 0.016  train return +224.90%  loss 4.60e-05  maxQ +0.0127  changes   427  6.3 min
episode 455/1013  eps 0.016  train return   +9.39%  loss 4.11e-05  maxQ +0.0125  changes   313  6.3 min
episode 456/1013  eps 0.016  train return  +63.50%  loss 4.01e-05  maxQ +0.0130  changes   391  6.3 min
episode 457/1013  eps 0.015  train return +127.09%  loss 4.25e-05  maxQ +0.0124  changes   388  6.4 min
episode 458/1013  eps 0.015  train return  +58.58%  loss 4.00e-05  maxQ +0.0121  changes   411  6.4 min
episode 459/1013  eps 0.015  train return +198.94%  loss 4.07e-05  maxQ +0.0126  changes   421  6.4 min
episode 460/1013  eps 0.015  train return  +56.82%  loss 4.25e-05  maxQ +0.0123  changes   384  6.4 min | val return -17.90% (best +23.35%)
episode 461/1013  eps 0.015  train return +200.45%  loss 4.19e-05  maxQ +0.0119  changes   407  6.4 min
episode 462/1013  eps 0.015  train return +276.64%  loss 4.37e-05  maxQ +0.0123  changes   387  6.4 min
episode 463/1013  eps 0.015  train return +197.43%  loss 4.40e-05  maxQ +0.0125  changes   402  6.5 min
episode 464/1013  eps 0.015  train return  +24.69%  loss 4.45e-05  maxQ +0.0128  changes   372  6.5 min
episode 465/1013  eps 0.014  train return +131.27%  loss 4.75e-05  maxQ +0.0133  changes   376  6.5 min
episode 466/1013  eps 0.014  train return +261.05%  loss 3.99e-05  maxQ +0.0124  changes   404  6.5 min
episode 467/1013  eps 0.014  train return  +45.79%  loss 4.29e-05  maxQ +0.0126  changes   394  6.5 min
episode 468/1013  eps 0.014  train return +104.55%  loss 4.37e-05  maxQ +0.0134  changes   370  6.5 min
episode 469/1013  eps 0.014  train return  +77.93%  loss 4.63e-05  maxQ +0.0128  changes   376  6.5 min
episode 470/1013  eps 0.014  train return  +23.19%  loss 4.65e-05  maxQ +0.0139  changes   321  6.6 min | val return +3.67% (best +23.35%)
episode 471/1013  eps 0.014  train return  +76.18%  loss 4.84e-05  maxQ +0.0143  changes   401  6.6 min
episode 472/1013  eps 0.013  train return  +43.60%  loss 4.53e-05  maxQ +0.0143  changes   390  6.6 min
episode 473/1013  eps 0.013  train return  +66.95%  loss 4.49e-05  maxQ +0.0143  changes   356  6.6 min
episode 474/1013  eps 0.013  train return +108.73%  loss 4.36e-05  maxQ +0.0134  changes   400  6.6 min
episode 475/1013  eps 0.013  train return  +63.66%  loss 4.28e-05  maxQ +0.0135  changes   439  6.6 min
episode 476/1013  eps 0.013  train return  +65.59%  loss 4.46e-05  maxQ +0.0131  changes   371  6.6 min
episode 477/1013  eps 0.013  train return  +95.35%  loss 4.50e-05  maxQ +0.0128  changes   400  6.7 min
episode 478/1013  eps 0.013  train return  +50.94%  loss 4.36e-05  maxQ +0.0128  changes   324  6.7 min
episode 479/1013  eps 0.013  train return  +59.03%  loss 4.51e-05  maxQ +0.0139  changes   388  6.7 min
episode 480/1013  eps 0.013  train return  +48.50%  loss 4.29e-05  maxQ +0.0144  changes   342  6.7 min | val return -4.87% (best +23.35%)
episode 481/1013  eps 0.012  train return  +24.85%  loss 4.43e-05  maxQ +0.0144  changes   331  6.7 min
episode 482/1013  eps 0.012  train return  +66.24%  loss 4.68e-05  maxQ +0.0140  changes   462  6.7 min
episode 483/1013  eps 0.012  train return  +27.17%  loss 4.51e-05  maxQ +0.0149  changes   311  6.8 min
episode 484/1013  eps 0.012  train return +123.31%  loss 4.80e-05  maxQ +0.0153  changes   427  6.8 min
episode 485/1013  eps 0.012  train return  +52.17%  loss 4.49e-05  maxQ +0.0146  changes   362  6.8 min
episode 486/1013  eps 0.012  train return  +60.34%  loss 4.74e-05  maxQ +0.0143  changes   368  6.8 min
episode 487/1013  eps 0.012  train return  +36.52%  loss 4.73e-05  maxQ +0.0144  changes   358  6.8 min
episode 488/1013  eps 0.012  train return  +31.32%  loss 4.54e-05  maxQ +0.0142  changes   322  6.8 min
episode 489/1013  eps 0.012  train return  +23.17%  loss 4.57e-05  maxQ +0.0141  changes   379  6.8 min
episode 490/1013  eps 0.011  train return  +46.74%  loss 4.80e-05  maxQ +0.0145  changes   393  6.8 min | val return +8.72% (best +23.35%)
episode 491/1013  eps 0.011  train return +234.08%  loss 4.58e-05  maxQ +0.0138  changes   386  6.9 min
episode 492/1013  eps 0.011  train return  +50.27%  loss 4.27e-05  maxQ +0.0142  changes   437  6.9 min
episode 493/1013  eps 0.011  train return +185.80%  loss 4.47e-05  maxQ +0.0138  changes   439  6.9 min
episode 494/1013  eps 0.011  train return  +41.38%  loss 4.36e-05  maxQ +0.0136  changes   444  6.9 min
episode 495/1013  eps 0.011  train return  +25.18%  loss 4.52e-05  maxQ +0.0137  changes   409  6.9 min
episode 496/1013  eps 0.011  train return  +64.90%  loss 4.57e-05  maxQ +0.0137  changes   422  6.9 min
episode 497/1013  eps 0.011  train return +293.06%  loss 5.08e-05  maxQ +0.0138  changes   382  7.0 min
episode 498/1013  eps 0.011  train return   -4.17%  loss 4.80e-05  maxQ +0.0134  changes   356  7.0 min
episode 499/1013  eps 0.011  train return +122.59%  loss 4.45e-05  maxQ +0.0132  changes   432  7.0 min
episode 500/1013  eps 0.010  train return +113.59%  loss 4.42e-05  maxQ +0.0132  changes   458  7.0 min | val return -1.65% (best +23.35%)
episode 501/1013  eps 0.010  train return +163.49%  loss 4.10e-05  maxQ +0.0136  changes   392  7.0 min
episode 502/1013  eps 0.010  train return +196.30%  loss 4.05e-05  maxQ +0.0126  changes   402  7.0 min
episode 503/1013  eps 0.010  train return  +44.95%  loss 4.50e-05  maxQ +0.0136  changes   335  7.0 min
episode 504/1013  eps 0.010  train return  +18.53%  loss 4.79e-05  maxQ +0.0139  changes   298  7.1 min
episode 505/1013  eps 0.010  train return  +19.04%  loss 4.55e-05  maxQ +0.0131  changes   351  7.1 min
episode 506/1013  eps 0.010  train return +157.40%  loss 4.38e-05  maxQ +0.0139  changes   399  7.1 min
episode 507/1013  eps 0.010  train return  +73.18%  loss 4.30e-05  maxQ +0.0140  changes   401  7.1 min
episode 508/1013  eps 0.010  train return +103.97%  loss 4.89e-05  maxQ +0.0142  changes   383  7.1 min
episode 509/1013  eps 0.010  train return   -2.45%  loss 4.55e-05  maxQ +0.0137  changes   360  7.1 min
episode 510/1013  eps 0.010  train return  +26.78%  loss 4.60e-05  maxQ +0.0141  changes   360  7.1 min | val return -5.52% (best +23.35%)
episode 511/1013  eps 0.010  train return +249.55%  loss 4.69e-05  maxQ +0.0140  changes   409  7.2 min
episode 512/1013  eps 0.010  train return  +83.84%  loss 4.32e-05  maxQ +0.0143  changes   429  7.2 min
episode 513/1013  eps 0.010  train return  +15.01%  loss 4.76e-05  maxQ +0.0140  changes   346  7.2 min
episode 514/1013  eps 0.010  train return  +50.68%  loss 4.70e-05  maxQ +0.0147  changes   364  7.2 min
episode 515/1013  eps 0.010  train return  +68.31%  loss 4.94e-05  maxQ +0.0141  changes   370  7.2 min
episode 516/1013  eps 0.010  train return  +72.22%  loss 4.56e-05  maxQ +0.0143  changes   377  7.2 min
episode 517/1013  eps 0.010  train return  +19.95%  loss 4.47e-05  maxQ +0.0140  changes   350  7.2 min
episode 518/1013  eps 0.010  train return  +66.15%  loss 4.56e-05  maxQ +0.0132  changes   445  7.3 min
episode 519/1013  eps 0.010  train return  +73.77%  loss 4.66e-05  maxQ +0.0136  changes   374  7.3 min
episode 520/1013  eps 0.010  train return +104.16%  loss 4.42e-05  maxQ +0.0139  changes   424  7.3 min | val return +14.70% (best +23.35%)
episode 521/1013  eps 0.010  train return  +82.29%  loss 4.46e-05  maxQ +0.0142  changes   412  7.3 min
episode 522/1013  eps 0.010  train return   +7.86%  loss 4.79e-05  maxQ +0.0135  changes   326  7.3 min
episode 523/1013  eps 0.010  train return  +26.06%  loss 4.59e-05  maxQ +0.0134  changes   279  7.3 min
episode 524/1013  eps 0.010  train return +304.53%  loss 4.46e-05  maxQ +0.0136  changes   443  7.4 min
episode 525/1013  eps 0.010  train return +127.00%  loss 4.66e-05  maxQ +0.0145  changes   433  7.4 min
episode 526/1013  eps 0.010  train return  +36.32%  loss 4.95e-05  maxQ +0.0137  changes   317  7.4 min
episode 527/1013  eps 0.010  train return  +48.46%  loss 4.17e-05  maxQ +0.0135  changes   357  7.4 min
episode 528/1013  eps 0.010  train return   -4.03%  loss 4.43e-05  maxQ +0.0139  changes   379  7.4 min
episode 529/1013  eps 0.010  train return  +56.40%  loss 4.36e-05  maxQ +0.0138  changes   407  7.4 min
episode 530/1013  eps 0.010  train return +176.06%  loss 5.08e-05  maxQ +0.0139  changes   410  7.4 min | val return -1.79% (best +23.35%)
episode 531/1013  eps 0.010  train return +206.60%  loss 4.72e-05  maxQ +0.0137  changes   429  7.5 min
episode 532/1013  eps 0.010  train return  +23.12%  loss 4.79e-05  maxQ +0.0135  changes   334  7.5 min
episode 533/1013  eps 0.010  train return   +6.96%  loss 4.55e-05  maxQ +0.0140  changes   269  7.5 min
episode 534/1013  eps 0.010  train return  +37.01%  loss 4.37e-05  maxQ +0.0139  changes   277  7.5 min
episode 535/1013  eps 0.010  train return  +33.97%  loss 4.26e-05  maxQ +0.0131  changes   425  7.5 min
episode 536/1013  eps 0.010  train return  +18.41%  loss 4.15e-05  maxQ +0.0143  changes   337  7.5 min
episode 537/1013  eps 0.010  train return  +29.34%  loss 4.51e-05  maxQ +0.0144  changes   305  7.5 min
episode 538/1013  eps 0.010  train return +219.23%  loss 4.02e-05  maxQ +0.0134  changes   427  7.6 min
episode 539/1013  eps 0.010  train return  +20.96%  loss 4.29e-05  maxQ +0.0144  changes   294  7.6 min
episode 540/1013  eps 0.010  train return  +93.27%  loss 4.79e-05  maxQ +0.0144  changes   403  7.6 min | val return +5.50% (best +23.35%)
episode 541/1013  eps 0.010  train return +253.88%  loss 4.26e-05  maxQ +0.0144  changes   429  7.6 min
episode 542/1013  eps 0.010  train return +104.80%  loss 4.62e-05  maxQ +0.0138  changes   422  7.6 min
episode 543/1013  eps 0.010  train return  +52.88%  loss 4.27e-05  maxQ +0.0136  changes   371  7.6 min
episode 544/1013  eps 0.010  train return +130.36%  loss 4.27e-05  maxQ +0.0134  changes   425  7.7 min
episode 545/1013  eps 0.010  train return +118.82%  loss 4.29e-05  maxQ +0.0136  changes   439  7.7 min
episode 546/1013  eps 0.010  train return  +92.35%  loss 4.79e-05  maxQ +0.0151  changes   400  7.7 min
episode 547/1013  eps 0.010  train return  +31.20%  loss 4.73e-05  maxQ +0.0147  changes   301  7.7 min
episode 548/1013  eps 0.010  train return  +97.51%  loss 4.58e-05  maxQ +0.0146  changes   428  7.7 min
episode 549/1013  eps 0.010  train return  +24.19%  loss 4.70e-05  maxQ +0.0152  changes   334  7.7 min
episode 550/1013  eps 0.010  train return   -5.44%  loss 4.28e-05  maxQ +0.0142  changes   408  7.7 min | val return -8.26% (best +23.35%)
episode 551/1013  eps 0.010  train return +215.00%  loss 4.43e-05  maxQ +0.0140  changes   380  7.8 min
episode 552/1013  eps 0.010  train return  +88.09%  loss 4.32e-05  maxQ +0.0143  changes   411  7.8 min
episode 553/1013  eps 0.010  train return +145.61%  loss 4.56e-05  maxQ +0.0138  changes   413  7.8 min
episode 554/1013  eps 0.010  train return  +43.57%  loss 4.42e-05  maxQ +0.0144  changes   373  7.8 min
episode 555/1013  eps 0.010  train return  +17.27%  loss 4.33e-05  maxQ +0.0141  changes   321  7.8 min
episode 556/1013  eps 0.010  train return   -0.97%  loss 4.42e-05  maxQ +0.0139  changes   333  7.8 min
episode 557/1013  eps 0.010  train return  +91.28%  loss 4.29e-05  maxQ +0.0141  changes   446  7.8 min
episode 558/1013  eps 0.010  train return  +71.76%  loss 4.11e-05  maxQ +0.0140  changes   377  7.9 min
episode 559/1013  eps 0.010  train return  +18.16%  loss 4.15e-05  maxQ +0.0130  changes   364  7.9 min
episode 560/1013  eps 0.010  train return  +46.15%  loss 4.01e-05  maxQ +0.0128  changes   274  7.9 min | val return -14.33% (best +23.35%)
episode 561/1013  eps 0.010  train return  +49.97%  loss 4.31e-05  maxQ +0.0135  changes   343  7.9 min
episode 562/1013  eps 0.010  train return  +35.58%  loss 4.20e-05  maxQ +0.0135  changes   370  7.9 min
episode 563/1013  eps 0.010  train return  +42.80%  loss 4.09e-05  maxQ +0.0138  changes   271  7.9 min
episode 564/1013  eps 0.010  train return  +30.35%  loss 3.78e-05  maxQ +0.0134  changes   349  8.0 min
episode 565/1013  eps 0.010  train return  +68.86%  loss 4.03e-05  maxQ +0.0131  changes   391  8.0 min
episode 566/1013  eps 0.010  train return  +80.88%  loss 3.89e-05  maxQ +0.0129  changes   379  8.0 min
episode 567/1013  eps 0.010  train return +225.14%  loss 3.96e-05  maxQ +0.0127  changes   410  8.0 min
episode 568/1013  eps 0.010  train return  +49.04%  loss 4.05e-05  maxQ +0.0123  changes   392  8.0 min
episode 569/1013  eps 0.010  train return  +20.91%  loss 3.72e-05  maxQ +0.0120  changes   367  8.0 min
episode 570/1013  eps 0.010  train return  +17.90%  loss 3.94e-05  maxQ +0.0126  changes   359  8.0 min | val return +0.42% (best +23.35%)
episode 571/1013  eps 0.010  train return  +13.11%  loss 3.66e-05  maxQ +0.0125  changes   325  8.1 min
episode 572/1013  eps 0.010  train return +150.77%  loss 3.77e-05  maxQ +0.0121  changes   392  8.1 min
episode 573/1013  eps 0.010  train return  +71.05%  loss 3.93e-05  maxQ +0.0117  changes   397  8.1 min
episode 574/1013  eps 0.010  train return  +14.17%  loss 4.06e-05  maxQ +0.0118  changes   369  8.1 min
episode 575/1013  eps 0.010  train return   +5.49%  loss 3.96e-05  maxQ +0.0122  changes   359  8.1 min
episode 576/1013  eps 0.010  train return  +62.52%  loss 4.03e-05  maxQ +0.0128  changes   378  8.1 min
episode 577/1013  eps 0.010  train return  +60.03%  loss 4.07e-05  maxQ +0.0127  changes   365  8.1 min
episode 578/1013  eps 0.010  train return +202.52%  loss 3.88e-05  maxQ +0.0126  changes   418  8.2 min
episode 579/1013  eps 0.010  train return  +15.03%  loss 3.84e-05  maxQ +0.0119  changes   347  8.2 min
episode 580/1013  eps 0.010  train return  +44.04%  loss 3.73e-05  maxQ +0.0130  changes   338  8.2 min | val return -5.65% (best +23.35%)
episode 581/1013  eps 0.010  train return +197.13%  loss 3.57e-05  maxQ +0.0123  changes   419  8.2 min
episode 582/1013  eps 0.010  train return  +36.34%  loss 3.80e-05  maxQ +0.0123  changes   438  8.2 min
episode 583/1013  eps 0.010  train return +224.32%  loss 3.90e-05  maxQ +0.0123  changes   443  8.2 min
episode 584/1013  eps 0.010  train return  +18.55%  loss 4.14e-05  maxQ +0.0129  changes   309  8.3 min
episode 585/1013  eps 0.010  train return  +28.33%  loss 4.31e-05  maxQ +0.0129  changes   348  8.3 min
episode 586/1013  eps 0.010  train return +207.35%  loss 4.20e-05  maxQ +0.0120  changes   422  8.3 min
episode 587/1013  eps 0.010  train return   -2.90%  loss 3.84e-05  maxQ +0.0128  changes   265  8.3 min
episode 588/1013  eps 0.010  train return   +4.48%  loss 3.58e-05  maxQ +0.0131  changes   349  8.3 min
episode 589/1013  eps 0.010  train return   +8.48%  loss 3.65e-05  maxQ +0.0135  changes   369  8.3 min
episode 590/1013  eps 0.010  train return  +59.46%  loss 4.34e-05  maxQ +0.0133  changes   396  8.3 min | val return +8.16% (best +23.35%)
episode 591/1013  eps 0.010  train return +111.55%  loss 3.82e-05  maxQ +0.0140  changes   438  8.4 min
episode 592/1013  eps 0.010  train return  +52.24%  loss 4.11e-05  maxQ +0.0141  changes   378  8.4 min
episode 593/1013  eps 0.010  train return +221.91%  loss 4.21e-05  maxQ +0.0144  changes   423  8.4 min
episode 594/1013  eps 0.010  train return  +48.55%  loss 3.69e-05  maxQ +0.0135  changes   399  8.4 min
episode 595/1013  eps 0.010  train return  +23.36%  loss 4.15e-05  maxQ +0.0133  changes   376  8.4 min
episode 596/1013  eps 0.010  train return +140.69%  loss 3.67e-05  maxQ +0.0133  changes   423  8.4 min
episode 597/1013  eps 0.010  train return +151.81%  loss 3.66e-05  maxQ +0.0134  changes   427  8.4 min
episode 598/1013  eps 0.010  train return +184.16%  loss 4.01e-05  maxQ +0.0129  changes   453  8.5 min
episode 599/1013  eps 0.010  train return +192.47%  loss 4.05e-05  maxQ +0.0127  changes   424  8.5 min
episode 600/1013  eps 0.010  train return +125.49%  loss 3.72e-05  maxQ +0.0134  changes   402  8.5 min | val return -4.93% (best +23.35%)
episode 601/1013  eps 0.010  train return  +12.95%  loss 3.99e-05  maxQ +0.0136  changes   327  8.5 min
episode 602/1013  eps 0.010  train return +129.56%  loss 4.16e-05  maxQ +0.0143  changes   426  8.5 min
episode 603/1013  eps 0.010  train return +238.71%  loss 4.49e-05  maxQ +0.0133  changes   423  8.5 min
episode 604/1013  eps 0.010  train return  +10.13%  loss 4.37e-05  maxQ +0.0132  changes   291  8.6 min
episode 605/1013  eps 0.010  train return +160.62%  loss 4.26e-05  maxQ +0.0131  changes   395  8.6 min
episode 606/1013  eps 0.010  train return   +4.36%  loss 3.85e-05  maxQ +0.0126  changes   238  8.6 min
episode 607/1013  eps 0.010  train return +177.86%  loss 3.82e-05  maxQ +0.0129  changes   383  8.6 min
episode 608/1013  eps 0.010  train return  +31.73%  loss 4.27e-05  maxQ +0.0128  changes   315  8.6 min
episode 609/1013  eps 0.010  train return +142.06%  loss 4.16e-05  maxQ +0.0126  changes   420  8.6 min
episode 610/1013  eps 0.010  train return +164.22%  loss 4.37e-05  maxQ +0.0127  changes   439  8.6 min | val return +5.40% (best +23.35%)
episode 611/1013  eps 0.010  train return  +69.55%  loss 4.51e-05  maxQ +0.0129  changes   378  8.7 min
episode 612/1013  eps 0.010  train return   +3.95%  loss 4.19e-05  maxQ +0.0129  changes   332  8.7 min
episode 613/1013  eps 0.010  train return +181.37%  loss 4.22e-05  maxQ +0.0126  changes   433  8.7 min
episode 614/1013  eps 0.010  train return  +52.62%  loss 4.49e-05  maxQ +0.0127  changes   362  8.7 min
episode 615/1013  eps 0.010  train return +343.10%  loss 3.99e-05  maxQ +0.0131  changes   445  8.7 min
episode 616/1013  eps 0.010  train return +141.66%  loss 4.33e-05  maxQ +0.0136  changes   402  8.7 min
episode 617/1013  eps 0.010  train return +135.55%  loss 4.18e-05  maxQ +0.0136  changes   446  8.7 min
episode 618/1013  eps 0.010  train return  +25.67%  loss 3.98e-05  maxQ +0.0140  changes   287  8.8 min
episode 619/1013  eps 0.010  train return  +24.59%  loss 3.86e-05  maxQ +0.0141  changes   384  8.8 min
episode 620/1013  eps 0.010  train return +138.78%  loss 4.18e-05  maxQ +0.0138  changes   391  8.8 min | val return -14.82% (best +23.35%)
episode 621/1013  eps 0.010  train return  +74.09%  loss 4.65e-05  maxQ +0.0137  changes   433  8.8 min
episode 622/1013  eps 0.010  train return  +12.20%  loss 4.18e-05  maxQ +0.0135  changes   361  8.8 min
episode 623/1013  eps 0.010  train return  +38.84%  loss 3.69e-05  maxQ +0.0137  changes   353  8.8 min
episode 624/1013  eps 0.010  train return +160.64%  loss 3.65e-05  maxQ +0.0134  changes   417  8.8 min
episode 625/1013  eps 0.010  train return  +94.58%  loss 4.21e-05  maxQ +0.0131  changes   386  8.9 min
episode 626/1013  eps 0.010  train return  +20.29%  loss 4.05e-05  maxQ +0.0136  changes   316  8.9 min
episode 627/1013  eps 0.010  train return  +66.53%  loss 4.26e-05  maxQ +0.0139  changes   348  8.9 min
episode 628/1013  eps 0.010  train return  +36.23%  loss 4.57e-05  maxQ +0.0145  changes   363  8.9 min
episode 629/1013  eps 0.010  train return  +35.37%  loss 4.01e-05  maxQ +0.0147  changes   374  8.9 min
episode 630/1013  eps 0.010  train return  +72.96%  loss 3.78e-05  maxQ +0.0137  changes   396  8.9 min | val return -18.04% (best +23.35%)
episode 631/1013  eps 0.010  train return +329.08%  loss 3.86e-05  maxQ +0.0139  changes   407  9.0 min
episode 632/1013  eps 0.010  train return  +25.60%  loss 4.20e-05  maxQ +0.0138  changes   293  9.0 min
episode 633/1013  eps 0.010  train return  +18.62%  loss 4.04e-05  maxQ +0.0139  changes   337  9.0 min
episode 634/1013  eps 0.010  train return +301.50%  loss 4.15e-05  maxQ +0.0136  changes   437  9.0 min
episode 635/1013  eps 0.010  train return  +84.35%  loss 4.12e-05  maxQ +0.0129  changes   436  9.0 min
episode 636/1013  eps 0.010  train return +105.76%  loss 4.30e-05  maxQ +0.0138  changes   419  9.0 min
episode 637/1013  eps 0.010  train return  +63.50%  loss 4.08e-05  maxQ +0.0142  changes   442  9.0 min
episode 638/1013  eps 0.010  train return  +42.86%  loss 4.15e-05  maxQ +0.0139  changes   333  9.0 min
episode 639/1013  eps 0.010  train return +147.55%  loss 4.20e-05  maxQ +0.0140  changes   392  9.1 min
episode 640/1013  eps 0.010  train return  +94.12%  loss 4.35e-05  maxQ +0.0145  changes   414  9.1 min | val return -19.33% (best +23.35%)
episode 641/1013  eps 0.010  train return   +9.00%  loss 4.31e-05  maxQ +0.0150  changes   334  9.1 min
episode 642/1013  eps 0.010  train return  +51.89%  loss 4.29e-05  maxQ +0.0141  changes   366  9.1 min
episode 643/1013  eps 0.010  train return  +22.17%  loss 4.04e-05  maxQ +0.0141  changes   361  9.1 min
episode 644/1013  eps 0.010  train return  +25.42%  loss 4.32e-05  maxQ +0.0135  changes   309  9.1 min
episode 645/1013  eps 0.010  train return  +17.86%  loss 4.12e-05  maxQ +0.0137  changes   292  9.2 min
episode 646/1013  eps 0.010  train return +143.42%  loss 4.27e-05  maxQ +0.0139  changes   381  9.2 min
episode 647/1013  eps 0.010  train return  +31.08%  loss 4.21e-05  maxQ +0.0143  changes   330  9.2 min
episode 648/1013  eps 0.010  train return  +70.63%  loss 4.27e-05  maxQ +0.0138  changes   422  9.2 min
episode 649/1013  eps 0.010  train return +332.32%  loss 4.08e-05  maxQ +0.0140  changes   442  9.2 min
episode 650/1013  eps 0.010  train return +294.61%  loss 4.62e-05  maxQ +0.0149  changes   466  9.2 min | val return -11.67% (best +23.35%)
episode 651/1013  eps 0.010  train return  +27.92%  loss 4.49e-05  maxQ +0.0147  changes   303  9.3 min
episode 652/1013  eps 0.010  train return +105.00%  loss 4.43e-05  maxQ +0.0153  changes   408  9.3 min
episode 653/1013  eps 0.010  train return  +29.85%  loss 4.11e-05  maxQ +0.0151  changes   373  9.3 min
episode 654/1013  eps 0.010  train return  +35.20%  loss 4.01e-05  maxQ +0.0142  changes   348  9.3 min
episode 655/1013  eps 0.010  train return +256.80%  loss 4.42e-05  maxQ +0.0156  changes   428  9.3 min
episode 656/1013  eps 0.010  train return  +45.12%  loss 4.82e-05  maxQ +0.0155  changes   375  9.3 min
episode 657/1013  eps 0.010  train return +347.95%  loss 4.56e-05  maxQ +0.0160  changes   480  9.3 min
episode 658/1013  eps 0.010  train return   +6.33%  loss 4.56e-05  maxQ +0.0150  changes   279  9.3 min
episode 659/1013  eps 0.010  train return +155.50%  loss 4.45e-05  maxQ +0.0159  changes   453  9.4 min
episode 660/1013  eps 0.010  train return  +98.70%  loss 4.71e-05  maxQ +0.0155  changes   439  9.4 min | val return -6.86% (best +23.35%)
episode 661/1013  eps 0.010  train return +151.10%  loss 4.45e-05  maxQ +0.0165  changes   400  9.4 min
episode 662/1013  eps 0.010  train return  +29.05%  loss 4.64e-05  maxQ +0.0163  changes   375  9.4 min
episode 663/1013  eps 0.010  train return +171.04%  loss 4.51e-05  maxQ +0.0157  changes   413  9.4 min
episode 664/1013  eps 0.010  train return  +66.31%  loss 4.19e-05  maxQ +0.0157  changes   421  9.4 min
episode 665/1013  eps 0.010  train return +130.17%  loss 4.39e-05  maxQ +0.0155  changes   434  9.5 min
episode 666/1013  eps 0.010  train return  +55.47%  loss 4.94e-05  maxQ +0.0162  changes   372  9.5 min
episode 667/1013  eps 0.010  train return  +50.76%  loss 5.09e-05  maxQ +0.0159  changes   379  9.5 min
episode 668/1013  eps 0.010  train return +214.78%  loss 4.72e-05  maxQ +0.0163  changes   456  9.5 min
episode 669/1013  eps 0.010  train return  +34.24%  loss 4.61e-05  maxQ +0.0152  changes   347  9.5 min
episode 670/1013  eps 0.010  train return  +45.04%  loss 4.57e-05  maxQ +0.0157  changes   434  9.5 min | val return -9.32% (best +23.35%)
episode 671/1013  eps 0.010  train return  +51.18%  loss 4.67e-05  maxQ +0.0154  changes   312  9.6 min
episode 672/1013  eps 0.010  train return  +74.22%  loss 4.72e-05  maxQ +0.0149  changes   403  9.6 min
episode 673/1013  eps 0.010  train return  +44.54%  loss 4.48e-05  maxQ +0.0149  changes   344  9.6 min
episode 674/1013  eps 0.010  train return  +39.48%  loss 4.40e-05  maxQ +0.0145  changes   349  9.6 min
episode 675/1013  eps 0.010  train return  +11.58%  loss 4.22e-05  maxQ +0.0145  changes   339  9.6 min
episode 676/1013  eps 0.010  train return  +21.19%  loss 4.15e-05  maxQ +0.0142  changes   355  9.6 min
episode 677/1013  eps 0.010  train return  +40.42%  loss 4.37e-05  maxQ +0.0149  changes   396  9.6 min
episode 678/1013  eps 0.010  train return  +69.57%  loss 4.32e-05  maxQ +0.0144  changes   428  9.6 min
episode 679/1013  eps 0.010  train return  +43.54%  loss 3.94e-05  maxQ +0.0145  changes   346  9.7 min
episode 680/1013  eps 0.010  train return   +8.12%  loss 4.06e-05  maxQ +0.0140  changes   299  9.7 min | val return -18.46% (best +23.35%)
episode 681/1013  eps 0.010  train return   +2.42%  loss 4.02e-05  maxQ +0.0149  changes   337  9.7 min
episode 682/1013  eps 0.010  train return +271.06%  loss 4.18e-05  maxQ +0.0151  changes   429  9.7 min
episode 683/1013  eps 0.010  train return  +26.57%  loss 4.13e-05  maxQ +0.0146  changes   375  9.7 min
episode 684/1013  eps 0.010  train return +164.19%  loss 4.05e-05  maxQ +0.0143  changes   398  9.7 min
episode 685/1013  eps 0.010  train return  +38.14%  loss 3.94e-05  maxQ +0.0140  changes   355  9.8 min
episode 686/1013  eps 0.010  train return  +98.91%  loss 4.11e-05  maxQ +0.0139  changes   456  9.8 min
episode 687/1013  eps 0.010  train return  +54.56%  loss 3.97e-05  maxQ +0.0138  changes   324  9.8 min
episode 688/1013  eps 0.010  train return +276.62%  loss 4.02e-05  maxQ +0.0136  changes   448  9.8 min
episode 689/1013  eps 0.010  train return  +17.94%  loss 3.90e-05  maxQ +0.0130  changes   354  9.8 min
episode 690/1013  eps 0.010  train return +337.78%  loss 3.77e-05  maxQ +0.0125  changes   416  9.8 min | val return -16.12% (best +23.35%)
episode 691/1013  eps 0.010  train return  +49.19%  loss 3.90e-05  maxQ +0.0129  changes   382  9.9 min
episode 692/1013  eps 0.010  train return  +22.94%  loss 4.17e-05  maxQ +0.0129  changes   323  9.9 min
episode 693/1013  eps 0.010  train return  +10.56%  loss 3.99e-05  maxQ +0.0136  changes   331  9.9 min
episode 694/1013  eps 0.010  train return +132.25%  loss 3.93e-05  maxQ +0.0143  changes   405  9.9 min
episode 695/1013  eps 0.010  train return  +95.65%  loss 4.00e-05  maxQ +0.0137  changes   392  9.9 min
episode 696/1013  eps 0.010  train return  +33.89%  loss 3.91e-05  maxQ +0.0126  changes   316  9.9 min
episode 697/1013  eps 0.010  train return   -1.76%  loss 3.81e-05  maxQ +0.0136  changes   266  9.9 min
episode 698/1013  eps 0.010  train return +104.96%  loss 3.82e-05  maxQ +0.0139  changes   416  9.9 min
episode 699/1013  eps 0.010  train return  +90.30%  loss 4.14e-05  maxQ +0.0141  changes   391  10.0 min
episode 700/1013  eps 0.010  train return  +27.75%  loss 3.79e-05  maxQ +0.0135  changes   367  10.0 min | val return -15.58% (best +23.35%)
episode 701/1013  eps 0.010  train return   +3.26%  loss 3.94e-05  maxQ +0.0137  changes   385  10.0 min
episode 702/1013  eps 0.010  train return +190.03%  loss 4.05e-05  maxQ +0.0142  changes   447  10.0 min
episode 703/1013  eps 0.010  train return  +27.88%  loss 4.26e-05  maxQ +0.0147  changes   327  10.0 min
episode 704/1013  eps 0.010  train return +354.71%  loss 4.39e-05  maxQ +0.0143  changes   416  10.0 min
episode 705/1013  eps 0.010  train return  +24.67%  loss 4.92e-05  maxQ +0.0141  changes   307  10.1 min
episode 706/1013  eps 0.010  train return  +58.99%  loss 4.23e-05  maxQ +0.0132  changes   417  10.1 min
episode 707/1013  eps 0.010  train return  +29.35%  loss 3.81e-05  maxQ +0.0133  changes   347  10.1 min
episode 708/1013  eps 0.010  train return  +38.56%  loss 4.00e-05  maxQ +0.0136  changes   335  10.1 min
episode 709/1013  eps 0.010  train return +364.57%  loss 3.94e-05  maxQ +0.0139  changes   436  10.1 min
episode 710/1013  eps 0.010  train return  +25.21%  loss 4.08e-05  maxQ +0.0134  changes   300  10.1 min | val return -22.74% (best +23.35%)
episode 711/1013  eps 0.010  train return +292.35%  loss 3.94e-05  maxQ +0.0133  changes   432  10.2 min
episode 712/1013  eps 0.010  train return  +40.19%  loss 3.74e-05  maxQ +0.0137  changes   350  10.2 min
episode 713/1013  eps 0.010  train return  +25.03%  loss 3.77e-05  maxQ +0.0133  changes   331  10.2 min
episode 714/1013  eps 0.010  train return  +57.29%  loss 3.93e-05  maxQ +0.0133  changes   373  10.2 min
episode 715/1013  eps 0.010  train return  +59.24%  loss 4.13e-05  maxQ +0.0134  changes   412  10.2 min
episode 716/1013  eps 0.010  train return +186.32%  loss 4.25e-05  maxQ +0.0136  changes   450  10.2 min
episode 717/1013  eps 0.010  train return +245.81%  loss 4.53e-05  maxQ +0.0139  changes   424  10.2 min
episode 718/1013  eps 0.010  train return  +33.87%  loss 4.31e-05  maxQ +0.0140  changes   365  10.2 min
episode 719/1013  eps 0.010  train return +132.41%  loss 4.23e-05  maxQ +0.0137  changes   452  10.3 min
episode 720/1013  eps 0.010  train return  +31.70%  loss 4.04e-05  maxQ +0.0140  changes   312  10.3 min | val return -11.38% (best +23.35%)
episode 721/1013  eps 0.010  train return  +50.45%  loss 4.05e-05  maxQ +0.0137  changes   297  10.3 min
episode 722/1013  eps 0.010  train return +423.82%  loss 3.90e-05  maxQ +0.0140  changes   435  10.3 min
episode 723/1013  eps 0.010  train return  +65.50%  loss 3.99e-05  maxQ +0.0141  changes   428  10.3 min
episode 724/1013  eps 0.010  train return +297.94%  loss 3.93e-05  maxQ +0.0139  changes   431  10.3 min
episode 725/1013  eps 0.010  train return  +44.96%  loss 3.67e-05  maxQ +0.0140  changes   342  10.4 min
episode 726/1013  eps 0.010  train return  +60.45%  loss 4.03e-05  maxQ +0.0142  changes   423  10.4 min
episode 727/1013  eps 0.010  train return  +30.50%  loss 4.24e-05  maxQ +0.0152  changes   322  10.4 min
episode 728/1013  eps 0.010  train return  +72.98%  loss 3.94e-05  maxQ +0.0141  changes   374  10.4 min
episode 729/1013  eps 0.010  train return +222.33%  loss 3.82e-05  maxQ +0.0142  changes   388  10.4 min
episode 730/1013  eps 0.010  train return  +25.89%  loss 3.45e-05  maxQ +0.0136  changes   354  10.4 min | val return -16.96% (best +23.35%)
episode 731/1013  eps 0.010  train return  +34.36%  loss 3.50e-05  maxQ +0.0134  changes   346  10.5 min
episode 732/1013  eps 0.010  train return  +47.69%  loss 3.78e-05  maxQ +0.0136  changes   426  10.5 min
episode 733/1013  eps 0.010  train return  +47.15%  loss 4.11e-05  maxQ +0.0132  changes   377  10.5 min
episode 734/1013  eps 0.010  train return  +37.20%  loss 3.64e-05  maxQ +0.0138  changes   342  10.5 min
episode 735/1013  eps 0.010  train return +654.18%  loss 3.81e-05  maxQ +0.0134  changes   455  10.5 min
episode 736/1013  eps 0.010  train return +102.53%  loss 4.10e-05  maxQ +0.0139  changes   405  10.5 min
episode 737/1013  eps 0.010  train return  +32.82%  loss 3.66e-05  maxQ +0.0130  changes   409  10.5 min
episode 738/1013  eps 0.010  train return   +3.84%  loss 3.74e-05  maxQ +0.0133  changes   241  10.5 min
episode 739/1013  eps 0.010  train return  +18.62%  loss 3.95e-05  maxQ +0.0134  changes   307  10.6 min
episode 740/1013  eps 0.010  train return +195.65%  loss 3.75e-05  maxQ +0.0138  changes   453  10.6 min | val return -26.56% (best +23.35%)
episode 741/1013  eps 0.010  train return  +70.60%  loss 3.81e-05  maxQ +0.0137  changes   392  10.6 min
episode 742/1013  eps 0.010  train return  +51.83%  loss 3.68e-05  maxQ +0.0142  changes   356  10.6 min
episode 743/1013  eps 0.010  train return  +19.51%  loss 3.72e-05  maxQ +0.0137  changes   365  10.6 min
episode 744/1013  eps 0.010  train return  +50.31%  loss 4.02e-05  maxQ +0.0139  changes   368  10.6 min
episode 745/1013  eps 0.010  train return +121.08%  loss 4.15e-05  maxQ +0.0147  changes   424  10.7 min
episode 746/1013  eps 0.010  train return  +47.37%  loss 3.85e-05  maxQ +0.0142  changes   371  10.7 min
episode 747/1013  eps 0.010  train return  +44.32%  loss 3.91e-05  maxQ +0.0143  changes   381  10.7 min
episode 748/1013  eps 0.010  train return +109.83%  loss 3.83e-05  maxQ +0.0139  changes   464  10.7 min
episode 749/1013  eps 0.010  train return +134.41%  loss 3.75e-05  maxQ +0.0140  changes   383  10.7 min
episode 750/1013  eps 0.010  train return +150.11%  loss 3.90e-05  maxQ +0.0141  changes   413  10.7 min | val return -20.47% (best +23.35%)
episode 751/1013  eps 0.010  train return  +77.47%  loss 3.95e-05  maxQ +0.0134  changes   443  10.8 min
episode 752/1013  eps 0.010  train return +231.55%  loss 3.65e-05  maxQ +0.0132  changes   436  10.8 min
episode 753/1013  eps 0.010  train return +530.06%  loss 3.87e-05  maxQ +0.0131  changes   450  10.8 min
episode 754/1013  eps 0.010  train return +222.24%  loss 4.40e-05  maxQ +0.0140  changes   437  10.8 min
episode 755/1013  eps 0.010  train return  +31.58%  loss 4.11e-05  maxQ +0.0139  changes   388  10.8 min
episode 756/1013  eps 0.010  train return  +26.12%  loss 4.15e-05  maxQ +0.0137  changes   407  10.8 min
episode 757/1013  eps 0.010  train return  +69.65%  loss 4.03e-05  maxQ +0.0140  changes   417  10.9 min
episode 758/1013  eps 0.010  train return  +11.43%  loss 3.93e-05  maxQ +0.0143  changes   395  10.9 min
episode 759/1013  eps 0.010  train return +142.88%  loss 4.12e-05  maxQ +0.0138  changes   430  10.9 min
episode 760/1013  eps 0.010  train return  +41.23%  loss 3.72e-05  maxQ +0.0139  changes   368  10.9 min | val return -26.98% (best +23.35%)
episode 761/1013  eps 0.010  train return  +40.55%  loss 3.78e-05  maxQ +0.0141  changes   391  10.9 min
episode 762/1013  eps 0.010  train return +559.46%  loss 4.21e-05  maxQ +0.0144  changes   420  10.9 min
episode 763/1013  eps 0.010  train return  +42.66%  loss 3.95e-05  maxQ +0.0132  changes   429  11.0 min
episode 764/1013  eps 0.010  train return  +71.10%  loss 4.09e-05  maxQ +0.0144  changes   383  11.0 min
episode 765/1013  eps 0.010  train return  +59.25%  loss 4.61e-05  maxQ +0.0154  changes   403  11.0 min
episode 766/1013  eps 0.010  train return  +49.50%  loss 4.52e-05  maxQ +0.0153  changes   391  11.0 min
episode 767/1013  eps 0.010  train return +140.15%  loss 4.43e-05  maxQ +0.0155  changes   437  11.0 min
episode 768/1013  eps 0.010  train return  +45.30%  loss 4.04e-05  maxQ +0.0146  changes   333  11.0 min
episode 769/1013  eps 0.010  train return  +73.77%  loss 3.86e-05  maxQ +0.0141  changes   375  11.0 min
episode 770/1013  eps 0.010  train return +177.70%  loss 4.11e-05  maxQ +0.0140  changes   412  11.0 min | val return -12.22% (best +23.35%)
episode 771/1013  eps 0.010  train return  +79.06%  loss 4.55e-05  maxQ +0.0149  changes   450  11.1 min
episode 772/1013  eps 0.010  train return +135.31%  loss 4.64e-05  maxQ +0.0157  changes   416  11.1 min
episode 773/1013  eps 0.010  train return +164.00%  loss 4.33e-05  maxQ +0.0154  changes   428  11.1 min
episode 774/1013  eps 0.010  train return  +32.17%  loss 4.21e-05  maxQ +0.0160  changes   340  11.1 min
episode 775/1013  eps 0.010  train return +363.88%  loss 4.34e-05  maxQ +0.0151  changes   436  11.2 min
episode 776/1013  eps 0.010  train return  +29.47%  loss 4.07e-05  maxQ +0.0147  changes   343  11.2 min
episode 777/1013  eps 0.010  train return +243.13%  loss 4.60e-05  maxQ +0.0153  changes   434  11.2 min
episode 778/1013  eps 0.010  train return  +99.99%  loss 4.27e-05  maxQ +0.0156  changes   436  11.2 min
episode 779/1013  eps 0.010  train return   +9.08%  loss 4.02e-05  maxQ +0.0150  changes   369  11.2 min
episode 780/1013  eps 0.010  train return +169.23%  loss 4.08e-05  maxQ +0.0145  changes   435  11.3 min | val return -20.65% (best +23.35%)
episode 781/1013  eps 0.010  train return  +28.43%  loss 4.43e-05  maxQ +0.0141  changes   358  11.3 min
episode 782/1013  eps 0.010  train return  +87.27%  loss 4.18e-05  maxQ +0.0147  changes   371  11.3 min
episode 783/1013  eps 0.010  train return  +97.78%  loss 4.09e-05  maxQ +0.0143  changes   406  11.3 min
episode 784/1013  eps 0.010  train return  +31.49%  loss 4.35e-05  maxQ +0.0143  changes   303  11.4 min
episode 785/1013  eps 0.010  train return  +24.60%  loss 4.36e-05  maxQ +0.0145  changes   331  11.4 min
episode 786/1013  eps 0.010  train return  +37.12%  loss 4.43e-05  maxQ +0.0143  changes   329  11.4 min
episode 787/1013  eps 0.010  train return  +35.40%  loss 3.95e-05  maxQ +0.0145  changes   350  11.4 min
episode 788/1013  eps 0.010  train return +292.96%  loss 4.06e-05  maxQ +0.0149  changes   416  11.4 min
episode 789/1013  eps 0.010  train return  +35.17%  loss 3.91e-05  maxQ +0.0141  changes   337  11.5 min
episode 790/1013  eps 0.010  train return +124.80%  loss 4.08e-05  maxQ +0.0138  changes   472  11.5 min | val return -12.22% (best +23.35%)
episode 791/1013  eps 0.010  train return +121.61%  loss 4.15e-05  maxQ +0.0137  changes   422  11.5 min
episode 792/1013  eps 0.010  train return  +79.08%  loss 4.49e-05  maxQ +0.0138  changes   370  11.5 min
episode 793/1013  eps 0.010  train return +683.30%  loss 4.56e-05  maxQ +0.0139  changes   464  11.5 min
episode 794/1013  eps 0.010  train return  +52.26%  loss 4.39e-05  maxQ +0.0151  changes   430  11.6 min
episode 795/1013  eps 0.010  train return  +22.61%  loss 4.48e-05  maxQ +0.0150  changes   386  11.6 min
episode 796/1013  eps 0.010  train return  +75.46%  loss 4.46e-05  maxQ +0.0145  changes   379  11.6 min
episode 797/1013  eps 0.010  train return  +45.53%  loss 4.00e-05  maxQ +0.0136  changes   361  11.6 min
episode 798/1013  eps 0.010  train return  +84.64%  loss 3.91e-05  maxQ +0.0136  changes   416  11.6 min
episode 799/1013  eps 0.010  train return  +21.53%  loss 4.08e-05  maxQ +0.0127  changes   373  11.6 min
episode 800/1013  eps 0.010  train return  +33.88%  loss 4.19e-05  maxQ +0.0134  changes   363  11.6 min | val return -5.71% (best +23.35%)
episode 801/1013  eps 0.010  train return  +36.28%  loss 4.11e-05  maxQ +0.0134  changes   425  11.7 min
episode 802/1013  eps 0.010  train return +216.99%  loss 4.25e-05  maxQ +0.0135  changes   421  11.7 min
episode 803/1013  eps 0.010  train return +280.82%  loss 4.19e-05  maxQ +0.0139  changes   435  11.7 min
episode 804/1013  eps 0.010  train return  +59.42%  loss 4.06e-05  maxQ +0.0142  changes   375  11.7 min
episode 805/1013  eps 0.010  train return  +44.10%  loss 4.40e-05  maxQ +0.0138  changes   384  11.7 min
episode 806/1013  eps 0.010  train return  +64.95%  loss 4.19e-05  maxQ +0.0136  changes   345  11.8 min
episode 807/1013  eps 0.010  train return  +46.87%  loss 4.13e-05  maxQ +0.0142  changes   356  11.8 min
episode 808/1013  eps 0.010  train return +121.26%  loss 4.43e-05  maxQ +0.0154  changes   387  11.8 min
episode 809/1013  eps 0.010  train return  +17.21%  loss 4.28e-05  maxQ +0.0150  changes   303  11.8 min
episode 810/1013  eps 0.010  train return  +70.36%  loss 4.14e-05  maxQ +0.0152  changes   418  11.8 min | val return -29.06% (best +23.35%)
episode 811/1013  eps 0.010  train return  +17.47%  loss 4.43e-05  maxQ +0.0144  changes   288  11.8 min
episode 812/1013  eps 0.010  train return +258.35%  loss 4.25e-05  maxQ +0.0150  changes   441  11.9 min
episode 813/1013  eps 0.010  train return  +40.00%  loss 4.41e-05  maxQ +0.0143  changes   382  11.9 min
episode 814/1013  eps 0.010  train return +206.92%  loss 4.10e-05  maxQ +0.0142  changes   398  11.9 min
episode 815/1013  eps 0.010  train return  +38.26%  loss 4.39e-05  maxQ +0.0145  changes   354  11.9 min
episode 816/1013  eps 0.010  train return  +75.81%  loss 4.66e-05  maxQ +0.0147  changes   435  11.9 min
episode 817/1013  eps 0.010  train return +207.72%  loss 4.60e-05  maxQ +0.0148  changes   335  11.9 min
episode 818/1013  eps 0.010  train return  +62.96%  loss 4.90e-05  maxQ +0.0155  changes   307  12.0 min
episode 819/1013  eps 0.010  train return +325.82%  loss 4.27e-05  maxQ +0.0156  changes   446  12.0 min
episode 820/1013  eps 0.010  train return +343.39%  loss 4.59e-05  maxQ +0.0151  changes   443  12.0 min | val return -16.93% (best +23.35%)
episode 821/1013  eps 0.010  train return +186.05%  loss 4.56e-05  maxQ +0.0149  changes   444  12.0 min
episode 822/1013  eps 0.010  train return  +70.16%  loss 4.65e-05  maxQ +0.0146  changes   450  12.0 min
episode 823/1013  eps 0.010  train return  +75.47%  loss 4.42e-05  maxQ +0.0149  changes   328  12.0 min
episode 824/1013  eps 0.010  train return +139.64%  loss 4.44e-05  maxQ +0.0149  changes   368  12.1 min
episode 825/1013  eps 0.010  train return   +8.83%  loss 4.33e-05  maxQ +0.0153  changes   302  12.1 min
episode 826/1013  eps 0.010  train return +177.43%  loss 4.34e-05  maxQ +0.0144  changes   416  12.1 min
episode 827/1013  eps 0.010  train return  +20.54%  loss 4.16e-05  maxQ +0.0140  changes   302  12.1 min
episode 828/1013  eps 0.010  train return  +30.18%  loss 4.42e-05  maxQ +0.0146  changes   349  12.1 min
episode 829/1013  eps 0.010  train return +815.03%  loss 4.55e-05  maxQ +0.0142  changes   441  12.1 min
episode 830/1013  eps 0.010  train return  +93.20%  loss 4.30e-05  maxQ +0.0146  changes   425  12.2 min | val return -16.17% (best +23.35%)
episode 831/1013  eps 0.010  train return  +79.73%  loss 4.17e-05  maxQ +0.0139  changes   391  12.2 min
episode 832/1013  eps 0.010  train return +175.41%  loss 4.32e-05  maxQ +0.0138  changes   430  12.2 min
episode 833/1013  eps 0.010  train return  +85.52%  loss 4.15e-05  maxQ +0.0144  changes   420  12.2 min
episode 834/1013  eps 0.010  train return  +79.83%  loss 4.20e-05  maxQ +0.0145  changes   379  12.2 min
episode 835/1013  eps 0.010  train return  +22.42%  loss 4.39e-05  maxQ +0.0144  changes   338  12.2 min
episode 836/1013  eps 0.010  train return   +3.04%  loss 4.06e-05  maxQ +0.0147  changes   333  12.3 min
episode 837/1013  eps 0.010  train return  +42.33%  loss 4.10e-05  maxQ +0.0147  changes   354  12.3 min
episode 838/1013  eps 0.010  train return  +61.10%  loss 4.19e-05  maxQ +0.0152  changes   322  12.3 min
episode 839/1013  eps 0.010  train return  +83.33%  loss 4.23e-05  maxQ +0.0147  changes   380  12.3 min
episode 840/1013  eps 0.010  train return  +41.65%  loss 4.20e-05  maxQ +0.0149  changes   367  12.3 min | val return -11.65% (best +23.35%)
episode 841/1013  eps 0.010  train return  +33.29%  loss 4.16e-05  maxQ +0.0156  changes   299  12.3 min
episode 842/1013  eps 0.010  train return   +7.13%  loss 3.74e-05  maxQ +0.0151  changes   392  12.4 min
episode 843/1013  eps 0.010  train return  +90.22%  loss 4.03e-05  maxQ +0.0147  changes   380  12.4 min
episode 844/1013  eps 0.010  train return +207.68%  loss 4.11e-05  maxQ +0.0149  changes   442  12.4 min
episode 845/1013  eps 0.010  train return +278.68%  loss 4.14e-05  maxQ +0.0144  changes   420  12.4 min
episode 846/1013  eps 0.010  train return  +20.32%  loss 4.18e-05  maxQ +0.0139  changes   396  12.4 min
episode 847/1013  eps 0.010  train return  +52.94%  loss 4.19e-05  maxQ +0.0138  changes   369  12.4 min
episode 848/1013  eps 0.010  train return  +20.32%  loss 4.16e-05  maxQ +0.0143  changes   343  12.5 min
episode 849/1013  eps 0.010  train return +213.18%  loss 4.52e-05  maxQ +0.0145  changes   423  12.5 min
episode 850/1013  eps 0.010  train return +285.69%  loss 4.11e-05  maxQ +0.0144  changes   445  12.5 min | val return -18.65% (best +23.35%)
episode 851/1013  eps 0.010  train return  +73.61%  loss 4.01e-05  maxQ +0.0143  changes   370  12.5 min
episode 852/1013  eps 0.010  train return   +8.60%  loss 4.01e-05  maxQ +0.0140  changes   332  12.5 min
episode 853/1013  eps 0.010  train return  +33.38%  loss 4.27e-05  maxQ +0.0134  changes   422  12.5 min
episode 854/1013  eps 0.010  train return  +17.06%  loss 4.35e-05  maxQ +0.0141  changes   307  12.5 min
episode 855/1013  eps 0.010  train return  +71.73%  loss 4.50e-05  maxQ +0.0141  changes   380  12.6 min
episode 856/1013  eps 0.010  train return +112.38%  loss 4.03e-05  maxQ +0.0140  changes   419  12.6 min
episode 857/1013  eps 0.010  train return +216.38%  loss 4.59e-05  maxQ +0.0144  changes   393  12.6 min
episode 858/1013  eps 0.010  train return +102.57%  loss 4.68e-05  maxQ +0.0144  changes   441  12.6 min
episode 859/1013  eps 0.010  train return  +23.93%  loss 4.63e-05  maxQ +0.0149  changes   309  12.6 min
episode 860/1013  eps 0.010  train return  +15.45%  loss 4.05e-05  maxQ +0.0140  changes   311  12.6 min | val return -11.84% (best +23.35%)
episode 861/1013  eps 0.010  train return  +21.58%  loss 4.19e-05  maxQ +0.0141  changes   325  12.7 min
episode 862/1013  eps 0.010  train return  +64.57%  loss 4.25e-05  maxQ +0.0141  changes   389  12.7 min
episode 863/1013  eps 0.010  train return +113.11%  loss 3.92e-05  maxQ +0.0137  changes   415  12.7 min
episode 864/1013  eps 0.010  train return +109.96%  loss 3.83e-05  maxQ +0.0141  changes   454  12.7 min
episode 865/1013  eps 0.010  train return  +52.28%  loss 3.97e-05  maxQ +0.0139  changes   404  12.7 min
episode 866/1013  eps 0.010  train return  +19.95%  loss 3.98e-05  maxQ +0.0139  changes   333  12.7 min
episode 867/1013  eps 0.010  train return  +48.60%  loss 4.22e-05  maxQ +0.0140  changes   348  12.8 min
episode 868/1013  eps 0.010  train return  +32.72%  loss 4.23e-05  maxQ +0.0140  changes   371  12.8 min
episode 869/1013  eps 0.010  train return  +53.12%  loss 4.01e-05  maxQ +0.0139  changes   398  12.8 min
episode 870/1013  eps 0.010  train return  +31.73%  loss 4.02e-05  maxQ +0.0139  changes   364  12.8 min | val return -10.72% (best +23.35%)
episode 871/1013  eps 0.010  train return +378.61%  loss 4.16e-05  maxQ +0.0139  changes   434  12.8 min
episode 872/1013  eps 0.010  train return  +59.97%  loss 3.96e-05  maxQ +0.0138  changes   374  12.9 min
episode 873/1013  eps 0.010  train return  +62.44%  loss 4.20e-05  maxQ +0.0137  changes   407  12.9 min
episode 874/1013  eps 0.010  train return  +55.56%  loss 4.24e-05  maxQ +0.0134  changes   345  12.9 min
episode 875/1013  eps 0.010  train return +147.89%  loss 4.12e-05  maxQ +0.0140  changes   384  12.9 min
episode 876/1013  eps 0.010  train return  +30.55%  loss 4.36e-05  maxQ +0.0147  changes   353  12.9 min
episode 877/1013  eps 0.010  train return  +60.87%  loss 4.41e-05  maxQ +0.0153  changes   415  12.9 min
episode 878/1013  eps 0.010  train return  +46.79%  loss 4.32e-05  maxQ +0.0147  changes   346  12.9 min
episode 879/1013  eps 0.010  train return +350.08%  loss 4.07e-05  maxQ +0.0137  changes   414  13.0 min
episode 880/1013  eps 0.010  train return +159.92%  loss 4.32e-05  maxQ +0.0146  changes   424  13.0 min | val return -12.58% (best +23.35%)
episode 881/1013  eps 0.010  train return  +69.28%  loss 3.91e-05  maxQ +0.0147  changes   349  13.0 min
episode 882/1013  eps 0.010  train return  +34.01%  loss 4.21e-05  maxQ +0.0143  changes   335  13.0 min
episode 883/1013  eps 0.010  train return +126.06%  loss 3.98e-05  maxQ +0.0148  changes   385  13.0 min
episode 884/1013  eps 0.010  train return   +9.20%  loss 4.03e-05  maxQ +0.0148  changes   258  13.0 min
episode 885/1013  eps 0.010  train return   +8.97%  loss 3.80e-05  maxQ +0.0146  changes   279  13.1 min
episode 886/1013  eps 0.010  train return +107.36%  loss 4.12e-05  maxQ +0.0145  changes   398  13.1 min
episode 887/1013  eps 0.010  train return   -2.68%  loss 4.44e-05  maxQ +0.0147  changes   258  13.1 min
episode 888/1013  eps 0.010  train return  +72.03%  loss 4.02e-05  maxQ +0.0143  changes   358  13.1 min
episode 889/1013  eps 0.010  train return  +41.49%  loss 3.76e-05  maxQ +0.0143  changes   362  13.1 min
episode 890/1013  eps 0.010  train return  +36.39%  loss 3.78e-05  maxQ +0.0142  changes   347  13.1 min | val return -24.18% (best +23.35%)
episode 891/1013  eps 0.010  train return  +80.08%  loss 3.98e-05  maxQ +0.0132  changes   375  13.2 min
episode 892/1013  eps 0.010  train return +111.82%  loss 3.81e-05  maxQ +0.0135  changes   356  13.2 min
episode 893/1013  eps 0.010  train return  +74.15%  loss 3.87e-05  maxQ +0.0137  changes   370  13.2 min
episode 894/1013  eps 0.010  train return  +75.09%  loss 4.25e-05  maxQ +0.0139  changes   374  13.2 min
episode 895/1013  eps 0.010  train return  +83.09%  loss 3.88e-05  maxQ +0.0131  changes   362  13.2 min
episode 896/1013  eps 0.010  train return  +85.52%  loss 3.87e-05  maxQ +0.0132  changes   368  13.2 min
episode 897/1013  eps 0.010  train return  +86.10%  loss 3.77e-05  maxQ +0.0130  changes   365  13.3 min
episode 898/1013  eps 0.010  train return  +10.22%  loss 3.54e-05  maxQ +0.0126  changes   282  13.3 min
episode 899/1013  eps 0.010  train return  +30.46%  loss 3.64e-05  maxQ +0.0131  changes   353  13.3 min
episode 900/1013  eps 0.010  train return  +71.19%  loss 3.50e-05  maxQ +0.0131  changes   383  13.3 min | val return -10.69% (best +23.35%)
episode 901/1013  eps 0.010  train return   -0.80%  loss 3.48e-05  maxQ +0.0136  changes   364  13.3 min
episode 902/1013  eps 0.010  train return +170.63%  loss 3.49e-05  maxQ +0.0131  changes   423  13.3 min
episode 903/1013  eps 0.010  train return +127.00%  loss 3.41e-05  maxQ +0.0135  changes   381  13.4 min
episode 904/1013  eps 0.010  train return  +59.43%  loss 3.78e-05  maxQ +0.0135  changes   382  13.4 min
episode 905/1013  eps 0.010  train return +253.41%  loss 3.66e-05  maxQ +0.0135  changes   409  13.4 min
episode 906/1013  eps 0.010  train return  +50.10%  loss 3.47e-05  maxQ +0.0135  changes   317  13.4 min
episode 907/1013  eps 0.010  train return +107.22%  loss 3.54e-05  maxQ +0.0138  changes   368  13.4 min
episode 908/1013  eps 0.010  train return  +27.17%  loss 3.52e-05  maxQ +0.0138  changes   358  13.4 min
episode 909/1013  eps 0.010  train return +322.01%  loss 3.39e-05  maxQ +0.0135  changes   448  13.4 min
episode 910/1013  eps 0.010  train return  +81.54%  loss 3.59e-05  maxQ +0.0140  changes   388  13.5 min | val return -5.08% (best +23.35%)
episode 911/1013  eps 0.010  train return  +38.72%  loss 3.58e-05  maxQ +0.0139  changes   317  13.5 min
episode 912/1013  eps 0.010  train return +149.08%  loss 3.84e-05  maxQ +0.0140  changes   415  13.5 min
episode 913/1013  eps 0.010  train return   +0.01%  loss 3.83e-05  maxQ +0.0136  changes   382  13.5 min
episode 914/1013  eps 0.010  train return  +32.35%  loss 3.66e-05  maxQ +0.0137  changes   370  13.5 min
episode 915/1013  eps 0.010  train return  +71.59%  loss 3.64e-05  maxQ +0.0138  changes   356  13.6 min
episode 916/1013  eps 0.010  train return  +46.59%  loss 3.78e-05  maxQ +0.0149  changes   417  13.6 min
episode 917/1013  eps 0.010  train return  +52.31%  loss 3.77e-05  maxQ +0.0148  changes   396  13.6 min
episode 918/1013  eps 0.010  train return  +90.10%  loss 3.69e-05  maxQ +0.0144  changes   383  13.6 min
episode 919/1013  eps 0.010  train return  +97.90%  loss 3.49e-05  maxQ +0.0142  changes   429  13.6 min
episode 920/1013  eps 0.010  train return  +63.45%  loss 3.60e-05  maxQ +0.0141  changes   372  13.6 min | val return -8.86% (best +23.35%)
episode 921/1013  eps 0.010  train return  +38.92%  loss 3.34e-05  maxQ +0.0136  changes   364  13.7 min
episode 922/1013  eps 0.010  train return  +57.58%  loss 3.60e-05  maxQ +0.0141  changes   381  13.7 min
episode 923/1013  eps 0.010  train return  +42.11%  loss 3.30e-05  maxQ +0.0136  changes   350  13.7 min
episode 924/1013  eps 0.010  train return  +24.75%  loss 3.47e-05  maxQ +0.0137  changes   332  13.7 min
episode 925/1013  eps 0.010  train return  +54.40%  loss 3.21e-05  maxQ +0.0138  changes   400  13.7 min
episode 926/1013  eps 0.010  train return  +43.26%  loss 3.30e-05  maxQ +0.0139  changes   362  13.7 min
episode 927/1013  eps 0.010  train return +109.91%  loss 3.41e-05  maxQ +0.0137  changes   383  13.7 min
episode 928/1013  eps 0.010  train return  +95.74%  loss 3.05e-05  maxQ +0.0124  changes   388  13.8 min
episode 929/1013  eps 0.010  train return +109.31%  loss 3.32e-05  maxQ +0.0132  changes   392  13.8 min
episode 930/1013  eps 0.010  train return  +45.77%  loss 3.53e-05  maxQ +0.0136  changes   333  13.8 min | val return -22.68% (best +23.35%)
episode 931/1013  eps 0.010  train return +169.86%  loss 3.31e-05  maxQ +0.0139  changes   360  13.8 min
episode 932/1013  eps 0.010  train return  +56.65%  loss 3.32e-05  maxQ +0.0134  changes   345  13.8 min
episode 933/1013  eps 0.010  train return  +48.70%  loss 3.31e-05  maxQ +0.0130  changes   366  13.9 min
episode 934/1013  eps 0.010  train return  +46.10%  loss 3.53e-05  maxQ +0.0131  changes   426  13.9 min
episode 935/1013  eps 0.010  train return  +94.73%  loss 3.03e-05  maxQ +0.0131  changes   410  13.9 min
episode 936/1013  eps 0.010  train return  +14.59%  loss 3.15e-05  maxQ +0.0133  changes   285  13.9 min
episode 937/1013  eps 0.010  train return  +47.75%  loss 3.33e-05  maxQ +0.0133  changes   346  13.9 min
episode 938/1013  eps 0.010  train return  +29.11%  loss 3.28e-05  maxQ +0.0133  changes   343  13.9 min
episode 939/1013  eps 0.010  train return  +33.45%  loss 3.46e-05  maxQ +0.0132  changes   313  14.0 min
episode 940/1013  eps 0.010  train return  +15.23%  loss 3.17e-05  maxQ +0.0132  changes   274  14.0 min | val return -10.62% (best +23.35%)
episode 941/1013  eps 0.010  train return  +68.58%  loss 3.09e-05  maxQ +0.0131  changes   425  14.0 min
episode 942/1013  eps 0.010  train return  +21.63%  loss 3.23e-05  maxQ +0.0134  changes   390  14.0 min
episode 943/1013  eps 0.010  train return  +65.21%  loss 3.33e-05  maxQ +0.0147  changes   337  14.0 min
episode 944/1013  eps 0.010  train return  +95.42%  loss 3.28e-05  maxQ +0.0134  changes   367  14.0 min
episode 945/1013  eps 0.010  train return  +56.90%  loss 3.24e-05  maxQ +0.0137  changes   315  14.0 min
episode 946/1013  eps 0.010  train return +113.22%  loss 3.58e-05  maxQ +0.0140  changes   409  14.1 min
episode 947/1013  eps 0.010  train return  +42.44%  loss 3.46e-05  maxQ +0.0140  changes   324  14.1 min
episode 948/1013  eps 0.010  train return  +26.80%  loss 3.11e-05  maxQ +0.0136  changes   307  14.1 min
episode 949/1013  eps 0.010  train return  +76.30%  loss 3.11e-05  maxQ +0.0134  changes   379  14.1 min
episode 950/1013  eps 0.010  train return +100.38%  loss 3.10e-05  maxQ +0.0130  changes   438  14.1 min | val return -15.17% (best +23.35%)
episode 951/1013  eps 0.010  train return  +38.29%  loss 3.00e-05  maxQ +0.0124  changes   353  14.2 min
episode 952/1013  eps 0.010  train return +101.60%  loss 3.16e-05  maxQ +0.0130  changes   364  14.2 min
episode 953/1013  eps 0.010  train return  +57.53%  loss 3.34e-05  maxQ +0.0127  changes   387  14.2 min
episode 954/1013  eps 0.010  train return +111.02%  loss 3.25e-05  maxQ +0.0123  changes   397  14.2 min
episode 955/1013  eps 0.010  train return +254.70%  loss 3.18e-05  maxQ +0.0132  changes   409  14.2 min
episode 956/1013  eps 0.010  train return  +10.93%  loss 3.16e-05  maxQ +0.0123  changes   355  14.2 min
episode 957/1013  eps 0.010  train return  +42.58%  loss 3.20e-05  maxQ +0.0128  changes   328  14.2 min
episode 958/1013  eps 0.010  train return +127.10%  loss 3.04e-05  maxQ +0.0125  changes   426  14.3 min
episode 959/1013  eps 0.010  train return +106.10%  loss 3.20e-05  maxQ +0.0123  changes   365  14.3 min
episode 960/1013  eps 0.010  train return +111.90%  loss 3.25e-05  maxQ +0.0128  changes   411  14.3 min | val return -12.55% (best +23.35%)
episode 961/1013  eps 0.010  train return +112.65%  loss 3.21e-05  maxQ +0.0125  changes   425  14.3 min
episode 962/1013  eps 0.010  train return  +19.92%  loss 3.37e-05  maxQ +0.0130  changes   287  14.3 min
episode 963/1013  eps 0.010  train return  +23.64%  loss 3.03e-05  maxQ +0.0127  changes   274  14.3 min
episode 964/1013  eps 0.010  train return  +93.38%  loss 3.05e-05  maxQ +0.0124  changes   344  14.4 min
episode 965/1013  eps 0.010  train return  +94.42%  loss 3.12e-05  maxQ +0.0128  changes   358  14.4 min
episode 966/1013  eps 0.010  train return +119.15%  loss 3.09e-05  maxQ +0.0131  changes   401  14.4 min
episode 967/1013  eps 0.010  train return  +17.51%  loss 2.82e-05  maxQ +0.0129  changes   301  14.4 min
episode 968/1013  eps 0.010  train return +146.75%  loss 2.99e-05  maxQ +0.0127  changes   362  14.4 min
episode 969/1013  eps 0.010  train return  +13.06%  loss 3.21e-05  maxQ +0.0130  changes   324  14.4 min
episode 970/1013  eps 0.010  train return +100.35%  loss 3.05e-05  maxQ +0.0126  changes   390  14.5 min | val return -15.30% (best +23.35%)
episode 971/1013  eps 0.010  train return  +15.65%  loss 2.96e-05  maxQ +0.0122  changes   293  14.5 min
episode 972/1013  eps 0.010  train return +175.95%  loss 2.97e-05  maxQ +0.0121  changes   388  14.5 min
episode 973/1013  eps 0.010  train return +238.15%  loss 2.93e-05  maxQ +0.0122  changes   416  14.5 min
episode 974/1013  eps 0.010  train return +200.02%  loss 3.30e-05  maxQ +0.0127  changes   388  14.5 min
episode 975/1013  eps 0.010  train return   +3.59%  loss 3.39e-05  maxQ +0.0130  changes   381  14.5 min
episode 976/1013  eps 0.010  train return +116.89%  loss 3.13e-05  maxQ +0.0125  changes   411  14.6 min
episode 977/1013  eps 0.010  train return +223.41%  loss 3.09e-05  maxQ +0.0123  changes   384  14.6 min
episode 978/1013  eps 0.010  train return  +43.10%  loss 3.20e-05  maxQ +0.0123  changes   364  14.6 min
episode 979/1013  eps 0.010  train return  +54.37%  loss 2.88e-05  maxQ +0.0124  changes   387  14.6 min
episode 980/1013  eps 0.010  train return  +22.22%  loss 3.13e-05  maxQ +0.0122  changes   340  14.6 min | val return -13.40% (best +23.35%)
episode 981/1013  eps 0.010  train return  +75.48%  loss 3.29e-05  maxQ +0.0126  changes   373  14.6 min
episode 982/1013  eps 0.010  train return +236.86%  loss 3.06e-05  maxQ +0.0131  changes   397  14.7 min
episode 983/1013  eps 0.010  train return +232.21%  loss 3.25e-05  maxQ +0.0130  changes   428  14.7 min
episode 984/1013  eps 0.010  train return  +55.83%  loss 2.98e-05  maxQ +0.0134  changes   309  14.7 min
episode 985/1013  eps 0.010  train return +192.94%  loss 3.17e-05  maxQ +0.0132  changes   394  14.7 min
episode 986/1013  eps 0.010  train return +174.63%  loss 3.38e-05  maxQ +0.0135  changes   402  14.7 min
episode 987/1013  eps 0.010  train return  +73.73%  loss 3.26e-05  maxQ +0.0133  changes   392  14.7 min
episode 988/1013  eps 0.010  train return  +37.67%  loss 3.24e-05  maxQ +0.0140  changes   355  14.7 min
episode 989/1013  eps 0.010  train return +245.35%  loss 3.47e-05  maxQ +0.0141  changes   436  14.8 min
episode 990/1013  eps 0.010  train return +111.36%  loss 3.28e-05  maxQ +0.0138  changes   397  14.8 min | val return -24.73% (best +23.35%)
episode 991/1013  eps 0.010  train return +292.02%  loss 3.30e-05  maxQ +0.0145  changes   419  14.8 min
episode 992/1013  eps 0.010  train return  +96.32%  loss 3.33e-05  maxQ +0.0140  changes   395  14.8 min
episode 993/1013  eps 0.010  train return  +63.70%  loss 3.27e-05  maxQ +0.0138  changes   368  14.8 min
episode 994/1013  eps 0.010  train return +185.70%  loss 3.52e-05  maxQ +0.0139  changes   379  14.9 min
episode 995/1013  eps 0.010  train return +145.88%  loss 3.56e-05  maxQ +0.0138  changes   397  14.9 min
episode 996/1013  eps 0.010  train return +222.75%  loss 3.29e-05  maxQ +0.0143  changes   456  14.9 min
episode 997/1013  eps 0.010  train return  +35.49%  loss 3.46e-05  maxQ +0.0144  changes   334  14.9 min
episode 998/1013  eps 0.010  train return  +67.11%  loss 3.48e-05  maxQ +0.0150  changes   388  14.9 min
episode 999/1013  eps 0.010  train return  +51.43%  loss 3.48e-05  maxQ +0.0144  changes   358  14.9 min
episode 1000/1013  eps 0.010  train return  +19.87%  loss 3.45e-05  maxQ +0.0148  changes   341  14.9 min | val return -23.39% (best +23.35%)
episode 1001/1013  eps 0.010  train return  +89.69%  loss 3.38e-05  maxQ +0.0143  changes   372  15.0 min
episode 1002/1013  eps 0.010  train return   +5.08%  loss 3.30e-05  maxQ +0.0145  changes   367  15.0 min
episode 1003/1013  eps 0.010  train return +173.88%  loss 3.46e-05  maxQ +0.0140  changes   372  15.0 min
episode 1004/1013  eps 0.010  train return +401.47%  loss 3.48e-05  maxQ +0.0147  changes   423  15.0 min
episode 1005/1013  eps 0.010  train return  +55.25%  loss 3.53e-05  maxQ +0.0143  changes   394  15.0 min
episode 1006/1013  eps 0.010  train return  +83.69%  loss 3.53e-05  maxQ +0.0146  changes   397  15.1 min
episode 1007/1013  eps 0.010  train return  +78.99%  loss 3.36e-05  maxQ +0.0145  changes   392  15.1 min
episode 1008/1013  eps 0.010  train return  +55.60%  loss 3.61e-05  maxQ +0.0141  changes   343  15.1 min
episode 1009/1013  eps 0.010  train return +185.51%  loss 4.07e-05  maxQ +0.0151  changes   387  15.1 min
episode 1010/1013  eps 0.010  train return  +44.75%  loss 3.69e-05  maxQ +0.0139  changes   383  15.1 min | val return -22.39% (best +23.35%)
episode 1011/1013  eps 0.010  train return +247.47%  loss 3.82e-05  maxQ +0.0150  changes   415  15.1 min
episode 1012/1013  eps 0.010  train return +124.76%  loss 3.73e-05  maxQ +0.0144  changes   437  15.2 min
episode 1013/1013  eps 0.010  train return +174.06%  loss 3.69e-05  maxQ +0.0152  changes   435  15.2 min | val return -23.27% (best +23.35%)
model    env  portfolio_return  excess_return  n_changes
 last    val         -0.232815      -0.190197      733.6
 last val_w1         -0.197415      -0.170500      390.6
 last val_w2         -0.037641      -0.022207      356.0
 best    val          0.234425       0.277043     1089.9
 best val_w1          0.189088       0.216004      555.9
 best val_w2          0.028546       0.043980      552.5
