Downloaded data: 30,528 candles, 2023-03-25 00:00:00+00:00 to 2026-09-16 23:00:00+00:00; no missing hours
dev_train: 28,152 candles, 2023-04-01 00:00:00+00:00 to 2026-06-16 23:00:00+00:00; no missing hours
val: 1,464 candles, 2026-06-17 00:00:00+00:00 to 2026-08-16 23:00:00+00:00; no missing hours
eval: 744 candles, 2026-08-17 00:00:00+00:00 to 2026-09-16 23:00:00+00:00; no missing hours
episode   1/1013  eps 1.000  train return  -17.78%  loss 4.10e-03  maxQ +0.2877  changes   576  0.0 min
episode   2/1013  eps 0.991  train return  -31.42%  loss 2.76e-03  maxQ +0.2992  changes   567  0.0 min
episode   3/1013  eps 0.982  train return  -16.81%  loss 1.46e-03  maxQ +0.2979  changes   567  0.0 min
episode   4/1013  eps 0.973  train return  -29.71%  loss 1.20e-03  maxQ +0.2856  changes   574  0.0 min
episode   5/1013  eps 0.964  train return  +15.15%  loss 9.84e-04  maxQ +0.2784  changes   558  0.1 min
episode   6/1013  eps 0.955  train return  -10.24%  loss 1.05e-03  maxQ +0.2671  changes   570  0.1 min
episode   7/1013  eps 0.947  train return   +2.00%  loss 8.67e-04  maxQ +0.2505  changes   574  0.1 min
episode   8/1013  eps 0.938  train return   +3.52%  loss 7.50e-04  maxQ +0.2383  changes   593  0.1 min
episode   9/1013  eps 0.929  train return   +8.08%  loss 7.06e-04  maxQ +0.2216  changes   579  0.1 min
episode  10/1013  eps 0.921  train return  -16.11%  loss 5.76e-04  maxQ +0.2008  changes   595  0.1 min | val return -29.15% (best -29.15%)
episode  11/1013  eps 0.913  train return   -2.30%  loss 4.33e-04  maxQ +0.1851  changes   578  0.1 min
episode  12/1013  eps 0.904  train return  -13.77%  loss 3.89e-04  maxQ +0.1696  changes   565  0.1 min
episode  13/1013  eps 0.896  train return   -2.17%  loss 3.96e-04  maxQ +0.1589  changes   571  0.2 min
episode  14/1013  eps 0.888  train return  -10.34%  loss 3.99e-04  maxQ +0.1478  changes   542  0.2 min
episode  15/1013  eps 0.880  train return   +3.27%  loss 3.09e-04  maxQ +0.1454  changes   592  0.2 min
episode  16/1013  eps 0.872  train return   +0.20%  loss 2.68e-04  maxQ +0.1311  changes   564  0.2 min
episode  17/1013  eps 0.864  train return   -5.85%  loss 2.52e-04  maxQ +0.1246  changes   582  0.2 min
episode  18/1013  eps 0.856  train return  -17.36%  loss 2.23e-04  maxQ +0.1160  changes   571  0.2 min
episode  19/1013  eps 0.848  train return  -19.80%  loss 1.87e-04  maxQ +0.1084  changes   559  0.2 min
episode  20/1013  eps 0.841  train return   +5.31%  loss 2.01e-04  maxQ +0.1025  changes   573  0.2 min | val return -8.41% (best -8.41%)
episode  21/1013  eps 0.833  train return  -13.10%  loss 1.84e-04  maxQ +0.0970  changes   585  0.3 min
episode  22/1013  eps 0.825  train return  -24.68%  loss 1.95e-04  maxQ +0.0959  changes   539  0.3 min
episode  23/1013  eps 0.818  train return  -18.10%  loss 1.95e-04  maxQ +0.0906  changes   586  0.3 min
episode  24/1013  eps 0.810  train return   +1.30%  loss 1.55e-04  maxQ +0.0874  changes   564  0.3 min
episode  25/1013  eps 0.803  train return  -25.98%  loss 1.35e-04  maxQ +0.0824  changes   561  0.3 min
episode  26/1013  eps 0.796  train return  -15.94%  loss 1.34e-04  maxQ +0.0795  changes   575  0.3 min
episode  27/1013  eps 0.788  train return   +4.74%  loss 1.25e-04  maxQ +0.0746  changes   565  0.3 min
episode  28/1013  eps 0.781  train return  -12.52%  loss 1.44e-04  maxQ +0.0725  changes   574  0.4 min
episode  29/1013  eps 0.774  train return   -8.25%  loss 1.32e-04  maxQ +0.0736  changes   567  0.4 min
episode  30/1013  eps 0.767  train return  -20.61%  loss 1.23e-04  maxQ +0.0701  changes   570  0.4 min | val return -18.44% (best -8.41%)
episode  31/1013  eps 0.760  train return  -46.31%  loss 1.21e-04  maxQ +0.0648  changes   575  0.4 min
episode  32/1013  eps 0.753  train return   -7.09%  loss 1.06e-04  maxQ +0.0655  changes   551  0.4 min
episode  33/1013  eps 0.746  train return   +6.65%  loss 9.42e-05  maxQ +0.0622  changes   577  0.4 min
episode  34/1013  eps 0.740  train return   +1.17%  loss 1.01e-04  maxQ +0.0607  changes   567  0.4 min
episode  35/1013  eps 0.733  train return   -8.97%  loss 8.74e-05  maxQ +0.0562  changes   584  0.5 min
episode  36/1013  eps 0.726  train return   +6.41%  loss 8.75e-05  maxQ +0.0559  changes   566  0.5 min
episode  37/1013  eps 0.720  train return   -8.07%  loss 9.17e-05  maxQ +0.0535  changes   565  0.5 min
episode  38/1013  eps 0.713  train return  +10.59%  loss 7.68e-05  maxQ +0.0517  changes   570  0.5 min
episode  39/1013  eps 0.707  train return   +1.17%  loss 7.83e-05  maxQ +0.0495  changes   556  0.5 min
episode  40/1013  eps 0.700  train return   -4.24%  loss 6.65e-05  maxQ +0.0493  changes   563  0.5 min | val return +19.93% (best +19.93%)
episode  41/1013  eps 0.694  train return  -19.17%  loss 9.24e-05  maxQ +0.0485  changes   552  0.5 min
episode  42/1013  eps 0.687  train return  +15.10%  loss 6.84e-05  maxQ +0.0482  changes   562  0.6 min
episode  43/1013  eps 0.681  train return  -11.14%  loss 6.73e-05  maxQ +0.0426  changes   583  0.6 min
episode  44/1013  eps 0.675  train return  +31.60%  loss 6.24e-05  maxQ +0.0442  changes   570  0.6 min
episode  45/1013  eps 0.669  train return  -15.33%  loss 6.84e-05  maxQ +0.0441  changes   558  0.6 min
episode  46/1013  eps 0.663  train return  +26.29%  loss 9.41e-05  maxQ +0.0436  changes   540  0.6 min
episode  47/1013  eps 0.657  train return  -20.85%  loss 6.95e-05  maxQ +0.0428  changes   568  0.6 min
episode  48/1013  eps 0.651  train return  -10.87%  loss 5.48e-05  maxQ +0.0418  changes   555  0.6 min
episode  49/1013  eps 0.645  train return   -5.88%  loss 6.28e-05  maxQ +0.0411  changes   559  0.6 min
episode  50/1013  eps 0.639  train return   -8.93%  loss 7.00e-05  maxQ +0.0397  changes   554  0.7 min | val return -29.41% (best +19.93%)
episode  51/1013  eps 0.633  train return   +0.46%  loss 6.41e-05  maxQ +0.0373  changes   541  0.7 min
episode  52/1013  eps 0.627  train return   +8.34%  loss 5.92e-05  maxQ +0.0369  changes   557  0.7 min
episode  53/1013  eps 0.622  train return  +35.64%  loss 5.58e-05  maxQ +0.0365  changes   525  0.7 min
episode  54/1013  eps 0.616  train return  +25.97%  loss 6.15e-05  maxQ +0.0346  changes   523  0.7 min
episode  55/1013  eps 0.610  train return  +29.73%  loss 6.14e-05  maxQ +0.0367  changes   551  0.7 min
episode  56/1013  eps 0.605  train return   -3.63%  loss 6.88e-05  maxQ +0.0386  changes   531  0.7 min
episode  57/1013  eps 0.599  train return   -7.44%  loss 5.87e-05  maxQ +0.0385  changes   536  0.8 min
episode  58/1013  eps 0.594  train return   +1.16%  loss 6.46e-05  maxQ +0.0389  changes   562  0.8 min
episode  59/1013  eps 0.588  train return   -0.56%  loss 6.20e-05  maxQ +0.0363  changes   528  0.8 min
episode  60/1013  eps 0.583  train return   -0.54%  loss 5.73e-05  maxQ +0.0339  changes   543  0.8 min | val return -34.73% (best +19.93%)
episode  61/1013  eps 0.578  train return   +6.05%  loss 5.68e-05  maxQ +0.0323  changes   521  0.8 min
episode  62/1013  eps 0.573  train return   +2.80%  loss 5.60e-05  maxQ +0.0322  changes   538  0.8 min
episode  63/1013  eps 0.567  train return   +8.34%  loss 5.50e-05  maxQ +0.0311  changes   555  0.8 min
episode  64/1013  eps 0.562  train return  -11.14%  loss 5.16e-05  maxQ +0.0273  changes   545  0.9 min
episode  65/1013  eps 0.557  train return   +1.68%  loss 5.22e-05  maxQ +0.0305  changes   523  0.9 min
episode  66/1013  eps 0.552  train return   +6.34%  loss 4.79e-05  maxQ +0.0307  changes   518  0.9 min
episode  67/1013  eps 0.547  train return  -15.46%  loss 4.27e-05  maxQ +0.0281  changes   522  0.9 min
episode  68/1013  eps 0.542  train return   +4.90%  loss 4.60e-05  maxQ +0.0256  changes   538  0.9 min
episode  69/1013  eps 0.537  train return  -18.37%  loss 4.40e-05  maxQ +0.0268  changes   489  0.9 min
episode  70/1013  eps 0.532  train return  +35.09%  loss 4.81e-05  maxQ +0.0277  changes   518  0.9 min | val return -16.16% (best +19.93%)
episode  71/1013  eps 0.527  train return   -0.31%  loss 4.10e-05  maxQ +0.0259  changes   500  1.0 min
episode  72/1013  eps 0.523  train return  +32.27%  loss 4.72e-05  maxQ +0.0271  changes   528  1.0 min
episode  73/1013  eps 0.518  train return   -7.15%  loss 5.12e-05  maxQ +0.0275  changes   506  1.0 min
episode  74/1013  eps 0.513  train return  -12.66%  loss 5.19e-05  maxQ +0.0270  changes   518  1.0 min
episode  75/1013  eps 0.508  train return  -11.05%  loss 4.56e-05  maxQ +0.0269  changes   489  1.0 min
episode  76/1013  eps 0.504  train return   +8.77%  loss 4.51e-05  maxQ +0.0279  changes   501  1.0 min
episode  77/1013  eps 0.499  train return  +14.18%  loss 4.91e-05  maxQ +0.0265  changes   540  1.0 min
episode  78/1013  eps 0.495  train return  +10.61%  loss 4.19e-05  maxQ +0.0275  changes   520  1.0 min
episode  79/1013  eps 0.490  train return  -21.87%  loss 4.08e-05  maxQ +0.0248  changes   506  1.1 min
episode  80/1013  eps 0.486  train return  -11.49%  loss 4.53e-05  maxQ +0.0258  changes   508  1.1 min | val return -21.31% (best +19.93%)
episode  81/1013  eps 0.481  train return   +8.86%  loss 4.44e-05  maxQ +0.0230  changes   479  1.1 min
episode  82/1013  eps 0.477  train return  +10.78%  loss 4.52e-05  maxQ +0.0224  changes   504  1.1 min
episode  83/1013  eps 0.473  train return  -21.72%  loss 3.91e-05  maxQ +0.0228  changes   507  1.1 min
episode  84/1013  eps 0.468  train return   +1.38%  loss 4.18e-05  maxQ +0.0237  changes   505  1.1 min
episode  85/1013  eps 0.464  train return   -0.22%  loss 4.42e-05  maxQ +0.0236  changes   470  1.1 min
episode  86/1013  eps 0.460  train return   -3.07%  loss 4.26e-05  maxQ +0.0233  changes   483  1.2 min
episode  87/1013  eps 0.456  train return  +38.32%  loss 4.02e-05  maxQ +0.0221  changes   540  1.2 min
episode  88/1013  eps 0.451  train return  +36.39%  loss 4.23e-05  maxQ +0.0226  changes   530  1.2 min
episode  89/1013  eps 0.447  train return  -14.11%  loss 4.10e-05  maxQ +0.0212  changes   507  1.2 min
episode  90/1013  eps 0.443  train return  -12.59%  loss 4.26e-05  maxQ +0.0233  changes   521  1.2 min | val return -11.96% (best +19.93%)
episode  91/1013  eps 0.439  train return  +10.51%  loss 4.22e-05  maxQ +0.0217  changes   524  1.2 min
episode  92/1013  eps 0.435  train return   +9.84%  loss 4.72e-05  maxQ +0.0210  changes   505  1.2 min
episode  93/1013  eps 0.431  train return   -8.04%  loss 4.56e-05  maxQ +0.0213  changes   482  1.2 min
episode  94/1013  eps 0.427  train return  +19.73%  loss 4.10e-05  maxQ +0.0198  changes   505  1.3 min
episode  95/1013  eps 0.423  train return   -4.64%  loss 4.05e-05  maxQ +0.0189  changes   470  1.3 min
episode  96/1013  eps 0.420  train return   -1.05%  loss 3.80e-05  maxQ +0.0174  changes   460  1.3 min
episode  97/1013  eps 0.416  train return  -10.59%  loss 3.90e-05  maxQ +0.0169  changes   489  1.3 min
episode  98/1013  eps 0.412  train return   -4.85%  loss 3.84e-05  maxQ +0.0185  changes   497  1.3 min
episode  99/1013  eps 0.408  train return  +23.06%  loss 4.71e-05  maxQ +0.0185  changes   477  1.3 min
episode 100/1013  eps 0.405  train return  -12.47%  loss 4.91e-05  maxQ +0.0205  changes   466  1.3 min | val return -27.60% (best +19.93%)
episode 101/1013  eps 0.401  train return  +16.90%  loss 4.44e-05  maxQ +0.0209  changes   475  1.4 min
episode 102/1013  eps 0.397  train return  +27.68%  loss 4.73e-05  maxQ +0.0205  changes   468  1.4 min
episode 103/1013  eps 0.394  train return   +0.84%  loss 4.13e-05  maxQ +0.0185  changes   415  1.4 min
episode 104/1013  eps 0.390  train return  -12.20%  loss 4.23e-05  maxQ +0.0189  changes   466  1.4 min
episode 105/1013  eps 0.386  train return  +10.34%  loss 4.19e-05  maxQ +0.0179  changes   478  1.4 min
episode 106/1013  eps 0.383  train return  +34.38%  loss 4.05e-05  maxQ +0.0183  changes   475  1.4 min
episode 107/1013  eps 0.379  train return  +21.72%  loss 4.20e-05  maxQ +0.0182  changes   503  1.4 min
episode 108/1013  eps 0.376  train return   +0.71%  loss 4.63e-05  maxQ +0.0196  changes   459  1.5 min
episode 109/1013  eps 0.373  train return   -6.82%  loss 4.84e-05  maxQ +0.0198  changes   441  1.5 min
episode 110/1013  eps 0.369  train return  +61.04%  loss 4.98e-05  maxQ +0.0191  changes   486  1.5 min | val return -20.26% (best +19.93%)
episode 111/1013  eps 0.366  train return   -9.94%  loss 4.75e-05  maxQ +0.0182  changes   435  1.5 min
episode 112/1013  eps 0.363  train return   +1.85%  loss 4.28e-05  maxQ +0.0184  changes   448  1.5 min
episode 113/1013  eps 0.359  train return  -10.39%  loss 4.57e-05  maxQ +0.0174  changes   455  1.5 min
episode 114/1013  eps 0.356  train return   -7.79%  loss 4.46e-05  maxQ +0.0176  changes   459  1.5 min
episode 115/1013  eps 0.353  train return  -11.77%  loss 4.52e-05  maxQ +0.0165  changes   481  1.6 min
episode 116/1013  eps 0.349  train return  +55.08%  loss 4.67e-05  maxQ +0.0159  changes   482  1.6 min
episode 117/1013  eps 0.346  train return   -5.37%  loss 4.20e-05  maxQ +0.0174  changes   396  1.6 min
episode 118/1013  eps 0.343  train return  +31.04%  loss 4.05e-05  maxQ +0.0159  changes   486  1.6 min
episode 119/1013  eps 0.340  train return   +3.64%  loss 4.07e-05  maxQ +0.0145  changes   412  1.6 min
episode 120/1013  eps 0.337  train return  -16.62%  loss 4.22e-05  maxQ +0.0147  changes   447  1.6 min | val return -27.44% (best +19.93%)
episode 121/1013  eps 0.334  train return   +0.54%  loss 3.93e-05  maxQ +0.0149  changes   496  1.6 min
episode 122/1013  eps 0.331  train return  +27.59%  loss 4.37e-05  maxQ +0.0144  changes   450  1.7 min
episode 123/1013  eps 0.328  train return   +6.97%  loss 4.44e-05  maxQ +0.0152  changes   454  1.7 min
episode 124/1013  eps 0.325  train return   -9.91%  loss 4.60e-05  maxQ +0.0156  changes   426  1.7 min
episode 125/1013  eps 0.322  train return   +3.71%  loss 4.24e-05  maxQ +0.0152  changes   456  1.7 min
episode 126/1013  eps 0.319  train return  +16.41%  loss 4.18e-05  maxQ +0.0146  changes   440  1.7 min
episode 127/1013  eps 0.316  train return  -18.31%  loss 4.18e-05  maxQ +0.0149  changes   430  1.7 min
episode 128/1013  eps 0.313  train return   +1.48%  loss 4.10e-05  maxQ +0.0136  changes   441  1.7 min
episode 129/1013  eps 0.310  train return  -13.80%  loss 4.08e-05  maxQ +0.0146  changes   395  1.7 min
episode 130/1013  eps 0.308  train return   -8.76%  loss 4.17e-05  maxQ +0.0146  changes   451  1.8 min | val return -22.06% (best +19.93%)
episode 131/1013  eps 0.305  train return  +35.45%  loss 4.29e-05  maxQ +0.0155  changes   453  1.8 min
episode 132/1013  eps 0.302  train return   -0.56%  loss 3.77e-05  maxQ +0.0143  changes   474  1.8 min
episode 133/1013  eps 0.299  train return   +7.61%  loss 3.80e-05  maxQ +0.0138  changes   508  1.8 min
episode 134/1013  eps 0.296  train return   -4.85%  loss 4.18e-05  maxQ +0.0157  changes   465  1.8 min
episode 135/1013  eps 0.294  train return  -17.60%  loss 4.06e-05  maxQ +0.0164  changes   443  1.8 min
episode 136/1013  eps 0.291  train return   -3.71%  loss 3.82e-05  maxQ +0.0154  changes   436  1.8 min
episode 137/1013  eps 0.288  train return  -17.79%  loss 4.24e-05  maxQ +0.0153  changes   438  1.9 min
episode 138/1013  eps 0.286  train return  -13.94%  loss 4.59e-05  maxQ +0.0153  changes   479  1.9 min
episode 139/1013  eps 0.283  train return   +8.48%  loss 4.21e-05  maxQ +0.0160  changes   375  1.9 min
episode 140/1013  eps 0.281  train return   +5.83%  loss 4.50e-05  maxQ +0.0156  changes   459  1.9 min | val return -19.72% (best +19.93%)
episode 141/1013  eps 0.278  train return  -18.60%  loss 4.37e-05  maxQ +0.0162  changes   426  1.9 min
episode 142/1013  eps 0.276  train return  +20.11%  loss 4.37e-05  maxQ +0.0161  changes   459  1.9 min
episode 143/1013  eps 0.273  train return   +7.95%  loss 4.41e-05  maxQ +0.0147  changes   454  1.9 min
episode 144/1013  eps 0.271  train return   -8.42%  loss 4.09e-05  maxQ +0.0145  changes   403  2.0 min
episode 145/1013  eps 0.268  train return  +18.66%  loss 4.19e-05  maxQ +0.0144  changes   392  2.0 min
episode 146/1013  eps 0.266  train return   -6.49%  loss 4.05e-05  maxQ +0.0150  changes   434  2.0 min
episode 147/1013  eps 0.263  train return   +3.12%  loss 4.11e-05  maxQ +0.0138  changes   443  2.0 min
episode 148/1013  eps 0.261  train return  +13.05%  loss 3.82e-05  maxQ +0.0133  changes   466  2.0 min
episode 149/1013  eps 0.258  train return  -14.21%  loss 4.29e-05  maxQ +0.0144  changes   394  2.0 min
episode 150/1013  eps 0.256  train return  +53.19%  loss 4.02e-05  maxQ +0.0154  changes   463  2.0 min | val return -8.89% (best +19.93%)
episode 151/1013  eps 0.254  train return  +30.37%  loss 4.05e-05  maxQ +0.0148  changes   430  2.1 min
episode 152/1013  eps 0.251  train return  +27.81%  loss 4.16e-05  maxQ +0.0150  changes   457  2.1 min
episode 153/1013  eps 0.249  train return  +31.94%  loss 4.27e-05  maxQ +0.0143  changes   433  2.1 min
episode 154/1013  eps 0.247  train return  +19.52%  loss 4.36e-05  maxQ +0.0141  changes   447  2.1 min
episode 155/1013  eps 0.245  train return   -9.14%  loss 4.24e-05  maxQ +0.0131  changes   425  2.1 min
episode 156/1013  eps 0.242  train return   +9.01%  loss 4.19e-05  maxQ +0.0127  changes   409  2.1 min
episode 157/1013  eps 0.240  train return  -33.69%  loss 4.32e-05  maxQ +0.0140  changes   441  2.1 min
episode 158/1013  eps 0.238  train return +178.77%  loss 4.03e-05  maxQ +0.0130  changes   434  2.1 min
episode 159/1013  eps 0.236  train return   -0.32%  loss 4.27e-05  maxQ +0.0127  changes   426  2.2 min
episode 160/1013  eps 0.234  train return   +7.93%  loss 4.46e-05  maxQ +0.0134  changes   414  2.2 min | val return -31.79% (best +19.93%)
episode 161/1013  eps 0.232  train return  -11.73%  loss 4.69e-05  maxQ +0.0134  changes   458  2.2 min
episode 162/1013  eps 0.230  train return   +2.28%  loss 4.02e-05  maxQ +0.0121  changes   386  2.2 min
episode 163/1013  eps 0.227  train return  +41.47%  loss 4.38e-05  maxQ +0.0122  changes   422  2.2 min
episode 164/1013  eps 0.225  train return  +53.46%  loss 4.27e-05  maxQ +0.0121  changes   438  2.2 min
episode 165/1013  eps 0.223  train return  +16.29%  loss 4.19e-05  maxQ +0.0121  changes   444  2.2 min
episode 166/1013  eps 0.221  train return   -3.87%  loss 3.95e-05  maxQ +0.0129  changes   352  2.3 min
episode 167/1013  eps 0.219  train return  -15.93%  loss 4.04e-05  maxQ +0.0127  changes   412  2.3 min
episode 168/1013  eps 0.217  train return   -7.13%  loss 3.88e-05  maxQ +0.0117  changes   422  2.3 min
episode 169/1013  eps 0.215  train return   +2.39%  loss 3.75e-05  maxQ +0.0102  changes   435  2.3 min
episode 170/1013  eps 0.213  train return   +2.40%  loss 3.78e-05  maxQ +0.0113  changes   431  2.3 min | val return -25.53% (best +19.93%)
episode 171/1013  eps 0.211  train return  +49.69%  loss 3.71e-05  maxQ +0.0122  changes   456  2.3 min
episode 172/1013  eps 0.209  train return  +21.09%  loss 3.67e-05  maxQ +0.0113  changes   400  2.3 min
episode 173/1013  eps 0.208  train return   +4.46%  loss 3.96e-05  maxQ +0.0122  changes   387  2.4 min
episode 174/1013  eps 0.206  train return   +7.76%  loss 4.16e-05  maxQ +0.0141  changes   420  2.4 min
episode 175/1013  eps 0.204  train return  +20.34%  loss 3.56e-05  maxQ +0.0127  changes   394  2.4 min
episode 176/1013  eps 0.202  train return   -0.40%  loss 3.92e-05  maxQ +0.0116  changes   418  2.4 min
episode 177/1013  eps 0.200  train return   +1.26%  loss 3.90e-05  maxQ +0.0119  changes   450  2.4 min
episode 178/1013  eps 0.198  train return  +18.44%  loss 3.84e-05  maxQ +0.0114  changes   376  2.4 min
episode 179/1013  eps 0.196  train return   -4.34%  loss 3.49e-05  maxQ +0.0113  changes   370  2.4 min
episode 180/1013  eps 0.195  train return  -16.03%  loss 3.89e-05  maxQ +0.0115  changes   423  2.4 min | val return -27.31% (best +19.93%)
episode 181/1013  eps 0.193  train return  +23.50%  loss 3.63e-05  maxQ +0.0120  changes   447  2.5 min
episode 182/1013  eps 0.191  train return   +7.60%  loss 4.22e-05  maxQ +0.0124  changes   397  2.5 min
episode 183/1013  eps 0.189  train return  +68.52%  loss 4.01e-05  maxQ +0.0129  changes   445  2.5 min
episode 184/1013  eps 0.188  train return  -16.75%  loss 3.69e-05  maxQ +0.0134  changes   375  2.5 min
episode 185/1013  eps 0.186  train return   -4.58%  loss 3.63e-05  maxQ +0.0127  changes   392  2.5 min
episode 186/1013  eps 0.184  train return  +20.70%  loss 4.03e-05  maxQ +0.0110  changes   410  2.5 min
episode 187/1013  eps 0.183  train return  +14.85%  loss 3.66e-05  maxQ +0.0112  changes   376  2.5 min
episode 188/1013  eps 0.181  train return  +21.47%  loss 3.76e-05  maxQ +0.0116  changes   399  2.6 min
episode 189/1013  eps 0.179  train return   -2.74%  loss 3.81e-05  maxQ +0.0125  changes   420  2.6 min
episode 190/1013  eps 0.178  train return  +10.74%  loss 3.76e-05  maxQ +0.0131  changes   376  2.6 min | val return -14.86% (best +19.93%)
episode 191/1013  eps 0.176  train return   -4.78%  loss 3.79e-05  maxQ +0.0122  changes   404  2.6 min
episode 192/1013  eps 0.174  train return  +26.10%  loss 3.83e-05  maxQ +0.0129  changes   425  2.6 min
episode 193/1013  eps 0.173  train return  +32.54%  loss 3.96e-05  maxQ +0.0136  changes   415  2.6 min
episode 194/1013  eps 0.171  train return  +56.78%  loss 4.18e-05  maxQ +0.0125  changes   409  2.6 min
episode 195/1013  eps 0.170  train return   +4.37%  loss 4.04e-05  maxQ +0.0125  changes   413  2.7 min
episode 196/1013  eps 0.168  train return  +83.21%  loss 3.82e-05  maxQ +0.0122  changes   477  2.7 min
episode 197/1013  eps 0.167  train return   +4.67%  loss 3.50e-05  maxQ +0.0116  changes   397  2.7 min
episode 198/1013  eps 0.165  train return   -3.43%  loss 3.50e-05  maxQ +0.0117  changes   399  2.7 min
episode 199/1013  eps 0.164  train return  +32.66%  loss 3.83e-05  maxQ +0.0108  changes   355  2.7 min
episode 200/1013  eps 0.162  train return   -4.47%  loss 3.79e-05  maxQ +0.0112  changes   383  2.7 min | val return -28.19% (best +19.93%)
episode 201/1013  eps 0.161  train return  +15.68%  loss 3.88e-05  maxQ +0.0121  changes   398  2.7 min
episode 202/1013  eps 0.159  train return  -15.06%  loss 4.00e-05  maxQ +0.0122  changes   314  2.8 min
episode 203/1013  eps 0.158  train return  +12.52%  loss 4.05e-05  maxQ +0.0125  changes   391  2.8 min
episode 204/1013  eps 0.156  train return  -14.98%  loss 3.72e-05  maxQ +0.0129  changes   432  2.8 min
episode 205/1013  eps 0.155  train return  +33.45%  loss 3.70e-05  maxQ +0.0116  changes   375  2.8 min
episode 206/1013  eps 0.154  train return  +38.57%  loss 3.27e-05  maxQ +0.0115  changes   400  2.8 min
episode 207/1013  eps 0.152  train return   -2.39%  loss 3.41e-05  maxQ +0.0109  changes   425  2.8 min
episode 208/1013  eps 0.151  train return  +65.07%  loss 3.25e-05  maxQ +0.0111  changes   438  2.8 min
episode 209/1013  eps 0.149  train return  -13.33%  loss 3.50e-05  maxQ +0.0107  changes   312  2.8 min
episode 210/1013  eps 0.148  train return  +15.81%  loss 3.43e-05  maxQ +0.0115  changes   347  2.9 min | val return -17.93% (best +19.93%)
episode 211/1013  eps 0.147  train return  -12.11%  loss 3.67e-05  maxQ +0.0112  changes   299  2.9 min
episode 212/1013  eps 0.145  train return   -7.10%  loss 3.42e-05  maxQ +0.0119  changes   313  2.9 min
episode 213/1013  eps 0.144  train return   +8.08%  loss 3.79e-05  maxQ +0.0114  changes   392  2.9 min
episode 214/1013  eps 0.143  train return  +77.71%  loss 3.51e-05  maxQ +0.0120  changes   402  2.9 min
episode 215/1013  eps 0.141  train return   -5.91%  loss 3.70e-05  maxQ +0.0117  changes   443  2.9 min
episode 216/1013  eps 0.140  train return   -2.23%  loss 3.64e-05  maxQ +0.0123  changes   316  2.9 min
episode 217/1013  eps 0.139  train return   +5.84%  loss 3.52e-05  maxQ +0.0109  changes   324  3.0 min
episode 218/1013  eps 0.138  train return   -5.31%  loss 3.52e-05  maxQ +0.0111  changes   442  3.0 min
episode 219/1013  eps 0.136  train return   +8.26%  loss 3.56e-05  maxQ +0.0103  changes   416  3.0 min
episode 220/1013  eps 0.135  train return   -4.38%  loss 3.30e-05  maxQ +0.0102  changes   357  3.0 min | val return -33.58% (best +19.93%)
episode 221/1013  eps 0.134  train return  -10.80%  loss 3.39e-05  maxQ +0.0111  changes   377  3.0 min
episode 222/1013  eps 0.133  train return   +6.61%  loss 3.44e-05  maxQ +0.0110  changes   314  3.0 min
episode 223/1013  eps 0.131  train return  +44.27%  loss 3.30e-05  maxQ +0.0104  changes   432  3.0 min
episode 224/1013  eps 0.130  train return   +6.92%  loss 3.52e-05  maxQ +0.0099  changes   340  3.1 min
episode 225/1013  eps 0.129  train return +188.23%  loss 3.27e-05  maxQ +0.0100  changes   441  3.1 min
episode 226/1013  eps 0.128  train return  +29.51%  loss 3.39e-05  maxQ +0.0098  changes   345  3.1 min
episode 227/1013  eps 0.127  train return   +3.82%  loss 3.73e-05  maxQ +0.0102  changes   360  3.1 min
episode 228/1013  eps 0.126  train return  +16.45%  loss 3.52e-05  maxQ +0.0100  changes   307  3.1 min
episode 229/1013  eps 0.124  train return  +78.36%  loss 3.59e-05  maxQ +0.0101  changes   405  3.1 min
episode 230/1013  eps 0.123  train return   +9.04%  loss 3.48e-05  maxQ +0.0102  changes   362  3.1 min | val return -31.23% (best +19.93%)
episode 231/1013  eps 0.122  train return  +37.88%  loss 3.50e-05  maxQ +0.0102  changes   388  3.2 min
episode 232/1013  eps 0.121  train return   -3.27%  loss 3.60e-05  maxQ +0.0105  changes   365  3.2 min
episode 233/1013  eps 0.120  train return   +2.95%  loss 3.65e-05  maxQ +0.0104  changes   384  3.2 min
episode 234/1013  eps 0.119  train return   -1.66%  loss 3.19e-05  maxQ +0.0106  changes   352  3.2 min
episode 235/1013  eps 0.118  train return  +18.58%  loss 3.51e-05  maxQ +0.0114  changes   368  3.2 min
episode 236/1013  eps 0.117  train return  +34.24%  loss 3.48e-05  maxQ +0.0111  changes   408  3.2 min
episode 237/1013  eps 0.116  train return  +23.23%  loss 3.37e-05  maxQ +0.0107  changes   398  3.2 min
episode 238/1013  eps 0.115  train return   +8.63%  loss 3.32e-05  maxQ +0.0113  changes   305  3.2 min
episode 239/1013  eps 0.114  train return   -1.82%  loss 3.29e-05  maxQ +0.0111  changes   388  3.3 min
episode 240/1013  eps 0.112  train return   +3.83%  loss 3.31e-05  maxQ +0.0116  changes   373  3.3 min | val return -22.02% (best +19.93%)
episode 241/1013  eps 0.111  train return  +80.03%  loss 3.74e-05  maxQ +0.0120  changes   442  3.3 min
episode 242/1013  eps 0.110  train return  +37.37%  loss 3.48e-05  maxQ +0.0111  changes   424  3.3 min
episode 243/1013  eps 0.109  train return   +3.35%  loss 3.33e-05  maxQ +0.0104  changes   339  3.3 min
episode 244/1013  eps 0.108  train return   +2.42%  loss 3.66e-05  maxQ +0.0112  changes   353  3.3 min
episode 245/1013  eps 0.107  train return  +34.74%  loss 3.49e-05  maxQ +0.0102  changes   352  3.4 min
episode 246/1013  eps 0.106  train return  +28.20%  loss 3.42e-05  maxQ +0.0110  changes   378  3.4 min
episode 247/1013  eps 0.106  train return  +11.19%  loss 3.67e-05  maxQ +0.0116  changes   343  3.4 min
episode 248/1013  eps 0.105  train return  +16.61%  loss 3.71e-05  maxQ +0.0116  changes   291  3.4 min
episode 249/1013  eps 0.104  train return  +55.50%  loss 3.55e-05  maxQ +0.0118  changes   398  3.4 min
episode 250/1013  eps 0.103  train return  +51.51%  loss 3.18e-05  maxQ +0.0125  changes   417  3.4 min | val return -20.66% (best +19.93%)
episode 251/1013  eps 0.102  train return   +3.76%  loss 3.24e-05  maxQ +0.0117  changes   298  3.4 min
episode 252/1013  eps 0.101  train return  +23.32%  loss 3.37e-05  maxQ +0.0120  changes   386  3.4 min
episode 253/1013  eps 0.100  train return  +70.11%  loss 3.69e-05  maxQ +0.0119  changes   352  3.5 min
episode 254/1013  eps 0.099  train return  +63.30%  loss 3.89e-05  maxQ +0.0128  changes   470  3.5 min
episode 255/1013  eps 0.098  train return  +18.81%  loss 3.66e-05  maxQ +0.0124  changes   359  3.5 min
episode 256/1013  eps 0.097  train return  -11.94%  loss 4.04e-05  maxQ +0.0131  changes   442  3.5 min
episode 257/1013  eps 0.096  train return   +1.35%  loss 3.93e-05  maxQ +0.0124  changes   358  3.5 min
episode 258/1013  eps 0.095  train return  +12.24%  loss 3.53e-05  maxQ +0.0116  changes   433  3.5 min
episode 259/1013  eps 0.095  train return   +3.94%  loss 3.46e-05  maxQ +0.0111  changes   309  3.5 min
episode 260/1013  eps 0.094  train return   +5.14%  loss 3.82e-05  maxQ +0.0117  changes   409  3.5 min | val return -16.19% (best +19.93%)
episode 261/1013  eps 0.093  train return  +67.86%  loss 4.14e-05  maxQ +0.0124  changes   439  3.6 min
episode 262/1013  eps 0.092  train return  +20.53%  loss 3.97e-05  maxQ +0.0126  changes   392  3.6 min
episode 263/1013  eps 0.091  train return +131.34%  loss 3.58e-05  maxQ +0.0116  changes   427  3.6 min
episode 264/1013  eps 0.090  train return +177.82%  loss 3.57e-05  maxQ +0.0116  changes   455  3.6 min
episode 265/1013  eps 0.090  train return   +6.82%  loss 3.80e-05  maxQ +0.0114  changes   386  3.6 min
episode 266/1013  eps 0.089  train return  +41.62%  loss 3.46e-05  maxQ +0.0113  changes   468  3.6 min
episode 267/1013  eps 0.088  train return  +17.21%  loss 3.71e-05  maxQ +0.0117  changes   455  3.7 min
episode 268/1013  eps 0.087  train return  +91.52%  loss 4.09e-05  maxQ +0.0123  changes   444  3.7 min
episode 269/1013  eps 0.086  train return  +31.60%  loss 3.94e-05  maxQ +0.0122  changes   338  3.7 min
episode 270/1013  eps 0.086  train return   +1.39%  loss 4.54e-05  maxQ +0.0128  changes   384  3.7 min | val return -30.37% (best +19.93%)
episode 271/1013  eps 0.085  train return   +0.85%  loss 3.96e-05  maxQ +0.0123  changes   358  3.7 min
episode 272/1013  eps 0.084  train return  +42.22%  loss 3.99e-05  maxQ +0.0124  changes   396  3.7 min
episode 273/1013  eps 0.083  train return +224.74%  loss 4.10e-05  maxQ +0.0120  changes   477  3.7 min
episode 274/1013  eps 0.082  train return  +40.42%  loss 3.78e-05  maxQ +0.0112  changes   400  3.8 min
episode 275/1013  eps 0.082  train return  +22.66%  loss 3.60e-05  maxQ +0.0111  changes   391  3.8 min
episode 276/1013  eps 0.081  train return  -18.30%  loss 3.81e-05  maxQ +0.0111  changes   465  3.8 min
episode 277/1013  eps 0.080  train return  +29.07%  loss 3.84e-05  maxQ +0.0120  changes   384  3.8 min
episode 278/1013  eps 0.079  train return  +12.47%  loss 4.33e-05  maxQ +0.0126  changes   361  3.8 min
episode 279/1013  eps 0.079  train return  +29.99%  loss 3.99e-05  maxQ +0.0125  changes   440  3.8 min
episode 280/1013  eps 0.078  train return  +34.71%  loss 3.98e-05  maxQ +0.0120  changes   444  3.8 min | val return -23.21% (best +19.93%)
episode 281/1013  eps 0.077  train return  +49.08%  loss 4.29e-05  maxQ +0.0128  changes   424  3.8 min
episode 282/1013  eps 0.077  train return  +60.36%  loss 4.14e-05  maxQ +0.0128  changes   358  3.9 min
episode 283/1013  eps 0.076  train return  +14.79%  loss 4.04e-05  maxQ +0.0124  changes   315  3.9 min
episode 284/1013  eps 0.075  train return  +28.84%  loss 4.10e-05  maxQ +0.0139  changes   320  3.9 min
episode 285/1013  eps 0.075  train return   +9.79%  loss 3.97e-05  maxQ +0.0126  changes   429  3.9 min
episode 286/1013  eps 0.074  train return  +68.70%  loss 3.68e-05  maxQ +0.0125  changes   432  3.9 min
episode 287/1013  eps 0.073  train return   +1.57%  loss 3.74e-05  maxQ +0.0124  changes   353  3.9 min
episode 288/1013  eps 0.073  train return  +56.06%  loss 3.73e-05  maxQ +0.0123  changes   404  3.9 min
episode 289/1013  eps 0.072  train return   +9.22%  loss 3.56e-05  maxQ +0.0116  changes   290  4.0 min
episode 290/1013  eps 0.071  train return  +25.08%  loss 3.97e-05  maxQ +0.0124  changes   364  4.0 min | val return -23.41% (best +19.93%)
episode 291/1013  eps 0.071  train return   -8.60%  loss 3.99e-05  maxQ +0.0114  changes   415  4.0 min
episode 292/1013  eps 0.070  train return   +5.66%  loss 4.02e-05  maxQ +0.0109  changes   343  4.0 min
episode 293/1013  eps 0.069  train return  +29.73%  loss 3.65e-05  maxQ +0.0108  changes   351  4.0 min
episode 294/1013  eps 0.069  train return +220.67%  loss 3.90e-05  maxQ +0.0118  changes   422  4.0 min
episode 295/1013  eps 0.068  train return   -4.80%  loss 4.13e-05  maxQ +0.0119  changes   365  4.0 min
episode 296/1013  eps 0.067  train return  +44.68%  loss 4.36e-05  maxQ +0.0121  changes   388  4.1 min
episode 297/1013  eps 0.067  train return   -3.94%  loss 4.14e-05  maxQ +0.0119  changes   447  4.1 min
episode 298/1013  eps 0.066  train return  +32.79%  loss 4.08e-05  maxQ +0.0122  changes   409  4.1 min
episode 299/1013  eps 0.066  train return  +13.61%  loss 3.88e-05  maxQ +0.0124  changes   341  4.1 min
episode 300/1013  eps 0.065  train return  +23.80%  loss 4.09e-05  maxQ +0.0120  changes   418  4.1 min | val return -12.88% (best +19.93%)
episode 301/1013  eps 0.064  train return   -0.84%  loss 3.57e-05  maxQ +0.0120  changes   335  4.1 min
episode 302/1013  eps 0.064  train return  +30.11%  loss 4.04e-05  maxQ +0.0118  changes   438  4.1 min
episode 303/1013  eps 0.063  train return  +66.08%  loss 3.87e-05  maxQ +0.0121  changes   414  4.2 min
episode 304/1013  eps 0.063  train return   +7.68%  loss 4.02e-05  maxQ +0.0121  changes   390  4.2 min
episode 305/1013  eps 0.062  train return   +7.26%  loss 3.81e-05  maxQ +0.0120  changes   317  4.2 min
episode 306/1013  eps 0.062  train return  +60.08%  loss 3.92e-05  maxQ +0.0120  changes   365  4.2 min
episode 307/1013  eps 0.061  train return  +18.41%  loss 3.75e-05  maxQ +0.0118  changes   348  4.2 min
episode 308/1013  eps 0.060  train return   -3.90%  loss 3.99e-05  maxQ +0.0118  changes   329  4.2 min
episode 309/1013  eps 0.060  train return  +30.33%  loss 3.86e-05  maxQ +0.0114  changes   431  4.2 min
episode 310/1013  eps 0.059  train return  +44.46%  loss 3.80e-05  maxQ +0.0121  changes   339  4.3 min | val return -25.92% (best +19.93%)
episode 311/1013  eps 0.059  train return  +19.66%  loss 3.96e-05  maxQ +0.0121  changes   422  4.3 min
episode 312/1013  eps 0.058  train return   +9.43%  loss 3.85e-05  maxQ +0.0128  changes   358  4.3 min
episode 313/1013  eps 0.058  train return  +13.47%  loss 4.17e-05  maxQ +0.0122  changes   342  4.3 min
episode 314/1013  eps 0.057  train return  +45.31%  loss 3.51e-05  maxQ +0.0127  changes   392  4.3 min
episode 315/1013  eps 0.057  train return  -17.43%  loss 3.93e-05  maxQ +0.0130  changes   349  4.3 min
episode 316/1013  eps 0.056  train return   +6.09%  loss 3.67e-05  maxQ +0.0123  changes   369  4.3 min
episode 317/1013  eps 0.056  train return  +12.66%  loss 4.00e-05  maxQ +0.0124  changes   296  4.4 min
episode 318/1013  eps 0.055  train return  +14.18%  loss 3.69e-05  maxQ +0.0115  changes   377  4.4 min
episode 319/1013  eps 0.055  train return  +62.12%  loss 3.67e-05  maxQ +0.0114  changes   386  4.4 min
episode 320/1013  eps 0.054  train return  +42.30%  loss 3.68e-05  maxQ +0.0116  changes   338  4.4 min | val return -10.67% (best +19.93%)
episode 321/1013  eps 0.054  train return  +42.01%  loss 3.85e-05  maxQ +0.0119  changes   387  4.4 min
episode 322/1013  eps 0.053  train return  +30.76%  loss 3.78e-05  maxQ +0.0119  changes   368  4.4 min
episode 323/1013  eps 0.053  train return  +15.10%  loss 4.03e-05  maxQ +0.0119  changes   323  4.4 min
episode 324/1013  eps 0.052  train return +138.01%  loss 3.77e-05  maxQ +0.0120  changes   429  4.5 min
episode 325/1013  eps 0.052  train return  +13.63%  loss 4.09e-05  maxQ +0.0119  changes   298  4.5 min
episode 326/1013  eps 0.051  train return   -5.86%  loss 3.85e-05  maxQ +0.0117  changes   283  4.5 min
episode 327/1013  eps 0.051  train return  +66.67%  loss 3.86e-05  maxQ +0.0121  changes   430  4.5 min
episode 328/1013  eps 0.050  train return  +80.98%  loss 3.80e-05  maxQ +0.0114  changes   442  4.5 min
episode 329/1013  eps 0.050  train return  +38.88%  loss 3.70e-05  maxQ +0.0117  changes   325  4.5 min
episode 330/1013  eps 0.049  train return  +47.62%  loss 4.31e-05  maxQ +0.0124  changes   412  4.5 min | val return -17.47% (best +19.93%)
episode 331/1013  eps 0.049  train return  +52.55%  loss 3.89e-05  maxQ +0.0132  changes   425  4.6 min
episode 332/1013  eps 0.049  train return  +25.25%  loss 4.20e-05  maxQ +0.0139  changes   351  4.6 min
episode 333/1013  eps 0.048  train return   +8.01%  loss 4.15e-05  maxQ +0.0132  changes   290  4.6 min
episode 334/1013  eps 0.048  train return  +18.42%  loss 3.79e-05  maxQ +0.0132  changes   423  4.6 min
episode 335/1013  eps 0.047  train return  +11.03%  loss 3.65e-05  maxQ +0.0119  changes   419  4.6 min
episode 336/1013  eps 0.047  train return  +16.29%  loss 3.91e-05  maxQ +0.0117  changes   365  4.6 min
episode 337/1013  eps 0.046  train return +149.46%  loss 3.69e-05  maxQ +0.0125  changes   434  4.6 min
episode 338/1013  eps 0.046  train return  +20.02%  loss 3.75e-05  maxQ +0.0128  changes   356  4.7 min
episode 339/1013  eps 0.046  train return  +28.98%  loss 3.34e-05  maxQ +0.0114  changes   319  4.7 min
episode 340/1013  eps 0.045  train return  +13.02%  loss 3.58e-05  maxQ +0.0113  changes   245  4.7 min | val return -22.60% (best +19.93%)
episode 341/1013  eps 0.045  train return   +2.73%  loss 3.30e-05  maxQ +0.0113  changes   350  4.7 min
episode 342/1013  eps 0.044  train return   -4.58%  loss 3.35e-05  maxQ +0.0106  changes   356  4.7 min
episode 343/1013  eps 0.044  train return  +81.34%  loss 3.17e-05  maxQ +0.0098  changes   399  4.7 min
episode 344/1013  eps 0.043  train return  +13.86%  loss 3.67e-05  maxQ +0.0111  changes   329  4.7 min
episode 345/1013  eps 0.043  train return  +34.99%  loss 3.60e-05  maxQ +0.0102  changes   329  4.8 min
episode 346/1013  eps 0.043  train return  +19.52%  loss 3.18e-05  maxQ +0.0107  changes   377  4.8 min
episode 347/1013  eps 0.042  train return   +7.75%  loss 3.42e-05  maxQ +0.0112  changes   365  4.8 min
episode 348/1013  eps 0.042  train return   -3.63%  loss 3.48e-05  maxQ +0.0112  changes   250  4.8 min
episode 349/1013  eps 0.042  train return   +6.35%  loss 3.58e-05  maxQ +0.0113  changes   257  4.8 min
episode 350/1013  eps 0.041  train return  +16.31%  loss 3.13e-05  maxQ +0.0116  changes   352  4.8 min | val return -2.87% (best +19.93%)
episode 351/1013  eps 0.041  train return  +73.49%  loss 3.59e-05  maxQ +0.0117  changes   318  4.8 min
episode 352/1013  eps 0.040  train return +229.24%  loss 3.51e-05  maxQ +0.0108  changes   387  4.9 min
episode 353/1013  eps 0.040  train return   -1.24%  loss 3.71e-05  maxQ +0.0107  changes   270  4.9 min
episode 354/1013  eps 0.040  train return  +75.11%  loss 3.63e-05  maxQ +0.0113  changes   386  4.9 min
episode 355/1013  eps 0.039  train return +178.63%  loss 3.54e-05  maxQ +0.0119  changes   430  4.9 min
episode 356/1013  eps 0.039  train return  +63.50%  loss 3.52e-05  maxQ +0.0117  changes   361  4.9 min
episode 357/1013  eps 0.039  train return  +67.19%  loss 3.77e-05  maxQ +0.0125  changes   402  4.9 min
episode 358/1013  eps 0.038  train return  +26.40%  loss 4.14e-05  maxQ +0.0127  changes   238  4.9 min
episode 359/1013  eps 0.038  train return  +54.36%  loss 3.63e-05  maxQ +0.0140  changes   335  4.9 min
episode 360/1013  eps 0.038  train return   +3.22%  loss 3.81e-05  maxQ +0.0128  changes   272  5.0 min | val return -5.78% (best +19.93%)
episode 361/1013  eps 0.037  train return   +7.54%  loss 3.47e-05  maxQ +0.0120  changes   426  5.0 min
episode 362/1013  eps 0.037  train return  +50.12%  loss 3.69e-05  maxQ +0.0122  changes   369  5.0 min
episode 363/1013  eps 0.037  train return  +10.61%  loss 3.77e-05  maxQ +0.0123  changes   261  5.0 min
episode 364/1013  eps 0.036  train return  +30.50%  loss 3.39e-05  maxQ +0.0127  changes   347  5.0 min
episode 365/1013  eps 0.036  train return   +3.74%  loss 3.81e-05  maxQ +0.0121  changes   332  5.0 min
episode 366/1013  eps 0.036  train return  +68.82%  loss 3.58e-05  maxQ +0.0113  changes   415  5.0 min
episode 367/1013  eps 0.035  train return   +5.47%  loss 3.39e-05  maxQ +0.0112  changes   406  5.1 min
episode 368/1013  eps 0.035  train return   -7.20%  loss 3.44e-05  maxQ +0.0121  changes   347  5.1 min
episode 369/1013  eps 0.035  train return +103.17%  loss 3.22e-05  maxQ +0.0107  changes   416  5.1 min
episode 370/1013  eps 0.034  train return  +85.69%  loss 3.70e-05  maxQ +0.0105  changes   309  5.1 min | val return -9.80% (best +19.93%)
episode 371/1013  eps 0.034  train return  +31.90%  loss 3.37e-05  maxQ +0.0111  changes   295  5.1 min
episode 372/1013  eps 0.034  train return  +31.40%  loss 3.66e-05  maxQ +0.0108  changes   269  5.1 min
episode 373/1013  eps 0.033  train return  +63.48%  loss 3.53e-05  maxQ +0.0111  changes   345  5.1 min
episode 374/1013  eps 0.033  train return   +8.60%  loss 3.68e-05  maxQ +0.0123  changes   311  5.2 min
episode 375/1013  eps 0.033  train return  +53.51%  loss 4.61e-05  maxQ +0.0137  changes   369  5.2 min
episode 376/1013  eps 0.032  train return   -4.75%  loss 4.15e-05  maxQ +0.0126  changes   320  5.2 min
episode 377/1013  eps 0.032  train return  +17.39%  loss 4.13e-05  maxQ +0.0128  changes   341  5.2 min
episode 378/1013  eps 0.032  train return  +19.25%  loss 4.04e-05  maxQ +0.0129  changes   360  5.2 min
episode 379/1013  eps 0.032  train return  +52.22%  loss 4.30e-05  maxQ +0.0127  changes   390  5.2 min
episode 380/1013  eps 0.031  train return  +38.12%  loss 4.48e-05  maxQ +0.0119  changes   390  5.2 min | val return -18.90% (best +19.93%)
episode 381/1013  eps 0.031  train return  +42.95%  loss 3.89e-05  maxQ +0.0119  changes   308  5.3 min
episode 382/1013  eps 0.031  train return   +5.41%  loss 3.64e-05  maxQ +0.0120  changes   347  5.3 min
episode 383/1013  eps 0.030  train return   +4.66%  loss 3.75e-05  maxQ +0.0117  changes   264  5.3 min
episode 384/1013  eps 0.030  train return  +15.11%  loss 3.79e-05  maxQ +0.0115  changes   340  5.3 min
episode 385/1013  eps 0.030  train return  +65.26%  loss 4.02e-05  maxQ +0.0114  changes   426  5.3 min
episode 386/1013  eps 0.030  train return  +71.96%  loss 4.36e-05  maxQ +0.0117  changes   321  5.3 min
episode 387/1013  eps 0.029  train return  +16.41%  loss 3.86e-05  maxQ +0.0117  changes   299  5.3 min
episode 388/1013  eps 0.029  train return +112.65%  loss 4.08e-05  maxQ +0.0124  changes   417  5.4 min
episode 389/1013  eps 0.029  train return  +97.46%  loss 3.90e-05  maxQ +0.0120  changes   418  5.4 min
episode 390/1013  eps 0.029  train return  +41.35%  loss 4.36e-05  maxQ +0.0124  changes   313  5.4 min | val return +0.54% (best +19.93%)
episode 391/1013  eps 0.028  train return  +14.95%  loss 4.44e-05  maxQ +0.0130  changes   301  5.4 min
episode 392/1013  eps 0.028  train return  +65.23%  loss 4.46e-05  maxQ +0.0130  changes   382  5.4 min
episode 393/1013  eps 0.028  train return  +18.47%  loss 3.90e-05  maxQ +0.0127  changes   373  5.4 min
episode 394/1013  eps 0.028  train return +174.39%  loss 3.77e-05  maxQ +0.0128  changes   432  5.5 min
episode 395/1013  eps 0.027  train return  +82.53%  loss 4.15e-05  maxQ +0.0127  changes   407  5.5 min
episode 396/1013  eps 0.027  train return  +57.61%  loss 4.40e-05  maxQ +0.0123  changes   312  5.5 min
episode 397/1013  eps 0.027  train return +176.20%  loss 4.44e-05  maxQ +0.0117  changes   409  5.5 min
episode 398/1013  eps 0.027  train return +116.83%  loss 4.22e-05  maxQ +0.0117  changes   426  5.5 min
episode 399/1013  eps 0.026  train return   +9.30%  loss 4.30e-05  maxQ +0.0116  changes   368  5.5 min
episode 400/1013  eps 0.026  train return +108.96%  loss 4.63e-05  maxQ +0.0130  changes   392  5.5 min | val return +0.66% (best +19.93%)
episode 401/1013  eps 0.026  train return  +44.97%  loss 4.51e-05  maxQ +0.0122  changes   319  5.6 min
episode 402/1013  eps 0.026  train return   -2.35%  loss 4.22e-05  maxQ +0.0119  changes   317  5.6 min
episode 403/1013  eps 0.025  train return  +19.60%  loss 4.14e-05  maxQ +0.0120  changes   300  5.6 min
episode 404/1013  eps 0.025  train return  +24.14%  loss 4.41e-05  maxQ +0.0127  changes   383  5.6 min
episode 405/1013  eps 0.025  train return   -1.91%  loss 4.19e-05  maxQ +0.0130  changes   319  5.6 min
episode 406/1013  eps 0.025  train return +176.71%  loss 4.29e-05  maxQ +0.0134  changes   380  5.6 min
episode 407/1013  eps 0.024  train return  +14.81%  loss 3.75e-05  maxQ +0.0125  changes   316  5.6 min
episode 408/1013  eps 0.024  train return  +99.22%  loss 4.09e-05  maxQ +0.0127  changes   364  5.7 min
episode 409/1013  eps 0.024  train return  +15.41%  loss 4.00e-05  maxQ +0.0118  changes   310  5.7 min
episode 410/1013  eps 0.024  train return  +37.51%  loss 3.96e-05  maxQ +0.0121  changes   310  5.7 min | val return -1.51% (best +19.93%)
episode 411/1013  eps 0.024  train return  +43.98%  loss 4.24e-05  maxQ +0.0131  changes   332  5.7 min
episode 412/1013  eps 0.023  train return  +38.34%  loss 3.92e-05  maxQ +0.0123  changes   405  5.7 min
episode 413/1013  eps 0.023  train return  +96.81%  loss 4.13e-05  maxQ +0.0125  changes   414  5.7 min
episode 414/1013  eps 0.023  train return   -6.38%  loss 4.10e-05  maxQ +0.0128  changes   322  5.7 min
episode 415/1013  eps 0.023  train return  +71.17%  loss 4.16e-05  maxQ +0.0127  changes   366  5.8 min
episode 416/1013  eps 0.023  train return  +50.55%  loss 4.27e-05  maxQ +0.0133  changes   339  5.8 min
episode 417/1013  eps 0.022  train return  +42.80%  loss 4.18e-05  maxQ +0.0134  changes   439  5.8 min
episode 418/1013  eps 0.022  train return  +13.68%  loss 4.52e-05  maxQ +0.0134  changes   292  5.8 min
episode 419/1013  eps 0.022  train return  +18.48%  loss 4.77e-05  maxQ +0.0132  changes   318  5.8 min
episode 420/1013  eps 0.022  train return  +93.54%  loss 4.68e-05  maxQ +0.0139  changes   395  5.8 min | val return -0.36% (best +19.93%)
episode 421/1013  eps 0.022  train return  +28.63%  loss 4.31e-05  maxQ +0.0135  changes   437  5.9 min
episode 422/1013  eps 0.021  train return +407.36%  loss 4.44e-05  maxQ +0.0137  changes   418  5.9 min
episode 423/1013  eps 0.021  train return  +36.65%  loss 5.28e-05  maxQ +0.0145  changes   372  5.9 min
episode 424/1013  eps 0.021  train return  +40.18%  loss 5.03e-05  maxQ +0.0152  changes   372  5.9 min
episode 425/1013  eps 0.021  train return  +13.49%  loss 4.33e-05  maxQ +0.0138  changes   330  5.9 min
episode 426/1013  eps 0.021  train return  +44.54%  loss 4.52e-05  maxQ +0.0140  changes   331  5.9 min
episode 427/1013  eps 0.020  train return  +31.53%  loss 4.88e-05  maxQ +0.0148  changes   298  5.9 min
episode 428/1013  eps 0.020  train return +374.45%  loss 4.85e-05  maxQ +0.0140  changes   425  5.9 min
episode 429/1013  eps 0.020  train return   +6.27%  loss 4.29e-05  maxQ +0.0132  changes   278  6.0 min
episode 430/1013  eps 0.020  train return  +53.70%  loss 4.56e-05  maxQ +0.0132  changes   401  6.0 min | val return -2.93% (best +19.93%)
episode 431/1013  eps 0.020  train return  +32.08%  loss 4.10e-05  maxQ +0.0126  changes   423  6.0 min
episode 432/1013  eps 0.019  train return  +35.46%  loss 4.38e-05  maxQ +0.0123  changes   299  6.0 min
episode 433/1013  eps 0.019  train return  +98.03%  loss 4.20e-05  maxQ +0.0124  changes   389  6.0 min
episode 434/1013  eps 0.019  train return  +55.14%  loss 4.14e-05  maxQ +0.0126  changes   390  6.0 min
episode 435/1013  eps 0.019  train return  +27.06%  loss 4.74e-05  maxQ +0.0128  changes   318  6.1 min
episode 436/1013  eps 0.019  train return +276.80%  loss 4.39e-05  maxQ +0.0130  changes   442  6.1 min
episode 437/1013  eps 0.019  train return  +12.59%  loss 4.04e-05  maxQ +0.0122  changes   291  6.1 min
episode 438/1013  eps 0.018  train return +127.68%  loss 4.64e-05  maxQ +0.0127  changes   412  6.1 min
episode 439/1013  eps 0.018  train return  +10.78%  loss 4.25e-05  maxQ +0.0129  changes   310  6.1 min
episode 440/1013  eps 0.018  train return  +19.43%  loss 4.12e-05  maxQ +0.0126  changes   316  6.1 min | val return -19.77% (best +19.93%)
episode 441/1013  eps 0.018  train return  +71.29%  loss 4.13e-05  maxQ +0.0127  changes   358  6.1 min
episode 442/1013  eps 0.018  train return  +45.98%  loss 3.89e-05  maxQ +0.0123  changes   422  6.2 min
episode 443/1013  eps 0.018  train return +132.95%  loss 4.24e-05  maxQ +0.0127  changes   413  6.2 min
episode 444/1013  eps 0.017  train return  +11.89%  loss 4.25e-05  maxQ +0.0138  changes   294  6.2 min
episode 445/1013  eps 0.017  train return +158.30%  loss 4.62e-05  maxQ +0.0139  changes   378  6.2 min
episode 446/1013  eps 0.017  train return   +6.10%  loss 4.52e-05  maxQ +0.0133  changes   252  6.2 min
episode 447/1013  eps 0.017  train return  +78.23%  loss 4.55e-05  maxQ +0.0129  changes   382  6.2 min
episode 448/1013  eps 0.017  train return  +21.44%  loss 4.16e-05  maxQ +0.0129  changes   315  6.2 min
episode 449/1013  eps 0.017  train return  +27.70%  loss 4.04e-05  maxQ +0.0131  changes   313  6.3 min
episode 450/1013  eps 0.016  train return +190.03%  loss 3.85e-05  maxQ +0.0124  changes   402  6.3 min | val return -30.44% (best +19.93%)
episode 451/1013  eps 0.016  train return  +33.15%  loss 4.25e-05  maxQ +0.0131  changes   365  6.3 min
episode 452/1013  eps 0.016  train return  +26.04%  loss 4.28e-05  maxQ +0.0127  changes   277  6.3 min
episode 453/1013  eps 0.016  train return  +13.43%  loss 4.27e-05  maxQ +0.0135  changes   265  6.3 min
episode 454/1013  eps 0.016  train return  +29.07%  loss 4.43e-05  maxQ +0.0142  changes   276  6.3 min
episode 455/1013  eps 0.016  train return   +0.90%  loss 4.49e-05  maxQ +0.0142  changes   320  6.3 min
episode 456/1013  eps 0.016  train return  +45.86%  loss 3.86e-05  maxQ +0.0133  changes   360  6.4 min
episode 457/1013  eps 0.015  train return  +42.06%  loss 3.94e-05  maxQ +0.0132  changes   422  6.4 min
episode 458/1013  eps 0.015  train return  +13.81%  loss 3.96e-05  maxQ +0.0126  changes   322  6.4 min
episode 459/1013  eps 0.015  train return   -4.25%  loss 3.98e-05  maxQ +0.0125  changes   330  6.4 min
episode 460/1013  eps 0.015  train return  +12.79%  loss 3.79e-05  maxQ +0.0136  changes   289  6.4 min | val return -11.31% (best +19.93%)
episode 461/1013  eps 0.015  train return  +24.44%  loss 3.90e-05  maxQ +0.0131  changes   343  6.4 min
episode 462/1013  eps 0.015  train return  +64.61%  loss 4.26e-05  maxQ +0.0128  changes   407  6.5 min
episode 463/1013  eps 0.015  train return  +65.54%  loss 3.86e-05  maxQ +0.0127  changes   311  6.5 min
episode 464/1013  eps 0.015  train return  +48.26%  loss 3.96e-05  maxQ +0.0125  changes   367  6.5 min
episode 465/1013  eps 0.014  train return  +20.28%  loss 3.96e-05  maxQ +0.0119  changes   415  6.5 min
episode 466/1013  eps 0.014  train return  +52.06%  loss 4.45e-05  maxQ +0.0129  changes   365  6.5 min
episode 467/1013  eps 0.014  train return   -5.56%  loss 4.14e-05  maxQ +0.0124  changes   333  6.5 min
episode 468/1013  eps 0.014  train return  +43.07%  loss 3.65e-05  maxQ +0.0118  changes   409  6.5 min
episode 469/1013  eps 0.014  train return  +40.15%  loss 3.67e-05  maxQ +0.0114  changes   384  6.5 min
episode 470/1013  eps 0.014  train return  +18.24%  loss 3.82e-05  maxQ +0.0116  changes   340  6.6 min | val return -25.77% (best +19.93%)
episode 471/1013  eps 0.014  train return  +77.78%  loss 3.74e-05  maxQ +0.0115  changes   403  6.6 min
episode 472/1013  eps 0.013  train return  +11.82%  loss 3.65e-05  maxQ +0.0119  changes   274  6.6 min
episode 473/1013  eps 0.013  train return   +2.35%  loss 3.89e-05  maxQ +0.0118  changes   397  6.6 min
episode 474/1013  eps 0.013  train return   +5.35%  loss 3.63e-05  maxQ +0.0125  changes   256  6.6 min
episode 475/1013  eps 0.013  train return  +13.02%  loss 3.71e-05  maxQ +0.0122  changes   294  6.6 min
episode 476/1013  eps 0.013  train return  +33.05%  loss 3.98e-05  maxQ +0.0129  changes   304  6.7 min
episode 477/1013  eps 0.013  train return  +60.51%  loss 4.23e-05  maxQ +0.0126  changes   369  6.7 min
episode 478/1013  eps 0.013  train return  +29.41%  loss 3.66e-05  maxQ +0.0119  changes   357  6.7 min
episode 479/1013  eps 0.013  train return  +23.45%  loss 3.73e-05  maxQ +0.0124  changes   324  6.7 min
episode 480/1013  eps 0.013  train return +303.10%  loss 3.61e-05  maxQ +0.0122  changes   408  6.7 min | val return -10.99% (best +19.93%)
episode 481/1013  eps 0.012  train return  +15.53%  loss 3.76e-05  maxQ +0.0123  changes   330  6.7 min
episode 482/1013  eps 0.012  train return +258.35%  loss 3.54e-05  maxQ +0.0122  changes   464  6.7 min
episode 483/1013  eps 0.012  train return  +66.06%  loss 3.62e-05  maxQ +0.0120  changes   404  6.8 min
episode 484/1013  eps 0.012  train return   +2.57%  loss 3.63e-05  maxQ +0.0120  changes   307  6.8 min
episode 485/1013  eps 0.012  train return  +58.87%  loss 3.92e-05  maxQ +0.0123  changes   339  6.8 min
episode 486/1013  eps 0.012  train return  +54.36%  loss 3.88e-05  maxQ +0.0115  changes   326  6.8 min
episode 487/1013  eps 0.012  train return   -4.78%  loss 3.78e-05  maxQ +0.0123  changes   298  6.8 min
episode 488/1013  eps 0.012  train return  +20.23%  loss 3.67e-05  maxQ +0.0127  changes   403  6.8 min
episode 489/1013  eps 0.012  train return  +97.70%  loss 3.89e-05  maxQ +0.0122  changes   419  6.8 min
episode 490/1013  eps 0.011  train return  +96.92%  loss 3.94e-05  maxQ +0.0125  changes   401  6.9 min | val return -15.22% (best +19.93%)
episode 491/1013  eps 0.011  train return   -2.08%  loss 3.77e-05  maxQ +0.0124  changes   349  6.9 min
episode 492/1013  eps 0.011  train return   +3.51%  loss 3.49e-05  maxQ +0.0120  changes   400  6.9 min
episode 493/1013  eps 0.011  train return +122.60%  loss 3.60e-05  maxQ +0.0119  changes   375  6.9 min
episode 494/1013  eps 0.011  train return +105.65%  loss 3.96e-05  maxQ +0.0122  changes   399  6.9 min
episode 495/1013  eps 0.011  train return  +49.11%  loss 3.43e-05  maxQ +0.0123  changes   325  6.9 min
episode 496/1013  eps 0.011  train return +108.74%  loss 3.82e-05  maxQ +0.0124  changes   395  6.9 min
episode 497/1013  eps 0.011  train return +101.58%  loss 3.65e-05  maxQ +0.0125  changes   351  7.0 min
episode 498/1013  eps 0.011  train return  +51.48%  loss 3.60e-05  maxQ +0.0125  changes   390  7.0 min
episode 499/1013  eps 0.011  train return  +21.08%  loss 3.33e-05  maxQ +0.0118  changes   296  7.0 min
episode 500/1013  eps 0.010  train return  +13.23%  loss 3.46e-05  maxQ +0.0115  changes   264  7.0 min | val return -8.00% (best +19.93%)
episode 501/1013  eps 0.010  train return  +68.58%  loss 3.61e-05  maxQ +0.0117  changes   410  7.0 min
episode 502/1013  eps 0.010  train return +188.97%  loss 3.77e-05  maxQ +0.0124  changes   408  7.0 min
episode 503/1013  eps 0.010  train return  +19.78%  loss 3.67e-05  maxQ +0.0120  changes   352  7.1 min
episode 504/1013  eps 0.010  train return +152.12%  loss 3.61e-05  maxQ +0.0120  changes   426  7.1 min
episode 505/1013  eps 0.010  train return   -0.74%  loss 3.83e-05  maxQ +0.0128  changes   413  7.1 min
episode 506/1013  eps 0.010  train return  +17.74%  loss 3.50e-05  maxQ +0.0128  changes   352  7.1 min
episode 507/1013  eps 0.010  train return  +23.08%  loss 3.73e-05  maxQ +0.0127  changes   350  7.1 min
episode 508/1013  eps 0.010  train return  +57.18%  loss 3.51e-05  maxQ +0.0129  changes   337  7.1 min
episode 509/1013  eps 0.010  train return  +40.41%  loss 3.50e-05  maxQ +0.0122  changes   417  7.1 min
episode 510/1013  eps 0.010  train return  +79.06%  loss 3.68e-05  maxQ +0.0122  changes   367  7.2 min | val return -24.53% (best +19.93%)
episode 511/1013  eps 0.010  train return  +58.39%  loss 3.81e-05  maxQ +0.0118  changes   360  7.2 min
episode 512/1013  eps 0.010  train return  +60.93%  loss 3.42e-05  maxQ +0.0115  changes   355  7.2 min
episode 513/1013  eps 0.010  train return  +37.33%  loss 3.56e-05  maxQ +0.0117  changes   305  7.2 min
episode 514/1013  eps 0.010  train return  +32.69%  loss 3.23e-05  maxQ +0.0123  changes   397  7.2 min
episode 515/1013  eps 0.010  train return +165.81%  loss 3.91e-05  maxQ +0.0128  changes   406  7.2 min
episode 516/1013  eps 0.010  train return  +92.82%  loss 3.58e-05  maxQ +0.0122  changes   409  7.2 min
episode 517/1013  eps 0.010  train return  +78.48%  loss 3.64e-05  maxQ +0.0123  changes   411  7.3 min
episode 518/1013  eps 0.010  train return  +12.74%  loss 3.53e-05  maxQ +0.0121  changes   326  7.3 min
episode 519/1013  eps 0.010  train return  +73.58%  loss 3.33e-05  maxQ +0.0115  changes   384  7.3 min
episode 520/1013  eps 0.010  train return  +79.50%  loss 3.48e-05  maxQ +0.0111  changes   439  7.3 min | val return -28.03% (best +19.93%)
episode 521/1013  eps 0.010  train return  +77.73%  loss 3.58e-05  maxQ +0.0108  changes   399  7.3 min
episode 522/1013  eps 0.010  train return +477.30%  loss 3.44e-05  maxQ +0.0111  changes   460  7.3 min
episode 523/1013  eps 0.010  train return +144.00%  loss 3.46e-05  maxQ +0.0118  changes   410  7.4 min
episode 524/1013  eps 0.010  train return  +48.33%  loss 3.63e-05  maxQ +0.0113  changes   359  7.4 min
episode 525/1013  eps 0.010  train return  +19.49%  loss 3.81e-05  maxQ +0.0120  changes   351  7.4 min
episode 526/1013  eps 0.010  train return   +5.57%  loss 3.70e-05  maxQ +0.0114  changes   288  7.4 min
episode 527/1013  eps 0.010  train return  +44.36%  loss 3.38e-05  maxQ +0.0113  changes   264  7.4 min
episode 528/1013  eps 0.010  train return +194.05%  loss 3.61e-05  maxQ +0.0124  changes   420  7.4 min
episode 529/1013  eps 0.010  train return +152.13%  loss 3.52e-05  maxQ +0.0128  changes   429  7.4 min
episode 530/1013  eps 0.010  train return +336.42%  loss 3.84e-05  maxQ +0.0121  changes   424  7.4 min | val return -24.13% (best +19.93%)
episode 531/1013  eps 0.010  train return   +8.94%  loss 3.81e-05  maxQ +0.0124  changes   312  7.5 min
episode 532/1013  eps 0.010  train return  +11.54%  loss 3.62e-05  maxQ +0.0121  changes   261  7.5 min
episode 533/1013  eps 0.010  train return  +12.14%  loss 3.51e-05  maxQ +0.0126  changes   364  7.5 min
episode 534/1013  eps 0.010  train return  +38.53%  loss 3.68e-05  maxQ +0.0129  changes   425  7.5 min
episode 535/1013  eps 0.010  train return  +21.56%  loss 3.90e-05  maxQ +0.0127  changes   411  7.5 min
episode 536/1013  eps 0.010  train return  +94.02%  loss 3.81e-05  maxQ +0.0129  changes   409  7.5 min
episode 537/1013  eps 0.010  train return  +36.93%  loss 3.68e-05  maxQ +0.0130  changes   370  7.6 min
episode 538/1013  eps 0.010  train return  +79.78%  loss 3.70e-05  maxQ +0.0130  changes   403  7.6 min
episode 539/1013  eps 0.010  train return  +34.17%  loss 3.76e-05  maxQ +0.0131  changes   336  7.6 min
episode 540/1013  eps 0.010  train return  +31.75%  loss 3.74e-05  maxQ +0.0122  changes   319  7.6 min | val return -5.81% (best +19.93%)
episode 541/1013  eps 0.010  train return +379.83%  loss 3.52e-05  maxQ +0.0122  changes   404  7.6 min
episode 542/1013  eps 0.010  train return   +4.37%  loss 3.84e-05  maxQ +0.0124  changes   313  7.6 min
episode 543/1013  eps 0.010  train return  +15.66%  loss 3.49e-05  maxQ +0.0122  changes   374  7.6 min
episode 544/1013  eps 0.010  train return  +44.71%  loss 3.71e-05  maxQ +0.0122  changes   307  7.7 min
episode 545/1013  eps 0.010  train return  +22.26%  loss 3.87e-05  maxQ +0.0122  changes   306  7.7 min
episode 546/1013  eps 0.010  train return +378.13%  loss 3.80e-05  maxQ +0.0128  changes   434  7.7 min
episode 547/1013  eps 0.010  train return  +63.57%  loss 3.61e-05  maxQ +0.0127  changes   358  7.7 min
episode 548/1013  eps 0.010  train return  +47.89%  loss 3.68e-05  maxQ +0.0123  changes   375  7.7 min
episode 549/1013  eps 0.010  train return  +43.93%  loss 3.70e-05  maxQ +0.0126  changes   390  7.7 min
episode 550/1013  eps 0.010  train return   +8.89%  loss 3.73e-05  maxQ +0.0124  changes   340  7.7 min | val return -3.46% (best +19.93%)
episode 551/1013  eps 0.010  train return  +13.26%  loss 3.92e-05  maxQ +0.0131  changes   359  7.8 min
episode 552/1013  eps 0.010  train return   +2.67%  loss 3.70e-05  maxQ +0.0121  changes   356  7.8 min
episode 553/1013  eps 0.010  train return  +58.62%  loss 3.69e-05  maxQ +0.0121  changes   413  7.8 min
episode 554/1013  eps 0.010  train return  +15.98%  loss 3.69e-05  maxQ +0.0123  changes   407  7.8 min
episode 555/1013  eps 0.010  train return  +40.06%  loss 3.92e-05  maxQ +0.0129  changes   425  7.8 min
episode 556/1013  eps 0.010  train return  +83.28%  loss 4.21e-05  maxQ +0.0126  changes   418  7.8 min
episode 557/1013  eps 0.010  train return  +40.15%  loss 3.87e-05  maxQ +0.0120  changes   428  7.9 min
episode 558/1013  eps 0.010  train return  +91.99%  loss 4.25e-05  maxQ +0.0130  changes   413  7.9 min
episode 559/1013  eps 0.010  train return  +20.98%  loss 3.89e-05  maxQ +0.0130  changes   394  7.9 min
episode 560/1013  eps 0.010  train return  +15.81%  loss 3.66e-05  maxQ +0.0125  changes   337  7.9 min | val return -13.10% (best +19.93%)
episode 561/1013  eps 0.010  train return  +38.59%  loss 3.88e-05  maxQ +0.0125  changes   372  7.9 min
episode 562/1013  eps 0.010  train return  +75.91%  loss 3.73e-05  maxQ +0.0121  changes   400  7.9 min
episode 563/1013  eps 0.010  train return  +29.23%  loss 3.98e-05  maxQ +0.0127  changes   324  7.9 min
episode 564/1013  eps 0.010  train return +137.57%  loss 3.92e-05  maxQ +0.0126  changes   426  8.0 min
episode 565/1013  eps 0.010  train return  +44.13%  loss 3.65e-05  maxQ +0.0121  changes   394  8.0 min
episode 566/1013  eps 0.010  train return  +32.07%  loss 4.05e-05  maxQ +0.0124  changes   413  8.0 min
episode 567/1013  eps 0.010  train return  +76.81%  loss 3.81e-05  maxQ +0.0122  changes   414  8.0 min
episode 568/1013  eps 0.010  train return   +5.35%  loss 3.62e-05  maxQ +0.0121  changes   349  8.0 min
episode 569/1013  eps 0.010  train return  +15.67%  loss 3.55e-05  maxQ +0.0122  changes   308  8.0 min
episode 570/1013  eps 0.010  train return +147.17%  loss 3.82e-05  maxQ +0.0124  changes   430  8.0 min | val return -5.22% (best +19.93%)
episode 571/1013  eps 0.010  train return +325.55%  loss 4.14e-05  maxQ +0.0134  changes   418  8.1 min
episode 572/1013  eps 0.010  train return  +26.29%  loss 4.11e-05  maxQ +0.0140  changes   393  8.1 min
episode 573/1013  eps 0.010  train return   +4.57%  loss 3.68e-05  maxQ +0.0129  changes   284  8.1 min
episode 574/1013  eps 0.010  train return +330.34%  loss 3.70e-05  maxQ +0.0129  changes   417  8.1 min
episode 575/1013  eps 0.010  train return  +31.85%  loss 4.17e-05  maxQ +0.0127  changes   396  8.1 min
episode 576/1013  eps 0.010  train return  +21.68%  loss 3.77e-05  maxQ +0.0127  changes   348  8.1 min
episode 577/1013  eps 0.010  train return  +18.37%  loss 4.10e-05  maxQ +0.0128  changes   305  8.1 min
episode 578/1013  eps 0.010  train return  +11.09%  loss 3.76e-05  maxQ +0.0123  changes   300  8.2 min
episode 579/1013  eps 0.010  train return +170.55%  loss 3.72e-05  maxQ +0.0128  changes   399  8.2 min
episode 580/1013  eps 0.010  train return  +18.69%  loss 3.80e-05  maxQ +0.0121  changes   411  8.2 min | val return -5.30% (best +19.93%)
episode 581/1013  eps 0.010  train return  +56.57%  loss 3.49e-05  maxQ +0.0119  changes   306  8.2 min
episode 582/1013  eps 0.010  train return  +31.31%  loss 3.68e-05  maxQ +0.0119  changes   351  8.2 min
episode 583/1013  eps 0.010  train return +251.91%  loss 3.65e-05  maxQ +0.0119  changes   400  8.2 min
episode 584/1013  eps 0.010  train return  +21.50%  loss 3.45e-05  maxQ +0.0119  changes   380  8.3 min
episode 585/1013  eps 0.010  train return   +1.28%  loss 3.57e-05  maxQ +0.0121  changes   353  8.3 min
episode 586/1013  eps 0.010  train return   +7.79%  loss 3.54e-05  maxQ +0.0124  changes   337  8.3 min
episode 587/1013  eps 0.010  train return  +14.76%  loss 3.55e-05  maxQ +0.0118  changes   322  8.3 min
episode 588/1013  eps 0.010  train return  +55.74%  loss 3.47e-05  maxQ +0.0117  changes   339  8.3 min
episode 589/1013  eps 0.010  train return  +18.24%  loss 3.52e-05  maxQ +0.0122  changes   362  8.3 min
episode 590/1013  eps 0.010  train return  +14.43%  loss 3.30e-05  maxQ +0.0123  changes   326  8.3 min | val return +5.24% (best +19.93%)
episode 591/1013  eps 0.010  train return  +12.39%  loss 3.52e-05  maxQ +0.0124  changes   359  8.4 min
episode 592/1013  eps 0.010  train return  +27.95%  loss 3.29e-05  maxQ +0.0119  changes   305  8.4 min
episode 593/1013  eps 0.010  train return  +23.84%  loss 3.18e-05  maxQ +0.0120  changes   356  8.4 min
episode 594/1013  eps 0.010  train return +107.28%  loss 3.14e-05  maxQ +0.0109  changes   382  8.4 min
episode 595/1013  eps 0.010  train return  +20.01%  loss 3.08e-05  maxQ +0.0109  changes   340  8.4 min
episode 596/1013  eps 0.010  train return  +15.20%  loss 3.36e-05  maxQ +0.0113  changes   350  8.4 min
episode 597/1013  eps 0.010  train return  +95.23%  loss 3.32e-05  maxQ +0.0122  changes   440  8.4 min
episode 598/1013  eps 0.010  train return  +22.00%  loss 3.31e-05  maxQ +0.0120  changes   327  8.5 min
episode 599/1013  eps 0.010  train return  +50.56%  loss 3.22e-05  maxQ +0.0124  changes   411  8.5 min
episode 600/1013  eps 0.010  train return  +14.63%  loss 3.27e-05  maxQ +0.0120  changes   328  8.5 min | val return -10.67% (best +19.93%)
episode 601/1013  eps 0.010  train return  +38.01%  loss 3.31e-05  maxQ +0.0115  changes   293  8.5 min
episode 602/1013  eps 0.010  train return  +81.64%  loss 3.11e-05  maxQ +0.0118  changes   406  8.5 min
episode 603/1013  eps 0.010  train return  +61.53%  loss 3.53e-05  maxQ +0.0125  changes   402  8.5 min
episode 604/1013  eps 0.010  train return +133.51%  loss 3.34e-05  maxQ +0.0120  changes   413  8.5 min
episode 605/1013  eps 0.010  train return  +39.84%  loss 3.25e-05  maxQ +0.0121  changes   372  8.6 min
episode 606/1013  eps 0.010  train return  +87.31%  loss 3.22e-05  maxQ +0.0120  changes   390  8.6 min
episode 607/1013  eps 0.010  train return +138.54%  loss 3.50e-05  maxQ +0.0119  changes   444  8.6 min
episode 608/1013  eps 0.010  train return   +7.04%  loss 3.48e-05  maxQ +0.0122  changes   345  8.6 min
episode 609/1013  eps 0.010  train return  +18.76%  loss 3.46e-05  maxQ +0.0114  changes   325  8.6 min
episode 610/1013  eps 0.010  train return +197.89%  loss 3.34e-05  maxQ +0.0111  changes   422  8.6 min | val return -5.46% (best +19.93%)
episode 611/1013  eps 0.010  train return +112.87%  loss 3.30e-05  maxQ +0.0115  changes   372  8.7 min
episode 612/1013  eps 0.010  train return +365.24%  loss 3.66e-05  maxQ +0.0118  changes   428  8.7 min
episode 613/1013  eps 0.010  train return  +62.93%  loss 3.48e-05  maxQ +0.0119  changes   396  8.7 min
episode 614/1013  eps 0.010  train return  +30.07%  loss 3.35e-05  maxQ +0.0122  changes   358  8.7 min
episode 615/1013  eps 0.010  train return +147.52%  loss 3.58e-05  maxQ +0.0122  changes   410  8.7 min
episode 616/1013  eps 0.010  train return +216.91%  loss 3.43e-05  maxQ +0.0127  changes   423  8.7 min
episode 617/1013  eps 0.010  train return  +34.21%  loss 3.76e-05  maxQ +0.0124  changes   406  8.7 min
episode 618/1013  eps 0.010  train return +228.04%  loss 3.51e-05  maxQ +0.0127  changes   404  8.7 min
episode 619/1013  eps 0.010  train return  +22.07%  loss 3.56e-05  maxQ +0.0126  changes   314  8.8 min
episode 620/1013  eps 0.010  train return +186.56%  loss 3.44e-05  maxQ +0.0127  changes   410  8.8 min | val return -12.69% (best +19.93%)
episode 621/1013  eps 0.010  train return +196.07%  loss 3.57e-05  maxQ +0.0123  changes   422  8.8 min
episode 622/1013  eps 0.010  train return  +65.31%  loss 3.53e-05  maxQ +0.0126  changes   430  8.8 min
episode 623/1013  eps 0.010  train return  +58.72%  loss 3.47e-05  maxQ +0.0127  changes   392  8.8 min
episode 624/1013  eps 0.010  train return  +42.09%  loss 3.25e-05  maxQ +0.0126  changes   424  8.8 min
episode 625/1013  eps 0.010  train return  +25.63%  loss 3.64e-05  maxQ +0.0121  changes   447  8.8 min
episode 626/1013  eps 0.010  train return +102.78%  loss 3.19e-05  maxQ +0.0120  changes   413  8.9 min
episode 627/1013  eps 0.010  train return  +76.69%  loss 3.43e-05  maxQ +0.0125  changes   364  8.9 min
episode 628/1013  eps 0.010  train return  +21.35%  loss 3.53e-05  maxQ +0.0125  changes   406  8.9 min
episode 629/1013  eps 0.010  train return  +63.54%  loss 3.68e-05  maxQ +0.0130  changes   439  8.9 min
episode 630/1013  eps 0.010  train return  +13.49%  loss 3.49e-05  maxQ +0.0129  changes   361  8.9 min | val return -1.67% (best +19.93%)
episode 631/1013  eps 0.010  train return  +32.18%  loss 3.27e-05  maxQ +0.0127  changes   382  8.9 min
episode 632/1013  eps 0.010  train return +126.57%  loss 3.79e-05  maxQ +0.0128  changes   460  9.0 min
episode 633/1013  eps 0.010  train return  +13.74%  loss 3.67e-05  maxQ +0.0122  changes   388  9.0 min
episode 634/1013  eps 0.010  train return  +67.47%  loss 3.52e-05  maxQ +0.0131  changes   400  9.0 min
episode 635/1013  eps 0.010  train return +102.31%  loss 3.13e-05  maxQ +0.0123  changes   431  9.0 min
episode 636/1013  eps 0.010  train return   -7.75%  loss 3.42e-05  maxQ +0.0127  changes   369  9.0 min
episode 637/1013  eps 0.010  train return +161.14%  loss 3.42e-05  maxQ +0.0127  changes   443  9.0 min
episode 638/1013  eps 0.010  train return  +22.81%  loss 3.65e-05  maxQ +0.0123  changes   364  9.0 min
episode 639/1013  eps 0.010  train return  +29.36%  loss 3.32e-05  maxQ +0.0120  changes   448  9.1 min
episode 640/1013  eps 0.010  train return +206.71%  loss 3.65e-05  maxQ +0.0121  changes   389  9.1 min | val return +6.84% (best +19.93%)
episode 641/1013  eps 0.010  train return  +16.27%  loss 3.18e-05  maxQ +0.0121  changes   368  9.1 min
episode 642/1013  eps 0.010  train return  +76.08%  loss 3.27e-05  maxQ +0.0121  changes   456  9.1 min
episode 643/1013  eps 0.010  train return  +88.07%  loss 3.34e-05  maxQ +0.0127  changes   405  9.1 min
episode 644/1013  eps 0.010  train return  +19.48%  loss 3.21e-05  maxQ +0.0122  changes   349  9.1 min
episode 645/1013  eps 0.010  train return   +1.69%  loss 3.32e-05  maxQ +0.0124  changes   328  9.1 min
episode 646/1013  eps 0.010  train return  +16.37%  loss 3.21e-05  maxQ +0.0123  changes   378  9.2 min
episode 647/1013  eps 0.010  train return +369.07%  loss 3.40e-05  maxQ +0.0125  changes   420  9.2 min
episode 648/1013  eps 0.010  train return +103.07%  loss 3.89e-05  maxQ +0.0129  changes   444  9.2 min
episode 649/1013  eps 0.010  train return +390.43%  loss 3.63e-05  maxQ +0.0138  changes   441  9.2 min
episode 650/1013  eps 0.010  train return  +20.05%  loss 3.60e-05  maxQ +0.0124  changes   338  9.2 min | val return -10.76% (best +19.93%)
episode 651/1013  eps 0.010  train return +195.92%  loss 3.43e-05  maxQ +0.0128  changes   402  9.2 min
episode 652/1013  eps 0.010  train return +153.45%  loss 3.72e-05  maxQ +0.0125  changes   444  9.2 min
episode 653/1013  eps 0.010  train return  +26.42%  loss 3.47e-05  maxQ +0.0125  changes   379  9.3 min
episode 654/1013  eps 0.010  train return  +20.86%  loss 3.29e-05  maxQ +0.0123  changes   342  9.3 min
episode 655/1013  eps 0.010  train return +109.52%  loss 3.63e-05  maxQ +0.0121  changes   458  9.3 min
episode 656/1013  eps 0.010  train return   +9.02%  loss 3.40e-05  maxQ +0.0128  changes   374  9.3 min
episode 657/1013  eps 0.010  train return  +81.21%  loss 3.51e-05  maxQ +0.0128  changes   365  9.3 min
episode 658/1013  eps 0.010  train return  +75.20%  loss 3.42e-05  maxQ +0.0125  changes   361  9.3 min
episode 659/1013  eps 0.010  train return  +49.27%  loss 3.54e-05  maxQ +0.0129  changes   382  9.3 min
episode 660/1013  eps 0.010  train return  +81.58%  loss 3.54e-05  maxQ +0.0127  changes   419  9.4 min | val return -9.79% (best +19.93%)
episode 661/1013  eps 0.010  train return +377.99%  loss 3.72e-05  maxQ +0.0126  changes   414  9.4 min
episode 662/1013  eps 0.010  train return   +8.12%  loss 3.61e-05  maxQ +0.0123  changes   348  9.4 min
episode 663/1013  eps 0.010  train return  +99.63%  loss 3.63e-05  maxQ +0.0123  changes   389  9.4 min
episode 664/1013  eps 0.010  train return +188.09%  loss 3.67e-05  maxQ +0.0121  changes   427  9.4 min
episode 665/1013  eps 0.010  train return  +35.31%  loss 3.81e-05  maxQ +0.0129  changes   361  9.4 min
episode 666/1013  eps 0.010  train return +137.47%  loss 3.79e-05  maxQ +0.0123  changes   427  9.4 min
episode 667/1013  eps 0.010  train return +181.19%  loss 3.78e-05  maxQ +0.0129  changes   396  9.5 min
episode 668/1013  eps 0.010  train return  +30.92%  loss 3.52e-05  maxQ +0.0125  changes   426  9.5 min
episode 669/1013  eps 0.010  train return  +35.93%  loss 3.66e-05  maxQ +0.0127  changes   358  9.5 min
episode 670/1013  eps 0.010  train return  +77.96%  loss 3.74e-05  maxQ +0.0126  changes   391  9.5 min | val return -7.00% (best +19.93%)
episode 671/1013  eps 0.010  train return  +11.84%  loss 3.70e-05  maxQ +0.0126  changes   352  9.5 min
episode 672/1013  eps 0.010  train return +171.04%  loss 3.59e-05  maxQ +0.0123  changes   404  9.5 min
episode 673/1013  eps 0.010  train return  +96.91%  loss 3.68e-05  maxQ +0.0127  changes   378  9.6 min
episode 674/1013  eps 0.010  train return +409.26%  loss 3.95e-05  maxQ +0.0130  changes   383  9.6 min
episode 675/1013  eps 0.010  train return  +18.90%  loss 3.76e-05  maxQ +0.0128  changes   318  9.6 min
episode 676/1013  eps 0.010  train return  +76.73%  loss 3.76e-05  maxQ +0.0127  changes   421  9.6 min
episode 677/1013  eps 0.010  train return +161.19%  loss 3.79e-05  maxQ +0.0127  changes   428  9.6 min
episode 678/1013  eps 0.010  train return +121.24%  loss 3.83e-05  maxQ +0.0128  changes   423  9.6 min
episode 679/1013  eps 0.010  train return  +26.74%  loss 4.02e-05  maxQ +0.0121  changes   396  9.6 min
episode 680/1013  eps 0.010  train return +132.51%  loss 3.64e-05  maxQ +0.0131  changes   404  9.7 min | val return +3.75% (best +19.93%)
episode 681/1013  eps 0.010  train return  +32.81%  loss 3.92e-05  maxQ +0.0130  changes   385  9.7 min
episode 682/1013  eps 0.010  train return  +85.68%  loss 3.70e-05  maxQ +0.0130  changes   388  9.7 min
episode 683/1013  eps 0.010  train return +156.39%  loss 3.88e-05  maxQ +0.0128  changes   432  9.7 min
episode 684/1013  eps 0.010  train return +113.11%  loss 4.20e-05  maxQ +0.0139  changes   418  9.7 min
episode 685/1013  eps 0.010  train return  +52.32%  loss 3.98e-05  maxQ +0.0134  changes   417  9.7 min
episode 686/1013  eps 0.010  train return +240.09%  loss 4.05e-05  maxQ +0.0135  changes   409  9.7 min
episode 687/1013  eps 0.010  train return  +48.06%  loss 4.00e-05  maxQ +0.0136  changes   353  9.8 min
episode 688/1013  eps 0.010  train return  +49.18%  loss 4.11e-05  maxQ +0.0132  changes   416  9.8 min
episode 689/1013  eps 0.010  train return  +92.48%  loss 3.85e-05  maxQ +0.0137  changes   387  9.8 min
episode 690/1013  eps 0.010  train return +138.60%  loss 4.00e-05  maxQ +0.0139  changes   395  9.8 min | val return -12.18% (best +19.93%)
episode 691/1013  eps 0.010  train return   +7.71%  loss 4.03e-05  maxQ +0.0139  changes   322  9.8 min
episode 692/1013  eps 0.010  train return +141.34%  loss 4.08e-05  maxQ +0.0139  changes   420  9.8 min
episode 693/1013  eps 0.010  train return   +1.51%  loss 3.91e-05  maxQ +0.0133  changes   341  9.9 min
episode 694/1013  eps 0.010  train return  +35.28%  loss 3.83e-05  maxQ +0.0133  changes   376  9.9 min
episode 695/1013  eps 0.010  train return  +54.15%  loss 3.79e-05  maxQ +0.0136  changes   425  9.9 min
episode 696/1013  eps 0.010  train return  +58.34%  loss 3.80e-05  maxQ +0.0132  changes   421  9.9 min
episode 697/1013  eps 0.010  train return +472.33%  loss 3.62e-05  maxQ +0.0130  changes   439  9.9 min
episode 698/1013  eps 0.010  train return  +27.43%  loss 3.68e-05  maxQ +0.0130  changes   317  9.9 min
episode 699/1013  eps 0.010  train return +206.86%  loss 3.83e-05  maxQ +0.0130  changes   412  9.9 min
episode 700/1013  eps 0.010  train return  +14.00%  loss 3.84e-05  maxQ +0.0132  changes   349  10.0 min | val return -28.64% (best +19.93%)
episode 701/1013  eps 0.010  train return  +22.34%  loss 3.74e-05  maxQ +0.0131  changes   375  10.0 min
episode 702/1013  eps 0.010  train return +144.46%  loss 3.87e-05  maxQ +0.0132  changes   412  10.0 min
episode 703/1013  eps 0.010  train return  +91.87%  loss 3.85e-05  maxQ +0.0134  changes   430  10.0 min
episode 704/1013  eps 0.010  train return +166.37%  loss 3.76e-05  maxQ +0.0125  changes   419  10.0 min
episode 705/1013  eps 0.010  train return  +32.44%  loss 3.75e-05  maxQ +0.0126  changes   362  10.0 min
episode 706/1013  eps 0.010  train return  +62.53%  loss 3.75e-05  maxQ +0.0123  changes   422  10.1 min
episode 707/1013  eps 0.010  train return  +60.51%  loss 3.77e-05  maxQ +0.0125  changes   372  10.1 min
episode 708/1013  eps 0.010  train return   +2.03%  loss 3.87e-05  maxQ +0.0133  changes   293  10.1 min
episode 709/1013  eps 0.010  train return  +25.30%  loss 3.68e-05  maxQ +0.0132  changes   326  10.1 min
episode 710/1013  eps 0.010  train return  +37.35%  loss 3.68e-05  maxQ +0.0125  changes   357  10.1 min | val return -19.37% (best +19.93%)
episode 711/1013  eps 0.010  train return  +99.10%  loss 3.85e-05  maxQ +0.0127  changes   374  10.1 min
episode 712/1013  eps 0.010  train return  +99.96%  loss 3.72e-05  maxQ +0.0132  changes   395  10.1 min
episode 713/1013  eps 0.010  train return  +76.02%  loss 3.84e-05  maxQ +0.0129  changes   366  10.2 min
episode 714/1013  eps 0.010  train return +168.66%  loss 3.71e-05  maxQ +0.0134  changes   456  10.2 min
episode 715/1013  eps 0.010  train return  +41.83%  loss 3.75e-05  maxQ +0.0133  changes   395  10.2 min
episode 716/1013  eps 0.010  train return +161.74%  loss 3.97e-05  maxQ +0.0135  changes   441  10.2 min
episode 717/1013  eps 0.010  train return +155.14%  loss 3.79e-05  maxQ +0.0138  changes   458  10.2 min
episode 718/1013  eps 0.010  train return  +50.97%  loss 3.69e-05  maxQ +0.0134  changes   368  10.2 min
episode 719/1013  eps 0.010  train return  +54.37%  loss 3.60e-05  maxQ +0.0129  changes   404  10.2 min
episode 720/1013  eps 0.010  train return +134.94%  loss 3.46e-05  maxQ +0.0137  changes   418  10.3 min | val return -9.24% (best +19.93%)
episode 721/1013  eps 0.010  train return  +84.15%  loss 3.55e-05  maxQ +0.0134  changes   428  10.3 min
episode 722/1013  eps 0.010  train return +598.09%  loss 3.65e-05  maxQ +0.0132  changes   451  10.3 min
episode 723/1013  eps 0.010  train return  +25.49%  loss 3.60e-05  maxQ +0.0135  changes   345  10.3 min
episode 724/1013  eps 0.010  train return +178.11%  loss 3.85e-05  maxQ +0.0127  changes   411  10.3 min
episode 725/1013  eps 0.010  train return +166.15%  loss 3.79e-05  maxQ +0.0134  changes   425  10.3 min
episode 726/1013  eps 0.010  train return +129.89%  loss 3.70e-05  maxQ +0.0133  changes   418  10.4 min
episode 727/1013  eps 0.010  train return  +27.72%  loss 3.85e-05  maxQ +0.0142  changes   414  10.4 min
episode 728/1013  eps 0.010  train return  +50.93%  loss 3.70e-05  maxQ +0.0136  changes   399  10.4 min
episode 729/1013  eps 0.010  train return  +28.93%  loss 3.73e-05  maxQ +0.0134  changes   315  10.4 min
episode 730/1013  eps 0.010  train return  +47.59%  loss 3.65e-05  maxQ +0.0135  changes   407  10.4 min | val return +8.06% (best +19.93%)
episode 731/1013  eps 0.010  train return +518.08%  loss 3.93e-05  maxQ +0.0137  changes   440  10.4 min
episode 732/1013  eps 0.010  train return +525.74%  loss 4.11e-05  maxQ +0.0138  changes   457  10.4 min
episode 733/1013  eps 0.010  train return +247.01%  loss 3.71e-05  maxQ +0.0134  changes   442  10.5 min
episode 734/1013  eps 0.010  train return  +11.75%  loss 3.66e-05  maxQ +0.0135  changes   324  10.5 min
episode 735/1013  eps 0.010  train return  +12.24%  loss 3.88e-05  maxQ +0.0137  changes   367  10.5 min
episode 736/1013  eps 0.010  train return +101.60%  loss 3.81e-05  maxQ +0.0136  changes   392  10.5 min
episode 737/1013  eps 0.010  train return  +32.50%  loss 3.73e-05  maxQ +0.0136  changes   367  10.5 min
episode 738/1013  eps 0.010  train return +170.08%  loss 3.76e-05  maxQ +0.0140  changes   405  10.5 min
episode 739/1013  eps 0.010  train return +125.00%  loss 3.77e-05  maxQ +0.0141  changes   414  10.5 min
episode 740/1013  eps 0.010  train return  +16.45%  loss 3.76e-05  maxQ +0.0130  changes   313  10.6 min | val return -10.13% (best +19.93%)
episode 741/1013  eps 0.010  train return  +20.83%  loss 3.73e-05  maxQ +0.0135  changes   337  10.6 min
episode 742/1013  eps 0.010  train return   +5.95%  loss 3.77e-05  maxQ +0.0139  changes   331  10.6 min
episode 743/1013  eps 0.010  train return +144.71%  loss 3.69e-05  maxQ +0.0138  changes   429  10.6 min
episode 744/1013  eps 0.010  train return  +93.75%  loss 3.71e-05  maxQ +0.0136  changes   423  10.6 min
episode 745/1013  eps 0.010  train return  +71.63%  loss 3.71e-05  maxQ +0.0134  changes   449  10.6 min
episode 746/1013  eps 0.010  train return +218.85%  loss 3.69e-05  maxQ +0.0137  changes   437  10.7 min
episode 747/1013  eps 0.010  train return +157.03%  loss 3.88e-05  maxQ +0.0135  changes   432  10.7 min
episode 748/1013  eps 0.010  train return  +41.63%  loss 3.55e-05  maxQ +0.0133  changes   407  10.7 min
episode 749/1013  eps 0.010  train return  +72.49%  loss 3.79e-05  maxQ +0.0130  changes   361  10.7 min
episode 750/1013  eps 0.010  train return  +30.65%  loss 3.52e-05  maxQ +0.0134  changes   321  10.7 min | val return -14.92% (best +19.93%)
episode 751/1013  eps 0.010  train return  +14.27%  loss 3.63e-05  maxQ +0.0136  changes   369  10.7 min
episode 752/1013  eps 0.010  train return +137.32%  loss 3.86e-05  maxQ +0.0144  changes   387  10.8 min
episode 753/1013  eps 0.010  train return  +13.32%  loss 3.78e-05  maxQ +0.0144  changes   372  10.8 min
episode 754/1013  eps 0.010  train return +146.36%  loss 3.92e-05  maxQ +0.0146  changes   413  10.8 min
episode 755/1013  eps 0.010  train return  +22.90%  loss 3.55e-05  maxQ +0.0143  changes   372  10.8 min
episode 756/1013  eps 0.010  train return +121.56%  loss 3.43e-05  maxQ +0.0141  changes   407  10.8 min
episode 757/1013  eps 0.010  train return +173.93%  loss 3.43e-05  maxQ +0.0137  changes   399  10.8 min
episode 758/1013  eps 0.010  train return  +25.45%  loss 3.53e-05  maxQ +0.0131  changes   385  10.8 min
episode 759/1013  eps 0.010  train return +524.67%  loss 3.75e-05  maxQ +0.0132  changes   441  10.9 min
episode 760/1013  eps 0.010  train return +108.09%  loss 3.56e-05  maxQ +0.0131  changes   401  10.9 min | val return +6.24% (best +19.93%)
episode 761/1013  eps 0.010  train return  +31.55%  loss 3.51e-05  maxQ +0.0135  changes   338  10.9 min
episode 762/1013  eps 0.010  train return  +88.07%  loss 3.50e-05  maxQ +0.0132  changes   453  10.9 min
episode 763/1013  eps 0.010  train return  +39.27%  loss 3.57e-05  maxQ +0.0133  changes   390  10.9 min
episode 764/1013  eps 0.010  train return  +29.26%  loss 3.58e-05  maxQ +0.0132  changes   333  10.9 min
episode 765/1013  eps 0.010  train return   +4.30%  loss 3.57e-05  maxQ +0.0139  changes   322  10.9 min
episode 766/1013  eps 0.010  train return  +71.31%  loss 3.75e-05  maxQ +0.0137  changes   415  11.0 min
episode 767/1013  eps 0.010  train return  +41.84%  loss 3.56e-05  maxQ +0.0137  changes   401  11.0 min
episode 768/1013  eps 0.010  train return  +10.69%  loss 3.47e-05  maxQ +0.0130  changes   332  11.0 min
episode 769/1013  eps 0.010  train return +148.19%  loss 3.40e-05  maxQ +0.0134  changes   409  11.0 min
episode 770/1013  eps 0.010  train return  +12.17%  loss 3.51e-05  maxQ +0.0138  changes   311  11.0 min | val return +1.14% (best +19.93%)
episode 771/1013  eps 0.010  train return  +39.03%  loss 3.40e-05  maxQ +0.0135  changes   353  11.0 min
episode 772/1013  eps 0.010  train return  +93.25%  loss 3.47e-05  maxQ +0.0131  changes   396  11.1 min
episode 773/1013  eps 0.010  train return +105.79%  loss 3.48e-05  maxQ +0.0134  changes   359  11.1 min
episode 774/1013  eps 0.010  train return  +60.27%  loss 3.62e-05  maxQ +0.0129  changes   385  11.1 min
episode 775/1013  eps 0.010  train return  +28.69%  loss 3.54e-05  maxQ +0.0131  changes   355  11.1 min
episode 776/1013  eps 0.010  train return  +25.25%  loss 3.59e-05  maxQ +0.0130  changes   410  11.1 min
episode 777/1013  eps 0.010  train return +105.39%  loss 3.44e-05  maxQ +0.0130  changes   452  11.2 min
episode 778/1013  eps 0.010  train return +112.32%  loss 3.55e-05  maxQ +0.0133  changes   419  11.2 min
episode 779/1013  eps 0.010  train return   +8.81%  loss 3.52e-05  maxQ +0.0127  changes   334  11.2 min
episode 780/1013  eps 0.010  train return +276.91%  loss 3.83e-05  maxQ +0.0121  changes   461  11.2 min | val return -5.50% (best +19.93%)
episode 781/1013  eps 0.010  train return  +79.77%  loss 3.83e-05  maxQ +0.0129  changes   420  11.3 min
episode 782/1013  eps 0.010  train return   +9.43%  loss 3.77e-05  maxQ +0.0128  changes   378  11.3 min
episode 783/1013  eps 0.010  train return +141.68%  loss 3.82e-05  maxQ +0.0128  changes   397  11.3 min
episode 784/1013  eps 0.010  train return  +33.87%  loss 3.74e-05  maxQ +0.0129  changes   383  11.3 min
episode 785/1013  eps 0.010  train return +120.41%  loss 3.84e-05  maxQ +0.0130  changes   384  11.3 min
episode 786/1013  eps 0.010  train return  +15.92%  loss 3.54e-05  maxQ +0.0127  changes   334  11.4 min
episode 787/1013  eps 0.010  train return +209.15%  loss 3.44e-05  maxQ +0.0139  changes   411  11.4 min
episode 788/1013  eps 0.010  train return  +84.15%  loss 3.92e-05  maxQ +0.0134  changes   412  11.4 min
episode 789/1013  eps 0.010  train return  +21.10%  loss 4.05e-05  maxQ +0.0127  changes   381  11.4 min
episode 790/1013  eps 0.010  train return  +98.29%  loss 3.55e-05  maxQ +0.0130  changes   395  11.4 min | val return -9.29% (best +19.93%)
episode 791/1013  eps 0.010  train return  +50.41%  loss 3.65e-05  maxQ +0.0128  changes   417  11.5 min
episode 792/1013  eps 0.010  train return   +9.80%  loss 3.46e-05  maxQ +0.0124  changes   332  11.5 min
episode 793/1013  eps 0.010  train return  +24.42%  loss 3.55e-05  maxQ +0.0118  changes   404  11.5 min
episode 794/1013  eps 0.010  train return  +46.15%  loss 3.66e-05  maxQ +0.0127  changes   370  11.5 min
episode 795/1013  eps 0.010  train return +111.94%  loss 3.68e-05  maxQ +0.0131  changes   367  11.5 min
episode 796/1013  eps 0.010  train return  +86.36%  loss 3.40e-05  maxQ +0.0116  changes   385  11.6 min
episode 797/1013  eps 0.010  train return +103.96%  loss 3.55e-05  maxQ +0.0120  changes   435  11.6 min
episode 798/1013  eps 0.010  train return  +26.78%  loss 3.51e-05  maxQ +0.0121  changes   332  11.6 min
episode 799/1013  eps 0.010  train return  +13.69%  loss 3.59e-05  maxQ +0.0119  changes   341  11.6 min
episode 800/1013  eps 0.010  train return  +64.31%  loss 3.49e-05  maxQ +0.0124  changes   381  11.6 min | val return +3.74% (best +19.93%)
episode 801/1013  eps 0.010  train return  +29.49%  loss 3.36e-05  maxQ +0.0118  changes   329  11.6 min
episode 802/1013  eps 0.010  train return +220.60%  loss 3.36e-05  maxQ +0.0115  changes   437  11.7 min
episode 803/1013  eps 0.010  train return +147.82%  loss 3.63e-05  maxQ +0.0114  changes   384  11.7 min
episode 804/1013  eps 0.010  train return +184.40%  loss 3.47e-05  maxQ +0.0113  changes   393  11.7 min
episode 805/1013  eps 0.010  train return  +28.48%  loss 3.35e-05  maxQ +0.0110  changes   359  11.7 min
episode 806/1013  eps 0.010  train return  +53.41%  loss 3.44e-05  maxQ +0.0116  changes   327  11.7 min
episode 807/1013  eps 0.010  train return  +16.39%  loss 3.45e-05  maxQ +0.0115  changes   348  11.7 min
episode 808/1013  eps 0.010  train return +136.41%  loss 3.48e-05  maxQ +0.0124  changes   372  11.8 min
episode 809/1013  eps 0.010  train return  +10.53%  loss 3.44e-05  maxQ +0.0127  changes   343  11.8 min
episode 810/1013  eps 0.010  train return  +61.95%  loss 3.44e-05  maxQ +0.0122  changes   339  11.8 min | val return +1.26% (best +19.93%)
episode 811/1013  eps 0.010  train return +490.61%  loss 3.55e-05  maxQ +0.0121  changes   421  11.8 min
episode 812/1013  eps 0.010  train return  +42.44%  loss 3.77e-05  maxQ +0.0130  changes   355  11.8 min
episode 813/1013  eps 0.010  train return +111.69%  loss 3.38e-05  maxQ +0.0131  changes   424  11.8 min
episode 814/1013  eps 0.010  train return   +8.14%  loss 3.56e-05  maxQ +0.0130  changes   364  11.9 min
episode 815/1013  eps 0.010  train return +250.67%  loss 3.54e-05  maxQ +0.0129  changes   384  11.9 min
episode 816/1013  eps 0.010  train return +159.54%  loss 3.32e-05  maxQ +0.0129  changes   393  11.9 min
episode 817/1013  eps 0.010  train return +125.07%  loss 3.33e-05  maxQ +0.0124  changes   448  11.9 min
episode 818/1013  eps 0.010  train return +173.07%  loss 3.17e-05  maxQ +0.0127  changes   379  11.9 min
episode 819/1013  eps 0.010  train return  +79.32%  loss 3.53e-05  maxQ +0.0126  changes   376  11.9 min
episode 820/1013  eps 0.010  train return +235.15%  loss 3.73e-05  maxQ +0.0132  changes   375  12.0 min | val return -9.90% (best +19.93%)
episode 821/1013  eps 0.010  train return +190.71%  loss 3.72e-05  maxQ +0.0132  changes   385  12.0 min
episode 822/1013  eps 0.010  train return   +1.74%  loss 3.54e-05  maxQ +0.0126  changes   409  12.0 min
episode 823/1013  eps 0.010  train return +149.02%  loss 3.59e-05  maxQ +0.0128  changes   442  12.0 min
episode 824/1013  eps 0.010  train return  +35.44%  loss 3.55e-05  maxQ +0.0133  changes   315  12.0 min
episode 825/1013  eps 0.010  train return  +27.42%  loss 3.94e-05  maxQ +0.0139  changes   342  12.0 min
episode 826/1013  eps 0.010  train return  +60.28%  loss 3.97e-05  maxQ +0.0140  changes   348  12.1 min
episode 827/1013  eps 0.010  train return  +30.67%  loss 3.57e-05  maxQ +0.0135  changes   348  12.1 min
episode 828/1013  eps 0.010  train return +173.88%  loss 3.32e-05  maxQ +0.0131  changes   385  12.1 min
episode 829/1013  eps 0.010  train return  +14.61%  loss 3.39e-05  maxQ +0.0134  changes   326  12.1 min
episode 830/1013  eps 0.010  train return  +14.51%  loss 3.42e-05  maxQ +0.0129  changes   321  12.1 min | val return -22.48% (best +19.93%)
episode 831/1013  eps 0.010  train return  +29.16%  loss 3.34e-05  maxQ +0.0135  changes   336  12.1 min
episode 832/1013  eps 0.010  train return   +6.32%  loss 3.60e-05  maxQ +0.0134  changes   333  12.2 min
episode 833/1013  eps 0.010  train return  +43.13%  loss 3.72e-05  maxQ +0.0133  changes   310  12.2 min
episode 834/1013  eps 0.010  train return +266.12%  loss 3.38e-05  maxQ +0.0131  changes   373  12.2 min
episode 835/1013  eps 0.010  train return  +15.92%  loss 3.34e-05  maxQ +0.0133  changes   327  12.2 min
episode 836/1013  eps 0.010  train return  +16.63%  loss 3.17e-05  maxQ +0.0126  changes   314  12.2 min
episode 837/1013  eps 0.010  train return  +24.42%  loss 3.32e-05  maxQ +0.0132  changes   329  12.2 min
episode 838/1013  eps 0.010  train return +139.13%  loss 3.17e-05  maxQ +0.0125  changes   404  12.3 min
episode 839/1013  eps 0.010  train return  +38.51%  loss 3.64e-05  maxQ +0.0136  changes   383  12.3 min
episode 840/1013  eps 0.010  train return +134.25%  loss 3.45e-05  maxQ +0.0138  changes   449  12.3 min | val return -31.25% (best +19.93%)
episode 841/1013  eps 0.010  train return  +31.02%  loss 3.50e-05  maxQ +0.0133  changes   379  12.3 min
episode 842/1013  eps 0.010  train return  +24.05%  loss 3.45e-05  maxQ +0.0131  changes   354  12.3 min
episode 843/1013  eps 0.010  train return  +32.66%  loss 3.23e-05  maxQ +0.0127  changes   392  12.3 min
episode 844/1013  eps 0.010  train return  +19.67%  loss 3.02e-05  maxQ +0.0123  changes   318  12.4 min
episode 845/1013  eps 0.010  train return  +48.61%  loss 3.25e-05  maxQ +0.0114  changes   373  12.4 min
episode 846/1013  eps 0.010  train return +101.53%  loss 3.20e-05  maxQ +0.0115  changes   390  12.4 min
episode 847/1013  eps 0.010  train return  +30.83%  loss 3.11e-05  maxQ +0.0106  changes   387  12.4 min
episode 848/1013  eps 0.010  train return  +22.67%  loss 3.08e-05  maxQ +0.0107  changes   332  12.4 min
episode 849/1013  eps 0.010  train return  +79.79%  loss 3.08e-05  maxQ +0.0117  changes   374  12.4 min
episode 850/1013  eps 0.010  train return  +22.13%  loss 3.38e-05  maxQ +0.0117  changes   345  12.4 min | val return -12.28% (best +19.93%)
episode 851/1013  eps 0.010  train return  +91.55%  loss 3.38e-05  maxQ +0.0121  changes   410  12.5 min
episode 852/1013  eps 0.010  train return +311.58%  loss 3.39e-05  maxQ +0.0124  changes   439  12.5 min
episode 853/1013  eps 0.010  train return  +31.10%  loss 3.21e-05  maxQ +0.0124  changes   314  12.5 min
episode 854/1013  eps 0.010  train return  +59.57%  loss 3.39e-05  maxQ +0.0133  changes   377  12.5 min
episode 855/1013  eps 0.010  train return  +43.49%  loss 3.16e-05  maxQ +0.0124  changes   384  12.5 min
episode 856/1013  eps 0.010  train return  +74.77%  loss 3.39e-05  maxQ +0.0126  changes   396  12.5 min
episode 857/1013  eps 0.010  train return  +14.47%  loss 3.25e-05  maxQ +0.0126  changes   320  12.6 min
episode 858/1013  eps 0.010  train return  +89.84%  loss 2.99e-05  maxQ +0.0119  changes   343  12.6 min
episode 859/1013  eps 0.010  train return  +67.23%  loss 3.03e-05  maxQ +0.0121  changes   332  12.6 min
episode 860/1013  eps 0.010  train return   +9.50%  loss 2.91e-05  maxQ +0.0120  changes   292  12.6 min | val return -14.97% (best +19.93%)
episode 861/1013  eps 0.010  train return +531.23%  loss 3.01e-05  maxQ +0.0122  changes   415  12.6 min
episode 862/1013  eps 0.010  train return  +17.46%  loss 3.25e-05  maxQ +0.0121  changes   346  12.7 min
episode 863/1013  eps 0.010  train return +225.05%  loss 2.95e-05  maxQ +0.0119  changes   411  12.7 min
episode 864/1013  eps 0.010  train return  +13.41%  loss 3.03e-05  maxQ +0.0117  changes   331  12.7 min
episode 865/1013  eps 0.010  train return +209.02%  loss 2.98e-05  maxQ +0.0126  changes   441  12.7 min
episode 866/1013  eps 0.010  train return +209.82%  loss 3.23e-05  maxQ +0.0120  changes   419  12.7 min
episode 867/1013  eps 0.010  train return  +20.66%  loss 3.15e-05  maxQ +0.0117  changes   301  12.7 min
episode 868/1013  eps 0.010  train return  +39.46%  loss 3.20e-05  maxQ +0.0117  changes   328  12.7 min
episode 869/1013  eps 0.010  train return +220.22%  loss 3.24e-05  maxQ +0.0120  changes   368  12.8 min
episode 870/1013  eps 0.010  train return  +29.48%  loss 3.19e-05  maxQ +0.0122  changes   325  12.8 min | val return -24.99% (best +19.93%)
episode 871/1013  eps 0.010  train return   +6.84%  loss 3.09e-05  maxQ +0.0124  changes   347  12.8 min
episode 872/1013  eps 0.010  train return +491.71%  loss 3.20e-05  maxQ +0.0125  changes   433  12.8 min
episode 873/1013  eps 0.010  train return  +21.59%  loss 3.22e-05  maxQ +0.0127  changes   330  12.8 min
episode 874/1013  eps 0.010  train return +230.79%  loss 3.32e-05  maxQ +0.0130  changes   404  12.9 min
episode 875/1013  eps 0.010  train return  +68.18%  loss 3.24e-05  maxQ +0.0126  changes   368  12.9 min
episode 876/1013  eps 0.010  train return  +61.25%  loss 3.48e-05  maxQ +0.0123  changes   410  12.9 min
episode 877/1013  eps 0.010  train return  +72.84%  loss 3.33e-05  maxQ +0.0119  changes   340  12.9 min
episode 878/1013  eps 0.010  train return  +33.26%  loss 3.14e-05  maxQ +0.0118  changes   351  12.9 min
episode 879/1013  eps 0.010  train return   +0.97%  loss 3.35e-05  maxQ +0.0117  changes   268  12.9 min
episode 880/1013  eps 0.010  train return  +59.93%  loss 3.20e-05  maxQ +0.0119  changes   391  12.9 min | val return -4.27% (best +19.93%)
episode 881/1013  eps 0.010  train return  +30.37%  loss 3.03e-05  maxQ +0.0124  changes   304  13.0 min
episode 882/1013  eps 0.010  train return +351.47%  loss 3.17e-05  maxQ +0.0123  changes   446  13.0 min
episode 883/1013  eps 0.010  train return  +45.71%  loss 3.48e-05  maxQ +0.0130  changes   371  13.0 min
episode 884/1013  eps 0.010  train return   +5.15%  loss 3.83e-05  maxQ +0.0133  changes   273  13.0 min
episode 885/1013  eps 0.010  train return  +81.23%  loss 3.18e-05  maxQ +0.0130  changes   397  13.0 min
episode 886/1013  eps 0.010  train return  +74.76%  loss 3.37e-05  maxQ +0.0133  changes   324  13.0 min
episode 887/1013  eps 0.010  train return  +48.94%  loss 3.38e-05  maxQ +0.0133  changes   430  13.1 min
episode 888/1013  eps 0.010  train return +236.46%  loss 3.14e-05  maxQ +0.0126  changes   401  13.1 min
episode 889/1013  eps 0.010  train return +186.08%  loss 3.31e-05  maxQ +0.0128  changes   427  13.1 min
episode 890/1013  eps 0.010  train return  +62.79%  loss 3.18e-05  maxQ +0.0124  changes   378  13.1 min | val return -11.32% (best +19.93%)
episode 891/1013  eps 0.010  train return  +12.65%  loss 2.89e-05  maxQ +0.0119  changes   304  13.1 min
episode 892/1013  eps 0.010  train return  +13.04%  loss 3.03e-05  maxQ +0.0119  changes   335  13.1 min
episode 893/1013  eps 0.010  train return  +28.10%  loss 3.07e-05  maxQ +0.0119  changes   297  13.2 min
episode 894/1013  eps 0.010  train return  +43.84%  loss 3.08e-05  maxQ +0.0123  changes   394  13.2 min
episode 895/1013  eps 0.010  train return  +36.78%  loss 3.29e-05  maxQ +0.0127  changes   362  13.2 min
episode 896/1013  eps 0.010  train return   +1.55%  loss 3.16e-05  maxQ +0.0121  changes   283  13.2 min
episode 897/1013  eps 0.010  train return +117.03%  loss 3.03e-05  maxQ +0.0116  changes   393  13.2 min
episode 898/1013  eps 0.010  train return  +54.53%  loss 3.08e-05  maxQ +0.0118  changes   348  13.2 min
episode 899/1013  eps 0.010  train return  +45.54%  loss 3.07e-05  maxQ +0.0118  changes   342  13.2 min
episode 900/1013  eps 0.010  train return  +13.13%  loss 2.97e-05  maxQ +0.0114  changes   329  13.3 min | val return -11.36% (best +19.93%)
episode 901/1013  eps 0.010  train return  +24.13%  loss 3.02e-05  maxQ +0.0116  changes   351  13.3 min
episode 902/1013  eps 0.010  train return  +66.91%  loss 3.13e-05  maxQ +0.0119  changes   389  13.3 min
episode 903/1013  eps 0.010  train return  +17.51%  loss 3.00e-05  maxQ +0.0117  changes   282  13.3 min
episode 904/1013  eps 0.010  train return  +98.38%  loss 2.94e-05  maxQ +0.0113  changes   410  13.3 min
episode 905/1013  eps 0.010  train return  +97.76%  loss 2.90e-05  maxQ +0.0113  changes   422  13.4 min
episode 906/1013  eps 0.010  train return  +79.49%  loss 3.11e-05  maxQ +0.0119  changes   428  13.4 min
episode 907/1013  eps 0.010  train return +163.87%  loss 3.46e-05  maxQ +0.0118  changes   404  13.4 min
episode 908/1013  eps 0.010  train return  +70.05%  loss 3.37e-05  maxQ +0.0120  changes   383  13.4 min
episode 909/1013  eps 0.010  train return  +89.51%  loss 3.24e-05  maxQ +0.0123  changes   396  13.4 min
episode 910/1013  eps 0.010  train return  +73.95%  loss 3.30e-05  maxQ +0.0122  changes   377  13.4 min | val return +3.96% (best +19.93%)
episode 911/1013  eps 0.010  train return  +15.29%  loss 2.83e-05  maxQ +0.0118  changes   254  13.5 min
episode 912/1013  eps 0.010  train return +173.33%  loss 3.10e-05  maxQ +0.0116  changes   387  13.5 min
episode 913/1013  eps 0.010  train return  +77.04%  loss 2.93e-05  maxQ +0.0114  changes   355  13.5 min
episode 914/1013  eps 0.010  train return +178.70%  loss 3.38e-05  maxQ +0.0122  changes   417  13.5 min
episode 915/1013  eps 0.010  train return +193.32%  loss 3.11e-05  maxQ +0.0117  changes   421  13.5 min
episode 916/1013  eps 0.010  train return +210.77%  loss 3.33e-05  maxQ +0.0117  changes   413  13.5 min
episode 917/1013  eps 0.010  train return +113.69%  loss 3.47e-05  maxQ +0.0119  changes   404  13.6 min
episode 918/1013  eps 0.010  train return +196.04%  loss 3.49e-05  maxQ +0.0121  changes   432  13.6 min
episode 919/1013  eps 0.010  train return  +41.38%  loss 3.42e-05  maxQ +0.0121  changes   320  13.6 min
episode 920/1013  eps 0.010  train return +109.25%  loss 3.30e-05  maxQ +0.0116  changes   432  13.6 min | val return +1.88% (best +19.93%)
episode 921/1013  eps 0.010  train return  +46.46%  loss 3.14e-05  maxQ +0.0119  changes   345  13.6 min
episode 922/1013  eps 0.010  train return  +20.16%  loss 3.43e-05  maxQ +0.0121  changes   334  13.6 min
episode 923/1013  eps 0.010  train return +117.56%  loss 3.26e-05  maxQ +0.0126  changes   405  13.7 min
episode 924/1013  eps 0.010  train return  +95.13%  loss 3.32e-05  maxQ +0.0123  changes   414  13.7 min
episode 925/1013  eps 0.010  train return +620.05%  loss 3.25e-05  maxQ +0.0123  changes   425  13.7 min
episode 926/1013  eps 0.010  train return +139.55%  loss 3.42e-05  maxQ +0.0127  changes   454  13.7 min
episode 927/1013  eps 0.010  train return +141.94%  loss 3.45e-05  maxQ +0.0130  changes   441  13.7 min
episode 928/1013  eps 0.010  train return  +10.96%  loss 3.28e-05  maxQ +0.0122  changes   375  13.7 min
episode 929/1013  eps 0.010  train return  +27.62%  loss 3.16e-05  maxQ +0.0123  changes   304  13.7 min
episode 930/1013  eps 0.010  train return +632.60%  loss 3.19e-05  maxQ +0.0124  changes   397  13.8 min | val return +12.86% (best +19.93%)
episode 931/1013  eps 0.010  train return  +68.91%  loss 3.31e-05  maxQ +0.0125  changes   345  13.8 min
episode 932/1013  eps 0.010  train return  +72.29%  loss 3.16e-05  maxQ +0.0126  changes   362  13.8 min
episode 933/1013  eps 0.010  train return  +88.26%  loss 3.41e-05  maxQ +0.0132  changes   403  13.8 min
episode 934/1013  eps 0.010  train return  +11.64%  loss 3.34e-05  maxQ +0.0131  changes   340  13.8 min
episode 935/1013  eps 0.010  train return  +81.99%  loss 3.26e-05  maxQ +0.0134  changes   349  13.9 min
episode 936/1013  eps 0.010  train return +224.83%  loss 3.38e-05  maxQ +0.0131  changes   448  13.9 min
episode 937/1013  eps 0.010  train return +208.82%  loss 3.51e-05  maxQ +0.0124  changes   420  13.9 min
episode 938/1013  eps 0.010  train return +308.54%  loss 3.52e-05  maxQ +0.0129  changes   395  13.9 min
episode 939/1013  eps 0.010  train return  +94.45%  loss 3.35e-05  maxQ +0.0133  changes   364  13.9 min
episode 940/1013  eps 0.010  train return +142.73%  loss 3.28e-05  maxQ +0.0128  changes   418  13.9 min | val return +11.75% (best +19.93%)
episode 941/1013  eps 0.010  train return  +47.36%  loss 3.32e-05  maxQ +0.0129  changes   339  14.0 min
episode 942/1013  eps 0.010  train return  +17.40%  loss 3.33e-05  maxQ +0.0131  changes   256  14.0 min
episode 943/1013  eps 0.010  train return  +21.84%  loss 3.13e-05  maxQ +0.0131  changes   271  14.0 min
episode 944/1013  eps 0.010  train return  +22.25%  loss 3.17e-05  maxQ +0.0126  changes   273  14.0 min
episode 945/1013  eps 0.010  train return  +84.88%  loss 3.21e-05  maxQ +0.0130  changes   352  14.0 min
episode 946/1013  eps 0.010  train return +182.18%  loss 3.31e-05  maxQ +0.0130  changes   431  14.0 min
episode 947/1013  eps 0.010  train return  +71.00%  loss 3.23e-05  maxQ +0.0127  changes   365  14.0 min
episode 948/1013  eps 0.010  train return +274.20%  loss 3.22e-05  maxQ +0.0133  changes   432  14.1 min
episode 949/1013  eps 0.010  train return  +19.55%  loss 3.49e-05  maxQ +0.0135  changes   333  14.1 min
episode 950/1013  eps 0.010  train return +154.57%  loss 3.41e-05  maxQ +0.0136  changes   414  14.1 min | val return -1.18% (best +19.93%)
episode 951/1013  eps 0.010  train return  +52.37%  loss 3.44e-05  maxQ +0.0131  changes   359  14.1 min
episode 952/1013  eps 0.010  train return  +88.47%  loss 3.44e-05  maxQ +0.0129  changes   367  14.1 min
episode 953/1013  eps 0.010  train return +209.84%  loss 3.62e-05  maxQ +0.0131  changes   439  14.2 min
episode 954/1013  eps 0.010  train return +177.97%  loss 3.60e-05  maxQ +0.0130  changes   439  14.2 min
episode 955/1013  eps 0.010  train return  +20.38%  loss 3.50e-05  maxQ +0.0128  changes   300  14.2 min
episode 956/1013  eps 0.010  train return   +3.81%  loss 3.39e-05  maxQ +0.0132  changes   293  14.2 min
episode 957/1013  eps 0.010  train return  +63.32%  loss 3.35e-05  maxQ +0.0135  changes   396  14.2 min
episode 958/1013  eps 0.010  train return  +65.93%  loss 3.41e-05  maxQ +0.0134  changes   345  14.2 min
episode 959/1013  eps 0.010  train return +145.73%  loss 3.38e-05  maxQ +0.0132  changes   394  14.2 min
episode 960/1013  eps 0.010  train return  +16.09%  loss 3.35e-05  maxQ +0.0129  changes   323  14.3 min | val return +3.78% (best +19.93%)
episode 961/1013  eps 0.010  train return  +26.10%  loss 3.45e-05  maxQ +0.0132  changes   299  14.3 min
episode 962/1013  eps 0.010  train return  +76.24%  loss 3.38e-05  maxQ +0.0133  changes   370  14.3 min
episode 963/1013  eps 0.010  train return +173.21%  loss 3.31e-05  maxQ +0.0129  changes   406  14.3 min
episode 964/1013  eps 0.010  train return  +85.01%  loss 3.48e-05  maxQ +0.0131  changes   360  14.3 min
episode 965/1013  eps 0.010  train return +104.09%  loss 3.41e-05  maxQ +0.0134  changes   416  14.3 min
episode 966/1013  eps 0.010  train return  +15.48%  loss 3.57e-05  maxQ +0.0132  changes   353  14.4 min
episode 967/1013  eps 0.010  train return  +56.06%  loss 3.36e-05  maxQ +0.0134  changes   370  14.4 min
episode 968/1013  eps 0.010  train return +106.26%  loss 3.35e-05  maxQ +0.0131  changes   395  14.4 min
episode 969/1013  eps 0.010  train return +270.99%  loss 3.35e-05  maxQ +0.0130  changes   434  14.4 min
episode 970/1013  eps 0.010  train return  +27.34%  loss 3.50e-05  maxQ +0.0133  changes   330  14.4 min | val return -5.78% (best +19.93%)
episode 971/1013  eps 0.010  train return  +78.46%  loss 3.40e-05  maxQ +0.0136  changes   385  14.4 min
episode 972/1013  eps 0.010  train return +259.86%  loss 3.62e-05  maxQ +0.0137  changes   439  14.5 min
episode 973/1013  eps 0.010  train return  +24.70%  loss 3.58e-05  maxQ +0.0139  changes   299  14.5 min
episode 974/1013  eps 0.010  train return +227.84%  loss 3.58e-05  maxQ +0.0135  changes   420  14.5 min
episode 975/1013  eps 0.010  train return  +34.81%  loss 3.58e-05  maxQ +0.0138  changes   390  14.5 min
episode 976/1013  eps 0.010  train return  +64.45%  loss 3.80e-05  maxQ +0.0148  changes   386  14.5 min
episode 977/1013  eps 0.010  train return  +28.03%  loss 4.05e-05  maxQ +0.0146  changes   329  14.5 min
episode 978/1013  eps 0.010  train return +210.14%  loss 3.64e-05  maxQ +0.0139  changes   453  14.5 min
episode 979/1013  eps 0.010  train return +567.62%  loss 3.58e-05  maxQ +0.0135  changes   414  14.6 min
episode 980/1013  eps 0.010  train return +387.78%  loss 3.50e-05  maxQ +0.0134  changes   415  14.6 min | val return +6.40% (best +19.93%)
episode 981/1013  eps 0.010  train return +294.37%  loss 3.46e-05  maxQ +0.0134  changes   439  14.6 min
episode 982/1013  eps 0.010  train return +671.83%  loss 3.60e-05  maxQ +0.0134  changes   395  14.6 min
episode 983/1013  eps 0.010  train return +105.17%  loss 3.72e-05  maxQ +0.0140  changes   376  14.6 min
episode 984/1013  eps 0.010  train return +119.27%  loss 3.36e-05  maxQ +0.0139  changes   385  14.6 min
episode 985/1013  eps 0.010  train return +289.31%  loss 3.59e-05  maxQ +0.0141  changes   451  14.7 min
episode 986/1013  eps 0.010  train return +198.01%  loss 3.55e-05  maxQ +0.0139  changes   404  14.7 min
episode 987/1013  eps 0.010  train return   +3.56%  loss 3.66e-05  maxQ +0.0140  changes   420  14.7 min
episode 988/1013  eps 0.010  train return  +33.10%  loss 3.45e-05  maxQ +0.0136  changes   326  14.7 min
episode 989/1013  eps 0.010  train return  +28.77%  loss 3.37e-05  maxQ +0.0130  changes   344  14.7 min
episode 990/1013  eps 0.010  train return  +85.47%  loss 3.43e-05  maxQ +0.0129  changes   385  14.7 min | val return -1.15% (best +19.93%)
episode 991/1013  eps 0.010  train return  +35.64%  loss 3.31e-05  maxQ +0.0128  changes   345  14.8 min
episode 992/1013  eps 0.010  train return  +21.31%  loss 3.62e-05  maxQ +0.0131  changes   380  14.8 min
episode 993/1013  eps 0.010  train return  +22.39%  loss 3.56e-05  maxQ +0.0127  changes   324  14.8 min
episode 994/1013  eps 0.010  train return  +59.37%  loss 3.44e-05  maxQ +0.0127  changes   343  14.8 min
episode 995/1013  eps 0.010  train return  +36.87%  loss 3.43e-05  maxQ +0.0126  changes   358  14.8 min
episode 996/1013  eps 0.010  train return  +76.83%  loss 3.59e-05  maxQ +0.0127  changes   411  14.8 min
episode 997/1013  eps 0.010  train return +130.90%  loss 3.72e-05  maxQ +0.0138  changes   414  14.9 min
episode 998/1013  eps 0.010  train return  +33.99%  loss 3.63e-05  maxQ +0.0137  changes   361  14.9 min
episode 999/1013  eps 0.010  train return  +47.07%  loss 3.67e-05  maxQ +0.0134  changes   363  14.9 min
episode 1000/1013  eps 0.010  train return +161.62%  loss 3.67e-05  maxQ +0.0136  changes   390  14.9 min | val return +6.93% (best +19.93%)
episode 1001/1013  eps 0.010  train return +184.83%  loss 3.71e-05  maxQ +0.0138  changes   388  14.9 min
episode 1002/1013  eps 0.010  train return  +36.19%  loss 3.57e-05  maxQ +0.0135  changes   365  15.0 min
episode 1003/1013  eps 0.010  train return  +59.72%  loss 3.34e-05  maxQ +0.0134  changes   361  15.0 min
episode 1004/1013  eps 0.010  train return  +10.83%  loss 3.44e-05  maxQ +0.0129  changes   361  15.0 min
episode 1005/1013  eps 0.010  train return +125.70%  loss 3.46e-05  maxQ +0.0133  changes   392  15.0 min
episode 1006/1013  eps 0.010  train return  +65.86%  loss 3.29e-05  maxQ +0.0133  changes   316  15.0 min
episode 1007/1013  eps 0.010  train return  +19.88%  loss 3.33e-05  maxQ +0.0136  changes   269  15.0 min
episode 1008/1013  eps 0.010  train return  +54.38%  loss 3.28e-05  maxQ +0.0132  changes   352  15.0 min
episode 1009/1013  eps 0.010  train return +148.03%  loss 3.11e-05  maxQ +0.0129  changes   402  15.1 min
episode 1010/1013  eps 0.010  train return  +12.95%  loss 3.12e-05  maxQ +0.0124  changes   276  15.1 min | val return -11.83% (best +19.93%)
episode 1011/1013  eps 0.010  train return  +33.65%  loss 3.25e-05  maxQ +0.0128  changes   355  15.1 min
episode 1012/1013  eps 0.010  train return +121.69%  loss 3.29e-05  maxQ +0.0124  changes   410  15.1 min
episode 1013/1013  eps 0.010  train return +106.52%  loss 3.30e-05  maxQ +0.0124  changes   413  15.1 min | val return -6.22% (best +19.93%)
model    env  portfolio_return  excess_return  n_changes
 last    val         -0.062356      -0.019738      802.5
 last val_w1         -0.009928       0.016987      422.5
 last val_w2         -0.049111      -0.033678      394.0
 best    val          0.200728       0.243346     1046.3
 best val_w1          0.152857       0.179772      541.3
 best val_w2          0.042415       0.057849      523.0
