Downloaded data: 30,528 candles, 2023-03-25 00:00:00+00:00 to 2026-09-16 23:00:00+00:00; no missing hours
dev_train: 28,152 candles, 2023-04-01 00:00:00+00:00 to 2026-06-16 23:00:00+00:00; no missing hours
val: 1,464 candles, 2026-06-17 00:00:00+00:00 to 2026-08-16 23:00:00+00:00; no missing hours
eval: 744 candles, 2026-08-17 00:00:00+00:00 to 2026-09-16 23:00:00+00:00; no missing hours
episode   1/1013  eps 1.000  train return  -16.38%  loss 3.17e-03  maxQ +0.2580  changes   579  0.0 min
episode   2/1013  eps 0.991  train return   -4.15%  loss 1.51e-03  maxQ +0.2591  changes   594  0.0 min
episode   3/1013  eps 0.982  train return   +7.85%  loss 1.32e-03  maxQ +0.2565  changes   583  0.0 min
episode   4/1013  eps 0.973  train return  -17.76%  loss 1.19e-03  maxQ +0.2554  changes   577  0.1 min
episode   5/1013  eps 0.964  train return  +33.82%  loss 1.02e-03  maxQ +0.2481  changes   579  0.1 min
episode   6/1013  eps 0.955  train return   +4.15%  loss 8.51e-04  maxQ +0.2345  changes   591  0.1 min
episode   7/1013  eps 0.947  train return   +2.58%  loss 6.84e-04  maxQ +0.2223  changes   580  0.1 min
episode   8/1013  eps 0.938  train return  -17.93%  loss 6.85e-04  maxQ +0.2138  changes   584  0.1 min
episode   9/1013  eps 0.929  train return  -24.55%  loss 6.04e-04  maxQ +0.1986  changes   580  0.1 min
episode  10/1013  eps 0.921  train return  -33.30%  loss 5.41e-04  maxQ +0.1846  changes   580  0.1 min | val return -29.87% (best -29.87%)
episode  11/1013  eps 0.913  train return  -14.75%  loss 6.08e-04  maxQ +0.1800  changes   562  0.1 min
episode  12/1013  eps 0.904  train return   -9.63%  loss 5.81e-04  maxQ +0.1672  changes   581  0.2 min
episode  13/1013  eps 0.896  train return   +5.28%  loss 4.32e-04  maxQ +0.1665  changes   583  0.2 min
episode  14/1013  eps 0.888  train return  -10.53%  loss 4.44e-04  maxQ +0.1571  changes   566  0.2 min
episode  15/1013  eps 0.880  train return  -24.87%  loss 3.25e-04  maxQ +0.1464  changes   582  0.2 min
episode  16/1013  eps 0.872  train return  -31.06%  loss 2.99e-04  maxQ +0.1345  changes   567  0.2 min
episode  17/1013  eps 0.864  train return  -20.41%  loss 3.44e-04  maxQ +0.1204  changes   583  0.2 min
episode  18/1013  eps 0.856  train return   +0.27%  loss 2.93e-04  maxQ +0.1194  changes   601  0.2 min
episode  19/1013  eps 0.848  train return  -20.45%  loss 2.78e-04  maxQ +0.1115  changes   576  0.2 min
episode  20/1013  eps 0.841  train return  -22.60%  loss 2.60e-04  maxQ +0.1080  changes   584  0.3 min | val return -22.91% (best -22.91%)
episode  21/1013  eps 0.833  train return   -9.21%  loss 2.33e-04  maxQ +0.1098  changes   575  0.3 min
episode  22/1013  eps 0.825  train return   -3.42%  loss 2.00e-04  maxQ +0.1054  changes   579  0.3 min
episode  23/1013  eps 0.818  train return  -10.69%  loss 1.98e-04  maxQ +0.0970  changes   561  0.3 min
episode  24/1013  eps 0.810  train return  -11.22%  loss 1.62e-04  maxQ +0.0900  changes   584  0.3 min
episode  25/1013  eps 0.803  train return   -5.15%  loss 1.78e-04  maxQ +0.0892  changes   577  0.3 min
episode  26/1013  eps 0.796  train return   -3.84%  loss 1.64e-04  maxQ +0.0829  changes   566  0.3 min
episode  27/1013  eps 0.788  train return   +9.53%  loss 1.34e-04  maxQ +0.0787  changes   568  0.4 min
episode  28/1013  eps 0.781  train return  -12.71%  loss 1.45e-04  maxQ +0.0753  changes   580  0.4 min
episode  29/1013  eps 0.774  train return   -9.58%  loss 1.38e-04  maxQ +0.0715  changes   559  0.4 min
episode  30/1013  eps 0.767  train return   +8.68%  loss 1.03e-04  maxQ +0.0674  changes   576  0.4 min | val return -29.98% (best -22.91%)
episode  31/1013  eps 0.760  train return  -22.06%  loss 1.15e-04  maxQ +0.0669  changes   565  0.4 min
episode  32/1013  eps 0.753  train return  +54.09%  loss 1.12e-04  maxQ +0.0652  changes   568  0.4 min
episode  33/1013  eps 0.746  train return   -8.84%  loss 1.00e-04  maxQ +0.0643  changes   567  0.4 min
episode  34/1013  eps 0.740  train return   -4.91%  loss 1.00e-04  maxQ +0.0606  changes   564  0.5 min
episode  35/1013  eps 0.733  train return   -7.03%  loss 9.76e-05  maxQ +0.0623  changes   544  0.5 min
episode  36/1013  eps 0.726  train return  +11.93%  loss 8.57e-05  maxQ +0.0560  changes   554  0.5 min
episode  37/1013  eps 0.720  train return   +9.65%  loss 8.16e-05  maxQ +0.0548  changes   551  0.5 min
episode  38/1013  eps 0.713  train return   -8.82%  loss 8.18e-05  maxQ +0.0520  changes   554  0.5 min
episode  39/1013  eps 0.707  train return  -15.34%  loss 8.63e-05  maxQ +0.0575  changes   556  0.5 min
episode  40/1013  eps 0.700  train return  -12.83%  loss 1.14e-04  maxQ +0.0566  changes   556  0.5 min | val return -23.59% (best -22.91%)
episode  41/1013  eps 0.694  train return  +17.33%  loss 8.51e-05  maxQ +0.0528  changes   549  0.6 min
episode  42/1013  eps 0.687  train return  -18.74%  loss 8.73e-05  maxQ +0.0537  changes   534  0.6 min
episode  43/1013  eps 0.681  train return   +6.50%  loss 6.99e-05  maxQ +0.0491  changes   552  0.6 min
episode  44/1013  eps 0.675  train return   -0.39%  loss 6.82e-05  maxQ +0.0482  changes   546  0.6 min
episode  45/1013  eps 0.669  train return   +5.14%  loss 8.73e-05  maxQ +0.0441  changes   563  0.6 min
episode  46/1013  eps 0.663  train return  -20.40%  loss 6.67e-05  maxQ +0.0466  changes   539  0.6 min
episode  47/1013  eps 0.657  train return  +10.21%  loss 6.24e-05  maxQ +0.0461  changes   520  0.6 min
episode  48/1013  eps 0.651  train return   +9.57%  loss 7.23e-05  maxQ +0.0436  changes   545  0.6 min
episode  49/1013  eps 0.645  train return   -0.48%  loss 7.85e-05  maxQ +0.0425  changes   564  0.7 min
episode  50/1013  eps 0.639  train return  +25.57%  loss 6.17e-05  maxQ +0.0424  changes   565  0.7 min | val return -25.88% (best -22.91%)
episode  51/1013  eps 0.633  train return   +2.80%  loss 5.87e-05  maxQ +0.0403  changes   535  0.7 min
episode  52/1013  eps 0.627  train return   +7.34%  loss 6.37e-05  maxQ +0.0409  changes   552  0.7 min
episode  53/1013  eps 0.622  train return   -4.56%  loss 6.12e-05  maxQ +0.0395  changes   551  0.7 min
episode  54/1013  eps 0.616  train return   -6.16%  loss 5.95e-05  maxQ +0.0367  changes   539  0.7 min
episode  55/1013  eps 0.610  train return  -15.79%  loss 5.43e-05  maxQ +0.0362  changes   539  0.7 min
episode  56/1013  eps 0.605  train return  -11.81%  loss 6.22e-05  maxQ +0.0352  changes   529  0.8 min
episode  57/1013  eps 0.599  train return  +41.48%  loss 5.74e-05  maxQ +0.0353  changes   555  0.8 min
episode  58/1013  eps 0.594  train return   +9.16%  loss 6.06e-05  maxQ +0.0345  changes   560  0.8 min
episode  59/1013  eps 0.588  train return   -0.35%  loss 7.30e-05  maxQ +0.0360  changes   553  0.8 min
episode  60/1013  eps 0.583  train return  -20.44%  loss 5.52e-05  maxQ +0.0332  changes   534  0.8 min | val return -29.17% (best -22.91%)
episode  61/1013  eps 0.578  train return   -3.11%  loss 5.73e-05  maxQ +0.0324  changes   539  0.8 min
episode  62/1013  eps 0.573  train return  -17.69%  loss 5.46e-05  maxQ +0.0322  changes   566  0.8 min
episode  63/1013  eps 0.567  train return  -17.85%  loss 5.37e-05  maxQ +0.0321  changes   507  0.9 min
episode  64/1013  eps 0.562  train return   +1.61%  loss 5.38e-05  maxQ +0.0311  changes   553  0.9 min
episode  65/1013  eps 0.557  train return   -0.77%  loss 5.25e-05  maxQ +0.0306  changes   561  0.9 min
episode  66/1013  eps 0.552  train return  -12.33%  loss 5.54e-05  maxQ +0.0307  changes   550  0.9 min
episode  67/1013  eps 0.547  train return  +26.38%  loss 5.07e-05  maxQ +0.0301  changes   521  0.9 min
episode  68/1013  eps 0.542  train return  +24.37%  loss 4.55e-05  maxQ +0.0264  changes   547  0.9 min
episode  69/1013  eps 0.537  train return   -3.60%  loss 4.75e-05  maxQ +0.0279  changes   495  0.9 min
episode  70/1013  eps 0.532  train return  +14.87%  loss 4.66e-05  maxQ +0.0266  changes   512  0.9 min | val return -25.37% (best -22.91%)
episode  71/1013  eps 0.527  train return   +4.44%  loss 4.53e-05  maxQ +0.0256  changes   512  1.0 min
episode  72/1013  eps 0.523  train return  -16.19%  loss 5.03e-05  maxQ +0.0236  changes   510  1.0 min
episode  73/1013  eps 0.518  train return   +1.76%  loss 5.03e-05  maxQ +0.0261  changes   492  1.0 min
episode  74/1013  eps 0.513  train return   -0.64%  loss 4.65e-05  maxQ +0.0217  changes   471  1.0 min
episode  75/1013  eps 0.508  train return   -2.78%  loss 4.35e-05  maxQ +0.0223  changes   521  1.0 min
episode  76/1013  eps 0.504  train return  -17.66%  loss 4.62e-05  maxQ +0.0224  changes   520  1.0 min
episode  77/1013  eps 0.499  train return  -15.11%  loss 4.46e-05  maxQ +0.0214  changes   490  1.0 min
episode  78/1013  eps 0.495  train return   -6.20%  loss 4.18e-05  maxQ +0.0218  changes   506  1.1 min
episode  79/1013  eps 0.490  train return  -14.53%  loss 4.09e-05  maxQ +0.0207  changes   502  1.1 min
episode  80/1013  eps 0.486  train return   +2.90%  loss 4.20e-05  maxQ +0.0217  changes   502  1.1 min | val return -17.36% (best -17.36%)
episode  81/1013  eps 0.481  train return  +11.72%  loss 3.92e-05  maxQ +0.0209  changes   482  1.1 min
episode  82/1013  eps 0.477  train return  +24.26%  loss 4.03e-05  maxQ +0.0203  changes   522  1.1 min
episode  83/1013  eps 0.473  train return  +37.67%  loss 4.37e-05  maxQ +0.0194  changes   508  1.1 min
episode  84/1013  eps 0.468  train return   +6.27%  loss 3.96e-05  maxQ +0.0214  changes   491  1.1 min
episode  85/1013  eps 0.464  train return  +17.70%  loss 3.59e-05  maxQ +0.0200  changes   482  1.1 min
episode  86/1013  eps 0.460  train return   +5.14%  loss 3.78e-05  maxQ +0.0193  changes   528  1.2 min
episode  87/1013  eps 0.456  train return  +17.33%  loss 3.92e-05  maxQ +0.0182  changes   497  1.2 min
episode  88/1013  eps 0.451  train return   -7.19%  loss 4.26e-05  maxQ +0.0172  changes   468  1.2 min
episode  89/1013  eps 0.447  train return  -23.54%  loss 3.96e-05  maxQ +0.0212  changes   474  1.2 min
episode  90/1013  eps 0.443  train return   +8.96%  loss 4.83e-05  maxQ +0.0181  changes   467  1.2 min | val return -27.99% (best -17.36%)
episode  91/1013  eps 0.439  train return   +4.19%  loss 4.11e-05  maxQ +0.0198  changes   473  1.2 min
episode  92/1013  eps 0.435  train return   -7.98%  loss 4.13e-05  maxQ +0.0188  changes   490  1.2 min
episode  93/1013  eps 0.431  train return   +9.70%  loss 3.97e-05  maxQ +0.0191  changes   495  1.3 min
episode  94/1013  eps 0.427  train return  +90.27%  loss 3.97e-05  maxQ +0.0183  changes   486  1.3 min
episode  95/1013  eps 0.423  train return   -0.42%  loss 3.56e-05  maxQ +0.0172  changes   490  1.3 min
episode  96/1013  eps 0.420  train return   -4.23%  loss 3.92e-05  maxQ +0.0169  changes   453  1.3 min
episode  97/1013  eps 0.416  train return   -3.96%  loss 3.91e-05  maxQ +0.0179  changes   482  1.3 min
episode  98/1013  eps 0.412  train return  -10.61%  loss 3.87e-05  maxQ +0.0176  changes   445  1.3 min
episode  99/1013  eps 0.408  train return  +39.59%  loss 3.70e-05  maxQ +0.0168  changes   489  1.3 min
episode 100/1013  eps 0.405  train return   -7.95%  loss 4.01e-05  maxQ +0.0173  changes   456  1.3 min | val return -4.64% (best -4.64%)
episode 101/1013  eps 0.401  train return  +13.40%  loss 4.00e-05  maxQ +0.0170  changes   449  1.4 min
episode 102/1013  eps 0.397  train return  -14.83%  loss 3.82e-05  maxQ +0.0172  changes   444  1.4 min
episode 103/1013  eps 0.394  train return  +39.50%  loss 4.02e-05  maxQ +0.0171  changes   498  1.4 min
episode 104/1013  eps 0.390  train return   -0.72%  loss 3.97e-05  maxQ +0.0162  changes   454  1.4 min
episode 105/1013  eps 0.386  train return   +2.88%  loss 3.74e-05  maxQ +0.0147  changes   449  1.4 min
episode 106/1013  eps 0.383  train return  +16.06%  loss 3.67e-05  maxQ +0.0149  changes   474  1.4 min
episode 107/1013  eps 0.379  train return   -7.94%  loss 3.88e-05  maxQ +0.0162  changes   460  1.4 min
episode 108/1013  eps 0.376  train return  +32.18%  loss 4.24e-05  maxQ +0.0153  changes   485  1.5 min
episode 109/1013  eps 0.373  train return  +47.76%  loss 4.49e-05  maxQ +0.0155  changes   501  1.5 min
episode 110/1013  eps 0.369  train return  -27.65%  loss 4.20e-05  maxQ +0.0138  changes   456  1.5 min | val return +1.49% (best +1.49%)
episode 111/1013  eps 0.366  train return  +38.22%  loss 4.27e-05  maxQ +0.0163  changes   437  1.5 min
episode 112/1013  eps 0.363  train return  +31.94%  loss 4.17e-05  maxQ +0.0162  changes   452  1.5 min
episode 113/1013  eps 0.359  train return  +49.39%  loss 4.36e-05  maxQ +0.0159  changes   457  1.5 min
episode 114/1013  eps 0.356  train return   +1.77%  loss 4.22e-05  maxQ +0.0153  changes   466  1.5 min
episode 115/1013  eps 0.353  train return   +1.12%  loss 4.52e-05  maxQ +0.0164  changes   432  1.6 min
episode 116/1013  eps 0.349  train return  +46.76%  loss 4.85e-05  maxQ +0.0146  changes   458  1.6 min
episode 117/1013  eps 0.346  train return   -2.39%  loss 5.02e-05  maxQ +0.0131  changes   443  1.6 min
episode 118/1013  eps 0.343  train return  +17.61%  loss 4.85e-05  maxQ +0.0140  changes   449  1.6 min
episode 119/1013  eps 0.340  train return  +38.39%  loss 4.35e-05  maxQ +0.0143  changes   457  1.6 min
episode 120/1013  eps 0.337  train return   -5.05%  loss 4.24e-05  maxQ +0.0142  changes   413  1.6 min | val return -27.89% (best +1.49%)
episode 121/1013  eps 0.334  train return +102.83%  loss 4.48e-05  maxQ +0.0128  changes   474  1.6 min
episode 122/1013  eps 0.331  train return  +77.25%  loss 4.87e-05  maxQ +0.0132  changes   457  1.7 min
episode 123/1013  eps 0.328  train return  -20.38%  loss 4.61e-05  maxQ +0.0136  changes   441  1.7 min
episode 124/1013  eps 0.325  train return  +15.96%  loss 4.58e-05  maxQ +0.0146  changes   408  1.7 min
episode 125/1013  eps 0.322  train return  -11.32%  loss 4.61e-05  maxQ +0.0140  changes   423  1.7 min
episode 126/1013  eps 0.319  train return  -17.74%  loss 4.72e-05  maxQ +0.0158  changes   464  1.7 min
episode 127/1013  eps 0.316  train return   -9.72%  loss 4.46e-05  maxQ +0.0146  changes   452  1.7 min
episode 128/1013  eps 0.313  train return  +31.57%  loss 4.37e-05  maxQ +0.0148  changes   430  1.7 min
episode 129/1013  eps 0.310  train return  +25.64%  loss 4.47e-05  maxQ +0.0147  changes   415  1.7 min
episode 130/1013  eps 0.308  train return  +13.94%  loss 4.65e-05  maxQ +0.0162  changes   395  1.8 min | val return -10.66% (best +1.49%)
episode 131/1013  eps 0.305  train return   +3.81%  loss 4.24e-05  maxQ +0.0153  changes   395  1.8 min
episode 132/1013  eps 0.302  train return  -26.75%  loss 4.53e-05  maxQ +0.0156  changes   437  1.8 min
episode 133/1013  eps 0.299  train return +133.66%  loss 4.44e-05  maxQ +0.0152  changes   464  1.8 min
episode 134/1013  eps 0.296  train return   +3.67%  loss 4.66e-05  maxQ +0.0149  changes   425  1.8 min
episode 135/1013  eps 0.294  train return   -2.36%  loss 4.62e-05  maxQ +0.0153  changes   418  1.8 min
episode 136/1013  eps 0.291  train return  +53.58%  loss 4.29e-05  maxQ +0.0148  changes   430  1.8 min
episode 137/1013  eps 0.288  train return   -0.60%  loss 4.54e-05  maxQ +0.0159  changes   385  1.9 min
episode 138/1013  eps 0.286  train return  +12.72%  loss 4.47e-05  maxQ +0.0139  changes   394  1.9 min
episode 139/1013  eps 0.283  train return   -2.54%  loss 4.47e-05  maxQ +0.0147  changes   428  1.9 min
episode 140/1013  eps 0.281  train return  +19.01%  loss 4.04e-05  maxQ +0.0155  changes   427  1.9 min | val return -14.40% (best +1.49%)
episode 141/1013  eps 0.278  train return  +58.19%  loss 3.81e-05  maxQ +0.0146  changes   458  1.9 min
episode 142/1013  eps 0.276  train return  +50.68%  loss 4.05e-05  maxQ +0.0138  changes   423  1.9 min
episode 143/1013  eps 0.273  train return   -8.29%  loss 4.17e-05  maxQ +0.0132  changes   390  2.0 min
episode 144/1013  eps 0.271  train return  +18.60%  loss 4.34e-05  maxQ +0.0134  changes   434  2.0 min
episode 145/1013  eps 0.268  train return  +17.59%  loss 5.11e-05  maxQ +0.0131  changes   395  2.0 min
episode 146/1013  eps 0.266  train return  +27.71%  loss 5.17e-05  maxQ +0.0125  changes   420  2.0 min
episode 147/1013  eps 0.263  train return   -7.23%  loss 4.80e-05  maxQ +0.0134  changes   434  2.0 min
episode 148/1013  eps 0.261  train return  +13.63%  loss 5.38e-05  maxQ +0.0142  changes   415  2.0 min
episode 149/1013  eps 0.258  train return   -3.33%  loss 5.22e-05  maxQ +0.0141  changes   398  2.0 min
episode 150/1013  eps 0.256  train return   +1.47%  loss 5.32e-05  maxQ +0.0137  changes   381  2.0 min | val return -21.77% (best +1.49%)
episode 151/1013  eps 0.254  train return  +25.89%  loss 4.52e-05  maxQ +0.0125  changes   410  2.1 min
episode 152/1013  eps 0.251  train return   -5.98%  loss 4.50e-05  maxQ +0.0118  changes   448  2.1 min
episode 153/1013  eps 0.249  train return  +46.95%  loss 4.41e-05  maxQ +0.0123  changes   419  2.1 min
episode 154/1013  eps 0.247  train return  +12.87%  loss 4.44e-05  maxQ +0.0137  changes   405  2.1 min
episode 155/1013  eps 0.245  train return   -2.88%  loss 4.20e-05  maxQ +0.0125  changes   419  2.1 min
episode 156/1013  eps 0.242  train return  +55.98%  loss 4.24e-05  maxQ +0.0147  changes   366  2.1 min
episode 157/1013  eps 0.240  train return   +9.07%  loss 4.40e-05  maxQ +0.0148  changes   388  2.1 min
episode 158/1013  eps 0.238  train return   -4.43%  loss 4.57e-05  maxQ +0.0139  changes   340  2.1 min
episode 159/1013  eps 0.236  train return   -0.95%  loss 4.74e-05  maxQ +0.0158  changes   377  2.2 min
episode 160/1013  eps 0.234  train return  +13.00%  loss 4.43e-05  maxQ +0.0145  changes   422  2.2 min | val return -43.19% (best +1.49%)
episode 161/1013  eps 0.232  train return  +63.60%  loss 4.28e-05  maxQ +0.0140  changes   431  2.2 min
episode 162/1013  eps 0.230  train return  +27.35%  loss 4.69e-05  maxQ +0.0145  changes   412  2.2 min
episode 163/1013  eps 0.227  train return  +14.50%  loss 4.69e-05  maxQ +0.0139  changes   407  2.2 min
episode 164/1013  eps 0.225  train return  -21.01%  loss 4.22e-05  maxQ +0.0130  changes   444  2.2 min
episode 165/1013  eps 0.223  train return  -10.60%  loss 4.55e-05  maxQ +0.0131  changes   416  2.3 min
episode 166/1013  eps 0.221  train return  +10.01%  loss 4.62e-05  maxQ +0.0141  changes   402  2.3 min
episode 167/1013  eps 0.219  train return  +22.41%  loss 4.62e-05  maxQ +0.0145  changes   393  2.3 min
episode 168/1013  eps 0.217  train return  +28.14%  loss 4.13e-05  maxQ +0.0145  changes   416  2.3 min
episode 169/1013  eps 0.215  train return  +73.02%  loss 4.55e-05  maxQ +0.0154  changes   429  2.3 min
episode 170/1013  eps 0.213  train return   -7.28%  loss 4.62e-05  maxQ +0.0152  changes   416  2.3 min | val return -16.26% (best +1.49%)
episode 171/1013  eps 0.211  train return   +8.28%  loss 4.40e-05  maxQ +0.0125  changes   406  2.3 min
episode 172/1013  eps 0.209  train return   -7.04%  loss 4.30e-05  maxQ +0.0127  changes   409  2.4 min
episode 173/1013  eps 0.208  train return  +11.48%  loss 4.34e-05  maxQ +0.0133  changes   398  2.4 min
episode 174/1013  eps 0.206  train return   +0.15%  loss 4.58e-05  maxQ +0.0127  changes   364  2.4 min
episode 175/1013  eps 0.204  train return  +45.25%  loss 4.45e-05  maxQ +0.0120  changes   436  2.4 min
episode 176/1013  eps 0.202  train return   +7.57%  loss 4.42e-05  maxQ +0.0137  changes   400  2.4 min
episode 177/1013  eps 0.200  train return  +25.58%  loss 4.48e-05  maxQ +0.0125  changes   374  2.4 min
episode 178/1013  eps 0.198  train return   +4.33%  loss 4.61e-05  maxQ +0.0118  changes   397  2.4 min
episode 179/1013  eps 0.196  train return  +11.79%  loss 4.43e-05  maxQ +0.0118  changes   391  2.4 min
episode 180/1013  eps 0.195  train return  +14.70%  loss 4.21e-05  maxQ +0.0117  changes   417  2.5 min | val return +27.34% (best +27.34%)
episode 181/1013  eps 0.193  train return   +3.81%  loss 4.06e-05  maxQ +0.0112  changes   366  2.5 min
episode 182/1013  eps 0.191  train return   +5.08%  loss 4.49e-05  maxQ +0.0122  changes   353  2.5 min
episode 183/1013  eps 0.189  train return   -1.66%  loss 4.40e-05  maxQ +0.0123  changes   315  2.5 min
episode 184/1013  eps 0.188  train return +174.84%  loss 4.05e-05  maxQ +0.0124  changes   415  2.5 min
episode 185/1013  eps 0.186  train return   +4.91%  loss 4.08e-05  maxQ +0.0111  changes   411  2.5 min
episode 186/1013  eps 0.184  train return   -4.42%  loss 3.71e-05  maxQ +0.0111  changes   359  2.5 min
episode 187/1013  eps 0.183  train return  +29.02%  loss 3.97e-05  maxQ +0.0122  changes   375  2.6 min
episode 188/1013  eps 0.181  train return   +7.14%  loss 3.91e-05  maxQ +0.0122  changes   368  2.6 min
episode 189/1013  eps 0.179  train return  +14.48%  loss 4.22e-05  maxQ +0.0118  changes   392  2.6 min
episode 190/1013  eps 0.178  train return  -19.72%  loss 3.73e-05  maxQ +0.0127  changes   393  2.6 min | val return -5.94% (best +27.34%)
episode 191/1013  eps 0.176  train return  +22.26%  loss 3.99e-05  maxQ +0.0132  changes   376  2.6 min
episode 192/1013  eps 0.174  train return  -12.14%  loss 3.84e-05  maxQ +0.0128  changes   356  2.6 min
episode 193/1013  eps 0.173  train return  +49.73%  loss 4.14e-05  maxQ +0.0124  changes   378  2.6 min
episode 194/1013  eps 0.171  train return   -7.83%  loss 3.91e-05  maxQ +0.0116  changes   405  2.7 min
episode 195/1013  eps 0.170  train return   +8.86%  loss 4.24e-05  maxQ +0.0119  changes   415  2.7 min
episode 196/1013  eps 0.168  train return  +69.56%  loss 4.17e-05  maxQ +0.0123  changes   400  2.7 min
episode 197/1013  eps 0.167  train return +127.12%  loss 4.17e-05  maxQ +0.0127  changes   424  2.7 min
episode 198/1013  eps 0.165  train return   +9.18%  loss 4.42e-05  maxQ +0.0125  changes   356  2.7 min
episode 199/1013  eps 0.164  train return   -1.95%  loss 3.68e-05  maxQ +0.0124  changes   424  2.7 min
episode 200/1013  eps 0.162  train return  +45.09%  loss 3.65e-05  maxQ +0.0113  changes   425  2.7 min | val return -1.29% (best +27.34%)
episode 201/1013  eps 0.161  train return  +49.85%  loss 3.68e-05  maxQ +0.0109  changes   352  2.8 min
episode 202/1013  eps 0.159  train return  +25.90%  loss 3.81e-05  maxQ +0.0115  changes   418  2.8 min
episode 203/1013  eps 0.158  train return   +2.04%  loss 3.74e-05  maxQ +0.0125  changes   382  2.8 min
episode 204/1013  eps 0.156  train return   +2.15%  loss 3.98e-05  maxQ +0.0106  changes   350  2.8 min
episode 205/1013  eps 0.155  train return  -17.82%  loss 3.60e-05  maxQ +0.0100  changes   409  2.8 min
episode 206/1013  eps 0.154  train return  +12.87%  loss 3.54e-05  maxQ +0.0107  changes   371  2.8 min
episode 207/1013  eps 0.152  train return  +79.54%  loss 3.73e-05  maxQ +0.0118  changes   378  2.8 min
episode 208/1013  eps 0.151  train return  +86.81%  loss 3.68e-05  maxQ +0.0110  changes   368  2.8 min
episode 209/1013  eps 0.149  train return  +15.81%  loss 3.80e-05  maxQ +0.0120  changes   363  2.9 min
episode 210/1013  eps 0.148  train return  -15.82%  loss 4.03e-05  maxQ +0.0114  changes   335  2.9 min | val return -1.87% (best +27.34%)
episode 211/1013  eps 0.147  train return   +6.34%  loss 4.02e-05  maxQ +0.0129  changes   338  2.9 min
episode 212/1013  eps 0.145  train return +198.86%  loss 3.74e-05  maxQ +0.0104  changes   428  2.9 min
episode 213/1013  eps 0.144  train return  +15.10%  loss 3.96e-05  maxQ +0.0113  changes   409  2.9 min
episode 214/1013  eps 0.143  train return  +27.51%  loss 3.81e-05  maxQ +0.0100  changes   390  2.9 min
episode 215/1013  eps 0.141  train return  +49.09%  loss 4.06e-05  maxQ +0.0100  changes   411  2.9 min
episode 216/1013  eps 0.140  train return  +37.72%  loss 3.95e-05  maxQ +0.0093  changes   413  3.0 min
episode 217/1013  eps 0.139  train return  +52.48%  loss 3.61e-05  maxQ +0.0094  changes   386  3.0 min
episode 218/1013  eps 0.138  train return  +28.53%  loss 3.83e-05  maxQ +0.0108  changes   427  3.0 min
episode 219/1013  eps 0.136  train return  +59.58%  loss 4.07e-05  maxQ +0.0120  changes   417  3.0 min
episode 220/1013  eps 0.135  train return   +5.13%  loss 4.13e-05  maxQ +0.0115  changes   394  3.0 min | val return -13.52% (best +27.34%)
episode 221/1013  eps 0.134  train return   +7.33%  loss 4.41e-05  maxQ +0.0115  changes   322  3.0 min
episode 222/1013  eps 0.133  train return  +11.83%  loss 4.44e-05  maxQ +0.0118  changes   330  3.1 min
episode 223/1013  eps 0.131  train return  +14.49%  loss 3.97e-05  maxQ +0.0122  changes   342  3.1 min
episode 224/1013  eps 0.130  train return   -8.11%  loss 3.82e-05  maxQ +0.0123  changes   373  3.1 min
episode 225/1013  eps 0.129  train return  +18.92%  loss 4.14e-05  maxQ +0.0118  changes   360  3.1 min
episode 226/1013  eps 0.128  train return  +23.99%  loss 4.37e-05  maxQ +0.0132  changes   386  3.1 min
episode 227/1013  eps 0.127  train return  -13.99%  loss 4.51e-05  maxQ +0.0137  changes   313  3.1 min
episode 228/1013  eps 0.126  train return   +1.81%  loss 4.28e-05  maxQ +0.0138  changes   345  3.1 min
episode 229/1013  eps 0.124  train return  +23.01%  loss 4.39e-05  maxQ +0.0132  changes   421  3.1 min
episode 230/1013  eps 0.123  train return   +9.12%  loss 3.92e-05  maxQ +0.0122  changes   358  3.2 min | val return -5.62% (best +27.34%)
episode 231/1013  eps 0.122  train return  +10.23%  loss 3.97e-05  maxQ +0.0118  changes   359  3.2 min
episode 232/1013  eps 0.121  train return  +34.38%  loss 4.37e-05  maxQ +0.0127  changes   367  3.2 min
episode 233/1013  eps 0.120  train return  +65.32%  loss 4.00e-05  maxQ +0.0131  changes   397  3.2 min
episode 234/1013  eps 0.119  train return  +32.46%  loss 3.60e-05  maxQ +0.0119  changes   365  3.2 min
episode 235/1013  eps 0.118  train return   -9.79%  loss 3.51e-05  maxQ +0.0117  changes   335  3.2 min
episode 236/1013  eps 0.117  train return  -12.61%  loss 3.85e-05  maxQ +0.0119  changes   281  3.2 min
episode 237/1013  eps 0.116  train return   -8.64%  loss 4.19e-05  maxQ +0.0122  changes   352  3.3 min
episode 238/1013  eps 0.115  train return  -14.05%  loss 3.80e-05  maxQ +0.0123  changes   334  3.3 min
episode 239/1013  eps 0.114  train return  +83.64%  loss 4.01e-05  maxQ +0.0127  changes   367  3.3 min
episode 240/1013  eps 0.112  train return  +29.91%  loss 4.25e-05  maxQ +0.0122  changes   377  3.3 min | val return -12.82% (best +27.34%)
episode 241/1013  eps 0.111  train return  +70.92%  loss 4.07e-05  maxQ +0.0120  changes   400  3.3 min
episode 242/1013  eps 0.110  train return  +35.24%  loss 4.12e-05  maxQ +0.0117  changes   364  3.3 min
episode 243/1013  eps 0.109  train return  +57.45%  loss 4.05e-05  maxQ +0.0128  changes   343  3.3 min
episode 244/1013  eps 0.108  train return  +13.71%  loss 4.02e-05  maxQ +0.0117  changes   354  3.4 min
episode 245/1013  eps 0.107  train return  +25.30%  loss 3.99e-05  maxQ +0.0123  changes   323  3.4 min
episode 246/1013  eps 0.106  train return  +66.51%  loss 3.54e-05  maxQ +0.0116  changes   402  3.4 min
episode 247/1013  eps 0.106  train return  +47.99%  loss 4.37e-05  maxQ +0.0117  changes   439  3.4 min
episode 248/1013  eps 0.105  train return  +39.27%  loss 4.05e-05  maxQ +0.0120  changes   415  3.4 min
episode 249/1013  eps 0.104  train return  +21.66%  loss 4.22e-05  maxQ +0.0118  changes   388  3.4 min
episode 250/1013  eps 0.103  train return +200.60%  loss 4.35e-05  maxQ +0.0130  changes   409  3.4 min | val return -26.48% (best +27.34%)
episode 251/1013  eps 0.102  train return  +34.24%  loss 4.48e-05  maxQ +0.0135  changes   418  3.5 min
episode 252/1013  eps 0.101  train return   -0.07%  loss 4.27e-05  maxQ +0.0126  changes   303  3.5 min
episode 253/1013  eps 0.100  train return  +31.13%  loss 4.02e-05  maxQ +0.0122  changes   349  3.5 min
episode 254/1013  eps 0.099  train return +171.32%  loss 4.50e-05  maxQ +0.0127  changes   412  3.5 min
episode 255/1013  eps 0.098  train return   +8.73%  loss 4.20e-05  maxQ +0.0124  changes   365  3.5 min
episode 256/1013  eps 0.097  train return  -12.41%  loss 4.03e-05  maxQ +0.0114  changes   263  3.5 min
episode 257/1013  eps 0.096  train return  +21.50%  loss 4.00e-05  maxQ +0.0114  changes   362  3.5 min
episode 258/1013  eps 0.095  train return   +7.25%  loss 4.70e-05  maxQ +0.0121  changes   330  3.5 min
episode 259/1013  eps 0.095  train return  +20.11%  loss 4.27e-05  maxQ +0.0116  changes   356  3.6 min
episode 260/1013  eps 0.094  train return  +10.83%  loss 4.42e-05  maxQ +0.0122  changes   305  3.6 min | val return -15.01% (best +27.34%)
episode 261/1013  eps 0.093  train return  +32.44%  loss 4.28e-05  maxQ +0.0120  changes   326  3.6 min
episode 262/1013  eps 0.092  train return  +61.77%  loss 4.21e-05  maxQ +0.0124  changes   337  3.6 min
episode 263/1013  eps 0.091  train return  +30.53%  loss 4.53e-05  maxQ +0.0117  changes   343  3.6 min
episode 264/1013  eps 0.090  train return  +50.11%  loss 4.71e-05  maxQ +0.0124  changes   362  3.6 min
episode 265/1013  eps 0.090  train return  +20.63%  loss 4.65e-05  maxQ +0.0116  changes   349  3.6 min
episode 266/1013  eps 0.089  train return  -18.52%  loss 4.41e-05  maxQ +0.0121  changes   317  3.7 min
episode 267/1013  eps 0.088  train return  +12.03%  loss 4.43e-05  maxQ +0.0126  changes   352  3.7 min
episode 268/1013  eps 0.087  train return  +11.25%  loss 4.63e-05  maxQ +0.0127  changes   355  3.7 min
episode 269/1013  eps 0.086  train return   -0.94%  loss 4.45e-05  maxQ +0.0137  changes   377  3.7 min
episode 270/1013  eps 0.086  train return  +15.83%  loss 4.53e-05  maxQ +0.0125  changes   324  3.7 min | val return -2.78% (best +27.34%)
episode 271/1013  eps 0.085  train return  +78.59%  loss 4.17e-05  maxQ +0.0115  changes   387  3.7 min
episode 272/1013  eps 0.084  train return  +18.70%  loss 4.10e-05  maxQ +0.0118  changes   377  3.7 min
episode 273/1013  eps 0.083  train return  +53.28%  loss 4.39e-05  maxQ +0.0119  changes   315  3.8 min
episode 274/1013  eps 0.082  train return   +3.76%  loss 4.55e-05  maxQ +0.0119  changes   346  3.8 min
episode 275/1013  eps 0.082  train return +104.16%  loss 4.02e-05  maxQ +0.0118  changes   417  3.8 min
episode 276/1013  eps 0.081  train return +118.21%  loss 4.36e-05  maxQ +0.0118  changes   423  3.8 min
episode 277/1013  eps 0.080  train return   +4.12%  loss 4.35e-05  maxQ +0.0130  changes   352  3.8 min
episode 278/1013  eps 0.079  train return  +91.16%  loss 4.38e-05  maxQ +0.0120  changes   417  3.8 min
episode 279/1013  eps 0.079  train return  +25.44%  loss 4.35e-05  maxQ +0.0127  changes   321  3.8 min
episode 280/1013  eps 0.078  train return  +25.77%  loss 4.52e-05  maxQ +0.0127  changes   336  3.8 min | val return -20.50% (best +27.34%)
episode 281/1013  eps 0.077  train return  +18.11%  loss 4.36e-05  maxQ +0.0129  changes   346  3.9 min
episode 282/1013  eps 0.077  train return  +32.24%  loss 4.04e-05  maxQ +0.0130  changes   400  3.9 min
episode 283/1013  eps 0.076  train return  +82.24%  loss 4.16e-05  maxQ +0.0124  changes   351  3.9 min
episode 284/1013  eps 0.075  train return  +45.37%  loss 4.16e-05  maxQ +0.0117  changes   348  3.9 min
episode 285/1013  eps 0.075  train return  +64.63%  loss 4.06e-05  maxQ +0.0120  changes   334  3.9 min
episode 286/1013  eps 0.074  train return  +22.80%  loss 4.16e-05  maxQ +0.0117  changes   373  3.9 min
episode 287/1013  eps 0.073  train return   -7.99%  loss 3.98e-05  maxQ +0.0116  changes   330  3.9 min
episode 288/1013  eps 0.073  train return   +9.35%  loss 4.09e-05  maxQ +0.0120  changes   354  4.0 min
episode 289/1013  eps 0.072  train return   +4.50%  loss 4.13e-05  maxQ +0.0116  changes   352  4.0 min
episode 290/1013  eps 0.071  train return   -4.69%  loss 3.60e-05  maxQ +0.0117  changes   377  4.0 min | val return -0.26% (best +27.34%)
episode 291/1013  eps 0.071  train return  +33.92%  loss 3.89e-05  maxQ +0.0114  changes   365  4.0 min
episode 292/1013  eps 0.070  train return  +65.00%  loss 3.91e-05  maxQ +0.0110  changes   380  4.0 min
episode 293/1013  eps 0.069  train return  +67.43%  loss 4.13e-05  maxQ +0.0109  changes   440  4.0 min
episode 294/1013  eps 0.069  train return  -12.35%  loss 4.62e-05  maxQ +0.0112  changes   290  4.1 min
episode 295/1013  eps 0.068  train return  +69.52%  loss 4.39e-05  maxQ +0.0111  changes   390  4.1 min
episode 296/1013  eps 0.067  train return   +6.57%  loss 4.48e-05  maxQ +0.0134  changes   425  4.1 min
episode 297/1013  eps 0.067  train return  +11.89%  loss 4.60e-05  maxQ +0.0127  changes   424  4.1 min
episode 298/1013  eps 0.066  train return   +7.13%  loss 4.62e-05  maxQ +0.0127  changes   339  4.1 min
episode 299/1013  eps 0.066  train return  +23.49%  loss 4.02e-05  maxQ +0.0120  changes   335  4.1 min
episode 300/1013  eps 0.065  train return   +1.52%  loss 3.85e-05  maxQ +0.0116  changes   277  4.1 min | val return -12.70% (best +27.34%)
episode 301/1013  eps 0.064  train return  +35.37%  loss 3.99e-05  maxQ +0.0126  changes   358  4.2 min
episode 302/1013  eps 0.064  train return  +21.66%  loss 3.87e-05  maxQ +0.0125  changes   316  4.2 min
episode 303/1013  eps 0.063  train return  +24.36%  loss 3.62e-05  maxQ +0.0112  changes   394  4.2 min
episode 304/1013  eps 0.063  train return  +30.46%  loss 3.79e-05  maxQ +0.0110  changes   379  4.2 min
episode 305/1013  eps 0.062  train return  +39.74%  loss 4.37e-05  maxQ +0.0129  changes   413  4.2 min
episode 306/1013  eps 0.062  train return  +47.06%  loss 4.99e-05  maxQ +0.0130  changes   444  4.2 min
episode 307/1013  eps 0.061  train return +223.02%  loss 4.65e-05  maxQ +0.0130  changes   390  4.2 min
episode 308/1013  eps 0.060  train return  +38.22%  loss 4.55e-05  maxQ +0.0123  changes   345  4.2 min
episode 309/1013  eps 0.060  train return   +6.94%  loss 4.89e-05  maxQ +0.0126  changes   357  4.3 min
episode 310/1013  eps 0.059  train return   +8.83%  loss 4.67e-05  maxQ +0.0131  changes   352  4.3 min | val return -0.90% (best +27.34%)
episode 311/1013  eps 0.059  train return   +0.30%  loss 4.61e-05  maxQ +0.0122  changes   297  4.3 min
episode 312/1013  eps 0.058  train return  +83.29%  loss 4.95e-05  maxQ +0.0138  changes   366  4.3 min
episode 313/1013  eps 0.058  train return  +78.86%  loss 4.92e-05  maxQ +0.0135  changes   364  4.3 min
episode 314/1013  eps 0.057  train return  +42.77%  loss 4.45e-05  maxQ +0.0131  changes   369  4.3 min
episode 315/1013  eps 0.057  train return +105.84%  loss 4.68e-05  maxQ +0.0121  changes   394  4.3 min
episode 316/1013  eps 0.056  train return  +14.29%  loss 4.58e-05  maxQ +0.0123  changes   368  4.3 min
episode 317/1013  eps 0.056  train return  +27.98%  loss 4.21e-05  maxQ +0.0121  changes   387  4.4 min
episode 318/1013  eps 0.055  train return  +13.90%  loss 4.45e-05  maxQ +0.0122  changes   346  4.4 min
episode 319/1013  eps 0.055  train return  +27.76%  loss 4.61e-05  maxQ +0.0123  changes   344  4.4 min
episode 320/1013  eps 0.054  train return +101.53%  loss 4.35e-05  maxQ +0.0137  changes   433  4.4 min | val return -5.72% (best +27.34%)
episode 321/1013  eps 0.054  train return   +8.21%  loss 4.49e-05  maxQ +0.0126  changes   367  4.4 min
episode 322/1013  eps 0.053  train return  +46.68%  loss 4.47e-05  maxQ +0.0125  changes   439  4.4 min
episode 323/1013  eps 0.053  train return  +53.57%  loss 4.27e-05  maxQ +0.0115  changes   417  4.5 min
episode 324/1013  eps 0.052  train return  +41.42%  loss 4.36e-05  maxQ +0.0118  changes   362  4.5 min
episode 325/1013  eps 0.052  train return  +35.17%  loss 4.68e-05  maxQ +0.0132  changes   384  4.5 min
episode 326/1013  eps 0.051  train return   -2.83%  loss 4.35e-05  maxQ +0.0130  changes   414  4.5 min
episode 327/1013  eps 0.051  train return  +13.29%  loss 4.23e-05  maxQ +0.0134  changes   379  4.5 min
episode 328/1013  eps 0.050  train return  +40.99%  loss 4.00e-05  maxQ +0.0134  changes   363  4.5 min
episode 329/1013  eps 0.050  train return  +63.66%  loss 4.10e-05  maxQ +0.0120  changes   354  4.5 min
episode 330/1013  eps 0.049  train return  +11.00%  loss 3.70e-05  maxQ +0.0119  changes   356  4.5 min | val return -16.07% (best +27.34%)
episode 331/1013  eps 0.049  train return  +10.09%  loss 3.64e-05  maxQ +0.0120  changes   335  4.6 min
episode 332/1013  eps 0.049  train return   +5.40%  loss 3.62e-05  maxQ +0.0119  changes   338  4.6 min
episode 333/1013  eps 0.048  train return  +23.93%  loss 4.03e-05  maxQ +0.0121  changes   333  4.6 min
episode 334/1013  eps 0.048  train return  +39.86%  loss 3.85e-05  maxQ +0.0115  changes   344  4.6 min
episode 335/1013  eps 0.047  train return   +3.85%  loss 3.63e-05  maxQ +0.0111  changes   298  4.6 min
episode 336/1013  eps 0.047  train return  +15.08%  loss 3.47e-05  maxQ +0.0113  changes   294  4.6 min
episode 337/1013  eps 0.046  train return  +83.76%  loss 3.56e-05  maxQ +0.0119  changes   425  4.6 min
episode 338/1013  eps 0.046  train return   -5.61%  loss 3.73e-05  maxQ +0.0114  changes   355  4.7 min
episode 339/1013  eps 0.046  train return +158.95%  loss 3.78e-05  maxQ +0.0110  changes   377  4.7 min
episode 340/1013  eps 0.045  train return  +79.66%  loss 3.87e-05  maxQ +0.0114  changes   417  4.7 min | val return -4.90% (best +27.34%)
episode 341/1013  eps 0.045  train return  +87.68%  loss 4.16e-05  maxQ +0.0120  changes   376  4.7 min
episode 342/1013  eps 0.044  train return  +15.41%  loss 4.10e-05  maxQ +0.0120  changes   347  4.7 min
episode 343/1013  eps 0.044  train return  +61.16%  loss 4.00e-05  maxQ +0.0113  changes   386  4.7 min
episode 344/1013  eps 0.043  train return  +31.40%  loss 4.16e-05  maxQ +0.0116  changes   320  4.7 min
episode 345/1013  eps 0.043  train return  +93.79%  loss 4.07e-05  maxQ +0.0112  changes   360  4.8 min
episode 346/1013  eps 0.043  train return +106.70%  loss 3.87e-05  maxQ +0.0115  changes   320  4.8 min
episode 347/1013  eps 0.042  train return  +79.33%  loss 3.85e-05  maxQ +0.0119  changes   418  4.8 min
episode 348/1013  eps 0.042  train return   +2.20%  loss 3.98e-05  maxQ +0.0116  changes   280  4.8 min
episode 349/1013  eps 0.042  train return   +2.84%  loss 3.74e-05  maxQ +0.0115  changes   291  4.8 min
episode 350/1013  eps 0.041  train return  +40.67%  loss 3.66e-05  maxQ +0.0114  changes   312  4.8 min | val return +8.28% (best +27.34%)
episode 351/1013  eps 0.041  train return  +58.73%  loss 3.74e-05  maxQ +0.0116  changes   359  4.8 min
episode 352/1013  eps 0.040  train return  +18.90%  loss 3.73e-05  maxQ +0.0115  changes   398  4.9 min
episode 353/1013  eps 0.040  train return  +78.21%  loss 3.74e-05  maxQ +0.0115  changes   399  4.9 min
episode 354/1013  eps 0.040  train return  +82.18%  loss 3.88e-05  maxQ +0.0114  changes   352  4.9 min
episode 355/1013  eps 0.039  train return  +22.01%  loss 4.18e-05  maxQ +0.0115  changes   351  4.9 min
episode 356/1013  eps 0.039  train return  +74.09%  loss 4.51e-05  maxQ +0.0112  changes   395  4.9 min
episode 357/1013  eps 0.039  train return +120.31%  loss 3.83e-05  maxQ +0.0115  changes   362  4.9 min
episode 358/1013  eps 0.038  train return  +29.13%  loss 3.81e-05  maxQ +0.0112  changes   417  4.9 min
episode 359/1013  eps 0.038  train return   +1.01%  loss 3.92e-05  maxQ +0.0121  changes   373  5.0 min
episode 360/1013  eps 0.038  train return  +32.86%  loss 4.11e-05  maxQ +0.0126  changes   355  5.0 min | val return -3.11% (best +27.34%)
episode 361/1013  eps 0.037  train return  +61.07%  loss 4.23e-05  maxQ +0.0123  changes   369  5.0 min
episode 362/1013  eps 0.037  train return  +36.76%  loss 4.02e-05  maxQ +0.0125  changes   319  5.0 min
episode 363/1013  eps 0.037  train return  +20.27%  loss 3.90e-05  maxQ +0.0122  changes   379  5.0 min
episode 364/1013  eps 0.036  train return   +8.85%  loss 3.87e-05  maxQ +0.0121  changes   369  5.0 min
episode 365/1013  eps 0.036  train return  +31.04%  loss 4.62e-05  maxQ +0.0124  changes   320  5.0 min
episode 366/1013  eps 0.036  train return  +26.82%  loss 3.84e-05  maxQ +0.0130  changes   352  5.1 min
episode 367/1013  eps 0.035  train return  +17.67%  loss 3.59e-05  maxQ +0.0119  changes   358  5.1 min
episode 368/1013  eps 0.035  train return +217.28%  loss 3.89e-05  maxQ +0.0128  changes   396  5.1 min
episode 369/1013  eps 0.035  train return +148.96%  loss 4.20e-05  maxQ +0.0124  changes   424  5.1 min
episode 370/1013  eps 0.034  train return  +40.50%  loss 4.27e-05  maxQ +0.0126  changes   410  5.1 min | val return +28.60% (best +28.60%)
episode 371/1013  eps 0.034  train return +152.93%  loss 4.11e-05  maxQ +0.0122  changes   441  5.1 min
episode 372/1013  eps 0.034  train return +164.78%  loss 3.98e-05  maxQ +0.0122  changes   345  5.2 min
episode 373/1013  eps 0.033  train return  +51.06%  loss 3.90e-05  maxQ +0.0122  changes   386  5.2 min
episode 374/1013  eps 0.033  train return  +17.78%  loss 3.93e-05  maxQ +0.0121  changes   374  5.2 min
episode 375/1013  eps 0.033  train return  +47.30%  loss 4.03e-05  maxQ +0.0119  changes   376  5.2 min
episode 376/1013  eps 0.032  train return  -13.45%  loss 4.06e-05  maxQ +0.0124  changes   331  5.2 min
episode 377/1013  eps 0.032  train return  +43.91%  loss 3.79e-05  maxQ +0.0118  changes   386  5.2 min
episode 378/1013  eps 0.032  train return   -7.28%  loss 3.84e-05  maxQ +0.0118  changes   327  5.2 min
episode 379/1013  eps 0.032  train return  +60.15%  loss 3.84e-05  maxQ +0.0120  changes   316  5.2 min
episode 380/1013  eps 0.031  train return +136.85%  loss 3.78e-05  maxQ +0.0118  changes   424  5.3 min | val return -17.29% (best +28.60%)
episode 381/1013  eps 0.031  train return  +34.35%  loss 3.80e-05  maxQ +0.0126  changes   400  5.3 min
episode 382/1013  eps 0.031  train return   -3.10%  loss 3.99e-05  maxQ +0.0122  changes   257  5.3 min
episode 383/1013  eps 0.030  train return  +16.85%  loss 4.09e-05  maxQ +0.0126  changes   361  5.3 min
episode 384/1013  eps 0.030  train return  +22.82%  loss 3.80e-05  maxQ +0.0113  changes   379  5.3 min
episode 385/1013  eps 0.030  train return  +27.15%  loss 3.69e-05  maxQ +0.0117  changes   368  5.3 min
episode 386/1013  eps 0.030  train return  +34.45%  loss 3.91e-05  maxQ +0.0118  changes   393  5.3 min
episode 387/1013  eps 0.029  train return   +7.22%  loss 4.06e-05  maxQ +0.0124  changes   334  5.4 min
episode 388/1013  eps 0.029  train return   +9.89%  loss 3.89e-05  maxQ +0.0122  changes   365  5.4 min
episode 389/1013  eps 0.029  train return +176.28%  loss 4.05e-05  maxQ +0.0122  changes   409  5.4 min
episode 390/1013  eps 0.029  train return  +81.79%  loss 3.91e-05  maxQ +0.0123  changes   341  5.4 min | val return +2.80% (best +28.60%)
episode 391/1013  eps 0.028  train return +133.88%  loss 3.88e-05  maxQ +0.0120  changes   424  5.4 min
episode 392/1013  eps 0.028  train return  +39.95%  loss 3.83e-05  maxQ +0.0115  changes   391  5.4 min
episode 393/1013  eps 0.028  train return  +26.78%  loss 3.60e-05  maxQ +0.0112  changes   311  5.5 min
episode 394/1013  eps 0.028  train return  +54.63%  loss 3.50e-05  maxQ +0.0110  changes   399  5.5 min
episode 395/1013  eps 0.027  train return   +2.02%  loss 3.70e-05  maxQ +0.0118  changes   349  5.5 min
episode 396/1013  eps 0.027  train return  +40.77%  loss 3.75e-05  maxQ +0.0108  changes   337  5.5 min
episode 397/1013  eps 0.027  train return  +65.87%  loss 3.74e-05  maxQ +0.0113  changes   389  5.5 min
episode 398/1013  eps 0.027  train return  +48.93%  loss 3.71e-05  maxQ +0.0105  changes   394  5.5 min
episode 399/1013  eps 0.026  train return  -11.71%  loss 3.74e-05  maxQ +0.0110  changes   408  5.5 min
episode 400/1013  eps 0.026  train return  +62.97%  loss 3.93e-05  maxQ +0.0106  changes   428  5.5 min | val return +7.76% (best +28.60%)
episode 401/1013  eps 0.026  train return  +33.09%  loss 4.26e-05  maxQ +0.0116  changes   407  5.6 min
episode 402/1013  eps 0.026  train return  +70.65%  loss 4.09e-05  maxQ +0.0119  changes   414  5.6 min
episode 403/1013  eps 0.025  train return  +52.36%  loss 4.06e-05  maxQ +0.0111  changes   398  5.6 min
episode 404/1013  eps 0.025  train return  +48.08%  loss 4.19e-05  maxQ +0.0114  changes   379  5.6 min
episode 405/1013  eps 0.025  train return  +17.80%  loss 4.25e-05  maxQ +0.0112  changes   404  5.6 min
episode 406/1013  eps 0.025  train return  +55.82%  loss 4.03e-05  maxQ +0.0121  changes   429  5.6 min
episode 407/1013  eps 0.024  train return   +0.26%  loss 4.11e-05  maxQ +0.0123  changes   313  5.7 min
episode 408/1013  eps 0.024  train return  +34.21%  loss 4.23e-05  maxQ +0.0127  changes   396  5.7 min
episode 409/1013  eps 0.024  train return  +77.99%  loss 3.99e-05  maxQ +0.0122  changes   447  5.7 min
episode 410/1013  eps 0.024  train return +122.09%  loss 4.52e-05  maxQ +0.0123  changes   401  5.7 min | val return -3.72% (best +28.60%)
episode 411/1013  eps 0.024  train return +152.60%  loss 4.31e-05  maxQ +0.0127  changes   399  5.7 min
episode 412/1013  eps 0.023  train return  +26.93%  loss 4.50e-05  maxQ +0.0124  changes   319  5.7 min
episode 413/1013  eps 0.023  train return  +16.34%  loss 4.08e-05  maxQ +0.0127  changes   359  5.7 min
episode 414/1013  eps 0.023  train return +113.74%  loss 4.03e-05  maxQ +0.0120  changes   440  5.8 min
episode 415/1013  eps 0.023  train return  +98.73%  loss 4.11e-05  maxQ +0.0119  changes   432  5.8 min
episode 416/1013  eps 0.023  train return +179.45%  loss 4.40e-05  maxQ +0.0127  changes   455  5.8 min
episode 417/1013  eps 0.022  train return +173.97%  loss 4.68e-05  maxQ +0.0120  changes   412  5.8 min
episode 418/1013  eps 0.022  train return  +56.74%  loss 4.39e-05  maxQ +0.0124  changes   348  5.8 min
episode 419/1013  eps 0.022  train return   +7.73%  loss 4.42e-05  maxQ +0.0120  changes   357  5.8 min
episode 420/1013  eps 0.022  train return  +28.24%  loss 4.06e-05  maxQ +0.0115  changes   353  5.8 min | val return -4.72% (best +28.60%)
episode 421/1013  eps 0.022  train return  +15.12%  loss 4.09e-05  maxQ +0.0110  changes   406  5.9 min
episode 422/1013  eps 0.021  train return +123.12%  loss 3.84e-05  maxQ +0.0118  changes   398  5.9 min
episode 423/1013  eps 0.021  train return  +78.45%  loss 4.25e-05  maxQ +0.0119  changes   411  5.9 min
episode 424/1013  eps 0.021  train return  +10.21%  loss 4.16e-05  maxQ +0.0121  changes   363  5.9 min
episode 425/1013  eps 0.021  train return  +28.90%  loss 4.24e-05  maxQ +0.0126  changes   376  5.9 min
episode 426/1013  eps 0.021  train return  +71.29%  loss 4.57e-05  maxQ +0.0121  changes   404  5.9 min
episode 427/1013  eps 0.020  train return +130.97%  loss 4.70e-05  maxQ +0.0131  changes   437  5.9 min
episode 428/1013  eps 0.020  train return +209.50%  loss 4.57e-05  maxQ +0.0129  changes   451  6.0 min
episode 429/1013  eps 0.020  train return  +73.66%  loss 4.50e-05  maxQ +0.0129  changes   408  6.0 min
episode 430/1013  eps 0.020  train return +147.93%  loss 4.52e-05  maxQ +0.0127  changes   441  6.0 min | val return -1.58% (best +28.60%)
episode 431/1013  eps 0.020  train return   +6.71%  loss 4.03e-05  maxQ +0.0121  changes   382  6.0 min
episode 432/1013  eps 0.019  train return  +68.80%  loss 4.44e-05  maxQ +0.0119  changes   409  6.0 min
episode 433/1013  eps 0.019  train return   -0.51%  loss 4.12e-05  maxQ +0.0129  changes   345  6.0 min
episode 434/1013  eps 0.019  train return  +23.33%  loss 4.14e-05  maxQ +0.0125  changes   394  6.1 min
episode 435/1013  eps 0.019  train return  +28.80%  loss 4.36e-05  maxQ +0.0132  changes   348  6.1 min
episode 436/1013  eps 0.019  train return +198.77%  loss 4.65e-05  maxQ +0.0131  changes   442  6.1 min
episode 437/1013  eps 0.019  train return  +24.83%  loss 4.43e-05  maxQ +0.0128  changes   311  6.1 min
episode 438/1013  eps 0.018  train return +169.85%  loss 4.07e-05  maxQ +0.0119  changes   428  6.1 min
episode 439/1013  eps 0.018  train return +254.23%  loss 4.13e-05  maxQ +0.0120  changes   428  6.1 min
episode 440/1013  eps 0.018  train return  +29.08%  loss 4.11e-05  maxQ +0.0120  changes   380  6.1 min | val return -6.59% (best +28.60%)
episode 441/1013  eps 0.018  train return +156.59%  loss 3.77e-05  maxQ +0.0120  changes   387  6.2 min
episode 442/1013  eps 0.018  train return  +47.04%  loss 4.30e-05  maxQ +0.0115  changes   419  6.2 min
episode 443/1013  eps 0.018  train return   -2.75%  loss 4.47e-05  maxQ +0.0115  changes   331  6.2 min
episode 444/1013  eps 0.017  train return   +3.33%  loss 4.29e-05  maxQ +0.0118  changes   340  6.2 min
episode 445/1013  eps 0.017  train return  +76.09%  loss 4.35e-05  maxQ +0.0123  changes   351  6.2 min
episode 446/1013  eps 0.017  train return  +57.70%  loss 4.35e-05  maxQ +0.0122  changes   391  6.2 min
episode 447/1013  eps 0.017  train return  +30.92%  loss 4.28e-05  maxQ +0.0124  changes   394  6.2 min
episode 448/1013  eps 0.017  train return   +9.76%  loss 4.38e-05  maxQ +0.0130  changes   309  6.3 min
episode 449/1013  eps 0.017  train return  +60.16%  loss 4.21e-05  maxQ +0.0133  changes   409  6.3 min
episode 450/1013  eps 0.016  train return   +4.29%  loss 4.30e-05  maxQ +0.0132  changes   354  6.3 min | val return -10.59% (best +28.60%)
episode 451/1013  eps 0.016  train return  +15.31%  loss 4.23e-05  maxQ +0.0132  changes   393  6.3 min
episode 452/1013  eps 0.016  train return  +22.67%  loss 4.03e-05  maxQ +0.0125  changes   327  6.3 min
episode 453/1013  eps 0.016  train return +178.73%  loss 4.29e-05  maxQ +0.0126  changes   405  6.3 min
episode 454/1013  eps 0.016  train return  +74.31%  loss 4.43e-05  maxQ +0.0130  changes   399  6.4 min
episode 455/1013  eps 0.016  train return  +59.31%  loss 4.36e-05  maxQ +0.0131  changes   382  6.4 min
episode 456/1013  eps 0.016  train return  +15.34%  loss 4.38e-05  maxQ +0.0127  changes   342  6.4 min
episode 457/1013  eps 0.015  train return +185.13%  loss 4.11e-05  maxQ +0.0127  changes   439  6.4 min
episode 458/1013  eps 0.015  train return +224.60%  loss 4.40e-05  maxQ +0.0129  changes   453  6.4 min
episode 459/1013  eps 0.015  train return +224.24%  loss 4.37e-05  maxQ +0.0127  changes   432  6.4 min
episode 460/1013  eps 0.015  train return  +34.13%  loss 4.57e-05  maxQ +0.0133  changes   393  6.4 min | val return -32.64% (best +28.60%)
episode 461/1013  eps 0.015  train return +196.81%  loss 4.20e-05  maxQ +0.0131  changes   447  6.5 min
episode 462/1013  eps 0.015  train return  +39.29%  loss 3.92e-05  maxQ +0.0133  changes   369  6.5 min
episode 463/1013  eps 0.015  train return  +40.82%  loss 4.56e-05  maxQ +0.0131  changes   371  6.5 min
episode 464/1013  eps 0.015  train return  +66.09%  loss 4.57e-05  maxQ +0.0132  changes   393  6.5 min
episode 465/1013  eps 0.014  train return  +67.52%  loss 4.46e-05  maxQ +0.0137  changes   385  6.5 min
episode 466/1013  eps 0.014  train return  +23.78%  loss 4.39e-05  maxQ +0.0131  changes   386  6.5 min
episode 467/1013  eps 0.014  train return +123.49%  loss 4.23e-05  maxQ +0.0141  changes   401  6.5 min
episode 468/1013  eps 0.014  train return  +70.75%  loss 4.51e-05  maxQ +0.0138  changes   361  6.6 min
episode 469/1013  eps 0.014  train return  +21.79%  loss 4.18e-05  maxQ +0.0135  changes   344  6.6 min
episode 470/1013  eps 0.014  train return  +20.38%  loss 4.24e-05  maxQ +0.0136  changes   390  6.6 min | val return +1.12% (best +28.60%)
episode 471/1013  eps 0.014  train return +106.13%  loss 3.98e-05  maxQ +0.0139  changes   453  6.6 min
episode 472/1013  eps 0.013  train return   +4.75%  loss 4.05e-05  maxQ +0.0133  changes   335  6.6 min
episode 473/1013  eps 0.013  train return +315.75%  loss 4.11e-05  maxQ +0.0139  changes   432  6.6 min
episode 474/1013  eps 0.013  train return  +23.57%  loss 4.59e-05  maxQ +0.0141  changes   393  6.6 min
episode 475/1013  eps 0.013  train return  +47.95%  loss 4.01e-05  maxQ +0.0135  changes   420  6.7 min
episode 476/1013  eps 0.013  train return +122.02%  loss 4.38e-05  maxQ +0.0141  changes   407  6.7 min
episode 477/1013  eps 0.013  train return  +61.95%  loss 4.48e-05  maxQ +0.0138  changes   403  6.7 min
episode 478/1013  eps 0.013  train return  +78.47%  loss 4.39e-05  maxQ +0.0136  changes   361  6.7 min
episode 479/1013  eps 0.013  train return +152.91%  loss 4.14e-05  maxQ +0.0133  changes   438  6.7 min
episode 480/1013  eps 0.013  train return +179.10%  loss 4.16e-05  maxQ +0.0128  changes   413  6.7 min | val return -7.17% (best +28.60%)
episode 481/1013  eps 0.012  train return  +30.30%  loss 4.38e-05  maxQ +0.0137  changes   383  6.8 min
episode 482/1013  eps 0.012  train return  +37.38%  loss 4.40e-05  maxQ +0.0137  changes   377  6.8 min
episode 483/1013  eps 0.012  train return  +51.32%  loss 4.43e-05  maxQ +0.0144  changes   404  6.8 min
episode 484/1013  eps 0.012  train return  +37.34%  loss 4.41e-05  maxQ +0.0132  changes   401  6.8 min
episode 485/1013  eps 0.012  train return +248.39%  loss 4.50e-05  maxQ +0.0128  changes   415  6.8 min
episode 486/1013  eps 0.012  train return +297.59%  loss 4.59e-05  maxQ +0.0130  changes   439  6.8 min
episode 487/1013  eps 0.012  train return +162.83%  loss 4.26e-05  maxQ +0.0129  changes   348  6.8 min
episode 488/1013  eps 0.012  train return +174.19%  loss 4.38e-05  maxQ +0.0133  changes   401  6.8 min
episode 489/1013  eps 0.012  train return  +12.88%  loss 4.26e-05  maxQ +0.0129  changes   342  6.9 min
episode 490/1013  eps 0.011  train return   -5.04%  loss 4.04e-05  maxQ +0.0134  changes   350  6.9 min | val return -8.05% (best +28.60%)
episode 491/1013  eps 0.011  train return  +70.92%  loss 4.09e-05  maxQ +0.0118  changes   397  6.9 min
episode 492/1013  eps 0.011  train return  +91.11%  loss 4.36e-05  maxQ +0.0125  changes   357  6.9 min
episode 493/1013  eps 0.011  train return +356.90%  loss 4.70e-05  maxQ +0.0129  changes   448  6.9 min
episode 494/1013  eps 0.011  train return  +76.17%  loss 4.24e-05  maxQ +0.0125  changes   368  6.9 min
episode 495/1013  eps 0.011  train return  +79.45%  loss 4.33e-05  maxQ +0.0132  changes   352  7.0 min
episode 496/1013  eps 0.011  train return  +36.10%  loss 4.44e-05  maxQ +0.0131  changes   304  7.0 min
episode 497/1013  eps 0.011  train return +324.14%  loss 4.30e-05  maxQ +0.0123  changes   445  7.0 min
episode 498/1013  eps 0.011  train return +196.00%  loss 4.23e-05  maxQ +0.0129  changes   397  7.0 min
episode 499/1013  eps 0.011  train return +253.10%  loss 4.38e-05  maxQ +0.0127  changes   412  7.0 min
episode 500/1013  eps 0.010  train return +455.47%  loss 4.49e-05  maxQ +0.0128  changes   437  7.0 min | val return +3.20% (best +28.60%)
episode 501/1013  eps 0.010  train return +252.69%  loss 4.57e-05  maxQ +0.0132  changes   411  7.0 min
episode 502/1013  eps 0.010  train return  +51.59%  loss 4.37e-05  maxQ +0.0131  changes   438  7.1 min
episode 503/1013  eps 0.010  train return   +2.98%  loss 4.56e-05  maxQ +0.0136  changes   365  7.1 min
episode 504/1013  eps 0.010  train return +153.61%  loss 4.62e-05  maxQ +0.0143  changes   432  7.1 min
episode 505/1013  eps 0.010  train return  +38.68%  loss 4.59e-05  maxQ +0.0136  changes   376  7.1 min
episode 506/1013  eps 0.010  train return  +44.21%  loss 4.51e-05  maxQ +0.0136  changes   362  7.1 min
episode 507/1013  eps 0.010  train return  +34.98%  loss 4.70e-05  maxQ +0.0140  changes   381  7.1 min
episode 508/1013  eps 0.010  train return  +33.18%  loss 4.26e-05  maxQ +0.0134  changes   354  7.1 min
episode 509/1013  eps 0.010  train return +143.45%  loss 4.40e-05  maxQ +0.0136  changes   445  7.2 min
episode 510/1013  eps 0.010  train return  +19.09%  loss 4.67e-05  maxQ +0.0143  changes   331  7.2 min | val return -4.04% (best +28.60%)
episode 511/1013  eps 0.010  train return  +51.53%  loss 4.56e-05  maxQ +0.0140  changes   365  7.2 min
episode 512/1013  eps 0.010  train return +111.69%  loss 4.09e-05  maxQ +0.0138  changes   431  7.2 min
episode 513/1013  eps 0.010  train return  +29.74%  loss 4.44e-05  maxQ +0.0142  changes   408  7.2 min
episode 514/1013  eps 0.010  train return  +63.39%  loss 4.41e-05  maxQ +0.0135  changes   378  7.2 min
episode 515/1013  eps 0.010  train return  +11.38%  loss 4.54e-05  maxQ +0.0138  changes   330  7.2 min
episode 516/1013  eps 0.010  train return +118.60%  loss 4.74e-05  maxQ +0.0139  changes   390  7.3 min
episode 517/1013  eps 0.010  train return  +13.50%  loss 4.52e-05  maxQ +0.0142  changes   324  7.3 min
episode 518/1013  eps 0.010  train return  +51.13%  loss 4.10e-05  maxQ +0.0134  changes   400  7.3 min
episode 519/1013  eps 0.010  train return  +51.09%  loss 4.07e-05  maxQ +0.0133  changes   387  7.3 min
episode 520/1013  eps 0.010  train return +214.64%  loss 4.61e-05  maxQ +0.0139  changes   441  7.3 min | val return -11.22% (best +28.60%)
episode 521/1013  eps 0.010  train return +108.47%  loss 4.61e-05  maxQ +0.0143  changes   375  7.3 min
episode 522/1013  eps 0.010  train return  +64.07%  loss 5.03e-05  maxQ +0.0149  changes   367  7.3 min
episode 523/1013  eps 0.010  train return +239.32%  loss 4.96e-05  maxQ +0.0147  changes   404  7.4 min
episode 524/1013  eps 0.010  train return +135.02%  loss 4.60e-05  maxQ +0.0141  changes   427  7.4 min
episode 525/1013  eps 0.010  train return +332.59%  loss 4.70e-05  maxQ +0.0149  changes   436  7.4 min
episode 526/1013  eps 0.010  train return  +87.79%  loss 4.85e-05  maxQ +0.0148  changes   385  7.4 min
episode 527/1013  eps 0.010  train return   +4.11%  loss 4.61e-05  maxQ +0.0149  changes   395  7.4 min
episode 528/1013  eps 0.010  train return  +74.86%  loss 4.51e-05  maxQ +0.0151  changes   381  7.4 min
episode 529/1013  eps 0.010  train return  +19.79%  loss 4.64e-05  maxQ +0.0156  changes   383  7.4 min
episode 530/1013  eps 0.010  train return  +23.03%  loss 4.75e-05  maxQ +0.0157  changes   351  7.5 min | val return +4.65% (best +28.60%)
episode 531/1013  eps 0.010  train return  +95.07%  loss 4.57e-05  maxQ +0.0154  changes   426  7.5 min
episode 532/1013  eps 0.010  train return  +94.56%  loss 4.59e-05  maxQ +0.0148  changes   379  7.5 min
episode 533/1013  eps 0.010  train return +499.79%  loss 4.65e-05  maxQ +0.0150  changes   453  7.5 min
episode 534/1013  eps 0.010  train return  +68.89%  loss 4.66e-05  maxQ +0.0147  changes   441  7.5 min
episode 535/1013  eps 0.010  train return +222.44%  loss 4.57e-05  maxQ +0.0143  changes   482  7.5 min
episode 536/1013  eps 0.010  train return  +37.12%  loss 4.36e-05  maxQ +0.0139  changes   405  7.5 min
episode 537/1013  eps 0.010  train return +157.60%  loss 4.63e-05  maxQ +0.0140  changes   415  7.6 min
episode 538/1013  eps 0.010  train return  +46.94%  loss 4.79e-05  maxQ +0.0139  changes   410  7.6 min
episode 539/1013  eps 0.010  train return  +86.49%  loss 4.81e-05  maxQ +0.0142  changes   392  7.6 min
episode 540/1013  eps 0.010  train return  +94.85%  loss 4.74e-05  maxQ +0.0138  changes   435  7.6 min | val return -1.46% (best +28.60%)
episode 541/1013  eps 0.010  train return +145.17%  loss 4.81e-05  maxQ +0.0137  changes   416  7.6 min
episode 542/1013  eps 0.010  train return +335.89%  loss 4.98e-05  maxQ +0.0149  changes   448  7.6 min
episode 543/1013  eps 0.010  train return +102.23%  loss 5.10e-05  maxQ +0.0143  changes   401  7.7 min
episode 544/1013  eps 0.010  train return +171.74%  loss 4.51e-05  maxQ +0.0131  changes   430  7.7 min
episode 545/1013  eps 0.010  train return  +47.60%  loss 4.46e-05  maxQ +0.0130  changes   406  7.7 min
episode 546/1013  eps 0.010  train return +113.08%  loss 4.87e-05  maxQ +0.0137  changes   433  7.7 min
episode 547/1013  eps 0.010  train return  +16.81%  loss 4.69e-05  maxQ +0.0141  changes   408  7.7 min
episode 548/1013  eps 0.010  train return +304.48%  loss 4.53e-05  maxQ +0.0145  changes   436  7.7 min
episode 549/1013  eps 0.010  train return   +6.14%  loss 4.98e-05  maxQ +0.0151  changes   349  7.7 min
episode 550/1013  eps 0.010  train return  +80.17%  loss 4.94e-05  maxQ +0.0147  changes   396  7.8 min | val return -20.01% (best +28.60%)
episode 551/1013  eps 0.010  train return +230.25%  loss 4.96e-05  maxQ +0.0156  changes   456  7.8 min
episode 552/1013  eps 0.010  train return  +43.92%  loss 4.95e-05  maxQ +0.0151  changes   364  7.8 min
episode 553/1013  eps 0.010  train return +131.54%  loss 5.07e-05  maxQ +0.0156  changes   408  7.8 min
episode 554/1013  eps 0.010  train return +169.16%  loss 4.87e-05  maxQ +0.0152  changes   394  7.8 min
episode 555/1013  eps 0.010  train return +131.04%  loss 4.91e-05  maxQ +0.0147  changes   442  7.8 min
episode 556/1013  eps 0.010  train return +459.38%  loss 4.84e-05  maxQ +0.0147  changes   414  7.9 min
episode 557/1013  eps 0.010  train return +110.17%  loss 5.12e-05  maxQ +0.0143  changes   414  7.9 min
episode 558/1013  eps 0.010  train return  +41.53%  loss 4.73e-05  maxQ +0.0149  changes   408  7.9 min
episode 559/1013  eps 0.010  train return  +87.75%  loss 4.95e-05  maxQ +0.0145  changes   414  7.9 min
episode 560/1013  eps 0.010  train return +231.29%  loss 4.65e-05  maxQ +0.0141  changes   427  7.9 min | val return -19.39% (best +28.60%)
episode 561/1013  eps 0.010  train return   -0.88%  loss 4.79e-05  maxQ +0.0143  changes   350  7.9 min
episode 562/1013  eps 0.010  train return  +15.42%  loss 4.91e-05  maxQ +0.0153  changes   376  7.9 min
episode 563/1013  eps 0.010  train return  +27.38%  loss 5.18e-05  maxQ +0.0152  changes   333  8.0 min
episode 564/1013  eps 0.010  train return  +34.55%  loss 4.67e-05  maxQ +0.0144  changes   419  8.0 min
episode 565/1013  eps 0.010  train return  +31.87%  loss 4.68e-05  maxQ +0.0145  changes   402  8.0 min
episode 566/1013  eps 0.010  train return +135.25%  loss 4.73e-05  maxQ +0.0146  changes   410  8.0 min
episode 567/1013  eps 0.010  train return  +42.32%  loss 4.63e-05  maxQ +0.0142  changes   376  8.0 min
episode 568/1013  eps 0.010  train return +131.28%  loss 4.32e-05  maxQ +0.0136  changes   369  8.0 min
episode 569/1013  eps 0.010  train return +173.90%  loss 4.71e-05  maxQ +0.0137  changes   444  8.0 min
episode 570/1013  eps 0.010  train return +189.53%  loss 4.29e-05  maxQ +0.0132  changes   439  8.1 min | val return -7.89% (best +28.60%)
episode 571/1013  eps 0.010  train return  +31.94%  loss 4.53e-05  maxQ +0.0132  changes   355  8.1 min
episode 572/1013  eps 0.010  train return +205.85%  loss 5.02e-05  maxQ +0.0134  changes   405  8.1 min
episode 573/1013  eps 0.010  train return  +11.78%  loss 4.36e-05  maxQ +0.0131  changes   372  8.1 min
episode 574/1013  eps 0.010  train return +132.31%  loss 4.37e-05  maxQ +0.0136  changes   397  8.1 min
episode 575/1013  eps 0.010  train return  +32.67%  loss 4.65e-05  maxQ +0.0139  changes   410  8.1 min
episode 576/1013  eps 0.010  train return +261.39%  loss 4.60e-05  maxQ +0.0138  changes   445  8.1 min
episode 577/1013  eps 0.010  train return  +80.34%  loss 4.58e-05  maxQ +0.0140  changes   407  8.2 min
episode 578/1013  eps 0.010  train return  +18.16%  loss 4.79e-05  maxQ +0.0138  changes   372  8.2 min
episode 579/1013  eps 0.010  train return +168.30%  loss 5.05e-05  maxQ +0.0138  changes   401  8.2 min
episode 580/1013  eps 0.010  train return +205.52%  loss 4.32e-05  maxQ +0.0140  changes   428  8.2 min | val return -15.19% (best +28.60%)
episode 581/1013  eps 0.010  train return +103.04%  loss 4.52e-05  maxQ +0.0137  changes   374  8.2 min
episode 582/1013  eps 0.010  train return  +53.82%  loss 4.64e-05  maxQ +0.0138  changes   359  8.2 min
episode 583/1013  eps 0.010  train return +102.95%  loss 4.67e-05  maxQ +0.0133  changes   424  8.3 min
episode 584/1013  eps 0.010  train return +159.95%  loss 4.73e-05  maxQ +0.0135  changes   441  8.3 min
episode 585/1013  eps 0.010  train return  +11.10%  loss 4.36e-05  maxQ +0.0136  changes   296  8.3 min
episode 586/1013  eps 0.010  train return  +28.44%  loss 4.37e-05  maxQ +0.0136  changes   336  8.3 min
episode 587/1013  eps 0.010  train return  +33.03%  loss 4.62e-05  maxQ +0.0131  changes   403  8.3 min
episode 588/1013  eps 0.010  train return +120.71%  loss 4.44e-05  maxQ +0.0136  changes   410  8.3 min
episode 589/1013  eps 0.010  train return +452.34%  loss 4.29e-05  maxQ +0.0134  changes   441  8.3 min
episode 590/1013  eps 0.010  train return   +6.98%  loss 4.84e-05  maxQ +0.0135  changes   373  8.3 min | val return -20.41% (best +28.60%)
episode 591/1013  eps 0.010  train return   -0.19%  loss 5.03e-05  maxQ +0.0138  changes   291  8.4 min
episode 592/1013  eps 0.010  train return +273.25%  loss 4.72e-05  maxQ +0.0140  changes   449  8.4 min
episode 593/1013  eps 0.010  train return  +96.94%  loss 4.59e-05  maxQ +0.0142  changes   391  8.4 min
episode 594/1013  eps 0.010  train return  +52.41%  loss 4.95e-05  maxQ +0.0141  changes   380  8.4 min
episode 595/1013  eps 0.010  train return +122.41%  loss 4.56e-05  maxQ +0.0141  changes   412  8.4 min
episode 596/1013  eps 0.010  train return +438.20%  loss 4.55e-05  maxQ +0.0149  changes   461  8.4 min
episode 597/1013  eps 0.010  train return  +44.36%  loss 4.54e-05  maxQ +0.0149  changes   351  8.5 min
episode 598/1013  eps 0.010  train return +202.18%  loss 4.59e-05  maxQ +0.0146  changes   395  8.5 min
episode 599/1013  eps 0.010  train return +117.98%  loss 4.68e-05  maxQ +0.0142  changes   381  8.5 min
episode 600/1013  eps 0.010  train return   +6.65%  loss 4.77e-05  maxQ +0.0145  changes   441  8.5 min | val return -21.83% (best +28.60%)
episode 601/1013  eps 0.010  train return  +23.53%  loss 5.29e-05  maxQ +0.0152  changes   364  8.5 min
episode 602/1013  eps 0.010  train return  +66.07%  loss 5.30e-05  maxQ +0.0157  changes   375  8.5 min
episode 603/1013  eps 0.010  train return   +5.75%  loss 4.94e-05  maxQ +0.0148  changes   336  8.6 min
episode 604/1013  eps 0.010  train return  +86.63%  loss 4.46e-05  maxQ +0.0145  changes   411  8.6 min
episode 605/1013  eps 0.010  train return   +3.69%  loss 4.52e-05  maxQ +0.0139  changes   356  8.6 min
episode 606/1013  eps 0.010  train return  +92.62%  loss 4.38e-05  maxQ +0.0138  changes   400  8.6 min
episode 607/1013  eps 0.010  train return  +64.98%  loss 4.51e-05  maxQ +0.0131  changes   387  8.6 min
episode 608/1013  eps 0.010  train return  +20.45%  loss 4.73e-05  maxQ +0.0135  changes   310  8.6 min
episode 609/1013  eps 0.010  train return +104.16%  loss 4.53e-05  maxQ +0.0134  changes   403  8.6 min
episode 610/1013  eps 0.010  train return +162.65%  loss 4.23e-05  maxQ +0.0130  changes   438  8.6 min | val return -5.39% (best +28.60%)
episode 611/1013  eps 0.010  train return  +33.26%  loss 4.20e-05  maxQ +0.0131  changes   373  8.7 min
episode 612/1013  eps 0.010  train return  +12.80%  loss 4.51e-05  maxQ +0.0131  changes   291  8.7 min
episode 613/1013  eps 0.010  train return  +11.30%  loss 4.37e-05  maxQ +0.0135  changes   278  8.7 min
episode 614/1013  eps 0.010  train return  +31.13%  loss 4.26e-05  maxQ +0.0134  changes   393  8.7 min
episode 615/1013  eps 0.010  train return  +51.03%  loss 4.07e-05  maxQ +0.0131  changes   357  8.7 min
episode 616/1013  eps 0.010  train return  +83.74%  loss 4.17e-05  maxQ +0.0131  changes   396  8.7 min
episode 617/1013  eps 0.010  train return  +82.42%  loss 4.28e-05  maxQ +0.0120  changes   412  8.8 min
episode 618/1013  eps 0.010  train return +457.44%  loss 4.27e-05  maxQ +0.0131  changes   436  8.8 min
episode 619/1013  eps 0.010  train return  +51.85%  loss 4.60e-05  maxQ +0.0131  changes   417  8.8 min
episode 620/1013  eps 0.010  train return  +58.76%  loss 4.26e-05  maxQ +0.0136  changes   395  8.8 min | val return +1.65% (best +28.60%)
episode 621/1013  eps 0.010  train return +522.47%  loss 4.37e-05  maxQ +0.0133  changes   439  8.8 min
episode 622/1013  eps 0.010  train return  +20.47%  loss 4.13e-05  maxQ +0.0134  changes   352  8.8 min
episode 623/1013  eps 0.010  train return  +29.24%  loss 4.35e-05  maxQ +0.0134  changes   381  8.8 min
episode 624/1013  eps 0.010  train return  +76.38%  loss 4.80e-05  maxQ +0.0138  changes   374  8.9 min
episode 625/1013  eps 0.010  train return +136.20%  loss 4.18e-05  maxQ +0.0131  changes   440  8.9 min
episode 626/1013  eps 0.010  train return +265.99%  loss 4.14e-05  maxQ +0.0131  changes   456  8.9 min
episode 627/1013  eps 0.010  train return  +12.76%  loss 4.53e-05  maxQ +0.0132  changes   369  8.9 min
episode 628/1013  eps 0.010  train return  +63.60%  loss 4.67e-05  maxQ +0.0136  changes   351  8.9 min
episode 629/1013  eps 0.010  train return  +40.14%  loss 4.15e-05  maxQ +0.0128  changes   375  8.9 min
episode 630/1013  eps 0.010  train return  +21.64%  loss 4.00e-05  maxQ +0.0121  changes   358  8.9 min | val return -12.65% (best +28.60%)
episode 631/1013  eps 0.010  train return   +1.82%  loss 3.96e-05  maxQ +0.0123  changes   385  9.0 min
episode 632/1013  eps 0.010  train return  +63.36%  loss 4.43e-05  maxQ +0.0127  changes   386  9.0 min
episode 633/1013  eps 0.010  train return +305.94%  loss 4.36e-05  maxQ +0.0119  changes   401  9.0 min
episode 634/1013  eps 0.010  train return  +30.61%  loss 4.24e-05  maxQ +0.0122  changes   374  9.0 min
episode 635/1013  eps 0.010  train return  +60.43%  loss 4.17e-05  maxQ +0.0118  changes   359  9.0 min
episode 636/1013  eps 0.010  train return +214.89%  loss 3.89e-05  maxQ +0.0116  changes   404  9.0 min
episode 637/1013  eps 0.010  train return +131.38%  loss 4.09e-05  maxQ +0.0119  changes   420  9.0 min
episode 638/1013  eps 0.010  train return +301.73%  loss 4.35e-05  maxQ +0.0119  changes   441  9.1 min
episode 639/1013  eps 0.010  train return +161.11%  loss 4.20e-05  maxQ +0.0122  changes   398  9.1 min
episode 640/1013  eps 0.010  train return  +66.55%  loss 4.18e-05  maxQ +0.0127  changes   386  9.1 min | val return +0.47% (best +28.60%)
episode 641/1013  eps 0.010  train return  +63.10%  loss 4.08e-05  maxQ +0.0126  changes   328  9.1 min
episode 642/1013  eps 0.010  train return  +64.89%  loss 4.32e-05  maxQ +0.0124  changes   380  9.1 min
episode 643/1013  eps 0.010  train return  +49.57%  loss 4.22e-05  maxQ +0.0126  changes   356  9.1 min
episode 644/1013  eps 0.010  train return +287.11%  loss 4.13e-05  maxQ +0.0128  changes   390  9.2 min
episode 645/1013  eps 0.010  train return   +3.63%  loss 4.55e-05  maxQ +0.0131  changes   330  9.2 min
episode 646/1013  eps 0.010  train return +433.77%  loss 4.22e-05  maxQ +0.0128  changes   428  9.2 min
episode 647/1013  eps 0.010  train return +109.29%  loss 4.46e-05  maxQ +0.0132  changes   336  9.2 min
episode 648/1013  eps 0.010  train return  +38.53%  loss 4.32e-05  maxQ +0.0125  changes   352  9.2 min
episode 649/1013  eps 0.010  train return  +78.10%  loss 4.06e-05  maxQ +0.0132  changes   405  9.2 min
episode 650/1013  eps 0.010  train return +160.15%  loss 4.16e-05  maxQ +0.0138  changes   390  9.2 min | val return -4.94% (best +28.60%)
episode 651/1013  eps 0.010  train return +240.43%  loss 4.73e-05  maxQ +0.0133  changes   431  9.3 min
episode 652/1013  eps 0.010  train return +121.56%  loss 4.61e-05  maxQ +0.0148  changes   402  9.3 min
episode 653/1013  eps 0.010  train return   -0.88%  loss 4.39e-05  maxQ +0.0135  changes   319  9.3 min
episode 654/1013  eps 0.010  train return +134.40%  loss 4.45e-05  maxQ +0.0143  changes   411  9.3 min
episode 655/1013  eps 0.010  train return   +1.25%  loss 4.98e-05  maxQ +0.0142  changes   293  9.3 min
episode 656/1013  eps 0.010  train return +226.16%  loss 4.80e-05  maxQ +0.0142  changes   401  9.3 min
episode 657/1013  eps 0.010  train return +147.82%  loss 4.67e-05  maxQ +0.0134  changes   426  9.3 min
episode 658/1013  eps 0.010  train return  +56.17%  loss 4.67e-05  maxQ +0.0132  changes   357  9.3 min
episode 659/1013  eps 0.010  train return +154.97%  loss 4.21e-05  maxQ +0.0128  changes   452  9.4 min
episode 660/1013  eps 0.010  train return  +33.43%  loss 4.58e-05  maxQ +0.0134  changes   388  9.4 min | val return -10.33% (best +28.60%)
episode 661/1013  eps 0.010  train return  +53.27%  loss 4.29e-05  maxQ +0.0133  changes   385  9.4 min
episode 662/1013  eps 0.010  train return  +35.36%  loss 4.42e-05  maxQ +0.0136  changes   374  9.4 min
episode 663/1013  eps 0.010  train return  +12.85%  loss 4.59e-05  maxQ +0.0136  changes   345  9.4 min
episode 664/1013  eps 0.010  train return  +40.48%  loss 4.19e-05  maxQ +0.0138  changes   353  9.4 min
episode 665/1013  eps 0.010  train return +110.28%  loss 4.09e-05  maxQ +0.0130  changes   370  9.5 min
episode 666/1013  eps 0.010  train return +108.73%  loss 4.13e-05  maxQ +0.0137  changes   391  9.5 min
episode 667/1013  eps 0.010  train return +213.03%  loss 4.31e-05  maxQ +0.0136  changes   428  9.5 min
episode 668/1013  eps 0.010  train return +123.54%  loss 4.28e-05  maxQ +0.0133  changes   425  9.5 min
episode 669/1013  eps 0.010  train return  +43.71%  loss 4.11e-05  maxQ +0.0137  changes   374  9.5 min
episode 670/1013  eps 0.010  train return  +52.20%  loss 4.17e-05  maxQ +0.0132  changes   390  9.5 min | val return +3.98% (best +28.60%)
episode 671/1013  eps 0.010  train return  +44.11%  loss 4.21e-05  maxQ +0.0142  changes   384  9.6 min
episode 672/1013  eps 0.010  train return  +11.12%  loss 4.44e-05  maxQ +0.0134  changes   340  9.6 min
episode 673/1013  eps 0.010  train return  +56.10%  loss 4.45e-05  maxQ +0.0137  changes   355  9.6 min
episode 674/1013  eps 0.010  train return +311.88%  loss 4.49e-05  maxQ +0.0139  changes   436  9.6 min
episode 675/1013  eps 0.010  train return  +28.38%  loss 4.38e-05  maxQ +0.0143  changes   323  9.6 min
episode 676/1013  eps 0.010  train return  +20.35%  loss 4.24e-05  maxQ +0.0141  changes   356  9.6 min
episode 677/1013  eps 0.010  train return  +90.94%  loss 4.07e-05  maxQ +0.0137  changes   387  9.6 min
episode 678/1013  eps 0.010  train return  +75.78%  loss 4.31e-05  maxQ +0.0143  changes   375  9.6 min
episode 679/1013  eps 0.010  train return  +10.59%  loss 4.15e-05  maxQ +0.0139  changes   370  9.7 min
episode 680/1013  eps 0.010  train return +160.93%  loss 4.18e-05  maxQ +0.0137  changes   413  9.7 min | val return +6.95% (best +28.60%)
episode 681/1013  eps 0.010  train return  +67.99%  loss 4.23e-05  maxQ +0.0138  changes   384  9.7 min
episode 682/1013  eps 0.010  train return +321.46%  loss 4.51e-05  maxQ +0.0143  changes   420  9.7 min
episode 683/1013  eps 0.010  train return +115.63%  loss 4.15e-05  maxQ +0.0138  changes   410  9.7 min
episode 684/1013  eps 0.010  train return   -2.87%  loss 4.21e-05  maxQ +0.0132  changes   317  9.7 min
episode 685/1013  eps 0.010  train return +100.16%  loss 4.16e-05  maxQ +0.0132  changes   373  9.8 min
episode 686/1013  eps 0.010  train return  +33.13%  loss 4.15e-05  maxQ +0.0134  changes   291  9.8 min
episode 687/1013  eps 0.010  train return  +14.76%  loss 4.18e-05  maxQ +0.0138  changes   365  9.8 min
episode 688/1013  eps 0.010  train return  +21.19%  loss 4.14e-05  maxQ +0.0138  changes   306  9.8 min
episode 689/1013  eps 0.010  train return +109.73%  loss 4.13e-05  maxQ +0.0130  changes   426  9.8 min
episode 690/1013  eps 0.010  train return +162.95%  loss 3.94e-05  maxQ +0.0127  changes   474  9.8 min | val return +2.80% (best +28.60%)
episode 691/1013  eps 0.010  train return  +60.30%  loss 4.07e-05  maxQ +0.0138  changes   370  9.8 min
episode 692/1013  eps 0.010  train return  +79.37%  loss 4.13e-05  maxQ +0.0138  changes   398  9.9 min
episode 693/1013  eps 0.010  train return  +34.21%  loss 4.44e-05  maxQ +0.0141  changes   364  9.9 min
episode 694/1013  eps 0.010  train return  +62.97%  loss 4.51e-05  maxQ +0.0140  changes   293  9.9 min
episode 695/1013  eps 0.010  train return +142.82%  loss 4.16e-05  maxQ +0.0138  changes   412  9.9 min
episode 696/1013  eps 0.010  train return  +18.84%  loss 4.14e-05  maxQ +0.0140  changes   380  9.9 min
episode 697/1013  eps 0.010  train return  +30.12%  loss 4.17e-05  maxQ +0.0143  changes   390  9.9 min
episode 698/1013  eps 0.010  train return +132.14%  loss 3.89e-05  maxQ +0.0139  changes   412  9.9 min
episode 699/1013  eps 0.010  train return  +54.94%  loss 4.23e-05  maxQ +0.0137  changes   344  10.0 min
episode 700/1013  eps 0.010  train return  +22.08%  loss 4.19e-05  maxQ +0.0138  changes   350  10.0 min | val return +11.22% (best +28.60%)
episode 701/1013  eps 0.010  train return  +87.67%  loss 3.98e-05  maxQ +0.0134  changes   362  10.0 min
episode 702/1013  eps 0.010  train return  +98.37%  loss 3.98e-05  maxQ +0.0138  changes   426  10.0 min
episode 703/1013  eps 0.010  train return  +15.43%  loss 4.03e-05  maxQ +0.0134  changes   332  10.0 min
episode 704/1013  eps 0.010  train return  +78.69%  loss 3.91e-05  maxQ +0.0129  changes   457  10.0 min
episode 705/1013  eps 0.010  train return  +76.53%  loss 3.78e-05  maxQ +0.0131  changes   405  10.1 min
episode 706/1013  eps 0.010  train return +148.67%  loss 3.91e-05  maxQ +0.0137  changes   402  10.1 min
episode 707/1013  eps 0.010  train return  +44.37%  loss 3.82e-05  maxQ +0.0136  changes   369  10.1 min
episode 708/1013  eps 0.010  train return +198.82%  loss 3.62e-05  maxQ +0.0141  changes   458  10.1 min
episode 709/1013  eps 0.010  train return  +22.80%  loss 4.07e-05  maxQ +0.0139  changes   344  10.1 min
episode 710/1013  eps 0.010  train return  +42.78%  loss 4.04e-05  maxQ +0.0143  changes   418  10.1 min | val return +1.17% (best +28.60%)
episode 711/1013  eps 0.010  train return  +45.96%  loss 3.83e-05  maxQ +0.0143  changes   330  10.2 min
episode 712/1013  eps 0.010  train return +143.22%  loss 3.66e-05  maxQ +0.0144  changes   403  10.2 min
episode 713/1013  eps 0.010  train return  +70.96%  loss 3.65e-05  maxQ +0.0140  changes   431  10.2 min
episode 714/1013  eps 0.010  train return +236.33%  loss 3.78e-05  maxQ +0.0137  changes   430  10.2 min
episode 715/1013  eps 0.010  train return +278.20%  loss 3.81e-05  maxQ +0.0132  changes   458  10.2 min
episode 716/1013  eps 0.010  train return  +46.85%  loss 3.59e-05  maxQ +0.0129  changes   416  10.2 min
episode 717/1013  eps 0.010  train return  +21.78%  loss 3.76e-05  maxQ +0.0127  changes   436  10.2 min
episode 718/1013  eps 0.010  train return  +52.47%  loss 3.71e-05  maxQ +0.0125  changes   383  10.3 min
episode 719/1013  eps 0.010  train return +187.39%  loss 3.75e-05  maxQ +0.0125  changes   441  10.3 min
episode 720/1013  eps 0.010  train return   -8.40%  loss 3.76e-05  maxQ +0.0128  changes   292  10.3 min | val return -13.19% (best +28.60%)
episode 721/1013  eps 0.010  train return  +26.19%  loss 3.39e-05  maxQ +0.0129  changes   334  10.3 min
episode 722/1013  eps 0.010  train return  +17.19%  loss 3.62e-05  maxQ +0.0126  changes   399  10.3 min
episode 723/1013  eps 0.010  train return  +15.33%  loss 3.69e-05  maxQ +0.0132  changes   338  10.3 min
episode 724/1013  eps 0.010  train return +155.70%  loss 3.38e-05  maxQ +0.0132  changes   424  10.4 min
episode 725/1013  eps 0.010  train return +367.58%  loss 3.55e-05  maxQ +0.0130  changes   441  10.4 min
episode 726/1013  eps 0.010  train return  +95.98%  loss 3.35e-05  maxQ +0.0121  changes   403  10.4 min
episode 727/1013  eps 0.010  train return  +28.12%  loss 3.57e-05  maxQ +0.0124  changes   412  10.4 min
episode 728/1013  eps 0.010  train return +202.93%  loss 3.42e-05  maxQ +0.0131  changes   451  10.4 min
episode 729/1013  eps 0.010  train return  +71.30%  loss 3.50e-05  maxQ +0.0127  changes   423  10.4 min
episode 730/1013  eps 0.010  train return +174.97%  loss 4.11e-05  maxQ +0.0125  changes   457  10.4 min | val return -14.29% (best +28.60%)
episode 731/1013  eps 0.010  train return +213.09%  loss 4.18e-05  maxQ +0.0131  changes   423  10.5 min
episode 732/1013  eps 0.010  train return +213.73%  loss 3.91e-05  maxQ +0.0127  changes   440  10.5 min
episode 733/1013  eps 0.010  train return  +43.97%  loss 3.88e-05  maxQ +0.0129  changes   348  10.5 min
episode 734/1013  eps 0.010  train return +223.72%  loss 4.05e-05  maxQ +0.0129  changes   459  10.5 min
episode 735/1013  eps 0.010  train return  +88.85%  loss 3.76e-05  maxQ +0.0129  changes   397  10.5 min
episode 736/1013  eps 0.010  train return  +25.65%  loss 3.94e-05  maxQ +0.0126  changes   383  10.5 min
episode 737/1013  eps 0.010  train return   -9.67%  loss 3.62e-05  maxQ +0.0129  changes   283  10.5 min
episode 738/1013  eps 0.010  train return  +56.66%  loss 3.70e-05  maxQ +0.0130  changes   363  10.6 min
episode 739/1013  eps 0.010  train return  +22.85%  loss 3.63e-05  maxQ +0.0127  changes   360  10.6 min
episode 740/1013  eps 0.010  train return  +16.65%  loss 3.65e-05  maxQ +0.0122  changes   352  10.6 min | val return -22.69% (best +28.60%)
episode 741/1013  eps 0.010  train return   -4.10%  loss 3.55e-05  maxQ +0.0120  changes   258  10.6 min
episode 742/1013  eps 0.010  train return +252.21%  loss 3.83e-05  maxQ +0.0125  changes   398  10.6 min
episode 743/1013  eps 0.010  train return  +61.39%  loss 3.59e-05  maxQ +0.0123  changes   386  10.6 min
episode 744/1013  eps 0.010  train return  +86.39%  loss 3.84e-05  maxQ +0.0126  changes   416  10.7 min
episode 745/1013  eps 0.010  train return  +36.63%  loss 3.75e-05  maxQ +0.0135  changes   366  10.7 min
episode 746/1013  eps 0.010  train return +233.55%  loss 3.90e-05  maxQ +0.0134  changes   464  10.7 min
episode 747/1013  eps 0.010  train return +150.72%  loss 4.11e-05  maxQ +0.0136  changes   438  10.7 min
episode 748/1013  eps 0.010  train return  +10.74%  loss 3.96e-05  maxQ +0.0134  changes   335  10.7 min
episode 749/1013  eps 0.010  train return +111.91%  loss 3.68e-05  maxQ +0.0133  changes   404  10.7 min
episode 750/1013  eps 0.010  train return  +53.51%  loss 3.78e-05  maxQ +0.0128  changes   372  10.7 min | val return -21.08% (best +28.60%)
episode 751/1013  eps 0.010  train return +104.89%  loss 3.73e-05  maxQ +0.0124  changes   398  10.8 min
episode 752/1013  eps 0.010  train return  +72.49%  loss 3.80e-05  maxQ +0.0128  changes   370  10.8 min
episode 753/1013  eps 0.010  train return  +25.83%  loss 4.32e-05  maxQ +0.0130  changes   393  10.8 min
episode 754/1013  eps 0.010  train return  +36.71%  loss 3.99e-05  maxQ +0.0132  changes   327  10.8 min
episode 755/1013  eps 0.010  train return  +38.48%  loss 3.71e-05  maxQ +0.0128  changes   366  10.8 min
episode 756/1013  eps 0.010  train return  +97.50%  loss 3.80e-05  maxQ +0.0133  changes   410  10.8 min
episode 757/1013  eps 0.010  train return +164.41%  loss 3.92e-05  maxQ +0.0123  changes   410  10.9 min
episode 758/1013  eps 0.010  train return  +52.84%  loss 3.73e-05  maxQ +0.0130  changes   396  10.9 min
episode 759/1013  eps 0.010  train return +295.28%  loss 3.89e-05  maxQ +0.0132  changes   440  10.9 min
episode 760/1013  eps 0.010  train return  +70.64%  loss 3.97e-05  maxQ +0.0129  changes   407  10.9 min | val return -26.34% (best +28.60%)
episode 761/1013  eps 0.010  train return  +78.64%  loss 3.99e-05  maxQ +0.0127  changes   402  10.9 min
episode 762/1013  eps 0.010  train return  +32.89%  loss 3.84e-05  maxQ +0.0132  changes   372  10.9 min
episode 763/1013  eps 0.010  train return  +16.70%  loss 3.85e-05  maxQ +0.0131  changes   344  11.0 min
episode 764/1013  eps 0.010  train return  +43.86%  loss 3.80e-05  maxQ +0.0129  changes   386  11.0 min
episode 765/1013  eps 0.010  train return  +92.78%  loss 3.91e-05  maxQ +0.0130  changes   390  11.0 min
episode 766/1013  eps 0.010  train return  +17.53%  loss 3.94e-05  maxQ +0.0128  changes   315  11.0 min
episode 767/1013  eps 0.010  train return +343.68%  loss 3.95e-05  maxQ +0.0132  changes   458  11.0 min
episode 768/1013  eps 0.010  train return  +43.22%  loss 3.83e-05  maxQ +0.0134  changes   356  11.0 min
episode 769/1013  eps 0.010  train return +258.38%  loss 3.97e-05  maxQ +0.0131  changes   392  11.0 min
episode 770/1013  eps 0.010  train return  +29.15%  loss 3.90e-05  maxQ +0.0130  changes   313  11.1 min | val return -19.96% (best +28.60%)
episode 771/1013  eps 0.010  train return  +57.56%  loss 4.06e-05  maxQ +0.0132  changes   331  11.1 min
episode 772/1013  eps 0.010  train return  +51.03%  loss 4.67e-05  maxQ +0.0138  changes   347  11.1 min
episode 773/1013  eps 0.010  train return  +37.68%  loss 4.23e-05  maxQ +0.0135  changes   394  11.1 min
episode 774/1013  eps 0.010  train return  +33.26%  loss 3.89e-05  maxQ +0.0141  changes   325  11.1 min
episode 775/1013  eps 0.010  train return +279.48%  loss 4.04e-05  maxQ +0.0139  changes   456  11.2 min
episode 776/1013  eps 0.010  train return +165.94%  loss 3.89e-05  maxQ +0.0134  changes   453  11.2 min
episode 777/1013  eps 0.010  train return  +18.84%  loss 3.87e-05  maxQ +0.0133  changes   306  11.2 min
episode 778/1013  eps 0.010  train return +250.08%  loss 3.95e-05  maxQ +0.0128  changes   429  11.2 min
episode 779/1013  eps 0.010  train return  +53.39%  loss 3.52e-05  maxQ +0.0127  changes   368  11.2 min
episode 780/1013  eps 0.010  train return +244.55%  loss 3.86e-05  maxQ +0.0132  changes   441  11.2 min | val return -11.63% (best +28.60%)
episode 781/1013  eps 0.010  train return  +37.58%  loss 3.57e-05  maxQ +0.0120  changes   368  11.3 min
episode 782/1013  eps 0.010  train return  +16.31%  loss 4.05e-05  maxQ +0.0125  changes   344  11.3 min
episode 783/1013  eps 0.010  train return +124.15%  loss 4.10e-05  maxQ +0.0132  changes   445  11.3 min
episode 784/1013  eps 0.010  train return +224.73%  loss 3.97e-05  maxQ +0.0126  changes   425  11.4 min
episode 785/1013  eps 0.010  train return +559.08%  loss 3.82e-05  maxQ +0.0123  changes   450  11.4 min
episode 786/1013  eps 0.010  train return +138.38%  loss 3.93e-05  maxQ +0.0124  changes   443  11.4 min
episode 787/1013  eps 0.010  train return  +26.68%  loss 3.64e-05  maxQ +0.0128  changes   369  11.4 min
episode 788/1013  eps 0.010  train return  +47.80%  loss 3.91e-05  maxQ +0.0131  changes   375  11.4 min
episode 789/1013  eps 0.010  train return +118.38%  loss 3.95e-05  maxQ +0.0130  changes   425  11.5 min
episode 790/1013  eps 0.010  train return   -3.87%  loss 4.01e-05  maxQ +0.0133  changes   303  11.5 min | val return +1.15% (best +28.60%)
episode 791/1013  eps 0.010  train return  +22.00%  loss 3.91e-05  maxQ +0.0129  changes   372  11.5 min
episode 792/1013  eps 0.010  train return +419.41%  loss 3.95e-05  maxQ +0.0131  changes   433  11.5 min
episode 793/1013  eps 0.010  train return   -1.10%  loss 4.00e-05  maxQ +0.0133  changes   297  11.5 min
episode 794/1013  eps 0.010  train return +321.33%  loss 4.32e-05  maxQ +0.0136  changes   426  11.5 min
episode 795/1013  eps 0.010  train return  +33.10%  loss 3.92e-05  maxQ +0.0138  changes   370  11.6 min
episode 796/1013  eps 0.010  train return +296.23%  loss 3.87e-05  maxQ +0.0129  changes   414  11.6 min
episode 797/1013  eps 0.010  train return  +80.07%  loss 4.04e-05  maxQ +0.0132  changes   413  11.6 min
episode 798/1013  eps 0.010  train return  +52.77%  loss 4.13e-05  maxQ +0.0136  changes   368  11.6 min
episode 799/1013  eps 0.010  train return +103.07%  loss 3.71e-05  maxQ +0.0133  changes   400  11.6 min
episode 800/1013  eps 0.010  train return  +46.50%  loss 4.33e-05  maxQ +0.0135  changes   402  11.6 min | val return -2.63% (best +28.60%)
episode 801/1013  eps 0.010  train return  +46.33%  loss 3.92e-05  maxQ +0.0122  changes   384  11.7 min
episode 802/1013  eps 0.010  train return +596.71%  loss 3.84e-05  maxQ +0.0122  changes   438  11.7 min
episode 803/1013  eps 0.010  train return +211.35%  loss 3.80e-05  maxQ +0.0122  changes   451  11.7 min
episode 804/1013  eps 0.010  train return +321.97%  loss 3.58e-05  maxQ +0.0128  changes   430  11.7 min
episode 805/1013  eps 0.010  train return +653.18%  loss 3.79e-05  maxQ +0.0122  changes   463  11.7 min
episode 806/1013  eps 0.010  train return  +66.78%  loss 4.09e-05  maxQ +0.0128  changes   365  11.7 min
episode 807/1013  eps 0.010  train return  +92.04%  loss 4.04e-05  maxQ +0.0131  changes   436  11.8 min
episode 808/1013  eps 0.010  train return +365.56%  loss 4.09e-05  maxQ +0.0139  changes   445  11.8 min
episode 809/1013  eps 0.010  train return +138.39%  loss 4.01e-05  maxQ +0.0141  changes   472  11.8 min
episode 810/1013  eps 0.010  train return  +42.67%  loss 4.06e-05  maxQ +0.0136  changes   382  11.8 min | val return -10.56% (best +28.60%)
episode 811/1013  eps 0.010  train return +129.68%  loss 3.99e-05  maxQ +0.0137  changes   464  11.8 min
episode 812/1013  eps 0.010  train return  +24.39%  loss 4.01e-05  maxQ +0.0136  changes   326  11.9 min
episode 813/1013  eps 0.010  train return  +30.70%  loss 4.01e-05  maxQ +0.0133  changes   371  11.9 min
episode 814/1013  eps 0.010  train return  +80.03%  loss 4.31e-05  maxQ +0.0136  changes   415  11.9 min
episode 815/1013  eps 0.010  train return +238.63%  loss 4.46e-05  maxQ +0.0145  changes   458  11.9 min
episode 816/1013  eps 0.010  train return +227.88%  loss 4.46e-05  maxQ +0.0142  changes   412  11.9 min
episode 817/1013  eps 0.010  train return  +21.89%  loss 4.42e-05  maxQ +0.0144  changes   365  11.9 min
episode 818/1013  eps 0.010  train return  +16.08%  loss 4.32e-05  maxQ +0.0144  changes   297  11.9 min
episode 819/1013  eps 0.010  train return +132.57%  loss 3.98e-05  maxQ +0.0144  changes   420  12.0 min
episode 820/1013  eps 0.010  train return   +9.81%  loss 3.89e-05  maxQ +0.0143  changes   344  12.0 min | val return -12.40% (best +28.60%)
episode 821/1013  eps 0.010  train return  +29.31%  loss 4.02e-05  maxQ +0.0136  changes   380  12.0 min
episode 822/1013  eps 0.010  train return  +33.76%  loss 3.96e-05  maxQ +0.0132  changes   370  12.0 min
episode 823/1013  eps 0.010  train return  +47.76%  loss 4.08e-05  maxQ +0.0133  changes   408  12.0 min
episode 824/1013  eps 0.010  train return  +63.19%  loss 4.01e-05  maxQ +0.0132  changes   385  12.0 min
episode 825/1013  eps 0.010  train return   +6.94%  loss 3.81e-05  maxQ +0.0133  changes   314  12.1 min
episode 826/1013  eps 0.010  train return   +1.14%  loss 3.85e-05  maxQ +0.0133  changes   387  12.1 min
episode 827/1013  eps 0.010  train return +222.21%  loss 3.86e-05  maxQ +0.0139  changes   465  12.1 min
episode 828/1013  eps 0.010  train return  +70.64%  loss 3.89e-05  maxQ +0.0137  changes   389  12.1 min
episode 829/1013  eps 0.010  train return +148.48%  loss 3.74e-05  maxQ +0.0134  changes   411  12.1 min
episode 830/1013  eps 0.010  train return  +91.90%  loss 3.94e-05  maxQ +0.0135  changes   391  12.1 min | val return -3.73% (best +28.60%)
episode 831/1013  eps 0.010  train return   -1.68%  loss 3.81e-05  maxQ +0.0140  changes   350  12.2 min
episode 832/1013  eps 0.010  train return  +74.94%  loss 4.01e-05  maxQ +0.0137  changes   397  12.2 min
episode 833/1013  eps 0.010  train return +105.40%  loss 3.65e-05  maxQ +0.0134  changes   394  12.2 min
episode 834/1013  eps 0.010  train return  +82.53%  loss 3.78e-05  maxQ +0.0135  changes   395  12.2 min
episode 835/1013  eps 0.010  train return  +35.30%  loss 3.89e-05  maxQ +0.0135  changes   351  12.2 min
episode 836/1013  eps 0.010  train return +127.26%  loss 3.87e-05  maxQ +0.0131  changes   402  12.2 min
episode 837/1013  eps 0.010  train return +944.69%  loss 4.14e-05  maxQ +0.0146  changes   459  12.3 min
episode 838/1013  eps 0.010  train return  +18.74%  loss 4.25e-05  maxQ +0.0138  changes   387  12.3 min
episode 839/1013  eps 0.010  train return  +83.20%  loss 3.89e-05  maxQ +0.0136  changes   401  12.3 min
episode 840/1013  eps 0.010  train return +141.20%  loss 3.88e-05  maxQ +0.0138  changes   435  12.3 min | val return -18.41% (best +28.60%)
episode 841/1013  eps 0.010  train return  +80.22%  loss 4.11e-05  maxQ +0.0136  changes   377  12.3 min
episode 842/1013  eps 0.010  train return  +70.78%  loss 4.02e-05  maxQ +0.0135  changes   347  12.4 min
episode 843/1013  eps 0.010  train return +132.84%  loss 3.84e-05  maxQ +0.0140  changes   426  12.4 min
episode 844/1013  eps 0.010  train return +962.88%  loss 4.32e-05  maxQ +0.0143  changes   456  12.4 min
episode 845/1013  eps 0.010  train return  +63.99%  loss 4.50e-05  maxQ +0.0144  changes   360  12.4 min
episode 846/1013  eps 0.010  train return  +25.14%  loss 4.13e-05  maxQ +0.0145  changes   349  12.4 min
episode 847/1013  eps 0.010  train return  +37.66%  loss 4.08e-05  maxQ +0.0146  changes   374  12.4 min
episode 848/1013  eps 0.010  train return  +42.95%  loss 4.20e-05  maxQ +0.0148  changes   381  12.4 min
episode 849/1013  eps 0.010  train return  +61.90%  loss 4.02e-05  maxQ +0.0142  changes   416  12.5 min
episode 850/1013  eps 0.010  train return  +36.24%  loss 3.87e-05  maxQ +0.0143  changes   357  12.5 min | val return -18.07% (best +28.60%)
episode 851/1013  eps 0.010  train return +108.63%  loss 4.04e-05  maxQ +0.0141  changes   372  12.5 min
episode 852/1013  eps 0.010  train return +171.43%  loss 3.95e-05  maxQ +0.0145  changes   415  12.5 min
episode 853/1013  eps 0.010  train return  +43.65%  loss 4.22e-05  maxQ +0.0140  changes   387  12.5 min
episode 854/1013  eps 0.010  train return  +99.39%  loss 4.08e-05  maxQ +0.0145  changes   402  12.5 min
episode 855/1013  eps 0.010  train return  +88.06%  loss 3.91e-05  maxQ +0.0139  changes   379  12.6 min
episode 856/1013  eps 0.010  train return  +98.78%  loss 3.86e-05  maxQ +0.0138  changes   379  12.6 min
episode 857/1013  eps 0.010  train return  +46.54%  loss 3.87e-05  maxQ +0.0132  changes   360  12.6 min
episode 858/1013  eps 0.010  train return +208.09%  loss 3.95e-05  maxQ +0.0137  changes   432  12.6 min
episode 859/1013  eps 0.010  train return  +85.81%  loss 3.99e-05  maxQ +0.0131  changes   411  12.6 min
episode 860/1013  eps 0.010  train return  +91.50%  loss 4.01e-05  maxQ +0.0137  changes   405  12.6 min | val return -13.04% (best +28.60%)
episode 861/1013  eps 0.010  train return  +12.84%  loss 3.89e-05  maxQ +0.0140  changes   378  12.7 min
episode 862/1013  eps 0.010  train return  +66.44%  loss 4.08e-05  maxQ +0.0140  changes   395  12.7 min
episode 863/1013  eps 0.010  train return  +16.60%  loss 3.73e-05  maxQ +0.0141  changes   341  12.7 min
episode 864/1013  eps 0.010  train return +325.03%  loss 3.82e-05  maxQ +0.0139  changes   399  12.7 min
episode 865/1013  eps 0.010  train return  +46.08%  loss 3.77e-05  maxQ +0.0142  changes   367  12.7 min
episode 866/1013  eps 0.010  train return  +75.03%  loss 3.96e-05  maxQ +0.0137  changes   389  12.7 min
episode 867/1013  eps 0.010  train return   -3.49%  loss 3.68e-05  maxQ +0.0137  changes   304  12.8 min
episode 868/1013  eps 0.010  train return +176.35%  loss 3.78e-05  maxQ +0.0135  changes   410  12.8 min
episode 869/1013  eps 0.010  train return +1306.56%  loss 3.82e-05  maxQ +0.0134  changes   435  12.8 min
episode 870/1013  eps 0.010  train return +293.20%  loss 3.98e-05  maxQ +0.0137  changes   425  12.8 min | val return -15.71% (best +28.60%)
episode 871/1013  eps 0.010  train return  +28.70%  loss 3.86e-05  maxQ +0.0134  changes   343  12.8 min
episode 872/1013  eps 0.010  train return  +12.26%  loss 3.82e-05  maxQ +0.0135  changes   352  12.8 min
episode 873/1013  eps 0.010  train return  +31.32%  loss 3.54e-05  maxQ +0.0132  changes   376  12.9 min
episode 874/1013  eps 0.010  train return +142.87%  loss 3.74e-05  maxQ +0.0133  changes   407  12.9 min
episode 875/1013  eps 0.010  train return +155.86%  loss 3.84e-05  maxQ +0.0140  changes   417  12.9 min
episode 876/1013  eps 0.010  train return  +41.46%  loss 3.96e-05  maxQ +0.0137  changes   392  12.9 min
episode 877/1013  eps 0.010  train return +168.15%  loss 3.66e-05  maxQ +0.0128  changes   417  12.9 min
episode 878/1013  eps 0.010  train return  +15.37%  loss 3.67e-05  maxQ +0.0128  changes   340  12.9 min
episode 879/1013  eps 0.010  train return  +89.60%  loss 3.52e-05  maxQ +0.0127  changes   397  13.0 min
episode 880/1013  eps 0.010  train return  +21.15%  loss 3.63e-05  maxQ +0.0128  changes   333  13.0 min | val return -10.37% (best +28.60%)
episode 881/1013  eps 0.010  train return  +11.34%  loss 3.66e-05  maxQ +0.0131  changes   297  13.0 min
episode 882/1013  eps 0.010  train return  +97.95%  loss 3.63e-05  maxQ +0.0130  changes   417  13.0 min
episode 883/1013  eps 0.010  train return  +79.43%  loss 3.58e-05  maxQ +0.0131  changes   384  13.0 min
episode 884/1013  eps 0.010  train return  +16.25%  loss 3.79e-05  maxQ +0.0137  changes   401  13.0 min
episode 885/1013  eps 0.010  train return +182.73%  loss 3.51e-05  maxQ +0.0128  changes   418  13.1 min
episode 886/1013  eps 0.010  train return  +66.56%  loss 3.56e-05  maxQ +0.0127  changes   395  13.1 min
episode 887/1013  eps 0.010  train return  +75.94%  loss 3.58e-05  maxQ +0.0132  changes   365  13.1 min
episode 888/1013  eps 0.010  train return +186.45%  loss 3.41e-05  maxQ +0.0132  changes   445  13.1 min
episode 889/1013  eps 0.010  train return +250.96%  loss 3.48e-05  maxQ +0.0128  changes   384  13.1 min
episode 890/1013  eps 0.010  train return  +90.61%  loss 3.94e-05  maxQ +0.0134  changes   425  13.1 min | val return +5.48% (best +28.60%)
episode 891/1013  eps 0.010  train return +193.19%  loss 4.02e-05  maxQ +0.0133  changes   388  13.2 min
episode 892/1013  eps 0.010  train return +125.54%  loss 3.69e-05  maxQ +0.0135  changes   410  13.2 min
episode 893/1013  eps 0.010  train return   +2.29%  loss 3.66e-05  maxQ +0.0130  changes   380  13.2 min
episode 894/1013  eps 0.010  train return   -1.31%  loss 3.37e-05  maxQ +0.0131  changes   388  13.2 min
episode 895/1013  eps 0.010  train return +132.49%  loss 3.76e-05  maxQ +0.0132  changes   404  13.2 min
episode 896/1013  eps 0.010  train return +311.57%  loss 3.73e-05  maxQ +0.0132  changes   409  13.2 min
episode 897/1013  eps 0.010  train return +120.48%  loss 3.91e-05  maxQ +0.0134  changes   401  13.2 min
episode 898/1013  eps 0.010  train return +178.37%  loss 4.08e-05  maxQ +0.0141  changes   440  13.3 min
episode 899/1013  eps 0.010  train return  +22.06%  loss 3.95e-05  maxQ +0.0140  changes   356  13.3 min
episode 900/1013  eps 0.010  train return +180.48%  loss 4.02e-05  maxQ +0.0144  changes   397  13.3 min | val return -9.85% (best +28.60%)
episode 901/1013  eps 0.010  train return +239.09%  loss 4.12e-05  maxQ +0.0142  changes   447  13.3 min
episode 902/1013  eps 0.010  train return  +82.97%  loss 4.05e-05  maxQ +0.0138  changes   391  13.3 min
episode 903/1013  eps 0.010  train return +149.25%  loss 4.21e-05  maxQ +0.0145  changes   433  13.4 min
episode 904/1013  eps 0.010  train return +240.92%  loss 4.02e-05  maxQ +0.0143  changes   441  13.4 min
episode 905/1013  eps 0.010  train return +364.49%  loss 4.02e-05  maxQ +0.0144  changes   408  13.4 min
episode 906/1013  eps 0.010  train return  +24.05%  loss 4.29e-05  maxQ +0.0145  changes   404  13.4 min
episode 907/1013  eps 0.010  train return +246.28%  loss 4.10e-05  maxQ +0.0147  changes   406  13.4 min
episode 908/1013  eps 0.010  train return  +64.68%  loss 3.99e-05  maxQ +0.0143  changes   359  13.4 min
episode 909/1013  eps 0.010  train return +365.03%  loss 4.06e-05  maxQ +0.0144  changes   426  13.4 min
episode 910/1013  eps 0.010  train return  +65.37%  loss 4.31e-05  maxQ +0.0146  changes   409  13.5 min | val return -12.06% (best +28.60%)
episode 911/1013  eps 0.010  train return  +46.98%  loss 4.19e-05  maxQ +0.0142  changes   395  13.5 min
episode 912/1013  eps 0.010  train return  +36.63%  loss 3.95e-05  maxQ +0.0141  changes   367  13.5 min
episode 913/1013  eps 0.010  train return  +15.39%  loss 3.69e-05  maxQ +0.0135  changes   342  13.5 min
episode 914/1013  eps 0.010  train return +397.98%  loss 3.60e-05  maxQ +0.0137  changes   442  13.5 min
episode 915/1013  eps 0.010  train return  +10.58%  loss 3.75e-05  maxQ +0.0142  changes   336  13.6 min
episode 916/1013  eps 0.010  train return  +79.00%  loss 4.16e-05  maxQ +0.0143  changes   372  13.6 min
episode 917/1013  eps 0.010  train return  +77.70%  loss 4.08e-05  maxQ +0.0143  changes   386  13.6 min
episode 918/1013  eps 0.010  train return  +94.10%  loss 3.99e-05  maxQ +0.0144  changes   411  13.6 min
episode 919/1013  eps 0.010  train return  +35.03%  loss 4.16e-05  maxQ +0.0144  changes   362  13.6 min
episode 920/1013  eps 0.010  train return  +66.90%  loss 3.82e-05  maxQ +0.0138  changes   367  13.6 min | val return +1.64% (best +28.60%)
episode 921/1013  eps 0.010  train return +223.80%  loss 3.94e-05  maxQ +0.0140  changes   416  13.7 min
episode 922/1013  eps 0.010  train return  +91.41%  loss 4.04e-05  maxQ +0.0146  changes   389  13.7 min
episode 923/1013  eps 0.010  train return   +9.25%  loss 4.09e-05  maxQ +0.0145  changes   296  13.7 min
episode 924/1013  eps 0.010  train return  +22.97%  loss 4.08e-05  maxQ +0.0148  changes   353  13.7 min
episode 925/1013  eps 0.010  train return +173.23%  loss 4.49e-05  maxQ +0.0148  changes   423  13.7 min
episode 926/1013  eps 0.010  train return  +22.04%  loss 4.17e-05  maxQ +0.0146  changes   353  13.7 min
episode 927/1013  eps 0.010  train return  +47.59%  loss 3.91e-05  maxQ +0.0151  changes   362  13.7 min
episode 928/1013  eps 0.010  train return  +95.87%  loss 4.19e-05  maxQ +0.0138  changes   398  13.8 min
episode 929/1013  eps 0.010  train return  +82.49%  loss 4.04e-05  maxQ +0.0143  changes   383  13.8 min
episode 930/1013  eps 0.010  train return  +80.34%  loss 4.07e-05  maxQ +0.0147  changes   396  13.8 min | val return -6.55% (best +28.60%)
episode 931/1013  eps 0.010  train return  +53.11%  loss 4.21e-05  maxQ +0.0153  changes   361  13.8 min
episode 932/1013  eps 0.010  train return  +19.91%  loss 4.20e-05  maxQ +0.0153  changes   351  13.8 min
episode 933/1013  eps 0.010  train return +178.39%  loss 3.99e-05  maxQ +0.0147  changes   452  13.9 min
episode 934/1013  eps 0.010  train return  +47.73%  loss 3.95e-05  maxQ +0.0142  changes   365  13.9 min
episode 935/1013  eps 0.010  train return  +32.19%  loss 4.31e-05  maxQ +0.0148  changes   401  13.9 min
episode 936/1013  eps 0.010  train return +149.93%  loss 4.07e-05  maxQ +0.0156  changes   460  13.9 min
episode 937/1013  eps 0.010  train return +287.13%  loss 4.34e-05  maxQ +0.0154  changes   444  13.9 min
episode 938/1013  eps 0.010  train return +136.75%  loss 4.14e-05  maxQ +0.0153  changes   456  13.9 min
episode 939/1013  eps 0.010  train return +191.11%  loss 3.98e-05  maxQ +0.0148  changes   413  13.9 min
episode 940/1013  eps 0.010  train return   +2.52%  loss 3.78e-05  maxQ +0.0142  changes   371  14.0 min | val return -0.74% (best +28.60%)
episode 941/1013  eps 0.010  train return +151.70%  loss 4.12e-05  maxQ +0.0136  changes   411  14.0 min
episode 942/1013  eps 0.010  train return +365.27%  loss 4.05e-05  maxQ +0.0143  changes   417  14.0 min
episode 943/1013  eps 0.010  train return +107.60%  loss 3.88e-05  maxQ +0.0141  changes   409  14.0 min
episode 944/1013  eps 0.010  train return   -6.82%  loss 4.10e-05  maxQ +0.0137  changes   292  14.0 min
episode 945/1013  eps 0.010  train return  +94.78%  loss 3.81e-05  maxQ +0.0134  changes   412  14.0 min
episode 946/1013  eps 0.010  train return  +14.74%  loss 3.77e-05  maxQ +0.0138  changes   384  14.1 min
episode 947/1013  eps 0.010  train return +140.99%  loss 3.96e-05  maxQ +0.0135  changes   450  14.1 min
episode 948/1013  eps 0.010  train return  +69.15%  loss 4.19e-05  maxQ +0.0134  changes   426  14.1 min
episode 949/1013  eps 0.010  train return  +23.49%  loss 3.78e-05  maxQ +0.0136  changes   345  14.1 min
episode 950/1013  eps 0.010  train return  +32.93%  loss 3.75e-05  maxQ +0.0142  changes   391  14.1 min | val return -6.16% (best +28.60%)
episode 951/1013  eps 0.010  train return +235.71%  loss 3.97e-05  maxQ +0.0135  changes   447  14.1 min
episode 952/1013  eps 0.010  train return  +81.16%  loss 4.18e-05  maxQ +0.0137  changes   357  14.2 min
episode 953/1013  eps 0.010  train return +176.98%  loss 3.98e-05  maxQ +0.0136  changes   442  14.2 min
episode 954/1013  eps 0.010  train return  +82.53%  loss 4.22e-05  maxQ +0.0139  changes   389  14.2 min
episode 955/1013  eps 0.010  train return  +14.17%  loss 3.96e-05  maxQ +0.0136  changes   307  14.2 min
episode 956/1013  eps 0.010  train return  +36.40%  loss 4.23e-05  maxQ +0.0139  changes   404  14.2 min
episode 957/1013  eps 0.010  train return  +47.02%  loss 3.91e-05  maxQ +0.0138  changes   411  14.2 min
episode 958/1013  eps 0.010  train return +144.22%  loss 3.90e-05  maxQ +0.0135  changes   410  14.3 min
episode 959/1013  eps 0.010  train return  +48.26%  loss 3.94e-05  maxQ +0.0127  changes   370  14.3 min
episode 960/1013  eps 0.010  train return   +8.94%  loss 4.06e-05  maxQ +0.0135  changes   316  14.3 min | val return -18.89% (best +28.60%)
episode 961/1013  eps 0.010  train return +249.83%  loss 4.26e-05  maxQ +0.0133  changes   422  14.3 min
episode 962/1013  eps 0.010  train return  +42.48%  loss 3.75e-05  maxQ +0.0135  changes   349  14.3 min
episode 963/1013  eps 0.010  train return +101.86%  loss 4.20e-05  maxQ +0.0137  changes   398  14.3 min
episode 964/1013  eps 0.010  train return  +35.49%  loss 4.04e-05  maxQ +0.0139  changes   366  14.4 min
episode 965/1013  eps 0.010  train return  +41.25%  loss 4.29e-05  maxQ +0.0145  changes   374  14.4 min
episode 966/1013  eps 0.010  train return +200.49%  loss 4.00e-05  maxQ +0.0145  changes   459  14.4 min
episode 967/1013  eps 0.010  train return +307.28%  loss 3.91e-05  maxQ +0.0147  changes   415  14.4 min
episode 968/1013  eps 0.010  train return  +65.32%  loss 4.16e-05  maxQ +0.0145  changes   368  14.4 min
episode 969/1013  eps 0.010  train return  +62.53%  loss 4.12e-05  maxQ +0.0147  changes   379  14.4 min
episode 970/1013  eps 0.010  train return +196.90%  loss 3.90e-05  maxQ +0.0142  changes   409  14.4 min | val return -3.84% (best +28.60%)
episode 971/1013  eps 0.010  train return  +63.84%  loss 3.88e-05  maxQ +0.0145  changes   360  14.5 min
episode 972/1013  eps 0.010  train return +195.43%  loss 3.96e-05  maxQ +0.0142  changes   406  14.5 min
episode 973/1013  eps 0.010  train return  +80.52%  loss 3.84e-05  maxQ +0.0140  changes   380  14.5 min
episode 974/1013  eps 0.010  train return +397.69%  loss 3.71e-05  maxQ +0.0142  changes   433  14.5 min
episode 975/1013  eps 0.010  train return  +23.05%  loss 3.74e-05  maxQ +0.0150  changes   339  14.5 min
episode 976/1013  eps 0.010  train return +139.97%  loss 4.05e-05  maxQ +0.0144  changes   363  14.5 min
episode 977/1013  eps 0.010  train return  +47.05%  loss 3.72e-05  maxQ +0.0143  changes   354  14.6 min
episode 978/1013  eps 0.010  train return  +32.37%  loss 3.84e-05  maxQ +0.0138  changes   362  14.6 min
episode 979/1013  eps 0.010  train return  +19.02%  loss 3.84e-05  maxQ +0.0137  changes   351  14.6 min
episode 980/1013  eps 0.010  train return  +77.29%  loss 3.87e-05  maxQ +0.0130  changes   398  14.6 min | val return +5.94% (best +28.60%)
episode 981/1013  eps 0.010  train return +247.92%  loss 3.90e-05  maxQ +0.0136  changes   479  14.6 min
episode 982/1013  eps 0.010  train return +127.17%  loss 4.04e-05  maxQ +0.0132  changes   419  14.7 min
episode 983/1013  eps 0.010  train return +159.77%  loss 3.82e-05  maxQ +0.0131  changes   358  14.7 min
episode 984/1013  eps 0.010  train return  +27.95%  loss 3.57e-05  maxQ +0.0128  changes   361  14.7 min
episode 985/1013  eps 0.010  train return  +47.49%  loss 3.80e-05  maxQ +0.0133  changes   342  14.7 min
episode 986/1013  eps 0.010  train return +329.44%  loss 3.37e-05  maxQ +0.0135  changes   444  14.7 min
episode 987/1013  eps 0.010  train return  +40.85%  loss 3.88e-05  maxQ +0.0137  changes   348  14.7 min
episode 988/1013  eps 0.010  train return  +41.86%  loss 4.01e-05  maxQ +0.0137  changes   371  14.8 min
episode 989/1013  eps 0.010  train return  +32.44%  loss 3.50e-05  maxQ +0.0141  changes   326  14.8 min
episode 990/1013  eps 0.010  train return +313.68%  loss 3.66e-05  maxQ +0.0136  changes   407  14.8 min | val return -4.55% (best +28.60%)
episode 991/1013  eps 0.010  train return  +49.87%  loss 3.81e-05  maxQ +0.0133  changes   371  14.8 min
episode 992/1013  eps 0.010  train return  +76.73%  loss 3.80e-05  maxQ +0.0130  changes   438  14.8 min
episode 993/1013  eps 0.010  train return  +77.21%  loss 3.95e-05  maxQ +0.0134  changes   381  14.8 min
episode 994/1013  eps 0.010  train return +101.79%  loss 4.18e-05  maxQ +0.0140  changes   418  14.9 min
episode 995/1013  eps 0.010  train return +108.38%  loss 3.77e-05  maxQ +0.0138  changes   383  14.9 min
episode 996/1013  eps 0.010  train return  +25.63%  loss 3.61e-05  maxQ +0.0139  changes   365  14.9 min
episode 997/1013  eps 0.010  train return +269.53%  loss 3.84e-05  maxQ +0.0140  changes   418  14.9 min
episode 998/1013  eps 0.010  train return +148.50%  loss 4.11e-05  maxQ +0.0143  changes   425  14.9 min
episode 999/1013  eps 0.010  train return +218.81%  loss 3.90e-05  maxQ +0.0145  changes   440  14.9 min
episode 1000/1013  eps 0.010  train return  +67.60%  loss 4.24e-05  maxQ +0.0143  changes   363  14.9 min | val return -6.92% (best +28.60%)
episode 1001/1013  eps 0.010  train return  +27.50%  loss 3.82e-05  maxQ +0.0137  changes   351  15.0 min
episode 1002/1013  eps 0.010  train return  +59.31%  loss 3.95e-05  maxQ +0.0137  changes   365  15.0 min
episode 1003/1013  eps 0.010  train return +188.32%  loss 4.00e-05  maxQ +0.0134  changes   416  15.0 min
episode 1004/1013  eps 0.010  train return   +1.59%  loss 3.98e-05  maxQ +0.0132  changes   276  15.0 min
episode 1005/1013  eps 0.010  train return  +21.83%  loss 3.99e-05  maxQ +0.0141  changes   330  15.0 min
episode 1006/1013  eps 0.010  train return +152.13%  loss 3.82e-05  maxQ +0.0139  changes   427  15.1 min
episode 1007/1013  eps 0.010  train return +423.45%  loss 3.75e-05  maxQ +0.0137  changes   409  15.1 min
episode 1008/1013  eps 0.010  train return  +44.70%  loss 3.76e-05  maxQ +0.0138  changes   354  15.1 min
episode 1009/1013  eps 0.010  train return +112.97%  loss 3.55e-05  maxQ +0.0132  changes   414  15.1 min
episode 1010/1013  eps 0.010  train return  +63.45%  loss 3.72e-05  maxQ +0.0138  changes   378  15.1 min | val return -6.92% (best +28.60%)
episode 1011/1013  eps 0.010  train return  +75.66%  loss 3.43e-05  maxQ +0.0132  changes   418  15.1 min
episode 1012/1013  eps 0.010  train return +338.20%  loss 3.57e-05  maxQ +0.0136  changes   416  15.2 min
episode 1013/1013  eps 0.010  train return  +37.06%  loss 3.58e-05  maxQ +0.0131  changes   351  15.2 min | val return -1.94% (best +28.60%)
model    env  portfolio_return  excess_return  n_changes
 last    val         -0.019566       0.023052      850.4
 last val_w1          0.035605       0.062520      439.4
 last val_w2         -0.045107      -0.029673      426.8
 best    val          0.285173       0.327791      720.7
 best val_w1          0.240610       0.267526      385.7
 best val_w2          0.042865       0.058298      344.8
