Downloaded data: 30,528 candles, 2023-03-25 00:00:00+00:00 to 2026-09-16 23:00:00+00:00; no missing hours
dev_train: 28,152 candles, 2023-04-01 00:00:00+00:00 to 2026-06-16 23:00:00+00:00; no missing hours
val: 1,464 candles, 2026-06-17 00:00:00+00:00 to 2026-08-16 23:00:00+00:00; no missing hours
eval: 744 candles, 2026-08-17 00:00:00+00:00 to 2026-09-16 23:00:00+00:00; no missing hours
episode   1/1013  eps 1.000  train return   -6.98%  loss 1.40e-03  maxQ +0.1560  changes   585  0.0 min
episode   2/1013  eps 0.991  train return   +6.28%  loss 5.15e-04  maxQ +0.1695  changes   569  0.0 min
episode   3/1013  eps 0.982  train return  -13.41%  loss 3.59e-04  maxQ +0.1741  changes   559  0.0 min
episode   4/1013  eps 0.973  train return  -16.93%  loss 2.70e-04  maxQ +0.1680  changes   580  0.1 min
episode   5/1013  eps 0.964  train return   -8.35%  loss 2.90e-04  maxQ +0.1625  changes   580  0.1 min
episode   6/1013  eps 0.955  train return  -16.40%  loss 4.21e-04  maxQ +0.1524  changes   547  0.1 min
episode   7/1013  eps 0.947  train return  -24.43%  loss 3.52e-04  maxQ +0.1465  changes   586  0.1 min
episode   8/1013  eps 0.938  train return   -3.75%  loss 3.14e-04  maxQ +0.1401  changes   566  0.1 min
episode   9/1013  eps 0.929  train return  -30.44%  loss 2.98e-04  maxQ +0.1391  changes   581  0.1 min
episode  10/1013  eps 0.921  train return  -11.12%  loss 2.86e-04  maxQ +0.1315  changes   586  0.1 min | val return +0.84% (best +0.84%)
episode  11/1013  eps 0.913  train return   -9.66%  loss 2.68e-04  maxQ +0.1263  changes   577  0.2 min
episode  12/1013  eps 0.904  train return  -20.62%  loss 2.96e-04  maxQ +0.1237  changes   582  0.2 min
episode  13/1013  eps 0.896  train return   +8.86%  loss 3.36e-04  maxQ +0.1263  changes   562  0.2 min
episode  14/1013  eps 0.888  train return  -17.17%  loss 2.61e-04  maxQ +0.1161  changes   572  0.2 min
episode  15/1013  eps 0.880  train return  -22.37%  loss 2.98e-04  maxQ +0.1130  changes   560  0.2 min
episode  16/1013  eps 0.872  train return   -5.08%  loss 2.72e-04  maxQ +0.1109  changes   568  0.2 min
episode  17/1013  eps 0.864  train return  -13.65%  loss 2.38e-04  maxQ +0.1041  changes   564  0.2 min
episode  18/1013  eps 0.856  train return   -6.85%  loss 2.40e-04  maxQ +0.1014  changes   565  0.2 min
episode  19/1013  eps 0.848  train return  -13.23%  loss 2.63e-04  maxQ +0.1020  changes   579  0.3 min
episode  20/1013  eps 0.841  train return   -3.02%  loss 2.08e-04  maxQ +0.0954  changes   567  0.3 min | val return -14.39% (best +0.84%)
episode  21/1013  eps 0.833  train return  -30.47%  loss 2.26e-04  maxQ +0.0985  changes   569  0.3 min
episode  22/1013  eps 0.825  train return  -10.36%  loss 2.21e-04  maxQ +0.0896  changes   586  0.3 min
episode  23/1013  eps 0.818  train return   -2.90%  loss 1.63e-04  maxQ +0.0855  changes   563  0.3 min
episode  24/1013  eps 0.810  train return  -19.08%  loss 1.53e-04  maxQ +0.0822  changes   565  0.3 min
episode  25/1013  eps 0.803  train return   -9.68%  loss 1.56e-04  maxQ +0.0865  changes   585  0.3 min
episode  26/1013  eps 0.796  train return  -13.36%  loss 1.41e-04  maxQ +0.0791  changes   555  0.4 min
episode  27/1013  eps 0.788  train return  -20.16%  loss 1.43e-04  maxQ +0.0798  changes   589  0.4 min
episode  28/1013  eps 0.781  train return   -9.47%  loss 1.47e-04  maxQ +0.0722  changes   584  0.4 min
episode  29/1013  eps 0.774  train return   -9.15%  loss 1.23e-04  maxQ +0.0705  changes   568  0.4 min
episode  30/1013  eps 0.767  train return  +24.08%  loss 1.16e-04  maxQ +0.0663  changes   552  0.4 min | val return -18.18% (best +0.84%)
episode  31/1013  eps 0.760  train return   +8.25%  loss 1.14e-04  maxQ +0.0670  changes   565  0.4 min
episode  32/1013  eps 0.753  train return   -9.11%  loss 1.09e-04  maxQ +0.0692  changes   567  0.4 min
episode  33/1013  eps 0.746  train return  +11.64%  loss 1.13e-04  maxQ +0.0634  changes   591  0.4 min
episode  34/1013  eps 0.740  train return  +30.36%  loss 1.17e-04  maxQ +0.0622  changes   553  0.5 min
episode  35/1013  eps 0.733  train return   +7.91%  loss 8.38e-05  maxQ +0.0564  changes   572  0.5 min
episode  36/1013  eps 0.726  train return   -8.40%  loss 1.00e-04  maxQ +0.0559  changes   573  0.5 min
episode  37/1013  eps 0.720  train return  -18.82%  loss 1.01e-04  maxQ +0.0544  changes   578  0.5 min
episode  38/1013  eps 0.713  train return   -7.77%  loss 9.17e-05  maxQ +0.0541  changes   556  0.5 min
episode  39/1013  eps 0.707  train return  -20.03%  loss 7.53e-05  maxQ +0.0495  changes   574  0.5 min
episode  40/1013  eps 0.700  train return   +9.20%  loss 8.35e-05  maxQ +0.0468  changes   540  0.5 min | val return +4.50% (best +4.50%)
episode  41/1013  eps 0.694  train return   +7.92%  loss 9.30e-05  maxQ +0.0489  changes   553  0.6 min
episode  42/1013  eps 0.687  train return  +13.29%  loss 1.28e-04  maxQ +0.0466  changes   530  0.6 min
episode  43/1013  eps 0.681  train return  +12.97%  loss 7.72e-05  maxQ +0.0438  changes   534  0.6 min
episode  44/1013  eps 0.675  train return  -12.59%  loss 6.91e-05  maxQ +0.0427  changes   555  0.6 min
episode  45/1013  eps 0.669  train return   +9.39%  loss 7.13e-05  maxQ +0.0423  changes   577  0.6 min
episode  46/1013  eps 0.663  train return  +13.82%  loss 8.59e-05  maxQ +0.0416  changes   558  0.6 min
episode  47/1013  eps 0.657  train return   -1.20%  loss 6.48e-05  maxQ +0.0410  changes   567  0.6 min
episode  48/1013  eps 0.651  train return   -6.06%  loss 1.07e-04  maxQ +0.0406  changes   559  0.6 min
episode  49/1013  eps 0.645  train return   -6.67%  loss 8.30e-05  maxQ +0.0437  changes   550  0.7 min
episode  50/1013  eps 0.639  train return   -1.11%  loss 7.55e-05  maxQ +0.0394  changes   548  0.7 min | val return -21.97% (best +4.50%)
episode  51/1013  eps 0.633  train return   +4.57%  loss 6.42e-05  maxQ +0.0383  changes   542  0.7 min
episode  52/1013  eps 0.627  train return  +19.34%  loss 7.36e-05  maxQ +0.0418  changes   568  0.7 min
episode  53/1013  eps 0.622  train return   +5.01%  loss 6.25e-05  maxQ +0.0395  changes   531  0.7 min
episode  54/1013  eps 0.616  train return   +0.66%  loss 6.64e-05  maxQ +0.0378  changes   540  0.7 min
episode  55/1013  eps 0.610  train return  -13.41%  loss 6.55e-05  maxQ +0.0348  changes   559  0.7 min
episode  56/1013  eps 0.605  train return   +2.29%  loss 6.67e-05  maxQ +0.0344  changes   545  0.8 min
episode  57/1013  eps 0.599  train return  -34.32%  loss 7.81e-05  maxQ +0.0340  changes   533  0.8 min
episode  58/1013  eps 0.594  train return   +9.48%  loss 6.43e-05  maxQ +0.0327  changes   543  0.8 min
episode  59/1013  eps 0.588  train return  -20.22%  loss 6.33e-05  maxQ +0.0317  changes   528  0.8 min
episode  60/1013  eps 0.583  train return   -3.19%  loss 5.61e-05  maxQ +0.0318  changes   525  0.8 min | val return -27.51% (best +4.50%)
episode  61/1013  eps 0.578  train return  -16.00%  loss 4.99e-05  maxQ +0.0283  changes   531  0.8 min
episode  62/1013  eps 0.573  train return   +3.30%  loss 5.49e-05  maxQ +0.0291  changes   536  0.8 min
episode  63/1013  eps 0.567  train return  -12.19%  loss 4.86e-05  maxQ +0.0253  changes   520  0.9 min
episode  64/1013  eps 0.562  train return  -20.04%  loss 5.13e-05  maxQ +0.0273  changes   530  0.9 min
episode  65/1013  eps 0.557  train return  +30.89%  loss 6.07e-05  maxQ +0.0284  changes   526  0.9 min
episode  66/1013  eps 0.552  train return   -6.57%  loss 5.71e-05  maxQ +0.0276  changes   524  0.9 min
episode  67/1013  eps 0.547  train return   +2.03%  loss 5.36e-05  maxQ +0.0286  changes   505  0.9 min
episode  68/1013  eps 0.542  train return   -0.18%  loss 4.61e-05  maxQ +0.0264  changes   506  0.9 min
episode  69/1013  eps 0.537  train return   +8.68%  loss 5.82e-05  maxQ +0.0264  changes   505  0.9 min
episode  70/1013  eps 0.532  train return  -17.51%  loss 5.37e-05  maxQ +0.0267  changes   521  0.9 min | val return -16.07% (best +4.50%)
episode  71/1013  eps 0.527  train return  -21.08%  loss 5.43e-05  maxQ +0.0269  changes   534  1.0 min
episode  72/1013  eps 0.523  train return   +3.20%  loss 6.66e-05  maxQ +0.0262  changes   524  1.0 min
episode  73/1013  eps 0.518  train return   -9.40%  loss 5.46e-05  maxQ +0.0262  changes   507  1.0 min
episode  74/1013  eps 0.513  train return   -8.73%  loss 5.85e-05  maxQ +0.0237  changes   525  1.0 min
episode  75/1013  eps 0.508  train return   +1.23%  loss 5.13e-05  maxQ +0.0223  changes   525  1.0 min
episode  76/1013  eps 0.504  train return  -15.90%  loss 4.54e-05  maxQ +0.0233  changes   519  1.0 min
episode  77/1013  eps 0.499  train return  +20.51%  loss 4.70e-05  maxQ +0.0219  changes   520  1.0 min
episode  78/1013  eps 0.495  train return  -13.30%  loss 4.57e-05  maxQ +0.0226  changes   515  1.0 min
episode  79/1013  eps 0.490  train return   -0.70%  loss 4.53e-05  maxQ +0.0207  changes   504  1.1 min
episode  80/1013  eps 0.486  train return   +3.50%  loss 4.65e-05  maxQ +0.0204  changes   514  1.1 min | val return -33.84% (best +4.50%)
episode  81/1013  eps 0.481  train return  -12.63%  loss 5.11e-05  maxQ +0.0201  changes   520  1.1 min
episode  82/1013  eps 0.477  train return   -5.16%  loss 5.04e-05  maxQ +0.0195  changes   506  1.1 min
episode  83/1013  eps 0.473  train return  -12.89%  loss 4.55e-05  maxQ +0.0193  changes   492  1.1 min
episode  84/1013  eps 0.468  train return  +11.21%  loss 4.55e-05  maxQ +0.0185  changes   513  1.1 min
episode  85/1013  eps 0.464  train return  +11.78%  loss 4.41e-05  maxQ +0.0209  changes   495  1.1 min
episode  86/1013  eps 0.460  train return  -12.25%  loss 4.53e-05  maxQ +0.0185  changes   485  1.2 min
episode  87/1013  eps 0.456  train return   -4.97%  loss 4.80e-05  maxQ +0.0182  changes   497  1.2 min
episode  88/1013  eps 0.451  train return   +9.30%  loss 4.44e-05  maxQ +0.0177  changes   509  1.2 min
episode  89/1013  eps 0.447  train return  -11.58%  loss 3.97e-05  maxQ +0.0174  changes   479  1.2 min
episode  90/1013  eps 0.443  train return  +12.22%  loss 4.35e-05  maxQ +0.0196  changes   486  1.2 min | val return -17.60% (best +4.50%)
episode  91/1013  eps 0.439  train return   -9.38%  loss 3.64e-05  maxQ +0.0177  changes   484  1.2 min
episode  92/1013  eps 0.435  train return   -1.48%  loss 4.03e-05  maxQ +0.0172  changes   501  1.2 min
episode  93/1013  eps 0.431  train return  -13.10%  loss 4.40e-05  maxQ +0.0171  changes   511  1.2 min
episode  94/1013  eps 0.427  train return  -15.62%  loss 4.77e-05  maxQ +0.0174  changes   489  1.3 min
episode  95/1013  eps 0.423  train return   +1.01%  loss 4.99e-05  maxQ +0.0186  changes   479  1.3 min
episode  96/1013  eps 0.420  train return  +36.88%  loss 4.36e-05  maxQ +0.0186  changes   535  1.3 min
episode  97/1013  eps 0.416  train return  +13.04%  loss 3.85e-05  maxQ +0.0172  changes   483  1.3 min
episode  98/1013  eps 0.412  train return  +14.45%  loss 4.20e-05  maxQ +0.0195  changes   483  1.3 min
episode  99/1013  eps 0.408  train return   -3.57%  loss 4.82e-05  maxQ +0.0179  changes   456  1.3 min
episode 100/1013  eps 0.405  train return  +12.50%  loss 4.03e-05  maxQ +0.0168  changes   462  1.3 min | val return -7.99% (best +4.50%)
episode 101/1013  eps 0.401  train return  -12.49%  loss 3.89e-05  maxQ +0.0160  changes   518  1.4 min
episode 102/1013  eps 0.397  train return   -4.87%  loss 4.02e-05  maxQ +0.0162  changes   490  1.4 min
episode 103/1013  eps 0.394  train return   -7.55%  loss 4.09e-05  maxQ +0.0152  changes   488  1.4 min
episode 104/1013  eps 0.390  train return   +5.70%  loss 4.09e-05  maxQ +0.0149  changes   439  1.4 min
episode 105/1013  eps 0.386  train return  +29.90%  loss 3.96e-05  maxQ +0.0149  changes   474  1.4 min
episode 106/1013  eps 0.383  train return  +11.15%  loss 3.82e-05  maxQ +0.0150  changes   497  1.4 min
episode 107/1013  eps 0.379  train return   -9.34%  loss 4.26e-05  maxQ +0.0146  changes   496  1.4 min
episode 108/1013  eps 0.376  train return   +6.72%  loss 4.55e-05  maxQ +0.0148  changes   471  1.5 min
episode 109/1013  eps 0.373  train return   -7.70%  loss 4.54e-05  maxQ +0.0151  changes   459  1.5 min
episode 110/1013  eps 0.369  train return   +1.67%  loss 3.99e-05  maxQ +0.0153  changes   449  1.5 min | val return -26.48% (best +4.50%)
episode 111/1013  eps 0.366  train return   +5.76%  loss 4.24e-05  maxQ +0.0164  changes   498  1.5 min
episode 112/1013  eps 0.363  train return  +56.51%  loss 3.77e-05  maxQ +0.0160  changes   454  1.5 min
episode 113/1013  eps 0.359  train return   +2.61%  loss 3.86e-05  maxQ +0.0163  changes   412  1.5 min
episode 114/1013  eps 0.356  train return   +9.32%  loss 3.96e-05  maxQ +0.0162  changes   443  1.5 min
episode 115/1013  eps 0.353  train return  +24.40%  loss 3.92e-05  maxQ +0.0141  changes   463  1.6 min
episode 116/1013  eps 0.349  train return  -27.69%  loss 3.38e-05  maxQ +0.0158  changes   456  1.6 min
episode 117/1013  eps 0.346  train return  +19.16%  loss 3.49e-05  maxQ +0.0145  changes   476  1.6 min
episode 118/1013  eps 0.343  train return  -17.76%  loss 3.49e-05  maxQ +0.0137  changes   432  1.6 min
episode 119/1013  eps 0.340  train return  +42.98%  loss 3.48e-05  maxQ +0.0136  changes   440  1.6 min
episode 120/1013  eps 0.337  train return   +6.53%  loss 3.77e-05  maxQ +0.0139  changes   401  1.6 min | val return -8.81% (best +4.50%)
episode 121/1013  eps 0.334  train return   +9.62%  loss 4.37e-05  maxQ +0.0140  changes   456  1.6 min
episode 122/1013  eps 0.331  train return   +3.60%  loss 4.19e-05  maxQ +0.0142  changes   425  1.7 min
episode 123/1013  eps 0.328  train return  +38.31%  loss 4.33e-05  maxQ +0.0143  changes   457  1.7 min
episode 124/1013  eps 0.325  train return   -5.34%  loss 3.78e-05  maxQ +0.0139  changes   430  1.7 min
episode 125/1013  eps 0.322  train return  -18.12%  loss 3.68e-05  maxQ +0.0132  changes   450  1.7 min
episode 126/1013  eps 0.319  train return  +23.44%  loss 4.07e-05  maxQ +0.0133  changes   441  1.7 min
episode 127/1013  eps 0.316  train return  -13.38%  loss 3.74e-05  maxQ +0.0128  changes   454  1.7 min
episode 128/1013  eps 0.313  train return   -3.72%  loss 4.57e-05  maxQ +0.0120  changes   469  1.7 min
episode 129/1013  eps 0.310  train return   -0.62%  loss 4.15e-05  maxQ +0.0125  changes   410  1.7 min
episode 130/1013  eps 0.308  train return  +27.03%  loss 4.34e-05  maxQ +0.0119  changes   453  1.8 min | val return -12.17% (best +4.50%)
episode 131/1013  eps 0.305  train return  +12.06%  loss 3.47e-05  maxQ +0.0126  changes   475  1.8 min
episode 132/1013  eps 0.302  train return  +38.19%  loss 3.53e-05  maxQ +0.0125  changes   443  1.8 min
episode 133/1013  eps 0.299  train return   +2.30%  loss 3.41e-05  maxQ +0.0122  changes   395  1.8 min
episode 134/1013  eps 0.296  train return   +9.48%  loss 3.73e-05  maxQ +0.0145  changes   452  1.8 min
episode 135/1013  eps 0.294  train return  +26.60%  loss 3.66e-05  maxQ +0.0141  changes   420  1.8 min
episode 136/1013  eps 0.291  train return   +2.31%  loss 3.72e-05  maxQ +0.0126  changes   425  1.9 min
episode 137/1013  eps 0.288  train return   +1.56%  loss 3.86e-05  maxQ +0.0133  changes   406  1.9 min
episode 138/1013  eps 0.286  train return  -10.12%  loss 4.64e-05  maxQ +0.0142  changes   406  1.9 min
episode 139/1013  eps 0.283  train return  +27.24%  loss 4.05e-05  maxQ +0.0132  changes   474  1.9 min
episode 140/1013  eps 0.281  train return   -0.38%  loss 3.60e-05  maxQ +0.0125  changes   448  1.9 min | val return -14.16% (best +4.50%)
episode 141/1013  eps 0.278  train return  -15.59%  loss 4.17e-05  maxQ +0.0130  changes   428  1.9 min
episode 142/1013  eps 0.276  train return  -19.14%  loss 3.69e-05  maxQ +0.0128  changes   454  2.0 min
episode 143/1013  eps 0.273  train return   -5.52%  loss 3.45e-05  maxQ +0.0131  changes   434  2.0 min
episode 144/1013  eps 0.271  train return  +28.25%  loss 3.53e-05  maxQ +0.0129  changes   433  2.0 min
episode 145/1013  eps 0.268  train return  +12.58%  loss 3.77e-05  maxQ +0.0125  changes   432  2.0 min
episode 146/1013  eps 0.266  train return   +2.03%  loss 3.68e-05  maxQ +0.0122  changes   457  2.0 min
episode 147/1013  eps 0.263  train return  +27.41%  loss 3.72e-05  maxQ +0.0124  changes   441  2.0 min
episode 148/1013  eps 0.261  train return  +28.77%  loss 3.69e-05  maxQ +0.0120  changes   453  2.0 min
episode 149/1013  eps 0.258  train return   +0.20%  loss 3.69e-05  maxQ +0.0108  changes   420  2.0 min
episode 150/1013  eps 0.256  train return  +17.23%  loss 4.01e-05  maxQ +0.0131  changes   447  2.1 min | val return -6.93% (best +4.50%)
episode 151/1013  eps 0.254  train return  +14.29%  loss 4.40e-05  maxQ +0.0126  changes   432  2.1 min
episode 152/1013  eps 0.251  train return  +36.78%  loss 4.44e-05  maxQ +0.0133  changes   412  2.1 min
episode 153/1013  eps 0.249  train return  -13.37%  loss 4.03e-05  maxQ +0.0139  changes   418  2.1 min
episode 154/1013  eps 0.247  train return   -5.68%  loss 3.80e-05  maxQ +0.0141  changes   371  2.1 min
episode 155/1013  eps 0.245  train return   -0.20%  loss 3.68e-05  maxQ +0.0140  changes   407  2.1 min
episode 156/1013  eps 0.242  train return   -2.22%  loss 3.67e-05  maxQ +0.0136  changes   427  2.2 min
episode 157/1013  eps 0.240  train return   +4.01%  loss 3.55e-05  maxQ +0.0127  changes   376  2.2 min
episode 158/1013  eps 0.238  train return  +72.25%  loss 3.78e-05  maxQ +0.0128  changes   482  2.2 min
episode 159/1013  eps 0.236  train return  +46.50%  loss 3.92e-05  maxQ +0.0135  changes   455  2.2 min
episode 160/1013  eps 0.234  train return   -7.98%  loss 3.87e-05  maxQ +0.0128  changes   384  2.2 min | val return -17.07% (best +4.50%)
episode 161/1013  eps 0.232  train return  +17.35%  loss 3.78e-05  maxQ +0.0123  changes   410  2.2 min
episode 162/1013  eps 0.230  train return   +8.97%  loss 3.72e-05  maxQ +0.0120  changes   394  2.2 min
episode 163/1013  eps 0.227  train return  +43.60%  loss 3.73e-05  maxQ +0.0125  changes   406  2.3 min
episode 164/1013  eps 0.225  train return  +40.39%  loss 3.89e-05  maxQ +0.0111  changes   444  2.3 min
episode 165/1013  eps 0.223  train return  +38.18%  loss 4.20e-05  maxQ +0.0121  changes   437  2.3 min
episode 166/1013  eps 0.221  train return  -25.02%  loss 4.28e-05  maxQ +0.0120  changes   399  2.3 min
episode 167/1013  eps 0.219  train return   -4.38%  loss 3.72e-05  maxQ +0.0116  changes   418  2.3 min
episode 168/1013  eps 0.217  train return   +9.28%  loss 3.62e-05  maxQ +0.0124  changes   419  2.3 min
episode 169/1013  eps 0.215  train return  +70.67%  loss 3.45e-05  maxQ +0.0124  changes   412  2.3 min
episode 170/1013  eps 0.213  train return  -16.05%  loss 3.39e-05  maxQ +0.0127  changes   422  2.4 min | val return -20.91% (best +4.50%)
episode 171/1013  eps 0.211  train return   +6.59%  loss 3.62e-05  maxQ +0.0117  changes   462  2.4 min
episode 172/1013  eps 0.209  train return  +53.15%  loss 3.58e-05  maxQ +0.0118  changes   390  2.4 min
episode 173/1013  eps 0.208  train return   +6.63%  loss 3.55e-05  maxQ +0.0110  changes   370  2.4 min
episode 174/1013  eps 0.206  train return  +60.71%  loss 3.63e-05  maxQ +0.0114  changes   426  2.4 min
episode 175/1013  eps 0.204  train return   +5.09%  loss 3.69e-05  maxQ +0.0113  changes   385  2.4 min
episode 176/1013  eps 0.202  train return  +11.58%  loss 3.21e-05  maxQ +0.0125  changes   410  2.4 min
episode 177/1013  eps 0.200  train return  +60.69%  loss 3.57e-05  maxQ +0.0123  changes   410  2.5 min
episode 178/1013  eps 0.198  train return  +28.23%  loss 3.77e-05  maxQ +0.0117  changes   387  2.5 min
episode 179/1013  eps 0.196  train return   -6.75%  loss 4.37e-05  maxQ +0.0120  changes   393  2.5 min
episode 180/1013  eps 0.195  train return   +6.91%  loss 4.08e-05  maxQ +0.0112  changes   382  2.5 min | val return -25.48% (best +4.50%)
episode 181/1013  eps 0.193  train return   +4.97%  loss 3.47e-05  maxQ +0.0110  changes   426  2.5 min
episode 182/1013  eps 0.191  train return  +67.74%  loss 3.90e-05  maxQ +0.0112  changes   417  2.5 min
episode 183/1013  eps 0.189  train return  +42.22%  loss 4.17e-05  maxQ +0.0119  changes   394  2.5 min
episode 184/1013  eps 0.188  train return   +3.72%  loss 3.96e-05  maxQ +0.0122  changes   404  2.6 min
episode 185/1013  eps 0.186  train return  +28.73%  loss 3.81e-05  maxQ +0.0119  changes   369  2.6 min
episode 186/1013  eps 0.184  train return  +23.13%  loss 4.16e-05  maxQ +0.0130  changes   420  2.6 min
episode 187/1013  eps 0.183  train return  +74.09%  loss 4.31e-05  maxQ +0.0133  changes   429  2.6 min
episode 188/1013  eps 0.181  train return  +46.22%  loss 3.98e-05  maxQ +0.0129  changes   439  2.6 min
episode 189/1013  eps 0.179  train return  +16.11%  loss 4.01e-05  maxQ +0.0125  changes   409  2.6 min
episode 190/1013  eps 0.178  train return  +34.36%  loss 3.96e-05  maxQ +0.0125  changes   411  2.6 min | val return -10.79% (best +4.50%)
episode 191/1013  eps 0.176  train return  +11.11%  loss 3.95e-05  maxQ +0.0118  changes   404  2.7 min
episode 192/1013  eps 0.174  train return  +43.01%  loss 4.28e-05  maxQ +0.0128  changes   409  2.7 min
episode 193/1013  eps 0.173  train return  +14.81%  loss 4.33e-05  maxQ +0.0130  changes   412  2.7 min
episode 194/1013  eps 0.171  train return   +1.85%  loss 3.84e-05  maxQ +0.0127  changes   418  2.7 min
episode 195/1013  eps 0.170  train return  +13.00%  loss 4.05e-05  maxQ +0.0128  changes   367  2.7 min
episode 196/1013  eps 0.168  train return   -5.82%  loss 3.77e-05  maxQ +0.0128  changes   447  2.7 min
episode 197/1013  eps 0.167  train return   -4.53%  loss 3.63e-05  maxQ +0.0118  changes   372  2.8 min
episode 198/1013  eps 0.165  train return  -11.36%  loss 3.72e-05  maxQ +0.0119  changes   311  2.8 min
episode 199/1013  eps 0.164  train return  +42.05%  loss 3.66e-05  maxQ +0.0120  changes   434  2.8 min
episode 200/1013  eps 0.162  train return +106.14%  loss 4.05e-05  maxQ +0.0128  changes   464  2.8 min | val return -29.24% (best +4.50%)
episode 201/1013  eps 0.161  train return  +12.77%  loss 4.01e-05  maxQ +0.0129  changes   366  2.8 min
episode 202/1013  eps 0.159  train return   +0.27%  loss 3.74e-05  maxQ +0.0123  changes   446  2.8 min
episode 203/1013  eps 0.158  train return  +22.90%  loss 3.75e-05  maxQ +0.0122  changes   404  2.8 min
episode 204/1013  eps 0.156  train return +160.02%  loss 4.24e-05  maxQ +0.0130  changes   397  2.9 min
episode 205/1013  eps 0.155  train return  +16.26%  loss 4.08e-05  maxQ +0.0127  changes   381  2.9 min
episode 206/1013  eps 0.154  train return  +28.46%  loss 3.73e-05  maxQ +0.0124  changes   371  2.9 min
episode 207/1013  eps 0.152  train return  +26.88%  loss 3.91e-05  maxQ +0.0121  changes   418  2.9 min
episode 208/1013  eps 0.151  train return   +3.82%  loss 3.80e-05  maxQ +0.0126  changes   378  2.9 min
episode 209/1013  eps 0.149  train return   +5.28%  loss 4.05e-05  maxQ +0.0128  changes   376  2.9 min
episode 210/1013  eps 0.148  train return  +67.64%  loss 3.84e-05  maxQ +0.0128  changes   396  2.9 min | val return -27.67% (best +4.50%)
episode 211/1013  eps 0.147  train return   +1.31%  loss 4.02e-05  maxQ +0.0142  changes   347  3.0 min
episode 212/1013  eps 0.145  train return  -18.51%  loss 3.97e-05  maxQ +0.0134  changes   361  3.0 min
episode 213/1013  eps 0.144  train return  +52.18%  loss 4.14e-05  maxQ +0.0130  changes   369  3.0 min
episode 214/1013  eps 0.143  train return   +1.15%  loss 3.72e-05  maxQ +0.0125  changes   293  3.0 min
episode 215/1013  eps 0.141  train return  +92.30%  loss 4.07e-05  maxQ +0.0125  changes   405  3.0 min
episode 216/1013  eps 0.140  train return   +6.96%  loss 4.33e-05  maxQ +0.0137  changes   446  3.0 min
episode 217/1013  eps 0.139  train return +160.93%  loss 4.06e-05  maxQ +0.0131  changes   474  3.1 min
episode 218/1013  eps 0.138  train return +138.89%  loss 4.44e-05  maxQ +0.0132  changes   443  3.1 min
episode 219/1013  eps 0.136  train return  +21.50%  loss 3.71e-05  maxQ +0.0126  changes   407  3.1 min
episode 220/1013  eps 0.135  train return   -3.99%  loss 3.70e-05  maxQ +0.0118  changes   391  3.1 min | val return -12.72% (best +4.50%)
episode 221/1013  eps 0.134  train return  +46.71%  loss 4.11e-05  maxQ +0.0114  changes   374  3.1 min
episode 222/1013  eps 0.133  train return  +72.72%  loss 4.35e-05  maxQ +0.0115  changes   415  3.1 min
episode 223/1013  eps 0.131  train return   +1.75%  loss 4.14e-05  maxQ +0.0114  changes   418  3.1 min
episode 224/1013  eps 0.130  train return  +36.12%  loss 4.26e-05  maxQ +0.0123  changes   381  3.2 min
episode 225/1013  eps 0.129  train return  +45.56%  loss 3.97e-05  maxQ +0.0124  changes   418  3.2 min
episode 226/1013  eps 0.128  train return +128.43%  loss 4.42e-05  maxQ +0.0126  changes   437  3.2 min
episode 227/1013  eps 0.127  train return  +41.70%  loss 4.48e-05  maxQ +0.0133  changes   413  3.2 min
episode 228/1013  eps 0.126  train return  +11.71%  loss 4.51e-05  maxQ +0.0134  changes   390  3.2 min
episode 229/1013  eps 0.124  train return  +36.12%  loss 4.58e-05  maxQ +0.0132  changes   409  3.2 min
episode 230/1013  eps 0.123  train return  +62.85%  loss 4.54e-05  maxQ +0.0136  changes   433  3.2 min | val return -25.73% (best +4.50%)
episode 231/1013  eps 0.122  train return  +93.03%  loss 4.08e-05  maxQ +0.0132  changes   417  3.3 min
episode 232/1013  eps 0.121  train return  +52.07%  loss 4.31e-05  maxQ +0.0138  changes   428  3.3 min
episode 233/1013  eps 0.120  train return  +18.63%  loss 4.20e-05  maxQ +0.0136  changes   383  3.3 min
episode 234/1013  eps 0.119  train return   +8.51%  loss 4.66e-05  maxQ +0.0137  changes   331  3.3 min
episode 235/1013  eps 0.118  train return  +25.66%  loss 4.13e-05  maxQ +0.0132  changes   375  3.3 min
episode 236/1013  eps 0.117  train return   +2.49%  loss 3.92e-05  maxQ +0.0134  changes   428  3.3 min
episode 237/1013  eps 0.116  train return  +70.00%  loss 4.18e-05  maxQ +0.0131  changes   391  3.4 min
episode 238/1013  eps 0.115  train return  +45.02%  loss 4.35e-05  maxQ +0.0136  changes   425  3.4 min
episode 239/1013  eps 0.114  train return  +16.57%  loss 4.79e-05  maxQ +0.0144  changes   445  3.4 min
episode 240/1013  eps 0.112  train return   +8.44%  loss 5.11e-05  maxQ +0.0147  changes   376  3.4 min | val return -21.89% (best +4.50%)
episode 241/1013  eps 0.111  train return  +62.01%  loss 4.46e-05  maxQ +0.0138  changes   406  3.4 min
episode 242/1013  eps 0.110  train return  +13.79%  loss 4.37e-05  maxQ +0.0144  changes   365  3.4 min
episode 243/1013  eps 0.109  train return  +90.37%  loss 4.29e-05  maxQ +0.0140  changes   420  3.5 min
episode 244/1013  eps 0.108  train return  +93.23%  loss 4.55e-05  maxQ +0.0142  changes   452  3.5 min
episode 245/1013  eps 0.107  train return   -0.22%  loss 4.24e-05  maxQ +0.0133  changes   381  3.5 min
episode 246/1013  eps 0.106  train return  +85.76%  loss 4.39e-05  maxQ +0.0136  changes   407  3.5 min
episode 247/1013  eps 0.106  train return  +47.10%  loss 4.24e-05  maxQ +0.0134  changes   423  3.5 min
episode 248/1013  eps 0.105  train return +101.41%  loss 4.55e-05  maxQ +0.0132  changes   435  3.5 min
episode 249/1013  eps 0.104  train return  +32.01%  loss 4.40e-05  maxQ +0.0133  changes   370  3.5 min
episode 250/1013  eps 0.103  train return  +22.64%  loss 4.64e-05  maxQ +0.0137  changes   401  3.6 min | val return +1.76% (best +4.50%)
episode 251/1013  eps 0.102  train return  +23.48%  loss 4.56e-05  maxQ +0.0135  changes   426  3.6 min
episode 252/1013  eps 0.101  train return  +22.28%  loss 4.63e-05  maxQ +0.0147  changes   395  3.6 min
episode 253/1013  eps 0.100  train return +129.62%  loss 4.76e-05  maxQ +0.0140  changes   419  3.6 min
episode 254/1013  eps 0.099  train return  -13.36%  loss 4.59e-05  maxQ +0.0141  changes   378  3.6 min
episode 255/1013  eps 0.098  train return  +14.29%  loss 4.55e-05  maxQ +0.0143  changes   435  3.6 min
episode 256/1013  eps 0.097  train return  +83.60%  loss 4.05e-05  maxQ +0.0144  changes   437  3.6 min
episode 257/1013  eps 0.096  train return  +69.38%  loss 3.98e-05  maxQ +0.0144  changes   436  3.7 min
episode 258/1013  eps 0.095  train return  +18.14%  loss 4.02e-05  maxQ +0.0141  changes   421  3.7 min
episode 259/1013  eps 0.095  train return   +0.49%  loss 3.96e-05  maxQ +0.0140  changes   334  3.7 min
episode 260/1013  eps 0.094  train return  +74.98%  loss 4.17e-05  maxQ +0.0147  changes   400  3.7 min | val return -28.89% (best +4.50%)
episode 261/1013  eps 0.093  train return  +11.01%  loss 4.03e-05  maxQ +0.0147  changes   416  3.7 min
episode 262/1013  eps 0.092  train return   -7.39%  loss 4.30e-05  maxQ +0.0139  changes   328  3.7 min
episode 263/1013  eps 0.091  train return  +90.51%  loss 3.98e-05  maxQ +0.0140  changes   476  3.7 min
episode 264/1013  eps 0.090  train return  +80.87%  loss 3.96e-05  maxQ +0.0122  changes   374  3.8 min
episode 265/1013  eps 0.090  train return   +0.54%  loss 3.82e-05  maxQ +0.0127  changes   360  3.8 min
episode 266/1013  eps 0.089  train return  +25.15%  loss 3.96e-05  maxQ +0.0134  changes   436  3.8 min
episode 267/1013  eps 0.088  train return  +33.58%  loss 4.01e-05  maxQ +0.0123  changes   411  3.8 min
episode 268/1013  eps 0.087  train return  +79.28%  loss 4.17e-05  maxQ +0.0148  changes   385  3.8 min
episode 269/1013  eps 0.086  train return  +63.15%  loss 4.23e-05  maxQ +0.0150  changes   450  3.8 min
episode 270/1013  eps 0.086  train return  +45.08%  loss 3.94e-05  maxQ +0.0140  changes   409  3.8 min | val return -18.76% (best +4.50%)
episode 271/1013  eps 0.085  train return +159.22%  loss 4.30e-05  maxQ +0.0134  changes   414  3.9 min
episode 272/1013  eps 0.084  train return   +1.10%  loss 4.30e-05  maxQ +0.0131  changes   309  3.9 min
episode 273/1013  eps 0.083  train return   -3.82%  loss 4.93e-05  maxQ +0.0133  changes   341  3.9 min
episode 274/1013  eps 0.082  train return  +41.99%  loss 4.57e-05  maxQ +0.0128  changes   355  3.9 min
episode 275/1013  eps 0.082  train return  -12.87%  loss 4.59e-05  maxQ +0.0145  changes   317  3.9 min
episode 276/1013  eps 0.081  train return  +17.71%  loss 4.71e-05  maxQ +0.0146  changes   390  3.9 min
episode 277/1013  eps 0.080  train return +131.14%  loss 4.59e-05  maxQ +0.0131  changes   449  3.9 min
episode 278/1013  eps 0.079  train return  +66.26%  loss 4.30e-05  maxQ +0.0134  changes   421  4.0 min
episode 279/1013  eps 0.079  train return  +26.91%  loss 4.93e-05  maxQ +0.0125  changes   421  4.0 min
episode 280/1013  eps 0.078  train return  +48.89%  loss 5.07e-05  maxQ +0.0128  changes   342  4.0 min | val return -21.30% (best +4.50%)
episode 281/1013  eps 0.077  train return +132.36%  loss 4.92e-05  maxQ +0.0127  changes   449  4.0 min
episode 282/1013  eps 0.077  train return   +4.84%  loss 4.93e-05  maxQ +0.0137  changes   330  4.0 min
episode 283/1013  eps 0.076  train return +165.25%  loss 4.82e-05  maxQ +0.0147  changes   419  4.0 min
episode 284/1013  eps 0.075  train return  +35.95%  loss 4.57e-05  maxQ +0.0145  changes   441  4.1 min
episode 285/1013  eps 0.075  train return   +9.97%  loss 4.41e-05  maxQ +0.0143  changes   328  4.1 min
episode 286/1013  eps 0.074  train return  +36.64%  loss 4.71e-05  maxQ +0.0142  changes   421  4.1 min
episode 287/1013  eps 0.073  train return  +39.82%  loss 4.93e-05  maxQ +0.0140  changes   355  4.1 min
episode 288/1013  eps 0.073  train return  +96.82%  loss 4.85e-05  maxQ +0.0133  changes   417  4.1 min
episode 289/1013  eps 0.072  train return  +55.85%  loss 4.69e-05  maxQ +0.0137  changes   420  4.1 min
episode 290/1013  eps 0.071  train return  +78.99%  loss 4.68e-05  maxQ +0.0136  changes   445  4.1 min | val return -27.63% (best +4.50%)
episode 291/1013  eps 0.071  train return   -0.96%  loss 4.98e-05  maxQ +0.0136  changes   338  4.2 min
episode 292/1013  eps 0.070  train return  +49.45%  loss 4.90e-05  maxQ +0.0137  changes   377  4.2 min
episode 293/1013  eps 0.069  train return  +13.90%  loss 4.77e-05  maxQ +0.0135  changes   329  4.2 min
episode 294/1013  eps 0.069  train return  +85.73%  loss 4.80e-05  maxQ +0.0127  changes   409  4.2 min
episode 295/1013  eps 0.068  train return   +6.60%  loss 5.11e-05  maxQ +0.0147  changes   307  4.2 min
episode 296/1013  eps 0.067  train return  +51.19%  loss 4.97e-05  maxQ +0.0146  changes   407  4.2 min
episode 297/1013  eps 0.067  train return +154.43%  loss 4.80e-05  maxQ +0.0144  changes   386  4.2 min
episode 298/1013  eps 0.066  train return   +3.84%  loss 4.90e-05  maxQ +0.0146  changes   330  4.3 min
episode 299/1013  eps 0.066  train return  +21.48%  loss 4.51e-05  maxQ +0.0141  changes   388  4.3 min
episode 300/1013  eps 0.065  train return +109.05%  loss 4.53e-05  maxQ +0.0140  changes   434  4.3 min | val return -16.53% (best +4.50%)
episode 301/1013  eps 0.064  train return   -9.13%  loss 4.67e-05  maxQ +0.0137  changes   367  4.3 min
episode 302/1013  eps 0.064  train return   +3.71%  loss 4.72e-05  maxQ +0.0140  changes   324  4.3 min
episode 303/1013  eps 0.063  train return  +44.94%  loss 4.66e-05  maxQ +0.0128  changes   403  4.3 min
episode 304/1013  eps 0.063  train return   -4.95%  loss 4.99e-05  maxQ +0.0136  changes   371  4.3 min
episode 305/1013  eps 0.062  train return   +7.99%  loss 4.64e-05  maxQ +0.0137  changes   331  4.4 min
episode 306/1013  eps 0.062  train return  +20.32%  loss 4.60e-05  maxQ +0.0130  changes   351  4.4 min
episode 307/1013  eps 0.061  train return   -9.37%  loss 4.85e-05  maxQ +0.0131  changes   311  4.4 min
episode 308/1013  eps 0.060  train return  +20.30%  loss 4.36e-05  maxQ +0.0129  changes   342  4.4 min
episode 309/1013  eps 0.060  train return  +29.31%  loss 4.55e-05  maxQ +0.0130  changes   378  4.4 min
episode 310/1013  eps 0.059  train return  +89.89%  loss 4.26e-05  maxQ +0.0127  changes   388  4.4 min | val return -6.16% (best +4.50%)
episode 311/1013  eps 0.059  train return +190.80%  loss 4.68e-05  maxQ +0.0135  changes   447  4.5 min
episode 312/1013  eps 0.058  train return   +5.62%  loss 4.44e-05  maxQ +0.0126  changes   318  4.5 min
episode 313/1013  eps 0.058  train return  +33.79%  loss 4.29e-05  maxQ +0.0129  changes   387  4.5 min
episode 314/1013  eps 0.057  train return +130.16%  loss 4.48e-05  maxQ +0.0119  changes   391  4.5 min
episode 315/1013  eps 0.057  train return   +4.05%  loss 4.58e-05  maxQ +0.0129  changes   375  4.5 min
episode 316/1013  eps 0.056  train return   +0.11%  loss 4.36e-05  maxQ +0.0138  changes   337  4.5 min
episode 317/1013  eps 0.056  train return  +42.15%  loss 4.76e-05  maxQ +0.0131  changes   368  4.5 min
episode 318/1013  eps 0.055  train return +150.54%  loss 4.66e-05  maxQ +0.0132  changes   387  4.6 min
episode 319/1013  eps 0.055  train return  +28.94%  loss 4.60e-05  maxQ +0.0130  changes   427  4.6 min
episode 320/1013  eps 0.054  train return  +38.38%  loss 4.58e-05  maxQ +0.0134  changes   394  4.6 min | val return -3.17% (best +4.50%)
episode 321/1013  eps 0.054  train return  -12.02%  loss 4.04e-05  maxQ +0.0129  changes   400  4.6 min
episode 322/1013  eps 0.053  train return  +34.39%  loss 4.16e-05  maxQ +0.0130  changes   386  4.6 min
episode 323/1013  eps 0.053  train return  +87.74%  loss 4.48e-05  maxQ +0.0139  changes   418  4.6 min
episode 324/1013  eps 0.052  train return  +46.91%  loss 4.47e-05  maxQ +0.0138  changes   404  4.6 min
episode 325/1013  eps 0.052  train return  +24.83%  loss 4.43e-05  maxQ +0.0139  changes   319  4.7 min
episode 326/1013  eps 0.051  train return  +16.69%  loss 4.32e-05  maxQ +0.0145  changes   324  4.7 min
episode 327/1013  eps 0.051  train return +144.02%  loss 4.74e-05  maxQ +0.0143  changes   394  4.7 min
episode 328/1013  eps 0.050  train return   -1.50%  loss 4.35e-05  maxQ +0.0146  changes   283  4.7 min
episode 329/1013  eps 0.050  train return +137.11%  loss 4.37e-05  maxQ +0.0142  changes   443  4.7 min
episode 330/1013  eps 0.049  train return  +18.38%  loss 4.30e-05  maxQ +0.0144  changes   370  4.7 min | val return -18.83% (best +4.50%)
episode 331/1013  eps 0.049  train return  +97.37%  loss 4.51e-05  maxQ +0.0132  changes   423  4.8 min
episode 332/1013  eps 0.049  train return  +19.21%  loss 4.37e-05  maxQ +0.0135  changes   335  4.8 min
episode 333/1013  eps 0.048  train return  +59.59%  loss 3.94e-05  maxQ +0.0129  changes   393  4.8 min
episode 334/1013  eps 0.048  train return +105.54%  loss 4.19e-05  maxQ +0.0126  changes   394  4.8 min
episode 335/1013  eps 0.047  train return  +17.07%  loss 4.48e-05  maxQ +0.0132  changes   360  4.8 min
episode 336/1013  eps 0.047  train return +151.04%  loss 4.29e-05  maxQ +0.0140  changes   393  4.8 min
episode 337/1013  eps 0.046  train return   +3.35%  loss 4.37e-05  maxQ +0.0140  changes   374  4.8 min
episode 338/1013  eps 0.046  train return   +0.25%  loss 4.22e-05  maxQ +0.0139  changes   320  4.8 min
episode 339/1013  eps 0.046  train return  +51.69%  loss 4.50e-05  maxQ +0.0141  changes   390  4.9 min
episode 340/1013  eps 0.045  train return +169.26%  loss 4.27e-05  maxQ +0.0141  changes   430  4.9 min | val return -13.94% (best +4.50%)
episode 341/1013  eps 0.045  train return  +16.15%  loss 4.03e-05  maxQ +0.0125  changes   334  4.9 min
episode 342/1013  eps 0.044  train return   +4.46%  loss 4.07e-05  maxQ +0.0134  changes   407  4.9 min
episode 343/1013  eps 0.044  train return  +16.48%  loss 4.06e-05  maxQ +0.0132  changes   319  4.9 min
episode 344/1013  eps 0.043  train return  +11.22%  loss 4.34e-05  maxQ +0.0142  changes   349  4.9 min
episode 345/1013  eps 0.043  train return  +10.90%  loss 4.45e-05  maxQ +0.0140  changes   343  5.0 min
episode 346/1013  eps 0.043  train return   +4.57%  loss 4.24e-05  maxQ +0.0140  changes   364  5.0 min
episode 347/1013  eps 0.042  train return  +17.40%  loss 4.38e-05  maxQ +0.0132  changes   309  5.0 min
episode 348/1013  eps 0.042  train return  +14.43%  loss 4.22e-05  maxQ +0.0132  changes   337  5.0 min
episode 349/1013  eps 0.042  train return  +15.03%  loss 4.00e-05  maxQ +0.0131  changes   337  5.0 min
episode 350/1013  eps 0.041  train return  +12.01%  loss 4.12e-05  maxQ +0.0129  changes   366  5.0 min | val return +1.41% (best +4.50%)
episode 351/1013  eps 0.041  train return  +57.83%  loss 3.86e-05  maxQ +0.0135  changes   417  5.0 min
episode 352/1013  eps 0.040  train return +252.73%  loss 3.87e-05  maxQ +0.0133  changes   423  5.1 min
episode 353/1013  eps 0.040  train return  +86.57%  loss 3.96e-05  maxQ +0.0133  changes   361  5.1 min
episode 354/1013  eps 0.040  train return +140.52%  loss 3.89e-05  maxQ +0.0125  changes   433  5.1 min
episode 355/1013  eps 0.039  train return  +79.96%  loss 4.13e-05  maxQ +0.0125  changes   384  5.1 min
episode 356/1013  eps 0.039  train return   +2.89%  loss 3.91e-05  maxQ +0.0126  changes   325  5.1 min
episode 357/1013  eps 0.039  train return  +16.47%  loss 3.99e-05  maxQ +0.0137  changes   427  5.1 min
episode 358/1013  eps 0.038  train return   +3.16%  loss 4.25e-05  maxQ +0.0127  changes   404  5.1 min
episode 359/1013  eps 0.038  train return +105.34%  loss 3.79e-05  maxQ +0.0118  changes   398  5.2 min
episode 360/1013  eps 0.038  train return  +68.19%  loss 3.86e-05  maxQ +0.0120  changes   450  5.2 min | val return -16.05% (best +4.50%)
episode 361/1013  eps 0.037  train return  +21.21%  loss 3.84e-05  maxQ +0.0119  changes   414  5.2 min
episode 362/1013  eps 0.037  train return  +61.98%  loss 3.60e-05  maxQ +0.0124  changes   454  5.2 min
episode 363/1013  eps 0.037  train return +253.78%  loss 3.74e-05  maxQ +0.0120  changes   441  5.2 min
episode 364/1013  eps 0.036  train return  +86.65%  loss 4.09e-05  maxQ +0.0119  changes   423  5.2 min
episode 365/1013  eps 0.036  train return +107.31%  loss 3.93e-05  maxQ +0.0121  changes   417  5.2 min
episode 366/1013  eps 0.036  train return   +5.09%  loss 4.02e-05  maxQ +0.0121  changes   398  5.3 min
episode 367/1013  eps 0.035  train return  +37.39%  loss 3.90e-05  maxQ +0.0127  changes   355  5.3 min
episode 368/1013  eps 0.035  train return  +23.04%  loss 3.95e-05  maxQ +0.0123  changes   361  5.3 min
episode 369/1013  eps 0.035  train return +168.07%  loss 3.63e-05  maxQ +0.0124  changes   431  5.3 min
episode 370/1013  eps 0.034  train return +133.38%  loss 3.83e-05  maxQ +0.0131  changes   418  5.3 min | val return +0.92% (best +4.50%)
episode 371/1013  eps 0.034  train return  +23.76%  loss 4.05e-05  maxQ +0.0124  changes   318  5.3 min
episode 372/1013  eps 0.034  train return +326.41%  loss 4.10e-05  maxQ +0.0121  changes   431  5.4 min
episode 373/1013  eps 0.033  train return +247.10%  loss 3.75e-05  maxQ +0.0124  changes   431  5.4 min
episode 374/1013  eps 0.033  train return  +72.80%  loss 3.87e-05  maxQ +0.0126  changes   403  5.4 min
episode 375/1013  eps 0.033  train return +173.83%  loss 4.49e-05  maxQ +0.0131  changes   425  5.4 min
episode 376/1013  eps 0.032  train return +223.67%  loss 4.29e-05  maxQ +0.0136  changes   406  5.4 min
episode 377/1013  eps 0.032  train return   +3.03%  loss 4.28e-05  maxQ +0.0136  changes   326  5.4 min
episode 378/1013  eps 0.032  train return  +88.51%  loss 4.27e-05  maxQ +0.0133  changes   416  5.4 min
episode 379/1013  eps 0.032  train return +413.81%  loss 4.03e-05  maxQ +0.0129  changes   431  5.4 min
episode 380/1013  eps 0.031  train return  +15.20%  loss 3.91e-05  maxQ +0.0127  changes   314  5.5 min | val return +12.46% (best +12.46%)
episode 381/1013  eps 0.031  train return  +71.89%  loss 4.51e-05  maxQ +0.0134  changes   409  5.5 min
episode 382/1013  eps 0.031  train return  +17.56%  loss 4.28e-05  maxQ +0.0130  changes   400  5.5 min
episode 383/1013  eps 0.030  train return   +0.78%  loss 4.10e-05  maxQ +0.0137  changes   344  5.5 min
episode 384/1013  eps 0.030  train return  +14.91%  loss 4.29e-05  maxQ +0.0132  changes   349  5.5 min
episode 385/1013  eps 0.030  train return   -3.01%  loss 4.44e-05  maxQ +0.0142  changes   308  5.5 min
episode 386/1013  eps 0.030  train return +103.87%  loss 4.62e-05  maxQ +0.0146  changes   433  5.6 min
episode 387/1013  eps 0.029  train return  +59.76%  loss 4.65e-05  maxQ +0.0142  changes   420  5.6 min
episode 388/1013  eps 0.029  train return +101.86%  loss 4.68e-05  maxQ +0.0138  changes   402  5.6 min
episode 389/1013  eps 0.029  train return  +25.78%  loss 4.19e-05  maxQ +0.0141  changes   317  5.6 min
episode 390/1013  eps 0.029  train return  +27.87%  loss 4.27e-05  maxQ +0.0140  changes   382  5.6 min | val return -2.52% (best +12.46%)
episode 391/1013  eps 0.028  train return  +36.66%  loss 4.32e-05  maxQ +0.0142  changes   370  5.6 min
episode 392/1013  eps 0.028  train return   +8.87%  loss 4.35e-05  maxQ +0.0147  changes   361  5.6 min
episode 393/1013  eps 0.028  train return  +26.94%  loss 4.05e-05  maxQ +0.0144  changes   396  5.7 min
episode 394/1013  eps 0.028  train return  +71.58%  loss 4.21e-05  maxQ +0.0151  changes   427  5.7 min
episode 395/1013  eps 0.027  train return   -7.31%  loss 4.24e-05  maxQ +0.0145  changes   266  5.7 min
episode 396/1013  eps 0.027  train return  +68.53%  loss 4.20e-05  maxQ +0.0150  changes   344  5.7 min
episode 397/1013  eps 0.027  train return  +12.04%  loss 4.48e-05  maxQ +0.0151  changes   354  5.7 min
episode 398/1013  eps 0.027  train return  +51.80%  loss 4.31e-05  maxQ +0.0151  changes   412  5.7 min
episode 399/1013  eps 0.026  train return  +43.52%  loss 4.25e-05  maxQ +0.0144  changes   341  5.7 min
episode 400/1013  eps 0.026  train return  +98.48%  loss 4.11e-05  maxQ +0.0149  changes   426  5.8 min | val return +4.13% (best +12.46%)
episode 401/1013  eps 0.026  train return  +18.99%  loss 4.24e-05  maxQ +0.0153  changes   305  5.8 min
episode 402/1013  eps 0.026  train return  +16.97%  loss 4.46e-05  maxQ +0.0144  changes   384  5.8 min
episode 403/1013  eps 0.025  train return  +75.49%  loss 4.05e-05  maxQ +0.0146  changes   434  5.8 min
episode 404/1013  eps 0.025  train return   +9.70%  loss 4.06e-05  maxQ +0.0148  changes   371  5.8 min
episode 405/1013  eps 0.025  train return  +82.05%  loss 4.34e-05  maxQ +0.0148  changes   427  5.8 min
episode 406/1013  eps 0.025  train return  +24.44%  loss 3.83e-05  maxQ +0.0145  changes   389  5.9 min
episode 407/1013  eps 0.024  train return  +22.95%  loss 3.91e-05  maxQ +0.0142  changes   382  5.9 min
episode 408/1013  eps 0.024  train return  +11.28%  loss 3.74e-05  maxQ +0.0143  changes   345  5.9 min
episode 409/1013  eps 0.024  train return  +89.46%  loss 3.70e-05  maxQ +0.0142  changes   357  5.9 min
episode 410/1013  eps 0.024  train return  +80.31%  loss 3.67e-05  maxQ +0.0135  changes   432  5.9 min | val return -12.46% (best +12.46%)
episode 411/1013  eps 0.024  train return  +64.26%  loss 3.83e-05  maxQ +0.0128  changes   433  5.9 min
episode 412/1013  eps 0.023  train return  +35.36%  loss 3.90e-05  maxQ +0.0129  changes   339  5.9 min
episode 413/1013  eps 0.023  train return +102.45%  loss 3.86e-05  maxQ +0.0132  changes   425  6.0 min
episode 414/1013  eps 0.023  train return  +35.28%  loss 4.05e-05  maxQ +0.0132  changes   418  6.0 min
episode 415/1013  eps 0.023  train return   +8.71%  loss 4.13e-05  maxQ +0.0133  changes   341  6.0 min
episode 416/1013  eps 0.023  train return  +63.11%  loss 4.05e-05  maxQ +0.0133  changes   401  6.0 min
episode 417/1013  eps 0.022  train return  +17.27%  loss 4.06e-05  maxQ +0.0135  changes   357  6.0 min
episode 418/1013  eps 0.022  train return  +27.22%  loss 3.81e-05  maxQ +0.0127  changes   385  6.0 min
episode 419/1013  eps 0.022  train return  +52.81%  loss 4.19e-05  maxQ +0.0137  changes   412  6.0 min
episode 420/1013  eps 0.022  train return  +32.43%  loss 4.07e-05  maxQ +0.0148  changes   340  6.1 min | val return +0.30% (best +12.46%)
episode 421/1013  eps 0.022  train return  +27.26%  loss 4.21e-05  maxQ +0.0143  changes   310  6.1 min
episode 422/1013  eps 0.021  train return  +20.39%  loss 4.03e-05  maxQ +0.0142  changes   340  6.1 min
episode 423/1013  eps 0.021  train return  +24.73%  loss 3.98e-05  maxQ +0.0131  changes   385  6.1 min
episode 424/1013  eps 0.021  train return  +31.28%  loss 3.71e-05  maxQ +0.0124  changes   347  6.1 min
episode 425/1013  eps 0.021  train return  +94.13%  loss 3.89e-05  maxQ +0.0127  changes   392  6.1 min
episode 426/1013  eps 0.021  train return  +23.65%  loss 4.02e-05  maxQ +0.0135  changes   416  6.1 min
episode 427/1013  eps 0.020  train return  +51.22%  loss 3.71e-05  maxQ +0.0123  changes   382  6.2 min
episode 428/1013  eps 0.020  train return  +21.96%  loss 3.69e-05  maxQ +0.0131  changes   395  6.2 min
episode 429/1013  eps 0.020  train return  +43.26%  loss 3.90e-05  maxQ +0.0138  changes   349  6.2 min
episode 430/1013  eps 0.020  train return  +24.76%  loss 3.70e-05  maxQ +0.0142  changes   325  6.2 min | val return -4.57% (best +12.46%)
episode 431/1013  eps 0.020  train return  +88.65%  loss 3.61e-05  maxQ +0.0141  changes   428  6.2 min
episode 432/1013  eps 0.019  train return  +22.79%  loss 3.89e-05  maxQ +0.0138  changes   328  6.2 min
episode 433/1013  eps 0.019  train return  +27.50%  loss 3.47e-05  maxQ +0.0132  changes   345  6.3 min
episode 434/1013  eps 0.019  train return +202.45%  loss 3.67e-05  maxQ +0.0134  changes   420  6.3 min
episode 435/1013  eps 0.019  train return  +87.98%  loss 3.43e-05  maxQ +0.0133  changes   353  6.3 min
episode 436/1013  eps 0.019  train return  +47.63%  loss 3.63e-05  maxQ +0.0139  changes   398  6.3 min
episode 437/1013  eps 0.019  train return  +91.19%  loss 3.62e-05  maxQ +0.0137  changes   369  6.3 min
episode 438/1013  eps 0.018  train return  +19.90%  loss 3.57e-05  maxQ +0.0139  changes   355  6.3 min
episode 439/1013  eps 0.018  train return  +47.02%  loss 3.72e-05  maxQ +0.0140  changes   388  6.3 min
episode 440/1013  eps 0.018  train return   +8.15%  loss 3.30e-05  maxQ +0.0137  changes   268  6.3 min | val return -9.31% (best +12.46%)
episode 441/1013  eps 0.018  train return  +61.21%  loss 3.12e-05  maxQ +0.0134  changes   363  6.4 min
episode 442/1013  eps 0.018  train return +129.90%  loss 3.37e-05  maxQ +0.0127  changes   434  6.4 min
episode 443/1013  eps 0.018  train return  +51.58%  loss 3.45e-05  maxQ +0.0128  changes   387  6.4 min
episode 444/1013  eps 0.017  train return +225.21%  loss 3.00e-05  maxQ +0.0125  changes   432  6.4 min
episode 445/1013  eps 0.017  train return  +86.18%  loss 3.28e-05  maxQ +0.0118  changes   404  6.4 min
episode 446/1013  eps 0.017  train return  +30.21%  loss 3.24e-05  maxQ +0.0120  changes   370  6.4 min
episode 447/1013  eps 0.017  train return  +73.20%  loss 3.12e-05  maxQ +0.0116  changes   338  6.5 min
episode 448/1013  eps 0.017  train return   -6.53%  loss 3.15e-05  maxQ +0.0116  changes   274  6.5 min
episode 449/1013  eps 0.017  train return  +91.33%  loss 3.11e-05  maxQ +0.0114  changes   422  6.5 min
episode 450/1013  eps 0.016  train return  +30.37%  loss 3.23e-05  maxQ +0.0116  changes   412  6.5 min | val return -1.83% (best +12.46%)
episode 451/1013  eps 0.016  train return  +83.63%  loss 3.29e-05  maxQ +0.0117  changes   462  6.5 min
episode 452/1013  eps 0.016  train return +260.86%  loss 3.13e-05  maxQ +0.0112  changes   410  6.5 min
episode 453/1013  eps 0.016  train return +201.63%  loss 3.64e-05  maxQ +0.0127  changes   432  6.6 min
episode 454/1013  eps 0.016  train return  +31.21%  loss 3.63e-05  maxQ +0.0130  changes   353  6.6 min
episode 455/1013  eps 0.016  train return  +72.60%  loss 3.63e-05  maxQ +0.0128  changes   426  6.6 min
episode 456/1013  eps 0.016  train return  +44.03%  loss 3.24e-05  maxQ +0.0122  changes   402  6.6 min
episode 457/1013  eps 0.015  train return +155.28%  loss 3.46e-05  maxQ +0.0122  changes   423  6.6 min
episode 458/1013  eps 0.015  train return  +38.90%  loss 3.22e-05  maxQ +0.0123  changes   358  6.6 min
episode 459/1013  eps 0.015  train return  +28.00%  loss 3.34e-05  maxQ +0.0124  changes   339  6.6 min
episode 460/1013  eps 0.015  train return +237.92%  loss 3.21e-05  maxQ +0.0124  changes   413  6.7 min | val return -15.14% (best +12.46%)
episode 461/1013  eps 0.015  train return +143.47%  loss 3.52e-05  maxQ +0.0129  changes   396  6.7 min
episode 462/1013  eps 0.015  train return  +39.96%  loss 3.26e-05  maxQ +0.0125  changes   356  6.7 min
episode 463/1013  eps 0.015  train return +163.53%  loss 3.58e-05  maxQ +0.0133  changes   424  6.7 min
episode 464/1013  eps 0.015  train return  +65.93%  loss 3.66e-05  maxQ +0.0139  changes   428  6.7 min
episode 465/1013  eps 0.014  train return +129.31%  loss 3.62e-05  maxQ +0.0134  changes   419  6.7 min
episode 466/1013  eps 0.014  train return +123.92%  loss 3.58e-05  maxQ +0.0133  changes   445  6.7 min
episode 467/1013  eps 0.014  train return  +52.08%  loss 3.43e-05  maxQ +0.0129  changes   376  6.8 min
episode 468/1013  eps 0.014  train return  +43.63%  loss 4.13e-05  maxQ +0.0142  changes   323  6.8 min
episode 469/1013  eps 0.014  train return  +95.29%  loss 3.78e-05  maxQ +0.0142  changes   339  6.8 min
episode 470/1013  eps 0.014  train return  +98.11%  loss 3.78e-05  maxQ +0.0144  changes   390  6.8 min | val return +9.64% (best +12.46%)
episode 471/1013  eps 0.014  train return +161.05%  loss 3.50e-05  maxQ +0.0138  changes   439  6.8 min
episode 472/1013  eps 0.013  train return  +21.35%  loss 3.68e-05  maxQ +0.0146  changes   361  6.8 min
episode 473/1013  eps 0.013  train return  +67.49%  loss 3.93e-05  maxQ +0.0139  changes   404  6.9 min
episode 474/1013  eps 0.013  train return +104.98%  loss 4.05e-05  maxQ +0.0145  changes   414  6.9 min
episode 475/1013  eps 0.013  train return  +27.38%  loss 3.70e-05  maxQ +0.0131  changes   353  6.9 min
episode 476/1013  eps 0.013  train return  +36.15%  loss 3.83e-05  maxQ +0.0135  changes   324  6.9 min
episode 477/1013  eps 0.013  train return  +36.57%  loss 3.81e-05  maxQ +0.0136  changes   395  6.9 min
episode 478/1013  eps 0.013  train return  +81.58%  loss 3.80e-05  maxQ +0.0132  changes   402  6.9 min
episode 479/1013  eps 0.013  train return   +6.85%  loss 3.91e-05  maxQ +0.0135  changes   296  6.9 min
episode 480/1013  eps 0.013  train return  +39.57%  loss 3.67e-05  maxQ +0.0133  changes   316  7.0 min | val return +13.52% (best +13.52%)
episode 481/1013  eps 0.012  train return  +33.43%  loss 3.49e-05  maxQ +0.0134  changes   325  7.0 min
episode 482/1013  eps 0.012  train return  +29.75%  loss 3.86e-05  maxQ +0.0140  changes   382  7.0 min
episode 483/1013  eps 0.012  train return   +7.41%  loss 3.82e-05  maxQ +0.0130  changes   287  7.0 min
episode 484/1013  eps 0.012  train return +192.67%  loss 3.94e-05  maxQ +0.0134  changes   402  7.0 min
episode 485/1013  eps 0.012  train return +199.13%  loss 3.95e-05  maxQ +0.0132  changes   416  7.0 min
episode 486/1013  eps 0.012  train return +165.44%  loss 3.71e-05  maxQ +0.0133  changes   401  7.0 min
episode 487/1013  eps 0.012  train return  +36.08%  loss 3.63e-05  maxQ +0.0135  changes   317  7.1 min
episode 488/1013  eps 0.012  train return +117.51%  loss 3.89e-05  maxQ +0.0139  changes   372  7.1 min
episode 489/1013  eps 0.012  train return  +68.06%  loss 3.72e-05  maxQ +0.0136  changes   447  7.1 min
episode 490/1013  eps 0.011  train return +143.55%  loss 3.75e-05  maxQ +0.0136  changes   411  7.1 min | val return +2.79% (best +13.52%)
episode 491/1013  eps 0.011  train return  +66.44%  loss 4.06e-05  maxQ +0.0134  changes   460  7.1 min
episode 492/1013  eps 0.011  train return +135.96%  loss 4.12e-05  maxQ +0.0145  changes   387  7.2 min
episode 493/1013  eps 0.011  train return  +61.99%  loss 4.03e-05  maxQ +0.0138  changes   383  7.2 min
episode 494/1013  eps 0.011  train return  +31.53%  loss 3.89e-05  maxQ +0.0138  changes   314  7.2 min
episode 495/1013  eps 0.011  train return  +63.08%  loss 3.85e-05  maxQ +0.0140  changes   342  7.2 min
episode 496/1013  eps 0.011  train return  +56.78%  loss 3.96e-05  maxQ +0.0139  changes   378  7.2 min
episode 497/1013  eps 0.011  train return +199.29%  loss 4.03e-05  maxQ +0.0143  changes   378  7.2 min
episode 498/1013  eps 0.011  train return  +66.64%  loss 4.01e-05  maxQ +0.0150  changes   369  7.2 min
episode 499/1013  eps 0.011  train return +149.18%  loss 4.09e-05  maxQ +0.0145  changes   396  7.2 min
episode 500/1013  eps 0.010  train return +152.82%  loss 4.07e-05  maxQ +0.0148  changes   416  7.3 min | val return +16.68% (best +16.68%)
episode 501/1013  eps 0.010  train return  +40.64%  loss 4.13e-05  maxQ +0.0151  changes   364  7.3 min
episode 502/1013  eps 0.010  train return +103.50%  loss 4.05e-05  maxQ +0.0147  changes   324  7.3 min
episode 503/1013  eps 0.010  train return  -18.87%  loss 3.93e-05  maxQ +0.0151  changes   287  7.3 min
episode 504/1013  eps 0.010  train return  +41.92%  loss 4.19e-05  maxQ +0.0150  changes   390  7.3 min
episode 505/1013  eps 0.010  train return  +75.47%  loss 4.08e-05  maxQ +0.0144  changes   364  7.3 min
episode 506/1013  eps 0.010  train return  +89.51%  loss 3.93e-05  maxQ +0.0140  changes   369  7.4 min
episode 507/1013  eps 0.010  train return  +22.14%  loss 3.94e-05  maxQ +0.0137  changes   400  7.4 min
episode 508/1013  eps 0.010  train return   +7.42%  loss 4.15e-05  maxQ +0.0149  changes   301  7.4 min
episode 509/1013  eps 0.010  train return +143.57%  loss 4.24e-05  maxQ +0.0144  changes   371  7.4 min
episode 510/1013  eps 0.010  train return  +55.49%  loss 4.25e-05  maxQ +0.0145  changes   367  7.4 min | val return -1.48% (best +16.68%)
episode 511/1013  eps 0.010  train return +101.91%  loss 4.37e-05  maxQ +0.0149  changes   392  7.4 min
episode 512/1013  eps 0.010  train return  +44.88%  loss 4.46e-05  maxQ +0.0146  changes   368  7.4 min
episode 513/1013  eps 0.010  train return  +83.03%  loss 4.13e-05  maxQ +0.0140  changes   362  7.5 min
episode 514/1013  eps 0.010  train return  +14.80%  loss 3.95e-05  maxQ +0.0134  changes   337  7.5 min
episode 515/1013  eps 0.010  train return  +16.82%  loss 4.22e-05  maxQ +0.0134  changes   330  7.5 min
episode 516/1013  eps 0.010  train return  +70.48%  loss 4.01e-05  maxQ +0.0137  changes   400  7.5 min
episode 517/1013  eps 0.010  train return +191.71%  loss 3.89e-05  maxQ +0.0141  changes   378  7.5 min
episode 518/1013  eps 0.010  train return +323.96%  loss 4.28e-05  maxQ +0.0144  changes   430  7.5 min
episode 519/1013  eps 0.010  train return +171.92%  loss 4.45e-05  maxQ +0.0145  changes   388  7.5 min
episode 520/1013  eps 0.010  train return +178.81%  loss 4.25e-05  maxQ +0.0147  changes   437  7.6 min | val return -11.56% (best +16.68%)
episode 521/1013  eps 0.010  train return   +9.20%  loss 4.20e-05  maxQ +0.0140  changes   316  7.6 min
episode 522/1013  eps 0.010  train return  +43.05%  loss 4.21e-05  maxQ +0.0143  changes   369  7.6 min
episode 523/1013  eps 0.010  train return +159.95%  loss 3.97e-05  maxQ +0.0141  changes   389  7.6 min
episode 524/1013  eps 0.010  train return +160.56%  loss 4.11e-05  maxQ +0.0147  changes   451  7.6 min
episode 525/1013  eps 0.010  train return  +39.53%  loss 4.23e-05  maxQ +0.0142  changes   376  7.6 min
episode 526/1013  eps 0.010  train return  +85.09%  loss 4.00e-05  maxQ +0.0134  changes   373  7.7 min
episode 527/1013  eps 0.010  train return +146.75%  loss 4.55e-05  maxQ +0.0137  changes   411  7.7 min
episode 528/1013  eps 0.010  train return  +49.50%  loss 4.26e-05  maxQ +0.0135  changes   394  7.7 min
episode 529/1013  eps 0.010  train return +332.01%  loss 4.34e-05  maxQ +0.0141  changes   469  7.7 min
episode 530/1013  eps 0.010  train return +125.18%  loss 4.26e-05  maxQ +0.0140  changes   435  7.7 min | val return -20.83% (best +16.68%)
episode 531/1013  eps 0.010  train return +189.22%  loss 4.20e-05  maxQ +0.0140  changes   379  7.7 min
episode 532/1013  eps 0.010  train return  +88.19%  loss 4.62e-05  maxQ +0.0146  changes   436  7.8 min
episode 533/1013  eps 0.010  train return   +6.90%  loss 4.06e-05  maxQ +0.0138  changes   383  7.8 min
episode 534/1013  eps 0.010  train return  +19.44%  loss 4.07e-05  maxQ +0.0135  changes   359  7.8 min
episode 535/1013  eps 0.010  train return +529.41%  loss 4.62e-05  maxQ +0.0139  changes   407  7.8 min
episode 536/1013  eps 0.010  train return  +46.20%  loss 4.76e-05  maxQ +0.0148  changes   450  7.8 min
episode 537/1013  eps 0.010  train return  +41.09%  loss 4.03e-05  maxQ +0.0144  changes   361  7.8 min
episode 538/1013  eps 0.010  train return   +9.53%  loss 4.05e-05  maxQ +0.0143  changes   364  7.8 min
episode 539/1013  eps 0.010  train return +190.75%  loss 4.39e-05  maxQ +0.0136  changes   403  7.8 min
episode 540/1013  eps 0.010  train return +212.11%  loss 4.69e-05  maxQ +0.0139  changes   451  7.9 min | val return -21.14% (best +16.68%)
episode 541/1013  eps 0.010  train return  +48.09%  loss 4.34e-05  maxQ +0.0140  changes   408  7.9 min
episode 542/1013  eps 0.010  train return +208.72%  loss 4.52e-05  maxQ +0.0150  changes   415  7.9 min
episode 543/1013  eps 0.010  train return  +16.70%  loss 4.28e-05  maxQ +0.0139  changes   375  7.9 min
episode 544/1013  eps 0.010  train return  +21.38%  loss 4.38e-05  maxQ +0.0141  changes   352  7.9 min
episode 545/1013  eps 0.010  train return   +8.39%  loss 4.02e-05  maxQ +0.0142  changes   349  7.9 min
episode 546/1013  eps 0.010  train return  +96.44%  loss 4.08e-05  maxQ +0.0145  changes   397  8.0 min
episode 547/1013  eps 0.010  train return  +15.27%  loss 4.17e-05  maxQ +0.0146  changes   343  8.0 min
episode 548/1013  eps 0.010  train return  +30.19%  loss 4.04e-05  maxQ +0.0143  changes   393  8.0 min
episode 549/1013  eps 0.010  train return  +37.87%  loss 4.45e-05  maxQ +0.0140  changes   422  8.0 min
episode 550/1013  eps 0.010  train return  +67.68%  loss 4.42e-05  maxQ +0.0138  changes   424  8.0 min | val return -16.77% (best +16.68%)
episode 551/1013  eps 0.010  train return  +17.58%  loss 4.35e-05  maxQ +0.0141  changes   286  8.0 min
episode 552/1013  eps 0.010  train return  +20.18%  loss 4.40e-05  maxQ +0.0140  changes   371  8.1 min
episode 553/1013  eps 0.010  train return +217.85%  loss 4.49e-05  maxQ +0.0145  changes   421  8.1 min
episode 554/1013  eps 0.010  train return  +48.78%  loss 4.21e-05  maxQ +0.0137  changes   337  8.1 min
episode 555/1013  eps 0.010  train return  +10.67%  loss 4.25e-05  maxQ +0.0139  changes   359  8.1 min
episode 556/1013  eps 0.010  train return +273.16%  loss 4.05e-05  maxQ +0.0139  changes   366  8.1 min
episode 557/1013  eps 0.010  train return  +80.47%  loss 3.93e-05  maxQ +0.0131  changes   437  8.1 min
episode 558/1013  eps 0.010  train return +158.39%  loss 4.33e-05  maxQ +0.0144  changes   398  8.1 min
episode 559/1013  eps 0.010  train return  +63.21%  loss 4.34e-05  maxQ +0.0145  changes   403  8.2 min
episode 560/1013  eps 0.010  train return  +70.62%  loss 4.11e-05  maxQ +0.0146  changes   385  8.2 min | val return -12.92% (best +16.68%)
episode 561/1013  eps 0.010  train return  +24.65%  loss 4.26e-05  maxQ +0.0145  changes   274  8.2 min
episode 562/1013  eps 0.010  train return  +28.41%  loss 4.59e-05  maxQ +0.0144  changes   364  8.2 min
episode 563/1013  eps 0.010  train return   -0.95%  loss 4.22e-05  maxQ +0.0146  changes   294  8.2 min
episode 564/1013  eps 0.010  train return   +4.14%  loss 4.26e-05  maxQ +0.0149  changes   394  8.2 min
episode 565/1013  eps 0.010  train return +242.05%  loss 4.15e-05  maxQ +0.0146  changes   430  8.3 min
episode 566/1013  eps 0.010  train return  +56.90%  loss 4.14e-05  maxQ +0.0137  changes   375  8.3 min
episode 567/1013  eps 0.010  train return +202.80%  loss 4.26e-05  maxQ +0.0148  changes   450  8.3 min
episode 568/1013  eps 0.010  train return  +17.37%  loss 4.02e-05  maxQ +0.0130  changes   388  8.3 min
episode 569/1013  eps 0.010  train return  +93.70%  loss 4.09e-05  maxQ +0.0129  changes   431  8.3 min
episode 570/1013  eps 0.010  train return +103.91%  loss 3.99e-05  maxQ +0.0132  changes   435  8.3 min | val return -14.84% (best +16.68%)
episode 571/1013  eps 0.010  train return  +46.84%  loss 3.92e-05  maxQ +0.0137  changes   378  8.3 min
episode 572/1013  eps 0.010  train return +130.55%  loss 3.90e-05  maxQ +0.0135  changes   438  8.4 min
episode 573/1013  eps 0.010  train return   -7.02%  loss 4.28e-05  maxQ +0.0142  changes   304  8.4 min
episode 574/1013  eps 0.010  train return  +52.78%  loss 3.97e-05  maxQ +0.0145  changes   410  8.4 min
episode 575/1013  eps 0.010  train return   +0.74%  loss 3.92e-05  maxQ +0.0140  changes   375  8.4 min
episode 576/1013  eps 0.010  train return  +16.32%  loss 3.89e-05  maxQ +0.0141  changes   406  8.4 min
episode 577/1013  eps 0.010  train return +100.97%  loss 4.06e-05  maxQ +0.0144  changes   449  8.4 min
episode 578/1013  eps 0.010  train return  +43.64%  loss 3.68e-05  maxQ +0.0148  changes   333  8.4 min
episode 579/1013  eps 0.010  train return  +60.90%  loss 3.80e-05  maxQ +0.0139  changes   444  8.5 min
episode 580/1013  eps 0.010  train return  +39.10%  loss 3.70e-05  maxQ +0.0136  changes   379  8.5 min | val return -10.47% (best +16.68%)
episode 581/1013  eps 0.010  train return  +64.91%  loss 3.60e-05  maxQ +0.0143  changes   373  8.5 min
episode 582/1013  eps 0.010  train return  +16.77%  loss 4.15e-05  maxQ +0.0143  changes   348  8.5 min
episode 583/1013  eps 0.010  train return   +8.31%  loss 4.21e-05  maxQ +0.0143  changes   372  8.5 min
episode 584/1013  eps 0.010  train return +184.87%  loss 3.94e-05  maxQ +0.0139  changes   423  8.5 min
episode 585/1013  eps 0.010  train return  +50.38%  loss 3.77e-05  maxQ +0.0141  changes   355  8.6 min
episode 586/1013  eps 0.010  train return +350.15%  loss 3.84e-05  maxQ +0.0133  changes   429  8.6 min
episode 587/1013  eps 0.010  train return  +66.25%  loss 3.80e-05  maxQ +0.0128  changes   384  8.6 min
episode 588/1013  eps 0.010  train return   +9.26%  loss 3.84e-05  maxQ +0.0137  changes   354  8.6 min
episode 589/1013  eps 0.010  train return  +20.75%  loss 3.87e-05  maxQ +0.0135  changes   305  8.6 min
episode 590/1013  eps 0.010  train return  +24.84%  loss 3.73e-05  maxQ +0.0137  changes   278  8.6 min | val return -20.57% (best +16.68%)
episode 591/1013  eps 0.010  train return  +15.60%  loss 4.03e-05  maxQ +0.0141  changes   341  8.7 min
episode 592/1013  eps 0.010  train return +175.56%  loss 4.09e-05  maxQ +0.0139  changes   406  8.7 min
episode 593/1013  eps 0.010  train return  +26.22%  loss 3.96e-05  maxQ +0.0135  changes   319  8.7 min
episode 594/1013  eps 0.010  train return +130.59%  loss 4.14e-05  maxQ +0.0133  changes   423  8.7 min
episode 595/1013  eps 0.010  train return  +26.23%  loss 3.85e-05  maxQ +0.0126  changes   362  8.7 min
episode 596/1013  eps 0.010  train return  +31.58%  loss 3.68e-05  maxQ +0.0129  changes   359  8.7 min
episode 597/1013  eps 0.010  train return +101.03%  loss 3.94e-05  maxQ +0.0126  changes   404  8.7 min
episode 598/1013  eps 0.010  train return   +2.73%  loss 3.81e-05  maxQ +0.0124  changes   282  8.7 min
episode 599/1013  eps 0.010  train return  +51.40%  loss 3.48e-05  maxQ +0.0124  changes   325  8.8 min
episode 600/1013  eps 0.010  train return +122.17%  loss 3.47e-05  maxQ +0.0116  changes   403  8.8 min | val return -9.69% (best +16.68%)
episode 601/1013  eps 0.010  train return  +57.90%  loss 3.79e-05  maxQ +0.0126  changes   385  8.8 min
episode 602/1013  eps 0.010  train return  +21.80%  loss 3.69e-05  maxQ +0.0123  changes   325  8.8 min
episode 603/1013  eps 0.010  train return  +95.03%  loss 3.69e-05  maxQ +0.0119  changes   395  8.8 min
episode 604/1013  eps 0.010  train return  +43.05%  loss 3.71e-05  maxQ +0.0128  changes   365  8.8 min
episode 605/1013  eps 0.010  train return  +74.94%  loss 3.72e-05  maxQ +0.0130  changes   416  8.9 min
episode 606/1013  eps 0.010  train return  +68.78%  loss 3.51e-05  maxQ +0.0125  changes   386  8.9 min
episode 607/1013  eps 0.010  train return +289.22%  loss 3.71e-05  maxQ +0.0125  changes   455  8.9 min
episode 608/1013  eps 0.010  train return +104.39%  loss 3.71e-05  maxQ +0.0125  changes   406  8.9 min
episode 609/1013  eps 0.010  train return +554.66%  loss 4.10e-05  maxQ +0.0133  changes   420  8.9 min
episode 610/1013  eps 0.010  train return +248.51%  loss 4.23e-05  maxQ +0.0143  changes   452  8.9 min | val return -19.64% (best +16.68%)
episode 611/1013  eps 0.010  train return   +5.73%  loss 4.18e-05  maxQ +0.0139  changes   371  9.0 min
episode 612/1013  eps 0.010  train return  +72.52%  loss 3.47e-05  maxQ +0.0128  changes   393  9.0 min
episode 613/1013  eps 0.010  train return  +25.88%  loss 3.47e-05  maxQ +0.0125  changes   372  9.0 min
episode 614/1013  eps 0.010  train return +285.23%  loss 3.80e-05  maxQ +0.0130  changes   427  9.0 min
episode 615/1013  eps 0.010  train return  +63.25%  loss 3.77e-05  maxQ +0.0130  changes   357  9.0 min
episode 616/1013  eps 0.010  train return  +15.87%  loss 3.61e-05  maxQ +0.0133  changes   324  9.0 min
episode 617/1013  eps 0.010  train return +379.51%  loss 3.62e-05  maxQ +0.0132  changes   417  9.0 min
episode 618/1013  eps 0.010  train return +109.30%  loss 3.72e-05  maxQ +0.0127  changes   400  9.1 min
episode 619/1013  eps 0.010  train return +211.37%  loss 3.74e-05  maxQ +0.0136  changes   434  9.1 min
episode 620/1013  eps 0.010  train return  +92.82%  loss 3.86e-05  maxQ +0.0139  changes   390  9.1 min | val return -7.10% (best +16.68%)
episode 621/1013  eps 0.010  train return  +20.09%  loss 3.93e-05  maxQ +0.0141  changes   306  9.1 min
episode 622/1013  eps 0.010  train return  +41.78%  loss 3.87e-05  maxQ +0.0138  changes   366  9.1 min
episode 623/1013  eps 0.010  train return  +35.05%  loss 3.80e-05  maxQ +0.0134  changes   362  9.1 min
episode 624/1013  eps 0.010  train return  +45.13%  loss 3.79e-05  maxQ +0.0133  changes   317  9.2 min
episode 625/1013  eps 0.010  train return  +37.22%  loss 3.74e-05  maxQ +0.0129  changes   380  9.2 min
episode 626/1013  eps 0.010  train return +190.05%  loss 4.02e-05  maxQ +0.0143  changes   415  9.2 min
episode 627/1013  eps 0.010  train return  +63.61%  loss 4.02e-05  maxQ +0.0135  changes   409  9.2 min
episode 628/1013  eps 0.010  train return  +52.45%  loss 3.76e-05  maxQ +0.0133  changes   416  9.2 min
episode 629/1013  eps 0.010  train return  +27.06%  loss 3.90e-05  maxQ +0.0127  changes   359  9.2 min
episode 630/1013  eps 0.010  train return  +77.81%  loss 3.62e-05  maxQ +0.0124  changes   381  9.2 min | val return -3.25% (best +16.68%)
episode 631/1013  eps 0.010  train return  +99.36%  loss 3.68e-05  maxQ +0.0129  changes   380  9.3 min
episode 632/1013  eps 0.010  train return  +94.08%  loss 3.86e-05  maxQ +0.0145  changes   409  9.3 min
episode 633/1013  eps 0.010  train return +339.70%  loss 4.02e-05  maxQ +0.0137  changes   449  9.3 min
episode 634/1013  eps 0.010  train return  +13.15%  loss 4.24e-05  maxQ +0.0140  changes   324  9.3 min
episode 635/1013  eps 0.010  train return +137.17%  loss 3.76e-05  maxQ +0.0141  changes   388  9.3 min
episode 636/1013  eps 0.010  train return +540.06%  loss 3.77e-05  maxQ +0.0138  changes   430  9.3 min
episode 637/1013  eps 0.010  train return  +35.04%  loss 3.89e-05  maxQ +0.0141  changes   401  9.4 min
episode 638/1013  eps 0.010  train return +183.13%  loss 4.06e-05  maxQ +0.0139  changes   429  9.4 min
episode 639/1013  eps 0.010  train return +101.45%  loss 3.90e-05  maxQ +0.0138  changes   394  9.4 min
episode 640/1013  eps 0.010  train return  +84.94%  loss 3.56e-05  maxQ +0.0140  changes   385  9.4 min | val return -4.50% (best +16.68%)
episode 641/1013  eps 0.010  train return  +15.62%  loss 4.15e-05  maxQ +0.0136  changes   344  9.4 min
episode 642/1013  eps 0.010  train return  +14.24%  loss 3.75e-05  maxQ +0.0136  changes   294  9.4 min
episode 643/1013  eps 0.010  train return +420.97%  loss 4.14e-05  maxQ +0.0134  changes   452  9.5 min
episode 644/1013  eps 0.010  train return  +16.31%  loss 4.08e-05  maxQ +0.0145  changes   283  9.5 min
episode 645/1013  eps 0.010  train return  +28.28%  loss 4.04e-05  maxQ +0.0144  changes   302  9.5 min
episode 646/1013  eps 0.010  train return  +60.72%  loss 3.91e-05  maxQ +0.0146  changes   400  9.5 min
episode 647/1013  eps 0.010  train return +140.99%  loss 3.68e-05  maxQ +0.0144  changes   436  9.5 min
episode 648/1013  eps 0.010  train return  +27.64%  loss 3.89e-05  maxQ +0.0146  changes   322  9.5 min
episode 649/1013  eps 0.010  train return +177.12%  loss 4.06e-05  maxQ +0.0147  changes   409  9.5 min
episode 650/1013  eps 0.010  train return  +57.01%  loss 3.60e-05  maxQ +0.0139  changes   334  9.6 min | val return -13.78% (best +16.68%)
episode 651/1013  eps 0.010  train return  +25.32%  loss 3.73e-05  maxQ +0.0139  changes   391  9.6 min
episode 652/1013  eps 0.010  train return  +26.77%  loss 4.01e-05  maxQ +0.0143  changes   279  9.6 min
episode 653/1013  eps 0.010  train return +534.34%  loss 4.22e-05  maxQ +0.0143  changes   420  9.6 min
episode 654/1013  eps 0.010  train return  +44.58%  loss 4.05e-05  maxQ +0.0145  changes   374  9.6 min
episode 655/1013  eps 0.010  train return  +49.33%  loss 3.94e-05  maxQ +0.0141  changes   408  9.6 min
episode 656/1013  eps 0.010  train return   -2.58%  loss 3.90e-05  maxQ +0.0144  changes   333  9.6 min
episode 657/1013  eps 0.010  train return +156.12%  loss 3.98e-05  maxQ +0.0139  changes   406  9.7 min
episode 658/1013  eps 0.010  train return +161.38%  loss 3.83e-05  maxQ +0.0140  changes   408  9.7 min
episode 659/1013  eps 0.010  train return  +10.05%  loss 3.96e-05  maxQ +0.0143  changes   365  9.7 min
episode 660/1013  eps 0.010  train return +241.28%  loss 3.79e-05  maxQ +0.0144  changes   436  9.7 min | val return -10.17% (best +16.68%)
episode 661/1013  eps 0.010  train return  +71.46%  loss 3.87e-05  maxQ +0.0145  changes   353  9.7 min
episode 662/1013  eps 0.010  train return  +40.10%  loss 4.09e-05  maxQ +0.0147  changes   322  9.7 min
episode 663/1013  eps 0.010  train return  +76.51%  loss 4.35e-05  maxQ +0.0149  changes   381  9.8 min
episode 664/1013  eps 0.010  train return +195.83%  loss 3.69e-05  maxQ +0.0147  changes   392  9.8 min
episode 665/1013  eps 0.010  train return  +51.48%  loss 4.23e-05  maxQ +0.0148  changes   398  9.8 min
episode 666/1013  eps 0.010  train return  +57.18%  loss 3.67e-05  maxQ +0.0139  changes   409  9.8 min
episode 667/1013  eps 0.010  train return  +61.16%  loss 4.07e-05  maxQ +0.0142  changes   411  9.8 min
episode 668/1013  eps 0.010  train return  +40.74%  loss 4.04e-05  maxQ +0.0142  changes   368  9.8 min
episode 669/1013  eps 0.010  train return  +78.40%  loss 4.09e-05  maxQ +0.0142  changes   416  9.8 min
episode 670/1013  eps 0.010  train return +114.84%  loss 4.56e-05  maxQ +0.0143  changes   409  9.9 min | val return -15.86% (best +16.68%)
episode 671/1013  eps 0.010  train return +510.83%  loss 4.32e-05  maxQ +0.0139  changes   409  9.9 min
episode 672/1013  eps 0.010  train return  +63.25%  loss 4.27e-05  maxQ +0.0142  changes   397  9.9 min
episode 673/1013  eps 0.010  train return  +10.74%  loss 4.41e-05  maxQ +0.0147  changes   357  9.9 min
episode 674/1013  eps 0.010  train return   -4.92%  loss 4.55e-05  maxQ +0.0143  changes   313  9.9 min
episode 675/1013  eps 0.010  train return  +22.50%  loss 4.25e-05  maxQ +0.0142  changes   416  9.9 min
episode 676/1013  eps 0.010  train return   +6.47%  loss 3.94e-05  maxQ +0.0144  changes   391  9.9 min
episode 677/1013  eps 0.010  train return  +75.01%  loss 4.06e-05  maxQ +0.0141  changes   398  10.0 min
episode 678/1013  eps 0.010  train return  +31.60%  loss 4.20e-05  maxQ +0.0154  changes   351  10.0 min
episode 679/1013  eps 0.010  train return +540.84%  loss 4.11e-05  maxQ +0.0146  changes   418  10.0 min
episode 680/1013  eps 0.010  train return  +42.86%  loss 3.98e-05  maxQ +0.0151  changes   398  10.0 min | val return -6.02% (best +16.68%)
episode 681/1013  eps 0.010  train return +364.26%  loss 4.32e-05  maxQ +0.0154  changes   404  10.0 min
episode 682/1013  eps 0.010  train return  +18.03%  loss 4.52e-05  maxQ +0.0152  changes   337  10.0 min
episode 683/1013  eps 0.010  train return  +26.92%  loss 4.06e-05  maxQ +0.0142  changes   385  10.1 min
episode 684/1013  eps 0.010  train return +593.33%  loss 4.00e-05  maxQ +0.0150  changes   436  10.1 min
episode 685/1013  eps 0.010  train return  +24.58%  loss 4.21e-05  maxQ +0.0142  changes   315  10.1 min
episode 686/1013  eps 0.010  train return  +43.84%  loss 4.44e-05  maxQ +0.0148  changes   399  10.1 min
episode 687/1013  eps 0.010  train return  +20.12%  loss 4.48e-05  maxQ +0.0142  changes   367  10.1 min
episode 688/1013  eps 0.010  train return  +21.08%  loss 4.21e-05  maxQ +0.0145  changes   398  10.1 min
episode 689/1013  eps 0.010  train return  +16.85%  loss 3.89e-05  maxQ +0.0140  changes   391  10.1 min
episode 690/1013  eps 0.010  train return  +44.07%  loss 3.70e-05  maxQ +0.0142  changes   372  10.2 min | val return -14.94% (best +16.68%)
episode 691/1013  eps 0.010  train return +618.72%  loss 3.80e-05  maxQ +0.0141  changes   445  10.2 min
episode 692/1013  eps 0.010  train return +132.14%  loss 3.86e-05  maxQ +0.0140  changes   405  10.2 min
episode 693/1013  eps 0.010  train return   +8.63%  loss 4.04e-05  maxQ +0.0142  changes   397  10.2 min
episode 694/1013  eps 0.010  train return  +42.81%  loss 3.75e-05  maxQ +0.0141  changes   414  10.2 min
episode 695/1013  eps 0.010  train return +219.70%  loss 3.88e-05  maxQ +0.0143  changes   457  10.2 min
episode 696/1013  eps 0.010  train return +148.80%  loss 4.38e-05  maxQ +0.0140  changes   427  10.2 min
episode 697/1013  eps 0.010  train return +111.96%  loss 4.33e-05  maxQ +0.0151  changes   405  10.3 min
episode 698/1013  eps 0.010  train return  +81.91%  loss 4.09e-05  maxQ +0.0144  changes   422  10.3 min
episode 699/1013  eps 0.010  train return +193.52%  loss 4.42e-05  maxQ +0.0146  changes   408  10.3 min
episode 700/1013  eps 0.010  train return  +89.00%  loss 4.44e-05  maxQ +0.0144  changes   449  10.3 min | val return -3.22% (best +16.68%)
episode 701/1013  eps 0.010  train return +113.25%  loss 4.44e-05  maxQ +0.0144  changes   429  10.3 min
episode 702/1013  eps 0.010  train return  +93.51%  loss 4.65e-05  maxQ +0.0143  changes   422  10.3 min
episode 703/1013  eps 0.010  train return  +34.19%  loss 4.28e-05  maxQ +0.0142  changes   393  10.4 min
episode 704/1013  eps 0.010  train return  +80.24%  loss 4.60e-05  maxQ +0.0143  changes   387  10.4 min
episode 705/1013  eps 0.010  train return   +3.14%  loss 4.50e-05  maxQ +0.0139  changes   370  10.4 min
episode 706/1013  eps 0.010  train return  +38.19%  loss 4.17e-05  maxQ +0.0142  changes   354  10.4 min
episode 707/1013  eps 0.010  train return  +72.33%  loss 3.92e-05  maxQ +0.0137  changes   362  10.4 min
episode 708/1013  eps 0.010  train return  +12.94%  loss 4.27e-05  maxQ +0.0139  changes   401  10.4 min
episode 709/1013  eps 0.010  train return +700.04%  loss 4.38e-05  maxQ +0.0136  changes   422  10.4 min
episode 710/1013  eps 0.010  train return  +45.07%  loss 4.42e-05  maxQ +0.0146  changes   375  10.4 min | val return -13.60% (best +16.68%)
episode 711/1013  eps 0.010  train return  +75.54%  loss 4.14e-05  maxQ +0.0143  changes   412  10.5 min
episode 712/1013  eps 0.010  train return  +71.50%  loss 4.47e-05  maxQ +0.0145  changes   417  10.5 min
episode 713/1013  eps 0.010  train return +172.82%  loss 4.29e-05  maxQ +0.0142  changes   406  10.5 min
episode 714/1013  eps 0.010  train return  +28.57%  loss 4.07e-05  maxQ +0.0146  changes   360  10.5 min
episode 715/1013  eps 0.010  train return +106.03%  loss 3.91e-05  maxQ +0.0143  changes   432  10.5 min
episode 716/1013  eps 0.010  train return +268.95%  loss 4.17e-05  maxQ +0.0139  changes   421  10.6 min
episode 717/1013  eps 0.010  train return +108.16%  loss 4.48e-05  maxQ +0.0140  changes   321  10.6 min
episode 718/1013  eps 0.010  train return   +7.27%  loss 4.06e-05  maxQ +0.0139  changes   347  10.6 min
episode 719/1013  eps 0.010  train return  +52.20%  loss 4.44e-05  maxQ +0.0146  changes   427  10.6 min
episode 720/1013  eps 0.010  train return  +88.51%  loss 4.20e-05  maxQ +0.0148  changes   427  10.6 min | val return -6.72% (best +16.68%)
episode 721/1013  eps 0.010  train return  +38.80%  loss 4.22e-05  maxQ +0.0137  changes   375  10.6 min
episode 722/1013  eps 0.010  train return  +71.55%  loss 4.39e-05  maxQ +0.0143  changes   387  10.6 min
episode 723/1013  eps 0.010  train return +378.14%  loss 4.51e-05  maxQ +0.0144  changes   386  10.7 min
episode 724/1013  eps 0.010  train return  +19.08%  loss 4.33e-05  maxQ +0.0140  changes   379  10.7 min
episode 725/1013  eps 0.010  train return  +67.32%  loss 4.30e-05  maxQ +0.0137  changes   337  10.7 min
episode 726/1013  eps 0.010  train return +129.54%  loss 4.28e-05  maxQ +0.0126  changes   369  10.7 min
episode 727/1013  eps 0.010  train return +100.84%  loss 4.57e-05  maxQ +0.0135  changes   385  10.7 min
episode 728/1013  eps 0.010  train return  +31.02%  loss 4.46e-05  maxQ +0.0132  changes   392  10.7 min
episode 729/1013  eps 0.010  train return  +53.11%  loss 4.57e-05  maxQ +0.0133  changes   405  10.7 min
episode 730/1013  eps 0.010  train return  +56.18%  loss 4.15e-05  maxQ +0.0136  changes   371  10.8 min | val return -13.64% (best +16.68%)
episode 731/1013  eps 0.010  train return +206.40%  loss 4.22e-05  maxQ +0.0135  changes   435  10.8 min
episode 732/1013  eps 0.010  train return   -1.16%  loss 3.99e-05  maxQ +0.0136  changes   320  10.8 min
episode 733/1013  eps 0.010  train return  +26.16%  loss 4.39e-05  maxQ +0.0141  changes   386  10.8 min
episode 734/1013  eps 0.010  train return  +19.98%  loss 4.29e-05  maxQ +0.0140  changes   339  10.8 min
episode 735/1013  eps 0.010  train return +185.73%  loss 4.25e-05  maxQ +0.0140  changes   426  10.8 min
episode 736/1013  eps 0.010  train return +154.56%  loss 4.12e-05  maxQ +0.0144  changes   397  10.9 min
episode 737/1013  eps 0.010  train return  +37.45%  loss 3.93e-05  maxQ +0.0140  changes   385  10.9 min
episode 738/1013  eps 0.010  train return +164.51%  loss 4.70e-05  maxQ +0.0137  changes   393  10.9 min
episode 739/1013  eps 0.010  train return +100.73%  loss 4.38e-05  maxQ +0.0139  changes   410  10.9 min
episode 740/1013  eps 0.010  train return  +26.31%  loss 4.11e-05  maxQ +0.0142  changes   381  10.9 min | val return -0.28% (best +16.68%)
episode 741/1013  eps 0.010  train return  +42.96%  loss 4.29e-05  maxQ +0.0140  changes   391  10.9 min
episode 742/1013  eps 0.010  train return   +8.94%  loss 4.63e-05  maxQ +0.0143  changes   376  10.9 min
episode 743/1013  eps 0.010  train return +385.89%  loss 4.33e-05  maxQ +0.0139  changes   417  11.0 min
episode 744/1013  eps 0.010  train return +205.80%  loss 4.28e-05  maxQ +0.0138  changes   412  11.0 min
episode 745/1013  eps 0.010  train return  +52.26%  loss 4.17e-05  maxQ +0.0140  changes   374  11.0 min
episode 746/1013  eps 0.010  train return  +26.02%  loss 4.29e-05  maxQ +0.0144  changes   364  11.0 min
episode 747/1013  eps 0.010  train return +152.62%  loss 4.30e-05  maxQ +0.0149  changes   417  11.0 min
episode 748/1013  eps 0.010  train return +240.80%  loss 4.43e-05  maxQ +0.0150  changes   390  11.0 min
episode 749/1013  eps 0.010  train return +138.78%  loss 4.28e-05  maxQ +0.0149  changes   420  11.0 min
episode 750/1013  eps 0.010  train return  +80.57%  loss 4.17e-05  maxQ +0.0145  changes   397  11.1 min | val return -19.39% (best +16.68%)
episode 751/1013  eps 0.010  train return  +87.29%  loss 4.27e-05  maxQ +0.0145  changes   371  11.1 min
episode 752/1013  eps 0.010  train return  +69.66%  loss 4.07e-05  maxQ +0.0150  changes   353  11.1 min
episode 753/1013  eps 0.010  train return  +43.60%  loss 4.21e-05  maxQ +0.0146  changes   330  11.1 min
episode 754/1013  eps 0.010  train return  +30.58%  loss 4.35e-05  maxQ +0.0148  changes   385  11.1 min
episode 755/1013  eps 0.010  train return +178.94%  loss 4.39e-05  maxQ +0.0149  changes   425  11.1 min
episode 756/1013  eps 0.010  train return +117.83%  loss 4.47e-05  maxQ +0.0144  changes   423  11.1 min
episode 757/1013  eps 0.010  train return  +39.50%  loss 4.36e-05  maxQ +0.0149  changes   380  11.2 min
episode 758/1013  eps 0.010  train return   +9.78%  loss 4.14e-05  maxQ +0.0149  changes   336  11.2 min
episode 759/1013  eps 0.010  train return  +37.42%  loss 4.30e-05  maxQ +0.0156  changes   390  11.2 min
episode 760/1013  eps 0.010  train return  +90.58%  loss 4.17e-05  maxQ +0.0146  changes   386  11.2 min | val return -1.16% (best +16.68%)
episode 761/1013  eps 0.010  train return   +8.41%  loss 4.20e-05  maxQ +0.0151  changes   338  11.2 min
episode 762/1013  eps 0.010  train return +139.21%  loss 4.07e-05  maxQ +0.0146  changes   420  11.2 min
episode 763/1013  eps 0.010  train return +108.43%  loss 4.29e-05  maxQ +0.0140  changes   404  11.3 min
episode 764/1013  eps 0.010  train return  +32.70%  loss 4.11e-05  maxQ +0.0139  changes   351  11.3 min
episode 765/1013  eps 0.010  train return   +7.63%  loss 3.95e-05  maxQ +0.0135  changes   312  11.3 min
episode 766/1013  eps 0.010  train return  +39.49%  loss 4.12e-05  maxQ +0.0137  changes   363  11.3 min
episode 767/1013  eps 0.010  train return  +58.69%  loss 4.09e-05  maxQ +0.0141  changes   407  11.3 min
episode 768/1013  eps 0.010  train return  +57.66%  loss 4.19e-05  maxQ +0.0143  changes   381  11.3 min
episode 769/1013  eps 0.010  train return   +5.28%  loss 4.36e-05  maxQ +0.0149  changes   295  11.3 min
episode 770/1013  eps 0.010  train return  +24.13%  loss 3.90e-05  maxQ +0.0148  changes   360  11.4 min | val return +2.84% (best +16.68%)
episode 771/1013  eps 0.010  train return +256.71%  loss 3.86e-05  maxQ +0.0146  changes   408  11.4 min
episode 772/1013  eps 0.010  train return  +66.61%  loss 4.11e-05  maxQ +0.0150  changes   390  11.4 min
episode 773/1013  eps 0.010  train return +228.43%  loss 3.98e-05  maxQ +0.0146  changes   422  11.4 min
episode 774/1013  eps 0.010  train return  +31.31%  loss 3.81e-05  maxQ +0.0153  changes   325  11.4 min
episode 775/1013  eps 0.010  train return +105.24%  loss 3.84e-05  maxQ +0.0141  changes   415  11.4 min
episode 776/1013  eps 0.010  train return  +47.51%  loss 4.15e-05  maxQ +0.0137  changes   383  11.5 min
episode 777/1013  eps 0.010  train return +191.88%  loss 4.31e-05  maxQ +0.0138  changes   416  11.5 min
episode 778/1013  eps 0.010  train return  +57.27%  loss 4.01e-05  maxQ +0.0132  changes   436  11.5 min
episode 779/1013  eps 0.010  train return +258.21%  loss 3.71e-05  maxQ +0.0137  changes   428  11.5 min
episode 780/1013  eps 0.010  train return  +72.45%  loss 4.20e-05  maxQ +0.0138  changes   381  11.5 min | val return -15.56% (best +16.68%)
episode 781/1013  eps 0.010  train return +187.44%  loss 4.26e-05  maxQ +0.0135  changes   451  11.5 min
episode 782/1013  eps 0.010  train return  +86.71%  loss 4.14e-05  maxQ +0.0144  changes   439  11.6 min
episode 783/1013  eps 0.010  train return  +19.52%  loss 4.42e-05  maxQ +0.0143  changes   365  11.6 min
episode 784/1013  eps 0.010  train return  +38.89%  loss 4.09e-05  maxQ +0.0139  changes   412  11.6 min
episode 785/1013  eps 0.010  train return +213.28%  loss 4.13e-05  maxQ +0.0132  changes   459  11.6 min
episode 786/1013  eps 0.010  train return +441.69%  loss 3.92e-05  maxQ +0.0136  changes   472  11.6 min
episode 787/1013  eps 0.010  train return  +73.79%  loss 4.25e-05  maxQ +0.0134  changes   404  11.6 min
episode 788/1013  eps 0.010  train return +119.09%  loss 4.01e-05  maxQ +0.0142  changes   436  11.6 min
episode 789/1013  eps 0.010  train return  +46.72%  loss 3.97e-05  maxQ +0.0133  changes   409  11.7 min
episode 790/1013  eps 0.010  train return +105.17%  loss 4.14e-05  maxQ +0.0135  changes   403  11.7 min | val return -21.62% (best +16.68%)
episode 791/1013  eps 0.010  train return  +66.28%  loss 4.23e-05  maxQ +0.0134  changes   363  11.7 min
episode 792/1013  eps 0.010  train return  +22.61%  loss 4.16e-05  maxQ +0.0134  changes   401  11.7 min
episode 793/1013  eps 0.010  train return +136.19%  loss 4.07e-05  maxQ +0.0146  changes   404  11.7 min
episode 794/1013  eps 0.010  train return  +52.36%  loss 3.95e-05  maxQ +0.0134  changes   364  11.7 min
episode 795/1013  eps 0.010  train return +193.18%  loss 3.93e-05  maxQ +0.0137  changes   413  11.8 min
episode 796/1013  eps 0.010  train return  +71.34%  loss 4.11e-05  maxQ +0.0148  changes   402  11.8 min
episode 797/1013  eps 0.010  train return +170.37%  loss 4.02e-05  maxQ +0.0146  changes   434  11.8 min
episode 798/1013  eps 0.010  train return +159.60%  loss 4.33e-05  maxQ +0.0151  changes   439  11.8 min
episode 799/1013  eps 0.010  train return  +74.18%  loss 4.15e-05  maxQ +0.0149  changes   382  11.8 min
episode 800/1013  eps 0.010  train return  +67.00%  loss 3.97e-05  maxQ +0.0149  changes   391  11.8 min | val return -16.43% (best +16.68%)
episode 801/1013  eps 0.010  train return +146.00%  loss 4.20e-05  maxQ +0.0146  changes   447  11.9 min
episode 802/1013  eps 0.010  train return +131.87%  loss 4.02e-05  maxQ +0.0145  changes   406  11.9 min
episode 803/1013  eps 0.010  train return  +18.66%  loss 4.00e-05  maxQ +0.0140  changes   343  11.9 min
episode 804/1013  eps 0.010  train return +226.29%  loss 3.81e-05  maxQ +0.0142  changes   456  11.9 min
episode 805/1013  eps 0.010  train return  +33.65%  loss 3.82e-05  maxQ +0.0139  changes   368  11.9 min
episode 806/1013  eps 0.010  train return  +37.60%  loss 3.88e-05  maxQ +0.0144  changes   333  11.9 min
episode 807/1013  eps 0.010  train return  +49.56%  loss 3.98e-05  maxQ +0.0141  changes   434  11.9 min
episode 808/1013  eps 0.010  train return +334.93%  loss 3.93e-05  maxQ +0.0149  changes   459  12.0 min
episode 809/1013  eps 0.010  train return  +40.76%  loss 3.90e-05  maxQ +0.0141  changes   392  12.0 min
episode 810/1013  eps 0.010  train return  +33.13%  loss 3.70e-05  maxQ +0.0142  changes   343  12.0 min | val return -15.45% (best +16.68%)
episode 811/1013  eps 0.010  train return +307.09%  loss 4.47e-05  maxQ +0.0143  changes   426  12.0 min
episode 812/1013  eps 0.010  train return +619.13%  loss 4.24e-05  maxQ +0.0145  changes   430  12.0 min
episode 813/1013  eps 0.010  train return  +78.96%  loss 4.04e-05  maxQ +0.0143  changes   448  12.0 min
episode 814/1013  eps 0.010  train return +220.33%  loss 3.49e-05  maxQ +0.0138  changes   424  12.1 min
episode 815/1013  eps 0.010  train return  +12.87%  loss 3.51e-05  maxQ +0.0141  changes   315  12.1 min
episode 816/1013  eps 0.010  train return  +15.67%  loss 4.10e-05  maxQ +0.0134  changes   377  12.1 min
episode 817/1013  eps 0.010  train return +420.06%  loss 3.78e-05  maxQ +0.0142  changes   401  12.1 min
episode 818/1013  eps 0.010  train return +111.65%  loss 3.71e-05  maxQ +0.0130  changes   427  12.1 min
episode 819/1013  eps 0.010  train return +100.33%  loss 3.63e-05  maxQ +0.0130  changes   419  12.1 min
episode 820/1013  eps 0.010  train return +121.92%  loss 3.78e-05  maxQ +0.0130  changes   391  12.2 min | val return -16.21% (best +16.68%)
episode 821/1013  eps 0.010  train return  +85.13%  loss 3.94e-05  maxQ +0.0136  changes   400  12.2 min
episode 822/1013  eps 0.010  train return  +14.30%  loss 3.76e-05  maxQ +0.0129  changes   365  12.2 min
episode 823/1013  eps 0.010  train return  +32.65%  loss 3.67e-05  maxQ +0.0131  changes   388  12.2 min
episode 824/1013  eps 0.010  train return   +7.64%  loss 3.66e-05  maxQ +0.0132  changes   335  12.2 min
episode 825/1013  eps 0.010  train return  +40.26%  loss 3.71e-05  maxQ +0.0129  changes   380  12.2 min
episode 826/1013  eps 0.010  train return +108.68%  loss 3.79e-05  maxQ +0.0135  changes   360  12.3 min
episode 827/1013  eps 0.010  train return  +13.97%  loss 3.77e-05  maxQ +0.0139  changes   348  12.3 min
episode 828/1013  eps 0.010  train return  +19.82%  loss 3.80e-05  maxQ +0.0140  changes   338  12.3 min
episode 829/1013  eps 0.010  train return  +32.82%  loss 3.65e-05  maxQ +0.0143  changes   408  12.3 min
episode 830/1013  eps 0.010  train return  +16.44%  loss 3.59e-05  maxQ +0.0135  changes   337  12.3 min | val return -14.40% (best +16.68%)
episode 831/1013  eps 0.010  train return   +9.09%  loss 3.65e-05  maxQ +0.0133  changes   368  12.3 min
episode 832/1013  eps 0.010  train return  +23.89%  loss 3.68e-05  maxQ +0.0129  changes   364  12.4 min
episode 833/1013  eps 0.010  train return +427.08%  loss 3.52e-05  maxQ +0.0129  changes   399  12.4 min
episode 834/1013  eps 0.010  train return   -2.03%  loss 3.47e-05  maxQ +0.0133  changes   282  12.4 min
episode 835/1013  eps 0.010  train return +247.68%  loss 3.38e-05  maxQ +0.0134  changes   436  12.4 min
episode 836/1013  eps 0.010  train return  +49.73%  loss 3.75e-05  maxQ +0.0130  changes   362  12.4 min
episode 837/1013  eps 0.010  train return  +79.62%  loss 3.66e-05  maxQ +0.0134  changes   400  12.4 min
episode 838/1013  eps 0.010  train return  +30.52%  loss 3.66e-05  maxQ +0.0138  changes   353  12.4 min
episode 839/1013  eps 0.010  train return +618.90%  loss 3.74e-05  maxQ +0.0141  changes   436  12.5 min
episode 840/1013  eps 0.010  train return  +58.71%  loss 3.70e-05  maxQ +0.0145  changes   367  12.5 min | val return -15.21% (best +16.68%)
episode 841/1013  eps 0.010  train return +260.50%  loss 4.07e-05  maxQ +0.0143  changes   394  12.5 min
episode 842/1013  eps 0.010  train return +244.63%  loss 3.75e-05  maxQ +0.0136  changes   399  12.5 min
episode 843/1013  eps 0.010  train return +314.84%  loss 3.78e-05  maxQ +0.0136  changes   426  12.5 min
episode 844/1013  eps 0.010  train return +192.24%  loss 3.95e-05  maxQ +0.0140  changes   388  12.5 min
episode 845/1013  eps 0.010  train return +130.74%  loss 3.99e-05  maxQ +0.0142  changes   451  12.5 min
episode 846/1013  eps 0.010  train return +583.82%  loss 4.00e-05  maxQ +0.0146  changes   449  12.6 min
episode 847/1013  eps 0.010  train return  +35.50%  loss 4.03e-05  maxQ +0.0147  changes   314  12.6 min
episode 848/1013  eps 0.010  train return  +60.31%  loss 3.99e-05  maxQ +0.0142  changes   381  12.6 min
episode 849/1013  eps 0.010  train return  +24.57%  loss 4.37e-05  maxQ +0.0149  changes   360  12.6 min
episode 850/1013  eps 0.010  train return +153.58%  loss 3.89e-05  maxQ +0.0148  changes   411  12.6 min | val return -3.05% (best +16.68%)
episode 851/1013  eps 0.010  train return  +31.40%  loss 3.82e-05  maxQ +0.0146  changes   389  12.6 min
episode 852/1013  eps 0.010  train return  +37.43%  loss 3.92e-05  maxQ +0.0145  changes   431  12.7 min
episode 853/1013  eps 0.010  train return +213.25%  loss 3.97e-05  maxQ +0.0146  changes   428  12.7 min
episode 854/1013  eps 0.010  train return +214.50%  loss 3.98e-05  maxQ +0.0140  changes   400  12.7 min
episode 855/1013  eps 0.010  train return  +38.00%  loss 3.67e-05  maxQ +0.0141  changes   358  12.7 min
episode 856/1013  eps 0.010  train return  +64.04%  loss 3.91e-05  maxQ +0.0144  changes   400  12.7 min
episode 857/1013  eps 0.010  train return  +89.00%  loss 3.83e-05  maxQ +0.0147  changes   418  12.7 min
episode 858/1013  eps 0.010  train return  +65.17%  loss 3.59e-05  maxQ +0.0145  changes   367  12.7 min
episode 859/1013  eps 0.010  train return +175.41%  loss 3.97e-05  maxQ +0.0147  changes   439  12.8 min
episode 860/1013  eps 0.010  train return +157.04%  loss 4.12e-05  maxQ +0.0150  changes   439  12.8 min | val return -9.84% (best +16.68%)
episode 861/1013  eps 0.010  train return  +17.43%  loss 4.00e-05  maxQ +0.0144  changes   358  12.8 min
episode 862/1013  eps 0.010  train return +111.27%  loss 3.64e-05  maxQ +0.0142  changes   372  12.8 min
episode 863/1013  eps 0.010  train return +132.01%  loss 3.53e-05  maxQ +0.0140  changes   396  12.8 min
episode 864/1013  eps 0.010  train return +189.13%  loss 4.10e-05  maxQ +0.0138  changes   423  12.8 min
episode 865/1013  eps 0.010  train return +366.59%  loss 3.86e-05  maxQ +0.0140  changes   383  12.8 min
episode 866/1013  eps 0.010  train return  +15.14%  loss 3.93e-05  maxQ +0.0149  changes   337  12.9 min
episode 867/1013  eps 0.010  train return  +20.51%  loss 3.77e-05  maxQ +0.0150  changes   332  12.9 min
episode 868/1013  eps 0.010  train return +106.18%  loss 3.60e-05  maxQ +0.0146  changes   433  12.9 min
episode 869/1013  eps 0.010  train return  +34.50%  loss 3.90e-05  maxQ +0.0149  changes   373  12.9 min
episode 870/1013  eps 0.010  train return +213.13%  loss 4.17e-05  maxQ +0.0151  changes   421  12.9 min | val return -8.79% (best +16.68%)
episode 871/1013  eps 0.010  train return  +66.06%  loss 4.14e-05  maxQ +0.0150  changes   387  12.9 min
episode 872/1013  eps 0.010  train return  +27.18%  loss 3.94e-05  maxQ +0.0157  changes   351  13.0 min
episode 873/1013  eps 0.010  train return  +87.12%  loss 4.03e-05  maxQ +0.0146  changes   404  13.0 min
episode 874/1013  eps 0.010  train return  +21.96%  loss 3.91e-05  maxQ +0.0150  changes   374  13.0 min
episode 875/1013  eps 0.010  train return  +44.38%  loss 3.94e-05  maxQ +0.0150  changes   367  13.0 min
episode 876/1013  eps 0.010  train return  +51.09%  loss 3.95e-05  maxQ +0.0150  changes   380  13.0 min
episode 877/1013  eps 0.010  train return  +65.71%  loss 3.89e-05  maxQ +0.0151  changes   407  13.0 min
episode 878/1013  eps 0.010  train return  +21.17%  loss 4.29e-05  maxQ +0.0150  changes   313  13.0 min
episode 879/1013  eps 0.010  train return +221.29%  loss 3.79e-05  maxQ +0.0150  changes   395  13.1 min
episode 880/1013  eps 0.010  train return  +49.87%  loss 4.03e-05  maxQ +0.0147  changes   379  13.1 min | val return -4.29% (best +16.68%)
episode 881/1013  eps 0.010  train return +139.45%  loss 4.17e-05  maxQ +0.0147  changes   411  13.1 min
episode 882/1013  eps 0.010  train return  +88.94%  loss 3.98e-05  maxQ +0.0148  changes   410  13.1 min
episode 883/1013  eps 0.010  train return +148.37%  loss 3.74e-05  maxQ +0.0146  changes   412  13.1 min
episode 884/1013  eps 0.010  train return +105.65%  loss 4.16e-05  maxQ +0.0153  changes   423  13.1 min
episode 885/1013  eps 0.010  train return +259.39%  loss 3.92e-05  maxQ +0.0157  changes   453  13.2 min
episode 886/1013  eps 0.010  train return  +72.39%  loss 4.14e-05  maxQ +0.0153  changes   395  13.2 min
episode 887/1013  eps 0.010  train return +346.39%  loss 3.72e-05  maxQ +0.0145  changes   403  13.2 min
episode 888/1013  eps 0.010  train return +132.17%  loss 3.69e-05  maxQ +0.0143  changes   432  13.2 min
episode 889/1013  eps 0.010  train return +186.93%  loss 3.78e-05  maxQ +0.0149  changes   400  13.2 min
episode 890/1013  eps 0.010  train return  +27.45%  loss 4.04e-05  maxQ +0.0146  changes   355  13.2 min | val return -2.40% (best +16.68%)
episode 891/1013  eps 0.010  train return +424.58%  loss 4.16e-05  maxQ +0.0145  changes   404  13.3 min
episode 892/1013  eps 0.010  train return  +64.91%  loss 3.95e-05  maxQ +0.0144  changes   381  13.3 min
episode 893/1013  eps 0.010  train return  +21.25%  loss 3.70e-05  maxQ +0.0138  changes   365  13.3 min
episode 894/1013  eps 0.010  train return  +29.30%  loss 3.92e-05  maxQ +0.0140  changes   364  13.3 min
episode 895/1013  eps 0.010  train return +175.65%  loss 3.79e-05  maxQ +0.0143  changes   447  13.3 min
episode 896/1013  eps 0.010  train return  +20.12%  loss 4.10e-05  maxQ +0.0149  changes   338  13.3 min
episode 897/1013  eps 0.010  train return +120.82%  loss 4.21e-05  maxQ +0.0153  changes   372  13.3 min
episode 898/1013  eps 0.010  train return +244.40%  loss 4.20e-05  maxQ +0.0151  changes   431  13.4 min
episode 899/1013  eps 0.010  train return  +25.94%  loss 4.08e-05  maxQ +0.0147  changes   345  13.4 min
episode 900/1013  eps 0.010  train return +107.12%  loss 4.14e-05  maxQ +0.0145  changes   389  13.4 min | val return -6.04% (best +16.68%)
episode 901/1013  eps 0.010  train return +159.44%  loss 3.95e-05  maxQ +0.0141  changes   453  13.4 min
episode 902/1013  eps 0.010  train return +260.78%  loss 4.15e-05  maxQ +0.0151  changes   436  13.4 min
episode 903/1013  eps 0.010  train return  +35.20%  loss 3.82e-05  maxQ +0.0142  changes   340  13.4 min
episode 904/1013  eps 0.010  train return +179.28%  loss 3.88e-05  maxQ +0.0142  changes   412  13.5 min
episode 905/1013  eps 0.010  train return +311.97%  loss 4.12e-05  maxQ +0.0148  changes   448  13.5 min
episode 906/1013  eps 0.010  train return +233.41%  loss 4.56e-05  maxQ +0.0150  changes   408  13.5 min
episode 907/1013  eps 0.010  train return  +26.44%  loss 4.12e-05  maxQ +0.0152  changes   331  13.5 min
episode 908/1013  eps 0.010  train return +143.07%  loss 4.26e-05  maxQ +0.0149  changes   427  13.5 min
episode 909/1013  eps 0.010  train return  +65.18%  loss 4.09e-05  maxQ +0.0153  changes   379  13.5 min
episode 910/1013  eps 0.010  train return +492.66%  loss 4.00e-05  maxQ +0.0148  changes   449  13.5 min | val return -13.57% (best +16.68%)
episode 911/1013  eps 0.010  train return  +22.15%  loss 4.20e-05  maxQ +0.0152  changes   295  13.6 min
episode 912/1013  eps 0.010  train return  +87.73%  loss 4.21e-05  maxQ +0.0155  changes   374  13.6 min
episode 913/1013  eps 0.010  train return +309.21%  loss 4.41e-05  maxQ +0.0152  changes   391  13.6 min
episode 914/1013  eps 0.010  train return  +48.56%  loss 4.03e-05  maxQ +0.0149  changes   394  13.6 min
episode 915/1013  eps 0.010  train return +535.25%  loss 4.12e-05  maxQ +0.0147  changes   447  13.6 min
episode 916/1013  eps 0.010  train return +254.61%  loss 4.00e-05  maxQ +0.0146  changes   432  13.6 min
episode 917/1013  eps 0.010  train return  +40.38%  loss 4.13e-05  maxQ +0.0142  changes   321  13.6 min
episode 918/1013  eps 0.010  train return  +49.60%  loss 3.87e-05  maxQ +0.0146  changes   431  13.7 min
episode 919/1013  eps 0.010  train return  +60.49%  loss 4.05e-05  maxQ +0.0149  changes   347  13.7 min
episode 920/1013  eps 0.010  train return  +21.96%  loss 3.81e-05  maxQ +0.0151  changes   334  13.7 min | val return +2.58% (best +16.68%)
episode 921/1013  eps 0.010  train return +187.80%  loss 4.36e-05  maxQ +0.0159  changes   420  13.7 min
episode 922/1013  eps 0.010  train return  +12.86%  loss 3.85e-05  maxQ +0.0149  changes   328  13.7 min
episode 923/1013  eps 0.010  train return   +4.57%  loss 4.14e-05  maxQ +0.0156  changes   309  13.7 min
episode 924/1013  eps 0.010  train return  +24.58%  loss 4.19e-05  maxQ +0.0152  changes   385  13.8 min
episode 925/1013  eps 0.010  train return +414.94%  loss 4.07e-05  maxQ +0.0153  changes   416  13.8 min
episode 926/1013  eps 0.010  train return  +50.80%  loss 4.36e-05  maxQ +0.0149  changes   344  13.8 min
episode 927/1013  eps 0.010  train return  +50.13%  loss 4.08e-05  maxQ +0.0154  changes   393  13.8 min
episode 928/1013  eps 0.010  train return +105.16%  loss 3.92e-05  maxQ +0.0142  changes   415  13.8 min
episode 929/1013  eps 0.010  train return  +42.96%  loss 3.86e-05  maxQ +0.0139  changes   278  13.8 min
episode 930/1013  eps 0.010  train return +124.08%  loss 4.19e-05  maxQ +0.0141  changes   407  13.8 min | val return +5.72% (best +16.68%)
episode 931/1013  eps 0.010  train return  +57.21%  loss 4.26e-05  maxQ +0.0148  changes   323  13.9 min
episode 932/1013  eps 0.010  train return +211.02%  loss 4.17e-05  maxQ +0.0158  changes   415  13.9 min
episode 933/1013  eps 0.010  train return  +57.68%  loss 4.19e-05  maxQ +0.0155  changes   314  13.9 min
episode 934/1013  eps 0.010  train return  +60.50%  loss 4.29e-05  maxQ +0.0160  changes   358  13.9 min
episode 935/1013  eps 0.010  train return +222.29%  loss 4.16e-05  maxQ +0.0153  changes   422  13.9 min
episode 936/1013  eps 0.010  train return +527.92%  loss 4.32e-05  maxQ +0.0150  changes   436  13.9 min
episode 937/1013  eps 0.010  train return  +65.47%  loss 4.20e-05  maxQ +0.0146  changes   330  13.9 min
episode 938/1013  eps 0.010  train return  +48.08%  loss 4.14e-05  maxQ +0.0151  changes   387  14.0 min
episode 939/1013  eps 0.010  train return +121.02%  loss 4.10e-05  maxQ +0.0148  changes   376  14.0 min
episode 940/1013  eps 0.010  train return  +23.88%  loss 3.90e-05  maxQ +0.0148  changes   302  14.0 min | val return +0.91% (best +16.68%)
episode 941/1013  eps 0.010  train return +382.04%  loss 3.92e-05  maxQ +0.0158  changes   388  14.0 min
episode 942/1013  eps 0.010  train return +201.69%  loss 3.93e-05  maxQ +0.0147  changes   422  14.0 min
episode 943/1013  eps 0.010  train return  +86.76%  loss 3.91e-05  maxQ +0.0147  changes   385  14.1 min
episode 944/1013  eps 0.010  train return  +37.15%  loss 3.92e-05  maxQ +0.0150  changes   384  14.1 min
episode 945/1013  eps 0.010  train return  +56.97%  loss 4.23e-05  maxQ +0.0155  changes   370  14.1 min
episode 946/1013  eps 0.010  train return +364.59%  loss 4.13e-05  maxQ +0.0153  changes   439  14.1 min
episode 947/1013  eps 0.010  train return  +24.18%  loss 4.22e-05  maxQ +0.0153  changes   350  14.1 min
episode 948/1013  eps 0.010  train return  +96.55%  loss 4.05e-05  maxQ +0.0146  changes   393  14.1 min
episode 949/1013  eps 0.010  train return  +38.91%  loss 4.09e-05  maxQ +0.0153  changes   367  14.1 min
episode 950/1013  eps 0.010  train return +123.10%  loss 4.18e-05  maxQ +0.0151  changes   406  14.2 min | val return -4.44% (best +16.68%)
episode 951/1013  eps 0.010  train return +116.13%  loss 4.01e-05  maxQ +0.0148  changes   415  14.2 min
episode 952/1013  eps 0.010  train return  +98.03%  loss 4.34e-05  maxQ +0.0149  changes   403  14.2 min
episode 953/1013  eps 0.010  train return  +81.16%  loss 4.02e-05  maxQ +0.0152  changes   404  14.2 min
episode 954/1013  eps 0.010  train return  +18.97%  loss 3.88e-05  maxQ +0.0145  changes   353  14.2 min
episode 955/1013  eps 0.010  train return  +11.55%  loss 3.86e-05  maxQ +0.0140  changes   299  14.2 min
episode 956/1013  eps 0.010  train return  +79.27%  loss 3.86e-05  maxQ +0.0144  changes   372  14.3 min
episode 957/1013  eps 0.010  train return  +62.05%  loss 4.02e-05  maxQ +0.0144  changes   424  14.3 min
episode 958/1013  eps 0.010  train return  +14.06%  loss 3.91e-05  maxQ +0.0150  changes   308  14.3 min
episode 959/1013  eps 0.010  train return +298.09%  loss 4.05e-05  maxQ +0.0148  changes   426  14.3 min
episode 960/1013  eps 0.010  train return  +75.67%  loss 4.24e-05  maxQ +0.0150  changes   388  14.3 min | val return -18.60% (best +16.68%)
episode 961/1013  eps 0.010  train return  +98.50%  loss 3.97e-05  maxQ +0.0150  changes   377  14.3 min
episode 962/1013  eps 0.010  train return  +65.62%  loss 4.00e-05  maxQ +0.0148  changes   382  14.4 min
episode 963/1013  eps 0.010  train return   +4.26%  loss 4.14e-05  maxQ +0.0145  changes   306  14.4 min
episode 964/1013  eps 0.010  train return  +42.66%  loss 3.97e-05  maxQ +0.0152  changes   379  14.4 min
episode 965/1013  eps 0.010  train return  +34.58%  loss 4.08e-05  maxQ +0.0151  changes   330  14.4 min
episode 966/1013  eps 0.010  train return  +18.06%  loss 4.06e-05  maxQ +0.0146  changes   420  14.4 min
episode 967/1013  eps 0.010  train return  +14.31%  loss 4.32e-05  maxQ +0.0146  changes   333  14.4 min
episode 968/1013  eps 0.010  train return +137.50%  loss 3.88e-05  maxQ +0.0143  changes   390  14.4 min
episode 969/1013  eps 0.010  train return  +26.94%  loss 3.76e-05  maxQ +0.0139  changes   339  14.4 min
episode 970/1013  eps 0.010  train return +328.87%  loss 3.93e-05  maxQ +0.0132  changes   413  14.5 min | val return -2.38% (best +16.68%)
episode 971/1013  eps 0.010  train return +342.19%  loss 3.74e-05  maxQ +0.0138  changes   455  14.5 min
episode 972/1013  eps 0.010  train return +181.00%  loss 4.00e-05  maxQ +0.0146  changes   416  14.5 min
episode 973/1013  eps 0.010  train return +133.43%  loss 4.29e-05  maxQ +0.0151  changes   423  14.5 min
episode 974/1013  eps 0.010  train return  +65.08%  loss 4.22e-05  maxQ +0.0147  changes   371  14.5 min
episode 975/1013  eps 0.010  train return +108.37%  loss 4.10e-05  maxQ +0.0146  changes   431  14.5 min
episode 976/1013  eps 0.010  train return +119.84%  loss 3.81e-05  maxQ +0.0140  changes   437  14.6 min
episode 977/1013  eps 0.010  train return +207.63%  loss 4.00e-05  maxQ +0.0135  changes   468  14.6 min
episode 978/1013  eps 0.010  train return +148.96%  loss 4.35e-05  maxQ +0.0140  changes   461  14.6 min
episode 979/1013  eps 0.010  train return +227.21%  loss 3.87e-05  maxQ +0.0134  changes   408  14.6 min
episode 980/1013  eps 0.010  train return  +32.83%  loss 3.97e-05  maxQ +0.0138  changes   384  14.6 min | val return -14.78% (best +16.68%)
episode 981/1013  eps 0.010  train return +290.77%  loss 4.01e-05  maxQ +0.0134  changes   441  14.6 min
episode 982/1013  eps 0.010  train return  +19.86%  loss 4.03e-05  maxQ +0.0137  changes   298  14.7 min
episode 983/1013  eps 0.010  train return  +65.15%  loss 4.13e-05  maxQ +0.0136  changes   397  14.7 min
episode 984/1013  eps 0.010  train return +359.48%  loss 4.35e-05  maxQ +0.0138  changes   378  14.7 min
episode 985/1013  eps 0.010  train return  +13.62%  loss 4.07e-05  maxQ +0.0141  changes   273  14.7 min
episode 986/1013  eps 0.010  train return  +83.16%  loss 3.92e-05  maxQ +0.0136  changes   397  14.7 min
episode 987/1013  eps 0.010  train return  +19.83%  loss 4.12e-05  maxQ +0.0139  changes   336  14.7 min
episode 988/1013  eps 0.010  train return +243.61%  loss 4.13e-05  maxQ +0.0144  changes   466  14.8 min
episode 989/1013  eps 0.010  train return  +21.63%  loss 4.33e-05  maxQ +0.0139  changes   372  14.8 min
episode 990/1013  eps 0.010  train return +173.09%  loss 4.06e-05  maxQ +0.0139  changes   446  14.8 min | val return -14.20% (best +16.68%)
episode 991/1013  eps 0.010  train return  +20.42%  loss 3.81e-05  maxQ +0.0135  changes   305  14.8 min
episode 992/1013  eps 0.010  train return +184.50%  loss 3.81e-05  maxQ +0.0134  changes   389  14.8 min
episode 993/1013  eps 0.010  train return  +62.17%  loss 3.72e-05  maxQ +0.0133  changes   359  14.8 min
episode 994/1013  eps 0.010  train return  +86.52%  loss 3.93e-05  maxQ +0.0134  changes   377  14.9 min
episode 995/1013  eps 0.010  train return  +35.59%  loss 3.73e-05  maxQ +0.0129  changes   348  14.9 min
episode 996/1013  eps 0.010  train return +224.23%  loss 4.13e-05  maxQ +0.0138  changes   416  14.9 min
episode 997/1013  eps 0.010  train return  +34.80%  loss 3.98e-05  maxQ +0.0130  changes   335  14.9 min
episode 998/1013  eps 0.010  train return +224.11%  loss 4.39e-05  maxQ +0.0136  changes   402  14.9 min
episode 999/1013  eps 0.010  train return +265.73%  loss 3.83e-05  maxQ +0.0136  changes   412  14.9 min
episode 1000/1013  eps 0.010  train return  +24.25%  loss 3.79e-05  maxQ +0.0143  changes   353  15.0 min | val return -12.78% (best +16.68%)
episode 1001/1013  eps 0.010  train return  +34.80%  loss 3.68e-05  maxQ +0.0136  changes   384  15.0 min
episode 1002/1013  eps 0.010  train return +245.88%  loss 3.85e-05  maxQ +0.0135  changes   383  15.0 min
episode 1003/1013  eps 0.010  train return +186.03%  loss 3.81e-05  maxQ +0.0150  changes   380  15.0 min
episode 1004/1013  eps 0.010  train return  +11.07%  loss 4.05e-05  maxQ +0.0160  changes   288  15.0 min
episode 1005/1013  eps 0.010  train return +118.67%  loss 4.13e-05  maxQ +0.0155  changes   407  15.0 min
episode 1006/1013  eps 0.010  train return +156.94%  loss 4.13e-05  maxQ +0.0158  changes   421  15.1 min
episode 1007/1013  eps 0.010  train return  +17.09%  loss 4.11e-05  maxQ +0.0155  changes   328  15.1 min
episode 1008/1013  eps 0.010  train return +101.65%  loss 3.99e-05  maxQ +0.0153  changes   375  15.1 min
episode 1009/1013  eps 0.010  train return +191.36%  loss 3.90e-05  maxQ +0.0152  changes   436  15.1 min
episode 1010/1013  eps 0.010  train return  +42.88%  loss 3.92e-05  maxQ +0.0154  changes   377  15.1 min | val return +3.30% (best +16.68%)
episode 1011/1013  eps 0.010  train return  +81.78%  loss 4.10e-05  maxQ +0.0152  changes   373  15.1 min
episode 1012/1013  eps 0.010  train return +127.24%  loss 3.90e-05  maxQ +0.0155  changes   459  15.2 min
episode 1013/1013  eps 0.010  train return  +32.55%  loss 4.12e-05  maxQ +0.0150  changes   363  15.2 min | val return -15.83% (best +16.68%)
model    env  portfolio_return  excess_return  n_changes
 last    val         -0.158286      -0.115668      730.9
 last val_w1         -0.145314      -0.118398      389.9
 last val_w2         -0.026467      -0.011034      355.1
 best    val          0.166382       0.209000      698.1
 best val_w1          0.192727       0.219642      376.1
 best val_w2         -0.013266       0.002168      336.6
