Downloaded data: 30,528 candles, 2023-03-25 00:00:00+00:00 to 2026-09-16 23:00:00+00:00; no missing hours
dev_train: 28,152 candles, 2023-04-01 00:00:00+00:00 to 2026-06-16 23:00:00+00:00; no missing hours
val: 1,464 candles, 2026-06-17 00:00:00+00:00 to 2026-08-16 23:00:00+00:00; no missing hours
eval: 744 candles, 2026-08-17 00:00:00+00:00 to 2026-09-16 23:00:00+00:00; no missing hours
episode   1/1013  eps 1.000  train return   -4.96%  loss 3.26e-03  maxQ +0.1953  changes   571  0.0 min
episode   2/1013  eps 0.991  train return  -18.61%  loss 1.09e-03  maxQ +0.2088  changes   580  0.0 min
episode   3/1013  eps 0.982  train return   +2.72%  loss 7.46e-04  maxQ +0.2072  changes   585  0.0 min
episode   4/1013  eps 0.973  train return   -2.69%  loss 4.78e-04  maxQ +0.1936  changes   579  0.0 min
episode   5/1013  eps 0.964  train return  +12.81%  loss 3.97e-04  maxQ +0.1806  changes   558  0.0 min
episode   6/1013  eps 0.955  train return  +24.16%  loss 4.71e-04  maxQ +0.1674  changes   564  0.1 min
episode   7/1013  eps 0.947  train return   -9.55%  loss 3.48e-04  maxQ +0.1621  changes   577  0.1 min
episode   8/1013  eps 0.938  train return   -7.04%  loss 3.43e-04  maxQ +0.1518  changes   574  0.1 min
episode   9/1013  eps 0.929  train return   -6.30%  loss 2.98e-04  maxQ +0.1453  changes   577  0.1 min
episode  10/1013  eps 0.921  train return   +3.18%  loss 3.02e-04  maxQ +0.1373  changes   566  0.1 min | val return +1.84% (best +1.84%)
episode  11/1013  eps 0.913  train return   -1.76%  loss 2.63e-04  maxQ +0.1426  changes   579  0.1 min
episode  12/1013  eps 0.904  train return   -4.05%  loss 2.45e-04  maxQ +0.1338  changes   575  0.1 min
episode  13/1013  eps 0.896  train return  -13.15%  loss 2.83e-04  maxQ +0.1246  changes   547  0.1 min
episode  14/1013  eps 0.888  train return   -4.07%  loss 2.73e-04  maxQ +0.1226  changes   578  0.1 min
episode  15/1013  eps 0.880  train return  +18.19%  loss 2.17e-04  maxQ +0.1167  changes   581  0.2 min
episode  16/1013  eps 0.872  train return  -12.25%  loss 2.01e-04  maxQ +0.1101  changes   573  0.2 min
episode  17/1013  eps 0.864  train return  +20.32%  loss 2.13e-04  maxQ +0.1085  changes   573  0.2 min
episode  18/1013  eps 0.856  train return   -6.12%  loss 1.79e-04  maxQ +0.1025  changes   571  0.2 min
episode  19/1013  eps 0.848  train return   +3.83%  loss 1.85e-04  maxQ +0.0972  changes   589  0.2 min
episode  20/1013  eps 0.841  train return  -13.79%  loss 1.88e-04  maxQ +0.0974  changes   574  0.2 min | val return +26.26% (best +26.26%)
episode  21/1013  eps 0.833  train return  -18.08%  loss 1.67e-04  maxQ +0.0942  changes   570  0.2 min
episode  22/1013  eps 0.825  train return   +4.71%  loss 1.62e-04  maxQ +0.0880  changes   582  0.2 min
episode  23/1013  eps 0.818  train return  -14.23%  loss 1.70e-04  maxQ +0.0882  changes   575  0.2 min
episode  24/1013  eps 0.810  train return  -36.15%  loss 1.45e-04  maxQ +0.0842  changes   555  0.3 min
episode  25/1013  eps 0.803  train return  -20.46%  loss 1.48e-04  maxQ +0.0799  changes   556  0.3 min
episode  26/1013  eps 0.796  train return  +13.40%  loss 1.63e-04  maxQ +0.0771  changes   584  0.3 min
episode  27/1013  eps 0.788  train return  -20.09%  loss 1.21e-04  maxQ +0.0761  changes   544  0.3 min
episode  28/1013  eps 0.781  train return   +4.21%  loss 1.16e-04  maxQ +0.0703  changes   550  0.3 min
episode  29/1013  eps 0.774  train return  +26.67%  loss 1.17e-04  maxQ +0.0681  changes   575  0.3 min
episode  30/1013  eps 0.767  train return   +1.72%  loss 1.01e-04  maxQ +0.0655  changes   569  0.3 min | val return -28.02% (best +26.26%)
episode  31/1013  eps 0.760  train return   -1.68%  loss 1.11e-04  maxQ +0.0645  changes   579  0.3 min
episode  32/1013  eps 0.753  train return  -33.86%  loss 1.27e-04  maxQ +0.0643  changes   574  0.3 min
episode  33/1013  eps 0.746  train return  -14.96%  loss 1.06e-04  maxQ +0.0616  changes   571  0.3 min
episode  34/1013  eps 0.740  train return   -1.69%  loss 8.91e-05  maxQ +0.0583  changes   579  0.4 min
episode  35/1013  eps 0.733  train return  -18.99%  loss 8.08e-05  maxQ +0.0565  changes   575  0.4 min
episode  36/1013  eps 0.726  train return   -4.35%  loss 8.33e-05  maxQ +0.0541  changes   545  0.4 min
episode  37/1013  eps 0.720  train return   -9.06%  loss 7.18e-05  maxQ +0.0499  changes   565  0.4 min
episode  38/1013  eps 0.713  train return  +17.58%  loss 8.22e-05  maxQ +0.0526  changes   576  0.4 min
episode  39/1013  eps 0.707  train return  -14.61%  loss 1.19e-04  maxQ +0.0523  changes   551  0.4 min
episode  40/1013  eps 0.700  train return   +1.34%  loss 8.63e-05  maxQ +0.0523  changes   567  0.4 min | val return -22.93% (best +26.26%)
episode  41/1013  eps 0.694  train return  -12.02%  loss 7.68e-05  maxQ +0.0483  changes   548  0.4 min
episode  42/1013  eps 0.687  train return   -5.64%  loss 6.11e-05  maxQ +0.0451  changes   558  0.4 min
episode  43/1013  eps 0.681  train return   -2.97%  loss 7.09e-05  maxQ +0.0440  changes   549  0.4 min
episode  44/1013  eps 0.675  train return  -15.36%  loss 6.57e-05  maxQ +0.0428  changes   541  0.4 min
episode  45/1013  eps 0.669  train return  -14.71%  loss 6.65e-05  maxQ +0.0405  changes   551  0.5 min
episode  46/1013  eps 0.663  train return  +18.00%  loss 6.09e-05  maxQ +0.0386  changes   551  0.5 min
episode  47/1013  eps 0.657  train return   -1.83%  loss 5.85e-05  maxQ +0.0354  changes   571  0.5 min
episode  48/1013  eps 0.651  train return   +9.51%  loss 6.49e-05  maxQ +0.0376  changes   535  0.5 min
episode  49/1013  eps 0.645  train return  -21.26%  loss 6.62e-05  maxQ +0.0333  changes   556  0.5 min
episode  50/1013  eps 0.639  train return   -0.58%  loss 6.31e-05  maxQ +0.0334  changes   530  0.5 min | val return -4.76% (best +26.26%)
episode  51/1013  eps 0.633  train return  -12.95%  loss 6.42e-05  maxQ +0.0347  changes   537  0.5 min
episode  52/1013  eps 0.627  train return  -16.65%  loss 7.55e-05  maxQ +0.0354  changes   536  0.5 min
episode  53/1013  eps 0.622  train return   -7.19%  loss 6.24e-05  maxQ +0.0374  changes   552  0.5 min
episode  54/1013  eps 0.616  train return  -14.65%  loss 6.03e-05  maxQ +0.0350  changes   530  0.5 min
episode  55/1013  eps 0.610  train return   +6.92%  loss 5.15e-05  maxQ +0.0350  changes   531  0.6 min
episode  56/1013  eps 0.605  train return   +1.40%  loss 5.31e-05  maxQ +0.0319  changes   550  0.6 min
episode  57/1013  eps 0.599  train return  +32.29%  loss 5.14e-05  maxQ +0.0303  changes   533  0.6 min
episode  58/1013  eps 0.594  train return   -1.22%  loss 5.74e-05  maxQ +0.0318  changes   573  0.6 min
episode  59/1013  eps 0.588  train return  -12.84%  loss 5.73e-05  maxQ +0.0316  changes   545  0.6 min
episode  60/1013  eps 0.583  train return   +9.67%  loss 5.65e-05  maxQ +0.0329  changes   542  0.6 min | val return -15.86% (best +26.26%)
episode  61/1013  eps 0.578  train return  -12.14%  loss 5.06e-05  maxQ +0.0294  changes   558  0.6 min
episode  62/1013  eps 0.573  train return   -4.52%  loss 4.71e-05  maxQ +0.0303  changes   524  0.6 min
episode  63/1013  eps 0.567  train return  -10.39%  loss 4.64e-05  maxQ +0.0282  changes   542  0.6 min
episode  64/1013  eps 0.562  train return  -14.46%  loss 4.90e-05  maxQ +0.0272  changes   529  0.6 min
episode  65/1013  eps 0.557  train return  +23.52%  loss 4.82e-05  maxQ +0.0260  changes   493  0.7 min
episode  66/1013  eps 0.552  train return  -20.05%  loss 5.14e-05  maxQ +0.0243  changes   508  0.7 min
episode  67/1013  eps 0.547  train return  +29.35%  loss 4.73e-05  maxQ +0.0244  changes   543  0.7 min
episode  68/1013  eps 0.542  train return   -5.32%  loss 4.75e-05  maxQ +0.0246  changes   535  0.7 min
episode  69/1013  eps 0.537  train return  -24.02%  loss 4.70e-05  maxQ +0.0227  changes   522  0.7 min
episode  70/1013  eps 0.532  train return  +30.69%  loss 5.04e-05  maxQ +0.0247  changes   501  0.7 min | val return -28.79% (best +26.26%)
episode  71/1013  eps 0.527  train return  +19.54%  loss 4.64e-05  maxQ +0.0245  changes   518  0.7 min
episode  72/1013  eps 0.523  train return   +4.09%  loss 4.26e-05  maxQ +0.0240  changes   546  0.7 min
episode  73/1013  eps 0.518  train return   -8.18%  loss 4.36e-05  maxQ +0.0211  changes   509  0.7 min
episode  74/1013  eps 0.513  train return  +13.85%  loss 4.47e-05  maxQ +0.0209  changes   540  0.7 min
episode  75/1013  eps 0.508  train return  +19.10%  loss 4.71e-05  maxQ +0.0241  changes   518  0.8 min
episode  76/1013  eps 0.504  train return  -22.28%  loss 4.56e-05  maxQ +0.0230  changes   521  0.8 min
episode  77/1013  eps 0.499  train return   -0.54%  loss 4.43e-05  maxQ +0.0245  changes   479  0.8 min
episode  78/1013  eps 0.495  train return  -21.63%  loss 4.49e-05  maxQ +0.0242  changes   487  0.8 min
episode  79/1013  eps 0.490  train return   -6.31%  loss 4.14e-05  maxQ +0.0217  changes   493  0.8 min
episode  80/1013  eps 0.486  train return   +5.18%  loss 4.09e-05  maxQ +0.0217  changes   526  0.8 min | val return -12.73% (best +26.26%)
episode  81/1013  eps 0.481  train return  +19.91%  loss 4.07e-05  maxQ +0.0208  changes   485  0.8 min
episode  82/1013  eps 0.477  train return   -5.49%  loss 4.25e-05  maxQ +0.0202  changes   481  0.8 min
episode  83/1013  eps 0.473  train return   +7.48%  loss 4.17e-05  maxQ +0.0183  changes   493  0.8 min
episode  84/1013  eps 0.468  train return  +40.89%  loss 4.01e-05  maxQ +0.0171  changes   475  0.8 min
episode  85/1013  eps 0.464  train return  -16.00%  loss 4.21e-05  maxQ +0.0176  changes   494  0.9 min
episode  86/1013  eps 0.460  train return  +25.21%  loss 4.08e-05  maxQ +0.0199  changes   521  0.9 min
episode  87/1013  eps 0.456  train return   -8.22%  loss 3.47e-05  maxQ +0.0176  changes   480  0.9 min
episode  88/1013  eps 0.451  train return   -8.17%  loss 3.51e-05  maxQ +0.0176  changes   503  0.9 min
episode  89/1013  eps 0.447  train return  +31.74%  loss 3.61e-05  maxQ +0.0168  changes   488  0.9 min
episode  90/1013  eps 0.443  train return   -3.37%  loss 4.01e-05  maxQ +0.0161  changes   532  0.9 min | val return -20.15% (best +26.26%)
episode  91/1013  eps 0.439  train return   +1.24%  loss 3.96e-05  maxQ +0.0169  changes   503  0.9 min
episode  92/1013  eps 0.435  train return  -15.81%  loss 3.76e-05  maxQ +0.0151  changes   479  0.9 min
episode  93/1013  eps 0.431  train return  -29.58%  loss 3.59e-05  maxQ +0.0157  changes   439  0.9 min
episode  94/1013  eps 0.427  train return  +47.95%  loss 3.54e-05  maxQ +0.0159  changes   506  0.9 min
episode  95/1013  eps 0.423  train return  -21.85%  loss 3.65e-05  maxQ +0.0154  changes   491  1.0 min
episode  96/1013  eps 0.420  train return  +21.86%  loss 3.42e-05  maxQ +0.0148  changes   486  1.0 min
episode  97/1013  eps 0.416  train return   +0.35%  loss 4.36e-05  maxQ +0.0147  changes   470  1.0 min
episode  98/1013  eps 0.412  train return  +18.73%  loss 4.19e-05  maxQ +0.0169  changes   489  1.0 min
episode  99/1013  eps 0.408  train return   +1.75%  loss 3.83e-05  maxQ +0.0163  changes   462  1.0 min
episode 100/1013  eps 0.405  train return   -0.23%  loss 3.47e-05  maxQ +0.0154  changes   460  1.0 min | val return -14.06% (best +26.26%)
episode 101/1013  eps 0.401  train return  -16.07%  loss 3.33e-05  maxQ +0.0148  changes   463  1.0 min
episode 102/1013  eps 0.397  train return   -3.07%  loss 3.38e-05  maxQ +0.0151  changes   475  1.0 min
episode 103/1013  eps 0.394  train return  +56.39%  loss 3.45e-05  maxQ +0.0147  changes   486  1.0 min
episode 104/1013  eps 0.390  train return  +13.30%  loss 3.63e-05  maxQ +0.0155  changes   429  1.0 min
episode 105/1013  eps 0.386  train return  +17.87%  loss 3.52e-05  maxQ +0.0162  changes   507  1.0 min
episode 106/1013  eps 0.383  train return   +3.78%  loss 3.71e-05  maxQ +0.0138  changes   447  1.1 min
episode 107/1013  eps 0.379  train return  -24.29%  loss 3.59e-05  maxQ +0.0133  changes   476  1.1 min
episode 108/1013  eps 0.376  train return   +8.27%  loss 3.47e-05  maxQ +0.0123  changes   471  1.1 min
episode 109/1013  eps 0.373  train return   -4.79%  loss 3.48e-05  maxQ +0.0125  changes   433  1.1 min
episode 110/1013  eps 0.369  train return   +9.36%  loss 3.40e-05  maxQ +0.0121  changes   492  1.1 min | val return -23.53% (best +26.26%)
episode 111/1013  eps 0.366  train return   -7.24%  loss 3.64e-05  maxQ +0.0123  changes   457  1.1 min
episode 112/1013  eps 0.363  train return  +14.07%  loss 3.26e-05  maxQ +0.0112  changes   430  1.1 min
episode 113/1013  eps 0.359  train return  +24.97%  loss 3.14e-05  maxQ +0.0112  changes   469  1.1 min
episode 114/1013  eps 0.356  train return   +2.69%  loss 3.38e-05  maxQ +0.0126  changes   441  1.1 min
episode 115/1013  eps 0.353  train return  -25.08%  loss 3.49e-05  maxQ +0.0118  changes   456  1.2 min
episode 116/1013  eps 0.349  train return  +11.09%  loss 3.33e-05  maxQ +0.0120  changes   476  1.2 min
episode 117/1013  eps 0.346  train return  +12.15%  loss 3.44e-05  maxQ +0.0118  changes   465  1.2 min
episode 118/1013  eps 0.343  train return   +1.59%  loss 3.46e-05  maxQ +0.0114  changes   488  1.2 min
episode 119/1013  eps 0.340  train return  +19.99%  loss 3.49e-05  maxQ +0.0114  changes   440  1.2 min
episode 120/1013  eps 0.337  train return  +39.10%  loss 3.51e-05  maxQ +0.0127  changes   440  1.2 min | val return -11.97% (best +26.26%)
episode 121/1013  eps 0.334  train return  +26.01%  loss 3.66e-05  maxQ +0.0119  changes   470  1.2 min
episode 122/1013  eps 0.331  train return  -15.75%  loss 3.46e-05  maxQ +0.0126  changes   397  1.2 min
episode 123/1013  eps 0.328  train return   +9.98%  loss 3.55e-05  maxQ +0.0122  changes   423  1.2 min
episode 124/1013  eps 0.325  train return  +18.12%  loss 4.09e-05  maxQ +0.0112  changes   465  1.2 min
episode 125/1013  eps 0.322  train return  +34.19%  loss 3.58e-05  maxQ +0.0120  changes   452  1.3 min
episode 126/1013  eps 0.319  train return  -11.77%  loss 3.48e-05  maxQ +0.0138  changes   460  1.3 min
episode 127/1013  eps 0.316  train return  +38.71%  loss 3.52e-05  maxQ +0.0122  changes   454  1.3 min
episode 128/1013  eps 0.313  train return  +12.35%  loss 3.83e-05  maxQ +0.0116  changes   408  1.3 min
episode 129/1013  eps 0.310  train return   -8.29%  loss 3.45e-05  maxQ +0.0130  changes   366  1.3 min
episode 130/1013  eps 0.308  train return   -1.01%  loss 3.50e-05  maxQ +0.0130  changes   401  1.3 min | val return -32.48% (best +26.26%)
episode 131/1013  eps 0.305  train return  +37.95%  loss 3.42e-05  maxQ +0.0121  changes   454  1.3 min
episode 132/1013  eps 0.302  train return  +28.87%  loss 3.71e-05  maxQ +0.0123  changes   441  1.3 min
episode 133/1013  eps 0.299  train return  +20.64%  loss 3.89e-05  maxQ +0.0120  changes   426  1.3 min
episode 134/1013  eps 0.296  train return  +10.35%  loss 3.66e-05  maxQ +0.0124  changes   392  1.4 min
episode 135/1013  eps 0.294  train return   -4.38%  loss 3.55e-05  maxQ +0.0125  changes   361  1.4 min
episode 136/1013  eps 0.291  train return  +38.21%  loss 3.50e-05  maxQ +0.0133  changes   420  1.4 min
episode 137/1013  eps 0.288  train return  +22.39%  loss 3.41e-05  maxQ +0.0126  changes   336  1.4 min
episode 138/1013  eps 0.286  train return   -6.07%  loss 3.69e-05  maxQ +0.0136  changes   420  1.4 min
episode 139/1013  eps 0.283  train return  +42.92%  loss 3.36e-05  maxQ +0.0119  changes   457  1.4 min
episode 140/1013  eps 0.281  train return  -10.40%  loss 3.90e-05  maxQ +0.0122  changes   466  1.4 min | val return -25.65% (best +26.26%)
episode 141/1013  eps 0.278  train return   +0.90%  loss 3.50e-05  maxQ +0.0120  changes   432  1.4 min
episode 142/1013  eps 0.276  train return   +7.40%  loss 3.43e-05  maxQ +0.0118  changes   380  1.5 min
episode 143/1013  eps 0.273  train return  +23.27%  loss 3.56e-05  maxQ +0.0107  changes   444  1.5 min
episode 144/1013  eps 0.271  train return   +2.86%  loss 3.47e-05  maxQ +0.0113  changes   442  1.5 min
episode 145/1013  eps 0.268  train return  +51.64%  loss 3.50e-05  maxQ +0.0123  changes   444  1.5 min
episode 146/1013  eps 0.266  train return   +8.85%  loss 3.53e-05  maxQ +0.0110  changes   379  1.5 min
episode 147/1013  eps 0.263  train return  +32.67%  loss 3.60e-05  maxQ +0.0123  changes   450  1.5 min
episode 148/1013  eps 0.261  train return   +1.48%  loss 3.49e-05  maxQ +0.0109  changes   416  1.5 min
episode 149/1013  eps 0.258  train return   +2.09%  loss 3.26e-05  maxQ +0.0104  changes   434  1.5 min
episode 150/1013  eps 0.256  train return  +12.30%  loss 3.73e-05  maxQ +0.0104  changes   417  1.5 min | val return -22.41% (best +26.26%)
episode 151/1013  eps 0.254  train return   -2.35%  loss 3.75e-05  maxQ +0.0104  changes   401  1.6 min
episode 152/1013  eps 0.251  train return   -6.99%  loss 3.83e-05  maxQ +0.0116  changes   384  1.6 min
episode 153/1013  eps 0.249  train return   +9.37%  loss 3.73e-05  maxQ +0.0113  changes   385  1.6 min
episode 154/1013  eps 0.247  train return  +41.21%  loss 3.51e-05  maxQ +0.0117  changes   424  1.6 min
episode 155/1013  eps 0.245  train return   -2.16%  loss 3.79e-05  maxQ +0.0107  changes   425  1.6 min
episode 156/1013  eps 0.242  train return   +9.01%  loss 3.48e-05  maxQ +0.0110  changes   460  1.6 min
episode 157/1013  eps 0.240  train return  +18.39%  loss 3.78e-05  maxQ +0.0124  changes   392  1.6 min
episode 158/1013  eps 0.238  train return  +56.58%  loss 3.69e-05  maxQ +0.0122  changes   464  1.6 min
episode 159/1013  eps 0.236  train return  +31.33%  loss 3.88e-05  maxQ +0.0126  changes   393  1.6 min
episode 160/1013  eps 0.234  train return   -6.37%  loss 4.10e-05  maxQ +0.0130  changes   409  1.7 min | val return -19.52% (best +26.26%)
episode 161/1013  eps 0.232  train return  +62.81%  loss 4.09e-05  maxQ +0.0131  changes   427  1.7 min
episode 162/1013  eps 0.230  train return  +10.10%  loss 4.17e-05  maxQ +0.0120  changes   443  1.7 min
episode 163/1013  eps 0.227  train return  +36.95%  loss 4.29e-05  maxQ +0.0126  changes   424  1.7 min
episode 164/1013  eps 0.225  train return  +57.07%  loss 4.43e-05  maxQ +0.0118  changes   440  1.7 min
episode 165/1013  eps 0.223  train return  +33.84%  loss 3.81e-05  maxQ +0.0113  changes   441  1.7 min
episode 166/1013  eps 0.221  train return  +58.89%  loss 4.36e-05  maxQ +0.0123  changes   473  1.7 min
episode 167/1013  eps 0.219  train return   +2.84%  loss 4.51e-05  maxQ +0.0131  changes   419  1.7 min
episode 168/1013  eps 0.217  train return  +21.57%  loss 4.19e-05  maxQ +0.0133  changes   428  1.8 min
episode 169/1013  eps 0.215  train return  +22.44%  loss 3.80e-05  maxQ +0.0128  changes   436  1.8 min
episode 170/1013  eps 0.213  train return  +32.93%  loss 3.97e-05  maxQ +0.0129  changes   433  1.8 min | val return -31.60% (best +26.26%)
episode 171/1013  eps 0.211  train return   +1.52%  loss 3.90e-05  maxQ +0.0119  changes   383  1.8 min
episode 172/1013  eps 0.209  train return  +95.76%  loss 4.05e-05  maxQ +0.0128  changes   461  1.8 min
episode 173/1013  eps 0.208  train return   -9.22%  loss 3.98e-05  maxQ +0.0130  changes   406  1.8 min
episode 174/1013  eps 0.206  train return  +22.66%  loss 3.86e-05  maxQ +0.0124  changes   407  1.8 min
episode 175/1013  eps 0.204  train return  +11.80%  loss 3.84e-05  maxQ +0.0123  changes   470  1.8 min
episode 176/1013  eps 0.202  train return  +10.39%  loss 3.97e-05  maxQ +0.0130  changes   419  1.8 min
episode 177/1013  eps 0.200  train return  +93.82%  loss 4.10e-05  maxQ +0.0127  changes   427  1.9 min
episode 178/1013  eps 0.198  train return  +16.73%  loss 4.38e-05  maxQ +0.0121  changes   368  1.9 min
episode 179/1013  eps 0.196  train return  +44.81%  loss 3.88e-05  maxQ +0.0123  changes   408  1.9 min
episode 180/1013  eps 0.195  train return   +4.51%  loss 3.74e-05  maxQ +0.0131  changes   404  1.9 min | val return -29.32% (best +26.26%)
episode 181/1013  eps 0.193  train return  +52.95%  loss 3.74e-05  maxQ +0.0116  changes   416  1.9 min
episode 182/1013  eps 0.191  train return  +17.04%  loss 3.94e-05  maxQ +0.0122  changes   432  1.9 min
episode 183/1013  eps 0.189  train return  +10.81%  loss 4.03e-05  maxQ +0.0118  changes   403  1.9 min
episode 184/1013  eps 0.188  train return   +5.03%  loss 3.73e-05  maxQ +0.0126  changes   402  1.9 min
episode 185/1013  eps 0.186  train return   +8.61%  loss 4.25e-05  maxQ +0.0121  changes   396  1.9 min
episode 186/1013  eps 0.184  train return  +30.03%  loss 3.88e-05  maxQ +0.0120  changes   378  1.9 min
episode 187/1013  eps 0.183  train return  +88.80%  loss 4.18e-05  maxQ +0.0126  changes   465  2.0 min
episode 188/1013  eps 0.181  train return  +32.56%  loss 3.68e-05  maxQ +0.0131  changes   441  2.0 min
episode 189/1013  eps 0.179  train return  -10.21%  loss 3.95e-05  maxQ +0.0143  changes   417  2.0 min
episode 190/1013  eps 0.178  train return +228.94%  loss 4.40e-05  maxQ +0.0153  changes   446  2.0 min | val return -8.01% (best +26.26%)
episode 191/1013  eps 0.176  train return   +1.35%  loss 4.00e-05  maxQ +0.0151  changes   379  2.0 min
episode 192/1013  eps 0.174  train return  +18.50%  loss 4.75e-05  maxQ +0.0152  changes   353  2.0 min
episode 193/1013  eps 0.173  train return   +9.58%  loss 4.37e-05  maxQ +0.0154  changes   433  2.0 min
episode 194/1013  eps 0.171  train return  +23.27%  loss 4.44e-05  maxQ +0.0151  changes   475  2.0 min
episode 195/1013  eps 0.170  train return  +55.66%  loss 3.73e-05  maxQ +0.0144  changes   379  2.0 min
episode 196/1013  eps 0.168  train return  +98.69%  loss 4.21e-05  maxQ +0.0144  changes   482  2.1 min
episode 197/1013  eps 0.167  train return  +12.31%  loss 4.15e-05  maxQ +0.0151  changes   426  2.1 min
episode 198/1013  eps 0.165  train return   +3.62%  loss 4.67e-05  maxQ +0.0142  changes   405  2.1 min
episode 199/1013  eps 0.164  train return  +35.99%  loss 4.81e-05  maxQ +0.0137  changes   376  2.1 min
episode 200/1013  eps 0.162  train return   +6.37%  loss 4.70e-05  maxQ +0.0141  changes   391  2.1 min | val return +2.82% (best +26.26%)
episode 201/1013  eps 0.161  train return  +91.74%  loss 4.06e-05  maxQ +0.0137  changes   456  2.1 min
episode 202/1013  eps 0.159  train return   -0.85%  loss 4.13e-05  maxQ +0.0141  changes   373  2.1 min
episode 203/1013  eps 0.158  train return   +1.83%  loss 4.32e-05  maxQ +0.0144  changes   392  2.1 min
episode 204/1013  eps 0.156  train return  +23.61%  loss 4.53e-05  maxQ +0.0145  changes   411  2.1 min
episode 205/1013  eps 0.155  train return   -3.98%  loss 4.07e-05  maxQ +0.0136  changes   391  2.2 min
episode 206/1013  eps 0.154  train return +118.39%  loss 4.46e-05  maxQ +0.0146  changes   402  2.2 min
episode 207/1013  eps 0.152  train return +180.50%  loss 4.09e-05  maxQ +0.0141  changes   449  2.2 min
episode 208/1013  eps 0.151  train return  +14.35%  loss 4.59e-05  maxQ +0.0144  changes   450  2.2 min
episode 209/1013  eps 0.149  train return  -10.48%  loss 4.82e-05  maxQ +0.0144  changes   376  2.2 min
episode 210/1013  eps 0.148  train return   -2.63%  loss 4.96e-05  maxQ +0.0150  changes   421  2.2 min | val return -24.85% (best +26.26%)
episode 211/1013  eps 0.147  train return  +32.76%  loss 4.25e-05  maxQ +0.0146  changes   403  2.2 min
episode 212/1013  eps 0.145  train return  -18.74%  loss 4.24e-05  maxQ +0.0141  changes   413  2.2 min
episode 213/1013  eps 0.144  train return  +29.48%  loss 4.37e-05  maxQ +0.0136  changes   408  2.3 min
episode 214/1013  eps 0.143  train return   +2.07%  loss 4.23e-05  maxQ +0.0142  changes   397  2.3 min
episode 215/1013  eps 0.141  train return +195.60%  loss 4.39e-05  maxQ +0.0140  changes   448  2.3 min
episode 216/1013  eps 0.140  train return   -5.46%  loss 5.21e-05  maxQ +0.0150  changes   424  2.3 min
episode 217/1013  eps 0.139  train return  +67.82%  loss 4.46e-05  maxQ +0.0147  changes   450  2.3 min
episode 218/1013  eps 0.138  train return   -5.92%  loss 4.84e-05  maxQ +0.0140  changes   434  2.3 min
episode 219/1013  eps 0.136  train return  -17.88%  loss 4.73e-05  maxQ +0.0139  changes   401  2.3 min
episode 220/1013  eps 0.135  train return  +20.35%  loss 4.73e-05  maxQ +0.0145  changes   411  2.3 min | val return -21.72% (best +26.26%)
episode 221/1013  eps 0.134  train return  +14.64%  loss 4.47e-05  maxQ +0.0135  changes   441  2.4 min
episode 222/1013  eps 0.133  train return  +19.67%  loss 4.18e-05  maxQ +0.0140  changes   368  2.4 min
episode 223/1013  eps 0.131  train return   -5.77%  loss 4.46e-05  maxQ +0.0144  changes   376  2.4 min
episode 224/1013  eps 0.130  train return  +13.47%  loss 4.67e-05  maxQ +0.0150  changes   438  2.4 min
episode 225/1013  eps 0.129  train return   +4.70%  loss 4.43e-05  maxQ +0.0150  changes   402  2.4 min
episode 226/1013  eps 0.128  train return  +21.30%  loss 4.31e-05  maxQ +0.0143  changes   383  2.4 min
episode 227/1013  eps 0.127  train return   -1.89%  loss 4.45e-05  maxQ +0.0148  changes   462  2.4 min
episode 228/1013  eps 0.126  train return +107.70%  loss 4.59e-05  maxQ +0.0145  changes   470  2.4 min
episode 229/1013  eps 0.124  train return  -10.77%  loss 4.92e-05  maxQ +0.0149  changes   490  2.4 min
episode 230/1013  eps 0.123  train return +158.38%  loss 4.72e-05  maxQ +0.0147  changes   433  2.5 min | val return -18.84% (best +26.26%)
episode 231/1013  eps 0.122  train return  -10.38%  loss 4.24e-05  maxQ +0.0135  changes   437  2.5 min
episode 232/1013  eps 0.121  train return   -5.34%  loss 4.42e-05  maxQ +0.0138  changes   409  2.5 min
episode 233/1013  eps 0.120  train return   +5.60%  loss 3.82e-05  maxQ +0.0127  changes   350  2.5 min
episode 234/1013  eps 0.119  train return  +12.31%  loss 4.27e-05  maxQ +0.0140  changes   352  2.5 min
episode 235/1013  eps 0.118  train return +121.73%  loss 4.42e-05  maxQ +0.0147  changes   438  2.5 min
episode 236/1013  eps 0.117  train return   -7.64%  loss 4.68e-05  maxQ +0.0135  changes   430  2.5 min
episode 237/1013  eps 0.116  train return   +7.09%  loss 4.14e-05  maxQ +0.0134  changes   398  2.5 min
episode 238/1013  eps 0.115  train return  +32.59%  loss 4.13e-05  maxQ +0.0138  changes   426  2.5 min
episode 239/1013  eps 0.114  train return   +6.63%  loss 4.09e-05  maxQ +0.0137  changes   376  2.6 min
episode 240/1013  eps 0.112  train return   -5.87%  loss 3.91e-05  maxQ +0.0138  changes   354  2.6 min | val return -23.40% (best +26.26%)
episode 241/1013  eps 0.111  train return  +85.43%  loss 4.25e-05  maxQ +0.0138  changes   378  2.6 min
episode 242/1013  eps 0.110  train return  +10.31%  loss 4.30e-05  maxQ +0.0146  changes   381  2.6 min
episode 243/1013  eps 0.109  train return  +64.15%  loss 4.38e-05  maxQ +0.0134  changes   393  2.6 min
episode 244/1013  eps 0.108  train return  +21.50%  loss 4.71e-05  maxQ +0.0145  changes   348  2.6 min
episode 245/1013  eps 0.107  train return  +36.68%  loss 4.57e-05  maxQ +0.0142  changes   443  2.6 min
episode 246/1013  eps 0.106  train return   +4.52%  loss 4.80e-05  maxQ +0.0135  changes   399  2.6 min
episode 247/1013  eps 0.106  train return  +46.18%  loss 4.15e-05  maxQ +0.0134  changes   435  2.7 min
episode 248/1013  eps 0.105  train return   +3.63%  loss 3.94e-05  maxQ +0.0135  changes   420  2.7 min
episode 249/1013  eps 0.104  train return   -3.48%  loss 4.72e-05  maxQ +0.0131  changes   448  2.7 min
episode 250/1013  eps 0.103  train return  +59.68%  loss 4.40e-05  maxQ +0.0128  changes   438  2.7 min | val return -11.62% (best +26.26%)
episode 251/1013  eps 0.102  train return  +37.31%  loss 4.30e-05  maxQ +0.0130  changes   451  2.7 min
episode 252/1013  eps 0.101  train return  -26.24%  loss 4.28e-05  maxQ +0.0126  changes   442  2.7 min
episode 253/1013  eps 0.100  train return +434.69%  loss 4.23e-05  maxQ +0.0126  changes   467  2.7 min
episode 254/1013  eps 0.099  train return +193.03%  loss 4.39e-05  maxQ +0.0124  changes   455  2.7 min
episode 255/1013  eps 0.098  train return  +16.62%  loss 4.59e-05  maxQ +0.0127  changes   393  2.8 min
episode 256/1013  eps 0.097  train return  +36.66%  loss 4.52e-05  maxQ +0.0129  changes   390  2.8 min
episode 257/1013  eps 0.096  train return   +6.13%  loss 4.55e-05  maxQ +0.0129  changes   403  2.8 min
episode 258/1013  eps 0.095  train return   +4.30%  loss 4.60e-05  maxQ +0.0130  changes   399  2.8 min
episode 259/1013  eps 0.095  train return  +15.00%  loss 4.35e-05  maxQ +0.0141  changes   420  2.8 min
episode 260/1013  eps 0.094  train return  +81.53%  loss 4.57e-05  maxQ +0.0141  changes   455  2.8 min | val return -24.81% (best +26.26%)
episode 261/1013  eps 0.093  train return  +47.80%  loss 4.36e-05  maxQ +0.0137  changes   415  2.8 min
episode 262/1013  eps 0.092  train return  -15.95%  loss 4.19e-05  maxQ +0.0137  changes   405  2.8 min
episode 263/1013  eps 0.091  train return   +5.32%  loss 4.18e-05  maxQ +0.0133  changes   408  2.8 min
episode 264/1013  eps 0.090  train return  +28.92%  loss 4.37e-05  maxQ +0.0137  changes   390  2.9 min
episode 265/1013  eps 0.090  train return  +50.00%  loss 3.87e-05  maxQ +0.0133  changes   431  2.9 min
episode 266/1013  eps 0.089  train return   +2.97%  loss 4.54e-05  maxQ +0.0131  changes   387  2.9 min
episode 267/1013  eps 0.088  train return  -22.69%  loss 4.18e-05  maxQ +0.0130  changes   393  2.9 min
episode 268/1013  eps 0.087  train return  +33.52%  loss 4.29e-05  maxQ +0.0127  changes   404  2.9 min
episode 269/1013  eps 0.086  train return  +74.11%  loss 4.83e-05  maxQ +0.0125  changes   418  2.9 min
episode 270/1013  eps 0.086  train return  +51.43%  loss 4.52e-05  maxQ +0.0134  changes   426  2.9 min | val return -28.62% (best +26.26%)
episode 271/1013  eps 0.085  train return  +24.09%  loss 4.66e-05  maxQ +0.0138  changes   443  2.9 min
episode 272/1013  eps 0.084  train return  +17.75%  loss 4.43e-05  maxQ +0.0144  changes   416  2.9 min
episode 273/1013  eps 0.083  train return  +86.79%  loss 4.33e-05  maxQ +0.0139  changes   435  3.0 min
episode 274/1013  eps 0.082  train return +110.18%  loss 4.51e-05  maxQ +0.0141  changes   420  3.0 min
episode 275/1013  eps 0.082  train return   -1.34%  loss 4.67e-05  maxQ +0.0136  changes   378  3.0 min
episode 276/1013  eps 0.081  train return  +13.53%  loss 4.17e-05  maxQ +0.0134  changes   385  3.0 min
episode 277/1013  eps 0.080  train return  +27.67%  loss 3.92e-05  maxQ +0.0129  changes   352  3.0 min
episode 278/1013  eps 0.079  train return  +13.69%  loss 3.75e-05  maxQ +0.0127  changes   357  3.0 min
episode 279/1013  eps 0.079  train return  +23.58%  loss 3.74e-05  maxQ +0.0122  changes   411  3.0 min
episode 280/1013  eps 0.078  train return   +9.73%  loss 3.97e-05  maxQ +0.0128  changes   398  3.0 min | val return -8.99% (best +26.26%)
episode 281/1013  eps 0.077  train return  +31.59%  loss 4.06e-05  maxQ +0.0136  changes   454  3.1 min
episode 282/1013  eps 0.077  train return  +90.39%  loss 3.96e-05  maxQ +0.0129  changes   418  3.1 min
episode 283/1013  eps 0.076  train return  +44.96%  loss 4.16e-05  maxQ +0.0129  changes   466  3.1 min
episode 284/1013  eps 0.075  train return   -6.90%  loss 4.09e-05  maxQ +0.0129  changes   315  3.1 min
episode 285/1013  eps 0.075  train return   -0.02%  loss 4.24e-05  maxQ +0.0131  changes   398  3.1 min
episode 286/1013  eps 0.074  train return  +50.01%  loss 3.98e-05  maxQ +0.0130  changes   410  3.1 min
episode 287/1013  eps 0.073  train return   -3.70%  loss 4.01e-05  maxQ +0.0131  changes   304  3.1 min
episode 288/1013  eps 0.073  train return   +4.13%  loss 3.73e-05  maxQ +0.0126  changes   395  3.1 min
episode 289/1013  eps 0.072  train return  +87.51%  loss 3.99e-05  maxQ +0.0125  changes   403  3.1 min
episode 290/1013  eps 0.071  train return  +22.80%  loss 3.93e-05  maxQ +0.0123  changes   367  3.2 min | val return -4.21% (best +26.26%)
episode 291/1013  eps 0.071  train return +275.64%  loss 4.21e-05  maxQ +0.0126  changes   419  3.2 min
episode 292/1013  eps 0.070  train return +232.20%  loss 4.13e-05  maxQ +0.0129  changes   440  3.2 min
episode 293/1013  eps 0.069  train return  +35.94%  loss 4.03e-05  maxQ +0.0120  changes   400  3.2 min
episode 294/1013  eps 0.069  train return   +4.13%  loss 3.91e-05  maxQ +0.0122  changes   320  3.2 min
episode 295/1013  eps 0.068  train return   +3.48%  loss 3.86e-05  maxQ +0.0118  changes   354  3.2 min
episode 296/1013  eps 0.067  train return  +36.90%  loss 4.13e-05  maxQ +0.0121  changes   426  3.2 min
episode 297/1013  eps 0.067  train return +191.21%  loss 4.04e-05  maxQ +0.0127  changes   384  3.2 min
episode 298/1013  eps 0.066  train return  +12.61%  loss 4.40e-05  maxQ +0.0131  changes   375  3.3 min
episode 299/1013  eps 0.066  train return  +17.23%  loss 4.08e-05  maxQ +0.0138  changes   441  3.3 min
episode 300/1013  eps 0.065  train return +237.01%  loss 4.17e-05  maxQ +0.0135  changes   422  3.3 min | val return -10.86% (best +26.26%)
episode 301/1013  eps 0.064  train return  +22.65%  loss 4.23e-05  maxQ +0.0130  changes   409  3.3 min
episode 302/1013  eps 0.064  train return +119.47%  loss 4.23e-05  maxQ +0.0134  changes   414  3.3 min
episode 303/1013  eps 0.063  train return  +11.56%  loss 4.54e-05  maxQ +0.0141  changes   392  3.3 min
episode 304/1013  eps 0.063  train return +535.75%  loss 4.34e-05  maxQ +0.0133  changes   445  3.3 min
episode 305/1013  eps 0.062  train return +111.68%  loss 4.52e-05  maxQ +0.0135  changes   415  3.3 min
episode 306/1013  eps 0.062  train return +122.37%  loss 4.46e-05  maxQ +0.0139  changes   397  3.3 min
episode 307/1013  eps 0.061  train return  +41.63%  loss 4.24e-05  maxQ +0.0138  changes   402  3.4 min
episode 308/1013  eps 0.060  train return   +5.53%  loss 4.55e-05  maxQ +0.0137  changes   379  3.4 min
episode 309/1013  eps 0.060  train return  +76.84%  loss 4.38e-05  maxQ +0.0135  changes   454  3.4 min
episode 310/1013  eps 0.059  train return +123.20%  loss 4.46e-05  maxQ +0.0131  changes   435  3.4 min | val return -17.45% (best +26.26%)
episode 311/1013  eps 0.059  train return   -6.59%  loss 4.41e-05  maxQ +0.0139  changes   309  3.4 min
episode 312/1013  eps 0.058  train return  +12.82%  loss 4.50e-05  maxQ +0.0146  changes   380  3.4 min
episode 313/1013  eps 0.058  train return  +12.39%  loss 4.56e-05  maxQ +0.0140  changes   376  3.4 min
episode 314/1013  eps 0.057  train return  +20.31%  loss 4.43e-05  maxQ +0.0140  changes   389  3.4 min
episode 315/1013  eps 0.057  train return  +24.22%  loss 4.19e-05  maxQ +0.0143  changes   444  3.5 min
episode 316/1013  eps 0.056  train return  +51.01%  loss 4.23e-05  maxQ +0.0146  changes   409  3.5 min
episode 317/1013  eps 0.056  train return   +4.14%  loss 3.95e-05  maxQ +0.0139  changes   389  3.5 min
episode 318/1013  eps 0.055  train return  +83.45%  loss 4.35e-05  maxQ +0.0143  changes   441  3.5 min
episode 319/1013  eps 0.055  train return +208.13%  loss 4.61e-05  maxQ +0.0146  changes   428  3.5 min
episode 320/1013  eps 0.054  train return  +23.92%  loss 4.38e-05  maxQ +0.0142  changes   332  3.5 min | val return +1.05% (best +26.26%)
episode 321/1013  eps 0.054  train return  +48.92%  loss 4.13e-05  maxQ +0.0141  changes   423  3.5 min
episode 322/1013  eps 0.053  train return  +88.12%  loss 4.15e-05  maxQ +0.0135  changes   421  3.5 min
episode 323/1013  eps 0.053  train return   +0.45%  loss 3.93e-05  maxQ +0.0142  changes   373  3.6 min
episode 324/1013  eps 0.052  train return   +4.67%  loss 4.25e-05  maxQ +0.0133  changes   392  3.6 min
episode 325/1013  eps 0.052  train return   +3.88%  loss 3.98e-05  maxQ +0.0139  changes   364  3.6 min
episode 326/1013  eps 0.051  train return  +63.51%  loss 3.88e-05  maxQ +0.0139  changes   465  3.6 min
episode 327/1013  eps 0.051  train return  +81.19%  loss 3.91e-05  maxQ +0.0127  changes   407  3.6 min
episode 328/1013  eps 0.050  train return  +84.91%  loss 3.82e-05  maxQ +0.0122  changes   425  3.6 min
episode 329/1013  eps 0.050  train return  +33.66%  loss 3.87e-05  maxQ +0.0121  changes   387  3.6 min
episode 330/1013  eps 0.049  train return  +30.14%  loss 4.08e-05  maxQ +0.0120  changes   304  3.6 min | val return -17.06% (best +26.26%)
episode 331/1013  eps 0.049  train return  +22.26%  loss 3.97e-05  maxQ +0.0122  changes   403  3.7 min
episode 332/1013  eps 0.049  train return  +23.15%  loss 4.18e-05  maxQ +0.0134  changes   368  3.7 min
episode 333/1013  eps 0.048  train return  -11.27%  loss 4.28e-05  maxQ +0.0128  changes   341  3.7 min
episode 334/1013  eps 0.048  train return  +24.77%  loss 3.94e-05  maxQ +0.0127  changes   365  3.7 min
episode 335/1013  eps 0.047  train return  +96.13%  loss 4.01e-05  maxQ +0.0127  changes   429  3.7 min
episode 336/1013  eps 0.047  train return +130.95%  loss 4.01e-05  maxQ +0.0137  changes   457  3.7 min
episode 337/1013  eps 0.046  train return  +84.30%  loss 4.23e-05  maxQ +0.0134  changes   431  3.7 min
episode 338/1013  eps 0.046  train return  +31.20%  loss 3.93e-05  maxQ +0.0123  changes   385  3.7 min
episode 339/1013  eps 0.046  train return  +11.55%  loss 4.03e-05  maxQ +0.0123  changes   397  3.7 min
episode 340/1013  eps 0.045  train return  +41.60%  loss 4.18e-05  maxQ +0.0126  changes   380  3.8 min | val return +5.65% (best +26.26%)
episode 341/1013  eps 0.045  train return  +20.03%  loss 3.92e-05  maxQ +0.0127  changes   408  3.8 min
episode 342/1013  eps 0.044  train return  +73.52%  loss 3.99e-05  maxQ +0.0127  changes   414  3.8 min
episode 343/1013  eps 0.044  train return  +23.36%  loss 3.90e-05  maxQ +0.0125  changes   400  3.8 min
episode 344/1013  eps 0.043  train return  +61.55%  loss 3.85e-05  maxQ +0.0125  changes   385  3.8 min
episode 345/1013  eps 0.043  train return  +21.85%  loss 4.06e-05  maxQ +0.0128  changes   458  3.8 min
episode 346/1013  eps 0.043  train return  +39.42%  loss 4.27e-05  maxQ +0.0125  changes   405  3.8 min
episode 347/1013  eps 0.042  train return +126.82%  loss 4.25e-05  maxQ +0.0123  changes   420  3.8 min
episode 348/1013  eps 0.042  train return  +46.33%  loss 4.09e-05  maxQ +0.0123  changes   375  3.8 min
episode 349/1013  eps 0.042  train return +168.48%  loss 4.14e-05  maxQ +0.0123  changes   436  3.9 min
episode 350/1013  eps 0.041  train return +301.36%  loss 4.16e-05  maxQ +0.0123  changes   386  3.9 min | val return -16.47% (best +26.26%)
episode 351/1013  eps 0.041  train return +202.13%  loss 4.50e-05  maxQ +0.0127  changes   440  3.9 min
episode 352/1013  eps 0.040  train return   +9.40%  loss 4.42e-05  maxQ +0.0129  changes   394  3.9 min
episode 353/1013  eps 0.040  train return  +51.57%  loss 4.33e-05  maxQ +0.0130  changes   383  3.9 min
episode 354/1013  eps 0.040  train return  +63.27%  loss 4.47e-05  maxQ +0.0140  changes   393  3.9 min
episode 355/1013  eps 0.039  train return  +54.15%  loss 4.91e-05  maxQ +0.0143  changes   359  3.9 min
episode 356/1013  eps 0.039  train return +231.88%  loss 4.38e-05  maxQ +0.0140  changes   405  3.9 min
episode 357/1013  eps 0.039  train return  +45.76%  loss 4.62e-05  maxQ +0.0141  changes   463  4.0 min
episode 358/1013  eps 0.038  train return +216.18%  loss 5.26e-05  maxQ +0.0142  changes   416  4.0 min
episode 359/1013  eps 0.038  train return  +54.33%  loss 4.98e-05  maxQ +0.0150  changes   371  4.0 min
episode 360/1013  eps 0.038  train return +135.67%  loss 4.86e-05  maxQ +0.0142  changes   429  4.0 min | val return -30.90% (best +26.26%)
episode 361/1013  eps 0.037  train return +118.11%  loss 4.48e-05  maxQ +0.0141  changes   435  4.0 min
episode 362/1013  eps 0.037  train return  +19.59%  loss 4.80e-05  maxQ +0.0152  changes   352  4.0 min
episode 363/1013  eps 0.037  train return  +27.38%  loss 4.65e-05  maxQ +0.0148  changes   376  4.0 min
episode 364/1013  eps 0.036  train return  +29.75%  loss 4.68e-05  maxQ +0.0143  changes   334  4.0 min
episode 365/1013  eps 0.036  train return  +30.94%  loss 5.04e-05  maxQ +0.0143  changes   358  4.1 min
episode 366/1013  eps 0.036  train return   -8.66%  loss 4.58e-05  maxQ +0.0141  changes   357  4.1 min
episode 367/1013  eps 0.035  train return +143.74%  loss 4.58e-05  maxQ +0.0134  changes   412  4.1 min
episode 368/1013  eps 0.035  train return  +94.39%  loss 4.27e-05  maxQ +0.0137  changes   381  4.1 min
episode 369/1013  eps 0.035  train return  +92.99%  loss 4.52e-05  maxQ +0.0140  changes   405  4.1 min
episode 370/1013  eps 0.034  train return  +15.92%  loss 4.75e-05  maxQ +0.0137  changes   327  4.1 min | val return -32.52% (best +26.26%)
episode 371/1013  eps 0.034  train return  +40.41%  loss 4.47e-05  maxQ +0.0150  changes   438  4.1 min
episode 372/1013  eps 0.034  train return  +10.40%  loss 4.31e-05  maxQ +0.0139  changes   306  4.1 min
episode 373/1013  eps 0.033  train return  +54.91%  loss 4.53e-05  maxQ +0.0141  changes   350  4.2 min
episode 374/1013  eps 0.033  train return  +30.88%  loss 4.73e-05  maxQ +0.0144  changes   391  4.2 min
episode 375/1013  eps 0.033  train return +183.66%  loss 4.32e-05  maxQ +0.0142  changes   413  4.2 min
episode 376/1013  eps 0.032  train return   +2.59%  loss 4.77e-05  maxQ +0.0142  changes   399  4.2 min
episode 377/1013  eps 0.032  train return  +59.99%  loss 4.40e-05  maxQ +0.0141  changes   463  4.2 min
episode 378/1013  eps 0.032  train return  +15.47%  loss 4.31e-05  maxQ +0.0145  changes   377  4.2 min
episode 379/1013  eps 0.032  train return  +67.40%  loss 4.28e-05  maxQ +0.0144  changes   400  4.2 min
episode 380/1013  eps 0.031  train return   +5.54%  loss 4.40e-05  maxQ +0.0139  changes   301  4.2 min | val return +1.01% (best +26.26%)
episode 381/1013  eps 0.031  train return  +13.15%  loss 4.14e-05  maxQ +0.0136  changes   396  4.3 min
episode 382/1013  eps 0.031  train return +358.55%  loss 4.28e-05  maxQ +0.0133  changes   404  4.3 min
episode 383/1013  eps 0.030  train return +148.10%  loss 4.49e-05  maxQ +0.0137  changes   428  4.3 min
episode 384/1013  eps 0.030  train return  -10.14%  loss 4.65e-05  maxQ +0.0148  changes   424  4.3 min
episode 385/1013  eps 0.030  train return  +26.06%  loss 4.77e-05  maxQ +0.0143  changes   374  4.3 min
episode 386/1013  eps 0.030  train return   +6.79%  loss 4.39e-05  maxQ +0.0142  changes   292  4.3 min
episode 387/1013  eps 0.029  train return +109.16%  loss 4.63e-05  maxQ +0.0149  changes   415  4.3 min
episode 388/1013  eps 0.029  train return  +77.81%  loss 4.43e-05  maxQ +0.0143  changes   388  4.3 min
episode 389/1013  eps 0.029  train return +161.25%  loss 4.15e-05  maxQ +0.0134  changes   456  4.3 min
episode 390/1013  eps 0.029  train return  +14.83%  loss 4.50e-05  maxQ +0.0136  changes   384  4.4 min | val return -6.70% (best +26.26%)
episode 391/1013  eps 0.028  train return   +6.95%  loss 4.57e-05  maxQ +0.0139  changes   412  4.4 min
episode 392/1013  eps 0.028  train return  +27.16%  loss 4.43e-05  maxQ +0.0142  changes   313  4.4 min
episode 393/1013  eps 0.028  train return  +41.83%  loss 4.49e-05  maxQ +0.0142  changes   377  4.4 min
episode 394/1013  eps 0.028  train return  +71.89%  loss 4.20e-05  maxQ +0.0135  changes   427  4.4 min
episode 395/1013  eps 0.027  train return  +61.75%  loss 4.17e-05  maxQ +0.0125  changes   430  4.4 min
episode 396/1013  eps 0.027  train return  +38.19%  loss 4.37e-05  maxQ +0.0125  changes   377  4.4 min
episode 397/1013  eps 0.027  train return  +38.11%  loss 4.32e-05  maxQ +0.0132  changes   388  4.4 min
episode 398/1013  eps 0.027  train return +114.95%  loss 4.40e-05  maxQ +0.0136  changes   407  4.4 min
episode 399/1013  eps 0.026  train return   +5.73%  loss 4.53e-05  maxQ +0.0138  changes   374  4.5 min
episode 400/1013  eps 0.026  train return  +58.88%  loss 4.09e-05  maxQ +0.0128  changes   380  4.5 min | val return -25.57% (best +26.26%)
episode 401/1013  eps 0.026  train return   +7.50%  loss 4.07e-05  maxQ +0.0125  changes   342  4.5 min
episode 402/1013  eps 0.026  train return  +20.19%  loss 4.29e-05  maxQ +0.0133  changes   357  4.5 min
episode 403/1013  eps 0.025  train return +423.94%  loss 4.47e-05  maxQ +0.0134  changes   404  4.5 min
episode 404/1013  eps 0.025  train return  +22.76%  loss 4.43e-05  maxQ +0.0133  changes   324  4.5 min
episode 405/1013  eps 0.025  train return  +14.45%  loss 4.15e-05  maxQ +0.0127  changes   357  4.5 min
episode 406/1013  eps 0.025  train return  +65.91%  loss 4.13e-05  maxQ +0.0125  changes   422  4.5 min
episode 407/1013  eps 0.024  train return  +85.13%  loss 4.05e-05  maxQ +0.0126  changes   401  4.6 min
episode 408/1013  eps 0.024  train return  +30.85%  loss 4.02e-05  maxQ +0.0125  changes   392  4.6 min
episode 409/1013  eps 0.024  train return   +2.58%  loss 4.59e-05  maxQ +0.0124  changes   373  4.6 min
episode 410/1013  eps 0.024  train return  +42.95%  loss 4.60e-05  maxQ +0.0121  changes   381  4.6 min | val return -10.50% (best +26.26%)
episode 411/1013  eps 0.024  train return  +95.64%  loss 4.33e-05  maxQ +0.0126  changes   392  4.6 min
episode 412/1013  eps 0.023  train return  +66.01%  loss 4.71e-05  maxQ +0.0129  changes   435  4.6 min
episode 413/1013  eps 0.023  train return +650.03%  loss 4.65e-05  maxQ +0.0136  changes   421  4.6 min
episode 414/1013  eps 0.023  train return  +51.05%  loss 4.56e-05  maxQ +0.0135  changes   387  4.7 min
episode 415/1013  eps 0.023  train return  +83.01%  loss 4.57e-05  maxQ +0.0136  changes   420  4.7 min
episode 416/1013  eps 0.023  train return  +48.65%  loss 4.59e-05  maxQ +0.0140  changes   400  4.7 min
episode 417/1013  eps 0.022  train return +107.27%  loss 4.58e-05  maxQ +0.0140  changes   439  4.7 min
episode 418/1013  eps 0.022  train return  +28.86%  loss 4.36e-05  maxQ +0.0135  changes   370  4.7 min
episode 419/1013  eps 0.022  train return  +48.88%  loss 4.27e-05  maxQ +0.0135  changes   383  4.7 min
episode 420/1013  eps 0.022  train return  +16.04%  loss 4.33e-05  maxQ +0.0143  changes   424  4.7 min | val return -17.80% (best +26.26%)
episode 421/1013  eps 0.022  train return  +25.25%  loss 4.63e-05  maxQ +0.0145  changes   391  4.7 min
episode 422/1013  eps 0.021  train return  +43.99%  loss 4.39e-05  maxQ +0.0143  changes   471  4.8 min
episode 423/1013  eps 0.021  train return  +42.15%  loss 4.27e-05  maxQ +0.0143  changes   393  4.8 min
episode 424/1013  eps 0.021  train return +142.33%  loss 4.15e-05  maxQ +0.0138  changes   421  4.8 min
episode 425/1013  eps 0.021  train return  +34.79%  loss 4.00e-05  maxQ +0.0142  changes   373  4.8 min
episode 426/1013  eps 0.021  train return  +95.22%  loss 4.18e-05  maxQ +0.0136  changes   439  4.8 min
episode 427/1013  eps 0.020  train return  +26.80%  loss 4.43e-05  maxQ +0.0131  changes   324  4.8 min
episode 428/1013  eps 0.020  train return  +27.64%  loss 4.13e-05  maxQ +0.0134  changes   369  4.8 min
episode 429/1013  eps 0.020  train return  +15.87%  loss 3.85e-05  maxQ +0.0121  changes   348  4.8 min
episode 430/1013  eps 0.020  train return +103.11%  loss 3.74e-05  maxQ +0.0128  changes   467  4.8 min | val return -7.77% (best +26.26%)
episode 431/1013  eps 0.020  train return +108.11%  loss 3.73e-05  maxQ +0.0138  changes   349  4.9 min
episode 432/1013  eps 0.019  train return  +20.61%  loss 4.05e-05  maxQ +0.0134  changes   368  4.9 min
episode 433/1013  eps 0.019  train return +247.18%  loss 4.14e-05  maxQ +0.0135  changes   418  4.9 min
episode 434/1013  eps 0.019  train return   +1.33%  loss 4.06e-05  maxQ +0.0135  changes   344  4.9 min
episode 435/1013  eps 0.019  train return  +19.37%  loss 4.25e-05  maxQ +0.0136  changes   386  4.9 min
episode 436/1013  eps 0.019  train return  +41.27%  loss 4.11e-05  maxQ +0.0131  changes   367  4.9 min
episode 437/1013  eps 0.019  train return  +16.67%  loss 3.85e-05  maxQ +0.0131  changes   366  4.9 min
episode 438/1013  eps 0.018  train return  +16.83%  loss 4.03e-05  maxQ +0.0131  changes   457  4.9 min
episode 439/1013  eps 0.018  train return  +29.65%  loss 3.95e-05  maxQ +0.0135  changes   312  4.9 min
episode 440/1013  eps 0.018  train return  +21.92%  loss 4.36e-05  maxQ +0.0138  changes   444  5.0 min | val return -8.08% (best +26.26%)
episode 441/1013  eps 0.018  train return   +1.62%  loss 4.75e-05  maxQ +0.0135  changes   346  5.0 min
episode 442/1013  eps 0.018  train return  +41.15%  loss 4.12e-05  maxQ +0.0132  changes   379  5.0 min
episode 443/1013  eps 0.018  train return  +53.26%  loss 4.36e-05  maxQ +0.0135  changes   394  5.0 min
episode 444/1013  eps 0.017  train return  +72.47%  loss 4.23e-05  maxQ +0.0134  changes   443  5.0 min
episode 445/1013  eps 0.017  train return  +27.38%  loss 4.42e-05  maxQ +0.0134  changes   373  5.0 min
episode 446/1013  eps 0.017  train return +189.56%  loss 4.12e-05  maxQ +0.0126  changes   426  5.0 min
episode 447/1013  eps 0.017  train return  +26.16%  loss 4.26e-05  maxQ +0.0134  changes   307  5.0 min
episode 448/1013  eps 0.017  train return  +52.72%  loss 4.65e-05  maxQ +0.0137  changes   394  5.1 min
episode 449/1013  eps 0.017  train return  +30.13%  loss 4.15e-05  maxQ +0.0134  changes   414  5.1 min
episode 450/1013  eps 0.016  train return   +2.63%  loss 4.02e-05  maxQ +0.0132  changes   391  5.1 min | val return -11.24% (best +26.26%)
episode 451/1013  eps 0.016  train return  +89.66%  loss 4.68e-05  maxQ +0.0142  changes   458  5.1 min
episode 452/1013  eps 0.016  train return +126.41%  loss 4.13e-05  maxQ +0.0135  changes   435  5.1 min
episode 453/1013  eps 0.016  train return  +47.10%  loss 3.82e-05  maxQ +0.0138  changes   376  5.1 min
episode 454/1013  eps 0.016  train return  +58.57%  loss 3.99e-05  maxQ +0.0136  changes   433  5.1 min
episode 455/1013  eps 0.016  train return +126.72%  loss 4.46e-05  maxQ +0.0137  changes   373  5.2 min
episode 456/1013  eps 0.016  train return +147.55%  loss 4.49e-05  maxQ +0.0136  changes   435  5.2 min
episode 457/1013  eps 0.015  train return  +80.83%  loss 4.43e-05  maxQ +0.0134  changes   390  5.2 min
episode 458/1013  eps 0.015  train return +142.10%  loss 4.28e-05  maxQ +0.0133  changes   416  5.2 min
episode 459/1013  eps 0.015  train return  +64.05%  loss 3.94e-05  maxQ +0.0128  changes   379  5.2 min
episode 460/1013  eps 0.015  train return   +8.23%  loss 4.01e-05  maxQ +0.0122  changes   310  5.2 min | val return -17.36% (best +26.26%)
episode 461/1013  eps 0.015  train return +147.91%  loss 3.90e-05  maxQ +0.0123  changes   418  5.2 min
episode 462/1013  eps 0.015  train return  +28.50%  loss 3.85e-05  maxQ +0.0127  changes   403  5.2 min
episode 463/1013  eps 0.015  train return  +41.84%  loss 4.20e-05  maxQ +0.0134  changes   360  5.3 min
episode 464/1013  eps 0.015  train return   +6.18%  loss 4.65e-05  maxQ +0.0131  changes   399  5.3 min
episode 465/1013  eps 0.014  train return +116.82%  loss 4.14e-05  maxQ +0.0132  changes   422  5.3 min
episode 466/1013  eps 0.014  train return  +24.79%  loss 4.18e-05  maxQ +0.0127  changes   412  5.3 min
episode 467/1013  eps 0.014  train return  -12.71%  loss 4.06e-05  maxQ +0.0130  changes   332  5.3 min
episode 468/1013  eps 0.014  train return  +62.04%  loss 4.49e-05  maxQ +0.0131  changes   398  5.3 min
episode 469/1013  eps 0.014  train return +144.78%  loss 3.80e-05  maxQ +0.0128  changes   445  5.3 min
episode 470/1013  eps 0.014  train return  +20.27%  loss 3.95e-05  maxQ +0.0132  changes   389  5.3 min | val return -25.79% (best +26.26%)
episode 471/1013  eps 0.014  train return   -1.43%  loss 4.11e-05  maxQ +0.0131  changes   319  5.4 min
episode 472/1013  eps 0.013  train return  +72.96%  loss 3.99e-05  maxQ +0.0121  changes   447  5.4 min
episode 473/1013  eps 0.013  train return +127.34%  loss 4.47e-05  maxQ +0.0126  changes   400  5.4 min
episode 474/1013  eps 0.013  train return +166.30%  loss 3.97e-05  maxQ +0.0127  changes   422  5.4 min
episode 475/1013  eps 0.013  train return +140.08%  loss 4.16e-05  maxQ +0.0125  changes   420  5.4 min
episode 476/1013  eps 0.013  train return   +3.65%  loss 4.42e-05  maxQ +0.0137  changes   351  5.4 min
episode 477/1013  eps 0.013  train return +137.97%  loss 4.86e-05  maxQ +0.0123  changes   421  5.4 min
episode 478/1013  eps 0.013  train return  +12.00%  loss 4.50e-05  maxQ +0.0134  changes   345  5.4 min
episode 479/1013  eps 0.013  train return  +38.95%  loss 4.34e-05  maxQ +0.0135  changes   386  5.4 min
episode 480/1013  eps 0.013  train return  +49.61%  loss 4.73e-05  maxQ +0.0144  changes   378  5.5 min | val return -5.93% (best +26.26%)
episode 481/1013  eps 0.012  train return  +57.06%  loss 4.36e-05  maxQ +0.0140  changes   420  5.5 min
episode 482/1013  eps 0.012  train return  +37.10%  loss 4.17e-05  maxQ +0.0140  changes   398  5.5 min
episode 483/1013  eps 0.012  train return +246.77%  loss 3.97e-05  maxQ +0.0138  changes   414  5.5 min
episode 484/1013  eps 0.012  train return  +12.56%  loss 4.22e-05  maxQ +0.0132  changes   323  5.5 min
episode 485/1013  eps 0.012  train return +116.87%  loss 3.92e-05  maxQ +0.0127  changes   439  5.5 min
episode 486/1013  eps 0.012  train return +190.50%  loss 4.39e-05  maxQ +0.0128  changes   410  5.5 min
episode 487/1013  eps 0.012  train return  +38.41%  loss 4.38e-05  maxQ +0.0142  changes   352  5.5 min
episode 488/1013  eps 0.012  train return +100.33%  loss 3.94e-05  maxQ +0.0132  changes   439  5.6 min
episode 489/1013  eps 0.012  train return +207.15%  loss 4.34e-05  maxQ +0.0143  changes   424  5.6 min
episode 490/1013  eps 0.011  train return  +38.28%  loss 4.03e-05  maxQ +0.0134  changes   381  5.6 min | val return -17.54% (best +26.26%)
episode 491/1013  eps 0.011  train return +125.95%  loss 4.02e-05  maxQ +0.0131  changes   404  5.6 min
episode 492/1013  eps 0.011  train return +376.56%  loss 3.89e-05  maxQ +0.0141  changes   401  5.6 min
episode 493/1013  eps 0.011  train return  +47.24%  loss 4.01e-05  maxQ +0.0135  changes   372  5.6 min
episode 494/1013  eps 0.011  train return +124.18%  loss 4.26e-05  maxQ +0.0133  changes   441  5.6 min
episode 495/1013  eps 0.011  train return  +41.45%  loss 4.26e-05  maxQ +0.0133  changes   346  5.6 min
episode 496/1013  eps 0.011  train return  +59.39%  loss 4.17e-05  maxQ +0.0135  changes   388  5.7 min
episode 497/1013  eps 0.011  train return  +82.36%  loss 4.33e-05  maxQ +0.0138  changes   383  5.7 min
episode 498/1013  eps 0.011  train return  +94.93%  loss 4.16e-05  maxQ +0.0140  changes   370  5.7 min
episode 499/1013  eps 0.011  train return +181.52%  loss 4.02e-05  maxQ +0.0140  changes   399  5.7 min
episode 500/1013  eps 0.010  train return   +7.74%  loss 4.18e-05  maxQ +0.0146  changes   353  5.7 min | val return -19.68% (best +26.26%)
episode 501/1013  eps 0.010  train return  +21.20%  loss 3.97e-05  maxQ +0.0144  changes   359  5.7 min
episode 502/1013  eps 0.010  train return +111.57%  loss 4.42e-05  maxQ +0.0144  changes   398  5.7 min
episode 503/1013  eps 0.010  train return  +24.98%  loss 3.97e-05  maxQ +0.0133  changes   344  5.7 min
episode 504/1013  eps 0.010  train return   +2.86%  loss 3.95e-05  maxQ +0.0136  changes   312  5.8 min
episode 505/1013  eps 0.010  train return  +21.24%  loss 3.91e-05  maxQ +0.0139  changes   329  5.8 min
episode 506/1013  eps 0.010  train return +204.86%  loss 4.01e-05  maxQ +0.0141  changes   412  5.8 min
episode 507/1013  eps 0.010  train return  +49.27%  loss 4.05e-05  maxQ +0.0133  changes   364  5.8 min
episode 508/1013  eps 0.010  train return  +31.32%  loss 3.83e-05  maxQ +0.0133  changes   357  5.8 min
episode 509/1013  eps 0.010  train return  +14.88%  loss 3.89e-05  maxQ +0.0127  changes   299  5.8 min
episode 510/1013  eps 0.010  train return +412.76%  loss 3.84e-05  maxQ +0.0126  changes   401  5.8 min | val return -25.53% (best +26.26%)
episode 511/1013  eps 0.010  train return  +55.13%  loss 4.07e-05  maxQ +0.0123  changes   370  5.8 min
episode 512/1013  eps 0.010  train return  +23.29%  loss 4.21e-05  maxQ +0.0137  changes   323  5.9 min
episode 513/1013  eps 0.010  train return  +74.48%  loss 4.03e-05  maxQ +0.0139  changes   376  5.9 min
episode 514/1013  eps 0.010  train return   -0.48%  loss 3.98e-05  maxQ +0.0130  changes   281  5.9 min
episode 515/1013  eps 0.010  train return  +85.36%  loss 3.94e-05  maxQ +0.0138  changes   443  5.9 min
episode 516/1013  eps 0.010  train return  +22.24%  loss 3.74e-05  maxQ +0.0134  changes   346  5.9 min
episode 517/1013  eps 0.010  train return  +56.54%  loss 4.01e-05  maxQ +0.0136  changes   366  5.9 min
episode 518/1013  eps 0.010  train return +227.05%  loss 3.96e-05  maxQ +0.0136  changes   431  5.9 min
episode 519/1013  eps 0.010  train return  +12.98%  loss 3.99e-05  maxQ +0.0135  changes   354  5.9 min
episode 520/1013  eps 0.010  train return  +21.04%  loss 3.82e-05  maxQ +0.0137  changes   355  5.9 min | val return -11.51% (best +26.26%)
episode 521/1013  eps 0.010  train return   +5.64%  loss 3.63e-05  maxQ +0.0135  changes   337  6.0 min
episode 522/1013  eps 0.010  train return +220.08%  loss 3.81e-05  maxQ +0.0130  changes   403  6.0 min
episode 523/1013  eps 0.010  train return +112.63%  loss 3.80e-05  maxQ +0.0137  changes   467  6.0 min
episode 524/1013  eps 0.010  train return +237.83%  loss 4.40e-05  maxQ +0.0140  changes   435  6.0 min
episode 525/1013  eps 0.010  train return   +0.94%  loss 4.12e-05  maxQ +0.0139  changes   349  6.0 min
episode 526/1013  eps 0.010  train return  +16.38%  loss 3.92e-05  maxQ +0.0138  changes   358  6.0 min
episode 527/1013  eps 0.010  train return   +5.70%  loss 4.00e-05  maxQ +0.0148  changes   350  6.0 min
episode 528/1013  eps 0.010  train return  +74.00%  loss 3.87e-05  maxQ +0.0146  changes   390  6.1 min
episode 529/1013  eps 0.010  train return  +51.18%  loss 3.89e-05  maxQ +0.0137  changes   364  6.1 min
episode 530/1013  eps 0.010  train return   -2.01%  loss 3.68e-05  maxQ +0.0146  changes   296  6.1 min | val return -2.08% (best +26.26%)
episode 531/1013  eps 0.010  train return +152.37%  loss 3.88e-05  maxQ +0.0136  changes   400  6.1 min
episode 532/1013  eps 0.010  train return   +2.60%  loss 3.47e-05  maxQ +0.0136  changes   291  6.1 min
episode 533/1013  eps 0.010  train return +165.58%  loss 3.61e-05  maxQ +0.0136  changes   443  6.1 min
episode 534/1013  eps 0.010  train return   +5.86%  loss 3.78e-05  maxQ +0.0135  changes   365  6.1 min
episode 535/1013  eps 0.010  train return  +23.19%  loss 3.78e-05  maxQ +0.0137  changes   333  6.1 min
episode 536/1013  eps 0.010  train return  +42.68%  loss 3.56e-05  maxQ +0.0127  changes   362  6.2 min
episode 537/1013  eps 0.010  train return +162.13%  loss 3.76e-05  maxQ +0.0133  changes   416  6.2 min
episode 538/1013  eps 0.010  train return  +71.56%  loss 3.94e-05  maxQ +0.0140  changes   373  6.2 min
episode 539/1013  eps 0.010  train return +100.97%  loss 4.04e-05  maxQ +0.0137  changes   383  6.2 min
episode 540/1013  eps 0.010  train return   +9.91%  loss 4.00e-05  maxQ +0.0139  changes   343  6.2 min | val return -3.16% (best +26.26%)
episode 541/1013  eps 0.010  train return  +86.40%  loss 3.97e-05  maxQ +0.0135  changes   394  6.2 min
episode 542/1013  eps 0.010  train return +218.71%  loss 3.88e-05  maxQ +0.0142  changes   398  6.2 min
episode 543/1013  eps 0.010  train return  +14.14%  loss 3.99e-05  maxQ +0.0144  changes   321  6.3 min
episode 544/1013  eps 0.010  train return   +7.20%  loss 4.01e-05  maxQ +0.0148  changes   335  6.3 min
episode 545/1013  eps 0.010  train return  +86.35%  loss 3.82e-05  maxQ +0.0137  changes   465  6.3 min
episode 546/1013  eps 0.010  train return +237.99%  loss 3.78e-05  maxQ +0.0134  changes   419  6.3 min
episode 547/1013  eps 0.010  train return  +50.94%  loss 3.82e-05  maxQ +0.0135  changes   352  6.3 min
episode 548/1013  eps 0.010  train return  +29.20%  loss 3.85e-05  maxQ +0.0135  changes   318  6.3 min
episode 549/1013  eps 0.010  train return +316.22%  loss 3.78e-05  maxQ +0.0129  changes   401  6.3 min
episode 550/1013  eps 0.010  train return  +68.95%  loss 3.84e-05  maxQ +0.0128  changes   445  6.3 min | val return -6.81% (best +26.26%)
episode 551/1013  eps 0.010  train return  +43.21%  loss 4.06e-05  maxQ +0.0132  changes   415  6.4 min
episode 552/1013  eps 0.010  train return  +65.36%  loss 3.85e-05  maxQ +0.0133  changes   322  6.4 min
episode 553/1013  eps 0.010  train return  +73.79%  loss 3.84e-05  maxQ +0.0130  changes   353  6.4 min
episode 554/1013  eps 0.010  train return  +42.48%  loss 3.74e-05  maxQ +0.0130  changes   333  6.4 min
episode 555/1013  eps 0.010  train return +253.57%  loss 3.94e-05  maxQ +0.0136  changes   438  6.4 min
episode 556/1013  eps 0.010  train return  +31.84%  loss 4.06e-05  maxQ +0.0133  changes   355  6.4 min
episode 557/1013  eps 0.010  train return  +70.00%  loss 4.14e-05  maxQ +0.0138  changes   373  6.4 min
episode 558/1013  eps 0.010  train return  +29.94%  loss 4.14e-05  maxQ +0.0138  changes   405  6.4 min
episode 559/1013  eps 0.010  train return  +52.47%  loss 4.32e-05  maxQ +0.0141  changes   372  6.5 min
episode 560/1013  eps 0.010  train return  +34.59%  loss 3.99e-05  maxQ +0.0138  changes   391  6.5 min | val return -18.24% (best +26.26%)
episode 561/1013  eps 0.010  train return +217.96%  loss 3.78e-05  maxQ +0.0131  changes   408  6.5 min
episode 562/1013  eps 0.010  train return   +6.88%  loss 3.62e-05  maxQ +0.0129  changes   313  6.5 min
episode 563/1013  eps 0.010  train return  +23.43%  loss 3.45e-05  maxQ +0.0132  changes   383  6.5 min
episode 564/1013  eps 0.010  train return +140.24%  loss 3.96e-05  maxQ +0.0131  changes   439  6.5 min
episode 565/1013  eps 0.010  train return  +21.70%  loss 3.75e-05  maxQ +0.0131  changes   386  6.5 min
episode 566/1013  eps 0.010  train return +248.81%  loss 4.01e-05  maxQ +0.0128  changes   404  6.6 min
episode 567/1013  eps 0.010  train return  +53.11%  loss 3.98e-05  maxQ +0.0131  changes   414  6.6 min
episode 568/1013  eps 0.010  train return  +53.41%  loss 3.70e-05  maxQ +0.0123  changes   396  6.6 min
episode 569/1013  eps 0.010  train return +128.54%  loss 3.59e-05  maxQ +0.0132  changes   452  6.6 min
episode 570/1013  eps 0.010  train return  +75.91%  loss 3.70e-05  maxQ +0.0130  changes   347  6.6 min | val return -6.75% (best +26.26%)
episode 571/1013  eps 0.010  train return  +49.19%  loss 3.64e-05  maxQ +0.0130  changes   367  6.7 min
episode 572/1013  eps 0.010  train return +175.89%  loss 3.80e-05  maxQ +0.0130  changes   435  6.7 min
episode 573/1013  eps 0.010  train return  +57.76%  loss 3.87e-05  maxQ +0.0130  changes   362  6.7 min
episode 574/1013  eps 0.010  train return +133.72%  loss 3.67e-05  maxQ +0.0127  changes   387  6.7 min
episode 575/1013  eps 0.010  train return +115.14%  loss 3.53e-05  maxQ +0.0132  changes   370  6.7 min
episode 576/1013  eps 0.010  train return  +75.86%  loss 3.93e-05  maxQ +0.0133  changes   434  6.7 min
episode 577/1013  eps 0.010  train return +186.31%  loss 3.92e-05  maxQ +0.0134  changes   393  6.8 min
episode 578/1013  eps 0.010  train return +176.85%  loss 3.87e-05  maxQ +0.0133  changes   399  6.8 min
episode 579/1013  eps 0.010  train return +144.03%  loss 3.75e-05  maxQ +0.0133  changes   422  6.8 min
episode 580/1013  eps 0.010  train return  +16.53%  loss 3.94e-05  maxQ +0.0134  changes   320  6.8 min | val return -16.41% (best +26.26%)
episode 581/1013  eps 0.010  train return  +15.74%  loss 3.89e-05  maxQ +0.0133  changes   301  6.9 min
episode 582/1013  eps 0.010  train return  +76.48%  loss 3.88e-05  maxQ +0.0132  changes   383  6.9 min
episode 583/1013  eps 0.010  train return  +17.00%  loss 4.15e-05  maxQ +0.0136  changes   328  6.9 min
episode 584/1013  eps 0.010  train return  +29.44%  loss 4.08e-05  maxQ +0.0137  changes   347  6.9 min
episode 585/1013  eps 0.010  train return  +51.36%  loss 3.90e-05  maxQ +0.0132  changes   344  7.0 min
episode 586/1013  eps 0.010  train return  +27.98%  loss 4.04e-05  maxQ +0.0135  changes   300  7.0 min
episode 587/1013  eps 0.010  train return  +53.75%  loss 3.94e-05  maxQ +0.0130  changes   425  7.0 min
episode 588/1013  eps 0.010  train return +199.36%  loss 3.86e-05  maxQ +0.0125  changes   430  7.0 min
episode 589/1013  eps 0.010  train return +429.01%  loss 3.84e-05  maxQ +0.0132  changes   424  7.0 min
episode 590/1013  eps 0.010  train return  +84.99%  loss 4.11e-05  maxQ +0.0137  changes   383  7.0 min | val return -4.14% (best +26.26%)
episode 591/1013  eps 0.010  train return +153.08%  loss 3.89e-05  maxQ +0.0135  changes   412  7.0 min
episode 592/1013  eps 0.010  train return +105.84%  loss 3.85e-05  maxQ +0.0130  changes   385  7.1 min
episode 593/1013  eps 0.010  train return  +39.96%  loss 3.96e-05  maxQ +0.0136  changes   425  7.1 min
episode 594/1013  eps 0.010  train return   -5.34%  loss 3.84e-05  maxQ +0.0136  changes   350  7.1 min
episode 595/1013  eps 0.010  train return  +32.10%  loss 3.79e-05  maxQ +0.0131  changes   383  7.1 min
episode 596/1013  eps 0.010  train return  +42.50%  loss 3.65e-05  maxQ +0.0134  changes   332  7.1 min
episode 597/1013  eps 0.010  train return +224.04%  loss 4.08e-05  maxQ +0.0135  changes   417  7.1 min
episode 598/1013  eps 0.010  train return +197.06%  loss 4.32e-05  maxQ +0.0133  changes   406  7.1 min
episode 599/1013  eps 0.010  train return +323.44%  loss 4.41e-05  maxQ +0.0135  changes   440  7.1 min
episode 600/1013  eps 0.010  train return  +70.15%  loss 4.14e-05  maxQ +0.0145  changes   388  7.2 min | val return -12.32% (best +26.26%)
episode 601/1013  eps 0.010  train return  +22.68%  loss 3.98e-05  maxQ +0.0139  changes   396  7.2 min
episode 602/1013  eps 0.010  train return  +45.35%  loss 3.92e-05  maxQ +0.0139  changes   374  7.2 min
episode 603/1013  eps 0.010  train return  +38.83%  loss 3.98e-05  maxQ +0.0141  changes   350  7.2 min
episode 604/1013  eps 0.010  train return  +81.32%  loss 4.04e-05  maxQ +0.0138  changes   440  7.2 min
episode 605/1013  eps 0.010  train return  +42.29%  loss 3.72e-05  maxQ +0.0135  changes   370  7.2 min
episode 606/1013  eps 0.010  train return  +31.52%  loss 3.64e-05  maxQ +0.0127  changes   386  7.2 min
episode 607/1013  eps 0.010  train return +356.64%  loss 3.76e-05  maxQ +0.0129  changes   425  7.3 min
episode 608/1013  eps 0.010  train return  +57.74%  loss 4.16e-05  maxQ +0.0133  changes   343  7.3 min
episode 609/1013  eps 0.010  train return +189.09%  loss 4.25e-05  maxQ +0.0139  changes   389  7.3 min
episode 610/1013  eps 0.010  train return +120.25%  loss 4.18e-05  maxQ +0.0140  changes   406  7.3 min | val return -12.92% (best +26.26%)
episode 611/1013  eps 0.010  train return  +39.75%  loss 3.92e-05  maxQ +0.0142  changes   373  7.3 min
episode 612/1013  eps 0.010  train return  +43.20%  loss 3.95e-05  maxQ +0.0141  changes   431  7.3 min
episode 613/1013  eps 0.010  train return  +87.67%  loss 4.16e-05  maxQ +0.0142  changes   399  7.3 min
episode 614/1013  eps 0.010  train return  +37.51%  loss 4.34e-05  maxQ +0.0149  changes   386  7.4 min
episode 615/1013  eps 0.010  train return +124.45%  loss 4.34e-05  maxQ +0.0150  changes   463  7.4 min
episode 616/1013  eps 0.010  train return  +34.85%  loss 4.49e-05  maxQ +0.0151  changes   419  7.4 min
episode 617/1013  eps 0.010  train return   +5.68%  loss 4.07e-05  maxQ +0.0151  changes   368  7.4 min
episode 618/1013  eps 0.010  train return  +11.88%  loss 4.12e-05  maxQ +0.0153  changes   402  7.4 min
episode 619/1013  eps 0.010  train return  +31.42%  loss 4.06e-05  maxQ +0.0146  changes   385  7.4 min
episode 620/1013  eps 0.010  train return  +17.31%  loss 3.86e-05  maxQ +0.0142  changes   380  7.4 min | val return -15.02% (best +26.26%)
episode 621/1013  eps 0.010  train return  +66.10%  loss 4.27e-05  maxQ +0.0146  changes   416  7.4 min
episode 622/1013  eps 0.010  train return +190.24%  loss 4.21e-05  maxQ +0.0146  changes   428  7.5 min
episode 623/1013  eps 0.010  train return  +45.52%  loss 3.96e-05  maxQ +0.0144  changes   389  7.5 min
episode 624/1013  eps 0.010  train return +281.34%  loss 4.32e-05  maxQ +0.0141  changes   451  7.5 min
episode 625/1013  eps 0.010  train return +235.14%  loss 3.89e-05  maxQ +0.0143  changes   454  7.5 min
episode 626/1013  eps 0.010  train return  +68.02%  loss 3.91e-05  maxQ +0.0132  changes   483  7.5 min
episode 627/1013  eps 0.010  train return  +89.62%  loss 4.04e-05  maxQ +0.0133  changes   434  7.5 min
episode 628/1013  eps 0.010  train return +101.45%  loss 4.33e-05  maxQ +0.0139  changes   410  7.5 min
episode 629/1013  eps 0.010  train return +205.06%  loss 4.37e-05  maxQ +0.0135  changes   475  7.5 min
episode 630/1013  eps 0.010  train return  +19.54%  loss 4.21e-05  maxQ +0.0140  changes   373  7.6 min | val return -0.93% (best +26.26%)
episode 631/1013  eps 0.010  train return +140.02%  loss 4.46e-05  maxQ +0.0145  changes   421  7.6 min
episode 632/1013  eps 0.010  train return   +5.26%  loss 4.08e-05  maxQ +0.0142  changes   381  7.6 min
episode 633/1013  eps 0.010  train return +341.64%  loss 3.96e-05  maxQ +0.0142  changes   435  7.6 min
episode 634/1013  eps 0.010  train return  +12.26%  loss 4.05e-05  maxQ +0.0150  changes   386  7.6 min
episode 635/1013  eps 0.010  train return  +40.05%  loss 4.47e-05  maxQ +0.0149  changes   443  7.6 min
episode 636/1013  eps 0.010  train return  +47.17%  loss 4.26e-05  maxQ +0.0150  changes   383  7.6 min
episode 637/1013  eps 0.010  train return   -6.04%  loss 4.40e-05  maxQ +0.0148  changes   310  7.6 min
episode 638/1013  eps 0.010  train return  +70.53%  loss 4.48e-05  maxQ +0.0147  changes   398  7.7 min
episode 639/1013  eps 0.010  train return +118.31%  loss 4.11e-05  maxQ +0.0144  changes   443  7.7 min
episode 640/1013  eps 0.010  train return  +27.71%  loss 4.11e-05  maxQ +0.0144  changes   377  7.7 min | val return -12.29% (best +26.26%)
episode 641/1013  eps 0.010  train return   -4.67%  loss 4.17e-05  maxQ +0.0138  changes   439  7.7 min
episode 642/1013  eps 0.010  train return  +48.15%  loss 4.16e-05  maxQ +0.0143  changes   438  7.7 min
episode 643/1013  eps 0.010  train return  +64.12%  loss 4.22e-05  maxQ +0.0149  changes   377  7.7 min
episode 644/1013  eps 0.010  train return  +89.36%  loss 4.18e-05  maxQ +0.0141  changes   418  7.7 min
episode 645/1013  eps 0.010  train return   +4.35%  loss 3.69e-05  maxQ +0.0139  changes   404  7.8 min
episode 646/1013  eps 0.010  train return  +33.30%  loss 4.13e-05  maxQ +0.0140  changes   401  7.8 min
episode 647/1013  eps 0.010  train return  +90.20%  loss 4.01e-05  maxQ +0.0139  changes   451  7.8 min
episode 648/1013  eps 0.010  train return   -2.81%  loss 4.06e-05  maxQ +0.0140  changes   364  7.8 min
episode 649/1013  eps 0.010  train return  +33.45%  loss 3.97e-05  maxQ +0.0139  changes   433  7.8 min
episode 650/1013  eps 0.010  train return  +11.70%  loss 3.87e-05  maxQ +0.0133  changes   351  7.8 min | val return -14.61% (best +26.26%)
episode 651/1013  eps 0.010  train return  +32.16%  loss 3.95e-05  maxQ +0.0131  changes   449  7.8 min
episode 652/1013  eps 0.010  train return  +91.21%  loss 4.13e-05  maxQ +0.0127  changes   429  7.8 min
episode 653/1013  eps 0.010  train return  +61.33%  loss 4.14e-05  maxQ +0.0133  changes   402  7.9 min
episode 654/1013  eps 0.010  train return +155.05%  loss 4.35e-05  maxQ +0.0132  changes   432  7.9 min
episode 655/1013  eps 0.010  train return   -4.88%  loss 4.02e-05  maxQ +0.0136  changes   305  7.9 min
episode 656/1013  eps 0.010  train return  +34.12%  loss 3.95e-05  maxQ +0.0138  changes   381  7.9 min
episode 657/1013  eps 0.010  train return +468.36%  loss 4.05e-05  maxQ +0.0143  changes   429  7.9 min
episode 658/1013  eps 0.010  train return  +72.35%  loss 4.10e-05  maxQ +0.0141  changes   459  7.9 min
episode 659/1013  eps 0.010  train return  +21.56%  loss 3.98e-05  maxQ +0.0140  changes   391  7.9 min
episode 660/1013  eps 0.010  train return  +59.28%  loss 4.20e-05  maxQ +0.0140  changes   426  7.9 min | val return -2.54% (best +26.26%)
episode 661/1013  eps 0.010  train return  +81.70%  loss 4.24e-05  maxQ +0.0144  changes   407  8.0 min
episode 662/1013  eps 0.010  train return   -7.53%  loss 4.14e-05  maxQ +0.0138  changes   278  8.0 min
episode 663/1013  eps 0.010  train return +146.58%  loss 4.14e-05  maxQ +0.0141  changes   416  8.0 min
episode 664/1013  eps 0.010  train return +207.79%  loss 4.04e-05  maxQ +0.0135  changes   413  8.0 min
episode 665/1013  eps 0.010  train return  +37.72%  loss 4.30e-05  maxQ +0.0139  changes   409  8.0 min
episode 666/1013  eps 0.010  train return  +18.10%  loss 3.99e-05  maxQ +0.0135  changes   360  8.0 min
episode 667/1013  eps 0.010  train return +374.64%  loss 4.07e-05  maxQ +0.0138  changes   412  8.0 min
episode 668/1013  eps 0.010  train return +107.62%  loss 4.12e-05  maxQ +0.0138  changes   396  8.0 min
episode 669/1013  eps 0.010  train return  +25.34%  loss 3.97e-05  maxQ +0.0134  changes   396  8.0 min
episode 670/1013  eps 0.010  train return  +11.99%  loss 4.19e-05  maxQ +0.0139  changes   310  8.1 min | val return -5.60% (best +26.26%)
episode 671/1013  eps 0.010  train return  +53.67%  loss 4.21e-05  maxQ +0.0141  changes   378  8.1 min
episode 672/1013  eps 0.010  train return +103.14%  loss 4.19e-05  maxQ +0.0149  changes   411  8.1 min
episode 673/1013  eps 0.010  train return  +57.29%  loss 4.06e-05  maxQ +0.0144  changes   382  8.1 min
episode 674/1013  eps 0.010  train return  +30.90%  loss 3.90e-05  maxQ +0.0146  changes   372  8.1 min
episode 675/1013  eps 0.010  train return +382.63%  loss 3.81e-05  maxQ +0.0140  changes   473  8.1 min
episode 676/1013  eps 0.010  train return  +46.09%  loss 4.18e-05  maxQ +0.0137  changes   417  8.1 min
episode 677/1013  eps 0.010  train return +309.69%  loss 4.41e-05  maxQ +0.0133  changes   450  8.2 min
episode 678/1013  eps 0.010  train return +411.54%  loss 4.28e-05  maxQ +0.0139  changes   443  8.2 min
episode 679/1013  eps 0.010  train return  +45.99%  loss 4.43e-05  maxQ +0.0142  changes   407  8.2 min
episode 680/1013  eps 0.010  train return  +66.52%  loss 4.01e-05  maxQ +0.0140  changes   374  8.2 min | val return -26.64% (best +26.26%)
episode 681/1013  eps 0.010  train return  +20.69%  loss 4.35e-05  maxQ +0.0141  changes   351  8.2 min
episode 682/1013  eps 0.010  train return +308.93%  loss 4.15e-05  maxQ +0.0142  changes   473  8.2 min
episode 683/1013  eps 0.010  train return  +66.76%  loss 4.48e-05  maxQ +0.0145  changes   473  8.2 min
episode 684/1013  eps 0.010  train return +254.00%  loss 4.27e-05  maxQ +0.0138  changes   423  8.2 min
episode 685/1013  eps 0.010  train return  +71.68%  loss 3.99e-05  maxQ +0.0136  changes   384  8.3 min
episode 686/1013  eps 0.010  train return  +25.46%  loss 4.33e-05  maxQ +0.0138  changes   415  8.3 min
episode 687/1013  eps 0.010  train return  +72.11%  loss 4.13e-05  maxQ +0.0137  changes   451  8.3 min
episode 688/1013  eps 0.010  train return +105.41%  loss 3.98e-05  maxQ +0.0139  changes   435  8.3 min
episode 689/1013  eps 0.010  train return +108.70%  loss 3.86e-05  maxQ +0.0141  changes   416  8.3 min
episode 690/1013  eps 0.010  train return  +17.61%  loss 3.95e-05  maxQ +0.0140  changes   324  8.3 min | val return -16.31% (best +26.26%)
episode 691/1013  eps 0.010  train return  +23.30%  loss 4.13e-05  maxQ +0.0135  changes   385  8.3 min
episode 692/1013  eps 0.010  train return +103.45%  loss 3.98e-05  maxQ +0.0138  changes   435  8.3 min
episode 693/1013  eps 0.010  train return  +36.18%  loss 4.00e-05  maxQ +0.0138  changes   353  8.4 min
episode 694/1013  eps 0.010  train return +114.32%  loss 3.89e-05  maxQ +0.0143  changes   405  8.4 min
episode 695/1013  eps 0.010  train return  +39.47%  loss 3.58e-05  maxQ +0.0138  changes   405  8.4 min
episode 696/1013  eps 0.010  train return +207.79%  loss 4.13e-05  maxQ +0.0139  changes   422  8.4 min
episode 697/1013  eps 0.010  train return  +66.84%  loss 3.80e-05  maxQ +0.0135  changes   417  8.4 min
episode 698/1013  eps 0.010  train return  +87.21%  loss 3.93e-05  maxQ +0.0129  changes   467  8.4 min
episode 699/1013  eps 0.010  train return  +11.23%  loss 3.72e-05  maxQ +0.0127  changes   343  8.4 min
episode 700/1013  eps 0.010  train return  +28.70%  loss 3.90e-05  maxQ +0.0129  changes   375  8.4 min | val return +2.06% (best +26.26%)
episode 701/1013  eps 0.010  train return  +12.95%  loss 3.91e-05  maxQ +0.0132  changes   342  8.5 min
episode 702/1013  eps 0.010  train return   +7.53%  loss 3.58e-05  maxQ +0.0122  changes   402  8.5 min
episode 703/1013  eps 0.010  train return  +40.18%  loss 3.70e-05  maxQ +0.0121  changes   377  8.5 min
episode 704/1013  eps 0.010  train return +328.35%  loss 3.57e-05  maxQ +0.0122  changes   408  8.5 min
episode 705/1013  eps 0.010  train return +262.87%  loss 3.63e-05  maxQ +0.0125  changes   418  8.5 min
episode 706/1013  eps 0.010  train return  +42.92%  loss 3.56e-05  maxQ +0.0130  changes   451  8.5 min
episode 707/1013  eps 0.010  train return  +12.54%  loss 3.77e-05  maxQ +0.0130  changes   311  8.5 min
episode 708/1013  eps 0.010  train return  +29.00%  loss 3.68e-05  maxQ +0.0127  changes   387  8.5 min
episode 709/1013  eps 0.010  train return  +76.18%  loss 3.84e-05  maxQ +0.0125  changes   446  8.5 min
episode 710/1013  eps 0.010  train return   +8.51%  loss 3.77e-05  maxQ +0.0126  changes   329  8.6 min | val return -11.52% (best +26.26%)
episode 711/1013  eps 0.010  train return  +82.75%  loss 3.76e-05  maxQ +0.0134  changes   414  8.6 min
episode 712/1013  eps 0.010  train return  +90.99%  loss 3.81e-05  maxQ +0.0126  changes   373  8.6 min
episode 713/1013  eps 0.010  train return  +60.83%  loss 3.79e-05  maxQ +0.0125  changes   412  8.6 min
episode 714/1013  eps 0.010  train return   +3.04%  loss 3.92e-05  maxQ +0.0124  changes   375  8.6 min
episode 715/1013  eps 0.010  train return +241.29%  loss 3.60e-05  maxQ +0.0120  changes   459  8.6 min
episode 716/1013  eps 0.010  train return  +21.55%  loss 3.51e-05  maxQ +0.0116  changes   342  8.6 min
episode 717/1013  eps 0.010  train return  +30.31%  loss 3.81e-05  maxQ +0.0127  changes   349  8.6 min
episode 718/1013  eps 0.010  train return +282.46%  loss 3.68e-05  maxQ +0.0129  changes   434  8.7 min
episode 719/1013  eps 0.010  train return  +11.20%  loss 3.56e-05  maxQ +0.0131  changes   395  8.7 min
episode 720/1013  eps 0.010  train return  +45.17%  loss 3.72e-05  maxQ +0.0131  changes   408  8.7 min | val return -12.42% (best +26.26%)
episode 721/1013  eps 0.010  train return  +82.40%  loss 4.17e-05  maxQ +0.0141  changes   399  8.7 min
episode 722/1013  eps 0.010  train return  +16.50%  loss 3.68e-05  maxQ +0.0131  changes   366  8.7 min
episode 723/1013  eps 0.010  train return  +32.61%  loss 3.67e-05  maxQ +0.0128  changes   369  8.7 min
episode 724/1013  eps 0.010  train return  +45.49%  loss 3.85e-05  maxQ +0.0133  changes   418  8.7 min
episode 725/1013  eps 0.010  train return +113.64%  loss 3.97e-05  maxQ +0.0135  changes   444  8.8 min
episode 726/1013  eps 0.010  train return  +76.92%  loss 3.83e-05  maxQ +0.0134  changes   449  8.8 min
episode 727/1013  eps 0.010  train return  +27.31%  loss 3.47e-05  maxQ +0.0128  changes   376  8.8 min
episode 728/1013  eps 0.010  train return  +80.05%  loss 3.89e-05  maxQ +0.0127  changes   398  8.8 min
episode 729/1013  eps 0.010  train return  +57.35%  loss 3.71e-05  maxQ +0.0131  changes   402  8.8 min
episode 730/1013  eps 0.010  train return +263.11%  loss 3.81e-05  maxQ +0.0126  changes   413  8.8 min | val return -11.24% (best +26.26%)
episode 731/1013  eps 0.010  train return  +80.97%  loss 3.74e-05  maxQ +0.0125  changes   391  8.8 min
episode 732/1013  eps 0.010  train return  +20.15%  loss 3.89e-05  maxQ +0.0130  changes   359  8.8 min
episode 733/1013  eps 0.010  train return  +60.94%  loss 3.62e-05  maxQ +0.0123  changes   424  8.9 min
episode 734/1013  eps 0.010  train return  +68.47%  loss 3.59e-05  maxQ +0.0126  changes   390  8.9 min
episode 735/1013  eps 0.010  train return   +8.37%  loss 3.69e-05  maxQ +0.0126  changes   368  8.9 min
episode 736/1013  eps 0.010  train return  +39.48%  loss 3.84e-05  maxQ +0.0130  changes   386  8.9 min
episode 737/1013  eps 0.010  train return +411.09%  loss 4.25e-05  maxQ +0.0133  changes   445  8.9 min
episode 738/1013  eps 0.010  train return +160.05%  loss 4.40e-05  maxQ +0.0136  changes   451  8.9 min
episode 739/1013  eps 0.010  train return  +28.78%  loss 3.91e-05  maxQ +0.0131  changes   417  8.9 min
episode 740/1013  eps 0.010  train return +180.77%  loss 3.83e-05  maxQ +0.0132  changes   447  8.9 min | val return -17.15% (best +26.26%)
episode 741/1013  eps 0.010  train return  +98.70%  loss 4.28e-05  maxQ +0.0138  changes   400  9.0 min
episode 742/1013  eps 0.010  train return  +42.33%  loss 4.49e-05  maxQ +0.0136  changes   438  9.0 min
episode 743/1013  eps 0.010  train return  +99.23%  loss 4.18e-05  maxQ +0.0134  changes   444  9.0 min
episode 744/1013  eps 0.010  train return  +28.00%  loss 4.14e-05  maxQ +0.0131  changes   415  9.0 min
episode 745/1013  eps 0.010  train return +322.14%  loss 4.09e-05  maxQ +0.0128  changes   462  9.0 min
episode 746/1013  eps 0.010  train return  +24.66%  loss 4.03e-05  maxQ +0.0125  changes   382  9.0 min
episode 747/1013  eps 0.010  train return +117.55%  loss 3.55e-05  maxQ +0.0121  changes   431  9.0 min
episode 748/1013  eps 0.010  train return  +35.39%  loss 3.59e-05  maxQ +0.0121  changes   422  9.0 min
episode 749/1013  eps 0.010  train return +102.96%  loss 3.71e-05  maxQ +0.0118  changes   442  9.0 min
episode 750/1013  eps 0.010  train return +116.09%  loss 3.94e-05  maxQ +0.0128  changes   450  9.1 min | val return -20.81% (best +26.26%)
episode 751/1013  eps 0.010  train return  +77.31%  loss 3.84e-05  maxQ +0.0129  changes   452  9.1 min
episode 752/1013  eps 0.010  train return  +77.08%  loss 3.71e-05  maxQ +0.0132  changes   443  9.1 min
episode 753/1013  eps 0.010  train return  +41.54%  loss 3.60e-05  maxQ +0.0133  changes   360  9.1 min
episode 754/1013  eps 0.010  train return  +87.13%  loss 3.67e-05  maxQ +0.0131  changes   451  9.1 min
episode 755/1013  eps 0.010  train return  +16.94%  loss 3.73e-05  maxQ +0.0122  changes   416  9.1 min
episode 756/1013  eps 0.010  train return  +46.08%  loss 3.62e-05  maxQ +0.0122  changes   368  9.1 min
episode 757/1013  eps 0.010  train return +127.86%  loss 3.40e-05  maxQ +0.0123  changes   421  9.2 min
episode 758/1013  eps 0.010  train return +163.05%  loss 3.49e-05  maxQ +0.0125  changes   474  9.2 min
episode 759/1013  eps 0.010  train return  +66.98%  loss 3.75e-05  maxQ +0.0126  changes   401  9.2 min
episode 760/1013  eps 0.010  train return +114.48%  loss 3.47e-05  maxQ +0.0120  changes   416  9.2 min | val return -19.70% (best +26.26%)
episode 761/1013  eps 0.010  train return  +38.38%  loss 3.64e-05  maxQ +0.0123  changes   394  9.2 min
episode 762/1013  eps 0.010  train return  +38.56%  loss 3.62e-05  maxQ +0.0125  changes   406  9.2 min
episode 763/1013  eps 0.010  train return   +0.16%  loss 3.54e-05  maxQ +0.0119  changes   307  9.2 min
episode 764/1013  eps 0.010  train return  +44.85%  loss 4.03e-05  maxQ +0.0125  changes   463  9.2 min
episode 765/1013  eps 0.010  train return   +7.05%  loss 3.86e-05  maxQ +0.0123  changes   370  9.3 min
episode 766/1013  eps 0.010  train return +168.08%  loss 3.76e-05  maxQ +0.0126  changes   450  9.3 min
episode 767/1013  eps 0.010  train return  +48.14%  loss 3.66e-05  maxQ +0.0122  changes   391  9.3 min
episode 768/1013  eps 0.010  train return +222.60%  loss 3.79e-05  maxQ +0.0127  changes   459  9.3 min
episode 769/1013  eps 0.010  train return  +63.11%  loss 3.48e-05  maxQ +0.0124  changes   405  9.3 min
episode 770/1013  eps 0.010  train return  +60.82%  loss 3.78e-05  maxQ +0.0126  changes   404  9.3 min | val return -2.67% (best +26.26%)
episode 771/1013  eps 0.010  train return  +52.84%  loss 3.97e-05  maxQ +0.0129  changes   394  9.3 min
episode 772/1013  eps 0.010  train return +511.70%  loss 4.13e-05  maxQ +0.0130  changes   458  9.3 min
episode 773/1013  eps 0.010  train return  +80.94%  loss 4.54e-05  maxQ +0.0135  changes   433  9.4 min
episode 774/1013  eps 0.010  train return +112.68%  loss 3.86e-05  maxQ +0.0136  changes   427  9.4 min
episode 775/1013  eps 0.010  train return +466.05%  loss 3.96e-05  maxQ +0.0128  changes   431  9.4 min
episode 776/1013  eps 0.010  train return  +18.77%  loss 3.75e-05  maxQ +0.0132  changes   318  9.4 min
episode 777/1013  eps 0.010  train return  +17.53%  loss 3.85e-05  maxQ +0.0125  changes   357  9.4 min
episode 778/1013  eps 0.010  train return  +66.94%  loss 3.58e-05  maxQ +0.0131  changes   441  9.4 min
episode 779/1013  eps 0.010  train return  +59.94%  loss 3.93e-05  maxQ +0.0129  changes   399  9.4 min
episode 780/1013  eps 0.010  train return  +16.40%  loss 3.49e-05  maxQ +0.0127  changes   371  9.4 min | val return -7.42% (best +26.26%)
episode 781/1013  eps 0.010  train return  +50.80%  loss 4.09e-05  maxQ +0.0122  changes   428  9.5 min
episode 782/1013  eps 0.010  train return +169.98%  loss 4.08e-05  maxQ +0.0122  changes   462  9.5 min
episode 783/1013  eps 0.010  train return  +13.80%  loss 4.07e-05  maxQ +0.0126  changes   337  9.5 min
episode 784/1013  eps 0.010  train return +702.66%  loss 3.80e-05  maxQ +0.0130  changes   454  9.5 min
episode 785/1013  eps 0.010  train return  +62.94%  loss 4.01e-05  maxQ +0.0128  changes   382  9.5 min
episode 786/1013  eps 0.010  train return  +44.43%  loss 4.05e-05  maxQ +0.0129  changes   341  9.5 min
episode 787/1013  eps 0.010  train return +123.74%  loss 3.77e-05  maxQ +0.0131  changes   408  9.5 min
episode 788/1013  eps 0.010  train return  +61.65%  loss 3.70e-05  maxQ +0.0140  changes   392  9.5 min
episode 789/1013  eps 0.010  train return  +12.30%  loss 3.64e-05  maxQ +0.0135  changes   296  9.5 min
episode 790/1013  eps 0.010  train return  +98.54%  loss 3.69e-05  maxQ +0.0131  changes   400  9.6 min | val return -12.49% (best +26.26%)
episode 791/1013  eps 0.010  train return  +91.00%  loss 4.03e-05  maxQ +0.0136  changes   465  9.6 min
episode 792/1013  eps 0.010  train return +135.63%  loss 4.27e-05  maxQ +0.0141  changes   446  9.6 min
episode 793/1013  eps 0.010  train return +192.24%  loss 4.02e-05  maxQ +0.0142  changes   437  9.6 min
episode 794/1013  eps 0.010  train return  +53.39%  loss 3.83e-05  maxQ +0.0137  changes   425  9.6 min
episode 795/1013  eps 0.010  train return  +46.41%  loss 3.67e-05  maxQ +0.0135  changes   424  9.6 min
episode 796/1013  eps 0.010  train return  +21.08%  loss 4.03e-05  maxQ +0.0137  changes   420  9.6 min
episode 797/1013  eps 0.010  train return  +68.98%  loss 4.24e-05  maxQ +0.0136  changes   416  9.7 min
episode 798/1013  eps 0.010  train return +152.78%  loss 3.92e-05  maxQ +0.0142  changes   437  9.7 min
episode 799/1013  eps 0.010  train return  +37.94%  loss 3.76e-05  maxQ +0.0139  changes   359  9.7 min
episode 800/1013  eps 0.010  train return  +34.37%  loss 3.81e-05  maxQ +0.0142  changes   380  9.7 min | val return -4.66% (best +26.26%)
episode 801/1013  eps 0.010  train return +123.45%  loss 3.83e-05  maxQ +0.0140  changes   435  9.7 min
episode 802/1013  eps 0.010  train return +247.35%  loss 4.30e-05  maxQ +0.0145  changes   396  9.7 min
episode 803/1013  eps 0.010  train return  +16.70%  loss 3.95e-05  maxQ +0.0134  changes   359  9.7 min
episode 804/1013  eps 0.010  train return +150.41%  loss 3.85e-05  maxQ +0.0136  changes   434  9.7 min
episode 805/1013  eps 0.010  train return  +94.38%  loss 3.90e-05  maxQ +0.0135  changes   378  9.8 min
episode 806/1013  eps 0.010  train return  +82.29%  loss 4.10e-05  maxQ +0.0135  changes   421  9.8 min
episode 807/1013  eps 0.010  train return  +69.23%  loss 3.95e-05  maxQ +0.0134  changes   451  9.8 min
episode 808/1013  eps 0.010  train return  +61.85%  loss 3.78e-05  maxQ +0.0132  changes   385  9.8 min
episode 809/1013  eps 0.010  train return  +36.74%  loss 3.95e-05  maxQ +0.0135  changes   390  9.8 min
episode 810/1013  eps 0.010  train return +462.89%  loss 3.60e-05  maxQ +0.0128  changes   447  9.8 min | val return -22.92% (best +26.26%)
episode 811/1013  eps 0.010  train return   +8.07%  loss 3.94e-05  maxQ +0.0133  changes   405  9.8 min
episode 812/1013  eps 0.010  train return +191.81%  loss 4.10e-05  maxQ +0.0136  changes   413  9.8 min
episode 813/1013  eps 0.010  train return  +74.70%  loss 3.61e-05  maxQ +0.0136  changes   421  9.9 min
episode 814/1013  eps 0.010  train return  +39.50%  loss 3.85e-05  maxQ +0.0139  changes   392  9.9 min
episode 815/1013  eps 0.010  train return +140.02%  loss 3.90e-05  maxQ +0.0135  changes   380  9.9 min
episode 816/1013  eps 0.010  train return   -0.14%  loss 3.90e-05  maxQ +0.0139  changes   308  9.9 min
episode 817/1013  eps 0.010  train return  +23.20%  loss 3.85e-05  maxQ +0.0141  changes   320  9.9 min
episode 818/1013  eps 0.010  train return +159.64%  loss 3.89e-05  maxQ +0.0139  changes   448  9.9 min
episode 819/1013  eps 0.010  train return  +53.65%  loss 3.97e-05  maxQ +0.0136  changes   407  9.9 min
episode 820/1013  eps 0.010  train return +128.21%  loss 3.87e-05  maxQ +0.0139  changes   403  9.9 min | val return -18.82% (best +26.26%)
episode 821/1013  eps 0.010  train return  +80.51%  loss 3.92e-05  maxQ +0.0142  changes   442  10.0 min
episode 822/1013  eps 0.010  train return +582.41%  loss 4.17e-05  maxQ +0.0147  changes   453  10.0 min
episode 823/1013  eps 0.010  train return +163.97%  loss 4.33e-05  maxQ +0.0142  changes   462  10.0 min
episode 824/1013  eps 0.010  train return +905.34%  loss 4.13e-05  maxQ +0.0141  changes   460  10.0 min
episode 825/1013  eps 0.010  train return  +98.53%  loss 4.21e-05  maxQ +0.0144  changes   442  10.0 min
episode 826/1013  eps 0.010  train return  +53.89%  loss 4.36e-05  maxQ +0.0133  changes   383  10.0 min
episode 827/1013  eps 0.010  train return +122.80%  loss 4.00e-05  maxQ +0.0135  changes   455  10.0 min
episode 828/1013  eps 0.010  train return  +69.86%  loss 4.05e-05  maxQ +0.0143  changes   408  10.0 min
episode 829/1013  eps 0.010  train return +398.37%  loss 4.01e-05  maxQ +0.0137  changes   396  10.1 min
episode 830/1013  eps 0.010  train return  +15.98%  loss 3.88e-05  maxQ +0.0131  changes   382  10.1 min | val return +1.76% (best +26.26%)
episode 831/1013  eps 0.010  train return  +11.19%  loss 3.82e-05  maxQ +0.0134  changes   340  10.1 min
episode 832/1013  eps 0.010  train return  +91.81%  loss 3.74e-05  maxQ +0.0139  changes   417  10.1 min
episode 833/1013  eps 0.010  train return +186.17%  loss 4.06e-05  maxQ +0.0141  changes   420  10.1 min
episode 834/1013  eps 0.010  train return  +64.51%  loss 3.84e-05  maxQ +0.0133  changes   433  10.1 min
episode 835/1013  eps 0.010  train return  +21.17%  loss 4.20e-05  maxQ +0.0136  changes   359  10.1 min
episode 836/1013  eps 0.010  train return +363.91%  loss 4.16e-05  maxQ +0.0153  changes   455  10.1 min
episode 837/1013  eps 0.010  train return  +19.47%  loss 4.17e-05  maxQ +0.0143  changes   319  10.2 min
episode 838/1013  eps 0.010  train return +268.13%  loss 4.11e-05  maxQ +0.0143  changes   398  10.2 min
episode 839/1013  eps 0.010  train return  +66.14%  loss 3.90e-05  maxQ +0.0138  changes   431  10.2 min
episode 840/1013  eps 0.010  train return +106.07%  loss 4.18e-05  maxQ +0.0139  changes   432  10.2 min | val return -25.69% (best +26.26%)
episode 841/1013  eps 0.010  train return  +71.53%  loss 4.38e-05  maxQ +0.0141  changes   371  10.2 min
episode 842/1013  eps 0.010  train return +441.02%  loss 4.00e-05  maxQ +0.0146  changes   419  10.2 min
episode 843/1013  eps 0.010  train return +103.29%  loss 4.31e-05  maxQ +0.0145  changes   435  10.2 min
episode 844/1013  eps 0.010  train return  +39.14%  loss 4.02e-05  maxQ +0.0142  changes   360  10.3 min
episode 845/1013  eps 0.010  train return +478.49%  loss 4.28e-05  maxQ +0.0143  changes   450  10.3 min
episode 846/1013  eps 0.010  train return +159.25%  loss 4.44e-05  maxQ +0.0148  changes   430  10.3 min
episode 847/1013  eps 0.010  train return  +84.09%  loss 4.12e-05  maxQ +0.0151  changes   410  10.3 min
episode 848/1013  eps 0.010  train return  +97.56%  loss 3.78e-05  maxQ +0.0145  changes   412  10.3 min
episode 849/1013  eps 0.010  train return  +69.11%  loss 4.04e-05  maxQ +0.0146  changes   440  10.3 min
episode 850/1013  eps 0.010  train return +546.17%  loss 3.80e-05  maxQ +0.0145  changes   431  10.3 min | val return -7.05% (best +26.26%)
episode 851/1013  eps 0.010  train return  +43.16%  loss 4.05e-05  maxQ +0.0146  changes   409  10.3 min
episode 852/1013  eps 0.010  train return  +57.65%  loss 3.94e-05  maxQ +0.0149  changes   390  10.4 min
episode 853/1013  eps 0.010  train return  +50.61%  loss 4.14e-05  maxQ +0.0148  changes   397  10.4 min
episode 854/1013  eps 0.010  train return  +91.68%  loss 4.12e-05  maxQ +0.0145  changes   422  10.4 min
episode 855/1013  eps 0.010  train return  +41.52%  loss 4.18e-05  maxQ +0.0144  changes   370  10.4 min
episode 856/1013  eps 0.010  train return  +13.17%  loss 3.98e-05  maxQ +0.0138  changes   278  10.4 min
episode 857/1013  eps 0.010  train return +206.64%  loss 3.87e-05  maxQ +0.0145  changes   410  10.4 min
episode 858/1013  eps 0.010  train return +100.74%  loss 4.47e-05  maxQ +0.0145  changes   410  10.4 min
episode 859/1013  eps 0.010  train return  +28.22%  loss 4.04e-05  maxQ +0.0147  changes   367  10.4 min
episode 860/1013  eps 0.010  train return +141.43%  loss 4.13e-05  maxQ +0.0145  changes   404  10.5 min | val return -16.37% (best +26.26%)
episode 861/1013  eps 0.010  train return +535.19%  loss 4.26e-05  maxQ +0.0146  changes   464  10.5 min
episode 862/1013  eps 0.010  train return  +31.87%  loss 3.85e-05  maxQ +0.0149  changes   403  10.5 min
episode 863/1013  eps 0.010  train return +468.14%  loss 4.04e-05  maxQ +0.0143  changes   456  10.5 min
episode 864/1013  eps 0.010  train return +242.79%  loss 3.85e-05  maxQ +0.0143  changes   428  10.5 min
episode 865/1013  eps 0.010  train return +231.80%  loss 4.00e-05  maxQ +0.0143  changes   445  10.5 min
episode 866/1013  eps 0.010  train return  +52.95%  loss 3.93e-05  maxQ +0.0139  changes   402  10.5 min
episode 867/1013  eps 0.010  train return  +24.89%  loss 4.13e-05  maxQ +0.0141  changes   418  10.5 min
episode 868/1013  eps 0.010  train return  +75.26%  loss 3.97e-05  maxQ +0.0141  changes   446  10.5 min
episode 869/1013  eps 0.010  train return  +52.01%  loss 4.08e-05  maxQ +0.0148  changes   387  10.6 min
episode 870/1013  eps 0.010  train return  +20.07%  loss 4.37e-05  maxQ +0.0146  changes   294  10.6 min | val return -12.79% (best +26.26%)
episode 871/1013  eps 0.010  train return  +10.43%  loss 4.14e-05  maxQ +0.0146  changes   373  10.6 min
episode 872/1013  eps 0.010  train return +189.15%  loss 4.28e-05  maxQ +0.0157  changes   411  10.6 min
episode 873/1013  eps 0.010  train return  +11.89%  loss 4.18e-05  maxQ +0.0150  changes   360  10.6 min
episode 874/1013  eps 0.010  train return  +57.67%  loss 3.87e-05  maxQ +0.0144  changes   420  10.6 min
episode 875/1013  eps 0.010  train return  +26.49%  loss 4.15e-05  maxQ +0.0149  changes   416  10.6 min
episode 876/1013  eps 0.010  train return  +25.57%  loss 3.96e-05  maxQ +0.0151  changes   433  10.6 min
episode 877/1013  eps 0.010  train return  +67.44%  loss 3.90e-05  maxQ +0.0147  changes   385  10.7 min
episode 878/1013  eps 0.010  train return +122.89%  loss 4.06e-05  maxQ +0.0147  changes   444  10.7 min
episode 879/1013  eps 0.010  train return +154.58%  loss 4.00e-05  maxQ +0.0150  changes   457  10.7 min
episode 880/1013  eps 0.010  train return +177.48%  loss 3.84e-05  maxQ +0.0150  changes   414  10.7 min | val return -21.33% (best +26.26%)
episode 881/1013  eps 0.010  train return +190.31%  loss 4.27e-05  maxQ +0.0151  changes   452  10.7 min
episode 882/1013  eps 0.010  train return +617.40%  loss 4.08e-05  maxQ +0.0159  changes   434  10.7 min
episode 883/1013  eps 0.010  train return  +57.21%  loss 3.97e-05  maxQ +0.0151  changes   368  10.7 min
episode 884/1013  eps 0.010  train return  +55.49%  loss 4.13e-05  maxQ +0.0144  changes   455  10.7 min
episode 885/1013  eps 0.010  train return +546.54%  loss 4.23e-05  maxQ +0.0150  changes   475  10.8 min
episode 886/1013  eps 0.010  train return +518.33%  loss 4.37e-05  maxQ +0.0150  changes   459  10.8 min
episode 887/1013  eps 0.010  train return  +83.22%  loss 4.45e-05  maxQ +0.0142  changes   447  10.8 min
episode 888/1013  eps 0.010  train return  +31.10%  loss 4.32e-05  maxQ +0.0145  changes   345  10.8 min
episode 889/1013  eps 0.010  train return  +44.34%  loss 4.56e-05  maxQ +0.0158  changes   433  10.8 min
episode 890/1013  eps 0.010  train return  +73.29%  loss 4.41e-05  maxQ +0.0156  changes   439  10.8 min | val return -5.70% (best +26.26%)
episode 891/1013  eps 0.010  train return  +74.40%  loss 4.41e-05  maxQ +0.0157  changes   432  10.8 min
episode 892/1013  eps 0.010  train return  +16.18%  loss 4.39e-05  maxQ +0.0157  changes   386  10.8 min
episode 893/1013  eps 0.010  train return +592.79%  loss 4.34e-05  maxQ +0.0159  changes   477  10.8 min
episode 894/1013  eps 0.010  train return +191.38%  loss 4.16e-05  maxQ +0.0155  changes   434  10.9 min
episode 895/1013  eps 0.010  train return  +37.45%  loss 4.19e-05  maxQ +0.0155  changes   443  10.9 min
episode 896/1013  eps 0.010  train return  +18.79%  loss 4.11e-05  maxQ +0.0152  changes   336  10.9 min
episode 897/1013  eps 0.010  train return +124.41%  loss 4.24e-05  maxQ +0.0152  changes   438  10.9 min
episode 898/1013  eps 0.010  train return  +55.20%  loss 4.13e-05  maxQ +0.0148  changes   379  10.9 min
episode 899/1013  eps 0.010  train return +114.36%  loss 4.48e-05  maxQ +0.0142  changes   448  10.9 min
episode 900/1013  eps 0.010  train return  +46.55%  loss 4.17e-05  maxQ +0.0150  changes   433  10.9 min | val return -12.20% (best +26.26%)
episode 901/1013  eps 0.010  train return +123.22%  loss 4.06e-05  maxQ +0.0143  changes   462  11.0 min
episode 902/1013  eps 0.010  train return  +26.09%  loss 4.34e-05  maxQ +0.0149  changes   424  11.0 min
episode 903/1013  eps 0.010  train return  +45.26%  loss 4.45e-05  maxQ +0.0148  changes   403  11.0 min
episode 904/1013  eps 0.010  train return +349.90%  loss 4.35e-05  maxQ +0.0153  changes   454  11.0 min
episode 905/1013  eps 0.010  train return +126.36%  loss 4.53e-05  maxQ +0.0150  changes   446  11.0 min
episode 906/1013  eps 0.010  train return  +23.74%  loss 4.29e-05  maxQ +0.0152  changes   402  11.0 min
episode 907/1013  eps 0.010  train return  +90.05%  loss 4.04e-05  maxQ +0.0149  changes   434  11.0 min
episode 908/1013  eps 0.010  train return +415.23%  loss 4.26e-05  maxQ +0.0156  changes   451  11.0 min
episode 909/1013  eps 0.010  train return  +50.58%  loss 4.01e-05  maxQ +0.0148  changes   443  11.0 min
episode 910/1013  eps 0.010  train return  +16.75%  loss 4.20e-05  maxQ +0.0153  changes   430  11.1 min | val return -3.39% (best +26.26%)
episode 911/1013  eps 0.010  train return +210.34%  loss 3.93e-05  maxQ +0.0147  changes   431  11.1 min
episode 912/1013  eps 0.010  train return +121.92%  loss 4.28e-05  maxQ +0.0148  changes   420  11.1 min
episode 913/1013  eps 0.010  train return +346.49%  loss 4.34e-05  maxQ +0.0151  changes   444  11.1 min
episode 914/1013  eps 0.010  train return +141.98%  loss 4.23e-05  maxQ +0.0151  changes   450  11.1 min
episode 915/1013  eps 0.010  train return  +22.15%  loss 4.00e-05  maxQ +0.0147  changes   359  11.1 min
episode 916/1013  eps 0.010  train return  +52.93%  loss 3.99e-05  maxQ +0.0148  changes   384  11.1 min
episode 917/1013  eps 0.010  train return  +52.45%  loss 4.10e-05  maxQ +0.0147  changes   414  11.1 min
episode 918/1013  eps 0.010  train return  +71.51%  loss 4.41e-05  maxQ +0.0150  changes   452  11.2 min
episode 919/1013  eps 0.010  train return +237.88%  loss 4.20e-05  maxQ +0.0144  changes   428  11.2 min
episode 920/1013  eps 0.010  train return +194.75%  loss 4.14e-05  maxQ +0.0138  changes   469  11.2 min | val return -14.60% (best +26.26%)
episode 921/1013  eps 0.010  train return  +50.15%  loss 4.22e-05  maxQ +0.0141  changes   432  11.2 min
episode 922/1013  eps 0.010  train return  +46.53%  loss 4.11e-05  maxQ +0.0143  changes   431  11.2 min
episode 923/1013  eps 0.010  train return +122.43%  loss 4.27e-05  maxQ +0.0141  changes   461  11.2 min
episode 924/1013  eps 0.010  train return +733.32%  loss 3.87e-05  maxQ +0.0136  changes   480  11.2 min
episode 925/1013  eps 0.010  train return +149.40%  loss 3.92e-05  maxQ +0.0138  changes   438  11.2 min
episode 926/1013  eps 0.010  train return   +9.39%  loss 4.15e-05  maxQ +0.0138  changes   375  11.3 min
episode 927/1013  eps 0.010  train return  +35.36%  loss 3.87e-05  maxQ +0.0141  changes   439  11.3 min
episode 928/1013  eps 0.010  train return   +5.12%  loss 4.01e-05  maxQ +0.0149  changes   428  11.3 min
episode 929/1013  eps 0.010  train return +168.92%  loss 4.01e-05  maxQ +0.0147  changes   437  11.3 min
episode 930/1013  eps 0.010  train return  +51.74%  loss 3.93e-05  maxQ +0.0149  changes   442  11.3 min | val return -9.76% (best +26.26%)
episode 931/1013  eps 0.010  train return  +92.73%  loss 4.39e-05  maxQ +0.0150  changes   462  11.3 min
episode 932/1013  eps 0.010  train return +264.37%  loss 4.19e-05  maxQ +0.0147  changes   434  11.3 min
episode 933/1013  eps 0.010  train return  +66.46%  loss 4.16e-05  maxQ +0.0149  changes   450  11.3 min
episode 934/1013  eps 0.010  train return  +21.09%  loss 3.81e-05  maxQ +0.0147  changes   428  11.3 min
episode 935/1013  eps 0.010  train return  +56.70%  loss 3.67e-05  maxQ +0.0141  changes   444  11.3 min
episode 936/1013  eps 0.010  train return  +25.33%  loss 3.63e-05  maxQ +0.0141  changes   393  11.4 min
episode 937/1013  eps 0.010  train return  +89.02%  loss 3.71e-05  maxQ +0.0136  changes   415  11.4 min
episode 938/1013  eps 0.010  train return   +6.75%  loss 3.81e-05  maxQ +0.0145  changes   401  11.4 min
episode 939/1013  eps 0.010  train return  +60.21%  loss 3.94e-05  maxQ +0.0142  changes   388  11.4 min
episode 940/1013  eps 0.010  train return  +14.15%  loss 4.06e-05  maxQ +0.0149  changes   399  11.4 min | val return -23.32% (best +26.26%)
episode 941/1013  eps 0.010  train return +593.99%  loss 3.93e-05  maxQ +0.0149  changes   457  11.4 min
episode 942/1013  eps 0.010  train return  +90.89%  loss 4.04e-05  maxQ +0.0144  changes   446  11.4 min
episode 943/1013  eps 0.010  train return  +88.20%  loss 4.32e-05  maxQ +0.0145  changes   449  11.4 min
episode 944/1013  eps 0.010  train return  +86.27%  loss 4.12e-05  maxQ +0.0149  changes   437  11.4 min
episode 945/1013  eps 0.010  train return  +25.19%  loss 4.15e-05  maxQ +0.0146  changes   383  11.5 min
episode 946/1013  eps 0.010  train return  +51.31%  loss 4.11e-05  maxQ +0.0147  changes   447  11.5 min
episode 947/1013  eps 0.010  train return  +52.91%  loss 3.77e-05  maxQ +0.0145  changes   379  11.5 min
episode 948/1013  eps 0.010  train return +307.49%  loss 4.15e-05  maxQ +0.0140  changes   448  11.5 min
episode 949/1013  eps 0.010  train return  +65.48%  loss 3.97e-05  maxQ +0.0141  changes   447  11.5 min
episode 950/1013  eps 0.010  train return  +32.09%  loss 4.26e-05  maxQ +0.0139  changes   439  11.5 min | val return -13.74% (best +26.26%)
episode 951/1013  eps 0.010  train return  +54.44%  loss 3.75e-05  maxQ +0.0142  changes   413  11.5 min
episode 952/1013  eps 0.010  train return  +43.41%  loss 4.05e-05  maxQ +0.0150  changes   422  11.5 min
episode 953/1013  eps 0.010  train return  +11.96%  loss 3.81e-05  maxQ +0.0147  changes   398  11.5 min
episode 954/1013  eps 0.010  train return   +1.93%  loss 3.65e-05  maxQ +0.0139  changes   338  11.6 min
episode 955/1013  eps 0.010  train return +190.14%  loss 3.68e-05  maxQ +0.0148  changes   475  11.6 min
episode 956/1013  eps 0.010  train return +187.41%  loss 3.51e-05  maxQ +0.0140  changes   438  11.6 min
episode 957/1013  eps 0.010  train return  +42.71%  loss 3.53e-05  maxQ +0.0134  changes   395  11.6 min
episode 958/1013  eps 0.010  train return +119.01%  loss 3.84e-05  maxQ +0.0139  changes   471  11.6 min
episode 959/1013  eps 0.010  train return  +27.92%  loss 3.65e-05  maxQ +0.0142  changes   376  11.6 min
episode 960/1013  eps 0.010  train return  +50.34%  loss 3.87e-05  maxQ +0.0142  changes   436  11.6 min | val return -10.31% (best +26.26%)
episode 961/1013  eps 0.010  train return  +47.28%  loss 3.71e-05  maxQ +0.0143  changes   470  11.6 min
episode 962/1013  eps 0.010  train return +163.30%  loss 4.06e-05  maxQ +0.0143  changes   428  11.6 min
episode 963/1013  eps 0.010  train return  +43.57%  loss 3.99e-05  maxQ +0.0136  changes   379  11.7 min
episode 964/1013  eps 0.010  train return  +78.23%  loss 3.57e-05  maxQ +0.0133  changes   452  11.7 min
episode 965/1013  eps 0.010  train return  +66.41%  loss 3.41e-05  maxQ +0.0131  changes   447  11.7 min
episode 966/1013  eps 0.010  train return  +13.69%  loss 3.79e-05  maxQ +0.0133  changes   417  11.7 min
episode 967/1013  eps 0.010  train return  +33.61%  loss 3.32e-05  maxQ +0.0132  changes   406  11.7 min
episode 968/1013  eps 0.010  train return  +28.77%  loss 3.81e-05  maxQ +0.0134  changes   405  11.7 min
episode 969/1013  eps 0.010  train return  +23.18%  loss 3.59e-05  maxQ +0.0127  changes   381  11.7 min
episode 970/1013  eps 0.010  train return +1248.95%  loss 3.45e-05  maxQ +0.0130  changes   442  11.7 min | val return -22.57% (best +26.26%)
episode 971/1013  eps 0.010  train return +123.14%  loss 3.53e-05  maxQ +0.0127  changes   449  11.7 min
episode 972/1013  eps 0.010  train return  +85.95%  loss 3.88e-05  maxQ +0.0131  changes   413  11.7 min
episode 973/1013  eps 0.010  train return +421.84%  loss 4.04e-05  maxQ +0.0136  changes   475  11.7 min
episode 974/1013  eps 0.010  train return   +6.51%  loss 3.76e-05  maxQ +0.0132  changes   380  11.7 min
episode 975/1013  eps 0.010  train return  +99.71%  loss 3.81e-05  maxQ +0.0130  changes   476  11.8 min
episode 976/1013  eps 0.010  train return  +64.55%  loss 3.87e-05  maxQ +0.0134  changes   402  11.8 min
episode 977/1013  eps 0.010  train return  +52.03%  loss 3.72e-05  maxQ +0.0136  changes   374  11.8 min
episode 978/1013  eps 0.010  train return +130.04%  loss 3.66e-05  maxQ +0.0133  changes   434  11.8 min
episode 979/1013  eps 0.010  train return +226.08%  loss 3.64e-05  maxQ +0.0131  changes   404  11.8 min
episode 980/1013  eps 0.010  train return  +55.90%  loss 3.52e-05  maxQ +0.0138  changes   424  11.8 min | val return -12.38% (best +26.26%)
episode 981/1013  eps 0.010  train return  +26.34%  loss 3.56e-05  maxQ +0.0131  changes   432  11.8 min
episode 982/1013  eps 0.010  train return  +97.48%  loss 3.53e-05  maxQ +0.0128  changes   411  11.8 min
episode 983/1013  eps 0.010  train return  +91.56%  loss 3.67e-05  maxQ +0.0132  changes   455  11.8 min
episode 984/1013  eps 0.010  train return +1065.04%  loss 3.59e-05  maxQ +0.0130  changes   458  11.8 min
episode 985/1013  eps 0.010  train return  +32.03%  loss 3.55e-05  maxQ +0.0127  changes   432  11.8 min
episode 986/1013  eps 0.010  train return  +27.15%  loss 3.41e-05  maxQ +0.0127  changes   398  11.8 min
episode 987/1013  eps 0.010  train return  +92.96%  loss 3.53e-05  maxQ +0.0130  changes   477  11.8 min
episode 988/1013  eps 0.010  train return +128.69%  loss 3.59e-05  maxQ +0.0133  changes   468  11.8 min
episode 989/1013  eps 0.010  train return  -13.27%  loss 3.30e-05  maxQ +0.0127  changes   449  11.9 min
episode 990/1013  eps 0.010  train return +159.09%  loss 3.75e-05  maxQ +0.0135  changes   471  11.9 min | val return -8.99% (best +26.26%)
episode 991/1013  eps 0.010  train return  +75.72%  loss 3.56e-05  maxQ +0.0133  changes   450  11.9 min
episode 992/1013  eps 0.010  train return  +42.62%  loss 3.71e-05  maxQ +0.0135  changes   388  11.9 min
episode 993/1013  eps 0.010  train return +184.37%  loss 3.51e-05  maxQ +0.0129  changes   425  11.9 min
episode 994/1013  eps 0.010  train return   -4.35%  loss 3.96e-05  maxQ +0.0139  changes   402  11.9 min
episode 995/1013  eps 0.010  train return +228.50%  loss 3.77e-05  maxQ +0.0132  changes   457  11.9 min
episode 996/1013  eps 0.010  train return  +20.50%  loss 3.68e-05  maxQ +0.0131  changes   361  11.9 min
episode 997/1013  eps 0.010  train return  +53.86%  loss 3.67e-05  maxQ +0.0130  changes   413  11.9 min
episode 998/1013  eps 0.010  train return  +21.85%  loss 3.52e-05  maxQ +0.0127  changes   308  11.9 min
episode 999/1013  eps 0.010  train return +118.41%  loss 3.51e-05  maxQ +0.0129  changes   415  11.9 min
episode 1000/1013  eps 0.010  train return +217.83%  loss 3.71e-05  maxQ +0.0131  changes   428  11.9 min | val return -8.30% (best +26.26%)
episode 1001/1013  eps 0.010  train return +352.06%  loss 3.65e-05  maxQ +0.0127  changes   429  11.9 min
episode 1002/1013  eps 0.010  train return  +53.25%  loss 3.60e-05  maxQ +0.0124  changes   394  12.0 min
episode 1003/1013  eps 0.010  train return +111.98%  loss 3.63e-05  maxQ +0.0126  changes   404  12.0 min
episode 1004/1013  eps 0.010  train return  +83.63%  loss 3.74e-05  maxQ +0.0134  changes   399  12.0 min
episode 1005/1013  eps 0.010  train return +195.05%  loss 3.72e-05  maxQ +0.0132  changes   434  12.0 min
episode 1006/1013  eps 0.010  train return +131.82%  loss 3.77e-05  maxQ +0.0129  changes   452  12.0 min
episode 1007/1013  eps 0.010  train return  +45.48%  loss 3.48e-05  maxQ +0.0132  changes   358  12.0 min
episode 1008/1013  eps 0.010  train return +164.86%  loss 3.55e-05  maxQ +0.0131  changes   467  12.0 min
episode 1009/1013  eps 0.010  train return +212.11%  loss 3.63e-05  maxQ +0.0129  changes   425  12.0 min
episode 1010/1013  eps 0.010  train return +496.92%  loss 3.94e-05  maxQ +0.0132  changes   455  12.0 min | val return -11.39% (best +26.26%)
episode 1011/1013  eps 0.010  train return   +5.27%  loss 3.90e-05  maxQ +0.0143  changes   441  12.0 min
episode 1012/1013  eps 0.010  train return  +34.75%  loss 3.73e-05  maxQ +0.0132  changes   410  12.0 min
episode 1013/1013  eps 0.010  train return  +37.49%  loss 3.65e-05  maxQ +0.0130  changes   403  12.0 min | val return -15.31% (best +26.26%)
model    env  portfolio_return  excess_return  n_changes
 last    val         -0.153046      -0.110428      763.9
 last val_w1         -0.170291      -0.143376      445.9
 last val_w2          0.013382       0.028816      336.9
 best    val          0.261918       0.304536      975.8
 best val_w1          0.198980       0.225895      512.8
 best val_w2          0.089769       0.105203      480.3
