Downloaded data: 30,528 candles, 2023-03-25 00:00:00+00:00 to 2026-09-16 23:00:00+00:00; no missing hours
dev_train: 28,152 candles, 2023-04-01 00:00:00+00:00 to 2026-06-16 23:00:00+00:00; no missing hours
val: 1,464 candles, 2026-06-17 00:00:00+00:00 to 2026-08-16 23:00:00+00:00; no missing hours
eval: 744 candles, 2026-08-17 00:00:00+00:00 to 2026-09-16 23:00:00+00:00; no missing hours
episode   1/1013  eps 1.000  train return   -7.54%  loss 1.64e-03  maxQ +0.2010  changes   566  0.0 min
episode   2/1013  eps 0.991  train return   -1.56%  loss 7.27e-04  maxQ +0.2040  changes   573  0.0 min
episode   3/1013  eps 0.982  train return  -22.87%  loss 4.57e-04  maxQ +0.1907  changes   567  0.0 min
episode   4/1013  eps 0.973  train return  -24.43%  loss 3.41e-04  maxQ +0.1772  changes   588  0.0 min
episode   5/1013  eps 0.964  train return  -10.79%  loss 2.59e-04  maxQ +0.1683  changes   550  0.0 min
episode   6/1013  eps 0.955  train return  +30.98%  loss 2.63e-04  maxQ +0.1565  changes   577  0.1 min
episode   7/1013  eps 0.947  train return   -1.16%  loss 1.95e-04  maxQ +0.1480  changes   574  0.1 min
episode   8/1013  eps 0.938  train return  -32.65%  loss 1.76e-04  maxQ +0.1358  changes   580  0.1 min
episode   9/1013  eps 0.929  train return   +6.32%  loss 1.94e-04  maxQ +0.1291  changes   574  0.1 min
episode  10/1013  eps 0.921  train return   +4.77%  loss 1.81e-04  maxQ +0.1174  changes   580  0.1 min | val return -25.58% (best -25.58%)
episode  11/1013  eps 0.913  train return  -10.64%  loss 1.37e-04  maxQ +0.1099  changes   567  0.1 min
episode  12/1013  eps 0.904  train return  -18.97%  loss 1.42e-04  maxQ +0.1058  changes   570  0.1 min
episode  13/1013  eps 0.896  train return   +2.72%  loss 1.94e-04  maxQ +0.1067  changes   576  0.1 min
episode  14/1013  eps 0.888  train return   -2.25%  loss 1.80e-04  maxQ +0.1023  changes   585  0.1 min
episode  15/1013  eps 0.880  train return  +21.56%  loss 1.51e-04  maxQ +0.0991  changes   571  0.2 min
episode  16/1013  eps 0.872  train return  -23.67%  loss 1.46e-04  maxQ +0.0934  changes   568  0.2 min
episode  17/1013  eps 0.864  train return   -0.78%  loss 1.35e-04  maxQ +0.0904  changes   581  0.2 min
episode  18/1013  eps 0.856  train return  -13.24%  loss 1.37e-04  maxQ +0.0857  changes   560  0.2 min
episode  19/1013  eps 0.848  train return  -15.68%  loss 1.60e-04  maxQ +0.0834  changes   564  0.2 min
episode  20/1013  eps 0.841  train return   -0.08%  loss 1.89e-04  maxQ +0.0790  changes   582  0.2 min | val return -12.23% (best -12.23%)
episode  21/1013  eps 0.833  train return   -5.40%  loss 1.22e-04  maxQ +0.0823  changes   564  0.2 min
episode  22/1013  eps 0.825  train return   +6.24%  loss 1.29e-04  maxQ +0.0765  changes   574  0.2 min
episode  23/1013  eps 0.818  train return  +29.67%  loss 1.28e-04  maxQ +0.0753  changes   568  0.2 min
episode  24/1013  eps 0.810  train return  +10.72%  loss 1.27e-04  maxQ +0.0703  changes   575  0.3 min
episode  25/1013  eps 0.803  train return   -5.36%  loss 1.31e-04  maxQ +0.0676  changes   584  0.3 min
episode  26/1013  eps 0.796  train return  -19.15%  loss 1.36e-04  maxQ +0.0688  changes   577  0.3 min
episode  27/1013  eps 0.788  train return   -7.75%  loss 1.22e-04  maxQ +0.0667  changes   557  0.3 min
episode  28/1013  eps 0.781  train return  -17.50%  loss 1.06e-04  maxQ +0.0642  changes   574  0.3 min
episode  29/1013  eps 0.774  train return  -26.76%  loss 1.29e-04  maxQ +0.0712  changes   572  0.3 min
episode  30/1013  eps 0.767  train return   -4.34%  loss 1.20e-04  maxQ +0.0623  changes   589  0.3 min | val return -15.41% (best -12.23%)
episode  31/1013  eps 0.760  train return   -6.10%  loss 1.25e-04  maxQ +0.0634  changes   557  0.3 min
episode  32/1013  eps 0.753  train return   +2.87%  loss 1.15e-04  maxQ +0.0613  changes   552  0.3 min
episode  33/1013  eps 0.746  train return  +20.78%  loss 9.04e-05  maxQ +0.0563  changes   570  0.3 min
episode  34/1013  eps 0.740  train return   +9.09%  loss 1.02e-04  maxQ +0.0552  changes   576  0.4 min
episode  35/1013  eps 0.733  train return  -10.58%  loss 1.07e-04  maxQ +0.0537  changes   587  0.4 min
episode  36/1013  eps 0.726  train return  -24.19%  loss 9.23e-05  maxQ +0.0533  changes   574  0.4 min
episode  37/1013  eps 0.720  train return  +15.23%  loss 8.48e-05  maxQ +0.0529  changes   587  0.4 min
episode  38/1013  eps 0.713  train return   -1.21%  loss 8.46e-05  maxQ +0.0492  changes   564  0.4 min
episode  39/1013  eps 0.707  train return   -0.49%  loss 8.56e-05  maxQ +0.0476  changes   574  0.4 min
episode  40/1013  eps 0.700  train return  -24.85%  loss 9.43e-05  maxQ +0.0477  changes   542  0.4 min | val return -4.98% (best -4.98%)
episode  41/1013  eps 0.694  train return   -4.83%  loss 7.11e-05  maxQ +0.0442  changes   557  0.4 min
episode  42/1013  eps 0.687  train return   +4.68%  loss 7.37e-05  maxQ +0.0433  changes   557  0.4 min
episode  43/1013  eps 0.681  train return  -12.95%  loss 9.40e-05  maxQ +0.0405  changes   564  0.4 min
episode  44/1013  eps 0.675  train return   -4.07%  loss 6.77e-05  maxQ +0.0408  changes   550  0.4 min
episode  45/1013  eps 0.669  train return   +9.91%  loss 6.86e-05  maxQ +0.0365  changes   540  0.5 min
episode  46/1013  eps 0.663  train return   -1.55%  loss 6.69e-05  maxQ +0.0379  changes   550  0.5 min
episode  47/1013  eps 0.657  train return  +12.96%  loss 6.56e-05  maxQ +0.0372  changes   548  0.5 min
episode  48/1013  eps 0.651  train return  -16.44%  loss 7.50e-05  maxQ +0.0358  changes   558  0.5 min
episode  49/1013  eps 0.645  train return  -37.93%  loss 6.89e-05  maxQ +0.0344  changes   554  0.5 min
episode  50/1013  eps 0.639  train return   -4.77%  loss 6.71e-05  maxQ +0.0342  changes   549  0.5 min | val return -4.39% (best -4.39%)
episode  51/1013  eps 0.633  train return   -5.50%  loss 7.64e-05  maxQ +0.0342  changes   554  0.5 min
episode  52/1013  eps 0.627  train return   -4.32%  loss 8.70e-05  maxQ +0.0355  changes   539  0.5 min
episode  53/1013  eps 0.622  train return   -9.37%  loss 8.07e-05  maxQ +0.0371  changes   544  0.5 min
episode  54/1013  eps 0.616  train return  +11.38%  loss 6.48e-05  maxQ +0.0366  changes   560  0.5 min
episode  55/1013  eps 0.610  train return  +13.88%  loss 6.35e-05  maxQ +0.0339  changes   541  0.5 min
episode  56/1013  eps 0.605  train return  -18.21%  loss 6.24e-05  maxQ +0.0336  changes   514  0.6 min
episode  57/1013  eps 0.599  train return   -4.87%  loss 7.38e-05  maxQ +0.0348  changes   538  0.6 min
episode  58/1013  eps 0.594  train return  +19.42%  loss 6.52e-05  maxQ +0.0340  changes   528  0.6 min
episode  59/1013  eps 0.588  train return  -12.43%  loss 5.67e-05  maxQ +0.0338  changes   540  0.6 min
episode  60/1013  eps 0.583  train return  +24.87%  loss 6.07e-05  maxQ +0.0339  changes   550  0.6 min | val return -9.40% (best -4.39%)
episode  61/1013  eps 0.578  train return   -2.87%  loss 5.98e-05  maxQ +0.0299  changes   538  0.6 min
episode  62/1013  eps 0.573  train return   -4.82%  loss 4.93e-05  maxQ +0.0282  changes   540  0.6 min
episode  63/1013  eps 0.567  train return   -3.29%  loss 5.20e-05  maxQ +0.0289  changes   537  0.6 min
episode  64/1013  eps 0.562  train return   +1.01%  loss 4.65e-05  maxQ +0.0269  changes   533  0.6 min
episode  65/1013  eps 0.557  train return  -16.41%  loss 4.78e-05  maxQ +0.0253  changes   529  0.7 min
episode  66/1013  eps 0.552  train return   -2.85%  loss 4.76e-05  maxQ +0.0227  changes   544  0.7 min
episode  67/1013  eps 0.547  train return   +3.81%  loss 4.67e-05  maxQ +0.0241  changes   503  0.7 min
episode  68/1013  eps 0.542  train return   -2.33%  loss 4.31e-05  maxQ +0.0232  changes   539  0.7 min
episode  69/1013  eps 0.537  train return   +5.00%  loss 4.83e-05  maxQ +0.0232  changes   536  0.7 min
episode  70/1013  eps 0.532  train return   +1.25%  loss 4.85e-05  maxQ +0.0224  changes   537  0.7 min | val return -17.82% (best -4.39%)
episode  71/1013  eps 0.527  train return   -8.67%  loss 5.09e-05  maxQ +0.0230  changes   502  0.7 min
episode  72/1013  eps 0.523  train return   +1.41%  loss 4.64e-05  maxQ +0.0245  changes   507  0.7 min
episode  73/1013  eps 0.518  train return  +23.30%  loss 4.31e-05  maxQ +0.0235  changes   521  0.7 min
episode  74/1013  eps 0.513  train return  -22.50%  loss 4.34e-05  maxQ +0.0225  changes   528  0.7 min
episode  75/1013  eps 0.508  train return   +8.53%  loss 4.79e-05  maxQ +0.0217  changes   512  0.7 min
episode  76/1013  eps 0.504  train return  +46.17%  loss 4.33e-05  maxQ +0.0205  changes   538  0.8 min
episode  77/1013  eps 0.499  train return  +19.59%  loss 4.49e-05  maxQ +0.0207  changes   537  0.8 min
episode  78/1013  eps 0.495  train return  -11.84%  loss 4.08e-05  maxQ +0.0178  changes   500  0.8 min
episode  79/1013  eps 0.490  train return  +19.95%  loss 4.80e-05  maxQ +0.0195  changes   528  0.8 min
episode  80/1013  eps 0.486  train return   +7.37%  loss 5.02e-05  maxQ +0.0193  changes   523  0.8 min | val return -12.46% (best -4.39%)
episode  81/1013  eps 0.481  train return  +14.98%  loss 4.45e-05  maxQ +0.0221  changes   505  0.8 min
episode  82/1013  eps 0.477  train return  +14.53%  loss 4.26e-05  maxQ +0.0223  changes   525  0.8 min
episode  83/1013  eps 0.473  train return   +5.34%  loss 4.18e-05  maxQ +0.0215  changes   478  0.8 min
episode  84/1013  eps 0.468  train return  +13.50%  loss 4.54e-05  maxQ +0.0206  changes   469  0.8 min
episode  85/1013  eps 0.464  train return  -21.54%  loss 4.26e-05  maxQ +0.0182  changes   483  0.8 min
episode  86/1013  eps 0.460  train return  +10.25%  loss 4.11e-05  maxQ +0.0185  changes   501  0.9 min
episode  87/1013  eps 0.456  train return   -4.09%  loss 3.72e-05  maxQ +0.0167  changes   506  0.9 min
episode  88/1013  eps 0.451  train return  +18.41%  loss 3.79e-05  maxQ +0.0160  changes   538  0.9 min
episode  89/1013  eps 0.447  train return  -32.81%  loss 3.80e-05  maxQ +0.0164  changes   520  0.9 min
episode  90/1013  eps 0.443  train return  +14.52%  loss 3.91e-05  maxQ +0.0164  changes   499  0.9 min | val return -11.04% (best -4.39%)
episode  91/1013  eps 0.439  train return  -24.76%  loss 4.71e-05  maxQ +0.0160  changes   519  0.9 min
episode  92/1013  eps 0.435  train return  -17.46%  loss 4.02e-05  maxQ +0.0146  changes   486  0.9 min
episode  93/1013  eps 0.431  train return   +7.82%  loss 3.94e-05  maxQ +0.0144  changes   485  0.9 min
episode  94/1013  eps 0.427  train return   -5.89%  loss 4.00e-05  maxQ +0.0153  changes   503  0.9 min
episode  95/1013  eps 0.423  train return   -7.02%  loss 3.93e-05  maxQ +0.0155  changes   511  0.9 min
episode  96/1013  eps 0.420  train return  +21.56%  loss 3.90e-05  maxQ +0.0157  changes   506  1.0 min
episode  97/1013  eps 0.416  train return  -10.17%  loss 4.07e-05  maxQ +0.0164  changes   500  1.0 min
episode  98/1013  eps 0.412  train return   +2.80%  loss 4.25e-05  maxQ +0.0145  changes   468  1.0 min
episode  99/1013  eps 0.408  train return  -12.02%  loss 4.23e-05  maxQ +0.0145  changes   488  1.0 min
episode 100/1013  eps 0.405  train return  +29.18%  loss 3.84e-05  maxQ +0.0165  changes   483  1.0 min | val return -4.86% (best -4.39%)
episode 101/1013  eps 0.401  train return  +24.78%  loss 4.28e-05  maxQ +0.0165  changes   477  1.0 min
episode 102/1013  eps 0.397  train return   -3.56%  loss 3.93e-05  maxQ +0.0151  changes   487  1.0 min
episode 103/1013  eps 0.394  train return  +33.79%  loss 4.04e-05  maxQ +0.0160  changes   465  1.0 min
episode 104/1013  eps 0.390  train return  +15.55%  loss 4.19e-05  maxQ +0.0140  changes   475  1.0 min
episode 105/1013  eps 0.386  train return   -3.07%  loss 3.93e-05  maxQ +0.0152  changes   485  1.0 min
episode 106/1013  eps 0.383  train return  +20.27%  loss 4.67e-05  maxQ +0.0150  changes   452  1.0 min
episode 107/1013  eps 0.379  train return   +2.22%  loss 4.01e-05  maxQ +0.0145  changes   476  1.1 min
episode 108/1013  eps 0.376  train return   -3.60%  loss 4.09e-05  maxQ +0.0150  changes   467  1.1 min
episode 109/1013  eps 0.373  train return  +11.66%  loss 3.93e-05  maxQ +0.0140  changes   473  1.1 min
episode 110/1013  eps 0.369  train return  +20.49%  loss 3.90e-05  maxQ +0.0143  changes   463  1.1 min | val return -12.42% (best -4.39%)
episode 111/1013  eps 0.366  train return  -13.85%  loss 3.79e-05  maxQ +0.0130  changes   496  1.1 min
episode 112/1013  eps 0.363  train return  +11.64%  loss 4.16e-05  maxQ +0.0138  changes   475  1.1 min
episode 113/1013  eps 0.359  train return   +6.06%  loss 3.61e-05  maxQ +0.0128  changes   467  1.1 min
episode 114/1013  eps 0.356  train return  +15.47%  loss 3.55e-05  maxQ +0.0129  changes   457  1.1 min
episode 115/1013  eps 0.353  train return   +5.84%  loss 3.91e-05  maxQ +0.0129  changes   449  1.1 min
episode 116/1013  eps 0.349  train return   +3.38%  loss 3.86e-05  maxQ +0.0136  changes   452  1.1 min
episode 117/1013  eps 0.346  train return   +5.27%  loss 3.73e-05  maxQ +0.0136  changes   483  1.2 min
episode 118/1013  eps 0.343  train return  -10.84%  loss 3.97e-05  maxQ +0.0141  changes   486  1.2 min
episode 119/1013  eps 0.340  train return   -9.41%  loss 4.02e-05  maxQ +0.0140  changes   474  1.2 min
episode 120/1013  eps 0.337  train return   -2.65%  loss 4.03e-05  maxQ +0.0138  changes   447  1.2 min | val return -2.56% (best -2.56%)
episode 121/1013  eps 0.334  train return  +36.75%  loss 3.98e-05  maxQ +0.0142  changes   461  1.2 min
episode 122/1013  eps 0.331  train return   +4.27%  loss 3.88e-05  maxQ +0.0145  changes   464  1.2 min
episode 123/1013  eps 0.328  train return   -1.59%  loss 4.01e-05  maxQ +0.0137  changes   481  1.2 min
episode 124/1013  eps 0.325  train return  +43.84%  loss 3.85e-05  maxQ +0.0141  changes   425  1.2 min
episode 125/1013  eps 0.322  train return  -25.47%  loss 3.96e-05  maxQ +0.0148  changes   435  1.2 min
episode 126/1013  eps 0.319  train return  -20.66%  loss 3.91e-05  maxQ +0.0146  changes   477  1.2 min
episode 127/1013  eps 0.316  train return  +20.94%  loss 4.52e-05  maxQ +0.0143  changes   477  1.3 min
episode 128/1013  eps 0.313  train return   +2.63%  loss 4.33e-05  maxQ +0.0128  changes   426  1.3 min
episode 129/1013  eps 0.310  train return  +41.28%  loss 4.07e-05  maxQ +0.0124  changes   486  1.3 min
episode 130/1013  eps 0.308  train return  -15.91%  loss 3.79e-05  maxQ +0.0131  changes   418  1.3 min | val return -26.27% (best -2.56%)
episode 131/1013  eps 0.305  train return   +3.71%  loss 3.86e-05  maxQ +0.0111  changes   446  1.3 min
episode 132/1013  eps 0.302  train return  +16.45%  loss 3.69e-05  maxQ +0.0122  changes   475  1.3 min
episode 133/1013  eps 0.299  train return   -2.42%  loss 4.03e-05  maxQ +0.0111  changes   455  1.3 min
episode 134/1013  eps 0.296  train return   +3.54%  loss 4.03e-05  maxQ +0.0115  changes   490  1.3 min
episode 135/1013  eps 0.294  train return  -11.32%  loss 4.10e-05  maxQ +0.0129  changes   470  1.3 min
episode 136/1013  eps 0.291  train return   +2.53%  loss 4.09e-05  maxQ +0.0119  changes   411  1.4 min
episode 137/1013  eps 0.288  train return  +21.04%  loss 4.07e-05  maxQ +0.0121  changes   436  1.4 min
episode 138/1013  eps 0.286  train return  +26.88%  loss 3.53e-05  maxQ +0.0129  changes   450  1.4 min
episode 139/1013  eps 0.283  train return   +0.92%  loss 4.11e-05  maxQ +0.0120  changes   442  1.4 min
episode 140/1013  eps 0.281  train return  +34.04%  loss 3.99e-05  maxQ +0.0117  changes   469  1.4 min | val return +2.08% (best +2.08%)
episode 141/1013  eps 0.278  train return   -9.40%  loss 4.12e-05  maxQ +0.0114  changes   483  1.4 min
episode 142/1013  eps 0.276  train return   +1.36%  loss 4.11e-05  maxQ +0.0136  changes   476  1.4 min
episode 143/1013  eps 0.273  train return   +6.39%  loss 4.02e-05  maxQ +0.0119  changes   459  1.4 min
episode 144/1013  eps 0.271  train return  +51.08%  loss 4.25e-05  maxQ +0.0124  changes   484  1.4 min
episode 145/1013  eps 0.268  train return   +2.31%  loss 4.18e-05  maxQ +0.0124  changes   452  1.5 min
episode 146/1013  eps 0.266  train return  -10.24%  loss 4.15e-05  maxQ +0.0123  changes   408  1.5 min
episode 147/1013  eps 0.263  train return  +24.51%  loss 4.01e-05  maxQ +0.0127  changes   443  1.5 min
episode 148/1013  eps 0.261  train return  +24.19%  loss 3.90e-05  maxQ +0.0128  changes   476  1.5 min
episode 149/1013  eps 0.258  train return  +11.67%  loss 3.76e-05  maxQ +0.0141  changes   354  1.5 min
episode 150/1013  eps 0.256  train return   -7.65%  loss 3.93e-05  maxQ +0.0131  changes   366  1.5 min | val return -23.69% (best +2.08%)
episode 151/1013  eps 0.254  train return   +1.01%  loss 3.80e-05  maxQ +0.0130  changes   404  1.5 min
episode 152/1013  eps 0.251  train return   +0.12%  loss 3.71e-05  maxQ +0.0139  changes   475  1.5 min
episode 153/1013  eps 0.249  train return  -14.98%  loss 3.68e-05  maxQ +0.0133  changes   442  1.5 min
episode 154/1013  eps 0.247  train return  -11.59%  loss 3.71e-05  maxQ +0.0127  changes   436  1.5 min
episode 155/1013  eps 0.245  train return   +5.94%  loss 3.71e-05  maxQ +0.0116  changes   460  1.6 min
episode 156/1013  eps 0.242  train return  +42.68%  loss 3.59e-05  maxQ +0.0113  changes   460  1.6 min
episode 157/1013  eps 0.240  train return   -6.60%  loss 3.61e-05  maxQ +0.0117  changes   421  1.6 min
episode 158/1013  eps 0.238  train return  +11.80%  loss 3.81e-05  maxQ +0.0121  changes   434  1.6 min
episode 159/1013  eps 0.236  train return   -6.79%  loss 3.85e-05  maxQ +0.0119  changes   410  1.6 min
episode 160/1013  eps 0.234  train return  +46.67%  loss 3.85e-05  maxQ +0.0125  changes   448  1.6 min | val return -8.19% (best +2.08%)
episode 161/1013  eps 0.232  train return   +3.91%  loss 3.66e-05  maxQ +0.0119  changes   431  1.6 min
episode 162/1013  eps 0.230  train return   -8.25%  loss 3.83e-05  maxQ +0.0121  changes   483  1.6 min
episode 163/1013  eps 0.227  train return  +69.78%  loss 3.56e-05  maxQ +0.0110  changes   429  1.6 min
episode 164/1013  eps 0.225  train return  +43.87%  loss 3.51e-05  maxQ +0.0109  changes   451  1.7 min
episode 165/1013  eps 0.223  train return  +59.59%  loss 3.63e-05  maxQ +0.0113  changes   429  1.7 min
episode 166/1013  eps 0.221  train return  +15.26%  loss 3.56e-05  maxQ +0.0109  changes   372  1.7 min
episode 167/1013  eps 0.219  train return   +3.21%  loss 3.56e-05  maxQ +0.0106  changes   459  1.7 min
episode 168/1013  eps 0.217  train return  +74.85%  loss 4.03e-05  maxQ +0.0106  changes   471  1.7 min
episode 169/1013  eps 0.215  train return   -6.19%  loss 3.74e-05  maxQ +0.0114  changes   442  1.7 min
episode 170/1013  eps 0.213  train return   +9.15%  loss 3.88e-05  maxQ +0.0114  changes   422  1.7 min | val return -13.13% (best +2.08%)
episode 171/1013  eps 0.211  train return  +32.85%  loss 3.56e-05  maxQ +0.0111  changes   418  1.7 min
episode 172/1013  eps 0.209  train return   -0.99%  loss 3.76e-05  maxQ +0.0115  changes   364  1.7 min
episode 173/1013  eps 0.208  train return   +3.84%  loss 3.69e-05  maxQ +0.0113  changes   416  1.8 min
episode 174/1013  eps 0.206  train return  +49.98%  loss 3.73e-05  maxQ +0.0115  changes   464  1.8 min
episode 175/1013  eps 0.204  train return  +39.42%  loss 3.93e-05  maxQ +0.0111  changes   436  1.8 min
episode 176/1013  eps 0.202  train return  +32.57%  loss 3.88e-05  maxQ +0.0114  changes   400  1.8 min
episode 177/1013  eps 0.200  train return  +20.76%  loss 3.88e-05  maxQ +0.0115  changes   460  1.8 min
episode 178/1013  eps 0.198  train return  +14.05%  loss 3.92e-05  maxQ +0.0108  changes   400  1.8 min
episode 179/1013  eps 0.196  train return  +12.71%  loss 3.99e-05  maxQ +0.0122  changes   357  1.8 min
episode 180/1013  eps 0.195  train return   +7.51%  loss 3.99e-05  maxQ +0.0118  changes   443  1.8 min | val return -17.54% (best +2.08%)
episode 181/1013  eps 0.193  train return  +22.98%  loss 4.01e-05  maxQ +0.0114  changes   403  1.8 min
episode 182/1013  eps 0.191  train return  +30.13%  loss 4.07e-05  maxQ +0.0117  changes   425  1.8 min
episode 183/1013  eps 0.189  train return  +49.46%  loss 3.90e-05  maxQ +0.0119  changes   464  1.9 min
episode 184/1013  eps 0.188  train return  +12.20%  loss 4.34e-05  maxQ +0.0119  changes   350  1.9 min
episode 185/1013  eps 0.186  train return   +8.97%  loss 3.89e-05  maxQ +0.0111  changes   440  1.9 min
episode 186/1013  eps 0.184  train return   +0.91%  loss 3.64e-05  maxQ +0.0110  changes   416  1.9 min
episode 187/1013  eps 0.183  train return  -10.29%  loss 3.82e-05  maxQ +0.0110  changes   383  1.9 min
episode 188/1013  eps 0.181  train return  +19.48%  loss 3.61e-05  maxQ +0.0112  changes   376  1.9 min
episode 189/1013  eps 0.179  train return  -16.86%  loss 3.65e-05  maxQ +0.0108  changes   336  1.9 min
episode 190/1013  eps 0.178  train return   +1.83%  loss 3.71e-05  maxQ +0.0106  changes   412  1.9 min | val return -26.80% (best +2.08%)
episode 191/1013  eps 0.176  train return  +12.47%  loss 3.46e-05  maxQ +0.0106  changes   452  1.9 min
episode 192/1013  eps 0.174  train return   -5.71%  loss 3.83e-05  maxQ +0.0104  changes   384  2.0 min
episode 193/1013  eps 0.173  train return  +60.34%  loss 3.50e-05  maxQ +0.0108  changes   409  2.0 min
episode 194/1013  eps 0.171  train return  +76.64%  loss 3.48e-05  maxQ +0.0109  changes   460  2.0 min
episode 195/1013  eps 0.170  train return  +63.24%  loss 3.70e-05  maxQ +0.0106  changes   427  2.0 min
episode 196/1013  eps 0.168  train return  +21.76%  loss 3.71e-05  maxQ +0.0095  changes   436  2.0 min
episode 197/1013  eps 0.167  train return   +0.44%  loss 3.98e-05  maxQ +0.0111  changes   406  2.0 min
episode 198/1013  eps 0.165  train return  +69.53%  loss 3.88e-05  maxQ +0.0109  changes   437  2.0 min
episode 199/1013  eps 0.164  train return   +1.44%  loss 3.76e-05  maxQ +0.0119  changes   416  2.0 min
episode 200/1013  eps 0.162  train return  -13.27%  loss 3.70e-05  maxQ +0.0113  changes   425  2.0 min | val return -16.81% (best +2.08%)
episode 201/1013  eps 0.161  train return   +3.90%  loss 3.97e-05  maxQ +0.0120  changes   445  2.0 min
episode 202/1013  eps 0.159  train return  +25.71%  loss 3.78e-05  maxQ +0.0114  changes   439  2.1 min
episode 203/1013  eps 0.158  train return  -11.09%  loss 3.72e-05  maxQ +0.0115  changes   358  2.1 min
episode 204/1013  eps 0.156  train return   +6.06%  loss 3.78e-05  maxQ +0.0115  changes   401  2.1 min
episode 205/1013  eps 0.155  train return  -11.47%  loss 3.62e-05  maxQ +0.0107  changes   430  2.1 min
episode 206/1013  eps 0.154  train return  +45.00%  loss 3.79e-05  maxQ +0.0106  changes   416  2.1 min
episode 207/1013  eps 0.152  train return  +76.06%  loss 3.87e-05  maxQ +0.0108  changes   458  2.1 min
episode 208/1013  eps 0.151  train return  +12.71%  loss 3.98e-05  maxQ +0.0111  changes   418  2.1 min
episode 209/1013  eps 0.149  train return  +58.67%  loss 4.01e-05  maxQ +0.0113  changes   424  2.1 min
episode 210/1013  eps 0.148  train return  +28.78%  loss 3.81e-05  maxQ +0.0114  changes   418  2.1 min | val return -0.72% (best +2.08%)
episode 211/1013  eps 0.147  train return  +45.36%  loss 4.12e-05  maxQ +0.0112  changes   425  2.2 min
episode 212/1013  eps 0.145  train return   +8.71%  loss 4.08e-05  maxQ +0.0118  changes   434  2.2 min
episode 213/1013  eps 0.144  train return   +9.53%  loss 3.74e-05  maxQ +0.0115  changes   410  2.2 min
episode 214/1013  eps 0.143  train return   +6.77%  loss 3.99e-05  maxQ +0.0108  changes   401  2.2 min
episode 215/1013  eps 0.141  train return  +25.09%  loss 3.77e-05  maxQ +0.0110  changes   409  2.2 min
episode 216/1013  eps 0.140  train return  +46.98%  loss 3.79e-05  maxQ +0.0103  changes   426  2.2 min
episode 217/1013  eps 0.139  train return  +10.65%  loss 3.78e-05  maxQ +0.0108  changes   389  2.2 min
episode 218/1013  eps 0.138  train return  +56.77%  loss 4.00e-05  maxQ +0.0112  changes   466  2.2 min
episode 219/1013  eps 0.136  train return  +18.54%  loss 4.08e-05  maxQ +0.0114  changes   364  2.2 min
episode 220/1013  eps 0.135  train return  +53.30%  loss 3.94e-05  maxQ +0.0114  changes   449  2.3 min | val return +24.36% (best +24.36%)
episode 221/1013  eps 0.134  train return  -11.49%  loss 4.42e-05  maxQ +0.0117  changes   370  2.3 min
episode 222/1013  eps 0.133  train return  +47.33%  loss 4.33e-05  maxQ +0.0120  changes   326  2.3 min
episode 223/1013  eps 0.131  train return   -4.33%  loss 4.18e-05  maxQ +0.0117  changes   340  2.3 min
episode 224/1013  eps 0.130  train return  +76.18%  loss 4.29e-05  maxQ +0.0115  changes   409  2.3 min
episode 225/1013  eps 0.129  train return   +7.49%  loss 3.92e-05  maxQ +0.0120  changes   381  2.3 min
episode 226/1013  eps 0.128  train return  +22.04%  loss 3.84e-05  maxQ +0.0124  changes   369  2.3 min
episode 227/1013  eps 0.127  train return  +74.21%  loss 4.13e-05  maxQ +0.0122  changes   432  2.3 min
episode 228/1013  eps 0.126  train return  +30.65%  loss 4.10e-05  maxQ +0.0121  changes   343  2.3 min
episode 229/1013  eps 0.124  train return +107.28%  loss 4.12e-05  maxQ +0.0124  changes   449  2.4 min
episode 230/1013  eps 0.123  train return +106.79%  loss 4.09e-05  maxQ +0.0128  changes   432  2.4 min | val return +2.64% (best +24.36%)
episode 231/1013  eps 0.122  train return  +82.02%  loss 4.02e-05  maxQ +0.0121  changes   411  2.4 min
episode 232/1013  eps 0.121  train return  +47.24%  loss 4.08e-05  maxQ +0.0117  changes   387  2.4 min
episode 233/1013  eps 0.120  train return  +33.65%  loss 4.18e-05  maxQ +0.0120  changes   390  2.4 min
episode 234/1013  eps 0.119  train return   -6.95%  loss 4.07e-05  maxQ +0.0131  changes   314  2.4 min
episode 235/1013  eps 0.118  train return   +3.25%  loss 4.19e-05  maxQ +0.0129  changes   426  2.4 min
episode 236/1013  eps 0.117  train return   +0.86%  loss 3.76e-05  maxQ +0.0122  changes   390  2.4 min
episode 237/1013  eps 0.116  train return  +40.86%  loss 3.95e-05  maxQ +0.0126  changes   427  2.4 min
episode 238/1013  eps 0.115  train return  +27.42%  loss 3.85e-05  maxQ +0.0125  changes   380  2.4 min
episode 239/1013  eps 0.114  train return   +6.23%  loss 3.72e-05  maxQ +0.0118  changes   430  2.5 min
episode 240/1013  eps 0.112  train return  +18.60%  loss 4.45e-05  maxQ +0.0140  changes   388  2.5 min | val return -20.80% (best +24.36%)
episode 241/1013  eps 0.111  train return  +66.42%  loss 5.19e-05  maxQ +0.0134  changes   421  2.5 min
episode 242/1013  eps 0.110  train return  +27.89%  loss 4.88e-05  maxQ +0.0127  changes   430  2.5 min
episode 243/1013  eps 0.109  train return   -0.28%  loss 4.70e-05  maxQ +0.0135  changes   347  2.5 min
episode 244/1013  eps 0.108  train return   +1.02%  loss 4.51e-05  maxQ +0.0134  changes   437  2.5 min
episode 245/1013  eps 0.107  train return +113.33%  loss 4.86e-05  maxQ +0.0133  changes   443  2.5 min
episode 246/1013  eps 0.106  train return  +16.72%  loss 4.62e-05  maxQ +0.0129  changes   435  2.5 min
episode 247/1013  eps 0.106  train return   +4.44%  loss 4.36e-05  maxQ +0.0125  changes   372  2.5 min
episode 248/1013  eps 0.105  train return  +15.56%  loss 4.02e-05  maxQ +0.0126  changes   368  2.5 min
episode 249/1013  eps 0.104  train return   -4.62%  loss 4.18e-05  maxQ +0.0132  changes   343  2.6 min
episode 250/1013  eps 0.103  train return  +56.35%  loss 4.24e-05  maxQ +0.0125  changes   430  2.6 min | val return -8.87% (best +24.36%)
episode 251/1013  eps 0.102  train return  +24.91%  loss 3.92e-05  maxQ +0.0117  changes   396  2.6 min
episode 252/1013  eps 0.101  train return  +50.89%  loss 4.44e-05  maxQ +0.0118  changes   378  2.6 min
episode 253/1013  eps 0.100  train return  +58.79%  loss 4.25e-05  maxQ +0.0113  changes   431  2.6 min
episode 254/1013  eps 0.099  train return  +81.46%  loss 4.09e-05  maxQ +0.0110  changes   426  2.6 min
episode 255/1013  eps 0.098  train return  +84.50%  loss 4.09e-05  maxQ +0.0120  changes   425  2.6 min
episode 256/1013  eps 0.097  train return  +49.98%  loss 4.45e-05  maxQ +0.0126  changes   416  2.6 min
episode 257/1013  eps 0.096  train return   +4.86%  loss 4.51e-05  maxQ +0.0125  changes   373  2.6 min
episode 258/1013  eps 0.095  train return  +12.70%  loss 4.25e-05  maxQ +0.0135  changes   391  2.6 min
episode 259/1013  eps 0.095  train return  +52.50%  loss 4.10e-05  maxQ +0.0129  changes   401  2.7 min
episode 260/1013  eps 0.094  train return  +18.25%  loss 4.35e-05  maxQ +0.0122  changes   307  2.7 min | val return -21.77% (best +24.36%)
episode 261/1013  eps 0.093  train return  +36.84%  loss 4.52e-05  maxQ +0.0124  changes   366  2.7 min
episode 262/1013  eps 0.092  train return  +30.11%  loss 4.49e-05  maxQ +0.0132  changes   447  2.7 min
episode 263/1013  eps 0.091  train return   +2.94%  loss 4.78e-05  maxQ +0.0133  changes   392  2.7 min
episode 264/1013  eps 0.090  train return  +46.72%  loss 4.12e-05  maxQ +0.0132  changes   348  2.7 min
episode 265/1013  eps 0.090  train return  +47.65%  loss 4.19e-05  maxQ +0.0132  changes   371  2.7 min
episode 266/1013  eps 0.089  train return  +96.83%  loss 4.53e-05  maxQ +0.0121  changes   400  2.7 min
episode 267/1013  eps 0.088  train return  +34.79%  loss 4.49e-05  maxQ +0.0122  changes   382  2.7 min
episode 268/1013  eps 0.087  train return  -12.15%  loss 4.43e-05  maxQ +0.0125  changes   413  2.8 min
episode 269/1013  eps 0.086  train return  +77.38%  loss 4.38e-05  maxQ +0.0123  changes   413  2.8 min
episode 270/1013  eps 0.086  train return   +8.67%  loss 4.47e-05  maxQ +0.0130  changes   410  2.8 min | val return -10.85% (best +24.36%)
episode 271/1013  eps 0.085  train return  +47.47%  loss 4.37e-05  maxQ +0.0129  changes   399  2.8 min
episode 272/1013  eps 0.084  train return  +67.30%  loss 4.42e-05  maxQ +0.0129  changes   407  2.8 min
episode 273/1013  eps 0.083  train return  +23.47%  loss 4.35e-05  maxQ +0.0131  changes   404  2.8 min
episode 274/1013  eps 0.082  train return  +10.37%  loss 4.56e-05  maxQ +0.0135  changes   427  2.8 min
episode 275/1013  eps 0.082  train return   +9.16%  loss 4.98e-05  maxQ +0.0142  changes   336  2.8 min
episode 276/1013  eps 0.081  train return   +8.37%  loss 4.60e-05  maxQ +0.0133  changes   431  2.8 min
episode 277/1013  eps 0.080  train return  +55.09%  loss 4.23e-05  maxQ +0.0136  changes   402  2.9 min
episode 278/1013  eps 0.079  train return  +74.24%  loss 4.19e-05  maxQ +0.0131  changes   420  2.9 min
episode 279/1013  eps 0.079  train return  +19.18%  loss 4.03e-05  maxQ +0.0126  changes   391  2.9 min
episode 280/1013  eps 0.078  train return  +48.94%  loss 3.78e-05  maxQ +0.0122  changes   378  2.9 min | val return -1.55% (best +24.36%)
episode 281/1013  eps 0.077  train return  +13.69%  loss 3.88e-05  maxQ +0.0124  changes   349  2.9 min
episode 282/1013  eps 0.077  train return  +30.56%  loss 4.23e-05  maxQ +0.0122  changes   364  2.9 min
episode 283/1013  eps 0.076  train return  +20.06%  loss 4.05e-05  maxQ +0.0129  changes   383  2.9 min
episode 284/1013  eps 0.075  train return   +7.93%  loss 4.11e-05  maxQ +0.0125  changes   372  2.9 min
episode 285/1013  eps 0.075  train return   +3.19%  loss 4.24e-05  maxQ +0.0133  changes   334  2.9 min
episode 286/1013  eps 0.074  train return   +8.92%  loss 4.24e-05  maxQ +0.0127  changes   365  3.0 min
episode 287/1013  eps 0.073  train return  +86.33%  loss 4.22e-05  maxQ +0.0133  changes   431  3.0 min
episode 288/1013  eps 0.073  train return  +18.11%  loss 4.11e-05  maxQ +0.0127  changes   320  3.0 min
episode 289/1013  eps 0.072  train return  +17.33%  loss 4.33e-05  maxQ +0.0121  changes   372  3.0 min
episode 290/1013  eps 0.071  train return  +86.04%  loss 4.39e-05  maxQ +0.0117  changes   393  3.0 min | val return +0.05% (best +24.36%)
episode 291/1013  eps 0.071  train return  +34.54%  loss 4.00e-05  maxQ +0.0125  changes   374  3.0 min
episode 292/1013  eps 0.070  train return  +12.55%  loss 4.16e-05  maxQ +0.0127  changes   333  3.0 min
episode 293/1013  eps 0.069  train return  -12.07%  loss 3.81e-05  maxQ +0.0124  changes   363  3.0 min
episode 294/1013  eps 0.069  train return  +65.03%  loss 4.23e-05  maxQ +0.0131  changes   448  3.0 min
episode 295/1013  eps 0.068  train return  +67.66%  loss 4.06e-05  maxQ +0.0129  changes   392  3.1 min
episode 296/1013  eps 0.067  train return  +61.10%  loss 3.97e-05  maxQ +0.0130  changes   432  3.1 min
episode 297/1013  eps 0.067  train return   +6.16%  loss 4.47e-05  maxQ +0.0125  changes   367  3.1 min
episode 298/1013  eps 0.066  train return  +41.85%  loss 4.28e-05  maxQ +0.0126  changes   422  3.1 min
episode 299/1013  eps 0.066  train return  +17.17%  loss 3.63e-05  maxQ +0.0123  changes   399  3.1 min
episode 300/1013  eps 0.065  train return  +52.70%  loss 3.90e-05  maxQ +0.0124  changes   376  3.1 min | val return -14.97% (best +24.36%)
episode 301/1013  eps 0.064  train return  +10.24%  loss 4.04e-05  maxQ +0.0118  changes   405  3.1 min
episode 302/1013  eps 0.064  train return   -1.99%  loss 4.18e-05  maxQ +0.0133  changes   364  3.1 min
episode 303/1013  eps 0.063  train return  +59.03%  loss 4.01e-05  maxQ +0.0129  changes   419  3.1 min
episode 304/1013  eps 0.063  train return  +75.89%  loss 4.08e-05  maxQ +0.0130  changes   397  3.2 min
episode 305/1013  eps 0.062  train return  +33.92%  loss 4.07e-05  maxQ +0.0122  changes   390  3.2 min
episode 306/1013  eps 0.062  train return  +38.99%  loss 4.26e-05  maxQ +0.0130  changes   422  3.2 min
episode 307/1013  eps 0.061  train return  +21.28%  loss 4.12e-05  maxQ +0.0132  changes   344  3.2 min
episode 308/1013  eps 0.060  train return +109.23%  loss 4.00e-05  maxQ +0.0140  changes   399  3.2 min
episode 309/1013  eps 0.060  train return +124.06%  loss 4.02e-05  maxQ +0.0134  changes   416  3.2 min
episode 310/1013  eps 0.059  train return  +25.03%  loss 3.74e-05  maxQ +0.0135  changes   347  3.2 min | val return -29.65% (best +24.36%)
episode 311/1013  eps 0.059  train return  +25.62%  loss 3.82e-05  maxQ +0.0122  changes   348  3.2 min
episode 312/1013  eps 0.058  train return  +75.32%  loss 3.90e-05  maxQ +0.0124  changes   383  3.3 min
episode 313/1013  eps 0.058  train return  +23.99%  loss 3.76e-05  maxQ +0.0122  changes   343  3.3 min
episode 314/1013  eps 0.057  train return +166.26%  loss 4.12e-05  maxQ +0.0126  changes   437  3.3 min
episode 315/1013  eps 0.057  train return  +57.73%  loss 4.20e-05  maxQ +0.0127  changes   466  3.3 min
episode 316/1013  eps 0.056  train return +119.95%  loss 3.90e-05  maxQ +0.0129  changes   434  3.3 min
episode 317/1013  eps 0.056  train return  +39.05%  loss 3.91e-05  maxQ +0.0126  changes   367  3.3 min
episode 318/1013  eps 0.055  train return  +67.11%  loss 3.99e-05  maxQ +0.0135  changes   427  3.3 min
episode 319/1013  eps 0.055  train return  +51.70%  loss 3.99e-05  maxQ +0.0126  changes   419  3.3 min
episode 320/1013  eps 0.054  train return  +54.52%  loss 4.19e-05  maxQ +0.0137  changes   380  3.3 min | val return -16.74% (best +24.36%)
episode 321/1013  eps 0.054  train return  +11.44%  loss 4.08e-05  maxQ +0.0136  changes   362  3.3 min
episode 322/1013  eps 0.053  train return  +15.61%  loss 3.83e-05  maxQ +0.0130  changes   387  3.4 min
episode 323/1013  eps 0.053  train return +214.61%  loss 4.08e-05  maxQ +0.0132  changes   462  3.4 min
episode 324/1013  eps 0.052  train return  +36.09%  loss 3.76e-05  maxQ +0.0128  changes   369  3.4 min
episode 325/1013  eps 0.052  train return  +81.87%  loss 3.91e-05  maxQ +0.0127  changes   422  3.4 min
episode 326/1013  eps 0.051  train return +211.88%  loss 3.87e-05  maxQ +0.0128  changes   413  3.4 min
episode 327/1013  eps 0.051  train return +268.89%  loss 4.25e-05  maxQ +0.0143  changes   469  3.4 min
episode 328/1013  eps 0.050  train return  +28.76%  loss 4.23e-05  maxQ +0.0138  changes   447  3.4 min
episode 329/1013  eps 0.050  train return  +67.94%  loss 4.23e-05  maxQ +0.0140  changes   406  3.4 min
episode 330/1013  eps 0.049  train return  +84.13%  loss 4.58e-05  maxQ +0.0145  changes   418  3.4 min | val return -23.31% (best +24.36%)
episode 331/1013  eps 0.049  train return  +18.21%  loss 4.68e-05  maxQ +0.0142  changes   317  3.5 min
episode 332/1013  eps 0.049  train return  +75.86%  loss 4.02e-05  maxQ +0.0134  changes   463  3.5 min
episode 333/1013  eps 0.048  train return  +67.80%  loss 4.12e-05  maxQ +0.0135  changes   392  3.5 min
episode 334/1013  eps 0.048  train return  +53.24%  loss 4.16e-05  maxQ +0.0137  changes   411  3.5 min
episode 335/1013  eps 0.047  train return   +6.51%  loss 4.79e-05  maxQ +0.0146  changes   373  3.5 min
episode 336/1013  eps 0.047  train return  +32.20%  loss 4.53e-05  maxQ +0.0144  changes   338  3.5 min
episode 337/1013  eps 0.046  train return  +34.89%  loss 4.42e-05  maxQ +0.0146  changes   401  3.5 min
episode 338/1013  eps 0.046  train return  +60.86%  loss 4.86e-05  maxQ +0.0143  changes   432  3.5 min
episode 339/1013  eps 0.046  train return  +17.98%  loss 4.58e-05  maxQ +0.0143  changes   390  3.5 min
episode 340/1013  eps 0.045  train return  -10.69%  loss 4.59e-05  maxQ +0.0144  changes   341  3.5 min | val return -28.94% (best +24.36%)
episode 341/1013  eps 0.045  train return +107.80%  loss 4.53e-05  maxQ +0.0146  changes   442  3.6 min
episode 342/1013  eps 0.044  train return  +19.11%  loss 4.57e-05  maxQ +0.0143  changes   341  3.6 min
episode 343/1013  eps 0.044  train return  +59.73%  loss 4.54e-05  maxQ +0.0140  changes   356  3.6 min
episode 344/1013  eps 0.043  train return  +14.95%  loss 4.75e-05  maxQ +0.0143  changes   404  3.6 min
episode 345/1013  eps 0.043  train return  +84.85%  loss 4.69e-05  maxQ +0.0145  changes   392  3.6 min
episode 346/1013  eps 0.043  train return  +15.08%  loss 4.42e-05  maxQ +0.0146  changes   380  3.6 min
episode 347/1013  eps 0.042  train return   +8.74%  loss 4.26e-05  maxQ +0.0142  changes   317  3.6 min
episode 348/1013  eps 0.042  train return  +17.96%  loss 4.13e-05  maxQ +0.0134  changes   377  3.6 min
episode 349/1013  eps 0.042  train return  +87.11%  loss 4.10e-05  maxQ +0.0139  changes   453  3.7 min
episode 350/1013  eps 0.041  train return  +28.13%  loss 4.28e-05  maxQ +0.0128  changes   404  3.7 min | val return -19.48% (best +24.36%)
episode 351/1013  eps 0.041  train return  +26.54%  loss 4.57e-05  maxQ +0.0140  changes   325  3.7 min
episode 352/1013  eps 0.040  train return  +95.63%  loss 4.41e-05  maxQ +0.0139  changes   424  3.7 min
episode 353/1013  eps 0.040  train return  +11.98%  loss 4.38e-05  maxQ +0.0139  changes   348  3.7 min
episode 354/1013  eps 0.040  train return  +16.04%  loss 4.64e-05  maxQ +0.0146  changes   449  3.7 min
episode 355/1013  eps 0.039  train return  +70.27%  loss 4.85e-05  maxQ +0.0160  changes   386  3.7 min
episode 356/1013  eps 0.039  train return  +37.98%  loss 4.77e-05  maxQ +0.0155  changes   435  3.7 min
episode 357/1013  eps 0.039  train return  +59.92%  loss 4.65e-05  maxQ +0.0146  changes   405  3.7 min
episode 358/1013  eps 0.038  train return   +5.35%  loss 5.04e-05  maxQ +0.0152  changes   309  3.7 min
episode 359/1013  eps 0.038  train return  +32.64%  loss 4.65e-05  maxQ +0.0142  changes   362  3.8 min
episode 360/1013  eps 0.038  train return  +74.81%  loss 4.42e-05  maxQ +0.0135  changes   410  3.8 min | val return -9.03% (best +24.36%)
episode 361/1013  eps 0.037  train return +183.97%  loss 4.88e-05  maxQ +0.0147  changes   385  3.8 min
episode 362/1013  eps 0.037  train return +141.52%  loss 4.75e-05  maxQ +0.0143  changes   421  3.8 min
episode 363/1013  eps 0.037  train return  +31.33%  loss 4.51e-05  maxQ +0.0143  changes   390  3.8 min
episode 364/1013  eps 0.036  train return  +27.09%  loss 5.29e-05  maxQ +0.0150  changes   337  3.8 min
episode 365/1013  eps 0.036  train return   +5.78%  loss 4.95e-05  maxQ +0.0145  changes   391  3.8 min
episode 366/1013  eps 0.036  train return  +19.38%  loss 4.66e-05  maxQ +0.0135  changes   364  3.8 min
episode 367/1013  eps 0.035  train return  +96.03%  loss 5.20e-05  maxQ +0.0132  changes   448  3.8 min
episode 368/1013  eps 0.035  train return  +35.64%  loss 4.31e-05  maxQ +0.0126  changes   351  3.9 min
episode 369/1013  eps 0.035  train return +152.49%  loss 4.39e-05  maxQ +0.0137  changes   415  3.9 min
episode 370/1013  eps 0.034  train return  +67.84%  loss 4.69e-05  maxQ +0.0137  changes   384  3.9 min | val return -12.33% (best +24.36%)
episode 371/1013  eps 0.034  train return   +7.11%  loss 4.88e-05  maxQ +0.0140  changes   341  3.9 min
episode 372/1013  eps 0.034  train return  +25.30%  loss 4.97e-05  maxQ +0.0146  changes   388  3.9 min
episode 373/1013  eps 0.033  train return +350.61%  loss 5.18e-05  maxQ +0.0133  changes   419  3.9 min
episode 374/1013  eps 0.033  train return  +32.52%  loss 5.30e-05  maxQ +0.0138  changes   422  3.9 min
episode 375/1013  eps 0.033  train return  +43.97%  loss 4.93e-05  maxQ +0.0136  changes   365  3.9 min
episode 376/1013  eps 0.032  train return  +87.21%  loss 5.36e-05  maxQ +0.0139  changes   426  3.9 min
episode 377/1013  eps 0.032  train return   +7.65%  loss 4.94e-05  maxQ +0.0141  changes   378  4.0 min
episode 378/1013  eps 0.032  train return  +13.45%  loss 5.21e-05  maxQ +0.0136  changes   293  4.0 min
episode 379/1013  eps 0.032  train return +154.42%  loss 4.92e-05  maxQ +0.0148  changes   424  4.0 min
episode 380/1013  eps 0.031  train return  +23.48%  loss 4.92e-05  maxQ +0.0141  changes   360  4.0 min | val return -14.47% (best +24.36%)
episode 381/1013  eps 0.031  train return +130.41%  loss 5.63e-05  maxQ +0.0151  changes   411  4.0 min
episode 382/1013  eps 0.031  train return  +22.96%  loss 5.28e-05  maxQ +0.0149  changes   341  4.0 min
episode 383/1013  eps 0.030  train return +134.20%  loss 5.79e-05  maxQ +0.0150  changes   424  4.0 min
episode 384/1013  eps 0.030  train return  +24.67%  loss 5.34e-05  maxQ +0.0149  changes   426  4.0 min
episode 385/1013  eps 0.030  train return  +89.89%  loss 5.12e-05  maxQ +0.0145  changes   380  4.0 min
episode 386/1013  eps 0.030  train return  +34.89%  loss 4.83e-05  maxQ +0.0143  changes   390  4.1 min
episode 387/1013  eps 0.029  train return  +23.16%  loss 5.29e-05  maxQ +0.0146  changes   387  4.1 min
episode 388/1013  eps 0.029  train return  +32.82%  loss 5.05e-05  maxQ +0.0141  changes   408  4.1 min
episode 389/1013  eps 0.029  train return  +13.83%  loss 4.99e-05  maxQ +0.0139  changes   426  4.1 min
episode 390/1013  eps 0.029  train return +156.16%  loss 4.99e-05  maxQ +0.0139  changes   417  4.1 min | val return -13.26% (best +24.36%)
episode 391/1013  eps 0.028  train return  +34.13%  loss 5.11e-05  maxQ +0.0139  changes   352  4.1 min
episode 392/1013  eps 0.028  train return  +48.96%  loss 5.25e-05  maxQ +0.0142  changes   427  4.1 min
episode 393/1013  eps 0.028  train return  +44.47%  loss 5.22e-05  maxQ +0.0149  changes   383  4.1 min
episode 394/1013  eps 0.028  train return   +6.72%  loss 4.98e-05  maxQ +0.0143  changes   352  4.2 min
episode 395/1013  eps 0.027  train return  +38.28%  loss 4.78e-05  maxQ +0.0144  changes   403  4.2 min
episode 396/1013  eps 0.027  train return +215.52%  loss 5.16e-05  maxQ +0.0148  changes   391  4.2 min
episode 397/1013  eps 0.027  train return  +68.43%  loss 4.73e-05  maxQ +0.0142  changes   410  4.2 min
episode 398/1013  eps 0.027  train return   -5.87%  loss 5.10e-05  maxQ +0.0146  changes   421  4.2 min
episode 399/1013  eps 0.026  train return  +52.89%  loss 4.86e-05  maxQ +0.0144  changes   342  4.2 min
episode 400/1013  eps 0.026  train return +237.08%  loss 4.81e-05  maxQ +0.0136  changes   433  4.2 min | val return -15.95% (best +24.36%)
episode 401/1013  eps 0.026  train return   +4.43%  loss 4.52e-05  maxQ +0.0137  changes   273  4.2 min
episode 402/1013  eps 0.026  train return  +70.99%  loss 5.06e-05  maxQ +0.0129  changes   368  4.2 min
episode 403/1013  eps 0.025  train return  +84.05%  loss 5.48e-05  maxQ +0.0129  changes   396  4.3 min
episode 404/1013  eps 0.025  train return  +16.26%  loss 5.03e-05  maxQ +0.0137  changes   320  4.3 min
episode 405/1013  eps 0.025  train return  +40.15%  loss 5.05e-05  maxQ +0.0131  changes   380  4.3 min
episode 406/1013  eps 0.025  train return  +51.14%  loss 4.67e-05  maxQ +0.0126  changes   396  4.3 min
episode 407/1013  eps 0.024  train return +125.95%  loss 4.41e-05  maxQ +0.0129  changes   433  4.3 min
episode 408/1013  eps 0.024  train return +108.39%  loss 4.12e-05  maxQ +0.0127  changes   399  4.3 min
episode 409/1013  eps 0.024  train return  +38.52%  loss 4.19e-05  maxQ +0.0128  changes   297  4.3 min
episode 410/1013  eps 0.024  train return  +63.90%  loss 4.40e-05  maxQ +0.0130  changes   353  4.3 min | val return -14.31% (best +24.36%)
episode 411/1013  eps 0.024  train return  +17.39%  loss 4.17e-05  maxQ +0.0132  changes   368  4.3 min
episode 412/1013  eps 0.023  train return  +41.57%  loss 4.32e-05  maxQ +0.0125  changes   337  4.4 min
episode 413/1013  eps 0.023  train return +151.81%  loss 4.24e-05  maxQ +0.0126  changes   398  4.4 min
episode 414/1013  eps 0.023  train return +128.41%  loss 4.21e-05  maxQ +0.0128  changes   447  4.4 min
episode 415/1013  eps 0.023  train return  +16.78%  loss 4.67e-05  maxQ +0.0131  changes   372  4.4 min
episode 416/1013  eps 0.023  train return +133.95%  loss 4.73e-05  maxQ +0.0130  changes   462  4.4 min
episode 417/1013  eps 0.022  train return  +28.01%  loss 4.58e-05  maxQ +0.0134  changes   371  4.4 min
episode 418/1013  eps 0.022  train return  +29.03%  loss 5.15e-05  maxQ +0.0133  changes   349  4.4 min
episode 419/1013  eps 0.022  train return +131.01%  loss 5.01e-05  maxQ +0.0136  changes   404  4.4 min
episode 420/1013  eps 0.022  train return  +55.25%  loss 4.69e-05  maxQ +0.0135  changes   361  4.4 min | val return -26.02% (best +24.36%)
episode 421/1013  eps 0.022  train return  +24.28%  loss 4.63e-05  maxQ +0.0134  changes   385  4.5 min
episode 422/1013  eps 0.021  train return  +14.38%  loss 4.57e-05  maxQ +0.0135  changes   323  4.5 min
episode 423/1013  eps 0.021  train return +124.76%  loss 4.64e-05  maxQ +0.0136  changes   475  4.5 min
episode 424/1013  eps 0.021  train return  +48.27%  loss 4.50e-05  maxQ +0.0139  changes   383  4.5 min
episode 425/1013  eps 0.021  train return  +52.61%  loss 4.53e-05  maxQ +0.0139  changes   466  4.5 min
episode 426/1013  eps 0.021  train return   +5.97%  loss 5.52e-05  maxQ +0.0140  changes   325  4.5 min
episode 427/1013  eps 0.020  train return  +64.30%  loss 4.64e-05  maxQ +0.0143  changes   344  4.5 min
episode 428/1013  eps 0.020  train return  +10.44%  loss 4.51e-05  maxQ +0.0136  changes   329  4.5 min
episode 429/1013  eps 0.020  train return  +19.80%  loss 4.49e-05  maxQ +0.0134  changes   314  4.5 min
episode 430/1013  eps 0.020  train return  +20.38%  loss 4.35e-05  maxQ +0.0134  changes   380  4.5 min | val return -5.05% (best +24.36%)
episode 431/1013  eps 0.020  train return  +35.90%  loss 4.29e-05  maxQ +0.0131  changes   347  4.6 min
episode 432/1013  eps 0.019  train return  +60.91%  loss 4.10e-05  maxQ +0.0136  changes   338  4.6 min
episode 433/1013  eps 0.019  train return +154.88%  loss 4.04e-05  maxQ +0.0124  changes   427  4.6 min
episode 434/1013  eps 0.019  train return  +37.54%  loss 4.42e-05  maxQ +0.0129  changes   341  4.6 min
episode 435/1013  eps 0.019  train return  +35.26%  loss 4.41e-05  maxQ +0.0133  changes   389  4.6 min
episode 436/1013  eps 0.019  train return  +16.57%  loss 4.45e-05  maxQ +0.0136  changes   350  4.6 min
episode 437/1013  eps 0.019  train return  +64.35%  loss 4.68e-05  maxQ +0.0139  changes   383  4.6 min
episode 438/1013  eps 0.018  train return  +38.13%  loss 4.55e-05  maxQ +0.0140  changes   352  4.6 min
episode 439/1013  eps 0.018  train return  +80.89%  loss 4.50e-05  maxQ +0.0139  changes   444  4.6 min
episode 440/1013  eps 0.018  train return +108.80%  loss 4.83e-05  maxQ +0.0145  changes   378  4.7 min | val return -14.24% (best +24.36%)
episode 441/1013  eps 0.018  train return  +49.71%  loss 4.98e-05  maxQ +0.0149  changes   397  4.7 min
episode 442/1013  eps 0.018  train return +136.32%  loss 4.75e-05  maxQ +0.0147  changes   395  4.7 min
episode 443/1013  eps 0.018  train return  +30.38%  loss 4.53e-05  maxQ +0.0142  changes   327  4.7 min
episode 444/1013  eps 0.017  train return  +46.15%  loss 4.26e-05  maxQ +0.0142  changes   395  4.7 min
episode 445/1013  eps 0.017  train return  +22.65%  loss 4.75e-05  maxQ +0.0152  changes   338  4.7 min
episode 446/1013  eps 0.017  train return  +73.00%  loss 4.17e-05  maxQ +0.0140  changes   403  4.7 min
episode 447/1013  eps 0.017  train return  +43.45%  loss 4.42e-05  maxQ +0.0134  changes   410  4.7 min
episode 448/1013  eps 0.017  train return  +40.37%  loss 4.32e-05  maxQ +0.0141  changes   367  4.8 min
episode 449/1013  eps 0.017  train return +105.99%  loss 4.10e-05  maxQ +0.0143  changes   374  4.8 min
episode 450/1013  eps 0.016  train return  +54.43%  loss 4.53e-05  maxQ +0.0149  changes   372  4.8 min | val return -6.63% (best +24.36%)
episode 451/1013  eps 0.016  train return  +33.79%  loss 4.25e-05  maxQ +0.0140  changes   401  4.8 min
episode 452/1013  eps 0.016  train return  +44.35%  loss 4.06e-05  maxQ +0.0138  changes   369  4.8 min
episode 453/1013  eps 0.016  train return  +43.13%  loss 3.85e-05  maxQ +0.0138  changes   327  4.8 min
episode 454/1013  eps 0.016  train return +206.44%  loss 3.66e-05  maxQ +0.0130  changes   417  4.8 min
episode 455/1013  eps 0.016  train return +157.98%  loss 3.88e-05  maxQ +0.0134  changes   419  4.8 min
episode 456/1013  eps 0.016  train return +112.16%  loss 4.23e-05  maxQ +0.0137  changes   458  4.8 min
episode 457/1013  eps 0.015  train return   -0.98%  loss 3.76e-05  maxQ +0.0135  changes   292  4.9 min
episode 458/1013  eps 0.015  train return +174.85%  loss 3.95e-05  maxQ +0.0142  changes   383  4.9 min
episode 459/1013  eps 0.015  train return +159.98%  loss 4.28e-05  maxQ +0.0143  changes   400  4.9 min
episode 460/1013  eps 0.015  train return   +4.67%  loss 4.50e-05  maxQ +0.0145  changes   307  4.9 min | val return -10.31% (best +24.36%)
episode 461/1013  eps 0.015  train return +136.76%  loss 4.31e-05  maxQ +0.0136  changes   411  4.9 min
episode 462/1013  eps 0.015  train return   +5.69%  loss 4.23e-05  maxQ +0.0137  changes   405  4.9 min
episode 463/1013  eps 0.015  train return  +98.74%  loss 3.98e-05  maxQ +0.0133  changes   451  4.9 min
episode 464/1013  eps 0.015  train return +136.57%  loss 4.21e-05  maxQ +0.0144  changes   442  4.9 min
episode 465/1013  eps 0.014  train return +122.13%  loss 4.09e-05  maxQ +0.0139  changes   449  5.0 min
episode 466/1013  eps 0.014  train return  +18.53%  loss 4.20e-05  maxQ +0.0144  changes   329  5.0 min
episode 467/1013  eps 0.014  train return  +50.41%  loss 4.03e-05  maxQ +0.0135  changes   391  5.0 min
episode 468/1013  eps 0.014  train return +123.36%  loss 4.33e-05  maxQ +0.0130  changes   379  5.0 min
episode 469/1013  eps 0.014  train return  +34.76%  loss 4.34e-05  maxQ +0.0133  changes   369  5.0 min
episode 470/1013  eps 0.014  train return  +25.56%  loss 4.52e-05  maxQ +0.0140  changes   379  5.0 min | val return +3.26% (best +24.36%)
episode 471/1013  eps 0.014  train return +103.11%  loss 4.27e-05  maxQ +0.0139  changes   417  5.0 min
episode 472/1013  eps 0.013  train return  +18.22%  loss 4.18e-05  maxQ +0.0144  changes   356  5.0 min
episode 473/1013  eps 0.013  train return +177.54%  loss 4.50e-05  maxQ +0.0152  changes   446  5.0 min
episode 474/1013  eps 0.013  train return   +4.42%  loss 4.37e-05  maxQ +0.0150  changes   317  5.1 min
episode 475/1013  eps 0.013  train return   +9.45%  loss 4.12e-05  maxQ +0.0155  changes   382  5.1 min
episode 476/1013  eps 0.013  train return  +50.52%  loss 3.88e-05  maxQ +0.0144  changes   407  5.1 min
episode 477/1013  eps 0.013  train return  +38.96%  loss 4.01e-05  maxQ +0.0145  changes   347  5.1 min
episode 478/1013  eps 0.013  train return +193.64%  loss 3.95e-05  maxQ +0.0142  changes   431  5.1 min
episode 479/1013  eps 0.013  train return +111.30%  loss 4.06e-05  maxQ +0.0138  changes   463  5.1 min
episode 480/1013  eps 0.013  train return +191.49%  loss 4.24e-05  maxQ +0.0139  changes   430  5.1 min | val return -7.27% (best +24.36%)
episode 481/1013  eps 0.012  train return  +47.90%  loss 4.18e-05  maxQ +0.0139  changes   374  5.1 min
episode 482/1013  eps 0.012  train return  +23.64%  loss 4.27e-05  maxQ +0.0141  changes   327  5.2 min
episode 483/1013  eps 0.012  train return +221.81%  loss 3.90e-05  maxQ +0.0134  changes   464  5.2 min
episode 484/1013  eps 0.012  train return  +66.27%  loss 4.08e-05  maxQ +0.0132  changes   395  5.2 min
episode 485/1013  eps 0.012  train return  +41.21%  loss 4.17e-05  maxQ +0.0135  changes   354  5.2 min
episode 486/1013  eps 0.012  train return +134.98%  loss 4.15e-05  maxQ +0.0132  changes   438  5.2 min
episode 487/1013  eps 0.012  train return   +7.79%  loss 3.81e-05  maxQ +0.0136  changes   324  5.2 min
episode 488/1013  eps 0.012  train return +147.73%  loss 3.78e-05  maxQ +0.0138  changes   382  5.2 min
episode 489/1013  eps 0.012  train return +100.41%  loss 3.83e-05  maxQ +0.0129  changes   386  5.2 min
episode 490/1013  eps 0.011  train return   +4.70%  loss 3.97e-05  maxQ +0.0132  changes   313  5.2 min | val return -10.39% (best +24.36%)
episode 491/1013  eps 0.011  train return  +36.57%  loss 4.22e-05  maxQ +0.0140  changes   348  5.3 min
episode 492/1013  eps 0.011  train return +256.67%  loss 4.02e-05  maxQ +0.0137  changes   403  5.3 min
episode 493/1013  eps 0.011  train return  +83.03%  loss 3.80e-05  maxQ +0.0136  changes   430  5.3 min
episode 494/1013  eps 0.011  train return  +43.66%  loss 4.00e-05  maxQ +0.0135  changes   381  5.3 min
episode 495/1013  eps 0.011  train return  +68.80%  loss 4.04e-05  maxQ +0.0125  changes   408  5.3 min
episode 496/1013  eps 0.011  train return  +83.09%  loss 3.88e-05  maxQ +0.0128  changes   393  5.3 min
episode 497/1013  eps 0.011  train return +141.21%  loss 3.91e-05  maxQ +0.0126  changes   403  5.3 min
episode 498/1013  eps 0.011  train return  +35.29%  loss 3.96e-05  maxQ +0.0136  changes   363  5.3 min
episode 499/1013  eps 0.011  train return +177.23%  loss 4.22e-05  maxQ +0.0137  changes   412  5.3 min
episode 500/1013  eps 0.010  train return +191.86%  loss 4.33e-05  maxQ +0.0139  changes   418  5.4 min | val return -13.68% (best +24.36%)
episode 501/1013  eps 0.010  train return +257.37%  loss 4.51e-05  maxQ +0.0143  changes   420  5.4 min
episode 502/1013  eps 0.010  train return +233.38%  loss 4.81e-05  maxQ +0.0140  changes   426  5.4 min
episode 503/1013  eps 0.010  train return  +83.40%  loss 4.23e-05  maxQ +0.0143  changes   389  5.4 min
episode 504/1013  eps 0.010  train return  +73.13%  loss 4.63e-05  maxQ +0.0152  changes   445  5.4 min
episode 505/1013  eps 0.010  train return +257.92%  loss 4.59e-05  maxQ +0.0149  changes   374  5.4 min
episode 506/1013  eps 0.010  train return  +24.64%  loss 4.41e-05  maxQ +0.0149  changes   304  5.4 min
episode 507/1013  eps 0.010  train return   +7.36%  loss 4.44e-05  maxQ +0.0145  changes   366  5.4 min
episode 508/1013  eps 0.010  train return  +69.35%  loss 4.40e-05  maxQ +0.0139  changes   405  5.5 min
episode 509/1013  eps 0.010  train return +100.64%  loss 4.32e-05  maxQ +0.0143  changes   387  5.5 min
episode 510/1013  eps 0.010  train return +245.23%  loss 4.52e-05  maxQ +0.0146  changes   409  5.5 min | val return +14.91% (best +24.36%)
episode 511/1013  eps 0.010  train return   -0.55%  loss 4.29e-05  maxQ +0.0143  changes   317  5.5 min
episode 512/1013  eps 0.010  train return +172.92%  loss 4.14e-05  maxQ +0.0138  changes   424  5.5 min
episode 513/1013  eps 0.010  train return   +0.36%  loss 4.39e-05  maxQ +0.0143  changes   315  5.5 min
episode 514/1013  eps 0.010  train return   -6.79%  loss 4.31e-05  maxQ +0.0135  changes   388  5.5 min
episode 515/1013  eps 0.010  train return   -8.42%  loss 4.23e-05  maxQ +0.0142  changes   304  5.5 min
episode 516/1013  eps 0.010  train return  +32.90%  loss 4.06e-05  maxQ +0.0138  changes   435  5.5 min
episode 517/1013  eps 0.010  train return  +21.58%  loss 4.18e-05  maxQ +0.0144  changes   409  5.6 min
episode 518/1013  eps 0.010  train return  +13.53%  loss 4.34e-05  maxQ +0.0144  changes   318  5.6 min
episode 519/1013  eps 0.010  train return  +51.72%  loss 4.20e-05  maxQ +0.0140  changes   389  5.6 min
episode 520/1013  eps 0.010  train return  +37.70%  loss 4.39e-05  maxQ +0.0147  changes   356  5.6 min | val return -8.84% (best +24.36%)
episode 521/1013  eps 0.010  train return  +36.59%  loss 4.22e-05  maxQ +0.0145  changes   376  5.6 min
episode 522/1013  eps 0.010  train return  +57.36%  loss 4.48e-05  maxQ +0.0144  changes   407  5.6 min
episode 523/1013  eps 0.010  train return +107.63%  loss 4.19e-05  maxQ +0.0143  changes   408  5.6 min
episode 524/1013  eps 0.010  train return +161.76%  loss 4.90e-05  maxQ +0.0151  changes   433  5.6 min
episode 525/1013  eps 0.010  train return  +56.79%  loss 4.36e-05  maxQ +0.0148  changes   401  5.6 min
episode 526/1013  eps 0.010  train return  +69.79%  loss 4.10e-05  maxQ +0.0140  changes   391  5.7 min
episode 527/1013  eps 0.010  train return  +48.03%  loss 4.15e-05  maxQ +0.0143  changes   421  5.7 min
episode 528/1013  eps 0.010  train return  +17.84%  loss 4.11e-05  maxQ +0.0142  changes   343  5.7 min
episode 529/1013  eps 0.010  train return  +95.78%  loss 4.26e-05  maxQ +0.0140  changes   378  5.7 min
episode 530/1013  eps 0.010  train return +135.85%  loss 4.29e-05  maxQ +0.0142  changes   414  5.7 min | val return +9.57% (best +24.36%)
episode 531/1013  eps 0.010  train return   +1.58%  loss 4.65e-05  maxQ +0.0144  changes   330  5.7 min
episode 532/1013  eps 0.010  train return   +4.58%  loss 4.31e-05  maxQ +0.0142  changes   287  5.7 min
episode 533/1013  eps 0.010  train return  +40.88%  loss 4.28e-05  maxQ +0.0146  changes   338  5.7 min
episode 534/1013  eps 0.010  train return  +37.93%  loss 4.31e-05  maxQ +0.0146  changes   393  5.8 min
episode 535/1013  eps 0.010  train return  +56.36%  loss 3.94e-05  maxQ +0.0134  changes   402  5.8 min
episode 536/1013  eps 0.010  train return  +20.98%  loss 3.79e-05  maxQ +0.0132  changes   304  5.8 min
episode 537/1013  eps 0.010  train return  +39.42%  loss 3.86e-05  maxQ +0.0138  changes   379  5.8 min
episode 538/1013  eps 0.010  train return  +30.25%  loss 4.11e-05  maxQ +0.0137  changes   440  5.8 min
episode 539/1013  eps 0.010  train return +283.29%  loss 3.87e-05  maxQ +0.0135  changes   441  5.8 min
episode 540/1013  eps 0.010  train return  +94.47%  loss 4.03e-05  maxQ +0.0136  changes   401  5.8 min | val return -13.86% (best +24.36%)
episode 541/1013  eps 0.010  train return  +27.38%  loss 4.16e-05  maxQ +0.0137  changes   355  5.8 min
episode 542/1013  eps 0.010  train return  +84.59%  loss 4.19e-05  maxQ +0.0138  changes   424  5.8 min
episode 543/1013  eps 0.010  train return  +67.52%  loss 3.82e-05  maxQ +0.0139  changes   407  5.9 min
episode 544/1013  eps 0.010  train return  +27.39%  loss 4.14e-05  maxQ +0.0143  changes   412  5.9 min
episode 545/1013  eps 0.010  train return  +39.62%  loss 4.04e-05  maxQ +0.0135  changes   365  5.9 min
episode 546/1013  eps 0.010  train return  +39.43%  loss 4.15e-05  maxQ +0.0137  changes   350  5.9 min
episode 547/1013  eps 0.010  train return  +45.20%  loss 3.96e-05  maxQ +0.0141  changes   412  5.9 min
episode 548/1013  eps 0.010  train return  +17.34%  loss 3.86e-05  maxQ +0.0137  changes   385  5.9 min
episode 549/1013  eps 0.010  train return +186.68%  loss 3.78e-05  maxQ +0.0138  changes   406  5.9 min
episode 550/1013  eps 0.010  train return  +35.90%  loss 3.71e-05  maxQ +0.0135  changes   377  5.9 min | val return -2.46% (best +24.36%)
episode 551/1013  eps 0.010  train return +188.22%  loss 4.05e-05  maxQ +0.0136  changes   405  6.0 min
episode 552/1013  eps 0.010  train return  +37.65%  loss 4.15e-05  maxQ +0.0139  changes   415  6.0 min
episode 553/1013  eps 0.010  train return  +14.23%  loss 3.90e-05  maxQ +0.0134  changes   314  6.0 min
episode 554/1013  eps 0.010  train return  +12.04%  loss 3.89e-05  maxQ +0.0129  changes   357  6.0 min
episode 555/1013  eps 0.010  train return +112.82%  loss 3.58e-05  maxQ +0.0127  changes   426  6.0 min
episode 556/1013  eps 0.010  train return  +80.57%  loss 3.88e-05  maxQ +0.0132  changes   388  6.0 min
episode 557/1013  eps 0.010  train return  +31.28%  loss 3.51e-05  maxQ +0.0129  changes   319  6.0 min
episode 558/1013  eps 0.010  train return   +9.84%  loss 3.50e-05  maxQ +0.0126  changes   388  6.0 min
episode 559/1013  eps 0.010  train return +118.44%  loss 3.73e-05  maxQ +0.0129  changes   377  6.0 min
episode 560/1013  eps 0.010  train return +118.48%  loss 3.80e-05  maxQ +0.0133  changes   440  6.0 min | val return -3.66% (best +24.36%)
episode 561/1013  eps 0.010  train return  +53.03%  loss 3.98e-05  maxQ +0.0137  changes   354  6.1 min
episode 562/1013  eps 0.010  train return +365.35%  loss 3.82e-05  maxQ +0.0134  changes   422  6.1 min
episode 563/1013  eps 0.010  train return +112.73%  loss 3.49e-05  maxQ +0.0131  changes   418  6.1 min
episode 564/1013  eps 0.010  train return  +58.89%  loss 3.73e-05  maxQ +0.0127  changes   362  6.1 min
episode 565/1013  eps 0.010  train return  +29.34%  loss 3.72e-05  maxQ +0.0127  changes   394  6.1 min
episode 566/1013  eps 0.010  train return  +44.98%  loss 3.79e-05  maxQ +0.0124  changes   398  6.1 min
episode 567/1013  eps 0.010  train return  +63.85%  loss 4.06e-05  maxQ +0.0132  changes   412  6.1 min
episode 568/1013  eps 0.010  train return +160.78%  loss 3.98e-05  maxQ +0.0122  changes   390  6.1 min
episode 569/1013  eps 0.010  train return +151.61%  loss 3.61e-05  maxQ +0.0124  changes   422  6.2 min
episode 570/1013  eps 0.010  train return  +66.10%  loss 3.35e-05  maxQ +0.0122  changes   379  6.2 min | val return -6.68% (best +24.36%)
episode 571/1013  eps 0.010  train return  +24.97%  loss 3.52e-05  maxQ +0.0117  changes   320  6.2 min
episode 572/1013  eps 0.010  train return  +63.59%  loss 3.52e-05  maxQ +0.0118  changes   383  6.2 min
episode 573/1013  eps 0.010  train return  +31.29%  loss 3.24e-05  maxQ +0.0119  changes   362  6.2 min
episode 574/1013  eps 0.010  train return +117.00%  loss 3.38e-05  maxQ +0.0127  changes   390  6.2 min
episode 575/1013  eps 0.010  train return  +71.83%  loss 3.34e-05  maxQ +0.0121  changes   357  6.2 min
episode 576/1013  eps 0.010  train return  +27.67%  loss 3.50e-05  maxQ +0.0121  changes   399  6.2 min
episode 577/1013  eps 0.010  train return  +40.96%  loss 3.44e-05  maxQ +0.0118  changes   379  6.3 min
episode 578/1013  eps 0.010  train return  +19.47%  loss 3.43e-05  maxQ +0.0120  changes   342  6.3 min
episode 579/1013  eps 0.010  train return +255.56%  loss 3.32e-05  maxQ +0.0119  changes   399  6.3 min
episode 580/1013  eps 0.010  train return  +25.40%  loss 3.44e-05  maxQ +0.0116  changes   403  6.3 min | val return -15.52% (best +24.36%)
episode 581/1013  eps 0.010  train return  +14.48%  loss 3.37e-05  maxQ +0.0120  changes   346  6.3 min
episode 582/1013  eps 0.010  train return +117.64%  loss 3.33e-05  maxQ +0.0121  changes   400  6.3 min
episode 583/1013  eps 0.010  train return  +63.83%  loss 3.46e-05  maxQ +0.0121  changes   372  6.3 min
episode 584/1013  eps 0.010  train return  +69.98%  loss 3.35e-05  maxQ +0.0125  changes   369  6.3 min
episode 585/1013  eps 0.010  train return  +65.19%  loss 3.53e-05  maxQ +0.0128  changes   369  6.3 min
episode 586/1013  eps 0.010  train return +191.72%  loss 3.64e-05  maxQ +0.0125  changes   404  6.4 min
episode 587/1013  eps 0.010  train return +222.10%  loss 3.48e-05  maxQ +0.0132  changes   411  6.4 min
episode 588/1013  eps 0.010  train return +131.16%  loss 3.56e-05  maxQ +0.0130  changes   433  6.4 min
episode 589/1013  eps 0.010  train return   +2.91%  loss 3.60e-05  maxQ +0.0130  changes   297  6.4 min
episode 590/1013  eps 0.010  train return +106.47%  loss 3.70e-05  maxQ +0.0136  changes   441  6.4 min | val return -1.91% (best +24.36%)
episode 591/1013  eps 0.010  train return +140.96%  loss 3.51e-05  maxQ +0.0136  changes   429  6.4 min
episode 592/1013  eps 0.010  train return   -0.29%  loss 3.77e-05  maxQ +0.0135  changes   372  6.4 min
episode 593/1013  eps 0.010  train return  +79.59%  loss 3.41e-05  maxQ +0.0131  changes   406  6.5 min
episode 594/1013  eps 0.010  train return +130.14%  loss 3.45e-05  maxQ +0.0130  changes   398  6.5 min
episode 595/1013  eps 0.010  train return  +29.26%  loss 3.51e-05  maxQ +0.0129  changes   360  6.5 min
episode 596/1013  eps 0.010  train return  +41.28%  loss 3.62e-05  maxQ +0.0137  changes   346  6.5 min
episode 597/1013  eps 0.010  train return  +84.95%  loss 3.46e-05  maxQ +0.0129  changes   371  6.5 min
episode 598/1013  eps 0.010  train return  +10.42%  loss 3.39e-05  maxQ +0.0136  changes   433  6.5 min
episode 599/1013  eps 0.010  train return   +3.15%  loss 4.00e-05  maxQ +0.0133  changes   360  6.5 min
episode 600/1013  eps 0.010  train return  +60.80%  loss 3.47e-05  maxQ +0.0133  changes   451  6.5 min | val return -5.94% (best +24.36%)
episode 601/1013  eps 0.010  train return  +30.13%  loss 3.52e-05  maxQ +0.0135  changes   415  6.6 min
episode 602/1013  eps 0.010  train return   +5.05%  loss 3.28e-05  maxQ +0.0127  changes   336  6.6 min
episode 603/1013  eps 0.010  train return +134.73%  loss 3.47e-05  maxQ +0.0124  changes   399  6.6 min
episode 604/1013  eps 0.010  train return +219.59%  loss 3.74e-05  maxQ +0.0127  changes   419  6.6 min
episode 605/1013  eps 0.010  train return  +67.29%  loss 3.71e-05  maxQ +0.0132  changes   320  6.6 min
episode 606/1013  eps 0.010  train return  +49.93%  loss 3.65e-05  maxQ +0.0129  changes   414  6.6 min
episode 607/1013  eps 0.010  train return +316.33%  loss 4.03e-05  maxQ +0.0130  changes   438  6.6 min
episode 608/1013  eps 0.010  train return +196.38%  loss 3.94e-05  maxQ +0.0136  changes   398  6.7 min
episode 609/1013  eps 0.010  train return +158.14%  loss 3.94e-05  maxQ +0.0134  changes   415  6.7 min
episode 610/1013  eps 0.010  train return  +44.36%  loss 3.61e-05  maxQ +0.0135  changes   387  6.7 min | val return -9.56% (best +24.36%)
episode 611/1013  eps 0.010  train return +498.36%  loss 4.21e-05  maxQ +0.0142  changes   426  6.7 min
episode 612/1013  eps 0.010  train return  +15.12%  loss 4.03e-05  maxQ +0.0133  changes   393  6.7 min
episode 613/1013  eps 0.010  train return +135.65%  loss 3.71e-05  maxQ +0.0140  changes   394  6.7 min
episode 614/1013  eps 0.010  train return  +79.13%  loss 3.89e-05  maxQ +0.0136  changes   341  6.8 min
episode 615/1013  eps 0.010  train return  +75.07%  loss 3.85e-05  maxQ +0.0135  changes   401  6.8 min
episode 616/1013  eps 0.010  train return  +63.65%  loss 4.22e-05  maxQ +0.0145  changes   398  6.8 min
episode 617/1013  eps 0.010  train return +222.32%  loss 4.17e-05  maxQ +0.0140  changes   404  6.8 min
episode 618/1013  eps 0.010  train return  +48.50%  loss 4.06e-05  maxQ +0.0141  changes   363  6.9 min
episode 619/1013  eps 0.010  train return +131.76%  loss 4.21e-05  maxQ +0.0147  changes   408  6.9 min
episode 620/1013  eps 0.010  train return +222.22%  loss 4.10e-05  maxQ +0.0142  changes   402  6.9 min | val return -8.46% (best +24.36%)
episode 621/1013  eps 0.010  train return  +59.43%  loss 4.16e-05  maxQ +0.0142  changes   398  6.9 min
episode 622/1013  eps 0.010  train return  +62.65%  loss 3.64e-05  maxQ +0.0140  changes   356  7.0 min
episode 623/1013  eps 0.010  train return  +43.08%  loss 3.66e-05  maxQ +0.0139  changes   382  7.0 min
episode 624/1013  eps 0.010  train return  +68.13%  loss 4.10e-05  maxQ +0.0133  changes   368  7.0 min
episode 625/1013  eps 0.010  train return +107.87%  loss 3.97e-05  maxQ +0.0133  changes   461  7.0 min
episode 626/1013  eps 0.010  train return  +22.42%  loss 3.71e-05  maxQ +0.0128  changes   329  7.0 min
episode 627/1013  eps 0.010  train return +198.14%  loss 4.04e-05  maxQ +0.0130  changes   368  7.0 min
episode 628/1013  eps 0.010  train return  +68.68%  loss 4.15e-05  maxQ +0.0133  changes   379  7.0 min
episode 629/1013  eps 0.010  train return  +93.76%  loss 4.46e-05  maxQ +0.0139  changes   423  7.0 min
episode 630/1013  eps 0.010  train return +523.13%  loss 4.28e-05  maxQ +0.0135  changes   418  7.0 min | val return +6.05% (best +24.36%)
episode 631/1013  eps 0.010  train return   -2.03%  loss 4.17e-05  maxQ +0.0141  changes   385  7.1 min
episode 632/1013  eps 0.010  train return   -3.86%  loss 3.95e-05  maxQ +0.0141  changes   326  7.1 min
episode 633/1013  eps 0.010  train return  +92.77%  loss 4.08e-05  maxQ +0.0143  changes   361  7.1 min
episode 634/1013  eps 0.010  train return  +36.31%  loss 4.10e-05  maxQ +0.0143  changes   350  7.1 min
episode 635/1013  eps 0.010  train return  +79.68%  loss 3.81e-05  maxQ +0.0148  changes   358  7.1 min
episode 636/1013  eps 0.010  train return  +28.34%  loss 3.55e-05  maxQ +0.0145  changes   404  7.1 min
episode 637/1013  eps 0.010  train return  +57.16%  loss 4.01e-05  maxQ +0.0144  changes   399  7.1 min
episode 638/1013  eps 0.010  train return +121.58%  loss 3.92e-05  maxQ +0.0139  changes   449  7.1 min
episode 639/1013  eps 0.010  train return  +90.09%  loss 4.01e-05  maxQ +0.0139  changes   415  7.2 min
episode 640/1013  eps 0.010  train return +398.26%  loss 3.82e-05  maxQ +0.0134  changes   399  7.2 min | val return +2.18% (best +24.36%)
episode 641/1013  eps 0.010  train return   -0.40%  loss 3.89e-05  maxQ +0.0139  changes   285  7.2 min
episode 642/1013  eps 0.010  train return +173.06%  loss 3.93e-05  maxQ +0.0140  changes   397  7.2 min
episode 643/1013  eps 0.010  train return  +94.64%  loss 4.10e-05  maxQ +0.0145  changes   437  7.2 min
episode 644/1013  eps 0.010  train return   -3.55%  loss 4.04e-05  maxQ +0.0137  changes   275  7.2 min
episode 645/1013  eps 0.010  train return +137.43%  loss 3.97e-05  maxQ +0.0132  changes   446  7.2 min
episode 646/1013  eps 0.010  train return  +77.60%  loss 3.53e-05  maxQ +0.0127  changes   385  7.2 min
episode 647/1013  eps 0.010  train return  +14.88%  loss 3.63e-05  maxQ +0.0128  changes   308  7.3 min
episode 648/1013  eps 0.010  train return  +45.24%  loss 3.91e-05  maxQ +0.0127  changes   368  7.3 min
episode 649/1013  eps 0.010  train return  +57.54%  loss 3.89e-05  maxQ +0.0131  changes   364  7.3 min
episode 650/1013  eps 0.010  train return  +57.13%  loss 4.23e-05  maxQ +0.0131  changes   427  7.3 min | val return -0.91% (best +24.36%)
episode 651/1013  eps 0.010  train return  +61.05%  loss 4.06e-05  maxQ +0.0135  changes   377  7.3 min
episode 652/1013  eps 0.010  train return   -0.12%  loss 4.13e-05  maxQ +0.0136  changes   377  7.3 min
episode 653/1013  eps 0.010  train return +236.54%  loss 4.35e-05  maxQ +0.0141  changes   404  7.3 min
episode 654/1013  eps 0.010  train return +129.21%  loss 4.17e-05  maxQ +0.0146  changes   404  7.4 min
episode 655/1013  eps 0.010  train return  +74.32%  loss 4.37e-05  maxQ +0.0144  changes   450  7.4 min
episode 656/1013  eps 0.010  train return +236.51%  loss 4.13e-05  maxQ +0.0141  changes   402  7.4 min
episode 657/1013  eps 0.010  train return  +41.31%  loss 4.55e-05  maxQ +0.0147  changes   420  7.4 min
episode 658/1013  eps 0.010  train return  +21.51%  loss 3.96e-05  maxQ +0.0130  changes   397  7.4 min
episode 659/1013  eps 0.010  train return  +74.48%  loss 3.86e-05  maxQ +0.0134  changes   371  7.4 min
episode 660/1013  eps 0.010  train return  +55.26%  loss 4.17e-05  maxQ +0.0133  changes   398  7.4 min | val return +4.31% (best +24.36%)
episode 661/1013  eps 0.010  train return  +54.28%  loss 4.06e-05  maxQ +0.0134  changes   390  7.4 min
episode 662/1013  eps 0.010  train return  +23.97%  loss 3.78e-05  maxQ +0.0134  changes   413  7.4 min
episode 663/1013  eps 0.010  train return +344.21%  loss 4.13e-05  maxQ +0.0136  changes   438  7.5 min
episode 664/1013  eps 0.010  train return  +36.82%  loss 4.03e-05  maxQ +0.0136  changes   345  7.5 min
episode 665/1013  eps 0.010  train return  +52.80%  loss 4.27e-05  maxQ +0.0138  changes   374  7.5 min
episode 666/1013  eps 0.010  train return +316.32%  loss 4.18e-05  maxQ +0.0138  changes   459  7.5 min
episode 667/1013  eps 0.010  train return +261.07%  loss 4.49e-05  maxQ +0.0143  changes   401  7.5 min
episode 668/1013  eps 0.010  train return +105.85%  loss 4.41e-05  maxQ +0.0147  changes   384  7.5 min
episode 669/1013  eps 0.010  train return  +70.55%  loss 4.36e-05  maxQ +0.0139  changes   361  7.5 min
episode 670/1013  eps 0.010  train return   +4.36%  loss 4.27e-05  maxQ +0.0137  changes   229  7.5 min | val return -4.88% (best +24.36%)
episode 671/1013  eps 0.010  train return  +44.82%  loss 4.02e-05  maxQ +0.0137  changes   380  7.6 min
episode 672/1013  eps 0.010  train return +169.82%  loss 4.38e-05  maxQ +0.0134  changes   414  7.6 min
episode 673/1013  eps 0.010  train return +142.58%  loss 4.55e-05  maxQ +0.0142  changes   376  7.6 min
episode 674/1013  eps 0.010  train return  +58.57%  loss 4.59e-05  maxQ +0.0142  changes   387  7.6 min
episode 675/1013  eps 0.010  train return   -3.42%  loss 3.92e-05  maxQ +0.0141  changes   310  7.6 min
episode 676/1013  eps 0.010  train return  +19.82%  loss 3.77e-05  maxQ +0.0136  changes   343  7.6 min
episode 677/1013  eps 0.010  train return  +32.24%  loss 4.12e-05  maxQ +0.0136  changes   402  7.6 min
episode 678/1013  eps 0.010  train return  +61.34%  loss 4.20e-05  maxQ +0.0134  changes   372  7.6 min
episode 679/1013  eps 0.010  train return  +17.61%  loss 4.17e-05  maxQ +0.0136  changes   368  7.6 min
episode 680/1013  eps 0.010  train return  +11.99%  loss 3.78e-05  maxQ +0.0130  changes   365  7.7 min | val return +8.63% (best +24.36%)
episode 681/1013  eps 0.010  train return  +66.69%  loss 4.07e-05  maxQ +0.0133  changes   349  7.7 min
episode 682/1013  eps 0.010  train return  +76.21%  loss 3.73e-05  maxQ +0.0136  changes   347  7.7 min
episode 683/1013  eps 0.010  train return +330.57%  loss 4.29e-05  maxQ +0.0134  changes   445  7.7 min
episode 684/1013  eps 0.010  train return  +97.39%  loss 4.26e-05  maxQ +0.0135  changes   372  7.7 min
episode 685/1013  eps 0.010  train return +139.11%  loss 4.10e-05  maxQ +0.0133  changes   413  7.7 min
episode 686/1013  eps 0.010  train return +142.10%  loss 4.30e-05  maxQ +0.0131  changes   435  7.7 min
episode 687/1013  eps 0.010  train return  +92.59%  loss 4.54e-05  maxQ +0.0141  changes   457  7.8 min
episode 688/1013  eps 0.010  train return  +56.01%  loss 4.37e-05  maxQ +0.0144  changes   358  7.8 min
episode 689/1013  eps 0.010  train return  +81.97%  loss 4.34e-05  maxQ +0.0141  changes   357  7.8 min
episode 690/1013  eps 0.010  train return +150.83%  loss 4.21e-05  maxQ +0.0143  changes   443  7.8 min | val return -1.88% (best +24.36%)
episode 691/1013  eps 0.010  train return  +38.88%  loss 4.22e-05  maxQ +0.0138  changes   385  7.8 min
episode 692/1013  eps 0.010  train return +112.91%  loss 4.27e-05  maxQ +0.0135  changes   403  7.8 min
episode 693/1013  eps 0.010  train return +139.61%  loss 4.02e-05  maxQ +0.0137  changes   445  7.8 min
episode 694/1013  eps 0.010  train return  +20.58%  loss 4.21e-05  maxQ +0.0132  changes   378  7.8 min
episode 695/1013  eps 0.010  train return  +62.17%  loss 3.97e-05  maxQ +0.0137  changes   337  7.8 min
episode 696/1013  eps 0.010  train return  +40.82%  loss 3.96e-05  maxQ +0.0139  changes   382  7.9 min
episode 697/1013  eps 0.010  train return +676.76%  loss 4.06e-05  maxQ +0.0136  changes   397  7.9 min
episode 698/1013  eps 0.010  train return  +82.46%  loss 3.81e-05  maxQ +0.0135  changes   358  7.9 min
episode 699/1013  eps 0.010  train return  +24.51%  loss 4.09e-05  maxQ +0.0136  changes   379  7.9 min
episode 700/1013  eps 0.010  train return  +83.37%  loss 3.94e-05  maxQ +0.0132  changes   431  7.9 min | val return +4.99% (best +24.36%)
episode 701/1013  eps 0.010  train return  +60.58%  loss 3.82e-05  maxQ +0.0131  changes   388  7.9 min
episode 702/1013  eps 0.010  train return  +30.74%  loss 4.05e-05  maxQ +0.0139  changes   379  7.9 min
episode 703/1013  eps 0.010  train return  +95.16%  loss 3.85e-05  maxQ +0.0135  changes   346  7.9 min
episode 704/1013  eps 0.010  train return  +80.52%  loss 4.20e-05  maxQ +0.0141  changes   387  7.9 min
episode 705/1013  eps 0.010  train return +124.97%  loss 4.18e-05  maxQ +0.0140  changes   390  8.0 min
episode 706/1013  eps 0.010  train return  +63.23%  loss 3.89e-05  maxQ +0.0143  changes   323  8.0 min
episode 707/1013  eps 0.010  train return   -0.18%  loss 3.80e-05  maxQ +0.0139  changes   304  8.0 min
episode 708/1013  eps 0.010  train return  +13.13%  loss 4.00e-05  maxQ +0.0139  changes   337  8.0 min
episode 709/1013  eps 0.010  train return   +4.68%  loss 3.93e-05  maxQ +0.0142  changes   285  8.0 min
episode 710/1013  eps 0.010  train return +227.47%  loss 4.01e-05  maxQ +0.0144  changes   394  8.0 min | val return +12.89% (best +24.36%)
episode 711/1013  eps 0.010  train return  +56.94%  loss 3.94e-05  maxQ +0.0139  changes   377  8.0 min
episode 712/1013  eps 0.010  train return +161.86%  loss 3.93e-05  maxQ +0.0136  changes   412  8.0 min
episode 713/1013  eps 0.010  train return  +73.06%  loss 3.82e-05  maxQ +0.0137  changes   414  8.1 min
episode 714/1013  eps 0.010  train return +114.22%  loss 4.13e-05  maxQ +0.0141  changes   352  8.1 min
episode 715/1013  eps 0.010  train return  +35.42%  loss 3.91e-05  maxQ +0.0143  changes   377  8.1 min
episode 716/1013  eps 0.010  train return +113.40%  loss 3.86e-05  maxQ +0.0143  changes   406  8.1 min
episode 717/1013  eps 0.010  train return  +79.50%  loss 3.76e-05  maxQ +0.0135  changes   396  8.1 min
episode 718/1013  eps 0.010  train return   +2.28%  loss 4.06e-05  maxQ +0.0134  changes   250  8.1 min
episode 719/1013  eps 0.010  train return +338.55%  loss 3.95e-05  maxQ +0.0138  changes   401  8.1 min
episode 720/1013  eps 0.010  train return +356.92%  loss 3.98e-05  maxQ +0.0139  changes   410  8.1 min | val return +4.22% (best +24.36%)
episode 721/1013  eps 0.010  train return +115.79%  loss 4.15e-05  maxQ +0.0132  changes   358  8.2 min
episode 722/1013  eps 0.010  train return  +45.73%  loss 3.98e-05  maxQ +0.0129  changes   383  8.2 min
episode 723/1013  eps 0.010  train return +114.16%  loss 3.71e-05  maxQ +0.0132  changes   395  8.2 min
episode 724/1013  eps 0.010  train return  +91.72%  loss 3.83e-05  maxQ +0.0129  changes   376  8.2 min
episode 725/1013  eps 0.010  train return  +47.15%  loss 3.72e-05  maxQ +0.0129  changes   359  8.2 min
episode 726/1013  eps 0.010  train return  +17.21%  loss 3.90e-05  maxQ +0.0128  changes   313  8.2 min
episode 727/1013  eps 0.010  train return  +57.75%  loss 3.60e-05  maxQ +0.0127  changes   368  8.2 min
episode 728/1013  eps 0.010  train return +116.70%  loss 3.98e-05  maxQ +0.0135  changes   364  8.2 min
episode 729/1013  eps 0.010  train return +135.99%  loss 3.82e-05  maxQ +0.0134  changes   384  8.2 min
episode 730/1013  eps 0.010  train return +170.09%  loss 3.76e-05  maxQ +0.0136  changes   402  8.3 min | val return +8.96% (best +24.36%)
episode 731/1013  eps 0.010  train return +116.34%  loss 3.78e-05  maxQ +0.0132  changes   348  8.3 min
episode 732/1013  eps 0.010  train return +168.27%  loss 4.06e-05  maxQ +0.0135  changes   440  8.3 min
episode 733/1013  eps 0.010  train return   +4.84%  loss 3.84e-05  maxQ +0.0139  changes   299  8.3 min
episode 734/1013  eps 0.010  train return +315.33%  loss 3.83e-05  maxQ +0.0138  changes   407  8.3 min
episode 735/1013  eps 0.010  train return  +24.57%  loss 3.89e-05  maxQ +0.0138  changes   375  8.3 min
episode 736/1013  eps 0.010  train return  +14.80%  loss 3.80e-05  maxQ +0.0144  changes   307  8.3 min
episode 737/1013  eps 0.010  train return  +12.30%  loss 3.55e-05  maxQ +0.0141  changes   324  8.3 min
episode 738/1013  eps 0.010  train return  +85.66%  loss 4.19e-05  maxQ +0.0137  changes   365  8.4 min
episode 739/1013  eps 0.010  train return  +22.74%  loss 4.00e-05  maxQ +0.0140  changes   335  8.4 min
episode 740/1013  eps 0.010  train return +188.44%  loss 4.17e-05  maxQ +0.0140  changes   394  8.4 min | val return +4.45% (best +24.36%)
episode 741/1013  eps 0.010  train return  +12.26%  loss 3.98e-05  maxQ +0.0146  changes   341  8.4 min
episode 742/1013  eps 0.010  train return  +60.66%  loss 3.81e-05  maxQ +0.0140  changes   399  8.4 min
episode 743/1013  eps 0.010  train return +228.32%  loss 3.84e-05  maxQ +0.0140  changes   395  8.4 min
episode 744/1013  eps 0.010  train return +143.69%  loss 3.74e-05  maxQ +0.0139  changes   386  8.4 min
episode 745/1013  eps 0.010  train return  +65.17%  loss 3.94e-05  maxQ +0.0143  changes   361  8.4 min
episode 746/1013  eps 0.010  train return  +24.51%  loss 3.85e-05  maxQ +0.0142  changes   341  8.4 min
episode 747/1013  eps 0.010  train return  +23.79%  loss 3.80e-05  maxQ +0.0145  changes   345  8.5 min
episode 748/1013  eps 0.010  train return  +58.13%  loss 3.70e-05  maxQ +0.0148  changes   369  8.5 min
episode 749/1013  eps 0.010  train return  +14.73%  loss 3.93e-05  maxQ +0.0148  changes   308  8.5 min
episode 750/1013  eps 0.010  train return  +42.86%  loss 3.98e-05  maxQ +0.0142  changes   353  8.5 min | val return -2.94% (best +24.36%)
episode 751/1013  eps 0.010  train return  +14.80%  loss 3.74e-05  maxQ +0.0145  changes   286  8.5 min
episode 752/1013  eps 0.010  train return  +78.57%  loss 3.71e-05  maxQ +0.0146  changes   381  8.5 min
episode 753/1013  eps 0.010  train return   +7.72%  loss 3.71e-05  maxQ +0.0143  changes   310  8.5 min
episode 754/1013  eps 0.010  train return  +78.17%  loss 3.65e-05  maxQ +0.0142  changes   388  8.5 min
episode 755/1013  eps 0.010  train return +175.91%  loss 3.83e-05  maxQ +0.0144  changes   433  8.6 min
episode 756/1013  eps 0.010  train return +168.92%  loss 3.92e-05  maxQ +0.0144  changes   429  8.6 min
episode 757/1013  eps 0.010  train return  +43.84%  loss 3.63e-05  maxQ +0.0145  changes   391  8.6 min
episode 758/1013  eps 0.010  train return  +66.95%  loss 3.94e-05  maxQ +0.0147  changes   348  8.6 min
episode 759/1013  eps 0.010  train return   +2.34%  loss 3.76e-05  maxQ +0.0146  changes   286  8.6 min
episode 760/1013  eps 0.010  train return +381.14%  loss 3.58e-05  maxQ +0.0139  changes   386  8.6 min | val return +3.23% (best +24.36%)
episode 761/1013  eps 0.010  train return +194.23%  loss 3.96e-05  maxQ +0.0135  changes   418  8.6 min
episode 762/1013  eps 0.010  train return  +50.83%  loss 3.98e-05  maxQ +0.0141  changes   423  8.6 min
episode 763/1013  eps 0.010  train return  +57.17%  loss 3.87e-05  maxQ +0.0140  changes   330  8.6 min
episode 764/1013  eps 0.010  train return +237.15%  loss 4.06e-05  maxQ +0.0143  changes   428  8.7 min
episode 765/1013  eps 0.010  train return +152.97%  loss 4.15e-05  maxQ +0.0143  changes   362  8.7 min
episode 766/1013  eps 0.010  train return  +46.92%  loss 4.28e-05  maxQ +0.0151  changes   372  8.7 min
episode 767/1013  eps 0.010  train return +445.66%  loss 4.37e-05  maxQ +0.0148  changes   412  8.7 min
episode 768/1013  eps 0.010  train return  +85.84%  loss 3.93e-05  maxQ +0.0143  changes   379  8.7 min
episode 769/1013  eps 0.010  train return  +83.88%  loss 3.96e-05  maxQ +0.0145  changes   397  8.7 min
episode 770/1013  eps 0.010  train return  +23.96%  loss 4.03e-05  maxQ +0.0146  changes   325  8.7 min | val return -13.32% (best +24.36%)
episode 771/1013  eps 0.010  train return  +29.52%  loss 3.80e-05  maxQ +0.0141  changes   349  8.7 min
episode 772/1013  eps 0.010  train return  +14.61%  loss 4.09e-05  maxQ +0.0144  changes   365  8.7 min
episode 773/1013  eps 0.010  train return  +32.48%  loss 3.81e-05  maxQ +0.0148  changes   306  8.8 min
episode 774/1013  eps 0.010  train return  +34.86%  loss 3.91e-05  maxQ +0.0143  changes   375  8.8 min
episode 775/1013  eps 0.010  train return +136.32%  loss 3.92e-05  maxQ +0.0142  changes   357  8.8 min
episode 776/1013  eps 0.010  train return  +74.82%  loss 3.56e-05  maxQ +0.0141  changes   382  8.8 min
episode 777/1013  eps 0.010  train return   +4.76%  loss 3.91e-05  maxQ +0.0148  changes   335  8.8 min
episode 778/1013  eps 0.010  train return  +27.03%  loss 4.04e-05  maxQ +0.0142  changes   339  8.8 min
episode 779/1013  eps 0.010  train return +146.47%  loss 4.01e-05  maxQ +0.0138  changes   435  8.8 min
episode 780/1013  eps 0.010  train return   +4.13%  loss 3.68e-05  maxQ +0.0133  changes   350  8.8 min | val return -10.87% (best +24.36%)
episode 781/1013  eps 0.010  train return  +23.83%  loss 3.94e-05  maxQ +0.0134  changes   360  8.9 min
episode 782/1013  eps 0.010  train return +277.98%  loss 3.92e-05  maxQ +0.0133  changes   430  8.9 min
episode 783/1013  eps 0.010  train return  +65.36%  loss 4.04e-05  maxQ +0.0136  changes   355  8.9 min
episode 784/1013  eps 0.010  train return  +38.00%  loss 3.96e-05  maxQ +0.0142  changes   341  8.9 min
episode 785/1013  eps 0.010  train return +163.44%  loss 3.85e-05  maxQ +0.0138  changes   340  8.9 min
episode 786/1013  eps 0.010  train return  +24.49%  loss 3.86e-05  maxQ +0.0139  changes   285  8.9 min
episode 787/1013  eps 0.010  train return +113.32%  loss 3.74e-05  maxQ +0.0146  changes   331  8.9 min
episode 788/1013  eps 0.010  train return +102.17%  loss 3.80e-05  maxQ +0.0146  changes   418  8.9 min
episode 789/1013  eps 0.010  train return  +48.26%  loss 3.84e-05  maxQ +0.0150  changes   331  8.9 min
episode 790/1013  eps 0.010  train return  +22.74%  loss 3.78e-05  maxQ +0.0140  changes   333  8.9 min | val return -8.03% (best +24.36%)
episode 791/1013  eps 0.010  train return  +50.80%  loss 3.77e-05  maxQ +0.0140  changes   356  9.0 min
episode 792/1013  eps 0.010  train return  +20.76%  loss 3.83e-05  maxQ +0.0144  changes   352  9.0 min
episode 793/1013  eps 0.010  train return +154.73%  loss 3.53e-05  maxQ +0.0143  changes   366  9.0 min
episode 794/1013  eps 0.010  train return  +20.40%  loss 3.64e-05  maxQ +0.0139  changes   351  9.0 min
episode 795/1013  eps 0.010  train return +112.67%  loss 3.69e-05  maxQ +0.0140  changes   406  9.0 min
episode 796/1013  eps 0.010  train return +373.27%  loss 3.63e-05  maxQ +0.0145  changes   427  9.0 min
episode 797/1013  eps 0.010  train return  +23.39%  loss 3.85e-05  maxQ +0.0140  changes   357  9.0 min
episode 798/1013  eps 0.010  train return +155.31%  loss 3.84e-05  maxQ +0.0140  changes   379  9.0 min
episode 799/1013  eps 0.010  train return +235.35%  loss 4.14e-05  maxQ +0.0144  changes   396  9.1 min
episode 800/1013  eps 0.010  train return  +45.78%  loss 4.01e-05  maxQ +0.0141  changes   401  9.1 min | val return -5.09% (best +24.36%)
episode 801/1013  eps 0.010  train return  +21.03%  loss 3.62e-05  maxQ +0.0136  changes   288  9.1 min
episode 802/1013  eps 0.010  train return  +19.53%  loss 3.79e-05  maxQ +0.0131  changes   362  9.1 min
episode 803/1013  eps 0.010  train return  +70.27%  loss 3.59e-05  maxQ +0.0133  changes   375  9.1 min
episode 804/1013  eps 0.010  train return  +90.14%  loss 3.52e-05  maxQ +0.0134  changes   406  9.1 min
episode 805/1013  eps 0.010  train return +179.98%  loss 3.47e-05  maxQ +0.0134  changes   383  9.1 min
episode 806/1013  eps 0.010  train return  +26.99%  loss 3.29e-05  maxQ +0.0133  changes   337  9.1 min
episode 807/1013  eps 0.010  train return  +72.59%  loss 3.58e-05  maxQ +0.0130  changes   349  9.1 min
episode 808/1013  eps 0.010  train return +296.28%  loss 3.65e-05  maxQ +0.0129  changes   395  9.2 min
episode 809/1013  eps 0.010  train return +101.33%  loss 3.68e-05  maxQ +0.0129  changes   387  9.2 min
episode 810/1013  eps 0.010  train return  +28.24%  loss 3.71e-05  maxQ +0.0140  changes   319  9.2 min | val return -7.72% (best +24.36%)
episode 811/1013  eps 0.010  train return  +46.86%  loss 3.53e-05  maxQ +0.0142  changes   309  9.2 min
episode 812/1013  eps 0.010  train return +199.33%  loss 3.57e-05  maxQ +0.0141  changes   404  9.2 min
episode 813/1013  eps 0.010  train return  +40.06%  loss 3.55e-05  maxQ +0.0139  changes   337  9.2 min
episode 814/1013  eps 0.010  train return  +38.99%  loss 3.65e-05  maxQ +0.0141  changes   360  9.2 min
episode 815/1013  eps 0.010  train return  +96.33%  loss 3.83e-05  maxQ +0.0137  changes   362  9.2 min
episode 816/1013  eps 0.010  train return  +47.20%  loss 3.41e-05  maxQ +0.0138  changes   352  9.2 min
episode 817/1013  eps 0.010  train return +206.27%  loss 3.77e-05  maxQ +0.0139  changes   387  9.3 min
episode 818/1013  eps 0.010  train return  +46.04%  loss 3.79e-05  maxQ +0.0139  changes   419  9.3 min
episode 819/1013  eps 0.010  train return +111.57%  loss 3.90e-05  maxQ +0.0138  changes   410  9.3 min
episode 820/1013  eps 0.010  train return +106.22%  loss 3.96e-05  maxQ +0.0143  changes   381  9.3 min | val return -9.96% (best +24.36%)
episode 821/1013  eps 0.010  train return  +25.99%  loss 4.44e-05  maxQ +0.0140  changes   311  9.3 min
episode 822/1013  eps 0.010  train return  +16.45%  loss 3.62e-05  maxQ +0.0135  changes   338  9.3 min
episode 823/1013  eps 0.010  train return +280.28%  loss 3.97e-05  maxQ +0.0139  changes   382  9.3 min
episode 824/1013  eps 0.010  train return  +97.69%  loss 3.77e-05  maxQ +0.0136  changes   375  9.3 min
episode 825/1013  eps 0.010  train return  +22.56%  loss 3.77e-05  maxQ +0.0140  changes   280  9.3 min
episode 826/1013  eps 0.010  train return +281.17%  loss 4.11e-05  maxQ +0.0137  changes   426  9.4 min
episode 827/1013  eps 0.010  train return +416.25%  loss 3.74e-05  maxQ +0.0139  changes   364  9.4 min
episode 828/1013  eps 0.010  train return +438.97%  loss 3.76e-05  maxQ +0.0132  changes   439  9.4 min
episode 829/1013  eps 0.010  train return  +24.07%  loss 4.11e-05  maxQ +0.0143  changes   378  9.4 min
episode 830/1013  eps 0.010  train return +118.38%  loss 4.30e-05  maxQ +0.0138  changes   369  9.4 min | val return -12.56% (best +24.36%)
episode 831/1013  eps 0.010  train return +263.26%  loss 4.06e-05  maxQ +0.0141  changes   384  9.4 min
episode 832/1013  eps 0.010  train return  +36.28%  loss 3.83e-05  maxQ +0.0133  changes   364  9.4 min
episode 833/1013  eps 0.010  train return   -2.63%  loss 3.89e-05  maxQ +0.0134  changes   302  9.4 min
episode 834/1013  eps 0.010  train return  +23.30%  loss 3.78e-05  maxQ +0.0135  changes   385  9.4 min
episode 835/1013  eps 0.010  train return +206.82%  loss 3.89e-05  maxQ +0.0135  changes   424  9.5 min
episode 836/1013  eps 0.010  train return  +91.67%  loss 3.88e-05  maxQ +0.0142  changes   404  9.5 min
episode 837/1013  eps 0.010  train return +579.59%  loss 3.58e-05  maxQ +0.0140  changes   399  9.5 min
episode 838/1013  eps 0.010  train return  +37.52%  loss 3.65e-05  maxQ +0.0135  changes   393  9.5 min
episode 839/1013  eps 0.010  train return +119.29%  loss 3.84e-05  maxQ +0.0134  changes   388  9.5 min
episode 840/1013  eps 0.010  train return  +22.87%  loss 3.62e-05  maxQ +0.0130  changes   297  9.5 min | val return -23.06% (best +24.36%)
episode 841/1013  eps 0.010  train return  +86.49%  loss 3.36e-05  maxQ +0.0130  changes   400  9.5 min
episode 842/1013  eps 0.010  train return +430.21%  loss 3.55e-05  maxQ +0.0132  changes   394  9.5 min
episode 843/1013  eps 0.010  train return  +66.15%  loss 3.81e-05  maxQ +0.0138  changes   365  9.6 min
episode 844/1013  eps 0.010  train return +221.49%  loss 3.90e-05  maxQ +0.0133  changes   378  9.6 min
episode 845/1013  eps 0.010  train return  +60.02%  loss 4.08e-05  maxQ +0.0139  changes   335  9.6 min
episode 846/1013  eps 0.010  train return  +97.02%  loss 3.83e-05  maxQ +0.0140  changes   378  9.6 min
episode 847/1013  eps 0.010  train return  +89.12%  loss 3.87e-05  maxQ +0.0141  changes   374  9.6 min
episode 848/1013  eps 0.010  train return  +61.10%  loss 4.07e-05  maxQ +0.0141  changes   390  9.6 min
episode 849/1013  eps 0.010  train return +246.89%  loss 3.86e-05  maxQ +0.0139  changes   422  9.6 min
episode 850/1013  eps 0.010  train return +333.14%  loss 4.00e-05  maxQ +0.0140  changes   412  9.6 min | val return -6.50% (best +24.36%)
episode 851/1013  eps 0.010  train return +251.89%  loss 4.06e-05  maxQ +0.0137  changes   405  9.7 min
episode 852/1013  eps 0.010  train return  +35.77%  loss 3.86e-05  maxQ +0.0138  changes   377  9.7 min
episode 853/1013  eps 0.010  train return +218.26%  loss 4.04e-05  maxQ +0.0144  changes   406  9.7 min
episode 854/1013  eps 0.010  train return  +56.47%  loss 4.11e-05  maxQ +0.0143  changes   346  9.7 min
episode 855/1013  eps 0.010  train return  +11.00%  loss 4.09e-05  maxQ +0.0147  changes   421  9.7 min
episode 856/1013  eps 0.010  train return +152.12%  loss 4.32e-05  maxQ +0.0148  changes   395  9.7 min
episode 857/1013  eps 0.010  train return +262.02%  loss 3.85e-05  maxQ +0.0147  changes   430  9.7 min
episode 858/1013  eps 0.010  train return +313.60%  loss 3.85e-05  maxQ +0.0144  changes   421  9.7 min
episode 859/1013  eps 0.010  train return  +16.86%  loss 4.22e-05  maxQ +0.0151  changes   391  9.7 min
episode 860/1013  eps 0.010  train return  +41.98%  loss 4.00e-05  maxQ +0.0151  changes   362  9.8 min | val return -17.08% (best +24.36%)
episode 861/1013  eps 0.010  train return  +20.51%  loss 4.17e-05  maxQ +0.0149  changes   346  9.8 min
episode 862/1013  eps 0.010  train return +166.73%  loss 3.83e-05  maxQ +0.0149  changes   405  9.8 min
episode 863/1013  eps 0.010  train return +118.54%  loss 4.12e-05  maxQ +0.0144  changes   352  9.8 min
episode 864/1013  eps 0.010  train return +164.00%  loss 4.22e-05  maxQ +0.0154  changes   401  9.8 min
episode 865/1013  eps 0.010  train return  +70.33%  loss 4.30e-05  maxQ +0.0146  changes   414  9.8 min
episode 866/1013  eps 0.010  train return  +66.65%  loss 3.99e-05  maxQ +0.0147  changes   416  9.8 min
episode 867/1013  eps 0.010  train return  +46.73%  loss 3.65e-05  maxQ +0.0143  changes   371  9.8 min
episode 868/1013  eps 0.010  train return  +66.01%  loss 3.99e-05  maxQ +0.0141  changes   376  9.8 min
episode 869/1013  eps 0.010  train return +171.59%  loss 4.17e-05  maxQ +0.0147  changes   406  9.9 min
episode 870/1013  eps 0.010  train return +169.52%  loss 4.24e-05  maxQ +0.0148  changes   414  9.9 min | val return +3.14% (best +24.36%)
episode 871/1013  eps 0.010  train return  +46.93%  loss 4.26e-05  maxQ +0.0154  changes   369  9.9 min
episode 872/1013  eps 0.010  train return +241.61%  loss 4.37e-05  maxQ +0.0152  changes   395  9.9 min
episode 873/1013  eps 0.010  train return +357.63%  loss 4.30e-05  maxQ +0.0153  changes   414  9.9 min
episode 874/1013  eps 0.010  train return +549.66%  loss 4.67e-05  maxQ +0.0156  changes   399  9.9 min
episode 875/1013  eps 0.010  train return  +29.98%  loss 4.49e-05  maxQ +0.0158  changes   399  9.9 min
episode 876/1013  eps 0.010  train return   +4.20%  loss 4.38e-05  maxQ +0.0151  changes   380  9.9 min
episode 877/1013  eps 0.010  train return  +74.03%  loss 4.24e-05  maxQ +0.0153  changes   373  10.0 min
episode 878/1013  eps 0.010  train return  +24.27%  loss 4.45e-05  maxQ +0.0147  changes   337  10.0 min
episode 879/1013  eps 0.010  train return  +44.62%  loss 4.33e-05  maxQ +0.0158  changes   373  10.0 min
episode 880/1013  eps 0.010  train return +197.79%  loss 3.97e-05  maxQ +0.0151  changes   414  10.0 min | val return -4.77% (best +24.36%)
episode 881/1013  eps 0.010  train return  +26.96%  loss 4.34e-05  maxQ +0.0154  changes   346  10.0 min
episode 882/1013  eps 0.010  train return  +99.12%  loss 4.69e-05  maxQ +0.0159  changes   386  10.0 min
episode 883/1013  eps 0.010  train return  +79.08%  loss 4.17e-05  maxQ +0.0157  changes   363  10.0 min
episode 884/1013  eps 0.010  train return +154.03%  loss 4.01e-05  maxQ +0.0149  changes   428  10.0 min
episode 885/1013  eps 0.010  train return +191.54%  loss 4.38e-05  maxQ +0.0153  changes   384  10.0 min
episode 886/1013  eps 0.010  train return +122.04%  loss 4.49e-05  maxQ +0.0148  changes   423  10.1 min
episode 887/1013  eps 0.010  train return  +51.51%  loss 4.39e-05  maxQ +0.0148  changes   393  10.1 min
episode 888/1013  eps 0.010  train return  +69.56%  loss 4.27e-05  maxQ +0.0151  changes   365  10.1 min
episode 889/1013  eps 0.010  train return  +83.23%  loss 4.46e-05  maxQ +0.0152  changes   378  10.1 min
episode 890/1013  eps 0.010  train return   +7.09%  loss 4.44e-05  maxQ +0.0158  changes   342  10.1 min | val return -12.20% (best +24.36%)
episode 891/1013  eps 0.010  train return  +93.00%  loss 4.28e-05  maxQ +0.0157  changes   365  10.1 min
episode 892/1013  eps 0.010  train return  +32.45%  loss 4.51e-05  maxQ +0.0155  changes   355  10.1 min
episode 893/1013  eps 0.010  train return  +42.68%  loss 4.17e-05  maxQ +0.0160  changes   403  10.1 min
episode 894/1013  eps 0.010  train return   -2.81%  loss 4.21e-05  maxQ +0.0158  changes   344  10.2 min
episode 895/1013  eps 0.010  train return +274.99%  loss 3.98e-05  maxQ +0.0159  changes   411  10.2 min
episode 896/1013  eps 0.010  train return +381.91%  loss 3.89e-05  maxQ +0.0159  changes   402  10.2 min
episode 897/1013  eps 0.010  train return  +62.85%  loss 3.88e-05  maxQ +0.0155  changes   348  10.2 min
episode 898/1013  eps 0.010  train return +326.45%  loss 4.21e-05  maxQ +0.0154  changes   414  10.2 min
episode 899/1013  eps 0.010  train return  +13.98%  loss 4.04e-05  maxQ +0.0148  changes   363  10.2 min
episode 900/1013  eps 0.010  train return +597.14%  loss 4.07e-05  maxQ +0.0145  changes   441  10.2 min | val return +2.12% (best +24.36%)
episode 901/1013  eps 0.010  train return +283.14%  loss 4.20e-05  maxQ +0.0147  changes   381  10.2 min
episode 902/1013  eps 0.010  train return  +26.50%  loss 4.00e-05  maxQ +0.0145  changes   373  10.3 min
episode 903/1013  eps 0.010  train return +231.17%  loss 4.25e-05  maxQ +0.0138  changes   392  10.3 min
episode 904/1013  eps 0.010  train return +115.98%  loss 4.14e-05  maxQ +0.0136  changes   420  10.3 min
episode 905/1013  eps 0.010  train return  +61.81%  loss 4.34e-05  maxQ +0.0138  changes   431  10.3 min
episode 906/1013  eps 0.010  train return  +69.16%  loss 4.17e-05  maxQ +0.0149  changes   415  10.3 min
episode 907/1013  eps 0.010  train return  +21.91%  loss 4.11e-05  maxQ +0.0148  changes   391  10.3 min
episode 908/1013  eps 0.010  train return +172.89%  loss 4.16e-05  maxQ +0.0149  changes   384  10.3 min
episode 909/1013  eps 0.010  train return +150.20%  loss 4.06e-05  maxQ +0.0151  changes   409  10.3 min
episode 910/1013  eps 0.010  train return +195.52%  loss 4.15e-05  maxQ +0.0147  changes   419  10.3 min | val return -5.02% (best +24.36%)
episode 911/1013  eps 0.010  train return   -4.99%  loss 4.08e-05  maxQ +0.0151  changes   353  10.4 min
episode 912/1013  eps 0.010  train return  +34.31%  loss 4.03e-05  maxQ +0.0157  changes   369  10.4 min
episode 913/1013  eps 0.010  train return  +91.60%  loss 4.28e-05  maxQ +0.0151  changes   389  10.4 min
episode 914/1013  eps 0.010  train return +156.94%  loss 3.99e-05  maxQ +0.0154  changes   403  10.4 min
episode 915/1013  eps 0.010  train return  +44.53%  loss 4.26e-05  maxQ +0.0144  changes   378  10.4 min
episode 916/1013  eps 0.010  train return +195.53%  loss 4.12e-05  maxQ +0.0148  changes   440  10.4 min
episode 917/1013  eps 0.010  train return  +20.16%  loss 4.46e-05  maxQ +0.0155  changes   327  10.4 min
episode 918/1013  eps 0.010  train return  +67.11%  loss 4.48e-05  maxQ +0.0147  changes   386  10.4 min
episode 919/1013  eps 0.010  train return  +45.05%  loss 4.54e-05  maxQ +0.0154  changes   385  10.4 min
episode 920/1013  eps 0.010  train return +202.72%  loss 4.17e-05  maxQ +0.0156  changes   400  10.5 min | val return -7.73% (best +24.36%)
episode 921/1013  eps 0.010  train return  +32.55%  loss 4.00e-05  maxQ +0.0151  changes   337  10.5 min
episode 922/1013  eps 0.010  train return +172.06%  loss 4.23e-05  maxQ +0.0148  changes   405  10.5 min
episode 923/1013  eps 0.010  train return +207.90%  loss 3.83e-05  maxQ +0.0145  changes   399  10.5 min
episode 924/1013  eps 0.010  train return  +84.07%  loss 4.05e-05  maxQ +0.0139  changes   351  10.5 min
episode 925/1013  eps 0.010  train return +100.21%  loss 4.42e-05  maxQ +0.0139  changes   363  10.5 min
episode 926/1013  eps 0.010  train return  +90.59%  loss 3.98e-05  maxQ +0.0136  changes   356  10.5 min
episode 927/1013  eps 0.010  train return +204.17%  loss 3.86e-05  maxQ +0.0142  changes   416  10.5 min
episode 928/1013  eps 0.010  train return   -2.78%  loss 3.54e-05  maxQ +0.0133  changes   302  10.5 min
episode 929/1013  eps 0.010  train return  +64.42%  loss 3.44e-05  maxQ +0.0136  changes   380  10.6 min
episode 930/1013  eps 0.010  train return +543.82%  loss 3.88e-05  maxQ +0.0139  changes   413  10.6 min | val return -4.27% (best +24.36%)
episode 931/1013  eps 0.010  train return +118.32%  loss 4.40e-05  maxQ +0.0142  changes   382  10.6 min
episode 932/1013  eps 0.010  train return  +33.72%  loss 3.98e-05  maxQ +0.0147  changes   404  10.6 min
episode 933/1013  eps 0.010  train return +167.64%  loss 4.06e-05  maxQ +0.0147  changes   389  10.6 min
episode 934/1013  eps 0.010  train return  +43.43%  loss 4.11e-05  maxQ +0.0152  changes   355  10.6 min
episode 935/1013  eps 0.010  train return  +77.74%  loss 3.97e-05  maxQ +0.0149  changes   403  10.6 min
episode 936/1013  eps 0.010  train return +545.77%  loss 3.92e-05  maxQ +0.0152  changes   420  10.6 min
episode 937/1013  eps 0.010  train return  +71.55%  loss 3.98e-05  maxQ +0.0151  changes   395  10.7 min
episode 938/1013  eps 0.010  train return +281.72%  loss 4.22e-05  maxQ +0.0152  changes   415  10.7 min
episode 939/1013  eps 0.010  train return +127.91%  loss 4.26e-05  maxQ +0.0152  changes   408  10.7 min
episode 940/1013  eps 0.010  train return  +26.56%  loss 4.52e-05  maxQ +0.0155  changes   330  10.7 min | val return -0.96% (best +24.36%)
episode 941/1013  eps 0.010  train return  +30.48%  loss 4.19e-05  maxQ +0.0157  changes   329  10.7 min
episode 942/1013  eps 0.010  train return +186.23%  loss 4.10e-05  maxQ +0.0148  changes   454  10.7 min
episode 943/1013  eps 0.010  train return +171.34%  loss 4.05e-05  maxQ +0.0146  changes   416  10.7 min
episode 944/1013  eps 0.010  train return  +36.22%  loss 4.04e-05  maxQ +0.0148  changes   403  10.7 min
episode 945/1013  eps 0.010  train return +245.84%  loss 3.71e-05  maxQ +0.0143  changes   399  10.8 min
episode 946/1013  eps 0.010  train return +261.24%  loss 3.75e-05  maxQ +0.0140  changes   398  10.8 min
episode 947/1013  eps 0.010  train return +167.80%  loss 3.81e-05  maxQ +0.0140  changes   436  10.8 min
episode 948/1013  eps 0.010  train return  +52.94%  loss 4.06e-05  maxQ +0.0143  changes   378  10.8 min
episode 949/1013  eps 0.010  train return  +39.48%  loss 4.00e-05  maxQ +0.0142  changes   390  10.8 min
episode 950/1013  eps 0.010  train return  +31.33%  loss 4.01e-05  maxQ +0.0140  changes   361  10.8 min | val return -1.25% (best +24.36%)
episode 951/1013  eps 0.010  train return  +39.91%  loss 4.17e-05  maxQ +0.0139  changes   391  10.8 min
episode 952/1013  eps 0.010  train return +301.88%  loss 4.10e-05  maxQ +0.0148  changes   413  10.8 min
episode 953/1013  eps 0.010  train return  +69.14%  loss 4.10e-05  maxQ +0.0149  changes   376  10.8 min
episode 954/1013  eps 0.010  train return  +15.17%  loss 4.29e-05  maxQ +0.0148  changes   412  10.9 min
episode 955/1013  eps 0.010  train return +296.96%  loss 3.99e-05  maxQ +0.0137  changes   419  10.9 min
episode 956/1013  eps 0.010  train return  +64.59%  loss 3.81e-05  maxQ +0.0143  changes   384  10.9 min
episode 957/1013  eps 0.010  train return  +10.68%  loss 3.74e-05  maxQ +0.0140  changes   335  10.9 min
episode 958/1013  eps 0.010  train return  +21.65%  loss 4.04e-05  maxQ +0.0148  changes   288  10.9 min
episode 959/1013  eps 0.010  train return  +98.91%  loss 3.95e-05  maxQ +0.0144  changes   390  10.9 min
episode 960/1013  eps 0.010  train return +157.57%  loss 3.86e-05  maxQ +0.0146  changes   404  10.9 min | val return -1.10% (best +24.36%)
episode 961/1013  eps 0.010  train return +207.35%  loss 3.86e-05  maxQ +0.0149  changes   435  10.9 min
episode 962/1013  eps 0.010  train return  +43.76%  loss 3.86e-05  maxQ +0.0151  changes   384  11.0 min
episode 963/1013  eps 0.010  train return   +1.53%  loss 4.09e-05  maxQ +0.0149  changes   316  11.0 min
episode 964/1013  eps 0.010  train return  +32.66%  loss 3.92e-05  maxQ +0.0148  changes   370  11.0 min
episode 965/1013  eps 0.010  train return  +87.07%  loss 3.63e-05  maxQ +0.0145  changes   380  11.0 min
episode 966/1013  eps 0.010  train return +373.02%  loss 3.93e-05  maxQ +0.0139  changes   407  11.0 min
episode 967/1013  eps 0.010  train return +383.40%  loss 4.05e-05  maxQ +0.0143  changes   390  11.0 min
episode 968/1013  eps 0.010  train return  +61.34%  loss 4.25e-05  maxQ +0.0144  changes   382  11.0 min
episode 969/1013  eps 0.010  train return +393.49%  loss 3.95e-05  maxQ +0.0150  changes   449  11.0 min
episode 970/1013  eps 0.010  train return  +76.94%  loss 4.11e-05  maxQ +0.0151  changes   392  11.0 min | val return -5.21% (best +24.36%)
episode 971/1013  eps 0.010  train return +276.20%  loss 4.05e-05  maxQ +0.0145  changes   411  11.1 min
episode 972/1013  eps 0.010  train return   +8.49%  loss 3.90e-05  maxQ +0.0151  changes   370  11.1 min
episode 973/1013  eps 0.010  train return +152.07%  loss 3.96e-05  maxQ +0.0147  changes   362  11.1 min
episode 974/1013  eps 0.010  train return  +59.93%  loss 3.89e-05  maxQ +0.0150  changes   383  11.1 min
episode 975/1013  eps 0.010  train return +141.39%  loss 3.77e-05  maxQ +0.0146  changes   372  11.1 min
episode 976/1013  eps 0.010  train return +155.95%  loss 4.22e-05  maxQ +0.0146  changes   445  11.1 min
episode 977/1013  eps 0.010  train return  +93.51%  loss 3.89e-05  maxQ +0.0144  changes   392  11.1 min
episode 978/1013  eps 0.010  train return  +40.94%  loss 3.89e-05  maxQ +0.0140  changes   373  11.1 min
episode 979/1013  eps 0.010  train return  +70.17%  loss 3.85e-05  maxQ +0.0137  changes   351  11.1 min
episode 980/1013  eps 0.010  train return  +65.51%  loss 3.89e-05  maxQ +0.0140  changes   384  11.2 min | val return -19.50% (best +24.36%)
episode 981/1013  eps 0.010  train return  +54.34%  loss 4.05e-05  maxQ +0.0137  changes   328  11.2 min
episode 982/1013  eps 0.010  train return  +25.90%  loss 4.15e-05  maxQ +0.0141  changes   363  11.2 min
episode 983/1013  eps 0.010  train return  +62.07%  loss 3.94e-05  maxQ +0.0142  changes   390  11.2 min
episode 984/1013  eps 0.010  train return +171.71%  loss 3.96e-05  maxQ +0.0140  changes   402  11.2 min
episode 985/1013  eps 0.010  train return  +94.25%  loss 3.83e-05  maxQ +0.0140  changes   361  11.2 min
episode 986/1013  eps 0.010  train return  +59.99%  loss 3.82e-05  maxQ +0.0139  changes   333  11.2 min
episode 987/1013  eps 0.010  train return +127.20%  loss 4.07e-05  maxQ +0.0148  changes   420  11.2 min
episode 988/1013  eps 0.010  train return +127.80%  loss 4.22e-05  maxQ +0.0145  changes   431  11.2 min
episode 989/1013  eps 0.010  train return  +38.13%  loss 4.02e-05  maxQ +0.0142  changes   374  11.3 min
episode 990/1013  eps 0.010  train return  +26.36%  loss 3.83e-05  maxQ +0.0137  changes   302  11.3 min | val return -17.83% (best +24.36%)
episode 991/1013  eps 0.010  train return +117.64%  loss 3.91e-05  maxQ +0.0135  changes   410  11.3 min
episode 992/1013  eps 0.010  train return  +67.46%  loss 4.18e-05  maxQ +0.0143  changes   401  11.3 min
episode 993/1013  eps 0.010  train return  +67.69%  loss 4.07e-05  maxQ +0.0140  changes   404  11.3 min
episode 994/1013  eps 0.010  train return  +79.37%  loss 4.12e-05  maxQ +0.0140  changes   397  11.3 min
episode 995/1013  eps 0.010  train return  +67.65%  loss 3.83e-05  maxQ +0.0143  changes   365  11.3 min
episode 996/1013  eps 0.010  train return +180.10%  loss 4.57e-05  maxQ +0.0151  changes   404  11.3 min
episode 997/1013  eps 0.010  train return  +86.43%  loss 4.32e-05  maxQ +0.0149  changes   333  11.3 min
episode 998/1013  eps 0.010  train return  +64.96%  loss 3.83e-05  maxQ +0.0147  changes   343  11.3 min
episode 999/1013  eps 0.010  train return  +64.22%  loss 3.89e-05  maxQ +0.0145  changes   368  11.4 min
episode 1000/1013  eps 0.010  train return  +85.97%  loss 4.01e-05  maxQ +0.0147  changes   423  11.4 min | val return -10.71% (best +24.36%)
episode 1001/1013  eps 0.010  train return  +22.81%  loss 3.99e-05  maxQ +0.0147  changes   346  11.4 min
episode 1002/1013  eps 0.010  train return +447.28%  loss 3.99e-05  maxQ +0.0146  changes   396  11.4 min
episode 1003/1013  eps 0.010  train return  +76.66%  loss 3.74e-05  maxQ +0.0145  changes   385  11.4 min
episode 1004/1013  eps 0.010  train return  +17.43%  loss 4.09e-05  maxQ +0.0150  changes   315  11.4 min
episode 1005/1013  eps 0.010  train return   +0.25%  loss 4.01e-05  maxQ +0.0142  changes   291  11.4 min
episode 1006/1013  eps 0.010  train return +115.12%  loss 3.74e-05  maxQ +0.0137  changes   350  11.4 min
episode 1007/1013  eps 0.010  train return  +82.63%  loss 3.85e-05  maxQ +0.0139  changes   355  11.4 min
episode 1008/1013  eps 0.010  train return  +34.11%  loss 3.69e-05  maxQ +0.0142  changes   311  11.4 min
episode 1009/1013  eps 0.010  train return  +33.63%  loss 3.81e-05  maxQ +0.0146  changes   366  11.5 min
episode 1010/1013  eps 0.010  train return +114.01%  loss 3.85e-05  maxQ +0.0143  changes   389  11.5 min | val return -6.52% (best +24.36%)
episode 1011/1013  eps 0.010  train return +257.17%  loss 3.71e-05  maxQ +0.0142  changes   377  11.5 min
episode 1012/1013  eps 0.010  train return  +71.75%  loss 4.08e-05  maxQ +0.0152  changes   339  11.5 min
episode 1013/1013  eps 0.010  train return   -1.81%  loss 3.87e-05  maxQ +0.0151  changes   309  11.5 min | val return -19.41% (best +24.36%)
model    env  portfolio_return  excess_return  n_changes
 last    val         -0.194827      -0.152209      816.0
 last val_w1         -0.167391      -0.140476      418.0
 last val_w2         -0.017349      -0.001915      410.9
 best    val          0.243251       0.285869      671.9
 best val_w1          0.118539       0.145454      374.9
 best val_w2          0.123499       0.138933      310.4
