Downloaded data: 30,528 candles, 2023-03-25 00:00:00+00:00 to 2026-09-16 23:00:00+00:00; no missing hours
dev_train: 28,152 candles, 2023-04-01 00:00:00+00:00 to 2026-06-16 23:00:00+00:00; no missing hours
val: 1,464 candles, 2026-06-17 00:00:00+00:00 to 2026-08-16 23:00:00+00:00; no missing hours
eval: 744 candles, 2026-08-17 00:00:00+00:00 to 2026-09-16 23:00:00+00:00; no missing hours
episode   1/1013  eps 1.000  train return   -9.17%  loss 4.84e-03  maxQ +0.2207  changes   561  0.0 min
episode   2/1013  eps 0.991  train return   -5.81%  loss 1.11e-03  maxQ +0.2364  changes   573  0.0 min
episode   3/1013  eps 0.982  train return   -1.50%  loss 1.39e-03  maxQ +0.2552  changes   586  0.0 min
episode   4/1013  eps 0.973  train return  +13.63%  loss 1.59e-03  maxQ +0.2452  changes   565  0.0 min
episode   5/1013  eps 0.964  train return  +11.46%  loss 8.23e-04  maxQ +0.2290  changes   589  0.0 min
episode   6/1013  eps 0.955  train return  -10.02%  loss 5.93e-04  maxQ +0.2175  changes   550  0.1 min
episode   7/1013  eps 0.947  train return  -28.43%  loss 4.03e-04  maxQ +0.1995  changes   556  0.1 min
episode   8/1013  eps 0.938  train return   +1.46%  loss 3.15e-04  maxQ +0.1832  changes   608  0.1 min
episode   9/1013  eps 0.929  train return  -17.84%  loss 2.84e-04  maxQ +0.1663  changes   559  0.1 min
episode  10/1013  eps 0.921  train return   +1.32%  loss 2.65e-04  maxQ +0.1512  changes   565  0.1 min | val return -2.18% (best -2.18%)
episode  11/1013  eps 0.913  train return   +4.57%  loss 2.48e-04  maxQ +0.1444  changes   555  0.1 min
episode  12/1013  eps 0.904  train return  +14.79%  loss 2.17e-04  maxQ +0.1345  changes   573  0.1 min
episode  13/1013  eps 0.896  train return  -12.14%  loss 1.83e-04  maxQ +0.1225  changes   584  0.1 min
episode  14/1013  eps 0.888  train return   +4.46%  loss 1.89e-04  maxQ +0.1159  changes   570  0.1 min
episode  15/1013  eps 0.880  train return   -5.26%  loss 1.69e-04  maxQ +0.1106  changes   553  0.2 min
episode  16/1013  eps 0.872  train return  -11.99%  loss 1.81e-04  maxQ +0.1086  changes   575  0.2 min
episode  17/1013  eps 0.864  train return   +1.38%  loss 1.54e-04  maxQ +0.1038  changes   575  0.2 min
episode  18/1013  eps 0.856  train return  -16.35%  loss 1.50e-04  maxQ +0.0983  changes   564  0.2 min
episode  19/1013  eps 0.848  train return  +18.10%  loss 1.56e-04  maxQ +0.0921  changes   564  0.2 min
episode  20/1013  eps 0.841  train return   -1.14%  loss 1.35e-04  maxQ +0.0869  changes   583  0.2 min | val return -27.34% (best -2.18%)
episode  21/1013  eps 0.833  train return   -3.02%  loss 1.57e-04  maxQ +0.0800  changes   586  0.2 min
episode  22/1013  eps 0.825  train return  -28.52%  loss 1.30e-04  maxQ +0.0771  changes   571  0.2 min
episode  23/1013  eps 0.818  train return   +3.11%  loss 1.22e-04  maxQ +0.0753  changes   569  0.2 min
episode  24/1013  eps 0.810  train return  -11.34%  loss 1.38e-04  maxQ +0.0740  changes   535  0.2 min
episode  25/1013  eps 0.803  train return  -25.34%  loss 1.28e-04  maxQ +0.0734  changes   581  0.3 min
episode  26/1013  eps 0.796  train return  -16.23%  loss 1.02e-04  maxQ +0.0684  changes   566  0.3 min
episode  27/1013  eps 0.788  train return   +4.31%  loss 1.09e-04  maxQ +0.0667  changes   558  0.3 min
episode  28/1013  eps 0.781  train return  -26.72%  loss 9.33e-05  maxQ +0.0674  changes   552  0.3 min
episode  29/1013  eps 0.774  train return   +0.43%  loss 7.85e-05  maxQ +0.0637  changes   585  0.3 min
episode  30/1013  eps 0.767  train return   -6.60%  loss 7.83e-05  maxQ +0.0592  changes   555  0.3 min | val return -24.21% (best -2.18%)
episode  31/1013  eps 0.760  train return  +32.96%  loss 8.27e-05  maxQ +0.0584  changes   573  0.3 min
episode  32/1013  eps 0.753  train return   +6.00%  loss 7.98e-05  maxQ +0.0640  changes   559  0.3 min
episode  33/1013  eps 0.746  train return  -11.71%  loss 8.00e-05  maxQ +0.0562  changes   556  0.3 min
episode  34/1013  eps 0.740  train return  +11.11%  loss 7.54e-05  maxQ +0.0544  changes   575  0.3 min
episode  35/1013  eps 0.733  train return  -18.74%  loss 7.02e-05  maxQ +0.0518  changes   549  0.4 min
episode  36/1013  eps 0.726  train return   +0.96%  loss 6.94e-05  maxQ +0.0497  changes   562  0.4 min
episode  37/1013  eps 0.720  train return  -28.22%  loss 6.83e-05  maxQ +0.0482  changes   552  0.4 min
episode  38/1013  eps 0.713  train return   +2.32%  loss 8.34e-05  maxQ +0.0501  changes   560  0.4 min
episode  39/1013  eps 0.707  train return   +5.98%  loss 7.65e-05  maxQ +0.0480  changes   549  0.4 min
episode  40/1013  eps 0.700  train return   -0.12%  loss 7.66e-05  maxQ +0.0506  changes   573  0.4 min | val return -12.44% (best -2.18%)
episode  41/1013  eps 0.694  train return  +31.04%  loss 7.60e-05  maxQ +0.0460  changes   541  0.4 min
episode  42/1013  eps 0.687  train return  +12.08%  loss 7.25e-05  maxQ +0.0439  changes   566  0.4 min
episode  43/1013  eps 0.681  train return  -22.37%  loss 7.21e-05  maxQ +0.0422  changes   555  0.4 min
episode  44/1013  eps 0.675  train return  -23.63%  loss 6.26e-05  maxQ +0.0430  changes   567  0.4 min
episode  45/1013  eps 0.669  train return   -6.50%  loss 6.68e-05  maxQ +0.0393  changes   551  0.5 min
episode  46/1013  eps 0.663  train return  +10.50%  loss 5.36e-05  maxQ +0.0373  changes   549  0.5 min
episode  47/1013  eps 0.657  train return   -9.45%  loss 5.53e-05  maxQ +0.0358  changes   555  0.5 min
episode  48/1013  eps 0.651  train return   -8.36%  loss 5.94e-05  maxQ +0.0373  changes   533  0.5 min
episode  49/1013  eps 0.645  train return  -14.13%  loss 6.67e-05  maxQ +0.0371  changes   556  0.5 min
episode  50/1013  eps 0.639  train return   +0.27%  loss 7.25e-05  maxQ +0.0358  changes   550  0.5 min | val return -10.57% (best -2.18%)
episode  51/1013  eps 0.633  train return  -12.14%  loss 5.94e-05  maxQ +0.0338  changes   547  0.5 min
episode  52/1013  eps 0.627  train return   -7.03%  loss 5.29e-05  maxQ +0.0334  changes   529  0.5 min
episode  53/1013  eps 0.622  train return   +4.12%  loss 5.67e-05  maxQ +0.0340  changes   520  0.5 min
episode  54/1013  eps 0.616  train return  +11.25%  loss 5.04e-05  maxQ +0.0306  changes   528  0.5 min
episode  55/1013  eps 0.610  train return   +3.79%  loss 5.40e-05  maxQ +0.0331  changes   527  0.5 min
episode  56/1013  eps 0.605  train return  -18.66%  loss 4.82e-05  maxQ +0.0294  changes   547  0.6 min
episode  57/1013  eps 0.599  train return  +14.17%  loss 4.74e-05  maxQ +0.0294  changes   542  0.6 min
episode  58/1013  eps 0.594  train return   -4.58%  loss 3.93e-05  maxQ +0.0282  changes   524  0.6 min
episode  59/1013  eps 0.588  train return   -5.26%  loss 5.17e-05  maxQ +0.0294  changes   543  0.6 min
episode  60/1013  eps 0.583  train return   -5.28%  loss 5.48e-05  maxQ +0.0320  changes   505  0.6 min | val return -38.46% (best -2.18%)
episode  61/1013  eps 0.578  train return  -21.43%  loss 4.26e-05  maxQ +0.0300  changes   519  0.6 min
episode  62/1013  eps 0.573  train return   +5.05%  loss 4.68e-05  maxQ +0.0288  changes   536  0.6 min
episode  63/1013  eps 0.567  train return  -11.05%  loss 5.05e-05  maxQ +0.0291  changes   544  0.6 min
episode  64/1013  eps 0.562  train return   +9.78%  loss 5.07e-05  maxQ +0.0280  changes   540  0.6 min
episode  65/1013  eps 0.557  train return  -15.81%  loss 4.27e-05  maxQ +0.0258  changes   520  0.7 min
episode  66/1013  eps 0.552  train return  -21.32%  loss 4.40e-05  maxQ +0.0269  changes   499  0.7 min
episode  67/1013  eps 0.547  train return  -19.09%  loss 5.10e-05  maxQ +0.0258  changes   538  0.7 min
episode  68/1013  eps 0.542  train return   -8.63%  loss 4.98e-05  maxQ +0.0260  changes   527  0.7 min
episode  69/1013  eps 0.537  train return  -13.40%  loss 4.41e-05  maxQ +0.0257  changes   525  0.7 min
episode  70/1013  eps 0.532  train return   -2.24%  loss 4.35e-05  maxQ +0.0249  changes   532  0.7 min | val return -19.60% (best -2.18%)
episode  71/1013  eps 0.527  train return   +1.30%  loss 3.80e-05  maxQ +0.0249  changes   524  0.7 min
episode  72/1013  eps 0.523  train return   -7.50%  loss 4.12e-05  maxQ +0.0248  changes   536  0.7 min
episode  73/1013  eps 0.518  train return   -1.51%  loss 4.28e-05  maxQ +0.0245  changes   523  0.7 min
episode  74/1013  eps 0.513  train return  +82.15%  loss 3.82e-05  maxQ +0.0251  changes   526  0.7 min
episode  75/1013  eps 0.508  train return   +7.99%  loss 3.74e-05  maxQ +0.0229  changes   497  0.8 min
episode  76/1013  eps 0.504  train return  -10.45%  loss 3.64e-05  maxQ +0.0225  changes   504  0.8 min
episode  77/1013  eps 0.499  train return   -9.25%  loss 3.98e-05  maxQ +0.0225  changes   499  0.8 min
episode  78/1013  eps 0.495  train return   +1.73%  loss 3.67e-05  maxQ +0.0225  changes   510  0.8 min
episode  79/1013  eps 0.490  train return  -22.17%  loss 3.53e-05  maxQ +0.0210  changes   530  0.8 min
episode  80/1013  eps 0.486  train return  +32.22%  loss 3.63e-05  maxQ +0.0206  changes   525  0.8 min | val return -15.35% (best -2.18%)
episode  81/1013  eps 0.481  train return   +9.53%  loss 3.42e-05  maxQ +0.0195  changes   502  0.8 min
episode  82/1013  eps 0.477  train return   -2.81%  loss 3.44e-05  maxQ +0.0188  changes   509  0.8 min
episode  83/1013  eps 0.473  train return  +28.40%  loss 3.48e-05  maxQ +0.0190  changes   506  0.8 min
episode  84/1013  eps 0.468  train return  -10.61%  loss 3.14e-05  maxQ +0.0207  changes   504  0.8 min
episode  85/1013  eps 0.464  train return  +11.66%  loss 3.37e-05  maxQ +0.0181  changes   509  0.9 min
episode  86/1013  eps 0.460  train return   +4.19%  loss 3.47e-05  maxQ +0.0180  changes   493  0.9 min
episode  87/1013  eps 0.456  train return   -5.03%  loss 3.45e-05  maxQ +0.0166  changes   464  0.9 min
episode  88/1013  eps 0.451  train return   +0.40%  loss 3.53e-05  maxQ +0.0160  changes   476  0.9 min
episode  89/1013  eps 0.447  train return   -3.61%  loss 3.34e-05  maxQ +0.0162  changes   521  0.9 min
episode  90/1013  eps 0.443  train return  +36.59%  loss 3.65e-05  maxQ +0.0169  changes   508  0.9 min | val return -15.38% (best -2.18%)
episode  91/1013  eps 0.439  train return   -3.56%  loss 3.52e-05  maxQ +0.0160  changes   476  0.9 min
episode  92/1013  eps 0.435  train return   -5.78%  loss 3.50e-05  maxQ +0.0164  changes   499  0.9 min
episode  93/1013  eps 0.431  train return  +13.56%  loss 3.57e-05  maxQ +0.0164  changes   472  0.9 min
episode  94/1013  eps 0.427  train return   -1.22%  loss 3.85e-05  maxQ +0.0179  changes   487  0.9 min
episode  95/1013  eps 0.423  train return   +3.79%  loss 3.92e-05  maxQ +0.0166  changes   489  1.0 min
episode  96/1013  eps 0.420  train return   -7.58%  loss 3.94e-05  maxQ +0.0173  changes   466  1.0 min
episode  97/1013  eps 0.416  train return   -7.50%  loss 3.37e-05  maxQ +0.0149  changes   468  1.0 min
episode  98/1013  eps 0.412  train return  +10.34%  loss 3.07e-05  maxQ +0.0159  changes   508  1.0 min
episode  99/1013  eps 0.408  train return  +28.03%  loss 3.17e-05  maxQ +0.0162  changes   489  1.0 min
episode 100/1013  eps 0.405  train return  +24.82%  loss 3.22e-05  maxQ +0.0143  changes   489  1.0 min | val return +4.34% (best +4.34%)
episode 101/1013  eps 0.401  train return   -2.20%  loss 3.51e-05  maxQ +0.0146  changes   486  1.0 min
episode 102/1013  eps 0.397  train return  +29.86%  loss 3.11e-05  maxQ +0.0141  changes   454  1.0 min
episode 103/1013  eps 0.394  train return  +26.99%  loss 3.43e-05  maxQ +0.0139  changes   512  1.0 min
episode 104/1013  eps 0.390  train return  +26.26%  loss 3.36e-05  maxQ +0.0146  changes   460  1.0 min
episode 105/1013  eps 0.386  train return   -9.13%  loss 3.30e-05  maxQ +0.0131  changes   466  1.1 min
episode 106/1013  eps 0.383  train return  +34.44%  loss 3.63e-05  maxQ +0.0140  changes   483  1.1 min
episode 107/1013  eps 0.379  train return   -8.45%  loss 3.74e-05  maxQ +0.0141  changes   491  1.1 min
episode 108/1013  eps 0.376  train return   -2.65%  loss 3.86e-05  maxQ +0.0148  changes   465  1.1 min
episode 109/1013  eps 0.373  train return   +0.82%  loss 3.29e-05  maxQ +0.0138  changes   445  1.1 min
episode 110/1013  eps 0.369  train return  +14.27%  loss 3.60e-05  maxQ +0.0150  changes   441  1.1 min | val return +3.54% (best +4.34%)
episode 111/1013  eps 0.366  train return  +21.25%  loss 3.22e-05  maxQ +0.0123  changes   423  1.1 min
episode 112/1013  eps 0.363  train return   -5.36%  loss 3.15e-05  maxQ +0.0128  changes   438  1.1 min
episode 113/1013  eps 0.359  train return  +40.26%  loss 3.30e-05  maxQ +0.0118  changes   485  1.1 min
episode 114/1013  eps 0.356  train return  +11.66%  loss 3.33e-05  maxQ +0.0119  changes   455  1.1 min
episode 115/1013  eps 0.353  train return  +28.33%  loss 3.18e-05  maxQ +0.0133  changes   465  1.2 min
episode 116/1013  eps 0.349  train return   +7.95%  loss 3.53e-05  maxQ +0.0133  changes   459  1.2 min
episode 117/1013  eps 0.346  train return   -0.38%  loss 3.33e-05  maxQ +0.0121  changes   423  1.2 min
episode 118/1013  eps 0.343  train return   -8.86%  loss 3.39e-05  maxQ +0.0125  changes   434  1.2 min
episode 119/1013  eps 0.340  train return   -7.39%  loss 3.75e-05  maxQ +0.0127  changes   439  1.2 min
episode 120/1013  eps 0.337  train return   -0.04%  loss 3.49e-05  maxQ +0.0126  changes   426  1.2 min | val return -9.24% (best +4.34%)
episode 121/1013  eps 0.334  train return   -7.45%  loss 3.35e-05  maxQ +0.0129  changes   409  1.2 min
episode 122/1013  eps 0.331  train return  -10.00%  loss 3.24e-05  maxQ +0.0124  changes   433  1.2 min
episode 123/1013  eps 0.328  train return  +19.95%  loss 3.03e-05  maxQ +0.0112  changes   472  1.2 min
episode 124/1013  eps 0.325  train return  +35.03%  loss 3.17e-05  maxQ +0.0103  changes   450  1.2 min
episode 125/1013  eps 0.322  train return  +19.31%  loss 3.66e-05  maxQ +0.0119  changes   448  1.2 min
episode 126/1013  eps 0.319  train return  +52.54%  loss 3.47e-05  maxQ +0.0110  changes   467  1.3 min
episode 127/1013  eps 0.316  train return  -11.85%  loss 3.61e-05  maxQ +0.0109  changes   371  1.3 min
episode 128/1013  eps 0.313  train return   +9.29%  loss 3.68e-05  maxQ +0.0122  changes   418  1.3 min
episode 129/1013  eps 0.310  train return   +0.57%  loss 3.66e-05  maxQ +0.0120  changes   416  1.3 min
episode 130/1013  eps 0.308  train return   -7.70%  loss 3.34e-05  maxQ +0.0116  changes   449  1.3 min | val return -20.58% (best +4.34%)
episode 131/1013  eps 0.305  train return  -15.51%  loss 3.72e-05  maxQ +0.0120  changes   423  1.3 min
episode 132/1013  eps 0.302  train return   -8.22%  loss 3.57e-05  maxQ +0.0112  changes   452  1.3 min
episode 133/1013  eps 0.299  train return  -21.26%  loss 3.47e-05  maxQ +0.0110  changes   397  1.3 min
episode 134/1013  eps 0.296  train return   -3.71%  loss 3.68e-05  maxQ +0.0139  changes   409  1.3 min
episode 135/1013  eps 0.294  train return   +2.20%  loss 3.57e-05  maxQ +0.0110  changes   403  1.4 min
episode 136/1013  eps 0.291  train return  +30.28%  loss 3.31e-05  maxQ +0.0117  changes   470  1.4 min
episode 137/1013  eps 0.288  train return  +13.15%  loss 3.47e-05  maxQ +0.0107  changes   405  1.4 min
episode 138/1013  eps 0.286  train return   +3.18%  loss 3.62e-05  maxQ +0.0118  changes   426  1.4 min
episode 139/1013  eps 0.283  train return   -9.88%  loss 3.89e-05  maxQ +0.0127  changes   420  1.4 min
episode 140/1013  eps 0.281  train return   +4.59%  loss 4.15e-05  maxQ +0.0120  changes   436  1.4 min | val return -5.97% (best +4.34%)
episode 141/1013  eps 0.278  train return  +55.04%  loss 3.93e-05  maxQ +0.0126  changes   434  1.4 min
episode 142/1013  eps 0.276  train return  +40.15%  loss 3.89e-05  maxQ +0.0124  changes   441  1.4 min
episode 143/1013  eps 0.273  train return  -17.79%  loss 3.92e-05  maxQ +0.0114  changes   431  1.4 min
episode 144/1013  eps 0.271  train return  -16.72%  loss 3.65e-05  maxQ +0.0119  changes   425  1.4 min
episode 145/1013  eps 0.268  train return  -11.21%  loss 3.59e-05  maxQ +0.0128  changes   404  1.5 min
episode 146/1013  eps 0.266  train return   -5.17%  loss 3.79e-05  maxQ +0.0119  changes   418  1.5 min
episode 147/1013  eps 0.263  train return  +22.54%  loss 3.52e-05  maxQ +0.0116  changes   441  1.5 min
episode 148/1013  eps 0.261  train return  -10.89%  loss 3.54e-05  maxQ +0.0109  changes   442  1.5 min
episode 149/1013  eps 0.258  train return   -9.26%  loss 3.64e-05  maxQ +0.0115  changes   401  1.5 min
episode 150/1013  eps 0.256  train return   +8.11%  loss 3.28e-05  maxQ +0.0107  changes   358  1.5 min | val return -21.31% (best +4.34%)
episode 151/1013  eps 0.254  train return  +24.97%  loss 3.79e-05  maxQ +0.0115  changes   411  1.5 min
episode 152/1013  eps 0.251  train return   +3.25%  loss 3.68e-05  maxQ +0.0100  changes   461  1.5 min
episode 153/1013  eps 0.249  train return   +9.08%  loss 3.54e-05  maxQ +0.0112  changes   444  1.5 min
episode 154/1013  eps 0.247  train return   -9.56%  loss 4.10e-05  maxQ +0.0116  changes   463  1.5 min
episode 155/1013  eps 0.245  train return  -13.95%  loss 3.85e-05  maxQ +0.0123  changes   368  1.6 min
episode 156/1013  eps 0.242  train return  +25.81%  loss 3.65e-05  maxQ +0.0131  changes   431  1.6 min
episode 157/1013  eps 0.240  train return   +3.04%  loss 3.85e-05  maxQ +0.0129  changes   394  1.6 min
episode 158/1013  eps 0.238  train return   -9.21%  loss 3.62e-05  maxQ +0.0133  changes   444  1.6 min
episode 159/1013  eps 0.236  train return  +42.95%  loss 3.57e-05  maxQ +0.0133  changes   435  1.6 min
episode 160/1013  eps 0.234  train return   +8.46%  loss 3.93e-05  maxQ +0.0126  changes   439  1.6 min | val return -11.64% (best +4.34%)
episode 161/1013  eps 0.232  train return  +39.45%  loss 3.60e-05  maxQ +0.0127  changes   490  1.6 min
episode 162/1013  eps 0.230  train return   +6.22%  loss 3.77e-05  maxQ +0.0122  changes   423  1.6 min
episode 163/1013  eps 0.227  train return  +32.07%  loss 4.00e-05  maxQ +0.0118  changes   444  1.6 min
episode 164/1013  eps 0.225  train return   -6.32%  loss 3.81e-05  maxQ +0.0113  changes   370  1.7 min
episode 165/1013  eps 0.223  train return  +14.01%  loss 4.10e-05  maxQ +0.0116  changes   377  1.7 min
episode 166/1013  eps 0.221  train return  +28.10%  loss 3.95e-05  maxQ +0.0125  changes   436  1.7 min
episode 167/1013  eps 0.219  train return  -13.55%  loss 3.67e-05  maxQ +0.0125  changes   416  1.7 min
episode 168/1013  eps 0.217  train return  +33.66%  loss 3.72e-05  maxQ +0.0128  changes   457  1.7 min
episode 169/1013  eps 0.215  train return +125.68%  loss 4.00e-05  maxQ +0.0127  changes   452  1.7 min
episode 170/1013  eps 0.213  train return  -11.93%  loss 3.72e-05  maxQ +0.0124  changes   384  1.7 min | val return -7.93% (best +4.34%)
episode 171/1013  eps 0.211  train return  +27.67%  loss 3.80e-05  maxQ +0.0126  changes   436  1.7 min
episode 172/1013  eps 0.209  train return   +4.20%  loss 3.73e-05  maxQ +0.0125  changes   404  1.7 min
episode 173/1013  eps 0.208  train return   +9.91%  loss 3.59e-05  maxQ +0.0127  changes   404  1.8 min
episode 174/1013  eps 0.206  train return  +13.90%  loss 3.86e-05  maxQ +0.0117  changes   435  1.8 min
episode 175/1013  eps 0.204  train return  +17.89%  loss 3.63e-05  maxQ +0.0112  changes   368  1.8 min
episode 176/1013  eps 0.202  train return +105.29%  loss 3.45e-05  maxQ +0.0107  changes   432  1.8 min
episode 177/1013  eps 0.200  train return  +17.80%  loss 3.38e-05  maxQ +0.0107  changes   386  1.8 min
episode 178/1013  eps 0.198  train return  +13.33%  loss 3.49e-05  maxQ +0.0106  changes   389  1.8 min
episode 179/1013  eps 0.196  train return  +32.45%  loss 3.45e-05  maxQ +0.0096  changes   406  1.8 min
episode 180/1013  eps 0.195  train return   -1.83%  loss 3.60e-05  maxQ +0.0096  changes   389  1.8 min | val return -26.60% (best +4.34%)
episode 181/1013  eps 0.193  train return   +8.68%  loss 3.31e-05  maxQ +0.0100  changes   374  1.8 min
episode 182/1013  eps 0.191  train return   +2.47%  loss 3.60e-05  maxQ +0.0105  changes   377  1.8 min
episode 183/1013  eps 0.189  train return  +21.98%  loss 3.78e-05  maxQ +0.0110  changes   384  1.9 min
episode 184/1013  eps 0.188  train return  -18.50%  loss 3.51e-05  maxQ +0.0100  changes   378  1.9 min
episode 185/1013  eps 0.186  train return  +16.26%  loss 3.58e-05  maxQ +0.0095  changes   352  1.9 min
episode 186/1013  eps 0.184  train return  -12.36%  loss 3.39e-05  maxQ +0.0096  changes   398  1.9 min
episode 187/1013  eps 0.183  train return  +44.65%  loss 3.30e-05  maxQ +0.0101  changes   426  1.9 min
episode 188/1013  eps 0.181  train return   -7.49%  loss 3.76e-05  maxQ +0.0091  changes   403  1.9 min
episode 189/1013  eps 0.179  train return  +66.29%  loss 3.69e-05  maxQ +0.0107  changes   420  1.9 min
episode 190/1013  eps 0.178  train return   -5.26%  loss 3.72e-05  maxQ +0.0106  changes   338  1.9 min | val return -7.47% (best +4.34%)
episode 191/1013  eps 0.176  train return   +7.13%  loss 3.65e-05  maxQ +0.0116  changes   342  1.9 min
episode 192/1013  eps 0.174  train return  +40.14%  loss 3.59e-05  maxQ +0.0110  changes   453  1.9 min
episode 193/1013  eps 0.173  train return   +8.86%  loss 3.83e-05  maxQ +0.0126  changes   387  2.0 min
episode 194/1013  eps 0.171  train return  -14.18%  loss 3.81e-05  maxQ +0.0122  changes   376  2.0 min
episode 195/1013  eps 0.170  train return  +69.69%  loss 3.62e-05  maxQ +0.0110  changes   447  2.0 min
episode 196/1013  eps 0.168  train return   -8.40%  loss 3.30e-05  maxQ +0.0118  changes   326  2.0 min
episode 197/1013  eps 0.167  train return   +4.26%  loss 3.23e-05  maxQ +0.0120  changes   440  2.0 min
episode 198/1013  eps 0.165  train return   -0.73%  loss 3.48e-05  maxQ +0.0115  changes   390  2.0 min
episode 199/1013  eps 0.164  train return  +19.71%  loss 3.33e-05  maxQ +0.0123  changes   393  2.0 min
episode 200/1013  eps 0.162  train return   +1.56%  loss 3.39e-05  maxQ +0.0111  changes   365  2.0 min | val return -20.48% (best +4.34%)
episode 201/1013  eps 0.161  train return  +73.57%  loss 3.39e-05  maxQ +0.0116  changes   411  2.0 min
episode 202/1013  eps 0.159  train return  +29.09%  loss 3.50e-05  maxQ +0.0117  changes   310  2.0 min
episode 203/1013  eps 0.158  train return   -0.83%  loss 3.26e-05  maxQ +0.0117  changes   366  2.1 min
episode 204/1013  eps 0.156  train return  +24.06%  loss 3.77e-05  maxQ +0.0122  changes   369  2.1 min
episode 205/1013  eps 0.155  train return  +17.77%  loss 3.99e-05  maxQ +0.0107  changes   395  2.1 min
episode 206/1013  eps 0.154  train return   -6.11%  loss 3.59e-05  maxQ +0.0115  changes   374  2.1 min
episode 207/1013  eps 0.152  train return   -4.04%  loss 3.63e-05  maxQ +0.0111  changes   425  2.1 min
episode 208/1013  eps 0.151  train return  +40.84%  loss 3.62e-05  maxQ +0.0113  changes   450  2.1 min
episode 209/1013  eps 0.149  train return  +41.68%  loss 3.89e-05  maxQ +0.0110  changes   430  2.1 min
episode 210/1013  eps 0.148  train return  +59.21%  loss 4.12e-05  maxQ +0.0118  changes   427  2.1 min | val return -14.93% (best +4.34%)
episode 211/1013  eps 0.147  train return   -9.43%  loss 4.09e-05  maxQ +0.0112  changes   384  2.1 min
episode 212/1013  eps 0.145  train return  +74.09%  loss 3.38e-05  maxQ +0.0121  changes   444  2.2 min
episode 213/1013  eps 0.144  train return  +40.57%  loss 3.74e-05  maxQ +0.0113  changes   387  2.2 min
episode 214/1013  eps 0.143  train return  +22.23%  loss 3.81e-05  maxQ +0.0111  changes   366  2.2 min
episode 215/1013  eps 0.141  train return   +0.66%  loss 3.74e-05  maxQ +0.0117  changes   354  2.2 min
episode 216/1013  eps 0.140  train return +107.94%  loss 4.03e-05  maxQ +0.0114  changes   458  2.2 min
episode 217/1013  eps 0.139  train return  +13.69%  loss 3.75e-05  maxQ +0.0116  changes   374  2.2 min
episode 218/1013  eps 0.138  train return   -2.11%  loss 3.74e-05  maxQ +0.0117  changes   312  2.2 min
episode 219/1013  eps 0.136  train return   +0.03%  loss 3.88e-05  maxQ +0.0118  changes   352  2.2 min
episode 220/1013  eps 0.135  train return  +15.95%  loss 3.76e-05  maxQ +0.0114  changes   403  2.2 min | val return -30.29% (best +4.34%)
episode 221/1013  eps 0.134  train return  +46.81%  loss 3.90e-05  maxQ +0.0111  changes   450  2.3 min
episode 222/1013  eps 0.133  train return   -4.31%  loss 3.75e-05  maxQ +0.0109  changes   311  2.3 min
episode 223/1013  eps 0.131  train return  +56.41%  loss 3.76e-05  maxQ +0.0110  changes   430  2.3 min
episode 224/1013  eps 0.130  train return   -2.56%  loss 3.77e-05  maxQ +0.0107  changes   301  2.3 min
episode 225/1013  eps 0.129  train return   +7.93%  loss 4.02e-05  maxQ +0.0107  changes   336  2.3 min
episode 226/1013  eps 0.128  train return   -5.29%  loss 3.97e-05  maxQ +0.0112  changes   371  2.3 min
episode 227/1013  eps 0.127  train return   +1.50%  loss 4.45e-05  maxQ +0.0120  changes   374  2.3 min
episode 228/1013  eps 0.126  train return   +4.38%  loss 3.58e-05  maxQ +0.0133  changes   370  2.3 min
episode 229/1013  eps 0.124  train return   +5.15%  loss 3.85e-05  maxQ +0.0128  changes   365  2.3 min
episode 230/1013  eps 0.123  train return   +1.24%  loss 3.82e-05  maxQ +0.0122  changes   378  2.3 min | val return -18.78% (best +4.34%)
episode 231/1013  eps 0.122  train return  +23.94%  loss 3.61e-05  maxQ +0.0135  changes   359  2.4 min
episode 232/1013  eps 0.121  train return   +3.92%  loss 3.55e-05  maxQ +0.0128  changes   337  2.4 min
episode 233/1013  eps 0.120  train return  +32.46%  loss 3.57e-05  maxQ +0.0132  changes   444  2.4 min
episode 234/1013  eps 0.119  train return  +16.12%  loss 3.93e-05  maxQ +0.0126  changes   412  2.4 min
episode 235/1013  eps 0.118  train return  -12.19%  loss 3.71e-05  maxQ +0.0112  changes   404  2.4 min
episode 236/1013  eps 0.117  train return  +14.27%  loss 3.66e-05  maxQ +0.0119  changes   441  2.4 min
episode 237/1013  eps 0.116  train return  +33.57%  loss 3.59e-05  maxQ +0.0114  changes   405  2.4 min
episode 238/1013  eps 0.115  train return   -4.11%  loss 3.67e-05  maxQ +0.0109  changes   383  2.4 min
episode 239/1013  eps 0.114  train return  +44.32%  loss 3.59e-05  maxQ +0.0116  changes   474  2.4 min
episode 240/1013  eps 0.112  train return +124.73%  loss 3.91e-05  maxQ +0.0112  changes   408  2.4 min | val return -12.95% (best +4.34%)
episode 241/1013  eps 0.111  train return  +23.45%  loss 3.81e-05  maxQ +0.0107  changes   405  2.5 min
episode 242/1013  eps 0.110  train return  +26.19%  loss 4.11e-05  maxQ +0.0102  changes   351  2.5 min
episode 243/1013  eps 0.109  train return  +10.24%  loss 3.75e-05  maxQ +0.0109  changes   321  2.5 min
episode 244/1013  eps 0.108  train return   +2.72%  loss 3.45e-05  maxQ +0.0110  changes   379  2.5 min
episode 245/1013  eps 0.107  train return  +15.95%  loss 3.99e-05  maxQ +0.0114  changes   342  2.5 min
episode 246/1013  eps 0.106  train return   -1.14%  loss 3.57e-05  maxQ +0.0110  changes   356  2.5 min
episode 247/1013  eps 0.106  train return  +83.02%  loss 3.39e-05  maxQ +0.0109  changes   436  2.5 min
episode 248/1013  eps 0.105  train return  +37.29%  loss 3.55e-05  maxQ +0.0115  changes   397  2.5 min
episode 249/1013  eps 0.104  train return  +12.92%  loss 3.48e-05  maxQ +0.0107  changes   359  2.5 min
episode 250/1013  eps 0.103  train return +111.21%  loss 3.70e-05  maxQ +0.0106  changes   451  2.5 min | val return -20.83% (best +4.34%)
episode 251/1013  eps 0.102  train return  +10.01%  loss 3.83e-05  maxQ +0.0110  changes   407  2.6 min
episode 252/1013  eps 0.101  train return  +33.35%  loss 3.66e-05  maxQ +0.0102  changes   407  2.6 min
episode 253/1013  eps 0.100  train return  +16.55%  loss 3.74e-05  maxQ +0.0103  changes   381  2.6 min
episode 254/1013  eps 0.099  train return  -24.86%  loss 3.84e-05  maxQ +0.0103  changes   409  2.6 min
episode 255/1013  eps 0.098  train return   +5.54%  loss 4.06e-05  maxQ +0.0115  changes   293  2.6 min
episode 256/1013  eps 0.097  train return   +4.07%  loss 3.77e-05  maxQ +0.0121  changes   376  2.6 min
episode 257/1013  eps 0.096  train return  +87.66%  loss 3.84e-05  maxQ +0.0118  changes   432  2.6 min
episode 258/1013  eps 0.095  train return  +14.84%  loss 3.87e-05  maxQ +0.0118  changes   401  2.6 min
episode 259/1013  eps 0.095  train return  +41.61%  loss 3.96e-05  maxQ +0.0122  changes   391  2.6 min
episode 260/1013  eps 0.094  train return  +16.59%  loss 3.74e-05  maxQ +0.0113  changes   380  2.7 min | val return -17.14% (best +4.34%)
episode 261/1013  eps 0.093  train return  +16.33%  loss 3.66e-05  maxQ +0.0108  changes   429  2.7 min
episode 262/1013  eps 0.092  train return  +30.02%  loss 3.58e-05  maxQ +0.0103  changes   416  2.7 min
episode 263/1013  eps 0.091  train return  +10.27%  loss 3.89e-05  maxQ +0.0114  changes   379  2.7 min
episode 264/1013  eps 0.090  train return  +32.23%  loss 3.72e-05  maxQ +0.0112  changes   346  2.7 min
episode 265/1013  eps 0.090  train return  +12.48%  loss 3.94e-05  maxQ +0.0123  changes   371  2.7 min
episode 266/1013  eps 0.089  train return +101.97%  loss 3.88e-05  maxQ +0.0118  changes   430  2.7 min
episode 267/1013  eps 0.088  train return  +85.55%  loss 3.92e-05  maxQ +0.0110  changes   450  2.7 min
episode 268/1013  eps 0.087  train return   +7.69%  loss 4.01e-05  maxQ +0.0113  changes   419  2.7 min
episode 269/1013  eps 0.086  train return  +11.73%  loss 3.76e-05  maxQ +0.0110  changes   380  2.7 min
episode 270/1013  eps 0.086  train return  +18.18%  loss 3.85e-05  maxQ +0.0110  changes   416  2.8 min | val return -13.93% (best +4.34%)
episode 271/1013  eps 0.085  train return  +28.71%  loss 3.70e-05  maxQ +0.0109  changes   393  2.8 min
episode 272/1013  eps 0.084  train return   +9.97%  loss 3.77e-05  maxQ +0.0108  changes   365  2.8 min
episode 273/1013  eps 0.083  train return  +27.94%  loss 4.00e-05  maxQ +0.0115  changes   445  2.8 min
episode 274/1013  eps 0.082  train return  +17.85%  loss 4.04e-05  maxQ +0.0116  changes   421  2.8 min
episode 275/1013  eps 0.082  train return  +10.06%  loss 4.38e-05  maxQ +0.0122  changes   390  2.8 min
episode 276/1013  eps 0.081  train return  +53.32%  loss 4.12e-05  maxQ +0.0116  changes   427  2.8 min
episode 277/1013  eps 0.080  train return   -0.83%  loss 4.08e-05  maxQ +0.0118  changes   355  2.8 min
episode 278/1013  eps 0.079  train return  +44.24%  loss 3.85e-05  maxQ +0.0107  changes   383  2.8 min
episode 279/1013  eps 0.079  train return  +31.21%  loss 4.21e-05  maxQ +0.0118  changes   372  2.9 min
episode 280/1013  eps 0.078  train return   +3.37%  loss 4.05e-05  maxQ +0.0113  changes   307  2.9 min | val return -16.57% (best +4.34%)
episode 281/1013  eps 0.077  train return  +27.60%  loss 3.61e-05  maxQ +0.0110  changes   420  2.9 min
episode 282/1013  eps 0.077  train return  +43.88%  loss 3.55e-05  maxQ +0.0105  changes   438  2.9 min
episode 283/1013  eps 0.076  train return  +14.26%  loss 3.60e-05  maxQ +0.0106  changes   328  2.9 min
episode 284/1013  eps 0.075  train return  +12.07%  loss 3.57e-05  maxQ +0.0102  changes   390  2.9 min
episode 285/1013  eps 0.075  train return  +18.76%  loss 3.33e-05  maxQ +0.0103  changes   352  2.9 min
episode 286/1013  eps 0.074  train return   +5.38%  loss 3.61e-05  maxQ +0.0105  changes   358  2.9 min
episode 287/1013  eps 0.073  train return   +4.02%  loss 3.35e-05  maxQ +0.0104  changes   347  2.9 min
episode 288/1013  eps 0.073  train return  +72.29%  loss 3.54e-05  maxQ +0.0100  changes   403  2.9 min
episode 289/1013  eps 0.072  train return  +18.76%  loss 3.51e-05  maxQ +0.0098  changes   371  3.0 min
episode 290/1013  eps 0.071  train return  +21.70%  loss 3.74e-05  maxQ +0.0098  changes   366  3.0 min | val return -17.37% (best +4.34%)
episode 291/1013  eps 0.071  train return  +43.60%  loss 3.58e-05  maxQ +0.0103  changes   368  3.0 min
episode 292/1013  eps 0.070  train return  +30.10%  loss 3.66e-05  maxQ +0.0111  changes   405  3.0 min
episode 293/1013  eps 0.069  train return  +74.09%  loss 3.88e-05  maxQ +0.0111  changes   427  3.0 min
episode 294/1013  eps 0.069  train return  +42.44%  loss 3.99e-05  maxQ +0.0108  changes   376  3.0 min
episode 295/1013  eps 0.068  train return +190.97%  loss 3.71e-05  maxQ +0.0104  changes   405  3.0 min
episode 296/1013  eps 0.067  train return  +49.67%  loss 3.84e-05  maxQ +0.0117  changes   431  3.0 min
episode 297/1013  eps 0.067  train return  +70.88%  loss 4.05e-05  maxQ +0.0127  changes   414  3.0 min
episode 298/1013  eps 0.066  train return  +92.83%  loss 3.78e-05  maxQ +0.0126  changes   459  3.1 min
episode 299/1013  eps 0.066  train return   -6.62%  loss 4.18e-05  maxQ +0.0126  changes   296  3.1 min
episode 300/1013  eps 0.065  train return  +46.95%  loss 4.49e-05  maxQ +0.0124  changes   358  3.1 min | val return -14.87% (best +4.34%)
episode 301/1013  eps 0.064  train return  +10.11%  loss 3.71e-05  maxQ +0.0110  changes   353  3.1 min
episode 302/1013  eps 0.064  train return  +19.02%  loss 4.37e-05  maxQ +0.0122  changes   395  3.1 min
episode 303/1013  eps 0.063  train return  +84.62%  loss 4.25e-05  maxQ +0.0116  changes   438  3.1 min
episode 304/1013  eps 0.063  train return   +6.48%  loss 4.10e-05  maxQ +0.0129  changes   351  3.1 min
episode 305/1013  eps 0.062  train return  +64.43%  loss 4.03e-05  maxQ +0.0120  changes   364  3.1 min
episode 306/1013  eps 0.062  train return  +18.84%  loss 4.15e-05  maxQ +0.0128  changes   358  3.2 min
episode 307/1013  eps 0.061  train return   +6.81%  loss 4.10e-05  maxQ +0.0122  changes   332  3.2 min
episode 308/1013  eps 0.060  train return  +18.74%  loss 3.96e-05  maxQ +0.0118  changes   390  3.2 min
episode 309/1013  eps 0.060  train return  +80.44%  loss 3.66e-05  maxQ +0.0112  changes   410  3.2 min
episode 310/1013  eps 0.059  train return  +31.32%  loss 3.75e-05  maxQ +0.0116  changes   394  3.2 min | val return -11.31% (best +4.34%)
episode 311/1013  eps 0.059  train return   +1.45%  loss 4.08e-05  maxQ +0.0119  changes   348  3.2 min
episode 312/1013  eps 0.058  train return  +20.33%  loss 4.23e-05  maxQ +0.0115  changes   346  3.2 min
episode 313/1013  eps 0.058  train return  +38.05%  loss 3.92e-05  maxQ +0.0120  changes   322  3.2 min
episode 314/1013  eps 0.057  train return  +15.82%  loss 3.78e-05  maxQ +0.0119  changes   374  3.2 min
episode 315/1013  eps 0.057  train return +166.99%  loss 4.43e-05  maxQ +0.0123  changes   391  3.3 min
episode 316/1013  eps 0.056  train return  +38.30%  loss 4.04e-05  maxQ +0.0126  changes   359  3.3 min
episode 317/1013  eps 0.056  train return  +28.21%  loss 3.96e-05  maxQ +0.0130  changes   341  3.3 min
episode 318/1013  eps 0.055  train return   -8.76%  loss 3.76e-05  maxQ +0.0116  changes   434  3.3 min
episode 319/1013  eps 0.055  train return  +99.25%  loss 4.18e-05  maxQ +0.0120  changes   449  3.3 min
episode 320/1013  eps 0.054  train return  +41.13%  loss 4.04e-05  maxQ +0.0124  changes   367  3.3 min | val return -8.22% (best +4.34%)
episode 321/1013  eps 0.054  train return  +38.72%  loss 3.75e-05  maxQ +0.0124  changes   362  3.3 min
episode 322/1013  eps 0.053  train return  +90.81%  loss 4.37e-05  maxQ +0.0126  changes   419  3.3 min
episode 323/1013  eps 0.053  train return   +9.14%  loss 4.32e-05  maxQ +0.0130  changes   387  3.3 min
episode 324/1013  eps 0.052  train return  +56.67%  loss 4.23e-05  maxQ +0.0126  changes   385  3.3 min
episode 325/1013  eps 0.052  train return   +6.32%  loss 3.81e-05  maxQ +0.0120  changes   317  3.4 min
episode 326/1013  eps 0.051  train return   -3.26%  loss 3.89e-05  maxQ +0.0124  changes   367  3.4 min
episode 327/1013  eps 0.051  train return   +2.84%  loss 3.85e-05  maxQ +0.0119  changes   408  3.4 min
episode 328/1013  eps 0.050  train return  +10.28%  loss 4.10e-05  maxQ +0.0116  changes   353  3.4 min
episode 329/1013  eps 0.050  train return  +20.95%  loss 3.72e-05  maxQ +0.0110  changes   374  3.4 min
episode 330/1013  eps 0.049  train return   -0.75%  loss 3.69e-05  maxQ +0.0112  changes   325  3.4 min | val return +4.56% (best +4.56%)
episode 331/1013  eps 0.049  train return  +21.67%  loss 3.85e-05  maxQ +0.0106  changes   387  3.4 min
episode 332/1013  eps 0.049  train return +219.71%  loss 3.76e-05  maxQ +0.0106  changes   411  3.4 min
episode 333/1013  eps 0.048  train return +113.17%  loss 4.18e-05  maxQ +0.0112  changes   421  3.4 min
episode 334/1013  eps 0.048  train return   +4.06%  loss 4.44e-05  maxQ +0.0118  changes   359  3.5 min
episode 335/1013  eps 0.047  train return +249.43%  loss 4.50e-05  maxQ +0.0120  changes   417  3.5 min
episode 336/1013  eps 0.047  train return +135.79%  loss 4.09e-05  maxQ +0.0119  changes   419  3.5 min
episode 337/1013  eps 0.046  train return +107.69%  loss 4.46e-05  maxQ +0.0119  changes   431  3.5 min
episode 338/1013  eps 0.046  train return   +1.55%  loss 4.19e-05  maxQ +0.0129  changes   378  3.5 min
episode 339/1013  eps 0.046  train return  +15.51%  loss 4.68e-05  maxQ +0.0129  changes   326  3.5 min
episode 340/1013  eps 0.045  train return  +19.75%  loss 4.40e-05  maxQ +0.0140  changes   373  3.5 min | val return -13.89% (best +4.56%)
episode 341/1013  eps 0.045  train return  +58.97%  loss 4.18e-05  maxQ +0.0133  changes   371  3.5 min
episode 342/1013  eps 0.044  train return  +39.90%  loss 4.35e-05  maxQ +0.0132  changes   350  3.5 min
episode 343/1013  eps 0.044  train return  +34.88%  loss 4.18e-05  maxQ +0.0133  changes   385  3.6 min
episode 344/1013  eps 0.043  train return  +23.26%  loss 4.60e-05  maxQ +0.0139  changes   318  3.6 min
episode 345/1013  eps 0.043  train return  +54.23%  loss 4.24e-05  maxQ +0.0130  changes   401  3.6 min
episode 346/1013  eps 0.043  train return  +19.00%  loss 3.95e-05  maxQ +0.0133  changes   427  3.6 min
episode 347/1013  eps 0.042  train return  +31.50%  loss 4.06e-05  maxQ +0.0136  changes   427  3.6 min
episode 348/1013  eps 0.042  train return  +23.39%  loss 3.87e-05  maxQ +0.0129  changes   400  3.6 min
episode 349/1013  eps 0.042  train return  +15.09%  loss 4.12e-05  maxQ +0.0126  changes   343  3.6 min
episode 350/1013  eps 0.041  train return  +22.96%  loss 4.03e-05  maxQ +0.0131  changes   385  3.6 min | val return -23.85% (best +4.56%)
episode 351/1013  eps 0.041  train return   +2.04%  loss 4.16e-05  maxQ +0.0131  changes   315  3.6 min
episode 352/1013  eps 0.040  train return   +7.43%  loss 3.67e-05  maxQ +0.0132  changes   393  3.6 min
episode 353/1013  eps 0.040  train return  +74.03%  loss 3.74e-05  maxQ +0.0127  changes   321  3.7 min
episode 354/1013  eps 0.040  train return +111.41%  loss 3.88e-05  maxQ +0.0129  changes   407  3.7 min
episode 355/1013  eps 0.039  train return  +16.86%  loss 4.16e-05  maxQ +0.0125  changes   409  3.7 min
episode 356/1013  eps 0.039  train return  +10.86%  loss 4.62e-05  maxQ +0.0133  changes   307  3.7 min
episode 357/1013  eps 0.039  train return   +2.57%  loss 4.37e-05  maxQ +0.0140  changes   275  3.7 min
episode 358/1013  eps 0.038  train return +109.38%  loss 4.30e-05  maxQ +0.0133  changes   399  3.7 min
episode 359/1013  eps 0.038  train return  +52.67%  loss 3.97e-05  maxQ +0.0132  changes   438  3.7 min
episode 360/1013  eps 0.038  train return  +25.36%  loss 3.93e-05  maxQ +0.0129  changes   375  3.7 min | val return -22.65% (best +4.56%)
episode 361/1013  eps 0.037  train return  +18.21%  loss 3.92e-05  maxQ +0.0126  changes   378  3.7 min
episode 362/1013  eps 0.037  train return  +46.10%  loss 4.30e-05  maxQ +0.0136  changes   418  3.7 min
episode 363/1013  eps 0.037  train return  +78.49%  loss 3.89e-05  maxQ +0.0134  changes   436  3.8 min
episode 364/1013  eps 0.036  train return  +11.25%  loss 4.52e-05  maxQ +0.0142  changes   423  3.8 min
episode 365/1013  eps 0.036  train return  +15.09%  loss 4.48e-05  maxQ +0.0138  changes   352  3.8 min
episode 366/1013  eps 0.036  train return +309.85%  loss 4.62e-05  maxQ +0.0141  changes   475  3.8 min
episode 367/1013  eps 0.035  train return  +61.61%  loss 4.19e-05  maxQ +0.0135  changes   375  3.8 min
episode 368/1013  eps 0.035  train return  +24.76%  loss 3.95e-05  maxQ +0.0129  changes   372  3.8 min
episode 369/1013  eps 0.035  train return  +57.96%  loss 3.85e-05  maxQ +0.0132  changes   361  3.8 min
episode 370/1013  eps 0.034  train return  +35.13%  loss 3.87e-05  maxQ +0.0135  changes   347  3.8 min | val return +2.15% (best +4.56%)
episode 371/1013  eps 0.034  train return +249.66%  loss 3.95e-05  maxQ +0.0130  changes   449  3.8 min
episode 372/1013  eps 0.034  train return  +94.59%  loss 4.15e-05  maxQ +0.0127  changes   464  3.9 min
episode 373/1013  eps 0.033  train return +122.50%  loss 4.17e-05  maxQ +0.0124  changes   398  3.9 min
episode 374/1013  eps 0.033  train return +106.31%  loss 3.84e-05  maxQ +0.0118  changes   419  3.9 min
episode 375/1013  eps 0.033  train return   +9.87%  loss 4.26e-05  maxQ +0.0126  changes   354  3.9 min
episode 376/1013  eps 0.032  train return  +27.68%  loss 4.30e-05  maxQ +0.0129  changes   366  3.9 min
episode 377/1013  eps 0.032  train return  +50.02%  loss 4.20e-05  maxQ +0.0126  changes   386  3.9 min
episode 378/1013  eps 0.032  train return  +16.99%  loss 4.18e-05  maxQ +0.0132  changes   319  3.9 min
episode 379/1013  eps 0.032  train return +109.14%  loss 4.36e-05  maxQ +0.0130  changes   417  3.9 min
episode 380/1013  eps 0.031  train return  +45.34%  loss 3.83e-05  maxQ +0.0128  changes   370  3.9 min | val return +3.89% (best +4.56%)
episode 381/1013  eps 0.031  train return  +56.19%  loss 3.97e-05  maxQ +0.0133  changes   408  4.0 min
episode 382/1013  eps 0.031  train return  +31.18%  loss 4.13e-05  maxQ +0.0132  changes   421  4.0 min
episode 383/1013  eps 0.030  train return  +33.41%  loss 4.23e-05  maxQ +0.0127  changes   415  4.0 min
episode 384/1013  eps 0.030  train return  +45.64%  loss 4.04e-05  maxQ +0.0128  changes   470  4.0 min
episode 385/1013  eps 0.030  train return  +28.55%  loss 4.10e-05  maxQ +0.0129  changes   360  4.0 min
episode 386/1013  eps 0.030  train return  +14.14%  loss 4.27e-05  maxQ +0.0125  changes   330  4.0 min
episode 387/1013  eps 0.029  train return  +69.38%  loss 4.07e-05  maxQ +0.0120  changes   421  4.0 min
episode 388/1013  eps 0.029  train return  +57.96%  loss 3.99e-05  maxQ +0.0121  changes   384  4.0 min
episode 389/1013  eps 0.029  train return +110.40%  loss 4.21e-05  maxQ +0.0125  changes   459  4.0 min
episode 390/1013  eps 0.029  train return  +17.41%  loss 4.24e-05  maxQ +0.0125  changes   366  4.0 min | val return -26.73% (best +4.56%)
episode 391/1013  eps 0.028  train return  +50.27%  loss 4.22e-05  maxQ +0.0124  changes   393  4.1 min
episode 392/1013  eps 0.028  train return  +39.35%  loss 3.78e-05  maxQ +0.0115  changes   405  4.1 min
episode 393/1013  eps 0.028  train return   +4.69%  loss 3.71e-05  maxQ +0.0116  changes   400  4.1 min
episode 394/1013  eps 0.028  train return +147.80%  loss 3.90e-05  maxQ +0.0117  changes   438  4.1 min
episode 395/1013  eps 0.027  train return  +78.95%  loss 4.15e-05  maxQ +0.0119  changes   445  4.1 min
episode 396/1013  eps 0.027  train return  +11.41%  loss 3.86e-05  maxQ +0.0119  changes   398  4.1 min
episode 397/1013  eps 0.027  train return +408.85%  loss 4.32e-05  maxQ +0.0129  changes   469  4.1 min
episode 398/1013  eps 0.027  train return  +56.47%  loss 4.69e-05  maxQ +0.0133  changes   375  4.1 min
episode 399/1013  eps 0.026  train return  +30.28%  loss 4.92e-05  maxQ +0.0131  changes   331  4.1 min
episode 400/1013  eps 0.026  train return  +83.21%  loss 4.48e-05  maxQ +0.0129  changes   455  4.1 min | val return -25.67% (best +4.56%)
episode 401/1013  eps 0.026  train return  +35.54%  loss 4.54e-05  maxQ +0.0143  changes   387  4.2 min
episode 402/1013  eps 0.026  train return +118.48%  loss 4.49e-05  maxQ +0.0148  changes   326  4.2 min
episode 403/1013  eps 0.025  train return  +11.04%  loss 4.69e-05  maxQ +0.0140  changes   314  4.2 min
episode 404/1013  eps 0.025  train return +152.69%  loss 4.43e-05  maxQ +0.0135  changes   429  4.2 min
episode 405/1013  eps 0.025  train return  +72.15%  loss 4.60e-05  maxQ +0.0138  changes   432  4.2 min
episode 406/1013  eps 0.025  train return  +37.23%  loss 4.54e-05  maxQ +0.0134  changes   445  4.2 min
episode 407/1013  eps 0.024  train return  +27.59%  loss 4.37e-05  maxQ +0.0131  changes   337  4.2 min
episode 408/1013  eps 0.024  train return  +66.59%  loss 4.43e-05  maxQ +0.0131  changes   435  4.2 min
episode 409/1013  eps 0.024  train return  +19.91%  loss 4.47e-05  maxQ +0.0137  changes   385  4.2 min
episode 410/1013  eps 0.024  train return +165.90%  loss 4.31e-05  maxQ +0.0133  changes   437  4.3 min | val return -22.48% (best +4.56%)
episode 411/1013  eps 0.024  train return  +91.52%  loss 4.84e-05  maxQ +0.0142  changes   360  4.3 min
episode 412/1013  eps 0.023  train return  +28.76%  loss 4.52e-05  maxQ +0.0135  changes   355  4.3 min
episode 413/1013  eps 0.023  train return +152.89%  loss 4.97e-05  maxQ +0.0138  changes   411  4.3 min
episode 414/1013  eps 0.023  train return  +17.13%  loss 5.72e-05  maxQ +0.0137  changes   326  4.3 min
episode 415/1013  eps 0.023  train return  +16.94%  loss 5.37e-05  maxQ +0.0140  changes   325  4.3 min
episode 416/1013  eps 0.023  train return +229.41%  loss 5.25e-05  maxQ +0.0143  changes   428  4.3 min
episode 417/1013  eps 0.022  train return  +95.92%  loss 4.45e-05  maxQ +0.0142  changes   383  4.3 min
episode 418/1013  eps 0.022  train return +221.98%  loss 4.83e-05  maxQ +0.0145  changes   419  4.3 min
episode 419/1013  eps 0.022  train return +195.48%  loss 5.07e-05  maxQ +0.0153  changes   409  4.4 min
episode 420/1013  eps 0.022  train return  +53.40%  loss 5.35e-05  maxQ +0.0152  changes   401  4.4 min | val return +1.44% (best +4.56%)
episode 421/1013  eps 0.022  train return   +9.91%  loss 4.96e-05  maxQ +0.0148  changes   419  4.4 min
episode 422/1013  eps 0.021  train return  +40.45%  loss 5.28e-05  maxQ +0.0146  changes   397  4.4 min
episode 423/1013  eps 0.021  train return +121.38%  loss 5.33e-05  maxQ +0.0134  changes   429  4.4 min
episode 424/1013  eps 0.021  train return  +42.31%  loss 5.13e-05  maxQ +0.0132  changes   374  4.4 min
episode 425/1013  eps 0.021  train return   -3.26%  loss 5.45e-05  maxQ +0.0134  changes   296  4.4 min
episode 426/1013  eps 0.021  train return  +33.69%  loss 5.46e-05  maxQ +0.0137  changes   369  4.4 min
episode 427/1013  eps 0.020  train return  +57.73%  loss 5.09e-05  maxQ +0.0137  changes   409  4.4 min
episode 428/1013  eps 0.020  train return  +34.70%  loss 5.37e-05  maxQ +0.0138  changes   337  4.4 min
episode 429/1013  eps 0.020  train return  +36.97%  loss 4.56e-05  maxQ +0.0139  changes   372  4.5 min
episode 430/1013  eps 0.020  train return +344.42%  loss 4.93e-05  maxQ +0.0144  changes   437  4.5 min | val return -21.62% (best +4.56%)
episode 431/1013  eps 0.020  train return   -3.93%  loss 5.81e-05  maxQ +0.0145  changes   326  4.5 min
episode 432/1013  eps 0.019  train return  +20.94%  loss 5.55e-05  maxQ +0.0148  changes   358  4.5 min
episode 433/1013  eps 0.019  train return  +52.27%  loss 5.28e-05  maxQ +0.0144  changes   457  4.5 min
episode 434/1013  eps 0.019  train return  +24.41%  loss 5.38e-05  maxQ +0.0137  changes   359  4.5 min
episode 435/1013  eps 0.019  train return  +10.61%  loss 4.96e-05  maxQ +0.0144  changes   318  4.5 min
episode 436/1013  eps 0.019  train return +121.32%  loss 5.02e-05  maxQ +0.0139  changes   427  4.5 min
episode 437/1013  eps 0.019  train return +112.68%  loss 5.16e-05  maxQ +0.0136  changes   418  4.5 min
episode 438/1013  eps 0.018  train return   +5.44%  loss 5.02e-05  maxQ +0.0135  changes   347  4.6 min
episode 439/1013  eps 0.018  train return   -0.10%  loss 4.92e-05  maxQ +0.0144  changes   341  4.6 min
episode 440/1013  eps 0.018  train return +174.84%  loss 5.02e-05  maxQ +0.0138  changes   400  4.6 min | val return -3.46% (best +4.56%)
episode 441/1013  eps 0.018  train return  +78.31%  loss 4.78e-05  maxQ +0.0133  changes   406  4.6 min
episode 442/1013  eps 0.018  train return   -1.37%  loss 4.83e-05  maxQ +0.0140  changes   360  4.6 min
episode 443/1013  eps 0.018  train return  +84.69%  loss 4.91e-05  maxQ +0.0145  changes   399  4.6 min
episode 444/1013  eps 0.017  train return  +55.16%  loss 4.76e-05  maxQ +0.0136  changes   400  4.6 min
episode 445/1013  eps 0.017  train return +135.69%  loss 4.85e-05  maxQ +0.0139  changes   408  4.6 min
episode 446/1013  eps 0.017  train return  +21.70%  loss 4.80e-05  maxQ +0.0133  changes   299  4.6 min
episode 447/1013  eps 0.017  train return  +18.26%  loss 4.64e-05  maxQ +0.0141  changes   367  4.7 min
episode 448/1013  eps 0.017  train return   -0.38%  loss 4.45e-05  maxQ +0.0134  changes   249  4.7 min
episode 449/1013  eps 0.017  train return  +18.39%  loss 4.76e-05  maxQ +0.0135  changes   392  4.7 min
episode 450/1013  eps 0.016  train return  +33.63%  loss 5.40e-05  maxQ +0.0135  changes   323  4.7 min | val return -16.09% (best +4.56%)
episode 451/1013  eps 0.016  train return  -22.73%  loss 4.85e-05  maxQ +0.0142  changes   364  4.7 min
episode 452/1013  eps 0.016  train return  +34.85%  loss 4.91e-05  maxQ +0.0136  changes   457  4.7 min
episode 453/1013  eps 0.016  train return +150.71%  loss 4.65e-05  maxQ +0.0134  changes   428  4.7 min
episode 454/1013  eps 0.016  train return +118.24%  loss 4.72e-05  maxQ +0.0126  changes   375  4.7 min
episode 455/1013  eps 0.016  train return  +20.25%  loss 4.71e-05  maxQ +0.0129  changes   377  4.7 min
episode 456/1013  eps 0.016  train return +146.15%  loss 4.58e-05  maxQ +0.0122  changes   436  4.8 min
episode 457/1013  eps 0.015  train return  +81.97%  loss 4.82e-05  maxQ +0.0125  changes   388  4.8 min
episode 458/1013  eps 0.015  train return  +35.25%  loss 4.57e-05  maxQ +0.0129  changes   385  4.8 min
episode 459/1013  eps 0.015  train return  +16.40%  loss 4.53e-05  maxQ +0.0126  changes   337  4.8 min
episode 460/1013  eps 0.015  train return  +28.81%  loss 4.61e-05  maxQ +0.0131  changes   337  4.8 min | val return -24.61% (best +4.56%)
episode 461/1013  eps 0.015  train return   -4.38%  loss 4.87e-05  maxQ +0.0126  changes   248  4.8 min
episode 462/1013  eps 0.015  train return  +25.85%  loss 4.93e-05  maxQ +0.0130  changes   378  4.8 min
episode 463/1013  eps 0.015  train return  +25.80%  loss 4.90e-05  maxQ +0.0142  changes   407  4.8 min
episode 464/1013  eps 0.015  train return +102.57%  loss 4.81e-05  maxQ +0.0133  changes   368  4.8 min
episode 465/1013  eps 0.014  train return  +57.34%  loss 4.36e-05  maxQ +0.0135  changes   302  4.9 min
episode 466/1013  eps 0.014  train return +145.67%  loss 5.15e-05  maxQ +0.0141  changes   404  4.9 min
episode 467/1013  eps 0.014  train return   +7.59%  loss 5.01e-05  maxQ +0.0141  changes   308  4.9 min
episode 468/1013  eps 0.014  train return  +18.99%  loss 4.48e-05  maxQ +0.0135  changes   337  4.9 min
episode 469/1013  eps 0.014  train return  +40.23%  loss 4.29e-05  maxQ +0.0134  changes   392  4.9 min
episode 470/1013  eps 0.014  train return  +18.16%  loss 4.23e-05  maxQ +0.0131  changes   313  4.9 min | val return -4.72% (best +4.56%)
episode 471/1013  eps 0.014  train return  +85.37%  loss 4.45e-05  maxQ +0.0133  changes   424  4.9 min
episode 472/1013  eps 0.013  train return  +34.90%  loss 4.42e-05  maxQ +0.0131  changes   332  4.9 min
episode 473/1013  eps 0.013  train return   -5.59%  loss 4.13e-05  maxQ +0.0127  changes   328  4.9 min
episode 474/1013  eps 0.013  train return  +18.91%  loss 4.17e-05  maxQ +0.0124  changes   339  5.0 min
episode 475/1013  eps 0.013  train return +352.03%  loss 4.05e-05  maxQ +0.0120  changes   432  5.0 min
episode 476/1013  eps 0.013  train return  +13.17%  loss 4.00e-05  maxQ +0.0123  changes   256  5.0 min
episode 477/1013  eps 0.013  train return  +17.53%  loss 4.22e-05  maxQ +0.0131  changes   309  5.0 min
episode 478/1013  eps 0.013  train return  +81.06%  loss 3.94e-05  maxQ +0.0119  changes   388  5.0 min
episode 479/1013  eps 0.013  train return +262.99%  loss 4.48e-05  maxQ +0.0119  changes   417  5.0 min
episode 480/1013  eps 0.013  train return +627.57%  loss 4.43e-05  maxQ +0.0126  changes   462  5.0 min | val return -21.30% (best +4.56%)
episode 481/1013  eps 0.012  train return  +35.09%  loss 4.21e-05  maxQ +0.0136  changes   362  5.0 min
episode 482/1013  eps 0.012  train return  +21.58%  loss 4.44e-05  maxQ +0.0130  changes   411  5.0 min
episode 483/1013  eps 0.012  train return  +44.26%  loss 4.52e-05  maxQ +0.0127  changes   422  5.1 min
episode 484/1013  eps 0.012  train return  +23.89%  loss 4.67e-05  maxQ +0.0132  changes   357  5.1 min
episode 485/1013  eps 0.012  train return  +31.25%  loss 4.54e-05  maxQ +0.0138  changes   361  5.1 min
episode 486/1013  eps 0.012  train return +168.54%  loss 4.24e-05  maxQ +0.0128  changes   418  5.1 min
episode 487/1013  eps 0.012  train return  +47.20%  loss 4.33e-05  maxQ +0.0123  changes   345  5.1 min
episode 488/1013  eps 0.012  train return  +32.80%  loss 4.02e-05  maxQ +0.0127  changes   331  5.1 min
episode 489/1013  eps 0.012  train return +157.28%  loss 3.95e-05  maxQ +0.0124  changes   402  5.1 min
episode 490/1013  eps 0.011  train return +322.70%  loss 3.65e-05  maxQ +0.0124  changes   407  5.1 min | val return -8.59% (best +4.56%)
episode 491/1013  eps 0.011  train return  +19.28%  loss 3.91e-05  maxQ +0.0129  changes   363  5.1 min
episode 492/1013  eps 0.011  train return  +76.02%  loss 3.57e-05  maxQ +0.0117  changes   430  5.2 min
episode 493/1013  eps 0.011  train return  +61.23%  loss 3.66e-05  maxQ +0.0121  changes   336  5.2 min
episode 494/1013  eps 0.011  train return  +49.14%  loss 3.97e-05  maxQ +0.0126  changes   331  5.2 min
episode 495/1013  eps 0.011  train return  +27.90%  loss 3.75e-05  maxQ +0.0125  changes   369  5.2 min
episode 496/1013  eps 0.011  train return +238.02%  loss 3.84e-05  maxQ +0.0132  changes   449  5.2 min
episode 497/1013  eps 0.011  train return  +58.61%  loss 4.27e-05  maxQ +0.0129  changes   399  5.2 min
episode 498/1013  eps 0.011  train return +117.58%  loss 4.01e-05  maxQ +0.0123  changes   390  5.2 min
episode 499/1013  eps 0.011  train return  +66.44%  loss 3.79e-05  maxQ +0.0123  changes   412  5.2 min
episode 500/1013  eps 0.010  train return  -11.87%  loss 3.92e-05  maxQ +0.0124  changes   381  5.2 min | val return -14.86% (best +4.56%)
episode 501/1013  eps 0.010  train return +610.93%  loss 3.95e-05  maxQ +0.0127  changes   429  5.3 min
episode 502/1013  eps 0.010  train return +402.74%  loss 4.15e-05  maxQ +0.0122  changes   414  5.3 min
episode 503/1013  eps 0.010  train return  +21.01%  loss 4.01e-05  maxQ +0.0125  changes   268  5.3 min
episode 504/1013  eps 0.010  train return  +57.51%  loss 3.74e-05  maxQ +0.0129  changes   347  5.3 min
episode 505/1013  eps 0.010  train return  +12.95%  loss 3.82e-05  maxQ +0.0120  changes   360  5.3 min
episode 506/1013  eps 0.010  train return +438.18%  loss 3.67e-05  maxQ +0.0117  changes   421  5.3 min
episode 507/1013  eps 0.010  train return   +4.72%  loss 3.70e-05  maxQ +0.0122  changes   421  5.3 min
episode 508/1013  eps 0.010  train return  +16.65%  loss 3.85e-05  maxQ +0.0122  changes   427  5.3 min
episode 509/1013  eps 0.010  train return  +38.05%  loss 4.13e-05  maxQ +0.0121  changes   444  5.3 min
episode 510/1013  eps 0.010  train return  +49.69%  loss 4.25e-05  maxQ +0.0124  changes   416  5.3 min | val return -1.28% (best +4.56%)
episode 511/1013  eps 0.010  train return   -0.89%  loss 3.91e-05  maxQ +0.0127  changes   255  5.4 min
episode 512/1013  eps 0.010  train return  +72.84%  loss 3.84e-05  maxQ +0.0127  changes   402  5.4 min
episode 513/1013  eps 0.010  train return  +49.47%  loss 4.30e-05  maxQ +0.0128  changes   371  5.4 min
episode 514/1013  eps 0.010  train return  +16.91%  loss 4.60e-05  maxQ +0.0126  changes   369  5.4 min
episode 515/1013  eps 0.010  train return  +57.32%  loss 4.12e-05  maxQ +0.0126  changes   379  5.4 min
episode 516/1013  eps 0.010  train return  +18.65%  loss 4.54e-05  maxQ +0.0131  changes   347  5.4 min
episode 517/1013  eps 0.010  train return  +15.11%  loss 4.06e-05  maxQ +0.0132  changes   383  5.4 min
episode 518/1013  eps 0.010  train return  +95.06%  loss 3.66e-05  maxQ +0.0131  changes   357  5.4 min
episode 519/1013  eps 0.010  train return  +41.03%  loss 3.89e-05  maxQ +0.0132  changes   324  5.4 min
episode 520/1013  eps 0.010  train return +235.85%  loss 4.27e-05  maxQ +0.0131  changes   406  5.5 min | val return -10.24% (best +4.56%)
episode 521/1013  eps 0.010  train return   +5.71%  loss 3.89e-05  maxQ +0.0131  changes   349  5.5 min
episode 522/1013  eps 0.010  train return +118.04%  loss 4.13e-05  maxQ +0.0130  changes   446  5.5 min
episode 523/1013  eps 0.010  train return   -1.72%  loss 3.90e-05  maxQ +0.0127  changes   329  5.5 min
episode 524/1013  eps 0.010  train return  +89.97%  loss 4.21e-05  maxQ +0.0132  changes   345  5.5 min
episode 525/1013  eps 0.010  train return  +47.22%  loss 3.94e-05  maxQ +0.0132  changes   321  5.5 min
episode 526/1013  eps 0.010  train return  +79.24%  loss 3.92e-05  maxQ +0.0132  changes   379  5.5 min
episode 527/1013  eps 0.010  train return +104.58%  loss 4.04e-05  maxQ +0.0128  changes   425  5.5 min
episode 528/1013  eps 0.010  train return +112.67%  loss 4.26e-05  maxQ +0.0127  changes   417  5.5 min
episode 529/1013  eps 0.010  train return  +60.65%  loss 4.44e-05  maxQ +0.0127  changes   369  5.6 min
episode 530/1013  eps 0.010  train return +116.99%  loss 4.28e-05  maxQ +0.0132  changes   416  5.6 min | val return -12.90% (best +4.56%)
episode 531/1013  eps 0.010  train return  +46.69%  loss 4.01e-05  maxQ +0.0126  changes   384  5.6 min
episode 532/1013  eps 0.010  train return  +71.94%  loss 4.24e-05  maxQ +0.0130  changes   376  5.6 min
episode 533/1013  eps 0.010  train return  +28.49%  loss 4.39e-05  maxQ +0.0127  changes   320  5.6 min
episode 534/1013  eps 0.010  train return  +36.45%  loss 3.75e-05  maxQ +0.0123  changes   337  5.6 min
episode 535/1013  eps 0.010  train return  +34.25%  loss 3.72e-05  maxQ +0.0123  changes   274  5.6 min
episode 536/1013  eps 0.010  train return  +76.41%  loss 3.94e-05  maxQ +0.0126  changes   393  5.6 min
episode 537/1013  eps 0.010  train return +219.65%  loss 4.11e-05  maxQ +0.0124  changes   388  5.6 min
episode 538/1013  eps 0.010  train return +143.08%  loss 4.10e-05  maxQ +0.0118  changes   450  5.7 min
episode 539/1013  eps 0.010  train return  +21.73%  loss 3.95e-05  maxQ +0.0117  changes   397  5.7 min
episode 540/1013  eps 0.010  train return  +62.93%  loss 3.94e-05  maxQ +0.0118  changes   400  5.7 min | val return -11.07% (best +4.56%)
episode 541/1013  eps 0.010  train return  +22.85%  loss 4.23e-05  maxQ +0.0128  changes   348  5.7 min
episode 542/1013  eps 0.010  train return +148.79%  loss 4.37e-05  maxQ +0.0127  changes   386  5.7 min
episode 543/1013  eps 0.010  train return  +82.50%  loss 4.57e-05  maxQ +0.0131  changes   412  5.7 min
episode 544/1013  eps 0.010  train return  +57.80%  loss 4.45e-05  maxQ +0.0124  changes   357  5.7 min
episode 545/1013  eps 0.010  train return  +25.38%  loss 4.21e-05  maxQ +0.0129  changes   319  5.7 min
episode 546/1013  eps 0.010  train return +260.62%  loss 4.19e-05  maxQ +0.0130  changes   442  5.7 min
episode 547/1013  eps 0.010  train return  +33.28%  loss 4.68e-05  maxQ +0.0131  changes   298  5.8 min
episode 548/1013  eps 0.010  train return   +7.19%  loss 4.55e-05  maxQ +0.0134  changes   303  5.8 min
episode 549/1013  eps 0.010  train return  +16.35%  loss 4.23e-05  maxQ +0.0128  changes   373  5.8 min
episode 550/1013  eps 0.010  train return  +28.17%  loss 4.05e-05  maxQ +0.0137  changes   331  5.8 min | val return -16.06% (best +4.56%)
episode 551/1013  eps 0.010  train return  +82.45%  loss 4.33e-05  maxQ +0.0132  changes   412  5.8 min
episode 552/1013  eps 0.010  train return  +97.35%  loss 4.20e-05  maxQ +0.0135  changes   407  5.8 min
episode 553/1013  eps 0.010  train return +304.18%  loss 3.97e-05  maxQ +0.0128  changes   411  5.8 min
episode 554/1013  eps 0.010  train return  +15.13%  loss 4.32e-05  maxQ +0.0129  changes   298  5.8 min
episode 555/1013  eps 0.010  train return  +17.09%  loss 4.29e-05  maxQ +0.0129  changes   331  5.8 min
episode 556/1013  eps 0.010  train return  +23.53%  loss 4.07e-05  maxQ +0.0123  changes   368  5.8 min
episode 557/1013  eps 0.010  train return  +74.98%  loss 4.22e-05  maxQ +0.0119  changes   368  5.9 min
episode 558/1013  eps 0.010  train return  +10.51%  loss 4.46e-05  maxQ +0.0123  changes   351  5.9 min
episode 559/1013  eps 0.010  train return  +53.43%  loss 4.45e-05  maxQ +0.0126  changes   402  5.9 min
episode 560/1013  eps 0.010  train return  +14.95%  loss 4.09e-05  maxQ +0.0127  changes   328  5.9 min | val return -12.88% (best +4.56%)
episode 561/1013  eps 0.010  train return +125.28%  loss 4.46e-05  maxQ +0.0130  changes   370  5.9 min
episode 562/1013  eps 0.010  train return +105.39%  loss 4.12e-05  maxQ +0.0129  changes   398  5.9 min
episode 563/1013  eps 0.010  train return  +13.61%  loss 4.02e-05  maxQ +0.0129  changes   308  5.9 min
episode 564/1013  eps 0.010  train return  +24.08%  loss 3.94e-05  maxQ +0.0130  changes   374  5.9 min
episode 565/1013  eps 0.010  train return +138.95%  loss 4.59e-05  maxQ +0.0124  changes   460  5.9 min
episode 566/1013  eps 0.010  train return +178.63%  loss 4.54e-05  maxQ +0.0135  changes   457  6.0 min
episode 567/1013  eps 0.010  train return +179.86%  loss 4.30e-05  maxQ +0.0136  changes   425  6.0 min
episode 568/1013  eps 0.010  train return  +20.23%  loss 4.48e-05  maxQ +0.0130  changes   282  6.0 min
episode 569/1013  eps 0.010  train return  +26.19%  loss 4.33e-05  maxQ +0.0131  changes   361  6.0 min
episode 570/1013  eps 0.010  train return   -2.87%  loss 4.20e-05  maxQ +0.0134  changes   248  6.0 min | val return -14.17% (best +4.56%)
episode 571/1013  eps 0.010  train return   -9.57%  loss 4.03e-05  maxQ +0.0132  changes   250  6.0 min
episode 572/1013  eps 0.010  train return +142.60%  loss 3.81e-05  maxQ +0.0128  changes   444  6.0 min
episode 573/1013  eps 0.010  train return  +29.26%  loss 3.90e-05  maxQ +0.0127  changes   368  6.0 min
episode 574/1013  eps 0.010  train return  +28.77%  loss 4.20e-05  maxQ +0.0132  changes   334  6.0 min
episode 575/1013  eps 0.010  train return  +34.09%  loss 4.08e-05  maxQ +0.0131  changes   348  6.0 min
episode 576/1013  eps 0.010  train return  +25.07%  loss 3.67e-05  maxQ +0.0124  changes   352  6.1 min
episode 577/1013  eps 0.010  train return  +54.23%  loss 4.14e-05  maxQ +0.0128  changes   341  6.1 min
episode 578/1013  eps 0.010  train return +153.30%  loss 4.14e-05  maxQ +0.0134  changes   366  6.1 min
episode 579/1013  eps 0.010  train return  +67.42%  loss 3.93e-05  maxQ +0.0133  changes   386  6.1 min
episode 580/1013  eps 0.010  train return  +43.18%  loss 4.16e-05  maxQ +0.0134  changes   282  6.1 min | val return -10.02% (best +4.56%)
episode 581/1013  eps 0.010  train return  +22.65%  loss 4.12e-05  maxQ +0.0130  changes   297  6.1 min
episode 582/1013  eps 0.010  train return +115.58%  loss 3.98e-05  maxQ +0.0126  changes   393  6.1 min
episode 583/1013  eps 0.010  train return  +28.16%  loss 4.24e-05  maxQ +0.0124  changes   304  6.1 min
episode 584/1013  eps 0.010  train return +309.48%  loss 4.15e-05  maxQ +0.0122  changes   407  6.1 min
episode 585/1013  eps 0.010  train return   -6.13%  loss 4.06e-05  maxQ +0.0124  changes   239  6.2 min
episode 586/1013  eps 0.010  train return +139.39%  loss 4.16e-05  maxQ +0.0131  changes   402  6.2 min
episode 587/1013  eps 0.010  train return +309.85%  loss 4.38e-05  maxQ +0.0127  changes   418  6.2 min
episode 588/1013  eps 0.010  train return  +77.51%  loss 4.39e-05  maxQ +0.0133  changes   418  6.2 min
episode 589/1013  eps 0.010  train return  +60.37%  loss 4.62e-05  maxQ +0.0129  changes   289  6.2 min
episode 590/1013  eps 0.010  train return  +39.81%  loss 3.87e-05  maxQ +0.0131  changes   304  6.2 min | val return -13.90% (best +4.56%)
episode 591/1013  eps 0.010  train return  +15.02%  loss 3.92e-05  maxQ +0.0137  changes   325  6.2 min
episode 592/1013  eps 0.010  train return  +64.15%  loss 4.16e-05  maxQ +0.0127  changes   356  6.2 min
episode 593/1013  eps 0.010  train return  +24.95%  loss 4.25e-05  maxQ +0.0130  changes   278  6.3 min
episode 594/1013  eps 0.010  train return  +43.71%  loss 4.22e-05  maxQ +0.0134  changes   338  6.3 min
episode 595/1013  eps 0.010  train return  +39.15%  loss 4.06e-05  maxQ +0.0131  changes   383  6.3 min
episode 596/1013  eps 0.010  train return  +31.82%  loss 3.78e-05  maxQ +0.0126  changes   289  6.3 min
episode 597/1013  eps 0.010  train return  +29.23%  loss 3.88e-05  maxQ +0.0121  changes   386  6.3 min
episode 598/1013  eps 0.010  train return  +42.53%  loss 3.76e-05  maxQ +0.0122  changes   313  6.3 min
episode 599/1013  eps 0.010  train return  +68.50%  loss 3.71e-05  maxQ +0.0121  changes   376  6.3 min
episode 600/1013  eps 0.010  train return  +95.05%  loss 4.17e-05  maxQ +0.0124  changes   346  6.3 min | val return -18.34% (best +4.56%)
episode 601/1013  eps 0.010  train return  +91.57%  loss 3.99e-05  maxQ +0.0123  changes   367  6.4 min
episode 602/1013  eps 0.010  train return +256.52%  loss 3.96e-05  maxQ +0.0126  changes   420  6.4 min
episode 603/1013  eps 0.010  train return  +21.73%  loss 3.99e-05  maxQ +0.0122  changes   282  6.4 min
episode 604/1013  eps 0.010  train return  +42.20%  loss 3.82e-05  maxQ +0.0116  changes   353  6.4 min
episode 605/1013  eps 0.010  train return  +19.31%  loss 3.83e-05  maxQ +0.0115  changes   285  6.4 min
episode 606/1013  eps 0.010  train return  +23.71%  loss 3.82e-05  maxQ +0.0121  changes   280  6.4 min
episode 607/1013  eps 0.010  train return +108.50%  loss 4.10e-05  maxQ +0.0120  changes   385  6.4 min
episode 608/1013  eps 0.010  train return  +27.69%  loss 4.09e-05  maxQ +0.0127  changes   265  6.4 min
episode 609/1013  eps 0.010  train return +250.78%  loss 3.77e-05  maxQ +0.0124  changes   396  6.4 min
episode 610/1013  eps 0.010  train return  +74.50%  loss 3.64e-05  maxQ +0.0120  changes   343  6.5 min | val return +5.74% (best +5.74%)
episode 611/1013  eps 0.010  train return  +79.11%  loss 3.79e-05  maxQ +0.0123  changes   372  6.5 min
episode 612/1013  eps 0.010  train return +292.92%  loss 3.63e-05  maxQ +0.0122  changes   438  6.5 min
episode 613/1013  eps 0.010  train return  +23.98%  loss 3.80e-05  maxQ +0.0122  changes   292  6.5 min
episode 614/1013  eps 0.010  train return  +66.17%  loss 3.86e-05  maxQ +0.0120  changes   383  6.5 min
episode 615/1013  eps 0.010  train return  +38.04%  loss 3.88e-05  maxQ +0.0120  changes   231  6.5 min
episode 616/1013  eps 0.010  train return  +21.33%  loss 3.65e-05  maxQ +0.0117  changes   294  6.5 min
episode 617/1013  eps 0.010  train return   -4.12%  loss 3.69e-05  maxQ +0.0121  changes   226  6.5 min
episode 618/1013  eps 0.010  train return   +9.63%  loss 3.43e-05  maxQ +0.0122  changes   272  6.6 min
episode 619/1013  eps 0.010  train return +109.44%  loss 3.77e-05  maxQ +0.0122  changes   355  6.6 min
episode 620/1013  eps 0.010  train return  +25.14%  loss 3.80e-05  maxQ +0.0117  changes   344  6.6 min | val return +4.12% (best +5.74%)
episode 621/1013  eps 0.010  train return  +68.78%  loss 3.59e-05  maxQ +0.0118  changes   359  6.6 min
episode 622/1013  eps 0.010  train return   +9.66%  loss 3.78e-05  maxQ +0.0116  changes   351  6.6 min
episode 623/1013  eps 0.010  train return  +36.70%  loss 3.36e-05  maxQ +0.0123  changes   272  6.6 min
episode 624/1013  eps 0.010  train return  +75.77%  loss 3.82e-05  maxQ +0.0123  changes   343  6.6 min
episode 625/1013  eps 0.010  train return   +5.64%  loss 3.79e-05  maxQ +0.0116  changes   315  6.7 min
episode 626/1013  eps 0.010  train return  +28.14%  loss 3.78e-05  maxQ +0.0118  changes   370  6.7 min
episode 627/1013  eps 0.010  train return  +32.78%  loss 3.66e-05  maxQ +0.0117  changes   279  6.7 min
episode 628/1013  eps 0.010  train return +112.37%  loss 3.72e-05  maxQ +0.0120  changes   386  6.7 min
episode 629/1013  eps 0.010  train return  +48.33%  loss 3.49e-05  maxQ +0.0113  changes   353  6.7 min
episode 630/1013  eps 0.010  train return  +26.48%  loss 3.52e-05  maxQ +0.0118  changes   384  6.7 min | val return -9.50% (best +5.74%)
episode 631/1013  eps 0.010  train return  +42.23%  loss 3.45e-05  maxQ +0.0111  changes   345  6.8 min
episode 632/1013  eps 0.010  train return  +98.06%  loss 3.43e-05  maxQ +0.0110  changes   415  6.8 min
episode 633/1013  eps 0.010  train return  +15.59%  loss 3.68e-05  maxQ +0.0110  changes   327  6.8 min
episode 634/1013  eps 0.010  train return +125.10%  loss 3.61e-05  maxQ +0.0112  changes   388  6.9 min
episode 635/1013  eps 0.010  train return +519.08%  loss 3.77e-05  maxQ +0.0115  changes   395  6.9 min
episode 636/1013  eps 0.010  train return +367.57%  loss 3.43e-05  maxQ +0.0111  changes   413  6.9 min
episode 637/1013  eps 0.010  train return  +86.39%  loss 3.54e-05  maxQ +0.0111  changes   369  6.9 min
episode 638/1013  eps 0.010  train return  +84.05%  loss 3.60e-05  maxQ +0.0112  changes   420  6.9 min
episode 639/1013  eps 0.010  train return +402.25%  loss 3.82e-05  maxQ +0.0116  changes   425  6.9 min
episode 640/1013  eps 0.010  train return +130.79%  loss 3.87e-05  maxQ +0.0115  changes   414  7.0 min | val return -2.09% (best +5.74%)
episode 641/1013  eps 0.010  train return  +40.13%  loss 4.17e-05  maxQ +0.0123  changes   413  7.0 min
episode 642/1013  eps 0.010  train return  +53.92%  loss 3.77e-05  maxQ +0.0124  changes   353  7.0 min
episode 643/1013  eps 0.010  train return +224.31%  loss 3.82e-05  maxQ +0.0119  changes   390  7.0 min
episode 644/1013  eps 0.010  train return +177.38%  loss 3.58e-05  maxQ +0.0119  changes   461  7.0 min
episode 645/1013  eps 0.010  train return  +15.11%  loss 3.65e-05  maxQ +0.0116  changes   294  7.0 min
episode 646/1013  eps 0.010  train return  +61.79%  loss 3.96e-05  maxQ +0.0123  changes   348  7.0 min
episode 647/1013  eps 0.010  train return +149.31%  loss 4.03e-05  maxQ +0.0128  changes   426  7.0 min
episode 648/1013  eps 0.010  train return +294.59%  loss 4.02e-05  maxQ +0.0128  changes   390  7.1 min
episode 649/1013  eps 0.010  train return  +56.95%  loss 3.73e-05  maxQ +0.0128  changes   355  7.1 min
episode 650/1013  eps 0.010  train return  +12.19%  loss 3.87e-05  maxQ +0.0127  changes   328  7.1 min | val return -9.87% (best +5.74%)
episode 651/1013  eps 0.010  train return +106.71%  loss 4.32e-05  maxQ +0.0129  changes   385  7.1 min
episode 652/1013  eps 0.010  train return +159.92%  loss 3.97e-05  maxQ +0.0134  changes   393  7.1 min
episode 653/1013  eps 0.010  train return  +60.35%  loss 3.89e-05  maxQ +0.0128  changes   367  7.1 min
episode 654/1013  eps 0.010  train return  +39.90%  loss 3.76e-05  maxQ +0.0128  changes   327  7.1 min
episode 655/1013  eps 0.010  train return  +55.64%  loss 3.63e-05  maxQ +0.0129  changes   322  7.2 min
episode 656/1013  eps 0.010  train return  +64.49%  loss 3.84e-05  maxQ +0.0125  changes   363  7.2 min
episode 657/1013  eps 0.010  train return  +19.10%  loss 3.75e-05  maxQ +0.0126  changes   348  7.2 min
episode 658/1013  eps 0.010  train return  +74.23%  loss 3.83e-05  maxQ +0.0123  changes   373  7.2 min
episode 659/1013  eps 0.010  train return +148.08%  loss 3.91e-05  maxQ +0.0129  changes   449  7.2 min
episode 660/1013  eps 0.010  train return +200.81%  loss 3.98e-05  maxQ +0.0129  changes   450  7.2 min | val return -7.28% (best +5.74%)
episode 661/1013  eps 0.010  train return +193.46%  loss 3.95e-05  maxQ +0.0129  changes   414  7.2 min
episode 662/1013  eps 0.010  train return +138.92%  loss 4.00e-05  maxQ +0.0128  changes   412  7.2 min
episode 663/1013  eps 0.010  train return +423.02%  loss 4.26e-05  maxQ +0.0121  changes   431  7.2 min
episode 664/1013  eps 0.010  train return +148.82%  loss 4.43e-05  maxQ +0.0124  changes   399  7.3 min
episode 665/1013  eps 0.010  train return +173.47%  loss 4.12e-05  maxQ +0.0127  changes   400  7.3 min
episode 666/1013  eps 0.010  train return   +3.01%  loss 4.14e-05  maxQ +0.0132  changes   224  7.3 min
episode 667/1013  eps 0.010  train return +123.75%  loss 4.05e-05  maxQ +0.0126  changes   408  7.3 min
episode 668/1013  eps 0.010  train return  +37.17%  loss 4.22e-05  maxQ +0.0128  changes   415  7.3 min
episode 669/1013  eps 0.010  train return  +68.68%  loss 4.23e-05  maxQ +0.0123  changes   389  7.3 min
episode 670/1013  eps 0.010  train return  +70.09%  loss 3.97e-05  maxQ +0.0129  changes   370  7.3 min | val return -0.67% (best +5.74%)
episode 671/1013  eps 0.010  train return +108.74%  loss 4.30e-05  maxQ +0.0134  changes   423  7.3 min
episode 672/1013  eps 0.010  train return  +54.21%  loss 4.11e-05  maxQ +0.0131  changes   362  7.4 min
episode 673/1013  eps 0.010  train return  +56.15%  loss 3.98e-05  maxQ +0.0128  changes   334  7.4 min
episode 674/1013  eps 0.010  train return  +94.76%  loss 3.96e-05  maxQ +0.0128  changes   382  7.4 min
episode 675/1013  eps 0.010  train return +140.34%  loss 4.16e-05  maxQ +0.0128  changes   383  7.4 min
episode 676/1013  eps 0.010  train return  +21.37%  loss 4.47e-05  maxQ +0.0136  changes   278  7.4 min
episode 677/1013  eps 0.010  train return  +18.64%  loss 4.18e-05  maxQ +0.0131  changes   307  7.4 min
episode 678/1013  eps 0.010  train return +161.85%  loss 4.01e-05  maxQ +0.0130  changes   391  7.4 min
episode 679/1013  eps 0.010  train return   -2.40%  loss 4.07e-05  maxQ +0.0125  changes   269  7.4 min
episode 680/1013  eps 0.010  train return  +18.79%  loss 3.72e-05  maxQ +0.0129  changes   268  7.4 min | val return -9.01% (best +5.74%)
episode 681/1013  eps 0.010  train return +263.63%  loss 3.96e-05  maxQ +0.0130  changes   438  7.5 min
episode 682/1013  eps 0.010  train return  +48.50%  loss 3.96e-05  maxQ +0.0128  changes   352  7.5 min
episode 683/1013  eps 0.010  train return   +9.96%  loss 3.80e-05  maxQ +0.0130  changes   268  7.5 min
episode 684/1013  eps 0.010  train return  +66.76%  loss 3.95e-05  maxQ +0.0135  changes   306  7.5 min
episode 685/1013  eps 0.010  train return +331.29%  loss 4.01e-05  maxQ +0.0127  changes   439  7.5 min
episode 686/1013  eps 0.010  train return  +11.08%  loss 3.92e-05  maxQ +0.0132  changes   294  7.5 min
episode 687/1013  eps 0.010  train return  +42.02%  loss 4.00e-05  maxQ +0.0133  changes   327  7.5 min
episode 688/1013  eps 0.010  train return  +42.89%  loss 4.16e-05  maxQ +0.0136  changes   304  7.5 min
episode 689/1013  eps 0.010  train return  +51.75%  loss 4.05e-05  maxQ +0.0140  changes   335  7.5 min
episode 690/1013  eps 0.010  train return  +29.96%  loss 4.13e-05  maxQ +0.0143  changes   286  7.6 min | val return -10.41% (best +5.74%)
episode 691/1013  eps 0.010  train return +147.82%  loss 4.32e-05  maxQ +0.0140  changes   411  7.6 min
episode 692/1013  eps 0.010  train return  +54.64%  loss 4.24e-05  maxQ +0.0141  changes   398  7.6 min
episode 693/1013  eps 0.010  train return  +78.28%  loss 4.17e-05  maxQ +0.0140  changes   402  7.6 min
episode 694/1013  eps 0.010  train return  +91.87%  loss 4.38e-05  maxQ +0.0141  changes   388  7.6 min
episode 695/1013  eps 0.010  train return +167.41%  loss 4.27e-05  maxQ +0.0142  changes   408  7.6 min
episode 696/1013  eps 0.010  train return  +14.91%  loss 4.57e-05  maxQ +0.0144  changes   358  7.6 min
episode 697/1013  eps 0.010  train return +129.72%  loss 4.19e-05  maxQ +0.0137  changes   429  7.6 min
episode 698/1013  eps 0.010  train return +155.52%  loss 4.00e-05  maxQ +0.0136  changes   403  7.7 min
episode 699/1013  eps 0.010  train return +431.60%  loss 4.06e-05  maxQ +0.0131  changes   453  7.7 min
episode 700/1013  eps 0.010  train return  +77.17%  loss 4.07e-05  maxQ +0.0134  changes   356  7.7 min | val return -19.08% (best +5.74%)
episode 701/1013  eps 0.010  train return +473.00%  loss 4.44e-05  maxQ +0.0141  changes   413  7.7 min
episode 702/1013  eps 0.010  train return +181.32%  loss 4.39e-05  maxQ +0.0140  changes   389  7.7 min
episode 703/1013  eps 0.010  train return +147.56%  loss 4.42e-05  maxQ +0.0139  changes   365  7.7 min
episode 704/1013  eps 0.010  train return   -5.92%  loss 4.07e-05  maxQ +0.0132  changes   265  7.7 min
episode 705/1013  eps 0.010  train return  +25.99%  loss 3.90e-05  maxQ +0.0130  changes   338  7.7 min
episode 706/1013  eps 0.010  train return  +78.26%  loss 3.89e-05  maxQ +0.0131  changes   349  7.8 min
episode 707/1013  eps 0.010  train return  +46.78%  loss 4.31e-05  maxQ +0.0131  changes   400  7.8 min
episode 708/1013  eps 0.010  train return +164.73%  loss 4.20e-05  maxQ +0.0131  changes   444  7.8 min
episode 709/1013  eps 0.010  train return +193.79%  loss 3.99e-05  maxQ +0.0131  changes   391  7.8 min
episode 710/1013  eps 0.010  train return   +8.75%  loss 4.04e-05  maxQ +0.0127  changes   250  7.8 min | val return -1.03% (best +5.74%)
episode 711/1013  eps 0.010  train return  +24.73%  loss 4.05e-05  maxQ +0.0128  changes   373  7.8 min
episode 712/1013  eps 0.010  train return  +30.69%  loss 3.98e-05  maxQ +0.0131  changes   323  7.8 min
episode 713/1013  eps 0.010  train return +167.29%  loss 3.79e-05  maxQ +0.0130  changes   386  7.8 min
episode 714/1013  eps 0.010  train return +167.25%  loss 4.02e-05  maxQ +0.0134  changes   398  7.8 min
episode 715/1013  eps 0.010  train return   +5.06%  loss 4.16e-05  maxQ +0.0136  changes   371  7.9 min
episode 716/1013  eps 0.010  train return  +20.92%  loss 3.99e-05  maxQ +0.0139  changes   369  7.9 min
episode 717/1013  eps 0.010  train return +170.31%  loss 3.89e-05  maxQ +0.0137  changes   415  7.9 min
episode 718/1013  eps 0.010  train return  +12.77%  loss 3.76e-05  maxQ +0.0133  changes   270  7.9 min
episode 719/1013  eps 0.010  train return  +26.27%  loss 3.76e-05  maxQ +0.0135  changes   414  7.9 min
episode 720/1013  eps 0.010  train return  +31.36%  loss 4.10e-05  maxQ +0.0133  changes   393  7.9 min | val return +0.08% (best +5.74%)
episode 721/1013  eps 0.010  train return +124.16%  loss 3.69e-05  maxQ +0.0128  changes   414  7.9 min
episode 722/1013  eps 0.010  train return  +98.47%  loss 3.70e-05  maxQ +0.0132  changes   394  7.9 min
episode 723/1013  eps 0.010  train return  +18.14%  loss 3.64e-05  maxQ +0.0126  changes   396  7.9 min
episode 724/1013  eps 0.010  train return   +7.99%  loss 3.76e-05  maxQ +0.0124  changes   358  8.0 min
episode 725/1013  eps 0.010  train return  +60.20%  loss 4.02e-05  maxQ +0.0133  changes   435  8.0 min
episode 726/1013  eps 0.010  train return +194.43%  loss 3.87e-05  maxQ +0.0126  changes   440  8.0 min
episode 727/1013  eps 0.010  train return +162.37%  loss 3.92e-05  maxQ +0.0136  changes   424  8.0 min
episode 728/1013  eps 0.010  train return  +23.20%  loss 3.94e-05  maxQ +0.0134  changes   313  8.0 min
episode 729/1013  eps 0.010  train return  +29.11%  loss 3.94e-05  maxQ +0.0134  changes   303  8.0 min
episode 730/1013  eps 0.010  train return  +81.86%  loss 3.79e-05  maxQ +0.0131  changes   335  8.0 min | val return +3.59% (best +5.74%)
episode 731/1013  eps 0.010  train return +205.86%  loss 4.03e-05  maxQ +0.0131  changes   446  8.0 min
episode 732/1013  eps 0.010  train return  +17.13%  loss 3.69e-05  maxQ +0.0129  changes   383  8.0 min
episode 733/1013  eps 0.010  train return +272.61%  loss 3.85e-05  maxQ +0.0132  changes   429  8.1 min
episode 734/1013  eps 0.010  train return  +62.62%  loss 3.98e-05  maxQ +0.0137  changes   358  8.1 min
episode 735/1013  eps 0.010  train return  +23.04%  loss 3.94e-05  maxQ +0.0128  changes   332  8.1 min
episode 736/1013  eps 0.010  train return  +96.87%  loss 3.86e-05  maxQ +0.0131  changes   409  8.1 min
episode 737/1013  eps 0.010  train return  +46.20%  loss 3.58e-05  maxQ +0.0135  changes   374  8.1 min
episode 738/1013  eps 0.010  train return  +59.74%  loss 3.72e-05  maxQ +0.0131  changes   367  8.1 min
episode 739/1013  eps 0.010  train return  +42.74%  loss 3.76e-05  maxQ +0.0131  changes   320  8.1 min
episode 740/1013  eps 0.010  train return  +20.57%  loss 3.64e-05  maxQ +0.0132  changes   327  8.1 min | val return -7.69% (best +5.74%)
episode 741/1013  eps 0.010  train return  +27.85%  loss 3.73e-05  maxQ +0.0133  changes   327  8.2 min
episode 742/1013  eps 0.010  train return  +57.80%  loss 3.38e-05  maxQ +0.0126  changes   341  8.2 min
episode 743/1013  eps 0.010  train return +156.81%  loss 3.50e-05  maxQ +0.0129  changes   376  8.2 min
episode 744/1013  eps 0.010  train return +426.82%  loss 3.52e-05  maxQ +0.0129  changes   458  8.2 min
episode 745/1013  eps 0.010  train return  +27.10%  loss 3.57e-05  maxQ +0.0128  changes   325  8.2 min
episode 746/1013  eps 0.010  train return +227.19%  loss 3.84e-05  maxQ +0.0131  changes   419  8.2 min
episode 747/1013  eps 0.010  train return +189.46%  loss 3.74e-05  maxQ +0.0135  changes   394  8.2 min
episode 748/1013  eps 0.010  train return +120.98%  loss 3.96e-05  maxQ +0.0133  changes   426  8.2 min
episode 749/1013  eps 0.010  train return +226.76%  loss 4.38e-05  maxQ +0.0139  changes   405  8.2 min
episode 750/1013  eps 0.010  train return  +99.10%  loss 3.76e-05  maxQ +0.0133  changes   379  8.3 min | val return -2.24% (best +5.74%)
episode 751/1013  eps 0.010  train return  +26.19%  loss 4.02e-05  maxQ +0.0131  changes   345  8.3 min
episode 752/1013  eps 0.010  train return  +20.13%  loss 4.04e-05  maxQ +0.0134  changes   285  8.3 min
episode 753/1013  eps 0.010  train return +313.80%  loss 3.84e-05  maxQ +0.0135  changes   427  8.3 min
episode 754/1013  eps 0.010  train return  +61.69%  loss 3.82e-05  maxQ +0.0139  changes   388  8.3 min
episode 755/1013  eps 0.010  train return  +41.22%  loss 3.88e-05  maxQ +0.0135  changes   359  8.3 min
episode 756/1013  eps 0.010  train return +278.01%  loss 3.93e-05  maxQ +0.0135  changes   421  8.3 min
episode 757/1013  eps 0.010  train return +267.77%  loss 3.89e-05  maxQ +0.0132  changes   412  8.3 min
episode 758/1013  eps 0.010  train return  +52.84%  loss 4.10e-05  maxQ +0.0131  changes   318  8.3 min
episode 759/1013  eps 0.010  train return  +39.27%  loss 4.24e-05  maxQ +0.0131  changes   293  8.4 min
episode 760/1013  eps 0.010  train return  +67.35%  loss 4.14e-05  maxQ +0.0138  changes   393  8.4 min | val return +2.81% (best +5.74%)
episode 761/1013  eps 0.010  train return +116.70%  loss 3.96e-05  maxQ +0.0132  changes   366  8.4 min
episode 762/1013  eps 0.010  train return  +19.53%  loss 3.86e-05  maxQ +0.0128  changes   312  8.4 min
episode 763/1013  eps 0.010  train return  +21.11%  loss 3.87e-05  maxQ +0.0131  changes   385  8.4 min
episode 764/1013  eps 0.010  train return  +58.52%  loss 3.86e-05  maxQ +0.0134  changes   302  8.4 min
episode 765/1013  eps 0.010  train return   +0.70%  loss 3.80e-05  maxQ +0.0134  changes   255  8.4 min
episode 766/1013  eps 0.010  train return  +17.22%  loss 4.19e-05  maxQ +0.0129  changes   368  8.4 min
episode 767/1013  eps 0.010  train return +141.40%  loss 4.21e-05  maxQ +0.0132  changes   402  8.4 min
episode 768/1013  eps 0.010  train return  +76.84%  loss 4.39e-05  maxQ +0.0131  changes   306  8.5 min
episode 769/1013  eps 0.010  train return  +70.60%  loss 3.96e-05  maxQ +0.0129  changes   342  8.5 min
episode 770/1013  eps 0.010  train return  +64.39%  loss 3.55e-05  maxQ +0.0128  changes   367  8.5 min | val return +6.76% (best +6.76%)
episode 771/1013  eps 0.010  train return  +79.58%  loss 3.78e-05  maxQ +0.0125  changes   354  8.5 min
episode 772/1013  eps 0.010  train return  +10.72%  loss 3.60e-05  maxQ +0.0124  changes   317  8.5 min
episode 773/1013  eps 0.010  train return  +37.18%  loss 3.58e-05  maxQ +0.0122  changes   373  8.5 min
episode 774/1013  eps 0.010  train return  +68.30%  loss 3.72e-05  maxQ +0.0127  changes   321  8.5 min
episode 775/1013  eps 0.010  train return  +76.43%  loss 3.63e-05  maxQ +0.0118  changes   372  8.5 min
episode 776/1013  eps 0.010  train return   +7.44%  loss 3.48e-05  maxQ +0.0117  changes   251  8.5 min
episode 777/1013  eps 0.010  train return  +30.37%  loss 3.57e-05  maxQ +0.0120  changes   309  8.6 min
episode 778/1013  eps 0.010  train return  +42.51%  loss 3.59e-05  maxQ +0.0117  changes   322  8.6 min
episode 779/1013  eps 0.010  train return +117.00%  loss 3.59e-05  maxQ +0.0122  changes   392  8.6 min
episode 780/1013  eps 0.010  train return +352.29%  loss 3.89e-05  maxQ +0.0127  changes   400  8.6 min | val return -13.00% (best +6.76%)
episode 781/1013  eps 0.010  train return  +26.13%  loss 3.90e-05  maxQ +0.0121  changes   380  8.6 min
episode 782/1013  eps 0.010  train return  +43.76%  loss 3.82e-05  maxQ +0.0120  changes   326  8.6 min
episode 783/1013  eps 0.010  train return  +65.84%  loss 3.56e-05  maxQ +0.0123  changes   375  8.6 min
episode 784/1013  eps 0.010  train return  +44.83%  loss 3.73e-05  maxQ +0.0122  changes   365  8.6 min
episode 785/1013  eps 0.010  train return +110.24%  loss 3.68e-05  maxQ +0.0128  changes   397  8.7 min
episode 786/1013  eps 0.010  train return +177.28%  loss 4.21e-05  maxQ +0.0134  changes   409  8.7 min
episode 787/1013  eps 0.010  train return  +73.33%  loss 3.86e-05  maxQ +0.0135  changes   397  8.7 min
episode 788/1013  eps 0.010  train return  +48.07%  loss 3.77e-05  maxQ +0.0129  changes   340  8.7 min
episode 789/1013  eps 0.010  train return  +22.23%  loss 3.74e-05  maxQ +0.0128  changes   399  8.7 min
episode 790/1013  eps 0.010  train return +159.44%  loss 3.56e-05  maxQ +0.0125  changes   415  8.7 min | val return -19.70% (best +6.76%)
episode 791/1013  eps 0.010  train return  +92.77%  loss 3.76e-05  maxQ +0.0128  changes   349  8.7 min
episode 792/1013  eps 0.010  train return  +37.60%  loss 3.98e-05  maxQ +0.0133  changes   333  8.7 min
episode 793/1013  eps 0.010  train return   -6.55%  loss 3.95e-05  maxQ +0.0130  changes   333  8.7 min
episode 794/1013  eps 0.010  train return  +30.94%  loss 3.92e-05  maxQ +0.0130  changes   297  8.8 min
episode 795/1013  eps 0.010  train return   +2.43%  loss 3.81e-05  maxQ +0.0136  changes   258  8.8 min
episode 796/1013  eps 0.010  train return +206.08%  loss 3.60e-05  maxQ +0.0127  changes   441  8.8 min
episode 797/1013  eps 0.010  train return  +80.63%  loss 4.19e-05  maxQ +0.0126  changes   387  8.8 min
episode 798/1013  eps 0.010  train return  +28.05%  loss 3.66e-05  maxQ +0.0130  changes   300  8.8 min
episode 799/1013  eps 0.010  train return  +47.13%  loss 3.59e-05  maxQ +0.0134  changes   312  8.8 min
episode 800/1013  eps 0.010  train return +263.58%  loss 3.68e-05  maxQ +0.0130  changes   405  8.8 min | val return -13.78% (best +6.76%)
episode 801/1013  eps 0.010  train return +164.95%  loss 3.90e-05  maxQ +0.0137  changes   429  8.8 min
episode 802/1013  eps 0.010  train return +336.17%  loss 4.36e-05  maxQ +0.0138  changes   428  8.8 min
episode 803/1013  eps 0.010  train return  +95.56%  loss 4.13e-05  maxQ +0.0131  changes   352  8.9 min
episode 804/1013  eps 0.010  train return  +68.74%  loss 4.11e-05  maxQ +0.0130  changes   347  8.9 min
episode 805/1013  eps 0.010  train return   +7.53%  loss 4.00e-05  maxQ +0.0128  changes   385  8.9 min
episode 806/1013  eps 0.010  train return  +16.76%  loss 3.78e-05  maxQ +0.0132  changes   296  8.9 min
episode 807/1013  eps 0.010  train return +191.34%  loss 4.02e-05  maxQ +0.0130  changes   435  8.9 min
episode 808/1013  eps 0.010  train return +191.29%  loss 3.80e-05  maxQ +0.0130  changes   368  8.9 min
episode 809/1013  eps 0.010  train return +193.58%  loss 4.07e-05  maxQ +0.0133  changes   383  8.9 min
episode 810/1013  eps 0.010  train return  +11.28%  loss 3.91e-05  maxQ +0.0135  changes   343  8.9 min | val return -12.25% (best +6.76%)
episode 811/1013  eps 0.010  train return +473.20%  loss 3.96e-05  maxQ +0.0138  changes   418  8.9 min
episode 812/1013  eps 0.010  train return +261.49%  loss 4.23e-05  maxQ +0.0145  changes   388  8.9 min
episode 813/1013  eps 0.010  train return   +0.72%  loss 4.48e-05  maxQ +0.0146  changes   437  9.0 min
episode 814/1013  eps 0.010  train return +152.47%  loss 4.25e-05  maxQ +0.0143  changes   426  9.0 min
episode 815/1013  eps 0.010  train return  +30.36%  loss 3.90e-05  maxQ +0.0134  changes   357  9.0 min
episode 816/1013  eps 0.010  train return  +27.50%  loss 3.77e-05  maxQ +0.0137  changes   315  9.0 min
episode 817/1013  eps 0.010  train return   +5.89%  loss 4.00e-05  maxQ +0.0133  changes   268  9.0 min
episode 818/1013  eps 0.010  train return  +47.55%  loss 3.80e-05  maxQ +0.0130  changes   323  9.0 min
episode 819/1013  eps 0.010  train return +161.41%  loss 3.96e-05  maxQ +0.0134  changes   387  9.0 min
episode 820/1013  eps 0.010  train return  +85.45%  loss 3.93e-05  maxQ +0.0136  changes   346  9.0 min | val return -6.40% (best +6.76%)
episode 821/1013  eps 0.010  train return  +56.21%  loss 4.10e-05  maxQ +0.0134  changes   432  9.0 min
episode 822/1013  eps 0.010  train return +406.79%  loss 3.82e-05  maxQ +0.0141  changes   422  9.1 min
episode 823/1013  eps 0.010  train return  +87.03%  loss 3.98e-05  maxQ +0.0135  changes   404  9.1 min
episode 824/1013  eps 0.010  train return  +54.35%  loss 3.90e-05  maxQ +0.0133  changes   361  9.1 min
episode 825/1013  eps 0.010  train return   +5.18%  loss 3.78e-05  maxQ +0.0129  changes   249  9.1 min
episode 826/1013  eps 0.010  train return +160.42%  loss 3.59e-05  maxQ +0.0128  changes   392  9.1 min
episode 827/1013  eps 0.010  train return +217.28%  loss 4.01e-05  maxQ +0.0136  changes   393  9.1 min
episode 828/1013  eps 0.010  train return  +56.82%  loss 3.98e-05  maxQ +0.0128  changes   360  9.1 min
episode 829/1013  eps 0.010  train return   +7.55%  loss 3.61e-05  maxQ +0.0128  changes   272  9.1 min
episode 830/1013  eps 0.010  train return  +98.33%  loss 3.82e-05  maxQ +0.0129  changes   417  9.1 min | val return -12.29% (best +6.76%)
episode 831/1013  eps 0.010  train return +206.21%  loss 3.77e-05  maxQ +0.0128  changes   419  9.2 min
episode 832/1013  eps 0.010  train return  +40.08%  loss 4.24e-05  maxQ +0.0133  changes   398  9.2 min
episode 833/1013  eps 0.010  train return  +50.36%  loss 3.74e-05  maxQ +0.0129  changes   372  9.2 min
episode 834/1013  eps 0.010  train return +167.68%  loss 3.84e-05  maxQ +0.0130  changes   362  9.2 min
episode 835/1013  eps 0.010  train return  +62.06%  loss 3.91e-05  maxQ +0.0130  changes   400  9.2 min
episode 836/1013  eps 0.010  train return  +33.14%  loss 3.88e-05  maxQ +0.0135  changes   318  9.2 min
episode 837/1013  eps 0.010  train return +145.31%  loss 3.61e-05  maxQ +0.0131  changes   438  9.2 min
episode 838/1013  eps 0.010  train return  +17.92%  loss 3.85e-05  maxQ +0.0129  changes   404  9.2 min
episode 839/1013  eps 0.010  train return  +46.22%  loss 3.86e-05  maxQ +0.0128  changes   358  9.2 min
episode 840/1013  eps 0.010  train return  +42.13%  loss 3.74e-05  maxQ +0.0123  changes   349  9.2 min | val return -2.96% (best +6.76%)
episode 841/1013  eps 0.010  train return  +47.13%  loss 3.62e-05  maxQ +0.0126  changes   341  9.3 min
episode 842/1013  eps 0.010  train return +165.81%  loss 3.92e-05  maxQ +0.0127  changes   393  9.3 min
episode 843/1013  eps 0.010  train return +154.96%  loss 3.76e-05  maxQ +0.0134  changes   421  9.3 min
episode 844/1013  eps 0.010  train return  +38.74%  loss 3.82e-05  maxQ +0.0129  changes   307  9.3 min
episode 845/1013  eps 0.010  train return  +94.21%  loss 3.60e-05  maxQ +0.0126  changes   451  9.3 min
episode 846/1013  eps 0.010  train return  +89.93%  loss 3.73e-05  maxQ +0.0123  changes   373  9.3 min
episode 847/1013  eps 0.010  train return +175.70%  loss 3.93e-05  maxQ +0.0126  changes   372  9.3 min
episode 848/1013  eps 0.010  train return +195.46%  loss 3.94e-05  maxQ +0.0128  changes   406  9.3 min
episode 849/1013  eps 0.010  train return +177.12%  loss 3.79e-05  maxQ +0.0126  changes   389  9.3 min
episode 850/1013  eps 0.010  train return +182.27%  loss 3.58e-05  maxQ +0.0126  changes   426  9.4 min | val return -6.63% (best +6.76%)
episode 851/1013  eps 0.010  train return +138.92%  loss 4.00e-05  maxQ +0.0130  changes   412  9.4 min
episode 852/1013  eps 0.010  train return  +25.15%  loss 3.79e-05  maxQ +0.0133  changes   317  9.4 min
episode 853/1013  eps 0.010  train return +198.74%  loss 3.68e-05  maxQ +0.0125  changes   440  9.4 min
episode 854/1013  eps 0.010  train return +271.62%  loss 3.80e-05  maxQ +0.0129  changes   391  9.4 min
episode 855/1013  eps 0.010  train return  +19.81%  loss 3.66e-05  maxQ +0.0130  changes   310  9.4 min
episode 856/1013  eps 0.010  train return  +34.83%  loss 3.40e-05  maxQ +0.0130  changes   360  9.4 min
episode 857/1013  eps 0.010  train return  +69.59%  loss 3.93e-05  maxQ +0.0136  changes   380  9.4 min
episode 858/1013  eps 0.010  train return  +19.23%  loss 3.60e-05  maxQ +0.0140  changes   307  9.4 min
episode 859/1013  eps 0.010  train return +580.30%  loss 3.75e-05  maxQ +0.0140  changes   402  9.5 min
episode 860/1013  eps 0.010  train return  +72.97%  loss 3.89e-05  maxQ +0.0136  changes   393  9.5 min | val return -0.46% (best +6.76%)
episode 861/1013  eps 0.010  train return  +89.55%  loss 4.08e-05  maxQ +0.0139  changes   374  9.5 min
episode 862/1013  eps 0.010  train return  +62.76%  loss 4.07e-05  maxQ +0.0138  changes   296  9.5 min
episode 863/1013  eps 0.010  train return  +41.51%  loss 3.69e-05  maxQ +0.0141  changes   345  9.5 min
episode 864/1013  eps 0.010  train return  +78.05%  loss 3.81e-05  maxQ +0.0140  changes   407  9.5 min
episode 865/1013  eps 0.010  train return  +26.75%  loss 3.64e-05  maxQ +0.0139  changes   309  9.5 min
episode 866/1013  eps 0.010  train return  +10.67%  loss 3.90e-05  maxQ +0.0140  changes   329  9.5 min
episode 867/1013  eps 0.010  train return +206.86%  loss 3.65e-05  maxQ +0.0140  changes   441  9.5 min
episode 868/1013  eps 0.010  train return  +29.97%  loss 3.77e-05  maxQ +0.0137  changes   403  9.6 min
episode 869/1013  eps 0.010  train return +106.08%  loss 3.94e-05  maxQ +0.0145  changes   362  9.6 min
episode 870/1013  eps 0.010  train return  +66.48%  loss 3.89e-05  maxQ +0.0140  changes   384  9.6 min | val return -12.82% (best +6.76%)
episode 871/1013  eps 0.010  train return +104.12%  loss 3.72e-05  maxQ +0.0138  changes   395  9.6 min
episode 872/1013  eps 0.010  train return  +53.23%  loss 3.54e-05  maxQ +0.0138  changes   386  9.6 min
episode 873/1013  eps 0.010  train return +186.76%  loss 3.77e-05  maxQ +0.0137  changes   425  9.6 min
episode 874/1013  eps 0.010  train return  +76.56%  loss 3.66e-05  maxQ +0.0132  changes   366  9.6 min
episode 875/1013  eps 0.010  train return +244.31%  loss 3.62e-05  maxQ +0.0132  changes   465  9.6 min
episode 876/1013  eps 0.010  train return  +37.72%  loss 3.87e-05  maxQ +0.0132  changes   299  9.6 min
episode 877/1013  eps 0.010  train return +208.39%  loss 4.18e-05  maxQ +0.0134  changes   378  9.7 min
episode 878/1013  eps 0.010  train return +119.09%  loss 3.61e-05  maxQ +0.0134  changes   384  9.7 min
episode 879/1013  eps 0.010  train return  +73.28%  loss 3.80e-05  maxQ +0.0136  changes   341  9.7 min
episode 880/1013  eps 0.010  train return +257.24%  loss 3.76e-05  maxQ +0.0132  changes   408  9.7 min | val return -9.49% (best +6.76%)
episode 881/1013  eps 0.010  train return  +48.56%  loss 3.80e-05  maxQ +0.0135  changes   386  9.7 min
episode 882/1013  eps 0.010  train return +184.41%  loss 3.92e-05  maxQ +0.0132  changes   461  9.7 min
episode 883/1013  eps 0.010  train return  +37.91%  loss 3.80e-05  maxQ +0.0126  changes   320  9.7 min
episode 884/1013  eps 0.010  train return +539.82%  loss 3.53e-05  maxQ +0.0135  changes   416  9.7 min
episode 885/1013  eps 0.010  train return  +96.77%  loss 3.71e-05  maxQ +0.0136  changes   352  9.7 min
episode 886/1013  eps 0.010  train return  +20.03%  loss 3.65e-05  maxQ +0.0134  changes   369  9.8 min
episode 887/1013  eps 0.010  train return +249.21%  loss 3.67e-05  maxQ +0.0129  changes   435  9.8 min
episode 888/1013  eps 0.010  train return +106.90%  loss 3.70e-05  maxQ +0.0131  changes   343  9.8 min
episode 889/1013  eps 0.010  train return  +20.42%  loss 3.45e-05  maxQ +0.0128  changes   290  9.8 min
episode 890/1013  eps 0.010  train return  +51.48%  loss 3.47e-05  maxQ +0.0134  changes   335  9.8 min | val return -6.71% (best +6.76%)
episode 891/1013  eps 0.010  train return  +19.43%  loss 3.55e-05  maxQ +0.0134  changes   345  9.8 min
episode 892/1013  eps 0.010  train return +122.29%  loss 3.47e-05  maxQ +0.0139  changes   384  9.8 min
episode 893/1013  eps 0.010  train return  +46.75%  loss 3.41e-05  maxQ +0.0131  changes   314  9.8 min
episode 894/1013  eps 0.010  train return   +6.33%  loss 3.38e-05  maxQ +0.0130  changes   254  9.9 min
episode 895/1013  eps 0.010  train return  +52.68%  loss 3.47e-05  maxQ +0.0132  changes   367  9.9 min
episode 896/1013  eps 0.010  train return +117.55%  loss 3.49e-05  maxQ +0.0133  changes   396  9.9 min
episode 897/1013  eps 0.010  train return +140.49%  loss 3.41e-05  maxQ +0.0127  changes   399  9.9 min
episode 898/1013  eps 0.010  train return  +75.90%  loss 3.17e-05  maxQ +0.0128  changes   389  9.9 min
episode 899/1013  eps 0.010  train return  +18.40%  loss 3.46e-05  maxQ +0.0126  changes   266  9.9 min
episode 900/1013  eps 0.010  train return  +51.60%  loss 3.37e-05  maxQ +0.0129  changes   340  9.9 min | val return -25.03% (best +6.76%)
episode 901/1013  eps 0.010  train return  +20.58%  loss 3.23e-05  maxQ +0.0127  changes   348  9.9 min
episode 902/1013  eps 0.010  train return  +30.74%  loss 3.25e-05  maxQ +0.0124  changes   335  9.9 min
episode 903/1013  eps 0.010  train return +144.73%  loss 3.31e-05  maxQ +0.0123  changes   380  10.0 min
episode 904/1013  eps 0.010  train return  +34.47%  loss 3.16e-05  maxQ +0.0128  changes   319  10.0 min
episode 905/1013  eps 0.010  train return +230.07%  loss 3.29e-05  maxQ +0.0122  changes   409  10.0 min
episode 906/1013  eps 0.010  train return +112.73%  loss 3.36e-05  maxQ +0.0127  changes   362  10.0 min
episode 907/1013  eps 0.010  train return  +61.29%  loss 3.38e-05  maxQ +0.0126  changes   323  10.0 min
episode 908/1013  eps 0.010  train return  +35.51%  loss 3.43e-05  maxQ +0.0133  changes   322  10.0 min
episode 909/1013  eps 0.010  train return  +23.56%  loss 3.20e-05  maxQ +0.0129  changes   319  10.0 min
episode 910/1013  eps 0.010  train return  +70.58%  loss 3.30e-05  maxQ +0.0133  changes   365  10.0 min | val return -11.01% (best +6.76%)
episode 911/1013  eps 0.010  train return +123.46%  loss 3.40e-05  maxQ +0.0132  changes   362  10.0 min
episode 912/1013  eps 0.010  train return  +37.25%  loss 3.37e-05  maxQ +0.0134  changes   347  10.1 min
episode 913/1013  eps 0.010  train return +250.65%  loss 3.28e-05  maxQ +0.0130  changes   410  10.1 min
episode 914/1013  eps 0.010  train return +537.38%  loss 3.55e-05  maxQ +0.0139  changes   432  10.1 min
episode 915/1013  eps 0.010  train return  +20.90%  loss 3.28e-05  maxQ +0.0134  changes   414  10.1 min
episode 916/1013  eps 0.010  train return  +21.57%  loss 3.32e-05  maxQ +0.0132  changes   268  10.1 min
episode 917/1013  eps 0.010  train return  +41.95%  loss 3.49e-05  maxQ +0.0137  changes   355  10.1 min
episode 918/1013  eps 0.010  train return  +43.51%  loss 3.41e-05  maxQ +0.0136  changes   313  10.1 min
episode 919/1013  eps 0.010  train return +244.42%  loss 3.48e-05  maxQ +0.0144  changes   451  10.1 min
episode 920/1013  eps 0.010  train return +162.23%  loss 3.50e-05  maxQ +0.0144  changes   398  10.1 min | val return -2.28% (best +6.76%)
episode 921/1013  eps 0.010  train return  +35.31%  loss 3.23e-05  maxQ +0.0142  changes   305  10.2 min
episode 922/1013  eps 0.010  train return  +46.08%  loss 3.43e-05  maxQ +0.0140  changes   327  10.2 min
episode 923/1013  eps 0.010  train return  +37.20%  loss 3.29e-05  maxQ +0.0139  changes   309  10.2 min
episode 924/1013  eps 0.010  train return +271.81%  loss 3.53e-05  maxQ +0.0140  changes   451  10.2 min
episode 925/1013  eps 0.010  train return  +38.51%  loss 3.29e-05  maxQ +0.0141  changes   384  10.2 min
episode 926/1013  eps 0.010  train return   +6.63%  loss 3.12e-05  maxQ +0.0136  changes   228  10.2 min
episode 927/1013  eps 0.010  train return +141.56%  loss 3.44e-05  maxQ +0.0136  changes   424  10.2 min
episode 928/1013  eps 0.010  train return +109.75%  loss 3.02e-05  maxQ +0.0138  changes   343  10.2 min
episode 929/1013  eps 0.010  train return  +62.31%  loss 3.08e-05  maxQ +0.0135  changes   460  10.2 min
episode 930/1013  eps 0.010  train return +118.78%  loss 3.19e-05  maxQ +0.0136  changes   369  10.2 min | val return -10.16% (best +6.76%)
episode 931/1013  eps 0.010  train return +239.16%  loss 3.44e-05  maxQ +0.0137  changes   399  10.3 min
episode 932/1013  eps 0.010  train return  +79.85%  loss 3.14e-05  maxQ +0.0129  changes   388  10.3 min
episode 933/1013  eps 0.010  train return   +9.69%  loss 3.14e-05  maxQ +0.0131  changes   347  10.3 min
episode 934/1013  eps 0.010  train return  +22.16%  loss 3.42e-05  maxQ +0.0131  changes   407  10.3 min
episode 935/1013  eps 0.010  train return   +5.66%  loss 3.34e-05  maxQ +0.0136  changes   351  10.3 min
episode 936/1013  eps 0.010  train return  +39.13%  loss 3.32e-05  maxQ +0.0135  changes   393  10.3 min
episode 937/1013  eps 0.010  train return +247.92%  loss 3.22e-05  maxQ +0.0136  changes   368  10.3 min
episode 938/1013  eps 0.010  train return  +37.25%  loss 2.96e-05  maxQ +0.0132  changes   382  10.3 min
episode 939/1013  eps 0.010  train return +209.19%  loss 3.29e-05  maxQ +0.0138  changes   407  10.3 min
episode 940/1013  eps 0.010  train return +330.03%  loss 3.29e-05  maxQ +0.0137  changes   442  10.4 min | val return -0.58% (best +6.76%)
episode 941/1013  eps 0.010  train return  +79.81%  loss 3.26e-05  maxQ +0.0131  changes   435  10.4 min
episode 942/1013  eps 0.010  train return  +43.59%  loss 3.08e-05  maxQ +0.0129  changes   299  10.4 min
episode 943/1013  eps 0.010  train return +121.61%  loss 3.18e-05  maxQ +0.0127  changes   442  10.4 min
episode 944/1013  eps 0.010  train return +305.11%  loss 3.69e-05  maxQ +0.0131  changes   433  10.4 min
episode 945/1013  eps 0.010  train return  +18.32%  loss 3.73e-05  maxQ +0.0134  changes   276  10.4 min
episode 946/1013  eps 0.010  train return  +25.57%  loss 3.36e-05  maxQ +0.0134  changes   277  10.4 min
episode 947/1013  eps 0.010  train return  +91.62%  loss 3.21e-05  maxQ +0.0132  changes   352  10.4 min
episode 948/1013  eps 0.010  train return +142.22%  loss 3.14e-05  maxQ +0.0128  changes   413  10.5 min
episode 949/1013  eps 0.010  train return   +3.19%  loss 3.38e-05  maxQ +0.0131  changes   236  10.5 min
episode 950/1013  eps 0.010  train return  +65.02%  loss 3.40e-05  maxQ +0.0134  changes   412  10.5 min | val return -2.67% (best +6.76%)
episode 951/1013  eps 0.010  train return +290.42%  loss 3.22e-05  maxQ +0.0124  changes   402  10.5 min
episode 952/1013  eps 0.010  train return  +56.09%  loss 3.40e-05  maxQ +0.0124  changes   387  10.5 min
episode 953/1013  eps 0.010  train return  +24.14%  loss 3.55e-05  maxQ +0.0128  changes   368  10.5 min
episode 954/1013  eps 0.010  train return  +26.68%  loss 3.40e-05  maxQ +0.0126  changes   333  10.5 min
episode 955/1013  eps 0.010  train return  +59.61%  loss 3.25e-05  maxQ +0.0129  changes   349  10.5 min
episode 956/1013  eps 0.010  train return  +49.16%  loss 3.25e-05  maxQ +0.0128  changes   338  10.5 min
episode 957/1013  eps 0.010  train return  +50.36%  loss 3.50e-05  maxQ +0.0129  changes   316  10.6 min
episode 958/1013  eps 0.010  train return +251.86%  loss 3.86e-05  maxQ +0.0141  changes   398  10.6 min
episode 959/1013  eps 0.010  train return  +41.87%  loss 3.57e-05  maxQ +0.0134  changes   331  10.6 min
episode 960/1013  eps 0.010  train return +256.53%  loss 3.36e-05  maxQ +0.0134  changes   394  10.6 min | val return -15.08% (best +6.76%)
episode 961/1013  eps 0.010  train return +103.44%  loss 3.81e-05  maxQ +0.0132  changes   439  10.6 min
episode 962/1013  eps 0.010  train return  +27.80%  loss 3.47e-05  maxQ +0.0126  changes   257  10.6 min
episode 963/1013  eps 0.010  train return  +83.15%  loss 3.40e-05  maxQ +0.0127  changes   420  10.6 min
episode 964/1013  eps 0.010  train return +114.16%  loss 3.56e-05  maxQ +0.0131  changes   384  10.6 min
episode 965/1013  eps 0.010  train return  +41.08%  loss 3.72e-05  maxQ +0.0132  changes   346  10.6 min
episode 966/1013  eps 0.010  train return  +38.58%  loss 3.75e-05  maxQ +0.0132  changes   350  10.6 min
episode 967/1013  eps 0.010  train return +281.26%  loss 3.88e-05  maxQ +0.0136  changes   410  10.7 min
episode 968/1013  eps 0.010  train return +202.28%  loss 3.78e-05  maxQ +0.0131  changes   407  10.7 min
episode 969/1013  eps 0.010  train return  +54.86%  loss 3.55e-05  maxQ +0.0135  changes   326  10.7 min
episode 970/1013  eps 0.010  train return +446.31%  loss 3.48e-05  maxQ +0.0131  changes   405  10.7 min | val return -3.43% (best +6.76%)
episode 971/1013  eps 0.010  train return  +30.03%  loss 3.50e-05  maxQ +0.0126  changes   271  10.7 min
episode 972/1013  eps 0.010  train return  +68.19%  loss 3.53e-05  maxQ +0.0129  changes   350  10.7 min
episode 973/1013  eps 0.010  train return  +29.34%  loss 3.63e-05  maxQ +0.0128  changes   349  10.7 min
episode 974/1013  eps 0.010  train return +163.81%  loss 3.40e-05  maxQ +0.0128  changes   433  10.7 min
episode 975/1013  eps 0.010  train return +146.43%  loss 3.80e-05  maxQ +0.0126  changes   440  10.8 min
episode 976/1013  eps 0.010  train return +202.68%  loss 3.90e-05  maxQ +0.0133  changes   423  10.8 min
episode 977/1013  eps 0.010  train return   +8.69%  loss 3.81e-05  maxQ +0.0134  changes   235  10.8 min
episode 978/1013  eps 0.010  train return  +22.82%  loss 4.07e-05  maxQ +0.0144  changes   264  10.8 min
episode 979/1013  eps 0.010  train return  +22.39%  loss 3.54e-05  maxQ +0.0138  changes   355  10.8 min
episode 980/1013  eps 0.010  train return  +27.47%  loss 3.62e-05  maxQ +0.0142  changes   373  10.8 min | val return -12.02% (best +6.76%)
episode 981/1013  eps 0.010  train return  +43.30%  loss 3.76e-05  maxQ +0.0144  changes   259  10.8 min
episode 982/1013  eps 0.010  train return  +78.40%  loss 3.47e-05  maxQ +0.0135  changes   396  10.8 min
episode 983/1013  eps 0.010  train return +117.12%  loss 3.66e-05  maxQ +0.0139  changes   389  10.8 min
episode 984/1013  eps 0.010  train return +111.35%  loss 3.56e-05  maxQ +0.0140  changes   360  10.9 min
episode 985/1013  eps 0.010  train return +205.91%  loss 3.74e-05  maxQ +0.0141  changes   459  10.9 min
episode 986/1013  eps 0.010  train return  +82.59%  loss 3.81e-05  maxQ +0.0143  changes   329  10.9 min
episode 987/1013  eps 0.010  train return  +11.20%  loss 3.76e-05  maxQ +0.0146  changes   226  10.9 min
episode 988/1013  eps 0.010  train return  +16.22%  loss 4.01e-05  maxQ +0.0146  changes   281  10.9 min
episode 989/1013  eps 0.010  train return +191.71%  loss 3.92e-05  maxQ +0.0148  changes   397  10.9 min
episode 990/1013  eps 0.010  train return  +40.97%  loss 3.86e-05  maxQ +0.0142  changes   372  10.9 min | val return -7.13% (best +6.76%)
episode 991/1013  eps 0.010  train return +253.06%  loss 3.66e-05  maxQ +0.0141  changes   376  10.9 min
episode 992/1013  eps 0.010  train return   -2.80%  loss 3.55e-05  maxQ +0.0135  changes   235  10.9 min
episode 993/1013  eps 0.010  train return  +97.79%  loss 3.43e-05  maxQ +0.0131  changes   378  11.0 min
episode 994/1013  eps 0.010  train return +295.42%  loss 3.59e-05  maxQ +0.0136  changes   443  11.0 min
episode 995/1013  eps 0.010  train return  +23.49%  loss 3.79e-05  maxQ +0.0134  changes   253  11.0 min
episode 996/1013  eps 0.010  train return +213.24%  loss 3.90e-05  maxQ +0.0141  changes   402  11.0 min
episode 997/1013  eps 0.010  train return  +34.12%  loss 4.03e-05  maxQ +0.0148  changes   324  11.0 min
episode 998/1013  eps 0.010  train return  +76.67%  loss 4.27e-05  maxQ +0.0146  changes   345  11.0 min
episode 999/1013  eps 0.010  train return  +40.73%  loss 3.86e-05  maxQ +0.0144  changes   312  11.0 min
episode 1000/1013  eps 0.010  train return  +72.68%  loss 4.21e-05  maxQ +0.0146  changes   301  11.0 min | val return -6.41% (best +6.76%)
episode 1001/1013  eps 0.010  train return  +77.58%  loss 3.86e-05  maxQ +0.0142  changes   313  11.0 min
episode 1002/1013  eps 0.010  train return  +36.11%  loss 3.80e-05  maxQ +0.0139  changes   374  11.1 min
episode 1003/1013  eps 0.010  train return  +57.64%  loss 3.76e-05  maxQ +0.0135  changes   342  11.1 min
episode 1004/1013  eps 0.010  train return  +19.52%  loss 3.75e-05  maxQ +0.0135  changes   237  11.1 min
episode 1005/1013  eps 0.010  train return +272.54%  loss 3.65e-05  maxQ +0.0135  changes   403  11.1 min
episode 1006/1013  eps 0.010  train return +118.69%  loss 3.64e-05  maxQ +0.0131  changes   400  11.1 min
episode 1007/1013  eps 0.010  train return +116.02%  loss 3.76e-05  maxQ +0.0135  changes   394  11.1 min
episode 1008/1013  eps 0.010  train return  +12.83%  loss 3.67e-05  maxQ +0.0135  changes   295  11.1 min
episode 1009/1013  eps 0.010  train return  +18.57%  loss 3.71e-05  maxQ +0.0136  changes   301  11.1 min
episode 1010/1013  eps 0.010  train return  +95.77%  loss 3.81e-05  maxQ +0.0133  changes   327  11.1 min | val return -2.21% (best +6.76%)
episode 1011/1013  eps 0.010  train return  +54.30%  loss 3.85e-05  maxQ +0.0139  changes   336  11.2 min
episode 1012/1013  eps 0.010  train return  +85.75%  loss 4.06e-05  maxQ +0.0135  changes   374  11.2 min
episode 1013/1013  eps 0.010  train return +159.39%  loss 3.72e-05  maxQ +0.0135  changes   378  11.2 min | val return -23.99% (best +6.76%)
model    env  portfolio_return  excess_return  n_changes
 last    val         -0.238882      -0.196264      760.4
 last val_w1         -0.244200      -0.217285      429.4
 last val_w2         -0.013316       0.002117      343.4
 best    val          0.067634       0.110252      637.7
 best val_w1          0.059005       0.085920      358.7
 best val_w2         -0.006748       0.008686      291.1
