Downloaded data: 30,528 candles, 2023-03-25 00:00:00+00:00 to 2026-09-16 23:00:00+00:00; no missing hours
dev_train: 28,152 candles, 2023-04-01 00:00:00+00:00 to 2026-06-16 23:00:00+00:00; no missing hours
val: 1,464 candles, 2026-06-17 00:00:00+00:00 to 2026-08-16 23:00:00+00:00; no missing hours
eval: 744 candles, 2026-08-17 00:00:00+00:00 to 2026-09-16 23:00:00+00:00; no missing hours
episode   1/1013  eps 1.000  train return   -3.68%  loss 7.71e-04  maxQ +0.1179  changes   576  0.0 min
episode   2/1013  eps 0.991  train return   +5.73%  loss 3.83e-04  maxQ +0.1350  changes   588  0.0 min
episode   3/1013  eps 0.982  train return   +0.29%  loss 3.18e-04  maxQ +0.1495  changes   567  0.0 min
episode   4/1013  eps 0.973  train return   +0.92%  loss 3.92e-04  maxQ +0.1652  changes   570  0.0 min
episode   5/1013  eps 0.964  train return  -12.79%  loss 3.60e-04  maxQ +0.1632  changes   574  0.0 min
episode   6/1013  eps 0.955  train return  -26.51%  loss 3.45e-04  maxQ +0.1618  changes   560  0.1 min
episode   7/1013  eps 0.947  train return  +13.70%  loss 3.68e-04  maxQ +0.1622  changes   569  0.1 min
episode   8/1013  eps 0.938  train return   -5.49%  loss 3.57e-04  maxQ +0.1550  changes   561  0.1 min
episode   9/1013  eps 0.929  train return  -10.57%  loss 3.49e-04  maxQ +0.1507  changes   593  0.1 min
episode  10/1013  eps 0.921  train return   -5.74%  loss 3.08e-04  maxQ +0.1481  changes   582  0.1 min | val return -13.90% (best -13.90%)
episode  11/1013  eps 0.913  train return   -5.11%  loss 2.60e-04  maxQ +0.1397  changes   573  0.1 min
episode  12/1013  eps 0.904  train return  +40.34%  loss 2.32e-04  maxQ +0.1316  changes   574  0.1 min
episode  13/1013  eps 0.896  train return  -22.13%  loss 2.43e-04  maxQ +0.1245  changes   553  0.1 min
episode  14/1013  eps 0.888  train return   +2.67%  loss 2.36e-04  maxQ +0.1210  changes   587  0.1 min
episode  15/1013  eps 0.880  train return   +4.99%  loss 2.35e-04  maxQ +0.1122  changes   581  0.2 min
episode  16/1013  eps 0.872  train return  -19.79%  loss 2.24e-04  maxQ +0.1087  changes   579  0.2 min
episode  17/1013  eps 0.864  train return  -12.58%  loss 2.12e-04  maxQ +0.1054  changes   571  0.2 min
episode  18/1013  eps 0.856  train return  +15.24%  loss 1.86e-04  maxQ +0.0974  changes   572  0.2 min
episode  19/1013  eps 0.848  train return   +1.69%  loss 1.84e-04  maxQ +0.0935  changes   576  0.2 min
episode  20/1013  eps 0.841  train return  -10.03%  loss 1.83e-04  maxQ +0.0942  changes   557  0.2 min | val return -3.15% (best -3.15%)
episode  21/1013  eps 0.833  train return  +10.86%  loss 1.79e-04  maxQ +0.0873  changes   568  0.2 min
episode  22/1013  eps 0.825  train return  +67.98%  loss 1.48e-04  maxQ +0.0829  changes   582  0.2 min
episode  23/1013  eps 0.818  train return  -23.88%  loss 1.61e-04  maxQ +0.0842  changes   571  0.2 min
episode  24/1013  eps 0.810  train return   -7.18%  loss 1.54e-04  maxQ +0.0799  changes   561  0.3 min
episode  25/1013  eps 0.803  train return   +9.56%  loss 1.36e-04  maxQ +0.0729  changes   574  0.3 min
episode  26/1013  eps 0.796  train return  -12.44%  loss 1.16e-04  maxQ +0.0688  changes   563  0.3 min
episode  27/1013  eps 0.788  train return  +10.79%  loss 1.07e-04  maxQ +0.0674  changes   540  0.3 min
episode  28/1013  eps 0.781  train return   -8.69%  loss 9.65e-05  maxQ +0.0659  changes   568  0.3 min
episode  29/1013  eps 0.774  train return   +1.90%  loss 9.45e-05  maxQ +0.0643  changes   575  0.3 min
episode  30/1013  eps 0.767  train return  -15.19%  loss 9.67e-05  maxQ +0.0592  changes   570  0.3 min | val return -5.68% (best -3.15%)
episode  31/1013  eps 0.760  train return   -9.44%  loss 7.62e-05  maxQ +0.0561  changes   575  0.3 min
episode  32/1013  eps 0.753  train return   -3.99%  loss 9.67e-05  maxQ +0.0565  changes   561  0.3 min
episode  33/1013  eps 0.746  train return  +12.25%  loss 9.43e-05  maxQ +0.0567  changes   556  0.3 min
episode  34/1013  eps 0.740  train return  -29.74%  loss 8.59e-05  maxQ +0.0574  changes   555  0.4 min
episode  35/1013  eps 0.733  train return  -30.28%  loss 9.20e-05  maxQ +0.0540  changes   559  0.4 min
episode  36/1013  eps 0.726  train return  -15.46%  loss 8.65e-05  maxQ +0.0511  changes   561  0.4 min
episode  37/1013  eps 0.720  train return  -33.67%  loss 9.25e-05  maxQ +0.0490  changes   560  0.4 min
episode  38/1013  eps 0.713  train return  -31.15%  loss 7.41e-05  maxQ +0.0488  changes   561  0.4 min
episode  39/1013  eps 0.707  train return  -31.32%  loss 9.16e-05  maxQ +0.0466  changes   565  0.4 min
episode  40/1013  eps 0.700  train return   -0.76%  loss 7.22e-05  maxQ +0.0479  changes   555  0.4 min | val return -24.30% (best -3.15%)
episode  41/1013  eps 0.694  train return  -26.55%  loss 7.45e-05  maxQ +0.0458  changes   555  0.4 min
episode  42/1013  eps 0.687  train return   +2.65%  loss 6.81e-05  maxQ +0.0462  changes   558  0.4 min
episode  43/1013  eps 0.681  train return   -5.39%  loss 7.02e-05  maxQ +0.0401  changes   532  0.4 min
episode  44/1013  eps 0.675  train return   +2.11%  loss 6.61e-05  maxQ +0.0408  changes   559  0.5 min
episode  45/1013  eps 0.669  train return   -5.25%  loss 5.88e-05  maxQ +0.0398  changes   560  0.5 min
episode  46/1013  eps 0.663  train return  -18.95%  loss 6.54e-05  maxQ +0.0376  changes   549  0.5 min
episode  47/1013  eps 0.657  train return   +4.08%  loss 5.68e-05  maxQ +0.0350  changes   562  0.5 min
episode  48/1013  eps 0.651  train return  +19.05%  loss 6.20e-05  maxQ +0.0354  changes   549  0.5 min
episode  49/1013  eps 0.645  train return   -9.98%  loss 5.63e-05  maxQ +0.0350  changes   529  0.5 min
episode  50/1013  eps 0.639  train return  -20.59%  loss 5.66e-05  maxQ +0.0324  changes   549  0.5 min | val return -29.98% (best -3.15%)
episode  51/1013  eps 0.633  train return   +4.91%  loss 5.40e-05  maxQ +0.0330  changes   539  0.5 min
episode  52/1013  eps 0.627  train return   +8.52%  loss 5.26e-05  maxQ +0.0315  changes   533  0.5 min
episode  53/1013  eps 0.622  train return   +2.66%  loss 4.93e-05  maxQ +0.0308  changes   540  0.5 min
episode  54/1013  eps 0.616  train return   +5.16%  loss 4.93e-05  maxQ +0.0301  changes   520  0.6 min
episode  55/1013  eps 0.610  train return   -1.14%  loss 5.34e-05  maxQ +0.0290  changes   529  0.6 min
episode  56/1013  eps 0.605  train return   -5.82%  loss 4.18e-05  maxQ +0.0318  changes   551  0.6 min
episode  57/1013  eps 0.599  train return   +6.44%  loss 4.26e-05  maxQ +0.0286  changes   538  0.6 min
episode  58/1013  eps 0.594  train return   +1.53%  loss 4.46e-05  maxQ +0.0308  changes   541  0.6 min
episode  59/1013  eps 0.588  train return   -3.69%  loss 4.13e-05  maxQ +0.0268  changes   540  0.6 min
episode  60/1013  eps 0.583  train return  -34.06%  loss 4.30e-05  maxQ +0.0312  changes   523  0.6 min | val return -0.36% (best -0.36%)
episode  61/1013  eps 0.578  train return   -6.07%  loss 4.67e-05  maxQ +0.0273  changes   519  0.6 min
episode  62/1013  eps 0.573  train return   -6.63%  loss 4.32e-05  maxQ +0.0248  changes   534  0.6 min
episode  63/1013  eps 0.567  train return   -4.57%  loss 4.86e-05  maxQ +0.0273  changes   530  0.6 min
episode  64/1013  eps 0.562  train return  +50.47%  loss 4.85e-05  maxQ +0.0290  changes   542  0.6 min
episode  65/1013  eps 0.557  train return  +20.29%  loss 4.60e-05  maxQ +0.0256  changes   536  0.7 min
episode  66/1013  eps 0.552  train return   +6.85%  loss 4.94e-05  maxQ +0.0242  changes   524  0.7 min
episode  67/1013  eps 0.547  train return  -10.36%  loss 4.85e-05  maxQ +0.0232  changes   513  0.7 min
episode  68/1013  eps 0.542  train return   +1.92%  loss 4.35e-05  maxQ +0.0226  changes   511  0.7 min
episode  69/1013  eps 0.537  train return  -21.64%  loss 4.38e-05  maxQ +0.0239  changes   496  0.7 min
episode  70/1013  eps 0.532  train return  +24.20%  loss 4.75e-05  maxQ +0.0231  changes   517  0.7 min | val return -16.34% (best -0.36%)
episode  71/1013  eps 0.527  train return  +12.60%  loss 4.36e-05  maxQ +0.0242  changes   506  0.7 min
episode  72/1013  eps 0.523  train return  -17.71%  loss 4.04e-05  maxQ +0.0237  changes   493  0.7 min
episode  73/1013  eps 0.518  train return   -4.27%  loss 4.44e-05  maxQ +0.0228  changes   515  0.7 min
episode  74/1013  eps 0.513  train return  -15.30%  loss 4.22e-05  maxQ +0.0258  changes   500  0.8 min
episode  75/1013  eps 0.508  train return  +29.51%  loss 4.00e-05  maxQ +0.0228  changes   486  0.8 min
episode  76/1013  eps 0.504  train return  +10.86%  loss 4.12e-05  maxQ +0.0229  changes   517  0.8 min
episode  77/1013  eps 0.499  train return   -5.12%  loss 3.98e-05  maxQ +0.0230  changes   510  0.8 min
episode  78/1013  eps 0.495  train return  -14.86%  loss 4.05e-05  maxQ +0.0226  changes   505  0.8 min
episode  79/1013  eps 0.490  train return  +10.75%  loss 4.07e-05  maxQ +0.0214  changes   507  0.8 min
episode  80/1013  eps 0.486  train return  -21.91%  loss 4.99e-05  maxQ +0.0225  changes   491  0.8 min | val return -16.54% (best -0.36%)
episode  81/1013  eps 0.481  train return   -9.85%  loss 4.44e-05  maxQ +0.0218  changes   471  0.8 min
episode  82/1013  eps 0.477  train return   +5.95%  loss 3.92e-05  maxQ +0.0231  changes   488  0.8 min
episode  83/1013  eps 0.473  train return   +4.68%  loss 3.85e-05  maxQ +0.0230  changes   485  0.8 min
episode  84/1013  eps 0.468  train return   +1.98%  loss 4.24e-05  maxQ +0.0213  changes   495  0.8 min
episode  85/1013  eps 0.464  train return   -3.69%  loss 4.04e-05  maxQ +0.0224  changes   467  0.9 min
episode  86/1013  eps 0.460  train return  -19.44%  loss 3.70e-05  maxQ +0.0232  changes   495  0.9 min
episode  87/1013  eps 0.456  train return  +14.23%  loss 3.95e-05  maxQ +0.0221  changes   507  0.9 min
episode  88/1013  eps 0.451  train return   +4.57%  loss 4.27e-05  maxQ +0.0195  changes   462  0.9 min
episode  89/1013  eps 0.447  train return  +31.60%  loss 3.70e-05  maxQ +0.0164  changes   491  0.9 min
episode  90/1013  eps 0.443  train return   -2.70%  loss 4.06e-05  maxQ +0.0158  changes   497  0.9 min | val return +4.04% (best +4.04%)
episode  91/1013  eps 0.439  train return   -3.59%  loss 4.40e-05  maxQ +0.0169  changes   483  0.9 min
episode  92/1013  eps 0.435  train return   +6.22%  loss 4.02e-05  maxQ +0.0168  changes   482  0.9 min
episode  93/1013  eps 0.431  train return   +0.14%  loss 3.99e-05  maxQ +0.0162  changes   490  0.9 min
episode  94/1013  eps 0.427  train return  -37.05%  loss 3.76e-05  maxQ +0.0181  changes   496  0.9 min
episode  95/1013  eps 0.423  train return   +6.85%  loss 3.91e-05  maxQ +0.0176  changes   467  1.0 min
episode  96/1013  eps 0.420  train return  +14.74%  loss 4.17e-05  maxQ +0.0177  changes   461  1.0 min
episode  97/1013  eps 0.416  train return   +5.96%  loss 4.15e-05  maxQ +0.0161  changes   500  1.0 min
episode  98/1013  eps 0.412  train return   +9.39%  loss 3.93e-05  maxQ +0.0163  changes   468  1.0 min
episode  99/1013  eps 0.408  train return  +36.48%  loss 3.81e-05  maxQ +0.0157  changes   466  1.0 min
episode 100/1013  eps 0.405  train return   -6.82%  loss 4.04e-05  maxQ +0.0135  changes   478  1.0 min | val return -8.59% (best +4.04%)
episode 101/1013  eps 0.401  train return  -10.00%  loss 3.91e-05  maxQ +0.0144  changes   449  1.0 min
episode 102/1013  eps 0.397  train return   +1.47%  loss 4.12e-05  maxQ +0.0140  changes   455  1.0 min
episode 103/1013  eps 0.394  train return   -8.31%  loss 4.44e-05  maxQ +0.0159  changes   469  1.0 min
episode 104/1013  eps 0.390  train return   +6.57%  loss 3.92e-05  maxQ +0.0178  changes   434  1.0 min
episode 105/1013  eps 0.386  train return   -1.13%  loss 3.77e-05  maxQ +0.0166  changes   447  1.1 min
episode 106/1013  eps 0.383  train return   -0.71%  loss 4.24e-05  maxQ +0.0163  changes   467  1.1 min
episode 107/1013  eps 0.379  train return   -5.66%  loss 4.19e-05  maxQ +0.0158  changes   468  1.1 min
episode 108/1013  eps 0.376  train return   -1.71%  loss 3.57e-05  maxQ +0.0160  changes   474  1.1 min
episode 109/1013  eps 0.373  train return  -14.02%  loss 3.73e-05  maxQ +0.0146  changes   460  1.1 min
episode 110/1013  eps 0.369  train return  +22.02%  loss 4.32e-05  maxQ +0.0164  changes   496  1.1 min | val return -19.92% (best +4.04%)
episode 111/1013  eps 0.366  train return   +1.91%  loss 4.69e-05  maxQ +0.0162  changes   414  1.1 min
episode 112/1013  eps 0.363  train return   -4.47%  loss 4.48e-05  maxQ +0.0139  changes   467  1.1 min
episode 113/1013  eps 0.359  train return  -37.53%  loss 4.03e-05  maxQ +0.0142  changes   455  1.1 min
episode 114/1013  eps 0.356  train return  -12.89%  loss 3.88e-05  maxQ +0.0149  changes   431  1.2 min
episode 115/1013  eps 0.353  train return  -15.88%  loss 4.14e-05  maxQ +0.0153  changes   421  1.2 min
episode 116/1013  eps 0.349  train return   +1.38%  loss 4.55e-05  maxQ +0.0147  changes   430  1.2 min
episode 117/1013  eps 0.346  train return  +17.69%  loss 3.85e-05  maxQ +0.0150  changes   461  1.2 min
episode 118/1013  eps 0.343  train return  +41.49%  loss 3.95e-05  maxQ +0.0150  changes   467  1.2 min
episode 119/1013  eps 0.340  train return  +10.49%  loss 4.04e-05  maxQ +0.0142  changes   445  1.2 min
episode 120/1013  eps 0.337  train return  +22.78%  loss 4.33e-05  maxQ +0.0170  changes   425  1.2 min | val return +6.48% (best +6.48%)
episode 121/1013  eps 0.334  train return   +7.19%  loss 5.02e-05  maxQ +0.0161  changes   451  1.2 min
episode 122/1013  eps 0.331  train return  +12.26%  loss 4.41e-05  maxQ +0.0156  changes   456  1.2 min
episode 123/1013  eps 0.328  train return  -16.25%  loss 4.32e-05  maxQ +0.0152  changes   433  1.2 min
episode 124/1013  eps 0.325  train return  +16.25%  loss 3.82e-05  maxQ +0.0140  changes   435  1.3 min
episode 125/1013  eps 0.322  train return  -12.73%  loss 3.99e-05  maxQ +0.0142  changes   415  1.3 min
episode 126/1013  eps 0.319  train return   -1.74%  loss 4.13e-05  maxQ +0.0138  changes   426  1.3 min
episode 127/1013  eps 0.316  train return  +38.64%  loss 3.84e-05  maxQ +0.0146  changes   479  1.3 min
episode 128/1013  eps 0.313  train return +108.28%  loss 3.79e-05  maxQ +0.0147  changes   469  1.3 min
episode 129/1013  eps 0.310  train return   -4.78%  loss 3.82e-05  maxQ +0.0142  changes   497  1.3 min
episode 130/1013  eps 0.308  train return  +30.25%  loss 4.00e-05  maxQ +0.0133  changes   435  1.3 min | val return -3.48% (best +6.48%)
episode 131/1013  eps 0.305  train return   +3.71%  loss 4.36e-05  maxQ +0.0134  changes   473  1.3 min
episode 132/1013  eps 0.302  train return  +16.55%  loss 4.79e-05  maxQ +0.0153  changes   430  1.3 min
episode 133/1013  eps 0.299  train return  +10.94%  loss 4.56e-05  maxQ +0.0158  changes   431  1.4 min
episode 134/1013  eps 0.296  train return   +2.13%  loss 4.49e-05  maxQ +0.0132  changes   455  1.4 min
episode 135/1013  eps 0.294  train return  +25.37%  loss 4.76e-05  maxQ +0.0134  changes   450  1.4 min
episode 136/1013  eps 0.291  train return  +36.77%  loss 4.30e-05  maxQ +0.0130  changes   453  1.4 min
episode 137/1013  eps 0.288  train return   -8.57%  loss 4.36e-05  maxQ +0.0139  changes   450  1.4 min
episode 138/1013  eps 0.286  train return  +12.73%  loss 4.26e-05  maxQ +0.0135  changes   453  1.4 min
episode 139/1013  eps 0.283  train return   +8.57%  loss 4.20e-05  maxQ +0.0142  changes   482  1.4 min
episode 140/1013  eps 0.281  train return  +11.76%  loss 4.44e-05  maxQ +0.0139  changes   405  1.4 min | val return -1.27% (best +6.48%)
episode 141/1013  eps 0.278  train return   +1.41%  loss 4.48e-05  maxQ +0.0137  changes   448  1.4 min
episode 142/1013  eps 0.276  train return   +5.74%  loss 4.13e-05  maxQ +0.0137  changes   418  1.5 min
episode 143/1013  eps 0.273  train return  +13.21%  loss 4.15e-05  maxQ +0.0128  changes   444  1.5 min
episode 144/1013  eps 0.271  train return  +32.56%  loss 4.24e-05  maxQ +0.0125  changes   443  1.5 min
episode 145/1013  eps 0.268  train return   -8.97%  loss 4.26e-05  maxQ +0.0133  changes   444  1.5 min
episode 146/1013  eps 0.266  train return  +53.04%  loss 3.86e-05  maxQ +0.0146  changes   451  1.5 min
episode 147/1013  eps 0.263  train return  +39.61%  loss 4.09e-05  maxQ +0.0155  changes   482  1.5 min
episode 148/1013  eps 0.261  train return  +28.74%  loss 4.73e-05  maxQ +0.0141  changes   424  1.5 min
episode 149/1013  eps 0.258  train return   +5.53%  loss 4.17e-05  maxQ +0.0134  changes   430  1.5 min
episode 150/1013  eps 0.256  train return   +9.90%  loss 3.73e-05  maxQ +0.0124  changes   468  1.5 min | val return +32.35% (best +32.35%)
episode 151/1013  eps 0.254  train return   +6.80%  loss 4.41e-05  maxQ +0.0150  changes   361  1.5 min
episode 152/1013  eps 0.251  train return  +41.52%  loss 4.19e-05  maxQ +0.0124  changes   417  1.6 min
episode 153/1013  eps 0.249  train return  +41.07%  loss 4.01e-05  maxQ +0.0126  changes   449  1.6 min
episode 154/1013  eps 0.247  train return  -16.99%  loss 3.89e-05  maxQ +0.0118  changes   432  1.6 min
episode 155/1013  eps 0.245  train return   -8.29%  loss 3.85e-05  maxQ +0.0117  changes   387  1.6 min
episode 156/1013  eps 0.242  train return  +15.11%  loss 4.15e-05  maxQ +0.0114  changes   438  1.6 min
episode 157/1013  eps 0.240  train return   +1.31%  loss 4.30e-05  maxQ +0.0112  changes   492  1.6 min
episode 158/1013  eps 0.238  train return  -17.86%  loss 3.95e-05  maxQ +0.0110  changes   351  1.6 min
episode 159/1013  eps 0.236  train return  -14.35%  loss 3.93e-05  maxQ +0.0110  changes   385  1.6 min
episode 160/1013  eps 0.234  train return  +14.35%  loss 4.07e-05  maxQ +0.0108  changes   348  1.6 min | val return -9.32% (best +32.35%)
episode 161/1013  eps 0.232  train return  +25.63%  loss 4.20e-05  maxQ +0.0108  changes   380  1.7 min
episode 162/1013  eps 0.230  train return  +17.03%  loss 3.93e-05  maxQ +0.0109  changes   360  1.7 min
episode 163/1013  eps 0.227  train return   +4.62%  loss 3.69e-05  maxQ +0.0112  changes   381  1.7 min
episode 164/1013  eps 0.225  train return  +27.20%  loss 3.83e-05  maxQ +0.0103  changes   451  1.7 min
episode 165/1013  eps 0.223  train return   +3.81%  loss 4.00e-05  maxQ +0.0111  changes   440  1.7 min
episode 166/1013  eps 0.221  train return  +16.84%  loss 4.11e-05  maxQ +0.0110  changes   411  1.7 min
episode 167/1013  eps 0.219  train return  +44.41%  loss 4.19e-05  maxQ +0.0116  changes   412  1.7 min
episode 168/1013  eps 0.217  train return   -5.67%  loss 4.03e-05  maxQ +0.0121  changes   405  1.7 min
episode 169/1013  eps 0.215  train return  +13.11%  loss 4.33e-05  maxQ +0.0121  changes   384  1.8 min
episode 170/1013  eps 0.213  train return   +6.01%  loss 4.06e-05  maxQ +0.0129  changes   454  1.8 min | val return -11.43% (best +32.35%)
episode 171/1013  eps 0.211  train return  +28.17%  loss 4.19e-05  maxQ +0.0115  changes   420  1.8 min
episode 172/1013  eps 0.209  train return  +33.19%  loss 4.19e-05  maxQ +0.0123  changes   377  1.8 min
episode 173/1013  eps 0.208  train return  +37.36%  loss 4.67e-05  maxQ +0.0122  changes   423  1.8 min
episode 174/1013  eps 0.206  train return  +17.42%  loss 4.37e-05  maxQ +0.0130  changes   378  1.8 min
episode 175/1013  eps 0.204  train return   -9.31%  loss 4.19e-05  maxQ +0.0132  changes   312  1.8 min
episode 176/1013  eps 0.202  train return  +82.01%  loss 4.71e-05  maxQ +0.0139  changes   456  1.8 min
episode 177/1013  eps 0.200  train return  +43.96%  loss 5.05e-05  maxQ +0.0144  changes   455  1.8 min
episode 178/1013  eps 0.198  train return   +6.19%  loss 4.89e-05  maxQ +0.0140  changes   451  1.9 min
episode 179/1013  eps 0.196  train return  +31.20%  loss 4.23e-05  maxQ +0.0136  changes   410  1.9 min
episode 180/1013  eps 0.195  train return   +7.49%  loss 4.42e-05  maxQ +0.0139  changes   477  1.9 min | val return +7.47% (best +32.35%)
episode 181/1013  eps 0.193  train return   -5.56%  loss 3.84e-05  maxQ +0.0124  changes   361  1.9 min
episode 182/1013  eps 0.191  train return  -11.23%  loss 4.37e-05  maxQ +0.0130  changes   389  1.9 min
episode 183/1013  eps 0.189  train return   +1.64%  loss 4.36e-05  maxQ +0.0120  changes   416  1.9 min
episode 184/1013  eps 0.188  train return  +38.54%  loss 3.84e-05  maxQ +0.0120  changes   407  1.9 min
episode 185/1013  eps 0.186  train return   -2.13%  loss 3.95e-05  maxQ +0.0120  changes   347  1.9 min
episode 186/1013  eps 0.184  train return   +4.17%  loss 4.01e-05  maxQ +0.0114  changes   391  1.9 min
episode 187/1013  eps 0.183  train return  +18.51%  loss 4.56e-05  maxQ +0.0110  changes   434  1.9 min
episode 188/1013  eps 0.181  train return  -21.25%  loss 4.41e-05  maxQ +0.0118  changes   379  2.0 min
episode 189/1013  eps 0.179  train return   -1.77%  loss 4.35e-05  maxQ +0.0126  changes   397  2.0 min
episode 190/1013  eps 0.178  train return +106.01%  loss 4.43e-05  maxQ +0.0132  changes   462  2.0 min | val return -22.87% (best +32.35%)
episode 191/1013  eps 0.176  train return  +15.70%  loss 4.10e-05  maxQ +0.0118  changes   401  2.0 min
episode 192/1013  eps 0.174  train return  +74.65%  loss 3.96e-05  maxQ +0.0120  changes   395  2.0 min
episode 193/1013  eps 0.173  train return   +3.36%  loss 4.25e-05  maxQ +0.0115  changes   422  2.0 min
episode 194/1013  eps 0.171  train return +120.08%  loss 4.29e-05  maxQ +0.0119  changes   443  2.0 min
episode 195/1013  eps 0.170  train return  +38.51%  loss 3.98e-05  maxQ +0.0116  changes   423  2.0 min
episode 196/1013  eps 0.168  train return  -13.25%  loss 4.18e-05  maxQ +0.0118  changes   420  2.0 min
episode 197/1013  eps 0.167  train return   +7.37%  loss 4.47e-05  maxQ +0.0133  changes   418  2.1 min
episode 198/1013  eps 0.165  train return  -15.70%  loss 5.00e-05  maxQ +0.0145  changes   377  2.1 min
episode 199/1013  eps 0.164  train return  -13.48%  loss 4.80e-05  maxQ +0.0141  changes   395  2.1 min
episode 200/1013  eps 0.162  train return  +17.44%  loss 4.52e-05  maxQ +0.0132  changes   416  2.1 min | val return -6.51% (best +32.35%)
episode 201/1013  eps 0.161  train return +110.21%  loss 4.18e-05  maxQ +0.0127  changes   434  2.1 min
episode 202/1013  eps 0.159  train return  +25.00%  loss 4.14e-05  maxQ +0.0125  changes   452  2.1 min
episode 203/1013  eps 0.158  train return   -3.19%  loss 4.53e-05  maxQ +0.0135  changes   402  2.1 min
episode 204/1013  eps 0.156  train return  +46.55%  loss 4.69e-05  maxQ +0.0135  changes   399  2.1 min
episode 205/1013  eps 0.155  train return  +28.95%  loss 4.33e-05  maxQ +0.0122  changes   408  2.1 min
episode 206/1013  eps 0.154  train return  +50.87%  loss 4.90e-05  maxQ +0.0128  changes   418  2.2 min
episode 207/1013  eps 0.152  train return  +19.22%  loss 4.63e-05  maxQ +0.0128  changes   436  2.2 min
episode 208/1013  eps 0.151  train return  +15.00%  loss 4.69e-05  maxQ +0.0131  changes   422  2.2 min
episode 209/1013  eps 0.149  train return  +99.90%  loss 4.17e-05  maxQ +0.0129  changes   441  2.2 min
episode 210/1013  eps 0.148  train return  +52.98%  loss 4.30e-05  maxQ +0.0131  changes   425  2.2 min | val return -18.82% (best +32.35%)
episode 211/1013  eps 0.147  train return   +9.42%  loss 4.16e-05  maxQ +0.0135  changes   442  2.2 min
episode 212/1013  eps 0.145  train return   -3.45%  loss 4.21e-05  maxQ +0.0131  changes   376  2.2 min
episode 213/1013  eps 0.144  train return  +49.04%  loss 3.92e-05  maxQ +0.0123  changes   404  2.2 min
episode 214/1013  eps 0.143  train return   +5.57%  loss 4.13e-05  maxQ +0.0127  changes   397  2.3 min
episode 215/1013  eps 0.141  train return  +27.16%  loss 3.95e-05  maxQ +0.0123  changes   399  2.3 min
episode 216/1013  eps 0.140  train return   +5.00%  loss 3.81e-05  maxQ +0.0129  changes   327  2.3 min
episode 217/1013  eps 0.139  train return  +21.22%  loss 3.87e-05  maxQ +0.0117  changes   410  2.3 min
episode 218/1013  eps 0.138  train return  +28.06%  loss 3.81e-05  maxQ +0.0122  changes   397  2.3 min
episode 219/1013  eps 0.136  train return  +15.45%  loss 3.91e-05  maxQ +0.0126  changes   418  2.3 min
episode 220/1013  eps 0.135  train return +126.82%  loss 3.95e-05  maxQ +0.0120  changes   414  2.3 min | val return +4.48% (best +32.35%)
episode 221/1013  eps 0.134  train return  +31.95%  loss 3.79e-05  maxQ +0.0118  changes   394  2.3 min
episode 222/1013  eps 0.133  train return   +6.81%  loss 4.10e-05  maxQ +0.0124  changes   378  2.3 min
episode 223/1013  eps 0.131  train return   +7.77%  loss 3.98e-05  maxQ +0.0122  changes   357  2.4 min
episode 224/1013  eps 0.130  train return  +21.63%  loss 4.23e-05  maxQ +0.0129  changes   404  2.4 min
episode 225/1013  eps 0.129  train return  +36.28%  loss 4.43e-05  maxQ +0.0129  changes   404  2.4 min
episode 226/1013  eps 0.128  train return  +60.05%  loss 4.23e-05  maxQ +0.0128  changes   372  2.4 min
episode 227/1013  eps 0.127  train return  +45.81%  loss 3.94e-05  maxQ +0.0125  changes   408  2.4 min
episode 228/1013  eps 0.126  train return  +75.45%  loss 4.07e-05  maxQ +0.0117  changes   436  2.4 min
episode 229/1013  eps 0.124  train return  +51.31%  loss 4.05e-05  maxQ +0.0128  changes   435  2.4 min
episode 230/1013  eps 0.123  train return +100.36%  loss 4.17e-05  maxQ +0.0122  changes   446  2.4 min | val return +3.78% (best +32.35%)
episode 231/1013  eps 0.122  train return  +79.49%  loss 4.22e-05  maxQ +0.0121  changes   417  2.4 min
episode 232/1013  eps 0.121  train return   -3.17%  loss 4.50e-05  maxQ +0.0134  changes   343  2.5 min
episode 233/1013  eps 0.120  train return  +42.05%  loss 4.05e-05  maxQ +0.0134  changes   345  2.5 min
episode 234/1013  eps 0.119  train return  +11.24%  loss 4.00e-05  maxQ +0.0119  changes   413  2.5 min
episode 235/1013  eps 0.118  train return  +23.02%  loss 4.30e-05  maxQ +0.0120  changes   389  2.5 min
episode 236/1013  eps 0.117  train return  +34.57%  loss 4.31e-05  maxQ +0.0122  changes   414  2.5 min
episode 237/1013  eps 0.116  train return  +48.82%  loss 4.36e-05  maxQ +0.0131  changes   380  2.5 min
episode 238/1013  eps 0.115  train return  +54.12%  loss 4.48e-05  maxQ +0.0121  changes   441  2.5 min
episode 239/1013  eps 0.114  train return   +9.10%  loss 4.49e-05  maxQ +0.0121  changes   398  2.5 min
episode 240/1013  eps 0.112  train return  +26.88%  loss 4.28e-05  maxQ +0.0111  changes   375  2.5 min | val return -20.12% (best +32.35%)
episode 241/1013  eps 0.111  train return  +19.83%  loss 4.15e-05  maxQ +0.0119  changes   383  2.6 min
episode 242/1013  eps 0.110  train return +106.28%  loss 4.29e-05  maxQ +0.0132  changes   432  2.6 min
episode 243/1013  eps 0.109  train return +163.79%  loss 4.34e-05  maxQ +0.0128  changes   459  2.6 min
episode 244/1013  eps 0.108  train return  +15.36%  loss 4.48e-05  maxQ +0.0116  changes   339  2.6 min
episode 245/1013  eps 0.107  train return   +5.61%  loss 4.31e-05  maxQ +0.0119  changes   379  2.6 min
episode 246/1013  eps 0.106  train return  +20.23%  loss 4.41e-05  maxQ +0.0119  changes   373  2.6 min
episode 247/1013  eps 0.106  train return   +5.55%  loss 4.60e-05  maxQ +0.0124  changes   391  2.6 min
episode 248/1013  eps 0.105  train return  -12.30%  loss 4.40e-05  maxQ +0.0122  changes   296  2.6 min
episode 249/1013  eps 0.104  train return  +58.50%  loss 4.31e-05  maxQ +0.0124  changes   357  2.6 min
episode 250/1013  eps 0.103  train return  +15.03%  loss 4.16e-05  maxQ +0.0119  changes   361  2.6 min | val return +1.65% (best +32.35%)
episode 251/1013  eps 0.102  train return  +13.40%  loss 4.48e-05  maxQ +0.0128  changes   384  2.7 min
episode 252/1013  eps 0.101  train return  +24.16%  loss 4.57e-05  maxQ +0.0127  changes   435  2.7 min
episode 253/1013  eps 0.100  train return  +32.27%  loss 4.70e-05  maxQ +0.0136  changes   417  2.7 min
episode 254/1013  eps 0.099  train return  +40.89%  loss 4.27e-05  maxQ +0.0125  changes   360  2.7 min
episode 255/1013  eps 0.098  train return   +1.60%  loss 4.30e-05  maxQ +0.0126  changes   345  2.7 min
episode 256/1013  eps 0.097  train return  +39.72%  loss 4.37e-05  maxQ +0.0123  changes   423  2.7 min
episode 257/1013  eps 0.096  train return  +79.50%  loss 4.14e-05  maxQ +0.0120  changes   439  2.7 min
episode 258/1013  eps 0.095  train return  +43.63%  loss 4.52e-05  maxQ +0.0117  changes   356  2.7 min
episode 259/1013  eps 0.095  train return  +21.51%  loss 4.75e-05  maxQ +0.0123  changes   368  2.7 min
episode 260/1013  eps 0.094  train return +149.07%  loss 4.93e-05  maxQ +0.0127  changes   442  2.8 min | val return -15.72% (best +32.35%)
episode 261/1013  eps 0.093  train return +116.51%  loss 4.65e-05  maxQ +0.0131  changes   386  2.8 min
episode 262/1013  eps 0.092  train return  +35.01%  loss 4.84e-05  maxQ +0.0136  changes   346  2.8 min
episode 263/1013  eps 0.091  train return +222.66%  loss 4.54e-05  maxQ +0.0132  changes   462  2.8 min
episode 264/1013  eps 0.090  train return  +34.73%  loss 4.60e-05  maxQ +0.0132  changes   387  2.8 min
episode 265/1013  eps 0.090  train return   -2.65%  loss 4.71e-05  maxQ +0.0139  changes   359  2.8 min
episode 266/1013  eps 0.089  train return   -6.00%  loss 4.54e-05  maxQ +0.0143  changes   354  2.8 min
episode 267/1013  eps 0.088  train return  +49.92%  loss 4.59e-05  maxQ +0.0139  changes   380  2.8 min
episode 268/1013  eps 0.087  train return +104.08%  loss 4.47e-05  maxQ +0.0130  changes   404  2.8 min
episode 269/1013  eps 0.086  train return  +36.90%  loss 4.47e-05  maxQ +0.0139  changes   312  2.9 min
episode 270/1013  eps 0.086  train return  +23.12%  loss 4.39e-05  maxQ +0.0134  changes   361  2.9 min | val return -12.38% (best +32.35%)
episode 271/1013  eps 0.085  train return   +9.37%  loss 4.05e-05  maxQ +0.0131  changes   346  2.9 min
episode 272/1013  eps 0.084  train return  +15.86%  loss 5.06e-05  maxQ +0.0135  changes   362  2.9 min
episode 273/1013  eps 0.083  train return   +8.07%  loss 4.39e-05  maxQ +0.0135  changes   418  2.9 min
episode 274/1013  eps 0.082  train return  +55.02%  loss 4.71e-05  maxQ +0.0136  changes   312  2.9 min
episode 275/1013  eps 0.082  train return  +98.65%  loss 4.42e-05  maxQ +0.0146  changes   353  2.9 min
episode 276/1013  eps 0.081  train return   -3.68%  loss 4.50e-05  maxQ +0.0137  changes   378  2.9 min
episode 277/1013  eps 0.080  train return  +77.06%  loss 4.28e-05  maxQ +0.0135  changes   412  3.0 min
episode 278/1013  eps 0.079  train return  +27.17%  loss 4.43e-05  maxQ +0.0140  changes   395  3.0 min
episode 279/1013  eps 0.079  train return +227.34%  loss 4.71e-05  maxQ +0.0133  changes   445  3.0 min
episode 280/1013  eps 0.078  train return  +54.73%  loss 4.18e-05  maxQ +0.0129  changes   393  3.0 min | val return +3.88% (best +32.35%)
episode 281/1013  eps 0.077  train return  +60.43%  loss 4.25e-05  maxQ +0.0124  changes   357  3.0 min
episode 282/1013  eps 0.077  train return   +9.09%  loss 4.36e-05  maxQ +0.0124  changes   318  3.0 min
episode 283/1013  eps 0.076  train return  +18.70%  loss 4.67e-05  maxQ +0.0127  changes   409  3.0 min
episode 284/1013  eps 0.075  train return  +51.01%  loss 4.63e-05  maxQ +0.0128  changes   399  3.0 min
episode 285/1013  eps 0.075  train return +149.95%  loss 4.87e-05  maxQ +0.0134  changes   388  3.1 min
episode 286/1013  eps 0.074  train return  +73.40%  loss 4.99e-05  maxQ +0.0133  changes   372  3.1 min
episode 287/1013  eps 0.073  train return  +18.69%  loss 5.34e-05  maxQ +0.0136  changes   372  3.1 min
episode 288/1013  eps 0.073  train return   +2.92%  loss 4.48e-05  maxQ +0.0127  changes   385  3.1 min
episode 289/1013  eps 0.072  train return  +38.56%  loss 4.79e-05  maxQ +0.0138  changes   365  3.1 min
episode 290/1013  eps 0.071  train return  +28.73%  loss 5.09e-05  maxQ +0.0143  changes   375  3.1 min | val return -32.51% (best +32.35%)
episode 291/1013  eps 0.071  train return  -10.22%  loss 5.37e-05  maxQ +0.0144  changes   372  3.1 min
episode 292/1013  eps 0.070  train return  +19.24%  loss 4.56e-05  maxQ +0.0137  changes   370  3.1 min
episode 293/1013  eps 0.069  train return  +13.51%  loss 4.54e-05  maxQ +0.0142  changes   450  3.2 min
episode 294/1013  eps 0.069  train return  +29.06%  loss 4.93e-05  maxQ +0.0137  changes   367  3.2 min
episode 295/1013  eps 0.068  train return  +19.69%  loss 4.52e-05  maxQ +0.0133  changes   334  3.2 min
episode 296/1013  eps 0.067  train return  +79.55%  loss 4.59e-05  maxQ +0.0135  changes   394  3.2 min
episode 297/1013  eps 0.067  train return  +79.94%  loss 4.61e-05  maxQ +0.0144  changes   457  3.2 min
episode 298/1013  eps 0.066  train return  +37.25%  loss 4.76e-05  maxQ +0.0138  changes   451  3.2 min
episode 299/1013  eps 0.066  train return   +5.75%  loss 4.38e-05  maxQ +0.0132  changes   448  3.2 min
episode 300/1013  eps 0.065  train return  +50.33%  loss 4.74e-05  maxQ +0.0137  changes   371  3.2 min | val return -26.12% (best +32.35%)
episode 301/1013  eps 0.064  train return +215.05%  loss 4.42e-05  maxQ +0.0135  changes   428  3.2 min
episode 302/1013  eps 0.064  train return  +81.52%  loss 4.33e-05  maxQ +0.0127  changes   439  3.3 min
episode 303/1013  eps 0.063  train return  +26.57%  loss 4.69e-05  maxQ +0.0125  changes   334  3.3 min
episode 304/1013  eps 0.063  train return  +58.89%  loss 4.42e-05  maxQ +0.0126  changes   424  3.3 min
episode 305/1013  eps 0.062  train return  +47.07%  loss 4.54e-05  maxQ +0.0125  changes   396  3.3 min
episode 306/1013  eps 0.062  train return  +42.31%  loss 4.64e-05  maxQ +0.0130  changes   404  3.3 min
episode 307/1013  eps 0.061  train return  +16.68%  loss 4.36e-05  maxQ +0.0128  changes   350  3.3 min
episode 308/1013  eps 0.060  train return  +62.65%  loss 4.45e-05  maxQ +0.0130  changes   380  3.3 min
episode 309/1013  eps 0.060  train return   +8.49%  loss 4.94e-05  maxQ +0.0133  changes   309  3.3 min
episode 310/1013  eps 0.059  train return   -8.79%  loss 4.89e-05  maxQ +0.0131  changes   352  3.3 min | val return -22.61% (best +32.35%)
episode 311/1013  eps 0.059  train return +177.62%  loss 4.47e-05  maxQ +0.0124  changes   390  3.4 min
episode 312/1013  eps 0.058  train return  +52.51%  loss 4.24e-05  maxQ +0.0124  changes   364  3.4 min
episode 313/1013  eps 0.058  train return  +33.93%  loss 4.46e-05  maxQ +0.0127  changes   388  3.4 min
episode 314/1013  eps 0.057  train return  +53.10%  loss 4.36e-05  maxQ +0.0135  changes   351  3.4 min
episode 315/1013  eps 0.057  train return   -0.35%  loss 4.55e-05  maxQ +0.0123  changes   287  3.4 min
episode 316/1013  eps 0.056  train return  +55.00%  loss 4.11e-05  maxQ +0.0126  changes   363  3.4 min
episode 317/1013  eps 0.056  train return  +39.24%  loss 4.41e-05  maxQ +0.0127  changes   360  3.4 min
episode 318/1013  eps 0.055  train return  +60.82%  loss 4.94e-05  maxQ +0.0131  changes   375  3.4 min
episode 319/1013  eps 0.055  train return  +15.10%  loss 4.24e-05  maxQ +0.0130  changes   322  3.4 min
episode 320/1013  eps 0.054  train return  +26.79%  loss 4.59e-05  maxQ +0.0128  changes   375  3.4 min | val return -24.26% (best +32.35%)
episode 321/1013  eps 0.054  train return   -0.37%  loss 4.71e-05  maxQ +0.0133  changes   281  3.5 min
episode 322/1013  eps 0.053  train return  +68.87%  loss 5.00e-05  maxQ +0.0142  changes   388  3.5 min
episode 323/1013  eps 0.053  train return   +7.18%  loss 4.56e-05  maxQ +0.0145  changes   335  3.5 min
episode 324/1013  eps 0.052  train return   -3.38%  loss 4.39e-05  maxQ +0.0148  changes   352  3.5 min
episode 325/1013  eps 0.052  train return  +39.35%  loss 4.69e-05  maxQ +0.0141  changes   397  3.5 min
episode 326/1013  eps 0.051  train return  +85.84%  loss 4.46e-05  maxQ +0.0138  changes   408  3.5 min
episode 327/1013  eps 0.051  train return  +73.66%  loss 4.46e-05  maxQ +0.0125  changes   341  3.5 min
episode 328/1013  eps 0.050  train return  +57.56%  loss 4.35e-05  maxQ +0.0127  changes   399  3.5 min
episode 329/1013  eps 0.050  train return +250.98%  loss 4.39e-05  maxQ +0.0128  changes   428  3.5 min
episode 330/1013  eps 0.049  train return  +65.74%  loss 4.34e-05  maxQ +0.0129  changes   370  3.6 min | val return -4.61% (best +32.35%)
episode 331/1013  eps 0.049  train return  +19.23%  loss 4.64e-05  maxQ +0.0124  changes   370  3.6 min
episode 332/1013  eps 0.049  train return  +84.27%  loss 4.50e-05  maxQ +0.0119  changes   382  3.6 min
episode 333/1013  eps 0.048  train return  +81.18%  loss 4.16e-05  maxQ +0.0132  changes   399  3.6 min
episode 334/1013  eps 0.048  train return +428.49%  loss 4.25e-05  maxQ +0.0129  changes   441  3.6 min
episode 335/1013  eps 0.047  train return  +26.16%  loss 4.70e-05  maxQ +0.0130  changes   318  3.6 min
episode 336/1013  eps 0.047  train return  +12.12%  loss 4.63e-05  maxQ +0.0128  changes   322  3.6 min
episode 337/1013  eps 0.046  train return  +39.69%  loss 4.41e-05  maxQ +0.0133  changes   391  3.6 min
episode 338/1013  eps 0.046  train return +192.87%  loss 4.38e-05  maxQ +0.0134  changes   432  3.6 min
episode 339/1013  eps 0.046  train return  +15.52%  loss 4.26e-05  maxQ +0.0135  changes   376  3.7 min
episode 340/1013  eps 0.045  train return   +9.33%  loss 4.45e-05  maxQ +0.0137  changes   269  3.7 min | val return -18.22% (best +32.35%)
episode 341/1013  eps 0.045  train return   +0.26%  loss 4.32e-05  maxQ +0.0141  changes   275  3.7 min
episode 342/1013  eps 0.044  train return  +75.87%  loss 4.50e-05  maxQ +0.0133  changes   348  3.7 min
episode 343/1013  eps 0.044  train return  +12.33%  loss 4.40e-05  maxQ +0.0138  changes   365  3.7 min
episode 344/1013  eps 0.043  train return  +37.41%  loss 4.82e-05  maxQ +0.0138  changes   372  3.7 min
episode 345/1013  eps 0.043  train return  +57.76%  loss 4.69e-05  maxQ +0.0144  changes   431  3.7 min
episode 346/1013  eps 0.043  train return   -6.30%  loss 4.52e-05  maxQ +0.0140  changes   240  3.7 min
episode 347/1013  eps 0.042  train return  +98.60%  loss 4.33e-05  maxQ +0.0147  changes   388  3.7 min
episode 348/1013  eps 0.042  train return  +77.11%  loss 4.47e-05  maxQ +0.0141  changes   366  3.8 min
episode 349/1013  eps 0.042  train return +125.38%  loss 4.15e-05  maxQ +0.0142  changes   371  3.8 min
episode 350/1013  eps 0.041  train return  +28.49%  loss 4.12e-05  maxQ +0.0139  changes   385  3.8 min | val return -6.21% (best +32.35%)
episode 351/1013  eps 0.041  train return  +28.32%  loss 4.69e-05  maxQ +0.0134  changes   325  3.8 min
episode 352/1013  eps 0.040  train return  +23.11%  loss 4.55e-05  maxQ +0.0135  changes   372  3.8 min
episode 353/1013  eps 0.040  train return   -9.10%  loss 4.36e-05  maxQ +0.0149  changes   354  3.8 min
episode 354/1013  eps 0.040  train return  +53.63%  loss 4.47e-05  maxQ +0.0137  changes   354  3.8 min
episode 355/1013  eps 0.039  train return  +61.86%  loss 4.20e-05  maxQ +0.0134  changes   398  3.8 min
episode 356/1013  eps 0.039  train return +115.35%  loss 4.19e-05  maxQ +0.0132  changes   333  3.9 min
episode 357/1013  eps 0.039  train return  +95.68%  loss 3.92e-05  maxQ +0.0135  changes   375  3.9 min
episode 358/1013  eps 0.038  train return  +64.89%  loss 4.31e-05  maxQ +0.0135  changes   333  3.9 min
episode 359/1013  eps 0.038  train return +117.11%  loss 4.25e-05  maxQ +0.0135  changes   389  3.9 min
episode 360/1013  eps 0.038  train return  +22.96%  loss 4.01e-05  maxQ +0.0137  changes   377  3.9 min | val return -9.80% (best +32.35%)
episode 361/1013  eps 0.037  train return  +35.14%  loss 4.38e-05  maxQ +0.0143  changes   362  3.9 min
episode 362/1013  eps 0.037  train return  +99.55%  loss 4.30e-05  maxQ +0.0140  changes   410  3.9 min
episode 363/1013  eps 0.037  train return  +19.35%  loss 4.06e-05  maxQ +0.0134  changes   336  3.9 min
episode 364/1013  eps 0.036  train return  +37.53%  loss 4.31e-05  maxQ +0.0134  changes   432  3.9 min
episode 365/1013  eps 0.036  train return  +16.22%  loss 4.61e-05  maxQ +0.0138  changes   321  4.0 min
episode 366/1013  eps 0.036  train return  +23.15%  loss 4.69e-05  maxQ +0.0138  changes   361  4.0 min
episode 367/1013  eps 0.035  train return  +40.35%  loss 4.41e-05  maxQ +0.0146  changes   397  4.0 min
episode 368/1013  eps 0.035  train return  +15.63%  loss 4.18e-05  maxQ +0.0132  changes   327  4.0 min
episode 369/1013  eps 0.035  train return  +10.15%  loss 4.05e-05  maxQ +0.0131  changes   393  4.0 min
episode 370/1013  eps 0.034  train return +112.95%  loss 4.28e-05  maxQ +0.0125  changes   405  4.0 min | val return -21.13% (best +32.35%)
episode 371/1013  eps 0.034  train return +112.74%  loss 4.00e-05  maxQ +0.0127  changes   323  4.0 min
episode 372/1013  eps 0.034  train return +113.06%  loss 4.29e-05  maxQ +0.0123  changes   403  4.0 min
episode 373/1013  eps 0.033  train return  +72.00%  loss 4.31e-05  maxQ +0.0125  changes   368  4.0 min
episode 374/1013  eps 0.033  train return +121.06%  loss 4.18e-05  maxQ +0.0128  changes   392  4.1 min
episode 375/1013  eps 0.033  train return  +24.03%  loss 4.53e-05  maxQ +0.0127  changes   367  4.1 min
episode 376/1013  eps 0.032  train return +179.98%  loss 4.57e-05  maxQ +0.0132  changes   402  4.1 min
episode 377/1013  eps 0.032  train return   -0.77%  loss 4.64e-05  maxQ +0.0124  changes   336  4.1 min
episode 378/1013  eps 0.032  train return  +16.28%  loss 4.64e-05  maxQ +0.0131  changes   328  4.1 min
episode 379/1013  eps 0.032  train return +163.15%  loss 4.31e-05  maxQ +0.0133  changes   371  4.1 min
episode 380/1013  eps 0.031  train return +179.40%  loss 4.45e-05  maxQ +0.0128  changes   406  4.1 min | val return -6.81% (best +32.35%)
episode 381/1013  eps 0.031  train return  +38.66%  loss 4.53e-05  maxQ +0.0134  changes   386  4.1 min
episode 382/1013  eps 0.031  train return +223.28%  loss 4.25e-05  maxQ +0.0133  changes   429  4.1 min
episode 383/1013  eps 0.030  train return +102.58%  loss 4.61e-05  maxQ +0.0133  changes   380  4.2 min
episode 384/1013  eps 0.030  train return +279.42%  loss 4.90e-05  maxQ +0.0137  changes   403  4.2 min
episode 385/1013  eps 0.030  train return  +17.27%  loss 4.60e-05  maxQ +0.0126  changes   354  4.2 min
episode 386/1013  eps 0.030  train return +263.29%  loss 4.46e-05  maxQ +0.0135  changes   403  4.2 min
episode 387/1013  eps 0.029  train return  +16.36%  loss 4.54e-05  maxQ +0.0130  changes   356  4.2 min
episode 388/1013  eps 0.029  train return +196.46%  loss 4.36e-05  maxQ +0.0134  changes   408  4.2 min
episode 389/1013  eps 0.029  train return  +51.75%  loss 4.22e-05  maxQ +0.0131  changes   367  4.2 min
episode 390/1013  eps 0.029  train return  +75.75%  loss 4.47e-05  maxQ +0.0131  changes   439  4.2 min | val return -4.36% (best +32.35%)
episode 391/1013  eps 0.028  train return  +53.90%  loss 4.33e-05  maxQ +0.0133  changes   377  4.2 min
episode 392/1013  eps 0.028  train return  +79.18%  loss 4.87e-05  maxQ +0.0134  changes   404  4.3 min
episode 393/1013  eps 0.028  train return  -11.38%  loss 4.72e-05  maxQ +0.0130  changes   274  4.3 min
episode 394/1013  eps 0.028  train return  +62.90%  loss 4.65e-05  maxQ +0.0135  changes   384  4.3 min
episode 395/1013  eps 0.027  train return  +14.81%  loss 4.71e-05  maxQ +0.0134  changes   310  4.3 min
episode 396/1013  eps 0.027  train return   +9.31%  loss 4.52e-05  maxQ +0.0129  changes   339  4.3 min
episode 397/1013  eps 0.027  train return  +24.88%  loss 4.30e-05  maxQ +0.0127  changes   374  4.3 min
episode 398/1013  eps 0.027  train return +204.43%  loss 4.62e-05  maxQ +0.0138  changes   426  4.3 min
episode 399/1013  eps 0.026  train return  +70.12%  loss 4.35e-05  maxQ +0.0128  changes   408  4.3 min
episode 400/1013  eps 0.026  train return +132.39%  loss 4.62e-05  maxQ +0.0136  changes   349  4.3 min | val return -6.91% (best +32.35%)
episode 401/1013  eps 0.026  train return  +54.34%  loss 5.04e-05  maxQ +0.0129  changes   371  4.4 min
episode 402/1013  eps 0.026  train return  +26.39%  loss 5.19e-05  maxQ +0.0129  changes   316  4.4 min
episode 403/1013  eps 0.025  train return  +79.78%  loss 5.25e-05  maxQ +0.0136  changes   336  4.4 min
episode 404/1013  eps 0.025  train return   +7.07%  loss 4.77e-05  maxQ +0.0131  changes   403  4.4 min
episode 405/1013  eps 0.025  train return +168.26%  loss 4.48e-05  maxQ +0.0124  changes   377  4.4 min
episode 406/1013  eps 0.025  train return  +71.93%  loss 4.23e-05  maxQ +0.0122  changes   349  4.4 min
episode 407/1013  eps 0.024  train return  +47.62%  loss 4.27e-05  maxQ +0.0119  changes   363  4.4 min
episode 408/1013  eps 0.024  train return  -12.90%  loss 4.33e-05  maxQ +0.0124  changes   289  4.4 min
episode 409/1013  eps 0.024  train return  +14.24%  loss 4.41e-05  maxQ +0.0123  changes   368  4.4 min
episode 410/1013  eps 0.024  train return +260.44%  loss 4.38e-05  maxQ +0.0121  changes   426  4.5 min | val return -10.68% (best +32.35%)
episode 411/1013  eps 0.024  train return +326.48%  loss 4.66e-05  maxQ +0.0121  changes   414  4.5 min
episode 412/1013  eps 0.023  train return +100.26%  loss 4.76e-05  maxQ +0.0128  changes   362  4.5 min
episode 413/1013  eps 0.023  train return +435.46%  loss 4.55e-05  maxQ +0.0128  changes   400  4.5 min
episode 414/1013  eps 0.023  train return  +40.75%  loss 4.81e-05  maxQ +0.0134  changes   344  4.5 min
episode 415/1013  eps 0.023  train return  +12.50%  loss 4.87e-05  maxQ +0.0137  changes   384  4.5 min
episode 416/1013  eps 0.023  train return  -11.36%  loss 4.60e-05  maxQ +0.0134  changes   291  4.5 min
episode 417/1013  eps 0.022  train return  +35.05%  loss 4.71e-05  maxQ +0.0141  changes   326  4.5 min
episode 418/1013  eps 0.022  train return  +14.45%  loss 4.98e-05  maxQ +0.0138  changes   374  4.5 min
episode 419/1013  eps 0.022  train return +263.61%  loss 5.08e-05  maxQ +0.0133  changes   451  4.6 min
episode 420/1013  eps 0.022  train return   +8.85%  loss 4.79e-05  maxQ +0.0129  changes   336  4.6 min | val return -14.97% (best +32.35%)
episode 421/1013  eps 0.022  train return   +3.87%  loss 4.94e-05  maxQ +0.0125  changes   268  4.6 min
episode 422/1013  eps 0.021  train return   -2.77%  loss 4.84e-05  maxQ +0.0136  changes   304  4.6 min
episode 423/1013  eps 0.021  train return  +96.01%  loss 5.13e-05  maxQ +0.0135  changes   351  4.6 min
episode 424/1013  eps 0.021  train return  +15.15%  loss 4.67e-05  maxQ +0.0129  changes   364  4.6 min
episode 425/1013  eps 0.021  train return   +4.69%  loss 4.55e-05  maxQ +0.0134  changes   336  4.6 min
episode 426/1013  eps 0.021  train return   +8.31%  loss 4.67e-05  maxQ +0.0131  changes   331  4.6 min
episode 427/1013  eps 0.020  train return  +72.79%  loss 4.98e-05  maxQ +0.0133  changes   403  4.7 min
episode 428/1013  eps 0.020  train return   +2.02%  loss 4.42e-05  maxQ +0.0130  changes   314  4.7 min
episode 429/1013  eps 0.020  train return  +26.30%  loss 4.43e-05  maxQ +0.0133  changes   328  4.7 min
episode 430/1013  eps 0.020  train return  +79.66%  loss 4.03e-05  maxQ +0.0129  changes   369  4.7 min | val return -18.47% (best +32.35%)
episode 431/1013  eps 0.020  train return  +29.73%  loss 4.57e-05  maxQ +0.0133  changes   324  4.7 min
episode 432/1013  eps 0.019  train return   +5.03%  loss 4.42e-05  maxQ +0.0131  changes   344  4.7 min
episode 433/1013  eps 0.019  train return +174.83%  loss 4.25e-05  maxQ +0.0129  changes   430  4.7 min
episode 434/1013  eps 0.019  train return  +43.39%  loss 4.89e-05  maxQ +0.0140  changes   350  4.7 min
episode 435/1013  eps 0.019  train return   +7.35%  loss 4.54e-05  maxQ +0.0135  changes   344  4.7 min
episode 436/1013  eps 0.019  train return  +63.65%  loss 4.48e-05  maxQ +0.0128  changes   379  4.8 min
episode 437/1013  eps 0.019  train return  +43.52%  loss 4.45e-05  maxQ +0.0133  changes   352  4.8 min
episode 438/1013  eps 0.018  train return  +33.12%  loss 4.35e-05  maxQ +0.0135  changes   368  4.8 min
episode 439/1013  eps 0.018  train return +116.33%  loss 4.43e-05  maxQ +0.0131  changes   401  4.8 min
episode 440/1013  eps 0.018  train return  +77.79%  loss 4.13e-05  maxQ +0.0128  changes   398  4.8 min | val return -14.05% (best +32.35%)
episode 441/1013  eps 0.018  train return  +82.75%  loss 4.51e-05  maxQ +0.0133  changes   403  4.8 min
episode 442/1013  eps 0.018  train return +152.31%  loss 4.54e-05  maxQ +0.0128  changes   386  4.8 min
episode 443/1013  eps 0.018  train return  +51.59%  loss 4.40e-05  maxQ +0.0129  changes   396  4.8 min
episode 444/1013  eps 0.017  train return   +7.34%  loss 4.70e-05  maxQ +0.0132  changes   312  4.9 min
episode 445/1013  eps 0.017  train return +109.09%  loss 4.17e-05  maxQ +0.0130  changes   407  4.9 min
episode 446/1013  eps 0.017  train return   -8.42%  loss 4.35e-05  maxQ +0.0133  changes   313  4.9 min
episode 447/1013  eps 0.017  train return  +35.01%  loss 4.59e-05  maxQ +0.0135  changes   330  4.9 min
episode 448/1013  eps 0.017  train return +137.56%  loss 4.44e-05  maxQ +0.0132  changes   421  4.9 min
episode 449/1013  eps 0.017  train return  +53.86%  loss 4.78e-05  maxQ +0.0131  changes   347  4.9 min
episode 450/1013  eps 0.016  train return   +6.65%  loss 4.21e-05  maxQ +0.0131  changes   351  4.9 min | val return -13.38% (best +32.35%)
episode 451/1013  eps 0.016  train return  +45.53%  loss 4.14e-05  maxQ +0.0125  changes   322  4.9 min
episode 452/1013  eps 0.016  train return +101.43%  loss 4.27e-05  maxQ +0.0127  changes   344  4.9 min
episode 453/1013  eps 0.016  train return   -4.39%  loss 4.03e-05  maxQ +0.0130  changes   276  5.0 min
episode 454/1013  eps 0.016  train return  +34.11%  loss 4.01e-05  maxQ +0.0123  changes   331  5.0 min
episode 455/1013  eps 0.016  train return  +31.44%  loss 4.05e-05  maxQ +0.0119  changes   373  5.0 min
episode 456/1013  eps 0.016  train return  +35.15%  loss 3.89e-05  maxQ +0.0117  changes   367  5.0 min
episode 457/1013  eps 0.015  train return  +45.27%  loss 3.94e-05  maxQ +0.0124  changes   339  5.0 min
episode 458/1013  eps 0.015  train return +129.60%  loss 4.33e-05  maxQ +0.0134  changes   414  5.0 min
episode 459/1013  eps 0.015  train return +170.16%  loss 4.39e-05  maxQ +0.0135  changes   394  5.0 min
episode 460/1013  eps 0.015  train return  +68.42%  loss 4.00e-05  maxQ +0.0130  changes   413  5.0 min | val return -13.92% (best +32.35%)
episode 461/1013  eps 0.015  train return +423.34%  loss 3.99e-05  maxQ +0.0125  changes   430  5.0 min
episode 462/1013  eps 0.015  train return  +37.75%  loss 3.85e-05  maxQ +0.0128  changes   389  5.1 min
episode 463/1013  eps 0.015  train return  +96.24%  loss 3.83e-05  maxQ +0.0127  changes   407  5.1 min
episode 464/1013  eps 0.015  train return   -8.37%  loss 4.09e-05  maxQ +0.0129  changes   252  5.1 min
episode 465/1013  eps 0.014  train return  +85.31%  loss 3.92e-05  maxQ +0.0122  changes   372  5.1 min
episode 466/1013  eps 0.014  train return  +40.76%  loss 3.75e-05  maxQ +0.0118  changes   341  5.1 min
episode 467/1013  eps 0.014  train return +171.45%  loss 4.59e-05  maxQ +0.0127  changes   432  5.1 min
episode 468/1013  eps 0.014  train return  +44.79%  loss 4.18e-05  maxQ +0.0120  changes   398  5.1 min
episode 469/1013  eps 0.014  train return   -4.99%  loss 4.36e-05  maxQ +0.0124  changes   272  5.1 min
episode 470/1013  eps 0.014  train return  +39.58%  loss 4.48e-05  maxQ +0.0121  changes   432  5.1 min | val return -25.90% (best +32.35%)
episode 471/1013  eps 0.014  train return  +41.79%  loss 4.26e-05  maxQ +0.0125  changes   415  5.2 min
episode 472/1013  eps 0.013  train return +295.93%  loss 4.48e-05  maxQ +0.0126  changes   398  5.2 min
episode 473/1013  eps 0.013  train return  +95.85%  loss 3.90e-05  maxQ +0.0129  changes   417  5.2 min
episode 474/1013  eps 0.013  train return  +36.02%  loss 3.79e-05  maxQ +0.0129  changes   370  5.2 min
episode 475/1013  eps 0.013  train return +113.55%  loss 4.14e-05  maxQ +0.0137  changes   418  5.2 min
episode 476/1013  eps 0.013  train return  +58.65%  loss 3.78e-05  maxQ +0.0130  changes   419  5.2 min
episode 477/1013  eps 0.013  train return  +20.27%  loss 3.90e-05  maxQ +0.0129  changes   333  5.2 min
episode 478/1013  eps 0.013  train return +188.45%  loss 3.85e-05  maxQ +0.0130  changes   458  5.2 min
episode 479/1013  eps 0.013  train return  +55.56%  loss 4.01e-05  maxQ +0.0128  changes   368  5.2 min
episode 480/1013  eps 0.013  train return  +19.97%  loss 4.23e-05  maxQ +0.0124  changes   373  5.3 min | val return -0.08% (best +32.35%)
episode 481/1013  eps 0.012  train return  +38.10%  loss 4.00e-05  maxQ +0.0126  changes   361  5.3 min
episode 482/1013  eps 0.012  train return +239.06%  loss 4.07e-05  maxQ +0.0126  changes   432  5.3 min
episode 483/1013  eps 0.012  train return +181.21%  loss 3.82e-05  maxQ +0.0127  changes   379  5.3 min
episode 484/1013  eps 0.012  train return  +73.27%  loss 3.99e-05  maxQ +0.0121  changes   384  5.3 min
episode 485/1013  eps 0.012  train return +188.11%  loss 4.48e-05  maxQ +0.0130  changes   384  5.3 min
episode 486/1013  eps 0.012  train return  +39.70%  loss 4.32e-05  maxQ +0.0126  changes   376  5.3 min
episode 487/1013  eps 0.012  train return  +84.14%  loss 4.00e-05  maxQ +0.0128  changes   409  5.3 min
episode 488/1013  eps 0.012  train return  +81.56%  loss 4.06e-05  maxQ +0.0129  changes   374  5.4 min
episode 489/1013  eps 0.012  train return  +99.65%  loss 4.08e-05  maxQ +0.0125  changes   364  5.4 min
episode 490/1013  eps 0.011  train return  +48.53%  loss 4.00e-05  maxQ +0.0125  changes   344  5.4 min | val return -14.02% (best +32.35%)
episode 491/1013  eps 0.011  train return  +41.36%  loss 4.04e-05  maxQ +0.0123  changes   366  5.4 min
episode 492/1013  eps 0.011  train return  +81.16%  loss 4.02e-05  maxQ +0.0128  changes   359  5.4 min
episode 493/1013  eps 0.011  train return +263.41%  loss 4.20e-05  maxQ +0.0126  changes   416  5.4 min
episode 494/1013  eps 0.011  train return +108.00%  loss 4.30e-05  maxQ +0.0123  changes   359  5.4 min
episode 495/1013  eps 0.011  train return   +5.10%  loss 4.13e-05  maxQ +0.0129  changes   300  5.4 min
episode 496/1013  eps 0.011  train return +147.06%  loss 4.33e-05  maxQ +0.0131  changes   431  5.4 min
episode 497/1013  eps 0.011  train return  +61.08%  loss 4.14e-05  maxQ +0.0129  changes   394  5.5 min
episode 498/1013  eps 0.011  train return  +54.84%  loss 4.99e-05  maxQ +0.0136  changes   428  5.5 min
episode 499/1013  eps 0.011  train return   +3.01%  loss 4.83e-05  maxQ +0.0133  changes   287  5.5 min
episode 500/1013  eps 0.010  train return  +45.61%  loss 4.61e-05  maxQ +0.0136  changes   337  5.5 min | val return -11.08% (best +32.35%)
episode 501/1013  eps 0.010  train return +268.84%  loss 4.39e-05  maxQ +0.0137  changes   449  5.5 min
episode 502/1013  eps 0.010  train return +136.26%  loss 4.35e-05  maxQ +0.0137  changes   393  5.5 min
episode 503/1013  eps 0.010  train return   -0.88%  loss 4.49e-05  maxQ +0.0131  changes   332  5.5 min
episode 504/1013  eps 0.010  train return +209.30%  loss 4.65e-05  maxQ +0.0130  changes   423  5.5 min
episode 505/1013  eps 0.010  train return +133.08%  loss 4.29e-05  maxQ +0.0136  changes   413  5.5 min
episode 506/1013  eps 0.010  train return +678.57%  loss 4.55e-05  maxQ +0.0138  changes   430  5.6 min
episode 507/1013  eps 0.010  train return  +48.21%  loss 4.58e-05  maxQ +0.0136  changes   365  5.6 min
episode 508/1013  eps 0.010  train return   +9.95%  loss 4.57e-05  maxQ +0.0136  changes   354  5.6 min
episode 509/1013  eps 0.010  train return  +50.97%  loss 4.47e-05  maxQ +0.0136  changes   364  5.6 min
episode 510/1013  eps 0.010  train return   +6.09%  loss 4.79e-05  maxQ +0.0143  changes   396  5.6 min | val return +0.86% (best +32.35%)
episode 511/1013  eps 0.010  train return  +23.41%  loss 4.66e-05  maxQ +0.0145  changes   342  5.6 min
episode 512/1013  eps 0.010  train return +105.26%  loss 4.72e-05  maxQ +0.0148  changes   381  5.6 min
episode 513/1013  eps 0.010  train return  +19.85%  loss 4.90e-05  maxQ +0.0143  changes   280  5.6 min
episode 514/1013  eps 0.010  train return  +51.63%  loss 4.33e-05  maxQ +0.0141  changes   403  5.7 min
episode 515/1013  eps 0.010  train return +110.60%  loss 4.49e-05  maxQ +0.0141  changes   411  5.7 min
episode 516/1013  eps 0.010  train return  +32.34%  loss 4.45e-05  maxQ +0.0137  changes   353  5.7 min
episode 517/1013  eps 0.010  train return +140.63%  loss 4.41e-05  maxQ +0.0143  changes   412  5.7 min
episode 518/1013  eps 0.010  train return  +50.67%  loss 4.65e-05  maxQ +0.0136  changes   404  5.7 min
episode 519/1013  eps 0.010  train return  +92.31%  loss 4.73e-05  maxQ +0.0138  changes   397  5.7 min
episode 520/1013  eps 0.010  train return +145.07%  loss 4.64e-05  maxQ +0.0141  changes   408  5.7 min | val return +4.02% (best +32.35%)
episode 521/1013  eps 0.010  train return  +36.78%  loss 4.18e-05  maxQ +0.0137  changes   377  5.7 min
episode 522/1013  eps 0.010  train return   +5.59%  loss 4.62e-05  maxQ +0.0137  changes   273  5.8 min
episode 523/1013  eps 0.010  train return  +47.44%  loss 4.26e-05  maxQ +0.0142  changes   353  5.8 min
episode 524/1013  eps 0.010  train return +198.93%  loss 4.67e-05  maxQ +0.0142  changes   385  5.8 min
episode 525/1013  eps 0.010  train return +104.43%  loss 4.76e-05  maxQ +0.0137  changes   394  5.8 min
episode 526/1013  eps 0.010  train return  +41.19%  loss 5.09e-05  maxQ +0.0156  changes   378  5.8 min
episode 527/1013  eps 0.010  train return  +44.60%  loss 5.00e-05  maxQ +0.0155  changes   365  5.8 min
episode 528/1013  eps 0.010  train return  +69.22%  loss 4.74e-05  maxQ +0.0147  changes   375  5.8 min
episode 529/1013  eps 0.010  train return +151.17%  loss 4.64e-05  maxQ +0.0140  changes   437  5.8 min
episode 530/1013  eps 0.010  train return  +30.62%  loss 4.78e-05  maxQ +0.0134  changes   309  5.8 min | val return -3.43% (best +32.35%)
episode 531/1013  eps 0.010  train return  -10.84%  loss 4.52e-05  maxQ +0.0141  changes   256  5.9 min
episode 532/1013  eps 0.010  train return  +96.32%  loss 4.95e-05  maxQ +0.0147  changes   397  5.9 min
episode 533/1013  eps 0.010  train return  +28.31%  loss 4.70e-05  maxQ +0.0145  changes   316  5.9 min
episode 534/1013  eps 0.010  train return  +56.56%  loss 4.90e-05  maxQ +0.0140  changes   370  5.9 min
episode 535/1013  eps 0.010  train return  +82.05%  loss 5.09e-05  maxQ +0.0147  changes   383  5.9 min
episode 536/1013  eps 0.010  train return +295.78%  loss 4.66e-05  maxQ +0.0144  changes   406  5.9 min
episode 537/1013  eps 0.010  train return  +11.14%  loss 4.63e-05  maxQ +0.0136  changes   258  5.9 min
episode 538/1013  eps 0.010  train return  +26.63%  loss 4.46e-05  maxQ +0.0135  changes   295  5.9 min
episode 539/1013  eps 0.010  train return   +4.85%  loss 4.25e-05  maxQ +0.0138  changes   350  5.9 min
episode 540/1013  eps 0.010  train return  +47.49%  loss 4.26e-05  maxQ +0.0135  changes   362  5.9 min | val return -0.32% (best +32.35%)
episode 541/1013  eps 0.010  train return  +71.30%  loss 4.55e-05  maxQ +0.0140  changes   358  6.0 min
episode 542/1013  eps 0.010  train return   +5.66%  loss 4.38e-05  maxQ +0.0135  changes   263  6.0 min
episode 543/1013  eps 0.010  train return +153.82%  loss 4.03e-05  maxQ +0.0131  changes   345  6.0 min
episode 544/1013  eps 0.010  train return   -2.48%  loss 4.21e-05  maxQ +0.0141  changes   350  6.0 min
episode 545/1013  eps 0.010  train return +185.40%  loss 4.39e-05  maxQ +0.0132  changes   345  6.0 min
episode 546/1013  eps 0.010  train return +154.96%  loss 4.22e-05  maxQ +0.0127  changes   418  6.0 min
episode 547/1013  eps 0.010  train return   +1.77%  loss 4.09e-05  maxQ +0.0131  changes   320  6.0 min
episode 548/1013  eps 0.010  train return  +71.40%  loss 4.39e-05  maxQ +0.0135  changes   397  6.0 min
episode 549/1013  eps 0.010  train return   -6.17%  loss 3.99e-05  maxQ +0.0133  changes   274  6.0 min
episode 550/1013  eps 0.010  train return +365.12%  loss 4.10e-05  maxQ +0.0133  changes   432  6.1 min | val return +2.20% (best +32.35%)
episode 551/1013  eps 0.010  train return  +37.43%  loss 4.05e-05  maxQ +0.0131  changes   328  6.1 min
episode 552/1013  eps 0.010  train return +120.80%  loss 4.17e-05  maxQ +0.0130  changes   372  6.1 min
episode 553/1013  eps 0.010  train return +173.69%  loss 3.77e-05  maxQ +0.0125  changes   423  6.1 min
episode 554/1013  eps 0.010  train return   +9.63%  loss 4.07e-05  maxQ +0.0127  changes   222  6.1 min
episode 555/1013  eps 0.010  train return  +12.39%  loss 4.04e-05  maxQ +0.0131  changes   260  6.1 min
episode 556/1013  eps 0.010  train return +196.30%  loss 3.73e-05  maxQ +0.0133  changes   386  6.1 min
episode 557/1013  eps 0.010  train return  +31.41%  loss 3.94e-05  maxQ +0.0127  changes   285  6.1 min
episode 558/1013  eps 0.010  train return  +48.20%  loss 4.06e-05  maxQ +0.0125  changes   355  6.2 min
episode 559/1013  eps 0.010  train return +132.52%  loss 3.63e-05  maxQ +0.0127  changes   410  6.2 min
episode 560/1013  eps 0.010  train return  +82.71%  loss 3.34e-05  maxQ +0.0129  changes   344  6.2 min | val return -6.18% (best +32.35%)
episode 561/1013  eps 0.010  train return +231.53%  loss 4.27e-05  maxQ +0.0126  changes   406  6.2 min
episode 562/1013  eps 0.010  train return  +19.73%  loss 4.10e-05  maxQ +0.0135  changes   293  6.2 min
episode 563/1013  eps 0.010  train return   +9.51%  loss 3.86e-05  maxQ +0.0128  changes   256  6.2 min
episode 564/1013  eps 0.010  train return  +28.09%  loss 4.06e-05  maxQ +0.0132  changes   371  6.2 min
episode 565/1013  eps 0.010  train return  +17.76%  loss 4.05e-05  maxQ +0.0140  changes   274  6.2 min
episode 566/1013  eps 0.010  train return  +62.78%  loss 3.74e-05  maxQ +0.0143  changes   387  6.3 min
episode 567/1013  eps 0.010  train return  +32.89%  loss 4.06e-05  maxQ +0.0138  changes   355  6.3 min
episode 568/1013  eps 0.010  train return  +56.09%  loss 3.67e-05  maxQ +0.0134  changes   362  6.3 min
episode 569/1013  eps 0.010  train return +135.98%  loss 3.90e-05  maxQ +0.0129  changes   426  6.3 min
episode 570/1013  eps 0.010  train return  +92.74%  loss 4.03e-05  maxQ +0.0135  changes   369  6.3 min | val return -11.89% (best +32.35%)
episode 571/1013  eps 0.010  train return  +18.71%  loss 3.59e-05  maxQ +0.0133  changes   330  6.3 min
episode 572/1013  eps 0.010  train return +154.47%  loss 3.66e-05  maxQ +0.0132  changes   354  6.3 min
episode 573/1013  eps 0.010  train return +110.77%  loss 3.96e-05  maxQ +0.0135  changes   385  6.3 min
episode 574/1013  eps 0.010  train return  +19.28%  loss 3.71e-05  maxQ +0.0134  changes   330  6.4 min
episode 575/1013  eps 0.010  train return +184.27%  loss 3.81e-05  maxQ +0.0126  changes   418  6.4 min
episode 576/1013  eps 0.010  train return  +53.76%  loss 3.55e-05  maxQ +0.0131  changes   389  6.4 min
episode 577/1013  eps 0.010  train return  +65.82%  loss 3.11e-05  maxQ +0.0127  changes   349  6.4 min
episode 578/1013  eps 0.010  train return  +99.23%  loss 3.46e-05  maxQ +0.0127  changes   421  6.4 min
episode 579/1013  eps 0.010  train return   -4.11%  loss 3.30e-05  maxQ +0.0133  changes   264  6.4 min
episode 580/1013  eps 0.010  train return  +42.13%  loss 3.41e-05  maxQ +0.0126  changes   352  6.4 min | val return -29.01% (best +32.35%)
episode 581/1013  eps 0.010  train return +718.80%  loss 3.68e-05  maxQ +0.0130  changes   432  6.5 min
episode 582/1013  eps 0.010  train return  +73.11%  loss 4.20e-05  maxQ +0.0132  changes   347  6.5 min
episode 583/1013  eps 0.010  train return   -5.36%  loss 3.77e-05  maxQ +0.0130  changes   334  6.5 min
episode 584/1013  eps 0.010  train return  +25.85%  loss 3.77e-05  maxQ +0.0129  changes   334  6.5 min
episode 585/1013  eps 0.010  train return  +31.42%  loss 3.53e-05  maxQ +0.0128  changes   295  6.5 min
episode 586/1013  eps 0.010  train return  +27.61%  loss 3.53e-05  maxQ +0.0127  changes   334  6.5 min
episode 587/1013  eps 0.010  train return  +20.44%  loss 3.62e-05  maxQ +0.0121  changes   362  6.5 min
episode 588/1013  eps 0.010  train return +146.14%  loss 3.58e-05  maxQ +0.0130  changes   405  6.5 min
episode 589/1013  eps 0.010  train return +138.87%  loss 3.57e-05  maxQ +0.0130  changes   367  6.6 min
episode 590/1013  eps 0.010  train return +157.16%  loss 3.63e-05  maxQ +0.0124  changes   402  6.6 min | val return -13.84% (best +32.35%)
episode 591/1013  eps 0.010  train return +388.71%  loss 3.50e-05  maxQ +0.0123  changes   410  6.6 min
episode 592/1013  eps 0.010  train return  +35.25%  loss 3.78e-05  maxQ +0.0129  changes   350  6.6 min
episode 593/1013  eps 0.010  train return  +80.96%  loss 3.85e-05  maxQ +0.0133  changes   333  6.6 min
episode 594/1013  eps 0.010  train return  +59.67%  loss 3.76e-05  maxQ +0.0132  changes   360  6.6 min
episode 595/1013  eps 0.010  train return +852.12%  loss 3.37e-05  maxQ +0.0120  changes   395  6.6 min
episode 596/1013  eps 0.010  train return  +81.39%  loss 3.38e-05  maxQ +0.0119  changes   392  6.7 min
episode 597/1013  eps 0.010  train return  +44.05%  loss 3.43e-05  maxQ +0.0121  changes   317  6.7 min
episode 598/1013  eps 0.010  train return  +48.57%  loss 3.48e-05  maxQ +0.0122  changes   362  6.7 min
episode 599/1013  eps 0.010  train return  +24.71%  loss 3.50e-05  maxQ +0.0121  changes   376  6.7 min
episode 600/1013  eps 0.010  train return   -3.16%  loss 3.30e-05  maxQ +0.0120  changes   306  6.7 min | val return -6.61% (best +32.35%)
episode 601/1013  eps 0.010  train return  +45.62%  loss 3.51e-05  maxQ +0.0123  changes   378  6.8 min
episode 602/1013  eps 0.010  train return +135.84%  loss 3.31e-05  maxQ +0.0120  changes   429  6.8 min
episode 603/1013  eps 0.010  train return  +92.61%  loss 3.86e-05  maxQ +0.0127  changes   381  6.8 min
episode 604/1013  eps 0.010  train return  +22.65%  loss 3.48e-05  maxQ +0.0128  changes   304  6.8 min
episode 605/1013  eps 0.010  train return  +50.01%  loss 3.71e-05  maxQ +0.0132  changes   333  6.9 min
episode 606/1013  eps 0.010  train return  +41.09%  loss 3.69e-05  maxQ +0.0124  changes   404  6.9 min
episode 607/1013  eps 0.010  train return +139.93%  loss 3.41e-05  maxQ +0.0121  changes   415  6.9 min
episode 608/1013  eps 0.010  train return +316.91%  loss 3.53e-05  maxQ +0.0127  changes   402  6.9 min
episode 609/1013  eps 0.010  train return  +78.71%  loss 3.84e-05  maxQ +0.0131  changes   371  6.9 min
episode 610/1013  eps 0.010  train return  +41.29%  loss 3.70e-05  maxQ +0.0128  changes   340  7.0 min | val return -6.91% (best +32.35%)
episode 611/1013  eps 0.010  train return  +91.23%  loss 3.78e-05  maxQ +0.0131  changes   420  7.0 min
episode 612/1013  eps 0.010  train return  +14.32%  loss 3.60e-05  maxQ +0.0123  changes   363  7.0 min
episode 613/1013  eps 0.010  train return   +2.19%  loss 3.47e-05  maxQ +0.0125  changes   263  7.0 min
episode 614/1013  eps 0.010  train return  +35.59%  loss 3.83e-05  maxQ +0.0124  changes   335  7.0 min
episode 615/1013  eps 0.010  train return  +19.00%  loss 3.67e-05  maxQ +0.0129  changes   280  7.0 min
episode 616/1013  eps 0.010  train return  +83.72%  loss 3.54e-05  maxQ +0.0129  changes   391  7.0 min
episode 617/1013  eps 0.010  train return  +85.31%  loss 3.83e-05  maxQ +0.0128  changes   401  7.0 min
episode 618/1013  eps 0.010  train return  +58.44%  loss 3.57e-05  maxQ +0.0129  changes   328  7.0 min
episode 619/1013  eps 0.010  train return +134.94%  loss 3.43e-05  maxQ +0.0130  changes   377  7.1 min
episode 620/1013  eps 0.010  train return  +20.95%  loss 3.36e-05  maxQ +0.0131  changes   331  7.1 min | val return -21.70% (best +32.35%)
episode 621/1013  eps 0.010  train return  +40.29%  loss 3.62e-05  maxQ +0.0124  changes   339  7.1 min
episode 622/1013  eps 0.010  train return  +74.68%  loss 3.57e-05  maxQ +0.0129  changes   339  7.1 min
episode 623/1013  eps 0.010  train return  +41.77%  loss 3.81e-05  maxQ +0.0121  changes   331  7.1 min
episode 624/1013  eps 0.010  train return  +64.36%  loss 3.57e-05  maxQ +0.0122  changes   379  7.1 min
episode 625/1013  eps 0.010  train return  +23.53%  loss 3.65e-05  maxQ +0.0123  changes   302  7.2 min
episode 626/1013  eps 0.010  train return  +50.53%  loss 3.46e-05  maxQ +0.0120  changes   380  7.2 min
episode 627/1013  eps 0.010  train return +236.85%  loss 3.75e-05  maxQ +0.0123  changes   423  7.2 min
episode 628/1013  eps 0.010  train return +303.66%  loss 3.99e-05  maxQ +0.0128  changes   432  7.2 min
episode 629/1013  eps 0.010  train return +114.01%  loss 3.90e-05  maxQ +0.0125  changes   379  7.2 min
episode 630/1013  eps 0.010  train return  +26.69%  loss 3.75e-05  maxQ +0.0123  changes   315  7.2 min | val return -7.65% (best +32.35%)
episode 631/1013  eps 0.010  train return  +74.66%  loss 3.76e-05  maxQ +0.0122  changes   359  7.2 min
episode 632/1013  eps 0.010  train return  +49.06%  loss 3.67e-05  maxQ +0.0120  changes   349  7.3 min
episode 633/1013  eps 0.010  train return  +32.56%  loss 3.74e-05  maxQ +0.0128  changes   337  7.3 min
episode 634/1013  eps 0.010  train return  +39.33%  loss 3.87e-05  maxQ +0.0126  changes   322  7.3 min
episode 635/1013  eps 0.010  train return  +44.84%  loss 3.89e-05  maxQ +0.0124  changes   324  7.3 min
episode 636/1013  eps 0.010  train return  +66.70%  loss 3.51e-05  maxQ +0.0125  changes   336  7.3 min
episode 637/1013  eps 0.010  train return +143.59%  loss 3.76e-05  maxQ +0.0127  changes   401  7.3 min
episode 638/1013  eps 0.010  train return  +11.18%  loss 3.64e-05  maxQ +0.0131  changes   348  7.3 min
episode 639/1013  eps 0.010  train return  +64.37%  loss 3.58e-05  maxQ +0.0126  changes   348  7.3 min
episode 640/1013  eps 0.010  train return  +16.66%  loss 3.70e-05  maxQ +0.0126  changes   317  7.4 min | val return -4.12% (best +32.35%)
episode 641/1013  eps 0.010  train return +374.29%  loss 3.82e-05  maxQ +0.0131  changes   429  7.4 min
episode 642/1013  eps 0.010  train return +649.89%  loss 3.28e-05  maxQ +0.0132  changes   435  7.4 min
episode 643/1013  eps 0.010  train return  +86.35%  loss 3.62e-05  maxQ +0.0128  changes   389  7.4 min
episode 644/1013  eps 0.010  train return   -6.46%  loss 3.76e-05  maxQ +0.0132  changes   319  7.4 min
episode 645/1013  eps 0.010  train return  +97.23%  loss 3.76e-05  maxQ +0.0134  changes   359  7.4 min
episode 646/1013  eps 0.010  train return  +38.24%  loss 3.80e-05  maxQ +0.0131  changes   369  7.4 min
episode 647/1013  eps 0.010  train return  +51.19%  loss 3.90e-05  maxQ +0.0131  changes   354  7.4 min
episode 648/1013  eps 0.010  train return  +61.01%  loss 3.61e-05  maxQ +0.0128  changes   355  7.5 min
episode 649/1013  eps 0.010  train return  +15.42%  loss 3.54e-05  maxQ +0.0132  changes   261  7.5 min
episode 650/1013  eps 0.010  train return  +21.44%  loss 3.42e-05  maxQ +0.0137  changes   289  7.5 min | val return -20.44% (best +32.35%)
episode 651/1013  eps 0.010  train return  +21.99%  loss 3.56e-05  maxQ +0.0136  changes   347  7.5 min
episode 652/1013  eps 0.010  train return   +1.50%  loss 3.39e-05  maxQ +0.0140  changes   261  7.5 min
episode 653/1013  eps 0.010  train return +123.74%  loss 3.70e-05  maxQ +0.0137  changes   439  7.5 min
episode 654/1013  eps 0.010  train return +103.00%  loss 3.73e-05  maxQ +0.0134  changes   423  7.5 min
episode 655/1013  eps 0.010  train return +168.77%  loss 3.51e-05  maxQ +0.0131  changes   400  7.5 min
episode 656/1013  eps 0.010  train return   +7.14%  loss 3.56e-05  maxQ +0.0129  changes   262  7.6 min
episode 657/1013  eps 0.010  train return  +80.56%  loss 3.50e-05  maxQ +0.0126  changes   401  7.6 min
episode 658/1013  eps 0.010  train return  +27.09%  loss 3.55e-05  maxQ +0.0131  changes   323  7.6 min
episode 659/1013  eps 0.010  train return   -4.66%  loss 3.85e-05  maxQ +0.0135  changes   253  7.6 min
episode 660/1013  eps 0.010  train return  +59.01%  loss 4.13e-05  maxQ +0.0135  changes   424  7.6 min | val return -1.19% (best +32.35%)
episode 661/1013  eps 0.010  train return  +25.49%  loss 3.60e-05  maxQ +0.0133  changes   337  7.6 min
episode 662/1013  eps 0.010  train return +236.46%  loss 3.28e-05  maxQ +0.0123  changes   428  7.6 min
episode 663/1013  eps 0.010  train return +140.62%  loss 3.43e-05  maxQ +0.0119  changes   424  7.6 min
episode 664/1013  eps 0.010  train return  +35.53%  loss 3.66e-05  maxQ +0.0129  changes   284  7.7 min
episode 665/1013  eps 0.010  train return  +59.81%  loss 3.44e-05  maxQ +0.0117  changes   341  7.7 min
episode 666/1013  eps 0.010  train return +114.24%  loss 3.57e-05  maxQ +0.0128  changes   404  7.7 min
episode 667/1013  eps 0.010  train return  +73.86%  loss 3.79e-05  maxQ +0.0126  changes   311  7.7 min
episode 668/1013  eps 0.010  train return +174.89%  loss 3.61e-05  maxQ +0.0121  changes   396  7.7 min
episode 669/1013  eps 0.010  train return  +38.99%  loss 3.77e-05  maxQ +0.0126  changes   357  7.7 min
episode 670/1013  eps 0.010  train return  +43.20%  loss 3.75e-05  maxQ +0.0131  changes   400  7.7 min | val return -4.33% (best +32.35%)
episode 671/1013  eps 0.010  train return +462.98%  loss 3.62e-05  maxQ +0.0122  changes   395  7.8 min
episode 672/1013  eps 0.010  train return  +36.20%  loss 4.15e-05  maxQ +0.0124  changes   353  7.8 min
episode 673/1013  eps 0.010  train return  +23.43%  loss 3.71e-05  maxQ +0.0126  changes   322  7.8 min
episode 674/1013  eps 0.010  train return +140.43%  loss 3.94e-05  maxQ +0.0124  changes   455  7.8 min
episode 675/1013  eps 0.010  train return  +36.67%  loss 3.68e-05  maxQ +0.0122  changes   327  7.8 min
episode 676/1013  eps 0.010  train return  +45.44%  loss 3.73e-05  maxQ +0.0125  changes   329  7.8 min
episode 677/1013  eps 0.010  train return +122.36%  loss 3.60e-05  maxQ +0.0130  changes   397  7.8 min
episode 678/1013  eps 0.010  train return  +51.01%  loss 3.88e-05  maxQ +0.0133  changes   328  7.8 min
episode 679/1013  eps 0.010  train return +118.18%  loss 3.84e-05  maxQ +0.0134  changes   406  7.8 min
episode 680/1013  eps 0.010  train return +101.92%  loss 4.06e-05  maxQ +0.0138  changes   371  7.9 min | val return -15.94% (best +32.35%)
episode 681/1013  eps 0.010  train return  +68.16%  loss 3.99e-05  maxQ +0.0130  changes   335  7.9 min
episode 682/1013  eps 0.010  train return  +62.20%  loss 3.83e-05  maxQ +0.0135  changes   384  7.9 min
episode 683/1013  eps 0.010  train return  +29.34%  loss 3.73e-05  maxQ +0.0131  changes   298  7.9 min
episode 684/1013  eps 0.010  train return +156.29%  loss 3.55e-05  maxQ +0.0129  changes   429  7.9 min
episode 685/1013  eps 0.010  train return +295.73%  loss 4.44e-05  maxQ +0.0133  changes   374  7.9 min
episode 686/1013  eps 0.010  train return +156.42%  loss 3.90e-05  maxQ +0.0127  changes   429  7.9 min
episode 687/1013  eps 0.010  train return  +72.59%  loss 3.70e-05  maxQ +0.0126  changes   382  7.9 min
episode 688/1013  eps 0.010  train return  +12.05%  loss 3.85e-05  maxQ +0.0126  changes   328  8.0 min
episode 689/1013  eps 0.010  train return  +63.19%  loss 3.80e-05  maxQ +0.0127  changes   352  8.0 min
episode 690/1013  eps 0.010  train return +239.60%  loss 3.88e-05  maxQ +0.0128  changes   448  8.0 min | val return -6.28% (best +32.35%)
episode 691/1013  eps 0.010  train return  +45.38%  loss 3.80e-05  maxQ +0.0128  changes   334  8.0 min
episode 692/1013  eps 0.010  train return +133.64%  loss 4.23e-05  maxQ +0.0126  changes   425  8.0 min
episode 693/1013  eps 0.010  train return  +11.81%  loss 3.80e-05  maxQ +0.0123  changes   321  8.0 min
episode 694/1013  eps 0.010  train return  +73.36%  loss 3.72e-05  maxQ +0.0124  changes   362  8.0 min
episode 695/1013  eps 0.010  train return +171.75%  loss 4.13e-05  maxQ +0.0131  changes   381  8.0 min
episode 696/1013  eps 0.010  train return  +41.76%  loss 4.09e-05  maxQ +0.0131  changes   310  8.1 min
episode 697/1013  eps 0.010  train return   +6.21%  loss 3.75e-05  maxQ +0.0125  changes   263  8.1 min
episode 698/1013  eps 0.010  train return  +47.43%  loss 3.69e-05  maxQ +0.0126  changes   381  8.1 min
episode 699/1013  eps 0.010  train return +213.18%  loss 3.72e-05  maxQ +0.0122  changes   420  8.1 min
episode 700/1013  eps 0.010  train return +120.94%  loss 3.98e-05  maxQ +0.0125  changes   413  8.1 min | val return -15.73% (best +32.35%)
episode 701/1013  eps 0.010  train return +145.55%  loss 3.91e-05  maxQ +0.0131  changes   395  8.1 min
episode 702/1013  eps 0.010  train return  +87.94%  loss 3.59e-05  maxQ +0.0126  changes   309  8.1 min
episode 703/1013  eps 0.010  train return +133.49%  loss 3.75e-05  maxQ +0.0122  changes   388  8.1 min
episode 704/1013  eps 0.010  train return +261.03%  loss 4.03e-05  maxQ +0.0119  changes   433  8.2 min
episode 705/1013  eps 0.010  train return  +63.52%  loss 3.82e-05  maxQ +0.0121  changes   389  8.2 min
episode 706/1013  eps 0.010  train return +159.85%  loss 3.95e-05  maxQ +0.0125  changes   399  8.2 min
episode 707/1013  eps 0.010  train return +655.48%  loss 4.26e-05  maxQ +0.0127  changes   403  8.2 min
episode 708/1013  eps 0.010  train return +186.69%  loss 3.94e-05  maxQ +0.0130  changes   411  8.2 min
episode 709/1013  eps 0.010  train return +103.94%  loss 3.51e-05  maxQ +0.0125  changes   400  8.2 min
episode 710/1013  eps 0.010  train return  +25.02%  loss 3.63e-05  maxQ +0.0127  changes   276  8.2 min | val return -12.24% (best +32.35%)
episode 711/1013  eps 0.010  train return  +43.34%  loss 3.83e-05  maxQ +0.0125  changes   325  8.2 min
episode 712/1013  eps 0.010  train return  +63.46%  loss 3.98e-05  maxQ +0.0126  changes   388  8.3 min
episode 713/1013  eps 0.010  train return +150.59%  loss 4.17e-05  maxQ +0.0126  changes   395  8.3 min
episode 714/1013  eps 0.010  train return  +29.67%  loss 4.02e-05  maxQ +0.0131  changes   368  8.3 min
episode 715/1013  eps 0.010  train return  +83.77%  loss 4.08e-05  maxQ +0.0137  changes   360  8.3 min
episode 716/1013  eps 0.010  train return  +85.82%  loss 3.90e-05  maxQ +0.0133  changes   325  8.3 min
episode 717/1013  eps 0.010  train return   -2.04%  loss 3.69e-05  maxQ +0.0132  changes   276  8.3 min
episode 718/1013  eps 0.010  train return  +34.98%  loss 3.51e-05  maxQ +0.0134  changes   341  8.3 min
episode 719/1013  eps 0.010  train return  +42.95%  loss 3.86e-05  maxQ +0.0132  changes   320  8.3 min
episode 720/1013  eps 0.010  train return  +83.74%  loss 3.82e-05  maxQ +0.0138  changes   353  8.4 min | val return -10.94% (best +32.35%)
episode 721/1013  eps 0.010  train return  +37.73%  loss 3.82e-05  maxQ +0.0136  changes   322  8.4 min
episode 722/1013  eps 0.010  train return +102.11%  loss 3.86e-05  maxQ +0.0135  changes   302  8.4 min
episode 723/1013  eps 0.010  train return  +30.85%  loss 3.87e-05  maxQ +0.0136  changes   278  8.4 min
episode 724/1013  eps 0.010  train return  +19.05%  loss 3.52e-05  maxQ +0.0138  changes   287  8.4 min
episode 725/1013  eps 0.010  train return +929.13%  loss 3.90e-05  maxQ +0.0135  changes   432  8.4 min
episode 726/1013  eps 0.010  train return  +79.84%  loss 4.20e-05  maxQ +0.0141  changes   345  8.4 min
episode 727/1013  eps 0.010  train return  +59.82%  loss 4.29e-05  maxQ +0.0143  changes   372  8.4 min
episode 728/1013  eps 0.010  train return  +66.06%  loss 3.59e-05  maxQ +0.0138  changes   338  8.4 min
episode 729/1013  eps 0.010  train return  +44.87%  loss 3.85e-05  maxQ +0.0140  changes   369  8.5 min
episode 730/1013  eps 0.010  train return  +20.06%  loss 3.97e-05  maxQ +0.0136  changes   290  8.5 min | val return -9.42% (best +32.35%)
episode 731/1013  eps 0.010  train return  +33.67%  loss 4.00e-05  maxQ +0.0134  changes   331  8.5 min
episode 732/1013  eps 0.010  train return  +33.83%  loss 3.62e-05  maxQ +0.0128  changes   321  8.5 min
episode 733/1013  eps 0.010  train return  +10.30%  loss 3.53e-05  maxQ +0.0125  changes   291  8.5 min
episode 734/1013  eps 0.010  train return  +67.66%  loss 3.64e-05  maxQ +0.0133  changes   366  8.5 min
episode 735/1013  eps 0.010  train return  +58.81%  loss 3.66e-05  maxQ +0.0134  changes   317  8.5 min
episode 736/1013  eps 0.010  train return  +49.87%  loss 3.34e-05  maxQ +0.0134  changes   341  8.5 min
episode 737/1013  eps 0.010  train return +242.96%  loss 3.80e-05  maxQ +0.0131  changes   394  8.6 min
episode 738/1013  eps 0.010  train return  +60.72%  loss 3.89e-05  maxQ +0.0136  changes   376  8.6 min
episode 739/1013  eps 0.010  train return  +67.72%  loss 4.10e-05  maxQ +0.0139  changes   401  8.6 min
episode 740/1013  eps 0.010  train return  +16.68%  loss 3.84e-05  maxQ +0.0141  changes   301  8.6 min | val return -4.60% (best +32.35%)
episode 741/1013  eps 0.010  train return  +27.77%  loss 4.10e-05  maxQ +0.0148  changes   331  8.6 min
episode 742/1013  eps 0.010  train return  +49.05%  loss 3.57e-05  maxQ +0.0146  changes   364  8.6 min
episode 743/1013  eps 0.010  train return +187.57%  loss 3.21e-05  maxQ +0.0132  changes   420  8.6 min
episode 744/1013  eps 0.010  train return  +19.71%  loss 3.12e-05  maxQ +0.0126  changes   268  8.6 min
episode 745/1013  eps 0.010  train return +346.79%  loss 3.47e-05  maxQ +0.0127  changes   446  8.6 min
episode 746/1013  eps 0.010  train return  +27.48%  loss 3.75e-05  maxQ +0.0130  changes   324  8.7 min
episode 747/1013  eps 0.010  train return +250.59%  loss 3.47e-05  maxQ +0.0125  changes   420  8.7 min
episode 748/1013  eps 0.010  train return +723.17%  loss 3.60e-05  maxQ +0.0128  changes   398  8.7 min
episode 749/1013  eps 0.010  train return  +76.59%  loss 3.83e-05  maxQ +0.0129  changes   385  8.7 min
episode 750/1013  eps 0.010  train return   +2.21%  loss 3.40e-05  maxQ +0.0132  changes   348  8.7 min | val return -15.05% (best +32.35%)
episode 751/1013  eps 0.010  train return  +24.72%  loss 3.33e-05  maxQ +0.0134  changes   300  8.7 min
episode 752/1013  eps 0.010  train return +1219.83%  loss 3.46e-05  maxQ +0.0136  changes   412  8.7 min
episode 753/1013  eps 0.010  train return +195.40%  loss 3.64e-05  maxQ +0.0130  changes   406  8.7 min
episode 754/1013  eps 0.010  train return +375.54%  loss 3.20e-05  maxQ +0.0140  changes   413  8.8 min
episode 755/1013  eps 0.010  train return  +68.37%  loss 3.37e-05  maxQ +0.0132  changes   378  8.8 min
episode 756/1013  eps 0.010  train return +148.10%  loss 3.53e-05  maxQ +0.0138  changes   341  8.8 min
episode 757/1013  eps 0.010  train return +476.31%  loss 3.41e-05  maxQ +0.0137  changes   423  8.8 min
episode 758/1013  eps 0.010  train return  +87.41%  loss 3.54e-05  maxQ +0.0140  changes   442  8.8 min
episode 759/1013  eps 0.010  train return +101.93%  loss 3.61e-05  maxQ +0.0142  changes   389  8.8 min
episode 760/1013  eps 0.010  train return +112.49%  loss 3.70e-05  maxQ +0.0139  changes   421  8.8 min | val return -10.26% (best +32.35%)
episode 761/1013  eps 0.010  train return  +11.61%  loss 3.57e-05  maxQ +0.0142  changes   293  8.8 min
episode 762/1013  eps 0.010  train return  +55.25%  loss 3.67e-05  maxQ +0.0141  changes   374  8.8 min
episode 763/1013  eps 0.010  train return  +37.58%  loss 3.87e-05  maxQ +0.0140  changes   298  8.9 min
episode 764/1013  eps 0.010  train return  +17.45%  loss 3.72e-05  maxQ +0.0149  changes   339  8.9 min
episode 765/1013  eps 0.010  train return  +66.94%  loss 3.53e-05  maxQ +0.0142  changes   353  8.9 min
episode 766/1013  eps 0.010  train return +207.67%  loss 3.67e-05  maxQ +0.0138  changes   414  8.9 min
episode 767/1013  eps 0.010  train return +521.46%  loss 3.35e-05  maxQ +0.0141  changes   430  8.9 min
episode 768/1013  eps 0.010  train return  +70.51%  loss 3.52e-05  maxQ +0.0140  changes   398  8.9 min
episode 769/1013  eps 0.010  train return +148.39%  loss 3.37e-05  maxQ +0.0143  changes   399  8.9 min
episode 770/1013  eps 0.010  train return  +39.11%  loss 3.58e-05  maxQ +0.0141  changes   387  8.9 min | val return +8.36% (best +32.35%)
episode 771/1013  eps 0.010  train return +170.19%  loss 3.49e-05  maxQ +0.0137  changes   409  9.0 min
episode 772/1013  eps 0.010  train return  +88.11%  loss 3.51e-05  maxQ +0.0139  changes   391  9.0 min
episode 773/1013  eps 0.010  train return  +94.15%  loss 3.53e-05  maxQ +0.0137  changes   345  9.0 min
episode 774/1013  eps 0.010  train return +124.41%  loss 3.77e-05  maxQ +0.0137  changes   390  9.0 min
episode 775/1013  eps 0.010  train return  +88.53%  loss 3.45e-05  maxQ +0.0135  changes   382  9.0 min
episode 776/1013  eps 0.010  train return +195.60%  loss 3.32e-05  maxQ +0.0131  changes   401  9.0 min
episode 777/1013  eps 0.010  train return +226.15%  loss 3.30e-05  maxQ +0.0130  changes   444  9.0 min
episode 778/1013  eps 0.010  train return  +25.89%  loss 3.49e-05  maxQ +0.0131  changes   345  9.0 min
episode 779/1013  eps 0.010  train return  +24.02%  loss 3.40e-05  maxQ +0.0130  changes   342  9.0 min
episode 780/1013  eps 0.010  train return  +33.61%  loss 3.27e-05  maxQ +0.0122  changes   293  9.0 min | val return -2.26% (best +32.35%)
episode 781/1013  eps 0.010  train return +268.27%  loss 3.42e-05  maxQ +0.0130  changes   408  9.1 min
episode 782/1013  eps 0.010  train return +143.97%  loss 3.62e-05  maxQ +0.0135  changes   387  9.1 min
episode 783/1013  eps 0.010  train return  +59.60%  loss 3.69e-05  maxQ +0.0134  changes   421  9.1 min
episode 784/1013  eps 0.010  train return  +46.28%  loss 3.63e-05  maxQ +0.0135  changes   376  9.1 min
episode 785/1013  eps 0.010  train return   +4.73%  loss 3.62e-05  maxQ +0.0136  changes   290  9.1 min
episode 786/1013  eps 0.010  train return  +27.14%  loss 3.97e-05  maxQ +0.0141  changes   366  9.1 min
episode 787/1013  eps 0.010  train return  +41.13%  loss 3.87e-05  maxQ +0.0142  changes   326  9.1 min
episode 788/1013  eps 0.010  train return +111.60%  loss 3.69e-05  maxQ +0.0141  changes   378  9.1 min
episode 789/1013  eps 0.010  train return  +68.94%  loss 3.50e-05  maxQ +0.0143  changes   292  9.2 min
episode 790/1013  eps 0.010  train return +138.07%  loss 3.73e-05  maxQ +0.0138  changes   409  9.2 min | val return +7.74% (best +32.35%)
episode 791/1013  eps 0.010  train return +363.77%  loss 3.64e-05  maxQ +0.0138  changes   418  9.2 min
episode 792/1013  eps 0.010  train return  +10.07%  loss 3.66e-05  maxQ +0.0142  changes   262  9.2 min
episode 793/1013  eps 0.010  train return  +58.17%  loss 3.84e-05  maxQ +0.0148  changes   352  9.2 min
episode 794/1013  eps 0.010  train return  +74.01%  loss 3.63e-05  maxQ +0.0147  changes   317  9.2 min
episode 795/1013  eps 0.010  train return +478.29%  loss 3.73e-05  maxQ +0.0135  changes   421  9.2 min
episode 796/1013  eps 0.010  train return  +29.49%  loss 3.75e-05  maxQ +0.0144  changes   315  9.2 min
episode 797/1013  eps 0.010  train return +127.12%  loss 3.86e-05  maxQ +0.0153  changes   382  9.2 min
episode 798/1013  eps 0.010  train return +244.68%  loss 3.85e-05  maxQ +0.0149  changes   400  9.3 min
episode 799/1013  eps 0.010  train return  +49.34%  loss 3.75e-05  maxQ +0.0141  changes   344  9.3 min
episode 800/1013  eps 0.010  train return  +26.98%  loss 3.85e-05  maxQ +0.0144  changes   361  9.3 min | val return +2.22% (best +32.35%)
episode 801/1013  eps 0.010  train return +103.71%  loss 3.64e-05  maxQ +0.0138  changes   314  9.3 min
episode 802/1013  eps 0.010  train return  +66.81%  loss 3.46e-05  maxQ +0.0135  changes   335  9.3 min
episode 803/1013  eps 0.010  train return  +99.83%  loss 3.84e-05  maxQ +0.0139  changes   367  9.3 min
episode 804/1013  eps 0.010  train return +405.84%  loss 3.95e-05  maxQ +0.0142  changes   422  9.3 min
episode 805/1013  eps 0.010  train return  +78.00%  loss 3.62e-05  maxQ +0.0136  changes   331  9.3 min
episode 806/1013  eps 0.010  train return  +59.17%  loss 3.73e-05  maxQ +0.0137  changes   352  9.4 min
episode 807/1013  eps 0.010  train return +125.95%  loss 3.78e-05  maxQ +0.0138  changes   385  9.4 min
episode 808/1013  eps 0.010  train return  +72.44%  loss 3.67e-05  maxQ +0.0141  changes   401  9.4 min
episode 809/1013  eps 0.010  train return +125.26%  loss 3.66e-05  maxQ +0.0137  changes   390  9.4 min
episode 810/1013  eps 0.010  train return  +89.94%  loss 3.86e-05  maxQ +0.0143  changes   351  9.4 min | val return +7.12% (best +32.35%)
episode 811/1013  eps 0.010  train return +107.35%  loss 3.68e-05  maxQ +0.0138  changes   395  9.4 min
episode 812/1013  eps 0.010  train return   +8.98%  loss 3.61e-05  maxQ +0.0139  changes   319  9.4 min
episode 813/1013  eps 0.010  train return  +24.26%  loss 3.69e-05  maxQ +0.0142  changes   284  9.4 min
episode 814/1013  eps 0.010  train return +169.90%  loss 3.82e-05  maxQ +0.0142  changes   384  9.4 min
episode 815/1013  eps 0.010  train return +190.85%  loss 3.86e-05  maxQ +0.0150  changes   429  9.5 min
episode 816/1013  eps 0.010  train return +395.12%  loss 3.73e-05  maxQ +0.0144  changes   430  9.5 min
episode 817/1013  eps 0.010  train return +108.40%  loss 3.68e-05  maxQ +0.0141  changes   317  9.5 min
episode 818/1013  eps 0.010  train return +209.79%  loss 3.74e-05  maxQ +0.0138  changes   423  9.5 min
episode 819/1013  eps 0.010  train return +145.93%  loss 3.76e-05  maxQ +0.0141  changes   321  9.5 min
episode 820/1013  eps 0.010  train return +231.07%  loss 3.72e-05  maxQ +0.0138  changes   404  9.5 min | val return -7.88% (best +32.35%)
episode 821/1013  eps 0.010  train return  +97.15%  loss 3.98e-05  maxQ +0.0146  changes   282  9.5 min
episode 822/1013  eps 0.010  train return  +40.42%  loss 3.76e-05  maxQ +0.0143  changes   348  9.5 min
episode 823/1013  eps 0.010  train return  +28.23%  loss 3.97e-05  maxQ +0.0142  changes   316  9.5 min
episode 824/1013  eps 0.010  train return  +98.65%  loss 3.76e-05  maxQ +0.0137  changes   247  9.6 min
episode 825/1013  eps 0.010  train return  +12.69%  loss 3.66e-05  maxQ +0.0136  changes   276  9.6 min
episode 826/1013  eps 0.010  train return  +50.10%  loss 3.53e-05  maxQ +0.0134  changes   339  9.6 min
episode 827/1013  eps 0.010  train return +230.13%  loss 3.66e-05  maxQ +0.0132  changes   399  9.6 min
episode 828/1013  eps 0.010  train return  +89.71%  loss 3.60e-05  maxQ +0.0139  changes   365  9.6 min
episode 829/1013  eps 0.010  train return  +86.82%  loss 3.69e-05  maxQ +0.0135  changes   381  9.6 min
episode 830/1013  eps 0.010  train return  +98.93%  loss 3.35e-05  maxQ +0.0135  changes   353  9.6 min | val return -15.55% (best +32.35%)
episode 831/1013  eps 0.010  train return  +67.69%  loss 3.61e-05  maxQ +0.0138  changes   342  9.7 min
episode 832/1013  eps 0.010  train return +889.04%  loss 3.82e-05  maxQ +0.0136  changes   431  9.7 min
episode 833/1013  eps 0.010  train return +153.60%  loss 3.91e-05  maxQ +0.0145  changes   391  9.7 min
episode 834/1013  eps 0.010  train return +100.96%  loss 3.82e-05  maxQ +0.0144  changes   358  9.7 min
episode 835/1013  eps 0.010  train return  +56.13%  loss 3.93e-05  maxQ +0.0144  changes   369  9.7 min
episode 836/1013  eps 0.010  train return +112.89%  loss 4.05e-05  maxQ +0.0147  changes   310  9.7 min
episode 837/1013  eps 0.010  train return +151.10%  loss 4.23e-05  maxQ +0.0144  changes   408  9.7 min
episode 838/1013  eps 0.010  train return  +17.63%  loss 3.96e-05  maxQ +0.0143  changes   326  9.7 min
episode 839/1013  eps 0.010  train return  +17.92%  loss 3.73e-05  maxQ +0.0145  changes   284  9.7 min
episode 840/1013  eps 0.010  train return +177.68%  loss 3.77e-05  maxQ +0.0144  changes   365  9.7 min | val return -6.10% (best +32.35%)
episode 841/1013  eps 0.010  train return +100.38%  loss 3.74e-05  maxQ +0.0139  changes   345  9.8 min
episode 842/1013  eps 0.010  train return +240.27%  loss 3.88e-05  maxQ +0.0143  changes   351  9.8 min
episode 843/1013  eps 0.010  train return  +40.66%  loss 3.74e-05  maxQ +0.0138  changes   289  9.8 min
episode 844/1013  eps 0.010  train return  +60.09%  loss 3.53e-05  maxQ +0.0144  changes   345  9.8 min
episode 845/1013  eps 0.010  train return   +0.16%  loss 3.55e-05  maxQ +0.0139  changes   240  9.8 min
episode 846/1013  eps 0.010  train return  +43.32%  loss 3.71e-05  maxQ +0.0136  changes   338  9.8 min
episode 847/1013  eps 0.010  train return +944.63%  loss 3.57e-05  maxQ +0.0133  changes   396  9.8 min
episode 848/1013  eps 0.010  train return  +54.98%  loss 3.70e-05  maxQ +0.0144  changes   346  9.8 min
episode 849/1013  eps 0.010  train return +208.36%  loss 3.78e-05  maxQ +0.0139  changes   426  9.9 min
episode 850/1013  eps 0.010  train return +900.03%  loss 3.96e-05  maxQ +0.0143  changes   398  9.9 min | val return +7.54% (best +32.35%)
episode 851/1013  eps 0.010  train return  +50.34%  loss 4.15e-05  maxQ +0.0143  changes   353  9.9 min
episode 852/1013  eps 0.010  train return  +96.15%  loss 4.31e-05  maxQ +0.0144  changes   393  9.9 min
episode 853/1013  eps 0.010  train return +274.06%  loss 3.94e-05  maxQ +0.0144  changes   452  9.9 min
episode 854/1013  eps 0.010  train return +848.28%  loss 3.79e-05  maxQ +0.0144  changes   392  9.9 min
episode 855/1013  eps 0.010  train return  +52.11%  loss 3.82e-05  maxQ +0.0146  changes   275  9.9 min
episode 856/1013  eps 0.010  train return +112.06%  loss 3.94e-05  maxQ +0.0141  changes   403  9.9 min
episode 857/1013  eps 0.010  train return  +84.34%  loss 3.92e-05  maxQ +0.0150  changes   326  9.9 min
episode 858/1013  eps 0.010  train return  +87.28%  loss 4.06e-05  maxQ +0.0137  changes   369  10.0 min
episode 859/1013  eps 0.010  train return  +64.49%  loss 3.94e-05  maxQ +0.0144  changes   387  10.0 min
episode 860/1013  eps 0.010  train return  +76.69%  loss 3.83e-05  maxQ +0.0135  changes   348  10.0 min | val return +2.91% (best +32.35%)
episode 861/1013  eps 0.010  train return +176.32%  loss 4.00e-05  maxQ +0.0139  changes   381  10.0 min
episode 862/1013  eps 0.010  train return  +64.47%  loss 4.10e-05  maxQ +0.0150  changes   339  10.0 min
episode 863/1013  eps 0.010  train return  +29.43%  loss 3.81e-05  maxQ +0.0137  changes   380  10.0 min
episode 864/1013  eps 0.010  train return  +81.60%  loss 4.10e-05  maxQ +0.0143  changes   370  10.0 min
episode 865/1013  eps 0.010  train return  +22.36%  loss 3.95e-05  maxQ +0.0141  changes   340  10.0 min
episode 866/1013  eps 0.010  train return  +70.46%  loss 3.76e-05  maxQ +0.0142  changes   357  10.1 min
episode 867/1013  eps 0.010  train return +109.59%  loss 4.49e-05  maxQ +0.0149  changes   406  10.1 min
episode 868/1013  eps 0.010  train return +130.76%  loss 4.07e-05  maxQ +0.0150  changes   417  10.1 min
episode 869/1013  eps 0.010  train return  +70.45%  loss 4.21e-05  maxQ +0.0146  changes   397  10.1 min
episode 870/1013  eps 0.010  train return  +61.49%  loss 4.14e-05  maxQ +0.0148  changes   379  10.1 min | val return -4.58% (best +32.35%)
episode 871/1013  eps 0.010  train return  +14.54%  loss 4.10e-05  maxQ +0.0144  changes   366  10.1 min
episode 872/1013  eps 0.010  train return +129.70%  loss 3.98e-05  maxQ +0.0148  changes   386  10.1 min
episode 873/1013  eps 0.010  train return  +55.66%  loss 3.82e-05  maxQ +0.0140  changes   337  10.1 min
episode 874/1013  eps 0.010  train return  +63.60%  loss 3.71e-05  maxQ +0.0140  changes   313  10.1 min
episode 875/1013  eps 0.010  train return +121.87%  loss 3.91e-05  maxQ +0.0145  changes   397  10.2 min
episode 876/1013  eps 0.010  train return  +25.18%  loss 3.75e-05  maxQ +0.0146  changes   294  10.2 min
episode 877/1013  eps 0.010  train return  +19.32%  loss 3.80e-05  maxQ +0.0146  changes   273  10.2 min
episode 878/1013  eps 0.010  train return +278.09%  loss 3.59e-05  maxQ +0.0141  changes   435  10.2 min
episode 879/1013  eps 0.010  train return  +27.57%  loss 3.90e-05  maxQ +0.0145  changes   318  10.2 min
episode 880/1013  eps 0.010  train return +116.10%  loss 3.98e-05  maxQ +0.0143  changes   378  10.2 min | val return -9.36% (best +32.35%)
episode 881/1013  eps 0.010  train return  +75.08%  loss 3.86e-05  maxQ +0.0141  changes   441  10.2 min
episode 882/1013  eps 0.010  train return  +60.91%  loss 3.97e-05  maxQ +0.0142  changes   343  10.2 min
episode 883/1013  eps 0.010  train return  +88.45%  loss 3.66e-05  maxQ +0.0142  changes   437  10.3 min
episode 884/1013  eps 0.010  train return  +87.36%  loss 3.88e-05  maxQ +0.0143  changes   374  10.3 min
episode 885/1013  eps 0.010  train return +157.53%  loss 3.93e-05  maxQ +0.0140  changes   429  10.3 min
episode 886/1013  eps 0.010  train return   -1.43%  loss 3.75e-05  maxQ +0.0134  changes   251  10.3 min
episode 887/1013  eps 0.010  train return  +20.71%  loss 3.94e-05  maxQ +0.0134  changes   314  10.3 min
episode 888/1013  eps 0.010  train return  +75.99%  loss 3.95e-05  maxQ +0.0126  changes   341  10.3 min
episode 889/1013  eps 0.010  train return +158.51%  loss 3.84e-05  maxQ +0.0137  changes   409  10.3 min
episode 890/1013  eps 0.010  train return +164.09%  loss 3.90e-05  maxQ +0.0135  changes   349  10.3 min | val return -9.25% (best +32.35%)
episode 891/1013  eps 0.010  train return +395.06%  loss 3.61e-05  maxQ +0.0137  changes   434  10.3 min
episode 892/1013  eps 0.010  train return +184.48%  loss 4.03e-05  maxQ +0.0138  changes   387  10.4 min
episode 893/1013  eps 0.010  train return +231.61%  loss 3.85e-05  maxQ +0.0139  changes   393  10.4 min
episode 894/1013  eps 0.010  train return  +37.23%  loss 4.06e-05  maxQ +0.0141  changes   405  10.4 min
episode 895/1013  eps 0.010  train return  +96.13%  loss 4.23e-05  maxQ +0.0143  changes   377  10.4 min
episode 896/1013  eps 0.010  train return  +14.54%  loss 4.09e-05  maxQ +0.0140  changes   328  10.4 min
episode 897/1013  eps 0.010  train return  +30.08%  loss 4.26e-05  maxQ +0.0145  changes   352  10.4 min
episode 898/1013  eps 0.010  train return  +22.72%  loss 4.50e-05  maxQ +0.0144  changes   356  10.4 min
episode 899/1013  eps 0.010  train return +164.62%  loss 4.25e-05  maxQ +0.0143  changes   377  10.4 min
episode 900/1013  eps 0.010  train return  +77.92%  loss 4.28e-05  maxQ +0.0145  changes   368  10.4 min | val return -9.13% (best +32.35%)
episode 901/1013  eps 0.010  train return  +18.33%  loss 4.27e-05  maxQ +0.0139  changes   336  10.5 min
episode 902/1013  eps 0.010  train return  +73.80%  loss 3.81e-05  maxQ +0.0134  changes   370  10.5 min
episode 903/1013  eps 0.010  train return +199.19%  loss 3.64e-05  maxQ +0.0134  changes   416  10.5 min
episode 904/1013  eps 0.010  train return +218.84%  loss 3.89e-05  maxQ +0.0144  changes   434  10.5 min
episode 905/1013  eps 0.010  train return  +73.87%  loss 3.77e-05  maxQ +0.0135  changes   390  10.5 min
episode 906/1013  eps 0.010  train return +239.01%  loss 3.69e-05  maxQ +0.0139  changes   417  10.5 min
episode 907/1013  eps 0.010  train return +104.19%  loss 3.59e-05  maxQ +0.0137  changes   343  10.5 min
episode 908/1013  eps 0.010  train return  +67.22%  loss 3.85e-05  maxQ +0.0144  changes   375  10.5 min
episode 909/1013  eps 0.010  train return +114.74%  loss 3.87e-05  maxQ +0.0139  changes   406  10.5 min
episode 910/1013  eps 0.010  train return +246.29%  loss 3.64e-05  maxQ +0.0134  changes   448  10.6 min | val return -28.73% (best +32.35%)
episode 911/1013  eps 0.010  train return +131.17%  loss 3.76e-05  maxQ +0.0138  changes   427  10.6 min
episode 912/1013  eps 0.010  train return +123.04%  loss 3.81e-05  maxQ +0.0138  changes   394  10.6 min
episode 913/1013  eps 0.010  train return +103.84%  loss 3.73e-05  maxQ +0.0143  changes   327  10.6 min
episode 914/1013  eps 0.010  train return   -0.16%  loss 3.80e-05  maxQ +0.0140  changes   255  10.6 min
episode 915/1013  eps 0.010  train return +204.85%  loss 3.70e-05  maxQ +0.0148  changes   382  10.6 min
episode 916/1013  eps 0.010  train return  +42.14%  loss 3.74e-05  maxQ +0.0143  changes   318  10.6 min
episode 917/1013  eps 0.010  train return +453.05%  loss 3.93e-05  maxQ +0.0140  changes   439  10.6 min
episode 918/1013  eps 0.010  train return   +4.70%  loss 4.03e-05  maxQ +0.0138  changes   315  10.7 min
episode 919/1013  eps 0.010  train return  +65.25%  loss 3.99e-05  maxQ +0.0136  changes   380  10.7 min
episode 920/1013  eps 0.010  train return +200.07%  loss 4.03e-05  maxQ +0.0137  changes   393  10.7 min | val return +1.12% (best +32.35%)
episode 921/1013  eps 0.010  train return  +52.72%  loss 3.88e-05  maxQ +0.0138  changes   388  10.7 min
episode 922/1013  eps 0.010  train return +111.69%  loss 3.86e-05  maxQ +0.0134  changes   369  10.7 min
episode 923/1013  eps 0.010  train return   +8.80%  loss 3.65e-05  maxQ +0.0141  changes   304  10.7 min
episode 924/1013  eps 0.010  train return +125.59%  loss 3.84e-05  maxQ +0.0136  changes   372  10.7 min
episode 925/1013  eps 0.010  train return  +17.48%  loss 3.38e-05  maxQ +0.0130  changes   321  10.7 min
episode 926/1013  eps 0.010  train return +363.71%  loss 3.52e-05  maxQ +0.0133  changes   378  10.7 min
episode 927/1013  eps 0.010  train return +236.64%  loss 3.64e-05  maxQ +0.0132  changes   398  10.8 min
episode 928/1013  eps 0.010  train return +112.05%  loss 4.11e-05  maxQ +0.0137  changes   357  10.8 min
episode 929/1013  eps 0.010  train return +226.81%  loss 4.17e-05  maxQ +0.0135  changes   443  10.8 min
episode 930/1013  eps 0.010  train return  +29.25%  loss 3.89e-05  maxQ +0.0138  changes   301  10.8 min | val return -11.08% (best +32.35%)
episode 931/1013  eps 0.010  train return  +47.97%  loss 3.97e-05  maxQ +0.0138  changes   348  10.8 min
episode 932/1013  eps 0.010  train return +128.61%  loss 3.81e-05  maxQ +0.0142  changes   426  10.8 min
episode 933/1013  eps 0.010  train return +258.20%  loss 3.71e-05  maxQ +0.0137  changes   393  10.8 min
episode 934/1013  eps 0.010  train return +154.44%  loss 3.83e-05  maxQ +0.0137  changes   432  10.8 min
episode 935/1013  eps 0.010  train return +130.35%  loss 4.13e-05  maxQ +0.0139  changes   412  10.9 min
episode 936/1013  eps 0.010  train return  +39.32%  loss 3.93e-05  maxQ +0.0136  changes   356  10.9 min
episode 937/1013  eps 0.010  train return  +98.60%  loss 3.99e-05  maxQ +0.0134  changes   348  10.9 min
episode 938/1013  eps 0.010  train return  +70.70%  loss 4.13e-05  maxQ +0.0140  changes   309  10.9 min
episode 939/1013  eps 0.010  train return  +20.11%  loss 3.93e-05  maxQ +0.0134  changes   337  10.9 min
episode 940/1013  eps 0.010  train return +350.22%  loss 3.96e-05  maxQ +0.0139  changes   426  10.9 min | val return -1.71% (best +32.35%)
episode 941/1013  eps 0.010  train return  +80.50%  loss 3.63e-05  maxQ +0.0139  changes   348  10.9 min
episode 942/1013  eps 0.010  train return +155.52%  loss 3.91e-05  maxQ +0.0144  changes   404  10.9 min
episode 943/1013  eps 0.010  train return  +44.94%  loss 4.03e-05  maxQ +0.0142  changes   361  11.0 min
episode 944/1013  eps 0.010  train return +127.04%  loss 4.00e-05  maxQ +0.0147  changes   398  11.0 min
episode 945/1013  eps 0.010  train return  +40.36%  loss 4.07e-05  maxQ +0.0143  changes   373  11.0 min
episode 946/1013  eps 0.010  train return  +18.00%  loss 3.90e-05  maxQ +0.0141  changes   250  11.0 min
episode 947/1013  eps 0.010  train return +115.58%  loss 3.75e-05  maxQ +0.0139  changes   392  11.0 min
episode 948/1013  eps 0.010  train return +126.76%  loss 3.70e-05  maxQ +0.0138  changes   404  11.0 min
episode 949/1013  eps 0.010  train return  +31.67%  loss 3.78e-05  maxQ +0.0140  changes   294  11.0 min
episode 950/1013  eps 0.010  train return  +99.68%  loss 3.84e-05  maxQ +0.0139  changes   358  11.0 min | val return -10.55% (best +32.35%)
episode 951/1013  eps 0.010  train return +140.80%  loss 3.96e-05  maxQ +0.0142  changes   393  11.1 min
episode 952/1013  eps 0.010  train return +162.52%  loss 4.04e-05  maxQ +0.0139  changes   438  11.1 min
episode 953/1013  eps 0.010  train return +109.56%  loss 4.13e-05  maxQ +0.0134  changes   387  11.1 min
episode 954/1013  eps 0.010  train return  +12.11%  loss 3.93e-05  maxQ +0.0133  changes   254  11.1 min
episode 955/1013  eps 0.010  train return +532.21%  loss 3.92e-05  maxQ +0.0141  changes   419  11.1 min
episode 956/1013  eps 0.010  train return +231.12%  loss 4.07e-05  maxQ +0.0144  changes   401  11.1 min
episode 957/1013  eps 0.010  train return  +43.92%  loss 3.88e-05  maxQ +0.0145  changes   340  11.1 min
episode 958/1013  eps 0.010  train return  +22.75%  loss 3.89e-05  maxQ +0.0147  changes   284  11.1 min
episode 959/1013  eps 0.010  train return  +25.86%  loss 3.70e-05  maxQ +0.0145  changes   332  11.1 min
episode 960/1013  eps 0.010  train return +418.54%  loss 3.85e-05  maxQ +0.0144  changes   410  11.1 min | val return -5.87% (best +32.35%)
episode 961/1013  eps 0.010  train return  +85.05%  loss 3.86e-05  maxQ +0.0148  changes   428  11.2 min
episode 962/1013  eps 0.010  train return  +66.81%  loss 4.03e-05  maxQ +0.0145  changes   344  11.2 min
episode 963/1013  eps 0.010  train return +105.55%  loss 3.71e-05  maxQ +0.0142  changes   376  11.2 min
episode 964/1013  eps 0.010  train return  +59.49%  loss 3.99e-05  maxQ +0.0144  changes   335  11.2 min
episode 965/1013  eps 0.010  train return +326.88%  loss 3.86e-05  maxQ +0.0147  changes   375  11.2 min
episode 966/1013  eps 0.010  train return  +45.77%  loss 4.09e-05  maxQ +0.0145  changes   314  11.2 min
episode 967/1013  eps 0.010  train return  +46.25%  loss 3.66e-05  maxQ +0.0141  changes   329  11.2 min
episode 968/1013  eps 0.010  train return +174.50%  loss 3.99e-05  maxQ +0.0138  changes   357  11.2 min
episode 969/1013  eps 0.010  train return +182.50%  loss 4.09e-05  maxQ +0.0145  changes   362  11.3 min
episode 970/1013  eps 0.010  train return   +1.48%  loss 4.11e-05  maxQ +0.0148  changes   273  11.3 min | val return -2.83% (best +32.35%)
episode 971/1013  eps 0.010  train return +163.54%  loss 4.21e-05  maxQ +0.0151  changes   373  11.3 min
episode 972/1013  eps 0.010  train return +147.66%  loss 3.98e-05  maxQ +0.0154  changes   438  11.3 min
episode 973/1013  eps 0.010  train return +235.19%  loss 4.17e-05  maxQ +0.0149  changes   398  11.3 min
episode 974/1013  eps 0.010  train return  +69.42%  loss 4.42e-05  maxQ +0.0150  changes   371  11.3 min
episode 975/1013  eps 0.010  train return  +40.75%  loss 3.92e-05  maxQ +0.0147  changes   328  11.3 min
episode 976/1013  eps 0.010  train return  +98.73%  loss 3.90e-05  maxQ +0.0148  changes   384  11.3 min
episode 977/1013  eps 0.010  train return +196.92%  loss 3.86e-05  maxQ +0.0145  changes   421  11.3 min
episode 978/1013  eps 0.010  train return +232.70%  loss 3.92e-05  maxQ +0.0147  changes   429  11.3 min
episode 979/1013  eps 0.010  train return +186.97%  loss 4.01e-05  maxQ +0.0150  changes   394  11.4 min
episode 980/1013  eps 0.010  train return  +57.12%  loss 3.93e-05  maxQ +0.0140  changes   404  11.4 min | val return -14.01% (best +32.35%)
episode 981/1013  eps 0.010  train return  +22.87%  loss 3.56e-05  maxQ +0.0143  changes   329  11.4 min
episode 982/1013  eps 0.010  train return  +27.87%  loss 3.91e-05  maxQ +0.0143  changes   331  11.4 min
episode 983/1013  eps 0.010  train return  +27.33%  loss 3.82e-05  maxQ +0.0142  changes   313  11.4 min
episode 984/1013  eps 0.010  train return  +10.04%  loss 4.20e-05  maxQ +0.0145  changes   315  11.4 min
episode 985/1013  eps 0.010  train return  +31.07%  loss 3.94e-05  maxQ +0.0148  changes   302  11.4 min
episode 986/1013  eps 0.010  train return +141.96%  loss 4.01e-05  maxQ +0.0146  changes   392  11.4 min
episode 987/1013  eps 0.010  train return +105.62%  loss 3.87e-05  maxQ +0.0149  changes   327  11.4 min
episode 988/1013  eps 0.010  train return  +73.30%  loss 3.65e-05  maxQ +0.0154  changes   361  11.4 min
episode 989/1013  eps 0.010  train return   +8.17%  loss 3.82e-05  maxQ +0.0145  changes   377  11.5 min
episode 990/1013  eps 0.010  train return  +66.76%  loss 3.89e-05  maxQ +0.0146  changes   370  11.5 min | val return -14.19% (best +32.35%)
episode 991/1013  eps 0.010  train return  +56.03%  loss 4.05e-05  maxQ +0.0137  changes   357  11.5 min
episode 992/1013  eps 0.010  train return +485.23%  loss 3.84e-05  maxQ +0.0142  changes   429  11.5 min
episode 993/1013  eps 0.010  train return +117.47%  loss 3.90e-05  maxQ +0.0136  changes   363  11.5 min
episode 994/1013  eps 0.010  train return  +25.00%  loss 4.20e-05  maxQ +0.0145  changes   301  11.5 min
episode 995/1013  eps 0.010  train return  +82.49%  loss 3.96e-05  maxQ +0.0139  changes   347  11.5 min
episode 996/1013  eps 0.010  train return +131.80%  loss 4.02e-05  maxQ +0.0141  changes   359  11.5 min
episode 997/1013  eps 0.010  train return  +70.49%  loss 3.83e-05  maxQ +0.0143  changes   381  11.5 min
episode 998/1013  eps 0.010  train return +172.75%  loss 3.92e-05  maxQ +0.0148  changes   422  11.5 min
episode 999/1013  eps 0.010  train return  +57.14%  loss 3.83e-05  maxQ +0.0145  changes   314  11.6 min
episode 1000/1013  eps 0.010  train return  +28.49%  loss 3.85e-05  maxQ +0.0148  changes   349  11.6 min | val return -9.36% (best +32.35%)
episode 1001/1013  eps 0.010  train return +282.50%  loss 3.91e-05  maxQ +0.0139  changes   392  11.6 min
episode 1002/1013  eps 0.010  train return +185.37%  loss 4.15e-05  maxQ +0.0141  changes   413  11.6 min
episode 1003/1013  eps 0.010  train return  +66.88%  loss 4.13e-05  maxQ +0.0136  changes   328  11.6 min
episode 1004/1013  eps 0.010  train return  +30.82%  loss 3.79e-05  maxQ +0.0137  changes   316  11.6 min
episode 1005/1013  eps 0.010  train return  +48.65%  loss 3.77e-05  maxQ +0.0133  changes   332  11.6 min
episode 1006/1013  eps 0.010  train return +214.57%  loss 3.70e-05  maxQ +0.0139  changes   412  11.6 min
episode 1007/1013  eps 0.010  train return  +68.33%  loss 3.86e-05  maxQ +0.0139  changes   356  11.6 min
episode 1008/1013  eps 0.010  train return +257.45%  loss 3.49e-05  maxQ +0.0138  changes   440  11.6 min
episode 1009/1013  eps 0.010  train return +418.58%  loss 3.43e-05  maxQ +0.0136  changes   408  11.6 min
episode 1010/1013  eps 0.010  train return  +90.60%  loss 3.97e-05  maxQ +0.0144  changes   320  11.7 min | val return -2.54% (best +32.35%)
episode 1011/1013  eps 0.010  train return +496.30%  loss 4.01e-05  maxQ +0.0137  changes   425  11.7 min
episode 1012/1013  eps 0.010  train return  +88.62%  loss 3.93e-05  maxQ +0.0136  changes   345  11.7 min
episode 1013/1013  eps 0.010  train return  +24.11%  loss 3.85e-05  maxQ +0.0136  changes   294  11.7 min | val return -4.67% (best +32.35%)
model    env  portfolio_return  excess_return  n_changes
 last    val         -0.047452      -0.004834      647.9
 last val_w1         -0.024538       0.002377      344.9
 last val_w2         -0.027548      -0.012114      310.1
 best    val          0.323073       0.365691      807.3
 best val_w1          0.294244       0.321159      437.3
 best val_w2          0.041805       0.057239      382.8
